REGION,TECHNOLOGY,TIMESLICE,YEAR,VALUE
GLOBAL,PWRHYDINDEA01,S1D1,2021,0.2115
GLOBAL,PWRHYDINDEA01,S1D1,2022,0.2115
GLOBAL,PWRHYDINDEA01,S1D1,2023,0.2115
GLOBAL,PWRHYDINDEA01,S1D1,2024,0.2115
GLOBAL,PWRHYDINDEA01,S1D1,2025,0.2115
GLOBAL,PWRHYDINDEA01,S1D1,2026,0.2115
GLOBAL,PWRHYDINDEA01,S1D1,2027,0.2115
GLOBAL,PWRHYDINDEA01,S1D1,2028,0.2115
GLOBAL,PWRHYDINDEA01,S1D1,2029,0.2115
GLOBAL,PWRHYDINDEA01,S1D1,2030,0.2115
GLOBAL,PWRHYDINDEA01,S1D1,2031,0.2115
GLOBAL,PWRHYDINDEA01,S1D1,2032,0.2115
GLOBAL,PWRHYDINDEA01,S1D1,2033,0.2115
GLOBAL,PWRHYDINDEA01,S1D1,2034,0.2115
GLOBAL,PWRHYDINDEA01,S1D1,2035,0.2115
GLOBAL,PWRHYDINDEA01,S1D1,2036,0.2115
GLOBAL,PWRHYDINDEA01,S1D1,2037,0.2115
GLOBAL,PWRHYDINDEA01,S1D1,2038,0.2115
GLOBAL,PWRHYDINDEA01,S1D1,2039,0.2115
GLOBAL,PWRHYDINDEA01,S1D1,2040,0.2115
GLOBAL,PWRHYDINDEA01,S1D1,2041,0.2115
GLOBAL,PWRHYDINDEA01,S1D1,2042,0.2115
GLOBAL,PWRHYDINDEA01,S1D1,2043,0.2115
GLOBAL,PWRHYDINDEA01,S1D1,2044,0.2115
GLOBAL,PWRHYDINDEA01,S1D1,2045,0.2115
GLOBAL,PWRHYDINDEA01,S1D1,2046,0.2115
GLOBAL,PWRHYDINDEA01,S1D1,2047,0.2115
GLOBAL,PWRHYDINDEA01,S1D1,2048,0.2115
GLOBAL,PWRHYDINDEA01,S1D1,2049,0.2115
GLOBAL,PWRHYDINDEA01,S1D1,2050,0.2115
GLOBAL,PWRHYDINDNE01,S1D1,2021,0.3038
GLOBAL,PWRHYDINDNE01,S1D1,2022,0.3038
GLOBAL,PWRHYDINDNE01,S1D1,2023,0.3038
GLOBAL,PWRHYDINDNE01,S1D1,2024,0.3038
GLOBAL,PWRHYDINDNE01,S1D1,2025,0.3038
GLOBAL,PWRHYDINDNE01,S1D1,2026,0.3038
GLOBAL,PWRHYDINDNE01,S1D1,2027,0.3038
GLOBAL,PWRHYDINDNE01,S1D1,2028,0.3038
GLOBAL,PWRHYDINDNE01,S1D1,2029,0.3038
GLOBAL,PWRHYDINDNE01,S1D1,2030,0.3038
GLOBAL,PWRHYDINDNE01,S1D1,2031,0.3038
GLOBAL,PWRHYDINDNE01,S1D1,2032,0.3038
GLOBAL,PWRHYDINDNE01,S1D1,2033,0.3038
GLOBAL,PWRHYDINDNE01,S1D1,2034,0.3038
GLOBAL,PWRHYDINDNE01,S1D1,2035,0.3038
GLOBAL,PWRHYDINDNE01,S1D1,2036,0.3038
GLOBAL,PWRHYDINDNE01,S1D1,2037,0.3038
GLOBAL,PWRHYDINDNE01,S1D1,2038,0.3038
GLOBAL,PWRHYDINDNE01,S1D1,2039,0.3038
GLOBAL,PWRHYDINDNE01,S1D1,2040,0.3038
GLOBAL,PWRHYDINDNE01,S1D1,2041,0.3038
GLOBAL,PWRHYDINDNE01,S1D1,2042,0.3038
GLOBAL,PWRHYDINDNE01,S1D1,2043,0.3038
GLOBAL,PWRHYDINDNE01,S1D1,2044,0.3038
GLOBAL,PWRHYDINDNE01,S1D1,2045,0.3038
GLOBAL,PWRHYDINDNE01,S1D1,2046,0.3038
GLOBAL,PWRHYDINDNE01,S1D1,2047,0.3038
GLOBAL,PWRHYDINDNE01,S1D1,2048,0.3038
GLOBAL,PWRHYDINDNE01,S1D1,2049,0.3038
GLOBAL,PWRHYDINDNE01,S1D1,2050,0.3038
GLOBAL,PWRHYDINDNO01,S1D1,2021,0.3572
GLOBAL,PWRHYDINDNO01,S1D1,2022,0.3572
GLOBAL,PWRHYDINDNO01,S1D1,2023,0.3572
GLOBAL,PWRHYDINDNO01,S1D1,2024,0.3572
GLOBAL,PWRHYDINDNO01,S1D1,2025,0.3572
GLOBAL,PWRHYDINDNO01,S1D1,2026,0.3572
GLOBAL,PWRHYDINDNO01,S1D1,2027,0.3572
GLOBAL,PWRHYDINDNO01,S1D1,2028,0.3572
GLOBAL,PWRHYDINDNO01,S1D1,2029,0.3572
GLOBAL,PWRHYDINDNO01,S1D1,2030,0.3572
GLOBAL,PWRHYDINDNO01,S1D1,2031,0.3572
GLOBAL,PWRHYDINDNO01,S1D1,2032,0.3572
GLOBAL,PWRHYDINDNO01,S1D1,2033,0.3572
GLOBAL,PWRHYDINDNO01,S1D1,2034,0.3572
GLOBAL,PWRHYDINDNO01,S1D1,2035,0.3572
GLOBAL,PWRHYDINDNO01,S1D1,2036,0.3572
GLOBAL,PWRHYDINDNO01,S1D1,2037,0.3572
GLOBAL,PWRHYDINDNO01,S1D1,2038,0.3572
GLOBAL,PWRHYDINDNO01,S1D1,2039,0.3572
GLOBAL,PWRHYDINDNO01,S1D1,2040,0.3572
GLOBAL,PWRHYDINDNO01,S1D1,2041,0.3572
GLOBAL,PWRHYDINDNO01,S1D1,2042,0.3572
GLOBAL,PWRHYDINDNO01,S1D1,2043,0.3572
GLOBAL,PWRHYDINDNO01,S1D1,2044,0.3572
GLOBAL,PWRHYDINDNO01,S1D1,2045,0.3572
GLOBAL,PWRHYDINDNO01,S1D1,2046,0.3572
GLOBAL,PWRHYDINDNO01,S1D1,2047,0.3572
GLOBAL,PWRHYDINDNO01,S1D1,2048,0.3572
GLOBAL,PWRHYDINDNO01,S1D1,2049,0.3572
GLOBAL,PWRHYDINDNO01,S1D1,2050,0.3572
GLOBAL,PWRHYDINDSO01,S1D1,2021,0.2124
GLOBAL,PWRHYDINDSO01,S1D1,2022,0.2124
GLOBAL,PWRHYDINDSO01,S1D1,2023,0.2124
GLOBAL,PWRHYDINDSO01,S1D1,2024,0.2124
GLOBAL,PWRHYDINDSO01,S1D1,2025,0.2124
GLOBAL,PWRHYDINDSO01,S1D1,2026,0.2124
GLOBAL,PWRHYDINDSO01,S1D1,2027,0.2124
GLOBAL,PWRHYDINDSO01,S1D1,2028,0.2124
GLOBAL,PWRHYDINDSO01,S1D1,2029,0.2124
GLOBAL,PWRHYDINDSO01,S1D1,2030,0.2124
GLOBAL,PWRHYDINDSO01,S1D1,2031,0.2124
GLOBAL,PWRHYDINDSO01,S1D1,2032,0.2124
GLOBAL,PWRHYDINDSO01,S1D1,2033,0.2124
GLOBAL,PWRHYDINDSO01,S1D1,2034,0.2124
GLOBAL,PWRHYDINDSO01,S1D1,2035,0.2124
GLOBAL,PWRHYDINDSO01,S1D1,2036,0.2124
GLOBAL,PWRHYDINDSO01,S1D1,2037,0.2124
GLOBAL,PWRHYDINDSO01,S1D1,2038,0.2124
GLOBAL,PWRHYDINDSO01,S1D1,2039,0.2124
GLOBAL,PWRHYDINDSO01,S1D1,2040,0.2124
GLOBAL,PWRHYDINDSO01,S1D1,2041,0.2124
GLOBAL,PWRHYDINDSO01,S1D1,2042,0.2124
GLOBAL,PWRHYDINDSO01,S1D1,2043,0.2124
GLOBAL,PWRHYDINDSO01,S1D1,2044,0.2124
GLOBAL,PWRHYDINDSO01,S1D1,2045,0.2124
GLOBAL,PWRHYDINDSO01,S1D1,2046,0.2124
GLOBAL,PWRHYDINDSO01,S1D1,2047,0.2124
GLOBAL,PWRHYDINDSO01,S1D1,2048,0.2124
GLOBAL,PWRHYDINDSO01,S1D1,2049,0.2124
GLOBAL,PWRHYDINDSO01,S1D1,2050,0.2124
GLOBAL,PWRHYDINDWE01,S1D1,2021,0.1763
GLOBAL,PWRHYDINDWE01,S1D1,2022,0.1763
GLOBAL,PWRHYDINDWE01,S1D1,2023,0.1763
GLOBAL,PWRHYDINDWE01,S1D1,2024,0.1763
GLOBAL,PWRHYDINDWE01,S1D1,2025,0.1763
GLOBAL,PWRHYDINDWE01,S1D1,2026,0.1763
GLOBAL,PWRHYDINDWE01,S1D1,2027,0.1763
GLOBAL,PWRHYDINDWE01,S1D1,2028,0.1763
GLOBAL,PWRHYDINDWE01,S1D1,2029,0.1763
GLOBAL,PWRHYDINDWE01,S1D1,2030,0.1763
GLOBAL,PWRHYDINDWE01,S1D1,2031,0.1763
GLOBAL,PWRHYDINDWE01,S1D1,2032,0.1763
GLOBAL,PWRHYDINDWE01,S1D1,2033,0.1763
GLOBAL,PWRHYDINDWE01,S1D1,2034,0.1763
GLOBAL,PWRHYDINDWE01,S1D1,2035,0.1763
GLOBAL,PWRHYDINDWE01,S1D1,2036,0.1763
GLOBAL,PWRHYDINDWE01,S1D1,2037,0.1763
GLOBAL,PWRHYDINDWE01,S1D1,2038,0.1763
GLOBAL,PWRHYDINDWE01,S1D1,2039,0.1763
GLOBAL,PWRHYDINDWE01,S1D1,2040,0.1763
GLOBAL,PWRHYDINDWE01,S1D1,2041,0.1763
GLOBAL,PWRHYDINDWE01,S1D1,2042,0.1763
GLOBAL,PWRHYDINDWE01,S1D1,2043,0.1763
GLOBAL,PWRHYDINDWE01,S1D1,2044,0.1763
GLOBAL,PWRHYDINDWE01,S1D1,2045,0.1763
GLOBAL,PWRHYDINDWE01,S1D1,2046,0.1763
GLOBAL,PWRHYDINDWE01,S1D1,2047,0.1763
GLOBAL,PWRHYDINDWE01,S1D1,2048,0.1763
GLOBAL,PWRHYDINDWE01,S1D1,2049,0.1763
GLOBAL,PWRHYDINDWE01,S1D1,2050,0.1763
GLOBAL,PWRHYDINDEA01,S1D2,2021,0.2115
GLOBAL,PWRHYDINDEA01,S1D2,2022,0.2115
GLOBAL,PWRHYDINDEA01,S1D2,2023,0.2115
GLOBAL,PWRHYDINDEA01,S1D2,2024,0.2115
GLOBAL,PWRHYDINDEA01,S1D2,2025,0.2115
GLOBAL,PWRHYDINDEA01,S1D2,2026,0.2115
GLOBAL,PWRHYDINDEA01,S1D2,2027,0.2115
GLOBAL,PWRHYDINDEA01,S1D2,2028,0.2115
GLOBAL,PWRHYDINDEA01,S1D2,2029,0.2115
GLOBAL,PWRHYDINDEA01,S1D2,2030,0.2115
GLOBAL,PWRHYDINDEA01,S1D2,2031,0.2115
GLOBAL,PWRHYDINDEA01,S1D2,2032,0.2115
GLOBAL,PWRHYDINDEA01,S1D2,2033,0.2115
GLOBAL,PWRHYDINDEA01,S1D2,2034,0.2115
GLOBAL,PWRHYDINDEA01,S1D2,2035,0.2115
GLOBAL,PWRHYDINDEA01,S1D2,2036,0.2115
GLOBAL,PWRHYDINDEA01,S1D2,2037,0.2115
GLOBAL,PWRHYDINDEA01,S1D2,2038,0.2115
GLOBAL,PWRHYDINDEA01,S1D2,2039,0.2115
GLOBAL,PWRHYDINDEA01,S1D2,2040,0.2115
GLOBAL,PWRHYDINDEA01,S1D2,2041,0.2115
GLOBAL,PWRHYDINDEA01,S1D2,2042,0.2115
GLOBAL,PWRHYDINDEA01,S1D2,2043,0.2115
GLOBAL,PWRHYDINDEA01,S1D2,2044,0.2115
GLOBAL,PWRHYDINDEA01,S1D2,2045,0.2115
GLOBAL,PWRHYDINDEA01,S1D2,2046,0.2115
GLOBAL,PWRHYDINDEA01,S1D2,2047,0.2115
GLOBAL,PWRHYDINDEA01,S1D2,2048,0.2115
GLOBAL,PWRHYDINDEA01,S1D2,2049,0.2115
GLOBAL,PWRHYDINDEA01,S1D2,2050,0.2115
GLOBAL,PWRHYDINDNE01,S1D2,2021,0.3038
GLOBAL,PWRHYDINDNE01,S1D2,2022,0.3038
GLOBAL,PWRHYDINDNE01,S1D2,2023,0.3038
GLOBAL,PWRHYDINDNE01,S1D2,2024,0.3038
GLOBAL,PWRHYDINDNE01,S1D2,2025,0.3038
GLOBAL,PWRHYDINDNE01,S1D2,2026,0.3038
GLOBAL,PWRHYDINDNE01,S1D2,2027,0.3038
GLOBAL,PWRHYDINDNE01,S1D2,2028,0.3038
GLOBAL,PWRHYDINDNE01,S1D2,2029,0.3038
GLOBAL,PWRHYDINDNE01,S1D2,2030,0.3038
GLOBAL,PWRHYDINDNE01,S1D2,2031,0.3038
GLOBAL,PWRHYDINDNE01,S1D2,2032,0.3038
GLOBAL,PWRHYDINDNE01,S1D2,2033,0.3038
GLOBAL,PWRHYDINDNE01,S1D2,2034,0.3038
GLOBAL,PWRHYDINDNE01,S1D2,2035,0.3038
GLOBAL,PWRHYDINDNE01,S1D2,2036,0.3038
GLOBAL,PWRHYDINDNE01,S1D2,2037,0.3038
GLOBAL,PWRHYDINDNE01,S1D2,2038,0.3038
GLOBAL,PWRHYDINDNE01,S1D2,2039,0.3038
GLOBAL,PWRHYDINDNE01,S1D2,2040,0.3038
GLOBAL,PWRHYDINDNE01,S1D2,2041,0.3038
GLOBAL,PWRHYDINDNE01,S1D2,2042,0.3038
GLOBAL,PWRHYDINDNE01,S1D2,2043,0.3038
GLOBAL,PWRHYDINDNE01,S1D2,2044,0.3038
GLOBAL,PWRHYDINDNE01,S1D2,2045,0.3038
GLOBAL,PWRHYDINDNE01,S1D2,2046,0.3038
GLOBAL,PWRHYDINDNE01,S1D2,2047,0.3038
GLOBAL,PWRHYDINDNE01,S1D2,2048,0.3038
GLOBAL,PWRHYDINDNE01,S1D2,2049,0.3038
GLOBAL,PWRHYDINDNE01,S1D2,2050,0.3038
GLOBAL,PWRHYDINDNO01,S1D2,2021,0.3572
GLOBAL,PWRHYDINDNO01,S1D2,2022,0.3572
GLOBAL,PWRHYDINDNO01,S1D2,2023,0.3572
GLOBAL,PWRHYDINDNO01,S1D2,2024,0.3572
GLOBAL,PWRHYDINDNO01,S1D2,2025,0.3572
GLOBAL,PWRHYDINDNO01,S1D2,2026,0.3572
GLOBAL,PWRHYDINDNO01,S1D2,2027,0.3572
GLOBAL,PWRHYDINDNO01,S1D2,2028,0.3572
GLOBAL,PWRHYDINDNO01,S1D2,2029,0.3572
GLOBAL,PWRHYDINDNO01,S1D2,2030,0.3572
GLOBAL,PWRHYDINDNO01,S1D2,2031,0.3572
GLOBAL,PWRHYDINDNO01,S1D2,2032,0.3572
GLOBAL,PWRHYDINDNO01,S1D2,2033,0.3572
GLOBAL,PWRHYDINDNO01,S1D2,2034,0.3572
GLOBAL,PWRHYDINDNO01,S1D2,2035,0.3572
GLOBAL,PWRHYDINDNO01,S1D2,2036,0.3572
GLOBAL,PWRHYDINDNO01,S1D2,2037,0.3572
GLOBAL,PWRHYDINDNO01,S1D2,2038,0.3572
GLOBAL,PWRHYDINDNO01,S1D2,2039,0.3572
GLOBAL,PWRHYDINDNO01,S1D2,2040,0.3572
GLOBAL,PWRHYDINDNO01,S1D2,2041,0.3572
GLOBAL,PWRHYDINDNO01,S1D2,2042,0.3572
GLOBAL,PWRHYDINDNO01,S1D2,2043,0.3572
GLOBAL,PWRHYDINDNO01,S1D2,2044,0.3572
GLOBAL,PWRHYDINDNO01,S1D2,2045,0.3572
GLOBAL,PWRHYDINDNO01,S1D2,2046,0.3572
GLOBAL,PWRHYDINDNO01,S1D2,2047,0.3572
GLOBAL,PWRHYDINDNO01,S1D2,2048,0.3572
GLOBAL,PWRHYDINDNO01,S1D2,2049,0.3572
GLOBAL,PWRHYDINDNO01,S1D2,2050,0.3572
GLOBAL,PWRHYDINDSO01,S1D2,2021,0.2124
GLOBAL,PWRHYDINDSO01,S1D2,2022,0.2124
GLOBAL,PWRHYDINDSO01,S1D2,2023,0.2124
GLOBAL,PWRHYDINDSO01,S1D2,2024,0.2124
GLOBAL,PWRHYDINDSO01,S1D2,2025,0.2124
GLOBAL,PWRHYDINDSO01,S1D2,2026,0.2124
GLOBAL,PWRHYDINDSO01,S1D2,2027,0.2124
GLOBAL,PWRHYDINDSO01,S1D2,2028,0.2124
GLOBAL,PWRHYDINDSO01,S1D2,2029,0.2124
GLOBAL,PWRHYDINDSO01,S1D2,2030,0.2124
GLOBAL,PWRHYDINDSO01,S1D2,2031,0.2124
GLOBAL,PWRHYDINDSO01,S1D2,2032,0.2124
GLOBAL,PWRHYDINDSO01,S1D2,2033,0.2124
GLOBAL,PWRHYDINDSO01,S1D2,2034,0.2124
GLOBAL,PWRHYDINDSO01,S1D2,2035,0.2124
GLOBAL,PWRHYDINDSO01,S1D2,2036,0.2124
GLOBAL,PWRHYDINDSO01,S1D2,2037,0.2124
GLOBAL,PWRHYDINDSO01,S1D2,2038,0.2124
GLOBAL,PWRHYDINDSO01,S1D2,2039,0.2124
GLOBAL,PWRHYDINDSO01,S1D2,2040,0.2124
GLOBAL,PWRHYDINDSO01,S1D2,2041,0.2124
GLOBAL,PWRHYDINDSO01,S1D2,2042,0.2124
GLOBAL,PWRHYDINDSO01,S1D2,2043,0.2124
GLOBAL,PWRHYDINDSO01,S1D2,2044,0.2124
GLOBAL,PWRHYDINDSO01,S1D2,2045,0.2124
GLOBAL,PWRHYDINDSO01,S1D2,2046,0.2124
GLOBAL,PWRHYDINDSO01,S1D2,2047,0.2124
GLOBAL,PWRHYDINDSO01,S1D2,2048,0.2124
GLOBAL,PWRHYDINDSO01,S1D2,2049,0.2124
GLOBAL,PWRHYDINDSO01,S1D2,2050,0.2124
GLOBAL,PWRHYDINDWE01,S1D2,2021,0.1763
GLOBAL,PWRHYDINDWE01,S1D2,2022,0.1763
GLOBAL,PWRHYDINDWE01,S1D2,2023,0.1763
GLOBAL,PWRHYDINDWE01,S1D2,2024,0.1763
GLOBAL,PWRHYDINDWE01,S1D2,2025,0.1763
GLOBAL,PWRHYDINDWE01,S1D2,2026,0.1763
GLOBAL,PWRHYDINDWE01,S1D2,2027,0.1763
GLOBAL,PWRHYDINDWE01,S1D2,2028,0.1763
GLOBAL,PWRHYDINDWE01,S1D2,2029,0.1763
GLOBAL,PWRHYDINDWE01,S1D2,2030,0.1763
GLOBAL,PWRHYDINDWE01,S1D2,2031,0.1763
GLOBAL,PWRHYDINDWE01,S1D2,2032,0.1763
GLOBAL,PWRHYDINDWE01,S1D2,2033,0.1763
GLOBAL,PWRHYDINDWE01,S1D2,2034,0.1763
GLOBAL,PWRHYDINDWE01,S1D2,2035,0.1763
GLOBAL,PWRHYDINDWE01,S1D2,2036,0.1763
GLOBAL,PWRHYDINDWE01,S1D2,2037,0.1763
GLOBAL,PWRHYDINDWE01,S1D2,2038,0.1763
GLOBAL,PWRHYDINDWE01,S1D2,2039,0.1763
GLOBAL,PWRHYDINDWE01,S1D2,2040,0.1763
GLOBAL,PWRHYDINDWE01,S1D2,2041,0.1763
GLOBAL,PWRHYDINDWE01,S1D2,2042,0.1763
GLOBAL,PWRHYDINDWE01,S1D2,2043,0.1763
GLOBAL,PWRHYDINDWE01,S1D2,2044,0.1763
GLOBAL,PWRHYDINDWE01,S1D2,2045,0.1763
GLOBAL,PWRHYDINDWE01,S1D2,2046,0.1763
GLOBAL,PWRHYDINDWE01,S1D2,2047,0.1763
GLOBAL,PWRHYDINDWE01,S1D2,2048,0.1763
GLOBAL,PWRHYDINDWE01,S1D2,2049,0.1763
GLOBAL,PWRHYDINDWE01,S1D2,2050,0.1763
GLOBAL,PWRHYDINDEA01,S2D1,2021,0.4187
GLOBAL,PWRHYDINDEA01,S2D1,2022,0.4187
GLOBAL,PWRHYDINDEA01,S2D1,2023,0.4187
GLOBAL,PWRHYDINDEA01,S2D1,2024,0.4187
GLOBAL,PWRHYDINDEA01,S2D1,2025,0.4187
GLOBAL,PWRHYDINDEA01,S2D1,2026,0.4187
GLOBAL,PWRHYDINDEA01,S2D1,2027,0.4187
GLOBAL,PWRHYDINDEA01,S2D1,2028,0.4187
GLOBAL,PWRHYDINDEA01,S2D1,2029,0.4187
GLOBAL,PWRHYDINDEA01,S2D1,2030,0.4187
GLOBAL,PWRHYDINDEA01,S2D1,2031,0.4187
GLOBAL,PWRHYDINDEA01,S2D1,2032,0.4187
GLOBAL,PWRHYDINDEA01,S2D1,2033,0.4187
GLOBAL,PWRHYDINDEA01,S2D1,2034,0.4187
GLOBAL,PWRHYDINDEA01,S2D1,2035,0.4187
GLOBAL,PWRHYDINDEA01,S2D1,2036,0.4187
GLOBAL,PWRHYDINDEA01,S2D1,2037,0.4187
GLOBAL,PWRHYDINDEA01,S2D1,2038,0.4187
GLOBAL,PWRHYDINDEA01,S2D1,2039,0.4187
GLOBAL,PWRHYDINDEA01,S2D1,2040,0.4187
GLOBAL,PWRHYDINDEA01,S2D1,2041,0.4187
GLOBAL,PWRHYDINDEA01,S2D1,2042,0.4187
GLOBAL,PWRHYDINDEA01,S2D1,2043,0.4187
GLOBAL,PWRHYDINDEA01,S2D1,2044,0.4187
GLOBAL,PWRHYDINDEA01,S2D1,2045,0.4187
GLOBAL,PWRHYDINDEA01,S2D1,2046,0.4187
GLOBAL,PWRHYDINDEA01,S2D1,2047,0.4187
GLOBAL,PWRHYDINDEA01,S2D1,2048,0.4187
GLOBAL,PWRHYDINDEA01,S2D1,2049,0.4187
GLOBAL,PWRHYDINDEA01,S2D1,2050,0.4187
GLOBAL,PWRHYDINDNE01,S2D1,2021,0.4232
GLOBAL,PWRHYDINDNE01,S2D1,2022,0.4232
GLOBAL,PWRHYDINDNE01,S2D1,2023,0.4232
GLOBAL,PWRHYDINDNE01,S2D1,2024,0.4232
GLOBAL,PWRHYDINDNE01,S2D1,2025,0.4232
GLOBAL,PWRHYDINDNE01,S2D1,2026,0.4232
GLOBAL,PWRHYDINDNE01,S2D1,2027,0.4232
GLOBAL,PWRHYDINDNE01,S2D1,2028,0.4232
GLOBAL,PWRHYDINDNE01,S2D1,2029,0.4232
GLOBAL,PWRHYDINDNE01,S2D1,2030,0.4232
GLOBAL,PWRHYDINDNE01,S2D1,2031,0.4232
GLOBAL,PWRHYDINDNE01,S2D1,2032,0.4232
GLOBAL,PWRHYDINDNE01,S2D1,2033,0.4232
GLOBAL,PWRHYDINDNE01,S2D1,2034,0.4232
GLOBAL,PWRHYDINDNE01,S2D1,2035,0.4232
GLOBAL,PWRHYDINDNE01,S2D1,2036,0.4232
GLOBAL,PWRHYDINDNE01,S2D1,2037,0.4232
GLOBAL,PWRHYDINDNE01,S2D1,2038,0.4232
GLOBAL,PWRHYDINDNE01,S2D1,2039,0.4232
GLOBAL,PWRHYDINDNE01,S2D1,2040,0.4232
GLOBAL,PWRHYDINDNE01,S2D1,2041,0.4232
GLOBAL,PWRHYDINDNE01,S2D1,2042,0.4232
GLOBAL,PWRHYDINDNE01,S2D1,2043,0.4232
GLOBAL,PWRHYDINDNE01,S2D1,2044,0.4232
GLOBAL,PWRHYDINDNE01,S2D1,2045,0.4232
GLOBAL,PWRHYDINDNE01,S2D1,2046,0.4232
GLOBAL,PWRHYDINDNE01,S2D1,2047,0.4232
GLOBAL,PWRHYDINDNE01,S2D1,2048,0.4232
GLOBAL,PWRHYDINDNE01,S2D1,2049,0.4232
GLOBAL,PWRHYDINDNE01,S2D1,2050,0.4232
GLOBAL,PWRHYDINDNO01,S2D1,2021,0.3927
GLOBAL,PWRHYDINDNO01,S2D1,2022,0.3927
GLOBAL,PWRHYDINDNO01,S2D1,2023,0.3927
GLOBAL,PWRHYDINDNO01,S2D1,2024,0.3927
GLOBAL,PWRHYDINDNO01,S2D1,2025,0.3927
GLOBAL,PWRHYDINDNO01,S2D1,2026,0.3927
GLOBAL,PWRHYDINDNO01,S2D1,2027,0.3927
GLOBAL,PWRHYDINDNO01,S2D1,2028,0.3927
GLOBAL,PWRHYDINDNO01,S2D1,2029,0.3927
GLOBAL,PWRHYDINDNO01,S2D1,2030,0.3927
GLOBAL,PWRHYDINDNO01,S2D1,2031,0.3927
GLOBAL,PWRHYDINDNO01,S2D1,2032,0.3927
GLOBAL,PWRHYDINDNO01,S2D1,2033,0.3927
GLOBAL,PWRHYDINDNO01,S2D1,2034,0.3927
GLOBAL,PWRHYDINDNO01,S2D1,2035,0.3927
GLOBAL,PWRHYDINDNO01,S2D1,2036,0.3927
GLOBAL,PWRHYDINDNO01,S2D1,2037,0.3927
GLOBAL,PWRHYDINDNO01,S2D1,2038,0.3927
GLOBAL,PWRHYDINDNO01,S2D1,2039,0.3927
GLOBAL,PWRHYDINDNO01,S2D1,2040,0.3927
GLOBAL,PWRHYDINDNO01,S2D1,2041,0.3927
GLOBAL,PWRHYDINDNO01,S2D1,2042,0.3927
GLOBAL,PWRHYDINDNO01,S2D1,2043,0.3927
GLOBAL,PWRHYDINDNO01,S2D1,2044,0.3927
GLOBAL,PWRHYDINDNO01,S2D1,2045,0.3927
GLOBAL,PWRHYDINDNO01,S2D1,2046,0.3927
GLOBAL,PWRHYDINDNO01,S2D1,2047,0.3927
GLOBAL,PWRHYDINDNO01,S2D1,2048,0.3927
GLOBAL,PWRHYDINDNO01,S2D1,2049,0.3927
GLOBAL,PWRHYDINDNO01,S2D1,2050,0.3927
GLOBAL,PWRHYDINDSO01,S2D1,2021,0.499
GLOBAL,PWRHYDINDSO01,S2D1,2022,0.499
GLOBAL,PWRHYDINDSO01,S2D1,2023,0.499
GLOBAL,PWRHYDINDSO01,S2D1,2024,0.499
GLOBAL,PWRHYDINDSO01,S2D1,2025,0.499
GLOBAL,PWRHYDINDSO01,S2D1,2026,0.499
GLOBAL,PWRHYDINDSO01,S2D1,2027,0.499
GLOBAL,PWRHYDINDSO01,S2D1,2028,0.499
GLOBAL,PWRHYDINDSO01,S2D1,2029,0.499
GLOBAL,PWRHYDINDSO01,S2D1,2030,0.499
GLOBAL,PWRHYDINDSO01,S2D1,2031,0.499
GLOBAL,PWRHYDINDSO01,S2D1,2032,0.499
GLOBAL,PWRHYDINDSO01,S2D1,2033,0.499
GLOBAL,PWRHYDINDSO01,S2D1,2034,0.499
GLOBAL,PWRHYDINDSO01,S2D1,2035,0.499
GLOBAL,PWRHYDINDSO01,S2D1,2036,0.499
GLOBAL,PWRHYDINDSO01,S2D1,2037,0.499
GLOBAL,PWRHYDINDSO01,S2D1,2038,0.499
GLOBAL,PWRHYDINDSO01,S2D1,2039,0.499
GLOBAL,PWRHYDINDSO01,S2D1,2040,0.499
GLOBAL,PWRHYDINDSO01,S2D1,2041,0.499
GLOBAL,PWRHYDINDSO01,S2D1,2042,0.499
GLOBAL,PWRHYDINDSO01,S2D1,2043,0.499
GLOBAL,PWRHYDINDSO01,S2D1,2044,0.499
GLOBAL,PWRHYDINDSO01,S2D1,2045,0.499
GLOBAL,PWRHYDINDSO01,S2D1,2046,0.499
GLOBAL,PWRHYDINDSO01,S2D1,2047,0.499
GLOBAL,PWRHYDINDSO01,S2D1,2048,0.499
GLOBAL,PWRHYDINDSO01,S2D1,2049,0.499
GLOBAL,PWRHYDINDSO01,S2D1,2050,0.499
GLOBAL,PWRHYDINDWE01,S2D1,2021,0.4145
GLOBAL,PWRHYDINDWE01,S2D1,2022,0.4145
GLOBAL,PWRHYDINDWE01,S2D1,2023,0.4145
GLOBAL,PWRHYDINDWE01,S2D1,2024,0.4145
GLOBAL,PWRHYDINDWE01,S2D1,2025,0.4145
GLOBAL,PWRHYDINDWE01,S2D1,2026,0.4145
GLOBAL,PWRHYDINDWE01,S2D1,2027,0.4145
GLOBAL,PWRHYDINDWE01,S2D1,2028,0.4145
GLOBAL,PWRHYDINDWE01,S2D1,2029,0.4145
GLOBAL,PWRHYDINDWE01,S2D1,2030,0.4145
GLOBAL,PWRHYDINDWE01,S2D1,2031,0.4145
GLOBAL,PWRHYDINDWE01,S2D1,2032,0.4145
GLOBAL,PWRHYDINDWE01,S2D1,2033,0.4145
GLOBAL,PWRHYDINDWE01,S2D1,2034,0.4145
GLOBAL,PWRHYDINDWE01,S2D1,2035,0.4145
GLOBAL,PWRHYDINDWE01,S2D1,2036,0.4145
GLOBAL,PWRHYDINDWE01,S2D1,2037,0.4145
GLOBAL,PWRHYDINDWE01,S2D1,2038,0.4145
GLOBAL,PWRHYDINDWE01,S2D1,2039,0.4145
GLOBAL,PWRHYDINDWE01,S2D1,2040,0.4145
GLOBAL,PWRHYDINDWE01,S2D1,2041,0.4145
GLOBAL,PWRHYDINDWE01,S2D1,2042,0.4145
GLOBAL,PWRHYDINDWE01,S2D1,2043,0.4145
GLOBAL,PWRHYDINDWE01,S2D1,2044,0.4145
GLOBAL,PWRHYDINDWE01,S2D1,2045,0.4145
GLOBAL,PWRHYDINDWE01,S2D1,2046,0.4145
GLOBAL,PWRHYDINDWE01,S2D1,2047,0.4145
GLOBAL,PWRHYDINDWE01,S2D1,2048,0.4145
GLOBAL,PWRHYDINDWE01,S2D1,2049,0.4145
GLOBAL,PWRHYDINDWE01,S2D1,2050,0.4145
GLOBAL,PWRHYDINDEA01,S2D2,2021,0.4187
GLOBAL,PWRHYDINDEA01,S2D2,2022,0.4187
GLOBAL,PWRHYDINDEA01,S2D2,2023,0.4187
GLOBAL,PWRHYDINDEA01,S2D2,2024,0.4187
GLOBAL,PWRHYDINDEA01,S2D2,2025,0.4187
GLOBAL,PWRHYDINDEA01,S2D2,2026,0.4187
GLOBAL,PWRHYDINDEA01,S2D2,2027,0.4187
GLOBAL,PWRHYDINDEA01,S2D2,2028,0.4187
GLOBAL,PWRHYDINDEA01,S2D2,2029,0.4187
GLOBAL,PWRHYDINDEA01,S2D2,2030,0.4187
GLOBAL,PWRHYDINDEA01,S2D2,2031,0.4187
GLOBAL,PWRHYDINDEA01,S2D2,2032,0.4187
GLOBAL,PWRHYDINDEA01,S2D2,2033,0.4187
GLOBAL,PWRHYDINDEA01,S2D2,2034,0.4187
GLOBAL,PWRHYDINDEA01,S2D2,2035,0.4187
GLOBAL,PWRHYDINDEA01,S2D2,2036,0.4187
GLOBAL,PWRHYDINDEA01,S2D2,2037,0.4187
GLOBAL,PWRHYDINDEA01,S2D2,2038,0.4187
GLOBAL,PWRHYDINDEA01,S2D2,2039,0.4187
GLOBAL,PWRHYDINDEA01,S2D2,2040,0.4187
GLOBAL,PWRHYDINDEA01,S2D2,2041,0.4187
GLOBAL,PWRHYDINDEA01,S2D2,2042,0.4187
GLOBAL,PWRHYDINDEA01,S2D2,2043,0.4187
GLOBAL,PWRHYDINDEA01,S2D2,2044,0.4187
GLOBAL,PWRHYDINDEA01,S2D2,2045,0.4187
GLOBAL,PWRHYDINDEA01,S2D2,2046,0.4187
GLOBAL,PWRHYDINDEA01,S2D2,2047,0.4187
GLOBAL,PWRHYDINDEA01,S2D2,2048,0.4187
GLOBAL,PWRHYDINDEA01,S2D2,2049,0.4187
GLOBAL,PWRHYDINDEA01,S2D2,2050,0.4187
GLOBAL,PWRHYDINDNE01,S2D2,2021,0.4232
GLOBAL,PWRHYDINDNE01,S2D2,2022,0.4232
GLOBAL,PWRHYDINDNE01,S2D2,2023,0.4232
GLOBAL,PWRHYDINDNE01,S2D2,2024,0.4232
GLOBAL,PWRHYDINDNE01,S2D2,2025,0.4232
GLOBAL,PWRHYDINDNE01,S2D2,2026,0.4232
GLOBAL,PWRHYDINDNE01,S2D2,2027,0.4232
GLOBAL,PWRHYDINDNE01,S2D2,2028,0.4232
GLOBAL,PWRHYDINDNE01,S2D2,2029,0.4232
GLOBAL,PWRHYDINDNE01,S2D2,2030,0.4232
GLOBAL,PWRHYDINDNE01,S2D2,2031,0.4232
GLOBAL,PWRHYDINDNE01,S2D2,2032,0.4232
GLOBAL,PWRHYDINDNE01,S2D2,2033,0.4232
GLOBAL,PWRHYDINDNE01,S2D2,2034,0.4232
GLOBAL,PWRHYDINDNE01,S2D2,2035,0.4232
GLOBAL,PWRHYDINDNE01,S2D2,2036,0.4232
GLOBAL,PWRHYDINDNE01,S2D2,2037,0.4232
GLOBAL,PWRHYDINDNE01,S2D2,2038,0.4232
GLOBAL,PWRHYDINDNE01,S2D2,2039,0.4232
GLOBAL,PWRHYDINDNE01,S2D2,2040,0.4232
GLOBAL,PWRHYDINDNE01,S2D2,2041,0.4232
GLOBAL,PWRHYDINDNE01,S2D2,2042,0.4232
GLOBAL,PWRHYDINDNE01,S2D2,2043,0.4232
GLOBAL,PWRHYDINDNE01,S2D2,2044,0.4232
GLOBAL,PWRHYDINDNE01,S2D2,2045,0.4232
GLOBAL,PWRHYDINDNE01,S2D2,2046,0.4232
GLOBAL,PWRHYDINDNE01,S2D2,2047,0.4232
GLOBAL,PWRHYDINDNE01,S2D2,2048,0.4232
GLOBAL,PWRHYDINDNE01,S2D2,2049,0.4232
GLOBAL,PWRHYDINDNE01,S2D2,2050,0.4232
GLOBAL,PWRHYDINDNO01,S2D2,2021,0.3927
GLOBAL,PWRHYDINDNO01,S2D2,2022,0.3927
GLOBAL,PWRHYDINDNO01,S2D2,2023,0.3927
GLOBAL,PWRHYDINDNO01,S2D2,2024,0.3927
GLOBAL,PWRHYDINDNO01,S2D2,2025,0.3927
GLOBAL,PWRHYDINDNO01,S2D2,2026,0.3927
GLOBAL,PWRHYDINDNO01,S2D2,2027,0.3927
GLOBAL,PWRHYDINDNO01,S2D2,2028,0.3927
GLOBAL,PWRHYDINDNO01,S2D2,2029,0.3927
GLOBAL,PWRHYDINDNO01,S2D2,2030,0.3927
GLOBAL,PWRHYDINDNO01,S2D2,2031,0.3927
GLOBAL,PWRHYDINDNO01,S2D2,2032,0.3927
GLOBAL,PWRHYDINDNO01,S2D2,2033,0.3927
GLOBAL,PWRHYDINDNO01,S2D2,2034,0.3927
GLOBAL,PWRHYDINDNO01,S2D2,2035,0.3927
GLOBAL,PWRHYDINDNO01,S2D2,2036,0.3927
GLOBAL,PWRHYDINDNO01,S2D2,2037,0.3927
GLOBAL,PWRHYDINDNO01,S2D2,2038,0.3927
GLOBAL,PWRHYDINDNO01,S2D2,2039,0.3927
GLOBAL,PWRHYDINDNO01,S2D2,2040,0.3927
GLOBAL,PWRHYDINDNO01,S2D2,2041,0.3927
GLOBAL,PWRHYDINDNO01,S2D2,2042,0.3927
GLOBAL,PWRHYDINDNO01,S2D2,2043,0.3927
GLOBAL,PWRHYDINDNO01,S2D2,2044,0.3927
GLOBAL,PWRHYDINDNO01,S2D2,2045,0.3927
GLOBAL,PWRHYDINDNO01,S2D2,2046,0.3927
GLOBAL,PWRHYDINDNO01,S2D2,2047,0.3927
GLOBAL,PWRHYDINDNO01,S2D2,2048,0.3927
GLOBAL,PWRHYDINDNO01,S2D2,2049,0.3927
GLOBAL,PWRHYDINDNO01,S2D2,2050,0.3927
GLOBAL,PWRHYDINDSO01,S2D2,2021,0.499
GLOBAL,PWRHYDINDSO01,S2D2,2022,0.499
GLOBAL,PWRHYDINDSO01,S2D2,2023,0.499
GLOBAL,PWRHYDINDSO01,S2D2,2024,0.499
GLOBAL,PWRHYDINDSO01,S2D2,2025,0.499
GLOBAL,PWRHYDINDSO01,S2D2,2026,0.499
GLOBAL,PWRHYDINDSO01,S2D2,2027,0.499
GLOBAL,PWRHYDINDSO01,S2D2,2028,0.499
GLOBAL,PWRHYDINDSO01,S2D2,2029,0.499
GLOBAL,PWRHYDINDSO01,S2D2,2030,0.499
GLOBAL,PWRHYDINDSO01,S2D2,2031,0.499
GLOBAL,PWRHYDINDSO01,S2D2,2032,0.499
GLOBAL,PWRHYDINDSO01,S2D2,2033,0.499
GLOBAL,PWRHYDINDSO01,S2D2,2034,0.499
GLOBAL,PWRHYDINDSO01,S2D2,2035,0.499
GLOBAL,PWRHYDINDSO01,S2D2,2036,0.499
GLOBAL,PWRHYDINDSO01,S2D2,2037,0.499
GLOBAL,PWRHYDINDSO01,S2D2,2038,0.499
GLOBAL,PWRHYDINDSO01,S2D2,2039,0.499
GLOBAL,PWRHYDINDSO01,S2D2,2040,0.499
GLOBAL,PWRHYDINDSO01,S2D2,2041,0.499
GLOBAL,PWRHYDINDSO01,S2D2,2042,0.499
GLOBAL,PWRHYDINDSO01,S2D2,2043,0.499
GLOBAL,PWRHYDINDSO01,S2D2,2044,0.499
GLOBAL,PWRHYDINDSO01,S2D2,2045,0.499
GLOBAL,PWRHYDINDSO01,S2D2,2046,0.499
GLOBAL,PWRHYDINDSO01,S2D2,2047,0.499
GLOBAL,PWRHYDINDSO01,S2D2,2048,0.499
GLOBAL,PWRHYDINDSO01,S2D2,2049,0.499
GLOBAL,PWRHYDINDSO01,S2D2,2050,0.499
GLOBAL,PWRHYDINDWE01,S2D2,2021,0.4145
GLOBAL,PWRHYDINDWE01,S2D2,2022,0.4145
GLOBAL,PWRHYDINDWE01,S2D2,2023,0.4145
GLOBAL,PWRHYDINDWE01,S2D2,2024,0.4145
GLOBAL,PWRHYDINDWE01,S2D2,2025,0.4145
GLOBAL,PWRHYDINDWE01,S2D2,2026,0.4145
GLOBAL,PWRHYDINDWE01,S2D2,2027,0.4145
GLOBAL,PWRHYDINDWE01,S2D2,2028,0.4145
GLOBAL,PWRHYDINDWE01,S2D2,2029,0.4145
GLOBAL,PWRHYDINDWE01,S2D2,2030,0.4145
GLOBAL,PWRHYDINDWE01,S2D2,2031,0.4145
GLOBAL,PWRHYDINDWE01,S2D2,2032,0.4145
GLOBAL,PWRHYDINDWE01,S2D2,2033,0.4145
GLOBAL,PWRHYDINDWE01,S2D2,2034,0.4145
GLOBAL,PWRHYDINDWE01,S2D2,2035,0.4145
GLOBAL,PWRHYDINDWE01,S2D2,2036,0.4145
GLOBAL,PWRHYDINDWE01,S2D2,2037,0.4145
GLOBAL,PWRHYDINDWE01,S2D2,2038,0.4145
GLOBAL,PWRHYDINDWE01,S2D2,2039,0.4145
GLOBAL,PWRHYDINDWE01,S2D2,2040,0.4145
GLOBAL,PWRHYDINDWE01,S2D2,2041,0.4145
GLOBAL,PWRHYDINDWE01,S2D2,2042,0.4145
GLOBAL,PWRHYDINDWE01,S2D2,2043,0.4145
GLOBAL,PWRHYDINDWE01,S2D2,2044,0.4145
GLOBAL,PWRHYDINDWE01,S2D2,2045,0.4145
GLOBAL,PWRHYDINDWE01,S2D2,2046,0.4145
GLOBAL,PWRHYDINDWE01,S2D2,2047,0.4145
GLOBAL,PWRHYDINDWE01,S2D2,2048,0.4145
GLOBAL,PWRHYDINDWE01,S2D2,2049,0.4145
GLOBAL,PWRHYDINDWE01,S2D2,2050,0.4145
GLOBAL,PWRCSPINDEA01,S1D1,2021,0.6154
GLOBAL,PWRCSPINDEA01,S1D1,2022,0.6154
GLOBAL,PWRCSPINDEA01,S1D1,2023,0.6154
GLOBAL,PWRCSPINDEA01,S1D1,2024,0.6154
GLOBAL,PWRCSPINDEA01,S1D1,2025,0.6154
GLOBAL,PWRCSPINDEA01,S1D1,2026,0.6154
GLOBAL,PWRCSPINDEA01,S1D1,2027,0.6154
GLOBAL,PWRCSPINDEA01,S1D1,2028,0.6154
GLOBAL,PWRCSPINDEA01,S1D1,2029,0.6154
GLOBAL,PWRCSPINDEA01,S1D1,2030,0.6154
GLOBAL,PWRCSPINDEA01,S1D1,2031,0.6154
GLOBAL,PWRCSPINDEA01,S1D1,2032,0.6154
GLOBAL,PWRCSPINDEA01,S1D1,2033,0.6154
GLOBAL,PWRCSPINDEA01,S1D1,2034,0.6154
GLOBAL,PWRCSPINDEA01,S1D1,2035,0.6154
GLOBAL,PWRCSPINDEA01,S1D1,2036,0.6154
GLOBAL,PWRCSPINDEA01,S1D1,2037,0.6154
GLOBAL,PWRCSPINDEA01,S1D1,2038,0.6154
GLOBAL,PWRCSPINDEA01,S1D1,2039,0.6154
GLOBAL,PWRCSPINDEA01,S1D1,2040,0.6154
GLOBAL,PWRCSPINDEA01,S1D1,2041,0.6154
GLOBAL,PWRCSPINDEA01,S1D1,2042,0.6154
GLOBAL,PWRCSPINDEA01,S1D1,2043,0.6154
GLOBAL,PWRCSPINDEA01,S1D1,2044,0.6154
GLOBAL,PWRCSPINDEA01,S1D1,2045,0.6154
GLOBAL,PWRCSPINDEA01,S1D1,2046,0.6154
GLOBAL,PWRCSPINDEA01,S1D1,2047,0.6154
GLOBAL,PWRCSPINDEA01,S1D1,2048,0.6154
GLOBAL,PWRCSPINDEA01,S1D1,2049,0.6154
GLOBAL,PWRCSPINDEA01,S1D1,2050,0.6154
GLOBAL,PWRCSPINDNE01,S1D1,2021,0.5998
GLOBAL,PWRCSPINDNE01,S1D1,2022,0.5998
GLOBAL,PWRCSPINDNE01,S1D1,2023,0.5998
GLOBAL,PWRCSPINDNE01,S1D1,2024,0.5998
GLOBAL,PWRCSPINDNE01,S1D1,2025,0.5998
GLOBAL,PWRCSPINDNE01,S1D1,2026,0.5998
GLOBAL,PWRCSPINDNE01,S1D1,2027,0.5998
GLOBAL,PWRCSPINDNE01,S1D1,2028,0.5998
GLOBAL,PWRCSPINDNE01,S1D1,2029,0.5998
GLOBAL,PWRCSPINDNE01,S1D1,2030,0.5998
GLOBAL,PWRCSPINDNE01,S1D1,2031,0.5998
GLOBAL,PWRCSPINDNE01,S1D1,2032,0.5998
GLOBAL,PWRCSPINDNE01,S1D1,2033,0.5998
GLOBAL,PWRCSPINDNE01,S1D1,2034,0.5998
GLOBAL,PWRCSPINDNE01,S1D1,2035,0.5998
GLOBAL,PWRCSPINDNE01,S1D1,2036,0.5998
GLOBAL,PWRCSPINDNE01,S1D1,2037,0.5998
GLOBAL,PWRCSPINDNE01,S1D1,2038,0.5998
GLOBAL,PWRCSPINDNE01,S1D1,2039,0.5998
GLOBAL,PWRCSPINDNE01,S1D1,2040,0.5998
GLOBAL,PWRCSPINDNE01,S1D1,2041,0.5998
GLOBAL,PWRCSPINDNE01,S1D1,2042,0.5998
GLOBAL,PWRCSPINDNE01,S1D1,2043,0.5998
GLOBAL,PWRCSPINDNE01,S1D1,2044,0.5998
GLOBAL,PWRCSPINDNE01,S1D1,2045,0.5998
GLOBAL,PWRCSPINDNE01,S1D1,2046,0.5998
GLOBAL,PWRCSPINDNE01,S1D1,2047,0.5998
GLOBAL,PWRCSPINDNE01,S1D1,2048,0.5998
GLOBAL,PWRCSPINDNE01,S1D1,2049,0.5998
GLOBAL,PWRCSPINDNE01,S1D1,2050,0.5998
GLOBAL,PWRCSPINDNO01,S1D1,2021,0.6715
GLOBAL,PWRCSPINDNO01,S1D1,2022,0.6715
GLOBAL,PWRCSPINDNO01,S1D1,2023,0.6715
GLOBAL,PWRCSPINDNO01,S1D1,2024,0.6715
GLOBAL,PWRCSPINDNO01,S1D1,2025,0.6715
GLOBAL,PWRCSPINDNO01,S1D1,2026,0.6715
GLOBAL,PWRCSPINDNO01,S1D1,2027,0.6715
GLOBAL,PWRCSPINDNO01,S1D1,2028,0.6715
GLOBAL,PWRCSPINDNO01,S1D1,2029,0.6715
GLOBAL,PWRCSPINDNO01,S1D1,2030,0.6715
GLOBAL,PWRCSPINDNO01,S1D1,2031,0.6715
GLOBAL,PWRCSPINDNO01,S1D1,2032,0.6715
GLOBAL,PWRCSPINDNO01,S1D1,2033,0.6715
GLOBAL,PWRCSPINDNO01,S1D1,2034,0.6715
GLOBAL,PWRCSPINDNO01,S1D1,2035,0.6715
GLOBAL,PWRCSPINDNO01,S1D1,2036,0.6715
GLOBAL,PWRCSPINDNO01,S1D1,2037,0.6715
GLOBAL,PWRCSPINDNO01,S1D1,2038,0.6715
GLOBAL,PWRCSPINDNO01,S1D1,2039,0.6715
GLOBAL,PWRCSPINDNO01,S1D1,2040,0.6715
GLOBAL,PWRCSPINDNO01,S1D1,2041,0.6715
GLOBAL,PWRCSPINDNO01,S1D1,2042,0.6715
GLOBAL,PWRCSPINDNO01,S1D1,2043,0.6715
GLOBAL,PWRCSPINDNO01,S1D1,2044,0.6715
GLOBAL,PWRCSPINDNO01,S1D1,2045,0.6715
GLOBAL,PWRCSPINDNO01,S1D1,2046,0.6715
GLOBAL,PWRCSPINDNO01,S1D1,2047,0.6715
GLOBAL,PWRCSPINDNO01,S1D1,2048,0.6715
GLOBAL,PWRCSPINDNO01,S1D1,2049,0.6715
GLOBAL,PWRCSPINDNO01,S1D1,2050,0.6715
GLOBAL,PWRCSPINDSO01,S1D1,2021,0.61
GLOBAL,PWRCSPINDSO01,S1D1,2022,0.61
GLOBAL,PWRCSPINDSO01,S1D1,2023,0.61
GLOBAL,PWRCSPINDSO01,S1D1,2024,0.61
GLOBAL,PWRCSPINDSO01,S1D1,2025,0.61
GLOBAL,PWRCSPINDSO01,S1D1,2026,0.61
GLOBAL,PWRCSPINDSO01,S1D1,2027,0.61
GLOBAL,PWRCSPINDSO01,S1D1,2028,0.61
GLOBAL,PWRCSPINDSO01,S1D1,2029,0.61
GLOBAL,PWRCSPINDSO01,S1D1,2030,0.61
GLOBAL,PWRCSPINDSO01,S1D1,2031,0.61
GLOBAL,PWRCSPINDSO01,S1D1,2032,0.61
GLOBAL,PWRCSPINDSO01,S1D1,2033,0.61
GLOBAL,PWRCSPINDSO01,S1D1,2034,0.61
GLOBAL,PWRCSPINDSO01,S1D1,2035,0.61
GLOBAL,PWRCSPINDSO01,S1D1,2036,0.61
GLOBAL,PWRCSPINDSO01,S1D1,2037,0.61
GLOBAL,PWRCSPINDSO01,S1D1,2038,0.61
GLOBAL,PWRCSPINDSO01,S1D1,2039,0.61
GLOBAL,PWRCSPINDSO01,S1D1,2040,0.61
GLOBAL,PWRCSPINDSO01,S1D1,2041,0.61
GLOBAL,PWRCSPINDSO01,S1D1,2042,0.61
GLOBAL,PWRCSPINDSO01,S1D1,2043,0.61
GLOBAL,PWRCSPINDSO01,S1D1,2044,0.61
GLOBAL,PWRCSPINDSO01,S1D1,2045,0.61
GLOBAL,PWRCSPINDSO01,S1D1,2046,0.61
GLOBAL,PWRCSPINDSO01,S1D1,2047,0.61
GLOBAL,PWRCSPINDSO01,S1D1,2048,0.61
GLOBAL,PWRCSPINDSO01,S1D1,2049,0.61
GLOBAL,PWRCSPINDSO01,S1D1,2050,0.61
GLOBAL,PWRCSPINDWE01,S1D1,2021,0.6626
GLOBAL,PWRCSPINDWE01,S1D1,2022,0.6626
GLOBAL,PWRCSPINDWE01,S1D1,2023,0.6626
GLOBAL,PWRCSPINDWE01,S1D1,2024,0.6626
GLOBAL,PWRCSPINDWE01,S1D1,2025,0.6626
GLOBAL,PWRCSPINDWE01,S1D1,2026,0.6626
GLOBAL,PWRCSPINDWE01,S1D1,2027,0.6626
GLOBAL,PWRCSPINDWE01,S1D1,2028,0.6626
GLOBAL,PWRCSPINDWE01,S1D1,2029,0.6626
GLOBAL,PWRCSPINDWE01,S1D1,2030,0.6626
GLOBAL,PWRCSPINDWE01,S1D1,2031,0.6626
GLOBAL,PWRCSPINDWE01,S1D1,2032,0.6626
GLOBAL,PWRCSPINDWE01,S1D1,2033,0.6626
GLOBAL,PWRCSPINDWE01,S1D1,2034,0.6626
GLOBAL,PWRCSPINDWE01,S1D1,2035,0.6626
GLOBAL,PWRCSPINDWE01,S1D1,2036,0.6626
GLOBAL,PWRCSPINDWE01,S1D1,2037,0.6626
GLOBAL,PWRCSPINDWE01,S1D1,2038,0.6626
GLOBAL,PWRCSPINDWE01,S1D1,2039,0.6626
GLOBAL,PWRCSPINDWE01,S1D1,2040,0.6626
GLOBAL,PWRCSPINDWE01,S1D1,2041,0.6626
GLOBAL,PWRCSPINDWE01,S1D1,2042,0.6626
GLOBAL,PWRCSPINDWE01,S1D1,2043,0.6626
GLOBAL,PWRCSPINDWE01,S1D1,2044,0.6626
GLOBAL,PWRCSPINDWE01,S1D1,2045,0.6626
GLOBAL,PWRCSPINDWE01,S1D1,2046,0.6626
GLOBAL,PWRCSPINDWE01,S1D1,2047,0.6626
GLOBAL,PWRCSPINDWE01,S1D1,2048,0.6626
GLOBAL,PWRCSPINDWE01,S1D1,2049,0.6626
GLOBAL,PWRCSPINDWE01,S1D1,2050,0.6626
GLOBAL,PWRCSPINDEA01,S1D2,2021,0.0034
GLOBAL,PWRCSPINDEA01,S1D2,2022,0.0034
GLOBAL,PWRCSPINDEA01,S1D2,2023,0.0034
GLOBAL,PWRCSPINDEA01,S1D2,2024,0.0034
GLOBAL,PWRCSPINDEA01,S1D2,2025,0.0034
GLOBAL,PWRCSPINDEA01,S1D2,2026,0.0034
GLOBAL,PWRCSPINDEA01,S1D2,2027,0.0034
GLOBAL,PWRCSPINDEA01,S1D2,2028,0.0034
GLOBAL,PWRCSPINDEA01,S1D2,2029,0.0034
GLOBAL,PWRCSPINDEA01,S1D2,2030,0.0034
GLOBAL,PWRCSPINDEA01,S1D2,2031,0.0034
GLOBAL,PWRCSPINDEA01,S1D2,2032,0.0034
GLOBAL,PWRCSPINDEA01,S1D2,2033,0.0034
GLOBAL,PWRCSPINDEA01,S1D2,2034,0.0034
GLOBAL,PWRCSPINDEA01,S1D2,2035,0.0034
GLOBAL,PWRCSPINDEA01,S1D2,2036,0.0034
GLOBAL,PWRCSPINDEA01,S1D2,2037,0.0034
GLOBAL,PWRCSPINDEA01,S1D2,2038,0.0034
GLOBAL,PWRCSPINDEA01,S1D2,2039,0.0034
GLOBAL,PWRCSPINDEA01,S1D2,2040,0.0034
GLOBAL,PWRCSPINDEA01,S1D2,2041,0.0034
GLOBAL,PWRCSPINDEA01,S1D2,2042,0.0034
GLOBAL,PWRCSPINDEA01,S1D2,2043,0.0034
GLOBAL,PWRCSPINDEA01,S1D2,2044,0.0034
GLOBAL,PWRCSPINDEA01,S1D2,2045,0.0034
GLOBAL,PWRCSPINDEA01,S1D2,2046,0.0034
GLOBAL,PWRCSPINDEA01,S1D2,2047,0.0034
GLOBAL,PWRCSPINDEA01,S1D2,2048,0.0034
GLOBAL,PWRCSPINDEA01,S1D2,2049,0.0034
GLOBAL,PWRCSPINDEA01,S1D2,2050,0.0034
GLOBAL,PWRCSPINDNE01,S1D2,2021,0.008
GLOBAL,PWRCSPINDNE01,S1D2,2022,0.008
GLOBAL,PWRCSPINDNE01,S1D2,2023,0.008
GLOBAL,PWRCSPINDNE01,S1D2,2024,0.008
GLOBAL,PWRCSPINDNE01,S1D2,2025,0.008
GLOBAL,PWRCSPINDNE01,S1D2,2026,0.008
GLOBAL,PWRCSPINDNE01,S1D2,2027,0.008
GLOBAL,PWRCSPINDNE01,S1D2,2028,0.008
GLOBAL,PWRCSPINDNE01,S1D2,2029,0.008
GLOBAL,PWRCSPINDNE01,S1D2,2030,0.008
GLOBAL,PWRCSPINDNE01,S1D2,2031,0.008
GLOBAL,PWRCSPINDNE01,S1D2,2032,0.008
GLOBAL,PWRCSPINDNE01,S1D2,2033,0.008
GLOBAL,PWRCSPINDNE01,S1D2,2034,0.008
GLOBAL,PWRCSPINDNE01,S1D2,2035,0.008
GLOBAL,PWRCSPINDNE01,S1D2,2036,0.008
GLOBAL,PWRCSPINDNE01,S1D2,2037,0.008
GLOBAL,PWRCSPINDNE01,S1D2,2038,0.008
GLOBAL,PWRCSPINDNE01,S1D2,2039,0.008
GLOBAL,PWRCSPINDNE01,S1D2,2040,0.008
GLOBAL,PWRCSPINDNE01,S1D2,2041,0.008
GLOBAL,PWRCSPINDNE01,S1D2,2042,0.008
GLOBAL,PWRCSPINDNE01,S1D2,2043,0.008
GLOBAL,PWRCSPINDNE01,S1D2,2044,0.008
GLOBAL,PWRCSPINDNE01,S1D2,2045,0.008
GLOBAL,PWRCSPINDNE01,S1D2,2046,0.008
GLOBAL,PWRCSPINDNE01,S1D2,2047,0.008
GLOBAL,PWRCSPINDNE01,S1D2,2048,0.008
GLOBAL,PWRCSPINDNE01,S1D2,2049,0.008
GLOBAL,PWRCSPINDNE01,S1D2,2050,0.008
GLOBAL,PWRCSPINDNO01,S1D2,2021,0.001
GLOBAL,PWRCSPINDNO01,S1D2,2022,0.001
GLOBAL,PWRCSPINDNO01,S1D2,2023,0.001
GLOBAL,PWRCSPINDNO01,S1D2,2024,0.001
GLOBAL,PWRCSPINDNO01,S1D2,2025,0.001
GLOBAL,PWRCSPINDNO01,S1D2,2026,0.001
GLOBAL,PWRCSPINDNO01,S1D2,2027,0.001
GLOBAL,PWRCSPINDNO01,S1D2,2028,0.001
GLOBAL,PWRCSPINDNO01,S1D2,2029,0.001
GLOBAL,PWRCSPINDNO01,S1D2,2030,0.001
GLOBAL,PWRCSPINDNO01,S1D2,2031,0.001
GLOBAL,PWRCSPINDNO01,S1D2,2032,0.001
GLOBAL,PWRCSPINDNO01,S1D2,2033,0.001
GLOBAL,PWRCSPINDNO01,S1D2,2034,0.001
GLOBAL,PWRCSPINDNO01,S1D2,2035,0.001
GLOBAL,PWRCSPINDNO01,S1D2,2036,0.001
GLOBAL,PWRCSPINDNO01,S1D2,2037,0.001
GLOBAL,PWRCSPINDNO01,S1D2,2038,0.001
GLOBAL,PWRCSPINDNO01,S1D2,2039,0.001
GLOBAL,PWRCSPINDNO01,S1D2,2040,0.001
GLOBAL,PWRCSPINDNO01,S1D2,2041,0.001
GLOBAL,PWRCSPINDNO01,S1D2,2042,0.001
GLOBAL,PWRCSPINDNO01,S1D2,2043,0.001
GLOBAL,PWRCSPINDNO01,S1D2,2044,0.001
GLOBAL,PWRCSPINDNO01,S1D2,2045,0.001
GLOBAL,PWRCSPINDNO01,S1D2,2046,0.001
GLOBAL,PWRCSPINDNO01,S1D2,2047,0.001
GLOBAL,PWRCSPINDNO01,S1D2,2048,0.001
GLOBAL,PWRCSPINDNO01,S1D2,2049,0.001
GLOBAL,PWRCSPINDNO01,S1D2,2050,0.001
GLOBAL,PWRCSPINDSO01,S1D2,2021,0.001
GLOBAL,PWRCSPINDSO01,S1D2,2022,0.001
GLOBAL,PWRCSPINDSO01,S1D2,2023,0.001
GLOBAL,PWRCSPINDSO01,S1D2,2024,0.001
GLOBAL,PWRCSPINDSO01,S1D2,2025,0.001
GLOBAL,PWRCSPINDSO01,S1D2,2026,0.001
GLOBAL,PWRCSPINDSO01,S1D2,2027,0.001
GLOBAL,PWRCSPINDSO01,S1D2,2028,0.001
GLOBAL,PWRCSPINDSO01,S1D2,2029,0.001
GLOBAL,PWRCSPINDSO01,S1D2,2030,0.001
GLOBAL,PWRCSPINDSO01,S1D2,2031,0.001
GLOBAL,PWRCSPINDSO01,S1D2,2032,0.001
GLOBAL,PWRCSPINDSO01,S1D2,2033,0.001
GLOBAL,PWRCSPINDSO01,S1D2,2034,0.001
GLOBAL,PWRCSPINDSO01,S1D2,2035,0.001
GLOBAL,PWRCSPINDSO01,S1D2,2036,0.001
GLOBAL,PWRCSPINDSO01,S1D2,2037,0.001
GLOBAL,PWRCSPINDSO01,S1D2,2038,0.001
GLOBAL,PWRCSPINDSO01,S1D2,2039,0.001
GLOBAL,PWRCSPINDSO01,S1D2,2040,0.001
GLOBAL,PWRCSPINDSO01,S1D2,2041,0.001
GLOBAL,PWRCSPINDSO01,S1D2,2042,0.001
GLOBAL,PWRCSPINDSO01,S1D2,2043,0.001
GLOBAL,PWRCSPINDSO01,S1D2,2044,0.001
GLOBAL,PWRCSPINDSO01,S1D2,2045,0.001
GLOBAL,PWRCSPINDSO01,S1D2,2046,0.001
GLOBAL,PWRCSPINDSO01,S1D2,2047,0.001
GLOBAL,PWRCSPINDSO01,S1D2,2048,0.001
GLOBAL,PWRCSPINDSO01,S1D2,2049,0.001
GLOBAL,PWRCSPINDSO01,S1D2,2050,0.001
GLOBAL,PWRCSPINDWE01,S1D2,2021,0.0006
GLOBAL,PWRCSPINDWE01,S1D2,2022,0.0006
GLOBAL,PWRCSPINDWE01,S1D2,2023,0.0006
GLOBAL,PWRCSPINDWE01,S1D2,2024,0.0006
GLOBAL,PWRCSPINDWE01,S1D2,2025,0.0006
GLOBAL,PWRCSPINDWE01,S1D2,2026,0.0006
GLOBAL,PWRCSPINDWE01,S1D2,2027,0.0006
GLOBAL,PWRCSPINDWE01,S1D2,2028,0.0006
GLOBAL,PWRCSPINDWE01,S1D2,2029,0.0006
GLOBAL,PWRCSPINDWE01,S1D2,2030,0.0006
GLOBAL,PWRCSPINDWE01,S1D2,2031,0.0006
GLOBAL,PWRCSPINDWE01,S1D2,2032,0.0006
GLOBAL,PWRCSPINDWE01,S1D2,2033,0.0006
GLOBAL,PWRCSPINDWE01,S1D2,2034,0.0006
GLOBAL,PWRCSPINDWE01,S1D2,2035,0.0006
GLOBAL,PWRCSPINDWE01,S1D2,2036,0.0006
GLOBAL,PWRCSPINDWE01,S1D2,2037,0.0006
GLOBAL,PWRCSPINDWE01,S1D2,2038,0.0006
GLOBAL,PWRCSPINDWE01,S1D2,2039,0.0006
GLOBAL,PWRCSPINDWE01,S1D2,2040,0.0006
GLOBAL,PWRCSPINDWE01,S1D2,2041,0.0006
GLOBAL,PWRCSPINDWE01,S1D2,2042,0.0006
GLOBAL,PWRCSPINDWE01,S1D2,2043,0.0006
GLOBAL,PWRCSPINDWE01,S1D2,2044,0.0006
GLOBAL,PWRCSPINDWE01,S1D2,2045,0.0006
GLOBAL,PWRCSPINDWE01,S1D2,2046,0.0006
GLOBAL,PWRCSPINDWE01,S1D2,2047,0.0006
GLOBAL,PWRCSPINDWE01,S1D2,2048,0.0006
GLOBAL,PWRCSPINDWE01,S1D2,2049,0.0006
GLOBAL,PWRCSPINDWE01,S1D2,2050,0.0006
GLOBAL,PWRCSPINDEA01,S2D1,2021,0.5248
GLOBAL,PWRCSPINDEA01,S2D1,2022,0.5248
GLOBAL,PWRCSPINDEA01,S2D1,2023,0.5248
GLOBAL,PWRCSPINDEA01,S2D1,2024,0.5248
GLOBAL,PWRCSPINDEA01,S2D1,2025,0.5248
GLOBAL,PWRCSPINDEA01,S2D1,2026,0.5248
GLOBAL,PWRCSPINDEA01,S2D1,2027,0.5248
GLOBAL,PWRCSPINDEA01,S2D1,2028,0.5248
GLOBAL,PWRCSPINDEA01,S2D1,2029,0.5248
GLOBAL,PWRCSPINDEA01,S2D1,2030,0.5248
GLOBAL,PWRCSPINDEA01,S2D1,2031,0.5248
GLOBAL,PWRCSPINDEA01,S2D1,2032,0.5248
GLOBAL,PWRCSPINDEA01,S2D1,2033,0.5248
GLOBAL,PWRCSPINDEA01,S2D1,2034,0.5248
GLOBAL,PWRCSPINDEA01,S2D1,2035,0.5248
GLOBAL,PWRCSPINDEA01,S2D1,2036,0.5248
GLOBAL,PWRCSPINDEA01,S2D1,2037,0.5248
GLOBAL,PWRCSPINDEA01,S2D1,2038,0.5248
GLOBAL,PWRCSPINDEA01,S2D1,2039,0.5248
GLOBAL,PWRCSPINDEA01,S2D1,2040,0.5248
GLOBAL,PWRCSPINDEA01,S2D1,2041,0.5248
GLOBAL,PWRCSPINDEA01,S2D1,2042,0.5248
GLOBAL,PWRCSPINDEA01,S2D1,2043,0.5248
GLOBAL,PWRCSPINDEA01,S2D1,2044,0.5248
GLOBAL,PWRCSPINDEA01,S2D1,2045,0.5248
GLOBAL,PWRCSPINDEA01,S2D1,2046,0.5248
GLOBAL,PWRCSPINDEA01,S2D1,2047,0.5248
GLOBAL,PWRCSPINDEA01,S2D1,2048,0.5248
GLOBAL,PWRCSPINDEA01,S2D1,2049,0.5248
GLOBAL,PWRCSPINDEA01,S2D1,2050,0.5248
GLOBAL,PWRCSPINDNE01,S2D1,2021,0.4999
GLOBAL,PWRCSPINDNE01,S2D1,2022,0.4999
GLOBAL,PWRCSPINDNE01,S2D1,2023,0.4999
GLOBAL,PWRCSPINDNE01,S2D1,2024,0.4999
GLOBAL,PWRCSPINDNE01,S2D1,2025,0.4999
GLOBAL,PWRCSPINDNE01,S2D1,2026,0.4999
GLOBAL,PWRCSPINDNE01,S2D1,2027,0.4999
GLOBAL,PWRCSPINDNE01,S2D1,2028,0.4999
GLOBAL,PWRCSPINDNE01,S2D1,2029,0.4999
GLOBAL,PWRCSPINDNE01,S2D1,2030,0.4999
GLOBAL,PWRCSPINDNE01,S2D1,2031,0.4999
GLOBAL,PWRCSPINDNE01,S2D1,2032,0.4999
GLOBAL,PWRCSPINDNE01,S2D1,2033,0.4999
GLOBAL,PWRCSPINDNE01,S2D1,2034,0.4999
GLOBAL,PWRCSPINDNE01,S2D1,2035,0.4999
GLOBAL,PWRCSPINDNE01,S2D1,2036,0.4999
GLOBAL,PWRCSPINDNE01,S2D1,2037,0.4999
GLOBAL,PWRCSPINDNE01,S2D1,2038,0.4999
GLOBAL,PWRCSPINDNE01,S2D1,2039,0.4999
GLOBAL,PWRCSPINDNE01,S2D1,2040,0.4999
GLOBAL,PWRCSPINDNE01,S2D1,2041,0.4999
GLOBAL,PWRCSPINDNE01,S2D1,2042,0.4999
GLOBAL,PWRCSPINDNE01,S2D1,2043,0.4999
GLOBAL,PWRCSPINDNE01,S2D1,2044,0.4999
GLOBAL,PWRCSPINDNE01,S2D1,2045,0.4999
GLOBAL,PWRCSPINDNE01,S2D1,2046,0.4999
GLOBAL,PWRCSPINDNE01,S2D1,2047,0.4999
GLOBAL,PWRCSPINDNE01,S2D1,2048,0.4999
GLOBAL,PWRCSPINDNE01,S2D1,2049,0.4999
GLOBAL,PWRCSPINDNE01,S2D1,2050,0.4999
GLOBAL,PWRCSPINDNO01,S2D1,2021,0.637
GLOBAL,PWRCSPINDNO01,S2D1,2022,0.637
GLOBAL,PWRCSPINDNO01,S2D1,2023,0.637
GLOBAL,PWRCSPINDNO01,S2D1,2024,0.637
GLOBAL,PWRCSPINDNO01,S2D1,2025,0.637
GLOBAL,PWRCSPINDNO01,S2D1,2026,0.637
GLOBAL,PWRCSPINDNO01,S2D1,2027,0.637
GLOBAL,PWRCSPINDNO01,S2D1,2028,0.637
GLOBAL,PWRCSPINDNO01,S2D1,2029,0.637
GLOBAL,PWRCSPINDNO01,S2D1,2030,0.637
GLOBAL,PWRCSPINDNO01,S2D1,2031,0.637
GLOBAL,PWRCSPINDNO01,S2D1,2032,0.637
GLOBAL,PWRCSPINDNO01,S2D1,2033,0.637
GLOBAL,PWRCSPINDNO01,S2D1,2034,0.637
GLOBAL,PWRCSPINDNO01,S2D1,2035,0.637
GLOBAL,PWRCSPINDNO01,S2D1,2036,0.637
GLOBAL,PWRCSPINDNO01,S2D1,2037,0.637
GLOBAL,PWRCSPINDNO01,S2D1,2038,0.637
GLOBAL,PWRCSPINDNO01,S2D1,2039,0.637
GLOBAL,PWRCSPINDNO01,S2D1,2040,0.637
GLOBAL,PWRCSPINDNO01,S2D1,2041,0.637
GLOBAL,PWRCSPINDNO01,S2D1,2042,0.637
GLOBAL,PWRCSPINDNO01,S2D1,2043,0.637
GLOBAL,PWRCSPINDNO01,S2D1,2044,0.637
GLOBAL,PWRCSPINDNO01,S2D1,2045,0.637
GLOBAL,PWRCSPINDNO01,S2D1,2046,0.637
GLOBAL,PWRCSPINDNO01,S2D1,2047,0.637
GLOBAL,PWRCSPINDNO01,S2D1,2048,0.637
GLOBAL,PWRCSPINDNO01,S2D1,2049,0.637
GLOBAL,PWRCSPINDNO01,S2D1,2050,0.637
GLOBAL,PWRCSPINDSO01,S2D1,2021,0.5318
GLOBAL,PWRCSPINDSO01,S2D1,2022,0.5318
GLOBAL,PWRCSPINDSO01,S2D1,2023,0.5318
GLOBAL,PWRCSPINDSO01,S2D1,2024,0.5318
GLOBAL,PWRCSPINDSO01,S2D1,2025,0.5318
GLOBAL,PWRCSPINDSO01,S2D1,2026,0.5318
GLOBAL,PWRCSPINDSO01,S2D1,2027,0.5318
GLOBAL,PWRCSPINDSO01,S2D1,2028,0.5318
GLOBAL,PWRCSPINDSO01,S2D1,2029,0.5318
GLOBAL,PWRCSPINDSO01,S2D1,2030,0.5318
GLOBAL,PWRCSPINDSO01,S2D1,2031,0.5318
GLOBAL,PWRCSPINDSO01,S2D1,2032,0.5318
GLOBAL,PWRCSPINDSO01,S2D1,2033,0.5318
GLOBAL,PWRCSPINDSO01,S2D1,2034,0.5318
GLOBAL,PWRCSPINDSO01,S2D1,2035,0.5318
GLOBAL,PWRCSPINDSO01,S2D1,2036,0.5318
GLOBAL,PWRCSPINDSO01,S2D1,2037,0.5318
GLOBAL,PWRCSPINDSO01,S2D1,2038,0.5318
GLOBAL,PWRCSPINDSO01,S2D1,2039,0.5318
GLOBAL,PWRCSPINDSO01,S2D1,2040,0.5318
GLOBAL,PWRCSPINDSO01,S2D1,2041,0.5318
GLOBAL,PWRCSPINDSO01,S2D1,2042,0.5318
GLOBAL,PWRCSPINDSO01,S2D1,2043,0.5318
GLOBAL,PWRCSPINDSO01,S2D1,2044,0.5318
GLOBAL,PWRCSPINDSO01,S2D1,2045,0.5318
GLOBAL,PWRCSPINDSO01,S2D1,2046,0.5318
GLOBAL,PWRCSPINDSO01,S2D1,2047,0.5318
GLOBAL,PWRCSPINDSO01,S2D1,2048,0.5318
GLOBAL,PWRCSPINDSO01,S2D1,2049,0.5318
GLOBAL,PWRCSPINDSO01,S2D1,2050,0.5318
GLOBAL,PWRCSPINDWE01,S2D1,2021,0.6089
GLOBAL,PWRCSPINDWE01,S2D1,2022,0.6089
GLOBAL,PWRCSPINDWE01,S2D1,2023,0.6089
GLOBAL,PWRCSPINDWE01,S2D1,2024,0.6089
GLOBAL,PWRCSPINDWE01,S2D1,2025,0.6089
GLOBAL,PWRCSPINDWE01,S2D1,2026,0.6089
GLOBAL,PWRCSPINDWE01,S2D1,2027,0.6089
GLOBAL,PWRCSPINDWE01,S2D1,2028,0.6089
GLOBAL,PWRCSPINDWE01,S2D1,2029,0.6089
GLOBAL,PWRCSPINDWE01,S2D1,2030,0.6089
GLOBAL,PWRCSPINDWE01,S2D1,2031,0.6089
GLOBAL,PWRCSPINDWE01,S2D1,2032,0.6089
GLOBAL,PWRCSPINDWE01,S2D1,2033,0.6089
GLOBAL,PWRCSPINDWE01,S2D1,2034,0.6089
GLOBAL,PWRCSPINDWE01,S2D1,2035,0.6089
GLOBAL,PWRCSPINDWE01,S2D1,2036,0.6089
GLOBAL,PWRCSPINDWE01,S2D1,2037,0.6089
GLOBAL,PWRCSPINDWE01,S2D1,2038,0.6089
GLOBAL,PWRCSPINDWE01,S2D1,2039,0.6089
GLOBAL,PWRCSPINDWE01,S2D1,2040,0.6089
GLOBAL,PWRCSPINDWE01,S2D1,2041,0.6089
GLOBAL,PWRCSPINDWE01,S2D1,2042,0.6089
GLOBAL,PWRCSPINDWE01,S2D1,2043,0.6089
GLOBAL,PWRCSPINDWE01,S2D1,2044,0.6089
GLOBAL,PWRCSPINDWE01,S2D1,2045,0.6089
GLOBAL,PWRCSPINDWE01,S2D1,2046,0.6089
GLOBAL,PWRCSPINDWE01,S2D1,2047,0.6089
GLOBAL,PWRCSPINDWE01,S2D1,2048,0.6089
GLOBAL,PWRCSPINDWE01,S2D1,2049,0.6089
GLOBAL,PWRCSPINDWE01,S2D1,2050,0.6089
GLOBAL,PWRCSPINDEA01,S2D2,2021,0.0019
GLOBAL,PWRCSPINDEA01,S2D2,2022,0.0019
GLOBAL,PWRCSPINDEA01,S2D2,2023,0.0019
GLOBAL,PWRCSPINDEA01,S2D2,2024,0.0019
GLOBAL,PWRCSPINDEA01,S2D2,2025,0.0019
GLOBAL,PWRCSPINDEA01,S2D2,2026,0.0019
GLOBAL,PWRCSPINDEA01,S2D2,2027,0.0019
GLOBAL,PWRCSPINDEA01,S2D2,2028,0.0019
GLOBAL,PWRCSPINDEA01,S2D2,2029,0.0019
GLOBAL,PWRCSPINDEA01,S2D2,2030,0.0019
GLOBAL,PWRCSPINDEA01,S2D2,2031,0.0019
GLOBAL,PWRCSPINDEA01,S2D2,2032,0.0019
GLOBAL,PWRCSPINDEA01,S2D2,2033,0.0019
GLOBAL,PWRCSPINDEA01,S2D2,2034,0.0019
GLOBAL,PWRCSPINDEA01,S2D2,2035,0.0019
GLOBAL,PWRCSPINDEA01,S2D2,2036,0.0019
GLOBAL,PWRCSPINDEA01,S2D2,2037,0.0019
GLOBAL,PWRCSPINDEA01,S2D2,2038,0.0019
GLOBAL,PWRCSPINDEA01,S2D2,2039,0.0019
GLOBAL,PWRCSPINDEA01,S2D2,2040,0.0019
GLOBAL,PWRCSPINDEA01,S2D2,2041,0.0019
GLOBAL,PWRCSPINDEA01,S2D2,2042,0.0019
GLOBAL,PWRCSPINDEA01,S2D2,2043,0.0019
GLOBAL,PWRCSPINDEA01,S2D2,2044,0.0019
GLOBAL,PWRCSPINDEA01,S2D2,2045,0.0019
GLOBAL,PWRCSPINDEA01,S2D2,2046,0.0019
GLOBAL,PWRCSPINDEA01,S2D2,2047,0.0019
GLOBAL,PWRCSPINDEA01,S2D2,2048,0.0019
GLOBAL,PWRCSPINDEA01,S2D2,2049,0.0019
GLOBAL,PWRCSPINDEA01,S2D2,2050,0.0019
GLOBAL,PWRCSPINDNE01,S2D2,2021,0.0044
GLOBAL,PWRCSPINDNE01,S2D2,2022,0.0044
GLOBAL,PWRCSPINDNE01,S2D2,2023,0.0044
GLOBAL,PWRCSPINDNE01,S2D2,2024,0.0044
GLOBAL,PWRCSPINDNE01,S2D2,2025,0.0044
GLOBAL,PWRCSPINDNE01,S2D2,2026,0.0044
GLOBAL,PWRCSPINDNE01,S2D2,2027,0.0044
GLOBAL,PWRCSPINDNE01,S2D2,2028,0.0044
GLOBAL,PWRCSPINDNE01,S2D2,2029,0.0044
GLOBAL,PWRCSPINDNE01,S2D2,2030,0.0044
GLOBAL,PWRCSPINDNE01,S2D2,2031,0.0044
GLOBAL,PWRCSPINDNE01,S2D2,2032,0.0044
GLOBAL,PWRCSPINDNE01,S2D2,2033,0.0044
GLOBAL,PWRCSPINDNE01,S2D2,2034,0.0044
GLOBAL,PWRCSPINDNE01,S2D2,2035,0.0044
GLOBAL,PWRCSPINDNE01,S2D2,2036,0.0044
GLOBAL,PWRCSPINDNE01,S2D2,2037,0.0044
GLOBAL,PWRCSPINDNE01,S2D2,2038,0.0044
GLOBAL,PWRCSPINDNE01,S2D2,2039,0.0044
GLOBAL,PWRCSPINDNE01,S2D2,2040,0.0044
GLOBAL,PWRCSPINDNE01,S2D2,2041,0.0044
GLOBAL,PWRCSPINDNE01,S2D2,2042,0.0044
GLOBAL,PWRCSPINDNE01,S2D2,2043,0.0044
GLOBAL,PWRCSPINDNE01,S2D2,2044,0.0044
GLOBAL,PWRCSPINDNE01,S2D2,2045,0.0044
GLOBAL,PWRCSPINDNE01,S2D2,2046,0.0044
GLOBAL,PWRCSPINDNE01,S2D2,2047,0.0044
GLOBAL,PWRCSPINDNE01,S2D2,2048,0.0044
GLOBAL,PWRCSPINDNE01,S2D2,2049,0.0044
GLOBAL,PWRCSPINDNE01,S2D2,2050,0.0044
GLOBAL,PWRCSPINDNO01,S2D2,2021,0.0006
GLOBAL,PWRCSPINDNO01,S2D2,2022,0.0006
GLOBAL,PWRCSPINDNO01,S2D2,2023,0.0006
GLOBAL,PWRCSPINDNO01,S2D2,2024,0.0006
GLOBAL,PWRCSPINDNO01,S2D2,2025,0.0006
GLOBAL,PWRCSPINDNO01,S2D2,2026,0.0006
GLOBAL,PWRCSPINDNO01,S2D2,2027,0.0006
GLOBAL,PWRCSPINDNO01,S2D2,2028,0.0006
GLOBAL,PWRCSPINDNO01,S2D2,2029,0.0006
GLOBAL,PWRCSPINDNO01,S2D2,2030,0.0006
GLOBAL,PWRCSPINDNO01,S2D2,2031,0.0006
GLOBAL,PWRCSPINDNO01,S2D2,2032,0.0006
GLOBAL,PWRCSPINDNO01,S2D2,2033,0.0006
GLOBAL,PWRCSPINDNO01,S2D2,2034,0.0006
GLOBAL,PWRCSPINDNO01,S2D2,2035,0.0006
GLOBAL,PWRCSPINDNO01,S2D2,2036,0.0006
GLOBAL,PWRCSPINDNO01,S2D2,2037,0.0006
GLOBAL,PWRCSPINDNO01,S2D2,2038,0.0006
GLOBAL,PWRCSPINDNO01,S2D2,2039,0.0006
GLOBAL,PWRCSPINDNO01,S2D2,2040,0.0006
GLOBAL,PWRCSPINDNO01,S2D2,2041,0.0006
GLOBAL,PWRCSPINDNO01,S2D2,2042,0.0006
GLOBAL,PWRCSPINDNO01,S2D2,2043,0.0006
GLOBAL,PWRCSPINDNO01,S2D2,2044,0.0006
GLOBAL,PWRCSPINDNO01,S2D2,2045,0.0006
GLOBAL,PWRCSPINDNO01,S2D2,2046,0.0006
GLOBAL,PWRCSPINDNO01,S2D2,2047,0.0006
GLOBAL,PWRCSPINDNO01,S2D2,2048,0.0006
GLOBAL,PWRCSPINDNO01,S2D2,2049,0.0006
GLOBAL,PWRCSPINDNO01,S2D2,2050,0.0006
GLOBAL,PWRCSPINDSO01,S2D2,2021,0.0007
GLOBAL,PWRCSPINDSO01,S2D2,2022,0.0007
GLOBAL,PWRCSPINDSO01,S2D2,2023,0.0007
GLOBAL,PWRCSPINDSO01,S2D2,2024,0.0007
GLOBAL,PWRCSPINDSO01,S2D2,2025,0.0007
GLOBAL,PWRCSPINDSO01,S2D2,2026,0.0007
GLOBAL,PWRCSPINDSO01,S2D2,2027,0.0007
GLOBAL,PWRCSPINDSO01,S2D2,2028,0.0007
GLOBAL,PWRCSPINDSO01,S2D2,2029,0.0007
GLOBAL,PWRCSPINDSO01,S2D2,2030,0.0007
GLOBAL,PWRCSPINDSO01,S2D2,2031,0.0007
GLOBAL,PWRCSPINDSO01,S2D2,2032,0.0007
GLOBAL,PWRCSPINDSO01,S2D2,2033,0.0007
GLOBAL,PWRCSPINDSO01,S2D2,2034,0.0007
GLOBAL,PWRCSPINDSO01,S2D2,2035,0.0007
GLOBAL,PWRCSPINDSO01,S2D2,2036,0.0007
GLOBAL,PWRCSPINDSO01,S2D2,2037,0.0007
GLOBAL,PWRCSPINDSO01,S2D2,2038,0.0007
GLOBAL,PWRCSPINDSO01,S2D2,2039,0.0007
GLOBAL,PWRCSPINDSO01,S2D2,2040,0.0007
GLOBAL,PWRCSPINDSO01,S2D2,2041,0.0007
GLOBAL,PWRCSPINDSO01,S2D2,2042,0.0007
GLOBAL,PWRCSPINDSO01,S2D2,2043,0.0007
GLOBAL,PWRCSPINDSO01,S2D2,2044,0.0007
GLOBAL,PWRCSPINDSO01,S2D2,2045,0.0007
GLOBAL,PWRCSPINDSO01,S2D2,2046,0.0007
GLOBAL,PWRCSPINDSO01,S2D2,2047,0.0007
GLOBAL,PWRCSPINDSO01,S2D2,2048,0.0007
GLOBAL,PWRCSPINDSO01,S2D2,2049,0.0007
GLOBAL,PWRCSPINDSO01,S2D2,2050,0.0007
GLOBAL,PWRCSPINDWE01,S2D2,2021,0.0006
GLOBAL,PWRCSPINDWE01,S2D2,2022,0.0006
GLOBAL,PWRCSPINDWE01,S2D2,2023,0.0006
GLOBAL,PWRCSPINDWE01,S2D2,2024,0.0006
GLOBAL,PWRCSPINDWE01,S2D2,2025,0.0006
GLOBAL,PWRCSPINDWE01,S2D2,2026,0.0006
GLOBAL,PWRCSPINDWE01,S2D2,2027,0.0006
GLOBAL,PWRCSPINDWE01,S2D2,2028,0.0006
GLOBAL,PWRCSPINDWE01,S2D2,2029,0.0006
GLOBAL,PWRCSPINDWE01,S2D2,2030,0.0006
GLOBAL,PWRCSPINDWE01,S2D2,2031,0.0006
GLOBAL,PWRCSPINDWE01,S2D2,2032,0.0006
GLOBAL,PWRCSPINDWE01,S2D2,2033,0.0006
GLOBAL,PWRCSPINDWE01,S2D2,2034,0.0006
GLOBAL,PWRCSPINDWE01,S2D2,2035,0.0006
GLOBAL,PWRCSPINDWE01,S2D2,2036,0.0006
GLOBAL,PWRCSPINDWE01,S2D2,2037,0.0006
GLOBAL,PWRCSPINDWE01,S2D2,2038,0.0006
GLOBAL,PWRCSPINDWE01,S2D2,2039,0.0006
GLOBAL,PWRCSPINDWE01,S2D2,2040,0.0006
GLOBAL,PWRCSPINDWE01,S2D2,2041,0.0006
GLOBAL,PWRCSPINDWE01,S2D2,2042,0.0006
GLOBAL,PWRCSPINDWE01,S2D2,2043,0.0006
GLOBAL,PWRCSPINDWE01,S2D2,2044,0.0006
GLOBAL,PWRCSPINDWE01,S2D2,2045,0.0006
GLOBAL,PWRCSPINDWE01,S2D2,2046,0.0006
GLOBAL,PWRCSPINDWE01,S2D2,2047,0.0006
GLOBAL,PWRCSPINDWE01,S2D2,2048,0.0006
GLOBAL,PWRCSPINDWE01,S2D2,2049,0.0006
GLOBAL,PWRCSPINDWE01,S2D2,2050,0.0006
GLOBAL,PWRSPVINDEA01,S1D1,2021,0.246
GLOBAL,PWRSPVINDEA01,S1D1,2022,0.246
GLOBAL,PWRSPVINDEA01,S1D1,2023,0.246
GLOBAL,PWRSPVINDEA01,S1D1,2024,0.246
GLOBAL,PWRSPVINDEA01,S1D1,2025,0.246
GLOBAL,PWRSPVINDEA01,S1D1,2026,0.246
GLOBAL,PWRSPVINDEA01,S1D1,2027,0.246
GLOBAL,PWRSPVINDEA01,S1D1,2028,0.246
GLOBAL,PWRSPVINDEA01,S1D1,2029,0.246
GLOBAL,PWRSPVINDEA01,S1D1,2030,0.246
GLOBAL,PWRSPVINDEA01,S1D1,2031,0.246
GLOBAL,PWRSPVINDEA01,S1D1,2032,0.246
GLOBAL,PWRSPVINDEA01,S1D1,2033,0.246
GLOBAL,PWRSPVINDEA01,S1D1,2034,0.246
GLOBAL,PWRSPVINDEA01,S1D1,2035,0.246
GLOBAL,PWRSPVINDEA01,S1D1,2036,0.246
GLOBAL,PWRSPVINDEA01,S1D1,2037,0.246
GLOBAL,PWRSPVINDEA01,S1D1,2038,0.246
GLOBAL,PWRSPVINDEA01,S1D1,2039,0.246
GLOBAL,PWRSPVINDEA01,S1D1,2040,0.246
GLOBAL,PWRSPVINDEA01,S1D1,2041,0.246
GLOBAL,PWRSPVINDEA01,S1D1,2042,0.246
GLOBAL,PWRSPVINDEA01,S1D1,2043,0.246
GLOBAL,PWRSPVINDEA01,S1D1,2044,0.246
GLOBAL,PWRSPVINDEA01,S1D1,2045,0.246
GLOBAL,PWRSPVINDEA01,S1D1,2046,0.246
GLOBAL,PWRSPVINDEA01,S1D1,2047,0.246
GLOBAL,PWRSPVINDEA01,S1D1,2048,0.246
GLOBAL,PWRSPVINDEA01,S1D1,2049,0.246
GLOBAL,PWRSPVINDEA01,S1D1,2050,0.246
GLOBAL,PWRSPVINDNE01,S1D1,2021,0.2398
GLOBAL,PWRSPVINDNE01,S1D1,2022,0.2398
GLOBAL,PWRSPVINDNE01,S1D1,2023,0.2398
GLOBAL,PWRSPVINDNE01,S1D1,2024,0.2398
GLOBAL,PWRSPVINDNE01,S1D1,2025,0.2398
GLOBAL,PWRSPVINDNE01,S1D1,2026,0.2398
GLOBAL,PWRSPVINDNE01,S1D1,2027,0.2398
GLOBAL,PWRSPVINDNE01,S1D1,2028,0.2398
GLOBAL,PWRSPVINDNE01,S1D1,2029,0.2398
GLOBAL,PWRSPVINDNE01,S1D1,2030,0.2398
GLOBAL,PWRSPVINDNE01,S1D1,2031,0.2398
GLOBAL,PWRSPVINDNE01,S1D1,2032,0.2398
GLOBAL,PWRSPVINDNE01,S1D1,2033,0.2398
GLOBAL,PWRSPVINDNE01,S1D1,2034,0.2398
GLOBAL,PWRSPVINDNE01,S1D1,2035,0.2398
GLOBAL,PWRSPVINDNE01,S1D1,2036,0.2398
GLOBAL,PWRSPVINDNE01,S1D1,2037,0.2398
GLOBAL,PWRSPVINDNE01,S1D1,2038,0.2398
GLOBAL,PWRSPVINDNE01,S1D1,2039,0.2398
GLOBAL,PWRSPVINDNE01,S1D1,2040,0.2398
GLOBAL,PWRSPVINDNE01,S1D1,2041,0.2398
GLOBAL,PWRSPVINDNE01,S1D1,2042,0.2398
GLOBAL,PWRSPVINDNE01,S1D1,2043,0.2398
GLOBAL,PWRSPVINDNE01,S1D1,2044,0.2398
GLOBAL,PWRSPVINDNE01,S1D1,2045,0.2398
GLOBAL,PWRSPVINDNE01,S1D1,2046,0.2398
GLOBAL,PWRSPVINDNE01,S1D1,2047,0.2398
GLOBAL,PWRSPVINDNE01,S1D1,2048,0.2398
GLOBAL,PWRSPVINDNE01,S1D1,2049,0.2398
GLOBAL,PWRSPVINDNE01,S1D1,2050,0.2398
GLOBAL,PWRSPVINDNO01,S1D1,2021,0.2685
GLOBAL,PWRSPVINDNO01,S1D1,2022,0.2685
GLOBAL,PWRSPVINDNO01,S1D1,2023,0.2685
GLOBAL,PWRSPVINDNO01,S1D1,2024,0.2685
GLOBAL,PWRSPVINDNO01,S1D1,2025,0.2685
GLOBAL,PWRSPVINDNO01,S1D1,2026,0.2685
GLOBAL,PWRSPVINDNO01,S1D1,2027,0.2685
GLOBAL,PWRSPVINDNO01,S1D1,2028,0.2685
GLOBAL,PWRSPVINDNO01,S1D1,2029,0.2685
GLOBAL,PWRSPVINDNO01,S1D1,2030,0.2685
GLOBAL,PWRSPVINDNO01,S1D1,2031,0.2685
GLOBAL,PWRSPVINDNO01,S1D1,2032,0.2685
GLOBAL,PWRSPVINDNO01,S1D1,2033,0.2685
GLOBAL,PWRSPVINDNO01,S1D1,2034,0.2685
GLOBAL,PWRSPVINDNO01,S1D1,2035,0.2685
GLOBAL,PWRSPVINDNO01,S1D1,2036,0.2685
GLOBAL,PWRSPVINDNO01,S1D1,2037,0.2685
GLOBAL,PWRSPVINDNO01,S1D1,2038,0.2685
GLOBAL,PWRSPVINDNO01,S1D1,2039,0.2685
GLOBAL,PWRSPVINDNO01,S1D1,2040,0.2685
GLOBAL,PWRSPVINDNO01,S1D1,2041,0.2685
GLOBAL,PWRSPVINDNO01,S1D1,2042,0.2685
GLOBAL,PWRSPVINDNO01,S1D1,2043,0.2685
GLOBAL,PWRSPVINDNO01,S1D1,2044,0.2685
GLOBAL,PWRSPVINDNO01,S1D1,2045,0.2685
GLOBAL,PWRSPVINDNO01,S1D1,2046,0.2685
GLOBAL,PWRSPVINDNO01,S1D1,2047,0.2685
GLOBAL,PWRSPVINDNO01,S1D1,2048,0.2685
GLOBAL,PWRSPVINDNO01,S1D1,2049,0.2685
GLOBAL,PWRSPVINDNO01,S1D1,2050,0.2685
GLOBAL,PWRSPVINDSO01,S1D1,2021,0.2439
GLOBAL,PWRSPVINDSO01,S1D1,2022,0.2439
GLOBAL,PWRSPVINDSO01,S1D1,2023,0.2439
GLOBAL,PWRSPVINDSO01,S1D1,2024,0.2439
GLOBAL,PWRSPVINDSO01,S1D1,2025,0.2439
GLOBAL,PWRSPVINDSO01,S1D1,2026,0.2439
GLOBAL,PWRSPVINDSO01,S1D1,2027,0.2439
GLOBAL,PWRSPVINDSO01,S1D1,2028,0.2439
GLOBAL,PWRSPVINDSO01,S1D1,2029,0.2439
GLOBAL,PWRSPVINDSO01,S1D1,2030,0.2439
GLOBAL,PWRSPVINDSO01,S1D1,2031,0.2439
GLOBAL,PWRSPVINDSO01,S1D1,2032,0.2439
GLOBAL,PWRSPVINDSO01,S1D1,2033,0.2439
GLOBAL,PWRSPVINDSO01,S1D1,2034,0.2439
GLOBAL,PWRSPVINDSO01,S1D1,2035,0.2439
GLOBAL,PWRSPVINDSO01,S1D1,2036,0.2439
GLOBAL,PWRSPVINDSO01,S1D1,2037,0.2439
GLOBAL,PWRSPVINDSO01,S1D1,2038,0.2439
GLOBAL,PWRSPVINDSO01,S1D1,2039,0.2439
GLOBAL,PWRSPVINDSO01,S1D1,2040,0.2439
GLOBAL,PWRSPVINDSO01,S1D1,2041,0.2439
GLOBAL,PWRSPVINDSO01,S1D1,2042,0.2439
GLOBAL,PWRSPVINDSO01,S1D1,2043,0.2439
GLOBAL,PWRSPVINDSO01,S1D1,2044,0.2439
GLOBAL,PWRSPVINDSO01,S1D1,2045,0.2439
GLOBAL,PWRSPVINDSO01,S1D1,2046,0.2439
GLOBAL,PWRSPVINDSO01,S1D1,2047,0.2439
GLOBAL,PWRSPVINDSO01,S1D1,2048,0.2439
GLOBAL,PWRSPVINDSO01,S1D1,2049,0.2439
GLOBAL,PWRSPVINDSO01,S1D1,2050,0.2439
GLOBAL,PWRSPVINDWE01,S1D1,2021,0.2649
GLOBAL,PWRSPVINDWE01,S1D1,2022,0.2649
GLOBAL,PWRSPVINDWE01,S1D1,2023,0.2649
GLOBAL,PWRSPVINDWE01,S1D1,2024,0.2649
GLOBAL,PWRSPVINDWE01,S1D1,2025,0.2649
GLOBAL,PWRSPVINDWE01,S1D1,2026,0.2649
GLOBAL,PWRSPVINDWE01,S1D1,2027,0.2649
GLOBAL,PWRSPVINDWE01,S1D1,2028,0.2649
GLOBAL,PWRSPVINDWE01,S1D1,2029,0.2649
GLOBAL,PWRSPVINDWE01,S1D1,2030,0.2649
GLOBAL,PWRSPVINDWE01,S1D1,2031,0.2649
GLOBAL,PWRSPVINDWE01,S1D1,2032,0.2649
GLOBAL,PWRSPVINDWE01,S1D1,2033,0.2649
GLOBAL,PWRSPVINDWE01,S1D1,2034,0.2649
GLOBAL,PWRSPVINDWE01,S1D1,2035,0.2649
GLOBAL,PWRSPVINDWE01,S1D1,2036,0.2649
GLOBAL,PWRSPVINDWE01,S1D1,2037,0.2649
GLOBAL,PWRSPVINDWE01,S1D1,2038,0.2649
GLOBAL,PWRSPVINDWE01,S1D1,2039,0.2649
GLOBAL,PWRSPVINDWE01,S1D1,2040,0.2649
GLOBAL,PWRSPVINDWE01,S1D1,2041,0.2649
GLOBAL,PWRSPVINDWE01,S1D1,2042,0.2649
GLOBAL,PWRSPVINDWE01,S1D1,2043,0.2649
GLOBAL,PWRSPVINDWE01,S1D1,2044,0.2649
GLOBAL,PWRSPVINDWE01,S1D1,2045,0.2649
GLOBAL,PWRSPVINDWE01,S1D1,2046,0.2649
GLOBAL,PWRSPVINDWE01,S1D1,2047,0.2649
GLOBAL,PWRSPVINDWE01,S1D1,2048,0.2649
GLOBAL,PWRSPVINDWE01,S1D1,2049,0.2649
GLOBAL,PWRSPVINDWE01,S1D1,2050,0.2649
GLOBAL,PWRSPVINDEA01,S1D2,2021,0.0014
GLOBAL,PWRSPVINDEA01,S1D2,2022,0.0014
GLOBAL,PWRSPVINDEA01,S1D2,2023,0.0014
GLOBAL,PWRSPVINDEA01,S1D2,2024,0.0014
GLOBAL,PWRSPVINDEA01,S1D2,2025,0.0014
GLOBAL,PWRSPVINDEA01,S1D2,2026,0.0014
GLOBAL,PWRSPVINDEA01,S1D2,2027,0.0014
GLOBAL,PWRSPVINDEA01,S1D2,2028,0.0014
GLOBAL,PWRSPVINDEA01,S1D2,2029,0.0014
GLOBAL,PWRSPVINDEA01,S1D2,2030,0.0014
GLOBAL,PWRSPVINDEA01,S1D2,2031,0.0014
GLOBAL,PWRSPVINDEA01,S1D2,2032,0.0014
GLOBAL,PWRSPVINDEA01,S1D2,2033,0.0014
GLOBAL,PWRSPVINDEA01,S1D2,2034,0.0014
GLOBAL,PWRSPVINDEA01,S1D2,2035,0.0014
GLOBAL,PWRSPVINDEA01,S1D2,2036,0.0014
GLOBAL,PWRSPVINDEA01,S1D2,2037,0.0014
GLOBAL,PWRSPVINDEA01,S1D2,2038,0.0014
GLOBAL,PWRSPVINDEA01,S1D2,2039,0.0014
GLOBAL,PWRSPVINDEA01,S1D2,2040,0.0014
GLOBAL,PWRSPVINDEA01,S1D2,2041,0.0014
GLOBAL,PWRSPVINDEA01,S1D2,2042,0.0014
GLOBAL,PWRSPVINDEA01,S1D2,2043,0.0014
GLOBAL,PWRSPVINDEA01,S1D2,2044,0.0014
GLOBAL,PWRSPVINDEA01,S1D2,2045,0.0014
GLOBAL,PWRSPVINDEA01,S1D2,2046,0.0014
GLOBAL,PWRSPVINDEA01,S1D2,2047,0.0014
GLOBAL,PWRSPVINDEA01,S1D2,2048,0.0014
GLOBAL,PWRSPVINDEA01,S1D2,2049,0.0014
GLOBAL,PWRSPVINDEA01,S1D2,2050,0.0014
GLOBAL,PWRSPVINDNE01,S1D2,2021,0.0032
GLOBAL,PWRSPVINDNE01,S1D2,2022,0.0032
GLOBAL,PWRSPVINDNE01,S1D2,2023,0.0032
GLOBAL,PWRSPVINDNE01,S1D2,2024,0.0032
GLOBAL,PWRSPVINDNE01,S1D2,2025,0.0032
GLOBAL,PWRSPVINDNE01,S1D2,2026,0.0032
GLOBAL,PWRSPVINDNE01,S1D2,2027,0.0032
GLOBAL,PWRSPVINDNE01,S1D2,2028,0.0032
GLOBAL,PWRSPVINDNE01,S1D2,2029,0.0032
GLOBAL,PWRSPVINDNE01,S1D2,2030,0.0032
GLOBAL,PWRSPVINDNE01,S1D2,2031,0.0032
GLOBAL,PWRSPVINDNE01,S1D2,2032,0.0032
GLOBAL,PWRSPVINDNE01,S1D2,2033,0.0032
GLOBAL,PWRSPVINDNE01,S1D2,2034,0.0032
GLOBAL,PWRSPVINDNE01,S1D2,2035,0.0032
GLOBAL,PWRSPVINDNE01,S1D2,2036,0.0032
GLOBAL,PWRSPVINDNE01,S1D2,2037,0.0032
GLOBAL,PWRSPVINDNE01,S1D2,2038,0.0032
GLOBAL,PWRSPVINDNE01,S1D2,2039,0.0032
GLOBAL,PWRSPVINDNE01,S1D2,2040,0.0032
GLOBAL,PWRSPVINDNE01,S1D2,2041,0.0032
GLOBAL,PWRSPVINDNE01,S1D2,2042,0.0032
GLOBAL,PWRSPVINDNE01,S1D2,2043,0.0032
GLOBAL,PWRSPVINDNE01,S1D2,2044,0.0032
GLOBAL,PWRSPVINDNE01,S1D2,2045,0.0032
GLOBAL,PWRSPVINDNE01,S1D2,2046,0.0032
GLOBAL,PWRSPVINDNE01,S1D2,2047,0.0032
GLOBAL,PWRSPVINDNE01,S1D2,2048,0.0032
GLOBAL,PWRSPVINDNE01,S1D2,2049,0.0032
GLOBAL,PWRSPVINDNE01,S1D2,2050,0.0032
GLOBAL,PWRSPVINDNO01,S1D2,2021,0.0004
GLOBAL,PWRSPVINDNO01,S1D2,2022,0.0004
GLOBAL,PWRSPVINDNO01,S1D2,2023,0.0004
GLOBAL,PWRSPVINDNO01,S1D2,2024,0.0004
GLOBAL,PWRSPVINDNO01,S1D2,2025,0.0004
GLOBAL,PWRSPVINDNO01,S1D2,2026,0.0004
GLOBAL,PWRSPVINDNO01,S1D2,2027,0.0004
GLOBAL,PWRSPVINDNO01,S1D2,2028,0.0004
GLOBAL,PWRSPVINDNO01,S1D2,2029,0.0004
GLOBAL,PWRSPVINDNO01,S1D2,2030,0.0004
GLOBAL,PWRSPVINDNO01,S1D2,2031,0.0004
GLOBAL,PWRSPVINDNO01,S1D2,2032,0.0004
GLOBAL,PWRSPVINDNO01,S1D2,2033,0.0004
GLOBAL,PWRSPVINDNO01,S1D2,2034,0.0004
GLOBAL,PWRSPVINDNO01,S1D2,2035,0.0004
GLOBAL,PWRSPVINDNO01,S1D2,2036,0.0004
GLOBAL,PWRSPVINDNO01,S1D2,2037,0.0004
GLOBAL,PWRSPVINDNO01,S1D2,2038,0.0004
GLOBAL,PWRSPVINDNO01,S1D2,2039,0.0004
GLOBAL,PWRSPVINDNO01,S1D2,2040,0.0004
GLOBAL,PWRSPVINDNO01,S1D2,2041,0.0004
GLOBAL,PWRSPVINDNO01,S1D2,2042,0.0004
GLOBAL,PWRSPVINDNO01,S1D2,2043,0.0004
GLOBAL,PWRSPVINDNO01,S1D2,2044,0.0004
GLOBAL,PWRSPVINDNO01,S1D2,2045,0.0004
GLOBAL,PWRSPVINDNO01,S1D2,2046,0.0004
GLOBAL,PWRSPVINDNO01,S1D2,2047,0.0004
GLOBAL,PWRSPVINDNO01,S1D2,2048,0.0004
GLOBAL,PWRSPVINDNO01,S1D2,2049,0.0004
GLOBAL,PWRSPVINDNO01,S1D2,2050,0.0004
GLOBAL,PWRSPVINDSO01,S1D2,2021,0.0004
GLOBAL,PWRSPVINDSO01,S1D2,2022,0.0004
GLOBAL,PWRSPVINDSO01,S1D2,2023,0.0004
GLOBAL,PWRSPVINDSO01,S1D2,2024,0.0004
GLOBAL,PWRSPVINDSO01,S1D2,2025,0.0004
GLOBAL,PWRSPVINDSO01,S1D2,2026,0.0004
GLOBAL,PWRSPVINDSO01,S1D2,2027,0.0004
GLOBAL,PWRSPVINDSO01,S1D2,2028,0.0004
GLOBAL,PWRSPVINDSO01,S1D2,2029,0.0004
GLOBAL,PWRSPVINDSO01,S1D2,2030,0.0004
GLOBAL,PWRSPVINDSO01,S1D2,2031,0.0004
GLOBAL,PWRSPVINDSO01,S1D2,2032,0.0004
GLOBAL,PWRSPVINDSO01,S1D2,2033,0.0004
GLOBAL,PWRSPVINDSO01,S1D2,2034,0.0004
GLOBAL,PWRSPVINDSO01,S1D2,2035,0.0004
GLOBAL,PWRSPVINDSO01,S1D2,2036,0.0004
GLOBAL,PWRSPVINDSO01,S1D2,2037,0.0004
GLOBAL,PWRSPVINDSO01,S1D2,2038,0.0004
GLOBAL,PWRSPVINDSO01,S1D2,2039,0.0004
GLOBAL,PWRSPVINDSO01,S1D2,2040,0.0004
GLOBAL,PWRSPVINDSO01,S1D2,2041,0.0004
GLOBAL,PWRSPVINDSO01,S1D2,2042,0.0004
GLOBAL,PWRSPVINDSO01,S1D2,2043,0.0004
GLOBAL,PWRSPVINDSO01,S1D2,2044,0.0004
GLOBAL,PWRSPVINDSO01,S1D2,2045,0.0004
GLOBAL,PWRSPVINDSO01,S1D2,2046,0.0004
GLOBAL,PWRSPVINDSO01,S1D2,2047,0.0004
GLOBAL,PWRSPVINDSO01,S1D2,2048,0.0004
GLOBAL,PWRSPVINDSO01,S1D2,2049,0.0004
GLOBAL,PWRSPVINDSO01,S1D2,2050,0.0004
GLOBAL,PWRSPVINDWE01,S1D2,2021,0.0002
GLOBAL,PWRSPVINDWE01,S1D2,2022,0.0002
GLOBAL,PWRSPVINDWE01,S1D2,2023,0.0002
GLOBAL,PWRSPVINDWE01,S1D2,2024,0.0002
GLOBAL,PWRSPVINDWE01,S1D2,2025,0.0002
GLOBAL,PWRSPVINDWE01,S1D2,2026,0.0002
GLOBAL,PWRSPVINDWE01,S1D2,2027,0.0002
GLOBAL,PWRSPVINDWE01,S1D2,2028,0.0002
GLOBAL,PWRSPVINDWE01,S1D2,2029,0.0002
GLOBAL,PWRSPVINDWE01,S1D2,2030,0.0002
GLOBAL,PWRSPVINDWE01,S1D2,2031,0.0002
GLOBAL,PWRSPVINDWE01,S1D2,2032,0.0002
GLOBAL,PWRSPVINDWE01,S1D2,2033,0.0002
GLOBAL,PWRSPVINDWE01,S1D2,2034,0.0002
GLOBAL,PWRSPVINDWE01,S1D2,2035,0.0002
GLOBAL,PWRSPVINDWE01,S1D2,2036,0.0002
GLOBAL,PWRSPVINDWE01,S1D2,2037,0.0002
GLOBAL,PWRSPVINDWE01,S1D2,2038,0.0002
GLOBAL,PWRSPVINDWE01,S1D2,2039,0.0002
GLOBAL,PWRSPVINDWE01,S1D2,2040,0.0002
GLOBAL,PWRSPVINDWE01,S1D2,2041,0.0002
GLOBAL,PWRSPVINDWE01,S1D2,2042,0.0002
GLOBAL,PWRSPVINDWE01,S1D2,2043,0.0002
GLOBAL,PWRSPVINDWE01,S1D2,2044,0.0002
GLOBAL,PWRSPVINDWE01,S1D2,2045,0.0002
GLOBAL,PWRSPVINDWE01,S1D2,2046,0.0002
GLOBAL,PWRSPVINDWE01,S1D2,2047,0.0002
GLOBAL,PWRSPVINDWE01,S1D2,2048,0.0002
GLOBAL,PWRSPVINDWE01,S1D2,2049,0.0002
GLOBAL,PWRSPVINDWE01,S1D2,2050,0.0002
GLOBAL,PWRSPVINDEA01,S2D1,2021,0.2098
GLOBAL,PWRSPVINDEA01,S2D1,2022,0.2098
GLOBAL,PWRSPVINDEA01,S2D1,2023,0.2098
GLOBAL,PWRSPVINDEA01,S2D1,2024,0.2098
GLOBAL,PWRSPVINDEA01,S2D1,2025,0.2098
GLOBAL,PWRSPVINDEA01,S2D1,2026,0.2098
GLOBAL,PWRSPVINDEA01,S2D1,2027,0.2098
GLOBAL,PWRSPVINDEA01,S2D1,2028,0.2098
GLOBAL,PWRSPVINDEA01,S2D1,2029,0.2098
GLOBAL,PWRSPVINDEA01,S2D1,2030,0.2098
GLOBAL,PWRSPVINDEA01,S2D1,2031,0.2098
GLOBAL,PWRSPVINDEA01,S2D1,2032,0.2098
GLOBAL,PWRSPVINDEA01,S2D1,2033,0.2098
GLOBAL,PWRSPVINDEA01,S2D1,2034,0.2098
GLOBAL,PWRSPVINDEA01,S2D1,2035,0.2098
GLOBAL,PWRSPVINDEA01,S2D1,2036,0.2098
GLOBAL,PWRSPVINDEA01,S2D1,2037,0.2098
GLOBAL,PWRSPVINDEA01,S2D1,2038,0.2098
GLOBAL,PWRSPVINDEA01,S2D1,2039,0.2098
GLOBAL,PWRSPVINDEA01,S2D1,2040,0.2098
GLOBAL,PWRSPVINDEA01,S2D1,2041,0.2098
GLOBAL,PWRSPVINDEA01,S2D1,2042,0.2098
GLOBAL,PWRSPVINDEA01,S2D1,2043,0.2098
GLOBAL,PWRSPVINDEA01,S2D1,2044,0.2098
GLOBAL,PWRSPVINDEA01,S2D1,2045,0.2098
GLOBAL,PWRSPVINDEA01,S2D1,2046,0.2098
GLOBAL,PWRSPVINDEA01,S2D1,2047,0.2098
GLOBAL,PWRSPVINDEA01,S2D1,2048,0.2098
GLOBAL,PWRSPVINDEA01,S2D1,2049,0.2098
GLOBAL,PWRSPVINDEA01,S2D1,2050,0.2098
GLOBAL,PWRSPVINDNE01,S2D1,2021,0.1999
GLOBAL,PWRSPVINDNE01,S2D1,2022,0.1999
GLOBAL,PWRSPVINDNE01,S2D1,2023,0.1999
GLOBAL,PWRSPVINDNE01,S2D1,2024,0.1999
GLOBAL,PWRSPVINDNE01,S2D1,2025,0.1999
GLOBAL,PWRSPVINDNE01,S2D1,2026,0.1999
GLOBAL,PWRSPVINDNE01,S2D1,2027,0.1999
GLOBAL,PWRSPVINDNE01,S2D1,2028,0.1999
GLOBAL,PWRSPVINDNE01,S2D1,2029,0.1999
GLOBAL,PWRSPVINDNE01,S2D1,2030,0.1999
GLOBAL,PWRSPVINDNE01,S2D1,2031,0.1999
GLOBAL,PWRSPVINDNE01,S2D1,2032,0.1999
GLOBAL,PWRSPVINDNE01,S2D1,2033,0.1999
GLOBAL,PWRSPVINDNE01,S2D1,2034,0.1999
GLOBAL,PWRSPVINDNE01,S2D1,2035,0.1999
GLOBAL,PWRSPVINDNE01,S2D1,2036,0.1999
GLOBAL,PWRSPVINDNE01,S2D1,2037,0.1999
GLOBAL,PWRSPVINDNE01,S2D1,2038,0.1999
GLOBAL,PWRSPVINDNE01,S2D1,2039,0.1999
GLOBAL,PWRSPVINDNE01,S2D1,2040,0.1999
GLOBAL,PWRSPVINDNE01,S2D1,2041,0.1999
GLOBAL,PWRSPVINDNE01,S2D1,2042,0.1999
GLOBAL,PWRSPVINDNE01,S2D1,2043,0.1999
GLOBAL,PWRSPVINDNE01,S2D1,2044,0.1999
GLOBAL,PWRSPVINDNE01,S2D1,2045,0.1999
GLOBAL,PWRSPVINDNE01,S2D1,2046,0.1999
GLOBAL,PWRSPVINDNE01,S2D1,2047,0.1999
GLOBAL,PWRSPVINDNE01,S2D1,2048,0.1999
GLOBAL,PWRSPVINDNE01,S2D1,2049,0.1999
GLOBAL,PWRSPVINDNE01,S2D1,2050,0.1999
GLOBAL,PWRSPVINDNO01,S2D1,2021,0.2547
GLOBAL,PWRSPVINDNO01,S2D1,2022,0.2547
GLOBAL,PWRSPVINDNO01,S2D1,2023,0.2547
GLOBAL,PWRSPVINDNO01,S2D1,2024,0.2547
GLOBAL,PWRSPVINDNO01,S2D1,2025,0.2547
GLOBAL,PWRSPVINDNO01,S2D1,2026,0.2547
GLOBAL,PWRSPVINDNO01,S2D1,2027,0.2547
GLOBAL,PWRSPVINDNO01,S2D1,2028,0.2547
GLOBAL,PWRSPVINDNO01,S2D1,2029,0.2547
GLOBAL,PWRSPVINDNO01,S2D1,2030,0.2547
GLOBAL,PWRSPVINDNO01,S2D1,2031,0.2547
GLOBAL,PWRSPVINDNO01,S2D1,2032,0.2547
GLOBAL,PWRSPVINDNO01,S2D1,2033,0.2547
GLOBAL,PWRSPVINDNO01,S2D1,2034,0.2547
GLOBAL,PWRSPVINDNO01,S2D1,2035,0.2547
GLOBAL,PWRSPVINDNO01,S2D1,2036,0.2547
GLOBAL,PWRSPVINDNO01,S2D1,2037,0.2547
GLOBAL,PWRSPVINDNO01,S2D1,2038,0.2547
GLOBAL,PWRSPVINDNO01,S2D1,2039,0.2547
GLOBAL,PWRSPVINDNO01,S2D1,2040,0.2547
GLOBAL,PWRSPVINDNO01,S2D1,2041,0.2547
GLOBAL,PWRSPVINDNO01,S2D1,2042,0.2547
GLOBAL,PWRSPVINDNO01,S2D1,2043,0.2547
GLOBAL,PWRSPVINDNO01,S2D1,2044,0.2547
GLOBAL,PWRSPVINDNO01,S2D1,2045,0.2547
GLOBAL,PWRSPVINDNO01,S2D1,2046,0.2547
GLOBAL,PWRSPVINDNO01,S2D1,2047,0.2547
GLOBAL,PWRSPVINDNO01,S2D1,2048,0.2547
GLOBAL,PWRSPVINDNO01,S2D1,2049,0.2547
GLOBAL,PWRSPVINDNO01,S2D1,2050,0.2547
GLOBAL,PWRSPVINDSO01,S2D1,2021,0.2126
GLOBAL,PWRSPVINDSO01,S2D1,2022,0.2126
GLOBAL,PWRSPVINDSO01,S2D1,2023,0.2126
GLOBAL,PWRSPVINDSO01,S2D1,2024,0.2126
GLOBAL,PWRSPVINDSO01,S2D1,2025,0.2126
GLOBAL,PWRSPVINDSO01,S2D1,2026,0.2126
GLOBAL,PWRSPVINDSO01,S2D1,2027,0.2126
GLOBAL,PWRSPVINDSO01,S2D1,2028,0.2126
GLOBAL,PWRSPVINDSO01,S2D1,2029,0.2126
GLOBAL,PWRSPVINDSO01,S2D1,2030,0.2126
GLOBAL,PWRSPVINDSO01,S2D1,2031,0.2126
GLOBAL,PWRSPVINDSO01,S2D1,2032,0.2126
GLOBAL,PWRSPVINDSO01,S2D1,2033,0.2126
GLOBAL,PWRSPVINDSO01,S2D1,2034,0.2126
GLOBAL,PWRSPVINDSO01,S2D1,2035,0.2126
GLOBAL,PWRSPVINDSO01,S2D1,2036,0.2126
GLOBAL,PWRSPVINDSO01,S2D1,2037,0.2126
GLOBAL,PWRSPVINDSO01,S2D1,2038,0.2126
GLOBAL,PWRSPVINDSO01,S2D1,2039,0.2126
GLOBAL,PWRSPVINDSO01,S2D1,2040,0.2126
GLOBAL,PWRSPVINDSO01,S2D1,2041,0.2126
GLOBAL,PWRSPVINDSO01,S2D1,2042,0.2126
GLOBAL,PWRSPVINDSO01,S2D1,2043,0.2126
GLOBAL,PWRSPVINDSO01,S2D1,2044,0.2126
GLOBAL,PWRSPVINDSO01,S2D1,2045,0.2126
GLOBAL,PWRSPVINDSO01,S2D1,2046,0.2126
GLOBAL,PWRSPVINDSO01,S2D1,2047,0.2126
GLOBAL,PWRSPVINDSO01,S2D1,2048,0.2126
GLOBAL,PWRSPVINDSO01,S2D1,2049,0.2126
GLOBAL,PWRSPVINDSO01,S2D1,2050,0.2126
GLOBAL,PWRSPVINDWE01,S2D1,2021,0.2435
GLOBAL,PWRSPVINDWE01,S2D1,2022,0.2435
GLOBAL,PWRSPVINDWE01,S2D1,2023,0.2435
GLOBAL,PWRSPVINDWE01,S2D1,2024,0.2435
GLOBAL,PWRSPVINDWE01,S2D1,2025,0.2435
GLOBAL,PWRSPVINDWE01,S2D1,2026,0.2435
GLOBAL,PWRSPVINDWE01,S2D1,2027,0.2435
GLOBAL,PWRSPVINDWE01,S2D1,2028,0.2435
GLOBAL,PWRSPVINDWE01,S2D1,2029,0.2435
GLOBAL,PWRSPVINDWE01,S2D1,2030,0.2435
GLOBAL,PWRSPVINDWE01,S2D1,2031,0.2435
GLOBAL,PWRSPVINDWE01,S2D1,2032,0.2435
GLOBAL,PWRSPVINDWE01,S2D1,2033,0.2435
GLOBAL,PWRSPVINDWE01,S2D1,2034,0.2435
GLOBAL,PWRSPVINDWE01,S2D1,2035,0.2435
GLOBAL,PWRSPVINDWE01,S2D1,2036,0.2435
GLOBAL,PWRSPVINDWE01,S2D1,2037,0.2435
GLOBAL,PWRSPVINDWE01,S2D1,2038,0.2435
GLOBAL,PWRSPVINDWE01,S2D1,2039,0.2435
GLOBAL,PWRSPVINDWE01,S2D1,2040,0.2435
GLOBAL,PWRSPVINDWE01,S2D1,2041,0.2435
GLOBAL,PWRSPVINDWE01,S2D1,2042,0.2435
GLOBAL,PWRSPVINDWE01,S2D1,2043,0.2435
GLOBAL,PWRSPVINDWE01,S2D1,2044,0.2435
GLOBAL,PWRSPVINDWE01,S2D1,2045,0.2435
GLOBAL,PWRSPVINDWE01,S2D1,2046,0.2435
GLOBAL,PWRSPVINDWE01,S2D1,2047,0.2435
GLOBAL,PWRSPVINDWE01,S2D1,2048,0.2435
GLOBAL,PWRSPVINDWE01,S2D1,2049,0.2435
GLOBAL,PWRSPVINDWE01,S2D1,2050,0.2435
GLOBAL,PWRSPVINDEA01,S2D2,2021,0.0007
GLOBAL,PWRSPVINDEA01,S2D2,2022,0.0007
GLOBAL,PWRSPVINDEA01,S2D2,2023,0.0007
GLOBAL,PWRSPVINDEA01,S2D2,2024,0.0007
GLOBAL,PWRSPVINDEA01,S2D2,2025,0.0007
GLOBAL,PWRSPVINDEA01,S2D2,2026,0.0007
GLOBAL,PWRSPVINDEA01,S2D2,2027,0.0007
GLOBAL,PWRSPVINDEA01,S2D2,2028,0.0007
GLOBAL,PWRSPVINDEA01,S2D2,2029,0.0007
GLOBAL,PWRSPVINDEA01,S2D2,2030,0.0007
GLOBAL,PWRSPVINDEA01,S2D2,2031,0.0007
GLOBAL,PWRSPVINDEA01,S2D2,2032,0.0007
GLOBAL,PWRSPVINDEA01,S2D2,2033,0.0007
GLOBAL,PWRSPVINDEA01,S2D2,2034,0.0007
GLOBAL,PWRSPVINDEA01,S2D2,2035,0.0007
GLOBAL,PWRSPVINDEA01,S2D2,2036,0.0007
GLOBAL,PWRSPVINDEA01,S2D2,2037,0.0007
GLOBAL,PWRSPVINDEA01,S2D2,2038,0.0007
GLOBAL,PWRSPVINDEA01,S2D2,2039,0.0007
GLOBAL,PWRSPVINDEA01,S2D2,2040,0.0007
GLOBAL,PWRSPVINDEA01,S2D2,2041,0.0007
GLOBAL,PWRSPVINDEA01,S2D2,2042,0.0007
GLOBAL,PWRSPVINDEA01,S2D2,2043,0.0007
GLOBAL,PWRSPVINDEA01,S2D2,2044,0.0007
GLOBAL,PWRSPVINDEA01,S2D2,2045,0.0007
GLOBAL,PWRSPVINDEA01,S2D2,2046,0.0007
GLOBAL,PWRSPVINDEA01,S2D2,2047,0.0007
GLOBAL,PWRSPVINDEA01,S2D2,2048,0.0007
GLOBAL,PWRSPVINDEA01,S2D2,2049,0.0007
GLOBAL,PWRSPVINDEA01,S2D2,2050,0.0007
GLOBAL,PWRSPVINDNE01,S2D2,2021,0.0018
GLOBAL,PWRSPVINDNE01,S2D2,2022,0.0018
GLOBAL,PWRSPVINDNE01,S2D2,2023,0.0018
GLOBAL,PWRSPVINDNE01,S2D2,2024,0.0018
GLOBAL,PWRSPVINDNE01,S2D2,2025,0.0018
GLOBAL,PWRSPVINDNE01,S2D2,2026,0.0018
GLOBAL,PWRSPVINDNE01,S2D2,2027,0.0018
GLOBAL,PWRSPVINDNE01,S2D2,2028,0.0018
GLOBAL,PWRSPVINDNE01,S2D2,2029,0.0018
GLOBAL,PWRSPVINDNE01,S2D2,2030,0.0018
GLOBAL,PWRSPVINDNE01,S2D2,2031,0.0018
GLOBAL,PWRSPVINDNE01,S2D2,2032,0.0018
GLOBAL,PWRSPVINDNE01,S2D2,2033,0.0018
GLOBAL,PWRSPVINDNE01,S2D2,2034,0.0018
GLOBAL,PWRSPVINDNE01,S2D2,2035,0.0018
GLOBAL,PWRSPVINDNE01,S2D2,2036,0.0018
GLOBAL,PWRSPVINDNE01,S2D2,2037,0.0018
GLOBAL,PWRSPVINDNE01,S2D2,2038,0.0018
GLOBAL,PWRSPVINDNE01,S2D2,2039,0.0018
GLOBAL,PWRSPVINDNE01,S2D2,2040,0.0018
GLOBAL,PWRSPVINDNE01,S2D2,2041,0.0018
GLOBAL,PWRSPVINDNE01,S2D2,2042,0.0018
GLOBAL,PWRSPVINDNE01,S2D2,2043,0.0018
GLOBAL,PWRSPVINDNE01,S2D2,2044,0.0018
GLOBAL,PWRSPVINDNE01,S2D2,2045,0.0018
GLOBAL,PWRSPVINDNE01,S2D2,2046,0.0018
GLOBAL,PWRSPVINDNE01,S2D2,2047,0.0018
GLOBAL,PWRSPVINDNE01,S2D2,2048,0.0018
GLOBAL,PWRSPVINDNE01,S2D2,2049,0.0018
GLOBAL,PWRSPVINDNE01,S2D2,2050,0.0018
GLOBAL,PWRSPVINDNO01,S2D2,2021,0.0002
GLOBAL,PWRSPVINDNO01,S2D2,2022,0.0002
GLOBAL,PWRSPVINDNO01,S2D2,2023,0.0002
GLOBAL,PWRSPVINDNO01,S2D2,2024,0.0002
GLOBAL,PWRSPVINDNO01,S2D2,2025,0.0002
GLOBAL,PWRSPVINDNO01,S2D2,2026,0.0002
GLOBAL,PWRSPVINDNO01,S2D2,2027,0.0002
GLOBAL,PWRSPVINDNO01,S2D2,2028,0.0002
GLOBAL,PWRSPVINDNO01,S2D2,2029,0.0002
GLOBAL,PWRSPVINDNO01,S2D2,2030,0.0002
GLOBAL,PWRSPVINDNO01,S2D2,2031,0.0002
GLOBAL,PWRSPVINDNO01,S2D2,2032,0.0002
GLOBAL,PWRSPVINDNO01,S2D2,2033,0.0002
GLOBAL,PWRSPVINDNO01,S2D2,2034,0.0002
GLOBAL,PWRSPVINDNO01,S2D2,2035,0.0002
GLOBAL,PWRSPVINDNO01,S2D2,2036,0.0002
GLOBAL,PWRSPVINDNO01,S2D2,2037,0.0002
GLOBAL,PWRSPVINDNO01,S2D2,2038,0.0002
GLOBAL,PWRSPVINDNO01,S2D2,2039,0.0002
GLOBAL,PWRSPVINDNO01,S2D2,2040,0.0002
GLOBAL,PWRSPVINDNO01,S2D2,2041,0.0002
GLOBAL,PWRSPVINDNO01,S2D2,2042,0.0002
GLOBAL,PWRSPVINDNO01,S2D2,2043,0.0002
GLOBAL,PWRSPVINDNO01,S2D2,2044,0.0002
GLOBAL,PWRSPVINDNO01,S2D2,2045,0.0002
GLOBAL,PWRSPVINDNO01,S2D2,2046,0.0002
GLOBAL,PWRSPVINDNO01,S2D2,2047,0.0002
GLOBAL,PWRSPVINDNO01,S2D2,2048,0.0002
GLOBAL,PWRSPVINDNO01,S2D2,2049,0.0002
GLOBAL,PWRSPVINDNO01,S2D2,2050,0.0002
GLOBAL,PWRSPVINDSO01,S2D2,2021,0.0003
GLOBAL,PWRSPVINDSO01,S2D2,2022,0.0003
GLOBAL,PWRSPVINDSO01,S2D2,2023,0.0003
GLOBAL,PWRSPVINDSO01,S2D2,2024,0.0003
GLOBAL,PWRSPVINDSO01,S2D2,2025,0.0003
GLOBAL,PWRSPVINDSO01,S2D2,2026,0.0003
GLOBAL,PWRSPVINDSO01,S2D2,2027,0.0003
GLOBAL,PWRSPVINDSO01,S2D2,2028,0.0003
GLOBAL,PWRSPVINDSO01,S2D2,2029,0.0003
GLOBAL,PWRSPVINDSO01,S2D2,2030,0.0003
GLOBAL,PWRSPVINDSO01,S2D2,2031,0.0003
GLOBAL,PWRSPVINDSO01,S2D2,2032,0.0003
GLOBAL,PWRSPVINDSO01,S2D2,2033,0.0003
GLOBAL,PWRSPVINDSO01,S2D2,2034,0.0003
GLOBAL,PWRSPVINDSO01,S2D2,2035,0.0003
GLOBAL,PWRSPVINDSO01,S2D2,2036,0.0003
GLOBAL,PWRSPVINDSO01,S2D2,2037,0.0003
GLOBAL,PWRSPVINDSO01,S2D2,2038,0.0003
GLOBAL,PWRSPVINDSO01,S2D2,2039,0.0003
GLOBAL,PWRSPVINDSO01,S2D2,2040,0.0003
GLOBAL,PWRSPVINDSO01,S2D2,2041,0.0003
GLOBAL,PWRSPVINDSO01,S2D2,2042,0.0003
GLOBAL,PWRSPVINDSO01,S2D2,2043,0.0003
GLOBAL,PWRSPVINDSO01,S2D2,2044,0.0003
GLOBAL,PWRSPVINDSO01,S2D2,2045,0.0003
GLOBAL,PWRSPVINDSO01,S2D2,2046,0.0003
GLOBAL,PWRSPVINDSO01,S2D2,2047,0.0003
GLOBAL,PWRSPVINDSO01,S2D2,2048,0.0003
GLOBAL,PWRSPVINDSO01,S2D2,2049,0.0003
GLOBAL,PWRSPVINDSO01,S2D2,2050,0.0003
GLOBAL,PWRSPVINDWE01,S2D2,2021,0.0002
GLOBAL,PWRSPVINDWE01,S2D2,2022,0.0002
GLOBAL,PWRSPVINDWE01,S2D2,2023,0.0002
GLOBAL,PWRSPVINDWE01,S2D2,2024,0.0002
GLOBAL,PWRSPVINDWE01,S2D2,2025,0.0002
GLOBAL,PWRSPVINDWE01,S2D2,2026,0.0002
GLOBAL,PWRSPVINDWE01,S2D2,2027,0.0002
GLOBAL,PWRSPVINDWE01,S2D2,2028,0.0002
GLOBAL,PWRSPVINDWE01,S2D2,2029,0.0002
GLOBAL,PWRSPVINDWE01,S2D2,2030,0.0002
GLOBAL,PWRSPVINDWE01,S2D2,2031,0.0002
GLOBAL,PWRSPVINDWE01,S2D2,2032,0.0002
GLOBAL,PWRSPVINDWE01,S2D2,2033,0.0002
GLOBAL,PWRSPVINDWE01,S2D2,2034,0.0002
GLOBAL,PWRSPVINDWE01,S2D2,2035,0.0002
GLOBAL,PWRSPVINDWE01,S2D2,2036,0.0002
GLOBAL,PWRSPVINDWE01,S2D2,2037,0.0002
GLOBAL,PWRSPVINDWE01,S2D2,2038,0.0002
GLOBAL,PWRSPVINDWE01,S2D2,2039,0.0002
GLOBAL,PWRSPVINDWE01,S2D2,2040,0.0002
GLOBAL,PWRSPVINDWE01,S2D2,2041,0.0002
GLOBAL,PWRSPVINDWE01,S2D2,2042,0.0002
GLOBAL,PWRSPVINDWE01,S2D2,2043,0.0002
GLOBAL,PWRSPVINDWE01,S2D2,2044,0.0002
GLOBAL,PWRSPVINDWE01,S2D2,2045,0.0002
GLOBAL,PWRSPVINDWE01,S2D2,2046,0.0002
GLOBAL,PWRSPVINDWE01,S2D2,2047,0.0002
GLOBAL,PWRSPVINDWE01,S2D2,2048,0.0002
GLOBAL,PWRSPVINDWE01,S2D2,2049,0.0002
GLOBAL,PWRSPVINDWE01,S2D2,2050,0.0002
GLOBAL,PWRWONINDEA01,S1D1,2021,0.0696
GLOBAL,PWRWONINDEA01,S1D1,2022,0.0696
GLOBAL,PWRWONINDEA01,S1D1,2023,0.0696
GLOBAL,PWRWONINDEA01,S1D1,2024,0.0696
GLOBAL,PWRWONINDEA01,S1D1,2025,0.0696
GLOBAL,PWRWONINDEA01,S1D1,2026,0.0696
GLOBAL,PWRWONINDEA01,S1D1,2027,0.0696
GLOBAL,PWRWONINDEA01,S1D1,2028,0.0696
GLOBAL,PWRWONINDEA01,S1D1,2029,0.0696
GLOBAL,PWRWONINDEA01,S1D1,2030,0.0696
GLOBAL,PWRWONINDEA01,S1D1,2031,0.0696
GLOBAL,PWRWONINDEA01,S1D1,2032,0.0696
GLOBAL,PWRWONINDEA01,S1D1,2033,0.0696
GLOBAL,PWRWONINDEA01,S1D1,2034,0.0696
GLOBAL,PWRWONINDEA01,S1D1,2035,0.0696
GLOBAL,PWRWONINDEA01,S1D1,2036,0.0696
GLOBAL,PWRWONINDEA01,S1D1,2037,0.0696
GLOBAL,PWRWONINDEA01,S1D1,2038,0.0696
GLOBAL,PWRWONINDEA01,S1D1,2039,0.0696
GLOBAL,PWRWONINDEA01,S1D1,2040,0.0696
GLOBAL,PWRWONINDEA01,S1D1,2041,0.0696
GLOBAL,PWRWONINDEA01,S1D1,2042,0.0696
GLOBAL,PWRWONINDEA01,S1D1,2043,0.0696
GLOBAL,PWRWONINDEA01,S1D1,2044,0.0696
GLOBAL,PWRWONINDEA01,S1D1,2045,0.0696
GLOBAL,PWRWONINDEA01,S1D1,2046,0.0696
GLOBAL,PWRWONINDEA01,S1D1,2047,0.0696
GLOBAL,PWRWONINDEA01,S1D1,2048,0.0696
GLOBAL,PWRWONINDEA01,S1D1,2049,0.0696
GLOBAL,PWRWONINDEA01,S1D1,2050,0.0696
GLOBAL,PWRWONINDNE01,S1D1,2021,0.0503
GLOBAL,PWRWONINDNE01,S1D1,2022,0.0503
GLOBAL,PWRWONINDNE01,S1D1,2023,0.0503
GLOBAL,PWRWONINDNE01,S1D1,2024,0.0503
GLOBAL,PWRWONINDNE01,S1D1,2025,0.0503
GLOBAL,PWRWONINDNE01,S1D1,2026,0.0503
GLOBAL,PWRWONINDNE01,S1D1,2027,0.0503
GLOBAL,PWRWONINDNE01,S1D1,2028,0.0503
GLOBAL,PWRWONINDNE01,S1D1,2029,0.0503
GLOBAL,PWRWONINDNE01,S1D1,2030,0.0503
GLOBAL,PWRWONINDNE01,S1D1,2031,0.0503
GLOBAL,PWRWONINDNE01,S1D1,2032,0.0503
GLOBAL,PWRWONINDNE01,S1D1,2033,0.0503
GLOBAL,PWRWONINDNE01,S1D1,2034,0.0503
GLOBAL,PWRWONINDNE01,S1D1,2035,0.0503
GLOBAL,PWRWONINDNE01,S1D1,2036,0.0503
GLOBAL,PWRWONINDNE01,S1D1,2037,0.0503
GLOBAL,PWRWONINDNE01,S1D1,2038,0.0503
GLOBAL,PWRWONINDNE01,S1D1,2039,0.0503
GLOBAL,PWRWONINDNE01,S1D1,2040,0.0503
GLOBAL,PWRWONINDNE01,S1D1,2041,0.0503
GLOBAL,PWRWONINDNE01,S1D1,2042,0.0503
GLOBAL,PWRWONINDNE01,S1D1,2043,0.0503
GLOBAL,PWRWONINDNE01,S1D1,2044,0.0503
GLOBAL,PWRWONINDNE01,S1D1,2045,0.0503
GLOBAL,PWRWONINDNE01,S1D1,2046,0.0503
GLOBAL,PWRWONINDNE01,S1D1,2047,0.0503
GLOBAL,PWRWONINDNE01,S1D1,2048,0.0503
GLOBAL,PWRWONINDNE01,S1D1,2049,0.0503
GLOBAL,PWRWONINDNE01,S1D1,2050,0.0503
GLOBAL,PWRWONINDNO01,S1D1,2021,0.0792
GLOBAL,PWRWONINDNO01,S1D1,2022,0.0792
GLOBAL,PWRWONINDNO01,S1D1,2023,0.0792
GLOBAL,PWRWONINDNO01,S1D1,2024,0.0792
GLOBAL,PWRWONINDNO01,S1D1,2025,0.0792
GLOBAL,PWRWONINDNO01,S1D1,2026,0.0792
GLOBAL,PWRWONINDNO01,S1D1,2027,0.0792
GLOBAL,PWRWONINDNO01,S1D1,2028,0.0792
GLOBAL,PWRWONINDNO01,S1D1,2029,0.0792
GLOBAL,PWRWONINDNO01,S1D1,2030,0.0792
GLOBAL,PWRWONINDNO01,S1D1,2031,0.0792
GLOBAL,PWRWONINDNO01,S1D1,2032,0.0792
GLOBAL,PWRWONINDNO01,S1D1,2033,0.0792
GLOBAL,PWRWONINDNO01,S1D1,2034,0.0792
GLOBAL,PWRWONINDNO01,S1D1,2035,0.0792
GLOBAL,PWRWONINDNO01,S1D1,2036,0.0792
GLOBAL,PWRWONINDNO01,S1D1,2037,0.0792
GLOBAL,PWRWONINDNO01,S1D1,2038,0.0792
GLOBAL,PWRWONINDNO01,S1D1,2039,0.0792
GLOBAL,PWRWONINDNO01,S1D1,2040,0.0792
GLOBAL,PWRWONINDNO01,S1D1,2041,0.0792
GLOBAL,PWRWONINDNO01,S1D1,2042,0.0792
GLOBAL,PWRWONINDNO01,S1D1,2043,0.0792
GLOBAL,PWRWONINDNO01,S1D1,2044,0.0792
GLOBAL,PWRWONINDNO01,S1D1,2045,0.0792
GLOBAL,PWRWONINDNO01,S1D1,2046,0.0792
GLOBAL,PWRWONINDNO01,S1D1,2047,0.0792
GLOBAL,PWRWONINDNO01,S1D1,2048,0.0792
GLOBAL,PWRWONINDNO01,S1D1,2049,0.0792
GLOBAL,PWRWONINDNO01,S1D1,2050,0.0792
GLOBAL,PWRWONINDSO01,S1D1,2021,0.1026
GLOBAL,PWRWONINDSO01,S1D1,2022,0.1026
GLOBAL,PWRWONINDSO01,S1D1,2023,0.1026
GLOBAL,PWRWONINDSO01,S1D1,2024,0.1026
GLOBAL,PWRWONINDSO01,S1D1,2025,0.1026
GLOBAL,PWRWONINDSO01,S1D1,2026,0.1026
GLOBAL,PWRWONINDSO01,S1D1,2027,0.1026
GLOBAL,PWRWONINDSO01,S1D1,2028,0.1026
GLOBAL,PWRWONINDSO01,S1D1,2029,0.1026
GLOBAL,PWRWONINDSO01,S1D1,2030,0.1026
GLOBAL,PWRWONINDSO01,S1D1,2031,0.1026
GLOBAL,PWRWONINDSO01,S1D1,2032,0.1026
GLOBAL,PWRWONINDSO01,S1D1,2033,0.1026
GLOBAL,PWRWONINDSO01,S1D1,2034,0.1026
GLOBAL,PWRWONINDSO01,S1D1,2035,0.1026
GLOBAL,PWRWONINDSO01,S1D1,2036,0.1026
GLOBAL,PWRWONINDSO01,S1D1,2037,0.1026
GLOBAL,PWRWONINDSO01,S1D1,2038,0.1026
GLOBAL,PWRWONINDSO01,S1D1,2039,0.1026
GLOBAL,PWRWONINDSO01,S1D1,2040,0.1026
GLOBAL,PWRWONINDSO01,S1D1,2041,0.1026
GLOBAL,PWRWONINDSO01,S1D1,2042,0.1026
GLOBAL,PWRWONINDSO01,S1D1,2043,0.1026
GLOBAL,PWRWONINDSO01,S1D1,2044,0.1026
GLOBAL,PWRWONINDSO01,S1D1,2045,0.1026
GLOBAL,PWRWONINDSO01,S1D1,2046,0.1026
GLOBAL,PWRWONINDSO01,S1D1,2047,0.1026
GLOBAL,PWRWONINDSO01,S1D1,2048,0.1026
GLOBAL,PWRWONINDSO01,S1D1,2049,0.1026
GLOBAL,PWRWONINDSO01,S1D1,2050,0.1026
GLOBAL,PWRWONINDWE01,S1D1,2021,0.1277
GLOBAL,PWRWONINDWE01,S1D1,2022,0.1277
GLOBAL,PWRWONINDWE01,S1D1,2023,0.1277
GLOBAL,PWRWONINDWE01,S1D1,2024,0.1277
GLOBAL,PWRWONINDWE01,S1D1,2025,0.1277
GLOBAL,PWRWONINDWE01,S1D1,2026,0.1277
GLOBAL,PWRWONINDWE01,S1D1,2027,0.1277
GLOBAL,PWRWONINDWE01,S1D1,2028,0.1277
GLOBAL,PWRWONINDWE01,S1D1,2029,0.1277
GLOBAL,PWRWONINDWE01,S1D1,2030,0.1277
GLOBAL,PWRWONINDWE01,S1D1,2031,0.1277
GLOBAL,PWRWONINDWE01,S1D1,2032,0.1277
GLOBAL,PWRWONINDWE01,S1D1,2033,0.1277
GLOBAL,PWRWONINDWE01,S1D1,2034,0.1277
GLOBAL,PWRWONINDWE01,S1D1,2035,0.1277
GLOBAL,PWRWONINDWE01,S1D1,2036,0.1277
GLOBAL,PWRWONINDWE01,S1D1,2037,0.1277
GLOBAL,PWRWONINDWE01,S1D1,2038,0.1277
GLOBAL,PWRWONINDWE01,S1D1,2039,0.1277
GLOBAL,PWRWONINDWE01,S1D1,2040,0.1277
GLOBAL,PWRWONINDWE01,S1D1,2041,0.1277
GLOBAL,PWRWONINDWE01,S1D1,2042,0.1277
GLOBAL,PWRWONINDWE01,S1D1,2043,0.1277
GLOBAL,PWRWONINDWE01,S1D1,2044,0.1277
GLOBAL,PWRWONINDWE01,S1D1,2045,0.1277
GLOBAL,PWRWONINDWE01,S1D1,2046,0.1277
GLOBAL,PWRWONINDWE01,S1D1,2047,0.1277
GLOBAL,PWRWONINDWE01,S1D1,2048,0.1277
GLOBAL,PWRWONINDWE01,S1D1,2049,0.1277
GLOBAL,PWRWONINDWE01,S1D1,2050,0.1277
GLOBAL,PWRWONINDEA01,S1D2,2021,0.1001
GLOBAL,PWRWONINDEA01,S1D2,2022,0.1001
GLOBAL,PWRWONINDEA01,S1D2,2023,0.1001
GLOBAL,PWRWONINDEA01,S1D2,2024,0.1001
GLOBAL,PWRWONINDEA01,S1D2,2025,0.1001
GLOBAL,PWRWONINDEA01,S1D2,2026,0.1001
GLOBAL,PWRWONINDEA01,S1D2,2027,0.1001
GLOBAL,PWRWONINDEA01,S1D2,2028,0.1001
GLOBAL,PWRWONINDEA01,S1D2,2029,0.1001
GLOBAL,PWRWONINDEA01,S1D2,2030,0.1001
GLOBAL,PWRWONINDEA01,S1D2,2031,0.1001
GLOBAL,PWRWONINDEA01,S1D2,2032,0.1001
GLOBAL,PWRWONINDEA01,S1D2,2033,0.1001
GLOBAL,PWRWONINDEA01,S1D2,2034,0.1001
GLOBAL,PWRWONINDEA01,S1D2,2035,0.1001
GLOBAL,PWRWONINDEA01,S1D2,2036,0.1001
GLOBAL,PWRWONINDEA01,S1D2,2037,0.1001
GLOBAL,PWRWONINDEA01,S1D2,2038,0.1001
GLOBAL,PWRWONINDEA01,S1D2,2039,0.1001
GLOBAL,PWRWONINDEA01,S1D2,2040,0.1001
GLOBAL,PWRWONINDEA01,S1D2,2041,0.1001
GLOBAL,PWRWONINDEA01,S1D2,2042,0.1001
GLOBAL,PWRWONINDEA01,S1D2,2043,0.1001
GLOBAL,PWRWONINDEA01,S1D2,2044,0.1001
GLOBAL,PWRWONINDEA01,S1D2,2045,0.1001
GLOBAL,PWRWONINDEA01,S1D2,2046,0.1001
GLOBAL,PWRWONINDEA01,S1D2,2047,0.1001
GLOBAL,PWRWONINDEA01,S1D2,2048,0.1001
GLOBAL,PWRWONINDEA01,S1D2,2049,0.1001
GLOBAL,PWRWONINDEA01,S1D2,2050,0.1001
GLOBAL,PWRWONINDNE01,S1D2,2021,0.0434
GLOBAL,PWRWONINDNE01,S1D2,2022,0.0434
GLOBAL,PWRWONINDNE01,S1D2,2023,0.0434
GLOBAL,PWRWONINDNE01,S1D2,2024,0.0434
GLOBAL,PWRWONINDNE01,S1D2,2025,0.0434
GLOBAL,PWRWONINDNE01,S1D2,2026,0.0434
GLOBAL,PWRWONINDNE01,S1D2,2027,0.0434
GLOBAL,PWRWONINDNE01,S1D2,2028,0.0434
GLOBAL,PWRWONINDNE01,S1D2,2029,0.0434
GLOBAL,PWRWONINDNE01,S1D2,2030,0.0434
GLOBAL,PWRWONINDNE01,S1D2,2031,0.0434
GLOBAL,PWRWONINDNE01,S1D2,2032,0.0434
GLOBAL,PWRWONINDNE01,S1D2,2033,0.0434
GLOBAL,PWRWONINDNE01,S1D2,2034,0.0434
GLOBAL,PWRWONINDNE01,S1D2,2035,0.0434
GLOBAL,PWRWONINDNE01,S1D2,2036,0.0434
GLOBAL,PWRWONINDNE01,S1D2,2037,0.0434
GLOBAL,PWRWONINDNE01,S1D2,2038,0.0434
GLOBAL,PWRWONINDNE01,S1D2,2039,0.0434
GLOBAL,PWRWONINDNE01,S1D2,2040,0.0434
GLOBAL,PWRWONINDNE01,S1D2,2041,0.0434
GLOBAL,PWRWONINDNE01,S1D2,2042,0.0434
GLOBAL,PWRWONINDNE01,S1D2,2043,0.0434
GLOBAL,PWRWONINDNE01,S1D2,2044,0.0434
GLOBAL,PWRWONINDNE01,S1D2,2045,0.0434
GLOBAL,PWRWONINDNE01,S1D2,2046,0.0434
GLOBAL,PWRWONINDNE01,S1D2,2047,0.0434
GLOBAL,PWRWONINDNE01,S1D2,2048,0.0434
GLOBAL,PWRWONINDNE01,S1D2,2049,0.0434
GLOBAL,PWRWONINDNE01,S1D2,2050,0.0434
GLOBAL,PWRWONINDNO01,S1D2,2021,0.1695
GLOBAL,PWRWONINDNO01,S1D2,2022,0.1695
GLOBAL,PWRWONINDNO01,S1D2,2023,0.1695
GLOBAL,PWRWONINDNO01,S1D2,2024,0.1695
GLOBAL,PWRWONINDNO01,S1D2,2025,0.1695
GLOBAL,PWRWONINDNO01,S1D2,2026,0.1695
GLOBAL,PWRWONINDNO01,S1D2,2027,0.1695
GLOBAL,PWRWONINDNO01,S1D2,2028,0.1695
GLOBAL,PWRWONINDNO01,S1D2,2029,0.1695
GLOBAL,PWRWONINDNO01,S1D2,2030,0.1695
GLOBAL,PWRWONINDNO01,S1D2,2031,0.1695
GLOBAL,PWRWONINDNO01,S1D2,2032,0.1695
GLOBAL,PWRWONINDNO01,S1D2,2033,0.1695
GLOBAL,PWRWONINDNO01,S1D2,2034,0.1695
GLOBAL,PWRWONINDNO01,S1D2,2035,0.1695
GLOBAL,PWRWONINDNO01,S1D2,2036,0.1695
GLOBAL,PWRWONINDNO01,S1D2,2037,0.1695
GLOBAL,PWRWONINDNO01,S1D2,2038,0.1695
GLOBAL,PWRWONINDNO01,S1D2,2039,0.1695
GLOBAL,PWRWONINDNO01,S1D2,2040,0.1695
GLOBAL,PWRWONINDNO01,S1D2,2041,0.1695
GLOBAL,PWRWONINDNO01,S1D2,2042,0.1695
GLOBAL,PWRWONINDNO01,S1D2,2043,0.1695
GLOBAL,PWRWONINDNO01,S1D2,2044,0.1695
GLOBAL,PWRWONINDNO01,S1D2,2045,0.1695
GLOBAL,PWRWONINDNO01,S1D2,2046,0.1695
GLOBAL,PWRWONINDNO01,S1D2,2047,0.1695
GLOBAL,PWRWONINDNO01,S1D2,2048,0.1695
GLOBAL,PWRWONINDNO01,S1D2,2049,0.1695
GLOBAL,PWRWONINDNO01,S1D2,2050,0.1695
GLOBAL,PWRWONINDSO01,S1D2,2021,0.125
GLOBAL,PWRWONINDSO01,S1D2,2022,0.125
GLOBAL,PWRWONINDSO01,S1D2,2023,0.125
GLOBAL,PWRWONINDSO01,S1D2,2024,0.125
GLOBAL,PWRWONINDSO01,S1D2,2025,0.125
GLOBAL,PWRWONINDSO01,S1D2,2026,0.125
GLOBAL,PWRWONINDSO01,S1D2,2027,0.125
GLOBAL,PWRWONINDSO01,S1D2,2028,0.125
GLOBAL,PWRWONINDSO01,S1D2,2029,0.125
GLOBAL,PWRWONINDSO01,S1D2,2030,0.125
GLOBAL,PWRWONINDSO01,S1D2,2031,0.125
GLOBAL,PWRWONINDSO01,S1D2,2032,0.125
GLOBAL,PWRWONINDSO01,S1D2,2033,0.125
GLOBAL,PWRWONINDSO01,S1D2,2034,0.125
GLOBAL,PWRWONINDSO01,S1D2,2035,0.125
GLOBAL,PWRWONINDSO01,S1D2,2036,0.125
GLOBAL,PWRWONINDSO01,S1D2,2037,0.125
GLOBAL,PWRWONINDSO01,S1D2,2038,0.125
GLOBAL,PWRWONINDSO01,S1D2,2039,0.125
GLOBAL,PWRWONINDSO01,S1D2,2040,0.125
GLOBAL,PWRWONINDSO01,S1D2,2041,0.125
GLOBAL,PWRWONINDSO01,S1D2,2042,0.125
GLOBAL,PWRWONINDSO01,S1D2,2043,0.125
GLOBAL,PWRWONINDSO01,S1D2,2044,0.125
GLOBAL,PWRWONINDSO01,S1D2,2045,0.125
GLOBAL,PWRWONINDSO01,S1D2,2046,0.125
GLOBAL,PWRWONINDSO01,S1D2,2047,0.125
GLOBAL,PWRWONINDSO01,S1D2,2048,0.125
GLOBAL,PWRWONINDSO01,S1D2,2049,0.125
GLOBAL,PWRWONINDSO01,S1D2,2050,0.125
GLOBAL,PWRWONINDWE01,S1D2,2021,0.1922
GLOBAL,PWRWONINDWE01,S1D2,2022,0.1922
GLOBAL,PWRWONINDWE01,S1D2,2023,0.1922
GLOBAL,PWRWONINDWE01,S1D2,2024,0.1922
GLOBAL,PWRWONINDWE01,S1D2,2025,0.1922
GLOBAL,PWRWONINDWE01,S1D2,2026,0.1922
GLOBAL,PWRWONINDWE01,S1D2,2027,0.1922
GLOBAL,PWRWONINDWE01,S1D2,2028,0.1922
GLOBAL,PWRWONINDWE01,S1D2,2029,0.1922
GLOBAL,PWRWONINDWE01,S1D2,2030,0.1922
GLOBAL,PWRWONINDWE01,S1D2,2031,0.1922
GLOBAL,PWRWONINDWE01,S1D2,2032,0.1922
GLOBAL,PWRWONINDWE01,S1D2,2033,0.1922
GLOBAL,PWRWONINDWE01,S1D2,2034,0.1922
GLOBAL,PWRWONINDWE01,S1D2,2035,0.1922
GLOBAL,PWRWONINDWE01,S1D2,2036,0.1922
GLOBAL,PWRWONINDWE01,S1D2,2037,0.1922
GLOBAL,PWRWONINDWE01,S1D2,2038,0.1922
GLOBAL,PWRWONINDWE01,S1D2,2039,0.1922
GLOBAL,PWRWONINDWE01,S1D2,2040,0.1922
GLOBAL,PWRWONINDWE01,S1D2,2041,0.1922
GLOBAL,PWRWONINDWE01,S1D2,2042,0.1922
GLOBAL,PWRWONINDWE01,S1D2,2043,0.1922
GLOBAL,PWRWONINDWE01,S1D2,2044,0.1922
GLOBAL,PWRWONINDWE01,S1D2,2045,0.1922
GLOBAL,PWRWONINDWE01,S1D2,2046,0.1922
GLOBAL,PWRWONINDWE01,S1D2,2047,0.1922
GLOBAL,PWRWONINDWE01,S1D2,2048,0.1922
GLOBAL,PWRWONINDWE01,S1D2,2049,0.1922
GLOBAL,PWRWONINDWE01,S1D2,2050,0.1922
GLOBAL,PWRWONINDEA01,S2D1,2021,0.0593
GLOBAL,PWRWONINDEA01,S2D1,2022,0.0593
GLOBAL,PWRWONINDEA01,S2D1,2023,0.0593
GLOBAL,PWRWONINDEA01,S2D1,2024,0.0593
GLOBAL,PWRWONINDEA01,S2D1,2025,0.0593
GLOBAL,PWRWONINDEA01,S2D1,2026,0.0593
GLOBAL,PWRWONINDEA01,S2D1,2027,0.0593
GLOBAL,PWRWONINDEA01,S2D1,2028,0.0593
GLOBAL,PWRWONINDEA01,S2D1,2029,0.0593
GLOBAL,PWRWONINDEA01,S2D1,2030,0.0593
GLOBAL,PWRWONINDEA01,S2D1,2031,0.0593
GLOBAL,PWRWONINDEA01,S2D1,2032,0.0593
GLOBAL,PWRWONINDEA01,S2D1,2033,0.0593
GLOBAL,PWRWONINDEA01,S2D1,2034,0.0593
GLOBAL,PWRWONINDEA01,S2D1,2035,0.0593
GLOBAL,PWRWONINDEA01,S2D1,2036,0.0593
GLOBAL,PWRWONINDEA01,S2D1,2037,0.0593
GLOBAL,PWRWONINDEA01,S2D1,2038,0.0593
GLOBAL,PWRWONINDEA01,S2D1,2039,0.0593
GLOBAL,PWRWONINDEA01,S2D1,2040,0.0593
GLOBAL,PWRWONINDEA01,S2D1,2041,0.0593
GLOBAL,PWRWONINDEA01,S2D1,2042,0.0593
GLOBAL,PWRWONINDEA01,S2D1,2043,0.0593
GLOBAL,PWRWONINDEA01,S2D1,2044,0.0593
GLOBAL,PWRWONINDEA01,S2D1,2045,0.0593
GLOBAL,PWRWONINDEA01,S2D1,2046,0.0593
GLOBAL,PWRWONINDEA01,S2D1,2047,0.0593
GLOBAL,PWRWONINDEA01,S2D1,2048,0.0593
GLOBAL,PWRWONINDEA01,S2D1,2049,0.0593
GLOBAL,PWRWONINDEA01,S2D1,2050,0.0593
GLOBAL,PWRWONINDNE01,S2D1,2021,0.0319
GLOBAL,PWRWONINDNE01,S2D1,2022,0.0319
GLOBAL,PWRWONINDNE01,S2D1,2023,0.0319
GLOBAL,PWRWONINDNE01,S2D1,2024,0.0319
GLOBAL,PWRWONINDNE01,S2D1,2025,0.0319
GLOBAL,PWRWONINDNE01,S2D1,2026,0.0319
GLOBAL,PWRWONINDNE01,S2D1,2027,0.0319
GLOBAL,PWRWONINDNE01,S2D1,2028,0.0319
GLOBAL,PWRWONINDNE01,S2D1,2029,0.0319
GLOBAL,PWRWONINDNE01,S2D1,2030,0.0319
GLOBAL,PWRWONINDNE01,S2D1,2031,0.0319
GLOBAL,PWRWONINDNE01,S2D1,2032,0.0319
GLOBAL,PWRWONINDNE01,S2D1,2033,0.0319
GLOBAL,PWRWONINDNE01,S2D1,2034,0.0319
GLOBAL,PWRWONINDNE01,S2D1,2035,0.0319
GLOBAL,PWRWONINDNE01,S2D1,2036,0.0319
GLOBAL,PWRWONINDNE01,S2D1,2037,0.0319
GLOBAL,PWRWONINDNE01,S2D1,2038,0.0319
GLOBAL,PWRWONINDNE01,S2D1,2039,0.0319
GLOBAL,PWRWONINDNE01,S2D1,2040,0.0319
GLOBAL,PWRWONINDNE01,S2D1,2041,0.0319
GLOBAL,PWRWONINDNE01,S2D1,2042,0.0319
GLOBAL,PWRWONINDNE01,S2D1,2043,0.0319
GLOBAL,PWRWONINDNE01,S2D1,2044,0.0319
GLOBAL,PWRWONINDNE01,S2D1,2045,0.0319
GLOBAL,PWRWONINDNE01,S2D1,2046,0.0319
GLOBAL,PWRWONINDNE01,S2D1,2047,0.0319
GLOBAL,PWRWONINDNE01,S2D1,2048,0.0319
GLOBAL,PWRWONINDNE01,S2D1,2049,0.0319
GLOBAL,PWRWONINDNE01,S2D1,2050,0.0319
GLOBAL,PWRWONINDNO01,S2D1,2021,0.0974
GLOBAL,PWRWONINDNO01,S2D1,2022,0.0974
GLOBAL,PWRWONINDNO01,S2D1,2023,0.0974
GLOBAL,PWRWONINDNO01,S2D1,2024,0.0974
GLOBAL,PWRWONINDNO01,S2D1,2025,0.0974
GLOBAL,PWRWONINDNO01,S2D1,2026,0.0974
GLOBAL,PWRWONINDNO01,S2D1,2027,0.0974
GLOBAL,PWRWONINDNO01,S2D1,2028,0.0974
GLOBAL,PWRWONINDNO01,S2D1,2029,0.0974
GLOBAL,PWRWONINDNO01,S2D1,2030,0.0974
GLOBAL,PWRWONINDNO01,S2D1,2031,0.0974
GLOBAL,PWRWONINDNO01,S2D1,2032,0.0974
GLOBAL,PWRWONINDNO01,S2D1,2033,0.0974
GLOBAL,PWRWONINDNO01,S2D1,2034,0.0974
GLOBAL,PWRWONINDNO01,S2D1,2035,0.0974
GLOBAL,PWRWONINDNO01,S2D1,2036,0.0974
GLOBAL,PWRWONINDNO01,S2D1,2037,0.0974
GLOBAL,PWRWONINDNO01,S2D1,2038,0.0974
GLOBAL,PWRWONINDNO01,S2D1,2039,0.0974
GLOBAL,PWRWONINDNO01,S2D1,2040,0.0974
GLOBAL,PWRWONINDNO01,S2D1,2041,0.0974
GLOBAL,PWRWONINDNO01,S2D1,2042,0.0974
GLOBAL,PWRWONINDNO01,S2D1,2043,0.0974
GLOBAL,PWRWONINDNO01,S2D1,2044,0.0974
GLOBAL,PWRWONINDNO01,S2D1,2045,0.0974
GLOBAL,PWRWONINDNO01,S2D1,2046,0.0974
GLOBAL,PWRWONINDNO01,S2D1,2047,0.0974
GLOBAL,PWRWONINDNO01,S2D1,2048,0.0974
GLOBAL,PWRWONINDNO01,S2D1,2049,0.0974
GLOBAL,PWRWONINDNO01,S2D1,2050,0.0974
GLOBAL,PWRWONINDSO01,S2D1,2021,0.1658
GLOBAL,PWRWONINDSO01,S2D1,2022,0.1658
GLOBAL,PWRWONINDSO01,S2D1,2023,0.1658
GLOBAL,PWRWONINDSO01,S2D1,2024,0.1658
GLOBAL,PWRWONINDSO01,S2D1,2025,0.1658
GLOBAL,PWRWONINDSO01,S2D1,2026,0.1658
GLOBAL,PWRWONINDSO01,S2D1,2027,0.1658
GLOBAL,PWRWONINDSO01,S2D1,2028,0.1658
GLOBAL,PWRWONINDSO01,S2D1,2029,0.1658
GLOBAL,PWRWONINDSO01,S2D1,2030,0.1658
GLOBAL,PWRWONINDSO01,S2D1,2031,0.1658
GLOBAL,PWRWONINDSO01,S2D1,2032,0.1658
GLOBAL,PWRWONINDSO01,S2D1,2033,0.1658
GLOBAL,PWRWONINDSO01,S2D1,2034,0.1658
GLOBAL,PWRWONINDSO01,S2D1,2035,0.1658
GLOBAL,PWRWONINDSO01,S2D1,2036,0.1658
GLOBAL,PWRWONINDSO01,S2D1,2037,0.1658
GLOBAL,PWRWONINDSO01,S2D1,2038,0.1658
GLOBAL,PWRWONINDSO01,S2D1,2039,0.1658
GLOBAL,PWRWONINDSO01,S2D1,2040,0.1658
GLOBAL,PWRWONINDSO01,S2D1,2041,0.1658
GLOBAL,PWRWONINDSO01,S2D1,2042,0.1658
GLOBAL,PWRWONINDSO01,S2D1,2043,0.1658
GLOBAL,PWRWONINDSO01,S2D1,2044,0.1658
GLOBAL,PWRWONINDSO01,S2D1,2045,0.1658
GLOBAL,PWRWONINDSO01,S2D1,2046,0.1658
GLOBAL,PWRWONINDSO01,S2D1,2047,0.1658
GLOBAL,PWRWONINDSO01,S2D1,2048,0.1658
GLOBAL,PWRWONINDSO01,S2D1,2049,0.1658
GLOBAL,PWRWONINDSO01,S2D1,2050,0.1658
GLOBAL,PWRWONINDWE01,S2D1,2021,0.1527
GLOBAL,PWRWONINDWE01,S2D1,2022,0.1527
GLOBAL,PWRWONINDWE01,S2D1,2023,0.1527
GLOBAL,PWRWONINDWE01,S2D1,2024,0.1527
GLOBAL,PWRWONINDWE01,S2D1,2025,0.1527
GLOBAL,PWRWONINDWE01,S2D1,2026,0.1527
GLOBAL,PWRWONINDWE01,S2D1,2027,0.1527
GLOBAL,PWRWONINDWE01,S2D1,2028,0.1527
GLOBAL,PWRWONINDWE01,S2D1,2029,0.1527
GLOBAL,PWRWONINDWE01,S2D1,2030,0.1527
GLOBAL,PWRWONINDWE01,S2D1,2031,0.1527
GLOBAL,PWRWONINDWE01,S2D1,2032,0.1527
GLOBAL,PWRWONINDWE01,S2D1,2033,0.1527
GLOBAL,PWRWONINDWE01,S2D1,2034,0.1527
GLOBAL,PWRWONINDWE01,S2D1,2035,0.1527
GLOBAL,PWRWONINDWE01,S2D1,2036,0.1527
GLOBAL,PWRWONINDWE01,S2D1,2037,0.1527
GLOBAL,PWRWONINDWE01,S2D1,2038,0.1527
GLOBAL,PWRWONINDWE01,S2D1,2039,0.1527
GLOBAL,PWRWONINDWE01,S2D1,2040,0.1527
GLOBAL,PWRWONINDWE01,S2D1,2041,0.1527
GLOBAL,PWRWONINDWE01,S2D1,2042,0.1527
GLOBAL,PWRWONINDWE01,S2D1,2043,0.1527
GLOBAL,PWRWONINDWE01,S2D1,2044,0.1527
GLOBAL,PWRWONINDWE01,S2D1,2045,0.1527
GLOBAL,PWRWONINDWE01,S2D1,2046,0.1527
GLOBAL,PWRWONINDWE01,S2D1,2047,0.1527
GLOBAL,PWRWONINDWE01,S2D1,2048,0.1527
GLOBAL,PWRWONINDWE01,S2D1,2049,0.1527
GLOBAL,PWRWONINDWE01,S2D1,2050,0.1527
GLOBAL,PWRWONINDEA01,S2D2,2021,0.0654
GLOBAL,PWRWONINDEA01,S2D2,2022,0.0654
GLOBAL,PWRWONINDEA01,S2D2,2023,0.0654
GLOBAL,PWRWONINDEA01,S2D2,2024,0.0654
GLOBAL,PWRWONINDEA01,S2D2,2025,0.0654
GLOBAL,PWRWONINDEA01,S2D2,2026,0.0654
GLOBAL,PWRWONINDEA01,S2D2,2027,0.0654
GLOBAL,PWRWONINDEA01,S2D2,2028,0.0654
GLOBAL,PWRWONINDEA01,S2D2,2029,0.0654
GLOBAL,PWRWONINDEA01,S2D2,2030,0.0654
GLOBAL,PWRWONINDEA01,S2D2,2031,0.0654
GLOBAL,PWRWONINDEA01,S2D2,2032,0.0654
GLOBAL,PWRWONINDEA01,S2D2,2033,0.0654
GLOBAL,PWRWONINDEA01,S2D2,2034,0.0654
GLOBAL,PWRWONINDEA01,S2D2,2035,0.0654
GLOBAL,PWRWONINDEA01,S2D2,2036,0.0654
GLOBAL,PWRWONINDEA01,S2D2,2037,0.0654
GLOBAL,PWRWONINDEA01,S2D2,2038,0.0654
GLOBAL,PWRWONINDEA01,S2D2,2039,0.0654
GLOBAL,PWRWONINDEA01,S2D2,2040,0.0654
GLOBAL,PWRWONINDEA01,S2D2,2041,0.0654
GLOBAL,PWRWONINDEA01,S2D2,2042,0.0654
GLOBAL,PWRWONINDEA01,S2D2,2043,0.0654
GLOBAL,PWRWONINDEA01,S2D2,2044,0.0654
GLOBAL,PWRWONINDEA01,S2D2,2045,0.0654
GLOBAL,PWRWONINDEA01,S2D2,2046,0.0654
GLOBAL,PWRWONINDEA01,S2D2,2047,0.0654
GLOBAL,PWRWONINDEA01,S2D2,2048,0.0654
GLOBAL,PWRWONINDEA01,S2D2,2049,0.0654
GLOBAL,PWRWONINDEA01,S2D2,2050,0.0654
GLOBAL,PWRWONINDNE01,S2D2,2021,0.0355
GLOBAL,PWRWONINDNE01,S2D2,2022,0.0355
GLOBAL,PWRWONINDNE01,S2D2,2023,0.0355
GLOBAL,PWRWONINDNE01,S2D2,2024,0.0355
GLOBAL,PWRWONINDNE01,S2D2,2025,0.0355
GLOBAL,PWRWONINDNE01,S2D2,2026,0.0355
GLOBAL,PWRWONINDNE01,S2D2,2027,0.0355
GLOBAL,PWRWONINDNE01,S2D2,2028,0.0355
GLOBAL,PWRWONINDNE01,S2D2,2029,0.0355
GLOBAL,PWRWONINDNE01,S2D2,2030,0.0355
GLOBAL,PWRWONINDNE01,S2D2,2031,0.0355
GLOBAL,PWRWONINDNE01,S2D2,2032,0.0355
GLOBAL,PWRWONINDNE01,S2D2,2033,0.0355
GLOBAL,PWRWONINDNE01,S2D2,2034,0.0355
GLOBAL,PWRWONINDNE01,S2D2,2035,0.0355
GLOBAL,PWRWONINDNE01,S2D2,2036,0.0355
GLOBAL,PWRWONINDNE01,S2D2,2037,0.0355
GLOBAL,PWRWONINDNE01,S2D2,2038,0.0355
GLOBAL,PWRWONINDNE01,S2D2,2039,0.0355
GLOBAL,PWRWONINDNE01,S2D2,2040,0.0355
GLOBAL,PWRWONINDNE01,S2D2,2041,0.0355
GLOBAL,PWRWONINDNE01,S2D2,2042,0.0355
GLOBAL,PWRWONINDNE01,S2D2,2043,0.0355
GLOBAL,PWRWONINDNE01,S2D2,2044,0.0355
GLOBAL,PWRWONINDNE01,S2D2,2045,0.0355
GLOBAL,PWRWONINDNE01,S2D2,2046,0.0355
GLOBAL,PWRWONINDNE01,S2D2,2047,0.0355
GLOBAL,PWRWONINDNE01,S2D2,2048,0.0355
GLOBAL,PWRWONINDNE01,S2D2,2049,0.0355
GLOBAL,PWRWONINDNE01,S2D2,2050,0.0355
GLOBAL,PWRWONINDNO01,S2D2,2021,0.1724
GLOBAL,PWRWONINDNO01,S2D2,2022,0.1724
GLOBAL,PWRWONINDNO01,S2D2,2023,0.1724
GLOBAL,PWRWONINDNO01,S2D2,2024,0.1724
GLOBAL,PWRWONINDNO01,S2D2,2025,0.1724
GLOBAL,PWRWONINDNO01,S2D2,2026,0.1724
GLOBAL,PWRWONINDNO01,S2D2,2027,0.1724
GLOBAL,PWRWONINDNO01,S2D2,2028,0.1724
GLOBAL,PWRWONINDNO01,S2D2,2029,0.1724
GLOBAL,PWRWONINDNO01,S2D2,2030,0.1724
GLOBAL,PWRWONINDNO01,S2D2,2031,0.1724
GLOBAL,PWRWONINDNO01,S2D2,2032,0.1724
GLOBAL,PWRWONINDNO01,S2D2,2033,0.1724
GLOBAL,PWRWONINDNO01,S2D2,2034,0.1724
GLOBAL,PWRWONINDNO01,S2D2,2035,0.1724
GLOBAL,PWRWONINDNO01,S2D2,2036,0.1724
GLOBAL,PWRWONINDNO01,S2D2,2037,0.1724
GLOBAL,PWRWONINDNO01,S2D2,2038,0.1724
GLOBAL,PWRWONINDNO01,S2D2,2039,0.1724
GLOBAL,PWRWONINDNO01,S2D2,2040,0.1724
GLOBAL,PWRWONINDNO01,S2D2,2041,0.1724
GLOBAL,PWRWONINDNO01,S2D2,2042,0.1724
GLOBAL,PWRWONINDNO01,S2D2,2043,0.1724
GLOBAL,PWRWONINDNO01,S2D2,2044,0.1724
GLOBAL,PWRWONINDNO01,S2D2,2045,0.1724
GLOBAL,PWRWONINDNO01,S2D2,2046,0.1724
GLOBAL,PWRWONINDNO01,S2D2,2047,0.1724
GLOBAL,PWRWONINDNO01,S2D2,2048,0.1724
GLOBAL,PWRWONINDNO01,S2D2,2049,0.1724
GLOBAL,PWRWONINDNO01,S2D2,2050,0.1724
GLOBAL,PWRWONINDSO01,S2D2,2021,0.1341
GLOBAL,PWRWONINDSO01,S2D2,2022,0.1341
GLOBAL,PWRWONINDSO01,S2D2,2023,0.1341
GLOBAL,PWRWONINDSO01,S2D2,2024,0.1341
GLOBAL,PWRWONINDSO01,S2D2,2025,0.1341
GLOBAL,PWRWONINDSO01,S2D2,2026,0.1341
GLOBAL,PWRWONINDSO01,S2D2,2027,0.1341
GLOBAL,PWRWONINDSO01,S2D2,2028,0.1341
GLOBAL,PWRWONINDSO01,S2D2,2029,0.1341
GLOBAL,PWRWONINDSO01,S2D2,2030,0.1341
GLOBAL,PWRWONINDSO01,S2D2,2031,0.1341
GLOBAL,PWRWONINDSO01,S2D2,2032,0.1341
GLOBAL,PWRWONINDSO01,S2D2,2033,0.1341
GLOBAL,PWRWONINDSO01,S2D2,2034,0.1341
GLOBAL,PWRWONINDSO01,S2D2,2035,0.1341
GLOBAL,PWRWONINDSO01,S2D2,2036,0.1341
GLOBAL,PWRWONINDSO01,S2D2,2037,0.1341
GLOBAL,PWRWONINDSO01,S2D2,2038,0.1341
GLOBAL,PWRWONINDSO01,S2D2,2039,0.1341
GLOBAL,PWRWONINDSO01,S2D2,2040,0.1341
GLOBAL,PWRWONINDSO01,S2D2,2041,0.1341
GLOBAL,PWRWONINDSO01,S2D2,2042,0.1341
GLOBAL,PWRWONINDSO01,S2D2,2043,0.1341
GLOBAL,PWRWONINDSO01,S2D2,2044,0.1341
GLOBAL,PWRWONINDSO01,S2D2,2045,0.1341
GLOBAL,PWRWONINDSO01,S2D2,2046,0.1341
GLOBAL,PWRWONINDSO01,S2D2,2047,0.1341
GLOBAL,PWRWONINDSO01,S2D2,2048,0.1341
GLOBAL,PWRWONINDSO01,S2D2,2049,0.1341
GLOBAL,PWRWONINDSO01,S2D2,2050,0.1341
GLOBAL,PWRWONINDWE01,S2D2,2021,0.1806
GLOBAL,PWRWONINDWE01,S2D2,2022,0.1806
GLOBAL,PWRWONINDWE01,S2D2,2023,0.1806
GLOBAL,PWRWONINDWE01,S2D2,2024,0.1806
GLOBAL,PWRWONINDWE01,S2D2,2025,0.1806
GLOBAL,PWRWONINDWE01,S2D2,2026,0.1806
GLOBAL,PWRWONINDWE01,S2D2,2027,0.1806
GLOBAL,PWRWONINDWE01,S2D2,2028,0.1806
GLOBAL,PWRWONINDWE01,S2D2,2029,0.1806
GLOBAL,PWRWONINDWE01,S2D2,2030,0.1806
GLOBAL,PWRWONINDWE01,S2D2,2031,0.1806
GLOBAL,PWRWONINDWE01,S2D2,2032,0.1806
GLOBAL,PWRWONINDWE01,S2D2,2033,0.1806
GLOBAL,PWRWONINDWE01,S2D2,2034,0.1806
GLOBAL,PWRWONINDWE01,S2D2,2035,0.1806
GLOBAL,PWRWONINDWE01,S2D2,2036,0.1806
GLOBAL,PWRWONINDWE01,S2D2,2037,0.1806
GLOBAL,PWRWONINDWE01,S2D2,2038,0.1806
GLOBAL,PWRWONINDWE01,S2D2,2039,0.1806
GLOBAL,PWRWONINDWE01,S2D2,2040,0.1806
GLOBAL,PWRWONINDWE01,S2D2,2041,0.1806
GLOBAL,PWRWONINDWE01,S2D2,2042,0.1806
GLOBAL,PWRWONINDWE01,S2D2,2043,0.1806
GLOBAL,PWRWONINDWE01,S2D2,2044,0.1806
GLOBAL,PWRWONINDWE01,S2D2,2045,0.1806
GLOBAL,PWRWONINDWE01,S2D2,2046,0.1806
GLOBAL,PWRWONINDWE01,S2D2,2047,0.1806
GLOBAL,PWRWONINDWE01,S2D2,2048,0.1806
GLOBAL,PWRWONINDWE01,S2D2,2049,0.1806
GLOBAL,PWRWONINDWE01,S2D2,2050,0.1806
GLOBAL,PWRWOFINDEA01,S1D1,2021,0.143
GLOBAL,PWRWOFINDEA01,S1D1,2022,0.143
GLOBAL,PWRWOFINDEA01,S1D1,2023,0.143
GLOBAL,PWRWOFINDEA01,S1D1,2024,0.143
GLOBAL,PWRWOFINDEA01,S1D1,2025,0.143
GLOBAL,PWRWOFINDEA01,S1D1,2026,0.143
GLOBAL,PWRWOFINDEA01,S1D1,2027,0.143
GLOBAL,PWRWOFINDEA01,S1D1,2028,0.143
GLOBAL,PWRWOFINDEA01,S1D1,2029,0.143
GLOBAL,PWRWOFINDEA01,S1D1,2030,0.143
GLOBAL,PWRWOFINDEA01,S1D1,2031,0.143
GLOBAL,PWRWOFINDEA01,S1D1,2032,0.143
GLOBAL,PWRWOFINDEA01,S1D1,2033,0.143
GLOBAL,PWRWOFINDEA01,S1D1,2034,0.143
GLOBAL,PWRWOFINDEA01,S1D1,2035,0.143
GLOBAL,PWRWOFINDEA01,S1D1,2036,0.143
GLOBAL,PWRWOFINDEA01,S1D1,2037,0.143
GLOBAL,PWRWOFINDEA01,S1D1,2038,0.143
GLOBAL,PWRWOFINDEA01,S1D1,2039,0.143
GLOBAL,PWRWOFINDEA01,S1D1,2040,0.143
GLOBAL,PWRWOFINDEA01,S1D1,2041,0.143
GLOBAL,PWRWOFINDEA01,S1D1,2042,0.143
GLOBAL,PWRWOFINDEA01,S1D1,2043,0.143
GLOBAL,PWRWOFINDEA01,S1D1,2044,0.143
GLOBAL,PWRWOFINDEA01,S1D1,2045,0.143
GLOBAL,PWRWOFINDEA01,S1D1,2046,0.143
GLOBAL,PWRWOFINDEA01,S1D1,2047,0.143
GLOBAL,PWRWOFINDEA01,S1D1,2048,0.143
GLOBAL,PWRWOFINDEA01,S1D1,2049,0.143
GLOBAL,PWRWOFINDEA01,S1D1,2050,0.143
GLOBAL,PWRWOFINDSO01,S1D1,2021,0.1278
GLOBAL,PWRWOFINDSO01,S1D1,2022,0.1278
GLOBAL,PWRWOFINDSO01,S1D1,2023,0.1278
GLOBAL,PWRWOFINDSO01,S1D1,2024,0.1278
GLOBAL,PWRWOFINDSO01,S1D1,2025,0.1278
GLOBAL,PWRWOFINDSO01,S1D1,2026,0.1278
GLOBAL,PWRWOFINDSO01,S1D1,2027,0.1278
GLOBAL,PWRWOFINDSO01,S1D1,2028,0.1278
GLOBAL,PWRWOFINDSO01,S1D1,2029,0.1278
GLOBAL,PWRWOFINDSO01,S1D1,2030,0.1278
GLOBAL,PWRWOFINDSO01,S1D1,2031,0.1278
GLOBAL,PWRWOFINDSO01,S1D1,2032,0.1278
GLOBAL,PWRWOFINDSO01,S1D1,2033,0.1278
GLOBAL,PWRWOFINDSO01,S1D1,2034,0.1278
GLOBAL,PWRWOFINDSO01,S1D1,2035,0.1278
GLOBAL,PWRWOFINDSO01,S1D1,2036,0.1278
GLOBAL,PWRWOFINDSO01,S1D1,2037,0.1278
GLOBAL,PWRWOFINDSO01,S1D1,2038,0.1278
GLOBAL,PWRWOFINDSO01,S1D1,2039,0.1278
GLOBAL,PWRWOFINDSO01,S1D1,2040,0.1278
GLOBAL,PWRWOFINDSO01,S1D1,2041,0.1278
GLOBAL,PWRWOFINDSO01,S1D1,2042,0.1278
GLOBAL,PWRWOFINDSO01,S1D1,2043,0.1278
GLOBAL,PWRWOFINDSO01,S1D1,2044,0.1278
GLOBAL,PWRWOFINDSO01,S1D1,2045,0.1278
GLOBAL,PWRWOFINDSO01,S1D1,2046,0.1278
GLOBAL,PWRWOFINDSO01,S1D1,2047,0.1278
GLOBAL,PWRWOFINDSO01,S1D1,2048,0.1278
GLOBAL,PWRWOFINDSO01,S1D1,2049,0.1278
GLOBAL,PWRWOFINDSO01,S1D1,2050,0.1278
GLOBAL,PWRWOFINDWE01,S1D1,2021,0.1672
GLOBAL,PWRWOFINDWE01,S1D1,2022,0.1672
GLOBAL,PWRWOFINDWE01,S1D1,2023,0.1672
GLOBAL,PWRWOFINDWE01,S1D1,2024,0.1672
GLOBAL,PWRWOFINDWE01,S1D1,2025,0.1672
GLOBAL,PWRWOFINDWE01,S1D1,2026,0.1672
GLOBAL,PWRWOFINDWE01,S1D1,2027,0.1672
GLOBAL,PWRWOFINDWE01,S1D1,2028,0.1672
GLOBAL,PWRWOFINDWE01,S1D1,2029,0.1672
GLOBAL,PWRWOFINDWE01,S1D1,2030,0.1672
GLOBAL,PWRWOFINDWE01,S1D1,2031,0.1672
GLOBAL,PWRWOFINDWE01,S1D1,2032,0.1672
GLOBAL,PWRWOFINDWE01,S1D1,2033,0.1672
GLOBAL,PWRWOFINDWE01,S1D1,2034,0.1672
GLOBAL,PWRWOFINDWE01,S1D1,2035,0.1672
GLOBAL,PWRWOFINDWE01,S1D1,2036,0.1672
GLOBAL,PWRWOFINDWE01,S1D1,2037,0.1672
GLOBAL,PWRWOFINDWE01,S1D1,2038,0.1672
GLOBAL,PWRWOFINDWE01,S1D1,2039,0.1672
GLOBAL,PWRWOFINDWE01,S1D1,2040,0.1672
GLOBAL,PWRWOFINDWE01,S1D1,2041,0.1672
GLOBAL,PWRWOFINDWE01,S1D1,2042,0.1672
GLOBAL,PWRWOFINDWE01,S1D1,2043,0.1672
GLOBAL,PWRWOFINDWE01,S1D1,2044,0.1672
GLOBAL,PWRWOFINDWE01,S1D1,2045,0.1672
GLOBAL,PWRWOFINDWE01,S1D1,2046,0.1672
GLOBAL,PWRWOFINDWE01,S1D1,2047,0.1672
GLOBAL,PWRWOFINDWE01,S1D1,2048,0.1672
GLOBAL,PWRWOFINDWE01,S1D1,2049,0.1672
GLOBAL,PWRWOFINDWE01,S1D1,2050,0.1672
GLOBAL,PWRWOFINDEA01,S1D2,2021,0.1766
GLOBAL,PWRWOFINDEA01,S1D2,2022,0.1766
GLOBAL,PWRWOFINDEA01,S1D2,2023,0.1766
GLOBAL,PWRWOFINDEA01,S1D2,2024,0.1766
GLOBAL,PWRWOFINDEA01,S1D2,2025,0.1766
GLOBAL,PWRWOFINDEA01,S1D2,2026,0.1766
GLOBAL,PWRWOFINDEA01,S1D2,2027,0.1766
GLOBAL,PWRWOFINDEA01,S1D2,2028,0.1766
GLOBAL,PWRWOFINDEA01,S1D2,2029,0.1766
GLOBAL,PWRWOFINDEA01,S1D2,2030,0.1766
GLOBAL,PWRWOFINDEA01,S1D2,2031,0.1766
GLOBAL,PWRWOFINDEA01,S1D2,2032,0.1766
GLOBAL,PWRWOFINDEA01,S1D2,2033,0.1766
GLOBAL,PWRWOFINDEA01,S1D2,2034,0.1766
GLOBAL,PWRWOFINDEA01,S1D2,2035,0.1766
GLOBAL,PWRWOFINDEA01,S1D2,2036,0.1766
GLOBAL,PWRWOFINDEA01,S1D2,2037,0.1766
GLOBAL,PWRWOFINDEA01,S1D2,2038,0.1766
GLOBAL,PWRWOFINDEA01,S1D2,2039,0.1766
GLOBAL,PWRWOFINDEA01,S1D2,2040,0.1766
GLOBAL,PWRWOFINDEA01,S1D2,2041,0.1766
GLOBAL,PWRWOFINDEA01,S1D2,2042,0.1766
GLOBAL,PWRWOFINDEA01,S1D2,2043,0.1766
GLOBAL,PWRWOFINDEA01,S1D2,2044,0.1766
GLOBAL,PWRWOFINDEA01,S1D2,2045,0.1766
GLOBAL,PWRWOFINDEA01,S1D2,2046,0.1766
GLOBAL,PWRWOFINDEA01,S1D2,2047,0.1766
GLOBAL,PWRWOFINDEA01,S1D2,2048,0.1766
GLOBAL,PWRWOFINDEA01,S1D2,2049,0.1766
GLOBAL,PWRWOFINDEA01,S1D2,2050,0.1766
GLOBAL,PWRWOFINDSO01,S1D2,2021,0.1633
GLOBAL,PWRWOFINDSO01,S1D2,2022,0.1633
GLOBAL,PWRWOFINDSO01,S1D2,2023,0.1633
GLOBAL,PWRWOFINDSO01,S1D2,2024,0.1633
GLOBAL,PWRWOFINDSO01,S1D2,2025,0.1633
GLOBAL,PWRWOFINDSO01,S1D2,2026,0.1633
GLOBAL,PWRWOFINDSO01,S1D2,2027,0.1633
GLOBAL,PWRWOFINDSO01,S1D2,2028,0.1633
GLOBAL,PWRWOFINDSO01,S1D2,2029,0.1633
GLOBAL,PWRWOFINDSO01,S1D2,2030,0.1633
GLOBAL,PWRWOFINDSO01,S1D2,2031,0.1633
GLOBAL,PWRWOFINDSO01,S1D2,2032,0.1633
GLOBAL,PWRWOFINDSO01,S1D2,2033,0.1633
GLOBAL,PWRWOFINDSO01,S1D2,2034,0.1633
GLOBAL,PWRWOFINDSO01,S1D2,2035,0.1633
GLOBAL,PWRWOFINDSO01,S1D2,2036,0.1633
GLOBAL,PWRWOFINDSO01,S1D2,2037,0.1633
GLOBAL,PWRWOFINDSO01,S1D2,2038,0.1633
GLOBAL,PWRWOFINDSO01,S1D2,2039,0.1633
GLOBAL,PWRWOFINDSO01,S1D2,2040,0.1633
GLOBAL,PWRWOFINDSO01,S1D2,2041,0.1633
GLOBAL,PWRWOFINDSO01,S1D2,2042,0.1633
GLOBAL,PWRWOFINDSO01,S1D2,2043,0.1633
GLOBAL,PWRWOFINDSO01,S1D2,2044,0.1633
GLOBAL,PWRWOFINDSO01,S1D2,2045,0.1633
GLOBAL,PWRWOFINDSO01,S1D2,2046,0.1633
GLOBAL,PWRWOFINDSO01,S1D2,2047,0.1633
GLOBAL,PWRWOFINDSO01,S1D2,2048,0.1633
GLOBAL,PWRWOFINDSO01,S1D2,2049,0.1633
GLOBAL,PWRWOFINDSO01,S1D2,2050,0.1633
GLOBAL,PWRWOFINDWE01,S1D2,2021,0.1989
GLOBAL,PWRWOFINDWE01,S1D2,2022,0.1989
GLOBAL,PWRWOFINDWE01,S1D2,2023,0.1989
GLOBAL,PWRWOFINDWE01,S1D2,2024,0.1989
GLOBAL,PWRWOFINDWE01,S1D2,2025,0.1989
GLOBAL,PWRWOFINDWE01,S1D2,2026,0.1989
GLOBAL,PWRWOFINDWE01,S1D2,2027,0.1989
GLOBAL,PWRWOFINDWE01,S1D2,2028,0.1989
GLOBAL,PWRWOFINDWE01,S1D2,2029,0.1989
GLOBAL,PWRWOFINDWE01,S1D2,2030,0.1989
GLOBAL,PWRWOFINDWE01,S1D2,2031,0.1989
GLOBAL,PWRWOFINDWE01,S1D2,2032,0.1989
GLOBAL,PWRWOFINDWE01,S1D2,2033,0.1989
GLOBAL,PWRWOFINDWE01,S1D2,2034,0.1989
GLOBAL,PWRWOFINDWE01,S1D2,2035,0.1989
GLOBAL,PWRWOFINDWE01,S1D2,2036,0.1989
GLOBAL,PWRWOFINDWE01,S1D2,2037,0.1989
GLOBAL,PWRWOFINDWE01,S1D2,2038,0.1989
GLOBAL,PWRWOFINDWE01,S1D2,2039,0.1989
GLOBAL,PWRWOFINDWE01,S1D2,2040,0.1989
GLOBAL,PWRWOFINDWE01,S1D2,2041,0.1989
GLOBAL,PWRWOFINDWE01,S1D2,2042,0.1989
GLOBAL,PWRWOFINDWE01,S1D2,2043,0.1989
GLOBAL,PWRWOFINDWE01,S1D2,2044,0.1989
GLOBAL,PWRWOFINDWE01,S1D2,2045,0.1989
GLOBAL,PWRWOFINDWE01,S1D2,2046,0.1989
GLOBAL,PWRWOFINDWE01,S1D2,2047,0.1989
GLOBAL,PWRWOFINDWE01,S1D2,2048,0.1989
GLOBAL,PWRWOFINDWE01,S1D2,2049,0.1989
GLOBAL,PWRWOFINDWE01,S1D2,2050,0.1989
GLOBAL,PWRWOFINDEA01,S2D1,2021,0.1326
GLOBAL,PWRWOFINDEA01,S2D1,2022,0.1326
GLOBAL,PWRWOFINDEA01,S2D1,2023,0.1326
GLOBAL,PWRWOFINDEA01,S2D1,2024,0.1326
GLOBAL,PWRWOFINDEA01,S2D1,2025,0.1326
GLOBAL,PWRWOFINDEA01,S2D1,2026,0.1326
GLOBAL,PWRWOFINDEA01,S2D1,2027,0.1326
GLOBAL,PWRWOFINDEA01,S2D1,2028,0.1326
GLOBAL,PWRWOFINDEA01,S2D1,2029,0.1326
GLOBAL,PWRWOFINDEA01,S2D1,2030,0.1326
GLOBAL,PWRWOFINDEA01,S2D1,2031,0.1326
GLOBAL,PWRWOFINDEA01,S2D1,2032,0.1326
GLOBAL,PWRWOFINDEA01,S2D1,2033,0.1326
GLOBAL,PWRWOFINDEA01,S2D1,2034,0.1326
GLOBAL,PWRWOFINDEA01,S2D1,2035,0.1326
GLOBAL,PWRWOFINDEA01,S2D1,2036,0.1326
GLOBAL,PWRWOFINDEA01,S2D1,2037,0.1326
GLOBAL,PWRWOFINDEA01,S2D1,2038,0.1326
GLOBAL,PWRWOFINDEA01,S2D1,2039,0.1326
GLOBAL,PWRWOFINDEA01,S2D1,2040,0.1326
GLOBAL,PWRWOFINDEA01,S2D1,2041,0.1326
GLOBAL,PWRWOFINDEA01,S2D1,2042,0.1326
GLOBAL,PWRWOFINDEA01,S2D1,2043,0.1326
GLOBAL,PWRWOFINDEA01,S2D1,2044,0.1326
GLOBAL,PWRWOFINDEA01,S2D1,2045,0.1326
GLOBAL,PWRWOFINDEA01,S2D1,2046,0.1326
GLOBAL,PWRWOFINDEA01,S2D1,2047,0.1326
GLOBAL,PWRWOFINDEA01,S2D1,2048,0.1326
GLOBAL,PWRWOFINDEA01,S2D1,2049,0.1326
GLOBAL,PWRWOFINDEA01,S2D1,2050,0.1326
GLOBAL,PWRWOFINDSO01,S2D1,2021,0.1637
GLOBAL,PWRWOFINDSO01,S2D1,2022,0.1637
GLOBAL,PWRWOFINDSO01,S2D1,2023,0.1637
GLOBAL,PWRWOFINDSO01,S2D1,2024,0.1637
GLOBAL,PWRWOFINDSO01,S2D1,2025,0.1637
GLOBAL,PWRWOFINDSO01,S2D1,2026,0.1637
GLOBAL,PWRWOFINDSO01,S2D1,2027,0.1637
GLOBAL,PWRWOFINDSO01,S2D1,2028,0.1637
GLOBAL,PWRWOFINDSO01,S2D1,2029,0.1637
GLOBAL,PWRWOFINDSO01,S2D1,2030,0.1637
GLOBAL,PWRWOFINDSO01,S2D1,2031,0.1637
GLOBAL,PWRWOFINDSO01,S2D1,2032,0.1637
GLOBAL,PWRWOFINDSO01,S2D1,2033,0.1637
GLOBAL,PWRWOFINDSO01,S2D1,2034,0.1637
GLOBAL,PWRWOFINDSO01,S2D1,2035,0.1637
GLOBAL,PWRWOFINDSO01,S2D1,2036,0.1637
GLOBAL,PWRWOFINDSO01,S2D1,2037,0.1637
GLOBAL,PWRWOFINDSO01,S2D1,2038,0.1637
GLOBAL,PWRWOFINDSO01,S2D1,2039,0.1637
GLOBAL,PWRWOFINDSO01,S2D1,2040,0.1637
GLOBAL,PWRWOFINDSO01,S2D1,2041,0.1637
GLOBAL,PWRWOFINDSO01,S2D1,2042,0.1637
GLOBAL,PWRWOFINDSO01,S2D1,2043,0.1637
GLOBAL,PWRWOFINDSO01,S2D1,2044,0.1637
GLOBAL,PWRWOFINDSO01,S2D1,2045,0.1637
GLOBAL,PWRWOFINDSO01,S2D1,2046,0.1637
GLOBAL,PWRWOFINDSO01,S2D1,2047,0.1637
GLOBAL,PWRWOFINDSO01,S2D1,2048,0.1637
GLOBAL,PWRWOFINDSO01,S2D1,2049,0.1637
GLOBAL,PWRWOFINDSO01,S2D1,2050,0.1637
GLOBAL,PWRWOFINDWE01,S2D1,2021,0.1854
GLOBAL,PWRWOFINDWE01,S2D1,2022,0.1854
GLOBAL,PWRWOFINDWE01,S2D1,2023,0.1854
GLOBAL,PWRWOFINDWE01,S2D1,2024,0.1854
GLOBAL,PWRWOFINDWE01,S2D1,2025,0.1854
GLOBAL,PWRWOFINDWE01,S2D1,2026,0.1854
GLOBAL,PWRWOFINDWE01,S2D1,2027,0.1854
GLOBAL,PWRWOFINDWE01,S2D1,2028,0.1854
GLOBAL,PWRWOFINDWE01,S2D1,2029,0.1854
GLOBAL,PWRWOFINDWE01,S2D1,2030,0.1854
GLOBAL,PWRWOFINDWE01,S2D1,2031,0.1854
GLOBAL,PWRWOFINDWE01,S2D1,2032,0.1854
GLOBAL,PWRWOFINDWE01,S2D1,2033,0.1854
GLOBAL,PWRWOFINDWE01,S2D1,2034,0.1854
GLOBAL,PWRWOFINDWE01,S2D1,2035,0.1854
GLOBAL,PWRWOFINDWE01,S2D1,2036,0.1854
GLOBAL,PWRWOFINDWE01,S2D1,2037,0.1854
GLOBAL,PWRWOFINDWE01,S2D1,2038,0.1854
GLOBAL,PWRWOFINDWE01,S2D1,2039,0.1854
GLOBAL,PWRWOFINDWE01,S2D1,2040,0.1854
GLOBAL,PWRWOFINDWE01,S2D1,2041,0.1854
GLOBAL,PWRWOFINDWE01,S2D1,2042,0.1854
GLOBAL,PWRWOFINDWE01,S2D1,2043,0.1854
GLOBAL,PWRWOFINDWE01,S2D1,2044,0.1854
GLOBAL,PWRWOFINDWE01,S2D1,2045,0.1854
GLOBAL,PWRWOFINDWE01,S2D1,2046,0.1854
GLOBAL,PWRWOFINDWE01,S2D1,2047,0.1854
GLOBAL,PWRWOFINDWE01,S2D1,2048,0.1854
GLOBAL,PWRWOFINDWE01,S2D1,2049,0.1854
GLOBAL,PWRWOFINDWE01,S2D1,2050,0.1854
GLOBAL,PWRWOFINDEA01,S2D2,2021,0.1436
GLOBAL,PWRWOFINDEA01,S2D2,2022,0.1436
GLOBAL,PWRWOFINDEA01,S2D2,2023,0.1436
GLOBAL,PWRWOFINDEA01,S2D2,2024,0.1436
GLOBAL,PWRWOFINDEA01,S2D2,2025,0.1436
GLOBAL,PWRWOFINDEA01,S2D2,2026,0.1436
GLOBAL,PWRWOFINDEA01,S2D2,2027,0.1436
GLOBAL,PWRWOFINDEA01,S2D2,2028,0.1436
GLOBAL,PWRWOFINDEA01,S2D2,2029,0.1436
GLOBAL,PWRWOFINDEA01,S2D2,2030,0.1436
GLOBAL,PWRWOFINDEA01,S2D2,2031,0.1436
GLOBAL,PWRWOFINDEA01,S2D2,2032,0.1436
GLOBAL,PWRWOFINDEA01,S2D2,2033,0.1436
GLOBAL,PWRWOFINDEA01,S2D2,2034,0.1436
GLOBAL,PWRWOFINDEA01,S2D2,2035,0.1436
GLOBAL,PWRWOFINDEA01,S2D2,2036,0.1436
GLOBAL,PWRWOFINDEA01,S2D2,2037,0.1436
GLOBAL,PWRWOFINDEA01,S2D2,2038,0.1436
GLOBAL,PWRWOFINDEA01,S2D2,2039,0.1436
GLOBAL,PWRWOFINDEA01,S2D2,2040,0.1436
GLOBAL,PWRWOFINDEA01,S2D2,2041,0.1436
GLOBAL,PWRWOFINDEA01,S2D2,2042,0.1436
GLOBAL,PWRWOFINDEA01,S2D2,2043,0.1436
GLOBAL,PWRWOFINDEA01,S2D2,2044,0.1436
GLOBAL,PWRWOFINDEA01,S2D2,2045,0.1436
GLOBAL,PWRWOFINDEA01,S2D2,2046,0.1436
GLOBAL,PWRWOFINDEA01,S2D2,2047,0.1436
GLOBAL,PWRWOFINDEA01,S2D2,2048,0.1436
GLOBAL,PWRWOFINDEA01,S2D2,2049,0.1436
GLOBAL,PWRWOFINDEA01,S2D2,2050,0.1436
GLOBAL,PWRWOFINDSO01,S2D2,2021,0.1794
GLOBAL,PWRWOFINDSO01,S2D2,2022,0.1794
GLOBAL,PWRWOFINDSO01,S2D2,2023,0.1794
GLOBAL,PWRWOFINDSO01,S2D2,2024,0.1794
GLOBAL,PWRWOFINDSO01,S2D2,2025,0.1794
GLOBAL,PWRWOFINDSO01,S2D2,2026,0.1794
GLOBAL,PWRWOFINDSO01,S2D2,2027,0.1794
GLOBAL,PWRWOFINDSO01,S2D2,2028,0.1794
GLOBAL,PWRWOFINDSO01,S2D2,2029,0.1794
GLOBAL,PWRWOFINDSO01,S2D2,2030,0.1794
GLOBAL,PWRWOFINDSO01,S2D2,2031,0.1794
GLOBAL,PWRWOFINDSO01,S2D2,2032,0.1794
GLOBAL,PWRWOFINDSO01,S2D2,2033,0.1794
GLOBAL,PWRWOFINDSO01,S2D2,2034,0.1794
GLOBAL,PWRWOFINDSO01,S2D2,2035,0.1794
GLOBAL,PWRWOFINDSO01,S2D2,2036,0.1794
GLOBAL,PWRWOFINDSO01,S2D2,2037,0.1794
GLOBAL,PWRWOFINDSO01,S2D2,2038,0.1794
GLOBAL,PWRWOFINDSO01,S2D2,2039,0.1794
GLOBAL,PWRWOFINDSO01,S2D2,2040,0.1794
GLOBAL,PWRWOFINDSO01,S2D2,2041,0.1794
GLOBAL,PWRWOFINDSO01,S2D2,2042,0.1794
GLOBAL,PWRWOFINDSO01,S2D2,2043,0.1794
GLOBAL,PWRWOFINDSO01,S2D2,2044,0.1794
GLOBAL,PWRWOFINDSO01,S2D2,2045,0.1794
GLOBAL,PWRWOFINDSO01,S2D2,2046,0.1794
GLOBAL,PWRWOFINDSO01,S2D2,2047,0.1794
GLOBAL,PWRWOFINDSO01,S2D2,2048,0.1794
GLOBAL,PWRWOFINDSO01,S2D2,2049,0.1794
GLOBAL,PWRWOFINDSO01,S2D2,2050,0.1794
GLOBAL,PWRWOFINDWE01,S2D2,2021,0.2168
GLOBAL,PWRWOFINDWE01,S2D2,2022,0.2168
GLOBAL,PWRWOFINDWE01,S2D2,2023,0.2168
GLOBAL,PWRWOFINDWE01,S2D2,2024,0.2168
GLOBAL,PWRWOFINDWE01,S2D2,2025,0.2168
GLOBAL,PWRWOFINDWE01,S2D2,2026,0.2168
GLOBAL,PWRWOFINDWE01,S2D2,2027,0.2168
GLOBAL,PWRWOFINDWE01,S2D2,2028,0.2168
GLOBAL,PWRWOFINDWE01,S2D2,2029,0.2168
GLOBAL,PWRWOFINDWE01,S2D2,2030,0.2168
GLOBAL,PWRWOFINDWE01,S2D2,2031,0.2168
GLOBAL,PWRWOFINDWE01,S2D2,2032,0.2168
GLOBAL,PWRWOFINDWE01,S2D2,2033,0.2168
GLOBAL,PWRWOFINDWE01,S2D2,2034,0.2168
GLOBAL,PWRWOFINDWE01,S2D2,2035,0.2168
GLOBAL,PWRWOFINDWE01,S2D2,2036,0.2168
GLOBAL,PWRWOFINDWE01,S2D2,2037,0.2168
GLOBAL,PWRWOFINDWE01,S2D2,2038,0.2168
GLOBAL,PWRWOFINDWE01,S2D2,2039,0.2168
GLOBAL,PWRWOFINDWE01,S2D2,2040,0.2168
GLOBAL,PWRWOFINDWE01,S2D2,2041,0.2168
GLOBAL,PWRWOFINDWE01,S2D2,2042,0.2168
GLOBAL,PWRWOFINDWE01,S2D2,2043,0.2168
GLOBAL,PWRWOFINDWE01,S2D2,2044,0.2168
GLOBAL,PWRWOFINDWE01,S2D2,2045,0.2168
GLOBAL,PWRWOFINDWE01,S2D2,2046,0.2168
GLOBAL,PWRWOFINDWE01,S2D2,2047,0.2168
GLOBAL,PWRWOFINDWE01,S2D2,2048,0.2168
GLOBAL,PWRWOFINDWE01,S2D2,2049,0.2168
GLOBAL,PWRWOFINDWE01,S2D2,2050,0.2168
