REGION,TECHNOLOGY,FUEL,MODE_OF_OPERATION,YEAR,TIMESLICE,VALUE
GLOBAL,PWRBIOKENXX01,BIOKENXX,1,2021,S1D3,1.1358452554883076
GLOBAL,PWRBIOKENXX01,BIOKENXX,1,2021,S1D2,2.4369357054631657
GLOBAL,PWRBIOKENXX01,BIOKENXX,1,2021,S2D1,7.3235396649243345
GLOBAL,PWRBIOKENXX01,BIOKENXX,1,2021,S2D2,7.3235396649243345
GLOBAL,PWRBIOKENXX01,BIOKENXX,1,2021,S3D3,7.323539664924336
GLOBAL,PWRBIOKENXX01,BIOKENXX,1,2021,S3D1,7.323539664924336
GLOBAL,PWRBIOKENXX01,BIOKENXX,1,2021,S3D2,7.323539664924336
GLOBAL,PWRBIOKENXX01,BIOKENXX,1,2022,S1D3,6.802829989419588
GLOBAL,PWRBIOKENXX01,BIOKENXX,1,2022,S1D1,8.410230879796664
GLOBAL,PWRBIOKENXX01,BIOKENXX,1,2022,S1D2,8.410230879796664
GLOBAL,PWRBIOKENXX01,BIOKENXX,1,2022,S2D2,8.410230879796663
GLOBAL,PWRBIOKENXX01,BIOKENXX,1,2022,S3D1,0.12108917933278603
GLOBAL,PWRBIOKENXX01,BIOKENXX,1,2022,S3D2,8.410230879796663
GLOBAL,PWRBIOKENXX01,BIOKENXX,1,2023,S1D3,4.668542251094894
GLOBAL,PWRBIOKENXX01,BIOKENXX,1,2023,S1D1,8.9688384
GLOBAL,PWRBIOKENXX01,BIOKENXX,1,2023,S1D2,8.9688384
GLOBAL,PWRBIOKENXX01,BIOKENXX,1,2023,S2D2,8.9688384
GLOBAL,PWRBIOKENXX01,BIOKENXX,1,2023,S3D2,8.9688384
GLOBAL,PWRBIOKENXX01,BIOKENXX,1,2024,S1D3,2.0143289939560254
GLOBAL,PWRBIOKENXX01,BIOKENXX,1,2024,S1D2,2.3596163753870445
GLOBAL,PWRBIOKENXX01,BIOKENXX,1,2024,S2D2,8.9688384
GLOBAL,PWRBIOKENXX01,BIOKENXX,1,2024,S3D3,8.9688384
GLOBAL,PWRBIOKENXX01,BIOKENXX,1,2024,S3D1,8.9688384
GLOBAL,PWRBIOKENXX01,BIOKENXX,1,2024,S3D2,8.9688384
GLOBAL,PWRBIOKENXX01,BIOKENXX,1,2025,S1D1,4.521243810218983
GLOBAL,PWRBIOKENXX01,BIOKENXX,1,2025,S1D2,8.9688384
GLOBAL,PWRBIOKENXX01,BIOKENXX,1,2025,S2D2,8.9688384
GLOBAL,PWRBIOKENXX01,BIOKENXX,1,2025,S3D1,8.9688384
GLOBAL,PWRBIOKENXX01,BIOKENXX,1,2025,S3D2,8.9688384
GLOBAL,PWRBIOKENXX01,BIOKENXX,1,2026,S1D2,8.9688384
GLOBAL,PWRBIOKENXX01,BIOKENXX,1,2026,S2D1,4.4125407088156745
GLOBAL,PWRBIOKENXX01,BIOKENXX,1,2026,S2D2,8.9688384
GLOBAL,PWRBIOKENXX01,BIOKENXX,1,2026,S3D1,8.9688384
GLOBAL,PWRBIOKENXX01,BIOKENXX,1,2026,S3D2,8.968838400000001
GLOBAL,PWRBIOKENXX01,BIOKENXX,1,2027,S1D1,8.9688384
GLOBAL,PWRBIOKENXX01,BIOKENXX,1,2027,S1D2,8.9688384
GLOBAL,PWRBIOKENXX01,BIOKENXX,1,2027,S2D1,4.556297691184326
GLOBAL,PWRBIOKENXX01,BIOKENXX,1,2027,S2D2,8.9688384
GLOBAL,PWRBIOKENXX01,BIOKENXX,1,2027,S3D2,8.968838400000001
GLOBAL,PWRBIOKENXX01,BIOKENXX,1,2028,S1D3,4.6685422510948875
GLOBAL,PWRBIOKENXX01,BIOKENXX,1,2028,S1D1,8.9688384
GLOBAL,PWRBIOKENXX01,BIOKENXX,1,2028,S1D2,8.9688384
GLOBAL,PWRBIOKENXX01,BIOKENXX,1,2028,S2D2,8.9688384
GLOBAL,PWRBIOKENXX01,BIOKENXX,1,2028,S3D2,8.968838400000001
GLOBAL,PWRBIOKENXX01,BIOKENXX,1,2029,S1D3,4.52124381021898
GLOBAL,PWRBIOKENXX01,BIOKENXX,1,2029,S1D2,8.9688384
GLOBAL,PWRBIOKENXX01,BIOKENXX,1,2029,S2D2,8.9688384
GLOBAL,PWRBIOKENXX01,BIOKENXX,1,2029,S3D1,8.9688384
GLOBAL,PWRBIOKENXX01,BIOKENXX,1,2029,S3D2,8.968838400000001
GLOBAL,PWRBIOKENXX01,BIOKENXX,1,2030,S1D2,8.9688384
GLOBAL,PWRBIOKENXX01,BIOKENXX,1,2030,S2D1,4.4125407088156745
GLOBAL,PWRBIOKENXX01,BIOKENXX,1,2030,S2D2,8.9688384
GLOBAL,PWRBIOKENXX01,BIOKENXX,1,2030,S3D1,8.9688384
GLOBAL,PWRBIOKENXX01,BIOKENXX,1,2030,S3D2,8.968838400000001
GLOBAL,PWRBIOKENXX01,BIOKENXX,1,2031,S1D2,8.9688384
GLOBAL,PWRBIOKENXX01,BIOKENXX,1,2031,S2D3,8.9688384
GLOBAL,PWRBIOKENXX01,BIOKENXX,1,2031,S2D1,4.340662217631341
GLOBAL,PWRBIOKENXX01,BIOKENXX,1,2031,S2D2,8.9688384
GLOBAL,PWRBIOKENXX01,BIOKENXX,1,2031,S3D2,8.968838400000001
GLOBAL,PWRBIOTZAXX01,BIOTZAXX,1,2021,S2D3,7.3510416
GLOBAL,PWRBIOTZAXX01,BIOTZAXX,1,2021,S2D1,5.719654039188758
GLOBAL,PWRBIOTZAXX01,BIOTZAXX,1,2021,S2D2,4.7757683493594065
GLOBAL,PWRBIOTZAXX01,BIOTZAXX,1,2021,S3D3,7.3510416
GLOBAL,PWRBIOTZAXX01,BIOTZAXX,1,2021,S3D1,1.0209936662794543
GLOBAL,PWRBIOTZAXX01,BIOTZAXX,1,2021,S3D2,6.627922920489342
GLOBAL,PWRBIOTZAXX01,BIOTZAXX,1,2022,S2D3,7.3510416
GLOBAL,PWRBIOTZAXX01,BIOTZAXX,1,2022,S2D1,5.8921384602282005
GLOBAL,PWRBIOTZAXX01,BIOTZAXX,1,2022,S2D2,4.710717135656567
GLOBAL,PWRBIOTZAXX01,BIOTZAXX,1,2022,S3D3,7.3510416
GLOBAL,PWRBIOTZAXX01,BIOTZAXX,1,2022,S3D1,0.768200194911363
GLOBAL,PWRBIOTZAXX01,BIOTZAXX,1,2022,S3D2,6.772415232217372
GLOBAL,PWRBIOTZAXX01,BIOTZAXX,1,2023,S2D3,7.3510416
GLOBAL,PWRBIOTZAXX01,BIOTZAXX,1,2023,S2D1,6.064622881267629
GLOBAL,PWRBIOTZAXX01,BIOTZAXX,1,2023,S2D2,4.645665921953729
GLOBAL,PWRBIOTZAXX01,BIOTZAXX,1,2023,S3D3,7.3510416
GLOBAL,PWRBIOTZAXX01,BIOTZAXX,1,2023,S3D1,0.5154067235432974
GLOBAL,PWRBIOTZAXX01,BIOTZAXX,1,2023,S3D2,6.916907543945412
GLOBAL,PWRBIOTZAXX01,BIOTZAXX,1,2024,S2D3,7.3510416
GLOBAL,PWRBIOTZAXX01,BIOTZAXX,1,2024,S2D1,6.237457880398625
GLOBAL,PWRBIOTZAXX01,BIOTZAXX,1,2024,S2D2,4.580482490336829
GLOBAL,PWRBIOTZAXX01,BIOTZAXX,1,2024,S3D3,7.3510416
GLOBAL,PWRBIOTZAXX01,BIOTZAXX,1,2024,S3D1,0.26209944430657267
GLOBAL,PWRBIOTZAXX01,BIOTZAXX,1,2024,S3D2,7.061693539233904
GLOBAL,PWRBIOTZAXX01,BIOTZAXX,1,2025,S2D3,7.3510416
GLOBAL,PWRBIOTZAXX01,BIOTZAXX,1,2025,S2D1,6.409942301438062
GLOBAL,PWRBIOTZAXX01,BIOTZAXX,1,2025,S2D2,4.515431276633966
GLOBAL,PWRBIOTZAXX01,BIOTZAXX,1,2025,S3D3,7.3510416
GLOBAL,PWRBIOTZAXX01,BIOTZAXX,1,2025,S3D1,0.009305972938514363
GLOBAL,PWRBIOTZAXX01,BIOTZAXX,1,2025,S3D2,7.2061858509619485
GLOBAL,PWRBIOTZAXX01,BIOTZAXX,1,2026,S2D3,7.3510416
GLOBAL,PWRBIOTZAXX01,BIOTZAXX,1,2026,S2D1,6.546020114651516
GLOBAL,PWRBIOTZAXX01,BIOTZAXX,1,2026,S2D2,4.314751879180102
GLOBAL,PWRBIOTZAXX01,BIOTZAXX,1,2026,S3D3,7.3510416
GLOBAL,PWRBIOTZAXX01,BIOTZAXX,1,2026,S3D2,7.280615323992007
GLOBAL,PWRBIOTZAXX01,BIOTZAXX,1,2027,S2D3,7.3510416
GLOBAL,PWRBIOTZAXX01,BIOTZAXX,1,2027,S2D1,6.679665318009583
GLOBAL,PWRBIOTZAXX01,BIOTZAXX,1,2027,S2D2,4.1112448134240775
GLOBAL,PWRBIOTZAXX01,BIOTZAXX,1,2027,S3D3,7.3510416
GLOBAL,PWRBIOTZAXX01,BIOTZAXX,1,2027,S3D2,7.3510416
GLOBAL,PWRBIOTZAXX01,BIOTZAXX,1,2028,S2D3,7.3510416
GLOBAL,PWRBIOTZAXX01,BIOTZAXX,1,2028,S2D1,6.842419993265796
GLOBAL,PWRBIOTZAXX01,BIOTZAXX,1,2028,S2D2,3.9484901381678648
GLOBAL,PWRBIOTZAXX01,BIOTZAXX,1,2028,S3D3,7.3510416
GLOBAL,PWRBIOTZAXX01,BIOTZAXX,1,2028,S3D2,7.3510416
GLOBAL,PWRBIOTZAXX01,BIOTZAXX,1,2029,S2D3,7.3510416
GLOBAL,PWRBIOTZAXX01,BIOTZAXX,1,2029,S2D1,7.005174668522035
GLOBAL,PWRBIOTZAXX01,BIOTZAXX,1,2029,S2D2,3.7857354629116253
GLOBAL,PWRBIOTZAXX01,BIOTZAXX,1,2029,S3D3,7.3510416
GLOBAL,PWRBIOTZAXX01,BIOTZAXX,1,2029,S3D2,7.3510416
GLOBAL,PWRBIOTZAXX01,BIOTZAXX,1,2030,S2D3,7.3510416
GLOBAL,PWRBIOTZAXX01,BIOTZAXX,1,2030,S2D1,7.3510416
GLOBAL,PWRBIOTZAXX01,BIOTZAXX,1,2030,S2D2,6.4310405119653105
GLOBAL,PWRBIOTZAXX01,BIOTZAXX,1,2030,S3D3,7.3510416
GLOBAL,PWRBIOTZAXX01,BIOTZAXX,1,2030,S3D2,4.335703957148078
GLOBAL,PWRBIOTZAXX01,BIOTZAXX,1,2031,S2D3,7.3510416
GLOBAL,PWRBIOTZAXX01,BIOTZAXX,1,2031,S2D1,7.3510416
GLOBAL,PWRBIOTZAXX01,BIOTZAXX,1,2031,S2D2,6.897281686013069
GLOBAL,PWRBIOTZAXX01,BIOTZAXX,1,2031,S3D3,7.3510416
GLOBAL,PWRBIOTZAXX01,BIOTZAXX,1,2031,S3D2,3.8656960231663606
GLOBAL,PWRCCGKENXX01,GASINT,2,2023,S2D2,0.371649020762624
GLOBAL,PWRCCGKENXX01,GASINT,2,2024,S2D2,1.0758313142188272
GLOBAL,PWRCCGKENXX01,GASINT,2,2025,S2D2,1.8456723601412508
GLOBAL,PWRCCGKENXX01,GASINT,2,2026,S2D2,2.893443240534108
GLOBAL,PWRCCGKENXX01,GASINT,2,2027,S2D2,3.94121412092695
GLOBAL,PWRCCGKENXX01,GASINT,2,2028,S2D2,4.988985001319775
GLOBAL,PWRCCGKENXX01,GASINT,2,2029,S2D2,5.921183889264814
GLOBAL,PWRCCGKENXX01,GASINT,2,2030,S2D2,5.921183889264814
GLOBAL,PWRCCGKENXX01,GASINT,2,2031,S2D2,5.921183889264814
GLOBAL,PWRCCGKENXX01,GASINT,2,2032,S2D2,5.921183889264814
GLOBAL,PWRCCGKENXX01,GASINT,2,2034,S1D3,15.749678594335748
GLOBAL,PWRCCGKENXX01,GASINT,2,2034,S2D3,27.96880407140872
GLOBAL,PWRCCGKENXX01,GASINT,2,2035,S1D3,24.691284433751807
GLOBAL,PWRCCGKENXX01,GASINT,2,2035,S2D3,36.69542918271774
GLOBAL,PWRCCGKENXX01,GASINT,2,2035,S3D3,0.46904813558346786
GLOBAL,PWRCCGKENXX01,GASINT,2,2036,S1D3,35.05624793740139
GLOBAL,PWRCCGKENXX01,GASINT,2,2036,S2D3,46.811190536235095
GLOBAL,PWRCCGKENXX01,GASINT,2,2036,S3D3,10.666534670592453
GLOBAL,PWRCCGKENXX01,GASINT,2,2037,S1D3,45.40296326586856
GLOBAL,PWRCCGKENXX01,GASINT,2,2037,S2D3,56.90914245074978
GLOBAL,PWRCCGKENXX01,GASINT,2,2037,S3D3,20.84606788423698
GLOBAL,PWRCCGKENXX01,GASINT,2,2038,S1D3,55.76792676951817
GLOBAL,PWRCCGKENXX01,GASINT,2,2038,S2D3,67.02490380426713
GLOBAL,PWRCCGKENXX01,GASINT,2,2038,S3D3,31.043554419245968
GLOBAL,PWRCCGKENXX01,GASINT,2,2039,S1D3,66.11464209798535
GLOBAL,PWRCCGKENXX01,GASINT,2,2039,S2D3,77.1228557187818
GLOBAL,PWRCCGKENXX01,GASINT,2,2039,S3D3,41.22308763289048
GLOBAL,PWRCCGKENXX01,GASINT,2,2040,S1D3,76.47960560163497
GLOBAL,PWRCCGKENXX01,GASINT,2,2040,S2D3,87.2386170722992
GLOBAL,PWRCCGKENXX01,GASINT,2,2040,S3D3,51.42057416789947
GLOBAL,PWRCCGKENXX01,GASINT,2,2041,S1D3,89.3445691052846
GLOBAL,PWRCCGKENXX01,GASINT,2,2041,S2D3,99.79427156918251
GLOBAL,PWRCCGKENXX01,GASINT,2,2041,S3D3,64.07766572983842
GLOBAL,PWRCCGKENXX01,GASINT,2,2042,S1D3,102.20953260893423
GLOBAL,PWRCCGKENXX01,GASINT,2,2042,S2D3,112.3499260660659
GLOBAL,PWRCCGKENXX01,GASINT,2,2042,S3D3,76.73475729177737
GLOBAL,PWRCCGKENXX01,GASINT,2,2043,S1D3,115.05624793740142
GLOBAL,PWRCCGKENXX01,GASINT,2,2043,S2D3,124.8877711239466
GLOBAL,PWRCCGKENXX01,GASINT,2,2043,S3D3,89.3738955323519
GLOBAL,PWRCCGKENXX01,GASINT,2,2044,S1D3,127.92121144105106
GLOBAL,PWRCCGKENXX01,GASINT,2,2044,S2D3,137.4434256208299
GLOBAL,PWRCCGKENXX01,GASINT,2,2044,S3D3,102.03098709429086
GLOBAL,PWRCCGKENXX01,GASINT,2,2045,S1D3,149.61625494470067
GLOBAL,PWRCCGKENXX01,GASINT,2,2045,S2D3,158.82916011771334
GLOBAL,PWRCCGKENXX01,GASINT,2,2045,S3D3,123.5181586562298
GLOBAL,PWRCCGKENXX01,GASINT,2,2046,S1D3,183.34472980601456
GLOBAL,PWRCCGKENXX01,GASINT,2,2046,S2D3,192.1697921960748
GLOBAL,PWRCCGKENXX01,GASINT,2,2046,S3D3,156.98598274240572
GLOBAL,PWRCCGKENXX01,GASINT,2,2047,S1D3,199.4943648425109
GLOBAL,PWRCCGKENXX01,GASINT,2,2047,S2D3,207.93114571343895
GLOBAL,PWRCCGKENXX01,GASINT,2,2047,S3D3,172.87467214994612
GLOBAL,PWRCCGKENXX01,GASINT,2,2048,S1D3,220.1775317998248
GLOBAL,PWRCCGKENXX01,GASINT,2,2048,S2D3,227.94687171180055
GLOBAL,PWRCCGKENXX01,GASINT,2,2048,S3D3,193.17987441212202
GLOBAL,PWRCCGKENXX01,GASINT,2,2049,S1D3,236.30891866113865
GLOBAL,PWRCCGKENXX01,GASINT,2,2049,S2D3,243.6904157901621
GLOBAL,PWRCCGKENXX01,GASINT,2,2049,S3D3,209.050610498298
GLOBAL,PWRCCGKENXX01,GASINT,2,2050,S1D3,252.45855369763495
GLOBAL,PWRCCGKENXX01,GASINT,2,2050,S2D3,259.45176930752626
GLOBAL,PWRCCGKENXX01,GASINT,2,2050,S3D3,224.9392999058384
GLOBAL,PWRCCGTZAXX00,GASINT,2,2021,S2D3,16.20193536
GLOBAL,PWRCCGTZAXX00,GASINT,2,2021,S3D3,16.20193536
GLOBAL,PWRCCGTZAXX00,GASINT,2,2022,S2D3,14.661989106959275
GLOBAL,PWRCCGTZAXX00,GASINT,2,2022,S3D3,9.245895714825652
GLOBAL,PWRCCGTZAXX00,GASINT,2,2023,S2D3,6.70625765850244
GLOBAL,PWRCCGTZAXX00,GASINT,2,2023,S3D3,0.8317576004597165
GLOBAL,PWRCCGTZAXX00,GASINT,2,2024,S2D3,6.333838444817526
GLOBAL,PWRCCGTZAXX01,GASINT,2,2021,S2D3,26.65183453890012
GLOBAL,PWRCCGTZAXX01,GASINT,2,2021,S3D3,26.65183453890012
GLOBAL,PWRCCGTZAXX01,GASINT,2,2022,S2D3,38.041839617147616
GLOBAL,PWRCCGTZAXX01,GASINT,2,2022,S3D3,38.041839617147616
GLOBAL,PWRCCGTZAXX01,GASINT,2,2023,S2D3,49.082013392592266
GLOBAL,PWRCCGTZAXX01,GASINT,2,2023,S3D3,49.082013392592266
GLOBAL,PWRCCGTZAXX01,GASINT,2,2024,S2D3,53.99119948438008
GLOBAL,PWRCCGTZAXX01,GASINT,2,2024,S3D3,53.99119948438008
GLOBAL,PWRCCGTZAXX01,GASINT,2,2025,S2D3,63.718099572667406
GLOBAL,PWRCCGTZAXX01,GASINT,2,2025,S3D3,58.218305960743
GLOBAL,PWRCCGTZAXX01,GASINT,2,2026,S2D3,69.55941812313614
GLOBAL,PWRCCGTZAXX01,GASINT,2,2026,S3D3,63.58810585449666
GLOBAL,PWRCCGTZAXX01,GASINT,2,2027,S2D3,75.39139056392415
GLOBAL,PWRCCGTZAXX01,GASINT,2,2027,S3D3,68.94931406842035
GLOBAL,PWRCCGTZAXX01,GASINT,2,2027,S3D2,0.0005845669352128814
GLOBAL,PWRCCGTZAXX01,GASINT,2,2028,S2D3,81.23270911439288
GLOBAL,PWRCCGTZAXX01,GASINT,2,2028,S3D3,74.31911396217403
GLOBAL,PWRCCGTZAXX01,GASINT,2,2028,S3D2,0.0663432746302356
GLOBAL,PWRCCGTZAXX01,GASINT,2,2029,S2D3,87.07402766486162
GLOBAL,PWRCCGTZAXX01,GASINT,2,2029,S3D3,79.6889138559277
GLOBAL,PWRCCGTZAXX01,GASINT,2,2029,S3D2,0.13210198232517859
GLOBAL,PWRCCGTZAXX01,GASINT,2,2030,S2D3,92.91534621533033
GLOBAL,PWRCCGTZAXX01,GASINT,2,2030,S2D1,1.0763497305742673
GLOBAL,PWRCCGTZAXX01,GASINT,2,2030,S3D3,85.0587137496814
GLOBAL,PWRCCGTZAXX01,GASINT,2,2030,S3D2,3.5679472342064673
GLOBAL,PWRCCGTZAXX01,GASINT,2,2031,S2D3,99.9716590242966
GLOBAL,PWRCCGTZAXX01,GASINT,2,2031,S2D1,1.4744675764148445
GLOBAL,PWRCCGTZAXX01,GASINT,2,2031,S3D3,91.54543202133586
GLOBAL,PWRCCGTZAXX01,GASINT,2,2031,S3D2,4.297693480255012
GLOBAL,PWRCCGTZAXX01,GASINT,2,2032,S2D3,111.4523579429436
GLOBAL,PWRCCGTZAXX01,GASINT,2,2032,S2D1,6.288152730660532
GLOBAL,PWRCCGTZAXX01,GASINT,2,2032,S2D2,4.422907145969869
GLOBAL,PWRCCGTZAXX01,GASINT,2,2032,S3D3,102.4557819728203
GLOBAL,PWRCCGTZAXX01,GASINT,2,2032,S3D2,7.067484693310405
GLOBAL,PWRCCGTZAXX01,GASINT,2,2033,S2D3,118.51801686159055
GLOBAL,PWRCCGTZAXX01,GASINT,2,2033,S2D1,3.378418763368311
GLOBAL,PWRCCGTZAXX01,GASINT,2,2033,S3D3,108.95109192430476
GLOBAL,PWRCCGTZAXX01,GASINT,2,2033,S3D2,3.167659355859919
GLOBAL,PWRCCGTZAXX01,GASINT,2,2034,S2D3,125.5743296705568
GLOBAL,PWRCCGTZAXX01,GASINT,2,2034,S2D1,3.5795626925807817
GLOBAL,PWRCCGTZAXX01,GASINT,2,2034,S3D3,115.4378101959592
GLOBAL,PWRCCGTZAXX01,GASINT,2,2034,S3D2,3.3562551143706063
GLOBAL,PWRCCGTZAXX01,GASINT,2,2035,S2D3,132.63998858920382
GLOBAL,PWRCCGTZAXX01,GASINT,2,2035,S2D1,3.7809730375935184
GLOBAL,PWRCCGTZAXX01,GASINT,2,2035,S3D3,121.9331201474437
GLOBAL,PWRCCGTZAXX01,GASINT,2,2035,S3D2,3.5451006685880304
GLOBAL,PWRCCGTZAXX01,GASINT,2,2036,S2D3,141.0327950825173
GLOBAL,PWRCCGTZAXX01,GASINT,2,2036,S2D1,4.020214426246184
GLOBAL,PWRCCGTZAXX01,GASINT,2,2036,S3D3,129.648448634789
GLOBAL,PWRCCGTZAXX01,GASINT,2,2036,S3D2,3.7694172131477535
GLOBAL,PWRCCGTZAXX01,GASINT,2,2037,S2D3,149.4256015758308
GLOBAL,PWRCCGTZAXX01,GASINT,2,2037,S2D1,4.259455814898898
GLOBAL,PWRCCGTZAXX01,GASINT,2,2037,S3D3,137.3637771221343
GLOBAL,PWRCCGTZAXX01,GASINT,2,2037,S3D2,3.993733757707542
GLOBAL,PWRCCGTZAXX01,GASINT,2,2038,S2D3,157.80906195946355
GLOBAL,PWRCCGTZAXX01,GASINT,2,2038,S2D1,4.498430787751361
GLOBAL,PWRCCGTZAXX01,GASINT,2,2038,S3D3,145.0705139296496
GLOBAL,PWRCCGTZAXX01,GASINT,2,2038,S3D2,4.217800506560688
GLOBAL,PWRCCGTZAXX01,GASINT,2,2039,S2D3,166.20186845277703
GLOBAL,PWRCCGTZAXX01,GASINT,2,2039,S2D1,4.7376721764040255
GLOBAL,PWRCCGTZAXX01,GASINT,2,2039,S3D3,152.78584241699488
GLOBAL,PWRCCGTZAXX01,GASINT,2,2039,S3D2,4.44211705112038
GLOBAL,PWRCCGTZAXX01,GASINT,2,2040,S2D3,174.59467494609058
GLOBAL,PWRCCGTZAXX01,GASINT,2,2040,S2D1,4.976913565056755
GLOBAL,PWRCCGTZAXX01,GASINT,2,2040,S3D3,160.5011709043402
GLOBAL,PWRCCGTZAXX01,GASINT,2,2040,S3D2,4.666433595680199
GLOBAL,PWRCCGTZAXX01,GASINT,2,2041,S2D3,184.51089731736633
GLOBAL,PWRCCGTZAXX01,GASINT,2,2041,S2D1,5.259580729155332
GLOBAL,PWRCCGTZAXX01,GASINT,2,2041,S3D3,169.61694320397646
GLOBAL,PWRCCGTZAXX01,GASINT,2,2041,S3D2,4.931466840421776
GLOBAL,PWRCCGTZAXX01,GASINT,2,2042,S2D3,194.43646579832273
GLOBAL,PWRCCGTZAXX01,GASINT,2,2042,S2D1,5.542514309054111
GLOBAL,PWRCCGTZAXX01,GASINT,2,2042,S3D3,178.74130718344273
GLOBAL,PWRCCGTZAXX01,GASINT,2,2042,S3D2,5.1967498808699615
GLOBAL,PWRCCGTZAXX01,GASINT,2,2043,S2D3,204.35268816959848
GLOBAL,PWRCCGTZAXX01,GASINT,2,2043,S2D1,5.825181473152687
GLOBAL,PWRCCGTZAXX01,GASINT,2,2043,S3D3,187.857079483079
GLOBAL,PWRCCGTZAXX01,GASINT,2,2043,S3D2,5.461783125611411
GLOBAL,PWRCCGTZAXX01,GASINT,2,2044,S2D3,214.26891054087423
GLOBAL,PWRCCGTZAXX01,GASINT,2,2044,S2D1,6.107848637251263
GLOBAL,PWRCCGTZAXX01,GASINT,2,2044,S3D3,196.9728517827152
GLOBAL,PWRCCGTZAXX01,GASINT,2,2044,S3D2,5.726816370352986
GLOBAL,PWRCCGTZAXX01,GASINT,2,2045,S2D3,224.18513291214995
GLOBAL,PWRCCGTZAXX01,GASINT,2,2045,S2D1,6.390515801349776
GLOBAL,PWRCCGTZAXX01,GASINT,2,2045,S3D3,206.0886240823515
GLOBAL,PWRCCGTZAXX01,GASINT,2,2045,S3D2,5.991849615094468
GLOBAL,PWRCCGTZAXX01,GASINT,2,2046,S2D3,236.49395936169768
GLOBAL,PWRCCGTZAXX01,GASINT,2,2046,S2D1,6.741385410320425
GLOBAL,PWRCCGTZAXX01,GASINT,2,2046,S3D3,217.40386641846925
GLOBAL,PWRCCGTZAXX01,GASINT,2,2046,S3D2,6.320830560735051
GLOBAL,PWRCCGTZAXX01,GASINT,2,2047,S2D3,248.8027858112454
GLOBAL,PWRCCGTZAXX01,GASINT,2,2047,S2D1,7.092255019290948
GLOBAL,PWRCCGTZAXX01,GASINT,2,2047,S3D3,228.71910875458704
GLOBAL,PWRCCGTZAXX01,GASINT,2,2047,S3D2,6.6498115063755385
GLOBAL,PWRCCGTZAXX01,GASINT,2,2048,S2D3,261.11161226079315
GLOBAL,PWRCCGTZAXX01,GASINT,2,2048,S2D1,7.44312462826163
GLOBAL,PWRCCGTZAXX01,GASINT,2,2048,S3D3,240.03435109070472
GLOBAL,PWRCCGTZAXX01,GASINT,2,2048,S3D2,6.978792452016154
GLOBAL,PWRCCGTZAXX01,GASINT,2,2049,S2D3,273.42043871034076
GLOBAL,PWRCCGTZAXX01,GASINT,2,2049,S2D1,7.793994237232122
GLOBAL,PWRCCGTZAXX01,GASINT,2,2049,S3D3,251.34959342682248
GLOBAL,PWRCCGTZAXX01,GASINT,2,2049,S3D2,7.307773397656578
GLOBAL,PWRCCGTZAXX01,GASINT,2,2050,S2D3,285.72926515988854
GLOBAL,PWRCCGTZAXX01,GASINT,2,2050,S2D1,8.144863846202803
GLOBAL,PWRCCGTZAXX01,GASINT,2,2050,S3D3,262.66483576294013
GLOBAL,PWRCCGTZAXX01,GASINT,2,2050,S3D2,7.636754343297192
GLOBAL,PWRGEOKENXX01,GEOKENXX,1,2021,S1D3,23.778144
GLOBAL,PWRGEOKENXX01,GEOKENXX,1,2021,S1D1,21.015456685148195
GLOBAL,PWRGEOKENXX01,GEOKENXX,1,2021,S1D2,23.778144
GLOBAL,PWRGEOKENXX01,GEOKENXX,1,2021,S2D3,18.860520794417216
GLOBAL,PWRGEOKENXX01,GEOKENXX,1,2021,S2D1,20.023060129943367
GLOBAL,PWRGEOKENXX01,GEOKENXX,1,2021,S2D2,23.778144
GLOBAL,PWRGEOKENXX01,GEOKENXX,1,2021,S3D3,13.8962671215625
GLOBAL,PWRGEOKENXX01,GEOKENXX,1,2021,S3D1,23.778144
GLOBAL,PWRGEOKENXX01,GEOKENXX,1,2021,S3D2,23.778144
GLOBAL,PWRGEOKENXX01,GEOKENXX,1,2022,S1D3,14.984884180721869
GLOBAL,PWRGEOKENXX01,GEOKENXX,1,2022,S1D1,18.034785419444532
GLOBAL,PWRGEOKENXX01,GEOKENXX,1,2022,S1D2,23.778144
GLOBAL,PWRGEOKENXX01,GEOKENXX,1,2022,S2D3,18.6469749785932
GLOBAL,PWRGEOKENXX01,GEOKENXX,1,2022,S2D1,23.778144
GLOBAL,PWRGEOKENXX01,GEOKENXX,1,2022,S2D2,23.778144
GLOBAL,PWRGEOKENXX01,GEOKENXX,1,2022,S3D3,21.90980503380382
GLOBAL,PWRGEOKENXX01,GEOKENXX,1,2022,S3D1,23.778144
GLOBAL,PWRGEOKENXX01,GEOKENXX,1,2022,S3D2,23.778144
GLOBAL,PWRGEOKENXX01,GEOKENXX,1,2023,S1D3,23.778144
GLOBAL,PWRGEOKENXX01,GEOKENXX,1,2023,S1D1,17.562668914673353
GLOBAL,PWRGEOKENXX01,GEOKENXX,1,2023,S1D2,21.66679388925088
GLOBAL,PWRGEOKENXX01,GEOKENXX,1,2023,S2D3,18.453919523801087
GLOBAL,PWRGEOKENXX01,GEOKENXX,1,2023,S2D1,23.778144
GLOBAL,PWRGEOKENXX01,GEOKENXX,1,2023,S2D2,23.778144
GLOBAL,PWRGEOKENXX01,GEOKENXX,1,2023,S3D3,15.99496475051204
GLOBAL,PWRGEOKENXX01,GEOKENXX,1,2023,S3D1,23.778144
GLOBAL,PWRGEOKENXX01,GEOKENXX,1,2023,S3D2,23.778144
GLOBAL,PWRGEOKENXX01,GEOKENXX,1,2024,S1D3,20.423198500888063
GLOBAL,PWRGEOKENXX01,GEOKENXX,1,2024,S1D1,23.778144
GLOBAL,PWRGEOKENXX01,GEOKENXX,1,2024,S1D2,23.778144
GLOBAL,PWRGEOKENXX01,GEOKENXX,1,2024,S2D3,18.303570020045832
GLOBAL,PWRGEOKENXX01,GEOKENXX,1,2024,S2D1,23.778144
GLOBAL,PWRGEOKENXX01,GEOKENXX,1,2024,S2D2,23.778144
GLOBAL,PWRGEOKENXX01,GEOKENXX,1,2024,S3D3,11.254984808721009
GLOBAL,PWRGEOKENXX01,GEOKENXX,1,2024,S3D1,23.778144
GLOBAL,PWRGEOKENXX01,GEOKENXX,1,2024,S3D2,23.778144
GLOBAL,PWRGEOKENXX01,GEOKENXX,1,2025,S1D3,23.778144
GLOBAL,PWRGEOKENXX01,GEOKENXX,1,2025,S1D1,18.426170517391963
GLOBAL,PWRGEOKENXX01,GEOKENXX,1,2025,S1D2,23.778144
GLOBAL,PWRGEOKENXX01,GEOKENXX,1,2025,S2D3,18.13105510222343
GLOBAL,PWRGEOKENXX01,GEOKENXX,1,2025,S2D1,23.778144
GLOBAL,PWRGEOKENXX01,GEOKENXX,1,2025,S2D2,23.778144
GLOBAL,PWRGEOKENXX01,GEOKENXX,1,2025,S3D3,17.888795194532737
GLOBAL,PWRGEOKENXX01,GEOKENXX,1,2025,S3D1,19.28300230595332
GLOBAL,PWRGEOKENXX01,GEOKENXX,1,2025,S3D2,23.778144
GLOBAL,PWRGEOKENXX01,GEOKENXX,1,2026,S1D3,23.778144
GLOBAL,PWRGEOKENXX01,GEOKENXX,1,2026,S1D1,20.05785474151979
GLOBAL,PWRGEOKENXX01,GEOKENXX,1,2026,S1D2,23.778144
GLOBAL,PWRGEOKENXX01,GEOKENXX,1,2026,S2D3,17.82587008890605
GLOBAL,PWRGEOKENXX01,GEOKENXX,1,2026,S2D1,23.778144
GLOBAL,PWRGEOKENXX01,GEOKENXX,1,2026,S2D2,23.778144
GLOBAL,PWRGEOKENXX01,GEOKENXX,1,2026,S3D3,12.095984613871456
GLOBAL,PWRGEOKENXX01,GEOKENXX,1,2026,S3D1,23.778144
GLOBAL,PWRGEOKENXX01,GEOKENXX,1,2026,S3D2,23.778144
GLOBAL,PWRGEOKENXX01,GEOKENXX,1,2027,S1D3,23.778144
GLOBAL,PWRGEOKENXX01,GEOKENXX,1,2027,S1D1,16.278617220567494
GLOBAL,PWRGEOKENXX01,GEOKENXX,1,2027,S1D2,23.778144
GLOBAL,PWRGEOKENXX01,GEOKENXX,1,2027,S2D3,17.65755131558867
GLOBAL,PWRGEOKENXX01,GEOKENXX,1,2027,S2D1,23.778144
GLOBAL,PWRGEOKENXX01,GEOKENXX,1,2027,S2D2,23.778144
GLOBAL,PWRGEOKENXX01,GEOKENXX,1,2027,S3D3,18.4055490596229
GLOBAL,PWRGEOKENXX01,GEOKENXX,1,2027,S3D1,21.35643081582765
GLOBAL,PWRGEOKENXX01,GEOKENXX,1,2027,S3D2,23.778144
GLOBAL,PWRGEOKENXX01,GEOKENXX,1,2028,S1D3,23.778144
GLOBAL,PWRGEOKENXX01,GEOKENXX,1,2028,S1D1,15.90857389332314
GLOBAL,PWRGEOKENXX01,GEOKENXX,1,2028,S1D2,23.778144
GLOBAL,PWRGEOKENXX01,GEOKENXX,1,2028,S2D3,17.356276766271282
GLOBAL,PWRGEOKENXX01,GEOKENXX,1,2028,S2D1,23.778144
GLOBAL,PWRGEOKENXX01,GEOKENXX,1,2028,S2D2,23.778144
GLOBAL,PWRGEOKENXX01,GEOKENXX,1,2028,S3D3,16.65160859137808
GLOBAL,PWRGEOKENXX01,GEOKENXX,1,2028,S3D1,23.778144
GLOBAL,PWRGEOKENXX01,GEOKENXX,1,2028,S3D2,23.778144
GLOBAL,PWRGEOKENXX01,GEOKENXX,1,2029,S1D3,23.778144
GLOBAL,PWRGEOKENXX01,GEOKENXX,1,2029,S1D1,23.778144
GLOBAL,PWRGEOKENXX01,GEOKENXX,1,2029,S1D2,23.778144
GLOBAL,PWRGEOKENXX01,GEOKENXX,1,2029,S2D3,17.120928939082273
GLOBAL,PWRGEOKENXX01,GEOKENXX,1,2029,S2D1,23.28170472738361
GLOBAL,PWRGEOKENXX01,GEOKENXX,1,2029,S2D2,23.778144
GLOBAL,PWRGEOKENXX01,GEOKENXX,1,2029,S3D3,9.64689411755728
GLOBAL,PWRGEOKENXX01,GEOKENXX,1,2029,S3D1,23.778144
GLOBAL,PWRGEOKENXX01,GEOKENXX,1,2029,S3D2,23.778144
GLOBAL,PWRGEOKENXX01,GEOKENXX,1,2030,S1D3,23.778144
GLOBAL,PWRGEOKENXX01,GEOKENXX,1,2030,S1D1,18.00585859252634
GLOBAL,PWRGEOKENXX01,GEOKENXX,1,2030,S1D2,23.778144
GLOBAL,PWRGEOKENXX01,GEOKENXX,1,2030,S2D3,23.778144
GLOBAL,PWRGEOKENXX01,GEOKENXX,1,2030,S2D1,23.778144
GLOBAL,PWRGEOKENXX01,GEOKENXX,1,2030,S2D2,23.778144
GLOBAL,PWRGEOKENXX01,GEOKENXX,1,2030,S3D3,14.456052528659862
GLOBAL,PWRGEOKENXX01,GEOKENXX,1,2030,S3D1,17.436553802570923
GLOBAL,PWRGEOKENXX01,GEOKENXX,1,2030,S3D2,23.778144
GLOBAL,PWRGEOKENXX01,GEOKENXX,1,2031,S1D3,22.539843158854463
GLOBAL,PWRGEOKENXX01,GEOKENXX,1,2031,S1D1,17.579353255256464
GLOBAL,PWRGEOKENXX01,GEOKENXX,1,2031,S1D2,23.778144
GLOBAL,PWRGEOKENXX01,GEOKENXX,1,2031,S2D3,13.777269834791106
GLOBAL,PWRGEOKENXX01,GEOKENXX,1,2031,S2D1,23.778144
GLOBAL,PWRGEOKENXX01,GEOKENXX,1,2031,S2D2,23.778144
GLOBAL,PWRGEOKENXX01,GEOKENXX,1,2031,S3D3,23.778144
GLOBAL,PWRGEOKENXX01,GEOKENXX,1,2031,S3D1,19.834039763073616
GLOBAL,PWRGEOKENXX01,GEOKENXX,1,2031,S3D2,23.778144
GLOBAL,PWRGEOKENXX01,GEOKENXX,1,2032,S1D3,20.706289953850735
GLOBAL,PWRGEOKENXX01,GEOKENXX,1,2032,S1D1,23.778144
GLOBAL,PWRGEOKENXX01,GEOKENXX,1,2032,S1D2,23.778144
GLOBAL,PWRGEOKENXX01,GEOKENXX,1,2032,S2D3,23.778144
GLOBAL,PWRGEOKENXX01,GEOKENXX,1,2032,S2D1,23.778144
GLOBAL,PWRGEOKENXX01,GEOKENXX,1,2032,S2D2,23.778144
GLOBAL,PWRGEOKENXX01,GEOKENXX,1,2032,S3D3,8.804010544372387
GLOBAL,PWRGEOKENXX01,GEOKENXX,1,2032,S3D1,20.431797966381254
GLOBAL,PWRGEOKENXX01,GEOKENXX,1,2032,S3D2,23.778144
GLOBAL,PWRGEOKENXX01,GEOKENXX,1,2033,S1D3,23.778144
GLOBAL,PWRGEOKENXX01,GEOKENXX,1,2033,S1D1,12.700445282878835
GLOBAL,PWRGEOKENXX01,GEOKENXX,1,2033,S1D2,23.778144
GLOBAL,PWRGEOKENXX01,GEOKENXX,1,2033,S2D3,23.778144
GLOBAL,PWRGEOKENXX01,GEOKENXX,1,2033,S2D1,17.630043742883146
GLOBAL,PWRGEOKENXX01,GEOKENXX,1,2033,S2D2,23.778144
GLOBAL,PWRGEOKENXX01,GEOKENXX,1,2033,S3D3,19.53192155575136
GLOBAL,PWRGEOKENXX01,GEOKENXX,1,2033,S3D1,23.778144
GLOBAL,PWRGEOKENXX01,GEOKENXX,1,2033,S3D2,23.778144
GLOBAL,PWRGEOKENXX01,GEOKENXX,1,2034,S1D3,13.213584
GLOBAL,PWRGEOKENXX01,GEOKENXX,1,2034,S1D1,13.213584
GLOBAL,PWRGEOKENXX01,GEOKENXX,1,2034,S1D2,13.213584
GLOBAL,PWRGEOKENXX01,GEOKENXX,1,2034,S2D3,13.213584
GLOBAL,PWRGEOKENXX01,GEOKENXX,1,2034,S2D1,8.97518981733135
GLOBAL,PWRGEOKENXX01,GEOKENXX,1,2034,S2D2,13.213584
GLOBAL,PWRGEOKENXX01,GEOKENXX,1,2034,S3D3,13.213584
GLOBAL,PWRGEOKENXX01,GEOKENXX,1,2034,S3D1,13.213584
GLOBAL,PWRGEOKENXX01,GEOKENXX,1,2034,S3D2,5.626020288632772
GLOBAL,PWRGEOKENXX01,GEOKENXX,1,2035,S1D3,13.213584
GLOBAL,PWRGEOKENXX01,GEOKENXX,1,2035,S1D1,13.213584
GLOBAL,PWRGEOKENXX01,GEOKENXX,1,2035,S1D2,13.213584
GLOBAL,PWRGEOKENXX01,GEOKENXX,1,2035,S2D3,13.213584
GLOBAL,PWRGEOKENXX01,GEOKENXX,1,2035,S2D1,4.454979470676113
GLOBAL,PWRGEOKENXX01,GEOKENXX,1,2035,S2D2,13.213584
GLOBAL,PWRGEOKENXX01,GEOKENXX,1,2035,S3D3,13.213584
GLOBAL,PWRGEOKENXX01,GEOKENXX,1,2035,S3D1,10.1827493903328
GLOBAL,PWRGEOKENXX01,GEOKENXX,1,2035,S3D2,13.213584
GLOBAL,PWRGEOKENXX01,GEOKENXX,1,2036,S1D3,13.213584
GLOBAL,PWRGEOKENXX01,GEOKENXX,1,2036,S1D1,13.213584
GLOBAL,PWRGEOKENXX01,GEOKENXX,1,2036,S1D2,13.213584
GLOBAL,PWRGEOKENXX01,GEOKENXX,1,2036,S2D3,13.213584
GLOBAL,PWRGEOKENXX01,GEOKENXX,1,2036,S2D1,13.213584
GLOBAL,PWRGEOKENXX01,GEOKENXX,1,2036,S2D2,13.213584
GLOBAL,PWRGEOKENXX01,GEOKENXX,1,2036,S3D3,13.213584
GLOBAL,PWRGEOKENXX01,GEOKENXX,1,2036,S3D1,12.842713532038523
GLOBAL,PWRGEOKENXX01,GEOKENXX,1,2036,S3D2,1.7242546101517884
GLOBAL,PWRGEOKENXX01,GEOKENXX,1,2037,S1D3,13.213584
GLOBAL,PWRGEOKENXX01,GEOKENXX,1,2037,S1D1,13.213584
GLOBAL,PWRGEOKENXX01,GEOKENXX,1,2037,S1D2,13.213584
GLOBAL,PWRGEOKENXX01,GEOKENXX,1,2037,S2D3,13.213584
GLOBAL,PWRGEOKENXX01,GEOKENXX,1,2037,S2D1,13.213584
GLOBAL,PWRGEOKENXX01,GEOKENXX,1,2037,S2D2,13.213584
GLOBAL,PWRGEOKENXX01,GEOKENXX,1,2037,S3D3,13.213584
GLOBAL,PWRGEOKENXX01,GEOKENXX,1,2037,S3D1,12.325497053281696
GLOBAL,PWRGEOKENXX01,GEOKENXX,1,2037,S3D2,2.241471088908618
GLOBAL,PWRGEOKENXX01,GEOKENXX,1,2038,S1D3,13.213584
GLOBAL,PWRGEOKENXX01,GEOKENXX,1,2038,S1D1,1.15859983795622
GLOBAL,PWRGEOKENXX01,GEOKENXX,1,2038,S1D2,13.213584
GLOBAL,PWRGEOKENXX01,GEOKENXX,1,2038,S2D3,13.213584
GLOBAL,PWRGEOKENXX01,GEOKENXX,1,2038,S2D1,13.213584
GLOBAL,PWRGEOKENXX01,GEOKENXX,1,2038,S2D2,13.213584
GLOBAL,PWRGEOKENXX01,GEOKENXX,1,2038,S3D3,13.213584
GLOBAL,PWRGEOKENXX01,GEOKENXX,1,2038,S3D1,13.213584
GLOBAL,PWRGEOKENXX01,GEOKENXX,1,2038,S3D2,13.213584
GLOBAL,PWRGEOKENXX01,GEOKENXX,1,2039,S1D3,13.213584
GLOBAL,PWRGEOKENXX01,GEOKENXX,1,2039,S1D1,13.213584
GLOBAL,PWRGEOKENXX01,GEOKENXX,1,2039,S1D2,13.213584
GLOBAL,PWRGEOKENXX01,GEOKENXX,1,2039,S2D3,13.213584
GLOBAL,PWRGEOKENXX01,GEOKENXX,1,2039,S2D1,3.7042494694630737
GLOBAL,PWRGEOKENXX01,GEOKENXX,1,2039,S2D2,13.213584
GLOBAL,PWRGEOKENXX01,GEOKENXX,1,2039,S3D3,13.213584
GLOBAL,PWRGEOKENXX01,GEOKENXX,1,2039,S3D1,13.213584
GLOBAL,PWRGEOKENXX01,GEOKENXX,1,2039,S3D2,10.939544535182211
GLOBAL,PWRGEOKENXX01,GEOKENXX,1,2040,S1D3,13.213584
GLOBAL,PWRGEOKENXX01,GEOKENXX,1,2040,S1D1,13.213584
GLOBAL,PWRGEOKENXX01,GEOKENXX,1,2040,S1D2,13.213584
GLOBAL,PWRGEOKENXX01,GEOKENXX,1,2040,S2D3,13.213584
GLOBAL,PWRGEOKENXX01,GEOKENXX,1,2040,S2D1,13.213584
GLOBAL,PWRGEOKENXX01,GEOKENXX,1,2040,S2D2,13.213584
GLOBAL,PWRGEOKENXX01,GEOKENXX,1,2040,S3D3,13.213584
GLOBAL,PWRGEOKENXX01,GEOKENXX,1,2040,S3D1,1.3533841421903212
GLOBAL,PWRGEOKENXX01,GEOKENXX,1,2040,S3D2,13.213584
GLOBAL,PWRGEOKENXX01,GEOKENXX,1,2041,S1D3,13.213584
GLOBAL,PWRGEOKENXX01,GEOKENXX,1,2041,S1D1,13.213584
GLOBAL,PWRGEOKENXX01,GEOKENXX,1,2041,S1D2,13.213584
GLOBAL,PWRGEOKENXX01,GEOKENXX,1,2041,S2D3,13.213584
GLOBAL,PWRGEOKENXX01,GEOKENXX,1,2041,S2D1,3.2832453762717067
GLOBAL,PWRGEOKENXX01,GEOKENXX,1,2041,S2D2,13.213584
GLOBAL,PWRGEOKENXX01,GEOKENXX,1,2041,S3D3,13.213584
GLOBAL,PWRGEOKENXX01,GEOKENXX,1,2041,S3D1,13.213584
GLOBAL,PWRGEOKENXX01,GEOKENXX,1,2041,S3D2,11.363949918174944
GLOBAL,PWRGEOKENXX01,GEOKENXX,1,2042,S1D3,13.213584
GLOBAL,PWRGEOKENXX01,GEOKENXX,1,2042,S1D1,13.213584
GLOBAL,PWRGEOKENXX01,GEOKENXX,1,2042,S1D2,13.213584
GLOBAL,PWRGEOKENXX01,GEOKENXX,1,2042,S2D3,13.213584
GLOBAL,PWRGEOKENXX01,GEOKENXX,1,2042,S2D1,9.51569870655175
GLOBAL,PWRGEOKENXX01,GEOKENXX,1,2042,S2D2,13.213584
GLOBAL,PWRGEOKENXX01,GEOKENXX,1,2042,S3D3,13.213584
GLOBAL,PWRGEOKENXX01,GEOKENXX,1,2042,S3D1,13.213584
GLOBAL,PWRGEOKENXX01,GEOKENXX,1,2042,S3D2,5.081144631007539
GLOBAL,PWRGEOKENXX01,GEOKENXX,1,2043,S1D3,13.213584
GLOBAL,PWRGEOKENXX01,GEOKENXX,1,2043,S1D1,1.15859983795622
GLOBAL,PWRGEOKENXX01,GEOKENXX,1,2043,S1D2,13.213584
GLOBAL,PWRGEOKENXX01,GEOKENXX,1,2043,S2D3,13.213584
GLOBAL,PWRGEOKENXX01,GEOKENXX,1,2043,S2D1,13.213584
GLOBAL,PWRGEOKENXX01,GEOKENXX,1,2043,S2D2,13.213584
GLOBAL,PWRGEOKENXX01,GEOKENXX,1,2043,S3D3,13.213584
GLOBAL,PWRGEOKENXX01,GEOKENXX,1,2043,S3D1,13.213584
GLOBAL,PWRGEOKENXX01,GEOKENXX,1,2043,S3D2,13.213584
GLOBAL,PWRGEOKENXX01,GEOKENXX,1,2044,S1D3,13.213584
GLOBAL,PWRGEOKENXX01,GEOKENXX,1,2044,S1D1,13.213584
GLOBAL,PWRGEOKENXX01,GEOKENXX,1,2044,S1D2,13.213584
GLOBAL,PWRGEOKENXX01,GEOKENXX,1,2044,S2D3,13.213584
GLOBAL,PWRGEOKENXX01,GEOKENXX,1,2044,S2D1,8.24071180813441
GLOBAL,PWRGEOKENXX01,GEOKENXX,1,2044,S2D2,13.213584
GLOBAL,PWRGEOKENXX01,GEOKENXX,1,2044,S3D3,13.213584
GLOBAL,PWRGEOKENXX01,GEOKENXX,1,2044,S3D1,13.213584
GLOBAL,PWRGEOKENXX01,GEOKENXX,1,2044,S3D2,6.36643214171012
GLOBAL,PWRGEOKENXX01,GEOKENXX,1,2045,S1D3,8.798544
GLOBAL,PWRGEOKENXX01,GEOKENXX,1,2045,S1D1,8.798544
GLOBAL,PWRGEOKENXX01,GEOKENXX,1,2045,S1D2,8.798544
GLOBAL,PWRGEOKENXX01,GEOKENXX,1,2045,S2D3,8.798544
GLOBAL,PWRGEOKENXX01,GEOKENXX,1,2045,S2D1,8.798544
GLOBAL,PWRGEOKENXX01,GEOKENXX,1,2045,S2D2,8.798544
GLOBAL,PWRGEOKENXX01,GEOKENXX,1,2045,S3D3,8.798544
GLOBAL,PWRGEOKENXX01,GEOKENXX,1,2045,S3D1,0.9011794168761165
GLOBAL,PWRGEOKENXX01,GEOKENXX,1,2045,S3D2,8.798544
GLOBAL,PWRHYDKENXX01,HYDKENXX,1,2021,S1D3,8.278802879672746
GLOBAL,PWRHYDKENXX01,HYDKENXX,1,2021,S1D1,14.673923360586109
GLOBAL,PWRHYDKENXX01,HYDKENXX,1,2021,S1D2,14.673923360586109
GLOBAL,PWRHYDKENXX01,HYDKENXX,1,2021,S2D3,12.72380762134912
GLOBAL,PWRHYDKENXX01,HYDKENXX,1,2021,S2D1,12.72380762134912
GLOBAL,PWRHYDKENXX01,HYDKENXX,1,2021,S2D2,12.72380762134912
GLOBAL,PWRHYDKENXX01,HYDKENXX,1,2021,S3D3,15.643358349991042
GLOBAL,PWRHYDKENXX01,HYDKENXX,1,2021,S3D1,13.419124716670677
GLOBAL,PWRHYDKENXX01,HYDKENXX,1,2021,S3D2,15.768415866658744
GLOBAL,PWRHYDKENXX01,HYDKENXX,1,2022,S1D3,18.134552515663927
GLOBAL,PWRHYDKENXX01,HYDKENXX,1,2022,S1D1,18.134552515663927
GLOBAL,PWRHYDKENXX01,HYDKENXX,1,2022,S1D2,16.217878742772104
GLOBAL,PWRHYDKENXX01,HYDKENXX,1,2022,S2D3,15.72453064109122
GLOBAL,PWRHYDKENXX01,HYDKENXX,1,2022,S2D1,14.352194518932864
GLOBAL,PWRHYDKENXX01,HYDKENXX,1,2022,S2D2,15.72453064109122
GLOBAL,PWRHYDKENXX01,HYDKENXX,1,2022,S3D3,12.757091074617003
GLOBAL,PWRHYDKENXX01,HYDKENXX,1,2022,S3D1,19.070014951696987
GLOBAL,PWRHYDKENXX01,HYDKENXX,1,2022,S3D2,19.070014951696987
GLOBAL,PWRHYDKENXX01,HYDKENXX,1,2023,S1D3,13.911228569046438
GLOBAL,PWRHYDKENXX01,HYDKENXX,1,2023,S1D1,21.561281350039053
GLOBAL,PWRHYDKENXX01,HYDKENXX,1,2023,S1D2,21.56128135003905
GLOBAL,PWRHYDKENXX01,HYDKENXX,1,2023,S2D3,18.69585858030007
GLOBAL,PWRHYDKENXX01,HYDKENXX,1,2023,S2D1,17.408294251791272
GLOBAL,PWRHYDKENXX01,HYDKENXX,1,2023,S2D2,18.69585858030008
GLOBAL,PWRHYDKENXX01,HYDKENXX,1,2023,S3D3,21.472649490763363
GLOBAL,PWRHYDKENXX01,HYDKENXX,1,2023,S3D1,21.438313591290445
GLOBAL,PWRHYDKENXX01,HYDKENXX,1,2023,S3D2,22.541288514298024
GLOBAL,PWRHYDKENXX01,HYDKENXX,1,2024,S1D3,21.04131229524499
GLOBAL,PWRHYDKENXX01,HYDKENXX,1,2024,S1D1,21.48499589082628
GLOBAL,PWRHYDKENXX01,HYDKENXX,1,2024,S1D2,25.13430972133936
GLOBAL,PWRHYDKENXX01,HYDKENXX,1,2024,S2D3,21.794043333272068
GLOBAL,PWRHYDKENXX01,HYDKENXX,1,2024,S2D1,20.612884394249694
GLOBAL,PWRHYDKENXX01,HYDKENXX,1,2024,S2D2,21.794043333272068
GLOBAL,PWRHYDKENXX01,HYDKENXX,1,2024,S3D3,26.34467033020898
GLOBAL,PWRHYDKENXX01,HYDKENXX,1,2024,S3D1,22.130498115515923
GLOBAL,PWRHYDKENXX01,HYDKENXX,1,2024,S3D2,26.344670330208974
GLOBAL,PWRHYDKENXX01,HYDKENXX,1,2025,S1D3,21.179652096354744
GLOBAL,PWRHYDKENXX01,HYDKENXX,1,2025,S1D1,28.547619373434305
GLOBAL,PWRHYDKENXX01,HYDKENXX,1,2025,S1D2,26.469791063453428
GLOBAL,PWRHYDKENXX01,HYDKENXX,1,2025,S2D3,24.753735455012546
GLOBAL,PWRHYDKENXX01,HYDKENXX,1,2025,S2D1,23.67877931855957
GLOBAL,PWRHYDKENXX01,HYDKENXX,1,2025,S2D2,24.753735455012546
GLOBAL,PWRHYDKENXX01,HYDKENXX,1,2025,S3D3,25.35879473793405
GLOBAL,PWRHYDKENXX01,HYDKENXX,1,2025,S3D1,29.997273561806825
GLOBAL,PWRHYDKENXX01,HYDKENXX,1,2025,S3D2,29.997273561806825
GLOBAL,PWRHYDKENXX01,HYDKENXX,1,2026,S1D3,24.78513335724536
GLOBAL,PWRHYDKENXX01,HYDKENXX,1,2026,S1D1,33.193210145934124
GLOBAL,PWRHYDKENXX01,HYDKENXX,1,2026,S1D2,31.05640492216292
GLOBAL,PWRHYDKENXX01,HYDKENXX,1,2026,S2D3,28.78194262389893
GLOBAL,PWRHYDKENXX01,HYDKENXX,1,2026,S2D1,26.45515723485521
GLOBAL,PWRHYDKENXX01,HYDKENXX,1,2026,S2D2,28.78194262389893
GLOBAL,PWRHYDKENXX01,HYDKENXX,1,2026,S3D3,34.9052744172237
GLOBAL,PWRHYDKENXX01,HYDKENXX,1,2026,S3D1,30.087090344514188
GLOBAL,PWRHYDKENXX01,HYDKENXX,1,2026,S3D2,34.9052744172237
GLOBAL,PWRHYDKENXX01,HYDKENXX,1,2027,S1D3,28.97321604736204
GLOBAL,PWRHYDKENXX01,HYDKENXX,1,2027,S1D1,37.838800918433954
GLOBAL,PWRHYDKENXX01,HYDKENXX,1,2027,S1D2,35.7943477527381
GLOBAL,PWRHYDKENXX01,HYDKENXX,1,2027,S2D3,32.810149792785325
GLOBAL,PWRHYDKENXX01,HYDKENXX,1,2027,S2D1,30.58241607724168
GLOBAL,PWRHYDKENXX01,HYDKENXX,1,2027,S2D2,32.810149792785325
GLOBAL,PWRHYDKENXX01,HYDKENXX,1,2027,S3D3,32.486245310100614
GLOBAL,PWRHYDKENXX01,HYDKENXX,1,2027,S3D1,39.93591246944057
GLOBAL,PWRHYDKENXX01,HYDKENXX,1,2027,S3D2,39.93591246944057
GLOBAL,PWRHYDKENXX01,HYDKENXX,1,2028,S1D3,31.652423390369336
GLOBAL,PWRHYDKENXX01,HYDKENXX,1,2028,S1D1,42.484391690933776
GLOBAL,PWRHYDKENXX01,HYDKENXX,1,2028,S1D2,40.39210344138044
GLOBAL,PWRHYDKENXX01,HYDKENXX,1,2028,S2D3,36.83835696167172
GLOBAL,PWRHYDKENXX01,HYDKENXX,1,2028,S2D1,36.19703399353732
GLOBAL,PWRHYDKENXX01,HYDKENXX,1,2028,S2D2,36.83835696167172
GLOBAL,PWRHYDKENXX01,HYDKENXX,1,2028,S3D3,37.99776534097381
GLOBAL,PWRHYDKENXX01,HYDKENXX,1,2028,S3D1,42.103068226022266
GLOBAL,PWRHYDKENXX01,HYDKENXX,1,2028,S3D2,44.840709267257445
GLOBAL,PWRHYDKENXX01,HYDKENXX,1,2029,S1D3,34.26832746802919
GLOBAL,PWRHYDKENXX01,HYDKENXX,1,2029,S1D1,43.065340280319695
GLOBAL,PWRHYDKENXX01,HYDKENXX,1,2029,S1D2,45.06728592313225
GLOBAL,PWRHYDKENXX01,HYDKENXX,1,2029,S2D3,40.87602001593108
GLOBAL,PWRHYDKENXX01,HYDKENXX,1,2029,S2D1,40.87602001593108
GLOBAL,PWRHYDKENXX01,HYDKENXX,1,2029,S2D2,40.87602001593108
GLOBAL,PWRHYDKENXX01,HYDKENXX,1,2029,S3D3,48.8355139261052
GLOBAL,PWRHYDKENXX01,HYDKENXX,1,2029,S3D1,43.864469159594975
GLOBAL,PWRHYDKENXX01,HYDKENXX,1,2029,S3D2,49.82365361196121
GLOBAL,PWRHYDKENXX01,HYDKENXX,1,2030,S1D3,40.91265689401897
GLOBAL,PWRHYDKENXX01,HYDKENXX,1,2030,S1D1,51.786478378591895
GLOBAL,PWRHYDKENXX01,HYDKENXX,1,2030,S1D2,49.731519499774606
GLOBAL,PWRHYDKENXX01,HYDKENXX,1,2030,S2D3,38.01221546258237
GLOBAL,PWRHYDKENXX01,HYDKENXX,1,2030,S2D1,43.155958659610334
GLOBAL,PWRHYDKENXX01,HYDKENXX,1,2030,S2D2,44.90422718481748
GLOBAL,PWRHYDKENXX01,HYDKENXX,1,2030,S3D3,47.85041296563099
GLOBAL,PWRHYDKENXX01,HYDKENXX,1,2030,S3D1,54.7949282977781
GLOBAL,PWRHYDKENXX01,HYDKENXX,1,2030,S3D2,54.7949282977781
GLOBAL,PWRHYDKENXX01,HYDKENXX,1,2031,S1D3,46.630884742463785
GLOBAL,PWRHYDKENXX01,HYDKENXX,1,2031,S1D1,57.140903423890975
GLOBAL,PWRHYDKENXX01,HYDKENXX,1,2031,S1D2,55.10743190853373
GLOBAL,PWRHYDKENXX01,HYDKENXX,1,2031,S2D3,49.54706690294709
GLOBAL,PWRHYDKENXX01,HYDKENXX,1,2031,S2D1,47.98814402025148
GLOBAL,PWRHYDKENXX01,HYDKENXX,1,2031,S2D2,49.54706690294709
GLOBAL,PWRHYDKENXX01,HYDKENXX,1,2031,S3D3,42.93586188926392
GLOBAL,PWRHYDKENXX01,HYDKENXX,1,2031,S3D1,60.52473081124308
GLOBAL,PWRHYDKENXX01,HYDKENXX,1,2031,S3D2,60.52473081124308
GLOBAL,PWRHYDKENXX01,HYDKENXX,1,2032,S1D3,51.6085461127186
GLOBAL,PWRHYDKENXX01,HYDKENXX,1,2032,S1D1,51.05459649743759
GLOBAL,PWRHYDKENXX01,HYDKENXX,1,2032,S1D2,56.43081202444439
GLOBAL,PWRHYDKENXX01,HYDKENXX,1,2032,S2D3,46.74774529339269
GLOBAL,PWRHYDKENXX01,HYDKENXX,1,2032,S2D1,48.61756700040996
GLOBAL,PWRHYDKENXX01,HYDKENXX,1,2032,S2D2,52.02834508800001
GLOBAL,PWRHYDKENXX01,HYDKENXX,1,2032,S3D3,62.308559079182366
GLOBAL,PWRHYDKENXX01,HYDKENXX,1,2032,S3D1,62.308559079182366
GLOBAL,PWRHYDKENXX01,HYDKENXX,1,2032,S3D2,62.308559079182366
GLOBAL,PWRHYDKENXX01,HYDKENXX,1,2033,S1D3,53.01661907386862
GLOBAL,PWRHYDKENXX01,HYDKENXX,1,2033,S1D1,58.80930858536259
GLOBAL,PWRHYDKENXX01,HYDKENXX,1,2033,S1D2,58.80930858536259
GLOBAL,PWRHYDKENXX01,HYDKENXX,1,2033,S2D3,52.02834508800001
GLOBAL,PWRHYDKENXX01,HYDKENXX,1,2033,S2D1,52.02834508800001
GLOBAL,PWRHYDKENXX01,HYDKENXX,1,2033,S2D2,51.00654475553465
GLOBAL,PWRHYDKENXX01,HYDKENXX,1,2033,S3D3,55.988188462776485
GLOBAL,PWRHYDKENXX01,HYDKENXX,1,2033,S3D1,53.04184245789838
GLOBAL,PWRHYDKENXX01,HYDKENXX,1,2033,S3D2,58.809308585362594
GLOBAL,PWRHYDKENXX01,HYDKENXX,1,2034,S1D3,60.00247497600001
GLOBAL,PWRHYDKENXX01,HYDKENXX,1,2034,S1D1,45.99067692895185
GLOBAL,PWRHYDKENXX01,HYDKENXX,1,2034,S1D2,52.25746679798395
GLOBAL,PWRHYDKENXX01,HYDKENXX,1,2034,S2D3,52.02834508800001
GLOBAL,PWRHYDKENXX01,HYDKENXX,1,2034,S2D1,48.33175649895387
GLOBAL,PWRHYDKENXX01,HYDKENXX,1,2034,S2D2,50.715462241027744
GLOBAL,PWRHYDKENXX01,HYDKENXX,1,2034,S3D3,66.5889315655009
GLOBAL,PWRHYDKENXX01,HYDKENXX,1,2034,S3D1,50.86587087678359
GLOBAL,PWRHYDKENXX01,HYDKENXX,1,2034,S3D2,66.5889315655009
GLOBAL,PWRHYDKENXX01,HYDKENXX,1,2035,S1D3,60.00247497600001
GLOBAL,PWRHYDKENXX01,HYDKENXX,1,2035,S1D1,44.93457259693865
GLOBAL,PWRHYDKENXX01,HYDKENXX,1,2035,S1D2,51.64844275794157
GLOBAL,PWRHYDKENXX01,HYDKENXX,1,2035,S2D3,52.028345088
GLOBAL,PWRHYDKENXX01,HYDKENXX,1,2035,S2D1,52.02834508800001
GLOBAL,PWRHYDKENXX01,HYDKENXX,1,2035,S2D2,49.97744976412112
GLOBAL,PWRHYDKENXX01,HYDKENXX,1,2035,S3D3,70.75297123200002
GLOBAL,PWRHYDKENXX01,HYDKENXX,1,2035,S3D1,53.20099442390777
GLOBAL,PWRHYDKENXX01,HYDKENXX,1,2035,S3D2,58.74551316501975
GLOBAL,PWRHYDKENXX01,HYDKENXX,1,2036,S1D3,60.002474976000016
GLOBAL,PWRHYDKENXX01,HYDKENXX,1,2036,S1D1,44.52506495332216
GLOBAL,PWRHYDKENXX01,HYDKENXX,1,2036,S1D2,51.757183289507566
GLOBAL,PWRHYDKENXX01,HYDKENXX,1,2036,S2D3,52.02834508800001
GLOBAL,PWRHYDKENXX01,HYDKENXX,1,2036,S2D1,43.08189269934187
GLOBAL,PWRHYDKENXX01,HYDKENXX,1,2036,S2D2,49.93666900560776
GLOBAL,PWRHYDKENXX01,HYDKENXX,1,2036,S3D3,70.75297123200002
GLOBAL,PWRHYDKENXX01,HYDKENXX,1,2036,S3D1,50.54928463258366
GLOBAL,PWRHYDKENXX01,HYDKENXX,1,2036,S3D2,70.75297123200002
GLOBAL,PWRHYDKENXX01,HYDKENXX,1,2037,S1D3,60.002474976000016
GLOBAL,PWRHYDKENXX01,HYDKENXX,1,2037,S1D1,44.116278273867
GLOBAL,PWRHYDKENXX01,HYDKENXX,1,2037,S1D2,51.86573237647576
GLOBAL,PWRHYDKENXX01,HYDKENXX,1,2037,S2D3,52.02834508800001
GLOBAL,PWRHYDKENXX01,HYDKENXX,1,2037,S2D1,42.894375558069726
GLOBAL,PWRHYDKENXX01,HYDKENXX,1,2037,S2D2,49.89596004420447
GLOBAL,PWRHYDKENXX01,HYDKENXX,1,2037,S3D3,70.75297123200002
GLOBAL,PWRHYDKENXX01,HYDKENXX,1,2037,S3D1,51.0747409294151
GLOBAL,PWRHYDKENXX01,HYDKENXX,1,2037,S3D2,70.75297123200002
GLOBAL,PWRHYDKENXX01,HYDKENXX,1,2038,S1D3,60.002474976000016
GLOBAL,PWRHYDKENXX01,HYDKENXX,1,2038,S1D1,55.76175479229432
GLOBAL,PWRHYDKENXX01,HYDKENXX,1,2038,S1D2,51.97447290804179
GLOBAL,PWRHYDKENXX01,HYDKENXX,1,2038,S2D3,52.028345088
GLOBAL,PWRHYDKENXX01,HYDKENXX,1,2038,S2D1,42.70652769873524
GLOBAL,PWRHYDKENXX01,HYDKENXX,1,2038,S2D2,49.855179285691136
GLOBAL,PWRHYDKENXX01,HYDKENXX,1,2038,S3D3,70.75297123200001
GLOBAL,PWRHYDKENXX01,HYDKENXX,1,2038,S3D1,50.19490833307844
GLOBAL,PWRHYDKENXX01,HYDKENXX,1,2038,S3D2,60.298986998040725
GLOBAL,PWRHYDKENXX01,HYDKENXX,1,2039,S1D3,60.00247497600001
GLOBAL,PWRHYDKENXX01,HYDKENXX,1,2039,S1D1,43.29798395079536
GLOBAL,PWRHYDKENXX01,HYDKENXX,1,2039,S1D2,52.08302199500996
GLOBAL,PWRHYDKENXX01,HYDKENXX,1,2039,S2D3,52.02834508800001
GLOBAL,PWRHYDKENXX01,HYDKENXX,1,2039,S2D1,52.02834508800001
GLOBAL,PWRHYDKENXX01,HYDKENXX,1,2039,S2D2,49.81447032428783
GLOBAL,PWRHYDKENXX01,HYDKENXX,1,2039,S3D3,70.75297123200002
GLOBAL,PWRHYDKENXX01,HYDKENXX,1,2039,S3D1,50.20314815115303
GLOBAL,PWRHYDKENXX01,HYDKENXX,1,2039,S3D2,63.09024294161533
GLOBAL,PWRHYDKENXX01,HYDKENXX,1,2040,S1D3,60.002474976000016
GLOBAL,PWRHYDKENXX01,HYDKENXX,1,2040,S1D1,42.888476307178905
GLOBAL,PWRHYDKENXX01,HYDKENXX,1,2040,S1D2,52.191762526576
GLOBAL,PWRHYDKENXX01,HYDKENXX,1,2040,S2D3,52.02834508800001
GLOBAL,PWRHYDKENXX01,HYDKENXX,1,2040,S2D1,42.33116269812872
GLOBAL,PWRHYDKENXX01,HYDKENXX,1,2040,S2D2,49.7736895657745
GLOBAL,PWRHYDKENXX01,HYDKENXX,1,2040,S3D3,70.75297123200001
GLOBAL,PWRHYDKENXX01,HYDKENXX,1,2040,S3D1,62.07160235934435
GLOBAL,PWRHYDKENXX01,HYDKENXX,1,2040,S3D2,61.334332153929616
GLOBAL,PWRHYDKENXX01,HYDKENXX,1,2041,S1D3,60.002474976000016
GLOBAL,PWRHYDKENXX01,HYDKENXX,1,2041,S1D1,40.53906975438015
GLOBAL,PWRHYDKENXX01,HYDKENXX,1,2041,S1D2,52.32673096804439
GLOBAL,PWRHYDKENXX01,HYDKENXX,1,2041,S2D3,52.02834508800001
GLOBAL,PWRHYDKENXX01,HYDKENXX,1,2041,S2D1,52.02834508800001
GLOBAL,PWRHYDKENXX01,HYDKENXX,1,2041,S2D2,49.72307260318313
GLOBAL,PWRHYDKENXX01,HYDKENXX,1,2041,S3D3,70.75297123200002
GLOBAL,PWRHYDKENXX01,HYDKENXX,1,2041,S3D1,52.03302568975114
GLOBAL,PWRHYDKENXX01,HYDKENXX,1,2041,S3D2,63.8270660902936
GLOBAL,PWRHYDKENXX01,HYDKENXX,1,2042,S1D3,60.002474976000016
GLOBAL,PWRHYDKENXX01,HYDKENXX,1,2042,S1D1,41.87191683975077
GLOBAL,PWRHYDKENXX01,HYDKENXX,1,2042,S1D2,52.46169940951282
GLOBAL,PWRHYDKENXX01,HYDKENXX,1,2042,S2D3,52.02834508800001
GLOBAL,PWRHYDKENXX01,HYDKENXX,1,2042,S2D1,45.562735523862976
GLOBAL,PWRHYDKENXX01,HYDKENXX,1,2042,S2D2,49.672455640591785
GLOBAL,PWRHYDKENXX01,HYDKENXX,1,2042,S3D3,70.75297123200002
GLOBAL,PWRHYDKENXX01,HYDKENXX,1,2042,S3D1,50.23189305441868
GLOBAL,PWRHYDKENXX01,HYDKENXX,1,2042,S3D2,70.75297123200002
GLOBAL,PWRHYDKENXX01,HYDKENXX,1,2043,S1D3,60.00247497600001
GLOBAL,PWRHYDKENXX01,HYDKENXX,1,2043,S1D1,53.4193422322417
GLOBAL,PWRHYDKENXX01,HYDKENXX,1,2043,S1D2,52.59647640638335
GLOBAL,PWRHYDKENXX01,HYDKENXX,1,2043,S2D3,52.028345088
GLOBAL,PWRHYDKENXX01,HYDKENXX,1,2043,S2D1,41.63202471462018
GLOBAL,PWRHYDKENXX01,HYDKENXX,1,2043,S2D2,49.62191047511041
GLOBAL,PWRHYDKENXX01,HYDKENXX,1,2043,S3D3,70.75297123200001
GLOBAL,PWRHYDKENXX01,HYDKENXX,1,2043,S3D1,50.242123798553614
GLOBAL,PWRHYDKENXX01,HYDKENXX,1,2043,S3D2,63.26271951917119
GLOBAL,PWRHYDKENXX01,HYDKENXX,1,2044,S1D3,60.00247497600001
GLOBAL,PWRHYDKENXX01,HYDKENXX,1,2044,S1D1,39.43466659579774
GLOBAL,PWRHYDKENXX01,HYDKENXX,1,2044,S1D2,52.73144484785176
GLOBAL,PWRHYDKENXX01,HYDKENXX,1,2044,S2D3,52.028345088
GLOBAL,PWRHYDKENXX01,HYDKENXX,1,2044,S2D1,46.371740672628654
GLOBAL,PWRHYDKENXX01,HYDKENXX,1,2044,S2D2,50.95853061651905
GLOBAL,PWRHYDKENXX01,HYDKENXX,1,2044,S3D3,70.75297123200001
GLOBAL,PWRHYDKENXX01,HYDKENXX,1,2044,S3D1,50.25236907499559
GLOBAL,PWRHYDKENXX01,HYDKENXX,1,2044,S3D2,70.75297123200001
GLOBAL,PWRHYDKENXX01,HYDKENXX,1,2045,S1D3,60.002474976000016
GLOBAL,PWRHYDKENXX01,HYDKENXX,1,2045,S1D1,40.97256736838233
GLOBAL,PWRHYDKENXX01,HYDKENXX,1,2045,S1D2,53.4911820549327
GLOBAL,PWRHYDKENXX01,HYDKENXX,1,2045,S2D3,52.028345088
GLOBAL,PWRHYDKENXX01,HYDKENXX,1,2045,S2D1,42.013000963032425
GLOBAL,PWRHYDKENXX01,HYDKENXX,1,2045,S2D2,50.145445315540215
GLOBAL,PWRHYDKENXX01,HYDKENXX,1,2045,S3D3,70.75297123200001
GLOBAL,PWRHYDKENXX01,HYDKENXX,1,2045,S3D1,58.78474770017404
GLOBAL,PWRHYDKENXX01,HYDKENXX,1,2045,S3D2,65.1736879938616
GLOBAL,PWRHYDKENXX01,HYDKENXX,1,2046,S1D3,60.00247497600001
GLOBAL,PWRHYDKENXX01,HYDKENXX,1,2046,S1D1,39.73918312789688
GLOBAL,PWRHYDKENXX01,HYDKENXX,1,2046,S1D2,54.90549397659719
GLOBAL,PWRHYDKENXX01,HYDKENXX,1,2046,S2D3,52.02834508800001
GLOBAL,PWRHYDKENXX01,HYDKENXX,1,2046,S2D1,45.17963414203415
GLOBAL,PWRHYDKENXX01,HYDKENXX,1,2046,S2D2,51.3270515674333
GLOBAL,PWRHYDKENXX01,HYDKENXX,1,2046,S3D3,70.75297123200002
GLOBAL,PWRHYDKENXX01,HYDKENXX,1,2046,S3D1,52.14530457363188
GLOBAL,PWRHYDKENXX01,HYDKENXX,1,2046,S3D2,67.25175803291089
GLOBAL,PWRHYDKENXX01,HYDKENXX,1,2047,S1D3,60.002474976000016
GLOBAL,PWRHYDKENXX01,HYDKENXX,1,2047,S1D1,39.10112984514912
GLOBAL,PWRHYDKENXX01,HYDKENXX,1,2047,S1D2,55.07492244567451
GLOBAL,PWRHYDKENXX01,HYDKENXX,1,2047,S2D3,52.02834508800001
GLOBAL,PWRHYDKENXX01,HYDKENXX,1,2047,S2D1,43.1164860809796
GLOBAL,PWRHYDKENXX01,HYDKENXX,1,2047,S2D2,51.26351112503133
GLOBAL,PWRHYDKENXX01,HYDKENXX,1,2047,S3D3,70.75297123200001
GLOBAL,PWRHYDKENXX01,HYDKENXX,1,2047,S3D1,53.96954357711012
GLOBAL,PWRHYDKENXX01,HYDKENXX,1,2047,S3D2,68.03244181683293
GLOBAL,PWRHYDKENXX01,HYDKENXX,1,2048,S1D3,60.00247497600001
GLOBAL,PWRHYDKENXX01,HYDKENXX,1,2048,S1D1,38.84951408618864
GLOBAL,PWRHYDKENXX01,HYDKENXX,1,2048,S1D2,55.85863817377987
GLOBAL,PWRHYDKENXX01,HYDKENXX,1,2048,S2D3,52.028345088
GLOBAL,PWRHYDKENXX01,HYDKENXX,1,2048,S2D1,43.05464676304797
GLOBAL,PWRHYDKENXX01,HYDKENXX,1,2048,S2D2,50.95128625536532
GLOBAL,PWRHYDKENXX01,HYDKENXX,1,2048,S3D3,70.75297123200002
GLOBAL,PWRHYDKENXX01,HYDKENXX,1,2048,S3D1,52.56063924835826
GLOBAL,PWRHYDKENXX01,HYDKENXX,1,2048,S3D2,69.29493009216436
GLOBAL,PWRHYDKENXX01,HYDKENXX,1,2049,S1D3,60.002474976000016
GLOBAL,PWRHYDKENXX01,HYDKENXX,1,2049,S1D1,38.21218176760241
GLOBAL,PWRHYDKENXX01,HYDKENXX,1,2049,S1D2,56.027875198259416
GLOBAL,PWRHYDKENXX01,HYDKENXX,1,2049,S2D3,52.02834508800001
GLOBAL,PWRHYDKENXX01,HYDKENXX,1,2049,S2D1,42.76229199605568
GLOBAL,PWRHYDKENXX01,HYDKENXX,1,2049,S2D2,50.88781761007346
GLOBAL,PWRHYDKENXX01,HYDKENXX,1,2049,S3D3,70.75297123200002
GLOBAL,PWRHYDKENXX01,HYDKENXX,1,2049,S3D1,52.57348580775504
GLOBAL,PWRHYDKENXX01,HYDKENXX,1,2049,S3D2,70.10131345586994
GLOBAL,PWRHYDKENXX01,HYDKENXX,1,2050,S1D3,60.002474976000016
GLOBAL,PWRHYDKENXX01,HYDKENXX,1,2050,S1D1,37.41849069890404
GLOBAL,PWRHYDKENXX01,HYDKENXX,1,2050,S1D2,56.04166588138603
GLOBAL,PWRHYDKENXX01,HYDKENXX,1,2050,S2D3,52.02834508800001
GLOBAL,PWRHYDKENXX01,HYDKENXX,1,2050,S2D1,43.2378168827957
GLOBAL,PWRHYDKENXX01,HYDKENXX,1,2050,S2D2,50.668639381720766
GLOBAL,PWRHYDKENXX01,HYDKENXX,1,2050,S3D3,70.75297123200001
GLOBAL,PWRHYDKENXX01,HYDKENXX,1,2050,S3D1,52.43070911350807
GLOBAL,PWRHYDKENXX01,HYDKENXX,1,2050,S3D2,70.75297123200001
GLOBAL,PWRHYDTZAXX01,HYDTZAXX,1,2021,S1D3,53.404197080291965
GLOBAL,PWRHYDTZAXX01,HYDTZAXX,1,2021,S1D1,44.07668698212676
GLOBAL,PWRHYDTZAXX01,HYDTZAXX,1,2021,S1D2,30.07819118361928
GLOBAL,PWRHYDTZAXX01,HYDTZAXX,1,2021,S2D3,22.516687660971964
GLOBAL,PWRHYDTZAXX01,HYDTZAXX,1,2021,S2D1,22.516687660971964
GLOBAL,PWRHYDTZAXX01,HYDTZAXX,1,2021,S2D2,22.516687660971964
GLOBAL,PWRHYDTZAXX01,HYDTZAXX,1,2021,S3D3,29.68312845140756
GLOBAL,PWRHYDTZAXX01,HYDTZAXX,1,2021,S3D1,29.68312845140756
GLOBAL,PWRHYDTZAXX01,HYDTZAXX,1,2021,S3D2,29.68312845140756
GLOBAL,PWRHYDTZAXX01,HYDTZAXX,1,2022,S1D3,58.342153284671525
GLOBAL,PWRHYDTZAXX01,HYDTZAXX,1,2022,S1D1,48.1315076214612
GLOBAL,PWRHYDTZAXX01,HYDTZAXX,1,2022,S1D2,32.72904534361787
GLOBAL,PWRHYDTZAXX01,HYDTZAXX,1,2022,S2D3,24.598666674164637
GLOBAL,PWRHYDTZAXX01,HYDTZAXX,1,2022,S2D1,24.598666674164637
GLOBAL,PWRHYDTZAXX01,HYDTZAXX,1,2022,S2D2,24.598666674164637
GLOBAL,PWRHYDTZAXX01,HYDTZAXX,1,2022,S3D3,32.42774397444693
GLOBAL,PWRHYDTZAXX01,HYDTZAXX,1,2022,S3D1,32.42774397444693
GLOBAL,PWRHYDTZAXX01,HYDTZAXX,1,2022,S3D2,32.42774397444693
GLOBAL,PWRHYDTZAXX01,HYDTZAXX,1,2023,S1D3,63.280109489051085
GLOBAL,PWRHYDTZAXX01,HYDTZAXX,1,2023,S1D1,33.0885592830989
GLOBAL,PWRHYDTZAXX01,HYDTZAXX,1,2023,S1D2,55.56124721678185
GLOBAL,PWRHYDTZAXX01,HYDTZAXX,1,2023,S2D3,26.680645687357305
GLOBAL,PWRHYDTZAXX01,HYDTZAXX,1,2023,S2D1,26.680645687357305
GLOBAL,PWRHYDTZAXX01,HYDTZAXX,1,2023,S2D2,26.680645687357305
GLOBAL,PWRHYDTZAXX01,HYDTZAXX,1,2023,S3D3,35.172359497486305
GLOBAL,PWRHYDTZAXX01,HYDTZAXX,1,2023,S3D1,35.172359497486305
GLOBAL,PWRHYDTZAXX01,HYDTZAXX,1,2023,S3D2,35.172359497486305
GLOBAL,PWRHYDTZAXX01,HYDTZAXX,1,2024,S1D3,68.22810218978103
GLOBAL,PWRHYDTZAXX01,HYDTZAXX,1,2024,S1D1,35.59580419961497
GLOBAL,PWRHYDTZAXX01,HYDTZAXX,1,2024,S1D2,59.98570009637067
GLOBAL,PWRHYDTZAXX01,HYDTZAXX,1,2024,S2D3,28.766856365210938
GLOBAL,PWRHYDTZAXX01,HYDTZAXX,1,2024,S2D1,28.766856365210938
GLOBAL,PWRHYDTZAXX01,HYDTZAXX,1,2024,S2D2,28.766856365210938
GLOBAL,PWRHYDTZAXX01,HYDTZAXX,1,2024,S3D3,37.92255350736112
GLOBAL,PWRHYDTZAXX01,HYDTZAXX,1,2024,S3D1,37.92255350736112
GLOBAL,PWRHYDTZAXX01,HYDTZAXX,1,2024,S3D2,37.92255350736112
GLOBAL,PWRHYDTZAXX01,HYDTZAXX,1,2025,S1D3,73.16605839416057
GLOBAL,PWRHYDTZAXX01,HYDTZAXX,1,2025,S1D1,38.0979634266452
GLOBAL,PWRHYDTZAXX01,HYDTZAXX,1,2025,S1D2,64.401178426508
GLOBAL,PWRHYDTZAXX01,HYDTZAXX,1,2025,S2D3,30.848835378403606
GLOBAL,PWRHYDTZAXX01,HYDTZAXX,1,2025,S2D1,30.848835378403606
GLOBAL,PWRHYDTZAXX01,HYDTZAXX,1,2025,S2D2,30.848835378403606
GLOBAL,PWRHYDTZAXX01,HYDTZAXX,1,2025,S3D3,40.667169030400494
GLOBAL,PWRHYDTZAXX01,HYDTZAXX,1,2025,S3D1,40.667169030400494
GLOBAL,PWRHYDTZAXX01,HYDTZAXX,1,2025,S3D2,40.667169030400494
GLOBAL,PWRHYDTZAXX01,HYDTZAXX,1,2026,S1D3,79.4388686131387
GLOBAL,PWRHYDTZAXX01,HYDTZAXX,1,2026,S1D1,41.25447418803964
GLOBAL,PWRHYDTZAXX01,HYDTZAXX,1,2026,S1D2,70.03231700094638
GLOBAL,PWRHYDTZAXX01,HYDTZAXX,1,2026,S2D3,33.49362579150406
GLOBAL,PWRHYDTZAXX01,HYDTZAXX,1,2026,S2D1,33.49362579150406
GLOBAL,PWRHYDTZAXX01,HYDTZAXX,1,2026,S2D2,33.49362579150406
GLOBAL,PWRHYDTZAXX01,HYDTZAXX,1,2026,S3D3,44.15372330255418
GLOBAL,PWRHYDTZAXX01,HYDTZAXX,1,2026,S3D1,44.15372330255418
GLOBAL,PWRHYDTZAXX01,HYDTZAXX,1,2026,S3D2,44.15372330255418
GLOBAL,PWRHYDTZAXX01,HYDTZAXX,1,2027,S1D3,85.7016423357664
GLOBAL,PWRHYDTZAXX01,HYDTZAXX,1,2027,S1D1,44.40534648616688
GLOBAL,PWRHYDTZAXX01,HYDTZAXX,1,2027,S1D2,75.65503379971454
GLOBAL,PWRHYDTZAXX01,HYDTZAXX,1,2027,S2D3,36.13418453994353
GLOBAL,PWRHYDTZAXX01,HYDTZAXX,1,2027,S2D1,36.13418453994353
GLOBAL,PWRHYDTZAXX01,HYDTZAXX,1,2027,S2D2,36.13418453994353
GLOBAL,PWRHYDTZAXX01,HYDTZAXX,1,2027,S3D3,47.634699087872406
GLOBAL,PWRHYDTZAXX01,HYDTZAXX,1,2027,S3D1,47.634699087872406
GLOBAL,PWRHYDTZAXX01,HYDTZAXX,1,2027,S3D2,47.634699087872406
GLOBAL,PWRHYDTZAXX01,HYDTZAXX,1,2028,S1D3,91.97445255474452
GLOBAL,PWRHYDTZAXX01,HYDTZAXX,1,2028,S1D1,47.56893988201573
GLOBAL,PWRHYDTZAXX01,HYDTZAXX,1,2028,S1D2,81.27908973969836
GLOBAL,PWRHYDTZAXX01,HYDTZAXX,1,2028,S2D3,38.77897495304399
GLOBAL,PWRHYDTZAXX01,HYDTZAXX,1,2028,S2D1,38.77897495304399
GLOBAL,PWRHYDTZAXX01,HYDTZAXX,1,2028,S2D2,38.77897495304399
GLOBAL,PWRHYDTZAXX01,HYDTZAXX,1,2028,S3D3,51.12125336002608
GLOBAL,PWRHYDTZAXX01,HYDTZAXX,1,2028,S3D1,51.12125336002608
GLOBAL,PWRHYDTZAXX01,HYDTZAXX,1,2028,S3D2,51.12125336002608
GLOBAL,PWRHYDTZAXX01,HYDTZAXX,1,2029,S1D3,98.2472627737226
GLOBAL,PWRHYDTZAXX01,HYDTZAXX,1,2029,S1D1,50.73253327786456
GLOBAL,PWRHYDTZAXX01,HYDTZAXX,1,2029,S1D2,86.90314567968227
GLOBAL,PWRHYDTZAXX01,HYDTZAXX,1,2029,S2D3,41.42376536614444
GLOBAL,PWRHYDTZAXX01,HYDTZAXX,1,2029,S2D1,41.42376536614444
GLOBAL,PWRHYDTZAXX01,HYDTZAXX,1,2029,S2D2,41.42376536614444
GLOBAL,PWRHYDTZAXX01,HYDTZAXX,1,2029,S3D3,54.60780763217976
GLOBAL,PWRHYDTZAXX01,HYDTZAXX,1,2029,S3D1,54.60780763217976
GLOBAL,PWRHYDTZAXX01,HYDTZAXX,1,2029,S3D2,54.60780763217976
GLOBAL,PWRHYDTZAXX01,HYDTZAXX,1,2030,S1D3,104.52007299270072
GLOBAL,PWRHYDTZAXX01,HYDTZAXX,1,2030,S1D1,54.420546086722425
GLOBAL,PWRHYDTZAXX01,HYDTZAXX,1,2030,S1D2,92.00278220665717
GLOBAL,PWRHYDTZAXX01,HYDTZAXX,1,2030,S2D3,44.06855577924488
GLOBAL,PWRHYDTZAXX01,HYDTZAXX,1,2030,S2D1,44.06855577924488
GLOBAL,PWRHYDTZAXX01,HYDTZAXX,1,2030,S2D2,44.06855577924488
GLOBAL,PWRHYDTZAXX01,HYDTZAXX,1,2030,S3D3,58.09436190433344
GLOBAL,PWRHYDTZAXX01,HYDTZAXX,1,2030,S3D1,58.09436190433344
GLOBAL,PWRHYDTZAXX01,HYDTZAXX,1,2030,S3D2,58.09436190433344
GLOBAL,PWRHYDTZAXX01,HYDTZAXX,1,2031,S1D3,112.09762773722628
GLOBAL,PWRHYDTZAXX01,HYDTZAXX,1,2031,S1D1,58.36595729235672
GLOBAL,PWRHYDTZAXX01,HYDTZAXX,1,2031,S1D2,98.67285139870883
GLOBAL,PWRHYDTZAXX01,HYDTZAXX,1,2031,S2D3,47.26346259827022
GLOBAL,PWRHYDTZAXX01,HYDTZAXX,1,2031,S2D1,47.26346259827022
GLOBAL,PWRHYDTZAXX01,HYDTZAXX,1,2031,S2D2,47.26346259827022
GLOBAL,PWRHYDTZAXX01,HYDTZAXX,1,2031,S3D3,62.30611946509509
GLOBAL,PWRHYDTZAXX01,HYDTZAXX,1,2031,S3D1,62.30611946509509
GLOBAL,PWRHYDTZAXX01,HYDTZAXX,1,2031,S3D2,62.30611946509509
GLOBAL,PWRHYDTZAXX01,HYDTZAXX,1,2032,S1D3,119.68521897810218
GLOBAL,PWRHYDTZAXX01,HYDTZAXX,1,2032,S1D1,62.31659420819715
GLOBAL,PWRHYDTZAXX01,HYDTZAXX,1,2032,S1D2,105.3517551194918
GLOBAL,PWRHYDTZAXX01,HYDTZAXX,1,2032,S2D3,50.46260108195652
GLOBAL,PWRHYDTZAXX01,HYDTZAXX,1,2032,S2D1,50.46260108195652
GLOBAL,PWRHYDTZAXX01,HYDTZAXX,1,2032,S2D2,50.46260108195652
GLOBAL,PWRHYDTZAXX01,HYDTZAXX,1,2032,S3D3,66.52345551269218
GLOBAL,PWRHYDTZAXX01,HYDTZAXX,1,2032,S3D1,66.52345551269218
GLOBAL,PWRHYDTZAXX01,HYDTZAXX,1,2032,S3D2,66.52345551269218
GLOBAL,PWRHYDTZAXX01,HYDTZAXX,1,2033,S1D3,127.27281021897808
GLOBAL,PWRHYDTZAXX01,HYDTZAXX,1,2033,S1D1,64.80475227395378
GLOBAL,PWRHYDTZAXX01,HYDTZAXX,1,2033,S1D2,113.4931376903584
GLOBAL,PWRHYDTZAXX01,HYDTZAXX,1,2033,S2D3,53.66173956564282
GLOBAL,PWRHYDTZAXX01,HYDTZAXX,1,2033,S2D1,53.66173956564282
GLOBAL,PWRHYDTZAXX01,HYDTZAXX,1,2033,S2D2,53.66173956564282
GLOBAL,PWRHYDTZAXX01,HYDTZAXX,1,2033,S3D3,70.74079156028927
GLOBAL,PWRHYDTZAXX01,HYDTZAXX,1,2033,S3D1,70.74079156028927
GLOBAL,PWRHYDTZAXX01,HYDTZAXX,1,2033,S3D2,70.74079156028927
GLOBAL,PWRHYDTZAXX01,HYDTZAXX,1,2034,S1D3,134.85036496350364
GLOBAL,PWRHYDTZAXX01,HYDTZAXX,1,2034,S1D1,68.66309057273426
GLOBAL,PWRHYDTZAXX01,HYDTZAXX,1,2034,S1D2,120.25027978926414
GLOBAL,PWRHYDTZAXX01,HYDTZAXX,1,2034,S2D3,56.85664638466817
GLOBAL,PWRHYDTZAXX01,HYDTZAXX,1,2034,S2D1,56.85664638466817
GLOBAL,PWRHYDTZAXX01,HYDTZAXX,1,2034,S2D2,56.85664638466817
GLOBAL,PWRHYDTZAXX01,HYDTZAXX,1,2034,S3D3,74.95254912105091
GLOBAL,PWRHYDTZAXX01,HYDTZAXX,1,2034,S3D1,74.95254912105091
GLOBAL,PWRHYDTZAXX01,HYDTZAXX,1,2034,S3D2,74.95254912105091
GLOBAL,PWRHYDTZAXX01,HYDTZAXX,1,2035,S1D3,142.43795620437956
GLOBAL,PWRHYDTZAXX01,HYDTZAXX,1,2035,S1D1,72.5265392533674
GLOBAL,PWRHYDTZAXX01,HYDTZAXX,1,2035,S1D2,127.01637174525406
GLOBAL,PWRHYDTZAXX01,HYDTZAXX,1,2035,S2D3,60.05578486835446
GLOBAL,PWRHYDTZAXX01,HYDTZAXX,1,2035,S2D1,60.05578486835446
GLOBAL,PWRHYDTZAXX01,HYDTZAXX,1,2035,S2D2,60.05578486835446
GLOBAL,PWRHYDTZAXX01,HYDTZAXX,1,2035,S3D3,79.169885168648
GLOBAL,PWRHYDTZAXX01,HYDTZAXX,1,2035,S3D1,79.169885168648
GLOBAL,PWRHYDTZAXX01,HYDTZAXX,1,2035,S3D2,79.169885168648
GLOBAL,PWRHYDTZAXX01,HYDTZAXX,1,2036,S1D3,151.4507299270073
GLOBAL,PWRHYDTZAXX01,HYDTZAXX,1,2036,S1D1,77.11566215708243
GLOBAL,PWRHYDTZAXX01,HYDTZAXX,1,2036,S1D2,135.0533434072635
GLOBAL,PWRHYDTZAXX01,HYDTZAXX,1,2036,S2D3,63.85581973389718
GLOBAL,PWRHYDTZAXX01,HYDTZAXX,1,2036,S2D1,63.85581973389718
GLOBAL,PWRHYDTZAXX01,HYDTZAXX,1,2036,S2D2,63.85581973389718
GLOBAL,PWRHYDTZAXX01,HYDTZAXX,1,2036,S3D3,84.1793663468784
GLOBAL,PWRHYDTZAXX01,HYDTZAXX,1,2036,S3D1,84.1793663468784
GLOBAL,PWRHYDTZAXX01,HYDTZAXX,1,2036,S3D2,84.1793663468784
GLOBAL,PWRHYDTZAXX01,HYDTZAXX,1,2037,S1D3,160.46350364963504
GLOBAL,PWRHYDTZAXX01,HYDTZAXX,1,2037,S1D1,81.70478506079749
GLOBAL,PWRHYDTZAXX01,HYDTZAXX,1,2037,S1D2,143.0903150692732
GLOBAL,PWRHYDTZAXX01,HYDTZAXX,1,2037,S2D3,67.6558545994399
GLOBAL,PWRHYDTZAXX01,HYDTZAXX,1,2037,S2D1,67.6558545994399
GLOBAL,PWRHYDTZAXX01,HYDTZAXX,1,2037,S2D2,67.6558545994399
GLOBAL,PWRHYDTZAXX01,HYDTZAXX,1,2037,S3D3,89.1888475251088
GLOBAL,PWRHYDTZAXX01,HYDTZAXX,1,2037,S3D1,89.1888475251088
GLOBAL,PWRHYDTZAXX01,HYDTZAXX,1,2037,S3D2,89.1888475251088
GLOBAL,PWRHYDTZAXX01,HYDTZAXX,1,2038,S1D3,169.4662408759124
GLOBAL,PWRHYDTZAXX01,HYDTZAXX,1,2038,S1D1,86.28879758265987
GLOBAL,PWRHYDTZAXX01,HYDTZAXX,1,2038,S1D2,151.11833687419798
GLOBAL,PWRHYDTZAXX01,HYDTZAXX,1,2038,S2D3,71.45165780032166
GLOBAL,PWRHYDTZAXX01,HYDTZAXX,1,2038,S2D1,71.45165780032166
GLOBAL,PWRHYDTZAXX01,HYDTZAXX,1,2038,S2D2,71.45165780032166
GLOBAL,PWRHYDTZAXX01,HYDTZAXX,1,2038,S3D3,94.19275021650375
GLOBAL,PWRHYDTZAXX01,HYDTZAXX,1,2038,S3D1,94.19275021650375
GLOBAL,PWRHYDTZAXX01,HYDTZAXX,1,2038,S3D2,94.19275021650375
GLOBAL,PWRHYDTZAXX01,HYDTZAXX,1,2039,S1D3,178.47901459854015
GLOBAL,PWRHYDTZAXX01,HYDTZAXX,1,2039,S1D1,90.87792048637493
GLOBAL,PWRHYDTZAXX01,HYDTZAXX,1,2039,S1D2,159.1553085362074
GLOBAL,PWRHYDTZAXX01,HYDTZAXX,1,2039,S2D3,75.25169266586438
GLOBAL,PWRHYDTZAXX01,HYDTZAXX,1,2039,S2D1,75.25169266586438
GLOBAL,PWRHYDTZAXX01,HYDTZAXX,1,2039,S2D2,75.25169266586438
GLOBAL,PWRHYDTZAXX01,HYDTZAXX,1,2039,S3D3,99.20223139473416
GLOBAL,PWRHYDTZAXX01,HYDTZAXX,1,2039,S3D1,99.20223139473416
GLOBAL,PWRHYDTZAXX01,HYDTZAXX,1,2039,S3D2,99.20223139473416
GLOBAL,PWRHYDTZAXX01,HYDTZAXX,1,2040,S1D3,187.49178832116783
GLOBAL,PWRHYDTZAXX01,HYDTZAXX,1,2040,S1D1,95.46704339008996
GLOBAL,PWRHYDTZAXX01,HYDTZAXX,1,2040,S1D2,167.19228019821676
GLOBAL,PWRHYDTZAXX01,HYDTZAXX,1,2040,S2D3,79.0517275314071
GLOBAL,PWRHYDTZAXX01,HYDTZAXX,1,2040,S2D1,79.0517275314071
GLOBAL,PWRHYDTZAXX01,HYDTZAXX,1,2040,S2D2,79.0517275314071
GLOBAL,PWRHYDTZAXX01,HYDTZAXX,1,2040,S3D3,104.21171257296454
GLOBAL,PWRHYDTZAXX01,HYDTZAXX,1,2040,S3D1,104.21171257296454
GLOBAL,PWRHYDTZAXX01,HYDTZAXX,1,2040,S3D2,104.21171257296454
GLOBAL,PWRHYDTZAXX01,HYDTZAXX,1,2041,S1D3,198.14051094890513
GLOBAL,PWRHYDTZAXX01,HYDTZAXX,1,2041,S1D1,100.88915853579338
GLOBAL,PWRHYDTZAXX01,HYDTZAXX,1,2041,S1D2,176.68807856502326
GLOBAL,PWRHYDTZAXX01,HYDTZAXX,1,2041,S2D3,83.54152373668641
GLOBAL,PWRHYDTZAXX01,HYDTZAXX,1,2041,S2D1,83.54152373668641
GLOBAL,PWRHYDTZAXX01,HYDTZAXX,1,2041,S2D2,83.54152373668641
GLOBAL,PWRHYDTZAXX01,HYDTZAXX,1,2041,S3D3,110.13048710537264
GLOBAL,PWRHYDTZAXX01,HYDTZAXX,1,2041,S3D1,110.13048710537264
GLOBAL,PWRHYDTZAXX01,HYDTZAXX,1,2041,S3D2,110.13048710537264
GLOBAL,PWRHYDTZAXX01,HYDTZAXX,1,2042,S1D3,208.79927007299273
GLOBAL,PWRHYDTZAXX01,HYDTZAXX,1,2042,S1D1,106.31638406334946
GLOBAL,PWRHYDTZAXX01,HYDTZAXX,1,2042,S1D2,186.19282678891403
GLOBAL,PWRHYDTZAXX01,HYDTZAXX,1,2042,S2D3,88.0355516066267
GLOBAL,PWRHYDTZAXX01,HYDTZAXX,1,2042,S2D1,88.0355516066267
GLOBAL,PWRHYDTZAXX01,HYDTZAXX,1,2042,S2D2,88.0355516066267
GLOBAL,PWRHYDTZAXX01,HYDTZAXX,1,2042,S3D3,116.05484012461616
GLOBAL,PWRHYDTZAXX01,HYDTZAXX,1,2042,S3D1,116.05484012461616
GLOBAL,PWRHYDTZAXX01,HYDTZAXX,1,2042,S3D2,116.05484012461616
GLOBAL,PWRHYDTZAXX01,HYDTZAXX,1,2043,S1D3,219.44799270072997
GLOBAL,PWRHYDTZAXX01,HYDTZAXX,1,2043,S1D1,111.73849920905288
GLOBAL,PWRHYDTZAXX01,HYDTZAXX,1,2043,S1D2,195.6886251557204
GLOBAL,PWRHYDTZAXX01,HYDTZAXX,1,2043,S2D3,92.525347811906
GLOBAL,PWRHYDTZAXX01,HYDTZAXX,1,2043,S2D1,92.525347811906
GLOBAL,PWRHYDTZAXX01,HYDTZAXX,1,2043,S2D2,92.525347811906
GLOBAL,PWRHYDTZAXX01,HYDTZAXX,1,2043,S3D3,121.97361465702426
GLOBAL,PWRHYDTZAXX01,HYDTZAXX,1,2043,S3D1,121.97361465702426
GLOBAL,PWRHYDTZAXX01,HYDTZAXX,1,2043,S3D2,121.97361465702426
GLOBAL,PWRHYDTZAXX01,HYDTZAXX,1,2044,S1D3,230.09671532846716
GLOBAL,PWRHYDTZAXX01,HYDTZAXX,1,2044,S1D1,117.16061435475628
GLOBAL,PWRHYDTZAXX01,HYDTZAXX,1,2044,S1D2,205.18442352252663
GLOBAL,PWRHYDTZAXX01,HYDTZAXX,1,2044,S2D3,97.0151440171853
GLOBAL,PWRHYDTZAXX01,HYDTZAXX,1,2044,S2D1,97.0151440171853
GLOBAL,PWRHYDTZAXX01,HYDTZAXX,1,2044,S2D2,97.0151440171853
GLOBAL,PWRHYDTZAXX01,HYDTZAXX,1,2044,S3D3,127.89238918943232
GLOBAL,PWRHYDTZAXX01,HYDTZAXX,1,2044,S3D1,127.89238918943232
GLOBAL,PWRHYDTZAXX01,HYDTZAXX,1,2044,S3D2,127.89238918943232
GLOBAL,PWRHYDTZAXX01,HYDTZAXX,1,2045,S1D3,240.7454379562044
GLOBAL,PWRHYDTZAXX01,HYDTZAXX,1,2045,S1D1,122.58272950045968
GLOBAL,PWRHYDTZAXX01,HYDTZAXX,1,2045,S1D2,214.68022188933287
GLOBAL,PWRHYDTZAXX01,HYDTZAXX,1,2045,S2D3,101.50494022246464
GLOBAL,PWRHYDTZAXX01,HYDTZAXX,1,2045,S2D1,101.50494022246464
GLOBAL,PWRHYDTZAXX01,HYDTZAXX,1,2045,S2D2,101.50494022246464
GLOBAL,PWRHYDTZAXX01,HYDTZAXX,1,2045,S3D3,133.81116372184042
GLOBAL,PWRHYDTZAXX01,HYDTZAXX,1,2045,S3D1,133.81116372184042
GLOBAL,PWRHYDTZAXX01,HYDTZAXX,1,2045,S3D2,133.81116372184042
GLOBAL,PWRHYDTZAXX01,HYDTZAXX,1,2046,S1D3,253.96350364963504
GLOBAL,PWRHYDTZAXX01,HYDTZAXX,1,2046,S1D1,129.3131024004516
GLOBAL,PWRHYDTZAXX01,HYDTZAXX,1,2046,S1D2,226.46718366980767
GLOBAL,PWRHYDTZAXX01,HYDTZAXX,1,2046,S2D3,107.0780425809499
GLOBAL,PWRHYDTZAXX01,HYDTZAXX,1,2046,S2D1,107.0780425809499
GLOBAL,PWRHYDTZAXX01,HYDTZAXX,1,2046,S2D2,107.0780425809499
GLOBAL,PWRHYDTZAXX01,HYDTZAXX,1,2046,S3D3,141.15803088412264
GLOBAL,PWRHYDTZAXX01,HYDTZAXX,1,2046,S3D1,141.15803088412264
GLOBAL,PWRHYDTZAXX01,HYDTZAXX,1,2046,S3D2,141.15803088412264
GLOBAL,PWRHYDTZAXX01,HYDTZAXX,1,2047,S1D3,267.1815693430657
GLOBAL,PWRHYDTZAXX01,HYDTZAXX,1,2047,S1D1,136.04347530044348
GLOBAL,PWRHYDTZAXX01,HYDTZAXX,1,2047,S1D2,238.2541454502824
GLOBAL,PWRHYDTZAXX01,HYDTZAXX,1,2047,S2D3,112.65114493943516
GLOBAL,PWRHYDTZAXX01,HYDTZAXX,1,2047,S2D1,112.65114493943516
GLOBAL,PWRHYDTZAXX01,HYDTZAXX,1,2047,S2D2,112.65114493943516
GLOBAL,PWRHYDTZAXX01,HYDTZAXX,1,2047,S3D3,148.5048980464049
GLOBAL,PWRHYDTZAXX01,HYDTZAXX,1,2047,S3D1,148.5048980464049
GLOBAL,PWRHYDTZAXX01,HYDTZAXX,1,2047,S3D2,148.5048980464049
GLOBAL,PWRHYDTZAXX01,HYDTZAXX,1,2048,S1D3,280.3996350364964
GLOBAL,PWRHYDTZAXX01,HYDTZAXX,1,2048,S1D1,142.7738482004354
GLOBAL,PWRHYDTZAXX01,HYDTZAXX,1,2048,S1D2,250.0411072307573
GLOBAL,PWRHYDTZAXX01,HYDTZAXX,1,2048,S2D3,118.22424729792044
GLOBAL,PWRHYDTZAXX01,HYDTZAXX,1,2048,S2D1,118.22424729792044
GLOBAL,PWRHYDTZAXX01,HYDTZAXX,1,2048,S2D2,118.22424729792044
GLOBAL,PWRHYDTZAXX01,HYDTZAXX,1,2048,S3D3,155.85176520868714
GLOBAL,PWRHYDTZAXX01,HYDTZAXX,1,2048,S3D1,155.85176520868714
GLOBAL,PWRHYDTZAXX01,HYDTZAXX,1,2048,S3D2,155.85176520868714
GLOBAL,PWRHYDTZAXX01,HYDTZAXX,1,2049,S1D3,293.61770072992704
GLOBAL,PWRHYDTZAXX01,HYDTZAXX,1,2049,S1D1,149.5042211004273
GLOBAL,PWRHYDTZAXX01,HYDTZAXX,1,2049,S1D2,261.82806901123286
GLOBAL,PWRHYDTZAXX01,HYDTZAXX,1,2049,S2D3,123.79734965640574
GLOBAL,PWRHYDTZAXX01,HYDTZAXX,1,2049,S2D1,123.79734965640574
GLOBAL,PWRHYDTZAXX01,HYDTZAXX,1,2049,S2D2,123.79734965640574
GLOBAL,PWRHYDTZAXX01,HYDTZAXX,1,2049,S3D3,163.19863237096942
GLOBAL,PWRHYDTZAXX01,HYDTZAXX,1,2049,S3D1,163.19863237096942
GLOBAL,PWRHYDTZAXX01,HYDTZAXX,1,2049,S3D2,163.19863237096942
GLOBAL,PWRHYDTZAXX01,HYDTZAXX,1,2050,S1D3,306.83576642335765
GLOBAL,PWRHYDTZAXX01,HYDTZAXX,1,2050,S1D1,156.23459400041918
GLOBAL,PWRHYDTZAXX01,HYDTZAXX,1,2050,S1D2,273.6150307917077
GLOBAL,PWRHYDTZAXX01,HYDTZAXX,1,2050,S2D3,129.370452014891
GLOBAL,PWRHYDTZAXX01,HYDTZAXX,1,2050,S2D1,129.370452014891
GLOBAL,PWRHYDTZAXX01,HYDTZAXX,1,2050,S2D2,129.370452014891
GLOBAL,PWRHYDTZAXX01,HYDTZAXX,1,2050,S3D3,170.54549953325164
GLOBAL,PWRHYDTZAXX01,HYDTZAXX,1,2050,S3D1,170.54549953325164
GLOBAL,PWRHYDTZAXX01,HYDTZAXX,1,2050,S3D2,170.54549953325164
GLOBAL,PWROCGKENXX01,GASINT,2,2029,S2D2,0.16860806703948134
GLOBAL,PWROCGKENXX01,GASINT,2,2030,S2D2,1.665348769680678
GLOBAL,PWROCGKENXX01,GASINT,2,2031,S2D2,3.39046540112861
GLOBAL,PWROCGTZAXX00,GASINT,2,2021,S2D3,7.734994705956915
GLOBAL,PWROCGTZAXX00,GASINT,2,2021,S3D3,2.135016582002955
GLOBAL,PWRSPVKENXX01,SPVKENXX,1,2021,S1D1,0.1877779584
GLOBAL,PWRSPVKENXX01,SPVKENXX,1,2021,S1D2,0.1146748816327006
GLOBAL,PWRSPVKENXX01,SPVKENXX,1,2021,S2D1,0.1697645952
GLOBAL,PWRSPVKENXX01,SPVKENXX,1,2021,S2D2,0.2076077952
GLOBAL,PWRSPVKENXX01,SPVKENXX,1,2021,S3D1,0.1829340288
GLOBAL,PWRSPVKENXX01,SPVKENXX,1,2021,S3D2,0.20760779520000003
GLOBAL,PWRSPVKENXX01,SPVKENXX,1,2022,S1D1,0.1877779584
GLOBAL,PWRSPVKENXX01,SPVKENXX,1,2022,S1D2,0.10744351569985391
GLOBAL,PWRSPVKENXX01,SPVKENXX,1,2022,S2D1,0.1697645952
GLOBAL,PWRSPVKENXX01,SPVKENXX,1,2022,S2D2,0.2076077952
GLOBAL,PWRSPVKENXX01,SPVKENXX,1,2022,S3D1,0.1829340288
GLOBAL,PWRSPVKENXX01,SPVKENXX,1,2022,S3D2,0.2147223168
GLOBAL,PWRSPVKENXX01,SPVKENXX,1,2023,S1D1,0.1877779584
GLOBAL,PWRSPVKENXX01,SPVKENXX,1,2023,S1D2,0.1146748816327006
GLOBAL,PWRSPVKENXX01,SPVKENXX,1,2023,S2D1,0.1697645952
GLOBAL,PWRSPVKENXX01,SPVKENXX,1,2023,S2D2,0.2076077952
GLOBAL,PWRSPVKENXX01,SPVKENXX,1,2023,S3D1,0.1829340288
GLOBAL,PWRSPVKENXX01,SPVKENXX,1,2023,S3D2,0.20760779520000003
GLOBAL,PWRSPVKENXX01,SPVKENXX,1,2024,S1D1,0.1877779584
GLOBAL,PWRSPVKENXX01,SPVKENXX,1,2024,S1D2,0.10744351569985391
GLOBAL,PWRSPVKENXX01,SPVKENXX,1,2024,S2D1,0.1697645952
GLOBAL,PWRSPVKENXX01,SPVKENXX,1,2024,S2D2,0.2076077952
GLOBAL,PWRSPVKENXX01,SPVKENXX,1,2024,S3D1,0.1829340288
GLOBAL,PWRSPVKENXX01,SPVKENXX,1,2024,S3D2,0.2147223168
GLOBAL,PWRSPVKENXX01,SPVKENXX,1,2025,S1D1,0.1877779584
GLOBAL,PWRSPVKENXX01,SPVKENXX,1,2025,S1D2,0.10744351569985391
GLOBAL,PWRSPVKENXX01,SPVKENXX,1,2025,S2D1,0.1697645952
GLOBAL,PWRSPVKENXX01,SPVKENXX,1,2025,S2D2,0.2076077952
GLOBAL,PWRSPVKENXX01,SPVKENXX,1,2025,S3D1,0.1829340288
GLOBAL,PWRSPVKENXX01,SPVKENXX,1,2025,S3D2,0.2147223168
GLOBAL,PWRSPVKENXX01,SPVKENXX,1,2026,S1D1,0.1877779584
GLOBAL,PWRSPVKENXX01,SPVKENXX,1,2026,S1D2,0.1146748816327006
GLOBAL,PWRSPVKENXX01,SPVKENXX,1,2026,S2D1,0.1697645952
GLOBAL,PWRSPVKENXX01,SPVKENXX,1,2026,S2D2,0.2076077952
GLOBAL,PWRSPVKENXX01,SPVKENXX,1,2026,S3D1,0.1829340288
GLOBAL,PWRSPVKENXX01,SPVKENXX,1,2026,S3D2,0.20760779520000003
GLOBAL,PWRSPVKENXX01,SPVKENXX,1,2027,S1D1,0.1877779584
GLOBAL,PWRSPVKENXX01,SPVKENXX,1,2027,S1D2,0.10744351569985391
GLOBAL,PWRSPVKENXX01,SPVKENXX,1,2027,S2D1,0.1697645952
GLOBAL,PWRSPVKENXX01,SPVKENXX,1,2027,S2D2,0.2076077952
GLOBAL,PWRSPVKENXX01,SPVKENXX,1,2027,S3D1,0.1829340288
GLOBAL,PWRSPVKENXX01,SPVKENXX,1,2027,S3D2,0.2147223168
GLOBAL,PWRSPVKENXX01,SPVKENXX,1,2028,S1D1,0.1877779584
GLOBAL,PWRSPVKENXX01,SPVKENXX,1,2028,S1D2,0.10744351569985391
GLOBAL,PWRSPVKENXX01,SPVKENXX,1,2028,S2D1,0.1697645952
GLOBAL,PWRSPVKENXX01,SPVKENXX,1,2028,S2D2,0.2076077952
GLOBAL,PWRSPVKENXX01,SPVKENXX,1,2028,S3D1,0.1829340288
GLOBAL,PWRSPVKENXX01,SPVKENXX,1,2028,S3D2,0.2147223168
GLOBAL,PWRSPVKENXX01,SPVKENXX,1,2029,S1D1,0.1877779584
GLOBAL,PWRSPVKENXX01,SPVKENXX,1,2029,S1D2,0.10744351569985391
GLOBAL,PWRSPVKENXX01,SPVKENXX,1,2029,S2D1,0.1697645952
GLOBAL,PWRSPVKENXX01,SPVKENXX,1,2029,S2D2,0.2076077952
GLOBAL,PWRSPVKENXX01,SPVKENXX,1,2029,S3D1,0.1829340288
GLOBAL,PWRSPVKENXX01,SPVKENXX,1,2029,S3D2,0.2147223168
GLOBAL,PWRSPVKENXX01,SPVKENXX,1,2030,S1D1,0.1877779584
GLOBAL,PWRSPVKENXX01,SPVKENXX,1,2030,S1D2,0.10744351569985391
GLOBAL,PWRSPVKENXX01,SPVKENXX,1,2030,S2D1,0.1697645952
GLOBAL,PWRSPVKENXX01,SPVKENXX,1,2030,S2D2,0.2076077952
GLOBAL,PWRSPVKENXX01,SPVKENXX,1,2030,S3D1,0.1829340288
GLOBAL,PWRSPVKENXX01,SPVKENXX,1,2030,S3D2,0.2147223168
GLOBAL,PWRSPVKENXX01,SPVKENXX,1,2031,S1D1,0.1877779584
GLOBAL,PWRSPVKENXX01,SPVKENXX,1,2031,S1D2,0.10744351569985391
GLOBAL,PWRSPVKENXX01,SPVKENXX,1,2031,S2D1,0.1697645952
GLOBAL,PWRSPVKENXX01,SPVKENXX,1,2031,S2D2,0.2076077952
GLOBAL,PWRSPVKENXX01,SPVKENXX,1,2031,S3D1,0.1829340288
GLOBAL,PWRSPVKENXX01,SPVKENXX,1,2031,S3D2,0.2147223168
GLOBAL,PWRSPVKENXX01,SPVKENXX,1,2032,S1D1,6.319872106245609
GLOBAL,PWRSPVKENXX01,SPVKENXX,1,2032,S1D2,6.987266903438817
GLOBAL,PWRSPVKENXX01,SPVKENXX,1,2032,S2D1,5.713612710322008
GLOBAL,PWRSPVKENXX01,SPVKENXX,1,2032,S2D2,6.987266903438817
GLOBAL,PWRSPVKENXX01,SPVKENXX,1,2032,S3D1,3.079624038702092
GLOBAL,PWRSPVKENXX01,SPVKENXX,1,2032,S3D2,6.987266903438817
GLOBAL,PWRSPVKENXX01,SPVKENXX,1,2033,S1D1,13.64001788750042
GLOBAL,PWRSPVKENXX01,SPVKENXX,1,2033,S1D2,9.98468275127974
GLOBAL,PWRSPVKENXX01,SPVKENXX,1,2033,S2D1,13.260373882520234
GLOBAL,PWRSPVKENXX01,SPVKENXX,1,2033,S2D2,16.216319910723584
GLOBAL,PWRSPVKENXX01,SPVKENXX,1,2033,S3D1,14.289043100334998
GLOBAL,PWRSPVKENXX01,SPVKENXX,1,2033,S3D2,16.216319910723584
GLOBAL,PWRSPVKENXX01,SPVKENXX,1,2034,S1D1,32.3186231554175
GLOBAL,PWRSPVKENXX01,SPVKENXX,1,2034,S1D2,32.3186231554175
GLOBAL,PWRSPVKENXX01,SPVKENXX,1,2034,S2D1,30.421255399789608
GLOBAL,PWRSPVKENXX01,SPVKENXX,1,2034,S2D2,32.3186231554175
GLOBAL,PWRSPVKENXX01,SPVKENXX,1,2034,S3D1,32.3186231554175
GLOBAL,PWRSPVKENXX01,SPVKENXX,1,2034,S3D2,32.3186231554175
GLOBAL,PWRSPVKENXX01,SPVKENXX,1,2035,S1D1,38.29261069910952
GLOBAL,PWRSPVKENXX01,SPVKENXX,1,2035,S1D2,38.29261069910952
GLOBAL,PWRSPVKENXX01,SPVKENXX,1,2035,S2D1,36.04452096861856
GLOBAL,PWRSPVKENXX01,SPVKENXX,1,2035,S2D2,38.29261069910952
GLOBAL,PWRSPVKENXX01,SPVKENXX,1,2035,S3D1,38.29261069910952
GLOBAL,PWRSPVKENXX01,SPVKENXX,1,2035,S3D2,38.29261069910952
GLOBAL,PWRSPVKENXX01,SPVKENXX,1,2036,S1D1,44.402848269733305
GLOBAL,PWRSPVKENXX01,SPVKENXX,1,2036,S1D2,44.402848269733305
GLOBAL,PWRSPVKENXX01,SPVKENXX,1,2036,S2D1,41.79603757238752
GLOBAL,PWRSPVKENXX01,SPVKENXX,1,2036,S2D2,44.402848269733305
GLOBAL,PWRSPVKENXX01,SPVKENXX,1,2036,S3D1,44.402848269733305
GLOBAL,PWRSPVKENXX01,SPVKENXX,1,2036,S3D2,44.402848269733305
GLOBAL,PWRSPVKENXX01,SPVKENXX,1,2037,S1D1,50.5023283798454
GLOBAL,PWRSPVKENXX01,SPVKENXX,1,2037,S1D2,50.5023283798454
GLOBAL,PWRSPVKENXX01,SPVKENXX,1,2037,S2D1,47.5374282666428
GLOBAL,PWRSPVKENXX01,SPVKENXX,1,2037,S2D2,50.50232837984541
GLOBAL,PWRSPVKENXX01,SPVKENXX,1,2037,S3D1,50.50232837984541
GLOBAL,PWRSPVKENXX01,SPVKENXX,1,2037,S3D2,50.50232837984541
GLOBAL,PWRSPVKENXX01,SPVKENXX,1,2038,S1D1,56.612565950469154
GLOBAL,PWRSPVKENXX01,SPVKENXX,1,2038,S1D2,56.612565950469154
GLOBAL,PWRSPVKENXX01,SPVKENXX,1,2038,S2D1,53.28894487041175
GLOBAL,PWRSPVKENXX01,SPVKENXX,1,2038,S2D2,56.612565950469154
GLOBAL,PWRSPVKENXX01,SPVKENXX,1,2038,S3D1,56.612565950469154
GLOBAL,PWRSPVKENXX01,SPVKENXX,1,2038,S3D2,56.612565950469154
GLOBAL,PWRSPVKENXX01,SPVKENXX,1,2039,S1D1,62.71204606058128
GLOBAL,PWRSPVKENXX01,SPVKENXX,1,2039,S1D2,62.71204606058129
GLOBAL,PWRSPVKENXX01,SPVKENXX,1,2039,S2D1,59.03033556466704
GLOBAL,PWRSPVKENXX01,SPVKENXX,1,2039,S2D2,62.71204606058128
GLOBAL,PWRSPVKENXX01,SPVKENXX,1,2039,S3D1,62.71204606058128
GLOBAL,PWRSPVKENXX01,SPVKENXX,1,2039,S3D2,62.71204606058128
GLOBAL,PWRSPVKENXX01,SPVKENXX,1,2040,S1D1,68.82228363120504
GLOBAL,PWRSPVKENXX01,SPVKENXX,1,2040,S1D2,68.82228363120504
GLOBAL,PWRSPVKENXX01,SPVKENXX,1,2040,S2D1,64.78185216843596
GLOBAL,PWRSPVKENXX01,SPVKENXX,1,2040,S2D2,68.82228363120504
GLOBAL,PWRSPVKENXX01,SPVKENXX,1,2040,S3D1,68.82228363120504
GLOBAL,PWRSPVKENXX01,SPVKENXX,1,2040,S3D2,68.82228363120504
GLOBAL,PWRSPVKENXX01,SPVKENXX,1,2041,S1D1,76.40629329192642
GLOBAL,PWRSPVKENXX01,SPVKENXX,1,2041,S1D2,76.40629329192642
GLOBAL,PWRSPVKENXX01,SPVKENXX,1,2041,S2D1,71.92061837557877
GLOBAL,PWRSPVKENXX01,SPVKENXX,1,2041,S2D2,76.40629329192642
GLOBAL,PWRSPVKENXX01,SPVKENXX,1,2041,S3D1,76.40629329192642
GLOBAL,PWRSPVKENXX01,SPVKENXX,1,2041,S3D2,76.40629329192642
GLOBAL,PWRSPVKENXX01,SPVKENXX,1,2042,S1D1,83.99030295264774
GLOBAL,PWRSPVKENXX01,SPVKENXX,1,2042,S1D2,83.99030295264774
GLOBAL,PWRSPVKENXX01,SPVKENXX,1,2042,S2D1,79.05938458272152
GLOBAL,PWRSPVKENXX01,SPVKENXX,1,2042,S2D2,83.99030295264774
GLOBAL,PWRSPVKENXX01,SPVKENXX,1,2042,S3D1,83.99030295264774
GLOBAL,PWRSPVKENXX01,SPVKENXX,1,2042,S3D2,83.99030295264774
GLOBAL,PWRSPVKENXX01,SPVKENXX,1,2043,S1D1,91.56355515285752
GLOBAL,PWRSPVKENXX01,SPVKENXX,1,2043,S1D2,91.56355515285753
GLOBAL,PWRSPVKENXX01,SPVKENXX,1,2043,S2D1,86.18802488035068
GLOBAL,PWRSPVKENXX01,SPVKENXX,1,2043,S2D2,91.56355515285752
GLOBAL,PWRSPVKENXX01,SPVKENXX,1,2043,S3D1,91.56355515285752
GLOBAL,PWRSPVKENXX01,SPVKENXX,1,2043,S3D2,91.56355515285752
GLOBAL,PWRSPVKENXX01,SPVKENXX,1,2044,S1D1,99.1475648135789
GLOBAL,PWRSPVKENXX01,SPVKENXX,1,2044,S1D2,99.1475648135789
GLOBAL,PWRSPVKENXX01,SPVKENXX,1,2044,S2D1,93.32679108749348
GLOBAL,PWRSPVKENXX01,SPVKENXX,1,2044,S2D2,99.14756481357891
GLOBAL,PWRSPVKENXX01,SPVKENXX,1,2044,S3D1,99.14756481357891
GLOBAL,PWRSPVKENXX01,SPVKENXX,1,2044,S3D2,99.14756481357891
GLOBAL,PWRSPVKENXX01,SPVKENXX,1,2045,S1D1,110.52184570868776
GLOBAL,PWRSPVKENXX01,SPVKENXX,1,2045,S1D2,110.52184570868776
GLOBAL,PWRSPVKENXX01,SPVKENXX,1,2045,S2D1,104.03330857851012
GLOBAL,PWRSPVKENXX01,SPVKENXX,1,2045,S2D2,110.52184570868776
GLOBAL,PWRSPVKENXX01,SPVKENXX,1,2045,S3D1,110.52184570868776
GLOBAL,PWRSPVKENXX01,SPVKENXX,1,2045,S3D2,110.52184570868776
GLOBAL,PWRSPVKENXX01,SPVKENXX,1,2046,S1D1,127.58490990381156
GLOBAL,PWRSPVKENXX01,SPVKENXX,1,2046,S1D2,127.58490990381156
GLOBAL,PWRSPVKENXX01,SPVKENXX,1,2046,S2D1,120.094631218607
GLOBAL,PWRSPVKENXX01,SPVKENXX,1,2046,S2D2,127.58490990381156
GLOBAL,PWRSPVKENXX01,SPVKENXX,1,2046,S3D1,127.58490990381156
GLOBAL,PWRSPVKENXX01,SPVKENXX,1,2046,S3D2,127.58490990381156
GLOBAL,PWRSPVKENXX01,SPVKENXX,1,2047,S1D1,137.10526245663206
GLOBAL,PWRSPVKENXX01,SPVKENXX,1,2047,S1D2,137.10526245663206
GLOBAL,PWRSPVKENXX01,SPVKENXX,1,2047,S2D1,129.05606113821185
GLOBAL,PWRSPVKENXX01,SPVKENXX,1,2047,S2D2,137.10526245663206
GLOBAL,PWRSPVKENXX01,SPVKENXX,1,2047,S3D1,137.10526245663206
GLOBAL,PWRSPVKENXX01,SPVKENXX,1,2047,S3D2,137.10526245663206
GLOBAL,PWRSPVKENXX01,SPVKENXX,1,2048,S1D1,148.250850877315
GLOBAL,PWRSPVKENXX01,SPVKENXX,1,2048,S1D2,148.250850877315
GLOBAL,PWRSPVKENXX01,SPVKENXX,1,2048,S2D1,139.54731227524232
GLOBAL,PWRSPVKENXX01,SPVKENXX,1,2048,S2D2,148.250850877315
GLOBAL,PWRSPVKENXX01,SPVKENXX,1,2048,S3D1,148.250850877315
GLOBAL,PWRSPVKENXX01,SPVKENXX,1,2048,S3D2,148.250850877315
GLOBAL,PWRSPVKENXX01,SPVKENXX,1,2049,S1D1,157.7604459696238
GLOBAL,PWRSPVKENXX01,SPVKENXX,1,2049,S1D2,157.7604459696238
GLOBAL,PWRSPVKENXX01,SPVKENXX,1,2049,S2D1,148.49861628533347
GLOBAL,PWRSPVKENXX01,SPVKENXX,1,2049,S2D2,157.7604459696238
GLOBAL,PWRSPVKENXX01,SPVKENXX,1,2049,S3D1,157.7604459696238
GLOBAL,PWRSPVKENXX01,SPVKENXX,1,2049,S3D2,157.7604459696238
GLOBAL,PWRSPVKENXX01,SPVKENXX,1,2050,S1D1,167.436436308395
GLOBAL,PWRSPVKENXX01,SPVKENXX,1,2050,S1D2,167.436436308395
GLOBAL,PWRSPVKENXX01,SPVKENXX,1,2050,S2D1,156.69183583314378
GLOBAL,PWRSPVKENXX01,SPVKENXX,1,2050,S2D2,167.436436308395
GLOBAL,PWRSPVKENXX01,SPVKENXX,1,2050,S3D1,167.436436308395
GLOBAL,PWRSPVKENXX01,SPVKENXX,1,2050,S3D2,167.436436308395
GLOBAL,PWRSPVTZAXX01,SPVTZAXX,1,2021,S1D1,4.472583090865936
GLOBAL,PWRSPVTZAXX01,SPVTZAXX,1,2021,S1D2,28.18093290397196
GLOBAL,PWRSPVTZAXX01,SPVTZAXX,1,2021,S2D1,23.147710980053127
GLOBAL,PWRSPVTZAXX01,SPVTZAXX,1,2021,S2D2,32.9075626294795
GLOBAL,PWRSPVTZAXX01,SPVTZAXX,1,2021,S3D1,22.551559483142267
GLOBAL,PWRSPVTZAXX01,SPVTZAXX,1,2021,S3D2,30.420759242365627
GLOBAL,PWRSPVTZAXX01,SPVTZAXX,1,2022,S1D1,4.906813546422005
GLOBAL,PWRSPVTZAXX01,SPVTZAXX,1,2022,S1D2,30.916940057841984
GLOBAL,PWRSPVTZAXX01,SPVTZAXX,1,2022,S2D1,25.39505683808236
GLOBAL,PWRSPVTZAXX01,SPVTZAXX,1,2022,S2D2,36.102464908885295
GLOBAL,PWRSPVTZAXX01,SPVTZAXX,1,2022,S3D1,24.741026676689504
GLOBAL,PWRSPVTZAXX01,SPVTZAXX,1,2022,S3D2,33.37422480707512
GLOBAL,PWRSPVTZAXX01,SPVTZAXX,1,2023,S1D1,24.43881297967481
GLOBAL,PWRSPVTZAXX01,SPVTZAXX,1,2023,S1D2,13.471599498546611
GLOBAL,PWRSPVTZAXX01,SPVTZAXX,1,2023,S2D1,27.64240269611159
GLOBAL,PWRSPVTZAXX01,SPVTZAXX,1,2023,S2D2,39.29736718829109
GLOBAL,PWRSPVTZAXX01,SPVTZAXX,1,2023,S3D1,26.930493870236745
GLOBAL,PWRSPVTZAXX01,SPVTZAXX,1,2023,S3D2,36.32769037178463
GLOBAL,PWRSPVTZAXX01,SPVTZAXX,1,2024,S1D1,26.429743245640505
GLOBAL,PWRSPVTZAXX01,SPVTZAXX,1,2024,S1D2,14.4449568379359
GLOBAL,PWRSPVTZAXX01,SPVTZAXX,1,2024,S2D1,29.894316330275025
GLOBAL,PWRSPVTZAXX01,SPVTZAXX,1,2024,S2D2,42.49876317151681
GLOBAL,PWRSPVTZAXX01,SPVTZAXX,1,2024,S3D1,29.124411200356235
GLOBAL,PWRSPVTZAXX01,SPVTZAXX,1,2024,S3D2,39.28715891528417
GLOBAL,PWRSPVTZAXX01,SPVTZAXX,1,2025,S1D1,28.416635113500785
GLOBAL,PWRSPVTZAXX01,SPVTZAXX,1,2025,S1D2,15.416339821667174
GLOBAL,PWRSPVTZAXX01,SPVTZAXX,1,2025,S2D1,32.14166218830426
GLOBAL,PWRSPVTZAXX01,SPVTZAXX,1,2025,S2D2,45.69366545092261
GLOBAL,PWRSPVTZAXX01,SPVTZAXX,1,2025,S3D1,31.313878393903483
GLOBAL,PWRSPVTZAXX01,SPVTZAXX,1,2025,S3D2,42.24062447999367
GLOBAL,PWRSPVTZAXX01,SPVTZAXX,1,2026,S1D1,30.96267909663189
GLOBAL,PWRSPVTZAXX01,SPVTZAXX,1,2026,S1D2,16.628266940659454
GLOBAL,PWRSPVTZAXX01,SPVTZAXX,1,2026,S2D1,35.021457255366414
GLOBAL,PWRSPVTZAXX01,SPVTZAXX,1,2026,S2D2,49.787678747143424
GLOBAL,PWRSPVTZAXX01,SPVTZAXX,1,2026,S3D1,34.00157292724834
GLOBAL,PWRSPVTZAXX01,SPVTZAXX,1,2026,S3D2,46.025255819046656
GLOBAL,PWRSPVTZAXX01,SPVTZAXX,1,2027,S1D1,33.50523745543896
GLOBAL,PWRSPVTZAXX01,SPVTZAXX,1,2027,S1D2,17.837666930212464
GLOBAL,PWRSPVTZAXX01,SPVTZAXX,1,2027,S2D1,37.89730978105829
GLOBAL,PWRSPVTZAXX01,SPVTZAXX,1,2027,S2D2,53.876087194263896
GLOBAL,PWRSPVTZAXX01,SPVTZAXX,1,2027,S3D1,36.68217703421018
GLOBAL,PWRSPVTZAXX01,SPVTZAXX,1,2027,S3D2,49.8047058638485
GLOBAL,PWRSPVTZAXX01,SPVTZAXX,1,2028,S1D1,36.044198804115645
GLOBAL,PWRSPVTZAXX01,SPVTZAXX,1,2028,S1D2,19.05667668365928
GLOBAL,PWRSPVTZAXX01,SPVTZAXX,1,2028,S2D1,40.769093778437934
GLOBAL,PWRSPVTZAXX01,SPVTZAXX,1,2028,S2D2,57.958711685019935
GLOBAL,PWRSPVTZAXX01,SPVTZAXX,1,2028,S3D1,39.36707698108702
GLOBAL,PWRSPVTZAXX01,SPVTZAXX,1,2028,S3D2,53.5788090421561
GLOBAL,PWRSPVTZAXX01,SPVTZAXX,1,2029,S1D1,38.58316015279237
GLOBAL,PWRSPVTZAXX01,SPVTZAXX,1,2029,S1D2,20.27568643710603
GLOBAL,PWRSPVTZAXX01,SPVTZAXX,1,2029,S2D1,43.64087777581759
GLOBAL,PWRSPVTZAXX01,SPVTZAXX,1,2029,S2D2,62.041336175776
GLOBAL,PWRSPVTZAXX01,SPVTZAXX,1,2029,S3D1,42.05197692796385
GLOBAL,PWRSPVTZAXX01,SPVTZAXX,1,2029,S3D2,57.35291222046374
GLOBAL,PWRSPVTZAXX01,SPVTZAXX,1,2030,S1D1,40.597702088460046
GLOBAL,PWRSPVTZAXX01,SPVTZAXX,1,2030,S1D2,22.019115603561826
GLOBAL,PWRSPVTZAXX01,SPVTZAXX,1,2030,S2D1,45.91949824237804
GLOBAL,PWRSPVTZAXX01,SPVTZAXX,1,2030,S2D2,65.28069948806062
GLOBAL,PWRSPVTZAXX01,SPVTZAXX,1,2030,S3D1,44.7368768748407
GLOBAL,PWRSPVTZAXX01,SPVTZAXX,1,2030,S3D2,60.347478926333466
GLOBAL,PWRSPVTZAXX01,SPVTZAXX,1,2031,S1D1,43.54097701421263
GLOBAL,PWRSPVTZAXX01,SPVTZAXX,1,2031,S1D2,23.61546976917436
GLOBAL,PWRSPVTZAXX01,SPVTZAXX,1,2031,S2D1,49.24859572394088
GLOBAL,PWRSPVTZAXX01,SPVTZAXX,1,2031,S2D2,70.01345617266651
GLOBAL,PWRSPVTZAXX01,SPVTZAXX,1,2031,S3D1,47.98023601066793
GLOBAL,PWRSPVTZAXX01,SPVTZAXX,1,2031,S3D2,64.7225842258708
GLOBAL,PWRSPVTZAXX01,SPVTZAXX,1,2032,S1D1,46.488150317350296
GLOBAL,PWRSPVTZAXX01,SPVTZAXX,1,2032,S1D2,25.213938311165137
GLOBAL,PWRSPVTZAXX01,SPVTZAXX,1,2032,S2D1,52.58210260614154
GLOBAL,PWRSPVTZAXX01,SPVTZAXX,1,2032,S2D2,74.75248140917253
GLOBAL,PWRSPVTZAXX01,SPVTZAXX,1,2032,S3D1,51.22789098641015
GLOBAL,PWRSPVTZAXX01,SPVTZAXX,1,2032,S3D2,69.10348436686446
GLOBAL,PWRSPVTZAXX01,SPVTZAXX,1,2033,S1D1,50.89780247057176
GLOBAL,PWRSPVTZAXX01,SPVTZAXX,1,2033,S1D2,25.34992800307225
GLOBAL,PWRSPVTZAXX01,SPVTZAXX,1,2033,S2D1,57.569799049111126
GLOBAL,PWRSPVTZAXX01,SPVTZAXX,1,2033,S2D2,81.84315803008292
GLOBAL,PWRSPVTZAXX01,SPVTZAXX,1,2033,S3D1,54.47554596215238
GLOBAL,PWRSPVTZAXX01,SPVTZAXX,1,2033,S3D2,75.65832310648454
GLOBAL,PWRSPVTZAXX01,SPVTZAXX,1,2034,S1D1,53.92815030317814
GLOBAL,PWRSPVTZAXX01,SPVTZAXX,1,2034,S1D2,26.859209261830756
GLOBAL,PWRSPVTZAXX01,SPVTZAXX,1,2034,S2D1,60.997383488988014
GLOBAL,PWRSPVTZAXX01,SPVTZAXX,1,2034,S2D2,86.71592707926773
GLOBAL,PWRSPVTZAXX01,SPVTZAXX,1,2034,S3D1,57.7189050979796
GLOBAL,PWRSPVTZAXX01,SPVTZAXX,1,2034,S3D2,80.16286012607256
GLOBAL,PWRSPVTZAXX01,SPVTZAXX,1,2035,S1D1,56.96251184152309
GLOBAL,PWRSPVTZAXX01,SPVTZAXX,1,2035,S1D2,28.37048956861455
GLOBAL,PWRSPVTZAXX01,SPVTZAXX,1,2035,S2D1,64.42950777580515
GLOBAL,PWRSPVTZAXX01,SPVTZAXX,1,2035,S2D2,91.59515012719316
GLOBAL,PWRSPVTZAXX01,SPVTZAXX,1,2035,S3D1,60.96656007372185
GLOBAL,PWRSPVTZAXX01,SPVTZAXX,1,2035,S3D2,84.6733634198587
GLOBAL,PWRSPVTZAXX01,SPVTZAXX,1,2036,S1D1,60.56681959474236
GLOBAL,PWRSPVTZAXX01,SPVTZAXX,1,2036,S1D2,30.16563469492629
GLOBAL,PWRSPVTZAXX01,SPVTZAXX,1,2036,S2D1,68.50629032813556
GLOBAL,PWRSPVTZAXX01,SPVTZAXX,1,2036,S2D2,97.39084099628982
GLOBAL,PWRSPVTZAXX01,SPVTZAXX,1,2036,S3D1,64.8242243173945
GLOBAL,PWRSPVTZAXX01,SPVTZAXX,1,2036,S3D2,90.03107764977933
GLOBAL,PWRSPVTZAXX01,SPVTZAXX,1,2037,S1D1,64.17112734796162
GLOBAL,PWRSPVTZAXX01,SPVTZAXX,1,2037,S1D2,31.960779821237747
GLOBAL,PWRSPVTZAXX01,SPVTZAXX,1,2037,S2D1,72.58307288046595
GLOBAL,PWRSPVTZAXX01,SPVTZAXX,1,2037,S2D2,103.18653186538648
GLOBAL,PWRSPVTZAXX01,SPVTZAXX,1,2037,S3D1,68.68188856106715
GLOBAL,PWRSPVTZAXX01,SPVTZAXX,1,2037,S3D2,95.38879187969992
GLOBAL,PWRSPVTZAXX01,SPVTZAXX,1,2038,S1D1,67.77142139544233
GLOBAL,PWRSPVTZAXX01,SPVTZAXX,1,2038,S1D2,33.75392589952464
GLOBAL,PWRSPVTZAXX01,SPVTZAXX,1,2038,S2D1,76.65531558585612
GLOBAL,PWRSPVTZAXX01,SPVTZAXX,1,2038,S2D2,108.97576873574246
GLOBAL,PWRSPVTZAXX01,SPVTZAXX,1,2038,S3D1,72.5352569648248
GLOBAL,PWRSPVTZAXX01,SPVTZAXX,1,2038,S3D2,100.7405398354224
GLOBAL,PWRSPVTZAXX01,SPVTZAXX,1,2039,S1D1,71.37572914866159
GLOBAL,PWRSPVTZAXX01,SPVTZAXX,1,2039,S1D2,35.5490710258364
GLOBAL,PWRSPVTZAXX01,SPVTZAXX,1,2039,S2D1,80.73209813818652
GLOBAL,PWRSPVTZAXX01,SPVTZAXX,1,2039,S2D2,114.77145960483908
GLOBAL,PWRSPVTZAXX01,SPVTZAXX,1,2039,S3D1,76.39292120849744
GLOBAL,PWRSPVTZAXX01,SPVTZAXX,1,2039,S3D2,106.098254065343
GLOBAL,PWRSPVTZAXX01,SPVTZAXX,1,2040,S1D1,74.98003690188084
GLOBAL,PWRSPVTZAXX01,SPVTZAXX,1,2040,S1D2,37.344216152148206
GLOBAL,PWRSPVTZAXX01,SPVTZAXX,1,2040,S2D1,84.8088806905169
GLOBAL,PWRSPVTZAXX01,SPVTZAXX,1,2040,S2D2,120.56715047393575
GLOBAL,PWRSPVTZAXX01,SPVTZAXX,1,2040,S3D1,80.2505854521701
GLOBAL,PWRSPVTZAXX01,SPVTZAXX,1,2040,S3D2,111.45596829526356
GLOBAL,PWRSPVTZAXX01,SPVTZAXX,1,2041,S1D1,79.23857869048399
GLOBAL,PWRSPVTZAXX01,SPVTZAXX,1,2041,S1D2,39.46520610650958
GLOBAL,PWRSPVTZAXX01,SPVTZAXX,1,2041,S2D1,89.62565829410548
GLOBAL,PWRSPVTZAXX01,SPVTZAXX,1,2041,S2D2,127.41484313775705
GLOBAL,PWRSPVTZAXX01,SPVTZAXX,1,2041,S3D1,84.80847160198823
GLOBAL,PWRSPVTZAXX01,SPVTZAXX,1,2041,S3D2,117.78618521947932
GLOBAL,PWRSPVTZAXX01,SPVTZAXX,1,2042,S1D1,83.5011341848257
GLOBAL,PWRSPVTZAXX01,SPVTZAXX,1,2042,S1D2,41.58819510889619
GLOBAL,PWRSPVTZAXX01,SPVTZAXX,1,2042,S2D1,94.4469757446343
GLOBAL,PWRSPVTZAXX01,SPVTZAXX,1,2042,S2D2,134.268989800319
GLOBAL,PWRSPVTZAXX01,SPVTZAXX,1,2042,S3D1,89.37065359172136
GLOBAL,PWRSPVTZAXX01,SPVTZAXX,1,2042,S3D2,124.1223684178932
GLOBAL,PWRSPVTZAXX01,SPVTZAXX,1,2043,S1D1,87.75967597342884
GLOBAL,PWRSPVTZAXX01,SPVTZAXX,1,2043,S1D2,43.70918506325768
GLOBAL,PWRSPVTZAXX01,SPVTZAXX,1,2043,S2D1,99.26375334822288
GLOBAL,PWRSPVTZAXX01,SPVTZAXX,1,2043,S2D2,141.1166824641403
GLOBAL,PWRSPVTZAXX01,SPVTZAXX,1,2043,S3D1,93.9285397415395
GLOBAL,PWRSPVTZAXX01,SPVTZAXX,1,2043,S3D2,130.452585342109
GLOBAL,PWRSPVTZAXX01,SPVTZAXX,1,2044,S1D1,92.01821776203201
GLOBAL,PWRSPVTZAXX01,SPVTZAXX,1,2044,S1D2,45.8301750176193
GLOBAL,PWRSPVTZAXX01,SPVTZAXX,1,2044,S2D1,104.08053095181148
GLOBAL,PWRSPVTZAXX01,SPVTZAXX,1,2044,S2D2,147.9643751279616
GLOBAL,PWRSPVTZAXX01,SPVTZAXX,1,2044,S3D1,98.4864258913576
GLOBAL,PWRSPVTZAXX01,SPVTZAXX,1,2044,S3D2,136.78280226632475
GLOBAL,PWRSPVTZAXX01,SPVTZAXX,1,2045,S1D1,96.27675955063516
GLOBAL,PWRSPVTZAXX01,SPVTZAXX,1,2045,S1D2,47.951164971981015
GLOBAL,PWRSPVTZAXX01,SPVTZAXX,1,2045,S2D1,108.89730855540007
GLOBAL,PWRSPVTZAXX01,SPVTZAXX,1,2045,S2D2,154.81206779178294
GLOBAL,PWRSPVTZAXX01,SPVTZAXX,1,2045,S3D1,103.04431204117574
GLOBAL,PWRSPVTZAXX01,SPVTZAXX,1,2045,S3D2,143.11301919054054
GLOBAL,PWRSPVTZAXX01,SPVTZAXX,1,2046,S1D1,101.56281000830752
GLOBAL,PWRSPVTZAXX01,SPVTZAXX,1,2046,S1D2,50.58391122070319
GLOBAL,PWRSPVTZAXX01,SPVTZAXX,1,2046,S2D1,114.87628697568864
GLOBAL,PWRSPVTZAXX01,SPVTZAXX,1,2046,S2D2,163.3119841332086
GLOBAL,PWRSPVTZAXX01,SPVTZAXX,1,2046,S3D1,108.70193320923462
GLOBAL,PWRSPVTZAXX01,SPVTZAXX,1,2046,S3D2,150.97060230947753
GLOBAL,PWRSPVTZAXX01,SPVTZAXX,1,2047,S1D1,106.84886046597988
GLOBAL,PWRSPVTZAXX01,SPVTZAXX,1,2047,S1D2,53.2166574694256
GLOBAL,PWRSPVTZAXX01,SPVTZAXX,1,2047,S2D1,120.85526539597724
GLOBAL,PWRSPVTZAXX01,SPVTZAXX,1,2047,S2D2,171.8119004746343
GLOBAL,PWRSPVTZAXX01,SPVTZAXX,1,2047,S3D1,114.35955437729352
GLOBAL,PWRSPVTZAXX01,SPVTZAXX,1,2047,S3D2,158.82818542841454
GLOBAL,PWRSPVTZAXX01,SPVTZAXX,1,2048,S1D1,112.13491092365216
GLOBAL,PWRSPVTZAXX01,SPVTZAXX,1,2048,S1D2,55.84940371814778
GLOBAL,PWRSPVTZAXX01,SPVTZAXX,1,2048,S2D1,126.83424381626575
GLOBAL,PWRSPVTZAXX01,SPVTZAXX,1,2048,S2D2,180.31181681605997
GLOBAL,PWRSPVTZAXX01,SPVTZAXX,1,2048,S3D1,120.01717554535236
GLOBAL,PWRSPVTZAXX01,SPVTZAXX,1,2048,S3D2,166.68576854735147
GLOBAL,PWRSPVTZAXX01,SPVTZAXX,1,2049,S1D1,117.42096138132452
GLOBAL,PWRSPVTZAXX01,SPVTZAXX,1,2049,S1D2,58.48214996686928
GLOBAL,PWRSPVTZAXX01,SPVTZAXX,1,2049,S2D1,132.81322223655434
GLOBAL,PWRSPVTZAXX01,SPVTZAXX,1,2049,S2D2,188.8117331574857
GLOBAL,PWRSPVTZAXX01,SPVTZAXX,1,2049,S3D1,125.67479671341124
GLOBAL,PWRSPVTZAXX01,SPVTZAXX,1,2049,S3D2,174.5433516662885
GLOBAL,PWRSPVTZAXX01,SPVTZAXX,1,2050,S1D1,122.70701183899683
GLOBAL,PWRSPVTZAXX01,SPVTZAXX,1,2050,S1D2,61.11489621559156
GLOBAL,PWRSPVTZAXX01,SPVTZAXX,1,2050,S2D1,138.79220065684288
GLOBAL,PWRSPVTZAXX01,SPVTZAXX,1,2050,S2D2,197.3116494989113
GLOBAL,PWRSPVTZAXX01,SPVTZAXX,1,2050,S3D1,131.33241788147006
GLOBAL,PWRSPVTZAXX01,SPVTZAXX,1,2050,S3D2,182.40093478522545
GLOBAL,PWRTRNKENXX,ELCKENXX01,1,2021,S1D3,34.60766423357664
GLOBAL,PWRTRNKENXX,ELCKENXX01,1,2021,S1D1,38.068430656934304
GLOBAL,PWRTRNKENXX,ELCKENXX01,1,2021,S1D2,41.529197080291965
GLOBAL,PWRTRNKENXX,ELCKENXX01,1,2021,S2D3,33.775601068566345
GLOBAL,PWRTRNKENXX,ELCKENXX01,1,2021,S2D1,37.153161175422966
GLOBAL,PWRTRNKENXX,ELCKENXX01,1,2021,S2D2,40.53072128227961
GLOBAL,PWRTRNKENXX,ELCKENXX01,1,2021,S3D3,34.048473967684025
GLOBAL,PWRTRNKENXX,ELCKENXX01,1,2021,S3D1,40.85816876122082
GLOBAL,PWRTRNKENXX,ELCKENXX01,1,2021,S3D2,44.26301615798923
GLOBAL,PWRTRNKENXX,ELCKENXX01,1,2022,S1D3,37.46350364963504
GLOBAL,PWRTRNKENXX,ELCKENXX01,1,2022,S1D1,41.20985401459854
GLOBAL,PWRTRNKENXX,ELCKENXX01,1,2022,S1D2,44.956204379562045
GLOBAL,PWRTRNKENXX,ELCKENXX01,1,2022,S2D3,36.562778272484415
GLOBAL,PWRTRNKENXX,ELCKENXX01,1,2022,S2D1,40.21905609973287
GLOBAL,PWRTRNKENXX,ELCKENXX01,1,2022,S2D2,43.8753339269813
GLOBAL,PWRTRNKENXX,ELCKENXX01,1,2022,S3D3,36.85816876122082
GLOBAL,PWRTRNKENXX,ELCKENXX01,1,2022,S3D1,44.22980251346498
GLOBAL,PWRTRNKENXX,ELCKENXX01,1,2022,S3D2,47.91561938958707
GLOBAL,PWRTRNKENXX,ELCKENXX01,1,2023,S1D3,40.31021897810219
GLOBAL,PWRTRNKENXX,ELCKENXX01,1,2023,S1D1,44.341240875912405
GLOBAL,PWRTRNKENXX,ELCKENXX01,1,2023,S1D2,48.37226277372263
GLOBAL,PWRTRNKENXX,ELCKENXX01,1,2023,S2D3,39.34105075690116
GLOBAL,PWRTRNKENXX,ELCKENXX01,1,2023,S2D1,43.27515583259128
GLOBAL,PWRTRNKENXX,ELCKENXX01,1,2023,S2D2,47.20926090828139
GLOBAL,PWRTRNKENXX,ELCKENXX01,1,2023,S3D3,39.65888689407541
GLOBAL,PWRTRNKENXX,ELCKENXX01,1,2023,S3D1,47.59066427289048
GLOBAL,PWRTRNKENXX,ELCKENXX01,1,2023,S3D2,51.55655296229802
GLOBAL,PWRTRNKENXX,ELCKENXX01,1,2024,S1D3,43.156934306569354
GLOBAL,PWRTRNKENXX,ELCKENXX01,1,2024,S1D1,47.47262773722628
GLOBAL,PWRTRNKENXX,ELCKENXX01,1,2024,S1D2,51.78832116788321
GLOBAL,PWRTRNKENXX,ELCKENXX01,1,2024,S2D3,42.1193232413179
GLOBAL,PWRTRNKENXX,ELCKENXX01,1,2024,S2D1,46.331255565449695
GLOBAL,PWRTRNKENXX,ELCKENXX01,1,2024,S2D2,50.54318788958148
GLOBAL,PWRTRNKENXX,ELCKENXX01,1,2024,S3D3,42.45960502692999
GLOBAL,PWRTRNKENXX,ELCKENXX01,1,2024,S3D1,50.95152603231598
GLOBAL,PWRTRNKENXX,ELCKENXX01,1,2024,S3D2,55.19748653500898
GLOBAL,PWRTRNKENXX,ELCKENXX01,1,2025,S1D3,46.012773722627735
GLOBAL,PWRTRNKENXX,ELCKENXX01,1,2025,S1D1,50.614051094890506
GLOBAL,PWRTRNKENXX,ELCKENXX01,1,2025,S1D2,55.21532846715328
GLOBAL,PWRTRNKENXX,ELCKENXX01,1,2025,S2D3,44.90650044523598
GLOBAL,PWRTRNKENXX,ELCKENXX01,1,2025,S2D1,49.397150489759575
GLOBAL,PWRTRNKENXX,ELCKENXX01,1,2025,S2D2,53.887800534283166
GLOBAL,PWRTRNKENXX,ELCKENXX01,1,2025,S3D3,45.26929982046679
GLOBAL,PWRTRNKENXX,ELCKENXX01,1,2025,S3D1,54.32315978456015
GLOBAL,PWRTRNKENXX,ELCKENXX01,1,2025,S3D2,58.85008976660682
GLOBAL,PWRTRNKENXX,ELCKENXX01,1,2026,S1D3,49.89963503649634
GLOBAL,PWRTRNKENXX,ELCKENXX01,1,2026,S1D1,54.88959854014599
GLOBAL,PWRTRNKENXX,ELCKENXX01,1,2026,S1D2,59.879562043795616
GLOBAL,PWRTRNKENXX,ELCKENXX01,1,2026,S2D3,48.69991095280499
GLOBAL,PWRTRNKENXX,ELCKENXX01,1,2026,S2D1,53.56990204808549
GLOBAL,PWRTRNKENXX,ELCKENXX01,1,2026,S2D2,58.43989314336599
GLOBAL,PWRTRNKENXX,ELCKENXX01,1,2026,S3D3,49.09335727109516
GLOBAL,PWRTRNKENXX,ELCKENXX01,1,2026,S3D1,58.91202872531419
GLOBAL,PWRTRNKENXX,ELCKENXX01,1,2026,S3D2,63.8213644524237
GLOBAL,PWRTRNKENXX,ELCKENXX01,1,2027,S1D3,53.78649635036496
GLOBAL,PWRTRNKENXX,ELCKENXX01,1,2027,S1D1,59.16514598540146
GLOBAL,PWRTRNKENXX,ELCKENXX01,1,2027,S1D2,64.54379562043795
GLOBAL,PWRTRNKENXX,ELCKENXX01,1,2027,S2D3,52.493321460374
GLOBAL,PWRTRNKENXX,ELCKENXX01,1,2027,S2D1,57.7426536064114
GLOBAL,PWRTRNKENXX,ELCKENXX01,1,2027,S2D2,62.9919857524488
GLOBAL,PWRTRNKENXX,ELCKENXX01,1,2027,S3D3,52.91741472172352
GLOBAL,PWRTRNKENXX,ELCKENXX01,1,2027,S3D1,63.50089766606822
GLOBAL,PWRTRNKENXX,ELCKENXX01,1,2027,S3D2,68.79263913824057
GLOBAL,PWRTRNKENXX,ELCKENXX01,1,2028,S1D3,57.67335766423357
GLOBAL,PWRTRNKENXX,ELCKENXX01,1,2028,S1D1,63.440693430656935
GLOBAL,PWRTRNKENXX,ELCKENXX01,1,2028,S1D2,69.2080291970803
GLOBAL,PWRTRNKENXX,ELCKENXX01,1,2028,S2D3,56.286731967943005
GLOBAL,PWRTRNKENXX,ELCKENXX01,1,2028,S2D1,61.91540516473732
GLOBAL,PWRTRNKENXX,ELCKENXX01,1,2028,S2D2,67.54407836153162
GLOBAL,PWRTRNKENXX,ELCKENXX01,1,2028,S3D3,56.74147217235189
GLOBAL,PWRTRNKENXX,ELCKENXX01,1,2028,S3D1,68.08976660682227
GLOBAL,PWRTRNKENXX,ELCKENXX01,1,2028,S3D2,73.76391382405745
GLOBAL,PWRTRNKENXX,ELCKENXX01,1,2029,S1D3,61.56934306569343
GLOBAL,PWRTRNKENXX,ELCKENXX01,1,2029,S1D1,67.72627737226277
GLOBAL,PWRTRNKENXX,ELCKENXX01,1,2029,S1D2,73.88321167883211
GLOBAL,PWRTRNKENXX,ELCKENXX01,1,2029,S2D3,60.08904719501336
GLOBAL,PWRTRNKENXX,ELCKENXX01,1,2029,S2D1,66.0979519145147
GLOBAL,PWRTRNKENXX,ELCKENXX01,1,2029,S2D2,72.10685663401601
GLOBAL,PWRTRNKENXX,ELCKENXX01,1,2029,S3D3,60.57450628366248
GLOBAL,PWRTRNKENXX,ELCKENXX01,1,2029,S3D1,72.68940754039497
GLOBAL,PWRTRNKENXX,ELCKENXX01,1,2029,S3D2,78.74685816876122
GLOBAL,PWRTRNKENXX,ELCKENXX01,1,2030,S1D3,65.45620437956205
GLOBAL,PWRTRNKENXX,ELCKENXX01,1,2030,S1D1,72.00182481751824
GLOBAL,PWRTRNKENXX,ELCKENXX01,1,2030,S1D2,78.54744525547444
GLOBAL,PWRTRNKENXX,ELCKENXX01,1,2030,S2D3,63.88245770258237
GLOBAL,PWRTRNKENXX,ELCKENXX01,1,2030,S2D1,70.27070347284061
GLOBAL,PWRTRNKENXX,ELCKENXX01,1,2030,S2D2,76.65894924309885
GLOBAL,PWRTRNKENXX,ELCKENXX01,1,2030,S3D3,64.39856373429085
GLOBAL,PWRTRNKENXX,ELCKENXX01,1,2030,S3D1,77.27827648114902
GLOBAL,PWRTRNKENXX,ELCKENXX01,1,2030,S3D2,83.7181328545781
GLOBAL,PWRTRNKENXX,ELCKENXX01,1,2031,S1D3,69.9361313868613
GLOBAL,PWRTRNKENXX,ELCKENXX01,1,2031,S1D1,76.92974452554742
GLOBAL,PWRTRNKENXX,ELCKENXX01,1,2031,S1D2,83.92335766423356
GLOBAL,PWRTRNKENXX,ELCKENXX01,1,2031,S2D3,68.2546749777382
GLOBAL,PWRTRNKENXX,ELCKENXX01,1,2031,S2D1,75.08014247551203
GLOBAL,PWRTRNKENXX,ELCKENXX01,1,2031,S2D2,81.90560997328586
GLOBAL,PWRTRNKENXX,ELCKENXX01,1,2031,S3D3,68.80610412926391
GLOBAL,PWRTRNKENXX,ELCKENXX01,1,2031,S3D1,82.5673249551167
GLOBAL,PWRTRNKENXX,ELCKENXX01,1,2031,S3D2,89.44793536804308
GLOBAL,PWRTRNKENXX,ELCKENXX01,1,2032,S1D3,74.40693430656934
GLOBAL,PWRTRNKENXX,ELCKENXX01,1,2032,S1D1,81.84762773722628
GLOBAL,PWRTRNKENXX,ELCKENXX01,1,2032,S1D2,89.28832116788321
GLOBAL,PWRTRNKENXX,ELCKENXX01,1,2032,S2D3,72.6179875333927
GLOBAL,PWRTRNKENXX,ELCKENXX01,1,2032,S2D1,79.87978628673197
GLOBAL,PWRTRNKENXX,ELCKENXX01,1,2032,S2D2,87.14158504007123
GLOBAL,PWRTRNKENXX,ELCKENXX01,1,2032,S3D3,73.20466786355473
GLOBAL,PWRTRNKENXX,ELCKENXX01,1,2032,S3D1,87.84560143626571
GLOBAL,PWRTRNKENXX,ELCKENXX01,1,2032,S3D2,95.16606822262115
GLOBAL,PWRTRNKENXX,ELCKENXX01,1,2033,S1D3,78.88686131386862
GLOBAL,PWRTRNKENXX,ELCKENXX01,1,2033,S1D1,86.77554744525547
GLOBAL,PWRTRNKENXX,ELCKENXX01,1,2033,S1D2,94.66423357664232
GLOBAL,PWRTRNKENXX,ELCKENXX01,1,2033,S2D3,76.99020480854854
GLOBAL,PWRTRNKENXX,ELCKENXX01,1,2033,S2D1,84.68922528940338
GLOBAL,PWRTRNKENXX,ELCKENXX01,1,2033,S2D2,92.38824577025824
GLOBAL,PWRTRNKENXX,ELCKENXX01,1,2033,S3D3,77.61220825852784
GLOBAL,PWRTRNKENXX,ELCKENXX01,1,2033,S3D1,93.1346499102334
GLOBAL,PWRTRNKENXX,ELCKENXX01,1,2033,S3D2,100.89587073608618
GLOBAL,PWRTRNKENXX,ELCKENXX01,1,2034,S1D3,83.36678832116787
GLOBAL,PWRTRNKENXX,ELCKENXX01,1,2034,S1D1,91.70346715328468
GLOBAL,PWRTRNKENXX,ELCKENXX01,1,2034,S1D2,100.04014598540144
GLOBAL,PWRTRNKENXX,ELCKENXX01,1,2034,S2D3,81.36242208370437
GLOBAL,PWRTRNKENXX,ELCKENXX01,1,2034,S2D1,89.4986642920748
GLOBAL,PWRTRNKENXX,ELCKENXX01,1,2034,S2D2,97.63490650044525
GLOBAL,PWRTRNKENXX,ELCKENXX01,1,2034,S3D3,82.0197486535009
GLOBAL,PWRTRNKENXX,ELCKENXX01,1,2034,S3D1,98.42369838420109
GLOBAL,PWRTRNKENXX,ELCKENXX01,1,2034,S3D2,106.62567324955116
GLOBAL,PWRTRNKENXX,ELCKENXX01,1,2035,S1D3,87.83759124087592
GLOBAL,PWRTRNKENXX,ELCKENXX01,1,2035,S1D1,96.6213503649635
GLOBAL,PWRTRNKENXX,ELCKENXX01,1,2035,S1D2,105.4051094890511
GLOBAL,PWRTRNKENXX,ELCKENXX01,1,2035,S2D3,85.72573463935886
GLOBAL,PWRTRNKENXX,ELCKENXX01,1,2035,S2D1,94.29830810329476
GLOBAL,PWRTRNKENXX,ELCKENXX01,1,2035,S2D2,102.87088156723064
GLOBAL,PWRTRNKENXX,ELCKENXX01,1,2035,S3D3,86.41831238779174
GLOBAL,PWRTRNKENXX,ELCKENXX01,1,2035,S3D1,103.7019748653501
GLOBAL,PWRTRNKENXX,ELCKENXX01,1,2035,S3D2,112.34380610412929
GLOBAL,PWRTRNKENXX,ELCKENXX01,1,2036,S1D3,93.02007299270072
GLOBAL,PWRTRNKENXX,ELCKENXX01,1,2036,S1D1,102.3220802919708
GLOBAL,PWRTRNKENXX,ELCKENXX01,1,2036,S1D2,111.62408759124088
GLOBAL,PWRTRNKENXX,ELCKENXX01,1,2036,S2D3,90.78361531611753
GLOBAL,PWRTRNKENXX,ELCKENXX01,1,2036,S2D1,99.8619768477293
GLOBAL,PWRTRNKENXX,ELCKENXX01,1,2036,S2D2,108.94033837934106
GLOBAL,PWRTRNKENXX,ELCKENXX01,1,2036,S3D3,91.51705565529625
GLOBAL,PWRTRNKENXX,ELCKENXX01,1,2036,S3D1,109.82046678635548
GLOBAL,PWRTRNKENXX,ELCKENXX01,1,2036,S3D2,118.97217235188512
GLOBAL,PWRTRNKENXX,ELCKENXX01,1,2037,S1D3,98.19343065693432
GLOBAL,PWRTRNKENXX,ELCKENXX01,1,2037,S1D1,108.01277372262774
GLOBAL,PWRTRNKENXX,ELCKENXX01,1,2037,S1D2,117.83211678832116
GLOBAL,PWRTRNKENXX,ELCKENXX01,1,2037,S2D3,95.8325912733749
GLOBAL,PWRTRNKENXX,ELCKENXX01,1,2037,S2D1,105.4158504007124
GLOBAL,PWRTRNKENXX,ELCKENXX01,1,2037,S2D2,114.99910952804989
GLOBAL,PWRTRNKENXX,ELCKENXX01,1,2037,S3D3,96.6068222621185
GLOBAL,PWRTRNKENXX,ELCKENXX01,1,2037,S3D1,115.9281867145422
GLOBAL,PWRTRNKENXX,ELCKENXX01,1,2037,S3D2,125.58886894075404
GLOBAL,PWRTRNKENXX,ELCKENXX01,1,2038,S1D3,103.37591240875912
GLOBAL,PWRTRNKENXX,ELCKENXX01,1,2038,S1D1,113.71350364963504
GLOBAL,PWRTRNKENXX,ELCKENXX01,1,2038,S1D2,124.05109489051095
GLOBAL,PWRTRNKENXX,ELCKENXX01,1,2038,S2D3,100.89047195013356
GLOBAL,PWRTRNKENXX,ELCKENXX01,1,2038,S2D1,110.97951914514692
GLOBAL,PWRTRNKENXX,ELCKENXX01,1,2038,S2D2,121.06856634016027
GLOBAL,PWRTRNKENXX,ELCKENXX01,1,2038,S3D3,101.705565529623
GLOBAL,PWRTRNKENXX,ELCKENXX01,1,2038,S3D1,122.04667863554758
GLOBAL,PWRTRNKENXX,ELCKENXX01,1,2038,S3D2,132.21723518850987
GLOBAL,PWRTRNKENXX,ELCKENXX01,1,2039,S1D3,108.5492700729927
GLOBAL,PWRTRNKENXX,ELCKENXX01,1,2039,S1D1,119.40419708029196
GLOBAL,PWRTRNKENXX,ELCKENXX01,1,2039,S1D2,130.25912408759123
GLOBAL,PWRTRNKENXX,ELCKENXX01,1,2039,S2D3,105.93944790739091
GLOBAL,PWRTRNKENXX,ELCKENXX01,1,2039,S2D1,116.53339269813002
GLOBAL,PWRTRNKENXX,ELCKENXX01,1,2039,S2D2,127.12733748886912
GLOBAL,PWRTRNKENXX,ELCKENXX01,1,2039,S3D3,106.79533213644524
GLOBAL,PWRTRNKENXX,ELCKENXX01,1,2039,S3D1,128.1543985637343
GLOBAL,PWRTRNKENXX,ELCKENXX01,1,2039,S3D2,138.83393177737884
GLOBAL,PWRTRNKENXX,ELCKENXX01,1,2040,S1D3,113.73175182481752
GLOBAL,PWRTRNKENXX,ELCKENXX01,1,2040,S1D1,125.10492700729924
GLOBAL,PWRTRNKENXX,ELCKENXX01,1,2040,S1D2,136.47810218978103
GLOBAL,PWRTRNKENXX,ELCKENXX01,1,2040,S2D3,110.9973285841496
GLOBAL,PWRTRNKENXX,ELCKENXX01,1,2040,S2D1,122.09706144256457
GLOBAL,PWRTRNKENXX,ELCKENXX01,1,2040,S2D2,133.19679430097952
GLOBAL,PWRTRNKENXX,ELCKENXX01,1,2040,S3D3,111.89407540394971
GLOBAL,PWRTRNKENXX,ELCKENXX01,1,2040,S3D1,134.2728904847397
GLOBAL,PWRTRNKENXX,ELCKENXX01,1,2040,S3D2,145.46229802513466
GLOBAL,PWRTRNKENXX,ELCKENXX01,1,2041,S1D3,120.16423357664232
GLOBAL,PWRTRNKENXX,ELCKENXX01,1,2041,S1D1,132.18065693430657
GLOBAL,PWRTRNKENXX,ELCKENXX01,1,2041,S1D2,144.1970802919708
GLOBAL,PWRTRNKENXX,ELCKENXX01,1,2041,S2D3,117.27515583259128
GLOBAL,PWRTRNKENXX,ELCKENXX01,1,2041,S2D1,129.0026714158504
GLOBAL,PWRTRNKENXX,ELCKENXX01,1,2041,S2D2,140.73018699910952
GLOBAL,PWRTRNKENXX,ELCKENXX01,1,2041,S3D3,118.2226211849192
GLOBAL,PWRTRNKENXX,ELCKENXX01,1,2041,S3D1,141.86714542190305
GLOBAL,PWRTRNKENXX,ELCKENXX01,1,2041,S3D2,153.68940754039497
GLOBAL,PWRTRNKENXX,ELCKENXX01,1,2042,S1D3,126.59671532846716
GLOBAL,PWRTRNKENXX,ELCKENXX01,1,2042,S1D1,139.25638686131387
GLOBAL,PWRTRNKENXX,ELCKENXX01,1,2042,S1D2,151.91605839416056
GLOBAL,PWRTRNKENXX,ELCKENXX01,1,2042,S2D3,123.55298308103296
GLOBAL,PWRTRNKENXX,ELCKENXX01,1,2042,S2D1,135.90828138913625
GLOBAL,PWRTRNKENXX,ELCKENXX01,1,2042,S2D2,148.26357969723952
GLOBAL,PWRTRNKENXX,ELCKENXX01,1,2042,S3D3,124.5511669658887
GLOBAL,PWRTRNKENXX,ELCKENXX01,1,2042,S3D1,149.4614003590664
GLOBAL,PWRTRNKENXX,ELCKENXX01,1,2042,S3D2,161.91651705565533
GLOBAL,PWRTRNKENXX,ELCKENXX01,1,2043,S1D3,133.02007299270073
GLOBAL,PWRTRNKENXX,ELCKENXX01,1,2043,S1D1,146.3220802919708
GLOBAL,PWRTRNKENXX,ELCKENXX01,1,2043,S1D2,159.62408759124088
GLOBAL,PWRTRNKENXX,ELCKENXX01,1,2043,S2D3,129.8219056099733
GLOBAL,PWRTRNKENXX,ELCKENXX01,1,2043,S2D1,142.8040961709706
GLOBAL,PWRTRNKENXX,ELCKENXX01,1,2043,S2D2,155.78628673196795
GLOBAL,PWRTRNKENXX,ELCKENXX01,1,2043,S3D3,130.87073608617595
GLOBAL,PWRTRNKENXX,ELCKENXX01,1,2043,S3D1,157.04488330341115
GLOBAL,PWRTRNKENXX,ELCKENXX01,1,2043,S3D2,170.13195691202873
GLOBAL,PWRTRNKENXX,ELCKENXX01,1,2044,S1D3,139.45255474452554
GLOBAL,PWRTRNKENXX,ELCKENXX01,1,2044,S1D1,153.3978102189781
GLOBAL,PWRTRNKENXX,ELCKENXX01,1,2044,S1D2,167.34306569343067
GLOBAL,PWRTRNKENXX,ELCKENXX01,1,2044,S2D3,136.09973285841497
GLOBAL,PWRTRNKENXX,ELCKENXX01,1,2044,S2D1,149.70970614425647
GLOBAL,PWRTRNKENXX,ELCKENXX01,1,2044,S2D2,163.31967943009798
GLOBAL,PWRTRNKENXX,ELCKENXX01,1,2044,S3D3,137.19928186714543
GLOBAL,PWRTRNKENXX,ELCKENXX01,1,2044,S3D1,164.6391382405745
GLOBAL,PWRTRNKENXX,ELCKENXX01,1,2044,S3D2,178.35906642728904
GLOBAL,PWRTRNKENXX,ELCKENXX01,1,2045,S1D3,145.88503649635038
GLOBAL,PWRTRNKENXX,ELCKENXX01,1,2045,S1D1,160.4735401459854
GLOBAL,PWRTRNKENXX,ELCKENXX01,1,2045,S1D2,175.06204379562044
GLOBAL,PWRTRNKENXX,ELCKENXX01,1,2045,S2D3,142.37756010685663
GLOBAL,PWRTRNKENXX,ELCKENXX01,1,2045,S2D1,156.6153161175423
GLOBAL,PWRTRNKENXX,ELCKENXX01,1,2045,S2D2,170.85307212822798
GLOBAL,PWRTRNKENXX,ELCKENXX01,1,2045,S3D3,143.5278276481149
GLOBAL,PWRTRNKENXX,ELCKENXX01,1,2045,S3D1,172.2333931777379
GLOBAL,PWRTRNKENXX,ELCKENXX01,1,2045,S3D2,186.58617594254932
GLOBAL,PWRTRNKENXX,ELCKENXX01,1,2046,S1D3,153.9507299270073
GLOBAL,PWRTRNKENXX,ELCKENXX01,1,2046,S1D1,169.34580291970804
GLOBAL,PWRTRNKENXX,ELCKENXX01,1,2046,S1D2,184.74087591240877
GLOBAL,PWRTRNKENXX,ELCKENXX01,1,2046,S2D3,150.2493321460374
GLOBAL,PWRTRNKENXX,ELCKENXX01,1,2046,S2D1,165.27426536064115
GLOBAL,PWRTRNKENXX,ELCKENXX01,1,2046,S2D2,180.29919857524487
GLOBAL,PWRTRNKENXX,ELCKENXX01,1,2046,S3D3,151.46319569120288
GLOBAL,PWRTRNKENXX,ELCKENXX01,1,2046,S3D1,181.75583482944344
GLOBAL,PWRTRNKENXX,ELCKENXX01,1,2046,S3D2,196.9021543985637
GLOBAL,PWRTRNKENXX,ELCKENXX01,1,2047,S1D3,162.02554744525546
GLOBAL,PWRTRNKENXX,ELCKENXX01,1,2047,S1D1,178.228102189781
GLOBAL,PWRTRNKENXX,ELCKENXX01,1,2047,S1D2,194.43065693430657
GLOBAL,PWRTRNKENXX,ELCKENXX01,1,2047,S2D3,158.1300089047195
GLOBAL,PWRTRNKENXX,ELCKENXX01,1,2047,S2D1,173.94300979519144
GLOBAL,PWRTRNKENXX,ELCKENXX01,1,2047,S2D2,189.7560106856634
GLOBAL,PWRTRNKENXX,ELCKENXX01,1,2047,S3D3,159.40754039497307
GLOBAL,PWRTRNKENXX,ELCKENXX01,1,2047,S3D1,191.28904847396768
GLOBAL,PWRTRNKENXX,ELCKENXX01,1,2047,S3D2,207.229802513465
GLOBAL,PWRTRNKENXX,ELCKENXX01,1,2048,S1D3,170.0912408759124
GLOBAL,PWRTRNKENXX,ELCKENXX01,1,2048,S1D1,187.10036496350364
GLOBAL,PWRTRNKENXX,ELCKENXX01,1,2048,S1D2,204.10948905109487
GLOBAL,PWRTRNKENXX,ELCKENXX01,1,2048,S2D3,166.00178094390026
GLOBAL,PWRTRNKENXX,ELCKENXX01,1,2048,S2D1,182.6019590382903
GLOBAL,PWRTRNKENXX,ELCKENXX01,1,2048,S2D2,199.20213713268032
GLOBAL,PWRTRNKENXX,ELCKENXX01,1,2048,S3D3,167.34290843806104
GLOBAL,PWRTRNKENXX,ELCKENXX01,1,2048,S3D1,200.8114901256733
GLOBAL,PWRTRNKENXX,ELCKENXX01,1,2048,S3D2,217.54578096947932
GLOBAL,PWRTRNKENXX,ELCKENXX01,1,2049,S1D3,178.15693430656933
GLOBAL,PWRTRNKENXX,ELCKENXX01,1,2049,S1D1,195.97262773722628
GLOBAL,PWRTRNKENXX,ELCKENXX01,1,2049,S1D2,213.7883211678832
GLOBAL,PWRTRNKENXX,ELCKENXX01,1,2049,S2D3,173.87355298308103
GLOBAL,PWRTRNKENXX,ELCKENXX01,1,2049,S2D1,191.26090828138916
GLOBAL,PWRTRNKENXX,ELCKENXX01,1,2049,S2D2,208.64826357969724
GLOBAL,PWRTRNKENXX,ELCKENXX01,1,2049,S3D3,175.27827648114902
GLOBAL,PWRTRNKENXX,ELCKENXX01,1,2049,S3D1,210.3339317773788
GLOBAL,PWRTRNKENXX,ELCKENXX01,1,2049,S3D2,227.8617594254937
GLOBAL,PWRTRNKENXX,ELCKENXX01,1,2050,S1D3,186.23175182481756
GLOBAL,PWRTRNKENXX,ELCKENXX01,1,2050,S1D1,204.85492700729927
GLOBAL,PWRTRNKENXX,ELCKENXX01,1,2050,S1D2,223.47810218978103
GLOBAL,PWRTRNKENXX,ELCKENXX01,1,2050,S2D3,181.75422974176317
GLOBAL,PWRTRNKENXX,ELCKENXX01,1,2050,S2D1,199.92965271593943
GLOBAL,PWRTRNKENXX,ELCKENXX01,1,2050,S2D2,218.10507569011577
GLOBAL,PWRTRNKENXX,ELCKENXX01,1,2050,S3D3,183.22262118491923
GLOBAL,PWRTRNKENXX,ELCKENXX01,1,2050,S3D1,219.86714542190307
GLOBAL,PWRTRNKENXX,ELCKENXX01,1,2050,S3D2,238.189407540395
GLOBAL,PWRTRNTZAXX,ELCTZAXX01,1,2021,S1D3,53.404197080291965
GLOBAL,PWRTRNTZAXX,ELCTZAXX01,1,2021,S1D1,48.5492700729927
GLOBAL,PWRTRNTZAXX,ELCTZAXX01,1,2021,S1D2,58.25912408759124
GLOBAL,PWRTRNTZAXX,ELCTZAXX01,1,2021,S2D3,47.3820124666073
GLOBAL,PWRTRNTZAXX,ELCTZAXX01,1,2021,S2D1,47.3820124666073
GLOBAL,PWRTRNTZAXX,ELCTZAXX01,1,2021,S2D2,56.858414959928766
GLOBAL,PWRTRNTZAXX,ELCTZAXX01,1,2021,S3D3,52.54129263913824
GLOBAL,PWRTRNTZAXX,ELCTZAXX01,1,2021,S3D1,52.54129263913824
GLOBAL,PWRTRNTZAXX,ELCTZAXX01,1,2021,S3D2,62.09425493716338
GLOBAL,PWRTRNTZAXX,ELCTZAXX01,1,2022,S1D3,58.342153284671525
GLOBAL,PWRTRNTZAXX,ELCTZAXX01,1,2022,S1D1,53.03832116788321
GLOBAL,PWRTRNTZAXX,ELCTZAXX01,1,2022,S1D2,63.645985401459846
GLOBAL,PWRTRNTZAXX,ELCTZAXX01,1,2022,S2D3,51.76313446126447
GLOBAL,PWRTRNTZAXX,ELCTZAXX01,1,2022,S2D1,51.76313446126447
GLOBAL,PWRTRNTZAXX,ELCTZAXX01,1,2022,S2D2,62.11576135351736
GLOBAL,PWRTRNTZAXX,ELCTZAXX01,1,2022,S3D3,57.39946140035907
GLOBAL,PWRTRNTZAXX,ELCTZAXX01,1,2022,S3D1,57.39946140035907
GLOBAL,PWRTRNTZAXX,ELCTZAXX01,1,2022,S3D2,67.83572710951526
GLOBAL,PWRTRNTZAXX,ELCTZAXX01,1,2023,S1D3,63.280109489051085
GLOBAL,PWRTRNTZAXX,ELCTZAXX01,1,2023,S1D1,57.52737226277372
GLOBAL,PWRTRNTZAXX,ELCTZAXX01,1,2023,S1D2,69.03284671532846
GLOBAL,PWRTRNTZAXX,ELCTZAXX01,1,2023,S2D3,56.14425645592164
GLOBAL,PWRTRNTZAXX,ELCTZAXX01,1,2023,S2D1,56.14425645592164
GLOBAL,PWRTRNTZAXX,ELCTZAXX01,1,2023,S2D2,67.37310774710596
GLOBAL,PWRTRNTZAXX,ELCTZAXX01,1,2023,S3D3,62.2576301615799
GLOBAL,PWRTRNTZAXX,ELCTZAXX01,1,2023,S3D1,62.2576301615799
GLOBAL,PWRTRNTZAXX,ELCTZAXX01,1,2023,S3D2,73.57719928186715
GLOBAL,PWRTRNTZAXX,ELCTZAXX01,1,2024,S1D3,68.22810218978103
GLOBAL,PWRTRNTZAXX,ELCTZAXX01,1,2024,S1D1,62.02554744525548
GLOBAL,PWRTRNTZAXX,ELCTZAXX01,1,2024,S1D2,74.43065693430657
GLOBAL,PWRTRNTZAXX,ELCTZAXX01,1,2024,S2D3,60.534283170080144
GLOBAL,PWRTRNTZAXX,ELCTZAXX01,1,2024,S2D1,60.534283170080144
GLOBAL,PWRTRNTZAXX,ELCTZAXX01,1,2024,S2D2,72.64113980409617
GLOBAL,PWRTRNTZAXX,ELCTZAXX01,1,2024,S3D3,67.12567324955117
GLOBAL,PWRTRNTZAXX,ELCTZAXX01,1,2024,S3D1,67.12567324955117
GLOBAL,PWRTRNTZAXX,ELCTZAXX01,1,2024,S3D2,79.33034111310593
GLOBAL,PWRTRNTZAXX,ELCTZAXX01,1,2025,S1D3,73.16605839416057
GLOBAL,PWRTRNTZAXX,ELCTZAXX01,1,2025,S1D1,66.51459854014598
GLOBAL,PWRTRNTZAXX,ELCTZAXX01,1,2025,S1D2,79.81751824817516
GLOBAL,PWRTRNTZAXX,ELCTZAXX01,1,2025,S2D3,64.91540516473731
GLOBAL,PWRTRNTZAXX,ELCTZAXX01,1,2025,S2D1,64.91540516473731
GLOBAL,PWRTRNTZAXX,ELCTZAXX01,1,2025,S2D2,77.89848619768476
GLOBAL,PWRTRNTZAXX,ELCTZAXX01,1,2025,S3D3,71.983842010772
GLOBAL,PWRTRNTZAXX,ELCTZAXX01,1,2025,S3D1,71.983842010772
GLOBAL,PWRTRNTZAXX,ELCTZAXX01,1,2025,S3D2,85.0718132854578
GLOBAL,PWRTRNTZAXX,ELCTZAXX01,1,2026,S1D3,79.4388686131387
GLOBAL,PWRTRNTZAXX,ELCTZAXX01,1,2026,S1D1,72.21715328467153
GLOBAL,PWRTRNTZAXX,ELCTZAXX01,1,2026,S1D2,86.66058394160582
GLOBAL,PWRTRNTZAXX,ELCTZAXX01,1,2026,S2D3,70.48085485307213
GLOBAL,PWRTRNTZAXX,ELCTZAXX01,1,2026,S2D1,70.48085485307213
GLOBAL,PWRTRNTZAXX,ELCTZAXX01,1,2026,S2D2,84.57702582368654
GLOBAL,PWRTRNTZAXX,ELCTZAXX01,1,2026,S3D3,78.15529622980252
GLOBAL,PWRTRNTZAXX,ELCTZAXX01,1,2026,S3D1,78.15529622980252
GLOBAL,PWRTRNTZAXX,ELCTZAXX01,1,2026,S3D2,92.3653500897666
GLOBAL,PWRTRNTZAXX,ELCTZAXX01,1,2027,S1D3,85.7016423357664
GLOBAL,PWRTRNTZAXX,ELCTZAXX01,1,2027,S1D1,77.91058394160582
GLOBAL,PWRTRNTZAXX,ELCTZAXX01,1,2027,S1D2,93.49270072992702
GLOBAL,PWRTRNTZAXX,ELCTZAXX01,1,2027,S2D3,76.03739982190561
GLOBAL,PWRTRNTZAXX,ELCTZAXX01,1,2027,S2D1,76.03739982190561
GLOBAL,PWRTRNTZAXX,ELCTZAXX01,1,2027,S2D2,91.24487978628672
GLOBAL,PWRTRNTZAXX,ELCTZAXX01,1,2027,S3D3,84.31687612208258
GLOBAL,PWRTRNTZAXX,ELCTZAXX01,1,2027,S3D1,84.31687612208258
GLOBAL,PWRTRNTZAXX,ELCTZAXX01,1,2027,S3D2,99.6472172351885
GLOBAL,PWRTRNTZAXX,ELCTZAXX01,1,2028,S1D3,91.97445255474452
GLOBAL,PWRTRNTZAXX,ELCTZAXX01,1,2028,S1D1,83.61313868613139
GLOBAL,PWRTRNTZAXX,ELCTZAXX01,1,2028,S1D2,100.33576642335768
GLOBAL,PWRTRNTZAXX,ELCTZAXX01,1,2028,S2D3,81.60284951024043
GLOBAL,PWRTRNTZAXX,ELCTZAXX01,1,2028,S2D1,81.60284951024043
GLOBAL,PWRTRNTZAXX,ELCTZAXX01,1,2028,S2D2,97.92341941228851
GLOBAL,PWRTRNTZAXX,ELCTZAXX01,1,2028,S3D3,90.4883303411131
GLOBAL,PWRTRNTZAXX,ELCTZAXX01,1,2028,S3D1,90.4883303411131
GLOBAL,PWRTRNTZAXX,ELCTZAXX01,1,2028,S3D2,106.94075403949732
GLOBAL,PWRTRNTZAXX,ELCTZAXX01,1,2029,S1D3,98.2472627737226
GLOBAL,PWRTRNTZAXX,ELCTZAXX01,1,2029,S1D1,89.31569343065692
GLOBAL,PWRTRNTZAXX,ELCTZAXX01,1,2029,S1D2,107.17883211678831
GLOBAL,PWRTRNTZAXX,ELCTZAXX01,1,2029,S2D3,87.16829919857523
GLOBAL,PWRTRNTZAXX,ELCTZAXX01,1,2029,S2D1,87.16829919857523
GLOBAL,PWRTRNTZAXX,ELCTZAXX01,1,2029,S2D2,104.6019590382903
GLOBAL,PWRTRNTZAXX,ELCTZAXX01,1,2029,S3D3,96.65978456014362
GLOBAL,PWRTRNTZAXX,ELCTZAXX01,1,2029,S3D1,96.65978456014362
GLOBAL,PWRTRNTZAXX,ELCTZAXX01,1,2029,S3D2,114.23429084380612
GLOBAL,PWRTRNTZAXX,ELCTZAXX01,1,2030,S1D3,104.52007299270072
GLOBAL,PWRTRNTZAXX,ELCTZAXX01,1,2030,S1D1,95.01824817518249
GLOBAL,PWRTRNTZAXX,ELCTZAXX01,1,2030,S1D2,114.02189781021896
GLOBAL,PWRTRNTZAXX,ELCTZAXX01,1,2030,S2D3,92.73374888691006
GLOBAL,PWRTRNTZAXX,ELCTZAXX01,1,2030,S2D1,92.73374888691006
GLOBAL,PWRTRNTZAXX,ELCTZAXX01,1,2030,S2D2,111.28049866429208
GLOBAL,PWRTRNTZAXX,ELCTZAXX01,1,2030,S3D3,102.83123877917414
GLOBAL,PWRTRNTZAXX,ELCTZAXX01,1,2030,S3D1,102.83123877917414
GLOBAL,PWRTRNTZAXX,ELCTZAXX01,1,2030,S3D2,121.52782764811488
GLOBAL,PWRTRNTZAXX,ELCTZAXX01,1,2031,S1D3,112.09762773722628
GLOBAL,PWRTRNTZAXX,ELCTZAXX01,1,2031,S1D1,101.90693430656934
GLOBAL,PWRTRNTZAXX,ELCTZAXX01,1,2031,S1D2,122.2883211678832
GLOBAL,PWRTRNTZAXX,ELCTZAXX01,1,2031,S2D3,99.45681211041853
GLOBAL,PWRTRNTZAXX,ELCTZAXX01,1,2031,S2D1,99.45681211041853
GLOBAL,PWRTRNTZAXX,ELCTZAXX01,1,2031,S2D2,119.34817453250224
GLOBAL,PWRTRNTZAXX,ELCTZAXX01,1,2031,S3D3,110.28635547576302
GLOBAL,PWRTRNTZAXX,ELCTZAXX01,1,2031,S3D1,110.28635547576302
GLOBAL,PWRTRNTZAXX,ELCTZAXX01,1,2031,S3D2,130.33842010771994
GLOBAL,PWRTRNTZAXX,ELCTZAXX01,1,2032,S1D3,119.68521897810218
GLOBAL,PWRTRNTZAXX,ELCTZAXX01,1,2032,S1D1,108.80474452554743
GLOBAL,PWRTRNTZAXX,ELCTZAXX01,1,2032,S1D2,130.56569343065692
GLOBAL,PWRTRNTZAXX,ELCTZAXX01,1,2032,S2D3,106.18878005342832
GLOBAL,PWRTRNTZAXX,ELCTZAXX01,1,2032,S2D1,106.18878005342832
GLOBAL,PWRTRNTZAXX,ELCTZAXX01,1,2032,S2D2,127.426536064114
GLOBAL,PWRTRNTZAXX,ELCTZAXX01,1,2032,S3D3,117.75134649910233
GLOBAL,PWRTRNTZAXX,ELCTZAXX01,1,2032,S3D1,117.75134649910233
GLOBAL,PWRTRNTZAXX,ELCTZAXX01,1,2032,S3D2,139.16068222621183
GLOBAL,PWRTRNTZAXX,ELCTZAXX01,1,2033,S1D3,127.27281021897808
GLOBAL,PWRTRNTZAXX,ELCTZAXX01,1,2033,S1D1,115.70255474452554
GLOBAL,PWRTRNTZAXX,ELCTZAXX01,1,2033,S1D2,138.84306569343065
GLOBAL,PWRTRNTZAXX,ELCTZAXX01,1,2033,S2D3,112.92074799643812
GLOBAL,PWRTRNTZAXX,ELCTZAXX01,1,2033,S2D1,112.92074799643812
GLOBAL,PWRTRNTZAXX,ELCTZAXX01,1,2033,S2D2,135.50489759572574
GLOBAL,PWRTRNTZAXX,ELCTZAXX01,1,2033,S3D3,125.21633752244163
GLOBAL,PWRTRNTZAXX,ELCTZAXX01,1,2033,S3D1,125.21633752244163
GLOBAL,PWRTRNTZAXX,ELCTZAXX01,1,2033,S3D2,147.98294434470375
GLOBAL,PWRTRNTZAXX,ELCTZAXX01,1,2034,S1D3,134.85036496350364
GLOBAL,PWRTRNTZAXX,ELCTZAXX01,1,2034,S1D1,122.5912408759124
GLOBAL,PWRTRNTZAXX,ELCTZAXX01,1,2034,S1D2,147.1094890510949
GLOBAL,PWRTRNTZAXX,ELCTZAXX01,1,2034,S2D3,119.64381121994656
GLOBAL,PWRTRNTZAXX,ELCTZAXX01,1,2034,S2D1,119.64381121994656
GLOBAL,PWRTRNTZAXX,ELCTZAXX01,1,2034,S2D2,143.5725734639359
GLOBAL,PWRTRNTZAXX,ELCTZAXX01,1,2034,S3D3,132.67145421903052
GLOBAL,PWRTRNTZAXX,ELCTZAXX01,1,2034,S3D1,132.67145421903052
GLOBAL,PWRTRNTZAXX,ELCTZAXX01,1,2034,S3D2,156.7935368043088
GLOBAL,PWRTRNTZAXX,ELCTZAXX01,1,2035,S1D3,142.43795620437956
GLOBAL,PWRTRNTZAXX,ELCTZAXX01,1,2035,S1D1,129.4890510948905
GLOBAL,PWRTRNTZAXX,ELCTZAXX01,1,2035,S1D2,155.38686131386862
GLOBAL,PWRTRNTZAXX,ELCTZAXX01,1,2035,S2D3,126.37577916295638
GLOBAL,PWRTRNTZAXX,ELCTZAXX01,1,2035,S2D1,126.37577916295638
GLOBAL,PWRTRNTZAXX,ELCTZAXX01,1,2035,S2D2,151.65093499554766
GLOBAL,PWRTRNTZAXX,ELCTZAXX01,1,2035,S3D3,140.13644524236983
GLOBAL,PWRTRNTZAXX,ELCTZAXX01,1,2035,S3D1,140.13644524236983
GLOBAL,PWRTRNTZAXX,ELCTZAXX01,1,2035,S3D2,165.61579892280074
GLOBAL,PWRTRNTZAXX,ELCTZAXX01,1,2036,S1D3,151.4507299270073
GLOBAL,PWRTRNTZAXX,ELCTZAXX01,1,2036,S1D1,137.6824817518248
GLOBAL,PWRTRNTZAXX,ELCTZAXX01,1,2036,S1D2,165.2189781021898
GLOBAL,PWRTRNTZAXX,ELCTZAXX01,1,2036,S2D3,134.37221727515583
GLOBAL,PWRTRNTZAXX,ELCTZAXX01,1,2036,S2D1,134.37221727515583
GLOBAL,PWRTRNTZAXX,ELCTZAXX01,1,2036,S2D2,161.24666073018702
GLOBAL,PWRTRNTZAXX,ELCTZAXX01,1,2036,S3D3,149.0035906642729
GLOBAL,PWRTRNTZAXX,ELCTZAXX01,1,2036,S3D1,149.0035906642729
GLOBAL,PWRTRNTZAXX,ELCTZAXX01,1,2036,S3D2,176.0951526032316
GLOBAL,PWRTRNTZAXX,ELCTZAXX01,1,2037,S1D3,160.46350364963504
GLOBAL,PWRTRNTZAXX,ELCTZAXX01,1,2037,S1D1,145.87591240875912
GLOBAL,PWRTRNTZAXX,ELCTZAXX01,1,2037,S1D2,175.05109489051094
GLOBAL,PWRTRNTZAXX,ELCTZAXX01,1,2037,S2D3,142.3686553873553
GLOBAL,PWRTRNTZAXX,ELCTZAXX01,1,2037,S2D1,142.3686553873553
GLOBAL,PWRTRNTZAXX,ELCTZAXX01,1,2037,S2D2,170.84238646482638
GLOBAL,PWRTRNTZAXX,ELCTZAXX01,1,2037,S3D3,157.87073608617595
GLOBAL,PWRTRNTZAXX,ELCTZAXX01,1,2037,S3D1,157.87073608617595
GLOBAL,PWRTRNTZAXX,ELCTZAXX01,1,2037,S3D2,186.5745062836625
GLOBAL,PWRTRNTZAXX,ELCTZAXX01,1,2038,S1D3,169.4662408759124
GLOBAL,PWRTRNTZAXX,ELCTZAXX01,1,2038,S1D1,154.0602189781022
GLOBAL,PWRTRNTZAXX,ELCTZAXX01,1,2038,S1D2,184.87226277372264
GLOBAL,PWRTRNTZAXX,ELCTZAXX01,1,2038,S2D3,150.35618878005346
GLOBAL,PWRTRNTZAXX,ELCTZAXX01,1,2038,S2D1,150.35618878005346
GLOBAL,PWRTRNTZAXX,ELCTZAXX01,1,2038,S2D2,180.42742653606413
GLOBAL,PWRTRNTZAXX,ELCTZAXX01,1,2038,S3D3,166.72800718132854
GLOBAL,PWRTRNTZAXX,ELCTZAXX01,1,2038,S3D1,166.72800718132854
GLOBAL,PWRTRNTZAXX,ELCTZAXX01,1,2038,S3D2,197.04219030520647
GLOBAL,PWRTRNTZAXX,ELCTZAXX01,1,2039,S1D3,178.47901459854015
GLOBAL,PWRTRNTZAXX,ELCTZAXX01,1,2039,S1D1,162.2536496350365
GLOBAL,PWRTRNTZAXX,ELCTZAXX01,1,2039,S1D2,194.70437956204375
GLOBAL,PWRTRNTZAXX,ELCTZAXX01,1,2039,S2D3,158.3526268922529
GLOBAL,PWRTRNTZAXX,ELCTZAXX01,1,2039,S2D1,158.3526268922529
GLOBAL,PWRTRNTZAXX,ELCTZAXX01,1,2039,S2D2,190.0231522707035
GLOBAL,PWRTRNTZAXX,ELCTZAXX01,1,2039,S3D3,175.59515260323158
GLOBAL,PWRTRNTZAXX,ELCTZAXX01,1,2039,S3D1,175.59515260323158
GLOBAL,PWRTRNTZAXX,ELCTZAXX01,1,2039,S3D2,207.5215439856373
GLOBAL,PWRTRNTZAXX,ELCTZAXX01,1,2040,S1D3,187.49178832116783
GLOBAL,PWRTRNTZAXX,ELCTZAXX01,1,2040,S1D1,170.44708029197082
GLOBAL,PWRTRNTZAXX,ELCTZAXX01,1,2040,S1D2,204.53649635036496
GLOBAL,PWRTRNTZAXX,ELCTZAXX01,1,2040,S2D3,166.34906500445237
GLOBAL,PWRTRNTZAXX,ELCTZAXX01,1,2040,S2D1,166.34906500445237
GLOBAL,PWRTRNTZAXX,ELCTZAXX01,1,2040,S2D2,199.61887800534285
GLOBAL,PWRTRNTZAXX,ELCTZAXX01,1,2040,S3D3,184.46229802513463
GLOBAL,PWRTRNTZAXX,ELCTZAXX01,1,2040,S3D1,184.46229802513463
GLOBAL,PWRTRNTZAXX,ELCTZAXX01,1,2040,S3D2,218.00089766606823
GLOBAL,PWRTRNTZAXX,ELCTZAXX01,1,2041,S1D3,198.14051094890513
GLOBAL,PWRTRNTZAXX,ELCTZAXX01,1,2041,S1D1,180.1277372262774
GLOBAL,PWRTRNTZAXX,ELCTZAXX01,1,2041,S1D2,216.15328467153284
GLOBAL,PWRTRNTZAXX,ELCTZAXX01,1,2041,S2D3,175.79697239536955
GLOBAL,PWRTRNTZAXX,ELCTZAXX01,1,2041,S2D1,175.79697239536955
GLOBAL,PWRTRNTZAXX,ELCTZAXX01,1,2041,S2D2,210.95636687444343
GLOBAL,PWRTRNTZAXX,ELCTZAXX01,1,2041,S3D3,194.93895870736088
GLOBAL,PWRTRNTZAXX,ELCTZAXX01,1,2041,S3D1,194.93895870736088
GLOBAL,PWRTRNTZAXX,ELCTZAXX01,1,2041,S3D2,230.38240574506284
GLOBAL,PWRTRNTZAXX,ELCTZAXX01,1,2042,S1D3,208.79927007299273
GLOBAL,PWRTRNTZAXX,ELCTZAXX01,1,2042,S1D1,189.8175182481752
GLOBAL,PWRTRNTZAXX,ELCTZAXX01,1,2042,S1D2,227.7810218978102
GLOBAL,PWRTRNTZAXX,ELCTZAXX01,1,2042,S2D3,185.25378450578805
GLOBAL,PWRTRNTZAXX,ELCTZAXX01,1,2042,S2D1,185.25378450578805
GLOBAL,PWRTRNTZAXX,ELCTZAXX01,1,2042,S2D2,222.30454140694567
GLOBAL,PWRTRNTZAXX,ELCTZAXX01,1,2042,S3D3,205.4254937163375
GLOBAL,PWRTRNTZAXX,ELCTZAXX01,1,2042,S3D1,205.4254937163375
GLOBAL,PWRTRNTZAXX,ELCTZAXX01,1,2042,S3D2,242.7755834829444
GLOBAL,PWRTRNTZAXX,ELCTZAXX01,1,2043,S1D3,219.44799270072997
GLOBAL,PWRTRNTZAXX,ELCTZAXX01,1,2043,S1D1,199.49817518248173
GLOBAL,PWRTRNTZAXX,ELCTZAXX01,1,2043,S1D2,239.3978102189781
GLOBAL,PWRTRNTZAXX,ELCTZAXX01,1,2043,S2D3,194.70169189670528
GLOBAL,PWRTRNTZAXX,ELCTZAXX01,1,2043,S2D1,194.70169189670528
GLOBAL,PWRTRNTZAXX,ELCTZAXX01,1,2043,S2D2,233.6420302760463
GLOBAL,PWRTRNTZAXX,ELCTZAXX01,1,2043,S3D3,215.9021543985637
GLOBAL,PWRTRNTZAXX,ELCTZAXX01,1,2043,S3D1,215.9021543985637
GLOBAL,PWRTRNTZAXX,ELCTZAXX01,1,2043,S3D2,255.15709156193896
GLOBAL,PWRTRNTZAXX,ELCTZAXX01,1,2044,S1D3,230.09671532846716
GLOBAL,PWRTRNTZAXX,ELCTZAXX01,1,2044,S1D1,209.17883211678833
GLOBAL,PWRTRNTZAXX,ELCTZAXX01,1,2044,S1D2,251.01459854014595
GLOBAL,PWRTRNTZAXX,ELCTZAXX01,1,2044,S2D3,204.14959928762244
GLOBAL,PWRTRNTZAXX,ELCTZAXX01,1,2044,S2D1,204.14959928762244
GLOBAL,PWRTRNTZAXX,ELCTZAXX01,1,2044,S2D2,244.97951914514687
GLOBAL,PWRTRNTZAXX,ELCTZAXX01,1,2044,S3D3,226.37881508078996
GLOBAL,PWRTRNTZAXX,ELCTZAXX01,1,2044,S3D1,226.37881508078996
GLOBAL,PWRTRNTZAXX,ELCTZAXX01,1,2044,S3D2,267.5385996409336
GLOBAL,PWRTRNTZAXX,ELCTZAXX01,1,2045,S1D3,240.7454379562044
GLOBAL,PWRTRNTZAXX,ELCTZAXX01,1,2045,S1D1,218.85948905109487
GLOBAL,PWRTRNTZAXX,ELCTZAXX01,1,2045,S1D2,262.6313868613139
GLOBAL,PWRTRNTZAXX,ELCTZAXX01,1,2045,S2D3,213.5975066785396
GLOBAL,PWRTRNTZAXX,ELCTZAXX01,1,2045,S2D1,213.5975066785396
GLOBAL,PWRTRNTZAXX,ELCTZAXX01,1,2045,S2D2,256.3170080142476
GLOBAL,PWRTRNTZAXX,ELCTZAXX01,1,2045,S3D3,236.85547576301616
GLOBAL,PWRTRNTZAXX,ELCTZAXX01,1,2045,S3D1,236.85547576301616
GLOBAL,PWRTRNTZAXX,ELCTZAXX01,1,2045,S3D2,279.9201077199282
GLOBAL,PWRTRNTZAXX,ELCTZAXX01,1,2046,S1D3,253.96350364963504
GLOBAL,PWRTRNTZAXX,ELCTZAXX01,1,2046,S1D1,230.8759124087591
GLOBAL,PWRTRNTZAXX,ELCTZAXX01,1,2046,S1D2,277.05109489051085
GLOBAL,PWRTRNTZAXX,ELCTZAXX01,1,2046,S2D3,225.32502226179875
GLOBAL,PWRTRNTZAXX,ELCTZAXX01,1,2046,S2D1,225.32502226179875
GLOBAL,PWRTRNTZAXX,ELCTZAXX01,1,2046,S2D2,270.39002671415847
GLOBAL,PWRTRNTZAXX,ELCTZAXX01,1,2046,S3D3,249.8599640933573
GLOBAL,PWRTRNTZAXX,ELCTZAXX01,1,2046,S3D1,249.8599640933573
GLOBAL,PWRTRNTZAXX,ELCTZAXX01,1,2046,S3D2,295.2890484739677
GLOBAL,PWRTRNTZAXX,ELCTZAXX01,1,2047,S1D3,267.1815693430657
GLOBAL,PWRTRNTZAXX,ELCTZAXX01,1,2047,S1D1,242.89233576642332
GLOBAL,PWRTRNTZAXX,ELCTZAXX01,1,2047,S1D2,291.47080291970804
GLOBAL,PWRTRNTZAXX,ELCTZAXX01,1,2047,S2D3,237.05253784505788
GLOBAL,PWRTRNTZAXX,ELCTZAXX01,1,2047,S2D1,237.05253784505788
GLOBAL,PWRTRNTZAXX,ELCTZAXX01,1,2047,S2D2,284.4630454140695
GLOBAL,PWRTRNTZAXX,ELCTZAXX01,1,2047,S3D3,262.8644524236984
GLOBAL,PWRTRNTZAXX,ELCTZAXX01,1,2047,S3D1,262.8644524236984
GLOBAL,PWRTRNTZAXX,ELCTZAXX01,1,2047,S3D2,310.6579892280072
GLOBAL,PWRTRNTZAXX,ELCTZAXX01,1,2048,S1D3,280.3996350364964
GLOBAL,PWRTRNTZAXX,ELCTZAXX01,1,2048,S1D1,254.9087591240876
GLOBAL,PWRTRNTZAXX,ELCTZAXX01,1,2048,S1D2,305.8905109489051
GLOBAL,PWRTRNTZAXX,ELCTZAXX01,1,2048,S2D3,248.78005342831705
GLOBAL,PWRTRNTZAXX,ELCTZAXX01,1,2048,S2D1,248.78005342831705
GLOBAL,PWRTRNTZAXX,ELCTZAXX01,1,2048,S2D2,298.5360641139804
GLOBAL,PWRTRNTZAXX,ELCTZAXX01,1,2048,S3D3,275.8689407540395
GLOBAL,PWRTRNTZAXX,ELCTZAXX01,1,2048,S3D1,275.8689407540395
GLOBAL,PWRTRNTZAXX,ELCTZAXX01,1,2048,S3D2,326.0269299820467
GLOBAL,PWRTRNTZAXX,ELCTZAXX01,1,2049,S1D3,293.61770072992704
GLOBAL,PWRTRNTZAXX,ELCTZAXX01,1,2049,S1D1,266.92518248175173
GLOBAL,PWRTRNTZAXX,ELCTZAXX01,1,2049,S1D2,320.31021897810217
GLOBAL,PWRTRNTZAXX,ELCTZAXX01,1,2049,S2D3,260.5075690115761
GLOBAL,PWRTRNTZAXX,ELCTZAXX01,1,2049,S2D1,260.5075690115761
GLOBAL,PWRTRNTZAXX,ELCTZAXX01,1,2049,S2D2,312.6090828138914
GLOBAL,PWRTRNTZAXX,ELCTZAXX01,1,2049,S3D3,288.87342908438063
GLOBAL,PWRTRNTZAXX,ELCTZAXX01,1,2049,S3D1,288.87342908438063
GLOBAL,PWRTRNTZAXX,ELCTZAXX01,1,2049,S3D2,341.3958707360862
GLOBAL,PWRTRNTZAXX,ELCTZAXX01,1,2050,S1D3,306.83576642335765
GLOBAL,PWRTRNTZAXX,ELCTZAXX01,1,2050,S1D1,278.94160583941607
GLOBAL,PWRTRNTZAXX,ELCTZAXX01,1,2050,S1D2,334.72992700729924
GLOBAL,PWRTRNTZAXX,ELCTZAXX01,1,2050,S2D3,272.23508459483526
GLOBAL,PWRTRNTZAXX,ELCTZAXX01,1,2050,S2D1,272.23508459483526
GLOBAL,PWRTRNTZAXX,ELCTZAXX01,1,2050,S2D2,326.6821015138023
GLOBAL,PWRTRNTZAXX,ELCTZAXX01,1,2050,S3D3,301.8779174147217
GLOBAL,PWRTRNTZAXX,ELCTZAXX01,1,2050,S3D1,301.8779174147217
GLOBAL,PWRTRNTZAXX,ELCTZAXX01,1,2050,S3D2,356.7648114901257
GLOBAL,PWRWONKENXX01,WONKENXX,1,2021,S1D3,2.1912726528000004
GLOBAL,PWRWONKENXX01,WONKENXX,1,2021,S1D1,2.1912726528
GLOBAL,PWRWONKENXX01,WONKENXX,1,2021,S1D2,2.1912726528000004
GLOBAL,PWRWONKENXX01,WONKENXX,1,2021,S2D3,2.1912726528000004
GLOBAL,PWRWONKENXX01,WONKENXX,1,2021,S2D1,1.9189529856
GLOBAL,PWRWONKENXX01,WONKENXX,1,2021,S2D2,1.5035860224
GLOBAL,PWRWONKENXX01,WONKENXX,1,2021,S3D3,2.1912726528000004
GLOBAL,PWRWONKENXX01,WONKENXX,1,2021,S3D1,1.1603901724196584
GLOBAL,PWRWONKENXX01,WONKENXX,1,2021,S3D2,2.1912726528000004
GLOBAL,PWRWONKENXX01,WONKENXX,1,2022,S1D3,2.1912726528000004
GLOBAL,PWRWONKENXX01,WONKENXX,1,2022,S1D1,2.1912726528
GLOBAL,PWRWONKENXX01,WONKENXX,1,2022,S1D2,2.1912726528000004
GLOBAL,PWRWONKENXX01,WONKENXX,1,2022,S2D3,2.1912726528000004
GLOBAL,PWRWONKENXX01,WONKENXX,1,2022,S2D1,1.9189529856
GLOBAL,PWRWONKENXX01,WONKENXX,1,2022,S2D2,1.5035860224
GLOBAL,PWRWONKENXX01,WONKENXX,1,2022,S3D3,2.1912726528000004
GLOBAL,PWRWONKENXX01,WONKENXX,1,2022,S3D1,1.1603901724196584
GLOBAL,PWRWONKENXX01,WONKENXX,1,2022,S3D2,2.1912726528000004
GLOBAL,PWRWONKENXX01,WONKENXX,1,2023,S1D3,1.1434596207345795
GLOBAL,PWRWONKENXX01,WONKENXX,1,2023,S1D1,2.1912726528
GLOBAL,PWRWONKENXX01,WONKENXX,1,2023,S1D2,2.1912726528000004
GLOBAL,PWRWONKENXX01,WONKENXX,1,2023,S2D3,2.1912726528000004
GLOBAL,PWRWONKENXX01,WONKENXX,1,2023,S2D1,1.9189529856
GLOBAL,PWRWONKENXX01,WONKENXX,1,2023,S2D2,1.5035860224
GLOBAL,PWRWONKENXX01,WONKENXX,1,2023,S3D3,2.1912726528000004
GLOBAL,PWRWONKENXX01,WONKENXX,1,2023,S3D1,2.1912726528000004
GLOBAL,PWRWONKENXX01,WONKENXX,1,2023,S3D2,2.1912726528000004
GLOBAL,PWRWONKENXX01,WONKENXX,1,2024,S1D3,1.0549776262729915
GLOBAL,PWRWONKENXX01,WONKENXX,1,2024,S1D1,2.021709888
GLOBAL,PWRWONKENXX01,WONKENXX,1,2024,S1D2,2.021709888
GLOBAL,PWRWONKENXX01,WONKENXX,1,2024,S2D3,2.021709888
GLOBAL,PWRWONKENXX01,WONKENXX,1,2024,S2D1,1.770462576
GLOBAL,PWRWONKENXX01,WONKENXX,1,2024,S2D2,1.387237104
GLOBAL,PWRWONKENXX01,WONKENXX,1,2024,S3D3,2.021709888
GLOBAL,PWRWONKENXX01,WONKENXX,1,2024,S3D1,2.021709888
GLOBAL,PWRWONKENXX01,WONKENXX,1,2024,S3D2,2.021709888
GLOBAL,PWRWONKENXX01,WONKENXX,1,2025,S1D3,1.0549776262729915
GLOBAL,PWRWONKENXX01,WONKENXX,1,2025,S1D1,2.021709888
GLOBAL,PWRWONKENXX01,WONKENXX,1,2025,S1D2,2.021709888
GLOBAL,PWRWONKENXX01,WONKENXX,1,2025,S2D3,2.021709888
GLOBAL,PWRWONKENXX01,WONKENXX,1,2025,S2D1,1.770462576
GLOBAL,PWRWONKENXX01,WONKENXX,1,2025,S2D2,1.387237104
GLOBAL,PWRWONKENXX01,WONKENXX,1,2025,S3D3,2.021709888
GLOBAL,PWRWONKENXX01,WONKENXX,1,2025,S3D1,2.021709888
GLOBAL,PWRWONKENXX01,WONKENXX,1,2025,S3D2,2.021709888
GLOBAL,PWRWONKENXX01,WONKENXX,1,2026,S1D3,1.3363576792509917
GLOBAL,PWRWONKENXX01,WONKENXX,1,2026,S1D1,1.4507556942920743
GLOBAL,PWRWONKENXX01,WONKENXX,1,2026,S1D2,2.09209824
GLOBAL,PWRWONKENXX01,WONKENXX,1,2026,S2D3,2.09209824
GLOBAL,PWRWONKENXX01,WONKENXX,1,2026,S2D1,1.770462576
GLOBAL,PWRWONKENXX01,WONKENXX,1,2026,S2D2,1.387237104
GLOBAL,PWRWONKENXX01,WONKENXX,1,2026,S3D3,2.09209824
GLOBAL,PWRWONKENXX01,WONKENXX,1,2026,S3D1,2.025620352
GLOBAL,PWRWONKENXX01,WONKENXX,1,2026,S3D2,2.09209824
GLOBAL,PWRWONKENXX01,WONKENXX,1,2027,S1D3,1.03513630300292
GLOBAL,PWRWONKENXX01,WONKENXX,1,2027,S1D1,2.021709888
GLOBAL,PWRWONKENXX01,WONKENXX,1,2027,S1D2,2.025620352
GLOBAL,PWRWONKENXX01,WONKENXX,1,2027,S2D3,2.025620352
GLOBAL,PWRWONKENXX01,WONKENXX,1,2027,S2D1,1.770462576
GLOBAL,PWRWONKENXX01,WONKENXX,1,2027,S2D2,1.387237104
GLOBAL,PWRWONKENXX01,WONKENXX,1,2027,S3D3,2.025620352
GLOBAL,PWRWONKENXX01,WONKENXX,1,2027,S3D1,2.025620352
GLOBAL,PWRWONKENXX01,WONKENXX,1,2027,S3D2,2.025620352
GLOBAL,PWRWONKENXX01,WONKENXX,1,2028,S1D3,0.7654034855430658
GLOBAL,PWRWONKENXX01,WONKENXX,1,2028,S1D1,2.021709888
GLOBAL,PWRWONKENXX01,WONKENXX,1,2028,S1D2,2.09209824
GLOBAL,PWRWONKENXX01,WONKENXX,1,2028,S2D3,2.09209824
GLOBAL,PWRWONKENXX01,WONKENXX,1,2028,S2D1,1.770462576
GLOBAL,PWRWONKENXX01,WONKENXX,1,2028,S2D2,1.387237104
GLOBAL,PWRWONKENXX01,WONKENXX,1,2028,S3D3,2.09209824
GLOBAL,PWRWONKENXX01,WONKENXX,1,2028,S3D1,2.025620352
GLOBAL,PWRWONKENXX01,WONKENXX,1,2028,S3D2,2.09209824
GLOBAL,PWRWONKENXX01,WONKENXX,1,2029,S1D3,2.09209824
GLOBAL,PWRWONKENXX01,WONKENXX,1,2029,S1D1,0.6950151335430664
GLOBAL,PWRWONKENXX01,WONKENXX,1,2029,S1D2,2.09209824
GLOBAL,PWRWONKENXX01,WONKENXX,1,2029,S2D3,2.09209824
GLOBAL,PWRWONKENXX01,WONKENXX,1,2029,S2D1,1.770462576
GLOBAL,PWRWONKENXX01,WONKENXX,1,2029,S2D2,1.387237104
GLOBAL,PWRWONKENXX01,WONKENXX,1,2029,S3D3,2.09209824
GLOBAL,PWRWONKENXX01,WONKENXX,1,2029,S3D1,2.025620352
GLOBAL,PWRWONKENXX01,WONKENXX,1,2029,S3D2,2.09209824
GLOBAL,PWRWONKENXX01,WONKENXX,1,2030,S1D3,0.7654034855430658
GLOBAL,PWRWONKENXX01,WONKENXX,1,2030,S1D1,2.021709888
GLOBAL,PWRWONKENXX01,WONKENXX,1,2030,S1D2,2.09209824
GLOBAL,PWRWONKENXX01,WONKENXX,1,2030,S2D3,2.09209824
GLOBAL,PWRWONKENXX01,WONKENXX,1,2030,S2D1,1.770462576
GLOBAL,PWRWONKENXX01,WONKENXX,1,2030,S2D2,1.387237104
GLOBAL,PWRWONKENXX01,WONKENXX,1,2030,S3D3,2.09209824
GLOBAL,PWRWONKENXX01,WONKENXX,1,2030,S3D1,2.025620352
GLOBAL,PWRWONKENXX01,WONKENXX,1,2030,S3D2,2.09209824
GLOBAL,PWRWONKENXX01,WONKENXX,1,2031,S1D3,0.7654034855430658
GLOBAL,PWRWONKENXX01,WONKENXX,1,2031,S1D1,2.021709888
GLOBAL,PWRWONKENXX01,WONKENXX,1,2031,S1D2,2.09209824
GLOBAL,PWRWONKENXX01,WONKENXX,1,2031,S2D3,2.09209824
GLOBAL,PWRWONKENXX01,WONKENXX,1,2031,S2D1,1.770462576
GLOBAL,PWRWONKENXX01,WONKENXX,1,2031,S2D2,1.387237104
GLOBAL,PWRWONKENXX01,WONKENXX,1,2031,S3D3,2.09209824
GLOBAL,PWRWONKENXX01,WONKENXX,1,2031,S3D1,2.025620352
GLOBAL,PWRWONKENXX01,WONKENXX,1,2031,S3D2,2.09209824
GLOBAL,PWRWONKENXX01,WONKENXX,1,2032,S1D3,2.09209824
GLOBAL,PWRWONKENXX01,WONKENXX,1,2032,S1D1,0.6950151335430664
GLOBAL,PWRWONKENXX01,WONKENXX,1,2032,S1D2,2.09209824
GLOBAL,PWRWONKENXX01,WONKENXX,1,2032,S2D3,2.09209824
GLOBAL,PWRWONKENXX01,WONKENXX,1,2032,S2D1,1.770462576
GLOBAL,PWRWONKENXX01,WONKENXX,1,2032,S2D2,1.387237104
GLOBAL,PWRWONKENXX01,WONKENXX,1,2032,S3D3,2.09209824
GLOBAL,PWRWONKENXX01,WONKENXX,1,2032,S3D1,2.025620352
GLOBAL,PWRWONKENXX01,WONKENXX,1,2032,S3D2,2.09209824
GLOBAL,PWRWONKENXX01,WONKENXX,1,2033,S1D3,2.09209824
GLOBAL,PWRWONKENXX01,WONKENXX,1,2033,S1D1,1.6257756895136262
GLOBAL,PWRWONKENXX01,WONKENXX,1,2033,S1D2,2.09209824
GLOBAL,PWRWONKENXX01,WONKENXX,1,2033,S2D3,1.1837157205487667
GLOBAL,PWRWONKENXX01,WONKENXX,1,2033,S2D1,1.770462576
GLOBAL,PWRWONKENXX01,WONKENXX,1,2033,S2D2,1.387237104
GLOBAL,PWRWONKENXX01,WONKENXX,1,2033,S3D3,2.09209824
GLOBAL,PWRWONKENXX01,WONKENXX,1,2033,S3D1,2.025620352
GLOBAL,PWRWONKENXX01,WONKENXX,1,2033,S3D2,2.09209824
GLOBAL,PWRWONKENXX01,WONKENXX,1,2034,S1D3,2.275890048
GLOBAL,PWRWONKENXX01,WONKENXX,1,2034,S1D1,0.18058306891532824
GLOBAL,PWRWONKENXX01,WONKENXX,1,2034,S1D2,2.250472032
GLOBAL,PWRWONKENXX01,WONKENXX,1,2034,S2D3,2.13609096
GLOBAL,PWRWONKENXX01,WONKENXX,1,2034,S2D1,1.770462576
GLOBAL,PWRWONKENXX01,WONKENXX,1,2034,S2D2,1.387237104
GLOBAL,PWRWONKENXX01,WONKENXX,1,2034,S3D3,2.217233088
GLOBAL,PWRWONKENXX01,WONKENXX,1,2034,S3D1,2.025620352
GLOBAL,PWRWONKENXX01,WONKENXX,1,2034,S3D2,2.09209824
GLOBAL,PWRWONKENXX01,WONKENXX,1,2035,S1D3,2.275890048
GLOBAL,PWRWONKENXX01,WONKENXX,1,2035,S1D1,0.18058306891532824
GLOBAL,PWRWONKENXX01,WONKENXX,1,2035,S1D2,2.250472032
GLOBAL,PWRWONKENXX01,WONKENXX,1,2035,S2D3,2.13609096
GLOBAL,PWRWONKENXX01,WONKENXX,1,2035,S2D1,1.770462576
GLOBAL,PWRWONKENXX01,WONKENXX,1,2035,S2D2,1.387237104
GLOBAL,PWRWONKENXX01,WONKENXX,1,2035,S3D3,2.217233088
GLOBAL,PWRWONKENXX01,WONKENXX,1,2035,S3D1,2.025620352
GLOBAL,PWRWONKENXX01,WONKENXX,1,2035,S3D2,2.09209824
GLOBAL,PWRWONKENXX01,WONKENXX,1,2036,S1D3,2.275890048
GLOBAL,PWRWONKENXX01,WONKENXX,1,2036,S1D1,0.18058306891532824
GLOBAL,PWRWONKENXX01,WONKENXX,1,2036,S1D2,2.250472032
GLOBAL,PWRWONKENXX01,WONKENXX,1,2036,S2D3,2.13609096
GLOBAL,PWRWONKENXX01,WONKENXX,1,2036,S2D1,1.770462576
GLOBAL,PWRWONKENXX01,WONKENXX,1,2036,S2D2,1.387237104
GLOBAL,PWRWONKENXX01,WONKENXX,1,2036,S3D3,2.217233088
GLOBAL,PWRWONKENXX01,WONKENXX,1,2036,S3D1,2.025620352
GLOBAL,PWRWONKENXX01,WONKENXX,1,2036,S3D2,2.09209824
GLOBAL,PWRWONKENXX01,WONKENXX,1,2037,S1D3,2.275890048
GLOBAL,PWRWONKENXX01,WONKENXX,1,2037,S1D1,0.18058306891532824
GLOBAL,PWRWONKENXX01,WONKENXX,1,2037,S1D2,2.250472032
GLOBAL,PWRWONKENXX01,WONKENXX,1,2037,S2D3,2.13609096
GLOBAL,PWRWONKENXX01,WONKENXX,1,2037,S2D1,1.770462576
GLOBAL,PWRWONKENXX01,WONKENXX,1,2037,S2D2,1.387237104
GLOBAL,PWRWONKENXX01,WONKENXX,1,2037,S3D3,2.217233088
GLOBAL,PWRWONKENXX01,WONKENXX,1,2037,S3D1,2.025620352
GLOBAL,PWRWONKENXX01,WONKENXX,1,2037,S3D2,2.09209824
GLOBAL,PWRWONKENXX01,WONKENXX,1,2038,S1D3,2.275890048
GLOBAL,PWRWONKENXX01,WONKENXX,1,2038,S1D1,0.18058306891532824
GLOBAL,PWRWONKENXX01,WONKENXX,1,2038,S1D2,2.250472032
GLOBAL,PWRWONKENXX01,WONKENXX,1,2038,S2D3,2.13609096
GLOBAL,PWRWONKENXX01,WONKENXX,1,2038,S2D1,1.770462576
GLOBAL,PWRWONKENXX01,WONKENXX,1,2038,S2D2,1.387237104
GLOBAL,PWRWONKENXX01,WONKENXX,1,2038,S3D3,2.217233088
GLOBAL,PWRWONKENXX01,WONKENXX,1,2038,S3D1,2.025620352
GLOBAL,PWRWONKENXX01,WONKENXX,1,2038,S3D2,2.09209824
GLOBAL,PWRWONKENXX01,WONKENXX,1,2039,S1D3,2.275890048
GLOBAL,PWRWONKENXX01,WONKENXX,1,2039,S1D1,0.18058306891532824
GLOBAL,PWRWONKENXX01,WONKENXX,1,2039,S1D2,2.250472032
GLOBAL,PWRWONKENXX01,WONKENXX,1,2039,S2D3,2.13609096
GLOBAL,PWRWONKENXX01,WONKENXX,1,2039,S2D1,1.770462576
GLOBAL,PWRWONKENXX01,WONKENXX,1,2039,S2D2,1.387237104
GLOBAL,PWRWONKENXX01,WONKENXX,1,2039,S3D3,2.217233088
GLOBAL,PWRWONKENXX01,WONKENXX,1,2039,S3D1,2.025620352
GLOBAL,PWRWONKENXX01,WONKENXX,1,2039,S3D2,2.09209824
GLOBAL,PWRWONKENXX01,WONKENXX,1,2040,S1D3,2.275890048
GLOBAL,PWRWONKENXX01,WONKENXX,1,2040,S1D1,0.18058306891532824
GLOBAL,PWRWONKENXX01,WONKENXX,1,2040,S1D2,2.250472032
GLOBAL,PWRWONKENXX01,WONKENXX,1,2040,S2D3,2.13609096
GLOBAL,PWRWONKENXX01,WONKENXX,1,2040,S2D1,1.770462576
GLOBAL,PWRWONKENXX01,WONKENXX,1,2040,S2D2,1.387237104
GLOBAL,PWRWONKENXX01,WONKENXX,1,2040,S3D3,2.217233088
GLOBAL,PWRWONKENXX01,WONKENXX,1,2040,S3D1,2.025620352
GLOBAL,PWRWONKENXX01,WONKENXX,1,2040,S3D2,2.09209824
GLOBAL,PWRWONKENXX01,WONKENXX,1,2041,S1D3,2.275890048
GLOBAL,PWRWONKENXX01,WONKENXX,1,2041,S1D1,2.021709888
GLOBAL,PWRWONKENXX01,WONKENXX,1,2041,S1D2,2.250472032
GLOBAL,PWRWONKENXX01,WONKENXX,1,2041,S2D3,2.13609096
GLOBAL,PWRWONKENXX01,WONKENXX,1,2041,S2D1,1.770462576
GLOBAL,PWRWONKENXX01,WONKENXX,1,2041,S2D2,1.387237104
GLOBAL,PWRWONKENXX01,WONKENXX,1,2041,S3D3,2.217233088
GLOBAL,PWRWONKENXX01,WONKENXX,1,2041,S3D1,0.21424244022549388
GLOBAL,PWRWONKENXX01,WONKENXX,1,2041,S3D2,2.09209824
GLOBAL,PWRWONKENXX01,WONKENXX,1,2042,S1D3,2.275890048
GLOBAL,PWRWONKENXX01,WONKENXX,1,2042,S1D1,0.18058306891532824
GLOBAL,PWRWONKENXX01,WONKENXX,1,2042,S1D2,2.250472032
GLOBAL,PWRWONKENXX01,WONKENXX,1,2042,S2D3,2.13609096
GLOBAL,PWRWONKENXX01,WONKENXX,1,2042,S2D1,1.770462576
GLOBAL,PWRWONKENXX01,WONKENXX,1,2042,S2D2,1.387237104
GLOBAL,PWRWONKENXX01,WONKENXX,1,2042,S3D3,2.217233088
GLOBAL,PWRWONKENXX01,WONKENXX,1,2042,S3D1,2.025620352
GLOBAL,PWRWONKENXX01,WONKENXX,1,2042,S3D2,2.09209824
GLOBAL,PWRWONKENXX01,WONKENXX,1,2043,S1D3,2.275890048
GLOBAL,PWRWONKENXX01,WONKENXX,1,2043,S1D1,0.18058306891532824
GLOBAL,PWRWONKENXX01,WONKENXX,1,2043,S1D2,2.250472032
GLOBAL,PWRWONKENXX01,WONKENXX,1,2043,S2D3,2.13609096
GLOBAL,PWRWONKENXX01,WONKENXX,1,2043,S2D1,1.770462576
GLOBAL,PWRWONKENXX01,WONKENXX,1,2043,S2D2,1.387237104
GLOBAL,PWRWONKENXX01,WONKENXX,1,2043,S3D3,2.217233088
GLOBAL,PWRWONKENXX01,WONKENXX,1,2043,S3D1,2.025620352
GLOBAL,PWRWONKENXX01,WONKENXX,1,2043,S3D2,2.09209824
GLOBAL,PWRWONKENXX01,WONKENXX,1,2044,S1D3,2.275890048
GLOBAL,PWRWONKENXX01,WONKENXX,1,2044,S1D1,1.6019948096014598
GLOBAL,PWRWONKENXX01,WONKENXX,1,2044,S1D2,2.250472032
GLOBAL,PWRWONKENXX01,WONKENXX,1,2044,S2D3,2.13609096
GLOBAL,PWRWONKENXX01,WONKENXX,1,2044,S2D1,1.770462576
GLOBAL,PWRWONKENXX01,WONKENXX,1,2044,S3D3,2.217233088
GLOBAL,PWRWONKENXX01,WONKENXX,1,2044,S3D1,2.025620352
GLOBAL,PWRWONKENXX01,WONKENXX,1,2044,S3D2,2.09209824
GLOBAL,PWRWONKENXX01,WONKENXX,1,2045,S1D3,2.275890048
GLOBAL,PWRWONKENXX01,WONKENXX,1,2045,S1D1,0.18058306891532824
GLOBAL,PWRWONKENXX01,WONKENXX,1,2045,S1D2,2.250472032
GLOBAL,PWRWONKENXX01,WONKENXX,1,2045,S2D3,2.13609096
GLOBAL,PWRWONKENXX01,WONKENXX,1,2045,S2D1,1.770462576
GLOBAL,PWRWONKENXX01,WONKENXX,1,2045,S2D2,1.387237104
GLOBAL,PWRWONKENXX01,WONKENXX,1,2045,S3D3,2.217233088
GLOBAL,PWRWONKENXX01,WONKENXX,1,2045,S3D1,2.025620352
GLOBAL,PWRWONKENXX01,WONKENXX,1,2045,S3D2,2.09209824
GLOBAL,PWRWONKENXX01,WONKENXX,1,2046,S1D3,2.275890048
GLOBAL,PWRWONKENXX01,WONKENXX,1,2046,S1D1,2.021709888
GLOBAL,PWRWONKENXX01,WONKENXX,1,2046,S1D2,2.250472032
GLOBAL,PWRWONKENXX01,WONKENXX,1,2046,S2D3,2.13609096
GLOBAL,PWRWONKENXX01,WONKENXX,1,2046,S2D2,1.387237104
GLOBAL,PWRWONKENXX01,WONKENXX,1,2046,S3D3,2.217233088
GLOBAL,PWRWONKENXX01,WONKENXX,1,2046,S3D1,2.025620352
GLOBAL,PWRWONKENXX01,WONKENXX,1,2046,S3D2,2.065486461841294
GLOBAL,PWRWONKENXX01,WONKENXX,1,2047,S1D3,2.275890048
GLOBAL,PWRWONKENXX01,WONKENXX,1,2047,S1D1,2.021709888
GLOBAL,PWRWONKENXX01,WONKENXX,1,2047,S1D2,2.250472032
GLOBAL,PWRWONKENXX01,WONKENXX,1,2047,S2D3,2.13609096
GLOBAL,PWRWONKENXX01,WONKENXX,1,2047,S2D1,1.770462576
GLOBAL,PWRWONKENXX01,WONKENXX,1,2047,S2D2,1.387237104
GLOBAL,PWRWONKENXX01,WONKENXX,1,2047,S3D3,2.217233088
GLOBAL,PWRWONKENXX01,WONKENXX,1,2047,S3D1,0.21424244022549388
GLOBAL,PWRWONKENXX01,WONKENXX,1,2047,S3D2,2.09209824
