REGION,TIMESLICE,TECHNOLOGY,FUEL,YEAR,VALUE
GLOBAL,S1D1,PWRBIOKENXX01,BIOKENXX,2022,0.9217613044257145
GLOBAL,S1D1,PWRBIOKENXX01,BIOKENXX,2023,0.98298468864
GLOBAL,S1D1,PWRBIOKENXX01,BIOKENXX,2025,0.49552832160000054
GLOBAL,S1D1,PWRBIOKENXX01,BIOKENXX,2027,0.98298468864
GLOBAL,S1D1,PWRBIOKENXX01,BIOKENXX,2028,0.98298468864
GLOBAL,S1D1,PWRGEOKENXX01,GEOKENXX,2021,2.3032940526922423
GLOBAL,S1D1,PWRGEOKENXX01,GEOKENXX,2022,1.9766124819711208
GLOBAL,S1D1,PWRGEOKENXX01,GEOKENXX,2023,1.9248685130481995
GLOBAL,S1D1,PWRGEOKENXX01,GEOKENXX,2024,2.6060845824000003
GLOBAL,S1D1,PWRGEOKENXX01,GEOKENXX,2025,2.019508288706159
GLOBAL,S1D1,PWRGEOKENXX01,GEOKENXX,2026,2.1983408796705692
GLOBAL,S1D1,PWRGEOKENXX01,GEOKENXX,2027,1.7841364473741974
GLOBAL,S1D1,PWRGEOKENXX01,GEOKENXX,2028,1.7435796987082162
GLOBAL,S1D1,PWRGEOKENXX01,GEOKENXX,2029,2.6060845824000003
GLOBAL,S1D1,PWRGEOKENXX01,GEOKENXX,2030,1.973442101740887
GLOBAL,S1D1,PWRGEOKENXX01,GEOKENXX,2031,1.9266971167761084
GLOBAL,S1D1,PWRGEOKENXX01,GEOKENXX,2032,2.6060845824000003
GLOBAL,S1D1,PWRGEOKENXX01,GEOKENXX,2033,1.3919688030035204
GLOBAL,S1D1,PWRGEOKENXX01,GEOKENXX,2034,1.4482088064
GLOBAL,S1D1,PWRGEOKENXX01,GEOKENXX,2035,1.4482088064
GLOBAL,S1D1,PWRGEOKENXX01,GEOKENXX,2036,1.4482088064
GLOBAL,S1D1,PWRGEOKENXX01,GEOKENXX,2037,1.4482088064
GLOBAL,S1D1,PWRGEOKENXX01,GEOKENXX,2038,0.12698254224000172
GLOBAL,S1D1,PWRGEOKENXX01,GEOKENXX,2039,1.4482088064
GLOBAL,S1D1,PWRGEOKENXX01,GEOKENXX,2040,1.4482088064
GLOBAL,S1D1,PWRGEOKENXX01,GEOKENXX,2041,1.4482088064
GLOBAL,S1D1,PWRGEOKENXX01,GEOKENXX,2042,1.4482088064
GLOBAL,S1D1,PWRGEOKENXX01,GEOKENXX,2043,0.12698254224000172
GLOBAL,S1D1,PWRGEOKENXX01,GEOKENXX,2044,1.4482088064
GLOBAL,S1D1,PWRGEOKENXX01,GEOKENXX,2045,0.9643204224
GLOBAL,S1D1,PWRHYDKENXX01,HYDKENXX,2021,1.6082620003202375
GLOBAL,S1D1,PWRHYDKENXX01,HYDKENXX,2022,1.9875469557167664
GLOBAL,S1D1,PWRHYDKENXX01,HYDKENXX,2023,2.3631164359642804
GLOBAL,S1D1,PWRHYDKENXX01,HYDKENXX,2024,2.3547555496345605
GLOBAL,S1D1,PWRHYDKENXX01,HYDKENXX,2025,3.1288190833283998
GLOBAL,S1D1,PWRHYDKENXX01,HYDKENXX,2026,3.63797583199438
GLOBAL,S1D1,PWRHYDKENXX01,HYDKENXX,2027,4.147132580660362
GLOBAL,S1D1,PWRHYDKENXX01,HYDKENXX,2028,4.656289329326342
GLOBAL,S1D1,PWRHYDKENXX01,HYDKENXX,2029,4.7199612947230385
GLOBAL,S1D1,PWRHYDKENXX01,HYDKENXX,2030,5.675798030293672
GLOBAL,S1D1,PWRHYDKENXX01,HYDKENXX,2031,6.262643015258451
GLOBAL,S1D1,PWRHYDKENXX01,HYDKENXX,2032,5.5955837761191605
GLOBAL,S1D1,PWRHYDKENXX01,HYDKENXX,2033,6.44550022095574
GLOBAL,S1D1,PWRHYDKENXX01,HYDKENXX,2034,5.040578191413123
GLOBAL,S1D1,PWRHYDKENXX01,HYDKENXX,2035,4.924829156624476
GLOBAL,S1D1,PWRHYDKENXX01,HYDKENXX,2036,4.879947118884108
GLOBAL,S1D1,PWRHYDKENXX01,HYDKENXX,2037,4.835144098815824
GLOBAL,S1D1,PWRHYDKENXX01,HYDKENXX,2038,6.111488325235458
GLOBAL,S1D1,PWRHYDKENXX01,HYDKENXX,2039,4.745459041007172
GLOBAL,S1D1,PWRHYDKENXX01,HYDKENXX,2040,4.700577003266808
GLOBAL,S1D1,PWRHYDKENXX01,HYDKENXX,2041,4.4430820450800645
GLOBAL,S1D1,PWRHYDKENXX01,HYDKENXX,2042,4.589162085636684
GLOBAL,S1D1,PWRHYDKENXX01,HYDKENXX,2043,5.854759908653691
GLOBAL,S1D1,PWRHYDKENXX01,HYDKENXX,2044,4.322039458899432
GLOBAL,S1D1,PWRHYDKENXX01,HYDKENXX,2045,4.490593383574703
GLOBAL,S1D1,PWRHYDKENXX01,HYDKENXX,2046,4.355414470817498
GLOBAL,S1D1,PWRHYDKENXX01,HYDKENXX,2047,4.285483831028343
GLOBAL,S1D1,PWRHYDKENXX01,HYDKENXX,2048,4.257906743846275
GLOBAL,S1D1,PWRHYDKENXX01,HYDKENXX,2049,4.188055121729224
GLOBAL,S1D1,PWRHYDKENXX01,HYDKENXX,2050,4.101066580599882
GLOBAL,S1D1,PWRHYDTZAXX01,HYDTZAXX,2021,4.830804893241093
GLOBAL,S1D1,PWRHYDTZAXX01,HYDTZAXX,2022,5.275213235312148
GLOBAL,S1D1,PWRHYDTZAXX01,HYDTZAXX,2023,3.6265060974276397
GLOBAL,S1D1,PWRHYDTZAXX01,HYDTZAXX,2024,3.9013001402778005
GLOBAL,S1D1,PWRHYDTZAXX01,HYDTZAXX,2025,4.175536791560314
GLOBAL,S1D1,PWRHYDTZAXX01,HYDTZAXX,2026,4.521490371009144
GLOBAL,S1D1,PWRHYDTZAXX01,HYDTZAXX,2027,4.86682597488389
GLOBAL,S1D1,PWRHYDTZAXX01,HYDTZAXX,2028,5.2135558110689235
GLOBAL,S1D1,PWRHYDTZAXX01,HYDTZAXX,2029,5.560285647253956
GLOBAL,S1D1,PWRHYDTZAXX01,HYDTZAXX,2030,5.9644918511047775
GLOBAL,S1D1,PWRHYDTZAXX01,HYDTZAXX,2031,6.396908919242296
GLOBAL,S1D1,PWRHYDTZAXX01,HYDTZAXX,2032,6.829898725218408
GLOBAL,S1D1,PWRHYDTZAXX01,HYDTZAXX,2033,7.102600849225334
GLOBAL,S1D1,PWRHYDTZAXX01,HYDTZAXX,2034,7.525474726771676
GLOBAL,S1D1,PWRHYDTZAXX01,HYDTZAXX,2035,7.948908702169067
GLOBAL,S1D1,PWRHYDTZAXX01,HYDTZAXX,2036,8.451876572416234
GLOBAL,S1D1,PWRHYDTZAXX01,HYDTZAXX,2037,8.954844442663406
GLOBAL,S1D1,PWRHYDTZAXX01,HYDTZAXX,2038,9.457252215059523
GLOBAL,S1D1,PWRHYDTZAXX01,HYDTZAXX,2039,9.960220085306693
GLOBAL,S1D1,PWRHYDTZAXX01,HYDTZAXX,2040,10.46318795555386
GLOBAL,S1D1,PWRHYDTZAXX01,HYDTZAXX,2041,11.057451775522955
GLOBAL,S1D1,PWRHYDTZAXX01,HYDTZAXX,2042,11.652275693343102
GLOBAL,S1D1,PWRHYDTZAXX01,HYDTZAXX,2043,12.246539513312195
GLOBAL,S1D1,PWRHYDTZAXX01,HYDTZAXX,2044,12.840803333281288
GLOBAL,S1D1,PWRHYDTZAXX01,HYDTZAXX,2045,13.435067153250381
GLOBAL,S1D1,PWRHYDTZAXX01,HYDTZAXX,2046,14.172716023089498
GLOBAL,S1D1,PWRHYDTZAXX01,HYDTZAXX,2047,14.910364892928605
GLOBAL,S1D1,PWRHYDTZAXX01,HYDTZAXX,2048,15.64801376276772
GLOBAL,S1D1,PWRHYDTZAXX01,HYDTZAXX,2049,16.38566263260683
GLOBAL,S1D1,PWRHYDTZAXX01,HYDTZAXX,2050,17.123311502445944
GLOBAL,S1D1,PWRSPVKENXX01,SPVKENXX,2021,0.02058046424064
GLOBAL,S1D1,PWRSPVKENXX01,SPVKENXX,2022,0.02058046424064
GLOBAL,S1D1,PWRSPVKENXX01,SPVKENXX,2023,0.02058046424064
GLOBAL,S1D1,PWRSPVKENXX01,SPVKENXX,2024,0.02058046424064
GLOBAL,S1D1,PWRSPVKENXX01,SPVKENXX,2025,0.02058046424064
GLOBAL,S1D1,PWRSPVKENXX01,SPVKENXX,2026,0.02058046424064
GLOBAL,S1D1,PWRSPVKENXX01,SPVKENXX,2027,0.02058046424064
GLOBAL,S1D1,PWRSPVKENXX01,SPVKENXX,2028,0.02058046424064
GLOBAL,S1D1,PWRSPVKENXX01,SPVKENXX,2029,0.02058046424064
GLOBAL,S1D1,PWRSPVKENXX01,SPVKENXX,2030,0.02058046424064
GLOBAL,S1D1,PWRSPVKENXX01,SPVKENXX,2031,0.02058046424064
GLOBAL,S1D1,PWRSPVKENXX01,SPVKENXX,2032,0.6926579828445187
GLOBAL,S1D1,PWRSPVKENXX01,SPVKENXX,2033,1.4949459604700461
GLOBAL,S1D1,PWRSPVKENXX01,SPVKENXX,2034,3.542121097833758
GLOBAL,S1D1,PWRSPVKENXX01,SPVKENXX,2035,4.196870132622403
GLOBAL,S1D1,PWRSPVKENXX01,SPVKENXX,2036,4.8665521703627705
GLOBAL,S1D1,PWRSPVKENXX01,SPVKENXX,2037,5.5350551904310565
GLOBAL,S1D1,PWRSPVKENXX01,SPVKENXX,2038,6.204737228171419
GLOBAL,S1D1,PWRSPVKENXX01,SPVKENXX,2039,6.873240248239709
GLOBAL,S1D1,PWRSPVKENXX01,SPVKENXX,2040,7.542922285980072
GLOBAL,S1D1,PWRSPVKENXX01,SPVKENXX,2041,8.374129744795136
GLOBAL,S1D1,PWRSPVKENXX01,SPVKENXX,2042,9.205337203610192
GLOBAL,S1D1,PWRSPVKENXX01,SPVKENXX,2043,10.035365644753185
GLOBAL,S1D1,PWRSPVKENXX01,SPVKENXX,2044,10.866573103568248
GLOBAL,S1D1,PWRSPVKENXX01,SPVKENXX,2045,12.11319428967218
GLOBAL,S1D1,PWRSPVKENXX01,SPVKENXX,2046,13.983306125457748
GLOBAL,S1D1,PWRSPVKENXX01,SPVKENXX,2047,15.026736765246874
GLOBAL,S1D1,PWRSPVKENXX01,SPVKENXX,2048,16.248293256153726
GLOBAL,S1D1,PWRSPVKENXX01,SPVKENXX,2049,17.29054487827077
GLOBAL,S1D1,PWRSPVKENXX01,SPVKENXX,2050,18.351033419400093
GLOBAL,S1D1,PWRSPVTZAXX01,SPVTZAXX,2021,0.49019510675890665
GLOBAL,S1D1,PWRSPVTZAXX01,SPVTZAXX,2022,0.5377867646878518
GLOBAL,S1D1,PWRSPVTZAXX01,SPVTZAXX,2023,2.6784939025723595
GLOBAL,S1D1,PWRSPVTZAXX01,SPVTZAXX,2024,2.8966998597221996
GLOBAL,S1D1,PWRSPVTZAXX01,SPVTZAXX,2025,3.114463208439686
GLOBAL,S1D1,PWRSPVTZAXX01,SPVTZAXX,2026,3.3935096289908553
GLOBAL,S1D1,PWRSPVTZAXX01,SPVTZAXX,2027,3.67217402511611
GLOBAL,S1D1,PWRSPVTZAXX01,SPVTZAXX,2028,3.950444188931075
GLOBAL,S1D1,PWRSPVTZAXX01,SPVTZAXX,2029,4.228714352746043
GLOBAL,S1D1,PWRSPVTZAXX01,SPVTZAXX,2030,4.449508148895221
GLOBAL,S1D1,PWRSPVTZAXX01,SPVTZAXX,2031,4.772091080757704
GLOBAL,S1D1,PWRSPVTZAXX01,SPVTZAXX,2032,5.095101274781593
GLOBAL,S1D1,PWRSPVTZAXX01,SPVTZAXX,2033,5.578399150774665
GLOBAL,S1D1,PWRSPVTZAXX01,SPVTZAXX,2034,5.910525273228324
GLOBAL,S1D1,PWRSPVTZAXX01,SPVTZAXX,2035,6.24309129783093
GLOBAL,S1D1,PWRSPVTZAXX01,SPVTZAXX,2036,6.638123427583763
GLOBAL,S1D1,PWRSPVTZAXX01,SPVTZAXX,2037,7.033155557336594
GLOBAL,S1D1,PWRSPVTZAXX01,SPVTZAXX,2038,7.42774778494048
GLOBAL,S1D1,PWRSPVTZAXX01,SPVTZAXX,2039,7.822779914693311
GLOBAL,S1D1,PWRSPVTZAXX01,SPVTZAXX,2040,8.21781204444614
GLOBAL,S1D1,PWRSPVTZAXX01,SPVTZAXX,2041,8.684548224477046
GLOBAL,S1D1,PWRSPVTZAXX01,SPVTZAXX,2042,9.151724306656897
GLOBAL,S1D1,PWRSPVTZAXX01,SPVTZAXX,2043,9.618460486687802
GLOBAL,S1D1,PWRSPVTZAXX01,SPVTZAXX,2044,10.085196666718709
GLOBAL,S1D1,PWRSPVTZAXX01,SPVTZAXX,2045,10.551932846749613
GLOBAL,S1D1,PWRSPVTZAXX01,SPVTZAXX,2046,11.131283976910504
GLOBAL,S1D1,PWRSPVTZAXX01,SPVTZAXX,2047,11.710635107071395
GLOBAL,S1D1,PWRSPVTZAXX01,SPVTZAXX,2048,12.289986237232277
GLOBAL,S1D1,PWRSPVTZAXX01,SPVTZAXX,2049,12.869337367393168
GLOBAL,S1D1,PWRSPVTZAXX01,SPVTZAXX,2050,13.448688497554054
GLOBAL,S1D1,PWRTRNKENXX,ELCKENXX01,2021,4.1723
GLOBAL,S1D1,PWRTRNKENXX,ELCKENXX01,2022,4.5166
GLOBAL,S1D1,PWRTRNKENXX,ELCKENXX01,2023,4.8598
GLOBAL,S1D1,PWRTRNKENXX,ELCKENXX01,2024,5.203000000000001
GLOBAL,S1D1,PWRTRNKENXX,ELCKENXX01,2025,5.5473
GLOBAL,S1D1,PWRTRNKENXX,ELCKENXX01,2026,6.0159
GLOBAL,S1D1,PWRTRNKENXX,ELCKENXX01,2027,6.4845
GLOBAL,S1D1,PWRTRNKENXX,ELCKENXX01,2028,6.9531
GLOBAL,S1D1,PWRTRNKENXX,ELCKENXX01,2029,7.4228
GLOBAL,S1D1,PWRTRNKENXX,ELCKENXX01,2030,7.891399999999999
GLOBAL,S1D1,PWRTRNKENXX,ELCKENXX01,2031,8.431499999999998
GLOBAL,S1D1,PWRTRNKENXX,ELCKENXX01,2032,8.9705
GLOBAL,S1D1,PWRTRNKENXX,ELCKENXX01,2033,9.5106
GLOBAL,S1D1,PWRTRNKENXX,ELCKENXX01,2034,10.0507
GLOBAL,S1D1,PWRTRNKENXX,ELCKENXX01,2035,10.5897
GLOBAL,S1D1,PWRTRNKENXX,ELCKENXX01,2036,11.214500000000001
GLOBAL,S1D1,PWRTRNKENXX,ELCKENXX01,2037,11.8382
GLOBAL,S1D1,PWRTRNKENXX,ELCKENXX01,2038,12.463000000000001
GLOBAL,S1D1,PWRTRNKENXX,ELCKENXX01,2039,13.0867
GLOBAL,S1D1,PWRTRNKENXX,ELCKENXX01,2040,13.711499999999997
GLOBAL,S1D1,PWRTRNKENXX,ELCKENXX01,2041,14.487
GLOBAL,S1D1,PWRTRNKENXX,ELCKENXX01,2042,15.262500000000001
GLOBAL,S1D1,PWRTRNKENXX,ELCKENXX01,2043,16.0369
GLOBAL,S1D1,PWRTRNKENXX,ELCKENXX01,2044,16.8124
GLOBAL,S1D1,PWRTRNKENXX,ELCKENXX01,2045,17.5879
GLOBAL,S1D1,PWRTRNKENXX,ELCKENXX01,2046,18.5603
GLOBAL,S1D1,PWRTRNKENXX,ELCKENXX01,2047,19.5338
GLOBAL,S1D1,PWRTRNKENXX,ELCKENXX01,2048,20.5062
GLOBAL,S1D1,PWRTRNKENXX,ELCKENXX01,2049,21.4786
GLOBAL,S1D1,PWRTRNKENXX,ELCKENXX01,2050,22.4521
GLOBAL,S1D1,PWRTRNTZAXX,ELCTZAXX01,2021,5.321
GLOBAL,S1D1,PWRTRNTZAXX,ELCTZAXX01,2022,5.813
GLOBAL,S1D1,PWRTRNTZAXX,ELCTZAXX01,2023,6.305
GLOBAL,S1D1,PWRTRNTZAXX,ELCTZAXX01,2024,6.798
GLOBAL,S1D1,PWRTRNTZAXX,ELCTZAXX01,2025,7.29
GLOBAL,S1D1,PWRTRNTZAXX,ELCTZAXX01,2026,7.914999999999999
GLOBAL,S1D1,PWRTRNTZAXX,ELCTZAXX01,2027,8.538999999999998
GLOBAL,S1D1,PWRTRNTZAXX,ELCTZAXX01,2028,9.164000000000001
GLOBAL,S1D1,PWRTRNTZAXX,ELCTZAXX01,2029,9.789
GLOBAL,S1D1,PWRTRNTZAXX,ELCTZAXX01,2030,10.414000000000001
GLOBAL,S1D1,PWRTRNTZAXX,ELCTZAXX01,2031,11.169
GLOBAL,S1D1,PWRTRNTZAXX,ELCTZAXX01,2032,11.924999999999999
GLOBAL,S1D1,PWRTRNTZAXX,ELCTZAXX01,2033,12.681
GLOBAL,S1D1,PWRTRNTZAXX,ELCTZAXX01,2034,13.436
GLOBAL,S1D1,PWRTRNTZAXX,ELCTZAXX01,2035,14.191999999999998
GLOBAL,S1D1,PWRTRNTZAXX,ELCTZAXX01,2036,15.09
GLOBAL,S1D1,PWRTRNTZAXX,ELCTZAXX01,2037,15.988
GLOBAL,S1D1,PWRTRNTZAXX,ELCTZAXX01,2038,16.885
GLOBAL,S1D1,PWRTRNTZAXX,ELCTZAXX01,2039,17.783
GLOBAL,S1D1,PWRTRNTZAXX,ELCTZAXX01,2040,18.681
GLOBAL,S1D1,PWRTRNTZAXX,ELCTZAXX01,2041,19.742
GLOBAL,S1D1,PWRTRNTZAXX,ELCTZAXX01,2042,20.804000000000002
GLOBAL,S1D1,PWRTRNTZAXX,ELCTZAXX01,2043,21.865
GLOBAL,S1D1,PWRTRNTZAXX,ELCTZAXX01,2044,22.926000000000002
GLOBAL,S1D1,PWRTRNTZAXX,ELCTZAXX01,2045,23.987
GLOBAL,S1D1,PWRTRNTZAXX,ELCTZAXX01,2046,25.304
GLOBAL,S1D1,PWRTRNTZAXX,ELCTZAXX01,2047,26.620999999999995
GLOBAL,S1D1,PWRTRNTZAXX,ELCTZAXX01,2048,27.938000000000002
GLOBAL,S1D1,PWRTRNTZAXX,ELCTZAXX01,2049,29.254999999999992
GLOBAL,S1D1,PWRTRNTZAXX,ELCTZAXX01,2050,30.572000000000003
GLOBAL,S1D1,PWRWONKENXX01,WONKENXX,2021,0.24016348274688
GLOBAL,S1D1,PWRWONKENXX01,WONKENXX,2022,0.24016348274688
GLOBAL,S1D1,PWRWONKENXX01,WONKENXX,2023,0.24016348274688
GLOBAL,S1D1,PWRWONKENXX01,WONKENXX,2024,0.22157940372480003
GLOBAL,S1D1,PWRWONKENXX01,WONKENXX,2025,0.22157940372480003
GLOBAL,S1D1,PWRWONKENXX01,WONKENXX,2026,0.15900282409441135
GLOBAL,S1D1,PWRWONKENXX01,WONKENXX,2027,0.22157940372480003
GLOBAL,S1D1,PWRWONKENXX01,WONKENXX,2028,0.22157940372480003
GLOBAL,S1D1,PWRWONKENXX01,WONKENXX,2029,0.07617365863632009
GLOBAL,S1D1,PWRWONKENXX01,WONKENXX,2030,0.22157940372480003
GLOBAL,S1D1,PWRWONKENXX01,WONKENXX,2031,0.22157940372480003
GLOBAL,S1D1,PWRWONKENXX01,WONKENXX,2032,0.07617365863632009
GLOBAL,S1D1,PWRWONKENXX01,WONKENXX,2033,0.17818501557069344
GLOBAL,S1D1,PWRWONKENXX01,WONKENXX,2034,0.019791904353119977
GLOBAL,S1D1,PWRWONKENXX01,WONKENXX,2035,0.019791904353119977
GLOBAL,S1D1,PWRWONKENXX01,WONKENXX,2036,0.019791904353119977
GLOBAL,S1D1,PWRWONKENXX01,WONKENXX,2037,0.019791904353119977
GLOBAL,S1D1,PWRWONKENXX01,WONKENXX,2038,0.019791904353119977
GLOBAL,S1D1,PWRWONKENXX01,WONKENXX,2039,0.019791904353119977
GLOBAL,S1D1,PWRWONKENXX01,WONKENXX,2040,0.019791904353119977
GLOBAL,S1D1,PWRWONKENXX01,WONKENXX,2041,0.22157940372480003
GLOBAL,S1D1,PWRWONKENXX01,WONKENXX,2042,0.019791904353119977
GLOBAL,S1D1,PWRWONKENXX01,WONKENXX,2043,0.019791904353119977
GLOBAL,S1D1,PWRWONKENXX01,WONKENXX,2044,0.17557863113232
GLOBAL,S1D1,PWRWONKENXX01,WONKENXX,2045,0.019791904353119977
GLOBAL,S1D1,PWRWONKENXX01,WONKENXX,2046,0.22157940372480003
GLOBAL,S1D1,PWRWONKENXX01,WONKENXX,2047,0.22157940372480003
GLOBAL,S1D2,PWRBIOKENXX01,BIOKENXX,2021,0.26708815331876296
GLOBAL,S1D2,PWRBIOKENXX01,BIOKENXX,2022,0.9217613044257145
GLOBAL,S1D2,PWRBIOKENXX01,BIOKENXX,2023,0.98298468864
GLOBAL,S1D2,PWRBIOKENXX01,BIOKENXX,2024,0.2586139547424201
GLOBAL,S1D2,PWRBIOKENXX01,BIOKENXX,2025,0.98298468864
GLOBAL,S1D2,PWRBIOKENXX01,BIOKENXX,2026,0.98298468864
GLOBAL,S1D2,PWRBIOKENXX01,BIOKENXX,2027,0.98298468864
GLOBAL,S1D2,PWRBIOKENXX01,BIOKENXX,2028,0.98298468864
GLOBAL,S1D2,PWRBIOKENXX01,BIOKENXX,2029,0.98298468864
GLOBAL,S1D2,PWRBIOKENXX01,BIOKENXX,2030,0.98298468864
GLOBAL,S1D2,PWRBIOKENXX01,BIOKENXX,2031,0.98298468864
GLOBAL,S1D2,PWRGEOKENXX01,GEOKENXX,2021,2.6060845824000003
GLOBAL,S1D2,PWRGEOKENXX01,GEOKENXX,2022,2.6060845824000003
GLOBAL,S1D2,PWRGEOKENXX01,GEOKENXX,2023,2.3746806102618963
GLOBAL,S1D2,PWRGEOKENXX01,GEOKENXX,2024,2.6060845824000003
GLOBAL,S1D2,PWRGEOKENXX01,GEOKENXX,2025,2.6060845824000003
GLOBAL,S1D2,PWRGEOKENXX01,GEOKENXX,2026,2.6060845824000003
GLOBAL,S1D2,PWRGEOKENXX01,GEOKENXX,2027,2.6060845824000003
GLOBAL,S1D2,PWRGEOKENXX01,GEOKENXX,2028,2.6060845824000003
GLOBAL,S1D2,PWRGEOKENXX01,GEOKENXX,2029,2.6060845824000003
GLOBAL,S1D2,PWRGEOKENXX01,GEOKENXX,2030,2.6060845824000003
GLOBAL,S1D2,PWRGEOKENXX01,GEOKENXX,2031,2.6060845824000003
GLOBAL,S1D2,PWRGEOKENXX01,GEOKENXX,2032,2.6060845824000003
GLOBAL,S1D2,PWRGEOKENXX01,GEOKENXX,2033,2.6060845824000003
GLOBAL,S1D2,PWRGEOKENXX01,GEOKENXX,2034,1.4482088064
GLOBAL,S1D2,PWRGEOKENXX01,GEOKENXX,2035,1.4482088064
GLOBAL,S1D2,PWRGEOKENXX01,GEOKENXX,2036,1.4482088064
GLOBAL,S1D2,PWRGEOKENXX01,GEOKENXX,2037,1.4482088064
GLOBAL,S1D2,PWRGEOKENXX01,GEOKENXX,2038,1.4482088064
GLOBAL,S1D2,PWRGEOKENXX01,GEOKENXX,2039,1.4482088064
GLOBAL,S1D2,PWRGEOKENXX01,GEOKENXX,2040,1.4482088064
GLOBAL,S1D2,PWRGEOKENXX01,GEOKENXX,2041,1.4482088064
GLOBAL,S1D2,PWRGEOKENXX01,GEOKENXX,2042,1.4482088064
GLOBAL,S1D2,PWRGEOKENXX01,GEOKENXX,2043,1.4482088064
GLOBAL,S1D2,PWRGEOKENXX01,GEOKENXX,2044,1.4482088064
GLOBAL,S1D2,PWRGEOKENXX01,GEOKENXX,2045,0.9643204224
GLOBAL,S1D2,PWRHYDKENXX01,HYDKENXX,2021,1.6082620003202375
GLOBAL,S1D2,PWRHYDKENXX01,HYDKENXX,2022,1.7774795102078227
GLOBAL,S1D2,PWRHYDKENXX01,HYDKENXX,2023,2.36311643596428
GLOBAL,S1D2,PWRHYDKENXX01,HYDKENXX,2024,2.754720345458794
GLOBAL,S1D2,PWRHYDKENXX01,HYDKENXX,2025,2.9010891005544956
GLOBAL,S1D2,PWRHYDKENXX01,HYDKENXX,2026,3.403781979469056
GLOBAL,S1D2,PWRHYDKENXX01,HYDKENXX,2027,3.923060513700096
GLOBAL,S1D2,PWRHYDKENXX01,HYDKENXX,2028,4.426974537175297
GLOBAL,S1D2,PWRHYDKENXX01,HYDKENXX,2029,4.939374537175295
GLOBAL,S1D2,PWRHYDKENXX01,HYDKENXX,2030,5.450574537175297
GLOBAL,S1D2,PWRHYDKENXX01,HYDKENXX,2031,6.039774537175297
GLOBAL,S1D2,PWRHYDKENXX01,HYDKENXX,2032,6.184816997879105
GLOBAL,S1D2,PWRHYDKENXX01,HYDKENXX,2033,6.44550022095574
GLOBAL,S1D2,PWRHYDKENXX01,HYDKENXX,2034,5.7274183610590415
GLOBAL,S1D2,PWRHYDKENXX01,HYDKENXX,2035,5.660669326270396
GLOBAL,S1D2,PWRHYDKENXX01,HYDKENXX,2036,5.672587288530029
GLOBAL,S1D2,PWRHYDKENXX01,HYDKENXX,2037,5.684484268461744
GLOBAL,S1D2,PWRHYDKENXX01,HYDKENXX,2038,5.696402230721381
GLOBAL,S1D2,PWRHYDKENXX01,HYDKENXX,2039,5.708299210653092
GLOBAL,S1D2,PWRHYDKENXX01,HYDKENXX,2040,5.720217172912729
GLOBAL,S1D2,PWRHYDKENXX01,HYDKENXX,2041,5.735009714097665
GLOBAL,S1D2,PWRHYDKENXX01,HYDKENXX,2042,5.749802255282605
GLOBAL,S1D2,PWRHYDKENXX01,HYDKENXX,2043,5.764573814139616
GLOBAL,S1D2,PWRHYDKENXX01,HYDKENXX,2044,5.779366355324553
GLOBAL,S1D2,PWRHYDKENXX01,HYDKENXX,2045,5.862633553220624
GLOBAL,S1D2,PWRHYDKENXX01,HYDKENXX,2046,6.017642139835052
GLOBAL,S1D2,PWRHYDKENXX01,HYDKENXX,2047,6.036211500045926
GLOBAL,S1D2,PWRHYDKENXX01,HYDKENXX,2048,6.122106743846274
GLOBAL,S1D2,PWRHYDKENXX01,HYDKENXX,2049,6.140655121729232
GLOBAL,S1D2,PWRHYDKENXX01,HYDKENXX,2050,6.142166580599909
GLOBAL,S1D2,PWRHYDTZAXX01,HYDTZAXX,2021,3.296569753724673
GLOBAL,S1D2,PWRHYDTZAXX01,HYDTZAXX,2022,3.5871033696605186
GLOBAL,S1D2,PWRHYDTZAXX01,HYDTZAXX,2023,6.089512694959291
GLOBAL,S1D2,PWRHYDTZAXX01,HYDTZAXX,2024,6.574432730562226
GLOBAL,S1D2,PWRHYDTZAXX01,HYDTZAXX,2025,7.058369155545277
GLOBAL,S1D2,PWRHYDTZAXX01,HYDTZAXX,2026,7.675541943303723
GLOBAL,S1D2,PWRHYDTZAXX01,HYDTZAXX,2027,8.291791704448714
GLOBAL,S1D2,PWRHYDTZAXX01,HYDTZAXX,2028,8.908188235470941
GLOBAL,S1D2,PWRHYDTZAXX01,HYDTZAXX,2029,9.524584766493177
GLOBAL,S1D2,PWRHYDTZAXX01,HYDTZAXX,2030,10.083504929849626
GLOBAL,S1D2,PWRHYDTZAXX01,HYDTZAXX,2031,10.814544513298488
GLOBAL,S1D2,PWRHYDTZAXX01,HYDTZAXX,2032,11.546552361096301
GLOBAL,S1D2,PWRHYDTZAXX01,HYDTZAXX,2033,12.438847890863281
GLOBAL,S1D2,PWRHYDTZAXX01,HYDTZAXX,2034,13.17943066490335
GLOBAL,S1D2,PWRHYDTZAXX01,HYDTZAXX,2035,13.920994343279846
GLOBAL,S1D2,PWRHYDTZAXX01,HYDTZAXX,2036,14.80184643743608
GLOBAL,S1D2,PWRHYDTZAXX01,HYDTZAXX,2037,15.682698531592344
GLOBAL,S1D2,PWRHYDTZAXX01,HYDTZAXX,2038,16.5625697214121
GLOBAL,S1D2,PWRHYDTZAXX01,HYDTZAXX,2039,17.443421815568332
GLOBAL,S1D2,PWRHYDTZAXX01,HYDTZAXX,2040,18.324273909724557
GLOBAL,S1D2,PWRHYDTZAXX01,HYDTZAXX,2041,19.36501341072655
GLOBAL,S1D2,PWRHYDTZAXX01,HYDTZAXX,2042,20.40673381606498
GLOBAL,S1D2,PWRHYDTZAXX01,HYDTZAXX,2043,21.447473317066954
GLOBAL,S1D2,PWRHYDTZAXX01,HYDTZAXX,2044,22.48821281806892
GLOBAL,S1D2,PWRHYDTZAXX01,HYDTZAXX,2045,23.528952319070882
GLOBAL,S1D2,PWRHYDTZAXX01,HYDTZAXX,2046,24.82080333021092
GLOBAL,S1D2,PWRHYDTZAXX01,HYDTZAXX,2047,26.112654341350954
GLOBAL,S1D2,PWRHYDTZAXX01,HYDTZAXX,2048,27.404505352491
GLOBAL,S1D2,PWRHYDTZAXX01,HYDTZAXX,2049,28.69635636363112
GLOBAL,S1D2,PWRHYDTZAXX01,HYDTZAXX,2050,29.988207374771164
GLOBAL,S1D2,PWRSPVKENXX01,SPVKENXX,2021,0.012568367026943987
GLOBAL,S1D2,PWRSPVKENXX01,SPVKENXX,2022,0.01177580932070399
GLOBAL,S1D2,PWRSPVKENXX01,SPVKENXX,2023,0.012568367026943987
GLOBAL,S1D2,PWRSPVKENXX01,SPVKENXX,2024,0.01177580932070399
GLOBAL,S1D2,PWRSPVKENXX01,SPVKENXX,2025,0.01177580932070399
GLOBAL,S1D2,PWRSPVKENXX01,SPVKENXX,2026,0.012568367026943987
GLOBAL,S1D2,PWRSPVKENXX01,SPVKENXX,2027,0.01177580932070399
GLOBAL,S1D2,PWRSPVKENXX01,SPVKENXX,2028,0.01177580932070399
GLOBAL,S1D2,PWRSPVKENXX01,SPVKENXX,2029,0.01177580932070399
GLOBAL,S1D2,PWRSPVKENXX01,SPVKENXX,2030,0.01177580932070399
GLOBAL,S1D2,PWRSPVKENXX01,SPVKENXX,2031,0.01177580932070399
GLOBAL,S1D2,PWRSPVKENXX01,SPVKENXX,2032,0.7658044526168943
GLOBAL,S1D2,PWRSPVKENXX01,SPVKENXX,2033,1.0943212295402596
GLOBAL,S1D2,PWRSPVKENXX01,SPVKENXX,2034,3.542121097833758
GLOBAL,S1D2,PWRSPVKENXX01,SPVKENXX,2035,4.196870132622403
GLOBAL,S1D2,PWRSPVKENXX01,SPVKENXX,2036,4.8665521703627705
GLOBAL,S1D2,PWRSPVKENXX01,SPVKENXX,2037,5.5350551904310565
GLOBAL,S1D2,PWRSPVKENXX01,SPVKENXX,2038,6.204737228171419
GLOBAL,S1D2,PWRSPVKENXX01,SPVKENXX,2039,6.873240248239709
GLOBAL,S1D2,PWRSPVKENXX01,SPVKENXX,2040,7.542922285980072
GLOBAL,S1D2,PWRSPVKENXX01,SPVKENXX,2041,8.374129744795136
GLOBAL,S1D2,PWRSPVKENXX01,SPVKENXX,2042,9.205337203610192
GLOBAL,S1D2,PWRSPVKENXX01,SPVKENXX,2043,10.035365644753186
GLOBAL,S1D2,PWRSPVKENXX01,SPVKENXX,2044,10.866573103568248
GLOBAL,S1D2,PWRSPVKENXX01,SPVKENXX,2045,12.11319428967218
GLOBAL,S1D2,PWRSPVKENXX01,SPVKENXX,2046,13.983306125457748
GLOBAL,S1D2,PWRSPVKENXX01,SPVKENXX,2047,15.026736765246874
GLOBAL,S1D2,PWRSPVKENXX01,SPVKENXX,2048,16.248293256153726
GLOBAL,S1D2,PWRSPVKENXX01,SPVKENXX,2049,17.29054487827077
GLOBAL,S1D2,PWRSPVKENXX01,SPVKENXX,2050,18.351033419400093
GLOBAL,S1D2,PWRSPVTZAXX01,SPVTZAXX,2021,3.088630246275327
GLOBAL,S1D2,PWRSPVTZAXX01,SPVTZAXX,2022,3.3884966303394815
GLOBAL,S1D2,PWRSPVTZAXX01,SPVTZAXX,2023,1.4764873050407086
GLOBAL,S1D2,PWRSPVTZAXX01,SPVTZAXX,2024,1.5831672694377747
GLOBAL,S1D2,PWRSPVTZAXX01,SPVTZAXX,2025,1.6896308444547223
GLOBAL,S1D2,PWRSPVTZAXX01,SPVTZAXX,2026,1.8224580566962763
GLOBAL,S1D2,PWRSPVTZAXX01,SPVTZAXX,2027,1.9550082955512862
GLOBAL,S1D2,PWRSPVTZAXX01,SPVTZAXX,2028,2.088611764529057
GLOBAL,S1D2,PWRSPVTZAXX01,SPVTZAXX,2029,2.2222152335068213
GLOBAL,S1D2,PWRSPVTZAXX01,SPVTZAXX,2030,2.4132950701503764
GLOBAL,S1D2,PWRSPVTZAXX01,SPVTZAXX,2031,2.58825548670151
GLOBAL,S1D2,PWRSPVTZAXX01,SPVTZAXX,2032,2.763447638903699
GLOBAL,S1D2,PWRSPVTZAXX01,SPVTZAXX,2033,2.7783521091367187
GLOBAL,S1D2,PWRSPVTZAXX01,SPVTZAXX,2034,2.943769335096651
GLOBAL,S1D2,PWRSPVTZAXX01,SPVTZAXX,2035,3.1094056567201545
GLOBAL,S1D2,PWRSPVTZAXX01,SPVTZAXX,2036,3.3061535625639213
GLOBAL,S1D2,PWRSPVTZAXX01,SPVTZAXX,2037,3.502901468407657
GLOBAL,S1D2,PWRSPVTZAXX01,SPVTZAXX,2038,3.6994302785879003
GLOBAL,S1D2,PWRSPVTZAXX01,SPVTZAXX,2039,3.8961781844316694
GLOBAL,S1D2,PWRSPVTZAXX01,SPVTZAXX,2040,4.092926090275443
GLOBAL,S1D2,PWRSPVTZAXX01,SPVTZAXX,2041,4.3253865892734495
GLOBAL,S1D2,PWRSPVTZAXX01,SPVTZAXX,2042,4.558066183935022
GLOBAL,S1D2,PWRSPVTZAXX01,SPVTZAXX,2043,4.7905266829330415
GLOBAL,S1D2,PWRSPVTZAXX01,SPVTZAXX,2044,5.022987181931075
GLOBAL,S1D2,PWRSPVTZAXX01,SPVTZAXX,2045,5.2554476809291195
GLOBAL,S1D2,PWRSPVTZAXX01,SPVTZAXX,2046,5.54399666978907
GLOBAL,S1D2,PWRSPVTZAXX01,SPVTZAXX,2047,5.832545658649046
GLOBAL,S1D2,PWRSPVTZAXX01,SPVTZAXX,2048,6.121094647508997
GLOBAL,S1D2,PWRSPVTZAXX01,SPVTZAXX,2049,6.409643636368873
GLOBAL,S1D2,PWRSPVTZAXX01,SPVTZAXX,2050,6.698192625228835
GLOBAL,S1D2,PWRTRNKENXX,ELCKENXX01,2021,4.5516
GLOBAL,S1D2,PWRTRNKENXX,ELCKENXX01,2022,4.9272
GLOBAL,S1D2,PWRTRNKENXX,ELCKENXX01,2023,5.3016000000000005
GLOBAL,S1D2,PWRTRNKENXX,ELCKENXX01,2024,5.676
GLOBAL,S1D2,PWRTRNKENXX,ELCKENXX01,2025,6.0516
GLOBAL,S1D2,PWRTRNKENXX,ELCKENXX01,2026,6.562799999999999
GLOBAL,S1D2,PWRTRNKENXX,ELCKENXX01,2027,7.073999999999999
GLOBAL,S1D2,PWRTRNKENXX,ELCKENXX01,2028,7.5852
GLOBAL,S1D2,PWRTRNKENXX,ELCKENXX01,2029,8.0976
GLOBAL,S1D2,PWRTRNKENXX,ELCKENXX01,2030,8.608799999999999
GLOBAL,S1D2,PWRTRNKENXX,ELCKENXX01,2031,9.197999999999999
GLOBAL,S1D2,PWRTRNKENXX,ELCKENXX01,2032,9.786
GLOBAL,S1D2,PWRTRNKENXX,ELCKENXX01,2033,10.375199999999998
GLOBAL,S1D2,PWRTRNKENXX,ELCKENXX01,2034,10.964399999999998
GLOBAL,S1D2,PWRTRNKENXX,ELCKENXX01,2035,11.5524
GLOBAL,S1D2,PWRTRNKENXX,ELCKENXX01,2036,12.234
GLOBAL,S1D2,PWRTRNKENXX,ELCKENXX01,2037,12.914399999999999
GLOBAL,S1D2,PWRTRNKENXX,ELCKENXX01,2038,13.596
GLOBAL,S1D2,PWRTRNKENXX,ELCKENXX01,2039,14.276399999999999
GLOBAL,S1D2,PWRTRNKENXX,ELCKENXX01,2040,14.958
GLOBAL,S1D2,PWRTRNKENXX,ELCKENXX01,2041,15.803999999999998
GLOBAL,S1D2,PWRTRNKENXX,ELCKENXX01,2042,16.65
GLOBAL,S1D2,PWRTRNKENXX,ELCKENXX01,2043,17.4948
GLOBAL,S1D2,PWRTRNKENXX,ELCKENXX01,2044,18.3408
GLOBAL,S1D2,PWRTRNKENXX,ELCKENXX01,2045,19.1868
GLOBAL,S1D2,PWRTRNKENXX,ELCKENXX01,2046,20.247600000000002
GLOBAL,S1D2,PWRTRNKENXX,ELCKENXX01,2047,21.3096
GLOBAL,S1D2,PWRTRNKENXX,ELCKENXX01,2048,22.370399999999997
GLOBAL,S1D2,PWRTRNKENXX,ELCKENXX01,2049,23.4312
GLOBAL,S1D2,PWRTRNKENXX,ELCKENXX01,2050,24.4932
GLOBAL,S1D2,PWRTRNTZAXX,ELCTZAXX01,2021,6.3852
GLOBAL,S1D2,PWRTRNTZAXX,ELCTZAXX01,2022,6.975599999999999
GLOBAL,S1D2,PWRTRNTZAXX,ELCTZAXX01,2023,7.566
GLOBAL,S1D2,PWRTRNTZAXX,ELCTZAXX01,2024,8.1576
GLOBAL,S1D2,PWRTRNTZAXX,ELCTZAXX01,2025,8.747999999999998
GLOBAL,S1D2,PWRTRNTZAXX,ELCTZAXX01,2026,9.497999999999998
GLOBAL,S1D2,PWRTRNTZAXX,ELCTZAXX01,2027,10.246800000000002
GLOBAL,S1D2,PWRTRNTZAXX,ELCTZAXX01,2028,10.996800000000002
GLOBAL,S1D2,PWRTRNTZAXX,ELCTZAXX01,2029,11.7468
GLOBAL,S1D2,PWRTRNTZAXX,ELCTZAXX01,2030,12.496799999999999
GLOBAL,S1D2,PWRTRNTZAXX,ELCTZAXX01,2031,13.4028
GLOBAL,S1D2,PWRTRNTZAXX,ELCTZAXX01,2032,14.309999999999999
GLOBAL,S1D2,PWRTRNTZAXX,ELCTZAXX01,2033,15.217199999999998
GLOBAL,S1D2,PWRTRNTZAXX,ELCTZAXX01,2034,16.1232
GLOBAL,S1D2,PWRTRNTZAXX,ELCTZAXX01,2035,17.0304
GLOBAL,S1D2,PWRTRNTZAXX,ELCTZAXX01,2036,18.108
GLOBAL,S1D2,PWRTRNTZAXX,ELCTZAXX01,2037,19.1856
GLOBAL,S1D2,PWRTRNTZAXX,ELCTZAXX01,2038,20.262
GLOBAL,S1D2,PWRTRNTZAXX,ELCTZAXX01,2039,21.339599999999997
GLOBAL,S1D2,PWRTRNTZAXX,ELCTZAXX01,2040,22.4172
GLOBAL,S1D2,PWRTRNTZAXX,ELCTZAXX01,2041,23.6904
GLOBAL,S1D2,PWRTRNTZAXX,ELCTZAXX01,2042,24.9648
GLOBAL,S1D2,PWRTRNTZAXX,ELCTZAXX01,2043,26.238
GLOBAL,S1D2,PWRTRNTZAXX,ELCTZAXX01,2044,27.5112
GLOBAL,S1D2,PWRTRNTZAXX,ELCTZAXX01,2045,28.784400000000005
GLOBAL,S1D2,PWRTRNTZAXX,ELCTZAXX01,2046,30.364799999999992
GLOBAL,S1D2,PWRTRNTZAXX,ELCTZAXX01,2047,31.9452
GLOBAL,S1D2,PWRTRNTZAXX,ELCTZAXX01,2048,33.5256
GLOBAL,S1D2,PWRTRNTZAXX,ELCTZAXX01,2049,35.106
GLOBAL,S1D2,PWRTRNTZAXX,ELCTZAXX01,2050,36.6864
GLOBAL,S1D2,PWRWONKENXX01,WONKENXX,2021,0.24016348274688004
GLOBAL,S1D2,PWRWONKENXX01,WONKENXX,2022,0.24016348274688004
GLOBAL,S1D2,PWRWONKENXX01,WONKENXX,2023,0.24016348274688004
GLOBAL,S1D2,PWRWONKENXX01,WONKENXX,2024,0.22157940372480003
GLOBAL,S1D2,PWRWONKENXX01,WONKENXX,2025,0.22157940372480003
GLOBAL,S1D2,PWRWONKENXX01,WONKENXX,2026,0.229293967104
GLOBAL,S1D2,PWRWONKENXX01,WONKENXX,2027,0.22200799057919998
GLOBAL,S1D2,PWRWONKENXX01,WONKENXX,2028,0.229293967104
GLOBAL,S1D2,PWRWONKENXX01,WONKENXX,2029,0.229293967104
GLOBAL,S1D2,PWRWONKENXX01,WONKENXX,2030,0.229293967104
GLOBAL,S1D2,PWRWONKENXX01,WONKENXX,2031,0.229293967104
GLOBAL,S1D2,PWRWONKENXX01,WONKENXX,2032,0.229293967104
GLOBAL,S1D2,PWRWONKENXX01,WONKENXX,2033,0.229293967104
GLOBAL,S1D2,PWRWONKENXX01,WONKENXX,2034,0.24665173470719998
GLOBAL,S1D2,PWRWONKENXX01,WONKENXX,2035,0.24665173470719998
GLOBAL,S1D2,PWRWONKENXX01,WONKENXX,2036,0.24665173470719998
GLOBAL,S1D2,PWRWONKENXX01,WONKENXX,2037,0.24665173470719998
GLOBAL,S1D2,PWRWONKENXX01,WONKENXX,2038,0.24665173470719998
GLOBAL,S1D2,PWRWONKENXX01,WONKENXX,2039,0.24665173470719998
GLOBAL,S1D2,PWRWONKENXX01,WONKENXX,2040,0.24665173470719998
GLOBAL,S1D2,PWRWONKENXX01,WONKENXX,2041,0.24665173470719998
GLOBAL,S1D2,PWRWONKENXX01,WONKENXX,2042,0.24665173470719998
GLOBAL,S1D2,PWRWONKENXX01,WONKENXX,2043,0.24665173470719998
GLOBAL,S1D2,PWRWONKENXX01,WONKENXX,2044,0.24665173470719998
GLOBAL,S1D2,PWRWONKENXX01,WONKENXX,2045,0.24665173470719998
GLOBAL,S1D2,PWRWONKENXX01,WONKENXX,2046,0.24665173470719998
GLOBAL,S1D2,PWRWONKENXX01,WONKENXX,2047,0.24665173470719998
GLOBAL,S1D3,PWRBIOKENXX01,BIOKENXX,2021,0.12448864000151852
GLOBAL,S1D3,PWRBIOKENXX01,BIOKENXX,2022,0.7455901668403869
GLOBAL,S1D3,PWRBIOKENXX01,BIOKENXX,2023,0.5116722307200003
GLOBAL,S1D3,PWRBIOKENXX01,BIOKENXX,2024,0.2207704577375804
GLOBAL,S1D3,PWRBIOKENXX01,BIOKENXX,2028,0.5116722307199997
GLOBAL,S1D3,PWRBIOKENXX01,BIOKENXX,2029,0.4955283216000002
GLOBAL,S1D3,PWRCCGKENXX01,GASINT,2034,1.726164773939198
GLOBAL,S1D3,PWRCCGKENXX01,GASINT,2035,2.7061647739391983
GLOBAL,S1D3,PWRCCGKENXX01,GASINT,2036,3.842164773939192
GLOBAL,S1D3,PWRCCGKENXX01,GASINT,2037,4.976164773939194
GLOBAL,S1D3,PWRCCGKENXX01,GASINT,2038,6.112164773939192
GLOBAL,S1D3,PWRCCGKENXX01,GASINT,2039,7.246164773939195
GLOBAL,S1D3,PWRCCGKENXX01,GASINT,2040,8.382164773939193
GLOBAL,S1D3,PWRCCGKENXX01,GASINT,2041,9.792164773939193
GLOBAL,S1D3,PWRCCGKENXX01,GASINT,2042,11.202164773939192
GLOBAL,S1D3,PWRCCGKENXX01,GASINT,2043,12.610164773939196
GLOBAL,S1D3,PWRCCGKENXX01,GASINT,2044,14.020164773939197
GLOBAL,S1D3,PWRCCGKENXX01,GASINT,2045,16.397941541939193
GLOBAL,S1D3,PWRCCGKENXX01,GASINT,2046,20.094582386739194
GLOBAL,S1D3,PWRCCGKENXX01,GASINT,2047,21.864582386739194
GLOBAL,S1D3,PWRCCGKENXX01,GASINT,2048,24.1314574852608
GLOBAL,S1D3,PWRCCGKENXX01,GASINT,2049,25.899457485260797
GLOBAL,S1D3,PWRCCGKENXX01,GASINT,2050,27.669457485260793
GLOBAL,S1D3,PWRGEOKENXX01,GEOKENXX,2021,2.6060845824000003
GLOBAL,S1D3,PWRGEOKENXX01,GEOKENXX,2022,1.6423433062071169
GLOBAL,S1D3,PWRGEOKENXX01,GEOKENXX,2023,2.6060845824000003
GLOBAL,S1D3,PWRGEOKENXX01,GEOKENXX,2024,2.238382555697332
GLOBAL,S1D3,PWRGEOKENXX01,GEOKENXX,2025,2.6060845824000003
GLOBAL,S1D3,PWRGEOKENXX01,GEOKENXX,2026,2.6060845824000003
GLOBAL,S1D3,PWRGEOKENXX01,GEOKENXX,2027,2.6060845824000003
GLOBAL,S1D3,PWRGEOKENXX01,GEOKENXX,2028,2.6060845824000003
GLOBAL,S1D3,PWRGEOKENXX01,GEOKENXX,2029,2.6060845824000003
GLOBAL,S1D3,PWRGEOKENXX01,GEOKENXX,2030,2.6060845824000003
GLOBAL,S1D3,PWRGEOKENXX01,GEOKENXX,2031,2.4703668102104492
GLOBAL,S1D3,PWRGEOKENXX01,GEOKENXX,2032,2.2694093789420404
GLOBAL,S1D3,PWRGEOKENXX01,GEOKENXX,2033,2.6060845824000003
GLOBAL,S1D3,PWRGEOKENXX01,GEOKENXX,2034,1.4482088064
GLOBAL,S1D3,PWRGEOKENXX01,GEOKENXX,2035,1.4482088064
GLOBAL,S1D3,PWRGEOKENXX01,GEOKENXX,2036,1.4482088064
GLOBAL,S1D3,PWRGEOKENXX01,GEOKENXX,2037,1.4482088064
GLOBAL,S1D3,PWRGEOKENXX01,GEOKENXX,2038,1.4482088064
GLOBAL,S1D3,PWRGEOKENXX01,GEOKENXX,2039,1.4482088064
GLOBAL,S1D3,PWRGEOKENXX01,GEOKENXX,2040,1.4482088064
GLOBAL,S1D3,PWRGEOKENXX01,GEOKENXX,2041,1.4482088064
GLOBAL,S1D3,PWRGEOKENXX01,GEOKENXX,2042,1.4482088064
GLOBAL,S1D3,PWRGEOKENXX01,GEOKENXX,2043,1.4482088064
GLOBAL,S1D3,PWRGEOKENXX01,GEOKENXX,2044,1.4482088064
GLOBAL,S1D3,PWRGEOKENXX01,GEOKENXX,2045,0.9643204224
GLOBAL,S1D3,PWRHYDKENXX01,HYDKENXX,2021,0.907356795612133
GLOBAL,S1D3,PWRHYDKENXX01,HYDKENXX,2022,1.9875469557167664
GLOBAL,S1D3,PWRHYDKENXX01,HYDKENXX,2023,1.5246706511674897
GLOBAL,S1D3,PWRHYDKENXX01,HYDKENXX,2024,2.306127827558851
GLOBAL,S1D3,PWRHYDKENXX01,HYDKENXX,2025,2.32128986976048
GLOBAL,S1D3,PWRHYDKENXX01,HYDKENXX,2026,2.7164506159540918
GLOBAL,S1D3,PWRHYDKENXX01,HYDKENXX,2027,3.1754644787908797
GLOBAL,S1D3,PWRHYDKENXX01,HYDKENXX,2028,3.469105603584479
GLOBAL,S1D3,PWRHYDKENXX01,HYDKENXX,2029,3.7558086904959995
GLOBAL,S1D3,PWRHYDKENXX01,HYDKENXX,2030,4.4840271955844795
GLOBAL,S1D3,PWRHYDKENXX01,HYDKENXX,2031,5.110744967774031
GLOBAL,S1D3,PWRHYDKENXX01,HYDKENXX,2032,5.656296653953959
GLOBAL,S1D3,PWRHYDKENXX01,HYDKENXX,2033,5.810621450496001
GLOBAL,S1D3,PWRHYDKENXX01,HYDKENXX,2034,6.576271257369601
GLOBAL,S1D3,PWRHYDKENXX01,HYDKENXX,2035,6.576271257369601
GLOBAL,S1D3,PWRHYDKENXX01,HYDKENXX,2036,6.576271257369602
GLOBAL,S1D3,PWRHYDKENXX01,HYDKENXX,2037,6.576271257369602
GLOBAL,S1D3,PWRHYDKENXX01,HYDKENXX,2038,6.576271257369602
GLOBAL,S1D3,PWRHYDKENXX01,HYDKENXX,2039,6.576271257369601
GLOBAL,S1D3,PWRHYDKENXX01,HYDKENXX,2040,6.576271257369602
GLOBAL,S1D3,PWRHYDKENXX01,HYDKENXX,2041,6.576271257369602
GLOBAL,S1D3,PWRHYDKENXX01,HYDKENXX,2042,6.576271257369602
GLOBAL,S1D3,PWRHYDKENXX01,HYDKENXX,2043,6.576271257369601
GLOBAL,S1D3,PWRHYDKENXX01,HYDKENXX,2044,6.576271257369601
GLOBAL,S1D3,PWRHYDKENXX01,HYDKENXX,2045,6.576271257369602
GLOBAL,S1D3,PWRHYDKENXX01,HYDKENXX,2046,6.576271257369601
GLOBAL,S1D3,PWRHYDKENXX01,HYDKENXX,2047,6.576271257369602
GLOBAL,S1D3,PWRHYDKENXX01,HYDKENXX,2048,6.576271257369601
GLOBAL,S1D3,PWRHYDKENXX01,HYDKENXX,2049,6.576271257369602
GLOBAL,S1D3,PWRHYDKENXX01,HYDKENXX,2050,6.576271257369602
GLOBAL,S1D3,PWRHYDTZAXX01,HYDTZAXX,2021,5.8530999999999995
GLOBAL,S1D3,PWRHYDTZAXX01,HYDTZAXX,2022,6.394299999999999
GLOBAL,S1D3,PWRHYDTZAXX01,HYDTZAXX,2023,6.935499999999999
GLOBAL,S1D3,PWRHYDTZAXX01,HYDTZAXX,2024,7.477800000000001
GLOBAL,S1D3,PWRHYDTZAXX01,HYDTZAXX,2025,8.018999999999998
GLOBAL,S1D3,PWRHYDTZAXX01,HYDTZAXX,2026,8.706500000000002
GLOBAL,S1D3,PWRHYDTZAXX01,HYDTZAXX,2027,9.392899999999997
GLOBAL,S1D3,PWRHYDTZAXX01,HYDTZAXX,2028,10.0804
GLOBAL,S1D3,PWRHYDTZAXX01,HYDTZAXX,2029,10.767899999999997
GLOBAL,S1D3,PWRHYDTZAXX01,HYDTZAXX,2030,11.4554
GLOBAL,S1D3,PWRHYDTZAXX01,HYDTZAXX,2031,12.2859
GLOBAL,S1D3,PWRHYDTZAXX01,HYDTZAXX,2032,13.1175
GLOBAL,S1D3,PWRHYDTZAXX01,HYDTZAXX,2033,13.949099999999998
GLOBAL,S1D3,PWRHYDTZAXX01,HYDTZAXX,2034,14.779599999999999
GLOBAL,S1D3,PWRHYDTZAXX01,HYDTZAXX,2035,15.6112
GLOBAL,S1D3,PWRHYDTZAXX01,HYDTZAXX,2036,16.599
GLOBAL,S1D3,PWRHYDTZAXX01,HYDTZAXX,2037,17.5868
GLOBAL,S1D3,PWRHYDTZAXX01,HYDTZAXX,2038,18.5735
GLOBAL,S1D3,PWRHYDTZAXX01,HYDTZAXX,2039,19.5613
GLOBAL,S1D3,PWRHYDTZAXX01,HYDTZAXX,2040,20.549099999999996
GLOBAL,S1D3,PWRHYDTZAXX01,HYDTZAXX,2041,21.716200000000004
GLOBAL,S1D3,PWRHYDTZAXX01,HYDTZAXX,2042,22.884400000000003
GLOBAL,S1D3,PWRHYDTZAXX01,HYDTZAXX,2043,24.051500000000004
GLOBAL,S1D3,PWRHYDTZAXX01,HYDTZAXX,2044,25.218600000000002
GLOBAL,S1D3,PWRHYDTZAXX01,HYDTZAXX,2045,26.385700000000003
GLOBAL,S1D3,PWRHYDTZAXX01,HYDTZAXX,2046,27.834400000000002
GLOBAL,S1D3,PWRHYDTZAXX01,HYDTZAXX,2047,29.2831
GLOBAL,S1D3,PWRHYDTZAXX01,HYDTZAXX,2048,30.731800000000007
GLOBAL,S1D3,PWRHYDTZAXX01,HYDTZAXX,2049,32.1805
GLOBAL,S1D3,PWRHYDTZAXX01,HYDTZAXX,2050,33.6292
GLOBAL,S1D3,PWRTRNKENXX,ELCKENXX01,2021,3.793
GLOBAL,S1D3,PWRTRNKENXX,ELCKENXX01,2022,4.106
GLOBAL,S1D3,PWRTRNKENXX,ELCKENXX01,2023,4.418
GLOBAL,S1D3,PWRTRNKENXX,ELCKENXX01,2024,4.730000000000001
GLOBAL,S1D3,PWRTRNKENXX,ELCKENXX01,2025,5.043
GLOBAL,S1D3,PWRTRNKENXX,ELCKENXX01,2026,5.468999999999999
GLOBAL,S1D3,PWRTRNKENXX,ELCKENXX01,2027,5.8950000000000005
GLOBAL,S1D3,PWRTRNKENXX,ELCKENXX01,2028,6.321
GLOBAL,S1D3,PWRTRNKENXX,ELCKENXX01,2029,6.748
GLOBAL,S1D3,PWRTRNKENXX,ELCKENXX01,2030,7.174000000000001
GLOBAL,S1D3,PWRTRNKENXX,ELCKENXX01,2031,7.664999999999999
GLOBAL,S1D3,PWRTRNKENXX,ELCKENXX01,2032,8.155
GLOBAL,S1D3,PWRTRNKENXX,ELCKENXX01,2033,8.646
GLOBAL,S1D3,PWRTRNKENXX,ELCKENXX01,2034,9.136999999999999
GLOBAL,S1D3,PWRTRNKENXX,ELCKENXX01,2035,9.627
GLOBAL,S1D3,PWRTRNKENXX,ELCKENXX01,2036,10.194999999999999
GLOBAL,S1D3,PWRTRNKENXX,ELCKENXX01,2037,10.762000000000002
GLOBAL,S1D3,PWRTRNKENXX,ELCKENXX01,2038,11.33
GLOBAL,S1D3,PWRTRNKENXX,ELCKENXX01,2039,11.897
GLOBAL,S1D3,PWRTRNKENXX,ELCKENXX01,2040,12.465
GLOBAL,S1D3,PWRTRNKENXX,ELCKENXX01,2041,13.169999999999998
GLOBAL,S1D3,PWRTRNKENXX,ELCKENXX01,2042,13.875
GLOBAL,S1D3,PWRTRNKENXX,ELCKENXX01,2043,14.579
GLOBAL,S1D3,PWRTRNKENXX,ELCKENXX01,2044,15.284
GLOBAL,S1D3,PWRTRNKENXX,ELCKENXX01,2045,15.989000000000003
GLOBAL,S1D3,PWRTRNKENXX,ELCKENXX01,2046,16.873
GLOBAL,S1D3,PWRTRNKENXX,ELCKENXX01,2047,17.758
GLOBAL,S1D3,PWRTRNKENXX,ELCKENXX01,2048,18.642
GLOBAL,S1D3,PWRTRNKENXX,ELCKENXX01,2049,19.526
GLOBAL,S1D3,PWRTRNKENXX,ELCKENXX01,2050,20.411000000000005
GLOBAL,S1D3,PWRTRNTZAXX,ELCTZAXX01,2021,5.8530999999999995
GLOBAL,S1D3,PWRTRNTZAXX,ELCTZAXX01,2022,6.394299999999999
GLOBAL,S1D3,PWRTRNTZAXX,ELCTZAXX01,2023,6.935499999999999
GLOBAL,S1D3,PWRTRNTZAXX,ELCTZAXX01,2024,7.477800000000001
GLOBAL,S1D3,PWRTRNTZAXX,ELCTZAXX01,2025,8.018999999999998
GLOBAL,S1D3,PWRTRNTZAXX,ELCTZAXX01,2026,8.706500000000002
GLOBAL,S1D3,PWRTRNTZAXX,ELCTZAXX01,2027,9.392899999999997
GLOBAL,S1D3,PWRTRNTZAXX,ELCTZAXX01,2028,10.0804
GLOBAL,S1D3,PWRTRNTZAXX,ELCTZAXX01,2029,10.767899999999997
GLOBAL,S1D3,PWRTRNTZAXX,ELCTZAXX01,2030,11.4554
GLOBAL,S1D3,PWRTRNTZAXX,ELCTZAXX01,2031,12.2859
GLOBAL,S1D3,PWRTRNTZAXX,ELCTZAXX01,2032,13.1175
GLOBAL,S1D3,PWRTRNTZAXX,ELCTZAXX01,2033,13.949099999999998
GLOBAL,S1D3,PWRTRNTZAXX,ELCTZAXX01,2034,14.779599999999999
GLOBAL,S1D3,PWRTRNTZAXX,ELCTZAXX01,2035,15.6112
GLOBAL,S1D3,PWRTRNTZAXX,ELCTZAXX01,2036,16.599
GLOBAL,S1D3,PWRTRNTZAXX,ELCTZAXX01,2037,17.5868
GLOBAL,S1D3,PWRTRNTZAXX,ELCTZAXX01,2038,18.5735
GLOBAL,S1D3,PWRTRNTZAXX,ELCTZAXX01,2039,19.5613
GLOBAL,S1D3,PWRTRNTZAXX,ELCTZAXX01,2040,20.549099999999996
GLOBAL,S1D3,PWRTRNTZAXX,ELCTZAXX01,2041,21.716200000000004
GLOBAL,S1D3,PWRTRNTZAXX,ELCTZAXX01,2042,22.884400000000003
GLOBAL,S1D3,PWRTRNTZAXX,ELCTZAXX01,2043,24.051500000000004
GLOBAL,S1D3,PWRTRNTZAXX,ELCTZAXX01,2044,25.218600000000002
GLOBAL,S1D3,PWRTRNTZAXX,ELCTZAXX01,2045,26.385700000000003
GLOBAL,S1D3,PWRTRNTZAXX,ELCTZAXX01,2046,27.834400000000002
GLOBAL,S1D3,PWRTRNTZAXX,ELCTZAXX01,2047,29.2831
GLOBAL,S1D3,PWRTRNTZAXX,ELCTZAXX01,2048,30.731800000000007
GLOBAL,S1D3,PWRTRNTZAXX,ELCTZAXX01,2049,32.1805
GLOBAL,S1D3,PWRTRNTZAXX,ELCTZAXX01,2050,33.6292
GLOBAL,S1D3,PWRWONKENXX01,WONKENXX,2021,0.24016348274688004
GLOBAL,S1D3,PWRWONKENXX01,WONKENXX,2022,0.24016348274688004
GLOBAL,S1D3,PWRWONKENXX01,WONKENXX,2023,0.12532317443250993
GLOBAL,S1D3,PWRWONKENXX01,WONKENXX,2024,0.11562554783951988
GLOBAL,S1D3,PWRWONKENXX01,WONKENXX,2025,0.11562554783951988
GLOBAL,S1D3,PWRWONKENXX01,WONKENXX,2026,0.1464648016459087
GLOBAL,S1D3,PWRWONKENXX01,WONKENXX,2027,0.11345093880912002
GLOBAL,S1D3,PWRWONKENXX01,WONKENXX,2028,0.08388822201552001
GLOBAL,S1D3,PWRWONKENXX01,WONKENXX,2029,0.229293967104
GLOBAL,S1D3,PWRWONKENXX01,WONKENXX,2030,0.08388822201552001
GLOBAL,S1D3,PWRWONKENXX01,WONKENXX,2031,0.08388822201552001
GLOBAL,S1D3,PWRWONKENXX01,WONKENXX,2032,0.229293967104
GLOBAL,S1D3,PWRWONKENXX01,WONKENXX,2033,0.229293967104
GLOBAL,S1D3,PWRWONKENXX01,WONKENXX,2034,0.2494375492608
GLOBAL,S1D3,PWRWONKENXX01,WONKENXX,2035,0.2494375492608
GLOBAL,S1D3,PWRWONKENXX01,WONKENXX,2036,0.2494375492608
GLOBAL,S1D3,PWRWONKENXX01,WONKENXX,2037,0.2494375492608
GLOBAL,S1D3,PWRWONKENXX01,WONKENXX,2038,0.2494375492608
GLOBAL,S1D3,PWRWONKENXX01,WONKENXX,2039,0.2494375492608
GLOBAL,S1D3,PWRWONKENXX01,WONKENXX,2040,0.2494375492608
GLOBAL,S1D3,PWRWONKENXX01,WONKENXX,2041,0.2494375492608
GLOBAL,S1D3,PWRWONKENXX01,WONKENXX,2042,0.2494375492608
GLOBAL,S1D3,PWRWONKENXX01,WONKENXX,2043,0.2494375492608
GLOBAL,S1D3,PWRWONKENXX01,WONKENXX,2044,0.2494375492608
GLOBAL,S1D3,PWRWONKENXX01,WONKENXX,2045,0.2494375492608
GLOBAL,S1D3,PWRWONKENXX01,WONKENXX,2046,0.2494375492608
GLOBAL,S1D3,PWRWONKENXX01,WONKENXX,2047,0.2494375492608
GLOBAL,S2D1,PWRBIOKENXX01,BIOKENXX,2021,0.8224335043710027
GLOBAL,S2D1,PWRBIOKENXX01,BIOKENXX,2026,0.4955283216000002
GLOBAL,S2D1,PWRBIOKENXX01,BIOKENXX,2027,0.5116722307199998
GLOBAL,S2D1,PWRBIOKENXX01,BIOKENXX,2030,0.4955283216000002
GLOBAL,S2D1,PWRBIOKENXX01,BIOKENXX,2031,0.4874563670399996
GLOBAL,S2D1,PWRBIOTZAXX01,BIOTZAXX,2021,0.6423171486008975
GLOBAL,S2D1,PWRBIOTZAXX01,BIOTZAXX,2022,0.6616871490836269
GLOBAL,S2D1,PWRBIOTZAXX01,BIOTZAXX,2023,0.6810571495663547
GLOBAL,S2D1,PWRBIOTZAXX01,BIOTZAXX,2024,0.7004665199687656
GLOBAL,S2D1,PWRBIOTZAXX01,BIOTZAXX,2025,0.7198365204514944
GLOBAL,S2D1,PWRBIOTZAXX01,BIOTZAXX,2026,0.7351180588753653
GLOBAL,S2D1,PWRBIOTZAXX01,BIOTZAXX,2027,0.7501264152124761
GLOBAL,S2D1,PWRBIOTZAXX01,BIOTZAXX,2028,0.7684037652437489
GLOBAL,S2D1,PWRBIOTZAXX01,BIOTZAXX,2029,0.7866811152750245
GLOBAL,S2D1,PWRBIOTZAXX01,BIOTZAXX,2030,0.82552197168
GLOBAL,S2D1,PWRBIOTZAXX01,BIOTZAXX,2031,0.82552197168
GLOBAL,S2D1,PWRCCGTZAXX01,GASINT,2030,0.12087407474349021
GLOBAL,S2D1,PWRCCGTZAXX01,GASINT,2031,0.16558270883138704
GLOBAL,S2D1,PWRCCGTZAXX01,GASINT,2032,0.7061595516531778
GLOBAL,S2D1,PWRCCGTZAXX01,GASINT,2033,0.3793964271262613
GLOBAL,S2D1,PWRCCGTZAXX01,GASINT,2034,0.4019848903768218
GLOBAL,S2D1,PWRCCGTZAXX01,GASINT,2035,0.4246032721217521
GLOBAL,S2D1,PWRCCGTZAXX01,GASINT,2036,0.4514700800674465
GLOBAL,S2D1,PWRCCGTZAXX01,GASINT,2037,0.4783368880131462
GLOBAL,S2D1,PWRCCGTZAXX01,GASINT,2038,0.5051737774644778
GLOBAL,S2D1,PWRCCGTZAXX01,GASINT,2039,0.5320405854101721
GLOBAL,S2D1,PWRCCGTZAXX01,GASINT,2040,0.5589073933558736
GLOBAL,S2D1,PWRCCGTZAXX01,GASINT,2041,0.5906509158841438
GLOBAL,S2D1,PWRCCGTZAXX01,GASINT,2042,0.6224243569067767
GLOBAL,S2D1,PWRCCGTZAXX01,GASINT,2043,0.6541678794350467
GLOBAL,S2D1,PWRCCGTZAXX01,GASINT,2044,0.6859114019633168
GLOBAL,S2D1,PWRCCGTZAXX01,GASINT,2045,0.7176549244915797
GLOBAL,S2D1,PWRCCGTZAXX01,GASINT,2046,0.7570575815789837
GLOBAL,S2D1,PWRCCGTZAXX01,GASINT,2047,0.7964602386663735
GLOBAL,S2D1,PWRCCGTZAXX01,GASINT,2048,0.835862895753781
GLOBAL,S2D1,PWRCCGTZAXX01,GASINT,2049,0.8752655528411672
GLOBAL,S2D1,PWRCCGTZAXX01,GASINT,2050,0.9146682099285748
GLOBAL,S2D1,PWRGEOKENXX01,GEOKENXX,2021,2.24858965259264
GLOBAL,S2D1,PWRGEOKENXX01,GEOKENXX,2022,2.6702855712
GLOBAL,S2D1,PWRGEOKENXX01,GEOKENXX,2023,2.6702855712
GLOBAL,S2D1,PWRGEOKENXX01,GEOKENXX,2024,2.6702855712
GLOBAL,S2D1,PWRGEOKENXX01,GEOKENXX,2025,2.6702855712
GLOBAL,S2D1,PWRGEOKENXX01,GEOKENXX,2026,2.6702855712
GLOBAL,S2D1,PWRGEOKENXX01,GEOKENXX,2027,2.6702855712
GLOBAL,S2D1,PWRGEOKENXX01,GEOKENXX,2028,2.6702855712
GLOBAL,S2D1,PWRGEOKENXX01,GEOKENXX,2029,2.614535440885179
GLOBAL,S2D1,PWRGEOKENXX01,GEOKENXX,2030,2.6702855712
GLOBAL,S2D1,PWRGEOKENXX01,GEOKENXX,2031,2.6702855712
GLOBAL,S2D1,PWRGEOKENXX01,GEOKENXX,2032,2.6702855712
GLOBAL,S2D1,PWRGEOKENXX01,GEOKENXX,2033,1.9798539123257772
GLOBAL,S2D1,PWRGEOKENXX01,GEOKENXX,2034,1.0079138164863106
GLOBAL,S2D1,PWRGEOKENXX01,GEOKENXX,2035,0.5002941945569275
GLOBAL,S2D1,PWRGEOKENXX01,GEOKENXX,2036,1.4838854832000001
GLOBAL,S2D1,PWRGEOKENXX01,GEOKENXX,2037,1.4838854832000001
GLOBAL,S2D1,PWRGEOKENXX01,GEOKENXX,2038,1.4838854832000001
GLOBAL,S2D1,PWRGEOKENXX01,GEOKENXX,2039,0.41598721542070316
GLOBAL,S2D1,PWRGEOKENXX01,GEOKENXX,2040,1.4838854832000001
GLOBAL,S2D1,PWRGEOKENXX01,GEOKENXX,2041,0.36870845575531264
GLOBAL,S2D1,PWRGEOKENXX01,GEOKENXX,2042,1.0686129647457616
GLOBAL,S2D1,PWRGEOKENXX01,GEOKENXX,2043,1.4838854832000001
GLOBAL,S2D1,PWRGEOKENXX01,GEOKENXX,2044,0.9254319360534943
GLOBAL,S2D1,PWRGEOKENXX01,GEOKENXX,2045,0.9880764912
GLOBAL,S2D1,PWRHYDKENXX01,HYDKENXX,2021,1.4288835958775061
GLOBAL,S2D1,PWRHYDKENXX01,HYDKENXX,2022,1.6117514444761605
GLOBAL,S2D1,PWRHYDKENXX01,HYDKENXX,2023,1.9549514444761598
GLOBAL,S2D1,PWRHYDKENXX01,HYDKENXX,2024,2.3148269174742406
GLOBAL,S2D1,PWRHYDKENXX01,HYDKENXX,2025,2.65912691747424
GLOBAL,S2D1,PWRHYDKENXX01,HYDKENXX,2026,2.97091415747424
GLOBAL,S2D1,PWRHYDKENXX01,HYDKENXX,2027,3.434405325474241
GLOBAL,S2D1,PWRHYDKENXX01,HYDKENXX,2028,4.06492691747424
GLOBAL,S2D1,PWRHYDKENXX01,HYDKENXX,2029,4.590377047789061
GLOBAL,S2D1,PWRHYDKENXX01,HYDKENXX,2030,4.84641415747424
GLOBAL,S2D1,PWRHYDKENXX01,HYDKENXX,2031,5.389068573474241
GLOBAL,S2D1,PWRHYDKENXX01,HYDKENXX,2032,5.459752774146039
GLOBAL,S2D1,PWRHYDKENXX01,HYDKENXX,2033,5.842783153382401
GLOBAL,S2D1,PWRHYDKENXX01,HYDKENXX,2034,5.427656254832519
GLOBAL,S2D1,PWRHYDKENXX01,HYDKENXX,2035,5.842783153382401
GLOBAL,S2D1,PWRHYDKENXX01,HYDKENXX,2036,4.838096550136092
GLOBAL,S2D1,PWRHYDKENXX01,HYDKENXX,2037,4.81703837517123
GLOBAL,S2D1,PWRHYDKENXX01,HYDKENXX,2038,4.795943060567968
GLOBAL,S2D1,PWRHYDKENXX01,HYDKENXX,2039,5.842783153382401
GLOBAL,S2D1,PWRHYDKENXX01,HYDKENXX,2040,4.753789570999856
GLOBAL,S2D1,PWRHYDKENXX01,HYDKENXX,2041,5.842783153382401
GLOBAL,S2D1,PWRHYDKENXX01,HYDKENXX,2042,5.116695199329812
GLOBAL,S2D1,PWRHYDKENXX01,HYDKENXX,2043,4.675276375451846
GLOBAL,S2D1,PWRHYDKENXX01,HYDKENXX,2044,5.207546477536198
GLOBAL,S2D1,PWRHYDKENXX01,HYDKENXX,2045,4.718060008148541
GLOBAL,S2D1,PWRHYDKENXX01,HYDKENXX,2046,5.0736729141504355
GLOBAL,S2D1,PWRHYDKENXX01,HYDKENXX,2047,4.841981386894009
GLOBAL,S2D1,PWRHYDKENXX01,HYDKENXX,2048,4.835036831490287
GLOBAL,S2D1,PWRHYDKENXX01,HYDKENXX,2049,4.802205391157052
GLOBAL,S2D1,PWRHYDKENXX01,HYDKENXX,2050,4.855606835937957
GLOBAL,S2D1,PWRHYDTZAXX01,HYDTZAXX,2021,2.5286240243271516
GLOBAL,S2D1,PWRHYDTZAXX01,HYDTZAXX,2022,2.7624302675086887
GLOBAL,S2D1,PWRHYDTZAXX01,HYDTZAXX,2023,2.9962365106902253
GLOBAL,S2D1,PWRHYDTZAXX01,HYDTZAXX,2024,3.2305179698131883
GLOBAL,S2D1,PWRHYDTZAXX01,HYDTZAXX,2025,3.464324212994725
GLOBAL,S2D1,PWRHYDTZAXX01,HYDTZAXX,2026,3.7613341763859056
GLOBAL,S2D1,PWRHYDTZAXX01,HYDTZAXX,2027,4.057868923835659
GLOBAL,S2D1,PWRHYDTZAXX01,HYDTZAXX,2028,4.35487888722684
GLOBAL,S2D1,PWRHYDTZAXX01,HYDTZAXX,2029,4.65188885061802
GLOBAL,S2D1,PWRHYDTZAXX01,HYDTZAXX,2030,4.9488988140092
GLOBAL,S2D1,PWRHYDTZAXX01,HYDTZAXX,2031,5.307686849785746
GLOBAL,S2D1,PWRHYDTZAXX01,HYDTZAXX,2032,5.666950101503717
GLOBAL,S2D1,PWRHYDTZAXX01,HYDTZAXX,2033,6.026213353221689
GLOBAL,S2D1,PWRHYDTZAXX01,HYDTZAXX,2034,6.385001388998235
GLOBAL,S2D1,PWRHYDTZAXX01,HYDTZAXX,2035,6.744264640716206
GLOBAL,S2D1,PWRHYDTZAXX01,HYDTZAXX,2036,7.171008556116653
GLOBAL,S2D1,PWRHYDTZAXX01,HYDTZAXX,2037,7.597752471517101
GLOBAL,S2D1,PWRHYDTZAXX01,HYDTZAXX,2038,8.024021170976122
GLOBAL,S2D1,PWRHYDTZAXX01,HYDTZAXX,2039,8.45076508637657
GLOBAL,S2D1,PWRHYDTZAXX01,HYDTZAXX,2040,8.877509001777016
GLOBAL,S2D1,PWRHYDTZAXX01,HYDTZAXX,2041,9.381713115629884
GLOBAL,S2D1,PWRHYDTZAXX01,HYDTZAXX,2042,9.886392445424178
GLOBAL,S2D1,PWRHYDTZAXX01,HYDTZAXX,2043,10.390596559277045
GLOBAL,S2D1,PWRHYDTZAXX01,HYDTZAXX,2044,10.89480067312991
GLOBAL,S2D1,PWRHYDTZAXX01,HYDTZAXX,2045,11.399004786982779
GLOBAL,S2D1,PWRHYDTZAXX01,HYDTZAXX,2046,12.024864181840673
GLOBAL,S2D1,PWRHYDTZAXX01,HYDTZAXX,2047,12.650723576698567
GLOBAL,S2D1,PWRHYDTZAXX01,HYDTZAXX,2048,13.276582971556465
GLOBAL,S2D1,PWRHYDTZAXX01,HYDTZAXX,2049,13.902442366414364
GLOBAL,S2D1,PWRHYDTZAXX01,HYDTZAXX,2050,14.528301761272257
GLOBAL,S2D1,PWRSPVKENXX01,SPVKENXX,2021,0.019064564040960002
GLOBAL,S2D1,PWRSPVKENXX01,SPVKENXX,2022,0.019064564040960002
GLOBAL,S2D1,PWRSPVKENXX01,SPVKENXX,2023,0.019064564040960002
GLOBAL,S2D1,PWRSPVKENXX01,SPVKENXX,2024,0.019064564040960002
GLOBAL,S2D1,PWRSPVKENXX01,SPVKENXX,2025,0.019064564040960002
GLOBAL,S2D1,PWRSPVKENXX01,SPVKENXX,2026,0.019064564040960002
GLOBAL,S2D1,PWRSPVKENXX01,SPVKENXX,2027,0.019064564040960002
GLOBAL,S2D1,PWRSPVKENXX01,SPVKENXX,2028,0.019064564040960002
GLOBAL,S2D1,PWRSPVKENXX01,SPVKENXX,2029,0.019064564040960002
GLOBAL,S2D1,PWRSPVKENXX01,SPVKENXX,2030,0.019064564040960002
GLOBAL,S2D1,PWRSPVKENXX01,SPVKENXX,2031,0.019064564040960002
GLOBAL,S2D1,PWRSPVKENXX01,SPVKENXX,2032,0.6416387073691615
GLOBAL,S2D1,PWRSPVKENXX01,SPVKENXX,2033,1.4891399870070223
GLOBAL,S2D1,PWRSPVKENXX01,SPVKENXX,2034,3.4163069813963727
GLOBAL,S2D1,PWRSPVKENXX01,SPVKENXX,2035,4.047799704775865
GLOBAL,S2D1,PWRSPVKENXX01,SPVKENXX,2036,4.693695019379118
GLOBAL,S2D1,PWRSPVKENXX01,SPVKENXX,2037,5.338453194343987
GLOBAL,S2D1,PWRSPVKENXX01,SPVKENXX,2038,5.984348508947239
GLOBAL,S2D1,PWRSPVKENXX01,SPVKENXX,2039,6.6291066839121084
GLOBAL,S2D1,PWRSPVKENXX01,SPVKENXX,2040,7.275001998515358
GLOBAL,S2D1,PWRSPVKENXX01,SPVKENXX,2041,8.076685443577496
GLOBAL,S2D1,PWRSPVKENXX01,SPVKENXX,2042,8.878368888639626
GLOBAL,S2D1,PWRSPVKENXX01,SPVKENXX,2043,9.67891519406338
GLOBAL,S2D1,PWRSPVKENXX01,SPVKENXX,2044,10.480598639125517
GLOBAL,S2D1,PWRSPVKENXX01,SPVKENXX,2045,11.682940553366686
GLOBAL,S2D1,PWRSPVKENXX01,SPVKENXX,2046,13.486627085849566
GLOBAL,S2D1,PWRSPVKENXX01,SPVKENXX,2047,14.49299566582119
GLOBAL,S2D1,PWRSPVKENXX01,SPVKENXX,2048,15.671163168509713
GLOBAL,S2D1,PWRSPVKENXX01,SPVKENXX,2049,16.676394608842948
GLOBAL,S2D1,PWRSPVKENXX01,SPVKENXX,2050,17.596493164062046
GLOBAL,S2D1,PWRSPVTZAXX01,SPVTZAXX,2021,2.599487943059966
GLOBAL,S2D1,PWRSPVTZAXX01,SPVTZAXX,2022,2.851864882916649
GLOBAL,S2D1,PWRSPVTZAXX01,SPVTZAXX,2023,3.1042418227733313
GLOBAL,S2D1,PWRSPVTZAXX01,SPVTZAXX,2024,3.3571317238898852
GLOBAL,S2D1,PWRSPVTZAXX01,SPVTZAXX,2025,3.6095086637465683
GLOBAL,S2D1,PWRSPVTZAXX01,SPVTZAXX,2026,3.932909649777648
GLOBAL,S2D1,PWRSPVTZAXX01,SPVTZAXX,2027,4.255867888412846
GLOBAL,S2D1,PWRSPVTZAXX01,SPVTZAXX,2028,4.57836923131858
GLOBAL,S2D1,PWRSPVTZAXX01,SPVTZAXX,2029,4.9008705742243155
GLOBAL,S2D1,PWRSPVTZAXX01,SPVTZAXX,2030,5.156759652619054
GLOBAL,S2D1,PWRSPVTZAXX01,SPVTZAXX,2031,5.5306172997985605
GLOBAL,S2D1,PWRSPVTZAXX01,SPVTZAXX,2032,5.9049701226696945
GLOBAL,S2D1,PWRSPVTZAXX01,SPVTZAXX,2033,6.465088433215179
GLOBAL,S2D1,PWRSPVTZAXX01,SPVTZAXX,2034,6.850006165813354
GLOBAL,S2D1,PWRSPVTZAXX01,SPVTZAXX,2035,7.2354337232229184
GLOBAL,S2D1,PWRSPVTZAXX01,SPVTZAXX,2036,7.693256403849624
GLOBAL,S2D1,PWRSPVTZAXX01,SPVTZAXX,2037,8.151079084476326
GLOBAL,S2D1,PWRSPVTZAXX01,SPVTZAXX,2038,8.608391940291641
GLOBAL,S2D1,PWRSPVTZAXX01,SPVTZAXX,2039,9.066214620918345
GLOBAL,S2D1,PWRSPVTZAXX01,SPVTZAXX,2040,9.524037301545048
GLOBAL,S2D1,PWRSPVTZAXX01,SPVTZAXX,2041,10.064961426428045
GLOBAL,S2D1,PWRSPVTZAXX01,SPVTZAXX,2042,10.606395376122432
GLOBAL,S2D1,PWRSPVTZAXX01,SPVTZAXX,2043,11.147319501005429
GLOBAL,S2D1,PWRSPVTZAXX01,SPVTZAXX,2044,11.688243625888429
GLOBAL,S2D1,PWRSPVTZAXX01,SPVTZAXX,2045,12.229167750771428
GLOBAL,S2D1,PWRSPVTZAXX01,SPVTZAXX,2046,12.900607027369833
GLOBAL,S2D1,PWRSPVTZAXX01,SPVTZAXX,2047,13.572046303968245
GLOBAL,S2D1,PWRSPVTZAXX01,SPVTZAXX,2048,14.243485580566643
GLOBAL,S2D1,PWRSPVTZAXX01,SPVTZAXX,2049,14.914924857165051
GLOBAL,S2D1,PWRSPVTZAXX01,SPVTZAXX,2050,15.586364133763455
GLOBAL,S2D1,PWRTRNKENXX,ELCKENXX01,2021,4.172299999999999
GLOBAL,S2D1,PWRTRNKENXX,ELCKENXX01,2022,4.516600000000001
GLOBAL,S2D1,PWRTRNKENXX,ELCKENXX01,2023,4.859800000000001
GLOBAL,S2D1,PWRTRNKENXX,ELCKENXX01,2024,5.203
GLOBAL,S2D1,PWRTRNKENXX,ELCKENXX01,2025,5.5473
GLOBAL,S2D1,PWRTRNKENXX,ELCKENXX01,2026,6.0159
GLOBAL,S2D1,PWRTRNKENXX,ELCKENXX01,2027,6.484500000000001
GLOBAL,S2D1,PWRTRNKENXX,ELCKENXX01,2028,6.953100000000001
GLOBAL,S2D1,PWRTRNKENXX,ELCKENXX01,2029,7.4228000000000005
GLOBAL,S2D1,PWRTRNKENXX,ELCKENXX01,2030,7.8914
GLOBAL,S2D1,PWRTRNKENXX,ELCKENXX01,2031,8.431500000000002
GLOBAL,S2D1,PWRTRNKENXX,ELCKENXX01,2032,8.9705
GLOBAL,S2D1,PWRTRNKENXX,ELCKENXX01,2033,9.5106
GLOBAL,S2D1,PWRTRNKENXX,ELCKENXX01,2034,10.0507
GLOBAL,S2D1,PWRTRNKENXX,ELCKENXX01,2035,10.5897
GLOBAL,S2D1,PWRTRNKENXX,ELCKENXX01,2036,11.2145
GLOBAL,S2D1,PWRTRNKENXX,ELCKENXX01,2037,11.838200000000002
GLOBAL,S2D1,PWRTRNKENXX,ELCKENXX01,2038,12.463
GLOBAL,S2D1,PWRTRNKENXX,ELCKENXX01,2039,13.0867
GLOBAL,S2D1,PWRTRNKENXX,ELCKENXX01,2040,13.711500000000001
GLOBAL,S2D1,PWRTRNKENXX,ELCKENXX01,2041,14.486999999999998
GLOBAL,S2D1,PWRTRNKENXX,ELCKENXX01,2042,15.262500000000001
GLOBAL,S2D1,PWRTRNKENXX,ELCKENXX01,2043,16.0369
GLOBAL,S2D1,PWRTRNKENXX,ELCKENXX01,2044,16.8124
GLOBAL,S2D1,PWRTRNKENXX,ELCKENXX01,2045,17.5879
GLOBAL,S2D1,PWRTRNKENXX,ELCKENXX01,2046,18.5603
GLOBAL,S2D1,PWRTRNKENXX,ELCKENXX01,2047,19.5338
GLOBAL,S2D1,PWRTRNKENXX,ELCKENXX01,2048,20.5062
GLOBAL,S2D1,PWRTRNKENXX,ELCKENXX01,2049,21.478600000000004
GLOBAL,S2D1,PWRTRNKENXX,ELCKENXX01,2050,22.452099999999998
GLOBAL,S2D1,PWRTRNTZAXX,ELCTZAXX01,2021,5.321
GLOBAL,S2D1,PWRTRNTZAXX,ELCTZAXX01,2022,5.813
GLOBAL,S2D1,PWRTRNTZAXX,ELCTZAXX01,2023,6.305000000000001
GLOBAL,S2D1,PWRTRNTZAXX,ELCTZAXX01,2024,6.798
GLOBAL,S2D1,PWRTRNTZAXX,ELCTZAXX01,2025,7.289999999999999
GLOBAL,S2D1,PWRTRNTZAXX,ELCTZAXX01,2026,7.915
GLOBAL,S2D1,PWRTRNTZAXX,ELCTZAXX01,2027,8.539
GLOBAL,S2D1,PWRTRNTZAXX,ELCTZAXX01,2028,9.164
GLOBAL,S2D1,PWRTRNTZAXX,ELCTZAXX01,2029,9.788999999999998
GLOBAL,S2D1,PWRTRNTZAXX,ELCTZAXX01,2030,10.414
GLOBAL,S2D1,PWRTRNTZAXX,ELCTZAXX01,2031,11.169
GLOBAL,S2D1,PWRTRNTZAXX,ELCTZAXX01,2032,11.924999999999999
GLOBAL,S2D1,PWRTRNTZAXX,ELCTZAXX01,2033,12.681000000000001
GLOBAL,S2D1,PWRTRNTZAXX,ELCTZAXX01,2034,13.435999999999998
GLOBAL,S2D1,PWRTRNTZAXX,ELCTZAXX01,2035,14.192
GLOBAL,S2D1,PWRTRNTZAXX,ELCTZAXX01,2036,15.09
GLOBAL,S2D1,PWRTRNTZAXX,ELCTZAXX01,2037,15.987999999999998
GLOBAL,S2D1,PWRTRNTZAXX,ELCTZAXX01,2038,16.885
GLOBAL,S2D1,PWRTRNTZAXX,ELCTZAXX01,2039,17.783
GLOBAL,S2D1,PWRTRNTZAXX,ELCTZAXX01,2040,18.681
GLOBAL,S2D1,PWRTRNTZAXX,ELCTZAXX01,2041,19.742
GLOBAL,S2D1,PWRTRNTZAXX,ELCTZAXX01,2042,20.804
GLOBAL,S2D1,PWRTRNTZAXX,ELCTZAXX01,2043,21.865000000000002
GLOBAL,S2D1,PWRTRNTZAXX,ELCTZAXX01,2044,22.926
GLOBAL,S2D1,PWRTRNTZAXX,ELCTZAXX01,2045,23.986999999999995
GLOBAL,S2D1,PWRTRNTZAXX,ELCTZAXX01,2046,25.304
GLOBAL,S2D1,PWRTRNTZAXX,ELCTZAXX01,2047,26.621
GLOBAL,S2D1,PWRTRNTZAXX,ELCTZAXX01,2048,27.938000000000002
GLOBAL,S2D1,PWRTRNTZAXX,ELCTZAXX01,2049,29.254999999999995
GLOBAL,S2D1,PWRTRNTZAXX,ELCTZAXX01,2050,30.572
GLOBAL,S2D1,PWRWONKENXX01,WONKENXX,2021,0.21549842028288
GLOBAL,S2D1,PWRWONKENXX01,WONKENXX,2022,0.21549842028288
GLOBAL,S2D1,PWRWONKENXX01,WONKENXX,2023,0.21549842028288
GLOBAL,S2D1,PWRWONKENXX01,WONKENXX,2024,0.1988229472848
GLOBAL,S2D1,PWRWONKENXX01,WONKENXX,2025,0.1988229472848
GLOBAL,S2D1,PWRWONKENXX01,WONKENXX,2026,0.1988229472848
GLOBAL,S2D1,PWRWONKENXX01,WONKENXX,2027,0.1988229472848
GLOBAL,S2D1,PWRWONKENXX01,WONKENXX,2028,0.1988229472848
GLOBAL,S2D1,PWRWONKENXX01,WONKENXX,2029,0.1988229472848
GLOBAL,S2D1,PWRWONKENXX01,WONKENXX,2030,0.1988229472848
GLOBAL,S2D1,PWRWONKENXX01,WONKENXX,2031,0.1988229472848
GLOBAL,S2D1,PWRWONKENXX01,WONKENXX,2032,0.1988229472848
GLOBAL,S2D1,PWRWONKENXX01,WONKENXX,2033,0.1988229472848
GLOBAL,S2D1,PWRWONKENXX01,WONKENXX,2034,0.1988229472848
GLOBAL,S2D1,PWRWONKENXX01,WONKENXX,2035,0.1988229472848
GLOBAL,S2D1,PWRWONKENXX01,WONKENXX,2036,0.1988229472848
GLOBAL,S2D1,PWRWONKENXX01,WONKENXX,2037,0.1988229472848
GLOBAL,S2D1,PWRWONKENXX01,WONKENXX,2038,0.1988229472848
GLOBAL,S2D1,PWRWONKENXX01,WONKENXX,2039,0.1988229472848
GLOBAL,S2D1,PWRWONKENXX01,WONKENXX,2040,0.1988229472848
GLOBAL,S2D1,PWRWONKENXX01,WONKENXX,2041,0.1988229472848
GLOBAL,S2D1,PWRWONKENXX01,WONKENXX,2042,0.1988229472848
GLOBAL,S2D1,PWRWONKENXX01,WONKENXX,2043,0.1988229472848
GLOBAL,S2D1,PWRWONKENXX01,WONKENXX,2044,0.1988229472848
GLOBAL,S2D1,PWRWONKENXX01,WONKENXX,2045,0.1988229472848
GLOBAL,S2D1,PWRWONKENXX01,WONKENXX,2047,0.1988229472848
GLOBAL,S2D2,PWRBIOKENXX01,BIOKENXX,2021,0.8224335043710027
GLOBAL,S2D2,PWRBIOKENXX01,BIOKENXX,2022,0.9444689278011652
GLOBAL,S2D2,PWRBIOKENXX01,BIOKENXX,2023,1.0072005523199998
GLOBAL,S2D2,PWRBIOKENXX01,BIOKENXX,2024,1.0072005523199998
GLOBAL,S2D2,PWRBIOKENXX01,BIOKENXX,2025,1.0072005523199998
GLOBAL,S2D2,PWRBIOKENXX01,BIOKENXX,2026,1.0072005523199998
GLOBAL,S2D2,PWRBIOKENXX01,BIOKENXX,2027,1.0072005523199998
GLOBAL,S2D2,PWRBIOKENXX01,BIOKENXX,2028,1.0072005523199998
GLOBAL,S2D2,PWRBIOKENXX01,BIOKENXX,2029,1.0072005523199998
GLOBAL,S2D2,PWRBIOKENXX01,BIOKENXX,2030,1.0072005523199998
GLOBAL,S2D2,PWRBIOKENXX01,BIOKENXX,2031,1.0072005523199998
GLOBAL,S2D2,PWRBIOTZAXX01,BIOTZAXX,2021,0.5363187856330613
GLOBAL,S2D2,PWRBIOTZAXX01,BIOTZAXX,2022,0.5290135343342324
GLOBAL,S2D2,PWRBIOTZAXX01,BIOTZAXX,2023,0.5217082830354037
GLOBAL,S2D2,PWRBIOTZAXX01,BIOTZAXX,2024,0.5143881836648259
GLOBAL,S2D2,PWRBIOTZAXX01,BIOTZAXX,2025,0.5070829323659943
GLOBAL,S2D2,PWRBIOTZAXX01,BIOTZAXX,2026,0.4845466360319255
GLOBAL,S2D2,PWRBIOTZAXX01,BIOTZAXX,2027,0.4616927925475239
GLOBAL,S2D2,PWRBIOTZAXX01,BIOTZAXX,2028,0.4434154425162512
GLOBAL,S2D2,PWRBIOTZAXX01,BIOTZAXX,2029,0.4251380924849755
GLOBAL,S2D2,PWRBIOTZAXX01,BIOTZAXX,2030,0.7222058494937044
GLOBAL,S2D2,PWRBIOTZAXX01,BIOTZAXX,2031,0.7745647333392677
GLOBAL,S2D2,PWRCCGKENXX01,GASINT,2023,0.04173618503164268
GLOBAL,S2D2,PWRCCGKENXX01,GASINT,2024,0.12081585658677428
GLOBAL,S2D2,PWRCCGKENXX01,GASINT,2025,0.20726900604386245
GLOBAL,S2D2,PWRCCGKENXX01,GASINT,2026,0.32493367591198036
GLOBAL,S2D2,PWRCCGKENXX01,GASINT,2027,0.44259834578009644
GLOBAL,S2D2,PWRCCGKENXX01,GASINT,2028,0.5602630156482107
GLOBAL,S2D2,PWRCCGKENXX01,GASINT,2029,0.6649489507644386
GLOBAL,S2D2,PWRCCGKENXX01,GASINT,2030,0.6649489507644386
GLOBAL,S2D2,PWRCCGKENXX01,GASINT,2031,0.6649489507644386
GLOBAL,S2D2,PWRCCGKENXX01,GASINT,2032,0.6649489507644386
GLOBAL,S2D2,PWRCCGTZAXX01,GASINT,2032,0.4966924724924162
GLOBAL,S2D2,PWRGEOKENXX01,GEOKENXX,2021,2.6702855712
GLOBAL,S2D2,PWRGEOKENXX01,GEOKENXX,2022,2.6702855712
GLOBAL,S2D2,PWRGEOKENXX01,GEOKENXX,2023,2.6702855712
GLOBAL,S2D2,PWRGEOKENXX01,GEOKENXX,2024,2.6702855712
GLOBAL,S2D2,PWRGEOKENXX01,GEOKENXX,2025,2.6702855712
GLOBAL,S2D2,PWRGEOKENXX01,GEOKENXX,2026,2.6702855712
GLOBAL,S2D2,PWRGEOKENXX01,GEOKENXX,2027,2.6702855712
GLOBAL,S2D2,PWRGEOKENXX01,GEOKENXX,2028,2.6702855712
GLOBAL,S2D2,PWRGEOKENXX01,GEOKENXX,2029,2.6702855712
GLOBAL,S2D2,PWRGEOKENXX01,GEOKENXX,2030,2.6702855712
GLOBAL,S2D2,PWRGEOKENXX01,GEOKENXX,2031,2.6702855712
GLOBAL,S2D2,PWRGEOKENXX01,GEOKENXX,2032,2.6702855712
GLOBAL,S2D2,PWRGEOKENXX01,GEOKENXX,2033,2.6702855712
GLOBAL,S2D2,PWRGEOKENXX01,GEOKENXX,2034,1.4838854832000001
GLOBAL,S2D2,PWRGEOKENXX01,GEOKENXX,2035,1.4838854832000001
GLOBAL,S2D2,PWRGEOKENXX01,GEOKENXX,2036,1.4838854832000001
GLOBAL,S2D2,PWRGEOKENXX01,GEOKENXX,2037,1.4838854832000001
GLOBAL,S2D2,PWRGEOKENXX01,GEOKENXX,2038,1.4838854832000001
GLOBAL,S2D2,PWRGEOKENXX01,GEOKENXX,2039,1.4838854832000001
GLOBAL,S2D2,PWRGEOKENXX01,GEOKENXX,2040,1.4838854832000001
GLOBAL,S2D2,PWRGEOKENXX01,GEOKENXX,2041,1.4838854832000001
GLOBAL,S2D2,PWRGEOKENXX01,GEOKENXX,2042,1.4838854832000001
GLOBAL,S2D2,PWRGEOKENXX01,GEOKENXX,2043,1.4838854832000001
GLOBAL,S2D2,PWRGEOKENXX01,GEOKENXX,2044,1.4838854832000001
GLOBAL,S2D2,PWRGEOKENXX01,GEOKENXX,2045,0.9880764912
GLOBAL,S2D2,PWRHYDKENXX01,HYDKENXX,2021,1.4288835958775061
GLOBAL,S2D2,PWRHYDKENXX01,HYDKENXX,2022,1.765864790994544
GLOBAL,S2D2,PWRHYDKENXX01,HYDKENXX,2023,2.0995449185676986
GLOBAL,S2D2,PWRHYDKENXX01,HYDKENXX,2024,2.4474710663264534
GLOBAL,S2D2,PWRHYDKENXX01,HYDKENXX,2025,2.779844491597909
GLOBAL,S2D2,PWRHYDKENXX01,HYDKENXX,2026,3.23221215666385
GLOBAL,S2D2,PWRHYDKENXX01,HYDKENXX,2027,3.684579821729792
GLOBAL,S2D2,PWRHYDKENXX01,HYDKENXX,2028,4.1369474867957345
GLOBAL,S2D2,PWRHYDKENXX01,HYDKENXX,2029,4.590377047789061
GLOBAL,S2D2,PWRHYDKENXX01,HYDKENXX,2030,5.0427447128550025
GLOBAL,S2D2,PWRHYDKENXX01,HYDKENXX,2031,5.564135613200958
GLOBAL,S2D2,PWRHYDKENXX01,HYDKENXX,2032,5.842783153382401
GLOBAL,S2D2,PWRHYDKENXX01,HYDKENXX,2033,5.7280349760465405
GLOBAL,S2D2,PWRHYDKENXX01,HYDKENXX,2034,5.695346409667415
GLOBAL,S2D2,PWRHYDKENXX01,HYDKENXX,2035,5.612467608510801
GLOBAL,S2D2,PWRHYDKENXX01,HYDKENXX,2036,5.607887929329752
GLOBAL,S2D2,PWRHYDKENXX01,HYDKENXX,2037,5.603316312964162
GLOBAL,S2D2,PWRHYDKENXX01,HYDKENXX,2038,5.598736633783115
GLOBAL,S2D2,PWRHYDKENXX01,HYDKENXX,2039,5.594165017417524
GLOBAL,S2D2,PWRHYDKENXX01,HYDKENXX,2040,5.589585338236476
GLOBAL,S2D2,PWRHYDKENXX01,HYDKENXX,2041,5.583901053337465
GLOBAL,S2D2,PWRHYDKENXX01,HYDKENXX,2042,5.578216768438457
GLOBAL,S2D2,PWRHYDKENXX01,HYDKENXX,2043,5.572540546354899
GLOBAL,S2D2,PWRHYDKENXX01,HYDKENXX,2044,5.722642988235089
GLOBAL,S2D2,PWRHYDKENXX01,HYDKENXX,2045,5.631333508935166
GLOBAL,S2D2,PWRHYDKENXX01,HYDKENXX,2046,5.764027891022759
GLOBAL,S2D2,PWRHYDKENXX01,HYDKENXX,2047,5.756892299341018
GLOBAL,S2D2,PWRHYDKENXX01,HYDKENXX,2048,5.721829446477525
GLOBAL,S2D2,PWRHYDKENXX01,HYDKENXX,2049,5.71470191761125
GLOBAL,S2D2,PWRHYDKENXX01,HYDKENXX,2050,5.6900882025672415
GLOBAL,S2D2,PWRHYDTZAXX01,HYDTZAXX,2021,2.5286240243271516
GLOBAL,S2D2,PWRHYDTZAXX01,HYDTZAXX,2022,2.7624302675086887
GLOBAL,S2D2,PWRHYDTZAXX01,HYDTZAXX,2023,2.9962365106902253
GLOBAL,S2D2,PWRHYDTZAXX01,HYDTZAXX,2024,3.2305179698131883
GLOBAL,S2D2,PWRHYDTZAXX01,HYDTZAXX,2025,3.464324212994725
GLOBAL,S2D2,PWRHYDTZAXX01,HYDTZAXX,2026,3.7613341763859056
GLOBAL,S2D2,PWRHYDTZAXX01,HYDTZAXX,2027,4.057868923835659
GLOBAL,S2D2,PWRHYDTZAXX01,HYDTZAXX,2028,4.35487888722684
GLOBAL,S2D2,PWRHYDTZAXX01,HYDTZAXX,2029,4.65188885061802
GLOBAL,S2D2,PWRHYDTZAXX01,HYDTZAXX,2030,4.9488988140092
GLOBAL,S2D2,PWRHYDTZAXX01,HYDTZAXX,2031,5.307686849785746
GLOBAL,S2D2,PWRHYDTZAXX01,HYDTZAXX,2032,5.666950101503717
GLOBAL,S2D2,PWRHYDTZAXX01,HYDTZAXX,2033,6.026213353221689
GLOBAL,S2D2,PWRHYDTZAXX01,HYDTZAXX,2034,6.385001388998235
GLOBAL,S2D2,PWRHYDTZAXX01,HYDTZAXX,2035,6.744264640716206
GLOBAL,S2D2,PWRHYDTZAXX01,HYDTZAXX,2036,7.171008556116653
GLOBAL,S2D2,PWRHYDTZAXX01,HYDTZAXX,2037,7.597752471517101
GLOBAL,S2D2,PWRHYDTZAXX01,HYDTZAXX,2038,8.024021170976122
GLOBAL,S2D2,PWRHYDTZAXX01,HYDTZAXX,2039,8.45076508637657
GLOBAL,S2D2,PWRHYDTZAXX01,HYDTZAXX,2040,8.877509001777016
GLOBAL,S2D2,PWRHYDTZAXX01,HYDTZAXX,2041,9.381713115629884
GLOBAL,S2D2,PWRHYDTZAXX01,HYDTZAXX,2042,9.886392445424178
GLOBAL,S2D2,PWRHYDTZAXX01,HYDTZAXX,2043,10.390596559277045
GLOBAL,S2D2,PWRHYDTZAXX01,HYDTZAXX,2044,10.89480067312991
GLOBAL,S2D2,PWRHYDTZAXX01,HYDTZAXX,2045,11.399004786982779
GLOBAL,S2D2,PWRHYDTZAXX01,HYDTZAXX,2046,12.024864181840673
GLOBAL,S2D2,PWRHYDTZAXX01,HYDTZAXX,2047,12.650723576698567
GLOBAL,S2D2,PWRHYDTZAXX01,HYDTZAXX,2048,13.276582971556465
GLOBAL,S2D2,PWRHYDTZAXX01,HYDTZAXX,2049,13.902442366414364
GLOBAL,S2D2,PWRHYDTZAXX01,HYDTZAXX,2050,14.528301761272257
GLOBAL,S2D2,PWROCGKENXX01,GASINT,2029,0.018934685928533753
GLOBAL,S2D2,PWROCGKENXX01,GASINT,2030,0.18701866683514012
GLOBAL,S2D2,PWROCGKENXX01,GASINT,2031,0.3807492645467429
GLOBAL,S2D2,PWRSPVKENXX01,SPVKENXX,2021,0.02331435540096
GLOBAL,S2D2,PWRSPVKENXX01,SPVKENXX,2022,0.02331435540096
GLOBAL,S2D2,PWRSPVKENXX01,SPVKENXX,2023,0.02331435540096
GLOBAL,S2D2,PWRSPVKENXX01,SPVKENXX,2024,0.02331435540096
GLOBAL,S2D2,PWRSPVKENXX01,SPVKENXX,2025,0.02331435540096
GLOBAL,S2D2,PWRSPVKENXX01,SPVKENXX,2026,0.02331435540096
GLOBAL,S2D2,PWRSPVKENXX01,SPVKENXX,2027,0.02331435540096
GLOBAL,S2D2,PWRSPVKENXX01,SPVKENXX,2028,0.02331435540096
GLOBAL,S2D2,PWRSPVKENXX01,SPVKENXX,2029,0.02331435540096
GLOBAL,S2D2,PWRSPVKENXX01,SPVKENXX,2030,0.02331435540096
GLOBAL,S2D2,PWRSPVKENXX01,SPVKENXX,2031,0.02331435540096
GLOBAL,S2D2,PWRSPVKENXX01,SPVKENXX,2032,0.7846700732561791
GLOBAL,S2D2,PWRSPVKENXX01,SPVKENXX,2033,1.8210927259742584
GLOBAL,S2D2,PWRSPVKENXX01,SPVKENXX,2034,3.6293813803533848
GLOBAL,S2D2,PWRSPVKENXX01,SPVKENXX,2035,4.300260181509999
GLOBAL,S2D2,PWRSPVKENXX01,SPVKENXX,2036,4.98643986069105
GLOBAL,S2D2,PWRSPVKENXX01,SPVKENXX,2037,5.6714114770566395
GLOBAL,S2D2,PWRSPVKENXX01,SPVKENXX,2038,6.357591156237686
GLOBAL,S2D2,PWRSPVKENXX01,SPVKENXX,2039,7.042562772603278
GLOBAL,S2D2,PWRSPVKENXX01,SPVKENXX,2040,7.728742451784326
GLOBAL,S2D2,PWRSPVKENXX01,SPVKENXX,2041,8.580426736683336
GLOBAL,S2D2,PWRSPVKENXX01,SPVKENXX,2042,9.43211102158234
GLOBAL,S2D2,PWRSPVKENXX01,SPVKENXX,2043,10.2825872436659
GLOBAL,S2D2,PWRSPVKENXX01,SPVKENXX,2044,11.134271528564911
GLOBAL,S2D2,PWRSPVKENXX01,SPVKENXX,2045,12.411603273085635
GLOBAL,S2D2,PWRSPVKENXX01,SPVKENXX,2046,14.327785382198039
GLOBAL,S2D2,PWRSPVKENXX01,SPVKENXX,2047,15.39692097387978
GLOBAL,S2D2,PWRSPVKENXX01,SPVKENXX,2048,16.648570553522475
GLOBAL,S2D2,PWRSPVKENXX01,SPVKENXX,2049,17.71649808238875
GLOBAL,S2D2,PWRSPVKENXX01,SPVKENXX,2050,18.80311179743276
GLOBAL,S2D2,PWRSPVTZAXX01,SPVTZAXX,2021,3.695519283290548
GLOBAL,S2D2,PWRSPVTZAXX01,SPVTZAXX,2022,4.0543068092678185
GLOBAL,S2D2,PWRSPVTZAXX01,SPVTZAXX,2023,4.4130943352450895
GLOBAL,S2D2,PWRSPVTZAXX01,SPVTZAXX,2024,4.772611104161338
GLOBAL,S2D2,PWRSPVTZAXX01,SPVTZAXX,2025,5.131398630138609
GLOBAL,S2D2,PWRSPVTZAXX01,SPVTZAXX,2026,5.591156323304206
GLOBAL,S2D2,PWRSPVTZAXX01,SPVTZAXX,2027,6.050284591915835
GLOBAL,S2D2,PWRSPVTZAXX01,SPVTZAXX,2028,6.508763322227739
GLOBAL,S2D2,PWRSPVTZAXX01,SPVTZAXX,2029,6.967242052539645
GLOBAL,S2D2,PWRSPVTZAXX01,SPVTZAXX,2030,7.331022552509207
GLOBAL,S2D2,PWRSPVTZAXX01,SPVTZAXX,2031,7.862511128190449
GLOBAL,S2D2,PWRSPVTZAXX01,SPVTZAXX,2032,8.394703662250075
GLOBAL,S2D2,PWRSPVTZAXX01,SPVTZAXX,2033,9.190986646778311
GLOBAL,S2D2,PWRSPVTZAXX01,SPVTZAXX,2034,9.738198611001765
GLOBAL,S2D2,PWRSPVTZAXX01,SPVTZAXX,2035,10.286135359283792
GLOBAL,S2D2,PWRSPVTZAXX01,SPVTZAXX,2036,10.936991443883347
GLOBAL,S2D2,PWRSPVTZAXX01,SPVTZAXX,2037,11.587847528482902
GLOBAL,S2D2,PWRSPVTZAXX01,SPVTZAXX,2038,12.237978829023879
GLOBAL,S2D2,PWRSPVTZAXX01,SPVTZAXX,2039,12.888834913623429
GLOBAL,S2D2,PWRSPVTZAXX01,SPVTZAXX,2040,13.539690998222985
GLOBAL,S2D2,PWRSPVTZAXX01,SPVTZAXX,2041,14.308686884370116
GLOBAL,S2D2,PWRSPVTZAXX01,SPVTZAXX,2042,15.078407554575822
GLOBAL,S2D2,PWRSPVTZAXX01,SPVTZAXX,2043,15.847403440722955
GLOBAL,S2D2,PWRSPVTZAXX01,SPVTZAXX,2044,16.616399326870088
GLOBAL,S2D2,PWRSPVTZAXX01,SPVTZAXX,2045,17.385395213017222
GLOBAL,S2D2,PWRSPVTZAXX01,SPVTZAXX,2046,18.339935818159326
GLOBAL,S2D2,PWRSPVTZAXX01,SPVTZAXX,2047,19.294476423301433
GLOBAL,S2D2,PWRSPVTZAXX01,SPVTZAXX,2048,20.249017028443536
GLOBAL,S2D2,PWRSPVTZAXX01,SPVTZAXX,2049,21.203557633585643
GLOBAL,S2D2,PWRSPVTZAXX01,SPVTZAXX,2050,22.15809823872774
GLOBAL,S2D2,PWRTRNKENXX,ELCKENXX01,2021,4.5516
GLOBAL,S2D2,PWRTRNKENXX,ELCKENXX01,2022,4.9272
GLOBAL,S2D2,PWRTRNKENXX,ELCKENXX01,2023,5.3016
GLOBAL,S2D2,PWRTRNKENXX,ELCKENXX01,2024,5.676
GLOBAL,S2D2,PWRTRNKENXX,ELCKENXX01,2025,6.0516
GLOBAL,S2D2,PWRTRNKENXX,ELCKENXX01,2026,6.562800000000001
GLOBAL,S2D2,PWRTRNKENXX,ELCKENXX01,2027,7.074
GLOBAL,S2D2,PWRTRNKENXX,ELCKENXX01,2028,7.5852
GLOBAL,S2D2,PWRTRNKENXX,ELCKENXX01,2029,8.097599999999998
GLOBAL,S2D2,PWRTRNKENXX,ELCKENXX01,2030,8.6088
GLOBAL,S2D2,PWRTRNKENXX,ELCKENXX01,2031,9.198000000000002
GLOBAL,S2D2,PWRTRNKENXX,ELCKENXX01,2032,9.786
GLOBAL,S2D2,PWRTRNKENXX,ELCKENXX01,2033,10.3752
GLOBAL,S2D2,PWRTRNKENXX,ELCKENXX01,2034,10.964400000000001
GLOBAL,S2D2,PWRTRNKENXX,ELCKENXX01,2035,11.5524
GLOBAL,S2D2,PWRTRNKENXX,ELCKENXX01,2036,12.234
GLOBAL,S2D2,PWRTRNKENXX,ELCKENXX01,2037,12.914400000000002
GLOBAL,S2D2,PWRTRNKENXX,ELCKENXX01,2038,13.595999999999998
GLOBAL,S2D2,PWRTRNKENXX,ELCKENXX01,2039,14.2764
GLOBAL,S2D2,PWRTRNKENXX,ELCKENXX01,2040,14.958
GLOBAL,S2D2,PWRTRNKENXX,ELCKENXX01,2041,15.803999999999998
GLOBAL,S2D2,PWRTRNKENXX,ELCKENXX01,2042,16.65
GLOBAL,S2D2,PWRTRNKENXX,ELCKENXX01,2043,17.4948
GLOBAL,S2D2,PWRTRNKENXX,ELCKENXX01,2044,18.3408
GLOBAL,S2D2,PWRTRNKENXX,ELCKENXX01,2045,19.1868
GLOBAL,S2D2,PWRTRNKENXX,ELCKENXX01,2046,20.2476
GLOBAL,S2D2,PWRTRNKENXX,ELCKENXX01,2047,21.3096
GLOBAL,S2D2,PWRTRNKENXX,ELCKENXX01,2048,22.3704
GLOBAL,S2D2,PWRTRNKENXX,ELCKENXX01,2049,23.4312
GLOBAL,S2D2,PWRTRNKENXX,ELCKENXX01,2050,24.4932
GLOBAL,S2D2,PWRTRNTZAXX,ELCTZAXX01,2021,6.3852
GLOBAL,S2D2,PWRTRNTZAXX,ELCTZAXX01,2022,6.975599999999999
GLOBAL,S2D2,PWRTRNTZAXX,ELCTZAXX01,2023,7.565999999999999
GLOBAL,S2D2,PWRTRNTZAXX,ELCTZAXX01,2024,8.1576
GLOBAL,S2D2,PWRTRNTZAXX,ELCTZAXX01,2025,8.748
GLOBAL,S2D2,PWRTRNTZAXX,ELCTZAXX01,2026,9.497999999999998
GLOBAL,S2D2,PWRTRNTZAXX,ELCTZAXX01,2027,10.246799999999999
GLOBAL,S2D2,PWRTRNTZAXX,ELCTZAXX01,2028,10.996799999999999
GLOBAL,S2D2,PWRTRNTZAXX,ELCTZAXX01,2029,11.7468
GLOBAL,S2D2,PWRTRNTZAXX,ELCTZAXX01,2030,12.4968
GLOBAL,S2D2,PWRTRNTZAXX,ELCTZAXX01,2031,13.402800000000001
GLOBAL,S2D2,PWRTRNTZAXX,ELCTZAXX01,2032,14.310000000000002
GLOBAL,S2D2,PWRTRNTZAXX,ELCTZAXX01,2033,15.2172
GLOBAL,S2D2,PWRTRNTZAXX,ELCTZAXX01,2034,16.1232
GLOBAL,S2D2,PWRTRNTZAXX,ELCTZAXX01,2035,17.0304
GLOBAL,S2D2,PWRTRNTZAXX,ELCTZAXX01,2036,18.108
GLOBAL,S2D2,PWRTRNTZAXX,ELCTZAXX01,2037,19.1856
GLOBAL,S2D2,PWRTRNTZAXX,ELCTZAXX01,2038,20.262
GLOBAL,S2D2,PWRTRNTZAXX,ELCTZAXX01,2039,21.3396
GLOBAL,S2D2,PWRTRNTZAXX,ELCTZAXX01,2040,22.4172
GLOBAL,S2D2,PWRTRNTZAXX,ELCTZAXX01,2041,23.690399999999997
GLOBAL,S2D2,PWRTRNTZAXX,ELCTZAXX01,2042,24.964799999999997
GLOBAL,S2D2,PWRTRNTZAXX,ELCTZAXX01,2043,26.238
GLOBAL,S2D2,PWRTRNTZAXX,ELCTZAXX01,2044,27.51119999999999
GLOBAL,S2D2,PWRTRNTZAXX,ELCTZAXX01,2045,28.78440000000001
GLOBAL,S2D2,PWRTRNTZAXX,ELCTZAXX01,2046,30.364799999999995
GLOBAL,S2D2,PWRTRNTZAXX,ELCTZAXX01,2047,31.945200000000003
GLOBAL,S2D2,PWRTRNTZAXX,ELCTZAXX01,2048,33.5256
GLOBAL,S2D2,PWRTRNTZAXX,ELCTZAXX01,2049,35.106
GLOBAL,S2D2,PWRTRNTZAXX,ELCTZAXX01,2050,36.6864
GLOBAL,S2D2,PWRWONKENXX01,WONKENXX,2021,0.16885271031552
GLOBAL,S2D2,PWRWONKENXX01,WONKENXX,2022,0.16885271031552
GLOBAL,S2D2,PWRWONKENXX01,WONKENXX,2023,0.16885271031552
GLOBAL,S2D2,PWRWONKENXX01,WONKENXX,2024,0.1557867267792
GLOBAL,S2D2,PWRWONKENXX01,WONKENXX,2025,0.1557867267792
GLOBAL,S2D2,PWRWONKENXX01,WONKENXX,2026,0.1557867267792
GLOBAL,S2D2,PWRWONKENXX01,WONKENXX,2027,0.1557867267792
GLOBAL,S2D2,PWRWONKENXX01,WONKENXX,2028,0.1557867267792
GLOBAL,S2D2,PWRWONKENXX01,WONKENXX,2029,0.1557867267792
GLOBAL,S2D2,PWRWONKENXX01,WONKENXX,2030,0.1557867267792
GLOBAL,S2D2,PWRWONKENXX01,WONKENXX,2031,0.1557867267792
GLOBAL,S2D2,PWRWONKENXX01,WONKENXX,2032,0.1557867267792
GLOBAL,S2D2,PWRWONKENXX01,WONKENXX,2033,0.1557867267792
GLOBAL,S2D2,PWRWONKENXX01,WONKENXX,2034,0.1557867267792
GLOBAL,S2D2,PWRWONKENXX01,WONKENXX,2035,0.1557867267792
GLOBAL,S2D2,PWRWONKENXX01,WONKENXX,2036,0.1557867267792
GLOBAL,S2D2,PWRWONKENXX01,WONKENXX,2037,0.1557867267792
GLOBAL,S2D2,PWRWONKENXX01,WONKENXX,2038,0.1557867267792
GLOBAL,S2D2,PWRWONKENXX01,WONKENXX,2039,0.1557867267792
GLOBAL,S2D2,PWRWONKENXX01,WONKENXX,2040,0.1557867267792
GLOBAL,S2D2,PWRWONKENXX01,WONKENXX,2041,0.1557867267792
GLOBAL,S2D2,PWRWONKENXX01,WONKENXX,2042,0.1557867267792
GLOBAL,S2D2,PWRWONKENXX01,WONKENXX,2043,0.1557867267792
GLOBAL,S2D2,PWRWONKENXX01,WONKENXX,2045,0.1557867267792
GLOBAL,S2D2,PWRWONKENXX01,WONKENXX,2046,0.1557867267792
GLOBAL,S2D2,PWRWONKENXX01,WONKENXX,2047,0.1557867267792
GLOBAL,S2D3,PWRBIOKENXX01,BIOKENXX,2031,1.0072005523199998
GLOBAL,S2D3,PWRBIOTZAXX01,BIOTZAXX,2021,0.82552197168
GLOBAL,S2D3,PWRBIOTZAXX01,BIOTZAXX,2022,0.82552197168
GLOBAL,S2D3,PWRBIOTZAXX01,BIOTZAXX,2023,0.82552197168
GLOBAL,S2D3,PWRBIOTZAXX01,BIOTZAXX,2024,0.82552197168
GLOBAL,S2D3,PWRBIOTZAXX01,BIOTZAXX,2025,0.82552197168
GLOBAL,S2D3,PWRBIOTZAXX01,BIOTZAXX,2026,0.82552197168
GLOBAL,S2D3,PWRBIOTZAXX01,BIOTZAXX,2027,0.82552197168
GLOBAL,S2D3,PWRBIOTZAXX01,BIOTZAXX,2028,0.82552197168
GLOBAL,S2D3,PWRBIOTZAXX01,BIOTZAXX,2029,0.82552197168
GLOBAL,S2D3,PWRBIOTZAXX01,BIOTZAXX,2030,0.82552197168
GLOBAL,S2D3,PWRBIOTZAXX01,BIOTZAXX,2031,0.82552197168
GLOBAL,S2D3,PWRCCGKENXX01,GASINT,2034,3.140896697219199
GLOBAL,S2D3,PWRCCGKENXX01,GASINT,2035,4.120896697219202
GLOBAL,S2D3,PWRCCGKENXX01,GASINT,2036,5.256896697219201
GLOBAL,S2D3,PWRCCGKENXX01,GASINT,2037,6.3908966972192
GLOBAL,S2D3,PWRCCGKENXX01,GASINT,2038,7.526896697219198
GLOBAL,S2D3,PWRCCGKENXX01,GASINT,2039,8.660896697219197
GLOBAL,S2D3,PWRCCGKENXX01,GASINT,2040,9.7968966972192
GLOBAL,S2D3,PWRCCGKENXX01,GASINT,2041,11.206896697219197
GLOBAL,S2D3,PWRCCGKENXX01,GASINT,2042,12.6168966972192
GLOBAL,S2D3,PWRCCGKENXX01,GASINT,2043,14.024896697219203
GLOBAL,S2D3,PWRCCGKENXX01,GASINT,2044,15.434896697219198
GLOBAL,S2D3,PWRCCGKENXX01,GASINT,2045,17.836514681219207
GLOBAL,S2D3,PWRCCGKENXX01,GASINT,2046,21.5806676636192
GLOBAL,S2D3,PWRCCGKENXX01,GASINT,2047,23.350667663619195
GLOBAL,S2D3,PWRCCGKENXX01,GASINT,2048,25.5984336932352
GLOBAL,S2D3,PWRCCGKENXX01,GASINT,2049,27.3664336932352
GLOBAL,S2D3,PWRCCGKENXX01,GASINT,2050,29.136433693235197
GLOBAL,S2D3,PWRCCGTZAXX00,GASINT,2021,1.819477340928
GLOBAL,S2D3,PWRCCGTZAXX00,GASINT,2022,1.6465413767115267
GLOBAL,S2D3,PWRCCGTZAXX00,GASINT,2023,0.753112735049824
GLOBAL,S2D3,PWRCCGTZAXX00,GASINT,2024,0.7112900573530081
GLOBAL,S2D3,PWRCCGTZAXX01,GASINT,2021,2.9930010187184832
GLOBAL,S2D3,PWRCCGTZAXX01,GASINT,2022,4.272098589005677
GLOBAL,S2D3,PWRCCGTZAXX01,GASINT,2023,5.511910103988112
GLOBAL,S2D3,PWRCCGTZAXX01,GASINT,2024,6.063211702095884
GLOBAL,S2D3,PWRCCGTZAXX01,GASINT,2025,7.15554258201055
GLOBAL,S2D3,PWRCCGTZAXX01,GASINT,2026,7.811522655228188
GLOBAL,S2D3,PWRCCGTZAXX01,GASINT,2027,8.466453160328681
GLOBAL,S2D3,PWRCCGTZAXX01,GASINT,2028,9.12243323354632
GLOBAL,S2D3,PWRCCGTZAXX01,GASINT,2029,9.778413306763959
GLOBAL,S2D3,PWRCCGTZAXX01,GASINT,2030,10.434393379981596
GLOBAL,S2D3,PWRCCGTZAXX01,GASINT,2031,11.226817308428508
GLOBAL,S2D3,PWRCCGTZAXX01,GASINT,2032,12.516099796992567
GLOBAL,S2D3,PWRCCGTZAXX01,GASINT,2033,13.30957329355662
GLOBAL,S2D3,PWRCCGTZAXX01,GASINT,2034,14.10199722200353
GLOBAL,S2D3,PWRCCGTZAXX01,GASINT,2035,14.895470718567589
GLOBAL,S2D3,PWRCCGTZAXX01,GASINT,2036,15.837982887766694
GLOBAL,S2D3,PWRCCGTZAXX01,GASINT,2037,16.780495056965798
GLOBAL,S2D3,PWRCCGTZAXX01,GASINT,2038,17.721957658047756
GLOBAL,S2D3,PWRCCGTZAXX01,GASINT,2039,18.66446982724686
GLOBAL,S2D3,PWRCCGTZAXX01,GASINT,2040,19.60698199644597
GLOBAL,S2D3,PWRCCGTZAXX01,GASINT,2041,20.720573768740238
GLOBAL,S2D3,PWRCCGTZAXX01,GASINT,2042,21.83521510915164
GLOBAL,S2D3,PWRCCGTZAXX01,GASINT,2043,22.948806881445908
GLOBAL,S2D3,PWRCCGTZAXX01,GASINT,2044,24.062398653740175
GLOBAL,S2D3,PWRCCGTZAXX01,GASINT,2045,25.17599042603444
GLOBAL,S2D3,PWRCCGTZAXX01,GASINT,2046,26.558271636318647
GLOBAL,S2D3,PWRCCGTZAXX01,GASINT,2047,27.94055284660286
GLOBAL,S2D3,PWRCCGTZAXX01,GASINT,2048,29.32283405688707
GLOBAL,S2D3,PWRCCGTZAXX01,GASINT,2049,30.705115267171266
GLOBAL,S2D3,PWRCCGTZAXX01,GASINT,2050,32.087396477455485
GLOBAL,S2D3,PWRGEOKENXX01,GEOKENXX,2021,2.1180364852130533
GLOBAL,S2D3,PWRGEOKENXX01,GEOKENXX,2022,2.094055290096016
GLOBAL,S2D3,PWRGEOKENXX01,GEOKENXX,2023,2.072375162522862
GLOBAL,S2D3,PWRGEOKENXX01,GEOKENXX,2024,2.055490913251147
GLOBAL,S2D3,PWRGEOKENXX01,GEOKENXX,2025,2.0361174879796913
GLOBAL,S2D3,PWRGEOKENXX01,GEOKENXX,2026,2.0018452109841496
GLOBAL,S2D3,PWRGEOKENXX01,GEOKENXX,2027,1.9829430127406076
GLOBAL,S2D3,PWRGEOKENXX01,GEOKENXX,2028,1.9491098808522649
GLOBAL,S2D3,PWRGEOKENXX01,GEOKENXX,2029,1.922680319858939
GLOBAL,S2D3,PWRGEOKENXX01,GEOKENXX,2030,2.6702855712
GLOBAL,S2D3,PWRGEOKENXX01,GEOKENXX,2031,1.5471874024470411
GLOBAL,S2D3,PWRGEOKENXX01,GEOKENXX,2032,2.6702855712
GLOBAL,S2D3,PWRGEOKENXX01,GEOKENXX,2033,2.6702855712
GLOBAL,S2D3,PWRGEOKENXX01,GEOKENXX,2034,1.4838854832000001
GLOBAL,S2D3,PWRGEOKENXX01,GEOKENXX,2035,1.4838854832000001
GLOBAL,S2D3,PWRGEOKENXX01,GEOKENXX,2036,1.4838854832000001
GLOBAL,S2D3,PWRGEOKENXX01,GEOKENXX,2037,1.4838854832000001
GLOBAL,S2D3,PWRGEOKENXX01,GEOKENXX,2038,1.4838854832000001
GLOBAL,S2D3,PWRGEOKENXX01,GEOKENXX,2039,1.4838854832000001
GLOBAL,S2D3,PWRGEOKENXX01,GEOKENXX,2040,1.4838854832000001
GLOBAL,S2D3,PWRGEOKENXX01,GEOKENXX,2041,1.4838854832000001
GLOBAL,S2D3,PWRGEOKENXX01,GEOKENXX,2042,1.4838854832000001
GLOBAL,S2D3,PWRGEOKENXX01,GEOKENXX,2043,1.4838854832000001
GLOBAL,S2D3,PWRGEOKENXX01,GEOKENXX,2044,1.4838854832000001
GLOBAL,S2D3,PWRGEOKENXX01,GEOKENXX,2045,0.9880764912
GLOBAL,S2D3,PWRHYDKENXX01,HYDKENXX,2021,1.4288835958775061
GLOBAL,S2D3,PWRHYDKENXX01,HYDKENXX,2022,1.765864790994544
GLOBAL,S2D3,PWRHYDKENXX01,HYDKENXX,2023,2.0995449185676978
GLOBAL,S2D3,PWRHYDKENXX01,HYDKENXX,2024,2.4474710663264534
GLOBAL,S2D3,PWRHYDKENXX01,HYDKENXX,2025,2.779844491597909
GLOBAL,S2D3,PWRHYDKENXX01,HYDKENXX,2026,3.23221215666385
GLOBAL,S2D3,PWRHYDKENXX01,HYDKENXX,2027,3.684579821729792
GLOBAL,S2D3,PWRHYDKENXX01,HYDKENXX,2028,4.1369474867957345
GLOBAL,S2D3,PWRHYDKENXX01,HYDKENXX,2029,4.590377047789061
GLOBAL,S2D3,PWRHYDKENXX01,HYDKENXX,2030,4.268771796448
GLOBAL,S2D3,PWRHYDKENXX01,HYDKENXX,2031,5.564135613200958
GLOBAL,S2D3,PWRHYDKENXX01,HYDKENXX,2032,5.249771796447999
GLOBAL,S2D3,PWRHYDKENXX01,HYDKENXX,2033,5.842783153382401
GLOBAL,S2D3,PWRHYDKENXX01,HYDKENXX,2034,5.842783153382401
GLOBAL,S2D3,PWRHYDKENXX01,HYDKENXX,2035,5.8427831533824
GLOBAL,S2D3,PWRHYDKENXX01,HYDKENXX,2036,5.842783153382401
GLOBAL,S2D3,PWRHYDKENXX01,HYDKENXX,2037,5.842783153382401
GLOBAL,S2D3,PWRHYDKENXX01,HYDKENXX,2038,5.8427831533824
GLOBAL,S2D3,PWRHYDKENXX01,HYDKENXX,2039,5.842783153382401
GLOBAL,S2D3,PWRHYDKENXX01,HYDKENXX,2040,5.842783153382401
GLOBAL,S2D3,PWRHYDKENXX01,HYDKENXX,2041,5.842783153382401
GLOBAL,S2D3,PWRHYDKENXX01,HYDKENXX,2042,5.842783153382401
GLOBAL,S2D3,PWRHYDKENXX01,HYDKENXX,2043,5.8427831533824
GLOBAL,S2D3,PWRHYDKENXX01,HYDKENXX,2044,5.8427831533824
GLOBAL,S2D3,PWRHYDKENXX01,HYDKENXX,2045,5.8427831533824
GLOBAL,S2D3,PWRHYDKENXX01,HYDKENXX,2046,5.842783153382401
GLOBAL,S2D3,PWRHYDKENXX01,HYDKENXX,2047,5.842783153382401
GLOBAL,S2D3,PWRHYDKENXX01,HYDKENXX,2048,5.8427831533824
GLOBAL,S2D3,PWRHYDKENXX01,HYDKENXX,2049,5.842783153382401
GLOBAL,S2D3,PWRHYDKENXX01,HYDKENXX,2050,5.842783153382401
GLOBAL,S2D3,PWRHYDTZAXX01,HYDTZAXX,2021,2.5286240243271516
GLOBAL,S2D3,PWRHYDTZAXX01,HYDTZAXX,2022,2.7624302675086887
GLOBAL,S2D3,PWRHYDTZAXX01,HYDTZAXX,2023,2.9962365106902253
GLOBAL,S2D3,PWRHYDTZAXX01,HYDTZAXX,2024,3.2305179698131883
GLOBAL,S2D3,PWRHYDTZAXX01,HYDTZAXX,2025,3.464324212994725
GLOBAL,S2D3,PWRHYDTZAXX01,HYDTZAXX,2026,3.7613341763859056
GLOBAL,S2D3,PWRHYDTZAXX01,HYDTZAXX,2027,4.057868923835659
GLOBAL,S2D3,PWRHYDTZAXX01,HYDTZAXX,2028,4.35487888722684
GLOBAL,S2D3,PWRHYDTZAXX01,HYDTZAXX,2029,4.65188885061802
GLOBAL,S2D3,PWRHYDTZAXX01,HYDTZAXX,2030,4.9488988140092
GLOBAL,S2D3,PWRHYDTZAXX01,HYDTZAXX,2031,5.307686849785746
GLOBAL,S2D3,PWRHYDTZAXX01,HYDTZAXX,2032,5.666950101503717
GLOBAL,S2D3,PWRHYDTZAXX01,HYDTZAXX,2033,6.026213353221689
GLOBAL,S2D3,PWRHYDTZAXX01,HYDTZAXX,2034,6.385001388998235
GLOBAL,S2D3,PWRHYDTZAXX01,HYDTZAXX,2035,6.744264640716206
GLOBAL,S2D3,PWRHYDTZAXX01,HYDTZAXX,2036,7.171008556116653
GLOBAL,S2D3,PWRHYDTZAXX01,HYDTZAXX,2037,7.597752471517101
GLOBAL,S2D3,PWRHYDTZAXX01,HYDTZAXX,2038,8.024021170976122
GLOBAL,S2D3,PWRHYDTZAXX01,HYDTZAXX,2039,8.45076508637657
GLOBAL,S2D3,PWRHYDTZAXX01,HYDTZAXX,2040,8.877509001777016
GLOBAL,S2D3,PWRHYDTZAXX01,HYDTZAXX,2041,9.381713115629884
GLOBAL,S2D3,PWRHYDTZAXX01,HYDTZAXX,2042,9.886392445424178
GLOBAL,S2D3,PWRHYDTZAXX01,HYDTZAXX,2043,10.390596559277045
GLOBAL,S2D3,PWRHYDTZAXX01,HYDTZAXX,2044,10.89480067312991
GLOBAL,S2D3,PWRHYDTZAXX01,HYDTZAXX,2045,11.399004786982779
GLOBAL,S2D3,PWRHYDTZAXX01,HYDTZAXX,2046,12.024864181840673
GLOBAL,S2D3,PWRHYDTZAXX01,HYDTZAXX,2047,12.650723576698567
GLOBAL,S2D3,PWRHYDTZAXX01,HYDTZAXX,2048,13.276582971556465
GLOBAL,S2D3,PWRHYDTZAXX01,HYDTZAXX,2049,13.902442366414364
GLOBAL,S2D3,PWRHYDTZAXX01,HYDTZAXX,2050,14.528301761272257
GLOBAL,S2D3,PWROCGTZAXX00,GASINT,2021,0.8686399054789615
GLOBAL,S2D3,PWRTRNKENXX,ELCKENXX01,2021,3.7930000000000006
GLOBAL,S2D3,PWRTRNKENXX,ELCKENXX01,2022,4.106
GLOBAL,S2D3,PWRTRNKENXX,ELCKENXX01,2023,4.418
GLOBAL,S2D3,PWRTRNKENXX,ELCKENXX01,2024,4.73
GLOBAL,S2D3,PWRTRNKENXX,ELCKENXX01,2025,5.043
GLOBAL,S2D3,PWRTRNKENXX,ELCKENXX01,2026,5.469
GLOBAL,S2D3,PWRTRNKENXX,ELCKENXX01,2027,5.895
GLOBAL,S2D3,PWRTRNKENXX,ELCKENXX01,2028,6.321
GLOBAL,S2D3,PWRTRNKENXX,ELCKENXX01,2029,6.748
GLOBAL,S2D3,PWRTRNKENXX,ELCKENXX01,2030,7.174
GLOBAL,S2D3,PWRTRNKENXX,ELCKENXX01,2031,7.665
GLOBAL,S2D3,PWRTRNKENXX,ELCKENXX01,2032,8.155
GLOBAL,S2D3,PWRTRNKENXX,ELCKENXX01,2033,8.646
GLOBAL,S2D3,PWRTRNKENXX,ELCKENXX01,2034,9.137
GLOBAL,S2D3,PWRTRNKENXX,ELCKENXX01,2035,9.627
GLOBAL,S2D3,PWRTRNKENXX,ELCKENXX01,2036,10.194999999999999
GLOBAL,S2D3,PWRTRNKENXX,ELCKENXX01,2037,10.762
GLOBAL,S2D3,PWRTRNKENXX,ELCKENXX01,2038,11.329999999999998
GLOBAL,S2D3,PWRTRNKENXX,ELCKENXX01,2039,11.896999999999998
GLOBAL,S2D3,PWRTRNKENXX,ELCKENXX01,2040,12.465
GLOBAL,S2D3,PWRTRNKENXX,ELCKENXX01,2041,13.17
GLOBAL,S2D3,PWRTRNKENXX,ELCKENXX01,2042,13.875000000000002
GLOBAL,S2D3,PWRTRNKENXX,ELCKENXX01,2043,14.579
GLOBAL,S2D3,PWRTRNKENXX,ELCKENXX01,2044,15.284
GLOBAL,S2D3,PWRTRNKENXX,ELCKENXX01,2045,15.988999999999999
GLOBAL,S2D3,PWRTRNKENXX,ELCKENXX01,2046,16.873
GLOBAL,S2D3,PWRTRNKENXX,ELCKENXX01,2047,17.758
GLOBAL,S2D3,PWRTRNKENXX,ELCKENXX01,2048,18.642
GLOBAL,S2D3,PWRTRNKENXX,ELCKENXX01,2049,19.526
GLOBAL,S2D3,PWRTRNKENXX,ELCKENXX01,2050,20.411000000000005
GLOBAL,S2D3,PWRTRNTZAXX,ELCTZAXX01,2021,5.321
GLOBAL,S2D3,PWRTRNTZAXX,ELCTZAXX01,2022,5.813
GLOBAL,S2D3,PWRTRNTZAXX,ELCTZAXX01,2023,6.305000000000001
GLOBAL,S2D3,PWRTRNTZAXX,ELCTZAXX01,2024,6.798
GLOBAL,S2D3,PWRTRNTZAXX,ELCTZAXX01,2025,7.289999999999999
GLOBAL,S2D3,PWRTRNTZAXX,ELCTZAXX01,2026,7.915
GLOBAL,S2D3,PWRTRNTZAXX,ELCTZAXX01,2027,8.539
GLOBAL,S2D3,PWRTRNTZAXX,ELCTZAXX01,2028,9.164
GLOBAL,S2D3,PWRTRNTZAXX,ELCTZAXX01,2029,9.788999999999998
GLOBAL,S2D3,PWRTRNTZAXX,ELCTZAXX01,2030,10.414
GLOBAL,S2D3,PWRTRNTZAXX,ELCTZAXX01,2031,11.169
GLOBAL,S2D3,PWRTRNTZAXX,ELCTZAXX01,2032,11.924999999999999
GLOBAL,S2D3,PWRTRNTZAXX,ELCTZAXX01,2033,12.681000000000001
GLOBAL,S2D3,PWRTRNTZAXX,ELCTZAXX01,2034,13.435999999999998
GLOBAL,S2D3,PWRTRNTZAXX,ELCTZAXX01,2035,14.192
GLOBAL,S2D3,PWRTRNTZAXX,ELCTZAXX01,2036,15.09
GLOBAL,S2D3,PWRTRNTZAXX,ELCTZAXX01,2037,15.987999999999998
GLOBAL,S2D3,PWRTRNTZAXX,ELCTZAXX01,2038,16.885
GLOBAL,S2D3,PWRTRNTZAXX,ELCTZAXX01,2039,17.783
GLOBAL,S2D3,PWRTRNTZAXX,ELCTZAXX01,2040,18.681
GLOBAL,S2D3,PWRTRNTZAXX,ELCTZAXX01,2041,19.742
GLOBAL,S2D3,PWRTRNTZAXX,ELCTZAXX01,2042,20.804
GLOBAL,S2D3,PWRTRNTZAXX,ELCTZAXX01,2043,21.865000000000002
GLOBAL,S2D3,PWRTRNTZAXX,ELCTZAXX01,2044,22.926
GLOBAL,S2D3,PWRTRNTZAXX,ELCTZAXX01,2045,23.986999999999995
GLOBAL,S2D3,PWRTRNTZAXX,ELCTZAXX01,2046,25.304
GLOBAL,S2D3,PWRTRNTZAXX,ELCTZAXX01,2047,26.621
GLOBAL,S2D3,PWRTRNTZAXX,ELCTZAXX01,2048,27.938000000000002
GLOBAL,S2D3,PWRTRNTZAXX,ELCTZAXX01,2049,29.254999999999995
GLOBAL,S2D3,PWRTRNTZAXX,ELCTZAXX01,2050,30.572
GLOBAL,S2D3,PWRWONKENXX01,WONKENXX,2021,0.24607991890944003
GLOBAL,S2D3,PWRWONKENXX01,WONKENXX,2022,0.24607991890944003
GLOBAL,S2D3,PWRWONKENXX01,WONKENXX,2023,0.24607991890944003
GLOBAL,S2D3,PWRWONKENXX01,WONKENXX,2024,0.2270380204224
GLOBAL,S2D3,PWRWONKENXX01,WONKENXX,2025,0.2270380204224
GLOBAL,S2D3,PWRWONKENXX01,WONKENXX,2026,0.23494263235199997
GLOBAL,S2D3,PWRWONKENXX01,WONKENXX,2027,0.22747716552959998
GLOBAL,S2D3,PWRWONKENXX01,WONKENXX,2028,0.23494263235199997
GLOBAL,S2D3,PWRWONKENXX01,WONKENXX,2029,0.23494263235199997
GLOBAL,S2D3,PWRWONKENXX01,WONKENXX,2030,0.23494263235199997
GLOBAL,S2D3,PWRWONKENXX01,WONKENXX,2031,0.23494263235199997
GLOBAL,S2D3,PWRWONKENXX01,WONKENXX,2032,0.23494263235199997
GLOBAL,S2D3,PWRWONKENXX01,WONKENXX,2033,0.1329312754176265
GLOBAL,S2D3,PWRWONKENXX01,WONKENXX,2034,0.239883014808
GLOBAL,S2D3,PWRWONKENXX01,WONKENXX,2035,0.239883014808
GLOBAL,S2D3,PWRWONKENXX01,WONKENXX,2036,0.239883014808
GLOBAL,S2D3,PWRWONKENXX01,WONKENXX,2037,0.239883014808
GLOBAL,S2D3,PWRWONKENXX01,WONKENXX,2038,0.239883014808
GLOBAL,S2D3,PWRWONKENXX01,WONKENXX,2039,0.239883014808
GLOBAL,S2D3,PWRWONKENXX01,WONKENXX,2040,0.239883014808
GLOBAL,S2D3,PWRWONKENXX01,WONKENXX,2041,0.239883014808
GLOBAL,S2D3,PWRWONKENXX01,WONKENXX,2042,0.239883014808
GLOBAL,S2D3,PWRWONKENXX01,WONKENXX,2043,0.239883014808
GLOBAL,S2D3,PWRWONKENXX01,WONKENXX,2044,0.239883014808
GLOBAL,S2D3,PWRWONKENXX01,WONKENXX,2045,0.239883014808
GLOBAL,S2D3,PWRWONKENXX01,WONKENXX,2046,0.239883014808
GLOBAL,S2D3,PWRWONKENXX01,WONKENXX,2047,0.239883014808
GLOBAL,S3D1,PWRBIOKENXX01,BIOKENXX,2021,0.8158423186725711
GLOBAL,S3D1,PWRBIOKENXX01,BIOKENXX,2022,0.013489334577672363
GLOBAL,S3D1,PWRBIOKENXX01,BIOKENXX,2024,0.9991285977599998
GLOBAL,S3D1,PWRBIOKENXX01,BIOKENXX,2025,0.9991285977599998
GLOBAL,S3D1,PWRBIOKENXX01,BIOKENXX,2026,0.9991285977599998
GLOBAL,S3D1,PWRBIOKENXX01,BIOKENXX,2029,0.9991285977599998
GLOBAL,S3D1,PWRBIOKENXX01,BIOKENXX,2030,0.9991285977599998
GLOBAL,S3D1,PWRBIOTZAXX01,BIOTZAXX,2021,0.11373869442353121
GLOBAL,S3D1,PWRBIOTZAXX01,BIOTZAXX,2022,0.08557750171312584
GLOBAL,S3D1,PWRBIOTZAXX01,BIOTZAXX,2023,0.057416309002723334
GLOBAL,S3D1,PWRBIOTZAXX01,BIOTZAXX,2024,0.029197878095752194
GLOBAL,S3D1,PWRBIOTZAXX01,BIOTZAXX,2025,0.0010366853853505
GLOBAL,S3D1,PWRGEOKENXX01,GEOKENXX,2021,2.6488852416
GLOBAL,S3D1,PWRGEOKENXX01,GEOKENXX,2022,2.6488852416
GLOBAL,S3D1,PWRGEOKENXX01,GEOKENXX,2023,2.6488852416
GLOBAL,S3D1,PWRGEOKENXX01,GEOKENXX,2024,2.6488852416
GLOBAL,S3D1,PWRGEOKENXX01,GEOKENXX,2025,2.1481264568832
GLOBAL,S3D1,PWRGEOKENXX01,GEOKENXX,2026,2.6488852416
GLOBAL,S3D1,PWRGEOKENXX01,GEOKENXX,2027,2.3791063928832004
GLOBAL,S3D1,PWRGEOKENXX01,GEOKENXX,2028,2.6488852416
GLOBAL,S3D1,PWRGEOKENXX01,GEOKENXX,2029,2.6488852416
GLOBAL,S3D1,PWRGEOKENXX01,GEOKENXX,2030,1.9424320936064008
GLOBAL,S3D1,PWRGEOKENXX01,GEOKENXX,2031,2.2095120296064006
GLOBAL,S3D1,PWRGEOKENXX01,GEOKENXX,2032,2.276102293454872
GLOBAL,S3D1,PWRGEOKENXX01,GEOKENXX,2033,2.6488852416
GLOBAL,S3D1,PWRGEOKENXX01,GEOKENXX,2034,1.4719932576
GLOBAL,S3D1,PWRGEOKENXX01,GEOKENXX,2035,1.134358282083074
GLOBAL,S3D1,PWRGEOKENXX01,GEOKENXX,2036,1.4306782874690915
GLOBAL,S3D1,PWRGEOKENXX01,GEOKENXX,2037,1.373060371735581
GLOBAL,S3D1,PWRGEOKENXX01,GEOKENXX,2038,1.4719932576
GLOBAL,S3D1,PWRGEOKENXX01,GEOKENXX,2039,1.4719932576
GLOBAL,S3D1,PWRGEOKENXX01,GEOKENXX,2040,0.15076699344000177
GLOBAL,S3D1,PWRGEOKENXX01,GEOKENXX,2041,1.4719932576
GLOBAL,S3D1,PWRGEOKENXX01,GEOKENXX,2042,1.4719932576
GLOBAL,S3D1,PWRGEOKENXX01,GEOKENXX,2043,1.4719932576
GLOBAL,S3D1,PWRGEOKENXX01,GEOKENXX,2044,1.4719932576
GLOBAL,S3D1,PWRGEOKENXX01,GEOKENXX,2045,0.10039138703999938
GLOBAL,S3D1,PWRHYDKENXX01,HYDKENXX,2021,1.4948904934371134
GLOBAL,S3D1,PWRHYDKENXX01,HYDKENXX,2022,2.1243996656190443
GLOBAL,S3D1,PWRHYDKENXX01,HYDKENXX,2023,2.3882281340697555
GLOBAL,S3D1,PWRHYDKENXX01,HYDKENXX,2024,2.4653374900684737
GLOBAL,S3D1,PWRHYDKENXX01,HYDKENXX,2025,3.34169627478528
GLOBAL,S3D1,PWRHYDKENXX01,HYDKENXX,2026,3.3517018643788803
GLOBAL,S3D1,PWRHYDKENXX01,HYDKENXX,2027,4.448860649095679
GLOBAL,S3D1,PWRHYDKENXX01,HYDKENXX,2028,4.69028180037888
GLOBAL,S3D1,PWRHYDKENXX01,HYDKENXX,2029,4.8865018643788805
GLOBAL,S3D1,PWRHYDKENXX01,HYDKENXX,2030,6.10415501237248
GLOBAL,S3D1,PWRHYDKENXX01,HYDKENXX,2031,6.74245501237248
GLOBAL,S3D1,PWRHYDKENXX01,HYDKENXX,2032,6.941173481420916
GLOBAL,S3D1,PWRHYDKENXX01,HYDKENXX,2033,5.90886124980988
GLOBAL,S3D1,PWRHYDKENXX01,HYDKENXX,2034,5.666458015673692
GLOBAL,S3D1,PWRHYDKENXX01,HYDKENXX,2035,5.926590778823326
GLOBAL,S3D1,PWRHYDKENXX01,HYDKENXX,2036,5.63119030806982
GLOBAL,S3D1,PWRHYDKENXX01,HYDKENXX,2037,5.689726139536842
GLOBAL,S3D1,PWRHYDKENXX01,HYDKENXX,2038,5.591712788304938
GLOBAL,S3D1,PWRHYDKENXX01,HYDKENXX,2039,5.592630704038448
GLOBAL,S3D1,PWRHYDKENXX01,HYDKENXX,2040,6.91477650283096
GLOBAL,S3D1,PWRHYDKENXX01,HYDKENXX,2041,5.796479061838277
GLOBAL,S3D1,PWRHYDKENXX01,HYDKENXX,2042,5.59583288626224
GLOBAL,S3D1,PWRHYDKENXX01,HYDKENXX,2043,5.596972591158872
GLOBAL,S3D1,PWRHYDKENXX01,HYDKENXX,2044,5.598113914954509
GLOBAL,S3D1,PWRHYDKENXX01,HYDKENXX,2045,6.548620893799388
GLOBAL,S3D1,PWRHYDKENXX01,HYDKENXX,2046,5.808986929502591
GLOBAL,S3D1,PWRHYDKENXX01,HYDKENXX,2047,6.012207154490068
GLOBAL,S3D1,PWRHYDKENXX01,HYDKENXX,2048,5.855255212267109
GLOBAL,S3D1,PWRHYDKENXX01,HYDKENXX,2049,5.856686318983911
GLOBAL,S3D1,PWRHYDKENXX01,HYDKENXX,2050,5.840780995244799
GLOBAL,S3D1,PWRHYDTZAXX01,HYDTZAXX,2021,3.306700509486802
GLOBAL,S3D1,PWRHYDTZAXX01,HYDTZAXX,2022,3.6124506787533885
GLOBAL,S3D1,PWRHYDTZAXX01,HYDTZAXX,2023,3.9182008480199744
GLOBAL,S3D1,PWRHYDTZAXX01,HYDTZAXX,2024,4.2245724607200295
GLOBAL,S3D1,PWRHYDTZAXX01,HYDTZAXX,2025,4.530322629986615
GLOBAL,S3D1,PWRHYDTZAXX01,HYDTZAXX,2026,4.918724775904535
GLOBAL,S3D1,PWRHYDTZAXX01,HYDTZAXX,2027,5.306505478388986
GLOBAL,S3D1,PWRHYDTZAXX01,HYDTZAXX,2028,5.6949076243069054
GLOBAL,S3D1,PWRHYDTZAXX01,HYDTZAXX,2029,6.083309770224825
GLOBAL,S3D1,PWRHYDTZAXX01,HYDTZAXX,2030,6.471711916142745
GLOBAL,S3D1,PWRHYDTZAXX01,HYDTZAXX,2031,6.940901708411593
GLOBAL,S3D1,PWRHYDTZAXX01,HYDTZAXX,2032,7.410712944113909
GLOBAL,S3D1,PWRHYDTZAXX01,HYDTZAXX,2033,7.880524179816224
GLOBAL,S3D1,PWRHYDTZAXX01,HYDTZAXX,2034,8.349713972085071
GLOBAL,S3D1,PWRHYDTZAXX01,HYDTZAXX,2035,8.819525207787386
GLOBAL,S3D1,PWRHYDTZAXX01,HYDTZAXX,2036,9.377581411042254
GLOBAL,S3D1,PWRHYDTZAXX01,HYDTZAXX,2037,9.93563761429712
GLOBAL,S3D1,PWRHYDTZAXX01,HYDTZAXX,2038,10.493072374118517
GLOBAL,S3D1,PWRHYDTZAXX01,HYDTZAXX,2039,11.051128577373385
GLOBAL,S3D1,PWRHYDTZAXX01,HYDTZAXX,2040,11.60918478062825
GLOBAL,S3D1,PWRHYDTZAXX01,HYDTZAXX,2041,12.268536263538511
GLOBAL,S3D1,PWRHYDTZAXX01,HYDTZAXX,2042,12.92850918988224
GLOBAL,S3D1,PWRHYDTZAXX01,HYDTZAXX,2043,13.587860672792502
GLOBAL,S3D1,PWRHYDTZAXX01,HYDTZAXX,2044,14.24721215570276
GLOBAL,S3D1,PWRHYDTZAXX01,HYDTZAXX,2045,14.906563638613022
GLOBAL,S3D1,PWRHYDTZAXX01,HYDTZAXX,2046,15.725004640491262
GLOBAL,S3D1,PWRHYDTZAXX01,HYDTZAXX,2047,16.543445642369505
GLOBAL,S3D1,PWRHYDTZAXX01,HYDTZAXX,2048,17.361886644247747
GLOBAL,S3D1,PWRHYDTZAXX01,HYDTZAXX,2049,18.180327646125992
GLOBAL,S3D1,PWRHYDTZAXX01,HYDTZAXX,2050,18.998768648004233
GLOBAL,S3D1,PWRSPVKENXX01,SPVKENXX,2021,0.02037885080832
GLOBAL,S3D1,PWRSPVKENXX01,SPVKENXX,2022,0.02037885080832
GLOBAL,S3D1,PWRSPVKENXX01,SPVKENXX,2023,0.02037885080832
GLOBAL,S3D1,PWRSPVKENXX01,SPVKENXX,2024,0.02037885080832
GLOBAL,S3D1,PWRSPVKENXX01,SPVKENXX,2025,0.02037885080832
GLOBAL,S3D1,PWRSPVKENXX01,SPVKENXX,2026,0.02037885080832
GLOBAL,S3D1,PWRSPVKENXX01,SPVKENXX,2027,0.02037885080832
GLOBAL,S3D1,PWRSPVKENXX01,SPVKENXX,2028,0.02037885080832
GLOBAL,S3D1,PWRSPVKENXX01,SPVKENXX,2029,0.02037885080832
GLOBAL,S3D1,PWRSPVKENXX01,SPVKENXX,2030,0.02037885080832
GLOBAL,S3D1,PWRSPVKENXX01,SPVKENXX,2031,0.02037885080832
GLOBAL,S3D1,PWRSPVKENXX01,SPVKENXX,2032,0.34307011791141306
GLOBAL,S3D1,PWRSPVKENXX01,SPVKENXX,2033,1.591799401377319
GLOBAL,S3D1,PWRSPVKENXX01,SPVKENXX,2034,3.6002946195135093
GLOBAL,S3D1,PWRSPVKENXX01,SPVKENXX,2035,4.2657968318808
GLOBAL,S3D1,PWRSPVKENXX01,SPVKENXX,2036,4.94647729724829
GLOBAL,S3D1,PWRSPVKENXX01,SPVKENXX,2037,5.625959381514779
GLOBAL,S3D1,PWRSPVKENXX01,SPVKENXX,2038,6.3066398468822635
GLOBAL,S3D1,PWRSPVKENXX01,SPVKENXX,2039,6.986121931148754
GLOBAL,S3D1,PWRSPVKENXX01,SPVKENXX,2040,7.666802396516241
GLOBAL,S3D1,PWRSPVKENXX01,SPVKENXX,2041,8.511661072720603
GLOBAL,S3D1,PWRSPVKENXX01,SPVKENXX,2042,9.356519748924958
GLOBAL,S3D1,PWRSPVKENXX01,SPVKENXX,2043,10.200180044028327
GLOBAL,S3D1,PWRSPVKENXX01,SPVKENXX,2044,11.045038720232691
GLOBAL,S3D1,PWRSPVKENXX01,SPVKENXX,2045,12.312133611947816
GLOBAL,S3D1,PWRSPVKENXX01,SPVKENXX,2046,14.212958963284608
GLOBAL,S3D1,PWRSPVKENXX01,SPVKENXX,2047,15.273526237668811
GLOBAL,S3D1,PWRSPVKENXX01,SPVKENXX,2048,16.51514478773289
GLOBAL,S3D1,PWRSPVKENXX01,SPVKENXX,2049,17.57451368101609
GLOBAL,S3D1,PWRSPVKENXX01,SPVKENXX,2050,18.652419004755203
GLOBAL,S3D1,PWRSPVTZAXX01,SPVTZAXX,2021,2.5122437264220485
GLOBAL,S3D1,PWRSPVTZAXX01,SPVTZAXX,2022,2.7561503717832108
GLOBAL,S3D1,PWRSPVTZAXX01,SPVTZAXX,2023,3.0000570171443735
GLOBAL,S3D1,PWRSPVTZAXX01,SPVTZAXX,2024,3.2444594077196847
GLOBAL,S3D1,PWRSPVTZAXX01,SPVTZAXX,2025,3.488366053080848
GLOBAL,S3D1,PWRSPVTZAXX01,SPVTZAXX,2026,3.787775224095465
GLOBAL,S3D1,PWRSPVTZAXX01,SPVTZAXX,2027,4.086394521611013
GLOBAL,S3D1,PWRSPVTZAXX01,SPVTZAXX,2028,4.385492375693094
GLOBAL,S3D1,PWRSPVTZAXX01,SPVTZAXX,2029,4.684590229775173
GLOBAL,S3D1,PWRSPVTZAXX01,SPVTZAXX,2030,4.983688083857254
GLOBAL,S3D1,PWRSPVTZAXX01,SPVTZAXX,2031,5.344998291588407
GLOBAL,S3D1,PWRSPVTZAXX01,SPVTZAXX,2032,5.706787055886091
GLOBAL,S3D1,PWRSPVTZAXX01,SPVTZAXX,2033,6.068575820183775
GLOBAL,S3D1,PWRSPVTZAXX01,SPVTZAXX,2034,6.429886027914927
GLOBAL,S3D1,PWRSPVTZAXX01,SPVTZAXX,2035,6.791674792212614
GLOBAL,S3D1,PWRSPVTZAXX01,SPVTZAXX,2036,7.2214185889577465
GLOBAL,S3D1,PWRSPVTZAXX01,SPVTZAXX,2037,7.6511623857028805
GLOBAL,S3D1,PWRSPVTZAXX01,SPVTZAXX,2038,8.080427625881482
GLOBAL,S3D1,PWRSPVTZAXX01,SPVTZAXX,2039,8.510171422626614
GLOBAL,S3D1,PWRSPVTZAXX01,SPVTZAXX,2040,8.939915219371748
GLOBAL,S3D1,PWRSPVTZAXX01,SPVTZAXX,2041,9.44766373646149
GLOBAL,S3D1,PWRSPVTZAXX01,SPVTZAXX,2042,9.95589081011776
GLOBAL,S3D1,PWRSPVTZAXX01,SPVTZAXX,2043,10.463639327207499
GLOBAL,S3D1,PWRSPVTZAXX01,SPVTZAXX,2044,10.971387844297237
GLOBAL,S3D1,PWRSPVTZAXX01,SPVTZAXX,2045,11.479136361386978
GLOBAL,S3D1,PWRSPVTZAXX01,SPVTZAXX,2046,12.109395359508737
GLOBAL,S3D1,PWRSPVTZAXX01,SPVTZAXX,2047,12.739654357630497
GLOBAL,S3D1,PWRSPVTZAXX01,SPVTZAXX,2048,13.369913355752253
GLOBAL,S3D1,PWRSPVTZAXX01,SPVTZAXX,2049,14.000172353874012
GLOBAL,S3D1,PWRSPVTZAXX01,SPVTZAXX,2050,14.630431351995766
GLOBAL,S3D1,PWRTRNKENXX,ELCKENXX01,2021,4.551599999999999
GLOBAL,S3D1,PWRTRNKENXX,ELCKENXX01,2022,4.927199999999999
GLOBAL,S3D1,PWRTRNKENXX,ELCKENXX01,2023,5.3016
GLOBAL,S3D1,PWRTRNKENXX,ELCKENXX01,2024,5.676
GLOBAL,S3D1,PWRTRNKENXX,ELCKENXX01,2025,6.0516000000000005
GLOBAL,S3D1,PWRTRNKENXX,ELCKENXX01,2026,6.5628
GLOBAL,S3D1,PWRTRNKENXX,ELCKENXX01,2027,7.074
GLOBAL,S3D1,PWRTRNKENXX,ELCKENXX01,2028,7.5852
GLOBAL,S3D1,PWRTRNKENXX,ELCKENXX01,2029,8.0976
GLOBAL,S3D1,PWRTRNKENXX,ELCKENXX01,2030,8.6088
GLOBAL,S3D1,PWRTRNKENXX,ELCKENXX01,2031,9.198
GLOBAL,S3D1,PWRTRNKENXX,ELCKENXX01,2032,9.786
GLOBAL,S3D1,PWRTRNKENXX,ELCKENXX01,2033,10.375200000000001
GLOBAL,S3D1,PWRTRNKENXX,ELCKENXX01,2034,10.964400000000001
GLOBAL,S3D1,PWRTRNKENXX,ELCKENXX01,2035,11.5524
GLOBAL,S3D1,PWRTRNKENXX,ELCKENXX01,2036,12.234
GLOBAL,S3D1,PWRTRNKENXX,ELCKENXX01,2037,12.914400000000002
GLOBAL,S3D1,PWRTRNKENXX,ELCKENXX01,2038,13.596
GLOBAL,S3D1,PWRTRNKENXX,ELCKENXX01,2039,14.2764
GLOBAL,S3D1,PWRTRNKENXX,ELCKENXX01,2040,14.958000000000002
GLOBAL,S3D1,PWRTRNKENXX,ELCKENXX01,2041,15.803999999999998
GLOBAL,S3D1,PWRTRNKENXX,ELCKENXX01,2042,16.65
GLOBAL,S3D1,PWRTRNKENXX,ELCKENXX01,2043,17.4948
GLOBAL,S3D1,PWRTRNKENXX,ELCKENXX01,2044,18.3408
GLOBAL,S3D1,PWRTRNKENXX,ELCKENXX01,2045,19.1868
GLOBAL,S3D1,PWRTRNKENXX,ELCKENXX01,2046,20.2476
GLOBAL,S3D1,PWRTRNKENXX,ELCKENXX01,2047,21.3096
GLOBAL,S3D1,PWRTRNKENXX,ELCKENXX01,2048,22.370400000000004
GLOBAL,S3D1,PWRTRNKENXX,ELCKENXX01,2049,23.4312
GLOBAL,S3D1,PWRTRNKENXX,ELCKENXX01,2050,24.4932
GLOBAL,S3D1,PWRTRNTZAXX,ELCTZAXX01,2021,5.8531
GLOBAL,S3D1,PWRTRNTZAXX,ELCTZAXX01,2022,6.3943
GLOBAL,S3D1,PWRTRNTZAXX,ELCTZAXX01,2023,6.9355
GLOBAL,S3D1,PWRTRNTZAXX,ELCTZAXX01,2024,7.4778
GLOBAL,S3D1,PWRTRNTZAXX,ELCTZAXX01,2025,8.019
GLOBAL,S3D1,PWRTRNTZAXX,ELCTZAXX01,2026,8.7065
GLOBAL,S3D1,PWRTRNTZAXX,ELCTZAXX01,2027,9.3929
GLOBAL,S3D1,PWRTRNTZAXX,ELCTZAXX01,2028,10.0804
GLOBAL,S3D1,PWRTRNTZAXX,ELCTZAXX01,2029,10.7679
GLOBAL,S3D1,PWRTRNTZAXX,ELCTZAXX01,2030,11.4554
GLOBAL,S3D1,PWRTRNTZAXX,ELCTZAXX01,2031,12.2859
GLOBAL,S3D1,PWRTRNTZAXX,ELCTZAXX01,2032,13.1175
GLOBAL,S3D1,PWRTRNTZAXX,ELCTZAXX01,2033,13.949099999999998
GLOBAL,S3D1,PWRTRNTZAXX,ELCTZAXX01,2034,14.7796
GLOBAL,S3D1,PWRTRNTZAXX,ELCTZAXX01,2035,15.611199999999998
GLOBAL,S3D1,PWRTRNTZAXX,ELCTZAXX01,2036,16.599
GLOBAL,S3D1,PWRTRNTZAXX,ELCTZAXX01,2037,17.5868
GLOBAL,S3D1,PWRTRNTZAXX,ELCTZAXX01,2038,18.5735
GLOBAL,S3D1,PWRTRNTZAXX,ELCTZAXX01,2039,19.5613
GLOBAL,S3D1,PWRTRNTZAXX,ELCTZAXX01,2040,20.5491
GLOBAL,S3D1,PWRTRNTZAXX,ELCTZAXX01,2041,21.7162
GLOBAL,S3D1,PWRTRNTZAXX,ELCTZAXX01,2042,22.8844
GLOBAL,S3D1,PWRTRNTZAXX,ELCTZAXX01,2043,24.051499999999997
GLOBAL,S3D1,PWRTRNTZAXX,ELCTZAXX01,2044,25.218600000000002
GLOBAL,S3D1,PWRTRNTZAXX,ELCTZAXX01,2045,26.3857
GLOBAL,S3D1,PWRTRNTZAXX,ELCTZAXX01,2046,27.834400000000002
GLOBAL,S3D1,PWRTRNTZAXX,ELCTZAXX01,2047,29.283100000000005
GLOBAL,S3D1,PWRTRNTZAXX,ELCTZAXX01,2048,30.7318
GLOBAL,S3D1,PWRTRNTZAXX,ELCTZAXX01,2049,32.1805
GLOBAL,S3D1,PWRTRNTZAXX,ELCTZAXX01,2050,33.6292
GLOBAL,S3D1,PWRWONKENXX01,WONKENXX,2021,0.12926746520754995
GLOBAL,S3D1,PWRWONKENXX01,WONKENXX,2022,0.12926746520754995
GLOBAL,S3D1,PWRWONKENXX01,WONKENXX,2023,0.24410777352192004
GLOBAL,S3D1,PWRWONKENXX01,WONKENXX,2024,0.2252184815232
GLOBAL,S3D1,PWRWONKENXX01,WONKENXX,2025,0.2252184815232
GLOBAL,S3D1,PWRWONKENXX01,WONKENXX,2026,0.22565410721279996
GLOBAL,S3D1,PWRWONKENXX01,WONKENXX,2027,0.22565410721279996
GLOBAL,S3D1,PWRWONKENXX01,WONKENXX,2028,0.22565410721279996
GLOBAL,S3D1,PWRWONKENXX01,WONKENXX,2029,0.22565410721279996
GLOBAL,S3D1,PWRWONKENXX01,WONKENXX,2030,0.22565410721279996
GLOBAL,S3D1,PWRWONKENXX01,WONKENXX,2031,0.22565410721279996
GLOBAL,S3D1,PWRWONKENXX01,WONKENXX,2032,0.22565410721279996
GLOBAL,S3D1,PWRWONKENXX01,WONKENXX,2033,0.22565410721279996
GLOBAL,S3D1,PWRWONKENXX01,WONKENXX,2034,0.22565410721279996
GLOBAL,S3D1,PWRWONKENXX01,WONKENXX,2035,0.22565410721279996
GLOBAL,S3D1,PWRWONKENXX01,WONKENXX,2036,0.22565410721279996
GLOBAL,S3D1,PWRWONKENXX01,WONKENXX,2037,0.22565410721279996
GLOBAL,S3D1,PWRWONKENXX01,WONKENXX,2038,0.22565410721279996
GLOBAL,S3D1,PWRWONKENXX01,WONKENXX,2039,0.22565410721279996
GLOBAL,S3D1,PWRWONKENXX01,WONKENXX,2040,0.22565410721279996
GLOBAL,S3D1,PWRWONKENXX01,WONKENXX,2041,0.02386660784112002
GLOBAL,S3D1,PWRWONKENXX01,WONKENXX,2042,0.22565410721279996
GLOBAL,S3D1,PWRWONKENXX01,WONKENXX,2043,0.22565410721279996
GLOBAL,S3D1,PWRWONKENXX01,WONKENXX,2044,0.22565410721279996
GLOBAL,S3D1,PWRWONKENXX01,WONKENXX,2045,0.22565410721279996
GLOBAL,S3D1,PWRWONKENXX01,WONKENXX,2046,0.22565410721279996
GLOBAL,S3D1,PWRWONKENXX01,WONKENXX,2047,0.02386660784112002
GLOBAL,S3D2,PWRBIOKENXX01,BIOKENXX,2021,0.8158423186725711
GLOBAL,S3D2,PWRBIOKENXX01,BIOKENXX,2022,0.9368997200093482
GLOBAL,S3D2,PWRBIOKENXX01,BIOKENXX,2023,0.9991285977599998
GLOBAL,S3D2,PWRBIOKENXX01,BIOKENXX,2024,0.9991285977599998
GLOBAL,S3D2,PWRBIOKENXX01,BIOKENXX,2025,0.9991285977599998
GLOBAL,S3D2,PWRBIOKENXX01,BIOKENXX,2026,0.9991285977600001
GLOBAL,S3D2,PWRBIOKENXX01,BIOKENXX,2027,0.9991285977600001
GLOBAL,S3D2,PWRBIOKENXX01,BIOKENXX,2028,0.9991285977600001
GLOBAL,S3D2,PWRBIOKENXX01,BIOKENXX,2029,0.9991285977600001
GLOBAL,S3D2,PWRBIOKENXX01,BIOKENXX,2030,0.9991285977600001
GLOBAL,S3D2,PWRBIOKENXX01,BIOKENXX,2031,0.9991285977600001
GLOBAL,S3D2,PWRBIOTZAXX01,BIOTZAXX,2021,0.7383506133425127
GLOBAL,S3D2,PWRBIOTZAXX01,BIOTZAXX,2022,0.7544470568690153
GLOBAL,S3D2,PWRBIOTZAXX01,BIOTZAXX,2023,0.7705435003955189
GLOBAL,S3D2,PWRBIOTZAXX01,BIOTZAXX,2024,0.7866726602706569
GLOBAL,S3D2,PWRBIOTZAXX01,BIOTZAXX,2025,0.802769103797161
GLOBAL,S3D2,PWRBIOTZAXX01,BIOTZAXX,2026,0.8110605470927096
GLOBAL,S3D2,PWRBIOTZAXX01,BIOTZAXX,2027,0.8189060342400001
GLOBAL,S3D2,PWRBIOTZAXX01,BIOTZAXX,2028,0.8189060342400001
GLOBAL,S3D2,PWRBIOTZAXX01,BIOTZAXX,2029,0.8189060342400001
GLOBAL,S3D2,PWRBIOTZAXX01,BIOTZAXX,2030,0.4829974208262959
GLOBAL,S3D2,PWRBIOTZAXX01,BIOTZAXX,2031,0.43063853698073257
GLOBAL,S3D2,PWRCCGTZAXX01,GASINT,2027,6.512075658271499e-05
GLOBAL,S3D2,PWRCCGTZAXX01,GASINT,2028,0.007390640793808245
GLOBAL,S3D2,PWRCCGTZAXX01,GASINT,2029,0.014716160831024894
GLOBAL,S3D2,PWRCCGTZAXX01,GASINT,2030,0.39746932189060047
GLOBAL,S3D2,PWRCCGTZAXX01,GASINT,2031,0.4787630537004084
GLOBAL,S3D2,PWRCCGTZAXX01,GASINT,2032,0.7873177948347791
GLOBAL,S3D2,PWRCCGTZAXX01,GASINT,2033,0.352877252242795
GLOBAL,S3D2,PWRCCGTZAXX01,GASINT,2034,0.37388681974088556
GLOBAL,S3D2,PWRCCGTZAXX01,GASINT,2035,0.3949242144807066
GLOBAL,S3D2,PWRCCGTZAXX01,GASINT,2036,0.41991307754465973
GLOBAL,S3D2,PWRCCGTZAXX01,GASINT,2037,0.44490194060862015
GLOBAL,S3D2,PWRCCGTZAXX01,GASINT,2038,0.46986297643086067
GLOBAL,S3D2,PWRCCGTZAXX01,GASINT,2039,0.49485183949481026
GLOBAL,S3D2,PWRCCGTZAXX01,GASINT,2040,0.5198407025587741
GLOBAL,S3D2,PWRCCGTZAXX01,GASINT,2041,0.5493654060229859
GLOBAL,S3D2,PWRCCGTZAXX01,GASINT,2042,0.5789179367289137
GLOBAL,S3D2,PWRCCGTZAXX01,GASINT,2043,0.6084426401931111
GLOBAL,S3D2,PWRCCGTZAXX01,GASINT,2044,0.6379673436573227
GLOBAL,S3D2,PWRCCGTZAXX01,GASINT,2045,0.6674920471215238
GLOBAL,S3D2,PWRCCGTZAXX01,GASINT,2046,0.7041405244658847
GLOBAL,S3D2,PWRCCGTZAXX01,GASINT,2047,0.740789001810235
GLOBAL,S3D2,PWRCCGTZAXX01,GASINT,2048,0.7774374791545995
GLOBAL,S3D2,PWRCCGTZAXX01,GASINT,2049,0.8140859564989428
GLOBAL,S3D2,PWRCCGTZAXX01,GASINT,2050,0.8507344338433072
GLOBAL,S3D2,PWRGEOKENXX01,GEOKENXX,2021,2.6488852416
GLOBAL,S3D2,PWRGEOKENXX01,GEOKENXX,2022,2.6488852416
GLOBAL,S3D2,PWRGEOKENXX01,GEOKENXX,2023,2.6488852416
GLOBAL,S3D2,PWRGEOKENXX01,GEOKENXX,2024,2.6488852416
GLOBAL,S3D2,PWRGEOKENXX01,GEOKENXX,2025,2.6488852416
GLOBAL,S3D2,PWRGEOKENXX01,GEOKENXX,2026,2.6488852416
GLOBAL,S3D2,PWRGEOKENXX01,GEOKENXX,2027,2.6488852416
GLOBAL,S3D2,PWRGEOKENXX01,GEOKENXX,2028,2.6488852416
GLOBAL,S3D2,PWRGEOKENXX01,GEOKENXX,2029,2.6488852416
GLOBAL,S3D2,PWRGEOKENXX01,GEOKENXX,2030,2.6488852416
GLOBAL,S3D2,PWRGEOKENXX01,GEOKENXX,2031,2.6488852416
GLOBAL,S3D2,PWRGEOKENXX01,GEOKENXX,2032,2.6488852416
GLOBAL,S3D2,PWRGEOKENXX01,GEOKENXX,2033,2.6488852416
GLOBAL,S3D2,PWRGEOKENXX01,GEOKENXX,2034,0.6267386601536908
GLOBAL,S3D2,PWRGEOKENXX01,GEOKENXX,2035,1.4719932576
GLOBAL,S3D2,PWRGEOKENXX01,GEOKENXX,2036,0.19208196357090923
GLOBAL,S3D2,PWRGEOKENXX01,GEOKENXX,2037,0.24969987930442006
GLOBAL,S3D2,PWRGEOKENXX01,GEOKENXX,2038,1.4719932576
GLOBAL,S3D2,PWRGEOKENXX01,GEOKENXX,2039,1.2186652612192983
GLOBAL,S3D2,PWRGEOKENXX01,GEOKENXX,2040,1.4719932576
GLOBAL,S3D2,PWRGEOKENXX01,GEOKENXX,2041,1.2659440208846888
GLOBAL,S3D2,PWRGEOKENXX01,GEOKENXX,2042,0.5660395118942398
GLOBAL,S3D2,PWRGEOKENXX01,GEOKENXX,2043,1.4719932576
GLOBAL,S3D2,PWRGEOKENXX01,GEOKENXX,2044,0.7092205405865073
GLOBAL,S3D2,PWRGEOKENXX01,GEOKENXX,2045,0.9801578016
GLOBAL,S3D2,PWRHYDKENXX01,HYDKENXX,2021,1.756601527545784
GLOBAL,S3D2,PWRHYDKENXX01,HYDKENXX,2022,2.1243996656190443
GLOBAL,S3D2,PWRHYDKENXX01,HYDKENXX,2023,2.5110995404928
GLOBAL,S3D2,PWRHYDKENXX01,HYDKENXX,2024,2.93479627478528
GLOBAL,S3D2,PWRHYDKENXX01,HYDKENXX,2025,3.34169627478528
GLOBAL,S3D2,PWRHYDKENXX01,HYDKENXX,2026,3.8884475700787204
GLOBAL,S3D2,PWRHYDKENXX01,HYDKENXX,2027,4.448860649095679
GLOBAL,S3D2,PWRHYDKENXX01,HYDKENXX,2028,4.995255012372479
GLOBAL,S3D2,PWRHYDKENXX01,HYDKENXX,2029,5.550355012372479
GLOBAL,S3D2,PWRHYDKENXX01,HYDKENXX,2030,6.10415501237248
GLOBAL,S3D2,PWRHYDKENXX01,HYDKENXX,2031,6.74245501237248
GLOBAL,S3D2,PWRHYDKENXX01,HYDKENXX,2032,6.941173481420916
GLOBAL,S3D2,PWRHYDKENXX01,HYDKENXX,2033,6.551356976409393
GLOBAL,S3D2,PWRHYDKENXX01,HYDKENXX,2034,7.4180069763968
GLOBAL,S3D2,PWRHYDKENXX01,HYDKENXX,2035,6.5442501665832005
GLOBAL,S3D2,PWRHYDKENXX01,HYDKENXX,2036,7.881880995244802
GLOBAL,S3D2,PWRHYDKENXX01,HYDKENXX,2037,7.881880995244802
GLOBAL,S3D2,PWRHYDKENXX01,HYDKENXX,2038,6.717307151581736
GLOBAL,S3D2,PWRHYDKENXX01,HYDKENXX,2039,7.0282530636959475
GLOBAL,S3D2,PWRHYDKENXX01,HYDKENXX,2040,6.832644601947759
GLOBAL,S3D2,PWRHYDKENXX01,HYDKENXX,2041,7.110335162458707
GLOBAL,S3D2,PWRHYDKENXX01,HYDKENXX,2042,7.881880995244802
GLOBAL,S3D2,PWRHYDKENXX01,HYDKENXX,2043,7.047466954435671
GLOBAL,S3D2,PWRHYDKENXX01,HYDKENXX,2044,7.881880995244801
GLOBAL,S3D2,PWRHYDKENXX01,HYDKENXX,2045,7.260348842516183
GLOBAL,S3D2,PWRHYDKENXX01,HYDKENXX,2046,7.491845844866273
GLOBAL,S3D2,PWRHYDKENXX01,HYDKENXX,2047,7.578814018395188
GLOBAL,S3D2,PWRHYDKENXX01,HYDKENXX,2048,7.7194552122671105
GLOBAL,S3D2,PWRHYDKENXX01,HYDKENXX,2049,7.8092863189839115
GLOBAL,S3D2,PWRHYDKENXX01,HYDKENXX,2050,7.881880995244801
GLOBAL,S3D2,PWRHYDTZAXX01,HYDTZAXX,2021,3.306700509486802
GLOBAL,S3D2,PWRHYDTZAXX01,HYDTZAXX,2022,3.6124506787533885
GLOBAL,S3D2,PWRHYDTZAXX01,HYDTZAXX,2023,3.9182008480199744
GLOBAL,S3D2,PWRHYDTZAXX01,HYDTZAXX,2024,4.2245724607200295
GLOBAL,S3D2,PWRHYDTZAXX01,HYDTZAXX,2025,4.530322629986615
GLOBAL,S3D2,PWRHYDTZAXX01,HYDTZAXX,2026,4.918724775904535
GLOBAL,S3D2,PWRHYDTZAXX01,HYDTZAXX,2027,5.306505478388986
GLOBAL,S3D2,PWRHYDTZAXX01,HYDTZAXX,2028,5.6949076243069054
GLOBAL,S3D2,PWRHYDTZAXX01,HYDTZAXX,2029,6.083309770224825
GLOBAL,S3D2,PWRHYDTZAXX01,HYDTZAXX,2030,6.471711916142745
GLOBAL,S3D2,PWRHYDTZAXX01,HYDTZAXX,2031,6.940901708411593
GLOBAL,S3D2,PWRHYDTZAXX01,HYDTZAXX,2032,7.410712944113909
GLOBAL,S3D2,PWRHYDTZAXX01,HYDTZAXX,2033,7.880524179816224
GLOBAL,S3D2,PWRHYDTZAXX01,HYDTZAXX,2034,8.349713972085071
GLOBAL,S3D2,PWRHYDTZAXX01,HYDTZAXX,2035,8.819525207787386
GLOBAL,S3D2,PWRHYDTZAXX01,HYDTZAXX,2036,9.377581411042254
GLOBAL,S3D2,PWRHYDTZAXX01,HYDTZAXX,2037,9.93563761429712
GLOBAL,S3D2,PWRHYDTZAXX01,HYDTZAXX,2038,10.493072374118517
GLOBAL,S3D2,PWRHYDTZAXX01,HYDTZAXX,2039,11.051128577373385
GLOBAL,S3D2,PWRHYDTZAXX01,HYDTZAXX,2040,11.60918478062825
GLOBAL,S3D2,PWRHYDTZAXX01,HYDTZAXX,2041,12.268536263538511
GLOBAL,S3D2,PWRHYDTZAXX01,HYDTZAXX,2042,12.92850918988224
GLOBAL,S3D2,PWRHYDTZAXX01,HYDTZAXX,2043,13.587860672792502
GLOBAL,S3D2,PWRHYDTZAXX01,HYDTZAXX,2044,14.24721215570276
GLOBAL,S3D2,PWRHYDTZAXX01,HYDTZAXX,2045,14.906563638613022
GLOBAL,S3D2,PWRHYDTZAXX01,HYDTZAXX,2046,15.725004640491262
GLOBAL,S3D2,PWRHYDTZAXX01,HYDTZAXX,2047,16.543445642369505
GLOBAL,S3D2,PWRHYDTZAXX01,HYDTZAXX,2048,17.361886644247747
GLOBAL,S3D2,PWRHYDTZAXX01,HYDTZAXX,2049,18.180327646125992
GLOBAL,S3D2,PWRHYDTZAXX01,HYDTZAXX,2050,18.998768648004233
GLOBAL,S3D2,PWRSPVKENXX01,SPVKENXX,2021,0.023127508385280004
GLOBAL,S3D2,PWRSPVKENXX01,SPVKENXX,2022,0.02392006609152
GLOBAL,S3D2,PWRSPVKENXX01,SPVKENXX,2023,0.023127508385280004
GLOBAL,S3D2,PWRSPVKENXX01,SPVKENXX,2024,0.02392006609152
GLOBAL,S3D2,PWRSPVKENXX01,SPVKENXX,2025,0.02392006609152
GLOBAL,S3D2,PWRSPVKENXX01,SPVKENXX,2026,0.023127508385280004
GLOBAL,S3D2,PWRSPVKENXX01,SPVKENXX,2027,0.02392006609152
GLOBAL,S3D2,PWRSPVKENXX01,SPVKENXX,2028,0.02392006609152
GLOBAL,S3D2,PWRSPVKENXX01,SPVKENXX,2029,0.02392006609152
GLOBAL,S3D2,PWRSPVKENXX01,SPVKENXX,2030,0.02392006609152
GLOBAL,S3D2,PWRSPVKENXX01,SPVKENXX,2031,0.02392006609152
GLOBAL,S3D2,PWRSPVKENXX01,SPVKENXX,2032,0.7783815330430842
GLOBAL,S3D2,PWRSPVKENXX01,SPVKENXX,2033,1.8064980380546072
GLOBAL,S3D2,PWRSPVKENXX01,SPVKENXX,2034,3.6002946195135093
GLOBAL,S3D2,PWRSPVKENXX01,SPVKENXX,2035,4.2657968318808
GLOBAL,S3D2,PWRSPVKENXX01,SPVKENXX,2036,4.94647729724829
GLOBAL,S3D2,PWRSPVKENXX01,SPVKENXX,2037,5.625959381514779
GLOBAL,S3D2,PWRSPVKENXX01,SPVKENXX,2038,6.3066398468822635
GLOBAL,S3D2,PWRSPVKENXX01,SPVKENXX,2039,6.986121931148754
GLOBAL,S3D2,PWRSPVKENXX01,SPVKENXX,2040,7.666802396516241
GLOBAL,S3D2,PWRSPVKENXX01,SPVKENXX,2041,8.511661072720603
GLOBAL,S3D2,PWRSPVKENXX01,SPVKENXX,2042,9.356519748924958
GLOBAL,S3D2,PWRSPVKENXX01,SPVKENXX,2043,10.200180044028327
GLOBAL,S3D2,PWRSPVKENXX01,SPVKENXX,2044,11.045038720232691
GLOBAL,S3D2,PWRSPVKENXX01,SPVKENXX,2045,12.312133611947816
GLOBAL,S3D2,PWRSPVKENXX01,SPVKENXX,2046,14.212958963284608
GLOBAL,S3D2,PWRSPVKENXX01,SPVKENXX,2047,15.273526237668811
GLOBAL,S3D2,PWRSPVKENXX01,SPVKENXX,2048,16.51514478773289
GLOBAL,S3D2,PWRSPVKENXX01,SPVKENXX,2049,17.57451368101609
GLOBAL,S3D2,PWRSPVKENXX01,SPVKENXX,2050,18.652419004755203
GLOBAL,S3D2,PWRSPVTZAXX01,SPVTZAXX,2021,3.3888725795995307
GLOBAL,S3D2,PWRSPVTZAXX01,SPVTZAXX,2022,3.717888643508169
GLOBAL,S3D2,PWRSPVTZAXX01,SPVTZAXX,2023,4.046904707416807
GLOBAL,S3D2,PWRSPVTZAXX01,SPVTZAXX,2024,4.3765895031626565
GLOBAL,S3D2,PWRSPVTZAXX01,SPVTZAXX,2025,4.705605567071295
GLOBAL,S3D2,PWRSPVTZAXX01,SPVTZAXX,2026,5.127213498241797
GLOBAL,S3D2,PWRSPVTZAXX01,SPVTZAXX,2027,5.548244233232722
GLOBAL,S3D2,PWRSPVTZAXX01,SPVTZAXX,2028,5.96867932729619
GLOBAL,S3D2,PWRSPVTZAXX01,SPVTZAXX,2029,6.389114421359661
GLOBAL,S3D2,PWRSPVTZAXX01,SPVTZAXX,2030,6.722709152393548
GLOBAL,S3D2,PWRSPVTZAXX01,SPVTZAXX,2031,7.210095882762007
GLOBAL,S3D2,PWRSPVTZAXX01,SPVTZAXX,2032,7.698128158468701
GLOBAL,S3D2,PWRSPVTZAXX01,SPVTZAXX,2033,8.428337194062378
GLOBAL,S3D2,PWRSPVTZAXX01,SPVTZAXX,2034,8.930142618044483
GLOBAL,S3D2,PWRSPVTZAXX01,SPVTZAXX,2035,9.43261268497226
GLOBAL,S3D2,PWRSPVTZAXX01,SPVTZAXX,2036,10.029462050185417
GLOBAL,S3D2,PWRSPVTZAXX01,SPVTZAXX,2037,10.626311415398572
GLOBAL,S3D2,PWRSPVTZAXX01,SPVTZAXX,2038,11.222496137666054
GLOBAL,S3D2,PWRSPVTZAXX01,SPVTZAXX,2039,11.81934550287921
GLOBAL,S3D2,PWRSPVTZAXX01,SPVTZAXX,2040,12.41619486809236
GLOBAL,S3D2,PWRSPVTZAXX01,SPVTZAXX,2041,13.121381033449996
GLOBAL,S3D2,PWRSPVTZAXX01,SPVTZAXX,2042,13.827231841753303
GLOBAL,S3D2,PWRSPVTZAXX01,SPVTZAXX,2043,14.532418007110941
GLOBAL,S3D2,PWRSPVTZAXX01,SPVTZAXX,2044,15.237604172468577
GLOBAL,S3D2,PWRSPVTZAXX01,SPVTZAXX,2045,15.942790337826215
GLOBAL,S3D2,PWRSPVTZAXX01,SPVTZAXX,2046,16.818125097275797
GLOBAL,S3D2,PWRSPVTZAXX01,SPVTZAXX,2047,17.69345985672538
GLOBAL,S3D2,PWRSPVTZAXX01,SPVTZAXX,2048,18.568794616174955
GLOBAL,S3D2,PWRSPVTZAXX01,SPVTZAXX,2049,19.444129375624538
GLOBAL,S3D2,PWRSPVTZAXX01,SPVTZAXX,2050,20.319464135074114
GLOBAL,S3D2,PWRTRNKENXX,ELCKENXX01,2021,4.9309
GLOBAL,S3D2,PWRTRNKENXX,ELCKENXX01,2022,5.3378
GLOBAL,S3D2,PWRTRNKENXX,ELCKENXX01,2023,5.743399999999999
GLOBAL,S3D2,PWRTRNKENXX,ELCKENXX01,2024,6.149
GLOBAL,S3D2,PWRTRNKENXX,ELCKENXX01,2025,6.555899999999999
GLOBAL,S3D2,PWRTRNKENXX,ELCKENXX01,2026,7.1097
GLOBAL,S3D2,PWRTRNKENXX,ELCKENXX01,2027,7.6635
GLOBAL,S3D2,PWRTRNKENXX,ELCKENXX01,2028,8.2173
GLOBAL,S3D2,PWRTRNKENXX,ELCKENXX01,2029,8.7724
GLOBAL,S3D2,PWRTRNKENXX,ELCKENXX01,2030,9.3262
GLOBAL,S3D2,PWRTRNKENXX,ELCKENXX01,2031,9.9645
GLOBAL,S3D2,PWRTRNKENXX,ELCKENXX01,2032,10.601499999999996
GLOBAL,S3D2,PWRTRNKENXX,ELCKENXX01,2033,11.2398
GLOBAL,S3D2,PWRTRNKENXX,ELCKENXX01,2034,11.878099999999998
GLOBAL,S3D2,PWRTRNKENXX,ELCKENXX01,2035,12.515100000000002
GLOBAL,S3D2,PWRTRNKENXX,ELCKENXX01,2036,13.253500000000003
GLOBAL,S3D2,PWRTRNKENXX,ELCKENXX01,2037,13.9906
GLOBAL,S3D2,PWRTRNKENXX,ELCKENXX01,2038,14.729
GLOBAL,S3D2,PWRTRNKENXX,ELCKENXX01,2039,15.466100000000003
GLOBAL,S3D2,PWRTRNKENXX,ELCKENXX01,2040,16.2045
GLOBAL,S3D2,PWRTRNKENXX,ELCKENXX01,2041,17.121
GLOBAL,S3D2,PWRTRNKENXX,ELCKENXX01,2042,18.037500000000005
GLOBAL,S3D2,PWRTRNKENXX,ELCKENXX01,2043,18.9527
GLOBAL,S3D2,PWRTRNKENXX,ELCKENXX01,2044,19.8692
GLOBAL,S3D2,PWRTRNKENXX,ELCKENXX01,2045,20.785699999999995
GLOBAL,S3D2,PWRTRNKENXX,ELCKENXX01,2046,21.934899999999995
GLOBAL,S3D2,PWRTRNKENXX,ELCKENXX01,2047,23.0854
GLOBAL,S3D2,PWRTRNKENXX,ELCKENXX01,2048,24.234599999999997
GLOBAL,S3D2,PWRTRNKENXX,ELCKENXX01,2049,25.383799999999997
GLOBAL,S3D2,PWRTRNKENXX,ELCKENXX01,2050,26.5343
GLOBAL,S3D2,PWRTRNTZAXX,ELCTZAXX01,2021,6.9173
GLOBAL,S3D2,PWRTRNTZAXX,ELCTZAXX01,2022,7.5569
GLOBAL,S3D2,PWRTRNTZAXX,ELCTZAXX01,2023,8.1965
GLOBAL,S3D2,PWRTRNTZAXX,ELCTZAXX01,2024,8.8374
GLOBAL,S3D2,PWRTRNTZAXX,ELCTZAXX01,2025,9.476999999999999
GLOBAL,S3D2,PWRTRNTZAXX,ELCTZAXX01,2026,10.289499999999999
GLOBAL,S3D2,PWRTRNTZAXX,ELCTZAXX01,2027,11.1007
GLOBAL,S3D2,PWRTRNTZAXX,ELCTZAXX01,2028,11.913200000000002
GLOBAL,S3D2,PWRTRNTZAXX,ELCTZAXX01,2029,12.725700000000002
GLOBAL,S3D2,PWRTRNTZAXX,ELCTZAXX01,2030,13.538199999999998
GLOBAL,S3D2,PWRTRNTZAXX,ELCTZAXX01,2031,14.519700000000002
GLOBAL,S3D2,PWRTRNTZAXX,ELCTZAXX01,2032,15.502499999999998
GLOBAL,S3D2,PWRTRNTZAXX,ELCTZAXX01,2033,16.4853
GLOBAL,S3D2,PWRTRNTZAXX,ELCTZAXX01,2034,17.4668
GLOBAL,S3D2,PWRTRNTZAXX,ELCTZAXX01,2035,18.4496
GLOBAL,S3D2,PWRTRNTZAXX,ELCTZAXX01,2036,19.617
GLOBAL,S3D2,PWRTRNTZAXX,ELCTZAXX01,2037,20.7844
GLOBAL,S3D2,PWRTRNTZAXX,ELCTZAXX01,2038,21.9505
GLOBAL,S3D2,PWRTRNTZAXX,ELCTZAXX01,2039,23.117899999999995
GLOBAL,S3D2,PWRTRNTZAXX,ELCTZAXX01,2040,24.2853
GLOBAL,S3D2,PWRTRNTZAXX,ELCTZAXX01,2041,25.6646
GLOBAL,S3D2,PWRTRNTZAXX,ELCTZAXX01,2042,27.045200000000005
GLOBAL,S3D2,PWRTRNTZAXX,ELCTZAXX01,2043,28.4245
GLOBAL,S3D2,PWRTRNTZAXX,ELCTZAXX01,2044,29.803800000000006
GLOBAL,S3D2,PWRTRNTZAXX,ELCTZAXX01,2045,31.1831
GLOBAL,S3D2,PWRTRNTZAXX,ELCTZAXX01,2046,32.8952
GLOBAL,S3D2,PWRTRNTZAXX,ELCTZAXX01,2047,34.6073
GLOBAL,S3D2,PWRTRNTZAXX,ELCTZAXX01,2048,36.3194
GLOBAL,S3D2,PWRTRNTZAXX,ELCTZAXX01,2049,38.0315
GLOBAL,S3D2,PWRTRNTZAXX,ELCTZAXX01,2050,39.7436
GLOBAL,S3D2,PWRWONKENXX01,WONKENXX,2021,0.24410777352192004
GLOBAL,S3D2,PWRWONKENXX01,WONKENXX,2022,0.24410777352192004
GLOBAL,S3D2,PWRWONKENXX01,WONKENXX,2023,0.24410777352192004
GLOBAL,S3D2,PWRWONKENXX01,WONKENXX,2024,0.2252184815232
GLOBAL,S3D2,PWRWONKENXX01,WONKENXX,2025,0.2252184815232
GLOBAL,S3D2,PWRWONKENXX01,WONKENXX,2026,0.23305974393599999
GLOBAL,S3D2,PWRWONKENXX01,WONKENXX,2027,0.22565410721279996
GLOBAL,S3D2,PWRWONKENXX01,WONKENXX,2028,0.23305974393599999
GLOBAL,S3D2,PWRWONKENXX01,WONKENXX,2029,0.23305974393599999
GLOBAL,S3D2,PWRWONKENXX01,WONKENXX,2030,0.23305974393599999
GLOBAL,S3D2,PWRWONKENXX01,WONKENXX,2031,0.23305974393599999
GLOBAL,S3D2,PWRWONKENXX01,WONKENXX,2032,0.23305974393599999
GLOBAL,S3D2,PWRWONKENXX01,WONKENXX,2033,0.23305974393599999
GLOBAL,S3D2,PWRWONKENXX01,WONKENXX,2034,0.23305974393599999
GLOBAL,S3D2,PWRWONKENXX01,WONKENXX,2035,0.23305974393599999
GLOBAL,S3D2,PWRWONKENXX01,WONKENXX,2036,0.23305974393599999
GLOBAL,S3D2,PWRWONKENXX01,WONKENXX,2037,0.23305974393599999
GLOBAL,S3D2,PWRWONKENXX01,WONKENXX,2038,0.23305974393599999
GLOBAL,S3D2,PWRWONKENXX01,WONKENXX,2039,0.23305974393599999
GLOBAL,S3D2,PWRWONKENXX01,WONKENXX,2040,0.23305974393599999
GLOBAL,S3D2,PWRWONKENXX01,WONKENXX,2041,0.23305974393599999
GLOBAL,S3D2,PWRWONKENXX01,WONKENXX,2042,0.23305974393599999
GLOBAL,S3D2,PWRWONKENXX01,WONKENXX,2043,0.23305974393599999
GLOBAL,S3D2,PWRWONKENXX01,WONKENXX,2044,0.23305974393599999
GLOBAL,S3D2,PWRWONKENXX01,WONKENXX,2045,0.23305974393599999
GLOBAL,S3D2,PWRWONKENXX01,WONKENXX,2046,0.23009519184912014
GLOBAL,S3D2,PWRWONKENXX01,WONKENXX,2047,0.23305974393599999
GLOBAL,S3D3,PWRBIOKENXX01,BIOKENXX,2021,0.8158423186725711
GLOBAL,S3D3,PWRBIOKENXX01,BIOKENXX,2024,0.9991285977599998
GLOBAL,S3D3,PWRBIOTZAXX01,BIOTZAXX,2021,0.8189060342400001
GLOBAL,S3D3,PWRBIOTZAXX01,BIOTZAXX,2022,0.8189060342400001
GLOBAL,S3D3,PWRBIOTZAXX01,BIOTZAXX,2023,0.8189060342400001
GLOBAL,S3D3,PWRBIOTZAXX01,BIOTZAXX,2024,0.8189060342400001
GLOBAL,S3D3,PWRBIOTZAXX01,BIOTZAXX,2025,0.8189060342400001
GLOBAL,S3D3,PWRBIOTZAXX01,BIOTZAXX,2026,0.8189060342400001
GLOBAL,S3D3,PWRBIOTZAXX01,BIOTZAXX,2027,0.8189060342400001
GLOBAL,S3D3,PWRBIOTZAXX01,BIOTZAXX,2028,0.8189060342400001
GLOBAL,S3D3,PWRBIOTZAXX01,BIOTZAXX,2029,0.8189060342400001
GLOBAL,S3D3,PWRBIOTZAXX01,BIOTZAXX,2030,0.8189060342400001
GLOBAL,S3D3,PWRBIOTZAXX01,BIOTZAXX,2031,0.8189060342400001
GLOBAL,S3D3,PWRCCGKENXX01,GASINT,2035,0.05225196230399832
GLOBAL,S3D3,PWRCCGKENXX01,GASINT,2036,1.1882519623039993
GLOBAL,S3D3,PWRCCGKENXX01,GASINT,2037,2.3222519623039997
GLOBAL,S3D3,PWRCCGKENXX01,GASINT,2038,3.4582519623040007
GLOBAL,S3D3,PWRCCGKENXX01,GASINT,2039,4.592251962304
GLOBAL,S3D3,PWRCCGKENXX01,GASINT,2040,5.728251962304
GLOBAL,S3D3,PWRCCGKENXX01,GASINT,2041,7.1382519623039995
GLOBAL,S3D3,PWRCCGKENXX01,GASINT,2042,8.548251962303999
GLOBAL,S3D3,PWRCCGKENXX01,GASINT,2043,9.956251962304002
GLOBAL,S3D3,PWRCCGKENXX01,GASINT,2044,11.366251962304002
GLOBAL,S3D3,PWRCCGKENXX01,GASINT,2045,13.759922874304
GLOBAL,S3D3,PWRCCGKENXX01,GASINT,2046,17.488238477503998
GLOBAL,S3D3,PWRCCGKENXX01,GASINT,2047,19.258238477503998
GLOBAL,S3D3,PWRCCGKENXX01,GASINT,2048,21.520238009510393
GLOBAL,S3D3,PWRCCGKENXX01,GASINT,2049,23.288238009510398
GLOBAL,S3D3,PWRCCGKENXX01,GASINT,2050,25.058238009510397
GLOBAL,S3D3,PWRCCGTZAXX00,GASINT,2021,1.804895599104
GLOBAL,S3D3,PWRCCGTZAXX00,GASINT,2022,1.0299927826315776
GLOBAL,S3D3,PWRCCGTZAXX00,GASINT,2023,0.09265779669121241
GLOBAL,S3D3,PWRCCGTZAXX01,GASINT,2021,2.969014367633473
GLOBAL,S3D3,PWRCCGTZAXX01,GASINT,2022,4.237860933350245
GLOBAL,S3D3,PWRCCGTZAXX01,GASINT,2023,5.467736291934778
GLOBAL,S3D3,PWRCCGTZAXX01,GASINT,2024,6.014619622559941
GLOBAL,S3D3,PWRCCGTZAXX01,GASINT,2025,6.48551928402677
GLOBAL,S3D3,PWRCCGTZAXX01,GASINT,2026,7.083714992190928
GLOBAL,S3D3,PWRCCGTZAXX01,GASINT,2027,7.680953587222027
GLOBAL,S3D3,PWRCCGTZAXX01,GASINT,2028,8.279149295386187
GLOBAL,S3D3,PWRCCGTZAXX01,GASINT,2029,8.877345003550346
GLOBAL,S3D3,PWRCCGTZAXX01,GASINT,2030,9.475540711714508
GLOBAL,S3D3,PWRCCGTZAXX01,GASINT,2031,10.198161127176814
GLOBAL,S3D3,PWRCCGTZAXX01,GASINT,2032,11.413574111772181
GLOBAL,S3D3,PWRCCGTZAXX01,GASINT,2033,12.13715164036755
GLOBAL,S3D3,PWRCCGTZAXX01,GASINT,2034,12.859772055829854
GLOBAL,S3D3,PWRCCGTZAXX01,GASINT,2035,13.583349584425228
GLOBAL,S3D3,PWRCCGTZAXX01,GASINT,2036,14.442837177915493
GLOBAL,S3D3,PWRCCGTZAXX01,GASINT,2037,15.302324771405761
GLOBAL,S3D3,PWRCCGTZAXX01,GASINT,2038,16.160855251762964
GLOBAL,S3D3,PWRCCGTZAXX01,GASINT,2039,17.02034284525323
GLOBAL,S3D3,PWRCCGTZAXX01,GASINT,2040,17.879830438743497
GLOBAL,S3D3,PWRCCGTZAXX01,GASINT,2041,18.89532747292298
GLOBAL,S3D3,PWRCCGTZAXX01,GASINT,2042,19.91178162023552
GLOBAL,S3D3,PWRCCGTZAXX01,GASINT,2043,20.927278654414998
GLOBAL,S3D3,PWRCCGTZAXX01,GASINT,2044,21.942775688594473
GLOBAL,S3D3,PWRCCGTZAXX01,GASINT,2045,22.958272722773955
GLOBAL,S3D3,PWRCCGTZAXX01,GASINT,2046,24.218790719017473
GLOBAL,S3D3,PWRCCGTZAXX01,GASINT,2047,25.479308715260995
GLOBAL,S3D3,PWRCCGTZAXX01,GASINT,2048,26.739826711504506
GLOBAL,S3D3,PWRCCGTZAXX01,GASINT,2049,28.000344707748024
GLOBAL,S3D3,PWRCCGTZAXX01,GASINT,2050,29.26086270399153
GLOBAL,S3D3,PWRGEOKENXX01,GEOKENXX,2021,1.5480441573420625
GLOBAL,S3D3,PWRGEOKENXX01,GEOKENXX,2022,2.4407522807657456
GLOBAL,S3D3,PWRGEOKENXX01,GEOKENXX,2023,1.7818390732070413
GLOBAL,S3D3,PWRGEOKENXX01,GEOKENXX,2024,1.2538053076915203
GLOBAL,S3D3,PWRGEOKENXX01,GEOKENXX,2025,1.9928117846709468
GLOBAL,S3D3,PWRGEOKENXX01,GEOKENXX,2026,1.3474926859852803
GLOBAL,S3D3,PWRGEOKENXX01,GEOKENXX,2027,2.050378165241991
GLOBAL,S3D3,PWRGEOKENXX01,GEOKENXX,2028,1.8549891970795178
GLOBAL,S3D3,PWRGEOKENXX01,GEOKENXX,2029,1.074664004695881
GLOBAL,S3D3,PWRGEOKENXX01,GEOKENXX,2030,1.6104042516927086
GLOBAL,S3D3,PWRGEOKENXX01,GEOKENXX,2031,2.6488852416
GLOBAL,S3D3,PWRGEOKENXX01,GEOKENXX,2032,0.9807667746430839
GLOBAL,S3D3,PWRGEOKENXX01,GEOKENXX,2033,2.1758560613107014
GLOBAL,S3D3,PWRGEOKENXX01,GEOKENXX,2034,1.4719932576
GLOBAL,S3D3,PWRGEOKENXX01,GEOKENXX,2035,1.4719932576
GLOBAL,S3D3,PWRGEOKENXX01,GEOKENXX,2036,1.4719932576
GLOBAL,S3D3,PWRGEOKENXX01,GEOKENXX,2037,1.4719932576
GLOBAL,S3D3,PWRGEOKENXX01,GEOKENXX,2038,1.4719932576
GLOBAL,S3D3,PWRGEOKENXX01,GEOKENXX,2039,1.4719932576
GLOBAL,S3D3,PWRGEOKENXX01,GEOKENXX,2040,1.4719932576
GLOBAL,S3D3,PWRGEOKENXX01,GEOKENXX,2041,1.4719932576
GLOBAL,S3D3,PWRGEOKENXX01,GEOKENXX,2042,1.4719932576
GLOBAL,S3D3,PWRGEOKENXX01,GEOKENXX,2043,1.4719932576
GLOBAL,S3D3,PWRGEOKENXX01,GEOKENXX,2044,1.4719932576
GLOBAL,S3D3,PWRGEOKENXX01,GEOKENXX,2045,0.9801578016
GLOBAL,S3D3,PWRHYDKENXX01,HYDKENXX,2021,1.742670120189002
GLOBAL,S3D3,PWRHYDKENXX01,HYDKENXX,2022,1.4211399457123342
GLOBAL,S3D3,PWRHYDKENXX01,HYDKENXX,2023,2.3920531532710387
GLOBAL,S3D3,PWRHYDKENXX01,HYDKENXX,2024,2.9347962747852803
GLOBAL,S3D3,PWRHYDKENXX01,HYDKENXX,2025,2.8249697338058533
GLOBAL,S3D3,PWRHYDKENXX01,HYDKENXX,2026,3.8884475700787204
GLOBAL,S3D3,PWRHYDKENXX01,HYDKENXX,2027,3.6189677275452086
GLOBAL,S3D3,PWRHYDKENXX01,HYDKENXX,2028,4.232951058984482
GLOBAL,S3D3,PWRHYDKENXX01,HYDKENXX,2029,5.440276251368119
GLOBAL,S3D3,PWRHYDKENXX01,HYDKENXX,2030,5.330536004371292
GLOBAL,S3D3,PWRHYDKENXX01,HYDKENXX,2031,4.783055014464001
GLOBAL,S3D3,PWRHYDKENXX01,HYDKENXX,2032,6.941173481420916
GLOBAL,S3D3,PWRHYDKENXX01,HYDKENXX,2033,6.2370841947533
GLOBAL,S3D3,PWRHYDKENXX01,HYDKENXX,2034,7.4180069763968
GLOBAL,S3D3,PWRHYDKENXX01,HYDKENXX,2035,7.881880995244802
GLOBAL,S3D3,PWRHYDKENXX01,HYDKENXX,2036,7.881880995244802
GLOBAL,S3D3,PWRHYDKENXX01,HYDKENXX,2037,7.881880995244802
GLOBAL,S3D3,PWRHYDKENXX01,HYDKENXX,2038,7.881880995244801
GLOBAL,S3D3,PWRHYDKENXX01,HYDKENXX,2039,7.881880995244802
GLOBAL,S3D3,PWRHYDKENXX01,HYDKENXX,2040,7.881880995244801
GLOBAL,S3D3,PWRHYDKENXX01,HYDKENXX,2041,7.881880995244802
GLOBAL,S3D3,PWRHYDKENXX01,HYDKENXX,2042,7.881880995244802
GLOBAL,S3D3,PWRHYDKENXX01,HYDKENXX,2043,7.881880995244801
GLOBAL,S3D3,PWRHYDKENXX01,HYDKENXX,2044,7.881880995244801
GLOBAL,S3D3,PWRHYDKENXX01,HYDKENXX,2045,7.881880995244801
GLOBAL,S3D3,PWRHYDKENXX01,HYDKENXX,2046,7.881880995244802
GLOBAL,S3D3,PWRHYDKENXX01,HYDKENXX,2047,7.881880995244801
GLOBAL,S3D3,PWRHYDKENXX01,HYDKENXX,2048,7.881880995244802
GLOBAL,S3D3,PWRHYDKENXX01,HYDKENXX,2049,7.881880995244802
GLOBAL,S3D3,PWRHYDKENXX01,HYDKENXX,2050,7.881880995244801
GLOBAL,S3D3,PWRHYDTZAXX01,HYDTZAXX,2021,3.306700509486802
GLOBAL,S3D3,PWRHYDTZAXX01,HYDTZAXX,2022,3.6124506787533885
GLOBAL,S3D3,PWRHYDTZAXX01,HYDTZAXX,2023,3.9182008480199744
GLOBAL,S3D3,PWRHYDTZAXX01,HYDTZAXX,2024,4.2245724607200295
GLOBAL,S3D3,PWRHYDTZAXX01,HYDTZAXX,2025,4.530322629986615
GLOBAL,S3D3,PWRHYDTZAXX01,HYDTZAXX,2026,4.918724775904535
GLOBAL,S3D3,PWRHYDTZAXX01,HYDTZAXX,2027,5.306505478388986
GLOBAL,S3D3,PWRHYDTZAXX01,HYDTZAXX,2028,5.6949076243069054
GLOBAL,S3D3,PWRHYDTZAXX01,HYDTZAXX,2029,6.083309770224825
GLOBAL,S3D3,PWRHYDTZAXX01,HYDTZAXX,2030,6.471711916142745
GLOBAL,S3D3,PWRHYDTZAXX01,HYDTZAXX,2031,6.940901708411593
GLOBAL,S3D3,PWRHYDTZAXX01,HYDTZAXX,2032,7.410712944113909
GLOBAL,S3D3,PWRHYDTZAXX01,HYDTZAXX,2033,7.880524179816224
GLOBAL,S3D3,PWRHYDTZAXX01,HYDTZAXX,2034,8.349713972085071
GLOBAL,S3D3,PWRHYDTZAXX01,HYDTZAXX,2035,8.819525207787386
GLOBAL,S3D3,PWRHYDTZAXX01,HYDTZAXX,2036,9.377581411042254
GLOBAL,S3D3,PWRHYDTZAXX01,HYDTZAXX,2037,9.93563761429712
GLOBAL,S3D3,PWRHYDTZAXX01,HYDTZAXX,2038,10.493072374118517
GLOBAL,S3D3,PWRHYDTZAXX01,HYDTZAXX,2039,11.051128577373385
GLOBAL,S3D3,PWRHYDTZAXX01,HYDTZAXX,2040,11.60918478062825
GLOBAL,S3D3,PWRHYDTZAXX01,HYDTZAXX,2041,12.268536263538511
GLOBAL,S3D3,PWRHYDTZAXX01,HYDTZAXX,2042,12.92850918988224
GLOBAL,S3D3,PWRHYDTZAXX01,HYDTZAXX,2043,13.587860672792502
GLOBAL,S3D3,PWRHYDTZAXX01,HYDTZAXX,2044,14.24721215570276
GLOBAL,S3D3,PWRHYDTZAXX01,HYDTZAXX,2045,14.906563638613022
GLOBAL,S3D3,PWRHYDTZAXX01,HYDTZAXX,2046,15.725004640491262
GLOBAL,S3D3,PWRHYDTZAXX01,HYDTZAXX,2047,16.543445642369505
GLOBAL,S3D3,PWRHYDTZAXX01,HYDTZAXX,2048,17.361886644247747
GLOBAL,S3D3,PWRHYDTZAXX01,HYDTZAXX,2049,18.180327646125992
GLOBAL,S3D3,PWRHYDTZAXX01,HYDTZAXX,2050,18.998768648004233
GLOBAL,S3D3,PWROCGTZAXX00,GASINT,2021,0.2378408472351292
GLOBAL,S3D3,PWRTRNKENXX,ELCKENXX01,2021,3.793
GLOBAL,S3D3,PWRTRNKENXX,ELCKENXX01,2022,4.105999999999999
GLOBAL,S3D3,PWRTRNKENXX,ELCKENXX01,2023,4.418
GLOBAL,S3D3,PWRTRNKENXX,ELCKENXX01,2024,4.730000000000001
GLOBAL,S3D3,PWRTRNKENXX,ELCKENXX01,2025,5.043
GLOBAL,S3D3,PWRTRNKENXX,ELCKENXX01,2026,5.469
GLOBAL,S3D3,PWRTRNKENXX,ELCKENXX01,2027,5.895
GLOBAL,S3D3,PWRTRNKENXX,ELCKENXX01,2028,6.321000000000001
GLOBAL,S3D3,PWRTRNKENXX,ELCKENXX01,2029,6.748
GLOBAL,S3D3,PWRTRNKENXX,ELCKENXX01,2030,7.174
GLOBAL,S3D3,PWRTRNKENXX,ELCKENXX01,2031,7.665
GLOBAL,S3D3,PWRTRNKENXX,ELCKENXX01,2032,8.154999999999998
GLOBAL,S3D3,PWRTRNKENXX,ELCKENXX01,2033,8.646
GLOBAL,S3D3,PWRTRNKENXX,ELCKENXX01,2034,9.137
GLOBAL,S3D3,PWRTRNKENXX,ELCKENXX01,2035,9.627
GLOBAL,S3D3,PWRTRNKENXX,ELCKENXX01,2036,10.195000000000002
GLOBAL,S3D3,PWRTRNKENXX,ELCKENXX01,2037,10.762
GLOBAL,S3D3,PWRTRNKENXX,ELCKENXX01,2038,11.330000000000002
GLOBAL,S3D3,PWRTRNKENXX,ELCKENXX01,2039,11.897
GLOBAL,S3D3,PWRTRNKENXX,ELCKENXX01,2040,12.464999999999998
GLOBAL,S3D3,PWRTRNKENXX,ELCKENXX01,2041,13.17
GLOBAL,S3D3,PWRTRNKENXX,ELCKENXX01,2042,13.875
GLOBAL,S3D3,PWRTRNKENXX,ELCKENXX01,2043,14.579
GLOBAL,S3D3,PWRTRNKENXX,ELCKENXX01,2044,15.284
GLOBAL,S3D3,PWRTRNKENXX,ELCKENXX01,2045,15.989
GLOBAL,S3D3,PWRTRNKENXX,ELCKENXX01,2046,16.873
GLOBAL,S3D3,PWRTRNKENXX,ELCKENXX01,2047,17.758
GLOBAL,S3D3,PWRTRNKENXX,ELCKENXX01,2048,18.642
GLOBAL,S3D3,PWRTRNKENXX,ELCKENXX01,2049,19.526
GLOBAL,S3D3,PWRTRNKENXX,ELCKENXX01,2050,20.411
GLOBAL,S3D3,PWRTRNTZAXX,ELCTZAXX01,2021,5.8531
GLOBAL,S3D3,PWRTRNTZAXX,ELCTZAXX01,2022,6.3943
GLOBAL,S3D3,PWRTRNTZAXX,ELCTZAXX01,2023,6.9355
GLOBAL,S3D3,PWRTRNTZAXX,ELCTZAXX01,2024,7.4778
GLOBAL,S3D3,PWRTRNTZAXX,ELCTZAXX01,2025,8.019
GLOBAL,S3D3,PWRTRNTZAXX,ELCTZAXX01,2026,8.7065
GLOBAL,S3D3,PWRTRNTZAXX,ELCTZAXX01,2027,9.3929
GLOBAL,S3D3,PWRTRNTZAXX,ELCTZAXX01,2028,10.0804
GLOBAL,S3D3,PWRTRNTZAXX,ELCTZAXX01,2029,10.7679
GLOBAL,S3D3,PWRTRNTZAXX,ELCTZAXX01,2030,11.4554
GLOBAL,S3D3,PWRTRNTZAXX,ELCTZAXX01,2031,12.2859
GLOBAL,S3D3,PWRTRNTZAXX,ELCTZAXX01,2032,13.1175
GLOBAL,S3D3,PWRTRNTZAXX,ELCTZAXX01,2033,13.949099999999998
GLOBAL,S3D3,PWRTRNTZAXX,ELCTZAXX01,2034,14.7796
GLOBAL,S3D3,PWRTRNTZAXX,ELCTZAXX01,2035,15.611199999999998
GLOBAL,S3D3,PWRTRNTZAXX,ELCTZAXX01,2036,16.599
GLOBAL,S3D3,PWRTRNTZAXX,ELCTZAXX01,2037,17.5868
GLOBAL,S3D3,PWRTRNTZAXX,ELCTZAXX01,2038,18.5735
GLOBAL,S3D3,PWRTRNTZAXX,ELCTZAXX01,2039,19.5613
GLOBAL,S3D3,PWRTRNTZAXX,ELCTZAXX01,2040,20.5491
GLOBAL,S3D3,PWRTRNTZAXX,ELCTZAXX01,2041,21.7162
GLOBAL,S3D3,PWRTRNTZAXX,ELCTZAXX01,2042,22.8844
GLOBAL,S3D3,PWRTRNTZAXX,ELCTZAXX01,2043,24.051499999999997
GLOBAL,S3D3,PWRTRNTZAXX,ELCTZAXX01,2044,25.218600000000002
GLOBAL,S3D3,PWRTRNTZAXX,ELCTZAXX01,2045,26.3857
GLOBAL,S3D3,PWRTRNTZAXX,ELCTZAXX01,2046,27.834400000000002
GLOBAL,S3D3,PWRTRNTZAXX,ELCTZAXX01,2047,29.283100000000005
GLOBAL,S3D3,PWRTRNTZAXX,ELCTZAXX01,2048,30.7318
GLOBAL,S3D3,PWRTRNTZAXX,ELCTZAXX01,2049,32.1805
GLOBAL,S3D3,PWRTRNTZAXX,ELCTZAXX01,2050,33.6292
GLOBAL,S3D3,PWRWONKENXX01,WONKENXX,2021,0.24410777352192004
GLOBAL,S3D3,PWRWONKENXX01,WONKENXX,2022,0.24410777352192004
GLOBAL,S3D3,PWRWONKENXX01,WONKENXX,2023,0.24410777352192004
GLOBAL,S3D3,PWRWONKENXX01,WONKENXX,2024,0.2252184815232
GLOBAL,S3D3,PWRWONKENXX01,WONKENXX,2025,0.2252184815232
GLOBAL,S3D3,PWRWONKENXX01,WONKENXX,2026,0.23305974393599999
GLOBAL,S3D3,PWRWONKENXX01,WONKENXX,2027,0.22565410721279996
GLOBAL,S3D3,PWRWONKENXX01,WONKENXX,2028,0.23305974393599999
GLOBAL,S3D3,PWRWONKENXX01,WONKENXX,2029,0.23305974393599999
GLOBAL,S3D3,PWRWONKENXX01,WONKENXX,2030,0.23305974393599999
GLOBAL,S3D3,PWRWONKENXX01,WONKENXX,2031,0.23305974393599999
GLOBAL,S3D3,PWRWONKENXX01,WONKENXX,2032,0.23305974393599999
GLOBAL,S3D3,PWRWONKENXX01,WONKENXX,2033,0.23305974393599999
GLOBAL,S3D3,PWRWONKENXX01,WONKENXX,2034,0.2469997660032
GLOBAL,S3D3,PWRWONKENXX01,WONKENXX,2035,0.2469997660032
GLOBAL,S3D3,PWRWONKENXX01,WONKENXX,2036,0.2469997660032
GLOBAL,S3D3,PWRWONKENXX01,WONKENXX,2037,0.2469997660032
GLOBAL,S3D3,PWRWONKENXX01,WONKENXX,2038,0.2469997660032
GLOBAL,S3D3,PWRWONKENXX01,WONKENXX,2039,0.2469997660032
GLOBAL,S3D3,PWRWONKENXX01,WONKENXX,2040,0.2469997660032
GLOBAL,S3D3,PWRWONKENXX01,WONKENXX,2041,0.2469997660032
GLOBAL,S3D3,PWRWONKENXX01,WONKENXX,2042,0.2469997660032
GLOBAL,S3D3,PWRWONKENXX01,WONKENXX,2043,0.2469997660032
GLOBAL,S3D3,PWRWONKENXX01,WONKENXX,2044,0.2469997660032
GLOBAL,S3D3,PWRWONKENXX01,WONKENXX,2045,0.2469997660032
GLOBAL,S3D3,PWRWONKENXX01,WONKENXX,2046,0.2469997660032
GLOBAL,S3D3,PWRWONKENXX01,WONKENXX,2047,0.2469997660032
