REGION,TECHNOLOGY,TIMESLICE,YEAR,VALUE
GLOBAL,PWRHYDKENXX01,S1D1,2021,0.4733
GLOBAL,PWRHYDKENXX01,S1D1,2022,0.4733
GLOBAL,PWRHYDKENXX01,S1D1,2023,0.4733
GLOBAL,PWRHYDKENXX01,S1D1,2024,0.4733
GLOBAL,PWRHYDKENXX01,S1D1,2025,0.4733
GLOBAL,PWRHYDKENXX01,S1D1,2026,0.4733
GLOBAL,PWRHYDKENXX01,S1D1,2027,0.4733
GLOBAL,PWRHYDKENXX01,S1D1,2028,0.4733
GLOBAL,PWRHYDKENXX01,S1D1,2029,0.4733
GLOBAL,PWRHYDKENXX01,S1D1,2030,0.4733
GLOBAL,PWRHYDKENXX01,S1D1,2031,0.4733
GLOBAL,PWRHYDKENXX01,S1D1,2032,0.4733
GLOBAL,PWRHYDKENXX01,S1D1,2033,0.4733
GLOBAL,PWRHYDKENXX01,S1D1,2034,0.4733
GLOBAL,PWRHYDKENXX01,S1D1,2035,0.4733
GLOBAL,PWRHYDKENXX01,S1D1,2036,0.4733
GLOBAL,PWRHYDKENXX01,S1D1,2037,0.4733
GLOBAL,PWRHYDKENXX01,S1D1,2038,0.4733
GLOBAL,PWRHYDKENXX01,S1D1,2039,0.4733
GLOBAL,PWRHYDKENXX01,S1D1,2040,0.4733
GLOBAL,PWRHYDKENXX01,S1D1,2041,0.4733
GLOBAL,PWRHYDKENXX01,S1D1,2042,0.4733
GLOBAL,PWRHYDKENXX01,S1D1,2043,0.4733
GLOBAL,PWRHYDKENXX01,S1D1,2044,0.4733
GLOBAL,PWRHYDKENXX01,S1D1,2045,0.4733
GLOBAL,PWRHYDKENXX01,S1D1,2046,0.4733
GLOBAL,PWRHYDKENXX01,S1D1,2047,0.4733
GLOBAL,PWRHYDKENXX01,S1D1,2048,0.4733
GLOBAL,PWRHYDKENXX01,S1D1,2049,0.4733
GLOBAL,PWRHYDKENXX01,S1D1,2050,0.4733
GLOBAL,PWRHYDTZAXX01,S1D1,2021,0.7139
GLOBAL,PWRHYDTZAXX01,S1D1,2022,0.7139
GLOBAL,PWRHYDTZAXX01,S1D1,2023,0.7139
GLOBAL,PWRHYDTZAXX01,S1D1,2024,0.7139
GLOBAL,PWRHYDTZAXX01,S1D1,2025,0.7139
GLOBAL,PWRHYDTZAXX01,S1D1,2026,0.7139
GLOBAL,PWRHYDTZAXX01,S1D1,2027,0.7139
GLOBAL,PWRHYDTZAXX01,S1D1,2028,0.7139
GLOBAL,PWRHYDTZAXX01,S1D1,2029,0.7139
GLOBAL,PWRHYDTZAXX01,S1D1,2030,0.7139
GLOBAL,PWRHYDTZAXX01,S1D1,2031,0.7139
GLOBAL,PWRHYDTZAXX01,S1D1,2032,0.7139
GLOBAL,PWRHYDTZAXX01,S1D1,2033,0.7139
GLOBAL,PWRHYDTZAXX01,S1D1,2034,0.7139
GLOBAL,PWRHYDTZAXX01,S1D1,2035,0.7139
GLOBAL,PWRHYDTZAXX01,S1D1,2036,0.7139
GLOBAL,PWRHYDTZAXX01,S1D1,2037,0.7139
GLOBAL,PWRHYDTZAXX01,S1D1,2038,0.7139
GLOBAL,PWRHYDTZAXX01,S1D1,2039,0.7139
GLOBAL,PWRHYDTZAXX01,S1D1,2040,0.7139
GLOBAL,PWRHYDTZAXX01,S1D1,2041,0.7139
GLOBAL,PWRHYDTZAXX01,S1D1,2042,0.7139
GLOBAL,PWRHYDTZAXX01,S1D1,2043,0.7139
GLOBAL,PWRHYDTZAXX01,S1D1,2044,0.7139
GLOBAL,PWRHYDTZAXX01,S1D1,2045,0.7139
GLOBAL,PWRHYDTZAXX01,S1D1,2046,0.7139
GLOBAL,PWRHYDTZAXX01,S1D1,2047,0.7139
GLOBAL,PWRHYDTZAXX01,S1D1,2048,0.7139
GLOBAL,PWRHYDTZAXX01,S1D1,2049,0.7139
GLOBAL,PWRHYDTZAXX01,S1D1,2050,0.7139
GLOBAL,PWRHYDKENXX01,S1D2,2021,0.4733
GLOBAL,PWRHYDKENXX01,S1D2,2022,0.4733
GLOBAL,PWRHYDKENXX01,S1D2,2023,0.4733
GLOBAL,PWRHYDKENXX01,S1D2,2024,0.4733
GLOBAL,PWRHYDKENXX01,S1D2,2025,0.4733
GLOBAL,PWRHYDKENXX01,S1D2,2026,0.4733
GLOBAL,PWRHYDKENXX01,S1D2,2027,0.4733
GLOBAL,PWRHYDKENXX01,S1D2,2028,0.4733
GLOBAL,PWRHYDKENXX01,S1D2,2029,0.4733
GLOBAL,PWRHYDKENXX01,S1D2,2030,0.4733
GLOBAL,PWRHYDKENXX01,S1D2,2031,0.4733
GLOBAL,PWRHYDKENXX01,S1D2,2032,0.4733
GLOBAL,PWRHYDKENXX01,S1D2,2033,0.4733
GLOBAL,PWRHYDKENXX01,S1D2,2034,0.4733
GLOBAL,PWRHYDKENXX01,S1D2,2035,0.4733
GLOBAL,PWRHYDKENXX01,S1D2,2036,0.4733
GLOBAL,PWRHYDKENXX01,S1D2,2037,0.4733
GLOBAL,PWRHYDKENXX01,S1D2,2038,0.4733
GLOBAL,PWRHYDKENXX01,S1D2,2039,0.4733
GLOBAL,PWRHYDKENXX01,S1D2,2040,0.4733
GLOBAL,PWRHYDKENXX01,S1D2,2041,0.4733
GLOBAL,PWRHYDKENXX01,S1D2,2042,0.4733
GLOBAL,PWRHYDKENXX01,S1D2,2043,0.4733
GLOBAL,PWRHYDKENXX01,S1D2,2044,0.4733
GLOBAL,PWRHYDKENXX01,S1D2,2045,0.4733
GLOBAL,PWRHYDKENXX01,S1D2,2046,0.4733
GLOBAL,PWRHYDKENXX01,S1D2,2047,0.4733
GLOBAL,PWRHYDKENXX01,S1D2,2048,0.4733
GLOBAL,PWRHYDKENXX01,S1D2,2049,0.4733
GLOBAL,PWRHYDKENXX01,S1D2,2050,0.4733
GLOBAL,PWRHYDTZAXX01,S1D2,2021,0.7139
GLOBAL,PWRHYDTZAXX01,S1D2,2022,0.7139
GLOBAL,PWRHYDTZAXX01,S1D2,2023,0.7139
GLOBAL,PWRHYDTZAXX01,S1D2,2024,0.7139
GLOBAL,PWRHYDTZAXX01,S1D2,2025,0.7139
GLOBAL,PWRHYDTZAXX01,S1D2,2026,0.7139
GLOBAL,PWRHYDTZAXX01,S1D2,2027,0.7139
GLOBAL,PWRHYDTZAXX01,S1D2,2028,0.7139
GLOBAL,PWRHYDTZAXX01,S1D2,2029,0.7139
GLOBAL,PWRHYDTZAXX01,S1D2,2030,0.7139
GLOBAL,PWRHYDTZAXX01,S1D2,2031,0.7139
GLOBAL,PWRHYDTZAXX01,S1D2,2032,0.7139
GLOBAL,PWRHYDTZAXX01,S1D2,2033,0.7139
GLOBAL,PWRHYDTZAXX01,S1D2,2034,0.7139
GLOBAL,PWRHYDTZAXX01,S1D2,2035,0.7139
GLOBAL,PWRHYDTZAXX01,S1D2,2036,0.7139
GLOBAL,PWRHYDTZAXX01,S1D2,2037,0.7139
GLOBAL,PWRHYDTZAXX01,S1D2,2038,0.7139
GLOBAL,PWRHYDTZAXX01,S1D2,2039,0.7139
GLOBAL,PWRHYDTZAXX01,S1D2,2040,0.7139
GLOBAL,PWRHYDTZAXX01,S1D2,2041,0.7139
GLOBAL,PWRHYDTZAXX01,S1D2,2042,0.7139
GLOBAL,PWRHYDTZAXX01,S1D2,2043,0.7139
GLOBAL,PWRHYDTZAXX01,S1D2,2044,0.7139
GLOBAL,PWRHYDTZAXX01,S1D2,2045,0.7139
GLOBAL,PWRHYDTZAXX01,S1D2,2046,0.7139
GLOBAL,PWRHYDTZAXX01,S1D2,2047,0.7139
GLOBAL,PWRHYDTZAXX01,S1D2,2048,0.7139
GLOBAL,PWRHYDTZAXX01,S1D2,2049,0.7139
GLOBAL,PWRHYDTZAXX01,S1D2,2050,0.7139
GLOBAL,PWRHYDKENXX01,S1D3,2021,0.4733
GLOBAL,PWRHYDKENXX01,S1D3,2022,0.4733
GLOBAL,PWRHYDKENXX01,S1D3,2023,0.4733
GLOBAL,PWRHYDKENXX01,S1D3,2024,0.4733
GLOBAL,PWRHYDKENXX01,S1D3,2025,0.4733
GLOBAL,PWRHYDKENXX01,S1D3,2026,0.4733
GLOBAL,PWRHYDKENXX01,S1D3,2027,0.4733
GLOBAL,PWRHYDKENXX01,S1D3,2028,0.4733
GLOBAL,PWRHYDKENXX01,S1D3,2029,0.4733
GLOBAL,PWRHYDKENXX01,S1D3,2030,0.4733
GLOBAL,PWRHYDKENXX01,S1D3,2031,0.4733
GLOBAL,PWRHYDKENXX01,S1D3,2032,0.4733
GLOBAL,PWRHYDKENXX01,S1D3,2033,0.4733
GLOBAL,PWRHYDKENXX01,S1D3,2034,0.4733
GLOBAL,PWRHYDKENXX01,S1D3,2035,0.4733
GLOBAL,PWRHYDKENXX01,S1D3,2036,0.4733
GLOBAL,PWRHYDKENXX01,S1D3,2037,0.4733
GLOBAL,PWRHYDKENXX01,S1D3,2038,0.4733
GLOBAL,PWRHYDKENXX01,S1D3,2039,0.4733
GLOBAL,PWRHYDKENXX01,S1D3,2040,0.4733
GLOBAL,PWRHYDKENXX01,S1D3,2041,0.4733
GLOBAL,PWRHYDKENXX01,S1D3,2042,0.4733
GLOBAL,PWRHYDKENXX01,S1D3,2043,0.4733
GLOBAL,PWRHYDKENXX01,S1D3,2044,0.4733
GLOBAL,PWRHYDKENXX01,S1D3,2045,0.4733
GLOBAL,PWRHYDKENXX01,S1D3,2046,0.4733
GLOBAL,PWRHYDKENXX01,S1D3,2047,0.4733
GLOBAL,PWRHYDKENXX01,S1D3,2048,0.4733
GLOBAL,PWRHYDKENXX01,S1D3,2049,0.4733
GLOBAL,PWRHYDKENXX01,S1D3,2050,0.4733
GLOBAL,PWRHYDTZAXX01,S1D3,2021,0.7139
GLOBAL,PWRHYDTZAXX01,S1D3,2022,0.7139
GLOBAL,PWRHYDTZAXX01,S1D3,2023,0.7139
GLOBAL,PWRHYDTZAXX01,S1D3,2024,0.7139
GLOBAL,PWRHYDTZAXX01,S1D3,2025,0.7139
GLOBAL,PWRHYDTZAXX01,S1D3,2026,0.7139
GLOBAL,PWRHYDTZAXX01,S1D3,2027,0.7139
GLOBAL,PWRHYDTZAXX01,S1D3,2028,0.7139
GLOBAL,PWRHYDTZAXX01,S1D3,2029,0.7139
GLOBAL,PWRHYDTZAXX01,S1D3,2030,0.7139
GLOBAL,PWRHYDTZAXX01,S1D3,2031,0.7139
GLOBAL,PWRHYDTZAXX01,S1D3,2032,0.7139
GLOBAL,PWRHYDTZAXX01,S1D3,2033,0.7139
GLOBAL,PWRHYDTZAXX01,S1D3,2034,0.7139
GLOBAL,PWRHYDTZAXX01,S1D3,2035,0.7139
GLOBAL,PWRHYDTZAXX01,S1D3,2036,0.7139
GLOBAL,PWRHYDTZAXX01,S1D3,2037,0.7139
GLOBAL,PWRHYDTZAXX01,S1D3,2038,0.7139
GLOBAL,PWRHYDTZAXX01,S1D3,2039,0.7139
GLOBAL,PWRHYDTZAXX01,S1D3,2040,0.7139
GLOBAL,PWRHYDTZAXX01,S1D3,2041,0.7139
GLOBAL,PWRHYDTZAXX01,S1D3,2042,0.7139
GLOBAL,PWRHYDTZAXX01,S1D3,2043,0.7139
GLOBAL,PWRHYDTZAXX01,S1D3,2044,0.7139
GLOBAL,PWRHYDTZAXX01,S1D3,2045,0.7139
GLOBAL,PWRHYDTZAXX01,S1D3,2046,0.7139
GLOBAL,PWRHYDTZAXX01,S1D3,2047,0.7139
GLOBAL,PWRHYDTZAXX01,S1D3,2048,0.7139
GLOBAL,PWRHYDTZAXX01,S1D3,2049,0.7139
GLOBAL,PWRHYDTZAXX01,S1D3,2050,0.7139
GLOBAL,PWRHYDKENXX01,S1D4,2021,0.4733
GLOBAL,PWRHYDKENXX01,S1D4,2022,0.4733
GLOBAL,PWRHYDKENXX01,S1D4,2023,0.4733
GLOBAL,PWRHYDKENXX01,S1D4,2024,0.4733
GLOBAL,PWRHYDKENXX01,S1D4,2025,0.4733
GLOBAL,PWRHYDKENXX01,S1D4,2026,0.4733
GLOBAL,PWRHYDKENXX01,S1D4,2027,0.4733
GLOBAL,PWRHYDKENXX01,S1D4,2028,0.4733
GLOBAL,PWRHYDKENXX01,S1D4,2029,0.4733
GLOBAL,PWRHYDKENXX01,S1D4,2030,0.4733
GLOBAL,PWRHYDKENXX01,S1D4,2031,0.4733
GLOBAL,PWRHYDKENXX01,S1D4,2032,0.4733
GLOBAL,PWRHYDKENXX01,S1D4,2033,0.4733
GLOBAL,PWRHYDKENXX01,S1D4,2034,0.4733
GLOBAL,PWRHYDKENXX01,S1D4,2035,0.4733
GLOBAL,PWRHYDKENXX01,S1D4,2036,0.4733
GLOBAL,PWRHYDKENXX01,S1D4,2037,0.4733
GLOBAL,PWRHYDKENXX01,S1D4,2038,0.4733
GLOBAL,PWRHYDKENXX01,S1D4,2039,0.4733
GLOBAL,PWRHYDKENXX01,S1D4,2040,0.4733
GLOBAL,PWRHYDKENXX01,S1D4,2041,0.4733
GLOBAL,PWRHYDKENXX01,S1D4,2042,0.4733
GLOBAL,PWRHYDKENXX01,S1D4,2043,0.4733
GLOBAL,PWRHYDKENXX01,S1D4,2044,0.4733
GLOBAL,PWRHYDKENXX01,S1D4,2045,0.4733
GLOBAL,PWRHYDKENXX01,S1D4,2046,0.4733
GLOBAL,PWRHYDKENXX01,S1D4,2047,0.4733
GLOBAL,PWRHYDKENXX01,S1D4,2048,0.4733
GLOBAL,PWRHYDKENXX01,S1D4,2049,0.4733
GLOBAL,PWRHYDKENXX01,S1D4,2050,0.4733
GLOBAL,PWRHYDTZAXX01,S1D4,2021,0.7139
GLOBAL,PWRHYDTZAXX01,S1D4,2022,0.7139
GLOBAL,PWRHYDTZAXX01,S1D4,2023,0.7139
GLOBAL,PWRHYDTZAXX01,S1D4,2024,0.7139
GLOBAL,PWRHYDTZAXX01,S1D4,2025,0.7139
GLOBAL,PWRHYDTZAXX01,S1D4,2026,0.7139
GLOBAL,PWRHYDTZAXX01,S1D4,2027,0.7139
GLOBAL,PWRHYDTZAXX01,S1D4,2028,0.7139
GLOBAL,PWRHYDTZAXX01,S1D4,2029,0.7139
GLOBAL,PWRHYDTZAXX01,S1D4,2030,0.7139
GLOBAL,PWRHYDTZAXX01,S1D4,2031,0.7139
GLOBAL,PWRHYDTZAXX01,S1D4,2032,0.7139
GLOBAL,PWRHYDTZAXX01,S1D4,2033,0.7139
GLOBAL,PWRHYDTZAXX01,S1D4,2034,0.7139
GLOBAL,PWRHYDTZAXX01,S1D4,2035,0.7139
GLOBAL,PWRHYDTZAXX01,S1D4,2036,0.7139
GLOBAL,PWRHYDTZAXX01,S1D4,2037,0.7139
GLOBAL,PWRHYDTZAXX01,S1D4,2038,0.7139
GLOBAL,PWRHYDTZAXX01,S1D4,2039,0.7139
GLOBAL,PWRHYDTZAXX01,S1D4,2040,0.7139
GLOBAL,PWRHYDTZAXX01,S1D4,2041,0.7139
GLOBAL,PWRHYDTZAXX01,S1D4,2042,0.7139
GLOBAL,PWRHYDTZAXX01,S1D4,2043,0.7139
GLOBAL,PWRHYDTZAXX01,S1D4,2044,0.7139
GLOBAL,PWRHYDTZAXX01,S1D4,2045,0.7139
GLOBAL,PWRHYDTZAXX01,S1D4,2046,0.7139
GLOBAL,PWRHYDTZAXX01,S1D4,2047,0.7139
GLOBAL,PWRHYDTZAXX01,S1D4,2048,0.7139
GLOBAL,PWRHYDTZAXX01,S1D4,2049,0.7139
GLOBAL,PWRHYDTZAXX01,S1D4,2050,0.7139
GLOBAL,PWRHYDKENXX01,S1D5,2021,0.4733
GLOBAL,PWRHYDKENXX01,S1D5,2022,0.4733
GLOBAL,PWRHYDKENXX01,S1D5,2023,0.4733
GLOBAL,PWRHYDKENXX01,S1D5,2024,0.4733
GLOBAL,PWRHYDKENXX01,S1D5,2025,0.4733
GLOBAL,PWRHYDKENXX01,S1D5,2026,0.4733
GLOBAL,PWRHYDKENXX01,S1D5,2027,0.4733
GLOBAL,PWRHYDKENXX01,S1D5,2028,0.4733
GLOBAL,PWRHYDKENXX01,S1D5,2029,0.4733
GLOBAL,PWRHYDKENXX01,S1D5,2030,0.4733
GLOBAL,PWRHYDKENXX01,S1D5,2031,0.4733
GLOBAL,PWRHYDKENXX01,S1D5,2032,0.4733
GLOBAL,PWRHYDKENXX01,S1D5,2033,0.4733
GLOBAL,PWRHYDKENXX01,S1D5,2034,0.4733
GLOBAL,PWRHYDKENXX01,S1D5,2035,0.4733
GLOBAL,PWRHYDKENXX01,S1D5,2036,0.4733
GLOBAL,PWRHYDKENXX01,S1D5,2037,0.4733
GLOBAL,PWRHYDKENXX01,S1D5,2038,0.4733
GLOBAL,PWRHYDKENXX01,S1D5,2039,0.4733
GLOBAL,PWRHYDKENXX01,S1D5,2040,0.4733
GLOBAL,PWRHYDKENXX01,S1D5,2041,0.4733
GLOBAL,PWRHYDKENXX01,S1D5,2042,0.4733
GLOBAL,PWRHYDKENXX01,S1D5,2043,0.4733
GLOBAL,PWRHYDKENXX01,S1D5,2044,0.4733
GLOBAL,PWRHYDKENXX01,S1D5,2045,0.4733
GLOBAL,PWRHYDKENXX01,S1D5,2046,0.4733
GLOBAL,PWRHYDKENXX01,S1D5,2047,0.4733
GLOBAL,PWRHYDKENXX01,S1D5,2048,0.4733
GLOBAL,PWRHYDKENXX01,S1D5,2049,0.4733
GLOBAL,PWRHYDKENXX01,S1D5,2050,0.4733
GLOBAL,PWRHYDTZAXX01,S1D5,2021,0.7139
GLOBAL,PWRHYDTZAXX01,S1D5,2022,0.7139
GLOBAL,PWRHYDTZAXX01,S1D5,2023,0.7139
GLOBAL,PWRHYDTZAXX01,S1D5,2024,0.7139
GLOBAL,PWRHYDTZAXX01,S1D5,2025,0.7139
GLOBAL,PWRHYDTZAXX01,S1D5,2026,0.7139
GLOBAL,PWRHYDTZAXX01,S1D5,2027,0.7139
GLOBAL,PWRHYDTZAXX01,S1D5,2028,0.7139
GLOBAL,PWRHYDTZAXX01,S1D5,2029,0.7139
GLOBAL,PWRHYDTZAXX01,S1D5,2030,0.7139
GLOBAL,PWRHYDTZAXX01,S1D5,2031,0.7139
GLOBAL,PWRHYDTZAXX01,S1D5,2032,0.7139
GLOBAL,PWRHYDTZAXX01,S1D5,2033,0.7139
GLOBAL,PWRHYDTZAXX01,S1D5,2034,0.7139
GLOBAL,PWRHYDTZAXX01,S1D5,2035,0.7139
GLOBAL,PWRHYDTZAXX01,S1D5,2036,0.7139
GLOBAL,PWRHYDTZAXX01,S1D5,2037,0.7139
GLOBAL,PWRHYDTZAXX01,S1D5,2038,0.7139
GLOBAL,PWRHYDTZAXX01,S1D5,2039,0.7139
GLOBAL,PWRHYDTZAXX01,S1D5,2040,0.7139
GLOBAL,PWRHYDTZAXX01,S1D5,2041,0.7139
GLOBAL,PWRHYDTZAXX01,S1D5,2042,0.7139
GLOBAL,PWRHYDTZAXX01,S1D5,2043,0.7139
GLOBAL,PWRHYDTZAXX01,S1D5,2044,0.7139
GLOBAL,PWRHYDTZAXX01,S1D5,2045,0.7139
GLOBAL,PWRHYDTZAXX01,S1D5,2046,0.7139
GLOBAL,PWRHYDTZAXX01,S1D5,2047,0.7139
GLOBAL,PWRHYDTZAXX01,S1D5,2048,0.7139
GLOBAL,PWRHYDTZAXX01,S1D5,2049,0.7139
GLOBAL,PWRHYDTZAXX01,S1D5,2050,0.7139
GLOBAL,PWRHYDKENXX01,S1D6,2021,0.4733
GLOBAL,PWRHYDKENXX01,S1D6,2022,0.4733
GLOBAL,PWRHYDKENXX01,S1D6,2023,0.4733
GLOBAL,PWRHYDKENXX01,S1D6,2024,0.4733
GLOBAL,PWRHYDKENXX01,S1D6,2025,0.4733
GLOBAL,PWRHYDKENXX01,S1D6,2026,0.4733
GLOBAL,PWRHYDKENXX01,S1D6,2027,0.4733
GLOBAL,PWRHYDKENXX01,S1D6,2028,0.4733
GLOBAL,PWRHYDKENXX01,S1D6,2029,0.4733
GLOBAL,PWRHYDKENXX01,S1D6,2030,0.4733
GLOBAL,PWRHYDKENXX01,S1D6,2031,0.4733
GLOBAL,PWRHYDKENXX01,S1D6,2032,0.4733
GLOBAL,PWRHYDKENXX01,S1D6,2033,0.4733
GLOBAL,PWRHYDKENXX01,S1D6,2034,0.4733
GLOBAL,PWRHYDKENXX01,S1D6,2035,0.4733
GLOBAL,PWRHYDKENXX01,S1D6,2036,0.4733
GLOBAL,PWRHYDKENXX01,S1D6,2037,0.4733
GLOBAL,PWRHYDKENXX01,S1D6,2038,0.4733
GLOBAL,PWRHYDKENXX01,S1D6,2039,0.4733
GLOBAL,PWRHYDKENXX01,S1D6,2040,0.4733
GLOBAL,PWRHYDKENXX01,S1D6,2041,0.4733
GLOBAL,PWRHYDKENXX01,S1D6,2042,0.4733
GLOBAL,PWRHYDKENXX01,S1D6,2043,0.4733
GLOBAL,PWRHYDKENXX01,S1D6,2044,0.4733
GLOBAL,PWRHYDKENXX01,S1D6,2045,0.4733
GLOBAL,PWRHYDKENXX01,S1D6,2046,0.4733
GLOBAL,PWRHYDKENXX01,S1D6,2047,0.4733
GLOBAL,PWRHYDKENXX01,S1D6,2048,0.4733
GLOBAL,PWRHYDKENXX01,S1D6,2049,0.4733
GLOBAL,PWRHYDKENXX01,S1D6,2050,0.4733
GLOBAL,PWRHYDTZAXX01,S1D6,2021,0.7139
GLOBAL,PWRHYDTZAXX01,S1D6,2022,0.7139
GLOBAL,PWRHYDTZAXX01,S1D6,2023,0.7139
GLOBAL,PWRHYDTZAXX01,S1D6,2024,0.7139
GLOBAL,PWRHYDTZAXX01,S1D6,2025,0.7139
GLOBAL,PWRHYDTZAXX01,S1D6,2026,0.7139
GLOBAL,PWRHYDTZAXX01,S1D6,2027,0.7139
GLOBAL,PWRHYDTZAXX01,S1D6,2028,0.7139
GLOBAL,PWRHYDTZAXX01,S1D6,2029,0.7139
GLOBAL,PWRHYDTZAXX01,S1D6,2030,0.7139
GLOBAL,PWRHYDTZAXX01,S1D6,2031,0.7139
GLOBAL,PWRHYDTZAXX01,S1D6,2032,0.7139
GLOBAL,PWRHYDTZAXX01,S1D6,2033,0.7139
GLOBAL,PWRHYDTZAXX01,S1D6,2034,0.7139
GLOBAL,PWRHYDTZAXX01,S1D6,2035,0.7139
GLOBAL,PWRHYDTZAXX01,S1D6,2036,0.7139
GLOBAL,PWRHYDTZAXX01,S1D6,2037,0.7139
GLOBAL,PWRHYDTZAXX01,S1D6,2038,0.7139
GLOBAL,PWRHYDTZAXX01,S1D6,2039,0.7139
GLOBAL,PWRHYDTZAXX01,S1D6,2040,0.7139
GLOBAL,PWRHYDTZAXX01,S1D6,2041,0.7139
GLOBAL,PWRHYDTZAXX01,S1D6,2042,0.7139
GLOBAL,PWRHYDTZAXX01,S1D6,2043,0.7139
GLOBAL,PWRHYDTZAXX01,S1D6,2044,0.7139
GLOBAL,PWRHYDTZAXX01,S1D6,2045,0.7139
GLOBAL,PWRHYDTZAXX01,S1D6,2046,0.7139
GLOBAL,PWRHYDTZAXX01,S1D6,2047,0.7139
GLOBAL,PWRHYDTZAXX01,S1D6,2048,0.7139
GLOBAL,PWRHYDTZAXX01,S1D6,2049,0.7139
GLOBAL,PWRHYDTZAXX01,S1D6,2050,0.7139
GLOBAL,PWRHYDKENXX01,S2D1,2021,0.4104
GLOBAL,PWRHYDKENXX01,S2D1,2022,0.4104
GLOBAL,PWRHYDKENXX01,S2D1,2023,0.4104
GLOBAL,PWRHYDKENXX01,S2D1,2024,0.4104
GLOBAL,PWRHYDKENXX01,S2D1,2025,0.4104
GLOBAL,PWRHYDKENXX01,S2D1,2026,0.4104
GLOBAL,PWRHYDKENXX01,S2D1,2027,0.4104
GLOBAL,PWRHYDKENXX01,S2D1,2028,0.4104
GLOBAL,PWRHYDKENXX01,S2D1,2029,0.4104
GLOBAL,PWRHYDKENXX01,S2D1,2030,0.4104
GLOBAL,PWRHYDKENXX01,S2D1,2031,0.4104
GLOBAL,PWRHYDKENXX01,S2D1,2032,0.4104
GLOBAL,PWRHYDKENXX01,S2D1,2033,0.4104
GLOBAL,PWRHYDKENXX01,S2D1,2034,0.4104
GLOBAL,PWRHYDKENXX01,S2D1,2035,0.4104
GLOBAL,PWRHYDKENXX01,S2D1,2036,0.4104
GLOBAL,PWRHYDKENXX01,S2D1,2037,0.4104
GLOBAL,PWRHYDKENXX01,S2D1,2038,0.4104
GLOBAL,PWRHYDKENXX01,S2D1,2039,0.4104
GLOBAL,PWRHYDKENXX01,S2D1,2040,0.4104
GLOBAL,PWRHYDKENXX01,S2D1,2041,0.4104
GLOBAL,PWRHYDKENXX01,S2D1,2042,0.4104
GLOBAL,PWRHYDKENXX01,S2D1,2043,0.4104
GLOBAL,PWRHYDKENXX01,S2D1,2044,0.4104
GLOBAL,PWRHYDKENXX01,S2D1,2045,0.4104
GLOBAL,PWRHYDKENXX01,S2D1,2046,0.4104
GLOBAL,PWRHYDKENXX01,S2D1,2047,0.4104
GLOBAL,PWRHYDKENXX01,S2D1,2048,0.4104
GLOBAL,PWRHYDKENXX01,S2D1,2049,0.4104
GLOBAL,PWRHYDKENXX01,S2D1,2050,0.4104
GLOBAL,PWRHYDTZAXX01,S2D1,2021,0.301
GLOBAL,PWRHYDTZAXX01,S2D1,2022,0.301
GLOBAL,PWRHYDTZAXX01,S2D1,2023,0.301
GLOBAL,PWRHYDTZAXX01,S2D1,2024,0.301
GLOBAL,PWRHYDTZAXX01,S2D1,2025,0.301
GLOBAL,PWRHYDTZAXX01,S2D1,2026,0.301
GLOBAL,PWRHYDTZAXX01,S2D1,2027,0.301
GLOBAL,PWRHYDTZAXX01,S2D1,2028,0.301
GLOBAL,PWRHYDTZAXX01,S2D1,2029,0.301
GLOBAL,PWRHYDTZAXX01,S2D1,2030,0.301
GLOBAL,PWRHYDTZAXX01,S2D1,2031,0.301
GLOBAL,PWRHYDTZAXX01,S2D1,2032,0.301
GLOBAL,PWRHYDTZAXX01,S2D1,2033,0.301
GLOBAL,PWRHYDTZAXX01,S2D1,2034,0.301
GLOBAL,PWRHYDTZAXX01,S2D1,2035,0.301
GLOBAL,PWRHYDTZAXX01,S2D1,2036,0.301
GLOBAL,PWRHYDTZAXX01,S2D1,2037,0.301
GLOBAL,PWRHYDTZAXX01,S2D1,2038,0.301
GLOBAL,PWRHYDTZAXX01,S2D1,2039,0.301
GLOBAL,PWRHYDTZAXX01,S2D1,2040,0.301
GLOBAL,PWRHYDTZAXX01,S2D1,2041,0.301
GLOBAL,PWRHYDTZAXX01,S2D1,2042,0.301
GLOBAL,PWRHYDTZAXX01,S2D1,2043,0.301
GLOBAL,PWRHYDTZAXX01,S2D1,2044,0.301
GLOBAL,PWRHYDTZAXX01,S2D1,2045,0.301
GLOBAL,PWRHYDTZAXX01,S2D1,2046,0.301
GLOBAL,PWRHYDTZAXX01,S2D1,2047,0.301
GLOBAL,PWRHYDTZAXX01,S2D1,2048,0.301
GLOBAL,PWRHYDTZAXX01,S2D1,2049,0.301
GLOBAL,PWRHYDTZAXX01,S2D1,2050,0.301
GLOBAL,PWRHYDKENXX01,S2D2,2021,0.4104
GLOBAL,PWRHYDKENXX01,S2D2,2022,0.4104
GLOBAL,PWRHYDKENXX01,S2D2,2023,0.4104
GLOBAL,PWRHYDKENXX01,S2D2,2024,0.4104
GLOBAL,PWRHYDKENXX01,S2D2,2025,0.4104
GLOBAL,PWRHYDKENXX01,S2D2,2026,0.4104
GLOBAL,PWRHYDKENXX01,S2D2,2027,0.4104
GLOBAL,PWRHYDKENXX01,S2D2,2028,0.4104
GLOBAL,PWRHYDKENXX01,S2D2,2029,0.4104
GLOBAL,PWRHYDKENXX01,S2D2,2030,0.4104
GLOBAL,PWRHYDKENXX01,S2D2,2031,0.4104
GLOBAL,PWRHYDKENXX01,S2D2,2032,0.4104
GLOBAL,PWRHYDKENXX01,S2D2,2033,0.4104
GLOBAL,PWRHYDKENXX01,S2D2,2034,0.4104
GLOBAL,PWRHYDKENXX01,S2D2,2035,0.4104
GLOBAL,PWRHYDKENXX01,S2D2,2036,0.4104
GLOBAL,PWRHYDKENXX01,S2D2,2037,0.4104
GLOBAL,PWRHYDKENXX01,S2D2,2038,0.4104
GLOBAL,PWRHYDKENXX01,S2D2,2039,0.4104
GLOBAL,PWRHYDKENXX01,S2D2,2040,0.4104
GLOBAL,PWRHYDKENXX01,S2D2,2041,0.4104
GLOBAL,PWRHYDKENXX01,S2D2,2042,0.4104
GLOBAL,PWRHYDKENXX01,S2D2,2043,0.4104
GLOBAL,PWRHYDKENXX01,S2D2,2044,0.4104
GLOBAL,PWRHYDKENXX01,S2D2,2045,0.4104
GLOBAL,PWRHYDKENXX01,S2D2,2046,0.4104
GLOBAL,PWRHYDKENXX01,S2D2,2047,0.4104
GLOBAL,PWRHYDKENXX01,S2D2,2048,0.4104
GLOBAL,PWRHYDKENXX01,S2D2,2049,0.4104
GLOBAL,PWRHYDKENXX01,S2D2,2050,0.4104
GLOBAL,PWRHYDTZAXX01,S2D2,2021,0.301
GLOBAL,PWRHYDTZAXX01,S2D2,2022,0.301
GLOBAL,PWRHYDTZAXX01,S2D2,2023,0.301
GLOBAL,PWRHYDTZAXX01,S2D2,2024,0.301
GLOBAL,PWRHYDTZAXX01,S2D2,2025,0.301
GLOBAL,PWRHYDTZAXX01,S2D2,2026,0.301
GLOBAL,PWRHYDTZAXX01,S2D2,2027,0.301
GLOBAL,PWRHYDTZAXX01,S2D2,2028,0.301
GLOBAL,PWRHYDTZAXX01,S2D2,2029,0.301
GLOBAL,PWRHYDTZAXX01,S2D2,2030,0.301
GLOBAL,PWRHYDTZAXX01,S2D2,2031,0.301
GLOBAL,PWRHYDTZAXX01,S2D2,2032,0.301
GLOBAL,PWRHYDTZAXX01,S2D2,2033,0.301
GLOBAL,PWRHYDTZAXX01,S2D2,2034,0.301
GLOBAL,PWRHYDTZAXX01,S2D2,2035,0.301
GLOBAL,PWRHYDTZAXX01,S2D2,2036,0.301
GLOBAL,PWRHYDTZAXX01,S2D2,2037,0.301
GLOBAL,PWRHYDTZAXX01,S2D2,2038,0.301
GLOBAL,PWRHYDTZAXX01,S2D2,2039,0.301
GLOBAL,PWRHYDTZAXX01,S2D2,2040,0.301
GLOBAL,PWRHYDTZAXX01,S2D2,2041,0.301
GLOBAL,PWRHYDTZAXX01,S2D2,2042,0.301
GLOBAL,PWRHYDTZAXX01,S2D2,2043,0.301
GLOBAL,PWRHYDTZAXX01,S2D2,2044,0.301
GLOBAL,PWRHYDTZAXX01,S2D2,2045,0.301
GLOBAL,PWRHYDTZAXX01,S2D2,2046,0.301
GLOBAL,PWRHYDTZAXX01,S2D2,2047,0.301
GLOBAL,PWRHYDTZAXX01,S2D2,2048,0.301
GLOBAL,PWRHYDTZAXX01,S2D2,2049,0.301
GLOBAL,PWRHYDTZAXX01,S2D2,2050,0.301
GLOBAL,PWRHYDKENXX01,S2D3,2021,0.4104
GLOBAL,PWRHYDKENXX01,S2D3,2022,0.4104
GLOBAL,PWRHYDKENXX01,S2D3,2023,0.4104
GLOBAL,PWRHYDKENXX01,S2D3,2024,0.4104
GLOBAL,PWRHYDKENXX01,S2D3,2025,0.4104
GLOBAL,PWRHYDKENXX01,S2D3,2026,0.4104
GLOBAL,PWRHYDKENXX01,S2D3,2027,0.4104
GLOBAL,PWRHYDKENXX01,S2D3,2028,0.4104
GLOBAL,PWRHYDKENXX01,S2D3,2029,0.4104
GLOBAL,PWRHYDKENXX01,S2D3,2030,0.4104
GLOBAL,PWRHYDKENXX01,S2D3,2031,0.4104
GLOBAL,PWRHYDKENXX01,S2D3,2032,0.4104
GLOBAL,PWRHYDKENXX01,S2D3,2033,0.4104
GLOBAL,PWRHYDKENXX01,S2D3,2034,0.4104
GLOBAL,PWRHYDKENXX01,S2D3,2035,0.4104
GLOBAL,PWRHYDKENXX01,S2D3,2036,0.4104
GLOBAL,PWRHYDKENXX01,S2D3,2037,0.4104
GLOBAL,PWRHYDKENXX01,S2D3,2038,0.4104
GLOBAL,PWRHYDKENXX01,S2D3,2039,0.4104
GLOBAL,PWRHYDKENXX01,S2D3,2040,0.4104
GLOBAL,PWRHYDKENXX01,S2D3,2041,0.4104
GLOBAL,PWRHYDKENXX01,S2D3,2042,0.4104
GLOBAL,PWRHYDKENXX01,S2D3,2043,0.4104
GLOBAL,PWRHYDKENXX01,S2D3,2044,0.4104
GLOBAL,PWRHYDKENXX01,S2D3,2045,0.4104
GLOBAL,PWRHYDKENXX01,S2D3,2046,0.4104
GLOBAL,PWRHYDKENXX01,S2D3,2047,0.4104
GLOBAL,PWRHYDKENXX01,S2D3,2048,0.4104
GLOBAL,PWRHYDKENXX01,S2D3,2049,0.4104
GLOBAL,PWRHYDKENXX01,S2D3,2050,0.4104
GLOBAL,PWRHYDTZAXX01,S2D3,2021,0.301
GLOBAL,PWRHYDTZAXX01,S2D3,2022,0.301
GLOBAL,PWRHYDTZAXX01,S2D3,2023,0.301
GLOBAL,PWRHYDTZAXX01,S2D3,2024,0.301
GLOBAL,PWRHYDTZAXX01,S2D3,2025,0.301
GLOBAL,PWRHYDTZAXX01,S2D3,2026,0.301
GLOBAL,PWRHYDTZAXX01,S2D3,2027,0.301
GLOBAL,PWRHYDTZAXX01,S2D3,2028,0.301
GLOBAL,PWRHYDTZAXX01,S2D3,2029,0.301
GLOBAL,PWRHYDTZAXX01,S2D3,2030,0.301
GLOBAL,PWRHYDTZAXX01,S2D3,2031,0.301
GLOBAL,PWRHYDTZAXX01,S2D3,2032,0.301
GLOBAL,PWRHYDTZAXX01,S2D3,2033,0.301
GLOBAL,PWRHYDTZAXX01,S2D3,2034,0.301
GLOBAL,PWRHYDTZAXX01,S2D3,2035,0.301
GLOBAL,PWRHYDTZAXX01,S2D3,2036,0.301
GLOBAL,PWRHYDTZAXX01,S2D3,2037,0.301
GLOBAL,PWRHYDTZAXX01,S2D3,2038,0.301
GLOBAL,PWRHYDTZAXX01,S2D3,2039,0.301
GLOBAL,PWRHYDTZAXX01,S2D3,2040,0.301
GLOBAL,PWRHYDTZAXX01,S2D3,2041,0.301
GLOBAL,PWRHYDTZAXX01,S2D3,2042,0.301
GLOBAL,PWRHYDTZAXX01,S2D3,2043,0.301
GLOBAL,PWRHYDTZAXX01,S2D3,2044,0.301
GLOBAL,PWRHYDTZAXX01,S2D3,2045,0.301
GLOBAL,PWRHYDTZAXX01,S2D3,2046,0.301
GLOBAL,PWRHYDTZAXX01,S2D3,2047,0.301
GLOBAL,PWRHYDTZAXX01,S2D3,2048,0.301
GLOBAL,PWRHYDTZAXX01,S2D3,2049,0.301
GLOBAL,PWRHYDTZAXX01,S2D3,2050,0.301
GLOBAL,PWRHYDKENXX01,S2D4,2021,0.4104
GLOBAL,PWRHYDKENXX01,S2D4,2022,0.4104
GLOBAL,PWRHYDKENXX01,S2D4,2023,0.4104
GLOBAL,PWRHYDKENXX01,S2D4,2024,0.4104
GLOBAL,PWRHYDKENXX01,S2D4,2025,0.4104
GLOBAL,PWRHYDKENXX01,S2D4,2026,0.4104
GLOBAL,PWRHYDKENXX01,S2D4,2027,0.4104
GLOBAL,PWRHYDKENXX01,S2D4,2028,0.4104
GLOBAL,PWRHYDKENXX01,S2D4,2029,0.4104
GLOBAL,PWRHYDKENXX01,S2D4,2030,0.4104
GLOBAL,PWRHYDKENXX01,S2D4,2031,0.4104
GLOBAL,PWRHYDKENXX01,S2D4,2032,0.4104
GLOBAL,PWRHYDKENXX01,S2D4,2033,0.4104
GLOBAL,PWRHYDKENXX01,S2D4,2034,0.4104
GLOBAL,PWRHYDKENXX01,S2D4,2035,0.4104
GLOBAL,PWRHYDKENXX01,S2D4,2036,0.4104
GLOBAL,PWRHYDKENXX01,S2D4,2037,0.4104
GLOBAL,PWRHYDKENXX01,S2D4,2038,0.4104
GLOBAL,PWRHYDKENXX01,S2D4,2039,0.4104
GLOBAL,PWRHYDKENXX01,S2D4,2040,0.4104
GLOBAL,PWRHYDKENXX01,S2D4,2041,0.4104
GLOBAL,PWRHYDKENXX01,S2D4,2042,0.4104
GLOBAL,PWRHYDKENXX01,S2D4,2043,0.4104
GLOBAL,PWRHYDKENXX01,S2D4,2044,0.4104
GLOBAL,PWRHYDKENXX01,S2D4,2045,0.4104
GLOBAL,PWRHYDKENXX01,S2D4,2046,0.4104
GLOBAL,PWRHYDKENXX01,S2D4,2047,0.4104
GLOBAL,PWRHYDKENXX01,S2D4,2048,0.4104
GLOBAL,PWRHYDKENXX01,S2D4,2049,0.4104
GLOBAL,PWRHYDKENXX01,S2D4,2050,0.4104
GLOBAL,PWRHYDTZAXX01,S2D4,2021,0.301
GLOBAL,PWRHYDTZAXX01,S2D4,2022,0.301
GLOBAL,PWRHYDTZAXX01,S2D4,2023,0.301
GLOBAL,PWRHYDTZAXX01,S2D4,2024,0.301
GLOBAL,PWRHYDTZAXX01,S2D4,2025,0.301
GLOBAL,PWRHYDTZAXX01,S2D4,2026,0.301
GLOBAL,PWRHYDTZAXX01,S2D4,2027,0.301
GLOBAL,PWRHYDTZAXX01,S2D4,2028,0.301
GLOBAL,PWRHYDTZAXX01,S2D4,2029,0.301
GLOBAL,PWRHYDTZAXX01,S2D4,2030,0.301
GLOBAL,PWRHYDTZAXX01,S2D4,2031,0.301
GLOBAL,PWRHYDTZAXX01,S2D4,2032,0.301
GLOBAL,PWRHYDTZAXX01,S2D4,2033,0.301
GLOBAL,PWRHYDTZAXX01,S2D4,2034,0.301
GLOBAL,PWRHYDTZAXX01,S2D4,2035,0.301
GLOBAL,PWRHYDTZAXX01,S2D4,2036,0.301
GLOBAL,PWRHYDTZAXX01,S2D4,2037,0.301
GLOBAL,PWRHYDTZAXX01,S2D4,2038,0.301
GLOBAL,PWRHYDTZAXX01,S2D4,2039,0.301
GLOBAL,PWRHYDTZAXX01,S2D4,2040,0.301
GLOBAL,PWRHYDTZAXX01,S2D4,2041,0.301
GLOBAL,PWRHYDTZAXX01,S2D4,2042,0.301
GLOBAL,PWRHYDTZAXX01,S2D4,2043,0.301
GLOBAL,PWRHYDTZAXX01,S2D4,2044,0.301
GLOBAL,PWRHYDTZAXX01,S2D4,2045,0.301
GLOBAL,PWRHYDTZAXX01,S2D4,2046,0.301
GLOBAL,PWRHYDTZAXX01,S2D4,2047,0.301
GLOBAL,PWRHYDTZAXX01,S2D4,2048,0.301
GLOBAL,PWRHYDTZAXX01,S2D4,2049,0.301
GLOBAL,PWRHYDTZAXX01,S2D4,2050,0.301
GLOBAL,PWRHYDKENXX01,S2D5,2021,0.4104
GLOBAL,PWRHYDKENXX01,S2D5,2022,0.4104
GLOBAL,PWRHYDKENXX01,S2D5,2023,0.4104
GLOBAL,PWRHYDKENXX01,S2D5,2024,0.4104
GLOBAL,PWRHYDKENXX01,S2D5,2025,0.4104
GLOBAL,PWRHYDKENXX01,S2D5,2026,0.4104
GLOBAL,PWRHYDKENXX01,S2D5,2027,0.4104
GLOBAL,PWRHYDKENXX01,S2D5,2028,0.4104
GLOBAL,PWRHYDKENXX01,S2D5,2029,0.4104
GLOBAL,PWRHYDKENXX01,S2D5,2030,0.4104
GLOBAL,PWRHYDKENXX01,S2D5,2031,0.4104
GLOBAL,PWRHYDKENXX01,S2D5,2032,0.4104
GLOBAL,PWRHYDKENXX01,S2D5,2033,0.4104
GLOBAL,PWRHYDKENXX01,S2D5,2034,0.4104
GLOBAL,PWRHYDKENXX01,S2D5,2035,0.4104
GLOBAL,PWRHYDKENXX01,S2D5,2036,0.4104
GLOBAL,PWRHYDKENXX01,S2D5,2037,0.4104
GLOBAL,PWRHYDKENXX01,S2D5,2038,0.4104
GLOBAL,PWRHYDKENXX01,S2D5,2039,0.4104
GLOBAL,PWRHYDKENXX01,S2D5,2040,0.4104
GLOBAL,PWRHYDKENXX01,S2D5,2041,0.4104
GLOBAL,PWRHYDKENXX01,S2D5,2042,0.4104
GLOBAL,PWRHYDKENXX01,S2D5,2043,0.4104
GLOBAL,PWRHYDKENXX01,S2D5,2044,0.4104
GLOBAL,PWRHYDKENXX01,S2D5,2045,0.4104
GLOBAL,PWRHYDKENXX01,S2D5,2046,0.4104
GLOBAL,PWRHYDKENXX01,S2D5,2047,0.4104
GLOBAL,PWRHYDKENXX01,S2D5,2048,0.4104
GLOBAL,PWRHYDKENXX01,S2D5,2049,0.4104
GLOBAL,PWRHYDKENXX01,S2D5,2050,0.4104
GLOBAL,PWRHYDTZAXX01,S2D5,2021,0.301
GLOBAL,PWRHYDTZAXX01,S2D5,2022,0.301
GLOBAL,PWRHYDTZAXX01,S2D5,2023,0.301
GLOBAL,PWRHYDTZAXX01,S2D5,2024,0.301
GLOBAL,PWRHYDTZAXX01,S2D5,2025,0.301
GLOBAL,PWRHYDTZAXX01,S2D5,2026,0.301
GLOBAL,PWRHYDTZAXX01,S2D5,2027,0.301
GLOBAL,PWRHYDTZAXX01,S2D5,2028,0.301
GLOBAL,PWRHYDTZAXX01,S2D5,2029,0.301
GLOBAL,PWRHYDTZAXX01,S2D5,2030,0.301
GLOBAL,PWRHYDTZAXX01,S2D5,2031,0.301
GLOBAL,PWRHYDTZAXX01,S2D5,2032,0.301
GLOBAL,PWRHYDTZAXX01,S2D5,2033,0.301
GLOBAL,PWRHYDTZAXX01,S2D5,2034,0.301
GLOBAL,PWRHYDTZAXX01,S2D5,2035,0.301
GLOBAL,PWRHYDTZAXX01,S2D5,2036,0.301
GLOBAL,PWRHYDTZAXX01,S2D5,2037,0.301
GLOBAL,PWRHYDTZAXX01,S2D5,2038,0.301
GLOBAL,PWRHYDTZAXX01,S2D5,2039,0.301
GLOBAL,PWRHYDTZAXX01,S2D5,2040,0.301
GLOBAL,PWRHYDTZAXX01,S2D5,2041,0.301
GLOBAL,PWRHYDTZAXX01,S2D5,2042,0.301
GLOBAL,PWRHYDTZAXX01,S2D5,2043,0.301
GLOBAL,PWRHYDTZAXX01,S2D5,2044,0.301
GLOBAL,PWRHYDTZAXX01,S2D5,2045,0.301
GLOBAL,PWRHYDTZAXX01,S2D5,2046,0.301
GLOBAL,PWRHYDTZAXX01,S2D5,2047,0.301
GLOBAL,PWRHYDTZAXX01,S2D5,2048,0.301
GLOBAL,PWRHYDTZAXX01,S2D5,2049,0.301
GLOBAL,PWRHYDTZAXX01,S2D5,2050,0.301
GLOBAL,PWRHYDKENXX01,S2D6,2021,0.4104
GLOBAL,PWRHYDKENXX01,S2D6,2022,0.4104
GLOBAL,PWRHYDKENXX01,S2D6,2023,0.4104
GLOBAL,PWRHYDKENXX01,S2D6,2024,0.4104
GLOBAL,PWRHYDKENXX01,S2D6,2025,0.4104
GLOBAL,PWRHYDKENXX01,S2D6,2026,0.4104
GLOBAL,PWRHYDKENXX01,S2D6,2027,0.4104
GLOBAL,PWRHYDKENXX01,S2D6,2028,0.4104
GLOBAL,PWRHYDKENXX01,S2D6,2029,0.4104
GLOBAL,PWRHYDKENXX01,S2D6,2030,0.4104
GLOBAL,PWRHYDKENXX01,S2D6,2031,0.4104
GLOBAL,PWRHYDKENXX01,S2D6,2032,0.4104
GLOBAL,PWRHYDKENXX01,S2D6,2033,0.4104
GLOBAL,PWRHYDKENXX01,S2D6,2034,0.4104
GLOBAL,PWRHYDKENXX01,S2D6,2035,0.4104
GLOBAL,PWRHYDKENXX01,S2D6,2036,0.4104
GLOBAL,PWRHYDKENXX01,S2D6,2037,0.4104
GLOBAL,PWRHYDKENXX01,S2D6,2038,0.4104
GLOBAL,PWRHYDKENXX01,S2D6,2039,0.4104
GLOBAL,PWRHYDKENXX01,S2D6,2040,0.4104
GLOBAL,PWRHYDKENXX01,S2D6,2041,0.4104
GLOBAL,PWRHYDKENXX01,S2D6,2042,0.4104
GLOBAL,PWRHYDKENXX01,S2D6,2043,0.4104
GLOBAL,PWRHYDKENXX01,S2D6,2044,0.4104
GLOBAL,PWRHYDKENXX01,S2D6,2045,0.4104
GLOBAL,PWRHYDKENXX01,S2D6,2046,0.4104
GLOBAL,PWRHYDKENXX01,S2D6,2047,0.4104
GLOBAL,PWRHYDKENXX01,S2D6,2048,0.4104
GLOBAL,PWRHYDKENXX01,S2D6,2049,0.4104
GLOBAL,PWRHYDKENXX01,S2D6,2050,0.4104
GLOBAL,PWRHYDTZAXX01,S2D6,2021,0.301
GLOBAL,PWRHYDTZAXX01,S2D6,2022,0.301
GLOBAL,PWRHYDTZAXX01,S2D6,2023,0.301
GLOBAL,PWRHYDTZAXX01,S2D6,2024,0.301
GLOBAL,PWRHYDTZAXX01,S2D6,2025,0.301
GLOBAL,PWRHYDTZAXX01,S2D6,2026,0.301
GLOBAL,PWRHYDTZAXX01,S2D6,2027,0.301
GLOBAL,PWRHYDTZAXX01,S2D6,2028,0.301
GLOBAL,PWRHYDTZAXX01,S2D6,2029,0.301
GLOBAL,PWRHYDTZAXX01,S2D6,2030,0.301
GLOBAL,PWRHYDTZAXX01,S2D6,2031,0.301
GLOBAL,PWRHYDTZAXX01,S2D6,2032,0.301
GLOBAL,PWRHYDTZAXX01,S2D6,2033,0.301
GLOBAL,PWRHYDTZAXX01,S2D6,2034,0.301
GLOBAL,PWRHYDTZAXX01,S2D6,2035,0.301
GLOBAL,PWRHYDTZAXX01,S2D6,2036,0.301
GLOBAL,PWRHYDTZAXX01,S2D6,2037,0.301
GLOBAL,PWRHYDTZAXX01,S2D6,2038,0.301
GLOBAL,PWRHYDTZAXX01,S2D6,2039,0.301
GLOBAL,PWRHYDTZAXX01,S2D6,2040,0.301
GLOBAL,PWRHYDTZAXX01,S2D6,2041,0.301
GLOBAL,PWRHYDTZAXX01,S2D6,2042,0.301
GLOBAL,PWRHYDTZAXX01,S2D6,2043,0.301
GLOBAL,PWRHYDTZAXX01,S2D6,2044,0.301
GLOBAL,PWRHYDTZAXX01,S2D6,2045,0.301
GLOBAL,PWRHYDTZAXX01,S2D6,2046,0.301
GLOBAL,PWRHYDTZAXX01,S2D6,2047,0.301
GLOBAL,PWRHYDTZAXX01,S2D6,2048,0.301
GLOBAL,PWRHYDTZAXX01,S2D6,2049,0.301
GLOBAL,PWRHYDTZAXX01,S2D6,2050,0.301
GLOBAL,PWRHYDKENXX01,S3D1,2021,0.5581
GLOBAL,PWRHYDKENXX01,S3D1,2022,0.5581
GLOBAL,PWRHYDKENXX01,S3D1,2023,0.5581
GLOBAL,PWRHYDKENXX01,S3D1,2024,0.5581
GLOBAL,PWRHYDKENXX01,S3D1,2025,0.5581
GLOBAL,PWRHYDKENXX01,S3D1,2026,0.5581
GLOBAL,PWRHYDKENXX01,S3D1,2027,0.5581
GLOBAL,PWRHYDKENXX01,S3D1,2028,0.5581
GLOBAL,PWRHYDKENXX01,S3D1,2029,0.5581
GLOBAL,PWRHYDKENXX01,S3D1,2030,0.5581
GLOBAL,PWRHYDKENXX01,S3D1,2031,0.5581
GLOBAL,PWRHYDKENXX01,S3D1,2032,0.5581
GLOBAL,PWRHYDKENXX01,S3D1,2033,0.5581
GLOBAL,PWRHYDKENXX01,S3D1,2034,0.5581
GLOBAL,PWRHYDKENXX01,S3D1,2035,0.5581
GLOBAL,PWRHYDKENXX01,S3D1,2036,0.5581
GLOBAL,PWRHYDKENXX01,S3D1,2037,0.5581
GLOBAL,PWRHYDKENXX01,S3D1,2038,0.5581
GLOBAL,PWRHYDKENXX01,S3D1,2039,0.5581
GLOBAL,PWRHYDKENXX01,S3D1,2040,0.5581
GLOBAL,PWRHYDKENXX01,S3D1,2041,0.5581
GLOBAL,PWRHYDKENXX01,S3D1,2042,0.5581
GLOBAL,PWRHYDKENXX01,S3D1,2043,0.5581
GLOBAL,PWRHYDKENXX01,S3D1,2044,0.5581
GLOBAL,PWRHYDKENXX01,S3D1,2045,0.5581
GLOBAL,PWRHYDKENXX01,S3D1,2046,0.5581
GLOBAL,PWRHYDKENXX01,S3D1,2047,0.5581
GLOBAL,PWRHYDKENXX01,S3D1,2048,0.5581
GLOBAL,PWRHYDKENXX01,S3D1,2049,0.5581
GLOBAL,PWRHYDKENXX01,S3D1,2050,0.5581
GLOBAL,PWRHYDTZAXX01,S3D1,2021,0.3968
GLOBAL,PWRHYDTZAXX01,S3D1,2022,0.3968
GLOBAL,PWRHYDTZAXX01,S3D1,2023,0.3968
GLOBAL,PWRHYDTZAXX01,S3D1,2024,0.3968
GLOBAL,PWRHYDTZAXX01,S3D1,2025,0.3968
GLOBAL,PWRHYDTZAXX01,S3D1,2026,0.3968
GLOBAL,PWRHYDTZAXX01,S3D1,2027,0.3968
GLOBAL,PWRHYDTZAXX01,S3D1,2028,0.3968
GLOBAL,PWRHYDTZAXX01,S3D1,2029,0.3968
GLOBAL,PWRHYDTZAXX01,S3D1,2030,0.3968
GLOBAL,PWRHYDTZAXX01,S3D1,2031,0.3968
GLOBAL,PWRHYDTZAXX01,S3D1,2032,0.3968
GLOBAL,PWRHYDTZAXX01,S3D1,2033,0.3968
GLOBAL,PWRHYDTZAXX01,S3D1,2034,0.3968
GLOBAL,PWRHYDTZAXX01,S3D1,2035,0.3968
GLOBAL,PWRHYDTZAXX01,S3D1,2036,0.3968
GLOBAL,PWRHYDTZAXX01,S3D1,2037,0.3968
GLOBAL,PWRHYDTZAXX01,S3D1,2038,0.3968
GLOBAL,PWRHYDTZAXX01,S3D1,2039,0.3968
GLOBAL,PWRHYDTZAXX01,S3D1,2040,0.3968
GLOBAL,PWRHYDTZAXX01,S3D1,2041,0.3968
GLOBAL,PWRHYDTZAXX01,S3D1,2042,0.3968
GLOBAL,PWRHYDTZAXX01,S3D1,2043,0.3968
GLOBAL,PWRHYDTZAXX01,S3D1,2044,0.3968
GLOBAL,PWRHYDTZAXX01,S3D1,2045,0.3968
GLOBAL,PWRHYDTZAXX01,S3D1,2046,0.3968
GLOBAL,PWRHYDTZAXX01,S3D1,2047,0.3968
GLOBAL,PWRHYDTZAXX01,S3D1,2048,0.3968
GLOBAL,PWRHYDTZAXX01,S3D1,2049,0.3968
GLOBAL,PWRHYDTZAXX01,S3D1,2050,0.3968
GLOBAL,PWRHYDKENXX01,S3D2,2021,0.5581
GLOBAL,PWRHYDKENXX01,S3D2,2022,0.5581
GLOBAL,PWRHYDKENXX01,S3D2,2023,0.5581
GLOBAL,PWRHYDKENXX01,S3D2,2024,0.5581
GLOBAL,PWRHYDKENXX01,S3D2,2025,0.5581
GLOBAL,PWRHYDKENXX01,S3D2,2026,0.5581
GLOBAL,PWRHYDKENXX01,S3D2,2027,0.5581
GLOBAL,PWRHYDKENXX01,S3D2,2028,0.5581
GLOBAL,PWRHYDKENXX01,S3D2,2029,0.5581
GLOBAL,PWRHYDKENXX01,S3D2,2030,0.5581
GLOBAL,PWRHYDKENXX01,S3D2,2031,0.5581
GLOBAL,PWRHYDKENXX01,S3D2,2032,0.5581
GLOBAL,PWRHYDKENXX01,S3D2,2033,0.5581
GLOBAL,PWRHYDKENXX01,S3D2,2034,0.5581
GLOBAL,PWRHYDKENXX01,S3D2,2035,0.5581
GLOBAL,PWRHYDKENXX01,S3D2,2036,0.5581
GLOBAL,PWRHYDKENXX01,S3D2,2037,0.5581
GLOBAL,PWRHYDKENXX01,S3D2,2038,0.5581
GLOBAL,PWRHYDKENXX01,S3D2,2039,0.5581
GLOBAL,PWRHYDKENXX01,S3D2,2040,0.5581
GLOBAL,PWRHYDKENXX01,S3D2,2041,0.5581
GLOBAL,PWRHYDKENXX01,S3D2,2042,0.5581
GLOBAL,PWRHYDKENXX01,S3D2,2043,0.5581
GLOBAL,PWRHYDKENXX01,S3D2,2044,0.5581
GLOBAL,PWRHYDKENXX01,S3D2,2045,0.5581
GLOBAL,PWRHYDKENXX01,S3D2,2046,0.5581
GLOBAL,PWRHYDKENXX01,S3D2,2047,0.5581
GLOBAL,PWRHYDKENXX01,S3D2,2048,0.5581
GLOBAL,PWRHYDKENXX01,S3D2,2049,0.5581
GLOBAL,PWRHYDKENXX01,S3D2,2050,0.5581
GLOBAL,PWRHYDTZAXX01,S3D2,2021,0.3968
GLOBAL,PWRHYDTZAXX01,S3D2,2022,0.3968
GLOBAL,PWRHYDTZAXX01,S3D2,2023,0.3968
GLOBAL,PWRHYDTZAXX01,S3D2,2024,0.3968
GLOBAL,PWRHYDTZAXX01,S3D2,2025,0.3968
GLOBAL,PWRHYDTZAXX01,S3D2,2026,0.3968
GLOBAL,PWRHYDTZAXX01,S3D2,2027,0.3968
GLOBAL,PWRHYDTZAXX01,S3D2,2028,0.3968
GLOBAL,PWRHYDTZAXX01,S3D2,2029,0.3968
GLOBAL,PWRHYDTZAXX01,S3D2,2030,0.3968
GLOBAL,PWRHYDTZAXX01,S3D2,2031,0.3968
GLOBAL,PWRHYDTZAXX01,S3D2,2032,0.3968
GLOBAL,PWRHYDTZAXX01,S3D2,2033,0.3968
GLOBAL,PWRHYDTZAXX01,S3D2,2034,0.3968
GLOBAL,PWRHYDTZAXX01,S3D2,2035,0.3968
GLOBAL,PWRHYDTZAXX01,S3D2,2036,0.3968
GLOBAL,PWRHYDTZAXX01,S3D2,2037,0.3968
GLOBAL,PWRHYDTZAXX01,S3D2,2038,0.3968
GLOBAL,PWRHYDTZAXX01,S3D2,2039,0.3968
GLOBAL,PWRHYDTZAXX01,S3D2,2040,0.3968
GLOBAL,PWRHYDTZAXX01,S3D2,2041,0.3968
GLOBAL,PWRHYDTZAXX01,S3D2,2042,0.3968
GLOBAL,PWRHYDTZAXX01,S3D2,2043,0.3968
GLOBAL,PWRHYDTZAXX01,S3D2,2044,0.3968
GLOBAL,PWRHYDTZAXX01,S3D2,2045,0.3968
GLOBAL,PWRHYDTZAXX01,S3D2,2046,0.3968
GLOBAL,PWRHYDTZAXX01,S3D2,2047,0.3968
GLOBAL,PWRHYDTZAXX01,S3D2,2048,0.3968
GLOBAL,PWRHYDTZAXX01,S3D2,2049,0.3968
GLOBAL,PWRHYDTZAXX01,S3D2,2050,0.3968
GLOBAL,PWRHYDKENXX01,S3D3,2021,0.5581
GLOBAL,PWRHYDKENXX01,S3D3,2022,0.5581
GLOBAL,PWRHYDKENXX01,S3D3,2023,0.5581
GLOBAL,PWRHYDKENXX01,S3D3,2024,0.5581
GLOBAL,PWRHYDKENXX01,S3D3,2025,0.5581
GLOBAL,PWRHYDKENXX01,S3D3,2026,0.5581
GLOBAL,PWRHYDKENXX01,S3D3,2027,0.5581
GLOBAL,PWRHYDKENXX01,S3D3,2028,0.5581
GLOBAL,PWRHYDKENXX01,S3D3,2029,0.5581
GLOBAL,PWRHYDKENXX01,S3D3,2030,0.5581
GLOBAL,PWRHYDKENXX01,S3D3,2031,0.5581
GLOBAL,PWRHYDKENXX01,S3D3,2032,0.5581
GLOBAL,PWRHYDKENXX01,S3D3,2033,0.5581
GLOBAL,PWRHYDKENXX01,S3D3,2034,0.5581
GLOBAL,PWRHYDKENXX01,S3D3,2035,0.5581
GLOBAL,PWRHYDKENXX01,S3D3,2036,0.5581
GLOBAL,PWRHYDKENXX01,S3D3,2037,0.5581
GLOBAL,PWRHYDKENXX01,S3D3,2038,0.5581
GLOBAL,PWRHYDKENXX01,S3D3,2039,0.5581
GLOBAL,PWRHYDKENXX01,S3D3,2040,0.5581
GLOBAL,PWRHYDKENXX01,S3D3,2041,0.5581
GLOBAL,PWRHYDKENXX01,S3D3,2042,0.5581
GLOBAL,PWRHYDKENXX01,S3D3,2043,0.5581
GLOBAL,PWRHYDKENXX01,S3D3,2044,0.5581
GLOBAL,PWRHYDKENXX01,S3D3,2045,0.5581
GLOBAL,PWRHYDKENXX01,S3D3,2046,0.5581
GLOBAL,PWRHYDKENXX01,S3D3,2047,0.5581
GLOBAL,PWRHYDKENXX01,S3D3,2048,0.5581
GLOBAL,PWRHYDKENXX01,S3D3,2049,0.5581
GLOBAL,PWRHYDKENXX01,S3D3,2050,0.5581
GLOBAL,PWRHYDTZAXX01,S3D3,2021,0.3968
GLOBAL,PWRHYDTZAXX01,S3D3,2022,0.3968
GLOBAL,PWRHYDTZAXX01,S3D3,2023,0.3968
GLOBAL,PWRHYDTZAXX01,S3D3,2024,0.3968
GLOBAL,PWRHYDTZAXX01,S3D3,2025,0.3968
GLOBAL,PWRHYDTZAXX01,S3D3,2026,0.3968
GLOBAL,PWRHYDTZAXX01,S3D3,2027,0.3968
GLOBAL,PWRHYDTZAXX01,S3D3,2028,0.3968
GLOBAL,PWRHYDTZAXX01,S3D3,2029,0.3968
GLOBAL,PWRHYDTZAXX01,S3D3,2030,0.3968
GLOBAL,PWRHYDTZAXX01,S3D3,2031,0.3968
GLOBAL,PWRHYDTZAXX01,S3D3,2032,0.3968
GLOBAL,PWRHYDTZAXX01,S3D3,2033,0.3968
GLOBAL,PWRHYDTZAXX01,S3D3,2034,0.3968
GLOBAL,PWRHYDTZAXX01,S3D3,2035,0.3968
GLOBAL,PWRHYDTZAXX01,S3D3,2036,0.3968
GLOBAL,PWRHYDTZAXX01,S3D3,2037,0.3968
GLOBAL,PWRHYDTZAXX01,S3D3,2038,0.3968
GLOBAL,PWRHYDTZAXX01,S3D3,2039,0.3968
GLOBAL,PWRHYDTZAXX01,S3D3,2040,0.3968
GLOBAL,PWRHYDTZAXX01,S3D3,2041,0.3968
GLOBAL,PWRHYDTZAXX01,S3D3,2042,0.3968
GLOBAL,PWRHYDTZAXX01,S3D3,2043,0.3968
GLOBAL,PWRHYDTZAXX01,S3D3,2044,0.3968
GLOBAL,PWRHYDTZAXX01,S3D3,2045,0.3968
GLOBAL,PWRHYDTZAXX01,S3D3,2046,0.3968
GLOBAL,PWRHYDTZAXX01,S3D3,2047,0.3968
GLOBAL,PWRHYDTZAXX01,S3D3,2048,0.3968
GLOBAL,PWRHYDTZAXX01,S3D3,2049,0.3968
GLOBAL,PWRHYDTZAXX01,S3D3,2050,0.3968
GLOBAL,PWRHYDKENXX01,S3D4,2021,0.5581
GLOBAL,PWRHYDKENXX01,S3D4,2022,0.5581
GLOBAL,PWRHYDKENXX01,S3D4,2023,0.5581
GLOBAL,PWRHYDKENXX01,S3D4,2024,0.5581
GLOBAL,PWRHYDKENXX01,S3D4,2025,0.5581
GLOBAL,PWRHYDKENXX01,S3D4,2026,0.5581
GLOBAL,PWRHYDKENXX01,S3D4,2027,0.5581
GLOBAL,PWRHYDKENXX01,S3D4,2028,0.5581
GLOBAL,PWRHYDKENXX01,S3D4,2029,0.5581
GLOBAL,PWRHYDKENXX01,S3D4,2030,0.5581
GLOBAL,PWRHYDKENXX01,S3D4,2031,0.5581
GLOBAL,PWRHYDKENXX01,S3D4,2032,0.5581
GLOBAL,PWRHYDKENXX01,S3D4,2033,0.5581
GLOBAL,PWRHYDKENXX01,S3D4,2034,0.5581
GLOBAL,PWRHYDKENXX01,S3D4,2035,0.5581
GLOBAL,PWRHYDKENXX01,S3D4,2036,0.5581
GLOBAL,PWRHYDKENXX01,S3D4,2037,0.5581
GLOBAL,PWRHYDKENXX01,S3D4,2038,0.5581
GLOBAL,PWRHYDKENXX01,S3D4,2039,0.5581
GLOBAL,PWRHYDKENXX01,S3D4,2040,0.5581
GLOBAL,PWRHYDKENXX01,S3D4,2041,0.5581
GLOBAL,PWRHYDKENXX01,S3D4,2042,0.5581
GLOBAL,PWRHYDKENXX01,S3D4,2043,0.5581
GLOBAL,PWRHYDKENXX01,S3D4,2044,0.5581
GLOBAL,PWRHYDKENXX01,S3D4,2045,0.5581
GLOBAL,PWRHYDKENXX01,S3D4,2046,0.5581
GLOBAL,PWRHYDKENXX01,S3D4,2047,0.5581
GLOBAL,PWRHYDKENXX01,S3D4,2048,0.5581
GLOBAL,PWRHYDKENXX01,S3D4,2049,0.5581
GLOBAL,PWRHYDKENXX01,S3D4,2050,0.5581
GLOBAL,PWRHYDTZAXX01,S3D4,2021,0.3968
GLOBAL,PWRHYDTZAXX01,S3D4,2022,0.3968
GLOBAL,PWRHYDTZAXX01,S3D4,2023,0.3968
GLOBAL,PWRHYDTZAXX01,S3D4,2024,0.3968
GLOBAL,PWRHYDTZAXX01,S3D4,2025,0.3968
GLOBAL,PWRHYDTZAXX01,S3D4,2026,0.3968
GLOBAL,PWRHYDTZAXX01,S3D4,2027,0.3968
GLOBAL,PWRHYDTZAXX01,S3D4,2028,0.3968
GLOBAL,PWRHYDTZAXX01,S3D4,2029,0.3968
GLOBAL,PWRHYDTZAXX01,S3D4,2030,0.3968
GLOBAL,PWRHYDTZAXX01,S3D4,2031,0.3968
GLOBAL,PWRHYDTZAXX01,S3D4,2032,0.3968
GLOBAL,PWRHYDTZAXX01,S3D4,2033,0.3968
GLOBAL,PWRHYDTZAXX01,S3D4,2034,0.3968
GLOBAL,PWRHYDTZAXX01,S3D4,2035,0.3968
GLOBAL,PWRHYDTZAXX01,S3D4,2036,0.3968
GLOBAL,PWRHYDTZAXX01,S3D4,2037,0.3968
GLOBAL,PWRHYDTZAXX01,S3D4,2038,0.3968
GLOBAL,PWRHYDTZAXX01,S3D4,2039,0.3968
GLOBAL,PWRHYDTZAXX01,S3D4,2040,0.3968
GLOBAL,PWRHYDTZAXX01,S3D4,2041,0.3968
GLOBAL,PWRHYDTZAXX01,S3D4,2042,0.3968
GLOBAL,PWRHYDTZAXX01,S3D4,2043,0.3968
GLOBAL,PWRHYDTZAXX01,S3D4,2044,0.3968
GLOBAL,PWRHYDTZAXX01,S3D4,2045,0.3968
GLOBAL,PWRHYDTZAXX01,S3D4,2046,0.3968
GLOBAL,PWRHYDTZAXX01,S3D4,2047,0.3968
GLOBAL,PWRHYDTZAXX01,S3D4,2048,0.3968
GLOBAL,PWRHYDTZAXX01,S3D4,2049,0.3968
GLOBAL,PWRHYDTZAXX01,S3D4,2050,0.3968
GLOBAL,PWRHYDKENXX01,S3D5,2021,0.5581
GLOBAL,PWRHYDKENXX01,S3D5,2022,0.5581
GLOBAL,PWRHYDKENXX01,S3D5,2023,0.5581
GLOBAL,PWRHYDKENXX01,S3D5,2024,0.5581
GLOBAL,PWRHYDKENXX01,S3D5,2025,0.5581
GLOBAL,PWRHYDKENXX01,S3D5,2026,0.5581
GLOBAL,PWRHYDKENXX01,S3D5,2027,0.5581
GLOBAL,PWRHYDKENXX01,S3D5,2028,0.5581
GLOBAL,PWRHYDKENXX01,S3D5,2029,0.5581
GLOBAL,PWRHYDKENXX01,S3D5,2030,0.5581
GLOBAL,PWRHYDKENXX01,S3D5,2031,0.5581
GLOBAL,PWRHYDKENXX01,S3D5,2032,0.5581
GLOBAL,PWRHYDKENXX01,S3D5,2033,0.5581
GLOBAL,PWRHYDKENXX01,S3D5,2034,0.5581
GLOBAL,PWRHYDKENXX01,S3D5,2035,0.5581
GLOBAL,PWRHYDKENXX01,S3D5,2036,0.5581
GLOBAL,PWRHYDKENXX01,S3D5,2037,0.5581
GLOBAL,PWRHYDKENXX01,S3D5,2038,0.5581
GLOBAL,PWRHYDKENXX01,S3D5,2039,0.5581
GLOBAL,PWRHYDKENXX01,S3D5,2040,0.5581
GLOBAL,PWRHYDKENXX01,S3D5,2041,0.5581
GLOBAL,PWRHYDKENXX01,S3D5,2042,0.5581
GLOBAL,PWRHYDKENXX01,S3D5,2043,0.5581
GLOBAL,PWRHYDKENXX01,S3D5,2044,0.5581
GLOBAL,PWRHYDKENXX01,S3D5,2045,0.5581
GLOBAL,PWRHYDKENXX01,S3D5,2046,0.5581
GLOBAL,PWRHYDKENXX01,S3D5,2047,0.5581
GLOBAL,PWRHYDKENXX01,S3D5,2048,0.5581
GLOBAL,PWRHYDKENXX01,S3D5,2049,0.5581
GLOBAL,PWRHYDKENXX01,S3D5,2050,0.5581
GLOBAL,PWRHYDTZAXX01,S3D5,2021,0.3968
GLOBAL,PWRHYDTZAXX01,S3D5,2022,0.3968
GLOBAL,PWRHYDTZAXX01,S3D5,2023,0.3968
GLOBAL,PWRHYDTZAXX01,S3D5,2024,0.3968
GLOBAL,PWRHYDTZAXX01,S3D5,2025,0.3968
GLOBAL,PWRHYDTZAXX01,S3D5,2026,0.3968
GLOBAL,PWRHYDTZAXX01,S3D5,2027,0.3968
GLOBAL,PWRHYDTZAXX01,S3D5,2028,0.3968
GLOBAL,PWRHYDTZAXX01,S3D5,2029,0.3968
GLOBAL,PWRHYDTZAXX01,S3D5,2030,0.3968
GLOBAL,PWRHYDTZAXX01,S3D5,2031,0.3968
GLOBAL,PWRHYDTZAXX01,S3D5,2032,0.3968
GLOBAL,PWRHYDTZAXX01,S3D5,2033,0.3968
GLOBAL,PWRHYDTZAXX01,S3D5,2034,0.3968
GLOBAL,PWRHYDTZAXX01,S3D5,2035,0.3968
GLOBAL,PWRHYDTZAXX01,S3D5,2036,0.3968
GLOBAL,PWRHYDTZAXX01,S3D5,2037,0.3968
GLOBAL,PWRHYDTZAXX01,S3D5,2038,0.3968
GLOBAL,PWRHYDTZAXX01,S3D5,2039,0.3968
GLOBAL,PWRHYDTZAXX01,S3D5,2040,0.3968
GLOBAL,PWRHYDTZAXX01,S3D5,2041,0.3968
GLOBAL,PWRHYDTZAXX01,S3D5,2042,0.3968
GLOBAL,PWRHYDTZAXX01,S3D5,2043,0.3968
GLOBAL,PWRHYDTZAXX01,S3D5,2044,0.3968
GLOBAL,PWRHYDTZAXX01,S3D5,2045,0.3968
GLOBAL,PWRHYDTZAXX01,S3D5,2046,0.3968
GLOBAL,PWRHYDTZAXX01,S3D5,2047,0.3968
GLOBAL,PWRHYDTZAXX01,S3D5,2048,0.3968
GLOBAL,PWRHYDTZAXX01,S3D5,2049,0.3968
GLOBAL,PWRHYDTZAXX01,S3D5,2050,0.3968
GLOBAL,PWRHYDKENXX01,S3D6,2021,0.5581
GLOBAL,PWRHYDKENXX01,S3D6,2022,0.5581
GLOBAL,PWRHYDKENXX01,S3D6,2023,0.5581
GLOBAL,PWRHYDKENXX01,S3D6,2024,0.5581
GLOBAL,PWRHYDKENXX01,S3D6,2025,0.5581
GLOBAL,PWRHYDKENXX01,S3D6,2026,0.5581
GLOBAL,PWRHYDKENXX01,S3D6,2027,0.5581
GLOBAL,PWRHYDKENXX01,S3D6,2028,0.5581
GLOBAL,PWRHYDKENXX01,S3D6,2029,0.5581
GLOBAL,PWRHYDKENXX01,S3D6,2030,0.5581
GLOBAL,PWRHYDKENXX01,S3D6,2031,0.5581
GLOBAL,PWRHYDKENXX01,S3D6,2032,0.5581
GLOBAL,PWRHYDKENXX01,S3D6,2033,0.5581
GLOBAL,PWRHYDKENXX01,S3D6,2034,0.5581
GLOBAL,PWRHYDKENXX01,S3D6,2035,0.5581
GLOBAL,PWRHYDKENXX01,S3D6,2036,0.5581
GLOBAL,PWRHYDKENXX01,S3D6,2037,0.5581
GLOBAL,PWRHYDKENXX01,S3D6,2038,0.5581
GLOBAL,PWRHYDKENXX01,S3D6,2039,0.5581
GLOBAL,PWRHYDKENXX01,S3D6,2040,0.5581
GLOBAL,PWRHYDKENXX01,S3D6,2041,0.5581
GLOBAL,PWRHYDKENXX01,S3D6,2042,0.5581
GLOBAL,PWRHYDKENXX01,S3D6,2043,0.5581
GLOBAL,PWRHYDKENXX01,S3D6,2044,0.5581
GLOBAL,PWRHYDKENXX01,S3D6,2045,0.5581
GLOBAL,PWRHYDKENXX01,S3D6,2046,0.5581
GLOBAL,PWRHYDKENXX01,S3D6,2047,0.5581
GLOBAL,PWRHYDKENXX01,S3D6,2048,0.5581
GLOBAL,PWRHYDKENXX01,S3D6,2049,0.5581
GLOBAL,PWRHYDKENXX01,S3D6,2050,0.5581
GLOBAL,PWRHYDTZAXX01,S3D6,2021,0.3968
GLOBAL,PWRHYDTZAXX01,S3D6,2022,0.3968
GLOBAL,PWRHYDTZAXX01,S3D6,2023,0.3968
GLOBAL,PWRHYDTZAXX01,S3D6,2024,0.3968
GLOBAL,PWRHYDTZAXX01,S3D6,2025,0.3968
GLOBAL,PWRHYDTZAXX01,S3D6,2026,0.3968
GLOBAL,PWRHYDTZAXX01,S3D6,2027,0.3968
GLOBAL,PWRHYDTZAXX01,S3D6,2028,0.3968
GLOBAL,PWRHYDTZAXX01,S3D6,2029,0.3968
GLOBAL,PWRHYDTZAXX01,S3D6,2030,0.3968
GLOBAL,PWRHYDTZAXX01,S3D6,2031,0.3968
GLOBAL,PWRHYDTZAXX01,S3D6,2032,0.3968
GLOBAL,PWRHYDTZAXX01,S3D6,2033,0.3968
GLOBAL,PWRHYDTZAXX01,S3D6,2034,0.3968
GLOBAL,PWRHYDTZAXX01,S3D6,2035,0.3968
GLOBAL,PWRHYDTZAXX01,S3D6,2036,0.3968
GLOBAL,PWRHYDTZAXX01,S3D6,2037,0.3968
GLOBAL,PWRHYDTZAXX01,S3D6,2038,0.3968
GLOBAL,PWRHYDTZAXX01,S3D6,2039,0.3968
GLOBAL,PWRHYDTZAXX01,S3D6,2040,0.3968
GLOBAL,PWRHYDTZAXX01,S3D6,2041,0.3968
GLOBAL,PWRHYDTZAXX01,S3D6,2042,0.3968
GLOBAL,PWRHYDTZAXX01,S3D6,2043,0.3968
GLOBAL,PWRHYDTZAXX01,S3D6,2044,0.3968
GLOBAL,PWRHYDTZAXX01,S3D6,2045,0.3968
GLOBAL,PWRHYDTZAXX01,S3D6,2046,0.3968
GLOBAL,PWRHYDTZAXX01,S3D6,2047,0.3968
GLOBAL,PWRHYDTZAXX01,S3D6,2048,0.3968
GLOBAL,PWRHYDTZAXX01,S3D6,2049,0.3968
GLOBAL,PWRHYDTZAXX01,S3D6,2050,0.3968
GLOBAL,PWRCSPKENXX01,S1D1,2021,0.0817
GLOBAL,PWRCSPKENXX01,S1D1,2022,0.0817
GLOBAL,PWRCSPKENXX01,S1D1,2023,0.0817
GLOBAL,PWRCSPKENXX01,S1D1,2024,0.0817
GLOBAL,PWRCSPKENXX01,S1D1,2025,0.0817
GLOBAL,PWRCSPKENXX01,S1D1,2026,0.0817
GLOBAL,PWRCSPKENXX01,S1D1,2027,0.0817
GLOBAL,PWRCSPKENXX01,S1D1,2028,0.0817
GLOBAL,PWRCSPKENXX01,S1D1,2029,0.0817
GLOBAL,PWRCSPKENXX01,S1D1,2030,0.0817
GLOBAL,PWRCSPKENXX01,S1D1,2031,0.0817
GLOBAL,PWRCSPKENXX01,S1D1,2032,0.0817
GLOBAL,PWRCSPKENXX01,S1D1,2033,0.0817
GLOBAL,PWRCSPKENXX01,S1D1,2034,0.0817
GLOBAL,PWRCSPKENXX01,S1D1,2035,0.0817
GLOBAL,PWRCSPKENXX01,S1D1,2036,0.0817
GLOBAL,PWRCSPKENXX01,S1D1,2037,0.0817
GLOBAL,PWRCSPKENXX01,S1D1,2038,0.0817
GLOBAL,PWRCSPKENXX01,S1D1,2039,0.0817
GLOBAL,PWRCSPKENXX01,S1D1,2040,0.0817
GLOBAL,PWRCSPKENXX01,S1D1,2041,0.0817
GLOBAL,PWRCSPKENXX01,S1D1,2042,0.0817
GLOBAL,PWRCSPKENXX01,S1D1,2043,0.0817
GLOBAL,PWRCSPKENXX01,S1D1,2044,0.0817
GLOBAL,PWRCSPKENXX01,S1D1,2045,0.0817
GLOBAL,PWRCSPKENXX01,S1D1,2046,0.0817
GLOBAL,PWRCSPKENXX01,S1D1,2047,0.0817
GLOBAL,PWRCSPKENXX01,S1D1,2048,0.0817
GLOBAL,PWRCSPKENXX01,S1D1,2049,0.0817
GLOBAL,PWRCSPKENXX01,S1D1,2050,0.0817
GLOBAL,PWRCSPTZAXX01,S1D1,2021,0.0555
GLOBAL,PWRCSPTZAXX01,S1D1,2022,0.0555
GLOBAL,PWRCSPTZAXX01,S1D1,2023,0.0555
GLOBAL,PWRCSPTZAXX01,S1D1,2024,0.0555
GLOBAL,PWRCSPTZAXX01,S1D1,2025,0.0555
GLOBAL,PWRCSPTZAXX01,S1D1,2026,0.0555
GLOBAL,PWRCSPTZAXX01,S1D1,2027,0.0555
GLOBAL,PWRCSPTZAXX01,S1D1,2028,0.0555
GLOBAL,PWRCSPTZAXX01,S1D1,2029,0.0555
GLOBAL,PWRCSPTZAXX01,S1D1,2030,0.0555
GLOBAL,PWRCSPTZAXX01,S1D1,2031,0.0555
GLOBAL,PWRCSPTZAXX01,S1D1,2032,0.0555
GLOBAL,PWRCSPTZAXX01,S1D1,2033,0.0555
GLOBAL,PWRCSPTZAXX01,S1D1,2034,0.0555
GLOBAL,PWRCSPTZAXX01,S1D1,2035,0.0555
GLOBAL,PWRCSPTZAXX01,S1D1,2036,0.0555
GLOBAL,PWRCSPTZAXX01,S1D1,2037,0.0555
GLOBAL,PWRCSPTZAXX01,S1D1,2038,0.0555
GLOBAL,PWRCSPTZAXX01,S1D1,2039,0.0555
GLOBAL,PWRCSPTZAXX01,S1D1,2040,0.0555
GLOBAL,PWRCSPTZAXX01,S1D1,2041,0.0555
GLOBAL,PWRCSPTZAXX01,S1D1,2042,0.0555
GLOBAL,PWRCSPTZAXX01,S1D1,2043,0.0555
GLOBAL,PWRCSPTZAXX01,S1D1,2044,0.0555
GLOBAL,PWRCSPTZAXX01,S1D1,2045,0.0555
GLOBAL,PWRCSPTZAXX01,S1D1,2046,0.0555
GLOBAL,PWRCSPTZAXX01,S1D1,2047,0.0555
GLOBAL,PWRCSPTZAXX01,S1D1,2048,0.0555
GLOBAL,PWRCSPTZAXX01,S1D1,2049,0.0555
GLOBAL,PWRCSPTZAXX01,S1D1,2050,0.0555
GLOBAL,PWRCSPKENXX01,S1D2,2021,1.159
GLOBAL,PWRCSPKENXX01,S1D2,2022,1.159
GLOBAL,PWRCSPKENXX01,S1D2,2023,1.159
GLOBAL,PWRCSPKENXX01,S1D2,2024,1.159
GLOBAL,PWRCSPKENXX01,S1D2,2025,1.159
GLOBAL,PWRCSPKENXX01,S1D2,2026,1.159
GLOBAL,PWRCSPKENXX01,S1D2,2027,1.159
GLOBAL,PWRCSPKENXX01,S1D2,2028,1.159
GLOBAL,PWRCSPKENXX01,S1D2,2029,1.159
GLOBAL,PWRCSPKENXX01,S1D2,2030,1.159
GLOBAL,PWRCSPKENXX01,S1D2,2031,1.159
GLOBAL,PWRCSPKENXX01,S1D2,2032,1.159
GLOBAL,PWRCSPKENXX01,S1D2,2033,1.159
GLOBAL,PWRCSPKENXX01,S1D2,2034,1.159
GLOBAL,PWRCSPKENXX01,S1D2,2035,1.159
GLOBAL,PWRCSPKENXX01,S1D2,2036,1.159
GLOBAL,PWRCSPKENXX01,S1D2,2037,1.159
GLOBAL,PWRCSPKENXX01,S1D2,2038,1.159
GLOBAL,PWRCSPKENXX01,S1D2,2039,1.159
GLOBAL,PWRCSPKENXX01,S1D2,2040,1.159
GLOBAL,PWRCSPKENXX01,S1D2,2041,1.159
GLOBAL,PWRCSPKENXX01,S1D2,2042,1.159
GLOBAL,PWRCSPKENXX01,S1D2,2043,1.159
GLOBAL,PWRCSPKENXX01,S1D2,2044,1.159
GLOBAL,PWRCSPKENXX01,S1D2,2045,1.159
GLOBAL,PWRCSPKENXX01,S1D2,2046,1.159
GLOBAL,PWRCSPKENXX01,S1D2,2047,1.159
GLOBAL,PWRCSPKENXX01,S1D2,2048,1.159
GLOBAL,PWRCSPKENXX01,S1D2,2049,1.159
GLOBAL,PWRCSPKENXX01,S1D2,2050,1.159
GLOBAL,PWRCSPTZAXX01,S1D2,2021,1.1465
GLOBAL,PWRCSPTZAXX01,S1D2,2022,1.1465
GLOBAL,PWRCSPTZAXX01,S1D2,2023,1.1465
GLOBAL,PWRCSPTZAXX01,S1D2,2024,1.1465
GLOBAL,PWRCSPTZAXX01,S1D2,2025,1.1465
GLOBAL,PWRCSPTZAXX01,S1D2,2026,1.1465
GLOBAL,PWRCSPTZAXX01,S1D2,2027,1.1465
GLOBAL,PWRCSPTZAXX01,S1D2,2028,1.1465
GLOBAL,PWRCSPTZAXX01,S1D2,2029,1.1465
GLOBAL,PWRCSPTZAXX01,S1D2,2030,1.1465
GLOBAL,PWRCSPTZAXX01,S1D2,2031,1.1465
GLOBAL,PWRCSPTZAXX01,S1D2,2032,1.1465
GLOBAL,PWRCSPTZAXX01,S1D2,2033,1.1465
GLOBAL,PWRCSPTZAXX01,S1D2,2034,1.1465
GLOBAL,PWRCSPTZAXX01,S1D2,2035,1.1465
GLOBAL,PWRCSPTZAXX01,S1D2,2036,1.1465
GLOBAL,PWRCSPTZAXX01,S1D2,2037,1.1465
GLOBAL,PWRCSPTZAXX01,S1D2,2038,1.1465
GLOBAL,PWRCSPTZAXX01,S1D2,2039,1.1465
GLOBAL,PWRCSPTZAXX01,S1D2,2040,1.1465
GLOBAL,PWRCSPTZAXX01,S1D2,2041,1.1465
GLOBAL,PWRCSPTZAXX01,S1D2,2042,1.1465
GLOBAL,PWRCSPTZAXX01,S1D2,2043,1.1465
GLOBAL,PWRCSPTZAXX01,S1D2,2044,1.1465
GLOBAL,PWRCSPTZAXX01,S1D2,2045,1.1465
GLOBAL,PWRCSPTZAXX01,S1D2,2046,1.1465
GLOBAL,PWRCSPTZAXX01,S1D2,2047,1.1465
GLOBAL,PWRCSPTZAXX01,S1D2,2048,1.1465
GLOBAL,PWRCSPTZAXX01,S1D2,2049,1.1465
GLOBAL,PWRCSPTZAXX01,S1D2,2050,1.1465
GLOBAL,PWRCSPKENXX01,S1D3,2021,1.2823
GLOBAL,PWRCSPKENXX01,S1D3,2022,1.2823
GLOBAL,PWRCSPKENXX01,S1D3,2023,1.2823
GLOBAL,PWRCSPKENXX01,S1D3,2024,1.2823
GLOBAL,PWRCSPKENXX01,S1D3,2025,1.2823
GLOBAL,PWRCSPKENXX01,S1D3,2026,1.2823
GLOBAL,PWRCSPKENXX01,S1D3,2027,1.2823
GLOBAL,PWRCSPKENXX01,S1D3,2028,1.2823
GLOBAL,PWRCSPKENXX01,S1D3,2029,1.2823
GLOBAL,PWRCSPKENXX01,S1D3,2030,1.2823
GLOBAL,PWRCSPKENXX01,S1D3,2031,1.2823
GLOBAL,PWRCSPKENXX01,S1D3,2032,1.2823
GLOBAL,PWRCSPKENXX01,S1D3,2033,1.2823
GLOBAL,PWRCSPKENXX01,S1D3,2034,1.2823
GLOBAL,PWRCSPKENXX01,S1D3,2035,1.2823
GLOBAL,PWRCSPKENXX01,S1D3,2036,1.2823
GLOBAL,PWRCSPKENXX01,S1D3,2037,1.2823
GLOBAL,PWRCSPKENXX01,S1D3,2038,1.2823
GLOBAL,PWRCSPKENXX01,S1D3,2039,1.2823
GLOBAL,PWRCSPKENXX01,S1D3,2040,1.2823
GLOBAL,PWRCSPKENXX01,S1D3,2041,1.2823
GLOBAL,PWRCSPKENXX01,S1D3,2042,1.2823
GLOBAL,PWRCSPKENXX01,S1D3,2043,1.2823
GLOBAL,PWRCSPKENXX01,S1D3,2044,1.2823
GLOBAL,PWRCSPKENXX01,S1D3,2045,1.2823
GLOBAL,PWRCSPKENXX01,S1D3,2046,1.2823
GLOBAL,PWRCSPKENXX01,S1D3,2047,1.2823
GLOBAL,PWRCSPKENXX01,S1D3,2048,1.2823
GLOBAL,PWRCSPKENXX01,S1D3,2049,1.2823
GLOBAL,PWRCSPKENXX01,S1D3,2050,1.2823
GLOBAL,PWRCSPTZAXX01,S1D3,2021,1.377
GLOBAL,PWRCSPTZAXX01,S1D3,2022,1.377
GLOBAL,PWRCSPTZAXX01,S1D3,2023,1.377
GLOBAL,PWRCSPTZAXX01,S1D3,2024,1.377
GLOBAL,PWRCSPTZAXX01,S1D3,2025,1.377
GLOBAL,PWRCSPTZAXX01,S1D3,2026,1.377
GLOBAL,PWRCSPTZAXX01,S1D3,2027,1.377
GLOBAL,PWRCSPTZAXX01,S1D3,2028,1.377
GLOBAL,PWRCSPTZAXX01,S1D3,2029,1.377
GLOBAL,PWRCSPTZAXX01,S1D3,2030,1.377
GLOBAL,PWRCSPTZAXX01,S1D3,2031,1.377
GLOBAL,PWRCSPTZAXX01,S1D3,2032,1.377
GLOBAL,PWRCSPTZAXX01,S1D3,2033,1.377
GLOBAL,PWRCSPTZAXX01,S1D3,2034,1.377
GLOBAL,PWRCSPTZAXX01,S1D3,2035,1.377
GLOBAL,PWRCSPTZAXX01,S1D3,2036,1.377
GLOBAL,PWRCSPTZAXX01,S1D3,2037,1.377
GLOBAL,PWRCSPTZAXX01,S1D3,2038,1.377
GLOBAL,PWRCSPTZAXX01,S1D3,2039,1.377
GLOBAL,PWRCSPTZAXX01,S1D3,2040,1.377
GLOBAL,PWRCSPTZAXX01,S1D3,2041,1.377
GLOBAL,PWRCSPTZAXX01,S1D3,2042,1.377
GLOBAL,PWRCSPTZAXX01,S1D3,2043,1.377
GLOBAL,PWRCSPTZAXX01,S1D3,2044,1.377
GLOBAL,PWRCSPTZAXX01,S1D3,2045,1.377
GLOBAL,PWRCSPTZAXX01,S1D3,2046,1.377
GLOBAL,PWRCSPTZAXX01,S1D3,2047,1.377
GLOBAL,PWRCSPTZAXX01,S1D3,2048,1.377
GLOBAL,PWRCSPTZAXX01,S1D3,2049,1.377
GLOBAL,PWRCSPTZAXX01,S1D3,2050,1.377
GLOBAL,PWRCSPKENXX01,S1D4,2021,0.2253
GLOBAL,PWRCSPKENXX01,S1D4,2022,0.2253
GLOBAL,PWRCSPKENXX01,S1D4,2023,0.2253
GLOBAL,PWRCSPKENXX01,S1D4,2024,0.2253
GLOBAL,PWRCSPKENXX01,S1D4,2025,0.2253
GLOBAL,PWRCSPKENXX01,S1D4,2026,0.2253
GLOBAL,PWRCSPKENXX01,S1D4,2027,0.2253
GLOBAL,PWRCSPKENXX01,S1D4,2028,0.2253
GLOBAL,PWRCSPKENXX01,S1D4,2029,0.2253
GLOBAL,PWRCSPKENXX01,S1D4,2030,0.2253
GLOBAL,PWRCSPKENXX01,S1D4,2031,0.2253
GLOBAL,PWRCSPKENXX01,S1D4,2032,0.2253
GLOBAL,PWRCSPKENXX01,S1D4,2033,0.2253
GLOBAL,PWRCSPKENXX01,S1D4,2034,0.2253
GLOBAL,PWRCSPKENXX01,S1D4,2035,0.2253
GLOBAL,PWRCSPKENXX01,S1D4,2036,0.2253
GLOBAL,PWRCSPKENXX01,S1D4,2037,0.2253
GLOBAL,PWRCSPKENXX01,S1D4,2038,0.2253
GLOBAL,PWRCSPKENXX01,S1D4,2039,0.2253
GLOBAL,PWRCSPKENXX01,S1D4,2040,0.2253
GLOBAL,PWRCSPKENXX01,S1D4,2041,0.2253
GLOBAL,PWRCSPKENXX01,S1D4,2042,0.2253
GLOBAL,PWRCSPKENXX01,S1D4,2043,0.2253
GLOBAL,PWRCSPKENXX01,S1D4,2044,0.2253
GLOBAL,PWRCSPKENXX01,S1D4,2045,0.2253
GLOBAL,PWRCSPKENXX01,S1D4,2046,0.2253
GLOBAL,PWRCSPKENXX01,S1D4,2047,0.2253
GLOBAL,PWRCSPKENXX01,S1D4,2048,0.2253
GLOBAL,PWRCSPKENXX01,S1D4,2049,0.2253
GLOBAL,PWRCSPKENXX01,S1D4,2050,0.2253
GLOBAL,PWRCSPTZAXX01,S1D4,2021,0.2779
GLOBAL,PWRCSPTZAXX01,S1D4,2022,0.2779
GLOBAL,PWRCSPTZAXX01,S1D4,2023,0.2779
GLOBAL,PWRCSPTZAXX01,S1D4,2024,0.2779
GLOBAL,PWRCSPTZAXX01,S1D4,2025,0.2779
GLOBAL,PWRCSPTZAXX01,S1D4,2026,0.2779
GLOBAL,PWRCSPTZAXX01,S1D4,2027,0.2779
GLOBAL,PWRCSPTZAXX01,S1D4,2028,0.2779
GLOBAL,PWRCSPTZAXX01,S1D4,2029,0.2779
GLOBAL,PWRCSPTZAXX01,S1D4,2030,0.2779
GLOBAL,PWRCSPTZAXX01,S1D4,2031,0.2779
GLOBAL,PWRCSPTZAXX01,S1D4,2032,0.2779
GLOBAL,PWRCSPTZAXX01,S1D4,2033,0.2779
GLOBAL,PWRCSPTZAXX01,S1D4,2034,0.2779
GLOBAL,PWRCSPTZAXX01,S1D4,2035,0.2779
GLOBAL,PWRCSPTZAXX01,S1D4,2036,0.2779
GLOBAL,PWRCSPTZAXX01,S1D4,2037,0.2779
GLOBAL,PWRCSPTZAXX01,S1D4,2038,0.2779
GLOBAL,PWRCSPTZAXX01,S1D4,2039,0.2779
GLOBAL,PWRCSPTZAXX01,S1D4,2040,0.2779
GLOBAL,PWRCSPTZAXX01,S1D4,2041,0.2779
GLOBAL,PWRCSPTZAXX01,S1D4,2042,0.2779
GLOBAL,PWRCSPTZAXX01,S1D4,2043,0.2779
GLOBAL,PWRCSPTZAXX01,S1D4,2044,0.2779
GLOBAL,PWRCSPTZAXX01,S1D4,2045,0.2779
GLOBAL,PWRCSPTZAXX01,S1D4,2046,0.2779
GLOBAL,PWRCSPTZAXX01,S1D4,2047,0.2779
GLOBAL,PWRCSPTZAXX01,S1D4,2048,0.2779
GLOBAL,PWRCSPTZAXX01,S1D4,2049,0.2779
GLOBAL,PWRCSPTZAXX01,S1D4,2050,0.2779
GLOBAL,PWRCSPKENXX01,S1D5,2021,0.0
GLOBAL,PWRCSPKENXX01,S1D5,2022,0.0
GLOBAL,PWRCSPKENXX01,S1D5,2023,0.0
GLOBAL,PWRCSPKENXX01,S1D5,2024,0.0
GLOBAL,PWRCSPKENXX01,S1D5,2025,0.0
GLOBAL,PWRCSPKENXX01,S1D5,2026,0.0
GLOBAL,PWRCSPKENXX01,S1D5,2027,0.0
GLOBAL,PWRCSPKENXX01,S1D5,2028,0.0
GLOBAL,PWRCSPKENXX01,S1D5,2029,0.0
GLOBAL,PWRCSPKENXX01,S1D5,2030,0.0
GLOBAL,PWRCSPKENXX01,S1D5,2031,0.0
GLOBAL,PWRCSPKENXX01,S1D5,2032,0.0
GLOBAL,PWRCSPKENXX01,S1D5,2033,0.0
GLOBAL,PWRCSPKENXX01,S1D5,2034,0.0
GLOBAL,PWRCSPKENXX01,S1D5,2035,0.0
GLOBAL,PWRCSPKENXX01,S1D5,2036,0.0
GLOBAL,PWRCSPKENXX01,S1D5,2037,0.0
GLOBAL,PWRCSPKENXX01,S1D5,2038,0.0
GLOBAL,PWRCSPKENXX01,S1D5,2039,0.0
GLOBAL,PWRCSPKENXX01,S1D5,2040,0.0
GLOBAL,PWRCSPKENXX01,S1D5,2041,0.0
GLOBAL,PWRCSPKENXX01,S1D5,2042,0.0
GLOBAL,PWRCSPKENXX01,S1D5,2043,0.0
GLOBAL,PWRCSPKENXX01,S1D5,2044,0.0
GLOBAL,PWRCSPKENXX01,S1D5,2045,0.0
GLOBAL,PWRCSPKENXX01,S1D5,2046,0.0
GLOBAL,PWRCSPKENXX01,S1D5,2047,0.0
GLOBAL,PWRCSPKENXX01,S1D5,2048,0.0
GLOBAL,PWRCSPKENXX01,S1D5,2049,0.0
GLOBAL,PWRCSPKENXX01,S1D5,2050,0.0
GLOBAL,PWRCSPTZAXX01,S1D5,2021,0.0
GLOBAL,PWRCSPTZAXX01,S1D5,2022,0.0
GLOBAL,PWRCSPTZAXX01,S1D5,2023,0.0
GLOBAL,PWRCSPTZAXX01,S1D5,2024,0.0
GLOBAL,PWRCSPTZAXX01,S1D5,2025,0.0
GLOBAL,PWRCSPTZAXX01,S1D5,2026,0.0
GLOBAL,PWRCSPTZAXX01,S1D5,2027,0.0
GLOBAL,PWRCSPTZAXX01,S1D5,2028,0.0
GLOBAL,PWRCSPTZAXX01,S1D5,2029,0.0
GLOBAL,PWRCSPTZAXX01,S1D5,2030,0.0
GLOBAL,PWRCSPTZAXX01,S1D5,2031,0.0
GLOBAL,PWRCSPTZAXX01,S1D5,2032,0.0
GLOBAL,PWRCSPTZAXX01,S1D5,2033,0.0
GLOBAL,PWRCSPTZAXX01,S1D5,2034,0.0
GLOBAL,PWRCSPTZAXX01,S1D5,2035,0.0
GLOBAL,PWRCSPTZAXX01,S1D5,2036,0.0
GLOBAL,PWRCSPTZAXX01,S1D5,2037,0.0
GLOBAL,PWRCSPTZAXX01,S1D5,2038,0.0
GLOBAL,PWRCSPTZAXX01,S1D5,2039,0.0
GLOBAL,PWRCSPTZAXX01,S1D5,2040,0.0
GLOBAL,PWRCSPTZAXX01,S1D5,2041,0.0
GLOBAL,PWRCSPTZAXX01,S1D5,2042,0.0
GLOBAL,PWRCSPTZAXX01,S1D5,2043,0.0
GLOBAL,PWRCSPTZAXX01,S1D5,2044,0.0
GLOBAL,PWRCSPTZAXX01,S1D5,2045,0.0
GLOBAL,PWRCSPTZAXX01,S1D5,2046,0.0
GLOBAL,PWRCSPTZAXX01,S1D5,2047,0.0
GLOBAL,PWRCSPTZAXX01,S1D5,2048,0.0
GLOBAL,PWRCSPTZAXX01,S1D5,2049,0.0
GLOBAL,PWRCSPTZAXX01,S1D5,2050,0.0
GLOBAL,PWRCSPKENXX01,S1D6,2021,0.0
GLOBAL,PWRCSPKENXX01,S1D6,2022,0.0
GLOBAL,PWRCSPKENXX01,S1D6,2023,0.0
GLOBAL,PWRCSPKENXX01,S1D6,2024,0.0
GLOBAL,PWRCSPKENXX01,S1D6,2025,0.0
GLOBAL,PWRCSPKENXX01,S1D6,2026,0.0
GLOBAL,PWRCSPKENXX01,S1D6,2027,0.0
GLOBAL,PWRCSPKENXX01,S1D6,2028,0.0
GLOBAL,PWRCSPKENXX01,S1D6,2029,0.0
GLOBAL,PWRCSPKENXX01,S1D6,2030,0.0
GLOBAL,PWRCSPKENXX01,S1D6,2031,0.0
GLOBAL,PWRCSPKENXX01,S1D6,2032,0.0
GLOBAL,PWRCSPKENXX01,S1D6,2033,0.0
GLOBAL,PWRCSPKENXX01,S1D6,2034,0.0
GLOBAL,PWRCSPKENXX01,S1D6,2035,0.0
GLOBAL,PWRCSPKENXX01,S1D6,2036,0.0
GLOBAL,PWRCSPKENXX01,S1D6,2037,0.0
GLOBAL,PWRCSPKENXX01,S1D6,2038,0.0
GLOBAL,PWRCSPKENXX01,S1D6,2039,0.0
GLOBAL,PWRCSPKENXX01,S1D6,2040,0.0
GLOBAL,PWRCSPKENXX01,S1D6,2041,0.0
GLOBAL,PWRCSPKENXX01,S1D6,2042,0.0
GLOBAL,PWRCSPKENXX01,S1D6,2043,0.0
GLOBAL,PWRCSPKENXX01,S1D6,2044,0.0
GLOBAL,PWRCSPKENXX01,S1D6,2045,0.0
GLOBAL,PWRCSPKENXX01,S1D6,2046,0.0
GLOBAL,PWRCSPKENXX01,S1D6,2047,0.0
GLOBAL,PWRCSPKENXX01,S1D6,2048,0.0
GLOBAL,PWRCSPKENXX01,S1D6,2049,0.0
GLOBAL,PWRCSPKENXX01,S1D6,2050,0.0
GLOBAL,PWRCSPTZAXX01,S1D6,2021,0.0
GLOBAL,PWRCSPTZAXX01,S1D6,2022,0.0
GLOBAL,PWRCSPTZAXX01,S1D6,2023,0.0
GLOBAL,PWRCSPTZAXX01,S1D6,2024,0.0
GLOBAL,PWRCSPTZAXX01,S1D6,2025,0.0
GLOBAL,PWRCSPTZAXX01,S1D6,2026,0.0
GLOBAL,PWRCSPTZAXX01,S1D6,2027,0.0
GLOBAL,PWRCSPTZAXX01,S1D6,2028,0.0
GLOBAL,PWRCSPTZAXX01,S1D6,2029,0.0
GLOBAL,PWRCSPTZAXX01,S1D6,2030,0.0
GLOBAL,PWRCSPTZAXX01,S1D6,2031,0.0
GLOBAL,PWRCSPTZAXX01,S1D6,2032,0.0
GLOBAL,PWRCSPTZAXX01,S1D6,2033,0.0
GLOBAL,PWRCSPTZAXX01,S1D6,2034,0.0
GLOBAL,PWRCSPTZAXX01,S1D6,2035,0.0
GLOBAL,PWRCSPTZAXX01,S1D6,2036,0.0
GLOBAL,PWRCSPTZAXX01,S1D6,2037,0.0
GLOBAL,PWRCSPTZAXX01,S1D6,2038,0.0
GLOBAL,PWRCSPTZAXX01,S1D6,2039,0.0
GLOBAL,PWRCSPTZAXX01,S1D6,2040,0.0
GLOBAL,PWRCSPTZAXX01,S1D6,2041,0.0
GLOBAL,PWRCSPTZAXX01,S1D6,2042,0.0
GLOBAL,PWRCSPTZAXX01,S1D6,2043,0.0
GLOBAL,PWRCSPTZAXX01,S1D6,2044,0.0
GLOBAL,PWRCSPTZAXX01,S1D6,2045,0.0
GLOBAL,PWRCSPTZAXX01,S1D6,2046,0.0
GLOBAL,PWRCSPTZAXX01,S1D6,2047,0.0
GLOBAL,PWRCSPTZAXX01,S1D6,2048,0.0
GLOBAL,PWRCSPTZAXX01,S1D6,2049,0.0
GLOBAL,PWRCSPTZAXX01,S1D6,2050,0.0
GLOBAL,PWRCSPKENXX01,S2D1,2021,0.0663
GLOBAL,PWRCSPKENXX01,S2D1,2022,0.0663
GLOBAL,PWRCSPKENXX01,S2D1,2023,0.0663
GLOBAL,PWRCSPKENXX01,S2D1,2024,0.0663
GLOBAL,PWRCSPKENXX01,S2D1,2025,0.0663
GLOBAL,PWRCSPKENXX01,S2D1,2026,0.0663
GLOBAL,PWRCSPKENXX01,S2D1,2027,0.0663
GLOBAL,PWRCSPKENXX01,S2D1,2028,0.0663
GLOBAL,PWRCSPKENXX01,S2D1,2029,0.0663
GLOBAL,PWRCSPKENXX01,S2D1,2030,0.0663
GLOBAL,PWRCSPKENXX01,S2D1,2031,0.0663
GLOBAL,PWRCSPKENXX01,S2D1,2032,0.0663
GLOBAL,PWRCSPKENXX01,S2D1,2033,0.0663
GLOBAL,PWRCSPKENXX01,S2D1,2034,0.0663
GLOBAL,PWRCSPKENXX01,S2D1,2035,0.0663
GLOBAL,PWRCSPKENXX01,S2D1,2036,0.0663
GLOBAL,PWRCSPKENXX01,S2D1,2037,0.0663
GLOBAL,PWRCSPKENXX01,S2D1,2038,0.0663
GLOBAL,PWRCSPKENXX01,S2D1,2039,0.0663
GLOBAL,PWRCSPKENXX01,S2D1,2040,0.0663
GLOBAL,PWRCSPKENXX01,S2D1,2041,0.0663
GLOBAL,PWRCSPKENXX01,S2D1,2042,0.0663
GLOBAL,PWRCSPKENXX01,S2D1,2043,0.0663
GLOBAL,PWRCSPKENXX01,S2D1,2044,0.0663
GLOBAL,PWRCSPKENXX01,S2D1,2045,0.0663
GLOBAL,PWRCSPKENXX01,S2D1,2046,0.0663
GLOBAL,PWRCSPKENXX01,S2D1,2047,0.0663
GLOBAL,PWRCSPKENXX01,S2D1,2048,0.0663
GLOBAL,PWRCSPKENXX01,S2D1,2049,0.0663
GLOBAL,PWRCSPKENXX01,S2D1,2050,0.0663
GLOBAL,PWRCSPTZAXX01,S2D1,2021,0.0544
GLOBAL,PWRCSPTZAXX01,S2D1,2022,0.0544
GLOBAL,PWRCSPTZAXX01,S2D1,2023,0.0544
GLOBAL,PWRCSPTZAXX01,S2D1,2024,0.0544
GLOBAL,PWRCSPTZAXX01,S2D1,2025,0.0544
GLOBAL,PWRCSPTZAXX01,S2D1,2026,0.0544
GLOBAL,PWRCSPTZAXX01,S2D1,2027,0.0544
GLOBAL,PWRCSPTZAXX01,S2D1,2028,0.0544
GLOBAL,PWRCSPTZAXX01,S2D1,2029,0.0544
GLOBAL,PWRCSPTZAXX01,S2D1,2030,0.0544
GLOBAL,PWRCSPTZAXX01,S2D1,2031,0.0544
GLOBAL,PWRCSPTZAXX01,S2D1,2032,0.0544
GLOBAL,PWRCSPTZAXX01,S2D1,2033,0.0544
GLOBAL,PWRCSPTZAXX01,S2D1,2034,0.0544
GLOBAL,PWRCSPTZAXX01,S2D1,2035,0.0544
GLOBAL,PWRCSPTZAXX01,S2D1,2036,0.0544
GLOBAL,PWRCSPTZAXX01,S2D1,2037,0.0544
GLOBAL,PWRCSPTZAXX01,S2D1,2038,0.0544
GLOBAL,PWRCSPTZAXX01,S2D1,2039,0.0544
GLOBAL,PWRCSPTZAXX01,S2D1,2040,0.0544
GLOBAL,PWRCSPTZAXX01,S2D1,2041,0.0544
GLOBAL,PWRCSPTZAXX01,S2D1,2042,0.0544
GLOBAL,PWRCSPTZAXX01,S2D1,2043,0.0544
GLOBAL,PWRCSPTZAXX01,S2D1,2044,0.0544
GLOBAL,PWRCSPTZAXX01,S2D1,2045,0.0544
GLOBAL,PWRCSPTZAXX01,S2D1,2046,0.0544
GLOBAL,PWRCSPTZAXX01,S2D1,2047,0.0544
GLOBAL,PWRCSPTZAXX01,S2D1,2048,0.0544
GLOBAL,PWRCSPTZAXX01,S2D1,2049,0.0544
GLOBAL,PWRCSPTZAXX01,S2D1,2050,0.0544
GLOBAL,PWRCSPKENXX01,S2D2,2021,1.0555
GLOBAL,PWRCSPKENXX01,S2D2,2022,1.0555
GLOBAL,PWRCSPKENXX01,S2D2,2023,1.0555
GLOBAL,PWRCSPKENXX01,S2D2,2024,1.0555
GLOBAL,PWRCSPKENXX01,S2D2,2025,1.0555
GLOBAL,PWRCSPKENXX01,S2D2,2026,1.0555
GLOBAL,PWRCSPKENXX01,S2D2,2027,1.0555
GLOBAL,PWRCSPKENXX01,S2D2,2028,1.0555
GLOBAL,PWRCSPKENXX01,S2D2,2029,1.0555
GLOBAL,PWRCSPKENXX01,S2D2,2030,1.0555
GLOBAL,PWRCSPKENXX01,S2D2,2031,1.0555
GLOBAL,PWRCSPKENXX01,S2D2,2032,1.0555
GLOBAL,PWRCSPKENXX01,S2D2,2033,1.0555
GLOBAL,PWRCSPKENXX01,S2D2,2034,1.0555
GLOBAL,PWRCSPKENXX01,S2D2,2035,1.0555
GLOBAL,PWRCSPKENXX01,S2D2,2036,1.0555
GLOBAL,PWRCSPKENXX01,S2D2,2037,1.0555
GLOBAL,PWRCSPKENXX01,S2D2,2038,1.0555
GLOBAL,PWRCSPKENXX01,S2D2,2039,1.0555
GLOBAL,PWRCSPKENXX01,S2D2,2040,1.0555
GLOBAL,PWRCSPKENXX01,S2D2,2041,1.0555
GLOBAL,PWRCSPKENXX01,S2D2,2042,1.0555
GLOBAL,PWRCSPKENXX01,S2D2,2043,1.0555
GLOBAL,PWRCSPKENXX01,S2D2,2044,1.0555
GLOBAL,PWRCSPKENXX01,S2D2,2045,1.0555
GLOBAL,PWRCSPKENXX01,S2D2,2046,1.0555
GLOBAL,PWRCSPKENXX01,S2D2,2047,1.0555
GLOBAL,PWRCSPKENXX01,S2D2,2048,1.0555
GLOBAL,PWRCSPKENXX01,S2D2,2049,1.0555
GLOBAL,PWRCSPKENXX01,S2D2,2050,1.0555
GLOBAL,PWRCSPTZAXX01,S2D2,2021,1.3051
GLOBAL,PWRCSPTZAXX01,S2D2,2022,1.3051
GLOBAL,PWRCSPTZAXX01,S2D2,2023,1.3051
GLOBAL,PWRCSPTZAXX01,S2D2,2024,1.3051
GLOBAL,PWRCSPTZAXX01,S2D2,2025,1.3051
GLOBAL,PWRCSPTZAXX01,S2D2,2026,1.3051
GLOBAL,PWRCSPTZAXX01,S2D2,2027,1.3051
GLOBAL,PWRCSPTZAXX01,S2D2,2028,1.3051
GLOBAL,PWRCSPTZAXX01,S2D2,2029,1.3051
GLOBAL,PWRCSPTZAXX01,S2D2,2030,1.3051
GLOBAL,PWRCSPTZAXX01,S2D2,2031,1.3051
GLOBAL,PWRCSPTZAXX01,S2D2,2032,1.3051
GLOBAL,PWRCSPTZAXX01,S2D2,2033,1.3051
GLOBAL,PWRCSPTZAXX01,S2D2,2034,1.3051
GLOBAL,PWRCSPTZAXX01,S2D2,2035,1.3051
GLOBAL,PWRCSPTZAXX01,S2D2,2036,1.3051
GLOBAL,PWRCSPTZAXX01,S2D2,2037,1.3051
GLOBAL,PWRCSPTZAXX01,S2D2,2038,1.3051
GLOBAL,PWRCSPTZAXX01,S2D2,2039,1.3051
GLOBAL,PWRCSPTZAXX01,S2D2,2040,1.3051
GLOBAL,PWRCSPTZAXX01,S2D2,2041,1.3051
GLOBAL,PWRCSPTZAXX01,S2D2,2042,1.3051
GLOBAL,PWRCSPTZAXX01,S2D2,2043,1.3051
GLOBAL,PWRCSPTZAXX01,S2D2,2044,1.3051
GLOBAL,PWRCSPTZAXX01,S2D2,2045,1.3051
GLOBAL,PWRCSPTZAXX01,S2D2,2046,1.3051
GLOBAL,PWRCSPTZAXX01,S2D2,2047,1.3051
GLOBAL,PWRCSPTZAXX01,S2D2,2048,1.3051
GLOBAL,PWRCSPTZAXX01,S2D2,2049,1.3051
GLOBAL,PWRCSPTZAXX01,S2D2,2050,1.3051
GLOBAL,PWRCSPKENXX01,S2D3,2021,1.1776
GLOBAL,PWRCSPKENXX01,S2D3,2022,1.1776
GLOBAL,PWRCSPKENXX01,S2D3,2023,1.1776
GLOBAL,PWRCSPKENXX01,S2D3,2024,1.1776
GLOBAL,PWRCSPKENXX01,S2D3,2025,1.1776
GLOBAL,PWRCSPKENXX01,S2D3,2026,1.1776
GLOBAL,PWRCSPKENXX01,S2D3,2027,1.1776
GLOBAL,PWRCSPKENXX01,S2D3,2028,1.1776
GLOBAL,PWRCSPKENXX01,S2D3,2029,1.1776
GLOBAL,PWRCSPKENXX01,S2D3,2030,1.1776
GLOBAL,PWRCSPKENXX01,S2D3,2031,1.1776
GLOBAL,PWRCSPKENXX01,S2D3,2032,1.1776
GLOBAL,PWRCSPKENXX01,S2D3,2033,1.1776
GLOBAL,PWRCSPKENXX01,S2D3,2034,1.1776
GLOBAL,PWRCSPKENXX01,S2D3,2035,1.1776
GLOBAL,PWRCSPKENXX01,S2D3,2036,1.1776
GLOBAL,PWRCSPKENXX01,S2D3,2037,1.1776
GLOBAL,PWRCSPKENXX01,S2D3,2038,1.1776
GLOBAL,PWRCSPKENXX01,S2D3,2039,1.1776
GLOBAL,PWRCSPKENXX01,S2D3,2040,1.1776
GLOBAL,PWRCSPKENXX01,S2D3,2041,1.1776
GLOBAL,PWRCSPKENXX01,S2D3,2042,1.1776
GLOBAL,PWRCSPKENXX01,S2D3,2043,1.1776
GLOBAL,PWRCSPKENXX01,S2D3,2044,1.1776
GLOBAL,PWRCSPKENXX01,S2D3,2045,1.1776
GLOBAL,PWRCSPKENXX01,S2D3,2046,1.1776
GLOBAL,PWRCSPKENXX01,S2D3,2047,1.1776
GLOBAL,PWRCSPKENXX01,S2D3,2048,1.1776
GLOBAL,PWRCSPKENXX01,S2D3,2049,1.1776
GLOBAL,PWRCSPKENXX01,S2D3,2050,1.1776
GLOBAL,PWRCSPTZAXX01,S2D3,2021,1.6043
GLOBAL,PWRCSPTZAXX01,S2D3,2022,1.6043
GLOBAL,PWRCSPTZAXX01,S2D3,2023,1.6043
GLOBAL,PWRCSPTZAXX01,S2D3,2024,1.6043
GLOBAL,PWRCSPTZAXX01,S2D3,2025,1.6043
GLOBAL,PWRCSPTZAXX01,S2D3,2026,1.6043
GLOBAL,PWRCSPTZAXX01,S2D3,2027,1.6043
GLOBAL,PWRCSPTZAXX01,S2D3,2028,1.6043
GLOBAL,PWRCSPTZAXX01,S2D3,2029,1.6043
GLOBAL,PWRCSPTZAXX01,S2D3,2030,1.6043
GLOBAL,PWRCSPTZAXX01,S2D3,2031,1.6043
GLOBAL,PWRCSPTZAXX01,S2D3,2032,1.6043
GLOBAL,PWRCSPTZAXX01,S2D3,2033,1.6043
GLOBAL,PWRCSPTZAXX01,S2D3,2034,1.6043
GLOBAL,PWRCSPTZAXX01,S2D3,2035,1.6043
GLOBAL,PWRCSPTZAXX01,S2D3,2036,1.6043
GLOBAL,PWRCSPTZAXX01,S2D3,2037,1.6043
GLOBAL,PWRCSPTZAXX01,S2D3,2038,1.6043
GLOBAL,PWRCSPTZAXX01,S2D3,2039,1.6043
GLOBAL,PWRCSPTZAXX01,S2D3,2040,1.6043
GLOBAL,PWRCSPTZAXX01,S2D3,2041,1.6043
GLOBAL,PWRCSPTZAXX01,S2D3,2042,1.6043
GLOBAL,PWRCSPTZAXX01,S2D3,2043,1.6043
GLOBAL,PWRCSPTZAXX01,S2D3,2044,1.6043
GLOBAL,PWRCSPTZAXX01,S2D3,2045,1.6043
GLOBAL,PWRCSPTZAXX01,S2D3,2046,1.6043
GLOBAL,PWRCSPTZAXX01,S2D3,2047,1.6043
GLOBAL,PWRCSPTZAXX01,S2D3,2048,1.6043
GLOBAL,PWRCSPTZAXX01,S2D3,2049,1.6043
GLOBAL,PWRCSPTZAXX01,S2D3,2050,1.6043
GLOBAL,PWRCSPKENXX01,S2D4,2021,0.1945
GLOBAL,PWRCSPKENXX01,S2D4,2022,0.1945
GLOBAL,PWRCSPKENXX01,S2D4,2023,0.1945
GLOBAL,PWRCSPKENXX01,S2D4,2024,0.1945
GLOBAL,PWRCSPKENXX01,S2D4,2025,0.1945
GLOBAL,PWRCSPKENXX01,S2D4,2026,0.1945
GLOBAL,PWRCSPKENXX01,S2D4,2027,0.1945
GLOBAL,PWRCSPKENXX01,S2D4,2028,0.1945
GLOBAL,PWRCSPKENXX01,S2D4,2029,0.1945
GLOBAL,PWRCSPKENXX01,S2D4,2030,0.1945
GLOBAL,PWRCSPKENXX01,S2D4,2031,0.1945
GLOBAL,PWRCSPKENXX01,S2D4,2032,0.1945
GLOBAL,PWRCSPKENXX01,S2D4,2033,0.1945
GLOBAL,PWRCSPKENXX01,S2D4,2034,0.1945
GLOBAL,PWRCSPKENXX01,S2D4,2035,0.1945
GLOBAL,PWRCSPKENXX01,S2D4,2036,0.1945
GLOBAL,PWRCSPKENXX01,S2D4,2037,0.1945
GLOBAL,PWRCSPKENXX01,S2D4,2038,0.1945
GLOBAL,PWRCSPKENXX01,S2D4,2039,0.1945
GLOBAL,PWRCSPKENXX01,S2D4,2040,0.1945
GLOBAL,PWRCSPKENXX01,S2D4,2041,0.1945
GLOBAL,PWRCSPKENXX01,S2D4,2042,0.1945
GLOBAL,PWRCSPKENXX01,S2D4,2043,0.1945
GLOBAL,PWRCSPKENXX01,S2D4,2044,0.1945
GLOBAL,PWRCSPKENXX01,S2D4,2045,0.1945
GLOBAL,PWRCSPKENXX01,S2D4,2046,0.1945
GLOBAL,PWRCSPKENXX01,S2D4,2047,0.1945
GLOBAL,PWRCSPKENXX01,S2D4,2048,0.1945
GLOBAL,PWRCSPKENXX01,S2D4,2049,0.1945
GLOBAL,PWRCSPKENXX01,S2D4,2050,0.1945
GLOBAL,PWRCSPTZAXX01,S2D4,2021,0.328
GLOBAL,PWRCSPTZAXX01,S2D4,2022,0.328
GLOBAL,PWRCSPTZAXX01,S2D4,2023,0.328
GLOBAL,PWRCSPTZAXX01,S2D4,2024,0.328
GLOBAL,PWRCSPTZAXX01,S2D4,2025,0.328
GLOBAL,PWRCSPTZAXX01,S2D4,2026,0.328
GLOBAL,PWRCSPTZAXX01,S2D4,2027,0.328
GLOBAL,PWRCSPTZAXX01,S2D4,2028,0.328
GLOBAL,PWRCSPTZAXX01,S2D4,2029,0.328
GLOBAL,PWRCSPTZAXX01,S2D4,2030,0.328
GLOBAL,PWRCSPTZAXX01,S2D4,2031,0.328
GLOBAL,PWRCSPTZAXX01,S2D4,2032,0.328
GLOBAL,PWRCSPTZAXX01,S2D4,2033,0.328
GLOBAL,PWRCSPTZAXX01,S2D4,2034,0.328
GLOBAL,PWRCSPTZAXX01,S2D4,2035,0.328
GLOBAL,PWRCSPTZAXX01,S2D4,2036,0.328
GLOBAL,PWRCSPTZAXX01,S2D4,2037,0.328
GLOBAL,PWRCSPTZAXX01,S2D4,2038,0.328
GLOBAL,PWRCSPTZAXX01,S2D4,2039,0.328
GLOBAL,PWRCSPTZAXX01,S2D4,2040,0.328
GLOBAL,PWRCSPTZAXX01,S2D4,2041,0.328
GLOBAL,PWRCSPTZAXX01,S2D4,2042,0.328
GLOBAL,PWRCSPTZAXX01,S2D4,2043,0.328
GLOBAL,PWRCSPTZAXX01,S2D4,2044,0.328
GLOBAL,PWRCSPTZAXX01,S2D4,2045,0.328
GLOBAL,PWRCSPTZAXX01,S2D4,2046,0.328
GLOBAL,PWRCSPTZAXX01,S2D4,2047,0.328
GLOBAL,PWRCSPTZAXX01,S2D4,2048,0.328
GLOBAL,PWRCSPTZAXX01,S2D4,2049,0.328
GLOBAL,PWRCSPTZAXX01,S2D4,2050,0.328
GLOBAL,PWRCSPKENXX01,S2D5,2021,0.0
GLOBAL,PWRCSPKENXX01,S2D5,2022,0.0
GLOBAL,PWRCSPKENXX01,S2D5,2023,0.0
GLOBAL,PWRCSPKENXX01,S2D5,2024,0.0
GLOBAL,PWRCSPKENXX01,S2D5,2025,0.0
GLOBAL,PWRCSPKENXX01,S2D5,2026,0.0
GLOBAL,PWRCSPKENXX01,S2D5,2027,0.0
GLOBAL,PWRCSPKENXX01,S2D5,2028,0.0
GLOBAL,PWRCSPKENXX01,S2D5,2029,0.0
GLOBAL,PWRCSPKENXX01,S2D5,2030,0.0
GLOBAL,PWRCSPKENXX01,S2D5,2031,0.0
GLOBAL,PWRCSPKENXX01,S2D5,2032,0.0
GLOBAL,PWRCSPKENXX01,S2D5,2033,0.0
GLOBAL,PWRCSPKENXX01,S2D5,2034,0.0
GLOBAL,PWRCSPKENXX01,S2D5,2035,0.0
GLOBAL,PWRCSPKENXX01,S2D5,2036,0.0
GLOBAL,PWRCSPKENXX01,S2D5,2037,0.0
GLOBAL,PWRCSPKENXX01,S2D5,2038,0.0
GLOBAL,PWRCSPKENXX01,S2D5,2039,0.0
GLOBAL,PWRCSPKENXX01,S2D5,2040,0.0
GLOBAL,PWRCSPKENXX01,S2D5,2041,0.0
GLOBAL,PWRCSPKENXX01,S2D5,2042,0.0
GLOBAL,PWRCSPKENXX01,S2D5,2043,0.0
GLOBAL,PWRCSPKENXX01,S2D5,2044,0.0
GLOBAL,PWRCSPKENXX01,S2D5,2045,0.0
GLOBAL,PWRCSPKENXX01,S2D5,2046,0.0
GLOBAL,PWRCSPKENXX01,S2D5,2047,0.0
GLOBAL,PWRCSPKENXX01,S2D5,2048,0.0
GLOBAL,PWRCSPKENXX01,S2D5,2049,0.0
GLOBAL,PWRCSPKENXX01,S2D5,2050,0.0
GLOBAL,PWRCSPTZAXX01,S2D5,2021,0.0
GLOBAL,PWRCSPTZAXX01,S2D5,2022,0.0
GLOBAL,PWRCSPTZAXX01,S2D5,2023,0.0
GLOBAL,PWRCSPTZAXX01,S2D5,2024,0.0
GLOBAL,PWRCSPTZAXX01,S2D5,2025,0.0
GLOBAL,PWRCSPTZAXX01,S2D5,2026,0.0
GLOBAL,PWRCSPTZAXX01,S2D5,2027,0.0
GLOBAL,PWRCSPTZAXX01,S2D5,2028,0.0
GLOBAL,PWRCSPTZAXX01,S2D5,2029,0.0
GLOBAL,PWRCSPTZAXX01,S2D5,2030,0.0
GLOBAL,PWRCSPTZAXX01,S2D5,2031,0.0
GLOBAL,PWRCSPTZAXX01,S2D5,2032,0.0
GLOBAL,PWRCSPTZAXX01,S2D5,2033,0.0
GLOBAL,PWRCSPTZAXX01,S2D5,2034,0.0
GLOBAL,PWRCSPTZAXX01,S2D5,2035,0.0
GLOBAL,PWRCSPTZAXX01,S2D5,2036,0.0
GLOBAL,PWRCSPTZAXX01,S2D5,2037,0.0
GLOBAL,PWRCSPTZAXX01,S2D5,2038,0.0
GLOBAL,PWRCSPTZAXX01,S2D5,2039,0.0
GLOBAL,PWRCSPTZAXX01,S2D5,2040,0.0
GLOBAL,PWRCSPTZAXX01,S2D5,2041,0.0
GLOBAL,PWRCSPTZAXX01,S2D5,2042,0.0
GLOBAL,PWRCSPTZAXX01,S2D5,2043,0.0
GLOBAL,PWRCSPTZAXX01,S2D5,2044,0.0
GLOBAL,PWRCSPTZAXX01,S2D5,2045,0.0
GLOBAL,PWRCSPTZAXX01,S2D5,2046,0.0
GLOBAL,PWRCSPTZAXX01,S2D5,2047,0.0
GLOBAL,PWRCSPTZAXX01,S2D5,2048,0.0
GLOBAL,PWRCSPTZAXX01,S2D5,2049,0.0
GLOBAL,PWRCSPTZAXX01,S2D5,2050,0.0
GLOBAL,PWRCSPKENXX01,S2D6,2021,0.0
GLOBAL,PWRCSPKENXX01,S2D6,2022,0.0
GLOBAL,PWRCSPKENXX01,S2D6,2023,0.0
GLOBAL,PWRCSPKENXX01,S2D6,2024,0.0
GLOBAL,PWRCSPKENXX01,S2D6,2025,0.0
GLOBAL,PWRCSPKENXX01,S2D6,2026,0.0
GLOBAL,PWRCSPKENXX01,S2D6,2027,0.0
GLOBAL,PWRCSPKENXX01,S2D6,2028,0.0
GLOBAL,PWRCSPKENXX01,S2D6,2029,0.0
GLOBAL,PWRCSPKENXX01,S2D6,2030,0.0
GLOBAL,PWRCSPKENXX01,S2D6,2031,0.0
GLOBAL,PWRCSPKENXX01,S2D6,2032,0.0
GLOBAL,PWRCSPKENXX01,S2D6,2033,0.0
GLOBAL,PWRCSPKENXX01,S2D6,2034,0.0
GLOBAL,PWRCSPKENXX01,S2D6,2035,0.0
GLOBAL,PWRCSPKENXX01,S2D6,2036,0.0
GLOBAL,PWRCSPKENXX01,S2D6,2037,0.0
GLOBAL,PWRCSPKENXX01,S2D6,2038,0.0
GLOBAL,PWRCSPKENXX01,S2D6,2039,0.0
GLOBAL,PWRCSPKENXX01,S2D6,2040,0.0
GLOBAL,PWRCSPKENXX01,S2D6,2041,0.0
GLOBAL,PWRCSPKENXX01,S2D6,2042,0.0
GLOBAL,PWRCSPKENXX01,S2D6,2043,0.0
GLOBAL,PWRCSPKENXX01,S2D6,2044,0.0
GLOBAL,PWRCSPKENXX01,S2D6,2045,0.0
GLOBAL,PWRCSPKENXX01,S2D6,2046,0.0
GLOBAL,PWRCSPKENXX01,S2D6,2047,0.0
GLOBAL,PWRCSPKENXX01,S2D6,2048,0.0
GLOBAL,PWRCSPKENXX01,S2D6,2049,0.0
GLOBAL,PWRCSPKENXX01,S2D6,2050,0.0
GLOBAL,PWRCSPTZAXX01,S2D6,2021,0.0
GLOBAL,PWRCSPTZAXX01,S2D6,2022,0.0
GLOBAL,PWRCSPTZAXX01,S2D6,2023,0.0
GLOBAL,PWRCSPTZAXX01,S2D6,2024,0.0
GLOBAL,PWRCSPTZAXX01,S2D6,2025,0.0
GLOBAL,PWRCSPTZAXX01,S2D6,2026,0.0
GLOBAL,PWRCSPTZAXX01,S2D6,2027,0.0
GLOBAL,PWRCSPTZAXX01,S2D6,2028,0.0
GLOBAL,PWRCSPTZAXX01,S2D6,2029,0.0
GLOBAL,PWRCSPTZAXX01,S2D6,2030,0.0
GLOBAL,PWRCSPTZAXX01,S2D6,2031,0.0
GLOBAL,PWRCSPTZAXX01,S2D6,2032,0.0
GLOBAL,PWRCSPTZAXX01,S2D6,2033,0.0
GLOBAL,PWRCSPTZAXX01,S2D6,2034,0.0
GLOBAL,PWRCSPTZAXX01,S2D6,2035,0.0
GLOBAL,PWRCSPTZAXX01,S2D6,2036,0.0
GLOBAL,PWRCSPTZAXX01,S2D6,2037,0.0
GLOBAL,PWRCSPTZAXX01,S2D6,2038,0.0
GLOBAL,PWRCSPTZAXX01,S2D6,2039,0.0
GLOBAL,PWRCSPTZAXX01,S2D6,2040,0.0
GLOBAL,PWRCSPTZAXX01,S2D6,2041,0.0
GLOBAL,PWRCSPTZAXX01,S2D6,2042,0.0
GLOBAL,PWRCSPTZAXX01,S2D6,2043,0.0
GLOBAL,PWRCSPTZAXX01,S2D6,2044,0.0
GLOBAL,PWRCSPTZAXX01,S2D6,2045,0.0
GLOBAL,PWRCSPTZAXX01,S2D6,2046,0.0
GLOBAL,PWRCSPTZAXX01,S2D6,2047,0.0
GLOBAL,PWRCSPTZAXX01,S2D6,2048,0.0
GLOBAL,PWRCSPTZAXX01,S2D6,2049,0.0
GLOBAL,PWRCSPTZAXX01,S2D6,2050,0.0
GLOBAL,PWRCSPKENXX01,S3D1,2021,0.0777
GLOBAL,PWRCSPKENXX01,S3D1,2022,0.0777
GLOBAL,PWRCSPKENXX01,S3D1,2023,0.0777
GLOBAL,PWRCSPKENXX01,S3D1,2024,0.0777
GLOBAL,PWRCSPKENXX01,S3D1,2025,0.0777
GLOBAL,PWRCSPKENXX01,S3D1,2026,0.0777
GLOBAL,PWRCSPKENXX01,S3D1,2027,0.0777
GLOBAL,PWRCSPKENXX01,S3D1,2028,0.0777
GLOBAL,PWRCSPKENXX01,S3D1,2029,0.0777
GLOBAL,PWRCSPKENXX01,S3D1,2030,0.0777
GLOBAL,PWRCSPKENXX01,S3D1,2031,0.0777
GLOBAL,PWRCSPKENXX01,S3D1,2032,0.0777
GLOBAL,PWRCSPKENXX01,S3D1,2033,0.0777
GLOBAL,PWRCSPKENXX01,S3D1,2034,0.0777
GLOBAL,PWRCSPKENXX01,S3D1,2035,0.0777
GLOBAL,PWRCSPKENXX01,S3D1,2036,0.0777
GLOBAL,PWRCSPKENXX01,S3D1,2037,0.0777
GLOBAL,PWRCSPKENXX01,S3D1,2038,0.0777
GLOBAL,PWRCSPKENXX01,S3D1,2039,0.0777
GLOBAL,PWRCSPKENXX01,S3D1,2040,0.0777
GLOBAL,PWRCSPKENXX01,S3D1,2041,0.0777
GLOBAL,PWRCSPKENXX01,S3D1,2042,0.0777
GLOBAL,PWRCSPKENXX01,S3D1,2043,0.0777
GLOBAL,PWRCSPKENXX01,S3D1,2044,0.0777
GLOBAL,PWRCSPKENXX01,S3D1,2045,0.0777
GLOBAL,PWRCSPKENXX01,S3D1,2046,0.0777
GLOBAL,PWRCSPKENXX01,S3D1,2047,0.0777
GLOBAL,PWRCSPKENXX01,S3D1,2048,0.0777
GLOBAL,PWRCSPKENXX01,S3D1,2049,0.0777
GLOBAL,PWRCSPKENXX01,S3D1,2050,0.0777
GLOBAL,PWRCSPTZAXX01,S3D1,2021,0.0677
GLOBAL,PWRCSPTZAXX01,S3D1,2022,0.0677
GLOBAL,PWRCSPTZAXX01,S3D1,2023,0.0677
GLOBAL,PWRCSPTZAXX01,S3D1,2024,0.0677
GLOBAL,PWRCSPTZAXX01,S3D1,2025,0.0677
GLOBAL,PWRCSPTZAXX01,S3D1,2026,0.0677
GLOBAL,PWRCSPTZAXX01,S3D1,2027,0.0677
GLOBAL,PWRCSPTZAXX01,S3D1,2028,0.0677
GLOBAL,PWRCSPTZAXX01,S3D1,2029,0.0677
GLOBAL,PWRCSPTZAXX01,S3D1,2030,0.0677
GLOBAL,PWRCSPTZAXX01,S3D1,2031,0.0677
GLOBAL,PWRCSPTZAXX01,S3D1,2032,0.0677
GLOBAL,PWRCSPTZAXX01,S3D1,2033,0.0677
GLOBAL,PWRCSPTZAXX01,S3D1,2034,0.0677
GLOBAL,PWRCSPTZAXX01,S3D1,2035,0.0677
GLOBAL,PWRCSPTZAXX01,S3D1,2036,0.0677
GLOBAL,PWRCSPTZAXX01,S3D1,2037,0.0677
GLOBAL,PWRCSPTZAXX01,S3D1,2038,0.0677
GLOBAL,PWRCSPTZAXX01,S3D1,2039,0.0677
GLOBAL,PWRCSPTZAXX01,S3D1,2040,0.0677
GLOBAL,PWRCSPTZAXX01,S3D1,2041,0.0677
GLOBAL,PWRCSPTZAXX01,S3D1,2042,0.0677
GLOBAL,PWRCSPTZAXX01,S3D1,2043,0.0677
GLOBAL,PWRCSPTZAXX01,S3D1,2044,0.0677
GLOBAL,PWRCSPTZAXX01,S3D1,2045,0.0677
GLOBAL,PWRCSPTZAXX01,S3D1,2046,0.0677
GLOBAL,PWRCSPTZAXX01,S3D1,2047,0.0677
GLOBAL,PWRCSPTZAXX01,S3D1,2048,0.0677
GLOBAL,PWRCSPTZAXX01,S3D1,2049,0.0677
GLOBAL,PWRCSPTZAXX01,S3D1,2050,0.0677
GLOBAL,PWRCSPKENXX01,S3D2,2021,1.1313
GLOBAL,PWRCSPKENXX01,S3D2,2022,1.1313
GLOBAL,PWRCSPKENXX01,S3D2,2023,1.1313
GLOBAL,PWRCSPKENXX01,S3D2,2024,1.1313
GLOBAL,PWRCSPKENXX01,S3D2,2025,1.1313
GLOBAL,PWRCSPKENXX01,S3D2,2026,1.1313
GLOBAL,PWRCSPKENXX01,S3D2,2027,1.1313
GLOBAL,PWRCSPKENXX01,S3D2,2028,1.1313
GLOBAL,PWRCSPKENXX01,S3D2,2029,1.1313
GLOBAL,PWRCSPKENXX01,S3D2,2030,1.1313
GLOBAL,PWRCSPKENXX01,S3D2,2031,1.1313
GLOBAL,PWRCSPKENXX01,S3D2,2032,1.1313
GLOBAL,PWRCSPKENXX01,S3D2,2033,1.1313
GLOBAL,PWRCSPKENXX01,S3D2,2034,1.1313
GLOBAL,PWRCSPKENXX01,S3D2,2035,1.1313
GLOBAL,PWRCSPKENXX01,S3D2,2036,1.1313
GLOBAL,PWRCSPKENXX01,S3D2,2037,1.1313
GLOBAL,PWRCSPKENXX01,S3D2,2038,1.1313
GLOBAL,PWRCSPKENXX01,S3D2,2039,1.1313
GLOBAL,PWRCSPKENXX01,S3D2,2040,1.1313
GLOBAL,PWRCSPKENXX01,S3D2,2041,1.1313
GLOBAL,PWRCSPKENXX01,S3D2,2042,1.1313
GLOBAL,PWRCSPKENXX01,S3D2,2043,1.1313
GLOBAL,PWRCSPKENXX01,S3D2,2044,1.1313
GLOBAL,PWRCSPKENXX01,S3D2,2045,1.1313
GLOBAL,PWRCSPKENXX01,S3D2,2046,1.1313
GLOBAL,PWRCSPKENXX01,S3D2,2047,1.1313
GLOBAL,PWRCSPKENXX01,S3D2,2048,1.1313
GLOBAL,PWRCSPKENXX01,S3D2,2049,1.1313
GLOBAL,PWRCSPKENXX01,S3D2,2050,1.1313
GLOBAL,PWRCSPTZAXX01,S3D2,2021,1.2566
GLOBAL,PWRCSPTZAXX01,S3D2,2022,1.2566
GLOBAL,PWRCSPTZAXX01,S3D2,2023,1.2566
GLOBAL,PWRCSPTZAXX01,S3D2,2024,1.2566
GLOBAL,PWRCSPTZAXX01,S3D2,2025,1.2566
GLOBAL,PWRCSPTZAXX01,S3D2,2026,1.2566
GLOBAL,PWRCSPTZAXX01,S3D2,2027,1.2566
GLOBAL,PWRCSPTZAXX01,S3D2,2028,1.2566
GLOBAL,PWRCSPTZAXX01,S3D2,2029,1.2566
GLOBAL,PWRCSPTZAXX01,S3D2,2030,1.2566
GLOBAL,PWRCSPTZAXX01,S3D2,2031,1.2566
GLOBAL,PWRCSPTZAXX01,S3D2,2032,1.2566
GLOBAL,PWRCSPTZAXX01,S3D2,2033,1.2566
GLOBAL,PWRCSPTZAXX01,S3D2,2034,1.2566
GLOBAL,PWRCSPTZAXX01,S3D2,2035,1.2566
GLOBAL,PWRCSPTZAXX01,S3D2,2036,1.2566
GLOBAL,PWRCSPTZAXX01,S3D2,2037,1.2566
GLOBAL,PWRCSPTZAXX01,S3D2,2038,1.2566
GLOBAL,PWRCSPTZAXX01,S3D2,2039,1.2566
GLOBAL,PWRCSPTZAXX01,S3D2,2040,1.2566
GLOBAL,PWRCSPTZAXX01,S3D2,2041,1.2566
GLOBAL,PWRCSPTZAXX01,S3D2,2042,1.2566
GLOBAL,PWRCSPTZAXX01,S3D2,2043,1.2566
GLOBAL,PWRCSPTZAXX01,S3D2,2044,1.2566
GLOBAL,PWRCSPTZAXX01,S3D2,2045,1.2566
GLOBAL,PWRCSPTZAXX01,S3D2,2046,1.2566
GLOBAL,PWRCSPTZAXX01,S3D2,2047,1.2566
GLOBAL,PWRCSPTZAXX01,S3D2,2048,1.2566
GLOBAL,PWRCSPTZAXX01,S3D2,2049,1.2566
GLOBAL,PWRCSPTZAXX01,S3D2,2050,1.2566
GLOBAL,PWRCSPKENXX01,S3D3,2021,1.2185
GLOBAL,PWRCSPKENXX01,S3D3,2022,1.2185
GLOBAL,PWRCSPKENXX01,S3D3,2023,1.2185
GLOBAL,PWRCSPKENXX01,S3D3,2024,1.2185
GLOBAL,PWRCSPKENXX01,S3D3,2025,1.2185
GLOBAL,PWRCSPKENXX01,S3D3,2026,1.2185
GLOBAL,PWRCSPKENXX01,S3D3,2027,1.2185
GLOBAL,PWRCSPKENXX01,S3D3,2028,1.2185
GLOBAL,PWRCSPKENXX01,S3D3,2029,1.2185
GLOBAL,PWRCSPKENXX01,S3D3,2030,1.2185
GLOBAL,PWRCSPKENXX01,S3D3,2031,1.2185
GLOBAL,PWRCSPKENXX01,S3D3,2032,1.2185
GLOBAL,PWRCSPKENXX01,S3D3,2033,1.2185
GLOBAL,PWRCSPKENXX01,S3D3,2034,1.2185
GLOBAL,PWRCSPKENXX01,S3D3,2035,1.2185
GLOBAL,PWRCSPKENXX01,S3D3,2036,1.2185
GLOBAL,PWRCSPKENXX01,S3D3,2037,1.2185
GLOBAL,PWRCSPKENXX01,S3D3,2038,1.2185
GLOBAL,PWRCSPKENXX01,S3D3,2039,1.2185
GLOBAL,PWRCSPKENXX01,S3D3,2040,1.2185
GLOBAL,PWRCSPKENXX01,S3D3,2041,1.2185
GLOBAL,PWRCSPKENXX01,S3D3,2042,1.2185
GLOBAL,PWRCSPKENXX01,S3D3,2043,1.2185
GLOBAL,PWRCSPKENXX01,S3D3,2044,1.2185
GLOBAL,PWRCSPKENXX01,S3D3,2045,1.2185
GLOBAL,PWRCSPKENXX01,S3D3,2046,1.2185
GLOBAL,PWRCSPKENXX01,S3D3,2047,1.2185
GLOBAL,PWRCSPKENXX01,S3D3,2048,1.2185
GLOBAL,PWRCSPKENXX01,S3D3,2049,1.2185
GLOBAL,PWRCSPKENXX01,S3D3,2050,1.2185
GLOBAL,PWRCSPTZAXX01,S3D3,2021,1.4812
GLOBAL,PWRCSPTZAXX01,S3D3,2022,1.4812
GLOBAL,PWRCSPTZAXX01,S3D3,2023,1.4812
GLOBAL,PWRCSPTZAXX01,S3D3,2024,1.4812
GLOBAL,PWRCSPTZAXX01,S3D3,2025,1.4812
GLOBAL,PWRCSPTZAXX01,S3D3,2026,1.4812
GLOBAL,PWRCSPTZAXX01,S3D3,2027,1.4812
GLOBAL,PWRCSPTZAXX01,S3D3,2028,1.4812
GLOBAL,PWRCSPTZAXX01,S3D3,2029,1.4812
GLOBAL,PWRCSPTZAXX01,S3D3,2030,1.4812
GLOBAL,PWRCSPTZAXX01,S3D3,2031,1.4812
GLOBAL,PWRCSPTZAXX01,S3D3,2032,1.4812
GLOBAL,PWRCSPTZAXX01,S3D3,2033,1.4812
GLOBAL,PWRCSPTZAXX01,S3D3,2034,1.4812
GLOBAL,PWRCSPTZAXX01,S3D3,2035,1.4812
GLOBAL,PWRCSPTZAXX01,S3D3,2036,1.4812
GLOBAL,PWRCSPTZAXX01,S3D3,2037,1.4812
GLOBAL,PWRCSPTZAXX01,S3D3,2038,1.4812
GLOBAL,PWRCSPTZAXX01,S3D3,2039,1.4812
GLOBAL,PWRCSPTZAXX01,S3D3,2040,1.4812
GLOBAL,PWRCSPTZAXX01,S3D3,2041,1.4812
GLOBAL,PWRCSPTZAXX01,S3D3,2042,1.4812
GLOBAL,PWRCSPTZAXX01,S3D3,2043,1.4812
GLOBAL,PWRCSPTZAXX01,S3D3,2044,1.4812
GLOBAL,PWRCSPTZAXX01,S3D3,2045,1.4812
GLOBAL,PWRCSPTZAXX01,S3D3,2046,1.4812
GLOBAL,PWRCSPTZAXX01,S3D3,2047,1.4812
GLOBAL,PWRCSPTZAXX01,S3D3,2048,1.4812
GLOBAL,PWRCSPTZAXX01,S3D3,2049,1.4812
GLOBAL,PWRCSPTZAXX01,S3D3,2050,1.4812
GLOBAL,PWRCSPKENXX01,S3D4,2021,0.2006
GLOBAL,PWRCSPKENXX01,S3D4,2022,0.2006
GLOBAL,PWRCSPKENXX01,S3D4,2023,0.2006
GLOBAL,PWRCSPKENXX01,S3D4,2024,0.2006
GLOBAL,PWRCSPKENXX01,S3D4,2025,0.2006
GLOBAL,PWRCSPKENXX01,S3D4,2026,0.2006
GLOBAL,PWRCSPKENXX01,S3D4,2027,0.2006
GLOBAL,PWRCSPKENXX01,S3D4,2028,0.2006
GLOBAL,PWRCSPKENXX01,S3D4,2029,0.2006
GLOBAL,PWRCSPKENXX01,S3D4,2030,0.2006
GLOBAL,PWRCSPKENXX01,S3D4,2031,0.2006
GLOBAL,PWRCSPKENXX01,S3D4,2032,0.2006
GLOBAL,PWRCSPKENXX01,S3D4,2033,0.2006
GLOBAL,PWRCSPKENXX01,S3D4,2034,0.2006
GLOBAL,PWRCSPKENXX01,S3D4,2035,0.2006
GLOBAL,PWRCSPKENXX01,S3D4,2036,0.2006
GLOBAL,PWRCSPKENXX01,S3D4,2037,0.2006
GLOBAL,PWRCSPKENXX01,S3D4,2038,0.2006
GLOBAL,PWRCSPKENXX01,S3D4,2039,0.2006
GLOBAL,PWRCSPKENXX01,S3D4,2040,0.2006
GLOBAL,PWRCSPKENXX01,S3D4,2041,0.2006
GLOBAL,PWRCSPKENXX01,S3D4,2042,0.2006
GLOBAL,PWRCSPKENXX01,S3D4,2043,0.2006
GLOBAL,PWRCSPKENXX01,S3D4,2044,0.2006
GLOBAL,PWRCSPKENXX01,S3D4,2045,0.2006
GLOBAL,PWRCSPKENXX01,S3D4,2046,0.2006
GLOBAL,PWRCSPKENXX01,S3D4,2047,0.2006
GLOBAL,PWRCSPKENXX01,S3D4,2048,0.2006
GLOBAL,PWRCSPKENXX01,S3D4,2049,0.2006
GLOBAL,PWRCSPKENXX01,S3D4,2050,0.2006
GLOBAL,PWRCSPTZAXX01,S3D4,2021,0.3051
GLOBAL,PWRCSPTZAXX01,S3D4,2022,0.3051
GLOBAL,PWRCSPTZAXX01,S3D4,2023,0.3051
GLOBAL,PWRCSPTZAXX01,S3D4,2024,0.3051
GLOBAL,PWRCSPTZAXX01,S3D4,2025,0.3051
GLOBAL,PWRCSPTZAXX01,S3D4,2026,0.3051
GLOBAL,PWRCSPTZAXX01,S3D4,2027,0.3051
GLOBAL,PWRCSPTZAXX01,S3D4,2028,0.3051
GLOBAL,PWRCSPTZAXX01,S3D4,2029,0.3051
GLOBAL,PWRCSPTZAXX01,S3D4,2030,0.3051
GLOBAL,PWRCSPTZAXX01,S3D4,2031,0.3051
GLOBAL,PWRCSPTZAXX01,S3D4,2032,0.3051
GLOBAL,PWRCSPTZAXX01,S3D4,2033,0.3051
GLOBAL,PWRCSPTZAXX01,S3D4,2034,0.3051
GLOBAL,PWRCSPTZAXX01,S3D4,2035,0.3051
GLOBAL,PWRCSPTZAXX01,S3D4,2036,0.3051
GLOBAL,PWRCSPTZAXX01,S3D4,2037,0.3051
GLOBAL,PWRCSPTZAXX01,S3D4,2038,0.3051
GLOBAL,PWRCSPTZAXX01,S3D4,2039,0.3051
GLOBAL,PWRCSPTZAXX01,S3D4,2040,0.3051
GLOBAL,PWRCSPTZAXX01,S3D4,2041,0.3051
GLOBAL,PWRCSPTZAXX01,S3D4,2042,0.3051
GLOBAL,PWRCSPTZAXX01,S3D4,2043,0.3051
GLOBAL,PWRCSPTZAXX01,S3D4,2044,0.3051
GLOBAL,PWRCSPTZAXX01,S3D4,2045,0.3051
GLOBAL,PWRCSPTZAXX01,S3D4,2046,0.3051
GLOBAL,PWRCSPTZAXX01,S3D4,2047,0.3051
GLOBAL,PWRCSPTZAXX01,S3D4,2048,0.3051
GLOBAL,PWRCSPTZAXX01,S3D4,2049,0.3051
GLOBAL,PWRCSPTZAXX01,S3D4,2050,0.3051
GLOBAL,PWRCSPKENXX01,S3D5,2021,0.0
GLOBAL,PWRCSPKENXX01,S3D5,2022,0.0
GLOBAL,PWRCSPKENXX01,S3D5,2023,0.0
GLOBAL,PWRCSPKENXX01,S3D5,2024,0.0
GLOBAL,PWRCSPKENXX01,S3D5,2025,0.0
GLOBAL,PWRCSPKENXX01,S3D5,2026,0.0
GLOBAL,PWRCSPKENXX01,S3D5,2027,0.0
GLOBAL,PWRCSPKENXX01,S3D5,2028,0.0
GLOBAL,PWRCSPKENXX01,S3D5,2029,0.0
GLOBAL,PWRCSPKENXX01,S3D5,2030,0.0
GLOBAL,PWRCSPKENXX01,S3D5,2031,0.0
GLOBAL,PWRCSPKENXX01,S3D5,2032,0.0
GLOBAL,PWRCSPKENXX01,S3D5,2033,0.0
GLOBAL,PWRCSPKENXX01,S3D5,2034,0.0
GLOBAL,PWRCSPKENXX01,S3D5,2035,0.0
GLOBAL,PWRCSPKENXX01,S3D5,2036,0.0
GLOBAL,PWRCSPKENXX01,S3D5,2037,0.0
GLOBAL,PWRCSPKENXX01,S3D5,2038,0.0
GLOBAL,PWRCSPKENXX01,S3D5,2039,0.0
GLOBAL,PWRCSPKENXX01,S3D5,2040,0.0
GLOBAL,PWRCSPKENXX01,S3D5,2041,0.0
GLOBAL,PWRCSPKENXX01,S3D5,2042,0.0
GLOBAL,PWRCSPKENXX01,S3D5,2043,0.0
GLOBAL,PWRCSPKENXX01,S3D5,2044,0.0
GLOBAL,PWRCSPKENXX01,S3D5,2045,0.0
GLOBAL,PWRCSPKENXX01,S3D5,2046,0.0
GLOBAL,PWRCSPKENXX01,S3D5,2047,0.0
GLOBAL,PWRCSPKENXX01,S3D5,2048,0.0
GLOBAL,PWRCSPKENXX01,S3D5,2049,0.0
GLOBAL,PWRCSPKENXX01,S3D5,2050,0.0
GLOBAL,PWRCSPTZAXX01,S3D5,2021,0.0
GLOBAL,PWRCSPTZAXX01,S3D5,2022,0.0
GLOBAL,PWRCSPTZAXX01,S3D5,2023,0.0
GLOBAL,PWRCSPTZAXX01,S3D5,2024,0.0
GLOBAL,PWRCSPTZAXX01,S3D5,2025,0.0
GLOBAL,PWRCSPTZAXX01,S3D5,2026,0.0
GLOBAL,PWRCSPTZAXX01,S3D5,2027,0.0
GLOBAL,PWRCSPTZAXX01,S3D5,2028,0.0
GLOBAL,PWRCSPTZAXX01,S3D5,2029,0.0
GLOBAL,PWRCSPTZAXX01,S3D5,2030,0.0
GLOBAL,PWRCSPTZAXX01,S3D5,2031,0.0
GLOBAL,PWRCSPTZAXX01,S3D5,2032,0.0
GLOBAL,PWRCSPTZAXX01,S3D5,2033,0.0
GLOBAL,PWRCSPTZAXX01,S3D5,2034,0.0
GLOBAL,PWRCSPTZAXX01,S3D5,2035,0.0
GLOBAL,PWRCSPTZAXX01,S3D5,2036,0.0
GLOBAL,PWRCSPTZAXX01,S3D5,2037,0.0
GLOBAL,PWRCSPTZAXX01,S3D5,2038,0.0
GLOBAL,PWRCSPTZAXX01,S3D5,2039,0.0
GLOBAL,PWRCSPTZAXX01,S3D5,2040,0.0
GLOBAL,PWRCSPTZAXX01,S3D5,2041,0.0
GLOBAL,PWRCSPTZAXX01,S3D5,2042,0.0
GLOBAL,PWRCSPTZAXX01,S3D5,2043,0.0
GLOBAL,PWRCSPTZAXX01,S3D5,2044,0.0
GLOBAL,PWRCSPTZAXX01,S3D5,2045,0.0
GLOBAL,PWRCSPTZAXX01,S3D5,2046,0.0
GLOBAL,PWRCSPTZAXX01,S3D5,2047,0.0
GLOBAL,PWRCSPTZAXX01,S3D5,2048,0.0
GLOBAL,PWRCSPTZAXX01,S3D5,2049,0.0
GLOBAL,PWRCSPTZAXX01,S3D5,2050,0.0
GLOBAL,PWRCSPKENXX01,S3D6,2021,0.0
GLOBAL,PWRCSPKENXX01,S3D6,2022,0.0
GLOBAL,PWRCSPKENXX01,S3D6,2023,0.0
GLOBAL,PWRCSPKENXX01,S3D6,2024,0.0
GLOBAL,PWRCSPKENXX01,S3D6,2025,0.0
GLOBAL,PWRCSPKENXX01,S3D6,2026,0.0
GLOBAL,PWRCSPKENXX01,S3D6,2027,0.0
GLOBAL,PWRCSPKENXX01,S3D6,2028,0.0
GLOBAL,PWRCSPKENXX01,S3D6,2029,0.0
GLOBAL,PWRCSPKENXX01,S3D6,2030,0.0
GLOBAL,PWRCSPKENXX01,S3D6,2031,0.0
GLOBAL,PWRCSPKENXX01,S3D6,2032,0.0
GLOBAL,PWRCSPKENXX01,S3D6,2033,0.0
GLOBAL,PWRCSPKENXX01,S3D6,2034,0.0
GLOBAL,PWRCSPKENXX01,S3D6,2035,0.0
GLOBAL,PWRCSPKENXX01,S3D6,2036,0.0
GLOBAL,PWRCSPKENXX01,S3D6,2037,0.0
GLOBAL,PWRCSPKENXX01,S3D6,2038,0.0
GLOBAL,PWRCSPKENXX01,S3D6,2039,0.0
GLOBAL,PWRCSPKENXX01,S3D6,2040,0.0
GLOBAL,PWRCSPKENXX01,S3D6,2041,0.0
GLOBAL,PWRCSPKENXX01,S3D6,2042,0.0
GLOBAL,PWRCSPKENXX01,S3D6,2043,0.0
GLOBAL,PWRCSPKENXX01,S3D6,2044,0.0
GLOBAL,PWRCSPKENXX01,S3D6,2045,0.0
GLOBAL,PWRCSPKENXX01,S3D6,2046,0.0
GLOBAL,PWRCSPKENXX01,S3D6,2047,0.0
GLOBAL,PWRCSPKENXX01,S3D6,2048,0.0
GLOBAL,PWRCSPKENXX01,S3D6,2049,0.0
GLOBAL,PWRCSPKENXX01,S3D6,2050,0.0
GLOBAL,PWRCSPTZAXX01,S3D6,2021,0.0
GLOBAL,PWRCSPTZAXX01,S3D6,2022,0.0
GLOBAL,PWRCSPTZAXX01,S3D6,2023,0.0
GLOBAL,PWRCSPTZAXX01,S3D6,2024,0.0
GLOBAL,PWRCSPTZAXX01,S3D6,2025,0.0
GLOBAL,PWRCSPTZAXX01,S3D6,2026,0.0
GLOBAL,PWRCSPTZAXX01,S3D6,2027,0.0
GLOBAL,PWRCSPTZAXX01,S3D6,2028,0.0
GLOBAL,PWRCSPTZAXX01,S3D6,2029,0.0
GLOBAL,PWRCSPTZAXX01,S3D6,2030,0.0
GLOBAL,PWRCSPTZAXX01,S3D6,2031,0.0
GLOBAL,PWRCSPTZAXX01,S3D6,2032,0.0
GLOBAL,PWRCSPTZAXX01,S3D6,2033,0.0
GLOBAL,PWRCSPTZAXX01,S3D6,2034,0.0
GLOBAL,PWRCSPTZAXX01,S3D6,2035,0.0
GLOBAL,PWRCSPTZAXX01,S3D6,2036,0.0
GLOBAL,PWRCSPTZAXX01,S3D6,2037,0.0
GLOBAL,PWRCSPTZAXX01,S3D6,2038,0.0
GLOBAL,PWRCSPTZAXX01,S3D6,2039,0.0
GLOBAL,PWRCSPTZAXX01,S3D6,2040,0.0
GLOBAL,PWRCSPTZAXX01,S3D6,2041,0.0
GLOBAL,PWRCSPTZAXX01,S3D6,2042,0.0
GLOBAL,PWRCSPTZAXX01,S3D6,2043,0.0
GLOBAL,PWRCSPTZAXX01,S3D6,2044,0.0
GLOBAL,PWRCSPTZAXX01,S3D6,2045,0.0
GLOBAL,PWRCSPTZAXX01,S3D6,2046,0.0
GLOBAL,PWRCSPTZAXX01,S3D6,2047,0.0
GLOBAL,PWRCSPTZAXX01,S3D6,2048,0.0
GLOBAL,PWRCSPTZAXX01,S3D6,2049,0.0
GLOBAL,PWRCSPTZAXX01,S3D6,2050,0.0
GLOBAL,PWRSPVKENXX01,S1D1,2021,0.0326
GLOBAL,PWRSPVKENXX01,S1D1,2022,0.0326
GLOBAL,PWRSPVKENXX01,S1D1,2023,0.0326
GLOBAL,PWRSPVKENXX01,S1D1,2024,0.0326
GLOBAL,PWRSPVKENXX01,S1D1,2025,0.0326
GLOBAL,PWRSPVKENXX01,S1D1,2026,0.0326
GLOBAL,PWRSPVKENXX01,S1D1,2027,0.0326
GLOBAL,PWRSPVKENXX01,S1D1,2028,0.0326
GLOBAL,PWRSPVKENXX01,S1D1,2029,0.0326
GLOBAL,PWRSPVKENXX01,S1D1,2030,0.0326
GLOBAL,PWRSPVKENXX01,S1D1,2031,0.0326
GLOBAL,PWRSPVKENXX01,S1D1,2032,0.0326
GLOBAL,PWRSPVKENXX01,S1D1,2033,0.0326
GLOBAL,PWRSPVKENXX01,S1D1,2034,0.0326
GLOBAL,PWRSPVKENXX01,S1D1,2035,0.0326
GLOBAL,PWRSPVKENXX01,S1D1,2036,0.0326
GLOBAL,PWRSPVKENXX01,S1D1,2037,0.0326
GLOBAL,PWRSPVKENXX01,S1D1,2038,0.0326
GLOBAL,PWRSPVKENXX01,S1D1,2039,0.0326
GLOBAL,PWRSPVKENXX01,S1D1,2040,0.0326
GLOBAL,PWRSPVKENXX01,S1D1,2041,0.0326
GLOBAL,PWRSPVKENXX01,S1D1,2042,0.0326
GLOBAL,PWRSPVKENXX01,S1D1,2043,0.0326
GLOBAL,PWRSPVKENXX01,S1D1,2044,0.0326
GLOBAL,PWRSPVKENXX01,S1D1,2045,0.0326
GLOBAL,PWRSPVKENXX01,S1D1,2046,0.0326
GLOBAL,PWRSPVKENXX01,S1D1,2047,0.0326
GLOBAL,PWRSPVKENXX01,S1D1,2048,0.0326
GLOBAL,PWRSPVKENXX01,S1D1,2049,0.0326
GLOBAL,PWRSPVKENXX01,S1D1,2050,0.0326
GLOBAL,PWRSPVTZAXX01,S1D1,2021,0.0222
GLOBAL,PWRSPVTZAXX01,S1D1,2022,0.0222
GLOBAL,PWRSPVTZAXX01,S1D1,2023,0.0222
GLOBAL,PWRSPVTZAXX01,S1D1,2024,0.0222
GLOBAL,PWRSPVTZAXX01,S1D1,2025,0.0222
GLOBAL,PWRSPVTZAXX01,S1D1,2026,0.0222
GLOBAL,PWRSPVTZAXX01,S1D1,2027,0.0222
GLOBAL,PWRSPVTZAXX01,S1D1,2028,0.0222
GLOBAL,PWRSPVTZAXX01,S1D1,2029,0.0222
GLOBAL,PWRSPVTZAXX01,S1D1,2030,0.0222
GLOBAL,PWRSPVTZAXX01,S1D1,2031,0.0222
GLOBAL,PWRSPVTZAXX01,S1D1,2032,0.0222
GLOBAL,PWRSPVTZAXX01,S1D1,2033,0.0222
GLOBAL,PWRSPVTZAXX01,S1D1,2034,0.0222
GLOBAL,PWRSPVTZAXX01,S1D1,2035,0.0222
GLOBAL,PWRSPVTZAXX01,S1D1,2036,0.0222
GLOBAL,PWRSPVTZAXX01,S1D1,2037,0.0222
GLOBAL,PWRSPVTZAXX01,S1D1,2038,0.0222
GLOBAL,PWRSPVTZAXX01,S1D1,2039,0.0222
GLOBAL,PWRSPVTZAXX01,S1D1,2040,0.0222
GLOBAL,PWRSPVTZAXX01,S1D1,2041,0.0222
GLOBAL,PWRSPVTZAXX01,S1D1,2042,0.0222
GLOBAL,PWRSPVTZAXX01,S1D1,2043,0.0222
GLOBAL,PWRSPVTZAXX01,S1D1,2044,0.0222
GLOBAL,PWRSPVTZAXX01,S1D1,2045,0.0222
GLOBAL,PWRSPVTZAXX01,S1D1,2046,0.0222
GLOBAL,PWRSPVTZAXX01,S1D1,2047,0.0222
GLOBAL,PWRSPVTZAXX01,S1D1,2048,0.0222
GLOBAL,PWRSPVTZAXX01,S1D1,2049,0.0222
GLOBAL,PWRSPVTZAXX01,S1D1,2050,0.0222
GLOBAL,PWRSPVKENXX01,S1D2,2021,0.4635
GLOBAL,PWRSPVKENXX01,S1D2,2022,0.4635
GLOBAL,PWRSPVKENXX01,S1D2,2023,0.4635
GLOBAL,PWRSPVKENXX01,S1D2,2024,0.4635
GLOBAL,PWRSPVKENXX01,S1D2,2025,0.4635
GLOBAL,PWRSPVKENXX01,S1D2,2026,0.4635
GLOBAL,PWRSPVKENXX01,S1D2,2027,0.4635
GLOBAL,PWRSPVKENXX01,S1D2,2028,0.4635
GLOBAL,PWRSPVKENXX01,S1D2,2029,0.4635
GLOBAL,PWRSPVKENXX01,S1D2,2030,0.4635
GLOBAL,PWRSPVKENXX01,S1D2,2031,0.4635
GLOBAL,PWRSPVKENXX01,S1D2,2032,0.4635
GLOBAL,PWRSPVKENXX01,S1D2,2033,0.4635
GLOBAL,PWRSPVKENXX01,S1D2,2034,0.4635
GLOBAL,PWRSPVKENXX01,S1D2,2035,0.4635
GLOBAL,PWRSPVKENXX01,S1D2,2036,0.4635
GLOBAL,PWRSPVKENXX01,S1D2,2037,0.4635
GLOBAL,PWRSPVKENXX01,S1D2,2038,0.4635
GLOBAL,PWRSPVKENXX01,S1D2,2039,0.4635
GLOBAL,PWRSPVKENXX01,S1D2,2040,0.4635
GLOBAL,PWRSPVKENXX01,S1D2,2041,0.4635
GLOBAL,PWRSPVKENXX01,S1D2,2042,0.4635
GLOBAL,PWRSPVKENXX01,S1D2,2043,0.4635
GLOBAL,PWRSPVKENXX01,S1D2,2044,0.4635
GLOBAL,PWRSPVKENXX01,S1D2,2045,0.4635
GLOBAL,PWRSPVKENXX01,S1D2,2046,0.4635
GLOBAL,PWRSPVKENXX01,S1D2,2047,0.4635
GLOBAL,PWRSPVKENXX01,S1D2,2048,0.4635
GLOBAL,PWRSPVKENXX01,S1D2,2049,0.4635
GLOBAL,PWRSPVKENXX01,S1D2,2050,0.4635
GLOBAL,PWRSPVTZAXX01,S1D2,2021,0.4585
GLOBAL,PWRSPVTZAXX01,S1D2,2022,0.4585
GLOBAL,PWRSPVTZAXX01,S1D2,2023,0.4585
GLOBAL,PWRSPVTZAXX01,S1D2,2024,0.4585
GLOBAL,PWRSPVTZAXX01,S1D2,2025,0.4585
GLOBAL,PWRSPVTZAXX01,S1D2,2026,0.4585
GLOBAL,PWRSPVTZAXX01,S1D2,2027,0.4585
GLOBAL,PWRSPVTZAXX01,S1D2,2028,0.4585
GLOBAL,PWRSPVTZAXX01,S1D2,2029,0.4585
GLOBAL,PWRSPVTZAXX01,S1D2,2030,0.4585
GLOBAL,PWRSPVTZAXX01,S1D2,2031,0.4585
GLOBAL,PWRSPVTZAXX01,S1D2,2032,0.4585
GLOBAL,PWRSPVTZAXX01,S1D2,2033,0.4585
GLOBAL,PWRSPVTZAXX01,S1D2,2034,0.4585
GLOBAL,PWRSPVTZAXX01,S1D2,2035,0.4585
GLOBAL,PWRSPVTZAXX01,S1D2,2036,0.4585
GLOBAL,PWRSPVTZAXX01,S1D2,2037,0.4585
GLOBAL,PWRSPVTZAXX01,S1D2,2038,0.4585
GLOBAL,PWRSPVTZAXX01,S1D2,2039,0.4585
GLOBAL,PWRSPVTZAXX01,S1D2,2040,0.4585
GLOBAL,PWRSPVTZAXX01,S1D2,2041,0.4585
GLOBAL,PWRSPVTZAXX01,S1D2,2042,0.4585
GLOBAL,PWRSPVTZAXX01,S1D2,2043,0.4585
GLOBAL,PWRSPVTZAXX01,S1D2,2044,0.4585
GLOBAL,PWRSPVTZAXX01,S1D2,2045,0.4585
GLOBAL,PWRSPVTZAXX01,S1D2,2046,0.4585
GLOBAL,PWRSPVTZAXX01,S1D2,2047,0.4585
GLOBAL,PWRSPVTZAXX01,S1D2,2048,0.4585
GLOBAL,PWRSPVTZAXX01,S1D2,2049,0.4585
GLOBAL,PWRSPVTZAXX01,S1D2,2050,0.4585
GLOBAL,PWRSPVKENXX01,S1D3,2021,0.5128
GLOBAL,PWRSPVKENXX01,S1D3,2022,0.5128
GLOBAL,PWRSPVKENXX01,S1D3,2023,0.5128
GLOBAL,PWRSPVKENXX01,S1D3,2024,0.5128
GLOBAL,PWRSPVKENXX01,S1D3,2025,0.5128
GLOBAL,PWRSPVKENXX01,S1D3,2026,0.5128
GLOBAL,PWRSPVKENXX01,S1D3,2027,0.5128
GLOBAL,PWRSPVKENXX01,S1D3,2028,0.5128
GLOBAL,PWRSPVKENXX01,S1D3,2029,0.5128
GLOBAL,PWRSPVKENXX01,S1D3,2030,0.5128
GLOBAL,PWRSPVKENXX01,S1D3,2031,0.5128
GLOBAL,PWRSPVKENXX01,S1D3,2032,0.5128
GLOBAL,PWRSPVKENXX01,S1D3,2033,0.5128
GLOBAL,PWRSPVKENXX01,S1D3,2034,0.5128
GLOBAL,PWRSPVKENXX01,S1D3,2035,0.5128
GLOBAL,PWRSPVKENXX01,S1D3,2036,0.5128
GLOBAL,PWRSPVKENXX01,S1D3,2037,0.5128
GLOBAL,PWRSPVKENXX01,S1D3,2038,0.5128
GLOBAL,PWRSPVKENXX01,S1D3,2039,0.5128
GLOBAL,PWRSPVKENXX01,S1D3,2040,0.5128
GLOBAL,PWRSPVKENXX01,S1D3,2041,0.5128
GLOBAL,PWRSPVKENXX01,S1D3,2042,0.5128
GLOBAL,PWRSPVKENXX01,S1D3,2043,0.5128
GLOBAL,PWRSPVKENXX01,S1D3,2044,0.5128
GLOBAL,PWRSPVKENXX01,S1D3,2045,0.5128
GLOBAL,PWRSPVKENXX01,S1D3,2046,0.5128
GLOBAL,PWRSPVKENXX01,S1D3,2047,0.5128
GLOBAL,PWRSPVKENXX01,S1D3,2048,0.5128
GLOBAL,PWRSPVKENXX01,S1D3,2049,0.5128
GLOBAL,PWRSPVKENXX01,S1D3,2050,0.5128
GLOBAL,PWRSPVTZAXX01,S1D3,2021,0.5507
GLOBAL,PWRSPVTZAXX01,S1D3,2022,0.5507
GLOBAL,PWRSPVTZAXX01,S1D3,2023,0.5507
GLOBAL,PWRSPVTZAXX01,S1D3,2024,0.5507
GLOBAL,PWRSPVTZAXX01,S1D3,2025,0.5507
GLOBAL,PWRSPVTZAXX01,S1D3,2026,0.5507
GLOBAL,PWRSPVTZAXX01,S1D3,2027,0.5507
GLOBAL,PWRSPVTZAXX01,S1D3,2028,0.5507
GLOBAL,PWRSPVTZAXX01,S1D3,2029,0.5507
GLOBAL,PWRSPVTZAXX01,S1D3,2030,0.5507
GLOBAL,PWRSPVTZAXX01,S1D3,2031,0.5507
GLOBAL,PWRSPVTZAXX01,S1D3,2032,0.5507
GLOBAL,PWRSPVTZAXX01,S1D3,2033,0.5507
GLOBAL,PWRSPVTZAXX01,S1D3,2034,0.5507
GLOBAL,PWRSPVTZAXX01,S1D3,2035,0.5507
GLOBAL,PWRSPVTZAXX01,S1D3,2036,0.5507
GLOBAL,PWRSPVTZAXX01,S1D3,2037,0.5507
GLOBAL,PWRSPVTZAXX01,S1D3,2038,0.5507
GLOBAL,PWRSPVTZAXX01,S1D3,2039,0.5507
GLOBAL,PWRSPVTZAXX01,S1D3,2040,0.5507
GLOBAL,PWRSPVTZAXX01,S1D3,2041,0.5507
GLOBAL,PWRSPVTZAXX01,S1D3,2042,0.5507
GLOBAL,PWRSPVTZAXX01,S1D3,2043,0.5507
GLOBAL,PWRSPVTZAXX01,S1D3,2044,0.5507
GLOBAL,PWRSPVTZAXX01,S1D3,2045,0.5507
GLOBAL,PWRSPVTZAXX01,S1D3,2046,0.5507
GLOBAL,PWRSPVTZAXX01,S1D3,2047,0.5507
GLOBAL,PWRSPVTZAXX01,S1D3,2048,0.5507
GLOBAL,PWRSPVTZAXX01,S1D3,2049,0.5507
GLOBAL,PWRSPVTZAXX01,S1D3,2050,0.5507
GLOBAL,PWRSPVKENXX01,S1D4,2021,0.09
GLOBAL,PWRSPVKENXX01,S1D4,2022,0.09
GLOBAL,PWRSPVKENXX01,S1D4,2023,0.09
GLOBAL,PWRSPVKENXX01,S1D4,2024,0.09
GLOBAL,PWRSPVKENXX01,S1D4,2025,0.09
GLOBAL,PWRSPVKENXX01,S1D4,2026,0.09
GLOBAL,PWRSPVKENXX01,S1D4,2027,0.09
GLOBAL,PWRSPVKENXX01,S1D4,2028,0.09
GLOBAL,PWRSPVKENXX01,S1D4,2029,0.09
GLOBAL,PWRSPVKENXX01,S1D4,2030,0.09
GLOBAL,PWRSPVKENXX01,S1D4,2031,0.09
GLOBAL,PWRSPVKENXX01,S1D4,2032,0.09
GLOBAL,PWRSPVKENXX01,S1D4,2033,0.09
GLOBAL,PWRSPVKENXX01,S1D4,2034,0.09
GLOBAL,PWRSPVKENXX01,S1D4,2035,0.09
GLOBAL,PWRSPVKENXX01,S1D4,2036,0.09
GLOBAL,PWRSPVKENXX01,S1D4,2037,0.09
GLOBAL,PWRSPVKENXX01,S1D4,2038,0.09
GLOBAL,PWRSPVKENXX01,S1D4,2039,0.09
GLOBAL,PWRSPVKENXX01,S1D4,2040,0.09
GLOBAL,PWRSPVKENXX01,S1D4,2041,0.09
GLOBAL,PWRSPVKENXX01,S1D4,2042,0.09
GLOBAL,PWRSPVKENXX01,S1D4,2043,0.09
GLOBAL,PWRSPVKENXX01,S1D4,2044,0.09
GLOBAL,PWRSPVKENXX01,S1D4,2045,0.09
GLOBAL,PWRSPVKENXX01,S1D4,2046,0.09
GLOBAL,PWRSPVKENXX01,S1D4,2047,0.09
GLOBAL,PWRSPVKENXX01,S1D4,2048,0.09
GLOBAL,PWRSPVKENXX01,S1D4,2049,0.09
GLOBAL,PWRSPVKENXX01,S1D4,2050,0.09
GLOBAL,PWRSPVTZAXX01,S1D4,2021,0.1111
GLOBAL,PWRSPVTZAXX01,S1D4,2022,0.1111
GLOBAL,PWRSPVTZAXX01,S1D4,2023,0.1111
GLOBAL,PWRSPVTZAXX01,S1D4,2024,0.1111
GLOBAL,PWRSPVTZAXX01,S1D4,2025,0.1111
GLOBAL,PWRSPVTZAXX01,S1D4,2026,0.1111
GLOBAL,PWRSPVTZAXX01,S1D4,2027,0.1111
GLOBAL,PWRSPVTZAXX01,S1D4,2028,0.1111
GLOBAL,PWRSPVTZAXX01,S1D4,2029,0.1111
GLOBAL,PWRSPVTZAXX01,S1D4,2030,0.1111
GLOBAL,PWRSPVTZAXX01,S1D4,2031,0.1111
GLOBAL,PWRSPVTZAXX01,S1D4,2032,0.1111
GLOBAL,PWRSPVTZAXX01,S1D4,2033,0.1111
GLOBAL,PWRSPVTZAXX01,S1D4,2034,0.1111
GLOBAL,PWRSPVTZAXX01,S1D4,2035,0.1111
GLOBAL,PWRSPVTZAXX01,S1D4,2036,0.1111
GLOBAL,PWRSPVTZAXX01,S1D4,2037,0.1111
GLOBAL,PWRSPVTZAXX01,S1D4,2038,0.1111
GLOBAL,PWRSPVTZAXX01,S1D4,2039,0.1111
GLOBAL,PWRSPVTZAXX01,S1D4,2040,0.1111
GLOBAL,PWRSPVTZAXX01,S1D4,2041,0.1111
GLOBAL,PWRSPVTZAXX01,S1D4,2042,0.1111
GLOBAL,PWRSPVTZAXX01,S1D4,2043,0.1111
GLOBAL,PWRSPVTZAXX01,S1D4,2044,0.1111
GLOBAL,PWRSPVTZAXX01,S1D4,2045,0.1111
GLOBAL,PWRSPVTZAXX01,S1D4,2046,0.1111
GLOBAL,PWRSPVTZAXX01,S1D4,2047,0.1111
GLOBAL,PWRSPVTZAXX01,S1D4,2048,0.1111
GLOBAL,PWRSPVTZAXX01,S1D4,2049,0.1111
GLOBAL,PWRSPVTZAXX01,S1D4,2050,0.1111
GLOBAL,PWRSPVKENXX01,S1D5,2021,0.0
GLOBAL,PWRSPVKENXX01,S1D5,2022,0.0
GLOBAL,PWRSPVKENXX01,S1D5,2023,0.0
GLOBAL,PWRSPVKENXX01,S1D5,2024,0.0
GLOBAL,PWRSPVKENXX01,S1D5,2025,0.0
GLOBAL,PWRSPVKENXX01,S1D5,2026,0.0
GLOBAL,PWRSPVKENXX01,S1D5,2027,0.0
GLOBAL,PWRSPVKENXX01,S1D5,2028,0.0
GLOBAL,PWRSPVKENXX01,S1D5,2029,0.0
GLOBAL,PWRSPVKENXX01,S1D5,2030,0.0
GLOBAL,PWRSPVKENXX01,S1D5,2031,0.0
GLOBAL,PWRSPVKENXX01,S1D5,2032,0.0
GLOBAL,PWRSPVKENXX01,S1D5,2033,0.0
GLOBAL,PWRSPVKENXX01,S1D5,2034,0.0
GLOBAL,PWRSPVKENXX01,S1D5,2035,0.0
GLOBAL,PWRSPVKENXX01,S1D5,2036,0.0
GLOBAL,PWRSPVKENXX01,S1D5,2037,0.0
GLOBAL,PWRSPVKENXX01,S1D5,2038,0.0
GLOBAL,PWRSPVKENXX01,S1D5,2039,0.0
GLOBAL,PWRSPVKENXX01,S1D5,2040,0.0
GLOBAL,PWRSPVKENXX01,S1D5,2041,0.0
GLOBAL,PWRSPVKENXX01,S1D5,2042,0.0
GLOBAL,PWRSPVKENXX01,S1D5,2043,0.0
GLOBAL,PWRSPVKENXX01,S1D5,2044,0.0
GLOBAL,PWRSPVKENXX01,S1D5,2045,0.0
GLOBAL,PWRSPVKENXX01,S1D5,2046,0.0
GLOBAL,PWRSPVKENXX01,S1D5,2047,0.0
GLOBAL,PWRSPVKENXX01,S1D5,2048,0.0
GLOBAL,PWRSPVKENXX01,S1D5,2049,0.0
GLOBAL,PWRSPVKENXX01,S1D5,2050,0.0
GLOBAL,PWRSPVTZAXX01,S1D5,2021,0.0
GLOBAL,PWRSPVTZAXX01,S1D5,2022,0.0
GLOBAL,PWRSPVTZAXX01,S1D5,2023,0.0
GLOBAL,PWRSPVTZAXX01,S1D5,2024,0.0
GLOBAL,PWRSPVTZAXX01,S1D5,2025,0.0
GLOBAL,PWRSPVTZAXX01,S1D5,2026,0.0
GLOBAL,PWRSPVTZAXX01,S1D5,2027,0.0
GLOBAL,PWRSPVTZAXX01,S1D5,2028,0.0
GLOBAL,PWRSPVTZAXX01,S1D5,2029,0.0
GLOBAL,PWRSPVTZAXX01,S1D5,2030,0.0
GLOBAL,PWRSPVTZAXX01,S1D5,2031,0.0
GLOBAL,PWRSPVTZAXX01,S1D5,2032,0.0
GLOBAL,PWRSPVTZAXX01,S1D5,2033,0.0
GLOBAL,PWRSPVTZAXX01,S1D5,2034,0.0
GLOBAL,PWRSPVTZAXX01,S1D5,2035,0.0
GLOBAL,PWRSPVTZAXX01,S1D5,2036,0.0
GLOBAL,PWRSPVTZAXX01,S1D5,2037,0.0
GLOBAL,PWRSPVTZAXX01,S1D5,2038,0.0
GLOBAL,PWRSPVTZAXX01,S1D5,2039,0.0
GLOBAL,PWRSPVTZAXX01,S1D5,2040,0.0
GLOBAL,PWRSPVTZAXX01,S1D5,2041,0.0
GLOBAL,PWRSPVTZAXX01,S1D5,2042,0.0
GLOBAL,PWRSPVTZAXX01,S1D5,2043,0.0
GLOBAL,PWRSPVTZAXX01,S1D5,2044,0.0
GLOBAL,PWRSPVTZAXX01,S1D5,2045,0.0
GLOBAL,PWRSPVTZAXX01,S1D5,2046,0.0
GLOBAL,PWRSPVTZAXX01,S1D5,2047,0.0
GLOBAL,PWRSPVTZAXX01,S1D5,2048,0.0
GLOBAL,PWRSPVTZAXX01,S1D5,2049,0.0
GLOBAL,PWRSPVTZAXX01,S1D5,2050,0.0
GLOBAL,PWRSPVKENXX01,S1D6,2021,0.0
GLOBAL,PWRSPVKENXX01,S1D6,2022,0.0
GLOBAL,PWRSPVKENXX01,S1D6,2023,0.0
GLOBAL,PWRSPVKENXX01,S1D6,2024,0.0
GLOBAL,PWRSPVKENXX01,S1D6,2025,0.0
GLOBAL,PWRSPVKENXX01,S1D6,2026,0.0
GLOBAL,PWRSPVKENXX01,S1D6,2027,0.0
GLOBAL,PWRSPVKENXX01,S1D6,2028,0.0
GLOBAL,PWRSPVKENXX01,S1D6,2029,0.0
GLOBAL,PWRSPVKENXX01,S1D6,2030,0.0
GLOBAL,PWRSPVKENXX01,S1D6,2031,0.0
GLOBAL,PWRSPVKENXX01,S1D6,2032,0.0
GLOBAL,PWRSPVKENXX01,S1D6,2033,0.0
GLOBAL,PWRSPVKENXX01,S1D6,2034,0.0
GLOBAL,PWRSPVKENXX01,S1D6,2035,0.0
GLOBAL,PWRSPVKENXX01,S1D6,2036,0.0
GLOBAL,PWRSPVKENXX01,S1D6,2037,0.0
GLOBAL,PWRSPVKENXX01,S1D6,2038,0.0
GLOBAL,PWRSPVKENXX01,S1D6,2039,0.0
GLOBAL,PWRSPVKENXX01,S1D6,2040,0.0
GLOBAL,PWRSPVKENXX01,S1D6,2041,0.0
GLOBAL,PWRSPVKENXX01,S1D6,2042,0.0
GLOBAL,PWRSPVKENXX01,S1D6,2043,0.0
GLOBAL,PWRSPVKENXX01,S1D6,2044,0.0
GLOBAL,PWRSPVKENXX01,S1D6,2045,0.0
GLOBAL,PWRSPVKENXX01,S1D6,2046,0.0
GLOBAL,PWRSPVKENXX01,S1D6,2047,0.0
GLOBAL,PWRSPVKENXX01,S1D6,2048,0.0
GLOBAL,PWRSPVKENXX01,S1D6,2049,0.0
GLOBAL,PWRSPVKENXX01,S1D6,2050,0.0
GLOBAL,PWRSPVTZAXX01,S1D6,2021,0.0
GLOBAL,PWRSPVTZAXX01,S1D6,2022,0.0
GLOBAL,PWRSPVTZAXX01,S1D6,2023,0.0
GLOBAL,PWRSPVTZAXX01,S1D6,2024,0.0
GLOBAL,PWRSPVTZAXX01,S1D6,2025,0.0
GLOBAL,PWRSPVTZAXX01,S1D6,2026,0.0
GLOBAL,PWRSPVTZAXX01,S1D6,2027,0.0
GLOBAL,PWRSPVTZAXX01,S1D6,2028,0.0
GLOBAL,PWRSPVTZAXX01,S1D6,2029,0.0
GLOBAL,PWRSPVTZAXX01,S1D6,2030,0.0
GLOBAL,PWRSPVTZAXX01,S1D6,2031,0.0
GLOBAL,PWRSPVTZAXX01,S1D6,2032,0.0
GLOBAL,PWRSPVTZAXX01,S1D6,2033,0.0
GLOBAL,PWRSPVTZAXX01,S1D6,2034,0.0
GLOBAL,PWRSPVTZAXX01,S1D6,2035,0.0
GLOBAL,PWRSPVTZAXX01,S1D6,2036,0.0
GLOBAL,PWRSPVTZAXX01,S1D6,2037,0.0
GLOBAL,PWRSPVTZAXX01,S1D6,2038,0.0
GLOBAL,PWRSPVTZAXX01,S1D6,2039,0.0
GLOBAL,PWRSPVTZAXX01,S1D6,2040,0.0
GLOBAL,PWRSPVTZAXX01,S1D6,2041,0.0
GLOBAL,PWRSPVTZAXX01,S1D6,2042,0.0
GLOBAL,PWRSPVTZAXX01,S1D6,2043,0.0
GLOBAL,PWRSPVTZAXX01,S1D6,2044,0.0
GLOBAL,PWRSPVTZAXX01,S1D6,2045,0.0
GLOBAL,PWRSPVTZAXX01,S1D6,2046,0.0
GLOBAL,PWRSPVTZAXX01,S1D6,2047,0.0
GLOBAL,PWRSPVTZAXX01,S1D6,2048,0.0
GLOBAL,PWRSPVTZAXX01,S1D6,2049,0.0
GLOBAL,PWRSPVTZAXX01,S1D6,2050,0.0
GLOBAL,PWRSPVKENXX01,S2D1,2021,0.0265
GLOBAL,PWRSPVKENXX01,S2D1,2022,0.0265
GLOBAL,PWRSPVKENXX01,S2D1,2023,0.0265
GLOBAL,PWRSPVKENXX01,S2D1,2024,0.0265
GLOBAL,PWRSPVKENXX01,S2D1,2025,0.0265
GLOBAL,PWRSPVKENXX01,S2D1,2026,0.0265
GLOBAL,PWRSPVKENXX01,S2D1,2027,0.0265
GLOBAL,PWRSPVKENXX01,S2D1,2028,0.0265
GLOBAL,PWRSPVKENXX01,S2D1,2029,0.0265
GLOBAL,PWRSPVKENXX01,S2D1,2030,0.0265
GLOBAL,PWRSPVKENXX01,S2D1,2031,0.0265
GLOBAL,PWRSPVKENXX01,S2D1,2032,0.0265
GLOBAL,PWRSPVKENXX01,S2D1,2033,0.0265
GLOBAL,PWRSPVKENXX01,S2D1,2034,0.0265
GLOBAL,PWRSPVKENXX01,S2D1,2035,0.0265
GLOBAL,PWRSPVKENXX01,S2D1,2036,0.0265
GLOBAL,PWRSPVKENXX01,S2D1,2037,0.0265
GLOBAL,PWRSPVKENXX01,S2D1,2038,0.0265
GLOBAL,PWRSPVKENXX01,S2D1,2039,0.0265
GLOBAL,PWRSPVKENXX01,S2D1,2040,0.0265
GLOBAL,PWRSPVKENXX01,S2D1,2041,0.0265
GLOBAL,PWRSPVKENXX01,S2D1,2042,0.0265
GLOBAL,PWRSPVKENXX01,S2D1,2043,0.0265
GLOBAL,PWRSPVKENXX01,S2D1,2044,0.0265
GLOBAL,PWRSPVKENXX01,S2D1,2045,0.0265
GLOBAL,PWRSPVKENXX01,S2D1,2046,0.0265
GLOBAL,PWRSPVKENXX01,S2D1,2047,0.0265
GLOBAL,PWRSPVKENXX01,S2D1,2048,0.0265
GLOBAL,PWRSPVKENXX01,S2D1,2049,0.0265
GLOBAL,PWRSPVKENXX01,S2D1,2050,0.0265
GLOBAL,PWRSPVTZAXX01,S2D1,2021,0.0217
GLOBAL,PWRSPVTZAXX01,S2D1,2022,0.0217
GLOBAL,PWRSPVTZAXX01,S2D1,2023,0.0217
GLOBAL,PWRSPVTZAXX01,S2D1,2024,0.0217
GLOBAL,PWRSPVTZAXX01,S2D1,2025,0.0217
GLOBAL,PWRSPVTZAXX01,S2D1,2026,0.0217
GLOBAL,PWRSPVTZAXX01,S2D1,2027,0.0217
GLOBAL,PWRSPVTZAXX01,S2D1,2028,0.0217
GLOBAL,PWRSPVTZAXX01,S2D1,2029,0.0217
GLOBAL,PWRSPVTZAXX01,S2D1,2030,0.0217
GLOBAL,PWRSPVTZAXX01,S2D1,2031,0.0217
GLOBAL,PWRSPVTZAXX01,S2D1,2032,0.0217
GLOBAL,PWRSPVTZAXX01,S2D1,2033,0.0217
GLOBAL,PWRSPVTZAXX01,S2D1,2034,0.0217
GLOBAL,PWRSPVTZAXX01,S2D1,2035,0.0217
GLOBAL,PWRSPVTZAXX01,S2D1,2036,0.0217
GLOBAL,PWRSPVTZAXX01,S2D1,2037,0.0217
GLOBAL,PWRSPVTZAXX01,S2D1,2038,0.0217
GLOBAL,PWRSPVTZAXX01,S2D1,2039,0.0217
GLOBAL,PWRSPVTZAXX01,S2D1,2040,0.0217
GLOBAL,PWRSPVTZAXX01,S2D1,2041,0.0217
GLOBAL,PWRSPVTZAXX01,S2D1,2042,0.0217
GLOBAL,PWRSPVTZAXX01,S2D1,2043,0.0217
GLOBAL,PWRSPVTZAXX01,S2D1,2044,0.0217
GLOBAL,PWRSPVTZAXX01,S2D1,2045,0.0217
GLOBAL,PWRSPVTZAXX01,S2D1,2046,0.0217
GLOBAL,PWRSPVTZAXX01,S2D1,2047,0.0217
GLOBAL,PWRSPVTZAXX01,S2D1,2048,0.0217
GLOBAL,PWRSPVTZAXX01,S2D1,2049,0.0217
GLOBAL,PWRSPVTZAXX01,S2D1,2050,0.0217
GLOBAL,PWRSPVKENXX01,S2D2,2021,0.4221
GLOBAL,PWRSPVKENXX01,S2D2,2022,0.4221
GLOBAL,PWRSPVKENXX01,S2D2,2023,0.4221
GLOBAL,PWRSPVKENXX01,S2D2,2024,0.4221
GLOBAL,PWRSPVKENXX01,S2D2,2025,0.4221
GLOBAL,PWRSPVKENXX01,S2D2,2026,0.4221
GLOBAL,PWRSPVKENXX01,S2D2,2027,0.4221
GLOBAL,PWRSPVKENXX01,S2D2,2028,0.4221
GLOBAL,PWRSPVKENXX01,S2D2,2029,0.4221
GLOBAL,PWRSPVKENXX01,S2D2,2030,0.4221
GLOBAL,PWRSPVKENXX01,S2D2,2031,0.4221
GLOBAL,PWRSPVKENXX01,S2D2,2032,0.4221
GLOBAL,PWRSPVKENXX01,S2D2,2033,0.4221
GLOBAL,PWRSPVKENXX01,S2D2,2034,0.4221
GLOBAL,PWRSPVKENXX01,S2D2,2035,0.4221
GLOBAL,PWRSPVKENXX01,S2D2,2036,0.4221
GLOBAL,PWRSPVKENXX01,S2D2,2037,0.4221
GLOBAL,PWRSPVKENXX01,S2D2,2038,0.4221
GLOBAL,PWRSPVKENXX01,S2D2,2039,0.4221
GLOBAL,PWRSPVKENXX01,S2D2,2040,0.4221
GLOBAL,PWRSPVKENXX01,S2D2,2041,0.4221
GLOBAL,PWRSPVKENXX01,S2D2,2042,0.4221
GLOBAL,PWRSPVKENXX01,S2D2,2043,0.4221
GLOBAL,PWRSPVKENXX01,S2D2,2044,0.4221
GLOBAL,PWRSPVKENXX01,S2D2,2045,0.4221
GLOBAL,PWRSPVKENXX01,S2D2,2046,0.4221
GLOBAL,PWRSPVKENXX01,S2D2,2047,0.4221
GLOBAL,PWRSPVKENXX01,S2D2,2048,0.4221
GLOBAL,PWRSPVKENXX01,S2D2,2049,0.4221
GLOBAL,PWRSPVKENXX01,S2D2,2050,0.4221
GLOBAL,PWRSPVTZAXX01,S2D2,2021,0.522
GLOBAL,PWRSPVTZAXX01,S2D2,2022,0.522
GLOBAL,PWRSPVTZAXX01,S2D2,2023,0.522
GLOBAL,PWRSPVTZAXX01,S2D2,2024,0.522
GLOBAL,PWRSPVTZAXX01,S2D2,2025,0.522
GLOBAL,PWRSPVTZAXX01,S2D2,2026,0.522
GLOBAL,PWRSPVTZAXX01,S2D2,2027,0.522
GLOBAL,PWRSPVTZAXX01,S2D2,2028,0.522
GLOBAL,PWRSPVTZAXX01,S2D2,2029,0.522
GLOBAL,PWRSPVTZAXX01,S2D2,2030,0.522
GLOBAL,PWRSPVTZAXX01,S2D2,2031,0.522
GLOBAL,PWRSPVTZAXX01,S2D2,2032,0.522
GLOBAL,PWRSPVTZAXX01,S2D2,2033,0.522
GLOBAL,PWRSPVTZAXX01,S2D2,2034,0.522
GLOBAL,PWRSPVTZAXX01,S2D2,2035,0.522
GLOBAL,PWRSPVTZAXX01,S2D2,2036,0.522
GLOBAL,PWRSPVTZAXX01,S2D2,2037,0.522
GLOBAL,PWRSPVTZAXX01,S2D2,2038,0.522
GLOBAL,PWRSPVTZAXX01,S2D2,2039,0.522
GLOBAL,PWRSPVTZAXX01,S2D2,2040,0.522
GLOBAL,PWRSPVTZAXX01,S2D2,2041,0.522
GLOBAL,PWRSPVTZAXX01,S2D2,2042,0.522
GLOBAL,PWRSPVTZAXX01,S2D2,2043,0.522
GLOBAL,PWRSPVTZAXX01,S2D2,2044,0.522
GLOBAL,PWRSPVTZAXX01,S2D2,2045,0.522
GLOBAL,PWRSPVTZAXX01,S2D2,2046,0.522
GLOBAL,PWRSPVTZAXX01,S2D2,2047,0.522
GLOBAL,PWRSPVTZAXX01,S2D2,2048,0.522
GLOBAL,PWRSPVTZAXX01,S2D2,2049,0.522
GLOBAL,PWRSPVTZAXX01,S2D2,2050,0.522
GLOBAL,PWRSPVKENXX01,S2D3,2021,0.4709
GLOBAL,PWRSPVKENXX01,S2D3,2022,0.4709
GLOBAL,PWRSPVKENXX01,S2D3,2023,0.4709
GLOBAL,PWRSPVKENXX01,S2D3,2024,0.4709
GLOBAL,PWRSPVKENXX01,S2D3,2025,0.4709
GLOBAL,PWRSPVKENXX01,S2D3,2026,0.4709
GLOBAL,PWRSPVKENXX01,S2D3,2027,0.4709
GLOBAL,PWRSPVKENXX01,S2D3,2028,0.4709
GLOBAL,PWRSPVKENXX01,S2D3,2029,0.4709
GLOBAL,PWRSPVKENXX01,S2D3,2030,0.4709
GLOBAL,PWRSPVKENXX01,S2D3,2031,0.4709
GLOBAL,PWRSPVKENXX01,S2D3,2032,0.4709
GLOBAL,PWRSPVKENXX01,S2D3,2033,0.4709
GLOBAL,PWRSPVKENXX01,S2D3,2034,0.4709
GLOBAL,PWRSPVKENXX01,S2D3,2035,0.4709
GLOBAL,PWRSPVKENXX01,S2D3,2036,0.4709
GLOBAL,PWRSPVKENXX01,S2D3,2037,0.4709
GLOBAL,PWRSPVKENXX01,S2D3,2038,0.4709
GLOBAL,PWRSPVKENXX01,S2D3,2039,0.4709
GLOBAL,PWRSPVKENXX01,S2D3,2040,0.4709
GLOBAL,PWRSPVKENXX01,S2D3,2041,0.4709
GLOBAL,PWRSPVKENXX01,S2D3,2042,0.4709
GLOBAL,PWRSPVKENXX01,S2D3,2043,0.4709
GLOBAL,PWRSPVKENXX01,S2D3,2044,0.4709
GLOBAL,PWRSPVKENXX01,S2D3,2045,0.4709
GLOBAL,PWRSPVKENXX01,S2D3,2046,0.4709
GLOBAL,PWRSPVKENXX01,S2D3,2047,0.4709
GLOBAL,PWRSPVKENXX01,S2D3,2048,0.4709
GLOBAL,PWRSPVKENXX01,S2D3,2049,0.4709
GLOBAL,PWRSPVKENXX01,S2D3,2050,0.4709
GLOBAL,PWRSPVTZAXX01,S2D3,2021,0.6416
GLOBAL,PWRSPVTZAXX01,S2D3,2022,0.6416
GLOBAL,PWRSPVTZAXX01,S2D3,2023,0.6416
GLOBAL,PWRSPVTZAXX01,S2D3,2024,0.6416
GLOBAL,PWRSPVTZAXX01,S2D3,2025,0.6416
GLOBAL,PWRSPVTZAXX01,S2D3,2026,0.6416
GLOBAL,PWRSPVTZAXX01,S2D3,2027,0.6416
GLOBAL,PWRSPVTZAXX01,S2D3,2028,0.6416
GLOBAL,PWRSPVTZAXX01,S2D3,2029,0.6416
GLOBAL,PWRSPVTZAXX01,S2D3,2030,0.6416
GLOBAL,PWRSPVTZAXX01,S2D3,2031,0.6416
GLOBAL,PWRSPVTZAXX01,S2D3,2032,0.6416
GLOBAL,PWRSPVTZAXX01,S2D3,2033,0.6416
GLOBAL,PWRSPVTZAXX01,S2D3,2034,0.6416
GLOBAL,PWRSPVTZAXX01,S2D3,2035,0.6416
GLOBAL,PWRSPVTZAXX01,S2D3,2036,0.6416
GLOBAL,PWRSPVTZAXX01,S2D3,2037,0.6416
GLOBAL,PWRSPVTZAXX01,S2D3,2038,0.6416
GLOBAL,PWRSPVTZAXX01,S2D3,2039,0.6416
GLOBAL,PWRSPVTZAXX01,S2D3,2040,0.6416
GLOBAL,PWRSPVTZAXX01,S2D3,2041,0.6416
GLOBAL,PWRSPVTZAXX01,S2D3,2042,0.6416
GLOBAL,PWRSPVTZAXX01,S2D3,2043,0.6416
GLOBAL,PWRSPVTZAXX01,S2D3,2044,0.6416
GLOBAL,PWRSPVTZAXX01,S2D3,2045,0.6416
GLOBAL,PWRSPVTZAXX01,S2D3,2046,0.6416
GLOBAL,PWRSPVTZAXX01,S2D3,2047,0.6416
GLOBAL,PWRSPVTZAXX01,S2D3,2048,0.6416
GLOBAL,PWRSPVTZAXX01,S2D3,2049,0.6416
GLOBAL,PWRSPVTZAXX01,S2D3,2050,0.6416
GLOBAL,PWRSPVKENXX01,S2D4,2021,0.0777
GLOBAL,PWRSPVKENXX01,S2D4,2022,0.0777
GLOBAL,PWRSPVKENXX01,S2D4,2023,0.0777
GLOBAL,PWRSPVKENXX01,S2D4,2024,0.0777
GLOBAL,PWRSPVKENXX01,S2D4,2025,0.0777
GLOBAL,PWRSPVKENXX01,S2D4,2026,0.0777
GLOBAL,PWRSPVKENXX01,S2D4,2027,0.0777
GLOBAL,PWRSPVKENXX01,S2D4,2028,0.0777
GLOBAL,PWRSPVKENXX01,S2D4,2029,0.0777
GLOBAL,PWRSPVKENXX01,S2D4,2030,0.0777
GLOBAL,PWRSPVKENXX01,S2D4,2031,0.0777
GLOBAL,PWRSPVKENXX01,S2D4,2032,0.0777
GLOBAL,PWRSPVKENXX01,S2D4,2033,0.0777
GLOBAL,PWRSPVKENXX01,S2D4,2034,0.0777
GLOBAL,PWRSPVKENXX01,S2D4,2035,0.0777
GLOBAL,PWRSPVKENXX01,S2D4,2036,0.0777
GLOBAL,PWRSPVKENXX01,S2D4,2037,0.0777
GLOBAL,PWRSPVKENXX01,S2D4,2038,0.0777
GLOBAL,PWRSPVKENXX01,S2D4,2039,0.0777
GLOBAL,PWRSPVKENXX01,S2D4,2040,0.0777
GLOBAL,PWRSPVKENXX01,S2D4,2041,0.0777
GLOBAL,PWRSPVKENXX01,S2D4,2042,0.0777
GLOBAL,PWRSPVKENXX01,S2D4,2043,0.0777
GLOBAL,PWRSPVKENXX01,S2D4,2044,0.0777
GLOBAL,PWRSPVKENXX01,S2D4,2045,0.0777
GLOBAL,PWRSPVKENXX01,S2D4,2046,0.0777
GLOBAL,PWRSPVKENXX01,S2D4,2047,0.0777
GLOBAL,PWRSPVKENXX01,S2D4,2048,0.0777
GLOBAL,PWRSPVKENXX01,S2D4,2049,0.0777
GLOBAL,PWRSPVKENXX01,S2D4,2050,0.0777
GLOBAL,PWRSPVTZAXX01,S2D4,2021,0.1311
GLOBAL,PWRSPVTZAXX01,S2D4,2022,0.1311
GLOBAL,PWRSPVTZAXX01,S2D4,2023,0.1311
GLOBAL,PWRSPVTZAXX01,S2D4,2024,0.1311
GLOBAL,PWRSPVTZAXX01,S2D4,2025,0.1311
GLOBAL,PWRSPVTZAXX01,S2D4,2026,0.1311
GLOBAL,PWRSPVTZAXX01,S2D4,2027,0.1311
GLOBAL,PWRSPVTZAXX01,S2D4,2028,0.1311
GLOBAL,PWRSPVTZAXX01,S2D4,2029,0.1311
GLOBAL,PWRSPVTZAXX01,S2D4,2030,0.1311
GLOBAL,PWRSPVTZAXX01,S2D4,2031,0.1311
GLOBAL,PWRSPVTZAXX01,S2D4,2032,0.1311
GLOBAL,PWRSPVTZAXX01,S2D4,2033,0.1311
GLOBAL,PWRSPVTZAXX01,S2D4,2034,0.1311
GLOBAL,PWRSPVTZAXX01,S2D4,2035,0.1311
GLOBAL,PWRSPVTZAXX01,S2D4,2036,0.1311
GLOBAL,PWRSPVTZAXX01,S2D4,2037,0.1311
GLOBAL,PWRSPVTZAXX01,S2D4,2038,0.1311
GLOBAL,PWRSPVTZAXX01,S2D4,2039,0.1311
GLOBAL,PWRSPVTZAXX01,S2D4,2040,0.1311
GLOBAL,PWRSPVTZAXX01,S2D4,2041,0.1311
GLOBAL,PWRSPVTZAXX01,S2D4,2042,0.1311
GLOBAL,PWRSPVTZAXX01,S2D4,2043,0.1311
GLOBAL,PWRSPVTZAXX01,S2D4,2044,0.1311
GLOBAL,PWRSPVTZAXX01,S2D4,2045,0.1311
GLOBAL,PWRSPVTZAXX01,S2D4,2046,0.1311
GLOBAL,PWRSPVTZAXX01,S2D4,2047,0.1311
GLOBAL,PWRSPVTZAXX01,S2D4,2048,0.1311
GLOBAL,PWRSPVTZAXX01,S2D4,2049,0.1311
GLOBAL,PWRSPVTZAXX01,S2D4,2050,0.1311
GLOBAL,PWRSPVKENXX01,S2D5,2021,0.0
GLOBAL,PWRSPVKENXX01,S2D5,2022,0.0
GLOBAL,PWRSPVKENXX01,S2D5,2023,0.0
GLOBAL,PWRSPVKENXX01,S2D5,2024,0.0
GLOBAL,PWRSPVKENXX01,S2D5,2025,0.0
GLOBAL,PWRSPVKENXX01,S2D5,2026,0.0
GLOBAL,PWRSPVKENXX01,S2D5,2027,0.0
GLOBAL,PWRSPVKENXX01,S2D5,2028,0.0
GLOBAL,PWRSPVKENXX01,S2D5,2029,0.0
GLOBAL,PWRSPVKENXX01,S2D5,2030,0.0
GLOBAL,PWRSPVKENXX01,S2D5,2031,0.0
GLOBAL,PWRSPVKENXX01,S2D5,2032,0.0
GLOBAL,PWRSPVKENXX01,S2D5,2033,0.0
GLOBAL,PWRSPVKENXX01,S2D5,2034,0.0
GLOBAL,PWRSPVKENXX01,S2D5,2035,0.0
GLOBAL,PWRSPVKENXX01,S2D5,2036,0.0
GLOBAL,PWRSPVKENXX01,S2D5,2037,0.0
GLOBAL,PWRSPVKENXX01,S2D5,2038,0.0
GLOBAL,PWRSPVKENXX01,S2D5,2039,0.0
GLOBAL,PWRSPVKENXX01,S2D5,2040,0.0
GLOBAL,PWRSPVKENXX01,S2D5,2041,0.0
GLOBAL,PWRSPVKENXX01,S2D5,2042,0.0
GLOBAL,PWRSPVKENXX01,S2D5,2043,0.0
GLOBAL,PWRSPVKENXX01,S2D5,2044,0.0
GLOBAL,PWRSPVKENXX01,S2D5,2045,0.0
GLOBAL,PWRSPVKENXX01,S2D5,2046,0.0
GLOBAL,PWRSPVKENXX01,S2D5,2047,0.0
GLOBAL,PWRSPVKENXX01,S2D5,2048,0.0
GLOBAL,PWRSPVKENXX01,S2D5,2049,0.0
GLOBAL,PWRSPVKENXX01,S2D5,2050,0.0
GLOBAL,PWRSPVTZAXX01,S2D5,2021,0.0
GLOBAL,PWRSPVTZAXX01,S2D5,2022,0.0
GLOBAL,PWRSPVTZAXX01,S2D5,2023,0.0
GLOBAL,PWRSPVTZAXX01,S2D5,2024,0.0
GLOBAL,PWRSPVTZAXX01,S2D5,2025,0.0
GLOBAL,PWRSPVTZAXX01,S2D5,2026,0.0
GLOBAL,PWRSPVTZAXX01,S2D5,2027,0.0
GLOBAL,PWRSPVTZAXX01,S2D5,2028,0.0
GLOBAL,PWRSPVTZAXX01,S2D5,2029,0.0
GLOBAL,PWRSPVTZAXX01,S2D5,2030,0.0
GLOBAL,PWRSPVTZAXX01,S2D5,2031,0.0
GLOBAL,PWRSPVTZAXX01,S2D5,2032,0.0
GLOBAL,PWRSPVTZAXX01,S2D5,2033,0.0
GLOBAL,PWRSPVTZAXX01,S2D5,2034,0.0
GLOBAL,PWRSPVTZAXX01,S2D5,2035,0.0
GLOBAL,PWRSPVTZAXX01,S2D5,2036,0.0
GLOBAL,PWRSPVTZAXX01,S2D5,2037,0.0
GLOBAL,PWRSPVTZAXX01,S2D5,2038,0.0
GLOBAL,PWRSPVTZAXX01,S2D5,2039,0.0
GLOBAL,PWRSPVTZAXX01,S2D5,2040,0.0
GLOBAL,PWRSPVTZAXX01,S2D5,2041,0.0
GLOBAL,PWRSPVTZAXX01,S2D5,2042,0.0
GLOBAL,PWRSPVTZAXX01,S2D5,2043,0.0
GLOBAL,PWRSPVTZAXX01,S2D5,2044,0.0
GLOBAL,PWRSPVTZAXX01,S2D5,2045,0.0
GLOBAL,PWRSPVTZAXX01,S2D5,2046,0.0
GLOBAL,PWRSPVTZAXX01,S2D5,2047,0.0
GLOBAL,PWRSPVTZAXX01,S2D5,2048,0.0
GLOBAL,PWRSPVTZAXX01,S2D5,2049,0.0
GLOBAL,PWRSPVTZAXX01,S2D5,2050,0.0
GLOBAL,PWRSPVKENXX01,S2D6,2021,0.0
GLOBAL,PWRSPVKENXX01,S2D6,2022,0.0
GLOBAL,PWRSPVKENXX01,S2D6,2023,0.0
GLOBAL,PWRSPVKENXX01,S2D6,2024,0.0
GLOBAL,PWRSPVKENXX01,S2D6,2025,0.0
GLOBAL,PWRSPVKENXX01,S2D6,2026,0.0
GLOBAL,PWRSPVKENXX01,S2D6,2027,0.0
GLOBAL,PWRSPVKENXX01,S2D6,2028,0.0
GLOBAL,PWRSPVKENXX01,S2D6,2029,0.0
GLOBAL,PWRSPVKENXX01,S2D6,2030,0.0
GLOBAL,PWRSPVKENXX01,S2D6,2031,0.0
GLOBAL,PWRSPVKENXX01,S2D6,2032,0.0
GLOBAL,PWRSPVKENXX01,S2D6,2033,0.0
GLOBAL,PWRSPVKENXX01,S2D6,2034,0.0
GLOBAL,PWRSPVKENXX01,S2D6,2035,0.0
GLOBAL,PWRSPVKENXX01,S2D6,2036,0.0
GLOBAL,PWRSPVKENXX01,S2D6,2037,0.0
GLOBAL,PWRSPVKENXX01,S2D6,2038,0.0
GLOBAL,PWRSPVKENXX01,S2D6,2039,0.0
GLOBAL,PWRSPVKENXX01,S2D6,2040,0.0
GLOBAL,PWRSPVKENXX01,S2D6,2041,0.0
GLOBAL,PWRSPVKENXX01,S2D6,2042,0.0
GLOBAL,PWRSPVKENXX01,S2D6,2043,0.0
GLOBAL,PWRSPVKENXX01,S2D6,2044,0.0
GLOBAL,PWRSPVKENXX01,S2D6,2045,0.0
GLOBAL,PWRSPVKENXX01,S2D6,2046,0.0
GLOBAL,PWRSPVKENXX01,S2D6,2047,0.0
GLOBAL,PWRSPVKENXX01,S2D6,2048,0.0
GLOBAL,PWRSPVKENXX01,S2D6,2049,0.0
GLOBAL,PWRSPVKENXX01,S2D6,2050,0.0
GLOBAL,PWRSPVTZAXX01,S2D6,2021,0.0
GLOBAL,PWRSPVTZAXX01,S2D6,2022,0.0
GLOBAL,PWRSPVTZAXX01,S2D6,2023,0.0
GLOBAL,PWRSPVTZAXX01,S2D6,2024,0.0
GLOBAL,PWRSPVTZAXX01,S2D6,2025,0.0
GLOBAL,PWRSPVTZAXX01,S2D6,2026,0.0
GLOBAL,PWRSPVTZAXX01,S2D6,2027,0.0
GLOBAL,PWRSPVTZAXX01,S2D6,2028,0.0
GLOBAL,PWRSPVTZAXX01,S2D6,2029,0.0
GLOBAL,PWRSPVTZAXX01,S2D6,2030,0.0
GLOBAL,PWRSPVTZAXX01,S2D6,2031,0.0
GLOBAL,PWRSPVTZAXX01,S2D6,2032,0.0
GLOBAL,PWRSPVTZAXX01,S2D6,2033,0.0
GLOBAL,PWRSPVTZAXX01,S2D6,2034,0.0
GLOBAL,PWRSPVTZAXX01,S2D6,2035,0.0
GLOBAL,PWRSPVTZAXX01,S2D6,2036,0.0
GLOBAL,PWRSPVTZAXX01,S2D6,2037,0.0
GLOBAL,PWRSPVTZAXX01,S2D6,2038,0.0
GLOBAL,PWRSPVTZAXX01,S2D6,2039,0.0
GLOBAL,PWRSPVTZAXX01,S2D6,2040,0.0
GLOBAL,PWRSPVTZAXX01,S2D6,2041,0.0
GLOBAL,PWRSPVTZAXX01,S2D6,2042,0.0
GLOBAL,PWRSPVTZAXX01,S2D6,2043,0.0
GLOBAL,PWRSPVTZAXX01,S2D6,2044,0.0
GLOBAL,PWRSPVTZAXX01,S2D6,2045,0.0
GLOBAL,PWRSPVTZAXX01,S2D6,2046,0.0
GLOBAL,PWRSPVTZAXX01,S2D6,2047,0.0
GLOBAL,PWRSPVTZAXX01,S2D6,2048,0.0
GLOBAL,PWRSPVTZAXX01,S2D6,2049,0.0
GLOBAL,PWRSPVTZAXX01,S2D6,2050,0.0
GLOBAL,PWRSPVKENXX01,S3D1,2021,0.031
GLOBAL,PWRSPVKENXX01,S3D1,2022,0.031
GLOBAL,PWRSPVKENXX01,S3D1,2023,0.031
GLOBAL,PWRSPVKENXX01,S3D1,2024,0.031
GLOBAL,PWRSPVKENXX01,S3D1,2025,0.031
GLOBAL,PWRSPVKENXX01,S3D1,2026,0.031
GLOBAL,PWRSPVKENXX01,S3D1,2027,0.031
GLOBAL,PWRSPVKENXX01,S3D1,2028,0.031
GLOBAL,PWRSPVKENXX01,S3D1,2029,0.031
GLOBAL,PWRSPVKENXX01,S3D1,2030,0.031
GLOBAL,PWRSPVKENXX01,S3D1,2031,0.031
GLOBAL,PWRSPVKENXX01,S3D1,2032,0.031
GLOBAL,PWRSPVKENXX01,S3D1,2033,0.031
GLOBAL,PWRSPVKENXX01,S3D1,2034,0.031
GLOBAL,PWRSPVKENXX01,S3D1,2035,0.031
GLOBAL,PWRSPVKENXX01,S3D1,2036,0.031
GLOBAL,PWRSPVKENXX01,S3D1,2037,0.031
GLOBAL,PWRSPVKENXX01,S3D1,2038,0.031
GLOBAL,PWRSPVKENXX01,S3D1,2039,0.031
GLOBAL,PWRSPVKENXX01,S3D1,2040,0.031
GLOBAL,PWRSPVKENXX01,S3D1,2041,0.031
GLOBAL,PWRSPVKENXX01,S3D1,2042,0.031
GLOBAL,PWRSPVKENXX01,S3D1,2043,0.031
GLOBAL,PWRSPVKENXX01,S3D1,2044,0.031
GLOBAL,PWRSPVKENXX01,S3D1,2045,0.031
GLOBAL,PWRSPVKENXX01,S3D1,2046,0.031
GLOBAL,PWRSPVKENXX01,S3D1,2047,0.031
GLOBAL,PWRSPVKENXX01,S3D1,2048,0.031
GLOBAL,PWRSPVKENXX01,S3D1,2049,0.031
GLOBAL,PWRSPVKENXX01,S3D1,2050,0.031
GLOBAL,PWRSPVTZAXX01,S3D1,2021,0.027
GLOBAL,PWRSPVTZAXX01,S3D1,2022,0.027
GLOBAL,PWRSPVTZAXX01,S3D1,2023,0.027
GLOBAL,PWRSPVTZAXX01,S3D1,2024,0.027
GLOBAL,PWRSPVTZAXX01,S3D1,2025,0.027
GLOBAL,PWRSPVTZAXX01,S3D1,2026,0.027
GLOBAL,PWRSPVTZAXX01,S3D1,2027,0.027
GLOBAL,PWRSPVTZAXX01,S3D1,2028,0.027
GLOBAL,PWRSPVTZAXX01,S3D1,2029,0.027
GLOBAL,PWRSPVTZAXX01,S3D1,2030,0.027
GLOBAL,PWRSPVTZAXX01,S3D1,2031,0.027
GLOBAL,PWRSPVTZAXX01,S3D1,2032,0.027
GLOBAL,PWRSPVTZAXX01,S3D1,2033,0.027
GLOBAL,PWRSPVTZAXX01,S3D1,2034,0.027
GLOBAL,PWRSPVTZAXX01,S3D1,2035,0.027
GLOBAL,PWRSPVTZAXX01,S3D1,2036,0.027
GLOBAL,PWRSPVTZAXX01,S3D1,2037,0.027
GLOBAL,PWRSPVTZAXX01,S3D1,2038,0.027
GLOBAL,PWRSPVTZAXX01,S3D1,2039,0.027
GLOBAL,PWRSPVTZAXX01,S3D1,2040,0.027
GLOBAL,PWRSPVTZAXX01,S3D1,2041,0.027
GLOBAL,PWRSPVTZAXX01,S3D1,2042,0.027
GLOBAL,PWRSPVTZAXX01,S3D1,2043,0.027
GLOBAL,PWRSPVTZAXX01,S3D1,2044,0.027
GLOBAL,PWRSPVTZAXX01,S3D1,2045,0.027
GLOBAL,PWRSPVTZAXX01,S3D1,2046,0.027
GLOBAL,PWRSPVTZAXX01,S3D1,2047,0.027
GLOBAL,PWRSPVTZAXX01,S3D1,2048,0.027
GLOBAL,PWRSPVTZAXX01,S3D1,2049,0.027
GLOBAL,PWRSPVTZAXX01,S3D1,2050,0.027
GLOBAL,PWRSPVKENXX01,S3D2,2021,0.4524
GLOBAL,PWRSPVKENXX01,S3D2,2022,0.4524
GLOBAL,PWRSPVKENXX01,S3D2,2023,0.4524
GLOBAL,PWRSPVKENXX01,S3D2,2024,0.4524
GLOBAL,PWRSPVKENXX01,S3D2,2025,0.4524
GLOBAL,PWRSPVKENXX01,S3D2,2026,0.4524
GLOBAL,PWRSPVKENXX01,S3D2,2027,0.4524
GLOBAL,PWRSPVKENXX01,S3D2,2028,0.4524
GLOBAL,PWRSPVKENXX01,S3D2,2029,0.4524
GLOBAL,PWRSPVKENXX01,S3D2,2030,0.4524
GLOBAL,PWRSPVKENXX01,S3D2,2031,0.4524
GLOBAL,PWRSPVKENXX01,S3D2,2032,0.4524
GLOBAL,PWRSPVKENXX01,S3D2,2033,0.4524
GLOBAL,PWRSPVKENXX01,S3D2,2034,0.4524
GLOBAL,PWRSPVKENXX01,S3D2,2035,0.4524
GLOBAL,PWRSPVKENXX01,S3D2,2036,0.4524
GLOBAL,PWRSPVKENXX01,S3D2,2037,0.4524
GLOBAL,PWRSPVKENXX01,S3D2,2038,0.4524
GLOBAL,PWRSPVKENXX01,S3D2,2039,0.4524
GLOBAL,PWRSPVKENXX01,S3D2,2040,0.4524
GLOBAL,PWRSPVKENXX01,S3D2,2041,0.4524
GLOBAL,PWRSPVKENXX01,S3D2,2042,0.4524
GLOBAL,PWRSPVKENXX01,S3D2,2043,0.4524
GLOBAL,PWRSPVKENXX01,S3D2,2044,0.4524
GLOBAL,PWRSPVKENXX01,S3D2,2045,0.4524
GLOBAL,PWRSPVKENXX01,S3D2,2046,0.4524
GLOBAL,PWRSPVKENXX01,S3D2,2047,0.4524
GLOBAL,PWRSPVKENXX01,S3D2,2048,0.4524
GLOBAL,PWRSPVKENXX01,S3D2,2049,0.4524
GLOBAL,PWRSPVKENXX01,S3D2,2050,0.4524
GLOBAL,PWRSPVTZAXX01,S3D2,2021,0.5025
GLOBAL,PWRSPVTZAXX01,S3D2,2022,0.5025
GLOBAL,PWRSPVTZAXX01,S3D2,2023,0.5025
GLOBAL,PWRSPVTZAXX01,S3D2,2024,0.5025
GLOBAL,PWRSPVTZAXX01,S3D2,2025,0.5025
GLOBAL,PWRSPVTZAXX01,S3D2,2026,0.5025
GLOBAL,PWRSPVTZAXX01,S3D2,2027,0.5025
GLOBAL,PWRSPVTZAXX01,S3D2,2028,0.5025
GLOBAL,PWRSPVTZAXX01,S3D2,2029,0.5025
GLOBAL,PWRSPVTZAXX01,S3D2,2030,0.5025
GLOBAL,PWRSPVTZAXX01,S3D2,2031,0.5025
GLOBAL,PWRSPVTZAXX01,S3D2,2032,0.5025
GLOBAL,PWRSPVTZAXX01,S3D2,2033,0.5025
GLOBAL,PWRSPVTZAXX01,S3D2,2034,0.5025
GLOBAL,PWRSPVTZAXX01,S3D2,2035,0.5025
GLOBAL,PWRSPVTZAXX01,S3D2,2036,0.5025
GLOBAL,PWRSPVTZAXX01,S3D2,2037,0.5025
GLOBAL,PWRSPVTZAXX01,S3D2,2038,0.5025
GLOBAL,PWRSPVTZAXX01,S3D2,2039,0.5025
GLOBAL,PWRSPVTZAXX01,S3D2,2040,0.5025
GLOBAL,PWRSPVTZAXX01,S3D2,2041,0.5025
GLOBAL,PWRSPVTZAXX01,S3D2,2042,0.5025
GLOBAL,PWRSPVTZAXX01,S3D2,2043,0.5025
GLOBAL,PWRSPVTZAXX01,S3D2,2044,0.5025
GLOBAL,PWRSPVTZAXX01,S3D2,2045,0.5025
GLOBAL,PWRSPVTZAXX01,S3D2,2046,0.5025
GLOBAL,PWRSPVTZAXX01,S3D2,2047,0.5025
GLOBAL,PWRSPVTZAXX01,S3D2,2048,0.5025
GLOBAL,PWRSPVTZAXX01,S3D2,2049,0.5025
GLOBAL,PWRSPVTZAXX01,S3D2,2050,0.5025
GLOBAL,PWRSPVKENXX01,S3D3,2021,0.4873
GLOBAL,PWRSPVKENXX01,S3D3,2022,0.4873
GLOBAL,PWRSPVKENXX01,S3D3,2023,0.4873
GLOBAL,PWRSPVKENXX01,S3D3,2024,0.4873
GLOBAL,PWRSPVKENXX01,S3D3,2025,0.4873
GLOBAL,PWRSPVKENXX01,S3D3,2026,0.4873
GLOBAL,PWRSPVKENXX01,S3D3,2027,0.4873
GLOBAL,PWRSPVKENXX01,S3D3,2028,0.4873
GLOBAL,PWRSPVKENXX01,S3D3,2029,0.4873
GLOBAL,PWRSPVKENXX01,S3D3,2030,0.4873
GLOBAL,PWRSPVKENXX01,S3D3,2031,0.4873
GLOBAL,PWRSPVKENXX01,S3D3,2032,0.4873
GLOBAL,PWRSPVKENXX01,S3D3,2033,0.4873
GLOBAL,PWRSPVKENXX01,S3D3,2034,0.4873
GLOBAL,PWRSPVKENXX01,S3D3,2035,0.4873
GLOBAL,PWRSPVKENXX01,S3D3,2036,0.4873
GLOBAL,PWRSPVKENXX01,S3D3,2037,0.4873
GLOBAL,PWRSPVKENXX01,S3D3,2038,0.4873
GLOBAL,PWRSPVKENXX01,S3D3,2039,0.4873
GLOBAL,PWRSPVKENXX01,S3D3,2040,0.4873
GLOBAL,PWRSPVKENXX01,S3D3,2041,0.4873
GLOBAL,PWRSPVKENXX01,S3D3,2042,0.4873
GLOBAL,PWRSPVKENXX01,S3D3,2043,0.4873
GLOBAL,PWRSPVKENXX01,S3D3,2044,0.4873
GLOBAL,PWRSPVKENXX01,S3D3,2045,0.4873
GLOBAL,PWRSPVKENXX01,S3D3,2046,0.4873
GLOBAL,PWRSPVKENXX01,S3D3,2047,0.4873
GLOBAL,PWRSPVKENXX01,S3D3,2048,0.4873
GLOBAL,PWRSPVKENXX01,S3D3,2049,0.4873
GLOBAL,PWRSPVKENXX01,S3D3,2050,0.4873
GLOBAL,PWRSPVTZAXX01,S3D3,2021,0.5924
GLOBAL,PWRSPVTZAXX01,S3D3,2022,0.5924
GLOBAL,PWRSPVTZAXX01,S3D3,2023,0.5924
GLOBAL,PWRSPVTZAXX01,S3D3,2024,0.5924
GLOBAL,PWRSPVTZAXX01,S3D3,2025,0.5924
GLOBAL,PWRSPVTZAXX01,S3D3,2026,0.5924
GLOBAL,PWRSPVTZAXX01,S3D3,2027,0.5924
GLOBAL,PWRSPVTZAXX01,S3D3,2028,0.5924
GLOBAL,PWRSPVTZAXX01,S3D3,2029,0.5924
GLOBAL,PWRSPVTZAXX01,S3D3,2030,0.5924
GLOBAL,PWRSPVTZAXX01,S3D3,2031,0.5924
GLOBAL,PWRSPVTZAXX01,S3D3,2032,0.5924
GLOBAL,PWRSPVTZAXX01,S3D3,2033,0.5924
GLOBAL,PWRSPVTZAXX01,S3D3,2034,0.5924
GLOBAL,PWRSPVTZAXX01,S3D3,2035,0.5924
GLOBAL,PWRSPVTZAXX01,S3D3,2036,0.5924
GLOBAL,PWRSPVTZAXX01,S3D3,2037,0.5924
GLOBAL,PWRSPVTZAXX01,S3D3,2038,0.5924
GLOBAL,PWRSPVTZAXX01,S3D3,2039,0.5924
GLOBAL,PWRSPVTZAXX01,S3D3,2040,0.5924
GLOBAL,PWRSPVTZAXX01,S3D3,2041,0.5924
GLOBAL,PWRSPVTZAXX01,S3D3,2042,0.5924
GLOBAL,PWRSPVTZAXX01,S3D3,2043,0.5924
GLOBAL,PWRSPVTZAXX01,S3D3,2044,0.5924
GLOBAL,PWRSPVTZAXX01,S3D3,2045,0.5924
GLOBAL,PWRSPVTZAXX01,S3D3,2046,0.5924
GLOBAL,PWRSPVTZAXX01,S3D3,2047,0.5924
GLOBAL,PWRSPVTZAXX01,S3D3,2048,0.5924
GLOBAL,PWRSPVTZAXX01,S3D3,2049,0.5924
GLOBAL,PWRSPVTZAXX01,S3D3,2050,0.5924
GLOBAL,PWRSPVKENXX01,S3D4,2021,0.0802
GLOBAL,PWRSPVKENXX01,S3D4,2022,0.0802
GLOBAL,PWRSPVKENXX01,S3D4,2023,0.0802
GLOBAL,PWRSPVKENXX01,S3D4,2024,0.0802
GLOBAL,PWRSPVKENXX01,S3D4,2025,0.0802
GLOBAL,PWRSPVKENXX01,S3D4,2026,0.0802
GLOBAL,PWRSPVKENXX01,S3D4,2027,0.0802
GLOBAL,PWRSPVKENXX01,S3D4,2028,0.0802
GLOBAL,PWRSPVKENXX01,S3D4,2029,0.0802
GLOBAL,PWRSPVKENXX01,S3D4,2030,0.0802
GLOBAL,PWRSPVKENXX01,S3D4,2031,0.0802
GLOBAL,PWRSPVKENXX01,S3D4,2032,0.0802
GLOBAL,PWRSPVKENXX01,S3D4,2033,0.0802
GLOBAL,PWRSPVKENXX01,S3D4,2034,0.0802
GLOBAL,PWRSPVKENXX01,S3D4,2035,0.0802
GLOBAL,PWRSPVKENXX01,S3D4,2036,0.0802
GLOBAL,PWRSPVKENXX01,S3D4,2037,0.0802
GLOBAL,PWRSPVKENXX01,S3D4,2038,0.0802
GLOBAL,PWRSPVKENXX01,S3D4,2039,0.0802
GLOBAL,PWRSPVKENXX01,S3D4,2040,0.0802
GLOBAL,PWRSPVKENXX01,S3D4,2041,0.0802
GLOBAL,PWRSPVKENXX01,S3D4,2042,0.0802
GLOBAL,PWRSPVKENXX01,S3D4,2043,0.0802
GLOBAL,PWRSPVKENXX01,S3D4,2044,0.0802
GLOBAL,PWRSPVKENXX01,S3D4,2045,0.0802
GLOBAL,PWRSPVKENXX01,S3D4,2046,0.0802
GLOBAL,PWRSPVKENXX01,S3D4,2047,0.0802
GLOBAL,PWRSPVKENXX01,S3D4,2048,0.0802
GLOBAL,PWRSPVKENXX01,S3D4,2049,0.0802
GLOBAL,PWRSPVKENXX01,S3D4,2050,0.0802
GLOBAL,PWRSPVTZAXX01,S3D4,2021,0.122
GLOBAL,PWRSPVTZAXX01,S3D4,2022,0.122
GLOBAL,PWRSPVTZAXX01,S3D4,2023,0.122
GLOBAL,PWRSPVTZAXX01,S3D4,2024,0.122
GLOBAL,PWRSPVTZAXX01,S3D4,2025,0.122
GLOBAL,PWRSPVTZAXX01,S3D4,2026,0.122
GLOBAL,PWRSPVTZAXX01,S3D4,2027,0.122
GLOBAL,PWRSPVTZAXX01,S3D4,2028,0.122
GLOBAL,PWRSPVTZAXX01,S3D4,2029,0.122
GLOBAL,PWRSPVTZAXX01,S3D4,2030,0.122
GLOBAL,PWRSPVTZAXX01,S3D4,2031,0.122
GLOBAL,PWRSPVTZAXX01,S3D4,2032,0.122
GLOBAL,PWRSPVTZAXX01,S3D4,2033,0.122
GLOBAL,PWRSPVTZAXX01,S3D4,2034,0.122
GLOBAL,PWRSPVTZAXX01,S3D4,2035,0.122
GLOBAL,PWRSPVTZAXX01,S3D4,2036,0.122
GLOBAL,PWRSPVTZAXX01,S3D4,2037,0.122
GLOBAL,PWRSPVTZAXX01,S3D4,2038,0.122
GLOBAL,PWRSPVTZAXX01,S3D4,2039,0.122
GLOBAL,PWRSPVTZAXX01,S3D4,2040,0.122
GLOBAL,PWRSPVTZAXX01,S3D4,2041,0.122
GLOBAL,PWRSPVTZAXX01,S3D4,2042,0.122
GLOBAL,PWRSPVTZAXX01,S3D4,2043,0.122
GLOBAL,PWRSPVTZAXX01,S3D4,2044,0.122
GLOBAL,PWRSPVTZAXX01,S3D4,2045,0.122
GLOBAL,PWRSPVTZAXX01,S3D4,2046,0.122
GLOBAL,PWRSPVTZAXX01,S3D4,2047,0.122
GLOBAL,PWRSPVTZAXX01,S3D4,2048,0.122
GLOBAL,PWRSPVTZAXX01,S3D4,2049,0.122
GLOBAL,PWRSPVTZAXX01,S3D4,2050,0.122
GLOBAL,PWRSPVKENXX01,S3D5,2021,0.0
GLOBAL,PWRSPVKENXX01,S3D5,2022,0.0
GLOBAL,PWRSPVKENXX01,S3D5,2023,0.0
GLOBAL,PWRSPVKENXX01,S3D5,2024,0.0
GLOBAL,PWRSPVKENXX01,S3D5,2025,0.0
GLOBAL,PWRSPVKENXX01,S3D5,2026,0.0
GLOBAL,PWRSPVKENXX01,S3D5,2027,0.0
GLOBAL,PWRSPVKENXX01,S3D5,2028,0.0
GLOBAL,PWRSPVKENXX01,S3D5,2029,0.0
GLOBAL,PWRSPVKENXX01,S3D5,2030,0.0
GLOBAL,PWRSPVKENXX01,S3D5,2031,0.0
GLOBAL,PWRSPVKENXX01,S3D5,2032,0.0
GLOBAL,PWRSPVKENXX01,S3D5,2033,0.0
GLOBAL,PWRSPVKENXX01,S3D5,2034,0.0
GLOBAL,PWRSPVKENXX01,S3D5,2035,0.0
GLOBAL,PWRSPVKENXX01,S3D5,2036,0.0
GLOBAL,PWRSPVKENXX01,S3D5,2037,0.0
GLOBAL,PWRSPVKENXX01,S3D5,2038,0.0
GLOBAL,PWRSPVKENXX01,S3D5,2039,0.0
GLOBAL,PWRSPVKENXX01,S3D5,2040,0.0
GLOBAL,PWRSPVKENXX01,S3D5,2041,0.0
GLOBAL,PWRSPVKENXX01,S3D5,2042,0.0
GLOBAL,PWRSPVKENXX01,S3D5,2043,0.0
GLOBAL,PWRSPVKENXX01,S3D5,2044,0.0
GLOBAL,PWRSPVKENXX01,S3D5,2045,0.0
GLOBAL,PWRSPVKENXX01,S3D5,2046,0.0
GLOBAL,PWRSPVKENXX01,S3D5,2047,0.0
GLOBAL,PWRSPVKENXX01,S3D5,2048,0.0
GLOBAL,PWRSPVKENXX01,S3D5,2049,0.0
GLOBAL,PWRSPVKENXX01,S3D5,2050,0.0
GLOBAL,PWRSPVTZAXX01,S3D5,2021,0.0
GLOBAL,PWRSPVTZAXX01,S3D5,2022,0.0
GLOBAL,PWRSPVTZAXX01,S3D5,2023,0.0
GLOBAL,PWRSPVTZAXX01,S3D5,2024,0.0
GLOBAL,PWRSPVTZAXX01,S3D5,2025,0.0
GLOBAL,PWRSPVTZAXX01,S3D5,2026,0.0
GLOBAL,PWRSPVTZAXX01,S3D5,2027,0.0
GLOBAL,PWRSPVTZAXX01,S3D5,2028,0.0
GLOBAL,PWRSPVTZAXX01,S3D5,2029,0.0
GLOBAL,PWRSPVTZAXX01,S3D5,2030,0.0
GLOBAL,PWRSPVTZAXX01,S3D5,2031,0.0
GLOBAL,PWRSPVTZAXX01,S3D5,2032,0.0
GLOBAL,PWRSPVTZAXX01,S3D5,2033,0.0
GLOBAL,PWRSPVTZAXX01,S3D5,2034,0.0
GLOBAL,PWRSPVTZAXX01,S3D5,2035,0.0
GLOBAL,PWRSPVTZAXX01,S3D5,2036,0.0
GLOBAL,PWRSPVTZAXX01,S3D5,2037,0.0
GLOBAL,PWRSPVTZAXX01,S3D5,2038,0.0
GLOBAL,PWRSPVTZAXX01,S3D5,2039,0.0
GLOBAL,PWRSPVTZAXX01,S3D5,2040,0.0
GLOBAL,PWRSPVTZAXX01,S3D5,2041,0.0
GLOBAL,PWRSPVTZAXX01,S3D5,2042,0.0
GLOBAL,PWRSPVTZAXX01,S3D5,2043,0.0
GLOBAL,PWRSPVTZAXX01,S3D5,2044,0.0
GLOBAL,PWRSPVTZAXX01,S3D5,2045,0.0
GLOBAL,PWRSPVTZAXX01,S3D5,2046,0.0
GLOBAL,PWRSPVTZAXX01,S3D5,2047,0.0
GLOBAL,PWRSPVTZAXX01,S3D5,2048,0.0
GLOBAL,PWRSPVTZAXX01,S3D5,2049,0.0
GLOBAL,PWRSPVTZAXX01,S3D5,2050,0.0
GLOBAL,PWRSPVKENXX01,S3D6,2021,0.0
GLOBAL,PWRSPVKENXX01,S3D6,2022,0.0
GLOBAL,PWRSPVKENXX01,S3D6,2023,0.0
GLOBAL,PWRSPVKENXX01,S3D6,2024,0.0
GLOBAL,PWRSPVKENXX01,S3D6,2025,0.0
GLOBAL,PWRSPVKENXX01,S3D6,2026,0.0
GLOBAL,PWRSPVKENXX01,S3D6,2027,0.0
GLOBAL,PWRSPVKENXX01,S3D6,2028,0.0
GLOBAL,PWRSPVKENXX01,S3D6,2029,0.0
GLOBAL,PWRSPVKENXX01,S3D6,2030,0.0
GLOBAL,PWRSPVKENXX01,S3D6,2031,0.0
GLOBAL,PWRSPVKENXX01,S3D6,2032,0.0
GLOBAL,PWRSPVKENXX01,S3D6,2033,0.0
GLOBAL,PWRSPVKENXX01,S3D6,2034,0.0
GLOBAL,PWRSPVKENXX01,S3D6,2035,0.0
GLOBAL,PWRSPVKENXX01,S3D6,2036,0.0
GLOBAL,PWRSPVKENXX01,S3D6,2037,0.0
GLOBAL,PWRSPVKENXX01,S3D6,2038,0.0
GLOBAL,PWRSPVKENXX01,S3D6,2039,0.0
GLOBAL,PWRSPVKENXX01,S3D6,2040,0.0
GLOBAL,PWRSPVKENXX01,S3D6,2041,0.0
GLOBAL,PWRSPVKENXX01,S3D6,2042,0.0
GLOBAL,PWRSPVKENXX01,S3D6,2043,0.0
GLOBAL,PWRSPVKENXX01,S3D6,2044,0.0
GLOBAL,PWRSPVKENXX01,S3D6,2045,0.0
GLOBAL,PWRSPVKENXX01,S3D6,2046,0.0
GLOBAL,PWRSPVKENXX01,S3D6,2047,0.0
GLOBAL,PWRSPVKENXX01,S3D6,2048,0.0
GLOBAL,PWRSPVKENXX01,S3D6,2049,0.0
GLOBAL,PWRSPVKENXX01,S3D6,2050,0.0
GLOBAL,PWRSPVTZAXX01,S3D6,2021,0.0
GLOBAL,PWRSPVTZAXX01,S3D6,2022,0.0
GLOBAL,PWRSPVTZAXX01,S3D6,2023,0.0
GLOBAL,PWRSPVTZAXX01,S3D6,2024,0.0
GLOBAL,PWRSPVTZAXX01,S3D6,2025,0.0
GLOBAL,PWRSPVTZAXX01,S3D6,2026,0.0
GLOBAL,PWRSPVTZAXX01,S3D6,2027,0.0
GLOBAL,PWRSPVTZAXX01,S3D6,2028,0.0
GLOBAL,PWRSPVTZAXX01,S3D6,2029,0.0
GLOBAL,PWRSPVTZAXX01,S3D6,2030,0.0
GLOBAL,PWRSPVTZAXX01,S3D6,2031,0.0
GLOBAL,PWRSPVTZAXX01,S3D6,2032,0.0
GLOBAL,PWRSPVTZAXX01,S3D6,2033,0.0
GLOBAL,PWRSPVTZAXX01,S3D6,2034,0.0
GLOBAL,PWRSPVTZAXX01,S3D6,2035,0.0
GLOBAL,PWRSPVTZAXX01,S3D6,2036,0.0
GLOBAL,PWRSPVTZAXX01,S3D6,2037,0.0
GLOBAL,PWRSPVTZAXX01,S3D6,2038,0.0
GLOBAL,PWRSPVTZAXX01,S3D6,2039,0.0
GLOBAL,PWRSPVTZAXX01,S3D6,2040,0.0
GLOBAL,PWRSPVTZAXX01,S3D6,2041,0.0
GLOBAL,PWRSPVTZAXX01,S3D6,2042,0.0
GLOBAL,PWRSPVTZAXX01,S3D6,2043,0.0
GLOBAL,PWRSPVTZAXX01,S3D6,2044,0.0
GLOBAL,PWRSPVTZAXX01,S3D6,2045,0.0
GLOBAL,PWRSPVTZAXX01,S3D6,2046,0.0
GLOBAL,PWRSPVTZAXX01,S3D6,2047,0.0
GLOBAL,PWRSPVTZAXX01,S3D6,2048,0.0
GLOBAL,PWRSPVTZAXX01,S3D6,2049,0.0
GLOBAL,PWRSPVTZAXX01,S3D6,2050,0.0
GLOBAL,PWRWONKENXX01,S1D1,2021,0.1616
GLOBAL,PWRWONKENXX01,S1D1,2022,0.1616
GLOBAL,PWRWONKENXX01,S1D1,2023,0.1616
GLOBAL,PWRWONKENXX01,S1D1,2024,0.1616
GLOBAL,PWRWONKENXX01,S1D1,2025,0.1616
GLOBAL,PWRWONKENXX01,S1D1,2026,0.1616
GLOBAL,PWRWONKENXX01,S1D1,2027,0.1616
GLOBAL,PWRWONKENXX01,S1D1,2028,0.1616
GLOBAL,PWRWONKENXX01,S1D1,2029,0.1616
GLOBAL,PWRWONKENXX01,S1D1,2030,0.1616
GLOBAL,PWRWONKENXX01,S1D1,2031,0.1616
GLOBAL,PWRWONKENXX01,S1D1,2032,0.1616
GLOBAL,PWRWONKENXX01,S1D1,2033,0.1616
GLOBAL,PWRWONKENXX01,S1D1,2034,0.1616
GLOBAL,PWRWONKENXX01,S1D1,2035,0.1616
GLOBAL,PWRWONKENXX01,S1D1,2036,0.1616
GLOBAL,PWRWONKENXX01,S1D1,2037,0.1616
GLOBAL,PWRWONKENXX01,S1D1,2038,0.1616
GLOBAL,PWRWONKENXX01,S1D1,2039,0.1616
GLOBAL,PWRWONKENXX01,S1D1,2040,0.1616
GLOBAL,PWRWONKENXX01,S1D1,2041,0.1616
GLOBAL,PWRWONKENXX01,S1D1,2042,0.1616
GLOBAL,PWRWONKENXX01,S1D1,2043,0.1616
GLOBAL,PWRWONKENXX01,S1D1,2044,0.1616
GLOBAL,PWRWONKENXX01,S1D1,2045,0.1616
GLOBAL,PWRWONKENXX01,S1D1,2046,0.1616
GLOBAL,PWRWONKENXX01,S1D1,2047,0.1616
GLOBAL,PWRWONKENXX01,S1D1,2048,0.1616
GLOBAL,PWRWONKENXX01,S1D1,2049,0.1616
GLOBAL,PWRWONKENXX01,S1D1,2050,0.1616
GLOBAL,PWRWONTZAXX01,S1D1,2021,0.0785
GLOBAL,PWRWONTZAXX01,S1D1,2022,0.0785
GLOBAL,PWRWONTZAXX01,S1D1,2023,0.0785
GLOBAL,PWRWONTZAXX01,S1D1,2024,0.0785
GLOBAL,PWRWONTZAXX01,S1D1,2025,0.0785
GLOBAL,PWRWONTZAXX01,S1D1,2026,0.0785
GLOBAL,PWRWONTZAXX01,S1D1,2027,0.0785
GLOBAL,PWRWONTZAXX01,S1D1,2028,0.0785
GLOBAL,PWRWONTZAXX01,S1D1,2029,0.0785
GLOBAL,PWRWONTZAXX01,S1D1,2030,0.0785
GLOBAL,PWRWONTZAXX01,S1D1,2031,0.0785
GLOBAL,PWRWONTZAXX01,S1D1,2032,0.0785
GLOBAL,PWRWONTZAXX01,S1D1,2033,0.0785
GLOBAL,PWRWONTZAXX01,S1D1,2034,0.0785
GLOBAL,PWRWONTZAXX01,S1D1,2035,0.0785
GLOBAL,PWRWONTZAXX01,S1D1,2036,0.0785
GLOBAL,PWRWONTZAXX01,S1D1,2037,0.0785
GLOBAL,PWRWONTZAXX01,S1D1,2038,0.0785
GLOBAL,PWRWONTZAXX01,S1D1,2039,0.0785
GLOBAL,PWRWONTZAXX01,S1D1,2040,0.0785
GLOBAL,PWRWONTZAXX01,S1D1,2041,0.0785
GLOBAL,PWRWONTZAXX01,S1D1,2042,0.0785
GLOBAL,PWRWONTZAXX01,S1D1,2043,0.0785
GLOBAL,PWRWONTZAXX01,S1D1,2044,0.0785
GLOBAL,PWRWONTZAXX01,S1D1,2045,0.0785
GLOBAL,PWRWONTZAXX01,S1D1,2046,0.0785
GLOBAL,PWRWONTZAXX01,S1D1,2047,0.0785
GLOBAL,PWRWONTZAXX01,S1D1,2048,0.0785
GLOBAL,PWRWONTZAXX01,S1D1,2049,0.0785
GLOBAL,PWRWONTZAXX01,S1D1,2050,0.0785
GLOBAL,PWRWONKENXX01,S1D2,2021,0.252
GLOBAL,PWRWONKENXX01,S1D2,2022,0.252
GLOBAL,PWRWONKENXX01,S1D2,2023,0.252
GLOBAL,PWRWONKENXX01,S1D2,2024,0.252
GLOBAL,PWRWONKENXX01,S1D2,2025,0.252
GLOBAL,PWRWONKENXX01,S1D2,2026,0.252
GLOBAL,PWRWONKENXX01,S1D2,2027,0.252
GLOBAL,PWRWONKENXX01,S1D2,2028,0.252
GLOBAL,PWRWONKENXX01,S1D2,2029,0.252
GLOBAL,PWRWONKENXX01,S1D2,2030,0.252
GLOBAL,PWRWONKENXX01,S1D2,2031,0.252
GLOBAL,PWRWONKENXX01,S1D2,2032,0.252
GLOBAL,PWRWONKENXX01,S1D2,2033,0.252
GLOBAL,PWRWONKENXX01,S1D2,2034,0.252
GLOBAL,PWRWONKENXX01,S1D2,2035,0.252
GLOBAL,PWRWONKENXX01,S1D2,2036,0.252
GLOBAL,PWRWONKENXX01,S1D2,2037,0.252
GLOBAL,PWRWONKENXX01,S1D2,2038,0.252
GLOBAL,PWRWONKENXX01,S1D2,2039,0.252
GLOBAL,PWRWONKENXX01,S1D2,2040,0.252
GLOBAL,PWRWONKENXX01,S1D2,2041,0.252
GLOBAL,PWRWONKENXX01,S1D2,2042,0.252
GLOBAL,PWRWONKENXX01,S1D2,2043,0.252
GLOBAL,PWRWONKENXX01,S1D2,2044,0.252
GLOBAL,PWRWONKENXX01,S1D2,2045,0.252
GLOBAL,PWRWONKENXX01,S1D2,2046,0.252
GLOBAL,PWRWONKENXX01,S1D2,2047,0.252
GLOBAL,PWRWONKENXX01,S1D2,2048,0.252
GLOBAL,PWRWONKENXX01,S1D2,2049,0.252
GLOBAL,PWRWONKENXX01,S1D2,2050,0.252
GLOBAL,PWRWONTZAXX01,S1D2,2021,0.1072
GLOBAL,PWRWONTZAXX01,S1D2,2022,0.1072
GLOBAL,PWRWONTZAXX01,S1D2,2023,0.1072
GLOBAL,PWRWONTZAXX01,S1D2,2024,0.1072
GLOBAL,PWRWONTZAXX01,S1D2,2025,0.1072
GLOBAL,PWRWONTZAXX01,S1D2,2026,0.1072
GLOBAL,PWRWONTZAXX01,S1D2,2027,0.1072
GLOBAL,PWRWONTZAXX01,S1D2,2028,0.1072
GLOBAL,PWRWONTZAXX01,S1D2,2029,0.1072
GLOBAL,PWRWONTZAXX01,S1D2,2030,0.1072
GLOBAL,PWRWONTZAXX01,S1D2,2031,0.1072
GLOBAL,PWRWONTZAXX01,S1D2,2032,0.1072
GLOBAL,PWRWONTZAXX01,S1D2,2033,0.1072
GLOBAL,PWRWONTZAXX01,S1D2,2034,0.1072
GLOBAL,PWRWONTZAXX01,S1D2,2035,0.1072
GLOBAL,PWRWONTZAXX01,S1D2,2036,0.1072
GLOBAL,PWRWONTZAXX01,S1D2,2037,0.1072
GLOBAL,PWRWONTZAXX01,S1D2,2038,0.1072
GLOBAL,PWRWONTZAXX01,S1D2,2039,0.1072
GLOBAL,PWRWONTZAXX01,S1D2,2040,0.1072
GLOBAL,PWRWONTZAXX01,S1D2,2041,0.1072
GLOBAL,PWRWONTZAXX01,S1D2,2042,0.1072
GLOBAL,PWRWONTZAXX01,S1D2,2043,0.1072
GLOBAL,PWRWONTZAXX01,S1D2,2044,0.1072
GLOBAL,PWRWONTZAXX01,S1D2,2045,0.1072
GLOBAL,PWRWONTZAXX01,S1D2,2046,0.1072
GLOBAL,PWRWONTZAXX01,S1D2,2047,0.1072
GLOBAL,PWRWONTZAXX01,S1D2,2048,0.1072
GLOBAL,PWRWONTZAXX01,S1D2,2049,0.1072
GLOBAL,PWRWONTZAXX01,S1D2,2050,0.1072
GLOBAL,PWRWONKENXX01,S1D3,2021,0.2041
GLOBAL,PWRWONKENXX01,S1D3,2022,0.2041
GLOBAL,PWRWONKENXX01,S1D3,2023,0.2041
GLOBAL,PWRWONKENXX01,S1D3,2024,0.2041
GLOBAL,PWRWONKENXX01,S1D3,2025,0.2041
GLOBAL,PWRWONKENXX01,S1D3,2026,0.2041
GLOBAL,PWRWONKENXX01,S1D3,2027,0.2041
GLOBAL,PWRWONKENXX01,S1D3,2028,0.2041
GLOBAL,PWRWONKENXX01,S1D3,2029,0.2041
GLOBAL,PWRWONKENXX01,S1D3,2030,0.2041
GLOBAL,PWRWONKENXX01,S1D3,2031,0.2041
GLOBAL,PWRWONKENXX01,S1D3,2032,0.2041
GLOBAL,PWRWONKENXX01,S1D3,2033,0.2041
GLOBAL,PWRWONKENXX01,S1D3,2034,0.2041
GLOBAL,PWRWONKENXX01,S1D3,2035,0.2041
GLOBAL,PWRWONKENXX01,S1D3,2036,0.2041
GLOBAL,PWRWONKENXX01,S1D3,2037,0.2041
GLOBAL,PWRWONKENXX01,S1D3,2038,0.2041
GLOBAL,PWRWONKENXX01,S1D3,2039,0.2041
GLOBAL,PWRWONKENXX01,S1D3,2040,0.2041
GLOBAL,PWRWONKENXX01,S1D3,2041,0.2041
GLOBAL,PWRWONKENXX01,S1D3,2042,0.2041
GLOBAL,PWRWONKENXX01,S1D3,2043,0.2041
GLOBAL,PWRWONKENXX01,S1D3,2044,0.2041
GLOBAL,PWRWONKENXX01,S1D3,2045,0.2041
GLOBAL,PWRWONKENXX01,S1D3,2046,0.2041
GLOBAL,PWRWONKENXX01,S1D3,2047,0.2041
GLOBAL,PWRWONKENXX01,S1D3,2048,0.2041
GLOBAL,PWRWONKENXX01,S1D3,2049,0.2041
GLOBAL,PWRWONKENXX01,S1D3,2050,0.2041
GLOBAL,PWRWONTZAXX01,S1D3,2021,0.0968
GLOBAL,PWRWONTZAXX01,S1D3,2022,0.0968
GLOBAL,PWRWONTZAXX01,S1D3,2023,0.0968
GLOBAL,PWRWONTZAXX01,S1D3,2024,0.0968
GLOBAL,PWRWONTZAXX01,S1D3,2025,0.0968
GLOBAL,PWRWONTZAXX01,S1D3,2026,0.0968
GLOBAL,PWRWONTZAXX01,S1D3,2027,0.0968
GLOBAL,PWRWONTZAXX01,S1D3,2028,0.0968
GLOBAL,PWRWONTZAXX01,S1D3,2029,0.0968
GLOBAL,PWRWONTZAXX01,S1D3,2030,0.0968
GLOBAL,PWRWONTZAXX01,S1D3,2031,0.0968
GLOBAL,PWRWONTZAXX01,S1D3,2032,0.0968
GLOBAL,PWRWONTZAXX01,S1D3,2033,0.0968
GLOBAL,PWRWONTZAXX01,S1D3,2034,0.0968
GLOBAL,PWRWONTZAXX01,S1D3,2035,0.0968
GLOBAL,PWRWONTZAXX01,S1D3,2036,0.0968
GLOBAL,PWRWONTZAXX01,S1D3,2037,0.0968
GLOBAL,PWRWONTZAXX01,S1D3,2038,0.0968
GLOBAL,PWRWONTZAXX01,S1D3,2039,0.0968
GLOBAL,PWRWONTZAXX01,S1D3,2040,0.0968
GLOBAL,PWRWONTZAXX01,S1D3,2041,0.0968
GLOBAL,PWRWONTZAXX01,S1D3,2042,0.0968
GLOBAL,PWRWONTZAXX01,S1D3,2043,0.0968
GLOBAL,PWRWONTZAXX01,S1D3,2044,0.0968
GLOBAL,PWRWONTZAXX01,S1D3,2045,0.0968
GLOBAL,PWRWONTZAXX01,S1D3,2046,0.0968
GLOBAL,PWRWONTZAXX01,S1D3,2047,0.0968
GLOBAL,PWRWONTZAXX01,S1D3,2048,0.0968
GLOBAL,PWRWONTZAXX01,S1D3,2049,0.0968
GLOBAL,PWRWONTZAXX01,S1D3,2050,0.0968
GLOBAL,PWRWONKENXX01,S1D4,2021,0.2562
GLOBAL,PWRWONKENXX01,S1D4,2022,0.2562
GLOBAL,PWRWONKENXX01,S1D4,2023,0.2562
GLOBAL,PWRWONKENXX01,S1D4,2024,0.2562
GLOBAL,PWRWONKENXX01,S1D4,2025,0.2562
GLOBAL,PWRWONKENXX01,S1D4,2026,0.2562
GLOBAL,PWRWONKENXX01,S1D4,2027,0.2562
GLOBAL,PWRWONKENXX01,S1D4,2028,0.2562
GLOBAL,PWRWONKENXX01,S1D4,2029,0.2562
GLOBAL,PWRWONKENXX01,S1D4,2030,0.2562
GLOBAL,PWRWONKENXX01,S1D4,2031,0.2562
GLOBAL,PWRWONKENXX01,S1D4,2032,0.2562
GLOBAL,PWRWONKENXX01,S1D4,2033,0.2562
GLOBAL,PWRWONKENXX01,S1D4,2034,0.2562
GLOBAL,PWRWONKENXX01,S1D4,2035,0.2562
GLOBAL,PWRWONKENXX01,S1D4,2036,0.2562
GLOBAL,PWRWONKENXX01,S1D4,2037,0.2562
GLOBAL,PWRWONKENXX01,S1D4,2038,0.2562
GLOBAL,PWRWONKENXX01,S1D4,2039,0.2562
GLOBAL,PWRWONKENXX01,S1D4,2040,0.2562
GLOBAL,PWRWONKENXX01,S1D4,2041,0.2562
GLOBAL,PWRWONKENXX01,S1D4,2042,0.2562
GLOBAL,PWRWONKENXX01,S1D4,2043,0.2562
GLOBAL,PWRWONKENXX01,S1D4,2044,0.2562
GLOBAL,PWRWONKENXX01,S1D4,2045,0.2562
GLOBAL,PWRWONKENXX01,S1D4,2046,0.2562
GLOBAL,PWRWONKENXX01,S1D4,2047,0.2562
GLOBAL,PWRWONKENXX01,S1D4,2048,0.2562
GLOBAL,PWRWONKENXX01,S1D4,2049,0.2562
GLOBAL,PWRWONKENXX01,S1D4,2050,0.2562
GLOBAL,PWRWONTZAXX01,S1D4,2021,0.0985
GLOBAL,PWRWONTZAXX01,S1D4,2022,0.0985
GLOBAL,PWRWONTZAXX01,S1D4,2023,0.0985
GLOBAL,PWRWONTZAXX01,S1D4,2024,0.0985
GLOBAL,PWRWONTZAXX01,S1D4,2025,0.0985
GLOBAL,PWRWONTZAXX01,S1D4,2026,0.0985
GLOBAL,PWRWONTZAXX01,S1D4,2027,0.0985
GLOBAL,PWRWONTZAXX01,S1D4,2028,0.0985
GLOBAL,PWRWONTZAXX01,S1D4,2029,0.0985
GLOBAL,PWRWONTZAXX01,S1D4,2030,0.0985
GLOBAL,PWRWONTZAXX01,S1D4,2031,0.0985
GLOBAL,PWRWONTZAXX01,S1D4,2032,0.0985
GLOBAL,PWRWONTZAXX01,S1D4,2033,0.0985
GLOBAL,PWRWONTZAXX01,S1D4,2034,0.0985
GLOBAL,PWRWONTZAXX01,S1D4,2035,0.0985
GLOBAL,PWRWONTZAXX01,S1D4,2036,0.0985
GLOBAL,PWRWONTZAXX01,S1D4,2037,0.0985
GLOBAL,PWRWONTZAXX01,S1D4,2038,0.0985
GLOBAL,PWRWONTZAXX01,S1D4,2039,0.0985
GLOBAL,PWRWONTZAXX01,S1D4,2040,0.0985
GLOBAL,PWRWONTZAXX01,S1D4,2041,0.0985
GLOBAL,PWRWONTZAXX01,S1D4,2042,0.0985
GLOBAL,PWRWONTZAXX01,S1D4,2043,0.0985
GLOBAL,PWRWONTZAXX01,S1D4,2044,0.0985
GLOBAL,PWRWONTZAXX01,S1D4,2045,0.0985
GLOBAL,PWRWONTZAXX01,S1D4,2046,0.0985
GLOBAL,PWRWONTZAXX01,S1D4,2047,0.0985
GLOBAL,PWRWONTZAXX01,S1D4,2048,0.0985
GLOBAL,PWRWONTZAXX01,S1D4,2049,0.0985
GLOBAL,PWRWONTZAXX01,S1D4,2050,0.0985
GLOBAL,PWRWONKENXX01,S1D5,2021,0.271
GLOBAL,PWRWONKENXX01,S1D5,2022,0.271
GLOBAL,PWRWONKENXX01,S1D5,2023,0.271
GLOBAL,PWRWONKENXX01,S1D5,2024,0.271
GLOBAL,PWRWONKENXX01,S1D5,2025,0.271
GLOBAL,PWRWONKENXX01,S1D5,2026,0.271
GLOBAL,PWRWONKENXX01,S1D5,2027,0.271
GLOBAL,PWRWONKENXX01,S1D5,2028,0.271
GLOBAL,PWRWONKENXX01,S1D5,2029,0.271
GLOBAL,PWRWONKENXX01,S1D5,2030,0.271
GLOBAL,PWRWONKENXX01,S1D5,2031,0.271
GLOBAL,PWRWONKENXX01,S1D5,2032,0.271
GLOBAL,PWRWONKENXX01,S1D5,2033,0.271
GLOBAL,PWRWONKENXX01,S1D5,2034,0.271
GLOBAL,PWRWONKENXX01,S1D5,2035,0.271
GLOBAL,PWRWONKENXX01,S1D5,2036,0.271
GLOBAL,PWRWONKENXX01,S1D5,2037,0.271
GLOBAL,PWRWONKENXX01,S1D5,2038,0.271
GLOBAL,PWRWONKENXX01,S1D5,2039,0.271
GLOBAL,PWRWONKENXX01,S1D5,2040,0.271
GLOBAL,PWRWONKENXX01,S1D5,2041,0.271
GLOBAL,PWRWONKENXX01,S1D5,2042,0.271
GLOBAL,PWRWONKENXX01,S1D5,2043,0.271
GLOBAL,PWRWONKENXX01,S1D5,2044,0.271
GLOBAL,PWRWONKENXX01,S1D5,2045,0.271
GLOBAL,PWRWONKENXX01,S1D5,2046,0.271
GLOBAL,PWRWONKENXX01,S1D5,2047,0.271
GLOBAL,PWRWONKENXX01,S1D5,2048,0.271
GLOBAL,PWRWONKENXX01,S1D5,2049,0.271
GLOBAL,PWRWONKENXX01,S1D5,2050,0.271
GLOBAL,PWRWONTZAXX01,S1D5,2021,0.0932
GLOBAL,PWRWONTZAXX01,S1D5,2022,0.0932
GLOBAL,PWRWONTZAXX01,S1D5,2023,0.0932
GLOBAL,PWRWONTZAXX01,S1D5,2024,0.0932
GLOBAL,PWRWONTZAXX01,S1D5,2025,0.0932
GLOBAL,PWRWONTZAXX01,S1D5,2026,0.0932
GLOBAL,PWRWONTZAXX01,S1D5,2027,0.0932
GLOBAL,PWRWONTZAXX01,S1D5,2028,0.0932
GLOBAL,PWRWONTZAXX01,S1D5,2029,0.0932
GLOBAL,PWRWONTZAXX01,S1D5,2030,0.0932
GLOBAL,PWRWONTZAXX01,S1D5,2031,0.0932
GLOBAL,PWRWONTZAXX01,S1D5,2032,0.0932
GLOBAL,PWRWONTZAXX01,S1D5,2033,0.0932
GLOBAL,PWRWONTZAXX01,S1D5,2034,0.0932
GLOBAL,PWRWONTZAXX01,S1D5,2035,0.0932
GLOBAL,PWRWONTZAXX01,S1D5,2036,0.0932
GLOBAL,PWRWONTZAXX01,S1D5,2037,0.0932
GLOBAL,PWRWONTZAXX01,S1D5,2038,0.0932
GLOBAL,PWRWONTZAXX01,S1D5,2039,0.0932
GLOBAL,PWRWONTZAXX01,S1D5,2040,0.0932
GLOBAL,PWRWONTZAXX01,S1D5,2041,0.0932
GLOBAL,PWRWONTZAXX01,S1D5,2042,0.0932
GLOBAL,PWRWONTZAXX01,S1D5,2043,0.0932
GLOBAL,PWRWONTZAXX01,S1D5,2044,0.0932
GLOBAL,PWRWONTZAXX01,S1D5,2045,0.0932
GLOBAL,PWRWONTZAXX01,S1D5,2046,0.0932
GLOBAL,PWRWONTZAXX01,S1D5,2047,0.0932
GLOBAL,PWRWONTZAXX01,S1D5,2048,0.0932
GLOBAL,PWRWONTZAXX01,S1D5,2049,0.0932
GLOBAL,PWRWONTZAXX01,S1D5,2050,0.0932
GLOBAL,PWRWONKENXX01,S1D6,2021,0.1947
GLOBAL,PWRWONKENXX01,S1D6,2022,0.1947
GLOBAL,PWRWONKENXX01,S1D6,2023,0.1947
GLOBAL,PWRWONKENXX01,S1D6,2024,0.1947
GLOBAL,PWRWONKENXX01,S1D6,2025,0.1947
GLOBAL,PWRWONKENXX01,S1D6,2026,0.1947
GLOBAL,PWRWONKENXX01,S1D6,2027,0.1947
GLOBAL,PWRWONKENXX01,S1D6,2028,0.1947
GLOBAL,PWRWONKENXX01,S1D6,2029,0.1947
GLOBAL,PWRWONKENXX01,S1D6,2030,0.1947
GLOBAL,PWRWONKENXX01,S1D6,2031,0.1947
GLOBAL,PWRWONKENXX01,S1D6,2032,0.1947
GLOBAL,PWRWONKENXX01,S1D6,2033,0.1947
GLOBAL,PWRWONKENXX01,S1D6,2034,0.1947
GLOBAL,PWRWONKENXX01,S1D6,2035,0.1947
GLOBAL,PWRWONKENXX01,S1D6,2036,0.1947
GLOBAL,PWRWONKENXX01,S1D6,2037,0.1947
GLOBAL,PWRWONKENXX01,S1D6,2038,0.1947
GLOBAL,PWRWONKENXX01,S1D6,2039,0.1947
GLOBAL,PWRWONKENXX01,S1D6,2040,0.1947
GLOBAL,PWRWONKENXX01,S1D6,2041,0.1947
GLOBAL,PWRWONKENXX01,S1D6,2042,0.1947
GLOBAL,PWRWONKENXX01,S1D6,2043,0.1947
GLOBAL,PWRWONKENXX01,S1D6,2044,0.1947
GLOBAL,PWRWONKENXX01,S1D6,2045,0.1947
GLOBAL,PWRWONKENXX01,S1D6,2046,0.1947
GLOBAL,PWRWONKENXX01,S1D6,2047,0.1947
GLOBAL,PWRWONKENXX01,S1D6,2048,0.1947
GLOBAL,PWRWONKENXX01,S1D6,2049,0.1947
GLOBAL,PWRWONKENXX01,S1D6,2050,0.1947
GLOBAL,PWRWONTZAXX01,S1D6,2021,0.0836
GLOBAL,PWRWONTZAXX01,S1D6,2022,0.0836
GLOBAL,PWRWONTZAXX01,S1D6,2023,0.0836
GLOBAL,PWRWONTZAXX01,S1D6,2024,0.0836
GLOBAL,PWRWONTZAXX01,S1D6,2025,0.0836
GLOBAL,PWRWONTZAXX01,S1D6,2026,0.0836
GLOBAL,PWRWONTZAXX01,S1D6,2027,0.0836
GLOBAL,PWRWONTZAXX01,S1D6,2028,0.0836
GLOBAL,PWRWONTZAXX01,S1D6,2029,0.0836
GLOBAL,PWRWONTZAXX01,S1D6,2030,0.0836
GLOBAL,PWRWONTZAXX01,S1D6,2031,0.0836
GLOBAL,PWRWONTZAXX01,S1D6,2032,0.0836
GLOBAL,PWRWONTZAXX01,S1D6,2033,0.0836
GLOBAL,PWRWONTZAXX01,S1D6,2034,0.0836
GLOBAL,PWRWONTZAXX01,S1D6,2035,0.0836
GLOBAL,PWRWONTZAXX01,S1D6,2036,0.0836
GLOBAL,PWRWONTZAXX01,S1D6,2037,0.0836
GLOBAL,PWRWONTZAXX01,S1D6,2038,0.0836
GLOBAL,PWRWONTZAXX01,S1D6,2039,0.0836
GLOBAL,PWRWONTZAXX01,S1D6,2040,0.0836
GLOBAL,PWRWONTZAXX01,S1D6,2041,0.0836
GLOBAL,PWRWONTZAXX01,S1D6,2042,0.0836
GLOBAL,PWRWONTZAXX01,S1D6,2043,0.0836
GLOBAL,PWRWONTZAXX01,S1D6,2044,0.0836
GLOBAL,PWRWONTZAXX01,S1D6,2045,0.0836
GLOBAL,PWRWONTZAXX01,S1D6,2046,0.0836
GLOBAL,PWRWONTZAXX01,S1D6,2047,0.0836
GLOBAL,PWRWONTZAXX01,S1D6,2048,0.0836
GLOBAL,PWRWONTZAXX01,S1D6,2049,0.0836
GLOBAL,PWRWONTZAXX01,S1D6,2050,0.0836
GLOBAL,PWRWONKENXX01,S2D1,2021,0.1908
GLOBAL,PWRWONKENXX01,S2D1,2022,0.1908
GLOBAL,PWRWONKENXX01,S2D1,2023,0.1908
GLOBAL,PWRWONKENXX01,S2D1,2024,0.1908
GLOBAL,PWRWONKENXX01,S2D1,2025,0.1908
GLOBAL,PWRWONKENXX01,S2D1,2026,0.1908
GLOBAL,PWRWONKENXX01,S2D1,2027,0.1908
GLOBAL,PWRWONKENXX01,S2D1,2028,0.1908
GLOBAL,PWRWONKENXX01,S2D1,2029,0.1908
GLOBAL,PWRWONKENXX01,S2D1,2030,0.1908
GLOBAL,PWRWONKENXX01,S2D1,2031,0.1908
GLOBAL,PWRWONKENXX01,S2D1,2032,0.1908
GLOBAL,PWRWONKENXX01,S2D1,2033,0.1908
GLOBAL,PWRWONKENXX01,S2D1,2034,0.1908
GLOBAL,PWRWONKENXX01,S2D1,2035,0.1908
GLOBAL,PWRWONKENXX01,S2D1,2036,0.1908
GLOBAL,PWRWONKENXX01,S2D1,2037,0.1908
GLOBAL,PWRWONKENXX01,S2D1,2038,0.1908
GLOBAL,PWRWONKENXX01,S2D1,2039,0.1908
GLOBAL,PWRWONKENXX01,S2D1,2040,0.1908
GLOBAL,PWRWONKENXX01,S2D1,2041,0.1908
GLOBAL,PWRWONKENXX01,S2D1,2042,0.1908
GLOBAL,PWRWONKENXX01,S2D1,2043,0.1908
GLOBAL,PWRWONKENXX01,S2D1,2044,0.1908
GLOBAL,PWRWONKENXX01,S2D1,2045,0.1908
GLOBAL,PWRWONKENXX01,S2D1,2046,0.1908
GLOBAL,PWRWONKENXX01,S2D1,2047,0.1908
GLOBAL,PWRWONKENXX01,S2D1,2048,0.1908
GLOBAL,PWRWONKENXX01,S2D1,2049,0.1908
GLOBAL,PWRWONKENXX01,S2D1,2050,0.1908
GLOBAL,PWRWONTZAXX01,S2D1,2021,0.1751
GLOBAL,PWRWONTZAXX01,S2D1,2022,0.1751
GLOBAL,PWRWONTZAXX01,S2D1,2023,0.1751
GLOBAL,PWRWONTZAXX01,S2D1,2024,0.1751
GLOBAL,PWRWONTZAXX01,S2D1,2025,0.1751
GLOBAL,PWRWONTZAXX01,S2D1,2026,0.1751
GLOBAL,PWRWONTZAXX01,S2D1,2027,0.1751
GLOBAL,PWRWONTZAXX01,S2D1,2028,0.1751
GLOBAL,PWRWONTZAXX01,S2D1,2029,0.1751
GLOBAL,PWRWONTZAXX01,S2D1,2030,0.1751
GLOBAL,PWRWONTZAXX01,S2D1,2031,0.1751
GLOBAL,PWRWONTZAXX01,S2D1,2032,0.1751
GLOBAL,PWRWONTZAXX01,S2D1,2033,0.1751
GLOBAL,PWRWONTZAXX01,S2D1,2034,0.1751
GLOBAL,PWRWONTZAXX01,S2D1,2035,0.1751
GLOBAL,PWRWONTZAXX01,S2D1,2036,0.1751
GLOBAL,PWRWONTZAXX01,S2D1,2037,0.1751
GLOBAL,PWRWONTZAXX01,S2D1,2038,0.1751
GLOBAL,PWRWONTZAXX01,S2D1,2039,0.1751
GLOBAL,PWRWONTZAXX01,S2D1,2040,0.1751
GLOBAL,PWRWONTZAXX01,S2D1,2041,0.1751
GLOBAL,PWRWONTZAXX01,S2D1,2042,0.1751
GLOBAL,PWRWONTZAXX01,S2D1,2043,0.1751
GLOBAL,PWRWONTZAXX01,S2D1,2044,0.1751
GLOBAL,PWRWONTZAXX01,S2D1,2045,0.1751
GLOBAL,PWRWONTZAXX01,S2D1,2046,0.1751
GLOBAL,PWRWONTZAXX01,S2D1,2047,0.1751
GLOBAL,PWRWONTZAXX01,S2D1,2048,0.1751
GLOBAL,PWRWONTZAXX01,S2D1,2049,0.1751
GLOBAL,PWRWONTZAXX01,S2D1,2050,0.1751
GLOBAL,PWRWONKENXX01,S2D2,2021,0.1715
GLOBAL,PWRWONKENXX01,S2D2,2022,0.1715
GLOBAL,PWRWONKENXX01,S2D2,2023,0.1715
GLOBAL,PWRWONKENXX01,S2D2,2024,0.1715
GLOBAL,PWRWONKENXX01,S2D2,2025,0.1715
GLOBAL,PWRWONKENXX01,S2D2,2026,0.1715
GLOBAL,PWRWONKENXX01,S2D2,2027,0.1715
GLOBAL,PWRWONKENXX01,S2D2,2028,0.1715
GLOBAL,PWRWONKENXX01,S2D2,2029,0.1715
GLOBAL,PWRWONKENXX01,S2D2,2030,0.1715
GLOBAL,PWRWONKENXX01,S2D2,2031,0.1715
GLOBAL,PWRWONKENXX01,S2D2,2032,0.1715
GLOBAL,PWRWONKENXX01,S2D2,2033,0.1715
GLOBAL,PWRWONKENXX01,S2D2,2034,0.1715
GLOBAL,PWRWONKENXX01,S2D2,2035,0.1715
GLOBAL,PWRWONKENXX01,S2D2,2036,0.1715
GLOBAL,PWRWONKENXX01,S2D2,2037,0.1715
GLOBAL,PWRWONKENXX01,S2D2,2038,0.1715
GLOBAL,PWRWONKENXX01,S2D2,2039,0.1715
GLOBAL,PWRWONKENXX01,S2D2,2040,0.1715
GLOBAL,PWRWONKENXX01,S2D2,2041,0.1715
GLOBAL,PWRWONKENXX01,S2D2,2042,0.1715
GLOBAL,PWRWONKENXX01,S2D2,2043,0.1715
GLOBAL,PWRWONKENXX01,S2D2,2044,0.1715
GLOBAL,PWRWONKENXX01,S2D2,2045,0.1715
GLOBAL,PWRWONKENXX01,S2D2,2046,0.1715
GLOBAL,PWRWONKENXX01,S2D2,2047,0.1715
GLOBAL,PWRWONKENXX01,S2D2,2048,0.1715
GLOBAL,PWRWONKENXX01,S2D2,2049,0.1715
GLOBAL,PWRWONKENXX01,S2D2,2050,0.1715
GLOBAL,PWRWONTZAXX01,S2D2,2021,0.2359
GLOBAL,PWRWONTZAXX01,S2D2,2022,0.2359
GLOBAL,PWRWONTZAXX01,S2D2,2023,0.2359
GLOBAL,PWRWONTZAXX01,S2D2,2024,0.2359
GLOBAL,PWRWONTZAXX01,S2D2,2025,0.2359
GLOBAL,PWRWONTZAXX01,S2D2,2026,0.2359
GLOBAL,PWRWONTZAXX01,S2D2,2027,0.2359
GLOBAL,PWRWONTZAXX01,S2D2,2028,0.2359
GLOBAL,PWRWONTZAXX01,S2D2,2029,0.2359
GLOBAL,PWRWONTZAXX01,S2D2,2030,0.2359
GLOBAL,PWRWONTZAXX01,S2D2,2031,0.2359
GLOBAL,PWRWONTZAXX01,S2D2,2032,0.2359
GLOBAL,PWRWONTZAXX01,S2D2,2033,0.2359
GLOBAL,PWRWONTZAXX01,S2D2,2034,0.2359
GLOBAL,PWRWONTZAXX01,S2D2,2035,0.2359
GLOBAL,PWRWONTZAXX01,S2D2,2036,0.2359
GLOBAL,PWRWONTZAXX01,S2D2,2037,0.2359
GLOBAL,PWRWONTZAXX01,S2D2,2038,0.2359
GLOBAL,PWRWONTZAXX01,S2D2,2039,0.2359
GLOBAL,PWRWONTZAXX01,S2D2,2040,0.2359
GLOBAL,PWRWONTZAXX01,S2D2,2041,0.2359
GLOBAL,PWRWONTZAXX01,S2D2,2042,0.2359
GLOBAL,PWRWONTZAXX01,S2D2,2043,0.2359
GLOBAL,PWRWONTZAXX01,S2D2,2044,0.2359
GLOBAL,PWRWONTZAXX01,S2D2,2045,0.2359
GLOBAL,PWRWONTZAXX01,S2D2,2046,0.2359
GLOBAL,PWRWONTZAXX01,S2D2,2047,0.2359
GLOBAL,PWRWONTZAXX01,S2D2,2048,0.2359
GLOBAL,PWRWONTZAXX01,S2D2,2049,0.2359
GLOBAL,PWRWONTZAXX01,S2D2,2050,0.2359
GLOBAL,PWRWONKENXX01,S2D3,2021,0.1102
GLOBAL,PWRWONKENXX01,S2D3,2022,0.1102
GLOBAL,PWRWONKENXX01,S2D3,2023,0.1102
GLOBAL,PWRWONKENXX01,S2D3,2024,0.1102
GLOBAL,PWRWONKENXX01,S2D3,2025,0.1102
GLOBAL,PWRWONKENXX01,S2D3,2026,0.1102
GLOBAL,PWRWONKENXX01,S2D3,2027,0.1102
GLOBAL,PWRWONKENXX01,S2D3,2028,0.1102
GLOBAL,PWRWONKENXX01,S2D3,2029,0.1102
GLOBAL,PWRWONKENXX01,S2D3,2030,0.1102
GLOBAL,PWRWONKENXX01,S2D3,2031,0.1102
GLOBAL,PWRWONKENXX01,S2D3,2032,0.1102
GLOBAL,PWRWONKENXX01,S2D3,2033,0.1102
GLOBAL,PWRWONKENXX01,S2D3,2034,0.1102
GLOBAL,PWRWONKENXX01,S2D3,2035,0.1102
GLOBAL,PWRWONKENXX01,S2D3,2036,0.1102
GLOBAL,PWRWONKENXX01,S2D3,2037,0.1102
GLOBAL,PWRWONKENXX01,S2D3,2038,0.1102
GLOBAL,PWRWONKENXX01,S2D3,2039,0.1102
GLOBAL,PWRWONKENXX01,S2D3,2040,0.1102
GLOBAL,PWRWONKENXX01,S2D3,2041,0.1102
GLOBAL,PWRWONKENXX01,S2D3,2042,0.1102
GLOBAL,PWRWONKENXX01,S2D3,2043,0.1102
GLOBAL,PWRWONKENXX01,S2D3,2044,0.1102
GLOBAL,PWRWONKENXX01,S2D3,2045,0.1102
GLOBAL,PWRWONKENXX01,S2D3,2046,0.1102
GLOBAL,PWRWONKENXX01,S2D3,2047,0.1102
GLOBAL,PWRWONKENXX01,S2D3,2048,0.1102
GLOBAL,PWRWONKENXX01,S2D3,2049,0.1102
GLOBAL,PWRWONKENXX01,S2D3,2050,0.1102
GLOBAL,PWRWONTZAXX01,S2D3,2021,0.152
GLOBAL,PWRWONTZAXX01,S2D3,2022,0.152
GLOBAL,PWRWONTZAXX01,S2D3,2023,0.152
GLOBAL,PWRWONTZAXX01,S2D3,2024,0.152
GLOBAL,PWRWONTZAXX01,S2D3,2025,0.152
GLOBAL,PWRWONTZAXX01,S2D3,2026,0.152
GLOBAL,PWRWONTZAXX01,S2D3,2027,0.152
GLOBAL,PWRWONTZAXX01,S2D3,2028,0.152
GLOBAL,PWRWONTZAXX01,S2D3,2029,0.152
GLOBAL,PWRWONTZAXX01,S2D3,2030,0.152
GLOBAL,PWRWONTZAXX01,S2D3,2031,0.152
GLOBAL,PWRWONTZAXX01,S2D3,2032,0.152
GLOBAL,PWRWONTZAXX01,S2D3,2033,0.152
GLOBAL,PWRWONTZAXX01,S2D3,2034,0.152
GLOBAL,PWRWONTZAXX01,S2D3,2035,0.152
GLOBAL,PWRWONTZAXX01,S2D3,2036,0.152
GLOBAL,PWRWONTZAXX01,S2D3,2037,0.152
GLOBAL,PWRWONTZAXX01,S2D3,2038,0.152
GLOBAL,PWRWONTZAXX01,S2D3,2039,0.152
GLOBAL,PWRWONTZAXX01,S2D3,2040,0.152
GLOBAL,PWRWONTZAXX01,S2D3,2041,0.152
GLOBAL,PWRWONTZAXX01,S2D3,2042,0.152
GLOBAL,PWRWONTZAXX01,S2D3,2043,0.152
GLOBAL,PWRWONTZAXX01,S2D3,2044,0.152
GLOBAL,PWRWONTZAXX01,S2D3,2045,0.152
GLOBAL,PWRWONTZAXX01,S2D3,2046,0.152
GLOBAL,PWRWONTZAXX01,S2D3,2047,0.152
GLOBAL,PWRWONTZAXX01,S2D3,2048,0.152
GLOBAL,PWRWONTZAXX01,S2D3,2049,0.152
GLOBAL,PWRWONTZAXX01,S2D3,2050,0.152
GLOBAL,PWRWONKENXX01,S2D4,2021,0.1736
GLOBAL,PWRWONKENXX01,S2D4,2022,0.1736
GLOBAL,PWRWONKENXX01,S2D4,2023,0.1736
GLOBAL,PWRWONKENXX01,S2D4,2024,0.1736
GLOBAL,PWRWONKENXX01,S2D4,2025,0.1736
GLOBAL,PWRWONKENXX01,S2D4,2026,0.1736
GLOBAL,PWRWONKENXX01,S2D4,2027,0.1736
GLOBAL,PWRWONKENXX01,S2D4,2028,0.1736
GLOBAL,PWRWONKENXX01,S2D4,2029,0.1736
GLOBAL,PWRWONKENXX01,S2D4,2030,0.1736
GLOBAL,PWRWONKENXX01,S2D4,2031,0.1736
GLOBAL,PWRWONKENXX01,S2D4,2032,0.1736
GLOBAL,PWRWONKENXX01,S2D4,2033,0.1736
GLOBAL,PWRWONKENXX01,S2D4,2034,0.1736
GLOBAL,PWRWONKENXX01,S2D4,2035,0.1736
GLOBAL,PWRWONKENXX01,S2D4,2036,0.1736
GLOBAL,PWRWONKENXX01,S2D4,2037,0.1736
GLOBAL,PWRWONKENXX01,S2D4,2038,0.1736
GLOBAL,PWRWONKENXX01,S2D4,2039,0.1736
GLOBAL,PWRWONKENXX01,S2D4,2040,0.1736
GLOBAL,PWRWONKENXX01,S2D4,2041,0.1736
GLOBAL,PWRWONKENXX01,S2D4,2042,0.1736
GLOBAL,PWRWONKENXX01,S2D4,2043,0.1736
GLOBAL,PWRWONKENXX01,S2D4,2044,0.1736
GLOBAL,PWRWONKENXX01,S2D4,2045,0.1736
GLOBAL,PWRWONKENXX01,S2D4,2046,0.1736
GLOBAL,PWRWONKENXX01,S2D4,2047,0.1736
GLOBAL,PWRWONKENXX01,S2D4,2048,0.1736
GLOBAL,PWRWONKENXX01,S2D4,2049,0.1736
GLOBAL,PWRWONKENXX01,S2D4,2050,0.1736
GLOBAL,PWRWONTZAXX01,S2D4,2021,0.1608
GLOBAL,PWRWONTZAXX01,S2D4,2022,0.1608
GLOBAL,PWRWONTZAXX01,S2D4,2023,0.1608
GLOBAL,PWRWONTZAXX01,S2D4,2024,0.1608
GLOBAL,PWRWONTZAXX01,S2D4,2025,0.1608
GLOBAL,PWRWONTZAXX01,S2D4,2026,0.1608
GLOBAL,PWRWONTZAXX01,S2D4,2027,0.1608
GLOBAL,PWRWONTZAXX01,S2D4,2028,0.1608
GLOBAL,PWRWONTZAXX01,S2D4,2029,0.1608
GLOBAL,PWRWONTZAXX01,S2D4,2030,0.1608
GLOBAL,PWRWONTZAXX01,S2D4,2031,0.1608
GLOBAL,PWRWONTZAXX01,S2D4,2032,0.1608
GLOBAL,PWRWONTZAXX01,S2D4,2033,0.1608
GLOBAL,PWRWONTZAXX01,S2D4,2034,0.1608
GLOBAL,PWRWONTZAXX01,S2D4,2035,0.1608
GLOBAL,PWRWONTZAXX01,S2D4,2036,0.1608
GLOBAL,PWRWONTZAXX01,S2D4,2037,0.1608
GLOBAL,PWRWONTZAXX01,S2D4,2038,0.1608
GLOBAL,PWRWONTZAXX01,S2D4,2039,0.1608
GLOBAL,PWRWONTZAXX01,S2D4,2040,0.1608
GLOBAL,PWRWONTZAXX01,S2D4,2041,0.1608
GLOBAL,PWRWONTZAXX01,S2D4,2042,0.1608
GLOBAL,PWRWONTZAXX01,S2D4,2043,0.1608
GLOBAL,PWRWONTZAXX01,S2D4,2044,0.1608
GLOBAL,PWRWONTZAXX01,S2D4,2045,0.1608
GLOBAL,PWRWONTZAXX01,S2D4,2046,0.1608
GLOBAL,PWRWONTZAXX01,S2D4,2047,0.1608
GLOBAL,PWRWONTZAXX01,S2D4,2048,0.1608
GLOBAL,PWRWONTZAXX01,S2D4,2049,0.1608
GLOBAL,PWRWONTZAXX01,S2D4,2050,0.1608
GLOBAL,PWRWONKENXX01,S2D5,2021,0.2174
GLOBAL,PWRWONKENXX01,S2D5,2022,0.2174
GLOBAL,PWRWONKENXX01,S2D5,2023,0.2174
GLOBAL,PWRWONKENXX01,S2D5,2024,0.2174
GLOBAL,PWRWONKENXX01,S2D5,2025,0.2174
GLOBAL,PWRWONKENXX01,S2D5,2026,0.2174
GLOBAL,PWRWONKENXX01,S2D5,2027,0.2174
GLOBAL,PWRWONKENXX01,S2D5,2028,0.2174
GLOBAL,PWRWONKENXX01,S2D5,2029,0.2174
GLOBAL,PWRWONKENXX01,S2D5,2030,0.2174
GLOBAL,PWRWONKENXX01,S2D5,2031,0.2174
GLOBAL,PWRWONKENXX01,S2D5,2032,0.2174
GLOBAL,PWRWONKENXX01,S2D5,2033,0.2174
GLOBAL,PWRWONKENXX01,S2D5,2034,0.2174
GLOBAL,PWRWONKENXX01,S2D5,2035,0.2174
GLOBAL,PWRWONKENXX01,S2D5,2036,0.2174
GLOBAL,PWRWONKENXX01,S2D5,2037,0.2174
GLOBAL,PWRWONKENXX01,S2D5,2038,0.2174
GLOBAL,PWRWONKENXX01,S2D5,2039,0.2174
GLOBAL,PWRWONKENXX01,S2D5,2040,0.2174
GLOBAL,PWRWONKENXX01,S2D5,2041,0.2174
GLOBAL,PWRWONKENXX01,S2D5,2042,0.2174
GLOBAL,PWRWONKENXX01,S2D5,2043,0.2174
GLOBAL,PWRWONKENXX01,S2D5,2044,0.2174
GLOBAL,PWRWONKENXX01,S2D5,2045,0.2174
GLOBAL,PWRWONKENXX01,S2D5,2046,0.2174
GLOBAL,PWRWONKENXX01,S2D5,2047,0.2174
GLOBAL,PWRWONKENXX01,S2D5,2048,0.2174
GLOBAL,PWRWONKENXX01,S2D5,2049,0.2174
GLOBAL,PWRWONKENXX01,S2D5,2050,0.2174
GLOBAL,PWRWONTZAXX01,S2D5,2021,0.203
GLOBAL,PWRWONTZAXX01,S2D5,2022,0.203
GLOBAL,PWRWONTZAXX01,S2D5,2023,0.203
GLOBAL,PWRWONTZAXX01,S2D5,2024,0.203
GLOBAL,PWRWONTZAXX01,S2D5,2025,0.203
GLOBAL,PWRWONTZAXX01,S2D5,2026,0.203
GLOBAL,PWRWONTZAXX01,S2D5,2027,0.203
GLOBAL,PWRWONTZAXX01,S2D5,2028,0.203
GLOBAL,PWRWONTZAXX01,S2D5,2029,0.203
GLOBAL,PWRWONTZAXX01,S2D5,2030,0.203
GLOBAL,PWRWONTZAXX01,S2D5,2031,0.203
GLOBAL,PWRWONTZAXX01,S2D5,2032,0.203
GLOBAL,PWRWONTZAXX01,S2D5,2033,0.203
GLOBAL,PWRWONTZAXX01,S2D5,2034,0.203
GLOBAL,PWRWONTZAXX01,S2D5,2035,0.203
GLOBAL,PWRWONTZAXX01,S2D5,2036,0.203
GLOBAL,PWRWONTZAXX01,S2D5,2037,0.203
GLOBAL,PWRWONTZAXX01,S2D5,2038,0.203
GLOBAL,PWRWONTZAXX01,S2D5,2039,0.203
GLOBAL,PWRWONTZAXX01,S2D5,2040,0.203
GLOBAL,PWRWONTZAXX01,S2D5,2041,0.203
GLOBAL,PWRWONTZAXX01,S2D5,2042,0.203
GLOBAL,PWRWONTZAXX01,S2D5,2043,0.203
GLOBAL,PWRWONTZAXX01,S2D5,2044,0.203
GLOBAL,PWRWONTZAXX01,S2D5,2045,0.203
GLOBAL,PWRWONTZAXX01,S2D5,2046,0.203
GLOBAL,PWRWONTZAXX01,S2D5,2047,0.203
GLOBAL,PWRWONTZAXX01,S2D5,2048,0.203
GLOBAL,PWRWONTZAXX01,S2D5,2049,0.203
GLOBAL,PWRWONTZAXX01,S2D5,2050,0.203
GLOBAL,PWRWONKENXX01,S2D6,2021,0.2197
GLOBAL,PWRWONKENXX01,S2D6,2022,0.2197
GLOBAL,PWRWONKENXX01,S2D6,2023,0.2197
GLOBAL,PWRWONKENXX01,S2D6,2024,0.2197
GLOBAL,PWRWONKENXX01,S2D6,2025,0.2197
GLOBAL,PWRWONKENXX01,S2D6,2026,0.2197
GLOBAL,PWRWONKENXX01,S2D6,2027,0.2197
GLOBAL,PWRWONKENXX01,S2D6,2028,0.2197
GLOBAL,PWRWONKENXX01,S2D6,2029,0.2197
GLOBAL,PWRWONKENXX01,S2D6,2030,0.2197
GLOBAL,PWRWONKENXX01,S2D6,2031,0.2197
GLOBAL,PWRWONKENXX01,S2D6,2032,0.2197
GLOBAL,PWRWONKENXX01,S2D6,2033,0.2197
GLOBAL,PWRWONKENXX01,S2D6,2034,0.2197
GLOBAL,PWRWONKENXX01,S2D6,2035,0.2197
GLOBAL,PWRWONKENXX01,S2D6,2036,0.2197
GLOBAL,PWRWONKENXX01,S2D6,2037,0.2197
GLOBAL,PWRWONKENXX01,S2D6,2038,0.2197
GLOBAL,PWRWONKENXX01,S2D6,2039,0.2197
GLOBAL,PWRWONKENXX01,S2D6,2040,0.2197
GLOBAL,PWRWONKENXX01,S2D6,2041,0.2197
GLOBAL,PWRWONKENXX01,S2D6,2042,0.2197
GLOBAL,PWRWONKENXX01,S2D6,2043,0.2197
GLOBAL,PWRWONKENXX01,S2D6,2044,0.2197
GLOBAL,PWRWONKENXX01,S2D6,2045,0.2197
GLOBAL,PWRWONKENXX01,S2D6,2046,0.2197
GLOBAL,PWRWONKENXX01,S2D6,2047,0.2197
GLOBAL,PWRWONKENXX01,S2D6,2048,0.2197
GLOBAL,PWRWONKENXX01,S2D6,2049,0.2197
GLOBAL,PWRWONKENXX01,S2D6,2050,0.2197
GLOBAL,PWRWONTZAXX01,S2D6,2021,0.1773
GLOBAL,PWRWONTZAXX01,S2D6,2022,0.1773
GLOBAL,PWRWONTZAXX01,S2D6,2023,0.1773
GLOBAL,PWRWONTZAXX01,S2D6,2024,0.1773
GLOBAL,PWRWONTZAXX01,S2D6,2025,0.1773
GLOBAL,PWRWONTZAXX01,S2D6,2026,0.1773
GLOBAL,PWRWONTZAXX01,S2D6,2027,0.1773
GLOBAL,PWRWONTZAXX01,S2D6,2028,0.1773
GLOBAL,PWRWONTZAXX01,S2D6,2029,0.1773
GLOBAL,PWRWONTZAXX01,S2D6,2030,0.1773
GLOBAL,PWRWONTZAXX01,S2D6,2031,0.1773
GLOBAL,PWRWONTZAXX01,S2D6,2032,0.1773
GLOBAL,PWRWONTZAXX01,S2D6,2033,0.1773
GLOBAL,PWRWONTZAXX01,S2D6,2034,0.1773
GLOBAL,PWRWONTZAXX01,S2D6,2035,0.1773
GLOBAL,PWRWONTZAXX01,S2D6,2036,0.1773
GLOBAL,PWRWONTZAXX01,S2D6,2037,0.1773
GLOBAL,PWRWONTZAXX01,S2D6,2038,0.1773
GLOBAL,PWRWONTZAXX01,S2D6,2039,0.1773
GLOBAL,PWRWONTZAXX01,S2D6,2040,0.1773
GLOBAL,PWRWONTZAXX01,S2D6,2041,0.1773
GLOBAL,PWRWONTZAXX01,S2D6,2042,0.1773
GLOBAL,PWRWONTZAXX01,S2D6,2043,0.1773
GLOBAL,PWRWONTZAXX01,S2D6,2044,0.1773
GLOBAL,PWRWONTZAXX01,S2D6,2045,0.1773
GLOBAL,PWRWONTZAXX01,S2D6,2046,0.1773
GLOBAL,PWRWONTZAXX01,S2D6,2047,0.1773
GLOBAL,PWRWONTZAXX01,S2D6,2048,0.1773
GLOBAL,PWRWONTZAXX01,S2D6,2049,0.1773
GLOBAL,PWRWONTZAXX01,S2D6,2050,0.1773
GLOBAL,PWRWONKENXX01,S3D1,2021,0.1773
GLOBAL,PWRWONKENXX01,S3D1,2022,0.1773
GLOBAL,PWRWONKENXX01,S3D1,2023,0.1773
GLOBAL,PWRWONKENXX01,S3D1,2024,0.1773
GLOBAL,PWRWONKENXX01,S3D1,2025,0.1773
GLOBAL,PWRWONKENXX01,S3D1,2026,0.1773
GLOBAL,PWRWONKENXX01,S3D1,2027,0.1773
GLOBAL,PWRWONKENXX01,S3D1,2028,0.1773
GLOBAL,PWRWONKENXX01,S3D1,2029,0.1773
GLOBAL,PWRWONKENXX01,S3D1,2030,0.1773
GLOBAL,PWRWONKENXX01,S3D1,2031,0.1773
GLOBAL,PWRWONKENXX01,S3D1,2032,0.1773
GLOBAL,PWRWONKENXX01,S3D1,2033,0.1773
GLOBAL,PWRWONKENXX01,S3D1,2034,0.1773
GLOBAL,PWRWONKENXX01,S3D1,2035,0.1773
GLOBAL,PWRWONKENXX01,S3D1,2036,0.1773
GLOBAL,PWRWONKENXX01,S3D1,2037,0.1773
GLOBAL,PWRWONKENXX01,S3D1,2038,0.1773
GLOBAL,PWRWONKENXX01,S3D1,2039,0.1773
GLOBAL,PWRWONKENXX01,S3D1,2040,0.1773
GLOBAL,PWRWONKENXX01,S3D1,2041,0.1773
GLOBAL,PWRWONKENXX01,S3D1,2042,0.1773
GLOBAL,PWRWONKENXX01,S3D1,2043,0.1773
GLOBAL,PWRWONKENXX01,S3D1,2044,0.1773
GLOBAL,PWRWONKENXX01,S3D1,2045,0.1773
GLOBAL,PWRWONKENXX01,S3D1,2046,0.1773
GLOBAL,PWRWONKENXX01,S3D1,2047,0.1773
GLOBAL,PWRWONKENXX01,S3D1,2048,0.1773
GLOBAL,PWRWONKENXX01,S3D1,2049,0.1773
GLOBAL,PWRWONKENXX01,S3D1,2050,0.1773
GLOBAL,PWRWONTZAXX01,S3D1,2021,0.1054
GLOBAL,PWRWONTZAXX01,S3D1,2022,0.1054
GLOBAL,PWRWONTZAXX01,S3D1,2023,0.1054
GLOBAL,PWRWONTZAXX01,S3D1,2024,0.1054
GLOBAL,PWRWONTZAXX01,S3D1,2025,0.1054
GLOBAL,PWRWONTZAXX01,S3D1,2026,0.1054
GLOBAL,PWRWONTZAXX01,S3D1,2027,0.1054
GLOBAL,PWRWONTZAXX01,S3D1,2028,0.1054
GLOBAL,PWRWONTZAXX01,S3D1,2029,0.1054
GLOBAL,PWRWONTZAXX01,S3D1,2030,0.1054
GLOBAL,PWRWONTZAXX01,S3D1,2031,0.1054
GLOBAL,PWRWONTZAXX01,S3D1,2032,0.1054
GLOBAL,PWRWONTZAXX01,S3D1,2033,0.1054
GLOBAL,PWRWONTZAXX01,S3D1,2034,0.1054
GLOBAL,PWRWONTZAXX01,S3D1,2035,0.1054
GLOBAL,PWRWONTZAXX01,S3D1,2036,0.1054
GLOBAL,PWRWONTZAXX01,S3D1,2037,0.1054
GLOBAL,PWRWONTZAXX01,S3D1,2038,0.1054
GLOBAL,PWRWONTZAXX01,S3D1,2039,0.1054
GLOBAL,PWRWONTZAXX01,S3D1,2040,0.1054
GLOBAL,PWRWONTZAXX01,S3D1,2041,0.1054
GLOBAL,PWRWONTZAXX01,S3D1,2042,0.1054
GLOBAL,PWRWONTZAXX01,S3D1,2043,0.1054
GLOBAL,PWRWONTZAXX01,S3D1,2044,0.1054
GLOBAL,PWRWONTZAXX01,S3D1,2045,0.1054
GLOBAL,PWRWONTZAXX01,S3D1,2046,0.1054
GLOBAL,PWRWONTZAXX01,S3D1,2047,0.1054
GLOBAL,PWRWONTZAXX01,S3D1,2048,0.1054
GLOBAL,PWRWONTZAXX01,S3D1,2049,0.1054
GLOBAL,PWRWONTZAXX01,S3D1,2050,0.1054
GLOBAL,PWRWONKENXX01,S3D2,2021,0.2372
GLOBAL,PWRWONKENXX01,S3D2,2022,0.2372
GLOBAL,PWRWONKENXX01,S3D2,2023,0.2372
GLOBAL,PWRWONKENXX01,S3D2,2024,0.2372
GLOBAL,PWRWONKENXX01,S3D2,2025,0.2372
GLOBAL,PWRWONKENXX01,S3D2,2026,0.2372
GLOBAL,PWRWONKENXX01,S3D2,2027,0.2372
GLOBAL,PWRWONKENXX01,S3D2,2028,0.2372
GLOBAL,PWRWONKENXX01,S3D2,2029,0.2372
GLOBAL,PWRWONKENXX01,S3D2,2030,0.2372
GLOBAL,PWRWONKENXX01,S3D2,2031,0.2372
GLOBAL,PWRWONKENXX01,S3D2,2032,0.2372
GLOBAL,PWRWONKENXX01,S3D2,2033,0.2372
GLOBAL,PWRWONKENXX01,S3D2,2034,0.2372
GLOBAL,PWRWONKENXX01,S3D2,2035,0.2372
GLOBAL,PWRWONKENXX01,S3D2,2036,0.2372
GLOBAL,PWRWONKENXX01,S3D2,2037,0.2372
GLOBAL,PWRWONKENXX01,S3D2,2038,0.2372
GLOBAL,PWRWONKENXX01,S3D2,2039,0.2372
GLOBAL,PWRWONKENXX01,S3D2,2040,0.2372
GLOBAL,PWRWONKENXX01,S3D2,2041,0.2372
GLOBAL,PWRWONKENXX01,S3D2,2042,0.2372
GLOBAL,PWRWONKENXX01,S3D2,2043,0.2372
GLOBAL,PWRWONKENXX01,S3D2,2044,0.2372
GLOBAL,PWRWONKENXX01,S3D2,2045,0.2372
GLOBAL,PWRWONKENXX01,S3D2,2046,0.2372
GLOBAL,PWRWONKENXX01,S3D2,2047,0.2372
GLOBAL,PWRWONKENXX01,S3D2,2048,0.2372
GLOBAL,PWRWONKENXX01,S3D2,2049,0.2372
GLOBAL,PWRWONKENXX01,S3D2,2050,0.2372
GLOBAL,PWRWONTZAXX01,S3D2,2021,0.144
GLOBAL,PWRWONTZAXX01,S3D2,2022,0.144
GLOBAL,PWRWONTZAXX01,S3D2,2023,0.144
GLOBAL,PWRWONTZAXX01,S3D2,2024,0.144
GLOBAL,PWRWONTZAXX01,S3D2,2025,0.144
GLOBAL,PWRWONTZAXX01,S3D2,2026,0.144
GLOBAL,PWRWONTZAXX01,S3D2,2027,0.144
GLOBAL,PWRWONTZAXX01,S3D2,2028,0.144
GLOBAL,PWRWONTZAXX01,S3D2,2029,0.144
GLOBAL,PWRWONTZAXX01,S3D2,2030,0.144
GLOBAL,PWRWONTZAXX01,S3D2,2031,0.144
GLOBAL,PWRWONTZAXX01,S3D2,2032,0.144
GLOBAL,PWRWONTZAXX01,S3D2,2033,0.144
GLOBAL,PWRWONTZAXX01,S3D2,2034,0.144
GLOBAL,PWRWONTZAXX01,S3D2,2035,0.144
GLOBAL,PWRWONTZAXX01,S3D2,2036,0.144
GLOBAL,PWRWONTZAXX01,S3D2,2037,0.144
GLOBAL,PWRWONTZAXX01,S3D2,2038,0.144
GLOBAL,PWRWONTZAXX01,S3D2,2039,0.144
GLOBAL,PWRWONTZAXX01,S3D2,2040,0.144
GLOBAL,PWRWONTZAXX01,S3D2,2041,0.144
GLOBAL,PWRWONTZAXX01,S3D2,2042,0.144
GLOBAL,PWRWONTZAXX01,S3D2,2043,0.144
GLOBAL,PWRWONTZAXX01,S3D2,2044,0.144
GLOBAL,PWRWONTZAXX01,S3D2,2045,0.144
GLOBAL,PWRWONTZAXX01,S3D2,2046,0.144
GLOBAL,PWRWONTZAXX01,S3D2,2047,0.144
GLOBAL,PWRWONTZAXX01,S3D2,2048,0.144
GLOBAL,PWRWONTZAXX01,S3D2,2049,0.144
GLOBAL,PWRWONTZAXX01,S3D2,2050,0.144
GLOBAL,PWRWONKENXX01,S3D3,2021,0.1875
GLOBAL,PWRWONKENXX01,S3D3,2022,0.1875
GLOBAL,PWRWONKENXX01,S3D3,2023,0.1875
GLOBAL,PWRWONKENXX01,S3D3,2024,0.1875
GLOBAL,PWRWONKENXX01,S3D3,2025,0.1875
GLOBAL,PWRWONKENXX01,S3D3,2026,0.1875
GLOBAL,PWRWONKENXX01,S3D3,2027,0.1875
GLOBAL,PWRWONKENXX01,S3D3,2028,0.1875
GLOBAL,PWRWONKENXX01,S3D3,2029,0.1875
GLOBAL,PWRWONKENXX01,S3D3,2030,0.1875
GLOBAL,PWRWONKENXX01,S3D3,2031,0.1875
GLOBAL,PWRWONKENXX01,S3D3,2032,0.1875
GLOBAL,PWRWONKENXX01,S3D3,2033,0.1875
GLOBAL,PWRWONKENXX01,S3D3,2034,0.1875
GLOBAL,PWRWONKENXX01,S3D3,2035,0.1875
GLOBAL,PWRWONKENXX01,S3D3,2036,0.1875
GLOBAL,PWRWONKENXX01,S3D3,2037,0.1875
GLOBAL,PWRWONKENXX01,S3D3,2038,0.1875
GLOBAL,PWRWONKENXX01,S3D3,2039,0.1875
GLOBAL,PWRWONKENXX01,S3D3,2040,0.1875
GLOBAL,PWRWONKENXX01,S3D3,2041,0.1875
GLOBAL,PWRWONKENXX01,S3D3,2042,0.1875
GLOBAL,PWRWONKENXX01,S3D3,2043,0.1875
GLOBAL,PWRWONKENXX01,S3D3,2044,0.1875
GLOBAL,PWRWONKENXX01,S3D3,2045,0.1875
GLOBAL,PWRWONKENXX01,S3D3,2046,0.1875
GLOBAL,PWRWONKENXX01,S3D3,2047,0.1875
GLOBAL,PWRWONKENXX01,S3D3,2048,0.1875
GLOBAL,PWRWONKENXX01,S3D3,2049,0.1875
GLOBAL,PWRWONKENXX01,S3D3,2050,0.1875
GLOBAL,PWRWONTZAXX01,S3D3,2021,0.1231
GLOBAL,PWRWONTZAXX01,S3D3,2022,0.1231
GLOBAL,PWRWONTZAXX01,S3D3,2023,0.1231
GLOBAL,PWRWONTZAXX01,S3D3,2024,0.1231
GLOBAL,PWRWONTZAXX01,S3D3,2025,0.1231
GLOBAL,PWRWONTZAXX01,S3D3,2026,0.1231
GLOBAL,PWRWONTZAXX01,S3D3,2027,0.1231
GLOBAL,PWRWONTZAXX01,S3D3,2028,0.1231
GLOBAL,PWRWONTZAXX01,S3D3,2029,0.1231
GLOBAL,PWRWONTZAXX01,S3D3,2030,0.1231
GLOBAL,PWRWONTZAXX01,S3D3,2031,0.1231
GLOBAL,PWRWONTZAXX01,S3D3,2032,0.1231
GLOBAL,PWRWONTZAXX01,S3D3,2033,0.1231
GLOBAL,PWRWONTZAXX01,S3D3,2034,0.1231
GLOBAL,PWRWONTZAXX01,S3D3,2035,0.1231
GLOBAL,PWRWONTZAXX01,S3D3,2036,0.1231
GLOBAL,PWRWONTZAXX01,S3D3,2037,0.1231
GLOBAL,PWRWONTZAXX01,S3D3,2038,0.1231
GLOBAL,PWRWONTZAXX01,S3D3,2039,0.1231
GLOBAL,PWRWONTZAXX01,S3D3,2040,0.1231
GLOBAL,PWRWONTZAXX01,S3D3,2041,0.1231
GLOBAL,PWRWONTZAXX01,S3D3,2042,0.1231
GLOBAL,PWRWONTZAXX01,S3D3,2043,0.1231
GLOBAL,PWRWONTZAXX01,S3D3,2044,0.1231
GLOBAL,PWRWONTZAXX01,S3D3,2045,0.1231
GLOBAL,PWRWONTZAXX01,S3D3,2046,0.1231
GLOBAL,PWRWONTZAXX01,S3D3,2047,0.1231
GLOBAL,PWRWONTZAXX01,S3D3,2048,0.1231
GLOBAL,PWRWONTZAXX01,S3D3,2049,0.1231
GLOBAL,PWRWONTZAXX01,S3D3,2050,0.1231
GLOBAL,PWRWONKENXX01,S3D4,2021,0.2404
GLOBAL,PWRWONKENXX01,S3D4,2022,0.2404
GLOBAL,PWRWONKENXX01,S3D4,2023,0.2404
GLOBAL,PWRWONKENXX01,S3D4,2024,0.2404
GLOBAL,PWRWONKENXX01,S3D4,2025,0.2404
GLOBAL,PWRWONKENXX01,S3D4,2026,0.2404
GLOBAL,PWRWONKENXX01,S3D4,2027,0.2404
GLOBAL,PWRWONKENXX01,S3D4,2028,0.2404
GLOBAL,PWRWONKENXX01,S3D4,2029,0.2404
GLOBAL,PWRWONKENXX01,S3D4,2030,0.2404
GLOBAL,PWRWONKENXX01,S3D4,2031,0.2404
GLOBAL,PWRWONKENXX01,S3D4,2032,0.2404
GLOBAL,PWRWONKENXX01,S3D4,2033,0.2404
GLOBAL,PWRWONKENXX01,S3D4,2034,0.2404
GLOBAL,PWRWONKENXX01,S3D4,2035,0.2404
GLOBAL,PWRWONKENXX01,S3D4,2036,0.2404
GLOBAL,PWRWONKENXX01,S3D4,2037,0.2404
GLOBAL,PWRWONKENXX01,S3D4,2038,0.2404
GLOBAL,PWRWONKENXX01,S3D4,2039,0.2404
GLOBAL,PWRWONKENXX01,S3D4,2040,0.2404
GLOBAL,PWRWONKENXX01,S3D4,2041,0.2404
GLOBAL,PWRWONKENXX01,S3D4,2042,0.2404
GLOBAL,PWRWONKENXX01,S3D4,2043,0.2404
GLOBAL,PWRWONKENXX01,S3D4,2044,0.2404
GLOBAL,PWRWONKENXX01,S3D4,2045,0.2404
GLOBAL,PWRWONKENXX01,S3D4,2046,0.2404
GLOBAL,PWRWONKENXX01,S3D4,2047,0.2404
GLOBAL,PWRWONKENXX01,S3D4,2048,0.2404
GLOBAL,PWRWONKENXX01,S3D4,2049,0.2404
GLOBAL,PWRWONKENXX01,S3D4,2050,0.2404
GLOBAL,PWRWONTZAXX01,S3D4,2021,0.1551
GLOBAL,PWRWONTZAXX01,S3D4,2022,0.1551
GLOBAL,PWRWONTZAXX01,S3D4,2023,0.1551
GLOBAL,PWRWONTZAXX01,S3D4,2024,0.1551
GLOBAL,PWRWONTZAXX01,S3D4,2025,0.1551
GLOBAL,PWRWONTZAXX01,S3D4,2026,0.1551
GLOBAL,PWRWONTZAXX01,S3D4,2027,0.1551
GLOBAL,PWRWONTZAXX01,S3D4,2028,0.1551
GLOBAL,PWRWONTZAXX01,S3D4,2029,0.1551
GLOBAL,PWRWONTZAXX01,S3D4,2030,0.1551
GLOBAL,PWRWONTZAXX01,S3D4,2031,0.1551
GLOBAL,PWRWONTZAXX01,S3D4,2032,0.1551
GLOBAL,PWRWONTZAXX01,S3D4,2033,0.1551
GLOBAL,PWRWONTZAXX01,S3D4,2034,0.1551
GLOBAL,PWRWONTZAXX01,S3D4,2035,0.1551
GLOBAL,PWRWONTZAXX01,S3D4,2036,0.1551
GLOBAL,PWRWONTZAXX01,S3D4,2037,0.1551
GLOBAL,PWRWONTZAXX01,S3D4,2038,0.1551
GLOBAL,PWRWONTZAXX01,S3D4,2039,0.1551
GLOBAL,PWRWONTZAXX01,S3D4,2040,0.1551
GLOBAL,PWRWONTZAXX01,S3D4,2041,0.1551
GLOBAL,PWRWONTZAXX01,S3D4,2042,0.1551
GLOBAL,PWRWONTZAXX01,S3D4,2043,0.1551
GLOBAL,PWRWONTZAXX01,S3D4,2044,0.1551
GLOBAL,PWRWONTZAXX01,S3D4,2045,0.1551
GLOBAL,PWRWONTZAXX01,S3D4,2046,0.1551
GLOBAL,PWRWONTZAXX01,S3D4,2047,0.1551
GLOBAL,PWRWONTZAXX01,S3D4,2048,0.1551
GLOBAL,PWRWONTZAXX01,S3D4,2049,0.1551
GLOBAL,PWRWONTZAXX01,S3D4,2050,0.1551
GLOBAL,PWRWONKENXX01,S3D5,2021,0.2589
GLOBAL,PWRWONKENXX01,S3D5,2022,0.2589
GLOBAL,PWRWONKENXX01,S3D5,2023,0.2589
GLOBAL,PWRWONKENXX01,S3D5,2024,0.2589
GLOBAL,PWRWONKENXX01,S3D5,2025,0.2589
GLOBAL,PWRWONKENXX01,S3D5,2026,0.2589
GLOBAL,PWRWONKENXX01,S3D5,2027,0.2589
GLOBAL,PWRWONKENXX01,S3D5,2028,0.2589
GLOBAL,PWRWONKENXX01,S3D5,2029,0.2589
GLOBAL,PWRWONKENXX01,S3D5,2030,0.2589
GLOBAL,PWRWONKENXX01,S3D5,2031,0.2589
GLOBAL,PWRWONKENXX01,S3D5,2032,0.2589
GLOBAL,PWRWONKENXX01,S3D5,2033,0.2589
GLOBAL,PWRWONKENXX01,S3D5,2034,0.2589
GLOBAL,PWRWONKENXX01,S3D5,2035,0.2589
GLOBAL,PWRWONKENXX01,S3D5,2036,0.2589
GLOBAL,PWRWONKENXX01,S3D5,2037,0.2589
GLOBAL,PWRWONKENXX01,S3D5,2038,0.2589
GLOBAL,PWRWONKENXX01,S3D5,2039,0.2589
GLOBAL,PWRWONKENXX01,S3D5,2040,0.2589
GLOBAL,PWRWONKENXX01,S3D5,2041,0.2589
GLOBAL,PWRWONKENXX01,S3D5,2042,0.2589
GLOBAL,PWRWONKENXX01,S3D5,2043,0.2589
GLOBAL,PWRWONKENXX01,S3D5,2044,0.2589
GLOBAL,PWRWONKENXX01,S3D5,2045,0.2589
GLOBAL,PWRWONKENXX01,S3D5,2046,0.2589
GLOBAL,PWRWONKENXX01,S3D5,2047,0.2589
GLOBAL,PWRWONKENXX01,S3D5,2048,0.2589
GLOBAL,PWRWONKENXX01,S3D5,2049,0.2589
GLOBAL,PWRWONKENXX01,S3D5,2050,0.2589
GLOBAL,PWRWONTZAXX01,S3D5,2021,0.1481
GLOBAL,PWRWONTZAXX01,S3D5,2022,0.1481
GLOBAL,PWRWONTZAXX01,S3D5,2023,0.1481
GLOBAL,PWRWONTZAXX01,S3D5,2024,0.1481
GLOBAL,PWRWONTZAXX01,S3D5,2025,0.1481
GLOBAL,PWRWONTZAXX01,S3D5,2026,0.1481
GLOBAL,PWRWONTZAXX01,S3D5,2027,0.1481
GLOBAL,PWRWONTZAXX01,S3D5,2028,0.1481
GLOBAL,PWRWONTZAXX01,S3D5,2029,0.1481
GLOBAL,PWRWONTZAXX01,S3D5,2030,0.1481
GLOBAL,PWRWONTZAXX01,S3D5,2031,0.1481
GLOBAL,PWRWONTZAXX01,S3D5,2032,0.1481
GLOBAL,PWRWONTZAXX01,S3D5,2033,0.1481
GLOBAL,PWRWONTZAXX01,S3D5,2034,0.1481
GLOBAL,PWRWONTZAXX01,S3D5,2035,0.1481
GLOBAL,PWRWONTZAXX01,S3D5,2036,0.1481
GLOBAL,PWRWONTZAXX01,S3D5,2037,0.1481
GLOBAL,PWRWONTZAXX01,S3D5,2038,0.1481
GLOBAL,PWRWONTZAXX01,S3D5,2039,0.1481
GLOBAL,PWRWONTZAXX01,S3D5,2040,0.1481
GLOBAL,PWRWONTZAXX01,S3D5,2041,0.1481
GLOBAL,PWRWONTZAXX01,S3D5,2042,0.1481
GLOBAL,PWRWONTZAXX01,S3D5,2043,0.1481
GLOBAL,PWRWONTZAXX01,S3D5,2044,0.1481
GLOBAL,PWRWONTZAXX01,S3D5,2045,0.1481
GLOBAL,PWRWONTZAXX01,S3D5,2046,0.1481
GLOBAL,PWRWONTZAXX01,S3D5,2047,0.1481
GLOBAL,PWRWONTZAXX01,S3D5,2048,0.1481
GLOBAL,PWRWONTZAXX01,S3D5,2049,0.1481
GLOBAL,PWRWONTZAXX01,S3D5,2050,0.1481
GLOBAL,PWRWONKENXX01,S3D6,2021,0.1948
GLOBAL,PWRWONKENXX01,S3D6,2022,0.1948
GLOBAL,PWRWONKENXX01,S3D6,2023,0.1948
GLOBAL,PWRWONKENXX01,S3D6,2024,0.1948
GLOBAL,PWRWONKENXX01,S3D6,2025,0.1948
GLOBAL,PWRWONKENXX01,S3D6,2026,0.1948
GLOBAL,PWRWONKENXX01,S3D6,2027,0.1948
GLOBAL,PWRWONKENXX01,S3D6,2028,0.1948
GLOBAL,PWRWONKENXX01,S3D6,2029,0.1948
GLOBAL,PWRWONKENXX01,S3D6,2030,0.1948
GLOBAL,PWRWONKENXX01,S3D6,2031,0.1948
GLOBAL,PWRWONKENXX01,S3D6,2032,0.1948
GLOBAL,PWRWONKENXX01,S3D6,2033,0.1948
GLOBAL,PWRWONKENXX01,S3D6,2034,0.1948
GLOBAL,PWRWONKENXX01,S3D6,2035,0.1948
GLOBAL,PWRWONKENXX01,S3D6,2036,0.1948
GLOBAL,PWRWONKENXX01,S3D6,2037,0.1948
GLOBAL,PWRWONKENXX01,S3D6,2038,0.1948
GLOBAL,PWRWONKENXX01,S3D6,2039,0.1948
GLOBAL,PWRWONKENXX01,S3D6,2040,0.1948
GLOBAL,PWRWONKENXX01,S3D6,2041,0.1948
GLOBAL,PWRWONKENXX01,S3D6,2042,0.1948
GLOBAL,PWRWONKENXX01,S3D6,2043,0.1948
GLOBAL,PWRWONKENXX01,S3D6,2044,0.1948
GLOBAL,PWRWONKENXX01,S3D6,2045,0.1948
GLOBAL,PWRWONKENXX01,S3D6,2046,0.1948
GLOBAL,PWRWONKENXX01,S3D6,2047,0.1948
GLOBAL,PWRWONKENXX01,S3D6,2048,0.1948
GLOBAL,PWRWONKENXX01,S3D6,2049,0.1948
GLOBAL,PWRWONKENXX01,S3D6,2050,0.1948
GLOBAL,PWRWONTZAXX01,S3D6,2021,0.1147
GLOBAL,PWRWONTZAXX01,S3D6,2022,0.1147
GLOBAL,PWRWONTZAXX01,S3D6,2023,0.1147
GLOBAL,PWRWONTZAXX01,S3D6,2024,0.1147
GLOBAL,PWRWONTZAXX01,S3D6,2025,0.1147
GLOBAL,PWRWONTZAXX01,S3D6,2026,0.1147
GLOBAL,PWRWONTZAXX01,S3D6,2027,0.1147
GLOBAL,PWRWONTZAXX01,S3D6,2028,0.1147
GLOBAL,PWRWONTZAXX01,S3D6,2029,0.1147
GLOBAL,PWRWONTZAXX01,S3D6,2030,0.1147
GLOBAL,PWRWONTZAXX01,S3D6,2031,0.1147
GLOBAL,PWRWONTZAXX01,S3D6,2032,0.1147
GLOBAL,PWRWONTZAXX01,S3D6,2033,0.1147
GLOBAL,PWRWONTZAXX01,S3D6,2034,0.1147
GLOBAL,PWRWONTZAXX01,S3D6,2035,0.1147
GLOBAL,PWRWONTZAXX01,S3D6,2036,0.1147
GLOBAL,PWRWONTZAXX01,S3D6,2037,0.1147
GLOBAL,PWRWONTZAXX01,S3D6,2038,0.1147
GLOBAL,PWRWONTZAXX01,S3D6,2039,0.1147
GLOBAL,PWRWONTZAXX01,S3D6,2040,0.1147
GLOBAL,PWRWONTZAXX01,S3D6,2041,0.1147
GLOBAL,PWRWONTZAXX01,S3D6,2042,0.1147
GLOBAL,PWRWONTZAXX01,S3D6,2043,0.1147
GLOBAL,PWRWONTZAXX01,S3D6,2044,0.1147
GLOBAL,PWRWONTZAXX01,S3D6,2045,0.1147
GLOBAL,PWRWONTZAXX01,S3D6,2046,0.1147
GLOBAL,PWRWONTZAXX01,S3D6,2047,0.1147
GLOBAL,PWRWONTZAXX01,S3D6,2048,0.1147
GLOBAL,PWRWONTZAXX01,S3D6,2049,0.1147
GLOBAL,PWRWONTZAXX01,S3D6,2050,0.1147
GLOBAL,PWRWOFKENXX01,S1D1,2021,0.1365
GLOBAL,PWRWOFKENXX01,S1D1,2022,0.1365
GLOBAL,PWRWOFKENXX01,S1D1,2023,0.1365
GLOBAL,PWRWOFKENXX01,S1D1,2024,0.1365
GLOBAL,PWRWOFKENXX01,S1D1,2025,0.1365
GLOBAL,PWRWOFKENXX01,S1D1,2026,0.1365
GLOBAL,PWRWOFKENXX01,S1D1,2027,0.1365
GLOBAL,PWRWOFKENXX01,S1D1,2028,0.1365
GLOBAL,PWRWOFKENXX01,S1D1,2029,0.1365
GLOBAL,PWRWOFKENXX01,S1D1,2030,0.1365
GLOBAL,PWRWOFKENXX01,S1D1,2031,0.1365
GLOBAL,PWRWOFKENXX01,S1D1,2032,0.1365
GLOBAL,PWRWOFKENXX01,S1D1,2033,0.1365
GLOBAL,PWRWOFKENXX01,S1D1,2034,0.1365
GLOBAL,PWRWOFKENXX01,S1D1,2035,0.1365
GLOBAL,PWRWOFKENXX01,S1D1,2036,0.1365
GLOBAL,PWRWOFKENXX01,S1D1,2037,0.1365
GLOBAL,PWRWOFKENXX01,S1D1,2038,0.1365
GLOBAL,PWRWOFKENXX01,S1D1,2039,0.1365
GLOBAL,PWRWOFKENXX01,S1D1,2040,0.1365
GLOBAL,PWRWOFKENXX01,S1D1,2041,0.1365
GLOBAL,PWRWOFKENXX01,S1D1,2042,0.1365
GLOBAL,PWRWOFKENXX01,S1D1,2043,0.1365
GLOBAL,PWRWOFKENXX01,S1D1,2044,0.1365
GLOBAL,PWRWOFKENXX01,S1D1,2045,0.1365
GLOBAL,PWRWOFKENXX01,S1D1,2046,0.1365
GLOBAL,PWRWOFKENXX01,S1D1,2047,0.1365
GLOBAL,PWRWOFKENXX01,S1D1,2048,0.1365
GLOBAL,PWRWOFKENXX01,S1D1,2049,0.1365
GLOBAL,PWRWOFKENXX01,S1D1,2050,0.1365
GLOBAL,PWRWOFTZAXX01,S1D1,2021,0.1806
GLOBAL,PWRWOFTZAXX01,S1D1,2022,0.1806
GLOBAL,PWRWOFTZAXX01,S1D1,2023,0.1806
GLOBAL,PWRWOFTZAXX01,S1D1,2024,0.1806
GLOBAL,PWRWOFTZAXX01,S1D1,2025,0.1806
GLOBAL,PWRWOFTZAXX01,S1D1,2026,0.1806
GLOBAL,PWRWOFTZAXX01,S1D1,2027,0.1806
GLOBAL,PWRWOFTZAXX01,S1D1,2028,0.1806
GLOBAL,PWRWOFTZAXX01,S1D1,2029,0.1806
GLOBAL,PWRWOFTZAXX01,S1D1,2030,0.1806
GLOBAL,PWRWOFTZAXX01,S1D1,2031,0.1806
GLOBAL,PWRWOFTZAXX01,S1D1,2032,0.1806
GLOBAL,PWRWOFTZAXX01,S1D1,2033,0.1806
GLOBAL,PWRWOFTZAXX01,S1D1,2034,0.1806
GLOBAL,PWRWOFTZAXX01,S1D1,2035,0.1806
GLOBAL,PWRWOFTZAXX01,S1D1,2036,0.1806
GLOBAL,PWRWOFTZAXX01,S1D1,2037,0.1806
GLOBAL,PWRWOFTZAXX01,S1D1,2038,0.1806
GLOBAL,PWRWOFTZAXX01,S1D1,2039,0.1806
GLOBAL,PWRWOFTZAXX01,S1D1,2040,0.1806
GLOBAL,PWRWOFTZAXX01,S1D1,2041,0.1806
GLOBAL,PWRWOFTZAXX01,S1D1,2042,0.1806
GLOBAL,PWRWOFTZAXX01,S1D1,2043,0.1806
GLOBAL,PWRWOFTZAXX01,S1D1,2044,0.1806
GLOBAL,PWRWOFTZAXX01,S1D1,2045,0.1806
GLOBAL,PWRWOFTZAXX01,S1D1,2046,0.1806
GLOBAL,PWRWOFTZAXX01,S1D1,2047,0.1806
GLOBAL,PWRWOFTZAXX01,S1D1,2048,0.1806
GLOBAL,PWRWOFTZAXX01,S1D1,2049,0.1806
GLOBAL,PWRWOFTZAXX01,S1D1,2050,0.1806
GLOBAL,PWRWOFKENXX01,S1D2,2021,0.134
GLOBAL,PWRWOFKENXX01,S1D2,2022,0.134
GLOBAL,PWRWOFKENXX01,S1D2,2023,0.134
GLOBAL,PWRWOFKENXX01,S1D2,2024,0.134
GLOBAL,PWRWOFKENXX01,S1D2,2025,0.134
GLOBAL,PWRWOFKENXX01,S1D2,2026,0.134
GLOBAL,PWRWOFKENXX01,S1D2,2027,0.134
GLOBAL,PWRWOFKENXX01,S1D2,2028,0.134
GLOBAL,PWRWOFKENXX01,S1D2,2029,0.134
GLOBAL,PWRWOFKENXX01,S1D2,2030,0.134
GLOBAL,PWRWOFKENXX01,S1D2,2031,0.134
GLOBAL,PWRWOFKENXX01,S1D2,2032,0.134
GLOBAL,PWRWOFKENXX01,S1D2,2033,0.134
GLOBAL,PWRWOFKENXX01,S1D2,2034,0.134
GLOBAL,PWRWOFKENXX01,S1D2,2035,0.134
GLOBAL,PWRWOFKENXX01,S1D2,2036,0.134
GLOBAL,PWRWOFKENXX01,S1D2,2037,0.134
GLOBAL,PWRWOFKENXX01,S1D2,2038,0.134
GLOBAL,PWRWOFKENXX01,S1D2,2039,0.134
GLOBAL,PWRWOFKENXX01,S1D2,2040,0.134
GLOBAL,PWRWOFKENXX01,S1D2,2041,0.134
GLOBAL,PWRWOFKENXX01,S1D2,2042,0.134
GLOBAL,PWRWOFKENXX01,S1D2,2043,0.134
GLOBAL,PWRWOFKENXX01,S1D2,2044,0.134
GLOBAL,PWRWOFKENXX01,S1D2,2045,0.134
GLOBAL,PWRWOFKENXX01,S1D2,2046,0.134
GLOBAL,PWRWOFKENXX01,S1D2,2047,0.134
GLOBAL,PWRWOFKENXX01,S1D2,2048,0.134
GLOBAL,PWRWOFKENXX01,S1D2,2049,0.134
GLOBAL,PWRWOFKENXX01,S1D2,2050,0.134
GLOBAL,PWRWOFTZAXX01,S1D2,2021,0.1698
GLOBAL,PWRWOFTZAXX01,S1D2,2022,0.1698
GLOBAL,PWRWOFTZAXX01,S1D2,2023,0.1698
GLOBAL,PWRWOFTZAXX01,S1D2,2024,0.1698
GLOBAL,PWRWOFTZAXX01,S1D2,2025,0.1698
GLOBAL,PWRWOFTZAXX01,S1D2,2026,0.1698
GLOBAL,PWRWOFTZAXX01,S1D2,2027,0.1698
GLOBAL,PWRWOFTZAXX01,S1D2,2028,0.1698
GLOBAL,PWRWOFTZAXX01,S1D2,2029,0.1698
GLOBAL,PWRWOFTZAXX01,S1D2,2030,0.1698
GLOBAL,PWRWOFTZAXX01,S1D2,2031,0.1698
GLOBAL,PWRWOFTZAXX01,S1D2,2032,0.1698
GLOBAL,PWRWOFTZAXX01,S1D2,2033,0.1698
GLOBAL,PWRWOFTZAXX01,S1D2,2034,0.1698
GLOBAL,PWRWOFTZAXX01,S1D2,2035,0.1698
GLOBAL,PWRWOFTZAXX01,S1D2,2036,0.1698
GLOBAL,PWRWOFTZAXX01,S1D2,2037,0.1698
GLOBAL,PWRWOFTZAXX01,S1D2,2038,0.1698
GLOBAL,PWRWOFTZAXX01,S1D2,2039,0.1698
GLOBAL,PWRWOFTZAXX01,S1D2,2040,0.1698
GLOBAL,PWRWOFTZAXX01,S1D2,2041,0.1698
GLOBAL,PWRWOFTZAXX01,S1D2,2042,0.1698
GLOBAL,PWRWOFTZAXX01,S1D2,2043,0.1698
GLOBAL,PWRWOFTZAXX01,S1D2,2044,0.1698
GLOBAL,PWRWOFTZAXX01,S1D2,2045,0.1698
GLOBAL,PWRWOFTZAXX01,S1D2,2046,0.1698
GLOBAL,PWRWOFTZAXX01,S1D2,2047,0.1698
GLOBAL,PWRWOFTZAXX01,S1D2,2048,0.1698
GLOBAL,PWRWOFTZAXX01,S1D2,2049,0.1698
GLOBAL,PWRWOFTZAXX01,S1D2,2050,0.1698
GLOBAL,PWRWOFKENXX01,S1D3,2021,0.1818
GLOBAL,PWRWOFKENXX01,S1D3,2022,0.1818
GLOBAL,PWRWOFKENXX01,S1D3,2023,0.1818
GLOBAL,PWRWOFKENXX01,S1D3,2024,0.1818
GLOBAL,PWRWOFKENXX01,S1D3,2025,0.1818
GLOBAL,PWRWOFKENXX01,S1D3,2026,0.1818
GLOBAL,PWRWOFKENXX01,S1D3,2027,0.1818
GLOBAL,PWRWOFKENXX01,S1D3,2028,0.1818
GLOBAL,PWRWOFKENXX01,S1D3,2029,0.1818
GLOBAL,PWRWOFKENXX01,S1D3,2030,0.1818
GLOBAL,PWRWOFKENXX01,S1D3,2031,0.1818
GLOBAL,PWRWOFKENXX01,S1D3,2032,0.1818
GLOBAL,PWRWOFKENXX01,S1D3,2033,0.1818
GLOBAL,PWRWOFKENXX01,S1D3,2034,0.1818
GLOBAL,PWRWOFKENXX01,S1D3,2035,0.1818
GLOBAL,PWRWOFKENXX01,S1D3,2036,0.1818
GLOBAL,PWRWOFKENXX01,S1D3,2037,0.1818
GLOBAL,PWRWOFKENXX01,S1D3,2038,0.1818
GLOBAL,PWRWOFKENXX01,S1D3,2039,0.1818
GLOBAL,PWRWOFKENXX01,S1D3,2040,0.1818
GLOBAL,PWRWOFKENXX01,S1D3,2041,0.1818
GLOBAL,PWRWOFKENXX01,S1D3,2042,0.1818
GLOBAL,PWRWOFKENXX01,S1D3,2043,0.1818
GLOBAL,PWRWOFKENXX01,S1D3,2044,0.1818
GLOBAL,PWRWOFKENXX01,S1D3,2045,0.1818
GLOBAL,PWRWOFKENXX01,S1D3,2046,0.1818
GLOBAL,PWRWOFKENXX01,S1D3,2047,0.1818
GLOBAL,PWRWOFKENXX01,S1D3,2048,0.1818
GLOBAL,PWRWOFKENXX01,S1D3,2049,0.1818
GLOBAL,PWRWOFKENXX01,S1D3,2050,0.1818
GLOBAL,PWRWOFTZAXX01,S1D3,2021,0.1771
GLOBAL,PWRWOFTZAXX01,S1D3,2022,0.1771
GLOBAL,PWRWOFTZAXX01,S1D3,2023,0.1771
GLOBAL,PWRWOFTZAXX01,S1D3,2024,0.1771
GLOBAL,PWRWOFTZAXX01,S1D3,2025,0.1771
GLOBAL,PWRWOFTZAXX01,S1D3,2026,0.1771
GLOBAL,PWRWOFTZAXX01,S1D3,2027,0.1771
GLOBAL,PWRWOFTZAXX01,S1D3,2028,0.1771
GLOBAL,PWRWOFTZAXX01,S1D3,2029,0.1771
GLOBAL,PWRWOFTZAXX01,S1D3,2030,0.1771
GLOBAL,PWRWOFTZAXX01,S1D3,2031,0.1771
GLOBAL,PWRWOFTZAXX01,S1D3,2032,0.1771
GLOBAL,PWRWOFTZAXX01,S1D3,2033,0.1771
GLOBAL,PWRWOFTZAXX01,S1D3,2034,0.1771
GLOBAL,PWRWOFTZAXX01,S1D3,2035,0.1771
GLOBAL,PWRWOFTZAXX01,S1D3,2036,0.1771
GLOBAL,PWRWOFTZAXX01,S1D3,2037,0.1771
GLOBAL,PWRWOFTZAXX01,S1D3,2038,0.1771
GLOBAL,PWRWOFTZAXX01,S1D3,2039,0.1771
GLOBAL,PWRWOFTZAXX01,S1D3,2040,0.1771
GLOBAL,PWRWOFTZAXX01,S1D3,2041,0.1771
GLOBAL,PWRWOFTZAXX01,S1D3,2042,0.1771
GLOBAL,PWRWOFTZAXX01,S1D3,2043,0.1771
GLOBAL,PWRWOFTZAXX01,S1D3,2044,0.1771
GLOBAL,PWRWOFTZAXX01,S1D3,2045,0.1771
GLOBAL,PWRWOFTZAXX01,S1D3,2046,0.1771
GLOBAL,PWRWOFTZAXX01,S1D3,2047,0.1771
GLOBAL,PWRWOFTZAXX01,S1D3,2048,0.1771
GLOBAL,PWRWOFTZAXX01,S1D3,2049,0.1771
GLOBAL,PWRWOFTZAXX01,S1D3,2050,0.1771
GLOBAL,PWRWOFKENXX01,S1D4,2021,0.3264
GLOBAL,PWRWOFKENXX01,S1D4,2022,0.3264
GLOBAL,PWRWOFKENXX01,S1D4,2023,0.3264
GLOBAL,PWRWOFKENXX01,S1D4,2024,0.3264
GLOBAL,PWRWOFKENXX01,S1D4,2025,0.3264
GLOBAL,PWRWOFKENXX01,S1D4,2026,0.3264
GLOBAL,PWRWOFKENXX01,S1D4,2027,0.3264
GLOBAL,PWRWOFKENXX01,S1D4,2028,0.3264
GLOBAL,PWRWOFKENXX01,S1D4,2029,0.3264
GLOBAL,PWRWOFKENXX01,S1D4,2030,0.3264
GLOBAL,PWRWOFKENXX01,S1D4,2031,0.3264
GLOBAL,PWRWOFKENXX01,S1D4,2032,0.3264
GLOBAL,PWRWOFKENXX01,S1D4,2033,0.3264
GLOBAL,PWRWOFKENXX01,S1D4,2034,0.3264
GLOBAL,PWRWOFKENXX01,S1D4,2035,0.3264
GLOBAL,PWRWOFKENXX01,S1D4,2036,0.3264
GLOBAL,PWRWOFKENXX01,S1D4,2037,0.3264
GLOBAL,PWRWOFKENXX01,S1D4,2038,0.3264
GLOBAL,PWRWOFKENXX01,S1D4,2039,0.3264
GLOBAL,PWRWOFKENXX01,S1D4,2040,0.3264
GLOBAL,PWRWOFKENXX01,S1D4,2041,0.3264
GLOBAL,PWRWOFKENXX01,S1D4,2042,0.3264
GLOBAL,PWRWOFKENXX01,S1D4,2043,0.3264
GLOBAL,PWRWOFKENXX01,S1D4,2044,0.3264
GLOBAL,PWRWOFKENXX01,S1D4,2045,0.3264
GLOBAL,PWRWOFKENXX01,S1D4,2046,0.3264
GLOBAL,PWRWOFKENXX01,S1D4,2047,0.3264
GLOBAL,PWRWOFKENXX01,S1D4,2048,0.3264
GLOBAL,PWRWOFKENXX01,S1D4,2049,0.3264
GLOBAL,PWRWOFKENXX01,S1D4,2050,0.3264
GLOBAL,PWRWOFTZAXX01,S1D4,2021,0.1995
GLOBAL,PWRWOFTZAXX01,S1D4,2022,0.1995
GLOBAL,PWRWOFTZAXX01,S1D4,2023,0.1995
GLOBAL,PWRWOFTZAXX01,S1D4,2024,0.1995
GLOBAL,PWRWOFTZAXX01,S1D4,2025,0.1995
GLOBAL,PWRWOFTZAXX01,S1D4,2026,0.1995
GLOBAL,PWRWOFTZAXX01,S1D4,2027,0.1995
GLOBAL,PWRWOFTZAXX01,S1D4,2028,0.1995
GLOBAL,PWRWOFTZAXX01,S1D4,2029,0.1995
GLOBAL,PWRWOFTZAXX01,S1D4,2030,0.1995
GLOBAL,PWRWOFTZAXX01,S1D4,2031,0.1995
GLOBAL,PWRWOFTZAXX01,S1D4,2032,0.1995
GLOBAL,PWRWOFTZAXX01,S1D4,2033,0.1995
GLOBAL,PWRWOFTZAXX01,S1D4,2034,0.1995
GLOBAL,PWRWOFTZAXX01,S1D4,2035,0.1995
GLOBAL,PWRWOFTZAXX01,S1D4,2036,0.1995
GLOBAL,PWRWOFTZAXX01,S1D4,2037,0.1995
GLOBAL,PWRWOFTZAXX01,S1D4,2038,0.1995
GLOBAL,PWRWOFTZAXX01,S1D4,2039,0.1995
GLOBAL,PWRWOFTZAXX01,S1D4,2040,0.1995
GLOBAL,PWRWOFTZAXX01,S1D4,2041,0.1995
GLOBAL,PWRWOFTZAXX01,S1D4,2042,0.1995
GLOBAL,PWRWOFTZAXX01,S1D4,2043,0.1995
GLOBAL,PWRWOFTZAXX01,S1D4,2044,0.1995
GLOBAL,PWRWOFTZAXX01,S1D4,2045,0.1995
GLOBAL,PWRWOFTZAXX01,S1D4,2046,0.1995
GLOBAL,PWRWOFTZAXX01,S1D4,2047,0.1995
GLOBAL,PWRWOFTZAXX01,S1D4,2048,0.1995
GLOBAL,PWRWOFTZAXX01,S1D4,2049,0.1995
GLOBAL,PWRWOFTZAXX01,S1D4,2050,0.1995
GLOBAL,PWRWOFKENXX01,S1D5,2021,0.3061
GLOBAL,PWRWOFKENXX01,S1D5,2022,0.3061
GLOBAL,PWRWOFKENXX01,S1D5,2023,0.3061
GLOBAL,PWRWOFKENXX01,S1D5,2024,0.3061
GLOBAL,PWRWOFKENXX01,S1D5,2025,0.3061
GLOBAL,PWRWOFKENXX01,S1D5,2026,0.3061
GLOBAL,PWRWOFKENXX01,S1D5,2027,0.3061
GLOBAL,PWRWOFKENXX01,S1D5,2028,0.3061
GLOBAL,PWRWOFKENXX01,S1D5,2029,0.3061
GLOBAL,PWRWOFKENXX01,S1D5,2030,0.3061
GLOBAL,PWRWOFKENXX01,S1D5,2031,0.3061
GLOBAL,PWRWOFKENXX01,S1D5,2032,0.3061
GLOBAL,PWRWOFKENXX01,S1D5,2033,0.3061
GLOBAL,PWRWOFKENXX01,S1D5,2034,0.3061
GLOBAL,PWRWOFKENXX01,S1D5,2035,0.3061
GLOBAL,PWRWOFKENXX01,S1D5,2036,0.3061
GLOBAL,PWRWOFKENXX01,S1D5,2037,0.3061
GLOBAL,PWRWOFKENXX01,S1D5,2038,0.3061
GLOBAL,PWRWOFKENXX01,S1D5,2039,0.3061
GLOBAL,PWRWOFKENXX01,S1D5,2040,0.3061
GLOBAL,PWRWOFKENXX01,S1D5,2041,0.3061
GLOBAL,PWRWOFKENXX01,S1D5,2042,0.3061
GLOBAL,PWRWOFKENXX01,S1D5,2043,0.3061
GLOBAL,PWRWOFKENXX01,S1D5,2044,0.3061
GLOBAL,PWRWOFKENXX01,S1D5,2045,0.3061
GLOBAL,PWRWOFKENXX01,S1D5,2046,0.3061
GLOBAL,PWRWOFKENXX01,S1D5,2047,0.3061
GLOBAL,PWRWOFKENXX01,S1D5,2048,0.3061
GLOBAL,PWRWOFKENXX01,S1D5,2049,0.3061
GLOBAL,PWRWOFKENXX01,S1D5,2050,0.3061
GLOBAL,PWRWOFTZAXX01,S1D5,2021,0.2295
GLOBAL,PWRWOFTZAXX01,S1D5,2022,0.2295
GLOBAL,PWRWOFTZAXX01,S1D5,2023,0.2295
GLOBAL,PWRWOFTZAXX01,S1D5,2024,0.2295
GLOBAL,PWRWOFTZAXX01,S1D5,2025,0.2295
GLOBAL,PWRWOFTZAXX01,S1D5,2026,0.2295
GLOBAL,PWRWOFTZAXX01,S1D5,2027,0.2295
GLOBAL,PWRWOFTZAXX01,S1D5,2028,0.2295
GLOBAL,PWRWOFTZAXX01,S1D5,2029,0.2295
GLOBAL,PWRWOFTZAXX01,S1D5,2030,0.2295
GLOBAL,PWRWOFTZAXX01,S1D5,2031,0.2295
GLOBAL,PWRWOFTZAXX01,S1D5,2032,0.2295
GLOBAL,PWRWOFTZAXX01,S1D5,2033,0.2295
GLOBAL,PWRWOFTZAXX01,S1D5,2034,0.2295
GLOBAL,PWRWOFTZAXX01,S1D5,2035,0.2295
GLOBAL,PWRWOFTZAXX01,S1D5,2036,0.2295
GLOBAL,PWRWOFTZAXX01,S1D5,2037,0.2295
GLOBAL,PWRWOFTZAXX01,S1D5,2038,0.2295
GLOBAL,PWRWOFTZAXX01,S1D5,2039,0.2295
GLOBAL,PWRWOFTZAXX01,S1D5,2040,0.2295
GLOBAL,PWRWOFTZAXX01,S1D5,2041,0.2295
GLOBAL,PWRWOFTZAXX01,S1D5,2042,0.2295
GLOBAL,PWRWOFTZAXX01,S1D5,2043,0.2295
GLOBAL,PWRWOFTZAXX01,S1D5,2044,0.2295
GLOBAL,PWRWOFTZAXX01,S1D5,2045,0.2295
GLOBAL,PWRWOFTZAXX01,S1D5,2046,0.2295
GLOBAL,PWRWOFTZAXX01,S1D5,2047,0.2295
GLOBAL,PWRWOFTZAXX01,S1D5,2048,0.2295
GLOBAL,PWRWOFTZAXX01,S1D5,2049,0.2295
GLOBAL,PWRWOFTZAXX01,S1D5,2050,0.2295
GLOBAL,PWRWOFKENXX01,S1D6,2021,0.2064
GLOBAL,PWRWOFKENXX01,S1D6,2022,0.2064
GLOBAL,PWRWOFKENXX01,S1D6,2023,0.2064
GLOBAL,PWRWOFKENXX01,S1D6,2024,0.2064
GLOBAL,PWRWOFKENXX01,S1D6,2025,0.2064
GLOBAL,PWRWOFKENXX01,S1D6,2026,0.2064
GLOBAL,PWRWOFKENXX01,S1D6,2027,0.2064
GLOBAL,PWRWOFKENXX01,S1D6,2028,0.2064
GLOBAL,PWRWOFKENXX01,S1D6,2029,0.2064
GLOBAL,PWRWOFKENXX01,S1D6,2030,0.2064
GLOBAL,PWRWOFKENXX01,S1D6,2031,0.2064
GLOBAL,PWRWOFKENXX01,S1D6,2032,0.2064
GLOBAL,PWRWOFKENXX01,S1D6,2033,0.2064
GLOBAL,PWRWOFKENXX01,S1D6,2034,0.2064
GLOBAL,PWRWOFKENXX01,S1D6,2035,0.2064
GLOBAL,PWRWOFKENXX01,S1D6,2036,0.2064
GLOBAL,PWRWOFKENXX01,S1D6,2037,0.2064
GLOBAL,PWRWOFKENXX01,S1D6,2038,0.2064
GLOBAL,PWRWOFKENXX01,S1D6,2039,0.2064
GLOBAL,PWRWOFKENXX01,S1D6,2040,0.2064
GLOBAL,PWRWOFKENXX01,S1D6,2041,0.2064
GLOBAL,PWRWOFKENXX01,S1D6,2042,0.2064
GLOBAL,PWRWOFKENXX01,S1D6,2043,0.2064
GLOBAL,PWRWOFKENXX01,S1D6,2044,0.2064
GLOBAL,PWRWOFKENXX01,S1D6,2045,0.2064
GLOBAL,PWRWOFKENXX01,S1D6,2046,0.2064
GLOBAL,PWRWOFKENXX01,S1D6,2047,0.2064
GLOBAL,PWRWOFKENXX01,S1D6,2048,0.2064
GLOBAL,PWRWOFKENXX01,S1D6,2049,0.2064
GLOBAL,PWRWOFKENXX01,S1D6,2050,0.2064
GLOBAL,PWRWOFTZAXX01,S1D6,2021,0.1987
GLOBAL,PWRWOFTZAXX01,S1D6,2022,0.1987
GLOBAL,PWRWOFTZAXX01,S1D6,2023,0.1987
GLOBAL,PWRWOFTZAXX01,S1D6,2024,0.1987
GLOBAL,PWRWOFTZAXX01,S1D6,2025,0.1987
GLOBAL,PWRWOFTZAXX01,S1D6,2026,0.1987
GLOBAL,PWRWOFTZAXX01,S1D6,2027,0.1987
GLOBAL,PWRWOFTZAXX01,S1D6,2028,0.1987
GLOBAL,PWRWOFTZAXX01,S1D6,2029,0.1987
GLOBAL,PWRWOFTZAXX01,S1D6,2030,0.1987
GLOBAL,PWRWOFTZAXX01,S1D6,2031,0.1987
GLOBAL,PWRWOFTZAXX01,S1D6,2032,0.1987
GLOBAL,PWRWOFTZAXX01,S1D6,2033,0.1987
GLOBAL,PWRWOFTZAXX01,S1D6,2034,0.1987
GLOBAL,PWRWOFTZAXX01,S1D6,2035,0.1987
GLOBAL,PWRWOFTZAXX01,S1D6,2036,0.1987
GLOBAL,PWRWOFTZAXX01,S1D6,2037,0.1987
GLOBAL,PWRWOFTZAXX01,S1D6,2038,0.1987
GLOBAL,PWRWOFTZAXX01,S1D6,2039,0.1987
GLOBAL,PWRWOFTZAXX01,S1D6,2040,0.1987
GLOBAL,PWRWOFTZAXX01,S1D6,2041,0.1987
GLOBAL,PWRWOFTZAXX01,S1D6,2042,0.1987
GLOBAL,PWRWOFTZAXX01,S1D6,2043,0.1987
GLOBAL,PWRWOFTZAXX01,S1D6,2044,0.1987
GLOBAL,PWRWOFTZAXX01,S1D6,2045,0.1987
GLOBAL,PWRWOFTZAXX01,S1D6,2046,0.1987
GLOBAL,PWRWOFTZAXX01,S1D6,2047,0.1987
GLOBAL,PWRWOFTZAXX01,S1D6,2048,0.1987
GLOBAL,PWRWOFTZAXX01,S1D6,2049,0.1987
GLOBAL,PWRWOFTZAXX01,S1D6,2050,0.1987
GLOBAL,PWRWOFKENXX01,S2D1,2021,0.3873
GLOBAL,PWRWOFKENXX01,S2D1,2022,0.3873
GLOBAL,PWRWOFKENXX01,S2D1,2023,0.3873
GLOBAL,PWRWOFKENXX01,S2D1,2024,0.3873
GLOBAL,PWRWOFKENXX01,S2D1,2025,0.3873
GLOBAL,PWRWOFKENXX01,S2D1,2026,0.3873
GLOBAL,PWRWOFKENXX01,S2D1,2027,0.3873
GLOBAL,PWRWOFKENXX01,S2D1,2028,0.3873
GLOBAL,PWRWOFKENXX01,S2D1,2029,0.3873
GLOBAL,PWRWOFKENXX01,S2D1,2030,0.3873
GLOBAL,PWRWOFKENXX01,S2D1,2031,0.3873
GLOBAL,PWRWOFKENXX01,S2D1,2032,0.3873
GLOBAL,PWRWOFKENXX01,S2D1,2033,0.3873
GLOBAL,PWRWOFKENXX01,S2D1,2034,0.3873
GLOBAL,PWRWOFKENXX01,S2D1,2035,0.3873
GLOBAL,PWRWOFKENXX01,S2D1,2036,0.3873
GLOBAL,PWRWOFKENXX01,S2D1,2037,0.3873
GLOBAL,PWRWOFKENXX01,S2D1,2038,0.3873
GLOBAL,PWRWOFKENXX01,S2D1,2039,0.3873
GLOBAL,PWRWOFKENXX01,S2D1,2040,0.3873
GLOBAL,PWRWOFKENXX01,S2D1,2041,0.3873
GLOBAL,PWRWOFKENXX01,S2D1,2042,0.3873
GLOBAL,PWRWOFKENXX01,S2D1,2043,0.3873
GLOBAL,PWRWOFKENXX01,S2D1,2044,0.3873
GLOBAL,PWRWOFKENXX01,S2D1,2045,0.3873
GLOBAL,PWRWOFKENXX01,S2D1,2046,0.3873
GLOBAL,PWRWOFKENXX01,S2D1,2047,0.3873
GLOBAL,PWRWOFKENXX01,S2D1,2048,0.3873
GLOBAL,PWRWOFKENXX01,S2D1,2049,0.3873
GLOBAL,PWRWOFKENXX01,S2D1,2050,0.3873
GLOBAL,PWRWOFTZAXX01,S2D1,2021,0.3082
GLOBAL,PWRWOFTZAXX01,S2D1,2022,0.3082
GLOBAL,PWRWOFTZAXX01,S2D1,2023,0.3082
GLOBAL,PWRWOFTZAXX01,S2D1,2024,0.3082
GLOBAL,PWRWOFTZAXX01,S2D1,2025,0.3082
GLOBAL,PWRWOFTZAXX01,S2D1,2026,0.3082
GLOBAL,PWRWOFTZAXX01,S2D1,2027,0.3082
GLOBAL,PWRWOFTZAXX01,S2D1,2028,0.3082
GLOBAL,PWRWOFTZAXX01,S2D1,2029,0.3082
GLOBAL,PWRWOFTZAXX01,S2D1,2030,0.3082
GLOBAL,PWRWOFTZAXX01,S2D1,2031,0.3082
GLOBAL,PWRWOFTZAXX01,S2D1,2032,0.3082
GLOBAL,PWRWOFTZAXX01,S2D1,2033,0.3082
GLOBAL,PWRWOFTZAXX01,S2D1,2034,0.3082
GLOBAL,PWRWOFTZAXX01,S2D1,2035,0.3082
GLOBAL,PWRWOFTZAXX01,S2D1,2036,0.3082
GLOBAL,PWRWOFTZAXX01,S2D1,2037,0.3082
GLOBAL,PWRWOFTZAXX01,S2D1,2038,0.3082
GLOBAL,PWRWOFTZAXX01,S2D1,2039,0.3082
GLOBAL,PWRWOFTZAXX01,S2D1,2040,0.3082
GLOBAL,PWRWOFTZAXX01,S2D1,2041,0.3082
GLOBAL,PWRWOFTZAXX01,S2D1,2042,0.3082
GLOBAL,PWRWOFTZAXX01,S2D1,2043,0.3082
GLOBAL,PWRWOFTZAXX01,S2D1,2044,0.3082
GLOBAL,PWRWOFTZAXX01,S2D1,2045,0.3082
GLOBAL,PWRWOFTZAXX01,S2D1,2046,0.3082
GLOBAL,PWRWOFTZAXX01,S2D1,2047,0.3082
GLOBAL,PWRWOFTZAXX01,S2D1,2048,0.3082
GLOBAL,PWRWOFTZAXX01,S2D1,2049,0.3082
GLOBAL,PWRWOFTZAXX01,S2D1,2050,0.3082
GLOBAL,PWRWOFKENXX01,S2D2,2021,0.4278
GLOBAL,PWRWOFKENXX01,S2D2,2022,0.4278
GLOBAL,PWRWOFKENXX01,S2D2,2023,0.4278
GLOBAL,PWRWOFKENXX01,S2D2,2024,0.4278
GLOBAL,PWRWOFKENXX01,S2D2,2025,0.4278
GLOBAL,PWRWOFKENXX01,S2D2,2026,0.4278
GLOBAL,PWRWOFKENXX01,S2D2,2027,0.4278
GLOBAL,PWRWOFKENXX01,S2D2,2028,0.4278
GLOBAL,PWRWOFKENXX01,S2D2,2029,0.4278
GLOBAL,PWRWOFKENXX01,S2D2,2030,0.4278
GLOBAL,PWRWOFKENXX01,S2D2,2031,0.4278
GLOBAL,PWRWOFKENXX01,S2D2,2032,0.4278
GLOBAL,PWRWOFKENXX01,S2D2,2033,0.4278
GLOBAL,PWRWOFKENXX01,S2D2,2034,0.4278
GLOBAL,PWRWOFKENXX01,S2D2,2035,0.4278
GLOBAL,PWRWOFKENXX01,S2D2,2036,0.4278
GLOBAL,PWRWOFKENXX01,S2D2,2037,0.4278
GLOBAL,PWRWOFKENXX01,S2D2,2038,0.4278
GLOBAL,PWRWOFKENXX01,S2D2,2039,0.4278
GLOBAL,PWRWOFKENXX01,S2D2,2040,0.4278
GLOBAL,PWRWOFKENXX01,S2D2,2041,0.4278
GLOBAL,PWRWOFKENXX01,S2D2,2042,0.4278
GLOBAL,PWRWOFKENXX01,S2D2,2043,0.4278
GLOBAL,PWRWOFKENXX01,S2D2,2044,0.4278
GLOBAL,PWRWOFKENXX01,S2D2,2045,0.4278
GLOBAL,PWRWOFKENXX01,S2D2,2046,0.4278
GLOBAL,PWRWOFKENXX01,S2D2,2047,0.4278
GLOBAL,PWRWOFKENXX01,S2D2,2048,0.4278
GLOBAL,PWRWOFKENXX01,S2D2,2049,0.4278
GLOBAL,PWRWOFKENXX01,S2D2,2050,0.4278
GLOBAL,PWRWOFTZAXX01,S2D2,2021,0.2746
GLOBAL,PWRWOFTZAXX01,S2D2,2022,0.2746
GLOBAL,PWRWOFTZAXX01,S2D2,2023,0.2746
GLOBAL,PWRWOFTZAXX01,S2D2,2024,0.2746
GLOBAL,PWRWOFTZAXX01,S2D2,2025,0.2746
GLOBAL,PWRWOFTZAXX01,S2D2,2026,0.2746
GLOBAL,PWRWOFTZAXX01,S2D2,2027,0.2746
GLOBAL,PWRWOFTZAXX01,S2D2,2028,0.2746
GLOBAL,PWRWOFTZAXX01,S2D2,2029,0.2746
GLOBAL,PWRWOFTZAXX01,S2D2,2030,0.2746
GLOBAL,PWRWOFTZAXX01,S2D2,2031,0.2746
GLOBAL,PWRWOFTZAXX01,S2D2,2032,0.2746
GLOBAL,PWRWOFTZAXX01,S2D2,2033,0.2746
GLOBAL,PWRWOFTZAXX01,S2D2,2034,0.2746
GLOBAL,PWRWOFTZAXX01,S2D2,2035,0.2746
GLOBAL,PWRWOFTZAXX01,S2D2,2036,0.2746
GLOBAL,PWRWOFTZAXX01,S2D2,2037,0.2746
GLOBAL,PWRWOFTZAXX01,S2D2,2038,0.2746
GLOBAL,PWRWOFTZAXX01,S2D2,2039,0.2746
GLOBAL,PWRWOFTZAXX01,S2D2,2040,0.2746
GLOBAL,PWRWOFTZAXX01,S2D2,2041,0.2746
GLOBAL,PWRWOFTZAXX01,S2D2,2042,0.2746
GLOBAL,PWRWOFTZAXX01,S2D2,2043,0.2746
GLOBAL,PWRWOFTZAXX01,S2D2,2044,0.2746
GLOBAL,PWRWOFTZAXX01,S2D2,2045,0.2746
GLOBAL,PWRWOFTZAXX01,S2D2,2046,0.2746
GLOBAL,PWRWOFTZAXX01,S2D2,2047,0.2746
GLOBAL,PWRWOFTZAXX01,S2D2,2048,0.2746
GLOBAL,PWRWOFTZAXX01,S2D2,2049,0.2746
GLOBAL,PWRWOFTZAXX01,S2D2,2050,0.2746
GLOBAL,PWRWOFKENXX01,S2D3,2021,0.465
GLOBAL,PWRWOFKENXX01,S2D3,2022,0.465
GLOBAL,PWRWOFKENXX01,S2D3,2023,0.465
GLOBAL,PWRWOFKENXX01,S2D3,2024,0.465
GLOBAL,PWRWOFKENXX01,S2D3,2025,0.465
GLOBAL,PWRWOFKENXX01,S2D3,2026,0.465
GLOBAL,PWRWOFKENXX01,S2D3,2027,0.465
GLOBAL,PWRWOFKENXX01,S2D3,2028,0.465
GLOBAL,PWRWOFKENXX01,S2D3,2029,0.465
GLOBAL,PWRWOFKENXX01,S2D3,2030,0.465
GLOBAL,PWRWOFKENXX01,S2D3,2031,0.465
GLOBAL,PWRWOFKENXX01,S2D3,2032,0.465
GLOBAL,PWRWOFKENXX01,S2D3,2033,0.465
GLOBAL,PWRWOFKENXX01,S2D3,2034,0.465
GLOBAL,PWRWOFKENXX01,S2D3,2035,0.465
GLOBAL,PWRWOFKENXX01,S2D3,2036,0.465
GLOBAL,PWRWOFKENXX01,S2D3,2037,0.465
GLOBAL,PWRWOFKENXX01,S2D3,2038,0.465
GLOBAL,PWRWOFKENXX01,S2D3,2039,0.465
GLOBAL,PWRWOFKENXX01,S2D3,2040,0.465
GLOBAL,PWRWOFKENXX01,S2D3,2041,0.465
GLOBAL,PWRWOFKENXX01,S2D3,2042,0.465
GLOBAL,PWRWOFKENXX01,S2D3,2043,0.465
GLOBAL,PWRWOFKENXX01,S2D3,2044,0.465
GLOBAL,PWRWOFKENXX01,S2D3,2045,0.465
GLOBAL,PWRWOFKENXX01,S2D3,2046,0.465
GLOBAL,PWRWOFKENXX01,S2D3,2047,0.465
GLOBAL,PWRWOFKENXX01,S2D3,2048,0.465
GLOBAL,PWRWOFKENXX01,S2D3,2049,0.465
GLOBAL,PWRWOFKENXX01,S2D3,2050,0.465
GLOBAL,PWRWOFTZAXX01,S2D3,2021,0.2997
GLOBAL,PWRWOFTZAXX01,S2D3,2022,0.2997
GLOBAL,PWRWOFTZAXX01,S2D3,2023,0.2997
GLOBAL,PWRWOFTZAXX01,S2D3,2024,0.2997
GLOBAL,PWRWOFTZAXX01,S2D3,2025,0.2997
GLOBAL,PWRWOFTZAXX01,S2D3,2026,0.2997
GLOBAL,PWRWOFTZAXX01,S2D3,2027,0.2997
GLOBAL,PWRWOFTZAXX01,S2D3,2028,0.2997
GLOBAL,PWRWOFTZAXX01,S2D3,2029,0.2997
GLOBAL,PWRWOFTZAXX01,S2D3,2030,0.2997
GLOBAL,PWRWOFTZAXX01,S2D3,2031,0.2997
GLOBAL,PWRWOFTZAXX01,S2D3,2032,0.2997
GLOBAL,PWRWOFTZAXX01,S2D3,2033,0.2997
GLOBAL,PWRWOFTZAXX01,S2D3,2034,0.2997
GLOBAL,PWRWOFTZAXX01,S2D3,2035,0.2997
GLOBAL,PWRWOFTZAXX01,S2D3,2036,0.2997
GLOBAL,PWRWOFTZAXX01,S2D3,2037,0.2997
GLOBAL,PWRWOFTZAXX01,S2D3,2038,0.2997
GLOBAL,PWRWOFTZAXX01,S2D3,2039,0.2997
GLOBAL,PWRWOFTZAXX01,S2D3,2040,0.2997
GLOBAL,PWRWOFTZAXX01,S2D3,2041,0.2997
GLOBAL,PWRWOFTZAXX01,S2D3,2042,0.2997
GLOBAL,PWRWOFTZAXX01,S2D3,2043,0.2997
GLOBAL,PWRWOFTZAXX01,S2D3,2044,0.2997
GLOBAL,PWRWOFTZAXX01,S2D3,2045,0.2997
GLOBAL,PWRWOFTZAXX01,S2D3,2046,0.2997
GLOBAL,PWRWOFTZAXX01,S2D3,2047,0.2997
GLOBAL,PWRWOFTZAXX01,S2D3,2048,0.2997
GLOBAL,PWRWOFTZAXX01,S2D3,2049,0.2997
GLOBAL,PWRWOFTZAXX01,S2D3,2050,0.2997
GLOBAL,PWRWOFKENXX01,S2D4,2021,0.4553
GLOBAL,PWRWOFKENXX01,S2D4,2022,0.4553
GLOBAL,PWRWOFKENXX01,S2D4,2023,0.4553
GLOBAL,PWRWOFKENXX01,S2D4,2024,0.4553
GLOBAL,PWRWOFKENXX01,S2D4,2025,0.4553
GLOBAL,PWRWOFKENXX01,S2D4,2026,0.4553
GLOBAL,PWRWOFKENXX01,S2D4,2027,0.4553
GLOBAL,PWRWOFKENXX01,S2D4,2028,0.4553
GLOBAL,PWRWOFKENXX01,S2D4,2029,0.4553
GLOBAL,PWRWOFKENXX01,S2D4,2030,0.4553
GLOBAL,PWRWOFKENXX01,S2D4,2031,0.4553
GLOBAL,PWRWOFKENXX01,S2D4,2032,0.4553
GLOBAL,PWRWOFKENXX01,S2D4,2033,0.4553
GLOBAL,PWRWOFKENXX01,S2D4,2034,0.4553
GLOBAL,PWRWOFKENXX01,S2D4,2035,0.4553
GLOBAL,PWRWOFKENXX01,S2D4,2036,0.4553
GLOBAL,PWRWOFKENXX01,S2D4,2037,0.4553
GLOBAL,PWRWOFKENXX01,S2D4,2038,0.4553
GLOBAL,PWRWOFKENXX01,S2D4,2039,0.4553
GLOBAL,PWRWOFKENXX01,S2D4,2040,0.4553
GLOBAL,PWRWOFKENXX01,S2D4,2041,0.4553
GLOBAL,PWRWOFKENXX01,S2D4,2042,0.4553
GLOBAL,PWRWOFKENXX01,S2D4,2043,0.4553
GLOBAL,PWRWOFKENXX01,S2D4,2044,0.4553
GLOBAL,PWRWOFKENXX01,S2D4,2045,0.4553
GLOBAL,PWRWOFKENXX01,S2D4,2046,0.4553
GLOBAL,PWRWOFKENXX01,S2D4,2047,0.4553
GLOBAL,PWRWOFKENXX01,S2D4,2048,0.4553
GLOBAL,PWRWOFKENXX01,S2D4,2049,0.4553
GLOBAL,PWRWOFKENXX01,S2D4,2050,0.4553
GLOBAL,PWRWOFTZAXX01,S2D4,2021,0.3416
GLOBAL,PWRWOFTZAXX01,S2D4,2022,0.3416
GLOBAL,PWRWOFTZAXX01,S2D4,2023,0.3416
GLOBAL,PWRWOFTZAXX01,S2D4,2024,0.3416
GLOBAL,PWRWOFTZAXX01,S2D4,2025,0.3416
GLOBAL,PWRWOFTZAXX01,S2D4,2026,0.3416
GLOBAL,PWRWOFTZAXX01,S2D4,2027,0.3416
GLOBAL,PWRWOFTZAXX01,S2D4,2028,0.3416
GLOBAL,PWRWOFTZAXX01,S2D4,2029,0.3416
GLOBAL,PWRWOFTZAXX01,S2D4,2030,0.3416
GLOBAL,PWRWOFTZAXX01,S2D4,2031,0.3416
GLOBAL,PWRWOFTZAXX01,S2D4,2032,0.3416
GLOBAL,PWRWOFTZAXX01,S2D4,2033,0.3416
GLOBAL,PWRWOFTZAXX01,S2D4,2034,0.3416
GLOBAL,PWRWOFTZAXX01,S2D4,2035,0.3416
GLOBAL,PWRWOFTZAXX01,S2D4,2036,0.3416
GLOBAL,PWRWOFTZAXX01,S2D4,2037,0.3416
GLOBAL,PWRWOFTZAXX01,S2D4,2038,0.3416
GLOBAL,PWRWOFTZAXX01,S2D4,2039,0.3416
GLOBAL,PWRWOFTZAXX01,S2D4,2040,0.3416
GLOBAL,PWRWOFTZAXX01,S2D4,2041,0.3416
GLOBAL,PWRWOFTZAXX01,S2D4,2042,0.3416
GLOBAL,PWRWOFTZAXX01,S2D4,2043,0.3416
GLOBAL,PWRWOFTZAXX01,S2D4,2044,0.3416
GLOBAL,PWRWOFTZAXX01,S2D4,2045,0.3416
GLOBAL,PWRWOFTZAXX01,S2D4,2046,0.3416
GLOBAL,PWRWOFTZAXX01,S2D4,2047,0.3416
GLOBAL,PWRWOFTZAXX01,S2D4,2048,0.3416
GLOBAL,PWRWOFTZAXX01,S2D4,2049,0.3416
GLOBAL,PWRWOFTZAXX01,S2D4,2050,0.3416
GLOBAL,PWRWOFKENXX01,S2D5,2021,0.4255
GLOBAL,PWRWOFKENXX01,S2D5,2022,0.4255
GLOBAL,PWRWOFKENXX01,S2D5,2023,0.4255
GLOBAL,PWRWOFKENXX01,S2D5,2024,0.4255
GLOBAL,PWRWOFKENXX01,S2D5,2025,0.4255
GLOBAL,PWRWOFKENXX01,S2D5,2026,0.4255
GLOBAL,PWRWOFKENXX01,S2D5,2027,0.4255
GLOBAL,PWRWOFKENXX01,S2D5,2028,0.4255
GLOBAL,PWRWOFKENXX01,S2D5,2029,0.4255
GLOBAL,PWRWOFKENXX01,S2D5,2030,0.4255
GLOBAL,PWRWOFKENXX01,S2D5,2031,0.4255
GLOBAL,PWRWOFKENXX01,S2D5,2032,0.4255
GLOBAL,PWRWOFKENXX01,S2D5,2033,0.4255
GLOBAL,PWRWOFKENXX01,S2D5,2034,0.4255
GLOBAL,PWRWOFKENXX01,S2D5,2035,0.4255
GLOBAL,PWRWOFKENXX01,S2D5,2036,0.4255
GLOBAL,PWRWOFKENXX01,S2D5,2037,0.4255
GLOBAL,PWRWOFKENXX01,S2D5,2038,0.4255
GLOBAL,PWRWOFKENXX01,S2D5,2039,0.4255
GLOBAL,PWRWOFKENXX01,S2D5,2040,0.4255
GLOBAL,PWRWOFKENXX01,S2D5,2041,0.4255
GLOBAL,PWRWOFKENXX01,S2D5,2042,0.4255
GLOBAL,PWRWOFKENXX01,S2D5,2043,0.4255
GLOBAL,PWRWOFKENXX01,S2D5,2044,0.4255
GLOBAL,PWRWOFKENXX01,S2D5,2045,0.4255
GLOBAL,PWRWOFKENXX01,S2D5,2046,0.4255
GLOBAL,PWRWOFKENXX01,S2D5,2047,0.4255
GLOBAL,PWRWOFKENXX01,S2D5,2048,0.4255
GLOBAL,PWRWOFKENXX01,S2D5,2049,0.4255
GLOBAL,PWRWOFKENXX01,S2D5,2050,0.4255
GLOBAL,PWRWOFTZAXX01,S2D5,2021,0.3551
GLOBAL,PWRWOFTZAXX01,S2D5,2022,0.3551
GLOBAL,PWRWOFTZAXX01,S2D5,2023,0.3551
GLOBAL,PWRWOFTZAXX01,S2D5,2024,0.3551
GLOBAL,PWRWOFTZAXX01,S2D5,2025,0.3551
GLOBAL,PWRWOFTZAXX01,S2D5,2026,0.3551
GLOBAL,PWRWOFTZAXX01,S2D5,2027,0.3551
GLOBAL,PWRWOFTZAXX01,S2D5,2028,0.3551
GLOBAL,PWRWOFTZAXX01,S2D5,2029,0.3551
GLOBAL,PWRWOFTZAXX01,S2D5,2030,0.3551
GLOBAL,PWRWOFTZAXX01,S2D5,2031,0.3551
GLOBAL,PWRWOFTZAXX01,S2D5,2032,0.3551
GLOBAL,PWRWOFTZAXX01,S2D5,2033,0.3551
GLOBAL,PWRWOFTZAXX01,S2D5,2034,0.3551
GLOBAL,PWRWOFTZAXX01,S2D5,2035,0.3551
GLOBAL,PWRWOFTZAXX01,S2D5,2036,0.3551
GLOBAL,PWRWOFTZAXX01,S2D5,2037,0.3551
GLOBAL,PWRWOFTZAXX01,S2D5,2038,0.3551
GLOBAL,PWRWOFTZAXX01,S2D5,2039,0.3551
GLOBAL,PWRWOFTZAXX01,S2D5,2040,0.3551
GLOBAL,PWRWOFTZAXX01,S2D5,2041,0.3551
GLOBAL,PWRWOFTZAXX01,S2D5,2042,0.3551
GLOBAL,PWRWOFTZAXX01,S2D5,2043,0.3551
GLOBAL,PWRWOFTZAXX01,S2D5,2044,0.3551
GLOBAL,PWRWOFTZAXX01,S2D5,2045,0.3551
GLOBAL,PWRWOFTZAXX01,S2D5,2046,0.3551
GLOBAL,PWRWOFTZAXX01,S2D5,2047,0.3551
GLOBAL,PWRWOFTZAXX01,S2D5,2048,0.3551
GLOBAL,PWRWOFTZAXX01,S2D5,2049,0.3551
GLOBAL,PWRWOFTZAXX01,S2D5,2050,0.3551
GLOBAL,PWRWOFKENXX01,S2D6,2021,0.416
GLOBAL,PWRWOFKENXX01,S2D6,2022,0.416
GLOBAL,PWRWOFKENXX01,S2D6,2023,0.416
GLOBAL,PWRWOFKENXX01,S2D6,2024,0.416
GLOBAL,PWRWOFKENXX01,S2D6,2025,0.416
GLOBAL,PWRWOFKENXX01,S2D6,2026,0.416
GLOBAL,PWRWOFKENXX01,S2D6,2027,0.416
GLOBAL,PWRWOFKENXX01,S2D6,2028,0.416
GLOBAL,PWRWOFKENXX01,S2D6,2029,0.416
GLOBAL,PWRWOFKENXX01,S2D6,2030,0.416
GLOBAL,PWRWOFKENXX01,S2D6,2031,0.416
GLOBAL,PWRWOFKENXX01,S2D6,2032,0.416
GLOBAL,PWRWOFKENXX01,S2D6,2033,0.416
GLOBAL,PWRWOFKENXX01,S2D6,2034,0.416
GLOBAL,PWRWOFKENXX01,S2D6,2035,0.416
GLOBAL,PWRWOFKENXX01,S2D6,2036,0.416
GLOBAL,PWRWOFKENXX01,S2D6,2037,0.416
GLOBAL,PWRWOFKENXX01,S2D6,2038,0.416
GLOBAL,PWRWOFKENXX01,S2D6,2039,0.416
GLOBAL,PWRWOFKENXX01,S2D6,2040,0.416
GLOBAL,PWRWOFKENXX01,S2D6,2041,0.416
GLOBAL,PWRWOFKENXX01,S2D6,2042,0.416
GLOBAL,PWRWOFKENXX01,S2D6,2043,0.416
GLOBAL,PWRWOFKENXX01,S2D6,2044,0.416
GLOBAL,PWRWOFKENXX01,S2D6,2045,0.416
GLOBAL,PWRWOFKENXX01,S2D6,2046,0.416
GLOBAL,PWRWOFKENXX01,S2D6,2047,0.416
GLOBAL,PWRWOFKENXX01,S2D6,2048,0.416
GLOBAL,PWRWOFKENXX01,S2D6,2049,0.416
GLOBAL,PWRWOFKENXX01,S2D6,2050,0.416
GLOBAL,PWRWOFTZAXX01,S2D6,2021,0.3421
GLOBAL,PWRWOFTZAXX01,S2D6,2022,0.3421
GLOBAL,PWRWOFTZAXX01,S2D6,2023,0.3421
GLOBAL,PWRWOFTZAXX01,S2D6,2024,0.3421
GLOBAL,PWRWOFTZAXX01,S2D6,2025,0.3421
GLOBAL,PWRWOFTZAXX01,S2D6,2026,0.3421
GLOBAL,PWRWOFTZAXX01,S2D6,2027,0.3421
GLOBAL,PWRWOFTZAXX01,S2D6,2028,0.3421
GLOBAL,PWRWOFTZAXX01,S2D6,2029,0.3421
GLOBAL,PWRWOFTZAXX01,S2D6,2030,0.3421
GLOBAL,PWRWOFTZAXX01,S2D6,2031,0.3421
GLOBAL,PWRWOFTZAXX01,S2D6,2032,0.3421
GLOBAL,PWRWOFTZAXX01,S2D6,2033,0.3421
GLOBAL,PWRWOFTZAXX01,S2D6,2034,0.3421
GLOBAL,PWRWOFTZAXX01,S2D6,2035,0.3421
GLOBAL,PWRWOFTZAXX01,S2D6,2036,0.3421
GLOBAL,PWRWOFTZAXX01,S2D6,2037,0.3421
GLOBAL,PWRWOFTZAXX01,S2D6,2038,0.3421
GLOBAL,PWRWOFTZAXX01,S2D6,2039,0.3421
GLOBAL,PWRWOFTZAXX01,S2D6,2040,0.3421
GLOBAL,PWRWOFTZAXX01,S2D6,2041,0.3421
GLOBAL,PWRWOFTZAXX01,S2D6,2042,0.3421
GLOBAL,PWRWOFTZAXX01,S2D6,2043,0.3421
GLOBAL,PWRWOFTZAXX01,S2D6,2044,0.3421
GLOBAL,PWRWOFTZAXX01,S2D6,2045,0.3421
GLOBAL,PWRWOFTZAXX01,S2D6,2046,0.3421
GLOBAL,PWRWOFTZAXX01,S2D6,2047,0.3421
GLOBAL,PWRWOFTZAXX01,S2D6,2048,0.3421
GLOBAL,PWRWOFTZAXX01,S2D6,2049,0.3421
GLOBAL,PWRWOFTZAXX01,S2D6,2050,0.3421
GLOBAL,PWRWOFKENXX01,S3D1,2021,0.1754
GLOBAL,PWRWOFKENXX01,S3D1,2022,0.1754
GLOBAL,PWRWOFKENXX01,S3D1,2023,0.1754
GLOBAL,PWRWOFKENXX01,S3D1,2024,0.1754
GLOBAL,PWRWOFKENXX01,S3D1,2025,0.1754
GLOBAL,PWRWOFKENXX01,S3D1,2026,0.1754
GLOBAL,PWRWOFKENXX01,S3D1,2027,0.1754
GLOBAL,PWRWOFKENXX01,S3D1,2028,0.1754
GLOBAL,PWRWOFKENXX01,S3D1,2029,0.1754
GLOBAL,PWRWOFKENXX01,S3D1,2030,0.1754
GLOBAL,PWRWOFKENXX01,S3D1,2031,0.1754
GLOBAL,PWRWOFKENXX01,S3D1,2032,0.1754
GLOBAL,PWRWOFKENXX01,S3D1,2033,0.1754
GLOBAL,PWRWOFKENXX01,S3D1,2034,0.1754
GLOBAL,PWRWOFKENXX01,S3D1,2035,0.1754
GLOBAL,PWRWOFKENXX01,S3D1,2036,0.1754
GLOBAL,PWRWOFKENXX01,S3D1,2037,0.1754
GLOBAL,PWRWOFKENXX01,S3D1,2038,0.1754
GLOBAL,PWRWOFKENXX01,S3D1,2039,0.1754
GLOBAL,PWRWOFKENXX01,S3D1,2040,0.1754
GLOBAL,PWRWOFKENXX01,S3D1,2041,0.1754
GLOBAL,PWRWOFKENXX01,S3D1,2042,0.1754
GLOBAL,PWRWOFKENXX01,S3D1,2043,0.1754
GLOBAL,PWRWOFKENXX01,S3D1,2044,0.1754
GLOBAL,PWRWOFKENXX01,S3D1,2045,0.1754
GLOBAL,PWRWOFKENXX01,S3D1,2046,0.1754
GLOBAL,PWRWOFKENXX01,S3D1,2047,0.1754
GLOBAL,PWRWOFKENXX01,S3D1,2048,0.1754
GLOBAL,PWRWOFKENXX01,S3D1,2049,0.1754
GLOBAL,PWRWOFKENXX01,S3D1,2050,0.1754
GLOBAL,PWRWOFTZAXX01,S3D1,2021,0.1405
GLOBAL,PWRWOFTZAXX01,S3D1,2022,0.1405
GLOBAL,PWRWOFTZAXX01,S3D1,2023,0.1405
GLOBAL,PWRWOFTZAXX01,S3D1,2024,0.1405
GLOBAL,PWRWOFTZAXX01,S3D1,2025,0.1405
GLOBAL,PWRWOFTZAXX01,S3D1,2026,0.1405
GLOBAL,PWRWOFTZAXX01,S3D1,2027,0.1405
GLOBAL,PWRWOFTZAXX01,S3D1,2028,0.1405
GLOBAL,PWRWOFTZAXX01,S3D1,2029,0.1405
GLOBAL,PWRWOFTZAXX01,S3D1,2030,0.1405
GLOBAL,PWRWOFTZAXX01,S3D1,2031,0.1405
GLOBAL,PWRWOFTZAXX01,S3D1,2032,0.1405
GLOBAL,PWRWOFTZAXX01,S3D1,2033,0.1405
GLOBAL,PWRWOFTZAXX01,S3D1,2034,0.1405
GLOBAL,PWRWOFTZAXX01,S3D1,2035,0.1405
GLOBAL,PWRWOFTZAXX01,S3D1,2036,0.1405
GLOBAL,PWRWOFTZAXX01,S3D1,2037,0.1405
GLOBAL,PWRWOFTZAXX01,S3D1,2038,0.1405
GLOBAL,PWRWOFTZAXX01,S3D1,2039,0.1405
GLOBAL,PWRWOFTZAXX01,S3D1,2040,0.1405
GLOBAL,PWRWOFTZAXX01,S3D1,2041,0.1405
GLOBAL,PWRWOFTZAXX01,S3D1,2042,0.1405
GLOBAL,PWRWOFTZAXX01,S3D1,2043,0.1405
GLOBAL,PWRWOFTZAXX01,S3D1,2044,0.1405
GLOBAL,PWRWOFTZAXX01,S3D1,2045,0.1405
GLOBAL,PWRWOFTZAXX01,S3D1,2046,0.1405
GLOBAL,PWRWOFTZAXX01,S3D1,2047,0.1405
GLOBAL,PWRWOFTZAXX01,S3D1,2048,0.1405
GLOBAL,PWRWOFTZAXX01,S3D1,2049,0.1405
GLOBAL,PWRWOFTZAXX01,S3D1,2050,0.1405
GLOBAL,PWRWOFKENXX01,S3D2,2021,0.1952
GLOBAL,PWRWOFKENXX01,S3D2,2022,0.1952
GLOBAL,PWRWOFKENXX01,S3D2,2023,0.1952
GLOBAL,PWRWOFKENXX01,S3D2,2024,0.1952
GLOBAL,PWRWOFKENXX01,S3D2,2025,0.1952
GLOBAL,PWRWOFKENXX01,S3D2,2026,0.1952
GLOBAL,PWRWOFKENXX01,S3D2,2027,0.1952
GLOBAL,PWRWOFKENXX01,S3D2,2028,0.1952
GLOBAL,PWRWOFKENXX01,S3D2,2029,0.1952
GLOBAL,PWRWOFKENXX01,S3D2,2030,0.1952
GLOBAL,PWRWOFKENXX01,S3D2,2031,0.1952
GLOBAL,PWRWOFKENXX01,S3D2,2032,0.1952
GLOBAL,PWRWOFKENXX01,S3D2,2033,0.1952
GLOBAL,PWRWOFKENXX01,S3D2,2034,0.1952
GLOBAL,PWRWOFKENXX01,S3D2,2035,0.1952
GLOBAL,PWRWOFKENXX01,S3D2,2036,0.1952
GLOBAL,PWRWOFKENXX01,S3D2,2037,0.1952
GLOBAL,PWRWOFKENXX01,S3D2,2038,0.1952
GLOBAL,PWRWOFKENXX01,S3D2,2039,0.1952
GLOBAL,PWRWOFKENXX01,S3D2,2040,0.1952
GLOBAL,PWRWOFKENXX01,S3D2,2041,0.1952
GLOBAL,PWRWOFKENXX01,S3D2,2042,0.1952
GLOBAL,PWRWOFKENXX01,S3D2,2043,0.1952
GLOBAL,PWRWOFKENXX01,S3D2,2044,0.1952
GLOBAL,PWRWOFKENXX01,S3D2,2045,0.1952
GLOBAL,PWRWOFKENXX01,S3D2,2046,0.1952
GLOBAL,PWRWOFKENXX01,S3D2,2047,0.1952
GLOBAL,PWRWOFKENXX01,S3D2,2048,0.1952
GLOBAL,PWRWOFKENXX01,S3D2,2049,0.1952
GLOBAL,PWRWOFKENXX01,S3D2,2050,0.1952
GLOBAL,PWRWOFTZAXX01,S3D2,2021,0.1398
GLOBAL,PWRWOFTZAXX01,S3D2,2022,0.1398
GLOBAL,PWRWOFTZAXX01,S3D2,2023,0.1398
GLOBAL,PWRWOFTZAXX01,S3D2,2024,0.1398
GLOBAL,PWRWOFTZAXX01,S3D2,2025,0.1398
GLOBAL,PWRWOFTZAXX01,S3D2,2026,0.1398
GLOBAL,PWRWOFTZAXX01,S3D2,2027,0.1398
GLOBAL,PWRWOFTZAXX01,S3D2,2028,0.1398
GLOBAL,PWRWOFTZAXX01,S3D2,2029,0.1398
GLOBAL,PWRWOFTZAXX01,S3D2,2030,0.1398
GLOBAL,PWRWOFTZAXX01,S3D2,2031,0.1398
GLOBAL,PWRWOFTZAXX01,S3D2,2032,0.1398
GLOBAL,PWRWOFTZAXX01,S3D2,2033,0.1398
GLOBAL,PWRWOFTZAXX01,S3D2,2034,0.1398
GLOBAL,PWRWOFTZAXX01,S3D2,2035,0.1398
GLOBAL,PWRWOFTZAXX01,S3D2,2036,0.1398
GLOBAL,PWRWOFTZAXX01,S3D2,2037,0.1398
GLOBAL,PWRWOFTZAXX01,S3D2,2038,0.1398
GLOBAL,PWRWOFTZAXX01,S3D2,2039,0.1398
GLOBAL,PWRWOFTZAXX01,S3D2,2040,0.1398
GLOBAL,PWRWOFTZAXX01,S3D2,2041,0.1398
GLOBAL,PWRWOFTZAXX01,S3D2,2042,0.1398
GLOBAL,PWRWOFTZAXX01,S3D2,2043,0.1398
GLOBAL,PWRWOFTZAXX01,S3D2,2044,0.1398
GLOBAL,PWRWOFTZAXX01,S3D2,2045,0.1398
GLOBAL,PWRWOFTZAXX01,S3D2,2046,0.1398
GLOBAL,PWRWOFTZAXX01,S3D2,2047,0.1398
GLOBAL,PWRWOFTZAXX01,S3D2,2048,0.1398
GLOBAL,PWRWOFTZAXX01,S3D2,2049,0.1398
GLOBAL,PWRWOFTZAXX01,S3D2,2050,0.1398
GLOBAL,PWRWOFKENXX01,S3D3,2021,0.2391
GLOBAL,PWRWOFKENXX01,S3D3,2022,0.2391
GLOBAL,PWRWOFKENXX01,S3D3,2023,0.2391
GLOBAL,PWRWOFKENXX01,S3D3,2024,0.2391
GLOBAL,PWRWOFKENXX01,S3D3,2025,0.2391
GLOBAL,PWRWOFKENXX01,S3D3,2026,0.2391
GLOBAL,PWRWOFKENXX01,S3D3,2027,0.2391
GLOBAL,PWRWOFKENXX01,S3D3,2028,0.2391
GLOBAL,PWRWOFKENXX01,S3D3,2029,0.2391
GLOBAL,PWRWOFKENXX01,S3D3,2030,0.2391
GLOBAL,PWRWOFKENXX01,S3D3,2031,0.2391
GLOBAL,PWRWOFKENXX01,S3D3,2032,0.2391
GLOBAL,PWRWOFKENXX01,S3D3,2033,0.2391
GLOBAL,PWRWOFKENXX01,S3D3,2034,0.2391
GLOBAL,PWRWOFKENXX01,S3D3,2035,0.2391
GLOBAL,PWRWOFKENXX01,S3D3,2036,0.2391
GLOBAL,PWRWOFKENXX01,S3D3,2037,0.2391
GLOBAL,PWRWOFKENXX01,S3D3,2038,0.2391
GLOBAL,PWRWOFKENXX01,S3D3,2039,0.2391
GLOBAL,PWRWOFKENXX01,S3D3,2040,0.2391
GLOBAL,PWRWOFKENXX01,S3D3,2041,0.2391
GLOBAL,PWRWOFKENXX01,S3D3,2042,0.2391
GLOBAL,PWRWOFKENXX01,S3D3,2043,0.2391
GLOBAL,PWRWOFKENXX01,S3D3,2044,0.2391
GLOBAL,PWRWOFKENXX01,S3D3,2045,0.2391
GLOBAL,PWRWOFKENXX01,S3D3,2046,0.2391
GLOBAL,PWRWOFKENXX01,S3D3,2047,0.2391
GLOBAL,PWRWOFKENXX01,S3D3,2048,0.2391
GLOBAL,PWRWOFKENXX01,S3D3,2049,0.2391
GLOBAL,PWRWOFKENXX01,S3D3,2050,0.2391
GLOBAL,PWRWOFTZAXX01,S3D3,2021,0.1948
GLOBAL,PWRWOFTZAXX01,S3D3,2022,0.1948
GLOBAL,PWRWOFTZAXX01,S3D3,2023,0.1948
GLOBAL,PWRWOFTZAXX01,S3D3,2024,0.1948
GLOBAL,PWRWOFTZAXX01,S3D3,2025,0.1948
GLOBAL,PWRWOFTZAXX01,S3D3,2026,0.1948
GLOBAL,PWRWOFTZAXX01,S3D3,2027,0.1948
GLOBAL,PWRWOFTZAXX01,S3D3,2028,0.1948
GLOBAL,PWRWOFTZAXX01,S3D3,2029,0.1948
GLOBAL,PWRWOFTZAXX01,S3D3,2030,0.1948
GLOBAL,PWRWOFTZAXX01,S3D3,2031,0.1948
GLOBAL,PWRWOFTZAXX01,S3D3,2032,0.1948
GLOBAL,PWRWOFTZAXX01,S3D3,2033,0.1948
GLOBAL,PWRWOFTZAXX01,S3D3,2034,0.1948
GLOBAL,PWRWOFTZAXX01,S3D3,2035,0.1948
GLOBAL,PWRWOFTZAXX01,S3D3,2036,0.1948
GLOBAL,PWRWOFTZAXX01,S3D3,2037,0.1948
GLOBAL,PWRWOFTZAXX01,S3D3,2038,0.1948
GLOBAL,PWRWOFTZAXX01,S3D3,2039,0.1948
GLOBAL,PWRWOFTZAXX01,S3D3,2040,0.1948
GLOBAL,PWRWOFTZAXX01,S3D3,2041,0.1948
GLOBAL,PWRWOFTZAXX01,S3D3,2042,0.1948
GLOBAL,PWRWOFTZAXX01,S3D3,2043,0.1948
GLOBAL,PWRWOFTZAXX01,S3D3,2044,0.1948
GLOBAL,PWRWOFTZAXX01,S3D3,2045,0.1948
GLOBAL,PWRWOFTZAXX01,S3D3,2046,0.1948
GLOBAL,PWRWOFTZAXX01,S3D3,2047,0.1948
GLOBAL,PWRWOFTZAXX01,S3D3,2048,0.1948
GLOBAL,PWRWOFTZAXX01,S3D3,2049,0.1948
GLOBAL,PWRWOFTZAXX01,S3D3,2050,0.1948
GLOBAL,PWRWOFKENXX01,S3D4,2021,0.2977
GLOBAL,PWRWOFKENXX01,S3D4,2022,0.2977
GLOBAL,PWRWOFKENXX01,S3D4,2023,0.2977
GLOBAL,PWRWOFKENXX01,S3D4,2024,0.2977
GLOBAL,PWRWOFKENXX01,S3D4,2025,0.2977
GLOBAL,PWRWOFKENXX01,S3D4,2026,0.2977
GLOBAL,PWRWOFKENXX01,S3D4,2027,0.2977
GLOBAL,PWRWOFKENXX01,S3D4,2028,0.2977
GLOBAL,PWRWOFKENXX01,S3D4,2029,0.2977
GLOBAL,PWRWOFKENXX01,S3D4,2030,0.2977
GLOBAL,PWRWOFKENXX01,S3D4,2031,0.2977
GLOBAL,PWRWOFKENXX01,S3D4,2032,0.2977
GLOBAL,PWRWOFKENXX01,S3D4,2033,0.2977
GLOBAL,PWRWOFKENXX01,S3D4,2034,0.2977
GLOBAL,PWRWOFKENXX01,S3D4,2035,0.2977
GLOBAL,PWRWOFKENXX01,S3D4,2036,0.2977
GLOBAL,PWRWOFKENXX01,S3D4,2037,0.2977
GLOBAL,PWRWOFKENXX01,S3D4,2038,0.2977
GLOBAL,PWRWOFKENXX01,S3D4,2039,0.2977
GLOBAL,PWRWOFKENXX01,S3D4,2040,0.2977
GLOBAL,PWRWOFKENXX01,S3D4,2041,0.2977
GLOBAL,PWRWOFKENXX01,S3D4,2042,0.2977
GLOBAL,PWRWOFKENXX01,S3D4,2043,0.2977
GLOBAL,PWRWOFKENXX01,S3D4,2044,0.2977
GLOBAL,PWRWOFKENXX01,S3D4,2045,0.2977
GLOBAL,PWRWOFKENXX01,S3D4,2046,0.2977
GLOBAL,PWRWOFKENXX01,S3D4,2047,0.2977
GLOBAL,PWRWOFKENXX01,S3D4,2048,0.2977
GLOBAL,PWRWOFKENXX01,S3D4,2049,0.2977
GLOBAL,PWRWOFKENXX01,S3D4,2050,0.2977
GLOBAL,PWRWOFTZAXX01,S3D4,2021,0.2438
GLOBAL,PWRWOFTZAXX01,S3D4,2022,0.2438
GLOBAL,PWRWOFTZAXX01,S3D4,2023,0.2438
GLOBAL,PWRWOFTZAXX01,S3D4,2024,0.2438
GLOBAL,PWRWOFTZAXX01,S3D4,2025,0.2438
GLOBAL,PWRWOFTZAXX01,S3D4,2026,0.2438
GLOBAL,PWRWOFTZAXX01,S3D4,2027,0.2438
GLOBAL,PWRWOFTZAXX01,S3D4,2028,0.2438
GLOBAL,PWRWOFTZAXX01,S3D4,2029,0.2438
GLOBAL,PWRWOFTZAXX01,S3D4,2030,0.2438
GLOBAL,PWRWOFTZAXX01,S3D4,2031,0.2438
GLOBAL,PWRWOFTZAXX01,S3D4,2032,0.2438
GLOBAL,PWRWOFTZAXX01,S3D4,2033,0.2438
GLOBAL,PWRWOFTZAXX01,S3D4,2034,0.2438
GLOBAL,PWRWOFTZAXX01,S3D4,2035,0.2438
GLOBAL,PWRWOFTZAXX01,S3D4,2036,0.2438
GLOBAL,PWRWOFTZAXX01,S3D4,2037,0.2438
GLOBAL,PWRWOFTZAXX01,S3D4,2038,0.2438
GLOBAL,PWRWOFTZAXX01,S3D4,2039,0.2438
GLOBAL,PWRWOFTZAXX01,S3D4,2040,0.2438
GLOBAL,PWRWOFTZAXX01,S3D4,2041,0.2438
GLOBAL,PWRWOFTZAXX01,S3D4,2042,0.2438
GLOBAL,PWRWOFTZAXX01,S3D4,2043,0.2438
GLOBAL,PWRWOFTZAXX01,S3D4,2044,0.2438
GLOBAL,PWRWOFTZAXX01,S3D4,2045,0.2438
GLOBAL,PWRWOFTZAXX01,S3D4,2046,0.2438
GLOBAL,PWRWOFTZAXX01,S3D4,2047,0.2438
GLOBAL,PWRWOFTZAXX01,S3D4,2048,0.2438
GLOBAL,PWRWOFTZAXX01,S3D4,2049,0.2438
GLOBAL,PWRWOFTZAXX01,S3D4,2050,0.2438
GLOBAL,PWRWOFKENXX01,S3D5,2021,0.2611
GLOBAL,PWRWOFKENXX01,S3D5,2022,0.2611
GLOBAL,PWRWOFKENXX01,S3D5,2023,0.2611
GLOBAL,PWRWOFKENXX01,S3D5,2024,0.2611
GLOBAL,PWRWOFKENXX01,S3D5,2025,0.2611
GLOBAL,PWRWOFKENXX01,S3D5,2026,0.2611
GLOBAL,PWRWOFKENXX01,S3D5,2027,0.2611
GLOBAL,PWRWOFKENXX01,S3D5,2028,0.2611
GLOBAL,PWRWOFKENXX01,S3D5,2029,0.2611
GLOBAL,PWRWOFKENXX01,S3D5,2030,0.2611
GLOBAL,PWRWOFKENXX01,S3D5,2031,0.2611
GLOBAL,PWRWOFKENXX01,S3D5,2032,0.2611
GLOBAL,PWRWOFKENXX01,S3D5,2033,0.2611
GLOBAL,PWRWOFKENXX01,S3D5,2034,0.2611
GLOBAL,PWRWOFKENXX01,S3D5,2035,0.2611
GLOBAL,PWRWOFKENXX01,S3D5,2036,0.2611
GLOBAL,PWRWOFKENXX01,S3D5,2037,0.2611
GLOBAL,PWRWOFKENXX01,S3D5,2038,0.2611
GLOBAL,PWRWOFKENXX01,S3D5,2039,0.2611
GLOBAL,PWRWOFKENXX01,S3D5,2040,0.2611
GLOBAL,PWRWOFKENXX01,S3D5,2041,0.2611
GLOBAL,PWRWOFKENXX01,S3D5,2042,0.2611
GLOBAL,PWRWOFKENXX01,S3D5,2043,0.2611
GLOBAL,PWRWOFKENXX01,S3D5,2044,0.2611
GLOBAL,PWRWOFKENXX01,S3D5,2045,0.2611
GLOBAL,PWRWOFKENXX01,S3D5,2046,0.2611
GLOBAL,PWRWOFKENXX01,S3D5,2047,0.2611
GLOBAL,PWRWOFKENXX01,S3D5,2048,0.2611
GLOBAL,PWRWOFKENXX01,S3D5,2049,0.2611
GLOBAL,PWRWOFKENXX01,S3D5,2050,0.2611
GLOBAL,PWRWOFTZAXX01,S3D5,2021,0.2306
GLOBAL,PWRWOFTZAXX01,S3D5,2022,0.2306
GLOBAL,PWRWOFTZAXX01,S3D5,2023,0.2306
GLOBAL,PWRWOFTZAXX01,S3D5,2024,0.2306
GLOBAL,PWRWOFTZAXX01,S3D5,2025,0.2306
GLOBAL,PWRWOFTZAXX01,S3D5,2026,0.2306
GLOBAL,PWRWOFTZAXX01,S3D5,2027,0.2306
GLOBAL,PWRWOFTZAXX01,S3D5,2028,0.2306
GLOBAL,PWRWOFTZAXX01,S3D5,2029,0.2306
GLOBAL,PWRWOFTZAXX01,S3D5,2030,0.2306
GLOBAL,PWRWOFTZAXX01,S3D5,2031,0.2306
GLOBAL,PWRWOFTZAXX01,S3D5,2032,0.2306
GLOBAL,PWRWOFTZAXX01,S3D5,2033,0.2306
GLOBAL,PWRWOFTZAXX01,S3D5,2034,0.2306
GLOBAL,PWRWOFTZAXX01,S3D5,2035,0.2306
GLOBAL,PWRWOFTZAXX01,S3D5,2036,0.2306
GLOBAL,PWRWOFTZAXX01,S3D5,2037,0.2306
GLOBAL,PWRWOFTZAXX01,S3D5,2038,0.2306
GLOBAL,PWRWOFTZAXX01,S3D5,2039,0.2306
GLOBAL,PWRWOFTZAXX01,S3D5,2040,0.2306
GLOBAL,PWRWOFTZAXX01,S3D5,2041,0.2306
GLOBAL,PWRWOFTZAXX01,S3D5,2042,0.2306
GLOBAL,PWRWOFTZAXX01,S3D5,2043,0.2306
GLOBAL,PWRWOFTZAXX01,S3D5,2044,0.2306
GLOBAL,PWRWOFTZAXX01,S3D5,2045,0.2306
GLOBAL,PWRWOFTZAXX01,S3D5,2046,0.2306
GLOBAL,PWRWOFTZAXX01,S3D5,2047,0.2306
GLOBAL,PWRWOFTZAXX01,S3D5,2048,0.2306
GLOBAL,PWRWOFTZAXX01,S3D5,2049,0.2306
GLOBAL,PWRWOFTZAXX01,S3D5,2050,0.2306
GLOBAL,PWRWOFKENXX01,S3D6,2021,0.2125
GLOBAL,PWRWOFKENXX01,S3D6,2022,0.2125
GLOBAL,PWRWOFKENXX01,S3D6,2023,0.2125
GLOBAL,PWRWOFKENXX01,S3D6,2024,0.2125
GLOBAL,PWRWOFKENXX01,S3D6,2025,0.2125
GLOBAL,PWRWOFKENXX01,S3D6,2026,0.2125
GLOBAL,PWRWOFKENXX01,S3D6,2027,0.2125
GLOBAL,PWRWOFKENXX01,S3D6,2028,0.2125
GLOBAL,PWRWOFKENXX01,S3D6,2029,0.2125
GLOBAL,PWRWOFKENXX01,S3D6,2030,0.2125
GLOBAL,PWRWOFKENXX01,S3D6,2031,0.2125
GLOBAL,PWRWOFKENXX01,S3D6,2032,0.2125
GLOBAL,PWRWOFKENXX01,S3D6,2033,0.2125
GLOBAL,PWRWOFKENXX01,S3D6,2034,0.2125
GLOBAL,PWRWOFKENXX01,S3D6,2035,0.2125
GLOBAL,PWRWOFKENXX01,S3D6,2036,0.2125
GLOBAL,PWRWOFKENXX01,S3D6,2037,0.2125
GLOBAL,PWRWOFKENXX01,S3D6,2038,0.2125
GLOBAL,PWRWOFKENXX01,S3D6,2039,0.2125
GLOBAL,PWRWOFKENXX01,S3D6,2040,0.2125
GLOBAL,PWRWOFKENXX01,S3D6,2041,0.2125
GLOBAL,PWRWOFKENXX01,S3D6,2042,0.2125
GLOBAL,PWRWOFKENXX01,S3D6,2043,0.2125
GLOBAL,PWRWOFKENXX01,S3D6,2044,0.2125
GLOBAL,PWRWOFKENXX01,S3D6,2045,0.2125
GLOBAL,PWRWOFKENXX01,S3D6,2046,0.2125
GLOBAL,PWRWOFKENXX01,S3D6,2047,0.2125
GLOBAL,PWRWOFKENXX01,S3D6,2048,0.2125
GLOBAL,PWRWOFKENXX01,S3D6,2049,0.2125
GLOBAL,PWRWOFKENXX01,S3D6,2050,0.2125
GLOBAL,PWRWOFTZAXX01,S3D6,2021,0.1772
GLOBAL,PWRWOFTZAXX01,S3D6,2022,0.1772
GLOBAL,PWRWOFTZAXX01,S3D6,2023,0.1772
GLOBAL,PWRWOFTZAXX01,S3D6,2024,0.1772
GLOBAL,PWRWOFTZAXX01,S3D6,2025,0.1772
GLOBAL,PWRWOFTZAXX01,S3D6,2026,0.1772
GLOBAL,PWRWOFTZAXX01,S3D6,2027,0.1772
GLOBAL,PWRWOFTZAXX01,S3D6,2028,0.1772
GLOBAL,PWRWOFTZAXX01,S3D6,2029,0.1772
GLOBAL,PWRWOFTZAXX01,S3D6,2030,0.1772
GLOBAL,PWRWOFTZAXX01,S3D6,2031,0.1772
GLOBAL,PWRWOFTZAXX01,S3D6,2032,0.1772
GLOBAL,PWRWOFTZAXX01,S3D6,2033,0.1772
GLOBAL,PWRWOFTZAXX01,S3D6,2034,0.1772
GLOBAL,PWRWOFTZAXX01,S3D6,2035,0.1772
GLOBAL,PWRWOFTZAXX01,S3D6,2036,0.1772
GLOBAL,PWRWOFTZAXX01,S3D6,2037,0.1772
GLOBAL,PWRWOFTZAXX01,S3D6,2038,0.1772
GLOBAL,PWRWOFTZAXX01,S3D6,2039,0.1772
GLOBAL,PWRWOFTZAXX01,S3D6,2040,0.1772
GLOBAL,PWRWOFTZAXX01,S3D6,2041,0.1772
GLOBAL,PWRWOFTZAXX01,S3D6,2042,0.1772
GLOBAL,PWRWOFTZAXX01,S3D6,2043,0.1772
GLOBAL,PWRWOFTZAXX01,S3D6,2044,0.1772
GLOBAL,PWRWOFTZAXX01,S3D6,2045,0.1772
GLOBAL,PWRWOFTZAXX01,S3D6,2046,0.1772
GLOBAL,PWRWOFTZAXX01,S3D6,2047,0.1772
GLOBAL,PWRWOFTZAXX01,S3D6,2048,0.1772
GLOBAL,PWRWOFTZAXX01,S3D6,2049,0.1772
GLOBAL,PWRWOFTZAXX01,S3D6,2050,0.1772
