REGION,TIMESLICE,TECHNOLOGY,MODE_OF_OPERATION,YEAR,VALUE
GLOBAL,S1D1,MINCOAINT,1,2021,2635.9705279
GLOBAL,S1D1,MINURNINT,1,2021,128.08328875900003
GLOBAL,S1D1,PWRBIOINDNO01,1,2021,0.8325929736000001
GLOBAL,S1D1,PWRBIOINDSO01,1,2021,9.4950779471
GLOBAL,S1D1,PWRBIOINDWE01,1,2021,0.4338864792
GLOBAL,S1D1,PWRCOAINDEA01,2,2021,153.924121985
GLOBAL,S1D1,PWRCOAINDNE01,2,2021,5.863330800000001
GLOBAL,S1D1,PWRCOAINDNO01,2,2021,207.04873748800003
GLOBAL,S1D1,PWRCOAINDSO01,2,2021,265.42070435
GLOBAL,S1D1,PWRCOAINDWE01,2,2021,266.84506338
GLOBAL,S1D1,PWRCSPINDNO01,1,2021,1.8662454157300001
GLOBAL,S1D1,PWRCSPINDSO01,1,2021,0.47688423840000005
GLOBAL,S1D1,PWRHYDINDEA01,1,2021,9.2296097699
GLOBAL,S1D1,PWRHYDINDNE01,1,2021,2.45226234886
GLOBAL,S1D1,PWRHYDINDNO01,1,2021,45.577047145
GLOBAL,S1D1,PWRHYDINDSO01,1,2021,18.6224545007
GLOBAL,S1D1,PWRHYDINDWE01,1,2021,9.5583276489
GLOBAL,S1D1,PWRSPVINDEA01,1,2021,0.35395699943000003
GLOBAL,S1D1,PWRSPVINDNE01,1,2021,0.049399518884
GLOBAL,S1D1,PWRSPVINDNO01,1,2021,20.167967218700003
GLOBAL,S1D1,PWRSPVINDSO01,1,2021,26.114390876
GLOBAL,S1D1,PWRSPVINDWE01,1,2021,13.7514626906
GLOBAL,S1D1,PWRTRNINDEA,1,2021,163.514247519
GLOBAL,S1D1,PWRTRNINDNE,1,2021,28.621200298
GLOBAL,S1D1,PWRTRNINDNO,1,2021,288.3143933
GLOBAL,S1D1,PWRTRNINDSO,1,2021,355.07750743
GLOBAL,S1D1,PWRTRNINDWE,1,2021,317.53748984
GLOBAL,S1D1,PWRURNINDNO01,2,2021,11.883017088
GLOBAL,S1D1,PWRURNINDSO01,2,2021,25.955011008000003
GLOBAL,S1D1,PWRURNINDWE01,2,2021,19.857146976
GLOBAL,S1D1,PWRWONINDEA01,1,2021,0.0065585132994
GLOBAL,S1D1,PWRWONINDNO01,1,2021,0.93879216847
GLOBAL,S1D1,PWRWONINDSO01,1,2021,8.9929703795
GLOBAL,S1D1,PWRWONINDWE01,1,2021,7.0916202662
GLOBAL,S1D1,RNWBIOINDNO,1,2021,2.7891863624
GLOBAL,S1D1,RNWBIOINDSO,1,2021,35.036837424000005
GLOBAL,S1D1,RNWBIOINDWE,1,2021,1.627074297
GLOBAL,S1D1,RNWCSPINDNO,1,2021,1.8662454157300001
GLOBAL,S1D1,RNWCSPINDSO,1,2021,0.47688423840000005
GLOBAL,S1D1,RNWHYDINDEA,1,2021,9.2296097699
GLOBAL,S1D1,RNWHYDINDNE,1,2021,2.45226234886
GLOBAL,S1D1,RNWHYDINDNO,1,2021,45.577047145
GLOBAL,S1D1,RNWHYDINDSO,1,2021,18.6224545007
GLOBAL,S1D1,RNWHYDINDWE,1,2021,9.5583276489
GLOBAL,S1D1,RNWSPVINDEA,1,2021,0.35395699943000003
GLOBAL,S1D1,RNWSPVINDNE,1,2021,0.049399518884
GLOBAL,S1D1,RNWSPVINDNO,1,2021,20.167967218700003
GLOBAL,S1D1,RNWSPVINDSO,1,2021,26.114390876
GLOBAL,S1D1,RNWSPVINDWE,1,2021,13.7514626906
GLOBAL,S1D1,RNWWONINDEA,1,2021,0.0065585132994
GLOBAL,S1D1,RNWWONINDNO,1,2021,0.93879216847
GLOBAL,S1D1,RNWWONINDSO,1,2021,8.9929703795
GLOBAL,S1D1,RNWWONINDWE,1,2021,7.0916202662
GLOBAL,S1D1,TRNINDEAINDNE,1,2021,20.9206471483
GLOBAL,S1D1,MINCOAINT,1,2022,2962.3088147999997
GLOBAL,S1D1,MINURNINT,1,2022,88.841328593
GLOBAL,S1D1,PWRBIOINDNO01,1,2022,0.8325929736000001
GLOBAL,S1D1,PWRBIOINDSO01,1,2022,9.4950779471
GLOBAL,S1D1,PWRBIOINDWE01,1,2022,0.4338864792
GLOBAL,S1D1,PWRCOAINDEA01,2,2022,170.13910976600002
GLOBAL,S1D1,PWRCOAINDNE01,2,2022,5.0146344903
GLOBAL,S1D1,PWRCOAINDNO01,2,2022,236.94458009000002
GLOBAL,S1D1,PWRCOAINDSO01,2,2022,304.76798730999997
GLOBAL,S1D1,PWRCOAINDWE01,2,2022,293.52859795
GLOBAL,S1D1,PWRCSPINDNO01,1,2022,1.8662454157300001
GLOBAL,S1D1,PWRCSPINDSO01,1,2022,0.47688423840000005
GLOBAL,S1D1,PWRHYDINDEA01,1,2022,9.2296097699
GLOBAL,S1D1,PWRHYDINDNE01,1,2022,4.0874436204
GLOBAL,S1D1,PWRHYDINDNO01,1,2022,46.229264608
GLOBAL,S1D1,PWRHYDINDSO01,1,2022,18.6224545007
GLOBAL,S1D1,PWRHYDINDWE01,1,2022,9.5583276489
GLOBAL,S1D1,PWRSPVINDEA01,1,2022,0.35395699943000003
GLOBAL,S1D1,PWRSPVINDNE01,1,2022,0.25780375374000003
GLOBAL,S1D1,PWRSPVINDNO01,1,2022,25.772531818
GLOBAL,S1D1,PWRSPVINDSO01,1,2022,27.049970434000002
GLOBAL,S1D1,PWRSPVINDWE01,1,2022,14.8223319383
GLOBAL,S1D1,PWRTRNINDEA,1,2022,179.7292353
GLOBAL,S1D1,PWRTRNINDNE,1,2022,31.008598769000002
GLOBAL,S1D1,PWRTRNINDNO,1,2022,322.99679322000003
GLOBAL,S1D1,PWRTRNINDSO,1,2022,387.22250211
GLOBAL,S1D1,PWRTRNINDWE,1,2022,337.46250191999997
GLOBAL,S1D1,PWRURNINDNO01,2,2022,10.3544671754
GLOBAL,S1D1,PWRURNINDSO01,2,2022,17.8171461448
GLOBAL,S1D1,PWRURNINDWE01,2,2022,11.8470029197
GLOBAL,S1D1,PWRWONINDEA01,1,2022,0.0065585132994
GLOBAL,S1D1,PWRWONINDNO01,1,2022,0.9971167170199999
GLOBAL,S1D1,PWRWONINDSO01,1,2022,8.9929703795
GLOBAL,S1D1,PWRWONINDWE01,1,2022,7.2723589503
GLOBAL,S1D1,RNWBIOINDNO,1,2022,2.7891863624
GLOBAL,S1D1,RNWBIOINDSO,1,2022,35.036837424000005
GLOBAL,S1D1,RNWBIOINDWE,1,2022,1.627074297
GLOBAL,S1D1,RNWCSPINDNO,1,2022,1.8662454157300001
GLOBAL,S1D1,RNWCSPINDSO,1,2022,0.47688423840000005
GLOBAL,S1D1,RNWHYDINDEA,1,2022,9.2296097699
GLOBAL,S1D1,RNWHYDINDNE,1,2022,4.0874436204
GLOBAL,S1D1,RNWHYDINDNO,1,2022,46.229264608
GLOBAL,S1D1,RNWHYDINDSO,1,2022,18.6224545007
GLOBAL,S1D1,RNWHYDINDWE,1,2022,9.5583276489
GLOBAL,S1D1,RNWSPVINDEA,1,2022,0.35395699943000003
GLOBAL,S1D1,RNWSPVINDNE,1,2022,0.25780375374000003
GLOBAL,S1D1,RNWSPVINDNO,1,2022,25.772531818
GLOBAL,S1D1,RNWSPVINDSO,1,2022,27.049970434000002
GLOBAL,S1D1,RNWSPVINDWE,1,2022,14.8223319383
GLOBAL,S1D1,RNWWONINDEA,1,2022,0.0065585132994
GLOBAL,S1D1,RNWWONINDNO,1,2022,0.9971167170199999
GLOBAL,S1D1,RNWWONINDSO,1,2022,8.9929703795
GLOBAL,S1D1,RNWWONINDWE,1,2022,7.2723589503
GLOBAL,S1D1,TRNINDEAINDNE,1,2022,22.358834784
GLOBAL,S1D1,MINCOAINT,1,2023,3023.8358595
GLOBAL,S1D1,MINURNINT,1,2023,195.76958001
GLOBAL,S1D1,PWRBIOINDNO01,1,2023,0.8325929736000001
GLOBAL,S1D1,PWRBIOINDSO01,1,2023,9.4950779471
GLOBAL,S1D1,PWRBIOINDWE01,1,2023,0.4338864792
GLOBAL,S1D1,PWRCOAINDEA01,2,2023,181.594420026
GLOBAL,S1D1,PWRCOAINDNE01,2,2023,5.863330800000001
GLOBAL,S1D1,PWRCOAINDNO01,2,2023,239.038383154
GLOBAL,S1D1,PWRCOAINDSO01,2,2023,307.64394958
GLOBAL,S1D1,PWRCOAINDWE01,2,2023,297.31482423
GLOBAL,S1D1,PWRCSPINDNO01,1,2023,1.8662454157300001
GLOBAL,S1D1,PWRCSPINDSO01,1,2023,0.47688423840000005
GLOBAL,S1D1,PWRHYDINDEA01,1,2023,9.2296097699
GLOBAL,S1D1,PWRHYDINDNE01,1,2023,8.837523445
GLOBAL,S1D1,PWRHYDINDNO01,1,2023,66.344428383
GLOBAL,S1D1,PWRHYDINDSO01,1,2023,19.4527023403
GLOBAL,S1D1,PWRHYDINDWE01,1,2023,9.5583276489
GLOBAL,S1D1,PWRSPVINDEA01,1,2023,0.35395699943000003
GLOBAL,S1D1,PWRSPVINDNE01,1,2023,0.25780375374000003
GLOBAL,S1D1,PWRSPVINDNO01,1,2023,25.772531818
GLOBAL,S1D1,PWRSPVINDSO01,1,2023,27.049970434000002
GLOBAL,S1D1,PWRSPVINDWE01,1,2023,15.004683707700002
GLOBAL,S1D1,PWRTRNINDEA,1,2023,191.18454556
GLOBAL,S1D1,PWRTRNINDNE,1,2023,33.393699207000004
GLOBAL,S1D1,PWRTRNINDNO,1,2023,357.67919314000005
GLOBAL,S1D1,PWRTRNINDSO,1,2023,419.37000058
GLOBAL,S1D1,PWRTRNINDWE,1,2023,357.389993
GLOBAL,S1D1,PWRURNINDNO01,2,2023,22.827901248000003
GLOBAL,S1D1,PWRURNINDSO01,2,2023,45.499447008000004
GLOBAL,S1D1,PWRURNINDWE01,2,2023,19.857146976
GLOBAL,S1D1,PWRWONINDEA01,1,2023,0.0065585132994
GLOBAL,S1D1,PWRWONINDNO01,1,2023,0.9971167170199999
GLOBAL,S1D1,PWRWONINDSO01,1,2023,9.751956637200001
GLOBAL,S1D1,PWRWONINDWE01,1,2023,15.221134865800002
GLOBAL,S1D1,RNWBIOINDNO,1,2023,2.7891863624
GLOBAL,S1D1,RNWBIOINDSO,1,2023,35.036837424000005
GLOBAL,S1D1,RNWBIOINDWE,1,2023,1.627074297
GLOBAL,S1D1,RNWCSPINDNO,1,2023,1.8662454157300001
GLOBAL,S1D1,RNWCSPINDSO,1,2023,0.47688423840000005
GLOBAL,S1D1,RNWHYDINDEA,1,2023,9.2296097699
GLOBAL,S1D1,RNWHYDINDNE,1,2023,8.837523445
GLOBAL,S1D1,RNWHYDINDNO,1,2023,66.344428383
GLOBAL,S1D1,RNWHYDINDSO,1,2023,19.4527023403
GLOBAL,S1D1,RNWHYDINDWE,1,2023,9.5583276489
GLOBAL,S1D1,RNWSPVINDEA,1,2023,0.35395699943000003
GLOBAL,S1D1,RNWSPVINDNE,1,2023,0.25780375374000003
GLOBAL,S1D1,RNWSPVINDNO,1,2023,25.772531818
GLOBAL,S1D1,RNWSPVINDSO,1,2023,27.049970434000002
GLOBAL,S1D1,RNWSPVINDWE,1,2023,15.004683707700002
GLOBAL,S1D1,RNWWONINDEA,1,2023,0.0065585132994
GLOBAL,S1D1,RNWWONINDNO,1,2023,0.9971167170199999
GLOBAL,S1D1,RNWWONINDSO,1,2023,9.751956637200001
GLOBAL,S1D1,RNWWONINDWE,1,2023,15.221134865800002
GLOBAL,S1D1,TRNINDEAINDNE,1,2023,19.0397443228
GLOBAL,S1D1,MINCOAINT,1,2024,1167.70062384
GLOBAL,S1D1,MINURNINT,1,2024,147.35040398700002
GLOBAL,S1D1,PWRBIOINDNO01,1,2024,0.8325929736000001
GLOBAL,S1D1,PWRBIOINDSO01,1,2024,9.4950779471
GLOBAL,S1D1,PWRBIOINDWE01,1,2024,0.4338864792
GLOBAL,S1D1,PWRCOAINDEA01,2,2024,68.673094386
GLOBAL,S1D1,PWRCOAINDNO01,2,2024,7.3283469174
GLOBAL,S1D1,PWRCOAINDSO01,2,2024,221.502336273
GLOBAL,S1D1,PWRCOAINDWE01,2,2024,101.127455871
GLOBAL,S1D1,PWRCSPINDNO01,1,2024,1.8662454157300001
GLOBAL,S1D1,PWRCSPINDSO01,1,2024,0.47688423840000005
GLOBAL,S1D1,PWRHYDINDEA01,1,2024,10.2547546063
GLOBAL,S1D1,PWRHYDINDNE01,1,2024,9.098777818
GLOBAL,S1D1,PWRHYDINDNO01,1,2024,66.344428383
GLOBAL,S1D1,PWRHYDINDSO01,1,2024,19.4527023403
GLOBAL,S1D1,PWRHYDINDWE01,1,2024,9.5583276489
GLOBAL,S1D1,PWRSPVINDEA01,1,2024,79.83412007700001
GLOBAL,S1D1,PWRSPVINDNE01,1,2024,0.25780375374000003
GLOBAL,S1D1,PWRSPVINDNO01,1,2024,271.1718604
GLOBAL,S1D1,PWRSPVINDSO01,1,2024,156.57080154500002
GLOBAL,S1D1,PWRSPVINDWE01,1,2024,245.227268629
GLOBAL,S1D1,PWRTRNINDEA,1,2024,185.488800118
GLOBAL,S1D1,PWRTRNINDNE,1,2024,87.18076796400001
GLOBAL,S1D1,PWRTRNINDNO,1,2024,385.75679336
GLOBAL,S1D1,PWRTRNINDSO,1,2024,454.89250881
GLOBAL,S1D1,PWRTRNINDWE,1,2024,386.67999775
GLOBAL,S1D1,PWRURNINDNO01,2,2024,13.6193892555
GLOBAL,S1D1,PWRURNINDSO01,2,2024,37.642742392
GLOBAL,S1D1,PWRURNINDWE01,2,2024,15.1119249998
GLOBAL,S1D1,PWRWOFINDNE01,1,2024,77.824186541
GLOBAL,S1D1,PWRWONINDEA01,1,2024,0.0065585132994
GLOBAL,S1D1,PWRWONINDNO01,1,2024,2.6463228319
GLOBAL,S1D1,PWRWONINDSO01,1,2024,9.751956637200001
GLOBAL,S1D1,PWRWONINDWE01,1,2024,15.221134865800002
GLOBAL,S1D1,RNWBIOINDNO,1,2024,2.7891863624
GLOBAL,S1D1,RNWBIOINDSO,1,2024,35.036837424000005
GLOBAL,S1D1,RNWBIOINDWE,1,2024,1.627074297
GLOBAL,S1D1,RNWCSPINDNO,1,2024,1.8662454157300001
GLOBAL,S1D1,RNWCSPINDSO,1,2024,0.47688423840000005
GLOBAL,S1D1,RNWHYDINDEA,1,2024,10.2547546063
GLOBAL,S1D1,RNWHYDINDNE,1,2024,9.098777818
GLOBAL,S1D1,RNWHYDINDNO,1,2024,66.344428383
GLOBAL,S1D1,RNWHYDINDSO,1,2024,19.4527023403
GLOBAL,S1D1,RNWHYDINDWE,1,2024,9.5583276489
GLOBAL,S1D1,RNWSPVINDEA,1,2024,79.83412007700001
GLOBAL,S1D1,RNWSPVINDNE,1,2024,0.25780375374000003
GLOBAL,S1D1,RNWSPVINDNO,1,2024,271.1718604
GLOBAL,S1D1,RNWSPVINDSO,1,2024,156.57080154500002
GLOBAL,S1D1,RNWSPVINDWE,1,2024,245.227268629
GLOBAL,S1D1,RNWWOFINDNE,1,2024,77.824186541
GLOBAL,S1D1,RNWWONINDEA,1,2024,0.0065585132994
GLOBAL,S1D1,RNWWONINDNO,1,2024,2.6463228319
GLOBAL,S1D1,RNWWONINDSO,1,2024,9.751956637200001
GLOBAL,S1D1,RNWWONINDWE,1,2024,15.221134865800002
GLOBAL,S1D1,TRNINDEAINDNE,2,2024,27.596743632000003
GLOBAL,S1D1,TRNINDNEINDNO,1,2024,23.453323200000003
GLOBAL,S1D1,MINCOAINT,1,2025,254.52939138
GLOBAL,S1D1,MINURNINT,1,2025,207.918400436
GLOBAL,S1D1,PWRCOAINDSO01,2,2025,86.870102163
GLOBAL,S1D1,PWRCSPINDNO01,1,2025,1.8662454157300001
GLOBAL,S1D1,PWRCSPINDSO01,1,2025,0.47688423840000005
GLOBAL,S1D1,PWRHYDINDEA01,1,2025,9.6683243495
GLOBAL,S1D1,PWRHYDINDNE01,1,2025,5.8180659953000005
GLOBAL,S1D1,PWRHYDINDNO01,1,2025,56.68188878
GLOBAL,S1D1,PWRHYDINDSO01,1,2025,19.4527023403
GLOBAL,S1D1,PWRHYDINDWE01,1,2025,3.1114695011
GLOBAL,S1D1,PWRSPVINDEA01,1,2025,159.314283576
GLOBAL,S1D1,PWRSPVINDNE01,1,2025,0.25780375374000003
GLOBAL,S1D1,PWRSPVINDNO01,1,2025,505.91997212
GLOBAL,S1D1,PWRSPVINDSO01,1,2025,285.93115707
GLOBAL,S1D1,PWRSPVINDWE01,1,2025,474.37720091000006
GLOBAL,S1D1,PWRTRNINDEA,1,2025,229.10640104100003
GLOBAL,S1D1,PWRTRNINDNE,1,2025,95.93226763
GLOBAL,S1D1,PWRTRNINDNO,1,2025,610.14221407
GLOBAL,S1D1,PWRTRNINDSO,1,2025,565.47499711
GLOBAL,S1D1,PWRTRNINDWE,1,2025,603.63040166
GLOBAL,S1D1,PWRURNINDNO01,2,2025,22.827901248000003
GLOBAL,S1D1,PWRURNINDSO01,2,2025,45.499447008000004
GLOBAL,S1D1,PWRURNINDWE01,2,2025,25.329589056000003
GLOBAL,S1D1,PWRWOFINDNE01,1,2025,89.856397286
GLOBAL,S1D1,PWRWONINDEA01,1,2025,0.0065585132994
GLOBAL,S1D1,PWRWONINDNO01,1,2025,0.8985768636600001
GLOBAL,S1D1,PWRWONINDSO01,1,2025,9.996778215
GLOBAL,S1D1,PWRWONINDWE01,1,2025,7.3680438881
GLOBAL,S1D1,RNWCSPINDNO,1,2025,1.8662454157300001
GLOBAL,S1D1,RNWCSPINDSO,1,2025,0.47688423840000005
GLOBAL,S1D1,RNWHYDINDEA,1,2025,9.6683243495
GLOBAL,S1D1,RNWHYDINDNE,1,2025,5.8180659953000005
GLOBAL,S1D1,RNWHYDINDNO,1,2025,56.68188878
GLOBAL,S1D1,RNWHYDINDSO,1,2025,19.4527023403
GLOBAL,S1D1,RNWHYDINDWE,1,2025,3.1114695011
GLOBAL,S1D1,RNWSPVINDEA,1,2025,159.314283576
GLOBAL,S1D1,RNWSPVINDNE,1,2025,0.25780375374000003
GLOBAL,S1D1,RNWSPVINDNO,1,2025,505.91997212
GLOBAL,S1D1,RNWSPVINDSO,1,2025,285.93115707
GLOBAL,S1D1,RNWSPVINDWE,1,2025,474.37720091000006
GLOBAL,S1D1,RNWWOFINDNE,1,2025,89.856397286
GLOBAL,S1D1,RNWWONINDEA,1,2025,0.0065585132994
GLOBAL,S1D1,RNWWONINDNO,1,2025,0.8985768636600001
GLOBAL,S1D1,RNWWONINDSO,1,2025,9.996778215
GLOBAL,S1D1,RNWWONINDWE,1,2025,7.3680438881
GLOBAL,S1D1,TRNINDEAINDNE,2,2025,27.596743632000003
GLOBAL,S1D1,TRNINDEAINDNO,2,2025,35.481123804
GLOBAL,S1D1,TRNINDNEINDNO,1,2025,23.453323200000003
GLOBAL,S1D1,TRNINDNOINDWE,1,2025,98.729077909
GLOBAL,S1D1,TRNINDSOINDWE,2,2025,122.430412664
GLOBAL,S1D1,MINURNINT,1,2026,166.919114355
GLOBAL,S1D1,PWRCSPINDNO01,1,2026,1.8662454157300001
GLOBAL,S1D1,PWRCSPINDSO01,1,2026,0.47688423840000005
GLOBAL,S1D1,PWRHYDINDEA01,1,2026,10.2547546063
GLOBAL,S1D1,PWRHYDINDNE01,1,2026,5.6080837877
GLOBAL,S1D1,PWRHYDINDNO01,1,2026,66.383051203
GLOBAL,S1D1,PWRHYDINDSO01,1,2026,19.4527023403
GLOBAL,S1D1,PWRHYDINDWE01,1,2026,9.6685896025
GLOBAL,S1D1,PWRSPVINDEA01,1,2026,159.314283576
GLOBAL,S1D1,PWRSPVINDNE01,1,2026,0.25780375374000003
GLOBAL,S1D1,PWRSPVINDNO01,1,2026,505.91997212
GLOBAL,S1D1,PWRSPVINDSO01,1,2026,415.29150020000003
GLOBAL,S1D1,PWRSPVINDWE01,1,2026,487.88995722
GLOBAL,S1D1,PWRTRNINDEA,1,2026,235.584000772
GLOBAL,S1D1,PWRTRNINDNE,1,2026,97.46406652
GLOBAL,S1D1,PWRTRNINDNO,1,2026,610.63484095
GLOBAL,S1D1,PWRTRNINDSO,1,2026,587.72250992
GLOBAL,S1D1,PWRTRNINDWE,1,2026,596.37840943
GLOBAL,S1D1,PWRURNINDNO01,2,2026,13.6193892555
GLOBAL,S1D1,PWRURNINDSO01,2,2026,46.457476390000004
GLOBAL,S1D1,PWRURNINDWE01,2,2026,15.1119249998
GLOBAL,S1D1,PWRWOFINDNE01,1,2026,91.598179871
GLOBAL,S1D1,PWRWONINDEA01,1,2026,0.0065585132994
GLOBAL,S1D1,PWRWONINDNO01,1,2026,0.8985768636600001
GLOBAL,S1D1,PWRWONINDSO01,1,2026,9.9887571626
GLOBAL,S1D1,PWRWONINDWE01,1,2026,10.022865971500002
GLOBAL,S1D1,RNWCSPINDNO,1,2026,1.8662454157300001
GLOBAL,S1D1,RNWCSPINDSO,1,2026,0.47688423840000005
GLOBAL,S1D1,RNWHYDINDEA,1,2026,10.2547546063
GLOBAL,S1D1,RNWHYDINDNE,1,2026,5.6080837877
GLOBAL,S1D1,RNWHYDINDNO,1,2026,66.383051203
GLOBAL,S1D1,RNWHYDINDSO,1,2026,19.4527023403
GLOBAL,S1D1,RNWHYDINDWE,1,2026,9.6685896025
GLOBAL,S1D1,RNWSPVINDEA,1,2026,159.314283576
GLOBAL,S1D1,RNWSPVINDNE,1,2026,0.25780375374000003
GLOBAL,S1D1,RNWSPVINDNO,1,2026,505.91997212
GLOBAL,S1D1,RNWSPVINDSO,1,2026,415.29150020000003
GLOBAL,S1D1,RNWSPVINDWE,1,2026,487.88995722
GLOBAL,S1D1,RNWWOFINDNE,1,2026,91.598179871
GLOBAL,S1D1,RNWWONINDEA,1,2026,0.0065585132994
GLOBAL,S1D1,RNWWONINDNO,1,2026,0.8985768636600001
GLOBAL,S1D1,RNWWONINDSO,1,2026,9.9887571626
GLOBAL,S1D1,RNWWONINDWE,1,2026,10.022865971500002
GLOBAL,S1D1,TRNINDEAINDNE,2,2026,27.596743632000003
GLOBAL,S1D1,TRNINDEAINDNO,2,2026,41.739936911
GLOBAL,S1D1,TRNINDNEINDNO,1,2026,23.453323200000003
GLOBAL,S1D1,TRNINDNOINDWE,1,2026,77.852516553
GLOBAL,S1D1,TRNINDSOINDWE,2,2026,100.30091017000001
GLOBAL,S1D1,MINURNINT,1,2027,253.63038203
GLOBAL,S1D1,PWRCSPINDNO01,1,2027,1.8662454157300001
GLOBAL,S1D1,PWRCSPINDSO01,1,2027,0.47688423840000005
GLOBAL,S1D1,PWRHYDINDEA01,1,2027,10.2547546063
GLOBAL,S1D1,PWRHYDINDNE01,1,2027,9.098777818
GLOBAL,S1D1,PWRHYDINDNO01,1,2027,57.17453797100001
GLOBAL,S1D1,PWRHYDINDSO01,1,2027,6.2670999082
GLOBAL,S1D1,PWRHYDINDWE01,1,2027,3.1114695011
GLOBAL,S1D1,PWRSPVINDEA01,1,2027,159.314283576
GLOBAL,S1D1,PWRSPVINDNE01,1,2027,0.25780375374000003
GLOBAL,S1D1,PWRSPVINDNO01,1,2027,505.91997212
GLOBAL,S1D1,PWRSPVINDSO01,1,2027,466.12639479
GLOBAL,S1D1,PWRSPVINDWE01,1,2027,487.88995722
GLOBAL,S1D1,PWRTRNINDEA,1,2027,242.97120014100003
GLOBAL,S1D1,PWRTRNINDNE,1,2027,99.062567863
GLOBAL,S1D1,PWRTRNINDNO,1,2027,610.63484095
GLOBAL,S1D1,PWRTRNINDSO,1,2027,607.5225060299999
GLOBAL,S1D1,PWRTRNINDWE,1,2027,573.76645883
GLOBAL,S1D1,PWRURNINDNO01,2,2027,22.827901248000003
GLOBAL,S1D1,PWRURNINDSO01,2,2027,67.519623123
GLOBAL,S1D1,PWRURNINDWE01,2,2027,23.9003999424
GLOBAL,S1D1,PWRWOFINDNE01,1,2027,89.70598644
GLOBAL,S1D1,PWRWONINDEA01,1,2027,0.0065585132994
GLOBAL,S1D1,PWRWONINDNO01,1,2027,0.8985768636600001
GLOBAL,S1D1,PWRWONINDSO01,1,2027,7.8656954532
GLOBAL,S1D1,PWRWONINDWE01,1,2027,7.3680438881
GLOBAL,S1D1,RNWCSPINDNO,1,2027,1.8662454157300001
GLOBAL,S1D1,RNWCSPINDSO,1,2027,0.47688423840000005
GLOBAL,S1D1,RNWHYDINDEA,1,2027,10.2547546063
GLOBAL,S1D1,RNWHYDINDNE,1,2027,9.098777818
GLOBAL,S1D1,RNWHYDINDNO,1,2027,57.17453797100001
GLOBAL,S1D1,RNWHYDINDSO,1,2027,6.2670999082
GLOBAL,S1D1,RNWHYDINDWE,1,2027,3.1114695011
GLOBAL,S1D1,RNWSPVINDEA,1,2027,159.314283576
GLOBAL,S1D1,RNWSPVINDNE,1,2027,0.25780375374000003
GLOBAL,S1D1,RNWSPVINDNO,1,2027,505.91997212
GLOBAL,S1D1,RNWSPVINDSO,1,2027,466.12639479
GLOBAL,S1D1,RNWSPVINDWE,1,2027,487.88995722
GLOBAL,S1D1,RNWWOFINDNE,1,2027,89.70598644
GLOBAL,S1D1,RNWWONINDEA,1,2027,0.0065585132994
GLOBAL,S1D1,RNWWONINDNO,1,2027,0.8985768636600001
GLOBAL,S1D1,RNWWONINDSO,1,2027,7.8656954532
GLOBAL,S1D1,RNWWONINDWE,1,2027,7.3680438881
GLOBAL,S1D1,TRNINDEAINDNE,2,2027,27.596743632000003
GLOBAL,S1D1,TRNINDEAINDNO,2,2027,49.588138557
GLOBAL,S1D1,TRNINDNEINDNO,1,2027,23.453323200000003
GLOBAL,S1D1,TRNINDNOINDWE,1,2027,54.409111832
GLOBAL,S1D1,TRNINDSOINDWE,2,2027,61.88646499400001
GLOBAL,S1D1,MINURNINT,1,2028,288.58849633000005
GLOBAL,S1D1,PWRCSPINDNO01,1,2028,1.8662454157300001
GLOBAL,S1D1,PWRCSPINDSO01,1,2028,0.47688423840000005
GLOBAL,S1D1,PWRHYDINDEA01,1,2028,4.0748103885
GLOBAL,S1D1,PWRHYDINDNE01,1,2028,5.168887042600001
GLOBAL,S1D1,PWRHYDINDNO01,1,2028,54.985561139
GLOBAL,S1D1,PWRHYDINDSO01,1,2028,6.2670999082
GLOBAL,S1D1,PWRHYDINDWE01,1,2028,2.9784059534
GLOBAL,S1D1,PWRSPVINDEA01,1,2028,159.314283576
GLOBAL,S1D1,PWRSPVINDNE01,1,2028,0.25780375374000003
GLOBAL,S1D1,PWRSPVINDNO01,1,2028,505.91997212
GLOBAL,S1D1,PWRSPVINDSO01,1,2028,515.69303298
GLOBAL,S1D1,PWRSPVINDWE01,1,2028,487.88995722
GLOBAL,S1D1,PWRTRNINDEA,1,2028,250.37761176
GLOBAL,S1D1,PWRTRNINDNE,1,2028,100.667965784
GLOBAL,S1D1,PWRTRNINDNO,1,2028,619.3907681100001
GLOBAL,S1D1,PWRTRNINDSO,1,2028,627.23499344
GLOBAL,S1D1,PWRTRNINDWE,1,2028,554.92330714
GLOBAL,S1D1,PWRURNINDNO01,2,2028,33.772785408000004
GLOBAL,S1D1,PWRURNINDSO01,2,2028,70.892446405
GLOBAL,S1D1,PWRURNINDWE01,2,2028,25.329589056000003
GLOBAL,S1D1,PWRWOFINDNE01,1,2028,95.241276128
GLOBAL,S1D1,PWRWONINDEA01,1,2028,0.0065585132994
GLOBAL,S1D1,PWRWONINDNO01,1,2028,0.8985768636600001
GLOBAL,S1D1,PWRWONINDSO01,1,2028,7.8656954532
GLOBAL,S1D1,PWRWONINDWE01,1,2028,7.3680438881
GLOBAL,S1D1,RNWCSPINDNO,1,2028,1.8662454157300001
GLOBAL,S1D1,RNWCSPINDSO,1,2028,0.47688423840000005
GLOBAL,S1D1,RNWHYDINDEA,1,2028,4.0748103885
GLOBAL,S1D1,RNWHYDINDNE,1,2028,5.168887042600001
GLOBAL,S1D1,RNWHYDINDNO,1,2028,54.985561139
GLOBAL,S1D1,RNWHYDINDSO,1,2028,6.2670999082
GLOBAL,S1D1,RNWHYDINDWE,1,2028,2.9784059534
GLOBAL,S1D1,RNWSPVINDEA,1,2028,159.314283576
GLOBAL,S1D1,RNWSPVINDNE,1,2028,0.25780375374000003
GLOBAL,S1D1,RNWSPVINDNO,1,2028,505.91997212
GLOBAL,S1D1,RNWSPVINDSO,1,2028,515.69303298
GLOBAL,S1D1,RNWSPVINDWE,1,2028,487.88995722
GLOBAL,S1D1,RNWWOFINDNE,1,2028,95.241276128
GLOBAL,S1D1,RNWWONINDEA,1,2028,0.0065585132994
GLOBAL,S1D1,RNWWONINDNO,1,2028,0.8985768636600001
GLOBAL,S1D1,RNWWONINDSO,1,2028,7.8656954532
GLOBAL,S1D1,RNWWONINDWE,1,2028,7.3680438881
GLOBAL,S1D1,TRNINDEAINDNE,2,2028,27.596743632000003
GLOBAL,S1D1,TRNINDEAINDNO,2,2028,64.02234908300001
GLOBAL,S1D1,TRNINDNEINDNO,1,2028,23.453323200000003
GLOBAL,S1D1,TRNINDNOINDWE,1,2028,33.130811173000005
GLOBAL,S1D1,TRNINDSOINDWE,2,2028,27.190817298
GLOBAL,S1D1,MINURNINT,1,2029,291.22461535
GLOBAL,S1D1,PWRCSPINDNO01,1,2029,1.8662454157300001
GLOBAL,S1D1,PWRCSPINDSO01,1,2029,0.47688423840000005
GLOBAL,S1D1,PWRHYDINDEA01,1,2029,4.0748103885
GLOBAL,S1D1,PWRHYDINDNE01,1,2029,4.9459780895000005
GLOBAL,S1D1,PWRHYDINDNO01,1,2029,51.30072100100001
GLOBAL,S1D1,PWRHYDINDSO01,1,2029,6.2670999082
GLOBAL,S1D1,PWRHYDINDWE01,1,2029,2.9784059534
GLOBAL,S1D1,PWRSPVINDEA01,1,2029,159.314283576
GLOBAL,S1D1,PWRSPVINDNE01,1,2029,0.25780375374000003
GLOBAL,S1D1,PWRSPVINDNO01,1,2029,505.91997212
GLOBAL,S1D1,PWRSPVINDSO01,1,2029,559.7709916399999
GLOBAL,S1D1,PWRSPVINDWE01,1,2029,501.34239946
GLOBAL,S1D1,PWRTRNINDEA,1,2029,257.86560479
GLOBAL,S1D1,PWRTRNINDNE,1,2029,102.29406583400001
GLOBAL,S1D1,PWRTRNINDNO,1,2029,615.70590814
GLOBAL,S1D1,PWRTRNINDSO,1,2029,647.05249129
GLOBAL,S1D1,PWRTRNINDWE,1,2029,543.48249903
GLOBAL,S1D1,PWRURNINDNO01,2,2029,33.772785408000004
GLOBAL,S1D1,PWRURNINDSO01,2,2029,72.079879968
GLOBAL,S1D1,PWRURNINDWE01,2,2029,25.329589056000003
GLOBAL,S1D1,PWRWOFINDNE01,1,2029,97.090285379
GLOBAL,S1D1,PWRWONINDEA01,1,2029,0.0065585132994
GLOBAL,S1D1,PWRWONINDNO01,1,2029,0.8985768636600001
GLOBAL,S1D1,PWRWONINDSO01,1,2029,8.4576375186
GLOBAL,S1D1,PWRWONINDWE01,1,2029,8.1613642958
GLOBAL,S1D1,RNWCSPINDNO,1,2029,1.8662454157300001
GLOBAL,S1D1,RNWCSPINDSO,1,2029,0.47688423840000005
GLOBAL,S1D1,RNWHYDINDEA,1,2029,4.0748103885
GLOBAL,S1D1,RNWHYDINDNE,1,2029,4.9459780895000005
GLOBAL,S1D1,RNWHYDINDNO,1,2029,51.30072100100001
GLOBAL,S1D1,RNWHYDINDSO,1,2029,6.2670999082
GLOBAL,S1D1,RNWHYDINDWE,1,2029,2.9784059534
GLOBAL,S1D1,RNWSPVINDEA,1,2029,159.314283576
GLOBAL,S1D1,RNWSPVINDNE,1,2029,0.25780375374000003
GLOBAL,S1D1,RNWSPVINDNO,1,2029,505.91997212
GLOBAL,S1D1,RNWSPVINDSO,1,2029,559.7709916399999
GLOBAL,S1D1,RNWSPVINDWE,1,2029,501.34239946
GLOBAL,S1D1,RNWWOFINDNE,1,2029,97.090285379
GLOBAL,S1D1,RNWWONINDEA,1,2029,0.0065585132994
GLOBAL,S1D1,RNWWONINDNO,1,2029,0.8985768636600001
GLOBAL,S1D1,RNWWONINDSO,1,2029,8.4576375186
GLOBAL,S1D1,RNWWONINDWE,1,2029,8.1613642958
GLOBAL,S1D1,TRNINDEAINDNE,2,2029,27.596743632000003
GLOBAL,S1D1,TRNINDEAINDNO,2,2029,71.977643529
GLOBAL,S1D1,TRNINDNEINDNO,1,2029,23.453323200000003
GLOBAL,S1D1,TRNINDNOINDWE,1,2029,5.9914757638
GLOBAL,S1D1,MINURNINT,1,2030,202.01973149100002
GLOBAL,S1D1,PWRCSPINDNO01,1,2030,1.8662454157300001
GLOBAL,S1D1,PWRCSPINDSO01,1,2030,0.47688423840000005
GLOBAL,S1D1,PWRHYDINDEA01,1,2030,4.0748103885
GLOBAL,S1D1,PWRHYDINDNE01,1,2030,4.7208623306
GLOBAL,S1D1,PWRHYDINDNO01,1,2030,66.86136681600001
GLOBAL,S1D1,PWRHYDINDSO01,1,2030,19.4527023403
GLOBAL,S1D1,PWRHYDINDWE01,1,2030,2.9784059534
GLOBAL,S1D1,PWRSPVINDEA01,1,2030,159.314283576
GLOBAL,S1D1,PWRSPVINDNE01,1,2030,0.25780375374000003
GLOBAL,S1D1,PWRSPVINDNO01,1,2030,505.91997212
GLOBAL,S1D1,PWRSPVINDSO01,1,2030,579.95664578
GLOBAL,S1D1,PWRSPVINDWE01,1,2030,512.67475132
GLOBAL,S1D1,PWRTRNINDEA,1,2030,265.29839049
GLOBAL,S1D1,PWRTRNINDNE,1,2030,135.20736458899998
GLOBAL,S1D1,PWRTRNINDNO,1,2030,634.0224954400001
GLOBAL,S1D1,PWRTRNINDSO,1,2030,667.01000306
GLOBAL,S1D1,PWRTRNINDWE,1,2030,559.23500705
GLOBAL,S1D1,PWRURNINDNO01,2,2030,20.149233415700003
GLOBAL,S1D1,PWRURNINDSO01,2,2030,57.231255012000005
GLOBAL,S1D1,PWRURNINDWE01,2,2030,13.6193892555
GLOBAL,S1D1,PWRWOFINDNE01,1,2030,130.228699645
GLOBAL,S1D1,PWRWONINDEA01,1,2030,0.0065585132994
GLOBAL,S1D1,PWRWONINDNO01,1,2030,2.6463228319
GLOBAL,S1D1,PWRWONINDSO01,1,2030,9.8925047817
GLOBAL,S1D1,PWRWONINDWE01,1,2030,13.785439616700002
GLOBAL,S1D1,RNWCSPINDNO,1,2030,1.8662454157300001
GLOBAL,S1D1,RNWCSPINDSO,1,2030,0.47688423840000005
GLOBAL,S1D1,RNWHYDINDEA,1,2030,4.0748103885
GLOBAL,S1D1,RNWHYDINDNE,1,2030,4.7208623306
GLOBAL,S1D1,RNWHYDINDNO,1,2030,66.86136681600001
GLOBAL,S1D1,RNWHYDINDSO,1,2030,19.4527023403
GLOBAL,S1D1,RNWHYDINDWE,1,2030,2.9784059534
GLOBAL,S1D1,RNWSPVINDEA,1,2030,159.314283576
GLOBAL,S1D1,RNWSPVINDNE,1,2030,0.25780375374000003
GLOBAL,S1D1,RNWSPVINDNO,1,2030,505.91997212
GLOBAL,S1D1,RNWSPVINDSO,1,2030,579.95664578
GLOBAL,S1D1,RNWSPVINDWE,1,2030,512.67475132
GLOBAL,S1D1,RNWWOFINDNE,1,2030,130.228699645
GLOBAL,S1D1,RNWWONINDEA,1,2030,0.0065585132994
GLOBAL,S1D1,RNWWONINDNO,1,2030,2.6463228319
GLOBAL,S1D1,RNWWONINDSO,1,2030,9.8925047817
GLOBAL,S1D1,RNWWONINDWE,1,2030,13.785439616700002
GLOBAL,S1D1,TRNINDEAINDNE,2,2030,43.232292432
GLOBAL,S1D1,TRNINDEAINDNO,2,2030,63.790570020000004
GLOBAL,S1D1,TRNINDNEINDNO,1,2030,39.088872
GLOBAL,S1D1,TRNINDNOINDWE,1,2030,17.0919357663
GLOBAL,S1D1,MINURNINT,1,2031,274.63232129
GLOBAL,S1D1,PWRCSPINDNO01,1,2031,1.8662454157300001
GLOBAL,S1D1,PWRCSPINDSO01,1,2031,0.47688423840000005
GLOBAL,S1D1,PWRHYDINDEA01,1,2031,4.0748103885
GLOBAL,S1D1,PWRHYDINDNE01,1,2031,9.098777818
GLOBAL,S1D1,PWRHYDINDNO01,1,2031,41.579096912000004
GLOBAL,S1D1,PWRHYDINDSO01,1,2031,6.2670999082
GLOBAL,S1D1,PWRHYDINDWE01,1,2031,6.545137607
GLOBAL,S1D1,PWRSPVINDEA01,1,2031,177.83149138800002
GLOBAL,S1D1,PWRSPVINDNE01,1,2031,0.25780375374000003
GLOBAL,S1D1,PWRSPVINDNO01,1,2031,505.91997212
GLOBAL,S1D1,PWRSPVINDSO01,1,2031,622.83630542
GLOBAL,S1D1,PWRSPVINDWE01,1,2031,557.5486673
GLOBAL,S1D1,PWRTRNINDEA,1,2031,281.82719736
GLOBAL,S1D1,PWRTRNINDNE,1,2031,169.91236307300002
GLOBAL,S1D1,PWRTRNINDNO,1,2031,632.4231437999999
GLOBAL,S1D1,PWRTRNINDSO,1,2031,709.4049934100001
GLOBAL,S1D1,PWRTRNINDWE,1,2031,594.2824893
GLOBAL,S1D1,PWRURNINDNO01,2,2031,30.948150833
GLOBAL,S1D1,PWRURNINDSO01,2,2031,69.93219831799999
GLOBAL,S1D1,PWRURNINDWE01,2,2031,22.827901248000003
GLOBAL,S1D1,PWRWOFINDNE01,1,2031,160.55578165
GLOBAL,S1D1,PWRWONINDEA01,1,2031,0.0065585132994
GLOBAL,S1D1,PWRWONINDNO01,1,2031,0.8985768636600001
GLOBAL,S1D1,PWRWONINDSO01,1,2031,9.8925047817
GLOBAL,S1D1,PWRWONINDWE01,1,2031,7.3607950442000005
GLOBAL,S1D1,RNWCSPINDNO,1,2031,1.8662454157300001
GLOBAL,S1D1,RNWCSPINDSO,1,2031,0.47688423840000005
GLOBAL,S1D1,RNWHYDINDEA,1,2031,4.0748103885
GLOBAL,S1D1,RNWHYDINDNE,1,2031,9.098777818
GLOBAL,S1D1,RNWHYDINDNO,1,2031,41.579096912000004
GLOBAL,S1D1,RNWHYDINDSO,1,2031,6.2670999082
GLOBAL,S1D1,RNWHYDINDWE,1,2031,6.545137607
GLOBAL,S1D1,RNWSPVINDEA,1,2031,177.83149138800002
GLOBAL,S1D1,RNWSPVINDNE,1,2031,0.25780375374000003
GLOBAL,S1D1,RNWSPVINDNO,1,2031,505.91997212
GLOBAL,S1D1,RNWSPVINDSO,1,2031,622.83630542
GLOBAL,S1D1,RNWSPVINDWE,1,2031,557.5486673
GLOBAL,S1D1,RNWWOFINDNE,1,2031,160.55578165
GLOBAL,S1D1,RNWWONINDEA,1,2031,0.0065585132994
GLOBAL,S1D1,RNWWONINDNO,1,2031,0.8985768636600001
GLOBAL,S1D1,RNWWONINDSO,1,2031,9.8925047817
GLOBAL,S1D1,RNWWONINDWE,1,2031,7.3607950442000005
GLOBAL,S1D1,TRNINDEAINDNE,2,2031,58.867841232
GLOBAL,S1D1,TRNINDEAINDNO,2,2031,45.594355523000004
GLOBAL,S1D1,TRNINDNEINDNO,1,2031,54.724420800000004
GLOBAL,S1D1,MINURNINT,1,2032,240.181816946
GLOBAL,S1D1,PWRCSPINDNO01,1,2032,1.8662454157300001
GLOBAL,S1D1,PWRCSPINDSO01,1,2032,0.47688423840000005
GLOBAL,S1D1,PWRHYDINDEA01,1,2032,4.0748103885
GLOBAL,S1D1,PWRHYDINDNE01,1,2032,9.098777818
GLOBAL,S1D1,PWRHYDINDNO01,1,2032,42.797123813999995
GLOBAL,S1D1,PWRHYDINDSO01,1,2032,19.4527023403
GLOBAL,S1D1,PWRHYDINDWE01,1,2032,2.9784059534
GLOBAL,S1D1,PWRSPVINDEA01,1,2032,191.485181327
GLOBAL,S1D1,PWRSPVINDNE01,1,2032,0.25780375374000003
GLOBAL,S1D1,PWRSPVINDNO01,1,2032,505.91997212
GLOBAL,S1D1,PWRSPVINDSO01,1,2032,666.34811006
GLOBAL,S1D1,PWRSPVINDWE01,1,2032,592.6419118900001
GLOBAL,S1D1,PWRTRNINDEA,1,2032,298.43520828000004
GLOBAL,S1D1,PWRTRNINDNE,1,2032,204.644960264
GLOBAL,S1D1,PWRTRNINDNO,1,2032,652.84531933
GLOBAL,S1D1,PWRTRNINDSO,1,2032,752.4249892400001
GLOBAL,S1D1,PWRTRNINDWE,1,2032,628.93000969
GLOBAL,S1D1,PWRURNINDNO01,2,2032,33.772785408000004
GLOBAL,S1D1,PWRURNINDSO01,2,2032,56.254791786000006
GLOBAL,S1D1,PWRURNINDWE01,2,2032,18.162430685
GLOBAL,S1D1,PWRWOFINDNE01,1,2032,195.28837884100002
GLOBAL,S1D1,PWRWONINDEA01,1,2032,0.0065585132994
GLOBAL,S1D1,PWRWONINDNO01,1,2032,2.6463228319
GLOBAL,S1D1,PWRWONINDSO01,1,2032,9.8925047817
GLOBAL,S1D1,PWRWONINDWE01,1,2032,15.1472586826
GLOBAL,S1D1,RNWCSPINDNO,1,2032,1.8662454157300001
GLOBAL,S1D1,RNWCSPINDSO,1,2032,0.47688423840000005
GLOBAL,S1D1,RNWHYDINDEA,1,2032,4.0748103885
GLOBAL,S1D1,RNWHYDINDNE,1,2032,9.098777818
GLOBAL,S1D1,RNWHYDINDNO,1,2032,42.797123813999995
GLOBAL,S1D1,RNWHYDINDSO,1,2032,19.4527023403
GLOBAL,S1D1,RNWHYDINDWE,1,2032,2.9784059534
GLOBAL,S1D1,RNWSPVINDEA,1,2032,191.485181327
GLOBAL,S1D1,RNWSPVINDNE,1,2032,0.25780375374000003
GLOBAL,S1D1,RNWSPVINDNO,1,2032,505.91997212
GLOBAL,S1D1,RNWSPVINDSO,1,2032,666.34811006
GLOBAL,S1D1,RNWSPVINDWE,1,2032,592.6419118900001
GLOBAL,S1D1,RNWWOFINDNE,1,2032,195.28837884100002
GLOBAL,S1D1,RNWWONINDEA,1,2032,0.0065585132994
GLOBAL,S1D1,RNWWONINDNO,1,2032,2.6463228319
GLOBAL,S1D1,RNWWONINDSO,1,2032,9.8925047817
GLOBAL,S1D1,RNWWONINDWE,1,2032,15.1472586826
GLOBAL,S1D1,TRNINDEAINDNE,2,2032,74.503390032
GLOBAL,S1D1,TRNINDEAINDNO,2,2032,32.649307566000004
GLOBAL,S1D1,TRNINDNEINDNO,1,2032,70.3599696
GLOBAL,S1D1,MINURNINT,1,2033,223.703284196
GLOBAL,S1D1,PWRCSPINDNO01,1,2033,1.8662454157300001
GLOBAL,S1D1,PWRCSPINDSO01,1,2033,0.47688423840000005
GLOBAL,S1D1,PWRHYDINDEA01,1,2033,10.2547546063
GLOBAL,S1D1,PWRHYDINDNE01,1,2033,9.098777818
GLOBAL,S1D1,PWRHYDINDNO01,1,2033,41.402041774
GLOBAL,S1D1,PWRHYDINDSO01,1,2033,19.4527023403
GLOBAL,S1D1,PWRHYDINDWE01,1,2033,5.7352220296
GLOBAL,S1D1,PWRSPVINDEA01,1,2033,218.016892021
GLOBAL,S1D1,PWRSPVINDNE01,1,2033,0.25780375374000003
GLOBAL,S1D1,PWRSPVINDNO01,1,2033,508.63090736000004
GLOBAL,S1D1,PWRSPVINDSO01,1,2033,709.83210032
GLOBAL,S1D1,PWRSPVINDWE01,1,2033,627.3846010899999
GLOBAL,S1D1,PWRTRNINDEA,1,2033,315.55919826
GLOBAL,S1D1,PWRTRNINDNE,1,2033,239.31545602600002
GLOBAL,S1D1,PWRTRNINDNO,1,2033,653.42158767
GLOBAL,S1D1,PWRTRNINDSO,1,2033,795.4174929600001
GLOBAL,S1D1,PWRTRNINDWE,1,2033,663.2800005
GLOBAL,S1D1,PWRURNINDNO01,2,2033,20.149233415700003
GLOBAL,S1D1,PWRURNINDSO01,2,2033,57.790110856000005
GLOBAL,S1D1,PWRURNINDWE01,2,2033,22.827901248000003
GLOBAL,S1D1,PWRWOFINDNE01,1,2033,229.958874603
GLOBAL,S1D1,PWRWONINDEA01,1,2033,0.0114264591622
GLOBAL,S1D1,PWRWONINDNO01,1,2033,0.8985768636600001
GLOBAL,S1D1,PWRWONINDSO01,1,2033,7.8656954532
GLOBAL,S1D1,PWRWONINDWE01,1,2033,7.3322828257
GLOBAL,S1D1,RNWCSPINDNO,1,2033,1.8662454157300001
GLOBAL,S1D1,RNWCSPINDSO,1,2033,0.47688423840000005
GLOBAL,S1D1,RNWHYDINDEA,1,2033,10.2547546063
GLOBAL,S1D1,RNWHYDINDNE,1,2033,9.098777818
GLOBAL,S1D1,RNWHYDINDNO,1,2033,41.402041774
GLOBAL,S1D1,RNWHYDINDSO,1,2033,19.4527023403
GLOBAL,S1D1,RNWHYDINDWE,1,2033,5.7352220296
GLOBAL,S1D1,RNWSPVINDEA,1,2033,218.016892021
GLOBAL,S1D1,RNWSPVINDNE,1,2033,0.25780375374000003
GLOBAL,S1D1,RNWSPVINDNO,1,2033,508.63090736000004
GLOBAL,S1D1,RNWSPVINDSO,1,2033,709.83210032
GLOBAL,S1D1,RNWSPVINDWE,1,2033,627.3846010899999
GLOBAL,S1D1,RNWWOFINDNE,1,2033,229.958874603
GLOBAL,S1D1,RNWWONINDEA,1,2033,0.0114264591622
GLOBAL,S1D1,RNWWONINDNO,1,2033,0.8985768636600001
GLOBAL,S1D1,RNWWONINDSO,1,2033,7.8656954532
GLOBAL,S1D1,RNWWONINDWE,1,2033,7.3322828257
GLOBAL,S1D1,TRNINDEAINDNE,2,2033,90.138938832
GLOBAL,S1D1,TRNINDNEINDNO,1,2033,85.99551840000001
GLOBAL,S1D1,MINURNINT,1,2034,205.991409282
GLOBAL,S1D1,PWRCSPINDNO01,1,2034,1.8662454157300001
GLOBAL,S1D1,PWRCSPINDSO01,1,2034,0.47688423840000005
GLOBAL,S1D1,PWRHYDINDEA01,1,2034,10.2547546063
GLOBAL,S1D1,PWRHYDINDNE01,1,2034,9.098777818
GLOBAL,S1D1,PWRHYDINDNO01,1,2034,41.402041774
GLOBAL,S1D1,PWRHYDINDSO01,1,2034,19.4527023403
GLOBAL,S1D1,PWRHYDINDWE01,1,2034,2.9784059534
GLOBAL,S1D1,PWRSPVINDEA01,1,2034,218.861928583
GLOBAL,S1D1,PWRSPVINDNE01,1,2034,0.25780375374000003
GLOBAL,S1D1,PWRSPVINDNO01,1,2034,527.62314611
GLOBAL,S1D1,PWRSPVINDSO01,1,2034,753.0859898
GLOBAL,S1D1,PWRSPVINDWE01,1,2034,663.16906525
GLOBAL,S1D1,PWRTRNINDEA,1,2034,331.5431953
GLOBAL,S1D1,PWRTRNINDNE,1,2034,273.95835556000003
GLOBAL,S1D1,PWRTRNINDNO,1,2034,687.0456033300001
GLOBAL,S1D1,PWRTRNINDSO,1,2034,838.18249885
GLOBAL,S1D1,PWRTRNINDWE,1,2034,698.65999102
GLOBAL,S1D1,PWRURNINDNO01,2,2034,20.149233415700003
GLOBAL,S1D1,PWRURNINDSO01,2,2034,55.27441174
GLOBAL,S1D1,PWRURNINDWE01,2,2034,17.3652772475
GLOBAL,S1D1,PWRWOFINDNE01,1,2034,264.60176670000004
GLOBAL,S1D1,PWRWONINDEA01,1,2034,0.0114264591622
GLOBAL,S1D1,PWRWONINDNO01,1,2034,0.8985768636600001
GLOBAL,S1D1,PWRWONINDSO01,1,2034,9.8925047817
GLOBAL,S1D1,PWRWONINDWE01,1,2034,15.1472586826
GLOBAL,S1D1,RNWCSPINDNO,1,2034,1.8662454157300001
GLOBAL,S1D1,RNWCSPINDSO,1,2034,0.47688423840000005
GLOBAL,S1D1,RNWHYDINDEA,1,2034,10.2547546063
GLOBAL,S1D1,RNWHYDINDNE,1,2034,9.098777818
GLOBAL,S1D1,RNWHYDINDNO,1,2034,41.402041774
GLOBAL,S1D1,RNWHYDINDSO,1,2034,19.4527023403
GLOBAL,S1D1,RNWHYDINDWE,1,2034,2.9784059534
GLOBAL,S1D1,RNWSPVINDEA,1,2034,218.861928583
GLOBAL,S1D1,RNWSPVINDNE,1,2034,0.25780375374000003
GLOBAL,S1D1,RNWSPVINDNO,1,2034,527.62314611
GLOBAL,S1D1,RNWSPVINDSO,1,2034,753.0859898
GLOBAL,S1D1,RNWSPVINDWE,1,2034,663.16906525
GLOBAL,S1D1,RNWWOFINDNE,1,2034,264.60176670000004
GLOBAL,S1D1,RNWWONINDEA,1,2034,0.0114264591622
GLOBAL,S1D1,RNWWONINDNO,1,2034,0.8985768636600001
GLOBAL,S1D1,RNWWONINDSO,1,2034,9.8925047817
GLOBAL,S1D1,RNWWONINDWE,1,2034,15.1472586826
GLOBAL,S1D1,TRNINDEAINDNE,2,2034,105.774487632
GLOBAL,S1D1,TRNINDNEINDNO,1,2034,101.6310672
GLOBAL,S1D1,MINURNINT,1,2035,211.923993426
GLOBAL,S1D1,PWRCSPINDNO01,1,2035,1.8662454157300001
GLOBAL,S1D1,PWRCSPINDSO01,1,2035,0.47688423840000005
GLOBAL,S1D1,PWRHYDINDEA01,1,2035,10.2547546063
GLOBAL,S1D1,PWRHYDINDNE01,1,2035,5.8417934959
GLOBAL,S1D1,PWRHYDINDNO01,1,2035,41.402041774
GLOBAL,S1D1,PWRHYDINDSO01,1,2035,19.4527023403
GLOBAL,S1D1,PWRHYDINDWE01,1,2035,9.2551075244
GLOBAL,S1D1,PWRSPVINDEA01,1,2035,220.206166333
GLOBAL,S1D1,PWRSPVINDNE01,1,2035,0.25780375374000003
GLOBAL,S1D1,PWRSPVINDNO01,1,2035,546.62701137
GLOBAL,S1D1,PWRSPVINDSO01,1,2035,796.58857256
GLOBAL,S1D1,PWRSPVINDWE01,1,2035,698.1620838700001
GLOBAL,S1D1,PWRTRNINDEA,1,2035,348.02638857000005
GLOBAL,S1D1,PWRTRNINDNE,1,2035,308.63116175000005
GLOBAL,S1D1,PWRTRNINDNO,1,2035,720.67680809
GLOBAL,S1D1,PWRTRNINDSO,1,2035,881.1699949900001
GLOBAL,S1D1,PWRTRNINDWE,1,2035,733.25750998
GLOBAL,S1D1,PWRURNINDNO01,2,2035,20.149233415700003
GLOBAL,S1D1,PWRURNINDSO01,2,2035,56.803991925
GLOBAL,S1D1,PWRURNINDWE01,2,2035,18.508033033000004
GLOBAL,S1D1,PWRWOFINDNE01,1,2035,302.53155746000004
GLOBAL,S1D1,PWRWONINDEA01,1,2035,0.0114264591622
GLOBAL,S1D1,PWRWONINDNO01,1,2035,0.89416176466
GLOBAL,S1D1,PWRWONINDSO01,1,2035,7.8478382246
GLOBAL,S1D1,PWRWONINDWE01,1,2035,7.3322828257
GLOBAL,S1D1,RNWCSPINDNO,1,2035,1.8662454157300001
GLOBAL,S1D1,RNWCSPINDSO,1,2035,0.47688423840000005
GLOBAL,S1D1,RNWHYDINDEA,1,2035,10.2547546063
GLOBAL,S1D1,RNWHYDINDNE,1,2035,5.8417934959
GLOBAL,S1D1,RNWHYDINDNO,1,2035,41.402041774
GLOBAL,S1D1,RNWHYDINDSO,1,2035,19.4527023403
GLOBAL,S1D1,RNWHYDINDWE,1,2035,9.2551075244
GLOBAL,S1D1,RNWSPVINDEA,1,2035,220.206166333
GLOBAL,S1D1,RNWSPVINDNE,1,2035,0.25780375374000003
GLOBAL,S1D1,RNWSPVINDNO,1,2035,546.62701137
GLOBAL,S1D1,RNWSPVINDSO,1,2035,796.58857256
GLOBAL,S1D1,RNWSPVINDWE,1,2035,698.1620838700001
GLOBAL,S1D1,RNWWOFINDNE,1,2035,302.53155746000004
GLOBAL,S1D1,RNWWONINDEA,1,2035,0.0114264591622
GLOBAL,S1D1,RNWWONINDNO,1,2035,0.89416176466
GLOBAL,S1D1,RNWWONINDSO,1,2035,7.8478382246
GLOBAL,S1D1,RNWWONINDWE,1,2035,7.3322828257
GLOBAL,S1D1,TRNINDEAINDNE,2,2035,121.410036432
GLOBAL,S1D1,TRNINDNEINDNO,1,2035,117.26661600000001
GLOBAL,S1D1,MINURNINT,1,2036,199.812045646
GLOBAL,S1D1,PWRCSPINDNO01,1,2036,1.8662454157300001
GLOBAL,S1D1,PWRCSPINDSO01,1,2036,0.47688423840000005
GLOBAL,S1D1,PWRHYDINDEA01,1,2036,10.2547546063
GLOBAL,S1D1,PWRHYDINDNE01,1,2036,6.1025334764000005
GLOBAL,S1D1,PWRHYDINDNO01,1,2036,41.402041774
GLOBAL,S1D1,PWRHYDINDSO01,1,2036,19.4527023403
GLOBAL,S1D1,PWRHYDINDWE01,1,2036,9.2551075244
GLOBAL,S1D1,PWRSPVINDEA01,1,2036,224.51440060100003
GLOBAL,S1D1,PWRSPVINDNE01,1,2036,0.25780375374000003
GLOBAL,S1D1,PWRSPVINDNO01,1,2036,571.43208369
GLOBAL,S1D1,PWRSPVINDSO01,1,2036,846.5078485
GLOBAL,S1D1,PWRSPVINDWE01,1,2036,739.88352992
GLOBAL,S1D1,PWRTRNINDEA,1,2036,367.47359819
GLOBAL,S1D1,PWRTRNINDNE,1,2036,343.77083801000003
GLOBAL,S1D1,PWRTRNINDNO,1,2036,760.11360774
GLOBAL,S1D1,PWRTRNINDSO,1,2036,930.5125067900001
GLOBAL,S1D1,PWRTRNINDWE,1,2036,774.43251006
GLOBAL,S1D1,PWRURNINDNO01,2,2036,20.149233415700003
GLOBAL,S1D1,PWRURNINDSO01,2,2036,56.236801683
GLOBAL,S1D1,PWRURNINDWE01,2,2036,13.6193892555
GLOBAL,S1D1,PWRWOFINDNE01,1,2036,337.41051729000003
GLOBAL,S1D1,PWRWONINDEA01,1,2036,0.0114264591622
GLOBAL,S1D1,PWRWONINDNO01,1,2036,0.89416176466
GLOBAL,S1D1,PWRWONINDSO01,1,2036,7.838271515700001
GLOBAL,S1D1,PWRWONINDWE01,1,2036,11.674479145800001
GLOBAL,S1D1,RNWCSPINDNO,1,2036,1.8662454157300001
GLOBAL,S1D1,RNWCSPINDSO,1,2036,0.47688423840000005
GLOBAL,S1D1,RNWHYDINDEA,1,2036,10.2547546063
GLOBAL,S1D1,RNWHYDINDNE,1,2036,6.1025334764000005
GLOBAL,S1D1,RNWHYDINDNO,1,2036,41.402041774
GLOBAL,S1D1,RNWHYDINDSO,1,2036,19.4527023403
GLOBAL,S1D1,RNWHYDINDWE,1,2036,9.2551075244
GLOBAL,S1D1,RNWSPVINDEA,1,2036,224.51440060100003
GLOBAL,S1D1,RNWSPVINDNE,1,2036,0.25780375374000003
GLOBAL,S1D1,RNWSPVINDNO,1,2036,571.43208369
GLOBAL,S1D1,RNWSPVINDSO,1,2036,846.5078485
GLOBAL,S1D1,RNWSPVINDWE,1,2036,739.88352992
GLOBAL,S1D1,RNWWOFINDNE,1,2036,337.41051729000003
GLOBAL,S1D1,RNWWONINDEA,1,2036,0.0114264591622
GLOBAL,S1D1,RNWWONINDNO,1,2036,0.89416176466
GLOBAL,S1D1,RNWWONINDSO,1,2036,7.838271515700001
GLOBAL,S1D1,RNWWONINDWE,1,2036,11.674479145800001
GLOBAL,S1D1,TRNINDEAINDNE,2,2036,137.045585232
GLOBAL,S1D1,TRNINDNEINDNO,1,2036,132.9021648
GLOBAL,S1D1,MINURNINT,1,2037,248.26795797
GLOBAL,S1D1,PWRCSPINDNO01,1,2037,1.8662454157300001
GLOBAL,S1D1,PWRCSPINDSO01,1,2037,0.47688423840000005
GLOBAL,S1D1,PWRHYDINDEA01,1,2037,10.2547546063
GLOBAL,S1D1,PWRHYDINDNE01,1,2037,6.360948154900001
GLOBAL,S1D1,PWRHYDINDNO01,1,2037,41.402041774
GLOBAL,S1D1,PWRHYDINDSO01,1,2037,6.2670999082
GLOBAL,S1D1,PWRHYDINDWE01,1,2037,2.9784059534
GLOBAL,S1D1,PWRSPVINDEA01,1,2037,228.940238629
GLOBAL,S1D1,PWRSPVINDNE01,1,2037,0.25780375374000003
GLOBAL,S1D1,PWRSPVINDNO01,1,2037,596.31318694
GLOBAL,S1D1,PWRSPVINDSO01,1,2037,896.1036397299999
GLOBAL,S1D1,PWRSPVINDWE01,1,2037,781.71382886
GLOBAL,S1D1,PWRTRNINDEA,1,2037,387.03841157
GLOBAL,S1D1,PWRTRNINDNE,1,2037,378.87605617
GLOBAL,S1D1,PWRTRNINDNO,1,2037,799.61280382
GLOBAL,S1D1,PWRTRNINDSO,1,2037,979.52000653
GLOBAL,S1D1,PWRTRNINDWE,1,2037,815.78998933
GLOBAL,S1D1,PWRURNINDNO01,2,2037,20.149233415700003
GLOBAL,S1D1,PWRURNINDSO01,2,2037,68.855278575
GLOBAL,S1D1,PWRURNINDWE01,2,2037,22.827901248000003
GLOBAL,S1D1,PWRWOFINDNE01,1,2037,372.25729970000003
GLOBAL,S1D1,PWRWONINDEA01,1,2037,0.0114264591622
GLOBAL,S1D1,PWRWONINDNO01,1,2037,0.88049600447
GLOBAL,S1D1,PWRWONINDSO01,1,2037,7.8170978809000005
GLOBAL,S1D1,PWRWONINDWE01,1,2037,8.2698693821
GLOBAL,S1D1,RNWCSPINDNO,1,2037,1.8662454157300001
GLOBAL,S1D1,RNWCSPINDSO,1,2037,0.47688423840000005
GLOBAL,S1D1,RNWHYDINDEA,1,2037,10.2547546063
GLOBAL,S1D1,RNWHYDINDNE,1,2037,6.360948154900001
GLOBAL,S1D1,RNWHYDINDNO,1,2037,41.402041774
GLOBAL,S1D1,RNWHYDINDSO,1,2037,6.2670999082
GLOBAL,S1D1,RNWHYDINDWE,1,2037,2.9784059534
GLOBAL,S1D1,RNWSPVINDEA,1,2037,228.940238629
GLOBAL,S1D1,RNWSPVINDNE,1,2037,0.25780375374000003
GLOBAL,S1D1,RNWSPVINDNO,1,2037,596.31318694
GLOBAL,S1D1,RNWSPVINDSO,1,2037,896.1036397299999
GLOBAL,S1D1,RNWSPVINDWE,1,2037,781.71382886
GLOBAL,S1D1,RNWWOFINDNE,1,2037,372.25729970000003
GLOBAL,S1D1,RNWWONINDEA,1,2037,0.0114264591622
GLOBAL,S1D1,RNWWONINDNO,1,2037,0.88049600447
GLOBAL,S1D1,RNWWONINDSO,1,2037,7.8170978809000005
GLOBAL,S1D1,RNWWONINDWE,1,2037,8.2698693821
GLOBAL,S1D1,TRNINDEAINDNE,2,2037,152.68113403200002
GLOBAL,S1D1,TRNINDNEINDNO,1,2037,148.5377136
GLOBAL,S1D1,MINURNINT,1,2038,226.452324145
GLOBAL,S1D1,PWRCSPINDNO01,1,2038,1.8662454157300001
GLOBAL,S1D1,PWRCSPINDSO01,1,2038,0.47688423840000005
GLOBAL,S1D1,PWRHYDINDEA01,1,2038,10.2547546063
GLOBAL,S1D1,PWRHYDINDNE01,1,2038,9.098777818
GLOBAL,S1D1,PWRHYDINDNO01,1,2038,41.402041774
GLOBAL,S1D1,PWRHYDINDSO01,1,2038,6.2670999082
GLOBAL,S1D1,PWRHYDINDWE01,1,2038,2.9784059534
GLOBAL,S1D1,PWRSPVINDEA01,1,2038,233.200474499
GLOBAL,S1D1,PWRSPVINDNE01,1,2038,0.25780375374000003
GLOBAL,S1D1,PWRSPVINDNO01,1,2038,621.01580219
GLOBAL,S1D1,PWRSPVINDSO01,1,2038,945.6815077900001
GLOBAL,S1D1,PWRSPVINDWE01,1,2038,823.9578729000001
GLOBAL,S1D1,PWRTRNINDEA,1,2038,406.43760296000005
GLOBAL,S1D1,PWRTRNINDNE,1,2038,413.96974697999997
GLOBAL,S1D1,PWRTRNINDNO,1,2038,838.94399807
GLOBAL,S1D1,PWRTRNINDSO,1,2038,1028.53749664
GLOBAL,S1D1,PWRTRNINDWE,1,2038,857.49249582
GLOBAL,S1D1,PWRURNINDNO01,2,2038,20.149233415700003
GLOBAL,S1D1,PWRURNINDSO01,2,2038,66.280623881
GLOBAL,S1D1,PWRURNINDWE01,2,2038,15.575694832400002
GLOBAL,S1D1,PWRWOFINDNE01,1,2038,404.61315812000004
GLOBAL,S1D1,PWRWONINDEA01,1,2038,0.0114264591622
GLOBAL,S1D1,PWRWONINDNO01,1,2038,0.87734234462
GLOBAL,S1D1,PWRWONINDSO01,1,2038,9.8313845409
GLOBAL,S1D1,PWRWONINDWE01,1,2038,14.980537504
GLOBAL,S1D1,RNWCSPINDNO,1,2038,1.8662454157300001
GLOBAL,S1D1,RNWCSPINDSO,1,2038,0.47688423840000005
GLOBAL,S1D1,RNWHYDINDEA,1,2038,10.2547546063
GLOBAL,S1D1,RNWHYDINDNE,1,2038,9.098777818
GLOBAL,S1D1,RNWHYDINDNO,1,2038,41.402041774
GLOBAL,S1D1,RNWHYDINDSO,1,2038,6.2670999082
GLOBAL,S1D1,RNWHYDINDWE,1,2038,2.9784059534
GLOBAL,S1D1,RNWSPVINDEA,1,2038,233.200474499
GLOBAL,S1D1,RNWSPVINDNE,1,2038,0.25780375374000003
GLOBAL,S1D1,RNWSPVINDNO,1,2038,621.01580219
GLOBAL,S1D1,RNWSPVINDSO,1,2038,945.6815077900001
GLOBAL,S1D1,RNWSPVINDWE,1,2038,823.9578729000001
GLOBAL,S1D1,RNWWOFINDNE,1,2038,404.61315812000004
GLOBAL,S1D1,RNWWONINDEA,1,2038,0.0114264591622
GLOBAL,S1D1,RNWWONINDNO,1,2038,0.87734234462
GLOBAL,S1D1,RNWWONINDSO,1,2038,9.8313845409
GLOBAL,S1D1,RNWWONINDWE,1,2038,14.980537504
GLOBAL,S1D1,TRNINDEAINDNE,2,2038,168.31668283200003
GLOBAL,S1D1,TRNINDNEINDNO,1,2038,164.1732624
GLOBAL,S1D1,MINURNINT,1,2039,245.63956599300002
GLOBAL,S1D1,PWRCSPINDNO01,1,2039,1.8662454157300001
GLOBAL,S1D1,PWRCSPINDSO01,1,2039,0.47688423840000005
GLOBAL,S1D1,PWRHYDINDEA01,1,2039,10.2547546063
GLOBAL,S1D1,PWRHYDINDNE01,1,2039,9.098777818
GLOBAL,S1D1,PWRHYDINDNO01,1,2039,41.402041774
GLOBAL,S1D1,PWRHYDINDSO01,1,2039,6.2670999082
GLOBAL,S1D1,PWRHYDINDWE01,1,2039,2.9784059534
GLOBAL,S1D1,PWRSPVINDEA01,1,2039,236.663910189
GLOBAL,S1D1,PWRSPVINDNE01,1,2039,0.25780375374000003
GLOBAL,S1D1,PWRSPVINDNO01,1,2039,646.14872226
GLOBAL,S1D1,PWRSPVINDSO01,1,2039,995.3219210200001
GLOBAL,S1D1,PWRSPVINDWE01,1,2039,866.58450101
GLOBAL,S1D1,PWRTRNINDEA,1,2039,425.03999417
GLOBAL,S1D1,PWRTRNINDNE,1,2039,449.1347338300001
GLOBAL,S1D1,PWRTRNINDNO,1,2039,878.67840167
GLOBAL,S1D1,PWRTRNINDSO,1,2039,1077.5375098000002
GLOBAL,S1D1,PWRTRNINDWE,1,2039,899.5450123200001
GLOBAL,S1D1,PWRURNINDNO01,2,2039,20.149233415700003
GLOBAL,S1D1,PWRURNINDSO01,2,2039,67.71507492
GLOBAL,S1D1,PWRURNINDWE01,2,2039,22.784144419
GLOBAL,S1D1,PWRWOFINDNE01,1,2039,439.77816976
GLOBAL,S1D1,PWRWONINDEA01,1,2039,0.0114264591622
GLOBAL,S1D1,PWRWONINDNO01,1,2039,0.84706743317
GLOBAL,S1D1,PWRWONINDSO01,1,2039,7.7565101293000005
GLOBAL,S1D1,PWRWONINDWE01,1,2039,7.1979371392
GLOBAL,S1D1,RNWCSPINDNO,1,2039,1.8662454157300001
GLOBAL,S1D1,RNWCSPINDSO,1,2039,0.47688423840000005
GLOBAL,S1D1,RNWHYDINDEA,1,2039,10.2547546063
GLOBAL,S1D1,RNWHYDINDNE,1,2039,9.098777818
GLOBAL,S1D1,RNWHYDINDNO,1,2039,41.402041774
GLOBAL,S1D1,RNWHYDINDSO,1,2039,6.2670999082
GLOBAL,S1D1,RNWHYDINDWE,1,2039,2.9784059534
GLOBAL,S1D1,RNWSPVINDEA,1,2039,236.663910189
GLOBAL,S1D1,RNWSPVINDNE,1,2039,0.25780375374000003
GLOBAL,S1D1,RNWSPVINDNO,1,2039,646.14872226
GLOBAL,S1D1,RNWSPVINDSO,1,2039,995.3219210200001
GLOBAL,S1D1,RNWSPVINDWE,1,2039,866.58450101
GLOBAL,S1D1,RNWWOFINDNE,1,2039,439.77816976
GLOBAL,S1D1,RNWWONINDEA,1,2039,0.0114264591622
GLOBAL,S1D1,RNWWONINDNO,1,2039,0.84706743317
GLOBAL,S1D1,RNWWONINDSO,1,2039,7.7565101293000005
GLOBAL,S1D1,RNWWONINDWE,1,2039,7.1979371392
GLOBAL,S1D1,TRNINDEAINDNE,2,2039,183.952231632
GLOBAL,S1D1,TRNINDNEINDNO,1,2039,179.8088112
GLOBAL,S1D1,MINURNINT,1,2040,243.174661587
GLOBAL,S1D1,PWRCSPINDNO01,1,2040,0.93443512765
GLOBAL,S1D1,PWRHYDINDEA01,1,2040,10.2547546063
GLOBAL,S1D1,PWRHYDINDNE01,1,2040,9.098777818
GLOBAL,S1D1,PWRHYDINDNO01,1,2040,41.402041774
GLOBAL,S1D1,PWRHYDINDSO01,1,2040,6.2670999082
GLOBAL,S1D1,PWRHYDINDWE01,1,2040,2.9784059534
GLOBAL,S1D1,PWRSPVINDEA01,1,2040,239.877747764
GLOBAL,S1D1,PWRSPVINDNE01,1,2040,0.25780375374000003
GLOBAL,S1D1,PWRSPVINDNO01,1,2040,671.9491130800001
GLOBAL,S1D1,PWRSPVINDSO01,1,2040,1044.96597838
GLOBAL,S1D1,PWRSPVINDWE01,1,2040,910.39105875
GLOBAL,S1D1,PWRTRNINDEA,1,2040,443.39279966
GLOBAL,S1D1,PWRTRNINDNE,1,2040,484.19163628
GLOBAL,S1D1,PWRTRNINDNO,1,2040,918.1680040200001
GLOBAL,S1D1,PWRTRNINDSO,1,2040,1126.06750456
GLOBAL,S1D1,PWRTRNINDWE,1,2040,942.70499728
GLOBAL,S1D1,PWRURNINDNO01,2,2040,20.149233415700003
GLOBAL,S1D1,PWRURNINDSO01,2,2040,67.163363554
GLOBAL,S1D1,PWRURNINDWE01,2,2040,22.2255392019
GLOBAL,S1D1,PWRWOFINDNE01,1,2040,474.83504741999997
GLOBAL,S1D1,PWRWONINDEA01,1,2040,0.0114264591622
GLOBAL,S1D1,PWRWONINDNO01,1,2040,0.83634503926
GLOBAL,S1D1,PWRWONINDSO01,1,2040,7.6710493312
GLOBAL,S1D1,PWRWONINDWE01,1,2040,7.1099842024
GLOBAL,S1D1,RNWCSPINDNO,1,2040,0.93443512765
GLOBAL,S1D1,RNWHYDINDEA,1,2040,10.2547546063
GLOBAL,S1D1,RNWHYDINDNE,1,2040,9.098777818
GLOBAL,S1D1,RNWHYDINDNO,1,2040,41.402041774
GLOBAL,S1D1,RNWHYDINDSO,1,2040,6.2670999082
GLOBAL,S1D1,RNWHYDINDWE,1,2040,2.9784059534
GLOBAL,S1D1,RNWSPVINDEA,1,2040,239.877747764
GLOBAL,S1D1,RNWSPVINDNE,1,2040,0.25780375374000003
GLOBAL,S1D1,RNWSPVINDNO,1,2040,671.9491130800001
GLOBAL,S1D1,RNWSPVINDSO,1,2040,1044.96597838
GLOBAL,S1D1,RNWSPVINDWE,1,2040,910.39105875
GLOBAL,S1D1,RNWWOFINDNE,1,2040,474.83504741999997
GLOBAL,S1D1,RNWWONINDEA,1,2040,0.0114264591622
GLOBAL,S1D1,RNWWONINDNO,1,2040,0.83634503926
GLOBAL,S1D1,RNWWONINDSO,1,2040,7.6710493312
GLOBAL,S1D1,RNWWONINDWE,1,2040,7.1099842024
GLOBAL,S1D1,TRNINDEAINDNE,2,2040,199.587780432
GLOBAL,S1D1,TRNINDNEINDNO,1,2040,195.44436
GLOBAL,S1D1,MINURNINT,1,2041,240.37638374000002
GLOBAL,S1D1,PWRCSPINDNO01,1,2041,0.93443512765
GLOBAL,S1D1,PWRHYDINDEA01,1,2041,10.2547546063
GLOBAL,S1D1,PWRHYDINDNE01,1,2041,9.098777818
GLOBAL,S1D1,PWRHYDINDNO01,1,2041,41.402041774
GLOBAL,S1D1,PWRHYDINDSO01,1,2041,6.2670999082
GLOBAL,S1D1,PWRHYDINDWE01,1,2041,2.9784059534
GLOBAL,S1D1,PWRSPVINDEA01,1,2041,245.86838265100002
GLOBAL,S1D1,PWRSPVINDNE01,1,2041,0.25780375374000003
GLOBAL,S1D1,PWRSPVINDNO01,1,2041,702.63707551
GLOBAL,S1D1,PWRSPVINDSO01,1,2041,1101.2778764099999
GLOBAL,S1D1,PWRSPVINDWE01,1,2041,960.07589566
GLOBAL,S1D1,PWRTRNINDEA,1,2041,464.52240742000004
GLOBAL,S1D1,PWRTRNINDNE,1,2041,519.77983801
GLOBAL,S1D1,PWRTRNINDNO,1,2041,963.46079663
GLOBAL,S1D1,PWRTRNINDSO,1,2041,1181.55999393
GLOBAL,S1D1,PWRTRNINDWE,1,2041,991.78250398
GLOBAL,S1D1,PWRURNINDNO01,2,2041,20.149233415700003
GLOBAL,S1D1,PWRURNINDSO01,2,2041,66.48363414900001
GLOBAL,S1D1,PWRURNINDWE01,2,2041,21.6447818887
GLOBAL,S1D1,PWRWOFINDNE01,1,2041,510.42324915
GLOBAL,S1D1,PWRWONINDEA01,1,2041,0.0114264591622
GLOBAL,S1D1,PWRWONINDNO01,1,2041,0.80943400686
GLOBAL,S1D1,PWRWONINDSO01,1,2041,7.5313785048
GLOBAL,S1D1,PWRWONINDWE01,1,2041,7.0834048602
GLOBAL,S1D1,RNWCSPINDNO,1,2041,0.93443512765
GLOBAL,S1D1,RNWHYDINDEA,1,2041,10.2547546063
GLOBAL,S1D1,RNWHYDINDNE,1,2041,9.098777818
GLOBAL,S1D1,RNWHYDINDNO,1,2041,41.402041774
GLOBAL,S1D1,RNWHYDINDSO,1,2041,6.2670999082
GLOBAL,S1D1,RNWHYDINDWE,1,2041,2.9784059534
GLOBAL,S1D1,RNWSPVINDEA,1,2041,245.86838265100002
GLOBAL,S1D1,RNWSPVINDNE,1,2041,0.25780375374000003
GLOBAL,S1D1,RNWSPVINDNO,1,2041,702.63707551
GLOBAL,S1D1,RNWSPVINDSO,1,2041,1101.2778764099999
GLOBAL,S1D1,RNWSPVINDWE,1,2041,960.07589566
GLOBAL,S1D1,RNWWOFINDNE,1,2041,510.42324915
GLOBAL,S1D1,RNWWONINDEA,1,2041,0.0114264591622
GLOBAL,S1D1,RNWWONINDNO,1,2041,0.80943400686
GLOBAL,S1D1,RNWWONINDSO,1,2041,7.5313785048
GLOBAL,S1D1,RNWWONINDWE,1,2041,7.0834048602
GLOBAL,S1D1,TRNINDEAINDNE,2,2041,215.223329232
GLOBAL,S1D1,TRNINDNEINDNO,1,2041,211.0799088
GLOBAL,S1D1,MINURNINT,1,2042,235.30925072300002
GLOBAL,S1D1,PWRCSPINDNO01,1,2042,0.91868621418
GLOBAL,S1D1,PWRHYDINDEA01,1,2042,10.2547546063
GLOBAL,S1D1,PWRHYDINDNE01,1,2042,9.098777818
GLOBAL,S1D1,PWRHYDINDNO01,1,2042,41.402041774
GLOBAL,S1D1,PWRHYDINDSO01,1,2042,6.2670999082
GLOBAL,S1D1,PWRHYDINDWE01,1,2042,2.9784059534
GLOBAL,S1D1,PWRSPVINDEA01,1,2042,252.25741267
GLOBAL,S1D1,PWRSPVINDNE01,1,2042,0.25780375374000003
GLOBAL,S1D1,PWRSPVINDNO01,1,2042,733.5380584100001
GLOBAL,S1D1,PWRSPVINDSO01,1,2042,1157.78283896
GLOBAL,S1D1,PWRSPVINDWE01,1,2042,1010.2231652300001
GLOBAL,S1D1,PWRTRNINDEA,1,2042,486.05039048000003
GLOBAL,S1D1,PWRTRNINDNE,1,2042,555.2714331100001
GLOBAL,S1D1,PWRTRNINDNO,1,2042,1008.03358848
GLOBAL,S1D1,PWRTRNINDSO,1,2042,1237.22499691
GLOBAL,S1D1,PWRTRNINDWE,1,2042,1041.13250236
GLOBAL,S1D1,PWRURNINDNO01,2,2042,19.2163986065
GLOBAL,S1D1,PWRURNINDSO01,2,2042,65.797380016
GLOBAL,S1D1,PWRURNINDWE01,2,2042,20.9813796735
GLOBAL,S1D1,PWRWOFINDNE01,1,2042,545.91484425
GLOBAL,S1D1,PWRWONINDEA01,1,2042,0.0114264591622
GLOBAL,S1D1,PWRWONINDNO01,1,2042,0.79808090577
GLOBAL,S1D1,PWRWONINDSO01,1,2042,7.3776770342
GLOBAL,S1D1,PWRWONINDWE01,1,2042,6.9495423308
GLOBAL,S1D1,RNWCSPINDNO,1,2042,0.91868621418
GLOBAL,S1D1,RNWHYDINDEA,1,2042,10.2547546063
GLOBAL,S1D1,RNWHYDINDNE,1,2042,9.098777818
GLOBAL,S1D1,RNWHYDINDNO,1,2042,41.402041774
GLOBAL,S1D1,RNWHYDINDSO,1,2042,6.2670999082
GLOBAL,S1D1,RNWHYDINDWE,1,2042,2.9784059534
GLOBAL,S1D1,RNWSPVINDEA,1,2042,252.25741267
GLOBAL,S1D1,RNWSPVINDNE,1,2042,0.25780375374000003
GLOBAL,S1D1,RNWSPVINDNO,1,2042,733.5380584100001
GLOBAL,S1D1,RNWSPVINDSO,1,2042,1157.78283896
GLOBAL,S1D1,RNWSPVINDWE,1,2042,1010.2231652300001
GLOBAL,S1D1,RNWWOFINDNE,1,2042,545.91484425
GLOBAL,S1D1,RNWWONINDEA,1,2042,0.0114264591622
GLOBAL,S1D1,RNWWONINDNO,1,2042,0.79808090577
GLOBAL,S1D1,RNWWONINDSO,1,2042,7.3776770342
GLOBAL,S1D1,RNWWONINDWE,1,2042,6.9495423308
GLOBAL,S1D1,TRNINDEAINDNE,2,2042,230.858878032
GLOBAL,S1D1,TRNINDNEINDNO,1,2042,226.7154576
GLOBAL,S1D1,MINURNINT,1,2043,231.98578433100002
GLOBAL,S1D1,PWRCSPINDNO01,1,2043,0.91868621418
GLOBAL,S1D1,PWRHYDINDEA01,1,2043,10.2547546063
GLOBAL,S1D1,PWRHYDINDNE01,1,2043,9.098777818
GLOBAL,S1D1,PWRHYDINDNO01,1,2043,41.402041774
GLOBAL,S1D1,PWRHYDINDSO01,1,2043,6.2670999082
GLOBAL,S1D1,PWRHYDINDWE01,1,2043,2.9784059534
GLOBAL,S1D1,PWRSPVINDEA01,1,2043,258.65605873
GLOBAL,S1D1,PWRSPVINDNE01,1,2043,0.25780375374000003
GLOBAL,S1D1,PWRSPVINDNO01,1,2043,763.20241695
GLOBAL,S1D1,PWRSPVINDSO01,1,2043,1214.06290663
GLOBAL,S1D1,PWRSPVINDWE01,1,2043,1061.0922700200001
GLOBAL,S1D1,PWRTRNINDEA,1,2043,507.58799206000003
GLOBAL,S1D1,PWRTRNINDNE,1,2043,590.95624147
GLOBAL,S1D1,PWRTRNINDNO,1,2043,1052.2704014600001
GLOBAL,S1D1,PWRTRNINDSO,1,2043,1292.59750268
GLOBAL,S1D1,PWRTRNINDWE,1,2043,1090.89751013
GLOBAL,S1D1,PWRURNINDNO01,2,2043,19.2163986065
GLOBAL,S1D1,PWRURNINDSO01,2,2043,65.097079869
GLOBAL,S1D1,PWRURNINDWE01,2,2043,20.1846241155
GLOBAL,S1D1,PWRWOFINDNE01,1,2043,581.59965261
GLOBAL,S1D1,PWRWONINDEA01,1,2043,0.0114264591622
GLOBAL,S1D1,PWRWONINDNO01,1,2043,0.73879247244
GLOBAL,S1D1,PWRWONINDSO01,1,2043,7.170403134100001
GLOBAL,S1D1,PWRWONINDWE01,1,2043,6.6421902091
GLOBAL,S1D1,RNWCSPINDNO,1,2043,0.91868621418
GLOBAL,S1D1,RNWHYDINDEA,1,2043,10.2547546063
GLOBAL,S1D1,RNWHYDINDNE,1,2043,9.098777818
GLOBAL,S1D1,RNWHYDINDNO,1,2043,41.402041774
GLOBAL,S1D1,RNWHYDINDSO,1,2043,6.2670999082
GLOBAL,S1D1,RNWHYDINDWE,1,2043,2.9784059534
GLOBAL,S1D1,RNWSPVINDEA,1,2043,258.65605873
GLOBAL,S1D1,RNWSPVINDNE,1,2043,0.25780375374000003
GLOBAL,S1D1,RNWSPVINDNO,1,2043,763.20241695
GLOBAL,S1D1,RNWSPVINDSO,1,2043,1214.06290663
GLOBAL,S1D1,RNWSPVINDWE,1,2043,1061.0922700200001
GLOBAL,S1D1,RNWWOFINDNE,1,2043,581.59965261
GLOBAL,S1D1,RNWWONINDEA,1,2043,0.0114264591622
GLOBAL,S1D1,RNWWONINDNO,1,2043,0.73879247244
GLOBAL,S1D1,RNWWONINDSO,1,2043,7.170403134100001
GLOBAL,S1D1,RNWWONINDWE,1,2043,6.6421902091
GLOBAL,S1D1,TRNINDEAINDNE,2,2043,246.494426832
GLOBAL,S1D1,TRNINDNEINDNO,1,2043,242.35100640000002
GLOBAL,S1D1,MINURNINT,1,2044,222.371064638
GLOBAL,S1D1,PWRCSPINDNO01,1,2044,0.6562044387
GLOBAL,S1D1,PWRHYDINDEA01,1,2044,10.2547546063
GLOBAL,S1D1,PWRHYDINDNE01,1,2044,9.098777818
GLOBAL,S1D1,PWRHYDINDNO01,1,2044,41.402041774
GLOBAL,S1D1,PWRHYDINDSO01,1,2044,6.2670999082
GLOBAL,S1D1,PWRHYDINDWE01,1,2044,2.9784059534
GLOBAL,S1D1,PWRSPVINDEA01,1,2044,264.41869255
GLOBAL,S1D1,PWRSPVINDNE01,1,2044,0.25780375374000003
GLOBAL,S1D1,PWRSPVINDNO01,1,2044,792.49542129
GLOBAL,S1D1,PWRSPVINDSO01,1,2044,1275.32985465
GLOBAL,S1D1,PWRSPVINDWE01,1,2044,1117.13827051
GLOBAL,S1D1,PWRTRNINDEA,1,2044,528.48960619
GLOBAL,S1D1,PWRTRNINDNE,1,2044,626.7307400500001
GLOBAL,S1D1,PWRTRNINDNO,1,2044,1095.56159989
GLOBAL,S1D1,PWRTRNINDSO,1,2044,1348.30249193
GLOBAL,S1D1,PWRTRNINDWE,1,2044,1141.8874909600002
GLOBAL,S1D1,PWRURNINDNO01,2,2044,19.2163986065
GLOBAL,S1D1,PWRURNINDSO01,2,2044,63.253313702999996
GLOBAL,S1D1,PWRURNINDWE01,2,2044,17.6974344911
GLOBAL,S1D1,PWRWOFINDNE01,1,2044,617.37415119
GLOBAL,S1D1,PWRWONINDEA01,1,2044,0.0114264591622
GLOBAL,S1D1,PWRWONINDNO01,1,2044,0.36771430909
GLOBAL,S1D1,PWRWONINDSO01,1,2044,3.4522273873
GLOBAL,S1D1,PWRWONINDWE01,1,2044,4.073382980300001
GLOBAL,S1D1,RNWCSPINDNO,1,2044,0.6562044387
GLOBAL,S1D1,RNWHYDINDEA,1,2044,10.2547546063
GLOBAL,S1D1,RNWHYDINDNE,1,2044,9.098777818
GLOBAL,S1D1,RNWHYDINDNO,1,2044,41.402041774
GLOBAL,S1D1,RNWHYDINDSO,1,2044,6.2670999082
GLOBAL,S1D1,RNWHYDINDWE,1,2044,2.9784059534
GLOBAL,S1D1,RNWSPVINDEA,1,2044,264.41869255
GLOBAL,S1D1,RNWSPVINDNE,1,2044,0.25780375374000003
GLOBAL,S1D1,RNWSPVINDNO,1,2044,792.49542129
GLOBAL,S1D1,RNWSPVINDSO,1,2044,1275.32985465
GLOBAL,S1D1,RNWSPVINDWE,1,2044,1117.13827051
GLOBAL,S1D1,RNWWOFINDNE,1,2044,617.37415119
GLOBAL,S1D1,RNWWONINDEA,1,2044,0.0114264591622
GLOBAL,S1D1,RNWWONINDNO,1,2044,0.36771430909
GLOBAL,S1D1,RNWWONINDSO,1,2044,3.4522273873
GLOBAL,S1D1,RNWWONINDWE,1,2044,4.073382980300001
GLOBAL,S1D1,TRNINDEAINDNE,2,2044,262.12998059
GLOBAL,S1D1,TRNINDNEINDNO,1,2044,257.98655520000005
GLOBAL,S1D1,MINURNINT,1,2045,186.528549735
GLOBAL,S1D1,PWRHYDINDEA01,1,2045,10.2547546063
GLOBAL,S1D1,PWRHYDINDNE01,1,2045,9.098777818
GLOBAL,S1D1,PWRHYDINDNO01,1,2045,41.402041774
GLOBAL,S1D1,PWRHYDINDSO01,1,2045,6.2670999082
GLOBAL,S1D1,PWRHYDINDWE01,1,2045,9.2551075244
GLOBAL,S1D1,PWRSPVINDEA01,1,2045,270.34692357
GLOBAL,S1D1,PWRSPVINDNE01,1,2045,0.25780375374000003
GLOBAL,S1D1,PWRSPVINDNO01,1,2045,821.76447849
GLOBAL,S1D1,PWRSPVINDSO01,1,2045,1279.81729087
GLOBAL,S1D1,PWRSPVINDWE01,1,2045,1230.06705794
GLOBAL,S1D1,PWRTRNINDEA,1,2045,549.55679273
GLOBAL,S1D1,PWRTRNINDNE,1,2045,662.4063265300001
GLOBAL,S1D1,PWRTRNINDNO,1,2045,1138.78559263
GLOBAL,S1D1,PWRTRNINDSO,1,2045,1403.9674949100001
GLOBAL,S1D1,PWRTRNINDWE,1,2045,1270.1387047
GLOBAL,S1D1,PWRURNINDNO01,2,2045,19.2163986065
GLOBAL,S1D1,PWRURNINDSO01,2,2045,41.977568893000004
GLOBAL,S1D1,PWRURNINDWE01,2,2045,22.827901248000003
GLOBAL,S1D1,PWRWOFINDNE01,1,2045,653.04973767
GLOBAL,S1D1,PWRWONINDEA01,1,2045,0.0114264591622
GLOBAL,S1D1,PWRWONINDNO01,1,2045,0.34711052202000003
GLOBAL,S1D1,PWRWONINDSO01,1,2045,1.95070660666
GLOBAL,S1D1,PWRWONINDWE01,1,2045,7.9886350128
GLOBAL,S1D1,RNWHYDINDEA,1,2045,10.2547546063
GLOBAL,S1D1,RNWHYDINDNE,1,2045,9.098777818
GLOBAL,S1D1,RNWHYDINDNO,1,2045,41.402041774
GLOBAL,S1D1,RNWHYDINDSO,1,2045,6.2670999082
GLOBAL,S1D1,RNWHYDINDWE,1,2045,9.2551075244
GLOBAL,S1D1,RNWSPVINDEA,1,2045,270.34692357
GLOBAL,S1D1,RNWSPVINDNE,1,2045,0.25780375374000003
GLOBAL,S1D1,RNWSPVINDNO,1,2045,821.76447849
GLOBAL,S1D1,RNWSPVINDSO,1,2045,1279.81729087
GLOBAL,S1D1,RNWSPVINDWE,1,2045,1230.06705794
GLOBAL,S1D1,RNWWOFINDNE,1,2045,653.04973767
GLOBAL,S1D1,RNWWONINDEA,1,2045,0.0114264591622
GLOBAL,S1D1,RNWWONINDNO,1,2045,0.34711052202000003
GLOBAL,S1D1,RNWWONINDSO,1,2045,1.95070660666
GLOBAL,S1D1,RNWWONINDWE,1,2045,7.9886350128
GLOBAL,S1D1,TRNINDEAINDNE,2,2045,277.76552939
GLOBAL,S1D1,TRNINDNEINDNO,1,2045,273.62210400000004
GLOBAL,S1D1,TRNINDSOINDWE,2,2045,77.22371076600001
GLOBAL,S1D1,MINURNINT,1,2046,186.528549735
GLOBAL,S1D1,PWRHYDINDEA01,1,2046,10.2547546063
GLOBAL,S1D1,PWRHYDINDNE01,1,2046,9.098777818
GLOBAL,S1D1,PWRHYDINDNO01,1,2046,41.402041774
GLOBAL,S1D1,PWRHYDINDSO01,1,2046,8.9130439489
GLOBAL,S1D1,PWRHYDINDWE01,1,2046,9.2551075244
GLOBAL,S1D1,PWRSPVINDEA01,1,2046,281.85275585
GLOBAL,S1D1,PWRSPVINDNE01,1,2046,0.25780375374000003
GLOBAL,S1D1,PWRSPVINDNO01,1,2046,909.29271301
GLOBAL,S1D1,PWRSPVINDSO01,1,2046,1293.59710985
GLOBAL,S1D1,PWRSPVINDWE01,1,2046,1327.07097248
GLOBAL,S1D1,PWRTRNINDEA,1,2046,576.2016053200001
GLOBAL,S1D1,PWRTRNINDNE,1,2046,647.35654064
GLOBAL,S1D1,PWRTRNINDNO,1,2046,1192.3943890599999
GLOBAL,S1D1,PWRTRNINDSO,1,2046,1470.33501022
GLOBAL,S1D1,PWRTRNINDWE,1,2046,1364.59487657
GLOBAL,S1D1,PWRURNINDNO01,2,2046,19.2163986065
GLOBAL,S1D1,PWRURNINDSO01,2,2046,41.977568893000004
GLOBAL,S1D1,PWRURNINDWE01,2,2046,22.827901248000003
GLOBAL,S1D1,PWRWOFINDNE01,1,2046,637.9999765700001
GLOBAL,S1D1,PWRWONINDEA01,1,2046,0.0114264591622
GLOBAL,S1D1,PWRWONINDNO01,1,2046,0.127827498102
GLOBAL,S1D1,PWRWONINDSO01,1,2046,2.8610183622
GLOBAL,S1D1,PWRWONINDWE01,1,2046,5.440897300800001
GLOBAL,S1D1,RNWHYDINDEA,1,2046,10.2547546063
GLOBAL,S1D1,RNWHYDINDNE,1,2046,9.098777818
GLOBAL,S1D1,RNWHYDINDNO,1,2046,41.402041774
GLOBAL,S1D1,RNWHYDINDSO,1,2046,8.9130439489
GLOBAL,S1D1,RNWHYDINDWE,1,2046,9.2551075244
GLOBAL,S1D1,RNWSPVINDEA,1,2046,281.85275585
GLOBAL,S1D1,RNWSPVINDNE,1,2046,0.25780375374000003
GLOBAL,S1D1,RNWSPVINDNO,1,2046,909.29271301
GLOBAL,S1D1,RNWSPVINDSO,1,2046,1293.59710985
GLOBAL,S1D1,RNWSPVINDWE,1,2046,1327.07097248
GLOBAL,S1D1,RNWWOFINDNE,1,2046,637.9999765700001
GLOBAL,S1D1,RNWWONINDEA,1,2046,0.0114264591622
GLOBAL,S1D1,RNWWONINDNO,1,2046,0.127827498102
GLOBAL,S1D1,RNWWONINDSO,1,2046,2.8610183622
GLOBAL,S1D1,RNWWONINDWE,1,2046,5.440897300800001
GLOBAL,S1D1,TRNINDEAINDNE,2,2046,293.40107819
GLOBAL,S1D1,TRNINDNEINDNO,1,2046,237.609973438
GLOBAL,S1D1,TRNINDSOINDWE,2,2046,128.422373816
GLOBAL,S1D1,MINURNINT,1,2047,184.25056688700002
GLOBAL,S1D1,PWRHYDINDEA01,1,2047,10.2547546063
GLOBAL,S1D1,PWRHYDINDNE01,1,2047,9.098777818
GLOBAL,S1D1,PWRHYDINDNO01,1,2047,41.402041774
GLOBAL,S1D1,PWRHYDINDSO01,1,2047,6.6102150755
GLOBAL,S1D1,PWRHYDINDWE01,1,2047,9.2551075244
GLOBAL,S1D1,PWRSPVINDEA01,1,2047,291.03298865
GLOBAL,S1D1,PWRSPVINDNE01,1,2047,0.25780375374000003
GLOBAL,S1D1,PWRSPVINDNO01,1,2047,970.9178765300001
GLOBAL,S1D1,PWRSPVINDSO01,1,2047,1293.59710985
GLOBAL,S1D1,PWRSPVINDWE01,1,2047,1450.37868837
GLOBAL,S1D1,PWRTRNINDEA,1,2047,600.52079364
GLOBAL,S1D1,PWRTRNINDNE,1,2047,655.5672613300001
GLOBAL,S1D1,PWRTRNINDNO,1,2047,1242.38639886
GLOBAL,S1D1,PWRTRNINDSO,1,2047,1533.0799876199999
GLOBAL,S1D1,PWRTRNINDWE,1,2047,1487.06099675
GLOBAL,S1D1,PWRURNINDNO01,2,2047,19.2163986065
GLOBAL,S1D1,PWRURNINDSO01,2,2047,40.951451297000006
GLOBAL,S1D1,PWRURNINDWE01,2,2047,22.827901248000003
GLOBAL,S1D1,PWRWOFINDNE01,1,2047,646.21069726
GLOBAL,S1D1,PWRWONINDEA01,1,2047,0.0114264591622
GLOBAL,S1D1,PWRWONINDNO01,1,2047,0.083256067223
GLOBAL,S1D1,PWRWONINDSO01,1,2047,2.8498742656
GLOBAL,S1D1,PWRWONINDWE01,1,2047,4.5993053093
GLOBAL,S1D1,RNWHYDINDEA,1,2047,10.2547546063
GLOBAL,S1D1,RNWHYDINDNE,1,2047,9.098777818
GLOBAL,S1D1,RNWHYDINDNO,1,2047,41.402041774
GLOBAL,S1D1,RNWHYDINDSO,1,2047,6.6102150755
GLOBAL,S1D1,RNWHYDINDWE,1,2047,9.2551075244
GLOBAL,S1D1,RNWSPVINDEA,1,2047,291.03298865
GLOBAL,S1D1,RNWSPVINDNE,1,2047,0.25780375374000003
GLOBAL,S1D1,RNWSPVINDNO,1,2047,970.9178765300001
GLOBAL,S1D1,RNWSPVINDSO,1,2047,1293.59710985
GLOBAL,S1D1,RNWSPVINDWE,1,2047,1450.37868837
GLOBAL,S1D1,RNWWOFINDNE,1,2047,646.21069726
GLOBAL,S1D1,RNWWONINDEA,1,2047,0.0114264591622
GLOBAL,S1D1,RNWWONINDNO,1,2047,0.083256067223
GLOBAL,S1D1,RNWWONINDSO,1,2047,2.8498742656
GLOBAL,S1D1,RNWWONINDWE,1,2047,4.5993053093
GLOBAL,S1D1,TRNINDEAINDNE,2,2047,309.03662699
GLOBAL,S1D1,TRNINDNEINDNO,1,2047,225.226352048
GLOBAL,S1D1,TRNINDSOINDWE,2,2047,197.428494583
GLOBAL,S1D1,MINURNINT,1,2048,206.459451919
GLOBAL,S1D1,PWRHYDINDEA01,1,2048,10.2547546063
GLOBAL,S1D1,PWRHYDINDNE01,1,2048,9.098777818
GLOBAL,S1D1,PWRHYDINDNO01,1,2048,41.402041774
GLOBAL,S1D1,PWRHYDINDSO01,1,2048,6.2670999082
GLOBAL,S1D1,PWRHYDINDWE01,1,2048,2.9784059534
GLOBAL,S1D1,PWRSPVINDEA01,1,2048,309.40297361
GLOBAL,S1D1,PWRSPVINDNE01,1,2048,0.25780375374000003
GLOBAL,S1D1,PWRSPVINDNO01,1,2048,991.03406909
GLOBAL,S1D1,PWRSPVINDSO01,1,2048,1293.59710985
GLOBAL,S1D1,PWRSPVINDWE01,1,2048,1560.17610216
GLOBAL,S1D1,PWRTRNINDEA,1,2048,634.0297589099999
GLOBAL,S1D1,PWRTRNINDNE,1,2048,708.09013181
GLOBAL,S1D1,PWRTRNINDNO,1,2048,1292.35919641
GLOBAL,S1D1,PWRTRNINDSO,1,2048,1595.75500764
GLOBAL,S1D1,PWRTRNINDWE,1,2048,1578.6838699400002
GLOBAL,S1D1,PWRURNINDNO01,2,2048,19.2163986065
GLOBAL,S1D1,PWRURNINDSO01,2,2048,60.06475697
GLOBAL,S1D1,PWRURNINDWE01,2,2048,13.7185973481
GLOBAL,S1D1,PWRWOFINDNE01,1,2048,698.73354295
GLOBAL,S1D1,PWRWONINDEA01,1,2048,0.0114264591622
GLOBAL,S1D1,PWRWONINDNO01,1,2048,0.052560647961000004
GLOBAL,S1D1,PWRWONINDSO01,1,2048,1.73727457308
GLOBAL,S1D1,PWRWONINDWE01,1,2048,1.8107683457400001
GLOBAL,S1D1,RNWHYDINDEA,1,2048,10.2547546063
GLOBAL,S1D1,RNWHYDINDNE,1,2048,9.098777818
GLOBAL,S1D1,RNWHYDINDNO,1,2048,41.402041774
GLOBAL,S1D1,RNWHYDINDSO,1,2048,6.2670999082
GLOBAL,S1D1,RNWHYDINDWE,1,2048,2.9784059534
GLOBAL,S1D1,RNWSPVINDEA,1,2048,309.40297361
GLOBAL,S1D1,RNWSPVINDNE,1,2048,0.25780375374000003
GLOBAL,S1D1,RNWSPVINDNO,1,2048,991.03406909
GLOBAL,S1D1,RNWSPVINDSO,1,2048,1293.59710985
GLOBAL,S1D1,RNWSPVINDWE,1,2048,1560.17610216
GLOBAL,S1D1,RNWWOFINDNE,1,2048,698.73354295
GLOBAL,S1D1,RNWWONINDEA,1,2048,0.0114264591622
GLOBAL,S1D1,RNWWONINDNO,1,2048,0.052560647961000004
GLOBAL,S1D1,RNWWONINDSO,1,2048,1.73727457308
GLOBAL,S1D1,RNWWONINDWE,1,2048,1.8107683457400001
GLOBAL,S1D1,TRNINDEAINDNE,2,2048,324.67217579000004
GLOBAL,S1D1,TRNINDEAINDSO,1,2048,9.2041469693
GLOBAL,S1D1,TRNINDNEINDNO,1,2048,257.16407258000004
GLOBAL,S1D1,TRNINDSOINDWE,2,2048,235.471364928
GLOBAL,S1D1,MINURNINT,1,2049,169.910201385
GLOBAL,S1D1,PWRHYDINDEA01,1,2049,10.2547546063
GLOBAL,S1D1,PWRHYDINDNE01,1,2049,9.098777818
GLOBAL,S1D1,PWRHYDINDNO01,1,2049,41.402041774
GLOBAL,S1D1,PWRHYDINDSO01,1,2049,22.3252604475
GLOBAL,S1D1,PWRHYDINDWE01,1,2049,2.9784059534
GLOBAL,S1D1,PWRSPVINDEA01,1,2049,370.57544694
GLOBAL,S1D1,PWRSPVINDNE01,1,2049,0.25780375374000003
GLOBAL,S1D1,PWRSPVINDNO01,1,2049,1032.80740061
GLOBAL,S1D1,PWRSPVINDSO01,1,2049,1293.59710985
GLOBAL,S1D1,PWRSPVINDWE01,1,2049,1629.8916061300001
GLOBAL,S1D1,PWRTRNINDEA,1,2049,710.34116297
GLOBAL,S1D1,PWRTRNINDNE,1,2049,737.43886407
GLOBAL,S1D1,PWRTRNINDNO,1,2049,1342.34639695
GLOBAL,S1D1,PWRTRNINDSO,1,2049,1658.3300000100003
GLOBAL,S1D1,PWRTRNINDWE,1,2049,1648.00441963
GLOBAL,S1D1,PWRURNINDNO01,2,2049,19.2163986065
GLOBAL,S1D1,PWRURNINDSO01,2,2049,43.700340027
GLOBAL,S1D1,PWRURNINDWE01,2,2049,13.6193892555
GLOBAL,S1D1,PWRWOFINDNE01,1,2049,728.0822752099999
GLOBAL,S1D1,PWRWONINDEA01,1,2049,0.0114264591622
GLOBAL,S1D1,PWRWONINDNO01,1,2049,0.052560647961000004
GLOBAL,S1D1,PWRWONINDSO01,1,2049,1.13497665871
GLOBAL,S1D1,PWRWONINDWE01,1,2049,1.5150143494900001
GLOBAL,S1D1,RNWHYDINDEA,1,2049,10.2547546063
GLOBAL,S1D1,RNWHYDINDNE,1,2049,9.098777818
GLOBAL,S1D1,RNWHYDINDNO,1,2049,41.402041774
GLOBAL,S1D1,RNWHYDINDSO,1,2049,22.3252604475
GLOBAL,S1D1,RNWHYDINDWE,1,2049,2.9784059534
GLOBAL,S1D1,RNWSPVINDEA,1,2049,370.57544694
GLOBAL,S1D1,RNWSPVINDNE,1,2049,0.25780375374000003
GLOBAL,S1D1,RNWSPVINDNO,1,2049,1032.80740061
GLOBAL,S1D1,RNWSPVINDSO,1,2049,1293.59710985
GLOBAL,S1D1,RNWSPVINDWE,1,2049,1629.8916061300001
GLOBAL,S1D1,RNWWOFINDNE,1,2049,728.0822752099999
GLOBAL,S1D1,RNWWONINDEA,1,2049,0.0114264591622
GLOBAL,S1D1,RNWWONINDNO,1,2049,0.052560647961000004
GLOBAL,S1D1,RNWWONINDSO,1,2049,1.13497665871
GLOBAL,S1D1,RNWWONINDWE,1,2049,1.5150143494900001
GLOBAL,S1D1,TRNINDEAINDNE,2,2049,340.30772459
GLOBAL,S1D1,TRNINDEAINDSO,1,2049,61.21317355200001
GLOBAL,S1D1,TRNINDNEINDNO,1,2049,265.94144309
GLOBAL,S1D1,TRNINDSOINDWE,2,2049,251.10690877
GLOBAL,S1D1,MINURNINT,1,2050,225.276380747
GLOBAL,S1D1,PWRHYDINDEA01,1,2050,10.2547546063
GLOBAL,S1D1,PWRHYDINDNE01,1,2050,9.098777818
GLOBAL,S1D1,PWRHYDINDNO01,1,2050,41.402041774
GLOBAL,S1D1,PWRHYDINDSO01,1,2050,44.236386592
GLOBAL,S1D1,PWRHYDINDWE01,1,2050,2.9784059534
GLOBAL,S1D1,PWRSPVINDEA01,1,2050,380.61239735000004
GLOBAL,S1D1,PWRSPVINDNE01,1,2050,0.25780375374000003
GLOBAL,S1D1,PWRSPVINDNO01,1,2050,1071.69175511
GLOBAL,S1D1,PWRSPVINDSO01,1,2050,1293.59710985
GLOBAL,S1D1,PWRSPVINDWE01,1,2050,1699.67168805
GLOBAL,S1D1,PWRTRNINDEA,1,2050,735.5056655000001
GLOBAL,S1D1,PWRTRNINDNE,1,2050,769.94480115
GLOBAL,S1D1,PWRTRNINDNO,1,2050,1392.4055876500001
GLOBAL,S1D1,PWRTRNINDSO,1,2050,1720.97249555
GLOBAL,S1D1,PWRTRNINDWE,1,2050,1717.2224626700001
GLOBAL,S1D1,PWRURNINDNO01,2,2050,19.2163986065
GLOBAL,S1D1,PWRURNINDSO01,2,2050,68.640059232
GLOBAL,S1D1,PWRURNINDWE01,2,2050,13.6193892555
GLOBAL,S1D1,PWRWOFINDNE01,1,2050,760.5882122900001
GLOBAL,S1D1,PWRWONINDNO01,1,2050,0.052560647961000004
GLOBAL,S1D1,PWRWONINDSO01,1,2050,1.11973670873
GLOBAL,S1D1,PWRWONINDWE01,1,2050,0.9529851128
GLOBAL,S1D1,RNWHYDINDEA,1,2050,10.2547546063
GLOBAL,S1D1,RNWHYDINDNE,1,2050,9.098777818
GLOBAL,S1D1,RNWHYDINDNO,1,2050,41.402041774
GLOBAL,S1D1,RNWHYDINDSO,1,2050,44.236386592
GLOBAL,S1D1,RNWHYDINDWE,1,2050,2.9784059534
GLOBAL,S1D1,RNWSPVINDEA,1,2050,380.61239735000004
GLOBAL,S1D1,RNWSPVINDNE,1,2050,0.25780375374000003
GLOBAL,S1D1,RNWSPVINDNO,1,2050,1071.69175511
GLOBAL,S1D1,RNWSPVINDSO,1,2050,1293.59710985
GLOBAL,S1D1,RNWSPVINDWE,1,2050,1699.67168805
GLOBAL,S1D1,RNWWOFINDNE,1,2050,760.5882122900001
GLOBAL,S1D1,RNWWONINDNO,1,2050,0.052560647961000004
GLOBAL,S1D1,RNWWONINDSO,1,2050,1.11973670873
GLOBAL,S1D1,RNWWONINDWE,1,2050,0.9529851128
GLOBAL,S1D1,TRNINDEAINDNE,2,2050,355.94327339
GLOBAL,S1D1,TRNINDEAINDSO,1,2050,62.106473765000004
GLOBAL,S1D1,TRNINDNEINDNO,1,2050,277.88293483
GLOBAL,S1D1,TRNINDSOINDWE,2,2050,266.74245757
GLOBAL,S1D2,MINCOAINT,1,2021,2738.2228325
GLOBAL,S1D2,MINURNINT,1,2021,128.08328875900003
GLOBAL,S1D2,PWRBIOINDNO01,1,2021,0.8325929736000001
GLOBAL,S1D2,PWRBIOINDSO01,1,2021,9.4950779471
GLOBAL,S1D2,PWRBIOINDWE01,1,2021,0.4338864792
GLOBAL,S1D2,PWRCOAINDEA01,2,2021,161.13899614800002
GLOBAL,S1D2,PWRCOAINDNE01,2,2021,5.863330800000001
GLOBAL,S1D2,PWRCOAINDNO01,2,2021,211.687320817
GLOBAL,S1D2,PWRCOAINDSO01,2,2021,289.72187034
GLOBAL,S1D2,PWRCOAINDWE01,2,2021,265.62641177
GLOBAL,S1D2,PWRCSPINDNO01,1,2021,0.0027792187992
GLOBAL,S1D2,PWRCSPINDSO01,1,2021,0.00078177744
GLOBAL,S1D2,PWRHYDINDEA01,1,2021,9.2296097699
GLOBAL,S1D2,PWRHYDINDNE01,1,2021,4.0874436204
GLOBAL,S1D2,PWRHYDINDNO01,1,2021,58.542160128000006
GLOBAL,S1D2,PWRHYDINDSO01,1,2021,18.6224545007
GLOBAL,S1D2,PWRHYDINDWE01,1,2021,9.5583276489
GLOBAL,S1D2,PWRSPVINDEA01,1,2021,0.00241881939936
GLOBAL,S1D2,PWRSPVINDNE01,1,2021,0.0008005400985600001
GLOBAL,S1D2,PWRSPVINDNO01,1,2021,0.034276250476
GLOBAL,S1D2,PWRSPVINDSO01,1,2021,0.050887456827
GLOBAL,S1D2,PWRSPVINDWE01,1,2021,0.0120268640378
GLOBAL,S1D2,PWRTRNINDEA,1,2021,170.387458465
GLOBAL,S1D2,PWRTRNINDNE,1,2021,31.109999785000003
GLOBAL,S1D2,PWRTRNINDNO,1,2021,288.3143933
GLOBAL,S1D2,PWRTRNINDSO,1,2021,355.07750743
GLOBAL,S1D2,PWRTRNINDWE,1,2021,317.53748984
GLOBAL,S1D2,PWRURNINDNO01,2,2021,11.883017088
GLOBAL,S1D2,PWRURNINDSO01,2,2021,25.955011008000003
GLOBAL,S1D2,PWRURNINDWE01,2,2021,19.857146976
GLOBAL,S1D2,PWRWONINDEA01,1,2021,0.0164337436654
GLOBAL,S1D2,PWRWONINDNO01,1,2021,5.332253638400001
GLOBAL,S1D2,PWRWONINDSO01,1,2021,11.2314054926
GLOBAL,S1D2,PWRWONINDWE01,1,2021,22.0497052193
GLOBAL,S1D2,RNWBIOINDNO,1,2021,2.7891863624
GLOBAL,S1D2,RNWBIOINDSO,1,2021,35.036837424000005
GLOBAL,S1D2,RNWBIOINDWE,1,2021,1.627074297
GLOBAL,S1D2,RNWCSPINDNO,1,2021,0.0027792187992
GLOBAL,S1D2,RNWCSPINDSO,1,2021,0.00078177744
GLOBAL,S1D2,RNWHYDINDEA,1,2021,9.2296097699
GLOBAL,S1D2,RNWHYDINDNE,1,2021,4.0874436204
GLOBAL,S1D2,RNWHYDINDNO,1,2021,58.542160128000006
GLOBAL,S1D2,RNWHYDINDSO,1,2021,18.6224545007
GLOBAL,S1D2,RNWHYDINDWE,1,2021,9.5583276489
GLOBAL,S1D2,RNWSPVINDEA,1,2021,0.00241881939936
GLOBAL,S1D2,RNWSPVINDNE,1,2021,0.0008005400985600001
GLOBAL,S1D2,RNWSPVINDNO,1,2021,0.034276250476
GLOBAL,S1D2,RNWSPVINDSO,1,2021,0.050887456827
GLOBAL,S1D2,RNWSPVINDWE,1,2021,0.0120268640378
GLOBAL,S1D2,RNWWONINDEA,1,2021,0.0164337436654
GLOBAL,S1D2,RNWWONINDNO,1,2021,5.332253638400001
GLOBAL,S1D2,RNWWONINDSO,1,2021,11.2314054926
GLOBAL,S1D2,RNWWONINDWE,1,2021,22.0497052193
GLOBAL,S1D2,TRNINDEAINDNE,1,2021,21.8524591221
GLOBAL,S1D2,MINCOAINT,1,2022,3013.1536006
GLOBAL,S1D2,MINURNINT,1,2022,148.909838769
GLOBAL,S1D2,PWRBIOINDNO01,1,2022,0.8325929736000001
GLOBAL,S1D2,PWRBIOINDSO01,1,2022,9.4950779471
GLOBAL,S1D2,PWRBIOINDWE01,1,2022,0.4338864792
GLOBAL,S1D2,PWRCOAINDEA01,2,2022,177.037871765
GLOBAL,S1D2,PWRCOAINDNE01,2,2022,5.863330800000001
GLOBAL,S1D2,PWRCOAINDNO01,2,2022,241.96421298799999
GLOBAL,S1D2,PWRCOAINDSO01,2,2022,317.95616815000005
GLOBAL,S1D2,PWRCOAINDWE01,2,2022,284.98851731999997
GLOBAL,S1D2,PWRCSPINDNO01,1,2022,0.0027792187992
GLOBAL,S1D2,PWRCSPINDSO01,1,2022,0.00078177744
GLOBAL,S1D2,PWRHYDINDEA01,1,2022,9.2296097699
GLOBAL,S1D2,PWRHYDINDNE01,1,2022,4.0874436204
GLOBAL,S1D2,PWRHYDINDNO01,1,2022,59.379910909
GLOBAL,S1D2,PWRHYDINDSO01,1,2022,18.6224545007
GLOBAL,S1D2,PWRHYDINDWE01,1,2022,9.5583276489
GLOBAL,S1D2,PWRSPVINDEA01,1,2022,0.00241881939936
GLOBAL,S1D2,PWRSPVINDNE01,1,2022,0.0041778185402
GLOBAL,S1D2,PWRSPVINDNO01,1,2022,0.04380142621
GLOBAL,S1D2,PWRSPVINDSO01,1,2022,0.052710563007
GLOBAL,S1D2,PWRSPVINDWE01,1,2022,0.012963433460500001
GLOBAL,S1D2,PWRTRNINDEA,1,2022,186.286334082
GLOBAL,S1D2,PWRTRNINDNE,1,2022,33.704999631999996
GLOBAL,S1D2,PWRTRNINDNO,1,2022,325.24229621
GLOBAL,S1D2,PWRTRNINDSO,1,2022,387.22250211
GLOBAL,S1D2,PWRTRNINDWE,1,2022,337.46250191999997
GLOBAL,S1D2,PWRURNINDNO01,2,2022,17.355459168
GLOBAL,S1D2,PWRURNINDSO01,2,2022,29.863898208
GLOBAL,S1D2,PWRURNINDWE01,2,2022,19.857146976
GLOBAL,S1D2,PWRWONINDEA01,1,2022,0.0164337436654
GLOBAL,S1D2,PWRWONINDNO01,1,2022,5.6635318286
GLOBAL,S1D2,PWRWONINDSO01,1,2022,11.2314054926
GLOBAL,S1D2,PWRWONINDWE01,1,2022,22.6116687377
GLOBAL,S1D2,RNWBIOINDNO,1,2022,2.7891863624
GLOBAL,S1D2,RNWBIOINDSO,1,2022,35.036837424000005
GLOBAL,S1D2,RNWBIOINDWE,1,2022,1.627074297
GLOBAL,S1D2,RNWCSPINDNO,1,2022,0.0027792187992
GLOBAL,S1D2,RNWCSPINDSO,1,2022,0.00078177744
GLOBAL,S1D2,RNWHYDINDEA,1,2022,9.2296097699
GLOBAL,S1D2,RNWHYDINDNE,1,2022,4.0874436204
GLOBAL,S1D2,RNWHYDINDNO,1,2022,59.379910909
GLOBAL,S1D2,RNWHYDINDSO,1,2022,18.6224545007
GLOBAL,S1D2,RNWHYDINDWE,1,2022,9.5583276489
GLOBAL,S1D2,RNWSPVINDEA,1,2022,0.00241881939936
GLOBAL,S1D2,RNWSPVINDNE,1,2022,0.0041778185402
GLOBAL,S1D2,RNWSPVINDNO,1,2022,0.04380142621
GLOBAL,S1D2,RNWSPVINDSO,1,2022,0.052710563007
GLOBAL,S1D2,RNWSPVINDWE,1,2022,0.012963433460500001
GLOBAL,S1D2,RNWWONINDEA,1,2022,0.0164337436654
GLOBAL,S1D2,RNWWONINDNO,1,2022,5.6635318286
GLOBAL,S1D2,RNWWONINDSO,1,2022,11.2314054926
GLOBAL,S1D2,RNWWONINDWE,1,2022,22.6116687377
GLOBAL,S1D2,TRNINDEAINDNE,1,2022,22.358834784
GLOBAL,S1D2,TRNINDNEINDNO,2,2022,2.2454900496200003
GLOBAL,S1D2,MINCOAINT,1,2023,3217.4512133
GLOBAL,S1D2,MINURNINT,1,2023,195.76958001
GLOBAL,S1D2,PWRBIOINDNO01,1,2023,0.8325929736000001
GLOBAL,S1D2,PWRBIOINDSO01,1,2023,9.4950779471
GLOBAL,S1D2,PWRBIOINDWE01,1,2023,0.4338864792
GLOBAL,S1D2,PWRCOAINDEA01,2,2023,192.369777771
GLOBAL,S1D2,PWRCOAINDNE01,2,2023,5.863330800000001
GLOBAL,S1D2,PWRCOAINDNO01,2,2023,261.96416028
GLOBAL,S1D2,PWRCOAINDSO01,2,2023,332.6899807
GLOBAL,S1D2,PWRCOAINDWE01,2,2023,304.61833008
GLOBAL,S1D2,PWRCSPINDNO01,1,2023,0.0027792187992
GLOBAL,S1D2,PWRCSPINDSO01,1,2023,0.00078177744
GLOBAL,S1D2,PWRHYDINDEA01,1,2023,9.2296097699
GLOBAL,S1D2,PWRHYDINDNE01,1,2023,8.837523445
GLOBAL,S1D2,PWRHYDINDNO01,1,2023,66.344428383
GLOBAL,S1D2,PWRHYDINDSO01,1,2023,19.4527023403
GLOBAL,S1D2,PWRHYDINDWE01,1,2023,9.5583276489
GLOBAL,S1D2,PWRSPVINDEA01,1,2023,0.00241881939936
GLOBAL,S1D2,PWRSPVINDNE01,1,2023,0.0041778185402
GLOBAL,S1D2,PWRSPVINDNO01,1,2023,0.04380142621
GLOBAL,S1D2,PWRSPVINDSO01,1,2023,0.052710563007
GLOBAL,S1D2,PWRSPVINDWE01,1,2023,0.013122916206999999
GLOBAL,S1D2,PWRTRNINDEA,1,2023,201.618240088
GLOBAL,S1D2,PWRTRNINDNE,1,2023,36.297500647
GLOBAL,S1D2,PWRTRNINDNO,1,2023,357.67919314000005
GLOBAL,S1D2,PWRTRNINDSO,1,2023,419.37000058
GLOBAL,S1D2,PWRTRNINDWE,1,2023,357.389993
GLOBAL,S1D2,PWRURNINDNO01,2,2023,22.827901248000003
GLOBAL,S1D2,PWRURNINDSO01,2,2023,45.499447008000004
GLOBAL,S1D2,PWRURNINDWE01,2,2023,19.857146976
GLOBAL,S1D2,PWRWONINDEA01,1,2023,0.0164337436654
GLOBAL,S1D2,PWRWONINDNO01,1,2023,5.6635318286
GLOBAL,S1D2,PWRWONINDSO01,1,2023,12.1793106386
GLOBAL,S1D2,PWRWONINDWE01,1,2023,22.909178981500002
GLOBAL,S1D2,RNWBIOINDNO,1,2023,2.7891863624
GLOBAL,S1D2,RNWBIOINDSO,1,2023,35.036837424000005
GLOBAL,S1D2,RNWBIOINDWE,1,2023,1.627074297
GLOBAL,S1D2,RNWCSPINDNO,1,2023,0.0027792187992
GLOBAL,S1D2,RNWCSPINDSO,1,2023,0.00078177744
GLOBAL,S1D2,RNWHYDINDEA,1,2023,9.2296097699
GLOBAL,S1D2,RNWHYDINDNE,1,2023,8.837523445
GLOBAL,S1D2,RNWHYDINDNO,1,2023,66.344428383
GLOBAL,S1D2,RNWHYDINDSO,1,2023,19.4527023403
GLOBAL,S1D2,RNWHYDINDWE,1,2023,9.5583276489
GLOBAL,S1D2,RNWSPVINDEA,1,2023,0.00241881939936
GLOBAL,S1D2,RNWSPVINDNE,1,2023,0.0041778185402
GLOBAL,S1D2,RNWSPVINDNO,1,2023,0.04380142621
GLOBAL,S1D2,RNWSPVINDSO,1,2023,0.052710563007
GLOBAL,S1D2,RNWSPVINDWE,1,2023,0.013122916206999999
GLOBAL,S1D2,RNWWONINDEA,1,2023,0.0164337436654
GLOBAL,S1D2,RNWWONINDNO,1,2023,5.6635318286
GLOBAL,S1D2,RNWWONINDSO,1,2023,12.1793106386
GLOBAL,S1D2,RNWWONINDWE,1,2023,22.909178981500002
GLOBAL,S1D2,TRNINDEAINDNE,1,2023,22.300739419
GLOBAL,S1D2,MINCOAINT,1,2024,3283.1333099000003
GLOBAL,S1D2,MINURNINT,1,2024,207.918400436
GLOBAL,S1D2,PWRBIOINDNO01,1,2024,0.8325929736000001
GLOBAL,S1D2,PWRBIOINDSO01,1,2024,9.4950779471
GLOBAL,S1D2,PWRBIOINDWE01,1,2024,0.4338864792
GLOBAL,S1D2,PWRCOAINDEA01,2,2024,155.68048109000003
GLOBAL,S1D2,PWRCOAINDNO01,2,2024,267.67709014999997
GLOBAL,S1D2,PWRCOAINDSO01,2,2024,367.96007715
GLOBAL,S1D2,PWRCOAINDWE01,2,2024,328.23454837
GLOBAL,S1D2,PWRCSPINDNO01,1,2024,0.0027792187992
GLOBAL,S1D2,PWRCSPINDSO01,1,2024,0.00078177744
GLOBAL,S1D2,PWRHYDINDEA01,1,2024,10.2547546063
GLOBAL,S1D2,PWRHYDINDNE01,1,2024,9.098777818
GLOBAL,S1D2,PWRHYDINDNO01,1,2024,66.344428383
GLOBAL,S1D2,PWRHYDINDSO01,1,2024,19.4527023403
GLOBAL,S1D2,PWRHYDINDWE01,1,2024,9.5583276489
GLOBAL,S1D2,PWRSPVINDEA01,1,2024,0.54555868632
GLOBAL,S1D2,PWRSPVINDNE01,1,2024,0.0041778185402
GLOBAL,S1D2,PWRSPVINDNO01,1,2024,0.46086717150000006
GLOBAL,S1D2,PWRSPVINDSO01,1,2024,0.30509960314
GLOBAL,S1D2,PWRSPVINDWE01,1,2024,0.21447282189800002
GLOBAL,S1D2,PWRTRNINDEA,1,2024,193.21749909000002
GLOBAL,S1D2,PWRTRNINDNE,1,2024,90.322565799
GLOBAL,S1D2,PWRTRNINDNO,1,2024,385.75679336
GLOBAL,S1D2,PWRTRNINDSO,1,2024,454.89250881
GLOBAL,S1D2,PWRTRNINDWE,1,2024,386.67999775
GLOBAL,S1D2,PWRURNINDNO01,2,2024,22.827901248000003
GLOBAL,S1D2,PWRURNINDSO01,2,2024,45.499447008000004
GLOBAL,S1D2,PWRURNINDWE01,2,2024,25.329589056000003
GLOBAL,S1D2,PWRWOFINDNE01,1,2024,81.219610866
GLOBAL,S1D2,PWRWONINDEA01,1,2024,0.0164337436654
GLOBAL,S1D2,PWRWONINDNO01,1,2024,5.6635318286
GLOBAL,S1D2,PWRWONINDSO01,1,2024,12.1793106386
GLOBAL,S1D2,PWRWONINDWE01,1,2024,22.909178981500002
GLOBAL,S1D2,RNWBIOINDNO,1,2024,2.7891863624
GLOBAL,S1D2,RNWBIOINDSO,1,2024,35.036837424000005
GLOBAL,S1D2,RNWBIOINDWE,1,2024,1.627074297
GLOBAL,S1D2,RNWCSPINDNO,1,2024,0.0027792187992
GLOBAL,S1D2,RNWCSPINDSO,1,2024,0.00078177744
GLOBAL,S1D2,RNWHYDINDEA,1,2024,10.2547546063
GLOBAL,S1D2,RNWHYDINDNE,1,2024,9.098777818
GLOBAL,S1D2,RNWHYDINDNO,1,2024,66.344428383
GLOBAL,S1D2,RNWHYDINDSO,1,2024,19.4527023403
GLOBAL,S1D2,RNWHYDINDWE,1,2024,9.5583276489
GLOBAL,S1D2,RNWSPVINDEA,1,2024,0.54555868632
GLOBAL,S1D2,RNWSPVINDNE,1,2024,0.0041778185402
GLOBAL,S1D2,RNWSPVINDNO,1,2024,0.46086717150000006
GLOBAL,S1D2,RNWSPVINDSO,1,2024,0.30509960314
GLOBAL,S1D2,RNWSPVINDWE,1,2024,0.21447282189800002
GLOBAL,S1D2,RNWWOFINDNE,1,2024,81.219610866
GLOBAL,S1D2,RNWWONINDEA,1,2024,0.0164337436654
GLOBAL,S1D2,RNWWONINDNO,1,2024,5.6635318286
GLOBAL,S1D2,RNWWONINDSO,1,2024,12.1793106386
GLOBAL,S1D2,RNWWONINDWE,1,2024,22.909178981500002
GLOBAL,S1D2,TRNINDEAINDNE,2,2024,27.596743632000003
GLOBAL,S1D2,TRNINDNEINDNO,1,2024,23.453323200000003
GLOBAL,S1D2,MINCOAINT,1,2025,4233.963428
GLOBAL,S1D2,MINURNINT,1,2025,207.918400436
GLOBAL,S1D2,PWRBIOINDNO01,1,2025,1.6651859472000001
GLOBAL,S1D2,PWRBIOINDSO01,1,2025,18.9901558942
GLOBAL,S1D2,PWRBIOINDWE01,1,2025,0.8677729584
GLOBAL,S1D2,PWRCOAINDEA01,2,2025,200.57234255100002
GLOBAL,S1D2,PWRCOAINDNO01,2,2025,351.41547905000004
GLOBAL,S1D2,PWRCOAINDSO01,2,2025,448.38453885
GLOBAL,S1D2,PWRCOAINDWE01,2,2025,443.3230406
GLOBAL,S1D2,PWRCSPINDNO01,1,2025,0.0027792187992
GLOBAL,S1D2,PWRCSPINDSO01,1,2025,0.00078177744
GLOBAL,S1D2,PWRHYDINDEA01,1,2025,10.2547546063
GLOBAL,S1D2,PWRHYDINDNE01,1,2025,9.098777818
GLOBAL,S1D2,PWRHYDINDNO01,1,2025,71.54966649
GLOBAL,S1D2,PWRHYDINDSO01,1,2025,19.4527023403
GLOBAL,S1D2,PWRHYDINDWE01,1,2025,9.6685896025
GLOBAL,S1D2,PWRSPVINDEA01,1,2025,1.08869856276
GLOBAL,S1D2,PWRSPVINDNE01,1,2025,0.0041778185402
GLOBAL,S1D2,PWRSPVINDNO01,1,2025,0.8598307877800001
GLOBAL,S1D2,PWRSPVINDSO01,1,2025,0.5571759000700001
GLOBAL,S1D2,PWRSPVINDWE01,1,2025,0.41488459714000003
GLOBAL,S1D2,PWRTRNINDEA,1,2025,238.652499535
GLOBAL,S1D2,PWRTRNINDNE,1,2025,99.83506640600001
GLOBAL,S1D2,PWRTRNINDNO,1,2025,475.93200492000005
GLOBAL,S1D2,PWRTRNINDSO,1,2025,565.47499711
GLOBAL,S1D2,PWRTRNINDWE,1,2025,502.51305763
GLOBAL,S1D2,PWRURNINDNO01,2,2025,22.827901248000003
GLOBAL,S1D2,PWRURNINDSO01,2,2025,45.499447008000004
GLOBAL,S1D2,PWRURNINDWE01,2,2025,25.329589056000003
GLOBAL,S1D2,PWRWOFINDNE01,1,2025,90.732111473
GLOBAL,S1D2,PWRWONINDEA01,1,2025,0.0164337436654
GLOBAL,S1D2,PWRWONINDNO01,1,2025,5.6635318286
GLOBAL,S1D2,PWRWONINDSO01,1,2025,12.1793106386
GLOBAL,S1D2,PWRWONINDWE01,1,2025,22.909178981500002
GLOBAL,S1D2,RNWBIOINDNO,1,2025,5.5783729727
GLOBAL,S1D2,RNWBIOINDSO,1,2025,70.07367484800001
GLOBAL,S1D2,RNWBIOINDWE,1,2025,3.254148594
GLOBAL,S1D2,RNWCSPINDNO,1,2025,0.0027792187992
GLOBAL,S1D2,RNWCSPINDSO,1,2025,0.00078177744
GLOBAL,S1D2,RNWHYDINDEA,1,2025,10.2547546063
GLOBAL,S1D2,RNWHYDINDNE,1,2025,9.098777818
GLOBAL,S1D2,RNWHYDINDNO,1,2025,71.54966649
GLOBAL,S1D2,RNWHYDINDSO,1,2025,19.4527023403
GLOBAL,S1D2,RNWHYDINDWE,1,2025,9.6685896025
GLOBAL,S1D2,RNWSPVINDEA,1,2025,1.08869856276
GLOBAL,S1D2,RNWSPVINDNE,1,2025,0.0041778185402
GLOBAL,S1D2,RNWSPVINDNO,1,2025,0.8598307877800001
GLOBAL,S1D2,RNWSPVINDSO,1,2025,0.5571759000700001
GLOBAL,S1D2,RNWSPVINDWE,1,2025,0.41488459714000003
GLOBAL,S1D2,RNWWOFINDNE,1,2025,90.732111473
GLOBAL,S1D2,RNWWONINDEA,1,2025,0.0164337436654
GLOBAL,S1D2,RNWWONINDNO,1,2025,5.6635318286
GLOBAL,S1D2,RNWWONINDSO,1,2025,12.1793106386
GLOBAL,S1D2,RNWWONINDWE,1,2025,22.909178981500002
GLOBAL,S1D2,TRNINDEAINDNE,2,2025,27.596743632000003
GLOBAL,S1D2,TRNINDNEINDNO,1,2025,23.453323200000003
GLOBAL,S1D2,TRNINDSOINDWE,2,2025,21.3130668987
GLOBAL,S1D2,MINCOAINT,1,2026,4349.874031
GLOBAL,S1D2,MINURNINT,1,2026,249.57149054
GLOBAL,S1D2,PWRBIOINDNO01,1,2026,1.6651859472000001
GLOBAL,S1D2,PWRBIOINDSO01,1,2026,18.9901558942
GLOBAL,S1D2,PWRBIOINDWE01,1,2026,0.8677729584
GLOBAL,S1D2,PWRCOAINDEA01,2,2026,207.319840928
GLOBAL,S1D2,PWRCOAINDNO01,2,2026,365.93946904
GLOBAL,S1D2,PWRCOAINDSO01,2,2026,448.99043124
GLOBAL,S1D2,PWRCOAINDWE01,2,2026,460.94193814000005
GLOBAL,S1D2,PWRCSPINDNO01,1,2026,0.0027792187992
GLOBAL,S1D2,PWRCSPINDSO01,1,2026,0.00078177744
GLOBAL,S1D2,PWRHYDINDEA01,1,2026,10.2547546063
GLOBAL,S1D2,PWRHYDINDNE01,1,2026,9.098777818
GLOBAL,S1D2,PWRHYDINDNO01,1,2026,72.136093772
GLOBAL,S1D2,PWRHYDINDSO01,1,2026,19.4527023403
GLOBAL,S1D2,PWRHYDINDWE01,1,2026,9.6685896025
GLOBAL,S1D2,PWRSPVINDEA01,1,2026,1.08869856276
GLOBAL,S1D2,PWRSPVINDNE01,1,2026,0.0041778185402
GLOBAL,S1D2,PWRSPVINDNO01,1,2026,0.8598307877800001
GLOBAL,S1D2,PWRSPVINDSO01,1,2026,0.80925222179
GLOBAL,S1D2,PWRSPVINDWE01,1,2026,0.42670268426
GLOBAL,S1D2,PWRTRNINDEA,1,2026,245.40000039100002
GLOBAL,S1D2,PWRTRNINDNE,1,2026,101.500066924
GLOBAL,S1D2,PWRTRNINDNO,1,2026,491.04240236
GLOBAL,S1D2,PWRTRNINDSO,1,2026,587.72250992
GLOBAL,S1D2,PWRTRNINDWE,1,2026,520.14378
GLOBAL,S1D2,PWRURNINDNO01,2,2026,22.827901248000003
GLOBAL,S1D2,PWRURNINDSO01,2,2026,64.262105568
GLOBAL,S1D2,PWRURNINDWE01,2,2026,25.329589056000003
GLOBAL,S1D2,PWRWOFINDNE01,1,2026,92.397111991
GLOBAL,S1D2,PWRWONINDEA01,1,2026,0.0164337436654
GLOBAL,S1D2,PWRWONINDNO01,1,2026,5.6635318286
GLOBAL,S1D2,PWRWONINDSO01,1,2026,12.1695384206
GLOBAL,S1D2,PWRWONINDWE01,1,2026,22.909178981500002
GLOBAL,S1D2,RNWBIOINDNO,1,2026,5.5783729727
GLOBAL,S1D2,RNWBIOINDSO,1,2026,70.07367484800001
GLOBAL,S1D2,RNWBIOINDWE,1,2026,3.254148594
GLOBAL,S1D2,RNWCSPINDNO,1,2026,0.0027792187992
GLOBAL,S1D2,RNWCSPINDSO,1,2026,0.00078177744
GLOBAL,S1D2,RNWHYDINDEA,1,2026,10.2547546063
GLOBAL,S1D2,RNWHYDINDNE,1,2026,9.098777818
GLOBAL,S1D2,RNWHYDINDNO,1,2026,72.136093772
GLOBAL,S1D2,RNWHYDINDSO,1,2026,19.4527023403
GLOBAL,S1D2,RNWHYDINDWE,1,2026,9.6685896025
GLOBAL,S1D2,RNWSPVINDEA,1,2026,1.08869856276
GLOBAL,S1D2,RNWSPVINDNE,1,2026,0.0041778185402
GLOBAL,S1D2,RNWSPVINDNO,1,2026,0.8598307877800001
GLOBAL,S1D2,RNWSPVINDSO,1,2026,0.80925222179
GLOBAL,S1D2,RNWSPVINDWE,1,2026,0.42670268426
GLOBAL,S1D2,RNWWOFINDNE,1,2026,92.397111991
GLOBAL,S1D2,RNWWONINDEA,1,2026,0.0164337436654
GLOBAL,S1D2,RNWWONINDNO,1,2026,5.6635318286
GLOBAL,S1D2,RNWWONINDSO,1,2026,12.1695384206
GLOBAL,S1D2,RNWWONINDWE,1,2026,22.909178981500002
GLOBAL,S1D2,TRNINDEAINDNE,2,2026,27.596743632000003
GLOBAL,S1D2,TRNINDNEINDNO,1,2026,23.453323200000003
GLOBAL,S1D2,TRNINDSOINDWE,2,2026,24.0662698324
GLOBAL,S1D2,MINCOAINT,1,2027,4502.2041188
GLOBAL,S1D2,MINURNINT,1,2027,266.92696954
GLOBAL,S1D2,PWRBIOINDNO01,1,2027,1.6651859472000001
GLOBAL,S1D2,PWRBIOINDSO01,1,2027,18.9901558942
GLOBAL,S1D2,PWRBIOINDWE01,1,2027,0.8677729584
GLOBAL,S1D2,PWRCOAINDEA01,2,2027,215.014842853
GLOBAL,S1D2,PWRCOAINDNO01,2,2027,381.53465972000004
GLOBAL,S1D2,PWRCOAINDSO01,2,2027,443.36161384
GLOBAL,S1D2,PWRCOAINDWE01,2,2027,495.15290663
GLOBAL,S1D2,PWRCSPINDNO01,1,2027,0.0027792187992
GLOBAL,S1D2,PWRCSPINDSO01,1,2027,0.00078177744
GLOBAL,S1D2,PWRHYDINDEA01,1,2027,10.2547546063
GLOBAL,S1D2,PWRHYDINDNE01,1,2027,9.098777818
GLOBAL,S1D2,PWRHYDINDNO01,1,2027,72.136093772
GLOBAL,S1D2,PWRHYDINDSO01,1,2027,19.4527023403
GLOBAL,S1D2,PWRHYDINDWE01,1,2027,9.6685896025
GLOBAL,S1D2,PWRSPVINDEA01,1,2027,1.08869856276
GLOBAL,S1D2,PWRSPVINDNE01,1,2027,0.0041778185402
GLOBAL,S1D2,PWRSPVINDNO01,1,2027,0.8598307877800001
GLOBAL,S1D2,PWRSPVINDSO01,1,2027,0.9083109298500001
GLOBAL,S1D2,PWRSPVINDWE01,1,2027,0.42670268426
GLOBAL,S1D2,PWRTRNINDEA,1,2027,253.09499240000002
GLOBAL,S1D2,PWRTRNINDNE,1,2027,103.237565797
GLOBAL,S1D2,PWRTRNINDNO,1,2027,506.63759304
GLOBAL,S1D2,PWRTRNINDSO,1,2027,607.5225060299999
GLOBAL,S1D2,PWRTRNINDWE,1,2027,554.3547237
GLOBAL,S1D2,PWRURNINDNO01,2,2027,22.827901248000003
GLOBAL,S1D2,PWRURNINDSO01,2,2027,72.079879968
GLOBAL,S1D2,PWRURNINDWE01,2,2027,25.329589056000003
GLOBAL,S1D2,PWRWOFINDNE01,1,2027,94.13461086400001
GLOBAL,S1D2,PWRWONINDEA01,1,2027,0.0164337436654
GLOBAL,S1D2,PWRWONINDNO01,1,2027,5.6635318286
GLOBAL,S1D2,PWRWONINDSO01,1,2027,12.0522718046
GLOBAL,S1D2,PWRWONINDWE01,1,2027,22.909178981500002
GLOBAL,S1D2,RNWBIOINDNO,1,2027,5.5783729727
GLOBAL,S1D2,RNWBIOINDSO,1,2027,70.07367484800001
GLOBAL,S1D2,RNWBIOINDWE,1,2027,3.254148594
GLOBAL,S1D2,RNWCSPINDNO,1,2027,0.0027792187992
GLOBAL,S1D2,RNWCSPINDSO,1,2027,0.00078177744
GLOBAL,S1D2,RNWHYDINDEA,1,2027,10.2547546063
GLOBAL,S1D2,RNWHYDINDNE,1,2027,9.098777818
GLOBAL,S1D2,RNWHYDINDNO,1,2027,72.136093772
GLOBAL,S1D2,RNWHYDINDSO,1,2027,19.4527023403
GLOBAL,S1D2,RNWHYDINDWE,1,2027,9.6685896025
GLOBAL,S1D2,RNWSPVINDEA,1,2027,1.08869856276
GLOBAL,S1D2,RNWSPVINDNE,1,2027,0.0041778185402
GLOBAL,S1D2,RNWSPVINDNO,1,2027,0.8598307877800001
GLOBAL,S1D2,RNWSPVINDSO,1,2027,0.9083109298500001
GLOBAL,S1D2,RNWSPVINDWE,1,2027,0.42670268426
GLOBAL,S1D2,RNWWOFINDNE,1,2027,94.13461086400001
GLOBAL,S1D2,RNWWONINDEA,1,2027,0.0164337436654
GLOBAL,S1D2,RNWWONINDNO,1,2027,5.6635318286
GLOBAL,S1D2,RNWWONINDSO,1,2027,12.0522718046
GLOBAL,S1D2,RNWWONINDWE,1,2027,22.909178981500002
GLOBAL,S1D2,TRNINDEAINDNE,2,2027,27.596743632000003
GLOBAL,S1D2,TRNINDNEINDNO,1,2027,23.453323200000003
GLOBAL,S1D2,TRNINDSOINDWE,2,2027,42.474729864
GLOBAL,S1D2,MINCOAINT,1,2028,4646.842365400001
GLOBAL,S1D2,MINURNINT,1,2028,291.22461535
GLOBAL,S1D2,PWRBIOINDNO01,1,2028,1.6651859472000001
GLOBAL,S1D2,PWRBIOINDSO01,1,2028,18.9901558942
GLOBAL,S1D2,PWRBIOINDWE01,1,2028,0.8677729584
GLOBAL,S1D2,PWRCOAINDEA01,2,2028,222.72984287100002
GLOBAL,S1D2,PWRCOAINDNO01,2,2028,386.1897755
GLOBAL,S1D2,PWRCOAINDSO01,2,2028,440.07815355
GLOBAL,S1D2,PWRCOAINDWE01,2,2028,535.33043148
GLOBAL,S1D2,PWRCSPINDNO01,1,2028,0.0027792187992
GLOBAL,S1D2,PWRCSPINDSO01,1,2028,0.00078177744
GLOBAL,S1D2,PWRHYDINDEA01,1,2028,10.2547546063
GLOBAL,S1D2,PWRHYDINDNE01,1,2028,9.098777818
GLOBAL,S1D2,PWRHYDINDNO01,1,2028,72.136093772
GLOBAL,S1D2,PWRHYDINDSO01,1,2028,19.4527023403
GLOBAL,S1D2,PWRHYDINDWE01,1,2028,9.2551075244
GLOBAL,S1D2,PWRSPVINDEA01,1,2028,1.08869856276
GLOBAL,S1D2,PWRSPVINDNE01,1,2028,0.0041778185402
GLOBAL,S1D2,PWRSPVINDNO01,1,2028,0.8598307877800001
GLOBAL,S1D2,PWRSPVINDSO01,1,2028,1.0048983228100001
GLOBAL,S1D2,PWRSPVINDWE01,1,2028,0.42670268426
GLOBAL,S1D2,PWRTRNINDEA,1,2028,260.81001225000006
GLOBAL,S1D2,PWRTRNINDNE,1,2028,104.982566124
GLOBAL,S1D2,PWRTRNINDNO,1,2028,522.23759298
GLOBAL,S1D2,PWRTRNINDSO,1,2028,627.23499344
GLOBAL,S1D2,PWRTRNINDWE,1,2028,594.11877614
GLOBAL,S1D2,PWRURNINDNO01,2,2028,33.772785408000004
GLOBAL,S1D2,PWRURNINDSO01,2,2028,72.079879968
GLOBAL,S1D2,PWRURNINDWE01,2,2028,25.329589056000003
GLOBAL,S1D2,PWRWOFINDNE01,1,2028,95.87961119100001
GLOBAL,S1D2,PWRWONINDEA01,1,2028,0.0164337436654
GLOBAL,S1D2,PWRWONINDNO01,1,2028,5.6635318286
GLOBAL,S1D2,PWRWONINDSO01,1,2028,12.0522718046
GLOBAL,S1D2,PWRWONINDWE01,1,2028,22.909178981500002
GLOBAL,S1D2,RNWBIOINDNO,1,2028,5.5783729727
GLOBAL,S1D2,RNWBIOINDSO,1,2028,70.07367484800001
GLOBAL,S1D2,RNWBIOINDWE,1,2028,3.254148594
GLOBAL,S1D2,RNWCSPINDNO,1,2028,0.0027792187992
GLOBAL,S1D2,RNWCSPINDSO,1,2028,0.00078177744
GLOBAL,S1D2,RNWHYDINDEA,1,2028,10.2547546063
GLOBAL,S1D2,RNWHYDINDNE,1,2028,9.098777818
GLOBAL,S1D2,RNWHYDINDNO,1,2028,72.136093772
GLOBAL,S1D2,RNWHYDINDSO,1,2028,19.4527023403
GLOBAL,S1D2,RNWHYDINDWE,1,2028,9.2551075244
GLOBAL,S1D2,RNWSPVINDEA,1,2028,1.08869856276
GLOBAL,S1D2,RNWSPVINDNE,1,2028,0.0041778185402
GLOBAL,S1D2,RNWSPVINDNO,1,2028,0.8598307877800001
GLOBAL,S1D2,RNWSPVINDSO,1,2028,1.0048983228100001
GLOBAL,S1D2,RNWSPVINDWE,1,2028,0.42670268426
GLOBAL,S1D2,RNWWOFINDNE,1,2028,95.87961119100001
GLOBAL,S1D2,RNWWONINDEA,1,2028,0.0164337436654
GLOBAL,S1D2,RNWWONINDNO,1,2028,5.6635318286
GLOBAL,S1D2,RNWWONINDSO,1,2028,12.0522718046
GLOBAL,S1D2,RNWWONINDWE,1,2028,22.909178981500002
GLOBAL,S1D2,TRNINDEAINDNE,2,2028,27.596743632000003
GLOBAL,S1D2,TRNINDNEINDNO,1,2028,23.453323200000003
GLOBAL,S1D2,TRNINDSOINDWE,2,2028,66.386283819
GLOBAL,S1D2,MINCOAINT,1,2029,4822.183027
GLOBAL,S1D2,MINURNINT,1,2029,291.22461535
GLOBAL,S1D2,PWRBIOINDNO01,1,2029,1.6651859472000001
GLOBAL,S1D2,PWRBIOINDSO01,1,2029,18.9901558942
GLOBAL,S1D2,PWRBIOINDWE01,1,2029,0.8677729584
GLOBAL,S1D2,PWRCOAINDEA01,2,2029,230.529842841
GLOBAL,S1D2,PWRCOAINDNO01,2,2029,401.6889793
GLOBAL,S1D2,PWRCOAINDSO01,2,2029,438.4364358
GLOBAL,S1D2,PWRCOAINDWE01,2,2029,573.38672561
GLOBAL,S1D2,PWRCSPINDNO01,1,2029,0.0027792187992
GLOBAL,S1D2,PWRCSPINDSO01,1,2029,0.00078177744
GLOBAL,S1D2,PWRHYDINDEA01,1,2029,10.2547546063
GLOBAL,S1D2,PWRHYDINDNE01,1,2029,9.098777818
GLOBAL,S1D2,PWRHYDINDNO01,1,2029,72.136093772
GLOBAL,S1D2,PWRHYDINDSO01,1,2029,19.4527023403
GLOBAL,S1D2,PWRHYDINDWE01,1,2029,9.2551075244
GLOBAL,S1D2,PWRSPVINDEA01,1,2029,1.08869856276
GLOBAL,S1D2,PWRSPVINDNE01,1,2029,0.0041778185402
GLOBAL,S1D2,PWRSPVINDNO01,1,2029,0.8598307877800001
GLOBAL,S1D2,PWRSPVINDSO01,1,2029,1.0907902438
GLOBAL,S1D2,PWRSPVINDWE01,1,2029,0.43846801826000004
GLOBAL,S1D2,PWRTRNINDEA,1,2029,268.61001222
GLOBAL,S1D2,PWRTRNINDNE,1,2029,106.750065855
GLOBAL,S1D2,PWRTRNINDNO,1,2029,537.7367967800001
GLOBAL,S1D2,PWRTRNINDSO,1,2029,647.05249129
GLOBAL,S1D2,PWRTRNINDWE,1,2029,632.18684552
GLOBAL,S1D2,PWRURNINDNO01,2,2029,33.772785408000004
GLOBAL,S1D2,PWRURNINDSO01,2,2029,72.079879968
GLOBAL,S1D2,PWRURNINDWE01,2,2029,25.329589056000003
GLOBAL,S1D2,PWRWOFINDNE01,1,2029,97.647110922
GLOBAL,S1D2,PWRWONINDEA01,1,2029,0.0164337436654
GLOBAL,S1D2,PWRWONINDNO01,1,2029,5.6635318286
GLOBAL,S1D2,PWRWONINDSO01,1,2029,12.0522718046
GLOBAL,S1D2,PWRWONINDWE01,1,2029,22.909178981500002
GLOBAL,S1D2,RNWBIOINDNO,1,2029,5.5783729727
GLOBAL,S1D2,RNWBIOINDSO,1,2029,70.07367484800001
GLOBAL,S1D2,RNWBIOINDWE,1,2029,3.254148594
GLOBAL,S1D2,RNWCSPINDNO,1,2029,0.0027792187992
GLOBAL,S1D2,RNWCSPINDSO,1,2029,0.00078177744
GLOBAL,S1D2,RNWHYDINDEA,1,2029,10.2547546063
GLOBAL,S1D2,RNWHYDINDNE,1,2029,9.098777818
GLOBAL,S1D2,RNWHYDINDNO,1,2029,72.136093772
GLOBAL,S1D2,RNWHYDINDSO,1,2029,19.4527023403
GLOBAL,S1D2,RNWHYDINDWE,1,2029,9.2551075244
GLOBAL,S1D2,RNWSPVINDEA,1,2029,1.08869856276
GLOBAL,S1D2,RNWSPVINDNE,1,2029,0.0041778185402
GLOBAL,S1D2,RNWSPVINDNO,1,2029,0.8598307877800001
GLOBAL,S1D2,RNWSPVINDSO,1,2029,1.0907902438
GLOBAL,S1D2,RNWSPVINDWE,1,2029,0.43846801826000004
GLOBAL,S1D2,RNWWOFINDNE,1,2029,97.647110922
GLOBAL,S1D2,RNWWONINDEA,1,2029,0.0164337436654
GLOBAL,S1D2,RNWWONINDNO,1,2029,5.6635318286
GLOBAL,S1D2,RNWWONINDSO,1,2029,12.0522718046
GLOBAL,S1D2,RNWWONINDWE,1,2029,22.909178981500002
GLOBAL,S1D2,TRNINDEAINDNE,2,2029,27.596743632000003
GLOBAL,S1D2,TRNINDNEINDNO,1,2029,23.453323200000003
GLOBAL,S1D2,TRNINDSOINDWE,2,2029,88.704348969
GLOBAL,S1D2,MINCOAINT,1,2030,4919.333549600001
GLOBAL,S1D2,MINURNINT,1,2030,285.67086207
GLOBAL,S1D2,PWRBIOINDNO01,1,2030,1.6651859472000001
GLOBAL,S1D2,PWRBIOINDSO01,1,2030,18.9901558942
GLOBAL,S1D2,PWRBIOINDWE01,1,2030,0.8677729584
GLOBAL,S1D2,PWRCOAINDEA01,2,2030,228.04599639600002
GLOBAL,S1D2,PWRCOAINDNO01,2,2030,397.83636540000003
GLOBAL,S1D2,PWRCOAINDSO01,2,2030,431.86949043
GLOBAL,S1D2,PWRCOAINDWE01,2,2030,619.2867740600001
GLOBAL,S1D2,PWRCSPINDNO01,1,2030,0.0027792187992
GLOBAL,S1D2,PWRCSPINDSO01,1,2030,0.00078177744
GLOBAL,S1D2,PWRHYDINDEA01,1,2030,10.2547546063
GLOBAL,S1D2,PWRHYDINDNE01,1,2030,9.098777818
GLOBAL,S1D2,PWRHYDINDNO01,1,2030,72.136093772
GLOBAL,S1D2,PWRHYDINDSO01,1,2030,19.4527023403
GLOBAL,S1D2,PWRHYDINDWE01,1,2030,9.2551075244
GLOBAL,S1D2,PWRSPVINDEA01,1,2030,1.08869856276
GLOBAL,S1D2,PWRSPVINDNE01,1,2030,0.0041778185402
GLOBAL,S1D2,PWRSPVINDNO01,1,2030,0.8598307877800001
GLOBAL,S1D2,PWRSPVINDSO01,1,2030,1.1301247599100002
GLOBAL,S1D2,PWRSPVINDWE01,1,2030,0.44837918421
GLOBAL,S1D2,PWRTRNINDEA,1,2030,281.2651089
GLOBAL,S1D2,PWRTRNINDNE,1,2030,139.806164926
GLOBAL,S1D2,PWRTRNINDNO,1,2030,553.13998891
GLOBAL,S1D2,PWRTRNINDSO,1,2030,667.01000306
GLOBAL,S1D2,PWRTRNINDWE,1,2030,675.59510233
GLOBAL,S1D2,PWRURNINDNO01,2,2030,33.772785408000004
GLOBAL,S1D2,PWRURNINDSO01,2,2030,72.079879968
GLOBAL,S1D2,PWRURNINDWE01,2,2030,22.827901248000003
GLOBAL,S1D2,PWRWOFINDNE01,1,2030,130.703209993
GLOBAL,S1D2,PWRWONINDEA01,1,2030,0.0164337436654
GLOBAL,S1D2,PWRWONINDNO01,1,2030,5.6635318286
GLOBAL,S1D2,PWRWONINDSO01,1,2030,12.0522718046
GLOBAL,S1D2,PWRWONINDWE01,1,2030,22.909178981500002
GLOBAL,S1D2,RNWBIOINDNO,1,2030,5.5783729727
GLOBAL,S1D2,RNWBIOINDSO,1,2030,70.07367484800001
GLOBAL,S1D2,RNWBIOINDWE,1,2030,3.254148594
GLOBAL,S1D2,RNWCSPINDNO,1,2030,0.0027792187992
GLOBAL,S1D2,RNWCSPINDSO,1,2030,0.00078177744
GLOBAL,S1D2,RNWHYDINDEA,1,2030,10.2547546063
GLOBAL,S1D2,RNWHYDINDNE,1,2030,9.098777818
GLOBAL,S1D2,RNWHYDINDNO,1,2030,72.136093772
GLOBAL,S1D2,RNWHYDINDSO,1,2030,19.4527023403
GLOBAL,S1D2,RNWHYDINDWE,1,2030,9.2551075244
GLOBAL,S1D2,RNWSPVINDEA,1,2030,1.08869856276
GLOBAL,S1D2,RNWSPVINDNE,1,2030,0.0041778185402
GLOBAL,S1D2,RNWSPVINDNO,1,2030,0.8598307877800001
GLOBAL,S1D2,RNWSPVINDSO,1,2030,1.1301247599100002
GLOBAL,S1D2,RNWSPVINDWE,1,2030,0.44837918421
GLOBAL,S1D2,RNWWOFINDNE,1,2030,130.703209993
GLOBAL,S1D2,RNWWONINDEA,1,2030,0.0164337436654
GLOBAL,S1D2,RNWWONINDNO,1,2030,5.6635318286
GLOBAL,S1D2,RNWWONINDSO,1,2030,12.0522718046
GLOBAL,S1D2,RNWWONINDWE,1,2030,22.909178981500002
GLOBAL,S1D2,TRNINDEAINDNE,2,2030,43.232292432
GLOBAL,S1D2,TRNINDEAINDNO,1,2030,4.9126184344
GLOBAL,S1D2,TRNINDNEINDNO,1,2030,39.088872
GLOBAL,S1D2,TRNINDSOINDWE,2,2030,116.360112633
GLOBAL,S1D2,MINCOAINT,1,2031,4600.074047200001
GLOBAL,S1D2,MINGASINT,1,2031,406.79876847
GLOBAL,S1D2,MINURNINT,1,2031,285.67086207
GLOBAL,S1D2,PWRBIOINDNO01,1,2031,1.6651859472000001
GLOBAL,S1D2,PWRBIOINDSO01,1,2031,18.9901558942
GLOBAL,S1D2,PWRBIOINDWE01,1,2031,0.8677729584
GLOBAL,S1D2,PWRCCGINDNO01,2,2031,55.874699111
GLOBAL,S1D2,PWRCCGINDSO01,2,2031,147.52468512400003
GLOBAL,S1D2,PWRCOAINDEA01,2,2031,225.054879618
GLOBAL,S1D2,PWRCOAINDNO01,2,2031,365.64278232000004
GLOBAL,S1D2,PWRCOAINDSO01,2,2031,402.55283643
GLOBAL,S1D2,PWRCOAINDWE01,2,2031,575.0662729000001
GLOBAL,S1D2,PWRCSPINDNO01,1,2031,0.0027792187992
GLOBAL,S1D2,PWRCSPINDSO01,1,2031,0.00078177744
GLOBAL,S1D2,PWRHYDINDEA01,1,2031,10.2547546063
GLOBAL,S1D2,PWRHYDINDNE01,1,2031,8.8770451504
GLOBAL,S1D2,PWRHYDINDNO01,1,2031,72.136093772
GLOBAL,S1D2,PWRHYDINDSO01,1,2031,19.4527023403
GLOBAL,S1D2,PWRHYDINDWE01,1,2031,9.2551075244
GLOBAL,S1D2,PWRSPVINDEA01,1,2031,1.2457337677700002
GLOBAL,S1D2,PWRSPVINDNE01,1,2031,0.0041778185402
GLOBAL,S1D2,PWRSPVINDNO01,1,2031,0.8598307877800001
GLOBAL,S1D2,PWRSPVINDSO01,1,2031,1.21368163643
GLOBAL,S1D2,PWRSPVINDWE01,1,2031,0.48762537355
GLOBAL,S1D2,PWRTRNINDEA,1,2031,293.56999725000003
GLOBAL,S1D2,PWRTRNINDNE,1,2031,174.809761439
GLOBAL,S1D2,PWRTRNINDNO,1,2031,586.82880563
GLOBAL,S1D2,PWRTRNINDSO,1,2031,709.4049934100001
GLOBAL,S1D2,PWRTRNINDWE,1,2031,631.39130963
GLOBAL,S1D2,PWRURNINDNO01,2,2031,33.772785408000004
GLOBAL,S1D2,PWRURNINDSO01,2,2031,72.079879968
GLOBAL,S1D2,PWRURNINDWE01,2,2031,22.827901248000003
GLOBAL,S1D2,PWRWOFINDNE01,1,2031,165.928538182
GLOBAL,S1D2,PWRWONINDEA01,1,2031,0.0164337436654
GLOBAL,S1D2,PWRWONINDNO01,1,2031,5.6635318286
GLOBAL,S1D2,PWRWONINDSO01,1,2031,12.0522718046
GLOBAL,S1D2,PWRWONINDWE01,1,2031,22.886640161400003
GLOBAL,S1D2,RNWBIOINDNO,1,2031,5.5783729727
GLOBAL,S1D2,RNWBIOINDSO,1,2031,70.07367484800001
GLOBAL,S1D2,RNWBIOINDWE,1,2031,3.254148594
GLOBAL,S1D2,RNWCSPINDNO,1,2031,0.0027792187992
GLOBAL,S1D2,RNWCSPINDSO,1,2031,0.00078177744
GLOBAL,S1D2,RNWHYDINDEA,1,2031,10.2547546063
GLOBAL,S1D2,RNWHYDINDNE,1,2031,8.8770451504
GLOBAL,S1D2,RNWHYDINDNO,1,2031,72.136093772
GLOBAL,S1D2,RNWHYDINDSO,1,2031,19.4527023403
GLOBAL,S1D2,RNWHYDINDWE,1,2031,9.2551075244
GLOBAL,S1D2,RNWSPVINDEA,1,2031,1.2457337677700002
GLOBAL,S1D2,RNWSPVINDNE,1,2031,0.0041778185402
GLOBAL,S1D2,RNWSPVINDNO,1,2031,0.8598307877800001
GLOBAL,S1D2,RNWSPVINDSO,1,2031,1.21368163643
GLOBAL,S1D2,RNWSPVINDWE,1,2031,0.48762537355
GLOBAL,S1D2,RNWWOFINDNE,1,2031,165.928538182
GLOBAL,S1D2,RNWWONINDEA,1,2031,0.0164337436654
GLOBAL,S1D2,RNWWONINDNO,1,2031,5.6635318286
GLOBAL,S1D2,RNWWONINDSO,1,2031,12.0522718046
GLOBAL,S1D2,RNWWONINDWE,1,2031,22.886640161400003
GLOBAL,S1D2,TRNINDEAINDNE,2,2031,58.867841232
GLOBAL,S1D2,TRNINDNEINDNO,1,2031,54.724420800000004
GLOBAL,S1D2,TRNINDSOINDWE,2,2031,37.108817851
GLOBAL,S1D2,MINCOAINT,1,2032,4709.8578017
GLOBAL,S1D2,MINGASINT,1,2032,567.15833727
GLOBAL,S1D2,MINURNINT,1,2032,285.67086207
GLOBAL,S1D2,PWRBIOINDNO01,1,2032,1.6651859472000001
GLOBAL,S1D2,PWRBIOINDWE01,1,2032,0.8677729584
GLOBAL,S1D2,PWRCCGINDNO01,2,2032,74.610153125
GLOBAL,S1D2,PWRCCGINDSO01,2,2032,208.969020468
GLOBAL,S1D2,PWRCOAINDEA01,2,2032,227.120270863
GLOBAL,S1D2,PWRCOAINDNO01,2,2032,365.64278232000004
GLOBAL,S1D2,PWRCOAINDSO01,2,2032,400.67658049000005
GLOBAL,S1D2,PWRCOAINDWE01,2,2032,612.23322578
GLOBAL,S1D2,PWRCSPINDNO01,1,2032,0.0027792187992
GLOBAL,S1D2,PWRCSPINDSO01,1,2032,0.00078177744
GLOBAL,S1D2,PWRHYDINDEA01,1,2032,10.2547546063
GLOBAL,S1D2,PWRHYDINDNE01,1,2032,9.098777818
GLOBAL,S1D2,PWRHYDINDNO01,1,2032,72.136093772
GLOBAL,S1D2,PWRHYDINDSO01,1,2032,19.4527023403
GLOBAL,S1D2,PWRHYDINDWE01,1,2032,9.2551075244
GLOBAL,S1D2,PWRSPVINDEA01,1,2032,1.3413797356900001
GLOBAL,S1D2,PWRSPVINDNE01,1,2032,0.0041778185402
GLOBAL,S1D2,PWRSPVINDNO01,1,2032,0.8598307877800001
GLOBAL,S1D2,PWRSPVINDSO01,1,2032,1.29847032805
GLOBAL,S1D2,PWRSPVINDWE01,1,2032,0.5183175007
GLOBAL,S1D2,PWRTRNINDEA,1,2032,310.86999623
GLOBAL,S1D2,PWRTRNINDNE,1,2032,209.84335880999998
GLOBAL,S1D2,PWRTRNINDNO,1,2032,620.1959968900001
GLOBAL,S1D2,PWRTRNINDSO,1,2032,752.4249892400001
GLOBAL,S1D2,PWRTRNINDWE,1,2032,668.5003034900001
GLOBAL,S1D2,PWRURNINDNO01,2,2032,33.772785408000004
GLOBAL,S1D2,PWRURNINDSO01,2,2032,72.079879968
GLOBAL,S1D2,PWRURNINDWE01,2,2032,22.827901248000003
GLOBAL,S1D2,PWRWOFINDNE01,1,2032,200.740403877
GLOBAL,S1D2,PWRWONINDEA01,1,2032,0.0164337436654
GLOBAL,S1D2,PWRWONINDNO01,1,2032,5.6635318286
GLOBAL,S1D2,PWRWONINDSO01,1,2032,12.0522718046
GLOBAL,S1D2,PWRWONINDWE01,1,2032,22.7979881466
GLOBAL,S1D2,RNWBIOINDNO,1,2032,5.5783729727
GLOBAL,S1D2,RNWBIOINDWE,1,2032,3.254148594
GLOBAL,S1D2,RNWCSPINDNO,1,2032,0.0027792187992
GLOBAL,S1D2,RNWCSPINDSO,1,2032,0.00078177744
GLOBAL,S1D2,RNWHYDINDEA,1,2032,10.2547546063
GLOBAL,S1D2,RNWHYDINDNE,1,2032,9.098777818
GLOBAL,S1D2,RNWHYDINDNO,1,2032,72.136093772
GLOBAL,S1D2,RNWHYDINDSO,1,2032,19.4527023403
GLOBAL,S1D2,RNWHYDINDWE,1,2032,9.2551075244
GLOBAL,S1D2,RNWSPVINDEA,1,2032,1.3413797356900001
GLOBAL,S1D2,RNWSPVINDNE,1,2032,0.0041778185402
GLOBAL,S1D2,RNWSPVINDNO,1,2032,0.8598307877800001
GLOBAL,S1D2,RNWSPVINDSO,1,2032,1.29847032805
GLOBAL,S1D2,RNWSPVINDWE,1,2032,0.5183175007
GLOBAL,S1D2,RNWWOFINDNE,1,2032,200.740403877
GLOBAL,S1D2,RNWWONINDEA,1,2032,0.0164337436654
GLOBAL,S1D2,RNWWONINDNO,1,2032,5.6635318286
GLOBAL,S1D2,RNWWONINDSO,1,2032,12.0522718046
GLOBAL,S1D2,RNWWONINDWE,1,2032,22.7979881466
GLOBAL,S1D2,TRNINDEAINDNE,2,2032,74.503390032
GLOBAL,S1D2,TRNINDNEINDNO,1,2032,70.3599696
GLOBAL,S1D2,TRNINDSOINDWE,2,2032,39.570311153000006
GLOBAL,S1D2,MINCOAINT,1,2033,4722.4119535
GLOBAL,S1D2,MINGASINT,1,2033,756.28704813
GLOBAL,S1D2,MINURNINT,1,2033,285.67086207
GLOBAL,S1D2,PWRBIOINDNO01,1,2033,1.6651859472000001
GLOBAL,S1D2,PWRBIOINDWE01,1,2033,0.8677729584
GLOBAL,S1D2,PWRCCGINDNO01,2,2033,109.87470901
GLOBAL,S1D2,PWRCCGINDSO01,2,2033,268.26882745
GLOBAL,S1D2,PWRCOAINDEA01,2,2033,229.702102262
GLOBAL,S1D2,PWRCOAINDNO01,2,2033,349.27235876000003
GLOBAL,S1D2,PWRCOAINDSO01,2,2033,382.14846012
GLOBAL,S1D2,PWRCOAINDWE01,2,2033,648.78335388
GLOBAL,S1D2,PWRCSPINDNO01,1,2033,0.0027792187992
GLOBAL,S1D2,PWRCSPINDSO01,1,2033,0.00078177744
GLOBAL,S1D2,PWRHYDINDEA01,1,2033,10.2547546063
GLOBAL,S1D2,PWRHYDINDNE01,1,2033,9.098777818
GLOBAL,S1D2,PWRHYDINDNO01,1,2033,71.828915924
GLOBAL,S1D2,PWRHYDINDSO01,1,2033,19.4527023403
GLOBAL,S1D2,PWRHYDINDWE01,1,2033,9.2551075244
GLOBAL,S1D2,PWRSPVINDEA01,1,2033,1.45808396575
GLOBAL,S1D2,PWRSPVINDNE01,1,2033,0.0041778185402
GLOBAL,S1D2,PWRSPVINDNO01,1,2033,0.86672449014
GLOBAL,S1D2,PWRSPVINDSO01,1,2033,1.38320482873
GLOBAL,S1D2,PWRSPVINDWE01,1,2033,0.54870302513
GLOBAL,S1D2,PWRTRNINDEA,1,2033,328.70749199000005
GLOBAL,S1D2,PWRTRNINDNE,1,2033,244.809457969
GLOBAL,S1D2,PWRTRNINDNO,1,2033,653.42158767
GLOBAL,S1D2,PWRTRNINDSO,1,2033,795.4174929600001
GLOBAL,S1D2,PWRTRNINDWE,1,2033,705.08082413
GLOBAL,S1D2,PWRURNINDNO01,2,2033,33.772785408000004
GLOBAL,S1D2,PWRURNINDSO01,2,2033,72.079879968
GLOBAL,S1D2,PWRURNINDWE01,2,2033,22.827901248000003
GLOBAL,S1D2,PWRWOFINDNE01,1,2033,235.706500557
GLOBAL,S1D2,PWRWONINDEA01,1,2033,0.0164337436654
GLOBAL,S1D2,PWRWONINDNO01,1,2033,5.6635318286
GLOBAL,S1D2,PWRWONINDSO01,1,2033,12.0522718046
GLOBAL,S1D2,PWRWONINDWE01,1,2033,22.7979881466
GLOBAL,S1D2,RNWBIOINDNO,1,2033,5.5783729727
GLOBAL,S1D2,RNWBIOINDWE,1,2033,3.254148594
GLOBAL,S1D2,RNWCSPINDNO,1,2033,0.0027792187992
GLOBAL,S1D2,RNWCSPINDSO,1,2033,0.00078177744
GLOBAL,S1D2,RNWHYDINDEA,1,2033,10.2547546063
GLOBAL,S1D2,RNWHYDINDNE,1,2033,9.098777818
GLOBAL,S1D2,RNWHYDINDNO,1,2033,71.828915924
GLOBAL,S1D2,RNWHYDINDSO,1,2033,19.4527023403
GLOBAL,S1D2,RNWHYDINDWE,1,2033,9.2551075244
GLOBAL,S1D2,RNWSPVINDEA,1,2033,1.45808396575
GLOBAL,S1D2,RNWSPVINDNE,1,2033,0.0041778185402
GLOBAL,S1D2,RNWSPVINDNO,1,2033,0.86672449014
GLOBAL,S1D2,RNWSPVINDSO,1,2033,1.38320482873
GLOBAL,S1D2,RNWSPVINDWE,1,2033,0.54870302513
GLOBAL,S1D2,RNWWOFINDNE,1,2033,235.706500557
GLOBAL,S1D2,RNWWONINDEA,1,2033,0.0164337436654
GLOBAL,S1D2,RNWWONINDNO,1,2033,5.6635318286
GLOBAL,S1D2,RNWWONINDSO,1,2033,12.0522718046
GLOBAL,S1D2,RNWWONINDWE,1,2033,22.7979881466
GLOBAL,S1D2,TRNINDEAINDNE,2,2033,90.138938832
GLOBAL,S1D2,TRNINDNEINDNO,1,2033,85.99551840000001
GLOBAL,S1D2,TRNINDSOINDWE,2,2033,41.800823630000004
GLOBAL,S1D2,MINCOAINT,1,2034,4811.8795592999995
GLOBAL,S1D2,MINGASINT,1,2034,893.3568829400001
GLOBAL,S1D2,MINURNINT,1,2034,285.67086207
GLOBAL,S1D2,PWRBIOINDNO01,1,2034,1.6651859472000001
GLOBAL,S1D2,PWRBIOINDWE01,1,2034,0.8677729584
GLOBAL,S1D2,PWRCCGINDNO01,2,2034,134.465863462
GLOBAL,S1D2,PWRCCGINDSO01,2,2034,312.21257305
GLOBAL,S1D2,PWRCOAINDEA01,2,2034,259.7131787
GLOBAL,S1D2,PWRCOAINDNO01,2,2034,343.63808756000003
GLOBAL,S1D2,PWRCOAINDSO01,2,2034,380.19401652
GLOBAL,S1D2,PWRCOAINDWE01,2,2034,657.0917471700001
GLOBAL,S1D2,PWRCSPINDNO01,1,2034,0.0027792187992
GLOBAL,S1D2,PWRCSPINDSO01,1,2034,0.00078177744
GLOBAL,S1D2,PWRHYDINDEA01,1,2034,10.2547546063
GLOBAL,S1D2,PWRHYDINDNE01,1,2034,8.1873707411
GLOBAL,S1D2,PWRHYDINDNO01,1,2034,71.828915924
GLOBAL,S1D2,PWRHYDINDSO01,1,2034,19.4527023403
GLOBAL,S1D2,PWRHYDINDWE01,1,2034,9.2551075244
GLOBAL,S1D2,PWRSPVINDEA01,1,2034,1.46294112003
GLOBAL,S1D2,PWRSPVINDNE01,1,2034,0.0041778185402
GLOBAL,S1D2,PWRSPVINDNO01,1,2034,0.90209367222
GLOBAL,S1D2,PWRSPVINDSO01,1,2034,1.4674909278900001
GLOBAL,S1D2,PWRSPVINDWE01,1,2034,0.57999968122
GLOBAL,S1D2,PWRTRNINDEA,1,2034,373.86237783
GLOBAL,S1D2,PWRTRNINDNE,1,2034,279.74555627
GLOBAL,S1D2,PWRTRNINDNO,1,2034,687.0456033300001
GLOBAL,S1D2,PWRTRNINDSO,1,2034,838.18249885
GLOBAL,S1D2,PWRTRNINDWE,1,2034,713.42052719
GLOBAL,S1D2,PWRURNINDNO01,2,2034,33.772785408000004
GLOBAL,S1D2,PWRURNINDSO01,2,2034,72.079879968
GLOBAL,S1D2,PWRURNINDWE01,2,2034,22.827901248000003
GLOBAL,S1D2,PWRWOFINDNE01,1,2034,271.55399825
GLOBAL,S1D2,PWRWONINDEA01,1,2034,0.0164337436654
GLOBAL,S1D2,PWRWONINDNO01,1,2034,5.6635318286
GLOBAL,S1D2,PWRWONINDSO01,1,2034,12.0522718046
GLOBAL,S1D2,PWRWONINDWE01,1,2034,22.7979881466
GLOBAL,S1D2,RNWBIOINDNO,1,2034,5.5783729727
GLOBAL,S1D2,RNWBIOINDWE,1,2034,3.254148594
GLOBAL,S1D2,RNWCSPINDNO,1,2034,0.0027792187992
GLOBAL,S1D2,RNWCSPINDSO,1,2034,0.00078177744
GLOBAL,S1D2,RNWHYDINDEA,1,2034,10.2547546063
GLOBAL,S1D2,RNWHYDINDNE,1,2034,8.1873707411
GLOBAL,S1D2,RNWHYDINDNO,1,2034,71.828915924
GLOBAL,S1D2,RNWHYDINDSO,1,2034,19.4527023403
GLOBAL,S1D2,RNWHYDINDWE,1,2034,9.2551075244
GLOBAL,S1D2,RNWSPVINDEA,1,2034,1.46294112003
GLOBAL,S1D2,RNWSPVINDNE,1,2034,0.0041778185402
GLOBAL,S1D2,RNWSPVINDNO,1,2034,0.90209367222
GLOBAL,S1D2,RNWSPVINDSO,1,2034,1.4674909278900001
GLOBAL,S1D2,RNWSPVINDWE,1,2034,0.57999968122
GLOBAL,S1D2,RNWWOFINDNE,1,2034,271.55399825
GLOBAL,S1D2,RNWWONINDEA,1,2034,0.0164337436654
GLOBAL,S1D2,RNWWONINDNO,1,2034,5.6635318286
GLOBAL,S1D2,RNWWONINDSO,1,2034,12.0522718046
GLOBAL,S1D2,RNWWONINDWE,1,2034,22.7979881466
GLOBAL,S1D2,TRNINDEAINDNE,2,2034,105.774487632
GLOBAL,S1D2,TRNINDEAINDSO,1,2034,28.504888097
GLOBAL,S1D2,TRNINDNEINDNO,1,2034,101.6310672
GLOBAL,S1D2,TRNINDSOINDWE,2,2034,14.7605257582
GLOBAL,S1D2,MINCOAINT,1,2035,4826.5805251
GLOBAL,S1D2,MINGASINT,1,2035,1081.25015936
GLOBAL,S1D2,MINURNINT,1,2035,285.67086207
GLOBAL,S1D2,PWRBIOINDNO01,1,2035,1.6651859472000001
GLOBAL,S1D2,PWRBIOINDWE01,1,2035,0.8677729584
GLOBAL,S1D2,PWRCCGINDNO01,2,2035,156.74309700300003
GLOBAL,S1D2,PWRCCGINDSO01,2,2035,357.73313618000003
GLOBAL,S1D2,PWRCCGINDWE01,2,2035,26.14883906
GLOBAL,S1D2,PWRCOAINDEA01,2,2035,280.27405428000003
GLOBAL,S1D2,PWRCOAINDNO01,2,2035,340.35462727
GLOBAL,S1D2,PWRCOAINDSO01,2,2035,376.91053144000006
GLOBAL,S1D2,PWRCOAINDWE01,2,2035,648.2967509700001
GLOBAL,S1D2,PWRCSPINDNO01,1,2035,0.0027792187992
GLOBAL,S1D2,PWRCSPINDSO01,1,2035,0.00078177744
GLOBAL,S1D2,PWRHYDINDEA01,1,2035,10.2547546063
GLOBAL,S1D2,PWRHYDINDNE01,1,2035,7.9580994345
GLOBAL,S1D2,PWRHYDINDNO01,1,2035,71.828915924
GLOBAL,S1D2,PWRHYDINDSO01,1,2035,19.4527023403
GLOBAL,S1D2,PWRHYDINDWE01,1,2035,9.2551075244
GLOBAL,S1D2,PWRSPVINDEA01,1,2035,1.4711809689700002
GLOBAL,S1D2,PWRSPVINDNE01,1,2035,0.0041778185402
GLOBAL,S1D2,PWRSPVINDNO01,1,2035,0.93560457111
GLOBAL,S1D2,PWRSPVINDSO01,1,2035,1.5522616715500002
GLOBAL,S1D2,PWRSPVINDWE01,1,2035,0.61060415093
GLOBAL,S1D2,PWRTRNINDEA,1,2035,409.570464
GLOBAL,S1D2,PWRTRNINDNE,1,2035,314.71415674
GLOBAL,S1D2,PWRTRNINDNO,1,2035,720.67680809
GLOBAL,S1D2,PWRTRNINDSO,1,2035,881.1699949900001
GLOBAL,S1D2,PWRTRNINDWE,1,2035,733.25750998
GLOBAL,S1D2,PWRURNINDNO01,2,2035,33.772785408000004
GLOBAL,S1D2,PWRURNINDSO01,2,2035,72.079879968
GLOBAL,S1D2,PWRURNINDWE01,2,2035,22.827901248000003
GLOBAL,S1D2,PWRWOFINDNE01,1,2035,306.75188142999997
GLOBAL,S1D2,PWRWONINDEA01,1,2035,0.0164337436654
GLOBAL,S1D2,PWRWONINDNO01,1,2035,5.6357045578000005
GLOBAL,S1D2,PWRWONINDSO01,1,2035,12.0249095942
GLOBAL,S1D2,PWRWONINDWE01,1,2035,22.7979881466
GLOBAL,S1D2,RNWBIOINDNO,1,2035,5.5783729727
GLOBAL,S1D2,RNWBIOINDWE,1,2035,3.254148594
GLOBAL,S1D2,RNWCSPINDNO,1,2035,0.0027792187992
GLOBAL,S1D2,RNWCSPINDSO,1,2035,0.00078177744
GLOBAL,S1D2,RNWHYDINDEA,1,2035,10.2547546063
GLOBAL,S1D2,RNWHYDINDNE,1,2035,7.9580994345
GLOBAL,S1D2,RNWHYDINDNO,1,2035,71.828915924
GLOBAL,S1D2,RNWHYDINDSO,1,2035,19.4527023403
GLOBAL,S1D2,RNWHYDINDWE,1,2035,9.2551075244
GLOBAL,S1D2,RNWSPVINDEA,1,2035,1.4711809689700002
GLOBAL,S1D2,RNWSPVINDNE,1,2035,0.0041778185402
GLOBAL,S1D2,RNWSPVINDNO,1,2035,0.93560457111
GLOBAL,S1D2,RNWSPVINDSO,1,2035,1.5522616715500002
GLOBAL,S1D2,RNWSPVINDWE,1,2035,0.61060415093
GLOBAL,S1D2,RNWWOFINDNE,1,2035,306.75188142999997
GLOBAL,S1D2,RNWWONINDEA,1,2035,0.0164337436654
GLOBAL,S1D2,RNWWONINDNO,1,2035,5.6357045578000005
GLOBAL,S1D2,RNWWONINDSO,1,2035,12.0249095942
GLOBAL,S1D2,RNWWONINDWE,1,2035,22.7979881466
GLOBAL,S1D2,TRNINDEAINDNE,2,2035,121.410036432
GLOBAL,S1D2,TRNINDEAINDSO,1,2035,44.40323072900001
GLOBAL,S1D2,TRNINDEAINDWE,1,2035,2.6397363768
GLOBAL,S1D2,TRNINDNEINDNO,1,2035,117.26661600000001
GLOBAL,S1D2,MINCOAINT,1,2036,4819.0146171
GLOBAL,S1D2,MINGASINT,1,2036,1327.42430435
GLOBAL,S1D2,MINURNINT,1,2036,285.67086207
GLOBAL,S1D2,PWRBIOINDNO01,1,2036,1.6651859472000001
GLOBAL,S1D2,PWRBIOINDWE01,1,2036,0.8677729584
GLOBAL,S1D2,PWRCCGINDNO01,2,2036,183.45783226700001
GLOBAL,S1D2,PWRCCGINDSO01,2,2036,408.22897794
GLOBAL,S1D2,PWRCCGINDWE01,2,2036,72.025332052
GLOBAL,S1D2,PWRCOAINDEA01,2,2036,288.29042137
GLOBAL,S1D2,PWRCOAINDNO01,2,2036,338.40018367
GLOBAL,S1D2,PWRCOAINDSO01,2,2036,374.87792497000004
GLOBAL,S1D2,PWRCOAINDWE01,2,2036,641.76892422
GLOBAL,S1D2,PWRCSPINDNO01,1,2036,0.0027792187992
GLOBAL,S1D2,PWRCSPINDSO01,1,2036,0.00078177744
GLOBAL,S1D2,PWRHYDINDEA01,1,2036,10.2547546063
GLOBAL,S1D2,PWRHYDINDNE01,1,2036,7.697359206100001
GLOBAL,S1D2,PWRHYDINDNO01,1,2036,71.828915924
GLOBAL,S1D2,PWRHYDINDSO01,1,2036,19.4527023403
GLOBAL,S1D2,PWRHYDINDWE01,1,2036,9.2551075244
GLOBAL,S1D2,PWRSPVINDEA01,1,2036,1.49950565112
GLOBAL,S1D2,PWRSPVINDNE01,1,2036,0.0041778185402
GLOBAL,S1D2,PWRSPVINDNO01,1,2036,0.9803660644400001
GLOBAL,S1D2,PWRSPVINDSO01,1,2036,1.6495361441500003
GLOBAL,S1D2,PWRSPVINDWE01,1,2036,0.6470932460500001
GLOBAL,S1D2,PWRTRNINDEA,1,2036,432.75414637
GLOBAL,S1D2,PWRTRNINDNE,1,2036,350.19025809
GLOBAL,S1D2,PWRTRNINDNO,1,2036,760.11360774
GLOBAL,S1D2,PWRTRNINDSO,1,2036,930.5125067900001
GLOBAL,S1D2,PWRTRNINDWE,1,2036,774.43251006
GLOBAL,S1D2,PWRURNINDNO01,2,2036,33.772785408000004
GLOBAL,S1D2,PWRURNINDSO01,2,2036,72.079879968
GLOBAL,S1D2,PWRURNINDWE01,2,2036,22.827901248000003
GLOBAL,S1D2,PWRWOFINDNE01,1,2036,342.488724
GLOBAL,S1D2,PWRWONINDEA01,1,2036,0.0164337436654
GLOBAL,S1D2,PWRWONINDNO01,1,2036,5.6357045578000005
GLOBAL,S1D2,PWRWONINDSO01,1,2036,12.010251267200001
GLOBAL,S1D2,PWRWONINDWE01,1,2036,22.6627564655
GLOBAL,S1D2,RNWBIOINDNO,1,2036,5.5783729727
GLOBAL,S1D2,RNWBIOINDWE,1,2036,3.254148594
GLOBAL,S1D2,RNWCSPINDNO,1,2036,0.0027792187992
GLOBAL,S1D2,RNWCSPINDSO,1,2036,0.00078177744
GLOBAL,S1D2,RNWHYDINDEA,1,2036,10.2547546063
GLOBAL,S1D2,RNWHYDINDNE,1,2036,7.697359206100001
GLOBAL,S1D2,RNWHYDINDNO,1,2036,71.828915924
GLOBAL,S1D2,RNWHYDINDSO,1,2036,19.4527023403
GLOBAL,S1D2,RNWHYDINDWE,1,2036,9.2551075244
GLOBAL,S1D2,RNWSPVINDEA,1,2036,1.49950565112
GLOBAL,S1D2,RNWSPVINDNE,1,2036,0.0041778185402
GLOBAL,S1D2,RNWSPVINDNO,1,2036,0.9803660644400001
GLOBAL,S1D2,RNWSPVINDSO,1,2036,1.6495361441500003
GLOBAL,S1D2,RNWSPVINDWE,1,2036,0.6470932460500001
GLOBAL,S1D2,RNWWOFINDNE,1,2036,342.488724
GLOBAL,S1D2,RNWWONINDEA,1,2036,0.0164337436654
GLOBAL,S1D2,RNWWONINDNO,1,2036,5.6357045578000005
GLOBAL,S1D2,RNWWONINDSO,1,2036,12.010251267200001
GLOBAL,S1D2,RNWWONINDWE,1,2036,22.6627564655
GLOBAL,S1D2,TRNINDEAINDNE,2,2036,137.045585232
GLOBAL,S1D2,TRNINDEAINDSO,1,2036,45.257357784
GLOBAL,S1D2,TRNINDEAINDWE,1,2036,4.7117767956000005
GLOBAL,S1D2,TRNINDNEINDNO,1,2036,132.9021648
GLOBAL,S1D2,MINCOAINT,1,2037,4826.0497712
GLOBAL,S1D2,MINGASINT,1,2037,1563.6514866300001
GLOBAL,S1D2,MINURNINT,1,2037,285.67086207
GLOBAL,S1D2,PWRBIOINDNO01,1,2037,1.6651859472000001
GLOBAL,S1D2,PWRBIOINDWE01,1,2037,0.8677729584
GLOBAL,S1D2,PWRCCGINDNO01,2,2037,211.96268070000002
GLOBAL,S1D2,PWRCCGINDSO01,2,2037,456.38233823
GLOBAL,S1D2,PWRCCGINDWE01,2,2037,113.480726864
GLOBAL,S1D2,PWRCOAINDEA01,2,2037,296.43438259
GLOBAL,S1D2,PWRCOAINDNO01,2,2037,334.80399753
GLOBAL,S1D2,PWRCOAINDSO01,2,2037,374.87792497000004
GLOBAL,S1D2,PWRCOAINDWE01,2,2037,639.6971991300001
GLOBAL,S1D2,PWRCSPINDNO01,1,2037,0.0027792187992
GLOBAL,S1D2,PWRCSPINDSO01,1,2037,0.00078177744
GLOBAL,S1D2,PWRHYDINDEA01,1,2037,10.2547546063
GLOBAL,S1D2,PWRHYDINDNE01,1,2037,7.4389445276
GLOBAL,S1D2,PWRHYDINDNO01,1,2037,71.828915924
GLOBAL,S1D2,PWRHYDINDSO01,1,2037,19.4527023403
GLOBAL,S1D2,PWRHYDINDWE01,1,2037,9.2551075244
GLOBAL,S1D2,PWRSPVINDEA01,1,2037,1.52862720782
GLOBAL,S1D2,PWRSPVINDNE01,1,2037,0.0041778185402
GLOBAL,S1D2,PWRSPVINDNO01,1,2037,1.02528182594
GLOBAL,S1D2,PWRSPVINDSO01,1,2037,1.7461803310000001
GLOBAL,S1D2,PWRSPVINDWE01,1,2037,0.6836775099800001
GLOBAL,S1D2,PWRTRNINDEA,1,2037,456.06616657
GLOBAL,S1D2,PWRTRNINDNE,1,2037,385.62885217
GLOBAL,S1D2,PWRTRNINDNO,1,2037,799.61280382
GLOBAL,S1D2,PWRTRNINDSO,1,2037,979.52000653
GLOBAL,S1D2,PWRTRNINDWE,1,2037,815.78998933
GLOBAL,S1D2,PWRURNINDNO01,2,2037,33.772785408000004
GLOBAL,S1D2,PWRURNINDSO01,2,2037,72.079879968
GLOBAL,S1D2,PWRURNINDWE01,2,2037,22.827901248000003
GLOBAL,S1D2,PWRWOFINDNE01,1,2037,378.18572904
GLOBAL,S1D2,PWRWONINDEA01,1,2037,0.0164337436654
GLOBAL,S1D2,PWRWONINDNO01,1,2037,5.549572198600001
GLOBAL,S1D2,PWRWONINDSO01,1,2037,11.9778076026
GLOBAL,S1D2,PWRWONINDWE01,1,2037,22.6627564655
GLOBAL,S1D2,RNWBIOINDNO,1,2037,5.5783729727
GLOBAL,S1D2,RNWBIOINDWE,1,2037,3.254148594
GLOBAL,S1D2,RNWCSPINDNO,1,2037,0.0027792187992
GLOBAL,S1D2,RNWCSPINDSO,1,2037,0.00078177744
GLOBAL,S1D2,RNWHYDINDEA,1,2037,10.2547546063
GLOBAL,S1D2,RNWHYDINDNE,1,2037,7.4389445276
GLOBAL,S1D2,RNWHYDINDNO,1,2037,71.828915924
GLOBAL,S1D2,RNWHYDINDSO,1,2037,19.4527023403
GLOBAL,S1D2,RNWHYDINDWE,1,2037,9.2551075244
GLOBAL,S1D2,RNWSPVINDEA,1,2037,1.52862720782
GLOBAL,S1D2,RNWSPVINDNE,1,2037,0.0041778185402
GLOBAL,S1D2,RNWSPVINDNO,1,2037,1.02528182594
GLOBAL,S1D2,RNWSPVINDSO,1,2037,1.7461803310000001
GLOBAL,S1D2,RNWSPVINDWE,1,2037,0.6836775099800001
GLOBAL,S1D2,RNWWOFINDNE,1,2037,378.18572904
GLOBAL,S1D2,RNWWONINDEA,1,2037,0.0164337436654
GLOBAL,S1D2,RNWWONINDNO,1,2037,5.549572198600001
GLOBAL,S1D2,RNWWONINDSO,1,2037,11.9778076026
GLOBAL,S1D2,RNWWONINDWE,1,2037,22.6627564655
GLOBAL,S1D2,TRNINDEAINDNE,2,2037,152.68113403200002
GLOBAL,S1D2,TRNINDEAINDSO,1,2037,46.104285823
GLOBAL,S1D2,TRNINDEAINDWE,1,2037,6.7968837755000004
GLOBAL,S1D2,TRNINDNEINDNO,1,2037,148.5377136
GLOBAL,S1D2,MINCOAINT,1,2038,4805.1106498
GLOBAL,S1D2,MINGASINT,1,2038,1819.0605511600002
GLOBAL,S1D2,MINURNINT,1,2038,285.67086207
GLOBAL,S1D2,PWRBIOINDNO01,1,2038,1.6651859472000001
GLOBAL,S1D2,PWRBIOINDWE01,1,2038,0.8677729584
GLOBAL,S1D2,PWRCCGINDNO01,2,2038,238.591830968
GLOBAL,S1D2,PWRCCGINDSO01,2,2038,517.56643807
GLOBAL,S1D2,PWRCCGINDWE01,2,2038,153.37201149999999
GLOBAL,S1D2,PWRCOAINDEA01,2,2038,304.35877878
GLOBAL,S1D2,PWRCOAINDNO01,2,2038,332.84955393
GLOBAL,S1D2,PWRCOAINDSO01,2,2038,361.82224668
GLOBAL,S1D2,PWRCOAINDWE01,2,2038,639.6971991300001
GLOBAL,S1D2,PWRCSPINDNO01,1,2038,0.0027792187992
GLOBAL,S1D2,PWRCSPINDSO01,1,2038,0.00078177744
GLOBAL,S1D2,PWRHYDINDEA01,1,2038,10.2547546063
GLOBAL,S1D2,PWRHYDINDNE01,1,2038,6.3638084251
GLOBAL,S1D2,PWRHYDINDNO01,1,2038,71.828915924
GLOBAL,S1D2,PWRHYDINDSO01,1,2038,19.4527023403
GLOBAL,S1D2,PWRHYDINDWE01,1,2038,9.2551075244
GLOBAL,S1D2,PWRSPVINDEA01,1,2038,1.55662662038
GLOBAL,S1D2,PWRSPVINDNE01,1,2038,0.0041778185402
GLOBAL,S1D2,PWRSPVINDNO01,1,2038,1.06990536292
GLOBAL,S1D2,PWRSPVINDSO01,1,2038,1.84278958874
GLOBAL,S1D2,PWRSPVINDWE01,1,2038,0.72062363354
GLOBAL,S1D2,PWRTRNINDEA,1,2038,479.15755577
GLOBAL,S1D2,PWRTRNINDNE,1,2038,421.05495209000003
GLOBAL,S1D2,PWRTRNINDNO,1,2038,838.94399807
GLOBAL,S1D2,PWRTRNINDSO,1,2038,1028.53749664
GLOBAL,S1D2,PWRTRNINDWE,1,2038,857.49249582
GLOBAL,S1D2,PWRURNINDNO01,2,2038,33.772785408000004
GLOBAL,S1D2,PWRURNINDSO01,2,2038,72.079879968
GLOBAL,S1D2,PWRURNINDWE01,2,2038,22.827901248000003
GLOBAL,S1D2,PWRWOFINDNE01,1,2038,414.68697126000006
GLOBAL,S1D2,PWRWONINDEA01,1,2038,0.0164337436654
GLOBAL,S1D2,PWRWONINDNO01,1,2038,5.5296955766
GLOBAL,S1D2,PWRWONINDSO01,1,2038,11.9778076026
GLOBAL,S1D2,PWRWONINDWE01,1,2038,22.5470580649
GLOBAL,S1D2,RNWBIOINDNO,1,2038,5.5783729727
GLOBAL,S1D2,RNWBIOINDWE,1,2038,3.254148594
GLOBAL,S1D2,RNWCSPINDNO,1,2038,0.0027792187992
GLOBAL,S1D2,RNWCSPINDSO,1,2038,0.00078177744
GLOBAL,S1D2,RNWHYDINDEA,1,2038,10.2547546063
GLOBAL,S1D2,RNWHYDINDNE,1,2038,6.3638084251
GLOBAL,S1D2,RNWHYDINDNO,1,2038,71.828915924
GLOBAL,S1D2,RNWHYDINDSO,1,2038,19.4527023403
GLOBAL,S1D2,RNWHYDINDWE,1,2038,9.2551075244
GLOBAL,S1D2,RNWSPVINDEA,1,2038,1.55662662038
GLOBAL,S1D2,RNWSPVINDNE,1,2038,0.0041778185402
GLOBAL,S1D2,RNWSPVINDNO,1,2038,1.06990536292
GLOBAL,S1D2,RNWSPVINDSO,1,2038,1.84278958874
GLOBAL,S1D2,RNWSPVINDWE,1,2038,0.72062363354
GLOBAL,S1D2,RNWWOFINDNE,1,2038,414.68697126000006
GLOBAL,S1D2,RNWWONINDEA,1,2038,0.0164337436654
GLOBAL,S1D2,RNWWONINDNO,1,2038,5.5296955766
GLOBAL,S1D2,RNWWONINDSO,1,2038,11.9778076026
GLOBAL,S1D2,RNWWONINDWE,1,2038,22.5470580649
GLOBAL,S1D2,TRNINDEAINDNE,2,2038,168.31668283200003
GLOBAL,S1D2,TRNINDEAINDSO,1,2038,46.953930846000006
GLOBAL,S1D2,TRNINDEAINDWE,1,2038,8.831120188
GLOBAL,S1D2,TRNINDNEINDNO,1,2038,164.1732624
GLOBAL,S1D2,MINCOAINT,1,2039,4799.7832788000005
GLOBAL,S1D2,MINGASINT,1,2039,2065.25715589
GLOBAL,S1D2,MINURNINT,1,2039,285.67086207
GLOBAL,S1D2,PWRBIOINDNO01,1,2039,1.1570306112000002
GLOBAL,S1D2,PWRBIOINDWE01,1,2039,0.8677729584
GLOBAL,S1D2,PWRCCGINDNO01,2,2039,268.13959718
GLOBAL,S1D2,PWRCCGINDSO01,2,2039,567.4188801700001
GLOBAL,S1D2,PWRCCGINDWE01,2,2039,197.07011546900003
GLOBAL,S1D2,PWRCOAINDEA01,2,2039,311.48315209000003
GLOBAL,S1D2,PWRCOAINDNO01,2,2039,329.05794822
GLOBAL,S1D2,PWRCOAINDSO01,2,2039,360.18050414000004
GLOBAL,S1D2,PWRCOAINDWE01,2,2039,636.26130513
GLOBAL,S1D2,PWRCSPINDNO01,1,2039,0.0027792187992
GLOBAL,S1D2,PWRCSPINDSO01,1,2039,0.00078177744
GLOBAL,S1D2,PWRHYDINDEA01,1,2039,10.2547546063
GLOBAL,S1D2,PWRHYDINDNE01,1,2039,6.9188597478
GLOBAL,S1D2,PWRHYDINDNO01,1,2039,71.828915924
GLOBAL,S1D2,PWRHYDINDSO01,1,2039,19.4527023403
GLOBAL,S1D2,PWRHYDINDWE01,1,2039,9.2551075244
GLOBAL,S1D2,PWRSPVINDEA01,1,2039,1.5792267213600002
GLOBAL,S1D2,PWRSPVINDNE01,1,2039,0.0041778185402
GLOBAL,S1D2,PWRSPVINDNO01,1,2039,1.1153874271800002
GLOBAL,S1D2,PWRSPVINDSO01,1,2039,1.93952073891
GLOBAL,S1D2,PWRSPVINDWE01,1,2039,0.75790439731
GLOBAL,S1D2,PWRTRNINDEA,1,2039,501.44346829000006
GLOBAL,S1D2,PWRTRNINDNE,1,2039,456.55854555
GLOBAL,S1D2,PWRTRNINDNO,1,2039,878.67840167
GLOBAL,S1D2,PWRTRNINDSO,1,2039,1077.5375098000002
GLOBAL,S1D2,PWRTRNINDWE,1,2039,899.5450123200001
GLOBAL,S1D2,PWRURNINDNO01,2,2039,33.772785408000004
GLOBAL,S1D2,PWRURNINDSO01,2,2039,72.079879968
GLOBAL,S1D2,PWRURNINDWE01,2,2039,22.827901248000003
GLOBAL,S1D2,PWRWOFINDNE01,1,2039,449.63551662000003
GLOBAL,S1D2,PWRWONINDEA01,1,2039,0.0164337436654
GLOBAL,S1D2,PWRWONINDNO01,1,2039,5.3388792617
GLOBAL,S1D2,PWRWONINDSO01,1,2039,11.884971531600002
GLOBAL,S1D2,PWRWONINDWE01,1,2039,22.3802719365
GLOBAL,S1D2,RNWBIOINDNO,1,2039,3.8760525971
GLOBAL,S1D2,RNWBIOINDWE,1,2039,3.254148594
GLOBAL,S1D2,RNWCSPINDNO,1,2039,0.0027792187992
GLOBAL,S1D2,RNWCSPINDSO,1,2039,0.00078177744
GLOBAL,S1D2,RNWHYDINDEA,1,2039,10.2547546063
GLOBAL,S1D2,RNWHYDINDNE,1,2039,6.9188597478
GLOBAL,S1D2,RNWHYDINDNO,1,2039,71.828915924
GLOBAL,S1D2,RNWHYDINDSO,1,2039,19.4527023403
GLOBAL,S1D2,RNWHYDINDWE,1,2039,9.2551075244
GLOBAL,S1D2,RNWSPVINDEA,1,2039,1.5792267213600002
GLOBAL,S1D2,RNWSPVINDNE,1,2039,0.0041778185402
GLOBAL,S1D2,RNWSPVINDNO,1,2039,1.1153874271800002
GLOBAL,S1D2,RNWSPVINDSO,1,2039,1.93952073891
GLOBAL,S1D2,RNWSPVINDWE,1,2039,0.75790439731
GLOBAL,S1D2,RNWWOFINDNE,1,2039,449.63551662000003
GLOBAL,S1D2,RNWWONINDEA,1,2039,0.0164337436654
GLOBAL,S1D2,RNWWONINDNO,1,2039,5.3388792617
GLOBAL,S1D2,RNWWONINDSO,1,2039,11.884971531600002
GLOBAL,S1D2,RNWWONINDWE,1,2039,22.3802719365
GLOBAL,S1D2,TRNINDEAINDNE,2,2039,183.952231632
GLOBAL,S1D2,TRNINDEAINDSO,1,2039,47.795985171000005
GLOBAL,S1D2,TRNINDEAINDWE,1,2039,10.8974797304
GLOBAL,S1D2,TRNINDNEINDNO,1,2039,179.8088112
GLOBAL,S1D2,MINCOAINT,1,2040,4808.3752449
GLOBAL,S1D2,MINGASINT,1,2040,2301.8876466799998
GLOBAL,S1D2,MINURNINT,1,2040,285.67086207
GLOBAL,S1D2,PWRBIOINDNO01,1,2040,0.8443196352000001
GLOBAL,S1D2,PWRBIOINDWE01,1,2040,0.8677729584
GLOBAL,S1D2,PWRCCGINDNO01,2,2040,296.81141370000006
GLOBAL,S1D2,PWRCCGINDSO01,2,2040,615.2088438500001
GLOBAL,S1D2,PWRCCGINDWE01,2,2040,238.923573227
GLOBAL,S1D2,PWRCOAINDEA01,2,2040,318.24663258
GLOBAL,S1D2,PWRCOAINDNO01,2,2040,325.57904357000007
GLOBAL,S1D2,PWRCOAINDSO01,2,2040,360.18050414000004
GLOBAL,S1D2,PWRCOAINDWE01,2,2040,635.96813859
GLOBAL,S1D2,PWRCSPINDNO01,1,2040,0.0013915638432
GLOBAL,S1D2,PWRHYDINDEA01,1,2040,10.2547546063
GLOBAL,S1D2,PWRHYDINDNE01,1,2040,6.0168116396
GLOBAL,S1D2,PWRHYDINDNO01,1,2040,71.828915924
GLOBAL,S1D2,PWRHYDINDSO01,1,2040,19.4527023403
GLOBAL,S1D2,PWRHYDINDWE01,1,2040,9.2551075244
GLOBAL,S1D2,PWRSPVINDEA01,1,2040,1.60013545022
GLOBAL,S1D2,PWRSPVINDNE01,1,2040,0.0041778185402
GLOBAL,S1D2,PWRSPVINDNO01,1,2040,1.16199949401
GLOBAL,S1D2,PWRSPVINDSO01,1,2040,2.03625895423
GLOBAL,S1D2,PWRSPVINDWE01,1,2040,0.79621709441
GLOBAL,S1D2,PWRTRNINDEA,1,2040,523.36682706
GLOBAL,S1D2,PWRTRNINDNE,1,2040,491.94463441
GLOBAL,S1D2,PWRTRNINDNO,1,2040,918.1680040200001
GLOBAL,S1D2,PWRTRNINDSO,1,2040,1126.06750456
GLOBAL,S1D2,PWRTRNINDWE,1,2040,942.70499728
GLOBAL,S1D2,PWRURNINDNO01,2,2040,33.772785408000004
GLOBAL,S1D2,PWRURNINDSO01,2,2040,72.079879968
GLOBAL,S1D2,PWRURNINDWE01,2,2040,22.827901248000003
GLOBAL,S1D2,PWRWOFINDNE01,1,2040,485.92363921000003
GLOBAL,S1D2,PWRWONINDEA01,1,2040,0.0164337436654
GLOBAL,S1D2,PWRWONINDNO01,1,2040,5.271298499
GLOBAL,S1D2,PWRWONINDSO01,1,2040,11.7540238104
GLOBAL,S1D2,PWRWONINDWE01,1,2040,22.1068032826
GLOBAL,S1D2,RNWBIOINDNO,1,2040,2.8284708275
GLOBAL,S1D2,RNWBIOINDWE,1,2040,3.254148594
GLOBAL,S1D2,RNWCSPINDNO,1,2040,0.0013915638432
GLOBAL,S1D2,RNWHYDINDEA,1,2040,10.2547546063
GLOBAL,S1D2,RNWHYDINDNE,1,2040,6.0168116396
GLOBAL,S1D2,RNWHYDINDNO,1,2040,71.828915924
GLOBAL,S1D2,RNWHYDINDSO,1,2040,19.4527023403
GLOBAL,S1D2,RNWHYDINDWE,1,2040,9.2551075244
GLOBAL,S1D2,RNWSPVINDEA,1,2040,1.60013545022
GLOBAL,S1D2,RNWSPVINDNE,1,2040,0.0041778185402
GLOBAL,S1D2,RNWSPVINDNO,1,2040,1.16199949401
GLOBAL,S1D2,RNWSPVINDSO,1,2040,2.03625895423
GLOBAL,S1D2,RNWSPVINDWE,1,2040,0.79621709441
GLOBAL,S1D2,RNWWOFINDNE,1,2040,485.92363921000003
GLOBAL,S1D2,RNWWONINDEA,1,2040,0.0164337436654
GLOBAL,S1D2,RNWWONINDNO,1,2040,5.271298499
GLOBAL,S1D2,RNWWONINDSO,1,2040,11.7540238104
GLOBAL,S1D2,RNWWONINDWE,1,2040,22.1068032826
GLOBAL,S1D2,TRNINDEAINDNE,2,2040,199.587780432
GLOBAL,S1D2,TRNINDEAINDSO,1,2040,48.62692118100001
GLOBAL,S1D2,TRNINDEAINDWE,1,2040,12.8724053242
GLOBAL,S1D2,TRNINDNEINDNO,1,2040,195.44436
GLOBAL,S1D2,MINCOAINT,1,2041,4683.5132208
GLOBAL,S1D2,MINGASINT,1,2041,2671.8151326
GLOBAL,S1D2,MINURNINT,1,2041,285.67086207
GLOBAL,S1D2,PWRBIOINDNO01,1,2041,0.8443196352000001
GLOBAL,S1D2,PWRBIOINDWE01,1,2041,0.8677729584
GLOBAL,S1D2,PWRCCGINDNO01,2,2041,339.97789364
GLOBAL,S1D2,PWRCCGINDSO01,2,2041,684.46518744
GLOBAL,S1D2,PWRCCGINDWE01,2,2041,311.46443564
GLOBAL,S1D2,PWRCOAINDEA01,2,2041,328.32632095
GLOBAL,S1D2,PWRCOAINDNO01,2,2041,313.18786123000007
GLOBAL,S1D2,PWRCOAINDSO01,2,2041,345.63943384000004
GLOBAL,S1D2,PWRCOAINDWE01,2,2041,610.40399647
GLOBAL,S1D2,PWRCSPINDNO01,1,2041,0.0013915638432
GLOBAL,S1D2,PWRHYDINDEA01,1,2041,10.2547546063
GLOBAL,S1D2,PWRHYDINDNE01,1,2041,5.821749541400001
GLOBAL,S1D2,PWRHYDINDNO01,1,2041,71.828915924
GLOBAL,S1D2,PWRHYDINDSO01,1,2041,19.4527023403
GLOBAL,S1D2,PWRHYDINDWE01,1,2041,9.2551075244
GLOBAL,S1D2,PWRSPVINDEA01,1,2041,1.6398604832
GLOBAL,S1D2,PWRSPVINDNE01,1,2041,0.0041778185402
GLOBAL,S1D2,PWRSPVINDNO01,1,2041,1.21736577749
GLOBAL,S1D2,PWRSPVINDSO01,1,2041,2.14599037704
GLOBAL,S1D2,PWRSPVINDWE01,1,2041,0.8396708408700001
GLOBAL,S1D2,PWRTRNINDEA,1,2041,548.62520932
GLOBAL,S1D2,PWRTRNINDNE,1,2041,527.90823111
GLOBAL,S1D2,PWRTRNINDNO,1,2041,963.46079663
GLOBAL,S1D2,PWRTRNINDSO,1,2041,1181.55999393
GLOBAL,S1D2,PWRTRNINDWE,1,2041,991.78250398
GLOBAL,S1D2,PWRURNINDNO01,2,2041,33.772785408000004
GLOBAL,S1D2,PWRURNINDSO01,2,2041,72.079879968
GLOBAL,S1D2,PWRURNINDWE01,2,2041,22.827901248000003
GLOBAL,S1D2,PWRWOFINDNE01,1,2041,522.08230842
GLOBAL,S1D2,PWRWONINDEA01,1,2041,0.0164337436654
GLOBAL,S1D2,PWRWONINDNO01,1,2041,5.1016840795
GLOBAL,S1D2,PWRWONINDSO01,1,2041,11.540012236199999
GLOBAL,S1D2,PWRWONINDWE01,1,2041,22.0241616033
GLOBAL,S1D2,RNWBIOINDNO,1,2041,2.8284708275
GLOBAL,S1D2,RNWBIOINDWE,1,2041,3.254148594
GLOBAL,S1D2,RNWCSPINDNO,1,2041,0.0013915638432
GLOBAL,S1D2,RNWHYDINDEA,1,2041,10.2547546063
GLOBAL,S1D2,RNWHYDINDNE,1,2041,5.821749541400001
GLOBAL,S1D2,RNWHYDINDNO,1,2041,71.828915924
GLOBAL,S1D2,RNWHYDINDSO,1,2041,19.4527023403
GLOBAL,S1D2,RNWHYDINDWE,1,2041,9.2551075244
GLOBAL,S1D2,RNWSPVINDEA,1,2041,1.6398604832
GLOBAL,S1D2,RNWSPVINDNE,1,2041,0.0041778185402
GLOBAL,S1D2,RNWSPVINDNO,1,2041,1.21736577749
GLOBAL,S1D2,RNWSPVINDSO,1,2041,2.14599037704
GLOBAL,S1D2,RNWSPVINDWE,1,2041,0.8396708408700001
GLOBAL,S1D2,RNWWOFINDNE,1,2041,522.08230842
GLOBAL,S1D2,RNWWONINDEA,1,2041,0.0164337436654
GLOBAL,S1D2,RNWWONINDNO,1,2041,5.1016840795
GLOBAL,S1D2,RNWWONINDSO,1,2041,11.540012236199999
GLOBAL,S1D2,RNWWONINDWE,1,2041,22.0241616033
GLOBAL,S1D2,TRNINDEAINDNE,2,2041,215.223329232
GLOBAL,S1D2,TRNINDEAINDSO,1,2041,49.572000267
GLOBAL,S1D2,TRNINDEAINDWE,1,2041,15.1757007454
GLOBAL,S1D2,TRNINDNEINDNO,1,2041,211.0799088
GLOBAL,S1D2,MINCOAINT,1,2042,4677.000392
GLOBAL,S1D2,MINGASINT,1,2042,2965.0339795
GLOBAL,S1D2,MINURNINT,1,2042,282.19976627
GLOBAL,S1D2,PWRBIOINDNO01,1,2042,0.8443196352000001
GLOBAL,S1D2,PWRBIOINDWE01,1,2042,0.8677729584
GLOBAL,S1D2,PWRCCGINDNO01,2,2042,374.78131834
GLOBAL,S1D2,PWRCCGINDSO01,2,2042,740.8426054399999
GLOBAL,S1D2,PWRCCGINDWE01,2,2042,366.89311555
GLOBAL,S1D2,PWRCOAINDEA01,2,2042,338.70480319
GLOBAL,S1D2,PWRCOAINDNO01,2,2042,309.90440094
GLOBAL,S1D2,PWRCOAINDSO01,2,2042,344.16970911
GLOBAL,S1D2,PWRCOAINDWE01,2,2042,602.66440973
GLOBAL,S1D2,PWRCSPINDNO01,1,2042,0.00136811052
GLOBAL,S1D2,PWRHYDINDEA01,1,2042,10.2547546063
GLOBAL,S1D2,PWRHYDINDNE01,1,2042,5.631051970600001
GLOBAL,S1D2,PWRHYDINDNO01,1,2042,71.828915924
GLOBAL,S1D2,PWRHYDINDSO01,1,2042,19.4527023403
GLOBAL,S1D2,PWRHYDINDWE01,1,2042,9.2551075244
GLOBAL,S1D2,PWRSPVINDEA01,1,2042,1.68228517197
GLOBAL,S1D2,PWRSPVINDNE01,1,2042,0.0041778185402
GLOBAL,S1D2,PWRSPVINDNO01,1,2042,1.2736028593
GLOBAL,S1D2,PWRSPVINDSO01,1,2042,2.25609801289
GLOBAL,S1D2,PWRSPVINDWE01,1,2042,0.8835290361800001
GLOBAL,S1D2,PWRTRNINDEA,1,2042,574.1850627700001
GLOBAL,S1D2,PWRTRNINDNE,1,2042,563.76684216
GLOBAL,S1D2,PWRTRNINDNO,1,2042,1008.03358848
GLOBAL,S1D2,PWRTRNINDSO,1,2042,1237.22499691
GLOBAL,S1D2,PWRTRNINDWE,1,2042,1041.13250236
GLOBAL,S1D2,PWRURNINDNO01,2,2042,32.209230528000006
GLOBAL,S1D2,PWRURNINDSO01,2,2042,72.079879968
GLOBAL,S1D2,PWRURNINDWE01,2,2042,22.827901248000003
GLOBAL,S1D2,PWRWOFINDNE01,1,2042,558.13160415
GLOBAL,S1D2,PWRWONINDEA01,1,2042,0.0164337436654
GLOBAL,S1D2,PWRWONINDNO01,1,2042,5.030127992400001
GLOBAL,S1D2,PWRWONINDSO01,1,2042,11.304501782400001
GLOBAL,S1D2,PWRWONINDWE01,1,2042,21.6079479151
GLOBAL,S1D2,RNWBIOINDNO,1,2042,2.8284708275
GLOBAL,S1D2,RNWBIOINDWE,1,2042,3.254148594
GLOBAL,S1D2,RNWCSPINDNO,1,2042,0.00136811052
GLOBAL,S1D2,RNWHYDINDEA,1,2042,10.2547546063
GLOBAL,S1D2,RNWHYDINDNE,1,2042,5.631051970600001
GLOBAL,S1D2,RNWHYDINDNO,1,2042,71.828915924
GLOBAL,S1D2,RNWHYDINDSO,1,2042,19.4527023403
GLOBAL,S1D2,RNWHYDINDWE,1,2042,9.2551075244
GLOBAL,S1D2,RNWSPVINDEA,1,2042,1.68228517197
GLOBAL,S1D2,RNWSPVINDNE,1,2042,0.0041778185402
GLOBAL,S1D2,RNWSPVINDNO,1,2042,1.2736028593
GLOBAL,S1D2,RNWSPVINDSO,1,2042,2.25609801289
GLOBAL,S1D2,RNWSPVINDWE,1,2042,0.8835290361800001
GLOBAL,S1D2,RNWWOFINDNE,1,2042,558.13160415
GLOBAL,S1D2,RNWWONINDEA,1,2042,0.0164337436654
GLOBAL,S1D2,RNWWONINDNO,1,2042,5.030127992400001
GLOBAL,S1D2,RNWWONINDSO,1,2042,11.304501782400001
GLOBAL,S1D2,RNWWONINDWE,1,2042,21.6079479151
GLOBAL,S1D2,TRNINDEAINDNE,2,2042,230.858878032
GLOBAL,S1D2,TRNINDEAINDSO,1,2042,50.518383307
GLOBAL,S1D2,TRNINDEAINDWE,1,2042,17.3641867354
GLOBAL,S1D2,TRNINDNEINDNO,1,2042,226.7154576
GLOBAL,S1D2,MINCOAINT,1,2043,4608.037091
GLOBAL,S1D2,MINGASINT,1,2043,3299.0874102000002
GLOBAL,S1D2,MINURNINT,1,2043,282.19976627
GLOBAL,S1D2,PWRBIOINDNO01,1,2043,0.8443196352000001
GLOBAL,S1D2,PWRBIOINDWE01,1,2043,0.8677729584
GLOBAL,S1D2,PWRCCGINDNO01,2,2043,407.95071019
GLOBAL,S1D2,PWRCCGINDSO01,2,2043,802.74340897
GLOBAL,S1D2,PWRCCGINDWE01,2,2043,438.84953636
GLOBAL,S1D2,PWRCOAINDEA01,2,2043,349.04701766
GLOBAL,S1D2,PWRCOAINDNO01,2,2043,306.66000969
GLOBAL,S1D2,PWRCOAINDSO01,2,2043,336.97733683
GLOBAL,S1D2,PWRCOAINDWE01,2,2043,579.3830795499999
GLOBAL,S1D2,PWRCSPINDNO01,1,2043,0.00136811052
GLOBAL,S1D2,PWRHYDINDEA01,1,2043,10.2547546063
GLOBAL,S1D2,PWRHYDINDNE01,1,2043,9.098777818
GLOBAL,S1D2,PWRHYDINDNO01,1,2043,71.828915924
GLOBAL,S1D2,PWRHYDINDSO01,1,2043,19.4527023403
GLOBAL,S1D2,PWRHYDINDWE01,1,2043,9.2551075244
GLOBAL,S1D2,PWRSPVINDEA01,1,2043,1.72477493449
GLOBAL,S1D2,PWRSPVINDNE01,1,2043,0.0041778185402
GLOBAL,S1D2,PWRSPVINDNO01,1,2043,1.32730573378
GLOBAL,S1D2,PWRSPVINDSO01,1,2043,2.36576743591
GLOBAL,S1D2,PWRSPVINDWE01,1,2043,0.92801855842
GLOBAL,S1D2,PWRTRNINDEA,1,2043,599.70874761
GLOBAL,S1D2,PWRTRNINDNE,1,2043,599.83542451
GLOBAL,S1D2,PWRTRNINDNO,1,2043,1052.2704014600001
GLOBAL,S1D2,PWRTRNINDSO,1,2043,1292.59750268
GLOBAL,S1D2,PWRTRNINDWE,1,2043,1090.89751013
GLOBAL,S1D2,PWRURNINDNO01,2,2043,32.209230528000006
GLOBAL,S1D2,PWRURNINDSO01,2,2043,72.079879968
GLOBAL,S1D2,PWRURNINDWE01,2,2043,22.827901248000003
GLOBAL,S1D2,PWRWOFINDNE01,1,2043,590.73248693
GLOBAL,S1D2,PWRWONINDEA01,1,2043,0.0164337436654
GLOBAL,S1D2,PWRWONINDNO01,1,2043,4.656446259300001
GLOBAL,S1D2,PWRWONINDSO01,1,2043,10.986904697400002
GLOBAL,S1D2,PWRWONINDWE01,1,2043,20.6523092807
GLOBAL,S1D2,RNWBIOINDNO,1,2043,2.8284708275
GLOBAL,S1D2,RNWBIOINDWE,1,2043,3.254148594
GLOBAL,S1D2,RNWCSPINDNO,1,2043,0.00136811052
GLOBAL,S1D2,RNWHYDINDEA,1,2043,10.2547546063
GLOBAL,S1D2,RNWHYDINDNE,1,2043,9.098777818
GLOBAL,S1D2,RNWHYDINDNO,1,2043,71.828915924
GLOBAL,S1D2,RNWHYDINDSO,1,2043,19.4527023403
GLOBAL,S1D2,RNWHYDINDWE,1,2043,9.2551075244
GLOBAL,S1D2,RNWSPVINDEA,1,2043,1.72477493449
GLOBAL,S1D2,RNWSPVINDNE,1,2043,0.0041778185402
GLOBAL,S1D2,RNWSPVINDNO,1,2043,1.32730573378
GLOBAL,S1D2,RNWSPVINDSO,1,2043,2.36576743591
GLOBAL,S1D2,RNWSPVINDWE,1,2043,0.92801855842
GLOBAL,S1D2,RNWWOFINDNE,1,2043,590.73248693
GLOBAL,S1D2,RNWWONINDEA,1,2043,0.0164337436654
GLOBAL,S1D2,RNWWONINDNO,1,2043,4.656446259300001
GLOBAL,S1D2,RNWWONINDSO,1,2043,10.986904697400002
GLOBAL,S1D2,RNWWONINDWE,1,2043,20.6523092807
GLOBAL,S1D2,TRNINDEAINDNE,2,2043,246.494426832
GLOBAL,S1D2,TRNINDEAINDSO,1,2043,51.453251392
GLOBAL,S1D2,TRNINDEAINDWE,1,2043,19.517986061600002
GLOBAL,S1D2,TRNINDNEINDNO,1,2043,242.35100640000002
GLOBAL,S1D2,MINCOAINT,1,2044,4545.5387741
GLOBAL,S1D2,MINGASINT,1,2044,3656.0205235000003
GLOBAL,S1D2,MINURNINT,1,2044,282.19976627
GLOBAL,S1D2,PWRBIOINDNO01,1,2044,0.8443196352000001
GLOBAL,S1D2,PWRBIOINDWE01,1,2044,0.8677729584
GLOBAL,S1D2,PWRCCGINDNO01,2,2044,446.15755399
GLOBAL,S1D2,PWRCCGINDSO01,2,2044,864.15257722
GLOBAL,S1D2,PWRCCGINDWE01,2,2044,517.70010575
GLOBAL,S1D2,PWRCOAINDEA01,2,2044,347.95350597
GLOBAL,S1D2,PWRCOAINDNO01,2,2044,299.38949933000004
GLOBAL,S1D2,PWRCOAINDSO01,2,2044,336.36755241000003
GLOBAL,S1D2,PWRCOAINDWE01,2,2044,567.08572736
GLOBAL,S1D2,PWRCSPINDNO01,1,2044,0.0009772218000000002
GLOBAL,S1D2,PWRHYDINDEA01,1,2044,10.2547546063
GLOBAL,S1D2,PWRHYDINDNE01,1,2044,9.098777818
GLOBAL,S1D2,PWRHYDINDNO01,1,2044,71.828915924
GLOBAL,S1D2,PWRHYDINDSO01,1,2044,19.4527023403
GLOBAL,S1D2,PWRHYDINDWE01,1,2044,9.2551075244
GLOBAL,S1D2,PWRSPVINDEA01,1,2044,1.7629549803000002
GLOBAL,S1D2,PWRSPVINDNE01,1,2044,0.0041778185402
GLOBAL,S1D2,PWRSPVINDNO01,1,2044,1.38966324348
GLOBAL,S1D2,PWRSPVINDSO01,1,2044,2.4851543653999997
GLOBAL,S1D2,PWRSPVINDWE01,1,2044,0.9770357014700001
GLOBAL,S1D2,PWRTRNINDEA,1,2044,613.79236804
GLOBAL,S1D2,PWRTRNINDNE,1,2044,636.00153072
GLOBAL,S1D2,PWRTRNINDNO,1,2044,1095.56159989
GLOBAL,S1D2,PWRTRNINDSO,1,2044,1348.30249193
GLOBAL,S1D2,PWRTRNINDWE,1,2044,1141.8874909600002
GLOBAL,S1D2,PWRURNINDNO01,2,2044,32.209230528000006
GLOBAL,S1D2,PWRURNINDSO01,2,2044,72.079879968
GLOBAL,S1D2,PWRURNINDWE01,2,2044,22.827901248000003
GLOBAL,S1D2,PWRWOFINDNE01,1,2044,626.89856835
GLOBAL,S1D2,PWRWONINDEA01,1,2044,0.0164337436654
GLOBAL,S1D2,PWRWONINDNO01,1,2044,2.31762220674
GLOBAL,S1D2,PWRWONINDSO01,1,2044,5.2897016034
GLOBAL,S1D2,PWRWONINDWE01,1,2044,12.665215214300002
GLOBAL,S1D2,RNWBIOINDNO,1,2044,2.8284708275
GLOBAL,S1D2,RNWBIOINDWE,1,2044,3.254148594
GLOBAL,S1D2,RNWCSPINDNO,1,2044,0.0009772218000000002
GLOBAL,S1D2,RNWHYDINDEA,1,2044,10.2547546063
GLOBAL,S1D2,RNWHYDINDNE,1,2044,9.098777818
GLOBAL,S1D2,RNWHYDINDNO,1,2044,71.828915924
GLOBAL,S1D2,RNWHYDINDSO,1,2044,19.4527023403
GLOBAL,S1D2,RNWHYDINDWE,1,2044,9.2551075244
GLOBAL,S1D2,RNWSPVINDEA,1,2044,1.7629549803000002
GLOBAL,S1D2,RNWSPVINDNE,1,2044,0.0041778185402
GLOBAL,S1D2,RNWSPVINDNO,1,2044,1.38966324348
GLOBAL,S1D2,RNWSPVINDSO,1,2044,2.4851543653999997
GLOBAL,S1D2,RNWSPVINDWE,1,2044,0.9770357014700001
GLOBAL,S1D2,RNWWOFINDNE,1,2044,626.89856835
GLOBAL,S1D2,RNWWONINDEA,1,2044,0.0164337436654
GLOBAL,S1D2,RNWWONINDNO,1,2044,2.31762220674
GLOBAL,S1D2,RNWWONINDSO,1,2044,5.2897016034
GLOBAL,S1D2,RNWWONINDWE,1,2044,12.665215214300002
GLOBAL,S1D2,TRNINDEAINDNE,2,2044,262.12998059
GLOBAL,S1D2,TRNINDEAINDSO,1,2044,51.971570628
GLOBAL,S1D2,TRNINDEAINDWE,1,2044,11.310804392000001
GLOBAL,S1D2,TRNINDNEINDNO,1,2044,257.98655520000005
GLOBAL,S1D2,MINCOAINT,1,2045,4418.5810034
GLOBAL,S1D2,MINGASINT,1,2045,4029.4999702000005
GLOBAL,S1D2,MINURNINT,1,2045,278.38156089
GLOBAL,S1D2,PWRBIOINDNO01,1,2045,0.8443196352000001
GLOBAL,S1D2,PWRBIOINDWE01,1,2045,0.8677729584
GLOBAL,S1D2,PWRCCGINDNO01,2,2045,483.85833473
GLOBAL,S1D2,PWRCCGINDSO01,2,2045,937.53167134
GLOBAL,S1D2,PWRCCGINDWE01,2,2045,593.3599790300001
GLOBAL,S1D2,PWRCOAINDEA01,2,2045,336.10956288
GLOBAL,S1D2,PWRCOAINDNO01,2,2045,290.3365136
GLOBAL,S1D2,PWRCOAINDSO01,2,2045,327.49439334
GLOBAL,S1D2,PWRCOAINDWE01,2,2045,553.52187886
GLOBAL,S1D2,PWRHYDINDEA01,1,2045,10.2547546063
GLOBAL,S1D2,PWRHYDINDNE01,1,2045,5.0291336655
GLOBAL,S1D2,PWRHYDINDNO01,1,2045,71.828915924
GLOBAL,S1D2,PWRHYDINDSO01,1,2045,19.4527023403
GLOBAL,S1D2,PWRHYDINDWE01,1,2045,9.2551075244
GLOBAL,S1D2,PWRSPVINDEA01,1,2045,1.80225717025
GLOBAL,S1D2,PWRSPVINDNE01,1,2045,0.0041778185402
GLOBAL,S1D2,PWRSPVINDNO01,1,2045,1.46497501558
GLOBAL,S1D2,PWRSPVINDSO01,1,2045,2.5207505743
GLOBAL,S1D2,PWRSPVINDWE01,1,2045,1.05875390369
GLOBAL,S1D2,PWRTRNINDEA,1,2045,617.1267222
GLOBAL,S1D2,PWRTRNINDNE,1,2045,672.0601227
GLOBAL,S1D2,PWRTRNINDNO,1,2045,1138.78559263
GLOBAL,S1D2,PWRTRNINDSO,1,2045,1403.9674949100001
GLOBAL,S1D2,PWRTRNINDWE,1,2045,1192.9150038500002
GLOBAL,S1D2,PWRURNINDNO01,2,2045,32.209230528000006
GLOBAL,S1D2,PWRURNINDSO01,2,2045,70.3599696
GLOBAL,S1D2,PWRURNINDWE01,2,2045,22.827901248000003
GLOBAL,S1D2,PWRWOFINDNE01,1,2045,667.0268106799999
GLOBAL,S1D2,PWRWONINDEA01,1,2045,0.0164337436654
GLOBAL,S1D2,PWRWONINDNO01,1,2045,2.18776117998
GLOBAL,S1D2,PWRWONINDSO01,1,2045,4.9418106426
GLOBAL,S1D2,PWRWONINDWE01,1,2045,12.023615060400001
GLOBAL,S1D2,RNWBIOINDNO,1,2045,2.8284708275
GLOBAL,S1D2,RNWBIOINDWE,1,2045,3.254148594
GLOBAL,S1D2,RNWHYDINDEA,1,2045,10.2547546063
GLOBAL,S1D2,RNWHYDINDNE,1,2045,5.0291336655
GLOBAL,S1D2,RNWHYDINDNO,1,2045,71.828915924
GLOBAL,S1D2,RNWHYDINDSO,1,2045,19.4527023403
GLOBAL,S1D2,RNWHYDINDWE,1,2045,9.2551075244
GLOBAL,S1D2,RNWSPVINDEA,1,2045,1.80225717025
GLOBAL,S1D2,RNWSPVINDNE,1,2045,0.0041778185402
GLOBAL,S1D2,RNWSPVINDNO,1,2045,1.46497501558
GLOBAL,S1D2,RNWSPVINDSO,1,2045,2.5207505743
GLOBAL,S1D2,RNWSPVINDWE,1,2045,1.05875390369
GLOBAL,S1D2,RNWWOFINDNE,1,2045,667.0268106799999
GLOBAL,S1D2,RNWWONINDEA,1,2045,0.0164337436654
GLOBAL,S1D2,RNWWONINDNO,1,2045,2.18776117998
GLOBAL,S1D2,RNWWONINDSO,1,2045,4.9418106426
GLOBAL,S1D2,RNWWONINDWE,1,2045,12.023615060400001
GLOBAL,S1D2,TRNINDEAINDNE,2,2045,277.76552939
GLOBAL,S1D2,TRNINDEAINDSO,1,2045,44.671711386999995
GLOBAL,S1D2,TRNINDNEINDNO,1,2045,273.62210400000004
GLOBAL,S1D2,MINCOAINT,1,2046,4143.0019768
GLOBAL,S1D2,MINGASINT,1,2046,4549.5968971
GLOBAL,S1D2,MINURNINT,1,2046,278.38156089
GLOBAL,S1D2,PWRBIOINDNO01,1,2046,0.8443196352000001
GLOBAL,S1D2,PWRBIOINDWE01,1,2046,0.8677729584
GLOBAL,S1D2,PWRCCGINDNO01,2,2046,582.860001
GLOBAL,S1D2,PWRCCGINDSO01,2,2046,1049.75042359
GLOBAL,S1D2,PWRCCGINDWE01,2,2046,642.18797438
GLOBAL,S1D2,PWRCOAINDEA01,2,2046,314.45433275000005
GLOBAL,S1D2,PWRCOAINDNO01,2,2046,263.67789297999997
GLOBAL,S1D2,PWRCOAINDSO01,2,2046,314.09472901
GLOBAL,S1D2,PWRCOAINDWE01,2,2046,521.23446563
GLOBAL,S1D2,PWRHYDINDEA01,1,2046,10.2547546063
GLOBAL,S1D2,PWRHYDINDNE01,1,2046,9.098777818
GLOBAL,S1D2,PWRHYDINDNO01,1,2046,71.828915924
GLOBAL,S1D2,PWRHYDINDSO01,1,2046,19.4527023403
GLOBAL,S1D2,PWRHYDINDWE01,1,2046,9.2551075244
GLOBAL,S1D2,PWRSPVINDEA01,1,2046,1.87935459084
GLOBAL,S1D2,PWRSPVINDNE01,1,2046,0.0041778185402
GLOBAL,S1D2,PWRSPVINDNO01,1,2046,1.6528138035800002
GLOBAL,S1D2,PWRSPVINDSO01,1,2046,2.5207505743
GLOBAL,S1D2,PWRSPVINDWE01,1,2046,1.1606403326799999
GLOBAL,S1D2,PWRTRNINDEA,1,2046,610.68754449
GLOBAL,S1D2,PWRTRNINDNE,1,2046,709.12122228
GLOBAL,S1D2,PWRTRNINDNO,1,2046,1224.5661569400002
GLOBAL,S1D2,PWRTRNINDSO,1,2046,1470.33501022
GLOBAL,S1D2,PWRTRNINDWE,1,2046,1236.17248788
GLOBAL,S1D2,PWRURNINDNO01,2,2046,32.209230528000006
GLOBAL,S1D2,PWRURNINDSO01,2,2046,70.3599696
GLOBAL,S1D2,PWRURNINDWE01,2,2046,22.827901248000003
GLOBAL,S1D2,PWRWOFINDNE01,1,2046,700.01825991
GLOBAL,S1D2,PWRWONINDEA01,1,2046,0.0164337436654
GLOBAL,S1D2,PWRWONINDNO01,1,2046,0.8056685546
GLOBAL,S1D2,PWRWONINDSO01,1,2046,4.3838169948
GLOBAL,S1D2,PWRWONINDWE01,1,2046,8.1890405955
GLOBAL,S1D2,RNWBIOINDNO,1,2046,2.8284708275
GLOBAL,S1D2,RNWBIOINDWE,1,2046,3.254148594
GLOBAL,S1D2,RNWHYDINDEA,1,2046,10.2547546063
GLOBAL,S1D2,RNWHYDINDNE,1,2046,9.098777818
GLOBAL,S1D2,RNWHYDINDNO,1,2046,71.828915924
GLOBAL,S1D2,RNWHYDINDSO,1,2046,19.4527023403
GLOBAL,S1D2,RNWHYDINDWE,1,2046,9.2551075244
GLOBAL,S1D2,RNWSPVINDEA,1,2046,1.87935459084
GLOBAL,S1D2,RNWSPVINDNE,1,2046,0.0041778185402
GLOBAL,S1D2,RNWSPVINDNO,1,2046,1.6528138035800002
GLOBAL,S1D2,RNWSPVINDSO,1,2046,2.5207505743
GLOBAL,S1D2,RNWSPVINDWE,1,2046,1.1606403326799999
GLOBAL,S1D2,RNWWOFINDNE,1,2046,700.01825991
GLOBAL,S1D2,RNWWONINDEA,1,2046,0.0164337436654
GLOBAL,S1D2,RNWWONINDNO,1,2046,0.8056685546
GLOBAL,S1D2,RNWWONINDSO,1,2046,4.3838169948
GLOBAL,S1D2,RNWWONINDWE,1,2046,8.1890405955
GLOBAL,S1D2,TRNINDEAINDNE,2,2046,293.40107819
GLOBAL,S1D2,TRNINDEAINDSO,1,2046,10.4775376262
GLOBAL,S1D2,TRNINDNEINDNO,1,2046,289.2576528
GLOBAL,S1D2,TRNINDNOINDWE,1,2046,32.171757964
GLOBAL,S1D2,MINCOAINT,1,2047,3796.4142263000003
GLOBAL,S1D2,MINGASINT,1,2047,5113.6526914999995
GLOBAL,S1D2,MINURNINT,1,2047,274.56335551
GLOBAL,S1D2,PWRBIOINDNO01,1,2047,0.8443196352000001
GLOBAL,S1D2,PWRBIOINDWE01,1,2047,0.8677729584
GLOBAL,S1D2,PWRCCGINDEA01,2,2047,42.136663676
GLOBAL,S1D2,PWRCCGINDNO01,2,2047,617.86305957
GLOBAL,S1D2,PWRCCGINDSO01,2,2047,1135.9225707399999
GLOBAL,S1D2,PWRCCGINDWE01,2,2047,760.9041112599999
GLOBAL,S1D2,PWRCOAINDEA01,2,2047,277.08536616
GLOBAL,S1D2,PWRCOAINDNO01,2,2047,234.49414312800002
GLOBAL,S1D2,PWRCOAINDSO01,2,2047,298.30282968
GLOBAL,S1D2,PWRCOAINDWE01,2,2047,485.25708569
GLOBAL,S1D2,PWRHYDINDEA01,1,2047,10.2547546063
GLOBAL,S1D2,PWRHYDINDNE01,1,2047,4.7011151124
GLOBAL,S1D2,PWRHYDINDNO01,1,2047,71.828915924
GLOBAL,S1D2,PWRHYDINDSO01,1,2047,19.4527023403
GLOBAL,S1D2,PWRHYDINDWE01,1,2047,9.2551075244
GLOBAL,S1D2,PWRSPVINDEA01,1,2047,1.9406931571700001
GLOBAL,S1D2,PWRSPVINDNE01,1,2047,0.0041778185402
GLOBAL,S1D2,PWRSPVINDNO01,1,2047,1.76436213507
GLOBAL,S1D2,PWRSPVINDSO01,1,2047,2.5207505743
GLOBAL,S1D2,PWRSPVINDWE01,1,2047,1.2684837738799999
GLOBAL,S1D2,PWRTRNINDEA,1,2047,630.6555424300001
GLOBAL,S1D2,PWRTRNINDNE,1,2047,745.78233521
GLOBAL,S1D2,PWRTRNINDNO,1,2047,1244.8478475400002
GLOBAL,S1D2,PWRTRNINDSO,1,2047,1533.0799876199999
GLOBAL,S1D2,PWRTRNINDWE,1,2047,1289.63249473
GLOBAL,S1D2,PWRURNINDNO01,2,2047,32.209230528000006
GLOBAL,S1D2,PWRURNINDSO01,2,2047,68.640059232
GLOBAL,S1D2,PWRURNINDWE01,2,2047,22.827901248000003
GLOBAL,S1D2,PWRWOFINDNE01,1,2047,741.07701968
GLOBAL,S1D2,PWRWONINDEA01,1,2047,0.0164337436654
GLOBAL,S1D2,PWRWONINDNO01,1,2047,0.52474465526
GLOBAL,S1D2,PWRWONINDSO01,1,2047,3.4720690554000004
GLOBAL,S1D2,PWRWONINDWE01,1,2047,6.9223687723
GLOBAL,S1D2,RNWBIOINDNO,1,2047,2.8284708275
GLOBAL,S1D2,RNWBIOINDWE,1,2047,3.254148594
GLOBAL,S1D2,RNWHYDINDEA,1,2047,10.2547546063
GLOBAL,S1D2,RNWHYDINDNE,1,2047,4.7011151124
GLOBAL,S1D2,RNWHYDINDNO,1,2047,71.828915924
GLOBAL,S1D2,RNWHYDINDSO,1,2047,19.4527023403
GLOBAL,S1D2,RNWHYDINDWE,1,2047,9.2551075244
GLOBAL,S1D2,RNWSPVINDEA,1,2047,1.9406931571700001
GLOBAL,S1D2,RNWSPVINDNE,1,2047,0.0041778185402
GLOBAL,S1D2,RNWSPVINDNO,1,2047,1.76436213507
GLOBAL,S1D2,RNWSPVINDSO,1,2047,2.5207505743
GLOBAL,S1D2,RNWSPVINDWE,1,2047,1.2684837738799999
GLOBAL,S1D2,RNWWOFINDNE,1,2047,741.07701968
GLOBAL,S1D2,RNWWONINDEA,1,2047,0.0164337436654
GLOBAL,S1D2,RNWWONINDNO,1,2047,0.52474465526
GLOBAL,S1D2,RNWWONINDSO,1,2047,3.4720690554000004
GLOBAL,S1D2,RNWWONINDWE,1,2047,6.9223687723
GLOBAL,S1D2,TRNINDEAINDNE,2,2047,309.03662699
GLOBAL,S1D2,TRNINDEAINDSO,1,2047,5.113042361700001
GLOBAL,S1D2,TRNINDNEINDNO,1,2047,304.8932016
GLOBAL,S1D2,TRNINDNOINDWE,1,2047,2.4614386400500003
GLOBAL,S1D2,MINCOAINT,1,2048,3393.3667550000005
GLOBAL,S1D2,MINGASINT,1,2048,5714.8654732
GLOBAL,S1D2,MINURNINT,1,2048,274.56335551
GLOBAL,S1D2,PWRBIOINDNO01,1,2048,0.8443196352000001
GLOBAL,S1D2,PWRBIOINDWE01,1,2048,0.8677729584
GLOBAL,S1D2,PWRCCGINDEA01,2,2048,62.926494738
GLOBAL,S1D2,PWRCCGINDNO01,2,2048,678.88932148
GLOBAL,S1D2,PWRCCGINDSO01,2,2048,1225.94921583
GLOBAL,S1D2,PWRCCGINDWE01,2,2048,889.66770951
GLOBAL,S1D2,PWRCOAINDEA01,2,2048,261.21530395999997
GLOBAL,S1D2,PWRCOAINDNO01,2,2048,206.46742190400002
GLOBAL,S1D2,PWRCOAINDSO01,2,2048,276.53031806
GLOBAL,S1D2,PWRCOAINDWE01,2,2048,413.59935959
GLOBAL,S1D2,PWRHYDINDEA01,1,2048,10.2547546063
GLOBAL,S1D2,PWRHYDINDNE01,1,2048,4.7011151124
GLOBAL,S1D2,PWRHYDINDNO01,1,2048,71.828915924
GLOBAL,S1D2,PWRHYDINDSO01,1,2048,19.4527023403
GLOBAL,S1D2,PWRHYDINDWE01,1,2048,9.2551075244
GLOBAL,S1D2,PWRSPVINDEA01,1,2048,2.08643718651
GLOBAL,S1D2,PWRSPVINDNE01,1,2048,0.0041778185402
GLOBAL,S1D2,PWRSPVINDNO01,1,2048,1.8379018436
GLOBAL,S1D2,PWRSPVINDSO01,1,2048,2.5207505743
GLOBAL,S1D2,PWRSPVINDWE01,1,2048,1.3645112599
GLOBAL,S1D2,PWRTRNINDEA,1,2048,650.86001218
GLOBAL,S1D2,PWRTRNINDNE,1,2048,782.43343298
GLOBAL,S1D2,PWRTRNINDNO,1,2048,1292.35919641
GLOBAL,S1D2,PWRTRNINDSO,1,2048,1595.75500764
GLOBAL,S1D2,PWRTRNINDWE,1,2048,1343.2125099700002
GLOBAL,S1D2,PWRURNINDNO01,2,2048,32.209230528000006
GLOBAL,S1D2,PWRURNINDSO01,2,2048,68.640059232
GLOBAL,S1D2,PWRURNINDWE01,2,2048,22.827901248000003
GLOBAL,S1D2,PWRWOFINDNE01,1,2048,777.72811745
GLOBAL,S1D2,PWRWONINDEA01,1,2048,0.0164337436654
GLOBAL,S1D2,PWRWONINDNO01,1,2048,0.33127819020000004
GLOBAL,S1D2,PWRWONINDSO01,1,2048,2.6619521832000004
GLOBAL,S1D2,PWRWONINDWE01,1,2048,5.6301530852
GLOBAL,S1D2,RNWBIOINDNO,1,2048,2.8284708275
GLOBAL,S1D2,RNWBIOINDWE,1,2048,3.254148594
GLOBAL,S1D2,RNWHYDINDEA,1,2048,10.2547546063
GLOBAL,S1D2,RNWHYDINDNE,1,2048,4.7011151124
GLOBAL,S1D2,RNWHYDINDNO,1,2048,71.828915924
GLOBAL,S1D2,RNWHYDINDSO,1,2048,19.4527023403
GLOBAL,S1D2,RNWHYDINDWE,1,2048,9.2551075244
GLOBAL,S1D2,RNWSPVINDEA,1,2048,2.08643718651
GLOBAL,S1D2,RNWSPVINDNE,1,2048,0.0041778185402
GLOBAL,S1D2,RNWSPVINDNO,1,2048,1.8379018436
GLOBAL,S1D2,RNWSPVINDSO,1,2048,2.5207505743
GLOBAL,S1D2,RNWSPVINDWE,1,2048,1.3645112599
GLOBAL,S1D2,RNWWOFINDNE,1,2048,777.72811745
GLOBAL,S1D2,RNWWONINDEA,1,2048,0.0164337436654
GLOBAL,S1D2,RNWWONINDNO,1,2048,0.33127819020000004
GLOBAL,S1D2,RNWWONINDSO,1,2048,2.6619521832000004
GLOBAL,S1D2,RNWWONINDWE,1,2048,5.6301530852
GLOBAL,S1D2,TRNINDEAINDNE,2,2048,324.67217579000004
GLOBAL,S1D2,TRNINDNEINDNO,1,2048,320.52875040000004
GLOBAL,S1D2,MINCOAINT,1,2049,2977.9081702000003
GLOBAL,S1D2,MINGASINT,1,2049,6319.16932
GLOBAL,S1D2,MINURNINT,1,2049,274.56335551
GLOBAL,S1D2,PWRBIOINDNO01,1,2049,0.8443196352000001
GLOBAL,S1D2,PWRBIOINDWE01,1,2049,0.8677729584
GLOBAL,S1D2,PWRCCGINDEA01,2,2049,90.094230067
GLOBAL,S1D2,PWRCCGINDNO01,2,2049,726.2107045800001
GLOBAL,S1D2,PWRCCGINDSO01,2,2049,1308.81279042
GLOBAL,S1D2,PWRCCGINDWE01,2,2049,1034.466868
GLOBAL,S1D2,PWRCOAINDEA01,2,2049,243.82856476999999
GLOBAL,S1D2,PWRCOAINDNO01,2,2049,194.42804932800001
GLOBAL,S1D2,PWRCOAINDSO01,2,2049,254.64835859
GLOBAL,S1D2,PWRCOAINDWE01,2,2049,323.3431591
GLOBAL,S1D2,PWRHYDINDEA01,1,2049,10.2547546063
GLOBAL,S1D2,PWRHYDINDNE01,1,2049,4.7011151124
GLOBAL,S1D2,PWRHYDINDNO01,1,2049,71.828915924
GLOBAL,S1D2,PWRHYDINDSO01,1,2049,22.3252604475
GLOBAL,S1D2,PWRHYDINDWE01,1,2049,9.2551075244
GLOBAL,S1D2,PWRSPVINDEA01,1,2049,2.4814683403
GLOBAL,S1D2,PWRSPVINDNE01,1,2049,0.0041778185402
GLOBAL,S1D2,PWRSPVINDNO01,1,2049,1.9113439786900002
GLOBAL,S1D2,PWRSPVINDSO01,1,2049,2.5207505743
GLOBAL,S1D2,PWRSPVINDWE01,1,2049,1.42612534229
GLOBAL,S1D2,PWRTRNINDEA,1,2049,676.17499001
GLOBAL,S1D2,PWRTRNINDNE,1,2049,819.06950801
GLOBAL,S1D2,PWRTRNINDNO,1,2049,1342.34639695
GLOBAL,S1D2,PWRTRNINDSO,1,2049,1658.3300000100003
GLOBAL,S1D2,PWRTRNINDWE,1,2049,1396.89751086
GLOBAL,S1D2,PWRURNINDNO01,2,2049,32.209230528000006
GLOBAL,S1D2,PWRURNINDSO01,2,2049,68.640059232
GLOBAL,S1D2,PWRURNINDWE01,2,2049,22.827901248000003
GLOBAL,S1D2,PWRWOFINDNE01,1,2049,814.36421727
GLOBAL,S1D2,PWRWONINDEA01,1,2049,0.0164337436654
GLOBAL,S1D2,PWRWONINDNO01,1,2049,0.33127819020000004
GLOBAL,S1D2,PWRWONINDSO01,1,2049,1.3827688470000001
GLOBAL,S1D2,PWRWONINDWE01,1,2049,4.710576463800001
GLOBAL,S1D2,RNWBIOINDNO,1,2049,2.8284708275
GLOBAL,S1D2,RNWBIOINDWE,1,2049,3.254148594
GLOBAL,S1D2,RNWHYDINDEA,1,2049,10.2547546063
GLOBAL,S1D2,RNWHYDINDNE,1,2049,4.7011151124
GLOBAL,S1D2,RNWHYDINDNO,1,2049,71.828915924
GLOBAL,S1D2,RNWHYDINDSO,1,2049,22.3252604475
GLOBAL,S1D2,RNWHYDINDWE,1,2049,9.2551075244
GLOBAL,S1D2,RNWSPVINDEA,1,2049,2.4814683403
GLOBAL,S1D2,RNWSPVINDNE,1,2049,0.0041778185402
GLOBAL,S1D2,RNWSPVINDNO,1,2049,1.9113439786900002
GLOBAL,S1D2,RNWSPVINDSO,1,2049,2.5207505743
GLOBAL,S1D2,RNWSPVINDWE,1,2049,1.42612534229
GLOBAL,S1D2,RNWWOFINDNE,1,2049,814.36421727
GLOBAL,S1D2,RNWWONINDEA,1,2049,0.0164337436654
GLOBAL,S1D2,RNWWONINDNO,1,2049,0.33127819020000004
GLOBAL,S1D2,RNWWONINDSO,1,2049,1.3827688470000001
GLOBAL,S1D2,RNWWONINDWE,1,2049,4.710576463800001
GLOBAL,S1D2,TRNINDEAINDNE,2,2049,340.30772459
GLOBAL,S1D2,TRNINDNEINDNO,1,2049,336.1642992
GLOBAL,S1D2,MINCOAINT,1,2050,2504.3118295
GLOBAL,S1D2,MINGASINT,1,2050,6898.0081351
GLOBAL,S1D2,MINURNINT,1,2050,274.56335551
GLOBAL,S1D2,PWRBIOINDNO01,1,2050,0.8443196352000001
GLOBAL,S1D2,PWRBIOINDWE01,1,2050,0.8677729584
GLOBAL,S1D2,PWRCCGINDEA01,2,2050,128.284107591
GLOBAL,S1D2,PWRCCGINDNO01,2,2050,794.6337819
GLOBAL,S1D2,PWRCCGINDSO01,2,2050,1352.34923632
GLOBAL,S1D2,PWRCCGINDWE01,2,2050,1173.7369144699999
GLOBAL,S1D2,PWRCOAINDEA01,2,2050,215.731484568
GLOBAL,S1D2,PWRCOAINDNO01,2,2050,161.358863616
GLOBAL,S1D2,PWRCOAINDSO01,2,2050,238.38739527500002
GLOBAL,S1D2,PWRCOAINDWE01,2,2050,239.34116325600002
GLOBAL,S1D2,PWRHYDINDEA01,1,2050,10.2547546063
GLOBAL,S1D2,PWRHYDINDNE01,1,2050,4.7011151124
GLOBAL,S1D2,PWRHYDINDNO01,1,2050,71.828915924
GLOBAL,S1D2,PWRHYDINDSO01,1,2050,57.710844831
GLOBAL,S1D2,PWRHYDINDWE01,1,2050,9.2551075244
GLOBAL,S1D2,PWRSPVINDEA01,1,2050,2.5486420512
GLOBAL,S1D2,PWRSPVINDNE01,1,2050,0.0041778185402
GLOBAL,S1D2,PWRSPVINDNO01,1,2050,1.9849116503400002
GLOBAL,S1D2,PWRSPVINDSO01,1,2050,2.5207505743
GLOBAL,S1D2,PWRSPVINDWE01,1,2050,1.48805428247
GLOBAL,S1D2,PWRTRNINDEA,1,2050,701.45749294
GLOBAL,S1D2,PWRTRNINDNE,1,2050,855.69812125
GLOBAL,S1D2,PWRTRNINDNO,1,2050,1392.4055876500001
GLOBAL,S1D2,PWRTRNINDSO,1,2050,1720.97249555
GLOBAL,S1D2,PWRTRNINDWE,1,2050,1450.4800051000002
GLOBAL,S1D2,PWRURNINDNO01,2,2050,32.209230528000006
GLOBAL,S1D2,PWRURNINDSO01,2,2050,68.640059232
GLOBAL,S1D2,PWRURNINDWE01,2,2050,22.827901248000003
GLOBAL,S1D2,PWRWOFINDNE01,1,2050,850.9928305100001
GLOBAL,S1D2,PWRWONINDNO01,1,2050,0.33127819020000004
GLOBAL,S1D2,PWRWONINDSO01,1,2050,1.3642016328000002
GLOBAL,S1D2,PWRWONINDWE01,1,2050,2.9630802796
GLOBAL,S1D2,RNWBIOINDNO,1,2050,2.8284708275
GLOBAL,S1D2,RNWBIOINDWE,1,2050,3.254148594
GLOBAL,S1D2,RNWHYDINDEA,1,2050,10.2547546063
GLOBAL,S1D2,RNWHYDINDNE,1,2050,4.7011151124
GLOBAL,S1D2,RNWHYDINDNO,1,2050,71.828915924
GLOBAL,S1D2,RNWHYDINDSO,1,2050,57.710844831
GLOBAL,S1D2,RNWHYDINDWE,1,2050,9.2551075244
GLOBAL,S1D2,RNWSPVINDEA,1,2050,2.5486420512
GLOBAL,S1D2,RNWSPVINDNE,1,2050,0.0041778185402
GLOBAL,S1D2,RNWSPVINDNO,1,2050,1.9849116503400002
GLOBAL,S1D2,RNWSPVINDSO,1,2050,2.5207505743
GLOBAL,S1D2,RNWSPVINDWE,1,2050,1.48805428247
GLOBAL,S1D2,RNWWOFINDNE,1,2050,850.9928305100001
GLOBAL,S1D2,RNWWONINDNO,1,2050,0.33127819020000004
GLOBAL,S1D2,RNWWONINDSO,1,2050,1.3642016328000002
GLOBAL,S1D2,RNWWONINDWE,1,2050,2.9630802796
GLOBAL,S1D2,TRNINDEAINDNE,2,2050,355.94327339
GLOBAL,S1D2,TRNINDNEINDNO,1,2050,351.799848
GLOBAL,S2D1,MINCOAINT,1,2021,2585.5902889
GLOBAL,S2D1,MINURNINT,1,2021,130.253316241
GLOBAL,S2D1,PWRBIOINDNO01,1,2021,0.8466990263999999
GLOBAL,S2D1,PWRBIOINDSO01,1,2021,9.655946552899998
GLOBAL,S2D1,PWRBIOINDWE01,1,2021,0.4412375208
GLOBAL,S2D1,PWRCOAINDEA01,2,2021,148.98226389500002
GLOBAL,S2D1,PWRCOAINDNE01,2,2021,3.5974692689
GLOBAL,S2D1,PWRCOAINDNO01,2,2021,214.449550712
GLOBAL,S2D1,PWRCOAINDSO01,2,2021,256.64828736
GLOBAL,S2D1,PWRCOAINDWE01,2,2021,258.19257633
GLOBAL,S2D1,PWRCSPINDNO01,1,2021,1.8003564189599999
GLOBAL,S2D1,PWRCSPINDSO01,1,2021,0.42279300245
GLOBAL,S2D1,PWRHYDINDEA01,1,2021,15.800060694299999
GLOBAL,S2D1,PWRHYDINDNE01,1,2021,5.6201752156
GLOBAL,S2D1,PWRHYDINDNO01,1,2021,59.533999871999995
GLOBAL,S2D1,PWRHYDINDSO01,1,2021,38.180310547
GLOBAL,S2D1,PWRHYDINDWE01,1,2021,19.6122097518
GLOBAL,S2D1,PWRSPVINDEA01,1,2021,0.35995385056999996
GLOBAL,S2D1,PWRSPVINDNE01,1,2021,0.050236461116
GLOBAL,S2D1,PWRSPVINDNO01,1,2021,20.5096592813
GLOBAL,S2D1,PWRSPVINDSO01,1,2021,26.556829123999997
GLOBAL,S2D1,PWRSPVINDWE01,1,2021,13.9844443094
GLOBAL,S2D1,PWRTRNINDEA,1,2021,165.15217974299998
GLOBAL,S2D1,PWRTRNINDNE,1,2021,31.109999660999996
GLOBAL,S2D1,PWRTRNINDNO,1,2021,312.34060592000003
GLOBAL,S2D1,PWRTRNINDSO,1,2021,369.28059258999997
GLOBAL,S2D1,PWRTRNINDWE,1,2021,330.23900003999995
GLOBAL,S2D1,PWRURNINDNO01,2,2021,12.084342911999999
GLOBAL,S2D1,PWRURNINDSO01,2,2021,26.394748992
GLOBAL,S2D1,PWRURNINDWE01,2,2021,20.193573024
GLOBAL,S2D1,PWRWONINDEA01,1,2021,0.0099004159901
GLOBAL,S2D1,PWRWONINDNO01,1,2021,3.1159923024
GLOBAL,S2D1,PWRWONINDSO01,1,2021,11.421691507399998
GLOBAL,S2D1,PWRWONINDWE01,1,2021,17.8149563309
GLOBAL,S2D1,RNWBIOINDNO,1,2021,2.8364416375999997
GLOBAL,S2D1,RNWBIOINDSO,1,2021,35.630442576
GLOBAL,S2D1,RNWBIOINDWE,1,2021,1.654640703
GLOBAL,S2D1,RNWCSPINDNO,1,2021,1.8003564189599999
GLOBAL,S2D1,RNWCSPINDSO,1,2021,0.42279300245
GLOBAL,S2D1,RNWHYDINDEA,1,2021,15.800060694299999
GLOBAL,S2D1,RNWHYDINDNE,1,2021,5.6201752156
GLOBAL,S2D1,RNWHYDINDNO,1,2021,59.533999871999995
GLOBAL,S2D1,RNWHYDINDSO,1,2021,38.180310547
GLOBAL,S2D1,RNWHYDINDWE,1,2021,19.6122097518
GLOBAL,S2D1,RNWSPVINDEA,1,2021,0.35995385056999996
GLOBAL,S2D1,RNWSPVINDNE,1,2021,0.050236461116
GLOBAL,S2D1,RNWSPVINDNO,1,2021,20.5096592813
GLOBAL,S2D1,RNWSPVINDSO,1,2021,26.556829123999997
GLOBAL,S2D1,RNWSPVINDWE,1,2021,13.9844443094
GLOBAL,S2D1,RNWWONINDEA,1,2021,0.0099004159901
GLOBAL,S2D1,RNWWONINDNO,1,2021,3.1159923024
GLOBAL,S2D1,RNWWONINDSO,1,2021,11.421691507399998
GLOBAL,S2D1,RNWWONINDWE,1,2021,17.8149563309
GLOBAL,S2D1,TRNINDEAINDNE,1,2021,22.558579594399998
GLOBAL,S2D1,MINCOAINT,1,2022,2852.6095668999997
GLOBAL,S2D1,MINURNINT,1,2022,151.432716231
GLOBAL,S2D1,PWRBIOINDNO01,1,2022,0.8466990263999999
GLOBAL,S2D1,PWRBIOINDSO01,1,2022,9.655946552899998
GLOBAL,S2D1,PWRBIOINDWE01,1,2022,0.4412375208
GLOBAL,S2D1,PWRCOAINDEA01,2,2022,163.938129168
GLOBAL,S2D1,PWRCOAINDNE01,2,2022,4.4461654315
GLOBAL,S2D1,PWRCOAINDNO01,2,2022,242.039982273
GLOBAL,S2D1,PWRCOAINDSO01,2,2022,285.15252848
GLOBAL,S2D1,PWRCOAINDWE01,2,2022,277.37153760999996
GLOBAL,S2D1,PWRCSPINDNO01,1,2022,1.8003564189599999
GLOBAL,S2D1,PWRCSPINDSO01,1,2022,0.42279300245
GLOBAL,S2D1,PWRHYDINDEA01,1,2022,15.800060694299999
GLOBAL,S2D1,PWRHYDINDNE01,1,2022,4.802584663599999
GLOBAL,S2D1,PWRHYDINDNO01,1,2022,60.385944091
GLOBAL,S2D1,PWRHYDINDSO01,1,2022,38.180310547
GLOBAL,S2D1,PWRHYDINDWE01,1,2022,19.6122097518
GLOBAL,S2D1,PWRSPVINDEA01,1,2022,0.35995385056999996
GLOBAL,S2D1,PWRSPVINDNE01,1,2022,0.26217154626
GLOBAL,S2D1,PWRSPVINDNO01,1,2022,26.209178182
GLOBAL,S2D1,PWRSPVINDSO01,1,2022,27.508259566
GLOBAL,S2D1,PWRSPVINDWE01,1,2022,15.073456561699999
GLOBAL,S2D1,PWRTRNINDEA,1,2022,180.108045016
GLOBAL,S2D1,PWRTRNINDNE,1,2022,33.70500109499999
GLOBAL,S2D1,PWRTRNINDNO,1,2022,352.24122922
GLOBAL,S2D1,PWRTRNINDSO,1,2022,402.71139712
GLOBAL,S2D1,PWRTRNINDWE,1,2022,350.96098979
GLOBAL,S2D1,PWRURNINDNO01,2,2022,17.649500831999998
GLOBAL,S2D1,PWRURNINDSO01,2,2022,30.369861792
GLOBAL,S2D1,PWRURNINDWE01,2,2022,20.193573024
GLOBAL,S2D1,PWRWONINDEA01,1,2022,0.0099004159901
GLOBAL,S2D1,PWRWONINDNO01,1,2022,3.3095803966
GLOBAL,S2D1,PWRWONINDSO01,1,2022,11.421691507399998
GLOBAL,S2D1,PWRWONINDWE01,1,2022,18.268992212399997
GLOBAL,S2D1,RNWBIOINDNO,1,2022,2.8364416375999997
GLOBAL,S2D1,RNWBIOINDSO,1,2022,35.630442576
GLOBAL,S2D1,RNWBIOINDWE,1,2022,1.654640703
GLOBAL,S2D1,RNWCSPINDNO,1,2022,1.8003564189599999
GLOBAL,S2D1,RNWCSPINDSO,1,2022,0.42279300245
GLOBAL,S2D1,RNWHYDINDEA,1,2022,15.800060694299999
GLOBAL,S2D1,RNWHYDINDNE,1,2022,4.802584663599999
GLOBAL,S2D1,RNWHYDINDNO,1,2022,60.385944091
GLOBAL,S2D1,RNWHYDINDSO,1,2022,38.180310547
GLOBAL,S2D1,RNWHYDINDWE,1,2022,19.6122097518
GLOBAL,S2D1,RNWSPVINDEA,1,2022,0.35995385056999996
GLOBAL,S2D1,RNWSPVINDNE,1,2022,0.26217154626
GLOBAL,S2D1,RNWSPVINDNO,1,2022,26.209178182
GLOBAL,S2D1,RNWSPVINDSO,1,2022,27.508259566
GLOBAL,S2D1,RNWSPVINDWE,1,2022,15.073456561699999
GLOBAL,S2D1,RNWWONINDEA,1,2022,0.0099004159901
GLOBAL,S2D1,RNWWONINDNO,1,2022,3.3095803966
GLOBAL,S2D1,RNWWONINDSO,1,2022,11.421691507399998
GLOBAL,S2D1,RNWWONINDWE,1,2022,18.268992212399997
GLOBAL,S2D1,TRNINDEAINDNE,1,2022,22.737645216
GLOBAL,S2D1,TRNINDNEINDNO,2,2022,2.32804092051
GLOBAL,S2D1,MINCOAINT,1,2023,3233.5994734
GLOBAL,S2D1,MINURNINT,1,2023,120.11518028699999
GLOBAL,S2D1,PWRBIOINDNO01,1,2023,0.8466990263999999
GLOBAL,S2D1,PWRBIOINDSO01,1,2023,9.655946552899998
GLOBAL,S2D1,PWRBIOINDWE01,1,2023,0.4412375208
GLOBAL,S2D1,PWRCOAINDEA01,2,2023,178.752417602
GLOBAL,S2D1,PWRCOAINDNE01,2,2023,3.5974692689
GLOBAL,S2D1,PWRCOAINDNO01,2,2023,288.53843316
GLOBAL,S2D1,PWRCOAINDSO01,2,2023,318.37328329
GLOBAL,S2D1,PWRCOAINDWE01,2,2023,313.53354312
GLOBAL,S2D1,PWRCSPINDNO01,1,2023,1.8003564189599999
GLOBAL,S2D1,PWRCSPINDSO01,1,2023,0.42279300245
GLOBAL,S2D1,PWRHYDINDEA01,1,2023,15.800060694299999
GLOBAL,S2D1,PWRHYDINDNE01,1,2023,10.3837405975
GLOBAL,S2D1,PWRHYDINDNO01,1,2023,52.775405594
GLOBAL,S2D1,PWRHYDINDSO01,1,2023,39.882507394
GLOBAL,S2D1,PWRHYDINDWE01,1,2023,19.6122097518
GLOBAL,S2D1,PWRSPVINDEA01,1,2023,0.35995385056999996
GLOBAL,S2D1,PWRSPVINDNE01,1,2023,0.26217154626
GLOBAL,S2D1,PWRSPVINDNO01,1,2023,26.209178182
GLOBAL,S2D1,PWRSPVINDSO01,1,2023,27.508259566
GLOBAL,S2D1,PWRSPVINDWE01,1,2023,15.258897792299999
GLOBAL,S2D1,PWRTRNINDEA,1,2023,194.92233344999997
GLOBAL,S2D1,PWRTRNINDNE,1,2023,36.297499175999995
GLOBAL,S2D1,PWRTRNINDNO,1,2023,387.48579241
GLOBAL,S2D1,PWRTRNINDSO,1,2023,436.14479828
GLOBAL,S2D1,PWRTRNINDWE,1,2023,371.68560138
GLOBAL,S2D1,PWRURNINDNO01,2,2023,14.0061468421
GLOBAL,S2D1,PWRURNINDSO01,2,2023,27.916361567
GLOBAL,S2D1,PWRURNINDWE01,2,2023,12.1834290523
GLOBAL,S2D1,PWRWONINDEA01,1,2023,0.0099004159901
GLOBAL,S2D1,PWRWONINDNO01,1,2023,3.3095803966
GLOBAL,S2D1,PWRWONINDSO01,1,2023,12.385656361399999
GLOBAL,S2D1,PWRWONINDWE01,1,2023,10.6562730504
GLOBAL,S2D1,RNWBIOINDNO,1,2023,2.8364416375999997
GLOBAL,S2D1,RNWBIOINDSO,1,2023,35.630442576
GLOBAL,S2D1,RNWBIOINDWE,1,2023,1.654640703
GLOBAL,S2D1,RNWCSPINDNO,1,2023,1.8003564189599999
GLOBAL,S2D1,RNWCSPINDSO,1,2023,0.42279300245
GLOBAL,S2D1,RNWHYDINDEA,1,2023,15.800060694299999
GLOBAL,S2D1,RNWHYDINDNE,1,2023,10.3837405975
GLOBAL,S2D1,RNWHYDINDNO,1,2023,52.775405594
GLOBAL,S2D1,RNWHYDINDSO,1,2023,39.882507394
GLOBAL,S2D1,RNWHYDINDWE,1,2023,19.6122097518
GLOBAL,S2D1,RNWSPVINDEA,1,2023,0.35995385056999996
GLOBAL,S2D1,RNWSPVINDNE,1,2023,0.26217154626
GLOBAL,S2D1,RNWSPVINDNO,1,2023,26.209178182
GLOBAL,S2D1,RNWSPVINDSO,1,2023,27.508259566
GLOBAL,S2D1,RNWSPVINDWE,1,2023,15.258897792299999
GLOBAL,S2D1,RNWWONINDEA,1,2023,0.0099004159901
GLOBAL,S2D1,RNWWONINDNO,1,2023,3.3095803966
GLOBAL,S2D1,RNWWONINDSO,1,2023,12.385656361399999
GLOBAL,S2D1,RNWWONINDWE,1,2023,10.6562730504
GLOBAL,S2D1,TRNINDEAINDNE,1,2023,22.7775332343
GLOBAL,S2D1,MINCOAINT,1,2024,1102.87439937
GLOBAL,S2D1,MINURNINT,1,2024,211.441019564
GLOBAL,S2D1,PWRBIOINDNO01,1,2024,0.8466990263999999
GLOBAL,S2D1,PWRBIOINDSO01,1,2024,9.655946552899998
GLOBAL,S2D1,PWRBIOINDWE01,1,2024,0.4412375208
GLOBAL,S2D1,PWRCOAINDEA01,2,2024,59.56423674599999
GLOBAL,S2D1,PWRCOAINDNO01,2,2024,23.177852152
GLOBAL,S2D1,PWRCOAINDSO01,2,2024,205.24750995699998
GLOBAL,S2D1,PWRCOAINDWE01,2,2024,88.44367073299999
GLOBAL,S2D1,PWRCSPINDNO01,1,2024,1.8003564189599999
GLOBAL,S2D1,PWRCSPINDSO01,1,2024,0.42279300245
GLOBAL,S2D1,PWRHYDINDEA01,1,2024,17.554994088199997
GLOBAL,S2D1,PWRHYDINDNE01,1,2024,9.6501843032
GLOBAL,S2D1,PWRHYDINDNO01,1,2024,67.468456617
GLOBAL,S2D1,PWRHYDINDSO01,1,2024,39.882507394
GLOBAL,S2D1,PWRHYDINDWE01,1,2024,19.6122097518
GLOBAL,S2D1,PWRSPVINDEA01,1,2024,81.18669492299999
GLOBAL,S2D1,PWRSPVINDNE01,1,2024,0.26217154626
GLOBAL,S2D1,PWRSPVINDNO01,1,2024,275.7661396
GLOBAL,S2D1,PWRSPVINDSO01,1,2024,159.223473455
GLOBAL,S2D1,PWRSPVINDWE01,1,2024,249.381986371
GLOBAL,S2D1,PWRTRNINDEA,1,2024,185.48879934899998
GLOBAL,S2D1,PWRTRNINDNE,1,2024,91.187474192
GLOBAL,S2D1,PWRTRNINDNO,1,2024,417.90319522
GLOBAL,S2D1,PWRTRNINDSO,1,2024,473.08818774
GLOBAL,S2D1,PWRTRNINDWE,1,2024,402.14719732
GLOBAL,S2D1,PWRURNINDNO01,2,2024,23.214658752
GLOBAL,S2D1,PWRURNINDSO01,2,2024,46.270312992
GLOBAL,S2D1,PWRURNINDWE01,2,2024,25.758730944
GLOBAL,S2D1,PWRWOFINDNE01,1,2024,81.275116477
GLOBAL,S2D1,PWRWONINDEA01,1,2024,0.0099004159901
GLOBAL,S2D1,PWRWONINDNO01,1,2024,3.3095803966
GLOBAL,S2D1,PWRWONINDSO01,1,2024,12.385656361399999
GLOBAL,S2D1,PWRWONINDWE01,1,2024,18.5093640162
GLOBAL,S2D1,RNWBIOINDNO,1,2024,2.8364416375999997
GLOBAL,S2D1,RNWBIOINDSO,1,2024,35.630442576
GLOBAL,S2D1,RNWBIOINDWE,1,2024,1.654640703
GLOBAL,S2D1,RNWCSPINDNO,1,2024,1.8003564189599999
GLOBAL,S2D1,RNWCSPINDSO,1,2024,0.42279300245
GLOBAL,S2D1,RNWHYDINDEA,1,2024,17.554994088199997
GLOBAL,S2D1,RNWHYDINDNE,1,2024,9.6501843032
GLOBAL,S2D1,RNWHYDINDNO,1,2024,67.468456617
GLOBAL,S2D1,RNWHYDINDSO,1,2024,39.882507394
GLOBAL,S2D1,RNWHYDINDWE,1,2024,19.6122097518
GLOBAL,S2D1,RNWSPVINDEA,1,2024,81.18669492299999
GLOBAL,S2D1,RNWSPVINDNE,1,2024,0.26217154626
GLOBAL,S2D1,RNWSPVINDNO,1,2024,275.7661396
GLOBAL,S2D1,RNWSPVINDSO,1,2024,159.223473455
GLOBAL,S2D1,RNWSPVINDWE,1,2024,249.381986371
GLOBAL,S2D1,RNWWOFINDNE,1,2024,81.275116477
GLOBAL,S2D1,RNWWONINDEA,1,2024,0.0099004159901
GLOBAL,S2D1,RNWWONINDNO,1,2024,3.3095803966
GLOBAL,S2D1,RNWWONINDSO,1,2024,12.385656361399999
GLOBAL,S2D1,RNWWONINDWE,1,2024,18.5093640162
GLOBAL,S2D1,TRNINDEAINDNE,2,2024,28.064296367999997
GLOBAL,S2D1,TRNINDNEINDNO,1,2024,23.8506768
GLOBAL,S2D1,MINCOAINT,1,2025,291.7260864
GLOBAL,S2D1,MINURNINT,1,2025,127.569136953
GLOBAL,S2D1,PWRBIOINDSO01,1,2025,8.7821034153
GLOBAL,S2D1,PWRCOAINDSO01,2,2025,99.565218535
GLOBAL,S2D1,PWRCSPINDNO01,1,2025,1.8003564189599999
GLOBAL,S2D1,PWRCSPINDSO01,1,2025,0.42279300245
GLOBAL,S2D1,PWRHYDINDEA01,1,2025,15.0514522653
GLOBAL,S2D1,PWRHYDINDNE01,1,2025,12.3310600728
GLOBAL,S2D1,PWRHYDINDNO01,1,2025,64.552451211
GLOBAL,S2D1,PWRHYDINDSO01,1,2025,39.882507394
GLOBAL,S2D1,PWRHYDINDWE01,1,2025,23.1170100859
GLOBAL,S2D1,PWRSPVINDEA01,1,2025,162.013436424
GLOBAL,S2D1,PWRSPVINDNE01,1,2025,0.26217154626
GLOBAL,S2D1,PWRSPVINDNO01,1,2025,514.49142788
GLOBAL,S2D1,PWRSPVINDSO01,1,2025,290.77549293
GLOBAL,S2D1,PWRSPVINDWE01,1,2025,482.41424909
GLOBAL,S2D1,PWRTRNINDEA,1,2025,229.10640017499998
GLOBAL,S2D1,PWRTRNINDNE,1,2025,100.699973576
GLOBAL,S2D1,PWRTRNINDNO,1,2025,620.47943593
GLOBAL,S2D1,PWRTRNINDSO,1,2025,588.09398926
GLOBAL,S2D1,PWRTRNINDWE,1,2025,613.8572983399999
GLOBAL,S2D1,PWRURNINDNO01,2,2025,14.0061468421
GLOBAL,S2D1,PWRURNINDSO01,2,2025,27.916361567
GLOBAL,S2D1,PWRURNINDWE01,2,2025,15.5410670198
GLOBAL,S2D1,PWRWOFINDNE01,1,2025,88.10674160399999
GLOBAL,S2D1,PWRWONINDEA01,1,2025,0.0099004159901
GLOBAL,S2D1,PWRWONINDNO01,1,2025,3.3095803966
GLOBAL,S2D1,PWRWONINDSO01,1,2025,12.140834992599999
GLOBAL,S2D1,PWRWONINDWE01,1,2025,18.5093640162
GLOBAL,S2D1,RNWBIOINDSO,1,2025,32.405962568
GLOBAL,S2D1,RNWCSPINDNO,1,2025,1.8003564189599999
GLOBAL,S2D1,RNWCSPINDSO,1,2025,0.42279300245
GLOBAL,S2D1,RNWHYDINDEA,1,2025,15.0514522653
GLOBAL,S2D1,RNWHYDINDNE,1,2025,12.3310600728
GLOBAL,S2D1,RNWHYDINDNO,1,2025,64.552451211
GLOBAL,S2D1,RNWHYDINDSO,1,2025,39.882507394
GLOBAL,S2D1,RNWHYDINDWE,1,2025,23.1170100859
GLOBAL,S2D1,RNWSPVINDEA,1,2025,162.013436424
GLOBAL,S2D1,RNWSPVINDNE,1,2025,0.26217154626
GLOBAL,S2D1,RNWSPVINDNO,1,2025,514.49142788
GLOBAL,S2D1,RNWSPVINDSO,1,2025,290.77549293
GLOBAL,S2D1,RNWSPVINDWE,1,2025,482.41424909
GLOBAL,S2D1,RNWWOFINDNE,1,2025,88.10674160399999
GLOBAL,S2D1,RNWWONINDEA,1,2025,0.0099004159901
GLOBAL,S2D1,RNWWONINDNO,1,2025,3.3095803966
GLOBAL,S2D1,RNWWONINDSO,1,2025,12.140834992599999
GLOBAL,S2D1,RNWWONINDWE,1,2025,18.5093640162
GLOBAL,S2D1,TRNINDEAINDNE,2,2025,28.064296367999997
GLOBAL,S2D1,TRNINDEAINDNO,2,2025,26.409958185
GLOBAL,S2D1,TRNINDNEINDNO,1,2025,23.8506768
GLOBAL,S2D1,TRNINDNOINDWE,1,2025,78.47646614199999
GLOBAL,S2D1,TRNINDSOINDWE,2,2025,113.409307682
GLOBAL,S2D1,MINURNINT,1,2026,235.77794684399998
GLOBAL,S2D1,PWRCSPINDNO01,1,2026,1.8003564189599999
GLOBAL,S2D1,PWRCSPINDSO01,1,2026,0.42279300245
GLOBAL,S2D1,PWRHYDINDEA01,1,2026,14.4650220352
GLOBAL,S2D1,PWRHYDINDNE01,1,2026,12.4360508993
GLOBAL,S2D1,PWRHYDINDNO01,1,2026,55.844934857999995
GLOBAL,S2D1,PWRHYDINDSO01,1,2026,33.289706681
GLOBAL,S2D1,PWRHYDINDWE01,1,2026,16.5598900943
GLOBAL,S2D1,PWRSPVINDEA01,1,2026,162.013436424
GLOBAL,S2D1,PWRSPVINDNE01,1,2026,0.26217154626
GLOBAL,S2D1,PWRSPVINDNO01,1,2026,514.49142788
GLOBAL,S2D1,PWRSPVINDSO01,1,2026,422.3274998
GLOBAL,S2D1,PWRSPVINDWE01,1,2026,496.15594278
GLOBAL,S2D1,PWRTRNINDEA,1,2026,235.583998751
GLOBAL,S2D1,PWRTRNINDNE,1,2026,102.364973068
GLOBAL,S2D1,PWRTRNINDNO,1,2026,620.98040905
GLOBAL,S2D1,PWRTRNINDSO,1,2026,611.23139953
GLOBAL,S2D1,PWRTRNINDWE,1,2026,606.48244057
GLOBAL,S2D1,PWRURNINDNO01,2,2026,23.214658752
GLOBAL,S2D1,PWRURNINDSO01,2,2026,57.232891576
GLOBAL,S2D1,PWRURNINDWE01,2,2026,25.758730944
GLOBAL,S2D1,PWRWOFINDNE01,1,2026,89.66675153
GLOBAL,S2D1,PWRWONINDEA01,1,2026,0.0099004159901
GLOBAL,S2D1,PWRWONINDNO01,1,2026,3.3095803966
GLOBAL,S2D1,PWRWONINDSO01,1,2026,11.230141137499999
GLOBAL,S2D1,PWRWONINDWE01,1,2026,15.854542025299999
GLOBAL,S2D1,RNWCSPINDNO,1,2026,1.8003564189599999
GLOBAL,S2D1,RNWCSPINDSO,1,2026,0.42279300245
GLOBAL,S2D1,RNWHYDINDEA,1,2026,14.4650220352
GLOBAL,S2D1,RNWHYDINDNE,1,2026,12.4360508993
GLOBAL,S2D1,RNWHYDINDNO,1,2026,55.844934857999995
GLOBAL,S2D1,RNWHYDINDSO,1,2026,33.289706681
GLOBAL,S2D1,RNWHYDINDWE,1,2026,16.5598900943
GLOBAL,S2D1,RNWSPVINDEA,1,2026,162.013436424
GLOBAL,S2D1,RNWSPVINDNE,1,2026,0.26217154626
GLOBAL,S2D1,RNWSPVINDNO,1,2026,514.49142788
GLOBAL,S2D1,RNWSPVINDSO,1,2026,422.3274998
GLOBAL,S2D1,RNWSPVINDWE,1,2026,496.15594278
GLOBAL,S2D1,RNWWOFINDNE,1,2026,89.66675153
GLOBAL,S2D1,RNWWONINDEA,1,2026,0.0099004159901
GLOBAL,S2D1,RNWWONINDNO,1,2026,3.3095803966
GLOBAL,S2D1,RNWWONINDSO,1,2026,11.230141137499999
GLOBAL,S2D1,RNWWONINDWE,1,2026,15.854542025299999
GLOBAL,S2D1,TRNINDEAINDNE,2,2026,28.064296367999997
GLOBAL,S2D1,TRNINDEAINDNO,2,2026,33.91482392499999
GLOBAL,S2D1,TRNINDNEINDNO,1,2026,23.8506768
GLOBAL,S2D1,TRNINDNOINDWE,1,2026,55.102996995
GLOBAL,S2D1,TRNINDSOINDWE,2,2026,90.561842664
GLOBAL,S2D1,MINURNINT,1,2027,177.070633292
GLOBAL,S2D1,PWRCSPINDNO01,1,2027,1.8003564189599999
GLOBAL,S2D1,PWRCSPINDSO01,1,2027,0.42279300245
GLOBAL,S2D1,PWRHYDINDEA01,1,2027,14.4650220352
GLOBAL,S2D1,PWRHYDINDNE01,1,2027,8.8357944128
GLOBAL,S2D1,PWRHYDINDNO01,1,2027,65.05344702
GLOBAL,S2D1,PWRHYDINDSO01,1,2027,46.475310627999995
GLOBAL,S2D1,PWRHYDINDWE01,1,2027,23.1170100859
GLOBAL,S2D1,PWRSPVINDEA01,1,2027,162.013436424
GLOBAL,S2D1,PWRSPVINDNE01,1,2027,0.26217154626
GLOBAL,S2D1,PWRSPVINDNO01,1,2027,514.49142788
GLOBAL,S2D1,PWRSPVINDSO01,1,2027,474.02365520999996
GLOBAL,S2D1,PWRSPVINDWE01,1,2027,496.15594278
GLOBAL,S2D1,PWRTRNINDEA,1,2027,242.97119933699997
GLOBAL,S2D1,PWRTRNINDNE,1,2027,104.102473999
GLOBAL,S2D1,PWRTRNINDNO,1,2027,620.98040905
GLOBAL,S2D1,PWRTRNINDSO,1,2027,631.8234065199999
GLOBAL,S2D1,PWRTRNINDWE,1,2027,583.48739117
GLOBAL,S2D1,PWRURNINDNO01,2,2027,14.0061468421
GLOBAL,S2D1,PWRURNINDSO01,2,2027,48.785144105
GLOBAL,S2D1,PWRURNINDWE01,2,2027,16.9702559533
GLOBAL,S2D1,PWRWOFINDNE01,1,2027,95.00450768699999
GLOBAL,S2D1,PWRWONINDEA01,1,2027,0.0099004159901
GLOBAL,S2D1,PWRWONINDNO01,1,2027,3.3095803966
GLOBAL,S2D1,PWRWONINDSO01,1,2027,13.1487360867
GLOBAL,S2D1,PWRWONINDWE01,1,2027,18.5093640162
GLOBAL,S2D1,RNWCSPINDNO,1,2027,1.8003564189599999
GLOBAL,S2D1,RNWCSPINDSO,1,2027,0.42279300245
GLOBAL,S2D1,RNWHYDINDEA,1,2027,14.4650220352
GLOBAL,S2D1,RNWHYDINDNE,1,2027,8.8357944128
GLOBAL,S2D1,RNWHYDINDNO,1,2027,65.05344702
GLOBAL,S2D1,RNWHYDINDSO,1,2027,46.475310627999995
GLOBAL,S2D1,RNWHYDINDWE,1,2027,23.1170100859
GLOBAL,S2D1,RNWSPVINDEA,1,2027,162.013436424
GLOBAL,S2D1,RNWSPVINDNE,1,2027,0.26217154626
GLOBAL,S2D1,RNWSPVINDNO,1,2027,514.49142788
GLOBAL,S2D1,RNWSPVINDSO,1,2027,474.02365520999996
GLOBAL,S2D1,RNWSPVINDWE,1,2027,496.15594278
GLOBAL,S2D1,RNWWOFINDNE,1,2027,95.00450768699999
GLOBAL,S2D1,RNWWONINDEA,1,2027,0.0099004159901
GLOBAL,S2D1,RNWWONINDNO,1,2027,3.3095803966
GLOBAL,S2D1,RNWWONINDSO,1,2027,13.1487360867
GLOBAL,S2D1,RNWWONINDWE,1,2027,18.5093640162
GLOBAL,S2D1,TRNINDEAINDNE,2,2027,28.064296367999997
GLOBAL,S2D1,TRNINDEAINDNO,2,2027,41.763027176
GLOBAL,S2D1,TRNINDNEINDNO,1,2027,23.8506768
GLOBAL,S2D1,TRNINDNOINDWE,1,2027,30.359994598
GLOBAL,S2D1,TRNINDSOINDWE,2,2027,51.132197626
GLOBAL,S2D1,MINURNINT,1,2028,181.318079638
GLOBAL,S2D1,PWRCSPINDNO01,1,2028,1.8003564189599999
GLOBAL,S2D1,PWRCSPINDSO01,1,2028,0.42279300245
GLOBAL,S2D1,PWRHYDINDEA01,1,2028,20.644966141199998
GLOBAL,S2D1,PWRHYDINDNE01,1,2028,12.655649410999999
GLOBAL,S2D1,PWRHYDINDNO01,1,2028,67.242423757
GLOBAL,S2D1,PWRHYDINDSO01,1,2028,46.475310627999995
GLOBAL,S2D1,PWRHYDINDWE01,1,2028,22.128399431699997
GLOBAL,S2D1,PWRSPVINDEA01,1,2028,162.013436424
GLOBAL,S2D1,PWRSPVINDNE01,1,2028,0.26217154626
GLOBAL,S2D1,PWRSPVINDNO01,1,2028,514.49142788
GLOBAL,S2D1,PWRSPVINDSO01,1,2028,524.43006702
GLOBAL,S2D1,PWRSPVINDWE01,1,2028,496.15594278
GLOBAL,S2D1,PWRTRNINDEA,1,2028,250.377599859
GLOBAL,S2D1,PWRTRNINDNE,1,2028,105.847472384
GLOBAL,S2D1,PWRTRNINDNO,1,2028,629.88468189
GLOBAL,S2D1,PWRTRNINDSO,1,2028,652.32440541
GLOBAL,S2D1,PWRTRNINDWE,1,2028,572.2686134400001
GLOBAL,S2D1,PWRURNINDNO01,2,2028,20.721422525
GLOBAL,S2D1,PWRURNINDSO01,2,2028,45.412320894000004
GLOBAL,S2D1,PWRURNINDWE01,2,2028,15.5410670198
GLOBAL,S2D1,PWRWOFINDNE01,1,2028,92.929651578
GLOBAL,S2D1,PWRWONINDEA01,1,2028,0.0099004159901
GLOBAL,S2D1,PWRWONINDNO01,1,2028,3.3095803966
GLOBAL,S2D1,PWRWONINDSO01,1,2028,13.1487360867
GLOBAL,S2D1,PWRWONINDWE01,1,2028,18.5093640162
GLOBAL,S2D1,RNWCSPINDNO,1,2028,1.8003564189599999
GLOBAL,S2D1,RNWCSPINDSO,1,2028,0.42279300245
GLOBAL,S2D1,RNWHYDINDEA,1,2028,20.644966141199998
GLOBAL,S2D1,RNWHYDINDNE,1,2028,12.655649410999999
GLOBAL,S2D1,RNWHYDINDNO,1,2028,67.242423757
GLOBAL,S2D1,RNWHYDINDSO,1,2028,46.475310627999995
GLOBAL,S2D1,RNWHYDINDWE,1,2028,22.128399431699997
GLOBAL,S2D1,RNWSPVINDEA,1,2028,162.013436424
GLOBAL,S2D1,RNWSPVINDNE,1,2028,0.26217154626
GLOBAL,S2D1,RNWSPVINDNO,1,2028,514.49142788
GLOBAL,S2D1,RNWSPVINDSO,1,2028,524.43006702
GLOBAL,S2D1,RNWSPVINDWE,1,2028,496.15594278
GLOBAL,S2D1,RNWWOFINDNE,1,2028,92.929651578
GLOBAL,S2D1,RNWWONINDEA,1,2028,0.0099004159901
GLOBAL,S2D1,RNWWONINDNO,1,2028,3.3095803966
GLOBAL,S2D1,RNWWONINDSO,1,2028,13.1487360867
GLOBAL,S2D1,RNWWONINDWE,1,2028,18.5093640162
GLOBAL,S2D1,TRNINDEAINDNE,2,2028,28.064296367999997
GLOBAL,S2D1,TRNINDEAINDNO,2,2028,43.066021152
GLOBAL,S2D1,TRNINDNEINDNO,1,2028,23.8506768
GLOBAL,S2D1,TRNINDNOINDWE,1,2028,21.0612528208
GLOBAL,S2D1,TRNINDSOINDWE,2,2028,23.4268193053
GLOBAL,S2D1,MINURNINT,1,2029,178.681978341
GLOBAL,S2D1,PWRCSPINDNO01,1,2029,1.8003564189599999
GLOBAL,S2D1,PWRCSPINDSO01,1,2029,0.42279300245
GLOBAL,S2D1,PWRHYDINDEA01,1,2029,20.644966141199998
GLOBAL,S2D1,PWRHYDINDNE01,1,2029,12.7671038294
GLOBAL,S2D1,PWRHYDINDNO01,1,2029,70.927266096
GLOBAL,S2D1,PWRHYDINDSO01,1,2029,46.475310627999995
GLOBAL,S2D1,PWRHYDINDWE01,1,2029,22.128399431699997
GLOBAL,S2D1,PWRSPVINDEA01,1,2029,162.013436424
GLOBAL,S2D1,PWRSPVINDNE01,1,2029,0.26217154626
GLOBAL,S2D1,PWRSPVINDNO01,1,2029,514.49142788
GLOBAL,S2D1,PWRSPVINDSO01,1,2029,569.25480836
GLOBAL,S2D1,PWRSPVINDWE01,1,2029,509.83630054
GLOBAL,S2D1,PWRTRNINDEA,1,2029,257.86560263
GLOBAL,S2D1,PWRTRNINDNE,1,2029,107.61497321499999
GLOBAL,S2D1,PWRTRNINDNO,1,2029,633.56952675
GLOBAL,S2D1,PWRTRNINDSO,1,2029,672.9345888099999
GLOBAL,S2D1,PWRTRNINDWE,1,2029,565.22178819
GLOBAL,S2D1,PWRURNINDNO01,2,2029,20.721422525
GLOBAL,S2D1,PWRURNINDSO01,2,2029,44.224887037
GLOBAL,S2D1,PWRURNINDWE01,2,2029,15.5410670198
GLOBAL,S2D1,PWRWOFINDNE01,1,2029,94.585698999
GLOBAL,S2D1,PWRWONINDEA01,1,2029,0.0099004159901
GLOBAL,S2D1,PWRWONINDNO01,1,2029,3.3095803966
GLOBAL,S2D1,PWRWONINDSO01,1,2029,12.556794194299998
GLOBAL,S2D1,PWRWONINDWE01,1,2029,17.7160438875
GLOBAL,S2D1,RNWCSPINDNO,1,2029,1.8003564189599999
GLOBAL,S2D1,RNWCSPINDSO,1,2029,0.42279300245
GLOBAL,S2D1,RNWHYDINDEA,1,2029,20.644966141199998
GLOBAL,S2D1,RNWHYDINDNE,1,2029,12.7671038294
GLOBAL,S2D1,RNWHYDINDNO,1,2029,70.927266096
GLOBAL,S2D1,RNWHYDINDSO,1,2029,46.475310627999995
GLOBAL,S2D1,RNWHYDINDWE,1,2029,22.128399431699997
GLOBAL,S2D1,RNWSPVINDEA,1,2029,162.013436424
GLOBAL,S2D1,RNWSPVINDNE,1,2029,0.26217154626
GLOBAL,S2D1,RNWSPVINDNO,1,2029,514.49142788
GLOBAL,S2D1,RNWSPVINDSO,1,2029,569.25480836
GLOBAL,S2D1,RNWSPVINDWE,1,2029,509.83630054
GLOBAL,S2D1,RNWWOFINDNE,1,2029,94.585698999
GLOBAL,S2D1,RNWWONINDEA,1,2029,0.0099004159901
GLOBAL,S2D1,RNWWONINDNO,1,2029,3.3095803966
GLOBAL,S2D1,RNWWONINDSO,1,2029,12.556794194299998
GLOBAL,S2D1,RNWWONINDWE,1,2029,17.7160438875
GLOBAL,S2D1,TRNINDEAINDNE,2,2029,28.064296367999997
GLOBAL,S2D1,TRNINDEAINDNO,2,2029,51.021313962
GLOBAL,S2D1,TRNINDNEINDNO,1,2029,23.8506768
GLOBAL,S2D1,MINURNINT,1,2030,258.92558229
GLOBAL,S2D1,PWRCSPINDNO01,1,2030,1.8003564189599999
GLOBAL,S2D1,PWRCSPINDSO01,1,2030,0.42279300245
GLOBAL,S2D1,PWRHYDINDEA01,1,2030,20.644966141199998
GLOBAL,S2D1,PWRHYDINDNE01,1,2030,12.879661941599998
GLOBAL,S2D1,PWRHYDINDNO01,1,2030,55.366617964999996
GLOBAL,S2D1,PWRHYDINDSO01,1,2030,33.289706681
GLOBAL,S2D1,PWRHYDINDWE01,1,2030,22.128399431699997
GLOBAL,S2D1,PWRSPVINDEA01,1,2030,162.013436424
GLOBAL,S2D1,PWRSPVINDNE01,1,2030,0.26217154626
GLOBAL,S2D1,PWRSPVINDNO01,1,2030,514.49142788
GLOBAL,S2D1,PWRSPVINDSO01,1,2030,589.78245422
GLOBAL,S2D1,PWRSPVINDWE01,1,2030,521.3606486799999
GLOBAL,S2D1,PWRTRNINDEA,1,2030,265.29839298
GLOBAL,S2D1,PWRTRNINDNE,1,2030,141.200874707
GLOBAL,S2D1,PWRTRNINDNO,1,2030,644.76430456
GLOBAL,S2D1,PWRTRNINDSO,1,2030,693.69041038
GLOBAL,S2D1,PWRTRNINDWE,1,2030,581.60440585
GLOBAL,S2D1,PWRURNINDNO01,2,2030,34.344974592
GLOBAL,S2D1,PWRURNINDSO01,2,2030,59.073511491
GLOBAL,S2D1,PWRURNINDWE01,2,2030,23.214658752
GLOBAL,S2D1,PWRWOFINDNE01,1,2030,128.059042883
GLOBAL,S2D1,PWRWONINDEA01,1,2030,0.0099004159901
GLOBAL,S2D1,PWRWONINDNO01,1,2030,1.56183429807
GLOBAL,S2D1,PWRWONINDSO01,1,2030,11.1219267083
GLOBAL,S2D1,PWRWONINDWE01,1,2030,12.0919684328
GLOBAL,S2D1,RNWCSPINDNO,1,2030,1.8003564189599999
GLOBAL,S2D1,RNWCSPINDSO,1,2030,0.42279300245
GLOBAL,S2D1,RNWHYDINDEA,1,2030,20.644966141199998
GLOBAL,S2D1,RNWHYDINDNE,1,2030,12.879661941599998
GLOBAL,S2D1,RNWHYDINDNO,1,2030,55.366617964999996
GLOBAL,S2D1,RNWHYDINDSO,1,2030,33.289706681
GLOBAL,S2D1,RNWHYDINDWE,1,2030,22.128399431699997
GLOBAL,S2D1,RNWSPVINDEA,1,2030,162.013436424
GLOBAL,S2D1,RNWSPVINDNE,1,2030,0.26217154626
GLOBAL,S2D1,RNWSPVINDNO,1,2030,514.49142788
GLOBAL,S2D1,RNWSPVINDSO,1,2030,589.78245422
GLOBAL,S2D1,RNWSPVINDWE,1,2030,521.3606486799999
GLOBAL,S2D1,RNWWOFINDNE,1,2030,128.059042883
GLOBAL,S2D1,RNWWONINDEA,1,2030,0.0099004159901
GLOBAL,S2D1,RNWWONINDNO,1,2030,1.56183429807
GLOBAL,S2D1,RNWWONINDSO,1,2030,11.1219267083
GLOBAL,S2D1,RNWWONINDWE,1,2030,12.0919684328
GLOBAL,S2D1,TRNINDEAINDNE,2,2030,43.964747568
GLOBAL,S2D1,TRNINDEAINDNO,2,2030,42.561745522
GLOBAL,S2D1,TRNINDNEINDNO,1,2030,39.751128
GLOBAL,S2D1,TRNINDNOINDWE,1,2030,2.9675689316
GLOBAL,S2D1,MINURNINT,1,2031,186.31299492099998
GLOBAL,S2D1,PWRCSPINDNO01,1,2031,1.8003564189599999
GLOBAL,S2D1,PWRCSPINDSO01,1,2031,0.42279300245
GLOBAL,S2D1,PWRHYDINDEA01,1,2031,20.644966141199998
GLOBAL,S2D1,PWRHYDINDNE01,1,2031,8.7136053243
GLOBAL,S2D1,PWRHYDINDNO01,1,2031,80.648887472
GLOBAL,S2D1,PWRHYDINDSO01,1,2031,46.475310627999995
GLOBAL,S2D1,PWRHYDINDWE01,1,2031,18.5616679595
GLOBAL,S2D1,PWRSPVINDEA01,1,2031,189.844931047
GLOBAL,S2D1,PWRSPVINDNE01,1,2031,0.26217154626
GLOBAL,S2D1,PWRSPVINDNO01,1,2031,514.49142788
GLOBAL,S2D1,PWRSPVINDSO01,1,2031,633.3885945799999
GLOBAL,S2D1,PWRSPVINDWE01,1,2031,566.9948327
GLOBAL,S2D1,PWRTRNINDEA,1,2031,281.82720343
GLOBAL,S2D1,PWRTRNINDNE,1,2031,149.007867171
GLOBAL,S2D1,PWRTRNINDNO,1,2031,649.9286739
GLOBAL,S2D1,PWRTRNINDSO,1,2031,737.78118778
GLOBAL,S2D1,PWRTRNINDWE,1,2031,618.05380536
GLOBAL,S2D1,PWRURNINDNO01,2,2031,23.5460563028
GLOBAL,S2D1,PWRURNINDSO01,2,2031,46.372569794
GLOBAL,S2D1,PWRURNINDWE01,2,2031,14.0061468421
GLOBAL,S2D1,PWRWOFINDNE01,1,2031,140.032091208
GLOBAL,S2D1,PWRWONINDEA01,1,2031,0.0099004159901
GLOBAL,S2D1,PWRWONINDNO01,1,2031,3.3095803966
GLOBAL,S2D1,PWRWONINDSO01,1,2031,11.1219267083
GLOBAL,S2D1,PWRWONINDWE01,1,2031,18.4911540769
GLOBAL,S2D1,RNWCSPINDNO,1,2031,1.8003564189599999
GLOBAL,S2D1,RNWCSPINDSO,1,2031,0.42279300245
GLOBAL,S2D1,RNWHYDINDEA,1,2031,20.644966141199998
GLOBAL,S2D1,RNWHYDINDNE,1,2031,8.7136053243
GLOBAL,S2D1,RNWHYDINDNO,1,2031,80.648887472
GLOBAL,S2D1,RNWHYDINDSO,1,2031,46.475310627999995
GLOBAL,S2D1,RNWHYDINDWE,1,2031,18.5616679595
GLOBAL,S2D1,RNWSPVINDEA,1,2031,189.844931047
GLOBAL,S2D1,RNWSPVINDNE,1,2031,0.26217154626
GLOBAL,S2D1,RNWSPVINDNO,1,2031,514.49142788
GLOBAL,S2D1,RNWSPVINDSO,1,2031,633.3885945799999
GLOBAL,S2D1,RNWSPVINDWE,1,2031,566.9948327
GLOBAL,S2D1,RNWWOFINDNE,1,2031,140.032091208
GLOBAL,S2D1,RNWWONINDEA,1,2031,0.0099004159901
GLOBAL,S2D1,RNWWONINDNO,1,2031,3.3095803966
GLOBAL,S2D1,RNWWONINDSO,1,2031,11.1219267083
GLOBAL,S2D1,RNWWONINDWE,1,2031,18.4911540769
GLOBAL,S2D1,TRNINDEAINDNE,2,2031,59.865198768
GLOBAL,S2D1,TRNINDEAINDNO,2,2031,14.1974814144
GLOBAL,S2D1,TRNINDNEINDNO,1,2031,27.925169941
GLOBAL,S2D1,MINURNINT,1,2032,220.763496052
GLOBAL,S2D1,PWRCSPINDNO01,1,2032,1.8003564189599999
GLOBAL,S2D1,PWRCSPINDSO01,1,2032,0.42279300245
GLOBAL,S2D1,PWRHYDINDEA01,1,2032,20.644966141199998
GLOBAL,S2D1,PWRHYDINDNE01,1,2032,10.6907041121
GLOBAL,S2D1,PWRHYDINDNO01,1,2032,79.43086128
GLOBAL,S2D1,PWRHYDINDSO01,1,2032,33.289706681
GLOBAL,S2D1,PWRHYDINDWE01,1,2032,22.128399431699997
GLOBAL,S2D1,PWRSPVINDEA01,1,2032,204.421000107
GLOBAL,S2D1,PWRSPVINDNE01,1,2032,0.26217154626
GLOBAL,S2D1,PWRSPVINDNO01,1,2032,514.49142788
GLOBAL,S2D1,PWRSPVINDSO01,1,2032,677.63758994
GLOBAL,S2D1,PWRSPVINDWE01,1,2032,602.68263811
GLOBAL,S2D1,PWRTRNINDEA,1,2032,298.43519849
GLOBAL,S2D1,PWRTRNINDNE,1,2032,198.31468180599998
GLOBAL,S2D1,PWRTRNINDNO,1,2032,671.87899569
GLOBAL,S2D1,PWRTRNINDSO,1,2032,782.52200503
GLOBAL,S2D1,PWRTRNINDWE,1,2032,654.08718945
GLOBAL,S2D1,PWRURNINDNO01,2,2032,20.721422525
GLOBAL,S2D1,PWRURNINDSO01,2,2032,60.049975462999996
GLOBAL,S2D1,PWRURNINDWE01,2,2032,18.6716173409
GLOBAL,S2D1,PWRWOFINDNE01,1,2032,187.36180403
GLOBAL,S2D1,PWRWONINDEA01,1,2032,0.0099004159901
GLOBAL,S2D1,PWRWONINDNO01,1,2032,1.56183429807
GLOBAL,S2D1,PWRWONINDSO01,1,2032,11.1219267083
GLOBAL,S2D1,PWRWONINDWE01,1,2032,10.6045524665
GLOBAL,S2D1,RNWCSPINDNO,1,2032,1.8003564189599999
GLOBAL,S2D1,RNWCSPINDSO,1,2032,0.42279300245
GLOBAL,S2D1,RNWHYDINDEA,1,2032,20.644966141199998
GLOBAL,S2D1,RNWHYDINDNE,1,2032,10.6907041121
GLOBAL,S2D1,RNWHYDINDNO,1,2032,79.43086128
GLOBAL,S2D1,RNWHYDINDSO,1,2032,33.289706681
GLOBAL,S2D1,RNWHYDINDWE,1,2032,22.128399431699997
GLOBAL,S2D1,RNWSPVINDEA,1,2032,204.421000107
GLOBAL,S2D1,RNWSPVINDNE,1,2032,0.26217154626
GLOBAL,S2D1,RNWSPVINDNO,1,2032,514.49142788
GLOBAL,S2D1,RNWSPVINDSO,1,2032,677.63758994
GLOBAL,S2D1,RNWSPVINDWE,1,2032,602.68263811
GLOBAL,S2D1,RNWWOFINDNE,1,2032,187.36180403
GLOBAL,S2D1,RNWWONINDEA,1,2032,0.0099004159901
GLOBAL,S2D1,RNWWONINDNO,1,2032,1.56183429807
GLOBAL,S2D1,RNWWONINDSO,1,2032,11.1219267083
GLOBAL,S2D1,RNWWONINDWE,1,2032,10.6045524665
GLOBAL,S2D1,TRNINDEAINDNE,2,2032,75.76564996799999
GLOBAL,S2D1,TRNINDNEINDNO,1,2032,57.569031632
GLOBAL,S2D1,MINURNINT,1,2033,237.242027678
GLOBAL,S2D1,PWRCSPINDNO01,1,2033,1.8003564189599999
GLOBAL,S2D1,PWRCSPINDSO01,1,2033,0.42279300245
GLOBAL,S2D1,PWRHYDINDEA01,1,2033,14.4650220352
GLOBAL,S2D1,PWRHYDINDNE01,1,2033,10.6907041121
GLOBAL,S2D1,PWRHYDINDNO01,1,2033,80.305461726
GLOBAL,S2D1,PWRHYDINDSO01,1,2033,33.289706681
GLOBAL,S2D1,PWRHYDINDWE01,1,2033,19.3715835791
GLOBAL,S2D1,PWRSPVINDEA01,1,2033,212.334358603
GLOBAL,S2D1,PWRSPVINDNE01,1,2033,0.26217154626
GLOBAL,S2D1,PWRSPVINDNO01,1,2033,519.96164494
GLOBAL,S2D1,PWRSPVINDSO01,1,2033,721.85829968
GLOBAL,S2D1,PWRSPVINDWE01,1,2033,638.01394891
GLOBAL,S2D1,PWRTRNINDEA,1,2033,315.55919183
GLOBAL,S2D1,PWRTRNINDNE,1,2033,233.16797823299999
GLOBAL,S2D1,PWRTRNINDNO,1,2033,707.87340512
GLOBAL,S2D1,PWRTRNINDSO,1,2033,827.23420893
GLOBAL,S2D1,PWRTRNINDWE,1,2033,689.81119642
GLOBAL,S2D1,PWRURNINDNO01,2,2033,34.344974592
GLOBAL,S2D1,PWRURNINDSO01,2,2033,58.514656211
GLOBAL,S2D1,PWRURNINDWE01,2,2033,14.0061468421
GLOBAL,S2D1,PWRWOFINDNE01,1,2033,222.215102978
GLOBAL,S2D1,PWRWONINDEA01,1,2033,0.0050324701158
GLOBAL,S2D1,PWRWONINDNO01,1,2033,3.3095803966
GLOBAL,S2D1,PWRWONINDSO01,1,2033,13.1487360867
GLOBAL,S2D1,PWRWONINDWE01,1,2033,18.4195279291
GLOBAL,S2D1,RNWCSPINDNO,1,2033,1.8003564189599999
GLOBAL,S2D1,RNWCSPINDSO,1,2033,0.42279300245
GLOBAL,S2D1,RNWHYDINDEA,1,2033,14.4650220352
GLOBAL,S2D1,RNWHYDINDNE,1,2033,10.6907041121
GLOBAL,S2D1,RNWHYDINDNO,1,2033,80.305461726
GLOBAL,S2D1,RNWHYDINDSO,1,2033,33.289706681
GLOBAL,S2D1,RNWHYDINDWE,1,2033,19.3715835791
GLOBAL,S2D1,RNWSPVINDEA,1,2033,212.334358603
GLOBAL,S2D1,RNWSPVINDNE,1,2033,0.26217154626
GLOBAL,S2D1,RNWSPVINDNO,1,2033,519.96164494
GLOBAL,S2D1,RNWSPVINDSO,1,2033,721.85829968
GLOBAL,S2D1,RNWSPVINDWE,1,2033,638.01394891
GLOBAL,S2D1,RNWWOFINDNE,1,2033,222.215102978
GLOBAL,S2D1,RNWWONINDEA,1,2033,0.0050324701158
GLOBAL,S2D1,RNWWONINDNO,1,2033,3.3095803966
GLOBAL,S2D1,RNWWONINDSO,1,2033,13.1487360867
GLOBAL,S2D1,RNWWONINDWE,1,2033,18.4195279291
GLOBAL,S2D1,TRNINDEAINDNE,2,2033,91.666101168
GLOBAL,S2D1,TRNINDNEINDNO,1,2033,72.82687741099998
GLOBAL,S2D1,MINURNINT,1,2034,254.95389805
GLOBAL,S2D1,PWRCSPINDNO01,1,2034,1.8003564189599999
GLOBAL,S2D1,PWRCSPINDSO01,1,2034,0.42279300245
GLOBAL,S2D1,PWRHYDINDEA01,1,2034,14.4650220352
GLOBAL,S2D1,PWRHYDINDNE01,1,2034,9.4032798321
GLOBAL,S2D1,PWRHYDINDNO01,1,2034,80.305461726
GLOBAL,S2D1,PWRHYDINDSO01,1,2034,33.289706681
GLOBAL,S2D1,PWRHYDINDWE01,1,2034,22.128399431699997
GLOBAL,S2D1,PWRSPVINDEA01,1,2034,212.92290622099998
GLOBAL,S2D1,PWRSPVINDNE01,1,2034,0.26217154626
GLOBAL,S2D1,PWRSPVINDNO01,1,2034,542.94406413
GLOBAL,S2D1,PWRSPVINDSO01,1,2034,765.8450102
GLOBAL,S2D1,PWRSPVINDWE01,1,2034,674.40468475
GLOBAL,S2D1,PWRTRNINDEA,1,2034,331.54318897
GLOBAL,S2D1,PWRTRNINDNE,1,2034,267.09929453999996
GLOBAL,S2D1,PWRTRNINDNO,1,2034,744.29940975
GLOBAL,S2D1,PWRTRNINDSO,1,2034,871.70979177
GLOBAL,S2D1,PWRTRNINDWE,1,2034,726.6064015000001
GLOBAL,S2D1,PWRURNINDNO01,2,2034,34.344974592
GLOBAL,S2D1,PWRURNINDSO01,2,2034,61.030357069
GLOBAL,S2D1,PWRURNINDWE01,2,2034,19.4687706501
GLOBAL,S2D1,PWRWOFINDNE01,1,2034,257.43383095999997
GLOBAL,S2D1,PWRWONINDEA01,1,2034,0.0050324701158
GLOBAL,S2D1,PWRWONINDNO01,1,2034,3.3095803966
GLOBAL,S2D1,PWRWONINDSO01,1,2034,11.1219267083
GLOBAL,S2D1,PWRWONINDWE01,1,2034,10.6045524665
GLOBAL,S2D1,RNWCSPINDNO,1,2034,1.8003564189599999
GLOBAL,S2D1,RNWCSPINDSO,1,2034,0.42279300245
GLOBAL,S2D1,RNWHYDINDEA,1,2034,14.4650220352
GLOBAL,S2D1,RNWHYDINDNE,1,2034,9.4032798321
GLOBAL,S2D1,RNWHYDINDNO,1,2034,80.305461726
GLOBAL,S2D1,RNWHYDINDSO,1,2034,33.289706681
GLOBAL,S2D1,RNWHYDINDWE,1,2034,22.128399431699997
GLOBAL,S2D1,RNWSPVINDEA,1,2034,212.92290622099998
GLOBAL,S2D1,RNWSPVINDNE,1,2034,0.26217154626
GLOBAL,S2D1,RNWSPVINDNO,1,2034,542.94406413
GLOBAL,S2D1,RNWSPVINDSO,1,2034,765.8450102
GLOBAL,S2D1,RNWSPVINDWE,1,2034,674.40468475
GLOBAL,S2D1,RNWWOFINDNE,1,2034,257.43383095999997
GLOBAL,S2D1,RNWWONINDEA,1,2034,0.0050324701158
GLOBAL,S2D1,RNWWONINDNO,1,2034,3.3095803966
GLOBAL,S2D1,RNWWONINDSO,1,2034,11.1219267083
GLOBAL,S2D1,RNWWONINDWE,1,2034,10.6045524665
GLOBAL,S2D1,TRNINDEAINDNE,2,2034,107.56655236799999
GLOBAL,S2D1,TRNINDNEINDNO,1,2034,87.192737928
GLOBAL,S2D1,MINURNINT,1,2035,249.021319506
GLOBAL,S2D1,PWRCSPINDNO01,1,2035,1.8003564189599999
GLOBAL,S2D1,PWRCSPINDSO01,1,2035,0.42279300245
GLOBAL,S2D1,PWRHYDINDEA01,1,2035,14.4650220352
GLOBAL,S2D1,PWRHYDINDNE01,1,2035,12.8895354381
GLOBAL,S2D1,PWRHYDINDNO01,1,2035,80.305461726
GLOBAL,S2D1,PWRHYDINDSO01,1,2035,33.289706681
GLOBAL,S2D1,PWRHYDINDWE01,1,2035,15.851698085199999
GLOBAL,S2D1,PWRSPVINDEA01,1,2035,214.010654696
GLOBAL,S2D1,PWRSPVINDNE01,1,2035,0.26217154626
GLOBAL,S2D1,PWRSPVINDNO01,1,2035,563.7095411299999
GLOBAL,S2D1,PWRSPVINDSO01,1,2035,810.08462744
GLOBAL,S2D1,PWRSPVINDWE01,1,2035,709.9905661299999
GLOBAL,S2D1,PWRTRNINDEA,1,2035,348.02639452999995
GLOBAL,S2D1,PWRTRNINDNE,1,2035,303.45786241999997
GLOBAL,S2D1,PWRTRNINDNO,1,2035,780.73320427
GLOBAL,S2D1,PWRTRNINDSO,1,2035,916.41680241
GLOBAL,S2D1,PWRTRNINDWE,1,2035,762.5878025699999
GLOBAL,S2D1,PWRURNINDNO01,2,2035,34.344974592
GLOBAL,S2D1,PWRURNINDSO01,2,2035,59.500775613
GLOBAL,S2D1,PWRURNINDWE01,2,2035,18.326014963499997
GLOBAL,S2D1,PWRWOFINDNE01,1,2035,290.30613315
GLOBAL,S2D1,PWRWONINDEA01,1,2035,0.0050324701158
GLOBAL,S2D1,PWRWONINDNO01,1,2035,3.2933189381999997
GLOBAL,S2D1,PWRWONINDSO01,1,2035,13.118884421499999
GLOBAL,S2D1,PWRWONINDWE01,1,2035,18.4195279291
GLOBAL,S2D1,RNWCSPINDNO,1,2035,1.8003564189599999
GLOBAL,S2D1,RNWCSPINDSO,1,2035,0.42279300245
GLOBAL,S2D1,RNWHYDINDEA,1,2035,14.4650220352
GLOBAL,S2D1,RNWHYDINDNE,1,2035,12.8895354381
GLOBAL,S2D1,RNWHYDINDNO,1,2035,80.305461726
GLOBAL,S2D1,RNWHYDINDSO,1,2035,33.289706681
GLOBAL,S2D1,RNWHYDINDWE,1,2035,15.851698085199999
GLOBAL,S2D1,RNWSPVINDEA,1,2035,214.010654696
GLOBAL,S2D1,RNWSPVINDNE,1,2035,0.26217154626
GLOBAL,S2D1,RNWSPVINDNO,1,2035,563.7095411299999
GLOBAL,S2D1,RNWSPVINDSO,1,2035,810.08462744
GLOBAL,S2D1,RNWSPVINDWE,1,2035,709.9905661299999
GLOBAL,S2D1,RNWWOFINDNE,1,2035,290.30613315
GLOBAL,S2D1,RNWWONINDEA,1,2035,0.0050324701158
GLOBAL,S2D1,RNWWONINDNO,1,2035,3.2933189381999997
GLOBAL,S2D1,RNWWONINDSO,1,2035,13.118884421499999
GLOBAL,S2D1,RNWWONINDWE,1,2035,18.4195279291
GLOBAL,S2D1,TRNINDEAINDNE,2,2035,123.467003568
GLOBAL,S2D1,TRNINDNEINDNO,1,2035,103.95334676499999
GLOBAL,S2D1,MINURNINT,1,2036,261.13327241
GLOBAL,S2D1,PWRCSPINDNO01,1,2036,1.8003564189599999
GLOBAL,S2D1,PWRCSPINDSO01,1,2036,0.42279300245
GLOBAL,S2D1,PWRHYDINDEA01,1,2036,14.4650220352
GLOBAL,S2D1,PWRHYDINDNE01,1,2036,12.8895354381
GLOBAL,S2D1,PWRHYDINDNO01,1,2036,80.305461726
GLOBAL,S2D1,PWRHYDINDSO01,1,2036,33.289706681
GLOBAL,S2D1,PWRHYDINDWE01,1,2036,15.851698085199999
GLOBAL,S2D1,PWRSPVINDEA01,1,2036,218.062400854
GLOBAL,S2D1,PWRSPVINDNE01,1,2036,0.26217154626
GLOBAL,S2D1,PWRSPVINDNO01,1,2036,592.02556439
GLOBAL,S2D1,PWRSPVINDSO01,1,2036,860.8496515
GLOBAL,S2D1,PWRSPVINDWE01,1,2036,752.41887008
GLOBAL,S2D1,PWRTRNINDEA,1,2036,367.47359021
GLOBAL,S2D1,PWRTRNINDNE,1,2036,338.95888694
GLOBAL,S2D1,PWRTRNINDNO,1,2036,823.45638959
GLOBAL,S2D1,PWRTRNINDSO,1,2036,967.7329927
GLOBAL,S2D1,PWRTRNINDWE,1,2036,805.40981109
GLOBAL,S2D1,PWRURNINDNO01,2,2036,34.344974592
GLOBAL,S2D1,PWRURNINDSO01,2,2036,60.067965318999995
GLOBAL,S2D1,PWRURNINDWE01,2,2036,23.214658752
GLOBAL,S2D1,PWRWOFINDNE01,1,2036,325.80715767
GLOBAL,S2D1,PWRWONINDEA01,1,2036,0.0050324701158
GLOBAL,S2D1,PWRWONINDNO01,1,2036,3.2933189381999997
GLOBAL,S2D1,PWRWONINDSO01,1,2036,13.102892458
GLOBAL,S2D1,PWRWONINDWE01,1,2036,13.9245786266
GLOBAL,S2D1,RNWCSPINDNO,1,2036,1.8003564189599999
GLOBAL,S2D1,RNWCSPINDSO,1,2036,0.42279300245
GLOBAL,S2D1,RNWHYDINDEA,1,2036,14.4650220352
GLOBAL,S2D1,RNWHYDINDNE,1,2036,12.8895354381
GLOBAL,S2D1,RNWHYDINDNO,1,2036,80.305461726
GLOBAL,S2D1,RNWHYDINDSO,1,2036,33.289706681
GLOBAL,S2D1,RNWHYDINDWE,1,2036,15.851698085199999
GLOBAL,S2D1,RNWSPVINDEA,1,2036,218.062400854
GLOBAL,S2D1,RNWSPVINDNE,1,2036,0.26217154626
GLOBAL,S2D1,RNWSPVINDNO,1,2036,592.02556439
GLOBAL,S2D1,RNWSPVINDSO,1,2036,860.8496515
GLOBAL,S2D1,RNWSPVINDWE,1,2036,752.41887008
GLOBAL,S2D1,RNWWOFINDNE,1,2036,325.80715767
GLOBAL,S2D1,RNWWONINDEA,1,2036,0.0050324701158
GLOBAL,S2D1,RNWWONINDNO,1,2036,3.2933189381999997
GLOBAL,S2D1,RNWWONINDSO,1,2036,13.102892458
GLOBAL,S2D1,RNWWONINDWE,1,2036,13.9245786266
GLOBAL,S2D1,TRNINDEAINDNE,2,2036,139.36745476800002
GLOBAL,S2D1,TRNINDNEINDNO,1,2036,119.34892233699999
GLOBAL,S2D1,MINURNINT,1,2037,212.67735577899998
GLOBAL,S2D1,PWRCSPINDNO01,1,2037,1.8003564189599999
GLOBAL,S2D1,PWRCSPINDSO01,1,2037,0.42279300245
GLOBAL,S2D1,PWRHYDINDEA01,1,2037,14.4650220352
GLOBAL,S2D1,PWRHYDINDNE01,1,2037,12.8895354381
GLOBAL,S2D1,PWRHYDINDNO01,1,2037,80.305461726
GLOBAL,S2D1,PWRHYDINDSO01,1,2037,46.475310627999995
GLOBAL,S2D1,PWRHYDINDWE01,1,2037,22.128399431699997
GLOBAL,S2D1,PWRSPVINDEA01,1,2037,222.231749141
GLOBAL,S2D1,PWRSPVINDNE01,1,2037,0.26217154626
GLOBAL,S2D1,PWRSPVINDNO01,1,2037,620.4486041
GLOBAL,S2D1,PWRSPVINDSO01,1,2037,911.28571027
GLOBAL,S2D1,PWRSPVINDWE01,1,2037,794.9578711400001
GLOBAL,S2D1,PWRTRNINDEA,1,2037,387.03839053999997
GLOBAL,S2D1,PWRTRNINDNE,1,2037,374.43407120999996
GLOBAL,S2D1,PWRTRNINDNO,1,2037,866.24718813
GLOBAL,S2D1,PWRTRNINDSO,1,2037,1018.700806
GLOBAL,S2D1,PWRTRNINDWE,1,2037,848.4216004900001
GLOBAL,S2D1,PWRURNINDNO01,2,2037,34.344974592
GLOBAL,S2D1,PWRURNINDSO01,2,2037,47.449490573999995
GLOBAL,S2D1,PWRURNINDWE01,2,2037,14.0061468421
GLOBAL,S2D1,PWRWOFINDNE01,1,2037,361.28236714999997
GLOBAL,S2D1,PWRWONINDEA01,1,2037,0.0050324701158
GLOBAL,S2D1,PWRWONINDNO01,1,2037,3.2429861647999996
GLOBAL,S2D1,PWRWONINDSO01,1,2037,13.0674971138
GLOBAL,S2D1,PWRWONINDWE01,1,2037,17.3291883703
GLOBAL,S2D1,RNWCSPINDNO,1,2037,1.8003564189599999
GLOBAL,S2D1,RNWCSPINDSO,1,2037,0.42279300245
GLOBAL,S2D1,RNWHYDINDEA,1,2037,14.4650220352
GLOBAL,S2D1,RNWHYDINDNE,1,2037,12.8895354381
GLOBAL,S2D1,RNWHYDINDNO,1,2037,80.305461726
GLOBAL,S2D1,RNWHYDINDSO,1,2037,46.475310627999995
GLOBAL,S2D1,RNWHYDINDWE,1,2037,22.128399431699997
GLOBAL,S2D1,RNWSPVINDEA,1,2037,222.231749141
GLOBAL,S2D1,RNWSPVINDNE,1,2037,0.26217154626
GLOBAL,S2D1,RNWSPVINDNO,1,2037,620.4486041
GLOBAL,S2D1,RNWSPVINDSO,1,2037,911.28571027
GLOBAL,S2D1,RNWSPVINDWE,1,2037,794.9578711400001
GLOBAL,S2D1,RNWWOFINDNE,1,2037,361.28236714999997
GLOBAL,S2D1,RNWWONINDEA,1,2037,0.0050324701158
GLOBAL,S2D1,RNWWONINDNO,1,2037,3.2429861647999996
GLOBAL,S2D1,RNWWONINDSO,1,2037,13.0674971138
GLOBAL,S2D1,RNWWONINDWE,1,2037,17.3291883703
GLOBAL,S2D1,TRNINDEAINDNE,2,2037,155.267905968
GLOBAL,S2D1,TRNINDNEINDNO,1,2037,134.75617265999998
GLOBAL,S2D1,MINURNINT,1,2038,234.492988102
GLOBAL,S2D1,PWRCSPINDNO01,1,2038,1.8003564189599999
GLOBAL,S2D1,PWRCSPINDSO01,1,2038,0.42279300245
GLOBAL,S2D1,PWRHYDINDEA01,1,2038,14.4650220352
GLOBAL,S2D1,PWRHYDINDNE01,1,2038,12.0581887975
GLOBAL,S2D1,PWRHYDINDNO01,1,2038,80.305461726
GLOBAL,S2D1,PWRHYDINDSO01,1,2038,46.475310627999995
GLOBAL,S2D1,PWRHYDINDWE01,1,2038,22.128399431699997
GLOBAL,S2D1,PWRSPVINDEA01,1,2038,226.235495459
GLOBAL,S2D1,PWRSPVINDNE01,1,2038,0.26217154626
GLOBAL,S2D1,PWRSPVINDNO01,1,2038,648.70334185
GLOBAL,S2D1,PWRSPVINDSO01,1,2038,961.70354221
GLOBAL,S2D1,PWRSPVINDWE01,1,2038,837.9176271
GLOBAL,S2D1,PWRTRNINDEA,1,2038,406.43761159
GLOBAL,S2D1,PWRTRNINDNE,1,2038,409.84075991000003
GLOBAL,S2D1,PWRTRNINDNO,1,2038,908.85599568
GLOBAL,S2D1,PWRTRNINDSO,1,2038,1069.67900582
GLOBAL,S2D1,PWRTRNINDWE,1,2038,891.79220382
GLOBAL,S2D1,PWRURNINDNO01,2,2038,34.344974592
GLOBAL,S2D1,PWRURNINDSO01,2,2038,50.024145016999995
GLOBAL,S2D1,PWRURNINDWE01,2,2038,21.2583531722
GLOBAL,S2D1,PWRWOFINDNE01,1,2038,397.52038081
GLOBAL,S2D1,PWRWONINDEA01,1,2038,0.0050324701158
GLOBAL,S2D1,PWRWONINDNO01,1,2038,3.2313709094
GLOBAL,S2D1,PWRWONINDSO01,1,2038,11.053210550800001
GLOBAL,S2D1,PWRWONINDWE01,1,2038,10.487831427
GLOBAL,S2D1,RNWCSPINDNO,1,2038,1.8003564189599999
GLOBAL,S2D1,RNWCSPINDSO,1,2038,0.42279300245
GLOBAL,S2D1,RNWHYDINDEA,1,2038,14.4650220352
GLOBAL,S2D1,RNWHYDINDNE,1,2038,12.0581887975
GLOBAL,S2D1,RNWHYDINDNO,1,2038,80.305461726
GLOBAL,S2D1,RNWHYDINDSO,1,2038,46.475310627999995
GLOBAL,S2D1,RNWHYDINDWE,1,2038,22.128399431699997
GLOBAL,S2D1,RNWSPVINDEA,1,2038,226.235495459
GLOBAL,S2D1,RNWSPVINDNE,1,2038,0.26217154626
GLOBAL,S2D1,RNWSPVINDNO,1,2038,648.70334185
GLOBAL,S2D1,RNWSPVINDSO,1,2038,961.70354221
GLOBAL,S2D1,RNWSPVINDWE,1,2038,837.9176271
GLOBAL,S2D1,RNWWOFINDNE,1,2038,397.52038081
GLOBAL,S2D1,RNWWONINDEA,1,2038,0.0050324701158
GLOBAL,S2D1,RNWWONINDNO,1,2038,3.2313709094
GLOBAL,S2D1,RNWWONINDSO,1,2038,11.053210550800001
GLOBAL,S2D1,RNWWONINDWE,1,2038,10.487831427
GLOBAL,S2D1,TRNINDEAINDNE,2,2038,171.168357168
GLOBAL,S2D1,TRNINDNEINDNO,1,2038,150.10739123699997
GLOBAL,S2D1,MINURNINT,1,2039,215.305747858
GLOBAL,S2D1,PWRCSPINDNO01,1,2039,1.8003564189599999
GLOBAL,S2D1,PWRCSPINDSO01,1,2039,0.42279300245
GLOBAL,S2D1,PWRHYDINDEA01,1,2039,14.4650220352
GLOBAL,S2D1,PWRHYDINDNE01,1,2039,10.6717908138
GLOBAL,S2D1,PWRHYDINDNO01,1,2039,80.305461726
GLOBAL,S2D1,PWRHYDINDSO01,1,2039,46.475310627999995
GLOBAL,S2D1,PWRHYDINDWE01,1,2039,22.128399431699997
GLOBAL,S2D1,PWRSPVINDEA01,1,2039,229.442441912
GLOBAL,S2D1,PWRSPVINDNE01,1,2039,0.26217154626
GLOBAL,S2D1,PWRSPVINDNO01,1,2039,677.54665747
GLOBAL,S2D1,PWRSPVINDSO01,1,2039,1012.18497898
GLOBAL,S2D1,PWRSPVINDWE01,1,2039,881.26644899
GLOBAL,S2D1,PWRTRNINDEA,1,2039,425.03999495999994
GLOBAL,S2D1,PWRTRNINDNE,1,2039,445.26948215
GLOBAL,S2D1,PWRTRNINDNO,1,2039,951.9015916899999
GLOBAL,S2D1,PWRTRNINDSO,1,2039,1120.63900402
GLOBAL,S2D1,PWRTRNINDWE,1,2039,935.52678913
GLOBAL,S2D1,PWRURNINDNO01,2,2039,34.344974592
GLOBAL,S2D1,PWRURNINDSO01,2,2039,48.589693495999995
GLOBAL,S2D1,PWRURNINDWE01,2,2039,14.049903587
GLOBAL,S2D1,PWRWOFINDNE01,1,2039,434.33552699999996
GLOBAL,S2D1,PWRWONINDEA01,1,2039,0.0050324701158
GLOBAL,S2D1,PWRWONINDNO01,1,2039,3.1198640542
GLOBAL,S2D1,PWRWONINDSO01,1,2039,12.966215434599999
GLOBAL,S2D1,PWRWONINDWE01,1,2039,18.0820361129
GLOBAL,S2D1,RNWCSPINDNO,1,2039,1.8003564189599999
GLOBAL,S2D1,RNWCSPINDSO,1,2039,0.42279300245
GLOBAL,S2D1,RNWHYDINDEA,1,2039,14.4650220352
GLOBAL,S2D1,RNWHYDINDNE,1,2039,10.6717908138
GLOBAL,S2D1,RNWHYDINDNO,1,2039,80.305461726
GLOBAL,S2D1,RNWHYDINDSO,1,2039,46.475310627999995
GLOBAL,S2D1,RNWHYDINDWE,1,2039,22.128399431699997
GLOBAL,S2D1,RNWSPVINDEA,1,2039,229.442441912
GLOBAL,S2D1,RNWSPVINDNE,1,2039,0.26217154626
GLOBAL,S2D1,RNWSPVINDNO,1,2039,677.54665747
GLOBAL,S2D1,RNWSPVINDSO,1,2039,1012.18497898
GLOBAL,S2D1,RNWSPVINDWE,1,2039,881.26644899
GLOBAL,S2D1,RNWWOFINDNE,1,2039,434.33552699999996
GLOBAL,S2D1,RNWWONINDEA,1,2039,0.0050324701158
GLOBAL,S2D1,RNWWONINDNO,1,2039,3.1198640542
GLOBAL,S2D1,RNWWONINDSO,1,2039,12.966215434599999
GLOBAL,S2D1,RNWWONINDWE,1,2039,18.0820361129
GLOBAL,S2D1,TRNINDEAINDNE,2,2039,187.06880836800002
GLOBAL,S2D1,TRNINDNEINDNO,1,2039,165.403173024
GLOBAL,S2D1,MINURNINT,1,2040,217.77065308699997
GLOBAL,S2D1,PWRCSPINDNO01,1,2040,0.90144428089
GLOBAL,S2D1,PWRHYDINDEA01,1,2040,14.4650220352
GLOBAL,S2D1,PWRHYDINDNE01,1,2040,12.2316870427
GLOBAL,S2D1,PWRHYDINDNO01,1,2040,80.305461726
GLOBAL,S2D1,PWRHYDINDSO01,1,2040,46.475310627999995
GLOBAL,S2D1,PWRHYDINDWE01,1,2040,22.128399431699997
GLOBAL,S2D1,PWRSPVINDEA01,1,2040,232.399789197
GLOBAL,S2D1,PWRSPVINDNE01,1,2040,0.26217154626
GLOBAL,S2D1,PWRSPVINDNO01,1,2040,707.06353387
GLOBAL,S2D1,PWRSPVINDSO01,1,2040,1062.6701216200001
GLOBAL,S2D1,PWRSPVINDWE01,1,2040,925.81519125
GLOBAL,S2D1,PWRTRNINDEA,1,2040,443.39279932999995
GLOBAL,S2D1,PWRTRNINDNE,1,2040,480.46117997
GLOBAL,S2D1,PWRTRNINDNO,1,2040,994.6820037099999
GLOBAL,S2D1,PWRTRNINDSO,1,2040,1171.1102055299998
GLOBAL,S2D1,PWRTRNINDWE,1,2040,980.41319413
GLOBAL,S2D1,PWRURNINDNO01,2,2040,34.344974592
GLOBAL,S2D1,PWRURNINDSO01,2,2040,49.141404262
GLOBAL,S2D1,PWRURNINDWE01,2,2040,14.6085087838
GLOBAL,S2D1,PWRWOFINDNE01,1,2040,467.96733085999995
GLOBAL,S2D1,PWRWONINDEA01,1,2040,0.0050324701158
GLOBAL,S2D1,PWRWONINDNO01,1,2040,3.080372085
GLOBAL,S2D1,PWRWONINDSO01,1,2040,12.8233546503
GLOBAL,S2D1,PWRWONINDWE01,1,2040,17.861088362
GLOBAL,S2D1,RNWCSPINDNO,1,2040,0.90144428089
GLOBAL,S2D1,RNWHYDINDEA,1,2040,14.4650220352
GLOBAL,S2D1,RNWHYDINDNE,1,2040,12.2316870427
GLOBAL,S2D1,RNWHYDINDNO,1,2040,80.305461726
GLOBAL,S2D1,RNWHYDINDSO,1,2040,46.475310627999995
GLOBAL,S2D1,RNWHYDINDWE,1,2040,22.128399431699997
GLOBAL,S2D1,RNWSPVINDEA,1,2040,232.399789197
GLOBAL,S2D1,RNWSPVINDNE,1,2040,0.26217154626
GLOBAL,S2D1,RNWSPVINDNO,1,2040,707.06353387
GLOBAL,S2D1,RNWSPVINDSO,1,2040,1062.6701216200001
GLOBAL,S2D1,RNWSPVINDWE,1,2040,925.81519125
GLOBAL,S2D1,RNWWOFINDNE,1,2040,467.96733085999995
GLOBAL,S2D1,RNWWONINDEA,1,2040,0.0050324701158
GLOBAL,S2D1,RNWWONINDNO,1,2040,3.080372085
GLOBAL,S2D1,RNWWONINDSO,1,2040,12.8233546503
GLOBAL,S2D1,RNWWONINDWE,1,2040,17.861088362
GLOBAL,S2D1,TRNINDEAINDNE,2,2040,202.96925956799998
GLOBAL,S2D1,TRNINDNEINDNO,1,2040,180.57942159599997
GLOBAL,S2D1,MINURNINT,1,2041,220.568930314
GLOBAL,S2D1,PWRCSPINDNO01,1,2041,0.90144428089
GLOBAL,S2D1,PWRHYDINDEA01,1,2041,14.4650220352
GLOBAL,S2D1,PWRHYDINDNE01,1,2041,12.329218230199999
GLOBAL,S2D1,PWRHYDINDNO01,1,2041,80.305461726
GLOBAL,S2D1,PWRHYDINDSO01,1,2041,46.475310627999995
GLOBAL,S2D1,PWRHYDINDWE01,1,2041,22.128399431699997
GLOBAL,S2D1,PWRSPVINDEA01,1,2041,238.13393731
GLOBAL,S2D1,PWRSPVINDNE01,1,2041,0.26217154626
GLOBAL,S2D1,PWRSPVINDNO01,1,2041,742.0819633599999
GLOBAL,S2D1,PWRSPVINDSO01,1,2041,1119.93607359
GLOBAL,S2D1,PWRSPVINDWE01,1,2041,976.34180434
GLOBAL,S2D1,PWRTRNINDEA,1,2041,464.52240957
GLOBAL,S2D1,PWRTRNINDNE,1,2041,516.17260715
GLOBAL,S2D1,PWRTRNINDNO,1,2041,1043.7492098999999
GLOBAL,S2D1,PWRTRNINDSO,1,2041,1228.82239971
GLOBAL,S2D1,PWRTRNINDWE,1,2041,1031.4537887
GLOBAL,S2D1,PWRURNINDNO01,2,2041,34.344974592
GLOBAL,S2D1,PWRURNINDSO01,2,2041,49.821133929
GLOBAL,S2D1,PWRURNINDWE01,2,2041,15.1892660076
GLOBAL,S2D1,PWRWOFINDNE01,1,2041,503.58122054999995
GLOBAL,S2D1,PWRWONINDEA01,1,2041,0.0050324701158
GLOBAL,S2D1,PWRWONINDNO01,1,2041,2.9812551885
GLOBAL,S2D1,PWRWONINDSO01,1,2041,12.5898729916
GLOBAL,S2D1,PWRWONINDWE01,1,2041,17.7943184165
GLOBAL,S2D1,RNWCSPINDNO,1,2041,0.90144428089
GLOBAL,S2D1,RNWHYDINDEA,1,2041,14.4650220352
GLOBAL,S2D1,RNWHYDINDNE,1,2041,12.329218230199999
GLOBAL,S2D1,RNWHYDINDNO,1,2041,80.305461726
GLOBAL,S2D1,RNWHYDINDSO,1,2041,46.475310627999995
GLOBAL,S2D1,RNWHYDINDWE,1,2041,22.128399431699997
GLOBAL,S2D1,RNWSPVINDEA,1,2041,238.13393731
GLOBAL,S2D1,RNWSPVINDNE,1,2041,0.26217154626
GLOBAL,S2D1,RNWSPVINDNO,1,2041,742.0819633599999
GLOBAL,S2D1,RNWSPVINDSO,1,2041,1119.93607359
GLOBAL,S2D1,RNWSPVINDWE,1,2041,976.34180434
GLOBAL,S2D1,RNWWOFINDNE,1,2041,503.58122054999995
GLOBAL,S2D1,RNWWONINDEA,1,2041,0.0050324701158
GLOBAL,S2D1,RNWWONINDNO,1,2041,2.9812551885
GLOBAL,S2D1,RNWWONINDSO,1,2041,12.5898729916
GLOBAL,S2D1,RNWWONINDWE,1,2041,17.7943184165
GLOBAL,S2D1,TRNINDEAINDNE,2,2041,218.86971076799998
GLOBAL,S2D1,TRNINDNEINDNO,1,2041,195.69790901599998
GLOBAL,S2D1,MINURNINT,1,2042,220.035269908
GLOBAL,S2D1,PWRCSPINDNO01,1,2042,0.8862513987599999
GLOBAL,S2D1,PWRHYDINDEA01,1,2042,14.4650220352
GLOBAL,S2D1,PWRHYDINDNE01,1,2042,12.424566988
GLOBAL,S2D1,PWRHYDINDNO01,1,2042,80.305461726
GLOBAL,S2D1,PWRHYDINDSO01,1,2042,46.475310627999995
GLOBAL,S2D1,PWRHYDINDWE01,1,2042,22.128399431699997
GLOBAL,S2D1,PWRSPVINDEA01,1,2042,244.266484095
GLOBAL,S2D1,PWRSPVINDNE01,1,2042,0.26217154626
GLOBAL,S2D1,PWRSPVINDNO01,1,2042,777.92077667
GLOBAL,S2D1,PWRSPVINDSO01,1,2042,1177.39836104
GLOBAL,S2D1,PWRSPVINDWE01,1,2042,1027.33868477
GLOBAL,S2D1,PWRTRNINDEA,1,2042,486.05038823
GLOBAL,S2D1,PWRTRNINDNE,1,2042,551.72301806
GLOBAL,S2D1,PWRTRNINDNO,1,2042,1092.0363934799998
GLOBAL,S2D1,PWRTRNINDSO,1,2042,1286.71398825
GLOBAL,S2D1,PWRTRNINDWE,1,2042,1082.77779409
GLOBAL,S2D1,PWRURNINDNO01,2,2042,32.754929472
GLOBAL,S2D1,PWRURNINDSO01,2,2042,50.507387944
GLOBAL,S2D1,PWRURNINDWE01,2,2042,15.852668418099999
GLOBAL,S2D1,PWRWOFINDNE01,1,2042,539.03628724
GLOBAL,S2D1,PWRWONINDEA01,1,2042,0.0050324701158
GLOBAL,S2D1,PWRWONINDNO01,1,2042,2.9394401178
GLOBAL,S2D1,PWRWONINDSO01,1,2042,12.3329369573
GLOBAL,S2D1,PWRWONINDWE01,1,2042,17.4580404618
GLOBAL,S2D1,RNWCSPINDNO,1,2042,0.8862513987599999
GLOBAL,S2D1,RNWHYDINDEA,1,2042,14.4650220352
GLOBAL,S2D1,RNWHYDINDNE,1,2042,12.424566988
GLOBAL,S2D1,RNWHYDINDNO,1,2042,80.305461726
GLOBAL,S2D1,RNWHYDINDSO,1,2042,46.475310627999995
GLOBAL,S2D1,RNWHYDINDWE,1,2042,22.128399431699997
GLOBAL,S2D1,RNWSPVINDEA,1,2042,244.266484095
GLOBAL,S2D1,RNWSPVINDNE,1,2042,0.26217154626
GLOBAL,S2D1,RNWSPVINDNO,1,2042,777.92077667
GLOBAL,S2D1,RNWSPVINDSO,1,2042,1177.39836104
GLOBAL,S2D1,RNWSPVINDWE,1,2042,1027.33868477
GLOBAL,S2D1,RNWWOFINDNE,1,2042,539.03628724
GLOBAL,S2D1,RNWWONINDEA,1,2042,0.0050324701158
GLOBAL,S2D1,RNWWONINDNO,1,2042,2.9394401178
GLOBAL,S2D1,RNWWONINDSO,1,2042,12.3329369573
GLOBAL,S2D1,RNWWONINDWE,1,2042,17.4580404618
GLOBAL,S2D1,TRNINDEAINDNE,2,2042,234.77016196799997
GLOBAL,S2D1,TRNINDNEINDNO,1,2042,210.760359648
GLOBAL,S2D1,MINURNINT,1,2043,223.35873446
GLOBAL,S2D1,PWRCSPINDNO01,1,2043,0.8862513987599999
GLOBAL,S2D1,PWRHYDINDEA01,1,2043,14.4650220352
GLOBAL,S2D1,PWRHYDINDNE01,1,2043,10.6907041121
GLOBAL,S2D1,PWRHYDINDNO01,1,2043,80.305461726
GLOBAL,S2D1,PWRHYDINDSO01,1,2043,46.475310627999995
GLOBAL,S2D1,PWRHYDINDWE01,1,2043,22.128399431699997
GLOBAL,S2D1,PWRSPVINDEA01,1,2043,250.408630848
GLOBAL,S2D1,PWRSPVINDNE01,1,2043,0.26217154626
GLOBAL,S2D1,PWRSPVINDNO01,1,2043,811.98876395
GLOBAL,S2D1,PWRSPVINDSO01,1,2043,1234.6319433699998
GLOBAL,S2D1,PWRSPVINDWE01,1,2043,1079.06962998
GLOBAL,S2D1,PWRTRNINDEA,1,2043,507.58799711
GLOBAL,S2D1,PWRTRNINDNE,1,2043,587.4600586
GLOBAL,S2D1,PWRTRNINDNO,1,2043,1139.9595950799999
GLOBAL,S2D1,PWRTRNINDSO,1,2043,1344.30139293
GLOBAL,S2D1,PWRTRNINDWE,1,2043,1134.53339468
GLOBAL,S2D1,PWRURNINDNO01,2,2043,32.754929472
GLOBAL,S2D1,PWRURNINDSO01,2,2043,51.207688970999996
GLOBAL,S2D1,PWRURNINDWE01,2,2043,16.649423913499998
GLOBAL,S2D1,PWRWOFINDNE01,1,2043,576.50717074
GLOBAL,S2D1,PWRWONINDEA01,1,2043,0.0050324701158
GLOBAL,S2D1,PWRWONINDNO01,1,2043,2.7210728625
GLOBAL,S2D1,PWRWONINDSO01,1,2043,11.986446179499998
GLOBAL,S2D1,PWRWONINDWE01,1,2043,16.685936816999998
GLOBAL,S2D1,RNWCSPINDNO,1,2043,0.8862513987599999
GLOBAL,S2D1,RNWHYDINDEA,1,2043,14.4650220352
GLOBAL,S2D1,RNWHYDINDNE,1,2043,10.6907041121
GLOBAL,S2D1,RNWHYDINDNO,1,2043,80.305461726
GLOBAL,S2D1,RNWHYDINDSO,1,2043,46.475310627999995
GLOBAL,S2D1,RNWHYDINDWE,1,2043,22.128399431699997
GLOBAL,S2D1,RNWSPVINDEA,1,2043,250.408630848
GLOBAL,S2D1,RNWSPVINDNE,1,2043,0.26217154626
GLOBAL,S2D1,RNWSPVINDNO,1,2043,811.98876395
GLOBAL,S2D1,RNWSPVINDSO,1,2043,1234.6319433699998
GLOBAL,S2D1,RNWSPVINDWE,1,2043,1079.06962998
GLOBAL,S2D1,RNWWOFINDNE,1,2043,576.50717074
GLOBAL,S2D1,RNWWONINDEA,1,2043,0.0050324701158
GLOBAL,S2D1,RNWWONINDNO,1,2043,2.7210728625
GLOBAL,S2D1,RNWWONINDSO,1,2043,11.986446179499998
GLOBAL,S2D1,RNWWONINDWE,1,2043,16.685936816999998
GLOBAL,S2D1,TRNINDEAINDNE,2,2043,250.670613168
GLOBAL,S2D1,TRNINDNEINDNO,1,2043,225.79943556799998
GLOBAL,S2D1,MINURNINT,1,2044,232.973455352
GLOBAL,S2D1,PWRCSPINDNO01,1,2044,0.6330367134
GLOBAL,S2D1,PWRHYDINDEA01,1,2044,14.4650220352
GLOBAL,S2D1,PWRHYDINDNE01,1,2044,10.6907041121
GLOBAL,S2D1,PWRHYDINDNO01,1,2044,80.305461726
GLOBAL,S2D1,PWRHYDINDSO01,1,2044,46.475310627999995
GLOBAL,S2D1,PWRHYDINDWE01,1,2044,22.128399431699997
GLOBAL,S2D1,PWRSPVINDEA01,1,2044,255.91477719999997
GLOBAL,S2D1,PWRSPVINDNE01,1,2044,0.26217154626
GLOBAL,S2D1,PWRSPVINDNO01,1,2044,856.69905189
GLOBAL,S2D1,PWRSPVINDSO01,1,2044,1296.9368953499998
GLOBAL,S2D1,PWRSPVINDWE01,1,2044,1136.06517949
GLOBAL,S2D1,PWRTRNINDEA,1,2044,528.48960811
GLOBAL,S2D1,PWRTRNINDNE,1,2044,612.32523622
GLOBAL,S2D1,PWRTRNINDNO,1,2044,1186.85838833
GLOBAL,S2D1,PWRTRNINDSO,1,2044,1402.23460318
GLOBAL,S2D1,PWRTRNINDWE,1,2044,1187.56300783
GLOBAL,S2D1,PWRURNINDNO01,2,2044,32.754929472
GLOBAL,S2D1,PWRURNINDSO01,2,2044,53.051455094
GLOBAL,S2D1,PWRURNINDWE01,2,2044,19.136613522
GLOBAL,S2D1,PWRWOFINDNE01,1,2044,601.37237357
GLOBAL,S2D1,PWRWONINDEA01,1,2044,0.0050324701158
GLOBAL,S2D1,PWRWONINDNO01,1,2044,1.35434160316
GLOBAL,S2D1,PWRWONINDSO01,1,2044,5.7709360576
GLOBAL,S2D1,PWRWONINDWE01,1,2044,10.2328012687
GLOBAL,S2D1,RNWCSPINDNO,1,2044,0.6330367134
GLOBAL,S2D1,RNWHYDINDEA,1,2044,14.4650220352
GLOBAL,S2D1,RNWHYDINDNE,1,2044,10.6907041121
GLOBAL,S2D1,RNWHYDINDNO,1,2044,80.305461726
GLOBAL,S2D1,RNWHYDINDSO,1,2044,46.475310627999995
GLOBAL,S2D1,RNWHYDINDWE,1,2044,22.128399431699997
GLOBAL,S2D1,RNWSPVINDEA,1,2044,255.91477719999997
GLOBAL,S2D1,RNWSPVINDNE,1,2044,0.26217154626
GLOBAL,S2D1,RNWSPVINDNO,1,2044,856.69905189
GLOBAL,S2D1,RNWSPVINDSO,1,2044,1296.9368953499998
GLOBAL,S2D1,RNWSPVINDWE,1,2044,1136.06517949
GLOBAL,S2D1,RNWWOFINDNE,1,2044,601.37237357
GLOBAL,S2D1,RNWWONINDEA,1,2044,0.0050324701158
GLOBAL,S2D1,RNWWONINDNO,1,2044,1.35434160316
GLOBAL,S2D1,RNWWONINDSO,1,2044,5.7709360576
GLOBAL,S2D1,RNWWONINDWE,1,2044,10.2328012687
GLOBAL,S2D1,TRNINDEAINDNE,2,2044,266.57106941
GLOBAL,S2D1,TRNINDNEINDNO,1,2044,229.869176624
GLOBAL,S2D1,MINURNINT,1,2045,262.65509927
GLOBAL,S2D1,PWRHYDINDEA01,1,2045,14.4650220352
GLOBAL,S2D1,PWRHYDINDNE01,1,2045,12.725525984799999
GLOBAL,S2D1,PWRHYDINDNO01,1,2045,80.305461726
GLOBAL,S2D1,PWRHYDINDSO01,1,2045,46.475310627999995
GLOBAL,S2D1,PWRHYDINDWE01,1,2045,15.851698085199999
GLOBAL,S2D1,PWRSPVINDEA01,1,2045,261.586523
GLOBAL,S2D1,PWRSPVINDNE01,1,2045,0.26217154626
GLOBAL,S2D1,PWRSPVINDNO01,1,2045,916.80690195
GLOBAL,S2D1,PWRSPVINDSO01,1,2045,1329.29347657
GLOBAL,S2D1,PWRSPVINDWE01,1,2045,1211.59181849
GLOBAL,S2D1,PWRTRNINDEA,1,2045,549.5567983899999
GLOBAL,S2D1,PWRTRNINDNE,1,2045,619.5777246499999
GLOBAL,S2D1,PWRTRNINDNO,1,2045,1233.6844003099998
GLOBAL,S2D1,PWRTRNINDSO,1,2045,1460.1261917199997
GLOBAL,S2D1,PWRTRNINDWE,1,2045,1247.04249864
GLOBAL,S2D1,PWRURNINDNO01,2,2045,32.754929472
GLOBAL,S2D1,PWRURNINDSO01,2,2045,71.5520304
GLOBAL,S2D1,PWRURNINDWE01,2,2045,14.0061468421
GLOBAL,S2D1,PWRWOFINDNE01,1,2045,606.5900368499999
GLOBAL,S2D1,PWRWONINDEA01,1,2045,0.0050324701158
GLOBAL,S2D1,PWRWONINDNO01,1,2045,1.27845511662
GLOBAL,S2D1,PWRWONINDSO01,1,2045,6.6658713938
GLOBAL,S2D1,PWRWONINDWE01,1,2045,5.592820348799999
GLOBAL,S2D1,RNWHYDINDEA,1,2045,14.4650220352
GLOBAL,S2D1,RNWHYDINDNE,1,2045,12.725525984799999
GLOBAL,S2D1,RNWHYDINDNO,1,2045,80.305461726
GLOBAL,S2D1,RNWHYDINDSO,1,2045,46.475310627999995
GLOBAL,S2D1,RNWHYDINDWE,1,2045,15.851698085199999
GLOBAL,S2D1,RNWSPVINDEA,1,2045,261.586523
GLOBAL,S2D1,RNWSPVINDNE,1,2045,0.26217154626
GLOBAL,S2D1,RNWSPVINDNO,1,2045,916.80690195
GLOBAL,S2D1,RNWSPVINDSO,1,2045,1329.29347657
GLOBAL,S2D1,RNWSPVINDWE,1,2045,1211.59181849
GLOBAL,S2D1,RNWWOFINDNE,1,2045,606.5900368499999
GLOBAL,S2D1,RNWWONINDEA,1,2045,0.0050324701158
GLOBAL,S2D1,RNWWONINDNO,1,2045,1.27845511662
GLOBAL,S2D1,RNWWONINDSO,1,2045,6.6658713938
GLOBAL,S2D1,RNWWONINDWE,1,2045,5.592820348799999
GLOBAL,S2D1,TRNINDEAINDNE,2,2045,282.47152060999997
GLOBAL,S2D1,TRNINDNEINDNO,1,2045,216.433706283
GLOBAL,S2D1,TRNINDSOINDWE,2,2045,6.4108949328
GLOBAL,S2D1,MINURNINT,1,2046,262.65509927
GLOBAL,S2D1,PWRHYDINDEA01,1,2046,14.4650220352
GLOBAL,S2D1,PWRHYDINDNE01,1,2046,10.6907041121
GLOBAL,S2D1,PWRHYDINDNO01,1,2046,80.305461726
GLOBAL,S2D1,PWRHYDINDSO01,1,2046,43.829364825999996
GLOBAL,S2D1,PWRHYDINDWE01,1,2046,15.851698085199999
GLOBAL,S2D1,PWRSPVINDEA01,1,2046,272.83588046
GLOBAL,S2D1,PWRSPVINDNE01,1,2046,0.26217154626
GLOBAL,S2D1,PWRSPVINDNO01,1,2046,1052.19788762
GLOBAL,S2D1,PWRSPVINDSO01,1,2046,1315.51364015
GLOBAL,S2D1,PWRSPVINDWE01,1,2046,1349.55462752
GLOBAL,S2D1,PWRTRNINDEA,1,2046,576.20160033
GLOBAL,S2D1,PWRTRNINDNE,1,2046,559.51230302
GLOBAL,S2D1,PWRTRNINDNO,1,2046,1291.7606016799998
GLOBAL,S2D1,PWRTRNINDSO,1,2046,1529.14839862
GLOBAL,S2D1,PWRTRNINDWE,1,2046,1383.22162454
GLOBAL,S2D1,PWRURNINDNO01,2,2046,32.754929472
GLOBAL,S2D1,PWRURNINDSO01,2,2046,71.5520304
GLOBAL,S2D1,PWRURNINDWE01,2,2046,14.0061468421
GLOBAL,S2D1,PWRWOFINDNE01,1,2046,548.55944037
GLOBAL,S2D1,PWRWONINDEA01,1,2046,0.0050324701158
GLOBAL,S2D1,PWRWONINDNO01,1,2046,0.47080600207
GLOBAL,S2D1,PWRWONINDSO01,1,2046,4.7826380074
GLOBAL,S2D1,PWRWONINDWE01,1,2046,3.8091566305
GLOBAL,S2D1,RNWHYDINDEA,1,2046,14.4650220352
GLOBAL,S2D1,RNWHYDINDNE,1,2046,10.6907041121
GLOBAL,S2D1,RNWHYDINDNO,1,2046,80.305461726
GLOBAL,S2D1,RNWHYDINDSO,1,2046,43.829364825999996
GLOBAL,S2D1,RNWHYDINDWE,1,2046,15.851698085199999
GLOBAL,S2D1,RNWSPVINDEA,1,2046,272.83588046
GLOBAL,S2D1,RNWSPVINDNE,1,2046,0.26217154626
GLOBAL,S2D1,RNWSPVINDNO,1,2046,1052.19788762
GLOBAL,S2D1,RNWSPVINDSO,1,2046,1315.51364015
GLOBAL,S2D1,RNWSPVINDWE,1,2046,1349.55462752
GLOBAL,S2D1,RNWWOFINDNE,1,2046,548.55944037
GLOBAL,S2D1,RNWWONINDEA,1,2046,0.0050324701158
GLOBAL,S2D1,RNWWONINDNO,1,2046,0.47080600207
GLOBAL,S2D1,RNWWONINDSO,1,2046,4.7826380074
GLOBAL,S2D1,RNWWONINDWE,1,2046,3.8091566305
GLOBAL,S2D1,TRNINDEAINDNE,2,2046,298.37197181
GLOBAL,S2D1,TRNINDNEINDNO,1,2046,134.677837627
GLOBAL,S2D1,TRNINDSOINDWE,2,2046,97.602224238
GLOBAL,S2D1,MINURNINT,1,2047,258.77220465
GLOBAL,S2D1,PWRHYDINDEA01,1,2047,14.4650220352
GLOBAL,S2D1,PWRHYDINDNE01,1,2047,12.8895354381
GLOBAL,S2D1,PWRHYDINDNO01,1,2047,80.305461726
GLOBAL,S2D1,PWRHYDINDSO01,1,2047,46.132194965
GLOBAL,S2D1,PWRHYDINDWE01,1,2047,15.851698085199999
GLOBAL,S2D1,PWRSPVINDEA01,1,2047,281.75961542
GLOBAL,S2D1,PWRSPVINDNE01,1,2047,0.26217154626
GLOBAL,S2D1,PWRSPVINDNO01,1,2047,1122.9536601700001
GLOBAL,S2D1,PWRSPVINDSO01,1,2047,1315.51364015
GLOBAL,S2D1,PWRSPVINDWE01,1,2047,1474.9514616299998
GLOBAL,S2D1,PWRTRNINDEA,1,2047,600.52080498
GLOBAL,S2D1,PWRTRNINDNE,1,2047,563.24174437
GLOBAL,S2D1,PWRTRNINDNO,1,2047,1345.9185892199998
GLOBAL,S2D1,PWRTRNINDSO,1,2047,1594.40319791
GLOBAL,S2D1,PWRTRNINDWE,1,2047,1508.0292505300001
GLOBAL,S2D1,PWRURNINDNO01,2,2047,32.754929472
GLOBAL,S2D1,PWRURNINDSO01,2,2047,69.802980768
GLOBAL,S2D1,PWRURNINDWE01,2,2047,14.0061468421
GLOBAL,S2D1,PWRWOFINDNE01,1,2047,550.0900151
GLOBAL,S2D1,PWRWONINDEA01,1,2047,0.0050324701158
GLOBAL,S2D1,PWRWONINDNO01,1,2047,0.30664337281
GLOBAL,S2D1,PWRWONINDSO01,1,2047,3.2040513365999996
GLOBAL,S2D1,PWRWONINDWE01,1,2047,3.2199606113
GLOBAL,S2D1,RNWHYDINDEA,1,2047,14.4650220352
GLOBAL,S2D1,RNWHYDINDNE,1,2047,12.8895354381
GLOBAL,S2D1,RNWHYDINDNO,1,2047,80.305461726
GLOBAL,S2D1,RNWHYDINDSO,1,2047,46.132194965
GLOBAL,S2D1,RNWHYDINDWE,1,2047,15.851698085199999
GLOBAL,S2D1,RNWSPVINDEA,1,2047,281.75961542
GLOBAL,S2D1,RNWSPVINDNE,1,2047,0.26217154626
GLOBAL,S2D1,RNWSPVINDNO,1,2047,1122.9536601700001
GLOBAL,S2D1,RNWSPVINDSO,1,2047,1315.51364015
GLOBAL,S2D1,RNWSPVINDWE,1,2047,1474.9514616299998
GLOBAL,S2D1,RNWWOFINDNE,1,2047,550.0900151
GLOBAL,S2D1,RNWWONINDEA,1,2047,0.0050324701158
GLOBAL,S2D1,RNWWONINDNO,1,2047,0.30664337281
GLOBAL,S2D1,RNWWONINDSO,1,2047,3.2040513365999996
GLOBAL,S2D1,RNWWONINDWE,1,2047,3.2199606113
GLOBAL,S2D1,TRNINDEAINDNE,2,2047,314.27242300999995
GLOBAL,S2D1,TRNINDNEINDNO,1,2047,117.116813811
GLOBAL,S2D1,TRNINDSOINDWE,2,2047,166.811459086
GLOBAL,S2D1,MINURNINT,1,2048,236.563321537
GLOBAL,S2D1,PWRHYDINDEA01,1,2048,14.4650220352
GLOBAL,S2D1,PWRHYDINDNE01,1,2048,12.8895354381
GLOBAL,S2D1,PWRHYDINDNO01,1,2048,80.305461726
GLOBAL,S2D1,PWRHYDINDSO01,1,2048,46.475310627999995
GLOBAL,S2D1,PWRHYDINDWE01,1,2048,22.128399431699997
GLOBAL,S2D1,PWRSPVINDEA01,1,2048,306.40576856
GLOBAL,S2D1,PWRSPVINDNE01,1,2048,0.26217154626
GLOBAL,S2D1,PWRSPVINDNO01,1,2048,1190.11131026
GLOBAL,S2D1,PWRSPVINDSO01,1,2048,1315.51364015
GLOBAL,S2D1,PWRSPVINDWE01,1,2048,1586.6090978399998
GLOBAL,S2D1,PWRTRNINDEA,1,2048,640.5624025999999
GLOBAL,S2D1,PWRTRNINDNE,1,2048,570.7292656299999
GLOBAL,S2D1,PWRTRNINDNO,1,2048,1400.0558037199999
GLOBAL,S2D1,PWRTRNINDSO,1,2048,1659.58519072
GLOBAL,S2D1,PWRTRNINDWE,1,2048,1636.4017974099997
GLOBAL,S2D1,PWRURNINDNO01,2,2048,32.754929472
GLOBAL,S2D1,PWRURNINDSO01,2,2048,50.689673891
GLOBAL,S2D1,PWRURNINDWE01,2,2048,23.1154508474
GLOBAL,S2D1,PWRWOFINDNE01,1,2048,557.57756157
GLOBAL,S2D1,PWRWONINDEA01,1,2048,0.0050324701158
GLOBAL,S2D1,PWRWONINDNO01,1,2048,0.19358799336
GLOBAL,S2D1,PWRWONINDSO01,1,2048,2.9041251935
GLOBAL,S2D1,PWRWONINDWE01,1,2048,4.5488558455
GLOBAL,S2D1,RNWHYDINDEA,1,2048,14.4650220352
GLOBAL,S2D1,RNWHYDINDNE,1,2048,12.8895354381
GLOBAL,S2D1,RNWHYDINDNO,1,2048,80.305461726
GLOBAL,S2D1,RNWHYDINDSO,1,2048,46.475310627999995
GLOBAL,S2D1,RNWHYDINDWE,1,2048,22.128399431699997
GLOBAL,S2D1,RNWSPVINDEA,1,2048,306.40576856
GLOBAL,S2D1,RNWSPVINDNE,1,2048,0.26217154626
GLOBAL,S2D1,RNWSPVINDNO,1,2048,1190.11131026
GLOBAL,S2D1,RNWSPVINDSO,1,2048,1315.51364015
GLOBAL,S2D1,RNWSPVINDWE,1,2048,1586.6090978399998
GLOBAL,S2D1,RNWWOFINDNE,1,2048,557.57756157
GLOBAL,S2D1,RNWWONINDEA,1,2048,0.0050324701158
GLOBAL,S2D1,RNWWONINDNO,1,2048,0.19358799336
GLOBAL,S2D1,RNWWONINDSO,1,2048,2.9041251935
GLOBAL,S2D1,RNWWONINDWE,1,2048,4.5488558455
GLOBAL,S2D1,TRNINDEAINDNE,2,2048,330.17287421
GLOBAL,S2D1,TRNINDEAINDSO,1,2048,15.736797963999999
GLOBAL,S2D1,TRNINDNEINDNO,1,2048,103.323900964
GLOBAL,S2D1,TRNINDSOINDWE,2,2048,239.460795072
GLOBAL,S2D1,MINURNINT,1,2049,273.11256021
GLOBAL,S2D1,PWRHYDINDEA01,1,2049,14.4650220352
GLOBAL,S2D1,PWRHYDINDNE01,1,2049,12.8895354381
GLOBAL,S2D1,PWRHYDINDNO01,1,2049,80.305461726
GLOBAL,S2D1,PWRHYDINDSO01,1,2049,38.205560883
GLOBAL,S2D1,PWRHYDINDWE01,1,2049,22.128399431699997
GLOBAL,S2D1,PWRSPVINDEA01,1,2049,361.82617206
GLOBAL,S2D1,PWRSPVINDNE01,1,2049,0.26217154626
GLOBAL,S2D1,PWRSPVINDNO01,1,2049,1235.49606654
GLOBAL,S2D1,PWRSPVINDSO01,1,2049,1315.51364015
GLOBAL,S2D1,PWRSPVINDWE01,1,2049,1658.98569692
GLOBAL,S2D1,PWRTRNINDEA,1,2049,711.37827579
GLOBAL,S2D1,PWRTRNINDNE,1,2049,601.36430637
GLOBAL,S2D1,PWRTRNINDNO,1,2049,1454.208598
GLOBAL,S2D1,PWRTRNINDSO,1,2049,1724.66319228
GLOBAL,S2D1,PWRTRNINDWE,1,2049,1708.13463393
GLOBAL,S2D1,PWRURNINDNO01,2,2049,32.754929472
GLOBAL,S2D1,PWRURNINDSO01,2,2049,67.054092452
GLOBAL,S2D1,PWRURNINDWE01,2,2049,23.214658752
GLOBAL,S2D1,PWRWOFINDNE01,1,2049,588.21260231
GLOBAL,S2D1,PWRWONINDEA01,1,2049,0.0050324701158
GLOBAL,S2D1,PWRWONINDNO01,1,2049,0.19358799336
GLOBAL,S2D1,PWRWONINDSO01,1,2049,1.27602943563
GLOBAL,S2D1,PWRWONINDWE01,1,2049,3.805888154
GLOBAL,S2D1,RNWHYDINDEA,1,2049,14.4650220352
GLOBAL,S2D1,RNWHYDINDNE,1,2049,12.8895354381
GLOBAL,S2D1,RNWHYDINDNO,1,2049,80.305461726
GLOBAL,S2D1,RNWHYDINDSO,1,2049,38.205560883
GLOBAL,S2D1,RNWHYDINDWE,1,2049,22.128399431699997
GLOBAL,S2D1,RNWSPVINDEA,1,2049,361.82617206
GLOBAL,S2D1,RNWSPVINDNE,1,2049,0.26217154626
GLOBAL,S2D1,RNWSPVINDNO,1,2049,1235.49606654
GLOBAL,S2D1,RNWSPVINDSO,1,2049,1315.51364015
GLOBAL,S2D1,RNWSPVINDWE,1,2049,1658.98569692
GLOBAL,S2D1,RNWWOFINDNE,1,2049,588.21260231
GLOBAL,S2D1,RNWWONINDEA,1,2049,0.0050324701158
GLOBAL,S2D1,RNWWONINDNO,1,2049,0.19358799336
GLOBAL,S2D1,RNWWONINDSO,1,2049,1.27602943563
GLOBAL,S2D1,RNWWONINDWE,1,2049,3.805888154
GLOBAL,S2D1,TRNINDEAINDNE,2,2049,346.07332540999994
GLOBAL,S2D1,TRNINDEAINDSO,1,2049,62.250266448
GLOBAL,S2D1,TRNINDNEINDNO,1,2049,112.693482337
GLOBAL,S2D1,TRNINDSOINDWE,2,2049,255.36124123
GLOBAL,S2D1,MINURNINT,1,2050,217.746393504
GLOBAL,S2D1,PWRHYDINDEA01,1,2050,14.4650220352
GLOBAL,S2D1,PWRHYDINDNE01,1,2050,12.8895354381
GLOBAL,S2D1,PWRHYDINDNO01,1,2050,80.305461726
GLOBAL,S2D1,PWRHYDINDSO01,1,2050,112.235913274
GLOBAL,S2D1,PWRHYDINDWE01,1,2050,22.128399431699997
GLOBAL,S2D1,PWRSPVINDEA01,1,2050,371.61539153
GLOBAL,S2D1,PWRSPVINDNE01,1,2050,0.26217154626
GLOBAL,S2D1,PWRSPVINDNO01,1,2050,1283.9187538699998
GLOBAL,S2D1,PWRSPVINDSO01,1,2050,1315.51364015
GLOBAL,S2D1,PWRSPVINDWE01,1,2050,1732.02383161
GLOBAL,S2D1,PWRTRNINDEA,1,2050,736.55789774
GLOBAL,S2D1,PWRTRNINDNE,1,2050,628.82881146
GLOBAL,S2D1,PWRTRNINDNO,1,2050,1508.4393920199998
GLOBAL,S2D1,PWRTRNINDSO,1,2050,1789.81140369
GLOBAL,S2D1,PWRTRNINDWE,1,2050,1779.7609077799998
GLOBAL,S2D1,PWRURNINDNO01,2,2050,32.754929472
GLOBAL,S2D1,PWRURNINDSO01,2,2050,42.114373904
GLOBAL,S2D1,PWRURNINDWE01,2,2050,23.214658752
GLOBAL,S2D1,PWRWOFINDNE01,1,2050,615.6771074
GLOBAL,S2D1,PWRWONINDNO01,1,2050,0.19358799336
GLOBAL,S2D1,PWRWONINDSO01,1,2050,1.2588954843399998
GLOBAL,S2D1,PWRWONINDWE01,1,2050,2.3940069191099997
GLOBAL,S2D1,RNWHYDINDEA,1,2050,14.4650220352
GLOBAL,S2D1,RNWHYDINDNE,1,2050,12.8895354381
GLOBAL,S2D1,RNWHYDINDNO,1,2050,80.305461726
GLOBAL,S2D1,RNWHYDINDSO,1,2050,112.235913274
GLOBAL,S2D1,RNWHYDINDWE,1,2050,22.128399431699997
GLOBAL,S2D1,RNWSPVINDEA,1,2050,371.61539153
GLOBAL,S2D1,RNWSPVINDNE,1,2050,0.26217154626
GLOBAL,S2D1,RNWSPVINDNO,1,2050,1283.9187538699998
GLOBAL,S2D1,RNWSPVINDSO,1,2050,1315.51364015
GLOBAL,S2D1,RNWSPVINDWE,1,2050,1732.02383161
GLOBAL,S2D1,RNWWOFINDNE,1,2050,615.6771074
GLOBAL,S2D1,RNWWONINDNO,1,2050,0.19358799336
GLOBAL,S2D1,RNWWONINDSO,1,2050,1.2588954843399998
GLOBAL,S2D1,RNWWONINDWE,1,2050,2.3940069191099997
GLOBAL,S2D1,TRNINDEAINDNE,2,2050,361.97377661
GLOBAL,S2D1,TRNINDEAINDSO,1,2050,63.158701234999995
GLOBAL,S2D1,TRNINDNEINDNO,1,2050,118.90004063999999
GLOBAL,S2D1,TRNINDSOINDWE,2,2050,271.26169243
GLOBAL,S2D2,MINCOAINT,1,2021,2749.8546152999998
GLOBAL,S2D2,MINURNINT,1,2021,78.58599602899999
GLOBAL,S2D2,PWRBIOINDNO01,1,2021,0.8466990263999999
GLOBAL,S2D2,PWRBIOINDSO01,1,2021,9.655946552899998
GLOBAL,S2D2,PWRBIOINDWE01,1,2021,0.4412375208
GLOBAL,S2D2,PWRCOAINDEA01,2,2021,161.401836782
GLOBAL,S2D2,PWRCOAINDNE01,2,2021,5.9626692
GLOBAL,S2D2,PWRCOAINDNO01,2,2021,239.227312657
GLOBAL,S2D2,PWRCOAINDSO01,2,2021,279.85537807000003
GLOBAL,S2D2,PWRCOAINDWE01,2,2021,251.516945641
GLOBAL,S2D2,PWRCSPINDNO01,1,2021,0.00169578312048
GLOBAL,S2D2,PWRCSPINDSO01,1,2021,0.000556515792
GLOBAL,S2D2,PWRHYDINDEA01,1,2021,15.800060694299999
GLOBAL,S2D2,PWRHYDINDNE01,1,2021,5.6201752156
GLOBAL,S2D2,PWRHYDINDNO01,1,2021,59.533999871999995
GLOBAL,S2D2,PWRHYDINDSO01,1,2021,38.180310547
GLOBAL,S2D2,PWRHYDINDWE01,1,2021,19.6122097518
GLOBAL,S2D2,PWRSPVINDEA01,1,2021,0.00122989990032
GLOBAL,S2D2,PWRSPVINDNE01,1,2021,0.00045793299456
GLOBAL,S2D2,PWRSPVINDNO01,1,2021,0.017428484509899998
GLOBAL,S2D2,PWRSPVINDSO01,1,2021,0.038812206759999995
GLOBAL,S2D2,PWRSPVINDWE01,1,2021,0.0122306269622
GLOBAL,S2D2,PWRTRNINDEA,1,2021,177.21404541899997
GLOBAL,S2D2,PWRTRNINDNE,1,2021,33.598798928
GLOBAL,S2D2,PWRTRNINDNO,1,2021,312.34060592000003
GLOBAL,S2D2,PWRTRNINDSO,1,2021,355.07750548
GLOBAL,S2D2,PWRTRNINDWE,1,2021,304.83599227999997
GLOBAL,S2D2,PWRURNINDNO01,2,2021,7.2908709070999995
GLOBAL,S2D2,PWRURNINDSO01,2,2021,15.924797001199998
GLOBAL,S2D2,PWRURNINDWE01,2,2021,12.1834290523
GLOBAL,S2D2,PWRWONINDEA01,1,2021,0.0109188397382
GLOBAL,S2D2,PWRWONINDNO01,1,2021,5.4225943616
GLOBAL,S2D2,PWRWONINDSO01,1,2021,11.421691507399998
GLOBAL,S2D2,PWRWONINDWE01,1,2021,21.069948254
GLOBAL,S2D2,RNWBIOINDNO,1,2021,2.8364416375999997
GLOBAL,S2D2,RNWBIOINDSO,1,2021,35.630442576
GLOBAL,S2D2,RNWBIOINDWE,1,2021,1.654640703
GLOBAL,S2D2,RNWCSPINDNO,1,2021,0.00169578312048
GLOBAL,S2D2,RNWCSPINDSO,1,2021,0.000556515792
GLOBAL,S2D2,RNWHYDINDEA,1,2021,15.800060694299999
GLOBAL,S2D2,RNWHYDINDNE,1,2021,5.6201752156
GLOBAL,S2D2,RNWHYDINDNO,1,2021,59.533999871999995
GLOBAL,S2D2,RNWHYDINDSO,1,2021,38.180310547
GLOBAL,S2D2,RNWHYDINDWE,1,2021,19.6122097518
GLOBAL,S2D2,RNWSPVINDEA,1,2021,0.00122989990032
GLOBAL,S2D2,RNWSPVINDNE,1,2021,0.00045793299456
GLOBAL,S2D2,RNWSPVINDNO,1,2021,0.017428484509899998
GLOBAL,S2D2,RNWSPVINDSO,1,2021,0.038812206759999995
GLOBAL,S2D2,RNWSPVINDWE,1,2021,0.0122306269622
GLOBAL,S2D2,RNWWONINDEA,1,2021,0.0109188397382
GLOBAL,S2D2,RNWWONINDNO,1,2021,5.4225943616
GLOBAL,S2D2,RNWWONINDSO,1,2021,11.421691507399998
GLOBAL,S2D2,RNWWONINDWE,1,2021,21.069948254
GLOBAL,S2D2,TRNINDEAINDNE,1,2021,22.737645216
GLOBAL,S2D2,MINCOAINT,1,2022,2967.26742
GLOBAL,S2D2,MINURNINT,1,2022,151.432716231
GLOBAL,S2D2,PWRBIOINDNO01,1,2022,0.8466990263999999
GLOBAL,S2D2,PWRBIOINDSO01,1,2022,9.655946552899998
GLOBAL,S2D2,PWRBIOINDWE01,1,2022,0.4412375208
GLOBAL,S2D2,PWRCOAINDEA01,2,2022,177.41003552200002
GLOBAL,S2D2,PWRCOAINDNE01,2,2022,5.9626692
GLOBAL,S2D2,PWRCOAINDNO01,2,2022,269.11407773999997
GLOBAL,S2D2,PWRCOAINDSO01,2,2022,297.55393252
GLOBAL,S2D2,PWRCOAINDWE01,2,2022,262.09684903
GLOBAL,S2D2,PWRCSPINDNO01,1,2022,0.00169578312048
GLOBAL,S2D2,PWRCSPINDSO01,1,2022,0.000556515792
GLOBAL,S2D2,PWRHYDINDEA01,1,2022,15.800060694299999
GLOBAL,S2D2,PWRHYDINDNE01,1,2022,4.802584663599999
GLOBAL,S2D2,PWRHYDINDNO01,1,2022,60.385944091
GLOBAL,S2D2,PWRHYDINDSO01,1,2022,38.180310547
GLOBAL,S2D2,PWRHYDINDWE01,1,2022,19.6122097518
GLOBAL,S2D2,PWRSPVINDEA01,1,2022,0.00122989990032
GLOBAL,S2D2,PWRSPVINDNE01,1,2022,0.0023898378153599997
GLOBAL,S2D2,PWRSPVINDNO01,1,2022,0.022271761895000002
GLOBAL,S2D2,PWRSPVINDSO01,1,2022,0.040202699604
GLOBAL,S2D2,PWRSPVINDWE01,1,2022,0.0131830640395
GLOBAL,S2D2,PWRTRNINDEA,1,2022,193.22224415899998
GLOBAL,S2D2,PWRTRNINDNE,1,2022,36.401399669999996
GLOBAL,S2D2,PWRTRNINDNO,1,2022,353.77969468
GLOBAL,S2D2,PWRTRNINDSO,1,2022,387.22249916999994
GLOBAL,S2D2,PWRTRNINDWE,1,2022,323.96400415
GLOBAL,S2D2,PWRURNINDNO01,2,2022,17.649500831999998
GLOBAL,S2D2,PWRURNINDSO01,2,2022,30.369861792
GLOBAL,S2D2,PWRURNINDWE01,2,2022,20.193573024
GLOBAL,S2D2,PWRWONINDEA01,1,2022,0.0109188397382
GLOBAL,S2D2,PWRWONINDNO01,1,2022,5.7594851714
GLOBAL,S2D2,PWRWONINDSO01,1,2022,11.421691507399998
GLOBAL,S2D2,PWRWONINDWE01,1,2022,21.6069416741
GLOBAL,S2D2,RNWBIOINDNO,1,2022,2.8364416375999997
GLOBAL,S2D2,RNWBIOINDSO,1,2022,35.630442576
GLOBAL,S2D2,RNWBIOINDWE,1,2022,1.654640703
GLOBAL,S2D2,RNWCSPINDNO,1,2022,0.00169578312048
GLOBAL,S2D2,RNWCSPINDSO,1,2022,0.000556515792
GLOBAL,S2D2,RNWHYDINDEA,1,2022,15.800060694299999
GLOBAL,S2D2,RNWHYDINDNE,1,2022,4.802584663599999
GLOBAL,S2D2,RNWHYDINDNO,1,2022,60.385944091
GLOBAL,S2D2,RNWHYDINDSO,1,2022,38.180310547
GLOBAL,S2D2,RNWHYDINDWE,1,2022,19.6122097518
GLOBAL,S2D2,RNWSPVINDEA,1,2022,0.00122989990032
GLOBAL,S2D2,RNWSPVINDNE,1,2022,0.0023898378153599997
GLOBAL,S2D2,RNWSPVINDNO,1,2022,0.022271761895000002
GLOBAL,S2D2,RNWSPVINDSO,1,2022,0.040202699604
GLOBAL,S2D2,RNWSPVINDWE,1,2022,0.0131830640395
GLOBAL,S2D2,RNWWONINDEA,1,2022,0.0109188397382
GLOBAL,S2D2,RNWWONINDNO,1,2022,5.7594851714
GLOBAL,S2D2,RNWWONINDSO,1,2022,11.421691507399998
GLOBAL,S2D2,RNWWONINDWE,1,2022,21.6069416741
GLOBAL,S2D2,TRNINDEAINDNE,1,2022,22.737645216
GLOBAL,S2D2,TRNINDNEINDNO,2,2022,3.8664871956999995
GLOBAL,S2D2,MINCOAINT,1,2023,3173.470094
GLOBAL,S2D2,MINURNINT,1,2023,199.08636999
GLOBAL,S2D2,PWRBIOINDNO01,1,2023,0.8466990263999999
GLOBAL,S2D2,PWRBIOINDSO01,1,2023,9.655946552899998
GLOBAL,S2D2,PWRBIOINDWE01,1,2023,0.4412375208
GLOBAL,S2D2,PWRCOAINDEA01,2,2023,194.28009357399998
GLOBAL,S2D2,PWRCOAINDNE01,2,2023,5.9626692
GLOBAL,S2D2,PWRCOAINDNO01,2,2023,290.17252015
GLOBAL,S2D2,PWRCOAINDSO01,2,2023,311.13481162
GLOBAL,S2D2,PWRCOAINDWE01,2,2023,280.94281142
GLOBAL,S2D2,PWRCSPINDNO01,1,2023,0.00169578312048
GLOBAL,S2D2,PWRCSPINDSO01,1,2023,0.000556515792
GLOBAL,S2D2,PWRHYDINDEA01,1,2023,15.800060694299999
GLOBAL,S2D2,PWRHYDINDNE01,1,2023,10.3837405975
GLOBAL,S2D2,PWRHYDINDNO01,1,2023,67.468456617
GLOBAL,S2D2,PWRHYDINDSO01,1,2023,39.882507394
GLOBAL,S2D2,PWRHYDINDWE01,1,2023,19.6122097518
GLOBAL,S2D2,PWRSPVINDEA01,1,2023,0.00122989990032
GLOBAL,S2D2,PWRSPVINDNE01,1,2023,0.0023898378153599997
GLOBAL,S2D2,PWRSPVINDNO01,1,2023,0.022271761895000002
GLOBAL,S2D2,PWRSPVINDSO01,1,2023,0.040202699604
GLOBAL,S2D2,PWRSPVINDWE01,1,2023,0.013345248793
GLOBAL,S2D2,PWRTRNINDEA,1,2023,210.092302211
GLOBAL,S2D2,PWRTRNINDNE,1,2023,39.201300421
GLOBAL,S2D2,PWRTRNINDNO,1,2023,387.48579241
GLOBAL,S2D2,PWRTRNINDSO,1,2023,419.36998865
GLOBAL,S2D2,PWRTRNINDWE,1,2023,343.09441097
GLOBAL,S2D2,PWRURNINDNO01,2,2023,23.214658752
GLOBAL,S2D2,PWRURNINDSO01,2,2023,46.270312992
GLOBAL,S2D2,PWRURNINDWE01,2,2023,20.193573024
GLOBAL,S2D2,PWRWONINDEA01,1,2023,0.0109188397382
GLOBAL,S2D2,PWRWONINDNO01,1,2023,5.7594851714
GLOBAL,S2D2,PWRWONINDSO01,1,2023,12.385656361399999
GLOBAL,S2D2,PWRWONINDWE01,1,2023,21.891232070999997
GLOBAL,S2D2,RNWBIOINDNO,1,2023,2.8364416375999997
GLOBAL,S2D2,RNWBIOINDSO,1,2023,35.630442576
GLOBAL,S2D2,RNWBIOINDWE,1,2023,1.654640703
GLOBAL,S2D2,RNWCSPINDNO,1,2023,0.00169578312048
GLOBAL,S2D2,RNWCSPINDSO,1,2023,0.000556515792
GLOBAL,S2D2,RNWHYDINDEA,1,2023,15.800060694299999
GLOBAL,S2D2,RNWHYDINDNE,1,2023,10.3837405975
GLOBAL,S2D2,RNWHYDINDNO,1,2023,67.468456617
GLOBAL,S2D2,RNWHYDINDSO,1,2023,39.882507394
GLOBAL,S2D2,RNWHYDINDWE,1,2023,19.6122097518
GLOBAL,S2D2,RNWSPVINDEA,1,2023,0.00122989990032
GLOBAL,S2D2,RNWSPVINDNE,1,2023,0.0023898378153599997
GLOBAL,S2D2,RNWSPVINDNO,1,2023,0.022271761895000002
GLOBAL,S2D2,RNWSPVINDSO,1,2023,0.040202699604
GLOBAL,S2D2,RNWSPVINDWE,1,2023,0.013345248793
GLOBAL,S2D2,RNWWONINDEA,1,2023,0.0109188397382
GLOBAL,S2D2,RNWWONINDNO,1,2023,5.7594851714
GLOBAL,S2D2,RNWWONINDSO,1,2023,12.385656361399999
GLOBAL,S2D2,RNWWONINDWE,1,2023,21.891232070999997
GLOBAL,S2D2,TRNINDEAINDNE,1,2023,23.6021031748
GLOBAL,S2D2,MINCOAINT,1,2024,3338.7571901
GLOBAL,S2D2,MINURNINT,1,2024,188.13713253799997
GLOBAL,S2D2,PWRBIOINDNO01,1,2024,0.8466990263999999
GLOBAL,S2D2,PWRBIOINDSO01,1,2024,9.655946552899998
GLOBAL,S2D2,PWRBIOINDWE01,1,2024,0.4412375208
GLOBAL,S2D2,PWRCOAINDEA01,2,2024,155.929913005
GLOBAL,S2D2,PWRCOAINDNO01,2,2024,314.40066628
GLOBAL,S2D2,PWRCOAINDSO01,2,2024,356.96205381999994
GLOBAL,S2D2,PWRCOAINDWE01,2,2024,311.14436621
GLOBAL,S2D2,PWRCSPINDNO01,1,2024,0.00169578312048
GLOBAL,S2D2,PWRCSPINDSO01,1,2024,0.000556515792
GLOBAL,S2D2,PWRHYDINDEA01,1,2024,17.554994088199997
GLOBAL,S2D2,PWRHYDINDNE01,1,2024,11.731223668899998
GLOBAL,S2D2,PWRHYDINDNO01,1,2024,52.775405594
GLOBAL,S2D2,PWRHYDINDSO01,1,2024,39.882507394
GLOBAL,S2D2,PWRHYDINDWE01,1,2024,19.6122097518
GLOBAL,S2D2,PWRSPVINDEA01,1,2024,0.27740085684
GLOBAL,S2D2,PWRSPVINDNE01,1,2024,0.0023898378153599997
GLOBAL,S2D2,PWRSPVINDNO01,1,2024,0.234337669292
GLOBAL,S2D2,PWRSPVINDSO01,1,2024,0.232701512561
GLOBAL,S2D2,PWRSPVINDWE01,1,2024,0.21810648810199998
GLOBAL,S2D2,PWRTRNINDEA,1,2024,200.946199925
GLOBAL,S2D2,PWRTRNINDNE,1,2024,94.329272963
GLOBAL,S2D2,PWRTRNINDNO,1,2024,417.90319522
GLOBAL,S2D2,PWRTRNINDSO,1,2024,454.89249209
GLOBAL,S2D2,PWRTRNINDWE,1,2024,371.21278782999997
GLOBAL,S2D2,PWRURNINDNO01,2,2024,23.214658752
GLOBAL,S2D2,PWRURNINDSO01,2,2024,35.77306563
GLOBAL,S2D2,PWRURNINDWE01,2,2024,25.758730944
GLOBAL,S2D2,PWRWOFINDNE01,1,2024,82.595659134
GLOBAL,S2D2,PWRWONINDEA01,1,2024,0.0109188397382
GLOBAL,S2D2,PWRWONINDNO01,1,2024,4.110279240200001
GLOBAL,S2D2,PWRWONINDSO01,1,2024,12.385656361399999
GLOBAL,S2D2,PWRWONINDWE01,1,2024,14.0381411052
GLOBAL,S2D2,RNWBIOINDNO,1,2024,2.8364416375999997
GLOBAL,S2D2,RNWBIOINDSO,1,2024,35.630442576
GLOBAL,S2D2,RNWBIOINDWE,1,2024,1.654640703
GLOBAL,S2D2,RNWCSPINDNO,1,2024,0.00169578312048
GLOBAL,S2D2,RNWCSPINDSO,1,2024,0.000556515792
GLOBAL,S2D2,RNWHYDINDEA,1,2024,17.554994088199997
GLOBAL,S2D2,RNWHYDINDNE,1,2024,11.731223668899998
GLOBAL,S2D2,RNWHYDINDNO,1,2024,52.775405594
GLOBAL,S2D2,RNWHYDINDSO,1,2024,39.882507394
GLOBAL,S2D2,RNWHYDINDWE,1,2024,19.6122097518
GLOBAL,S2D2,RNWSPVINDEA,1,2024,0.27740085684
GLOBAL,S2D2,RNWSPVINDNE,1,2024,0.0023898378153599997
GLOBAL,S2D2,RNWSPVINDNO,1,2024,0.234337669292
GLOBAL,S2D2,RNWSPVINDSO,1,2024,0.232701512561
GLOBAL,S2D2,RNWSPVINDWE,1,2024,0.21810648810199998
GLOBAL,S2D2,RNWWOFINDNE,1,2024,82.595659134
GLOBAL,S2D2,RNWWONINDEA,1,2024,0.0109188397382
GLOBAL,S2D2,RNWWONINDNO,1,2024,4.110279240200001
GLOBAL,S2D2,RNWWONINDSO,1,2024,12.385656361399999
GLOBAL,S2D2,RNWWONINDWE,1,2024,14.0381411052
GLOBAL,S2D2,TRNINDEAINDNE,2,2024,28.064296367999997
GLOBAL,S2D2,TRNINDNEINDNO,1,2024,23.8506768
GLOBAL,S2D2,MINCOAINT,1,2025,4187.0404129
GLOBAL,S2D2,MINURNINT,1,2025,211.441019564
GLOBAL,S2D2,PWRBIOINDNO01,1,2025,1.6933980527999999
GLOBAL,S2D2,PWRBIOINDSO01,1,2025,10.5297896905
GLOBAL,S2D2,PWRBIOINDWE01,1,2025,0.8824750416
GLOBAL,S2D2,PWRCOAINDEA01,2,2025,199.816169238
GLOBAL,S2D2,PWRCOAINDNO01,2,2025,382.07529784
GLOBAL,S2D2,PWRCOAINDSO01,2,2025,455.98121115000004
GLOBAL,S2D2,PWRCOAINDWE01,2,2025,389.88064156999997
GLOBAL,S2D2,PWRCSPINDNO01,1,2025,0.00169578312048
GLOBAL,S2D2,PWRCSPINDSO01,1,2025,0.000556515792
GLOBAL,S2D2,PWRHYDINDEA01,1,2025,20.644966141199998
GLOBAL,S2D2,PWRHYDINDNE01,1,2025,12.3310600728
GLOBAL,S2D2,PWRHYDINDNO01,1,2025,79.99325604399999
GLOBAL,S2D2,PWRHYDINDSO01,1,2025,39.882507394
GLOBAL,S2D2,PWRHYDINDWE01,1,2025,23.1170100859
GLOBAL,S2D2,PWRSPVINDEA01,1,2025,0.5535718186199999
GLOBAL,S2D2,PWRSPVINDNE01,1,2025,0.0023898378153599997
GLOBAL,S2D2,PWRSPVINDNO01,1,2025,0.43719915611
GLOBAL,S2D2,PWRSPVINDSO01,1,2025,0.42496181875
GLOBAL,S2D2,PWRSPVINDWE01,1,2025,0.42191370285999996
GLOBAL,S2D2,PWRTRNINDEA,1,2025,248.19860124
GLOBAL,S2D2,PWRTRNINDNE,1,2025,104.602774012
GLOBAL,S2D2,PWRTRNINDNO,1,2025,515.59300404
GLOBAL,S2D2,PWRTRNINDSO,1,2025,565.47499743
GLOBAL,S2D2,PWRTRNINDWE,1,2025,461.95199797
GLOBAL,S2D2,PWRURNINDNO01,2,2025,23.214658752
GLOBAL,S2D2,PWRURNINDSO01,2,2025,46.270312992
GLOBAL,S2D2,PWRURNINDWE01,2,2025,25.758730944
GLOBAL,S2D2,PWRWOFINDNE01,1,2025,92.26932352699998
GLOBAL,S2D2,PWRWONINDEA01,1,2025,0.0109188397382
GLOBAL,S2D2,PWRWONINDNO01,1,2025,5.858025263099999
GLOBAL,S2D2,PWRWONINDSO01,1,2025,12.385656361399999
GLOBAL,S2D2,PWRWONINDWE01,1,2025,21.891232070999997
GLOBAL,S2D2,RNWBIOINDNO,1,2025,5.6728835273
GLOBAL,S2D2,RNWBIOINDSO,1,2025,38.854922584
GLOBAL,S2D2,RNWBIOINDWE,1,2025,3.309281406
GLOBAL,S2D2,RNWCSPINDNO,1,2025,0.00169578312048
GLOBAL,S2D2,RNWCSPINDSO,1,2025,0.000556515792
GLOBAL,S2D2,RNWHYDINDEA,1,2025,20.644966141199998
GLOBAL,S2D2,RNWHYDINDNE,1,2025,12.3310600728
GLOBAL,S2D2,RNWHYDINDNO,1,2025,79.99325604399999
GLOBAL,S2D2,RNWHYDINDSO,1,2025,39.882507394
GLOBAL,S2D2,RNWHYDINDWE,1,2025,23.1170100859
GLOBAL,S2D2,RNWSPVINDEA,1,2025,0.5535718186199999
GLOBAL,S2D2,RNWSPVINDNE,1,2025,0.0023898378153599997
GLOBAL,S2D2,RNWSPVINDNO,1,2025,0.43719915611
GLOBAL,S2D2,RNWSPVINDSO,1,2025,0.42496181875
GLOBAL,S2D2,RNWSPVINDWE,1,2025,0.42191370285999996
GLOBAL,S2D2,RNWWOFINDNE,1,2025,92.26932352699998
GLOBAL,S2D2,RNWWONINDEA,1,2025,0.0109188397382
GLOBAL,S2D2,RNWWONINDNO,1,2025,5.858025263099999
GLOBAL,S2D2,RNWWONINDSO,1,2025,12.385656361399999
GLOBAL,S2D2,RNWWONINDWE,1,2025,21.891232070999997
GLOBAL,S2D2,TRNINDEAINDNE,2,2025,28.064296367999997
GLOBAL,S2D2,TRNINDNEINDNO,1,2025,23.8506768
GLOBAL,S2D2,MINCOAINT,1,2026,4256.671945499999
GLOBAL,S2D2,MINURNINT,1,2026,253.79980946
GLOBAL,S2D2,PWRBIOINDNO01,1,2026,1.6933980527999999
GLOBAL,S2D2,PWRBIOINDSO01,1,2026,19.311893105799996
GLOBAL,S2D2,PWRBIOINDWE01,1,2026,0.8824750416
GLOBAL,S2D2,PWRCOAINDEA01,2,2026,206.83356937599999
GLOBAL,S2D2,PWRCOAINDNO01,2,2026,397.78927067
GLOBAL,S2D2,PWRCOAINDSO01,2,2026,442.68999494999997
GLOBAL,S2D2,PWRCOAINDWE01,2,2026,404.15101417
GLOBAL,S2D2,PWRCSPINDNO01,1,2026,0.00169578312048
GLOBAL,S2D2,PWRCSPINDSO01,1,2026,0.000556515792
GLOBAL,S2D2,PWRHYDINDEA01,1,2026,20.644966141199998
GLOBAL,S2D2,PWRHYDINDNE01,1,2026,12.4360508993
GLOBAL,S2D2,PWRHYDINDNO01,1,2026,80.648887472
GLOBAL,S2D2,PWRHYDINDSO01,1,2026,46.475310627999995
GLOBAL,S2D2,PWRHYDINDWE01,1,2026,23.1170100859
GLOBAL,S2D2,PWRSPVINDEA01,1,2026,0.5535718186199999
GLOBAL,S2D2,PWRSPVINDNE01,1,2026,0.0023898378153599997
GLOBAL,S2D2,PWRSPVINDNO01,1,2026,0.43719915611
GLOBAL,S2D2,PWRSPVINDSO01,1,2026,0.6172221274599999
GLOBAL,S2D2,PWRSPVINDWE01,1,2026,0.43393201573999995
GLOBAL,S2D2,PWRTRNINDEA,1,2026,255.21600641999999
GLOBAL,S2D2,PWRTRNINDNE,1,2026,106.40097306
GLOBAL,S2D2,PWRTRNINDNO,1,2026,531.96258813
GLOBAL,S2D2,PWRTRNINDSO,1,2026,587.7224947
GLOBAL,S2D2,PWRTRNINDWE,1,2026,476.23439574
GLOBAL,S2D2,PWRURNINDNO01,2,2026,23.214658752
GLOBAL,S2D2,PWRURNINDSO01,2,2026,65.35085443199999
GLOBAL,S2D2,PWRURNINDWE01,2,2026,25.758730944
GLOBAL,S2D2,PWRWOFINDNE01,1,2026,93.962533009
GLOBAL,S2D2,PWRWONINDEA01,1,2026,0.0109188397382
GLOBAL,S2D2,PWRWONINDNO01,1,2026,5.858025263099999
GLOBAL,S2D2,PWRWONINDSO01,1,2026,13.2766710384
GLOBAL,S2D2,PWRWONINDWE01,1,2026,21.891232070999997
GLOBAL,S2D2,RNWBIOINDNO,1,2026,5.6728835273
GLOBAL,S2D2,RNWBIOINDSO,1,2026,71.260885152
GLOBAL,S2D2,RNWBIOINDWE,1,2026,3.309281406
GLOBAL,S2D2,RNWCSPINDNO,1,2026,0.00169578312048
GLOBAL,S2D2,RNWCSPINDSO,1,2026,0.000556515792
GLOBAL,S2D2,RNWHYDINDEA,1,2026,20.644966141199998
GLOBAL,S2D2,RNWHYDINDNE,1,2026,12.4360508993
GLOBAL,S2D2,RNWHYDINDNO,1,2026,80.648887472
GLOBAL,S2D2,RNWHYDINDSO,1,2026,46.475310627999995
GLOBAL,S2D2,RNWHYDINDWE,1,2026,23.1170100859
GLOBAL,S2D2,RNWSPVINDEA,1,2026,0.5535718186199999
GLOBAL,S2D2,RNWSPVINDNE,1,2026,0.0023898378153599997
GLOBAL,S2D2,RNWSPVINDNO,1,2026,0.43719915611
GLOBAL,S2D2,RNWSPVINDSO,1,2026,0.6172221274599999
GLOBAL,S2D2,RNWSPVINDWE,1,2026,0.43393201573999995
GLOBAL,S2D2,RNWWOFINDNE,1,2026,93.962533009
GLOBAL,S2D2,RNWWONINDEA,1,2026,0.0109188397382
GLOBAL,S2D2,RNWWONINDNO,1,2026,5.858025263099999
GLOBAL,S2D2,RNWWONINDSO,1,2026,13.2766710384
GLOBAL,S2D2,RNWWONINDWE,1,2026,21.891232070999997
GLOBAL,S2D2,TRNINDEAINDNE,2,2026,28.064296367999997
GLOBAL,S2D2,TRNINDNEINDNO,1,2026,23.8506768
GLOBAL,S2D2,MINCOAINT,1,2027,4409.6255533
GLOBAL,S2D2,MINURNINT,1,2027,271.44933046
GLOBAL,S2D2,PWRBIOINDNO01,1,2027,1.6933980527999999
GLOBAL,S2D2,PWRBIOINDSO01,1,2027,19.311893105799996
GLOBAL,S2D2,PWRBIOINDWE01,1,2027,0.8824750416
GLOBAL,S2D2,PWRCOAINDEA01,2,2027,214.83636790999998
GLOBAL,S2D2,PWRCOAINDNO01,2,2027,414.68407990000003
GLOBAL,S2D2,PWRCOAINDSO01,2,2027,450.87318615999993
GLOBAL,S2D2,PWRCOAINDWE01,2,2027,423.20475737999993
GLOBAL,S2D2,PWRCSPINDNO01,1,2027,0.00169578312048
GLOBAL,S2D2,PWRCSPINDSO01,1,2027,0.000556515792
GLOBAL,S2D2,PWRHYDINDEA01,1,2027,20.644966141199998
GLOBAL,S2D2,PWRHYDINDNE01,1,2027,12.545613811399999
GLOBAL,S2D2,PWRHYDINDNO01,1,2027,80.648887472
GLOBAL,S2D2,PWRHYDINDSO01,1,2027,46.475310627999995
GLOBAL,S2D2,PWRHYDINDWE01,1,2027,23.1170100859
GLOBAL,S2D2,PWRSPVINDEA01,1,2027,0.5535718186199999
GLOBAL,S2D2,PWRSPVINDNE01,1,2027,0.0023898378153599997
GLOBAL,S2D2,PWRSPVINDNO01,1,2027,0.43719915611
GLOBAL,S2D2,PWRSPVINDSO01,1,2027,0.69277485881
GLOBAL,S2D2,PWRSPVINDWE01,1,2027,0.43393201573999995
GLOBAL,S2D2,PWRTRNINDEA,1,2027,263.21879487
GLOBAL,S2D2,PWRTRNINDNE,1,2027,108.27747436799999
GLOBAL,S2D2,PWRTRNINDNO,1,2027,548.8573973599999
GLOBAL,S2D2,PWRTRNINDSO,1,2027,607.52250433
GLOBAL,S2D2,PWRTRNINDWE,1,2027,495.28813894999996
GLOBAL,S2D2,PWRURNINDNO01,2,2027,23.214658752
GLOBAL,S2D2,PWRURNINDSO01,2,2027,73.30108003199999
GLOBAL,S2D2,PWRURNINDWE01,2,2027,25.758730944
GLOBAL,S2D2,PWRWOFINDNE01,1,2027,95.72946913599999
GLOBAL,S2D2,PWRWONINDEA01,1,2027,0.0109188397382
GLOBAL,S2D2,PWRWONINDNO01,1,2027,5.858025263099999
GLOBAL,S2D2,PWRWONINDSO01,1,2027,13.1487360867
GLOBAL,S2D2,PWRWONINDWE01,1,2027,21.891232070999997
GLOBAL,S2D2,RNWBIOINDNO,1,2027,5.6728835273
GLOBAL,S2D2,RNWBIOINDSO,1,2027,71.260885152
GLOBAL,S2D2,RNWBIOINDWE,1,2027,3.309281406
GLOBAL,S2D2,RNWCSPINDNO,1,2027,0.00169578312048
GLOBAL,S2D2,RNWCSPINDSO,1,2027,0.000556515792
GLOBAL,S2D2,RNWHYDINDEA,1,2027,20.644966141199998
GLOBAL,S2D2,RNWHYDINDNE,1,2027,12.545613811399999
GLOBAL,S2D2,RNWHYDINDNO,1,2027,80.648887472
GLOBAL,S2D2,RNWHYDINDSO,1,2027,46.475310627999995
GLOBAL,S2D2,RNWHYDINDWE,1,2027,23.1170100859
GLOBAL,S2D2,RNWSPVINDEA,1,2027,0.5535718186199999
GLOBAL,S2D2,RNWSPVINDNE,1,2027,0.0023898378153599997
GLOBAL,S2D2,RNWSPVINDNO,1,2027,0.43719915611
GLOBAL,S2D2,RNWSPVINDSO,1,2027,0.69277485881
GLOBAL,S2D2,RNWSPVINDWE,1,2027,0.43393201573999995
GLOBAL,S2D2,RNWWOFINDNE,1,2027,95.72946913599999
GLOBAL,S2D2,RNWWONINDEA,1,2027,0.0109188397382
GLOBAL,S2D2,RNWWONINDNO,1,2027,5.858025263099999
GLOBAL,S2D2,RNWWONINDSO,1,2027,13.1487360867
GLOBAL,S2D2,RNWWONINDWE,1,2027,21.891232070999997
GLOBAL,S2D2,TRNINDEAINDNE,2,2027,28.064296367999997
GLOBAL,S2D2,TRNINDNEINDNO,1,2027,23.8506768
GLOBAL,S2D2,TRNINDSOINDWE,2,2027,3.8833375596999997
GLOBAL,S2D2,MINCOAINT,1,2028,4558.7855603
GLOBAL,S2D2,MINURNINT,1,2028,296.15863464999995
GLOBAL,S2D2,PWRBIOINDNO01,1,2028,1.6933980527999999
GLOBAL,S2D2,PWRBIOINDSO01,1,2028,19.311893105799996
GLOBAL,S2D2,PWRBIOINDWE01,1,2028,0.8824750416
GLOBAL,S2D2,PWRCOAINDEA01,2,2028,225.96032578799998
GLOBAL,S2D2,PWRCOAINDNO01,2,2028,417.53550737
GLOBAL,S2D2,PWRCOAINDSO01,2,2028,447.53409645
GLOBAL,S2D2,PWRCOAINDWE01,2,2028,463.40535446999996
GLOBAL,S2D2,PWRCSPINDNO01,1,2028,0.00169578312048
GLOBAL,S2D2,PWRCSPINDSO01,1,2028,0.000556515792
GLOBAL,S2D2,PWRHYDINDEA01,1,2028,20.644966141199998
GLOBAL,S2D2,PWRHYDINDNE01,1,2028,12.655649410999999
GLOBAL,S2D2,PWRHYDINDNO01,1,2028,80.648887472
GLOBAL,S2D2,PWRHYDINDSO01,1,2028,46.475310627999995
GLOBAL,S2D2,PWRHYDINDWE01,1,2028,22.128399431699997
GLOBAL,S2D2,PWRSPVINDEA01,1,2028,0.5535718186199999
GLOBAL,S2D2,PWRSPVINDNE01,1,2028,0.0023898378153599997
GLOBAL,S2D2,PWRSPVINDNO01,1,2028,0.43719915611
GLOBAL,S2D2,PWRSPVINDSO01,1,2028,0.7664427393000001
GLOBAL,S2D2,PWRSPVINDWE01,1,2028,0.43393201573999995
GLOBAL,S2D2,PWRTRNINDEA,1,2028,274.34275779
GLOBAL,S2D2,PWRTRNINDNE,1,2028,110.162073128
GLOBAL,S2D2,PWRTRNINDNO,1,2028,565.75739985
GLOBAL,S2D2,PWRTRNINDSO,1,2028,627.23501005
GLOBAL,S2D2,PWRTRNINDWE,1,2028,534.50010068
GLOBAL,S2D2,PWRURNINDNO01,2,2028,34.344974592
GLOBAL,S2D2,PWRURNINDSO01,2,2028,73.30108003199999
GLOBAL,S2D2,PWRURNINDWE01,2,2028,25.758730944
GLOBAL,S2D2,PWRWOFINDNE01,1,2028,97.50403380899999
GLOBAL,S2D2,PWRWONINDEA01,1,2028,0.0109188397382
GLOBAL,S2D2,PWRWONINDNO01,1,2028,5.858025263099999
GLOBAL,S2D2,PWRWONINDSO01,1,2028,13.1487360867
GLOBAL,S2D2,PWRWONINDWE01,1,2028,21.891232070999997
GLOBAL,S2D2,RNWBIOINDNO,1,2028,5.6728835273
GLOBAL,S2D2,RNWBIOINDSO,1,2028,71.260885152
GLOBAL,S2D2,RNWBIOINDWE,1,2028,3.309281406
GLOBAL,S2D2,RNWCSPINDNO,1,2028,0.00169578312048
GLOBAL,S2D2,RNWCSPINDSO,1,2028,0.000556515792
GLOBAL,S2D2,RNWHYDINDEA,1,2028,20.644966141199998
GLOBAL,S2D2,RNWHYDINDNE,1,2028,12.655649410999999
GLOBAL,S2D2,RNWHYDINDNO,1,2028,80.648887472
GLOBAL,S2D2,RNWHYDINDSO,1,2028,46.475310627999995
GLOBAL,S2D2,RNWHYDINDWE,1,2028,22.128399431699997
GLOBAL,S2D2,RNWSPVINDEA,1,2028,0.5535718186199999
GLOBAL,S2D2,RNWSPVINDNE,1,2028,0.0023898378153599997
GLOBAL,S2D2,RNWSPVINDNO,1,2028,0.43719915611
GLOBAL,S2D2,RNWSPVINDSO,1,2028,0.7664427393000001
GLOBAL,S2D2,RNWSPVINDWE,1,2028,0.43393201573999995
GLOBAL,S2D2,RNWWOFINDNE,1,2028,97.50403380899999
GLOBAL,S2D2,RNWWONINDEA,1,2028,0.0109188397382
GLOBAL,S2D2,RNWWONINDNO,1,2028,5.858025263099999
GLOBAL,S2D2,RNWWONINDSO,1,2028,13.1487360867
GLOBAL,S2D2,RNWWONINDWE,1,2028,21.891232070999997
GLOBAL,S2D2,TRNINDEAINDNE,2,2028,28.064296367999997
GLOBAL,S2D2,TRNINDEAINDNO,1,2028,3.1003573125
GLOBAL,S2D2,TRNINDNEINDNO,1,2028,23.8506768
GLOBAL,S2D2,TRNINDSOINDWE,2,2028,27.876912959
GLOBAL,S2D2,MINCOAINT,1,2029,4740.6996598
GLOBAL,S2D2,MINURNINT,1,2029,296.15863464999995
GLOBAL,S2D2,PWRBIOINDNO01,1,2029,1.6933980527999999
GLOBAL,S2D2,PWRBIOINDSO01,1,2029,19.311893105799996
GLOBAL,S2D2,PWRBIOINDWE01,1,2029,0.8824750416
GLOBAL,S2D2,PWRCOAINDEA01,2,2029,259.68163019
GLOBAL,S2D2,PWRCOAINDNO01,2,2029,410.22130486
GLOBAL,S2D2,PWRCOAINDSO01,2,2029,445.8645642
GLOBAL,S2D2,PWRCOAINDWE01,2,2029,500.88175896
GLOBAL,S2D2,PWRCSPINDNO01,1,2029,0.00169578312048
GLOBAL,S2D2,PWRCSPINDSO01,1,2029,0.000556515792
GLOBAL,S2D2,PWRHYDINDEA01,1,2029,20.644966141199998
GLOBAL,S2D2,PWRHYDINDNE01,1,2029,12.7671038294
GLOBAL,S2D2,PWRHYDINDNO01,1,2029,80.648887472
GLOBAL,S2D2,PWRHYDINDSO01,1,2029,46.475310627999995
GLOBAL,S2D2,PWRHYDINDWE01,1,2029,22.128399431699997
GLOBAL,S2D2,PWRSPVINDEA01,1,2029,0.5535718186199999
GLOBAL,S2D2,PWRSPVINDNE01,1,2029,0.0023898378153599997
GLOBAL,S2D2,PWRSPVINDNO01,1,2029,0.43719915611
GLOBAL,S2D2,PWRSPVINDSO01,1,2029,0.8319530671500001
GLOBAL,S2D2,PWRSPVINDWE01,1,2029,0.44589668173999997
GLOBAL,S2D2,PWRTRNINDEA,1,2029,308.06405715
GLOBAL,S2D2,PWRTRNINDNE,1,2029,112.070974328
GLOBAL,S2D2,PWRTRNINDNO,1,2029,582.54819262
GLOBAL,S2D2,PWRTRNINDSO,1,2029,647.05249021
GLOBAL,S2D2,PWRTRNINDWE,1,2029,571.98850513
GLOBAL,S2D2,PWRURNINDNO01,2,2029,34.344974592
GLOBAL,S2D2,PWRURNINDSO01,2,2029,73.30108003199999
GLOBAL,S2D2,PWRURNINDWE01,2,2029,25.758730944
GLOBAL,S2D2,PWRWOFINDNE01,1,2029,99.301479078
GLOBAL,S2D2,PWRWONINDEA01,1,2029,0.0109188397382
GLOBAL,S2D2,PWRWONINDNO01,1,2029,5.858025263099999
GLOBAL,S2D2,PWRWONINDSO01,1,2029,13.1487360867
GLOBAL,S2D2,PWRWONINDWE01,1,2029,21.891232070999997
GLOBAL,S2D2,RNWBIOINDNO,1,2029,5.6728835273
GLOBAL,S2D2,RNWBIOINDSO,1,2029,71.260885152
GLOBAL,S2D2,RNWBIOINDWE,1,2029,3.309281406
GLOBAL,S2D2,RNWCSPINDNO,1,2029,0.00169578312048
GLOBAL,S2D2,RNWCSPINDSO,1,2029,0.000556515792
GLOBAL,S2D2,RNWHYDINDEA,1,2029,20.644966141199998
GLOBAL,S2D2,RNWHYDINDNE,1,2029,12.7671038294
GLOBAL,S2D2,RNWHYDINDNO,1,2029,80.648887472
GLOBAL,S2D2,RNWHYDINDSO,1,2029,46.475310627999995
GLOBAL,S2D2,RNWHYDINDWE,1,2029,22.128399431699997
GLOBAL,S2D2,RNWSPVINDEA,1,2029,0.5535718186199999
GLOBAL,S2D2,RNWSPVINDNE,1,2029,0.0023898378153599997
GLOBAL,S2D2,RNWSPVINDNO,1,2029,0.43719915611
GLOBAL,S2D2,RNWSPVINDSO,1,2029,0.8319530671500001
GLOBAL,S2D2,RNWSPVINDWE,1,2029,0.44589668173999997
GLOBAL,S2D2,RNWWOFINDNE,1,2029,99.301479078
GLOBAL,S2D2,RNWWONINDEA,1,2029,0.0109188397382
GLOBAL,S2D2,RNWWONINDNO,1,2029,5.858025263099999
GLOBAL,S2D2,RNWWONINDSO,1,2029,13.1487360867
GLOBAL,S2D2,RNWWONINDWE,1,2029,21.891232070999997
GLOBAL,S2D2,TRNINDEAINDNE,2,2029,28.064296367999997
GLOBAL,S2D2,TRNINDEAINDNO,1,2029,28.709654720999996
GLOBAL,S2D2,TRNINDNEINDNO,1,2029,23.8506768
GLOBAL,S2D2,TRNINDSOINDWE,2,2029,50.245302263
GLOBAL,S2D2,MINCOAINT,1,2030,4839.7943715
GLOBAL,S2D2,MINURNINT,1,2030,290.51078793
GLOBAL,S2D2,PWRBIOINDNO01,1,2030,1.6933980527999999
GLOBAL,S2D2,PWRBIOINDSO01,1,2030,19.311893105799996
GLOBAL,S2D2,PWRBIOINDWE01,1,2030,0.8824750416
GLOBAL,S2D2,PWRCOAINDEA01,2,2030,260.25523332
GLOBAL,S2D2,PWRCOAINDNO01,2,2030,404.5766346
GLOBAL,S2D2,PWRCOAINDSO01,2,2030,439.18635957
GLOBAL,S2D2,PWRCOAINDWE01,2,2030,546.3198596
GLOBAL,S2D2,PWRCSPINDNO01,1,2030,0.00169578312048
GLOBAL,S2D2,PWRCSPINDSO01,1,2030,0.000556515792
GLOBAL,S2D2,PWRHYDINDEA01,1,2030,20.644966141199998
GLOBAL,S2D2,PWRHYDINDNE01,1,2030,12.879661941599998
GLOBAL,S2D2,PWRHYDINDNO01,1,2030,80.648887472
GLOBAL,S2D2,PWRHYDINDSO01,1,2030,46.475310627999995
GLOBAL,S2D2,PWRHYDINDWE01,1,2030,22.128399431699997
GLOBAL,S2D2,PWRSPVINDEA01,1,2030,0.5535718186199999
GLOBAL,S2D2,PWRSPVINDNE01,1,2030,0.0023898378153599997
GLOBAL,S2D2,PWRSPVINDNO01,1,2030,0.43719915611
GLOBAL,S2D2,PWRSPVINDSO01,1,2030,0.8619537738699999
GLOBAL,S2D2,PWRSPVINDWE01,1,2030,0.45597576579
GLOBAL,S2D2,PWRTRNINDEA,1,2030,324.03310476
GLOBAL,S2D2,PWRTRNINDNE,1,2030,145.799675344
GLOBAL,S2D2,PWRTRNINDNO,1,2030,599.2349941399999
GLOBAL,S2D2,PWRTRNINDSO,1,2030,667.01001192
GLOBAL,S2D2,PWRTRNINDWE,1,2030,614.89259741
GLOBAL,S2D2,PWRURNINDNO01,2,2030,34.344974592
GLOBAL,S2D2,PWRURNINDSO01,2,2030,73.30108003199999
GLOBAL,S2D2,PWRURNINDWE01,2,2030,23.214658752
GLOBAL,S2D2,PWRWOFINDNE01,1,2030,132.917625007
GLOBAL,S2D2,PWRWONINDEA01,1,2030,0.0109188397382
GLOBAL,S2D2,PWRWONINDNO01,1,2030,5.858025263099999
GLOBAL,S2D2,PWRWONINDSO01,1,2030,13.1487360867
GLOBAL,S2D2,PWRWONINDWE01,1,2030,21.891232070999997
GLOBAL,S2D2,RNWBIOINDNO,1,2030,5.6728835273
GLOBAL,S2D2,RNWBIOINDSO,1,2030,71.260885152
GLOBAL,S2D2,RNWBIOINDWE,1,2030,3.309281406
GLOBAL,S2D2,RNWCSPINDNO,1,2030,0.00169578312048
GLOBAL,S2D2,RNWCSPINDSO,1,2030,0.000556515792
GLOBAL,S2D2,RNWHYDINDEA,1,2030,20.644966141199998
GLOBAL,S2D2,RNWHYDINDNE,1,2030,12.879661941599998
GLOBAL,S2D2,RNWHYDINDNO,1,2030,80.648887472
GLOBAL,S2D2,RNWHYDINDSO,1,2030,46.475310627999995
GLOBAL,S2D2,RNWHYDINDWE,1,2030,22.128399431699997
GLOBAL,S2D2,RNWSPVINDEA,1,2030,0.5535718186199999
GLOBAL,S2D2,RNWSPVINDNE,1,2030,0.0023898378153599997
GLOBAL,S2D2,RNWSPVINDNO,1,2030,0.43719915611
GLOBAL,S2D2,RNWSPVINDSO,1,2030,0.8619537738699999
GLOBAL,S2D2,RNWSPVINDWE,1,2030,0.45597576579
GLOBAL,S2D2,RNWWOFINDNE,1,2030,132.917625007
GLOBAL,S2D2,RNWWONINDEA,1,2030,0.0109188397382
GLOBAL,S2D2,RNWWONINDNO,1,2030,5.858025263099999
GLOBAL,S2D2,RNWWONINDSO,1,2030,13.1487360867
GLOBAL,S2D2,RNWWONINDWE,1,2030,21.891232070999997
GLOBAL,S2D2,TRNINDEAINDNE,2,2030,43.964747568
GLOBAL,S2D2,TRNINDEAINDNO,1,2030,36.626509844
GLOBAL,S2D2,TRNINDNEINDNO,1,2030,39.751128
GLOBAL,S2D2,TRNINDSOINDWE,2,2030,78.02699201
GLOBAL,S2D2,MINCOAINT,1,2031,4525.1039918999995
GLOBAL,S2D2,MINGASINT,1,2031,407.38013786
GLOBAL,S2D2,MINURNINT,1,2031,290.51078793
GLOBAL,S2D2,PWRBIOINDNO01,1,2031,1.6933980527999999
GLOBAL,S2D2,PWRBIOINDSO01,1,2031,19.311893105799996
GLOBAL,S2D2,PWRBIOINDWE01,1,2031,0.8824750416
GLOBAL,S2D2,PWRCCGINDNO01,2,2031,56.821345889
GLOBAL,S2D2,PWRCCGINDSO01,2,2031,146.868725562
GLOBAL,S2D2,PWRCOAINDEA01,2,2031,260.06648605
GLOBAL,S2D2,PWRCOAINDNO01,2,2031,371.83761768
GLOBAL,S2D2,PWRCOAINDSO01,2,2031,409.37301356999996
GLOBAL,S2D2,PWRCOAINDWE01,2,2031,501.92008323
GLOBAL,S2D2,PWRCSPINDNO01,1,2031,0.00169578312048
GLOBAL,S2D2,PWRCSPINDSO01,1,2031,0.000556515792
GLOBAL,S2D2,PWRHYDINDEA01,1,2031,20.644966141199998
GLOBAL,S2D2,PWRHYDINDNE01,1,2031,12.8895354381
GLOBAL,S2D2,PWRHYDINDNO01,1,2031,80.648887472
GLOBAL,S2D2,PWRHYDINDSO01,1,2031,46.475310627999995
GLOBAL,S2D2,PWRHYDINDWE01,1,2031,22.128399431699997
GLOBAL,S2D2,PWRSPVINDEA01,1,2031,0.6334197037199999
GLOBAL,S2D2,PWRSPVINDNE01,1,2031,0.0023898378153599997
GLOBAL,S2D2,PWRSPVINDNO01,1,2031,0.43719915611
GLOBAL,S2D2,PWRSPVINDSO01,1,2031,0.92568314127
GLOBAL,S2D2,PWRSPVINDWE01,1,2031,0.49588687644999996
GLOBAL,S2D2,PWRTRNINDEA,1,2031,339.31966725
GLOBAL,S2D2,PWRTRNINDNE,1,2031,181.63167691200002
GLOBAL,S2D2,PWRTRNINDNO,1,2031,635.73120862
GLOBAL,S2D2,PWRTRNINDSO,1,2031,709.40498825
GLOBAL,S2D2,PWRTRNINDWE,1,2031,570.51119913
GLOBAL,S2D2,PWRURNINDNO01,2,2031,34.344974592
GLOBAL,S2D2,PWRURNINDSO01,2,2031,73.30108003199999
GLOBAL,S2D2,PWRURNINDWE01,2,2031,23.214658752
GLOBAL,S2D2,PWRWOFINDNE01,1,2031,168.739751818
GLOBAL,S2D2,PWRWONINDEA01,1,2031,0.0109188397382
GLOBAL,S2D2,PWRWONINDNO01,1,2031,5.858025263099999
GLOBAL,S2D2,PWRWONINDSO01,1,2031,13.1487360867
GLOBAL,S2D2,PWRWONINDWE01,1,2031,21.8696949159
GLOBAL,S2D2,RNWBIOINDNO,1,2031,5.6728835273
GLOBAL,S2D2,RNWBIOINDSO,1,2031,71.260885152
GLOBAL,S2D2,RNWBIOINDWE,1,2031,3.309281406
GLOBAL,S2D2,RNWCSPINDNO,1,2031,0.00169578312048
GLOBAL,S2D2,RNWCSPINDSO,1,2031,0.000556515792
GLOBAL,S2D2,RNWHYDINDEA,1,2031,20.644966141199998
GLOBAL,S2D2,RNWHYDINDNE,1,2031,12.8895354381
GLOBAL,S2D2,RNWHYDINDNO,1,2031,80.648887472
GLOBAL,S2D2,RNWHYDINDSO,1,2031,46.475310627999995
GLOBAL,S2D2,RNWHYDINDWE,1,2031,22.128399431699997
GLOBAL,S2D2,RNWSPVINDEA,1,2031,0.6334197037199999
GLOBAL,S2D2,RNWSPVINDNE,1,2031,0.0023898378153599997
GLOBAL,S2D2,RNWSPVINDNO,1,2031,0.43719915611
GLOBAL,S2D2,RNWSPVINDSO,1,2031,0.92568314127
GLOBAL,S2D2,RNWSPVINDWE,1,2031,0.49588687644999996
GLOBAL,S2D2,RNWWOFINDNE,1,2031,168.739751818
GLOBAL,S2D2,RNWWONINDEA,1,2031,0.0109188397382
GLOBAL,S2D2,RNWWONINDNO,1,2031,5.858025263099999
GLOBAL,S2D2,RNWWONINDSO,1,2031,13.1487360867
GLOBAL,S2D2,RNWWONINDWE,1,2031,21.8696949159
GLOBAL,S2D2,TRNINDEAINDNE,2,2031,59.865198768
GLOBAL,S2D2,TRNINDEAINDNO,1,2031,34.006870677
GLOBAL,S2D2,TRNINDNEINDNO,1,2031,55.6515792
GLOBAL,S2D2,MINCOAINT,1,2032,4631.7231323
GLOBAL,S2D2,MINGASINT,1,2032,573.83644855
GLOBAL,S2D2,MINURNINT,1,2032,290.51078793
GLOBAL,S2D2,PWRBIOINDNO01,1,2032,1.6933980527999999
GLOBAL,S2D2,PWRBIOINDWE01,1,2032,0.8824750416
GLOBAL,S2D2,PWRCCGINDNO01,2,2032,75.874221875
GLOBAL,S2D2,PWRCCGINDSO01,2,2032,211.04400239999998
GLOBAL,S2D2,PWRCOAINDEA01,2,2032,264.96794029999995
GLOBAL,S2D2,PWRCOAINDNO01,2,2032,371.83761768
GLOBAL,S2D2,PWRCOAINDSO01,2,2032,407.46496951
GLOBAL,S2D2,PWRCOAINDWE01,2,2032,535.23517386
GLOBAL,S2D2,PWRCSPINDNO01,1,2032,0.00169578312048
GLOBAL,S2D2,PWRCSPINDSO01,1,2032,0.000556515792
GLOBAL,S2D2,PWRHYDINDEA01,1,2032,20.644966141199998
GLOBAL,S2D2,PWRHYDINDNE01,1,2032,10.6907041121
GLOBAL,S2D2,PWRHYDINDNO01,1,2032,80.648887472
GLOBAL,S2D2,PWRHYDINDSO01,1,2032,46.475310627999995
GLOBAL,S2D2,PWRHYDINDWE01,1,2032,22.128399431699997
GLOBAL,S2D2,PWRSPVINDEA01,1,2032,0.6820529197599999
GLOBAL,S2D2,PWRSPVINDNE01,1,2032,0.0023898378153599997
GLOBAL,S2D2,PWRSPVINDNO01,1,2032,0.43719915611
GLOBAL,S2D2,PWRSPVINDSO01,1,2032,0.99035206016
GLOBAL,S2D2,PWRSPVINDWE01,1,2032,0.5270989992999999
GLOBAL,S2D2,PWRTRNINDEA,1,2032,359.66519607
GLOBAL,S2D2,PWRTRNINDNE,1,2032,217.496080893
GLOBAL,S2D2,PWRTRNINDNO,1,2032,671.87899569
GLOBAL,S2D2,PWRTRNINDSO,1,2032,752.42499611
GLOBAL,S2D2,PWRTRNINDWE,1,2032,603.77279414
GLOBAL,S2D2,PWRURNINDNO01,2,2032,34.344974592
GLOBAL,S2D2,PWRURNINDSO01,2,2032,73.30108003199999
GLOBAL,S2D2,PWRURNINDWE01,2,2032,23.214658752
GLOBAL,S2D2,PWRWOFINDNE01,1,2032,206.802987125
GLOBAL,S2D2,PWRWONINDEA01,1,2032,0.0109188397382
GLOBAL,S2D2,PWRWONINDNO01,1,2032,5.858025263099999
GLOBAL,S2D2,PWRWONINDSO01,1,2032,13.1487360867
GLOBAL,S2D2,PWRWONINDWE01,1,2032,21.784982005
GLOBAL,S2D2,RNWBIOINDNO,1,2032,5.6728835273
GLOBAL,S2D2,RNWBIOINDWE,1,2032,3.309281406
GLOBAL,S2D2,RNWCSPINDNO,1,2032,0.00169578312048
GLOBAL,S2D2,RNWCSPINDSO,1,2032,0.000556515792
GLOBAL,S2D2,RNWHYDINDEA,1,2032,20.644966141199998
GLOBAL,S2D2,RNWHYDINDNE,1,2032,10.6907041121
GLOBAL,S2D2,RNWHYDINDNO,1,2032,80.648887472
GLOBAL,S2D2,RNWHYDINDSO,1,2032,46.475310627999995
GLOBAL,S2D2,RNWHYDINDWE,1,2032,22.128399431699997
GLOBAL,S2D2,RNWSPVINDEA,1,2032,0.6820529197599999
GLOBAL,S2D2,RNWSPVINDNE,1,2032,0.0023898378153599997
GLOBAL,S2D2,RNWSPVINDNO,1,2032,0.43719915611
GLOBAL,S2D2,RNWSPVINDSO,1,2032,0.99035206016
GLOBAL,S2D2,RNWSPVINDWE,1,2032,0.5270989992999999
GLOBAL,S2D2,RNWWOFINDNE,1,2032,206.802987125
GLOBAL,S2D2,RNWWONINDEA,1,2032,0.0109188397382
GLOBAL,S2D2,RNWWONINDNO,1,2032,5.858025263099999
GLOBAL,S2D2,RNWWONINDSO,1,2032,13.1487360867
GLOBAL,S2D2,RNWWONINDWE,1,2032,21.784982005
GLOBAL,S2D2,TRNINDEAINDNE,2,2032,75.76564996799999
GLOBAL,S2D2,TRNINDEAINDNO,1,2032,36.360400647
GLOBAL,S2D2,TRNINDNEINDNO,1,2032,71.5520304
GLOBAL,S2D2,MINCOAINT,1,2033,4639.5581482
GLOBAL,S2D2,MINGASINT,1,2033,769.62318248
GLOBAL,S2D2,MINURNINT,1,2033,290.51078793
GLOBAL,S2D2,PWRBIOINDNO01,1,2033,1.6933980527999999
GLOBAL,S2D2,PWRBIOINDWE01,1,2033,0.8824750416
GLOBAL,S2D2,PWRCCGINDNO01,2,2033,111.997678774
GLOBAL,S2D2,PWRCCGINDSO01,2,2033,272.81392255000003
GLOBAL,S2D2,PWRCOAINDEA01,2,2033,270.16662045000004
GLOBAL,S2D2,PWRCOAINDNO01,2,2033,355.18984124
GLOBAL,S2D2,PWRCOAINDSO01,2,2033,388.62293988
GLOBAL,S2D2,PWRCOAINDWE01,2,2033,568.18028253
GLOBAL,S2D2,PWRCSPINDNO01,1,2033,0.00169578312048
GLOBAL,S2D2,PWRCSPINDSO01,1,2033,0.000556515792
GLOBAL,S2D2,PWRHYDINDEA01,1,2033,20.644966141199998
GLOBAL,S2D2,PWRHYDINDNE01,1,2033,10.6907041121
GLOBAL,S2D2,PWRHYDINDNO01,1,2033,80.305461726
GLOBAL,S2D2,PWRHYDINDSO01,1,2033,46.475310627999995
GLOBAL,S2D2,PWRHYDINDWE01,1,2033,22.128399431699997
GLOBAL,S2D2,PWRSPVINDEA01,1,2033,0.74139362952
GLOBAL,S2D2,PWRSPVINDNE01,1,2033,0.0023898378153599997
GLOBAL,S2D2,PWRSPVINDNO01,1,2033,0.44070440492999996
GLOBAL,S2D2,PWRSPVINDSO01,1,2033,1.05497963465
GLOBAL,S2D2,PWRSPVINDWE01,1,2033,0.5579993248699999
GLOBAL,S2D2,PWRTRNINDEA,1,2033,380.31869025
GLOBAL,S2D2,PWRTRNINDNE,1,2033,253.28759268
GLOBAL,S2D2,PWRTRNINDNO,1,2033,707.87340512
GLOBAL,S2D2,PWRTRNINDSO,1,2033,795.41749986
GLOBAL,S2D2,PWRTRNINDWE,1,2033,636.7488102699999
GLOBAL,S2D2,PWRURNINDNO01,2,2033,34.344974592
GLOBAL,S2D2,PWRURNINDSO01,2,2033,73.30108003199999
GLOBAL,S2D2,PWRURNINDWE01,2,2033,23.214658752
GLOBAL,S2D2,PWRWOFINDNE01,1,2033,242.59448882799998
GLOBAL,S2D2,PWRWONINDEA01,1,2033,0.0109188397382
GLOBAL,S2D2,PWRWONINDNO01,1,2033,5.858025263099999
GLOBAL,S2D2,PWRWONINDSO01,1,2033,13.1487360867
GLOBAL,S2D2,PWRWONINDWE01,1,2033,21.784982005
GLOBAL,S2D2,RNWBIOINDNO,1,2033,5.6728835273
GLOBAL,S2D2,RNWBIOINDWE,1,2033,3.309281406
GLOBAL,S2D2,RNWCSPINDNO,1,2033,0.00169578312048
GLOBAL,S2D2,RNWCSPINDSO,1,2033,0.000556515792
GLOBAL,S2D2,RNWHYDINDEA,1,2033,20.644966141199998
GLOBAL,S2D2,RNWHYDINDNE,1,2033,10.6907041121
GLOBAL,S2D2,RNWHYDINDNO,1,2033,80.305461726
GLOBAL,S2D2,RNWHYDINDSO,1,2033,46.475310627999995
GLOBAL,S2D2,RNWHYDINDWE,1,2033,22.128399431699997
GLOBAL,S2D2,RNWSPVINDEA,1,2033,0.74139362952
GLOBAL,S2D2,RNWSPVINDNE,1,2033,0.0023898378153599997
GLOBAL,S2D2,RNWSPVINDNO,1,2033,0.44070440492999996
GLOBAL,S2D2,RNWSPVINDSO,1,2033,1.05497963465
GLOBAL,S2D2,RNWSPVINDWE,1,2033,0.5579993248699999
GLOBAL,S2D2,RNWWOFINDNE,1,2033,242.59448882799998
GLOBAL,S2D2,RNWWONINDEA,1,2033,0.0109188397382
GLOBAL,S2D2,RNWWONINDNO,1,2033,5.858025263099999
GLOBAL,S2D2,RNWWONINDSO,1,2033,13.1487360867
GLOBAL,S2D2,RNWWONINDWE,1,2033,21.784982005
GLOBAL,S2D2,TRNINDEAINDNE,2,2033,91.666101168
GLOBAL,S2D2,TRNINDEAINDNO,1,2033,38.462894479
GLOBAL,S2D2,TRNINDNEINDNO,1,2033,87.4524816
GLOBAL,S2D2,MINCOAINT,1,2034,4726.2530693
GLOBAL,S2D2,MINGASINT,1,2034,910.91575352
GLOBAL,S2D2,MINURNINT,1,2034,290.51078793
GLOBAL,S2D2,PWRBIOINDNO01,1,2034,1.6933980527999999
GLOBAL,S2D2,PWRBIOINDWE01,1,2034,0.8824750416
GLOBAL,S2D2,PWRCCGINDNO01,2,2034,137.95570233099997
GLOBAL,S2D2,PWRCCGINDSO01,2,2034,317.50217695
GLOBAL,S2D2,PWRCOAINDEA01,2,2034,273.46592878
GLOBAL,S2D2,PWRCOAINDNO01,2,2034,349.46011244
GLOBAL,S2D2,PWRCOAINDSO01,2,2034,386.63538348
GLOBAL,S2D2,PWRCOAINDWE01,2,2034,602.11327026
GLOBAL,S2D2,PWRCSPINDNO01,1,2034,0.00169578312048
GLOBAL,S2D2,PWRCSPINDSO01,1,2034,0.000556515792
GLOBAL,S2D2,PWRHYDINDEA01,1,2034,20.644966141199998
GLOBAL,S2D2,PWRHYDINDNE01,1,2034,12.8895354381
GLOBAL,S2D2,PWRHYDINDNO01,1,2034,80.305461726
GLOBAL,S2D2,PWRHYDINDSO01,1,2034,46.475310627999995
GLOBAL,S2D2,PWRHYDINDWE01,1,2034,22.128399431699997
GLOBAL,S2D2,PWRSPVINDEA01,1,2034,0.74386335238
GLOBAL,S2D2,PWRSPVINDNE01,1,2034,0.0023898378153599997
GLOBAL,S2D2,PWRSPVINDNO01,1,2034,0.45868861389
GLOBAL,S2D2,PWRSPVINDSO01,1,2034,1.11926521028
GLOBAL,S2D2,PWRSPVINDWE01,1,2034,0.58982621878
GLOBAL,S2D2,PWRTRNINDEA,1,2034,399.01591363999995
GLOBAL,S2D2,PWRTRNINDNE,1,2034,289.04669197
GLOBAL,S2D2,PWRTRNINDNO,1,2034,744.29940975
GLOBAL,S2D2,PWRTRNINDSO,1,2034,838.18250857
GLOBAL,S2D2,PWRTRNINDWE,1,2034,670.71358781
GLOBAL,S2D2,PWRURNINDNO01,2,2034,34.344974592
GLOBAL,S2D2,PWRURNINDSO01,2,2034,73.30108003199999
GLOBAL,S2D2,PWRURNINDWE01,2,2034,23.214658752
GLOBAL,S2D2,PWRWOFINDNE01,1,2034,276.15475175
GLOBAL,S2D2,PWRWONINDEA01,1,2034,0.0109188397382
GLOBAL,S2D2,PWRWONINDNO01,1,2034,5.858025263099999
GLOBAL,S2D2,PWRWONINDSO01,1,2034,13.1487360867
GLOBAL,S2D2,PWRWONINDWE01,1,2034,21.784982005
GLOBAL,S2D2,RNWBIOINDNO,1,2034,5.6728835273
GLOBAL,S2D2,RNWBIOINDWE,1,2034,3.309281406
GLOBAL,S2D2,RNWCSPINDNO,1,2034,0.00169578312048
GLOBAL,S2D2,RNWCSPINDSO,1,2034,0.000556515792
GLOBAL,S2D2,RNWHYDINDEA,1,2034,20.644966141199998
GLOBAL,S2D2,RNWHYDINDNE,1,2034,12.8895354381
GLOBAL,S2D2,RNWHYDINDNO,1,2034,80.305461726
GLOBAL,S2D2,RNWHYDINDSO,1,2034,46.475310627999995
GLOBAL,S2D2,RNWHYDINDWE,1,2034,22.128399431699997
GLOBAL,S2D2,RNWSPVINDEA,1,2034,0.74386335238
GLOBAL,S2D2,RNWSPVINDNE,1,2034,0.0023898378153599997
GLOBAL,S2D2,RNWSPVINDNO,1,2034,0.45868861389
GLOBAL,S2D2,RNWSPVINDSO,1,2034,1.11926521028
GLOBAL,S2D2,RNWSPVINDWE,1,2034,0.58982621878
GLOBAL,S2D2,RNWWOFINDNE,1,2034,276.15475175
GLOBAL,S2D2,RNWWONINDEA,1,2034,0.0109188397382
GLOBAL,S2D2,RNWWONINDNO,1,2034,5.858025263099999
GLOBAL,S2D2,RNWWONINDSO,1,2034,13.1487360867
GLOBAL,S2D2,RNWWONINDWE,1,2034,21.784982005
GLOBAL,S2D2,TRNINDEAINDNE,2,2034,107.56655236799999
GLOBAL,S2D2,TRNINDEAINDNO,1,2034,39.844105001
GLOBAL,S2D2,TRNINDNEINDNO,1,2034,103.3529328
GLOBAL,S2D2,MINCOAINT,1,2035,4822.0626659
GLOBAL,S2D2,MINGASINT,1,2035,1046.3853187599998
GLOBAL,S2D2,MINURNINT,1,2035,290.51078793
GLOBAL,S2D2,PWRBIOINDNO01,1,2035,1.6933980527999999
GLOBAL,S2D2,PWRBIOINDWE01,1,2035,0.8824750416
GLOBAL,S2D2,PWRCCGINDNO01,2,2035,159.398687997
GLOBAL,S2D2,PWRCCGINDSO01,2,2035,363.79396382
GLOBAL,S2D2,PWRCOAINDEA01,2,2035,279.60113521999995
GLOBAL,S2D2,PWRCOAINDNO01,2,2035,346.12102273
GLOBAL,S2D2,PWRCOAINDSO01,2,2035,383.29626856
GLOBAL,S2D2,PWRCOAINDWE01,2,2035,635.29573108
GLOBAL,S2D2,PWRCSPINDNO01,1,2035,0.00169578312048
GLOBAL,S2D2,PWRCSPINDSO01,1,2035,0.000556515792
GLOBAL,S2D2,PWRHYDINDEA01,1,2035,20.644966141199998
GLOBAL,S2D2,PWRHYDINDNE01,1,2035,12.8895354381
GLOBAL,S2D2,PWRHYDINDNO01,1,2035,80.305461726
GLOBAL,S2D2,PWRHYDINDSO01,1,2035,46.475310627999995
GLOBAL,S2D2,PWRHYDINDWE01,1,2035,22.128399431699997
GLOBAL,S2D2,PWRSPVINDEA01,1,2035,0.74805310312
GLOBAL,S2D2,PWRSPVINDNE01,1,2035,0.0023898378153599997
GLOBAL,S2D2,PWRSPVINDNO01,1,2035,0.47572795205
GLOBAL,S2D2,PWRSPVINDSO01,1,2035,1.18392041493
GLOBAL,S2D2,PWRSPVINDWE01,1,2035,0.62094919907
GLOBAL,S2D2,PWRTRNINDEA,1,2035,420.55077463
GLOBAL,S2D2,PWRTRNINDNE,1,2035,324.84088357999997
GLOBAL,S2D2,PWRTRNINDNO,1,2035,780.73320427
GLOBAL,S2D2,PWRTRNINDSO,1,2035,881.16999553
GLOBAL,S2D2,PWRTRNINDWE,1,2035,703.92720819
GLOBAL,S2D2,PWRURNINDNO01,2,2035,34.344974592
GLOBAL,S2D2,PWRURNINDSO01,2,2035,73.30108003199999
GLOBAL,S2D2,PWRURNINDWE01,2,2035,23.214658752
GLOBAL,S2D2,PWRWOFINDNE01,1,2035,311.94896857
GLOBAL,S2D2,PWRWONINDEA01,1,2035,0.0109188397382
GLOBAL,S2D2,PWRWONINDNO01,1,2035,5.829242249799999
GLOBAL,S2D2,PWRWONINDSO01,1,2035,13.118884421499999
GLOBAL,S2D2,PWRWONINDWE01,1,2035,21.784982005
GLOBAL,S2D2,RNWBIOINDNO,1,2035,5.6728835273
GLOBAL,S2D2,RNWBIOINDWE,1,2035,3.309281406
GLOBAL,S2D2,RNWCSPINDNO,1,2035,0.00169578312048
GLOBAL,S2D2,RNWCSPINDSO,1,2035,0.000556515792
GLOBAL,S2D2,RNWHYDINDEA,1,2035,20.644966141199998
GLOBAL,S2D2,RNWHYDINDNE,1,2035,12.8895354381
GLOBAL,S2D2,RNWHYDINDNO,1,2035,80.305461726
GLOBAL,S2D2,RNWHYDINDSO,1,2035,46.475310627999995
GLOBAL,S2D2,RNWHYDINDWE,1,2035,22.128399431699997
GLOBAL,S2D2,RNWSPVINDEA,1,2035,0.74805310312
GLOBAL,S2D2,RNWSPVINDNE,1,2035,0.0023898378153599997
GLOBAL,S2D2,RNWSPVINDNO,1,2035,0.47572795205
GLOBAL,S2D2,RNWSPVINDSO,1,2035,1.18392041493
GLOBAL,S2D2,RNWSPVINDWE,1,2035,0.62094919907
GLOBAL,S2D2,RNWWOFINDNE,1,2035,311.94896857
GLOBAL,S2D2,RNWWONINDEA,1,2035,0.0109188397382
GLOBAL,S2D2,RNWWONINDNO,1,2035,5.829242249799999
GLOBAL,S2D2,RNWWONINDSO,1,2035,13.118884421499999
GLOBAL,S2D2,RNWWONINDWE,1,2035,21.784982005
GLOBAL,S2D2,TRNINDEAINDNE,2,2035,123.467003568
GLOBAL,S2D2,TRNINDEAINDNO,1,2035,43.522163328999994
GLOBAL,S2D2,TRNINDNEINDNO,1,2035,119.253384
GLOBAL,S2D2,MINCOAINT,1,2036,4885.790268600001
GLOBAL,S2D2,MINGASINT,1,2036,1247.97050395
GLOBAL,S2D2,MINURNINT,1,2036,290.51078793
GLOBAL,S2D2,PWRBIOINDNO01,1,2036,1.6933980527999999
GLOBAL,S2D2,PWRBIOINDWE01,1,2036,0.8824750416
GLOBAL,S2D2,PWRCCGINDNO01,2,2036,186.566032733
GLOBAL,S2D2,PWRCCGINDSO01,2,2036,415.14532205999996
GLOBAL,S2D2,PWRCCGINDWE01,2,2036,22.2738812997
GLOBAL,S2D2,PWRCOAINDEA01,2,2036,288.06491373
GLOBAL,S2D2,PWRCOAINDNO01,2,2036,344.13346633
GLOBAL,S2D2,PWRCOAINDSO01,2,2036,381.22922503
GLOBAL,S2D2,PWRCOAINDWE01,2,2036,652.64197578
GLOBAL,S2D2,PWRCSPINDNO01,1,2036,0.00169578312048
GLOBAL,S2D2,PWRCSPINDSO01,1,2036,0.000556515792
GLOBAL,S2D2,PWRHYDINDEA01,1,2036,20.644966141199998
GLOBAL,S2D2,PWRHYDINDNE01,1,2036,12.8895354381
GLOBAL,S2D2,PWRHYDINDNO01,1,2036,80.305461726
GLOBAL,S2D2,PWRHYDINDSO01,1,2036,46.475310627999995
GLOBAL,S2D2,PWRHYDINDWE01,1,2036,22.128399431699997
GLOBAL,S2D2,PWRSPVINDEA01,1,2036,0.7624553744399999
GLOBAL,S2D2,PWRSPVINDNE01,1,2036,0.0023898378153599997
GLOBAL,S2D2,PWRSPVINDNO01,1,2036,0.49848786778
GLOBAL,S2D2,PWRSPVINDSO01,1,2036,1.25811233569
GLOBAL,S2D2,PWRSPVINDWE01,1,2036,0.6580565039499999
GLOBAL,S2D2,PWRTRNINDEA,1,2036,444.42439253
GLOBAL,S2D2,PWRTRNINDNE,1,2036,361.18319101000003
GLOBAL,S2D2,PWRTRNINDNO,1,2036,823.45638959
GLOBAL,S2D2,PWRTRNINDSO,1,2036,930.51249492
GLOBAL,S2D2,PWRTRNINDWE,1,2036,743.45520248
GLOBAL,S2D2,PWRURNINDNO01,2,2036,34.344974592
GLOBAL,S2D2,PWRURNINDSO01,2,2036,73.30108003199999
GLOBAL,S2D2,PWRURNINDWE01,2,2036,23.214658752
GLOBAL,S2D2,PWRWOFINDNE01,1,2036,348.291276
GLOBAL,S2D2,PWRWONINDEA01,1,2036,0.0109188397382
GLOBAL,S2D2,PWRWONINDNO01,1,2036,5.829242249799999
GLOBAL,S2D2,PWRWONINDSO01,1,2036,13.102892458
GLOBAL,S2D2,PWRWONINDWE01,1,2036,21.6557590744
GLOBAL,S2D2,RNWBIOINDNO,1,2036,5.6728835273
GLOBAL,S2D2,RNWBIOINDWE,1,2036,3.309281406
GLOBAL,S2D2,RNWCSPINDNO,1,2036,0.00169578312048
GLOBAL,S2D2,RNWCSPINDSO,1,2036,0.000556515792
GLOBAL,S2D2,RNWHYDINDEA,1,2036,20.644966141199998
GLOBAL,S2D2,RNWHYDINDNE,1,2036,12.8895354381
GLOBAL,S2D2,RNWHYDINDNO,1,2036,80.305461726
GLOBAL,S2D2,RNWHYDINDSO,1,2036,46.475310627999995
GLOBAL,S2D2,RNWHYDINDWE,1,2036,22.128399431699997
GLOBAL,S2D2,RNWSPVINDEA,1,2036,0.7624553744399999
GLOBAL,S2D2,RNWSPVINDNE,1,2036,0.0023898378153599997
GLOBAL,S2D2,RNWSPVINDNO,1,2036,0.49848786778
GLOBAL,S2D2,RNWSPVINDSO,1,2036,1.25811233569
GLOBAL,S2D2,RNWSPVINDWE,1,2036,0.6580565039499999
GLOBAL,S2D2,RNWWOFINDNE,1,2036,348.291276
GLOBAL,S2D2,RNWWONINDEA,1,2036,0.0109188397382
GLOBAL,S2D2,RNWWONINDNO,1,2036,5.829242249799999
GLOBAL,S2D2,RNWWONINDSO,1,2036,13.102892458
GLOBAL,S2D2,RNWWONINDWE,1,2036,21.6557590744
GLOBAL,S2D2,TRNINDEAINDNE,2,2036,139.36745476800002
GLOBAL,S2D2,TRNINDEAINDNO,1,2036,46.327985909
GLOBAL,S2D2,TRNINDNEINDNO,1,2036,135.15383519999997
GLOBAL,S2D2,MINCOAINT,1,2037,4893.8612501
GLOBAL,S2D2,MINGASINT,1,2037,1487.43003348
GLOBAL,S2D2,MINURNINT,1,2037,290.51078793
GLOBAL,S2D2,PWRBIOINDNO01,1,2037,1.6933980527999999
GLOBAL,S2D2,PWRBIOINDWE01,1,2037,0.8824750416
GLOBAL,S2D2,PWRCCGINDNO01,2,2037,215.5538193
GLOBAL,S2D2,PWRCCGINDSO01,2,2037,464.11451177
GLOBAL,S2D2,PWRCCGINDWE01,2,2037,64.046688191
GLOBAL,S2D2,PWRCOAINDEA01,2,2037,296.66175061999996
GLOBAL,S2D2,PWRCOAINDNO01,2,2037,340.47635247
GLOBAL,S2D2,PWRCOAINDSO01,2,2037,381.22922503
GLOBAL,S2D2,PWRCOAINDWE01,2,2037,650.5351508699999
GLOBAL,S2D2,PWRCSPINDNO01,1,2037,0.00169578312048
GLOBAL,S2D2,PWRCSPINDSO01,1,2037,0.000556515792
GLOBAL,S2D2,PWRHYDINDEA01,1,2037,20.644966141199998
GLOBAL,S2D2,PWRHYDINDNE01,1,2037,12.8895354381
GLOBAL,S2D2,PWRHYDINDNO01,1,2037,80.305461726
GLOBAL,S2D2,PWRHYDINDSO01,1,2037,46.475310627999995
GLOBAL,S2D2,PWRHYDINDWE01,1,2037,22.128399431699997
GLOBAL,S2D2,PWRSPVINDEA01,1,2037,0.77726284609
GLOBAL,S2D2,PWRSPVINDNE01,1,2037,0.0023898378153599997
GLOBAL,S2D2,PWRSPVINDNO01,1,2037,0.52132623703
GLOBAL,S2D2,PWRSPVINDSO01,1,2037,1.33182350175
GLOBAL,S2D2,PWRSPVINDWE01,1,2037,0.69526059002
GLOBAL,S2D2,PWRTRNINDEA,1,2037,468.43149738
GLOBAL,S2D2,PWRTRNINDNE,1,2037,397.48498596999997
GLOBAL,S2D2,PWRTRNINDNO,1,2037,866.24718813
GLOBAL,S2D2,PWRTRNINDSO,1,2037,979.52000383
GLOBAL,S2D2,PWRTRNINDWE,1,2037,783.15840627
GLOBAL,S2D2,PWRURNINDNO01,2,2037,34.344974592
GLOBAL,S2D2,PWRURNINDSO01,2,2037,73.30108003199999
GLOBAL,S2D2,PWRURNINDWE01,2,2037,23.214658752
GLOBAL,S2D2,PWRWOFINDNE01,1,2037,384.59307096000003
GLOBAL,S2D2,PWRWONINDEA01,1,2037,0.0109188397382
GLOBAL,S2D2,PWRWONINDNO01,1,2037,5.7401518745
GLOBAL,S2D2,PWRWONINDSO01,1,2037,13.0674971138
GLOBAL,S2D2,PWRWONINDWE01,1,2037,21.6557590744
GLOBAL,S2D2,RNWBIOINDNO,1,2037,5.6728835273
GLOBAL,S2D2,RNWBIOINDWE,1,2037,3.309281406
GLOBAL,S2D2,RNWCSPINDNO,1,2037,0.00169578312048
GLOBAL,S2D2,RNWCSPINDSO,1,2037,0.000556515792
GLOBAL,S2D2,RNWHYDINDEA,1,2037,20.644966141199998
GLOBAL,S2D2,RNWHYDINDNE,1,2037,12.8895354381
GLOBAL,S2D2,RNWHYDINDNO,1,2037,80.305461726
GLOBAL,S2D2,RNWHYDINDSO,1,2037,46.475310627999995
GLOBAL,S2D2,RNWHYDINDWE,1,2037,22.128399431699997
GLOBAL,S2D2,RNWSPVINDEA,1,2037,0.77726284609
GLOBAL,S2D2,RNWSPVINDNE,1,2037,0.0023898378153599997
GLOBAL,S2D2,RNWSPVINDNO,1,2037,0.52132623703
GLOBAL,S2D2,RNWSPVINDSO,1,2037,1.33182350175
GLOBAL,S2D2,RNWSPVINDWE,1,2037,0.69526059002
GLOBAL,S2D2,RNWWOFINDNE,1,2037,384.59307096000003
GLOBAL,S2D2,RNWWONINDEA,1,2037,0.0109188397382
GLOBAL,S2D2,RNWWONINDNO,1,2037,5.7401518745
GLOBAL,S2D2,RNWWONINDSO,1,2037,13.0674971138
GLOBAL,S2D2,RNWWONINDWE,1,2037,21.6557590744
GLOBAL,S2D2,TRNINDEAINDNE,2,2037,155.267905968
GLOBAL,S2D2,TRNINDEAINDNO,1,2037,49.13988662
GLOBAL,S2D2,TRNINDNEINDNO,1,2037,151.0542864
GLOBAL,S2D2,MINCOAINT,1,2038,4873.574511
GLOBAL,S2D2,MINGASINT,1,2038,1746.24680941
GLOBAL,S2D2,MINURNINT,1,2038,290.51078793
GLOBAL,S2D2,PWRBIOINDNO01,1,2038,1.6933980527999999
GLOBAL,S2D2,PWRBIOINDWE01,1,2038,0.8824750416
GLOBAL,S2D2,PWRCCGINDNO01,2,2038,242.63412903199998
GLOBAL,S2D2,PWRCCGINDSO01,2,2038,526.33521193
GLOBAL,S2D2,PWRCCGINDWE01,2,2038,104.154071306
GLOBAL,S2D2,PWRCOAINDEA01,2,2038,305.06651252
GLOBAL,S2D2,PWRCOAINDNO01,2,2038,338.48879607
GLOBAL,S2D2,PWRCOAINDSO01,2,2038,367.95235332
GLOBAL,S2D2,PWRCOAINDWE01,2,2038,650.5351508699999
GLOBAL,S2D2,PWRCSPINDNO01,1,2038,0.00169578312048
GLOBAL,S2D2,PWRCSPINDSO01,1,2038,0.000556515792
GLOBAL,S2D2,PWRHYDINDEA01,1,2038,20.644966141199998
GLOBAL,S2D2,PWRHYDINDNE01,1,2038,12.0581887975
GLOBAL,S2D2,PWRHYDINDNO01,1,2038,80.305461726
GLOBAL,S2D2,PWRHYDINDSO01,1,2038,46.475310627999995
GLOBAL,S2D2,PWRHYDINDWE01,1,2038,22.128399431699997
GLOBAL,S2D2,PWRSPVINDEA01,1,2038,0.79149973981
GLOBAL,S2D2,PWRSPVINDNE01,1,2038,0.0023898378153599997
GLOBAL,S2D2,PWRSPVINDNO01,1,2038,0.5440160185399999
GLOBAL,S2D2,PWRSPVINDSO01,1,2038,1.40550802084
GLOBAL,S2D2,PWRSPVINDWE01,1,2038,0.73283266646
GLOBAL,S2D2,PWRTRNINDEA,1,2038,492.24594741
GLOBAL,S2D2,PWRTRNINDNE,1,2038,433.77329358
GLOBAL,S2D2,PWRTRNINDNO,1,2038,908.85599568
GLOBAL,S2D2,PWRTRNINDSO,1,2038,1028.5374958999998
GLOBAL,S2D2,PWRTRNINDWE,1,2038,823.1927938299999
GLOBAL,S2D2,PWRURNINDNO01,2,2038,34.344974592
GLOBAL,S2D2,PWRURNINDSO01,2,2038,73.30108003199999
GLOBAL,S2D2,PWRURNINDWE01,2,2038,23.214658752
GLOBAL,S2D2,PWRWOFINDNE01,1,2038,421.71272874
GLOBAL,S2D2,PWRWONINDEA01,1,2038,0.0109188397382
GLOBAL,S2D2,PWRWONINDNO01,1,2038,5.7195926153
GLOBAL,S2D2,PWRWONINDSO01,1,2038,13.0674971138
GLOBAL,S2D2,PWRWONINDWE01,1,2038,21.5452016278
GLOBAL,S2D2,RNWBIOINDNO,1,2038,5.6728835273
GLOBAL,S2D2,RNWBIOINDWE,1,2038,3.309281406
GLOBAL,S2D2,RNWCSPINDNO,1,2038,0.00169578312048
GLOBAL,S2D2,RNWCSPINDSO,1,2038,0.000556515792
GLOBAL,S2D2,RNWHYDINDEA,1,2038,20.644966141199998
GLOBAL,S2D2,RNWHYDINDNE,1,2038,12.0581887975
GLOBAL,S2D2,RNWHYDINDNO,1,2038,80.305461726
GLOBAL,S2D2,RNWHYDINDSO,1,2038,46.475310627999995
GLOBAL,S2D2,RNWHYDINDWE,1,2038,22.128399431699997
GLOBAL,S2D2,RNWSPVINDEA,1,2038,0.79149973981
GLOBAL,S2D2,RNWSPVINDNE,1,2038,0.0023898378153599997
GLOBAL,S2D2,RNWSPVINDNO,1,2038,0.5440160185399999
GLOBAL,S2D2,RNWSPVINDSO,1,2038,1.40550802084
GLOBAL,S2D2,RNWSPVINDWE,1,2038,0.73283266646
GLOBAL,S2D2,RNWWOFINDNE,1,2038,421.71272874
GLOBAL,S2D2,RNWWONINDEA,1,2038,0.0109188397382
GLOBAL,S2D2,RNWWONINDNO,1,2038,5.7195926153
GLOBAL,S2D2,RNWWONINDSO,1,2038,13.0674971138
GLOBAL,S2D2,RNWWONINDWE,1,2038,21.5452016278
GLOBAL,S2D2,TRNINDEAINDNE,2,2038,171.168357168
GLOBAL,S2D2,TRNINDEAINDNO,1,2038,51.938554601999996
GLOBAL,S2D2,TRNINDNEINDNO,1,2038,166.9547376
GLOBAL,S2D2,MINCOAINT,1,2039,4869.1209124
GLOBAL,S2D2,MINGASINT,1,2039,1995.70964173
GLOBAL,S2D2,MINURNINT,1,2039,290.51078793
GLOBAL,S2D2,PWRBIOINDNO01,1,2039,1.1766333888
GLOBAL,S2D2,PWRBIOINDWE01,1,2039,0.8824750416
GLOBAL,S2D2,PWRCCGINDNO01,2,2039,272.68250281999997
GLOBAL,S2D2,PWRCCGINDSO01,2,2039,577.03226983
GLOBAL,S2D2,PWRCCGINDWE01,2,2039,148.140058299
GLOBAL,S2D2,PWRCOAINDEA01,2,2039,312.64289902999997
GLOBAL,S2D2,PWRCOAINDNO01,2,2039,334.63295178000004
GLOBAL,S2D2,PWRCOAINDSO01,2,2039,366.28279585999996
GLOBAL,S2D2,PWRCOAINDWE01,2,2039,647.04104487
GLOBAL,S2D2,PWRCSPINDNO01,1,2039,0.00169578312048
GLOBAL,S2D2,PWRCSPINDSO01,1,2039,0.000556515792
GLOBAL,S2D2,PWRHYDINDEA01,1,2039,20.644966141199998
GLOBAL,S2D2,PWRHYDINDNE01,1,2039,12.8895354381
GLOBAL,S2D2,PWRHYDINDNO01,1,2039,80.305461726
GLOBAL,S2D2,PWRHYDINDSO01,1,2039,46.475310627999995
GLOBAL,S2D2,PWRHYDINDWE01,1,2039,22.128399431699997
GLOBAL,S2D2,PWRSPVINDEA01,1,2039,0.8029912393199999
GLOBAL,S2D2,PWRSPVINDNE01,1,2039,0.0023898378153599997
GLOBAL,S2D2,PWRSPVINDNO01,1,2039,0.56714233641
GLOBAL,S2D2,PWRSPVINDSO01,1,2039,1.47928553962
GLOBAL,S2D2,PWRSPVINDWE01,1,2039,0.77074505269
GLOBAL,S2D2,PWRTRNINDEA,1,2039,515.22927416
GLOBAL,S2D2,PWRTRNINDNE,1,2039,470.14529839
GLOBAL,S2D2,PWRTRNINDNO,1,2039,951.9015916899999
GLOBAL,S2D2,PWRTRNINDSO,1,2039,1077.53749223
GLOBAL,S2D2,PWRTRNINDWE,1,2039,863.56320548
GLOBAL,S2D2,PWRURNINDNO01,2,2039,34.344974592
GLOBAL,S2D2,PWRURNINDSO01,2,2039,73.30108003199999
GLOBAL,S2D2,PWRURNINDWE01,2,2039,23.214658752
GLOBAL,S2D2,PWRWOFINDNE01,1,2039,457.25338338
GLOBAL,S2D2,PWRWONINDEA01,1,2039,0.0109188397382
GLOBAL,S2D2,PWRWONINDNO01,1,2039,5.5222235253
GLOBAL,S2D2,PWRWONINDSO01,1,2039,12.966215434599999
GLOBAL,S2D2,PWRWONINDWE01,1,2039,21.3858267809
GLOBAL,S2D2,RNWBIOINDNO,1,2039,3.9417219028999995
GLOBAL,S2D2,RNWBIOINDWE,1,2039,3.309281406
GLOBAL,S2D2,RNWCSPINDNO,1,2039,0.00169578312048
GLOBAL,S2D2,RNWCSPINDSO,1,2039,0.000556515792
GLOBAL,S2D2,RNWHYDINDEA,1,2039,20.644966141199998
GLOBAL,S2D2,RNWHYDINDNE,1,2039,12.8895354381
GLOBAL,S2D2,RNWHYDINDNO,1,2039,80.305461726
GLOBAL,S2D2,RNWHYDINDSO,1,2039,46.475310627999995
GLOBAL,S2D2,RNWHYDINDWE,1,2039,22.128399431699997
GLOBAL,S2D2,RNWSPVINDEA,1,2039,0.8029912393199999
GLOBAL,S2D2,RNWSPVINDNE,1,2039,0.0023898378153599997
GLOBAL,S2D2,RNWSPVINDNO,1,2039,0.56714233641
GLOBAL,S2D2,RNWSPVINDSO,1,2039,1.47928553962
GLOBAL,S2D2,RNWSPVINDWE,1,2039,0.77074505269
GLOBAL,S2D2,RNWWOFINDNE,1,2039,457.25338338
GLOBAL,S2D2,RNWWONINDEA,1,2039,0.0109188397382
GLOBAL,S2D2,RNWWONINDNO,1,2039,5.5222235253
GLOBAL,S2D2,RNWWONINDSO,1,2039,12.966215434599999
GLOBAL,S2D2,RNWWONINDWE,1,2039,21.3858267809
GLOBAL,S2D2,TRNINDEAINDNE,2,2039,187.06880836800002
GLOBAL,S2D2,TRNINDEAINDNO,1,2039,54.769284662
GLOBAL,S2D2,TRNINDNEINDNO,1,2039,182.85518879999998
GLOBAL,S2D2,MINCOAINT,1,2040,4879.0491145999995
GLOBAL,S2D2,MINGASINT,1,2040,2235.13228903
GLOBAL,S2D2,MINURNINT,1,2040,290.51078793
GLOBAL,S2D2,PWRBIOINDNO01,1,2040,0.8586243647999999
GLOBAL,S2D2,PWRBIOINDWE01,1,2040,0.8824750416
GLOBAL,S2D2,PWRCCGINDNO01,2,2040,301.8400863
GLOBAL,S2D2,PWRCCGINDSO01,2,2040,625.63190615
GLOBAL,S2D2,PWRCCGINDWE01,2,2040,190.094149544
GLOBAL,S2D2,PWRCOAINDEA01,2,2040,319.93022768
GLOBAL,S2D2,PWRCOAINDNO01,2,2040,331.09510643
GLOBAL,S2D2,PWRCOAINDSO01,2,2040,366.28279585999996
GLOBAL,S2D2,PWRCOAINDWE01,2,2040,646.7429114099999
GLOBAL,S2D2,PWRCSPINDNO01,1,2040,0.0008490840940799999
GLOBAL,S2D2,PWRHYDINDEA01,1,2040,20.644966141199998
GLOBAL,S2D2,PWRHYDINDNE01,1,2040,12.2316870427
GLOBAL,S2D2,PWRHYDINDNO01,1,2040,80.305461726
GLOBAL,S2D2,PWRHYDINDSO01,1,2040,46.475310627999995
GLOBAL,S2D2,PWRHYDINDWE01,1,2040,22.128399431699997
GLOBAL,S2D2,PWRSPVINDEA01,1,2040,0.81362272489
GLOBAL,S2D2,PWRSPVINDNE01,1,2040,0.0023898378153599997
GLOBAL,S2D2,PWRSPVINDNO01,1,2040,0.5908432405999999
GLOBAL,S2D2,PWRSPVINDSO01,1,2040,1.5530684281299998
GLOBAL,S2D2,PWRSPVINDWE01,1,2040,0.80970685559
GLOBAL,S2D2,PWRTRNINDEA,1,2040,537.92268591
GLOBAL,S2D2,PWRTRNINDNE,1,2040,506.39039605999994
GLOBAL,S2D2,PWRTRNINDNO,1,2040,994.6820037099999
GLOBAL,S2D2,PWRTRNINDSO,1,2040,1126.06749853
GLOBAL,S2D2,PWRTRNINDWE,1,2040,904.99679846
GLOBAL,S2D2,PWRURNINDNO01,2,2040,34.344974592
GLOBAL,S2D2,PWRURNINDSO01,2,2040,73.30108003199999
GLOBAL,S2D2,PWRURNINDWE01,2,2040,23.214658752
GLOBAL,S2D2,PWRWOFINDNE01,1,2040,494.15631079
GLOBAL,S2D2,PWRWONINDEA01,1,2040,0.0109188397382
GLOBAL,S2D2,PWRWONINDNO01,1,2040,5.4523219936
GLOBAL,S2D2,PWRWONINDSO01,1,2040,12.8233546503
GLOBAL,S2D2,PWRWONINDWE01,1,2040,21.1245092486
GLOBAL,S2D2,RNWBIOINDNO,1,2040,2.8763916725
GLOBAL,S2D2,RNWBIOINDWE,1,2040,3.309281406
GLOBAL,S2D2,RNWCSPINDNO,1,2040,0.0008490840940799999
GLOBAL,S2D2,RNWHYDINDEA,1,2040,20.644966141199998
GLOBAL,S2D2,RNWHYDINDNE,1,2040,12.2316870427
GLOBAL,S2D2,RNWHYDINDNO,1,2040,80.305461726
GLOBAL,S2D2,RNWHYDINDSO,1,2040,46.475310627999995
GLOBAL,S2D2,RNWHYDINDWE,1,2040,22.128399431699997
GLOBAL,S2D2,RNWSPVINDEA,1,2040,0.81362272489
GLOBAL,S2D2,RNWSPVINDNE,1,2040,0.0023898378153599997
GLOBAL,S2D2,RNWSPVINDNO,1,2040,0.5908432405999999
GLOBAL,S2D2,RNWSPVINDSO,1,2040,1.5530684281299998
GLOBAL,S2D2,RNWSPVINDWE,1,2040,0.80970685559
GLOBAL,S2D2,RNWWOFINDNE,1,2040,494.15631079
GLOBAL,S2D2,RNWWONINDEA,1,2040,0.0109188397382
GLOBAL,S2D2,RNWWONINDNO,1,2040,5.4523219936
GLOBAL,S2D2,RNWWONINDSO,1,2040,12.8233546503
GLOBAL,S2D2,RNWWONINDWE,1,2040,21.1245092486
GLOBAL,S2D2,TRNINDEAINDNE,2,2040,202.96925956799998
GLOBAL,S2D2,TRNINDEAINDNO,1,2040,57.580482014
GLOBAL,S2D2,TRNINDNEINDNO,1,2040,198.75564
GLOBAL,S2D2,MINCOAINT,1,2041,4753.3870965
GLOBAL,S2D2,MINGASINT,1,2041,2610.0800392
GLOBAL,S2D2,MINURNINT,1,2041,290.51078793
GLOBAL,S2D2,PWRBIOINDNO01,1,2041,0.8586243647999999
GLOBAL,S2D2,PWRBIOINDWE01,1,2041,0.8824750416
GLOBAL,S2D2,PWRCCGINDNO01,2,2041,345.73790635999995
GLOBAL,S2D2,PWRCCGINDSO01,2,2041,696.0616125600001
GLOBAL,S2D2,PWRCCGINDWE01,2,2041,263.24057631
GLOBAL,S2D2,PWRCOAINDEA01,2,2041,330.63270461
GLOBAL,S2D2,PWRCOAINDNO01,2,2041,318.49398877
GLOBAL,S2D2,PWRCOAINDSO01,2,2041,351.49536616
GLOBAL,S2D2,PWRCOAINDWE01,2,2041,620.74565353
GLOBAL,S2D2,PWRCSPINDNO01,1,2041,0.0008490840940799999
GLOBAL,S2D2,PWRHYDINDEA01,1,2041,20.644966141199998
GLOBAL,S2D2,PWRHYDINDNE01,1,2041,12.329218230199999
GLOBAL,S2D2,PWRHYDINDNO01,1,2041,80.305461726
GLOBAL,S2D2,PWRHYDINDSO01,1,2041,46.475310627999995
GLOBAL,S2D2,PWRHYDINDWE01,1,2041,22.128399431699997
GLOBAL,S2D2,PWRSPVINDEA01,1,2041,0.8338217584000001
GLOBAL,S2D2,PWRSPVINDNE01,1,2041,0.0023898378153599997
GLOBAL,S2D2,PWRSPVINDNO01,1,2041,0.61899539886
GLOBAL,S2D2,PWRSPVINDSO01,1,2041,1.6367613172199997
GLOBAL,S2D2,PWRSPVINDWE01,1,2041,0.85389680913
GLOBAL,S2D2,PWRTRNINDEA,1,2041,564.04082574
GLOBAL,S2D2,PWRTRNINDNE,1,2041,543.25921434
GLOBAL,S2D2,PWRTRNINDNO,1,2041,1043.7492098999999
GLOBAL,S2D2,PWRTRNINDSO,1,2041,1181.5600026299999
GLOBAL,S2D2,PWRTRNINDWE,1,2041,952.1111876299999
GLOBAL,S2D2,PWRURNINDNO01,2,2041,34.344974592
GLOBAL,S2D2,PWRURNINDSO01,2,2041,73.30108003199999
GLOBAL,S2D2,PWRURNINDWE01,2,2041,23.214658752
GLOBAL,S2D2,PWRWOFINDNE01,1,2041,530.92759158
GLOBAL,S2D2,PWRWONINDEA01,1,2041,0.0109188397382
GLOBAL,S2D2,PWRWONINDNO01,1,2041,5.2768828305
GLOBAL,S2D2,PWRWONINDSO01,1,2041,12.5898729916
GLOBAL,S2D2,PWRWONINDWE01,1,2041,21.0455394278
GLOBAL,S2D2,RNWBIOINDNO,1,2041,2.8763916725
GLOBAL,S2D2,RNWBIOINDWE,1,2041,3.309281406
GLOBAL,S2D2,RNWCSPINDNO,1,2041,0.0008490840940799999
GLOBAL,S2D2,RNWHYDINDEA,1,2041,20.644966141199998
GLOBAL,S2D2,RNWHYDINDNE,1,2041,12.329218230199999
GLOBAL,S2D2,RNWHYDINDNO,1,2041,80.305461726
GLOBAL,S2D2,RNWHYDINDSO,1,2041,46.475310627999995
GLOBAL,S2D2,RNWHYDINDWE,1,2041,22.128399431699997
GLOBAL,S2D2,RNWSPVINDEA,1,2041,0.8338217584000001
GLOBAL,S2D2,RNWSPVINDNE,1,2041,0.0023898378153599997
GLOBAL,S2D2,RNWSPVINDNO,1,2041,0.61899539886
GLOBAL,S2D2,RNWSPVINDSO,1,2041,1.6367613172199997
GLOBAL,S2D2,RNWSPVINDWE,1,2041,0.85389680913
GLOBAL,S2D2,RNWWOFINDNE,1,2041,530.92759158
GLOBAL,S2D2,RNWWONINDEA,1,2041,0.0109188397382
GLOBAL,S2D2,RNWWONINDNO,1,2041,5.2768828305
GLOBAL,S2D2,RNWWONINDSO,1,2041,12.5898729916
GLOBAL,S2D2,RNWWONINDWE,1,2041,21.0455394278
GLOBAL,S2D2,TRNINDEAINDNE,2,2041,218.86971076799998
GLOBAL,S2D2,TRNINDEAINDNO,1,2041,60.808216632999994
GLOBAL,S2D2,TRNINDNEINDNO,1,2041,214.6560912
GLOBAL,S2D2,MINCOAINT,1,2042,4748.2954328
GLOBAL,S2D2,MINGASINT,1,2042,2906.7311512
GLOBAL,S2D2,MINURNINT,1,2042,286.98088373
GLOBAL,S2D2,PWRBIOINDNO01,1,2042,0.8586243647999999
GLOBAL,S2D2,PWRBIOINDWE01,1,2042,0.8824750416
GLOBAL,S2D2,PWRCCGINDNO01,2,2042,381.13098166
GLOBAL,S2D2,PWRCCGINDSO01,2,2042,753.39419456
GLOBAL,S2D2,PWRCCGINDWE01,2,2042,318.84039938
GLOBAL,S2D2,PWRCOAINDEA01,2,2042,341.71328112
GLOBAL,S2D2,PWRCOAINDNO01,2,2042,315.15489906
GLOBAL,S2D2,PWRCOAINDSO01,2,2042,350.00074089
GLOBAL,S2D2,PWRCOAINDWE01,2,2042,612.87494027
GLOBAL,S2D2,PWRCSPINDNO01,1,2042,0.000834773688
GLOBAL,S2D2,PWRHYDINDEA01,1,2042,20.644966141199998
GLOBAL,S2D2,PWRHYDINDNE01,1,2042,12.424566988
GLOBAL,S2D2,PWRHYDINDNO01,1,2042,80.305461726
GLOBAL,S2D2,PWRHYDINDSO01,1,2042,46.475310627999995
GLOBAL,S2D2,PWRHYDINDWE01,1,2042,22.128399431699997
GLOBAL,S2D2,PWRSPVINDEA01,1,2042,0.85539350162
GLOBAL,S2D2,PWRSPVINDNE01,1,2042,0.0023898378153599997
GLOBAL,S2D2,PWRSPVINDNO01,1,2042,0.64759032035
GLOBAL,S2D2,PWRSPVINDSO01,1,2042,1.72074114653
GLOBAL,S2D2,PWRSPVINDWE01,1,2042,0.89849806382
GLOBAL,S2D2,PWRTRNINDEA,1,2042,590.53842649
GLOBAL,S2D2,PWRTRNINDNE,1,2042,580.01461283
GLOBAL,S2D2,PWRTRNINDNO,1,2042,1092.0363934799998
GLOBAL,S2D2,PWRTRNINDSO,1,2042,1237.2249935500001
GLOBAL,S2D2,PWRTRNINDWE,1,2042,999.4872061799999
GLOBAL,S2D2,PWRURNINDNO01,2,2042,32.754929472
GLOBAL,S2D2,PWRURNINDSO01,2,2042,73.30108003199999
GLOBAL,S2D2,PWRURNINDWE01,2,2042,23.214658752
GLOBAL,S2D2,PWRWOFINDNE01,1,2042,567.5876458500001
GLOBAL,S2D2,PWRWONINDEA01,1,2042,0.0109188397382
GLOBAL,S2D2,PWRWONINDNO01,1,2042,5.2028692957
GLOBAL,S2D2,PWRWONINDSO01,1,2042,12.3329369573
GLOBAL,S2D2,PWRWONINDWE01,1,2042,20.6478199132
GLOBAL,S2D2,RNWBIOINDNO,1,2042,2.8763916725
GLOBAL,S2D2,RNWBIOINDWE,1,2042,3.309281406
GLOBAL,S2D2,RNWCSPINDNO,1,2042,0.000834773688
GLOBAL,S2D2,RNWHYDINDEA,1,2042,20.644966141199998
GLOBAL,S2D2,RNWHYDINDNE,1,2042,12.424566988
GLOBAL,S2D2,RNWHYDINDNO,1,2042,80.305461726
GLOBAL,S2D2,RNWHYDINDSO,1,2042,46.475310627999995
GLOBAL,S2D2,RNWHYDINDWE,1,2042,22.128399431699997
GLOBAL,S2D2,RNWSPVINDEA,1,2042,0.85539350162
GLOBAL,S2D2,RNWSPVINDNE,1,2042,0.0023898378153599997
GLOBAL,S2D2,RNWSPVINDNO,1,2042,0.64759032035
GLOBAL,S2D2,RNWSPVINDSO,1,2042,1.72074114653
GLOBAL,S2D2,RNWSPVINDWE,1,2042,0.89849806382
GLOBAL,S2D2,RNWWOFINDNE,1,2042,567.5876458500001
GLOBAL,S2D2,RNWWONINDEA,1,2042,0.0109188397382
GLOBAL,S2D2,RNWWONINDNO,1,2042,5.2028692957
GLOBAL,S2D2,RNWWONINDSO,1,2042,12.3329369573
GLOBAL,S2D2,RNWWONINDWE,1,2042,20.6478199132
GLOBAL,S2D2,TRNINDEAINDNE,2,2042,234.77016196799997
GLOBAL,S2D2,TRNINDEAINDNO,1,2042,63.983816972
GLOBAL,S2D2,TRNINDNEINDNO,1,2042,230.55654239999998
GLOBAL,S2D2,MINCOAINT,1,2043,4679.7759133
GLOBAL,S2D2,MINGASINT,1,2043,3244.7291842
GLOBAL,S2D2,MINURNINT,1,2043,286.98088373
GLOBAL,S2D2,PWRBIOINDNO01,1,2043,0.8586243647999999
GLOBAL,S2D2,PWRBIOINDWE01,1,2043,0.8824750416
GLOBAL,S2D2,PWRCCGINDNO01,2,2043,414.86233981
GLOBAL,S2D2,PWRCCGINDSO01,2,2043,816.34374103
GLOBAL,S2D2,PWRCCGINDWE01,2,2043,391.15851125999995
GLOBAL,S2D2,PWRCOAINDEA01,2,2043,352.78473161
GLOBAL,S2D2,PWRCOAINDNO01,2,2043,311.85554031
GLOBAL,S2D2,PWRCOAINDSO01,2,2043,342.68651317
GLOBAL,S2D2,PWRCOAINDWE01,2,2043,589.19917045
GLOBAL,S2D2,PWRCSPINDNO01,1,2043,0.000834773688
GLOBAL,S2D2,PWRHYDINDEA01,1,2043,20.644966141199998
GLOBAL,S2D2,PWRHYDINDNE01,1,2043,10.6907041121
GLOBAL,S2D2,PWRHYDINDNO01,1,2043,80.305461726
GLOBAL,S2D2,PWRHYDINDSO01,1,2043,46.475310627999995
GLOBAL,S2D2,PWRHYDINDWE01,1,2043,22.128399431699997
GLOBAL,S2D2,PWRSPVINDEA01,1,2043,0.87699829515
GLOBAL,S2D2,PWRSPVINDNE01,1,2043,0.0023898378153599997
GLOBAL,S2D2,PWRSPVINDNO01,1,2043,0.67489668311
GLOBAL,S2D2,PWRSPVINDSO01,1,2043,1.80438674166
GLOBAL,S2D2,PWRSPVINDWE01,1,2043,0.94374134158
GLOBAL,S2D2,PWRTRNINDEA,1,2043,617.02695164
GLOBAL,S2D2,PWRTRNINDNE,1,2043,616.99680048
GLOBAL,S2D2,PWRTRNINDNO,1,2043,1139.9595950799999
GLOBAL,S2D2,PWRTRNINDSO,1,2043,1292.59749805
GLOBAL,S2D2,PWRTRNINDWE,1,2043,1047.26159315
GLOBAL,S2D2,PWRURNINDNO01,2,2043,32.754929472
GLOBAL,S2D2,PWRURNINDSO01,2,2043,73.30108003199999
GLOBAL,S2D2,PWRURNINDWE01,2,2043,23.214658752
GLOBAL,S2D2,PWRWOFINDNE01,1,2043,606.30370167
GLOBAL,S2D2,PWRWONINDEA01,1,2043,0.0109188397382
GLOBAL,S2D2,PWRWONINDNO01,1,2043,4.8163548698
GLOBAL,S2D2,PWRWONINDSO01,1,2043,11.986446179499998
GLOBAL,S2D2,PWRWONINDWE01,1,2043,19.7346443857
GLOBAL,S2D2,RNWBIOINDNO,1,2043,2.8763916725
GLOBAL,S2D2,RNWBIOINDWE,1,2043,3.309281406
GLOBAL,S2D2,RNWCSPINDNO,1,2043,0.000834773688
GLOBAL,S2D2,RNWHYDINDEA,1,2043,20.644966141199998
GLOBAL,S2D2,RNWHYDINDNE,1,2043,10.6907041121
GLOBAL,S2D2,RNWHYDINDNO,1,2043,80.305461726
GLOBAL,S2D2,RNWHYDINDSO,1,2043,46.475310627999995
GLOBAL,S2D2,RNWHYDINDWE,1,2043,22.128399431699997
GLOBAL,S2D2,RNWSPVINDEA,1,2043,0.87699829515
GLOBAL,S2D2,RNWSPVINDNE,1,2043,0.0023898378153599997
GLOBAL,S2D2,RNWSPVINDNO,1,2043,0.67489668311
GLOBAL,S2D2,RNWSPVINDSO,1,2043,1.80438674166
GLOBAL,S2D2,RNWSPVINDWE,1,2043,0.94374134158
GLOBAL,S2D2,RNWWOFINDNE,1,2043,606.30370167
GLOBAL,S2D2,RNWWONINDEA,1,2043,0.0109188397382
GLOBAL,S2D2,RNWWONINDNO,1,2043,4.8163548698
GLOBAL,S2D2,RNWWONINDSO,1,2043,11.986446179499998
GLOBAL,S2D2,RNWWONINDWE,1,2043,19.7346443857
GLOBAL,S2D2,TRNINDEAINDNE,2,2043,250.670613168
GLOBAL,S2D2,TRNINDEAINDNO,1,2043,67.139940065
GLOBAL,S2D2,TRNINDNEINDNO,1,2043,246.45699359999998
GLOBAL,S2D2,MINCOAINT,1,2044,4618.208807599999
GLOBAL,S2D2,MINGASINT,1,2044,3605.7202497999997
GLOBAL,S2D2,MINURNINT,1,2044,286.98088373
GLOBAL,S2D2,PWRBIOINDNO01,1,2044,0.8586243647999999
GLOBAL,S2D2,PWRBIOINDWE01,1,2044,0.8824750416
GLOBAL,S2D2,PWRCCGINDNO01,2,2044,463.86984872
GLOBAL,S2D2,PWRCCGINDSO01,2,2044,878.7933227799999
GLOBAL,S2D2,PWRCCGINDWE01,2,2044,460.1969534
GLOBAL,S2D2,PWRCOAINDEA01,2,2044,352.35656496999997
GLOBAL,S2D2,PWRCOAINDNO01,2,2044,304.46185067
GLOBAL,S2D2,PWRCOAINDSO01,2,2044,342.06639758999995
GLOBAL,S2D2,PWRCOAINDWE01,2,2044,576.69347264
GLOBAL,S2D2,PWRCSPINDNO01,1,2044,0.00059626692
GLOBAL,S2D2,PWRHYDINDEA01,1,2044,20.644966141199998
GLOBAL,S2D2,PWRHYDINDNE01,1,2044,10.6907041121
GLOBAL,S2D2,PWRHYDINDNO01,1,2044,80.305461726
GLOBAL,S2D2,PWRHYDINDSO01,1,2044,46.475310627999995
GLOBAL,S2D2,PWRHYDINDWE01,1,2044,22.128399431699997
GLOBAL,S2D2,PWRSPVINDEA01,1,2044,0.89641175985
GLOBAL,S2D2,PWRSPVINDNE01,1,2044,0.0023898378153599997
GLOBAL,S2D2,PWRSPVINDNO01,1,2044,0.7066036782599999
GLOBAL,S2D2,PWRSPVINDSO01,1,2044,1.89544402637
GLOBAL,S2D2,PWRSPVINDWE01,1,2044,0.9935889485299999
GLOBAL,S2D2,PWRTRNINDEA,1,2044,632.01364118
GLOBAL,S2D2,PWRTRNINDNE,1,2044,654.0843155099999
GLOBAL,S2D2,PWRTRNINDNO,1,2044,1186.85838833
GLOBAL,S2D2,PWRTRNINDSO,1,2044,1348.3024972399999
GLOBAL,S2D2,PWRTRNINDWE,1,2044,1096.21200141
GLOBAL,S2D2,PWRURNINDNO01,2,2044,32.754929472
GLOBAL,S2D2,PWRURNINDSO01,2,2044,73.30108003199999
GLOBAL,S2D2,PWRURNINDWE01,2,2044,23.214658752
GLOBAL,S2D2,PWRWOFINDNE01,1,2044,643.3912167
GLOBAL,S2D2,PWRWONINDEA01,1,2044,0.0109188397382
GLOBAL,S2D2,PWRWONINDNO01,1,2044,2.3972124462399997
GLOBAL,S2D2,PWRWONINDSO01,1,2044,5.7709360576
GLOBAL,S2D2,PWRWONINDWE01,1,2044,12.102448734
GLOBAL,S2D2,RNWBIOINDNO,1,2044,2.8763916725
GLOBAL,S2D2,RNWBIOINDWE,1,2044,3.309281406
GLOBAL,S2D2,RNWCSPINDNO,1,2044,0.00059626692
GLOBAL,S2D2,RNWHYDINDEA,1,2044,20.644966141199998
GLOBAL,S2D2,RNWHYDINDNE,1,2044,10.6907041121
GLOBAL,S2D2,RNWHYDINDNO,1,2044,80.305461726
GLOBAL,S2D2,RNWHYDINDSO,1,2044,46.475310627999995
GLOBAL,S2D2,RNWHYDINDWE,1,2044,22.128399431699997
GLOBAL,S2D2,RNWSPVINDEA,1,2044,0.89641175985
GLOBAL,S2D2,RNWSPVINDNE,1,2044,0.0023898378153599997
GLOBAL,S2D2,RNWSPVINDNO,1,2044,0.7066036782599999
GLOBAL,S2D2,RNWSPVINDSO,1,2044,1.89544402637
GLOBAL,S2D2,RNWSPVINDWE,1,2044,0.9935889485299999
GLOBAL,S2D2,RNWWOFINDNE,1,2044,643.3912167
GLOBAL,S2D2,RNWWONINDEA,1,2044,0.0109188397382
GLOBAL,S2D2,RNWWONINDNO,1,2044,2.3972124462399997
GLOBAL,S2D2,RNWWONINDSO,1,2044,5.7709360576
GLOBAL,S2D2,RNWWONINDWE,1,2044,12.102448734
GLOBAL,S2D2,TRNINDEAINDNE,2,2044,266.57106941
GLOBAL,S2D2,TRNINDEAINDNO,1,2044,59.483231974
GLOBAL,S2D2,TRNINDNEINDNO,1,2044,262.3574448
GLOBAL,S2D2,MINCOAINT,1,2045,4491.128726999999
GLOBAL,S2D2,MINGASINT,1,2045,3983.7252923
GLOBAL,S2D2,MINURNINT,1,2045,283.09798911
GLOBAL,S2D2,PWRBIOINDNO01,1,2045,0.8586243647999999
GLOBAL,S2D2,PWRBIOINDWE01,1,2045,0.8824750416
GLOBAL,S2D2,PWRCCGINDNO01,2,2045,522.7723582599999
GLOBAL,S2D2,PWRCCGINDSO01,2,2045,945.5832598100001
GLOBAL,S2D2,PWRCCGINDWE01,2,2045,523.50700287
GLOBAL,S2D2,PWRCOAINDEA01,2,2045,341.0091154
GLOBAL,S2D2,PWRCOAINDNO01,2,2045,295.2554864
GLOBAL,S2D2,PWRCOAINDSO01,2,2045,333.04290665999997
GLOBAL,S2D2,PWRCOAINDWE01,2,2045,562.8998211400001
GLOBAL,S2D2,PWRHYDINDEA01,1,2045,20.644966141199998
GLOBAL,S2D2,PWRHYDINDNE01,1,2045,12.725525984799999
GLOBAL,S2D2,PWRHYDINDNO01,1,2045,80.305461726
GLOBAL,S2D2,PWRHYDINDSO01,1,2045,46.475310627999995
GLOBAL,S2D2,PWRHYDINDWE01,1,2045,22.128399431699997
GLOBAL,S2D2,PWRSPVINDEA01,1,2045,0.91639580248
GLOBAL,S2D2,PWRSPVINDNE01,1,2045,0.0023898378153599997
GLOBAL,S2D2,PWRSPVINDNO01,1,2045,0.74489754221
GLOBAL,S2D2,PWRSPVINDSO01,1,2045,1.9225935072999998
GLOBAL,S2D2,PWRSPVINDWE01,1,2045,1.07669164631
GLOBAL,S2D2,PWRTRNINDEA,1,2045,636.08160241
GLOBAL,S2D2,PWRTRNINDNE,1,2045,691.05571328
GLOBAL,S2D2,PWRTRNINDNO,1,2045,1233.6844003099998
GLOBAL,S2D2,PWRTRNINDSO,1,2045,1403.96748816
GLOBAL,S2D2,PWRTRNINDWE,1,2045,1145.19840955
GLOBAL,S2D2,PWRURNINDNO01,2,2045,32.754929472
GLOBAL,S2D2,PWRURNINDSO01,2,2045,71.5520304
GLOBAL,S2D2,PWRURNINDWE01,2,2045,23.214658752
GLOBAL,S2D2,PWRWOFINDNE01,1,2045,678.32778932
GLOBAL,S2D2,PWRWONINDEA01,1,2045,0.0109188397382
GLOBAL,S2D2,PWRWONINDNO01,1,2045,2.26289180154
GLOBAL,S2D2,PWRWONINDSO01,1,2045,5.391395474
GLOBAL,S2D2,PWRWONINDWE01,1,2045,11.4893576684
GLOBAL,S2D2,RNWBIOINDNO,1,2045,2.8763916725
GLOBAL,S2D2,RNWBIOINDWE,1,2045,3.309281406
GLOBAL,S2D2,RNWHYDINDEA,1,2045,20.644966141199998
GLOBAL,S2D2,RNWHYDINDNE,1,2045,12.725525984799999
GLOBAL,S2D2,RNWHYDINDNO,1,2045,80.305461726
GLOBAL,S2D2,RNWHYDINDSO,1,2045,46.475310627999995
GLOBAL,S2D2,RNWHYDINDWE,1,2045,22.128399431699997
GLOBAL,S2D2,RNWSPVINDEA,1,2045,0.91639580248
GLOBAL,S2D2,RNWSPVINDNE,1,2045,0.0023898378153599997
GLOBAL,S2D2,RNWSPVINDNO,1,2045,0.74489754221
GLOBAL,S2D2,RNWSPVINDSO,1,2045,1.9225935072999998
GLOBAL,S2D2,RNWSPVINDWE,1,2045,1.07669164631
GLOBAL,S2D2,RNWWOFINDNE,1,2045,678.32778932
GLOBAL,S2D2,RNWWONINDEA,1,2045,0.0109188397382
GLOBAL,S2D2,RNWWONINDNO,1,2045,2.26289180154
GLOBAL,S2D2,RNWWONINDSO,1,2045,5.391395474
GLOBAL,S2D2,RNWWONINDWE,1,2045,11.4893576684
GLOBAL,S2D2,TRNINDEAINDNE,2,2045,282.47152060999997
GLOBAL,S2D2,TRNINDEAINDNO,1,2045,40.728406254999996
GLOBAL,S2D2,TRNINDNEINDNO,1,2045,278.25789599999996
GLOBAL,S2D2,MINCOAINT,1,2046,4213.1940232
GLOBAL,S2D2,MINGASINT,1,2046,4512.686806399999
GLOBAL,S2D2,MINURNINT,1,2046,283.09798911
GLOBAL,S2D2,PWRBIOINDNO01,1,2046,0.8586243647999999
GLOBAL,S2D2,PWRBIOINDWE01,1,2046,0.8824750416
GLOBAL,S2D2,PWRCCGINDNO01,2,2046,597.10358948
GLOBAL,S2D2,PWRCCGINDSO01,2,2046,1026.18620962
GLOBAL,S2D2,PWRCCGINDWE01,2,2046,633.0536293099999
GLOBAL,S2D2,PWRCOAINDEA01,2,2046,319.78191725
GLOBAL,S2D2,PWRCOAINDNO01,2,2046,268.14520702
GLOBAL,S2D2,PWRCOAINDSO01,2,2046,319.41622099
GLOBAL,S2D2,PWRCOAINDWE01,2,2046,530.0653843700001
GLOBAL,S2D2,PWRHYDINDEA01,1,2046,20.644966141199998
GLOBAL,S2D2,PWRHYDINDNE01,1,2046,10.6907041121
GLOBAL,S2D2,PWRHYDINDNO01,1,2046,80.305461726
GLOBAL,S2D2,PWRHYDINDSO01,1,2046,46.475310627999995
GLOBAL,S2D2,PWRHYDINDWE01,1,2046,22.128399431699997
GLOBAL,S2D2,PWRSPVINDEA01,1,2046,0.95559760458
GLOBAL,S2D2,PWRSPVINDNE01,1,2046,0.0023898378153599997
GLOBAL,S2D2,PWRSPVINDNO01,1,2046,0.84040814821
GLOBAL,S2D2,PWRSPVINDSO01,1,2046,1.9225935072999998
GLOBAL,S2D2,PWRSPVINDWE01,1,2046,1.18030426732
GLOBAL,S2D2,PWRTRNINDEA,1,2046,630.2890755000001
GLOBAL,S2D2,PWRTRNINDNE,1,2046,729.10980492
GLOBAL,S2D2,PWRTRNINDNO,1,2046,1291.7606016799998
GLOBAL,S2D2,PWRTRNINDSO,1,2046,1470.3350064299998
GLOBAL,S2D2,PWRTRNINDWE,1,2046,1218.35003966
GLOBAL,S2D2,PWRURNINDNO01,2,2046,32.754929472
GLOBAL,S2D2,PWRURNINDSO01,2,2046,71.5520304
GLOBAL,S2D2,PWRURNINDWE01,2,2046,23.214658752
GLOBAL,S2D2,PWRWOFINDNE01,1,2046,718.41673132
GLOBAL,S2D2,PWRWONINDEA01,1,2046,0.0109188397382
GLOBAL,S2D2,PWRWONINDNO01,1,2046,0.83333628943
GLOBAL,S2D2,PWRWONINDSO01,1,2046,4.7826380074
GLOBAL,S2D2,PWRWONINDWE01,1,2046,7.8251686219
GLOBAL,S2D2,RNWBIOINDNO,1,2046,2.8763916725
GLOBAL,S2D2,RNWBIOINDWE,1,2046,3.309281406
GLOBAL,S2D2,RNWHYDINDEA,1,2046,20.644966141199998
GLOBAL,S2D2,RNWHYDINDNE,1,2046,10.6907041121
GLOBAL,S2D2,RNWHYDINDNO,1,2046,80.305461726
GLOBAL,S2D2,RNWHYDINDSO,1,2046,46.475310627999995
GLOBAL,S2D2,RNWHYDINDWE,1,2046,22.128399431699997
GLOBAL,S2D2,RNWSPVINDEA,1,2046,0.95559760458
GLOBAL,S2D2,RNWSPVINDNE,1,2046,0.0023898378153599997
GLOBAL,S2D2,RNWSPVINDNO,1,2046,0.84040814821
GLOBAL,S2D2,RNWSPVINDSO,1,2046,1.9225935072999998
GLOBAL,S2D2,RNWSPVINDWE,1,2046,1.18030426732
GLOBAL,S2D2,RNWWOFINDNE,1,2046,718.41673132
GLOBAL,S2D2,RNWWONINDEA,1,2046,0.0109188397382
GLOBAL,S2D2,RNWWONINDNO,1,2046,0.83333628943
GLOBAL,S2D2,RNWWONINDSO,1,2046,4.7826380074
GLOBAL,S2D2,RNWWONINDWE,1,2046,7.8251686219
GLOBAL,S2D2,TRNINDEAINDNE,2,2046,298.37197181
GLOBAL,S2D2,TRNINDEAINDNO,1,2046,6.0706799324
GLOBAL,S2D2,TRNINDNEINDNO,1,2046,294.15834720000004
GLOBAL,S2D2,TRNINDNOINDWE,2,2046,31.6244324
GLOBAL,S2D2,MINCOAINT,1,2047,3860.7342737
GLOBAL,S2D2,MINGASINT,1,2047,5094.2525149
GLOBAL,S2D2,MINURNINT,1,2047,279.21509449
GLOBAL,S2D2,PWRBIOINDNO01,1,2047,0.8586243647999999
GLOBAL,S2D2,PWRBIOINDWE01,1,2047,0.8824750416
GLOBAL,S2D2,PWRCCGINDEA01,2,2047,42.850556323999996
GLOBAL,S2D2,PWRCCGINDNO01,2,2047,628.33109043
GLOBAL,S2D2,PWRCCGINDSO01,2,2047,1107.7344083799999
GLOBAL,S2D2,PWRCCGINDWE01,2,2047,768.21013677
GLOBAL,S2D2,PWRCOAINDEA01,2,2047,281.77983384
GLOBAL,S2D2,PWRCOAINDNO01,2,2047,238.467016872
GLOBAL,S2D2,PWRCOAINDSO01,2,2047,303.35677031999995
GLOBAL,S2D2,PWRCOAINDWE01,2,2047,493.47846431
GLOBAL,S2D2,PWRHYDINDEA01,1,2047,20.644966141199998
GLOBAL,S2D2,PWRHYDINDNE01,1,2047,12.8895354381
GLOBAL,S2D2,PWRHYDINDNO01,1,2047,80.305461726
GLOBAL,S2D2,PWRHYDINDSO01,1,2047,46.475310627999995
GLOBAL,S2D2,PWRHYDINDWE01,1,2047,22.128399431699997
GLOBAL,S2D2,PWRSPVINDEA01,1,2047,0.9867864838099999
GLOBAL,S2D2,PWRSPVINDNE01,1,2047,0.0023898378153599997
GLOBAL,S2D2,PWRSPVINDNO01,1,2047,0.8971272700699999
GLOBAL,S2D2,PWRSPVINDSO01,1,2047,1.9225935072999998
GLOBAL,S2D2,PWRSPVINDWE01,1,2047,1.28997482612
GLOBAL,S2D2,PWRTRNINDEA,1,2047,650.56419279
GLOBAL,S2D2,PWRTRNINDNE,1,2047,766.73192321
GLOBAL,S2D2,PWRTRNINDNO,1,2047,1345.9185892199998
GLOBAL,S2D2,PWRTRNINDSO,1,2047,1533.07999896
GLOBAL,S2D2,PWRTRNINDWE,1,2047,1315.8188828300001
GLOBAL,S2D2,PWRURNINDNO01,2,2047,32.754929472
GLOBAL,S2D2,PWRURNINDSO01,2,2047,69.802980768
GLOBAL,S2D2,PWRURNINDWE01,2,2047,23.214658752
GLOBAL,S2D2,PWRWOFINDNE01,1,2047,753.83998299
GLOBAL,S2D2,PWRWONINDEA01,1,2047,0.0109188397382
GLOBAL,S2D2,PWRWONINDNO01,1,2047,0.54276507313
GLOBAL,S2D2,PWRWONINDSO01,1,2047,3.7879429197
GLOBAL,S2D2,PWRWONINDWE01,1,2047,6.6147800514999995
GLOBAL,S2D2,RNWBIOINDNO,1,2047,2.8763916725
GLOBAL,S2D2,RNWBIOINDWE,1,2047,3.309281406
GLOBAL,S2D2,RNWHYDINDEA,1,2047,20.644966141199998
GLOBAL,S2D2,RNWHYDINDNE,1,2047,12.8895354381
GLOBAL,S2D2,RNWHYDINDNO,1,2047,80.305461726
GLOBAL,S2D2,RNWHYDINDSO,1,2047,46.475310627999995
GLOBAL,S2D2,RNWHYDINDWE,1,2047,22.128399431699997
GLOBAL,S2D2,RNWSPVINDEA,1,2047,0.9867864838099999
GLOBAL,S2D2,RNWSPVINDNE,1,2047,0.0023898378153599997
GLOBAL,S2D2,RNWSPVINDNO,1,2047,0.8971272700699999
GLOBAL,S2D2,RNWSPVINDSO,1,2047,1.9225935072999998
GLOBAL,S2D2,RNWSPVINDWE,1,2047,1.28997482612
GLOBAL,S2D2,RNWWOFINDNE,1,2047,753.83998299
GLOBAL,S2D2,RNWWONINDEA,1,2047,0.0109188397382
GLOBAL,S2D2,RNWWONINDNO,1,2047,0.54276507313
GLOBAL,S2D2,RNWWONINDSO,1,2047,3.7879429197
GLOBAL,S2D2,RNWWONINDWE,1,2047,6.6147800514999995
GLOBAL,S2D2,TRNINDEAINDNE,2,2047,314.27242300999995
GLOBAL,S2D2,TRNINDNEINDNO,1,2047,310.0587984
GLOBAL,S2D2,TRNINDNOINDWE,2,2047,77.771675214
GLOBAL,S2D2,MINCOAINT,1,2048,3450.858245
GLOBAL,S2D2,MINGASINT,1,2048,5707.8951753
GLOBAL,S2D2,MINURNINT,1,2048,279.21509449
GLOBAL,S2D2,PWRBIOINDNO01,1,2048,0.8586243647999999
GLOBAL,S2D2,PWRBIOINDWE01,1,2048,0.8824750416
GLOBAL,S2D2,PWRCCGINDEA01,2,2048,63.992615262
GLOBAL,S2D2,PWRCCGINDNO01,2,2048,690.39127852
GLOBAL,S2D2,PWRCCGINDSO01,2,2048,1199.71468161
GLOBAL,S2D2,PWRCCGINDWE01,2,2048,899.8490173
GLOBAL,S2D2,PWRCOAINDEA01,2,2048,265.64089604
GLOBAL,S2D2,PWRCOAINDNO01,2,2048,209.965458096
GLOBAL,S2D2,PWRCOAINDSO01,2,2048,281.21538194000004
GLOBAL,S2D2,PWRCOAINDWE01,2,2048,420.60669041
GLOBAL,S2D2,PWRHYDINDEA01,1,2048,20.644966141199998
GLOBAL,S2D2,PWRHYDINDNE01,1,2048,12.8895354381
GLOBAL,S2D2,PWRHYDINDNO01,1,2048,80.305461726
GLOBAL,S2D2,PWRHYDINDSO01,1,2048,46.475310627999995
GLOBAL,S2D2,PWRHYDINDWE01,1,2048,22.128399431699997
GLOBAL,S2D2,PWRSPVINDEA01,1,2048,1.06089311914
GLOBAL,S2D2,PWRSPVINDNE01,1,2048,0.0023898378153599997
GLOBAL,S2D2,PWRSPVINDNO01,1,2048,0.9345200782
GLOBAL,S2D2,PWRSPVINDSO01,1,2048,1.9225935072999998
GLOBAL,S2D2,PWRSPVINDWE01,1,2048,1.3876292400999999
GLOBAL,S2D2,PWRTRNINDEA,1,2048,676.89439914
GLOBAL,S2D2,PWRTRNINDNE,1,2048,804.3432264099999
GLOBAL,S2D2,PWRTRNINDNO,1,2048,1400.0558037199999
GLOBAL,S2D2,PWRTRNINDSO,1,2048,1602.03507163
GLOBAL,S2D2,PWRTRNINDWE,1,2048,1373.44884199
GLOBAL,S2D2,PWRURNINDNO01,2,2048,32.754929472
GLOBAL,S2D2,PWRURNINDSO01,2,2048,69.802980768
GLOBAL,S2D2,PWRURNINDWE01,2,2048,23.214658752
GLOBAL,S2D2,PWRWOFINDNE01,1,2048,791.45128619
GLOBAL,S2D2,PWRWONINDEA01,1,2048,0.0109188397382
GLOBAL,S2D2,PWRWONINDNO01,1,2048,0.34265472335999997
GLOBAL,S2D2,PWRWONINDSO01,1,2048,2.9041251935
GLOBAL,S2D2,PWRWONINDWE01,1,2048,5.379982907
GLOBAL,S2D2,RNWBIOINDNO,1,2048,2.8763916725
GLOBAL,S2D2,RNWBIOINDWE,1,2048,3.309281406
GLOBAL,S2D2,RNWHYDINDEA,1,2048,20.644966141199998
GLOBAL,S2D2,RNWHYDINDNE,1,2048,12.8895354381
GLOBAL,S2D2,RNWHYDINDNO,1,2048,80.305461726
GLOBAL,S2D2,RNWHYDINDSO,1,2048,46.475310627999995
GLOBAL,S2D2,RNWHYDINDWE,1,2048,22.128399431699997
GLOBAL,S2D2,RNWSPVINDEA,1,2048,1.06089311914
GLOBAL,S2D2,RNWSPVINDNE,1,2048,0.0023898378153599997
GLOBAL,S2D2,RNWSPVINDNO,1,2048,0.9345200782
GLOBAL,S2D2,RNWSPVINDSO,1,2048,1.9225935072999998
GLOBAL,S2D2,RNWSPVINDWE,1,2048,1.3876292400999999
GLOBAL,S2D2,RNWWOFINDNE,1,2048,791.45128619
GLOBAL,S2D2,RNWWONINDEA,1,2048,0.0109188397382
GLOBAL,S2D2,RNWWONINDNO,1,2048,0.34265472335999997
GLOBAL,S2D2,RNWWONINDSO,1,2048,2.9041251935
GLOBAL,S2D2,RNWWONINDWE,1,2048,5.379982907
GLOBAL,S2D2,TRNINDEAINDNE,2,2048,330.17287421
GLOBAL,S2D2,TRNINDEAINDSO,2,2048,6.2800610832
GLOBAL,S2D2,TRNINDNEINDNO,1,2048,325.9592496
GLOBAL,S2D2,TRNINDNOINDWE,2,2048,83.964839444
GLOBAL,S2D2,MINCOAINT,1,2049,3028.3608298
GLOBAL,S2D2,MINGASINT,1,2049,6315.1700418
GLOBAL,S2D2,MINURNINT,1,2049,279.21509449
GLOBAL,S2D2,PWRBIOINDNO01,1,2049,0.8586243647999999
GLOBAL,S2D2,PWRBIOINDWE01,1,2049,0.8824750416
GLOBAL,S2D2,PWRCCGINDEA01,2,2049,91.620634933
GLOBAL,S2D2,PWRCCGINDNO01,2,2049,738.51439542
GLOBAL,S2D2,PWRCCGINDSO01,2,2049,1279.91611175
GLOBAL,S2D2,PWRCCGINDWE01,2,2049,1047.53388636
GLOBAL,S2D2,PWRCOAINDEA01,2,2049,247.95958523
GLOBAL,S2D2,PWRCOAINDNO01,2,2049,197.722110672
GLOBAL,S2D2,PWRCOAINDSO01,2,2049,258.96269141
GLOBAL,S2D2,PWRCOAINDWE01,2,2049,328.8213409
GLOBAL,S2D2,PWRHYDINDEA01,1,2049,20.644966141199998
GLOBAL,S2D2,PWRHYDINDNE01,1,2049,12.8895354381
GLOBAL,S2D2,PWRHYDINDNO01,1,2049,80.305461726
GLOBAL,S2D2,PWRHYDINDSO01,1,2049,53.338264222
GLOBAL,S2D2,PWRHYDINDWE01,1,2049,22.128399431699997
GLOBAL,S2D2,PWRSPVINDEA01,1,2049,1.2617551302699999
GLOBAL,S2D2,PWRSPVINDNE01,1,2049,0.0023898378153599997
GLOBAL,S2D2,PWRSPVINDNO01,1,2049,0.97186327305
GLOBAL,S2D2,PWRSPVINDSO01,1,2049,1.9225935072999998
GLOBAL,S2D2,PWRSPVINDWE01,1,2049,1.45028720771
GLOBAL,S2D2,PWRTRNINDEA,1,2049,703.22200886
GLOBAL,S2D2,PWRTRNINDNE,1,2049,841.93831958
GLOBAL,S2D2,PWRTRNINDNO,1,2049,1454.208598
GLOBAL,S2D2,PWRTRNINDSO,1,2049,1665.4512299899998
GLOBAL,S2D2,PWRTRNINDWE,1,2049,1428.53228863
GLOBAL,S2D2,PWRURNINDNO01,2,2049,32.754929472
GLOBAL,S2D2,PWRURNINDSO01,2,2049,69.802980768
GLOBAL,S2D2,PWRURNINDWE01,2,2049,23.214658752
GLOBAL,S2D2,PWRWOFINDNE01,1,2049,829.04640457
GLOBAL,S2D2,PWRWONINDEA01,1,2049,0.0109188397382
GLOBAL,S2D2,PWRWONINDNO01,1,2049,0.34265472335999997
GLOBAL,S2D2,PWRWONINDSO01,1,2049,1.50856723193
GLOBAL,S2D2,PWRWONINDWE01,1,2049,4.5012666764
GLOBAL,S2D2,RNWBIOINDNO,1,2049,2.8763916725
GLOBAL,S2D2,RNWBIOINDWE,1,2049,3.309281406
GLOBAL,S2D2,RNWHYDINDEA,1,2049,20.644966141199998
GLOBAL,S2D2,RNWHYDINDNE,1,2049,12.8895354381
GLOBAL,S2D2,RNWHYDINDNO,1,2049,80.305461726
GLOBAL,S2D2,RNWHYDINDSO,1,2049,53.338264222
GLOBAL,S2D2,RNWHYDINDWE,1,2049,22.128399431699997
GLOBAL,S2D2,RNWSPVINDEA,1,2049,1.2617551302699999
GLOBAL,S2D2,RNWSPVINDNE,1,2049,0.0023898378153599997
GLOBAL,S2D2,RNWSPVINDNO,1,2049,0.97186327305
GLOBAL,S2D2,RNWSPVINDSO,1,2049,1.9225935072999998
GLOBAL,S2D2,RNWSPVINDWE,1,2049,1.45028720771
GLOBAL,S2D2,RNWWOFINDNE,1,2049,829.04640457
GLOBAL,S2D2,RNWWONINDEA,1,2049,0.0109188397382
GLOBAL,S2D2,RNWWONINDNO,1,2049,0.34265472335999997
GLOBAL,S2D2,RNWWONINDSO,1,2049,1.50856723193
GLOBAL,S2D2,RNWWONINDWE,1,2049,4.5012666764
GLOBAL,S2D2,TRNINDEAINDNE,2,2049,346.07332540999994
GLOBAL,S2D2,TRNINDEAINDSO,2,2049,7.1212217247
GLOBAL,S2D2,TRNINDNEINDNO,1,2049,341.8597008
GLOBAL,S2D2,TRNINDNOINDWE,2,2049,87.510694011
GLOBAL,S2D2,MINCOAINT,1,2050,2546.7406705
GLOBAL,S2D2,MINGASINT,1,2050,6806.6795799
GLOBAL,S2D2,MINURNINT,1,2050,279.21509449
GLOBAL,S2D2,PWRBIOINDNO01,1,2050,0.8586243647999999
GLOBAL,S2D2,PWRBIOINDWE01,1,2050,0.8824750416
GLOBAL,S2D2,PWRCCGINDEA01,2,2050,130.457537409
GLOBAL,S2D2,PWRCCGINDNO01,2,2050,808.0967180999999
GLOBAL,S2D2,PWRCCGINDSO01,2,2050,1275.22949712
GLOBAL,S2D2,PWRCCGINDWE01,2,2050,1189.5560852199999
GLOBAL,S2D2,PWRCOAINDEA01,2,2050,219.38647543199997
GLOBAL,S2D2,PWRCOAINDNO01,2,2050,164.092656384
GLOBAL,S2D2,PWRCOAINDSO01,2,2050,242.42622972499998
GLOBAL,S2D2,PWRCOAINDWE01,2,2050,243.396156744
GLOBAL,S2D2,PWRHYDINDEA01,1,2050,20.644966141199998
GLOBAL,S2D2,PWRHYDINDNE01,1,2050,12.8895354381
GLOBAL,S2D2,PWRHYDINDNO01,1,2050,80.305461726
GLOBAL,S2D2,PWRHYDINDSO01,1,2050,137.879527795
GLOBAL,S2D2,PWRHYDINDWE01,1,2050,22.128399431699997
GLOBAL,S2D2,PWRSPVINDEA01,1,2050,1.2959109744
GLOBAL,S2D2,PWRSPVINDNE01,1,2050,0.0023898378153599997
GLOBAL,S2D2,PWRSPVINDNO01,1,2050,1.0092703248300001
GLOBAL,S2D2,PWRSPVINDSO01,1,2050,1.9225935072999998
GLOBAL,S2D2,PWRSPVINDWE01,1,2050,1.51326536753
GLOBAL,S2D2,PWRTRNINDEA,1,2050,729.51581197
GLOBAL,S2D2,PWRTRNINDNE,1,2050,879.52532034
GLOBAL,S2D2,PWRTRNINDNO,1,2050,1508.4393920199998
GLOBAL,S2D2,PWRTRNINDSO,1,2050,1728.74912824
GLOBAL,S2D2,PWRTRNINDWE,1,2050,1483.52245827
GLOBAL,S2D2,PWRURNINDNO01,2,2050,32.754929472
GLOBAL,S2D2,PWRURNINDSO01,2,2050,69.802980768
GLOBAL,S2D2,PWRURNINDWE01,2,2050,23.214658752
GLOBAL,S2D2,PWRWOFINDNE01,1,2050,866.63340533
GLOBAL,S2D2,PWRWONINDNO01,1,2050,0.34265472335999997
GLOBAL,S2D2,PWRWONINDSO01,1,2050,1.48831084567
GLOBAL,S2D2,PWRWONINDWE01,1,2050,2.8314187972
GLOBAL,S2D2,RNWBIOINDNO,1,2050,2.8763916725
GLOBAL,S2D2,RNWBIOINDWE,1,2050,3.309281406
GLOBAL,S2D2,RNWHYDINDEA,1,2050,20.644966141199998
GLOBAL,S2D2,RNWHYDINDNE,1,2050,12.8895354381
GLOBAL,S2D2,RNWHYDINDNO,1,2050,80.305461726
GLOBAL,S2D2,RNWHYDINDSO,1,2050,137.879527795
GLOBAL,S2D2,RNWHYDINDWE,1,2050,22.128399431699997
GLOBAL,S2D2,RNWSPVINDEA,1,2050,1.2959109744
GLOBAL,S2D2,RNWSPVINDNE,1,2050,0.0023898378153599997
GLOBAL,S2D2,RNWSPVINDNO,1,2050,1.0092703248300001
GLOBAL,S2D2,RNWSPVINDSO,1,2050,1.9225935072999998
GLOBAL,S2D2,RNWSPVINDWE,1,2050,1.51326536753
GLOBAL,S2D2,RNWWOFINDNE,1,2050,866.63340533
GLOBAL,S2D2,RNWWONINDNO,1,2050,0.34265472335999997
GLOBAL,S2D2,RNWWONINDSO,1,2050,1.48831084567
GLOBAL,S2D2,RNWWONINDWE,1,2050,2.8314187972
GLOBAL,S2D2,TRNINDEAINDNE,2,2050,361.97377661
GLOBAL,S2D2,TRNINDEAINDSO,2,2050,7.776636346699999
GLOBAL,S2D2,TRNINDNEINDNO,1,2050,357.76015199999995
GLOBAL,S2D2,TRNINDNOINDWE,2,2050,91.061666208
