REGION,TIMESLICE,TECHNOLOGY,FUEL,YEAR,VALUE
GLOBAL,S1D1,PWRBIOINDNO01,BIOINDNO,2021,2.7891864615599995
GLOBAL,S1D1,PWRBIOINDNO01,BIOINDNO,2022,2.7891864615599995
GLOBAL,S1D1,PWRBIOINDNO01,BIOINDNO,2023,2.789186461560001
GLOBAL,S1D1,PWRBIOINDNO01,BIOINDNO,2024,2.789186461560001
GLOBAL,S1D1,PWRBIOINDSO01,BIOINDSO,2021,35.0368374418488
GLOBAL,S1D1,PWRBIOINDSO01,BIOINDSO,2022,35.0368374418488
GLOBAL,S1D1,PWRBIOINDSO01,BIOINDSO,2023,35.0368374418488
GLOBAL,S1D1,PWRBIOINDSO01,BIOINDSO,2024,35.0368374418488
GLOBAL,S1D1,PWRBIOINDSO01,BIOINDSO,2025,32.40596135711183
GLOBAL,S1D1,PWRBIOINDWE01,BIOINDWE,2021,1.6270742970000003
GLOBAL,S1D1,PWRBIOINDWE01,BIOINDWE,2022,1.6270742970000003
GLOBAL,S1D1,PWRBIOINDWE01,BIOINDWE,2023,1.6270742970000003
GLOBAL,S1D1,PWRBIOINDWE01,BIOINDWE,2024,1.6270742970000003
GLOBAL,S1D1,PWRCOAINDEA01,COAINT,2021,447.919194548074
GLOBAL,S1D1,PWRCOAINDEA01,COAINT,2022,495.10480875610926
GLOBAL,S1D1,PWRCOAINDEA01,COAINT,2023,528.4255940439505
GLOBAL,S1D1,PWRCOAINDEA01,COAINT,2024,199.82454188211193
GLOBAL,S1D1,PWRCOAINDNE01,COAINT,2021,17.120925936
GLOBAL,S1D1,PWRCOAINDNE01,COAINT,2022,14.642732626835613
GLOBAL,S1D1,PWRCOAINDNE01,COAINT,2023,17.120925936
GLOBAL,S1D1,PWRCOAINDNO01,COAINT,2021,584.6986682346414
GLOBAL,S1D1,PWRCOAINDNO01,COAINT,2022,696.617067948984
GLOBAL,S1D1,PWRCOAINDNO01,COAINT,2023,697.9241796166409
GLOBAL,S1D1,PWRCOAINDNO01,COAINT,2024,42.51855380038583
GLOBAL,S1D1,PWRCOAINDSO01,COAINT,2021,807.6981450127349
GLOBAL,S1D1,PWRCOAINDSO01,COAINT,2022,892.3087307639782
GLOBAL,S1D1,PWRCOAINDSO01,COAINT,2023,900.6794800375857
GLOBAL,S1D1,PWRCOAINDSO01,COAINT,2024,625.9816998363896
GLOBAL,S1D1,PWRCOAINDSO01,COAINT,2025,229.5151637681562
GLOBAL,S1D1,PWRCOAINDWE01,COAINT,2021,808.0742874370646
GLOBAL,S1D1,PWRCOAINDWE01,COAINT,2022,862.9740605074948
GLOBAL,S1D1,PWRCOAINDWE01,COAINT,2023,874.1055714008402
GLOBAL,S1D1,PWRCOAINDWE01,COAINT,2024,290.3628781582841
GLOBAL,S1D1,PWRCSPINDNO01,CSPINDNO,2021,1.8662454236628
GLOBAL,S1D1,PWRCSPINDNO01,CSPINDNO,2022,1.8662454236628
GLOBAL,S1D1,PWRCSPINDNO01,CSPINDNO,2023,1.8662454236628
GLOBAL,S1D1,PWRCSPINDNO01,CSPINDNO,2024,1.8662454236628
GLOBAL,S1D1,PWRCSPINDNO01,CSPINDNO,2025,1.8662454236628
GLOBAL,S1D1,PWRCSPINDNO01,CSPINDNO,2026,1.8662454236628
GLOBAL,S1D1,PWRCSPINDNO01,CSPINDNO,2027,1.8662454236628
GLOBAL,S1D1,PWRCSPINDNO01,CSPINDNO,2028,1.8662454236628
GLOBAL,S1D1,PWRCSPINDNO01,CSPINDNO,2029,1.8662454236628
GLOBAL,S1D1,PWRCSPINDNO01,CSPINDNO,2030,1.8662454236628
GLOBAL,S1D1,PWRCSPINDNO01,CSPINDNO,2031,1.8662454236628
GLOBAL,S1D1,PWRCSPINDNO01,CSPINDNO,2032,1.8662454236628
GLOBAL,S1D1,PWRCSPINDNO01,CSPINDNO,2033,1.8662454236628
GLOBAL,S1D1,PWRCSPINDNO01,CSPINDNO,2034,1.8662454236628
GLOBAL,S1D1,PWRCSPINDNO01,CSPINDNO,2035,1.8662454236628
GLOBAL,S1D1,PWRCSPINDNO01,CSPINDNO,2036,1.8662454236628
GLOBAL,S1D1,PWRCSPINDNO01,CSPINDNO,2037,1.8662454236628
GLOBAL,S1D1,PWRCSPINDNO01,CSPINDNO,2038,1.8662454236628
GLOBAL,S1D1,PWRCSPINDNO01,CSPINDNO,2039,1.8662454236628
GLOBAL,S1D1,PWRCSPINDNO01,CSPINDNO,2040,0.9344351207088001
GLOBAL,S1D1,PWRCSPINDNO01,CSPINDNO,2041,0.9344351207088001
GLOBAL,S1D1,PWRCSPINDNO01,CSPINDNO,2042,0.91868621418
GLOBAL,S1D1,PWRCSPINDNO01,CSPINDNO,2043,0.91868621418
GLOBAL,S1D1,PWRCSPINDNO01,CSPINDNO,2044,0.6562044387
GLOBAL,S1D1,PWRCSPINDSO01,CSPINDSO,2021,0.47688423840000005
GLOBAL,S1D1,PWRCSPINDSO01,CSPINDSO,2022,0.47688423840000005
GLOBAL,S1D1,PWRCSPINDSO01,CSPINDSO,2023,0.47688423840000005
GLOBAL,S1D1,PWRCSPINDSO01,CSPINDSO,2024,0.47688423840000005
GLOBAL,S1D1,PWRCSPINDSO01,CSPINDSO,2025,0.47688423840000005
GLOBAL,S1D1,PWRCSPINDSO01,CSPINDSO,2026,0.47688423840000005
GLOBAL,S1D1,PWRCSPINDSO01,CSPINDSO,2027,0.47688423840000005
GLOBAL,S1D1,PWRCSPINDSO01,CSPINDSO,2028,0.47688423840000005
GLOBAL,S1D1,PWRCSPINDSO01,CSPINDSO,2029,0.47688423840000005
GLOBAL,S1D1,PWRCSPINDSO01,CSPINDSO,2030,0.47688423840000005
GLOBAL,S1D1,PWRCSPINDSO01,CSPINDSO,2031,0.47688423840000005
GLOBAL,S1D1,PWRCSPINDSO01,CSPINDSO,2032,0.47688423840000005
GLOBAL,S1D1,PWRCSPINDSO01,CSPINDSO,2033,0.47688423840000005
GLOBAL,S1D1,PWRCSPINDSO01,CSPINDSO,2034,0.47688423840000005
GLOBAL,S1D1,PWRCSPINDSO01,CSPINDSO,2035,0.47688423840000005
GLOBAL,S1D1,PWRCSPINDSO01,CSPINDSO,2036,0.47688423840000005
GLOBAL,S1D1,PWRCSPINDSO01,CSPINDSO,2037,0.47688423840000005
GLOBAL,S1D1,PWRCSPINDSO01,CSPINDSO,2038,0.47688423840000005
GLOBAL,S1D1,PWRCSPINDSO01,CSPINDSO,2039,0.47688423840000005
GLOBAL,S1D1,PWRHYDINDEA01,HYDINDEA,2021,9.2296097322192
GLOBAL,S1D1,PWRHYDINDEA01,HYDINDEA,2022,9.2296097322192
GLOBAL,S1D1,PWRHYDINDEA01,HYDINDEA,2023,9.2296097322192
GLOBAL,S1D1,PWRHYDINDEA01,HYDINDEA,2024,10.2547544892912
GLOBAL,S1D1,PWRHYDINDEA01,HYDINDEA,2025,4.074810358836723
GLOBAL,S1D1,PWRHYDINDEA01,HYDINDEA,2026,4.074810358836723
GLOBAL,S1D1,PWRHYDINDEA01,HYDINDEA,2027,4.074810358836723
GLOBAL,S1D1,PWRHYDINDEA01,HYDINDEA,2028,4.074810358836723
GLOBAL,S1D1,PWRHYDINDEA01,HYDINDEA,2029,4.074810358836723
GLOBAL,S1D1,PWRHYDINDEA01,HYDINDEA,2030,4.074810358836723
GLOBAL,S1D1,PWRHYDINDEA01,HYDINDEA,2031,4.074810358836723
GLOBAL,S1D1,PWRHYDINDEA01,HYDINDEA,2032,4.074810358836723
GLOBAL,S1D1,PWRHYDINDEA01,HYDINDEA,2033,10.2547544892912
GLOBAL,S1D1,PWRHYDINDEA01,HYDINDEA,2034,10.2547544892912
GLOBAL,S1D1,PWRHYDINDEA01,HYDINDEA,2035,10.2547544892912
GLOBAL,S1D1,PWRHYDINDEA01,HYDINDEA,2036,10.2547544892912
GLOBAL,S1D1,PWRHYDINDEA01,HYDINDEA,2037,10.2547544892912
GLOBAL,S1D1,PWRHYDINDEA01,HYDINDEA,2038,10.2547544892912
GLOBAL,S1D1,PWRHYDINDEA01,HYDINDEA,2039,10.2547544892912
GLOBAL,S1D1,PWRHYDINDEA01,HYDINDEA,2040,10.2547544892912
GLOBAL,S1D1,PWRHYDINDEA01,HYDINDEA,2041,10.2547544892912
GLOBAL,S1D1,PWRHYDINDEA01,HYDINDEA,2042,10.2547544892912
GLOBAL,S1D1,PWRHYDINDEA01,HYDINDEA,2043,10.2547544892912
GLOBAL,S1D1,PWRHYDINDEA01,HYDINDEA,2044,10.2547544892912
GLOBAL,S1D1,PWRHYDINDEA01,HYDINDEA,2045,10.2547544892912
GLOBAL,S1D1,PWRHYDINDEA01,HYDINDEA,2046,10.2547544892912
GLOBAL,S1D1,PWRHYDINDEA01,HYDINDEA,2047,10.2547544892912
GLOBAL,S1D1,PWRHYDINDEA01,HYDINDEA,2048,10.2547544892912
GLOBAL,S1D1,PWRHYDINDEA01,HYDINDEA,2049,10.2547544892912
GLOBAL,S1D1,PWRHYDINDEA01,HYDINDEA,2050,10.2547544892912
GLOBAL,S1D1,PWRHYDINDNE01,HYDINDNE,2021,2.4522623479710894
GLOBAL,S1D1,PWRHYDINDNE01,HYDINDNE,2022,4.087443603741121
GLOBAL,S1D1,PWRHYDINDNE01,HYDINDNE,2023,8.83752332918112
GLOBAL,S1D1,PWRHYDINDNE01,HYDINDNE,2024,7.0177383811946825
GLOBAL,S1D1,PWRHYDINDNE01,HYDINDNE,2025,5.818065932626672
GLOBAL,S1D1,PWRHYDINDNE01,HYDINDNE,2026,5.608083843074475
GLOBAL,S1D1,PWRHYDINDNE01,HYDINDNE,2027,5.388958389262434
GLOBAL,S1D1,PWRHYDINDNE01,HYDINDNE,2028,5.168887070182173
GLOBAL,S1D1,PWRHYDINDNE01,HYDINDNE,2029,4.945978155297104
GLOBAL,S1D1,PWRHYDINDNE01,HYDINDNE,2030,9.09877771408032
GLOBAL,S1D1,PWRHYDINDNE01,HYDINDNE,2031,9.09877771408032
GLOBAL,S1D1,PWRHYDINDNE01,HYDINDNE,2032,9.09877771408032
GLOBAL,S1D1,PWRHYDINDNE01,HYDINDNE,2033,9.09877771408032
GLOBAL,S1D1,PWRHYDINDNE01,HYDINDNE,2034,9.09877771408032
GLOBAL,S1D1,PWRHYDINDNE01,HYDINDNE,2035,9.09877771408032
GLOBAL,S1D1,PWRHYDINDNE01,HYDINDNE,2036,9.09877771408032
GLOBAL,S1D1,PWRHYDINDNE01,HYDINDNE,2037,9.09877771408032
GLOBAL,S1D1,PWRHYDINDNE01,HYDINDNE,2038,9.09877771408032
GLOBAL,S1D1,PWRHYDINDNE01,HYDINDNE,2039,9.09877771408032
GLOBAL,S1D1,PWRHYDINDNE01,HYDINDNE,2040,9.09877771408032
GLOBAL,S1D1,PWRHYDINDNE01,HYDINDNE,2041,9.09877771408032
GLOBAL,S1D1,PWRHYDINDNE01,HYDINDNE,2042,9.09877771408032
GLOBAL,S1D1,PWRHYDINDNE01,HYDINDNE,2043,9.09877771408032
GLOBAL,S1D1,PWRHYDINDNE01,HYDINDNE,2044,9.09877771408032
GLOBAL,S1D1,PWRHYDINDNE01,HYDINDNE,2045,9.09877771408032
GLOBAL,S1D1,PWRHYDINDNE01,HYDINDNE,2046,9.09877771408032
GLOBAL,S1D1,PWRHYDINDNE01,HYDINDNE,2047,9.09877771408032
GLOBAL,S1D1,PWRHYDINDNE01,HYDINDNE,2048,9.09877771408032
GLOBAL,S1D1,PWRHYDINDNE01,HYDINDNE,2049,9.09877771408032
GLOBAL,S1D1,PWRHYDINDNE01,HYDINDNE,2050,9.09877771408032
GLOBAL,S1D1,PWRHYDINDNO01,HYDINDNO,2021,58.54215900471552
GLOBAL,S1D1,PWRHYDINDNO01,HYDINDNO,2022,46.22926524496154
GLOBAL,S1D1,PWRHYDINDNO01,HYDINDNO,2023,66.34442919452543
GLOBAL,S1D1,PWRHYDINDNO01,HYDINDNO,2024,51.651377148692426
GLOBAL,S1D1,PWRHYDINDNO01,HYDINDNO,2025,65.89040003894524
GLOBAL,S1D1,PWRHYDINDNO01,HYDINDNO,2026,66.38304998270735
GLOBAL,S1D1,PWRHYDINDNO01,HYDINDNO,2027,57.17453798270743
GLOBAL,S1D1,PWRHYDINDNO01,HYDINDNO,2028,68.60911315070757
GLOBAL,S1D1,PWRHYDINDNO01,HYDINDNO,2029,64.92427207771128
GLOBAL,S1D1,PWRHYDINDNO01,HYDINDNO,2030,54.985561150707326
GLOBAL,S1D1,PWRHYDINDNO01,HYDINDNO,2031,50.630268976334314
GLOBAL,S1D1,PWRHYDINDNO01,HYDINDNO,2032,56.42067585011388
GLOBAL,S1D1,PWRHYDINDNO01,HYDINDNO,2033,41.40204101661077
GLOBAL,S1D1,PWRHYDINDNO01,HYDINDNO,2034,41.40204101661077
GLOBAL,S1D1,PWRHYDINDNO01,HYDINDNO,2035,41.40204101661077
GLOBAL,S1D1,PWRHYDINDNO01,HYDINDNO,2036,41.40204101661077
GLOBAL,S1D1,PWRHYDINDNO01,HYDINDNO,2037,41.40204101661077
GLOBAL,S1D1,PWRHYDINDNO01,HYDINDNO,2038,41.40204101661077
GLOBAL,S1D1,PWRHYDINDNO01,HYDINDNO,2039,41.40204101661077
GLOBAL,S1D1,PWRHYDINDNO01,HYDINDNO,2040,41.40204101661077
GLOBAL,S1D1,PWRHYDINDNO01,HYDINDNO,2041,41.40204101661077
GLOBAL,S1D1,PWRHYDINDNO01,HYDINDNO,2042,41.40204101661077
GLOBAL,S1D1,PWRHYDINDNO01,HYDINDNO,2043,41.40204101661077
GLOBAL,S1D1,PWRHYDINDNO01,HYDINDNO,2044,41.40204101661077
GLOBAL,S1D1,PWRHYDINDNO01,HYDINDNO,2045,41.40204101661077
GLOBAL,S1D1,PWRHYDINDNO01,HYDINDNO,2046,41.40204101661077
GLOBAL,S1D1,PWRHYDINDNO01,HYDINDNO,2047,41.40204101661077
GLOBAL,S1D1,PWRHYDINDNO01,HYDINDNO,2048,41.40204101661077
GLOBAL,S1D1,PWRHYDINDNO01,HYDINDNO,2049,41.40204101661077
GLOBAL,S1D1,PWRHYDINDNO01,HYDINDNO,2050,41.40204101661077
GLOBAL,S1D1,PWRHYDINDSO01,HYDINDSO,2021,18.622454593910398
GLOBAL,S1D1,PWRHYDINDSO01,HYDINDSO,2022,18.622454593910398
GLOBAL,S1D1,PWRHYDINDSO01,HYDINDSO,2023,19.4527022351904
GLOBAL,S1D1,PWRHYDINDSO01,HYDINDSO,2024,19.4527022351904
GLOBAL,S1D1,PWRHYDINDSO01,HYDINDSO,2025,19.4527022351904
GLOBAL,S1D1,PWRHYDINDSO01,HYDINDSO,2026,19.4527022351904
GLOBAL,S1D1,PWRHYDINDSO01,HYDINDSO,2027,6.267099876333582
GLOBAL,S1D1,PWRHYDINDSO01,HYDINDSO,2028,19.4527022351904
GLOBAL,S1D1,PWRHYDINDSO01,HYDINDSO,2029,19.4527022351904
GLOBAL,S1D1,PWRHYDINDSO01,HYDINDSO,2030,6.630887614285143
GLOBAL,S1D1,PWRHYDINDSO01,HYDINDSO,2031,6.267099876333582
GLOBAL,S1D1,PWRHYDINDSO01,HYDINDSO,2032,19.4527022351904
GLOBAL,S1D1,PWRHYDINDSO01,HYDINDSO,2033,6.267099876333582
GLOBAL,S1D1,PWRHYDINDSO01,HYDINDSO,2034,6.267099876333582
GLOBAL,S1D1,PWRHYDINDSO01,HYDINDSO,2035,6.267099876333582
GLOBAL,S1D1,PWRHYDINDSO01,HYDINDSO,2036,6.267099876333582
GLOBAL,S1D1,PWRHYDINDSO01,HYDINDSO,2037,6.267099876333582
GLOBAL,S1D1,PWRHYDINDSO01,HYDINDSO,2038,19.4527022351904
GLOBAL,S1D1,PWRHYDINDSO01,HYDINDSO,2039,19.4527022351904
GLOBAL,S1D1,PWRHYDINDSO01,HYDINDSO,2040,6.267099876333582
GLOBAL,S1D1,PWRHYDINDSO01,HYDINDSO,2041,6.267099876333582
GLOBAL,S1D1,PWRHYDINDSO01,HYDINDSO,2042,19.4527022351904
GLOBAL,S1D1,PWRHYDINDSO01,HYDINDSO,2043,19.4527022351904
GLOBAL,S1D1,PWRHYDINDSO01,HYDINDSO,2044,19.4527022351904
GLOBAL,S1D1,PWRHYDINDSO01,HYDINDSO,2045,6.267099876333582
GLOBAL,S1D1,PWRHYDINDSO01,HYDINDSO,2046,8.913043840551111
GLOBAL,S1D1,PWRHYDINDSO01,HYDINDSO,2047,7.194106713106706
GLOBAL,S1D1,PWRHYDINDSO01,HYDINDSO,2048,19.4527022351904
GLOBAL,S1D1,PWRHYDINDSO01,HYDINDSO,2049,7.192555316300015
GLOBAL,S1D1,PWRHYDINDSO01,HYDINDSO,2050,57.71084564442931
GLOBAL,S1D1,PWRHYDINDWE01,HYDINDWE,2021,9.558327601303201
GLOBAL,S1D1,PWRHYDINDWE01,HYDINDWE,2022,9.558327601303201
GLOBAL,S1D1,PWRHYDINDWE01,HYDINDWE,2023,9.558327601303201
GLOBAL,S1D1,PWRHYDINDWE01,HYDINDWE,2024,9.558327601303201
GLOBAL,S1D1,PWRHYDINDWE01,HYDINDWE,2025,9.6685894914408
GLOBAL,S1D1,PWRHYDINDWE01,HYDINDWE,2026,9.6685894914408
GLOBAL,S1D1,PWRHYDINDWE01,HYDINDWE,2027,9.6685894914408
GLOBAL,S1D1,PWRHYDINDWE01,HYDINDWE,2028,9.2551074034248
GLOBAL,S1D1,PWRHYDINDWE01,HYDINDWE,2029,9.2551074034248
GLOBAL,S1D1,PWRHYDINDWE01,HYDINDWE,2030,9.2551074034248
GLOBAL,S1D1,PWRHYDINDWE01,HYDINDWE,2031,2.9784060121981972
GLOBAL,S1D1,PWRHYDINDWE01,HYDINDWE,2032,7.52144746359447
GLOBAL,S1D1,PWRHYDINDWE01,HYDINDWE,2033,2.9784060121981972
GLOBAL,S1D1,PWRHYDINDWE01,HYDINDWE,2034,2.9784060121981972
GLOBAL,S1D1,PWRHYDINDWE01,HYDINDWE,2035,2.9784060121981972
GLOBAL,S1D1,PWRHYDINDWE01,HYDINDWE,2036,2.9784060121981972
GLOBAL,S1D1,PWRHYDINDWE01,HYDINDWE,2037,2.9784060121981972
GLOBAL,S1D1,PWRHYDINDWE01,HYDINDWE,2038,2.9784060121981972
GLOBAL,S1D1,PWRHYDINDWE01,HYDINDWE,2039,2.9784060121981972
GLOBAL,S1D1,PWRHYDINDWE01,HYDINDWE,2040,2.9784060121981972
GLOBAL,S1D1,PWRHYDINDWE01,HYDINDWE,2041,2.9784060121981972
GLOBAL,S1D1,PWRHYDINDWE01,HYDINDWE,2042,2.9784060121981972
GLOBAL,S1D1,PWRHYDINDWE01,HYDINDWE,2043,2.9784060121981972
GLOBAL,S1D1,PWRHYDINDWE01,HYDINDWE,2044,2.9784060121981972
GLOBAL,S1D1,PWRHYDINDWE01,HYDINDWE,2045,9.2551074034248
GLOBAL,S1D1,PWRHYDINDWE01,HYDINDWE,2046,9.2551074034248
GLOBAL,S1D1,PWRHYDINDWE01,HYDINDWE,2047,9.2551074034248
GLOBAL,S1D1,PWRHYDINDWE01,HYDINDWE,2048,3.0776140165469315
GLOBAL,S1D1,PWRHYDINDWE01,HYDINDWE,2049,2.9784060121981972
GLOBAL,S1D1,PWRHYDINDWE01,HYDINDWE,2050,2.9784060121981972
GLOBAL,S1D1,PWRSPVINDEA01,SPVINDEA,2021,0.3539570003766925
GLOBAL,S1D1,PWRSPVINDEA01,SPVINDEA,2022,0.3539570003766925
GLOBAL,S1D1,PWRSPVINDEA01,SPVINDEA,2023,0.3539570003766925
GLOBAL,S1D1,PWRSPVINDEA01,SPVINDEA,2024,79.8341205465005
GLOBAL,S1D1,PWRSPVINDEA01,SPVINDEA,2025,159.3142840926243
GLOBAL,S1D1,PWRSPVINDEA01,SPVINDEA,2026,159.3142840926243
GLOBAL,S1D1,PWRSPVINDEA01,SPVINDEA,2027,159.3142840926243
GLOBAL,S1D1,PWRSPVINDEA01,SPVINDEA,2028,159.3142840926243
GLOBAL,S1D1,PWRSPVINDEA01,SPVINDEA,2029,159.3142840926243
GLOBAL,S1D1,PWRSPVINDEA01,SPVINDEA,2030,159.3142840926243
GLOBAL,S1D1,PWRSPVINDEA01,SPVINDEA,2031,177.8314904785771
GLOBAL,S1D1,PWRSPVINDEA01,SPVINDEA,2032,191.4851812327592
GLOBAL,S1D1,PWRSPVINDEA01,SPVINDEA,2033,218.01689291695018
GLOBAL,S1D1,PWRSPVINDEA01,SPVINDEA,2034,218.8619291468381
GLOBAL,S1D1,PWRSPVINDEA01,SPVINDEA,2035,220.20616537672606
GLOBAL,S1D1,PWRSPVINDEA01,SPVINDEA,2036,224.51440160661403
GLOBAL,S1D1,PWRSPVINDEA01,SPVINDEA,2037,228.9402378365021
GLOBAL,S1D1,PWRSPVINDEA01,SPVINDEA,2038,233.20047406639
GLOBAL,S1D1,PWRSPVINDEA01,SPVINDEA,2039,236.66391029627803
GLOBAL,S1D1,PWRSPVINDEA01,SPVINDEA,2040,239.87774652616613
GLOBAL,S1D1,PWRSPVINDEA01,SPVINDEA,2041,245.86838275605402
GLOBAL,S1D1,PWRSPVINDEA01,SPVINDEA,2042,252.25741898594208
GLOBAL,S1D1,PWRSPVINDEA01,SPVINDEA,2043,258.65605521583007
GLOBAL,S1D1,PWRSPVINDEA01,SPVINDEA,2044,264.418691445718
GLOBAL,S1D1,PWRSPVINDEA01,SPVINDEA,2045,270.346927675606
GLOBAL,S1D1,PWRSPVINDEA01,SPVINDEA,2046,281.85276390549404
GLOBAL,S1D1,PWRSPVINDEA01,SPVINDEA,2047,291.033000135382
GLOBAL,S1D1,PWRSPVINDEA01,SPVINDEA,2048,309.40298332734216
GLOBAL,S1D1,PWRSPVINDEA01,SPVINDEA,2049,370.57544614715806
GLOBAL,S1D1,PWRSPVINDEA01,SPVINDEA,2050,380.61240879286527
GLOBAL,S1D1,PWRSPVINDNE01,SPVINDNE,2021,0.04939951976117729
GLOBAL,S1D1,PWRSPVINDNE01,SPVINDNE,2022,0.25780374375364407
GLOBAL,S1D1,PWRSPVINDNE01,SPVINDNE,2023,0.25780374375364407
GLOBAL,S1D1,PWRSPVINDNE01,SPVINDNE,2024,0.25780374375364407
GLOBAL,S1D1,PWRSPVINDNE01,SPVINDNE,2025,0.25780374375364407
GLOBAL,S1D1,PWRSPVINDNE01,SPVINDNE,2026,0.25780374375364407
GLOBAL,S1D1,PWRSPVINDNE01,SPVINDNE,2027,0.25780374375364407
GLOBAL,S1D1,PWRSPVINDNE01,SPVINDNE,2028,0.25780374375364407
GLOBAL,S1D1,PWRSPVINDNE01,SPVINDNE,2029,0.25780374375364407
GLOBAL,S1D1,PWRSPVINDNE01,SPVINDNE,2030,0.25780374375364407
GLOBAL,S1D1,PWRSPVINDNE01,SPVINDNE,2031,0.25780374375364407
GLOBAL,S1D1,PWRSPVINDNE01,SPVINDNE,2032,0.25780374375364407
GLOBAL,S1D1,PWRSPVINDNE01,SPVINDNE,2033,0.25780374375364407
GLOBAL,S1D1,PWRSPVINDNE01,SPVINDNE,2034,0.25780374375364407
GLOBAL,S1D1,PWRSPVINDNE01,SPVINDNE,2035,0.25780374375364407
GLOBAL,S1D1,PWRSPVINDNE01,SPVINDNE,2036,0.25780374375364407
GLOBAL,S1D1,PWRSPVINDNE01,SPVINDNE,2037,0.25780374375364407
GLOBAL,S1D1,PWRSPVINDNE01,SPVINDNE,2038,0.25780374375364407
GLOBAL,S1D1,PWRSPVINDNE01,SPVINDNE,2039,0.25780374375364407
GLOBAL,S1D1,PWRSPVINDNE01,SPVINDNE,2040,0.25780374375364407
GLOBAL,S1D1,PWRSPVINDNE01,SPVINDNE,2041,0.25780374375364407
GLOBAL,S1D1,PWRSPVINDNE01,SPVINDNE,2042,0.25780374375364407
GLOBAL,S1D1,PWRSPVINDNE01,SPVINDNE,2043,0.25780374375364407
GLOBAL,S1D1,PWRSPVINDNE01,SPVINDNE,2044,0.25780374375364407
GLOBAL,S1D1,PWRSPVINDNE01,SPVINDNE,2045,0.25780374375364407
GLOBAL,S1D1,PWRSPVINDNE01,SPVINDNE,2046,0.25780374375364407
GLOBAL,S1D1,PWRSPVINDNE01,SPVINDNE,2047,0.25780374375364407
GLOBAL,S1D1,PWRSPVINDNE01,SPVINDNE,2048,0.25780374375364407
GLOBAL,S1D1,PWRSPVINDNE01,SPVINDNE,2049,0.25780374375364407
GLOBAL,S1D1,PWRSPVINDNE01,SPVINDNE,2050,0.25780374375364407
GLOBAL,S1D1,PWRSPVINDNO01,SPVINDNO,2021,20.167967310194992
GLOBAL,S1D1,PWRSPVINDNO01,SPVINDNO,2022,25.772531531238176
GLOBAL,S1D1,PWRSPVINDNO01,SPVINDNO,2023,25.772531531238176
GLOBAL,S1D1,PWRSPVINDNO01,SPVINDNO,2024,271.17185350259285
GLOBAL,S1D1,PWRSPVINDNO01,SPVINDNO,2025,505.91997075311036
GLOBAL,S1D1,PWRSPVINDNO01,SPVINDNO,2026,505.91997075311036
GLOBAL,S1D1,PWRSPVINDNO01,SPVINDNO,2027,505.91997075311036
GLOBAL,S1D1,PWRSPVINDNO01,SPVINDNO,2028,505.91997075311036
GLOBAL,S1D1,PWRSPVINDNO01,SPVINDNO,2029,505.91997075311036
GLOBAL,S1D1,PWRSPVINDNO01,SPVINDNO,2030,505.91997075311036
GLOBAL,S1D1,PWRSPVINDNO01,SPVINDNO,2031,505.91997075311036
GLOBAL,S1D1,PWRSPVINDNO01,SPVINDNO,2032,505.91997075311036
GLOBAL,S1D1,PWRSPVINDNO01,SPVINDNO,2033,508.6308971757193
GLOBAL,S1D1,PWRSPVINDNO01,SPVINDNO,2034,527.6231506086787
GLOBAL,S1D1,PWRSPVINDNO01,SPVINDNO,2035,546.6270191361648
GLOBAL,S1D1,PWRSPVINDNO01,SPVINDNO,2036,571.4320725691254
GLOBAL,S1D1,PWRSPVINDNO01,SPVINDNO,2037,596.3131917708553
GLOBAL,S1D1,PWRSPVINDNO01,SPVINDNO,2038,621.0157988427625
GLOBAL,S1D1,PWRSPVINDNO01,SPVINDNO,2039,646.1487272096131
GLOBAL,S1D1,PWRSPVINDNO01,SPVINDNO,2040,671.9491133179467
GLOBAL,S1D1,PWRSPVINDNO01,SPVINDNO,2041,702.6370778032546
GLOBAL,S1D1,PWRSPVINDNO01,SPVINDNO,2042,733.5380681229512
GLOBAL,S1D1,PWRSPVINDNO01,SPVINDNO,2043,763.2024099681138
GLOBAL,S1D1,PWRSPVINDNO01,SPVINDNO,2044,792.4954233593138
GLOBAL,S1D1,PWRSPVINDNO01,SPVINDNO,2045,821.7644850054271
GLOBAL,S1D1,PWRSPVINDNO01,SPVINDNO,2046,909.2927189977431
GLOBAL,S1D1,PWRSPVINDNO01,SPVINDNO,2047,970.9178851304207
GLOBAL,S1D1,PWRSPVINDNO01,SPVINDNO,2048,991.0340714707705
GLOBAL,S1D1,PWRSPVINDNO01,SPVINDNO,2049,1032.807396042922
GLOBAL,S1D1,PWRSPVINDNO01,SPVINDNO,2050,1071.6917530933708
GLOBAL,S1D1,PWRSPVINDSO01,SPVINDSO,2021,26.114390643669797
GLOBAL,S1D1,PWRSPVINDSO01,SPVINDSO,2022,27.04997042276768
GLOBAL,S1D1,PWRSPVINDSO01,SPVINDSO,2023,27.04997042276768
GLOBAL,S1D1,PWRSPVINDSO01,SPVINDSO,2024,156.57080056168425
GLOBAL,S1D1,PWRSPVINDSO01,SPVINDSO,2025,285.9311538945807
GLOBAL,S1D1,PWRSPVINDSO01,SPVINDSO,2026,415.29150722747715
GLOBAL,S1D1,PWRSPVINDSO01,SPVINDSO,2027,466.1263845934835
GLOBAL,S1D1,PWRSPVINDSO01,SPVINDSO,2028,515.6930439932971
GLOBAL,S1D1,PWRSPVINDSO01,SPVINDSO,2029,559.7709984836931
GLOBAL,S1D1,PWRSPVINDSO01,SPVINDSO,2030,579.9566526236928
GLOBAL,S1D1,PWRSPVINDSO01,SPVINDSO,2031,622.8363122636931
GLOBAL,S1D1,PWRSPVINDSO01,SPVINDSO,2032,666.3481169036933
GLOBAL,S1D1,PWRSPVINDSO01,SPVINDSO,2033,709.8321071636931
GLOBAL,S1D1,PWRSPVINDSO01,SPVINDSO,2034,753.0859966436933
GLOBAL,S1D1,PWRSPVINDSO01,SPVINDSO,2035,796.588583843538
GLOBAL,S1D1,PWRSPVINDSO01,SPVINDSO,2036,846.5078391427403
GLOBAL,S1D1,PWRSPVINDSO01,SPVINDSO,2037,896.1036398868426
GLOBAL,S1D1,PWRSPVINDSO01,SPVINDSO,2038,945.6815079468425
GLOBAL,S1D1,PWRSPVINDSO01,SPVINDSO,2039,995.3219309284596
GLOBAL,S1D1,PWRSPVINDSO01,SPVINDSO,2040,1044.9659876255173
GLOBAL,S1D1,PWRSPVINDSO01,SPVINDSO,2041,1101.2778867378768
GLOBAL,S1D1,PWRSPVINDSO01,SPVINDSO,2042,1157.7828432344006
GLOBAL,S1D1,PWRSPVINDSO01,SPVINDSO,2043,1214.0629181704585
GLOBAL,S1D1,PWRSPVINDSO01,SPVINDSO,2044,1275.3298592339033
GLOBAL,S1D1,PWRSPVINDSO01,SPVINDSO,2045,1278.5428160400593
GLOBAL,S1D1,PWRSPVINDSO01,SPVINDSO,2046,1293.5971142567234
GLOBAL,S1D1,PWRSPVINDSO01,SPVINDSO,2047,1293.5971142567234
GLOBAL,S1D1,PWRSPVINDSO01,SPVINDSO,2048,1293.597114256723
GLOBAL,S1D1,PWRSPVINDSO01,SPVINDSO,2049,1293.5971142567241
GLOBAL,S1D1,PWRSPVINDSO01,SPVINDSO,2050,1293.5971142567234
GLOBAL,S1D1,PWRSPVINDWE01,SPVINDWE,2021,13.75146281438604
GLOBAL,S1D1,PWRSPVINDWE01,SPVINDWE,2022,14.822332058512016
GLOBAL,S1D1,PWRSPVINDWE01,SPVINDWE,2023,15.00468374949842
GLOBAL,S1D1,PWRSPVINDWE01,SPVINDWE,2024,245.22726914317852
GLOBAL,S1D1,PWRSPVINDWE01,SPVINDWE,2025,474.3771975310563
GLOBAL,S1D1,PWRSPVINDWE01,SPVINDWE,2026,487.8899592731336
GLOBAL,S1D1,PWRSPVINDWE01,SPVINDWE,2027,487.8899592731336
GLOBAL,S1D1,PWRSPVINDWE01,SPVINDWE,2028,487.8899592731336
GLOBAL,S1D1,PWRSPVINDWE01,SPVINDWE,2029,501.34238878878347
GLOBAL,S1D1,PWRSPVINDWE01,SPVINDWE,2030,512.674760731931
GLOBAL,S1D1,PWRSPVINDWE01,SPVINDWE,2031,557.5486659640152
GLOBAL,S1D1,PWRSPVINDWE01,SPVINDWE,2032,592.6419047032994
GLOBAL,S1D1,PWRSPVINDWE01,SPVINDWE,2033,627.3845939032994
GLOBAL,S1D1,PWRSPVINDWE01,SPVINDWE,2034,663.1690580632988
GLOBAL,S1D1,PWRSPVINDWE01,SPVINDWE,2035,698.1620766832995
GLOBAL,S1D1,PWRSPVINDWE01,SPVINDWE,2036,739.8835243127157
GLOBAL,S1D1,PWRSPVINDWE01,SPVINDWE,2037,781.7138232527159
GLOBAL,S1D1,PWRSPVINDWE01,SPVINDWE,2038,823.9578617578834
GLOBAL,S1D1,PWRSPVINDWE01,SPVINDWE,2039,866.5845124741645
GLOBAL,S1D1,PWRSPVINDWE01,SPVINDWE,2040,910.3910706536519
GLOBAL,S1D1,PWRSPVINDWE01,SPVINDWE,2041,960.0759071516288
GLOBAL,S1D1,PWRSPVINDWE01,SPVINDWE,2042,1010.2231719421667
GLOBAL,S1D1,PWRSPVINDWE01,SPVINDWE,2043,1061.0922796300456
GLOBAL,S1D1,PWRSPVINDWE01,SPVINDWE,2044,1117.138276447469
GLOBAL,S1D1,PWRSPVINDWE01,SPVINDWE,2045,1230.0670679250136
GLOBAL,S1D1,PWRSPVINDWE01,SPVINDWE,2046,1327.0709670961505
GLOBAL,S1D1,PWRSPVINDWE01,SPVINDWE,2047,1450.3786793472382
GLOBAL,S1D1,PWRSPVINDWE01,SPVINDWE,2048,1560.176093305799
GLOBAL,S1D1,PWRSPVINDWE01,SPVINDWE,2049,1629.8916041093148
GLOBAL,S1D1,PWRSPVINDWE01,SPVINDWE,2050,1699.6716821593686
GLOBAL,S1D1,PWRTRNINDEA,ELCINDEA01,2021,163.51424708364428
GLOBAL,S1D1,PWRTRNINDEA,ELCINDEA01,2022,179.729234784
GLOBAL,S1D1,PWRTRNINDEA,ELCINDEA01,2023,191.18454440951135
GLOBAL,S1D1,PWRTRNINDEA,ELCINDEA01,2024,185.4888
GLOBAL,S1D1,PWRTRNINDEA,ELCINDEA01,2025,229.1064
GLOBAL,S1D1,PWRTRNINDEA,ELCINDEA01,2026,235.584
GLOBAL,S1D1,PWRTRNINDEA,ELCINDEA01,2027,242.9712
GLOBAL,S1D1,PWRTRNINDEA,ELCINDEA01,2028,250.37760000000003
GLOBAL,S1D1,PWRTRNINDEA,ELCINDEA01,2029,257.8655999999999
GLOBAL,S1D1,PWRTRNINDEA,ELCINDEA01,2030,265.2984
GLOBAL,S1D1,PWRTRNINDEA,ELCINDEA01,2031,281.8272
GLOBAL,S1D1,PWRTRNINDEA,ELCINDEA01,2032,298.43519999999995
GLOBAL,S1D1,PWRTRNINDEA,ELCINDEA01,2033,315.5592
GLOBAL,S1D1,PWRTRNINDEA,ELCINDEA01,2034,331.5432
GLOBAL,S1D1,PWRTRNINDEA,ELCINDEA01,2035,348.0264
GLOBAL,S1D1,PWRTRNINDEA,ELCINDEA01,2036,367.4736
GLOBAL,S1D1,PWRTRNINDEA,ELCINDEA01,2037,387.0384
GLOBAL,S1D1,PWRTRNINDEA,ELCINDEA01,2038,406.4376
GLOBAL,S1D1,PWRTRNINDEA,ELCINDEA01,2039,425.04
GLOBAL,S1D1,PWRTRNINDEA,ELCINDEA01,2040,443.3928
GLOBAL,S1D1,PWRTRNINDEA,ELCINDEA01,2041,464.5224
GLOBAL,S1D1,PWRTRNINDEA,ELCINDEA01,2042,486.05039999999997
GLOBAL,S1D1,PWRTRNINDEA,ELCINDEA01,2043,507.588
GLOBAL,S1D1,PWRTRNINDEA,ELCINDEA01,2044,528.4896
GLOBAL,S1D1,PWRTRNINDEA,ELCINDEA01,2045,549.5567999999998
GLOBAL,S1D1,PWRTRNINDEA,ELCINDEA01,2046,576.2016
GLOBAL,S1D1,PWRTRNINDEA,ELCINDEA01,2047,600.5208
GLOBAL,S1D1,PWRTRNINDEA,ELCINDEA01,2048,634.0297469620722
GLOBAL,S1D1,PWRTRNINDEA,ELCINDEA01,2049,710.3411735520002
GLOBAL,S1D1,PWRTRNINDEA,ELCINDEA01,2050,735.5056735087562
GLOBAL,S1D1,PWRTRNINDNE,ELCINDNE01,2021,28.6212
GLOBAL,S1D1,PWRTRNINDNE,ELCINDNE01,2022,31.0086
GLOBAL,S1D1,PWRTRNINDNE,ELCINDNE01,2023,33.3937
GLOBAL,S1D1,PWRTRNINDNE,ELCINDNE01,2024,87.180766832
GLOBAL,S1D1,PWRTRNINDNE,ELCINDNE01,2025,95.932266832
GLOBAL,S1D1,PWRTRNINDNE,ELCINDNE01,2026,97.464066832
GLOBAL,S1D1,PWRTRNINDNE,ELCINDNE01,2027,99.062566832
GLOBAL,S1D1,PWRTRNINDNE,ELCINDNE01,2028,100.66796683200002
GLOBAL,S1D1,PWRTRNINDNE,ELCINDNE01,2029,102.294066832
GLOBAL,S1D1,PWRTRNINDNE,ELCINDNE01,2030,135.20736443200002
GLOBAL,S1D1,PWRTRNINDNE,ELCINDNE01,2031,169.912362032
GLOBAL,S1D1,PWRTRNINDNE,ELCINDNE01,2032,204.64495963200002
GLOBAL,S1D1,PWRTRNINDNE,ELCINDNE01,2033,239.315457232
GLOBAL,S1D1,PWRTRNINDNE,ELCINDNE01,2034,273.95835483200005
GLOBAL,S1D1,PWRTRNINDNE,ELCINDNE01,2035,308.631152432
GLOBAL,S1D1,PWRTRNINDNE,ELCINDNE01,2036,343.77085003200006
GLOBAL,S1D1,PWRTRNINDNE,ELCINDNE01,2037,378.876047632
GLOBAL,S1D1,PWRTRNINDNE,ELCINDNE01,2038,413.96974523200004
GLOBAL,S1D1,PWRTRNINDNE,ELCINDNE01,2039,449.134742832
GLOBAL,S1D1,PWRTRNINDNE,ELCINDNE01,2040,484.191640432
GLOBAL,S1D1,PWRTRNINDNE,ELCINDNE01,2041,519.7798380319999
GLOBAL,S1D1,PWRTRNINDNE,ELCINDNE01,2042,555.271435632
GLOBAL,S1D1,PWRTRNINDNE,ELCINDNE01,2043,590.956233232
GLOBAL,S1D1,PWRTRNINDNE,ELCINDNE01,2044,626.7307308320002
GLOBAL,S1D1,PWRTRNINDNE,ELCINDNE01,2045,662.4063284320001
GLOBAL,S1D1,PWRTRNINDNE,ELCINDNE01,2046,647.3565475416774
GLOBAL,S1D1,PWRTRNINDNE,ELCINDNE01,2047,655.5672730223496
GLOBAL,S1D1,PWRTRNINDNE,ELCINDNE01,2048,708.090131887251
GLOBAL,S1D1,PWRTRNINDNE,ELCINDNE01,2049,737.4388641322677
GLOBAL,S1D1,PWRTRNINDNE,ELCINDNE01,2050,769.944799307083
GLOBAL,S1D1,PWRTRNINDNO,ELCINDNO01,2021,288.3144
GLOBAL,S1D1,PWRTRNINDNO,ELCINDNO01,2022,322.9968
GLOBAL,S1D1,PWRTRNINDNO,ELCINDNO01,2023,357.6792
GLOBAL,S1D1,PWRTRNINDNO,ELCINDNO01,2024,385.7568
GLOBAL,S1D1,PWRTRNINDNO,ELCINDNO01,2025,610.1422021715655
GLOBAL,S1D1,PWRTRNINDNO,ELCINDNO01,2026,610.6348521153278
GLOBAL,S1D1,PWRTRNINDNO,ELCINDNO01,2027,610.6348521153278
GLOBAL,S1D1,PWRTRNINDNO,ELCINDNO01,2028,619.3907594433279
GLOBAL,S1D1,PWRTRNINDNO,ELCINDNO01,2029,615.7059183703316
GLOBAL,S1D1,PWRTRNINDNO,ELCINDNO01,2030,634.0225060103678
GLOBAL,S1D1,PWRTRNINDNO,ELCINDNO01,2031,632.4231544343671
GLOBAL,S1D1,PWRTRNINDNO,ELCINDNO01,2032,652.8453078751867
GLOBAL,S1D1,PWRTRNINDNO,ELCINDNO01,2033,653.4215999999999
GLOBAL,S1D1,PWRTRNINDNO,ELCINDNO01,2034,687.0456
GLOBAL,S1D1,PWRTRNINDNO,ELCINDNO01,2035,720.6767999999998
GLOBAL,S1D1,PWRTRNINDNO,ELCINDNO01,2036,760.1136
GLOBAL,S1D1,PWRTRNINDNO,ELCINDNO01,2037,799.6128
GLOBAL,S1D1,PWRTRNINDNO,ELCINDNO01,2038,838.9439999999998
GLOBAL,S1D1,PWRTRNINDNO,ELCINDNO01,2039,878.6784
GLOBAL,S1D1,PWRTRNINDNO,ELCINDNO01,2040,918.1680000000001
GLOBAL,S1D1,PWRTRNINDNO,ELCINDNO01,2041,963.4608
GLOBAL,S1D1,PWRTRNINDNO,ELCINDNO01,2042,1008.0336000000001
GLOBAL,S1D1,PWRTRNINDNO,ELCINDNO01,2043,1052.2704
GLOBAL,S1D1,PWRTRNINDNO,ELCINDNO01,2044,1095.5616
GLOBAL,S1D1,PWRTRNINDNO,ELCINDNO01,2045,1138.7856
GLOBAL,S1D1,PWRTRNINDNO,ELCINDNO01,2046,1192.3944
GLOBAL,S1D1,PWRTRNINDNO,ELCINDNO01,2047,1242.3864
GLOBAL,S1D1,PWRTRNINDNO,ELCINDNO01,2048,1292.3592
GLOBAL,S1D1,PWRTRNINDNO,ELCINDNO01,2049,1342.3464
GLOBAL,S1D1,PWRTRNINDNO,ELCINDNO01,2050,1392.4056
GLOBAL,S1D1,PWRTRNINDSO,ELCINDSO01,2021,355.0775
GLOBAL,S1D1,PWRTRNINDSO,ELCINDSO01,2022,387.2225
GLOBAL,S1D1,PWRTRNINDSO,ELCINDSO01,2023,419.36999999999995
GLOBAL,S1D1,PWRTRNINDSO,ELCINDSO01,2024,454.8925
GLOBAL,S1D1,PWRTRNINDSO,ELCINDSO01,2025,565.475
GLOBAL,S1D1,PWRTRNINDSO,ELCINDSO01,2026,587.7225
GLOBAL,S1D1,PWRTRNINDSO,ELCINDSO01,2027,607.5225
GLOBAL,S1D1,PWRTRNINDSO,ELCINDSO01,2028,627.235
GLOBAL,S1D1,PWRTRNINDSO,ELCINDSO01,2029,647.0525
GLOBAL,S1D1,PWRTRNINDSO,ELCINDSO01,2030,667.01
GLOBAL,S1D1,PWRTRNINDSO,ELCINDSO01,2031,709.4050000000001
GLOBAL,S1D1,PWRTRNINDSO,ELCINDSO01,2032,752.425
GLOBAL,S1D1,PWRTRNINDSO,ELCINDSO01,2033,795.4175
GLOBAL,S1D1,PWRTRNINDSO,ELCINDSO01,2034,838.1825000000001
GLOBAL,S1D1,PWRTRNINDSO,ELCINDSO01,2035,881.1699999999998
GLOBAL,S1D1,PWRTRNINDSO,ELCINDSO01,2036,930.5125
GLOBAL,S1D1,PWRTRNINDSO,ELCINDSO01,2037,979.5199999999999
GLOBAL,S1D1,PWRTRNINDSO,ELCINDSO01,2038,1028.5375
GLOBAL,S1D1,PWRTRNINDSO,ELCINDSO01,2039,1077.5375
GLOBAL,S1D1,PWRTRNINDSO,ELCINDSO01,2040,1126.0675
GLOBAL,S1D1,PWRTRNINDSO,ELCINDSO01,2041,1181.56
GLOBAL,S1D1,PWRTRNINDSO,ELCINDSO01,2042,1237.225
GLOBAL,S1D1,PWRTRNINDSO,ELCINDSO01,2043,1292.5975
GLOBAL,S1D1,PWRTRNINDSO,ELCINDSO01,2044,1348.3025
GLOBAL,S1D1,PWRTRNINDSO,ELCINDSO01,2045,1403.9675
GLOBAL,S1D1,PWRTRNINDSO,ELCINDSO01,2046,1470.335
GLOBAL,S1D1,PWRTRNINDSO,ELCINDSO01,2047,1533.0800000000002
GLOBAL,S1D1,PWRTRNINDSO,ELCINDSO01,2048,1595.755
GLOBAL,S1D1,PWRTRNINDSO,ELCINDSO01,2049,1658.33
GLOBAL,S1D1,PWRTRNINDSO,ELCINDSO01,2050,1720.9725
GLOBAL,S1D1,PWRTRNINDWE,ELCINDWE01,2021,317.5375
GLOBAL,S1D1,PWRTRNINDWE,ELCINDWE01,2022,337.4625
GLOBAL,S1D1,PWRTRNINDWE,ELCINDWE01,2023,357.39
GLOBAL,S1D1,PWRTRNINDWE,ELCINDWE01,2024,386.68
GLOBAL,S1D1,PWRTRNINDWE,ELCINDWE01,2025,603.6304114784867
GLOBAL,S1D1,PWRTRNINDWE,ELCINDWE01,2026,596.3784109247453
GLOBAL,S1D1,PWRTRNINDWE,ELCINDWE01,2027,573.7664659866933
GLOBAL,S1D1,PWRTRNINDWE,ELCINDWE01,2028,561.2049130164297
GLOBAL,S1D1,PWRTRNINDWE,ELCINDWE01,2029,543.4825
GLOBAL,S1D1,PWRTRNINDWE,ELCINDWE01,2030,559.2349999999999
GLOBAL,S1D1,PWRTRNINDWE,ELCINDWE01,2031,594.2825
GLOBAL,S1D1,PWRTRNINDWE,ELCINDWE01,2032,628.93
GLOBAL,S1D1,PWRTRNINDWE,ELCINDWE01,2033,663.2799999999999
GLOBAL,S1D1,PWRTRNINDWE,ELCINDWE01,2034,698.66
GLOBAL,S1D1,PWRTRNINDWE,ELCINDWE01,2035,733.2575
GLOBAL,S1D1,PWRTRNINDWE,ELCINDWE01,2036,774.4325
GLOBAL,S1D1,PWRTRNINDWE,ELCINDWE01,2037,815.79
GLOBAL,S1D1,PWRTRNINDWE,ELCINDWE01,2038,857.4925
GLOBAL,S1D1,PWRTRNINDWE,ELCINDWE01,2039,899.5449999999998
GLOBAL,S1D1,PWRTRNINDWE,ELCINDWE01,2040,942.705
GLOBAL,S1D1,PWRTRNINDWE,ELCINDWE01,2041,991.7825
GLOBAL,S1D1,PWRTRNINDWE,ELCINDWE01,2042,1041.1325000000002
GLOBAL,S1D1,PWRTRNINDWE,ELCINDWE01,2043,1090.8975
GLOBAL,S1D1,PWRTRNINDWE,ELCINDWE01,2044,1141.8875
GLOBAL,S1D1,PWRTRNINDWE,ELCINDWE01,2045,1270.1387115630596
GLOBAL,S1D1,PWRTRNINDWE,ELCINDWE01,2046,1364.5948731078713
GLOBAL,S1D1,PWRTRNINDWE,ELCINDWE01,2047,1487.0609933452465
GLOBAL,S1D1,PWRTRNINDWE,ELCINDWE01,2048,1578.683864928
GLOBAL,S1D1,PWRTRNINDWE,ELCINDWE01,2049,1648.0044137280001
GLOBAL,S1D1,PWRTRNINDWE,ELCINDWE01,2050,1717.222462528
GLOBAL,S1D1,PWRURNINDNO01,URNINT,2021,15.73879009536
GLOBAL,S1D1,PWRURNINDNO01,URNINT,2022,22.986917112959976
GLOBAL,S1D1,PWRURNINDNO01,URNINT,2023,50.677940770560014
GLOBAL,S1D1,PWRURNINDNO01,URNINT,2024,50.67794077056003
GLOBAL,S1D1,PWRURNINDNO01,URNINT,2025,30.23504413056001
GLOBAL,S1D1,PWRURNINDNO01,URNINT,2026,30.23504413056001
GLOBAL,S1D1,PWRURNINDNO01,URNINT,2027,50.677940770560014
GLOBAL,S1D1,PWRURNINDNO01,URNINT,2028,44.731298165759995
GLOBAL,S1D1,PWRURNINDNO01,URNINT,2029,44.731298165759995
GLOBAL,S1D1,PWRURNINDNO01,URNINT,2030,74.97558360576001
GLOBAL,S1D1,PWRURNINDNO01,URNINT,2031,44.731298165759995
GLOBAL,S1D1,PWRURNINDNO01,URNINT,2032,44.731298165759995
GLOBAL,S1D1,PWRURNINDNO01,URNINT,2033,44.731298165759995
GLOBAL,S1D1,PWRURNINDNO01,URNINT,2034,44.731298165759995
GLOBAL,S1D1,PWRURNINDNO01,URNINT,2035,44.731298165759995
GLOBAL,S1D1,PWRURNINDNO01,URNINT,2036,44.731298165759995
GLOBAL,S1D1,PWRURNINDNO01,URNINT,2037,44.731298165759995
GLOBAL,S1D1,PWRURNINDNO01,URNINT,2038,44.731298165759995
GLOBAL,S1D1,PWRURNINDNO01,URNINT,2039,44.731298165759995
GLOBAL,S1D1,PWRURNINDNO01,URNINT,2040,44.731298165759995
GLOBAL,S1D1,PWRURNINDNO01,URNINT,2041,44.731298165759995
GLOBAL,S1D1,PWRURNINDNO01,URNINT,2042,42.660404732159996
GLOBAL,S1D1,PWRURNINDNO01,URNINT,2043,42.660404732159996
GLOBAL,S1D1,PWRURNINDNO01,URNINT,2044,42.660404732159996
GLOBAL,S1D1,PWRURNINDNO01,URNINT,2045,42.660404732159996
GLOBAL,S1D1,PWRURNINDNO01,URNINT,2046,42.660404732159996
GLOBAL,S1D1,PWRURNINDNO01,URNINT,2047,42.660404732159996
GLOBAL,S1D1,PWRURNINDNO01,URNINT,2048,42.660404732159996
GLOBAL,S1D1,PWRURNINDNO01,URNINT,2049,42.660404732159996
GLOBAL,S1D1,PWRURNINDNO01,URNINT,2050,42.660404732159996
GLOBAL,S1D1,PWRURNINDSO01,URNINT,2021,34.376830997759974
GLOBAL,S1D1,PWRURNINDSO01,URNINT,2022,39.554064581760024
GLOBAL,S1D1,PWRURNINDSO01,URNINT,2023,101.00877235776002
GLOBAL,S1D1,PWRURNINDSO01,URNINT,2024,101.00877235776002
GLOBAL,S1D1,PWRURNINDSO01,URNINT,2025,101.00877235776002
GLOBAL,S1D1,PWRURNINDSO01,URNINT,2026,107.67889211841299
GLOBAL,S1D1,PWRURNINDSO01,URNINT,2027,149.89356495739818
GLOBAL,S1D1,PWRURNINDSO01,URNINT,2028,114.7543490129822
GLOBAL,S1D1,PWRURNINDSO01,URNINT,2029,132.0594072613497
GLOBAL,S1D1,PWRURNINDSO01,URNINT,2030,160.01733352896002
GLOBAL,S1D1,PWRURNINDSO01,URNINT,2031,155.2494814313872
GLOBAL,S1D1,PWRURNINDSO01,URNINT,2032,124.88563789392516
GLOBAL,S1D1,PWRURNINDSO01,URNINT,2033,153.0665667533874
GLOBAL,S1D1,PWRURNINDSO01,URNINT,2034,151.98123210778712
GLOBAL,S1D1,PWRURNINDSO01,URNINT,2035,150.88759728722886
GLOBAL,S1D1,PWRURNINDSO01,URNINT,2036,149.63391057465756
GLOBAL,S1D1,PWRURNINDSO01,URNINT,2037,148.38700117042524
GLOBAL,S1D1,PWRURNINDSO01,URNINT,2038,117.87094684056285
GLOBAL,S1D1,PWRURNINDSO01,URNINT,2039,116.61837148188322
GLOBAL,S1D1,PWRURNINDSO01,URNINT,2040,144.71449565515172
GLOBAL,S1D1,PWRURNINDSO01,URNINT,2041,143.28539637994444
GLOBAL,S1D1,PWRURNINDSO01,URNINT,2042,112.5777972176653
GLOBAL,S1D1,PWRURNINDSO01,URNINT,2043,111.14169864557184
GLOBAL,S1D1,PWRURNINDSO01,URNINT,2044,109.17549622973466
GLOBAL,S1D1,PWRURNINDSO01,URNINT,2045,93.19020451199997
GLOBAL,S1D1,PWRURNINDSO01,URNINT,2046,93.19020451199997
GLOBAL,S1D1,PWRURNINDSO01,URNINT,2047,90.91222173504003
GLOBAL,S1D1,PWRURNINDSO01,URNINT,2048,104.07172395729187
GLOBAL,S1D1,PWRURNINDSO01,URNINT,2049,131.12559257353388
GLOBAL,S1D1,PWRURNINDSO01,URNINT,2050,122.9769326586984
GLOBAL,S1D1,PWRURNINDWE01,URNINT,2021,26.30034660671999
GLOBAL,S1D1,PWRURNINDWE01,URNINT,2022,26.300346606719998
GLOBAL,S1D1,PWRURNINDWE01,URNINT,2023,44.082866286720005
GLOBAL,S1D1,PWRURNINDWE01,URNINT,2024,56.23168770432002
GLOBAL,S1D1,PWRURNINDWE01,URNINT,2025,54.15034878877728
GLOBAL,S1D1,PWRURNINDWE01,URNINT,2026,35.79286461705798
GLOBAL,S1D1,PWRURNINDWE01,URNINT,2027,52.28663021375672
GLOBAL,S1D1,PWRURNINDWE01,URNINT,2028,56.23168770432002
GLOBAL,S1D1,PWRURNINDWE01,URNINT,2029,33.548473624319996
GLOBAL,S1D1,PWRURNINDWE01,URNINT,2030,30.53651869134745
GLOBAL,S1D1,PWRURNINDWE01,URNINT,2031,41.179374917862454
GLOBAL,S1D1,PWRURNINDWE01,URNINT,2032,30.23504413056001
GLOBAL,S1D1,PWRURNINDWE01,URNINT,2033,39.44882612866
GLOBAL,S1D1,PWRURNINDWE01,URNINT,2034,38.55091569345905
GLOBAL,S1D1,PWRURNINDWE01,URNINT,2035,50.677940770560014
GLOBAL,S1D1,PWRURNINDWE01,URNINT,2036,50.677940770560014
GLOBAL,S1D1,PWRURNINDWE01,URNINT,2037,50.677940770560014
GLOBAL,S1D1,PWRURNINDWE01,URNINT,2038,34.57804227815205
GLOBAL,S1D1,PWRURNINDWE01,URNINT,2039,33.54943611507794
GLOBAL,S1D1,PWRURNINDWE01,URNINT,2040,49.34069703101105
GLOBAL,S1D1,PWRURNINDWE01,URNINT,2041,31.291051167280923
GLOBAL,S1D1,PWRURNINDWE01,URNINT,2042,30.23504413056001
GLOBAL,S1D1,PWRURNINDWE01,URNINT,2043,30.23504413056001
GLOBAL,S1D1,PWRURNINDWE01,URNINT,2044,30.23504413056001
GLOBAL,S1D1,PWRURNINDWE01,URNINT,2045,50.677940770560014
GLOBAL,S1D1,PWRURNINDWE01,URNINT,2046,50.677940770560014
GLOBAL,S1D1,PWRURNINDWE01,URNINT,2047,50.677940770560014
GLOBAL,S1D1,PWRURNINDWE01,URNINT,2048,30.23504413056001
GLOBAL,S1D1,PWRURNINDWE01,URNINT,2049,30.23504413056001
GLOBAL,S1D1,PWRURNINDWE01,URNINT,2050,30.23504413056001
GLOBAL,S1D1,PWRWOFINDNE01,WOFINDNE,2024,79.90522470705167
GLOBAL,S1D1,PWRWOFINDNE01,WOFINDNE,2025,89.85639715561967
GLOBAL,S1D1,PWRWOFINDNE01,WOFINDNE,2026,91.59817924517189
GLOBAL,S1D1,PWRWOFINDNE01,WOFINDNE,2027,93.4158046989839
GLOBAL,S1D1,PWRWOFINDNE01,WOFINDNE,2028,95.24127601806418
GLOBAL,S1D1,PWRWOFINDNE01,WOFINDNE,2029,97.09028493294926
GLOBAL,S1D1,PWRWOFINDNE01,WOFINDNE,2030,125.85078297416607
GLOBAL,S1D1,PWRWOFINDNE01,WOFINDNE,2031,160.55578057416605
GLOBAL,S1D1,PWRWOFINDNE01,WOFINDNE,2032,195.288378174166
GLOBAL,S1D1,PWRWOFINDNE01,WOFINDNE,2033,229.95887577416607
GLOBAL,S1D1,PWRWOFINDNE01,WOFINDNE,2034,264.6017733741661
GLOBAL,S1D1,PWRWOFINDNE01,WOFINDNE,2035,299.27457097416607
GLOBAL,S1D1,PWRWOFINDNE01,WOFINDNE,2036,334.41426857416593
GLOBAL,S1D1,PWRWOFINDNE01,WOFINDNE,2037,369.51946617416604
GLOBAL,S1D1,PWRWOFINDNE01,WOFINDNE,2038,404.61316377416586
GLOBAL,S1D1,PWRWOFINDNE01,WOFINDNE,2039,439.7781613741661
GLOBAL,S1D1,PWRWOFINDNE01,WOFINDNE,2040,474.83505897416586
GLOBAL,S1D1,PWRWOFINDNE01,WOFINDNE,2041,510.423256574166
GLOBAL,S1D1,PWRWOFINDNE01,WOFINDNE,2042,545.9148541741661
GLOBAL,S1D1,PWRWOFINDNE01,WOFINDNE,2043,581.5996517741661
GLOBAL,S1D1,PWRWOFINDNE01,WOFINDNE,2044,617.374149374166
GLOBAL,S1D1,PWRWOFINDNE01,WOFINDNE,2045,653.0497469741662
GLOBAL,S1D1,PWRWOFINDNE01,WOFINDNE,2046,637.9999660838434
GLOBAL,S1D1,PWRWOFINDNE01,WOFINDNE,2047,646.2106915645157
GLOBAL,S1D1,PWRWOFINDNE01,WOFINDNE,2048,698.7335504294169
GLOBAL,S1D1,PWRWOFINDNE01,WOFINDNE,2049,728.0822826744338
GLOBAL,S1D1,PWRWOFINDNE01,WOFINDNE,2050,760.5882178492492
GLOBAL,S1D1,PWRWONINDEA01,WONINDEA,2021,0.006558513222239992
GLOBAL,S1D1,PWRWONINDEA01,WONINDEA,2022,0.006558513222239992
GLOBAL,S1D1,PWRWONINDEA01,WONINDEA,2023,0.01142645906304
GLOBAL,S1D1,PWRWONINDEA01,WONINDEA,2024,0.01142645906304
GLOBAL,S1D1,PWRWONINDEA01,WONINDEA,2025,0.01142645906304
GLOBAL,S1D1,PWRWONINDEA01,WONINDEA,2026,0.01142645906304
GLOBAL,S1D1,PWRWONINDEA01,WONINDEA,2027,0.01142645906304
GLOBAL,S1D1,PWRWONINDEA01,WONINDEA,2028,0.01142645906304
GLOBAL,S1D1,PWRWONINDEA01,WONINDEA,2029,0.006558513222239992
GLOBAL,S1D1,PWRWONINDEA01,WONINDEA,2030,0.01142645906304
GLOBAL,S1D1,PWRWONINDEA01,WONINDEA,2031,0.006558513222239992
GLOBAL,S1D1,PWRWONINDEA01,WONINDEA,2032,0.006558513222239992
GLOBAL,S1D1,PWRWONINDEA01,WONINDEA,2033,0.01142645906304
GLOBAL,S1D1,PWRWONINDEA01,WONINDEA,2034,0.01142645906304
GLOBAL,S1D1,PWRWONINDEA01,WONINDEA,2035,0.01142645906304
GLOBAL,S1D1,PWRWONINDEA01,WONINDEA,2036,0.01142645906304
GLOBAL,S1D1,PWRWONINDEA01,WONINDEA,2037,0.01142645906304
GLOBAL,S1D1,PWRWONINDEA01,WONINDEA,2038,0.01142645906304
GLOBAL,S1D1,PWRWONINDEA01,WONINDEA,2039,0.01142645906304
GLOBAL,S1D1,PWRWONINDEA01,WONINDEA,2040,0.01142645906304
GLOBAL,S1D1,PWRWONINDEA01,WONINDEA,2041,0.01142645906304
GLOBAL,S1D1,PWRWONINDEA01,WONINDEA,2042,0.01142645906304
GLOBAL,S1D1,PWRWONINDEA01,WONINDEA,2043,0.01142645906304
GLOBAL,S1D1,PWRWONINDEA01,WONINDEA,2044,0.01142645906304
GLOBAL,S1D1,PWRWONINDEA01,WONINDEA,2045,0.01142645906304
GLOBAL,S1D1,PWRWONINDEA01,WONINDEA,2046,0.01142645906304
GLOBAL,S1D1,PWRWONINDEA01,WONINDEA,2047,0.01142645906304
GLOBAL,S1D1,PWRWONINDEA01,WONINDEA,2048,0.01142645906304
GLOBAL,S1D1,PWRWONINDEA01,WONINDEA,2049,0.01142645906304
GLOBAL,S1D1,PWRWONINDNO01,WONINDNO,2021,0.938792160832941
GLOBAL,S1D1,PWRWONINDNO01,WONINDNO,2022,0.9971167235089403
GLOBAL,S1D1,PWRWONINDNO01,WONINDNO,2023,2.6463228886195203
GLOBAL,S1D1,PWRWONINDNO01,WONINDNO,2024,0.9971167235089403
GLOBAL,S1D1,PWRWONINDNO01,WONINDNO,2025,0.8985768572871802
GLOBAL,S1D1,PWRWONINDNO01,WONINDNO,2026,0.8985768572871802
GLOBAL,S1D1,PWRWONINDNO01,WONINDNO,2027,0.8985768572871802
GLOBAL,S1D1,PWRWONINDNO01,WONINDNO,2028,0.8985768572871802
GLOBAL,S1D1,PWRWONINDNO01,WONINDNO,2029,0.8985768572871802
GLOBAL,S1D1,PWRWONINDNO01,WONINDNO,2030,0.8985768572871802
GLOBAL,S1D1,PWRWONINDNO01,WONINDNO,2031,2.6463228886195203
GLOBAL,S1D1,PWRWONINDNO01,WONINDNO,2032,2.6463228886195203
GLOBAL,S1D1,PWRWONINDNO01,WONINDNO,2033,0.8985768572871802
GLOBAL,S1D1,PWRWONINDNO01,WONINDNO,2034,0.8985768572871802
GLOBAL,S1D1,PWRWONINDNO01,WONINDNO,2035,0.8941617627613595
GLOBAL,S1D1,PWRWONINDNO01,WONINDNO,2036,0.8941617627613595
GLOBAL,S1D1,PWRWONINDNO01,WONINDNO,2037,0.8804959939912607
GLOBAL,S1D1,PWRWONINDNO01,WONINDNO,2038,0.8773423550442595
GLOBAL,S1D1,PWRWONINDNO01,WONINDNO,2039,0.84706742115348
GLOBAL,S1D1,PWRWONINDNO01,WONINDNO,2040,0.8363450487337607
GLOBAL,S1D1,PWRWONINDNO01,WONINDNO,2041,0.8094339963864003
GLOBAL,S1D1,PWRWONINDNO01,WONINDNO,2042,0.7980808961773214
GLOBAL,S1D1,PWRWONINDNO01,WONINDNO,2043,0.7387924839744802
GLOBAL,S1D1,PWRWONINDNO01,WONINDNO,2044,0.36771430121553994
GLOBAL,S1D1,PWRWONINDNO01,WONINDNO,2045,0.34711052676206045
GLOBAL,S1D1,PWRWONINDNO01,WONINDNO,2046,0.12782749865011045
GLOBAL,S1D1,PWRWONINDNO01,WONINDNO,2047,0.08325606819973985
GLOBAL,S1D1,PWRWONINDNO01,WONINDNO,2048,0.05256064911599995
GLOBAL,S1D1,PWRWONINDNO01,WONINDNO,2049,0.05256064911599995
GLOBAL,S1D1,PWRWONINDNO01,WONINDNO,2050,0.05256064911599995
GLOBAL,S1D1,PWRWONINDSO01,WONINDSO,2021,9.218737709716608
GLOBAL,S1D1,PWRWONINDSO01,WONINDSO,2022,9.218737709716608
GLOBAL,S1D1,PWRWONINDSO01,WONINDSO,2023,9.996778253553408
GLOBAL,S1D1,PWRWONINDSO01,WONINDSO,2024,9.751956715727701
GLOBAL,S1D1,PWRWONINDSO01,WONINDSO,2025,9.751956715727701
GLOBAL,S1D1,PWRWONINDSO01,WONINDSO,2026,7.942227474886757
GLOBAL,S1D1,PWRWONINDSO01,WONINDSO,2027,7.865695555622152
GLOBAL,S1D1,PWRWONINDSO01,WONINDSO,2028,7.865695555622152
GLOBAL,S1D1,PWRWONINDSO01,WONINDSO,2029,7.865695555622152
GLOBAL,S1D1,PWRWONINDSO01,WONINDSO,2030,7.865695555622152
GLOBAL,S1D1,PWRWONINDSO01,WONINDSO,2031,9.892504778606208
GLOBAL,S1D1,PWRWONINDSO01,WONINDSO,2032,9.892504778606208
GLOBAL,S1D1,PWRWONINDSO01,WONINDSO,2033,9.892504778606208
GLOBAL,S1D1,PWRWONINDSO01,WONINDSO,2034,9.892504778606208
GLOBAL,S1D1,PWRWONINDSO01,WONINDSO,2035,9.870045876309888
GLOBAL,S1D1,PWRWONINDSO01,WONINDSO,2036,9.85801432150829
GLOBAL,S1D1,PWRWONINDSO01,WONINDSO,2037,9.83138448021408
GLOBAL,S1D1,PWRWONINDSO01,WONINDSO,2038,9.83138448021408
GLOBAL,S1D1,PWRWONINDSO01,WONINDSO,2039,9.755184633137281
GLOBAL,S1D1,PWRWONINDSO01,WONINDSO,2040,9.647702743576321
GLOBAL,S1D1,PWRWONINDSO01,WONINDSO,2041,9.47204204347296
GLOBAL,S1D1,PWRWONINDSO01,WONINDSO,2042,9.27873506299392
GLOBAL,S1D1,PWRWONINDSO01,WONINDSO,2043,9.01805137562592
GLOBAL,S1D1,PWRWONINDSO01,WONINDSO,2044,4.3417870760707205
GLOBAL,S1D1,PWRWONINDSO01,WONINDSO,2045,3.225182631010661
GLOBAL,S1D1,PWRWONINDSO01,WONINDSO,2046,2.8610182485097817
GLOBAL,S1D1,PWRWONINDSO01,WONINDSO,2047,2.26598257622724
GLOBAL,S1D1,PWRWONINDSO01,WONINDSO,2048,1.7372745673073204
GLOBAL,S1D1,PWRWONINDSO01,WONINDSO,2049,0.9024388813288804
GLOBAL,S1D1,PWRWONINDSO01,WONINDSO,2050,0.8903213274453103
GLOBAL,S1D1,PWRWONINDWE01,WONINDWE,2021,7.091620320585367
GLOBAL,S1D1,PWRWONINDWE01,WONINDWE,2022,7.272358875632832
GLOBAL,S1D1,PWRWONINDWE01,WONINDWE,2023,15.22113498963101
GLOBAL,S1D1,PWRWONINDWE01,WONINDWE,2024,7.368043993010836
GLOBAL,S1D1,PWRWONINDWE01,WONINDWE,2025,7.368043993010836
GLOBAL,S1D1,PWRWONINDWE01,WONINDWE,2026,15.22113498963101
GLOBAL,S1D1,PWRWONINDWE01,WONINDWE,2027,7.368043993010836
GLOBAL,S1D1,PWRWONINDWE01,WONINDWE,2028,7.368043993010836
GLOBAL,S1D1,PWRWONINDWE01,WONINDWE,2029,12.102326787433409
GLOBAL,S1D1,PWRWONINDWE01,WONINDWE,2030,7.368043993010836
GLOBAL,S1D1,PWRWONINDWE01,WONINDWE,2031,15.20616004276781
GLOBAL,S1D1,PWRWONINDWE01,WONINDWE,2032,15.14725858510589
GLOBAL,S1D1,PWRWONINDWE01,WONINDWE,2033,15.14725858510589
GLOBAL,S1D1,PWRWONINDWE01,WONINDWE,2034,15.14725858510589
GLOBAL,S1D1,PWRWONINDWE01,WONINDWE,2035,9.28911605650235
GLOBAL,S1D1,PWRWONINDWE01,WONINDWE,2036,8.742668427084983
GLOBAL,S1D1,PWRWONINDWE01,WONINDWE,2037,8.269869487085135
GLOBAL,S1D1,PWRWONINDWE01,WONINDWE,2038,14.980537510028928
GLOBAL,S1D1,PWRWONINDWE01,WONINDWE,2039,14.869722903241248
GLOBAL,S1D1,PWRWONINDWE01,WONINDWE,2040,7.10998413099129
GLOBAL,S1D1,PWRWONINDWE01,WONINDWE,2041,14.633118742802688
GLOBAL,S1D1,PWRWONINDWE01,WONINDWE,2042,14.311532797633475
GLOBAL,S1D1,PWRWONINDWE01,WONINDWE,2043,13.207425109754354
GLOBAL,S1D1,PWRWONINDWE01,WONINDWE,2044,8.151428292330843
GLOBAL,S1D1,PWRWONINDWE01,WONINDWE,2045,7.98863498662176
GLOBAL,S1D1,PWRWONINDWE01,WONINDWE,2046,5.440897360296
GLOBAL,S1D1,PWRWONINDWE01,WONINDWE,2047,4.599305346584161
GLOBAL,S1D1,PWRWONINDWE01,WONINDWE,2048,1.8107683576542788
GLOBAL,S1D1,PWRWONINDWE01,WONINDWE,2049,1.515014358485801
GLOBAL,S1D1,PWRWONINDWE01,WONINDWE,2050,0.9529851084318706
GLOBAL,S1D1,TRNINDEAINDNE,ELCINDEA02,2021,20.92064708364428
GLOBAL,S1D1,TRNINDEAINDNE,ELCINDEA02,2022,22.358834784
GLOBAL,S1D1,TRNINDEAINDNE,ELCINDEA02,2023,19.039744409511318
GLOBAL,S1D1,TRNINDEAINDNE,ELCINDNE02,2024,27.596743632000003
GLOBAL,S1D1,TRNINDEAINDNE,ELCINDNE02,2025,27.596743632000003
GLOBAL,S1D1,TRNINDEAINDNE,ELCINDNE02,2026,27.596743632000003
GLOBAL,S1D1,TRNINDEAINDNE,ELCINDNE02,2027,27.596743632000003
GLOBAL,S1D1,TRNINDEAINDNE,ELCINDNE02,2028,27.596743632000003
GLOBAL,S1D1,TRNINDEAINDNE,ELCINDNE02,2029,27.596743631999992
GLOBAL,S1D1,TRNINDEAINDNE,ELCINDNE02,2030,43.232292432
GLOBAL,S1D1,TRNINDEAINDNE,ELCINDNE02,2031,58.867841232
GLOBAL,S1D1,TRNINDEAINDNE,ELCINDNE02,2032,74.50339003200001
GLOBAL,S1D1,TRNINDEAINDNE,ELCINDNE02,2033,90.138938832
GLOBAL,S1D1,TRNINDEAINDNE,ELCINDNE02,2034,105.774487632
GLOBAL,S1D1,TRNINDEAINDNE,ELCINDNE02,2035,121.410036432
GLOBAL,S1D1,TRNINDEAINDNE,ELCINDNE02,2036,137.045585232
GLOBAL,S1D1,TRNINDEAINDNE,ELCINDNE02,2037,152.68113403200002
GLOBAL,S1D1,TRNINDEAINDNE,ELCINDNE02,2038,168.31668283200003
GLOBAL,S1D1,TRNINDEAINDNE,ELCINDNE02,2039,183.952231632
GLOBAL,S1D1,TRNINDEAINDNE,ELCINDNE02,2040,199.587780432
GLOBAL,S1D1,TRNINDEAINDNE,ELCINDNE02,2041,215.223329232
GLOBAL,S1D1,TRNINDEAINDNE,ELCINDNE02,2042,230.858878032
GLOBAL,S1D1,TRNINDEAINDNE,ELCINDNE02,2043,246.494426832
GLOBAL,S1D1,TRNINDEAINDNE,ELCINDNE02,2044,262.129975632
GLOBAL,S1D1,TRNINDEAINDNE,ELCINDNE02,2045,277.765524432
GLOBAL,S1D1,TRNINDEAINDNE,ELCINDNE02,2046,293.40107323200004
GLOBAL,S1D1,TRNINDEAINDNE,ELCINDNE02,2047,309.0366220320001
GLOBAL,S1D1,TRNINDEAINDNE,ELCINDNE02,2048,324.67217083200006
GLOBAL,S1D1,TRNINDEAINDNE,ELCINDNE02,2049,340.3077196320001
GLOBAL,S1D1,TRNINDEAINDNE,ELCINDNE02,2050,355.9432684320001
GLOBAL,S1D1,TRNINDEAINDNO,ELCINDNO02,2025,41.418532642658
GLOBAL,S1D1,TRNINDEAINDNO,ELCINDNO02,2026,48.30037187942573
GLOBAL,S1D1,TRNINDEAINDNO,ELCINDNO02,2027,56.14857535136761
GLOBAL,S1D1,TRNINDEAINDNO,ELCINDNO02,2028,64.01717701297012
GLOBAL,S1D1,TRNINDEAINDNO,ELCINDNO02,2029,71.97764271409498
GLOBAL,S1D1,TRNINDEAINDNO,ELCINDNO02,2030,63.78539857756231
GLOBAL,S1D1,TRNINDEAINDNO,ELCINDNO02,2031,45.59435443436711
GLOBAL,S1D1,TRNINDEAINDNO,ELCINDNO02,2032,32.64930787518665
GLOBAL,S1D1,TRNINDEAINDSO,ELCINDEA02,2048,9.204146962072226
GLOBAL,S1D1,TRNINDEAINDSO,ELCINDEA02,2049,61.21317355200001
GLOBAL,S1D1,TRNINDEAINDSO,ELCINDEA02,2050,62.10647350875632
GLOBAL,S1D1,TRNINDNEINDNO,ELCINDNE02,2024,23.453323200000003
GLOBAL,S1D1,TRNINDNEINDNO,ELCINDNE02,2025,23.453323200000003
GLOBAL,S1D1,TRNINDNEINDNO,ELCINDNE02,2026,23.453323200000003
GLOBAL,S1D1,TRNINDNEINDNO,ELCINDNE02,2027,23.453323200000003
GLOBAL,S1D1,TRNINDNEINDNO,ELCINDNE02,2028,23.453323200000003
GLOBAL,S1D1,TRNINDNEINDNO,ELCINDNE02,2029,23.453323200000003
GLOBAL,S1D1,TRNINDNEINDNO,ELCINDNE02,2030,39.088872
GLOBAL,S1D1,TRNINDNEINDNO,ELCINDNE02,2031,54.724420800000004
GLOBAL,S1D1,TRNINDNEINDNO,ELCINDNE02,2032,70.3599696
GLOBAL,S1D1,TRNINDNEINDNO,ELCINDNE02,2033,85.99551840000001
GLOBAL,S1D1,TRNINDNEINDNO,ELCINDNE02,2034,101.6310672
GLOBAL,S1D1,TRNINDNEINDNO,ELCINDNE02,2035,117.26661600000001
GLOBAL,S1D1,TRNINDNEINDNO,ELCINDNE02,2036,132.90216480000004
GLOBAL,S1D1,TRNINDNEINDNO,ELCINDNE02,2037,148.53771360000002
GLOBAL,S1D1,TRNINDNEINDNO,ELCINDNE02,2038,164.17326240000003
GLOBAL,S1D1,TRNINDNEINDNO,ELCINDNE02,2039,179.80881120000006
GLOBAL,S1D1,TRNINDNEINDNO,ELCINDNE02,2040,195.44436000000005
GLOBAL,S1D1,TRNINDNEINDNO,ELCINDNE02,2041,211.07990880000006
GLOBAL,S1D1,TRNINDNEINDNO,ELCINDNE02,2042,226.7154576
GLOBAL,S1D1,TRNINDNEINDNO,ELCINDNE02,2043,242.35100640000002
GLOBAL,S1D1,TRNINDNEINDNO,ELCINDNE02,2044,257.98655520000005
GLOBAL,S1D1,TRNINDNEINDNO,ELCINDNE02,2045,273.6221040000001
GLOBAL,S1D1,TRNINDNEINDNO,ELCINDNE02,2046,237.60997430967728
GLOBAL,S1D1,TRNINDNEINDNO,ELCINDNE02,2047,225.2263509903496
GLOBAL,S1D1,TRNINDNEINDNO,ELCINDNE02,2048,257.16406105525095
GLOBAL,S1D1,TRNINDNEINDNO,ELCINDNE02,2049,265.94144450026766
GLOBAL,S1D1,TRNINDNEINDNO,ELCINDNE02,2050,277.88293087508305
GLOBAL,S1D1,TRNINDNOINDWE,ELCINDNO02,2025,92.7916695289075
GLOBAL,S1D1,TRNINDNOINDWE,ELCINDNO02,2026,71.29208023590206
GLOBAL,S1D1,TRNINDNOINDWE,ELCINDNO02,2027,47.848676763960164
GLOBAL,S1D1,TRNINDNOINDWE,ELCINDNO02,2028,33.13598243035767
GLOBAL,S1D1,TRNINDNOINDWE,ELCINDNO02,2029,5.99147565623673
GLOBAL,S1D1,TRNINDNOINDWE,ELCINDNO02,2030,17.0971074328055
GLOBAL,S1D1,TRNINDSOINDWE,ELCINDWE02,2025,122.43041147848675
GLOBAL,S1D1,TRNINDSOINDWE,ELCINDWE02,2026,100.30091092474527
GLOBAL,S1D1,TRNINDSOINDWE,ELCINDWE02,2027,61.88646598669334
GLOBAL,S1D1,TRNINDSOINDWE,ELCINDWE02,2028,33.472413016429755
GLOBAL,S1D1,TRNINDSOINDWE,ELCINDWE02,2045,77.22371156305968
GLOBAL,S1D1,TRNINDSOINDWE,ELCINDWE02,2046,128.42237310787138
GLOBAL,S1D1,TRNINDSOINDWE,ELCINDWE02,2047,197.42849334524684
GLOBAL,S1D1,TRNINDSOINDWE,ELCINDWE02,2048,235.471364928
GLOBAL,S1D1,TRNINDSOINDWE,ELCINDWE02,2049,251.10691372800002
GLOBAL,S1D1,TRNINDSOINDWE,ELCINDWE02,2050,266.742462528
GLOBAL,S1D2,PWRBIOINDNO01,BIOINDNO,2021,2.789186461560001
GLOBAL,S1D2,PWRBIOINDNO01,BIOINDNO,2022,2.789186461560001
GLOBAL,S1D2,PWRBIOINDNO01,BIOINDNO,2023,2.789186461560001
GLOBAL,S1D2,PWRBIOINDNO01,BIOINDNO,2024,2.789186461560001
GLOBAL,S1D2,PWRBIOINDNO01,BIOINDNO,2025,5.578372923120001
GLOBAL,S1D2,PWRBIOINDNO01,BIOINDNO,2026,5.578372923120001
GLOBAL,S1D2,PWRBIOINDNO01,BIOINDNO,2027,5.578372923120001
GLOBAL,S1D2,PWRBIOINDNO01,BIOINDNO,2028,5.578372923120001
GLOBAL,S1D2,PWRBIOINDNO01,BIOINDNO,2029,5.578372923120001
GLOBAL,S1D2,PWRBIOINDNO01,BIOINDNO,2030,5.578372923120001
GLOBAL,S1D2,PWRBIOINDNO01,BIOINDNO,2031,5.578372923120001
GLOBAL,S1D2,PWRBIOINDNO01,BIOINDNO,2032,5.578372923120001
GLOBAL,S1D2,PWRBIOINDNO01,BIOINDNO,2033,5.578372923120001
GLOBAL,S1D2,PWRBIOINDNO01,BIOINDNO,2034,5.578372923120001
GLOBAL,S1D2,PWRBIOINDNO01,BIOINDNO,2035,5.578372923120001
GLOBAL,S1D2,PWRBIOINDNO01,BIOINDNO,2036,5.578372923120001
GLOBAL,S1D2,PWRBIOINDNO01,BIOINDNO,2037,5.578372923120001
GLOBAL,S1D2,PWRBIOINDNO01,BIOINDNO,2038,5.578372923120001
GLOBAL,S1D2,PWRBIOINDNO01,BIOINDNO,2039,3.8760525475200005
GLOBAL,S1D2,PWRBIOINDNO01,BIOINDNO,2040,2.8284707779200002
GLOBAL,S1D2,PWRBIOINDNO01,BIOINDNO,2041,2.8284707779200002
GLOBAL,S1D2,PWRBIOINDNO01,BIOINDNO,2042,2.8284707779200002
GLOBAL,S1D2,PWRBIOINDNO01,BIOINDNO,2043,2.8284707779200002
GLOBAL,S1D2,PWRBIOINDNO01,BIOINDNO,2044,2.8284707779200002
GLOBAL,S1D2,PWRBIOINDNO01,BIOINDNO,2045,2.8284707779200002
GLOBAL,S1D2,PWRBIOINDNO01,BIOINDNO,2046,2.8284707779200002
GLOBAL,S1D2,PWRBIOINDNO01,BIOINDNO,2047,2.8284707779200002
GLOBAL,S1D2,PWRBIOINDNO01,BIOINDNO,2048,2.8284707779200002
GLOBAL,S1D2,PWRBIOINDNO01,BIOINDNO,2049,2.8284707779200002
GLOBAL,S1D2,PWRBIOINDNO01,BIOINDNO,2050,2.8284707779200002
GLOBAL,S1D2,PWRBIOINDSO01,BIOINDSO,2021,35.0368374418488
GLOBAL,S1D2,PWRBIOINDSO01,BIOINDSO,2022,35.0368374418488
GLOBAL,S1D2,PWRBIOINDSO01,BIOINDSO,2023,35.0368374418488
GLOBAL,S1D2,PWRBIOINDSO01,BIOINDSO,2024,35.0368374418488
GLOBAL,S1D2,PWRBIOINDSO01,BIOINDSO,2025,70.0736748836976
GLOBAL,S1D2,PWRBIOINDSO01,BIOINDSO,2026,70.0736748836976
GLOBAL,S1D2,PWRBIOINDSO01,BIOINDSO,2027,70.0736748836976
GLOBAL,S1D2,PWRBIOINDSO01,BIOINDSO,2028,70.0736748836976
GLOBAL,S1D2,PWRBIOINDSO01,BIOINDSO,2029,70.0736748836976
GLOBAL,S1D2,PWRBIOINDSO01,BIOINDSO,2030,70.0736748836976
GLOBAL,S1D2,PWRBIOINDSO01,BIOINDSO,2031,70.0736748836976
GLOBAL,S1D2,PWRBIOINDWE01,BIOINDWE,2021,1.6270742969999998
GLOBAL,S1D2,PWRBIOINDWE01,BIOINDWE,2022,1.6270742969999998
GLOBAL,S1D2,PWRBIOINDWE01,BIOINDWE,2023,1.6270742969999998
GLOBAL,S1D2,PWRBIOINDWE01,BIOINDWE,2024,1.6270742969999998
GLOBAL,S1D2,PWRBIOINDWE01,BIOINDWE,2025,3.254148594
GLOBAL,S1D2,PWRBIOINDWE01,BIOINDWE,2026,3.254148594
GLOBAL,S1D2,PWRBIOINDWE01,BIOINDWE,2027,3.254148594
GLOBAL,S1D2,PWRBIOINDWE01,BIOINDWE,2028,3.254148594
GLOBAL,S1D2,PWRBIOINDWE01,BIOINDWE,2029,3.254148594
GLOBAL,S1D2,PWRBIOINDWE01,BIOINDWE,2030,3.254148594
GLOBAL,S1D2,PWRBIOINDWE01,BIOINDWE,2031,3.254148594
GLOBAL,S1D2,PWRBIOINDWE01,BIOINDWE,2032,3.254148594
GLOBAL,S1D2,PWRBIOINDWE01,BIOINDWE,2033,3.254148594
GLOBAL,S1D2,PWRBIOINDWE01,BIOINDWE,2034,3.254148594
GLOBAL,S1D2,PWRBIOINDWE01,BIOINDWE,2035,3.254148594
GLOBAL,S1D2,PWRBIOINDWE01,BIOINDWE,2036,3.254148594
GLOBAL,S1D2,PWRBIOINDWE01,BIOINDWE,2037,3.254148594
GLOBAL,S1D2,PWRBIOINDWE01,BIOINDWE,2038,3.254148594
GLOBAL,S1D2,PWRBIOINDWE01,BIOINDWE,2039,3.254148594
GLOBAL,S1D2,PWRBIOINDWE01,BIOINDWE,2040,3.254148594
GLOBAL,S1D2,PWRBIOINDWE01,BIOINDWE,2041,3.254148594
GLOBAL,S1D2,PWRBIOINDWE01,BIOINDWE,2042,3.254148594
GLOBAL,S1D2,PWRBIOINDWE01,BIOINDWE,2043,3.254148594
GLOBAL,S1D2,PWRBIOINDWE01,BIOINDWE,2044,3.254148594
GLOBAL,S1D2,PWRBIOINDWE01,BIOINDWE,2045,3.254148594
GLOBAL,S1D2,PWRBIOINDWE01,BIOINDWE,2046,3.254148594
GLOBAL,S1D2,PWRBIOINDWE01,BIOINDWE,2047,3.254148594
GLOBAL,S1D2,PWRBIOINDWE01,BIOINDWE,2048,3.254148594
GLOBAL,S1D2,PWRBIOINDWE01,BIOINDWE,2049,3.254148594
GLOBAL,S1D2,PWRBIOINDWE01,BIOINDWE,2050,3.254148594
GLOBAL,S1D2,PWRCCGINDEA01,GASINT,2047,84.27332787535181
GLOBAL,S1D2,PWRCCGINDEA01,GASINT,2048,125.85299174304356
GLOBAL,S1D2,PWRCCGINDEA01,GASINT,2049,180.1884621788254
GLOBAL,S1D2,PWRCCGINDEA01,GASINT,2050,256.5682173717922
GLOBAL,S1D2,PWRCCGINDNO01,GASINT,2031,111.74939936002977
GLOBAL,S1D2,PWRCCGINDNO01,GASINT,2032,149.22030622594986
GLOBAL,S1D2,PWRCCGINDNO01,GASINT,2033,219.7494168980458
GLOBAL,S1D2,PWRCCGINDNO01,GASINT,2034,268.931725408747
GLOBAL,S1D2,PWRCCGINDNO01,GASINT,2035,313.48619568790315
GLOBAL,S1D2,PWRCCGINDNO01,GASINT,2036,366.915666770607
GLOBAL,S1D2,PWRCCGINDNO01,GASINT,2037,423.9253592365987
GLOBAL,S1D2,PWRCCGINDNO01,GASINT,2038,477.1836596187581
GLOBAL,S1D2,PWRCCGINDNO01,GASINT,2039,536.2791866344189
GLOBAL,S1D2,PWRCCGINDNO01,GASINT,2040,593.6228473513451
GLOBAL,S1D2,PWRCCGINDNO01,GASINT,2041,679.9557953629279
GLOBAL,S1D2,PWRCCGINDNO01,GASINT,2042,749.5626274477802
GLOBAL,S1D2,PWRCCGINDNO01,GASINT,2043,815.9014449041032
GLOBAL,S1D2,PWRCCGINDNO01,GASINT,2044,892.315126961924
GLOBAL,S1D2,PWRCCGINDNO01,GASINT,2045,967.7166523010693
GLOBAL,S1D2,PWRCCGINDNO01,GASINT,2046,1165.7200021853064
GLOBAL,S1D2,PWRCCGINDNO01,GASINT,2047,1235.7261271884076
GLOBAL,S1D2,PWRCCGINDNO01,GASINT,2048,1357.7786527676483
GLOBAL,S1D2,PWRCCGINDNO01,GASINT,2049,1452.4214205094581
GLOBAL,S1D2,PWRCCGINDNO01,GASINT,2050,1589.2675634416287
GLOBAL,S1D2,PWRCCGINDSO01,GASINT,2031,295.0493726632594
GLOBAL,S1D2,PWRCCGINDSO01,GASINT,2032,417.9380429102967
GLOBAL,S1D2,PWRCCGINDSO01,GASINT,2033,536.5376312260204
GLOBAL,S1D2,PWRCCGINDSO01,GASINT,2034,624.4251547087108
GLOBAL,S1D2,PWRCCGINDSO01,GASINT,2035,715.4662891891082
GLOBAL,S1D2,PWRCCGINDSO01,GASINT,2036,816.4579734720885
GLOBAL,S1D2,PWRCCGINDSO01,GASINT,2037,912.7646831804603
GLOBAL,S1D2,PWRCCGINDSO01,GASINT,2038,1035.132867260624
GLOBAL,S1D2,PWRCCGINDSO01,GASINT,2039,1134.8377394234562
GLOBAL,S1D2,PWRCCGINDSO01,GASINT,2040,1230.4176630143882
GLOBAL,S1D2,PWRCCGINDSO01,GASINT,2041,1368.9303536120397
GLOBAL,S1D2,PWRCCGINDSO01,GASINT,2042,1481.6852225949783
GLOBAL,S1D2,PWRCCGINDSO01,GASINT,2043,1605.4868418265637
GLOBAL,S1D2,PWRCCGINDSO01,GASINT,2044,1728.3051562998216
GLOBAL,S1D2,PWRCCGINDSO01,GASINT,2045,1875.0633613072287
GLOBAL,S1D2,PWRCCGINDSO01,GASINT,2046,2099.500859017377
GLOBAL,S1D2,PWRCCGINDSO01,GASINT,2047,2271.845128433776
GLOBAL,S1D2,PWRCCGINDSO01,GASINT,2048,2451.8984392074253
GLOBAL,S1D2,PWRCCGINDSO01,GASINT,2049,2617.6255905819944
GLOBAL,S1D2,PWRCCGINDSO01,GASINT,2050,2704.698496084948
GLOBAL,S1D2,PWRCCGINDWE01,GASINT,2035,52.297679396375564
GLOBAL,S1D2,PWRCCGINDWE01,GASINT,2036,144.05066592985395
GLOBAL,S1D2,PWRCCGINDWE01,GASINT,2037,226.96145531356348
GLOBAL,S1D2,PWRCCGINDWE01,GASINT,2038,306.7440231893029
GLOBAL,S1D2,PWRCCGINDWE01,GASINT,2039,394.14023065385453
GLOBAL,S1D2,PWRCCGINDWE01,GASINT,2040,477.84714826508963
GLOBAL,S1D2,PWRCCGINDWE01,GASINT,2041,622.9288774721877
GLOBAL,S1D2,PWRCCGINDWE01,GASINT,2042,733.7862242126015
GLOBAL,S1D2,PWRCCGINDWE01,GASINT,2043,877.6990828418702
GLOBAL,S1D2,PWRCCGINDWE01,GASINT,2044,1035.4002120662594
GLOBAL,S1D2,PWRCCGINDWE01,GASINT,2045,1186.7199371643094
GLOBAL,S1D2,PWRCCGINDWE01,GASINT,2046,1284.375924361599
GLOBAL,S1D2,PWRCCGINDWE01,GASINT,2047,1521.8082265644896
GLOBAL,S1D2,PWRCCGINDWE01,GASINT,2048,1779.3353986485934
GLOBAL,S1D2,PWRCCGINDWE01,GASINT,2049,2068.9337346850875
GLOBAL,S1D2,PWRCCGINDWE01,GASINT,2050,2347.473841003282
GLOBAL,S1D2,PWRCOAINDEA01,COAINT,2021,468.91448087385294
GLOBAL,S1D2,PWRCOAINDEA01,COAINT,2022,515.1802089424524
GLOBAL,S1D2,PWRCOAINDEA01,COAINT,2023,559.7960517823217
GLOBAL,S1D2,PWRCOAINDEA01,COAINT,2024,453.0302026696316
GLOBAL,S1D2,PWRCOAINDEA01,COAINT,2025,583.6655156291911
GLOBAL,S1D2,PWRCOAINDEA01,COAINT,2026,603.3007406291912
GLOBAL,S1D2,PWRCOAINDEA01,COAINT,2027,625.6931906291911
GLOBAL,S1D2,PWRCOAINDEA01,COAINT,2028,648.1438406291912
GLOBAL,S1D2,PWRCOAINDEA01,COAINT,2029,670.8418406291911
GLOBAL,S1D2,PWRCOAINDEA01,COAINT,2030,663.6138508268342
GLOBAL,S1D2,PWRCOAINDEA01,COAINT,2031,654.9096990360945
GLOBAL,S1D2,PWRCOAINDEA01,COAINT,2032,660.9199847189645
GLOBAL,S1D2,PWRCOAINDEA01,COAINT,2033,668.4331158817566
GLOBAL,S1D2,PWRCOAINDEA01,COAINT,2034,755.7653194320046
GLOBAL,S1D2,PWRCOAINDEA01,COAINT,2035,815.597466928528
GLOBAL,S1D2,PWRCOAINDEA01,COAINT,2036,838.9251345453611
GLOBAL,S1D2,PWRCOAINDEA01,COAINT,2037,862.6240220670834
GLOBAL,S1D2,PWRCOAINDEA01,COAINT,2038,885.6840822829329
GLOBAL,S1D2,PWRCOAINDEA01,COAINT,2039,906.4159425321034
GLOBAL,S1D2,PWRCOAINDEA01,COAINT,2040,926.0976923333864
GLOBAL,S1D2,PWRCOAINDEA01,COAINT,2041,955.4295807645514
GLOBAL,S1D2,PWRCOAINDEA01,COAINT,2042,985.630958217912
GLOBAL,S1D2,PWRCOAINDEA01,COAINT,2043,1015.7268015669548
GLOBAL,S1D2,PWRCOAINDEA01,COAINT,2044,1012.5446937160322
GLOBAL,S1D2,PWRCOAINDEA01,COAINT,2045,978.078862607472
GLOBAL,S1D2,PWRCOAINDEA01,COAINT,2046,915.0621285013921
GLOBAL,S1D2,PWRCOAINDEA01,COAINT,2047,806.3184501522721
GLOBAL,S1D2,PWRCOAINDEA01,COAINT,2048,760.1365114391521
GLOBAL,S1D2,PWRCOAINDEA01,COAINT,2049,709.5411263662561
GLOBAL,S1D2,PWRCOAINDEA01,COAINT,2050,627.77862009288
GLOBAL,S1D2,PWRCOAINDNE01,COAINT,2021,17.120925936
GLOBAL,S1D2,PWRCOAINDNE01,COAINT,2022,17.120925936
GLOBAL,S1D2,PWRCOAINDNE01,COAINT,2023,17.120925936
GLOBAL,S1D2,PWRCOAINDNO01,COAINT,2021,622.3607258431192
GLOBAL,S1D2,PWRCOAINDNO01,COAINT,2022,711.3747880178582
GLOBAL,S1D2,PWRCOAINDNO01,COAINT,2023,770.174642157083
GLOBAL,S1D2,PWRCOAINDNO01,COAINT,2024,786.9706104743816
GLOBAL,S1D2,PWRCOAINDNO01,COAINT,2025,1033.161525892555
GLOBAL,S1D2,PWRCOAINDNO01,COAINT,2026,1075.862006826274
GLOBAL,S1D2,PWRCOAINDNO01,COAINT,2027,1121.7118948262741
GLOBAL,S1D2,PWRCOAINDNO01,COAINT,2028,1135.3979353958741
GLOBAL,S1D2,PWRCOAINDNO01,COAINT,2029,1180.965583395874
GLOBAL,S1D2,PWRCOAINDNO01,COAINT,2030,1169.6389457612834
GLOBAL,S1D2,PWRCOAINDNO01,COAINT,2031,1074.9897765224352
GLOBAL,S1D2,PWRCOAINDNO01,COAINT,2032,1074.9897765224352
GLOBAL,S1D2,PWRCOAINDNO01,COAINT,2033,1026.860742917251
GLOBAL,S1D2,PWRCOAINDNO01,COAINT,2034,1010.295989087616
GLOBAL,S1D2,PWRCOAINDNO01,COAINT,2035,1000.642601258496
GLOBAL,S1D2,PWRCOAINDNO01,COAINT,2036,994.896537074496
GLOBAL,S1D2,PWRCOAINDNO01,COAINT,2037,984.323778975936
GLOBAL,S1D2,PWRCOAINDNO01,COAINT,2038,978.5777147919359
GLOBAL,S1D2,PWRCOAINDNO01,COAINT,2039,967.4303502749759
GLOBAL,S1D2,PWRCOAINDNO01,COAINT,2040,957.2023560274561
GLOBAL,S1D2,PWRCOAINDNO01,COAINT,2041,920.7723091008959
GLOBAL,S1D2,PWRCOAINDNO01,COAINT,2042,911.118921271776
GLOBAL,S1D2,PWRCOAINDNO01,COAINT,2043,901.580454726336
GLOBAL,S1D2,PWRCOAINDNO01,COAINT,2044,880.2050959618559
GLOBAL,S1D2,PWRCOAINDNO01,COAINT,2045,853.5893266615681
GLOBAL,S1D2,PWRCOAINDNO01,COAINT,2046,775.2130111918079
GLOBAL,S1D2,PWRCOAINDNO01,COAINT,2047,689.41278079632
GLOBAL,S1D2,PWRCOAINDNO01,COAINT,2048,607.01422039776
GLOBAL,S1D2,PWRCOAINDNO01,COAINT,2049,571.61846502432
GLOBAL,S1D2,PWRCOAINDNO01,COAINT,2050,474.39505903104003
GLOBAL,S1D2,PWRCOAINDSO01,COAINT,2021,848.8851133055383
GLOBAL,S1D2,PWRCOAINDSO01,COAINT,2022,931.6115821119174
GLOBAL,S1D2,PWRCOAINDSO01,COAINT,2023,974.7816114611868
GLOBAL,S1D2,PWRCOAINDSO01,COAINT,2024,1078.1230366070092
GLOBAL,S1D2,PWRCOAINDSO01,COAINT,2025,1313.766707546664
GLOBAL,S1D2,PWRCOAINDSO01,COAINT,2026,1315.541928668544
GLOBAL,S1D2,PWRCOAINDSO01,COAINT,2027,1299.049551794304
GLOBAL,S1D2,PWRCOAINDSO01,COAINT,2028,1289.428998617664
GLOBAL,S1D2,PWRCOAINDSO01,COAINT,2029,1284.618722029344
GLOBAL,S1D2,PWRCOAINDSO01,COAINT,2030,1265.3776156760641
GLOBAL,S1D2,PWRCOAINDSO01,COAINT,2031,1179.4798194560642
GLOBAL,S1D2,PWRCOAINDSO01,COAINT,2032,1173.9823604979842
GLOBAL,S1D2,PWRCOAINDSO01,COAINT,2033,1119.694953286944
GLOBAL,S1D2,PWRCOAINDSO01,COAINT,2034,1113.9684335389443
GLOBAL,S1D2,PWRCOAINDSO01,COAINT,2035,1104.347880362304
GLOBAL,S1D2,PWRCOAINDSO01,COAINT,2036,1098.392299824384
GLOBAL,S1D2,PWRCOAINDSO01,COAINT,2037,1098.392299824384
GLOBAL,S1D2,PWRCOAINDSO01,COAINT,2038,1060.1391479077442
GLOBAL,S1D2,PWRCOAINDSO01,COAINT,2039,1055.328871319424
GLOBAL,S1D2,PWRCOAINDSO01,COAINT,2040,1055.328871319424
GLOBAL,S1D2,PWRCOAINDSO01,COAINT,2041,1012.723564394304
GLOBAL,S1D2,PWRCOAINDSO01,COAINT,2042,1008.4172215438081
GLOBAL,S1D2,PWRCOAINDSO01,COAINT,2043,987.343628871168
GLOBAL,S1D2,PWRCOAINDSO01,COAINT,2044,985.5569547097921
GLOBAL,S1D2,PWRCOAINDSO01,COAINT,2045,959.5585550538722
GLOBAL,S1D2,PWRCOAINDSO01,COAINT,2046,920.2975356615841
GLOBAL,S1D2,PWRCOAINDSO01,COAINT,2047,874.0272560977442
GLOBAL,S1D2,PWRCOAINDSO01,COAINT,2048,810.2338261050239
GLOBAL,S1D2,PWRCOAINDSO01,COAINT,2049,746.1197110064162
GLOBAL,S1D2,PWRCOAINDSO01,COAINT,2050,698.4750667030561
GLOBAL,S1D2,PWRCOAINDWE01,COAINT,2021,780.9416359701021
GLOBAL,S1D2,PWRCOAINDWE01,COAINT,2022,837.8662097260424
GLOBAL,S1D2,PWRCOAINDWE01,COAINT,2023,895.5779111665626
GLOBAL,S1D2,PWRCOAINDWE01,COAINT,2024,965.0095627254243
GLOBAL,S1D2,PWRCOAINDWE01,COAINT,2025,1303.3697723910445
GLOBAL,S1D2,PWRCOAINDWE01,COAINT,2026,1355.1692937150658
GLOBAL,S1D2,PWRCOAINDWE01,COAINT,2027,1455.7495197797723
GLOBAL,S1D2,PWRCOAINDWE01,COAINT,2028,1573.871475641193
GLOBAL,S1D2,PWRCOAINDWE01,COAINT,2029,1685.7569948212306
GLOBAL,S1D2,PWRCOAINDWE01,COAINT,2030,1820.703115816481
GLOBAL,S1D2,PWRCOAINDWE01,COAINT,2031,1690.6948336898122
GLOBAL,S1D2,PWRCOAINDWE01,COAINT,2032,1799.9656746201479
GLOBAL,S1D2,PWRCOAINDWE01,COAINT,2033,1907.423053320096
GLOBAL,S1D2,PWRCOAINDWE01,COAINT,2034,1931.8497629175363
GLOBAL,S1D2,PWRCOAINDWE01,COAINT,2035,1905.992474089536
GLOBAL,S1D2,PWRCOAINDWE01,COAINT,2036,1886.8006197149762
GLOBAL,S1D2,PWRCOAINDWE01,COAINT,2037,1880.709791679936
GLOBAL,S1D2,PWRCOAINDWE01,COAINT,2038,1880.709791679936
GLOBAL,S1D2,PWRCOAINDWE01,COAINT,2039,1870.608210844464
GLOBAL,S1D2,PWRCOAINDWE01,COAINT,2040,1869.746301216864
GLOBAL,S1D2,PWRCOAINDWE01,COAINT,2041,1794.587781690144
GLOBAL,S1D2,PWRCOAINDWE01,COAINT,2042,1771.833367521504
GLOBAL,S1D2,PWRCOAINDWE01,COAINT,2043,1703.3862509616959
GLOBAL,S1D2,PWRCOAINDWE01,COAINT,2044,1667.232015115968
GLOBAL,S1D2,PWRCOAINDWE01,COAINT,2045,1627.3543296790083
GLOBAL,S1D2,PWRCOAINDWE01,COAINT,2046,1532.4293493593282
GLOBAL,S1D2,PWRCOAINDWE01,COAINT,2047,1426.6557998602561
GLOBAL,S1D2,PWRCOAINDWE01,COAINT,2048,1215.98210261808
GLOBAL,S1D2,PWRCOAINDWE01,COAINT,2049,950.62885860096
GLOBAL,S1D2,PWRCOAINDWE01,COAINT,2050,703.6630199726401
GLOBAL,S1D2,PWRCSPINDNO01,CSPINDNO,2021,0.0027792187992
GLOBAL,S1D2,PWRCSPINDNO01,CSPINDNO,2022,0.0027792187992
GLOBAL,S1D2,PWRCSPINDNO01,CSPINDNO,2023,0.0027792187992
GLOBAL,S1D2,PWRCSPINDNO01,CSPINDNO,2024,0.0027792187992
GLOBAL,S1D2,PWRCSPINDNO01,CSPINDNO,2025,0.0027792187992
GLOBAL,S1D2,PWRCSPINDNO01,CSPINDNO,2026,0.0027792187992
GLOBAL,S1D2,PWRCSPINDNO01,CSPINDNO,2027,0.0027792187992
GLOBAL,S1D2,PWRCSPINDNO01,CSPINDNO,2028,0.0027792187992
GLOBAL,S1D2,PWRCSPINDNO01,CSPINDNO,2029,0.0027792187992
GLOBAL,S1D2,PWRCSPINDNO01,CSPINDNO,2030,0.0027792187992
GLOBAL,S1D2,PWRCSPINDNO01,CSPINDNO,2031,0.0027792187992
GLOBAL,S1D2,PWRCSPINDNO01,CSPINDNO,2032,0.0027792187992
GLOBAL,S1D2,PWRCSPINDNO01,CSPINDNO,2033,0.0027792187992
GLOBAL,S1D2,PWRCSPINDNO01,CSPINDNO,2034,0.0027792187992
GLOBAL,S1D2,PWRCSPINDNO01,CSPINDNO,2035,0.0027792187992
GLOBAL,S1D2,PWRCSPINDNO01,CSPINDNO,2036,0.0027792187992
GLOBAL,S1D2,PWRCSPINDNO01,CSPINDNO,2037,0.0027792187992
GLOBAL,S1D2,PWRCSPINDNO01,CSPINDNO,2038,0.0027792187992
GLOBAL,S1D2,PWRCSPINDNO01,CSPINDNO,2039,0.0027792187992
GLOBAL,S1D2,PWRCSPINDNO01,CSPINDNO,2040,0.0013915638432
GLOBAL,S1D2,PWRCSPINDNO01,CSPINDNO,2041,0.0013915638432
GLOBAL,S1D2,PWRCSPINDNO01,CSPINDNO,2042,0.00136811052
GLOBAL,S1D2,PWRCSPINDNO01,CSPINDNO,2043,0.00136811052
GLOBAL,S1D2,PWRCSPINDNO01,CSPINDNO,2044,0.0009772218000000002
GLOBAL,S1D2,PWRCSPINDSO01,CSPINDSO,2021,0.00078177744
GLOBAL,S1D2,PWRCSPINDSO01,CSPINDSO,2022,0.00078177744
GLOBAL,S1D2,PWRCSPINDSO01,CSPINDSO,2023,0.00078177744
GLOBAL,S1D2,PWRCSPINDSO01,CSPINDSO,2024,0.00078177744
GLOBAL,S1D2,PWRCSPINDSO01,CSPINDSO,2025,0.00078177744
GLOBAL,S1D2,PWRCSPINDSO01,CSPINDSO,2026,0.00078177744
GLOBAL,S1D2,PWRCSPINDSO01,CSPINDSO,2027,0.00078177744
GLOBAL,S1D2,PWRCSPINDSO01,CSPINDSO,2028,0.00078177744
GLOBAL,S1D2,PWRCSPINDSO01,CSPINDSO,2029,0.00078177744
GLOBAL,S1D2,PWRCSPINDSO01,CSPINDSO,2030,0.00078177744
GLOBAL,S1D2,PWRCSPINDSO01,CSPINDSO,2031,0.00078177744
GLOBAL,S1D2,PWRCSPINDSO01,CSPINDSO,2032,0.00078177744
GLOBAL,S1D2,PWRCSPINDSO01,CSPINDSO,2033,0.00078177744
GLOBAL,S1D2,PWRCSPINDSO01,CSPINDSO,2034,0.00078177744
GLOBAL,S1D2,PWRCSPINDSO01,CSPINDSO,2035,0.00078177744
GLOBAL,S1D2,PWRCSPINDSO01,CSPINDSO,2036,0.00078177744
GLOBAL,S1D2,PWRCSPINDSO01,CSPINDSO,2037,0.00078177744
GLOBAL,S1D2,PWRCSPINDSO01,CSPINDSO,2038,0.00078177744
GLOBAL,S1D2,PWRCSPINDSO01,CSPINDSO,2039,0.00078177744
GLOBAL,S1D2,PWRHYDINDEA01,HYDINDEA,2021,9.2296097322192
GLOBAL,S1D2,PWRHYDINDEA01,HYDINDEA,2022,9.2296097322192
GLOBAL,S1D2,PWRHYDINDEA01,HYDINDEA,2023,9.2296097322192
GLOBAL,S1D2,PWRHYDINDEA01,HYDINDEA,2024,10.2547544892912
GLOBAL,S1D2,PWRHYDINDEA01,HYDINDEA,2025,10.2547544892912
GLOBAL,S1D2,PWRHYDINDEA01,HYDINDEA,2026,10.2547544892912
GLOBAL,S1D2,PWRHYDINDEA01,HYDINDEA,2027,10.2547544892912
GLOBAL,S1D2,PWRHYDINDEA01,HYDINDEA,2028,10.2547544892912
GLOBAL,S1D2,PWRHYDINDEA01,HYDINDEA,2029,10.2547544892912
GLOBAL,S1D2,PWRHYDINDEA01,HYDINDEA,2030,10.2547544892912
GLOBAL,S1D2,PWRHYDINDEA01,HYDINDEA,2031,10.2547544892912
GLOBAL,S1D2,PWRHYDINDEA01,HYDINDEA,2032,10.2547544892912
GLOBAL,S1D2,PWRHYDINDEA01,HYDINDEA,2033,10.2547544892912
GLOBAL,S1D2,PWRHYDINDEA01,HYDINDEA,2034,10.2547544892912
GLOBAL,S1D2,PWRHYDINDEA01,HYDINDEA,2035,10.2547544892912
GLOBAL,S1D2,PWRHYDINDEA01,HYDINDEA,2036,10.2547544892912
GLOBAL,S1D2,PWRHYDINDEA01,HYDINDEA,2037,10.2547544892912
GLOBAL,S1D2,PWRHYDINDEA01,HYDINDEA,2038,10.2547544892912
GLOBAL,S1D2,PWRHYDINDEA01,HYDINDEA,2039,10.2547544892912
GLOBAL,S1D2,PWRHYDINDEA01,HYDINDEA,2040,10.2547544892912
GLOBAL,S1D2,PWRHYDINDEA01,HYDINDEA,2041,10.2547544892912
GLOBAL,S1D2,PWRHYDINDEA01,HYDINDEA,2042,10.2547544892912
GLOBAL,S1D2,PWRHYDINDEA01,HYDINDEA,2043,10.2547544892912
GLOBAL,S1D2,PWRHYDINDEA01,HYDINDEA,2044,10.2547544892912
GLOBAL,S1D2,PWRHYDINDEA01,HYDINDEA,2045,10.2547544892912
GLOBAL,S1D2,PWRHYDINDEA01,HYDINDEA,2046,10.2547544892912
GLOBAL,S1D2,PWRHYDINDEA01,HYDINDEA,2047,10.2547544892912
GLOBAL,S1D2,PWRHYDINDEA01,HYDINDEA,2048,10.2547544892912
GLOBAL,S1D2,PWRHYDINDEA01,HYDINDEA,2049,10.2547544892912
GLOBAL,S1D2,PWRHYDINDEA01,HYDINDEA,2050,10.2547544892912
GLOBAL,S1D2,PWRHYDINDNE01,HYDINDNE,2021,4.087443603741121
GLOBAL,S1D2,PWRHYDINDNE01,HYDINDNE,2022,4.087443603741121
GLOBAL,S1D2,PWRHYDINDNE01,HYDINDNE,2023,8.83752332918112
GLOBAL,S1D2,PWRHYDINDNE01,HYDINDNE,2024,9.09877771408032
GLOBAL,S1D2,PWRHYDINDNE01,HYDINDNE,2025,9.09877771408032
GLOBAL,S1D2,PWRHYDINDNE01,HYDINDNE,2026,9.09877771408032
GLOBAL,S1D2,PWRHYDINDNE01,HYDINDNE,2027,9.09877771408032
GLOBAL,S1D2,PWRHYDINDNE01,HYDINDNE,2028,9.09877771408032
GLOBAL,S1D2,PWRHYDINDNE01,HYDINDNE,2029,9.09877771408032
GLOBAL,S1D2,PWRHYDINDNE01,HYDINDNE,2030,9.09877771408032
GLOBAL,S1D2,PWRHYDINDNE01,HYDINDNE,2031,8.87704513495078
GLOBAL,S1D2,PWRHYDINDNE01,HYDINDNE,2032,9.09877771408032
GLOBAL,S1D2,PWRHYDINDNE01,HYDINDNE,2033,9.09877771408032
GLOBAL,S1D2,PWRHYDINDNE01,HYDINDNE,2034,9.09877771408032
GLOBAL,S1D2,PWRHYDINDNE01,HYDINDNE,2035,9.09877771408032
GLOBAL,S1D2,PWRHYDINDNE01,HYDINDNE,2036,9.09877771408032
GLOBAL,S1D2,PWRHYDINDNE01,HYDINDNE,2037,9.09877771408032
GLOBAL,S1D2,PWRHYDINDNE01,HYDINDNE,2038,9.09877771408032
GLOBAL,S1D2,PWRHYDINDNE01,HYDINDNE,2039,9.09877771408032
GLOBAL,S1D2,PWRHYDINDNE01,HYDINDNE,2040,9.09877771408032
GLOBAL,S1D2,PWRHYDINDNE01,HYDINDNE,2041,9.09877771408032
GLOBAL,S1D2,PWRHYDINDNE01,HYDINDNE,2042,9.09877771408032
GLOBAL,S1D2,PWRHYDINDNE01,HYDINDNE,2043,9.09877771408032
GLOBAL,S1D2,PWRHYDINDNE01,HYDINDNE,2044,9.09877771408032
GLOBAL,S1D2,PWRHYDINDNE01,HYDINDNE,2045,9.09877771408032
GLOBAL,S1D2,PWRHYDINDNE01,HYDINDNE,2046,9.09877771408032
GLOBAL,S1D2,PWRHYDINDNE01,HYDINDNE,2047,9.09877771408032
GLOBAL,S1D2,PWRHYDINDNE01,HYDINDNE,2048,9.09877771408032
GLOBAL,S1D2,PWRHYDINDNE01,HYDINDNE,2049,9.09877771408032
GLOBAL,S1D2,PWRHYDINDNE01,HYDINDNE,2050,9.09877771408032
GLOBAL,S1D2,PWRHYDINDNO01,HYDINDNO,2021,58.54215900471552
GLOBAL,S1D2,PWRHYDINDNO01,HYDINDNO,2022,59.37991170941952
GLOBAL,S1D2,PWRHYDINDNO01,HYDINDNO,2023,66.34442919452543
GLOBAL,S1D2,PWRHYDINDNO01,HYDINDNO,2024,66.34442919452543
GLOBAL,S1D2,PWRHYDINDNO01,HYDINDNO,2025,71.54966599975296
GLOBAL,S1D2,PWRHYDINDNO01,HYDINDNO,2026,72.13609289304576
GLOBAL,S1D2,PWRHYDINDNO01,HYDINDNO,2027,72.13609289304576
GLOBAL,S1D2,PWRHYDINDNO01,HYDINDNO,2028,72.13609289304576
GLOBAL,S1D2,PWRHYDINDNO01,HYDINDNO,2029,72.13609289304576
GLOBAL,S1D2,PWRHYDINDNO01,HYDINDNO,2030,72.13609289304576
GLOBAL,S1D2,PWRHYDINDNO01,HYDINDNO,2031,72.13609289304576
GLOBAL,S1D2,PWRHYDINDNO01,HYDINDNO,2032,72.13609289304576
GLOBAL,S1D2,PWRHYDINDNO01,HYDINDNO,2033,71.82891690132097
GLOBAL,S1D2,PWRHYDINDNO01,HYDINDNO,2034,71.82891690132097
GLOBAL,S1D2,PWRHYDINDNO01,HYDINDNO,2035,71.82891690132097
GLOBAL,S1D2,PWRHYDINDNO01,HYDINDNO,2036,71.82891690132097
GLOBAL,S1D2,PWRHYDINDNO01,HYDINDNO,2037,71.82891690132097
GLOBAL,S1D2,PWRHYDINDNO01,HYDINDNO,2038,71.82891690132097
GLOBAL,S1D2,PWRHYDINDNO01,HYDINDNO,2039,71.82891690132097
GLOBAL,S1D2,PWRHYDINDNO01,HYDINDNO,2040,71.82891690132097
GLOBAL,S1D2,PWRHYDINDNO01,HYDINDNO,2041,71.82891690132097
GLOBAL,S1D2,PWRHYDINDNO01,HYDINDNO,2042,71.82891690132097
GLOBAL,S1D2,PWRHYDINDNO01,HYDINDNO,2043,71.82891690132097
GLOBAL,S1D2,PWRHYDINDNO01,HYDINDNO,2044,71.82891690132097
GLOBAL,S1D2,PWRHYDINDNO01,HYDINDNO,2045,71.82891690132097
GLOBAL,S1D2,PWRHYDINDNO01,HYDINDNO,2046,71.82891690132097
GLOBAL,S1D2,PWRHYDINDNO01,HYDINDNO,2047,71.82891690132097
GLOBAL,S1D2,PWRHYDINDNO01,HYDINDNO,2048,71.82891690132097
GLOBAL,S1D2,PWRHYDINDNO01,HYDINDNO,2049,71.82891690132097
GLOBAL,S1D2,PWRHYDINDNO01,HYDINDNO,2050,71.82891690132097
GLOBAL,S1D2,PWRHYDINDSO01,HYDINDSO,2021,18.622454593910398
GLOBAL,S1D2,PWRHYDINDSO01,HYDINDSO,2022,18.622454593910398
GLOBAL,S1D2,PWRHYDINDSO01,HYDINDSO,2023,19.4527022351904
GLOBAL,S1D2,PWRHYDINDSO01,HYDINDSO,2024,19.4527022351904
GLOBAL,S1D2,PWRHYDINDSO01,HYDINDSO,2025,19.4527022351904
GLOBAL,S1D2,PWRHYDINDSO01,HYDINDSO,2026,19.4527022351904
GLOBAL,S1D2,PWRHYDINDSO01,HYDINDSO,2027,19.4527022351904
GLOBAL,S1D2,PWRHYDINDSO01,HYDINDSO,2028,19.4527022351904
GLOBAL,S1D2,PWRHYDINDSO01,HYDINDSO,2029,19.4527022351904
GLOBAL,S1D2,PWRHYDINDSO01,HYDINDSO,2030,19.4527022351904
GLOBAL,S1D2,PWRHYDINDSO01,HYDINDSO,2031,19.4527022351904
GLOBAL,S1D2,PWRHYDINDSO01,HYDINDSO,2032,19.4527022351904
GLOBAL,S1D2,PWRHYDINDSO01,HYDINDSO,2033,19.4527022351904
GLOBAL,S1D2,PWRHYDINDSO01,HYDINDSO,2034,19.4527022351904
GLOBAL,S1D2,PWRHYDINDSO01,HYDINDSO,2035,19.4527022351904
GLOBAL,S1D2,PWRHYDINDSO01,HYDINDSO,2036,19.4527022351904
GLOBAL,S1D2,PWRHYDINDSO01,HYDINDSO,2037,19.4527022351904
GLOBAL,S1D2,PWRHYDINDSO01,HYDINDSO,2038,19.4527022351904
GLOBAL,S1D2,PWRHYDINDSO01,HYDINDSO,2039,19.4527022351904
GLOBAL,S1D2,PWRHYDINDSO01,HYDINDSO,2040,19.4527022351904
GLOBAL,S1D2,PWRHYDINDSO01,HYDINDSO,2041,19.4527022351904
GLOBAL,S1D2,PWRHYDINDSO01,HYDINDSO,2042,19.4527022351904
GLOBAL,S1D2,PWRHYDINDSO01,HYDINDSO,2043,19.4527022351904
GLOBAL,S1D2,PWRHYDINDSO01,HYDINDSO,2044,19.4527022351904
GLOBAL,S1D2,PWRHYDINDSO01,HYDINDSO,2045,19.4527022351904
GLOBAL,S1D2,PWRHYDINDSO01,HYDINDSO,2046,19.4527022351904
GLOBAL,S1D2,PWRHYDINDSO01,HYDINDSO,2047,19.4527022351904
GLOBAL,S1D2,PWRHYDINDSO01,HYDINDSO,2048,19.4527022351904
GLOBAL,S1D2,PWRHYDINDSO01,HYDINDSO,2049,22.325260429705295
GLOBAL,S1D2,PWRHYDINDSO01,HYDINDSO,2050,57.71084564442931
GLOBAL,S1D2,PWRHYDINDWE01,HYDINDWE,2021,9.558327601303201
GLOBAL,S1D2,PWRHYDINDWE01,HYDINDWE,2022,9.558327601303201
GLOBAL,S1D2,PWRHYDINDWE01,HYDINDWE,2023,9.558327601303201
GLOBAL,S1D2,PWRHYDINDWE01,HYDINDWE,2024,9.558327601303201
GLOBAL,S1D2,PWRHYDINDWE01,HYDINDWE,2025,9.6685894914408
GLOBAL,S1D2,PWRHYDINDWE01,HYDINDWE,2026,9.6685894914408
GLOBAL,S1D2,PWRHYDINDWE01,HYDINDWE,2027,9.6685894914408
GLOBAL,S1D2,PWRHYDINDWE01,HYDINDWE,2028,9.2551074034248
GLOBAL,S1D2,PWRHYDINDWE01,HYDINDWE,2029,9.2551074034248
GLOBAL,S1D2,PWRHYDINDWE01,HYDINDWE,2030,9.2551074034248
GLOBAL,S1D2,PWRHYDINDWE01,HYDINDWE,2031,9.2551074034248
GLOBAL,S1D2,PWRHYDINDWE01,HYDINDWE,2032,9.2551074034248
GLOBAL,S1D2,PWRHYDINDWE01,HYDINDWE,2033,9.2551074034248
GLOBAL,S1D2,PWRHYDINDWE01,HYDINDWE,2034,9.2551074034248
GLOBAL,S1D2,PWRHYDINDWE01,HYDINDWE,2035,9.2551074034248
GLOBAL,S1D2,PWRHYDINDWE01,HYDINDWE,2036,9.2551074034248
GLOBAL,S1D2,PWRHYDINDWE01,HYDINDWE,2037,9.2551074034248
GLOBAL,S1D2,PWRHYDINDWE01,HYDINDWE,2038,9.2551074034248
GLOBAL,S1D2,PWRHYDINDWE01,HYDINDWE,2039,9.2551074034248
GLOBAL,S1D2,PWRHYDINDWE01,HYDINDWE,2040,9.2551074034248
GLOBAL,S1D2,PWRHYDINDWE01,HYDINDWE,2041,9.2551074034248
GLOBAL,S1D2,PWRHYDINDWE01,HYDINDWE,2042,9.2551074034248
GLOBAL,S1D2,PWRHYDINDWE01,HYDINDWE,2043,9.2551074034248
GLOBAL,S1D2,PWRHYDINDWE01,HYDINDWE,2044,9.2551074034248
GLOBAL,S1D2,PWRHYDINDWE01,HYDINDWE,2045,9.2551074034248
GLOBAL,S1D2,PWRHYDINDWE01,HYDINDWE,2046,9.2551074034248
GLOBAL,S1D2,PWRHYDINDWE01,HYDINDWE,2047,9.2551074034248
GLOBAL,S1D2,PWRHYDINDWE01,HYDINDWE,2048,9.2551074034248
GLOBAL,S1D2,PWRHYDINDWE01,HYDINDWE,2049,9.2551074034248
GLOBAL,S1D2,PWRHYDINDWE01,HYDINDWE,2050,9.2551074034248
GLOBAL,S1D2,PWRSPVINDEA01,SPVINDEA,2021,0.00241881939936
GLOBAL,S1D2,PWRSPVINDEA01,SPVINDEA,2022,0.00241881939936
GLOBAL,S1D2,PWRSPVINDEA01,SPVINDEA,2023,0.00241881939936
GLOBAL,S1D2,PWRSPVINDEA01,SPVINDEA,2024,0.54555869583936
GLOBAL,S1D2,PWRSPVINDEA01,SPVINDEA,2025,1.0886985722793598
GLOBAL,S1D2,PWRSPVINDEA01,SPVINDEA,2026,1.0886985722793598
GLOBAL,S1D2,PWRSPVINDEA01,SPVINDEA,2027,1.0886985722793598
GLOBAL,S1D2,PWRSPVINDEA01,SPVINDEA,2028,1.0886985722793598
GLOBAL,S1D2,PWRSPVINDEA01,SPVINDEA,2029,1.0886985722793598
GLOBAL,S1D2,PWRSPVINDEA01,SPVINDEA,2030,1.0886985722793598
GLOBAL,S1D2,PWRSPVINDEA01,SPVINDEA,2031,1.245733778823901
GLOBAL,S1D2,PWRSPVINDEA01,SPVINDEA,2032,1.3413797396845237
GLOBAL,S1D2,PWRSPVINDEA01,SPVINDEA,2033,1.458083954867234
GLOBAL,S1D2,PWRSPVINDEA01,SPVINDEA,2034,1.4629411148788702
GLOBAL,S1D2,PWRSPVINDEA01,SPVINDEA,2035,1.4711809791621424
GLOBAL,S1D2,PWRSPVINDEA01,SPVINDEA,2036,1.4995056500582502
GLOBAL,S1D2,PWRSPVINDEA01,SPVINDEA,2037,1.52862720801835
GLOBAL,S1D2,PWRSPVINDEA01,SPVINDEA,2038,1.556626618888339
GLOBAL,S1D2,PWRSPVINDEA01,SPVINDEA,2039,1.5792267133247566
GLOBAL,S1D2,PWRSPVINDEA01,SPVINDEA,2040,1.6001354556253562
GLOBAL,S1D2,PWRSPVINDEA01,SPVINDEA,2041,1.6398604904369287
GLOBAL,S1D2,PWRSPVINDEA01,SPVINDEA,2042,1.6822851834652877
GLOBAL,S1D2,PWRSPVINDEA01,SPVINDEA,2043,1.7247749284988698
GLOBAL,S1D2,PWRSPVINDEA01,SPVINDEA,2044,1.762954978186378
GLOBAL,S1D2,PWRSPVINDEA01,SPVINDEA,2045,1.802257174963996
GLOBAL,S1D2,PWRSPVINDEA01,SPVINDEA,2046,1.8793545867766197
GLOBAL,S1D2,PWRSPVINDEA01,SPVINDEA,2047,1.9406931503237872
GLOBAL,S1D2,PWRSPVINDEA01,SPVINDEA,2048,2.086437182044983
GLOBAL,S1D2,PWRSPVINDEA01,SPVINDEA,2049,2.481468459641957
GLOBAL,S1D2,PWRSPVINDEA01,SPVINDEA,2050,2.548642030212843
GLOBAL,S1D2,PWRSPVINDNE01,SPVINDNE,2021,0.0008005400985600001
GLOBAL,S1D2,PWRSPVINDNE01,SPVINDNE,2022,0.0041778186393600005
GLOBAL,S1D2,PWRSPVINDNE01,SPVINDNE,2023,0.0041778186393600005
GLOBAL,S1D2,PWRSPVINDNE01,SPVINDNE,2024,0.0041778186393600005
GLOBAL,S1D2,PWRSPVINDNE01,SPVINDNE,2025,0.0041778186393600005
GLOBAL,S1D2,PWRSPVINDNE01,SPVINDNE,2026,0.0041778186393600005
GLOBAL,S1D2,PWRSPVINDNE01,SPVINDNE,2027,0.0041778186393600005
GLOBAL,S1D2,PWRSPVINDNE01,SPVINDNE,2028,0.0041778186393600005
GLOBAL,S1D2,PWRSPVINDNE01,SPVINDNE,2029,0.0041778186393600005
GLOBAL,S1D2,PWRSPVINDNE01,SPVINDNE,2030,0.0041778186393600005
GLOBAL,S1D2,PWRSPVINDNE01,SPVINDNE,2031,0.0041778186393600005
GLOBAL,S1D2,PWRSPVINDNE01,SPVINDNE,2032,0.0041778186393600005
GLOBAL,S1D2,PWRSPVINDNE01,SPVINDNE,2033,0.0041778186393600005
GLOBAL,S1D2,PWRSPVINDNE01,SPVINDNE,2034,0.0041778186393600005
GLOBAL,S1D2,PWRSPVINDNE01,SPVINDNE,2035,0.0041778186393600005
GLOBAL,S1D2,PWRSPVINDNE01,SPVINDNE,2036,0.0041778186393600005
GLOBAL,S1D2,PWRSPVINDNE01,SPVINDNE,2037,0.0041778186393600005
GLOBAL,S1D2,PWRSPVINDNE01,SPVINDNE,2038,0.0041778186393600005
GLOBAL,S1D2,PWRSPVINDNE01,SPVINDNE,2039,0.0041778186393600005
GLOBAL,S1D2,PWRSPVINDNE01,SPVINDNE,2040,0.0041778186393600005
GLOBAL,S1D2,PWRSPVINDNE01,SPVINDNE,2041,0.0041778186393600005
GLOBAL,S1D2,PWRSPVINDNE01,SPVINDNE,2042,0.0041778186393600005
GLOBAL,S1D2,PWRSPVINDNE01,SPVINDNE,2043,0.0041778186393600005
GLOBAL,S1D2,PWRSPVINDNE01,SPVINDNE,2044,0.0041778186393600005
GLOBAL,S1D2,PWRSPVINDNE01,SPVINDNE,2045,0.0041778186393600005
GLOBAL,S1D2,PWRSPVINDNE01,SPVINDNE,2046,0.0041778186393600005
GLOBAL,S1D2,PWRSPVINDNE01,SPVINDNE,2047,0.0041778186393600005
GLOBAL,S1D2,PWRSPVINDNE01,SPVINDNE,2048,0.0041778186393600005
GLOBAL,S1D2,PWRSPVINDNE01,SPVINDNE,2049,0.0041778186393600005
GLOBAL,S1D2,PWRSPVINDNE01,SPVINDNE,2050,0.0041778186393600005
GLOBAL,S1D2,PWRSPVINDNO01,SPVINDNO,2021,0.03427625007936
GLOBAL,S1D2,PWRSPVINDNO01,SPVINDNO,2022,0.04380142640832
GLOBAL,S1D2,PWRSPVINDNO01,SPVINDNO,2023,0.04380142640832
GLOBAL,S1D2,PWRSPVINDNO01,SPVINDNO,2024,0.46086718220927997
GLOBAL,S1D2,PWRSPVINDNO01,SPVINDNO,2025,0.8598307985609499
GLOBAL,S1D2,PWRSPVINDNO01,SPVINDNO,2026,0.8598307985609499
GLOBAL,S1D2,PWRSPVINDNO01,SPVINDNO,2027,0.8598307985609499
GLOBAL,S1D2,PWRSPVINDNO01,SPVINDNO,2028,0.8598307985609499
GLOBAL,S1D2,PWRSPVINDNO01,SPVINDNO,2029,0.8598307985609499
GLOBAL,S1D2,PWRSPVINDNO01,SPVINDNO,2030,0.8598307985609499
GLOBAL,S1D2,PWRSPVINDNO01,SPVINDNO,2031,0.8598307985609469
GLOBAL,S1D2,PWRSPVINDNO01,SPVINDNO,2032,0.8598307985609499
GLOBAL,S1D2,PWRSPVINDNO01,SPVINDNO,2033,0.8667244807977961
GLOBAL,S1D2,PWRSPVINDNO01,SPVINDNO,2034,0.9020936684872586
GLOBAL,S1D2,PWRSPVINDNO01,SPVINDNO,2035,0.9356045778457853
GLOBAL,S1D2,PWRSPVINDNO01,SPVINDNO,2036,0.9803660694539564
GLOBAL,S1D2,PWRSPVINDNO01,SPVINDNO,2037,1.0252818228699767
GLOBAL,S1D2,PWRSPVINDNO01,SPVINDNO,2038,1.0699053561622969
GLOBAL,S1D2,PWRSPVINDNO01,SPVINDNO,2039,1.1153874388471299
GLOBAL,S1D2,PWRSPVINDNO01,SPVINDNO,2040,1.16199950310086
GLOBAL,S1D2,PWRSPVINDNO01,SPVINDNO,2041,1.2173657876517652
GLOBAL,S1D2,PWRSPVINDNO01,SPVINDNO,2042,1.2736028485919142
GLOBAL,S1D2,PWRSPVINDNO01,SPVINDNO,2043,1.327305727936275
GLOBAL,S1D2,PWRSPVINDNO01,SPVINDNO,2044,1.3896632355177803
GLOBAL,S1D2,PWRSPVINDNO01,SPVINDNO,2045,1.4649750264633614
GLOBAL,S1D2,PWRSPVINDNO01,SPVINDNO,2046,1.6528137913823444
GLOBAL,S1D2,PWRSPVINDNO01,SPVINDNO,2047,1.7643621372511313
GLOBAL,S1D2,PWRSPVINDNO01,SPVINDNO,2048,1.8379018331346482
GLOBAL,S1D2,PWRSPVINDNO01,SPVINDNO,2049,1.9113439711896292
GLOBAL,S1D2,PWRSPVINDNO01,SPVINDNO,2050,1.9849116500644874
GLOBAL,S1D2,PWRSPVINDSO01,SPVINDSO,2021,0.05088745712448
GLOBAL,S1D2,PWRSPVINDSO01,SPVINDSO,2022,0.05271056211456
GLOBAL,S1D2,PWRSPVINDSO01,SPVINDSO,2023,0.05271056211456
GLOBAL,S1D2,PWRSPVINDSO01,SPVINDSO,2024,0.30509959084416005
GLOBAL,S1D2,PWRSPVINDSO01,SPVINDSO,2025,0.55717590859776
GLOBAL,S1D2,PWRSPVINDSO01,SPVINDSO,2026,0.8092522263513601
GLOBAL,S1D2,PWRSPVINDSO01,SPVINDSO,2027,0.9083109284167638
GLOBAL,S1D2,PWRSPVINDSO01,SPVINDSO,2028,1.0048983345496014
GLOBAL,S1D2,PWRSPVINDSO01,SPVINDSO,2029,1.0907902494661963
GLOBAL,S1D2,PWRSPVINDSO01,SPVINDSO,2030,1.1301247537092738
GLOBAL,S1D2,PWRSPVINDSO01,SPVINDSO,2031,1.213681627435207
GLOBAL,S1D2,PWRSPVINDSO01,SPVINDSO,2032,1.2984703220381
GLOBAL,S1D2,PWRSPVINDSO01,SPVINDSO,2033,1.3832048165224058
GLOBAL,S1D2,PWRSPVINDSO01,SPVINDSO,2034,1.4674909282074986
GLOBAL,S1D2,PWRSPVINDSO01,SPVINDSO,2035,1.5522616613692417
GLOBAL,S1D2,PWRSPVINDSO01,SPVINDSO,2036,1.6495361487729867
GLOBAL,S1D2,PWRSPVINDSO01,SPVINDSO,2037,1.7461803407955767
GLOBAL,S1D2,PWRSPVINDSO01,SPVINDSO,2038,1.842789588533775
GLOBAL,S1D2,PWRSPVINDSO01,SPVINDSO,2039,1.9395207330810984
GLOBAL,S1D2,PWRSPVINDSO01,SPVINDSO,2040,2.0362589584192854
GLOBAL,S1D2,PWRSPVINDSO01,SPVINDSO,2041,2.1459903854619027
GLOBAL,S1D2,PWRSPVINDSO01,SPVINDSO,2042,2.2560980111872015
GLOBAL,S1D2,PWRSPVINDSO01,SPVINDSO,2043,2.3657674244754414
GLOBAL,S1D2,PWRSPVINDSO01,SPVINDSO,2044,2.4851544275671573
GLOBAL,S1D2,PWRSPVINDSO01,SPVINDSO,2045,2.52075066909696
GLOBAL,S1D2,PWRSPVINDSO01,SPVINDSO,2046,2.52075066909696
GLOBAL,S1D2,PWRSPVINDSO01,SPVINDSO,2047,2.52075066909696
GLOBAL,S1D2,PWRSPVINDSO01,SPVINDSO,2048,2.5207506690969597
GLOBAL,S1D2,PWRSPVINDSO01,SPVINDSO,2049,2.52075066909696
GLOBAL,S1D2,PWRSPVINDSO01,SPVINDSO,2050,2.52075066909696
GLOBAL,S1D2,PWRSPVINDWE01,SPVINDWE,2021,0.012026864136959999
GLOBAL,S1D2,PWRSPVINDWE01,SPVINDWE,2022,0.01296343351008
GLOBAL,S1D2,PWRSPVINDWE01,SPVINDWE,2023,0.013122916107840001
GLOBAL,S1D2,PWRSPVINDWE01,SPVINDWE,2024,0.2144728228896
GLOBAL,S1D2,PWRSPVINDWE01,SPVINDWE,2025,0.4148845967433599
GLOBAL,S1D2,PWRSPVINDWE01,SPVINDWE,2026,0.42670269579076153
GLOBAL,S1D2,PWRSPVINDWE01,SPVINDWE,2027,0.42670269579076153
GLOBAL,S1D2,PWRSPVINDWE01,SPVINDWE,2028,0.42670269579076153
GLOBAL,S1D2,PWRSPVINDWE01,SPVINDWE,2029,0.4384680289978946
GLOBAL,S1D2,PWRSPVINDWE01,SPVINDWE,2030,0.4483791853271798
GLOBAL,S1D2,PWRSPVINDWE01,SPVINDWE,2031,0.487625363628771
GLOBAL,S1D2,PWRSPVINDWE01,SPVINDWE,2032,0.5183174885423283
GLOBAL,S1D2,PWRSPVINDWE01,SPVINDWE,2033,0.5487030270411056
GLOBAL,S1D2,PWRSPVINDWE01,SPVINDWE,2034,0.5799996894017087
GLOBAL,S1D2,PWRSPVINDWE01,SPVINDWE,2035,0.6106041630032065
GLOBAL,S1D2,PWRSPVINDWE01,SPVINDWE,2036,0.6470932397661056
GLOBAL,S1D2,PWRSPVINDWE01,SPVINDWE,2037,0.6836775165772605
GLOBAL,S1D2,PWRSPVINDWE01,SPVINDWE,2038,0.7206236450405284
GLOBAL,S1D2,PWRSPVINDWE01,SPVINDWE,2039,0.7579044015460866
GLOBAL,S1D2,PWRSPVINDWE01,SPVINDWE,2040,0.7962170909409456
GLOBAL,S1D2,PWRSPVINDWE01,SPVINDWE,2041,0.8396708519185133
GLOBAL,S1D2,PWRSPVINDWE01,SPVINDWE,2042,0.8835290471241186
GLOBAL,S1D2,PWRSPVINDWE01,SPVINDWE,2043,0.9280185574539195
GLOBAL,S1D2,PWRSPVINDWE01,SPVINDWE,2044,0.9770357128098198
GLOBAL,S1D2,PWRSPVINDWE01,SPVINDWE,2045,1.0587538949010897
GLOBAL,S1D2,PWRSPVINDWE01,SPVINDWE,2046,1.1606403214552952
GLOBAL,S1D2,PWRSPVINDWE01,SPVINDWE,2047,1.2684837648983993
GLOBAL,S1D2,PWRSPVINDWE01,SPVINDWE,2048,1.3645112637974768
GLOBAL,S1D2,PWRSPVINDWE01,SPVINDWE,2049,1.426125352234479
GLOBAL,S1D2,PWRSPVINDWE01,SPVINDWE,2050,1.4880542878853311
GLOBAL,S1D2,PWRTRNINDEA,ELCINDEA01,2021,170.3874591590518
GLOBAL,S1D2,PWRTRNINDEA,ELCINDEA01,2022,186.28633478400002
GLOBAL,S1D2,PWRTRNINDEA,ELCINDEA01,2023,201.6182395399689
GLOBAL,S1D2,PWRTRNINDEA,ELCINDEA01,2024,193.2175
GLOBAL,S1D2,PWRTRNINDEA,ELCINDEA01,2025,238.6525
GLOBAL,S1D2,PWRTRNINDEA,ELCINDEA01,2026,245.40000000000003
GLOBAL,S1D2,PWRTRNINDEA,ELCINDEA01,2027,253.09500000000003
GLOBAL,S1D2,PWRTRNINDEA,ELCINDEA01,2028,260.80999999999995
GLOBAL,S1D2,PWRTRNINDEA,ELCINDEA01,2029,268.61000000000007
GLOBAL,S1D2,PWRTRNINDEA,ELCINDEA01,2030,281.2651184772059
GLOBAL,S1D2,PWRTRNINDEA,ELCINDEA01,2031,293.57
GLOBAL,S1D2,PWRTRNINDEA,ELCINDEA01,2032,310.87
GLOBAL,S1D2,PWRTRNINDEA,ELCINDEA01,2033,328.7074999999999
GLOBAL,S1D2,PWRTRNINDEA,ELCINDEA01,2034,373.86238744223635
GLOBAL,S1D2,PWRTRNINDEA,ELCINDEA01,2035,409.5704665049901
GLOBAL,S1D2,PWRTRNINDEA,ELCINDEA01,2036,432.75413557033954
GLOBAL,S1D2,PWRTRNINDEA,ELCINDEA01,2037,456.06616850037807
GLOBAL,S1D2,PWRTRNINDEA,ELCINDEA01,2038,479.1575509995214
GLOBAL,S1D2,PWRTRNINDEA,ELCINDEA01,2039,501.4434654651593
GLOBAL,S1D2,PWRTRNINDEA,ELCINDEA01,2040,523.3668258817928
GLOBAL,S1D2,PWRTRNINDEA,ELCINDEA01,2041,548.6252014328212
GLOBAL,S1D2,PWRTRNINDEA,ELCINDEA01,2042,574.1850701204842
GLOBAL,S1D2,PWRTRNINDEA,ELCINDEA01,2043,599.7087378449227
GLOBAL,S1D2,PWRTRNINDEA,ELCINDEA01,2044,613.7923738121714
GLOBAL,S1D2,PWRTRNINDEA,ELCINDEA01,2045,617.1267115630611
GLOBAL,S1D2,PWRTRNINDEA,ELCINDEA01,2046,610.6875376569858
GLOBAL,S1D2,PWRTRNINDEA,ELCINDEA01,2047,630.6555422963208
GLOBAL,S1D2,PWRTRNINDEA,ELCINDEA01,2048,650.8599999999999
GLOBAL,S1D2,PWRTRNINDEA,ELCINDEA01,2049,676.1750000000001
GLOBAL,S1D2,PWRTRNINDEA,ELCINDEA01,2050,701.4574999999999
GLOBAL,S1D2,PWRTRNINDNE,ELCINDNE01,2021,31.110000000000003
GLOBAL,S1D2,PWRTRNINDNE,ELCINDNE01,2022,33.705
GLOBAL,S1D2,PWRTRNINDNE,ELCINDNE01,2023,36.2975
GLOBAL,S1D2,PWRTRNINDNE,ELCINDNE01,2024,90.322566832
GLOBAL,S1D2,PWRTRNINDNE,ELCINDNE01,2025,99.835066832
GLOBAL,S1D2,PWRTRNINDNE,ELCINDNE01,2026,101.50006683199999
GLOBAL,S1D2,PWRTRNINDNE,ELCINDNE01,2027,103.237566832
GLOBAL,S1D2,PWRTRNINDNE,ELCINDNE01,2028,104.98256683200002
GLOBAL,S1D2,PWRTRNINDNE,ELCINDNE01,2029,106.750066832
GLOBAL,S1D2,PWRTRNINDNE,ELCINDNE01,2030,139.806164432
GLOBAL,S1D2,PWRTRNINDNE,ELCINDNE01,2031,174.809762032
GLOBAL,S1D2,PWRTRNINDNE,ELCINDNE01,2032,209.84335963200002
GLOBAL,S1D2,PWRTRNINDNE,ELCINDNE01,2033,244.809457232
GLOBAL,S1D2,PWRTRNINDNE,ELCINDNE01,2034,279.74555483200004
GLOBAL,S1D2,PWRTRNINDNE,ELCINDNE01,2035,314.71415243200005
GLOBAL,S1D2,PWRTRNINDNE,ELCINDNE01,2036,350.19025003200005
GLOBAL,S1D2,PWRTRNINDNE,ELCINDNE01,2037,385.62884763200003
GLOBAL,S1D2,PWRTRNINDNE,ELCINDNE01,2038,421.054945232
GLOBAL,S1D2,PWRTRNINDNE,ELCINDNE01,2039,456.558542832
GLOBAL,S1D2,PWRTRNINDNE,ELCINDNE01,2040,491.94464043199997
GLOBAL,S1D2,PWRTRNINDNE,ELCINDNE01,2041,527.9082380320001
GLOBAL,S1D2,PWRTRNINDNE,ELCINDNE01,2042,563.766835632
GLOBAL,S1D2,PWRTRNINDNE,ELCINDNE01,2043,599.835433232
GLOBAL,S1D2,PWRTRNINDNE,ELCINDNE01,2044,636.0015308320001
GLOBAL,S1D2,PWRTRNINDNE,ELCINDNE01,2045,672.0601284320002
GLOBAL,S1D2,PWRTRNINDNE,ELCINDNE01,2046,709.1212260320001
GLOBAL,S1D2,PWRTRNINDNE,ELCINDNE01,2047,745.7823236320002
GLOBAL,S1D2,PWRTRNINDNE,ELCINDNE01,2048,782.4334212320002
GLOBAL,S1D2,PWRTRNINDNE,ELCINDNE01,2049,819.0695188320003
GLOBAL,S1D2,PWRTRNINDNE,ELCINDNE01,2050,855.6981164320005
GLOBAL,S1D2,PWRTRNINDNO,ELCINDNO01,2021,288.3144
GLOBAL,S1D2,PWRTRNINDNO,ELCINDNO01,2022,325.24229004740255
GLOBAL,S1D2,PWRTRNINDNO,ELCINDNO01,2023,357.6792
GLOBAL,S1D2,PWRTRNINDNO,ELCINDNO01,2024,385.7568
GLOBAL,S1D2,PWRTRNINDNO,ELCINDNO01,2025,475.9320000000001
GLOBAL,S1D2,PWRTRNINDNO,ELCINDNO01,2026,491.04239999999993
GLOBAL,S1D2,PWRTRNINDNO,ELCINDNO01,2027,506.63759999999996
GLOBAL,S1D2,PWRTRNINDNO,ELCINDNO01,2028,522.2376
GLOBAL,S1D2,PWRTRNINDNO,ELCINDNO01,2029,537.7368
GLOBAL,S1D2,PWRTRNINDNO,ELCINDNO01,2030,553.14
GLOBAL,S1D2,PWRTRNINDNO,ELCINDNO01,2031,586.8288
GLOBAL,S1D2,PWRTRNINDNO,ELCINDNO01,2032,620.196
GLOBAL,S1D2,PWRTRNINDNO,ELCINDNO01,2033,653.4215999999999
GLOBAL,S1D2,PWRTRNINDNO,ELCINDNO01,2034,687.0456
GLOBAL,S1D2,PWRTRNINDNO,ELCINDNO01,2035,720.6767999999998
GLOBAL,S1D2,PWRTRNINDNO,ELCINDNO01,2036,760.1136
GLOBAL,S1D2,PWRTRNINDNO,ELCINDNO01,2037,799.6128
GLOBAL,S1D2,PWRTRNINDNO,ELCINDNO01,2038,838.9439999999998
GLOBAL,S1D2,PWRTRNINDNO,ELCINDNO01,2039,878.6784
GLOBAL,S1D2,PWRTRNINDNO,ELCINDNO01,2040,918.1680000000001
GLOBAL,S1D2,PWRTRNINDNO,ELCINDNO01,2041,963.4608
GLOBAL,S1D2,PWRTRNINDNO,ELCINDNO01,2042,1008.0336000000001
GLOBAL,S1D2,PWRTRNINDNO,ELCINDNO01,2043,1052.2704
GLOBAL,S1D2,PWRTRNINDNO,ELCINDNO01,2044,1095.5616
GLOBAL,S1D2,PWRTRNINDNO,ELCINDNO01,2045,1138.7856
GLOBAL,S1D2,PWRTRNINDNO,ELCINDNO01,2046,1224.566156960563
GLOBAL,S1D2,PWRTRNINDNO,ELCINDNO01,2047,1244.8478386345328
GLOBAL,S1D2,PWRTRNINDNO,ELCINDNO01,2048,1292.3592
GLOBAL,S1D2,PWRTRNINDNO,ELCINDNO01,2049,1342.3464
GLOBAL,S1D2,PWRTRNINDNO,ELCINDNO01,2050,1392.4056
GLOBAL,S1D2,PWRTRNINDSO,ELCINDSO01,2021,355.0775
GLOBAL,S1D2,PWRTRNINDSO,ELCINDSO01,2022,387.2225
GLOBAL,S1D2,PWRTRNINDSO,ELCINDSO01,2023,419.36999999999995
GLOBAL,S1D2,PWRTRNINDSO,ELCINDSO01,2024,454.8925
GLOBAL,S1D2,PWRTRNINDSO,ELCINDSO01,2025,565.475
GLOBAL,S1D2,PWRTRNINDSO,ELCINDSO01,2026,587.7225
GLOBAL,S1D2,PWRTRNINDSO,ELCINDSO01,2027,607.5225
GLOBAL,S1D2,PWRTRNINDSO,ELCINDSO01,2028,627.235
GLOBAL,S1D2,PWRTRNINDSO,ELCINDSO01,2029,647.0525
GLOBAL,S1D2,PWRTRNINDSO,ELCINDSO01,2030,667.01
GLOBAL,S1D2,PWRTRNINDSO,ELCINDSO01,2031,709.4050000000001
GLOBAL,S1D2,PWRTRNINDSO,ELCINDSO01,2032,752.425
GLOBAL,S1D2,PWRTRNINDSO,ELCINDSO01,2033,795.4175
GLOBAL,S1D2,PWRTRNINDSO,ELCINDSO01,2034,838.1825000000001
GLOBAL,S1D2,PWRTRNINDSO,ELCINDSO01,2035,881.1699999999998
GLOBAL,S1D2,PWRTRNINDSO,ELCINDSO01,2036,930.5125
GLOBAL,S1D2,PWRTRNINDSO,ELCINDSO01,2037,979.5199999999999
GLOBAL,S1D2,PWRTRNINDSO,ELCINDSO01,2038,1028.5375
GLOBAL,S1D2,PWRTRNINDSO,ELCINDSO01,2039,1077.5375
GLOBAL,S1D2,PWRTRNINDSO,ELCINDSO01,2040,1126.0675
GLOBAL,S1D2,PWRTRNINDSO,ELCINDSO01,2041,1181.56
GLOBAL,S1D2,PWRTRNINDSO,ELCINDSO01,2042,1237.225
GLOBAL,S1D2,PWRTRNINDSO,ELCINDSO01,2043,1292.5975
GLOBAL,S1D2,PWRTRNINDSO,ELCINDSO01,2044,1348.3025
GLOBAL,S1D2,PWRTRNINDSO,ELCINDSO01,2045,1403.9675
GLOBAL,S1D2,PWRTRNINDSO,ELCINDSO01,2046,1470.335
GLOBAL,S1D2,PWRTRNINDSO,ELCINDSO01,2047,1533.0800000000002
GLOBAL,S1D2,PWRTRNINDSO,ELCINDSO01,2048,1595.755
GLOBAL,S1D2,PWRTRNINDSO,ELCINDSO01,2049,1658.33
GLOBAL,S1D2,PWRTRNINDSO,ELCINDSO01,2050,1720.9725
GLOBAL,S1D2,PWRTRNINDWE,ELCINDWE01,2021,317.5375
GLOBAL,S1D2,PWRTRNINDWE,ELCINDWE01,2022,337.4625
GLOBAL,S1D2,PWRTRNINDWE,ELCINDWE01,2023,357.39
GLOBAL,S1D2,PWRTRNINDWE,ELCINDWE01,2024,386.68
GLOBAL,S1D2,PWRTRNINDWE,ELCINDWE01,2025,502.5130668321779
GLOBAL,S1D2,PWRTRNINDWE,ELCINDWE01,2026,520.1437697353141
GLOBAL,S1D2,PWRTRNINDWE,ELCINDWE01,2027,554.3547309818128
GLOBAL,S1D2,PWRTRNINDWE,ELCINDWE01,2028,594.1187849010827
GLOBAL,S1D2,PWRTRNINDWE,ELCINDWE01,2029,632.1868492751191
GLOBAL,S1D2,PWRTRNINDWE,ELCINDWE01,2030,675.5951137782957
GLOBAL,S1D2,PWRTRNINDWE,ELCINDWE01,2031,631.3913171882848
GLOBAL,S1D2,PWRTRNINDWE,ELCINDWE01,2032,668.5003100124501
GLOBAL,S1D2,PWRTRNINDWE,ELCINDWE01,2033,705.0808243604549
GLOBAL,S1D2,PWRTRNINDWE,ELCINDWE01,2034,713.4205256477952
GLOBAL,S1D2,PWRTRNINDWE,ELCINDWE01,2035,733.2575
GLOBAL,S1D2,PWRTRNINDWE,ELCINDWE01,2036,774.4325
GLOBAL,S1D2,PWRTRNINDWE,ELCINDWE01,2037,815.79
GLOBAL,S1D2,PWRTRNINDWE,ELCINDWE01,2038,857.4925
GLOBAL,S1D2,PWRTRNINDWE,ELCINDWE01,2039,899.5449999999998
GLOBAL,S1D2,PWRTRNINDWE,ELCINDWE01,2040,942.705
GLOBAL,S1D2,PWRTRNINDWE,ELCINDWE01,2041,991.7825
GLOBAL,S1D2,PWRTRNINDWE,ELCINDWE01,2042,1041.1325000000002
GLOBAL,S1D2,PWRTRNINDWE,ELCINDWE01,2043,1090.8975
GLOBAL,S1D2,PWRTRNINDWE,ELCINDWE01,2044,1141.8875
GLOBAL,S1D2,PWRTRNINDWE,ELCINDWE01,2045,1192.915
GLOBAL,S1D2,PWRTRNINDWE,ELCINDWE01,2046,1236.1725
GLOBAL,S1D2,PWRTRNINDWE,ELCINDWE01,2047,1289.6325
GLOBAL,S1D2,PWRTRNINDWE,ELCINDWE01,2048,1343.2125
GLOBAL,S1D2,PWRTRNINDWE,ELCINDWE01,2049,1396.8975
GLOBAL,S1D2,PWRTRNINDWE,ELCINDWE01,2050,1450.48
GLOBAL,S1D2,PWRURNINDNO01,URNINT,2021,26.380297935360005
GLOBAL,S1D2,PWRURNINDNO01,URNINT,2022,38.52911935296
GLOBAL,S1D2,PWRURNINDNO01,URNINT,2023,50.677940770560014
GLOBAL,S1D2,PWRURNINDNO01,URNINT,2024,50.677940770560014
GLOBAL,S1D2,PWRURNINDNO01,URNINT,2025,50.677940770560014
GLOBAL,S1D2,PWRURNINDNO01,URNINT,2026,50.677940770560014
GLOBAL,S1D2,PWRURNINDNO01,URNINT,2027,50.677940770560014
GLOBAL,S1D2,PWRURNINDNO01,URNINT,2028,74.97558360576001
GLOBAL,S1D2,PWRURNINDNO01,URNINT,2029,74.97558360576001
GLOBAL,S1D2,PWRURNINDNO01,URNINT,2030,74.97558360576001
GLOBAL,S1D2,PWRURNINDNO01,URNINT,2031,74.97558360576001
GLOBAL,S1D2,PWRURNINDNO01,URNINT,2032,74.97558360576001
GLOBAL,S1D2,PWRURNINDNO01,URNINT,2033,74.97558360576001
GLOBAL,S1D2,PWRURNINDNO01,URNINT,2034,74.97558360576001
GLOBAL,S1D2,PWRURNINDNO01,URNINT,2035,74.97558360576001
GLOBAL,S1D2,PWRURNINDNO01,URNINT,2036,74.97558360576001
GLOBAL,S1D2,PWRURNINDNO01,URNINT,2037,74.97558360576001
GLOBAL,S1D2,PWRURNINDNO01,URNINT,2038,74.97558360576001
GLOBAL,S1D2,PWRURNINDNO01,URNINT,2039,74.97558360576001
GLOBAL,S1D2,PWRURNINDNO01,URNINT,2040,74.97558360576001
GLOBAL,S1D2,PWRURNINDNO01,URNINT,2041,74.97558360576001
GLOBAL,S1D2,PWRURNINDNO01,URNINT,2042,71.50449177216001
GLOBAL,S1D2,PWRURNINDNO01,URNINT,2043,71.50449177216001
GLOBAL,S1D2,PWRURNINDNO01,URNINT,2044,71.50449177216001
GLOBAL,S1D2,PWRURNINDNO01,URNINT,2045,71.50449177216001
GLOBAL,S1D2,PWRURNINDNO01,URNINT,2046,71.50449177216001
GLOBAL,S1D2,PWRURNINDNO01,URNINT,2047,71.50449177216001
GLOBAL,S1D2,PWRURNINDNO01,URNINT,2048,71.50449177216001
GLOBAL,S1D2,PWRURNINDNO01,URNINT,2049,71.50449177216001
GLOBAL,S1D2,PWRURNINDNO01,URNINT,2050,71.50449177216001
GLOBAL,S1D2,PWRURNINDSO01,URNINT,2021,57.620124437760005
GLOBAL,S1D2,PWRURNINDSO01,URNINT,2022,66.29785402176
GLOBAL,S1D2,PWRURNINDSO01,URNINT,2023,101.00877235776002
GLOBAL,S1D2,PWRURNINDSO01,URNINT,2024,101.00877235776002
GLOBAL,S1D2,PWRURNINDSO01,URNINT,2025,101.00877235776002
GLOBAL,S1D2,PWRURNINDSO01,URNINT,2026,142.66187436095998
GLOBAL,S1D2,PWRURNINDSO01,URNINT,2027,160.01733352896002
GLOBAL,S1D2,PWRURNINDSO01,URNINT,2028,160.01733352896002
GLOBAL,S1D2,PWRURNINDSO01,URNINT,2029,160.01733352896002
GLOBAL,S1D2,PWRURNINDSO01,URNINT,2030,160.01733352896002
GLOBAL,S1D2,PWRURNINDSO01,URNINT,2031,160.01733352896002
GLOBAL,S1D2,PWRURNINDSO01,URNINT,2032,160.01733352896002
GLOBAL,S1D2,PWRURNINDSO01,URNINT,2033,160.01733352896002
GLOBAL,S1D2,PWRURNINDSO01,URNINT,2034,160.01733352896002
GLOBAL,S1D2,PWRURNINDSO01,URNINT,2035,160.01733352896002
GLOBAL,S1D2,PWRURNINDSO01,URNINT,2036,160.01733352896002
GLOBAL,S1D2,PWRURNINDSO01,URNINT,2037,160.01733352896002
GLOBAL,S1D2,PWRURNINDSO01,URNINT,2038,160.01733352896002
GLOBAL,S1D2,PWRURNINDSO01,URNINT,2039,160.01733352896002
GLOBAL,S1D2,PWRURNINDSO01,URNINT,2040,160.01733352896002
GLOBAL,S1D2,PWRURNINDSO01,URNINT,2041,160.01733352896002
GLOBAL,S1D2,PWRURNINDSO01,URNINT,2042,160.01733352896002
GLOBAL,S1D2,PWRURNINDSO01,URNINT,2043,160.01733352896002
GLOBAL,S1D2,PWRURNINDSO01,URNINT,2044,160.01733352896002
GLOBAL,S1D2,PWRURNINDSO01,URNINT,2045,156.199132512
GLOBAL,S1D2,PWRURNINDSO01,URNINT,2046,156.199132512
GLOBAL,S1D2,PWRURNINDSO01,URNINT,2047,152.38093149504002
GLOBAL,S1D2,PWRURNINDSO01,URNINT,2048,152.38093149504002
GLOBAL,S1D2,PWRURNINDSO01,URNINT,2049,152.38093149504002
GLOBAL,S1D2,PWRURNINDSO01,URNINT,2050,152.38093149504002
GLOBAL,S1D2,PWRURNINDWE01,URNINT,2021,44.082866286720005
GLOBAL,S1D2,PWRURNINDWE01,URNINT,2022,44.082866286720005
GLOBAL,S1D2,PWRURNINDWE01,URNINT,2023,44.082866286720005
GLOBAL,S1D2,PWRURNINDWE01,URNINT,2024,56.23168770432002
GLOBAL,S1D2,PWRURNINDWE01,URNINT,2025,56.23168770432002
GLOBAL,S1D2,PWRURNINDWE01,URNINT,2026,56.23168770432002
GLOBAL,S1D2,PWRURNINDWE01,URNINT,2027,56.23168770432002
GLOBAL,S1D2,PWRURNINDWE01,URNINT,2028,56.23168770432002
GLOBAL,S1D2,PWRURNINDWE01,URNINT,2029,56.23168770432002
GLOBAL,S1D2,PWRURNINDWE01,URNINT,2030,50.677940770560014
GLOBAL,S1D2,PWRURNINDWE01,URNINT,2031,50.677940770560014
GLOBAL,S1D2,PWRURNINDWE01,URNINT,2032,50.677940770560014
GLOBAL,S1D2,PWRURNINDWE01,URNINT,2033,50.677940770560014
GLOBAL,S1D2,PWRURNINDWE01,URNINT,2034,50.677940770560014
GLOBAL,S1D2,PWRURNINDWE01,URNINT,2035,50.677940770560014
GLOBAL,S1D2,PWRURNINDWE01,URNINT,2036,50.677940770560014
GLOBAL,S1D2,PWRURNINDWE01,URNINT,2037,50.677940770560014
GLOBAL,S1D2,PWRURNINDWE01,URNINT,2038,50.677940770560014
GLOBAL,S1D2,PWRURNINDWE01,URNINT,2039,50.677940770560014
GLOBAL,S1D2,PWRURNINDWE01,URNINT,2040,50.677940770560014
GLOBAL,S1D2,PWRURNINDWE01,URNINT,2041,50.677940770560014
GLOBAL,S1D2,PWRURNINDWE01,URNINT,2042,50.677940770560014
GLOBAL,S1D2,PWRURNINDWE01,URNINT,2043,50.677940770560014
GLOBAL,S1D2,PWRURNINDWE01,URNINT,2044,50.677940770560014
GLOBAL,S1D2,PWRURNINDWE01,URNINT,2045,50.677940770560014
GLOBAL,S1D2,PWRURNINDWE01,URNINT,2046,50.677940770560014
GLOBAL,S1D2,PWRURNINDWE01,URNINT,2047,50.677940770560014
GLOBAL,S1D2,PWRURNINDWE01,URNINT,2048,50.677940770560014
GLOBAL,S1D2,PWRURNINDWE01,URNINT,2049,50.677940770560014
GLOBAL,S1D2,PWRURNINDWE01,URNINT,2050,50.677940770560014
GLOBAL,S1D2,PWRWOFINDNE01,WOFINDNE,2024,81.21961129928033
GLOBAL,S1D2,PWRWOFINDNE01,WOFINDNE,2025,90.73211129928032
GLOBAL,S1D2,PWRWOFINDNE01,WOFINDNE,2026,92.3971112992803
GLOBAL,S1D2,PWRWOFINDNE01,WOFINDNE,2027,94.13461129928032
GLOBAL,S1D2,PWRWOFINDNE01,WOFINDNE,2028,95.87961129928034
GLOBAL,S1D2,PWRWOFINDNE01,WOFINDNE,2029,97.64711129928031
GLOBAL,S1D2,PWRWOFINDNE01,WOFINDNE,2030,130.70320889928033
GLOBAL,S1D2,PWRWOFINDNE01,WOFINDNE,2031,165.92853907840987
GLOBAL,S1D2,PWRWOFINDNE01,WOFINDNE,2032,200.74040409928034
GLOBAL,S1D2,PWRWOFINDNE01,WOFINDNE,2033,235.70650169928032
GLOBAL,S1D2,PWRWOFINDNE01,WOFINDNE,2034,270.6425992992804
GLOBAL,S1D2,PWRWOFINDNE01,WOFINDNE,2035,305.6111968992804
GLOBAL,S1D2,PWRWOFINDNE01,WOFINDNE,2036,341.0872944992804
GLOBAL,S1D2,PWRWOFINDNE01,WOFINDNE,2037,376.5258920992804
GLOBAL,S1D2,PWRWOFINDNE01,WOFINDNE,2038,411.9519896992804
GLOBAL,S1D2,PWRWOFINDNE01,WOFINDNE,2039,447.45558729928035
GLOBAL,S1D2,PWRWOFINDNE01,WOFINDNE,2040,482.8416848992803
GLOBAL,S1D2,PWRWOFINDNE01,WOFINDNE,2041,518.8052824992803
GLOBAL,S1D2,PWRWOFINDNE01,WOFINDNE,2042,554.6638800992803
GLOBAL,S1D2,PWRWOFINDNE01,WOFINDNE,2043,590.7324776992801
GLOBAL,S1D2,PWRWOFINDNE01,WOFINDNE,2044,626.8985752992803
GLOBAL,S1D2,PWRWOFINDNE01,WOFINDNE,2045,662.9571728992803
GLOBAL,S1D2,PWRWOFINDNE01,WOFINDNE,2046,700.0182704992803
GLOBAL,S1D2,PWRWOFINDNE01,WOFINDNE,2047,736.6793680992804
GLOBAL,S1D2,PWRWOFINDNE01,WOFINDNE,2048,773.3304656992805
GLOBAL,S1D2,PWRWOFINDNE01,WOFINDNE,2049,809.9665632992806
GLOBAL,S1D2,PWRWOFINDNE01,WOFINDNE,2050,846.5951608992806
GLOBAL,S1D2,PWRWONINDEA01,WONINDEA,2021,0.016433743566240003
GLOBAL,S1D2,PWRWONINDEA01,WONINDEA,2022,0.016433743566240003
GLOBAL,S1D2,PWRWONINDEA01,WONINDEA,2023,0.016433743566240003
GLOBAL,S1D2,PWRWONINDEA01,WONINDEA,2024,0.016433743566240003
GLOBAL,S1D2,PWRWONINDEA01,WONINDEA,2025,0.016433743566240003
GLOBAL,S1D2,PWRWONINDEA01,WONINDEA,2026,0.016433743566240003
GLOBAL,S1D2,PWRWONINDEA01,WONINDEA,2027,0.016433743566240003
GLOBAL,S1D2,PWRWONINDEA01,WONINDEA,2028,0.016433743566240003
GLOBAL,S1D2,PWRWONINDEA01,WONINDEA,2029,0.016433743566240003
GLOBAL,S1D2,PWRWONINDEA01,WONINDEA,2030,0.016433743566240003
GLOBAL,S1D2,PWRWONINDEA01,WONINDEA,2031,0.016433743566240003
GLOBAL,S1D2,PWRWONINDEA01,WONINDEA,2032,0.016433743566240003
GLOBAL,S1D2,PWRWONINDEA01,WONINDEA,2033,0.016433743566240003
GLOBAL,S1D2,PWRWONINDEA01,WONINDEA,2034,0.016433743566240003
GLOBAL,S1D2,PWRWONINDEA01,WONINDEA,2035,0.016433743566240003
GLOBAL,S1D2,PWRWONINDEA01,WONINDEA,2036,0.016433743566240003
GLOBAL,S1D2,PWRWONINDEA01,WONINDEA,2037,0.016433743566240003
GLOBAL,S1D2,PWRWONINDEA01,WONINDEA,2038,0.016433743566240003
GLOBAL,S1D2,PWRWONINDEA01,WONINDEA,2039,0.016433743566240003
GLOBAL,S1D2,PWRWONINDEA01,WONINDEA,2040,0.016433743566240003
GLOBAL,S1D2,PWRWONINDEA01,WONINDEA,2041,0.016433743566240003
GLOBAL,S1D2,PWRWONINDEA01,WONINDEA,2042,0.016433743566240003
GLOBAL,S1D2,PWRWONINDEA01,WONINDEA,2043,0.016433743566240003
GLOBAL,S1D2,PWRWONINDEA01,WONINDEA,2044,0.016433743566240003
GLOBAL,S1D2,PWRWONINDEA01,WONINDEA,2045,0.016433743566240003
GLOBAL,S1D2,PWRWONINDEA01,WONINDEA,2046,0.016433743566240003
GLOBAL,S1D2,PWRWONINDEA01,WONINDEA,2047,0.016433743566240003
GLOBAL,S1D2,PWRWONINDEA01,WONINDEA,2048,0.016433743566240003
GLOBAL,S1D2,PWRWONINDEA01,WONINDEA,2049,0.016433743566240003
GLOBAL,S1D2,PWRWONINDNO01,WONINDNO,2021,5.3322537494592
GLOBAL,S1D2,PWRWONINDNO01,WONINDNO,2022,5.6635319396592
GLOBAL,S1D2,PWRWONINDNO01,WONINDNO,2023,5.6635319396592
GLOBAL,S1D2,PWRWONINDNO01,WONINDNO,2024,5.6635319396592
GLOBAL,S1D2,PWRWONINDNO01,WONINDNO,2025,5.6635319396592
GLOBAL,S1D2,PWRWONINDNO01,WONINDNO,2026,5.6635319396592
GLOBAL,S1D2,PWRWONINDNO01,WONINDNO,2027,5.6635319396592
GLOBAL,S1D2,PWRWONINDNO01,WONINDNO,2028,5.6635319396592
GLOBAL,S1D2,PWRWONINDNO01,WONINDNO,2029,5.6635319396592
GLOBAL,S1D2,PWRWONINDNO01,WONINDNO,2030,5.6635319396592
GLOBAL,S1D2,PWRWONINDNO01,WONINDNO,2031,5.6635319396592
GLOBAL,S1D2,PWRWONINDNO01,WONINDNO,2032,5.6635319396592
GLOBAL,S1D2,PWRWONINDNO01,WONINDNO,2033,5.6635319396592
GLOBAL,S1D2,PWRWONINDNO01,WONINDNO,2034,5.6635319396592
GLOBAL,S1D2,PWRWONINDNO01,WONINDNO,2035,5.6357045716824
GLOBAL,S1D2,PWRWONINDNO01,WONINDNO,2036,5.6357045716824
GLOBAL,S1D2,PWRWONINDNO01,WONINDNO,2037,5.5495722422304
GLOBAL,S1D2,PWRWONINDNO01,WONINDNO,2038,5.529695550818401
GLOBAL,S1D2,PWRWONINDNO01,WONINDNO,2039,5.3388793132632
GLOBAL,S1D2,PWRWONINDNO01,WONINDNO,2040,5.2712985624624
GLOBAL,S1D2,PWRWONINDNO01,WONINDNO,2041,5.10168412908
GLOBAL,S1D2,PWRWONINDNO01,WONINDNO,2042,5.0301280399968
GLOBAL,S1D2,PWRWONINDNO01,WONINDNO,2043,4.6564462414512
GLOBAL,S1D2,PWRWONINDNO01,WONINDNO,2044,2.3176222186392
GLOBAL,S1D2,PWRWONINDNO01,WONINDNO,2045,2.1877611680808
GLOBAL,S1D2,PWRWONINDNO01,WONINDNO,2046,0.8056685585664
GLOBAL,S1D2,PWRWONINDNO01,WONINDNO,2047,0.5247446532768001
GLOBAL,S1D2,PWRWONINDNO01,WONINDNO,2048,0.33127819020000004
GLOBAL,S1D2,PWRWONINDNO01,WONINDNO,2049,0.33127819020000004
GLOBAL,S1D2,PWRWONINDNO01,WONINDNO,2050,0.33127819020000004
GLOBAL,S1D2,PWRWONINDSO01,WONINDSO,2021,11.231405591760002
GLOBAL,S1D2,PWRWONINDSO01,WONINDSO,2022,11.231405591760002
GLOBAL,S1D2,PWRWONINDSO01,WONINDSO,2023,12.179310737760002
GLOBAL,S1D2,PWRWONINDSO01,WONINDSO,2024,12.179310737760002
GLOBAL,S1D2,PWRWONINDSO01,WONINDSO,2025,12.179310737760002
GLOBAL,S1D2,PWRWONINDSO01,WONINDSO,2026,12.169538519760001
GLOBAL,S1D2,PWRWONINDSO01,WONINDSO,2027,12.05227190376
GLOBAL,S1D2,PWRWONINDSO01,WONINDSO,2028,12.05227190376
GLOBAL,S1D2,PWRWONINDSO01,WONINDSO,2029,12.05227190376
GLOBAL,S1D2,PWRWONINDSO01,WONINDSO,2030,12.05227190376
GLOBAL,S1D2,PWRWONINDSO01,WONINDSO,2031,12.05227190376
GLOBAL,S1D2,PWRWONINDSO01,WONINDSO,2032,12.05227190376
GLOBAL,S1D2,PWRWONINDSO01,WONINDSO,2033,12.05227190376
GLOBAL,S1D2,PWRWONINDSO01,WONINDSO,2034,12.05227190376
GLOBAL,S1D2,PWRWONINDSO01,WONINDSO,2035,12.02490969336
GLOBAL,S1D2,PWRWONINDSO01,WONINDSO,2036,12.01025136636
GLOBAL,S1D2,PWRWONINDSO01,WONINDSO,2037,11.9778076026
GLOBAL,S1D2,PWRWONINDSO01,WONINDSO,2038,11.9778076026
GLOBAL,S1D2,PWRWONINDSO01,WONINDSO,2039,11.884971531600002
GLOBAL,S1D2,PWRWONINDSO01,WONINDSO,2040,11.7540238104
GLOBAL,S1D2,PWRWONINDSO01,WONINDSO,2041,11.540012236199999
GLOBAL,S1D2,PWRWONINDSO01,WONINDSO,2042,11.304501782400001
GLOBAL,S1D2,PWRWONINDSO01,WONINDSO,2043,10.986904697400002
GLOBAL,S1D2,PWRWONINDSO01,WONINDSO,2044,5.2897016034
GLOBAL,S1D2,PWRWONINDSO01,WONINDSO,2045,4.9418106426
GLOBAL,S1D2,PWRWONINDSO01,WONINDSO,2046,4.3838169948
GLOBAL,S1D2,PWRWONINDSO01,WONINDSO,2047,3.4720690554000004
GLOBAL,S1D2,PWRWONINDSO01,WONINDSO,2048,2.6619521832000004
GLOBAL,S1D2,PWRWONINDSO01,WONINDSO,2049,1.3827688470000001
GLOBAL,S1D2,PWRWONINDSO01,WONINDSO,2050,1.3642016328000002
GLOBAL,S1D2,PWRWONINDWE01,WONINDWE,2021,22.04970528680813
GLOBAL,S1D2,PWRWONINDWE01,WONINDWE,2022,22.61166880044845
GLOBAL,S1D2,PWRWONINDWE01,WONINDWE,2023,22.90917889590509
GLOBAL,S1D2,PWRWONINDWE01,WONINDWE,2024,22.90917889590509
GLOBAL,S1D2,PWRWONINDWE01,WONINDWE,2025,22.90917889590509
GLOBAL,S1D2,PWRWONINDWE01,WONINDWE,2026,22.90917889590509
GLOBAL,S1D2,PWRWONINDWE01,WONINDWE,2027,22.90917889590509
GLOBAL,S1D2,PWRWONINDWE01,WONINDWE,2028,22.90917889590509
GLOBAL,S1D2,PWRWONINDWE01,WONINDWE,2029,22.90917889590509
GLOBAL,S1D2,PWRWONINDWE01,WONINDWE,2030,22.90917889590509
GLOBAL,S1D2,PWRWONINDWE01,WONINDWE,2031,22.88664025230989
GLOBAL,S1D2,PWRWONINDWE01,WONINDWE,2032,22.797988254168768
GLOBAL,S1D2,PWRWONINDWE01,WONINDWE,2033,22.797988254168768
GLOBAL,S1D2,PWRWONINDWE01,WONINDWE,2034,22.797988254168768
GLOBAL,S1D2,PWRWONINDWE01,WONINDWE,2035,22.797988254168768
GLOBAL,S1D2,PWRWONINDWE01,WONINDWE,2036,22.66275639259757
GLOBAL,S1D2,PWRWONINDWE01,WONINDWE,2037,22.66275639259757
GLOBAL,S1D2,PWRWONINDWE01,WONINDWE,2038,22.54705802214221
GLOBAL,S1D2,PWRWONINDWE01,WONINDWE,2039,22.38027205953773
GLOBAL,S1D2,PWRWONINDWE01,WONINDWE,2040,22.106803183915968
GLOBAL,S1D2,PWRWONINDWE01,WONINDWE,2041,22.02416149073357
GLOBAL,S1D2,PWRWONINDWE01,WONINDWE,2042,21.60794787234221
GLOBAL,S1D2,PWRWONINDWE01,WONINDWE,2043,20.65230938390573
GLOBAL,S1D2,PWRWONINDWE01,WONINDWE,2044,12.665215124262721
GLOBAL,S1D2,PWRWONINDWE01,WONINDWE,2045,12.02361506991936
GLOBAL,S1D2,PWRWONINDWE01,WONINDWE,2046,8.189040506256
GLOBAL,S1D2,PWRWONINDWE01,WONINDWE,2047,6.92236873620576
GLOBAL,S1D2,PWRWONINDWE01,WONINDWE,2048,5.63015317008096
GLOBAL,S1D2,PWRWONINDWE01,WONINDWE,2049,4.7105765113968
GLOBAL,S1D2,PWRWONINDWE01,WONINDWE,2050,2.96308034464896
GLOBAL,S1D2,TRNINDEAINDNE,ELCINDEA02,2021,21.8524591590518
GLOBAL,S1D2,TRNINDEAINDNE,ELCINDEA02,2022,22.358834784
GLOBAL,S1D2,TRNINDEAINDNE,ELCINDEA02,2023,22.300739539968927
GLOBAL,S1D2,TRNINDEAINDNE,ELCINDNE02,2024,27.596743632000003
GLOBAL,S1D2,TRNINDEAINDNE,ELCINDNE02,2025,27.596743632000003
GLOBAL,S1D2,TRNINDEAINDNE,ELCINDNE02,2026,27.596743632000003
GLOBAL,S1D2,TRNINDEAINDNE,ELCINDNE02,2027,27.596743632000003
GLOBAL,S1D2,TRNINDEAINDNE,ELCINDNE02,2028,27.596743632000003
GLOBAL,S1D2,TRNINDEAINDNE,ELCINDNE02,2029,27.596743632000003
GLOBAL,S1D2,TRNINDEAINDNE,ELCINDNE02,2030,43.232292432
GLOBAL,S1D2,TRNINDEAINDNE,ELCINDNE02,2031,58.867841232
GLOBAL,S1D2,TRNINDEAINDNE,ELCINDNE02,2032,74.50339003200001
GLOBAL,S1D2,TRNINDEAINDNE,ELCINDNE02,2033,90.138938832
GLOBAL,S1D2,TRNINDEAINDNE,ELCINDNE02,2034,105.774487632
GLOBAL,S1D2,TRNINDEAINDNE,ELCINDNE02,2035,121.410036432
GLOBAL,S1D2,TRNINDEAINDNE,ELCINDNE02,2036,137.045585232
GLOBAL,S1D2,TRNINDEAINDNE,ELCINDNE02,2037,152.68113403200002
GLOBAL,S1D2,TRNINDEAINDNE,ELCINDNE02,2038,168.31668283200003
GLOBAL,S1D2,TRNINDEAINDNE,ELCINDNE02,2039,183.952231632
GLOBAL,S1D2,TRNINDEAINDNE,ELCINDNE02,2040,199.587780432
GLOBAL,S1D2,TRNINDEAINDNE,ELCINDNE02,2041,215.223329232
GLOBAL,S1D2,TRNINDEAINDNE,ELCINDNE02,2042,230.858878032
GLOBAL,S1D2,TRNINDEAINDNE,ELCINDNE02,2043,246.494426832
GLOBAL,S1D2,TRNINDEAINDNE,ELCINDNE02,2044,262.129975632
GLOBAL,S1D2,TRNINDEAINDNE,ELCINDNE02,2045,277.765524432
GLOBAL,S1D2,TRNINDEAINDNE,ELCINDNE02,2046,293.40107323200004
GLOBAL,S1D2,TRNINDEAINDNE,ELCINDNE02,2047,309.0366220320001
GLOBAL,S1D2,TRNINDEAINDNE,ELCINDNE02,2048,324.67217083200006
GLOBAL,S1D2,TRNINDEAINDNE,ELCINDNE02,2049,340.3077196320001
GLOBAL,S1D2,TRNINDEAINDNE,ELCINDNE02,2050,355.9432684320001
GLOBAL,S1D2,TRNINDEAINDNO,ELCINDEA02,2030,4.9126184772058545
GLOBAL,S1D2,TRNINDEAINDSO,ELCINDEA02,2034,28.504887442236285
GLOBAL,S1D2,TRNINDEAINDSO,ELCINDEA02,2035,44.403230012529235
GLOBAL,S1D2,TRNINDEAINDSO,ELCINDEA02,2036,45.257358842302665
GLOBAL,S1D2,TRNINDEAINDSO,ELCINDEA02,2037,46.10428473383627
GLOBAL,S1D2,TRNINDEAINDSO,ELCINDEA02,2038,46.95393088721551
GLOBAL,S1D2,TRNINDEAINDSO,ELCINDEA02,2039,47.79598581156208
GLOBAL,S1D2,TRNINDEAINDSO,ELCINDEA02,2040,48.62692058066311
GLOBAL,S1D2,TRNINDEAINDSO,ELCINDEA02,2041,49.572000810884134
GLOBAL,S1D2,TRNINDEAINDSO,ELCINDEA02,2042,50.51838335205953
GLOBAL,S1D2,TRNINDEAINDSO,ELCINDEA02,2043,51.45325180552858
GLOBAL,S1D2,TRNINDEAINDSO,ELCINDEA02,2044,51.97156947586795
GLOBAL,S1D2,TRNINDEAINDSO,ELCINDEA02,2045,44.671711563061095
GLOBAL,S1D2,TRNINDEAINDSO,ELCINDEA02,2046,10.477537656985808
GLOBAL,S1D2,TRNINDEAINDSO,ELCINDEA02,2047,5.113042296320869
GLOBAL,S1D2,TRNINDEAINDWE,ELCINDEA02,2035,2.63973649246087
GLOBAL,S1D2,TRNINDEAINDWE,ELCINDEA02,2036,4.711776728036874
GLOBAL,S1D2,TRNINDEAINDWE,ELCINDEA02,2037,6.796883766541736
GLOBAL,S1D2,TRNINDEAINDWE,ELCINDEA02,2038,8.831120112305845
GLOBAL,S1D2,TRNINDEAINDWE,ELCINDEA02,2039,10.897479653597124
GLOBAL,S1D2,TRNINDEAINDWE,ELCINDEA02,2040,12.872405301129728
GLOBAL,S1D2,TRNINDEAINDWE,ELCINDEA02,2041,15.175700621936988
GLOBAL,S1D2,TRNINDEAINDWE,ELCINDEA02,2042,17.364186768424634
GLOBAL,S1D2,TRNINDEAINDWE,ELCINDEA02,2043,19.517986039394206
GLOBAL,S1D2,TRNINDEAINDWE,ELCINDEA02,2044,11.310804336303548
GLOBAL,S1D2,TRNINDNEINDNO,ELCINDNE02,2024,23.453323200000003
GLOBAL,S1D2,TRNINDNEINDNO,ELCINDNE02,2025,23.453323200000003
GLOBAL,S1D2,TRNINDNEINDNO,ELCINDNE02,2026,23.453323200000003
GLOBAL,S1D2,TRNINDNEINDNO,ELCINDNE02,2027,23.453323200000003
GLOBAL,S1D2,TRNINDNEINDNO,ELCINDNE02,2028,23.453323200000003
GLOBAL,S1D2,TRNINDNEINDNO,ELCINDNE02,2029,23.453323200000003
GLOBAL,S1D2,TRNINDNEINDNO,ELCINDNE02,2030,39.088872
GLOBAL,S1D2,TRNINDNEINDNO,ELCINDNE02,2031,54.724420800000004
GLOBAL,S1D2,TRNINDNEINDNO,ELCINDNE02,2032,70.3599696
GLOBAL,S1D2,TRNINDNEINDNO,ELCINDNE02,2033,85.99551840000001
GLOBAL,S1D2,TRNINDNEINDNO,ELCINDNE02,2034,101.6310672
GLOBAL,S1D2,TRNINDNEINDNO,ELCINDNE02,2035,117.26661600000001
GLOBAL,S1D2,TRNINDNEINDNO,ELCINDNE02,2036,132.90216480000004
GLOBAL,S1D2,TRNINDNEINDNO,ELCINDNE02,2037,148.53771360000002
GLOBAL,S1D2,TRNINDNEINDNO,ELCINDNE02,2038,164.17326240000003
GLOBAL,S1D2,TRNINDNEINDNO,ELCINDNE02,2039,179.80881120000006
GLOBAL,S1D2,TRNINDNEINDNO,ELCINDNE02,2040,195.44436000000005
GLOBAL,S1D2,TRNINDNEINDNO,ELCINDNE02,2041,211.07990880000006
GLOBAL,S1D2,TRNINDNEINDNO,ELCINDNE02,2042,226.7154576
GLOBAL,S1D2,TRNINDNEINDNO,ELCINDNE02,2043,242.35100640000002
GLOBAL,S1D2,TRNINDNEINDNO,ELCINDNE02,2044,257.98655520000005
GLOBAL,S1D2,TRNINDNEINDNO,ELCINDNE02,2045,273.6221040000001
GLOBAL,S1D2,TRNINDNEINDNO,ELCINDNE02,2046,289.2576528000001
GLOBAL,S1D2,TRNINDNEINDNO,ELCINDNE02,2047,304.8932016000001
GLOBAL,S1D2,TRNINDNEINDNO,ELCINDNE02,2048,320.52875040000015
GLOBAL,S1D2,TRNINDNEINDNO,ELCINDNE02,2049,336.16429920000024
GLOBAL,S1D2,TRNINDNEINDNO,ELCINDNE02,2050,351.7998480000002
GLOBAL,S1D2,TRNINDNEINDNO,ELCINDNO02,2022,2.245490047402602
GLOBAL,S1D2,TRNINDNOINDWE,ELCINDNO02,2046,32.171756960563116
GLOBAL,S1D2,TRNINDNOINDWE,ELCINDNO02,2047,2.4614386345327146
GLOBAL,S1D2,TRNINDSOINDWE,ELCINDWE02,2025,21.313066832177903
GLOBAL,S1D2,TRNINDSOINDWE,ELCINDWE02,2026,24.066269735314062
GLOBAL,S1D2,TRNINDSOINDWE,ELCINDWE02,2027,42.47473098181297
GLOBAL,S1D2,TRNINDSOINDWE,ELCINDWE02,2028,66.38628490108283
GLOBAL,S1D2,TRNINDSOINDWE,ELCINDWE02,2029,88.7043492751192
GLOBAL,S1D2,TRNINDSOINDWE,ELCINDWE02,2030,116.36011377829563
GLOBAL,S1D2,TRNINDSOINDWE,ELCINDWE02,2031,37.108817188284746
GLOBAL,S1D2,TRNINDSOINDWE,ELCINDWE02,2032,39.570310012450115
GLOBAL,S1D2,TRNINDSOINDWE,ELCINDWE02,2033,41.80082436045505
GLOBAL,S1D2,TRNINDSOINDWE,ELCINDWE02,2034,14.760525647795248
GLOBAL,S2D1,PWRBIOINDNO01,BIOINDNO,2021,2.83644173844
GLOBAL,S2D1,PWRBIOINDNO01,BIOINDNO,2022,2.83644173844
GLOBAL,S2D1,PWRBIOINDNO01,BIOINDNO,2023,2.836441738439999
GLOBAL,S2D1,PWRBIOINDNO01,BIOINDNO,2024,2.83644173844
GLOBAL,S2D1,PWRBIOINDSO01,BIOINDSO,2021,35.63044259415121
GLOBAL,S2D1,PWRBIOINDSO01,BIOINDSO,2022,35.63044259415121
GLOBAL,S2D1,PWRBIOINDSO01,BIOINDSO,2023,35.63044259415121
GLOBAL,S2D1,PWRBIOINDSO01,BIOINDSO,2024,35.63044259415121
GLOBAL,S2D1,PWRBIOINDWE01,BIOINDWE,2021,1.6546407030000005
GLOBAL,S2D1,PWRBIOINDWE01,BIOINDWE,2022,1.6546407030000005
GLOBAL,S2D1,PWRBIOINDWE01,BIOINDWE,2023,1.6546407030000005
GLOBAL,S2D1,PWRBIOINDWE01,BIOINDWE,2024,1.6546407030000005
GLOBAL,S2D1,PWRCOAINDEA01,COAINT,2021,433.53838969162854
GLOBAL,S2D1,PWRCOAINDEA01,COAINT,2022,477.05995874532306
GLOBAL,S2D1,PWRCOAINDEA01,COAINT,2023,520.1837025090791
GLOBAL,S2D1,PWRCOAINDEA01,COAINT,2024,173.33192609215178
GLOBAL,S2D1,PWRCOAINDNE01,COAINT,2021,10.504610063999994
GLOBAL,S2D1,PWRCOAINDNE01,COAINT,2022,12.98280337316438
GLOBAL,S2D1,PWRCOAINDNE01,COAINT,2023,10.504610063999994
GLOBAL,S2D1,PWRCOAINDNO01,COAINT,2021,630.4816805384025
GLOBAL,S2D1,PWRCOAINDNO01,COAINT,2022,711.5975456436845
GLOBAL,S2D1,PWRCOAINDNO01,COAINT,2023,853.1516626363415
GLOBAL,S2D1,PWRCOAINDNO01,COAINT,2024,77.15582894656909
GLOBAL,S2D1,PWRCOAINDSO01,COAINT,2021,751.9794634085908
GLOBAL,S2D1,PWRCOAINDSO01,COAINT,2022,835.4969350507387
GLOBAL,S2D1,PWRCOAINDSO01,COAINT,2023,933.5510231828969
GLOBAL,S2D1,PWRCOAINDSO01,COAINT,2024,601.3752049187566
GLOBAL,S2D1,PWRCOAINDSO01,COAINT,2025,316.7403225518631
GLOBAL,S2D1,PWRCOAINDWE01,COAINT,2021,759.0861819699261
GLOBAL,S2D1,PWRCOAINDWE01,COAINT,2022,815.4723007245769
GLOBAL,S2D1,PWRCOAINDWE01,COAINT,2023,921.7886452717938
GLOBAL,S2D1,PWRCOAINDWE01,COAINT,2024,260.02439226322804
GLOBAL,S2D1,PWRCSPINDNO01,CSPINDNO,2021,1.8003564129096001
GLOBAL,S2D1,PWRCSPINDNO01,CSPINDNO,2022,1.8003564129096001
GLOBAL,S2D1,PWRCSPINDNO01,CSPINDNO,2023,1.8003564129096001
GLOBAL,S2D1,PWRCSPINDNO01,CSPINDNO,2024,1.8003564129096001
GLOBAL,S2D1,PWRCSPINDNO01,CSPINDNO,2025,1.8003564129096001
GLOBAL,S2D1,PWRCSPINDNO01,CSPINDNO,2026,1.8003564129096001
GLOBAL,S2D1,PWRCSPINDNO01,CSPINDNO,2027,1.8003564129096001
GLOBAL,S2D1,PWRCSPINDNO01,CSPINDNO,2028,1.8003564129096001
GLOBAL,S2D1,PWRCSPINDNO01,CSPINDNO,2029,1.8003564129096001
GLOBAL,S2D1,PWRCSPINDNO01,CSPINDNO,2030,1.8003564129096001
GLOBAL,S2D1,PWRCSPINDNO01,CSPINDNO,2031,1.8003564129096001
GLOBAL,S2D1,PWRCSPINDNO01,CSPINDNO,2032,1.8003564129096001
GLOBAL,S2D1,PWRCSPINDNO01,CSPINDNO,2033,1.8003564129096001
GLOBAL,S2D1,PWRCSPINDNO01,CSPINDNO,2034,1.8003564129096001
GLOBAL,S2D1,PWRCSPINDNO01,CSPINDNO,2035,1.8003564129096001
GLOBAL,S2D1,PWRCSPINDNO01,CSPINDNO,2036,1.8003564129096001
GLOBAL,S2D1,PWRCSPINDNO01,CSPINDNO,2037,1.8003564129096001
GLOBAL,S2D1,PWRCSPINDNO01,CSPINDNO,2038,1.8003564129096001
GLOBAL,S2D1,PWRCSPINDNO01,CSPINDNO,2039,1.8003564129096001
GLOBAL,S2D1,PWRCSPINDNO01,CSPINDNO,2040,0.9014442798816
GLOBAL,S2D1,PWRCSPINDNO01,CSPINDNO,2041,0.9014442798816
GLOBAL,S2D1,PWRCSPINDNO01,CSPINDNO,2042,0.8862513987599999
GLOBAL,S2D1,PWRCSPINDNO01,CSPINDNO,2043,0.8862513987599999
GLOBAL,S2D1,PWRCSPINDNO01,CSPINDNO,2044,0.6330367134
GLOBAL,S2D1,PWRCSPINDSO01,CSPINDSO,2021,0.42279299740799997
GLOBAL,S2D1,PWRCSPINDSO01,CSPINDSO,2022,0.42279299740799997
GLOBAL,S2D1,PWRCSPINDSO01,CSPINDSO,2023,0.42279299740799997
GLOBAL,S2D1,PWRCSPINDSO01,CSPINDSO,2024,0.42279299740799997
GLOBAL,S2D1,PWRCSPINDSO01,CSPINDSO,2025,0.42279299740799997
GLOBAL,S2D1,PWRCSPINDSO01,CSPINDSO,2026,0.42279299740799997
GLOBAL,S2D1,PWRCSPINDSO01,CSPINDSO,2027,0.42279299740799997
GLOBAL,S2D1,PWRCSPINDSO01,CSPINDSO,2028,0.42279299740799997
GLOBAL,S2D1,PWRCSPINDSO01,CSPINDSO,2029,0.42279299740799997
GLOBAL,S2D1,PWRCSPINDSO01,CSPINDSO,2030,0.42279299740799997
GLOBAL,S2D1,PWRCSPINDSO01,CSPINDSO,2031,0.42279299740799997
GLOBAL,S2D1,PWRCSPINDSO01,CSPINDSO,2032,0.42279299740799997
GLOBAL,S2D1,PWRCSPINDSO01,CSPINDSO,2033,0.42279299740799997
GLOBAL,S2D1,PWRCSPINDSO01,CSPINDSO,2034,0.42279299740799997
GLOBAL,S2D1,PWRCSPINDSO01,CSPINDSO,2035,0.42279299740799997
GLOBAL,S2D1,PWRCSPINDSO01,CSPINDSO,2036,0.42279299740799997
GLOBAL,S2D1,PWRCSPINDSO01,CSPINDSO,2037,0.42279299740799997
GLOBAL,S2D1,PWRCSPINDSO01,CSPINDSO,2038,0.42279299740799997
GLOBAL,S2D1,PWRCSPINDSO01,CSPINDSO,2039,0.42279299740799997
GLOBAL,S2D1,PWRHYDINDEA01,HYDINDEA,2021,15.800060795495597
GLOBAL,S2D1,PWRHYDINDEA01,HYDINDEA,2022,15.800060795495597
GLOBAL,S2D1,PWRHYDINDEA01,HYDINDEA,2023,15.800060795495597
GLOBAL,S2D1,PWRHYDINDEA01,HYDINDEA,2024,17.5549940977542
GLOBAL,S2D1,PWRHYDINDEA01,HYDINDEA,2025,20.64496616298144
GLOBAL,S2D1,PWRHYDINDEA01,HYDINDEA,2026,20.64496616298144
GLOBAL,S2D1,PWRHYDINDEA01,HYDINDEA,2027,20.64496616298144
GLOBAL,S2D1,PWRHYDINDEA01,HYDINDEA,2028,20.64496616298144
GLOBAL,S2D1,PWRHYDINDEA01,HYDINDEA,2029,20.64496616298144
GLOBAL,S2D1,PWRHYDINDEA01,HYDINDEA,2030,20.64496616298144
GLOBAL,S2D1,PWRHYDINDEA01,HYDINDEA,2031,20.64496616298144
GLOBAL,S2D1,PWRHYDINDEA01,HYDINDEA,2032,20.64496616298144
GLOBAL,S2D1,PWRHYDINDEA01,HYDINDEA,2033,14.465022032526962
GLOBAL,S2D1,PWRHYDINDEA01,HYDINDEA,2034,14.465022032526962
GLOBAL,S2D1,PWRHYDINDEA01,HYDINDEA,2035,14.465022032526962
GLOBAL,S2D1,PWRHYDINDEA01,HYDINDEA,2036,14.465022032526962
GLOBAL,S2D1,PWRHYDINDEA01,HYDINDEA,2037,14.465022032526962
GLOBAL,S2D1,PWRHYDINDEA01,HYDINDEA,2038,14.465022032526962
GLOBAL,S2D1,PWRHYDINDEA01,HYDINDEA,2039,14.465022032526962
GLOBAL,S2D1,PWRHYDINDEA01,HYDINDEA,2040,14.465022032526962
GLOBAL,S2D1,PWRHYDINDEA01,HYDINDEA,2041,14.465022032526962
GLOBAL,S2D1,PWRHYDINDEA01,HYDINDEA,2042,14.465022032526962
GLOBAL,S2D1,PWRHYDINDEA01,HYDINDEA,2043,14.465022032526962
GLOBAL,S2D1,PWRHYDINDEA01,HYDINDEA,2044,14.465022032526962
GLOBAL,S2D1,PWRHYDINDEA01,HYDINDEA,2045,14.465022032526962
GLOBAL,S2D1,PWRHYDINDEA01,HYDINDEA,2046,14.465022032526962
GLOBAL,S2D1,PWRHYDINDEA01,HYDINDEA,2047,14.465022032526962
GLOBAL,S2D1,PWRHYDINDEA01,HYDINDEA,2048,14.465022032526962
GLOBAL,S2D1,PWRHYDINDEA01,HYDINDEA,2049,14.465022032526962
GLOBAL,S2D1,PWRHYDINDEA01,HYDINDEA,2050,14.465022032526962
GLOBAL,S2D1,PWRHYDINDNE01,HYDINDNE,2021,5.620175263065596
GLOBAL,S2D1,PWRHYDINDNE01,HYDINDNE,2022,4.802584635180578
GLOBAL,S2D1,PWRHYDINDNE01,HYDINDNE,2023,10.383740515692581
GLOBAL,S2D1,PWRHYDINDNE01,HYDINDNE,2024,11.73122375556355
GLOBAL,S2D1,PWRHYDINDNE01,HYDINDNE,2025,12.331059979847554
GLOBAL,S2D1,PWRHYDINDNE01,HYDINDNE,2026,12.43605102462365
GLOBAL,S2D1,PWRHYDINDNE01,HYDINDNE,2027,12.545613751529672
GLOBAL,S2D1,PWRHYDINDNE01,HYDINDNE,2028,12.655649411069803
GLOBAL,S2D1,PWRHYDINDNE01,HYDINDNE,2029,12.767103868512336
GLOBAL,S2D1,PWRHYDINDNE01,HYDINDNE,2030,8.501746342806996
GLOBAL,S2D1,PWRHYDINDNE01,HYDINDNE,2031,8.713605356783479
GLOBAL,S2D1,PWRHYDINDNE01,HYDINDNE,2032,8.491872777653938
GLOBAL,S2D1,PWRHYDINDNE01,HYDINDNE,2033,8.491872777653938
GLOBAL,S2D1,PWRHYDINDNE01,HYDINDNE,2034,8.491872777653938
GLOBAL,S2D1,PWRHYDINDNE01,HYDINDNE,2035,8.491872777653938
GLOBAL,S2D1,PWRHYDINDNE01,HYDINDNE,2036,8.491872777653938
GLOBAL,S2D1,PWRHYDINDNE01,HYDINDNE,2037,8.491872777653938
GLOBAL,S2D1,PWRHYDINDNE01,HYDINDNE,2038,8.491872777653938
GLOBAL,S2D1,PWRHYDINDNE01,HYDINDNE,2039,8.491872777653938
GLOBAL,S2D1,PWRHYDINDNE01,HYDINDNE,2040,8.491872777653938
GLOBAL,S2D1,PWRHYDINDNE01,HYDINDNE,2041,8.491872777653938
GLOBAL,S2D1,PWRHYDINDNE01,HYDINDNE,2042,8.491872777653938
GLOBAL,S2D1,PWRHYDINDNE01,HYDINDNE,2043,8.491872777653938
GLOBAL,S2D1,PWRHYDINDNE01,HYDINDNE,2044,8.491872777653938
GLOBAL,S2D1,PWRHYDINDNE01,HYDINDNE,2045,8.491872777653938
GLOBAL,S2D1,PWRHYDINDNE01,HYDINDNE,2046,8.491872777653938
GLOBAL,S2D1,PWRHYDINDNE01,HYDINDNE,2047,8.491872777653938
GLOBAL,S2D1,PWRHYDINDNE01,HYDINDNE,2048,8.491872777653938
GLOBAL,S2D1,PWRHYDINDNE01,HYDINDNE,2049,8.491872777653938
GLOBAL,S2D1,PWRHYDINDNE01,HYDINDNE,2050,8.491872777653938
GLOBAL,S2D1,PWRHYDINDNO01,HYDINDNO,2021,59.53399872968448
GLOBAL,S2D1,PWRHYDINDNO01,HYDINDNO,2022,60.38594490498048
GLOBAL,S2D1,PWRHYDINDNO01,HYDINDNO,2023,52.77540539644155
GLOBAL,S2D1,PWRHYDINDNO01,HYDINDNO,2024,67.46845744227456
GLOBAL,S2D1,PWRHYDINDNO01,HYDINDNO,2025,55.343938491194145
GLOBAL,S2D1,PWRHYDINDNO01,HYDINDNO,2026,55.84493506571009
GLOBAL,S2D1,PWRHYDINDNO01,HYDINDNO,2027,65.05344706571002
GLOBAL,S2D1,PWRHYDINDNO01,HYDINDNO,2028,53.61887189770986
GLOBAL,S2D1,PWRHYDINDNO01,HYDINDNO,2029,57.303712970706165
GLOBAL,S2D1,PWRHYDINDNO01,HYDINDNO,2030,67.24242389771013
GLOBAL,S2D1,PWRHYDINDNO01,HYDINDNO,2031,71.59771607208313
GLOBAL,S2D1,PWRHYDINDNO01,HYDINDNO,2032,65.80730919830356
GLOBAL,S2D1,PWRHYDINDNO01,HYDINDNO,2033,80.30546252223263
GLOBAL,S2D1,PWRHYDINDNO01,HYDINDNO,2034,80.30546252223263
GLOBAL,S2D1,PWRHYDINDNO01,HYDINDNO,2035,80.30546252223263
GLOBAL,S2D1,PWRHYDINDNO01,HYDINDNO,2036,80.30546252223263
GLOBAL,S2D1,PWRHYDINDNO01,HYDINDNO,2037,80.30546252223263
GLOBAL,S2D1,PWRHYDINDNO01,HYDINDNO,2038,80.30546252223263
GLOBAL,S2D1,PWRHYDINDNO01,HYDINDNO,2039,80.30546252223263
GLOBAL,S2D1,PWRHYDINDNO01,HYDINDNO,2040,80.30546252223263
GLOBAL,S2D1,PWRHYDINDNO01,HYDINDNO,2041,80.30546252223263
GLOBAL,S2D1,PWRHYDINDNO01,HYDINDNO,2042,80.30546252223263
GLOBAL,S2D1,PWRHYDINDNO01,HYDINDNO,2043,80.30546252223263
GLOBAL,S2D1,PWRHYDINDNO01,HYDINDNO,2044,80.30546252223263
GLOBAL,S2D1,PWRHYDINDNO01,HYDINDNO,2045,80.30546252223263
GLOBAL,S2D1,PWRHYDINDNO01,HYDINDNO,2046,80.30546252223263
GLOBAL,S2D1,PWRHYDINDNO01,HYDINDNO,2047,80.30546252223263
GLOBAL,S2D1,PWRHYDINDNO01,HYDINDNO,2048,80.30546252223263
GLOBAL,S2D1,PWRHYDINDNO01,HYDINDNO,2049,80.30546252223263
GLOBAL,S2D1,PWRHYDINDNO01,HYDINDNO,2050,80.30546252223263
GLOBAL,S2D1,PWRHYDINDSO01,HYDINDSO,2021,38.1803099853156
GLOBAL,S2D1,PWRHYDINDSO01,HYDINDSO,2022,38.1803099853156
GLOBAL,S2D1,PWRHYDINDSO01,HYDINDSO,2023,39.8825083796676
GLOBAL,S2D1,PWRHYDINDSO01,HYDINDSO,2024,39.8825083796676
GLOBAL,S2D1,PWRHYDINDSO01,HYDINDSO,2025,39.8825083796676
GLOBAL,S2D1,PWRHYDINDSO01,HYDINDSO,2026,33.28970720023919
GLOBAL,S2D1,PWRHYDINDSO01,HYDINDSO,2027,46.47530955909601
GLOBAL,S2D1,PWRHYDINDSO01,HYDINDSO,2028,33.28970720023919
GLOBAL,S2D1,PWRHYDINDSO01,HYDINDSO,2029,33.28970720023919
GLOBAL,S2D1,PWRHYDINDSO01,HYDINDSO,2030,46.11152182114446
GLOBAL,S2D1,PWRHYDINDSO01,HYDINDSO,2031,46.47530955909601
GLOBAL,S2D1,PWRHYDINDSO01,HYDINDSO,2032,33.28970720023919
GLOBAL,S2D1,PWRHYDINDSO01,HYDINDSO,2033,46.47530955909601
GLOBAL,S2D1,PWRHYDINDSO01,HYDINDSO,2034,46.47530955909601
GLOBAL,S2D1,PWRHYDINDSO01,HYDINDSO,2035,46.47530955909601
GLOBAL,S2D1,PWRHYDINDSO01,HYDINDSO,2036,46.47530955909601
GLOBAL,S2D1,PWRHYDINDSO01,HYDINDSO,2037,46.47530955909601
GLOBAL,S2D1,PWRHYDINDSO01,HYDINDSO,2038,33.28970720023919
GLOBAL,S2D1,PWRHYDINDSO01,HYDINDSO,2039,33.28970720023919
GLOBAL,S2D1,PWRHYDINDSO01,HYDINDSO,2040,46.47530955909601
GLOBAL,S2D1,PWRHYDINDSO01,HYDINDSO,2041,46.47530955909601
GLOBAL,S2D1,PWRHYDINDSO01,HYDINDSO,2042,33.28970720023919
GLOBAL,S2D1,PWRHYDINDSO01,HYDINDSO,2043,33.28970720023919
GLOBAL,S2D1,PWRHYDINDSO01,HYDINDSO,2044,33.28970720023919
GLOBAL,S2D1,PWRHYDINDSO01,HYDINDSO,2045,46.47530955909601
GLOBAL,S2D1,PWRHYDINDSO01,HYDINDSO,2046,43.82936559487848
GLOBAL,S2D1,PWRHYDINDSO01,HYDINDSO,2047,45.548302722322894
GLOBAL,S2D1,PWRHYDINDSO01,HYDINDSO,2048,33.28970720023919
GLOBAL,S2D1,PWRHYDINDSO01,HYDINDSO,2049,53.33826513732347
GLOBAL,S2D1,PWRHYDINDSO01,HYDINDSO,2050,98.7614538357435
GLOBAL,S2D1,PWRHYDINDWE01,HYDINDWE,2021,19.612209802524497
GLOBAL,S2D1,PWRHYDINDWE01,HYDINDWE,2022,19.612209802524497
GLOBAL,S2D1,PWRHYDINDWE01,HYDINDWE,2023,19.612209802524497
GLOBAL,S2D1,PWRHYDINDWE01,HYDINDWE,2024,19.612209802524497
GLOBAL,S2D1,PWRHYDINDWE01,HYDINDWE,2025,16.5598901865662
GLOBAL,S2D1,PWRHYDINDWE01,HYDINDWE,2026,16.5598901865662
GLOBAL,S2D1,PWRHYDINDWE01,HYDINDWE,2027,16.5598901865662
GLOBAL,S2D1,PWRHYDINDWE01,HYDINDWE,2028,15.851698161481396
GLOBAL,S2D1,PWRHYDINDWE01,HYDINDWE,2029,15.851698161481396
GLOBAL,S2D1,PWRHYDINDWE01,HYDINDWE,2030,15.851698161481396
GLOBAL,S2D1,PWRHYDINDWE01,HYDINDWE,2031,22.128399552708
GLOBAL,S2D1,PWRHYDINDWE01,HYDINDWE,2032,17.585358101311726
GLOBAL,S2D1,PWRHYDINDWE01,HYDINDWE,2033,22.128399552708
GLOBAL,S2D1,PWRHYDINDWE01,HYDINDWE,2034,22.128399552708
GLOBAL,S2D1,PWRHYDINDWE01,HYDINDWE,2035,22.128399552708
GLOBAL,S2D1,PWRHYDINDWE01,HYDINDWE,2036,22.128399552708
GLOBAL,S2D1,PWRHYDINDWE01,HYDINDWE,2037,22.128399552708
GLOBAL,S2D1,PWRHYDINDWE01,HYDINDWE,2038,22.128399552708
GLOBAL,S2D1,PWRHYDINDWE01,HYDINDWE,2039,22.128399552708
GLOBAL,S2D1,PWRHYDINDWE01,HYDINDWE,2040,22.128399552708
GLOBAL,S2D1,PWRHYDINDWE01,HYDINDWE,2041,22.128399552708
GLOBAL,S2D1,PWRHYDINDWE01,HYDINDWE,2042,22.128399552708
GLOBAL,S2D1,PWRHYDINDWE01,HYDINDWE,2043,22.128399552708
GLOBAL,S2D1,PWRHYDINDWE01,HYDINDWE,2044,22.128399552708
GLOBAL,S2D1,PWRHYDINDWE01,HYDINDWE,2045,15.851698161481396
GLOBAL,S2D1,PWRHYDINDWE01,HYDINDWE,2046,15.851698161481396
GLOBAL,S2D1,PWRHYDINDWE01,HYDINDWE,2047,15.851698161481396
GLOBAL,S2D1,PWRHYDINDWE01,HYDINDWE,2048,22.029191548359222
GLOBAL,S2D1,PWRHYDINDWE01,HYDINDWE,2049,22.128399552708
GLOBAL,S2D1,PWRHYDINDWE01,HYDINDWE,2050,22.128399552708
GLOBAL,S2D1,PWRSPVINDEA01,SPVINDEA,2021,0.3599538515327316
GLOBAL,S2D1,PWRSPVINDEA01,SPVINDEA,2022,0.3599538515327316
GLOBAL,S2D1,PWRSPVINDEA01,SPVINDEA,2023,0.3599538515327316
GLOBAL,S2D1,PWRSPVINDEA01,SPVINDEA,2024,81.18669540045492
GLOBAL,S2D1,PWRSPVINDEA01,SPVINDEA,2025,162.01343694937708
GLOBAL,S2D1,PWRSPVINDEA01,SPVINDEA,2026,162.01343694937708
GLOBAL,S2D1,PWRSPVINDEA01,SPVINDEA,2027,162.01343694937708
GLOBAL,S2D1,PWRSPVINDEA01,SPVINDEA,2028,162.01343694937708
GLOBAL,S2D1,PWRSPVINDEA01,SPVINDEA,2029,162.01343694937708
GLOBAL,S2D1,PWRSPVINDEA01,SPVINDEA,2030,162.01343694937708
GLOBAL,S2D1,PWRSPVINDEA01,SPVINDEA,2031,189.8449319644668
GLOBAL,S2D1,PWRSPVINDEA01,SPVINDEA,2032,204.42100049606253
GLOBAL,S2D1,PWRSPVINDEA01,SPVINDEA,2033,212.3343597024698
GLOBAL,S2D1,PWRSPVINDEA01,SPVINDEA,2034,212.92290683258182
GLOBAL,S2D1,PWRSPVINDEA01,SPVINDEA,2035,214.01065396269385
GLOBAL,S2D1,PWRSPVINDEA01,SPVINDEA,2036,218.06240109280577
GLOBAL,S2D1,PWRSPVINDEA01,SPVINDEA,2037,222.2317482229178
GLOBAL,S2D1,PWRSPVINDEA01,SPVINDEA,2038,226.23549535302976
GLOBAL,S2D1,PWRSPVINDEA01,SPVINDEA,2039,229.44244248314186
GLOBAL,S2D1,PWRSPVINDEA01,SPVINDEA,2040,232.3997896132538
GLOBAL,S2D1,PWRSPVINDEA01,SPVINDEA,2041,238.13393674336584
GLOBAL,S2D1,PWRSPVINDEA01,SPVINDEA,2042,244.26648387347785
GLOBAL,S2D1,PWRSPVINDEA01,SPVINDEA,2043,250.40863100358985
GLOBAL,S2D1,PWRSPVINDEA01,SPVINDEA,2044,255.91477813370182
GLOBAL,S2D1,PWRSPVINDEA01,SPVINDEA,2045,261.5865252638138
GLOBAL,S2D1,PWRSPVINDEA01,SPVINDEA,2046,272.83587239392574
GLOBAL,S2D1,PWRSPVINDEA01,SPVINDEA,2047,281.7596195240379
GLOBAL,S2D1,PWRSPVINDEA01,SPVINDEA,2048,306.405764726915
GLOBAL,S2D1,PWRSPVINDEA01,SPVINDEA,2049,361.8261802322619
GLOBAL,S2D1,PWRSPVINDEA01,SPVINDEA,2050,371.6153943588874
GLOBAL,S2D1,PWRSPVINDNE01,SPVINDNE,2021,0.050236462008038704
GLOBAL,S2D1,PWRSPVINDNE01,SPVINDNE,2022,0.26217153610445204
GLOBAL,S2D1,PWRSPVINDNE01,SPVINDNE,2023,0.26217153610445204
GLOBAL,S2D1,PWRSPVINDNE01,SPVINDNE,2024,0.26217153610445204
GLOBAL,S2D1,PWRSPVINDNE01,SPVINDNE,2025,0.26217153610445204
GLOBAL,S2D1,PWRSPVINDNE01,SPVINDNE,2026,0.26217153610445204
GLOBAL,S2D1,PWRSPVINDNE01,SPVINDNE,2027,0.26217153610445204
GLOBAL,S2D1,PWRSPVINDNE01,SPVINDNE,2028,0.26217153610445204
GLOBAL,S2D1,PWRSPVINDNE01,SPVINDNE,2029,0.26217153610445204
GLOBAL,S2D1,PWRSPVINDNE01,SPVINDNE,2030,0.26217153610445204
GLOBAL,S2D1,PWRSPVINDNE01,SPVINDNE,2031,0.26217153610445204
GLOBAL,S2D1,PWRSPVINDNE01,SPVINDNE,2032,0.26217153610445204
GLOBAL,S2D1,PWRSPVINDNE01,SPVINDNE,2033,0.26217153610445204
GLOBAL,S2D1,PWRSPVINDNE01,SPVINDNE,2034,0.26217153610445204
GLOBAL,S2D1,PWRSPVINDNE01,SPVINDNE,2035,0.26217153610445204
GLOBAL,S2D1,PWRSPVINDNE01,SPVINDNE,2036,0.26217153610445204
GLOBAL,S2D1,PWRSPVINDNE01,SPVINDNE,2037,0.26217153610445204
GLOBAL,S2D1,PWRSPVINDNE01,SPVINDNE,2038,0.26217153610445204
GLOBAL,S2D1,PWRSPVINDNE01,SPVINDNE,2039,0.26217153610445204
GLOBAL,S2D1,PWRSPVINDNE01,SPVINDNE,2040,0.26217153610445204
GLOBAL,S2D1,PWRSPVINDNE01,SPVINDNE,2041,0.26217153610445204
GLOBAL,S2D1,PWRSPVINDNE01,SPVINDNE,2042,0.26217153610445204
GLOBAL,S2D1,PWRSPVINDNE01,SPVINDNE,2043,0.26217153610445204
GLOBAL,S2D1,PWRSPVINDNE01,SPVINDNE,2044,0.26217153610445204
GLOBAL,S2D1,PWRSPVINDNE01,SPVINDNE,2045,0.26217153610445204
GLOBAL,S2D1,PWRSPVINDNE01,SPVINDNE,2046,0.26217153610445204
GLOBAL,S2D1,PWRSPVINDNE01,SPVINDNE,2047,0.26217153610445204
GLOBAL,S2D1,PWRSPVINDNE01,SPVINDNE,2048,0.26217153610445204
GLOBAL,S2D1,PWRSPVINDNE01,SPVINDNE,2049,0.26217153610445204
GLOBAL,S2D1,PWRSPVINDNE01,SPVINDNE,2050,0.26217153610445204
GLOBAL,S2D1,PWRSPVINDNO01,SPVINDNO,2021,20.50965937434513
GLOBAL,S2D1,PWRSPVINDNO01,SPVINDNO,2022,26.209177890379767
GLOBAL,S2D1,PWRSPVINDNO01,SPVINDNO,2023,26.209177890379767
GLOBAL,S2D1,PWRSPVINDNO01,SPVINDNO,2024,275.7661325857348
GLOBAL,S2D1,PWRSPVINDNO01,SPVINDNO,2025,514.491426489952
GLOBAL,S2D1,PWRSPVINDNO01,SPVINDNO,2026,514.491426489952
GLOBAL,S2D1,PWRSPVINDNO01,SPVINDNO,2027,514.491426489952
GLOBAL,S2D1,PWRSPVINDNO01,SPVINDNO,2028,514.491426489952
GLOBAL,S2D1,PWRSPVINDNO01,SPVINDNO,2029,514.491426489952
GLOBAL,S2D1,PWRSPVINDNO01,SPVINDNO,2030,514.491426489952
GLOBAL,S2D1,PWRSPVINDNO01,SPVINDNO,2031,514.491426489952
GLOBAL,S2D1,PWRSPVINDNO01,SPVINDNO,2032,514.491426489952
GLOBAL,S2D1,PWRSPVINDNO01,SPVINDNO,2033,519.9616351641822
GLOBAL,S2D1,PWRSPVINDNO01,SPVINDNO,2034,542.9440612727793
GLOBAL,S2D1,PWRSPVINDNO01,SPVINDNO,2035,563.7095449232445
GLOBAL,S2D1,PWRSPVINDNO01,SPVINDNO,2036,592.0255663238696
GLOBAL,S2D1,PWRSPVINDNO01,SPVINDNO,2037,620.4485934474086
GLOBAL,S2D1,PWRSPVINDNO01,SPVINDNO,2038,648.7033380229968
GLOBAL,S2D1,PWRSPVINDNO01,SPVINDNO,2039,677.5466519815305
GLOBAL,S2D1,PWRSPVINDNO01,SPVINDNO,2040,707.0635232837673
GLOBAL,S2D1,PWRSPVINDNO01,SPVINDNO,2041,742.081960422246
GLOBAL,S2D1,PWRSPVINDNO01,SPVINDNO,2042,777.9207728949386
GLOBAL,S2D1,PWRSPVINDNO01,SPVINDNO,2043,811.9887726214771
GLOBAL,S2D1,PWRSPVINDNO01,SPVINDNO,2044,856.6990533043356
GLOBAL,S2D1,PWRSPVINDNO01,SPVINDNO,2045,916.8068899459734
GLOBAL,S2D1,PWRSPVINDNO01,SPVINDNO,2046,1052.197882490067
GLOBAL,S2D1,PWRSPVINDNO01,SPVINDNO,2047,1122.9536495114746
GLOBAL,S2D1,PWRSPVINDNO01,SPVINDNO,2048,1190.1113128109864
GLOBAL,S2D1,PWRSPVINDNO01,SPVINDNO,2049,1235.4960603090906
GLOBAL,S2D1,PWRSPVINDNO01,SPVINDNO,2050,1283.918761947703
GLOBAL,S2D1,PWRSPVINDSO01,SPVINDSO,2021,26.556828887733584
GLOBAL,S2D1,PWRSPVINDSO01,SPVINDSO,2022,27.50825955457738
GLOBAL,S2D1,PWRSPVINDSO01,SPVINDSO,2023,27.50825955457738
GLOBAL,S2D1,PWRSPVINDSO01,SPVINDSO,2024,159.22347245502462
GLOBAL,S2D1,PWRSPVINDSO01,SPVINDSO,2025,290.7754897007817
GLOBAL,S2D1,PWRSPVINDSO01,SPVINDSO,2026,422.32750694653885
GLOBAL,S2D1,PWRSPVINDSO01,SPVINDSO,2027,474.02364484073087
GLOBAL,S2D1,PWRSPVINDSO01,SPVINDSO,2028,524.430078219888
GLOBAL,S2D1,PWRSPVINDSO01,SPVINDSO,2029,569.254815319641
GLOBAL,S2D1,PWRSPVINDSO01,SPVINDSO,2030,589.7824611796408
GLOBAL,S2D1,PWRSPVINDSO01,SPVINDSO,2031,633.3886015396411
GLOBAL,S2D1,PWRSPVINDSO01,SPVINDSO,2032,677.6375968996412
GLOBAL,S2D1,PWRSPVINDSO01,SPVINDSO,2033,721.8583066396411
GLOBAL,S2D1,PWRSPVINDSO01,SPVINDSO,2034,765.8450171596412
GLOBAL,S2D1,PWRSPVINDSO01,SPVINDSO,2035,810.0846389147072
GLOBAL,S2D1,PWRSPVINDSO01,SPVINDSO,2036,860.8496419842065
GLOBAL,S2D1,PWRSPVINDSO01,SPVINDSO,2037,911.2857104294998
GLOBAL,S2D1,PWRSPVINDSO01,SPVINDSO,2038,961.7035423694998
GLOBAL,S2D1,PWRSPVINDSO01,SPVINDSO,2039,1012.1849890563317
GLOBAL,S2D1,PWRSPVINDSO01,SPVINDSO,2040,1062.6701310221579
GLOBAL,S2D1,PWRSPVINDSO01,SPVINDSO,2041,1119.936084092855
GLOBAL,S2D1,PWRSPVINDSO01,SPVINDSO,2042,1177.3983653868188
GLOBAL,S2D1,PWRSPVINDSO01,SPVINDSO,2043,1234.6319551059805
GLOBAL,S2D1,PWRSPVINDSO01,SPVINDSO,2044,1296.9369000115653
GLOBAL,S2D1,PWRSPVINDSO01,SPVINDSO,2045,1330.5679428480469
GLOBAL,S2D1,PWRSPVINDSO01,SPVINDSO,2046,1315.5136446313834
GLOBAL,S2D1,PWRSPVINDSO01,SPVINDSO,2047,1315.5136446313834
GLOBAL,S2D1,PWRSPVINDSO01,SPVINDSO,2048,1315.513644631383
GLOBAL,S2D1,PWRSPVINDSO01,SPVINDSO,2049,1315.513644631384
GLOBAL,S2D1,PWRSPVINDSO01,SPVINDSO,2050,1315.5136446313834
GLOBAL,S2D1,PWRSPVINDWE01,SPVINDWE,2021,13.98444443528326
GLOBAL,S2D1,PWRSPVINDWE01,SPVINDWE,2022,15.073456683948686
GLOBAL,S2D1,PWRSPVINDWE01,SPVINDWE,2023,15.25889783480658
GLOBAL,S2D1,PWRSPVINDWE01,SPVINDWE,2024,249.3819868938899
GLOBAL,S2D1,PWRSPVINDWE01,SPVINDWE,2025,482.41424565380913
GLOBAL,S2D1,PWRSPVINDWE01,SPVINDWE,2026,496.1559448679184
GLOBAL,S2D1,PWRSPVINDWE01,SPVINDWE,2027,496.1559448679184
GLOBAL,S2D1,PWRSPVINDWE01,SPVINDWE,2028,496.1559448679184
GLOBAL,S2D1,PWRSPVINDWE01,SPVINDWE,2029,509.8362896879883
GLOBAL,S2D1,PWRSPVINDWE01,SPVINDWE,2030,521.3606582513908
GLOBAL,S2D1,PWRSPVINDWE01,SPVINDWE,2031,566.9948313413805
GLOBAL,S2D1,PWRSPVINDWE01,SPVINDWE,2032,602.68263080154
GLOBAL,S2D1,PWRSPVINDWE01,SPVINDWE,2033,638.01394160154
GLOBAL,S2D1,PWRSPVINDWE01,SPVINDWE,2034,674.4046774415395
GLOBAL,S2D1,PWRSPVINDWE01,SPVINDWE,2035,709.99055882154
GLOBAL,S2D1,PWRSPVINDWE01,SPVINDWE,2036,752.4188643777154
GLOBAL,S2D1,PWRSPVINDWE01,SPVINDWE,2037,794.9578654377156
GLOBAL,S2D1,PWRSPVINDWE01,SPVINDWE,2038,837.9176157691102
GLOBAL,S2D1,PWRSPVINDWE01,SPVINDWE,2039,881.2664606483938
GLOBAL,S2D1,PWRSPVINDWE01,SPVINDWE,2040,925.8152033553272
GLOBAL,S2D1,PWRSPVINDWE01,SPVINDWE,2041,976.3418160263236
GLOBAL,S2D1,PWRSPVINDWE01,SPVINDWE,2042,1027.3386915958863
GLOBAL,S2D1,PWRSPVINDWE01,SPVINDWE,2043,1079.0696397528618
GLOBAL,S2D1,PWRSPVINDWE01,SPVINDWE,2044,1136.0651855280632
GLOBAL,S2D1,PWRSPVINDWE01,SPVINDWE,2045,1211.5918295891754
GLOBAL,S2D1,PWRSPVINDWE01,SPVINDWE,2046,1349.5546220449355
GLOBAL,S2D1,PWRSPVINDWE01,SPVINDWE,2047,1474.9514524543715
GLOBAL,S2D1,PWRSPVINDWE01,SPVINDWE,2048,1586.609088835788
GLOBAL,S2D1,PWRSPVINDWE01,SPVINDWE,2049,1658.9856996943006
GLOBAL,S2D1,PWRSPVINDWE01,SPVINDWE,2050,1732.023832253627
GLOBAL,S2D1,PWRTRNINDEA,ELCINDEA01,2021,165.15217956180945
GLOBAL,S2D1,PWRTRNINDEA,ELCINDEA01,2022,180.108045216
GLOBAL,S2D1,PWRTRNINDEA,ELCINDEA01,2023,194.9223332027214
GLOBAL,S2D1,PWRTRNINDEA,ELCINDEA01,2024,185.4888
GLOBAL,S2D1,PWRTRNINDEA,ELCINDEA01,2025,229.10640000000004
GLOBAL,S2D1,PWRTRNINDEA,ELCINDEA01,2026,235.58399999999997
GLOBAL,S2D1,PWRTRNINDEA,ELCINDEA01,2027,242.9712
GLOBAL,S2D1,PWRTRNINDEA,ELCINDEA01,2028,250.37760000000003
GLOBAL,S2D1,PWRTRNINDEA,ELCINDEA01,2029,257.86560000000003
GLOBAL,S2D1,PWRTRNINDEA,ELCINDEA01,2030,265.2984
GLOBAL,S2D1,PWRTRNINDEA,ELCINDEA01,2031,281.8272
GLOBAL,S2D1,PWRTRNINDEA,ELCINDEA01,2032,298.4352
GLOBAL,S2D1,PWRTRNINDEA,ELCINDEA01,2033,315.5592
GLOBAL,S2D1,PWRTRNINDEA,ELCINDEA01,2034,331.5432
GLOBAL,S2D1,PWRTRNINDEA,ELCINDEA01,2035,348.0264
GLOBAL,S2D1,PWRTRNINDEA,ELCINDEA01,2036,367.4736
GLOBAL,S2D1,PWRTRNINDEA,ELCINDEA01,2037,387.0384
GLOBAL,S2D1,PWRTRNINDEA,ELCINDEA01,2038,406.4376
GLOBAL,S2D1,PWRTRNINDEA,ELCINDEA01,2039,425.04
GLOBAL,S2D1,PWRTRNINDEA,ELCINDEA01,2040,443.3928
GLOBAL,S2D1,PWRTRNINDEA,ELCINDEA01,2041,464.5224
GLOBAL,S2D1,PWRTRNINDEA,ELCINDEA01,2042,486.05039999999997
GLOBAL,S2D1,PWRTRNINDEA,ELCINDEA01,2043,507.58799999999997
GLOBAL,S2D1,PWRTRNINDEA,ELCINDEA01,2044,528.4896
GLOBAL,S2D1,PWRTRNINDEA,ELCINDEA01,2045,549.5568
GLOBAL,S2D1,PWRTRNINDEA,ELCINDEA01,2046,576.2016
GLOBAL,S2D1,PWRTRNINDEA,ELCINDEA01,2047,600.5208
GLOBAL,S2D1,PWRTRNINDEA,ELCINDEA01,2048,640.5623980727652
GLOBAL,S2D1,PWRTRNINDEA,ELCINDEA01,2049,711.378266448
GLOBAL,S2D1,PWRTRNINDEA,ELCINDEA01,2050,736.5579009744149
GLOBAL,S2D1,PWRTRNINDNE,ELCINDNE01,2021,31.11
GLOBAL,S2D1,PWRTRNINDNE,ELCINDNE01,2022,33.705
GLOBAL,S2D1,PWRTRNINDNE,ELCINDNE01,2023,36.2975
GLOBAL,S2D1,PWRTRNINDNE,ELCINDNE01,2024,91.187473168
GLOBAL,S2D1,PWRTRNINDNE,ELCINDNE01,2025,100.69997316799999
GLOBAL,S2D1,PWRTRNINDNE,ELCINDNE01,2026,102.36497316800002
GLOBAL,S2D1,PWRTRNINDNE,ELCINDNE01,2027,104.102473168
GLOBAL,S2D1,PWRTRNINDNE,ELCINDNE01,2028,105.847473168
GLOBAL,S2D1,PWRTRNINDNE,ELCINDNE01,2029,107.614973168
GLOBAL,S2D1,PWRTRNINDNE,ELCINDNE01,2030,141.20087556800001
GLOBAL,S2D1,PWRTRNINDNE,ELCINDNE01,2031,149.0078682406453
GLOBAL,S2D1,PWRTRNINDNE,ELCINDNE01,2032,198.31468074774418
GLOBAL,S2D1,PWRTRNINDNE,ELCINDNE01,2033,233.16797760975354
GLOBAL,S2D1,PWRTRNINDNE,ELCINDNE01,2034,267.099291057459
GLOBAL,S2D1,PWRTRNINDNE,ELCINDNE01,2035,303.4578510851756
GLOBAL,S2D1,PWRTRNINDNE,ELCINDNE01,2036,338.9588767662346
GLOBAL,S2D1,PWRTRNINDNE,ELCINDNE01,2037,374.4340792536193
GLOBAL,S2D1,PWRTRNINDNE,ELCINDNE01,2038,409.84074941495004
GLOBAL,S2D1,PWRTRNINDNE,ELCINDNE01,2039,445.26948254019237
GLOBAL,S2D1,PWRTRNINDNE,ELCINDNE01,2040,480.4611816365769
GLOBAL,S2D1,PWRTRNINDNE,ELCINDNE01,2041,516.1726196009728
GLOBAL,S2D1,PWRTRNINDNE,ELCINDNE01,2042,551.7230206139612
GLOBAL,S2D1,PWRTRNINDNE,ELCINDNE01,2043,587.460048037483
GLOBAL,S2D1,PWRTRNINDNE,ELCINDNE01,2044,612.3252419556098
GLOBAL,S2D1,PWRTRNINDNE,ELCINDNE01,2045,619.5777225050002
GLOBAL,S2D1,PWRTRNINDNE,ELCINDNE01,2046,559.512303395323
GLOBAL,S2D1,PWRTRNINDNE,ELCINDNE01,2047,563.2417325788253
GLOBAL,S2D1,PWRTRNINDNE,ELCINDNE01,2048,570.7292708579135
GLOBAL,S2D1,PWRTRNINDNE,ELCINDNE01,2049,601.364301564107
GLOBAL,S2D1,PWRTRNINDNE,ELCINDNE01,2050,628.8288122441108
GLOBAL,S2D1,PWRTRNINDNO,ELCINDNO01,2021,312.3406
GLOBAL,S2D1,PWRTRNINDNO,ELCINDNO01,2022,352.2412409126097
GLOBAL,S2D1,PWRTRNINDNO,ELCINDNO01,2023,387.4858
GLOBAL,S2D1,PWRTRNINDNO,ELCINDNO01,2024,417.9032
GLOBAL,S2D1,PWRTRNINDNO,ELCINDNO01,2025,620.4794238299785
GLOBAL,S2D1,PWRTRNINDNO,ELCINDNO01,2026,620.9804204044943
GLOBAL,S2D1,PWRTRNINDNO,ELCINDNO01,2027,620.9804204044943
GLOBAL,S2D1,PWRTRNINDNO,ELCINDNO01,2028,629.8846730764942
GLOBAL,S2D1,PWRTRNINDNO,ELCINDNO01,2029,633.5695141494905
GLOBAL,S2D1,PWRTRNINDNO,ELCINDNO01,2030,644.7643153094543
GLOBAL,S2D1,PWRTRNINDNO,ELCINDNO01,2031,649.9286814625966
GLOBAL,S2D1,PWRTRNINDNO,ELCINDNO01,2032,671.879
GLOBAL,S2D1,PWRTRNINDNO,ELCINDNO01,2033,707.8734
GLOBAL,S2D1,PWRTRNINDNO,ELCINDNO01,2034,744.2994
GLOBAL,S2D1,PWRTRNINDNO,ELCINDNO01,2035,780.7331999999999
GLOBAL,S2D1,PWRTRNINDNO,ELCINDNO01,2036,823.4563999999999
GLOBAL,S2D1,PWRTRNINDNO,ELCINDNO01,2037,866.2472
GLOBAL,S2D1,PWRTRNINDNO,ELCINDNO01,2038,908.8559999999999
GLOBAL,S2D1,PWRTRNINDNO,ELCINDNO01,2039,951.9016
GLOBAL,S2D1,PWRTRNINDNO,ELCINDNO01,2040,994.6819999999999
GLOBAL,S2D1,PWRTRNINDNO,ELCINDNO01,2041,1043.7492
GLOBAL,S2D1,PWRTRNINDNO,ELCINDNO01,2042,1092.0364
GLOBAL,S2D1,PWRTRNINDNO,ELCINDNO01,2043,1139.9596
GLOBAL,S2D1,PWRTRNINDNO,ELCINDNO01,2044,1186.8584
GLOBAL,S2D1,PWRTRNINDNO,ELCINDNO01,2045,1233.6844
GLOBAL,S2D1,PWRTRNINDNO,ELCINDNO01,2046,1291.7605999999998
GLOBAL,S2D1,PWRTRNINDNO,ELCINDNO01,2047,1345.9186
GLOBAL,S2D1,PWRTRNINDNO,ELCINDNO01,2048,1400.0558
GLOBAL,S2D1,PWRTRNINDNO,ELCINDNO01,2049,1454.2086
GLOBAL,S2D1,PWRTRNINDNO,ELCINDNO01,2050,1508.4394
GLOBAL,S2D1,PWRTRNINDSO,ELCINDSO01,2021,369.2806
GLOBAL,S2D1,PWRTRNINDSO,ELCINDSO01,2022,402.7114
GLOBAL,S2D1,PWRTRNINDSO,ELCINDSO01,2023,436.1448
GLOBAL,S2D1,PWRTRNINDSO,ELCINDSO01,2024,473.08820000000003
GLOBAL,S2D1,PWRTRNINDSO,ELCINDSO01,2025,588.094
GLOBAL,S2D1,PWRTRNINDSO,ELCINDSO01,2026,611.2314
GLOBAL,S2D1,PWRTRNINDSO,ELCINDSO01,2027,631.8234
GLOBAL,S2D1,PWRTRNINDSO,ELCINDSO01,2028,652.3244
GLOBAL,S2D1,PWRTRNINDSO,ELCINDSO01,2029,672.9346
GLOBAL,S2D1,PWRTRNINDSO,ELCINDSO01,2030,693.6903999999998
GLOBAL,S2D1,PWRTRNINDSO,ELCINDSO01,2031,737.7812
GLOBAL,S2D1,PWRTRNINDSO,ELCINDSO01,2032,782.5220000000002
GLOBAL,S2D1,PWRTRNINDSO,ELCINDSO01,2033,827.2342
GLOBAL,S2D1,PWRTRNINDSO,ELCINDSO01,2034,871.7098
GLOBAL,S2D1,PWRTRNINDSO,ELCINDSO01,2035,916.4168
GLOBAL,S2D1,PWRTRNINDSO,ELCINDSO01,2036,967.733
GLOBAL,S2D1,PWRTRNINDSO,ELCINDSO01,2037,1018.7008
GLOBAL,S2D1,PWRTRNINDSO,ELCINDSO01,2038,1069.679
GLOBAL,S2D1,PWRTRNINDSO,ELCINDSO01,2039,1120.639
GLOBAL,S2D1,PWRTRNINDSO,ELCINDSO01,2040,1171.1102
GLOBAL,S2D1,PWRTRNINDSO,ELCINDSO01,2041,1228.8224
GLOBAL,S2D1,PWRTRNINDSO,ELCINDSO01,2042,1286.714
GLOBAL,S2D1,PWRTRNINDSO,ELCINDSO01,2043,1344.3014000000003
GLOBAL,S2D1,PWRTRNINDSO,ELCINDSO01,2044,1402.2346
GLOBAL,S2D1,PWRTRNINDSO,ELCINDSO01,2045,1460.1262
GLOBAL,S2D1,PWRTRNINDSO,ELCINDSO01,2046,1529.1484
GLOBAL,S2D1,PWRTRNINDSO,ELCINDSO01,2047,1594.4032
GLOBAL,S2D1,PWRTRNINDSO,ELCINDSO01,2048,1659.5852
GLOBAL,S2D1,PWRTRNINDSO,ELCINDSO01,2049,1724.6632
GLOBAL,S2D1,PWRTRNINDSO,ELCINDSO01,2050,1789.8114
GLOBAL,S2D1,PWRTRNINDWE,ELCINDWE01,2021,330.239
GLOBAL,S2D1,PWRTRNINDWE,ELCINDWE01,2022,350.961
GLOBAL,S2D1,PWRTRNINDWE,ELCINDWE01,2023,371.6856
GLOBAL,S2D1,PWRTRNINDWE,ELCINDWE01,2024,402.1472
GLOBAL,S2D1,PWRTRNINDWE,ELCINDWE01,2025,613.8573083248347
GLOBAL,S2D1,PWRTRNINDWE,ELCINDWE01,2026,606.4824420900696
GLOBAL,S2D1,PWRTRNINDWE,ELCINDWE01,2027,583.4873984479442
GLOBAL,S2D1,PWRTRNINDWE,ELCINDWE01,2028,565.9870231109929
GLOBAL,S2D1,PWRTRNINDWE,ELCINDWE01,2029,565.2218
GLOBAL,S2D1,PWRTRNINDWE,ELCINDWE01,2030,581.6044
GLOBAL,S2D1,PWRTRNINDWE,ELCINDWE01,2031,618.0538
GLOBAL,S2D1,PWRTRNINDWE,ELCINDWE01,2032,654.0871999999999
GLOBAL,S2D1,PWRTRNINDWE,ELCINDWE01,2033,689.8112
GLOBAL,S2D1,PWRTRNINDWE,ELCINDWE01,2034,726.6064
GLOBAL,S2D1,PWRTRNINDWE,ELCINDWE01,2035,762.5878
GLOBAL,S2D1,PWRTRNINDWE,ELCINDWE01,2036,805.4098
GLOBAL,S2D1,PWRTRNINDWE,ELCINDWE01,2037,848.4216
GLOBAL,S2D1,PWRTRNINDWE,ELCINDWE01,2038,891.7922
GLOBAL,S2D1,PWRTRNINDWE,ELCINDWE01,2039,935.5268
GLOBAL,S2D1,PWRTRNINDWE,ELCINDWE01,2040,980.4132
GLOBAL,S2D1,PWRTRNINDWE,ELCINDWE01,2041,1031.4537999999998
GLOBAL,S2D1,PWRTRNINDWE,ELCINDWE01,2042,1082.7778
GLOBAL,S2D1,PWRTRNINDWE,ELCINDWE01,2043,1134.5334
GLOBAL,S2D1,PWRTRNINDWE,ELCINDWE01,2044,1187.5629999999999
GLOBAL,S2D1,PWRTRNINDWE,ELCINDWE01,2045,1247.0424949728385
GLOBAL,S2D1,PWRTRNINDWE,ELCINDWE01,2046,1383.2216236145641
GLOBAL,S2D1,PWRTRNINDWE,ELCINDWE01,2047,1508.0292578659942
GLOBAL,S2D1,PWRTRNINDWE,ELCINDWE01,2048,1636.401795072
GLOBAL,S2D1,PWRTRNINDWE,ELCINDWE01,2049,1708.134646272
GLOBAL,S2D1,PWRTRNINDWE,ELCINDWE01,2050,1779.760897472
GLOBAL,S2D1,PWRURNINDNO01,URNINT,2021,26.82724126464
GLOBAL,S2D1,PWRURNINDNO01,URNINT,2022,39.18189184704
GLOBAL,S2D1,PWRURNINDNO01,URNINT,2023,31.093645789440004
GLOBAL,S2D1,PWRURNINDNO01,URNINT,2024,44.73085018581476
GLOBAL,S2D1,PWRURNINDNO01,URNINT,2025,51.536542429440004
GLOBAL,S2D1,PWRURNINDNO01,URNINT,2026,51.536542429440004
GLOBAL,S2D1,PWRURNINDNO01,URNINT,2027,31.093645789440004
GLOBAL,S2D1,PWRURNINDNO01,URNINT,2028,76.24584359424001
GLOBAL,S2D1,PWRURNINDNO01,URNINT,2029,76.24584359424001
GLOBAL,S2D1,PWRURNINDNO01,URNINT,2030,46.00155815424
GLOBAL,S2D1,PWRURNINDNO01,URNINT,2031,76.24584359424001
GLOBAL,S2D1,PWRURNINDNO01,URNINT,2032,76.24584359424001
GLOBAL,S2D1,PWRURNINDNO01,URNINT,2033,76.24584359424001
GLOBAL,S2D1,PWRURNINDNO01,URNINT,2034,76.24584359424001
GLOBAL,S2D1,PWRURNINDNO01,URNINT,2035,76.24584359424001
GLOBAL,S2D1,PWRURNINDNO01,URNINT,2036,76.24584359424001
GLOBAL,S2D1,PWRURNINDNO01,URNINT,2037,76.24584359424001
GLOBAL,S2D1,PWRURNINDNO01,URNINT,2038,76.24584359424001
GLOBAL,S2D1,PWRURNINDNO01,URNINT,2039,76.24584359424001
GLOBAL,S2D1,PWRURNINDNO01,URNINT,2040,76.24584359424001
GLOBAL,S2D1,PWRURNINDNO01,URNINT,2041,76.24584359424001
GLOBAL,S2D1,PWRURNINDNO01,URNINT,2042,72.71594342784002
GLOBAL,S2D1,PWRURNINDNO01,URNINT,2043,72.71594342784002
GLOBAL,S2D1,PWRURNINDNO01,URNINT,2044,72.71594342784002
GLOBAL,S2D1,PWRURNINDNO01,URNINT,2045,72.71594342784002
GLOBAL,S2D1,PWRURNINDNO01,URNINT,2046,72.71594342784002
GLOBAL,S2D1,PWRURNINDNO01,URNINT,2047,72.71594342784002
GLOBAL,S2D1,PWRURNINDNO01,URNINT,2048,72.71594342784002
GLOBAL,S2D1,PWRURNINDNO01,URNINT,2049,72.71594342784002
GLOBAL,S2D1,PWRURNINDNO01,URNINT,2050,72.71594342784002
GLOBAL,S2D1,PWRURNINDSO01,URNINT,2021,58.596342762240006
GLOBAL,S2D1,PWRURNINDSO01,URNINT,2022,67.42109317824
GLOBAL,S2D1,PWRURNINDSO01,URNINT,2023,61.97432140223996
GLOBAL,S2D1,PWRURNINDSO01,URNINT,2024,102.72009484224
GLOBAL,S2D1,PWRURNINDSO01,URNINT,2025,61.97432140223993
GLOBAL,S2D1,PWRURNINDSO01,URNINT,2026,122.51372484158708
GLOBAL,S2D1,PWRURNINDSO01,URNINT,2027,108.30302000260184
GLOBAL,S2D1,PWRURNINDSO01,URNINT,2028,143.44223594701774
GLOBAL,S2D1,PWRURNINDSO01,URNINT,2029,126.13717769865035
GLOBAL,S2D1,PWRURNINDSO01,URNINT,2030,98.17925143104
GLOBAL,S2D1,PWRURNINDSO01,URNINT,2031,102.94710352861279
GLOBAL,S2D1,PWRURNINDSO01,URNINT,2032,133.31094706607487
GLOBAL,S2D1,PWRURNINDSO01,URNINT,2033,105.13001820661262
GLOBAL,S2D1,PWRURNINDSO01,URNINT,2034,106.21535285221289
GLOBAL,S2D1,PWRURNINDSO01,URNINT,2035,107.30898767277118
GLOBAL,S2D1,PWRURNINDSO01,URNINT,2036,108.56267438534243
GLOBAL,S2D1,PWRURNINDSO01,URNINT,2037,109.80958378957476
GLOBAL,S2D1,PWRURNINDSO01,URNINT,2038,140.32563811943717
GLOBAL,S2D1,PWRURNINDSO01,URNINT,2039,141.5782134781168
GLOBAL,S2D1,PWRURNINDSO01,URNINT,2040,113.4820893048483
GLOBAL,S2D1,PWRURNINDSO01,URNINT,2041,114.91118858005554
GLOBAL,S2D1,PWRURNINDSO01,URNINT,2042,145.6187877423347
GLOBAL,S2D1,PWRURNINDSO01,URNINT,2043,147.05488631442816
GLOBAL,S2D1,PWRURNINDSO01,URNINT,2044,149.02108873026532
GLOBAL,S2D1,PWRURNINDSO01,URNINT,2045,158.845507488
GLOBAL,S2D1,PWRURNINDSO01,URNINT,2046,158.845507488
GLOBAL,S2D1,PWRURNINDSO01,URNINT,2047,154.96261730496
GLOBAL,S2D1,PWRURNINDSO01,URNINT,2048,141.80311508270813
GLOBAL,S2D1,PWRURNINDSO01,URNINT,2049,114.74924646646616
GLOBAL,S2D1,PWRURNINDSO01,URNINT,2050,122.89790638130168
GLOBAL,S2D1,PWRURNINDWE01,URNINT,2021,44.82973211328
GLOBAL,S2D1,PWRURNINDWE01,URNINT,2022,44.82973211328
GLOBAL,S2D1,PWRURNINDWE01,URNINT,2023,27.047212433280027
GLOBAL,S2D1,PWRURNINDWE01,URNINT,2024,57.18438269568001
GLOBAL,S2D1,PWRURNINDWE01,URNINT,2025,36.58250753122272
GLOBAL,S2D1,PWRURNINDWE01,URNINT,2026,54.93999170294203
GLOBAL,S2D1,PWRURNINDWE01,URNINT,2027,38.44622610624329
GLOBAL,S2D1,PWRURNINDWE01,URNINT,2028,34.50116861568001
GLOBAL,S2D1,PWRURNINDWE01,URNINT,2029,57.18438269568001
GLOBAL,S2D1,PWRURNINDWE01,URNINT,2030,51.23506786865255
GLOBAL,S2D1,PWRURNINDWE01,URNINT,2031,40.59221164213756
GLOBAL,S2D1,PWRURNINDWE01,URNINT,2032,51.536542429440004
GLOBAL,S2D1,PWRURNINDWE01,URNINT,2033,42.32276043134001
GLOBAL,S2D1,PWRURNINDWE01,URNINT,2034,43.22067086654096
GLOBAL,S2D1,PWRURNINDWE01,URNINT,2035,31.093645789440004
GLOBAL,S2D1,PWRURNINDWE01,URNINT,2036,31.093645789440004
GLOBAL,S2D1,PWRURNINDWE01,URNINT,2037,31.093645789440004
GLOBAL,S2D1,PWRURNINDWE01,URNINT,2038,47.193544281847956
GLOBAL,S2D1,PWRURNINDWE01,URNINT,2039,48.22215044492208
GLOBAL,S2D1,PWRURNINDWE01,URNINT,2040,32.43088952898896
GLOBAL,S2D1,PWRURNINDWE01,URNINT,2041,50.480535392719084
GLOBAL,S2D1,PWRURNINDWE01,URNINT,2042,51.536542429440004
GLOBAL,S2D1,PWRURNINDWE01,URNINT,2043,51.536542429440004
GLOBAL,S2D1,PWRURNINDWE01,URNINT,2044,51.536542429440004
GLOBAL,S2D1,PWRURNINDWE01,URNINT,2045,31.093645789440004
GLOBAL,S2D1,PWRURNINDWE01,URNINT,2046,31.093645789440004
GLOBAL,S2D1,PWRURNINDWE01,URNINT,2047,31.093645789440004
GLOBAL,S2D1,PWRURNINDWE01,URNINT,2048,51.536542429440004
GLOBAL,S2D1,PWRURNINDWE01,URNINT,2049,51.536542429440004
GLOBAL,S2D1,PWRURNINDWE01,URNINT,2050,51.536542429440004
GLOBAL,S2D1,PWRWOFINDNE01,WOFINDNE,2024,79.194077876332
GLOBAL,S2D1,PWRWOFINDNE01,WOFINDNE,2025,88.106741652048
GLOBAL,S2D1,PWRWOFINDNE01,WOFINDNE,2026,89.66675060727191
GLOBAL,S2D1,PWRWOFINDNE01,WOFINDNE,2027,91.29468788036588
GLOBAL,S2D1,PWRWOFINDNE01,WOFINDNE,2028,92.92965222082574
GLOBAL,S2D1,PWRWOFINDNE01,WOFINDNE,2029,94.58569776338322
GLOBAL,S2D1,PWRWOFINDNE01,WOFINDNE,2030,132.43695768908856
GLOBAL,S2D1,PWRWOFINDNE01,WOFINDNE,2031,140.0320913477574
GLOBAL,S2D1,PWRWOFINDNE01,WOFINDNE,2032,189.56063643398576
GLOBAL,S2D1,PWRWOFINDNE01,WOFINDNE,2033,224.41393329599512
GLOBAL,S2D1,PWRWOFINDNE01,WOFINDNE,2034,258.3452467437006
GLOBAL,S2D1,PWRWOFINDNE01,WOFINDNE,2035,294.7038067714172
GLOBAL,S2D1,PWRWOFINDNE01,WOFINDNE,2036,330.2048324524762
GLOBAL,S2D1,PWRWOFINDNE01,WOFINDNE,2037,365.6800349398609
GLOBAL,S2D1,PWRWOFINDNE01,WOFINDNE,2038,401.08670510119157
GLOBAL,S2D1,PWRWOFINDNE01,WOFINDNE,2039,436.51543822643396
GLOBAL,S2D1,PWRWOFINDNE01,WOFINDNE,2040,471.7071373228186
GLOBAL,S2D1,PWRWOFINDNE01,WOFINDNE,2041,507.4185752872142
GLOBAL,S2D1,PWRWOFINDNE01,WOFINDNE,2042,542.9689763002027
GLOBAL,S2D1,PWRWOFINDNE01,WOFINDNE,2043,578.7060037237246
GLOBAL,S2D1,PWRWOFINDNE01,WOFINDNE,2044,603.5711976418514
GLOBAL,S2D1,PWRWOFINDNE01,WOFINDNE,2045,610.8236781912418
GLOBAL,S2D1,PWRWOFINDNE01,WOFINDNE,2046,550.7582590815646
GLOBAL,S2D1,PWRWOFINDNE01,WOFINDNE,2047,554.487688265067
GLOBAL,S2D1,PWRWOFINDNE01,WOFINDNE,2048,561.9752265441551
GLOBAL,S2D1,PWRWOFINDNE01,WOFINDNE,2049,592.6102572503487
GLOBAL,S2D1,PWRWOFINDNE01,WOFINDNE,2050,620.0747679303524
GLOBAL,S2D1,PWRWONINDEA01,WONINDEA,2021,0.00990041593968
GLOBAL,S2D1,PWRWONINDEA01,WONINDEA,2022,0.00990041593968
GLOBAL,S2D1,PWRWONINDEA01,WONINDEA,2023,0.005032470098879998
GLOBAL,S2D1,PWRWONINDEA01,WONINDEA,2024,0.00990041593968
GLOBAL,S2D1,PWRWONINDEA01,WONINDEA,2025,0.005032470098879998
GLOBAL,S2D1,PWRWONINDEA01,WONINDEA,2026,0.005032470098879998
GLOBAL,S2D1,PWRWONINDEA01,WONINDEA,2027,0.005032470098879998
GLOBAL,S2D1,PWRWONINDEA01,WONINDEA,2028,0.005032470098879998
GLOBAL,S2D1,PWRWONINDEA01,WONINDEA,2029,0.00990041593968
GLOBAL,S2D1,PWRWONINDEA01,WONINDEA,2030,0.005032470098879998
GLOBAL,S2D1,PWRWONINDEA01,WONINDEA,2031,0.00990041593968
GLOBAL,S2D1,PWRWONINDEA01,WONINDEA,2032,0.00990041593968
GLOBAL,S2D1,PWRWONINDEA01,WONINDEA,2033,0.005032470098879998
GLOBAL,S2D1,PWRWONINDEA01,WONINDEA,2034,0.005032470098879998
GLOBAL,S2D1,PWRWONINDEA01,WONINDEA,2035,0.005032470098879998
GLOBAL,S2D1,PWRWONINDEA01,WONINDEA,2036,0.005032470098879998
GLOBAL,S2D1,PWRWONINDEA01,WONINDEA,2037,0.005032470098879998
GLOBAL,S2D1,PWRWONINDEA01,WONINDEA,2038,0.005032470098879998
GLOBAL,S2D1,PWRWONINDEA01,WONINDEA,2039,0.005032470098879998
GLOBAL,S2D1,PWRWONINDEA01,WONINDEA,2040,0.005032470098879998
GLOBAL,S2D1,PWRWONINDEA01,WONINDEA,2041,0.005032470098879998
GLOBAL,S2D1,PWRWONINDEA01,WONINDEA,2042,0.005032470098879998
GLOBAL,S2D1,PWRWONINDEA01,WONINDEA,2043,0.005032470098879998
GLOBAL,S2D1,PWRWONINDEA01,WONINDEA,2044,0.005032470098879998
GLOBAL,S2D1,PWRWONINDEA01,WONINDEA,2045,0.005032470098879998
GLOBAL,S2D1,PWRWONINDEA01,WONINDEA,2046,0.005032470098879998
GLOBAL,S2D1,PWRWONINDEA01,WONINDEA,2047,0.005032470098879998
GLOBAL,S2D1,PWRWONINDEA01,WONINDEA,2048,0.005032470098879998
GLOBAL,S2D1,PWRWONINDEA01,WONINDEA,2049,0.005032470098879998
GLOBAL,S2D1,PWRWONINDNO01,WONINDNO,2021,3.11599234112256
GLOBAL,S2D1,PWRWONINDNO01,WONINDNO,2022,3.30958033448256
GLOBAL,S2D1,PWRWONINDNO01,WONINDNO,2023,1.6603741693719787
GLOBAL,S2D1,PWRWONINDNO01,WONINDNO,2024,3.30958033448256
GLOBAL,S2D1,PWRWONINDNO01,WONINDNO,2025,3.30958033448256
GLOBAL,S2D1,PWRWONINDNO01,WONINDNO,2026,3.30958033448256
GLOBAL,S2D1,PWRWONINDNO01,WONINDNO,2027,3.30958033448256
GLOBAL,S2D1,PWRWONINDNO01,WONINDNO,2028,3.30958033448256
GLOBAL,S2D1,PWRWONINDNO01,WONINDNO,2029,3.30958033448256
GLOBAL,S2D1,PWRWONINDNO01,WONINDNO,2030,3.30958033448256
GLOBAL,S2D1,PWRWONINDNO01,WONINDNO,2031,1.5618343031502198
GLOBAL,S2D1,PWRWONINDNO01,WONINDNO,2032,1.5618343031502198
GLOBAL,S2D1,PWRWONINDNO01,WONINDNO,2033,3.30958033448256
GLOBAL,S2D1,PWRWONINDNO01,WONINDNO,2034,3.30958033448256
GLOBAL,S2D1,PWRWONINDNO01,WONINDNO,2035,3.29331894304032
GLOBAL,S2D1,PWRWONINDNO01,WONINDNO,2036,3.29331894304032
GLOBAL,S2D1,PWRWONINDNO01,WONINDNO,2037,3.24298606476672
GLOBAL,S2D1,PWRWONINDNO01,WONINDNO,2038,3.23137078516512
GLOBAL,S2D1,PWRWONINDNO01,WONINDNO,2039,3.11986410098976
GLOBAL,S2D1,PWRWONINDNO01,WONINDNO,2040,3.0803721503443198
GLOBAL,S2D1,PWRWONINDNO01,WONINDNO,2041,2.981255097744
GLOBAL,S2D1,PWRWONINDNO01,WONINDNO,2042,2.93944009117824
GLOBAL,S2D1,PWRWONINDNO01,WONINDNO,2043,2.72107283466816
GLOBAL,S2D1,PWRWONINDNO01,WONINDNO,2044,1.35434160154656
GLOBAL,S2D1,PWRWONINDNO01,WONINDNO,2045,1.27845510814944
GLOBAL,S2D1,PWRWONINDNO01,WONINDNO,2046,0.47080599985152
GLOBAL,S2D1,PWRWONINDNO01,WONINDNO,2047,0.30664338148224
GLOBAL,S2D1,PWRWONINDNO01,WONINDNO,2048,0.19358799336
GLOBAL,S2D1,PWRWONINDNO01,WONINDNO,2049,0.19358799336
GLOBAL,S2D1,PWRWONINDNO01,WONINDNO,2050,0.19358799336
GLOBAL,S2D1,PWRWONINDSO01,WONINDSO,2021,11.42169160824
GLOBAL,S2D1,PWRWONINDSO01,WONINDSO,2022,11.42169160824
GLOBAL,S2D1,PWRWONINDSO01,WONINDSO,2023,12.14083492441429
GLOBAL,S2D1,PWRWONINDSO01,WONINDSO,2024,12.38565646224
GLOBAL,S2D1,PWRWONINDSO01,WONINDSO,2025,12.38565646224
GLOBAL,S2D1,PWRWONINDSO01,WONINDSO,2026,13.276671000161473
GLOBAL,S2D1,PWRWONINDSO01,WONINDSO,2027,13.148735969806271
GLOBAL,S2D1,PWRWONINDSO01,WONINDSO,2028,13.148735969806271
GLOBAL,S2D1,PWRWONINDSO01,WONINDSO,2029,13.148735969806271
GLOBAL,S2D1,PWRWONINDSO01,WONINDSO,2030,13.148735969806271
GLOBAL,S2D1,PWRWONINDSO01,WONINDSO,2031,11.121926746822213
GLOBAL,S2D1,PWRWONINDSO01,WONINDSO,2032,11.121926746822213
GLOBAL,S2D1,PWRWONINDSO01,WONINDSO,2033,11.121926746822213
GLOBAL,S2D1,PWRWONINDSO01,WONINDSO,2034,11.121926746822213
GLOBAL,S2D1,PWRWONINDSO01,WONINDSO,2035,11.09667669420722
GLOBAL,S2D1,PWRWONINDSO01,WONINDSO,2036,11.08314988030632
GLOBAL,S2D1,PWRWONINDSO01,WONINDSO,2037,11.053210532205693
GLOBAL,S2D1,PWRWONINDSO01,WONINDSO,2038,11.053210532205693
GLOBAL,S2D1,PWRWONINDSO01,WONINDSO,2039,10.967540710833497
GLOBAL,S2D1,PWRWONINDSO01,WONINDSO,2040,10.846701173319003
GLOBAL,S2D1,PWRWONINDSO01,WONINDSO,2041,10.649209690366103
GLOBAL,S2D1,PWRWONINDSO01,WONINDSO,2042,10.4318788803587
GLOBAL,S2D1,PWRWONINDSO01,WONINDSO,2043,10.138797912506293
GLOBAL,S2D1,PWRWONINDSO01,WONINDSO,2044,4.881376243030901
GLOBAL,S2D1,PWRWONINDSO01,WONINDSO,2045,5.39139540421872
GLOBAL,S2D1,PWRWONINDSO01,WONINDSO,2046,4.78263788477856
GLOBAL,S2D1,PWRWONINDSO01,WONINDSO,2047,3.78794302376688
GLOBAL,S2D1,PWRWONINDSO01,WONINDSO,2048,2.9041251890630395
GLOBAL,S2D1,PWRWONINDSO01,WONINDSO,2049,1.5085672329384
GLOBAL,S2D1,PWRWONINDSO01,WONINDSO,2050,1.48831085313216
GLOBAL,S2D1,PWRWONINDWE01,WONINDWE,2021,17.81495631605635
GLOBAL,S2D1,PWRWONINDWE01,WONINDWE,2022,18.26899211002723
GLOBAL,S2D1,PWRWONINDWE01,WONINDWE,2023,10.656273004332814
GLOBAL,S2D1,PWRWONINDWE01,WONINDWE,2024,18.509364000952992
GLOBAL,S2D1,PWRWONINDWE01,WONINDWE,2025,18.509364000952992
GLOBAL,S2D1,PWRWONINDWE01,WONINDWE,2026,10.656273004332814
GLOBAL,S2D1,PWRWONINDWE01,WONINDWE,2027,18.509364000952992
GLOBAL,S2D1,PWRWONINDWE01,WONINDWE,2028,18.509364000952992
GLOBAL,S2D1,PWRWONINDWE01,WONINDWE,2029,13.775081206530416
GLOBAL,S2D1,PWRWONINDWE01,WONINDWE,2030,18.509364000952992
GLOBAL,S2D1,PWRWONINDWE01,WONINDWE,2031,10.645789086930634
GLOBAL,S2D1,PWRWONINDWE01,WONINDWE,2032,10.604552345148418
GLOBAL,S2D1,PWRWONINDWE01,WONINDWE,2033,10.604552345148418
GLOBAL,S2D1,PWRWONINDWE01,WONINDWE,2034,10.604552345148418
GLOBAL,S2D1,PWRWONINDWE01,WONINDWE,2035,16.462694873751957
GLOBAL,S2D1,PWRWONINDWE01,WONINDWE,2036,16.856389317576713
GLOBAL,S2D1,PWRWONINDWE01,WONINDWE,2037,17.32918825757656
GLOBAL,S2D1,PWRWONINDWE01,WONINDWE,2038,10.487831398070142
GLOBAL,S2D1,PWRWONINDWE01,WONINDWE,2039,10.410250409293575
GLOBAL,S2D1,PWRWONINDWE01,WONINDWE,2040,17.86108829512291
GLOBAL,S2D1,PWRWONINDWE01,WONINDWE,2041,10.244604514338207
GLOBAL,S2D1,PWRWONINDWE01,WONINDWE,2042,10.096050099405602
GLOBAL,S2D1,PWRWONINDWE01,WONINDWE,2043,10.120701942430058
GLOBAL,S2D1,PWRWONINDWE01,WONINDWE,2044,6.1547561672286974
GLOBAL,S2D1,PWRWONINDWE01,WONINDWE,2045,5.592820470181654
GLOBAL,S2D1,PWRWONINDWE01,WONINDWE,2046,3.809156656147202
GLOBAL,S2D1,PWRWONINDWE01,WONINDWE,2047,3.219960498141359
GLOBAL,S2D1,PWRWONINDWE01,WONINDWE,2048,4.5488559358526395
GLOBAL,S2D1,PWRWONINDWE01,WONINDWE,2049,3.8058882729912
GLOBAL,S2D1,PWRWONINDWE01,WONINDWE,2050,2.39400691366464
GLOBAL,S2D1,TRNINDEAINDNE,ELCINDEA02,2021,22.558579561809438
GLOBAL,S2D1,TRNINDEAINDNE,ELCINDEA02,2022,22.737645216
GLOBAL,S2D1,TRNINDEAINDNE,ELCINDEA02,2023,22.777533202721397
GLOBAL,S2D1,TRNINDEAINDNE,ELCINDNE02,2024,28.064296367999997
GLOBAL,S2D1,TRNINDEAINDNE,ELCINDNE02,2025,28.064296367999997
GLOBAL,S2D1,TRNINDEAINDNE,ELCINDNE02,2026,28.064296367999997
GLOBAL,S2D1,TRNINDEAINDNE,ELCINDNE02,2027,28.064296367999997
GLOBAL,S2D1,TRNINDEAINDNE,ELCINDNE02,2028,28.064296367999997
GLOBAL,S2D1,TRNINDEAINDNE,ELCINDNE02,2029,28.064296367999997
GLOBAL,S2D1,TRNINDEAINDNE,ELCINDNE02,2030,43.964747568
GLOBAL,S2D1,TRNINDEAINDNE,ELCINDNE02,2031,59.865198768
GLOBAL,S2D1,TRNINDEAINDNE,ELCINDNE02,2032,75.765649968
GLOBAL,S2D1,TRNINDEAINDNE,ELCINDNE02,2033,91.666101168
GLOBAL,S2D1,TRNINDEAINDNE,ELCINDNE02,2034,107.56655236799999
GLOBAL,S2D1,TRNINDEAINDNE,ELCINDNE02,2035,123.467003568
GLOBAL,S2D1,TRNINDEAINDNE,ELCINDNE02,2036,139.36745476800002
GLOBAL,S2D1,TRNINDEAINDNE,ELCINDNE02,2037,155.267905968
GLOBAL,S2D1,TRNINDEAINDNE,ELCINDNE02,2038,171.168357168
GLOBAL,S2D1,TRNINDEAINDNE,ELCINDNE02,2039,187.06880836800002
GLOBAL,S2D1,TRNINDEAINDNE,ELCINDNE02,2040,202.96925956799998
GLOBAL,S2D1,TRNINDEAINDNE,ELCINDNE02,2041,218.86971076799998
GLOBAL,S2D1,TRNINDEAINDNE,ELCINDNE02,2042,234.77016196799997
GLOBAL,S2D1,TRNINDEAINDNE,ELCINDNE02,2043,250.670613168
GLOBAL,S2D1,TRNINDEAINDNE,ELCINDNE02,2044,266.571064368
GLOBAL,S2D1,TRNINDEAINDNE,ELCINDNE02,2045,282.471515568
GLOBAL,S2D1,TRNINDEAINDNE,ELCINDNE02,2046,298.371966768
GLOBAL,S2D1,TRNINDEAINDNE,ELCINDNE02,2047,314.272417968
GLOBAL,S2D1,TRNINDEAINDNE,ELCINDNE02,2048,330.1728691680001
GLOBAL,S2D1,TRNINDEAINDNE,ELCINDNE02,2049,346.0733203680001
GLOBAL,S2D1,TRNINDEAINDNE,ELCINDNE02,2050,361.9737715680001
GLOBAL,S2D1,TRNINDEAINDNO,ELCINDNO02,2025,20.47254754498257
GLOBAL,S2D1,TRNINDEAINDNO,ELCINDNO02,2026,27.3543867817503
GLOBAL,S2D1,TRNINDEAINDNO,ELCINDNO02,2027,35.20259025369217
GLOBAL,S2D1,TRNINDEAINDNO,ELCINDNO02,2028,43.0711919152947
GLOBAL,S2D1,TRNINDEAINDNO,ELCINDNO02,2029,51.02131414949053
GLOBAL,S2D1,TRNINDEAINDNO,ELCINDNO02,2030,42.566917995349094
GLOBAL,S2D1,TRNINDEAINDNO,ELCINDNO02,2031,14.19748146259668
GLOBAL,S2D1,TRNINDEAINDSO,ELCINDEA02,2048,15.736798072765167
GLOBAL,S2D1,TRNINDEAINDSO,ELCINDEA02,2049,62.250266448
GLOBAL,S2D1,TRNINDEAINDSO,ELCINDEA02,2050,63.15870097441495
GLOBAL,S2D1,TRNINDNEINDNO,ELCINDNE02,2024,23.8506768
GLOBAL,S2D1,TRNINDNEINDNO,ELCINDNE02,2025,23.8506768
GLOBAL,S2D1,TRNINDNEINDNO,ELCINDNE02,2026,23.8506768
GLOBAL,S2D1,TRNINDNEINDNO,ELCINDNE02,2027,23.8506768
GLOBAL,S2D1,TRNINDNEINDNO,ELCINDNE02,2028,23.8506768
GLOBAL,S2D1,TRNINDNEINDNO,ELCINDNE02,2029,23.8506768
GLOBAL,S2D1,TRNINDNEINDNO,ELCINDNE02,2030,39.751128
GLOBAL,S2D1,TRNINDNEINDNO,ELCINDNE02,2031,27.92516947264531
GLOBAL,S2D1,TRNINDNEINDNO,ELCINDNE02,2032,57.56903077974417
GLOBAL,S2D1,TRNINDNEINDNO,ELCINDNE02,2033,72.82687644175348
GLOBAL,S2D1,TRNINDNEINDNO,ELCINDNE02,2034,87.192738689459
GLOBAL,S2D1,TRNINDNEINDNO,ELCINDNE02,2035,103.95334751717556
GLOBAL,S2D1,TRNINDNEINDNO,ELCINDNE02,2036,119.34892199823457
GLOBAL,S2D1,TRNINDNEINDNO,ELCINDNE02,2037,134.7561732856193
GLOBAL,S2D1,TRNINDNEINDNO,ELCINDNE02,2038,150.10739224694998
GLOBAL,S2D1,TRNINDNEINDNO,ELCINDNE02,2039,165.4031741721923
GLOBAL,S2D1,TRNINDNEINDNO,ELCINDNE02,2040,180.57942206857695
GLOBAL,S2D1,TRNINDNEINDNO,ELCINDNE02,2041,195.69790883297264
GLOBAL,S2D1,TRNINDNEINDNO,ELCINDNE02,2042,210.76035864596122
GLOBAL,S2D1,TRNINDNEINDNO,ELCINDNE02,2043,225.79943486948304
GLOBAL,S2D1,TRNINDNEINDNO,ELCINDNE02,2044,229.86917758760984
GLOBAL,S2D1,TRNINDNEINDNO,ELCINDNE02,2045,216.43370693700024
GLOBAL,S2D1,TRNINDNEINDNO,ELCINDNE02,2046,134.67783662732296
GLOBAL,S2D1,TRNINDNEINDNO,ELCINDNE02,2047,117.11681461082549
GLOBAL,S2D1,TRNINDNEINDNO,ELCINDNE02,2048,103.32390168991347
GLOBAL,S2D1,TRNINDNEINDNO,ELCINDNE02,2049,112.69348119610686
GLOBAL,S2D1,TRNINDNEINDNO,ELCINDNE02,2050,118.90004067611075
GLOBAL,S2D1,TRNINDNEINDNO,ELCINDNO02,2022,2.328040912609747
GLOBAL,S2D1,TRNINDNOINDWE,ELCINDNO02,2025,84.41387628499591
GLOBAL,S2D1,TRNINDNOINDWE,ELCINDNO02,2026,61.66343362274402
GLOBAL,S2D1,TRNINDNOINDWE,ELCINDNO02,2027,36.92043015080219
GLOBAL,S2D1,TRNINDNOINDWE,ELCINDNO02,2028,21.056081161199476
GLOBAL,S2D1,TRNINDNOINDWE,ELCINDNO02,2030,2.962397314105217
GLOBAL,S2D1,TRNINDSOINDWE,ELCINDWE02,2025,113.40930832483468
GLOBAL,S2D1,TRNINDSOINDWE,ELCINDWE02,2026,90.5618420900696
GLOBAL,S2D1,TRNINDSOINDWE,ELCINDWE02,2027,51.13219844794423
GLOBAL,S2D1,TRNINDSOINDWE,ELCINDWE02,2028,17.1452231109929
GLOBAL,S2D1,TRNINDSOINDWE,ELCINDWE02,2045,6.410894972838634
GLOBAL,S2D1,TRNINDSOINDWE,ELCINDWE02,2046,97.60222361456418
GLOBAL,S2D1,TRNINDSOINDWE,ELCINDWE02,2047,166.81145786599419
GLOBAL,S2D1,TRNINDSOINDWE,ELCINDWE02,2048,239.460795072
GLOBAL,S2D1,TRNINDSOINDWE,ELCINDWE02,2049,255.361246272
GLOBAL,S2D1,TRNINDSOINDWE,ELCINDWE02,2050,271.261697472
GLOBAL,S2D2,PWRBIOINDNO01,BIOINDNO,2021,2.83644173844
GLOBAL,S2D2,PWRBIOINDNO01,BIOINDNO,2022,2.83644173844
GLOBAL,S2D2,PWRBIOINDNO01,BIOINDNO,2023,2.83644173844
GLOBAL,S2D2,PWRBIOINDNO01,BIOINDNO,2024,2.836441738439999
GLOBAL,S2D2,PWRBIOINDNO01,BIOINDNO,2025,5.67288347688
GLOBAL,S2D2,PWRBIOINDNO01,BIOINDNO,2026,5.67288347688
GLOBAL,S2D2,PWRBIOINDNO01,BIOINDNO,2027,5.67288347688
GLOBAL,S2D2,PWRBIOINDNO01,BIOINDNO,2028,5.67288347688
GLOBAL,S2D2,PWRBIOINDNO01,BIOINDNO,2029,5.67288347688
GLOBAL,S2D2,PWRBIOINDNO01,BIOINDNO,2030,5.67288347688
GLOBAL,S2D2,PWRBIOINDNO01,BIOINDNO,2031,5.67288347688
GLOBAL,S2D2,PWRBIOINDNO01,BIOINDNO,2032,5.67288347688
GLOBAL,S2D2,PWRBIOINDNO01,BIOINDNO,2033,5.67288347688
GLOBAL,S2D2,PWRBIOINDNO01,BIOINDNO,2034,5.67288347688
GLOBAL,S2D2,PWRBIOINDNO01,BIOINDNO,2035,5.67288347688
GLOBAL,S2D2,PWRBIOINDNO01,BIOINDNO,2036,5.67288347688
GLOBAL,S2D2,PWRBIOINDNO01,BIOINDNO,2037,5.67288347688
GLOBAL,S2D2,PWRBIOINDNO01,BIOINDNO,2038,5.67288347688
GLOBAL,S2D2,PWRBIOINDNO01,BIOINDNO,2039,3.9417218524800006
GLOBAL,S2D2,PWRBIOINDNO01,BIOINDNO,2040,2.8763916220800003
GLOBAL,S2D2,PWRBIOINDNO01,BIOINDNO,2041,2.8763916220800003
GLOBAL,S2D2,PWRBIOINDNO01,BIOINDNO,2042,2.8763916220800003
GLOBAL,S2D2,PWRBIOINDNO01,BIOINDNO,2043,2.8763916220800003
GLOBAL,S2D2,PWRBIOINDNO01,BIOINDNO,2044,2.8763916220800003
GLOBAL,S2D2,PWRBIOINDNO01,BIOINDNO,2045,2.8763916220800003
GLOBAL,S2D2,PWRBIOINDNO01,BIOINDNO,2046,2.8763916220800003
GLOBAL,S2D2,PWRBIOINDNO01,BIOINDNO,2047,2.8763916220800003
GLOBAL,S2D2,PWRBIOINDNO01,BIOINDNO,2048,2.8763916220800003
GLOBAL,S2D2,PWRBIOINDNO01,BIOINDNO,2049,2.8763916220800003
GLOBAL,S2D2,PWRBIOINDNO01,BIOINDNO,2050,2.8763916220800003
GLOBAL,S2D2,PWRBIOINDSO01,BIOINDSO,2021,35.63044259415121
GLOBAL,S2D2,PWRBIOINDSO01,BIOINDSO,2022,35.63044259415121
GLOBAL,S2D2,PWRBIOINDSO01,BIOINDSO,2023,35.63044259415121
GLOBAL,S2D2,PWRBIOINDSO01,BIOINDSO,2024,35.63044259415121
GLOBAL,S2D2,PWRBIOINDSO01,BIOINDSO,2025,38.85492383119058
GLOBAL,S2D2,PWRBIOINDSO01,BIOINDSO,2026,71.26088518830241
GLOBAL,S2D2,PWRBIOINDSO01,BIOINDSO,2027,71.26088518830241
GLOBAL,S2D2,PWRBIOINDSO01,BIOINDSO,2028,71.26088518830241
GLOBAL,S2D2,PWRBIOINDSO01,BIOINDSO,2029,71.26088518830241
GLOBAL,S2D2,PWRBIOINDSO01,BIOINDSO,2030,71.26088518830241
GLOBAL,S2D2,PWRBIOINDSO01,BIOINDSO,2031,71.26088518830241
GLOBAL,S2D2,PWRBIOINDWE01,BIOINDWE,2021,1.6546407030000005
GLOBAL,S2D2,PWRBIOINDWE01,BIOINDWE,2022,1.6546407030000005
GLOBAL,S2D2,PWRBIOINDWE01,BIOINDWE,2023,1.6546407030000005
GLOBAL,S2D2,PWRBIOINDWE01,BIOINDWE,2024,1.6546407030000005
GLOBAL,S2D2,PWRBIOINDWE01,BIOINDWE,2025,3.309281406
GLOBAL,S2D2,PWRBIOINDWE01,BIOINDWE,2026,3.309281406
GLOBAL,S2D2,PWRBIOINDWE01,BIOINDWE,2027,3.309281406
GLOBAL,S2D2,PWRBIOINDWE01,BIOINDWE,2028,3.309281406
GLOBAL,S2D2,PWRBIOINDWE01,BIOINDWE,2029,3.309281406
GLOBAL,S2D2,PWRBIOINDWE01,BIOINDWE,2030,3.309281406
GLOBAL,S2D2,PWRBIOINDWE01,BIOINDWE,2031,3.309281406
GLOBAL,S2D2,PWRBIOINDWE01,BIOINDWE,2032,3.309281406
GLOBAL,S2D2,PWRBIOINDWE01,BIOINDWE,2033,3.309281406
GLOBAL,S2D2,PWRBIOINDWE01,BIOINDWE,2034,3.309281406
GLOBAL,S2D2,PWRBIOINDWE01,BIOINDWE,2035,3.309281406
GLOBAL,S2D2,PWRBIOINDWE01,BIOINDWE,2036,3.309281406
GLOBAL,S2D2,PWRBIOINDWE01,BIOINDWE,2037,3.309281406
GLOBAL,S2D2,PWRBIOINDWE01,BIOINDWE,2038,3.309281406
GLOBAL,S2D2,PWRBIOINDWE01,BIOINDWE,2039,3.309281406
GLOBAL,S2D2,PWRBIOINDWE01,BIOINDWE,2040,3.309281406
GLOBAL,S2D2,PWRBIOINDWE01,BIOINDWE,2041,3.309281406
GLOBAL,S2D2,PWRBIOINDWE01,BIOINDWE,2042,3.309281406
GLOBAL,S2D2,PWRBIOINDWE01,BIOINDWE,2043,3.309281406
GLOBAL,S2D2,PWRBIOINDWE01,BIOINDWE,2044,3.309281406
GLOBAL,S2D2,PWRBIOINDWE01,BIOINDWE,2045,3.309281406
GLOBAL,S2D2,PWRBIOINDWE01,BIOINDWE,2046,3.309281406
GLOBAL,S2D2,PWRBIOINDWE01,BIOINDWE,2047,3.309281406
GLOBAL,S2D2,PWRBIOINDWE01,BIOINDWE,2048,3.309281406
GLOBAL,S2D2,PWRBIOINDWE01,BIOINDWE,2049,3.309281406
GLOBAL,S2D2,PWRBIOINDWE01,BIOINDWE,2050,3.309281406
GLOBAL,S2D2,PWRCCGINDEA01,GASINT,2047,85.70111318021858
GLOBAL,S2D2,PWRCCGINDEA01,GASINT,2048,127.98523282945256
GLOBAL,S2D2,PWRCCGINDEA01,GASINT,2049,183.2412719454695
GLOBAL,S2D2,PWRCCGINDEA01,GASINT,2050,260.91507704489226
GLOBAL,S2D2,PWRCCGINDNO01,GASINT,2031,113.64269293531063
GLOBAL,S2D2,PWRCCGINDNO01,GASINT,2032,151.74844372554236
GLOBAL,S2D2,PWRCCGINDNO01,GASINT,2033,223.9953575111116
GLOBAL,S2D2,PWRCCGINDNO01,GASINT,2034,275.91140237987923
GLOBAL,S2D2,PWRCCGINDNO01,GASINT,2035,318.79737770439846
GLOBAL,S2D2,PWRCCGINDNO01,GASINT,2036,373.13206774050013
GLOBAL,S2D2,PWRCCGINDNO01,GASINT,2037,431.10763639994553
GLOBAL,S2D2,PWRCCGINDNO01,GASINT,2038,485.2682557074986
GLOBAL,S2D2,PWRCCGINDNO01,GASINT,2039,545.3649977835296
GLOBAL,S2D2,PWRCCGINDNO01,GASINT,2040,603.680192889367
GLOBAL,S2D2,PWRCCGINDNO01,GASINT,2041,691.4758209398714
GLOBAL,S2D2,PWRCCGINDNO01,GASINT,2042,762.2619539313648
GLOBAL,S2D2,PWRCCGINDNO01,GASINT,2043,829.7247045595982
GLOBAL,S2D2,PWRCCGINDNO01,GASINT,2044,927.739694280209
GLOBAL,S2D2,PWRCCGINDNO01,GASINT,2045,1045.5447150877314
GLOBAL,S2D2,PWRCCGINDNO01,GASINT,2046,1194.2071669346478
GLOBAL,S2D2,PWRCCGINDNO01,GASINT,2047,1256.6621890447664
GLOBAL,S2D2,PWRCCGINDNO01,GASINT,2048,1380.7825670138125
GLOBAL,S2D2,PWRCCGINDNO01,GASINT,2049,1477.0288023817445
GLOBAL,S2D2,PWRCCGINDNO01,GASINT,2050,1616.1934358355575
GLOBAL,S2D2,PWRCCGINDSO01,GASINT,2031,293.7374503396574
GLOBAL,S2D2,PWRCCGINDSO01,GASINT,2032,422.08800682045694
GLOBAL,S2D2,PWRCCGINDSO01,GASINT,2033,545.6278210249283
GLOBAL,S2D2,PWRCCGINDSO01,GASINT,2034,635.0043626545622
GLOBAL,S2D2,PWRCCGINDSO01,GASINT,2035,727.5879447542322
GLOBAL,S2D2,PWRCCGINDSO01,GASINT,2036,830.2906620101394
GLOBAL,S2D2,PWRCCGINDSO01,GASINT,2037,928.2290303743204
GLOBAL,S2D2,PWRCCGINDSO01,GASINT,2038,1052.6704148301872
GLOBAL,S2D2,PWRCCGINDSO01,GASINT,2039,1154.0645183890815
GLOBAL,S2D2,PWRCCGINDSO01,GASINT,2040,1251.263787196157
GLOBAL,S2D2,PWRCCGINDSO01,GASINT,2041,1392.1232034917111
GLOBAL,S2D2,PWRCCGINDSO01,GASINT,2042,1506.7884010334574
GLOBAL,S2D2,PWRCCGINDSO01,GASINT,2043,1632.6875063512568
GLOBAL,S2D2,PWRCCGINDSO01,GASINT,2044,1757.586647451332
GLOBAL,S2D2,PWRCCGINDSO01,GASINT,2045,1891.166541021016
GLOBAL,S2D2,PWRCCGINDSO01,GASINT,2046,2052.3724294166964
GLOBAL,S2D2,PWRCCGINDSO01,GASINT,2047,2215.4688298267192
GLOBAL,S2D2,PWRCCGINDSO01,GASINT,2048,2399.429344390542
GLOBAL,S2D2,PWRCCGINDSO01,GASINT,2049,2559.832233213568
GLOBAL,S2D2,PWRCCGINDSO01,GASINT,2050,2550.458986741813
GLOBAL,S2D2,PWRCCGINDWE01,GASINT,2036,44.54776261746178
GLOBAL,S2D2,PWRCCGINDWE01,GASINT,2037,128.09337398712333
GLOBAL,S2D2,PWRCCGINDWE01,GASINT,2038,208.30814467874788
GLOBAL,S2D2,PWRCCGINDWE01,GASINT,2039,296.280118208489
GLOBAL,S2D2,PWRCCGINDWE01,GASINT,2040,380.1882966489434
GLOBAL,S2D2,PWRCCGINDWE01,GASINT,2041,526.4811313181059
GLOBAL,S2D2,PWRCCGINDWE01,GASINT,2042,637.6808146487597
GLOBAL,S2D2,PWRCCGINDWE01,GASINT,2043,782.3170230566176
GLOBAL,S2D2,PWRCCGINDWE01,GASINT,2044,920.3939287300966
GLOBAL,S2D2,PWRCCGINDWE01,GASINT,2045,1047.0139885823057
GLOBAL,S2D2,PWRCCGINDWE01,GASINT,2046,1266.1072708839602
GLOBAL,S2D2,PWRCCGINDWE01,GASINT,2047,1536.4202652025322
GLOBAL,S2D2,PWRCCGINDWE01,GASINT,2048,1799.6980170018287
GLOBAL,S2D2,PWRCCGINDWE01,GASINT,2049,2095.0677502181184
GLOBAL,S2D2,PWRCCGINDWE01,GASINT,2050,2379.1121814528724
GLOBAL,S2D2,PWRCOAINDEA01,COAINT,2021,469.67934183102636
GLOBAL,S2D2,PWRCOAINDEA01,COAINT,2022,516.2632038310263
GLOBAL,S2D2,PWRCOAINDEA01,COAINT,2023,565.3550726970791
GLOBAL,S2D2,PWRCOAINDEA01,COAINT,2024,453.7702093088355
GLOBAL,S2D2,PWRCOAINDEA01,COAINT,2025,581.4650513778477
GLOBAL,S2D2,PWRCOAINDEA01,COAINT,2026,601.8856853778477
GLOBAL,S2D2,PWRCOAINDEA01,COAINT,2027,625.1738333778477
GLOBAL,S2D2,PWRCOAINDEA01,COAINT,2028,657.5445490036489
GLOBAL,S2D2,PWRCOAINDEA01,COAINT,2029,755.6735253072424
GLOBAL,S2D2,PWRCOAINDEA01,COAINT,2030,757.3427044320136
GLOBAL,S2D2,PWRCOAINDEA01,COAINT,2031,756.7934771134231
GLOBAL,S2D2,PWRCOAINDEA01,COAINT,2032,771.0566749693197
GLOBAL,S2D2,PWRCOAINDEA01,COAINT,2033,786.1848944856423
GLOBAL,S2D2,PWRCOAINDEA01,COAINT,2034,795.7858238810894
GLOBAL,S2D2,PWRCOAINDEA01,COAINT,2035,813.6392996023766
GLOBAL,S2D2,PWRCOAINDEA01,COAINT,2036,838.2688648693141
GLOBAL,S2D2,PWRCOAINDEA01,COAINT,2037,863.2856685278628
GLOBAL,S2D2,PWRCOAINDEA01,COAINT,2038,887.7435725037366
GLOBAL,S2D2,PWRCOAINDEA01,COAINT,2039,909.7908568089248
GLOBAL,S2D2,PWRCOAINDEA01,COAINT,2040,930.9969357011311
GLOBAL,S2D2,PWRCOAINDEA01,COAINT,2041,962.1411631519258
GLOBAL,S2D2,PWRCOAINDEA01,COAINT,2042,994.3856335219584
GLOBAL,S2D2,PWRCOAINDEA01,COAINT,2043,1026.6036034923727
GLOBAL,S2D2,PWRCOAINDEA01,COAINT,2044,1025.3576148074123
GLOBAL,S2D2,PWRCOAINDEA01,COAINT,2045,992.3364952042316
GLOBAL,S2D2,PWRCOAINDEA01,COAINT,2046,930.5653997386081
GLOBAL,S2D2,PWRCOAINDEA01,COAINT,2047,819.979351687728
GLOBAL,S2D2,PWRCOAINDEA01,COAINT,2048,773.0149840008479
GLOBAL,S2D2,PWRCOAINDEA01,COAINT,2049,721.562395953744
GLOBAL,S2D2,PWRCOAINDEA01,COAINT,2050,638.4146435071199
GLOBAL,S2D2,PWRCOAINDNE01,COAINT,2021,17.410994064
GLOBAL,S2D2,PWRCOAINDNE01,COAINT,2022,17.410994064
GLOBAL,S2D2,PWRCOAINDNE01,COAINT,2023,17.410994064
GLOBAL,S2D2,PWRCOAINDNO01,COAINT,2021,727.3529221225376
GLOBAL,S2D2,PWRCOAINDNO01,COAINT,2022,791.1954234491548
GLOBAL,S2D2,PWRCOAINDNO01,COAINT,2023,853.1072439326128
GLOBAL,S2D2,PWRCOAINDNO01,COAINT,2024,894.3517854145246
GLOBAL,S2D2,PWRCOAINDNO01,COAINT,2025,1123.3013896074392
GLOBAL,S2D2,PWRCOAINDNO01,COAINT,2026,1169.5004577190473
GLOBAL,S2D2,PWRCOAINDNO01,COAINT,2027,1219.1711697190474
GLOBAL,S2D2,PWRCOAINDNO01,COAINT,2028,1227.5544088630368
GLOBAL,S2D2,PWRCOAINDNO01,COAINT,2029,1206.0506386601567
GLOBAL,S2D2,PWRCOAINDNO01,COAINT,2030,1189.4553377427167
GLOBAL,S2D2,PWRCOAINDNO01,COAINT,2031,1093.2025924215648
GLOBAL,S2D2,PWRCOAINDNO01,COAINT,2032,1093.2025924215648
GLOBAL,S2D2,PWRCOAINDNO01,COAINT,2033,1044.2581415467487
GLOBAL,S2D2,PWRCOAINDNO01,COAINT,2034,1027.412742432384
GLOBAL,S2D2,PWRCOAINDNO01,COAINT,2035,1017.5958038615039
GLOBAL,S2D2,PWRCOAINDNO01,COAINT,2036,1011.7523880455038
GLOBAL,S2D2,PWRCOAINDNO01,COAINT,2037,1001.0005029440638
GLOBAL,S2D2,PWRCOAINDNO01,COAINT,2038,995.157087128064
GLOBAL,S2D2,PWRCOAINDNO01,COAINT,2039,983.8208604450239
GLOBAL,S2D2,PWRCOAINDNO01,COAINT,2040,973.419580292544
GLOBAL,S2D2,PWRCOAINDNO01,COAINT,2041,936.3723240191039
GLOBAL,S2D2,PWRCOAINDNO01,COAINT,2042,926.555385448224
GLOBAL,S2D2,PWRCOAINDNO01,COAINT,2043,916.855315193664
GLOBAL,S2D2,PWRCOAINDNO01,COAINT,2044,895.117808358144
GLOBAL,S2D2,PWRCOAINDNO01,COAINT,2045,868.0511062984319
GLOBAL,S2D2,PWRCOAINDNO01,COAINT,2046,788.3469145681918
GLOBAL,S2D2,PWRCOAINDNO01,COAINT,2047,701.09302960368
GLOBAL,S2D2,PWRCOAINDNO01,COAINT,2048,617.29844680224
GLOBAL,S2D2,PWRCOAINDNO01,COAINT,2049,581.3030053756801
GLOBAL,S2D2,PWRCOAINDNO01,COAINT,2050,482.43240976896
GLOBAL,S2D2,PWRCOAINDSO01,COAINT,2021,789.960820338167
GLOBAL,S2D2,PWRCOAINDSO01,COAINT,2022,872.4945156854076
GLOBAL,S2D2,PWRCOAINDSO01,COAINT,2023,911.6250121897292
GLOBAL,S2D2,PWRCOAINDSO01,COAINT,2024,1068.9189950292418
GLOBAL,S2D2,PWRCOAINDSO01,COAINT,2025,1336.0249575333362
GLOBAL,S2D2,PWRCOAINDSO01,COAINT,2026,1297.0816805546274
GLOBAL,S2D2,PWRCOAINDSO01,COAINT,2027,1321.058459085696
GLOBAL,S2D2,PWRCOAINDSO01,COAINT,2028,1311.2749114623361
GLOBAL,S2D2,PWRCOAINDSO01,COAINT,2029,1306.383137650656
GLOBAL,S2D2,PWRCOAINDSO01,COAINT,2030,1286.816042403936
GLOBAL,S2D2,PWRCOAINDSO01,COAINT,2031,1199.462938623936
GLOBAL,S2D2,PWRCOAINDSO01,COAINT,2032,1193.872339982016
GLOBAL,S2D2,PWRCOAINDSO01,COAINT,2033,1138.665178393056
GLOBAL,S2D2,PWRCOAINDSO01,COAINT,2034,1132.8416381410561
GLOBAL,S2D2,PWRCOAINDSO01,COAINT,2035,1123.058090517696
GLOBAL,S2D2,PWRCOAINDSO01,COAINT,2036,1117.0016086556159
GLOBAL,S2D2,PWRCOAINDSO01,COAINT,2037,1117.0016086556159
GLOBAL,S2D2,PWRCOAINDSO01,COAINT,2038,1078.100359772256
GLOBAL,S2D2,PWRCOAINDSO01,COAINT,2039,1073.208585960576
GLOBAL,S2D2,PWRCOAINDSO01,COAINT,2040,1073.208585960576
GLOBAL,S2D2,PWRCOAINDSO01,COAINT,2041,1029.881446485696
GLOBAL,S2D2,PWRCOAINDSO01,COAINT,2042,1025.502144216192
GLOBAL,S2D2,PWRCOAINDSO01,COAINT,2043,1004.0715160888319
GLOBAL,S2D2,PWRCOAINDSO01,COAINT,2044,1002.2545715302081
GLOBAL,S2D2,PWRCOAINDSO01,COAINT,2045,975.815698786128
GLOBAL,S2D2,PWRCOAINDSO01,COAINT,2046,935.8895068184161
GLOBAL,S2D2,PWRCOAINDSO01,COAINT,2047,888.8353015822561
GLOBAL,S2D2,PWRCOAINDSO01,COAINT,2048,823.961063174976
GLOBAL,S2D2,PWRCOAINDSO01,COAINT,2049,758.7607065135841
GLOBAL,S2D2,PWRCOAINDSO01,COAINT,2050,710.308851616944
GLOBAL,S2D2,PWRCOAINDWE01,COAINT,2021,715.9099940318393
GLOBAL,S2D2,PWRCOAINDWE01,COAINT,2022,770.5647538060115
GLOBAL,S2D2,PWRCOAINDWE01,COAINT,2023,825.9718388333563
GLOBAL,S2D2,PWRCOAINDWE01,COAINT,2024,921.7163046617264
GLOBAL,S2D2,PWRCOAINDWE01,COAINT,2025,1146.2490760909188
GLOBAL,S2D2,PWRCOAINDWE01,COAINT,2026,1188.2039982153908
GLOBAL,S2D2,PWRCOAINDWE01,COAINT,2027,1244.2219864761398
GLOBAL,S2D2,PWRCOAINDWE01,COAINT,2028,1362.4117077464414
GLOBAL,S2D2,PWRCOAINDWE01,COAINT,2029,1472.5924012472278
GLOBAL,S2D2,PWRCOAINDWE01,COAINT,2030,1606.1803587069987
GLOBAL,S2D2,PWRCOAINDWE01,COAINT,2031,1475.6450495141814
GLOBAL,S2D2,PWRCOAINDWE01,COAINT,2032,1573.5914456112318
GLOBAL,S2D2,PWRCOAINDWE01,COAINT,2033,1670.4500386119935
GLOBAL,S2D2,PWRCOAINDWE01,COAINT,2034,1770.2129795251503
GLOBAL,S2D2,PWRCOAINDWE01,COAINT,2035,1867.7694619514616
GLOBAL,S2D2,PWRCOAINDWE01,COAINT,2036,1918.767391005024
GLOBAL,S2D2,PWRCOAINDWE01,COAINT,2037,1912.5733702400637
GLOBAL,S2D2,PWRCOAINDWE01,COAINT,2038,1912.5733702400637
GLOBAL,S2D2,PWRCOAINDWE01,COAINT,2039,1902.300645235536
GLOBAL,S2D2,PWRCOAINDWE01,COAINT,2040,1901.4241328631358
GLOBAL,S2D2,PWRCOAINDWE01,COAINT,2041,1824.992253989856
GLOBAL,S2D2,PWRCOAINDWE01,COAINT,2042,1801.852327358496
GLOBAL,S2D2,PWRCOAINDWE01,COAINT,2043,1732.2455581583038
GLOBAL,S2D2,PWRCOAINDWE01,COAINT,2044,1695.4787858440318
GLOBAL,S2D2,PWRCOAINDWE01,COAINT,2045,1654.925480080992
GLOBAL,S2D2,PWRCOAINDWE01,COAINT,2046,1558.3922508006722
GLOBAL,S2D2,PWRCOAINDWE01,COAINT,2047,1450.8266524597439
GLOBAL,S2D2,PWRCOAINDWE01,COAINT,2048,1236.5836549819198
GLOBAL,S2D2,PWRCOAINDWE01,COAINT,2049,966.73471259904
GLOBAL,S2D2,PWRCOAINDWE01,COAINT,2050,715.5847008273599
GLOBAL,S2D2,PWRCSPINDNO01,CSPINDNO,2021,0.00169578312048
GLOBAL,S2D2,PWRCSPINDNO01,CSPINDNO,2022,0.00169578312048
GLOBAL,S2D2,PWRCSPINDNO01,CSPINDNO,2023,0.00169578312048
GLOBAL,S2D2,PWRCSPINDNO01,CSPINDNO,2024,0.00169578312048
GLOBAL,S2D2,PWRCSPINDNO01,CSPINDNO,2025,0.00169578312048
GLOBAL,S2D2,PWRCSPINDNO01,CSPINDNO,2026,0.00169578312048
GLOBAL,S2D2,PWRCSPINDNO01,CSPINDNO,2027,0.00169578312048
GLOBAL,S2D2,PWRCSPINDNO01,CSPINDNO,2028,0.00169578312048
GLOBAL,S2D2,PWRCSPINDNO01,CSPINDNO,2029,0.00169578312048
GLOBAL,S2D2,PWRCSPINDNO01,CSPINDNO,2030,0.00169578312048
GLOBAL,S2D2,PWRCSPINDNO01,CSPINDNO,2031,0.00169578312048
GLOBAL,S2D2,PWRCSPINDNO01,CSPINDNO,2032,0.00169578312048
GLOBAL,S2D2,PWRCSPINDNO01,CSPINDNO,2033,0.00169578312048
GLOBAL,S2D2,PWRCSPINDNO01,CSPINDNO,2034,0.00169578312048
GLOBAL,S2D2,PWRCSPINDNO01,CSPINDNO,2035,0.00169578312048
GLOBAL,S2D2,PWRCSPINDNO01,CSPINDNO,2036,0.00169578312048
GLOBAL,S2D2,PWRCSPINDNO01,CSPINDNO,2037,0.00169578312048
GLOBAL,S2D2,PWRCSPINDNO01,CSPINDNO,2038,0.00169578312048
GLOBAL,S2D2,PWRCSPINDNO01,CSPINDNO,2039,0.00169578312048
GLOBAL,S2D2,PWRCSPINDNO01,CSPINDNO,2040,0.0008490840940799999
GLOBAL,S2D2,PWRCSPINDNO01,CSPINDNO,2041,0.0008490840940799999
GLOBAL,S2D2,PWRCSPINDNO01,CSPINDNO,2042,0.000834773688
GLOBAL,S2D2,PWRCSPINDNO01,CSPINDNO,2043,0.000834773688
GLOBAL,S2D2,PWRCSPINDNO01,CSPINDNO,2044,0.00059626692
GLOBAL,S2D2,PWRCSPINDSO01,CSPINDSO,2021,0.000556515792
GLOBAL,S2D2,PWRCSPINDSO01,CSPINDSO,2022,0.000556515792
GLOBAL,S2D2,PWRCSPINDSO01,CSPINDSO,2023,0.000556515792
GLOBAL,S2D2,PWRCSPINDSO01,CSPINDSO,2024,0.000556515792
GLOBAL,S2D2,PWRCSPINDSO01,CSPINDSO,2025,0.000556515792
GLOBAL,S2D2,PWRCSPINDSO01,CSPINDSO,2026,0.000556515792
GLOBAL,S2D2,PWRCSPINDSO01,CSPINDSO,2027,0.000556515792
GLOBAL,S2D2,PWRCSPINDSO01,CSPINDSO,2028,0.000556515792
GLOBAL,S2D2,PWRCSPINDSO01,CSPINDSO,2029,0.000556515792
GLOBAL,S2D2,PWRCSPINDSO01,CSPINDSO,2030,0.000556515792
GLOBAL,S2D2,PWRCSPINDSO01,CSPINDSO,2031,0.000556515792
GLOBAL,S2D2,PWRCSPINDSO01,CSPINDSO,2032,0.000556515792
GLOBAL,S2D2,PWRCSPINDSO01,CSPINDSO,2033,0.000556515792
GLOBAL,S2D2,PWRCSPINDSO01,CSPINDSO,2034,0.000556515792
GLOBAL,S2D2,PWRCSPINDSO01,CSPINDSO,2035,0.000556515792
GLOBAL,S2D2,PWRCSPINDSO01,CSPINDSO,2036,0.000556515792
GLOBAL,S2D2,PWRCSPINDSO01,CSPINDSO,2037,0.000556515792
GLOBAL,S2D2,PWRCSPINDSO01,CSPINDSO,2038,0.000556515792
GLOBAL,S2D2,PWRCSPINDSO01,CSPINDSO,2039,0.000556515792
GLOBAL,S2D2,PWRHYDINDEA01,HYDINDEA,2021,15.800060795495597
GLOBAL,S2D2,PWRHYDINDEA01,HYDINDEA,2022,15.800060795495597
GLOBAL,S2D2,PWRHYDINDEA01,HYDINDEA,2023,15.800060795495597
GLOBAL,S2D2,PWRHYDINDEA01,HYDINDEA,2024,17.5549940977542
GLOBAL,S2D2,PWRHYDINDEA01,HYDINDEA,2025,20.64496616298144
GLOBAL,S2D2,PWRHYDINDEA01,HYDINDEA,2026,20.64496616298144
GLOBAL,S2D2,PWRHYDINDEA01,HYDINDEA,2027,20.64496616298144
GLOBAL,S2D2,PWRHYDINDEA01,HYDINDEA,2028,20.64496616298144
GLOBAL,S2D2,PWRHYDINDEA01,HYDINDEA,2029,20.64496616298144
GLOBAL,S2D2,PWRHYDINDEA01,HYDINDEA,2030,20.64496616298144
GLOBAL,S2D2,PWRHYDINDEA01,HYDINDEA,2031,20.64496616298144
GLOBAL,S2D2,PWRHYDINDEA01,HYDINDEA,2032,20.64496616298144
GLOBAL,S2D2,PWRHYDINDEA01,HYDINDEA,2033,20.64496616298144
GLOBAL,S2D2,PWRHYDINDEA01,HYDINDEA,2034,20.64496616298144
GLOBAL,S2D2,PWRHYDINDEA01,HYDINDEA,2035,20.64496616298144
GLOBAL,S2D2,PWRHYDINDEA01,HYDINDEA,2036,20.64496616298144
GLOBAL,S2D2,PWRHYDINDEA01,HYDINDEA,2037,20.64496616298144
GLOBAL,S2D2,PWRHYDINDEA01,HYDINDEA,2038,20.64496616298144
GLOBAL,S2D2,PWRHYDINDEA01,HYDINDEA,2039,20.64496616298144
GLOBAL,S2D2,PWRHYDINDEA01,HYDINDEA,2040,20.64496616298144
GLOBAL,S2D2,PWRHYDINDEA01,HYDINDEA,2041,20.64496616298144
GLOBAL,S2D2,PWRHYDINDEA01,HYDINDEA,2042,20.64496616298144
GLOBAL,S2D2,PWRHYDINDEA01,HYDINDEA,2043,20.64496616298144
GLOBAL,S2D2,PWRHYDINDEA01,HYDINDEA,2044,20.64496616298144
GLOBAL,S2D2,PWRHYDINDEA01,HYDINDEA,2045,20.64496616298144
GLOBAL,S2D2,PWRHYDINDEA01,HYDINDEA,2046,20.64496616298144
GLOBAL,S2D2,PWRHYDINDEA01,HYDINDEA,2047,20.64496616298144
GLOBAL,S2D2,PWRHYDINDEA01,HYDINDEA,2048,20.64496616298144
GLOBAL,S2D2,PWRHYDINDEA01,HYDINDEA,2049,20.64496616298144
GLOBAL,S2D2,PWRHYDINDEA01,HYDINDEA,2050,20.64496616298144
GLOBAL,S2D2,PWRHYDINDNE01,HYDINDNE,2021,5.620175263065596
GLOBAL,S2D2,PWRHYDINDNE01,HYDINDNE,2022,4.802584635180578
GLOBAL,S2D2,PWRHYDINDNE01,HYDINDNE,2023,10.383740515692581
GLOBAL,S2D2,PWRHYDINDNE01,HYDINDNE,2024,11.73122375556355
GLOBAL,S2D2,PWRHYDINDNE01,HYDINDNE,2025,12.331059979847552
GLOBAL,S2D2,PWRHYDINDNE01,HYDINDNE,2026,12.43605102462365
GLOBAL,S2D2,PWRHYDINDNE01,HYDINDNE,2027,12.545613751529672
GLOBAL,S2D2,PWRHYDINDNE01,HYDINDNE,2028,12.655649411069803
GLOBAL,S2D2,PWRHYDINDNE01,HYDINDNE,2029,12.767103868512336
GLOBAL,S2D2,PWRHYDINDNE01,HYDINDNE,2030,12.879661835434462
GLOBAL,S2D2,PWRHYDINDNE01,HYDINDNE,2031,12.889535400587521
GLOBAL,S2D2,PWRHYDINDNE01,HYDINDNE,2032,12.889535400587521
GLOBAL,S2D2,PWRHYDINDNE01,HYDINDNE,2033,12.889535400587521
GLOBAL,S2D2,PWRHYDINDNE01,HYDINDNE,2034,12.889535400587521
GLOBAL,S2D2,PWRHYDINDNE01,HYDINDNE,2035,12.889535400587521
GLOBAL,S2D2,PWRHYDINDNE01,HYDINDNE,2036,12.889535400587521
GLOBAL,S2D2,PWRHYDINDNE01,HYDINDNE,2037,12.889535400587521
GLOBAL,S2D2,PWRHYDINDNE01,HYDINDNE,2038,12.889535400587521
GLOBAL,S2D2,PWRHYDINDNE01,HYDINDNE,2039,12.889535400587521
GLOBAL,S2D2,PWRHYDINDNE01,HYDINDNE,2040,12.889535400587521
GLOBAL,S2D2,PWRHYDINDNE01,HYDINDNE,2041,12.889535400587521
GLOBAL,S2D2,PWRHYDINDNE01,HYDINDNE,2042,12.889535400587521
GLOBAL,S2D2,PWRHYDINDNE01,HYDINDNE,2043,12.889535400587521
GLOBAL,S2D2,PWRHYDINDNE01,HYDINDNE,2044,12.889535400587521
GLOBAL,S2D2,PWRHYDINDNE01,HYDINDNE,2045,12.889535400587521
GLOBAL,S2D2,PWRHYDINDNE01,HYDINDNE,2046,12.889535400587521
GLOBAL,S2D2,PWRHYDINDNE01,HYDINDNE,2047,12.889535400587521
GLOBAL,S2D2,PWRHYDINDNE01,HYDINDNE,2048,12.889535400587521
GLOBAL,S2D2,PWRHYDINDNE01,HYDINDNE,2049,12.889535400587521
GLOBAL,S2D2,PWRHYDINDNE01,HYDINDNE,2050,12.889535400587521
GLOBAL,S2D2,PWRHYDINDNO01,HYDINDNO,2021,46.56888621647448
GLOBAL,S2D2,PWRHYDINDNO01,HYDINDNO,2022,60.38594490498048
GLOBAL,S2D2,PWRHYDINDNO01,HYDINDNO,2023,67.46845744227456
GLOBAL,S2D2,PWRHYDINDNO01,HYDINDNO,2024,67.46845744227456
GLOBAL,S2D2,PWRHYDINDNO01,HYDINDNO,2025,79.99325716292064
GLOBAL,S2D2,PWRHYDINDNO01,HYDINDNO,2026,80.64888841747583
GLOBAL,S2D2,PWRHYDINDNO01,HYDINDNO,2027,80.64888841747583
GLOBAL,S2D2,PWRHYDINDNO01,HYDINDNO,2028,80.64888841747583
GLOBAL,S2D2,PWRHYDINDNO01,HYDINDNO,2029,80.64888841747583
GLOBAL,S2D2,PWRHYDINDNO01,HYDINDNO,2030,80.64888841747583
GLOBAL,S2D2,PWRHYDINDNO01,HYDINDNO,2031,80.64888841747583
GLOBAL,S2D2,PWRHYDINDNO01,HYDINDNO,2032,80.64888841747583
GLOBAL,S2D2,PWRHYDINDNO01,HYDINDNO,2033,80.30546252223263
GLOBAL,S2D2,PWRHYDINDNO01,HYDINDNO,2034,80.30546252223263
GLOBAL,S2D2,PWRHYDINDNO01,HYDINDNO,2035,80.30546252223263
GLOBAL,S2D2,PWRHYDINDNO01,HYDINDNO,2036,80.30546252223263
GLOBAL,S2D2,PWRHYDINDNO01,HYDINDNO,2037,80.30546252223263
GLOBAL,S2D2,PWRHYDINDNO01,HYDINDNO,2038,80.30546252223263
GLOBAL,S2D2,PWRHYDINDNO01,HYDINDNO,2039,80.30546252223263
GLOBAL,S2D2,PWRHYDINDNO01,HYDINDNO,2040,80.30546252223263
GLOBAL,S2D2,PWRHYDINDNO01,HYDINDNO,2041,80.30546252223263
GLOBAL,S2D2,PWRHYDINDNO01,HYDINDNO,2042,80.30546252223263
GLOBAL,S2D2,PWRHYDINDNO01,HYDINDNO,2043,80.30546252223263
GLOBAL,S2D2,PWRHYDINDNO01,HYDINDNO,2044,80.30546252223263
GLOBAL,S2D2,PWRHYDINDNO01,HYDINDNO,2045,80.30546252223263
GLOBAL,S2D2,PWRHYDINDNO01,HYDINDNO,2046,80.30546252223263
GLOBAL,S2D2,PWRHYDINDNO01,HYDINDNO,2047,80.30546252223263
GLOBAL,S2D2,PWRHYDINDNO01,HYDINDNO,2048,80.30546252223263
GLOBAL,S2D2,PWRHYDINDNO01,HYDINDNO,2049,80.30546252223263
GLOBAL,S2D2,PWRHYDINDNO01,HYDINDNO,2050,80.30546252223263
GLOBAL,S2D2,PWRHYDINDSO01,HYDINDSO,2021,38.1803099853156
GLOBAL,S2D2,PWRHYDINDSO01,HYDINDSO,2022,38.1803099853156
GLOBAL,S2D2,PWRHYDINDSO01,HYDINDSO,2023,39.8825083796676
GLOBAL,S2D2,PWRHYDINDSO01,HYDINDSO,2024,39.8825083796676
GLOBAL,S2D2,PWRHYDINDSO01,HYDINDSO,2025,39.8825083796676
GLOBAL,S2D2,PWRHYDINDSO01,HYDINDSO,2026,46.475309559096004
GLOBAL,S2D2,PWRHYDINDSO01,HYDINDSO,2027,46.475309559096004
GLOBAL,S2D2,PWRHYDINDSO01,HYDINDSO,2028,46.475309559096004
GLOBAL,S2D2,PWRHYDINDSO01,HYDINDSO,2029,46.475309559096004
GLOBAL,S2D2,PWRHYDINDSO01,HYDINDSO,2030,46.475309559096004
GLOBAL,S2D2,PWRHYDINDSO01,HYDINDSO,2031,46.475309559096004
GLOBAL,S2D2,PWRHYDINDSO01,HYDINDSO,2032,46.475309559096004
GLOBAL,S2D2,PWRHYDINDSO01,HYDINDSO,2033,46.475309559096004
GLOBAL,S2D2,PWRHYDINDSO01,HYDINDSO,2034,46.475309559096004
GLOBAL,S2D2,PWRHYDINDSO01,HYDINDSO,2035,46.475309559096004
GLOBAL,S2D2,PWRHYDINDSO01,HYDINDSO,2036,46.475309559096004
GLOBAL,S2D2,PWRHYDINDSO01,HYDINDSO,2037,46.475309559096004
GLOBAL,S2D2,PWRHYDINDSO01,HYDINDSO,2038,46.475309559096004
GLOBAL,S2D2,PWRHYDINDSO01,HYDINDSO,2039,46.475309559096004
GLOBAL,S2D2,PWRHYDINDSO01,HYDINDSO,2040,46.475309559096004
GLOBAL,S2D2,PWRHYDINDSO01,HYDINDSO,2041,46.475309559096004
GLOBAL,S2D2,PWRHYDINDSO01,HYDINDSO,2042,46.475309559096004
GLOBAL,S2D2,PWRHYDINDSO01,HYDINDSO,2043,46.475309559096004
GLOBAL,S2D2,PWRHYDINDSO01,HYDINDSO,2044,46.475309559096004
GLOBAL,S2D2,PWRHYDINDSO01,HYDINDSO,2045,46.475309559096004
GLOBAL,S2D2,PWRHYDINDSO01,HYDINDSO,2046,46.475309559096004
GLOBAL,S2D2,PWRHYDINDSO01,HYDINDSO,2047,46.475309559096004
GLOBAL,S2D2,PWRHYDINDSO01,HYDINDSO,2048,46.475309559096004
GLOBAL,S2D2,PWRHYDINDSO01,HYDINDSO,2049,53.33826513732347
GLOBAL,S2D2,PWRHYDINDSO01,HYDINDSO,2050,137.87952870578687
GLOBAL,S2D2,PWRHYDINDWE01,HYDINDWE,2021,19.612209802524497
GLOBAL,S2D2,PWRHYDINDWE01,HYDINDWE,2022,19.612209802524497
GLOBAL,S2D2,PWRHYDINDWE01,HYDINDWE,2023,19.612209802524497
GLOBAL,S2D2,PWRHYDINDWE01,HYDINDWE,2024,19.612209802524497
GLOBAL,S2D2,PWRHYDINDWE01,HYDINDWE,2025,23.117010106068
GLOBAL,S2D2,PWRHYDINDWE01,HYDINDWE,2026,23.117010106068
GLOBAL,S2D2,PWRHYDINDWE01,HYDINDWE,2027,23.117010106068
GLOBAL,S2D2,PWRHYDINDWE01,HYDINDWE,2028,22.128399552708
GLOBAL,S2D2,PWRHYDINDWE01,HYDINDWE,2029,22.128399552708
GLOBAL,S2D2,PWRHYDINDWE01,HYDINDWE,2030,22.128399552708
GLOBAL,S2D2,PWRHYDINDWE01,HYDINDWE,2031,22.128399552708
GLOBAL,S2D2,PWRHYDINDWE01,HYDINDWE,2032,22.128399552708
GLOBAL,S2D2,PWRHYDINDWE01,HYDINDWE,2033,22.128399552708
GLOBAL,S2D2,PWRHYDINDWE01,HYDINDWE,2034,22.128399552708
GLOBAL,S2D2,PWRHYDINDWE01,HYDINDWE,2035,22.128399552708
GLOBAL,S2D2,PWRHYDINDWE01,HYDINDWE,2036,22.128399552708
GLOBAL,S2D2,PWRHYDINDWE01,HYDINDWE,2037,22.128399552708
GLOBAL,S2D2,PWRHYDINDWE01,HYDINDWE,2038,22.128399552708
GLOBAL,S2D2,PWRHYDINDWE01,HYDINDWE,2039,22.128399552708
GLOBAL,S2D2,PWRHYDINDWE01,HYDINDWE,2040,22.128399552708
GLOBAL,S2D2,PWRHYDINDWE01,HYDINDWE,2041,22.128399552708
GLOBAL,S2D2,PWRHYDINDWE01,HYDINDWE,2042,22.128399552708
GLOBAL,S2D2,PWRHYDINDWE01,HYDINDWE,2043,22.128399552708
GLOBAL,S2D2,PWRHYDINDWE01,HYDINDWE,2044,22.128399552708
GLOBAL,S2D2,PWRHYDINDWE01,HYDINDWE,2045,22.128399552708
GLOBAL,S2D2,PWRHYDINDWE01,HYDINDWE,2046,22.128399552708
GLOBAL,S2D2,PWRHYDINDWE01,HYDINDWE,2047,22.128399552708
GLOBAL,S2D2,PWRHYDINDWE01,HYDINDWE,2048,22.128399552708
GLOBAL,S2D2,PWRHYDINDWE01,HYDINDWE,2049,22.128399552708
GLOBAL,S2D2,PWRHYDINDWE01,HYDINDWE,2050,22.128399552708
GLOBAL,S2D2,PWRSPVINDEA01,SPVINDEA,2021,0.00122989990032
GLOBAL,S2D2,PWRSPVINDEA01,SPVINDEA,2022,0.00122989990032
GLOBAL,S2D2,PWRSPVINDEA01,SPVINDEA,2023,0.00122989990032
GLOBAL,S2D2,PWRSPVINDEA01,SPVINDEA,2024,0.27740086168032
GLOBAL,S2D2,PWRSPVINDEA01,SPVINDEA,2025,0.55357182346032
GLOBAL,S2D2,PWRSPVINDEA01,SPVINDEA,2026,0.55357182346032
GLOBAL,S2D2,PWRSPVINDEA01,SPVINDEA,2027,0.55357182346032
GLOBAL,S2D2,PWRSPVINDEA01,SPVINDEA,2028,0.55357182346032
GLOBAL,S2D2,PWRSPVINDEA01,SPVINDEA,2029,0.55357182346032
GLOBAL,S2D2,PWRSPVINDEA01,SPVINDEA,2030,0.55357182346032
GLOBAL,S2D2,PWRSPVINDEA01,SPVINDEA,2031,0.6334196967355898
GLOBAL,S2D2,PWRSPVINDEA01,SPVINDEA,2032,0.6820529091861001
GLOBAL,S2D2,PWRSPVINDEA01,SPVINDEA,2033,0.7413936365914273
GLOBAL,S2D2,PWRSPVINDEA01,SPVINDEA,2034,0.7438633623657991
GLOBAL,S2D2,PWRSPVINDEA01,SPVINDEA,2035,0.7480530956974103
GLOBAL,S2D2,PWRSPVINDEA01,SPVINDEA,2036,0.7624553739001309
GLOBAL,S2D2,PWRSPVINDEA01,SPVINDEA,2037,0.7772628461908552
GLOBAL,S2D2,PWRSPVINDEA01,SPVINDEA,2038,0.7914997390515333
GLOBAL,S2D2,PWRSPVINDEA01,SPVINDEA,2039,0.8029912352343104
GLOBAL,S2D2,PWRSPVINDEA01,SPVINDEA,2040,0.8136227276384677
GLOBAL,S2D2,PWRSPVINDEA01,SPVINDEA,2041,0.8338217620797695
GLOBAL,S2D2,PWRSPVINDEA01,SPVINDEA,2042,0.8553934948600221
GLOBAL,S2D2,PWRSPVINDEA01,SPVINDEA,2043,0.8769983047086831
GLOBAL,S2D2,PWRSPVINDEA01,SPVINDEA,2044,0.8964117587752842
GLOBAL,S2D2,PWRSPVINDEA01,SPVINDEA,2045,0.916395792271931
GLOBAL,S2D2,PWRSPVINDEA01,SPVINDEA,2046,0.9555976025138883
GLOBAL,S2D2,PWRSPVINDEA01,SPVINDEA,2047,0.9867864929339094
GLOBAL,S2D2,PWRSPVINDEA01,SPVINDEA,2048,1.0608931294746675
GLOBAL,S2D2,PWRSPVINDEA01,SPVINDEA,2049,1.2617551405319432
GLOBAL,S2D2,PWRSPVINDEA01,SPVINDEA,2050,1.2959109637286355
GLOBAL,S2D2,PWRSPVINDNE01,SPVINDNE,2021,0.00045793299456
GLOBAL,S2D2,PWRSPVINDNE01,SPVINDNE,2022,0.0023898378153599997
GLOBAL,S2D2,PWRSPVINDNE01,SPVINDNE,2023,0.0023898378153599997
GLOBAL,S2D2,PWRSPVINDNE01,SPVINDNE,2024,0.0023898378153599997
GLOBAL,S2D2,PWRSPVINDNE01,SPVINDNE,2025,0.0023898378153599997
GLOBAL,S2D2,PWRSPVINDNE01,SPVINDNE,2026,0.0023898378153599997
GLOBAL,S2D2,PWRSPVINDNE01,SPVINDNE,2027,0.0023898378153599997
GLOBAL,S2D2,PWRSPVINDNE01,SPVINDNE,2028,0.0023898378153599997
GLOBAL,S2D2,PWRSPVINDNE01,SPVINDNE,2029,0.0023898378153599997
GLOBAL,S2D2,PWRSPVINDNE01,SPVINDNE,2030,0.0023898378153599997
GLOBAL,S2D2,PWRSPVINDNE01,SPVINDNE,2031,0.0023898378153599997
GLOBAL,S2D2,PWRSPVINDNE01,SPVINDNE,2032,0.0023898378153599997
GLOBAL,S2D2,PWRSPVINDNE01,SPVINDNE,2033,0.0023898378153599997
GLOBAL,S2D2,PWRSPVINDNE01,SPVINDNE,2034,0.0023898378153599997
GLOBAL,S2D2,PWRSPVINDNE01,SPVINDNE,2035,0.0023898378153599997
GLOBAL,S2D2,PWRSPVINDNE01,SPVINDNE,2036,0.0023898378153599997
GLOBAL,S2D2,PWRSPVINDNE01,SPVINDNE,2037,0.0023898378153599997
GLOBAL,S2D2,PWRSPVINDNE01,SPVINDNE,2038,0.0023898378153599997
GLOBAL,S2D2,PWRSPVINDNE01,SPVINDNE,2039,0.0023898378153599997
GLOBAL,S2D2,PWRSPVINDNE01,SPVINDNE,2040,0.0023898378153599997
GLOBAL,S2D2,PWRSPVINDNE01,SPVINDNE,2041,0.0023898378153599997
GLOBAL,S2D2,PWRSPVINDNE01,SPVINDNE,2042,0.0023898378153599997
GLOBAL,S2D2,PWRSPVINDNE01,SPVINDNE,2043,0.0023898378153599997
GLOBAL,S2D2,PWRSPVINDNE01,SPVINDNE,2044,0.0023898378153599997
GLOBAL,S2D2,PWRSPVINDNE01,SPVINDNE,2045,0.0023898378153599997
GLOBAL,S2D2,PWRSPVINDNE01,SPVINDNE,2046,0.0023898378153599997
GLOBAL,S2D2,PWRSPVINDNE01,SPVINDNE,2047,0.0023898378153599997
GLOBAL,S2D2,PWRSPVINDNE01,SPVINDNE,2048,0.0023898378153599997
GLOBAL,S2D2,PWRSPVINDNE01,SPVINDNE,2049,0.0023898378153599997
GLOBAL,S2D2,PWRSPVINDNE01,SPVINDNE,2050,0.0023898378153599997
GLOBAL,S2D2,PWRSPVINDNO01,SPVINDNO,2021,0.01742848456032
GLOBAL,S2D2,PWRSPVINDNO01,SPVINDNO,2022,0.02227176199584
GLOBAL,S2D2,PWRSPVINDNO01,SPVINDNO,2023,0.02227176199584
GLOBAL,S2D2,PWRSPVINDNO01,SPVINDNO,2024,0.23433766969536
GLOBAL,S2D2,PWRSPVINDNO01,SPVINDNO,2025,0.43719916159180205
GLOBAL,S2D2,PWRSPVINDNO01,SPVINDNO,2026,0.43719916159180205
GLOBAL,S2D2,PWRSPVINDNO01,SPVINDNO,2027,0.43719916159180205
GLOBAL,S2D2,PWRSPVINDNO01,SPVINDNO,2028,0.43719916159180205
GLOBAL,S2D2,PWRSPVINDNO01,SPVINDNO,2029,0.43719916159180205
GLOBAL,S2D2,PWRSPVINDNO01,SPVINDNO,2030,0.43719916159180205
GLOBAL,S2D2,PWRSPVINDNO01,SPVINDNO,2031,0.43719916159180205
GLOBAL,S2D2,PWRSPVINDNO01,SPVINDNO,2032,0.43719916159180205
GLOBAL,S2D2,PWRSPVINDNO01,SPVINDNO,2033,0.44070440017975876
GLOBAL,S2D2,PWRSPVINDNO01,SPVINDNO,2034,0.45868861199200867
GLOBAL,S2D2,PWRSPVINDNO01,SPVINDNO,2035,0.47572794286995257
GLOBAL,S2D2,PWRSPVINDNO01,SPVINDNO,2036,0.4984878703294522
GLOBAL,S2D2,PWRSPVINDNO01,SPVINDNO,2037,0.5213262354689816
GLOBAL,S2D2,PWRSPVINDNO01,SPVINDNO,2038,0.5440160151039029
GLOBAL,S2D2,PWRSPVINDNO01,SPVINDNO,2039,0.5671423423423988
GLOBAL,S2D2,PWRSPVINDNO01,SPVINDNO,2040,0.5908432326174401
GLOBAL,S2D2,PWRSPVINDNO01,SPVINDNO,2041,0.6189953914219642
GLOBAL,S2D2,PWRSPVINDNO01,SPVINDNO,2042,0.6475903149052472
GLOBAL,S2D2,PWRSPVINDNO01,SPVINDNO,2043,0.6748966801386344
GLOBAL,S2D2,PWRSPVINDNO01,SPVINDNO,2044,0.7066036742114409
GLOBAL,S2D2,PWRSPVINDNO01,SPVINDNO,2045,0.7448975477438754
GLOBAL,S2D2,PWRSPVINDNO01,SPVINDNO,2046,0.8404081420078439
GLOBAL,S2D2,PWRSPVINDNO01,SPVINDNO,2047,0.8971272585740423
GLOBAL,S2D2,PWRSPVINDNO01,SPVINDNO,2048,0.9345200728786703
GLOBAL,S2D2,PWRSPVINDNO01,SPVINDNO,2049,0.9718632818412778
GLOBAL,S2D2,PWRSPVINDNO01,SPVINDNO,2050,1.00927032468991
GLOBAL,S2D2,PWRSPVINDSO01,SPVINDSO,2021,0.03881220635664
GLOBAL,S2D2,PWRSPVINDSO01,SPVINDSO,2022,0.04020270081408
GLOBAL,S2D2,PWRSPVINDSO01,SPVINDSO,2023,0.04020270081408
GLOBAL,S2D2,PWRSPVINDSO01,SPVINDSO,2024,0.23270151326688002
GLOBAL,S2D2,PWRSPVINDSO01,SPVINDSO,2025,0.42496181895168
GLOBAL,S2D2,PWRSPVINDSO01,SPVINDSO,2026,0.61722212463648
GLOBAL,S2D2,PWRSPVINDSO01,SPVINDSO,2027,0.6927748640193611
GLOBAL,S2D2,PWRSPVINDSO01,SPVINDSO,2028,0.7664427293463731
GLOBAL,S2D2,PWRSPVINDSO01,SPVINDSO,2029,0.831953071471646
GLOBAL,S2D2,PWRSPVINDSO01,SPVINDSO,2030,0.8619537628381644
GLOBAL,S2D2,PWRSPVINDSO01,SPVINDSO,2031,0.9256831533171107
GLOBAL,S2D2,PWRSPVINDSO01,SPVINDSO,2032,0.9903520618771834
GLOBAL,S2D2,PWRSPVINDSO01,SPVINDSO,2033,1.0549796316416857
GLOBAL,S2D2,PWRSPVINDSO01,SPVINDSO,2034,1.1192652168246582
GLOBAL,S2D2,PWRSPVINDSO01,SPVINDSO,2035,1.1839204260725673
GLOBAL,S2D2,PWRSPVINDSO01,SPVINDSO,2036,1.2581123329134836
GLOBAL,S2D2,PWRSPVINDSO01,SPVINDSO,2037,1.3318235092211528
GLOBAL,S2D2,PWRSPVINDSO01,SPVINDSO,2038,1.4055080332877108
GLOBAL,S2D2,PWRSPVINDSO01,SPVINDSO,2039,1.4792855288717577
GLOBAL,S2D2,PWRSPVINDSO01,SPVINDSO,2040,1.5530684250226963
GLOBAL,S2D2,PWRSPVINDSO01,SPVINDSO,2041,1.636761323643442
GLOBAL,S2D2,PWRSPVINDSO01,SPVINDSO,2042,1.7207411515337636
GLOBAL,S2D2,PWRSPVINDSO01,SPVINDSO,2043,1.804386751846285
GLOBAL,S2D2,PWRSPVINDSO01,SPVINDSO,2044,1.8954440233653096
GLOBAL,S2D2,PWRSPVINDSO01,SPVINDSO,2045,1.9225935165772803
GLOBAL,S2D2,PWRSPVINDSO01,SPVINDSO,2046,1.9225935165772803
GLOBAL,S2D2,PWRSPVINDSO01,SPVINDSO,2047,1.9225935165772803
GLOBAL,S2D2,PWRSPVINDSO01,SPVINDSO,2048,1.9225935165772803
GLOBAL,S2D2,PWRSPVINDSO01,SPVINDSO,2049,1.9225935165772803
GLOBAL,S2D2,PWRSPVINDSO01,SPVINDSO,2050,1.922593516577281
GLOBAL,S2D2,PWRSPVINDWE01,SPVINDWE,2021,0.01223062706304
GLOBAL,S2D2,PWRSPVINDWE01,SPVINDWE,2022,0.013183064089919998
GLOBAL,S2D2,PWRSPVINDWE01,SPVINDWE,2023,0.013345248692159998
GLOBAL,S2D2,PWRSPVINDWE01,SPVINDWE,2024,0.21810648911039998
GLOBAL,S2D2,PWRSPVINDWE01,SPVINDWE,2025,0.4219137024566399
GLOBAL,S2D2,PWRSPVINDWE01,SPVINDWE,2026,0.4339320274661193
GLOBAL,S2D2,PWRSPVINDWE01,SPVINDWE,2027,0.4339320274661193
GLOBAL,S2D2,PWRSPVINDWE01,SPVINDWE,2028,0.4339320274661193
GLOBAL,S2D2,PWRSPVINDWE01,SPVINDWE,2029,0.44589669265981935
GLOBAL,S2D2,PWRSPVINDWE01,SPVINDWE,2030,0.4559757669261074
GLOBAL,S2D2,PWRSPVINDWE01,SPVINDWE,2031,0.4958868663606824
GLOBAL,S2D2,PWRSPVINDWE01,SPVINDWE,2032,0.5270989869363492
GLOBAL,S2D2,PWRSPVINDWE01,SPVINDWE,2033,0.5579993268134841
GLOBAL,S2D2,PWRSPVINDWE01,SPVINDWE,2034,0.5898262271003257
GLOBAL,S2D2,PWRSPVINDWE01,SPVINDWE,2035,0.6209492113477546
GLOBAL,S2D2,PWRSPVINDWE01,SPVINDWE,2036,0.6580564975596417
GLOBAL,S2D2,PWRSPVINDWE01,SPVINDWE,2037,0.6952605967290334
GLOBAL,S2D2,PWRSPVINDWE01,SPVINDWE,2038,0.7328326781553739
GLOBAL,S2D2,PWRSPVINDWE01,SPVINDWE,2039,0.7707450569978556
GLOBAL,S2D2,PWRSPVINDWE01,SPVINDWE,2040,0.8097068520621719
GLOBAL,S2D2,PWRSPVINDWE01,SPVINDWE,2041,0.8538968203657006
GLOBAL,S2D2,PWRSPVINDWE01,SPVINDWE,2042,0.898498074949537
GLOBAL,S2D2,PWRSPVINDWE01,SPVINDWE,2043,0.9437413405975514
GLOBAL,S2D2,PWRSPVINDWE01,SPVINDWE,2044,0.9935889600619426
GLOBAL,S2D2,PWRSPVINDWE01,SPVINDWE,2045,1.0766916373721855
GLOBAL,S2D2,PWRSPVINDWE01,SPVINDWE,2046,1.1803042559051224
GLOBAL,S2D2,PWRSPVINDWE01,SPVINDWE,2047,1.28997481698623
GLOBAL,S2D2,PWRSPVINDWE01,SPVINDWE,2048,1.3876292440635094
GLOBAL,S2D2,PWRSPVINDWE01,SPVINDWE,2049,1.4502872178229615
GLOBAL,S2D2,PWRSPVINDWE01,SPVINDWE,2050,1.5132653730370786
GLOBAL,S2D2,PWRTRNINDEA,ELCINDEA01,2021,177.21404521600002
GLOBAL,S2D2,PWRTRNINDEA,ELCINDEA01,2022,193.22224521600003
GLOBAL,S2D2,PWRTRNINDEA,ELCINDEA01,2023,210.0923032455714
GLOBAL,S2D2,PWRTRNINDEA,ELCINDEA01,2024,200.9462
GLOBAL,S2D2,PWRTRNINDEA,ELCINDEA01,2025,248.19859999999997
GLOBAL,S2D2,PWRTRNINDEA,ELCINDEA01,2026,255.21600000000004
GLOBAL,S2D2,PWRTRNINDEA,ELCINDEA01,2027,263.21879999999993
GLOBAL,S2D2,PWRTRNINDEA,ELCINDEA01,2028,274.3427572597255
GLOBAL,S2D2,PWRTRNINDEA,ELCINDEA01,2029,308.0640549585549
GLOBAL,S2D2,PWRTRNINDEA,ELCINDEA01,2030,324.0331089022475
GLOBAL,S2D2,PWRTRNINDEA,ELCINDEA01,2031,339.3196717352421
GLOBAL,S2D2,PWRTRNINDEA,ELCINDEA01,2032,359.6652003797444
GLOBAL,S2D2,PWRTRNINDEA,ELCINDEA01,2033,380.3186948417534
GLOBAL,S2D2,PWRTRNINDEA,ELCINDEA01,2034,399.01590588945953
GLOBAL,S2D2,PWRTRNINDEA,ELCINDEA01,2035,420.5507635171764
GLOBAL,S2D2,PWRTRNINDEA,ELCINDEA01,2036,444.42438679823545
GLOBAL,S2D2,PWRTRNINDEA,ELCINDEA01,2037,468.43148688561985
GLOBAL,S2D2,PWRTRNINDEA,ELCINDEA01,2038,492.2459546469506
GLOBAL,S2D2,PWRTRNINDEA,ELCINDEA01,2039,515.2292853721926
GLOBAL,S2D2,PWRTRNINDEA,ELCINDEA01,2040,537.9226820685763
GLOBAL,S2D2,PWRTRNINDEA,ELCINDEA01,2041,564.0408176329724
GLOBAL,S2D2,PWRTRNINDEA,ELCINDEA01,2042,590.5384162459611
GLOBAL,S2D2,PWRTRNINDEA,ELCINDEA01,2043,617.0269412694827
GLOBAL,S2D2,PWRTRNINDEA,ELCINDEA01,2044,632.0136327876091
GLOBAL,S2D2,PWRTRNINDEA,ELCINDEA01,2045,636.081605909832
GLOBAL,S2D2,PWRTRNINDEA,ELCINDEA01,2046,630.2890800175827
GLOBAL,S2D2,PWRTRNINDEA,ELCINDEA01,2047,650.5642
GLOBAL,S2D2,PWRTRNINDEA,ELCINDEA01,2048,676.8943999999999
GLOBAL,S2D2,PWRTRNINDEA,ELCINDEA01,2049,703.222
GLOBAL,S2D2,PWRTRNINDEA,ELCINDEA01,2050,729.5158
GLOBAL,S2D2,PWRTRNINDNE,ELCINDNE01,2021,33.598800000000004
GLOBAL,S2D2,PWRTRNINDNE,ELCINDNE01,2022,36.4014
GLOBAL,S2D2,PWRTRNINDNE,ELCINDNE01,2023,39.2013
GLOBAL,S2D2,PWRTRNINDNE,ELCINDNE01,2024,94.32927316800001
GLOBAL,S2D2,PWRTRNINDNE,ELCINDNE01,2025,104.602773168
GLOBAL,S2D2,PWRTRNINDNE,ELCINDNE01,2026,106.40097316800001
GLOBAL,S2D2,PWRTRNINDNE,ELCINDNE01,2027,108.277473168
GLOBAL,S2D2,PWRTRNINDNE,ELCINDNE01,2028,110.162073168
GLOBAL,S2D2,PWRTRNINDNE,ELCINDNE01,2029,112.070973168
GLOBAL,S2D2,PWRTRNINDNE,ELCINDNE01,2030,145.799675568
GLOBAL,S2D2,PWRTRNINDNE,ELCINDNE01,2031,181.63167796800002
GLOBAL,S2D2,PWRTRNINDNE,ELCINDNE01,2032,217.49608036799998
GLOBAL,S2D2,PWRTRNINDNE,ELCINDNE01,2033,253.287582768
GLOBAL,S2D2,PWRTRNINDNE,ELCINDNE01,2034,289.046685168
GLOBAL,S2D2,PWRTRNINDNE,ELCINDNE01,2035,324.840887568
GLOBAL,S2D2,PWRTRNINDNE,ELCINDNE01,2036,361.183189968
GLOBAL,S2D2,PWRTRNINDNE,ELCINDNE01,2037,397.484992368
GLOBAL,S2D2,PWRTRNINDNE,ELCINDNE01,2038,433.773294768
GLOBAL,S2D2,PWRTRNINDNE,ELCINDNE01,2039,470.1452971679999
GLOBAL,S2D2,PWRTRNINDNE,ELCINDNE01,2040,506.39039956799996
GLOBAL,S2D2,PWRTRNINDNE,ELCINDNE01,2041,543.2592019680001
GLOBAL,S2D2,PWRTRNINDNE,ELCINDNE01,2042,580.014604368
GLOBAL,S2D2,PWRTRNINDNE,ELCINDNE01,2043,616.996806768
GLOBAL,S2D2,PWRTRNINDNE,ELCINDNE01,2044,654.084309168
GLOBAL,S2D2,PWRTRNINDNE,ELCINDNE01,2045,691.0557115679999
GLOBAL,S2D2,PWRTRNINDNE,ELCINDNE01,2046,729.109813968
GLOBAL,S2D2,PWRTRNINDNE,ELCINDNE01,2047,766.7319163680002
GLOBAL,S2D2,PWRTRNINDNE,ELCINDNE01,2048,804.3432187680003
GLOBAL,S2D2,PWRTRNINDNE,ELCINDNE01,2049,841.9383211680002
GLOBAL,S2D2,PWRTRNINDNE,ELCINDNE01,2050,879.5253235680002
GLOBAL,S2D2,PWRTRNINDNO,ELCINDNO01,2021,312.3406
GLOBAL,S2D2,PWRTRNINDNO,ELCINDNO01,2022,353.7796872013937
GLOBAL,S2D2,PWRTRNINDNO,ELCINDNO01,2023,387.4858
GLOBAL,S2D2,PWRTRNINDNO,ELCINDNO01,2024,417.9032
GLOBAL,S2D2,PWRTRNINDNO,ELCINDNO01,2025,515.5929999999998
GLOBAL,S2D2,PWRTRNINDNO,ELCINDNO01,2026,531.9626
GLOBAL,S2D2,PWRTRNINDNO,ELCINDNO01,2027,548.8574
GLOBAL,S2D2,PWRTRNINDNO,ELCINDNO01,2028,565.7573999999998
GLOBAL,S2D2,PWRTRNINDNO,ELCINDNO01,2029,582.5481999999998
GLOBAL,S2D2,PWRTRNINDNO,ELCINDNO01,2030,599.235
GLOBAL,S2D2,PWRTRNINDNO,ELCINDNO01,2031,635.7312
GLOBAL,S2D2,PWRTRNINDNO,ELCINDNO01,2032,671.879
GLOBAL,S2D2,PWRTRNINDNO,ELCINDNO01,2033,707.8734
GLOBAL,S2D2,PWRTRNINDNO,ELCINDNO01,2034,744.2994
GLOBAL,S2D2,PWRTRNINDNO,ELCINDNO01,2035,780.7331999999999
GLOBAL,S2D2,PWRTRNINDNO,ELCINDNO01,2036,823.4563999999999
GLOBAL,S2D2,PWRTRNINDNO,ELCINDNO01,2037,866.2472
GLOBAL,S2D2,PWRTRNINDNO,ELCINDNO01,2038,908.8559999999999
GLOBAL,S2D2,PWRTRNINDNO,ELCINDNO01,2039,951.9016
GLOBAL,S2D2,PWRTRNINDNO,ELCINDNO01,2040,994.6819999999999
GLOBAL,S2D2,PWRTRNINDNO,ELCINDNO01,2041,1043.7492
GLOBAL,S2D2,PWRTRNINDNO,ELCINDNO01,2042,1092.0364
GLOBAL,S2D2,PWRTRNINDNO,ELCINDNO01,2043,1139.9596
GLOBAL,S2D2,PWRTRNINDNO,ELCINDNO01,2044,1186.8584
GLOBAL,S2D2,PWRTRNINDNO,ELCINDNO01,2045,1233.6844
GLOBAL,S2D2,PWRTRNINDNO,ELCINDNO01,2046,1291.7605999999998
GLOBAL,S2D2,PWRTRNINDNO,ELCINDNO01,2047,1345.9186
GLOBAL,S2D2,PWRTRNINDNO,ELCINDNO01,2048,1400.0558
GLOBAL,S2D2,PWRTRNINDNO,ELCINDNO01,2049,1454.2086
GLOBAL,S2D2,PWRTRNINDNO,ELCINDNO01,2050,1508.4394
GLOBAL,S2D2,PWRTRNINDSO,ELCINDSO01,2021,355.0775
GLOBAL,S2D2,PWRTRNINDSO,ELCINDSO01,2022,387.2225000000001
GLOBAL,S2D2,PWRTRNINDSO,ELCINDSO01,2023,419.36999999999995
GLOBAL,S2D2,PWRTRNINDSO,ELCINDSO01,2024,454.8924999999999
GLOBAL,S2D2,PWRTRNINDSO,ELCINDSO01,2025,565.4750000000001
GLOBAL,S2D2,PWRTRNINDSO,ELCINDSO01,2026,587.7225
GLOBAL,S2D2,PWRTRNINDSO,ELCINDSO01,2027,607.5225
GLOBAL,S2D2,PWRTRNINDSO,ELCINDSO01,2028,627.2350000000001
GLOBAL,S2D2,PWRTRNINDSO,ELCINDSO01,2029,647.0525
GLOBAL,S2D2,PWRTRNINDSO,ELCINDSO01,2030,667.01
GLOBAL,S2D2,PWRTRNINDSO,ELCINDSO01,2031,709.405
GLOBAL,S2D2,PWRTRNINDSO,ELCINDSO01,2032,752.425
GLOBAL,S2D2,PWRTRNINDSO,ELCINDSO01,2033,795.4175
GLOBAL,S2D2,PWRTRNINDSO,ELCINDSO01,2034,838.1825
GLOBAL,S2D2,PWRTRNINDSO,ELCINDSO01,2035,881.17
GLOBAL,S2D2,PWRTRNINDSO,ELCINDSO01,2036,930.5125000000002
GLOBAL,S2D2,PWRTRNINDSO,ELCINDSO01,2037,979.52
GLOBAL,S2D2,PWRTRNINDSO,ELCINDSO01,2038,1028.5375
GLOBAL,S2D2,PWRTRNINDSO,ELCINDSO01,2039,1077.5375000000001
GLOBAL,S2D2,PWRTRNINDSO,ELCINDSO01,2040,1126.0675
GLOBAL,S2D2,PWRTRNINDSO,ELCINDSO01,2041,1181.5600000000002
GLOBAL,S2D2,PWRTRNINDSO,ELCINDSO01,2042,1237.225
GLOBAL,S2D2,PWRTRNINDSO,ELCINDSO01,2043,1292.5975
GLOBAL,S2D2,PWRTRNINDSO,ELCINDSO01,2044,1348.3025
GLOBAL,S2D2,PWRTRNINDSO,ELCINDSO01,2045,1403.9675
GLOBAL,S2D2,PWRTRNINDSO,ELCINDSO01,2046,1470.335
GLOBAL,S2D2,PWRTRNINDSO,ELCINDSO01,2047,1533.08
GLOBAL,S2D2,PWRTRNINDSO,ELCINDSO01,2048,1602.0350611512074
GLOBAL,S2D2,PWRTRNINDSO,ELCINDSO01,2049,1665.4512217304232
GLOBAL,S2D2,PWRTRNINDSO,ELCINDSO01,2050,1728.7491364352038
GLOBAL,S2D2,PWRTRNINDWE,ELCINDWE01,2021,304.836
GLOBAL,S2D2,PWRTRNINDWE,ELCINDWE01,2022,323.964
GLOBAL,S2D2,PWRTRNINDWE,ELCINDWE01,2023,343.0944
GLOBAL,S2D2,PWRTRNINDWE,ELCINDWE01,2024,371.2128
GLOBAL,S2D2,PWRTRNINDWE,ELCINDWE01,2025,461.952
GLOBAL,S2D2,PWRTRNINDWE,ELCINDWE01,2026,476.23440000000005
GLOBAL,S2D2,PWRTRNINDWE,ELCINDWE01,2027,495.2881375036562
GLOBAL,S2D2,PWRTRNINDWE,ELCINDWE01,2028,534.5001124163853
GLOBAL,S2D2,PWRTRNINDWE,ELCINDWE01,2029,571.9885034423907
GLOBAL,S2D2,PWRTRNINDWE,ELCINDWE01,2030,614.8925910932866
GLOBAL,S2D2,PWRTRNINDWE,ELCINDWE01,2031,570.5112000000001
GLOBAL,S2D2,PWRTRNINDWE,ELCINDWE01,2032,603.7728
GLOBAL,S2D2,PWRTRNINDWE,ELCINDWE01,2033,636.7488
GLOBAL,S2D2,PWRTRNINDWE,ELCINDWE01,2034,670.7136
GLOBAL,S2D2,PWRTRNINDWE,ELCINDWE01,2035,703.9272000000001
GLOBAL,S2D2,PWRTRNINDWE,ELCINDWE01,2036,743.4551999999999
GLOBAL,S2D2,PWRTRNINDWE,ELCINDWE01,2037,783.1583999999999
GLOBAL,S2D2,PWRTRNINDWE,ELCINDWE01,2038,823.1928000000001
GLOBAL,S2D2,PWRTRNINDWE,ELCINDWE01,2039,863.5632
GLOBAL,S2D2,PWRTRNINDWE,ELCINDWE01,2040,904.9968000000001
GLOBAL,S2D2,PWRTRNINDWE,ELCINDWE01,2041,952.1112000000002
GLOBAL,S2D2,PWRTRNINDWE,ELCINDWE01,2042,999.4872
GLOBAL,S2D2,PWRTRNINDWE,ELCINDWE01,2043,1047.2616
GLOBAL,S2D2,PWRTRNINDWE,ELCINDWE01,2044,1096.212
GLOBAL,S2D2,PWRTRNINDWE,ELCINDWE01,2045,1145.1984
GLOBAL,S2D2,PWRTRNINDWE,ELCINDWE01,2046,1218.3500330243053
GLOBAL,S2D2,PWRTRNINDWE,ELCINDWE01,2047,1315.8188740768196
GLOBAL,S2D2,PWRTRNINDWE,ELCINDWE01,2048,1373.4488393146557
GLOBAL,S2D2,PWRTRNINDWE,ELCINDWE01,2049,1428.5322931696232
GLOBAL,S2D2,PWRTRNINDWE,ELCINDWE01,2050,1483.5224649756872
GLOBAL,S2D2,PWRURNINDNO01,URNINT,2021,26.82724126464
GLOBAL,S2D2,PWRURNINDNO01,URNINT,2022,39.18189184704002
GLOBAL,S2D2,PWRURNINDNO01,URNINT,2023,51.536542429440004
GLOBAL,S2D2,PWRURNINDNO01,URNINT,2024,37.899338033065234
GLOBAL,S2D2,PWRURNINDNO01,URNINT,2025,51.536542429440004
GLOBAL,S2D2,PWRURNINDNO01,URNINT,2026,51.536542429440004
GLOBAL,S2D2,PWRURNINDNO01,URNINT,2027,51.536542429440004
GLOBAL,S2D2,PWRURNINDNO01,URNINT,2028,76.24584359424001
GLOBAL,S2D2,PWRURNINDNO01,URNINT,2029,76.24584359424001
GLOBAL,S2D2,PWRURNINDNO01,URNINT,2030,76.24584359424001
GLOBAL,S2D2,PWRURNINDNO01,URNINT,2031,76.24584359424001
GLOBAL,S2D2,PWRURNINDNO01,URNINT,2032,76.24584359424001
GLOBAL,S2D2,PWRURNINDNO01,URNINT,2033,76.24584359424001
GLOBAL,S2D2,PWRURNINDNO01,URNINT,2034,76.24584359424001
GLOBAL,S2D2,PWRURNINDNO01,URNINT,2035,76.24584359424001
GLOBAL,S2D2,PWRURNINDNO01,URNINT,2036,76.24584359424001
GLOBAL,S2D2,PWRURNINDNO01,URNINT,2037,76.24584359424001
GLOBAL,S2D2,PWRURNINDNO01,URNINT,2038,76.24584359424001
GLOBAL,S2D2,PWRURNINDNO01,URNINT,2039,76.24584359424001
GLOBAL,S2D2,PWRURNINDNO01,URNINT,2040,76.24584359424001
GLOBAL,S2D2,PWRURNINDNO01,URNINT,2041,76.24584359424001
GLOBAL,S2D2,PWRURNINDNO01,URNINT,2042,72.71594342784002
GLOBAL,S2D2,PWRURNINDNO01,URNINT,2043,72.71594342784002
GLOBAL,S2D2,PWRURNINDNO01,URNINT,2044,72.71594342784002
GLOBAL,S2D2,PWRURNINDNO01,URNINT,2045,72.71594342784002
GLOBAL,S2D2,PWRURNINDNO01,URNINT,2046,72.71594342784002
GLOBAL,S2D2,PWRURNINDNO01,URNINT,2047,72.71594342784002
GLOBAL,S2D2,PWRURNINDNO01,URNINT,2048,72.71594342784002
GLOBAL,S2D2,PWRURNINDNO01,URNINT,2049,72.71594342784002
GLOBAL,S2D2,PWRURNINDNO01,URNINT,2050,72.71594342784002
GLOBAL,S2D2,PWRURNINDSO01,URNINT,2021,58.596342762240006
GLOBAL,S2D2,PWRURNINDSO01,URNINT,2022,67.42109317824
GLOBAL,S2D2,PWRURNINDSO01,URNINT,2023,102.72009484224
GLOBAL,S2D2,PWRURNINDSO01,URNINT,2024,61.97432140223996
GLOBAL,S2D2,PWRURNINDSO01,URNINT,2025,102.72009484224004
GLOBAL,S2D2,PWRURNINDSO01,URNINT,2026,145.07889683904
GLOBAL,S2D2,PWRURNINDSO01,URNINT,2027,162.72839767104
GLOBAL,S2D2,PWRURNINDSO01,URNINT,2028,162.72839767104
GLOBAL,S2D2,PWRURNINDSO01,URNINT,2029,162.72839767104
GLOBAL,S2D2,PWRURNINDSO01,URNINT,2030,162.72839767104
GLOBAL,S2D2,PWRURNINDSO01,URNINT,2031,162.72839767104
GLOBAL,S2D2,PWRURNINDSO01,URNINT,2032,162.72839767104
GLOBAL,S2D2,PWRURNINDSO01,URNINT,2033,162.72839767104
GLOBAL,S2D2,PWRURNINDSO01,URNINT,2034,162.72839767104
GLOBAL,S2D2,PWRURNINDSO01,URNINT,2035,162.72839767104
GLOBAL,S2D2,PWRURNINDSO01,URNINT,2036,162.72839767104
GLOBAL,S2D2,PWRURNINDSO01,URNINT,2037,162.72839767104
GLOBAL,S2D2,PWRURNINDSO01,URNINT,2038,162.72839767104
GLOBAL,S2D2,PWRURNINDSO01,URNINT,2039,162.72839767104
GLOBAL,S2D2,PWRURNINDSO01,URNINT,2040,162.72839767104
GLOBAL,S2D2,PWRURNINDSO01,URNINT,2041,162.72839767104
GLOBAL,S2D2,PWRURNINDSO01,URNINT,2042,162.72839767104
GLOBAL,S2D2,PWRURNINDSO01,URNINT,2043,162.72839767104
GLOBAL,S2D2,PWRURNINDSO01,URNINT,2044,162.72839767104
GLOBAL,S2D2,PWRURNINDSO01,URNINT,2045,158.845507488
GLOBAL,S2D2,PWRURNINDSO01,URNINT,2046,158.845507488
GLOBAL,S2D2,PWRURNINDSO01,URNINT,2047,154.96261730496
GLOBAL,S2D2,PWRURNINDSO01,URNINT,2048,154.96261730496
GLOBAL,S2D2,PWRURNINDSO01,URNINT,2049,154.96261730496
GLOBAL,S2D2,PWRURNINDSO01,URNINT,2050,154.96261730496
GLOBAL,S2D2,PWRURNINDWE01,URNINT,2021,44.82973211328001
GLOBAL,S2D2,PWRURNINDWE01,URNINT,2022,44.82973211328
GLOBAL,S2D2,PWRURNINDWE01,URNINT,2023,44.829732113279995
GLOBAL,S2D2,PWRURNINDWE01,URNINT,2024,34.50116861567999
GLOBAL,S2D2,PWRURNINDWE01,URNINT,2025,57.18438269568001
GLOBAL,S2D2,PWRURNINDWE01,URNINT,2026,57.18438269568001
GLOBAL,S2D2,PWRURNINDWE01,URNINT,2027,57.18438269568001
GLOBAL,S2D2,PWRURNINDWE01,URNINT,2028,57.18438269568001
GLOBAL,S2D2,PWRURNINDWE01,URNINT,2029,57.18438269568001
GLOBAL,S2D2,PWRURNINDWE01,URNINT,2030,51.536542429440004
GLOBAL,S2D2,PWRURNINDWE01,URNINT,2031,51.536542429440004
GLOBAL,S2D2,PWRURNINDWE01,URNINT,2032,51.536542429440004
GLOBAL,S2D2,PWRURNINDWE01,URNINT,2033,51.536542429440004
GLOBAL,S2D2,PWRURNINDWE01,URNINT,2034,51.536542429440004
GLOBAL,S2D2,PWRURNINDWE01,URNINT,2035,51.536542429440004
GLOBAL,S2D2,PWRURNINDWE01,URNINT,2036,51.536542429440004
GLOBAL,S2D2,PWRURNINDWE01,URNINT,2037,51.536542429440004
GLOBAL,S2D2,PWRURNINDWE01,URNINT,2038,51.536542429440004
GLOBAL,S2D2,PWRURNINDWE01,URNINT,2039,51.536542429440004
GLOBAL,S2D2,PWRURNINDWE01,URNINT,2040,51.536542429440004
GLOBAL,S2D2,PWRURNINDWE01,URNINT,2041,51.536542429440004
GLOBAL,S2D2,PWRURNINDWE01,URNINT,2042,51.536542429440004
GLOBAL,S2D2,PWRURNINDWE01,URNINT,2043,51.536542429440004
GLOBAL,S2D2,PWRURNINDWE01,URNINT,2044,51.536542429440004
GLOBAL,S2D2,PWRURNINDWE01,URNINT,2045,51.536542429440004
GLOBAL,S2D2,PWRURNINDWE01,URNINT,2046,51.536542429440004
GLOBAL,S2D2,PWRURNINDWE01,URNINT,2047,51.536542429440004
GLOBAL,S2D2,PWRURNINDWE01,URNINT,2048,51.536542429440004
GLOBAL,S2D2,PWRURNINDWE01,URNINT,2049,51.536542429440004
GLOBAL,S2D2,PWRURNINDWE01,URNINT,2050,51.536542429440004
GLOBAL,S2D2,PWRWOFINDNE01,WOFINDNE,2024,82.5956595746211
GLOBAL,S2D2,PWRWOFINDNE01,WOFINDNE,2025,92.26932335033709
GLOBAL,S2D2,PWRWOFINDNE01,WOFINDNE,2026,93.96253230556097
GLOBAL,S2D2,PWRWOFINDNE01,WOFINDNE,2027,95.72946957865497
GLOBAL,S2D2,PWRWOFINDNE01,WOFINDNE,2028,97.50403391911486
GLOBAL,S2D2,PWRWOFINDNE01,WOFINDNE,2029,99.3014794616723
GLOBAL,S2D2,PWRWOFINDNE01,WOFINDNE,2030,132.91762389475016
GLOBAL,S2D2,PWRWOFINDNE01,WOFINDNE,2031,168.73975272959711
GLOBAL,S2D2,PWRWOFINDNE01,WOFINDNE,2032,204.60415512959707
GLOBAL,S2D2,PWRWOFINDNE01,WOFINDNE,2033,240.39565752959706
GLOBAL,S2D2,PWRWOFINDNE01,WOFINDNE,2034,276.15475992959705
GLOBAL,S2D2,PWRWOFINDNE01,WOFINDNE,2035,311.9489623295971
GLOBAL,S2D2,PWRWOFINDNE01,WOFINDNE,2036,348.2912647295971
GLOBAL,S2D2,PWRWOFINDNE01,WOFINDNE,2037,384.5930671295971
GLOBAL,S2D2,PWRWOFINDNE01,WOFINDNE,2038,420.88136952959707
GLOBAL,S2D2,PWRWOFINDNE01,WOFINDNE,2039,457.253371929597
GLOBAL,S2D2,PWRWOFINDNE01,WOFINDNE,2040,493.49847432959706
GLOBAL,S2D2,PWRWOFINDNE01,WOFINDNE,2041,530.3672767295972
GLOBAL,S2D2,PWRWOFINDNE01,WOFINDNE,2042,567.1226791295971
GLOBAL,S2D2,PWRWOFINDNE01,WOFINDNE,2043,604.1048815295973
GLOBAL,S2D2,PWRWOFINDNE01,WOFINDNE,2044,641.1923839295971
GLOBAL,S2D2,PWRWOFINDNE01,WOFINDNE,2045,678.1637863295971
GLOBAL,S2D2,PWRWOFINDNE01,WOFINDNE,2046,716.2178887295972
GLOBAL,S2D2,PWRWOFINDNE01,WOFINDNE,2047,753.8399911295973
GLOBAL,S2D2,PWRWOFINDNE01,WOFINDNE,2048,791.4512935295973
GLOBAL,S2D2,PWRWOFINDNE01,WOFINDNE,2049,829.0463959295975
GLOBAL,S2D2,PWRWOFINDNE01,WOFINDNE,2050,866.6333983295974
GLOBAL,S2D2,PWRWONINDEA01,WONINDEA,2021,0.01091883983904
GLOBAL,S2D2,PWRWONINDEA01,WONINDEA,2022,0.01091883983904
GLOBAL,S2D2,PWRWONINDEA01,WONINDEA,2023,0.01091883983904
GLOBAL,S2D2,PWRWONINDEA01,WONINDEA,2024,0.006050893998239992
GLOBAL,S2D2,PWRWONINDEA01,WONINDEA,2025,0.01091883983904
GLOBAL,S2D2,PWRWONINDEA01,WONINDEA,2026,0.01091883983904
GLOBAL,S2D2,PWRWONINDEA01,WONINDEA,2027,0.01091883983904
GLOBAL,S2D2,PWRWONINDEA01,WONINDEA,2028,0.01091883983904
GLOBAL,S2D2,PWRWONINDEA01,WONINDEA,2029,0.01091883983904
GLOBAL,S2D2,PWRWONINDEA01,WONINDEA,2030,0.01091883983904
GLOBAL,S2D2,PWRWONINDEA01,WONINDEA,2031,0.01091883983904
GLOBAL,S2D2,PWRWONINDEA01,WONINDEA,2032,0.01091883983904
GLOBAL,S2D2,PWRWONINDEA01,WONINDEA,2033,0.01091883983904
GLOBAL,S2D2,PWRWONINDEA01,WONINDEA,2034,0.01091883983904
GLOBAL,S2D2,PWRWONINDEA01,WONINDEA,2035,0.01091883983904
GLOBAL,S2D2,PWRWONINDEA01,WONINDEA,2036,0.01091883983904
GLOBAL,S2D2,PWRWONINDEA01,WONINDEA,2037,0.01091883983904
GLOBAL,S2D2,PWRWONINDEA01,WONINDEA,2038,0.01091883983904
GLOBAL,S2D2,PWRWONINDEA01,WONINDEA,2039,0.01091883983904
GLOBAL,S2D2,PWRWONINDEA01,WONINDEA,2040,0.01091883983904
GLOBAL,S2D2,PWRWONINDEA01,WONINDEA,2041,0.01091883983904
GLOBAL,S2D2,PWRWONINDEA01,WONINDEA,2042,0.01091883983904
GLOBAL,S2D2,PWRWONINDEA01,WONINDEA,2043,0.01091883983904
GLOBAL,S2D2,PWRWONINDEA01,WONINDEA,2044,0.01091883983904
GLOBAL,S2D2,PWRWONINDEA01,WONINDEA,2045,0.01091883983904
GLOBAL,S2D2,PWRWONINDEA01,WONINDEA,2046,0.01091883983904
GLOBAL,S2D2,PWRWONINDEA01,WONINDEA,2047,0.01091883983904
GLOBAL,S2D2,PWRWONINDEA01,WONINDEA,2048,0.01091883983904
GLOBAL,S2D2,PWRWONINDEA01,WONINDEA,2049,0.01091883983904
GLOBAL,S2D2,PWRWONINDNO01,WONINDNO,2021,5.4225944745408
GLOBAL,S2D2,PWRWONINDNO01,WONINDNO,2022,5.7594852843408
GLOBAL,S2D2,PWRWONINDNO01,WONINDNO,2023,5.7594852843408
GLOBAL,S2D2,PWRWONINDNO01,WONINDNO,2024,5.7594852843408
GLOBAL,S2D2,PWRWONINDNO01,WONINDNO,2025,5.85802515056256
GLOBAL,S2D2,PWRWONINDNO01,WONINDNO,2026,5.85802515056256
GLOBAL,S2D2,PWRWONINDNO01,WONINDNO,2027,5.85802515056256
GLOBAL,S2D2,PWRWONINDNO01,WONINDNO,2028,5.85802515056256
GLOBAL,S2D2,PWRWONINDNO01,WONINDNO,2029,5.85802515056256
GLOBAL,S2D2,PWRWONINDNO01,WONINDNO,2030,5.85802515056256
GLOBAL,S2D2,PWRWONINDNO01,WONINDNO,2031,5.85802515056256
GLOBAL,S2D2,PWRWONINDNO01,WONINDNO,2032,5.85802515056256
GLOBAL,S2D2,PWRWONINDNO01,WONINDNO,2033,5.85802515056256
GLOBAL,S2D2,PWRWONINDNO01,WONINDNO,2034,5.85802515056256
GLOBAL,S2D2,PWRWONINDNO01,WONINDNO,2035,5.82924215380032
GLOBAL,S2D2,PWRWONINDNO01,WONINDNO,2036,5.82924215380032
GLOBAL,S2D2,PWRWONINDNO01,WONINDNO,2037,5.74015192572672
GLOBAL,S2D2,PWRWONINDNO01,WONINDNO,2038,5.71959264232512
GLOBAL,S2D2,PWRWONINDNO01,WONINDNO,2039,5.52222352166976
GLOBAL,S2D2,PWRWONINDNO01,WONINDNO,2040,5.45232195810432
GLOBAL,S2D2,PWRWONINDNO01,WONINDNO,2041,5.276882739744
GLOBAL,S2D2,PWRWONINDNO01,WONINDNO,2042,5.202869319498239
GLOBAL,S2D2,PWRWONINDNO01,WONINDNO,2043,4.81635479154816
GLOBAL,S2D2,PWRWONINDNO01,WONINDNO,2044,2.39721244462656
GLOBAL,S2D2,PWRWONINDNO01,WONINDNO,2045,2.26289179306944
GLOBAL,S2D2,PWRWONINDNO01,WONINDNO,2046,0.8333362872115199
GLOBAL,S2D2,PWRWONINDNO01,WONINDNO,2047,0.54276508180224
GLOBAL,S2D2,PWRWONINDNO01,WONINDNO,2048,0.34265472335999997
GLOBAL,S2D2,PWRWONINDNO01,WONINDNO,2049,0.34265472335999997
GLOBAL,S2D2,PWRWONINDNO01,WONINDNO,2050,0.34265472335999997
GLOBAL,S2D2,PWRWONINDSO01,WONINDSO,2021,11.19592431745279
GLOBAL,S2D2,PWRWONINDSO01,WONINDSO,2022,11.19592431745279
GLOBAL,S2D2,PWRWONINDSO01,WONINDSO,2023,12.38565646224
GLOBAL,S2D2,PWRWONINDSO01,WONINDSO,2024,12.38565646224
GLOBAL,S2D2,PWRWONINDSO01,WONINDSO,2025,12.38565646224
GLOBAL,S2D2,PWRWONINDSO01,WONINDSO,2026,13.276671000161473
GLOBAL,S2D2,PWRWONINDSO01,WONINDSO,2027,13.148735969806271
GLOBAL,S2D2,PWRWONINDSO01,WONINDSO,2028,13.148735969806271
GLOBAL,S2D2,PWRWONINDSO01,WONINDSO,2029,13.148735969806271
GLOBAL,S2D2,PWRWONINDSO01,WONINDSO,2030,13.148735969806271
GLOBAL,S2D2,PWRWONINDSO01,WONINDSO,2031,13.148735969806271
GLOBAL,S2D2,PWRWONINDSO01,WONINDSO,2032,13.148735969806271
GLOBAL,S2D2,PWRWONINDSO01,WONINDSO,2033,13.148735969806271
GLOBAL,S2D2,PWRWONINDSO01,WONINDSO,2034,13.148735969806271
GLOBAL,S2D2,PWRWONINDSO01,WONINDSO,2035,13.118884462723392
GLOBAL,S2D2,PWRWONINDSO01,WONINDSO,2036,13.102892583928991
GLOBAL,S2D2,PWRWONINDSO01,WONINDSO,2037,13.06749722553072
GLOBAL,S2D2,PWRWONINDSO01,WONINDSO,2038,13.06749722553072
GLOBAL,S2D2,PWRWONINDSO01,WONINDSO,2039,12.966215326499519
GLOBAL,S2D2,PWRWONINDSO01,WONINDSO,2040,12.82335454260288
GLOBAL,S2D2,PWRWONINDSO01,WONINDSO,2041,12.58987311220464
GLOBAL,S2D2,PWRWONINDSO01,WONINDSO,2042,12.33293692624128
GLOBAL,S2D2,PWRWONINDSO01,WONINDSO,2043,11.98644621902928
GLOBAL,S2D2,PWRWONINDSO01,WONINDSO,2044,5.770935994272479
GLOBAL,S2D2,PWRWONINDSO01,WONINDSO,2045,5.39139540421872
GLOBAL,S2D2,PWRWONINDSO01,WONINDSO,2046,4.78263788477856
GLOBAL,S2D2,PWRWONINDSO01,WONINDSO,2047,3.78794302376688
GLOBAL,S2D2,PWRWONINDSO01,WONINDSO,2048,2.9041251890630395
GLOBAL,S2D2,PWRWONINDSO01,WONINDSO,2049,1.5085672329384
GLOBAL,S2D2,PWRWONINDSO01,WONINDSO,2050,1.48831085313216
GLOBAL,S2D2,PWRWONINDWE01,WONINDWE,2021,21.069948334510656
GLOBAL,S2D2,PWRWONINDWE01,WONINDWE,2022,21.606941552527296
GLOBAL,S2D2,PWRWONINDWE01,WONINDWE,2023,21.891232079712577
GLOBAL,S2D2,PWRWONINDWE01,WONINDWE,2024,21.891232079712577
GLOBAL,S2D2,PWRWONINDWE01,WONINDWE,2025,21.891232079712577
GLOBAL,S2D2,PWRWONINDWE01,WONINDWE,2026,21.891232079712577
GLOBAL,S2D2,PWRWONINDWE01,WONINDWE,2027,21.891232079712577
GLOBAL,S2D2,PWRWONINDWE01,WONINDWE,2028,21.891232079712577
GLOBAL,S2D2,PWRWONINDWE01,WONINDWE,2029,21.891232079712577
GLOBAL,S2D2,PWRWONINDWE01,WONINDWE,2030,21.891232079712577
GLOBAL,S2D2,PWRWONINDWE01,WONINDWE,2031,21.869694918562175
GLOBAL,S2D2,PWRWONINDWE01,WONINDWE,2032,21.784982084703934
GLOBAL,S2D2,PWRWONINDWE01,WONINDWE,2033,21.784982084703934
GLOBAL,S2D2,PWRWONINDWE01,WONINDWE,2034,21.784982084703934
GLOBAL,S2D2,PWRWONINDWE01,WONINDWE,2035,21.784982084703934
GLOBAL,S2D2,PWRWONINDWE01,WONINDWE,2036,21.655759117801537
GLOBAL,S2D2,PWRWONINDWE01,WONINDWE,2037,21.655759117801537
GLOBAL,S2D2,PWRWONINDWE01,WONINDWE,2038,21.545201690562813
GLOBAL,S2D2,PWRWONINDWE01,WONINDWE,2039,21.385826698049858
GLOBAL,S2D2,PWRWONINDWE01,WONINDWE,2040,21.124509142758335
GLOBAL,S2D2,PWRWONINDWE01,WONINDWE,2041,21.045539551873535
GLOBAL,S2D2,PWRWONINDWE01,WONINDWE,2042,20.647819975962815
GLOBAL,S2D2,PWRWONINDWE01,WONINDWE,2043,19.734644343185856
GLOBAL,S2D2,PWRWONINDWE01,WONINDWE,2044,12.10244875578144
GLOBAL,S2D2,PWRWONINDWE01,WONINDWE,2045,11.48935756836672
GLOBAL,S2D2,PWRWONINDWE01,WONINDWE,2046,7.825168551311999
GLOBAL,S2D2,PWRWONINDWE01,WONINDWE,2047,6.61478009465952
GLOBAL,S2D2,PWRWONINDWE01,WONINDWE,2048,5.37998285536992
GLOBAL,S2D2,PWRWONINDWE01,WONINDWE,2049,4.5012666804335995
GLOBAL,S2D2,PWRWONINDWE01,WONINDWE,2050,2.8314187859059197
GLOBAL,S2D2,TRNINDEAINDNE,ELCINDEA02,2021,22.737645216
GLOBAL,S2D2,TRNINDEAINDNE,ELCINDEA02,2022,22.737645216
GLOBAL,S2D2,TRNINDEAINDNE,ELCINDEA02,2023,23.602103245571406
GLOBAL,S2D2,TRNINDEAINDNE,ELCINDNE02,2024,28.064296367999997
GLOBAL,S2D2,TRNINDEAINDNE,ELCINDNE02,2025,28.064296367999997
GLOBAL,S2D2,TRNINDEAINDNE,ELCINDNE02,2026,28.064296367999997
GLOBAL,S2D2,TRNINDEAINDNE,ELCINDNE02,2027,28.064296367999997
GLOBAL,S2D2,TRNINDEAINDNE,ELCINDNE02,2028,28.064296367999997
GLOBAL,S2D2,TRNINDEAINDNE,ELCINDNE02,2029,28.064296367999997
GLOBAL,S2D2,TRNINDEAINDNE,ELCINDNE02,2030,43.964747568
GLOBAL,S2D2,TRNINDEAINDNE,ELCINDNE02,2031,59.865198768
GLOBAL,S2D2,TRNINDEAINDNE,ELCINDNE02,2032,75.765649968
GLOBAL,S2D2,TRNINDEAINDNE,ELCINDNE02,2033,91.666101168
GLOBAL,S2D2,TRNINDEAINDNE,ELCINDNE02,2034,107.56655236799999
GLOBAL,S2D2,TRNINDEAINDNE,ELCINDNE02,2035,123.467003568
GLOBAL,S2D2,TRNINDEAINDNE,ELCINDNE02,2036,139.36745476800002
GLOBAL,S2D2,TRNINDEAINDNE,ELCINDNE02,2037,155.267905968
GLOBAL,S2D2,TRNINDEAINDNE,ELCINDNE02,2038,171.168357168
GLOBAL,S2D2,TRNINDEAINDNE,ELCINDNE02,2039,187.06880836800002
GLOBAL,S2D2,TRNINDEAINDNE,ELCINDNE02,2040,202.96925956799998
GLOBAL,S2D2,TRNINDEAINDNE,ELCINDNE02,2041,218.86971076799998
GLOBAL,S2D2,TRNINDEAINDNE,ELCINDNE02,2042,234.77016196799997
GLOBAL,S2D2,TRNINDEAINDNE,ELCINDNE02,2043,250.670613168
GLOBAL,S2D2,TRNINDEAINDNE,ELCINDNE02,2044,266.571064368
GLOBAL,S2D2,TRNINDEAINDNE,ELCINDNE02,2045,282.471515568
GLOBAL,S2D2,TRNINDEAINDNE,ELCINDNE02,2046,298.371966768
GLOBAL,S2D2,TRNINDEAINDNE,ELCINDNE02,2047,314.272417968
GLOBAL,S2D2,TRNINDEAINDNE,ELCINDNE02,2048,330.1728691680001
GLOBAL,S2D2,TRNINDEAINDNE,ELCINDNE02,2049,346.0733203680001
GLOBAL,S2D2,TRNINDEAINDNE,ELCINDNE02,2050,361.9737715680001
GLOBAL,S2D2,TRNINDEAINDNO,ELCINDEA02,2028,3.1003572597255378
GLOBAL,S2D2,TRNINDEAINDNO,ELCINDEA02,2029,28.709654958554847
GLOBAL,S2D2,TRNINDEAINDNO,ELCINDEA02,2030,36.62650890224743
GLOBAL,S2D2,TRNINDEAINDNO,ELCINDEA02,2031,34.006871735242136
GLOBAL,S2D2,TRNINDEAINDNO,ELCINDEA02,2032,36.360400379744426
GLOBAL,S2D2,TRNINDEAINDNO,ELCINDEA02,2033,38.46289484175342
GLOBAL,S2D2,TRNINDEAINDNO,ELCINDEA02,2034,39.8441058894595
GLOBAL,S2D2,TRNINDEAINDNO,ELCINDEA02,2035,43.522163517176416
GLOBAL,S2D2,TRNINDEAINDNO,ELCINDEA02,2036,46.327986798235386
GLOBAL,S2D2,TRNINDEAINDNO,ELCINDEA02,2037,49.13988688561982
GLOBAL,S2D2,TRNINDEAINDNO,ELCINDEA02,2038,51.93855464695059
GLOBAL,S2D2,TRNINDEAINDNO,ELCINDEA02,2039,54.76928537219256
GLOBAL,S2D2,TRNINDEAINDNO,ELCINDEA02,2040,57.580482068576224
GLOBAL,S2D2,TRNINDEAINDNO,ELCINDEA02,2041,60.808217632972415
GLOBAL,S2D2,TRNINDEAINDNO,ELCINDEA02,2042,63.983816245961115
GLOBAL,S2D2,TRNINDEAINDNO,ELCINDEA02,2043,67.13994126948279
GLOBAL,S2D2,TRNINDEAINDNO,ELCINDEA02,2044,59.48323278760919
GLOBAL,S2D2,TRNINDEAINDNO,ELCINDEA02,2045,40.728405909831956
GLOBAL,S2D2,TRNINDEAINDNO,ELCINDEA02,2046,6.0706800175827444
GLOBAL,S2D2,TRNINDEAINDSO,ELCINDSO02,2048,6.280061151207363
GLOBAL,S2D2,TRNINDEAINDSO,ELCINDSO02,2049,7.121221730423276
GLOBAL,S2D2,TRNINDEAINDSO,ELCINDSO02,2050,7.776636435203819
GLOBAL,S2D2,TRNINDNEINDNO,ELCINDNE02,2024,23.8506768
GLOBAL,S2D2,TRNINDNEINDNO,ELCINDNE02,2025,23.8506768
GLOBAL,S2D2,TRNINDNEINDNO,ELCINDNE02,2026,23.8506768
GLOBAL,S2D2,TRNINDNEINDNO,ELCINDNE02,2027,23.8506768
GLOBAL,S2D2,TRNINDNEINDNO,ELCINDNE02,2028,23.8506768
GLOBAL,S2D2,TRNINDNEINDNO,ELCINDNE02,2029,23.8506768
GLOBAL,S2D2,TRNINDNEINDNO,ELCINDNE02,2030,39.751128
GLOBAL,S2D2,TRNINDNEINDNO,ELCINDNE02,2031,55.6515792
GLOBAL,S2D2,TRNINDNEINDNO,ELCINDNE02,2032,71.5520304
GLOBAL,S2D2,TRNINDNEINDNO,ELCINDNE02,2033,87.4524816
GLOBAL,S2D2,TRNINDNEINDNO,ELCINDNE02,2034,103.3529328
GLOBAL,S2D2,TRNINDNEINDNO,ELCINDNE02,2035,119.253384
GLOBAL,S2D2,TRNINDNEINDNO,ELCINDNE02,2036,135.1538352
GLOBAL,S2D2,TRNINDNEINDNO,ELCINDNE02,2037,151.05428640000002
GLOBAL,S2D2,TRNINDNEINDNO,ELCINDNE02,2038,166.95473760000002
GLOBAL,S2D2,TRNINDNEINDNO,ELCINDNE02,2039,182.85518880000004
GLOBAL,S2D2,TRNINDNEINDNO,ELCINDNE02,2040,198.75564000000006
GLOBAL,S2D2,TRNINDNEINDNO,ELCINDNE02,2041,214.65609120000005
GLOBAL,S2D2,TRNINDNEINDNO,ELCINDNE02,2042,230.55654239999998
GLOBAL,S2D2,TRNINDNEINDNO,ELCINDNE02,2043,246.45699359999998
GLOBAL,S2D2,TRNINDNEINDNO,ELCINDNE02,2044,262.3574448
GLOBAL,S2D2,TRNINDNEINDNO,ELCINDNE02,2045,278.257896
GLOBAL,S2D2,TRNINDNEINDNO,ELCINDNE02,2046,294.1583472000001
GLOBAL,S2D2,TRNINDNEINDNO,ELCINDNE02,2047,310.0587984000001
GLOBAL,S2D2,TRNINDNEINDNO,ELCINDNE02,2048,325.95924960000013
GLOBAL,S2D2,TRNINDNEINDNO,ELCINDNE02,2049,341.8597008000002
GLOBAL,S2D2,TRNINDNEINDNO,ELCINDNE02,2050,357.7601520000002
GLOBAL,S2D2,TRNINDNEINDNO,ELCINDNO02,2022,3.8664872013936993
GLOBAL,S2D2,TRNINDNOINDWE,ELCINDWE02,2046,31.624433024305265
GLOBAL,S2D2,TRNINDNOINDWE,ELCINDWE02,2047,77.77167407681982
GLOBAL,S2D2,TRNINDNOINDWE,ELCINDWE02,2048,83.9648393146559
GLOBAL,S2D2,TRNINDNOINDWE,ELCINDWE02,2049,87.51069316962354
GLOBAL,S2D2,TRNINDNOINDWE,ELCINDWE02,2050,91.06166497568702
GLOBAL,S2D2,TRNINDSOINDWE,ELCINDWE02,2027,3.8833375036562074
GLOBAL,S2D2,TRNINDSOINDWE,ELCINDWE02,2028,27.876912416385153
GLOBAL,S2D2,TRNINDSOINDWE,ELCINDWE02,2029,50.24530344239061
GLOBAL,S2D2,TRNINDSOINDWE,ELCINDWE02,2030,78.02699109328647
