REGION,TECHNOLOGY,TIMESLICE,YEAR,VALUE
GLOBAL,PWRHYDKENXX01,S1D1,2021,0.4733
GLOBAL,PWRHYDKENXX01,S1D1,2022,0.4733
GLOBAL,PWRHYDKENXX01,S1D1,2023,0.4733
GLOBAL,PWRHYDKENXX01,S1D1,2024,0.4733
GLOBAL,PWRHYDKENXX01,S1D1,2025,0.4733
GLOBAL,PWRHYDKENXX01,S1D1,2026,0.4733
GLOBAL,PWRHYDKENXX01,S1D1,2027,0.4733
GLOBAL,PWRHYDKENXX01,S1D1,2028,0.4733
GLOBAL,PWRHYDKENXX01,S1D1,2029,0.4733
GLOBAL,PWRHYDKENXX01,S1D1,2030,0.4733
GLOBAL,PWRHYDKENXX01,S1D1,2031,0.4733
GLOBAL,PWRHYDKENXX01,S1D1,2032,0.4733
GLOBAL,PWRHYDKENXX01,S1D1,2033,0.4733
GLOBAL,PWRHYDKENXX01,S1D1,2034,0.4733
GLOBAL,PWRHYDKENXX01,S1D1,2035,0.4733
GLOBAL,PWRHYDKENXX01,S1D1,2036,0.4733
GLOBAL,PWRHYDKENXX01,S1D1,2037,0.4733
GLOBAL,PWRHYDKENXX01,S1D1,2038,0.4733
GLOBAL,PWRHYDKENXX01,S1D1,2039,0.4733
GLOBAL,PWRHYDKENXX01,S1D1,2040,0.4733
GLOBAL,PWRHYDKENXX01,S1D1,2041,0.4733
GLOBAL,PWRHYDKENXX01,S1D1,2042,0.4733
GLOBAL,PWRHYDKENXX01,S1D1,2043,0.4733
GLOBAL,PWRHYDKENXX01,S1D1,2044,0.4733
GLOBAL,PWRHYDKENXX01,S1D1,2045,0.4733
GLOBAL,PWRHYDKENXX01,S1D1,2046,0.4733
GLOBAL,PWRHYDKENXX01,S1D1,2047,0.4733
GLOBAL,PWRHYDKENXX01,S1D1,2048,0.4733
GLOBAL,PWRHYDKENXX01,S1D1,2049,0.4733
GLOBAL,PWRHYDKENXX01,S1D1,2050,0.4733
GLOBAL,PWRHYDTZAXX01,S1D1,2021,0.7139
GLOBAL,PWRHYDTZAXX01,S1D1,2022,0.7139
GLOBAL,PWRHYDTZAXX01,S1D1,2023,0.7139
GLOBAL,PWRHYDTZAXX01,S1D1,2024,0.7139
GLOBAL,PWRHYDTZAXX01,S1D1,2025,0.7139
GLOBAL,PWRHYDTZAXX01,S1D1,2026,0.7139
GLOBAL,PWRHYDTZAXX01,S1D1,2027,0.7139
GLOBAL,PWRHYDTZAXX01,S1D1,2028,0.7139
GLOBAL,PWRHYDTZAXX01,S1D1,2029,0.7139
GLOBAL,PWRHYDTZAXX01,S1D1,2030,0.7139
GLOBAL,PWRHYDTZAXX01,S1D1,2031,0.7139
GLOBAL,PWRHYDTZAXX01,S1D1,2032,0.7139
GLOBAL,PWRHYDTZAXX01,S1D1,2033,0.7139
GLOBAL,PWRHYDTZAXX01,S1D1,2034,0.7139
GLOBAL,PWRHYDTZAXX01,S1D1,2035,0.7139
GLOBAL,PWRHYDTZAXX01,S1D1,2036,0.7139
GLOBAL,PWRHYDTZAXX01,S1D1,2037,0.7139
GLOBAL,PWRHYDTZAXX01,S1D1,2038,0.7139
GLOBAL,PWRHYDTZAXX01,S1D1,2039,0.7139
GLOBAL,PWRHYDTZAXX01,S1D1,2040,0.7139
GLOBAL,PWRHYDTZAXX01,S1D1,2041,0.7139
GLOBAL,PWRHYDTZAXX01,S1D1,2042,0.7139
GLOBAL,PWRHYDTZAXX01,S1D1,2043,0.7139
GLOBAL,PWRHYDTZAXX01,S1D1,2044,0.7139
GLOBAL,PWRHYDTZAXX01,S1D1,2045,0.7139
GLOBAL,PWRHYDTZAXX01,S1D1,2046,0.7139
GLOBAL,PWRHYDTZAXX01,S1D1,2047,0.7139
GLOBAL,PWRHYDTZAXX01,S1D1,2048,0.7139
GLOBAL,PWRHYDTZAXX01,S1D1,2049,0.7139
GLOBAL,PWRHYDTZAXX01,S1D1,2050,0.7139
GLOBAL,PWRHYDKENXX01,S1D2,2021,0.4733
GLOBAL,PWRHYDKENXX01,S1D2,2022,0.4733
GLOBAL,PWRHYDKENXX01,S1D2,2023,0.4733
GLOBAL,PWRHYDKENXX01,S1D2,2024,0.4733
GLOBAL,PWRHYDKENXX01,S1D2,2025,0.4733
GLOBAL,PWRHYDKENXX01,S1D2,2026,0.4733
GLOBAL,PWRHYDKENXX01,S1D2,2027,0.4733
GLOBAL,PWRHYDKENXX01,S1D2,2028,0.4733
GLOBAL,PWRHYDKENXX01,S1D2,2029,0.4733
GLOBAL,PWRHYDKENXX01,S1D2,2030,0.4733
GLOBAL,PWRHYDKENXX01,S1D2,2031,0.4733
GLOBAL,PWRHYDKENXX01,S1D2,2032,0.4733
GLOBAL,PWRHYDKENXX01,S1D2,2033,0.4733
GLOBAL,PWRHYDKENXX01,S1D2,2034,0.4733
GLOBAL,PWRHYDKENXX01,S1D2,2035,0.4733
GLOBAL,PWRHYDKENXX01,S1D2,2036,0.4733
GLOBAL,PWRHYDKENXX01,S1D2,2037,0.4733
GLOBAL,PWRHYDKENXX01,S1D2,2038,0.4733
GLOBAL,PWRHYDKENXX01,S1D2,2039,0.4733
GLOBAL,PWRHYDKENXX01,S1D2,2040,0.4733
GLOBAL,PWRHYDKENXX01,S1D2,2041,0.4733
GLOBAL,PWRHYDKENXX01,S1D2,2042,0.4733
GLOBAL,PWRHYDKENXX01,S1D2,2043,0.4733
GLOBAL,PWRHYDKENXX01,S1D2,2044,0.4733
GLOBAL,PWRHYDKENXX01,S1D2,2045,0.4733
GLOBAL,PWRHYDKENXX01,S1D2,2046,0.4733
GLOBAL,PWRHYDKENXX01,S1D2,2047,0.4733
GLOBAL,PWRHYDKENXX01,S1D2,2048,0.4733
GLOBAL,PWRHYDKENXX01,S1D2,2049,0.4733
GLOBAL,PWRHYDKENXX01,S1D2,2050,0.4733
GLOBAL,PWRHYDTZAXX01,S1D2,2021,0.7139
GLOBAL,PWRHYDTZAXX01,S1D2,2022,0.7139
GLOBAL,PWRHYDTZAXX01,S1D2,2023,0.7139
GLOBAL,PWRHYDTZAXX01,S1D2,2024,0.7139
GLOBAL,PWRHYDTZAXX01,S1D2,2025,0.7139
GLOBAL,PWRHYDTZAXX01,S1D2,2026,0.7139
GLOBAL,PWRHYDTZAXX01,S1D2,2027,0.7139
GLOBAL,PWRHYDTZAXX01,S1D2,2028,0.7139
GLOBAL,PWRHYDTZAXX01,S1D2,2029,0.7139
GLOBAL,PWRHYDTZAXX01,S1D2,2030,0.7139
GLOBAL,PWRHYDTZAXX01,S1D2,2031,0.7139
GLOBAL,PWRHYDTZAXX01,S1D2,2032,0.7139
GLOBAL,PWRHYDTZAXX01,S1D2,2033,0.7139
GLOBAL,PWRHYDTZAXX01,S1D2,2034,0.7139
GLOBAL,PWRHYDTZAXX01,S1D2,2035,0.7139
GLOBAL,PWRHYDTZAXX01,S1D2,2036,0.7139
GLOBAL,PWRHYDTZAXX01,S1D2,2037,0.7139
GLOBAL,PWRHYDTZAXX01,S1D2,2038,0.7139
GLOBAL,PWRHYDTZAXX01,S1D2,2039,0.7139
GLOBAL,PWRHYDTZAXX01,S1D2,2040,0.7139
GLOBAL,PWRHYDTZAXX01,S1D2,2041,0.7139
GLOBAL,PWRHYDTZAXX01,S1D2,2042,0.7139
GLOBAL,PWRHYDTZAXX01,S1D2,2043,0.7139
GLOBAL,PWRHYDTZAXX01,S1D2,2044,0.7139
GLOBAL,PWRHYDTZAXX01,S1D2,2045,0.7139
GLOBAL,PWRHYDTZAXX01,S1D2,2046,0.7139
GLOBAL,PWRHYDTZAXX01,S1D2,2047,0.7139
GLOBAL,PWRHYDTZAXX01,S1D2,2048,0.7139
GLOBAL,PWRHYDTZAXX01,S1D2,2049,0.7139
GLOBAL,PWRHYDTZAXX01,S1D2,2050,0.7139
GLOBAL,PWRHYDKENXX01,S1D3,2021,0.4733
GLOBAL,PWRHYDKENXX01,S1D3,2022,0.4733
GLOBAL,PWRHYDKENXX01,S1D3,2023,0.4733
GLOBAL,PWRHYDKENXX01,S1D3,2024,0.4733
GLOBAL,PWRHYDKENXX01,S1D3,2025,0.4733
GLOBAL,PWRHYDKENXX01,S1D3,2026,0.4733
GLOBAL,PWRHYDKENXX01,S1D3,2027,0.4733
GLOBAL,PWRHYDKENXX01,S1D3,2028,0.4733
GLOBAL,PWRHYDKENXX01,S1D3,2029,0.4733
GLOBAL,PWRHYDKENXX01,S1D3,2030,0.4733
GLOBAL,PWRHYDKENXX01,S1D3,2031,0.4733
GLOBAL,PWRHYDKENXX01,S1D3,2032,0.4733
GLOBAL,PWRHYDKENXX01,S1D3,2033,0.4733
GLOBAL,PWRHYDKENXX01,S1D3,2034,0.4733
GLOBAL,PWRHYDKENXX01,S1D3,2035,0.4733
GLOBAL,PWRHYDKENXX01,S1D3,2036,0.4733
GLOBAL,PWRHYDKENXX01,S1D3,2037,0.4733
GLOBAL,PWRHYDKENXX01,S1D3,2038,0.4733
GLOBAL,PWRHYDKENXX01,S1D3,2039,0.4733
GLOBAL,PWRHYDKENXX01,S1D3,2040,0.4733
GLOBAL,PWRHYDKENXX01,S1D3,2041,0.4733
GLOBAL,PWRHYDKENXX01,S1D3,2042,0.4733
GLOBAL,PWRHYDKENXX01,S1D3,2043,0.4733
GLOBAL,PWRHYDKENXX01,S1D3,2044,0.4733
GLOBAL,PWRHYDKENXX01,S1D3,2045,0.4733
GLOBAL,PWRHYDKENXX01,S1D3,2046,0.4733
GLOBAL,PWRHYDKENXX01,S1D3,2047,0.4733
GLOBAL,PWRHYDKENXX01,S1D3,2048,0.4733
GLOBAL,PWRHYDKENXX01,S1D3,2049,0.4733
GLOBAL,PWRHYDKENXX01,S1D3,2050,0.4733
GLOBAL,PWRHYDTZAXX01,S1D3,2021,0.7139
GLOBAL,PWRHYDTZAXX01,S1D3,2022,0.7139
GLOBAL,PWRHYDTZAXX01,S1D3,2023,0.7139
GLOBAL,PWRHYDTZAXX01,S1D3,2024,0.7139
GLOBAL,PWRHYDTZAXX01,S1D3,2025,0.7139
GLOBAL,PWRHYDTZAXX01,S1D3,2026,0.7139
GLOBAL,PWRHYDTZAXX01,S1D3,2027,0.7139
GLOBAL,PWRHYDTZAXX01,S1D3,2028,0.7139
GLOBAL,PWRHYDTZAXX01,S1D3,2029,0.7139
GLOBAL,PWRHYDTZAXX01,S1D3,2030,0.7139
GLOBAL,PWRHYDTZAXX01,S1D3,2031,0.7139
GLOBAL,PWRHYDTZAXX01,S1D3,2032,0.7139
GLOBAL,PWRHYDTZAXX01,S1D3,2033,0.7139
GLOBAL,PWRHYDTZAXX01,S1D3,2034,0.7139
GLOBAL,PWRHYDTZAXX01,S1D3,2035,0.7139
GLOBAL,PWRHYDTZAXX01,S1D3,2036,0.7139
GLOBAL,PWRHYDTZAXX01,S1D3,2037,0.7139
GLOBAL,PWRHYDTZAXX01,S1D3,2038,0.7139
GLOBAL,PWRHYDTZAXX01,S1D3,2039,0.7139
GLOBAL,PWRHYDTZAXX01,S1D3,2040,0.7139
GLOBAL,PWRHYDTZAXX01,S1D3,2041,0.7139
GLOBAL,PWRHYDTZAXX01,S1D3,2042,0.7139
GLOBAL,PWRHYDTZAXX01,S1D3,2043,0.7139
GLOBAL,PWRHYDTZAXX01,S1D3,2044,0.7139
GLOBAL,PWRHYDTZAXX01,S1D3,2045,0.7139
GLOBAL,PWRHYDTZAXX01,S1D3,2046,0.7139
GLOBAL,PWRHYDTZAXX01,S1D3,2047,0.7139
GLOBAL,PWRHYDTZAXX01,S1D3,2048,0.7139
GLOBAL,PWRHYDTZAXX01,S1D3,2049,0.7139
GLOBAL,PWRHYDTZAXX01,S1D3,2050,0.7139
GLOBAL,PWRHYDKENXX01,S2D1,2021,0.4104
GLOBAL,PWRHYDKENXX01,S2D1,2022,0.4104
GLOBAL,PWRHYDKENXX01,S2D1,2023,0.4104
GLOBAL,PWRHYDKENXX01,S2D1,2024,0.4104
GLOBAL,PWRHYDKENXX01,S2D1,2025,0.4104
GLOBAL,PWRHYDKENXX01,S2D1,2026,0.4104
GLOBAL,PWRHYDKENXX01,S2D1,2027,0.4104
GLOBAL,PWRHYDKENXX01,S2D1,2028,0.4104
GLOBAL,PWRHYDKENXX01,S2D1,2029,0.4104
GLOBAL,PWRHYDKENXX01,S2D1,2030,0.4104
GLOBAL,PWRHYDKENXX01,S2D1,2031,0.4104
GLOBAL,PWRHYDKENXX01,S2D1,2032,0.4104
GLOBAL,PWRHYDKENXX01,S2D1,2033,0.4104
GLOBAL,PWRHYDKENXX01,S2D1,2034,0.4104
GLOBAL,PWRHYDKENXX01,S2D1,2035,0.4104
GLOBAL,PWRHYDKENXX01,S2D1,2036,0.4104
GLOBAL,PWRHYDKENXX01,S2D1,2037,0.4104
GLOBAL,PWRHYDKENXX01,S2D1,2038,0.4104
GLOBAL,PWRHYDKENXX01,S2D1,2039,0.4104
GLOBAL,PWRHYDKENXX01,S2D1,2040,0.4104
GLOBAL,PWRHYDKENXX01,S2D1,2041,0.4104
GLOBAL,PWRHYDKENXX01,S2D1,2042,0.4104
GLOBAL,PWRHYDKENXX01,S2D1,2043,0.4104
GLOBAL,PWRHYDKENXX01,S2D1,2044,0.4104
GLOBAL,PWRHYDKENXX01,S2D1,2045,0.4104
GLOBAL,PWRHYDKENXX01,S2D1,2046,0.4104
GLOBAL,PWRHYDKENXX01,S2D1,2047,0.4104
GLOBAL,PWRHYDKENXX01,S2D1,2048,0.4104
GLOBAL,PWRHYDKENXX01,S2D1,2049,0.4104
GLOBAL,PWRHYDKENXX01,S2D1,2050,0.4104
GLOBAL,PWRHYDTZAXX01,S2D1,2021,0.301
GLOBAL,PWRHYDTZAXX01,S2D1,2022,0.301
GLOBAL,PWRHYDTZAXX01,S2D1,2023,0.301
GLOBAL,PWRHYDTZAXX01,S2D1,2024,0.301
GLOBAL,PWRHYDTZAXX01,S2D1,2025,0.301
GLOBAL,PWRHYDTZAXX01,S2D1,2026,0.301
GLOBAL,PWRHYDTZAXX01,S2D1,2027,0.301
GLOBAL,PWRHYDTZAXX01,S2D1,2028,0.301
GLOBAL,PWRHYDTZAXX01,S2D1,2029,0.301
GLOBAL,PWRHYDTZAXX01,S2D1,2030,0.301
GLOBAL,PWRHYDTZAXX01,S2D1,2031,0.301
GLOBAL,PWRHYDTZAXX01,S2D1,2032,0.301
GLOBAL,PWRHYDTZAXX01,S2D1,2033,0.301
GLOBAL,PWRHYDTZAXX01,S2D1,2034,0.301
GLOBAL,PWRHYDTZAXX01,S2D1,2035,0.301
GLOBAL,PWRHYDTZAXX01,S2D1,2036,0.301
GLOBAL,PWRHYDTZAXX01,S2D1,2037,0.301
GLOBAL,PWRHYDTZAXX01,S2D1,2038,0.301
GLOBAL,PWRHYDTZAXX01,S2D1,2039,0.301
GLOBAL,PWRHYDTZAXX01,S2D1,2040,0.301
GLOBAL,PWRHYDTZAXX01,S2D1,2041,0.301
GLOBAL,PWRHYDTZAXX01,S2D1,2042,0.301
GLOBAL,PWRHYDTZAXX01,S2D1,2043,0.301
GLOBAL,PWRHYDTZAXX01,S2D1,2044,0.301
GLOBAL,PWRHYDTZAXX01,S2D1,2045,0.301
GLOBAL,PWRHYDTZAXX01,S2D1,2046,0.301
GLOBAL,PWRHYDTZAXX01,S2D1,2047,0.301
GLOBAL,PWRHYDTZAXX01,S2D1,2048,0.301
GLOBAL,PWRHYDTZAXX01,S2D1,2049,0.301
GLOBAL,PWRHYDTZAXX01,S2D1,2050,0.301
GLOBAL,PWRHYDKENXX01,S2D2,2021,0.4104
GLOBAL,PWRHYDKENXX01,S2D2,2022,0.4104
GLOBAL,PWRHYDKENXX01,S2D2,2023,0.4104
GLOBAL,PWRHYDKENXX01,S2D2,2024,0.4104
GLOBAL,PWRHYDKENXX01,S2D2,2025,0.4104
GLOBAL,PWRHYDKENXX01,S2D2,2026,0.4104
GLOBAL,PWRHYDKENXX01,S2D2,2027,0.4104
GLOBAL,PWRHYDKENXX01,S2D2,2028,0.4104
GLOBAL,PWRHYDKENXX01,S2D2,2029,0.4104
GLOBAL,PWRHYDKENXX01,S2D2,2030,0.4104
GLOBAL,PWRHYDKENXX01,S2D2,2031,0.4104
GLOBAL,PWRHYDKENXX01,S2D2,2032,0.4104
GLOBAL,PWRHYDKENXX01,S2D2,2033,0.4104
GLOBAL,PWRHYDKENXX01,S2D2,2034,0.4104
GLOBAL,PWRHYDKENXX01,S2D2,2035,0.4104
GLOBAL,PWRHYDKENXX01,S2D2,2036,0.4104
GLOBAL,PWRHYDKENXX01,S2D2,2037,0.4104
GLOBAL,PWRHYDKENXX01,S2D2,2038,0.4104
GLOBAL,PWRHYDKENXX01,S2D2,2039,0.4104
GLOBAL,PWRHYDKENXX01,S2D2,2040,0.4104
GLOBAL,PWRHYDKENXX01,S2D2,2041,0.4104
GLOBAL,PWRHYDKENXX01,S2D2,2042,0.4104
GLOBAL,PWRHYDKENXX01,S2D2,2043,0.4104
GLOBAL,PWRHYDKENXX01,S2D2,2044,0.4104
GLOBAL,PWRHYDKENXX01,S2D2,2045,0.4104
GLOBAL,PWRHYDKENXX01,S2D2,2046,0.4104
GLOBAL,PWRHYDKENXX01,S2D2,2047,0.4104
GLOBAL,PWRHYDKENXX01,S2D2,2048,0.4104
GLOBAL,PWRHYDKENXX01,S2D2,2049,0.4104
GLOBAL,PWRHYDKENXX01,S2D2,2050,0.4104
GLOBAL,PWRHYDTZAXX01,S2D2,2021,0.301
GLOBAL,PWRHYDTZAXX01,S2D2,2022,0.301
GLOBAL,PWRHYDTZAXX01,S2D2,2023,0.301
GLOBAL,PWRHYDTZAXX01,S2D2,2024,0.301
GLOBAL,PWRHYDTZAXX01,S2D2,2025,0.301
GLOBAL,PWRHYDTZAXX01,S2D2,2026,0.301
GLOBAL,PWRHYDTZAXX01,S2D2,2027,0.301
GLOBAL,PWRHYDTZAXX01,S2D2,2028,0.301
GLOBAL,PWRHYDTZAXX01,S2D2,2029,0.301
GLOBAL,PWRHYDTZAXX01,S2D2,2030,0.301
GLOBAL,PWRHYDTZAXX01,S2D2,2031,0.301
GLOBAL,PWRHYDTZAXX01,S2D2,2032,0.301
GLOBAL,PWRHYDTZAXX01,S2D2,2033,0.301
GLOBAL,PWRHYDTZAXX01,S2D2,2034,0.301
GLOBAL,PWRHYDTZAXX01,S2D2,2035,0.301
GLOBAL,PWRHYDTZAXX01,S2D2,2036,0.301
GLOBAL,PWRHYDTZAXX01,S2D2,2037,0.301
GLOBAL,PWRHYDTZAXX01,S2D2,2038,0.301
GLOBAL,PWRHYDTZAXX01,S2D2,2039,0.301
GLOBAL,PWRHYDTZAXX01,S2D2,2040,0.301
GLOBAL,PWRHYDTZAXX01,S2D2,2041,0.301
GLOBAL,PWRHYDTZAXX01,S2D2,2042,0.301
GLOBAL,PWRHYDTZAXX01,S2D2,2043,0.301
GLOBAL,PWRHYDTZAXX01,S2D2,2044,0.301
GLOBAL,PWRHYDTZAXX01,S2D2,2045,0.301
GLOBAL,PWRHYDTZAXX01,S2D2,2046,0.301
GLOBAL,PWRHYDTZAXX01,S2D2,2047,0.301
GLOBAL,PWRHYDTZAXX01,S2D2,2048,0.301
GLOBAL,PWRHYDTZAXX01,S2D2,2049,0.301
GLOBAL,PWRHYDTZAXX01,S2D2,2050,0.301
GLOBAL,PWRHYDKENXX01,S2D3,2021,0.4104
GLOBAL,PWRHYDKENXX01,S2D3,2022,0.4104
GLOBAL,PWRHYDKENXX01,S2D3,2023,0.4104
GLOBAL,PWRHYDKENXX01,S2D3,2024,0.4104
GLOBAL,PWRHYDKENXX01,S2D3,2025,0.4104
GLOBAL,PWRHYDKENXX01,S2D3,2026,0.4104
GLOBAL,PWRHYDKENXX01,S2D3,2027,0.4104
GLOBAL,PWRHYDKENXX01,S2D3,2028,0.4104
GLOBAL,PWRHYDKENXX01,S2D3,2029,0.4104
GLOBAL,PWRHYDKENXX01,S2D3,2030,0.4104
GLOBAL,PWRHYDKENXX01,S2D3,2031,0.4104
GLOBAL,PWRHYDKENXX01,S2D3,2032,0.4104
GLOBAL,PWRHYDKENXX01,S2D3,2033,0.4104
GLOBAL,PWRHYDKENXX01,S2D3,2034,0.4104
GLOBAL,PWRHYDKENXX01,S2D3,2035,0.4104
GLOBAL,PWRHYDKENXX01,S2D3,2036,0.4104
GLOBAL,PWRHYDKENXX01,S2D3,2037,0.4104
GLOBAL,PWRHYDKENXX01,S2D3,2038,0.4104
GLOBAL,PWRHYDKENXX01,S2D3,2039,0.4104
GLOBAL,PWRHYDKENXX01,S2D3,2040,0.4104
GLOBAL,PWRHYDKENXX01,S2D3,2041,0.4104
GLOBAL,PWRHYDKENXX01,S2D3,2042,0.4104
GLOBAL,PWRHYDKENXX01,S2D3,2043,0.4104
GLOBAL,PWRHYDKENXX01,S2D3,2044,0.4104
GLOBAL,PWRHYDKENXX01,S2D3,2045,0.4104
GLOBAL,PWRHYDKENXX01,S2D3,2046,0.4104
GLOBAL,PWRHYDKENXX01,S2D3,2047,0.4104
GLOBAL,PWRHYDKENXX01,S2D3,2048,0.4104
GLOBAL,PWRHYDKENXX01,S2D3,2049,0.4104
GLOBAL,PWRHYDKENXX01,S2D3,2050,0.4104
GLOBAL,PWRHYDTZAXX01,S2D3,2021,0.301
GLOBAL,PWRHYDTZAXX01,S2D3,2022,0.301
GLOBAL,PWRHYDTZAXX01,S2D3,2023,0.301
GLOBAL,PWRHYDTZAXX01,S2D3,2024,0.301
GLOBAL,PWRHYDTZAXX01,S2D3,2025,0.301
GLOBAL,PWRHYDTZAXX01,S2D3,2026,0.301
GLOBAL,PWRHYDTZAXX01,S2D3,2027,0.301
GLOBAL,PWRHYDTZAXX01,S2D3,2028,0.301
GLOBAL,PWRHYDTZAXX01,S2D3,2029,0.301
GLOBAL,PWRHYDTZAXX01,S2D3,2030,0.301
GLOBAL,PWRHYDTZAXX01,S2D3,2031,0.301
GLOBAL,PWRHYDTZAXX01,S2D3,2032,0.301
GLOBAL,PWRHYDTZAXX01,S2D3,2033,0.301
GLOBAL,PWRHYDTZAXX01,S2D3,2034,0.301
GLOBAL,PWRHYDTZAXX01,S2D3,2035,0.301
GLOBAL,PWRHYDTZAXX01,S2D3,2036,0.301
GLOBAL,PWRHYDTZAXX01,S2D3,2037,0.301
GLOBAL,PWRHYDTZAXX01,S2D3,2038,0.301
GLOBAL,PWRHYDTZAXX01,S2D3,2039,0.301
GLOBAL,PWRHYDTZAXX01,S2D3,2040,0.301
GLOBAL,PWRHYDTZAXX01,S2D3,2041,0.301
GLOBAL,PWRHYDTZAXX01,S2D3,2042,0.301
GLOBAL,PWRHYDTZAXX01,S2D3,2043,0.301
GLOBAL,PWRHYDTZAXX01,S2D3,2044,0.301
GLOBAL,PWRHYDTZAXX01,S2D3,2045,0.301
GLOBAL,PWRHYDTZAXX01,S2D3,2046,0.301
GLOBAL,PWRHYDTZAXX01,S2D3,2047,0.301
GLOBAL,PWRHYDTZAXX01,S2D3,2048,0.301
GLOBAL,PWRHYDTZAXX01,S2D3,2049,0.301
GLOBAL,PWRHYDTZAXX01,S2D3,2050,0.301
GLOBAL,PWRHYDKENXX01,S3D1,2021,0.5581
GLOBAL,PWRHYDKENXX01,S3D1,2022,0.5581
GLOBAL,PWRHYDKENXX01,S3D1,2023,0.5581
GLOBAL,PWRHYDKENXX01,S3D1,2024,0.5581
GLOBAL,PWRHYDKENXX01,S3D1,2025,0.5581
GLOBAL,PWRHYDKENXX01,S3D1,2026,0.5581
GLOBAL,PWRHYDKENXX01,S3D1,2027,0.5581
GLOBAL,PWRHYDKENXX01,S3D1,2028,0.5581
GLOBAL,PWRHYDKENXX01,S3D1,2029,0.5581
GLOBAL,PWRHYDKENXX01,S3D1,2030,0.5581
GLOBAL,PWRHYDKENXX01,S3D1,2031,0.5581
GLOBAL,PWRHYDKENXX01,S3D1,2032,0.5581
GLOBAL,PWRHYDKENXX01,S3D1,2033,0.5581
GLOBAL,PWRHYDKENXX01,S3D1,2034,0.5581
GLOBAL,PWRHYDKENXX01,S3D1,2035,0.5581
GLOBAL,PWRHYDKENXX01,S3D1,2036,0.5581
GLOBAL,PWRHYDKENXX01,S3D1,2037,0.5581
GLOBAL,PWRHYDKENXX01,S3D1,2038,0.5581
GLOBAL,PWRHYDKENXX01,S3D1,2039,0.5581
GLOBAL,PWRHYDKENXX01,S3D1,2040,0.5581
GLOBAL,PWRHYDKENXX01,S3D1,2041,0.5581
GLOBAL,PWRHYDKENXX01,S3D1,2042,0.5581
GLOBAL,PWRHYDKENXX01,S3D1,2043,0.5581
GLOBAL,PWRHYDKENXX01,S3D1,2044,0.5581
GLOBAL,PWRHYDKENXX01,S3D1,2045,0.5581
GLOBAL,PWRHYDKENXX01,S3D1,2046,0.5581
GLOBAL,PWRHYDKENXX01,S3D1,2047,0.5581
GLOBAL,PWRHYDKENXX01,S3D1,2048,0.5581
GLOBAL,PWRHYDKENXX01,S3D1,2049,0.5581
GLOBAL,PWRHYDKENXX01,S3D1,2050,0.5581
GLOBAL,PWRHYDTZAXX01,S3D1,2021,0.3968
GLOBAL,PWRHYDTZAXX01,S3D1,2022,0.3968
GLOBAL,PWRHYDTZAXX01,S3D1,2023,0.3968
GLOBAL,PWRHYDTZAXX01,S3D1,2024,0.3968
GLOBAL,PWRHYDTZAXX01,S3D1,2025,0.3968
GLOBAL,PWRHYDTZAXX01,S3D1,2026,0.3968
GLOBAL,PWRHYDTZAXX01,S3D1,2027,0.3968
GLOBAL,PWRHYDTZAXX01,S3D1,2028,0.3968
GLOBAL,PWRHYDTZAXX01,S3D1,2029,0.3968
GLOBAL,PWRHYDTZAXX01,S3D1,2030,0.3968
GLOBAL,PWRHYDTZAXX01,S3D1,2031,0.3968
GLOBAL,PWRHYDTZAXX01,S3D1,2032,0.3968
GLOBAL,PWRHYDTZAXX01,S3D1,2033,0.3968
GLOBAL,PWRHYDTZAXX01,S3D1,2034,0.3968
GLOBAL,PWRHYDTZAXX01,S3D1,2035,0.3968
GLOBAL,PWRHYDTZAXX01,S3D1,2036,0.3968
GLOBAL,PWRHYDTZAXX01,S3D1,2037,0.3968
GLOBAL,PWRHYDTZAXX01,S3D1,2038,0.3968
GLOBAL,PWRHYDTZAXX01,S3D1,2039,0.3968
GLOBAL,PWRHYDTZAXX01,S3D1,2040,0.3968
GLOBAL,PWRHYDTZAXX01,S3D1,2041,0.3968
GLOBAL,PWRHYDTZAXX01,S3D1,2042,0.3968
GLOBAL,PWRHYDTZAXX01,S3D1,2043,0.3968
GLOBAL,PWRHYDTZAXX01,S3D1,2044,0.3968
GLOBAL,PWRHYDTZAXX01,S3D1,2045,0.3968
GLOBAL,PWRHYDTZAXX01,S3D1,2046,0.3968
GLOBAL,PWRHYDTZAXX01,S3D1,2047,0.3968
GLOBAL,PWRHYDTZAXX01,S3D1,2048,0.3968
GLOBAL,PWRHYDTZAXX01,S3D1,2049,0.3968
GLOBAL,PWRHYDTZAXX01,S3D1,2050,0.3968
GLOBAL,PWRHYDKENXX01,S3D2,2021,0.5581
GLOBAL,PWRHYDKENXX01,S3D2,2022,0.5581
GLOBAL,PWRHYDKENXX01,S3D2,2023,0.5581
GLOBAL,PWRHYDKENXX01,S3D2,2024,0.5581
GLOBAL,PWRHYDKENXX01,S3D2,2025,0.5581
GLOBAL,PWRHYDKENXX01,S3D2,2026,0.5581
GLOBAL,PWRHYDKENXX01,S3D2,2027,0.5581
GLOBAL,PWRHYDKENXX01,S3D2,2028,0.5581
GLOBAL,PWRHYDKENXX01,S3D2,2029,0.5581
GLOBAL,PWRHYDKENXX01,S3D2,2030,0.5581
GLOBAL,PWRHYDKENXX01,S3D2,2031,0.5581
GLOBAL,PWRHYDKENXX01,S3D2,2032,0.5581
GLOBAL,PWRHYDKENXX01,S3D2,2033,0.5581
GLOBAL,PWRHYDKENXX01,S3D2,2034,0.5581
GLOBAL,PWRHYDKENXX01,S3D2,2035,0.5581
GLOBAL,PWRHYDKENXX01,S3D2,2036,0.5581
GLOBAL,PWRHYDKENXX01,S3D2,2037,0.5581
GLOBAL,PWRHYDKENXX01,S3D2,2038,0.5581
GLOBAL,PWRHYDKENXX01,S3D2,2039,0.5581
GLOBAL,PWRHYDKENXX01,S3D2,2040,0.5581
GLOBAL,PWRHYDKENXX01,S3D2,2041,0.5581
GLOBAL,PWRHYDKENXX01,S3D2,2042,0.5581
GLOBAL,PWRHYDKENXX01,S3D2,2043,0.5581
GLOBAL,PWRHYDKENXX01,S3D2,2044,0.5581
GLOBAL,PWRHYDKENXX01,S3D2,2045,0.5581
GLOBAL,PWRHYDKENXX01,S3D2,2046,0.5581
GLOBAL,PWRHYDKENXX01,S3D2,2047,0.5581
GLOBAL,PWRHYDKENXX01,S3D2,2048,0.5581
GLOBAL,PWRHYDKENXX01,S3D2,2049,0.5581
GLOBAL,PWRHYDKENXX01,S3D2,2050,0.5581
GLOBAL,PWRHYDTZAXX01,S3D2,2021,0.3968
GLOBAL,PWRHYDTZAXX01,S3D2,2022,0.3968
GLOBAL,PWRHYDTZAXX01,S3D2,2023,0.3968
GLOBAL,PWRHYDTZAXX01,S3D2,2024,0.3968
GLOBAL,PWRHYDTZAXX01,S3D2,2025,0.3968
GLOBAL,PWRHYDTZAXX01,S3D2,2026,0.3968
GLOBAL,PWRHYDTZAXX01,S3D2,2027,0.3968
GLOBAL,PWRHYDTZAXX01,S3D2,2028,0.3968
GLOBAL,PWRHYDTZAXX01,S3D2,2029,0.3968
GLOBAL,PWRHYDTZAXX01,S3D2,2030,0.3968
GLOBAL,PWRHYDTZAXX01,S3D2,2031,0.3968
GLOBAL,PWRHYDTZAXX01,S3D2,2032,0.3968
GLOBAL,PWRHYDTZAXX01,S3D2,2033,0.3968
GLOBAL,PWRHYDTZAXX01,S3D2,2034,0.3968
GLOBAL,PWRHYDTZAXX01,S3D2,2035,0.3968
GLOBAL,PWRHYDTZAXX01,S3D2,2036,0.3968
GLOBAL,PWRHYDTZAXX01,S3D2,2037,0.3968
GLOBAL,PWRHYDTZAXX01,S3D2,2038,0.3968
GLOBAL,PWRHYDTZAXX01,S3D2,2039,0.3968
GLOBAL,PWRHYDTZAXX01,S3D2,2040,0.3968
GLOBAL,PWRHYDTZAXX01,S3D2,2041,0.3968
GLOBAL,PWRHYDTZAXX01,S3D2,2042,0.3968
GLOBAL,PWRHYDTZAXX01,S3D2,2043,0.3968
GLOBAL,PWRHYDTZAXX01,S3D2,2044,0.3968
GLOBAL,PWRHYDTZAXX01,S3D2,2045,0.3968
GLOBAL,PWRHYDTZAXX01,S3D2,2046,0.3968
GLOBAL,PWRHYDTZAXX01,S3D2,2047,0.3968
GLOBAL,PWRHYDTZAXX01,S3D2,2048,0.3968
GLOBAL,PWRHYDTZAXX01,S3D2,2049,0.3968
GLOBAL,PWRHYDTZAXX01,S3D2,2050,0.3968
GLOBAL,PWRHYDKENXX01,S3D3,2021,0.5581
GLOBAL,PWRHYDKENXX01,S3D3,2022,0.5581
GLOBAL,PWRHYDKENXX01,S3D3,2023,0.5581
GLOBAL,PWRHYDKENXX01,S3D3,2024,0.5581
GLOBAL,PWRHYDKENXX01,S3D3,2025,0.5581
GLOBAL,PWRHYDKENXX01,S3D3,2026,0.5581
GLOBAL,PWRHYDKENXX01,S3D3,2027,0.5581
GLOBAL,PWRHYDKENXX01,S3D3,2028,0.5581
GLOBAL,PWRHYDKENXX01,S3D3,2029,0.5581
GLOBAL,PWRHYDKENXX01,S3D3,2030,0.5581
GLOBAL,PWRHYDKENXX01,S3D3,2031,0.5581
GLOBAL,PWRHYDKENXX01,S3D3,2032,0.5581
GLOBAL,PWRHYDKENXX01,S3D3,2033,0.5581
GLOBAL,PWRHYDKENXX01,S3D3,2034,0.5581
GLOBAL,PWRHYDKENXX01,S3D3,2035,0.5581
GLOBAL,PWRHYDKENXX01,S3D3,2036,0.5581
GLOBAL,PWRHYDKENXX01,S3D3,2037,0.5581
GLOBAL,PWRHYDKENXX01,S3D3,2038,0.5581
GLOBAL,PWRHYDKENXX01,S3D3,2039,0.5581
GLOBAL,PWRHYDKENXX01,S3D3,2040,0.5581
GLOBAL,PWRHYDKENXX01,S3D3,2041,0.5581
GLOBAL,PWRHYDKENXX01,S3D3,2042,0.5581
GLOBAL,PWRHYDKENXX01,S3D3,2043,0.5581
GLOBAL,PWRHYDKENXX01,S3D3,2044,0.5581
GLOBAL,PWRHYDKENXX01,S3D3,2045,0.5581
GLOBAL,PWRHYDKENXX01,S3D3,2046,0.5581
GLOBAL,PWRHYDKENXX01,S3D3,2047,0.5581
GLOBAL,PWRHYDKENXX01,S3D3,2048,0.5581
GLOBAL,PWRHYDKENXX01,S3D3,2049,0.5581
GLOBAL,PWRHYDKENXX01,S3D3,2050,0.5581
GLOBAL,PWRHYDTZAXX01,S3D3,2021,0.3968
GLOBAL,PWRHYDTZAXX01,S3D3,2022,0.3968
GLOBAL,PWRHYDTZAXX01,S3D3,2023,0.3968
GLOBAL,PWRHYDTZAXX01,S3D3,2024,0.3968
GLOBAL,PWRHYDTZAXX01,S3D3,2025,0.3968
GLOBAL,PWRHYDTZAXX01,S3D3,2026,0.3968
GLOBAL,PWRHYDTZAXX01,S3D3,2027,0.3968
GLOBAL,PWRHYDTZAXX01,S3D3,2028,0.3968
GLOBAL,PWRHYDTZAXX01,S3D3,2029,0.3968
GLOBAL,PWRHYDTZAXX01,S3D3,2030,0.3968
GLOBAL,PWRHYDTZAXX01,S3D3,2031,0.3968
GLOBAL,PWRHYDTZAXX01,S3D3,2032,0.3968
GLOBAL,PWRHYDTZAXX01,S3D3,2033,0.3968
GLOBAL,PWRHYDTZAXX01,S3D3,2034,0.3968
GLOBAL,PWRHYDTZAXX01,S3D3,2035,0.3968
GLOBAL,PWRHYDTZAXX01,S3D3,2036,0.3968
GLOBAL,PWRHYDTZAXX01,S3D3,2037,0.3968
GLOBAL,PWRHYDTZAXX01,S3D3,2038,0.3968
GLOBAL,PWRHYDTZAXX01,S3D3,2039,0.3968
GLOBAL,PWRHYDTZAXX01,S3D3,2040,0.3968
GLOBAL,PWRHYDTZAXX01,S3D3,2041,0.3968
GLOBAL,PWRHYDTZAXX01,S3D3,2042,0.3968
GLOBAL,PWRHYDTZAXX01,S3D3,2043,0.3968
GLOBAL,PWRHYDTZAXX01,S3D3,2044,0.3968
GLOBAL,PWRHYDTZAXX01,S3D3,2045,0.3968
GLOBAL,PWRHYDTZAXX01,S3D3,2046,0.3968
GLOBAL,PWRHYDTZAXX01,S3D3,2047,0.3968
GLOBAL,PWRHYDTZAXX01,S3D3,2048,0.3968
GLOBAL,PWRHYDTZAXX01,S3D3,2049,0.3968
GLOBAL,PWRHYDTZAXX01,S3D3,2050,0.3968
GLOBAL,PWRCSPKENXX01,S1D1,2021,0.6203
GLOBAL,PWRCSPKENXX01,S1D1,2022,0.6203
GLOBAL,PWRCSPKENXX01,S1D1,2023,0.6203
GLOBAL,PWRCSPKENXX01,S1D1,2024,0.6203
GLOBAL,PWRCSPKENXX01,S1D1,2025,0.6203
GLOBAL,PWRCSPKENXX01,S1D1,2026,0.6203
GLOBAL,PWRCSPKENXX01,S1D1,2027,0.6203
GLOBAL,PWRCSPKENXX01,S1D1,2028,0.6203
GLOBAL,PWRCSPKENXX01,S1D1,2029,0.6203
GLOBAL,PWRCSPKENXX01,S1D1,2030,0.6203
GLOBAL,PWRCSPKENXX01,S1D1,2031,0.6203
GLOBAL,PWRCSPKENXX01,S1D1,2032,0.6203
GLOBAL,PWRCSPKENXX01,S1D1,2033,0.6203
GLOBAL,PWRCSPKENXX01,S1D1,2034,0.6203
GLOBAL,PWRCSPKENXX01,S1D1,2035,0.6203
GLOBAL,PWRCSPKENXX01,S1D1,2036,0.6203
GLOBAL,PWRCSPKENXX01,S1D1,2037,0.6203
GLOBAL,PWRCSPKENXX01,S1D1,2038,0.6203
GLOBAL,PWRCSPKENXX01,S1D1,2039,0.6203
GLOBAL,PWRCSPKENXX01,S1D1,2040,0.6203
GLOBAL,PWRCSPKENXX01,S1D1,2041,0.6203
GLOBAL,PWRCSPKENXX01,S1D1,2042,0.6203
GLOBAL,PWRCSPKENXX01,S1D1,2043,0.6203
GLOBAL,PWRCSPKENXX01,S1D1,2044,0.6203
GLOBAL,PWRCSPKENXX01,S1D1,2045,0.6203
GLOBAL,PWRCSPKENXX01,S1D1,2046,0.6203
GLOBAL,PWRCSPKENXX01,S1D1,2047,0.6203
GLOBAL,PWRCSPKENXX01,S1D1,2048,0.6203
GLOBAL,PWRCSPKENXX01,S1D1,2049,0.6203
GLOBAL,PWRCSPKENXX01,S1D1,2050,0.6203
GLOBAL,PWRCSPTZAXX01,S1D1,2021,0.601
GLOBAL,PWRCSPTZAXX01,S1D1,2022,0.601
GLOBAL,PWRCSPTZAXX01,S1D1,2023,0.601
GLOBAL,PWRCSPTZAXX01,S1D1,2024,0.601
GLOBAL,PWRCSPTZAXX01,S1D1,2025,0.601
GLOBAL,PWRCSPTZAXX01,S1D1,2026,0.601
GLOBAL,PWRCSPTZAXX01,S1D1,2027,0.601
GLOBAL,PWRCSPTZAXX01,S1D1,2028,0.601
GLOBAL,PWRCSPTZAXX01,S1D1,2029,0.601
GLOBAL,PWRCSPTZAXX01,S1D1,2030,0.601
GLOBAL,PWRCSPTZAXX01,S1D1,2031,0.601
GLOBAL,PWRCSPTZAXX01,S1D1,2032,0.601
GLOBAL,PWRCSPTZAXX01,S1D1,2033,0.601
GLOBAL,PWRCSPTZAXX01,S1D1,2034,0.601
GLOBAL,PWRCSPTZAXX01,S1D1,2035,0.601
GLOBAL,PWRCSPTZAXX01,S1D1,2036,0.601
GLOBAL,PWRCSPTZAXX01,S1D1,2037,0.601
GLOBAL,PWRCSPTZAXX01,S1D1,2038,0.601
GLOBAL,PWRCSPTZAXX01,S1D1,2039,0.601
GLOBAL,PWRCSPTZAXX01,S1D1,2040,0.601
GLOBAL,PWRCSPTZAXX01,S1D1,2041,0.601
GLOBAL,PWRCSPTZAXX01,S1D1,2042,0.601
GLOBAL,PWRCSPTZAXX01,S1D1,2043,0.601
GLOBAL,PWRCSPTZAXX01,S1D1,2044,0.601
GLOBAL,PWRCSPTZAXX01,S1D1,2045,0.601
GLOBAL,PWRCSPTZAXX01,S1D1,2046,0.601
GLOBAL,PWRCSPTZAXX01,S1D1,2047,0.601
GLOBAL,PWRCSPTZAXX01,S1D1,2048,0.601
GLOBAL,PWRCSPTZAXX01,S1D1,2049,0.601
GLOBAL,PWRCSPTZAXX01,S1D1,2050,0.601
GLOBAL,PWRCSPKENXX01,S1D2,2021,0.7538
GLOBAL,PWRCSPKENXX01,S1D2,2022,0.7538
GLOBAL,PWRCSPKENXX01,S1D2,2023,0.7538
GLOBAL,PWRCSPKENXX01,S1D2,2024,0.7538
GLOBAL,PWRCSPKENXX01,S1D2,2025,0.7538
GLOBAL,PWRCSPKENXX01,S1D2,2026,0.7538
GLOBAL,PWRCSPKENXX01,S1D2,2027,0.7538
GLOBAL,PWRCSPKENXX01,S1D2,2028,0.7538
GLOBAL,PWRCSPKENXX01,S1D2,2029,0.7538
GLOBAL,PWRCSPKENXX01,S1D2,2030,0.7538
GLOBAL,PWRCSPKENXX01,S1D2,2031,0.7538
GLOBAL,PWRCSPKENXX01,S1D2,2032,0.7538
GLOBAL,PWRCSPKENXX01,S1D2,2033,0.7538
GLOBAL,PWRCSPKENXX01,S1D2,2034,0.7538
GLOBAL,PWRCSPKENXX01,S1D2,2035,0.7538
GLOBAL,PWRCSPKENXX01,S1D2,2036,0.7538
GLOBAL,PWRCSPKENXX01,S1D2,2037,0.7538
GLOBAL,PWRCSPKENXX01,S1D2,2038,0.7538
GLOBAL,PWRCSPKENXX01,S1D2,2039,0.7538
GLOBAL,PWRCSPKENXX01,S1D2,2040,0.7538
GLOBAL,PWRCSPKENXX01,S1D2,2041,0.7538
GLOBAL,PWRCSPKENXX01,S1D2,2042,0.7538
GLOBAL,PWRCSPKENXX01,S1D2,2043,0.7538
GLOBAL,PWRCSPKENXX01,S1D2,2044,0.7538
GLOBAL,PWRCSPKENXX01,S1D2,2045,0.7538
GLOBAL,PWRCSPKENXX01,S1D2,2046,0.7538
GLOBAL,PWRCSPKENXX01,S1D2,2047,0.7538
GLOBAL,PWRCSPKENXX01,S1D2,2048,0.7538
GLOBAL,PWRCSPKENXX01,S1D2,2049,0.7538
GLOBAL,PWRCSPKENXX01,S1D2,2050,0.7538
GLOBAL,PWRCSPTZAXX01,S1D2,2021,0.8275
GLOBAL,PWRCSPTZAXX01,S1D2,2022,0.8275
GLOBAL,PWRCSPTZAXX01,S1D2,2023,0.8275
GLOBAL,PWRCSPTZAXX01,S1D2,2024,0.8275
GLOBAL,PWRCSPTZAXX01,S1D2,2025,0.8275
GLOBAL,PWRCSPTZAXX01,S1D2,2026,0.8275
GLOBAL,PWRCSPTZAXX01,S1D2,2027,0.8275
GLOBAL,PWRCSPTZAXX01,S1D2,2028,0.8275
GLOBAL,PWRCSPTZAXX01,S1D2,2029,0.8275
GLOBAL,PWRCSPTZAXX01,S1D2,2030,0.8275
GLOBAL,PWRCSPTZAXX01,S1D2,2031,0.8275
GLOBAL,PWRCSPTZAXX01,S1D2,2032,0.8275
GLOBAL,PWRCSPTZAXX01,S1D2,2033,0.8275
GLOBAL,PWRCSPTZAXX01,S1D2,2034,0.8275
GLOBAL,PWRCSPTZAXX01,S1D2,2035,0.8275
GLOBAL,PWRCSPTZAXX01,S1D2,2036,0.8275
GLOBAL,PWRCSPTZAXX01,S1D2,2037,0.8275
GLOBAL,PWRCSPTZAXX01,S1D2,2038,0.8275
GLOBAL,PWRCSPTZAXX01,S1D2,2039,0.8275
GLOBAL,PWRCSPTZAXX01,S1D2,2040,0.8275
GLOBAL,PWRCSPTZAXX01,S1D2,2041,0.8275
GLOBAL,PWRCSPTZAXX01,S1D2,2042,0.8275
GLOBAL,PWRCSPTZAXX01,S1D2,2043,0.8275
GLOBAL,PWRCSPTZAXX01,S1D2,2044,0.8275
GLOBAL,PWRCSPTZAXX01,S1D2,2045,0.8275
GLOBAL,PWRCSPTZAXX01,S1D2,2046,0.8275
GLOBAL,PWRCSPTZAXX01,S1D2,2047,0.8275
GLOBAL,PWRCSPTZAXX01,S1D2,2048,0.8275
GLOBAL,PWRCSPTZAXX01,S1D2,2049,0.8275
GLOBAL,PWRCSPTZAXX01,S1D2,2050,0.8275
GLOBAL,PWRCSPKENXX01,S1D3,2021,0.0
GLOBAL,PWRCSPKENXX01,S1D3,2022,0.0
GLOBAL,PWRCSPKENXX01,S1D3,2023,0.0
GLOBAL,PWRCSPKENXX01,S1D3,2024,0.0
GLOBAL,PWRCSPKENXX01,S1D3,2025,0.0
GLOBAL,PWRCSPKENXX01,S1D3,2026,0.0
GLOBAL,PWRCSPKENXX01,S1D3,2027,0.0
GLOBAL,PWRCSPKENXX01,S1D3,2028,0.0
GLOBAL,PWRCSPKENXX01,S1D3,2029,0.0
GLOBAL,PWRCSPKENXX01,S1D3,2030,0.0
GLOBAL,PWRCSPKENXX01,S1D3,2031,0.0
GLOBAL,PWRCSPKENXX01,S1D3,2032,0.0
GLOBAL,PWRCSPKENXX01,S1D3,2033,0.0
GLOBAL,PWRCSPKENXX01,S1D3,2034,0.0
GLOBAL,PWRCSPKENXX01,S1D3,2035,0.0
GLOBAL,PWRCSPKENXX01,S1D3,2036,0.0
GLOBAL,PWRCSPKENXX01,S1D3,2037,0.0
GLOBAL,PWRCSPKENXX01,S1D3,2038,0.0
GLOBAL,PWRCSPKENXX01,S1D3,2039,0.0
GLOBAL,PWRCSPKENXX01,S1D3,2040,0.0
GLOBAL,PWRCSPKENXX01,S1D3,2041,0.0
GLOBAL,PWRCSPKENXX01,S1D3,2042,0.0
GLOBAL,PWRCSPKENXX01,S1D3,2043,0.0
GLOBAL,PWRCSPKENXX01,S1D3,2044,0.0
GLOBAL,PWRCSPKENXX01,S1D3,2045,0.0
GLOBAL,PWRCSPKENXX01,S1D3,2046,0.0
GLOBAL,PWRCSPKENXX01,S1D3,2047,0.0
GLOBAL,PWRCSPKENXX01,S1D3,2048,0.0
GLOBAL,PWRCSPKENXX01,S1D3,2049,0.0
GLOBAL,PWRCSPKENXX01,S1D3,2050,0.0
GLOBAL,PWRCSPTZAXX01,S1D3,2021,0.0
GLOBAL,PWRCSPTZAXX01,S1D3,2022,0.0
GLOBAL,PWRCSPTZAXX01,S1D3,2023,0.0
GLOBAL,PWRCSPTZAXX01,S1D3,2024,0.0
GLOBAL,PWRCSPTZAXX01,S1D3,2025,0.0
GLOBAL,PWRCSPTZAXX01,S1D3,2026,0.0
GLOBAL,PWRCSPTZAXX01,S1D3,2027,0.0
GLOBAL,PWRCSPTZAXX01,S1D3,2028,0.0
GLOBAL,PWRCSPTZAXX01,S1D3,2029,0.0
GLOBAL,PWRCSPTZAXX01,S1D3,2030,0.0
GLOBAL,PWRCSPTZAXX01,S1D3,2031,0.0
GLOBAL,PWRCSPTZAXX01,S1D3,2032,0.0
GLOBAL,PWRCSPTZAXX01,S1D3,2033,0.0
GLOBAL,PWRCSPTZAXX01,S1D3,2034,0.0
GLOBAL,PWRCSPTZAXX01,S1D3,2035,0.0
GLOBAL,PWRCSPTZAXX01,S1D3,2036,0.0
GLOBAL,PWRCSPTZAXX01,S1D3,2037,0.0
GLOBAL,PWRCSPTZAXX01,S1D3,2038,0.0
GLOBAL,PWRCSPTZAXX01,S1D3,2039,0.0
GLOBAL,PWRCSPTZAXX01,S1D3,2040,0.0
GLOBAL,PWRCSPTZAXX01,S1D3,2041,0.0
GLOBAL,PWRCSPTZAXX01,S1D3,2042,0.0
GLOBAL,PWRCSPTZAXX01,S1D3,2043,0.0
GLOBAL,PWRCSPTZAXX01,S1D3,2044,0.0
GLOBAL,PWRCSPTZAXX01,S1D3,2045,0.0
GLOBAL,PWRCSPTZAXX01,S1D3,2046,0.0
GLOBAL,PWRCSPTZAXX01,S1D3,2047,0.0
GLOBAL,PWRCSPTZAXX01,S1D3,2048,0.0
GLOBAL,PWRCSPTZAXX01,S1D3,2049,0.0
GLOBAL,PWRCSPTZAXX01,S1D3,2050,0.0
GLOBAL,PWRCSPKENXX01,S2D1,2021,0.5609
GLOBAL,PWRCSPKENXX01,S2D1,2022,0.5609
GLOBAL,PWRCSPKENXX01,S2D1,2023,0.5609
GLOBAL,PWRCSPKENXX01,S2D1,2024,0.5609
GLOBAL,PWRCSPKENXX01,S2D1,2025,0.5609
GLOBAL,PWRCSPKENXX01,S2D1,2026,0.5609
GLOBAL,PWRCSPKENXX01,S2D1,2027,0.5609
GLOBAL,PWRCSPKENXX01,S2D1,2028,0.5609
GLOBAL,PWRCSPKENXX01,S2D1,2029,0.5609
GLOBAL,PWRCSPKENXX01,S2D1,2030,0.5609
GLOBAL,PWRCSPKENXX01,S2D1,2031,0.5609
GLOBAL,PWRCSPKENXX01,S2D1,2032,0.5609
GLOBAL,PWRCSPKENXX01,S2D1,2033,0.5609
GLOBAL,PWRCSPKENXX01,S2D1,2034,0.5609
GLOBAL,PWRCSPKENXX01,S2D1,2035,0.5609
GLOBAL,PWRCSPKENXX01,S2D1,2036,0.5609
GLOBAL,PWRCSPKENXX01,S2D1,2037,0.5609
GLOBAL,PWRCSPKENXX01,S2D1,2038,0.5609
GLOBAL,PWRCSPKENXX01,S2D1,2039,0.5609
GLOBAL,PWRCSPKENXX01,S2D1,2040,0.5609
GLOBAL,PWRCSPKENXX01,S2D1,2041,0.5609
GLOBAL,PWRCSPKENXX01,S2D1,2042,0.5609
GLOBAL,PWRCSPKENXX01,S2D1,2043,0.5609
GLOBAL,PWRCSPKENXX01,S2D1,2044,0.5609
GLOBAL,PWRCSPKENXX01,S2D1,2045,0.5609
GLOBAL,PWRCSPKENXX01,S2D1,2046,0.5609
GLOBAL,PWRCSPKENXX01,S2D1,2047,0.5609
GLOBAL,PWRCSPKENXX01,S2D1,2048,0.5609
GLOBAL,PWRCSPKENXX01,S2D1,2049,0.5609
GLOBAL,PWRCSPKENXX01,S2D1,2050,0.5609
GLOBAL,PWRCSPTZAXX01,S2D1,2021,0.6798
GLOBAL,PWRCSPTZAXX01,S2D1,2022,0.6798
GLOBAL,PWRCSPTZAXX01,S2D1,2023,0.6798
GLOBAL,PWRCSPTZAXX01,S2D1,2024,0.6798
GLOBAL,PWRCSPTZAXX01,S2D1,2025,0.6798
GLOBAL,PWRCSPTZAXX01,S2D1,2026,0.6798
GLOBAL,PWRCSPTZAXX01,S2D1,2027,0.6798
GLOBAL,PWRCSPTZAXX01,S2D1,2028,0.6798
GLOBAL,PWRCSPTZAXX01,S2D1,2029,0.6798
GLOBAL,PWRCSPTZAXX01,S2D1,2030,0.6798
GLOBAL,PWRCSPTZAXX01,S2D1,2031,0.6798
GLOBAL,PWRCSPTZAXX01,S2D1,2032,0.6798
GLOBAL,PWRCSPTZAXX01,S2D1,2033,0.6798
GLOBAL,PWRCSPTZAXX01,S2D1,2034,0.6798
GLOBAL,PWRCSPTZAXX01,S2D1,2035,0.6798
GLOBAL,PWRCSPTZAXX01,S2D1,2036,0.6798
GLOBAL,PWRCSPTZAXX01,S2D1,2037,0.6798
GLOBAL,PWRCSPTZAXX01,S2D1,2038,0.6798
GLOBAL,PWRCSPTZAXX01,S2D1,2039,0.6798
GLOBAL,PWRCSPTZAXX01,S2D1,2040,0.6798
GLOBAL,PWRCSPTZAXX01,S2D1,2041,0.6798
GLOBAL,PWRCSPTZAXX01,S2D1,2042,0.6798
GLOBAL,PWRCSPTZAXX01,S2D1,2043,0.6798
GLOBAL,PWRCSPTZAXX01,S2D1,2044,0.6798
GLOBAL,PWRCSPTZAXX01,S2D1,2045,0.6798
GLOBAL,PWRCSPTZAXX01,S2D1,2046,0.6798
GLOBAL,PWRCSPTZAXX01,S2D1,2047,0.6798
GLOBAL,PWRCSPTZAXX01,S2D1,2048,0.6798
GLOBAL,PWRCSPTZAXX01,S2D1,2049,0.6798
GLOBAL,PWRCSPTZAXX01,S2D1,2050,0.6798
GLOBAL,PWRCSPKENXX01,S2D2,2021,0.686
GLOBAL,PWRCSPKENXX01,S2D2,2022,0.686
GLOBAL,PWRCSPKENXX01,S2D2,2023,0.686
GLOBAL,PWRCSPKENXX01,S2D2,2024,0.686
GLOBAL,PWRCSPKENXX01,S2D2,2025,0.686
GLOBAL,PWRCSPKENXX01,S2D2,2026,0.686
GLOBAL,PWRCSPKENXX01,S2D2,2027,0.686
GLOBAL,PWRCSPKENXX01,S2D2,2028,0.686
GLOBAL,PWRCSPKENXX01,S2D2,2029,0.686
GLOBAL,PWRCSPKENXX01,S2D2,2030,0.686
GLOBAL,PWRCSPKENXX01,S2D2,2031,0.686
GLOBAL,PWRCSPKENXX01,S2D2,2032,0.686
GLOBAL,PWRCSPKENXX01,S2D2,2033,0.686
GLOBAL,PWRCSPKENXX01,S2D2,2034,0.686
GLOBAL,PWRCSPKENXX01,S2D2,2035,0.686
GLOBAL,PWRCSPKENXX01,S2D2,2036,0.686
GLOBAL,PWRCSPKENXX01,S2D2,2037,0.686
GLOBAL,PWRCSPKENXX01,S2D2,2038,0.686
GLOBAL,PWRCSPKENXX01,S2D2,2039,0.686
GLOBAL,PWRCSPKENXX01,S2D2,2040,0.686
GLOBAL,PWRCSPKENXX01,S2D2,2041,0.686
GLOBAL,PWRCSPKENXX01,S2D2,2042,0.686
GLOBAL,PWRCSPKENXX01,S2D2,2043,0.686
GLOBAL,PWRCSPKENXX01,S2D2,2044,0.686
GLOBAL,PWRCSPKENXX01,S2D2,2045,0.686
GLOBAL,PWRCSPKENXX01,S2D2,2046,0.686
GLOBAL,PWRCSPKENXX01,S2D2,2047,0.686
GLOBAL,PWRCSPKENXX01,S2D2,2048,0.686
GLOBAL,PWRCSPKENXX01,S2D2,2049,0.686
GLOBAL,PWRCSPKENXX01,S2D2,2050,0.686
GLOBAL,PWRCSPTZAXX01,S2D2,2021,0.9662
GLOBAL,PWRCSPTZAXX01,S2D2,2022,0.9662
GLOBAL,PWRCSPTZAXX01,S2D2,2023,0.9662
GLOBAL,PWRCSPTZAXX01,S2D2,2024,0.9662
GLOBAL,PWRCSPTZAXX01,S2D2,2025,0.9662
GLOBAL,PWRCSPTZAXX01,S2D2,2026,0.9662
GLOBAL,PWRCSPTZAXX01,S2D2,2027,0.9662
GLOBAL,PWRCSPTZAXX01,S2D2,2028,0.9662
GLOBAL,PWRCSPTZAXX01,S2D2,2029,0.9662
GLOBAL,PWRCSPTZAXX01,S2D2,2030,0.9662
GLOBAL,PWRCSPTZAXX01,S2D2,2031,0.9662
GLOBAL,PWRCSPTZAXX01,S2D2,2032,0.9662
GLOBAL,PWRCSPTZAXX01,S2D2,2033,0.9662
GLOBAL,PWRCSPTZAXX01,S2D2,2034,0.9662
GLOBAL,PWRCSPTZAXX01,S2D2,2035,0.9662
GLOBAL,PWRCSPTZAXX01,S2D2,2036,0.9662
GLOBAL,PWRCSPTZAXX01,S2D2,2037,0.9662
GLOBAL,PWRCSPTZAXX01,S2D2,2038,0.9662
GLOBAL,PWRCSPTZAXX01,S2D2,2039,0.9662
GLOBAL,PWRCSPTZAXX01,S2D2,2040,0.9662
GLOBAL,PWRCSPTZAXX01,S2D2,2041,0.9662
GLOBAL,PWRCSPTZAXX01,S2D2,2042,0.9662
GLOBAL,PWRCSPTZAXX01,S2D2,2043,0.9662
GLOBAL,PWRCSPTZAXX01,S2D2,2044,0.9662
GLOBAL,PWRCSPTZAXX01,S2D2,2045,0.9662
GLOBAL,PWRCSPTZAXX01,S2D2,2046,0.9662
GLOBAL,PWRCSPTZAXX01,S2D2,2047,0.9662
GLOBAL,PWRCSPTZAXX01,S2D2,2048,0.9662
GLOBAL,PWRCSPTZAXX01,S2D2,2049,0.9662
GLOBAL,PWRCSPTZAXX01,S2D2,2050,0.9662
GLOBAL,PWRCSPKENXX01,S2D3,2021,0.0
GLOBAL,PWRCSPKENXX01,S2D3,2022,0.0
GLOBAL,PWRCSPKENXX01,S2D3,2023,0.0
GLOBAL,PWRCSPKENXX01,S2D3,2024,0.0
GLOBAL,PWRCSPKENXX01,S2D3,2025,0.0
GLOBAL,PWRCSPKENXX01,S2D3,2026,0.0
GLOBAL,PWRCSPKENXX01,S2D3,2027,0.0
GLOBAL,PWRCSPKENXX01,S2D3,2028,0.0
GLOBAL,PWRCSPKENXX01,S2D3,2029,0.0
GLOBAL,PWRCSPKENXX01,S2D3,2030,0.0
GLOBAL,PWRCSPKENXX01,S2D3,2031,0.0
GLOBAL,PWRCSPKENXX01,S2D3,2032,0.0
GLOBAL,PWRCSPKENXX01,S2D3,2033,0.0
GLOBAL,PWRCSPKENXX01,S2D3,2034,0.0
GLOBAL,PWRCSPKENXX01,S2D3,2035,0.0
GLOBAL,PWRCSPKENXX01,S2D3,2036,0.0
GLOBAL,PWRCSPKENXX01,S2D3,2037,0.0
GLOBAL,PWRCSPKENXX01,S2D3,2038,0.0
GLOBAL,PWRCSPKENXX01,S2D3,2039,0.0
GLOBAL,PWRCSPKENXX01,S2D3,2040,0.0
GLOBAL,PWRCSPKENXX01,S2D3,2041,0.0
GLOBAL,PWRCSPKENXX01,S2D3,2042,0.0
GLOBAL,PWRCSPKENXX01,S2D3,2043,0.0
GLOBAL,PWRCSPKENXX01,S2D3,2044,0.0
GLOBAL,PWRCSPKENXX01,S2D3,2045,0.0
GLOBAL,PWRCSPKENXX01,S2D3,2046,0.0
GLOBAL,PWRCSPKENXX01,S2D3,2047,0.0
GLOBAL,PWRCSPKENXX01,S2D3,2048,0.0
GLOBAL,PWRCSPKENXX01,S2D3,2049,0.0
GLOBAL,PWRCSPKENXX01,S2D3,2050,0.0
GLOBAL,PWRCSPTZAXX01,S2D3,2021,0.0
GLOBAL,PWRCSPTZAXX01,S2D3,2022,0.0
GLOBAL,PWRCSPTZAXX01,S2D3,2023,0.0
GLOBAL,PWRCSPTZAXX01,S2D3,2024,0.0
GLOBAL,PWRCSPTZAXX01,S2D3,2025,0.0
GLOBAL,PWRCSPTZAXX01,S2D3,2026,0.0
GLOBAL,PWRCSPTZAXX01,S2D3,2027,0.0
GLOBAL,PWRCSPTZAXX01,S2D3,2028,0.0
GLOBAL,PWRCSPTZAXX01,S2D3,2029,0.0
GLOBAL,PWRCSPTZAXX01,S2D3,2030,0.0
GLOBAL,PWRCSPTZAXX01,S2D3,2031,0.0
GLOBAL,PWRCSPTZAXX01,S2D3,2032,0.0
GLOBAL,PWRCSPTZAXX01,S2D3,2033,0.0
GLOBAL,PWRCSPTZAXX01,S2D3,2034,0.0
GLOBAL,PWRCSPTZAXX01,S2D3,2035,0.0
GLOBAL,PWRCSPTZAXX01,S2D3,2036,0.0
GLOBAL,PWRCSPTZAXX01,S2D3,2037,0.0
GLOBAL,PWRCSPTZAXX01,S2D3,2038,0.0
GLOBAL,PWRCSPTZAXX01,S2D3,2039,0.0
GLOBAL,PWRCSPTZAXX01,S2D3,2040,0.0
GLOBAL,PWRCSPTZAXX01,S2D3,2041,0.0
GLOBAL,PWRCSPTZAXX01,S2D3,2042,0.0
GLOBAL,PWRCSPTZAXX01,S2D3,2043,0.0
GLOBAL,PWRCSPTZAXX01,S2D3,2044,0.0
GLOBAL,PWRCSPTZAXX01,S2D3,2045,0.0
GLOBAL,PWRCSPTZAXX01,S2D3,2046,0.0
GLOBAL,PWRCSPTZAXX01,S2D3,2047,0.0
GLOBAL,PWRCSPTZAXX01,S2D3,2048,0.0
GLOBAL,PWRCSPTZAXX01,S2D3,2049,0.0
GLOBAL,PWRCSPTZAXX01,S2D3,2050,0.0
GLOBAL,PWRCSPKENXX01,S3D1,2021,0.6045
GLOBAL,PWRCSPKENXX01,S3D1,2022,0.6045
GLOBAL,PWRCSPKENXX01,S3D1,2023,0.6045
GLOBAL,PWRCSPKENXX01,S3D1,2024,0.6045
GLOBAL,PWRCSPKENXX01,S3D1,2025,0.6045
GLOBAL,PWRCSPKENXX01,S3D1,2026,0.6045
GLOBAL,PWRCSPKENXX01,S3D1,2027,0.6045
GLOBAL,PWRCSPKENXX01,S3D1,2028,0.6045
GLOBAL,PWRCSPKENXX01,S3D1,2029,0.6045
GLOBAL,PWRCSPKENXX01,S3D1,2030,0.6045
GLOBAL,PWRCSPKENXX01,S3D1,2031,0.6045
GLOBAL,PWRCSPKENXX01,S3D1,2032,0.6045
GLOBAL,PWRCSPKENXX01,S3D1,2033,0.6045
GLOBAL,PWRCSPKENXX01,S3D1,2034,0.6045
GLOBAL,PWRCSPKENXX01,S3D1,2035,0.6045
GLOBAL,PWRCSPKENXX01,S3D1,2036,0.6045
GLOBAL,PWRCSPKENXX01,S3D1,2037,0.6045
GLOBAL,PWRCSPKENXX01,S3D1,2038,0.6045
GLOBAL,PWRCSPKENXX01,S3D1,2039,0.6045
GLOBAL,PWRCSPKENXX01,S3D1,2040,0.6045
GLOBAL,PWRCSPKENXX01,S3D1,2041,0.6045
GLOBAL,PWRCSPKENXX01,S3D1,2042,0.6045
GLOBAL,PWRCSPKENXX01,S3D1,2043,0.6045
GLOBAL,PWRCSPKENXX01,S3D1,2044,0.6045
GLOBAL,PWRCSPKENXX01,S3D1,2045,0.6045
GLOBAL,PWRCSPKENXX01,S3D1,2046,0.6045
GLOBAL,PWRCSPKENXX01,S3D1,2047,0.6045
GLOBAL,PWRCSPKENXX01,S3D1,2048,0.6045
GLOBAL,PWRCSPKENXX01,S3D1,2049,0.6045
GLOBAL,PWRCSPKENXX01,S3D1,2050,0.6045
GLOBAL,PWRCSPTZAXX01,S3D1,2021,0.6621
GLOBAL,PWRCSPTZAXX01,S3D1,2022,0.6621
GLOBAL,PWRCSPTZAXX01,S3D1,2023,0.6621
GLOBAL,PWRCSPTZAXX01,S3D1,2024,0.6621
GLOBAL,PWRCSPTZAXX01,S3D1,2025,0.6621
GLOBAL,PWRCSPTZAXX01,S3D1,2026,0.6621
GLOBAL,PWRCSPTZAXX01,S3D1,2027,0.6621
GLOBAL,PWRCSPTZAXX01,S3D1,2028,0.6621
GLOBAL,PWRCSPTZAXX01,S3D1,2029,0.6621
GLOBAL,PWRCSPTZAXX01,S3D1,2030,0.6621
GLOBAL,PWRCSPTZAXX01,S3D1,2031,0.6621
GLOBAL,PWRCSPTZAXX01,S3D1,2032,0.6621
GLOBAL,PWRCSPTZAXX01,S3D1,2033,0.6621
GLOBAL,PWRCSPTZAXX01,S3D1,2034,0.6621
GLOBAL,PWRCSPTZAXX01,S3D1,2035,0.6621
GLOBAL,PWRCSPTZAXX01,S3D1,2036,0.6621
GLOBAL,PWRCSPTZAXX01,S3D1,2037,0.6621
GLOBAL,PWRCSPTZAXX01,S3D1,2038,0.6621
GLOBAL,PWRCSPTZAXX01,S3D1,2039,0.6621
GLOBAL,PWRCSPTZAXX01,S3D1,2040,0.6621
GLOBAL,PWRCSPTZAXX01,S3D1,2041,0.6621
GLOBAL,PWRCSPTZAXX01,S3D1,2042,0.6621
GLOBAL,PWRCSPTZAXX01,S3D1,2043,0.6621
GLOBAL,PWRCSPTZAXX01,S3D1,2044,0.6621
GLOBAL,PWRCSPTZAXX01,S3D1,2045,0.6621
GLOBAL,PWRCSPTZAXX01,S3D1,2046,0.6621
GLOBAL,PWRCSPTZAXX01,S3D1,2047,0.6621
GLOBAL,PWRCSPTZAXX01,S3D1,2048,0.6621
GLOBAL,PWRCSPTZAXX01,S3D1,2049,0.6621
GLOBAL,PWRCSPTZAXX01,S3D1,2050,0.6621
GLOBAL,PWRCSPKENXX01,S3D2,2021,0.7096
GLOBAL,PWRCSPKENXX01,S3D2,2022,0.7096
GLOBAL,PWRCSPKENXX01,S3D2,2023,0.7096
GLOBAL,PWRCSPKENXX01,S3D2,2024,0.7096
GLOBAL,PWRCSPKENXX01,S3D2,2025,0.7096
GLOBAL,PWRCSPKENXX01,S3D2,2026,0.7096
GLOBAL,PWRCSPKENXX01,S3D2,2027,0.7096
GLOBAL,PWRCSPKENXX01,S3D2,2028,0.7096
GLOBAL,PWRCSPKENXX01,S3D2,2029,0.7096
GLOBAL,PWRCSPKENXX01,S3D2,2030,0.7096
GLOBAL,PWRCSPKENXX01,S3D2,2031,0.7096
GLOBAL,PWRCSPKENXX01,S3D2,2032,0.7096
GLOBAL,PWRCSPKENXX01,S3D2,2033,0.7096
GLOBAL,PWRCSPKENXX01,S3D2,2034,0.7096
GLOBAL,PWRCSPKENXX01,S3D2,2035,0.7096
GLOBAL,PWRCSPKENXX01,S3D2,2036,0.7096
GLOBAL,PWRCSPKENXX01,S3D2,2037,0.7096
GLOBAL,PWRCSPKENXX01,S3D2,2038,0.7096
GLOBAL,PWRCSPKENXX01,S3D2,2039,0.7096
GLOBAL,PWRCSPKENXX01,S3D2,2040,0.7096
GLOBAL,PWRCSPKENXX01,S3D2,2041,0.7096
GLOBAL,PWRCSPKENXX01,S3D2,2042,0.7096
GLOBAL,PWRCSPKENXX01,S3D2,2043,0.7096
GLOBAL,PWRCSPKENXX01,S3D2,2044,0.7096
GLOBAL,PWRCSPKENXX01,S3D2,2045,0.7096
GLOBAL,PWRCSPKENXX01,S3D2,2046,0.7096
GLOBAL,PWRCSPKENXX01,S3D2,2047,0.7096
GLOBAL,PWRCSPKENXX01,S3D2,2048,0.7096
GLOBAL,PWRCSPKENXX01,S3D2,2049,0.7096
GLOBAL,PWRCSPKENXX01,S3D2,2050,0.7096
GLOBAL,PWRCSPTZAXX01,S3D2,2021,0.8931
GLOBAL,PWRCSPTZAXX01,S3D2,2022,0.8931
GLOBAL,PWRCSPTZAXX01,S3D2,2023,0.8931
GLOBAL,PWRCSPTZAXX01,S3D2,2024,0.8931
GLOBAL,PWRCSPTZAXX01,S3D2,2025,0.8931
GLOBAL,PWRCSPTZAXX01,S3D2,2026,0.8931
GLOBAL,PWRCSPTZAXX01,S3D2,2027,0.8931
GLOBAL,PWRCSPTZAXX01,S3D2,2028,0.8931
GLOBAL,PWRCSPTZAXX01,S3D2,2029,0.8931
GLOBAL,PWRCSPTZAXX01,S3D2,2030,0.8931
GLOBAL,PWRCSPTZAXX01,S3D2,2031,0.8931
GLOBAL,PWRCSPTZAXX01,S3D2,2032,0.8931
GLOBAL,PWRCSPTZAXX01,S3D2,2033,0.8931
GLOBAL,PWRCSPTZAXX01,S3D2,2034,0.8931
GLOBAL,PWRCSPTZAXX01,S3D2,2035,0.8931
GLOBAL,PWRCSPTZAXX01,S3D2,2036,0.8931
GLOBAL,PWRCSPTZAXX01,S3D2,2037,0.8931
GLOBAL,PWRCSPTZAXX01,S3D2,2038,0.8931
GLOBAL,PWRCSPTZAXX01,S3D2,2039,0.8931
GLOBAL,PWRCSPTZAXX01,S3D2,2040,0.8931
GLOBAL,PWRCSPTZAXX01,S3D2,2041,0.8931
GLOBAL,PWRCSPTZAXX01,S3D2,2042,0.8931
GLOBAL,PWRCSPTZAXX01,S3D2,2043,0.8931
GLOBAL,PWRCSPTZAXX01,S3D2,2044,0.8931
GLOBAL,PWRCSPTZAXX01,S3D2,2045,0.8931
GLOBAL,PWRCSPTZAXX01,S3D2,2046,0.8931
GLOBAL,PWRCSPTZAXX01,S3D2,2047,0.8931
GLOBAL,PWRCSPTZAXX01,S3D2,2048,0.8931
GLOBAL,PWRCSPTZAXX01,S3D2,2049,0.8931
GLOBAL,PWRCSPTZAXX01,S3D2,2050,0.8931
GLOBAL,PWRCSPKENXX01,S3D3,2021,0.0
GLOBAL,PWRCSPKENXX01,S3D3,2022,0.0
GLOBAL,PWRCSPKENXX01,S3D3,2023,0.0
GLOBAL,PWRCSPKENXX01,S3D3,2024,0.0
GLOBAL,PWRCSPKENXX01,S3D3,2025,0.0
GLOBAL,PWRCSPKENXX01,S3D3,2026,0.0
GLOBAL,PWRCSPKENXX01,S3D3,2027,0.0
GLOBAL,PWRCSPKENXX01,S3D3,2028,0.0
GLOBAL,PWRCSPKENXX01,S3D3,2029,0.0
GLOBAL,PWRCSPKENXX01,S3D3,2030,0.0
GLOBAL,PWRCSPKENXX01,S3D3,2031,0.0
GLOBAL,PWRCSPKENXX01,S3D3,2032,0.0
GLOBAL,PWRCSPKENXX01,S3D3,2033,0.0
GLOBAL,PWRCSPKENXX01,S3D3,2034,0.0
GLOBAL,PWRCSPKENXX01,S3D3,2035,0.0
GLOBAL,PWRCSPKENXX01,S3D3,2036,0.0
GLOBAL,PWRCSPKENXX01,S3D3,2037,0.0
GLOBAL,PWRCSPKENXX01,S3D3,2038,0.0
GLOBAL,PWRCSPKENXX01,S3D3,2039,0.0
GLOBAL,PWRCSPKENXX01,S3D3,2040,0.0
GLOBAL,PWRCSPKENXX01,S3D3,2041,0.0
GLOBAL,PWRCSPKENXX01,S3D3,2042,0.0
GLOBAL,PWRCSPKENXX01,S3D3,2043,0.0
GLOBAL,PWRCSPKENXX01,S3D3,2044,0.0
GLOBAL,PWRCSPKENXX01,S3D3,2045,0.0
GLOBAL,PWRCSPKENXX01,S3D3,2046,0.0
GLOBAL,PWRCSPKENXX01,S3D3,2047,0.0
GLOBAL,PWRCSPKENXX01,S3D3,2048,0.0
GLOBAL,PWRCSPKENXX01,S3D3,2049,0.0
GLOBAL,PWRCSPKENXX01,S3D3,2050,0.0
GLOBAL,PWRCSPTZAXX01,S3D3,2021,0.0
GLOBAL,PWRCSPTZAXX01,S3D3,2022,0.0
GLOBAL,PWRCSPTZAXX01,S3D3,2023,0.0
GLOBAL,PWRCSPTZAXX01,S3D3,2024,0.0
GLOBAL,PWRCSPTZAXX01,S3D3,2025,0.0
GLOBAL,PWRCSPTZAXX01,S3D3,2026,0.0
GLOBAL,PWRCSPTZAXX01,S3D3,2027,0.0
GLOBAL,PWRCSPTZAXX01,S3D3,2028,0.0
GLOBAL,PWRCSPTZAXX01,S3D3,2029,0.0
GLOBAL,PWRCSPTZAXX01,S3D3,2030,0.0
GLOBAL,PWRCSPTZAXX01,S3D3,2031,0.0
GLOBAL,PWRCSPTZAXX01,S3D3,2032,0.0
GLOBAL,PWRCSPTZAXX01,S3D3,2033,0.0
GLOBAL,PWRCSPTZAXX01,S3D3,2034,0.0
GLOBAL,PWRCSPTZAXX01,S3D3,2035,0.0
GLOBAL,PWRCSPTZAXX01,S3D3,2036,0.0
GLOBAL,PWRCSPTZAXX01,S3D3,2037,0.0
GLOBAL,PWRCSPTZAXX01,S3D3,2038,0.0
GLOBAL,PWRCSPTZAXX01,S3D3,2039,0.0
GLOBAL,PWRCSPTZAXX01,S3D3,2040,0.0
GLOBAL,PWRCSPTZAXX01,S3D3,2041,0.0
GLOBAL,PWRCSPTZAXX01,S3D3,2042,0.0
GLOBAL,PWRCSPTZAXX01,S3D3,2043,0.0
GLOBAL,PWRCSPTZAXX01,S3D3,2044,0.0
GLOBAL,PWRCSPTZAXX01,S3D3,2045,0.0
GLOBAL,PWRCSPTZAXX01,S3D3,2046,0.0
GLOBAL,PWRCSPTZAXX01,S3D3,2047,0.0
GLOBAL,PWRCSPTZAXX01,S3D3,2048,0.0
GLOBAL,PWRCSPTZAXX01,S3D3,2049,0.0
GLOBAL,PWRCSPTZAXX01,S3D3,2050,0.0
GLOBAL,PWRSPVKENXX01,S1D1,2021,0.2481
GLOBAL,PWRSPVKENXX01,S1D1,2022,0.2481
GLOBAL,PWRSPVKENXX01,S1D1,2023,0.2481
GLOBAL,PWRSPVKENXX01,S1D1,2024,0.2481
GLOBAL,PWRSPVKENXX01,S1D1,2025,0.2481
GLOBAL,PWRSPVKENXX01,S1D1,2026,0.2481
GLOBAL,PWRSPVKENXX01,S1D1,2027,0.2481
GLOBAL,PWRSPVKENXX01,S1D1,2028,0.2481
GLOBAL,PWRSPVKENXX01,S1D1,2029,0.2481
GLOBAL,PWRSPVKENXX01,S1D1,2030,0.2481
GLOBAL,PWRSPVKENXX01,S1D1,2031,0.2481
GLOBAL,PWRSPVKENXX01,S1D1,2032,0.2481
GLOBAL,PWRSPVKENXX01,S1D1,2033,0.2481
GLOBAL,PWRSPVKENXX01,S1D1,2034,0.2481
GLOBAL,PWRSPVKENXX01,S1D1,2035,0.2481
GLOBAL,PWRSPVKENXX01,S1D1,2036,0.2481
GLOBAL,PWRSPVKENXX01,S1D1,2037,0.2481
GLOBAL,PWRSPVKENXX01,S1D1,2038,0.2481
GLOBAL,PWRSPVKENXX01,S1D1,2039,0.2481
GLOBAL,PWRSPVKENXX01,S1D1,2040,0.2481
GLOBAL,PWRSPVKENXX01,S1D1,2041,0.2481
GLOBAL,PWRSPVKENXX01,S1D1,2042,0.2481
GLOBAL,PWRSPVKENXX01,S1D1,2043,0.2481
GLOBAL,PWRSPVKENXX01,S1D1,2044,0.2481
GLOBAL,PWRSPVKENXX01,S1D1,2045,0.2481
GLOBAL,PWRSPVKENXX01,S1D1,2046,0.2481
GLOBAL,PWRSPVKENXX01,S1D1,2047,0.2481
GLOBAL,PWRSPVKENXX01,S1D1,2048,0.2481
GLOBAL,PWRSPVKENXX01,S1D1,2049,0.2481
GLOBAL,PWRSPVKENXX01,S1D1,2050,0.2481
GLOBAL,PWRSPVTZAXX01,S1D1,2021,0.2403
GLOBAL,PWRSPVTZAXX01,S1D1,2022,0.2403
GLOBAL,PWRSPVTZAXX01,S1D1,2023,0.2403
GLOBAL,PWRSPVTZAXX01,S1D1,2024,0.2403
GLOBAL,PWRSPVTZAXX01,S1D1,2025,0.2403
GLOBAL,PWRSPVTZAXX01,S1D1,2026,0.2403
GLOBAL,PWRSPVTZAXX01,S1D1,2027,0.2403
GLOBAL,PWRSPVTZAXX01,S1D1,2028,0.2403
GLOBAL,PWRSPVTZAXX01,S1D1,2029,0.2403
GLOBAL,PWRSPVTZAXX01,S1D1,2030,0.2403
GLOBAL,PWRSPVTZAXX01,S1D1,2031,0.2403
GLOBAL,PWRSPVTZAXX01,S1D1,2032,0.2403
GLOBAL,PWRSPVTZAXX01,S1D1,2033,0.2403
GLOBAL,PWRSPVTZAXX01,S1D1,2034,0.2403
GLOBAL,PWRSPVTZAXX01,S1D1,2035,0.2403
GLOBAL,PWRSPVTZAXX01,S1D1,2036,0.2403
GLOBAL,PWRSPVTZAXX01,S1D1,2037,0.2403
GLOBAL,PWRSPVTZAXX01,S1D1,2038,0.2403
GLOBAL,PWRSPVTZAXX01,S1D1,2039,0.2403
GLOBAL,PWRSPVTZAXX01,S1D1,2040,0.2403
GLOBAL,PWRSPVTZAXX01,S1D1,2041,0.2403
GLOBAL,PWRSPVTZAXX01,S1D1,2042,0.2403
GLOBAL,PWRSPVTZAXX01,S1D1,2043,0.2403
GLOBAL,PWRSPVTZAXX01,S1D1,2044,0.2403
GLOBAL,PWRSPVTZAXX01,S1D1,2045,0.2403
GLOBAL,PWRSPVTZAXX01,S1D1,2046,0.2403
GLOBAL,PWRSPVTZAXX01,S1D1,2047,0.2403
GLOBAL,PWRSPVTZAXX01,S1D1,2048,0.2403
GLOBAL,PWRSPVTZAXX01,S1D1,2049,0.2403
GLOBAL,PWRSPVTZAXX01,S1D1,2050,0.2403
GLOBAL,PWRSPVKENXX01,S1D2,2021,0.3014
GLOBAL,PWRSPVKENXX01,S1D2,2022,0.3014
GLOBAL,PWRSPVKENXX01,S1D2,2023,0.3014
GLOBAL,PWRSPVKENXX01,S1D2,2024,0.3014
GLOBAL,PWRSPVKENXX01,S1D2,2025,0.3014
GLOBAL,PWRSPVKENXX01,S1D2,2026,0.3014
GLOBAL,PWRSPVKENXX01,S1D2,2027,0.3014
GLOBAL,PWRSPVKENXX01,S1D2,2028,0.3014
GLOBAL,PWRSPVKENXX01,S1D2,2029,0.3014
GLOBAL,PWRSPVKENXX01,S1D2,2030,0.3014
GLOBAL,PWRSPVKENXX01,S1D2,2031,0.3014
GLOBAL,PWRSPVKENXX01,S1D2,2032,0.3014
GLOBAL,PWRSPVKENXX01,S1D2,2033,0.3014
GLOBAL,PWRSPVKENXX01,S1D2,2034,0.3014
GLOBAL,PWRSPVKENXX01,S1D2,2035,0.3014
GLOBAL,PWRSPVKENXX01,S1D2,2036,0.3014
GLOBAL,PWRSPVKENXX01,S1D2,2037,0.3014
GLOBAL,PWRSPVKENXX01,S1D2,2038,0.3014
GLOBAL,PWRSPVKENXX01,S1D2,2039,0.3014
GLOBAL,PWRSPVKENXX01,S1D2,2040,0.3014
GLOBAL,PWRSPVKENXX01,S1D2,2041,0.3014
GLOBAL,PWRSPVKENXX01,S1D2,2042,0.3014
GLOBAL,PWRSPVKENXX01,S1D2,2043,0.3014
GLOBAL,PWRSPVKENXX01,S1D2,2044,0.3014
GLOBAL,PWRSPVKENXX01,S1D2,2045,0.3014
GLOBAL,PWRSPVKENXX01,S1D2,2046,0.3014
GLOBAL,PWRSPVKENXX01,S1D2,2047,0.3014
GLOBAL,PWRSPVKENXX01,S1D2,2048,0.3014
GLOBAL,PWRSPVKENXX01,S1D2,2049,0.3014
GLOBAL,PWRSPVKENXX01,S1D2,2050,0.3014
GLOBAL,PWRSPVTZAXX01,S1D2,2021,0.3309
GLOBAL,PWRSPVTZAXX01,S1D2,2022,0.3309
GLOBAL,PWRSPVTZAXX01,S1D2,2023,0.3309
GLOBAL,PWRSPVTZAXX01,S1D2,2024,0.3309
GLOBAL,PWRSPVTZAXX01,S1D2,2025,0.3309
GLOBAL,PWRSPVTZAXX01,S1D2,2026,0.3309
GLOBAL,PWRSPVTZAXX01,S1D2,2027,0.3309
GLOBAL,PWRSPVTZAXX01,S1D2,2028,0.3309
GLOBAL,PWRSPVTZAXX01,S1D2,2029,0.3309
GLOBAL,PWRSPVTZAXX01,S1D2,2030,0.3309
GLOBAL,PWRSPVTZAXX01,S1D2,2031,0.3309
GLOBAL,PWRSPVTZAXX01,S1D2,2032,0.3309
GLOBAL,PWRSPVTZAXX01,S1D2,2033,0.3309
GLOBAL,PWRSPVTZAXX01,S1D2,2034,0.3309
GLOBAL,PWRSPVTZAXX01,S1D2,2035,0.3309
GLOBAL,PWRSPVTZAXX01,S1D2,2036,0.3309
GLOBAL,PWRSPVTZAXX01,S1D2,2037,0.3309
GLOBAL,PWRSPVTZAXX01,S1D2,2038,0.3309
GLOBAL,PWRSPVTZAXX01,S1D2,2039,0.3309
GLOBAL,PWRSPVTZAXX01,S1D2,2040,0.3309
GLOBAL,PWRSPVTZAXX01,S1D2,2041,0.3309
GLOBAL,PWRSPVTZAXX01,S1D2,2042,0.3309
GLOBAL,PWRSPVTZAXX01,S1D2,2043,0.3309
GLOBAL,PWRSPVTZAXX01,S1D2,2044,0.3309
GLOBAL,PWRSPVTZAXX01,S1D2,2045,0.3309
GLOBAL,PWRSPVTZAXX01,S1D2,2046,0.3309
GLOBAL,PWRSPVTZAXX01,S1D2,2047,0.3309
GLOBAL,PWRSPVTZAXX01,S1D2,2048,0.3309
GLOBAL,PWRSPVTZAXX01,S1D2,2049,0.3309
GLOBAL,PWRSPVTZAXX01,S1D2,2050,0.3309
GLOBAL,PWRSPVKENXX01,S1D3,2021,0.0
GLOBAL,PWRSPVKENXX01,S1D3,2022,0.0
GLOBAL,PWRSPVKENXX01,S1D3,2023,0.0
GLOBAL,PWRSPVKENXX01,S1D3,2024,0.0
GLOBAL,PWRSPVKENXX01,S1D3,2025,0.0
GLOBAL,PWRSPVKENXX01,S1D3,2026,0.0
GLOBAL,PWRSPVKENXX01,S1D3,2027,0.0
GLOBAL,PWRSPVKENXX01,S1D3,2028,0.0
GLOBAL,PWRSPVKENXX01,S1D3,2029,0.0
GLOBAL,PWRSPVKENXX01,S1D3,2030,0.0
GLOBAL,PWRSPVKENXX01,S1D3,2031,0.0
GLOBAL,PWRSPVKENXX01,S1D3,2032,0.0
GLOBAL,PWRSPVKENXX01,S1D3,2033,0.0
GLOBAL,PWRSPVKENXX01,S1D3,2034,0.0
GLOBAL,PWRSPVKENXX01,S1D3,2035,0.0
GLOBAL,PWRSPVKENXX01,S1D3,2036,0.0
GLOBAL,PWRSPVKENXX01,S1D3,2037,0.0
GLOBAL,PWRSPVKENXX01,S1D3,2038,0.0
GLOBAL,PWRSPVKENXX01,S1D3,2039,0.0
GLOBAL,PWRSPVKENXX01,S1D3,2040,0.0
GLOBAL,PWRSPVKENXX01,S1D3,2041,0.0
GLOBAL,PWRSPVKENXX01,S1D3,2042,0.0
GLOBAL,PWRSPVKENXX01,S1D3,2043,0.0
GLOBAL,PWRSPVKENXX01,S1D3,2044,0.0
GLOBAL,PWRSPVKENXX01,S1D3,2045,0.0
GLOBAL,PWRSPVKENXX01,S1D3,2046,0.0
GLOBAL,PWRSPVKENXX01,S1D3,2047,0.0
GLOBAL,PWRSPVKENXX01,S1D3,2048,0.0
GLOBAL,PWRSPVKENXX01,S1D3,2049,0.0
GLOBAL,PWRSPVKENXX01,S1D3,2050,0.0
GLOBAL,PWRSPVTZAXX01,S1D3,2021,0.0
GLOBAL,PWRSPVTZAXX01,S1D3,2022,0.0
GLOBAL,PWRSPVTZAXX01,S1D3,2023,0.0
GLOBAL,PWRSPVTZAXX01,S1D3,2024,0.0
GLOBAL,PWRSPVTZAXX01,S1D3,2025,0.0
GLOBAL,PWRSPVTZAXX01,S1D3,2026,0.0
GLOBAL,PWRSPVTZAXX01,S1D3,2027,0.0
GLOBAL,PWRSPVTZAXX01,S1D3,2028,0.0
GLOBAL,PWRSPVTZAXX01,S1D3,2029,0.0
GLOBAL,PWRSPVTZAXX01,S1D3,2030,0.0
GLOBAL,PWRSPVTZAXX01,S1D3,2031,0.0
GLOBAL,PWRSPVTZAXX01,S1D3,2032,0.0
GLOBAL,PWRSPVTZAXX01,S1D3,2033,0.0
GLOBAL,PWRSPVTZAXX01,S1D3,2034,0.0
GLOBAL,PWRSPVTZAXX01,S1D3,2035,0.0
GLOBAL,PWRSPVTZAXX01,S1D3,2036,0.0
GLOBAL,PWRSPVTZAXX01,S1D3,2037,0.0
GLOBAL,PWRSPVTZAXX01,S1D3,2038,0.0
GLOBAL,PWRSPVTZAXX01,S1D3,2039,0.0
GLOBAL,PWRSPVTZAXX01,S1D3,2040,0.0
GLOBAL,PWRSPVTZAXX01,S1D3,2041,0.0
GLOBAL,PWRSPVTZAXX01,S1D3,2042,0.0
GLOBAL,PWRSPVTZAXX01,S1D3,2043,0.0
GLOBAL,PWRSPVTZAXX01,S1D3,2044,0.0
GLOBAL,PWRSPVTZAXX01,S1D3,2045,0.0
GLOBAL,PWRSPVTZAXX01,S1D3,2046,0.0
GLOBAL,PWRSPVTZAXX01,S1D3,2047,0.0
GLOBAL,PWRSPVTZAXX01,S1D3,2048,0.0
GLOBAL,PWRSPVTZAXX01,S1D3,2049,0.0
GLOBAL,PWRSPVTZAXX01,S1D3,2050,0.0
GLOBAL,PWRSPVKENXX01,S2D1,2021,0.2243
GLOBAL,PWRSPVKENXX01,S2D1,2022,0.2243
GLOBAL,PWRSPVKENXX01,S2D1,2023,0.2243
GLOBAL,PWRSPVKENXX01,S2D1,2024,0.2243
GLOBAL,PWRSPVKENXX01,S2D1,2025,0.2243
GLOBAL,PWRSPVKENXX01,S2D1,2026,0.2243
GLOBAL,PWRSPVKENXX01,S2D1,2027,0.2243
GLOBAL,PWRSPVKENXX01,S2D1,2028,0.2243
GLOBAL,PWRSPVKENXX01,S2D1,2029,0.2243
GLOBAL,PWRSPVKENXX01,S2D1,2030,0.2243
GLOBAL,PWRSPVKENXX01,S2D1,2031,0.2243
GLOBAL,PWRSPVKENXX01,S2D1,2032,0.2243
GLOBAL,PWRSPVKENXX01,S2D1,2033,0.2243
GLOBAL,PWRSPVKENXX01,S2D1,2034,0.2243
GLOBAL,PWRSPVKENXX01,S2D1,2035,0.2243
GLOBAL,PWRSPVKENXX01,S2D1,2036,0.2243
GLOBAL,PWRSPVKENXX01,S2D1,2037,0.2243
GLOBAL,PWRSPVKENXX01,S2D1,2038,0.2243
GLOBAL,PWRSPVKENXX01,S2D1,2039,0.2243
GLOBAL,PWRSPVKENXX01,S2D1,2040,0.2243
GLOBAL,PWRSPVKENXX01,S2D1,2041,0.2243
GLOBAL,PWRSPVKENXX01,S2D1,2042,0.2243
GLOBAL,PWRSPVKENXX01,S2D1,2043,0.2243
GLOBAL,PWRSPVKENXX01,S2D1,2044,0.2243
GLOBAL,PWRSPVKENXX01,S2D1,2045,0.2243
GLOBAL,PWRSPVKENXX01,S2D1,2046,0.2243
GLOBAL,PWRSPVKENXX01,S2D1,2047,0.2243
GLOBAL,PWRSPVKENXX01,S2D1,2048,0.2243
GLOBAL,PWRSPVKENXX01,S2D1,2049,0.2243
GLOBAL,PWRSPVKENXX01,S2D1,2050,0.2243
GLOBAL,PWRSPVTZAXX01,S2D1,2021,0.2718
GLOBAL,PWRSPVTZAXX01,S2D1,2022,0.2718
GLOBAL,PWRSPVTZAXX01,S2D1,2023,0.2718
GLOBAL,PWRSPVTZAXX01,S2D1,2024,0.2718
GLOBAL,PWRSPVTZAXX01,S2D1,2025,0.2718
GLOBAL,PWRSPVTZAXX01,S2D1,2026,0.2718
GLOBAL,PWRSPVTZAXX01,S2D1,2027,0.2718
GLOBAL,PWRSPVTZAXX01,S2D1,2028,0.2718
GLOBAL,PWRSPVTZAXX01,S2D1,2029,0.2718
GLOBAL,PWRSPVTZAXX01,S2D1,2030,0.2718
GLOBAL,PWRSPVTZAXX01,S2D1,2031,0.2718
GLOBAL,PWRSPVTZAXX01,S2D1,2032,0.2718
GLOBAL,PWRSPVTZAXX01,S2D1,2033,0.2718
GLOBAL,PWRSPVTZAXX01,S2D1,2034,0.2718
GLOBAL,PWRSPVTZAXX01,S2D1,2035,0.2718
GLOBAL,PWRSPVTZAXX01,S2D1,2036,0.2718
GLOBAL,PWRSPVTZAXX01,S2D1,2037,0.2718
GLOBAL,PWRSPVTZAXX01,S2D1,2038,0.2718
GLOBAL,PWRSPVTZAXX01,S2D1,2039,0.2718
GLOBAL,PWRSPVTZAXX01,S2D1,2040,0.2718
GLOBAL,PWRSPVTZAXX01,S2D1,2041,0.2718
GLOBAL,PWRSPVTZAXX01,S2D1,2042,0.2718
GLOBAL,PWRSPVTZAXX01,S2D1,2043,0.2718
GLOBAL,PWRSPVTZAXX01,S2D1,2044,0.2718
GLOBAL,PWRSPVTZAXX01,S2D1,2045,0.2718
GLOBAL,PWRSPVTZAXX01,S2D1,2046,0.2718
GLOBAL,PWRSPVTZAXX01,S2D1,2047,0.2718
GLOBAL,PWRSPVTZAXX01,S2D1,2048,0.2718
GLOBAL,PWRSPVTZAXX01,S2D1,2049,0.2718
GLOBAL,PWRSPVTZAXX01,S2D1,2050,0.2718
GLOBAL,PWRSPVKENXX01,S2D2,2021,0.2743
GLOBAL,PWRSPVKENXX01,S2D2,2022,0.2743
GLOBAL,PWRSPVKENXX01,S2D2,2023,0.2743
GLOBAL,PWRSPVKENXX01,S2D2,2024,0.2743
GLOBAL,PWRSPVKENXX01,S2D2,2025,0.2743
GLOBAL,PWRSPVKENXX01,S2D2,2026,0.2743
GLOBAL,PWRSPVKENXX01,S2D2,2027,0.2743
GLOBAL,PWRSPVKENXX01,S2D2,2028,0.2743
GLOBAL,PWRSPVKENXX01,S2D2,2029,0.2743
GLOBAL,PWRSPVKENXX01,S2D2,2030,0.2743
GLOBAL,PWRSPVKENXX01,S2D2,2031,0.2743
GLOBAL,PWRSPVKENXX01,S2D2,2032,0.2743
GLOBAL,PWRSPVKENXX01,S2D2,2033,0.2743
GLOBAL,PWRSPVKENXX01,S2D2,2034,0.2743
GLOBAL,PWRSPVKENXX01,S2D2,2035,0.2743
GLOBAL,PWRSPVKENXX01,S2D2,2036,0.2743
GLOBAL,PWRSPVKENXX01,S2D2,2037,0.2743
GLOBAL,PWRSPVKENXX01,S2D2,2038,0.2743
GLOBAL,PWRSPVKENXX01,S2D2,2039,0.2743
GLOBAL,PWRSPVKENXX01,S2D2,2040,0.2743
GLOBAL,PWRSPVKENXX01,S2D2,2041,0.2743
GLOBAL,PWRSPVKENXX01,S2D2,2042,0.2743
GLOBAL,PWRSPVKENXX01,S2D2,2043,0.2743
GLOBAL,PWRSPVKENXX01,S2D2,2044,0.2743
GLOBAL,PWRSPVKENXX01,S2D2,2045,0.2743
GLOBAL,PWRSPVKENXX01,S2D2,2046,0.2743
GLOBAL,PWRSPVKENXX01,S2D2,2047,0.2743
GLOBAL,PWRSPVKENXX01,S2D2,2048,0.2743
GLOBAL,PWRSPVKENXX01,S2D2,2049,0.2743
GLOBAL,PWRSPVKENXX01,S2D2,2050,0.2743
GLOBAL,PWRSPVTZAXX01,S2D2,2021,0.3864
GLOBAL,PWRSPVTZAXX01,S2D2,2022,0.3864
GLOBAL,PWRSPVTZAXX01,S2D2,2023,0.3864
GLOBAL,PWRSPVTZAXX01,S2D2,2024,0.3864
GLOBAL,PWRSPVTZAXX01,S2D2,2025,0.3864
GLOBAL,PWRSPVTZAXX01,S2D2,2026,0.3864
GLOBAL,PWRSPVTZAXX01,S2D2,2027,0.3864
GLOBAL,PWRSPVTZAXX01,S2D2,2028,0.3864
GLOBAL,PWRSPVTZAXX01,S2D2,2029,0.3864
GLOBAL,PWRSPVTZAXX01,S2D2,2030,0.3864
GLOBAL,PWRSPVTZAXX01,S2D2,2031,0.3864
GLOBAL,PWRSPVTZAXX01,S2D2,2032,0.3864
GLOBAL,PWRSPVTZAXX01,S2D2,2033,0.3864
GLOBAL,PWRSPVTZAXX01,S2D2,2034,0.3864
GLOBAL,PWRSPVTZAXX01,S2D2,2035,0.3864
GLOBAL,PWRSPVTZAXX01,S2D2,2036,0.3864
GLOBAL,PWRSPVTZAXX01,S2D2,2037,0.3864
GLOBAL,PWRSPVTZAXX01,S2D2,2038,0.3864
GLOBAL,PWRSPVTZAXX01,S2D2,2039,0.3864
GLOBAL,PWRSPVTZAXX01,S2D2,2040,0.3864
GLOBAL,PWRSPVTZAXX01,S2D2,2041,0.3864
GLOBAL,PWRSPVTZAXX01,S2D2,2042,0.3864
GLOBAL,PWRSPVTZAXX01,S2D2,2043,0.3864
GLOBAL,PWRSPVTZAXX01,S2D2,2044,0.3864
GLOBAL,PWRSPVTZAXX01,S2D2,2045,0.3864
GLOBAL,PWRSPVTZAXX01,S2D2,2046,0.3864
GLOBAL,PWRSPVTZAXX01,S2D2,2047,0.3864
GLOBAL,PWRSPVTZAXX01,S2D2,2048,0.3864
GLOBAL,PWRSPVTZAXX01,S2D2,2049,0.3864
GLOBAL,PWRSPVTZAXX01,S2D2,2050,0.3864
GLOBAL,PWRSPVKENXX01,S2D3,2021,0.0
GLOBAL,PWRSPVKENXX01,S2D3,2022,0.0
GLOBAL,PWRSPVKENXX01,S2D3,2023,0.0
GLOBAL,PWRSPVKENXX01,S2D3,2024,0.0
GLOBAL,PWRSPVKENXX01,S2D3,2025,0.0
GLOBAL,PWRSPVKENXX01,S2D3,2026,0.0
GLOBAL,PWRSPVKENXX01,S2D3,2027,0.0
GLOBAL,PWRSPVKENXX01,S2D3,2028,0.0
GLOBAL,PWRSPVKENXX01,S2D3,2029,0.0
GLOBAL,PWRSPVKENXX01,S2D3,2030,0.0
GLOBAL,PWRSPVKENXX01,S2D3,2031,0.0
GLOBAL,PWRSPVKENXX01,S2D3,2032,0.0
GLOBAL,PWRSPVKENXX01,S2D3,2033,0.0
GLOBAL,PWRSPVKENXX01,S2D3,2034,0.0
GLOBAL,PWRSPVKENXX01,S2D3,2035,0.0
GLOBAL,PWRSPVKENXX01,S2D3,2036,0.0
GLOBAL,PWRSPVKENXX01,S2D3,2037,0.0
GLOBAL,PWRSPVKENXX01,S2D3,2038,0.0
GLOBAL,PWRSPVKENXX01,S2D3,2039,0.0
GLOBAL,PWRSPVKENXX01,S2D3,2040,0.0
GLOBAL,PWRSPVKENXX01,S2D3,2041,0.0
GLOBAL,PWRSPVKENXX01,S2D3,2042,0.0
GLOBAL,PWRSPVKENXX01,S2D3,2043,0.0
GLOBAL,PWRSPVKENXX01,S2D3,2044,0.0
GLOBAL,PWRSPVKENXX01,S2D3,2045,0.0
GLOBAL,PWRSPVKENXX01,S2D3,2046,0.0
GLOBAL,PWRSPVKENXX01,S2D3,2047,0.0
GLOBAL,PWRSPVKENXX01,S2D3,2048,0.0
GLOBAL,PWRSPVKENXX01,S2D3,2049,0.0
GLOBAL,PWRSPVKENXX01,S2D3,2050,0.0
GLOBAL,PWRSPVTZAXX01,S2D3,2021,0.0
GLOBAL,PWRSPVTZAXX01,S2D3,2022,0.0
GLOBAL,PWRSPVTZAXX01,S2D3,2023,0.0
GLOBAL,PWRSPVTZAXX01,S2D3,2024,0.0
GLOBAL,PWRSPVTZAXX01,S2D3,2025,0.0
GLOBAL,PWRSPVTZAXX01,S2D3,2026,0.0
GLOBAL,PWRSPVTZAXX01,S2D3,2027,0.0
GLOBAL,PWRSPVTZAXX01,S2D3,2028,0.0
GLOBAL,PWRSPVTZAXX01,S2D3,2029,0.0
GLOBAL,PWRSPVTZAXX01,S2D3,2030,0.0
GLOBAL,PWRSPVTZAXX01,S2D3,2031,0.0
GLOBAL,PWRSPVTZAXX01,S2D3,2032,0.0
GLOBAL,PWRSPVTZAXX01,S2D3,2033,0.0
GLOBAL,PWRSPVTZAXX01,S2D3,2034,0.0
GLOBAL,PWRSPVTZAXX01,S2D3,2035,0.0
GLOBAL,PWRSPVTZAXX01,S2D3,2036,0.0
GLOBAL,PWRSPVTZAXX01,S2D3,2037,0.0
GLOBAL,PWRSPVTZAXX01,S2D3,2038,0.0
GLOBAL,PWRSPVTZAXX01,S2D3,2039,0.0
GLOBAL,PWRSPVTZAXX01,S2D3,2040,0.0
GLOBAL,PWRSPVTZAXX01,S2D3,2041,0.0
GLOBAL,PWRSPVTZAXX01,S2D3,2042,0.0
GLOBAL,PWRSPVTZAXX01,S2D3,2043,0.0
GLOBAL,PWRSPVTZAXX01,S2D3,2044,0.0
GLOBAL,PWRSPVTZAXX01,S2D3,2045,0.0
GLOBAL,PWRSPVTZAXX01,S2D3,2046,0.0
GLOBAL,PWRSPVTZAXX01,S2D3,2047,0.0
GLOBAL,PWRSPVTZAXX01,S2D3,2048,0.0
GLOBAL,PWRSPVTZAXX01,S2D3,2049,0.0
GLOBAL,PWRSPVTZAXX01,S2D3,2050,0.0
GLOBAL,PWRSPVKENXX01,S3D1,2021,0.2417
GLOBAL,PWRSPVKENXX01,S3D1,2022,0.2417
GLOBAL,PWRSPVKENXX01,S3D1,2023,0.2417
GLOBAL,PWRSPVKENXX01,S3D1,2024,0.2417
GLOBAL,PWRSPVKENXX01,S3D1,2025,0.2417
GLOBAL,PWRSPVKENXX01,S3D1,2026,0.2417
GLOBAL,PWRSPVKENXX01,S3D1,2027,0.2417
GLOBAL,PWRSPVKENXX01,S3D1,2028,0.2417
GLOBAL,PWRSPVKENXX01,S3D1,2029,0.2417
GLOBAL,PWRSPVKENXX01,S3D1,2030,0.2417
GLOBAL,PWRSPVKENXX01,S3D1,2031,0.2417
GLOBAL,PWRSPVKENXX01,S3D1,2032,0.2417
GLOBAL,PWRSPVKENXX01,S3D1,2033,0.2417
GLOBAL,PWRSPVKENXX01,S3D1,2034,0.2417
GLOBAL,PWRSPVKENXX01,S3D1,2035,0.2417
GLOBAL,PWRSPVKENXX01,S3D1,2036,0.2417
GLOBAL,PWRSPVKENXX01,S3D1,2037,0.2417
GLOBAL,PWRSPVKENXX01,S3D1,2038,0.2417
GLOBAL,PWRSPVKENXX01,S3D1,2039,0.2417
GLOBAL,PWRSPVKENXX01,S3D1,2040,0.2417
GLOBAL,PWRSPVKENXX01,S3D1,2041,0.2417
GLOBAL,PWRSPVKENXX01,S3D1,2042,0.2417
GLOBAL,PWRSPVKENXX01,S3D1,2043,0.2417
GLOBAL,PWRSPVKENXX01,S3D1,2044,0.2417
GLOBAL,PWRSPVKENXX01,S3D1,2045,0.2417
GLOBAL,PWRSPVKENXX01,S3D1,2046,0.2417
GLOBAL,PWRSPVKENXX01,S3D1,2047,0.2417
GLOBAL,PWRSPVKENXX01,S3D1,2048,0.2417
GLOBAL,PWRSPVKENXX01,S3D1,2049,0.2417
GLOBAL,PWRSPVKENXX01,S3D1,2050,0.2417
GLOBAL,PWRSPVTZAXX01,S3D1,2021,0.2648
GLOBAL,PWRSPVTZAXX01,S3D1,2022,0.2648
GLOBAL,PWRSPVTZAXX01,S3D1,2023,0.2648
GLOBAL,PWRSPVTZAXX01,S3D1,2024,0.2648
GLOBAL,PWRSPVTZAXX01,S3D1,2025,0.2648
GLOBAL,PWRSPVTZAXX01,S3D1,2026,0.2648
GLOBAL,PWRSPVTZAXX01,S3D1,2027,0.2648
GLOBAL,PWRSPVTZAXX01,S3D1,2028,0.2648
GLOBAL,PWRSPVTZAXX01,S3D1,2029,0.2648
GLOBAL,PWRSPVTZAXX01,S3D1,2030,0.2648
GLOBAL,PWRSPVTZAXX01,S3D1,2031,0.2648
GLOBAL,PWRSPVTZAXX01,S3D1,2032,0.2648
GLOBAL,PWRSPVTZAXX01,S3D1,2033,0.2648
GLOBAL,PWRSPVTZAXX01,S3D1,2034,0.2648
GLOBAL,PWRSPVTZAXX01,S3D1,2035,0.2648
GLOBAL,PWRSPVTZAXX01,S3D1,2036,0.2648
GLOBAL,PWRSPVTZAXX01,S3D1,2037,0.2648
GLOBAL,PWRSPVTZAXX01,S3D1,2038,0.2648
GLOBAL,PWRSPVTZAXX01,S3D1,2039,0.2648
GLOBAL,PWRSPVTZAXX01,S3D1,2040,0.2648
GLOBAL,PWRSPVTZAXX01,S3D1,2041,0.2648
GLOBAL,PWRSPVTZAXX01,S3D1,2042,0.2648
GLOBAL,PWRSPVTZAXX01,S3D1,2043,0.2648
GLOBAL,PWRSPVTZAXX01,S3D1,2044,0.2648
GLOBAL,PWRSPVTZAXX01,S3D1,2045,0.2648
GLOBAL,PWRSPVTZAXX01,S3D1,2046,0.2648
GLOBAL,PWRSPVTZAXX01,S3D1,2047,0.2648
GLOBAL,PWRSPVTZAXX01,S3D1,2048,0.2648
GLOBAL,PWRSPVTZAXX01,S3D1,2049,0.2648
GLOBAL,PWRSPVTZAXX01,S3D1,2050,0.2648
GLOBAL,PWRSPVKENXX01,S3D2,2021,0.2837
GLOBAL,PWRSPVKENXX01,S3D2,2022,0.2837
GLOBAL,PWRSPVKENXX01,S3D2,2023,0.2837
GLOBAL,PWRSPVKENXX01,S3D2,2024,0.2837
GLOBAL,PWRSPVKENXX01,S3D2,2025,0.2837
GLOBAL,PWRSPVKENXX01,S3D2,2026,0.2837
GLOBAL,PWRSPVKENXX01,S3D2,2027,0.2837
GLOBAL,PWRSPVKENXX01,S3D2,2028,0.2837
GLOBAL,PWRSPVKENXX01,S3D2,2029,0.2837
GLOBAL,PWRSPVKENXX01,S3D2,2030,0.2837
GLOBAL,PWRSPVKENXX01,S3D2,2031,0.2837
GLOBAL,PWRSPVKENXX01,S3D2,2032,0.2837
GLOBAL,PWRSPVKENXX01,S3D2,2033,0.2837
GLOBAL,PWRSPVKENXX01,S3D2,2034,0.2837
GLOBAL,PWRSPVKENXX01,S3D2,2035,0.2837
GLOBAL,PWRSPVKENXX01,S3D2,2036,0.2837
GLOBAL,PWRSPVKENXX01,S3D2,2037,0.2837
GLOBAL,PWRSPVKENXX01,S3D2,2038,0.2837
GLOBAL,PWRSPVKENXX01,S3D2,2039,0.2837
GLOBAL,PWRSPVKENXX01,S3D2,2040,0.2837
GLOBAL,PWRSPVKENXX01,S3D2,2041,0.2837
GLOBAL,PWRSPVKENXX01,S3D2,2042,0.2837
GLOBAL,PWRSPVKENXX01,S3D2,2043,0.2837
GLOBAL,PWRSPVKENXX01,S3D2,2044,0.2837
GLOBAL,PWRSPVKENXX01,S3D2,2045,0.2837
GLOBAL,PWRSPVKENXX01,S3D2,2046,0.2837
GLOBAL,PWRSPVKENXX01,S3D2,2047,0.2837
GLOBAL,PWRSPVKENXX01,S3D2,2048,0.2837
GLOBAL,PWRSPVKENXX01,S3D2,2049,0.2837
GLOBAL,PWRSPVKENXX01,S3D2,2050,0.2837
GLOBAL,PWRSPVTZAXX01,S3D2,2021,0.3572
GLOBAL,PWRSPVTZAXX01,S3D2,2022,0.3572
GLOBAL,PWRSPVTZAXX01,S3D2,2023,0.3572
GLOBAL,PWRSPVTZAXX01,S3D2,2024,0.3572
GLOBAL,PWRSPVTZAXX01,S3D2,2025,0.3572
GLOBAL,PWRSPVTZAXX01,S3D2,2026,0.3572
GLOBAL,PWRSPVTZAXX01,S3D2,2027,0.3572
GLOBAL,PWRSPVTZAXX01,S3D2,2028,0.3572
GLOBAL,PWRSPVTZAXX01,S3D2,2029,0.3572
GLOBAL,PWRSPVTZAXX01,S3D2,2030,0.3572
GLOBAL,PWRSPVTZAXX01,S3D2,2031,0.3572
GLOBAL,PWRSPVTZAXX01,S3D2,2032,0.3572
GLOBAL,PWRSPVTZAXX01,S3D2,2033,0.3572
GLOBAL,PWRSPVTZAXX01,S3D2,2034,0.3572
GLOBAL,PWRSPVTZAXX01,S3D2,2035,0.3572
GLOBAL,PWRSPVTZAXX01,S3D2,2036,0.3572
GLOBAL,PWRSPVTZAXX01,S3D2,2037,0.3572
GLOBAL,PWRSPVTZAXX01,S3D2,2038,0.3572
GLOBAL,PWRSPVTZAXX01,S3D2,2039,0.3572
GLOBAL,PWRSPVTZAXX01,S3D2,2040,0.3572
GLOBAL,PWRSPVTZAXX01,S3D2,2041,0.3572
GLOBAL,PWRSPVTZAXX01,S3D2,2042,0.3572
GLOBAL,PWRSPVTZAXX01,S3D2,2043,0.3572
GLOBAL,PWRSPVTZAXX01,S3D2,2044,0.3572
GLOBAL,PWRSPVTZAXX01,S3D2,2045,0.3572
GLOBAL,PWRSPVTZAXX01,S3D2,2046,0.3572
GLOBAL,PWRSPVTZAXX01,S3D2,2047,0.3572
GLOBAL,PWRSPVTZAXX01,S3D2,2048,0.3572
GLOBAL,PWRSPVTZAXX01,S3D2,2049,0.3572
GLOBAL,PWRSPVTZAXX01,S3D2,2050,0.3572
GLOBAL,PWRSPVKENXX01,S3D3,2021,0.0
GLOBAL,PWRSPVKENXX01,S3D3,2022,0.0
GLOBAL,PWRSPVKENXX01,S3D3,2023,0.0
GLOBAL,PWRSPVKENXX01,S3D3,2024,0.0
GLOBAL,PWRSPVKENXX01,S3D3,2025,0.0
GLOBAL,PWRSPVKENXX01,S3D3,2026,0.0
GLOBAL,PWRSPVKENXX01,S3D3,2027,0.0
GLOBAL,PWRSPVKENXX01,S3D3,2028,0.0
GLOBAL,PWRSPVKENXX01,S3D3,2029,0.0
GLOBAL,PWRSPVKENXX01,S3D3,2030,0.0
GLOBAL,PWRSPVKENXX01,S3D3,2031,0.0
GLOBAL,PWRSPVKENXX01,S3D3,2032,0.0
GLOBAL,PWRSPVKENXX01,S3D3,2033,0.0
GLOBAL,PWRSPVKENXX01,S3D3,2034,0.0
GLOBAL,PWRSPVKENXX01,S3D3,2035,0.0
GLOBAL,PWRSPVKENXX01,S3D3,2036,0.0
GLOBAL,PWRSPVKENXX01,S3D3,2037,0.0
GLOBAL,PWRSPVKENXX01,S3D3,2038,0.0
GLOBAL,PWRSPVKENXX01,S3D3,2039,0.0
GLOBAL,PWRSPVKENXX01,S3D3,2040,0.0
GLOBAL,PWRSPVKENXX01,S3D3,2041,0.0
GLOBAL,PWRSPVKENXX01,S3D3,2042,0.0
GLOBAL,PWRSPVKENXX01,S3D3,2043,0.0
GLOBAL,PWRSPVKENXX01,S3D3,2044,0.0
GLOBAL,PWRSPVKENXX01,S3D3,2045,0.0
GLOBAL,PWRSPVKENXX01,S3D3,2046,0.0
GLOBAL,PWRSPVKENXX01,S3D3,2047,0.0
GLOBAL,PWRSPVKENXX01,S3D3,2048,0.0
GLOBAL,PWRSPVKENXX01,S3D3,2049,0.0
GLOBAL,PWRSPVKENXX01,S3D3,2050,0.0
GLOBAL,PWRSPVTZAXX01,S3D3,2021,0.0
GLOBAL,PWRSPVTZAXX01,S3D3,2022,0.0
GLOBAL,PWRSPVTZAXX01,S3D3,2023,0.0
GLOBAL,PWRSPVTZAXX01,S3D3,2024,0.0
GLOBAL,PWRSPVTZAXX01,S3D3,2025,0.0
GLOBAL,PWRSPVTZAXX01,S3D3,2026,0.0
GLOBAL,PWRSPVTZAXX01,S3D3,2027,0.0
GLOBAL,PWRSPVTZAXX01,S3D3,2028,0.0
GLOBAL,PWRSPVTZAXX01,S3D3,2029,0.0
GLOBAL,PWRSPVTZAXX01,S3D3,2030,0.0
GLOBAL,PWRSPVTZAXX01,S3D3,2031,0.0
GLOBAL,PWRSPVTZAXX01,S3D3,2032,0.0
GLOBAL,PWRSPVTZAXX01,S3D3,2033,0.0
GLOBAL,PWRSPVTZAXX01,S3D3,2034,0.0
GLOBAL,PWRSPVTZAXX01,S3D3,2035,0.0
GLOBAL,PWRSPVTZAXX01,S3D3,2036,0.0
GLOBAL,PWRSPVTZAXX01,S3D3,2037,0.0
GLOBAL,PWRSPVTZAXX01,S3D3,2038,0.0
GLOBAL,PWRSPVTZAXX01,S3D3,2039,0.0
GLOBAL,PWRSPVTZAXX01,S3D3,2040,0.0
GLOBAL,PWRSPVTZAXX01,S3D3,2041,0.0
GLOBAL,PWRSPVTZAXX01,S3D3,2042,0.0
GLOBAL,PWRSPVTZAXX01,S3D3,2043,0.0
GLOBAL,PWRSPVTZAXX01,S3D3,2044,0.0
GLOBAL,PWRSPVTZAXX01,S3D3,2045,0.0
GLOBAL,PWRSPVTZAXX01,S3D3,2046,0.0
GLOBAL,PWRSPVTZAXX01,S3D3,2047,0.0
GLOBAL,PWRSPVTZAXX01,S3D3,2048,0.0
GLOBAL,PWRSPVTZAXX01,S3D3,2049,0.0
GLOBAL,PWRSPVTZAXX01,S3D3,2050,0.0
GLOBAL,PWRWONKENXX01,S1D1,2021,0.2068
GLOBAL,PWRWONKENXX01,S1D1,2022,0.2068
GLOBAL,PWRWONKENXX01,S1D1,2023,0.2068
GLOBAL,PWRWONKENXX01,S1D1,2024,0.2068
GLOBAL,PWRWONKENXX01,S1D1,2025,0.2068
GLOBAL,PWRWONKENXX01,S1D1,2026,0.2068
GLOBAL,PWRWONKENXX01,S1D1,2027,0.2068
GLOBAL,PWRWONKENXX01,S1D1,2028,0.2068
GLOBAL,PWRWONKENXX01,S1D1,2029,0.2068
GLOBAL,PWRWONKENXX01,S1D1,2030,0.2068
GLOBAL,PWRWONKENXX01,S1D1,2031,0.2068
GLOBAL,PWRWONKENXX01,S1D1,2032,0.2068
GLOBAL,PWRWONKENXX01,S1D1,2033,0.2068
GLOBAL,PWRWONKENXX01,S1D1,2034,0.2068
GLOBAL,PWRWONKENXX01,S1D1,2035,0.2068
GLOBAL,PWRWONKENXX01,S1D1,2036,0.2068
GLOBAL,PWRWONKENXX01,S1D1,2037,0.2068
GLOBAL,PWRWONKENXX01,S1D1,2038,0.2068
GLOBAL,PWRWONKENXX01,S1D1,2039,0.2068
GLOBAL,PWRWONKENXX01,S1D1,2040,0.2068
GLOBAL,PWRWONKENXX01,S1D1,2041,0.2068
GLOBAL,PWRWONKENXX01,S1D1,2042,0.2068
GLOBAL,PWRWONKENXX01,S1D1,2043,0.2068
GLOBAL,PWRWONKENXX01,S1D1,2044,0.2068
GLOBAL,PWRWONKENXX01,S1D1,2045,0.2068
GLOBAL,PWRWONKENXX01,S1D1,2046,0.2068
GLOBAL,PWRWONKENXX01,S1D1,2047,0.2068
GLOBAL,PWRWONKENXX01,S1D1,2048,0.2068
GLOBAL,PWRWONKENXX01,S1D1,2049,0.2068
GLOBAL,PWRWONKENXX01,S1D1,2050,0.2068
GLOBAL,PWRWONTZAXX01,S1D1,2021,0.0929
GLOBAL,PWRWONTZAXX01,S1D1,2022,0.0929
GLOBAL,PWRWONTZAXX01,S1D1,2023,0.0929
GLOBAL,PWRWONTZAXX01,S1D1,2024,0.0929
GLOBAL,PWRWONTZAXX01,S1D1,2025,0.0929
GLOBAL,PWRWONTZAXX01,S1D1,2026,0.0929
GLOBAL,PWRWONTZAXX01,S1D1,2027,0.0929
GLOBAL,PWRWONTZAXX01,S1D1,2028,0.0929
GLOBAL,PWRWONTZAXX01,S1D1,2029,0.0929
GLOBAL,PWRWONTZAXX01,S1D1,2030,0.0929
GLOBAL,PWRWONTZAXX01,S1D1,2031,0.0929
GLOBAL,PWRWONTZAXX01,S1D1,2032,0.0929
GLOBAL,PWRWONTZAXX01,S1D1,2033,0.0929
GLOBAL,PWRWONTZAXX01,S1D1,2034,0.0929
GLOBAL,PWRWONTZAXX01,S1D1,2035,0.0929
GLOBAL,PWRWONTZAXX01,S1D1,2036,0.0929
GLOBAL,PWRWONTZAXX01,S1D1,2037,0.0929
GLOBAL,PWRWONTZAXX01,S1D1,2038,0.0929
GLOBAL,PWRWONTZAXX01,S1D1,2039,0.0929
GLOBAL,PWRWONTZAXX01,S1D1,2040,0.0929
GLOBAL,PWRWONTZAXX01,S1D1,2041,0.0929
GLOBAL,PWRWONTZAXX01,S1D1,2042,0.0929
GLOBAL,PWRWONTZAXX01,S1D1,2043,0.0929
GLOBAL,PWRWONTZAXX01,S1D1,2044,0.0929
GLOBAL,PWRWONTZAXX01,S1D1,2045,0.0929
GLOBAL,PWRWONTZAXX01,S1D1,2046,0.0929
GLOBAL,PWRWONTZAXX01,S1D1,2047,0.0929
GLOBAL,PWRWONTZAXX01,S1D1,2048,0.0929
GLOBAL,PWRWONTZAXX01,S1D1,2049,0.0929
GLOBAL,PWRWONTZAXX01,S1D1,2050,0.0929
GLOBAL,PWRWONKENXX01,S1D2,2021,0.2302
GLOBAL,PWRWONKENXX01,S1D2,2022,0.2302
GLOBAL,PWRWONKENXX01,S1D2,2023,0.2302
GLOBAL,PWRWONKENXX01,S1D2,2024,0.2302
GLOBAL,PWRWONKENXX01,S1D2,2025,0.2302
GLOBAL,PWRWONKENXX01,S1D2,2026,0.2302
GLOBAL,PWRWONKENXX01,S1D2,2027,0.2302
GLOBAL,PWRWONKENXX01,S1D2,2028,0.2302
GLOBAL,PWRWONKENXX01,S1D2,2029,0.2302
GLOBAL,PWRWONKENXX01,S1D2,2030,0.2302
GLOBAL,PWRWONKENXX01,S1D2,2031,0.2302
GLOBAL,PWRWONKENXX01,S1D2,2032,0.2302
GLOBAL,PWRWONKENXX01,S1D2,2033,0.2302
GLOBAL,PWRWONKENXX01,S1D2,2034,0.2302
GLOBAL,PWRWONKENXX01,S1D2,2035,0.2302
GLOBAL,PWRWONKENXX01,S1D2,2036,0.2302
GLOBAL,PWRWONKENXX01,S1D2,2037,0.2302
GLOBAL,PWRWONKENXX01,S1D2,2038,0.2302
GLOBAL,PWRWONKENXX01,S1D2,2039,0.2302
GLOBAL,PWRWONKENXX01,S1D2,2040,0.2302
GLOBAL,PWRWONKENXX01,S1D2,2041,0.2302
GLOBAL,PWRWONKENXX01,S1D2,2042,0.2302
GLOBAL,PWRWONKENXX01,S1D2,2043,0.2302
GLOBAL,PWRWONKENXX01,S1D2,2044,0.2302
GLOBAL,PWRWONKENXX01,S1D2,2045,0.2302
GLOBAL,PWRWONKENXX01,S1D2,2046,0.2302
GLOBAL,PWRWONKENXX01,S1D2,2047,0.2302
GLOBAL,PWRWONKENXX01,S1D2,2048,0.2302
GLOBAL,PWRWONKENXX01,S1D2,2049,0.2302
GLOBAL,PWRWONKENXX01,S1D2,2050,0.2302
GLOBAL,PWRWONTZAXX01,S1D2,2021,0.0976
GLOBAL,PWRWONTZAXX01,S1D2,2022,0.0976
GLOBAL,PWRWONTZAXX01,S1D2,2023,0.0976
GLOBAL,PWRWONTZAXX01,S1D2,2024,0.0976
GLOBAL,PWRWONTZAXX01,S1D2,2025,0.0976
GLOBAL,PWRWONTZAXX01,S1D2,2026,0.0976
GLOBAL,PWRWONTZAXX01,S1D2,2027,0.0976
GLOBAL,PWRWONTZAXX01,S1D2,2028,0.0976
GLOBAL,PWRWONTZAXX01,S1D2,2029,0.0976
GLOBAL,PWRWONTZAXX01,S1D2,2030,0.0976
GLOBAL,PWRWONTZAXX01,S1D2,2031,0.0976
GLOBAL,PWRWONTZAXX01,S1D2,2032,0.0976
GLOBAL,PWRWONTZAXX01,S1D2,2033,0.0976
GLOBAL,PWRWONTZAXX01,S1D2,2034,0.0976
GLOBAL,PWRWONTZAXX01,S1D2,2035,0.0976
GLOBAL,PWRWONTZAXX01,S1D2,2036,0.0976
GLOBAL,PWRWONTZAXX01,S1D2,2037,0.0976
GLOBAL,PWRWONTZAXX01,S1D2,2038,0.0976
GLOBAL,PWRWONTZAXX01,S1D2,2039,0.0976
GLOBAL,PWRWONTZAXX01,S1D2,2040,0.0976
GLOBAL,PWRWONTZAXX01,S1D2,2041,0.0976
GLOBAL,PWRWONTZAXX01,S1D2,2042,0.0976
GLOBAL,PWRWONTZAXX01,S1D2,2043,0.0976
GLOBAL,PWRWONTZAXX01,S1D2,2044,0.0976
GLOBAL,PWRWONTZAXX01,S1D2,2045,0.0976
GLOBAL,PWRWONTZAXX01,S1D2,2046,0.0976
GLOBAL,PWRWONTZAXX01,S1D2,2047,0.0976
GLOBAL,PWRWONTZAXX01,S1D2,2048,0.0976
GLOBAL,PWRWONTZAXX01,S1D2,2049,0.0976
GLOBAL,PWRWONTZAXX01,S1D2,2050,0.0976
GLOBAL,PWRWONKENXX01,S1D3,2021,0.2328
GLOBAL,PWRWONKENXX01,S1D3,2022,0.2328
GLOBAL,PWRWONKENXX01,S1D3,2023,0.2328
GLOBAL,PWRWONKENXX01,S1D3,2024,0.2328
GLOBAL,PWRWONKENXX01,S1D3,2025,0.2328
GLOBAL,PWRWONKENXX01,S1D3,2026,0.2328
GLOBAL,PWRWONKENXX01,S1D3,2027,0.2328
GLOBAL,PWRWONKENXX01,S1D3,2028,0.2328
GLOBAL,PWRWONKENXX01,S1D3,2029,0.2328
GLOBAL,PWRWONKENXX01,S1D3,2030,0.2328
GLOBAL,PWRWONKENXX01,S1D3,2031,0.2328
GLOBAL,PWRWONKENXX01,S1D3,2032,0.2328
GLOBAL,PWRWONKENXX01,S1D3,2033,0.2328
GLOBAL,PWRWONKENXX01,S1D3,2034,0.2328
GLOBAL,PWRWONKENXX01,S1D3,2035,0.2328
GLOBAL,PWRWONKENXX01,S1D3,2036,0.2328
GLOBAL,PWRWONKENXX01,S1D3,2037,0.2328
GLOBAL,PWRWONKENXX01,S1D3,2038,0.2328
GLOBAL,PWRWONKENXX01,S1D3,2039,0.2328
GLOBAL,PWRWONKENXX01,S1D3,2040,0.2328
GLOBAL,PWRWONKENXX01,S1D3,2041,0.2328
GLOBAL,PWRWONKENXX01,S1D3,2042,0.2328
GLOBAL,PWRWONKENXX01,S1D3,2043,0.2328
GLOBAL,PWRWONKENXX01,S1D3,2044,0.2328
GLOBAL,PWRWONKENXX01,S1D3,2045,0.2328
GLOBAL,PWRWONKENXX01,S1D3,2046,0.2328
GLOBAL,PWRWONKENXX01,S1D3,2047,0.2328
GLOBAL,PWRWONKENXX01,S1D3,2048,0.2328
GLOBAL,PWRWONKENXX01,S1D3,2049,0.2328
GLOBAL,PWRWONKENXX01,S1D3,2050,0.2328
GLOBAL,PWRWONTZAXX01,S1D3,2021,0.0884
GLOBAL,PWRWONTZAXX01,S1D3,2022,0.0884
GLOBAL,PWRWONTZAXX01,S1D3,2023,0.0884
GLOBAL,PWRWONTZAXX01,S1D3,2024,0.0884
GLOBAL,PWRWONTZAXX01,S1D3,2025,0.0884
GLOBAL,PWRWONTZAXX01,S1D3,2026,0.0884
GLOBAL,PWRWONTZAXX01,S1D3,2027,0.0884
GLOBAL,PWRWONTZAXX01,S1D3,2028,0.0884
GLOBAL,PWRWONTZAXX01,S1D3,2029,0.0884
GLOBAL,PWRWONTZAXX01,S1D3,2030,0.0884
GLOBAL,PWRWONTZAXX01,S1D3,2031,0.0884
GLOBAL,PWRWONTZAXX01,S1D3,2032,0.0884
GLOBAL,PWRWONTZAXX01,S1D3,2033,0.0884
GLOBAL,PWRWONTZAXX01,S1D3,2034,0.0884
GLOBAL,PWRWONTZAXX01,S1D3,2035,0.0884
GLOBAL,PWRWONTZAXX01,S1D3,2036,0.0884
GLOBAL,PWRWONTZAXX01,S1D3,2037,0.0884
GLOBAL,PWRWONTZAXX01,S1D3,2038,0.0884
GLOBAL,PWRWONTZAXX01,S1D3,2039,0.0884
GLOBAL,PWRWONTZAXX01,S1D3,2040,0.0884
GLOBAL,PWRWONTZAXX01,S1D3,2041,0.0884
GLOBAL,PWRWONTZAXX01,S1D3,2042,0.0884
GLOBAL,PWRWONTZAXX01,S1D3,2043,0.0884
GLOBAL,PWRWONTZAXX01,S1D3,2044,0.0884
GLOBAL,PWRWONTZAXX01,S1D3,2045,0.0884
GLOBAL,PWRWONTZAXX01,S1D3,2046,0.0884
GLOBAL,PWRWONTZAXX01,S1D3,2047,0.0884
GLOBAL,PWRWONTZAXX01,S1D3,2048,0.0884
GLOBAL,PWRWONTZAXX01,S1D3,2049,0.0884
GLOBAL,PWRWONTZAXX01,S1D3,2050,0.0884
GLOBAL,PWRWONKENXX01,S2D1,2021,0.1811
GLOBAL,PWRWONKENXX01,S2D1,2022,0.1811
GLOBAL,PWRWONKENXX01,S2D1,2023,0.1811
GLOBAL,PWRWONKENXX01,S2D1,2024,0.1811
GLOBAL,PWRWONKENXX01,S2D1,2025,0.1811
GLOBAL,PWRWONKENXX01,S2D1,2026,0.1811
GLOBAL,PWRWONKENXX01,S2D1,2027,0.1811
GLOBAL,PWRWONKENXX01,S2D1,2028,0.1811
GLOBAL,PWRWONKENXX01,S2D1,2029,0.1811
GLOBAL,PWRWONKENXX01,S2D1,2030,0.1811
GLOBAL,PWRWONKENXX01,S2D1,2031,0.1811
GLOBAL,PWRWONKENXX01,S2D1,2032,0.1811
GLOBAL,PWRWONKENXX01,S2D1,2033,0.1811
GLOBAL,PWRWONKENXX01,S2D1,2034,0.1811
GLOBAL,PWRWONKENXX01,S2D1,2035,0.1811
GLOBAL,PWRWONKENXX01,S2D1,2036,0.1811
GLOBAL,PWRWONKENXX01,S2D1,2037,0.1811
GLOBAL,PWRWONKENXX01,S2D1,2038,0.1811
GLOBAL,PWRWONKENXX01,S2D1,2039,0.1811
GLOBAL,PWRWONKENXX01,S2D1,2040,0.1811
GLOBAL,PWRWONKENXX01,S2D1,2041,0.1811
GLOBAL,PWRWONKENXX01,S2D1,2042,0.1811
GLOBAL,PWRWONKENXX01,S2D1,2043,0.1811
GLOBAL,PWRWONKENXX01,S2D1,2044,0.1811
GLOBAL,PWRWONKENXX01,S2D1,2045,0.1811
GLOBAL,PWRWONKENXX01,S2D1,2046,0.1811
GLOBAL,PWRWONKENXX01,S2D1,2047,0.1811
GLOBAL,PWRWONKENXX01,S2D1,2048,0.1811
GLOBAL,PWRWONKENXX01,S2D1,2049,0.1811
GLOBAL,PWRWONKENXX01,S2D1,2050,0.1811
GLOBAL,PWRWONTZAXX01,S2D1,2021,0.2055
GLOBAL,PWRWONTZAXX01,S2D1,2022,0.2055
GLOBAL,PWRWONTZAXX01,S2D1,2023,0.2055
GLOBAL,PWRWONTZAXX01,S2D1,2024,0.2055
GLOBAL,PWRWONTZAXX01,S2D1,2025,0.2055
GLOBAL,PWRWONTZAXX01,S2D1,2026,0.2055
GLOBAL,PWRWONTZAXX01,S2D1,2027,0.2055
GLOBAL,PWRWONTZAXX01,S2D1,2028,0.2055
GLOBAL,PWRWONTZAXX01,S2D1,2029,0.2055
GLOBAL,PWRWONTZAXX01,S2D1,2030,0.2055
GLOBAL,PWRWONTZAXX01,S2D1,2031,0.2055
GLOBAL,PWRWONTZAXX01,S2D1,2032,0.2055
GLOBAL,PWRWONTZAXX01,S2D1,2033,0.2055
GLOBAL,PWRWONTZAXX01,S2D1,2034,0.2055
GLOBAL,PWRWONTZAXX01,S2D1,2035,0.2055
GLOBAL,PWRWONTZAXX01,S2D1,2036,0.2055
GLOBAL,PWRWONTZAXX01,S2D1,2037,0.2055
GLOBAL,PWRWONTZAXX01,S2D1,2038,0.2055
GLOBAL,PWRWONTZAXX01,S2D1,2039,0.2055
GLOBAL,PWRWONTZAXX01,S2D1,2040,0.2055
GLOBAL,PWRWONTZAXX01,S2D1,2041,0.2055
GLOBAL,PWRWONTZAXX01,S2D1,2042,0.2055
GLOBAL,PWRWONTZAXX01,S2D1,2043,0.2055
GLOBAL,PWRWONTZAXX01,S2D1,2044,0.2055
GLOBAL,PWRWONTZAXX01,S2D1,2045,0.2055
GLOBAL,PWRWONTZAXX01,S2D1,2046,0.2055
GLOBAL,PWRWONTZAXX01,S2D1,2047,0.2055
GLOBAL,PWRWONTZAXX01,S2D1,2048,0.2055
GLOBAL,PWRWONTZAXX01,S2D1,2049,0.2055
GLOBAL,PWRWONTZAXX01,S2D1,2050,0.2055
GLOBAL,PWRWONKENXX01,S2D2,2021,0.1419
GLOBAL,PWRWONKENXX01,S2D2,2022,0.1419
GLOBAL,PWRWONKENXX01,S2D2,2023,0.1419
GLOBAL,PWRWONKENXX01,S2D2,2024,0.1419
GLOBAL,PWRWONKENXX01,S2D2,2025,0.1419
GLOBAL,PWRWONKENXX01,S2D2,2026,0.1419
GLOBAL,PWRWONKENXX01,S2D2,2027,0.1419
GLOBAL,PWRWONKENXX01,S2D2,2028,0.1419
GLOBAL,PWRWONKENXX01,S2D2,2029,0.1419
GLOBAL,PWRWONKENXX01,S2D2,2030,0.1419
GLOBAL,PWRWONKENXX01,S2D2,2031,0.1419
GLOBAL,PWRWONKENXX01,S2D2,2032,0.1419
GLOBAL,PWRWONKENXX01,S2D2,2033,0.1419
GLOBAL,PWRWONKENXX01,S2D2,2034,0.1419
GLOBAL,PWRWONKENXX01,S2D2,2035,0.1419
GLOBAL,PWRWONKENXX01,S2D2,2036,0.1419
GLOBAL,PWRWONKENXX01,S2D2,2037,0.1419
GLOBAL,PWRWONKENXX01,S2D2,2038,0.1419
GLOBAL,PWRWONKENXX01,S2D2,2039,0.1419
GLOBAL,PWRWONKENXX01,S2D2,2040,0.1419
GLOBAL,PWRWONKENXX01,S2D2,2041,0.1419
GLOBAL,PWRWONKENXX01,S2D2,2042,0.1419
GLOBAL,PWRWONKENXX01,S2D2,2043,0.1419
GLOBAL,PWRWONKENXX01,S2D2,2044,0.1419
GLOBAL,PWRWONKENXX01,S2D2,2045,0.1419
GLOBAL,PWRWONKENXX01,S2D2,2046,0.1419
GLOBAL,PWRWONKENXX01,S2D2,2047,0.1419
GLOBAL,PWRWONKENXX01,S2D2,2048,0.1419
GLOBAL,PWRWONKENXX01,S2D2,2049,0.1419
GLOBAL,PWRWONKENXX01,S2D2,2050,0.1419
GLOBAL,PWRWONTZAXX01,S2D2,2021,0.1564
GLOBAL,PWRWONTZAXX01,S2D2,2022,0.1564
GLOBAL,PWRWONTZAXX01,S2D2,2023,0.1564
GLOBAL,PWRWONTZAXX01,S2D2,2024,0.1564
GLOBAL,PWRWONTZAXX01,S2D2,2025,0.1564
GLOBAL,PWRWONTZAXX01,S2D2,2026,0.1564
GLOBAL,PWRWONTZAXX01,S2D2,2027,0.1564
GLOBAL,PWRWONTZAXX01,S2D2,2028,0.1564
GLOBAL,PWRWONTZAXX01,S2D2,2029,0.1564
GLOBAL,PWRWONTZAXX01,S2D2,2030,0.1564
GLOBAL,PWRWONTZAXX01,S2D2,2031,0.1564
GLOBAL,PWRWONTZAXX01,S2D2,2032,0.1564
GLOBAL,PWRWONTZAXX01,S2D2,2033,0.1564
GLOBAL,PWRWONTZAXX01,S2D2,2034,0.1564
GLOBAL,PWRWONTZAXX01,S2D2,2035,0.1564
GLOBAL,PWRWONTZAXX01,S2D2,2036,0.1564
GLOBAL,PWRWONTZAXX01,S2D2,2037,0.1564
GLOBAL,PWRWONTZAXX01,S2D2,2038,0.1564
GLOBAL,PWRWONTZAXX01,S2D2,2039,0.1564
GLOBAL,PWRWONTZAXX01,S2D2,2040,0.1564
GLOBAL,PWRWONTZAXX01,S2D2,2041,0.1564
GLOBAL,PWRWONTZAXX01,S2D2,2042,0.1564
GLOBAL,PWRWONTZAXX01,S2D2,2043,0.1564
GLOBAL,PWRWONTZAXX01,S2D2,2044,0.1564
GLOBAL,PWRWONTZAXX01,S2D2,2045,0.1564
GLOBAL,PWRWONTZAXX01,S2D2,2046,0.1564
GLOBAL,PWRWONTZAXX01,S2D2,2047,0.1564
GLOBAL,PWRWONTZAXX01,S2D2,2048,0.1564
GLOBAL,PWRWONTZAXX01,S2D2,2049,0.1564
GLOBAL,PWRWONTZAXX01,S2D2,2050,0.1564
GLOBAL,PWRWONKENXX01,S2D3,2021,0.2185
GLOBAL,PWRWONKENXX01,S2D3,2022,0.2185
GLOBAL,PWRWONKENXX01,S2D3,2023,0.2185
GLOBAL,PWRWONKENXX01,S2D3,2024,0.2185
GLOBAL,PWRWONKENXX01,S2D3,2025,0.2185
GLOBAL,PWRWONKENXX01,S2D3,2026,0.2185
GLOBAL,PWRWONKENXX01,S2D3,2027,0.2185
GLOBAL,PWRWONKENXX01,S2D3,2028,0.2185
GLOBAL,PWRWONKENXX01,S2D3,2029,0.2185
GLOBAL,PWRWONKENXX01,S2D3,2030,0.2185
GLOBAL,PWRWONKENXX01,S2D3,2031,0.2185
GLOBAL,PWRWONKENXX01,S2D3,2032,0.2185
GLOBAL,PWRWONKENXX01,S2D3,2033,0.2185
GLOBAL,PWRWONKENXX01,S2D3,2034,0.2185
GLOBAL,PWRWONKENXX01,S2D3,2035,0.2185
GLOBAL,PWRWONKENXX01,S2D3,2036,0.2185
GLOBAL,PWRWONKENXX01,S2D3,2037,0.2185
GLOBAL,PWRWONKENXX01,S2D3,2038,0.2185
GLOBAL,PWRWONKENXX01,S2D3,2039,0.2185
GLOBAL,PWRWONKENXX01,S2D3,2040,0.2185
GLOBAL,PWRWONKENXX01,S2D3,2041,0.2185
GLOBAL,PWRWONKENXX01,S2D3,2042,0.2185
GLOBAL,PWRWONKENXX01,S2D3,2043,0.2185
GLOBAL,PWRWONKENXX01,S2D3,2044,0.2185
GLOBAL,PWRWONKENXX01,S2D3,2045,0.2185
GLOBAL,PWRWONKENXX01,S2D3,2046,0.2185
GLOBAL,PWRWONKENXX01,S2D3,2047,0.2185
GLOBAL,PWRWONKENXX01,S2D3,2048,0.2185
GLOBAL,PWRWONKENXX01,S2D3,2049,0.2185
GLOBAL,PWRWONKENXX01,S2D3,2050,0.2185
GLOBAL,PWRWONTZAXX01,S2D3,2021,0.1901
GLOBAL,PWRWONTZAXX01,S2D3,2022,0.1901
GLOBAL,PWRWONTZAXX01,S2D3,2023,0.1901
GLOBAL,PWRWONTZAXX01,S2D3,2024,0.1901
GLOBAL,PWRWONTZAXX01,S2D3,2025,0.1901
GLOBAL,PWRWONTZAXX01,S2D3,2026,0.1901
GLOBAL,PWRWONTZAXX01,S2D3,2027,0.1901
GLOBAL,PWRWONTZAXX01,S2D3,2028,0.1901
GLOBAL,PWRWONTZAXX01,S2D3,2029,0.1901
GLOBAL,PWRWONTZAXX01,S2D3,2030,0.1901
GLOBAL,PWRWONTZAXX01,S2D3,2031,0.1901
GLOBAL,PWRWONTZAXX01,S2D3,2032,0.1901
GLOBAL,PWRWONTZAXX01,S2D3,2033,0.1901
GLOBAL,PWRWONTZAXX01,S2D3,2034,0.1901
GLOBAL,PWRWONTZAXX01,S2D3,2035,0.1901
GLOBAL,PWRWONTZAXX01,S2D3,2036,0.1901
GLOBAL,PWRWONTZAXX01,S2D3,2037,0.1901
GLOBAL,PWRWONTZAXX01,S2D3,2038,0.1901
GLOBAL,PWRWONTZAXX01,S2D3,2039,0.1901
GLOBAL,PWRWONTZAXX01,S2D3,2040,0.1901
GLOBAL,PWRWONTZAXX01,S2D3,2041,0.1901
GLOBAL,PWRWONTZAXX01,S2D3,2042,0.1901
GLOBAL,PWRWONTZAXX01,S2D3,2043,0.1901
GLOBAL,PWRWONTZAXX01,S2D3,2044,0.1901
GLOBAL,PWRWONTZAXX01,S2D3,2045,0.1901
GLOBAL,PWRWONTZAXX01,S2D3,2046,0.1901
GLOBAL,PWRWONTZAXX01,S2D3,2047,0.1901
GLOBAL,PWRWONTZAXX01,S2D3,2048,0.1901
GLOBAL,PWRWONTZAXX01,S2D3,2049,0.1901
GLOBAL,PWRWONTZAXX01,S2D3,2050,0.1901
GLOBAL,PWRWONKENXX01,S3D1,2021,0.2072
GLOBAL,PWRWONKENXX01,S3D1,2022,0.2072
GLOBAL,PWRWONKENXX01,S3D1,2023,0.2072
GLOBAL,PWRWONKENXX01,S3D1,2024,0.2072
GLOBAL,PWRWONKENXX01,S3D1,2025,0.2072
GLOBAL,PWRWONKENXX01,S3D1,2026,0.2072
GLOBAL,PWRWONKENXX01,S3D1,2027,0.2072
GLOBAL,PWRWONKENXX01,S3D1,2028,0.2072
GLOBAL,PWRWONKENXX01,S3D1,2029,0.2072
GLOBAL,PWRWONKENXX01,S3D1,2030,0.2072
GLOBAL,PWRWONKENXX01,S3D1,2031,0.2072
GLOBAL,PWRWONKENXX01,S3D1,2032,0.2072
GLOBAL,PWRWONKENXX01,S3D1,2033,0.2072
GLOBAL,PWRWONKENXX01,S3D1,2034,0.2072
GLOBAL,PWRWONKENXX01,S3D1,2035,0.2072
GLOBAL,PWRWONKENXX01,S3D1,2036,0.2072
GLOBAL,PWRWONKENXX01,S3D1,2037,0.2072
GLOBAL,PWRWONKENXX01,S3D1,2038,0.2072
GLOBAL,PWRWONKENXX01,S3D1,2039,0.2072
GLOBAL,PWRWONKENXX01,S3D1,2040,0.2072
GLOBAL,PWRWONKENXX01,S3D1,2041,0.2072
GLOBAL,PWRWONKENXX01,S3D1,2042,0.2072
GLOBAL,PWRWONKENXX01,S3D1,2043,0.2072
GLOBAL,PWRWONKENXX01,S3D1,2044,0.2072
GLOBAL,PWRWONKENXX01,S3D1,2045,0.2072
GLOBAL,PWRWONKENXX01,S3D1,2046,0.2072
GLOBAL,PWRWONKENXX01,S3D1,2047,0.2072
GLOBAL,PWRWONKENXX01,S3D1,2048,0.2072
GLOBAL,PWRWONKENXX01,S3D1,2049,0.2072
GLOBAL,PWRWONKENXX01,S3D1,2050,0.2072
GLOBAL,PWRWONTZAXX01,S3D1,2021,0.1247
GLOBAL,PWRWONTZAXX01,S3D1,2022,0.1247
GLOBAL,PWRWONTZAXX01,S3D1,2023,0.1247
GLOBAL,PWRWONTZAXX01,S3D1,2024,0.1247
GLOBAL,PWRWONTZAXX01,S3D1,2025,0.1247
GLOBAL,PWRWONTZAXX01,S3D1,2026,0.1247
GLOBAL,PWRWONTZAXX01,S3D1,2027,0.1247
GLOBAL,PWRWONTZAXX01,S3D1,2028,0.1247
GLOBAL,PWRWONTZAXX01,S3D1,2029,0.1247
GLOBAL,PWRWONTZAXX01,S3D1,2030,0.1247
GLOBAL,PWRWONTZAXX01,S3D1,2031,0.1247
GLOBAL,PWRWONTZAXX01,S3D1,2032,0.1247
GLOBAL,PWRWONTZAXX01,S3D1,2033,0.1247
GLOBAL,PWRWONTZAXX01,S3D1,2034,0.1247
GLOBAL,PWRWONTZAXX01,S3D1,2035,0.1247
GLOBAL,PWRWONTZAXX01,S3D1,2036,0.1247
GLOBAL,PWRWONTZAXX01,S3D1,2037,0.1247
GLOBAL,PWRWONTZAXX01,S3D1,2038,0.1247
GLOBAL,PWRWONTZAXX01,S3D1,2039,0.1247
GLOBAL,PWRWONTZAXX01,S3D1,2040,0.1247
GLOBAL,PWRWONTZAXX01,S3D1,2041,0.1247
GLOBAL,PWRWONTZAXX01,S3D1,2042,0.1247
GLOBAL,PWRWONTZAXX01,S3D1,2043,0.1247
GLOBAL,PWRWONTZAXX01,S3D1,2044,0.1247
GLOBAL,PWRWONTZAXX01,S3D1,2045,0.1247
GLOBAL,PWRWONTZAXX01,S3D1,2046,0.1247
GLOBAL,PWRWONTZAXX01,S3D1,2047,0.1247
GLOBAL,PWRWONTZAXX01,S3D1,2048,0.1247
GLOBAL,PWRWONTZAXX01,S3D1,2049,0.1247
GLOBAL,PWRWONTZAXX01,S3D1,2050,0.1247
GLOBAL,PWRWONKENXX01,S3D2,2021,0.214
GLOBAL,PWRWONKENXX01,S3D2,2022,0.214
GLOBAL,PWRWONKENXX01,S3D2,2023,0.214
GLOBAL,PWRWONKENXX01,S3D2,2024,0.214
GLOBAL,PWRWONKENXX01,S3D2,2025,0.214
GLOBAL,PWRWONKENXX01,S3D2,2026,0.214
GLOBAL,PWRWONKENXX01,S3D2,2027,0.214
GLOBAL,PWRWONKENXX01,S3D2,2028,0.214
GLOBAL,PWRWONKENXX01,S3D2,2029,0.214
GLOBAL,PWRWONKENXX01,S3D2,2030,0.214
GLOBAL,PWRWONKENXX01,S3D2,2031,0.214
GLOBAL,PWRWONKENXX01,S3D2,2032,0.214
GLOBAL,PWRWONKENXX01,S3D2,2033,0.214
GLOBAL,PWRWONKENXX01,S3D2,2034,0.214
GLOBAL,PWRWONKENXX01,S3D2,2035,0.214
GLOBAL,PWRWONKENXX01,S3D2,2036,0.214
GLOBAL,PWRWONKENXX01,S3D2,2037,0.214
GLOBAL,PWRWONKENXX01,S3D2,2038,0.214
GLOBAL,PWRWONKENXX01,S3D2,2039,0.214
GLOBAL,PWRWONKENXX01,S3D2,2040,0.214
GLOBAL,PWRWONKENXX01,S3D2,2041,0.214
GLOBAL,PWRWONKENXX01,S3D2,2042,0.214
GLOBAL,PWRWONKENXX01,S3D2,2043,0.214
GLOBAL,PWRWONKENXX01,S3D2,2044,0.214
GLOBAL,PWRWONKENXX01,S3D2,2045,0.214
GLOBAL,PWRWONKENXX01,S3D2,2046,0.214
GLOBAL,PWRWONKENXX01,S3D2,2047,0.214
GLOBAL,PWRWONKENXX01,S3D2,2048,0.214
GLOBAL,PWRWONKENXX01,S3D2,2049,0.214
GLOBAL,PWRWONKENXX01,S3D2,2050,0.214
GLOBAL,PWRWONTZAXX01,S3D2,2021,0.1391
GLOBAL,PWRWONTZAXX01,S3D2,2022,0.1391
GLOBAL,PWRWONTZAXX01,S3D2,2023,0.1391
GLOBAL,PWRWONTZAXX01,S3D2,2024,0.1391
GLOBAL,PWRWONTZAXX01,S3D2,2025,0.1391
GLOBAL,PWRWONTZAXX01,S3D2,2026,0.1391
GLOBAL,PWRWONTZAXX01,S3D2,2027,0.1391
GLOBAL,PWRWONTZAXX01,S3D2,2028,0.1391
GLOBAL,PWRWONTZAXX01,S3D2,2029,0.1391
GLOBAL,PWRWONTZAXX01,S3D2,2030,0.1391
GLOBAL,PWRWONTZAXX01,S3D2,2031,0.1391
GLOBAL,PWRWONTZAXX01,S3D2,2032,0.1391
GLOBAL,PWRWONTZAXX01,S3D2,2033,0.1391
GLOBAL,PWRWONTZAXX01,S3D2,2034,0.1391
GLOBAL,PWRWONTZAXX01,S3D2,2035,0.1391
GLOBAL,PWRWONTZAXX01,S3D2,2036,0.1391
GLOBAL,PWRWONTZAXX01,S3D2,2037,0.1391
GLOBAL,PWRWONTZAXX01,S3D2,2038,0.1391
GLOBAL,PWRWONTZAXX01,S3D2,2039,0.1391
GLOBAL,PWRWONTZAXX01,S3D2,2040,0.1391
GLOBAL,PWRWONTZAXX01,S3D2,2041,0.1391
GLOBAL,PWRWONTZAXX01,S3D2,2042,0.1391
GLOBAL,PWRWONTZAXX01,S3D2,2043,0.1391
GLOBAL,PWRWONTZAXX01,S3D2,2044,0.1391
GLOBAL,PWRWONTZAXX01,S3D2,2045,0.1391
GLOBAL,PWRWONTZAXX01,S3D2,2046,0.1391
GLOBAL,PWRWONTZAXX01,S3D2,2047,0.1391
GLOBAL,PWRWONTZAXX01,S3D2,2048,0.1391
GLOBAL,PWRWONTZAXX01,S3D2,2049,0.1391
GLOBAL,PWRWONTZAXX01,S3D2,2050,0.1391
GLOBAL,PWRWONKENXX01,S3D3,2021,0.2268
GLOBAL,PWRWONKENXX01,S3D3,2022,0.2268
GLOBAL,PWRWONKENXX01,S3D3,2023,0.2268
GLOBAL,PWRWONKENXX01,S3D3,2024,0.2268
GLOBAL,PWRWONKENXX01,S3D3,2025,0.2268
GLOBAL,PWRWONKENXX01,S3D3,2026,0.2268
GLOBAL,PWRWONKENXX01,S3D3,2027,0.2268
GLOBAL,PWRWONKENXX01,S3D3,2028,0.2268
GLOBAL,PWRWONKENXX01,S3D3,2029,0.2268
GLOBAL,PWRWONKENXX01,S3D3,2030,0.2268
GLOBAL,PWRWONKENXX01,S3D3,2031,0.2268
GLOBAL,PWRWONKENXX01,S3D3,2032,0.2268
GLOBAL,PWRWONKENXX01,S3D3,2033,0.2268
GLOBAL,PWRWONKENXX01,S3D3,2034,0.2268
GLOBAL,PWRWONKENXX01,S3D3,2035,0.2268
GLOBAL,PWRWONKENXX01,S3D3,2036,0.2268
GLOBAL,PWRWONKENXX01,S3D3,2037,0.2268
GLOBAL,PWRWONKENXX01,S3D3,2038,0.2268
GLOBAL,PWRWONKENXX01,S3D3,2039,0.2268
GLOBAL,PWRWONKENXX01,S3D3,2040,0.2268
GLOBAL,PWRWONKENXX01,S3D3,2041,0.2268
GLOBAL,PWRWONKENXX01,S3D3,2042,0.2268
GLOBAL,PWRWONKENXX01,S3D3,2043,0.2268
GLOBAL,PWRWONKENXX01,S3D3,2044,0.2268
GLOBAL,PWRWONKENXX01,S3D3,2045,0.2268
GLOBAL,PWRWONKENXX01,S3D3,2046,0.2268
GLOBAL,PWRWONKENXX01,S3D3,2047,0.2268
GLOBAL,PWRWONKENXX01,S3D3,2048,0.2268
GLOBAL,PWRWONKENXX01,S3D3,2049,0.2268
GLOBAL,PWRWONKENXX01,S3D3,2050,0.2268
GLOBAL,PWRWONTZAXX01,S3D3,2021,0.1314
GLOBAL,PWRWONTZAXX01,S3D3,2022,0.1314
GLOBAL,PWRWONTZAXX01,S3D3,2023,0.1314
GLOBAL,PWRWONTZAXX01,S3D3,2024,0.1314
GLOBAL,PWRWONTZAXX01,S3D3,2025,0.1314
GLOBAL,PWRWONTZAXX01,S3D3,2026,0.1314
GLOBAL,PWRWONTZAXX01,S3D3,2027,0.1314
GLOBAL,PWRWONTZAXX01,S3D3,2028,0.1314
GLOBAL,PWRWONTZAXX01,S3D3,2029,0.1314
GLOBAL,PWRWONTZAXX01,S3D3,2030,0.1314
GLOBAL,PWRWONTZAXX01,S3D3,2031,0.1314
GLOBAL,PWRWONTZAXX01,S3D3,2032,0.1314
GLOBAL,PWRWONTZAXX01,S3D3,2033,0.1314
GLOBAL,PWRWONTZAXX01,S3D3,2034,0.1314
GLOBAL,PWRWONTZAXX01,S3D3,2035,0.1314
GLOBAL,PWRWONTZAXX01,S3D3,2036,0.1314
GLOBAL,PWRWONTZAXX01,S3D3,2037,0.1314
GLOBAL,PWRWONTZAXX01,S3D3,2038,0.1314
GLOBAL,PWRWONTZAXX01,S3D3,2039,0.1314
GLOBAL,PWRWONTZAXX01,S3D3,2040,0.1314
GLOBAL,PWRWONTZAXX01,S3D3,2041,0.1314
GLOBAL,PWRWONTZAXX01,S3D3,2042,0.1314
GLOBAL,PWRWONTZAXX01,S3D3,2043,0.1314
GLOBAL,PWRWONTZAXX01,S3D3,2044,0.1314
GLOBAL,PWRWONTZAXX01,S3D3,2045,0.1314
GLOBAL,PWRWONTZAXX01,S3D3,2046,0.1314
GLOBAL,PWRWONTZAXX01,S3D3,2047,0.1314
GLOBAL,PWRWONTZAXX01,S3D3,2048,0.1314
GLOBAL,PWRWONTZAXX01,S3D3,2049,0.1314
GLOBAL,PWRWONTZAXX01,S3D3,2050,0.1314
GLOBAL,PWRWOFKENXX01,S1D1,2021,0.1353
GLOBAL,PWRWOFKENXX01,S1D1,2022,0.1353
GLOBAL,PWRWOFKENXX01,S1D1,2023,0.1353
GLOBAL,PWRWOFKENXX01,S1D1,2024,0.1353
GLOBAL,PWRWOFKENXX01,S1D1,2025,0.1353
GLOBAL,PWRWOFKENXX01,S1D1,2026,0.1353
GLOBAL,PWRWOFKENXX01,S1D1,2027,0.1353
GLOBAL,PWRWOFKENXX01,S1D1,2028,0.1353
GLOBAL,PWRWOFKENXX01,S1D1,2029,0.1353
GLOBAL,PWRWOFKENXX01,S1D1,2030,0.1353
GLOBAL,PWRWOFKENXX01,S1D1,2031,0.1353
GLOBAL,PWRWOFKENXX01,S1D1,2032,0.1353
GLOBAL,PWRWOFKENXX01,S1D1,2033,0.1353
GLOBAL,PWRWOFKENXX01,S1D1,2034,0.1353
GLOBAL,PWRWOFKENXX01,S1D1,2035,0.1353
GLOBAL,PWRWOFKENXX01,S1D1,2036,0.1353
GLOBAL,PWRWOFKENXX01,S1D1,2037,0.1353
GLOBAL,PWRWOFKENXX01,S1D1,2038,0.1353
GLOBAL,PWRWOFKENXX01,S1D1,2039,0.1353
GLOBAL,PWRWOFKENXX01,S1D1,2040,0.1353
GLOBAL,PWRWOFKENXX01,S1D1,2041,0.1353
GLOBAL,PWRWOFKENXX01,S1D1,2042,0.1353
GLOBAL,PWRWOFKENXX01,S1D1,2043,0.1353
GLOBAL,PWRWOFKENXX01,S1D1,2044,0.1353
GLOBAL,PWRWOFKENXX01,S1D1,2045,0.1353
GLOBAL,PWRWOFKENXX01,S1D1,2046,0.1353
GLOBAL,PWRWOFKENXX01,S1D1,2047,0.1353
GLOBAL,PWRWOFKENXX01,S1D1,2048,0.1353
GLOBAL,PWRWOFKENXX01,S1D1,2049,0.1353
GLOBAL,PWRWOFKENXX01,S1D1,2050,0.1353
GLOBAL,PWRWOFTZAXX01,S1D1,2021,0.1752
GLOBAL,PWRWOFTZAXX01,S1D1,2022,0.1752
GLOBAL,PWRWOFTZAXX01,S1D1,2023,0.1752
GLOBAL,PWRWOFTZAXX01,S1D1,2024,0.1752
GLOBAL,PWRWOFTZAXX01,S1D1,2025,0.1752
GLOBAL,PWRWOFTZAXX01,S1D1,2026,0.1752
GLOBAL,PWRWOFTZAXX01,S1D1,2027,0.1752
GLOBAL,PWRWOFTZAXX01,S1D1,2028,0.1752
GLOBAL,PWRWOFTZAXX01,S1D1,2029,0.1752
GLOBAL,PWRWOFTZAXX01,S1D1,2030,0.1752
GLOBAL,PWRWOFTZAXX01,S1D1,2031,0.1752
GLOBAL,PWRWOFTZAXX01,S1D1,2032,0.1752
GLOBAL,PWRWOFTZAXX01,S1D1,2033,0.1752
GLOBAL,PWRWOFTZAXX01,S1D1,2034,0.1752
GLOBAL,PWRWOFTZAXX01,S1D1,2035,0.1752
GLOBAL,PWRWOFTZAXX01,S1D1,2036,0.1752
GLOBAL,PWRWOFTZAXX01,S1D1,2037,0.1752
GLOBAL,PWRWOFTZAXX01,S1D1,2038,0.1752
GLOBAL,PWRWOFTZAXX01,S1D1,2039,0.1752
GLOBAL,PWRWOFTZAXX01,S1D1,2040,0.1752
GLOBAL,PWRWOFTZAXX01,S1D1,2041,0.1752
GLOBAL,PWRWOFTZAXX01,S1D1,2042,0.1752
GLOBAL,PWRWOFTZAXX01,S1D1,2043,0.1752
GLOBAL,PWRWOFTZAXX01,S1D1,2044,0.1752
GLOBAL,PWRWOFTZAXX01,S1D1,2045,0.1752
GLOBAL,PWRWOFTZAXX01,S1D1,2046,0.1752
GLOBAL,PWRWOFTZAXX01,S1D1,2047,0.1752
GLOBAL,PWRWOFTZAXX01,S1D1,2048,0.1752
GLOBAL,PWRWOFTZAXX01,S1D1,2049,0.1752
GLOBAL,PWRWOFTZAXX01,S1D1,2050,0.1752
GLOBAL,PWRWOFKENXX01,S1D2,2021,0.2541
GLOBAL,PWRWOFKENXX01,S1D2,2022,0.2541
GLOBAL,PWRWOFKENXX01,S1D2,2023,0.2541
GLOBAL,PWRWOFKENXX01,S1D2,2024,0.2541
GLOBAL,PWRWOFKENXX01,S1D2,2025,0.2541
GLOBAL,PWRWOFKENXX01,S1D2,2026,0.2541
GLOBAL,PWRWOFKENXX01,S1D2,2027,0.2541
GLOBAL,PWRWOFKENXX01,S1D2,2028,0.2541
GLOBAL,PWRWOFKENXX01,S1D2,2029,0.2541
GLOBAL,PWRWOFKENXX01,S1D2,2030,0.2541
GLOBAL,PWRWOFKENXX01,S1D2,2031,0.2541
GLOBAL,PWRWOFKENXX01,S1D2,2032,0.2541
GLOBAL,PWRWOFKENXX01,S1D2,2033,0.2541
GLOBAL,PWRWOFKENXX01,S1D2,2034,0.2541
GLOBAL,PWRWOFKENXX01,S1D2,2035,0.2541
GLOBAL,PWRWOFKENXX01,S1D2,2036,0.2541
GLOBAL,PWRWOFKENXX01,S1D2,2037,0.2541
GLOBAL,PWRWOFKENXX01,S1D2,2038,0.2541
GLOBAL,PWRWOFKENXX01,S1D2,2039,0.2541
GLOBAL,PWRWOFKENXX01,S1D2,2040,0.2541
GLOBAL,PWRWOFKENXX01,S1D2,2041,0.2541
GLOBAL,PWRWOFKENXX01,S1D2,2042,0.2541
GLOBAL,PWRWOFKENXX01,S1D2,2043,0.2541
GLOBAL,PWRWOFKENXX01,S1D2,2044,0.2541
GLOBAL,PWRWOFKENXX01,S1D2,2045,0.2541
GLOBAL,PWRWOFKENXX01,S1D2,2046,0.2541
GLOBAL,PWRWOFKENXX01,S1D2,2047,0.2541
GLOBAL,PWRWOFKENXX01,S1D2,2048,0.2541
GLOBAL,PWRWOFKENXX01,S1D2,2049,0.2541
GLOBAL,PWRWOFKENXX01,S1D2,2050,0.2541
GLOBAL,PWRWOFTZAXX01,S1D2,2021,0.1883
GLOBAL,PWRWOFTZAXX01,S1D2,2022,0.1883
GLOBAL,PWRWOFTZAXX01,S1D2,2023,0.1883
GLOBAL,PWRWOFTZAXX01,S1D2,2024,0.1883
GLOBAL,PWRWOFTZAXX01,S1D2,2025,0.1883
GLOBAL,PWRWOFTZAXX01,S1D2,2026,0.1883
GLOBAL,PWRWOFTZAXX01,S1D2,2027,0.1883
GLOBAL,PWRWOFTZAXX01,S1D2,2028,0.1883
GLOBAL,PWRWOFTZAXX01,S1D2,2029,0.1883
GLOBAL,PWRWOFTZAXX01,S1D2,2030,0.1883
GLOBAL,PWRWOFTZAXX01,S1D2,2031,0.1883
GLOBAL,PWRWOFTZAXX01,S1D2,2032,0.1883
GLOBAL,PWRWOFTZAXX01,S1D2,2033,0.1883
GLOBAL,PWRWOFTZAXX01,S1D2,2034,0.1883
GLOBAL,PWRWOFTZAXX01,S1D2,2035,0.1883
GLOBAL,PWRWOFTZAXX01,S1D2,2036,0.1883
GLOBAL,PWRWOFTZAXX01,S1D2,2037,0.1883
GLOBAL,PWRWOFTZAXX01,S1D2,2038,0.1883
GLOBAL,PWRWOFTZAXX01,S1D2,2039,0.1883
GLOBAL,PWRWOFTZAXX01,S1D2,2040,0.1883
GLOBAL,PWRWOFTZAXX01,S1D2,2041,0.1883
GLOBAL,PWRWOFTZAXX01,S1D2,2042,0.1883
GLOBAL,PWRWOFTZAXX01,S1D2,2043,0.1883
GLOBAL,PWRWOFTZAXX01,S1D2,2044,0.1883
GLOBAL,PWRWOFTZAXX01,S1D2,2045,0.1883
GLOBAL,PWRWOFTZAXX01,S1D2,2046,0.1883
GLOBAL,PWRWOFTZAXX01,S1D2,2047,0.1883
GLOBAL,PWRWOFTZAXX01,S1D2,2048,0.1883
GLOBAL,PWRWOFTZAXX01,S1D2,2049,0.1883
GLOBAL,PWRWOFTZAXX01,S1D2,2050,0.1883
GLOBAL,PWRWOFKENXX01,S1D3,2021,0.2562
GLOBAL,PWRWOFKENXX01,S1D3,2022,0.2562
GLOBAL,PWRWOFKENXX01,S1D3,2023,0.2562
GLOBAL,PWRWOFKENXX01,S1D3,2024,0.2562
GLOBAL,PWRWOFKENXX01,S1D3,2025,0.2562
GLOBAL,PWRWOFKENXX01,S1D3,2026,0.2562
GLOBAL,PWRWOFKENXX01,S1D3,2027,0.2562
GLOBAL,PWRWOFKENXX01,S1D3,2028,0.2562
GLOBAL,PWRWOFKENXX01,S1D3,2029,0.2562
GLOBAL,PWRWOFKENXX01,S1D3,2030,0.2562
GLOBAL,PWRWOFKENXX01,S1D3,2031,0.2562
GLOBAL,PWRWOFKENXX01,S1D3,2032,0.2562
GLOBAL,PWRWOFKENXX01,S1D3,2033,0.2562
GLOBAL,PWRWOFKENXX01,S1D3,2034,0.2562
GLOBAL,PWRWOFKENXX01,S1D3,2035,0.2562
GLOBAL,PWRWOFKENXX01,S1D3,2036,0.2562
GLOBAL,PWRWOFKENXX01,S1D3,2037,0.2562
GLOBAL,PWRWOFKENXX01,S1D3,2038,0.2562
GLOBAL,PWRWOFKENXX01,S1D3,2039,0.2562
GLOBAL,PWRWOFKENXX01,S1D3,2040,0.2562
GLOBAL,PWRWOFKENXX01,S1D3,2041,0.2562
GLOBAL,PWRWOFKENXX01,S1D3,2042,0.2562
GLOBAL,PWRWOFKENXX01,S1D3,2043,0.2562
GLOBAL,PWRWOFKENXX01,S1D3,2044,0.2562
GLOBAL,PWRWOFKENXX01,S1D3,2045,0.2562
GLOBAL,PWRWOFKENXX01,S1D3,2046,0.2562
GLOBAL,PWRWOFKENXX01,S1D3,2047,0.2562
GLOBAL,PWRWOFKENXX01,S1D3,2048,0.2562
GLOBAL,PWRWOFKENXX01,S1D3,2049,0.2562
GLOBAL,PWRWOFKENXX01,S1D3,2050,0.2562
GLOBAL,PWRWOFTZAXX01,S1D3,2021,0.2141
GLOBAL,PWRWOFTZAXX01,S1D3,2022,0.2141
GLOBAL,PWRWOFTZAXX01,S1D3,2023,0.2141
GLOBAL,PWRWOFTZAXX01,S1D3,2024,0.2141
GLOBAL,PWRWOFTZAXX01,S1D3,2025,0.2141
GLOBAL,PWRWOFTZAXX01,S1D3,2026,0.2141
GLOBAL,PWRWOFTZAXX01,S1D3,2027,0.2141
GLOBAL,PWRWOFTZAXX01,S1D3,2028,0.2141
GLOBAL,PWRWOFTZAXX01,S1D3,2029,0.2141
GLOBAL,PWRWOFTZAXX01,S1D3,2030,0.2141
GLOBAL,PWRWOFTZAXX01,S1D3,2031,0.2141
GLOBAL,PWRWOFTZAXX01,S1D3,2032,0.2141
GLOBAL,PWRWOFTZAXX01,S1D3,2033,0.2141
GLOBAL,PWRWOFTZAXX01,S1D3,2034,0.2141
GLOBAL,PWRWOFTZAXX01,S1D3,2035,0.2141
GLOBAL,PWRWOFTZAXX01,S1D3,2036,0.2141
GLOBAL,PWRWOFTZAXX01,S1D3,2037,0.2141
GLOBAL,PWRWOFTZAXX01,S1D3,2038,0.2141
GLOBAL,PWRWOFTZAXX01,S1D3,2039,0.2141
GLOBAL,PWRWOFTZAXX01,S1D3,2040,0.2141
GLOBAL,PWRWOFTZAXX01,S1D3,2041,0.2141
GLOBAL,PWRWOFTZAXX01,S1D3,2042,0.2141
GLOBAL,PWRWOFTZAXX01,S1D3,2043,0.2141
GLOBAL,PWRWOFTZAXX01,S1D3,2044,0.2141
GLOBAL,PWRWOFTZAXX01,S1D3,2045,0.2141
GLOBAL,PWRWOFTZAXX01,S1D3,2046,0.2141
GLOBAL,PWRWOFTZAXX01,S1D3,2047,0.2141
GLOBAL,PWRWOFTZAXX01,S1D3,2048,0.2141
GLOBAL,PWRWOFTZAXX01,S1D3,2049,0.2141
GLOBAL,PWRWOFTZAXX01,S1D3,2050,0.2141
GLOBAL,PWRWOFKENXX01,S2D1,2021,0.4075
GLOBAL,PWRWOFKENXX01,S2D1,2022,0.4075
GLOBAL,PWRWOFKENXX01,S2D1,2023,0.4075
GLOBAL,PWRWOFKENXX01,S2D1,2024,0.4075
GLOBAL,PWRWOFKENXX01,S2D1,2025,0.4075
GLOBAL,PWRWOFKENXX01,S2D1,2026,0.4075
GLOBAL,PWRWOFKENXX01,S2D1,2027,0.4075
GLOBAL,PWRWOFKENXX01,S2D1,2028,0.4075
GLOBAL,PWRWOFKENXX01,S2D1,2029,0.4075
GLOBAL,PWRWOFKENXX01,S2D1,2030,0.4075
GLOBAL,PWRWOFKENXX01,S2D1,2031,0.4075
GLOBAL,PWRWOFKENXX01,S2D1,2032,0.4075
GLOBAL,PWRWOFKENXX01,S2D1,2033,0.4075
GLOBAL,PWRWOFKENXX01,S2D1,2034,0.4075
GLOBAL,PWRWOFKENXX01,S2D1,2035,0.4075
GLOBAL,PWRWOFKENXX01,S2D1,2036,0.4075
GLOBAL,PWRWOFKENXX01,S2D1,2037,0.4075
GLOBAL,PWRWOFKENXX01,S2D1,2038,0.4075
GLOBAL,PWRWOFKENXX01,S2D1,2039,0.4075
GLOBAL,PWRWOFKENXX01,S2D1,2040,0.4075
GLOBAL,PWRWOFKENXX01,S2D1,2041,0.4075
GLOBAL,PWRWOFKENXX01,S2D1,2042,0.4075
GLOBAL,PWRWOFKENXX01,S2D1,2043,0.4075
GLOBAL,PWRWOFKENXX01,S2D1,2044,0.4075
GLOBAL,PWRWOFKENXX01,S2D1,2045,0.4075
GLOBAL,PWRWOFKENXX01,S2D1,2046,0.4075
GLOBAL,PWRWOFKENXX01,S2D1,2047,0.4075
GLOBAL,PWRWOFKENXX01,S2D1,2048,0.4075
GLOBAL,PWRWOFKENXX01,S2D1,2049,0.4075
GLOBAL,PWRWOFKENXX01,S2D1,2050,0.4075
GLOBAL,PWRWOFTZAXX01,S2D1,2021,0.2914
GLOBAL,PWRWOFTZAXX01,S2D1,2022,0.2914
GLOBAL,PWRWOFTZAXX01,S2D1,2023,0.2914
GLOBAL,PWRWOFTZAXX01,S2D1,2024,0.2914
GLOBAL,PWRWOFTZAXX01,S2D1,2025,0.2914
GLOBAL,PWRWOFTZAXX01,S2D1,2026,0.2914
GLOBAL,PWRWOFTZAXX01,S2D1,2027,0.2914
GLOBAL,PWRWOFTZAXX01,S2D1,2028,0.2914
GLOBAL,PWRWOFTZAXX01,S2D1,2029,0.2914
GLOBAL,PWRWOFTZAXX01,S2D1,2030,0.2914
GLOBAL,PWRWOFTZAXX01,S2D1,2031,0.2914
GLOBAL,PWRWOFTZAXX01,S2D1,2032,0.2914
GLOBAL,PWRWOFTZAXX01,S2D1,2033,0.2914
GLOBAL,PWRWOFTZAXX01,S2D1,2034,0.2914
GLOBAL,PWRWOFTZAXX01,S2D1,2035,0.2914
GLOBAL,PWRWOFTZAXX01,S2D1,2036,0.2914
GLOBAL,PWRWOFTZAXX01,S2D1,2037,0.2914
GLOBAL,PWRWOFTZAXX01,S2D1,2038,0.2914
GLOBAL,PWRWOFTZAXX01,S2D1,2039,0.2914
GLOBAL,PWRWOFTZAXX01,S2D1,2040,0.2914
GLOBAL,PWRWOFTZAXX01,S2D1,2041,0.2914
GLOBAL,PWRWOFTZAXX01,S2D1,2042,0.2914
GLOBAL,PWRWOFTZAXX01,S2D1,2043,0.2914
GLOBAL,PWRWOFTZAXX01,S2D1,2044,0.2914
GLOBAL,PWRWOFTZAXX01,S2D1,2045,0.2914
GLOBAL,PWRWOFTZAXX01,S2D1,2046,0.2914
GLOBAL,PWRWOFTZAXX01,S2D1,2047,0.2914
GLOBAL,PWRWOFTZAXX01,S2D1,2048,0.2914
GLOBAL,PWRWOFTZAXX01,S2D1,2049,0.2914
GLOBAL,PWRWOFTZAXX01,S2D1,2050,0.2914
GLOBAL,PWRWOFKENXX01,S2D2,2021,0.4601
GLOBAL,PWRWOFKENXX01,S2D2,2022,0.4601
GLOBAL,PWRWOFKENXX01,S2D2,2023,0.4601
GLOBAL,PWRWOFKENXX01,S2D2,2024,0.4601
GLOBAL,PWRWOFKENXX01,S2D2,2025,0.4601
GLOBAL,PWRWOFKENXX01,S2D2,2026,0.4601
GLOBAL,PWRWOFKENXX01,S2D2,2027,0.4601
GLOBAL,PWRWOFKENXX01,S2D2,2028,0.4601
GLOBAL,PWRWOFKENXX01,S2D2,2029,0.4601
GLOBAL,PWRWOFKENXX01,S2D2,2030,0.4601
GLOBAL,PWRWOFKENXX01,S2D2,2031,0.4601
GLOBAL,PWRWOFKENXX01,S2D2,2032,0.4601
GLOBAL,PWRWOFKENXX01,S2D2,2033,0.4601
GLOBAL,PWRWOFKENXX01,S2D2,2034,0.4601
GLOBAL,PWRWOFKENXX01,S2D2,2035,0.4601
GLOBAL,PWRWOFKENXX01,S2D2,2036,0.4601
GLOBAL,PWRWOFKENXX01,S2D2,2037,0.4601
GLOBAL,PWRWOFKENXX01,S2D2,2038,0.4601
GLOBAL,PWRWOFKENXX01,S2D2,2039,0.4601
GLOBAL,PWRWOFKENXX01,S2D2,2040,0.4601
GLOBAL,PWRWOFKENXX01,S2D2,2041,0.4601
GLOBAL,PWRWOFKENXX01,S2D2,2042,0.4601
GLOBAL,PWRWOFKENXX01,S2D2,2043,0.4601
GLOBAL,PWRWOFKENXX01,S2D2,2044,0.4601
GLOBAL,PWRWOFKENXX01,S2D2,2045,0.4601
GLOBAL,PWRWOFKENXX01,S2D2,2046,0.4601
GLOBAL,PWRWOFKENXX01,S2D2,2047,0.4601
GLOBAL,PWRWOFKENXX01,S2D2,2048,0.4601
GLOBAL,PWRWOFKENXX01,S2D2,2049,0.4601
GLOBAL,PWRWOFKENXX01,S2D2,2050,0.4601
GLOBAL,PWRWOFTZAXX01,S2D2,2021,0.3206
GLOBAL,PWRWOFTZAXX01,S2D2,2022,0.3206
GLOBAL,PWRWOFTZAXX01,S2D2,2023,0.3206
GLOBAL,PWRWOFTZAXX01,S2D2,2024,0.3206
GLOBAL,PWRWOFTZAXX01,S2D2,2025,0.3206
GLOBAL,PWRWOFTZAXX01,S2D2,2026,0.3206
GLOBAL,PWRWOFTZAXX01,S2D2,2027,0.3206
GLOBAL,PWRWOFTZAXX01,S2D2,2028,0.3206
GLOBAL,PWRWOFTZAXX01,S2D2,2029,0.3206
GLOBAL,PWRWOFTZAXX01,S2D2,2030,0.3206
GLOBAL,PWRWOFTZAXX01,S2D2,2031,0.3206
GLOBAL,PWRWOFTZAXX01,S2D2,2032,0.3206
GLOBAL,PWRWOFTZAXX01,S2D2,2033,0.3206
GLOBAL,PWRWOFTZAXX01,S2D2,2034,0.3206
GLOBAL,PWRWOFTZAXX01,S2D2,2035,0.3206
GLOBAL,PWRWOFTZAXX01,S2D2,2036,0.3206
GLOBAL,PWRWOFTZAXX01,S2D2,2037,0.3206
GLOBAL,PWRWOFTZAXX01,S2D2,2038,0.3206
GLOBAL,PWRWOFTZAXX01,S2D2,2039,0.3206
GLOBAL,PWRWOFTZAXX01,S2D2,2040,0.3206
GLOBAL,PWRWOFTZAXX01,S2D2,2041,0.3206
GLOBAL,PWRWOFTZAXX01,S2D2,2042,0.3206
GLOBAL,PWRWOFTZAXX01,S2D2,2043,0.3206
GLOBAL,PWRWOFTZAXX01,S2D2,2044,0.3206
GLOBAL,PWRWOFTZAXX01,S2D2,2045,0.3206
GLOBAL,PWRWOFTZAXX01,S2D2,2046,0.3206
GLOBAL,PWRWOFTZAXX01,S2D2,2047,0.3206
GLOBAL,PWRWOFTZAXX01,S2D2,2048,0.3206
GLOBAL,PWRWOFTZAXX01,S2D2,2049,0.3206
GLOBAL,PWRWOFTZAXX01,S2D2,2050,0.3206
GLOBAL,PWRWOFKENXX01,S2D3,2021,0.4207
GLOBAL,PWRWOFKENXX01,S2D3,2022,0.4207
GLOBAL,PWRWOFKENXX01,S2D3,2023,0.4207
GLOBAL,PWRWOFKENXX01,S2D3,2024,0.4207
GLOBAL,PWRWOFKENXX01,S2D3,2025,0.4207
GLOBAL,PWRWOFKENXX01,S2D3,2026,0.4207
GLOBAL,PWRWOFKENXX01,S2D3,2027,0.4207
GLOBAL,PWRWOFKENXX01,S2D3,2028,0.4207
GLOBAL,PWRWOFKENXX01,S2D3,2029,0.4207
GLOBAL,PWRWOFKENXX01,S2D3,2030,0.4207
GLOBAL,PWRWOFKENXX01,S2D3,2031,0.4207
GLOBAL,PWRWOFKENXX01,S2D3,2032,0.4207
GLOBAL,PWRWOFKENXX01,S2D3,2033,0.4207
GLOBAL,PWRWOFKENXX01,S2D3,2034,0.4207
GLOBAL,PWRWOFKENXX01,S2D3,2035,0.4207
GLOBAL,PWRWOFKENXX01,S2D3,2036,0.4207
GLOBAL,PWRWOFKENXX01,S2D3,2037,0.4207
GLOBAL,PWRWOFKENXX01,S2D3,2038,0.4207
GLOBAL,PWRWOFKENXX01,S2D3,2039,0.4207
GLOBAL,PWRWOFKENXX01,S2D3,2040,0.4207
GLOBAL,PWRWOFKENXX01,S2D3,2041,0.4207
GLOBAL,PWRWOFKENXX01,S2D3,2042,0.4207
GLOBAL,PWRWOFKENXX01,S2D3,2043,0.4207
GLOBAL,PWRWOFKENXX01,S2D3,2044,0.4207
GLOBAL,PWRWOFKENXX01,S2D3,2045,0.4207
GLOBAL,PWRWOFKENXX01,S2D3,2046,0.4207
GLOBAL,PWRWOFKENXX01,S2D3,2047,0.4207
GLOBAL,PWRWOFKENXX01,S2D3,2048,0.4207
GLOBAL,PWRWOFKENXX01,S2D3,2049,0.4207
GLOBAL,PWRWOFKENXX01,S2D3,2050,0.4207
GLOBAL,PWRWOFTZAXX01,S2D3,2021,0.3486
GLOBAL,PWRWOFTZAXX01,S2D3,2022,0.3486
GLOBAL,PWRWOFTZAXX01,S2D3,2023,0.3486
GLOBAL,PWRWOFTZAXX01,S2D3,2024,0.3486
GLOBAL,PWRWOFTZAXX01,S2D3,2025,0.3486
GLOBAL,PWRWOFTZAXX01,S2D3,2026,0.3486
GLOBAL,PWRWOFTZAXX01,S2D3,2027,0.3486
GLOBAL,PWRWOFTZAXX01,S2D3,2028,0.3486
GLOBAL,PWRWOFTZAXX01,S2D3,2029,0.3486
GLOBAL,PWRWOFTZAXX01,S2D3,2030,0.3486
GLOBAL,PWRWOFTZAXX01,S2D3,2031,0.3486
GLOBAL,PWRWOFTZAXX01,S2D3,2032,0.3486
GLOBAL,PWRWOFTZAXX01,S2D3,2033,0.3486
GLOBAL,PWRWOFTZAXX01,S2D3,2034,0.3486
GLOBAL,PWRWOFTZAXX01,S2D3,2035,0.3486
GLOBAL,PWRWOFTZAXX01,S2D3,2036,0.3486
GLOBAL,PWRWOFTZAXX01,S2D3,2037,0.3486
GLOBAL,PWRWOFTZAXX01,S2D3,2038,0.3486
GLOBAL,PWRWOFTZAXX01,S2D3,2039,0.3486
GLOBAL,PWRWOFTZAXX01,S2D3,2040,0.3486
GLOBAL,PWRWOFTZAXX01,S2D3,2041,0.3486
GLOBAL,PWRWOFTZAXX01,S2D3,2042,0.3486
GLOBAL,PWRWOFTZAXX01,S2D3,2043,0.3486
GLOBAL,PWRWOFTZAXX01,S2D3,2044,0.3486
GLOBAL,PWRWOFTZAXX01,S2D3,2045,0.3486
GLOBAL,PWRWOFTZAXX01,S2D3,2046,0.3486
GLOBAL,PWRWOFTZAXX01,S2D3,2047,0.3486
GLOBAL,PWRWOFTZAXX01,S2D3,2048,0.3486
GLOBAL,PWRWOFTZAXX01,S2D3,2049,0.3486
GLOBAL,PWRWOFTZAXX01,S2D3,2050,0.3486
GLOBAL,PWRWOFKENXX01,S3D1,2021,0.1853
GLOBAL,PWRWOFKENXX01,S3D1,2022,0.1853
GLOBAL,PWRWOFKENXX01,S3D1,2023,0.1853
GLOBAL,PWRWOFKENXX01,S3D1,2024,0.1853
GLOBAL,PWRWOFKENXX01,S3D1,2025,0.1853
GLOBAL,PWRWOFKENXX01,S3D1,2026,0.1853
GLOBAL,PWRWOFKENXX01,S3D1,2027,0.1853
GLOBAL,PWRWOFKENXX01,S3D1,2028,0.1853
GLOBAL,PWRWOFKENXX01,S3D1,2029,0.1853
GLOBAL,PWRWOFKENXX01,S3D1,2030,0.1853
GLOBAL,PWRWOFKENXX01,S3D1,2031,0.1853
GLOBAL,PWRWOFKENXX01,S3D1,2032,0.1853
GLOBAL,PWRWOFKENXX01,S3D1,2033,0.1853
GLOBAL,PWRWOFKENXX01,S3D1,2034,0.1853
GLOBAL,PWRWOFKENXX01,S3D1,2035,0.1853
GLOBAL,PWRWOFKENXX01,S3D1,2036,0.1853
GLOBAL,PWRWOFKENXX01,S3D1,2037,0.1853
GLOBAL,PWRWOFKENXX01,S3D1,2038,0.1853
GLOBAL,PWRWOFKENXX01,S3D1,2039,0.1853
GLOBAL,PWRWOFKENXX01,S3D1,2040,0.1853
GLOBAL,PWRWOFKENXX01,S3D1,2041,0.1853
GLOBAL,PWRWOFKENXX01,S3D1,2042,0.1853
GLOBAL,PWRWOFKENXX01,S3D1,2043,0.1853
GLOBAL,PWRWOFKENXX01,S3D1,2044,0.1853
GLOBAL,PWRWOFKENXX01,S3D1,2045,0.1853
GLOBAL,PWRWOFKENXX01,S3D1,2046,0.1853
GLOBAL,PWRWOFKENXX01,S3D1,2047,0.1853
GLOBAL,PWRWOFKENXX01,S3D1,2048,0.1853
GLOBAL,PWRWOFKENXX01,S3D1,2049,0.1853
GLOBAL,PWRWOFKENXX01,S3D1,2050,0.1853
GLOBAL,PWRWOFTZAXX01,S3D1,2021,0.1402
GLOBAL,PWRWOFTZAXX01,S3D1,2022,0.1402
GLOBAL,PWRWOFTZAXX01,S3D1,2023,0.1402
GLOBAL,PWRWOFTZAXX01,S3D1,2024,0.1402
GLOBAL,PWRWOFTZAXX01,S3D1,2025,0.1402
GLOBAL,PWRWOFTZAXX01,S3D1,2026,0.1402
GLOBAL,PWRWOFTZAXX01,S3D1,2027,0.1402
GLOBAL,PWRWOFTZAXX01,S3D1,2028,0.1402
GLOBAL,PWRWOFTZAXX01,S3D1,2029,0.1402
GLOBAL,PWRWOFTZAXX01,S3D1,2030,0.1402
GLOBAL,PWRWOFTZAXX01,S3D1,2031,0.1402
GLOBAL,PWRWOFTZAXX01,S3D1,2032,0.1402
GLOBAL,PWRWOFTZAXX01,S3D1,2033,0.1402
GLOBAL,PWRWOFTZAXX01,S3D1,2034,0.1402
GLOBAL,PWRWOFTZAXX01,S3D1,2035,0.1402
GLOBAL,PWRWOFTZAXX01,S3D1,2036,0.1402
GLOBAL,PWRWOFTZAXX01,S3D1,2037,0.1402
GLOBAL,PWRWOFTZAXX01,S3D1,2038,0.1402
GLOBAL,PWRWOFTZAXX01,S3D1,2039,0.1402
GLOBAL,PWRWOFTZAXX01,S3D1,2040,0.1402
GLOBAL,PWRWOFTZAXX01,S3D1,2041,0.1402
GLOBAL,PWRWOFTZAXX01,S3D1,2042,0.1402
GLOBAL,PWRWOFTZAXX01,S3D1,2043,0.1402
GLOBAL,PWRWOFTZAXX01,S3D1,2044,0.1402
GLOBAL,PWRWOFTZAXX01,S3D1,2045,0.1402
GLOBAL,PWRWOFTZAXX01,S3D1,2046,0.1402
GLOBAL,PWRWOFTZAXX01,S3D1,2047,0.1402
GLOBAL,PWRWOFTZAXX01,S3D1,2048,0.1402
GLOBAL,PWRWOFTZAXX01,S3D1,2049,0.1402
GLOBAL,PWRWOFTZAXX01,S3D1,2050,0.1402
GLOBAL,PWRWOFKENXX01,S3D2,2021,0.2684
GLOBAL,PWRWOFKENXX01,S3D2,2022,0.2684
GLOBAL,PWRWOFKENXX01,S3D2,2023,0.2684
GLOBAL,PWRWOFKENXX01,S3D2,2024,0.2684
GLOBAL,PWRWOFKENXX01,S3D2,2025,0.2684
GLOBAL,PWRWOFKENXX01,S3D2,2026,0.2684
GLOBAL,PWRWOFKENXX01,S3D2,2027,0.2684
GLOBAL,PWRWOFKENXX01,S3D2,2028,0.2684
GLOBAL,PWRWOFKENXX01,S3D2,2029,0.2684
GLOBAL,PWRWOFKENXX01,S3D2,2030,0.2684
GLOBAL,PWRWOFKENXX01,S3D2,2031,0.2684
GLOBAL,PWRWOFKENXX01,S3D2,2032,0.2684
GLOBAL,PWRWOFKENXX01,S3D2,2033,0.2684
GLOBAL,PWRWOFKENXX01,S3D2,2034,0.2684
GLOBAL,PWRWOFKENXX01,S3D2,2035,0.2684
GLOBAL,PWRWOFKENXX01,S3D2,2036,0.2684
GLOBAL,PWRWOFKENXX01,S3D2,2037,0.2684
GLOBAL,PWRWOFKENXX01,S3D2,2038,0.2684
GLOBAL,PWRWOFKENXX01,S3D2,2039,0.2684
GLOBAL,PWRWOFKENXX01,S3D2,2040,0.2684
GLOBAL,PWRWOFKENXX01,S3D2,2041,0.2684
GLOBAL,PWRWOFKENXX01,S3D2,2042,0.2684
GLOBAL,PWRWOFKENXX01,S3D2,2043,0.2684
GLOBAL,PWRWOFKENXX01,S3D2,2044,0.2684
GLOBAL,PWRWOFKENXX01,S3D2,2045,0.2684
GLOBAL,PWRWOFKENXX01,S3D2,2046,0.2684
GLOBAL,PWRWOFKENXX01,S3D2,2047,0.2684
GLOBAL,PWRWOFKENXX01,S3D2,2048,0.2684
GLOBAL,PWRWOFKENXX01,S3D2,2049,0.2684
GLOBAL,PWRWOFKENXX01,S3D2,2050,0.2684
GLOBAL,PWRWOFTZAXX01,S3D2,2021,0.2193
GLOBAL,PWRWOFTZAXX01,S3D2,2022,0.2193
GLOBAL,PWRWOFTZAXX01,S3D2,2023,0.2193
GLOBAL,PWRWOFTZAXX01,S3D2,2024,0.2193
GLOBAL,PWRWOFTZAXX01,S3D2,2025,0.2193
GLOBAL,PWRWOFTZAXX01,S3D2,2026,0.2193
GLOBAL,PWRWOFTZAXX01,S3D2,2027,0.2193
GLOBAL,PWRWOFTZAXX01,S3D2,2028,0.2193
GLOBAL,PWRWOFTZAXX01,S3D2,2029,0.2193
GLOBAL,PWRWOFTZAXX01,S3D2,2030,0.2193
GLOBAL,PWRWOFTZAXX01,S3D2,2031,0.2193
GLOBAL,PWRWOFTZAXX01,S3D2,2032,0.2193
GLOBAL,PWRWOFTZAXX01,S3D2,2033,0.2193
GLOBAL,PWRWOFTZAXX01,S3D2,2034,0.2193
GLOBAL,PWRWOFTZAXX01,S3D2,2035,0.2193
GLOBAL,PWRWOFTZAXX01,S3D2,2036,0.2193
GLOBAL,PWRWOFTZAXX01,S3D2,2037,0.2193
GLOBAL,PWRWOFTZAXX01,S3D2,2038,0.2193
GLOBAL,PWRWOFTZAXX01,S3D2,2039,0.2193
GLOBAL,PWRWOFTZAXX01,S3D2,2040,0.2193
GLOBAL,PWRWOFTZAXX01,S3D2,2041,0.2193
GLOBAL,PWRWOFTZAXX01,S3D2,2042,0.2193
GLOBAL,PWRWOFTZAXX01,S3D2,2043,0.2193
GLOBAL,PWRWOFTZAXX01,S3D2,2044,0.2193
GLOBAL,PWRWOFTZAXX01,S3D2,2045,0.2193
GLOBAL,PWRWOFTZAXX01,S3D2,2046,0.2193
GLOBAL,PWRWOFTZAXX01,S3D2,2047,0.2193
GLOBAL,PWRWOFTZAXX01,S3D2,2048,0.2193
GLOBAL,PWRWOFTZAXX01,S3D2,2049,0.2193
GLOBAL,PWRWOFTZAXX01,S3D2,2050,0.2193
GLOBAL,PWRWOFKENXX01,S3D3,2021,0.2368
GLOBAL,PWRWOFKENXX01,S3D3,2022,0.2368
GLOBAL,PWRWOFKENXX01,S3D3,2023,0.2368
GLOBAL,PWRWOFKENXX01,S3D3,2024,0.2368
GLOBAL,PWRWOFKENXX01,S3D3,2025,0.2368
GLOBAL,PWRWOFKENXX01,S3D3,2026,0.2368
GLOBAL,PWRWOFKENXX01,S3D3,2027,0.2368
GLOBAL,PWRWOFKENXX01,S3D3,2028,0.2368
GLOBAL,PWRWOFKENXX01,S3D3,2029,0.2368
GLOBAL,PWRWOFKENXX01,S3D3,2030,0.2368
GLOBAL,PWRWOFKENXX01,S3D3,2031,0.2368
GLOBAL,PWRWOFKENXX01,S3D3,2032,0.2368
GLOBAL,PWRWOFKENXX01,S3D3,2033,0.2368
GLOBAL,PWRWOFKENXX01,S3D3,2034,0.2368
GLOBAL,PWRWOFKENXX01,S3D3,2035,0.2368
GLOBAL,PWRWOFKENXX01,S3D3,2036,0.2368
GLOBAL,PWRWOFKENXX01,S3D3,2037,0.2368
GLOBAL,PWRWOFKENXX01,S3D3,2038,0.2368
GLOBAL,PWRWOFKENXX01,S3D3,2039,0.2368
GLOBAL,PWRWOFKENXX01,S3D3,2040,0.2368
GLOBAL,PWRWOFKENXX01,S3D3,2041,0.2368
GLOBAL,PWRWOFKENXX01,S3D3,2042,0.2368
GLOBAL,PWRWOFKENXX01,S3D3,2043,0.2368
GLOBAL,PWRWOFKENXX01,S3D3,2044,0.2368
GLOBAL,PWRWOFKENXX01,S3D3,2045,0.2368
GLOBAL,PWRWOFKENXX01,S3D3,2046,0.2368
GLOBAL,PWRWOFKENXX01,S3D3,2047,0.2368
GLOBAL,PWRWOFKENXX01,S3D3,2048,0.2368
GLOBAL,PWRWOFKENXX01,S3D3,2049,0.2368
GLOBAL,PWRWOFKENXX01,S3D3,2050,0.2368
GLOBAL,PWRWOFTZAXX01,S3D3,2021,0.2039
GLOBAL,PWRWOFTZAXX01,S3D3,2022,0.2039
GLOBAL,PWRWOFTZAXX01,S3D3,2023,0.2039
GLOBAL,PWRWOFTZAXX01,S3D3,2024,0.2039
GLOBAL,PWRWOFTZAXX01,S3D3,2025,0.2039
GLOBAL,PWRWOFTZAXX01,S3D3,2026,0.2039
GLOBAL,PWRWOFTZAXX01,S3D3,2027,0.2039
GLOBAL,PWRWOFTZAXX01,S3D3,2028,0.2039
GLOBAL,PWRWOFTZAXX01,S3D3,2029,0.2039
GLOBAL,PWRWOFTZAXX01,S3D3,2030,0.2039
GLOBAL,PWRWOFTZAXX01,S3D3,2031,0.2039
GLOBAL,PWRWOFTZAXX01,S3D3,2032,0.2039
GLOBAL,PWRWOFTZAXX01,S3D3,2033,0.2039
GLOBAL,PWRWOFTZAXX01,S3D3,2034,0.2039
GLOBAL,PWRWOFTZAXX01,S3D3,2035,0.2039
GLOBAL,PWRWOFTZAXX01,S3D3,2036,0.2039
GLOBAL,PWRWOFTZAXX01,S3D3,2037,0.2039
GLOBAL,PWRWOFTZAXX01,S3D3,2038,0.2039
GLOBAL,PWRWOFTZAXX01,S3D3,2039,0.2039
GLOBAL,PWRWOFTZAXX01,S3D3,2040,0.2039
GLOBAL,PWRWOFTZAXX01,S3D3,2041,0.2039
GLOBAL,PWRWOFTZAXX01,S3D3,2042,0.2039
GLOBAL,PWRWOFTZAXX01,S3D3,2043,0.2039
GLOBAL,PWRWOFTZAXX01,S3D3,2044,0.2039
GLOBAL,PWRWOFTZAXX01,S3D3,2045,0.2039
GLOBAL,PWRWOFTZAXX01,S3D3,2046,0.2039
GLOBAL,PWRWOFTZAXX01,S3D3,2047,0.2039
GLOBAL,PWRWOFTZAXX01,S3D3,2048,0.2039
GLOBAL,PWRWOFTZAXX01,S3D3,2049,0.2039
GLOBAL,PWRWOFTZAXX01,S3D3,2050,0.2039
