REGION,TECHNOLOGY,FUEL,MODE_OF_OPERATION,YEAR,VALUE
GLOBAL,PWRCCGKENXX00,ELCKENXX01,1,2021,1.0
GLOBAL,PWRCCGKENXX00,ELCKENXX01,1,2022,1.0
GLOBAL,PWRCCGKENXX00,ELCKENXX01,1,2023,1.0
GLOBAL,PWRCCGKENXX00,ELCKENXX01,1,2024,1.0
GLOBAL,PWRCCGKENXX00,ELCKENXX01,1,2025,1.0
GLOBAL,PWRCCGKENXX00,ELCKENXX01,1,2026,1.0
GLOBAL,PWRCCGKENXX00,ELCKENXX01,1,2027,1.0
GLOBAL,PWRCCGKENXX00,ELCKENXX01,1,2028,1.0
GLOBAL,PWRCCGKENXX00,ELCKENXX01,1,2029,1.0
GLOBAL,PWRCCGKENXX00,ELCKENXX01,1,2030,1.0
GLOBAL,PWRCCGKENXX00,ELCKENXX01,1,2031,1.0
GLOBAL,PWRCCGKENXX00,ELCKENXX01,1,2032,1.0
GLOBAL,PWRCCGKENXX00,ELCKENXX01,1,2033,1.0
GLOBAL,PWRCCGKENXX00,ELCKENXX01,1,2034,1.0
GLOBAL,PWRCCGKENXX00,ELCKENXX01,1,2035,1.0
GLOBAL,PWRCCGKENXX00,ELCKENXX01,1,2036,1.0
GLOBAL,PWRCCGKENXX00,ELCKENXX01,1,2037,1.0
GLOBAL,PWRCCGKENXX00,ELCKENXX01,1,2038,1.0
GLOBAL,PWRCCGKENXX00,ELCKENXX01,1,2039,1.0
GLOBAL,PWRCCGKENXX00,ELCKENXX01,1,2040,1.0
GLOBAL,PWRCCGKENXX00,ELCKENXX01,1,2041,1.0
GLOBAL,PWRCCGKENXX00,ELCKENXX01,1,2042,1.0
GLOBAL,PWRCCGKENXX00,ELCKENXX01,1,2043,1.0
GLOBAL,PWRCCGKENXX00,ELCKENXX01,1,2044,1.0
GLOBAL,PWRCCGKENXX00,ELCKENXX01,1,2045,1.0
GLOBAL,PWRCCGKENXX00,ELCKENXX01,1,2046,1.0
GLOBAL,PWRCCGKENXX00,ELCKENXX01,1,2047,1.0
GLOBAL,PWRCCGKENXX00,ELCKENXX01,1,2048,1.0
GLOBAL,PWRCCGKENXX00,ELCKENXX01,1,2049,1.0
GLOBAL,PWRCCGKENXX00,ELCKENXX01,1,2050,1.0
GLOBAL,PWRCCGKENXX00,ELCKENXX01,2,2021,1.0
GLOBAL,PWRCCGKENXX00,ELCKENXX01,2,2022,1.0
GLOBAL,PWRCCGKENXX00,ELCKENXX01,2,2023,1.0
GLOBAL,PWRCCGKENXX00,ELCKENXX01,2,2024,1.0
GLOBAL,PWRCCGKENXX00,ELCKENXX01,2,2025,1.0
GLOBAL,PWRCCGKENXX00,ELCKENXX01,2,2026,1.0
GLOBAL,PWRCCGKENXX00,ELCKENXX01,2,2027,1.0
GLOBAL,PWRCCGKENXX00,ELCKENXX01,2,2028,1.0
GLOBAL,PWRCCGKENXX00,ELCKENXX01,2,2029,1.0
GLOBAL,PWRCCGKENXX00,ELCKENXX01,2,2030,1.0
GLOBAL,PWRCCGKENXX00,ELCKENXX01,2,2031,1.0
GLOBAL,PWRCCGKENXX00,ELCKENXX01,2,2032,1.0
GLOBAL,PWRCCGKENXX00,ELCKENXX01,2,2033,1.0
GLOBAL,PWRCCGKENXX00,ELCKENXX01,2,2034,1.0
GLOBAL,PWRCCGKENXX00,ELCKENXX01,2,2035,1.0
GLOBAL,PWRCCGKENXX00,ELCKENXX01,2,2036,1.0
GLOBAL,PWRCCGKENXX00,ELCKENXX01,2,2037,1.0
GLOBAL,PWRCCGKENXX00,ELCKENXX01,2,2038,1.0
GLOBAL,PWRCCGKENXX00,ELCKENXX01,2,2039,1.0
GLOBAL,PWRCCGKENXX00,ELCKENXX01,2,2040,1.0
GLOBAL,PWRCCGKENXX00,ELCKENXX01,2,2041,1.0
GLOBAL,PWRCCGKENXX00,ELCKENXX01,2,2042,1.0
GLOBAL,PWRCCGKENXX00,ELCKENXX01,2,2043,1.0
GLOBAL,PWRCCGKENXX00,ELCKENXX01,2,2044,1.0
GLOBAL,PWRCCGKENXX00,ELCKENXX01,2,2045,1.0
GLOBAL,PWRCCGKENXX00,ELCKENXX01,2,2046,1.0
GLOBAL,PWRCCGKENXX00,ELCKENXX01,2,2047,1.0
GLOBAL,PWRCCGKENXX00,ELCKENXX01,2,2048,1.0
GLOBAL,PWRCCGKENXX00,ELCKENXX01,2,2049,1.0
GLOBAL,PWRCCGKENXX00,ELCKENXX01,2,2050,1.0
GLOBAL,PWROCGKENXX00,ELCKENXX01,1,2021,1.0
GLOBAL,PWROCGKENXX00,ELCKENXX01,1,2022,1.0
GLOBAL,PWROCGKENXX00,ELCKENXX01,1,2023,1.0
GLOBAL,PWROCGKENXX00,ELCKENXX01,1,2024,1.0
GLOBAL,PWROCGKENXX00,ELCKENXX01,1,2025,1.0
GLOBAL,PWROCGKENXX00,ELCKENXX01,1,2026,1.0
GLOBAL,PWROCGKENXX00,ELCKENXX01,1,2027,1.0
GLOBAL,PWROCGKENXX00,ELCKENXX01,1,2028,1.0
GLOBAL,PWROCGKENXX00,ELCKENXX01,1,2029,1.0
GLOBAL,PWROCGKENXX00,ELCKENXX01,1,2030,1.0
GLOBAL,PWROCGKENXX00,ELCKENXX01,1,2031,1.0
GLOBAL,PWROCGKENXX00,ELCKENXX01,1,2032,1.0
GLOBAL,PWROCGKENXX00,ELCKENXX01,1,2033,1.0
GLOBAL,PWROCGKENXX00,ELCKENXX01,1,2034,1.0
GLOBAL,PWROCGKENXX00,ELCKENXX01,1,2035,1.0
GLOBAL,PWROCGKENXX00,ELCKENXX01,1,2036,1.0
GLOBAL,PWROCGKENXX00,ELCKENXX01,1,2037,1.0
GLOBAL,PWROCGKENXX00,ELCKENXX01,1,2038,1.0
GLOBAL,PWROCGKENXX00,ELCKENXX01,1,2039,1.0
GLOBAL,PWROCGKENXX00,ELCKENXX01,1,2040,1.0
GLOBAL,PWROCGKENXX00,ELCKENXX01,1,2041,1.0
GLOBAL,PWROCGKENXX00,ELCKENXX01,1,2042,1.0
GLOBAL,PWROCGKENXX00,ELCKENXX01,1,2043,1.0
GLOBAL,PWROCGKENXX00,ELCKENXX01,1,2044,1.0
GLOBAL,PWROCGKENXX00,ELCKENXX01,1,2045,1.0
GLOBAL,PWROCGKENXX00,ELCKENXX01,1,2046,1.0
GLOBAL,PWROCGKENXX00,ELCKENXX01,1,2047,1.0
GLOBAL,PWROCGKENXX00,ELCKENXX01,1,2048,1.0
GLOBAL,PWROCGKENXX00,ELCKENXX01,1,2049,1.0
GLOBAL,PWROCGKENXX00,ELCKENXX01,1,2050,1.0
GLOBAL,PWROCGKENXX00,ELCKENXX01,2,2021,1.0
GLOBAL,PWROCGKENXX00,ELCKENXX01,2,2022,1.0
GLOBAL,PWROCGKENXX00,ELCKENXX01,2,2023,1.0
GLOBAL,PWROCGKENXX00,ELCKENXX01,2,2024,1.0
GLOBAL,PWROCGKENXX00,ELCKENXX01,2,2025,1.0
GLOBAL,PWROCGKENXX00,ELCKENXX01,2,2026,1.0
GLOBAL,PWROCGKENXX00,ELCKENXX01,2,2027,1.0
GLOBAL,PWROCGKENXX00,ELCKENXX01,2,2028,1.0
GLOBAL,PWROCGKENXX00,ELCKENXX01,2,2029,1.0
GLOBAL,PWROCGKENXX00,ELCKENXX01,2,2030,1.0
GLOBAL,PWROCGKENXX00,ELCKENXX01,2,2031,1.0
GLOBAL,PWROCGKENXX00,ELCKENXX01,2,2032,1.0
GLOBAL,PWROCGKENXX00,ELCKENXX01,2,2033,1.0
GLOBAL,PWROCGKENXX00,ELCKENXX01,2,2034,1.0
GLOBAL,PWROCGKENXX00,ELCKENXX01,2,2035,1.0
GLOBAL,PWROCGKENXX00,ELCKENXX01,2,2036,1.0
GLOBAL,PWROCGKENXX00,ELCKENXX01,2,2037,1.0
GLOBAL,PWROCGKENXX00,ELCKENXX01,2,2038,1.0
GLOBAL,PWROCGKENXX00,ELCKENXX01,2,2039,1.0
GLOBAL,PWROCGKENXX00,ELCKENXX01,2,2040,1.0
GLOBAL,PWROCGKENXX00,ELCKENXX01,2,2041,1.0
GLOBAL,PWROCGKENXX00,ELCKENXX01,2,2042,1.0
GLOBAL,PWROCGKENXX00,ELCKENXX01,2,2043,1.0
GLOBAL,PWROCGKENXX00,ELCKENXX01,2,2044,1.0
GLOBAL,PWROCGKENXX00,ELCKENXX01,2,2045,1.0
GLOBAL,PWROCGKENXX00,ELCKENXX01,2,2046,1.0
GLOBAL,PWROCGKENXX00,ELCKENXX01,2,2047,1.0
GLOBAL,PWROCGKENXX00,ELCKENXX01,2,2048,1.0
GLOBAL,PWROCGKENXX00,ELCKENXX01,2,2049,1.0
GLOBAL,PWROCGKENXX00,ELCKENXX01,2,2050,1.0
GLOBAL,PWRHYDKENXX01,ELCKENXX01,1,2021,1.0
GLOBAL,PWRHYDKENXX01,ELCKENXX01,1,2022,1.0
GLOBAL,PWRHYDKENXX01,ELCKENXX01,1,2023,1.0
GLOBAL,PWRHYDKENXX01,ELCKENXX01,1,2024,1.0
GLOBAL,PWRHYDKENXX01,ELCKENXX01,1,2025,1.0
GLOBAL,PWRHYDKENXX01,ELCKENXX01,1,2026,1.0
GLOBAL,PWRHYDKENXX01,ELCKENXX01,1,2027,1.0
GLOBAL,PWRHYDKENXX01,ELCKENXX01,1,2028,1.0
GLOBAL,PWRHYDKENXX01,ELCKENXX01,1,2029,1.0
GLOBAL,PWRHYDKENXX01,ELCKENXX01,1,2030,1.0
GLOBAL,PWRHYDKENXX01,ELCKENXX01,1,2031,1.0
GLOBAL,PWRHYDKENXX01,ELCKENXX01,1,2032,1.0
GLOBAL,PWRHYDKENXX01,ELCKENXX01,1,2033,1.0
GLOBAL,PWRHYDKENXX01,ELCKENXX01,1,2034,1.0
GLOBAL,PWRHYDKENXX01,ELCKENXX01,1,2035,1.0
GLOBAL,PWRHYDKENXX01,ELCKENXX01,1,2036,1.0
GLOBAL,PWRHYDKENXX01,ELCKENXX01,1,2037,1.0
GLOBAL,PWRHYDKENXX01,ELCKENXX01,1,2038,1.0
GLOBAL,PWRHYDKENXX01,ELCKENXX01,1,2039,1.0
GLOBAL,PWRHYDKENXX01,ELCKENXX01,1,2040,1.0
GLOBAL,PWRHYDKENXX01,ELCKENXX01,1,2041,1.0
GLOBAL,PWRHYDKENXX01,ELCKENXX01,1,2042,1.0
GLOBAL,PWRHYDKENXX01,ELCKENXX01,1,2043,1.0
GLOBAL,PWRHYDKENXX01,ELCKENXX01,1,2044,1.0
GLOBAL,PWRHYDKENXX01,ELCKENXX01,1,2045,1.0
GLOBAL,PWRHYDKENXX01,ELCKENXX01,1,2046,1.0
GLOBAL,PWRHYDKENXX01,ELCKENXX01,1,2047,1.0
GLOBAL,PWRHYDKENXX01,ELCKENXX01,1,2048,1.0
GLOBAL,PWRHYDKENXX01,ELCKENXX01,1,2049,1.0
GLOBAL,PWRHYDKENXX01,ELCKENXX01,1,2050,1.0
GLOBAL,PWROILKENXX01,ELCKENXX01,1,2021,1.0
GLOBAL,PWROILKENXX01,ELCKENXX01,1,2022,1.0
GLOBAL,PWROILKENXX01,ELCKENXX01,1,2023,1.0
GLOBAL,PWROILKENXX01,ELCKENXX01,1,2024,1.0
GLOBAL,PWROILKENXX01,ELCKENXX01,1,2025,1.0
GLOBAL,PWROILKENXX01,ELCKENXX01,1,2026,1.0
GLOBAL,PWROILKENXX01,ELCKENXX01,1,2027,1.0
GLOBAL,PWROILKENXX01,ELCKENXX01,1,2028,1.0
GLOBAL,PWROILKENXX01,ELCKENXX01,1,2029,1.0
GLOBAL,PWROILKENXX01,ELCKENXX01,1,2030,1.0
GLOBAL,PWROILKENXX01,ELCKENXX01,1,2031,1.0
GLOBAL,PWROILKENXX01,ELCKENXX01,1,2032,1.0
GLOBAL,PWROILKENXX01,ELCKENXX01,1,2033,1.0
GLOBAL,PWROILKENXX01,ELCKENXX01,1,2034,1.0
GLOBAL,PWROILKENXX01,ELCKENXX01,1,2035,1.0
GLOBAL,PWROILKENXX01,ELCKENXX01,1,2036,1.0
GLOBAL,PWROILKENXX01,ELCKENXX01,1,2037,1.0
GLOBAL,PWROILKENXX01,ELCKENXX01,1,2038,1.0
GLOBAL,PWROILKENXX01,ELCKENXX01,1,2039,1.0
GLOBAL,PWROILKENXX01,ELCKENXX01,1,2040,1.0
GLOBAL,PWROILKENXX01,ELCKENXX01,1,2041,1.0
GLOBAL,PWROILKENXX01,ELCKENXX01,1,2042,1.0
GLOBAL,PWROILKENXX01,ELCKENXX01,1,2043,1.0
GLOBAL,PWROILKENXX01,ELCKENXX01,1,2044,1.0
GLOBAL,PWROILKENXX01,ELCKENXX01,1,2045,1.0
GLOBAL,PWROILKENXX01,ELCKENXX01,1,2046,1.0
GLOBAL,PWROILKENXX01,ELCKENXX01,1,2047,1.0
GLOBAL,PWROILKENXX01,ELCKENXX01,1,2048,1.0
GLOBAL,PWROILKENXX01,ELCKENXX01,1,2049,1.0
GLOBAL,PWROILKENXX01,ELCKENXX01,1,2050,1.0
GLOBAL,PWROILKENXX01,ELCKENXX01,2,2021,1.0
GLOBAL,PWROILKENXX01,ELCKENXX01,2,2022,1.0
GLOBAL,PWROILKENXX01,ELCKENXX01,2,2023,1.0
GLOBAL,PWROILKENXX01,ELCKENXX01,2,2024,1.0
GLOBAL,PWROILKENXX01,ELCKENXX01,2,2025,1.0
GLOBAL,PWROILKENXX01,ELCKENXX01,2,2026,1.0
GLOBAL,PWROILKENXX01,ELCKENXX01,2,2027,1.0
GLOBAL,PWROILKENXX01,ELCKENXX01,2,2028,1.0
GLOBAL,PWROILKENXX01,ELCKENXX01,2,2029,1.0
GLOBAL,PWROILKENXX01,ELCKENXX01,2,2030,1.0
GLOBAL,PWROILKENXX01,ELCKENXX01,2,2031,1.0
GLOBAL,PWROILKENXX01,ELCKENXX01,2,2032,1.0
GLOBAL,PWROILKENXX01,ELCKENXX01,2,2033,1.0
GLOBAL,PWROILKENXX01,ELCKENXX01,2,2034,1.0
GLOBAL,PWROILKENXX01,ELCKENXX01,2,2035,1.0
GLOBAL,PWROILKENXX01,ELCKENXX01,2,2036,1.0
GLOBAL,PWROILKENXX01,ELCKENXX01,2,2037,1.0
GLOBAL,PWROILKENXX01,ELCKENXX01,2,2038,1.0
GLOBAL,PWROILKENXX01,ELCKENXX01,2,2039,1.0
GLOBAL,PWROILKENXX01,ELCKENXX01,2,2040,1.0
GLOBAL,PWROILKENXX01,ELCKENXX01,2,2041,1.0
GLOBAL,PWROILKENXX01,ELCKENXX01,2,2042,1.0
GLOBAL,PWROILKENXX01,ELCKENXX01,2,2043,1.0
GLOBAL,PWROILKENXX01,ELCKENXX01,2,2044,1.0
GLOBAL,PWROILKENXX01,ELCKENXX01,2,2045,1.0
GLOBAL,PWROILKENXX01,ELCKENXX01,2,2046,1.0
GLOBAL,PWROILKENXX01,ELCKENXX01,2,2047,1.0
GLOBAL,PWROILKENXX01,ELCKENXX01,2,2048,1.0
GLOBAL,PWROILKENXX01,ELCKENXX01,2,2049,1.0
GLOBAL,PWROILKENXX01,ELCKENXX01,2,2050,1.0
GLOBAL,PWRSPVKENXX01,ELCKENXX01,1,2021,1.0
GLOBAL,PWRSPVKENXX01,ELCKENXX01,1,2022,1.0
GLOBAL,PWRSPVKENXX01,ELCKENXX01,1,2023,1.0
GLOBAL,PWRSPVKENXX01,ELCKENXX01,1,2024,1.0
GLOBAL,PWRSPVKENXX01,ELCKENXX01,1,2025,1.0
GLOBAL,PWRSPVKENXX01,ELCKENXX01,1,2026,1.0
GLOBAL,PWRSPVKENXX01,ELCKENXX01,1,2027,1.0
GLOBAL,PWRSPVKENXX01,ELCKENXX01,1,2028,1.0
GLOBAL,PWRSPVKENXX01,ELCKENXX01,1,2029,1.0
GLOBAL,PWRSPVKENXX01,ELCKENXX01,1,2030,1.0
GLOBAL,PWRSPVKENXX01,ELCKENXX01,1,2031,1.0
GLOBAL,PWRSPVKENXX01,ELCKENXX01,1,2032,1.0
GLOBAL,PWRSPVKENXX01,ELCKENXX01,1,2033,1.0
GLOBAL,PWRSPVKENXX01,ELCKENXX01,1,2034,1.0
GLOBAL,PWRSPVKENXX01,ELCKENXX01,1,2035,1.0
GLOBAL,PWRSPVKENXX01,ELCKENXX01,1,2036,1.0
GLOBAL,PWRSPVKENXX01,ELCKENXX01,1,2037,1.0
GLOBAL,PWRSPVKENXX01,ELCKENXX01,1,2038,1.0
GLOBAL,PWRSPVKENXX01,ELCKENXX01,1,2039,1.0
GLOBAL,PWRSPVKENXX01,ELCKENXX01,1,2040,1.0
GLOBAL,PWRSPVKENXX01,ELCKENXX01,1,2041,1.0
GLOBAL,PWRSPVKENXX01,ELCKENXX01,1,2042,1.0
GLOBAL,PWRSPVKENXX01,ELCKENXX01,1,2043,1.0
GLOBAL,PWRSPVKENXX01,ELCKENXX01,1,2044,1.0
GLOBAL,PWRSPVKENXX01,ELCKENXX01,1,2045,1.0
GLOBAL,PWRSPVKENXX01,ELCKENXX01,1,2046,1.0
GLOBAL,PWRSPVKENXX01,ELCKENXX01,1,2047,1.0
GLOBAL,PWRSPVKENXX01,ELCKENXX01,1,2048,1.0
GLOBAL,PWRSPVKENXX01,ELCKENXX01,1,2049,1.0
GLOBAL,PWRSPVKENXX01,ELCKENXX01,1,2050,1.0
GLOBAL,PWROTHKENXX01,ELCKENXX01,1,2021,1.0
GLOBAL,PWROTHKENXX01,ELCKENXX01,1,2022,1.0
GLOBAL,PWROTHKENXX01,ELCKENXX01,1,2023,1.0
GLOBAL,PWROTHKENXX01,ELCKENXX01,1,2024,1.0
GLOBAL,PWROTHKENXX01,ELCKENXX01,1,2025,1.0
GLOBAL,PWROTHKENXX01,ELCKENXX01,1,2026,1.0
GLOBAL,PWROTHKENXX01,ELCKENXX01,1,2027,1.0
GLOBAL,PWROTHKENXX01,ELCKENXX01,1,2028,1.0
GLOBAL,PWROTHKENXX01,ELCKENXX01,1,2029,1.0
GLOBAL,PWROTHKENXX01,ELCKENXX01,1,2030,1.0
GLOBAL,PWROTHKENXX01,ELCKENXX01,1,2031,1.0
GLOBAL,PWROTHKENXX01,ELCKENXX01,1,2032,1.0
GLOBAL,PWROTHKENXX01,ELCKENXX01,1,2033,1.0
GLOBAL,PWROTHKENXX01,ELCKENXX01,1,2034,1.0
GLOBAL,PWROTHKENXX01,ELCKENXX01,1,2035,1.0
GLOBAL,PWROTHKENXX01,ELCKENXX01,1,2036,1.0
GLOBAL,PWROTHKENXX01,ELCKENXX01,1,2037,1.0
GLOBAL,PWROTHKENXX01,ELCKENXX01,1,2038,1.0
GLOBAL,PWROTHKENXX01,ELCKENXX01,1,2039,1.0
GLOBAL,PWROTHKENXX01,ELCKENXX01,1,2040,1.0
GLOBAL,PWROTHKENXX01,ELCKENXX01,1,2041,1.0
GLOBAL,PWROTHKENXX01,ELCKENXX01,1,2042,1.0
GLOBAL,PWROTHKENXX01,ELCKENXX01,1,2043,1.0
GLOBAL,PWROTHKENXX01,ELCKENXX01,1,2044,1.0
GLOBAL,PWROTHKENXX01,ELCKENXX01,1,2045,1.0
GLOBAL,PWROTHKENXX01,ELCKENXX01,1,2046,1.0
GLOBAL,PWROTHKENXX01,ELCKENXX01,1,2047,1.0
GLOBAL,PWROTHKENXX01,ELCKENXX01,1,2048,1.0
GLOBAL,PWROTHKENXX01,ELCKENXX01,1,2049,1.0
GLOBAL,PWROTHKENXX01,ELCKENXX01,1,2050,1.0
GLOBAL,PWROTHKENXX01,ELCKENXX01,2,2021,1.0
GLOBAL,PWROTHKENXX01,ELCKENXX01,2,2022,1.0
GLOBAL,PWROTHKENXX01,ELCKENXX01,2,2023,1.0
GLOBAL,PWROTHKENXX01,ELCKENXX01,2,2024,1.0
GLOBAL,PWROTHKENXX01,ELCKENXX01,2,2025,1.0
GLOBAL,PWROTHKENXX01,ELCKENXX01,2,2026,1.0
GLOBAL,PWROTHKENXX01,ELCKENXX01,2,2027,1.0
GLOBAL,PWROTHKENXX01,ELCKENXX01,2,2028,1.0
GLOBAL,PWROTHKENXX01,ELCKENXX01,2,2029,1.0
GLOBAL,PWROTHKENXX01,ELCKENXX01,2,2030,1.0
GLOBAL,PWROTHKENXX01,ELCKENXX01,2,2031,1.0
GLOBAL,PWROTHKENXX01,ELCKENXX01,2,2032,1.0
GLOBAL,PWROTHKENXX01,ELCKENXX01,2,2033,1.0
GLOBAL,PWROTHKENXX01,ELCKENXX01,2,2034,1.0
GLOBAL,PWROTHKENXX01,ELCKENXX01,2,2035,1.0
GLOBAL,PWROTHKENXX01,ELCKENXX01,2,2036,1.0
GLOBAL,PWROTHKENXX01,ELCKENXX01,2,2037,1.0
GLOBAL,PWROTHKENXX01,ELCKENXX01,2,2038,1.0
GLOBAL,PWROTHKENXX01,ELCKENXX01,2,2039,1.0
GLOBAL,PWROTHKENXX01,ELCKENXX01,2,2040,1.0
GLOBAL,PWROTHKENXX01,ELCKENXX01,2,2041,1.0
GLOBAL,PWROTHKENXX01,ELCKENXX01,2,2042,1.0
GLOBAL,PWROTHKENXX01,ELCKENXX01,2,2043,1.0
GLOBAL,PWROTHKENXX01,ELCKENXX01,2,2044,1.0
GLOBAL,PWROTHKENXX01,ELCKENXX01,2,2045,1.0
GLOBAL,PWROTHKENXX01,ELCKENXX01,2,2046,1.0
GLOBAL,PWROTHKENXX01,ELCKENXX01,2,2047,1.0
GLOBAL,PWROTHKENXX01,ELCKENXX01,2,2048,1.0
GLOBAL,PWROTHKENXX01,ELCKENXX01,2,2049,1.0
GLOBAL,PWROTHKENXX01,ELCKENXX01,2,2050,1.0
GLOBAL,PWRCSPKENXX01,ELCKENXX01,1,2021,1.0
GLOBAL,PWRCSPKENXX01,ELCKENXX01,1,2022,1.0
GLOBAL,PWRCSPKENXX01,ELCKENXX01,1,2023,1.0
GLOBAL,PWRCSPKENXX01,ELCKENXX01,1,2024,1.0
GLOBAL,PWRCSPKENXX01,ELCKENXX01,1,2025,1.0
GLOBAL,PWRCSPKENXX01,ELCKENXX01,1,2026,1.0
GLOBAL,PWRCSPKENXX01,ELCKENXX01,1,2027,1.0
GLOBAL,PWRCSPKENXX01,ELCKENXX01,1,2028,1.0
GLOBAL,PWRCSPKENXX01,ELCKENXX01,1,2029,1.0
GLOBAL,PWRCSPKENXX01,ELCKENXX01,1,2030,1.0
GLOBAL,PWRCSPKENXX01,ELCKENXX01,1,2031,1.0
GLOBAL,PWRCSPKENXX01,ELCKENXX01,1,2032,1.0
GLOBAL,PWRCSPKENXX01,ELCKENXX01,1,2033,1.0
GLOBAL,PWRCSPKENXX01,ELCKENXX01,1,2034,1.0
GLOBAL,PWRCSPKENXX01,ELCKENXX01,1,2035,1.0
GLOBAL,PWRCSPKENXX01,ELCKENXX01,1,2036,1.0
GLOBAL,PWRCSPKENXX01,ELCKENXX01,1,2037,1.0
GLOBAL,PWRCSPKENXX01,ELCKENXX01,1,2038,1.0
GLOBAL,PWRCSPKENXX01,ELCKENXX01,1,2039,1.0
GLOBAL,PWRCSPKENXX01,ELCKENXX01,1,2040,1.0
GLOBAL,PWRCSPKENXX01,ELCKENXX01,1,2041,1.0
GLOBAL,PWRCSPKENXX01,ELCKENXX01,1,2042,1.0
GLOBAL,PWRCSPKENXX01,ELCKENXX01,1,2043,1.0
GLOBAL,PWRCSPKENXX01,ELCKENXX01,1,2044,1.0
GLOBAL,PWRCSPKENXX01,ELCKENXX01,1,2045,1.0
GLOBAL,PWRCSPKENXX01,ELCKENXX01,1,2046,1.0
GLOBAL,PWRCSPKENXX01,ELCKENXX01,1,2047,1.0
GLOBAL,PWRCSPKENXX01,ELCKENXX01,1,2048,1.0
GLOBAL,PWRCSPKENXX01,ELCKENXX01,1,2049,1.0
GLOBAL,PWRCSPKENXX01,ELCKENXX01,1,2050,1.0
GLOBAL,PWRBIOKENXX01,ELCKENXX01,1,2021,1.0
GLOBAL,PWRBIOKENXX01,ELCKENXX01,1,2022,1.0
GLOBAL,PWRBIOKENXX01,ELCKENXX01,1,2023,1.0
GLOBAL,PWRBIOKENXX01,ELCKENXX01,1,2024,1.0
GLOBAL,PWRBIOKENXX01,ELCKENXX01,1,2025,1.0
GLOBAL,PWRBIOKENXX01,ELCKENXX01,1,2026,1.0
GLOBAL,PWRBIOKENXX01,ELCKENXX01,1,2027,1.0
GLOBAL,PWRBIOKENXX01,ELCKENXX01,1,2028,1.0
GLOBAL,PWRBIOKENXX01,ELCKENXX01,1,2029,1.0
GLOBAL,PWRBIOKENXX01,ELCKENXX01,1,2030,1.0
GLOBAL,PWRBIOKENXX01,ELCKENXX01,1,2031,1.0
GLOBAL,PWRBIOKENXX01,ELCKENXX01,1,2032,1.0
GLOBAL,PWRBIOKENXX01,ELCKENXX01,1,2033,1.0
GLOBAL,PWRBIOKENXX01,ELCKENXX01,1,2034,1.0
GLOBAL,PWRBIOKENXX01,ELCKENXX01,1,2035,1.0
GLOBAL,PWRBIOKENXX01,ELCKENXX01,1,2036,1.0
GLOBAL,PWRBIOKENXX01,ELCKENXX01,1,2037,1.0
GLOBAL,PWRBIOKENXX01,ELCKENXX01,1,2038,1.0
GLOBAL,PWRBIOKENXX01,ELCKENXX01,1,2039,1.0
GLOBAL,PWRBIOKENXX01,ELCKENXX01,1,2040,1.0
GLOBAL,PWRBIOKENXX01,ELCKENXX01,1,2041,1.0
GLOBAL,PWRBIOKENXX01,ELCKENXX01,1,2042,1.0
GLOBAL,PWRBIOKENXX01,ELCKENXX01,1,2043,1.0
GLOBAL,PWRBIOKENXX01,ELCKENXX01,1,2044,1.0
GLOBAL,PWRBIOKENXX01,ELCKENXX01,1,2045,1.0
GLOBAL,PWRBIOKENXX01,ELCKENXX01,1,2046,1.0
GLOBAL,PWRBIOKENXX01,ELCKENXX01,1,2047,1.0
GLOBAL,PWRBIOKENXX01,ELCKENXX01,1,2048,1.0
GLOBAL,PWRBIOKENXX01,ELCKENXX01,1,2049,1.0
GLOBAL,PWRBIOKENXX01,ELCKENXX01,1,2050,1.0
GLOBAL,PWRCOAKENXX01,ELCKENXX01,1,2021,1.0
GLOBAL,PWRCOAKENXX01,ELCKENXX01,1,2022,1.0
GLOBAL,PWRCOAKENXX01,ELCKENXX01,1,2023,1.0
GLOBAL,PWRCOAKENXX01,ELCKENXX01,1,2024,1.0
GLOBAL,PWRCOAKENXX01,ELCKENXX01,1,2025,1.0
GLOBAL,PWRCOAKENXX01,ELCKENXX01,1,2026,1.0
GLOBAL,PWRCOAKENXX01,ELCKENXX01,1,2027,1.0
GLOBAL,PWRCOAKENXX01,ELCKENXX01,1,2028,1.0
GLOBAL,PWRCOAKENXX01,ELCKENXX01,1,2029,1.0
GLOBAL,PWRCOAKENXX01,ELCKENXX01,1,2030,1.0
GLOBAL,PWRCOAKENXX01,ELCKENXX01,1,2031,1.0
GLOBAL,PWRCOAKENXX01,ELCKENXX01,1,2032,1.0
GLOBAL,PWRCOAKENXX01,ELCKENXX01,1,2033,1.0
GLOBAL,PWRCOAKENXX01,ELCKENXX01,1,2034,1.0
GLOBAL,PWRCOAKENXX01,ELCKENXX01,1,2035,1.0
GLOBAL,PWRCOAKENXX01,ELCKENXX01,1,2036,1.0
GLOBAL,PWRCOAKENXX01,ELCKENXX01,1,2037,1.0
GLOBAL,PWRCOAKENXX01,ELCKENXX01,1,2038,1.0
GLOBAL,PWRCOAKENXX01,ELCKENXX01,1,2039,1.0
GLOBAL,PWRCOAKENXX01,ELCKENXX01,1,2040,1.0
GLOBAL,PWRCOAKENXX01,ELCKENXX01,1,2041,1.0
GLOBAL,PWRCOAKENXX01,ELCKENXX01,1,2042,1.0
GLOBAL,PWRCOAKENXX01,ELCKENXX01,1,2043,1.0
GLOBAL,PWRCOAKENXX01,ELCKENXX01,1,2044,1.0
GLOBAL,PWRCOAKENXX01,ELCKENXX01,1,2045,1.0
GLOBAL,PWRCOAKENXX01,ELCKENXX01,1,2046,1.0
GLOBAL,PWRCOAKENXX01,ELCKENXX01,1,2047,1.0
GLOBAL,PWRCOAKENXX01,ELCKENXX01,1,2048,1.0
GLOBAL,PWRCOAKENXX01,ELCKENXX01,1,2049,1.0
GLOBAL,PWRCOAKENXX01,ELCKENXX01,1,2050,1.0
GLOBAL,PWRCOAKENXX01,ELCKENXX01,2,2021,1.0
GLOBAL,PWRCOAKENXX01,ELCKENXX01,2,2022,1.0
GLOBAL,PWRCOAKENXX01,ELCKENXX01,2,2023,1.0
GLOBAL,PWRCOAKENXX01,ELCKENXX01,2,2024,1.0
GLOBAL,PWRCOAKENXX01,ELCKENXX01,2,2025,1.0
GLOBAL,PWRCOAKENXX01,ELCKENXX01,2,2026,1.0
GLOBAL,PWRCOAKENXX01,ELCKENXX01,2,2027,1.0
GLOBAL,PWRCOAKENXX01,ELCKENXX01,2,2028,1.0
GLOBAL,PWRCOAKENXX01,ELCKENXX01,2,2029,1.0
GLOBAL,PWRCOAKENXX01,ELCKENXX01,2,2030,1.0
GLOBAL,PWRCOAKENXX01,ELCKENXX01,2,2031,1.0
GLOBAL,PWRCOAKENXX01,ELCKENXX01,2,2032,1.0
GLOBAL,PWRCOAKENXX01,ELCKENXX01,2,2033,1.0
GLOBAL,PWRCOAKENXX01,ELCKENXX01,2,2034,1.0
GLOBAL,PWRCOAKENXX01,ELCKENXX01,2,2035,1.0
GLOBAL,PWRCOAKENXX01,ELCKENXX01,2,2036,1.0
GLOBAL,PWRCOAKENXX01,ELCKENXX01,2,2037,1.0
GLOBAL,PWRCOAKENXX01,ELCKENXX01,2,2038,1.0
GLOBAL,PWRCOAKENXX01,ELCKENXX01,2,2039,1.0
GLOBAL,PWRCOAKENXX01,ELCKENXX01,2,2040,1.0
GLOBAL,PWRCOAKENXX01,ELCKENXX01,2,2041,1.0
GLOBAL,PWRCOAKENXX01,ELCKENXX01,2,2042,1.0
GLOBAL,PWRCOAKENXX01,ELCKENXX01,2,2043,1.0
GLOBAL,PWRCOAKENXX01,ELCKENXX01,2,2044,1.0
GLOBAL,PWRCOAKENXX01,ELCKENXX01,2,2045,1.0
GLOBAL,PWRCOAKENXX01,ELCKENXX01,2,2046,1.0
GLOBAL,PWRCOAKENXX01,ELCKENXX01,2,2047,1.0
GLOBAL,PWRCOAKENXX01,ELCKENXX01,2,2048,1.0
GLOBAL,PWRCOAKENXX01,ELCKENXX01,2,2049,1.0
GLOBAL,PWRCOAKENXX01,ELCKENXX01,2,2050,1.0
GLOBAL,PWRURNKENXX01,ELCKENXX01,1,2021,1.0
GLOBAL,PWRURNKENXX01,ELCKENXX01,1,2022,1.0
GLOBAL,PWRURNKENXX01,ELCKENXX01,1,2023,1.0
GLOBAL,PWRURNKENXX01,ELCKENXX01,1,2024,1.0
GLOBAL,PWRURNKENXX01,ELCKENXX01,1,2025,1.0
GLOBAL,PWRURNKENXX01,ELCKENXX01,1,2026,1.0
GLOBAL,PWRURNKENXX01,ELCKENXX01,1,2027,1.0
GLOBAL,PWRURNKENXX01,ELCKENXX01,1,2028,1.0
GLOBAL,PWRURNKENXX01,ELCKENXX01,1,2029,1.0
GLOBAL,PWRURNKENXX01,ELCKENXX01,1,2030,1.0
GLOBAL,PWRURNKENXX01,ELCKENXX01,1,2031,1.0
GLOBAL,PWRURNKENXX01,ELCKENXX01,1,2032,1.0
GLOBAL,PWRURNKENXX01,ELCKENXX01,1,2033,1.0
GLOBAL,PWRURNKENXX01,ELCKENXX01,1,2034,1.0
GLOBAL,PWRURNKENXX01,ELCKENXX01,1,2035,1.0
GLOBAL,PWRURNKENXX01,ELCKENXX01,1,2036,1.0
GLOBAL,PWRURNKENXX01,ELCKENXX01,1,2037,1.0
GLOBAL,PWRURNKENXX01,ELCKENXX01,1,2038,1.0
GLOBAL,PWRURNKENXX01,ELCKENXX01,1,2039,1.0
GLOBAL,PWRURNKENXX01,ELCKENXX01,1,2040,1.0
GLOBAL,PWRURNKENXX01,ELCKENXX01,1,2041,1.0
GLOBAL,PWRURNKENXX01,ELCKENXX01,1,2042,1.0
GLOBAL,PWRURNKENXX01,ELCKENXX01,1,2043,1.0
GLOBAL,PWRURNKENXX01,ELCKENXX01,1,2044,1.0
GLOBAL,PWRURNKENXX01,ELCKENXX01,1,2045,1.0
GLOBAL,PWRURNKENXX01,ELCKENXX01,1,2046,1.0
GLOBAL,PWRURNKENXX01,ELCKENXX01,1,2047,1.0
GLOBAL,PWRURNKENXX01,ELCKENXX01,1,2048,1.0
GLOBAL,PWRURNKENXX01,ELCKENXX01,1,2049,1.0
GLOBAL,PWRURNKENXX01,ELCKENXX01,1,2050,1.0
GLOBAL,PWRURNKENXX01,ELCKENXX01,2,2021,1.0
GLOBAL,PWRURNKENXX01,ELCKENXX01,2,2022,1.0
GLOBAL,PWRURNKENXX01,ELCKENXX01,2,2023,1.0
GLOBAL,PWRURNKENXX01,ELCKENXX01,2,2024,1.0
GLOBAL,PWRURNKENXX01,ELCKENXX01,2,2025,1.0
GLOBAL,PWRURNKENXX01,ELCKENXX01,2,2026,1.0
GLOBAL,PWRURNKENXX01,ELCKENXX01,2,2027,1.0
GLOBAL,PWRURNKENXX01,ELCKENXX01,2,2028,1.0
GLOBAL,PWRURNKENXX01,ELCKENXX01,2,2029,1.0
GLOBAL,PWRURNKENXX01,ELCKENXX01,2,2030,1.0
GLOBAL,PWRURNKENXX01,ELCKENXX01,2,2031,1.0
GLOBAL,PWRURNKENXX01,ELCKENXX01,2,2032,1.0
GLOBAL,PWRURNKENXX01,ELCKENXX01,2,2033,1.0
GLOBAL,PWRURNKENXX01,ELCKENXX01,2,2034,1.0
GLOBAL,PWRURNKENXX01,ELCKENXX01,2,2035,1.0
GLOBAL,PWRURNKENXX01,ELCKENXX01,2,2036,1.0
GLOBAL,PWRURNKENXX01,ELCKENXX01,2,2037,1.0
GLOBAL,PWRURNKENXX01,ELCKENXX01,2,2038,1.0
GLOBAL,PWRURNKENXX01,ELCKENXX01,2,2039,1.0
GLOBAL,PWRURNKENXX01,ELCKENXX01,2,2040,1.0
GLOBAL,PWRURNKENXX01,ELCKENXX01,2,2041,1.0
GLOBAL,PWRURNKENXX01,ELCKENXX01,2,2042,1.0
GLOBAL,PWRURNKENXX01,ELCKENXX01,2,2043,1.0
GLOBAL,PWRURNKENXX01,ELCKENXX01,2,2044,1.0
GLOBAL,PWRURNKENXX01,ELCKENXX01,2,2045,1.0
GLOBAL,PWRURNKENXX01,ELCKENXX01,2,2046,1.0
GLOBAL,PWRURNKENXX01,ELCKENXX01,2,2047,1.0
GLOBAL,PWRURNKENXX01,ELCKENXX01,2,2048,1.0
GLOBAL,PWRURNKENXX01,ELCKENXX01,2,2049,1.0
GLOBAL,PWRURNKENXX01,ELCKENXX01,2,2050,1.0
GLOBAL,PWRWONKENXX01,ELCKENXX01,1,2021,1.0
GLOBAL,PWRWONKENXX01,ELCKENXX01,1,2022,1.0
GLOBAL,PWRWONKENXX01,ELCKENXX01,1,2023,1.0
GLOBAL,PWRWONKENXX01,ELCKENXX01,1,2024,1.0
GLOBAL,PWRWONKENXX01,ELCKENXX01,1,2025,1.0
GLOBAL,PWRWONKENXX01,ELCKENXX01,1,2026,1.0
GLOBAL,PWRWONKENXX01,ELCKENXX01,1,2027,1.0
GLOBAL,PWRWONKENXX01,ELCKENXX01,1,2028,1.0
GLOBAL,PWRWONKENXX01,ELCKENXX01,1,2029,1.0
GLOBAL,PWRWONKENXX01,ELCKENXX01,1,2030,1.0
GLOBAL,PWRWONKENXX01,ELCKENXX01,1,2031,1.0
GLOBAL,PWRWONKENXX01,ELCKENXX01,1,2032,1.0
GLOBAL,PWRWONKENXX01,ELCKENXX01,1,2033,1.0
GLOBAL,PWRWONKENXX01,ELCKENXX01,1,2034,1.0
GLOBAL,PWRWONKENXX01,ELCKENXX01,1,2035,1.0
GLOBAL,PWRWONKENXX01,ELCKENXX01,1,2036,1.0
GLOBAL,PWRWONKENXX01,ELCKENXX01,1,2037,1.0
GLOBAL,PWRWONKENXX01,ELCKENXX01,1,2038,1.0
GLOBAL,PWRWONKENXX01,ELCKENXX01,1,2039,1.0
GLOBAL,PWRWONKENXX01,ELCKENXX01,1,2040,1.0
GLOBAL,PWRWONKENXX01,ELCKENXX01,1,2041,1.0
GLOBAL,PWRWONKENXX01,ELCKENXX01,1,2042,1.0
GLOBAL,PWRWONKENXX01,ELCKENXX01,1,2043,1.0
GLOBAL,PWRWONKENXX01,ELCKENXX01,1,2044,1.0
GLOBAL,PWRWONKENXX01,ELCKENXX01,1,2045,1.0
GLOBAL,PWRWONKENXX01,ELCKENXX01,1,2046,1.0
GLOBAL,PWRWONKENXX01,ELCKENXX01,1,2047,1.0
GLOBAL,PWRWONKENXX01,ELCKENXX01,1,2048,1.0
GLOBAL,PWRWONKENXX01,ELCKENXX01,1,2049,1.0
GLOBAL,PWRWONKENXX01,ELCKENXX01,1,2050,1.0
GLOBAL,PWRWASKENXX01,ELCKENXX01,1,2021,1.0
GLOBAL,PWRWASKENXX01,ELCKENXX01,1,2022,1.0
GLOBAL,PWRWASKENXX01,ELCKENXX01,1,2023,1.0
GLOBAL,PWRWASKENXX01,ELCKENXX01,1,2024,1.0
GLOBAL,PWRWASKENXX01,ELCKENXX01,1,2025,1.0
GLOBAL,PWRWASKENXX01,ELCKENXX01,1,2026,1.0
GLOBAL,PWRWASKENXX01,ELCKENXX01,1,2027,1.0
GLOBAL,PWRWASKENXX01,ELCKENXX01,1,2028,1.0
GLOBAL,PWRWASKENXX01,ELCKENXX01,1,2029,1.0
GLOBAL,PWRWASKENXX01,ELCKENXX01,1,2030,1.0
GLOBAL,PWRWASKENXX01,ELCKENXX01,1,2031,1.0
GLOBAL,PWRWASKENXX01,ELCKENXX01,1,2032,1.0
GLOBAL,PWRWASKENXX01,ELCKENXX01,1,2033,1.0
GLOBAL,PWRWASKENXX01,ELCKENXX01,1,2034,1.0
GLOBAL,PWRWASKENXX01,ELCKENXX01,1,2035,1.0
GLOBAL,PWRWASKENXX01,ELCKENXX01,1,2036,1.0
GLOBAL,PWRWASKENXX01,ELCKENXX01,1,2037,1.0
GLOBAL,PWRWASKENXX01,ELCKENXX01,1,2038,1.0
GLOBAL,PWRWASKENXX01,ELCKENXX01,1,2039,1.0
GLOBAL,PWRWASKENXX01,ELCKENXX01,1,2040,1.0
GLOBAL,PWRWASKENXX01,ELCKENXX01,1,2041,1.0
GLOBAL,PWRWASKENXX01,ELCKENXX01,1,2042,1.0
GLOBAL,PWRWASKENXX01,ELCKENXX01,1,2043,1.0
GLOBAL,PWRWASKENXX01,ELCKENXX01,1,2044,1.0
GLOBAL,PWRWASKENXX01,ELCKENXX01,1,2045,1.0
GLOBAL,PWRWASKENXX01,ELCKENXX01,1,2046,1.0
GLOBAL,PWRWASKENXX01,ELCKENXX01,1,2047,1.0
GLOBAL,PWRWASKENXX01,ELCKENXX01,1,2048,1.0
GLOBAL,PWRWASKENXX01,ELCKENXX01,1,2049,1.0
GLOBAL,PWRWASKENXX01,ELCKENXX01,1,2050,1.0
GLOBAL,PWRWOFKENXX01,ELCKENXX01,1,2021,1.0
GLOBAL,PWRWOFKENXX01,ELCKENXX01,1,2022,1.0
GLOBAL,PWRWOFKENXX01,ELCKENXX01,1,2023,1.0
GLOBAL,PWRWOFKENXX01,ELCKENXX01,1,2024,1.0
GLOBAL,PWRWOFKENXX01,ELCKENXX01,1,2025,1.0
GLOBAL,PWRWOFKENXX01,ELCKENXX01,1,2026,1.0
GLOBAL,PWRWOFKENXX01,ELCKENXX01,1,2027,1.0
GLOBAL,PWRWOFKENXX01,ELCKENXX01,1,2028,1.0
GLOBAL,PWRWOFKENXX01,ELCKENXX01,1,2029,1.0
GLOBAL,PWRWOFKENXX01,ELCKENXX01,1,2030,1.0
GLOBAL,PWRWOFKENXX01,ELCKENXX01,1,2031,1.0
GLOBAL,PWRWOFKENXX01,ELCKENXX01,1,2032,1.0
GLOBAL,PWRWOFKENXX01,ELCKENXX01,1,2033,1.0
GLOBAL,PWRWOFKENXX01,ELCKENXX01,1,2034,1.0
GLOBAL,PWRWOFKENXX01,ELCKENXX01,1,2035,1.0
GLOBAL,PWRWOFKENXX01,ELCKENXX01,1,2036,1.0
GLOBAL,PWRWOFKENXX01,ELCKENXX01,1,2037,1.0
GLOBAL,PWRWOFKENXX01,ELCKENXX01,1,2038,1.0
GLOBAL,PWRWOFKENXX01,ELCKENXX01,1,2039,1.0
GLOBAL,PWRWOFKENXX01,ELCKENXX01,1,2040,1.0
GLOBAL,PWRWOFKENXX01,ELCKENXX01,1,2041,1.0
GLOBAL,PWRWOFKENXX01,ELCKENXX01,1,2042,1.0
GLOBAL,PWRWOFKENXX01,ELCKENXX01,1,2043,1.0
GLOBAL,PWRWOFKENXX01,ELCKENXX01,1,2044,1.0
GLOBAL,PWRWOFKENXX01,ELCKENXX01,1,2045,1.0
GLOBAL,PWRWOFKENXX01,ELCKENXX01,1,2046,1.0
GLOBAL,PWRWOFKENXX01,ELCKENXX01,1,2047,1.0
GLOBAL,PWRWOFKENXX01,ELCKENXX01,1,2048,1.0
GLOBAL,PWRWOFKENXX01,ELCKENXX01,1,2049,1.0
GLOBAL,PWRWOFKENXX01,ELCKENXX01,1,2050,1.0
GLOBAL,PWRWAVKENXX01,ELCKENXX01,1,2021,1.0
GLOBAL,PWRWAVKENXX01,ELCKENXX01,1,2022,1.0
GLOBAL,PWRWAVKENXX01,ELCKENXX01,1,2023,1.0
GLOBAL,PWRWAVKENXX01,ELCKENXX01,1,2024,1.0
GLOBAL,PWRWAVKENXX01,ELCKENXX01,1,2025,1.0
GLOBAL,PWRWAVKENXX01,ELCKENXX01,1,2026,1.0
GLOBAL,PWRWAVKENXX01,ELCKENXX01,1,2027,1.0
GLOBAL,PWRWAVKENXX01,ELCKENXX01,1,2028,1.0
GLOBAL,PWRWAVKENXX01,ELCKENXX01,1,2029,1.0
GLOBAL,PWRWAVKENXX01,ELCKENXX01,1,2030,1.0
GLOBAL,PWRWAVKENXX01,ELCKENXX01,1,2031,1.0
GLOBAL,PWRWAVKENXX01,ELCKENXX01,1,2032,1.0
GLOBAL,PWRWAVKENXX01,ELCKENXX01,1,2033,1.0
GLOBAL,PWRWAVKENXX01,ELCKENXX01,1,2034,1.0
GLOBAL,PWRWAVKENXX01,ELCKENXX01,1,2035,1.0
GLOBAL,PWRWAVKENXX01,ELCKENXX01,1,2036,1.0
GLOBAL,PWRWAVKENXX01,ELCKENXX01,1,2037,1.0
GLOBAL,PWRWAVKENXX01,ELCKENXX01,1,2038,1.0
GLOBAL,PWRWAVKENXX01,ELCKENXX01,1,2039,1.0
GLOBAL,PWRWAVKENXX01,ELCKENXX01,1,2040,1.0
GLOBAL,PWRWAVKENXX01,ELCKENXX01,1,2041,1.0
GLOBAL,PWRWAVKENXX01,ELCKENXX01,1,2042,1.0
GLOBAL,PWRWAVKENXX01,ELCKENXX01,1,2043,1.0
GLOBAL,PWRWAVKENXX01,ELCKENXX01,1,2044,1.0
GLOBAL,PWRWAVKENXX01,ELCKENXX01,1,2045,1.0
GLOBAL,PWRWAVKENXX01,ELCKENXX01,1,2046,1.0
GLOBAL,PWRWAVKENXX01,ELCKENXX01,1,2047,1.0
GLOBAL,PWRWAVKENXX01,ELCKENXX01,1,2048,1.0
GLOBAL,PWRWAVKENXX01,ELCKENXX01,1,2049,1.0
GLOBAL,PWRWAVKENXX01,ELCKENXX01,1,2050,1.0
GLOBAL,PWRPETKENXX01,ELCKENXX01,1,2021,1.0
GLOBAL,PWRPETKENXX01,ELCKENXX01,1,2022,1.0
GLOBAL,PWRPETKENXX01,ELCKENXX01,1,2023,1.0
GLOBAL,PWRPETKENXX01,ELCKENXX01,1,2024,1.0
GLOBAL,PWRPETKENXX01,ELCKENXX01,1,2025,1.0
GLOBAL,PWRPETKENXX01,ELCKENXX01,1,2026,1.0
GLOBAL,PWRPETKENXX01,ELCKENXX01,1,2027,1.0
GLOBAL,PWRPETKENXX01,ELCKENXX01,1,2028,1.0
GLOBAL,PWRPETKENXX01,ELCKENXX01,1,2029,1.0
GLOBAL,PWRPETKENXX01,ELCKENXX01,1,2030,1.0
GLOBAL,PWRPETKENXX01,ELCKENXX01,1,2031,1.0
GLOBAL,PWRPETKENXX01,ELCKENXX01,1,2032,1.0
GLOBAL,PWRPETKENXX01,ELCKENXX01,1,2033,1.0
GLOBAL,PWRPETKENXX01,ELCKENXX01,1,2034,1.0
GLOBAL,PWRPETKENXX01,ELCKENXX01,1,2035,1.0
GLOBAL,PWRPETKENXX01,ELCKENXX01,1,2036,1.0
GLOBAL,PWRPETKENXX01,ELCKENXX01,1,2037,1.0
GLOBAL,PWRPETKENXX01,ELCKENXX01,1,2038,1.0
GLOBAL,PWRPETKENXX01,ELCKENXX01,1,2039,1.0
GLOBAL,PWRPETKENXX01,ELCKENXX01,1,2040,1.0
GLOBAL,PWRPETKENXX01,ELCKENXX01,1,2041,1.0
GLOBAL,PWRPETKENXX01,ELCKENXX01,1,2042,1.0
GLOBAL,PWRPETKENXX01,ELCKENXX01,1,2043,1.0
GLOBAL,PWRPETKENXX01,ELCKENXX01,1,2044,1.0
GLOBAL,PWRPETKENXX01,ELCKENXX01,1,2045,1.0
GLOBAL,PWRPETKENXX01,ELCKENXX01,1,2046,1.0
GLOBAL,PWRPETKENXX01,ELCKENXX01,1,2047,1.0
GLOBAL,PWRPETKENXX01,ELCKENXX01,1,2048,1.0
GLOBAL,PWRPETKENXX01,ELCKENXX01,1,2049,1.0
GLOBAL,PWRPETKENXX01,ELCKENXX01,1,2050,1.0
GLOBAL,PWRPETKENXX01,ELCKENXX01,2,2021,1.0
GLOBAL,PWRPETKENXX01,ELCKENXX01,2,2022,1.0
GLOBAL,PWRPETKENXX01,ELCKENXX01,2,2023,1.0
GLOBAL,PWRPETKENXX01,ELCKENXX01,2,2024,1.0
GLOBAL,PWRPETKENXX01,ELCKENXX01,2,2025,1.0
GLOBAL,PWRPETKENXX01,ELCKENXX01,2,2026,1.0
GLOBAL,PWRPETKENXX01,ELCKENXX01,2,2027,1.0
GLOBAL,PWRPETKENXX01,ELCKENXX01,2,2028,1.0
GLOBAL,PWRPETKENXX01,ELCKENXX01,2,2029,1.0
GLOBAL,PWRPETKENXX01,ELCKENXX01,2,2030,1.0
GLOBAL,PWRPETKENXX01,ELCKENXX01,2,2031,1.0
GLOBAL,PWRPETKENXX01,ELCKENXX01,2,2032,1.0
GLOBAL,PWRPETKENXX01,ELCKENXX01,2,2033,1.0
GLOBAL,PWRPETKENXX01,ELCKENXX01,2,2034,1.0
GLOBAL,PWRPETKENXX01,ELCKENXX01,2,2035,1.0
GLOBAL,PWRPETKENXX01,ELCKENXX01,2,2036,1.0
GLOBAL,PWRPETKENXX01,ELCKENXX01,2,2037,1.0
GLOBAL,PWRPETKENXX01,ELCKENXX01,2,2038,1.0
GLOBAL,PWRPETKENXX01,ELCKENXX01,2,2039,1.0
GLOBAL,PWRPETKENXX01,ELCKENXX01,2,2040,1.0
GLOBAL,PWRPETKENXX01,ELCKENXX01,2,2041,1.0
GLOBAL,PWRPETKENXX01,ELCKENXX01,2,2042,1.0
GLOBAL,PWRPETKENXX01,ELCKENXX01,2,2043,1.0
GLOBAL,PWRPETKENXX01,ELCKENXX01,2,2044,1.0
GLOBAL,PWRPETKENXX01,ELCKENXX01,2,2045,1.0
GLOBAL,PWRPETKENXX01,ELCKENXX01,2,2046,1.0
GLOBAL,PWRPETKENXX01,ELCKENXX01,2,2047,1.0
GLOBAL,PWRPETKENXX01,ELCKENXX01,2,2048,1.0
GLOBAL,PWRPETKENXX01,ELCKENXX01,2,2049,1.0
GLOBAL,PWRPETKENXX01,ELCKENXX01,2,2050,1.0
GLOBAL,PWRGEOKENXX01,ELCKENXX01,1,2021,1.0
GLOBAL,PWRGEOKENXX01,ELCKENXX01,1,2022,1.0
GLOBAL,PWRGEOKENXX01,ELCKENXX01,1,2023,1.0
GLOBAL,PWRGEOKENXX01,ELCKENXX01,1,2024,1.0
GLOBAL,PWRGEOKENXX01,ELCKENXX01,1,2025,1.0
GLOBAL,PWRGEOKENXX01,ELCKENXX01,1,2026,1.0
GLOBAL,PWRGEOKENXX01,ELCKENXX01,1,2027,1.0
GLOBAL,PWRGEOKENXX01,ELCKENXX01,1,2028,1.0
GLOBAL,PWRGEOKENXX01,ELCKENXX01,1,2029,1.0
GLOBAL,PWRGEOKENXX01,ELCKENXX01,1,2030,1.0
GLOBAL,PWRGEOKENXX01,ELCKENXX01,1,2031,1.0
GLOBAL,PWRGEOKENXX01,ELCKENXX01,1,2032,1.0
GLOBAL,PWRGEOKENXX01,ELCKENXX01,1,2033,1.0
GLOBAL,PWRGEOKENXX01,ELCKENXX01,1,2034,1.0
GLOBAL,PWRGEOKENXX01,ELCKENXX01,1,2035,1.0
GLOBAL,PWRGEOKENXX01,ELCKENXX01,1,2036,1.0
GLOBAL,PWRGEOKENXX01,ELCKENXX01,1,2037,1.0
GLOBAL,PWRGEOKENXX01,ELCKENXX01,1,2038,1.0
GLOBAL,PWRGEOKENXX01,ELCKENXX01,1,2039,1.0
GLOBAL,PWRGEOKENXX01,ELCKENXX01,1,2040,1.0
GLOBAL,PWRGEOKENXX01,ELCKENXX01,1,2041,1.0
GLOBAL,PWRGEOKENXX01,ELCKENXX01,1,2042,1.0
GLOBAL,PWRGEOKENXX01,ELCKENXX01,1,2043,1.0
GLOBAL,PWRGEOKENXX01,ELCKENXX01,1,2044,1.0
GLOBAL,PWRGEOKENXX01,ELCKENXX01,1,2045,1.0
GLOBAL,PWRGEOKENXX01,ELCKENXX01,1,2046,1.0
GLOBAL,PWRGEOKENXX01,ELCKENXX01,1,2047,1.0
GLOBAL,PWRGEOKENXX01,ELCKENXX01,1,2048,1.0
GLOBAL,PWRGEOKENXX01,ELCKENXX01,1,2049,1.0
GLOBAL,PWRGEOKENXX01,ELCKENXX01,1,2050,1.0
GLOBAL,PWRCOGKENXX01,ELCKENXX01,1,2021,1.0
GLOBAL,PWRCOGKENXX01,ELCKENXX01,1,2022,1.0
GLOBAL,PWRCOGKENXX01,ELCKENXX01,1,2023,1.0
GLOBAL,PWRCOGKENXX01,ELCKENXX01,1,2024,1.0
GLOBAL,PWRCOGKENXX01,ELCKENXX01,1,2025,1.0
GLOBAL,PWRCOGKENXX01,ELCKENXX01,1,2026,1.0
GLOBAL,PWRCOGKENXX01,ELCKENXX01,1,2027,1.0
GLOBAL,PWRCOGKENXX01,ELCKENXX01,1,2028,1.0
GLOBAL,PWRCOGKENXX01,ELCKENXX01,1,2029,1.0
GLOBAL,PWRCOGKENXX01,ELCKENXX01,1,2030,1.0
GLOBAL,PWRCOGKENXX01,ELCKENXX01,1,2031,1.0
GLOBAL,PWRCOGKENXX01,ELCKENXX01,1,2032,1.0
GLOBAL,PWRCOGKENXX01,ELCKENXX01,1,2033,1.0
GLOBAL,PWRCOGKENXX01,ELCKENXX01,1,2034,1.0
GLOBAL,PWRCOGKENXX01,ELCKENXX01,1,2035,1.0
GLOBAL,PWRCOGKENXX01,ELCKENXX01,1,2036,1.0
GLOBAL,PWRCOGKENXX01,ELCKENXX01,1,2037,1.0
GLOBAL,PWRCOGKENXX01,ELCKENXX01,1,2038,1.0
GLOBAL,PWRCOGKENXX01,ELCKENXX01,1,2039,1.0
GLOBAL,PWRCOGKENXX01,ELCKENXX01,1,2040,1.0
GLOBAL,PWRCOGKENXX01,ELCKENXX01,1,2041,1.0
GLOBAL,PWRCOGKENXX01,ELCKENXX01,1,2042,1.0
GLOBAL,PWRCOGKENXX01,ELCKENXX01,1,2043,1.0
GLOBAL,PWRCOGKENXX01,ELCKENXX01,1,2044,1.0
GLOBAL,PWRCOGKENXX01,ELCKENXX01,1,2045,1.0
GLOBAL,PWRCOGKENXX01,ELCKENXX01,1,2046,1.0
GLOBAL,PWRCOGKENXX01,ELCKENXX01,1,2047,1.0
GLOBAL,PWRCOGKENXX01,ELCKENXX01,1,2048,1.0
GLOBAL,PWRCOGKENXX01,ELCKENXX01,1,2049,1.0
GLOBAL,PWRCOGKENXX01,ELCKENXX01,1,2050,1.0
GLOBAL,PWRCOGKENXX01,ELCKENXX01,2,2021,1.0
GLOBAL,PWRCOGKENXX01,ELCKENXX01,2,2022,1.0
GLOBAL,PWRCOGKENXX01,ELCKENXX01,2,2023,1.0
GLOBAL,PWRCOGKENXX01,ELCKENXX01,2,2024,1.0
GLOBAL,PWRCOGKENXX01,ELCKENXX01,2,2025,1.0
GLOBAL,PWRCOGKENXX01,ELCKENXX01,2,2026,1.0
GLOBAL,PWRCOGKENXX01,ELCKENXX01,2,2027,1.0
GLOBAL,PWRCOGKENXX01,ELCKENXX01,2,2028,1.0
GLOBAL,PWRCOGKENXX01,ELCKENXX01,2,2029,1.0
GLOBAL,PWRCOGKENXX01,ELCKENXX01,2,2030,1.0
GLOBAL,PWRCOGKENXX01,ELCKENXX01,2,2031,1.0
GLOBAL,PWRCOGKENXX01,ELCKENXX01,2,2032,1.0
GLOBAL,PWRCOGKENXX01,ELCKENXX01,2,2033,1.0
GLOBAL,PWRCOGKENXX01,ELCKENXX01,2,2034,1.0
GLOBAL,PWRCOGKENXX01,ELCKENXX01,2,2035,1.0
GLOBAL,PWRCOGKENXX01,ELCKENXX01,2,2036,1.0
GLOBAL,PWRCOGKENXX01,ELCKENXX01,2,2037,1.0
GLOBAL,PWRCOGKENXX01,ELCKENXX01,2,2038,1.0
GLOBAL,PWRCOGKENXX01,ELCKENXX01,2,2039,1.0
GLOBAL,PWRCOGKENXX01,ELCKENXX01,2,2040,1.0
GLOBAL,PWRCOGKENXX01,ELCKENXX01,2,2041,1.0
GLOBAL,PWRCOGKENXX01,ELCKENXX01,2,2042,1.0
GLOBAL,PWRCOGKENXX01,ELCKENXX01,2,2043,1.0
GLOBAL,PWRCOGKENXX01,ELCKENXX01,2,2044,1.0
GLOBAL,PWRCOGKENXX01,ELCKENXX01,2,2045,1.0
GLOBAL,PWRCOGKENXX01,ELCKENXX01,2,2046,1.0
GLOBAL,PWRCOGKENXX01,ELCKENXX01,2,2047,1.0
GLOBAL,PWRCOGKENXX01,ELCKENXX01,2,2048,1.0
GLOBAL,PWRCOGKENXX01,ELCKENXX01,2,2049,1.0
GLOBAL,PWRCOGKENXX01,ELCKENXX01,2,2050,1.0
GLOBAL,PWRCCSKENXX01,ELCKENXX01,1,2021,1.0
GLOBAL,PWRCCSKENXX01,ELCKENXX01,1,2022,1.0
GLOBAL,PWRCCSKENXX01,ELCKENXX01,1,2023,1.0
GLOBAL,PWRCCSKENXX01,ELCKENXX01,1,2024,1.0
GLOBAL,PWRCCSKENXX01,ELCKENXX01,1,2025,1.0
GLOBAL,PWRCCSKENXX01,ELCKENXX01,1,2026,1.0
GLOBAL,PWRCCSKENXX01,ELCKENXX01,1,2027,1.0
GLOBAL,PWRCCSKENXX01,ELCKENXX01,1,2028,1.0
GLOBAL,PWRCCSKENXX01,ELCKENXX01,1,2029,1.0
GLOBAL,PWRCCSKENXX01,ELCKENXX01,1,2030,1.0
GLOBAL,PWRCCSKENXX01,ELCKENXX01,1,2031,1.0
GLOBAL,PWRCCSKENXX01,ELCKENXX01,1,2032,1.0
GLOBAL,PWRCCSKENXX01,ELCKENXX01,1,2033,1.0
GLOBAL,PWRCCSKENXX01,ELCKENXX01,1,2034,1.0
GLOBAL,PWRCCSKENXX01,ELCKENXX01,1,2035,1.0
GLOBAL,PWRCCSKENXX01,ELCKENXX01,1,2036,1.0
GLOBAL,PWRCCSKENXX01,ELCKENXX01,1,2037,1.0
GLOBAL,PWRCCSKENXX01,ELCKENXX01,1,2038,1.0
GLOBAL,PWRCCSKENXX01,ELCKENXX01,1,2039,1.0
GLOBAL,PWRCCSKENXX01,ELCKENXX01,1,2040,1.0
GLOBAL,PWRCCSKENXX01,ELCKENXX01,1,2041,1.0
GLOBAL,PWRCCSKENXX01,ELCKENXX01,1,2042,1.0
GLOBAL,PWRCCSKENXX01,ELCKENXX01,1,2043,1.0
GLOBAL,PWRCCSKENXX01,ELCKENXX01,1,2044,1.0
GLOBAL,PWRCCSKENXX01,ELCKENXX01,1,2045,1.0
GLOBAL,PWRCCSKENXX01,ELCKENXX01,1,2046,1.0
GLOBAL,PWRCCSKENXX01,ELCKENXX01,1,2047,1.0
GLOBAL,PWRCCSKENXX01,ELCKENXX01,1,2048,1.0
GLOBAL,PWRCCSKENXX01,ELCKENXX01,1,2049,1.0
GLOBAL,PWRCCSKENXX01,ELCKENXX01,1,2050,1.0
GLOBAL,PWRCCSKENXX01,ELCKENXX01,2,2021,1.0
GLOBAL,PWRCCSKENXX01,ELCKENXX01,2,2022,1.0
GLOBAL,PWRCCSKENXX01,ELCKENXX01,2,2023,1.0
GLOBAL,PWRCCSKENXX01,ELCKENXX01,2,2024,1.0
GLOBAL,PWRCCSKENXX01,ELCKENXX01,2,2025,1.0
GLOBAL,PWRCCSKENXX01,ELCKENXX01,2,2026,1.0
GLOBAL,PWRCCSKENXX01,ELCKENXX01,2,2027,1.0
GLOBAL,PWRCCSKENXX01,ELCKENXX01,2,2028,1.0
GLOBAL,PWRCCSKENXX01,ELCKENXX01,2,2029,1.0
GLOBAL,PWRCCSKENXX01,ELCKENXX01,2,2030,1.0
GLOBAL,PWRCCSKENXX01,ELCKENXX01,2,2031,1.0
GLOBAL,PWRCCSKENXX01,ELCKENXX01,2,2032,1.0
GLOBAL,PWRCCSKENXX01,ELCKENXX01,2,2033,1.0
GLOBAL,PWRCCSKENXX01,ELCKENXX01,2,2034,1.0
GLOBAL,PWRCCSKENXX01,ELCKENXX01,2,2035,1.0
GLOBAL,PWRCCSKENXX01,ELCKENXX01,2,2036,1.0
GLOBAL,PWRCCSKENXX01,ELCKENXX01,2,2037,1.0
GLOBAL,PWRCCSKENXX01,ELCKENXX01,2,2038,1.0
GLOBAL,PWRCCSKENXX01,ELCKENXX01,2,2039,1.0
GLOBAL,PWRCCSKENXX01,ELCKENXX01,2,2040,1.0
GLOBAL,PWRCCSKENXX01,ELCKENXX01,2,2041,1.0
GLOBAL,PWRCCSKENXX01,ELCKENXX01,2,2042,1.0
GLOBAL,PWRCCSKENXX01,ELCKENXX01,2,2043,1.0
GLOBAL,PWRCCSKENXX01,ELCKENXX01,2,2044,1.0
GLOBAL,PWRCCSKENXX01,ELCKENXX01,2,2045,1.0
GLOBAL,PWRCCSKENXX01,ELCKENXX01,2,2046,1.0
GLOBAL,PWRCCSKENXX01,ELCKENXX01,2,2047,1.0
GLOBAL,PWRCCSKENXX01,ELCKENXX01,2,2048,1.0
GLOBAL,PWRCCSKENXX01,ELCKENXX01,2,2049,1.0
GLOBAL,PWRCCSKENXX01,ELCKENXX01,2,2050,1.0
GLOBAL,PWRCCGTZAXX00,ELCTZAXX01,1,2021,1.0
GLOBAL,PWRCCGTZAXX00,ELCTZAXX01,1,2022,1.0
GLOBAL,PWRCCGTZAXX00,ELCTZAXX01,1,2023,1.0
GLOBAL,PWRCCGTZAXX00,ELCTZAXX01,1,2024,1.0
GLOBAL,PWRCCGTZAXX00,ELCTZAXX01,1,2025,1.0
GLOBAL,PWRCCGTZAXX00,ELCTZAXX01,1,2026,1.0
GLOBAL,PWRCCGTZAXX00,ELCTZAXX01,1,2027,1.0
GLOBAL,PWRCCGTZAXX00,ELCTZAXX01,1,2028,1.0
GLOBAL,PWRCCGTZAXX00,ELCTZAXX01,1,2029,1.0
GLOBAL,PWRCCGTZAXX00,ELCTZAXX01,1,2030,1.0
GLOBAL,PWRCCGTZAXX00,ELCTZAXX01,1,2031,1.0
GLOBAL,PWRCCGTZAXX00,ELCTZAXX01,1,2032,1.0
GLOBAL,PWRCCGTZAXX00,ELCTZAXX01,1,2033,1.0
GLOBAL,PWRCCGTZAXX00,ELCTZAXX01,1,2034,1.0
GLOBAL,PWRCCGTZAXX00,ELCTZAXX01,1,2035,1.0
GLOBAL,PWRCCGTZAXX00,ELCTZAXX01,1,2036,1.0
GLOBAL,PWRCCGTZAXX00,ELCTZAXX01,1,2037,1.0
GLOBAL,PWRCCGTZAXX00,ELCTZAXX01,1,2038,1.0
GLOBAL,PWRCCGTZAXX00,ELCTZAXX01,1,2039,1.0
GLOBAL,PWRCCGTZAXX00,ELCTZAXX01,1,2040,1.0
GLOBAL,PWRCCGTZAXX00,ELCTZAXX01,1,2041,1.0
GLOBAL,PWRCCGTZAXX00,ELCTZAXX01,1,2042,1.0
GLOBAL,PWRCCGTZAXX00,ELCTZAXX01,1,2043,1.0
GLOBAL,PWRCCGTZAXX00,ELCTZAXX01,1,2044,1.0
GLOBAL,PWRCCGTZAXX00,ELCTZAXX01,1,2045,1.0
GLOBAL,PWRCCGTZAXX00,ELCTZAXX01,1,2046,1.0
GLOBAL,PWRCCGTZAXX00,ELCTZAXX01,1,2047,1.0
GLOBAL,PWRCCGTZAXX00,ELCTZAXX01,1,2048,1.0
GLOBAL,PWRCCGTZAXX00,ELCTZAXX01,1,2049,1.0
GLOBAL,PWRCCGTZAXX00,ELCTZAXX01,1,2050,1.0
GLOBAL,PWRCCGTZAXX00,ELCTZAXX01,2,2021,1.0
GLOBAL,PWRCCGTZAXX00,ELCTZAXX01,2,2022,1.0
GLOBAL,PWRCCGTZAXX00,ELCTZAXX01,2,2023,1.0
GLOBAL,PWRCCGTZAXX00,ELCTZAXX01,2,2024,1.0
GLOBAL,PWRCCGTZAXX00,ELCTZAXX01,2,2025,1.0
GLOBAL,PWRCCGTZAXX00,ELCTZAXX01,2,2026,1.0
GLOBAL,PWRCCGTZAXX00,ELCTZAXX01,2,2027,1.0
GLOBAL,PWRCCGTZAXX00,ELCTZAXX01,2,2028,1.0
GLOBAL,PWRCCGTZAXX00,ELCTZAXX01,2,2029,1.0
GLOBAL,PWRCCGTZAXX00,ELCTZAXX01,2,2030,1.0
GLOBAL,PWRCCGTZAXX00,ELCTZAXX01,2,2031,1.0
GLOBAL,PWRCCGTZAXX00,ELCTZAXX01,2,2032,1.0
GLOBAL,PWRCCGTZAXX00,ELCTZAXX01,2,2033,1.0
GLOBAL,PWRCCGTZAXX00,ELCTZAXX01,2,2034,1.0
GLOBAL,PWRCCGTZAXX00,ELCTZAXX01,2,2035,1.0
GLOBAL,PWRCCGTZAXX00,ELCTZAXX01,2,2036,1.0
GLOBAL,PWRCCGTZAXX00,ELCTZAXX01,2,2037,1.0
GLOBAL,PWRCCGTZAXX00,ELCTZAXX01,2,2038,1.0
GLOBAL,PWRCCGTZAXX00,ELCTZAXX01,2,2039,1.0
GLOBAL,PWRCCGTZAXX00,ELCTZAXX01,2,2040,1.0
GLOBAL,PWRCCGTZAXX00,ELCTZAXX01,2,2041,1.0
GLOBAL,PWRCCGTZAXX00,ELCTZAXX01,2,2042,1.0
GLOBAL,PWRCCGTZAXX00,ELCTZAXX01,2,2043,1.0
GLOBAL,PWRCCGTZAXX00,ELCTZAXX01,2,2044,1.0
GLOBAL,PWRCCGTZAXX00,ELCTZAXX01,2,2045,1.0
GLOBAL,PWRCCGTZAXX00,ELCTZAXX01,2,2046,1.0
GLOBAL,PWRCCGTZAXX00,ELCTZAXX01,2,2047,1.0
GLOBAL,PWRCCGTZAXX00,ELCTZAXX01,2,2048,1.0
GLOBAL,PWRCCGTZAXX00,ELCTZAXX01,2,2049,1.0
GLOBAL,PWRCCGTZAXX00,ELCTZAXX01,2,2050,1.0
GLOBAL,PWROCGTZAXX00,ELCTZAXX01,1,2021,1.0
GLOBAL,PWROCGTZAXX00,ELCTZAXX01,1,2022,1.0
GLOBAL,PWROCGTZAXX00,ELCTZAXX01,1,2023,1.0
GLOBAL,PWROCGTZAXX00,ELCTZAXX01,1,2024,1.0
GLOBAL,PWROCGTZAXX00,ELCTZAXX01,1,2025,1.0
GLOBAL,PWROCGTZAXX00,ELCTZAXX01,1,2026,1.0
GLOBAL,PWROCGTZAXX00,ELCTZAXX01,1,2027,1.0
GLOBAL,PWROCGTZAXX00,ELCTZAXX01,1,2028,1.0
GLOBAL,PWROCGTZAXX00,ELCTZAXX01,1,2029,1.0
GLOBAL,PWROCGTZAXX00,ELCTZAXX01,1,2030,1.0
GLOBAL,PWROCGTZAXX00,ELCTZAXX01,1,2031,1.0
GLOBAL,PWROCGTZAXX00,ELCTZAXX01,1,2032,1.0
GLOBAL,PWROCGTZAXX00,ELCTZAXX01,1,2033,1.0
GLOBAL,PWROCGTZAXX00,ELCTZAXX01,1,2034,1.0
GLOBAL,PWROCGTZAXX00,ELCTZAXX01,1,2035,1.0
GLOBAL,PWROCGTZAXX00,ELCTZAXX01,1,2036,1.0
GLOBAL,PWROCGTZAXX00,ELCTZAXX01,1,2037,1.0
GLOBAL,PWROCGTZAXX00,ELCTZAXX01,1,2038,1.0
GLOBAL,PWROCGTZAXX00,ELCTZAXX01,1,2039,1.0
GLOBAL,PWROCGTZAXX00,ELCTZAXX01,1,2040,1.0
GLOBAL,PWROCGTZAXX00,ELCTZAXX01,1,2041,1.0
GLOBAL,PWROCGTZAXX00,ELCTZAXX01,1,2042,1.0
GLOBAL,PWROCGTZAXX00,ELCTZAXX01,1,2043,1.0
GLOBAL,PWROCGTZAXX00,ELCTZAXX01,1,2044,1.0
GLOBAL,PWROCGTZAXX00,ELCTZAXX01,1,2045,1.0
GLOBAL,PWROCGTZAXX00,ELCTZAXX01,1,2046,1.0
GLOBAL,PWROCGTZAXX00,ELCTZAXX01,1,2047,1.0
GLOBAL,PWROCGTZAXX00,ELCTZAXX01,1,2048,1.0
GLOBAL,PWROCGTZAXX00,ELCTZAXX01,1,2049,1.0
GLOBAL,PWROCGTZAXX00,ELCTZAXX01,1,2050,1.0
GLOBAL,PWROCGTZAXX00,ELCTZAXX01,2,2021,1.0
GLOBAL,PWROCGTZAXX00,ELCTZAXX01,2,2022,1.0
GLOBAL,PWROCGTZAXX00,ELCTZAXX01,2,2023,1.0
GLOBAL,PWROCGTZAXX00,ELCTZAXX01,2,2024,1.0
GLOBAL,PWROCGTZAXX00,ELCTZAXX01,2,2025,1.0
GLOBAL,PWROCGTZAXX00,ELCTZAXX01,2,2026,1.0
GLOBAL,PWROCGTZAXX00,ELCTZAXX01,2,2027,1.0
GLOBAL,PWROCGTZAXX00,ELCTZAXX01,2,2028,1.0
GLOBAL,PWROCGTZAXX00,ELCTZAXX01,2,2029,1.0
GLOBAL,PWROCGTZAXX00,ELCTZAXX01,2,2030,1.0
GLOBAL,PWROCGTZAXX00,ELCTZAXX01,2,2031,1.0
GLOBAL,PWROCGTZAXX00,ELCTZAXX01,2,2032,1.0
GLOBAL,PWROCGTZAXX00,ELCTZAXX01,2,2033,1.0
GLOBAL,PWROCGTZAXX00,ELCTZAXX01,2,2034,1.0
GLOBAL,PWROCGTZAXX00,ELCTZAXX01,2,2035,1.0
GLOBAL,PWROCGTZAXX00,ELCTZAXX01,2,2036,1.0
GLOBAL,PWROCGTZAXX00,ELCTZAXX01,2,2037,1.0
GLOBAL,PWROCGTZAXX00,ELCTZAXX01,2,2038,1.0
GLOBAL,PWROCGTZAXX00,ELCTZAXX01,2,2039,1.0
GLOBAL,PWROCGTZAXX00,ELCTZAXX01,2,2040,1.0
GLOBAL,PWROCGTZAXX00,ELCTZAXX01,2,2041,1.0
GLOBAL,PWROCGTZAXX00,ELCTZAXX01,2,2042,1.0
GLOBAL,PWROCGTZAXX00,ELCTZAXX01,2,2043,1.0
GLOBAL,PWROCGTZAXX00,ELCTZAXX01,2,2044,1.0
GLOBAL,PWROCGTZAXX00,ELCTZAXX01,2,2045,1.0
GLOBAL,PWROCGTZAXX00,ELCTZAXX01,2,2046,1.0
GLOBAL,PWROCGTZAXX00,ELCTZAXX01,2,2047,1.0
GLOBAL,PWROCGTZAXX00,ELCTZAXX01,2,2048,1.0
GLOBAL,PWROCGTZAXX00,ELCTZAXX01,2,2049,1.0
GLOBAL,PWROCGTZAXX00,ELCTZAXX01,2,2050,1.0
GLOBAL,PWRHYDTZAXX01,ELCTZAXX01,1,2021,1.0
GLOBAL,PWRHYDTZAXX01,ELCTZAXX01,1,2022,1.0
GLOBAL,PWRHYDTZAXX01,ELCTZAXX01,1,2023,1.0
GLOBAL,PWRHYDTZAXX01,ELCTZAXX01,1,2024,1.0
GLOBAL,PWRHYDTZAXX01,ELCTZAXX01,1,2025,1.0
GLOBAL,PWRHYDTZAXX01,ELCTZAXX01,1,2026,1.0
GLOBAL,PWRHYDTZAXX01,ELCTZAXX01,1,2027,1.0
GLOBAL,PWRHYDTZAXX01,ELCTZAXX01,1,2028,1.0
GLOBAL,PWRHYDTZAXX01,ELCTZAXX01,1,2029,1.0
GLOBAL,PWRHYDTZAXX01,ELCTZAXX01,1,2030,1.0
GLOBAL,PWRHYDTZAXX01,ELCTZAXX01,1,2031,1.0
GLOBAL,PWRHYDTZAXX01,ELCTZAXX01,1,2032,1.0
GLOBAL,PWRHYDTZAXX01,ELCTZAXX01,1,2033,1.0
GLOBAL,PWRHYDTZAXX01,ELCTZAXX01,1,2034,1.0
GLOBAL,PWRHYDTZAXX01,ELCTZAXX01,1,2035,1.0
GLOBAL,PWRHYDTZAXX01,ELCTZAXX01,1,2036,1.0
GLOBAL,PWRHYDTZAXX01,ELCTZAXX01,1,2037,1.0
GLOBAL,PWRHYDTZAXX01,ELCTZAXX01,1,2038,1.0
GLOBAL,PWRHYDTZAXX01,ELCTZAXX01,1,2039,1.0
GLOBAL,PWRHYDTZAXX01,ELCTZAXX01,1,2040,1.0
GLOBAL,PWRHYDTZAXX01,ELCTZAXX01,1,2041,1.0
GLOBAL,PWRHYDTZAXX01,ELCTZAXX01,1,2042,1.0
GLOBAL,PWRHYDTZAXX01,ELCTZAXX01,1,2043,1.0
GLOBAL,PWRHYDTZAXX01,ELCTZAXX01,1,2044,1.0
GLOBAL,PWRHYDTZAXX01,ELCTZAXX01,1,2045,1.0
GLOBAL,PWRHYDTZAXX01,ELCTZAXX01,1,2046,1.0
GLOBAL,PWRHYDTZAXX01,ELCTZAXX01,1,2047,1.0
GLOBAL,PWRHYDTZAXX01,ELCTZAXX01,1,2048,1.0
GLOBAL,PWRHYDTZAXX01,ELCTZAXX01,1,2049,1.0
GLOBAL,PWRHYDTZAXX01,ELCTZAXX01,1,2050,1.0
GLOBAL,PWROILTZAXX01,ELCTZAXX01,1,2021,1.0
GLOBAL,PWROILTZAXX01,ELCTZAXX01,1,2022,1.0
GLOBAL,PWROILTZAXX01,ELCTZAXX01,1,2023,1.0
GLOBAL,PWROILTZAXX01,ELCTZAXX01,1,2024,1.0
GLOBAL,PWROILTZAXX01,ELCTZAXX01,1,2025,1.0
GLOBAL,PWROILTZAXX01,ELCTZAXX01,1,2026,1.0
GLOBAL,PWROILTZAXX01,ELCTZAXX01,1,2027,1.0
GLOBAL,PWROILTZAXX01,ELCTZAXX01,1,2028,1.0
GLOBAL,PWROILTZAXX01,ELCTZAXX01,1,2029,1.0
GLOBAL,PWROILTZAXX01,ELCTZAXX01,1,2030,1.0
GLOBAL,PWROILTZAXX01,ELCTZAXX01,1,2031,1.0
GLOBAL,PWROILTZAXX01,ELCTZAXX01,1,2032,1.0
GLOBAL,PWROILTZAXX01,ELCTZAXX01,1,2033,1.0
GLOBAL,PWROILTZAXX01,ELCTZAXX01,1,2034,1.0
GLOBAL,PWROILTZAXX01,ELCTZAXX01,1,2035,1.0
GLOBAL,PWROILTZAXX01,ELCTZAXX01,1,2036,1.0
GLOBAL,PWROILTZAXX01,ELCTZAXX01,1,2037,1.0
GLOBAL,PWROILTZAXX01,ELCTZAXX01,1,2038,1.0
GLOBAL,PWROILTZAXX01,ELCTZAXX01,1,2039,1.0
GLOBAL,PWROILTZAXX01,ELCTZAXX01,1,2040,1.0
GLOBAL,PWROILTZAXX01,ELCTZAXX01,1,2041,1.0
GLOBAL,PWROILTZAXX01,ELCTZAXX01,1,2042,1.0
GLOBAL,PWROILTZAXX01,ELCTZAXX01,1,2043,1.0
GLOBAL,PWROILTZAXX01,ELCTZAXX01,1,2044,1.0
GLOBAL,PWROILTZAXX01,ELCTZAXX01,1,2045,1.0
GLOBAL,PWROILTZAXX01,ELCTZAXX01,1,2046,1.0
GLOBAL,PWROILTZAXX01,ELCTZAXX01,1,2047,1.0
GLOBAL,PWROILTZAXX01,ELCTZAXX01,1,2048,1.0
GLOBAL,PWROILTZAXX01,ELCTZAXX01,1,2049,1.0
GLOBAL,PWROILTZAXX01,ELCTZAXX01,1,2050,1.0
GLOBAL,PWROILTZAXX01,ELCTZAXX01,2,2021,1.0
GLOBAL,PWROILTZAXX01,ELCTZAXX01,2,2022,1.0
GLOBAL,PWROILTZAXX01,ELCTZAXX01,2,2023,1.0
GLOBAL,PWROILTZAXX01,ELCTZAXX01,2,2024,1.0
GLOBAL,PWROILTZAXX01,ELCTZAXX01,2,2025,1.0
GLOBAL,PWROILTZAXX01,ELCTZAXX01,2,2026,1.0
GLOBAL,PWROILTZAXX01,ELCTZAXX01,2,2027,1.0
GLOBAL,PWROILTZAXX01,ELCTZAXX01,2,2028,1.0
GLOBAL,PWROILTZAXX01,ELCTZAXX01,2,2029,1.0
GLOBAL,PWROILTZAXX01,ELCTZAXX01,2,2030,1.0
GLOBAL,PWROILTZAXX01,ELCTZAXX01,2,2031,1.0
GLOBAL,PWROILTZAXX01,ELCTZAXX01,2,2032,1.0
GLOBAL,PWROILTZAXX01,ELCTZAXX01,2,2033,1.0
GLOBAL,PWROILTZAXX01,ELCTZAXX01,2,2034,1.0
GLOBAL,PWROILTZAXX01,ELCTZAXX01,2,2035,1.0
GLOBAL,PWROILTZAXX01,ELCTZAXX01,2,2036,1.0
GLOBAL,PWROILTZAXX01,ELCTZAXX01,2,2037,1.0
GLOBAL,PWROILTZAXX01,ELCTZAXX01,2,2038,1.0
GLOBAL,PWROILTZAXX01,ELCTZAXX01,2,2039,1.0
GLOBAL,PWROILTZAXX01,ELCTZAXX01,2,2040,1.0
GLOBAL,PWROILTZAXX01,ELCTZAXX01,2,2041,1.0
GLOBAL,PWROILTZAXX01,ELCTZAXX01,2,2042,1.0
GLOBAL,PWROILTZAXX01,ELCTZAXX01,2,2043,1.0
GLOBAL,PWROILTZAXX01,ELCTZAXX01,2,2044,1.0
GLOBAL,PWROILTZAXX01,ELCTZAXX01,2,2045,1.0
GLOBAL,PWROILTZAXX01,ELCTZAXX01,2,2046,1.0
GLOBAL,PWROILTZAXX01,ELCTZAXX01,2,2047,1.0
GLOBAL,PWROILTZAXX01,ELCTZAXX01,2,2048,1.0
GLOBAL,PWROILTZAXX01,ELCTZAXX01,2,2049,1.0
GLOBAL,PWROILTZAXX01,ELCTZAXX01,2,2050,1.0
GLOBAL,PWRSPVTZAXX01,ELCTZAXX01,1,2021,1.0
GLOBAL,PWRSPVTZAXX01,ELCTZAXX01,1,2022,1.0
GLOBAL,PWRSPVTZAXX01,ELCTZAXX01,1,2023,1.0
GLOBAL,PWRSPVTZAXX01,ELCTZAXX01,1,2024,1.0
GLOBAL,PWRSPVTZAXX01,ELCTZAXX01,1,2025,1.0
GLOBAL,PWRSPVTZAXX01,ELCTZAXX01,1,2026,1.0
GLOBAL,PWRSPVTZAXX01,ELCTZAXX01,1,2027,1.0
GLOBAL,PWRSPVTZAXX01,ELCTZAXX01,1,2028,1.0
GLOBAL,PWRSPVTZAXX01,ELCTZAXX01,1,2029,1.0
GLOBAL,PWRSPVTZAXX01,ELCTZAXX01,1,2030,1.0
GLOBAL,PWRSPVTZAXX01,ELCTZAXX01,1,2031,1.0
GLOBAL,PWRSPVTZAXX01,ELCTZAXX01,1,2032,1.0
GLOBAL,PWRSPVTZAXX01,ELCTZAXX01,1,2033,1.0
GLOBAL,PWRSPVTZAXX01,ELCTZAXX01,1,2034,1.0
GLOBAL,PWRSPVTZAXX01,ELCTZAXX01,1,2035,1.0
GLOBAL,PWRSPVTZAXX01,ELCTZAXX01,1,2036,1.0
GLOBAL,PWRSPVTZAXX01,ELCTZAXX01,1,2037,1.0
GLOBAL,PWRSPVTZAXX01,ELCTZAXX01,1,2038,1.0
GLOBAL,PWRSPVTZAXX01,ELCTZAXX01,1,2039,1.0
GLOBAL,PWRSPVTZAXX01,ELCTZAXX01,1,2040,1.0
GLOBAL,PWRSPVTZAXX01,ELCTZAXX01,1,2041,1.0
GLOBAL,PWRSPVTZAXX01,ELCTZAXX01,1,2042,1.0
GLOBAL,PWRSPVTZAXX01,ELCTZAXX01,1,2043,1.0
GLOBAL,PWRSPVTZAXX01,ELCTZAXX01,1,2044,1.0
GLOBAL,PWRSPVTZAXX01,ELCTZAXX01,1,2045,1.0
GLOBAL,PWRSPVTZAXX01,ELCTZAXX01,1,2046,1.0
GLOBAL,PWRSPVTZAXX01,ELCTZAXX01,1,2047,1.0
GLOBAL,PWRSPVTZAXX01,ELCTZAXX01,1,2048,1.0
GLOBAL,PWRSPVTZAXX01,ELCTZAXX01,1,2049,1.0
GLOBAL,PWRSPVTZAXX01,ELCTZAXX01,1,2050,1.0
GLOBAL,PWROTHTZAXX01,ELCTZAXX01,1,2021,1.0
GLOBAL,PWROTHTZAXX01,ELCTZAXX01,1,2022,1.0
GLOBAL,PWROTHTZAXX01,ELCTZAXX01,1,2023,1.0
GLOBAL,PWROTHTZAXX01,ELCTZAXX01,1,2024,1.0
GLOBAL,PWROTHTZAXX01,ELCTZAXX01,1,2025,1.0
GLOBAL,PWROTHTZAXX01,ELCTZAXX01,1,2026,1.0
GLOBAL,PWROTHTZAXX01,ELCTZAXX01,1,2027,1.0
GLOBAL,PWROTHTZAXX01,ELCTZAXX01,1,2028,1.0
GLOBAL,PWROTHTZAXX01,ELCTZAXX01,1,2029,1.0
GLOBAL,PWROTHTZAXX01,ELCTZAXX01,1,2030,1.0
GLOBAL,PWROTHTZAXX01,ELCTZAXX01,1,2031,1.0
GLOBAL,PWROTHTZAXX01,ELCTZAXX01,1,2032,1.0
GLOBAL,PWROTHTZAXX01,ELCTZAXX01,1,2033,1.0
GLOBAL,PWROTHTZAXX01,ELCTZAXX01,1,2034,1.0
GLOBAL,PWROTHTZAXX01,ELCTZAXX01,1,2035,1.0
GLOBAL,PWROTHTZAXX01,ELCTZAXX01,1,2036,1.0
GLOBAL,PWROTHTZAXX01,ELCTZAXX01,1,2037,1.0
GLOBAL,PWROTHTZAXX01,ELCTZAXX01,1,2038,1.0
GLOBAL,PWROTHTZAXX01,ELCTZAXX01,1,2039,1.0
GLOBAL,PWROTHTZAXX01,ELCTZAXX01,1,2040,1.0
GLOBAL,PWROTHTZAXX01,ELCTZAXX01,1,2041,1.0
GLOBAL,PWROTHTZAXX01,ELCTZAXX01,1,2042,1.0
GLOBAL,PWROTHTZAXX01,ELCTZAXX01,1,2043,1.0
GLOBAL,PWROTHTZAXX01,ELCTZAXX01,1,2044,1.0
GLOBAL,PWROTHTZAXX01,ELCTZAXX01,1,2045,1.0
GLOBAL,PWROTHTZAXX01,ELCTZAXX01,1,2046,1.0
GLOBAL,PWROTHTZAXX01,ELCTZAXX01,1,2047,1.0
GLOBAL,PWROTHTZAXX01,ELCTZAXX01,1,2048,1.0
GLOBAL,PWROTHTZAXX01,ELCTZAXX01,1,2049,1.0
GLOBAL,PWROTHTZAXX01,ELCTZAXX01,1,2050,1.0
GLOBAL,PWROTHTZAXX01,ELCTZAXX01,2,2021,1.0
GLOBAL,PWROTHTZAXX01,ELCTZAXX01,2,2022,1.0
GLOBAL,PWROTHTZAXX01,ELCTZAXX01,2,2023,1.0
GLOBAL,PWROTHTZAXX01,ELCTZAXX01,2,2024,1.0
GLOBAL,PWROTHTZAXX01,ELCTZAXX01,2,2025,1.0
GLOBAL,PWROTHTZAXX01,ELCTZAXX01,2,2026,1.0
GLOBAL,PWROTHTZAXX01,ELCTZAXX01,2,2027,1.0
GLOBAL,PWROTHTZAXX01,ELCTZAXX01,2,2028,1.0
GLOBAL,PWROTHTZAXX01,ELCTZAXX01,2,2029,1.0
GLOBAL,PWROTHTZAXX01,ELCTZAXX01,2,2030,1.0
GLOBAL,PWROTHTZAXX01,ELCTZAXX01,2,2031,1.0
GLOBAL,PWROTHTZAXX01,ELCTZAXX01,2,2032,1.0
GLOBAL,PWROTHTZAXX01,ELCTZAXX01,2,2033,1.0
GLOBAL,PWROTHTZAXX01,ELCTZAXX01,2,2034,1.0
GLOBAL,PWROTHTZAXX01,ELCTZAXX01,2,2035,1.0
GLOBAL,PWROTHTZAXX01,ELCTZAXX01,2,2036,1.0
GLOBAL,PWROTHTZAXX01,ELCTZAXX01,2,2037,1.0
GLOBAL,PWROTHTZAXX01,ELCTZAXX01,2,2038,1.0
GLOBAL,PWROTHTZAXX01,ELCTZAXX01,2,2039,1.0
GLOBAL,PWROTHTZAXX01,ELCTZAXX01,2,2040,1.0
GLOBAL,PWROTHTZAXX01,ELCTZAXX01,2,2041,1.0
GLOBAL,PWROTHTZAXX01,ELCTZAXX01,2,2042,1.0
GLOBAL,PWROTHTZAXX01,ELCTZAXX01,2,2043,1.0
GLOBAL,PWROTHTZAXX01,ELCTZAXX01,2,2044,1.0
GLOBAL,PWROTHTZAXX01,ELCTZAXX01,2,2045,1.0
GLOBAL,PWROTHTZAXX01,ELCTZAXX01,2,2046,1.0
GLOBAL,PWROTHTZAXX01,ELCTZAXX01,2,2047,1.0
GLOBAL,PWROTHTZAXX01,ELCTZAXX01,2,2048,1.0
GLOBAL,PWROTHTZAXX01,ELCTZAXX01,2,2049,1.0
GLOBAL,PWROTHTZAXX01,ELCTZAXX01,2,2050,1.0
GLOBAL,PWRCSPTZAXX01,ELCTZAXX01,1,2021,1.0
GLOBAL,PWRCSPTZAXX01,ELCTZAXX01,1,2022,1.0
GLOBAL,PWRCSPTZAXX01,ELCTZAXX01,1,2023,1.0
GLOBAL,PWRCSPTZAXX01,ELCTZAXX01,1,2024,1.0
GLOBAL,PWRCSPTZAXX01,ELCTZAXX01,1,2025,1.0
GLOBAL,PWRCSPTZAXX01,ELCTZAXX01,1,2026,1.0
GLOBAL,PWRCSPTZAXX01,ELCTZAXX01,1,2027,1.0
GLOBAL,PWRCSPTZAXX01,ELCTZAXX01,1,2028,1.0
GLOBAL,PWRCSPTZAXX01,ELCTZAXX01,1,2029,1.0
GLOBAL,PWRCSPTZAXX01,ELCTZAXX01,1,2030,1.0
GLOBAL,PWRCSPTZAXX01,ELCTZAXX01,1,2031,1.0
GLOBAL,PWRCSPTZAXX01,ELCTZAXX01,1,2032,1.0
GLOBAL,PWRCSPTZAXX01,ELCTZAXX01,1,2033,1.0
GLOBAL,PWRCSPTZAXX01,ELCTZAXX01,1,2034,1.0
GLOBAL,PWRCSPTZAXX01,ELCTZAXX01,1,2035,1.0
GLOBAL,PWRCSPTZAXX01,ELCTZAXX01,1,2036,1.0
GLOBAL,PWRCSPTZAXX01,ELCTZAXX01,1,2037,1.0
GLOBAL,PWRCSPTZAXX01,ELCTZAXX01,1,2038,1.0
GLOBAL,PWRCSPTZAXX01,ELCTZAXX01,1,2039,1.0
GLOBAL,PWRCSPTZAXX01,ELCTZAXX01,1,2040,1.0
GLOBAL,PWRCSPTZAXX01,ELCTZAXX01,1,2041,1.0
GLOBAL,PWRCSPTZAXX01,ELCTZAXX01,1,2042,1.0
GLOBAL,PWRCSPTZAXX01,ELCTZAXX01,1,2043,1.0
GLOBAL,PWRCSPTZAXX01,ELCTZAXX01,1,2044,1.0
GLOBAL,PWRCSPTZAXX01,ELCTZAXX01,1,2045,1.0
GLOBAL,PWRCSPTZAXX01,ELCTZAXX01,1,2046,1.0
GLOBAL,PWRCSPTZAXX01,ELCTZAXX01,1,2047,1.0
GLOBAL,PWRCSPTZAXX01,ELCTZAXX01,1,2048,1.0
GLOBAL,PWRCSPTZAXX01,ELCTZAXX01,1,2049,1.0
GLOBAL,PWRCSPTZAXX01,ELCTZAXX01,1,2050,1.0
GLOBAL,PWRBIOTZAXX01,ELCTZAXX01,1,2021,1.0
GLOBAL,PWRBIOTZAXX01,ELCTZAXX01,1,2022,1.0
GLOBAL,PWRBIOTZAXX01,ELCTZAXX01,1,2023,1.0
GLOBAL,PWRBIOTZAXX01,ELCTZAXX01,1,2024,1.0
GLOBAL,PWRBIOTZAXX01,ELCTZAXX01,1,2025,1.0
GLOBAL,PWRBIOTZAXX01,ELCTZAXX01,1,2026,1.0
GLOBAL,PWRBIOTZAXX01,ELCTZAXX01,1,2027,1.0
GLOBAL,PWRBIOTZAXX01,ELCTZAXX01,1,2028,1.0
GLOBAL,PWRBIOTZAXX01,ELCTZAXX01,1,2029,1.0
GLOBAL,PWRBIOTZAXX01,ELCTZAXX01,1,2030,1.0
GLOBAL,PWRBIOTZAXX01,ELCTZAXX01,1,2031,1.0
GLOBAL,PWRBIOTZAXX01,ELCTZAXX01,1,2032,1.0
GLOBAL,PWRBIOTZAXX01,ELCTZAXX01,1,2033,1.0
GLOBAL,PWRBIOTZAXX01,ELCTZAXX01,1,2034,1.0
GLOBAL,PWRBIOTZAXX01,ELCTZAXX01,1,2035,1.0
GLOBAL,PWRBIOTZAXX01,ELCTZAXX01,1,2036,1.0
GLOBAL,PWRBIOTZAXX01,ELCTZAXX01,1,2037,1.0
GLOBAL,PWRBIOTZAXX01,ELCTZAXX01,1,2038,1.0
GLOBAL,PWRBIOTZAXX01,ELCTZAXX01,1,2039,1.0
GLOBAL,PWRBIOTZAXX01,ELCTZAXX01,1,2040,1.0
GLOBAL,PWRBIOTZAXX01,ELCTZAXX01,1,2041,1.0
GLOBAL,PWRBIOTZAXX01,ELCTZAXX01,1,2042,1.0
GLOBAL,PWRBIOTZAXX01,ELCTZAXX01,1,2043,1.0
GLOBAL,PWRBIOTZAXX01,ELCTZAXX01,1,2044,1.0
GLOBAL,PWRBIOTZAXX01,ELCTZAXX01,1,2045,1.0
GLOBAL,PWRBIOTZAXX01,ELCTZAXX01,1,2046,1.0
GLOBAL,PWRBIOTZAXX01,ELCTZAXX01,1,2047,1.0
GLOBAL,PWRBIOTZAXX01,ELCTZAXX01,1,2048,1.0
GLOBAL,PWRBIOTZAXX01,ELCTZAXX01,1,2049,1.0
GLOBAL,PWRBIOTZAXX01,ELCTZAXX01,1,2050,1.0
GLOBAL,PWRCOATZAXX01,ELCTZAXX01,1,2021,1.0
GLOBAL,PWRCOATZAXX01,ELCTZAXX01,1,2022,1.0
GLOBAL,PWRCOATZAXX01,ELCTZAXX01,1,2023,1.0
GLOBAL,PWRCOATZAXX01,ELCTZAXX01,1,2024,1.0
GLOBAL,PWRCOATZAXX01,ELCTZAXX01,1,2025,1.0
GLOBAL,PWRCOATZAXX01,ELCTZAXX01,1,2026,1.0
GLOBAL,PWRCOATZAXX01,ELCTZAXX01,1,2027,1.0
GLOBAL,PWRCOATZAXX01,ELCTZAXX01,1,2028,1.0
GLOBAL,PWRCOATZAXX01,ELCTZAXX01,1,2029,1.0
GLOBAL,PWRCOATZAXX01,ELCTZAXX01,1,2030,1.0
GLOBAL,PWRCOATZAXX01,ELCTZAXX01,1,2031,1.0
GLOBAL,PWRCOATZAXX01,ELCTZAXX01,1,2032,1.0
GLOBAL,PWRCOATZAXX01,ELCTZAXX01,1,2033,1.0
GLOBAL,PWRCOATZAXX01,ELCTZAXX01,1,2034,1.0
GLOBAL,PWRCOATZAXX01,ELCTZAXX01,1,2035,1.0
GLOBAL,PWRCOATZAXX01,ELCTZAXX01,1,2036,1.0
GLOBAL,PWRCOATZAXX01,ELCTZAXX01,1,2037,1.0
GLOBAL,PWRCOATZAXX01,ELCTZAXX01,1,2038,1.0
GLOBAL,PWRCOATZAXX01,ELCTZAXX01,1,2039,1.0
GLOBAL,PWRCOATZAXX01,ELCTZAXX01,1,2040,1.0
GLOBAL,PWRCOATZAXX01,ELCTZAXX01,1,2041,1.0
GLOBAL,PWRCOATZAXX01,ELCTZAXX01,1,2042,1.0
GLOBAL,PWRCOATZAXX01,ELCTZAXX01,1,2043,1.0
GLOBAL,PWRCOATZAXX01,ELCTZAXX01,1,2044,1.0
GLOBAL,PWRCOATZAXX01,ELCTZAXX01,1,2045,1.0
GLOBAL,PWRCOATZAXX01,ELCTZAXX01,1,2046,1.0
GLOBAL,PWRCOATZAXX01,ELCTZAXX01,1,2047,1.0
GLOBAL,PWRCOATZAXX01,ELCTZAXX01,1,2048,1.0
GLOBAL,PWRCOATZAXX01,ELCTZAXX01,1,2049,1.0
GLOBAL,PWRCOATZAXX01,ELCTZAXX01,1,2050,1.0
GLOBAL,PWRCOATZAXX01,ELCTZAXX01,2,2021,1.0
GLOBAL,PWRCOATZAXX01,ELCTZAXX01,2,2022,1.0
GLOBAL,PWRCOATZAXX01,ELCTZAXX01,2,2023,1.0
GLOBAL,PWRCOATZAXX01,ELCTZAXX01,2,2024,1.0
GLOBAL,PWRCOATZAXX01,ELCTZAXX01,2,2025,1.0
GLOBAL,PWRCOATZAXX01,ELCTZAXX01,2,2026,1.0
GLOBAL,PWRCOATZAXX01,ELCTZAXX01,2,2027,1.0
GLOBAL,PWRCOATZAXX01,ELCTZAXX01,2,2028,1.0
GLOBAL,PWRCOATZAXX01,ELCTZAXX01,2,2029,1.0
GLOBAL,PWRCOATZAXX01,ELCTZAXX01,2,2030,1.0
GLOBAL,PWRCOATZAXX01,ELCTZAXX01,2,2031,1.0
GLOBAL,PWRCOATZAXX01,ELCTZAXX01,2,2032,1.0
GLOBAL,PWRCOATZAXX01,ELCTZAXX01,2,2033,1.0
GLOBAL,PWRCOATZAXX01,ELCTZAXX01,2,2034,1.0
GLOBAL,PWRCOATZAXX01,ELCTZAXX01,2,2035,1.0
GLOBAL,PWRCOATZAXX01,ELCTZAXX01,2,2036,1.0
GLOBAL,PWRCOATZAXX01,ELCTZAXX01,2,2037,1.0
GLOBAL,PWRCOATZAXX01,ELCTZAXX01,2,2038,1.0
GLOBAL,PWRCOATZAXX01,ELCTZAXX01,2,2039,1.0
GLOBAL,PWRCOATZAXX01,ELCTZAXX01,2,2040,1.0
GLOBAL,PWRCOATZAXX01,ELCTZAXX01,2,2041,1.0
GLOBAL,PWRCOATZAXX01,ELCTZAXX01,2,2042,1.0
GLOBAL,PWRCOATZAXX01,ELCTZAXX01,2,2043,1.0
GLOBAL,PWRCOATZAXX01,ELCTZAXX01,2,2044,1.0
GLOBAL,PWRCOATZAXX01,ELCTZAXX01,2,2045,1.0
GLOBAL,PWRCOATZAXX01,ELCTZAXX01,2,2046,1.0
GLOBAL,PWRCOATZAXX01,ELCTZAXX01,2,2047,1.0
GLOBAL,PWRCOATZAXX01,ELCTZAXX01,2,2048,1.0
GLOBAL,PWRCOATZAXX01,ELCTZAXX01,2,2049,1.0
GLOBAL,PWRCOATZAXX01,ELCTZAXX01,2,2050,1.0
GLOBAL,PWRURNTZAXX01,ELCTZAXX01,1,2021,1.0
GLOBAL,PWRURNTZAXX01,ELCTZAXX01,1,2022,1.0
GLOBAL,PWRURNTZAXX01,ELCTZAXX01,1,2023,1.0
GLOBAL,PWRURNTZAXX01,ELCTZAXX01,1,2024,1.0
GLOBAL,PWRURNTZAXX01,ELCTZAXX01,1,2025,1.0
GLOBAL,PWRURNTZAXX01,ELCTZAXX01,1,2026,1.0
GLOBAL,PWRURNTZAXX01,ELCTZAXX01,1,2027,1.0
GLOBAL,PWRURNTZAXX01,ELCTZAXX01,1,2028,1.0
GLOBAL,PWRURNTZAXX01,ELCTZAXX01,1,2029,1.0
GLOBAL,PWRURNTZAXX01,ELCTZAXX01,1,2030,1.0
GLOBAL,PWRURNTZAXX01,ELCTZAXX01,1,2031,1.0
GLOBAL,PWRURNTZAXX01,ELCTZAXX01,1,2032,1.0
GLOBAL,PWRURNTZAXX01,ELCTZAXX01,1,2033,1.0
GLOBAL,PWRURNTZAXX01,ELCTZAXX01,1,2034,1.0
GLOBAL,PWRURNTZAXX01,ELCTZAXX01,1,2035,1.0
GLOBAL,PWRURNTZAXX01,ELCTZAXX01,1,2036,1.0
GLOBAL,PWRURNTZAXX01,ELCTZAXX01,1,2037,1.0
GLOBAL,PWRURNTZAXX01,ELCTZAXX01,1,2038,1.0
GLOBAL,PWRURNTZAXX01,ELCTZAXX01,1,2039,1.0
GLOBAL,PWRURNTZAXX01,ELCTZAXX01,1,2040,1.0
GLOBAL,PWRURNTZAXX01,ELCTZAXX01,1,2041,1.0
GLOBAL,PWRURNTZAXX01,ELCTZAXX01,1,2042,1.0
GLOBAL,PWRURNTZAXX01,ELCTZAXX01,1,2043,1.0
GLOBAL,PWRURNTZAXX01,ELCTZAXX01,1,2044,1.0
GLOBAL,PWRURNTZAXX01,ELCTZAXX01,1,2045,1.0
GLOBAL,PWRURNTZAXX01,ELCTZAXX01,1,2046,1.0
GLOBAL,PWRURNTZAXX01,ELCTZAXX01,1,2047,1.0
GLOBAL,PWRURNTZAXX01,ELCTZAXX01,1,2048,1.0
GLOBAL,PWRURNTZAXX01,ELCTZAXX01,1,2049,1.0
GLOBAL,PWRURNTZAXX01,ELCTZAXX01,1,2050,1.0
GLOBAL,PWRURNTZAXX01,ELCTZAXX01,2,2021,1.0
GLOBAL,PWRURNTZAXX01,ELCTZAXX01,2,2022,1.0
GLOBAL,PWRURNTZAXX01,ELCTZAXX01,2,2023,1.0
GLOBAL,PWRURNTZAXX01,ELCTZAXX01,2,2024,1.0
GLOBAL,PWRURNTZAXX01,ELCTZAXX01,2,2025,1.0
GLOBAL,PWRURNTZAXX01,ELCTZAXX01,2,2026,1.0
GLOBAL,PWRURNTZAXX01,ELCTZAXX01,2,2027,1.0
GLOBAL,PWRURNTZAXX01,ELCTZAXX01,2,2028,1.0
GLOBAL,PWRURNTZAXX01,ELCTZAXX01,2,2029,1.0
GLOBAL,PWRURNTZAXX01,ELCTZAXX01,2,2030,1.0
GLOBAL,PWRURNTZAXX01,ELCTZAXX01,2,2031,1.0
GLOBAL,PWRURNTZAXX01,ELCTZAXX01,2,2032,1.0
GLOBAL,PWRURNTZAXX01,ELCTZAXX01,2,2033,1.0
GLOBAL,PWRURNTZAXX01,ELCTZAXX01,2,2034,1.0
GLOBAL,PWRURNTZAXX01,ELCTZAXX01,2,2035,1.0
GLOBAL,PWRURNTZAXX01,ELCTZAXX01,2,2036,1.0
GLOBAL,PWRURNTZAXX01,ELCTZAXX01,2,2037,1.0
GLOBAL,PWRURNTZAXX01,ELCTZAXX01,2,2038,1.0
GLOBAL,PWRURNTZAXX01,ELCTZAXX01,2,2039,1.0
GLOBAL,PWRURNTZAXX01,ELCTZAXX01,2,2040,1.0
GLOBAL,PWRURNTZAXX01,ELCTZAXX01,2,2041,1.0
GLOBAL,PWRURNTZAXX01,ELCTZAXX01,2,2042,1.0
GLOBAL,PWRURNTZAXX01,ELCTZAXX01,2,2043,1.0
GLOBAL,PWRURNTZAXX01,ELCTZAXX01,2,2044,1.0
GLOBAL,PWRURNTZAXX01,ELCTZAXX01,2,2045,1.0
GLOBAL,PWRURNTZAXX01,ELCTZAXX01,2,2046,1.0
GLOBAL,PWRURNTZAXX01,ELCTZAXX01,2,2047,1.0
GLOBAL,PWRURNTZAXX01,ELCTZAXX01,2,2048,1.0
GLOBAL,PWRURNTZAXX01,ELCTZAXX01,2,2049,1.0
GLOBAL,PWRURNTZAXX01,ELCTZAXX01,2,2050,1.0
GLOBAL,PWRWONTZAXX01,ELCTZAXX01,1,2021,1.0
GLOBAL,PWRWONTZAXX01,ELCTZAXX01,1,2022,1.0
GLOBAL,PWRWONTZAXX01,ELCTZAXX01,1,2023,1.0
GLOBAL,PWRWONTZAXX01,ELCTZAXX01,1,2024,1.0
GLOBAL,PWRWONTZAXX01,ELCTZAXX01,1,2025,1.0
GLOBAL,PWRWONTZAXX01,ELCTZAXX01,1,2026,1.0
GLOBAL,PWRWONTZAXX01,ELCTZAXX01,1,2027,1.0
GLOBAL,PWRWONTZAXX01,ELCTZAXX01,1,2028,1.0
GLOBAL,PWRWONTZAXX01,ELCTZAXX01,1,2029,1.0
GLOBAL,PWRWONTZAXX01,ELCTZAXX01,1,2030,1.0
GLOBAL,PWRWONTZAXX01,ELCTZAXX01,1,2031,1.0
GLOBAL,PWRWONTZAXX01,ELCTZAXX01,1,2032,1.0
GLOBAL,PWRWONTZAXX01,ELCTZAXX01,1,2033,1.0
GLOBAL,PWRWONTZAXX01,ELCTZAXX01,1,2034,1.0
GLOBAL,PWRWONTZAXX01,ELCTZAXX01,1,2035,1.0
GLOBAL,PWRWONTZAXX01,ELCTZAXX01,1,2036,1.0
GLOBAL,PWRWONTZAXX01,ELCTZAXX01,1,2037,1.0
GLOBAL,PWRWONTZAXX01,ELCTZAXX01,1,2038,1.0
GLOBAL,PWRWONTZAXX01,ELCTZAXX01,1,2039,1.0
GLOBAL,PWRWONTZAXX01,ELCTZAXX01,1,2040,1.0
GLOBAL,PWRWONTZAXX01,ELCTZAXX01,1,2041,1.0
GLOBAL,PWRWONTZAXX01,ELCTZAXX01,1,2042,1.0
GLOBAL,PWRWONTZAXX01,ELCTZAXX01,1,2043,1.0
GLOBAL,PWRWONTZAXX01,ELCTZAXX01,1,2044,1.0
GLOBAL,PWRWONTZAXX01,ELCTZAXX01,1,2045,1.0
GLOBAL,PWRWONTZAXX01,ELCTZAXX01,1,2046,1.0
GLOBAL,PWRWONTZAXX01,ELCTZAXX01,1,2047,1.0
GLOBAL,PWRWONTZAXX01,ELCTZAXX01,1,2048,1.0
GLOBAL,PWRWONTZAXX01,ELCTZAXX01,1,2049,1.0
GLOBAL,PWRWONTZAXX01,ELCTZAXX01,1,2050,1.0
GLOBAL,PWRWASTZAXX01,ELCTZAXX01,1,2021,1.0
GLOBAL,PWRWASTZAXX01,ELCTZAXX01,1,2022,1.0
GLOBAL,PWRWASTZAXX01,ELCTZAXX01,1,2023,1.0
GLOBAL,PWRWASTZAXX01,ELCTZAXX01,1,2024,1.0
GLOBAL,PWRWASTZAXX01,ELCTZAXX01,1,2025,1.0
GLOBAL,PWRWASTZAXX01,ELCTZAXX01,1,2026,1.0
GLOBAL,PWRWASTZAXX01,ELCTZAXX01,1,2027,1.0
GLOBAL,PWRWASTZAXX01,ELCTZAXX01,1,2028,1.0
GLOBAL,PWRWASTZAXX01,ELCTZAXX01,1,2029,1.0
GLOBAL,PWRWASTZAXX01,ELCTZAXX01,1,2030,1.0
GLOBAL,PWRWASTZAXX01,ELCTZAXX01,1,2031,1.0
GLOBAL,PWRWASTZAXX01,ELCTZAXX01,1,2032,1.0
GLOBAL,PWRWASTZAXX01,ELCTZAXX01,1,2033,1.0
GLOBAL,PWRWASTZAXX01,ELCTZAXX01,1,2034,1.0
GLOBAL,PWRWASTZAXX01,ELCTZAXX01,1,2035,1.0
GLOBAL,PWRWASTZAXX01,ELCTZAXX01,1,2036,1.0
GLOBAL,PWRWASTZAXX01,ELCTZAXX01,1,2037,1.0
GLOBAL,PWRWASTZAXX01,ELCTZAXX01,1,2038,1.0
GLOBAL,PWRWASTZAXX01,ELCTZAXX01,1,2039,1.0
GLOBAL,PWRWASTZAXX01,ELCTZAXX01,1,2040,1.0
GLOBAL,PWRWASTZAXX01,ELCTZAXX01,1,2041,1.0
GLOBAL,PWRWASTZAXX01,ELCTZAXX01,1,2042,1.0
GLOBAL,PWRWASTZAXX01,ELCTZAXX01,1,2043,1.0
GLOBAL,PWRWASTZAXX01,ELCTZAXX01,1,2044,1.0
GLOBAL,PWRWASTZAXX01,ELCTZAXX01,1,2045,1.0
GLOBAL,PWRWASTZAXX01,ELCTZAXX01,1,2046,1.0
GLOBAL,PWRWASTZAXX01,ELCTZAXX01,1,2047,1.0
GLOBAL,PWRWASTZAXX01,ELCTZAXX01,1,2048,1.0
GLOBAL,PWRWASTZAXX01,ELCTZAXX01,1,2049,1.0
GLOBAL,PWRWASTZAXX01,ELCTZAXX01,1,2050,1.0
GLOBAL,PWRWOFTZAXX01,ELCTZAXX01,1,2021,1.0
GLOBAL,PWRWOFTZAXX01,ELCTZAXX01,1,2022,1.0
GLOBAL,PWRWOFTZAXX01,ELCTZAXX01,1,2023,1.0
GLOBAL,PWRWOFTZAXX01,ELCTZAXX01,1,2024,1.0
GLOBAL,PWRWOFTZAXX01,ELCTZAXX01,1,2025,1.0
GLOBAL,PWRWOFTZAXX01,ELCTZAXX01,1,2026,1.0
GLOBAL,PWRWOFTZAXX01,ELCTZAXX01,1,2027,1.0
GLOBAL,PWRWOFTZAXX01,ELCTZAXX01,1,2028,1.0
GLOBAL,PWRWOFTZAXX01,ELCTZAXX01,1,2029,1.0
GLOBAL,PWRWOFTZAXX01,ELCTZAXX01,1,2030,1.0
GLOBAL,PWRWOFTZAXX01,ELCTZAXX01,1,2031,1.0
GLOBAL,PWRWOFTZAXX01,ELCTZAXX01,1,2032,1.0
GLOBAL,PWRWOFTZAXX01,ELCTZAXX01,1,2033,1.0
GLOBAL,PWRWOFTZAXX01,ELCTZAXX01,1,2034,1.0
GLOBAL,PWRWOFTZAXX01,ELCTZAXX01,1,2035,1.0
GLOBAL,PWRWOFTZAXX01,ELCTZAXX01,1,2036,1.0
GLOBAL,PWRWOFTZAXX01,ELCTZAXX01,1,2037,1.0
GLOBAL,PWRWOFTZAXX01,ELCTZAXX01,1,2038,1.0
GLOBAL,PWRWOFTZAXX01,ELCTZAXX01,1,2039,1.0
GLOBAL,PWRWOFTZAXX01,ELCTZAXX01,1,2040,1.0
GLOBAL,PWRWOFTZAXX01,ELCTZAXX01,1,2041,1.0
GLOBAL,PWRWOFTZAXX01,ELCTZAXX01,1,2042,1.0
GLOBAL,PWRWOFTZAXX01,ELCTZAXX01,1,2043,1.0
GLOBAL,PWRWOFTZAXX01,ELCTZAXX01,1,2044,1.0
GLOBAL,PWRWOFTZAXX01,ELCTZAXX01,1,2045,1.0
GLOBAL,PWRWOFTZAXX01,ELCTZAXX01,1,2046,1.0
GLOBAL,PWRWOFTZAXX01,ELCTZAXX01,1,2047,1.0
GLOBAL,PWRWOFTZAXX01,ELCTZAXX01,1,2048,1.0
GLOBAL,PWRWOFTZAXX01,ELCTZAXX01,1,2049,1.0
GLOBAL,PWRWOFTZAXX01,ELCTZAXX01,1,2050,1.0
GLOBAL,PWRWAVTZAXX01,ELCTZAXX01,1,2021,1.0
GLOBAL,PWRWAVTZAXX01,ELCTZAXX01,1,2022,1.0
GLOBAL,PWRWAVTZAXX01,ELCTZAXX01,1,2023,1.0
GLOBAL,PWRWAVTZAXX01,ELCTZAXX01,1,2024,1.0
GLOBAL,PWRWAVTZAXX01,ELCTZAXX01,1,2025,1.0
GLOBAL,PWRWAVTZAXX01,ELCTZAXX01,1,2026,1.0
GLOBAL,PWRWAVTZAXX01,ELCTZAXX01,1,2027,1.0
GLOBAL,PWRWAVTZAXX01,ELCTZAXX01,1,2028,1.0
GLOBAL,PWRWAVTZAXX01,ELCTZAXX01,1,2029,1.0
GLOBAL,PWRWAVTZAXX01,ELCTZAXX01,1,2030,1.0
GLOBAL,PWRWAVTZAXX01,ELCTZAXX01,1,2031,1.0
GLOBAL,PWRWAVTZAXX01,ELCTZAXX01,1,2032,1.0
GLOBAL,PWRWAVTZAXX01,ELCTZAXX01,1,2033,1.0
GLOBAL,PWRWAVTZAXX01,ELCTZAXX01,1,2034,1.0
GLOBAL,PWRWAVTZAXX01,ELCTZAXX01,1,2035,1.0
GLOBAL,PWRWAVTZAXX01,ELCTZAXX01,1,2036,1.0
GLOBAL,PWRWAVTZAXX01,ELCTZAXX01,1,2037,1.0
GLOBAL,PWRWAVTZAXX01,ELCTZAXX01,1,2038,1.0
GLOBAL,PWRWAVTZAXX01,ELCTZAXX01,1,2039,1.0
GLOBAL,PWRWAVTZAXX01,ELCTZAXX01,1,2040,1.0
GLOBAL,PWRWAVTZAXX01,ELCTZAXX01,1,2041,1.0
GLOBAL,PWRWAVTZAXX01,ELCTZAXX01,1,2042,1.0
GLOBAL,PWRWAVTZAXX01,ELCTZAXX01,1,2043,1.0
GLOBAL,PWRWAVTZAXX01,ELCTZAXX01,1,2044,1.0
GLOBAL,PWRWAVTZAXX01,ELCTZAXX01,1,2045,1.0
GLOBAL,PWRWAVTZAXX01,ELCTZAXX01,1,2046,1.0
GLOBAL,PWRWAVTZAXX01,ELCTZAXX01,1,2047,1.0
GLOBAL,PWRWAVTZAXX01,ELCTZAXX01,1,2048,1.0
GLOBAL,PWRWAVTZAXX01,ELCTZAXX01,1,2049,1.0
GLOBAL,PWRWAVTZAXX01,ELCTZAXX01,1,2050,1.0
GLOBAL,PWRPETTZAXX01,ELCTZAXX01,1,2021,1.0
GLOBAL,PWRPETTZAXX01,ELCTZAXX01,1,2022,1.0
GLOBAL,PWRPETTZAXX01,ELCTZAXX01,1,2023,1.0
GLOBAL,PWRPETTZAXX01,ELCTZAXX01,1,2024,1.0
GLOBAL,PWRPETTZAXX01,ELCTZAXX01,1,2025,1.0
GLOBAL,PWRPETTZAXX01,ELCTZAXX01,1,2026,1.0
GLOBAL,PWRPETTZAXX01,ELCTZAXX01,1,2027,1.0
GLOBAL,PWRPETTZAXX01,ELCTZAXX01,1,2028,1.0
GLOBAL,PWRPETTZAXX01,ELCTZAXX01,1,2029,1.0
GLOBAL,PWRPETTZAXX01,ELCTZAXX01,1,2030,1.0
GLOBAL,PWRPETTZAXX01,ELCTZAXX01,1,2031,1.0
GLOBAL,PWRPETTZAXX01,ELCTZAXX01,1,2032,1.0
GLOBAL,PWRPETTZAXX01,ELCTZAXX01,1,2033,1.0
GLOBAL,PWRPETTZAXX01,ELCTZAXX01,1,2034,1.0
GLOBAL,PWRPETTZAXX01,ELCTZAXX01,1,2035,1.0
GLOBAL,PWRPETTZAXX01,ELCTZAXX01,1,2036,1.0
GLOBAL,PWRPETTZAXX01,ELCTZAXX01,1,2037,1.0
GLOBAL,PWRPETTZAXX01,ELCTZAXX01,1,2038,1.0
GLOBAL,PWRPETTZAXX01,ELCTZAXX01,1,2039,1.0
GLOBAL,PWRPETTZAXX01,ELCTZAXX01,1,2040,1.0
GLOBAL,PWRPETTZAXX01,ELCTZAXX01,1,2041,1.0
GLOBAL,PWRPETTZAXX01,ELCTZAXX01,1,2042,1.0
GLOBAL,PWRPETTZAXX01,ELCTZAXX01,1,2043,1.0
GLOBAL,PWRPETTZAXX01,ELCTZAXX01,1,2044,1.0
GLOBAL,PWRPETTZAXX01,ELCTZAXX01,1,2045,1.0
GLOBAL,PWRPETTZAXX01,ELCTZAXX01,1,2046,1.0
GLOBAL,PWRPETTZAXX01,ELCTZAXX01,1,2047,1.0
GLOBAL,PWRPETTZAXX01,ELCTZAXX01,1,2048,1.0
GLOBAL,PWRPETTZAXX01,ELCTZAXX01,1,2049,1.0
GLOBAL,PWRPETTZAXX01,ELCTZAXX01,1,2050,1.0
GLOBAL,PWRPETTZAXX01,ELCTZAXX01,2,2021,1.0
GLOBAL,PWRPETTZAXX01,ELCTZAXX01,2,2022,1.0
GLOBAL,PWRPETTZAXX01,ELCTZAXX01,2,2023,1.0
GLOBAL,PWRPETTZAXX01,ELCTZAXX01,2,2024,1.0
GLOBAL,PWRPETTZAXX01,ELCTZAXX01,2,2025,1.0
GLOBAL,PWRPETTZAXX01,ELCTZAXX01,2,2026,1.0
GLOBAL,PWRPETTZAXX01,ELCTZAXX01,2,2027,1.0
GLOBAL,PWRPETTZAXX01,ELCTZAXX01,2,2028,1.0
GLOBAL,PWRPETTZAXX01,ELCTZAXX01,2,2029,1.0
GLOBAL,PWRPETTZAXX01,ELCTZAXX01,2,2030,1.0
GLOBAL,PWRPETTZAXX01,ELCTZAXX01,2,2031,1.0
GLOBAL,PWRPETTZAXX01,ELCTZAXX01,2,2032,1.0
GLOBAL,PWRPETTZAXX01,ELCTZAXX01,2,2033,1.0
GLOBAL,PWRPETTZAXX01,ELCTZAXX01,2,2034,1.0
GLOBAL,PWRPETTZAXX01,ELCTZAXX01,2,2035,1.0
GLOBAL,PWRPETTZAXX01,ELCTZAXX01,2,2036,1.0
GLOBAL,PWRPETTZAXX01,ELCTZAXX01,2,2037,1.0
GLOBAL,PWRPETTZAXX01,ELCTZAXX01,2,2038,1.0
GLOBAL,PWRPETTZAXX01,ELCTZAXX01,2,2039,1.0
GLOBAL,PWRPETTZAXX01,ELCTZAXX01,2,2040,1.0
GLOBAL,PWRPETTZAXX01,ELCTZAXX01,2,2041,1.0
GLOBAL,PWRPETTZAXX01,ELCTZAXX01,2,2042,1.0
GLOBAL,PWRPETTZAXX01,ELCTZAXX01,2,2043,1.0
GLOBAL,PWRPETTZAXX01,ELCTZAXX01,2,2044,1.0
GLOBAL,PWRPETTZAXX01,ELCTZAXX01,2,2045,1.0
GLOBAL,PWRPETTZAXX01,ELCTZAXX01,2,2046,1.0
GLOBAL,PWRPETTZAXX01,ELCTZAXX01,2,2047,1.0
GLOBAL,PWRPETTZAXX01,ELCTZAXX01,2,2048,1.0
GLOBAL,PWRPETTZAXX01,ELCTZAXX01,2,2049,1.0
GLOBAL,PWRPETTZAXX01,ELCTZAXX01,2,2050,1.0
GLOBAL,PWRGEOTZAXX01,ELCTZAXX01,1,2021,1.0
GLOBAL,PWRGEOTZAXX01,ELCTZAXX01,1,2022,1.0
GLOBAL,PWRGEOTZAXX01,ELCTZAXX01,1,2023,1.0
GLOBAL,PWRGEOTZAXX01,ELCTZAXX01,1,2024,1.0
GLOBAL,PWRGEOTZAXX01,ELCTZAXX01,1,2025,1.0
GLOBAL,PWRGEOTZAXX01,ELCTZAXX01,1,2026,1.0
GLOBAL,PWRGEOTZAXX01,ELCTZAXX01,1,2027,1.0
GLOBAL,PWRGEOTZAXX01,ELCTZAXX01,1,2028,1.0
GLOBAL,PWRGEOTZAXX01,ELCTZAXX01,1,2029,1.0
GLOBAL,PWRGEOTZAXX01,ELCTZAXX01,1,2030,1.0
GLOBAL,PWRGEOTZAXX01,ELCTZAXX01,1,2031,1.0
GLOBAL,PWRGEOTZAXX01,ELCTZAXX01,1,2032,1.0
GLOBAL,PWRGEOTZAXX01,ELCTZAXX01,1,2033,1.0
GLOBAL,PWRGEOTZAXX01,ELCTZAXX01,1,2034,1.0
GLOBAL,PWRGEOTZAXX01,ELCTZAXX01,1,2035,1.0
GLOBAL,PWRGEOTZAXX01,ELCTZAXX01,1,2036,1.0
GLOBAL,PWRGEOTZAXX01,ELCTZAXX01,1,2037,1.0
GLOBAL,PWRGEOTZAXX01,ELCTZAXX01,1,2038,1.0
GLOBAL,PWRGEOTZAXX01,ELCTZAXX01,1,2039,1.0
GLOBAL,PWRGEOTZAXX01,ELCTZAXX01,1,2040,1.0
GLOBAL,PWRGEOTZAXX01,ELCTZAXX01,1,2041,1.0
GLOBAL,PWRGEOTZAXX01,ELCTZAXX01,1,2042,1.0
GLOBAL,PWRGEOTZAXX01,ELCTZAXX01,1,2043,1.0
GLOBAL,PWRGEOTZAXX01,ELCTZAXX01,1,2044,1.0
GLOBAL,PWRGEOTZAXX01,ELCTZAXX01,1,2045,1.0
GLOBAL,PWRGEOTZAXX01,ELCTZAXX01,1,2046,1.0
GLOBAL,PWRGEOTZAXX01,ELCTZAXX01,1,2047,1.0
GLOBAL,PWRGEOTZAXX01,ELCTZAXX01,1,2048,1.0
GLOBAL,PWRGEOTZAXX01,ELCTZAXX01,1,2049,1.0
GLOBAL,PWRGEOTZAXX01,ELCTZAXX01,1,2050,1.0
GLOBAL,PWRCOGTZAXX01,ELCTZAXX01,1,2021,1.0
GLOBAL,PWRCOGTZAXX01,ELCTZAXX01,1,2022,1.0
GLOBAL,PWRCOGTZAXX01,ELCTZAXX01,1,2023,1.0
GLOBAL,PWRCOGTZAXX01,ELCTZAXX01,1,2024,1.0
GLOBAL,PWRCOGTZAXX01,ELCTZAXX01,1,2025,1.0
GLOBAL,PWRCOGTZAXX01,ELCTZAXX01,1,2026,1.0
GLOBAL,PWRCOGTZAXX01,ELCTZAXX01,1,2027,1.0
GLOBAL,PWRCOGTZAXX01,ELCTZAXX01,1,2028,1.0
GLOBAL,PWRCOGTZAXX01,ELCTZAXX01,1,2029,1.0
GLOBAL,PWRCOGTZAXX01,ELCTZAXX01,1,2030,1.0
GLOBAL,PWRCOGTZAXX01,ELCTZAXX01,1,2031,1.0
GLOBAL,PWRCOGTZAXX01,ELCTZAXX01,1,2032,1.0
GLOBAL,PWRCOGTZAXX01,ELCTZAXX01,1,2033,1.0
GLOBAL,PWRCOGTZAXX01,ELCTZAXX01,1,2034,1.0
GLOBAL,PWRCOGTZAXX01,ELCTZAXX01,1,2035,1.0
GLOBAL,PWRCOGTZAXX01,ELCTZAXX01,1,2036,1.0
GLOBAL,PWRCOGTZAXX01,ELCTZAXX01,1,2037,1.0
GLOBAL,PWRCOGTZAXX01,ELCTZAXX01,1,2038,1.0
GLOBAL,PWRCOGTZAXX01,ELCTZAXX01,1,2039,1.0
GLOBAL,PWRCOGTZAXX01,ELCTZAXX01,1,2040,1.0
GLOBAL,PWRCOGTZAXX01,ELCTZAXX01,1,2041,1.0
GLOBAL,PWRCOGTZAXX01,ELCTZAXX01,1,2042,1.0
GLOBAL,PWRCOGTZAXX01,ELCTZAXX01,1,2043,1.0
GLOBAL,PWRCOGTZAXX01,ELCTZAXX01,1,2044,1.0
GLOBAL,PWRCOGTZAXX01,ELCTZAXX01,1,2045,1.0
GLOBAL,PWRCOGTZAXX01,ELCTZAXX01,1,2046,1.0
GLOBAL,PWRCOGTZAXX01,ELCTZAXX01,1,2047,1.0
GLOBAL,PWRCOGTZAXX01,ELCTZAXX01,1,2048,1.0
GLOBAL,PWRCOGTZAXX01,ELCTZAXX01,1,2049,1.0
GLOBAL,PWRCOGTZAXX01,ELCTZAXX01,1,2050,1.0
GLOBAL,PWRCOGTZAXX01,ELCTZAXX01,2,2021,1.0
GLOBAL,PWRCOGTZAXX01,ELCTZAXX01,2,2022,1.0
GLOBAL,PWRCOGTZAXX01,ELCTZAXX01,2,2023,1.0
GLOBAL,PWRCOGTZAXX01,ELCTZAXX01,2,2024,1.0
GLOBAL,PWRCOGTZAXX01,ELCTZAXX01,2,2025,1.0
GLOBAL,PWRCOGTZAXX01,ELCTZAXX01,2,2026,1.0
GLOBAL,PWRCOGTZAXX01,ELCTZAXX01,2,2027,1.0
GLOBAL,PWRCOGTZAXX01,ELCTZAXX01,2,2028,1.0
GLOBAL,PWRCOGTZAXX01,ELCTZAXX01,2,2029,1.0
GLOBAL,PWRCOGTZAXX01,ELCTZAXX01,2,2030,1.0
GLOBAL,PWRCOGTZAXX01,ELCTZAXX01,2,2031,1.0
GLOBAL,PWRCOGTZAXX01,ELCTZAXX01,2,2032,1.0
GLOBAL,PWRCOGTZAXX01,ELCTZAXX01,2,2033,1.0
GLOBAL,PWRCOGTZAXX01,ELCTZAXX01,2,2034,1.0
GLOBAL,PWRCOGTZAXX01,ELCTZAXX01,2,2035,1.0
GLOBAL,PWRCOGTZAXX01,ELCTZAXX01,2,2036,1.0
GLOBAL,PWRCOGTZAXX01,ELCTZAXX01,2,2037,1.0
GLOBAL,PWRCOGTZAXX01,ELCTZAXX01,2,2038,1.0
GLOBAL,PWRCOGTZAXX01,ELCTZAXX01,2,2039,1.0
GLOBAL,PWRCOGTZAXX01,ELCTZAXX01,2,2040,1.0
GLOBAL,PWRCOGTZAXX01,ELCTZAXX01,2,2041,1.0
GLOBAL,PWRCOGTZAXX01,ELCTZAXX01,2,2042,1.0
GLOBAL,PWRCOGTZAXX01,ELCTZAXX01,2,2043,1.0
GLOBAL,PWRCOGTZAXX01,ELCTZAXX01,2,2044,1.0
GLOBAL,PWRCOGTZAXX01,ELCTZAXX01,2,2045,1.0
GLOBAL,PWRCOGTZAXX01,ELCTZAXX01,2,2046,1.0
GLOBAL,PWRCOGTZAXX01,ELCTZAXX01,2,2047,1.0
GLOBAL,PWRCOGTZAXX01,ELCTZAXX01,2,2048,1.0
GLOBAL,PWRCOGTZAXX01,ELCTZAXX01,2,2049,1.0
GLOBAL,PWRCOGTZAXX01,ELCTZAXX01,2,2050,1.0
GLOBAL,PWRCCSTZAXX01,ELCTZAXX01,1,2021,1.0
GLOBAL,PWRCCSTZAXX01,ELCTZAXX01,1,2022,1.0
GLOBAL,PWRCCSTZAXX01,ELCTZAXX01,1,2023,1.0
GLOBAL,PWRCCSTZAXX01,ELCTZAXX01,1,2024,1.0
GLOBAL,PWRCCSTZAXX01,ELCTZAXX01,1,2025,1.0
GLOBAL,PWRCCSTZAXX01,ELCTZAXX01,1,2026,1.0
GLOBAL,PWRCCSTZAXX01,ELCTZAXX01,1,2027,1.0
GLOBAL,PWRCCSTZAXX01,ELCTZAXX01,1,2028,1.0
GLOBAL,PWRCCSTZAXX01,ELCTZAXX01,1,2029,1.0
GLOBAL,PWRCCSTZAXX01,ELCTZAXX01,1,2030,1.0
GLOBAL,PWRCCSTZAXX01,ELCTZAXX01,1,2031,1.0
GLOBAL,PWRCCSTZAXX01,ELCTZAXX01,1,2032,1.0
GLOBAL,PWRCCSTZAXX01,ELCTZAXX01,1,2033,1.0
GLOBAL,PWRCCSTZAXX01,ELCTZAXX01,1,2034,1.0
GLOBAL,PWRCCSTZAXX01,ELCTZAXX01,1,2035,1.0
GLOBAL,PWRCCSTZAXX01,ELCTZAXX01,1,2036,1.0
GLOBAL,PWRCCSTZAXX01,ELCTZAXX01,1,2037,1.0
GLOBAL,PWRCCSTZAXX01,ELCTZAXX01,1,2038,1.0
GLOBAL,PWRCCSTZAXX01,ELCTZAXX01,1,2039,1.0
GLOBAL,PWRCCSTZAXX01,ELCTZAXX01,1,2040,1.0
GLOBAL,PWRCCSTZAXX01,ELCTZAXX01,1,2041,1.0
GLOBAL,PWRCCSTZAXX01,ELCTZAXX01,1,2042,1.0
GLOBAL,PWRCCSTZAXX01,ELCTZAXX01,1,2043,1.0
GLOBAL,PWRCCSTZAXX01,ELCTZAXX01,1,2044,1.0
GLOBAL,PWRCCSTZAXX01,ELCTZAXX01,1,2045,1.0
GLOBAL,PWRCCSTZAXX01,ELCTZAXX01,1,2046,1.0
GLOBAL,PWRCCSTZAXX01,ELCTZAXX01,1,2047,1.0
GLOBAL,PWRCCSTZAXX01,ELCTZAXX01,1,2048,1.0
GLOBAL,PWRCCSTZAXX01,ELCTZAXX01,1,2049,1.0
GLOBAL,PWRCCSTZAXX01,ELCTZAXX01,1,2050,1.0
GLOBAL,PWRCCSTZAXX01,ELCTZAXX01,2,2021,1.0
GLOBAL,PWRCCSTZAXX01,ELCTZAXX01,2,2022,1.0
GLOBAL,PWRCCSTZAXX01,ELCTZAXX01,2,2023,1.0
GLOBAL,PWRCCSTZAXX01,ELCTZAXX01,2,2024,1.0
GLOBAL,PWRCCSTZAXX01,ELCTZAXX01,2,2025,1.0
GLOBAL,PWRCCSTZAXX01,ELCTZAXX01,2,2026,1.0
GLOBAL,PWRCCSTZAXX01,ELCTZAXX01,2,2027,1.0
GLOBAL,PWRCCSTZAXX01,ELCTZAXX01,2,2028,1.0
GLOBAL,PWRCCSTZAXX01,ELCTZAXX01,2,2029,1.0
GLOBAL,PWRCCSTZAXX01,ELCTZAXX01,2,2030,1.0
GLOBAL,PWRCCSTZAXX01,ELCTZAXX01,2,2031,1.0
GLOBAL,PWRCCSTZAXX01,ELCTZAXX01,2,2032,1.0
GLOBAL,PWRCCSTZAXX01,ELCTZAXX01,2,2033,1.0
GLOBAL,PWRCCSTZAXX01,ELCTZAXX01,2,2034,1.0
GLOBAL,PWRCCSTZAXX01,ELCTZAXX01,2,2035,1.0
GLOBAL,PWRCCSTZAXX01,ELCTZAXX01,2,2036,1.0
GLOBAL,PWRCCSTZAXX01,ELCTZAXX01,2,2037,1.0
GLOBAL,PWRCCSTZAXX01,ELCTZAXX01,2,2038,1.0
GLOBAL,PWRCCSTZAXX01,ELCTZAXX01,2,2039,1.0
GLOBAL,PWRCCSTZAXX01,ELCTZAXX01,2,2040,1.0
GLOBAL,PWRCCSTZAXX01,ELCTZAXX01,2,2041,1.0
GLOBAL,PWRCCSTZAXX01,ELCTZAXX01,2,2042,1.0
GLOBAL,PWRCCSTZAXX01,ELCTZAXX01,2,2043,1.0
GLOBAL,PWRCCSTZAXX01,ELCTZAXX01,2,2044,1.0
GLOBAL,PWRCCSTZAXX01,ELCTZAXX01,2,2045,1.0
GLOBAL,PWRCCSTZAXX01,ELCTZAXX01,2,2046,1.0
GLOBAL,PWRCCSTZAXX01,ELCTZAXX01,2,2047,1.0
GLOBAL,PWRCCSTZAXX01,ELCTZAXX01,2,2048,1.0
GLOBAL,PWRCCSTZAXX01,ELCTZAXX01,2,2049,1.0
GLOBAL,PWRCCSTZAXX01,ELCTZAXX01,2,2050,1.0
GLOBAL,MINGASKEN,GASKEN,1,2021,1.0
GLOBAL,MINGASKEN,GASKEN,1,2022,1.0
GLOBAL,MINGASKEN,GASKEN,1,2023,1.0
GLOBAL,MINGASKEN,GASKEN,1,2024,1.0
GLOBAL,MINGASKEN,GASKEN,1,2025,1.0
GLOBAL,MINGASKEN,GASKEN,1,2026,1.0
GLOBAL,MINGASKEN,GASKEN,1,2027,1.0
GLOBAL,MINGASKEN,GASKEN,1,2028,1.0
GLOBAL,MINGASKEN,GASKEN,1,2029,1.0
GLOBAL,MINGASKEN,GASKEN,1,2030,1.0
GLOBAL,MINGASKEN,GASKEN,1,2031,1.0
GLOBAL,MINGASKEN,GASKEN,1,2032,1.0
GLOBAL,MINGASKEN,GASKEN,1,2033,1.0
GLOBAL,MINGASKEN,GASKEN,1,2034,1.0
GLOBAL,MINGASKEN,GASKEN,1,2035,1.0
GLOBAL,MINGASKEN,GASKEN,1,2036,1.0
GLOBAL,MINGASKEN,GASKEN,1,2037,1.0
GLOBAL,MINGASKEN,GASKEN,1,2038,1.0
GLOBAL,MINGASKEN,GASKEN,1,2039,1.0
GLOBAL,MINGASKEN,GASKEN,1,2040,1.0
GLOBAL,MINGASKEN,GASKEN,1,2041,1.0
GLOBAL,MINGASKEN,GASKEN,1,2042,1.0
GLOBAL,MINGASKEN,GASKEN,1,2043,1.0
GLOBAL,MINGASKEN,GASKEN,1,2044,1.0
GLOBAL,MINGASKEN,GASKEN,1,2045,1.0
GLOBAL,MINGASKEN,GASKEN,1,2046,1.0
GLOBAL,MINGASKEN,GASKEN,1,2047,1.0
GLOBAL,MINGASKEN,GASKEN,1,2048,1.0
GLOBAL,MINGASKEN,GASKEN,1,2049,1.0
GLOBAL,MINGASKEN,GASKEN,1,2050,1.0
GLOBAL,RNWHYDKENXX,HYDKENXX,1,2021,1.0
GLOBAL,RNWHYDKENXX,HYDKENXX,1,2022,1.0
GLOBAL,RNWHYDKENXX,HYDKENXX,1,2023,1.0
GLOBAL,RNWHYDKENXX,HYDKENXX,1,2024,1.0
GLOBAL,RNWHYDKENXX,HYDKENXX,1,2025,1.0
GLOBAL,RNWHYDKENXX,HYDKENXX,1,2026,1.0
GLOBAL,RNWHYDKENXX,HYDKENXX,1,2027,1.0
GLOBAL,RNWHYDKENXX,HYDKENXX,1,2028,1.0
GLOBAL,RNWHYDKENXX,HYDKENXX,1,2029,1.0
GLOBAL,RNWHYDKENXX,HYDKENXX,1,2030,1.0
GLOBAL,RNWHYDKENXX,HYDKENXX,1,2031,1.0
GLOBAL,RNWHYDKENXX,HYDKENXX,1,2032,1.0
GLOBAL,RNWHYDKENXX,HYDKENXX,1,2033,1.0
GLOBAL,RNWHYDKENXX,HYDKENXX,1,2034,1.0
GLOBAL,RNWHYDKENXX,HYDKENXX,1,2035,1.0
GLOBAL,RNWHYDKENXX,HYDKENXX,1,2036,1.0
GLOBAL,RNWHYDKENXX,HYDKENXX,1,2037,1.0
GLOBAL,RNWHYDKENXX,HYDKENXX,1,2038,1.0
GLOBAL,RNWHYDKENXX,HYDKENXX,1,2039,1.0
GLOBAL,RNWHYDKENXX,HYDKENXX,1,2040,1.0
GLOBAL,RNWHYDKENXX,HYDKENXX,1,2041,1.0
GLOBAL,RNWHYDKENXX,HYDKENXX,1,2042,1.0
GLOBAL,RNWHYDKENXX,HYDKENXX,1,2043,1.0
GLOBAL,RNWHYDKENXX,HYDKENXX,1,2044,1.0
GLOBAL,RNWHYDKENXX,HYDKENXX,1,2045,1.0
GLOBAL,RNWHYDKENXX,HYDKENXX,1,2046,1.0
GLOBAL,RNWHYDKENXX,HYDKENXX,1,2047,1.0
GLOBAL,RNWHYDKENXX,HYDKENXX,1,2048,1.0
GLOBAL,RNWHYDKENXX,HYDKENXX,1,2049,1.0
GLOBAL,RNWHYDKENXX,HYDKENXX,1,2050,1.0
GLOBAL,MINOILKEN,OILKEN,1,2021,1.0
GLOBAL,MINOILKEN,OILKEN,1,2022,1.0
GLOBAL,MINOILKEN,OILKEN,1,2023,1.0
GLOBAL,MINOILKEN,OILKEN,1,2024,1.0
GLOBAL,MINOILKEN,OILKEN,1,2025,1.0
GLOBAL,MINOILKEN,OILKEN,1,2026,1.0
GLOBAL,MINOILKEN,OILKEN,1,2027,1.0
GLOBAL,MINOILKEN,OILKEN,1,2028,1.0
GLOBAL,MINOILKEN,OILKEN,1,2029,1.0
GLOBAL,MINOILKEN,OILKEN,1,2030,1.0
GLOBAL,MINOILKEN,OILKEN,1,2031,1.0
GLOBAL,MINOILKEN,OILKEN,1,2032,1.0
GLOBAL,MINOILKEN,OILKEN,1,2033,1.0
GLOBAL,MINOILKEN,OILKEN,1,2034,1.0
GLOBAL,MINOILKEN,OILKEN,1,2035,1.0
GLOBAL,MINOILKEN,OILKEN,1,2036,1.0
GLOBAL,MINOILKEN,OILKEN,1,2037,1.0
GLOBAL,MINOILKEN,OILKEN,1,2038,1.0
GLOBAL,MINOILKEN,OILKEN,1,2039,1.0
GLOBAL,MINOILKEN,OILKEN,1,2040,1.0
GLOBAL,MINOILKEN,OILKEN,1,2041,1.0
GLOBAL,MINOILKEN,OILKEN,1,2042,1.0
GLOBAL,MINOILKEN,OILKEN,1,2043,1.0
GLOBAL,MINOILKEN,OILKEN,1,2044,1.0
GLOBAL,MINOILKEN,OILKEN,1,2045,1.0
GLOBAL,MINOILKEN,OILKEN,1,2046,1.0
GLOBAL,MINOILKEN,OILKEN,1,2047,1.0
GLOBAL,MINOILKEN,OILKEN,1,2048,1.0
GLOBAL,MINOILKEN,OILKEN,1,2049,1.0
GLOBAL,MINOILKEN,OILKEN,1,2050,1.0
GLOBAL,RNWSPVKENXX,SPVKENXX,1,2021,1.0
GLOBAL,RNWSPVKENXX,SPVKENXX,1,2022,1.0
GLOBAL,RNWSPVKENXX,SPVKENXX,1,2023,1.0
GLOBAL,RNWSPVKENXX,SPVKENXX,1,2024,1.0
GLOBAL,RNWSPVKENXX,SPVKENXX,1,2025,1.0
GLOBAL,RNWSPVKENXX,SPVKENXX,1,2026,1.0
GLOBAL,RNWSPVKENXX,SPVKENXX,1,2027,1.0
GLOBAL,RNWSPVKENXX,SPVKENXX,1,2028,1.0
GLOBAL,RNWSPVKENXX,SPVKENXX,1,2029,1.0
GLOBAL,RNWSPVKENXX,SPVKENXX,1,2030,1.0
GLOBAL,RNWSPVKENXX,SPVKENXX,1,2031,1.0
GLOBAL,RNWSPVKENXX,SPVKENXX,1,2032,1.0
GLOBAL,RNWSPVKENXX,SPVKENXX,1,2033,1.0
GLOBAL,RNWSPVKENXX,SPVKENXX,1,2034,1.0
GLOBAL,RNWSPVKENXX,SPVKENXX,1,2035,1.0
GLOBAL,RNWSPVKENXX,SPVKENXX,1,2036,1.0
GLOBAL,RNWSPVKENXX,SPVKENXX,1,2037,1.0
GLOBAL,RNWSPVKENXX,SPVKENXX,1,2038,1.0
GLOBAL,RNWSPVKENXX,SPVKENXX,1,2039,1.0
GLOBAL,RNWSPVKENXX,SPVKENXX,1,2040,1.0
GLOBAL,RNWSPVKENXX,SPVKENXX,1,2041,1.0
GLOBAL,RNWSPVKENXX,SPVKENXX,1,2042,1.0
GLOBAL,RNWSPVKENXX,SPVKENXX,1,2043,1.0
GLOBAL,RNWSPVKENXX,SPVKENXX,1,2044,1.0
GLOBAL,RNWSPVKENXX,SPVKENXX,1,2045,1.0
GLOBAL,RNWSPVKENXX,SPVKENXX,1,2046,1.0
GLOBAL,RNWSPVKENXX,SPVKENXX,1,2047,1.0
GLOBAL,RNWSPVKENXX,SPVKENXX,1,2048,1.0
GLOBAL,RNWSPVKENXX,SPVKENXX,1,2049,1.0
GLOBAL,RNWSPVKENXX,SPVKENXX,1,2050,1.0
GLOBAL,MINOTHKEN,OTHKEN,1,2021,1.0
GLOBAL,MINOTHKEN,OTHKEN,1,2022,1.0
GLOBAL,MINOTHKEN,OTHKEN,1,2023,1.0
GLOBAL,MINOTHKEN,OTHKEN,1,2024,1.0
GLOBAL,MINOTHKEN,OTHKEN,1,2025,1.0
GLOBAL,MINOTHKEN,OTHKEN,1,2026,1.0
GLOBAL,MINOTHKEN,OTHKEN,1,2027,1.0
GLOBAL,MINOTHKEN,OTHKEN,1,2028,1.0
GLOBAL,MINOTHKEN,OTHKEN,1,2029,1.0
GLOBAL,MINOTHKEN,OTHKEN,1,2030,1.0
GLOBAL,MINOTHKEN,OTHKEN,1,2031,1.0
GLOBAL,MINOTHKEN,OTHKEN,1,2032,1.0
GLOBAL,MINOTHKEN,OTHKEN,1,2033,1.0
GLOBAL,MINOTHKEN,OTHKEN,1,2034,1.0
GLOBAL,MINOTHKEN,OTHKEN,1,2035,1.0
GLOBAL,MINOTHKEN,OTHKEN,1,2036,1.0
GLOBAL,MINOTHKEN,OTHKEN,1,2037,1.0
GLOBAL,MINOTHKEN,OTHKEN,1,2038,1.0
GLOBAL,MINOTHKEN,OTHKEN,1,2039,1.0
GLOBAL,MINOTHKEN,OTHKEN,1,2040,1.0
GLOBAL,MINOTHKEN,OTHKEN,1,2041,1.0
GLOBAL,MINOTHKEN,OTHKEN,1,2042,1.0
GLOBAL,MINOTHKEN,OTHKEN,1,2043,1.0
GLOBAL,MINOTHKEN,OTHKEN,1,2044,1.0
GLOBAL,MINOTHKEN,OTHKEN,1,2045,1.0
GLOBAL,MINOTHKEN,OTHKEN,1,2046,1.0
GLOBAL,MINOTHKEN,OTHKEN,1,2047,1.0
GLOBAL,MINOTHKEN,OTHKEN,1,2048,1.0
GLOBAL,MINOTHKEN,OTHKEN,1,2049,1.0
GLOBAL,MINOTHKEN,OTHKEN,1,2050,1.0
GLOBAL,RNWCSPKENXX,CSPKENXX,1,2021,1.0
GLOBAL,RNWCSPKENXX,CSPKENXX,1,2022,1.0
GLOBAL,RNWCSPKENXX,CSPKENXX,1,2023,1.0
GLOBAL,RNWCSPKENXX,CSPKENXX,1,2024,1.0
GLOBAL,RNWCSPKENXX,CSPKENXX,1,2025,1.0
GLOBAL,RNWCSPKENXX,CSPKENXX,1,2026,1.0
GLOBAL,RNWCSPKENXX,CSPKENXX,1,2027,1.0
GLOBAL,RNWCSPKENXX,CSPKENXX,1,2028,1.0
GLOBAL,RNWCSPKENXX,CSPKENXX,1,2029,1.0
GLOBAL,RNWCSPKENXX,CSPKENXX,1,2030,1.0
GLOBAL,RNWCSPKENXX,CSPKENXX,1,2031,1.0
GLOBAL,RNWCSPKENXX,CSPKENXX,1,2032,1.0
GLOBAL,RNWCSPKENXX,CSPKENXX,1,2033,1.0
GLOBAL,RNWCSPKENXX,CSPKENXX,1,2034,1.0
GLOBAL,RNWCSPKENXX,CSPKENXX,1,2035,1.0
GLOBAL,RNWCSPKENXX,CSPKENXX,1,2036,1.0
GLOBAL,RNWCSPKENXX,CSPKENXX,1,2037,1.0
GLOBAL,RNWCSPKENXX,CSPKENXX,1,2038,1.0
GLOBAL,RNWCSPKENXX,CSPKENXX,1,2039,1.0
GLOBAL,RNWCSPKENXX,CSPKENXX,1,2040,1.0
GLOBAL,RNWCSPKENXX,CSPKENXX,1,2041,1.0
GLOBAL,RNWCSPKENXX,CSPKENXX,1,2042,1.0
GLOBAL,RNWCSPKENXX,CSPKENXX,1,2043,1.0
GLOBAL,RNWCSPKENXX,CSPKENXX,1,2044,1.0
GLOBAL,RNWCSPKENXX,CSPKENXX,1,2045,1.0
GLOBAL,RNWCSPKENXX,CSPKENXX,1,2046,1.0
GLOBAL,RNWCSPKENXX,CSPKENXX,1,2047,1.0
GLOBAL,RNWCSPKENXX,CSPKENXX,1,2048,1.0
GLOBAL,RNWCSPKENXX,CSPKENXX,1,2049,1.0
GLOBAL,RNWCSPKENXX,CSPKENXX,1,2050,1.0
GLOBAL,RNWBIOKENXX,BIOKENXX,1,2021,1.0
GLOBAL,RNWBIOKENXX,BIOKENXX,1,2022,1.0
GLOBAL,RNWBIOKENXX,BIOKENXX,1,2023,1.0
GLOBAL,RNWBIOKENXX,BIOKENXX,1,2024,1.0
GLOBAL,RNWBIOKENXX,BIOKENXX,1,2025,1.0
GLOBAL,RNWBIOKENXX,BIOKENXX,1,2026,1.0
GLOBAL,RNWBIOKENXX,BIOKENXX,1,2027,1.0
GLOBAL,RNWBIOKENXX,BIOKENXX,1,2028,1.0
GLOBAL,RNWBIOKENXX,BIOKENXX,1,2029,1.0
GLOBAL,RNWBIOKENXX,BIOKENXX,1,2030,1.0
GLOBAL,RNWBIOKENXX,BIOKENXX,1,2031,1.0
GLOBAL,RNWBIOKENXX,BIOKENXX,1,2032,1.0
GLOBAL,RNWBIOKENXX,BIOKENXX,1,2033,1.0
GLOBAL,RNWBIOKENXX,BIOKENXX,1,2034,1.0
GLOBAL,RNWBIOKENXX,BIOKENXX,1,2035,1.0
GLOBAL,RNWBIOKENXX,BIOKENXX,1,2036,1.0
GLOBAL,RNWBIOKENXX,BIOKENXX,1,2037,1.0
GLOBAL,RNWBIOKENXX,BIOKENXX,1,2038,1.0
GLOBAL,RNWBIOKENXX,BIOKENXX,1,2039,1.0
GLOBAL,RNWBIOKENXX,BIOKENXX,1,2040,1.0
GLOBAL,RNWBIOKENXX,BIOKENXX,1,2041,1.0
GLOBAL,RNWBIOKENXX,BIOKENXX,1,2042,1.0
GLOBAL,RNWBIOKENXX,BIOKENXX,1,2043,1.0
GLOBAL,RNWBIOKENXX,BIOKENXX,1,2044,1.0
GLOBAL,RNWBIOKENXX,BIOKENXX,1,2045,1.0
GLOBAL,RNWBIOKENXX,BIOKENXX,1,2046,1.0
GLOBAL,RNWBIOKENXX,BIOKENXX,1,2047,1.0
GLOBAL,RNWBIOKENXX,BIOKENXX,1,2048,1.0
GLOBAL,RNWBIOKENXX,BIOKENXX,1,2049,1.0
GLOBAL,RNWBIOKENXX,BIOKENXX,1,2050,1.0
GLOBAL,MINCOAKEN,COAKEN,1,2021,1.0
GLOBAL,MINCOAKEN,COAKEN,1,2022,1.0
GLOBAL,MINCOAKEN,COAKEN,1,2023,1.0
GLOBAL,MINCOAKEN,COAKEN,1,2024,1.0
GLOBAL,MINCOAKEN,COAKEN,1,2025,1.0
GLOBAL,MINCOAKEN,COAKEN,1,2026,1.0
GLOBAL,MINCOAKEN,COAKEN,1,2027,1.0
GLOBAL,MINCOAKEN,COAKEN,1,2028,1.0
GLOBAL,MINCOAKEN,COAKEN,1,2029,1.0
GLOBAL,MINCOAKEN,COAKEN,1,2030,1.0
GLOBAL,MINCOAKEN,COAKEN,1,2031,1.0
GLOBAL,MINCOAKEN,COAKEN,1,2032,1.0
GLOBAL,MINCOAKEN,COAKEN,1,2033,1.0
GLOBAL,MINCOAKEN,COAKEN,1,2034,1.0
GLOBAL,MINCOAKEN,COAKEN,1,2035,1.0
GLOBAL,MINCOAKEN,COAKEN,1,2036,1.0
GLOBAL,MINCOAKEN,COAKEN,1,2037,1.0
GLOBAL,MINCOAKEN,COAKEN,1,2038,1.0
GLOBAL,MINCOAKEN,COAKEN,1,2039,1.0
GLOBAL,MINCOAKEN,COAKEN,1,2040,1.0
GLOBAL,MINCOAKEN,COAKEN,1,2041,1.0
GLOBAL,MINCOAKEN,COAKEN,1,2042,1.0
GLOBAL,MINCOAKEN,COAKEN,1,2043,1.0
GLOBAL,MINCOAKEN,COAKEN,1,2044,1.0
GLOBAL,MINCOAKEN,COAKEN,1,2045,1.0
GLOBAL,MINCOAKEN,COAKEN,1,2046,1.0
GLOBAL,MINCOAKEN,COAKEN,1,2047,1.0
GLOBAL,MINCOAKEN,COAKEN,1,2048,1.0
GLOBAL,MINCOAKEN,COAKEN,1,2049,1.0
GLOBAL,MINCOAKEN,COAKEN,1,2050,1.0
GLOBAL,MINURNKEN,URNKEN,1,2021,1.0
GLOBAL,MINURNKEN,URNKEN,1,2022,1.0
GLOBAL,MINURNKEN,URNKEN,1,2023,1.0
GLOBAL,MINURNKEN,URNKEN,1,2024,1.0
GLOBAL,MINURNKEN,URNKEN,1,2025,1.0
GLOBAL,MINURNKEN,URNKEN,1,2026,1.0
GLOBAL,MINURNKEN,URNKEN,1,2027,1.0
GLOBAL,MINURNKEN,URNKEN,1,2028,1.0
GLOBAL,MINURNKEN,URNKEN,1,2029,1.0
GLOBAL,MINURNKEN,URNKEN,1,2030,1.0
GLOBAL,MINURNKEN,URNKEN,1,2031,1.0
GLOBAL,MINURNKEN,URNKEN,1,2032,1.0
GLOBAL,MINURNKEN,URNKEN,1,2033,1.0
GLOBAL,MINURNKEN,URNKEN,1,2034,1.0
GLOBAL,MINURNKEN,URNKEN,1,2035,1.0
GLOBAL,MINURNKEN,URNKEN,1,2036,1.0
GLOBAL,MINURNKEN,URNKEN,1,2037,1.0
GLOBAL,MINURNKEN,URNKEN,1,2038,1.0
GLOBAL,MINURNKEN,URNKEN,1,2039,1.0
GLOBAL,MINURNKEN,URNKEN,1,2040,1.0
GLOBAL,MINURNKEN,URNKEN,1,2041,1.0
GLOBAL,MINURNKEN,URNKEN,1,2042,1.0
GLOBAL,MINURNKEN,URNKEN,1,2043,1.0
GLOBAL,MINURNKEN,URNKEN,1,2044,1.0
GLOBAL,MINURNKEN,URNKEN,1,2045,1.0
GLOBAL,MINURNKEN,URNKEN,1,2046,1.0
GLOBAL,MINURNKEN,URNKEN,1,2047,1.0
GLOBAL,MINURNKEN,URNKEN,1,2048,1.0
GLOBAL,MINURNKEN,URNKEN,1,2049,1.0
GLOBAL,MINURNKEN,URNKEN,1,2050,1.0
GLOBAL,RNWWONKENXX,WONKENXX,1,2021,1.0
GLOBAL,RNWWONKENXX,WONKENXX,1,2022,1.0
GLOBAL,RNWWONKENXX,WONKENXX,1,2023,1.0
GLOBAL,RNWWONKENXX,WONKENXX,1,2024,1.0
GLOBAL,RNWWONKENXX,WONKENXX,1,2025,1.0
GLOBAL,RNWWONKENXX,WONKENXX,1,2026,1.0
GLOBAL,RNWWONKENXX,WONKENXX,1,2027,1.0
GLOBAL,RNWWONKENXX,WONKENXX,1,2028,1.0
GLOBAL,RNWWONKENXX,WONKENXX,1,2029,1.0
GLOBAL,RNWWONKENXX,WONKENXX,1,2030,1.0
GLOBAL,RNWWONKENXX,WONKENXX,1,2031,1.0
GLOBAL,RNWWONKENXX,WONKENXX,1,2032,1.0
GLOBAL,RNWWONKENXX,WONKENXX,1,2033,1.0
GLOBAL,RNWWONKENXX,WONKENXX,1,2034,1.0
GLOBAL,RNWWONKENXX,WONKENXX,1,2035,1.0
GLOBAL,RNWWONKENXX,WONKENXX,1,2036,1.0
GLOBAL,RNWWONKENXX,WONKENXX,1,2037,1.0
GLOBAL,RNWWONKENXX,WONKENXX,1,2038,1.0
GLOBAL,RNWWONKENXX,WONKENXX,1,2039,1.0
GLOBAL,RNWWONKENXX,WONKENXX,1,2040,1.0
GLOBAL,RNWWONKENXX,WONKENXX,1,2041,1.0
GLOBAL,RNWWONKENXX,WONKENXX,1,2042,1.0
GLOBAL,RNWWONKENXX,WONKENXX,1,2043,1.0
GLOBAL,RNWWONKENXX,WONKENXX,1,2044,1.0
GLOBAL,RNWWONKENXX,WONKENXX,1,2045,1.0
GLOBAL,RNWWONKENXX,WONKENXX,1,2046,1.0
GLOBAL,RNWWONKENXX,WONKENXX,1,2047,1.0
GLOBAL,RNWWONKENXX,WONKENXX,1,2048,1.0
GLOBAL,RNWWONKENXX,WONKENXX,1,2049,1.0
GLOBAL,RNWWONKENXX,WONKENXX,1,2050,1.0
GLOBAL,RNWWASKENXX,WASKENXX,1,2021,1.0
GLOBAL,RNWWASKENXX,WASKENXX,1,2022,1.0
GLOBAL,RNWWASKENXX,WASKENXX,1,2023,1.0
GLOBAL,RNWWASKENXX,WASKENXX,1,2024,1.0
GLOBAL,RNWWASKENXX,WASKENXX,1,2025,1.0
GLOBAL,RNWWASKENXX,WASKENXX,1,2026,1.0
GLOBAL,RNWWASKENXX,WASKENXX,1,2027,1.0
GLOBAL,RNWWASKENXX,WASKENXX,1,2028,1.0
GLOBAL,RNWWASKENXX,WASKENXX,1,2029,1.0
GLOBAL,RNWWASKENXX,WASKENXX,1,2030,1.0
GLOBAL,RNWWASKENXX,WASKENXX,1,2031,1.0
GLOBAL,RNWWASKENXX,WASKENXX,1,2032,1.0
GLOBAL,RNWWASKENXX,WASKENXX,1,2033,1.0
GLOBAL,RNWWASKENXX,WASKENXX,1,2034,1.0
GLOBAL,RNWWASKENXX,WASKENXX,1,2035,1.0
GLOBAL,RNWWASKENXX,WASKENXX,1,2036,1.0
GLOBAL,RNWWASKENXX,WASKENXX,1,2037,1.0
GLOBAL,RNWWASKENXX,WASKENXX,1,2038,1.0
GLOBAL,RNWWASKENXX,WASKENXX,1,2039,1.0
GLOBAL,RNWWASKENXX,WASKENXX,1,2040,1.0
GLOBAL,RNWWASKENXX,WASKENXX,1,2041,1.0
GLOBAL,RNWWASKENXX,WASKENXX,1,2042,1.0
GLOBAL,RNWWASKENXX,WASKENXX,1,2043,1.0
GLOBAL,RNWWASKENXX,WASKENXX,1,2044,1.0
GLOBAL,RNWWASKENXX,WASKENXX,1,2045,1.0
GLOBAL,RNWWASKENXX,WASKENXX,1,2046,1.0
GLOBAL,RNWWASKENXX,WASKENXX,1,2047,1.0
GLOBAL,RNWWASKENXX,WASKENXX,1,2048,1.0
GLOBAL,RNWWASKENXX,WASKENXX,1,2049,1.0
GLOBAL,RNWWASKENXX,WASKENXX,1,2050,1.0
GLOBAL,RNWWOFKENXX,WOFKENXX,1,2021,1.0
GLOBAL,RNWWOFKENXX,WOFKENXX,1,2022,1.0
GLOBAL,RNWWOFKENXX,WOFKENXX,1,2023,1.0
GLOBAL,RNWWOFKENXX,WOFKENXX,1,2024,1.0
GLOBAL,RNWWOFKENXX,WOFKENXX,1,2025,1.0
GLOBAL,RNWWOFKENXX,WOFKENXX,1,2026,1.0
GLOBAL,RNWWOFKENXX,WOFKENXX,1,2027,1.0
GLOBAL,RNWWOFKENXX,WOFKENXX,1,2028,1.0
GLOBAL,RNWWOFKENXX,WOFKENXX,1,2029,1.0
GLOBAL,RNWWOFKENXX,WOFKENXX,1,2030,1.0
GLOBAL,RNWWOFKENXX,WOFKENXX,1,2031,1.0
GLOBAL,RNWWOFKENXX,WOFKENXX,1,2032,1.0
GLOBAL,RNWWOFKENXX,WOFKENXX,1,2033,1.0
GLOBAL,RNWWOFKENXX,WOFKENXX,1,2034,1.0
GLOBAL,RNWWOFKENXX,WOFKENXX,1,2035,1.0
GLOBAL,RNWWOFKENXX,WOFKENXX,1,2036,1.0
GLOBAL,RNWWOFKENXX,WOFKENXX,1,2037,1.0
GLOBAL,RNWWOFKENXX,WOFKENXX,1,2038,1.0
GLOBAL,RNWWOFKENXX,WOFKENXX,1,2039,1.0
GLOBAL,RNWWOFKENXX,WOFKENXX,1,2040,1.0
GLOBAL,RNWWOFKENXX,WOFKENXX,1,2041,1.0
GLOBAL,RNWWOFKENXX,WOFKENXX,1,2042,1.0
GLOBAL,RNWWOFKENXX,WOFKENXX,1,2043,1.0
GLOBAL,RNWWOFKENXX,WOFKENXX,1,2044,1.0
GLOBAL,RNWWOFKENXX,WOFKENXX,1,2045,1.0
GLOBAL,RNWWOFKENXX,WOFKENXX,1,2046,1.0
GLOBAL,RNWWOFKENXX,WOFKENXX,1,2047,1.0
GLOBAL,RNWWOFKENXX,WOFKENXX,1,2048,1.0
GLOBAL,RNWWOFKENXX,WOFKENXX,1,2049,1.0
GLOBAL,RNWWOFKENXX,WOFKENXX,1,2050,1.0
GLOBAL,RNWWAVKENXX,WAVKENXX,1,2021,1.0
GLOBAL,RNWWAVKENXX,WAVKENXX,1,2022,1.0
GLOBAL,RNWWAVKENXX,WAVKENXX,1,2023,1.0
GLOBAL,RNWWAVKENXX,WAVKENXX,1,2024,1.0
GLOBAL,RNWWAVKENXX,WAVKENXX,1,2025,1.0
GLOBAL,RNWWAVKENXX,WAVKENXX,1,2026,1.0
GLOBAL,RNWWAVKENXX,WAVKENXX,1,2027,1.0
GLOBAL,RNWWAVKENXX,WAVKENXX,1,2028,1.0
GLOBAL,RNWWAVKENXX,WAVKENXX,1,2029,1.0
GLOBAL,RNWWAVKENXX,WAVKENXX,1,2030,1.0
GLOBAL,RNWWAVKENXX,WAVKENXX,1,2031,1.0
GLOBAL,RNWWAVKENXX,WAVKENXX,1,2032,1.0
GLOBAL,RNWWAVKENXX,WAVKENXX,1,2033,1.0
GLOBAL,RNWWAVKENXX,WAVKENXX,1,2034,1.0
GLOBAL,RNWWAVKENXX,WAVKENXX,1,2035,1.0
GLOBAL,RNWWAVKENXX,WAVKENXX,1,2036,1.0
GLOBAL,RNWWAVKENXX,WAVKENXX,1,2037,1.0
GLOBAL,RNWWAVKENXX,WAVKENXX,1,2038,1.0
GLOBAL,RNWWAVKENXX,WAVKENXX,1,2039,1.0
GLOBAL,RNWWAVKENXX,WAVKENXX,1,2040,1.0
GLOBAL,RNWWAVKENXX,WAVKENXX,1,2041,1.0
GLOBAL,RNWWAVKENXX,WAVKENXX,1,2042,1.0
GLOBAL,RNWWAVKENXX,WAVKENXX,1,2043,1.0
GLOBAL,RNWWAVKENXX,WAVKENXX,1,2044,1.0
GLOBAL,RNWWAVKENXX,WAVKENXX,1,2045,1.0
GLOBAL,RNWWAVKENXX,WAVKENXX,1,2046,1.0
GLOBAL,RNWWAVKENXX,WAVKENXX,1,2047,1.0
GLOBAL,RNWWAVKENXX,WAVKENXX,1,2048,1.0
GLOBAL,RNWWAVKENXX,WAVKENXX,1,2049,1.0
GLOBAL,RNWWAVKENXX,WAVKENXX,1,2050,1.0
GLOBAL,MINPETKEN,PETKEN,1,2021,1.0
GLOBAL,MINPETKEN,PETKEN,1,2022,1.0
GLOBAL,MINPETKEN,PETKEN,1,2023,1.0
GLOBAL,MINPETKEN,PETKEN,1,2024,1.0
GLOBAL,MINPETKEN,PETKEN,1,2025,1.0
GLOBAL,MINPETKEN,PETKEN,1,2026,1.0
GLOBAL,MINPETKEN,PETKEN,1,2027,1.0
GLOBAL,MINPETKEN,PETKEN,1,2028,1.0
GLOBAL,MINPETKEN,PETKEN,1,2029,1.0
GLOBAL,MINPETKEN,PETKEN,1,2030,1.0
GLOBAL,MINPETKEN,PETKEN,1,2031,1.0
GLOBAL,MINPETKEN,PETKEN,1,2032,1.0
GLOBAL,MINPETKEN,PETKEN,1,2033,1.0
GLOBAL,MINPETKEN,PETKEN,1,2034,1.0
GLOBAL,MINPETKEN,PETKEN,1,2035,1.0
GLOBAL,MINPETKEN,PETKEN,1,2036,1.0
GLOBAL,MINPETKEN,PETKEN,1,2037,1.0
GLOBAL,MINPETKEN,PETKEN,1,2038,1.0
GLOBAL,MINPETKEN,PETKEN,1,2039,1.0
GLOBAL,MINPETKEN,PETKEN,1,2040,1.0
GLOBAL,MINPETKEN,PETKEN,1,2041,1.0
GLOBAL,MINPETKEN,PETKEN,1,2042,1.0
GLOBAL,MINPETKEN,PETKEN,1,2043,1.0
GLOBAL,MINPETKEN,PETKEN,1,2044,1.0
GLOBAL,MINPETKEN,PETKEN,1,2045,1.0
GLOBAL,MINPETKEN,PETKEN,1,2046,1.0
GLOBAL,MINPETKEN,PETKEN,1,2047,1.0
GLOBAL,MINPETKEN,PETKEN,1,2048,1.0
GLOBAL,MINPETKEN,PETKEN,1,2049,1.0
GLOBAL,MINPETKEN,PETKEN,1,2050,1.0
GLOBAL,RNWGEOKENXX,GEOKENXX,1,2021,1.0
GLOBAL,RNWGEOKENXX,GEOKENXX,1,2022,1.0
GLOBAL,RNWGEOKENXX,GEOKENXX,1,2023,1.0
GLOBAL,RNWGEOKENXX,GEOKENXX,1,2024,1.0
GLOBAL,RNWGEOKENXX,GEOKENXX,1,2025,1.0
GLOBAL,RNWGEOKENXX,GEOKENXX,1,2026,1.0
GLOBAL,RNWGEOKENXX,GEOKENXX,1,2027,1.0
GLOBAL,RNWGEOKENXX,GEOKENXX,1,2028,1.0
GLOBAL,RNWGEOKENXX,GEOKENXX,1,2029,1.0
GLOBAL,RNWGEOKENXX,GEOKENXX,1,2030,1.0
GLOBAL,RNWGEOKENXX,GEOKENXX,1,2031,1.0
GLOBAL,RNWGEOKENXX,GEOKENXX,1,2032,1.0
GLOBAL,RNWGEOKENXX,GEOKENXX,1,2033,1.0
GLOBAL,RNWGEOKENXX,GEOKENXX,1,2034,1.0
GLOBAL,RNWGEOKENXX,GEOKENXX,1,2035,1.0
GLOBAL,RNWGEOKENXX,GEOKENXX,1,2036,1.0
GLOBAL,RNWGEOKENXX,GEOKENXX,1,2037,1.0
GLOBAL,RNWGEOKENXX,GEOKENXX,1,2038,1.0
GLOBAL,RNWGEOKENXX,GEOKENXX,1,2039,1.0
GLOBAL,RNWGEOKENXX,GEOKENXX,1,2040,1.0
GLOBAL,RNWGEOKENXX,GEOKENXX,1,2041,1.0
GLOBAL,RNWGEOKENXX,GEOKENXX,1,2042,1.0
GLOBAL,RNWGEOKENXX,GEOKENXX,1,2043,1.0
GLOBAL,RNWGEOKENXX,GEOKENXX,1,2044,1.0
GLOBAL,RNWGEOKENXX,GEOKENXX,1,2045,1.0
GLOBAL,RNWGEOKENXX,GEOKENXX,1,2046,1.0
GLOBAL,RNWGEOKENXX,GEOKENXX,1,2047,1.0
GLOBAL,RNWGEOKENXX,GEOKENXX,1,2048,1.0
GLOBAL,RNWGEOKENXX,GEOKENXX,1,2049,1.0
GLOBAL,RNWGEOKENXX,GEOKENXX,1,2050,1.0
GLOBAL,MINCOGKEN,COGKEN,1,2021,1.0
GLOBAL,MINCOGKEN,COGKEN,1,2022,1.0
GLOBAL,MINCOGKEN,COGKEN,1,2023,1.0
GLOBAL,MINCOGKEN,COGKEN,1,2024,1.0
GLOBAL,MINCOGKEN,COGKEN,1,2025,1.0
GLOBAL,MINCOGKEN,COGKEN,1,2026,1.0
GLOBAL,MINCOGKEN,COGKEN,1,2027,1.0
GLOBAL,MINCOGKEN,COGKEN,1,2028,1.0
GLOBAL,MINCOGKEN,COGKEN,1,2029,1.0
GLOBAL,MINCOGKEN,COGKEN,1,2030,1.0
GLOBAL,MINCOGKEN,COGKEN,1,2031,1.0
GLOBAL,MINCOGKEN,COGKEN,1,2032,1.0
GLOBAL,MINCOGKEN,COGKEN,1,2033,1.0
GLOBAL,MINCOGKEN,COGKEN,1,2034,1.0
GLOBAL,MINCOGKEN,COGKEN,1,2035,1.0
GLOBAL,MINCOGKEN,COGKEN,1,2036,1.0
GLOBAL,MINCOGKEN,COGKEN,1,2037,1.0
GLOBAL,MINCOGKEN,COGKEN,1,2038,1.0
GLOBAL,MINCOGKEN,COGKEN,1,2039,1.0
GLOBAL,MINCOGKEN,COGKEN,1,2040,1.0
GLOBAL,MINCOGKEN,COGKEN,1,2041,1.0
GLOBAL,MINCOGKEN,COGKEN,1,2042,1.0
GLOBAL,MINCOGKEN,COGKEN,1,2043,1.0
GLOBAL,MINCOGKEN,COGKEN,1,2044,1.0
GLOBAL,MINCOGKEN,COGKEN,1,2045,1.0
GLOBAL,MINCOGKEN,COGKEN,1,2046,1.0
GLOBAL,MINCOGKEN,COGKEN,1,2047,1.0
GLOBAL,MINCOGKEN,COGKEN,1,2048,1.0
GLOBAL,MINCOGKEN,COGKEN,1,2049,1.0
GLOBAL,MINCOGKEN,COGKEN,1,2050,1.0
GLOBAL,MINGASTZA,GASTZA,1,2021,1.0
GLOBAL,MINGASTZA,GASTZA,1,2022,1.0
GLOBAL,MINGASTZA,GASTZA,1,2023,1.0
GLOBAL,MINGASTZA,GASTZA,1,2024,1.0
GLOBAL,MINGASTZA,GASTZA,1,2025,1.0
GLOBAL,MINGASTZA,GASTZA,1,2026,1.0
GLOBAL,MINGASTZA,GASTZA,1,2027,1.0
GLOBAL,MINGASTZA,GASTZA,1,2028,1.0
GLOBAL,MINGASTZA,GASTZA,1,2029,1.0
GLOBAL,MINGASTZA,GASTZA,1,2030,1.0
GLOBAL,MINGASTZA,GASTZA,1,2031,1.0
GLOBAL,MINGASTZA,GASTZA,1,2032,1.0
GLOBAL,MINGASTZA,GASTZA,1,2033,1.0
GLOBAL,MINGASTZA,GASTZA,1,2034,1.0
GLOBAL,MINGASTZA,GASTZA,1,2035,1.0
GLOBAL,MINGASTZA,GASTZA,1,2036,1.0
GLOBAL,MINGASTZA,GASTZA,1,2037,1.0
GLOBAL,MINGASTZA,GASTZA,1,2038,1.0
GLOBAL,MINGASTZA,GASTZA,1,2039,1.0
GLOBAL,MINGASTZA,GASTZA,1,2040,1.0
GLOBAL,MINGASTZA,GASTZA,1,2041,1.0
GLOBAL,MINGASTZA,GASTZA,1,2042,1.0
GLOBAL,MINGASTZA,GASTZA,1,2043,1.0
GLOBAL,MINGASTZA,GASTZA,1,2044,1.0
GLOBAL,MINGASTZA,GASTZA,1,2045,1.0
GLOBAL,MINGASTZA,GASTZA,1,2046,1.0
GLOBAL,MINGASTZA,GASTZA,1,2047,1.0
GLOBAL,MINGASTZA,GASTZA,1,2048,1.0
GLOBAL,MINGASTZA,GASTZA,1,2049,1.0
GLOBAL,MINGASTZA,GASTZA,1,2050,1.0
GLOBAL,RNWHYDTZAXX,HYDTZAXX,1,2021,1.0
GLOBAL,RNWHYDTZAXX,HYDTZAXX,1,2022,1.0
GLOBAL,RNWHYDTZAXX,HYDTZAXX,1,2023,1.0
GLOBAL,RNWHYDTZAXX,HYDTZAXX,1,2024,1.0
GLOBAL,RNWHYDTZAXX,HYDTZAXX,1,2025,1.0
GLOBAL,RNWHYDTZAXX,HYDTZAXX,1,2026,1.0
GLOBAL,RNWHYDTZAXX,HYDTZAXX,1,2027,1.0
GLOBAL,RNWHYDTZAXX,HYDTZAXX,1,2028,1.0
GLOBAL,RNWHYDTZAXX,HYDTZAXX,1,2029,1.0
GLOBAL,RNWHYDTZAXX,HYDTZAXX,1,2030,1.0
GLOBAL,RNWHYDTZAXX,HYDTZAXX,1,2031,1.0
GLOBAL,RNWHYDTZAXX,HYDTZAXX,1,2032,1.0
GLOBAL,RNWHYDTZAXX,HYDTZAXX,1,2033,1.0
GLOBAL,RNWHYDTZAXX,HYDTZAXX,1,2034,1.0
GLOBAL,RNWHYDTZAXX,HYDTZAXX,1,2035,1.0
GLOBAL,RNWHYDTZAXX,HYDTZAXX,1,2036,1.0
GLOBAL,RNWHYDTZAXX,HYDTZAXX,1,2037,1.0
GLOBAL,RNWHYDTZAXX,HYDTZAXX,1,2038,1.0
GLOBAL,RNWHYDTZAXX,HYDTZAXX,1,2039,1.0
GLOBAL,RNWHYDTZAXX,HYDTZAXX,1,2040,1.0
GLOBAL,RNWHYDTZAXX,HYDTZAXX,1,2041,1.0
GLOBAL,RNWHYDTZAXX,HYDTZAXX,1,2042,1.0
GLOBAL,RNWHYDTZAXX,HYDTZAXX,1,2043,1.0
GLOBAL,RNWHYDTZAXX,HYDTZAXX,1,2044,1.0
GLOBAL,RNWHYDTZAXX,HYDTZAXX,1,2045,1.0
GLOBAL,RNWHYDTZAXX,HYDTZAXX,1,2046,1.0
GLOBAL,RNWHYDTZAXX,HYDTZAXX,1,2047,1.0
GLOBAL,RNWHYDTZAXX,HYDTZAXX,1,2048,1.0
GLOBAL,RNWHYDTZAXX,HYDTZAXX,1,2049,1.0
GLOBAL,RNWHYDTZAXX,HYDTZAXX,1,2050,1.0
GLOBAL,MINOILTZA,OILTZA,1,2021,1.0
GLOBAL,MINOILTZA,OILTZA,1,2022,1.0
GLOBAL,MINOILTZA,OILTZA,1,2023,1.0
GLOBAL,MINOILTZA,OILTZA,1,2024,1.0
GLOBAL,MINOILTZA,OILTZA,1,2025,1.0
GLOBAL,MINOILTZA,OILTZA,1,2026,1.0
GLOBAL,MINOILTZA,OILTZA,1,2027,1.0
GLOBAL,MINOILTZA,OILTZA,1,2028,1.0
GLOBAL,MINOILTZA,OILTZA,1,2029,1.0
GLOBAL,MINOILTZA,OILTZA,1,2030,1.0
GLOBAL,MINOILTZA,OILTZA,1,2031,1.0
GLOBAL,MINOILTZA,OILTZA,1,2032,1.0
GLOBAL,MINOILTZA,OILTZA,1,2033,1.0
GLOBAL,MINOILTZA,OILTZA,1,2034,1.0
GLOBAL,MINOILTZA,OILTZA,1,2035,1.0
GLOBAL,MINOILTZA,OILTZA,1,2036,1.0
GLOBAL,MINOILTZA,OILTZA,1,2037,1.0
GLOBAL,MINOILTZA,OILTZA,1,2038,1.0
GLOBAL,MINOILTZA,OILTZA,1,2039,1.0
GLOBAL,MINOILTZA,OILTZA,1,2040,1.0
GLOBAL,MINOILTZA,OILTZA,1,2041,1.0
GLOBAL,MINOILTZA,OILTZA,1,2042,1.0
GLOBAL,MINOILTZA,OILTZA,1,2043,1.0
GLOBAL,MINOILTZA,OILTZA,1,2044,1.0
GLOBAL,MINOILTZA,OILTZA,1,2045,1.0
GLOBAL,MINOILTZA,OILTZA,1,2046,1.0
GLOBAL,MINOILTZA,OILTZA,1,2047,1.0
GLOBAL,MINOILTZA,OILTZA,1,2048,1.0
GLOBAL,MINOILTZA,OILTZA,1,2049,1.0
GLOBAL,MINOILTZA,OILTZA,1,2050,1.0
GLOBAL,RNWSPVTZAXX,SPVTZAXX,1,2021,1.0
GLOBAL,RNWSPVTZAXX,SPVTZAXX,1,2022,1.0
GLOBAL,RNWSPVTZAXX,SPVTZAXX,1,2023,1.0
GLOBAL,RNWSPVTZAXX,SPVTZAXX,1,2024,1.0
GLOBAL,RNWSPVTZAXX,SPVTZAXX,1,2025,1.0
GLOBAL,RNWSPVTZAXX,SPVTZAXX,1,2026,1.0
GLOBAL,RNWSPVTZAXX,SPVTZAXX,1,2027,1.0
GLOBAL,RNWSPVTZAXX,SPVTZAXX,1,2028,1.0
GLOBAL,RNWSPVTZAXX,SPVTZAXX,1,2029,1.0
GLOBAL,RNWSPVTZAXX,SPVTZAXX,1,2030,1.0
GLOBAL,RNWSPVTZAXX,SPVTZAXX,1,2031,1.0
GLOBAL,RNWSPVTZAXX,SPVTZAXX,1,2032,1.0
GLOBAL,RNWSPVTZAXX,SPVTZAXX,1,2033,1.0
GLOBAL,RNWSPVTZAXX,SPVTZAXX,1,2034,1.0
GLOBAL,RNWSPVTZAXX,SPVTZAXX,1,2035,1.0
GLOBAL,RNWSPVTZAXX,SPVTZAXX,1,2036,1.0
GLOBAL,RNWSPVTZAXX,SPVTZAXX,1,2037,1.0
GLOBAL,RNWSPVTZAXX,SPVTZAXX,1,2038,1.0
GLOBAL,RNWSPVTZAXX,SPVTZAXX,1,2039,1.0
GLOBAL,RNWSPVTZAXX,SPVTZAXX,1,2040,1.0
GLOBAL,RNWSPVTZAXX,SPVTZAXX,1,2041,1.0
GLOBAL,RNWSPVTZAXX,SPVTZAXX,1,2042,1.0
GLOBAL,RNWSPVTZAXX,SPVTZAXX,1,2043,1.0
GLOBAL,RNWSPVTZAXX,SPVTZAXX,1,2044,1.0
GLOBAL,RNWSPVTZAXX,SPVTZAXX,1,2045,1.0
GLOBAL,RNWSPVTZAXX,SPVTZAXX,1,2046,1.0
GLOBAL,RNWSPVTZAXX,SPVTZAXX,1,2047,1.0
GLOBAL,RNWSPVTZAXX,SPVTZAXX,1,2048,1.0
GLOBAL,RNWSPVTZAXX,SPVTZAXX,1,2049,1.0
GLOBAL,RNWSPVTZAXX,SPVTZAXX,1,2050,1.0
GLOBAL,MINOTHTZA,OTHTZA,1,2021,1.0
GLOBAL,MINOTHTZA,OTHTZA,1,2022,1.0
GLOBAL,MINOTHTZA,OTHTZA,1,2023,1.0
GLOBAL,MINOTHTZA,OTHTZA,1,2024,1.0
GLOBAL,MINOTHTZA,OTHTZA,1,2025,1.0
GLOBAL,MINOTHTZA,OTHTZA,1,2026,1.0
GLOBAL,MINOTHTZA,OTHTZA,1,2027,1.0
GLOBAL,MINOTHTZA,OTHTZA,1,2028,1.0
GLOBAL,MINOTHTZA,OTHTZA,1,2029,1.0
GLOBAL,MINOTHTZA,OTHTZA,1,2030,1.0
GLOBAL,MINOTHTZA,OTHTZA,1,2031,1.0
GLOBAL,MINOTHTZA,OTHTZA,1,2032,1.0
GLOBAL,MINOTHTZA,OTHTZA,1,2033,1.0
GLOBAL,MINOTHTZA,OTHTZA,1,2034,1.0
GLOBAL,MINOTHTZA,OTHTZA,1,2035,1.0
GLOBAL,MINOTHTZA,OTHTZA,1,2036,1.0
GLOBAL,MINOTHTZA,OTHTZA,1,2037,1.0
GLOBAL,MINOTHTZA,OTHTZA,1,2038,1.0
GLOBAL,MINOTHTZA,OTHTZA,1,2039,1.0
GLOBAL,MINOTHTZA,OTHTZA,1,2040,1.0
GLOBAL,MINOTHTZA,OTHTZA,1,2041,1.0
GLOBAL,MINOTHTZA,OTHTZA,1,2042,1.0
GLOBAL,MINOTHTZA,OTHTZA,1,2043,1.0
GLOBAL,MINOTHTZA,OTHTZA,1,2044,1.0
GLOBAL,MINOTHTZA,OTHTZA,1,2045,1.0
GLOBAL,MINOTHTZA,OTHTZA,1,2046,1.0
GLOBAL,MINOTHTZA,OTHTZA,1,2047,1.0
GLOBAL,MINOTHTZA,OTHTZA,1,2048,1.0
GLOBAL,MINOTHTZA,OTHTZA,1,2049,1.0
GLOBAL,MINOTHTZA,OTHTZA,1,2050,1.0
GLOBAL,RNWCSPTZAXX,CSPTZAXX,1,2021,1.0
GLOBAL,RNWCSPTZAXX,CSPTZAXX,1,2022,1.0
GLOBAL,RNWCSPTZAXX,CSPTZAXX,1,2023,1.0
GLOBAL,RNWCSPTZAXX,CSPTZAXX,1,2024,1.0
GLOBAL,RNWCSPTZAXX,CSPTZAXX,1,2025,1.0
GLOBAL,RNWCSPTZAXX,CSPTZAXX,1,2026,1.0
GLOBAL,RNWCSPTZAXX,CSPTZAXX,1,2027,1.0
GLOBAL,RNWCSPTZAXX,CSPTZAXX,1,2028,1.0
GLOBAL,RNWCSPTZAXX,CSPTZAXX,1,2029,1.0
GLOBAL,RNWCSPTZAXX,CSPTZAXX,1,2030,1.0
GLOBAL,RNWCSPTZAXX,CSPTZAXX,1,2031,1.0
GLOBAL,RNWCSPTZAXX,CSPTZAXX,1,2032,1.0
GLOBAL,RNWCSPTZAXX,CSPTZAXX,1,2033,1.0
GLOBAL,RNWCSPTZAXX,CSPTZAXX,1,2034,1.0
GLOBAL,RNWCSPTZAXX,CSPTZAXX,1,2035,1.0
GLOBAL,RNWCSPTZAXX,CSPTZAXX,1,2036,1.0
GLOBAL,RNWCSPTZAXX,CSPTZAXX,1,2037,1.0
GLOBAL,RNWCSPTZAXX,CSPTZAXX,1,2038,1.0
GLOBAL,RNWCSPTZAXX,CSPTZAXX,1,2039,1.0
GLOBAL,RNWCSPTZAXX,CSPTZAXX,1,2040,1.0
GLOBAL,RNWCSPTZAXX,CSPTZAXX,1,2041,1.0
GLOBAL,RNWCSPTZAXX,CSPTZAXX,1,2042,1.0
GLOBAL,RNWCSPTZAXX,CSPTZAXX,1,2043,1.0
GLOBAL,RNWCSPTZAXX,CSPTZAXX,1,2044,1.0
GLOBAL,RNWCSPTZAXX,CSPTZAXX,1,2045,1.0
GLOBAL,RNWCSPTZAXX,CSPTZAXX,1,2046,1.0
GLOBAL,RNWCSPTZAXX,CSPTZAXX,1,2047,1.0
GLOBAL,RNWCSPTZAXX,CSPTZAXX,1,2048,1.0
GLOBAL,RNWCSPTZAXX,CSPTZAXX,1,2049,1.0
GLOBAL,RNWCSPTZAXX,CSPTZAXX,1,2050,1.0
GLOBAL,RNWBIOTZAXX,BIOTZAXX,1,2021,1.0
GLOBAL,RNWBIOTZAXX,BIOTZAXX,1,2022,1.0
GLOBAL,RNWBIOTZAXX,BIOTZAXX,1,2023,1.0
GLOBAL,RNWBIOTZAXX,BIOTZAXX,1,2024,1.0
GLOBAL,RNWBIOTZAXX,BIOTZAXX,1,2025,1.0
GLOBAL,RNWBIOTZAXX,BIOTZAXX,1,2026,1.0
GLOBAL,RNWBIOTZAXX,BIOTZAXX,1,2027,1.0
GLOBAL,RNWBIOTZAXX,BIOTZAXX,1,2028,1.0
GLOBAL,RNWBIOTZAXX,BIOTZAXX,1,2029,1.0
GLOBAL,RNWBIOTZAXX,BIOTZAXX,1,2030,1.0
GLOBAL,RNWBIOTZAXX,BIOTZAXX,1,2031,1.0
GLOBAL,RNWBIOTZAXX,BIOTZAXX,1,2032,1.0
GLOBAL,RNWBIOTZAXX,BIOTZAXX,1,2033,1.0
GLOBAL,RNWBIOTZAXX,BIOTZAXX,1,2034,1.0
GLOBAL,RNWBIOTZAXX,BIOTZAXX,1,2035,1.0
GLOBAL,RNWBIOTZAXX,BIOTZAXX,1,2036,1.0
GLOBAL,RNWBIOTZAXX,BIOTZAXX,1,2037,1.0
GLOBAL,RNWBIOTZAXX,BIOTZAXX,1,2038,1.0
GLOBAL,RNWBIOTZAXX,BIOTZAXX,1,2039,1.0
GLOBAL,RNWBIOTZAXX,BIOTZAXX,1,2040,1.0
GLOBAL,RNWBIOTZAXX,BIOTZAXX,1,2041,1.0
GLOBAL,RNWBIOTZAXX,BIOTZAXX,1,2042,1.0
GLOBAL,RNWBIOTZAXX,BIOTZAXX,1,2043,1.0
GLOBAL,RNWBIOTZAXX,BIOTZAXX,1,2044,1.0
GLOBAL,RNWBIOTZAXX,BIOTZAXX,1,2045,1.0
GLOBAL,RNWBIOTZAXX,BIOTZAXX,1,2046,1.0
GLOBAL,RNWBIOTZAXX,BIOTZAXX,1,2047,1.0
GLOBAL,RNWBIOTZAXX,BIOTZAXX,1,2048,1.0
GLOBAL,RNWBIOTZAXX,BIOTZAXX,1,2049,1.0
GLOBAL,RNWBIOTZAXX,BIOTZAXX,1,2050,1.0
GLOBAL,MINCOATZA,COATZA,1,2021,1.0
GLOBAL,MINCOATZA,COATZA,1,2022,1.0
GLOBAL,MINCOATZA,COATZA,1,2023,1.0
GLOBAL,MINCOATZA,COATZA,1,2024,1.0
GLOBAL,MINCOATZA,COATZA,1,2025,1.0
GLOBAL,MINCOATZA,COATZA,1,2026,1.0
GLOBAL,MINCOATZA,COATZA,1,2027,1.0
GLOBAL,MINCOATZA,COATZA,1,2028,1.0
GLOBAL,MINCOATZA,COATZA,1,2029,1.0
GLOBAL,MINCOATZA,COATZA,1,2030,1.0
GLOBAL,MINCOATZA,COATZA,1,2031,1.0
GLOBAL,MINCOATZA,COATZA,1,2032,1.0
GLOBAL,MINCOATZA,COATZA,1,2033,1.0
GLOBAL,MINCOATZA,COATZA,1,2034,1.0
GLOBAL,MINCOATZA,COATZA,1,2035,1.0
GLOBAL,MINCOATZA,COATZA,1,2036,1.0
GLOBAL,MINCOATZA,COATZA,1,2037,1.0
GLOBAL,MINCOATZA,COATZA,1,2038,1.0
GLOBAL,MINCOATZA,COATZA,1,2039,1.0
GLOBAL,MINCOATZA,COATZA,1,2040,1.0
GLOBAL,MINCOATZA,COATZA,1,2041,1.0
GLOBAL,MINCOATZA,COATZA,1,2042,1.0
GLOBAL,MINCOATZA,COATZA,1,2043,1.0
GLOBAL,MINCOATZA,COATZA,1,2044,1.0
GLOBAL,MINCOATZA,COATZA,1,2045,1.0
GLOBAL,MINCOATZA,COATZA,1,2046,1.0
GLOBAL,MINCOATZA,COATZA,1,2047,1.0
GLOBAL,MINCOATZA,COATZA,1,2048,1.0
GLOBAL,MINCOATZA,COATZA,1,2049,1.0
GLOBAL,MINCOATZA,COATZA,1,2050,1.0
GLOBAL,MINURNTZA,URNTZA,1,2021,1.0
GLOBAL,MINURNTZA,URNTZA,1,2022,1.0
GLOBAL,MINURNTZA,URNTZA,1,2023,1.0
GLOBAL,MINURNTZA,URNTZA,1,2024,1.0
GLOBAL,MINURNTZA,URNTZA,1,2025,1.0
GLOBAL,MINURNTZA,URNTZA,1,2026,1.0
GLOBAL,MINURNTZA,URNTZA,1,2027,1.0
GLOBAL,MINURNTZA,URNTZA,1,2028,1.0
GLOBAL,MINURNTZA,URNTZA,1,2029,1.0
GLOBAL,MINURNTZA,URNTZA,1,2030,1.0
GLOBAL,MINURNTZA,URNTZA,1,2031,1.0
GLOBAL,MINURNTZA,URNTZA,1,2032,1.0
GLOBAL,MINURNTZA,URNTZA,1,2033,1.0
GLOBAL,MINURNTZA,URNTZA,1,2034,1.0
GLOBAL,MINURNTZA,URNTZA,1,2035,1.0
GLOBAL,MINURNTZA,URNTZA,1,2036,1.0
GLOBAL,MINURNTZA,URNTZA,1,2037,1.0
GLOBAL,MINURNTZA,URNTZA,1,2038,1.0
GLOBAL,MINURNTZA,URNTZA,1,2039,1.0
GLOBAL,MINURNTZA,URNTZA,1,2040,1.0
GLOBAL,MINURNTZA,URNTZA,1,2041,1.0
GLOBAL,MINURNTZA,URNTZA,1,2042,1.0
GLOBAL,MINURNTZA,URNTZA,1,2043,1.0
GLOBAL,MINURNTZA,URNTZA,1,2044,1.0
GLOBAL,MINURNTZA,URNTZA,1,2045,1.0
GLOBAL,MINURNTZA,URNTZA,1,2046,1.0
GLOBAL,MINURNTZA,URNTZA,1,2047,1.0
GLOBAL,MINURNTZA,URNTZA,1,2048,1.0
GLOBAL,MINURNTZA,URNTZA,1,2049,1.0
GLOBAL,MINURNTZA,URNTZA,1,2050,1.0
GLOBAL,RNWWONTZAXX,WONTZAXX,1,2021,1.0
GLOBAL,RNWWONTZAXX,WONTZAXX,1,2022,1.0
GLOBAL,RNWWONTZAXX,WONTZAXX,1,2023,1.0
GLOBAL,RNWWONTZAXX,WONTZAXX,1,2024,1.0
GLOBAL,RNWWONTZAXX,WONTZAXX,1,2025,1.0
GLOBAL,RNWWONTZAXX,WONTZAXX,1,2026,1.0
GLOBAL,RNWWONTZAXX,WONTZAXX,1,2027,1.0
GLOBAL,RNWWONTZAXX,WONTZAXX,1,2028,1.0
GLOBAL,RNWWONTZAXX,WONTZAXX,1,2029,1.0
GLOBAL,RNWWONTZAXX,WONTZAXX,1,2030,1.0
GLOBAL,RNWWONTZAXX,WONTZAXX,1,2031,1.0
GLOBAL,RNWWONTZAXX,WONTZAXX,1,2032,1.0
GLOBAL,RNWWONTZAXX,WONTZAXX,1,2033,1.0
GLOBAL,RNWWONTZAXX,WONTZAXX,1,2034,1.0
GLOBAL,RNWWONTZAXX,WONTZAXX,1,2035,1.0
GLOBAL,RNWWONTZAXX,WONTZAXX,1,2036,1.0
GLOBAL,RNWWONTZAXX,WONTZAXX,1,2037,1.0
GLOBAL,RNWWONTZAXX,WONTZAXX,1,2038,1.0
GLOBAL,RNWWONTZAXX,WONTZAXX,1,2039,1.0
GLOBAL,RNWWONTZAXX,WONTZAXX,1,2040,1.0
GLOBAL,RNWWONTZAXX,WONTZAXX,1,2041,1.0
GLOBAL,RNWWONTZAXX,WONTZAXX,1,2042,1.0
GLOBAL,RNWWONTZAXX,WONTZAXX,1,2043,1.0
GLOBAL,RNWWONTZAXX,WONTZAXX,1,2044,1.0
GLOBAL,RNWWONTZAXX,WONTZAXX,1,2045,1.0
GLOBAL,RNWWONTZAXX,WONTZAXX,1,2046,1.0
GLOBAL,RNWWONTZAXX,WONTZAXX,1,2047,1.0
GLOBAL,RNWWONTZAXX,WONTZAXX,1,2048,1.0
GLOBAL,RNWWONTZAXX,WONTZAXX,1,2049,1.0
GLOBAL,RNWWONTZAXX,WONTZAXX,1,2050,1.0
GLOBAL,RNWWASTZAXX,WASTZAXX,1,2021,1.0
GLOBAL,RNWWASTZAXX,WASTZAXX,1,2022,1.0
GLOBAL,RNWWASTZAXX,WASTZAXX,1,2023,1.0
GLOBAL,RNWWASTZAXX,WASTZAXX,1,2024,1.0
GLOBAL,RNWWASTZAXX,WASTZAXX,1,2025,1.0
GLOBAL,RNWWASTZAXX,WASTZAXX,1,2026,1.0
GLOBAL,RNWWASTZAXX,WASTZAXX,1,2027,1.0
GLOBAL,RNWWASTZAXX,WASTZAXX,1,2028,1.0
GLOBAL,RNWWASTZAXX,WASTZAXX,1,2029,1.0
GLOBAL,RNWWASTZAXX,WASTZAXX,1,2030,1.0
GLOBAL,RNWWASTZAXX,WASTZAXX,1,2031,1.0
GLOBAL,RNWWASTZAXX,WASTZAXX,1,2032,1.0
GLOBAL,RNWWASTZAXX,WASTZAXX,1,2033,1.0
GLOBAL,RNWWASTZAXX,WASTZAXX,1,2034,1.0
GLOBAL,RNWWASTZAXX,WASTZAXX,1,2035,1.0
GLOBAL,RNWWASTZAXX,WASTZAXX,1,2036,1.0
GLOBAL,RNWWASTZAXX,WASTZAXX,1,2037,1.0
GLOBAL,RNWWASTZAXX,WASTZAXX,1,2038,1.0
GLOBAL,RNWWASTZAXX,WASTZAXX,1,2039,1.0
GLOBAL,RNWWASTZAXX,WASTZAXX,1,2040,1.0
GLOBAL,RNWWASTZAXX,WASTZAXX,1,2041,1.0
GLOBAL,RNWWASTZAXX,WASTZAXX,1,2042,1.0
GLOBAL,RNWWASTZAXX,WASTZAXX,1,2043,1.0
GLOBAL,RNWWASTZAXX,WASTZAXX,1,2044,1.0
GLOBAL,RNWWASTZAXX,WASTZAXX,1,2045,1.0
GLOBAL,RNWWASTZAXX,WASTZAXX,1,2046,1.0
GLOBAL,RNWWASTZAXX,WASTZAXX,1,2047,1.0
GLOBAL,RNWWASTZAXX,WASTZAXX,1,2048,1.0
GLOBAL,RNWWASTZAXX,WASTZAXX,1,2049,1.0
GLOBAL,RNWWASTZAXX,WASTZAXX,1,2050,1.0
GLOBAL,RNWWOFTZAXX,WOFTZAXX,1,2021,1.0
GLOBAL,RNWWOFTZAXX,WOFTZAXX,1,2022,1.0
GLOBAL,RNWWOFTZAXX,WOFTZAXX,1,2023,1.0
GLOBAL,RNWWOFTZAXX,WOFTZAXX,1,2024,1.0
GLOBAL,RNWWOFTZAXX,WOFTZAXX,1,2025,1.0
GLOBAL,RNWWOFTZAXX,WOFTZAXX,1,2026,1.0
GLOBAL,RNWWOFTZAXX,WOFTZAXX,1,2027,1.0
GLOBAL,RNWWOFTZAXX,WOFTZAXX,1,2028,1.0
GLOBAL,RNWWOFTZAXX,WOFTZAXX,1,2029,1.0
GLOBAL,RNWWOFTZAXX,WOFTZAXX,1,2030,1.0
GLOBAL,RNWWOFTZAXX,WOFTZAXX,1,2031,1.0
GLOBAL,RNWWOFTZAXX,WOFTZAXX,1,2032,1.0
GLOBAL,RNWWOFTZAXX,WOFTZAXX,1,2033,1.0
GLOBAL,RNWWOFTZAXX,WOFTZAXX,1,2034,1.0
GLOBAL,RNWWOFTZAXX,WOFTZAXX,1,2035,1.0
GLOBAL,RNWWOFTZAXX,WOFTZAXX,1,2036,1.0
GLOBAL,RNWWOFTZAXX,WOFTZAXX,1,2037,1.0
GLOBAL,RNWWOFTZAXX,WOFTZAXX,1,2038,1.0
GLOBAL,RNWWOFTZAXX,WOFTZAXX,1,2039,1.0
GLOBAL,RNWWOFTZAXX,WOFTZAXX,1,2040,1.0
GLOBAL,RNWWOFTZAXX,WOFTZAXX,1,2041,1.0
GLOBAL,RNWWOFTZAXX,WOFTZAXX,1,2042,1.0
GLOBAL,RNWWOFTZAXX,WOFTZAXX,1,2043,1.0
GLOBAL,RNWWOFTZAXX,WOFTZAXX,1,2044,1.0
GLOBAL,RNWWOFTZAXX,WOFTZAXX,1,2045,1.0
GLOBAL,RNWWOFTZAXX,WOFTZAXX,1,2046,1.0
GLOBAL,RNWWOFTZAXX,WOFTZAXX,1,2047,1.0
GLOBAL,RNWWOFTZAXX,WOFTZAXX,1,2048,1.0
GLOBAL,RNWWOFTZAXX,WOFTZAXX,1,2049,1.0
GLOBAL,RNWWOFTZAXX,WOFTZAXX,1,2050,1.0
GLOBAL,RNWWAVTZAXX,WAVTZAXX,1,2021,1.0
GLOBAL,RNWWAVTZAXX,WAVTZAXX,1,2022,1.0
GLOBAL,RNWWAVTZAXX,WAVTZAXX,1,2023,1.0
GLOBAL,RNWWAVTZAXX,WAVTZAXX,1,2024,1.0
GLOBAL,RNWWAVTZAXX,WAVTZAXX,1,2025,1.0
GLOBAL,RNWWAVTZAXX,WAVTZAXX,1,2026,1.0
GLOBAL,RNWWAVTZAXX,WAVTZAXX,1,2027,1.0
GLOBAL,RNWWAVTZAXX,WAVTZAXX,1,2028,1.0
GLOBAL,RNWWAVTZAXX,WAVTZAXX,1,2029,1.0
GLOBAL,RNWWAVTZAXX,WAVTZAXX,1,2030,1.0
GLOBAL,RNWWAVTZAXX,WAVTZAXX,1,2031,1.0
GLOBAL,RNWWAVTZAXX,WAVTZAXX,1,2032,1.0
GLOBAL,RNWWAVTZAXX,WAVTZAXX,1,2033,1.0
GLOBAL,RNWWAVTZAXX,WAVTZAXX,1,2034,1.0
GLOBAL,RNWWAVTZAXX,WAVTZAXX,1,2035,1.0
GLOBAL,RNWWAVTZAXX,WAVTZAXX,1,2036,1.0
GLOBAL,RNWWAVTZAXX,WAVTZAXX,1,2037,1.0
GLOBAL,RNWWAVTZAXX,WAVTZAXX,1,2038,1.0
GLOBAL,RNWWAVTZAXX,WAVTZAXX,1,2039,1.0
GLOBAL,RNWWAVTZAXX,WAVTZAXX,1,2040,1.0
GLOBAL,RNWWAVTZAXX,WAVTZAXX,1,2041,1.0
GLOBAL,RNWWAVTZAXX,WAVTZAXX,1,2042,1.0
GLOBAL,RNWWAVTZAXX,WAVTZAXX,1,2043,1.0
GLOBAL,RNWWAVTZAXX,WAVTZAXX,1,2044,1.0
GLOBAL,RNWWAVTZAXX,WAVTZAXX,1,2045,1.0
GLOBAL,RNWWAVTZAXX,WAVTZAXX,1,2046,1.0
GLOBAL,RNWWAVTZAXX,WAVTZAXX,1,2047,1.0
GLOBAL,RNWWAVTZAXX,WAVTZAXX,1,2048,1.0
GLOBAL,RNWWAVTZAXX,WAVTZAXX,1,2049,1.0
GLOBAL,RNWWAVTZAXX,WAVTZAXX,1,2050,1.0
GLOBAL,MINPETTZA,PETTZA,1,2021,1.0
GLOBAL,MINPETTZA,PETTZA,1,2022,1.0
GLOBAL,MINPETTZA,PETTZA,1,2023,1.0
GLOBAL,MINPETTZA,PETTZA,1,2024,1.0
GLOBAL,MINPETTZA,PETTZA,1,2025,1.0
GLOBAL,MINPETTZA,PETTZA,1,2026,1.0
GLOBAL,MINPETTZA,PETTZA,1,2027,1.0
GLOBAL,MINPETTZA,PETTZA,1,2028,1.0
GLOBAL,MINPETTZA,PETTZA,1,2029,1.0
GLOBAL,MINPETTZA,PETTZA,1,2030,1.0
GLOBAL,MINPETTZA,PETTZA,1,2031,1.0
GLOBAL,MINPETTZA,PETTZA,1,2032,1.0
GLOBAL,MINPETTZA,PETTZA,1,2033,1.0
GLOBAL,MINPETTZA,PETTZA,1,2034,1.0
GLOBAL,MINPETTZA,PETTZA,1,2035,1.0
GLOBAL,MINPETTZA,PETTZA,1,2036,1.0
GLOBAL,MINPETTZA,PETTZA,1,2037,1.0
GLOBAL,MINPETTZA,PETTZA,1,2038,1.0
GLOBAL,MINPETTZA,PETTZA,1,2039,1.0
GLOBAL,MINPETTZA,PETTZA,1,2040,1.0
GLOBAL,MINPETTZA,PETTZA,1,2041,1.0
GLOBAL,MINPETTZA,PETTZA,1,2042,1.0
GLOBAL,MINPETTZA,PETTZA,1,2043,1.0
GLOBAL,MINPETTZA,PETTZA,1,2044,1.0
GLOBAL,MINPETTZA,PETTZA,1,2045,1.0
GLOBAL,MINPETTZA,PETTZA,1,2046,1.0
GLOBAL,MINPETTZA,PETTZA,1,2047,1.0
GLOBAL,MINPETTZA,PETTZA,1,2048,1.0
GLOBAL,MINPETTZA,PETTZA,1,2049,1.0
GLOBAL,MINPETTZA,PETTZA,1,2050,1.0
GLOBAL,RNWGEOTZAXX,GEOTZAXX,1,2021,1.0
GLOBAL,RNWGEOTZAXX,GEOTZAXX,1,2022,1.0
GLOBAL,RNWGEOTZAXX,GEOTZAXX,1,2023,1.0
GLOBAL,RNWGEOTZAXX,GEOTZAXX,1,2024,1.0
GLOBAL,RNWGEOTZAXX,GEOTZAXX,1,2025,1.0
GLOBAL,RNWGEOTZAXX,GEOTZAXX,1,2026,1.0
GLOBAL,RNWGEOTZAXX,GEOTZAXX,1,2027,1.0
GLOBAL,RNWGEOTZAXX,GEOTZAXX,1,2028,1.0
GLOBAL,RNWGEOTZAXX,GEOTZAXX,1,2029,1.0
GLOBAL,RNWGEOTZAXX,GEOTZAXX,1,2030,1.0
GLOBAL,RNWGEOTZAXX,GEOTZAXX,1,2031,1.0
GLOBAL,RNWGEOTZAXX,GEOTZAXX,1,2032,1.0
GLOBAL,RNWGEOTZAXX,GEOTZAXX,1,2033,1.0
GLOBAL,RNWGEOTZAXX,GEOTZAXX,1,2034,1.0
GLOBAL,RNWGEOTZAXX,GEOTZAXX,1,2035,1.0
GLOBAL,RNWGEOTZAXX,GEOTZAXX,1,2036,1.0
GLOBAL,RNWGEOTZAXX,GEOTZAXX,1,2037,1.0
GLOBAL,RNWGEOTZAXX,GEOTZAXX,1,2038,1.0
GLOBAL,RNWGEOTZAXX,GEOTZAXX,1,2039,1.0
GLOBAL,RNWGEOTZAXX,GEOTZAXX,1,2040,1.0
GLOBAL,RNWGEOTZAXX,GEOTZAXX,1,2041,1.0
GLOBAL,RNWGEOTZAXX,GEOTZAXX,1,2042,1.0
GLOBAL,RNWGEOTZAXX,GEOTZAXX,1,2043,1.0
GLOBAL,RNWGEOTZAXX,GEOTZAXX,1,2044,1.0
GLOBAL,RNWGEOTZAXX,GEOTZAXX,1,2045,1.0
GLOBAL,RNWGEOTZAXX,GEOTZAXX,1,2046,1.0
GLOBAL,RNWGEOTZAXX,GEOTZAXX,1,2047,1.0
GLOBAL,RNWGEOTZAXX,GEOTZAXX,1,2048,1.0
GLOBAL,RNWGEOTZAXX,GEOTZAXX,1,2049,1.0
GLOBAL,RNWGEOTZAXX,GEOTZAXX,1,2050,1.0
GLOBAL,MINCOGTZA,COGTZA,1,2021,1.0
GLOBAL,MINCOGTZA,COGTZA,1,2022,1.0
GLOBAL,MINCOGTZA,COGTZA,1,2023,1.0
GLOBAL,MINCOGTZA,COGTZA,1,2024,1.0
GLOBAL,MINCOGTZA,COGTZA,1,2025,1.0
GLOBAL,MINCOGTZA,COGTZA,1,2026,1.0
GLOBAL,MINCOGTZA,COGTZA,1,2027,1.0
GLOBAL,MINCOGTZA,COGTZA,1,2028,1.0
GLOBAL,MINCOGTZA,COGTZA,1,2029,1.0
GLOBAL,MINCOGTZA,COGTZA,1,2030,1.0
GLOBAL,MINCOGTZA,COGTZA,1,2031,1.0
GLOBAL,MINCOGTZA,COGTZA,1,2032,1.0
GLOBAL,MINCOGTZA,COGTZA,1,2033,1.0
GLOBAL,MINCOGTZA,COGTZA,1,2034,1.0
GLOBAL,MINCOGTZA,COGTZA,1,2035,1.0
GLOBAL,MINCOGTZA,COGTZA,1,2036,1.0
GLOBAL,MINCOGTZA,COGTZA,1,2037,1.0
GLOBAL,MINCOGTZA,COGTZA,1,2038,1.0
GLOBAL,MINCOGTZA,COGTZA,1,2039,1.0
GLOBAL,MINCOGTZA,COGTZA,1,2040,1.0
GLOBAL,MINCOGTZA,COGTZA,1,2041,1.0
GLOBAL,MINCOGTZA,COGTZA,1,2042,1.0
GLOBAL,MINCOGTZA,COGTZA,1,2043,1.0
GLOBAL,MINCOGTZA,COGTZA,1,2044,1.0
GLOBAL,MINCOGTZA,COGTZA,1,2045,1.0
GLOBAL,MINCOGTZA,COGTZA,1,2046,1.0
GLOBAL,MINCOGTZA,COGTZA,1,2047,1.0
GLOBAL,MINCOGTZA,COGTZA,1,2048,1.0
GLOBAL,MINCOGTZA,COGTZA,1,2049,1.0
GLOBAL,MINCOGTZA,COGTZA,1,2050,1.0
GLOBAL,MINGASINT,GASINT,1,2021,1.0
GLOBAL,MINGASINT,GASINT,1,2022,1.0
GLOBAL,MINGASINT,GASINT,1,2023,1.0
GLOBAL,MINGASINT,GASINT,1,2024,1.0
GLOBAL,MINGASINT,GASINT,1,2025,1.0
GLOBAL,MINGASINT,GASINT,1,2026,1.0
GLOBAL,MINGASINT,GASINT,1,2027,1.0
GLOBAL,MINGASINT,GASINT,1,2028,1.0
GLOBAL,MINGASINT,GASINT,1,2029,1.0
GLOBAL,MINGASINT,GASINT,1,2030,1.0
GLOBAL,MINGASINT,GASINT,1,2031,1.0
GLOBAL,MINGASINT,GASINT,1,2032,1.0
GLOBAL,MINGASINT,GASINT,1,2033,1.0
GLOBAL,MINGASINT,GASINT,1,2034,1.0
GLOBAL,MINGASINT,GASINT,1,2035,1.0
GLOBAL,MINGASINT,GASINT,1,2036,1.0
GLOBAL,MINGASINT,GASINT,1,2037,1.0
GLOBAL,MINGASINT,GASINT,1,2038,1.0
GLOBAL,MINGASINT,GASINT,1,2039,1.0
GLOBAL,MINGASINT,GASINT,1,2040,1.0
GLOBAL,MINGASINT,GASINT,1,2041,1.0
GLOBAL,MINGASINT,GASINT,1,2042,1.0
GLOBAL,MINGASINT,GASINT,1,2043,1.0
GLOBAL,MINGASINT,GASINT,1,2044,1.0
GLOBAL,MINGASINT,GASINT,1,2045,1.0
GLOBAL,MINGASINT,GASINT,1,2046,1.0
GLOBAL,MINGASINT,GASINT,1,2047,1.0
GLOBAL,MINGASINT,GASINT,1,2048,1.0
GLOBAL,MINGASINT,GASINT,1,2049,1.0
GLOBAL,MINGASINT,GASINT,1,2050,1.0
GLOBAL,MINOILINT,OILINT,1,2021,1.0
GLOBAL,MINOILINT,OILINT,1,2022,1.0
GLOBAL,MINOILINT,OILINT,1,2023,1.0
GLOBAL,MINOILINT,OILINT,1,2024,1.0
GLOBAL,MINOILINT,OILINT,1,2025,1.0
GLOBAL,MINOILINT,OILINT,1,2026,1.0
GLOBAL,MINOILINT,OILINT,1,2027,1.0
GLOBAL,MINOILINT,OILINT,1,2028,1.0
GLOBAL,MINOILINT,OILINT,1,2029,1.0
GLOBAL,MINOILINT,OILINT,1,2030,1.0
GLOBAL,MINOILINT,OILINT,1,2031,1.0
GLOBAL,MINOILINT,OILINT,1,2032,1.0
GLOBAL,MINOILINT,OILINT,1,2033,1.0
GLOBAL,MINOILINT,OILINT,1,2034,1.0
GLOBAL,MINOILINT,OILINT,1,2035,1.0
GLOBAL,MINOILINT,OILINT,1,2036,1.0
GLOBAL,MINOILINT,OILINT,1,2037,1.0
GLOBAL,MINOILINT,OILINT,1,2038,1.0
GLOBAL,MINOILINT,OILINT,1,2039,1.0
GLOBAL,MINOILINT,OILINT,1,2040,1.0
GLOBAL,MINOILINT,OILINT,1,2041,1.0
GLOBAL,MINOILINT,OILINT,1,2042,1.0
GLOBAL,MINOILINT,OILINT,1,2043,1.0
GLOBAL,MINOILINT,OILINT,1,2044,1.0
GLOBAL,MINOILINT,OILINT,1,2045,1.0
GLOBAL,MINOILINT,OILINT,1,2046,1.0
GLOBAL,MINOILINT,OILINT,1,2047,1.0
GLOBAL,MINOILINT,OILINT,1,2048,1.0
GLOBAL,MINOILINT,OILINT,1,2049,1.0
GLOBAL,MINOILINT,OILINT,1,2050,1.0
GLOBAL,MINOTHINT,OTHINT,1,2021,1.0
GLOBAL,MINOTHINT,OTHINT,1,2022,1.0
GLOBAL,MINOTHINT,OTHINT,1,2023,1.0
GLOBAL,MINOTHINT,OTHINT,1,2024,1.0
GLOBAL,MINOTHINT,OTHINT,1,2025,1.0
GLOBAL,MINOTHINT,OTHINT,1,2026,1.0
GLOBAL,MINOTHINT,OTHINT,1,2027,1.0
GLOBAL,MINOTHINT,OTHINT,1,2028,1.0
GLOBAL,MINOTHINT,OTHINT,1,2029,1.0
GLOBAL,MINOTHINT,OTHINT,1,2030,1.0
GLOBAL,MINOTHINT,OTHINT,1,2031,1.0
GLOBAL,MINOTHINT,OTHINT,1,2032,1.0
GLOBAL,MINOTHINT,OTHINT,1,2033,1.0
GLOBAL,MINOTHINT,OTHINT,1,2034,1.0
GLOBAL,MINOTHINT,OTHINT,1,2035,1.0
GLOBAL,MINOTHINT,OTHINT,1,2036,1.0
GLOBAL,MINOTHINT,OTHINT,1,2037,1.0
GLOBAL,MINOTHINT,OTHINT,1,2038,1.0
GLOBAL,MINOTHINT,OTHINT,1,2039,1.0
GLOBAL,MINOTHINT,OTHINT,1,2040,1.0
GLOBAL,MINOTHINT,OTHINT,1,2041,1.0
GLOBAL,MINOTHINT,OTHINT,1,2042,1.0
GLOBAL,MINOTHINT,OTHINT,1,2043,1.0
GLOBAL,MINOTHINT,OTHINT,1,2044,1.0
GLOBAL,MINOTHINT,OTHINT,1,2045,1.0
GLOBAL,MINOTHINT,OTHINT,1,2046,1.0
GLOBAL,MINOTHINT,OTHINT,1,2047,1.0
GLOBAL,MINOTHINT,OTHINT,1,2048,1.0
GLOBAL,MINOTHINT,OTHINT,1,2049,1.0
GLOBAL,MINOTHINT,OTHINT,1,2050,1.0
GLOBAL,MINCOAINT,COAINT,1,2021,1.0
GLOBAL,MINCOAINT,COAINT,1,2022,1.0
GLOBAL,MINCOAINT,COAINT,1,2023,1.0
GLOBAL,MINCOAINT,COAINT,1,2024,1.0
GLOBAL,MINCOAINT,COAINT,1,2025,1.0
GLOBAL,MINCOAINT,COAINT,1,2026,1.0
GLOBAL,MINCOAINT,COAINT,1,2027,1.0
GLOBAL,MINCOAINT,COAINT,1,2028,1.0
GLOBAL,MINCOAINT,COAINT,1,2029,1.0
GLOBAL,MINCOAINT,COAINT,1,2030,1.0
GLOBAL,MINCOAINT,COAINT,1,2031,1.0
GLOBAL,MINCOAINT,COAINT,1,2032,1.0
GLOBAL,MINCOAINT,COAINT,1,2033,1.0
GLOBAL,MINCOAINT,COAINT,1,2034,1.0
GLOBAL,MINCOAINT,COAINT,1,2035,1.0
GLOBAL,MINCOAINT,COAINT,1,2036,1.0
GLOBAL,MINCOAINT,COAINT,1,2037,1.0
GLOBAL,MINCOAINT,COAINT,1,2038,1.0
GLOBAL,MINCOAINT,COAINT,1,2039,1.0
GLOBAL,MINCOAINT,COAINT,1,2040,1.0
GLOBAL,MINCOAINT,COAINT,1,2041,1.0
GLOBAL,MINCOAINT,COAINT,1,2042,1.0
GLOBAL,MINCOAINT,COAINT,1,2043,1.0
GLOBAL,MINCOAINT,COAINT,1,2044,1.0
GLOBAL,MINCOAINT,COAINT,1,2045,1.0
GLOBAL,MINCOAINT,COAINT,1,2046,1.0
GLOBAL,MINCOAINT,COAINT,1,2047,1.0
GLOBAL,MINCOAINT,COAINT,1,2048,1.0
GLOBAL,MINCOAINT,COAINT,1,2049,1.0
GLOBAL,MINCOAINT,COAINT,1,2050,1.0
GLOBAL,MINURNINT,URNINT,1,2021,1.0
GLOBAL,MINURNINT,URNINT,1,2022,1.0
GLOBAL,MINURNINT,URNINT,1,2023,1.0
GLOBAL,MINURNINT,URNINT,1,2024,1.0
GLOBAL,MINURNINT,URNINT,1,2025,1.0
GLOBAL,MINURNINT,URNINT,1,2026,1.0
GLOBAL,MINURNINT,URNINT,1,2027,1.0
GLOBAL,MINURNINT,URNINT,1,2028,1.0
GLOBAL,MINURNINT,URNINT,1,2029,1.0
GLOBAL,MINURNINT,URNINT,1,2030,1.0
GLOBAL,MINURNINT,URNINT,1,2031,1.0
GLOBAL,MINURNINT,URNINT,1,2032,1.0
GLOBAL,MINURNINT,URNINT,1,2033,1.0
GLOBAL,MINURNINT,URNINT,1,2034,1.0
GLOBAL,MINURNINT,URNINT,1,2035,1.0
GLOBAL,MINURNINT,URNINT,1,2036,1.0
GLOBAL,MINURNINT,URNINT,1,2037,1.0
GLOBAL,MINURNINT,URNINT,1,2038,1.0
GLOBAL,MINURNINT,URNINT,1,2039,1.0
GLOBAL,MINURNINT,URNINT,1,2040,1.0
GLOBAL,MINURNINT,URNINT,1,2041,1.0
GLOBAL,MINURNINT,URNINT,1,2042,1.0
GLOBAL,MINURNINT,URNINT,1,2043,1.0
GLOBAL,MINURNINT,URNINT,1,2044,1.0
GLOBAL,MINURNINT,URNINT,1,2045,1.0
GLOBAL,MINURNINT,URNINT,1,2046,1.0
GLOBAL,MINURNINT,URNINT,1,2047,1.0
GLOBAL,MINURNINT,URNINT,1,2048,1.0
GLOBAL,MINURNINT,URNINT,1,2049,1.0
GLOBAL,MINURNINT,URNINT,1,2050,1.0
GLOBAL,MINPETINT,PETINT,1,2021,1.0
GLOBAL,MINPETINT,PETINT,1,2022,1.0
GLOBAL,MINPETINT,PETINT,1,2023,1.0
GLOBAL,MINPETINT,PETINT,1,2024,1.0
GLOBAL,MINPETINT,PETINT,1,2025,1.0
GLOBAL,MINPETINT,PETINT,1,2026,1.0
GLOBAL,MINPETINT,PETINT,1,2027,1.0
GLOBAL,MINPETINT,PETINT,1,2028,1.0
GLOBAL,MINPETINT,PETINT,1,2029,1.0
GLOBAL,MINPETINT,PETINT,1,2030,1.0
GLOBAL,MINPETINT,PETINT,1,2031,1.0
GLOBAL,MINPETINT,PETINT,1,2032,1.0
GLOBAL,MINPETINT,PETINT,1,2033,1.0
GLOBAL,MINPETINT,PETINT,1,2034,1.0
GLOBAL,MINPETINT,PETINT,1,2035,1.0
GLOBAL,MINPETINT,PETINT,1,2036,1.0
GLOBAL,MINPETINT,PETINT,1,2037,1.0
GLOBAL,MINPETINT,PETINT,1,2038,1.0
GLOBAL,MINPETINT,PETINT,1,2039,1.0
GLOBAL,MINPETINT,PETINT,1,2040,1.0
GLOBAL,MINPETINT,PETINT,1,2041,1.0
GLOBAL,MINPETINT,PETINT,1,2042,1.0
GLOBAL,MINPETINT,PETINT,1,2043,1.0
GLOBAL,MINPETINT,PETINT,1,2044,1.0
GLOBAL,MINPETINT,PETINT,1,2045,1.0
GLOBAL,MINPETINT,PETINT,1,2046,1.0
GLOBAL,MINPETINT,PETINT,1,2047,1.0
GLOBAL,MINPETINT,PETINT,1,2048,1.0
GLOBAL,MINPETINT,PETINT,1,2049,1.0
GLOBAL,MINPETINT,PETINT,1,2050,1.0
GLOBAL,MINCOGINT,COGINT,1,2021,1.0
GLOBAL,MINCOGINT,COGINT,1,2022,1.0
GLOBAL,MINCOGINT,COGINT,1,2023,1.0
GLOBAL,MINCOGINT,COGINT,1,2024,1.0
GLOBAL,MINCOGINT,COGINT,1,2025,1.0
GLOBAL,MINCOGINT,COGINT,1,2026,1.0
GLOBAL,MINCOGINT,COGINT,1,2027,1.0
GLOBAL,MINCOGINT,COGINT,1,2028,1.0
GLOBAL,MINCOGINT,COGINT,1,2029,1.0
GLOBAL,MINCOGINT,COGINT,1,2030,1.0
GLOBAL,MINCOGINT,COGINT,1,2031,1.0
GLOBAL,MINCOGINT,COGINT,1,2032,1.0
GLOBAL,MINCOGINT,COGINT,1,2033,1.0
GLOBAL,MINCOGINT,COGINT,1,2034,1.0
GLOBAL,MINCOGINT,COGINT,1,2035,1.0
GLOBAL,MINCOGINT,COGINT,1,2036,1.0
GLOBAL,MINCOGINT,COGINT,1,2037,1.0
GLOBAL,MINCOGINT,COGINT,1,2038,1.0
GLOBAL,MINCOGINT,COGINT,1,2039,1.0
GLOBAL,MINCOGINT,COGINT,1,2040,1.0
GLOBAL,MINCOGINT,COGINT,1,2041,1.0
GLOBAL,MINCOGINT,COGINT,1,2042,1.0
GLOBAL,MINCOGINT,COGINT,1,2043,1.0
GLOBAL,MINCOGINT,COGINT,1,2044,1.0
GLOBAL,MINCOGINT,COGINT,1,2045,1.0
GLOBAL,MINCOGINT,COGINT,1,2046,1.0
GLOBAL,MINCOGINT,COGINT,1,2047,1.0
GLOBAL,MINCOGINT,COGINT,1,2048,1.0
GLOBAL,MINCOGINT,COGINT,1,2049,1.0
GLOBAL,MINCOGINT,COGINT,1,2050,1.0
GLOBAL,PWRCCGKENXX01,ELCKENXX01,1,2021,1.0
GLOBAL,PWRCCGKENXX01,ELCKENXX01,1,2022,1.0
GLOBAL,PWRCCGKENXX01,ELCKENXX01,1,2023,1.0
GLOBAL,PWRCCGKENXX01,ELCKENXX01,1,2024,1.0
GLOBAL,PWRCCGKENXX01,ELCKENXX01,1,2025,1.0
GLOBAL,PWRCCGKENXX01,ELCKENXX01,1,2026,1.0
GLOBAL,PWRCCGKENXX01,ELCKENXX01,1,2027,1.0
GLOBAL,PWRCCGKENXX01,ELCKENXX01,1,2028,1.0
GLOBAL,PWRCCGKENXX01,ELCKENXX01,1,2029,1.0
GLOBAL,PWRCCGKENXX01,ELCKENXX01,1,2030,1.0
GLOBAL,PWRCCGKENXX01,ELCKENXX01,1,2031,1.0
GLOBAL,PWRCCGKENXX01,ELCKENXX01,1,2032,1.0
GLOBAL,PWRCCGKENXX01,ELCKENXX01,1,2033,1.0
GLOBAL,PWRCCGKENXX01,ELCKENXX01,1,2034,1.0
GLOBAL,PWRCCGKENXX01,ELCKENXX01,1,2035,1.0
GLOBAL,PWRCCGKENXX01,ELCKENXX01,1,2036,1.0
GLOBAL,PWRCCGKENXX01,ELCKENXX01,1,2037,1.0
GLOBAL,PWRCCGKENXX01,ELCKENXX01,1,2038,1.0
GLOBAL,PWRCCGKENXX01,ELCKENXX01,1,2039,1.0
GLOBAL,PWRCCGKENXX01,ELCKENXX01,1,2040,1.0
GLOBAL,PWRCCGKENXX01,ELCKENXX01,1,2041,1.0
GLOBAL,PWRCCGKENXX01,ELCKENXX01,1,2042,1.0
GLOBAL,PWRCCGKENXX01,ELCKENXX01,1,2043,1.0
GLOBAL,PWRCCGKENXX01,ELCKENXX01,1,2044,1.0
GLOBAL,PWRCCGKENXX01,ELCKENXX01,1,2045,1.0
GLOBAL,PWRCCGKENXX01,ELCKENXX01,1,2046,1.0
GLOBAL,PWRCCGKENXX01,ELCKENXX01,1,2047,1.0
GLOBAL,PWRCCGKENXX01,ELCKENXX01,1,2048,1.0
GLOBAL,PWRCCGKENXX01,ELCKENXX01,1,2049,1.0
GLOBAL,PWRCCGKENXX01,ELCKENXX01,1,2050,1.0
GLOBAL,PWRCCGKENXX01,ELCKENXX01,2,2021,1.0
GLOBAL,PWRCCGKENXX01,ELCKENXX01,2,2022,1.0
GLOBAL,PWRCCGKENXX01,ELCKENXX01,2,2023,1.0
GLOBAL,PWRCCGKENXX01,ELCKENXX01,2,2024,1.0
GLOBAL,PWRCCGKENXX01,ELCKENXX01,2,2025,1.0
GLOBAL,PWRCCGKENXX01,ELCKENXX01,2,2026,1.0
GLOBAL,PWRCCGKENXX01,ELCKENXX01,2,2027,1.0
GLOBAL,PWRCCGKENXX01,ELCKENXX01,2,2028,1.0
GLOBAL,PWRCCGKENXX01,ELCKENXX01,2,2029,1.0
GLOBAL,PWRCCGKENXX01,ELCKENXX01,2,2030,1.0
GLOBAL,PWRCCGKENXX01,ELCKENXX01,2,2031,1.0
GLOBAL,PWRCCGKENXX01,ELCKENXX01,2,2032,1.0
GLOBAL,PWRCCGKENXX01,ELCKENXX01,2,2033,1.0
GLOBAL,PWRCCGKENXX01,ELCKENXX01,2,2034,1.0
GLOBAL,PWRCCGKENXX01,ELCKENXX01,2,2035,1.0
GLOBAL,PWRCCGKENXX01,ELCKENXX01,2,2036,1.0
GLOBAL,PWRCCGKENXX01,ELCKENXX01,2,2037,1.0
GLOBAL,PWRCCGKENXX01,ELCKENXX01,2,2038,1.0
GLOBAL,PWRCCGKENXX01,ELCKENXX01,2,2039,1.0
GLOBAL,PWRCCGKENXX01,ELCKENXX01,2,2040,1.0
GLOBAL,PWRCCGKENXX01,ELCKENXX01,2,2041,1.0
GLOBAL,PWRCCGKENXX01,ELCKENXX01,2,2042,1.0
GLOBAL,PWRCCGKENXX01,ELCKENXX01,2,2043,1.0
GLOBAL,PWRCCGKENXX01,ELCKENXX01,2,2044,1.0
GLOBAL,PWRCCGKENXX01,ELCKENXX01,2,2045,1.0
GLOBAL,PWRCCGKENXX01,ELCKENXX01,2,2046,1.0
GLOBAL,PWRCCGKENXX01,ELCKENXX01,2,2047,1.0
GLOBAL,PWRCCGKENXX01,ELCKENXX01,2,2048,1.0
GLOBAL,PWRCCGKENXX01,ELCKENXX01,2,2049,1.0
GLOBAL,PWRCCGKENXX01,ELCKENXX01,2,2050,1.0
GLOBAL,PWROCGKENXX01,ELCKENXX01,1,2021,1.0
GLOBAL,PWROCGKENXX01,ELCKENXX01,1,2022,1.0
GLOBAL,PWROCGKENXX01,ELCKENXX01,1,2023,1.0
GLOBAL,PWROCGKENXX01,ELCKENXX01,1,2024,1.0
GLOBAL,PWROCGKENXX01,ELCKENXX01,1,2025,1.0
GLOBAL,PWROCGKENXX01,ELCKENXX01,1,2026,1.0
GLOBAL,PWROCGKENXX01,ELCKENXX01,1,2027,1.0
GLOBAL,PWROCGKENXX01,ELCKENXX01,1,2028,1.0
GLOBAL,PWROCGKENXX01,ELCKENXX01,1,2029,1.0
GLOBAL,PWROCGKENXX01,ELCKENXX01,1,2030,1.0
GLOBAL,PWROCGKENXX01,ELCKENXX01,1,2031,1.0
GLOBAL,PWROCGKENXX01,ELCKENXX01,1,2032,1.0
GLOBAL,PWROCGKENXX01,ELCKENXX01,1,2033,1.0
GLOBAL,PWROCGKENXX01,ELCKENXX01,1,2034,1.0
GLOBAL,PWROCGKENXX01,ELCKENXX01,1,2035,1.0
GLOBAL,PWROCGKENXX01,ELCKENXX01,1,2036,1.0
GLOBAL,PWROCGKENXX01,ELCKENXX01,1,2037,1.0
GLOBAL,PWROCGKENXX01,ELCKENXX01,1,2038,1.0
GLOBAL,PWROCGKENXX01,ELCKENXX01,1,2039,1.0
GLOBAL,PWROCGKENXX01,ELCKENXX01,1,2040,1.0
GLOBAL,PWROCGKENXX01,ELCKENXX01,1,2041,1.0
GLOBAL,PWROCGKENXX01,ELCKENXX01,1,2042,1.0
GLOBAL,PWROCGKENXX01,ELCKENXX01,1,2043,1.0
GLOBAL,PWROCGKENXX01,ELCKENXX01,1,2044,1.0
GLOBAL,PWROCGKENXX01,ELCKENXX01,1,2045,1.0
GLOBAL,PWROCGKENXX01,ELCKENXX01,1,2046,1.0
GLOBAL,PWROCGKENXX01,ELCKENXX01,1,2047,1.0
GLOBAL,PWROCGKENXX01,ELCKENXX01,1,2048,1.0
GLOBAL,PWROCGKENXX01,ELCKENXX01,1,2049,1.0
GLOBAL,PWROCGKENXX01,ELCKENXX01,1,2050,1.0
GLOBAL,PWROCGKENXX01,ELCKENXX01,2,2021,1.0
GLOBAL,PWROCGKENXX01,ELCKENXX01,2,2022,1.0
GLOBAL,PWROCGKENXX01,ELCKENXX01,2,2023,1.0
GLOBAL,PWROCGKENXX01,ELCKENXX01,2,2024,1.0
GLOBAL,PWROCGKENXX01,ELCKENXX01,2,2025,1.0
GLOBAL,PWROCGKENXX01,ELCKENXX01,2,2026,1.0
GLOBAL,PWROCGKENXX01,ELCKENXX01,2,2027,1.0
GLOBAL,PWROCGKENXX01,ELCKENXX01,2,2028,1.0
GLOBAL,PWROCGKENXX01,ELCKENXX01,2,2029,1.0
GLOBAL,PWROCGKENXX01,ELCKENXX01,2,2030,1.0
GLOBAL,PWROCGKENXX01,ELCKENXX01,2,2031,1.0
GLOBAL,PWROCGKENXX01,ELCKENXX01,2,2032,1.0
GLOBAL,PWROCGKENXX01,ELCKENXX01,2,2033,1.0
GLOBAL,PWROCGKENXX01,ELCKENXX01,2,2034,1.0
GLOBAL,PWROCGKENXX01,ELCKENXX01,2,2035,1.0
GLOBAL,PWROCGKENXX01,ELCKENXX01,2,2036,1.0
GLOBAL,PWROCGKENXX01,ELCKENXX01,2,2037,1.0
GLOBAL,PWROCGKENXX01,ELCKENXX01,2,2038,1.0
GLOBAL,PWROCGKENXX01,ELCKENXX01,2,2039,1.0
GLOBAL,PWROCGKENXX01,ELCKENXX01,2,2040,1.0
GLOBAL,PWROCGKENXX01,ELCKENXX01,2,2041,1.0
GLOBAL,PWROCGKENXX01,ELCKENXX01,2,2042,1.0
GLOBAL,PWROCGKENXX01,ELCKENXX01,2,2043,1.0
GLOBAL,PWROCGKENXX01,ELCKENXX01,2,2044,1.0
GLOBAL,PWROCGKENXX01,ELCKENXX01,2,2045,1.0
GLOBAL,PWROCGKENXX01,ELCKENXX01,2,2046,1.0
GLOBAL,PWROCGKENXX01,ELCKENXX01,2,2047,1.0
GLOBAL,PWROCGKENXX01,ELCKENXX01,2,2048,1.0
GLOBAL,PWROCGKENXX01,ELCKENXX01,2,2049,1.0
GLOBAL,PWROCGKENXX01,ELCKENXX01,2,2050,1.0
GLOBAL,PWRCCGTZAXX01,ELCTZAXX01,1,2021,1.0
GLOBAL,PWRCCGTZAXX01,ELCTZAXX01,1,2022,1.0
GLOBAL,PWRCCGTZAXX01,ELCTZAXX01,1,2023,1.0
GLOBAL,PWRCCGTZAXX01,ELCTZAXX01,1,2024,1.0
GLOBAL,PWRCCGTZAXX01,ELCTZAXX01,1,2025,1.0
GLOBAL,PWRCCGTZAXX01,ELCTZAXX01,1,2026,1.0
GLOBAL,PWRCCGTZAXX01,ELCTZAXX01,1,2027,1.0
GLOBAL,PWRCCGTZAXX01,ELCTZAXX01,1,2028,1.0
GLOBAL,PWRCCGTZAXX01,ELCTZAXX01,1,2029,1.0
GLOBAL,PWRCCGTZAXX01,ELCTZAXX01,1,2030,1.0
GLOBAL,PWRCCGTZAXX01,ELCTZAXX01,1,2031,1.0
GLOBAL,PWRCCGTZAXX01,ELCTZAXX01,1,2032,1.0
GLOBAL,PWRCCGTZAXX01,ELCTZAXX01,1,2033,1.0
GLOBAL,PWRCCGTZAXX01,ELCTZAXX01,1,2034,1.0
GLOBAL,PWRCCGTZAXX01,ELCTZAXX01,1,2035,1.0
GLOBAL,PWRCCGTZAXX01,ELCTZAXX01,1,2036,1.0
GLOBAL,PWRCCGTZAXX01,ELCTZAXX01,1,2037,1.0
GLOBAL,PWRCCGTZAXX01,ELCTZAXX01,1,2038,1.0
GLOBAL,PWRCCGTZAXX01,ELCTZAXX01,1,2039,1.0
GLOBAL,PWRCCGTZAXX01,ELCTZAXX01,1,2040,1.0
GLOBAL,PWRCCGTZAXX01,ELCTZAXX01,1,2041,1.0
GLOBAL,PWRCCGTZAXX01,ELCTZAXX01,1,2042,1.0
GLOBAL,PWRCCGTZAXX01,ELCTZAXX01,1,2043,1.0
GLOBAL,PWRCCGTZAXX01,ELCTZAXX01,1,2044,1.0
GLOBAL,PWRCCGTZAXX01,ELCTZAXX01,1,2045,1.0
GLOBAL,PWRCCGTZAXX01,ELCTZAXX01,1,2046,1.0
GLOBAL,PWRCCGTZAXX01,ELCTZAXX01,1,2047,1.0
GLOBAL,PWRCCGTZAXX01,ELCTZAXX01,1,2048,1.0
GLOBAL,PWRCCGTZAXX01,ELCTZAXX01,1,2049,1.0
GLOBAL,PWRCCGTZAXX01,ELCTZAXX01,1,2050,1.0
GLOBAL,PWRCCGTZAXX01,ELCTZAXX01,2,2021,1.0
GLOBAL,PWRCCGTZAXX01,ELCTZAXX01,2,2022,1.0
GLOBAL,PWRCCGTZAXX01,ELCTZAXX01,2,2023,1.0
GLOBAL,PWRCCGTZAXX01,ELCTZAXX01,2,2024,1.0
GLOBAL,PWRCCGTZAXX01,ELCTZAXX01,2,2025,1.0
GLOBAL,PWRCCGTZAXX01,ELCTZAXX01,2,2026,1.0
GLOBAL,PWRCCGTZAXX01,ELCTZAXX01,2,2027,1.0
GLOBAL,PWRCCGTZAXX01,ELCTZAXX01,2,2028,1.0
GLOBAL,PWRCCGTZAXX01,ELCTZAXX01,2,2029,1.0
GLOBAL,PWRCCGTZAXX01,ELCTZAXX01,2,2030,1.0
GLOBAL,PWRCCGTZAXX01,ELCTZAXX01,2,2031,1.0
GLOBAL,PWRCCGTZAXX01,ELCTZAXX01,2,2032,1.0
GLOBAL,PWRCCGTZAXX01,ELCTZAXX01,2,2033,1.0
GLOBAL,PWRCCGTZAXX01,ELCTZAXX01,2,2034,1.0
GLOBAL,PWRCCGTZAXX01,ELCTZAXX01,2,2035,1.0
GLOBAL,PWRCCGTZAXX01,ELCTZAXX01,2,2036,1.0
GLOBAL,PWRCCGTZAXX01,ELCTZAXX01,2,2037,1.0
GLOBAL,PWRCCGTZAXX01,ELCTZAXX01,2,2038,1.0
GLOBAL,PWRCCGTZAXX01,ELCTZAXX01,2,2039,1.0
GLOBAL,PWRCCGTZAXX01,ELCTZAXX01,2,2040,1.0
GLOBAL,PWRCCGTZAXX01,ELCTZAXX01,2,2041,1.0
GLOBAL,PWRCCGTZAXX01,ELCTZAXX01,2,2042,1.0
GLOBAL,PWRCCGTZAXX01,ELCTZAXX01,2,2043,1.0
GLOBAL,PWRCCGTZAXX01,ELCTZAXX01,2,2044,1.0
GLOBAL,PWRCCGTZAXX01,ELCTZAXX01,2,2045,1.0
GLOBAL,PWRCCGTZAXX01,ELCTZAXX01,2,2046,1.0
GLOBAL,PWRCCGTZAXX01,ELCTZAXX01,2,2047,1.0
GLOBAL,PWRCCGTZAXX01,ELCTZAXX01,2,2048,1.0
GLOBAL,PWRCCGTZAXX01,ELCTZAXX01,2,2049,1.0
GLOBAL,PWRCCGTZAXX01,ELCTZAXX01,2,2050,1.0
GLOBAL,PWROCGTZAXX01,ELCTZAXX01,1,2021,1.0
GLOBAL,PWROCGTZAXX01,ELCTZAXX01,1,2022,1.0
GLOBAL,PWROCGTZAXX01,ELCTZAXX01,1,2023,1.0
GLOBAL,PWROCGTZAXX01,ELCTZAXX01,1,2024,1.0
GLOBAL,PWROCGTZAXX01,ELCTZAXX01,1,2025,1.0
GLOBAL,PWROCGTZAXX01,ELCTZAXX01,1,2026,1.0
GLOBAL,PWROCGTZAXX01,ELCTZAXX01,1,2027,1.0
GLOBAL,PWROCGTZAXX01,ELCTZAXX01,1,2028,1.0
GLOBAL,PWROCGTZAXX01,ELCTZAXX01,1,2029,1.0
GLOBAL,PWROCGTZAXX01,ELCTZAXX01,1,2030,1.0
GLOBAL,PWROCGTZAXX01,ELCTZAXX01,1,2031,1.0
GLOBAL,PWROCGTZAXX01,ELCTZAXX01,1,2032,1.0
GLOBAL,PWROCGTZAXX01,ELCTZAXX01,1,2033,1.0
GLOBAL,PWROCGTZAXX01,ELCTZAXX01,1,2034,1.0
GLOBAL,PWROCGTZAXX01,ELCTZAXX01,1,2035,1.0
GLOBAL,PWROCGTZAXX01,ELCTZAXX01,1,2036,1.0
GLOBAL,PWROCGTZAXX01,ELCTZAXX01,1,2037,1.0
GLOBAL,PWROCGTZAXX01,ELCTZAXX01,1,2038,1.0
GLOBAL,PWROCGTZAXX01,ELCTZAXX01,1,2039,1.0
GLOBAL,PWROCGTZAXX01,ELCTZAXX01,1,2040,1.0
GLOBAL,PWROCGTZAXX01,ELCTZAXX01,1,2041,1.0
GLOBAL,PWROCGTZAXX01,ELCTZAXX01,1,2042,1.0
GLOBAL,PWROCGTZAXX01,ELCTZAXX01,1,2043,1.0
GLOBAL,PWROCGTZAXX01,ELCTZAXX01,1,2044,1.0
GLOBAL,PWROCGTZAXX01,ELCTZAXX01,1,2045,1.0
GLOBAL,PWROCGTZAXX01,ELCTZAXX01,1,2046,1.0
GLOBAL,PWROCGTZAXX01,ELCTZAXX01,1,2047,1.0
GLOBAL,PWROCGTZAXX01,ELCTZAXX01,1,2048,1.0
GLOBAL,PWROCGTZAXX01,ELCTZAXX01,1,2049,1.0
GLOBAL,PWROCGTZAXX01,ELCTZAXX01,1,2050,1.0
GLOBAL,PWROCGTZAXX01,ELCTZAXX01,2,2021,1.0
GLOBAL,PWROCGTZAXX01,ELCTZAXX01,2,2022,1.0
GLOBAL,PWROCGTZAXX01,ELCTZAXX01,2,2023,1.0
GLOBAL,PWROCGTZAXX01,ELCTZAXX01,2,2024,1.0
GLOBAL,PWROCGTZAXX01,ELCTZAXX01,2,2025,1.0
GLOBAL,PWROCGTZAXX01,ELCTZAXX01,2,2026,1.0
GLOBAL,PWROCGTZAXX01,ELCTZAXX01,2,2027,1.0
GLOBAL,PWROCGTZAXX01,ELCTZAXX01,2,2028,1.0
GLOBAL,PWROCGTZAXX01,ELCTZAXX01,2,2029,1.0
GLOBAL,PWROCGTZAXX01,ELCTZAXX01,2,2030,1.0
GLOBAL,PWROCGTZAXX01,ELCTZAXX01,2,2031,1.0
GLOBAL,PWROCGTZAXX01,ELCTZAXX01,2,2032,1.0
GLOBAL,PWROCGTZAXX01,ELCTZAXX01,2,2033,1.0
GLOBAL,PWROCGTZAXX01,ELCTZAXX01,2,2034,1.0
GLOBAL,PWROCGTZAXX01,ELCTZAXX01,2,2035,1.0
GLOBAL,PWROCGTZAXX01,ELCTZAXX01,2,2036,1.0
GLOBAL,PWROCGTZAXX01,ELCTZAXX01,2,2037,1.0
GLOBAL,PWROCGTZAXX01,ELCTZAXX01,2,2038,1.0
GLOBAL,PWROCGTZAXX01,ELCTZAXX01,2,2039,1.0
GLOBAL,PWROCGTZAXX01,ELCTZAXX01,2,2040,1.0
GLOBAL,PWROCGTZAXX01,ELCTZAXX01,2,2041,1.0
GLOBAL,PWROCGTZAXX01,ELCTZAXX01,2,2042,1.0
GLOBAL,PWROCGTZAXX01,ELCTZAXX01,2,2043,1.0
GLOBAL,PWROCGTZAXX01,ELCTZAXX01,2,2044,1.0
GLOBAL,PWROCGTZAXX01,ELCTZAXX01,2,2045,1.0
GLOBAL,PWROCGTZAXX01,ELCTZAXX01,2,2046,1.0
GLOBAL,PWROCGTZAXX01,ELCTZAXX01,2,2047,1.0
GLOBAL,PWROCGTZAXX01,ELCTZAXX01,2,2048,1.0
GLOBAL,PWROCGTZAXX01,ELCTZAXX01,2,2049,1.0
GLOBAL,PWROCGTZAXX01,ELCTZAXX01,2,2050,1.0
GLOBAL,PWRBCKKENXX,ELCKENXX01,1,2021,1.0
GLOBAL,PWRBCKKENXX,ELCKENXX01,1,2022,1.0
GLOBAL,PWRBCKKENXX,ELCKENXX01,1,2023,1.0
GLOBAL,PWRBCKKENXX,ELCKENXX01,1,2024,1.0
GLOBAL,PWRBCKKENXX,ELCKENXX01,1,2025,1.0
GLOBAL,PWRBCKKENXX,ELCKENXX01,1,2026,1.0
GLOBAL,PWRBCKKENXX,ELCKENXX01,1,2027,1.0
GLOBAL,PWRBCKKENXX,ELCKENXX01,1,2028,1.0
GLOBAL,PWRBCKKENXX,ELCKENXX01,1,2029,1.0
GLOBAL,PWRBCKKENXX,ELCKENXX01,1,2030,1.0
GLOBAL,PWRBCKKENXX,ELCKENXX01,1,2031,1.0
GLOBAL,PWRBCKKENXX,ELCKENXX01,1,2032,1.0
GLOBAL,PWRBCKKENXX,ELCKENXX01,1,2033,1.0
GLOBAL,PWRBCKKENXX,ELCKENXX01,1,2034,1.0
GLOBAL,PWRBCKKENXX,ELCKENXX01,1,2035,1.0
GLOBAL,PWRBCKKENXX,ELCKENXX01,1,2036,1.0
GLOBAL,PWRBCKKENXX,ELCKENXX01,1,2037,1.0
GLOBAL,PWRBCKKENXX,ELCKENXX01,1,2038,1.0
GLOBAL,PWRBCKKENXX,ELCKENXX01,1,2039,1.0
GLOBAL,PWRBCKKENXX,ELCKENXX01,1,2040,1.0
GLOBAL,PWRBCKKENXX,ELCKENXX01,1,2041,1.0
GLOBAL,PWRBCKKENXX,ELCKENXX01,1,2042,1.0
GLOBAL,PWRBCKKENXX,ELCKENXX01,1,2043,1.0
GLOBAL,PWRBCKKENXX,ELCKENXX01,1,2044,1.0
GLOBAL,PWRBCKKENXX,ELCKENXX01,1,2045,1.0
GLOBAL,PWRBCKKENXX,ELCKENXX01,1,2046,1.0
GLOBAL,PWRBCKKENXX,ELCKENXX01,1,2047,1.0
GLOBAL,PWRBCKKENXX,ELCKENXX01,1,2048,1.0
GLOBAL,PWRBCKKENXX,ELCKENXX01,1,2049,1.0
GLOBAL,PWRBCKKENXX,ELCKENXX01,1,2050,1.0
GLOBAL,PWRBCKTZAXX,ELCTZAXX01,1,2021,1.0
GLOBAL,PWRBCKTZAXX,ELCTZAXX01,1,2022,1.0
GLOBAL,PWRBCKTZAXX,ELCTZAXX01,1,2023,1.0
GLOBAL,PWRBCKTZAXX,ELCTZAXX01,1,2024,1.0
GLOBAL,PWRBCKTZAXX,ELCTZAXX01,1,2025,1.0
GLOBAL,PWRBCKTZAXX,ELCTZAXX01,1,2026,1.0
GLOBAL,PWRBCKTZAXX,ELCTZAXX01,1,2027,1.0
GLOBAL,PWRBCKTZAXX,ELCTZAXX01,1,2028,1.0
GLOBAL,PWRBCKTZAXX,ELCTZAXX01,1,2029,1.0
GLOBAL,PWRBCKTZAXX,ELCTZAXX01,1,2030,1.0
GLOBAL,PWRBCKTZAXX,ELCTZAXX01,1,2031,1.0
GLOBAL,PWRBCKTZAXX,ELCTZAXX01,1,2032,1.0
GLOBAL,PWRBCKTZAXX,ELCTZAXX01,1,2033,1.0
GLOBAL,PWRBCKTZAXX,ELCTZAXX01,1,2034,1.0
GLOBAL,PWRBCKTZAXX,ELCTZAXX01,1,2035,1.0
GLOBAL,PWRBCKTZAXX,ELCTZAXX01,1,2036,1.0
GLOBAL,PWRBCKTZAXX,ELCTZAXX01,1,2037,1.0
GLOBAL,PWRBCKTZAXX,ELCTZAXX01,1,2038,1.0
GLOBAL,PWRBCKTZAXX,ELCTZAXX01,1,2039,1.0
GLOBAL,PWRBCKTZAXX,ELCTZAXX01,1,2040,1.0
GLOBAL,PWRBCKTZAXX,ELCTZAXX01,1,2041,1.0
GLOBAL,PWRBCKTZAXX,ELCTZAXX01,1,2042,1.0
GLOBAL,PWRBCKTZAXX,ELCTZAXX01,1,2043,1.0
GLOBAL,PWRBCKTZAXX,ELCTZAXX01,1,2044,1.0
GLOBAL,PWRBCKTZAXX,ELCTZAXX01,1,2045,1.0
GLOBAL,PWRBCKTZAXX,ELCTZAXX01,1,2046,1.0
GLOBAL,PWRBCKTZAXX,ELCTZAXX01,1,2047,1.0
GLOBAL,PWRBCKTZAXX,ELCTZAXX01,1,2048,1.0
GLOBAL,PWRBCKTZAXX,ELCTZAXX01,1,2049,1.0
GLOBAL,PWRBCKTZAXX,ELCTZAXX01,1,2050,1.0
GLOBAL,PWRTRNKENXX,ELCKENXX02,1,2021,1.0
GLOBAL,PWRTRNKENXX,ELCKENXX02,1,2022,1.0
GLOBAL,PWRTRNKENXX,ELCKENXX02,1,2023,1.0
GLOBAL,PWRTRNKENXX,ELCKENXX02,1,2024,1.0
GLOBAL,PWRTRNKENXX,ELCKENXX02,1,2025,1.0
GLOBAL,PWRTRNKENXX,ELCKENXX02,1,2026,1.0
GLOBAL,PWRTRNKENXX,ELCKENXX02,1,2027,1.0
GLOBAL,PWRTRNKENXX,ELCKENXX02,1,2028,1.0
GLOBAL,PWRTRNKENXX,ELCKENXX02,1,2029,1.0
GLOBAL,PWRTRNKENXX,ELCKENXX02,1,2030,1.0
GLOBAL,PWRTRNKENXX,ELCKENXX02,1,2031,1.0
GLOBAL,PWRTRNKENXX,ELCKENXX02,1,2032,1.0
GLOBAL,PWRTRNKENXX,ELCKENXX02,1,2033,1.0
GLOBAL,PWRTRNKENXX,ELCKENXX02,1,2034,1.0
GLOBAL,PWRTRNKENXX,ELCKENXX02,1,2035,1.0
GLOBAL,PWRTRNKENXX,ELCKENXX02,1,2036,1.0
GLOBAL,PWRTRNKENXX,ELCKENXX02,1,2037,1.0
GLOBAL,PWRTRNKENXX,ELCKENXX02,1,2038,1.0
GLOBAL,PWRTRNKENXX,ELCKENXX02,1,2039,1.0
GLOBAL,PWRTRNKENXX,ELCKENXX02,1,2040,1.0
GLOBAL,PWRTRNKENXX,ELCKENXX02,1,2041,1.0
GLOBAL,PWRTRNKENXX,ELCKENXX02,1,2042,1.0
GLOBAL,PWRTRNKENXX,ELCKENXX02,1,2043,1.0
GLOBAL,PWRTRNKENXX,ELCKENXX02,1,2044,1.0
GLOBAL,PWRTRNKENXX,ELCKENXX02,1,2045,1.0
GLOBAL,PWRTRNKENXX,ELCKENXX02,1,2046,1.0
GLOBAL,PWRTRNKENXX,ELCKENXX02,1,2047,1.0
GLOBAL,PWRTRNKENXX,ELCKENXX02,1,2048,1.0
GLOBAL,PWRTRNKENXX,ELCKENXX02,1,2049,1.0
GLOBAL,PWRTRNKENXX,ELCKENXX02,1,2050,1.0
GLOBAL,PWRTRNTZAXX,ELCTZAXX02,1,2021,1.0
GLOBAL,PWRTRNTZAXX,ELCTZAXX02,1,2022,1.0
GLOBAL,PWRTRNTZAXX,ELCTZAXX02,1,2023,1.0
GLOBAL,PWRTRNTZAXX,ELCTZAXX02,1,2024,1.0
GLOBAL,PWRTRNTZAXX,ELCTZAXX02,1,2025,1.0
GLOBAL,PWRTRNTZAXX,ELCTZAXX02,1,2026,1.0
GLOBAL,PWRTRNTZAXX,ELCTZAXX02,1,2027,1.0
GLOBAL,PWRTRNTZAXX,ELCTZAXX02,1,2028,1.0
GLOBAL,PWRTRNTZAXX,ELCTZAXX02,1,2029,1.0
GLOBAL,PWRTRNTZAXX,ELCTZAXX02,1,2030,1.0
GLOBAL,PWRTRNTZAXX,ELCTZAXX02,1,2031,1.0
GLOBAL,PWRTRNTZAXX,ELCTZAXX02,1,2032,1.0
GLOBAL,PWRTRNTZAXX,ELCTZAXX02,1,2033,1.0
GLOBAL,PWRTRNTZAXX,ELCTZAXX02,1,2034,1.0
GLOBAL,PWRTRNTZAXX,ELCTZAXX02,1,2035,1.0
GLOBAL,PWRTRNTZAXX,ELCTZAXX02,1,2036,1.0
GLOBAL,PWRTRNTZAXX,ELCTZAXX02,1,2037,1.0
GLOBAL,PWRTRNTZAXX,ELCTZAXX02,1,2038,1.0
GLOBAL,PWRTRNTZAXX,ELCTZAXX02,1,2039,1.0
GLOBAL,PWRTRNTZAXX,ELCTZAXX02,1,2040,1.0
GLOBAL,PWRTRNTZAXX,ELCTZAXX02,1,2041,1.0
GLOBAL,PWRTRNTZAXX,ELCTZAXX02,1,2042,1.0
GLOBAL,PWRTRNTZAXX,ELCTZAXX02,1,2043,1.0
GLOBAL,PWRTRNTZAXX,ELCTZAXX02,1,2044,1.0
GLOBAL,PWRTRNTZAXX,ELCTZAXX02,1,2045,1.0
GLOBAL,PWRTRNTZAXX,ELCTZAXX02,1,2046,1.0
GLOBAL,PWRTRNTZAXX,ELCTZAXX02,1,2047,1.0
GLOBAL,PWRTRNTZAXX,ELCTZAXX02,1,2048,1.0
GLOBAL,PWRTRNTZAXX,ELCTZAXX02,1,2049,1.0
GLOBAL,PWRTRNTZAXX,ELCTZAXX02,1,2050,1.0
GLOBAL,TRNKENXXTZAXX,ELCTZAXX01,1,2021,0.96362
GLOBAL,TRNKENXXTZAXX,ELCTZAXX01,1,2022,0.96362
GLOBAL,TRNKENXXTZAXX,ELCTZAXX01,1,2023,0.96362
GLOBAL,TRNKENXXTZAXX,ELCTZAXX01,1,2024,0.96362
GLOBAL,TRNKENXXTZAXX,ELCTZAXX01,1,2025,0.96362
GLOBAL,TRNKENXXTZAXX,ELCTZAXX01,1,2026,0.96362
GLOBAL,TRNKENXXTZAXX,ELCTZAXX01,1,2027,0.96362
GLOBAL,TRNKENXXTZAXX,ELCTZAXX01,1,2028,0.96362
GLOBAL,TRNKENXXTZAXX,ELCTZAXX01,1,2029,0.96362
GLOBAL,TRNKENXXTZAXX,ELCTZAXX01,1,2030,0.96362
GLOBAL,TRNKENXXTZAXX,ELCTZAXX01,1,2031,0.96362
GLOBAL,TRNKENXXTZAXX,ELCTZAXX01,1,2032,0.96362
GLOBAL,TRNKENXXTZAXX,ELCTZAXX01,1,2033,0.96362
GLOBAL,TRNKENXXTZAXX,ELCTZAXX01,1,2034,0.96362
GLOBAL,TRNKENXXTZAXX,ELCTZAXX01,1,2035,0.96362
GLOBAL,TRNKENXXTZAXX,ELCTZAXX01,1,2036,0.96362
GLOBAL,TRNKENXXTZAXX,ELCTZAXX01,1,2037,0.96362
GLOBAL,TRNKENXXTZAXX,ELCTZAXX01,1,2038,0.96362
GLOBAL,TRNKENXXTZAXX,ELCTZAXX01,1,2039,0.96362
GLOBAL,TRNKENXXTZAXX,ELCTZAXX01,1,2040,0.96362
GLOBAL,TRNKENXXTZAXX,ELCTZAXX01,1,2041,0.96362
GLOBAL,TRNKENXXTZAXX,ELCTZAXX01,1,2042,0.96362
GLOBAL,TRNKENXXTZAXX,ELCTZAXX01,1,2043,0.96362
GLOBAL,TRNKENXXTZAXX,ELCTZAXX01,1,2044,0.96362
GLOBAL,TRNKENXXTZAXX,ELCTZAXX01,1,2045,0.96362
GLOBAL,TRNKENXXTZAXX,ELCTZAXX01,1,2046,0.96362
GLOBAL,TRNKENXXTZAXX,ELCTZAXX01,1,2047,0.96362
GLOBAL,TRNKENXXTZAXX,ELCTZAXX01,1,2048,0.96362
GLOBAL,TRNKENXXTZAXX,ELCTZAXX01,1,2049,0.96362
GLOBAL,TRNKENXXTZAXX,ELCTZAXX01,1,2050,0.96362
GLOBAL,TRNKENXXTZAXX,ELCKENXX01,2,2021,0.96362
GLOBAL,TRNKENXXTZAXX,ELCKENXX01,2,2022,0.96362
GLOBAL,TRNKENXXTZAXX,ELCKENXX01,2,2023,0.96362
GLOBAL,TRNKENXXTZAXX,ELCKENXX01,2,2024,0.96362
GLOBAL,TRNKENXXTZAXX,ELCKENXX01,2,2025,0.96362
GLOBAL,TRNKENXXTZAXX,ELCKENXX01,2,2026,0.96362
GLOBAL,TRNKENXXTZAXX,ELCKENXX01,2,2027,0.96362
GLOBAL,TRNKENXXTZAXX,ELCKENXX01,2,2028,0.96362
GLOBAL,TRNKENXXTZAXX,ELCKENXX01,2,2029,0.96362
GLOBAL,TRNKENXXTZAXX,ELCKENXX01,2,2030,0.96362
GLOBAL,TRNKENXXTZAXX,ELCKENXX01,2,2031,0.96362
GLOBAL,TRNKENXXTZAXX,ELCKENXX01,2,2032,0.96362
GLOBAL,TRNKENXXTZAXX,ELCKENXX01,2,2033,0.96362
GLOBAL,TRNKENXXTZAXX,ELCKENXX01,2,2034,0.96362
GLOBAL,TRNKENXXTZAXX,ELCKENXX01,2,2035,0.96362
GLOBAL,TRNKENXXTZAXX,ELCKENXX01,2,2036,0.96362
GLOBAL,TRNKENXXTZAXX,ELCKENXX01,2,2037,0.96362
GLOBAL,TRNKENXXTZAXX,ELCKENXX01,2,2038,0.96362
GLOBAL,TRNKENXXTZAXX,ELCKENXX01,2,2039,0.96362
GLOBAL,TRNKENXXTZAXX,ELCKENXX01,2,2040,0.96362
GLOBAL,TRNKENXXTZAXX,ELCKENXX01,2,2041,0.96362
GLOBAL,TRNKENXXTZAXX,ELCKENXX01,2,2042,0.96362
GLOBAL,TRNKENXXTZAXX,ELCKENXX01,2,2043,0.96362
GLOBAL,TRNKENXXTZAXX,ELCKENXX01,2,2044,0.96362
GLOBAL,TRNKENXXTZAXX,ELCKENXX01,2,2045,0.96362
GLOBAL,TRNKENXXTZAXX,ELCKENXX01,2,2046,0.96362
GLOBAL,TRNKENXXTZAXX,ELCKENXX01,2,2047,0.96362
GLOBAL,TRNKENXXTZAXX,ELCKENXX01,2,2048,0.96362
GLOBAL,TRNKENXXTZAXX,ELCKENXX01,2,2049,0.96362
GLOBAL,TRNKENXXTZAXX,ELCKENXX01,2,2050,0.96362
