REGION,TIMESLICE,TECHNOLOGY,MODE_OF_OPERATION,YEAR,VALUE
GLOBAL,S2D4,MINGASINT,1,2021,12.784295910206708
GLOBAL,S3D4,MINGASINT,1,2021,10.76147955053572
GLOBAL,S3D5,MINGASINT,1,2021,9.481718521240634
GLOBAL,S2D4,MINGASINT,1,2022,12.77472479771828
GLOBAL,S3D4,MINGASINT,1,2022,10.834758863240722
GLOBAL,S3D5,MINGASINT,1,2022,9.554997833945635
GLOBAL,S2D4,MINGASINT,1,2023,17.317834804839865
GLOBAL,S3D4,MINGASINT,1,2023,15.515952912351333
GLOBAL,S3D5,MINGASINT,1,2023,14.236191883056245
GLOBAL,S2D4,MINGASINT,1,2024,16.987706331188544
GLOBAL,S3D4,MINGASINT,1,2024,26.398102872843268
GLOBAL,S3D5,MINGASINT,1,2024,6.921424945902868
GLOBAL,S2D4,MINGASINT,1,2025,15.386854830855317
GLOBAL,S3D4,MINGASINT,1,2025,26.60580764548009
GLOBAL,S3D5,MINGASINT,1,2025,7.372451716760883
GLOBAL,S2D4,MINGASINT,1,2026,15.923836119996077
GLOBAL,S3D4,MINGASINT,1,2026,29.560408658514287
GLOBAL,S3D5,MINGASINT,1,2026,8.127876137318637
GLOBAL,S2D4,MINGASINT,1,2027,16.45747398747163
GLOBAL,S3D4,MINGASINT,1,2027,32.51134681173927
GLOBAL,S3D5,MINGASINT,1,2027,8.879733518329509
GLOBAL,S2D4,MINGASINT,1,2028,16.99445527661249
GLOBAL,S3D4,MINGASINT,1,2028,35.465947824773565
GLOBAL,S3D5,MINGASINT,1,2028,9.635157938887364
GLOBAL,S2D4,MINGASINT,1,2029,17.527791830420927
GLOBAL,S3D4,MINGASINT,1,2029,38.42211060689768
GLOBAL,S3D5,MINGASINT,1,2029,10.387122323538472
GLOBAL,S2D4,MINGASINT,1,2030,18.064773119561696
GLOBAL,S3D4,MINGASINT,1,2030,41.37671161993189
GLOBAL,S3D5,MINGASINT,1,2030,11.142546744096268
GLOBAL,S2D4,MINGASINT,1,2031,18.803136163900113
GLOBAL,S3D4,MINGASINT,1,2031,44.90743762991367
GLOBAL,S3D5,MINGASINT,1,2031,12.14024400772072
GLOBAL,S2D4,MINGASINT,1,2032,22.05447890446131
GLOBAL,S3D4,MINGASINT,1,2032,50.95666927868447
GLOBAL,S3D5,MINGASINT,1,2032,15.651329284875452
GLOBAL,S2D4,MINGASINT,1,2033,22.763041537997225
GLOBAL,S3D4,MINGASINT,1,2033,54.46312082042984
GLOBAL,S3D5,MINGASINT,1,2033,16.61963445500478
GLOBAL,S2D4,MINGASINT,1,2034,23.468299769837714
GLOBAL,S3D4,MINGASINT,1,2034,57.965948522335744
GLOBAL,S3D5,MINGASINT,1,2034,17.58441160555689
GLOBAL,S2D4,MINGASINT,1,2035,24.180507138705597
GLOBAL,S3D4,MINGASINT,1,2035,61.470838294991246
GLOBAL,S3D5,MINGASINT,1,2035,18.55617681159276
GLOBAL,S2D4,MINGASINT,1,2036,25.099029585040565
GLOBAL,S3D4,MINGASINT,1,2036,65.63351070650285
GLOBAL,S3D5,MINGASINT,1,2036,19.780417389504485
GLOBAL,S2D4,MINGASINT,1,2037,26.031513885238272
GLOBAL,S3D4,MINGASINT,1,2037,69.80461902931079
GLOBAL,S3D5,MINGASINT,1,2037,21.0182115039716
GLOBAL,S2D4,MINGASINT,1,2038,26.963696871768686
GLOBAL,S3D4,MINGASINT,1,2038,73.98095198101768
GLOBAL,S3D5,MINGASINT,1,2038,22.256112622078856
GLOBAL,S2D4,MINGASINT,1,2039,27.899524593631575
GLOBAL,S3D4,MINGASINT,1,2039,78.15572316363476
GLOBAL,S3D5,MINGASINT,1,2039,23.49747377609288
GLOBAL,S2D4,MINGASINT,1,2040,28.831707580162043
GLOBAL,S3D4,MINGASINT,1,2040,82.33205611534187
GLOBAL,S3D5,MINGASINT,1,2040,24.73537489420024
GLOBAL,S2D4,MINGASINT,1,2041,29.809539557583427
GLOBAL,S3D4,MINGASINT,1,2041,87.31939758126052
GLOBAL,S3D5,MINGASINT,1,2041,26.08067853923578
GLOBAL,S2D4,MINGASINT,1,2042,30.79101627033648
GLOBAL,S3D4,MINGASINT,1,2042,92.30517727808945
GLOBAL,S3D5,MINGASINT,1,2042,27.42944222017775
GLOBAL,S2D4,MINGASINT,1,2043,31.76884824775776
GLOBAL,S3D4,MINGASINT,1,2043,97.42563220000808
GLOBAL,S3D5,MINGASINT,1,2043,28.774745865213298
GLOBAL,S2D4,MINGASINT,1,2044,32.75002364684386
GLOBAL,S3D4,MINGASINT,1,2044,102.41663652573628
GLOBAL,S3D5,MINGASINT,1,2044,30.12361654979557
GLOBAL,S2D4,MINGASINT,1,2045,33.67163649167273
GLOBAL,S3D4,MINGASINT,1,2045,107.42806788997072
GLOBAL,S3D5,MINGASINT,1,2045,29.981205963350593
GLOBAL,S2D4,MINGASINT,1,2046,34.852976790883325
GLOBAL,S3D4,MINGASINT,1,2046,113.6326581341312
GLOBAL,S3D5,MINGASINT,1,2046,31.620325305093097
GLOBAL,S2D4,MINGASINT,1,2047,36.06376924122116
GLOBAL,S3D4,MINGASINT,1,2047,119.87190703384132
GLOBAL,S3D5,MINGASINT,1,2047,33.255984610930206
GLOBAL,S2D4,MINGASINT,1,2048,35.95343341319894
GLOBAL,S3D4,MINGASINT,1,2048,126.58270159621354
GLOBAL,S3D5,MINGASINT,1,2048,34.89510395267094
GLOBAL,S2D4,MINGASINT,1,2049,37.131430290740354
GLOBAL,S3D4,MINGASINT,1,2049,132.7836289805662
GLOBAL,S3D5,MINGASINT,1,2049,36.53065625486642
GLOBAL,S2D4,MINGASINT,1,2050,38.312770589954575
GLOBAL,S3D4,MINGASINT,1,2050,138.9882192247255
GLOBAL,S3D5,MINGASINT,1,2050,38.169775596609114
GLOBAL,S3D4,MINOILINT,1,2021,10.05520241864108
GLOBAL,S3D4,MINOILINT,1,2022,11.087634868224646
GLOBAL,S3D4,MINOILINT,1,2023,7.239813250702211
GLOBAL,S1D2,PWRBIOKENXX01,1,2021,1.9172889637170345
GLOBAL,S1D3,PWRBIOKENXX01,1,2021,2.8382400000000003
GLOBAL,S1D4,PWRBIOKENXX01,1,2021,2.8382400000000003
GLOBAL,S1D5,PWRBIOKENXX01,1,2021,2.8382400000000003
GLOBAL,S2D6,PWRBIOKENXX01,1,2021,2.83824
GLOBAL,S2D2,PWRBIOKENXX01,1,2021,1.8125156906856423
GLOBAL,S2D3,PWRBIOKENXX01,1,2021,1.943934501277104
GLOBAL,S2D4,PWRBIOKENXX01,1,2021,2.83824
GLOBAL,S2D5,PWRBIOKENXX01,1,2021,2.83824
GLOBAL,S3D4,PWRBIOKENXX01,1,2021,2.83824
GLOBAL,S1D2,PWRBIOKENXX01,1,2022,1.0791215843348607
GLOBAL,S1D3,PWRBIOKENXX01,1,2022,2.8382400000000003
GLOBAL,S1D4,PWRBIOKENXX01,1,2022,0.6495996424866376
GLOBAL,S1D5,PWRBIOKENXX01,1,2022,2.8382400000000003
GLOBAL,S2D6,PWRBIOKENXX01,1,2022,2.83824
GLOBAL,S2D2,PWRBIOKENXX01,1,2022,1.0566282699320602
GLOBAL,S2D3,PWRBIOKENXX01,1,2022,2.83824
GLOBAL,S2D4,PWRBIOKENXX01,1,2022,2.83824
GLOBAL,S2D5,PWRBIOKENXX01,1,2022,2.83824
GLOBAL,S3D2,PWRBIOKENXX01,1,2022,2.8382399999999994
GLOBAL,S3D4,PWRBIOKENXX01,1,2022,2.83824
GLOBAL,S1D6,PWRBIOKENXX01,1,2023,2.8382400000000003
GLOBAL,S1D2,PWRBIOKENXX01,1,2023,2.8382400000000003
GLOBAL,S1D3,PWRBIOKENXX01,1,2023,2.8382400000000003
GLOBAL,S1D4,PWRBIOKENXX01,1,2023,0.4686017792550417
GLOBAL,S1D5,PWRBIOKENXX01,1,2023,2.8382400000000003
GLOBAL,S2D6,PWRBIOKENXX01,1,2023,2.83824
GLOBAL,S2D2,PWRBIOKENXX01,1,2023,1.2655330847650963
GLOBAL,S2D3,PWRBIOKENXX01,1,2023,1.9150737695650968
GLOBAL,S2D4,PWRBIOKENXX01,1,2023,2.7906759159507466
GLOBAL,S2D5,PWRBIOKENXX01,1,2023,2.1067098008369944
GLOBAL,S3D4,PWRBIOKENXX01,1,2023,2.83824
GLOBAL,S1D2,PWRBIOKENXX01,1,2024,1.4643900524762252
GLOBAL,S1D3,PWRBIOKENXX01,1,2024,8.153066976179547
GLOBAL,S1D4,PWRBIOKENXX01,1,2024,2.1633493140440665
GLOBAL,S1D5,PWRBIOKENXX01,1,2024,3.187102482044065
GLOBAL,S2D6,PWRBIOKENXX01,1,2024,8.153066976179545
GLOBAL,S2D1,PWRBIOKENXX01,1,2024,8.153066976179545
GLOBAL,S2D2,PWRBIOKENXX01,1,2024,3.02320938671089
GLOBAL,S2D3,PWRBIOKENXX01,1,2024,3.1603488488863407
GLOBAL,S2D4,PWRBIOKENXX01,1,2024,8.153066976179545
GLOBAL,S2D5,PWRBIOKENXX01,1,2024,3.9163901165943136
GLOBAL,S3D1,PWRBIOKENXX01,1,2024,6.43162702091375
GLOBAL,S3D3,PWRBIOKENXX01,1,2024,0.8687597020300025
GLOBAL,S3D4,PWRBIOKENXX01,1,2024,8.153066976179545
GLOBAL,S3D5,PWRBIOKENXX01,1,2024,8.153066976179545
GLOBAL,S1D2,PWRBIOKENXX01,1,2025,9.317386348696605
GLOBAL,S1D3,PWRBIOKENXX01,1,2025,9.317386348696605
GLOBAL,S1D4,PWRBIOKENXX01,1,2025,3.096234648636372
GLOBAL,S1D5,PWRBIOKENXX01,1,2025,4.119987816636371
GLOBAL,S2D6,PWRBIOKENXX01,1,2025,9.3173863486966
GLOBAL,S2D2,PWRBIOKENXX01,1,2025,9.3173863486966
GLOBAL,S2D3,PWRBIOKENXX01,1,2025,4.034231144280786
GLOBAL,S2D4,PWRBIOKENXX01,1,2025,9.3173863486966
GLOBAL,S2D5,PWRBIOKENXX01,1,2025,4.77639472584864
GLOBAL,S3D3,PWRBIOKENXX01,1,2025,2.494883779762198
GLOBAL,S3D4,PWRBIOKENXX01,1,2025,9.3173863486966
GLOBAL,S3D5,PWRBIOKENXX01,1,2025,9.3173863486966
GLOBAL,S1D2,PWRBIOKENXX01,1,2026,10.495648721356696
GLOBAL,S1D3,PWRBIOKENXX01,1,2026,5.349683225491251
GLOBAL,S1D4,PWRBIOKENXX01,1,2026,3.585050167059092
GLOBAL,S1D5,PWRBIOKENXX01,1,2026,10.495648721356696
GLOBAL,S2D2,PWRBIOKENXX01,1,2026,10.495648721356694
GLOBAL,S2D3,PWRBIOKENXX01,1,2026,4.426855790687505
GLOBAL,S2D4,PWRBIOKENXX01,1,2026,10.495648721356694
GLOBAL,S2D5,PWRBIOKENXX01,1,2026,10.495648721356694
GLOBAL,S3D2,PWRBIOKENXX01,1,2026,4.239248483178415
GLOBAL,S3D3,PWRBIOKENXX01,1,2026,3.3255001409062994
GLOBAL,S3D4,PWRBIOKENXX01,1,2026,10.495648721356694
GLOBAL,S3D5,PWRBIOKENXX01,1,2026,10.495648721356694
GLOBAL,S1D2,PWRBIOKENXX01,1,2027,3.374906423913999
GLOBAL,S1D3,PWRBIOKENXX01,1,2027,3.8431844879139967
GLOBAL,S1D4,PWRBIOKENXX01,1,2027,11.67391109401682
GLOBAL,S1D5,PWRBIOKENXX01,1,2027,5.09761885348184
GLOBAL,S2D6,PWRBIOKENXX01,1,2027,11.67391109401682
GLOBAL,S2D2,PWRBIOKENXX01,1,2027,11.67391109401682
GLOBAL,S2D3,PWRBIOKENXX01,1,2027,4.799480437094257
GLOBAL,S2D4,PWRBIOKENXX01,1,2027,11.67391109401682
GLOBAL,S2D5,PWRBIOKENXX01,1,2027,5.521644018662096
GLOBAL,S3D6,PWRBIOKENXX01,1,2027,7.726316665449776
GLOBAL,S3D2,PWRBIOKENXX01,1,2027,3.6174580656433255
GLOBAL,S3D3,PWRBIOKENXX01,1,2027,0.7702183441042681
GLOBAL,S3D4,PWRBIOKENXX01,1,2027,11.67391109401682
GLOBAL,S3D5,PWRBIOKENXX01,1,2027,11.67391109401682
GLOBAL,S1D2,PWRBIOKENXX01,1,2028,3.8637219423367313
GLOBAL,S1D3,PWRBIOKENXX01,1,2028,4.332000006336729
GLOBAL,S1D4,PWRBIOKENXX01,1,2028,12.85217346667692
GLOBAL,S1D5,PWRBIOKENXX01,1,2028,12.85217346667692
GLOBAL,S2D6,PWRBIOKENXX01,1,2028,12.852173466676916
GLOBAL,S2D2,PWRBIOKENXX01,1,2028,4.552826475500991
GLOBAL,S2D3,PWRBIOKENXX01,1,2028,12.852173466676916
GLOBAL,S2D4,PWRBIOKENXX01,1,2028,12.852173466676916
GLOBAL,S2D5,PWRBIOKENXX01,1,2028,5.894268665068833
GLOBAL,S3D2,PWRBIOKENXX01,1,2028,1.946095317264944
GLOBAL,S3D3,PWRBIOKENXX01,1,2028,4.946415605185104
GLOBAL,S3D4,PWRBIOKENXX01,1,2028,12.852173466676918
GLOBAL,S3D5,PWRBIOKENXX01,1,2028,12.852173466676918
GLOBAL,S1D2,PWRBIOKENXX01,1,2029,4.353684915028072
GLOBAL,S1D3,PWRBIOKENXX01,1,2029,4.82196297902807
GLOBAL,S1D4,PWRBIOKENXX01,1,2029,14.033201713451271
GLOBAL,S1D5,PWRBIOKENXX01,1,2029,6.076397344595913
GLOBAL,S2D6,PWRBIOKENXX01,1,2029,14.033201713451271
GLOBAL,S2D2,PWRBIOKENXX01,1,2029,14.033201713451271
GLOBAL,S2D3,PWRBIOKENXX01,1,2029,5.525604435650476
GLOBAL,S2D4,PWRBIOKENXX01,1,2029,14.033201713451271
GLOBAL,S2D5,PWRBIOKENXX01,1,2029,14.033201713451271
GLOBAL,S3D2,PWRBIOKENXX01,1,2029,1.1122154991509288
GLOBAL,S3D3,PWRBIOKENXX01,1,2029,5.793911225729579
GLOBAL,S3D4,PWRBIOKENXX01,1,2029,14.033201713451277
GLOBAL,S3D5,PWRBIOKENXX01,1,2029,14.033201713451277
GLOBAL,S1D2,PWRBIOKENXX01,1,2030,4.842500433450772
GLOBAL,S1D3,PWRBIOKENXX01,1,2030,5.3107784974507775
GLOBAL,S1D4,PWRBIOKENXX01,1,2030,15.21146408611134
GLOBAL,S1D5,PWRBIOKENXX01,1,2030,6.565212863018621
GLOBAL,S2D6,PWRBIOKENXX01,1,2030,15.21146408611134
GLOBAL,S2D1,PWRBIOKENXX01,1,2030,1.6309786589445612
GLOBAL,S2D2,PWRBIOKENXX01,1,2030,5.298950474057168
GLOBAL,S2D3,PWRBIOKENXX01,1,2030,15.21146408611134
GLOBAL,S2D4,PWRBIOKENXX01,1,2030,15.21146408611134
GLOBAL,S2D5,PWRBIOKENXX01,1,2030,6.64039266362501
GLOBAL,S3D1,PWRBIOKENXX01,1,2030,11.445118442922857
GLOBAL,S3D2,PWRBIOKENXX01,1,2030,1.5456663816853318
GLOBAL,S3D3,PWRBIOKENXX01,1,2030,2.0115415336853384
GLOBAL,S3D4,PWRBIOKENXX01,1,2030,15.21146408611134
GLOBAL,S3D5,PWRBIOKENXX01,1,2030,15.21146408611134
GLOBAL,S1D2,PWRBIOKENXX01,1,2031,5.404753025063801
GLOBAL,S1D3,PWRBIOKENXX01,1,2031,5.873031089063807
GLOBAL,S1D4,PWRBIOKENXX01,1,2031,8.608364478631644
GLOBAL,S1D5,PWRBIOKENXX01,1,2031,16.56674240208194
GLOBAL,S2D1,PWRBIOKENXX01,1,2031,16.566742402081935
GLOBAL,S2D2,PWRBIOKENXX01,1,2031,16.566742402081935
GLOBAL,S2D3,PWRBIOKENXX01,1,2031,6.346834895999216
GLOBAL,S2D4,PWRBIOKENXX01,1,2031,16.566742402081935
GLOBAL,S2D5,PWRBIOKENXX01,1,2031,7.068998477567056
GLOBAL,S3D1,PWRBIOKENXX01,1,2031,1.8740610828609168
GLOBAL,S3D2,PWRBIOKENXX01,1,2031,11.702597354493994
GLOBAL,S3D3,PWRBIOKENXX01,1,2031,2.487107102797747
GLOBAL,S3D4,PWRBIOKENXX01,1,2031,16.566742402081935
GLOBAL,S3D5,PWRBIOKENXX01,1,2031,16.566742402081935
GLOBAL,S1D2,PWRBIOKENXX01,1,2032,5.871129296042844
GLOBAL,S1D3,PWRBIOKENXX01,1,2032,6.3394073600428404
GLOBAL,S1D4,PWRBIOKENXX01,1,2032,17.82776281726416
GLOBAL,S1D5,PWRBIOKENXX01,1,2032,7.593841725610691
GLOBAL,S2D6,PWRBIOKENXX01,1,2032,17.82776281726416
GLOBAL,S2D2,PWRBIOKENXX01,1,2032,17.82776281726416
GLOBAL,S2D3,PWRBIOKENXX01,1,2032,14.464166815261086
GLOBAL,S2D4,PWRBIOKENXX01,1,2032,17.82776281726416
GLOBAL,S2D5,PWRBIOKENXX01,1,2032,7.746804616148488
GLOBAL,S3D1,PWRBIOKENXX01,1,2032,5.765071892190897
GLOBAL,S3D2,PWRBIOKENXX01,1,2032,2.3807442869853284
GLOBAL,S3D3,PWRBIOKENXX01,1,2032,2.866619438985332
GLOBAL,S3D4,PWRBIOKENXX01,1,2032,17.82776281726416
GLOBAL,S3D5,PWRBIOKENXX01,1,2032,17.82776281726416
GLOBAL,S1D2,PWRBIOKENXX01,1,2033,6.46255663400266
GLOBAL,S1D3,PWRBIOKENXX01,1,2033,6.930834698002665
GLOBAL,S1D4,PWRBIOKENXX01,1,2033,19.21383429942715
GLOBAL,S1D5,PWRBIOKENXX01,1,2033,8.185269063570518
GLOBAL,S2D6,PWRBIOKENXX01,1,2033,19.213834299427145
GLOBAL,S2D2,PWRBIOKENXX01,1,2033,19.213834299427145
GLOBAL,S2D3,PWRBIOKENXX01,1,2033,14.941674627024073
GLOBAL,S2D4,PWRBIOKENXX01,1,2033,19.213834299427145
GLOBAL,S2D5,PWRBIOKENXX01,1,2033,8.104551226713388
GLOBAL,S3D1,PWRBIOKENXX01,1,2033,6.261001874114668
GLOBAL,S3D2,PWRBIOKENXX01,1,2033,2.8853076901537142
GLOBAL,S3D3,PWRBIOKENXX01,1,2033,3.391182842153723
GLOBAL,S3D4,PWRBIOKENXX01,1,2033,19.21383429942715
GLOBAL,S3D5,PWRBIOKENXX01,1,2033,19.21383429942715
GLOBAL,S1D2,PWRBIOKENXX01,1,2034,7.053946898824876
GLOBAL,S1D3,PWRBIOKENXX01,1,2034,15.526494758550395
GLOBAL,S1D4,PWRBIOKENXX01,1,2034,7.752906160392733
GLOBAL,S1D5,PWRBIOKENXX01,1,2034,20.599868708452544
GLOBAL,S2D6,PWRBIOKENXX01,1,2034,20.59986870845254
GLOBAL,S2D2,PWRBIOKENXX01,1,2034,7.120950533833479
GLOBAL,S2D3,PWRBIOKENXX01,1,2034,10.150582034872476
GLOBAL,S2D4,PWRBIOKENXX01,1,2034,20.599868708452544
GLOBAL,S2D5,PWRBIOKENXX01,1,2034,8.462392723401322
GLOBAL,S3D2,PWRBIOKENXX01,1,2034,20.59986870845254
GLOBAL,S3D3,PWRBIOKENXX01,1,2034,5.510667325517339
GLOBAL,S3D4,PWRBIOKENXX01,1,2034,20.599868708452547
GLOBAL,S3D5,PWRBIOKENXX01,1,2034,20.599868708452547
GLOBAL,S1D6,PWRBIOKENXX01,1,2035,0.0480152572980229
GLOBAL,S1D2,PWRBIOKENXX01,1,2035,7.6442267825161885
GLOBAL,S1D3,PWRBIOKENXX01,1,2035,21.98317431650141
GLOBAL,S1D4,PWRBIOKENXX01,1,2035,10.84783823608404
GLOBAL,S1D5,PWRBIOKENXX01,1,2035,9.366939212084047
GLOBAL,S2D6,PWRBIOKENXX01,1,2035,21.98317431650141
GLOBAL,S2D1,PWRBIOKENXX01,1,2035,2.2041675494437656
GLOBAL,S2D2,PWRBIOKENXX01,1,2035,7.477822438655648
GLOBAL,S2D3,PWRBIOKENXX01,1,2035,8.050903297190079
GLOBAL,S2D4,PWRBIOKENXX01,1,2035,21.983174316501408
GLOBAL,S2D5,PWRBIOKENXX01,1,2035,21.98317431650141
GLOBAL,S3D2,PWRBIOKENXX01,1,2035,3.8934268813751673
GLOBAL,S3D3,PWRBIOKENXX01,1,2035,15.997514661586852
GLOBAL,S3D4,PWRBIOKENXX01,1,2035,21.983174316501408
GLOBAL,S3D5,PWRBIOKENXX01,1,2035,21.983174316501408
GLOBAL,S1D2,PWRBIOKENXX01,1,2036,20.54579731956505
GLOBAL,S1D3,PWRBIOKENXX01,1,2036,8.777237842885329
GLOBAL,S1D4,PWRBIOKENXX01,1,2036,11.512571232453174
GLOBAL,S1D5,PWRBIOKENXX01,1,2036,10.03167220845318
GLOBAL,S2D6,PWRBIOKENXX01,1,2036,23.567169785187065
GLOBAL,S2D2,PWRBIOKENXX01,1,2036,7.941436522871198
GLOBAL,S2D3,PWRBIOKENXX01,1,2036,16.345590305350886
GLOBAL,S2D4,PWRBIOKENXX01,1,2036,23.56716978518707
GLOBAL,S2D5,PWRBIOKENXX01,1,2036,9.28287871243904
GLOBAL,S3D6,PWRBIOKENXX01,1,2036,23.567169785187065
GLOBAL,S3D2,PWRBIOKENXX01,1,2036,4.457673696559908
GLOBAL,S3D3,PWRBIOKENXX01,1,2036,4.963548848559917
GLOBAL,S3D4,PWRBIOKENXX01,1,2036,23.56716978518707
GLOBAL,S3D5,PWRBIOKENXX01,1,2036,23.56716978518707
GLOBAL,S1D2,PWRBIOKENXX01,1,2037,22.26248897514036
GLOBAL,S1D3,PWRBIOKENXX01,1,2037,9.42784441318037
GLOBAL,S1D4,PWRBIOKENXX01,1,2037,12.163177802748216
GLOBAL,S1D5,PWRBIOKENXX01,1,2037,10.682278778748222
GLOBAL,S2D6,PWRBIOKENXX01,1,2037,25.135420407952985
GLOBAL,S2D2,PWRBIOKENXX01,1,2037,8.43739467900411
GLOBAL,S2D3,PWRBIOKENXX01,1,2037,16.841548461483796
GLOBAL,S2D4,PWRBIOKENXX01,1,2037,25.135420407952985
GLOBAL,S2D5,PWRBIOKENXX01,1,2037,9.778836868571952
GLOBAL,S3D6,PWRBIOKENXX01,1,2037,25.13542040795298
GLOBAL,S3D2,PWRBIOKENXX01,1,2037,5.007970997961378
GLOBAL,S3D3,PWRBIOKENXX01,1,2037,5.5138461499614015
GLOBAL,S3D4,PWRBIOKENXX01,1,2037,25.135420407952985
GLOBAL,S3D5,PWRBIOKENXX01,1,2037,25.135420407952985
GLOBAL,S1D6,PWRBIOKENXX01,1,2038,3.1220992678948702
GLOBAL,S1D2,PWRBIOKENXX01,1,2038,9.611320373744023
GLOBAL,S1D3,PWRBIOKENXX01,1,2038,26.706436904833144
GLOBAL,S1D4,PWRBIOKENXX01,1,2038,12.814931827311876
GLOBAL,S1D5,PWRBIOKENXX01,1,2038,11.33403280331188
GLOBAL,S2D2,PWRBIOKENXX01,1,2038,26.706436904833144
GLOBAL,S2D3,PWRBIOKENXX01,1,2038,9.533506148879782
GLOBAL,S2D4,PWRBIOKENXX01,1,2038,26.706436904833144
GLOBAL,S2D5,PWRBIOKENXX01,1,2038,10.27566973044762
GLOBAL,S3D6,PWRBIOKENXX01,1,2038,26.706436904833144
GLOBAL,S3D2,PWRBIOKENXX01,1,2038,5.559238841340645
GLOBAL,S3D3,PWRBIOKENXX01,1,2038,17.66332662155233
GLOBAL,S3D4,PWRBIOKENXX01,1,2038,26.706436904833147
GLOBAL,S3D5,PWRBIOKENXX01,1,2038,26.706436904833147
GLOBAL,S1D1,PWRBIOKENXX01,1,2039,7.641886873924792
GLOBAL,S1D2,PWRBIOKENXX01,1,2039,10.261926944039066
GLOBAL,S1D3,PWRBIOKENXX01,1,2039,10.730205008039071
GLOBAL,S1D4,PWRBIOKENXX01,1,2039,12.76433422335582
GLOBAL,S1D5,PWRBIOKENXX01,1,2039,28.274687527599053
GLOBAL,S2D6,PWRBIOKENXX01,1,2039,28.27468752759905
GLOBAL,S2D2,PWRBIOKENXX01,1,2039,17.255060871492354
GLOBAL,S2D3,PWRBIOKENXX01,1,2039,10.029464305012675
GLOBAL,S2D4,PWRBIOKENXX01,1,2039,28.27468752759905
GLOBAL,S2D5,PWRBIOKENXX01,1,2039,28.27468752759905
GLOBAL,S3D1,PWRBIOKENXX01,1,2039,2.9265029447009185
GLOBAL,S3D2,PWRBIOKENXX01,1,2039,6.1095361427421135
GLOBAL,S3D3,PWRBIOKENXX01,1,2039,6.615411294742123
GLOBAL,S3D4,PWRBIOKENXX01,1,2039,28.27468752759905
GLOBAL,S3D5,PWRBIOKENXX01,1,2039,28.27468752759905
GLOBAL,S1D6,PWRBIOKENXX01,1,2040,4.054942331175785
GLOBAL,S1D2,PWRBIOKENXX01,1,2040,10.913680968602806
GLOBAL,S1D3,PWRBIOKENXX01,1,2040,12.289432277676646
GLOBAL,S1D4,PWRBIOKENXX01,1,2040,29.84570402447929
GLOBAL,S1D5,PWRBIOKENXX01,1,2040,12.636393398170664
GLOBAL,S2D2,PWRBIOKENXX01,1,2040,9.927018558888406
GLOBAL,S2D3,PWRBIOKENXX01,1,2040,21.136455700008412
GLOBAL,S2D4,PWRBIOKENXX01,1,2040,29.84570402447928
GLOBAL,S2D5,PWRBIOKENXX01,1,2040,11.268460748456247
GLOBAL,S3D6,PWRBIOKENXX01,1,2040,29.84570402447928
GLOBAL,S3D2,PWRBIOKENXX01,1,2040,29.84570402447928
GLOBAL,S3D3,PWRBIOKENXX01,1,2040,7.146679138121448
GLOBAL,S3D4,PWRBIOKENXX01,1,2040,29.84570402447928
GLOBAL,S3D5,PWRBIOKENXX01,1,2040,29.84570402447928
GLOBAL,S1D1,PWRBIOKENXX01,1,2041,7.594429517216277
GLOBAL,S1D2,PWRBIOKENXX01,1,2041,11.722636227964324
GLOBAL,S1D3,PWRBIOKENXX01,1,2041,13.098387537038162
GLOBAL,S1D4,PWRBIOKENXX01,1,2041,14.926247681532171
GLOBAL,S1D5,PWRBIOKENXX01,1,2041,31.795645275008205
GLOBAL,S2D6,PWRBIOKENXX01,1,2041,31.7956452750082
GLOBAL,S2D2,PWRBIOKENXX01,1,2041,10.543686107519216
GLOBAL,S2D3,PWRBIOKENXX01,1,2041,21.753123248639223
GLOBAL,S2D4,PWRBIOKENXX01,1,2041,31.7956452750082
GLOBAL,S2D5,PWRBIOKENXX01,1,2041,31.7956452750082
GLOBAL,S3D2,PWRBIOKENXX01,1,2041,7.345036080456564
GLOBAL,S3D3,PWRBIOKENXX01,1,2041,7.850911232456574
GLOBAL,S3D4,PWRBIOKENXX01,1,2041,31.7956452750082
GLOBAL,S3D5,PWRBIOKENXX01,1,2041,31.7956452750082
GLOBAL,S1D1,PWRBIOKENXX01,1,2042,12.686258195487424
GLOBAL,S1D2,PWRBIOKENXX01,1,2042,12.530444033057302
GLOBAL,S1D3,PWRBIOKENXX01,1,2042,14.994036353057302
GLOBAL,S1D4,PWRBIOKENXX01,1,2042,13.22940329462516
GLOBAL,S1D5,PWRBIOKENXX01,1,2042,33.74282065142309
GLOBAL,S2D6,PWRBIOKENXX01,1,2042,33.74282065142309
GLOBAL,S2D2,PWRBIOKENXX01,1,2042,11.15947895040733
GLOBAL,S2D3,PWRBIOKENXX01,1,2042,19.563632732887047
GLOBAL,S2D4,PWRBIOKENXX01,1,2042,33.74282065142309
GLOBAL,S2D5,PWRBIOKENXX01,1,2042,33.74282065142309
GLOBAL,S3D2,PWRBIOKENXX01,1,2042,8.028297632813954
GLOBAL,S3D3,PWRBIOKENXX01,1,2042,8.534172784813963
GLOBAL,S3D4,PWRBIOKENXX01,1,2042,33.74282065142309
GLOBAL,S3D5,PWRBIOKENXX01,1,2042,33.74282065142309
GLOBAL,S1D6,PWRBIOKENXX01,1,2043,5.508743867404678
GLOBAL,S1D2,PWRBIOKENXX01,1,2043,13.339399292418882
GLOBAL,S1D3,PWRBIOKENXX01,1,2043,13.807677356418887
GLOBAL,S1D4,PWRBIOKENXX01,1,2043,16.543010745986734
GLOBAL,S1D5,PWRBIOKENXX01,1,2043,15.062111721986724
GLOBAL,S2D6,PWRBIOKENXX01,1,2043,35.69276190195208
GLOBAL,S2D1,PWRBIOKENXX01,1,2043,35.69276190195208
GLOBAL,S2D2,PWRBIOKENXX01,1,2043,11.77614649903822
GLOBAL,S2D3,PWRBIOKENXX01,1,2043,12.37542510703824
GLOBAL,S2D4,PWRBIOKENXX01,1,2043,35.69276190195208
GLOBAL,S2D5,PWRBIOKENXX01,1,2043,13.117588688606078
GLOBAL,S3D2,PWRBIOKENXX01,1,2043,16.587466617737256
GLOBAL,S3D3,PWRBIOKENXX01,1,2043,23.627082942829134
GLOBAL,S3D4,PWRBIOKENXX01,1,2043,35.69276190195208
GLOBAL,S3D5,PWRBIOKENXX01,1,2043,35.69276190195208
GLOBAL,S1D2,PWRBIOKENXX01,1,2044,24.247270122641687
GLOBAL,S1D3,PWRBIOKENXX01,1,2044,14.616632615780468
GLOBAL,S1D4,PWRBIOKENXX01,1,2044,17.351966005348316
GLOBAL,S1D5,PWRBIOKENXX01,1,2044,37.64270315248118
GLOBAL,S2D6,PWRBIOKENXX01,1,2044,37.642703152481175
GLOBAL,S2D2,PWRBIOKENXX01,1,2044,12.392814047669091
GLOBAL,S2D3,PWRBIOKENXX01,1,2044,20.796967830148795
GLOBAL,S2D4,PWRBIOKENXX01,1,2044,37.642703152481175
GLOBAL,S2D5,PWRBIOKENXX01,1,2044,13.734256237236952
GLOBAL,S3D2,PWRBIOKENXX01,1,2044,9.396761821484308
GLOBAL,S3D3,PWRBIOKENXX01,1,2044,37.642703152481175
GLOBAL,S3D4,PWRBIOKENXX01,1,2044,37.64270315248118
GLOBAL,S3D5,PWRBIOKENXX01,1,2044,37.64270315248118
GLOBAL,S1D6,PWRBIOKENXX01,1,2045,34.2557505108181
GLOBAL,S1D1,PWRBIOKENXX01,1,2045,1.2893833812474491
GLOBAL,S1D2,PWRBIOKENXX01,1,2045,17.28400093182094
GLOBAL,S1D3,PWRBIOKENXX01,1,2045,39.547438664577946
GLOBAL,S1D4,PWRBIOKENXX01,1,2045,15.86287619827788
GLOBAL,S1D5,PWRBIOKENXX01,1,2045,39.547438664577946
GLOBAL,S2D2,PWRBIOKENXX01,1,2045,13.818644527435463
GLOBAL,S2D3,PWRBIOKENXX01,1,2045,14.417923135435483
GLOBAL,S2D4,PWRBIOKENXX01,1,2045,39.547438664577946
GLOBAL,S2D5,PWRBIOKENXX01,1,2045,39.547438664577946
GLOBAL,S3D2,PWRBIOKENXX01,1,2045,10.890156846954955
GLOBAL,S3D3,PWRBIOKENXX01,1,2045,11.396031998954934
GLOBAL,S3D4,PWRBIOKENXX01,1,2045,39.54743866457795
GLOBAL,S3D5,PWRBIOKENXX01,1,2045,39.547438664577946
GLOBAL,S1D6,PWRBIOKENXX01,1,2046,20.723289157163123
GLOBAL,S1D2,PWRBIOKENXX01,1,2046,41.99247138155339
GLOBAL,S1D3,PWRBIOKENXX01,1,2046,17.24910037971814
GLOBAL,S1D4,PWRBIOKENXX01,1,2046,16.877225771718464
GLOBAL,S1D5,PWRBIOKENXX01,1,2046,16.877225771718464
GLOBAL,S2D6,PWRBIOKENXX01,1,2046,41.992471381553386
GLOBAL,S2D2,PWRBIOKENXX01,1,2046,14.59188440401658
GLOBAL,S2D3,PWRBIOKENXX01,1,2046,15.1911630120166
GLOBAL,S2D4,PWRBIOKENXX01,1,2046,41.992471381553386
GLOBAL,S2D5,PWRBIOKENXX01,1,2046,41.992471381553386
GLOBAL,S3D2,PWRBIOKENXX01,1,2046,11.748115955312825
GLOBAL,S3D3,PWRBIOKENXX01,1,2046,12.2539911073128
GLOBAL,S3D4,PWRBIOKENXX01,1,2046,41.992471381553386
GLOBAL,S3D5,PWRBIOKENXX01,1,2046,41.992471381553386
GLOBAL,S1D6,PWRBIOKENXX01,1,2047,22.029174663562436
GLOBAL,S1D2,PWRBIOKENXX01,1,2047,17.93181188161187
GLOBAL,S1D3,PWRBIOKENXX01,1,2047,44.479359054826695
GLOBAL,S1D4,PWRBIOKENXX01,1,2047,17.93181188161187
GLOBAL,S1D5,PWRBIOKENXX01,1,2047,17.93181188161187
GLOBAL,S2D6,PWRBIOKENXX01,1,2047,44.47935905482669
GLOBAL,S2D2,PWRBIOKENXX01,1,2047,15.388088068524056
GLOBAL,S2D3,PWRBIOKENXX01,1,2047,15.987366676524076
GLOBAL,S2D4,PWRBIOKENXX01,1,2047,44.47935905482669
GLOBAL,S2D5,PWRBIOKENXX01,1,2047,44.47935905482669
GLOBAL,S3D2,PWRBIOKENXX01,1,2047,12.629134687832094
GLOBAL,S3D3,PWRBIOKENXX01,1,2047,13.115009839832082
GLOBAL,S3D4,PWRBIOKENXX01,1,2047,44.47935905482669
GLOBAL,S3D5,PWRBIOKENXX01,1,2047,44.47935905482669
GLOBAL,S1D6,PWRBIOKENXX01,1,2048,39.47486436941947
GLOBAL,S1D2,PWRBIOKENXX01,1,2048,19.6014801506688
GLOBAL,S1D3,PWRBIOKENXX01,1,2048,19.6014801506688
GLOBAL,S1D4,PWRBIOKENXX01,1,2048,19.6014801506688
GLOBAL,S1D5,PWRBIOKENXX01,1,2048,47.579710467419474
GLOBAL,S2D2,PWRBIOKENXX01,1,2048,16.1430692167224
GLOBAL,S2D3,PWRBIOKENXX01,1,2048,47.579710467419474
GLOBAL,S2D4,PWRBIOKENXX01,1,2048,47.579710467419474
GLOBAL,S2D5,PWRBIOKENXX01,1,2048,47.579710467419474
GLOBAL,S3D2,PWRBIOKENXX01,1,2048,14.111128779807164
GLOBAL,S3D3,PWRBIOKENXX01,1,2048,14.111128779807164
GLOBAL,S3D4,PWRBIOKENXX01,1,2048,47.579710467419474
GLOBAL,S3D5,PWRBIOKENXX01,1,2048,47.579710467419474
GLOBAL,S1D1,PWRBIOKENXX01,1,2049,11.861062451240707
GLOBAL,S1D2,PWRBIOKENXX01,1,2049,50.02474318439493
GLOBAL,S1D3,PWRBIOKENXX01,1,2049,20.6158297241095
GLOBAL,S1D4,PWRBIOKENXX01,1,2049,20.6158297241095
GLOBAL,S1D5,PWRBIOKENXX01,1,2049,50.02474318439493
GLOBAL,S2D2,PWRBIOKENXX01,1,2049,50.02474318439493
GLOBAL,S2D3,PWRBIOKENXX01,1,2049,16.916309093303607
GLOBAL,S2D4,PWRBIOKENXX01,1,2049,50.02474318439492
GLOBAL,S2D5,PWRBIOKENXX01,1,2049,50.02474318439493
GLOBAL,S3D2,PWRBIOKENXX01,1,2049,14.969087888165124
GLOBAL,S3D3,PWRBIOKENXX01,1,2049,14.969087888165124
GLOBAL,S3D4,PWRBIOKENXX01,1,2049,50.02474318439492
GLOBAL,S3D5,PWRBIOKENXX01,1,2049,50.02474318439492
GLOBAL,S1D1,PWRBIOKENXX01,1,2050,12.225490849813688
GLOBAL,S1D2,PWRBIOKENXX01,1,2050,52.46977590137044
GLOBAL,S1D3,PWRBIOKENXX01,1,2050,21.63017929755013
GLOBAL,S1D4,PWRBIOKENXX01,1,2050,21.63017929755013
GLOBAL,S1D5,PWRBIOKENXX01,1,2050,52.46977590137044
GLOBAL,S2D2,PWRBIOKENXX01,1,2050,52.46977590137043
GLOBAL,S2D3,PWRBIOKENXX01,1,2050,17.689548969884754
GLOBAL,S2D4,PWRBIOKENXX01,1,2050,52.46977590137043
GLOBAL,S2D5,PWRBIOKENXX01,1,2050,52.46977590137043
GLOBAL,S3D2,PWRBIOKENXX01,1,2050,15.82704699652299
GLOBAL,S3D3,PWRBIOKENXX01,1,2050,15.82704699652299
GLOBAL,S3D4,PWRBIOKENXX01,1,2050,52.46977590137043
GLOBAL,S3D5,PWRBIOKENXX01,1,2050,52.46977590137043
GLOBAL,S1D6,PWRBIOTZAXX01,1,2021,2.555167093756195
GLOBAL,S1D1,PWRBIOTZAXX01,1,2021,4.606690700743244
GLOBAL,S1D2,PWRBIOTZAXX01,1,2021,1.2349380335233888
GLOBAL,S1D4,PWRBIOTZAXX01,1,2021,1.2349380335233888
GLOBAL,S1D5,PWRBIOTZAXX01,1,2021,1.2349380335233888
GLOBAL,S2D2,PWRBIOTZAXX01,1,2021,4.606690700743243
GLOBAL,S2D4,PWRBIOTZAXX01,1,2021,4.606690700743243
GLOBAL,S2D5,PWRBIOTZAXX01,1,2021,4.606690700743243
GLOBAL,S3D2,PWRBIOTZAXX01,1,2021,3.756184949585029
GLOBAL,S3D3,PWRBIOTZAXX01,1,2021,3.756184949585029
GLOBAL,S3D4,PWRBIOTZAXX01,1,2021,4.606690700743243
GLOBAL,S3D5,PWRBIOTZAXX01,1,2021,4.606690700743243
GLOBAL,S1D6,PWRBIOTZAXX01,1,2022,3.5675710238772966
GLOBAL,S1D2,PWRBIOTZAXX01,1,2022,1.5534292965899852
GLOBAL,S1D4,PWRBIOTZAXX01,1,2022,1.5534292965899852
GLOBAL,S1D5,PWRBIOTZAXX01,1,2022,5.38104017956088
GLOBAL,S2D2,PWRBIOTZAXX01,1,2022,5.38104017956088
GLOBAL,S2D4,PWRBIOTZAXX01,1,2022,5.38104017956088
GLOBAL,S2D5,PWRBIOTZAXX01,1,2022,5.38104017956088
GLOBAL,S3D2,PWRBIOTZAXX01,1,2022,5.38104017956088
GLOBAL,S3D3,PWRBIOTZAXX01,1,2022,4.021602525406346
GLOBAL,S3D4,PWRBIOTZAXX01,1,2022,5.38104017956088
GLOBAL,S3D5,PWRBIOTZAXX01,1,2022,5.38104017956088
GLOBAL,S1D6,PWRBIOTZAXX01,1,2023,5.546434540394902
GLOBAL,S1D2,PWRBIOTZAXX01,1,2023,1.855197920353592
GLOBAL,S1D4,PWRBIOTZAXX01,1,2023,3.078006712537112
GLOBAL,S1D5,PWRBIOTZAXX01,1,2023,1.855197920353592
GLOBAL,S2D2,PWRBIOTZAXX01,1,2023,5.546434540394902
GLOBAL,S2D4,PWRBIOTZAXX01,1,2023,5.546434540394904
GLOBAL,S2D5,PWRBIOTZAXX01,1,2023,5.546434540394904
GLOBAL,S3D2,PWRBIOTZAXX01,1,2023,5.546434540394902
GLOBAL,S3D3,PWRBIOTZAXX01,1,2023,4.234915003761153
GLOBAL,S3D4,PWRBIOTZAXX01,1,2023,5.546434540394904
GLOBAL,S3D5,PWRBIOTZAXX01,1,2023,5.546434540394904
GLOBAL,S1D1,PWRBIOTZAXX01,1,2024,5.546434540394904
GLOBAL,S1D2,PWRBIOTZAXX01,1,2024,2.6509935116258414
GLOBAL,S1D4,PWRBIOTZAXX01,1,2024,2.6509935116258414
GLOBAL,S1D5,PWRBIOTZAXX01,1,2024,2.6509935116258414
GLOBAL,S2D2,PWRBIOTZAXX01,1,2024,5.114480832613801
GLOBAL,S2D4,PWRBIOTZAXX01,1,2024,5.546434540394904
GLOBAL,S2D5,PWRBIOTZAXX01,1,2024,5.546434540394902
GLOBAL,S3D2,PWRBIOTZAXX01,1,2024,4.535710005325773
GLOBAL,S3D3,PWRBIOTZAXX01,1,2024,4.535710005325773
GLOBAL,S3D4,PWRBIOTZAXX01,1,2024,5.546434540394904
GLOBAL,S3D5,PWRBIOTZAXX01,1,2024,5.546434540394904
GLOBAL,S1D6,PWRBIOTZAXX01,1,2025,5.546434540394904
GLOBAL,S1D2,PWRBIOTZAXX01,1,2025,2.3276369003310444
GLOBAL,S1D4,PWRBIOTZAXX01,1,2025,2.3276369003310444
GLOBAL,S1D5,PWRBIOTZAXX01,1,2025,4.560510584672593
GLOBAL,S2D2,PWRBIOTZAXX01,1,2025,5.121530870295725
GLOBAL,S2D4,PWRBIOTZAXX01,1,2025,5.546434540394904
GLOBAL,S2D5,PWRBIOTZAXX01,1,2025,5.121530870295725
GLOBAL,S3D2,PWRBIOTZAXX01,1,2025,4.125312546948706
GLOBAL,S3D3,PWRBIOTZAXX01,1,2025,4.125312546948706
GLOBAL,S3D4,PWRBIOTZAXX01,1,2025,5.546434540394904
GLOBAL,S3D5,PWRBIOTZAXX01,1,2025,5.546434540394904
GLOBAL,S1D6,PWRBIOTZAXX01,1,2026,5.546434540394904
GLOBAL,S1D2,PWRBIOTZAXX01,1,2026,2.430824355207548
GLOBAL,S1D4,PWRBIOTZAXX01,1,2026,2.430824355207548
GLOBAL,S1D5,PWRBIOTZAXX01,1,2026,4.507142057920003
GLOBAL,S2D2,PWRBIOTZAXX01,1,2026,5.054250496510251
GLOBAL,S2D4,PWRBIOTZAXX01,1,2026,5.546434540394904
GLOBAL,S2D5,PWRBIOTZAXX01,1,2026,5.054250496510251
GLOBAL,S3D2,PWRBIOTZAXX01,1,2026,4.1179298200642105
GLOBAL,S3D3,PWRBIOTZAXX01,1,2026,4.1179298200642105
GLOBAL,S3D4,PWRBIOTZAXX01,1,2026,5.546434540394904
GLOBAL,S3D5,PWRBIOTZAXX01,1,2026,5.546434540394904
GLOBAL,S1D1,PWRBIOTZAXX01,1,2027,5.546434540394904
GLOBAL,S1D2,PWRBIOTZAXX01,1,2027,2.5338467101562188
GLOBAL,S1D4,PWRBIOTZAXX01,1,2027,2.5338467101562188
GLOBAL,S1D5,PWRBIOTZAXX01,1,2027,4.453858920810247
GLOBAL,S2D2,PWRBIOTZAXX01,1,2027,4.987077771322824
GLOBAL,S2D4,PWRBIOTZAXX01,1,2027,5.546434540394904
GLOBAL,S2D5,PWRBIOTZAXX01,1,2027,4.987077771322824
GLOBAL,S3D2,PWRBIOTZAXX01,1,2027,4.110558905542723
GLOBAL,S3D3,PWRBIOTZAXX01,1,2027,4.110558905542723
GLOBAL,S3D4,PWRBIOTZAXX01,1,2027,5.546434540394904
GLOBAL,S3D5,PWRBIOTZAXX01,1,2027,5.546434540394904
GLOBAL,S1D1,PWRBIOTZAXX01,1,2028,5.546434540394904
GLOBAL,S1D2,PWRBIOTZAXX01,1,2028,2.637034165032763
GLOBAL,S1D4,PWRBIOTZAXX01,1,2028,2.637034165032763
GLOBAL,S1D5,PWRBIOTZAXX01,1,2028,4.400490394057357
GLOBAL,S2D2,PWRBIOTZAXX01,1,2028,4.919797397537398
GLOBAL,S2D4,PWRBIOTZAXX01,1,2028,5.546434540394904
GLOBAL,S2D5,PWRBIOTZAXX01,1,2028,4.919797397537398
GLOBAL,S3D2,PWRBIOTZAXX01,1,2028,4.1031761786582654
GLOBAL,S3D3,PWRBIOTZAXX01,1,2028,4.1031761786582654
GLOBAL,S3D4,PWRBIOTZAXX01,1,2028,5.546434540394904
GLOBAL,S3D5,PWRBIOTZAXX01,1,2028,5.546434540394904
GLOBAL,S1D6,PWRBIOTZAXX01,1,2029,5.546434540394904
GLOBAL,S1D2,PWRBIOTZAXX01,1,2029,2.7402216199092746
GLOBAL,S1D4,PWRBIOTZAXX01,1,2029,2.7402216199092746
GLOBAL,S1D5,PWRBIOTZAXX01,1,2029,4.3471218673046845
GLOBAL,S2D2,PWRBIOTZAXX01,1,2029,4.852517023751923
GLOBAL,S2D4,PWRBIOTZAXX01,1,2029,5.546434540394904
GLOBAL,S2D5,PWRBIOTZAXX01,1,2029,4.852517023751923
GLOBAL,S3D2,PWRBIOTZAXX01,1,2029,4.095793451773761
GLOBAL,S3D3,PWRBIOTZAXX01,1,2029,4.095793451773761
GLOBAL,S3D4,PWRBIOTZAXX01,1,2029,5.546434540394904
GLOBAL,S3D5,PWRBIOTZAXX01,1,2029,5.546434540394904
GLOBAL,S1D6,PWRBIOTZAXX01,1,2030,1.2504947747158968
GLOBAL,S1D2,PWRBIOTZAXX01,1,2030,5.546434540394902
GLOBAL,S1D4,PWRBIOTZAXX01,1,2030,2.843409074785753
GLOBAL,S1D5,PWRBIOTZAXX01,1,2030,2.843409074785753
GLOBAL,S2D2,PWRBIOTZAXX01,1,2030,5.546434540394902
GLOBAL,S2D4,PWRBIOTZAXX01,1,2030,5.546434540394904
GLOBAL,S2D5,PWRBIOTZAXX01,1,2030,5.546434540394902
GLOBAL,S3D2,PWRBIOTZAXX01,1,2030,5.546434540394902
GLOBAL,S3D3,PWRBIOTZAXX01,1,2030,4.088410724889257
GLOBAL,S3D4,PWRBIOTZAXX01,1,2030,5.546434540394904
GLOBAL,S3D5,PWRBIOTZAXX01,1,2030,5.546434540394904
GLOBAL,S1D6,PWRBIOTZAXX01,1,2031,1.119527407174674
GLOBAL,S1D2,PWRBIOTZAXX01,1,2031,2.968059520276588
GLOBAL,S1D4,PWRBIOTZAXX01,1,2031,2.968059520276588
GLOBAL,S1D5,PWRBIOTZAXX01,1,2031,2.968059520276588
GLOBAL,S2D6,PWRBIOTZAXX01,1,2031,5.546434540394902
GLOBAL,S2D2,PWRBIOTZAXX01,1,2031,4.7039619584336
GLOBAL,S2D4,PWRBIOTZAXX01,1,2031,5.546434540394904
GLOBAL,S2D5,PWRBIOTZAXX01,1,2031,4.7039619584336
GLOBAL,S3D2,PWRBIOTZAXX01,1,2031,4.079492390812516
GLOBAL,S3D3,PWRBIOTZAXX01,1,2031,4.079492390812804
GLOBAL,S3D4,PWRBIOTZAXX01,1,2031,5.546434540394904
GLOBAL,S3D5,PWRBIOTZAXX01,1,2031,5.546434540394904
GLOBAL,S1D6,PWRBIOTZAXX01,1,2032,0.6426708075476201
GLOBAL,S1D2,PWRBIOTZAXX01,1,2032,2.141995570640248
GLOBAL,S1D4,PWRBIOTZAXX01,1,2032,2.141995570640248
GLOBAL,S1D5,PWRBIOTZAXX01,1,2032,2.141995570640248
GLOBAL,S2D2,PWRBIOTZAXX01,1,2032,3.338914540394903
GLOBAL,S2D4,PWRBIOTZAXX01,1,2032,3.338914540394903
GLOBAL,S2D5,PWRBIOTZAXX01,1,2032,3.338914540394903
GLOBAL,S3D2,PWRBIOTZAXX01,1,2032,3.119682749318363
GLOBAL,S3D3,PWRBIOTZAXX01,1,2032,3.119682749318363
GLOBAL,S3D4,PWRBIOTZAXX01,1,2032,3.338914540394902
GLOBAL,S3D5,PWRBIOTZAXX01,1,2032,3.338914540394902
GLOBAL,S1D6,PWRBIOTZAXX01,1,2033,0.36061000720959024
GLOBAL,S1D2,PWRBIOTZAXX01,1,2033,2.252061567491243
GLOBAL,S1D4,PWRBIOTZAXX01,1,2033,2.252061567491243
GLOBAL,S1D5,PWRBIOTZAXX01,1,2033,2.252061567491243
GLOBAL,S2D2,PWRBIOTZAXX01,1,2033,3.338914540394903
GLOBAL,S2D4,PWRBIOTZAXX01,1,2033,3.338914540394903
GLOBAL,S2D5,PWRBIOTZAXX01,1,2033,3.338914540394903
GLOBAL,S3D2,PWRBIOTZAXX01,1,2033,3.09600305431154
GLOBAL,S3D3,PWRBIOTZAXX01,1,2033,3.096003054311253
GLOBAL,S3D4,PWRBIOTZAXX01,1,2033,3.338914540394902
GLOBAL,S3D5,PWRBIOTZAXX01,1,2033,3.338914540394902
GLOBAL,S1D6,PWRBIOTZAXX01,1,2034,0.07892230316934233
GLOBAL,S1D2,PWRBIOTZAXX01,1,2034,2.361981974399185
GLOBAL,S1D4,PWRBIOTZAXX01,1,2034,2.361981974399185
GLOBAL,S1D5,PWRBIOTZAXX01,1,2034,2.361981974399185
GLOBAL,S2D2,PWRBIOTZAXX01,1,2034,3.338914540394903
GLOBAL,S2D4,PWRBIOTZAXX01,1,2034,3.338914540394903
GLOBAL,S2D5,PWRBIOTZAXX01,1,2034,3.338914540394903
GLOBAL,S3D2,PWRBIOTZAXX01,1,2034,3.0723546816518974
GLOBAL,S3D3,PWRBIOTZAXX01,1,2034,3.0723546816518974
GLOBAL,S3D4,PWRBIOTZAXX01,1,2034,3.338914540394902
GLOBAL,S3D5,PWRBIOTZAXX01,1,2034,3.338914540394902
GLOBAL,S1D2,PWRBIOTZAXX01,1,2035,2.4043351388607537
GLOBAL,S1D4,PWRBIOTZAXX01,1,2035,2.4043351388607537
GLOBAL,S1D5,PWRBIOTZAXX01,1,2035,2.4043351388607537
GLOBAL,S2D2,PWRBIOTZAXX01,1,2035,3.338914540394903
GLOBAL,S2D4,PWRBIOTZAXX01,1,2035,3.338914540394903
GLOBAL,S2D5,PWRBIOTZAXX01,1,2035,3.338914540394903
GLOBAL,S3D2,PWRBIOTZAXX01,1,2035,3.048674986644692
GLOBAL,S3D3,PWRBIOTZAXX01,1,2035,3.048674986644692
GLOBAL,S3D4,PWRBIOTZAXX01,1,2035,3.338914540394902
GLOBAL,S3D5,PWRBIOTZAXX01,1,2035,3.338914540394902
GLOBAL,S1D2,PWRBIOTZAXX01,1,2036,2.4564768887127117
GLOBAL,S1D4,PWRBIOTZAXX01,1,2036,2.4564768887127117
GLOBAL,S1D5,PWRBIOTZAXX01,1,2036,2.4564768887127117
GLOBAL,S2D2,PWRBIOTZAXX01,1,2036,3.2799329045821595
GLOBAL,S2D4,PWRBIOTZAXX01,1,2036,3.338914540394903
GLOBAL,S2D5,PWRBIOTZAXX01,1,2036,3.2799329045821595
GLOBAL,S3D2,PWRBIOTZAXX01,1,2036,3.031237214559288
GLOBAL,S3D3,PWRBIOTZAXX01,1,2036,3.031237214559288
GLOBAL,S3D4,PWRBIOTZAXX01,1,2036,3.338914540394902
GLOBAL,S3D5,PWRBIOTZAXX01,1,2036,3.338914540394902
GLOBAL,S1D2,PWRBIOTZAXX01,1,2037,2.529675142340112
GLOBAL,S1D4,PWRBIOTZAXX01,1,2037,2.529675142340112
GLOBAL,S1D5,PWRBIOTZAXX01,1,2037,2.529675142340112
GLOBAL,S2D2,PWRBIOTZAXX01,1,2037,3.183372112125248
GLOBAL,S2D4,PWRBIOTZAXX01,1,2037,3.338914540394903
GLOBAL,S2D5,PWRBIOTZAXX01,1,2037,3.183372112125248
GLOBAL,S3D2,PWRBIOTZAXX01,1,2037,3.0206415249347005
GLOBAL,S3D3,PWRBIOTZAXX01,1,2037,3.0206415249347005
GLOBAL,S3D4,PWRBIOTZAXX01,1,2037,3.338914540394902
GLOBAL,S3D5,PWRBIOTZAXX01,1,2037,3.338914540394902
GLOBAL,S1D2,PWRBIOTZAXX01,1,2038,2.6029549993716548
GLOBAL,S1D4,PWRBIOTZAXX01,1,2038,2.6029549993716548
GLOBAL,S1D5,PWRBIOTZAXX01,1,2038,2.6029549993716548
GLOBAL,S2D2,PWRBIOTZAXX01,1,2038,3.0867036710702904
GLOBAL,S2D4,PWRBIOTZAXX01,1,2038,3.338914540394903
GLOBAL,S2D5,PWRBIOTZAXX01,1,2038,3.0867036710702904
GLOBAL,S3D2,PWRBIOTZAXX01,1,2038,3.010034022947032
GLOBAL,S3D3,PWRBIOTZAXX01,1,2038,3.010034022947032
GLOBAL,S3D4,PWRBIOTZAXX01,1,2038,3.338914540394902
GLOBAL,S3D5,PWRBIOTZAXX01,1,2038,3.338914540394902
GLOBAL,S1D2,PWRBIOTZAXX01,1,2039,2.6762348564032727
GLOBAL,S1D4,PWRBIOTZAXX01,1,2039,2.6762348564032727
GLOBAL,S1D5,PWRBIOTZAXX01,1,2039,2.6762348564032727
GLOBAL,S2D2,PWRBIOTZAXX01,1,2039,2.990035230015333
GLOBAL,S2D4,PWRBIOTZAXX01,1,2039,3.338914540394903
GLOBAL,S2D5,PWRBIOTZAXX01,1,2039,2.990035230015333
GLOBAL,S3D2,PWRBIOTZAXX01,1,2039,2.999426520959396
GLOBAL,S3D3,PWRBIOTZAXX01,1,2039,2.999426520959396
GLOBAL,S3D4,PWRBIOTZAXX01,1,2039,3.338914540394902
GLOBAL,S3D5,PWRBIOTZAXX01,1,2039,3.338914540394902
GLOBAL,S1D2,PWRBIOTZAXX01,1,2040,2.749514713434926
GLOBAL,S1D4,PWRBIOTZAXX01,1,2040,2.749514713434926
GLOBAL,S1D5,PWRBIOTZAXX01,1,2040,2.749514713434926
GLOBAL,S2D2,PWRBIOTZAXX01,1,2040,2.893366788960375
GLOBAL,S2D4,PWRBIOTZAXX01,1,2040,3.338914540394903
GLOBAL,S2D5,PWRBIOTZAXX01,1,2040,2.893366788960375
GLOBAL,S3D2,PWRBIOTZAXX01,1,2040,2.988819018971759
GLOBAL,S3D3,PWRBIOTZAXX01,1,2040,2.988819018971759
GLOBAL,S3D4,PWRBIOTZAXX01,1,2040,3.338914540394902
GLOBAL,S3D5,PWRBIOTZAXX01,1,2040,3.338914540394902
GLOBAL,S1D2,PWRBIOTZAXX01,1,2041,2.836095925362163
GLOBAL,S1D4,PWRBIOTZAXX01,1,2041,2.836095925362163
GLOBAL,S1D5,PWRBIOTZAXX01,1,2041,2.836095925362163
GLOBAL,S2D2,PWRBIOTZAXX01,1,2041,2.779151626422108
GLOBAL,S2D4,PWRBIOTZAXX01,1,2041,3.338914540394903
GLOBAL,S2D5,PWRBIOTZAXX01,1,2041,2.779151626422108
GLOBAL,S3D2,PWRBIOTZAXX01,1,2041,2.9762861018126214
GLOBAL,S3D3,PWRBIOTZAXX01,1,2041,2.9762861018126214
GLOBAL,S3D4,PWRBIOTZAXX01,1,2041,3.338914540394902
GLOBAL,S3D5,PWRBIOTZAXX01,1,2041,3.338914540394902
GLOBAL,S1D2,PWRBIOTZAXX01,1,2042,2.922677137289218
GLOBAL,S1D4,PWRBIOTZAXX01,1,2042,2.922677137289218
GLOBAL,S1D5,PWRBIOTZAXX01,1,2042,2.922677137289218
GLOBAL,S2D2,PWRBIOTZAXX01,1,2042,2.6649364638839037
GLOBAL,S2D4,PWRBIOTZAXX01,1,2042,3.338914540394903
GLOBAL,S2D5,PWRBIOTZAXX01,1,2042,2.6649364638839037
GLOBAL,S3D2,PWRBIOTZAXX01,1,2042,2.9637531846534846
GLOBAL,S3D3,PWRBIOTZAXX01,1,2042,2.9637531846534846
GLOBAL,S3D4,PWRBIOTZAXX01,1,2042,3.338914540394902
GLOBAL,S3D5,PWRBIOTZAXX01,1,2042,3.338914540394902
GLOBAL,S1D2,PWRBIOTZAXX01,1,2043,3.009258349216545
GLOBAL,S1D4,PWRBIOTZAXX01,1,2043,3.009258349216545
GLOBAL,S1D5,PWRBIOTZAXX01,1,2043,3.009258349216545
GLOBAL,S2D2,PWRBIOTZAXX01,1,2043,2.5507213013456678
GLOBAL,S2D4,PWRBIOTZAXX01,1,2043,3.338914540394903
GLOBAL,S2D5,PWRBIOTZAXX01,1,2043,2.5507213013456678
GLOBAL,S3D2,PWRBIOTZAXX01,1,2043,2.951220267494348
GLOBAL,S3D3,PWRBIOTZAXX01,1,2043,2.951220267494348
GLOBAL,S3D4,PWRBIOTZAXX01,1,2043,3.338914540394902
GLOBAL,S3D5,PWRBIOTZAXX01,1,2043,3.338914540394902
GLOBAL,S1D2,PWRBIOTZAXX01,1,2044,3.0959211645478386
GLOBAL,S1D4,PWRBIOTZAXX01,1,2044,3.0959211645478386
GLOBAL,S1D5,PWRBIOTZAXX01,1,2044,3.0959211645478386
GLOBAL,S2D2,PWRBIOTZAXX01,1,2044,2.4363984902093847
GLOBAL,S2D4,PWRBIOTZAXX01,1,2044,3.338914540394903
GLOBAL,S2D5,PWRBIOTZAXX01,1,2044,2.4363984902093847
GLOBAL,S3D2,PWRBIOTZAXX01,1,2044,2.9386755379722254
GLOBAL,S3D3,PWRBIOTZAXX01,1,2044,2.9386755379722254
GLOBAL,S3D4,PWRBIOTZAXX01,1,2044,3.338914540394902
GLOBAL,S3D5,PWRBIOTZAXX01,1,2044,3.338914540394902
GLOBAL,S1D2,PWRBIOTZAXX01,1,2045,3.1825023764749907
GLOBAL,S1D4,PWRBIOTZAXX01,1,2045,3.1825023764749907
GLOBAL,S1D5,PWRBIOTZAXX01,1,2045,3.1825023764749907
GLOBAL,S2D2,PWRBIOTZAXX01,1,2045,2.3221833276712123
GLOBAL,S2D4,PWRBIOTZAXX01,1,2045,3.338914540394903
GLOBAL,S2D5,PWRBIOTZAXX01,1,2045,2.3221833276712123
GLOBAL,S3D2,PWRBIOTZAXX01,1,2045,2.92614262081312
GLOBAL,S3D3,PWRBIOTZAXX01,1,2045,2.92614262081312
GLOBAL,S3D4,PWRBIOTZAXX01,1,2045,3.338914540394902
GLOBAL,S3D5,PWRBIOTZAXX01,1,2045,3.338914540394902
GLOBAL,S1D2,PWRBIOTZAXX01,1,2046,3.2899740598944884
GLOBAL,S1D4,PWRBIOTZAXX01,1,2046,3.2899740598944884
GLOBAL,S1D5,PWRBIOTZAXX01,1,2046,3.2899740598944884
GLOBAL,S2D2,PWRBIOTZAXX01,1,2046,2.180410124030412
GLOBAL,S2D4,PWRBIOTZAXX01,1,2046,3.338914540394903
GLOBAL,S2D5,PWRBIOTZAXX01,1,2046,2.180410124030412
GLOBAL,S3D2,PWRBIOTZAXX01,1,2046,2.9105857387220557
GLOBAL,S3D3,PWRBIOTZAXX01,1,2046,2.9105857387220557
GLOBAL,S3D4,PWRBIOTZAXX01,1,2046,3.338914540394902
GLOBAL,S3D5,PWRBIOTZAXX01,1,2046,3.338914540394902
GLOBAL,S1D2,PWRBIOTZAXX01,1,2047,3.338914540394902
GLOBAL,S1D4,PWRBIOTZAXX01,1,2047,3.3389145403949017
GLOBAL,S1D5,PWRBIOTZAXX01,1,2047,3.3389145403949017
GLOBAL,S2D6,PWRBIOTZAXX01,1,2047,0.17121939074501072
GLOBAL,S2D2,PWRBIOTZAXX01,1,2047,2.03863692038977
GLOBAL,S2D4,PWRBIOTZAXX01,1,2047,3.3389145403949017
GLOBAL,S2D5,PWRBIOTZAXX01,1,2047,2.03863692038977
GLOBAL,S3D2,PWRBIOTZAXX01,1,2047,2.89502885663115
GLOBAL,S3D3,PWRBIOTZAXX01,1,2047,2.89502885663115
GLOBAL,S3D4,PWRBIOTZAXX01,1,2047,3.338914540394902
GLOBAL,S3D5,PWRBIOTZAXX01,1,2047,3.338914540394902
GLOBAL,S1D2,PWRBIOTZAXX01,1,2048,3.3389145403949017
GLOBAL,S1D4,PWRBIOTZAXX01,1,2048,3.3389145403949017
GLOBAL,S1D5,PWRBIOTZAXX01,1,2048,3.3389145403949017
GLOBAL,S2D6,PWRBIOTZAXX01,1,2048,0.48560274936008896
GLOBAL,S2D2,PWRBIOTZAXX01,1,2048,1.8968637167490645
GLOBAL,S2D4,PWRBIOTZAXX01,1,2048,3.3389145403949017
GLOBAL,S2D5,PWRBIOTZAXX01,1,2048,1.8968637167490645
GLOBAL,S3D2,PWRBIOTZAXX01,1,2048,2.8794719745401487
GLOBAL,S3D3,PWRBIOTZAXX01,1,2048,2.8794719745401487
GLOBAL,S3D4,PWRBIOTZAXX01,1,2048,3.338914540394902
GLOBAL,S3D5,PWRBIOTZAXX01,1,2048,3.338914540394902
GLOBAL,S1D2,PWRBIOTZAXX01,1,2049,3.3389145403949025
GLOBAL,S1D4,PWRBIOTZAXX01,1,2049,3.3389145403949025
GLOBAL,S1D5,PWRBIOTZAXX01,1,2049,3.3389145403949025
GLOBAL,S2D6,PWRBIOTZAXX01,1,2049,0.7997473962382508
GLOBAL,S2D2,PWRBIOTZAXX01,1,2049,1.7551981617061527
GLOBAL,S2D4,PWRBIOTZAXX01,1,2049,3.338914540394902
GLOBAL,S2D5,PWRBIOTZAXX01,1,2049,1.7551981617061527
GLOBAL,S3D2,PWRBIOTZAXX01,1,2049,2.8639269048118137
GLOBAL,S3D3,PWRBIOTZAXX01,1,2049,2.8639269048119407
GLOBAL,S3D4,PWRBIOTZAXX01,1,2049,3.338914540394902
GLOBAL,S3D5,PWRBIOTZAXX01,1,2049,3.338914540394902
GLOBAL,S1D2,PWRBIOTZAXX01,1,2050,3.3389145403949025
GLOBAL,S1D4,PWRBIOTZAXX01,1,2050,3.3389145403949025
GLOBAL,S1D5,PWRBIOTZAXX01,1,2050,3.3389145403949025
GLOBAL,S2D6,PWRBIOTZAXX01,1,2050,1.114130754852193
GLOBAL,S2D2,PWRBIOTZAXX01,1,2050,1.6134249580655424
GLOBAL,S2D4,PWRBIOTZAXX01,1,2050,3.338914540394902
GLOBAL,S2D5,PWRBIOTZAXX01,1,2050,1.6134249580655424
GLOBAL,S3D2,PWRBIOTZAXX01,1,2050,2.848370022721068
GLOBAL,S3D3,PWRBIOTZAXX01,1,2050,2.848370022721068
GLOBAL,S3D4,PWRBIOTZAXX01,1,2050,3.338914540394902
GLOBAL,S3D5,PWRBIOTZAXX01,1,2050,3.338914540394902
GLOBAL,S2D4,PWRCCGTZAXX00,2,2021,5.175828303727412
GLOBAL,S3D4,PWRCCGTZAXX00,2,2021,4.356874311957781
GLOBAL,S3D5,PWRCCGTZAXX00,2,2021,3.838752437749244
GLOBAL,S2D4,PWRCCGTZAXX00,2,2022,5.1719533594001135
GLOBAL,S3D4,PWRCCGTZAXX00,2,2022,4.386542049895029
GLOBAL,S3D5,PWRCCGTZAXX00,2,2022,3.868420175686493
GLOBAL,S2D4,PWRCCGTZAXX00,2,2023,6.559488
GLOBAL,S3D4,PWRCCGTZAXX00,2,2023,5.829981160935817
GLOBAL,S3D5,PWRCCGTZAXX00,2,2023,5.311859286727279
GLOBAL,S2D4,PWRCCGTZAXX00,2,2024,4.075417564892987
GLOBAL,S3D4,PWRCCGTZAXX00,2,2024,6.559488
GLOBAL,S2D4,PWRCCGTZAXX01,2,2023,0.5579497224199325
GLOBAL,S3D4,PWRCCGTZAXX01,2,2023,0.5579497224199325
GLOBAL,S3D5,PWRCCGTZAXX01,2,2023,0.5579497224199325
GLOBAL,S2D4,PWRCCGTZAXX01,2,2024,3.4607124729514336
GLOBAL,S3D4,PWRCCGTZAXX01,2,2024,3.4607124729514336
GLOBAL,S3D5,PWRCCGTZAXX01,2,2024,3.4607124729514336
GLOBAL,S2D4,PWRCCGTZAXX01,2,2025,7.693427415427657
GLOBAL,S3D4,PWRCCGTZAXX01,2,2025,7.693427415427657
GLOBAL,S3D5,PWRCCGTZAXX01,2,2025,3.6862258583804417
GLOBAL,S2D4,PWRCCGTZAXX01,2,2026,7.961918059998037
GLOBAL,S3D4,PWRCCGTZAXX01,2,2026,7.961918059998037
GLOBAL,S3D5,PWRCCGTZAXX01,2,2026,4.063938068659319
GLOBAL,S2D4,PWRCCGTZAXX01,2,2027,8.228736993735815
GLOBAL,S3D4,PWRCCGTZAXX01,2,2027,8.228736993735838
GLOBAL,S3D5,PWRCCGTZAXX01,2,2027,4.4398667591647545
GLOBAL,S2D4,PWRCCGTZAXX01,2,2028,8.497227638306244
GLOBAL,S3D4,PWRCCGTZAXX01,2,2028,8.497227638306251
GLOBAL,S3D5,PWRCCGTZAXX01,2,2028,4.817578969443683
GLOBAL,S2D4,PWRCCGTZAXX01,2,2029,8.763895915210462
GLOBAL,S3D4,PWRCCGTZAXX01,2,2029,8.763895915210517
GLOBAL,S3D5,PWRCCGTZAXX01,2,2029,5.193561161769236
GLOBAL,S2D4,PWRCCGTZAXX01,2,2030,9.032386559780848
GLOBAL,S3D4,PWRCCGTZAXX01,2,2030,9.032386559780871
GLOBAL,S3D5,PWRCCGTZAXX01,2,2030,5.571273372048134
GLOBAL,S2D4,PWRCCGTZAXX01,2,2031,9.401568081950057
GLOBAL,S3D4,PWRCCGTZAXX01,2,2031,9.40156808195006
GLOBAL,S3D5,PWRCCGTZAXX01,2,2031,6.0701220038603605
GLOBAL,S2D4,PWRCCGTZAXX01,2,2032,11.027239452230654
GLOBAL,S3D4,PWRCCGTZAXX01,2,2032,11.0272394522307
GLOBAL,S3D5,PWRCCGTZAXX01,2,2032,7.825664642437727
GLOBAL,S2D4,PWRCCGTZAXX01,2,2033,11.381520768998612
GLOBAL,S3D4,PWRCCGTZAXX01,2,2033,11.381520768998612
GLOBAL,S3D5,PWRCCGTZAXX01,2,2033,8.30981722750239
GLOBAL,S2D4,PWRCCGTZAXX01,2,2034,11.734149884918857
GLOBAL,S3D4,PWRCCGTZAXX01,2,2034,11.734149884918867
GLOBAL,S3D5,PWRCCGTZAXX01,2,2034,8.792205802778446
GLOBAL,S2D4,PWRCCGTZAXX01,2,2035,12.090253569352797
GLOBAL,S3D4,PWRCCGTZAXX01,2,2035,12.090253569352848
GLOBAL,S3D5,PWRCCGTZAXX01,2,2035,9.278088405796378
GLOBAL,S2D4,PWRCCGTZAXX01,2,2036,12.549514792520284
GLOBAL,S3D4,PWRCCGTZAXX01,2,2036,12.5495147925202
GLOBAL,S3D5,PWRCCGTZAXX01,2,2036,9.890208694752241
GLOBAL,S2D4,PWRCCGTZAXX01,2,2037,13.015756942619136
GLOBAL,S3D4,PWRCCGTZAXX01,2,2037,13.01575694261908
GLOBAL,S3D5,PWRCCGTZAXX01,2,2037,10.509105751985798
GLOBAL,S2D4,PWRCCGTZAXX01,2,2038,13.481848435884343
GLOBAL,S3D4,PWRCCGTZAXX01,2,2038,13.481848435884377
GLOBAL,S3D5,PWRCCGTZAXX01,2,2038,11.128056311039428
GLOBAL,S2D4,PWRCCGTZAXX01,2,2039,13.949762296815788
GLOBAL,S3D4,PWRCCGTZAXX01,2,2039,13.949762296815804
GLOBAL,S3D5,PWRCCGTZAXX01,2,2039,11.74873688804644
GLOBAL,S2D4,PWRCCGTZAXX01,2,2040,14.41585379008102
GLOBAL,S3D4,PWRCCGTZAXX01,2,2040,14.415853790081004
GLOBAL,S3D5,PWRCCGTZAXX01,2,2040,12.36768744710012
GLOBAL,S2D4,PWRCCGTZAXX01,2,2041,14.904769778791714
GLOBAL,S3D4,PWRCCGTZAXX01,2,2041,14.904769778791623
GLOBAL,S3D5,PWRCCGTZAXX01,2,2041,13.04033926961789
GLOBAL,S2D4,PWRCCGTZAXX01,2,2042,15.39550813516824
GLOBAL,S3D4,PWRCCGTZAXX01,2,2042,15.395508135168193
GLOBAL,S3D5,PWRCCGTZAXX01,2,2042,13.714721110088876
GLOBAL,S2D4,PWRCCGTZAXX01,2,2043,15.88442412387888
GLOBAL,S3D4,PWRCCGTZAXX01,2,2043,15.884424123878947
GLOBAL,S3D5,PWRCCGTZAXX01,2,2043,14.387372932606649
GLOBAL,S2D4,PWRCCGTZAXX01,2,2044,16.37501182342193
GLOBAL,S3D4,PWRCCGTZAXX01,2,2044,16.375011823421907
GLOBAL,S3D5,PWRCCGTZAXX01,2,2044,15.061808274897787
GLOBAL,S2D4,PWRCCGTZAXX01,2,2045,16.835818245836364
GLOBAL,S3D4,PWRCCGTZAXX01,2,2045,16.835818245836403
GLOBAL,S3D5,PWRCCGTZAXX01,2,2045,14.990602981675297
GLOBAL,S2D4,PWRCCGTZAXX01,2,2046,17.426488395441666
GLOBAL,S3D4,PWRCCGTZAXX01,2,2046,17.42648839544167
GLOBAL,S3D5,PWRCCGTZAXX01,2,2046,15.810162652546548
GLOBAL,S2D4,PWRCCGTZAXX01,2,2047,17.976716706599564
GLOBAL,S3D4,PWRCCGTZAXX01,2,2047,17.976716706599564
GLOBAL,S3D5,PWRCCGTZAXX01,2,2047,16.627992305465103
GLOBAL,S2D4,PWRCCGTZAXX01,2,2048,17.97671670659947
GLOBAL,S3D4,PWRCCGTZAXX01,2,2048,17.976716706599564
GLOBAL,S3D5,PWRCCGTZAXX01,2,2048,17.44755197633547
GLOBAL,S2D4,PWRCCGTZAXX01,2,2049,18.565715145370177
GLOBAL,S3D4,PWRCCGTZAXX01,2,2049,18.565715145370177
GLOBAL,S3D5,PWRCCGTZAXX01,2,2049,18.26532812743321
GLOBAL,S2D4,PWRCCGTZAXX01,2,2050,19.156385294977287
GLOBAL,S3D4,PWRCCGTZAXX01,2,2050,19.156385294977287
GLOBAL,S3D5,PWRCCGTZAXX01,2,2050,19.084887798304557
GLOBAL,S1D6,PWRGEOKENXX01,1,2021,20.822194843317888
GLOBAL,S1D1,PWRGEOKENXX01,1,2021,28.67044916675861
GLOBAL,S1D2,PWRGEOKENXX01,1,2021,32.08150139236805
GLOBAL,S1D3,PWRGEOKENXX01,1,2021,32.660767864097856
GLOBAL,S1D4,PWRGEOKENXX01,1,2021,31.600561732801097
GLOBAL,S1D5,PWRGEOKENXX01,1,2021,32.2249745328011
GLOBAL,S2D6,PWRGEOKENXX01,1,2021,27.055889357723135
GLOBAL,S2D1,PWRGEOKENXX01,1,2021,27.609107623680703
GLOBAL,S2D2,PWRGEOKENXX01,1,2021,33.80599142017584
GLOBAL,S2D3,PWRGEOKENXX01,1,2021,33.80599142017584
GLOBAL,S2D4,PWRGEOKENXX01,1,2021,33.80599142017584
GLOBAL,S2D5,PWRGEOKENXX01,1,2021,33.358330481177504
GLOBAL,S3D6,PWRGEOKENXX01,1,2021,16.023191871903922
GLOBAL,S3D1,PWRGEOKENXX01,1,2021,33.80599142017584
GLOBAL,S3D2,PWRGEOKENXX01,1,2021,31.026548880084132
GLOBAL,S3D3,PWRGEOKENXX01,1,2021,31.55317485128413
GLOBAL,S3D4,PWRGEOKENXX01,1,2021,33.80599142017584
GLOBAL,S3D5,PWRGEOKENXX01,1,2021,33.80599142017584
GLOBAL,S1D6,PWRGEOKENXX01,1,2022,22.121348788216693
GLOBAL,S1D1,PWRGEOKENXX01,1,2022,28.999860279907672
GLOBAL,S1D2,PWRGEOKENXX01,1,2022,34.62562062241348
GLOBAL,S1D3,PWRGEOKENXX01,1,2022,33.25114049154834
GLOBAL,S1D4,PWRGEOKENXX01,1,2022,35.695159112212274
GLOBAL,S1D5,PWRGEOKENXX01,1,2022,35.038722329771545
GLOBAL,S2D6,PWRGEOKENXX01,1,2022,28.47937690220712
GLOBAL,S2D1,PWRGEOKENXX01,1,2022,29.30610713039104
GLOBAL,S2D2,PWRGEOKENXX01,1,2022,35.695159112212274
GLOBAL,S2D3,PWRGEOKENXX01,1,2022,34.563088066944374
GLOBAL,S2D4,PWRGEOKENXX01,1,2022,35.695159112212274
GLOBAL,S2D5,PWRGEOKENXX01,1,2022,34.97543992369495
GLOBAL,S3D6,PWRGEOKENXX01,1,2022,17.459457581060114
GLOBAL,S3D1,PWRGEOKENXX01,1,2022,35.695159112212274
GLOBAL,S3D2,PWRGEOKENXX01,1,2022,32.37227224378387
GLOBAL,S3D3,PWRGEOKENXX01,1,2022,33.22374424378387
GLOBAL,S3D4,PWRGEOKENXX01,1,2022,35.69515911221228
GLOBAL,S3D5,PWRGEOKENXX01,1,2022,35.26726876105176
GLOBAL,S1D6,PWRGEOKENXX01,1,2023,17.706626607134478
GLOBAL,S1D1,PWRGEOKENXX01,1,2023,29.091852488500905
GLOBAL,S1D2,PWRGEOKENXX01,1,2023,33.048132168995416
GLOBAL,S1D3,PWRGEOKENXX01,1,2023,33.43277045379542
GLOBAL,S1D4,PWRGEOKENXX01,1,2023,35.69515911221228
GLOBAL,S1D5,PWRGEOKENXX01,1,2023,34.37566969146732
GLOBAL,S2D6,PWRGEOKENXX01,1,2023,27.99412032226932
GLOBAL,S2D1,PWRGEOKENXX01,1,2023,29.41152526280587
GLOBAL,S2D2,PWRGEOKENXX01,1,2023,35.69515911221228
GLOBAL,S2D3,PWRGEOKENXX01,1,2023,35.69515911221228
GLOBAL,S2D4,PWRGEOKENXX01,1,2023,34.56867353789853
GLOBAL,S2D5,PWRGEOKENXX01,1,2023,35.69515911221228
GLOBAL,S3D6,PWRGEOKENXX01,1,2023,19.86124887499934
GLOBAL,S3D1,PWRGEOKENXX01,1,2023,35.69515911221228
GLOBAL,S3D2,PWRGEOKENXX01,1,2023,35.69515911221228
GLOBAL,S3D3,PWRGEOKENXX01,1,2023,33.443065435112715
GLOBAL,S3D4,PWRGEOKENXX01,1,2023,35.69515911221228
GLOBAL,S3D5,PWRGEOKENXX01,1,2023,35.253228676227
GLOBAL,S1D6,PWRGEOKENXX01,1,2024,28.156987475789723
GLOBAL,S1D1,PWRGEOKENXX01,1,2024,30.5114888908403
GLOBAL,S1D2,PWRGEOKENXX01,1,2024,35.69515911221228
GLOBAL,S1D3,PWRGEOKENXX01,1,2024,29.47476025250896
GLOBAL,S1D4,PWRGEOKENXX01,1,2024,35.69515911221228
GLOBAL,S1D5,PWRGEOKENXX01,1,2024,35.69515911221228
GLOBAL,S2D6,PWRGEOKENXX01,1,2024,20.58104878455189
GLOBAL,S2D1,PWRGEOKENXX01,1,2024,22.65657873252252
GLOBAL,S2D2,PWRGEOKENXX01,1,2024,35.69515911221228
GLOBAL,S2D3,PWRGEOKENXX01,1,2024,35.69515911221228
GLOBAL,S2D4,PWRGEOKENXX01,1,2024,35.69515911221228
GLOBAL,S2D5,PWRGEOKENXX01,1,2024,35.69515911221228
GLOBAL,S3D6,PWRGEOKENXX01,1,2024,33.28411390632675
GLOBAL,S3D1,PWRGEOKENXX01,1,2024,21.050301170314697
GLOBAL,S3D2,PWRGEOKENXX01,1,2024,35.69515911221228
GLOBAL,S3D3,PWRGEOKENXX01,1,2024,35.69515911221228
GLOBAL,S3D4,PWRGEOKENXX01,1,2024,35.69515911221227
GLOBAL,S3D5,PWRGEOKENXX01,1,2024,35.69515911221228
GLOBAL,S1D6,PWRGEOKENXX01,1,2025,36.32796720827691
GLOBAL,S1D1,PWRGEOKENXX01,1,2025,31.850853790443647
GLOBAL,S1D2,PWRGEOKENXX01,1,2025,31.06966590249992
GLOBAL,S1D3,PWRGEOKENXX01,1,2025,29.876134310648837
GLOBAL,S1D4,PWRGEOKENXX01,1,2025,36.32796720827691
GLOBAL,S1D5,PWRGEOKENXX01,1,2025,36.32796720827691
GLOBAL,S2D6,PWRGEOKENXX01,1,2025,24.428029733467092
GLOBAL,S2D1,PWRGEOKENXX01,1,2025,32.10188770158463
GLOBAL,S2D2,PWRGEOKENXX01,1,2025,30.445533395861105
GLOBAL,S2D3,PWRGEOKENXX01,1,2025,36.32796720827691
GLOBAL,S2D4,PWRGEOKENXX01,1,2025,36.32796720827691
GLOBAL,S2D5,PWRGEOKENXX01,1,2025,36.32796720827691
GLOBAL,S3D6,PWRGEOKENXX01,1,2025,19.882365824693427
GLOBAL,S3D1,PWRGEOKENXX01,1,2025,28.765590668786796
GLOBAL,S3D2,PWRGEOKENXX01,1,2025,35.785408635312294
GLOBAL,S3D3,PWRGEOKENXX01,1,2025,33.7764000075501
GLOBAL,S3D4,PWRGEOKENXX01,1,2025,36.3279672082769
GLOBAL,S3D5,PWRGEOKENXX01,1,2025,36.32796720827691
GLOBAL,S1D6,PWRGEOKENXX01,1,2026,25.779964058957084
GLOBAL,S1D1,PWRGEOKENXX01,1,2026,35.70309473025636
GLOBAL,S1D2,PWRGEOKENXX01,1,2026,32.89382745063108
GLOBAL,S1D3,PWRGEOKENXX01,1,2026,40.50338526649653
GLOBAL,S1D4,PWRGEOKENXX01,1,2026,40.50338526649653
GLOBAL,S1D5,PWRGEOKENXX01,1,2026,34.61653988019892
GLOBAL,S2D6,PWRGEOKENXX01,1,2026,26.16728601879459
GLOBAL,S2D1,PWRGEOKENXX01,1,2026,40.50338526649653
GLOBAL,S2D2,PWRGEOKENXX01,1,2026,40.50338526649653
GLOBAL,S2D3,PWRGEOKENXX01,1,2026,40.50338526649653
GLOBAL,S2D4,PWRGEOKENXX01,1,2026,40.50338526649653
GLOBAL,S2D5,PWRGEOKENXX01,1,2026,35.156755917395195
GLOBAL,S3D6,PWRGEOKENXX01,1,2026,22.941611785196123
GLOBAL,S3D1,PWRGEOKENXX01,1,2026,40.50338526649653
GLOBAL,S3D2,PWRGEOKENXX01,1,2026,37.679576195247776
GLOBAL,S3D3,PWRGEOKENXX01,1,2026,40.50338526649653
GLOBAL,S3D4,PWRGEOKENXX01,1,2026,40.50338526649652
GLOBAL,S3D5,PWRGEOKENXX01,1,2026,40.50338526649652
GLOBAL,S1D6,PWRGEOKENXX01,1,2027,30.792871462051973
GLOBAL,S1D1,PWRGEOKENXX01,1,2027,39.58995604412497
GLOBAL,S1D2,PWRGEOKENXX01,1,2027,44.678803324716114
GLOBAL,S1D3,PWRGEOKENXX01,1,2027,44.678803324716114
GLOBAL,S1D4,PWRGEOKENXX01,1,2027,37.078757916181125
GLOBAL,S1D5,PWRGEOKENXX01,1,2027,44.678803324716114
GLOBAL,S2D6,PWRGEOKENXX01,1,2027,28.135561927648663
GLOBAL,S2D1,PWRGEOKENXX01,1,2027,39.66195887596184
GLOBAL,S2D2,PWRGEOKENXX01,1,2027,38.80550632208252
GLOBAL,S2D3,PWRGEOKENXX01,1,2027,44.678803324716114
GLOBAL,S2D4,PWRGEOKENXX01,1,2027,44.678803324716114
GLOBAL,S2D5,PWRGEOKENXX01,1,2027,44.678803324716114
GLOBAL,S3D6,PWRGEOKENXX01,1,2027,18.27454108024904
GLOBAL,S3D1,PWRGEOKENXX01,1,2027,44.678803324716114
GLOBAL,S3D2,PWRGEOKENXX01,1,2027,44.678803324716114
GLOBAL,S3D3,PWRGEOKENXX01,1,2027,44.678803324716114
GLOBAL,S3D4,PWRGEOKENXX01,1,2027,44.67880332471611
GLOBAL,S3D5,PWRGEOKENXX01,1,2027,44.67880332471611
GLOBAL,S1D6,PWRGEOKENXX01,1,2028,33.05951797699795
GLOBAL,S1D1,PWRGEOKENXX01,1,2028,48.85422138293572
GLOBAL,S1D2,PWRGEOKENXX01,1,2028,48.85422138293572
GLOBAL,S1D3,PWRGEOKENXX01,1,2028,48.85422138293572
GLOBAL,S1D4,PWRGEOKENXX01,1,2028,43.069381312163365
GLOBAL,S1D5,PWRGEOKENXX01,1,2028,48.85422138293572
GLOBAL,S2D6,PWRGEOKENXX01,1,2028,19.379169491619447
GLOBAL,S2D1,PWRGEOKENXX01,1,2028,43.451994463150456
GLOBAL,S2D2,PWRGEOKENXX01,1,2028,48.85422138293572
GLOBAL,S2D3,PWRGEOKENXX01,1,2028,41.1741529997598
GLOBAL,S2D4,PWRGEOKENXX01,1,2028,48.85422138293572
GLOBAL,S2D5,PWRGEOKENXX01,1,2028,48.85422138293572
GLOBAL,S3D6,PWRGEOKENXX01,1,2028,29.060103706201502
GLOBAL,S3D1,PWRGEOKENXX01,1,2028,48.85422138293572
GLOBAL,S3D2,PWRGEOKENXX01,1,2028,48.85422138293572
GLOBAL,S3D3,PWRGEOKENXX01,1,2028,45.09147500438933
GLOBAL,S3D4,PWRGEOKENXX01,1,2028,48.85422138293571
GLOBAL,S3D5,PWRGEOKENXX01,1,2028,48.85422138293571
GLOBAL,S1D6,PWRGEOKENXX01,1,2029,35.765867530949635
GLOBAL,S1D1,PWRGEOKENXX01,1,2029,48.95263021545344
GLOBAL,S1D2,PWRGEOKENXX01,1,2029,53.0394408919962
GLOBAL,S1D3,PWRGEOKENXX01,1,2029,53.0394408919962
GLOBAL,S1D4,PWRGEOKENXX01,1,2029,44.05888335514084
GLOBAL,S1D5,PWRGEOKENXX01,1,2029,53.0394408919962
GLOBAL,S2D6,PWRGEOKENXX01,1,2029,21.2372871523184
GLOBAL,S2D1,PWRGEOKENXX01,1,2029,47.270926847492106
GLOBAL,S2D2,PWRGEOKENXX01,1,2029,53.0394408919962
GLOBAL,S2D3,PWRGEOKENXX01,1,2029,53.0394408919962
GLOBAL,S2D4,PWRGEOKENXX01,1,2029,53.0394408919962
GLOBAL,S2D5,PWRGEOKENXX01,1,2029,45.27400719576324
GLOBAL,S3D6,PWRGEOKENXX01,1,2029,46.55520905892998
GLOBAL,S3D1,PWRGEOKENXX01,1,2029,44.07079713198248
GLOBAL,S3D2,PWRGEOKENXX01,1,2029,53.0394408919962
GLOBAL,S3D3,PWRGEOKENXX01,1,2029,48.84362031741755
GLOBAL,S3D4,PWRGEOKENXX01,1,2029,53.03944089199619
GLOBAL,S3D5,PWRGEOKENXX01,1,2029,53.03944089199619
GLOBAL,S1D6,PWRGEOKENXX01,1,2030,39.28579534926073
GLOBAL,S1D1,PWRGEOKENXX01,1,2030,51.25966407332205
GLOBAL,S1D2,PWRGEOKENXX01,1,2030,57.21485895021584
GLOBAL,S1D3,PWRGEOKENXX01,1,2030,57.21485895021584
GLOBAL,S1D4,PWRGEOKENXX01,1,2030,50.04950675112311
GLOBAL,S1D5,PWRGEOKENXX01,1,2030,57.21485895021584
GLOBAL,S2D6,PWRGEOKENXX01,1,2030,23.091053249409235
GLOBAL,S2D1,PWRGEOKENXX01,1,2030,57.21485895021584
GLOBAL,S2D2,PWRGEOKENXX01,1,2030,57.21485895021584
GLOBAL,S2D3,PWRGEOKENXX01,1,2030,47.92162394616168
GLOBAL,S2D4,PWRGEOKENXX01,1,2030,57.21485895021584
GLOBAL,S2D5,PWRGEOKENXX01,1,2030,57.21485895021584
GLOBAL,S3D6,PWRGEOKENXX01,1,2030,49.61445501943268
GLOBAL,S3D1,PWRGEOKENXX01,1,2030,36.42973613968799
GLOBAL,S3D2,PWRGEOKENXX01,1,2030,57.21485895021584
GLOBAL,S3D3,PWRGEOKENXX01,1,2030,57.21485895021584
GLOBAL,S3D4,PWRGEOKENXX01,1,2030,57.21485895021584
GLOBAL,S3D5,PWRGEOKENXX01,1,2030,57.214858950215834
GLOBAL,S1D6,PWRGEOKENXX01,1,2031,42.862437685027146
GLOBAL,S1D1,PWRGEOKENXX01,1,2031,55.73046699303008
GLOBAL,S1D2,PWRGEOKENXX01,1,2031,62.01756986225244
GLOBAL,S1D3,PWRGEOKENXX01,1,2031,62.01756986225244
GLOBAL,S1D4,PWRGEOKENXX01,1,2031,62.01756986225244
GLOBAL,S1D5,PWRGEOKENXX01,1,2031,52.57829291480216
GLOBAL,S2D6,PWRGEOKENXX01,1,2031,52.40022035262633
GLOBAL,S2D1,PWRGEOKENXX01,1,2031,38.833650637580966
GLOBAL,S2D2,PWRGEOKENXX01,1,2031,51.1783837481697
GLOBAL,S2D3,PWRGEOKENXX01,1,2031,62.01756986225244
GLOBAL,S2D4,PWRGEOKENXX01,1,2031,62.01756986225244
GLOBAL,S2D5,PWRGEOKENXX01,1,2031,62.01756986225244
GLOBAL,S3D6,PWRGEOKENXX01,1,2031,38.70462794318535
GLOBAL,S3D1,PWRGEOKENXX01,1,2031,62.01756986225244
GLOBAL,S3D2,PWRGEOKENXX01,1,2031,52.316204458556186
GLOBAL,S3D3,PWRGEOKENXX01,1,2031,62.01756986225244
GLOBAL,S3D4,PWRGEOKENXX01,1,2031,62.017569862252415
GLOBAL,S3D5,PWRGEOKENXX01,1,2031,62.017569862252415
GLOBAL,S1D6,PWRGEOKENXX01,1,2032,47.289221827015474
GLOBAL,S1D1,PWRGEOKENXX01,1,2032,60.21039400032935
GLOBAL,S1D2,PWRGEOKENXX01,1,2032,66.92710600003252
GLOBAL,S1D3,PWRGEOKENXX01,1,2032,66.92710600003252
GLOBAL,S1D4,PWRGEOKENXX01,1,2032,55.66943174037905
GLOBAL,S1D5,PWRGEOKENXX01,1,2032,66.92710600003252
GLOBAL,S2D6,PWRGEOKENXX01,1,2032,27.456960923950355
GLOBAL,S2D1,PWRGEOKENXX01,1,2032,59.78872044179814
GLOBAL,S2D2,PWRGEOKENXX01,1,2032,57.12511787163801
GLOBAL,S2D3,PWRGEOKENXX01,1,2032,66.92710600003252
GLOBAL,S2D4,PWRGEOKENXX01,1,2032,66.92710600003252
GLOBAL,S2D5,PWRGEOKENXX01,1,2032,66.92710600003252
GLOBAL,S3D6,PWRGEOKENXX01,1,2032,56.65933832284381
GLOBAL,S3D1,PWRGEOKENXX01,1,2032,50.93588681968384
GLOBAL,S3D2,PWRGEOKENXX01,1,2032,66.92710600003252
GLOBAL,S3D3,PWRGEOKENXX01,1,2032,66.92710600003252
GLOBAL,S3D4,PWRGEOKENXX01,1,2032,66.92710600003251
GLOBAL,S3D5,PWRGEOKENXX01,1,2032,66.9271060000325
GLOBAL,S1D6,PWRGEOKENXX01,1,2033,50.873163432854895
GLOBAL,S1D1,PWRGEOKENXX01,1,2033,64.69032100762861
GLOBAL,S1D2,PWRGEOKENXX01,1,2033,71.71159107083182
GLOBAL,S1D3,PWRGEOKENXX01,1,2033,71.71159107083182
GLOBAL,S1D4,PWRGEOKENXX01,1,2033,59.65927266697519
GLOBAL,S1D5,PWRGEOKENXX01,1,2033,71.71159107083182
GLOBAL,S2D6,PWRGEOKENXX01,1,2033,29.565551363495565
GLOBAL,S2D1,PWRGEOKENXX01,1,2033,64.13704784393339
GLOBAL,S2D2,PWRGEOKENXX01,1,2033,60.88127807083914
GLOBAL,S2D3,PWRGEOKENXX01,1,2033,71.71159107083182
GLOBAL,S2D4,PWRGEOKENXX01,1,2033,71.71159107083182
GLOBAL,S2D5,PWRGEOKENXX01,1,2033,71.71159107083182
GLOBAL,S3D6,PWRGEOKENXX01,1,2033,60.18537063882227
GLOBAL,S3D1,PWRGEOKENXX01,1,2033,54.827497232733165
GLOBAL,S3D2,PWRGEOKENXX01,1,2033,71.71159107083182
GLOBAL,S3D3,PWRGEOKENXX01,1,2033,71.71159107083182
GLOBAL,S3D4,PWRGEOKENXX01,1,2033,71.71159107083182
GLOBAL,S3D5,PWRGEOKENXX01,1,2033,71.71159107083179
GLOBAL,S1D6,PWRGEOKENXX01,1,2034,54.4571050386943
GLOBAL,S1D1,PWRGEOKENXX01,1,2034,69.17024801492788
GLOBAL,S1D2,PWRGEOKENXX01,1,2034,76.49611321476873
GLOBAL,S1D3,PWRGEOKENXX01,1,2034,76.49611321476873
GLOBAL,S1D4,PWRGEOKENXX01,1,2034,76.49611321476873
GLOBAL,S1D5,PWRGEOKENXX01,1,2034,64.67290383470892
GLOBAL,S2D6,PWRGEOKENXX01,1,2034,31.674178876178345
GLOBAL,S2D1,PWRGEOKENXX01,1,2034,68.5253752460686
GLOBAL,S2D2,PWRGEOKENXX01,1,2034,76.49611321476873
GLOBAL,S2D3,PWRGEOKENXX01,1,2034,73.919801371066
GLOBAL,S2D4,PWRGEOKENXX01,1,2034,76.49611321476873
GLOBAL,S2D5,PWRGEOKENXX01,1,2034,76.49611321476873
GLOBAL,S3D6,PWRGEOKENXX01,1,2034,63.71140295480072
GLOBAL,S3D1,PWRGEOKENXX01,1,2034,65.5160395018209
GLOBAL,S3D2,PWRGEOKENXX01,1,2034,59.286078526500674
GLOBAL,S3D3,PWRGEOKENXX01,1,2034,76.49611321476873
GLOBAL,S3D4,PWRGEOKENXX01,1,2034,76.4961132147687
GLOBAL,S3D5,PWRGEOKENXX01,1,2034,76.4961132147687
GLOBAL,S1D6,PWRGEOKENXX01,1,2035,57.1428895810138
GLOBAL,S1D1,PWRGEOKENXX01,1,2035,73.6410509346359
GLOBAL,S1D2,PWRGEOKENXX01,1,2035,81.27079683472705
GLOBAL,S1D3,PWRGEOKENXX01,1,2035,67.40012736474183
GLOBAL,S1D4,PWRGEOKENXX01,1,2035,81.27079683472705
GLOBAL,S1D5,PWRGEOKENXX01,1,2035,81.27079683472705
GLOBAL,S2D6,PWRGEOKENXX01,1,2035,33.77841775211524
GLOBAL,S2D1,PWRGEOKENXX01,1,2035,81.27079683472705
GLOBAL,S2D2,PWRGEOKENXX01,1,2035,81.27079683472705
GLOBAL,S2D3,PWRGEOKENXX01,1,2035,81.27079683472705
GLOBAL,S2D4,PWRGEOKENXX01,1,2035,81.27079683472705
GLOBAL,S2D5,PWRGEOKENXX01,1,2035,68.10688714644914
GLOBAL,S3D6,PWRGEOKENXX01,1,2035,52.80157587855339
GLOBAL,S3D1,PWRGEOKENXX01,1,2035,69.89460323611173
GLOBAL,S3D2,PWRGEOKENXX01,1,2035,81.27079683472705
GLOBAL,S3D3,PWRGEOKENXX01,1,2035,81.27079683472705
GLOBAL,S3D4,PWRGEOKENXX01,1,2035,81.27079683472702
GLOBAL,S3D5,PWRGEOKENXX01,1,2035,81.27079683472702
GLOBAL,S1D6,PWRGEOKENXX01,1,2036,61.33689023977168
GLOBAL,S1D1,PWRGEOKENXX01,1,2036,78.82353268646072
GLOBAL,S1D2,PWRGEOKENXX01,1,2036,74.58820439986796
GLOBAL,S1D3,PWRGEOKENXX01,1,2036,86.8250419405477
GLOBAL,S1D4,PWRGEOKENXX01,1,2036,86.8250419405477
GLOBAL,S1D5,PWRGEOKENXX01,1,2036,86.8250419405477
GLOBAL,S2D6,PWRGEOKENXX01,1,2036,36.23712690976412
GLOBAL,S2D1,PWRGEOKENXX01,1,2036,77.93818663396895
GLOBAL,S2D2,PWRGEOKENXX01,1,2036,86.8250419405477
GLOBAL,S2D3,PWRGEOKENXX01,1,2036,86.8250419405477
GLOBAL,S2D4,PWRGEOKENXX01,1,2036,86.8250419405477
GLOBAL,S2D5,PWRGEOKENXX01,1,2036,86.8250419405477
GLOBAL,S3D6,PWRGEOKENXX01,1,2036,47.742078771049925
GLOBAL,S3D1,PWRGEOKENXX01,1,2036,74.99334650361622
GLOBAL,S3D2,PWRGEOKENXX01,1,2036,86.8250419405477
GLOBAL,S3D3,PWRGEOKENXX01,1,2036,86.8250419405477
GLOBAL,S3D4,PWRGEOKENXX01,1,2036,86.82504194054766
GLOBAL,S3D5,PWRGEOKENXX01,1,2036,86.82504194054768
GLOBAL,S1D6,PWRGEOKENXX01,1,2037,65.47557637115854
GLOBAL,S1D1,PWRGEOKENXX01,1,2037,83.9968903506943
GLOBAL,S1D2,PWRGEOKENXX01,1,2037,79.07954194137297
GLOBAL,S1D3,PWRGEOKENXX01,1,2037,92.38246456733296
GLOBAL,S1D4,PWRGEOKENXX01,1,2037,92.38246456733296
GLOBAL,S1D5,PWRGEOKENXX01,1,2037,92.38246456733296
GLOBAL,S2D6,PWRGEOKENXX01,1,2037,38.70446347561029
GLOBAL,S2D1,PWRGEOKENXX01,1,2037,82.9826706197341
GLOBAL,S2D2,PWRGEOKENXX01,1,2037,92.38246456733296
GLOBAL,S2D3,PWRGEOKENXX01,1,2037,92.38246456733296
GLOBAL,S2D4,PWRGEOKENXX01,1,2037,92.38246456733296
GLOBAL,S2D5,PWRGEOKENXX01,1,2037,92.38246456733296
GLOBAL,S3D6,PWRGEOKENXX01,1,2037,50.24564143374181
GLOBAL,S3D1,PWRGEOKENXX01,1,2037,80.08311311043849
GLOBAL,S3D2,PWRGEOKENXX01,1,2037,92.38246456733296
GLOBAL,S3D3,PWRGEOKENXX01,1,2037,92.38246456733296
GLOBAL,S3D4,PWRGEOKENXX01,1,2037,92.38246456733293
GLOBAL,S3D5,PWRGEOKENXX01,1,2037,92.38246456733293
GLOBAL,S1D6,PWRGEOKENXX01,1,2038,66.49946250472351
GLOBAL,S1D1,PWRGEOKENXX01,1,2038,89.17937210251912
GLOBAL,S1D2,PWRGEOKENXX01,1,2038,97.94968864495907
GLOBAL,S1D3,PWRGEOKENXX01,1,2038,81.32285017786995
GLOBAL,S1D4,PWRGEOKENXX01,1,2038,97.94968864495907
GLOBAL,S1D5,PWRGEOKENXX01,1,2038,97.94968864495907
GLOBAL,S2D6,PWRGEOKENXX01,1,2038,67.8825885098978
GLOBAL,S2D1,PWRGEOKENXX01,1,2038,88.01605140265222
GLOBAL,S2D2,PWRGEOKENXX01,1,2038,90.8076378141257
GLOBAL,S2D3,PWRGEOKENXX01,1,2038,97.94968864495907
GLOBAL,S2D4,PWRGEOKENXX01,1,2038,97.94968864495907
GLOBAL,S2D5,PWRGEOKENXX01,1,2038,97.94968864495907
GLOBAL,S3D6,PWRGEOKENXX01,1,2038,38.32494148718524
GLOBAL,S3D1,PWRGEOKENXX01,1,2038,85.18185637794298
GLOBAL,S3D2,PWRGEOKENXX01,1,2038,97.94968864495907
GLOBAL,S3D3,PWRGEOKENXX01,1,2038,97.94968864495907
GLOBAL,S3D4,PWRGEOKENXX01,1,2038,97.94968864495902
GLOBAL,S3D5,PWRGEOKENXX01,1,2038,97.94968864495905
GLOBAL,S1D6,PWRGEOKENXX01,1,2039,72.69967208815416
GLOBAL,S1D1,PWRGEOKENXX01,1,2039,86.7108428928279
GLOBAL,S1D2,PWRGEOKENXX01,1,2039,103.50711127174432
GLOBAL,S1D3,PWRGEOKENXX01,1,2039,103.50711127174432
GLOBAL,S1D4,PWRGEOKENXX01,1,2039,103.50711127174432
GLOBAL,S1D5,PWRGEOKENXX01,1,2039,87.21706311775219
GLOBAL,S2D6,PWRGEOKENXX01,1,2039,43.64348817091084
GLOBAL,S2D1,PWRGEOKENXX01,1,2039,93.06053538841736
GLOBAL,S2D2,PWRGEOKENXX01,1,2039,103.50711127174432
GLOBAL,S2D3,PWRGEOKENXX01,1,2039,103.50711127174432
GLOBAL,S2D4,PWRGEOKENXX01,1,2039,103.50711127174432
GLOBAL,S2D5,PWRGEOKENXX01,1,2039,86.00405163072577
GLOBAL,S3D6,PWRGEOKENXX01,1,2039,69.10319167747619
GLOBAL,S3D1,PWRGEOKENXX01,1,2039,103.50711127174432
GLOBAL,S3D2,PWRGEOKENXX01,1,2039,103.50711127174432
GLOBAL,S3D3,PWRGEOKENXX01,1,2039,103.50711127174432
GLOBAL,S3D4,PWRGEOKENXX01,1,2039,103.50711127174428
GLOBAL,S3D5,PWRGEOKENXX01,1,2039,103.50711127174428
GLOBAL,S1D6,PWRGEOKENXX01,1,2040,73.85129097428931
GLOBAL,S1D1,PWRGEOKENXX01,1,2040,99.53521151857753
GLOBAL,S1D2,PWRGEOKENXX01,1,2040,109.07433534937036
GLOBAL,S1D3,PWRGEOKENXX01,1,2040,109.07433534937036
GLOBAL,S1D4,PWRGEOKENXX01,1,2040,93.34592374706173
GLOBAL,S1D5,PWRGEOKENXX01,1,2040,109.07433534937036
GLOBAL,S2D6,PWRGEOKENXX01,1,2040,86.57103885796441
GLOBAL,S2D1,PWRGEOKENXX01,1,2040,98.13391617133551
GLOBAL,S2D2,PWRGEOKENXX01,1,2040,109.07433534937036
GLOBAL,S2D3,PWRGEOKENXX01,1,2040,109.07433534937036
GLOBAL,S2D4,PWRGEOKENXX01,1,2040,109.07433534937036
GLOBAL,S2D5,PWRGEOKENXX01,1,2040,109.07433534937036
GLOBAL,S3D6,PWRGEOKENXX01,1,2040,43.33648226700048
GLOBAL,S3D1,PWRGEOKENXX01,1,2040,95.37036625226975
GLOBAL,S3D2,PWRGEOKENXX01,1,2040,85.90943531101254
GLOBAL,S3D3,PWRGEOKENXX01,1,2040,109.07433534937036
GLOBAL,S3D4,PWRGEOKENXX01,1,2040,109.07433534937032
GLOBAL,S3D5,PWRGEOKENXX01,1,2040,109.07433534937032
GLOBAL,S1D6,PWRGEOKENXX01,1,2041,83.05221870692495
GLOBAL,S1D1,PWRGEOKENXX01,1,2041,98.37326375318605
GLOBAL,S1D2,PWRGEOKENXX01,1,2041,115.98435819219864
GLOBAL,S1D3,PWRGEOKENXX01,1,2041,115.98435819219864
GLOBAL,S1D4,PWRGEOKENXX01,1,2041,115.98435819219864
GLOBAL,S1D5,PWRGEOKENXX01,1,2041,97.6340615747226
GLOBAL,S2D6,PWRGEOKENXX01,1,2041,59.79318717726226
GLOBAL,S2D1,PWRGEOKENXX01,1,2041,104.40615816421808
GLOBAL,S2D2,PWRGEOKENXX01,1,2041,115.98435819219864
GLOBAL,S2D3,PWRGEOKENXX01,1,2041,115.98435819219864
GLOBAL,S2D4,PWRGEOKENXX01,1,2041,115.98435819219864
GLOBAL,S2D5,PWRGEOKENXX01,1,2041,96.0738412142775
GLOBAL,S3D6,PWRGEOKENXX01,1,2041,78.24502291625534
GLOBAL,S3D1,PWRGEOKENXX01,1,2041,101.6989120332392
GLOBAL,S3D2,PWRGEOKENXX01,1,2041,115.98435819219864
GLOBAL,S3D3,PWRGEOKENXX01,1,2041,115.98435819219864
GLOBAL,S3D4,PWRGEOKENXX01,1,2041,115.98435819219864
GLOBAL,S3D5,PWRGEOKENXX01,1,2041,115.9843581921986
GLOBAL,S1D6,PWRGEOKENXX01,1,2042,88.25563849619581
GLOBAL,S1D1,PWRGEOKENXX01,1,2042,99.70479273914847
GLOBAL,S1D2,PWRGEOKENXX01,1,2042,122.88457958418596
GLOBAL,S1D3,PWRGEOKENXX01,1,2042,122.88457958418596
GLOBAL,S1D4,PWRGEOKENXX01,1,2042,122.88457958418596
GLOBAL,S1D5,PWRGEOKENXX01,1,2042,103.394915395388
GLOBAL,S2D6,PWRGEOKENXX01,1,2042,52.246529424311
GLOBAL,S2D1,PWRGEOKENXX01,1,2042,110.6695033599476
GLOBAL,S2D2,PWRGEOKENXX01,1,2042,122.88457958418596
GLOBAL,S2D3,PWRGEOKENXX01,1,2042,122.88457958418596
GLOBAL,S2D4,PWRGEOKENXX01,1,2042,122.88457958418596
GLOBAL,S2D5,PWRGEOKENXX01,1,2042,101.64268007273806
GLOBAL,S3D6,PWRGEOKENXX01,1,2042,83.30067821248515
GLOBAL,S3D1,PWRGEOKENXX01,1,2042,122.88457958418596
GLOBAL,S3D2,PWRGEOKENXX01,1,2042,122.88457958418596
GLOBAL,S3D3,PWRGEOKENXX01,1,2042,122.88457958418596
GLOBAL,S3D4,PWRGEOKENXX01,1,2042,122.88457958418591
GLOBAL,S3D5,PWRGEOKENXX01,1,2042,122.88457958418591
GLOBAL,S1D6,PWRGEOKENXX01,1,2043,87.82814637236697
GLOBAL,S1D1,PWRGEOKENXX01,1,2043,118.82353268646074
GLOBAL,S1D2,PWRGEOKENXX01,1,2043,129.79460242701415
GLOBAL,S1D3,PWRGEOKENXX01,1,2043,129.79460242701415
GLOBAL,S1D4,PWRGEOKENXX01,1,2043,129.79460242701415
GLOBAL,S1D5,PWRGEOKENXX01,1,2043,129.79460242701415
GLOBAL,S2D6,PWRGEOKENXX01,1,2043,55.31438176808806
GLOBAL,S2D1,PWRGEOKENXX01,1,2043,81.2489834508781
GLOBAL,S2D2,PWRGEOKENXX01,1,2043,129.79460242701415
GLOBAL,S2D3,PWRGEOKENXX01,1,2043,129.79460242701415
GLOBAL,S2D4,PWRGEOKENXX01,1,2043,129.79460242701415
GLOBAL,S2D5,PWRGEOKENXX01,1,2043,129.79460242701415
GLOBAL,S3D6,PWRGEOKENXX01,1,2043,88.36351483726074
GLOBAL,S3D1,PWRGEOKENXX01,1,2043,114.36702693449595
GLOBAL,S3D2,PWRGEOKENXX01,1,2043,129.79460242701415
GLOBAL,S3D3,PWRGEOKENXX01,1,2043,129.79460242701415
GLOBAL,S3D4,PWRGEOKENXX01,1,2043,129.79460242701418
GLOBAL,S3D5,PWRGEOKENXX01,1,2043,129.79460242701413
GLOBAL,S1D6,PWRGEOKENXX01,1,2044,98.48287564123152
GLOBAL,S1D1,PWRGEOKENXX01,1,2044,125.25601443828556
GLOBAL,S1D2,PWRGEOKENXX01,1,2044,126.60570969898112
GLOBAL,S1D3,PWRGEOKENXX01,1,2044,136.70462526984235
GLOBAL,S1D4,PWRGEOKENXX01,1,2044,136.70462526984235
GLOBAL,S1D5,PWRGEOKENXX01,1,2044,114.93298909870948
GLOBAL,S2D6,PWRGEOKENXX01,1,2044,58.38223411186502
GLOBAL,S2D1,PWRGEOKENXX01,1,2044,123.21398734571274
GLOBAL,S2D2,PWRGEOKENXX01,1,2044,136.70462526984235
GLOBAL,S2D3,PWRGEOKENXX01,1,2044,136.70462526984235
GLOBAL,S2D4,PWRGEOKENXX01,1,2044,136.70462526984235
GLOBAL,S2D5,PWRGEOKENXX01,1,2044,136.70462526984235
GLOBAL,S3D6,PWRGEOKENXX01,1,2044,93.42635146203632
GLOBAL,S3D1,PWRGEOKENXX01,1,2044,120.67557271546542
GLOBAL,S3D2,PWRGEOKENXX01,1,2044,136.70462526984235
GLOBAL,S3D3,PWRGEOKENXX01,1,2044,123.39323715452548
GLOBAL,S3D4,PWRGEOKENXX01,1,2044,136.70462526984238
GLOBAL,S3D5,PWRGEOKENXX01,1,2044,136.70462526984235
GLOBAL,S1D6,PWRGEOKENXX01,1,2045,68.31253471602218
GLOBAL,S1D1,PWRGEOKENXX01,1,2045,144.59565311510292
GLOBAL,S1D2,PWRGEOKENXX01,1,2045,144.59565311510292
GLOBAL,S1D3,PWRGEOKENXX01,1,2045,121.28296525680248
GLOBAL,S1D4,PWRGEOKENXX01,1,2045,144.59565311510292
GLOBAL,S1D5,PWRGEOKENXX01,1,2045,120.91109064880284
GLOBAL,S2D6,PWRGEOKENXX01,1,2045,101.04273085865223
GLOBAL,S2D1,PWRGEOKENXX01,1,2045,129.7954398185953
GLOBAL,S2D2,PWRGEOKENXX01,1,2045,144.59565311510292
GLOBAL,S2D3,PWRGEOKENXX01,1,2045,144.59565311510292
GLOBAL,S2D4,PWRGEOKENXX01,1,2045,144.59565311510292
GLOBAL,S2D5,PWRGEOKENXX01,1,2045,128.591811331348
GLOBAL,S3D6,PWRGEOKENXX01,1,2045,98.48918808681191
GLOBAL,S3D1,PWRGEOKENXX01,1,2045,127.3658364164349
GLOBAL,S3D2,PWRGEOKENXX01,1,2045,144.59565311510292
GLOBAL,S3D3,PWRGEOKENXX01,1,2045,144.59565311510292
GLOBAL,S3D4,PWRGEOKENXX01,1,2045,144.59565311510286
GLOBAL,S3D5,PWRGEOKENXX01,1,2045,144.59565311510292
GLOBAL,S1D6,PWRGEOKENXX01,1,2046,89.7186755477459
GLOBAL,S1D1,PWRGEOKENXX01,1,2046,141.7144043087673
GLOBAL,S1D2,PWRGEOKENXX01,1,2046,129.05236329368952
GLOBAL,S1D3,PWRGEOKENXX01,1,2046,153.2601356584506
GLOBAL,S1D4,PWRGEOKENXX01,1,2046,153.2601356584506
GLOBAL,S1D5,PWRGEOKENXX01,1,2046,153.2601356584506
GLOBAL,S2D6,PWRGEOKENXX01,1,2046,75.95223295683807
GLOBAL,S2D1,PWRGEOKENXX01,1,2046,137.6602085018693
GLOBAL,S2D2,PWRGEOKENXX01,1,2046,153.2601356584506
GLOBAL,S2D3,PWRGEOKENXX01,1,2046,153.2601356584506
GLOBAL,S2D4,PWRGEOKENXX01,1,2046,153.2601356584506
GLOBAL,S2D5,PWRGEOKENXX01,1,2046,136.02098147003375
GLOBAL,S3D6,PWRGEOKENXX01,1,2046,104.83748252128228
GLOBAL,S3D1,PWRGEOKENXX01,1,2046,135.3012044595229
GLOBAL,S3D2,PWRGEOKENXX01,1,2046,153.2601356584506
GLOBAL,S3D3,PWRGEOKENXX01,1,2046,153.2601356584506
GLOBAL,S3D4,PWRGEOKENXX01,1,2046,153.2601356584506
GLOBAL,S3D5,PWRGEOKENXX01,1,2046,153.2601356584506
GLOBAL,S1D6,PWRGEOKENXX01,1,2047,94.35899256747578
GLOBAL,S1D1,PWRGEOKENXX01,1,2047,148.20939437101546
GLOBAL,S1D2,PWRGEOKENXX01,1,2047,161.91233057045557
GLOBAL,S1D3,PWRGEOKENXX01,1,2047,135.71965800523984
GLOBAL,S1D4,PWRGEOKENXX01,1,2047,161.91233057045557
GLOBAL,S1D5,PWRGEOKENXX01,1,2047,161.91233057045557
GLOBAL,S2D6,PWRGEOKENXX01,1,2047,80.90600251718124
GLOBAL,S2D1,PWRGEOKENXX01,1,2047,145.5138739822964
GLOBAL,S2D2,PWRGEOKENXX01,1,2047,161.91233057045557
GLOBAL,S2D3,PWRGEOKENXX01,1,2047,161.91233057045557
GLOBAL,S2D4,PWRGEOKENXX01,1,2047,161.91233057045557
GLOBAL,S2D5,PWRGEOKENXX01,1,2047,142.98249237327295
GLOBAL,S3D6,PWRGEOKENXX01,1,2047,111.19295828429844
GLOBAL,S3D1,PWRGEOKENXX01,1,2047,144.97886233129304
GLOBAL,S3D2,PWRGEOKENXX01,1,2047,161.9123305704556
GLOBAL,S3D3,PWRGEOKENXX01,1,2047,161.9123305704556
GLOBAL,S3D4,PWRGEOKENXX01,1,2047,161.9123305704556
GLOBAL,S3D5,PWRGEOKENXX01,1,2047,161.91233057045557
GLOBAL,S1D6,PWRGEOKENXX01,1,2048,85.26927595814429
GLOBAL,S1D1,PWRGEOKENXX01,1,2048,157.8549152576724
GLOBAL,S1D2,PWRGEOKENXX01,1,2048,172.27168328218607
GLOBAL,S1D3,PWRGEOKENXX01,1,2048,172.27168328218607
GLOBAL,S1D4,PWRGEOKENXX01,1,2048,172.27168328218607
GLOBAL,S1D5,PWRGEOKENXX01,1,2048,144.2934529654354
GLOBAL,S2D6,PWRGEOKENXX01,1,2048,132.68327402135233
GLOBAL,S2D1,PWRGEOKENXX01,1,2048,155.2439339935704
GLOBAL,S2D2,PWRGEOKENXX01,1,2048,172.27168328218607
GLOBAL,S2D3,PWRGEOKENXX01,1,2048,140.835042031489
GLOBAL,S2D4,PWRGEOKENXX01,1,2048,172.27168328218607
GLOBAL,S2D5,PWRGEOKENXX01,1,2048,151.445200564609
GLOBAL,S3D6,PWRGEOKENXX01,1,2048,119.44564868676883
GLOBAL,S3D1,PWRGEOKENXX01,1,2048,152.91423037438102
GLOBAL,S3D2,PWRGEOKENXX01,1,2048,172.27168328218607
GLOBAL,S3D3,PWRGEOKENXX01,1,2048,172.27168328218607
GLOBAL,S3D4,PWRGEOKENXX01,1,2048,172.271683282186
GLOBAL,S3D5,PWRGEOKENXX01,1,2048,172.27168328218605
GLOBAL,S1D6,PWRGEOKENXX01,1,2049,131.1966950720893
GLOBAL,S1D1,PWRGEOKENXX01,1,2049,154.05954623708865
GLOBAL,S1D2,PWRGEOKENXX01,1,2049,151.52725236524827
GLOBAL,S1D3,PWRGEOKENXX01,1,2049,180.9361658255337
GLOBAL,S1D4,PWRGEOKENXX01,1,2049,180.9361658255337
GLOBAL,S1D5,PWRGEOKENXX01,1,2049,151.52725236524827
GLOBAL,S2D6,PWRGEOKENXX01,1,2049,138.97508896797152
GLOBAL,S2D1,PWRGEOKENXX01,1,2049,163.10870267684442
GLOBAL,S2D2,PWRGEOKENXX01,1,2049,147.82773173444238
GLOBAL,S2D3,PWRGEOKENXX01,1,2049,180.9361658255337
GLOBAL,S2D4,PWRGEOKENXX01,1,2049,180.9361658255337
GLOBAL,S2D5,PWRGEOKENXX01,1,2049,158.43789026756238
GLOBAL,S3D6,PWRGEOKENXX01,1,2049,125.7939431212392
GLOBAL,S3D1,PWRGEOKENXX01,1,2049,160.849598417469
GLOBAL,S3D2,PWRGEOKENXX01,1,2049,180.9361658255337
GLOBAL,S3D3,PWRGEOKENXX01,1,2049,180.9361658255337
GLOBAL,S3D4,PWRGEOKENXX01,1,2049,180.9361658255337
GLOBAL,S3D5,PWRGEOKENXX01,1,2049,180.9361658255337
GLOBAL,S1D6,PWRGEOKENXX01,1,2050,137.64924981661486
GLOBAL,S1D1,PWRGEOKENXX01,1,2050,161.76081126917256
GLOBAL,S1D2,PWRGEOKENXX01,1,2050,158.76105176506107
GLOBAL,S1D3,PWRGEOKENXX01,1,2050,189.60064836888137
GLOBAL,S1D4,PWRGEOKENXX01,1,2050,189.60064836888137
GLOBAL,S1D5,PWRGEOKENXX01,1,2050,158.76105176506107
GLOBAL,S2D6,PWRGEOKENXX01,1,2050,145.26690391459076
GLOBAL,S2D1,PWRGEOKENXX01,1,2050,170.97347136011845
GLOBAL,S2D2,PWRGEOKENXX01,1,2050,154.8204214373957
GLOBAL,S2D3,PWRGEOKENXX01,1,2050,189.60064836888137
GLOBAL,S2D4,PWRGEOKENXX01,1,2050,189.60064836888137
GLOBAL,S2D5,PWRGEOKENXX01,1,2050,165.43057997051568
GLOBAL,S3D6,PWRGEOKENXX01,1,2050,132.14223755570958
GLOBAL,S3D1,PWRGEOKENXX01,1,2050,168.78496646055697
GLOBAL,S3D2,PWRGEOKENXX01,1,2050,189.60064836888137
GLOBAL,S3D3,PWRGEOKENXX01,1,2050,189.60064836888137
GLOBAL,S3D4,PWRGEOKENXX01,1,2050,189.60064836888137
GLOBAL,S3D5,PWRGEOKENXX01,1,2050,189.60064836888137
GLOBAL,S1D6,PWRGEOTZAXX01,1,2021,11.232748693851285
GLOBAL,S1D1,PWRGEOTZAXX01,1,2021,15.0206411452584
GLOBAL,S1D2,PWRGEOTZAXX01,1,2021,24.231809870872407
GLOBAL,S1D3,PWRGEOTZAXX01,1,2021,19.62733184600164
GLOBAL,S1D4,PWRGEOTZAXX01,1,2021,24.231809870872407
GLOBAL,S1D5,PWRGEOTZAXX01,1,2021,24.231809870872407
GLOBAL,S2D6,PWRGEOTZAXX01,1,2021,17.988282989252557
GLOBAL,S2D1,PWRGEOTZAXX01,1,2021,23.6822331671885
GLOBAL,S2D2,PWRGEOTZAXX01,1,2021,24.231809870872407
GLOBAL,S2D3,PWRGEOTZAXX01,1,2021,23.6822331671885
GLOBAL,S2D4,PWRGEOTZAXX01,1,2021,24.231809870872407
GLOBAL,S2D5,PWRGEOTZAXX01,1,2021,24.231809870872407
GLOBAL,S3D6,PWRGEOTZAXX01,1,2021,16.49786914720789
GLOBAL,S3D1,PWRGEOTZAXX01,1,2021,22.242931983832666
GLOBAL,S3D2,PWRGEOTZAXX01,1,2021,24.231809870872407
GLOBAL,S3D3,PWRGEOTZAXX01,1,2021,24.231809870872407
GLOBAL,S3D4,PWRGEOTZAXX01,1,2021,24.231809870872407
GLOBAL,S3D5,PWRGEOTZAXX01,1,2021,24.231809870872407
GLOBAL,S1D6,PWRGEOTZAXX01,1,2022,12.41012578562799
GLOBAL,S1D1,PWRGEOTZAXX01,1,2022,22.364558123373904
GLOBAL,S1D2,PWRGEOTZAXX01,1,2022,27.19799014065253
GLOBAL,S1D3,PWRGEOTZAXX01,1,2022,22.364558123373904
GLOBAL,S1D4,PWRGEOTZAXX01,1,2022,27.19799014065253
GLOBAL,S1D5,PWRGEOTZAXX01,1,2022,23.37037925768164
GLOBAL,S2D6,PWRGEOTZAXX01,1,2022,20.12351430597853
GLOBAL,S2D1,PWRGEOTZAXX01,1,2022,26.35127231309597
GLOBAL,S2D2,PWRGEOTZAXX01,1,2022,27.197990140652536
GLOBAL,S2D3,PWRGEOTZAXX01,1,2022,26.35127231309597
GLOBAL,S2D4,PWRGEOTZAXX01,1,2022,27.197990140652536
GLOBAL,S2D5,PWRGEOTZAXX01,1,2022,27.197990140652536
GLOBAL,S3D6,PWRGEOTZAXX01,1,2022,18.65226771094218
GLOBAL,S3D1,PWRGEOTZAXX01,1,2022,24.935930188500528
GLOBAL,S3D2,PWRGEOTZAXX01,1,2022,25.838552486498
GLOBAL,S3D3,PWRGEOTZAXX01,1,2022,27.19799014065253
GLOBAL,S3D4,PWRGEOTZAXX01,1,2022,27.197990140652536
GLOBAL,S3D5,PWRGEOTZAXX01,1,2022,27.197990140652536
GLOBAL,S1D6,PWRGEOTZAXX01,1,2023,13.02509265788942
GLOBAL,S1D1,PWRGEOTZAXX01,1,2023,25.87079727127702
GLOBAL,S1D2,PWRGEOTZAXX01,1,2023,31.31486942391613
GLOBAL,S1D3,PWRGEOTZAXX01,1,2023,25.87079727127702
GLOBAL,S1D4,PWRGEOTZAXX01,1,2023,30.092060631732608
GLOBAL,S1D5,PWRGEOTZAXX01,1,2023,31.31486942391613
GLOBAL,S2D6,PWRGEOTZAXX01,1,2023,22.62642851947118
GLOBAL,S2D1,PWRGEOTZAXX01,1,2023,29.74386624189111
GLOBAL,S2D2,PWRGEOTZAXX01,1,2023,31.31486942391613
GLOBAL,S2D3,PWRGEOTZAXX01,1,2023,29.74386624189111
GLOBAL,S2D4,PWRGEOTZAXX01,1,2023,31.31486942391613
GLOBAL,S2D5,PWRGEOTZAXX01,1,2023,31.31486942391613
GLOBAL,S3D6,PWRGEOTZAXX01,1,2023,21.187127336115346
GLOBAL,S3D1,PWRGEOTZAXX01,1,2023,28.368455881896317
GLOBAL,S3D2,PWRGEOTZAXX01,1,2023,30.003349887282383
GLOBAL,S3D3,PWRGEOTZAXX01,1,2023,31.31486942391613
GLOBAL,S3D4,PWRGEOTZAXX01,1,2023,31.31486942391613
GLOBAL,S3D5,PWRGEOTZAXX01,1,2023,31.31486942391613
GLOBAL,S1D6,PWRGEOTZAXX01,1,2024,39.51300673672643
GLOBAL,S1D1,PWRGEOTZAXX01,1,2024,46.37168168538263
GLOBAL,S1D2,PWRGEOTZAXX01,1,2024,61.67223220320278
GLOBAL,S1D3,PWRGEOTZAXX01,1,2024,51.91811622577752
GLOBAL,S1D4,PWRGEOTZAXX01,1,2024,61.67223220320278
GLOBAL,S1D5,PWRGEOTZAXX01,1,2024,61.67223220320278
GLOBAL,S2D6,PWRGEOTZAXX01,1,2024,38.28251610596264
GLOBAL,S2D1,PWRGEOTZAXX01,1,2024,55.15522655026334
GLOBAL,S2D2,PWRGEOTZAXX01,1,2024,61.67223220320278
GLOBAL,S2D3,PWRGEOTZAXX01,1,2024,55.15522655026334
GLOBAL,S2D4,PWRGEOTZAXX01,1,2024,61.67223220320278
GLOBAL,S2D5,PWRGEOTZAXX01,1,2024,61.67223220320278
GLOBAL,S3D6,PWRGEOTZAXX01,1,2024,41.79860648141903
GLOBAL,S3D1,PWRGEOTZAXX01,1,2024,54.00327434497378
GLOBAL,S3D2,PWRGEOTZAXX01,1,2024,61.67223220320278
GLOBAL,S3D3,PWRGEOTZAXX01,1,2024,61.67223220320278
GLOBAL,S3D4,PWRGEOTZAXX01,1,2024,61.67223220320278
GLOBAL,S3D5,PWRGEOTZAXX01,1,2024,61.67223220320276
GLOBAL,S1D6,PWRGEOTZAXX01,1,2025,37.55781307224394
GLOBAL,S1D1,PWRGEOTZAXX01,1,2025,56.40716732066804
GLOBAL,S1D2,PWRGEOTZAXX01,1,2025,67.38245012836619
GLOBAL,S1D3,PWRGEOTZAXX01,1,2025,56.40716732066804
GLOBAL,S1D4,PWRGEOTZAXX01,1,2025,67.38245012836619
GLOBAL,S1D5,PWRGEOTZAXX01,1,2025,65.14957644402463
GLOBAL,S2D6,PWRGEOTZAXX01,1,2025,46.56092050044128
GLOBAL,S2D1,PWRGEOTZAXX01,1,2025,59.5324507495516
GLOBAL,S2D2,PWRGEOTZAXX01,1,2025,67.38245012836619
GLOBAL,S2D3,PWRGEOTZAXX01,1,2025,59.5324507495516
GLOBAL,S2D4,PWRGEOTZAXX01,1,2025,67.38245012836619
GLOBAL,S2D5,PWRGEOTZAXX01,1,2025,67.38245012836619
GLOBAL,S3D6,PWRGEOTZAXX01,1,2025,45.331820125943274
GLOBAL,S3D1,PWRGEOTZAXX01,1,2025,58.41979140062904
GLOBAL,S3D2,PWRGEOTZAXX01,1,2025,67.38245012836619
GLOBAL,S3D3,PWRGEOTZAXX01,1,2025,67.38245012836619
GLOBAL,S3D4,PWRGEOTZAXX01,1,2025,67.3824501283662
GLOBAL,S3D5,PWRGEOTZAXX01,1,2025,67.3824501283662
GLOBAL,S1D6,PWRGEOTZAXX01,1,2026,42.11985686786437
GLOBAL,S1D1,PWRGEOTZAXX01,1,2026,62.109722065193594
GLOBAL,S1D2,PWRGEOTZAXX01,1,2026,74.12232836692034
GLOBAL,S1D3,PWRGEOTZAXX01,1,2026,62.109722065193594
GLOBAL,S1D4,PWRGEOTZAXX01,1,2026,74.12232836692034
GLOBAL,S1D5,PWRGEOTZAXX01,1,2026,72.04601066420788
GLOBAL,S2D6,PWRGEOTZAXX01,1,2026,51.00931907695373
GLOBAL,S2D1,PWRGEOTZAXX01,1,2026,65.09294897019217
GLOBAL,S2D2,PWRGEOTZAXX01,1,2026,74.12232836692034
GLOBAL,S2D3,PWRGEOTZAXX01,1,2026,65.09294897019217
GLOBAL,S2D4,PWRGEOTZAXX01,1,2026,74.12232836692034
GLOBAL,S2D5,PWRGEOTZAXX01,1,2026,74.12232836692034
GLOBAL,S3D6,PWRGEOTZAXX01,1,2026,49.820150467056365
GLOBAL,S3D1,PWRGEOTZAXX01,1,2026,64.03020432702047
GLOBAL,S3D2,PWRGEOTZAXX01,1,2026,74.12232836692034
GLOBAL,S3D3,PWRGEOTZAXX01,1,2026,74.12232836692034
GLOBAL,S3D4,PWRGEOTZAXX01,1,2026,74.12232836692036
GLOBAL,S3D5,PWRGEOTZAXX01,1,2026,74.12232836692036
GLOBAL,S1D6,PWRGEOTZAXX01,1,2027,52.221035933806725
GLOBAL,S1D1,PWRGEOTZAXX01,1,2027,62.256718181732985
GLOBAL,S1D2,PWRGEOTZAXX01,1,2027,80.85142280029284
GLOBAL,S1D3,PWRGEOTZAXX01,1,2027,67.80315272212789
GLOBAL,S1D4,PWRGEOTZAXX01,1,2027,80.85142280029284
GLOBAL,S1D5,PWRGEOTZAXX01,1,2027,78.9314105896388
GLOBAL,S2D6,PWRGEOTZAXX01,1,2027,55.45060021574377
GLOBAL,S2D1,PWRGEOTZAXX01,1,2027,70.64455039367971
GLOBAL,S2D2,PWRGEOTZAXX01,1,2027,80.85142280029284
GLOBAL,S2D3,PWRGEOTZAXX01,1,2027,70.64455039367971
GLOBAL,S2D4,PWRGEOTZAXX01,1,2027,80.85142280029284
GLOBAL,S2D5,PWRGEOTZAXX01,1,2027,80.85142280029284
GLOBAL,S3D6,PWRGEOTZAXX01,1,2027,54.3012994796237
GLOBAL,S3D1,PWRGEOTZAXX01,1,2027,69.63164059272961
GLOBAL,S3D2,PWRGEOTZAXX01,1,2027,80.85142280029284
GLOBAL,S3D3,PWRGEOTZAXX01,1,2027,80.85142280029284
GLOBAL,S3D4,PWRGEOTZAXX01,1,2027,80.85142280029285
GLOBAL,S3D5,PWRGEOTZAXX01,1,2027,80.85142280029285
GLOBAL,S1D6,PWRGEOTZAXX01,1,2028,56.783079729427165
GLOBAL,S1D1,PWRGEOTZAXX01,1,2028,67.95927292625854
GLOBAL,S1D2,PWRGEOTZAXX01,1,2028,87.59130103884695
GLOBAL,S1D3,PWRGEOTZAXX01,1,2028,73.50570746665342
GLOBAL,S1D4,PWRGEOTZAXX01,1,2028,87.59130103884695
GLOBAL,S1D5,PWRGEOTZAXX01,1,2028,85.82784480982237
GLOBAL,S2D6,PWRGEOTZAXX01,1,2028,59.89899879225622
GLOBAL,S2D1,PWRGEOTZAXX01,1,2028,76.20504861432028
GLOBAL,S2D2,PWRGEOTZAXX01,1,2028,87.59130103884695
GLOBAL,S2D3,PWRGEOTZAXX01,1,2028,76.20504861432028
GLOBAL,S2D4,PWRGEOTZAXX01,1,2028,87.59130103884695
GLOBAL,S2D5,PWRGEOTZAXX01,1,2028,87.59130103884695
GLOBAL,S3D6,PWRGEOTZAXX01,1,2028,58.789629820736806
GLOBAL,S3D1,PWRGEOTZAXX01,1,2028,75.242053519121
GLOBAL,S3D2,PWRGEOTZAXX01,1,2028,87.59130103884695
GLOBAL,S3D3,PWRGEOTZAXX01,1,2028,87.59130103884695
GLOBAL,S3D4,PWRGEOTZAXX01,1,2028,87.59130103884696
GLOBAL,S3D5,PWRGEOTZAXX01,1,2028,87.59130103884696
GLOBAL,S1D6,PWRGEOTZAXX01,1,2029,55.7986889846527
GLOBAL,S1D1,PWRGEOTZAXX01,1,2029,79.20826221117899
GLOBAL,S1D2,PWRGEOTZAXX01,1,2029,94.3311792774011
GLOBAL,S1D3,PWRGEOTZAXX01,1,2029,79.20826221117899
GLOBAL,S1D4,PWRGEOTZAXX01,1,2029,94.3311792774011
GLOBAL,S1D5,PWRGEOTZAXX01,1,2029,92.72427903000568
GLOBAL,S2D6,PWRGEOTZAXX01,1,2029,64.34739736876868
GLOBAL,S2D1,PWRGEOTZAXX01,1,2029,81.76554683496083
GLOBAL,S2D2,PWRGEOTZAXX01,1,2029,94.3311792774011
GLOBAL,S2D3,PWRGEOTZAXX01,1,2029,81.76554683496083
GLOBAL,S2D4,PWRGEOTZAXX01,1,2029,94.3311792774011
GLOBAL,S2D5,PWRGEOTZAXX01,1,2029,94.3311792774011
GLOBAL,S3D6,PWRGEOTZAXX01,1,2029,63.27796016184991
GLOBAL,S3D1,PWRGEOTZAXX01,1,2029,80.85246644551238
GLOBAL,S3D2,PWRGEOTZAXX01,1,2029,94.3311792774011
GLOBAL,S3D3,PWRGEOTZAXX01,1,2029,94.3311792774011
GLOBAL,S3D4,PWRGEOTZAXX01,1,2029,94.3311792774011
GLOBAL,S3D5,PWRGEOTZAXX01,1,2029,94.3311792774011
GLOBAL,S1D6,PWRGEOTZAXX01,1,2030,64.65667254595215
GLOBAL,S1D1,PWRGEOTZAXX01,1,2030,84.91081695570453
GLOBAL,S1D2,PWRGEOTZAXX01,1,2030,98.36803205034612
GLOBAL,S1D3,PWRGEOTZAXX01,1,2030,84.91081695570453
GLOBAL,S1D4,PWRGEOTZAXX01,1,2030,101.07105751595527
GLOBAL,S1D5,PWRGEOTZAXX01,1,2030,101.07105751595527
GLOBAL,S2D6,PWRGEOTZAXX01,1,2030,68.79579594528114
GLOBAL,S2D1,PWRGEOTZAXX01,1,2030,87.32604505560141
GLOBAL,S2D2,PWRGEOTZAXX01,1,2030,100.3098596255268
GLOBAL,S2D3,PWRGEOTZAXX01,1,2030,87.32604505560141
GLOBAL,S2D4,PWRGEOTZAXX01,1,2030,101.07105751595527
GLOBAL,S2D5,PWRGEOTZAXX01,1,2030,100.3098596255268
GLOBAL,S3D6,PWRGEOTZAXX01,1,2030,67.76629050296303
GLOBAL,S3D1,PWRGEOTZAXX01,1,2030,86.46287937190375
GLOBAL,S3D2,PWRGEOTZAXX01,1,2030,99.61303370044962
GLOBAL,S3D3,PWRGEOTZAXX01,1,2030,101.07105751595527
GLOBAL,S3D4,PWRGEOTZAXX01,1,2030,101.07105751595527
GLOBAL,S3D5,PWRGEOTZAXX01,1,2030,101.07105751595527
GLOBAL,S1D6,PWRGEOTZAXX01,1,2031,70.29858881860285
GLOBAL,S1D1,PWRGEOTZAXX01,1,2031,91.7995030870914
GLOBAL,S1D2,PWRGEOTZAXX01,1,2031,109.21283042812868
GLOBAL,S1D3,PWRGEOTZAXX01,1,2031,91.7995030870914
GLOBAL,S1D4,PWRGEOTZAXX01,1,2031,109.21283042812868
GLOBAL,S1D5,PWRGEOTZAXX01,1,2031,109.21283042812868
GLOBAL,S2D6,PWRGEOTZAXX01,1,2031,68.62302688531328
GLOBAL,S2D1,PWRGEOTZAXX01,1,2031,94.04312690613523
GLOBAL,S2D2,PWRGEOTZAXX01,1,2031,109.21283042812868
GLOBAL,S2D3,PWRGEOTZAXX01,1,2031,94.04312690613523
GLOBAL,S2D4,PWRGEOTZAXX01,1,2031,109.21283042812868
GLOBAL,S2D5,PWRGEOTZAXX01,1,2031,109.21283042812868
GLOBAL,S3D6,PWRGEOTZAXX01,1,2031,73.18819355502765
GLOBAL,S3D1,PWRGEOTZAXX01,1,2031,93.24025818698456
GLOBAL,S3D2,PWRGEOTZAXX01,1,2031,109.21283042812868
GLOBAL,S3D3,PWRGEOTZAXX01,1,2031,109.21283042812868
GLOBAL,S3D4,PWRGEOTZAXX01,1,2031,109.21283042812868
GLOBAL,S3D5,PWRGEOTZAXX01,1,2031,109.21283042812868
GLOBAL,S1D6,PWRGEOTZAXX01,1,2032,76.29369359341239
GLOBAL,S1D1,PWRGEOTZAXX01,1,2032,98.6973133060695
GLOBAL,S1D2,PWRGEOTZAXX01,1,2032,118.31626664053874
GLOBAL,S1D3,PWRGEOTZAXX01,1,2032,98.6973133060695
GLOBAL,S1D4,PWRGEOTZAXX01,1,2032,118.31626664053874
GLOBAL,S1D5,PWRGEOTZAXX01,1,2032,118.31626664053874
GLOBAL,S2D6,PWRGEOTZAXX01,1,2032,79.55024434385763
GLOBAL,S2D1,PWRGEOTZAXX01,1,2032,100.76910555382209
GLOBAL,S2D2,PWRGEOTZAXX01,1,2032,118.31626664053871
GLOBAL,S2D3,PWRGEOTZAXX01,1,2032,100.76910555382209
GLOBAL,S2D4,PWRGEOTZAXX01,1,2032,118.31626664053871
GLOBAL,S2D5,PWRGEOTZAXX01,1,2032,118.31626664053874
GLOBAL,S3D6,PWRGEOTZAXX01,1,2032,78.61727793563804
GLOBAL,S3D1,PWRGEOTZAXX01,1,2032,100.02661366274758
GLOBAL,S3D2,PWRGEOTZAXX01,1,2032,118.31626664053874
GLOBAL,S3D3,PWRGEOTZAXX01,1,2032,118.31626664053874
GLOBAL,S3D4,PWRGEOTZAXX01,1,2032,118.31626664053871
GLOBAL,S3D5,PWRGEOTZAXX01,1,2032,118.31626664053871
GLOBAL,S1D6,PWRGEOTZAXX01,1,2033,82.0940025689329
GLOBAL,S1D1,PWRGEOTZAXX01,1,2033,105.5951235250476
GLOBAL,S1D2,PWRGEOTZAXX01,1,2033,126.48357290646146
GLOBAL,S1D3,PWRGEOTZAXX01,1,2033,105.5951235250476
GLOBAL,S1D4,PWRGEOTZAXX01,1,2033,126.48357290646146
GLOBAL,S1D5,PWRGEOTZAXX01,1,2033,126.48357290646146
GLOBAL,S2D6,PWRGEOTZAXX01,1,2033,84.93102726200712
GLOBAL,S2D1,PWRGEOTZAXX01,1,2033,107.49508420150887
GLOBAL,S2D2,PWRGEOTZAXX01,1,2033,126.48357290646148
GLOBAL,S2D3,PWRGEOTZAXX01,1,2033,107.49508420150887
GLOBAL,S2D4,PWRGEOTZAXX01,1,2033,126.48357290646148
GLOBAL,S2D5,PWRGEOTZAXX01,1,2033,126.48357290646146
GLOBAL,S3D6,PWRGEOTZAXX01,1,2033,84.04636231624846
GLOBAL,S3D1,PWRGEOTZAXX01,1,2033,106.81296913851058
GLOBAL,S3D2,PWRGEOTZAXX01,1,2033,126.48357290646118
GLOBAL,S3D3,PWRGEOTZAXX01,1,2033,126.48357290646146
GLOBAL,S3D4,PWRGEOTZAXX01,1,2033,126.4835729064615
GLOBAL,S3D5,PWRGEOTZAXX01,1,2033,126.4835729064615
GLOBAL,S1D6,PWRGEOTZAXX01,1,2034,87.88663917808262
GLOBAL,S1D1,PWRGEOTZAXX01,1,2034,112.48380965643446
GLOBAL,S1D2,PWRGEOTZAXX01,1,2034,134.64007585721777
GLOBAL,S1D3,PWRGEOTZAXX01,1,2034,112.48380965643446
GLOBAL,S1D4,PWRGEOTZAXX01,1,2034,134.64007585721777
GLOBAL,S1D5,PWRGEOTZAXX01,1,2034,134.64007585721777
GLOBAL,S2D6,PWRGEOTZAXX01,1,2034,90.30469274243416
GLOBAL,S2D1,PWRGEOTZAXX01,1,2034,114.2121660520427
GLOBAL,S2D2,PWRGEOTZAXX01,1,2034,134.64007585721774
GLOBAL,S2D3,PWRGEOTZAXX01,1,2034,114.2121660520427
GLOBAL,S2D4,PWRGEOTZAXX01,1,2034,134.64007585721774
GLOBAL,S2D5,PWRGEOTZAXX01,1,2034,134.64007585721777
GLOBAL,S3D6,PWRGEOTZAXX01,1,2034,89.4682653683131
GLOBAL,S3D1,PWRGEOTZAXX01,1,2034,113.5903479535914
GLOBAL,S3D2,PWRGEOTZAXX01,1,2034,134.64007585721777
GLOBAL,S3D3,PWRGEOTZAXX01,1,2034,134.64007585721777
GLOBAL,S3D4,PWRGEOTZAXX01,1,2034,134.64007585721777
GLOBAL,S3D5,PWRGEOTZAXX01,1,2034,134.64007585721777
GLOBAL,S1D6,PWRGEOTZAXX01,1,2035,93.41609682404513
GLOBAL,S1D1,PWRGEOTZAXX01,1,2035,119.31390704302322
GLOBAL,S1D2,PWRGEOTZAXX01,1,2035,142.80738212314057
GLOBAL,S1D3,PWRGEOTZAXX01,1,2035,119.31390704302322
GLOBAL,S1D4,PWRGEOTZAXX01,1,2035,142.80738212314057
GLOBAL,S1D5,PWRGEOTZAXX01,1,2035,142.80738212314057
GLOBAL,S2D6,PWRGEOTZAXX01,1,2035,96.08163187570136
GLOBAL,S2D1,PWRGEOTZAXX01,1,2035,120.93814469972952
GLOBAL,S2D2,PWRGEOTZAXX01,1,2035,142.80738212314054
GLOBAL,S2D3,PWRGEOTZAXX01,1,2035,120.93814469972952
GLOBAL,S2D4,PWRGEOTZAXX01,1,2035,142.80738212314054
GLOBAL,S2D5,PWRGEOTZAXX01,1,2035,142.80738212314054
GLOBAL,S3D6,PWRGEOTZAXX01,1,2035,94.89734974892352
GLOBAL,S3D1,PWRGEOTZAXX01,1,2035,120.3767034293544
GLOBAL,S3D2,PWRGEOTZAXX01,1,2035,142.80738212314057
GLOBAL,S3D3,PWRGEOTZAXX01,1,2035,142.80738212314057
GLOBAL,S3D4,PWRGEOTZAXX01,1,2035,142.80738212314057
GLOBAL,S3D5,PWRGEOTZAXX01,1,2035,142.80738212314057
GLOBAL,S1D6,PWRGEOTZAXX01,1,2036,99.8815536343757
GLOBAL,S1D1,PWRGEOTZAXX01,1,2036,127.41804998474068
GLOBAL,S1D2,PWRGEOTZAXX01,1,2036,152.49806944639295
GLOBAL,S1D3,PWRGEOTZAXX01,1,2036,127.41804998474068
GLOBAL,S1D4,PWRGEOTZAXX01,1,2036,152.49806944639295
GLOBAL,S1D5,PWRGEOTZAXX01,1,2036,152.49806944639295
GLOBAL,S2D6,PWRGEOTZAXX01,1,2036,102.07693473531673
GLOBAL,S2D1,PWRGEOTZAXX01,1,2036,128.9274685431459
GLOBAL,S2D2,PWRGEOTZAXX01,1,2036,152.49806944639295
GLOBAL,S2D3,PWRGEOTZAXX01,1,2036,128.9274685431459
GLOBAL,S2D4,PWRGEOTZAXX01,1,2036,152.49806944639295
GLOBAL,S2D5,PWRGEOTZAXX01,1,2036,152.49806944639295
GLOBAL,S3D6,PWRGEOTZAXX01,1,2036,101.34618278303482
GLOBAL,S3D1,PWRGEOTZAXX01,1,2036,129.3645271286885
GLOBAL,S3D2,PWRGEOTZAXX01,1,2036,152.49806944639295
GLOBAL,S3D3,PWRGEOTZAXX01,1,2036,152.49806944639295
GLOBAL,S3D4,PWRGEOTZAXX01,1,2036,152.49806944639295
GLOBAL,S3D5,PWRGEOTZAXX01,1,2036,152.49806944639295
GLOBAL,S1D6,PWRGEOTZAXX01,1,2037,106.3541025082388
GLOBAL,S1D1,PWRGEOTZAXX01,1,2037,135.5274601724724
GLOBAL,S1D2,PWRGEOTZAXX01,1,2037,162.17114269436584
GLOBAL,S1D3,PWRGEOTZAXX01,1,2037,135.5274601724724
GLOBAL,S1D4,PWRGEOTZAXX01,1,2037,162.17114269436584
GLOBAL,S1D5,PWRGEOTZAXX01,1,2037,162.17114269436584
GLOBAL,S2D6,PWRGEOTZAXX01,1,2037,108.4612763723274
GLOBAL,S2D1,PWRGEOTZAXX01,1,2037,136.90789558940926
GLOBAL,S2D2,PWRGEOTZAXX01,1,2037,162.17114269436584
GLOBAL,S2D3,PWRGEOTZAXX01,1,2037,136.90789558940926
GLOBAL,S2D4,PWRGEOTZAXX01,1,2037,162.17114269436584
GLOBAL,S2D5,PWRGEOTZAXX01,1,2037,162.17114269436584
GLOBAL,S3D6,PWRGEOTZAXX01,1,2037,107.78783448860035
GLOBAL,S3D1,PWRGEOTZAXX01,1,2037,137.85870900074994
GLOBAL,S3D2,PWRGEOTZAXX01,1,2037,162.17114269436584
GLOBAL,S3D3,PWRGEOTZAXX01,1,2037,162.17114269436584
GLOBAL,S3D4,PWRGEOTZAXX01,1,2037,162.17114269436584
GLOBAL,S3D5,PWRGEOTZAXX01,1,2037,162.1711426943658
GLOBAL,S1D6,PWRGEOTZAXX01,1,2038,112.8338671556512
GLOBAL,S1D1,PWRGEOTZAXX01,1,2038,143.64591095127167
GLOBAL,S1D2,PWRGEOTZAXX01,1,2038,171.85499974752045
GLOBAL,S1D3,PWRGEOTZAXX01,1,2038,143.64591095127167
GLOBAL,S1D4,PWRGEOTZAXX01,1,2038,171.85499974752045
GLOBAL,S1D5,PWRGEOTZAXX01,1,2038,171.85499974752045
GLOBAL,S2D6,PWRGEOTZAXX01,1,2038,116.64812858331544
GLOBAL,S2D1,PWRGEOTZAXX01,1,2038,144.89721943282564
GLOBAL,S2D2,PWRGEOTZAXX01,1,2038,171.85499974752045
GLOBAL,S2D3,PWRGEOTZAXX01,1,2038,144.89721943282564
GLOBAL,S2D4,PWRGEOTZAXX01,1,2038,171.85499974752048
GLOBAL,S2D5,PWRGEOTZAXX01,1,2038,171.85499974752045
GLOBAL,S3D6,PWRGEOTZAXX01,1,2038,114.23666752271168
GLOBAL,S3D1,PWRGEOTZAXX01,1,2038,144.5508506465896
GLOBAL,S3D2,PWRGEOTZAXX01,1,2038,171.85499974752045
GLOBAL,S3D3,PWRGEOTZAXX01,1,2038,171.85499974752045
GLOBAL,S3D4,PWRGEOTZAXX01,1,2038,171.85499974752045
GLOBAL,S3D5,PWRGEOTZAXX01,1,2038,171.85499974752045
GLOBAL,S1D6,PWRGEOTZAXX01,1,2039,119.31363180306374
GLOBAL,S1D1,PWRGEOTZAXX01,1,2039,151.76436173007104
GLOBAL,S1D2,PWRGEOTZAXX01,1,2039,181.53885680067503
GLOBAL,S1D3,PWRGEOTZAXX01,1,2039,151.76436173007104
GLOBAL,S1D4,PWRGEOTZAXX01,1,2039,181.53885680067503
GLOBAL,S1D5,PWRGEOTZAXX01,1,2039,181.53885680067503
GLOBAL,S2D6,PWRGEOTZAXX01,1,2039,121.2441945217936
GLOBAL,S2D1,PWRGEOTZAXX01,1,2039,152.886543276242
GLOBAL,S2D2,PWRGEOTZAXX01,1,2039,181.53885680067503
GLOBAL,S2D3,PWRGEOTZAXX01,1,2039,152.886543276242
GLOBAL,S2D4,PWRGEOTZAXX01,1,2039,181.5388568006751
GLOBAL,S2D5,PWRGEOTZAXX01,1,2039,181.53885680067503
GLOBAL,S3D6,PWRGEOTZAXX01,1,2039,120.685500556823
GLOBAL,S3D1,PWRGEOTZAXX01,1,2039,154.86601183488924
GLOBAL,S3D2,PWRGEOTZAXX01,1,2039,181.53885680067503
GLOBAL,S3D3,PWRGEOTZAXX01,1,2039,181.53885680067503
GLOBAL,S3D4,PWRGEOTZAXX01,1,2039,181.53885680067503
GLOBAL,S3D5,PWRGEOTZAXX01,1,2039,181.53885680067503
GLOBAL,S1D6,PWRGEOTZAXX01,1,2040,125.79339645047628
GLOBAL,S1D1,PWRGEOTZAXX01,1,2040,159.88281250887044
GLOBAL,S1D2,PWRGEOTZAXX01,1,2040,191.22271385382967
GLOBAL,S1D3,PWRGEOTZAXX01,1,2040,159.88281250887044
GLOBAL,S1D4,PWRGEOTZAXX01,1,2040,191.22271385382967
GLOBAL,S1D5,PWRGEOTZAXX01,1,2040,191.22271385382967
GLOBAL,S2D6,PWRGEOTZAXX01,1,2040,127.63565359652668
GLOBAL,S2D1,PWRGEOTZAXX01,1,2040,160.87586711965838
GLOBAL,S2D2,PWRGEOTZAXX01,1,2040,191.22271385382967
GLOBAL,S2D3,PWRGEOTZAXX01,1,2040,160.87586711965838
GLOBAL,S2D4,PWRGEOTZAXX01,1,2040,191.22271385382967
GLOBAL,S2D5,PWRGEOTZAXX01,1,2040,191.22271385382967
GLOBAL,S3D6,PWRGEOTZAXX01,1,2040,129.83106361102494
GLOBAL,S3D1,PWRGEOTZAXX01,1,2040,160.67293323186786
GLOBAL,S3D2,PWRGEOTZAXX01,1,2040,191.22271385382967
GLOBAL,S3D3,PWRGEOTZAXX01,1,2040,191.22271385382967
GLOBAL,S3D4,PWRGEOTZAXX01,1,2040,191.22271385382967
GLOBAL,S3D5,PWRGEOTZAXX01,1,2040,191.22271385382967
GLOBAL,S1D6,PWRGEOTZAXX01,1,2041,133.44933218645042
GLOBAL,S1D1,PWRGEOTZAXX01,1,2041,169.4748796317059
GLOBAL,S1D2,PWRGEOTZAXX01,1,2041,202.6643311515992
GLOBAL,S1D3,PWRGEOTZAXX01,1,2041,169.4748796317059
GLOBAL,S1D4,PWRGEOTZAXX01,1,2041,202.6643311515992
GLOBAL,S1D5,PWRGEOTZAXX01,1,2041,202.6643311515992
GLOBAL,S2D6,PWRGEOTZAXX01,1,2041,135.18725502001422
GLOBAL,S2D1,PWRGEOTZAXX01,1,2041,170.3153688990178
GLOBAL,S2D2,PWRGEOTZAXX01,1,2041,202.66433115159924
GLOBAL,S2D3,PWRGEOTZAXX01,1,2041,170.3153688990178
GLOBAL,S2D4,PWRGEOTZAXX01,1,2041,202.66433115159924
GLOBAL,S2D5,PWRGEOTZAXX01,1,2041,202.66433115159924
GLOBAL,S3D6,PWRGEOTZAXX01,1,2041,134.7537231780079
GLOBAL,S3D1,PWRGEOTZAXX01,1,2041,173.41685050531046
GLOBAL,S3D2,PWRGEOTZAXX01,1,2041,202.6643311515992
GLOBAL,S3D3,PWRGEOTZAXX01,1,2041,202.6643311515992
GLOBAL,S3D4,PWRGEOTZAXX01,1,2041,202.6643311515992
GLOBAL,S3D5,PWRGEOTZAXX01,1,2041,202.6643311515992
GLOBAL,S1D6,PWRGEOTZAXX01,1,2042,141.1052679224244
GLOBAL,S1D1,PWRGEOTZAXX01,1,2042,179.0669467545412
GLOBAL,S1D2,PWRGEOTZAXX01,1,2042,214.10594844936875
GLOBAL,S1D3,PWRGEOTZAXX01,1,2042,179.0669467545412
GLOBAL,S1D4,PWRGEOTZAXX01,1,2042,214.10594844936875
GLOBAL,S1D5,PWRGEOTZAXX01,1,2042,214.10594844936875
GLOBAL,S2D6,PWRGEOTZAXX01,1,2042,142.73885644350176
GLOBAL,S2D1,PWRGEOTZAXX01,1,2042,179.75487067837722
GLOBAL,S2D2,PWRGEOTZAXX01,1,2042,214.10594844936875
GLOBAL,S2D3,PWRGEOTZAXX01,1,2042,179.75487067837722
GLOBAL,S2D4,PWRGEOTZAXX01,1,2042,214.1059484493688
GLOBAL,S2D5,PWRGEOTZAXX01,1,2042,214.10594844936875
GLOBAL,S3D6,PWRGEOTZAXX01,1,2042,142.3731127650815
GLOBAL,S3D1,PWRGEOTZAXX01,1,2042,183.46403775866327
GLOBAL,S3D2,PWRGEOTZAXX01,1,2042,214.10594844936875
GLOBAL,S3D3,PWRGEOTZAXX01,1,2042,214.10594844936875
GLOBAL,S3D4,PWRGEOTZAXX01,1,2042,214.10594844936875
GLOBAL,S3D5,PWRGEOTZAXX01,1,2042,214.10594844936875
GLOBAL,S1D6,PWRGEOTZAXX01,1,2043,148.7612036583986
GLOBAL,S1D1,PWRGEOTZAXX01,1,2043,188.65901387737676
GLOBAL,S1D2,PWRGEOTZAXX01,1,2043,225.5475657471383
GLOBAL,S1D3,PWRGEOTZAXX01,1,2043,188.65901387737676
GLOBAL,S1D4,PWRGEOTZAXX01,1,2043,225.5475657471383
GLOBAL,S1D5,PWRGEOTZAXX01,1,2043,225.5475657471383
GLOBAL,S2D6,PWRGEOTZAXX01,1,2043,150.29045786698933
GLOBAL,S2D1,PWRGEOTZAXX01,1,2043,189.19437245773665
GLOBAL,S2D2,PWRGEOTZAXX01,1,2043,225.5475657471383
GLOBAL,S2D3,PWRGEOTZAXX01,1,2043,189.19437245773665
GLOBAL,S2D4,PWRGEOTZAXX01,1,2043,225.54756574713832
GLOBAL,S2D5,PWRGEOTZAXX01,1,2043,225.5475657471383
GLOBAL,S3D6,PWRGEOTZAXX01,1,2043,154.25808318077586
GLOBAL,S3D1,PWRGEOTZAXX01,1,2043,189.2456441833939
GLOBAL,S3D2,PWRGEOTZAXX01,1,2043,225.5475657471383
GLOBAL,S3D3,PWRGEOTZAXX01,1,2043,225.5475657471383
GLOBAL,S3D4,PWRGEOTZAXX01,1,2043,225.5475657471383
GLOBAL,S3D5,PWRGEOTZAXX01,1,2043,225.5475657471383
GLOBAL,S1D6,PWRGEOTZAXX01,1,2044,156.42435516792207
GLOBAL,S1D1,PWRGEOTZAXX01,1,2044,198.26012159127967
GLOBAL,S1D2,PWRGEOTZAXX01,1,2044,236.99996685008952
GLOBAL,S1D3,PWRGEOTZAXX01,1,2044,198.26012159127967
GLOBAL,S1D4,PWRGEOTZAXX01,1,2044,236.99996685008952
GLOBAL,S1D5,PWRGEOTZAXX01,1,2044,236.99996685008952
GLOBAL,S2D6,PWRGEOTZAXX01,1,2044,157.8491767281993
GLOBAL,S2D1,PWRGEOTZAXX01,1,2044,198.64277103424908
GLOBAL,S2D2,PWRGEOTZAXX01,1,2044,236.99996685008952
GLOBAL,S2D3,PWRGEOTZAXX01,1,2044,198.64277103424908
GLOBAL,S2D4,PWRGEOTZAXX01,1,2044,236.99996685008955
GLOBAL,S2D5,PWRGEOTZAXX01,1,2044,236.99996685008952
GLOBAL,S3D6,PWRGEOTZAXX01,1,2044,157.6190732677745
GLOBAL,S3D1,PWRGEOTZAXX01,1,2044,203.56788181037555
GLOBAL,S3D2,PWRGEOTZAXX01,1,2044,236.99996685008952
GLOBAL,S3D3,PWRGEOTZAXX01,1,2044,236.99996685008952
GLOBAL,S3D4,PWRGEOTZAXX01,1,2044,236.99996685008952
GLOBAL,S3D5,PWRGEOTZAXX01,1,2044,236.99996685008952
GLOBAL,S1D6,PWRGEOTZAXX01,1,2045,164.0802909038961
GLOBAL,S1D1,PWRGEOTZAXX01,1,2045,207.85218871411507
GLOBAL,S1D2,PWRGEOTZAXX01,1,2045,248.44158414785903
GLOBAL,S1D3,PWRGEOTZAXX01,1,2045,207.85218871411507
GLOBAL,S1D4,PWRGEOTZAXX01,1,2045,248.44158414785903
GLOBAL,S1D5,PWRGEOTZAXX01,1,2045,248.44158414785903
GLOBAL,S2D6,PWRGEOTZAXX01,1,2045,165.4007781516868
GLOBAL,S2D1,PWRGEOTZAXX01,1,2045,208.08227281360848
GLOBAL,S2D2,PWRGEOTZAXX01,1,2045,248.44158414785903
GLOBAL,S2D3,PWRGEOTZAXX01,1,2045,208.08227281360848
GLOBAL,S2D4,PWRGEOTZAXX01,1,2045,248.4415841478591
GLOBAL,S2D5,PWRGEOTZAXX01,1,2045,248.44158414785903
GLOBAL,S3D6,PWRGEOTZAXX01,1,2045,165.23846285484808
GLOBAL,S3D1,PWRGEOTZAXX01,1,2045,213.615069063728
GLOBAL,S3D2,PWRGEOTZAXX01,1,2045,248.44158414785903
GLOBAL,S3D3,PWRGEOTZAXX01,1,2045,248.44158414785903
GLOBAL,S3D4,PWRGEOTZAXX01,1,2045,248.44158414785903
GLOBAL,S3D5,PWRGEOTZAXX01,1,2045,248.44158414785903
GLOBAL,S1D6,PWRGEOTZAXX01,1,2046,173.58346466853126
GLOBAL,S1D1,PWRGEOTZAXX01,1,2046,219.75864715028305
GLOBAL,S1D2,PWRGEOTZAXX01,1,2046,262.6438555721404
GLOBAL,S1D3,PWRGEOTZAXX01,1,2046,219.75864715028305
GLOBAL,S1D4,PWRGEOTZAXX01,1,2046,262.6438555721404
GLOBAL,S1D5,PWRGEOTZAXX01,1,2046,262.6438555721404
GLOBAL,S2D6,PWRGEOTZAXX01,1,2046,174.7744436321139
GLOBAL,S2D1,PWRGEOTZAXX01,1,2046,219.79935466414236
GLOBAL,S2D2,PWRGEOTZAXX01,1,2046,262.6438555721404
GLOBAL,S2D3,PWRGEOTZAXX01,1,2046,219.79935466414236
GLOBAL,S2D4,PWRGEOTZAXX01,1,2046,262.6438555721404
GLOBAL,S2D5,PWRGEOTZAXX01,1,2046,262.6438555721404
GLOBAL,S3D6,PWRGEOTZAXX01,1,2046,174.69627254964166
GLOBAL,S3D1,PWRGEOTZAXX01,1,2046,226.0864598390954
GLOBAL,S3D2,PWRGEOTZAXX01,1,2046,262.6438555721404
GLOBAL,S3D3,PWRGEOTZAXX01,1,2046,262.6438555721404
GLOBAL,S3D4,PWRGEOTZAXX01,1,2046,262.6438555721404
GLOBAL,S3D5,PWRGEOTZAXX01,1,2046,262.6438555721404
GLOBAL,S1D6,PWRGEOTZAXX01,1,2047,183.0281072302472
GLOBAL,S1D1,PWRGEOTZAXX01,1,2047,233.2153095998672
GLOBAL,S1D2,PWRGEOTZAXX01,1,2047,276.8461269964216
GLOBAL,S1D3,PWRGEOTZAXX01,1,2047,231.60657438353184
GLOBAL,S1D4,PWRGEOTZAXX01,1,2047,276.8461269964216
GLOBAL,S1D5,PWRGEOTZAXX01,1,2047,276.8461269964216
GLOBAL,S2D6,PWRGEOTZAXX01,1,2047,189.30209021779592
GLOBAL,S2D1,PWRGEOTZAXX01,1,2047,231.51643651467612
GLOBAL,S2D2,PWRGEOTZAXX01,1,2047,276.8461269964216
GLOBAL,S2D3,PWRGEOTZAXX01,1,2047,231.51643651467612
GLOBAL,S2D4,PWRGEOTZAXX01,1,2047,276.8461269964216
GLOBAL,S2D5,PWRGEOTZAXX01,1,2047,276.8461269964216
GLOBAL,S3D6,PWRGEOTZAXX01,1,2047,184.1540822444352
GLOBAL,S3D1,PWRGEOTZAXX01,1,2047,231.947619048744
GLOBAL,S3D2,PWRGEOTZAXX01,1,2047,276.8461269964216
GLOBAL,S3D3,PWRGEOTZAXX01,1,2047,276.8461269964216
GLOBAL,S3D4,PWRGEOTZAXX01,1,2047,276.8461269964216
GLOBAL,S3D5,PWRGEOTZAXX01,1,2047,276.8461269964216
GLOBAL,S1D6,PWRGEOTZAXX01,1,2048,192.42380931146283
GLOBAL,S1D1,PWRGEOTZAXX01,1,2048,243.40556113628037
GLOBAL,S1D2,PWRGEOTZAXX01,1,2048,291.04839842070294
GLOBAL,S1D3,PWRGEOTZAXX01,1,2048,246.31891598211
GLOBAL,S1D4,PWRGEOTZAXX01,1,2048,291.04839842070294
GLOBAL,S1D5,PWRGEOTZAXX01,1,2048,291.04839842070294
GLOBAL,S2D6,PWRGEOTZAXX01,1,2048,198.36137233960793
GLOBAL,S2D1,PWRGEOTZAXX01,1,2048,243.23351836521
GLOBAL,S2D2,PWRGEOTZAXX01,1,2048,291.0483984207029
GLOBAL,S2D3,PWRGEOTZAXX01,1,2048,243.23351836521
GLOBAL,S2D4,PWRGEOTZAXX01,1,2048,291.0483984207029
GLOBAL,S2D5,PWRGEOTZAXX01,1,2048,291.0483984207029
GLOBAL,S3D6,PWRGEOTZAXX01,1,2048,193.6118919392287
GLOBAL,S3D1,PWRGEOTZAXX01,1,2048,243.76988116723587
GLOBAL,S3D2,PWRGEOTZAXX01,1,2048,291.0483984207029
GLOBAL,S3D3,PWRGEOTZAXX01,1,2048,291.0483984207029
GLOBAL,S3D4,PWRGEOTZAXX01,1,2048,291.04839842070294
GLOBAL,S3D5,PWRGEOTZAXX01,1,2048,291.04839842070294
GLOBAL,S1D6,PWRGEOTZAXX01,1,2049,201.8123772225334
GLOBAL,S1D1,PWRGEOTZAXX01,1,2049,257.7384605305936
GLOBAL,S1D2,PWRGEOTZAXX01,1,2049,305.23988603980274
GLOBAL,S1D3,PWRGEOTZAXX01,1,2049,255.1955889013656
GLOBAL,S1D4,PWRGEOTZAXX01,1,2049,305.23988603980274
GLOBAL,S1D5,PWRGEOTZAXX01,1,2049,305.23988603980274
GLOBAL,S2D6,PWRGEOTZAXX01,1,2049,202.08857523943436
GLOBAL,S2D1,PWRGEOTZAXX01,1,2049,254.941703418593
GLOBAL,S2D2,PWRGEOTZAXX01,1,2049,305.23988603980274
GLOBAL,S2D3,PWRGEOTZAXX01,1,2049,254.94170341859075
GLOBAL,S2D4,PWRGEOTZAXX01,1,2049,305.23988603980274
GLOBAL,S2D5,PWRGEOTZAXX01,1,2049,305.23988603980274
GLOBAL,S3D6,PWRGEOTZAXX01,1,2049,203.06252030547645
GLOBAL,S3D1,PWRGEOTZAXX01,1,2049,262.6032315978456
GLOBAL,S3D2,PWRGEOTZAXX01,1,2049,305.23988603980285
GLOBAL,S3D3,PWRGEOTZAXX01,1,2049,305.23988603980274
GLOBAL,S3D4,PWRGEOTZAXX01,1,2049,305.23988603980274
GLOBAL,S3D5,PWRGEOTZAXX01,1,2049,305.23988603980274
GLOBAL,S1D6,PWRGEOTZAXX01,1,2050,222.1909285731466
GLOBAL,S1D1,PWRGEOTZAXX01,1,2050,266.994575654114
GLOBAL,S1D2,PWRGEOTZAXX01,1,2050,319.44215746408395
GLOBAL,S1D3,PWRGEOTZAXX01,1,2050,266.994575654114
GLOBAL,S1D4,PWRGEOTZAXX01,1,2050,319.44215746408395
GLOBAL,S1D5,PWRGEOTZAXX01,1,2050,319.44215746408395
GLOBAL,S2D6,PWRGEOTZAXX01,1,2050,211.14785736124747
GLOBAL,S2D1,PWRGEOTZAXX01,1,2050,266.65878526912456
GLOBAL,S2D2,PWRGEOTZAXX01,1,2050,319.44215746408395
GLOBAL,S2D3,PWRGEOTZAXX01,1,2050,266.65878526912456
GLOBAL,S2D4,PWRGEOTZAXX01,1,2050,319.44215746408395
GLOBAL,S2D5,PWRGEOTZAXX01,1,2050,319.44215746408395
GLOBAL,S3D6,PWRGEOTZAXX01,1,2050,212.52033000027
GLOBAL,S3D1,PWRGEOTZAXX01,1,2050,267.4054287435376
GLOBAL,S3D2,PWRGEOTZAXX01,1,2050,319.44215746408395
GLOBAL,S3D3,PWRGEOTZAXX01,1,2050,319.44215746408395
GLOBAL,S3D4,PWRGEOTZAXX01,1,2050,319.44215746408395
GLOBAL,S3D5,PWRGEOTZAXX01,1,2050,319.44215746408395
GLOBAL,S1D6,PWRHYDKENXX01,1,2021,12.23632561824
GLOBAL,S1D1,PWRHYDKENXX01,1,2021,10.84372657314088
GLOBAL,S1D2,PWRHYDKENXX01,1,2021,12.23632561824
GLOBAL,S1D3,PWRHYDKENXX01,1,2021,12.23632561824
GLOBAL,S1D4,PWRHYDKENXX01,1,2021,12.23632561824
GLOBAL,S1D5,PWRHYDKENXX01,1,2021,12.23632561824
GLOBAL,S2D1,PWRHYDKENXX01,1,2021,10.61015853312
GLOBAL,S2D2,PWRHYDKENXX01,1,2021,10.61015853312
GLOBAL,S2D3,PWRHYDKENXX01,1,2021,10.61015853312
GLOBAL,S2D4,PWRHYDKENXX01,1,2021,10.61015853312
GLOBAL,S2D5,PWRHYDKENXX01,1,2021,10.61015853312
GLOBAL,S3D6,PWRHYDKENXX01,1,2021,14.42867806368
GLOBAL,S3D1,PWRHYDKENXX01,1,2021,4.8936841030562
GLOBAL,S3D2,PWRHYDKENXX01,1,2021,14.42867806368
GLOBAL,S3D3,PWRHYDKENXX01,1,2021,14.42867806368
GLOBAL,S3D4,PWRHYDKENXX01,1,2021,14.42867806368
GLOBAL,S3D5,PWRHYDKENXX01,1,2021,13.735556840821614
GLOBAL,S1D6,PWRHYDKENXX01,1,2022,10.333965796739728
GLOBAL,S1D1,PWRHYDKENXX01,1,2022,12.23632561824
GLOBAL,S1D2,PWRHYDKENXX01,1,2022,12.23632561824
GLOBAL,S1D3,PWRHYDKENXX01,1,2022,12.23632561824
GLOBAL,S1D4,PWRHYDKENXX01,1,2022,12.23632561824
GLOBAL,S1D5,PWRHYDKENXX01,1,2022,12.23632561824
GLOBAL,S2D1,PWRHYDKENXX01,1,2022,10.61015853312
GLOBAL,S2D2,PWRHYDKENXX01,1,2022,10.61015853312
GLOBAL,S2D3,PWRHYDKENXX01,1,2022,10.61015853312
GLOBAL,S2D4,PWRHYDKENXX01,1,2022,10.61015853312
GLOBAL,S2D5,PWRHYDKENXX01,1,2022,10.61015853312
GLOBAL,S3D6,PWRHYDKENXX01,1,2022,14.42867806368
GLOBAL,S3D1,PWRHYDKENXX01,1,2022,4.702086947465004
GLOBAL,S3D2,PWRHYDKENXX01,1,2022,14.42867806368
GLOBAL,S3D3,PWRHYDKENXX01,1,2022,14.42867806368
GLOBAL,S3D4,PWRHYDKENXX01,1,2022,14.42867806368
GLOBAL,S3D5,PWRHYDKENXX01,1,2022,14.42867806368
GLOBAL,S1D6,PWRHYDKENXX01,1,2023,12.23632561824
GLOBAL,S1D1,PWRHYDKENXX01,1,2023,12.23632561824
GLOBAL,S1D2,PWRHYDKENXX01,1,2023,12.23632561824
GLOBAL,S1D3,PWRHYDKENXX01,1,2023,12.23632561824
GLOBAL,S1D4,PWRHYDKENXX01,1,2023,12.23632561824
GLOBAL,S1D5,PWRHYDKENXX01,1,2023,12.23632561824
GLOBAL,S2D6,PWRHYDKENXX01,1,2023,0.8293174554131315
GLOBAL,S2D1,PWRHYDKENXX01,1,2023,10.61015853312
GLOBAL,S2D2,PWRHYDKENXX01,1,2023,10.61015853312
GLOBAL,S2D3,PWRHYDKENXX01,1,2023,10.61015853312
GLOBAL,S2D4,PWRHYDKENXX01,1,2023,10.61015853312
GLOBAL,S2D5,PWRHYDKENXX01,1,2023,10.61015853312
GLOBAL,S3D6,PWRHYDKENXX01,1,2023,14.42867806368
GLOBAL,S3D1,PWRHYDKENXX01,1,2023,4.792423126959704
GLOBAL,S3D2,PWRHYDKENXX01,1,2023,11.629958415380436
GLOBAL,S3D3,PWRHYDKENXX01,1,2023,14.42867806368
GLOBAL,S3D4,PWRHYDKENXX01,1,2023,14.42867806368
GLOBAL,S3D5,PWRHYDKENXX01,1,2023,14.42867806368
GLOBAL,S1D6,PWRHYDKENXX01,1,2024,5.706017529874508
GLOBAL,S1D1,PWRHYDKENXX01,1,2024,12.23632561824
GLOBAL,S1D2,PWRHYDKENXX01,1,2024,12.23632561824
GLOBAL,S1D3,PWRHYDKENXX01,1,2024,12.23632561824
GLOBAL,S1D4,PWRHYDKENXX01,1,2024,12.23632561824
GLOBAL,S1D5,PWRHYDKENXX01,1,2024,12.23632561824
GLOBAL,S2D6,PWRHYDKENXX01,1,2024,10.61015853312
GLOBAL,S2D1,PWRHYDKENXX01,1,2024,10.61015853312
GLOBAL,S2D2,PWRHYDKENXX01,1,2024,10.61015853312
GLOBAL,S2D3,PWRHYDKENXX01,1,2024,10.61015853312
GLOBAL,S2D4,PWRHYDKENXX01,1,2024,10.61015853312
GLOBAL,S2D5,PWRHYDKENXX01,1,2024,10.61015853312
GLOBAL,S3D1,PWRHYDKENXX01,1,2024,14.42867806368
GLOBAL,S3D2,PWRHYDKENXX01,1,2024,12.978532613710003
GLOBAL,S3D3,PWRHYDKENXX01,1,2024,14.42867806368
GLOBAL,S3D4,PWRHYDKENXX01,1,2024,14.42867806368
GLOBAL,S3D5,PWRHYDKENXX01,1,2024,14.42867806368
GLOBAL,S1D6,PWRHYDKENXX01,1,2025,0.48225176982527856
GLOBAL,S1D1,PWRHYDKENXX01,1,2025,12.201705244184089
GLOBAL,S1D2,PWRHYDKENXX01,1,2025,12.23632561824
GLOBAL,S1D3,PWRHYDKENXX01,1,2025,12.23632561824
GLOBAL,S1D4,PWRHYDKENXX01,1,2025,12.23632561824
GLOBAL,S1D5,PWRHYDKENXX01,1,2025,12.23632561824
GLOBAL,S2D1,PWRHYDKENXX01,1,2025,10.61015853312
GLOBAL,S2D2,PWRHYDKENXX01,1,2025,10.61015853312
GLOBAL,S2D3,PWRHYDKENXX01,1,2025,10.61015853312
GLOBAL,S2D4,PWRHYDKENXX01,1,2025,10.61015853312
GLOBAL,S2D5,PWRHYDKENXX01,1,2025,10.61015853312
GLOBAL,S3D6,PWRHYDKENXX01,1,2025,14.42867806368
GLOBAL,S3D1,PWRHYDKENXX01,1,2025,14.42867806368
GLOBAL,S3D2,PWRHYDKENXX01,1,2025,14.42867806368
GLOBAL,S3D3,PWRHYDKENXX01,1,2025,14.42867806368
GLOBAL,S3D4,PWRHYDKENXX01,1,2025,14.42867806368
GLOBAL,S3D5,PWRHYDKENXX01,1,2025,14.42867806368
GLOBAL,S1D6,PWRHYDKENXX01,1,2026,12.23632561824
GLOBAL,S1D1,PWRHYDKENXX01,1,2026,12.23632561824
GLOBAL,S1D2,PWRHYDKENXX01,1,2026,12.23632561824
GLOBAL,S1D3,PWRHYDKENXX01,1,2026,12.23632561824
GLOBAL,S1D4,PWRHYDKENXX01,1,2026,12.23632561824
GLOBAL,S1D5,PWRHYDKENXX01,1,2026,12.23632561824
GLOBAL,S2D6,PWRHYDKENXX01,1,2026,10.61015853312
GLOBAL,S2D1,PWRHYDKENXX01,1,2026,5.978696555396714
GLOBAL,S2D2,PWRHYDKENXX01,1,2026,3.92208699445082
GLOBAL,S2D3,PWRHYDKENXX01,1,2026,10.61015853312
GLOBAL,S2D4,PWRHYDKENXX01,1,2026,10.61015853312
GLOBAL,S2D5,PWRHYDKENXX01,1,2026,10.61015853312
GLOBAL,S3D6,PWRHYDKENXX01,1,2026,14.42867806368
GLOBAL,S3D1,PWRHYDKENXX01,1,2026,6.514940916598617
GLOBAL,S3D2,PWRHYDKENXX01,1,2026,14.42867806368
GLOBAL,S3D3,PWRHYDKENXX01,1,2026,11.459945384343516
GLOBAL,S3D4,PWRHYDKENXX01,1,2026,14.42867806368
GLOBAL,S3D5,PWRHYDKENXX01,1,2026,14.42867806368
GLOBAL,S1D6,PWRHYDKENXX01,1,2027,12.23632561824
GLOBAL,S1D1,PWRHYDKENXX01,1,2027,12.23632561824
GLOBAL,S1D2,PWRHYDKENXX01,1,2027,12.23632561824
GLOBAL,S1D3,PWRHYDKENXX01,1,2027,12.23632561824
GLOBAL,S1D4,PWRHYDKENXX01,1,2027,12.23632561824
GLOBAL,S1D5,PWRHYDKENXX01,1,2027,12.23632561824
GLOBAL,S2D1,PWRHYDKENXX01,1,2027,10.61015853312
GLOBAL,S2D2,PWRHYDKENXX01,1,2027,10.61015853312
GLOBAL,S2D3,PWRHYDKENXX01,1,2027,10.61015853312
GLOBAL,S2D4,PWRHYDKENXX01,1,2027,10.61015853312
GLOBAL,S2D5,PWRHYDKENXX01,1,2027,10.61015853312
GLOBAL,S3D6,PWRHYDKENXX01,1,2027,14.42867806368
GLOBAL,S3D1,PWRHYDKENXX01,1,2027,6.1635803090073935
GLOBAL,S3D2,PWRHYDKENXX01,1,2027,11.095563190140943
GLOBAL,S3D3,PWRHYDKENXX01,1,2027,14.42867806368
GLOBAL,S3D4,PWRHYDKENXX01,1,2027,14.42867806368
GLOBAL,S3D5,PWRHYDKENXX01,1,2027,14.42867806368
GLOBAL,S1D6,PWRHYDKENXX01,1,2028,12.23632561824
GLOBAL,S1D1,PWRHYDKENXX01,1,2028,6.858921593297856
GLOBAL,S1D2,PWRHYDKENXX01,1,2028,12.23632561824
GLOBAL,S1D3,PWRHYDKENXX01,1,2028,12.23632561824
GLOBAL,S1D4,PWRHYDKENXX01,1,2028,12.23632561824
GLOBAL,S1D5,PWRHYDKENXX01,1,2028,4.97058652346765
GLOBAL,S2D6,PWRHYDKENXX01,1,2028,10.61015853312
GLOBAL,S2D1,PWRHYDKENXX01,1,2028,10.61015853312
GLOBAL,S2D2,PWRHYDKENXX01,1,2028,10.61015853312
GLOBAL,S2D3,PWRHYDKENXX01,1,2028,10.61015853312
GLOBAL,S2D4,PWRHYDKENXX01,1,2028,10.61015853312
GLOBAL,S2D5,PWRHYDKENXX01,1,2028,10.61015853312
GLOBAL,S3D6,PWRHYDKENXX01,1,2028,14.42867806368
GLOBAL,S3D1,PWRHYDKENXX01,1,2028,5.7922197014161565
GLOBAL,S3D2,PWRHYDKENXX01,1,2028,13.200376821053723
GLOBAL,S3D3,PWRHYDKENXX01,1,2028,14.42867806368
GLOBAL,S3D4,PWRHYDKENXX01,1,2028,14.42867806368
GLOBAL,S3D5,PWRHYDKENXX01,1,2028,14.42867806368
GLOBAL,S1D6,PWRHYDKENXX01,1,2029,12.23632561824
GLOBAL,S1D1,PWRHYDKENXX01,1,2029,12.23632561824
GLOBAL,S1D2,PWRHYDKENXX01,1,2029,12.23632561824
GLOBAL,S1D3,PWRHYDKENXX01,1,2029,12.23632561824
GLOBAL,S1D4,PWRHYDKENXX01,1,2029,12.23632561824
GLOBAL,S1D5,PWRHYDKENXX01,1,2029,12.23632561824
GLOBAL,S2D6,PWRHYDKENXX01,1,2029,10.61015853312
GLOBAL,S2D1,PWRHYDKENXX01,1,2029,10.61015853312
GLOBAL,S2D2,PWRHYDKENXX01,1,2029,2.8052833586403185
GLOBAL,S2D3,PWRHYDKENXX01,1,2029,10.61015853312
GLOBAL,S2D4,PWRHYDKENXX01,1,2029,10.61015853312
GLOBAL,S2D5,PWRHYDKENXX01,1,2029,10.61015853312
GLOBAL,S3D1,PWRHYDKENXX01,1,2029,14.42867806368
GLOBAL,S3D2,PWRHYDKENXX01,1,2029,14.42867806368
GLOBAL,S3D3,PWRHYDKENXX01,1,2029,14.42867806368
GLOBAL,S3D4,PWRHYDKENXX01,1,2029,14.42867806368
GLOBAL,S3D5,PWRHYDKENXX01,1,2029,14.42867806368
GLOBAL,S1D6,PWRHYDKENXX01,1,2030,12.23632561824
GLOBAL,S1D1,PWRHYDKENXX01,1,2030,12.23632561824
GLOBAL,S1D2,PWRHYDKENXX01,1,2030,12.23632561824
GLOBAL,S1D3,PWRHYDKENXX01,1,2030,12.23632561824
GLOBAL,S1D4,PWRHYDKENXX01,1,2030,12.23632561824
GLOBAL,S1D5,PWRHYDKENXX01,1,2030,12.23632561824
GLOBAL,S2D6,PWRHYDKENXX01,1,2030,10.61015853312
GLOBAL,S2D1,PWRHYDKENXX01,1,2030,2.8052833586403185
GLOBAL,S2D2,PWRHYDKENXX01,1,2030,10.61015853312
GLOBAL,S2D3,PWRHYDKENXX01,1,2030,10.61015853312
GLOBAL,S2D4,PWRHYDKENXX01,1,2030,10.61015853312
GLOBAL,S2D5,PWRHYDKENXX01,1,2030,10.61015853312
GLOBAL,S3D1,PWRHYDKENXX01,1,2030,14.42867806368
GLOBAL,S3D2,PWRHYDKENXX01,1,2030,14.42867806368
GLOBAL,S3D3,PWRHYDKENXX01,1,2030,14.42867806368
GLOBAL,S3D4,PWRHYDKENXX01,1,2030,14.42867806368
GLOBAL,S3D5,PWRHYDKENXX01,1,2030,14.42867806368
GLOBAL,S1D6,PWRHYDKENXX01,1,2031,12.23632561824
GLOBAL,S1D1,PWRHYDKENXX01,1,2031,12.23632561824
GLOBAL,S1D2,PWRHYDKENXX01,1,2031,12.23632561824
GLOBAL,S1D3,PWRHYDKENXX01,1,2031,12.23632561824
GLOBAL,S1D4,PWRHYDKENXX01,1,2031,12.23632561824
GLOBAL,S1D5,PWRHYDKENXX01,1,2031,12.23632561824
GLOBAL,S2D1,PWRHYDKENXX01,1,2031,10.61015853312
GLOBAL,S2D2,PWRHYDKENXX01,1,2031,10.61015853312
GLOBAL,S2D3,PWRHYDKENXX01,1,2031,10.61015853312
GLOBAL,S2D4,PWRHYDKENXX01,1,2031,10.61015853312
GLOBAL,S2D5,PWRHYDKENXX01,1,2031,10.61015853312
GLOBAL,S3D6,PWRHYDKENXX01,1,2031,14.42867806368
GLOBAL,S3D1,PWRHYDKENXX01,1,2031,2.8304654354683287
GLOBAL,S3D2,PWRHYDKENXX01,1,2031,14.42867806368
GLOBAL,S3D3,PWRHYDKENXX01,1,2031,14.42867806368
GLOBAL,S3D4,PWRHYDKENXX01,1,2031,14.42867806368
GLOBAL,S3D5,PWRHYDKENXX01,1,2031,14.42867806368
GLOBAL,S1D6,PWRHYDKENXX01,1,2032,12.23632561824
GLOBAL,S1D1,PWRHYDKENXX01,1,2032,12.23632561824
GLOBAL,S1D2,PWRHYDKENXX01,1,2032,12.23632561824
GLOBAL,S1D3,PWRHYDKENXX01,1,2032,12.23632561824
GLOBAL,S1D4,PWRHYDKENXX01,1,2032,12.23632561824
GLOBAL,S1D5,PWRHYDKENXX01,1,2032,12.23632561824
GLOBAL,S2D6,PWRHYDKENXX01,1,2032,10.61015853312
GLOBAL,S2D1,PWRHYDKENXX01,1,2032,10.61015853312
GLOBAL,S2D2,PWRHYDKENXX01,1,2032,10.61015853312
GLOBAL,S2D3,PWRHYDKENXX01,1,2032,2.8052833586403185
GLOBAL,S2D4,PWRHYDKENXX01,1,2032,10.61015853312
GLOBAL,S2D5,PWRHYDKENXX01,1,2032,10.61015853312
GLOBAL,S3D1,PWRHYDKENXX01,1,2032,14.42867806368
GLOBAL,S3D2,PWRHYDKENXX01,1,2032,14.42867806368
GLOBAL,S3D3,PWRHYDKENXX01,1,2032,14.42867806368
GLOBAL,S3D4,PWRHYDKENXX01,1,2032,14.42867806368
GLOBAL,S3D5,PWRHYDKENXX01,1,2032,14.42867806368
GLOBAL,S1D6,PWRHYDKENXX01,1,2033,12.23632561824
GLOBAL,S1D1,PWRHYDKENXX01,1,2033,12.23632561824
GLOBAL,S1D2,PWRHYDKENXX01,1,2033,12.23632561824
GLOBAL,S1D3,PWRHYDKENXX01,1,2033,12.23632561824
GLOBAL,S1D4,PWRHYDKENXX01,1,2033,12.23632561824
GLOBAL,S1D5,PWRHYDKENXX01,1,2033,12.23632561824
GLOBAL,S2D6,PWRHYDKENXX01,1,2033,10.61015853312
GLOBAL,S2D1,PWRHYDKENXX01,1,2033,10.61015853312
GLOBAL,S2D2,PWRHYDKENXX01,1,2033,10.61015853312
GLOBAL,S2D3,PWRHYDKENXX01,1,2033,2.8052833586403185
GLOBAL,S2D4,PWRHYDKENXX01,1,2033,10.61015853312
GLOBAL,S2D5,PWRHYDKENXX01,1,2033,10.61015853312
GLOBAL,S3D1,PWRHYDKENXX01,1,2033,14.42867806368
GLOBAL,S3D2,PWRHYDKENXX01,1,2033,14.42867806368
GLOBAL,S3D3,PWRHYDKENXX01,1,2033,14.42867806368
GLOBAL,S3D4,PWRHYDKENXX01,1,2033,14.42867806368
GLOBAL,S3D5,PWRHYDKENXX01,1,2033,14.42867806368
GLOBAL,S1D6,PWRHYDKENXX01,1,2034,12.23632561824
GLOBAL,S1D1,PWRHYDKENXX01,1,2034,12.23632561824
GLOBAL,S1D2,PWRHYDKENXX01,1,2034,12.23632561824
GLOBAL,S1D3,PWRHYDKENXX01,1,2034,4.23205582251448
GLOBAL,S1D4,PWRHYDKENXX01,1,2034,12.23632561824
GLOBAL,S1D5,PWRHYDKENXX01,1,2034,12.23632561824
GLOBAL,S2D6,PWRHYDKENXX01,1,2034,10.61015853312
GLOBAL,S2D1,PWRHYDKENXX01,1,2034,10.61015853312
GLOBAL,S2D2,PWRHYDKENXX01,1,2034,10.61015853312
GLOBAL,S2D3,PWRHYDKENXX01,1,2034,10.61015853312
GLOBAL,S2D4,PWRHYDKENXX01,1,2034,10.61015853312
GLOBAL,S2D5,PWRHYDKENXX01,1,2034,10.61015853312
GLOBAL,S3D1,PWRHYDKENXX01,1,2034,14.42867806368
GLOBAL,S3D2,PWRHYDKENXX01,1,2034,14.42867806368
GLOBAL,S3D3,PWRHYDKENXX01,1,2034,14.42867806368
GLOBAL,S3D4,PWRHYDKENXX01,1,2034,14.42867806368
GLOBAL,S3D5,PWRHYDKENXX01,1,2034,14.42867806368
GLOBAL,S1D6,PWRHYDKENXX01,1,2035,12.23632561824
GLOBAL,S1D1,PWRHYDKENXX01,1,2035,12.23632561824
GLOBAL,S1D2,PWRHYDKENXX01,1,2035,12.23632561824
GLOBAL,S1D3,PWRHYDKENXX01,1,2035,12.23632561824
GLOBAL,S1D4,PWRHYDKENXX01,1,2035,12.23632561824
GLOBAL,S1D5,PWRHYDKENXX01,1,2035,12.23632561824
GLOBAL,S2D6,PWRHYDKENXX01,1,2035,10.61015853312
GLOBAL,S2D2,PWRHYDKENXX01,1,2035,10.61015853312
GLOBAL,S2D3,PWRHYDKENXX01,1,2035,10.61015853312
GLOBAL,S2D4,PWRHYDKENXX01,1,2035,10.61015853312
GLOBAL,S2D5,PWRHYDKENXX01,1,2035,10.61015853312
GLOBAL,S3D6,PWRHYDKENXX01,1,2035,14.42867806368
GLOBAL,S3D1,PWRHYDKENXX01,1,2035,14.42867806368
GLOBAL,S3D2,PWRHYDKENXX01,1,2035,14.42867806368
GLOBAL,S3D3,PWRHYDKENXX01,1,2035,2.8304654354683287
GLOBAL,S3D4,PWRHYDKENXX01,1,2035,14.42867806368
GLOBAL,S3D5,PWRHYDKENXX01,1,2035,14.42867806368
GLOBAL,S1D6,PWRHYDKENXX01,1,2036,12.23632561824
GLOBAL,S1D1,PWRHYDKENXX01,1,2036,12.23632561824
GLOBAL,S1D2,PWRHYDKENXX01,1,2036,12.23632561824
GLOBAL,S1D3,PWRHYDKENXX01,1,2036,12.23632561824
GLOBAL,S1D4,PWRHYDKENXX01,1,2036,12.23632561824
GLOBAL,S1D5,PWRHYDKENXX01,1,2036,12.23632561824
GLOBAL,S2D6,PWRHYDKENXX01,1,2036,10.61015853312
GLOBAL,S2D1,PWRHYDKENXX01,1,2036,10.61015853312
GLOBAL,S2D2,PWRHYDKENXX01,1,2036,10.61015853312
GLOBAL,S2D3,PWRHYDKENXX01,1,2036,2.8052833586403185
GLOBAL,S2D4,PWRHYDKENXX01,1,2036,10.61015853312
GLOBAL,S2D5,PWRHYDKENXX01,1,2036,10.61015853312
GLOBAL,S3D1,PWRHYDKENXX01,1,2036,14.42867806368
GLOBAL,S3D2,PWRHYDKENXX01,1,2036,14.42867806368
GLOBAL,S3D3,PWRHYDKENXX01,1,2036,14.42867806368
GLOBAL,S3D4,PWRHYDKENXX01,1,2036,14.42867806368
GLOBAL,S3D5,PWRHYDKENXX01,1,2036,14.42867806368
GLOBAL,S1D6,PWRHYDKENXX01,1,2037,12.23632561824
GLOBAL,S1D1,PWRHYDKENXX01,1,2037,12.23632561824
GLOBAL,S1D2,PWRHYDKENXX01,1,2037,12.23632561824
GLOBAL,S1D3,PWRHYDKENXX01,1,2037,12.23632561824
GLOBAL,S1D4,PWRHYDKENXX01,1,2037,12.23632561824
GLOBAL,S1D5,PWRHYDKENXX01,1,2037,12.23632561824
GLOBAL,S2D6,PWRHYDKENXX01,1,2037,10.61015853312
GLOBAL,S2D1,PWRHYDKENXX01,1,2037,10.61015853312
GLOBAL,S2D2,PWRHYDKENXX01,1,2037,10.61015853312
GLOBAL,S2D3,PWRHYDKENXX01,1,2037,2.8052833586403185
GLOBAL,S2D4,PWRHYDKENXX01,1,2037,10.61015853312
GLOBAL,S2D5,PWRHYDKENXX01,1,2037,10.61015853312
GLOBAL,S3D1,PWRHYDKENXX01,1,2037,14.42867806368
GLOBAL,S3D2,PWRHYDKENXX01,1,2037,14.42867806368
GLOBAL,S3D3,PWRHYDKENXX01,1,2037,14.42867806368
GLOBAL,S3D4,PWRHYDKENXX01,1,2037,14.42867806368
GLOBAL,S3D5,PWRHYDKENXX01,1,2037,14.42867806368
GLOBAL,S1D6,PWRHYDKENXX01,1,2038,12.23632561824
GLOBAL,S1D1,PWRHYDKENXX01,1,2038,12.23632561824
GLOBAL,S1D2,PWRHYDKENXX01,1,2038,12.23632561824
GLOBAL,S1D3,PWRHYDKENXX01,1,2038,12.23632561824
GLOBAL,S1D4,PWRHYDKENXX01,1,2038,12.23632561824
GLOBAL,S1D5,PWRHYDKENXX01,1,2038,12.23632561824
GLOBAL,S2D6,PWRHYDKENXX01,1,2038,10.61015853312
GLOBAL,S2D1,PWRHYDKENXX01,1,2038,10.61015853312
GLOBAL,S2D3,PWRHYDKENXX01,1,2038,10.61015853312
GLOBAL,S2D4,PWRHYDKENXX01,1,2038,10.61015853312
GLOBAL,S2D5,PWRHYDKENXX01,1,2038,10.61015853312
GLOBAL,S3D6,PWRHYDKENXX01,1,2038,14.42867806368
GLOBAL,S3D1,PWRHYDKENXX01,1,2038,14.42867806368
GLOBAL,S3D2,PWRHYDKENXX01,1,2038,14.42867806368
GLOBAL,S3D3,PWRHYDKENXX01,1,2038,2.8304654354683287
GLOBAL,S3D4,PWRHYDKENXX01,1,2038,14.42867806368
GLOBAL,S3D5,PWRHYDKENXX01,1,2038,14.42867806368
GLOBAL,S1D6,PWRHYDKENXX01,1,2039,12.23632561824
GLOBAL,S1D1,PWRHYDKENXX01,1,2039,12.23632561824
GLOBAL,S1D2,PWRHYDKENXX01,1,2039,12.23632561824
GLOBAL,S1D3,PWRHYDKENXX01,1,2039,12.23632561824
GLOBAL,S1D4,PWRHYDKENXX01,1,2039,12.23632561824
GLOBAL,S1D5,PWRHYDKENXX01,1,2039,12.23632561824
GLOBAL,S2D6,PWRHYDKENXX01,1,2039,10.61015853312
GLOBAL,S2D1,PWRHYDKENXX01,1,2039,10.61015853312
GLOBAL,S2D2,PWRHYDKENXX01,1,2039,2.8052833586403185
GLOBAL,S2D3,PWRHYDKENXX01,1,2039,10.61015853312
GLOBAL,S2D4,PWRHYDKENXX01,1,2039,10.61015853312
GLOBAL,S2D5,PWRHYDKENXX01,1,2039,10.61015853312
GLOBAL,S3D6,PWRHYDKENXX01,1,2039,14.42867806368
GLOBAL,S3D2,PWRHYDKENXX01,1,2039,14.42867806368
GLOBAL,S3D3,PWRHYDKENXX01,1,2039,14.42867806368
GLOBAL,S3D4,PWRHYDKENXX01,1,2039,14.42867806368
GLOBAL,S3D5,PWRHYDKENXX01,1,2039,14.42867806368
GLOBAL,S1D6,PWRHYDKENXX01,1,2040,12.23632561824
GLOBAL,S1D1,PWRHYDKENXX01,1,2040,12.23632561824
GLOBAL,S1D2,PWRHYDKENXX01,1,2040,12.23632561824
GLOBAL,S1D3,PWRHYDKENXX01,1,2040,11.328852373166162
GLOBAL,S1D4,PWRHYDKENXX01,1,2040,12.23632561824
GLOBAL,S1D5,PWRHYDKENXX01,1,2040,12.23632561824
GLOBAL,S2D1,PWRHYDKENXX01,1,2040,10.61015853312
GLOBAL,S2D2,PWRHYDKENXX01,1,2040,10.61015853312
GLOBAL,S2D4,PWRHYDKENXX01,1,2040,10.61015853312
GLOBAL,S2D5,PWRHYDKENXX01,1,2040,10.61015853312
GLOBAL,S3D6,PWRHYDKENXX01,1,2040,14.42867806368
GLOBAL,S3D1,PWRHYDKENXX01,1,2040,14.42867806368
GLOBAL,S3D2,PWRHYDKENXX01,1,2040,14.42867806368
GLOBAL,S3D3,PWRHYDKENXX01,1,2040,14.42867806368
GLOBAL,S3D4,PWRHYDKENXX01,1,2040,14.42867806368
GLOBAL,S3D5,PWRHYDKENXX01,1,2040,14.42867806368
GLOBAL,S1D6,PWRHYDKENXX01,1,2041,12.23632561824
GLOBAL,S1D1,PWRHYDKENXX01,1,2041,12.23632561824
GLOBAL,S1D2,PWRHYDKENXX01,1,2041,12.23632561824
GLOBAL,S1D3,PWRHYDKENXX01,1,2041,11.328852373166162
GLOBAL,S1D4,PWRHYDKENXX01,1,2041,12.23632561824
GLOBAL,S1D5,PWRHYDKENXX01,1,2041,12.23632561824
GLOBAL,S2D1,PWRHYDKENXX01,1,2041,10.61015853312
GLOBAL,S2D2,PWRHYDKENXX01,1,2041,10.61015853312
GLOBAL,S2D4,PWRHYDKENXX01,1,2041,10.61015853312
GLOBAL,S2D5,PWRHYDKENXX01,1,2041,10.61015853312
GLOBAL,S3D6,PWRHYDKENXX01,1,2041,14.42867806368
GLOBAL,S3D1,PWRHYDKENXX01,1,2041,14.42867806368
GLOBAL,S3D2,PWRHYDKENXX01,1,2041,14.42867806368
GLOBAL,S3D3,PWRHYDKENXX01,1,2041,14.42867806368
GLOBAL,S3D4,PWRHYDKENXX01,1,2041,14.42867806368
GLOBAL,S3D5,PWRHYDKENXX01,1,2041,14.42867806368
GLOBAL,S1D6,PWRHYDKENXX01,1,2042,12.23632561824
GLOBAL,S1D1,PWRHYDKENXX01,1,2042,12.23632561824
GLOBAL,S1D2,PWRHYDKENXX01,1,2042,12.23632561824
GLOBAL,S1D3,PWRHYDKENXX01,1,2042,12.23632561824
GLOBAL,S1D4,PWRHYDKENXX01,1,2042,12.23632561824
GLOBAL,S1D5,PWRHYDKENXX01,1,2042,12.23632561824
GLOBAL,S2D6,PWRHYDKENXX01,1,2042,10.61015853312
GLOBAL,S2D1,PWRHYDKENXX01,1,2042,10.61015853312
GLOBAL,S2D2,PWRHYDKENXX01,1,2042,10.61015853312
GLOBAL,S2D3,PWRHYDKENXX01,1,2042,2.8052833586403185
GLOBAL,S2D4,PWRHYDKENXX01,1,2042,10.61015853312
GLOBAL,S2D5,PWRHYDKENXX01,1,2042,10.61015853312
GLOBAL,S3D6,PWRHYDKENXX01,1,2042,14.42867806368
GLOBAL,S3D2,PWRHYDKENXX01,1,2042,14.42867806368
GLOBAL,S3D3,PWRHYDKENXX01,1,2042,14.42867806368
GLOBAL,S3D4,PWRHYDKENXX01,1,2042,14.42867806368
GLOBAL,S3D5,PWRHYDKENXX01,1,2042,14.42867806368
GLOBAL,S1D6,PWRHYDKENXX01,1,2043,12.23632561824
GLOBAL,S1D1,PWRHYDKENXX01,1,2043,12.23632561824
GLOBAL,S1D2,PWRHYDKENXX01,1,2043,12.23632561824
GLOBAL,S1D3,PWRHYDKENXX01,1,2043,12.23632561824
GLOBAL,S1D4,PWRHYDKENXX01,1,2043,12.23632561824
GLOBAL,S1D5,PWRHYDKENXX01,1,2043,12.23632561824
GLOBAL,S2D6,PWRHYDKENXX01,1,2043,10.61015853312
GLOBAL,S2D1,PWRHYDKENXX01,1,2043,10.61015853312
GLOBAL,S2D2,PWRHYDKENXX01,1,2043,10.61015853312
GLOBAL,S2D3,PWRHYDKENXX01,1,2043,10.61015853312
GLOBAL,S2D4,PWRHYDKENXX01,1,2043,10.61015853312
GLOBAL,S2D5,PWRHYDKENXX01,1,2043,10.61015853312
GLOBAL,S3D6,PWRHYDKENXX01,1,2043,14.42867806368
GLOBAL,S3D1,PWRHYDKENXX01,1,2043,14.42867806368
GLOBAL,S3D2,PWRHYDKENXX01,1,2043,6.553741173091889
GLOBAL,S3D4,PWRHYDKENXX01,1,2043,14.42867806368
GLOBAL,S3D5,PWRHYDKENXX01,1,2043,14.42867806368
GLOBAL,S1D6,PWRHYDKENXX01,1,2044,12.23632561824
GLOBAL,S1D1,PWRHYDKENXX01,1,2044,12.23632561824
GLOBAL,S1D2,PWRHYDKENXX01,1,2044,12.23632561824
GLOBAL,S1D3,PWRHYDKENXX01,1,2044,12.23632561824
GLOBAL,S1D4,PWRHYDKENXX01,1,2044,12.23632561824
GLOBAL,S1D5,PWRHYDKENXX01,1,2044,12.23632561824
GLOBAL,S2D6,PWRHYDKENXX01,1,2044,10.61015853312
GLOBAL,S2D1,PWRHYDKENXX01,1,2044,10.61015853312
GLOBAL,S2D2,PWRHYDKENXX01,1,2044,10.61015853312
GLOBAL,S2D3,PWRHYDKENXX01,1,2044,2.8052833586403185
GLOBAL,S2D4,PWRHYDKENXX01,1,2044,10.61015853312
GLOBAL,S2D5,PWRHYDKENXX01,1,2044,10.61015853312
GLOBAL,S3D6,PWRHYDKENXX01,1,2044,14.42867806368
GLOBAL,S3D1,PWRHYDKENXX01,1,2044,14.42867806368
GLOBAL,S3D2,PWRHYDKENXX01,1,2044,14.42867806368
GLOBAL,S3D4,PWRHYDKENXX01,1,2044,14.42867806368
GLOBAL,S3D5,PWRHYDKENXX01,1,2044,14.42867806368
GLOBAL,S1D6,PWRHYDKENXX01,1,2045,12.23632561824
GLOBAL,S1D2,PWRHYDKENXX01,1,2045,12.23632561824
GLOBAL,S1D3,PWRHYDKENXX01,1,2045,12.23632561824
GLOBAL,S1D4,PWRHYDKENXX01,1,2045,12.23632561824
GLOBAL,S1D5,PWRHYDKENXX01,1,2045,12.23632561824
GLOBAL,S2D6,PWRHYDKENXX01,1,2045,10.61015853312
GLOBAL,S2D1,PWRHYDKENXX01,1,2045,10.61015853312
GLOBAL,S2D2,PWRHYDKENXX01,1,2045,10.61015853312
GLOBAL,S2D3,PWRHYDKENXX01,1,2045,10.61015853312
GLOBAL,S2D4,PWRHYDKENXX01,1,2045,10.61015853312
GLOBAL,S2D5,PWRHYDKENXX01,1,2045,0.4364804357324083
GLOBAL,S3D6,PWRHYDKENXX01,1,2045,14.42867806368
GLOBAL,S3D1,PWRHYDKENXX01,1,2045,14.42867806368
GLOBAL,S3D2,PWRHYDKENXX01,1,2045,14.42867806368
GLOBAL,S3D3,PWRHYDKENXX01,1,2045,14.42867806368
GLOBAL,S3D4,PWRHYDKENXX01,1,2045,14.42867806368
GLOBAL,S3D5,PWRHYDKENXX01,1,2045,14.42867806368
GLOBAL,S1D6,PWRHYDKENXX01,1,2046,12.23632561824
GLOBAL,S1D1,PWRHYDKENXX01,1,2046,12.23632561824
GLOBAL,S1D2,PWRHYDKENXX01,1,2046,11.328852373166162
GLOBAL,S1D3,PWRHYDKENXX01,1,2046,12.23632561824
GLOBAL,S1D4,PWRHYDKENXX01,1,2046,12.23632561824
GLOBAL,S1D5,PWRHYDKENXX01,1,2046,12.23632561824
GLOBAL,S2D1,PWRHYDKENXX01,1,2046,10.61015853312
GLOBAL,S2D2,PWRHYDKENXX01,1,2046,10.61015853312
GLOBAL,S2D3,PWRHYDKENXX01,1,2046,10.61015853312
GLOBAL,S2D4,PWRHYDKENXX01,1,2046,10.61015853312
GLOBAL,S3D6,PWRHYDKENXX01,1,2046,14.42867806368
GLOBAL,S3D1,PWRHYDKENXX01,1,2046,14.42867806368
GLOBAL,S3D2,PWRHYDKENXX01,1,2046,14.42867806368
GLOBAL,S3D3,PWRHYDKENXX01,1,2046,14.42867806368
GLOBAL,S3D4,PWRHYDKENXX01,1,2046,14.42867806368
GLOBAL,S3D5,PWRHYDKENXX01,1,2046,14.42867806368
GLOBAL,S1D6,PWRHYDKENXX01,1,2047,11.328852373166162
GLOBAL,S1D1,PWRHYDKENXX01,1,2047,12.23632561824
GLOBAL,S1D2,PWRHYDKENXX01,1,2047,12.23632561824
GLOBAL,S1D3,PWRHYDKENXX01,1,2047,12.23632561824
GLOBAL,S1D4,PWRHYDKENXX01,1,2047,12.23632561824
GLOBAL,S1D5,PWRHYDKENXX01,1,2047,12.23632561824
GLOBAL,S2D1,PWRHYDKENXX01,1,2047,10.61015853312
GLOBAL,S2D2,PWRHYDKENXX01,1,2047,10.61015853312
GLOBAL,S2D3,PWRHYDKENXX01,1,2047,10.61015853312
GLOBAL,S2D4,PWRHYDKENXX01,1,2047,10.61015853312
GLOBAL,S3D6,PWRHYDKENXX01,1,2047,14.42867806368
GLOBAL,S3D1,PWRHYDKENXX01,1,2047,14.42867806368
GLOBAL,S3D2,PWRHYDKENXX01,1,2047,14.42867806368
GLOBAL,S3D3,PWRHYDKENXX01,1,2047,14.42867806368
GLOBAL,S3D4,PWRHYDKENXX01,1,2047,14.42867806368
GLOBAL,S3D5,PWRHYDKENXX01,1,2047,14.42867806368
GLOBAL,S1D6,PWRHYDKENXX01,1,2048,11.328852373166162
GLOBAL,S1D1,PWRHYDKENXX01,1,2048,12.23632561824
GLOBAL,S1D2,PWRHYDKENXX01,1,2048,12.23632561824
GLOBAL,S1D3,PWRHYDKENXX01,1,2048,12.23632561824
GLOBAL,S1D4,PWRHYDKENXX01,1,2048,12.23632561824
GLOBAL,S1D5,PWRHYDKENXX01,1,2048,12.23632561824
GLOBAL,S2D1,PWRHYDKENXX01,1,2048,10.61015853312
GLOBAL,S2D2,PWRHYDKENXX01,1,2048,10.61015853312
GLOBAL,S2D3,PWRHYDKENXX01,1,2048,10.61015853312
GLOBAL,S2D4,PWRHYDKENXX01,1,2048,10.61015853312
GLOBAL,S3D6,PWRHYDKENXX01,1,2048,14.42867806368
GLOBAL,S3D1,PWRHYDKENXX01,1,2048,14.42867806368
GLOBAL,S3D2,PWRHYDKENXX01,1,2048,14.42867806368
GLOBAL,S3D3,PWRHYDKENXX01,1,2048,14.42867806368
GLOBAL,S3D4,PWRHYDKENXX01,1,2048,14.42867806368
GLOBAL,S3D5,PWRHYDKENXX01,1,2048,14.42867806368
GLOBAL,S1D6,PWRHYDKENXX01,1,2049,11.328852373166162
GLOBAL,S1D1,PWRHYDKENXX01,1,2049,12.23632561824
GLOBAL,S1D2,PWRHYDKENXX01,1,2049,12.23632561824
GLOBAL,S1D3,PWRHYDKENXX01,1,2049,12.23632561824
GLOBAL,S1D4,PWRHYDKENXX01,1,2049,12.23632561824
GLOBAL,S1D5,PWRHYDKENXX01,1,2049,12.23632561824
GLOBAL,S2D1,PWRHYDKENXX01,1,2049,10.61015853312
GLOBAL,S2D2,PWRHYDKENXX01,1,2049,10.61015853312
GLOBAL,S2D3,PWRHYDKENXX01,1,2049,10.61015853312
GLOBAL,S2D4,PWRHYDKENXX01,1,2049,10.61015853312
GLOBAL,S3D6,PWRHYDKENXX01,1,2049,14.42867806368
GLOBAL,S3D1,PWRHYDKENXX01,1,2049,14.42867806368
GLOBAL,S3D2,PWRHYDKENXX01,1,2049,14.42867806368
GLOBAL,S3D3,PWRHYDKENXX01,1,2049,14.42867806368
GLOBAL,S3D4,PWRHYDKENXX01,1,2049,14.42867806368
GLOBAL,S3D5,PWRHYDKENXX01,1,2049,14.42867806368
GLOBAL,S1D6,PWRHYDKENXX01,1,2050,11.328852373166162
GLOBAL,S1D1,PWRHYDKENXX01,1,2050,12.23632561824
GLOBAL,S1D2,PWRHYDKENXX01,1,2050,12.23632561824
GLOBAL,S1D3,PWRHYDKENXX01,1,2050,12.23632561824
GLOBAL,S1D4,PWRHYDKENXX01,1,2050,12.23632561824
GLOBAL,S1D5,PWRHYDKENXX01,1,2050,12.23632561824
GLOBAL,S2D1,PWRHYDKENXX01,1,2050,10.61015853312
GLOBAL,S2D2,PWRHYDKENXX01,1,2050,10.61015853312
GLOBAL,S2D3,PWRHYDKENXX01,1,2050,10.61015853312
GLOBAL,S2D4,PWRHYDKENXX01,1,2050,10.61015853312
GLOBAL,S3D6,PWRHYDKENXX01,1,2050,14.42867806368
GLOBAL,S3D1,PWRHYDKENXX01,1,2050,14.42867806368
GLOBAL,S3D2,PWRHYDKENXX01,1,2050,14.42867806368
GLOBAL,S3D3,PWRHYDKENXX01,1,2050,14.42867806368
GLOBAL,S3D4,PWRHYDKENXX01,1,2050,14.42867806368
GLOBAL,S3D5,PWRHYDKENXX01,1,2050,14.42867806368
GLOBAL,S1D6,PWRHYDTZAXX01,1,2021,10.107431219477949
GLOBAL,S1D1,PWRHYDTZAXX01,1,2021,10.107431219477949
GLOBAL,S1D2,PWRHYDTZAXX01,1,2021,10.107431219477949
GLOBAL,S1D3,PWRHYDTZAXX01,1,2021,10.107431219477949
GLOBAL,S1D4,PWRHYDTZAXX01,1,2021,10.107431219477949
GLOBAL,S1D5,PWRHYDTZAXX01,1,2021,10.107431219477949
GLOBAL,S2D6,PWRHYDTZAXX01,1,2021,5.325200496
GLOBAL,S2D1,PWRHYDTZAXX01,1,2021,5.325200496
GLOBAL,S2D2,PWRHYDTZAXX01,1,2021,5.325200496
GLOBAL,S2D3,PWRHYDTZAXX01,1,2021,5.325200496
GLOBAL,S2D4,PWRHYDTZAXX01,1,2021,5.325200496
GLOBAL,S2D5,PWRHYDTZAXX01,1,2021,5.325200496
GLOBAL,S3D6,PWRHYDTZAXX01,1,2021,7.0200649728
GLOBAL,S3D1,PWRHYDTZAXX01,1,2021,7.0200649728
GLOBAL,S3D2,PWRHYDTZAXX01,1,2021,7.0200649728
GLOBAL,S3D3,PWRHYDTZAXX01,1,2021,7.0200649728
GLOBAL,S3D4,PWRHYDTZAXX01,1,2021,7.0200649728
GLOBAL,S3D5,PWRHYDTZAXX01,1,2021,7.0200649728
GLOBAL,S1D6,PWRHYDTZAXX01,1,2022,10.107431219477949
GLOBAL,S1D1,PWRHYDTZAXX01,1,2022,10.107431219477949
GLOBAL,S1D2,PWRHYDTZAXX01,1,2022,10.107431219477949
GLOBAL,S1D3,PWRHYDTZAXX01,1,2022,10.107431219477949
GLOBAL,S1D4,PWRHYDTZAXX01,1,2022,10.107431219477949
GLOBAL,S1D5,PWRHYDTZAXX01,1,2022,10.107431219477949
GLOBAL,S2D6,PWRHYDTZAXX01,1,2022,5.325200496
GLOBAL,S2D1,PWRHYDTZAXX01,1,2022,5.325200496
GLOBAL,S2D2,PWRHYDTZAXX01,1,2022,5.325200496
GLOBAL,S2D3,PWRHYDTZAXX01,1,2022,5.325200496
GLOBAL,S2D4,PWRHYDTZAXX01,1,2022,5.325200496
GLOBAL,S2D5,PWRHYDTZAXX01,1,2022,5.325200496
GLOBAL,S3D6,PWRHYDTZAXX01,1,2022,7.0200649728
GLOBAL,S3D1,PWRHYDTZAXX01,1,2022,7.0200649728
GLOBAL,S3D2,PWRHYDTZAXX01,1,2022,7.0200649728
GLOBAL,S3D3,PWRHYDTZAXX01,1,2022,7.0200649728
GLOBAL,S3D4,PWRHYDTZAXX01,1,2022,7.0200649728
GLOBAL,S3D5,PWRHYDTZAXX01,1,2022,7.0200649728
GLOBAL,S1D6,PWRHYDTZAXX01,1,2023,10.107431219477949
GLOBAL,S1D1,PWRHYDTZAXX01,1,2023,10.107431219477949
GLOBAL,S1D2,PWRHYDTZAXX01,1,2023,10.107431219477949
GLOBAL,S1D3,PWRHYDTZAXX01,1,2023,10.107431219477949
GLOBAL,S1D4,PWRHYDTZAXX01,1,2023,10.107431219477949
GLOBAL,S1D5,PWRHYDTZAXX01,1,2023,10.107431219477949
GLOBAL,S2D6,PWRHYDTZAXX01,1,2023,5.325200496
GLOBAL,S2D1,PWRHYDTZAXX01,1,2023,5.325200496
GLOBAL,S2D2,PWRHYDTZAXX01,1,2023,5.325200496
GLOBAL,S2D3,PWRHYDTZAXX01,1,2023,5.325200496
GLOBAL,S2D4,PWRHYDTZAXX01,1,2023,5.325200496
GLOBAL,S2D5,PWRHYDTZAXX01,1,2023,5.325200496
GLOBAL,S3D6,PWRHYDTZAXX01,1,2023,7.0200649728
GLOBAL,S3D1,PWRHYDTZAXX01,1,2023,7.0200649728
GLOBAL,S3D2,PWRHYDTZAXX01,1,2023,7.0200649728
GLOBAL,S3D3,PWRHYDTZAXX01,1,2023,7.0200649728
GLOBAL,S3D4,PWRHYDTZAXX01,1,2023,7.0200649728
GLOBAL,S3D5,PWRHYDTZAXX01,1,2023,7.0200649728
GLOBAL,S1D6,PWRHYDTZAXX01,1,2024,10.107431219477949
GLOBAL,S1D1,PWRHYDTZAXX01,1,2024,10.107431219477949
GLOBAL,S1D2,PWRHYDTZAXX01,1,2024,10.107431219477949
GLOBAL,S1D3,PWRHYDTZAXX01,1,2024,10.107431219477949
GLOBAL,S1D4,PWRHYDTZAXX01,1,2024,10.107431219477949
GLOBAL,S1D5,PWRHYDTZAXX01,1,2024,10.107431219477949
GLOBAL,S2D6,PWRHYDTZAXX01,1,2024,5.325200496
GLOBAL,S2D1,PWRHYDTZAXX01,1,2024,5.325200496
GLOBAL,S2D2,PWRHYDTZAXX01,1,2024,5.325200496
GLOBAL,S2D3,PWRHYDTZAXX01,1,2024,5.325200496
GLOBAL,S2D4,PWRHYDTZAXX01,1,2024,5.325200496
GLOBAL,S2D5,PWRHYDTZAXX01,1,2024,5.325200496
GLOBAL,S3D6,PWRHYDTZAXX01,1,2024,7.0200649728
GLOBAL,S3D1,PWRHYDTZAXX01,1,2024,7.0200649728
GLOBAL,S3D2,PWRHYDTZAXX01,1,2024,7.0200649728
GLOBAL,S3D3,PWRHYDTZAXX01,1,2024,7.0200649728
GLOBAL,S3D4,PWRHYDTZAXX01,1,2024,7.0200649728
GLOBAL,S3D5,PWRHYDTZAXX01,1,2024,7.0200649728
GLOBAL,S1D6,PWRHYDTZAXX01,1,2025,10.107431219477949
GLOBAL,S1D1,PWRHYDTZAXX01,1,2025,10.107431219477949
GLOBAL,S1D2,PWRHYDTZAXX01,1,2025,10.107431219477949
GLOBAL,S1D3,PWRHYDTZAXX01,1,2025,10.107431219477949
GLOBAL,S1D4,PWRHYDTZAXX01,1,2025,10.107431219477949
GLOBAL,S1D5,PWRHYDTZAXX01,1,2025,10.107431219477949
GLOBAL,S2D6,PWRHYDTZAXX01,1,2025,5.325200496
GLOBAL,S2D1,PWRHYDTZAXX01,1,2025,5.325200496
GLOBAL,S2D2,PWRHYDTZAXX01,1,2025,5.325200496
GLOBAL,S2D3,PWRHYDTZAXX01,1,2025,5.325200496
GLOBAL,S2D4,PWRHYDTZAXX01,1,2025,5.325200496
GLOBAL,S2D5,PWRHYDTZAXX01,1,2025,5.325200496
GLOBAL,S3D6,PWRHYDTZAXX01,1,2025,7.0200649728
GLOBAL,S3D1,PWRHYDTZAXX01,1,2025,7.0200649728
GLOBAL,S3D2,PWRHYDTZAXX01,1,2025,7.0200649728
GLOBAL,S3D3,PWRHYDTZAXX01,1,2025,7.0200649728
GLOBAL,S3D4,PWRHYDTZAXX01,1,2025,7.0200649728
GLOBAL,S3D5,PWRHYDTZAXX01,1,2025,7.0200649728
GLOBAL,S1D6,PWRHYDTZAXX01,1,2026,10.107431219477949
GLOBAL,S1D1,PWRHYDTZAXX01,1,2026,10.107431219477949
GLOBAL,S1D2,PWRHYDTZAXX01,1,2026,10.107431219477949
GLOBAL,S1D3,PWRHYDTZAXX01,1,2026,10.107431219477949
GLOBAL,S1D4,PWRHYDTZAXX01,1,2026,10.107431219477949
GLOBAL,S1D5,PWRHYDTZAXX01,1,2026,10.107431219477949
GLOBAL,S2D6,PWRHYDTZAXX01,1,2026,5.325200496
GLOBAL,S2D1,PWRHYDTZAXX01,1,2026,5.325200496
GLOBAL,S2D2,PWRHYDTZAXX01,1,2026,5.325200496
GLOBAL,S2D3,PWRHYDTZAXX01,1,2026,5.325200496
GLOBAL,S2D4,PWRHYDTZAXX01,1,2026,5.325200496
GLOBAL,S2D5,PWRHYDTZAXX01,1,2026,5.325200496
GLOBAL,S3D6,PWRHYDTZAXX01,1,2026,7.0200649728
GLOBAL,S3D1,PWRHYDTZAXX01,1,2026,7.0200649728
GLOBAL,S3D2,PWRHYDTZAXX01,1,2026,7.0200649728
GLOBAL,S3D3,PWRHYDTZAXX01,1,2026,7.0200649728
GLOBAL,S3D4,PWRHYDTZAXX01,1,2026,7.0200649728
GLOBAL,S3D5,PWRHYDTZAXX01,1,2026,7.0200649728
GLOBAL,S1D6,PWRHYDTZAXX01,1,2027,10.107431219477949
GLOBAL,S1D1,PWRHYDTZAXX01,1,2027,10.107431219477949
GLOBAL,S1D2,PWRHYDTZAXX01,1,2027,10.107431219477949
GLOBAL,S1D3,PWRHYDTZAXX01,1,2027,10.107431219477949
GLOBAL,S1D4,PWRHYDTZAXX01,1,2027,10.107431219477949
GLOBAL,S1D5,PWRHYDTZAXX01,1,2027,10.107431219477949
GLOBAL,S2D6,PWRHYDTZAXX01,1,2027,5.325200496
GLOBAL,S2D1,PWRHYDTZAXX01,1,2027,5.325200496
GLOBAL,S2D2,PWRHYDTZAXX01,1,2027,5.325200496
GLOBAL,S2D3,PWRHYDTZAXX01,1,2027,5.325200496
GLOBAL,S2D4,PWRHYDTZAXX01,1,2027,5.325200496
GLOBAL,S2D5,PWRHYDTZAXX01,1,2027,5.325200496
GLOBAL,S3D6,PWRHYDTZAXX01,1,2027,7.0200649728
GLOBAL,S3D1,PWRHYDTZAXX01,1,2027,7.0200649728
GLOBAL,S3D2,PWRHYDTZAXX01,1,2027,7.0200649728
GLOBAL,S3D3,PWRHYDTZAXX01,1,2027,7.0200649728
GLOBAL,S3D4,PWRHYDTZAXX01,1,2027,7.0200649728
GLOBAL,S3D5,PWRHYDTZAXX01,1,2027,7.0200649728
GLOBAL,S1D6,PWRHYDTZAXX01,1,2028,10.107431219477949
GLOBAL,S1D1,PWRHYDTZAXX01,1,2028,10.107431219477949
GLOBAL,S1D2,PWRHYDTZAXX01,1,2028,10.107431219477949
GLOBAL,S1D3,PWRHYDTZAXX01,1,2028,10.107431219477949
GLOBAL,S1D4,PWRHYDTZAXX01,1,2028,10.107431219477949
GLOBAL,S1D5,PWRHYDTZAXX01,1,2028,10.107431219477949
GLOBAL,S2D6,PWRHYDTZAXX01,1,2028,5.325200496
GLOBAL,S2D1,PWRHYDTZAXX01,1,2028,5.325200496
GLOBAL,S2D2,PWRHYDTZAXX01,1,2028,5.325200496
GLOBAL,S2D3,PWRHYDTZAXX01,1,2028,5.325200496
GLOBAL,S2D4,PWRHYDTZAXX01,1,2028,5.325200496
GLOBAL,S2D5,PWRHYDTZAXX01,1,2028,5.325200496
GLOBAL,S3D6,PWRHYDTZAXX01,1,2028,7.0200649728
GLOBAL,S3D1,PWRHYDTZAXX01,1,2028,7.0200649728
GLOBAL,S3D2,PWRHYDTZAXX01,1,2028,7.0200649728
GLOBAL,S3D3,PWRHYDTZAXX01,1,2028,7.0200649728
GLOBAL,S3D4,PWRHYDTZAXX01,1,2028,7.0200649728
GLOBAL,S3D5,PWRHYDTZAXX01,1,2028,7.0200649728
GLOBAL,S1D6,PWRHYDTZAXX01,1,2029,10.107431219477949
GLOBAL,S1D1,PWRHYDTZAXX01,1,2029,10.107431219477949
GLOBAL,S1D2,PWRHYDTZAXX01,1,2029,10.107431219477949
GLOBAL,S1D3,PWRHYDTZAXX01,1,2029,10.107431219477949
GLOBAL,S1D4,PWRHYDTZAXX01,1,2029,10.107431219477949
GLOBAL,S1D5,PWRHYDTZAXX01,1,2029,10.107431219477949
GLOBAL,S2D6,PWRHYDTZAXX01,1,2029,5.325200496
GLOBAL,S2D1,PWRHYDTZAXX01,1,2029,5.325200496
GLOBAL,S2D2,PWRHYDTZAXX01,1,2029,5.325200496
GLOBAL,S2D3,PWRHYDTZAXX01,1,2029,5.325200496
GLOBAL,S2D4,PWRHYDTZAXX01,1,2029,5.325200496
GLOBAL,S2D5,PWRHYDTZAXX01,1,2029,5.325200496
GLOBAL,S3D6,PWRHYDTZAXX01,1,2029,7.0200649728
GLOBAL,S3D1,PWRHYDTZAXX01,1,2029,7.0200649728
GLOBAL,S3D2,PWRHYDTZAXX01,1,2029,7.0200649728
GLOBAL,S3D3,PWRHYDTZAXX01,1,2029,7.0200649728
GLOBAL,S3D4,PWRHYDTZAXX01,1,2029,7.0200649728
GLOBAL,S3D5,PWRHYDTZAXX01,1,2029,7.0200649728
GLOBAL,S1D6,PWRHYDTZAXX01,1,2030,10.107431219477949
GLOBAL,S1D1,PWRHYDTZAXX01,1,2030,10.107431219477949
GLOBAL,S1D2,PWRHYDTZAXX01,1,2030,10.107431219477949
GLOBAL,S1D3,PWRHYDTZAXX01,1,2030,10.107431219477949
GLOBAL,S1D4,PWRHYDTZAXX01,1,2030,10.107431219477949
GLOBAL,S1D5,PWRHYDTZAXX01,1,2030,10.107431219477949
GLOBAL,S2D6,PWRHYDTZAXX01,1,2030,5.325200496
GLOBAL,S2D1,PWRHYDTZAXX01,1,2030,5.325200496
GLOBAL,S2D2,PWRHYDTZAXX01,1,2030,5.325200496
GLOBAL,S2D3,PWRHYDTZAXX01,1,2030,5.325200496
GLOBAL,S2D4,PWRHYDTZAXX01,1,2030,5.325200496
GLOBAL,S2D5,PWRHYDTZAXX01,1,2030,5.325200496
GLOBAL,S3D6,PWRHYDTZAXX01,1,2030,7.0200649728
GLOBAL,S3D1,PWRHYDTZAXX01,1,2030,7.0200649728
GLOBAL,S3D2,PWRHYDTZAXX01,1,2030,7.0200649728
GLOBAL,S3D3,PWRHYDTZAXX01,1,2030,7.0200649728
GLOBAL,S3D4,PWRHYDTZAXX01,1,2030,7.0200649728
GLOBAL,S3D5,PWRHYDTZAXX01,1,2030,7.0200649728
GLOBAL,S1D6,PWRHYDTZAXX01,1,2031,10.107431219477949
GLOBAL,S1D1,PWRHYDTZAXX01,1,2031,10.107431219477949
GLOBAL,S1D2,PWRHYDTZAXX01,1,2031,10.107431219477949
GLOBAL,S1D3,PWRHYDTZAXX01,1,2031,10.107431219477949
GLOBAL,S1D4,PWRHYDTZAXX01,1,2031,10.107431219477949
GLOBAL,S1D5,PWRHYDTZAXX01,1,2031,10.107431219477949
GLOBAL,S2D6,PWRHYDTZAXX01,1,2031,5.325200496
GLOBAL,S2D1,PWRHYDTZAXX01,1,2031,5.325200496
GLOBAL,S2D2,PWRHYDTZAXX01,1,2031,5.325200496
GLOBAL,S2D3,PWRHYDTZAXX01,1,2031,5.325200496
GLOBAL,S2D4,PWRHYDTZAXX01,1,2031,5.325200496
GLOBAL,S2D5,PWRHYDTZAXX01,1,2031,5.325200496
GLOBAL,S3D6,PWRHYDTZAXX01,1,2031,7.0200649728
GLOBAL,S3D1,PWRHYDTZAXX01,1,2031,7.0200649728
GLOBAL,S3D2,PWRHYDTZAXX01,1,2031,7.0200649728
GLOBAL,S3D3,PWRHYDTZAXX01,1,2031,7.0200649728
GLOBAL,S3D4,PWRHYDTZAXX01,1,2031,7.0200649728
GLOBAL,S3D5,PWRHYDTZAXX01,1,2031,7.0200649728
GLOBAL,S1D6,PWRHYDTZAXX01,1,2032,10.107431219477949
GLOBAL,S1D1,PWRHYDTZAXX01,1,2032,10.107431219477949
GLOBAL,S1D2,PWRHYDTZAXX01,1,2032,10.107431219477949
GLOBAL,S1D3,PWRHYDTZAXX01,1,2032,10.107431219477949
GLOBAL,S1D4,PWRHYDTZAXX01,1,2032,10.107431219477949
GLOBAL,S1D5,PWRHYDTZAXX01,1,2032,10.107431219477949
GLOBAL,S2D6,PWRHYDTZAXX01,1,2032,5.325200496
GLOBAL,S2D1,PWRHYDTZAXX01,1,2032,5.325200496
GLOBAL,S2D2,PWRHYDTZAXX01,1,2032,5.325200496
GLOBAL,S2D3,PWRHYDTZAXX01,1,2032,5.325200496
GLOBAL,S2D4,PWRHYDTZAXX01,1,2032,5.325200496
GLOBAL,S2D5,PWRHYDTZAXX01,1,2032,5.325200496
GLOBAL,S3D6,PWRHYDTZAXX01,1,2032,7.0200649728
GLOBAL,S3D1,PWRHYDTZAXX01,1,2032,7.0200649728
GLOBAL,S3D2,PWRHYDTZAXX01,1,2032,7.0200649728
GLOBAL,S3D3,PWRHYDTZAXX01,1,2032,7.0200649728
GLOBAL,S3D4,PWRHYDTZAXX01,1,2032,7.0200649728
GLOBAL,S3D5,PWRHYDTZAXX01,1,2032,7.0200649728
GLOBAL,S1D6,PWRHYDTZAXX01,1,2033,10.107431219477949
GLOBAL,S1D1,PWRHYDTZAXX01,1,2033,10.107431219477949
GLOBAL,S1D2,PWRHYDTZAXX01,1,2033,10.107431219477949
GLOBAL,S1D3,PWRHYDTZAXX01,1,2033,10.107431219477949
GLOBAL,S1D4,PWRHYDTZAXX01,1,2033,10.107431219477949
GLOBAL,S1D5,PWRHYDTZAXX01,1,2033,10.107431219477949
GLOBAL,S2D6,PWRHYDTZAXX01,1,2033,5.325200496
GLOBAL,S2D1,PWRHYDTZAXX01,1,2033,5.325200496
GLOBAL,S2D2,PWRHYDTZAXX01,1,2033,5.325200496
GLOBAL,S2D3,PWRHYDTZAXX01,1,2033,5.325200496
GLOBAL,S2D4,PWRHYDTZAXX01,1,2033,5.325200496
GLOBAL,S2D5,PWRHYDTZAXX01,1,2033,5.325200496
GLOBAL,S3D6,PWRHYDTZAXX01,1,2033,7.0200649728
GLOBAL,S3D1,PWRHYDTZAXX01,1,2033,7.0200649728
GLOBAL,S3D2,PWRHYDTZAXX01,1,2033,7.0200649728
GLOBAL,S3D3,PWRHYDTZAXX01,1,2033,7.0200649728
GLOBAL,S3D4,PWRHYDTZAXX01,1,2033,7.0200649728
GLOBAL,S3D5,PWRHYDTZAXX01,1,2033,7.0200649728
GLOBAL,S1D6,PWRHYDTZAXX01,1,2034,10.107431219477949
GLOBAL,S1D1,PWRHYDTZAXX01,1,2034,10.107431219477949
GLOBAL,S1D2,PWRHYDTZAXX01,1,2034,10.107431219477949
GLOBAL,S1D3,PWRHYDTZAXX01,1,2034,10.107431219477949
GLOBAL,S1D4,PWRHYDTZAXX01,1,2034,10.107431219477949
GLOBAL,S1D5,PWRHYDTZAXX01,1,2034,10.107431219477949
GLOBAL,S2D6,PWRHYDTZAXX01,1,2034,5.325200496
GLOBAL,S2D1,PWRHYDTZAXX01,1,2034,5.325200496
GLOBAL,S2D2,PWRHYDTZAXX01,1,2034,5.325200496
GLOBAL,S2D3,PWRHYDTZAXX01,1,2034,5.325200496
GLOBAL,S2D4,PWRHYDTZAXX01,1,2034,5.325200496
GLOBAL,S2D5,PWRHYDTZAXX01,1,2034,5.325200496
GLOBAL,S3D6,PWRHYDTZAXX01,1,2034,7.0200649728
GLOBAL,S3D1,PWRHYDTZAXX01,1,2034,7.0200649728
GLOBAL,S3D2,PWRHYDTZAXX01,1,2034,7.0200649728
GLOBAL,S3D3,PWRHYDTZAXX01,1,2034,7.0200649728
GLOBAL,S3D4,PWRHYDTZAXX01,1,2034,7.0200649728
GLOBAL,S3D5,PWRHYDTZAXX01,1,2034,7.0200649728
GLOBAL,S1D6,PWRHYDTZAXX01,1,2035,10.175144051867292
GLOBAL,S1D1,PWRHYDTZAXX01,1,2035,10.175144051867292
GLOBAL,S1D2,PWRHYDTZAXX01,1,2035,10.175144051867292
GLOBAL,S1D3,PWRHYDTZAXX01,1,2035,10.175144051867292
GLOBAL,S1D4,PWRHYDTZAXX01,1,2035,10.175144051867292
GLOBAL,S1D5,PWRHYDTZAXX01,1,2035,10.175144051867292
GLOBAL,S2D6,PWRHYDTZAXX01,1,2035,4.929044280882276
GLOBAL,S2D1,PWRHYDTZAXX01,1,2035,5.325200496
GLOBAL,S2D2,PWRHYDTZAXX01,1,2035,5.325200496
GLOBAL,S2D3,PWRHYDTZAXX01,1,2035,5.325200496
GLOBAL,S2D4,PWRHYDTZAXX01,1,2035,5.325200496
GLOBAL,S2D5,PWRHYDTZAXX01,1,2035,5.325200496
GLOBAL,S3D6,PWRHYDTZAXX01,1,2035,7.0200649728
GLOBAL,S3D1,PWRHYDTZAXX01,1,2035,7.0200649728
GLOBAL,S3D2,PWRHYDTZAXX01,1,2035,7.0200649728
GLOBAL,S3D3,PWRHYDTZAXX01,1,2035,7.0200649728
GLOBAL,S3D4,PWRHYDTZAXX01,1,2035,7.0200649728
GLOBAL,S3D5,PWRHYDTZAXX01,1,2035,7.0200649728
GLOBAL,S1D6,PWRHYDTZAXX01,1,2036,10.26443176708412
GLOBAL,S1D1,PWRHYDTZAXX01,1,2036,10.26443176708412
GLOBAL,S1D2,PWRHYDTZAXX01,1,2036,10.26443176708412
GLOBAL,S1D3,PWRHYDTZAXX01,1,2036,10.26443176708412
GLOBAL,S1D4,PWRHYDTZAXX01,1,2036,10.26443176708412
GLOBAL,S1D5,PWRHYDTZAXX01,1,2036,10.26443176708412
GLOBAL,S2D6,PWRHYDTZAXX01,1,2036,5.325200496
GLOBAL,S2D1,PWRHYDTZAXX01,1,2036,5.325200496
GLOBAL,S2D2,PWRHYDTZAXX01,1,2036,5.325200496
GLOBAL,S2D3,PWRHYDTZAXX01,1,2036,5.325200496
GLOBAL,S2D4,PWRHYDTZAXX01,1,2036,5.325200496
GLOBAL,S2D5,PWRHYDTZAXX01,1,2036,5.325200496
GLOBAL,S3D6,PWRHYDTZAXX01,1,2036,7.0200649728
GLOBAL,S3D1,PWRHYDTZAXX01,1,2036,6.093282566105022
GLOBAL,S3D2,PWRHYDTZAXX01,1,2036,7.0200649728
GLOBAL,S3D3,PWRHYDTZAXX01,1,2036,7.0200649728
GLOBAL,S3D4,PWRHYDTZAXX01,1,2036,7.0200649728
GLOBAL,S3D5,PWRHYDTZAXX01,1,2036,7.0200649728
GLOBAL,S1D6,PWRHYDTZAXX01,1,2037,10.3393281486955
GLOBAL,S1D1,PWRHYDTZAXX01,1,2037,10.3393281486955
GLOBAL,S1D2,PWRHYDTZAXX01,1,2037,10.3393281486955
GLOBAL,S1D3,PWRHYDTZAXX01,1,2037,10.3393281486955
GLOBAL,S1D4,PWRHYDTZAXX01,1,2037,10.3393281486955
GLOBAL,S1D5,PWRHYDTZAXX01,1,2037,10.3393281486955
GLOBAL,S2D6,PWRHYDTZAXX01,1,2037,5.325200496
GLOBAL,S2D1,PWRHYDTZAXX01,1,2037,5.325200496
GLOBAL,S2D2,PWRHYDTZAXX01,1,2037,5.325200496
GLOBAL,S2D3,PWRHYDTZAXX01,1,2037,5.325200496
GLOBAL,S2D4,PWRHYDTZAXX01,1,2037,5.325200496
GLOBAL,S2D5,PWRHYDTZAXX01,1,2037,5.325200496
GLOBAL,S3D6,PWRHYDTZAXX01,1,2037,7.0200649728
GLOBAL,S3D1,PWRHYDTZAXX01,1,2037,5.651165326000516
GLOBAL,S3D2,PWRHYDTZAXX01,1,2037,7.0200649728
GLOBAL,S3D3,PWRHYDTZAXX01,1,2037,7.0200649728
GLOBAL,S3D4,PWRHYDTZAXX01,1,2037,7.0200649728
GLOBAL,S3D5,PWRHYDTZAXX01,1,2037,7.0200649728
GLOBAL,S1D6,PWRHYDTZAXX01,1,2038,10.414308026830527
GLOBAL,S1D1,PWRHYDTZAXX01,1,2038,10.414308026830527
GLOBAL,S1D2,PWRHYDTZAXX01,1,2038,10.414308026830527
GLOBAL,S1D3,PWRHYDTZAXX01,1,2038,10.414308026830527
GLOBAL,S1D4,PWRHYDTZAXX01,1,2038,10.414308026830527
GLOBAL,S1D5,PWRHYDTZAXX01,1,2038,10.414308026830527
GLOBAL,S2D6,PWRHYDTZAXX01,1,2038,3.529807359745033
GLOBAL,S2D1,PWRHYDTZAXX01,1,2038,5.325200496
GLOBAL,S2D2,PWRHYDTZAXX01,1,2038,5.325200496
GLOBAL,S2D3,PWRHYDTZAXX01,1,2038,5.325200496
GLOBAL,S2D4,PWRHYDTZAXX01,1,2038,5.325200496
GLOBAL,S2D5,PWRHYDTZAXX01,1,2038,5.325200496
GLOBAL,S3D6,PWRHYDTZAXX01,1,2038,7.0200649728
GLOBAL,S3D1,PWRHYDTZAXX01,1,2038,7.0200649728
GLOBAL,S3D2,PWRHYDTZAXX01,1,2038,7.0200649728
GLOBAL,S3D3,PWRHYDTZAXX01,1,2038,7.0200649728
GLOBAL,S3D4,PWRHYDTZAXX01,1,2038,7.0200649728
GLOBAL,S3D5,PWRHYDTZAXX01,1,2038,7.0200649728
GLOBAL,S1D6,PWRHYDTZAXX01,1,2039,10.489287904965447
GLOBAL,S1D1,PWRHYDTZAXX01,1,2039,10.489287904965447
GLOBAL,S1D2,PWRHYDTZAXX01,1,2039,10.489287904965447
GLOBAL,S1D3,PWRHYDTZAXX01,1,2039,10.489287904965447
GLOBAL,S1D4,PWRHYDTZAXX01,1,2039,10.489287904965447
GLOBAL,S1D5,PWRHYDTZAXX01,1,2039,10.489287904965447
GLOBAL,S2D6,PWRHYDTZAXX01,1,2039,5.325200496
GLOBAL,S2D1,PWRHYDTZAXX01,1,2039,5.325200496
GLOBAL,S2D2,PWRHYDTZAXX01,1,2039,5.325200496
GLOBAL,S2D3,PWRHYDTZAXX01,1,2039,5.325200496
GLOBAL,S2D4,PWRHYDTZAXX01,1,2039,5.325200496
GLOBAL,S2D5,PWRHYDTZAXX01,1,2039,5.325200496
GLOBAL,S3D6,PWRHYDTZAXX01,1,2039,7.0200649728
GLOBAL,S3D1,PWRHYDTZAXX01,1,2039,4.765945077139511
GLOBAL,S3D2,PWRHYDTZAXX01,1,2039,7.0200649728
GLOBAL,S3D3,PWRHYDTZAXX01,1,2039,7.0200649728
GLOBAL,S3D4,PWRHYDTZAXX01,1,2039,7.0200649728
GLOBAL,S3D5,PWRHYDTZAXX01,1,2039,7.0200649728
GLOBAL,S1D6,PWRHYDTZAXX01,1,2040,10.564267783100366
GLOBAL,S1D1,PWRHYDTZAXX01,1,2040,10.564267783100366
GLOBAL,S1D2,PWRHYDTZAXX01,1,2040,10.564267783100366
GLOBAL,S1D3,PWRHYDTZAXX01,1,2040,10.564267783100366
GLOBAL,S1D4,PWRHYDTZAXX01,1,2040,10.564267783100366
GLOBAL,S1D5,PWRHYDTZAXX01,1,2040,10.564267783100366
GLOBAL,S2D6,PWRHYDTZAXX01,1,2040,5.325200496
GLOBAL,S2D1,PWRHYDTZAXX01,1,2040,5.325200496
GLOBAL,S2D2,PWRHYDTZAXX01,1,2040,5.325200496
GLOBAL,S2D3,PWRHYDTZAXX01,1,2040,5.325200496
GLOBAL,S2D4,PWRHYDTZAXX01,1,2040,5.325200496
GLOBAL,S2D5,PWRHYDTZAXX01,1,2040,5.325200496
GLOBAL,S3D6,PWRHYDTZAXX01,1,2040,4.323334952709352
GLOBAL,S3D1,PWRHYDTZAXX01,1,2040,7.0200649728
GLOBAL,S3D2,PWRHYDTZAXX01,1,2040,7.0200649728
GLOBAL,S3D3,PWRHYDTZAXX01,1,2040,7.0200649728
GLOBAL,S3D4,PWRHYDTZAXX01,1,2040,7.0200649728
GLOBAL,S3D5,PWRHYDTZAXX01,1,2040,7.0200649728
GLOBAL,S1D6,PWRHYDTZAXX01,1,2041,10.65285759457148
GLOBAL,S1D1,PWRHYDTZAXX01,1,2041,10.65285759457148
GLOBAL,S1D2,PWRHYDTZAXX01,1,2041,10.65285759457148
GLOBAL,S1D3,PWRHYDTZAXX01,1,2041,10.65285759457148
GLOBAL,S1D4,PWRHYDTZAXX01,1,2041,10.65285759457148
GLOBAL,S1D5,PWRHYDTZAXX01,1,2041,10.65285759457148
GLOBAL,S2D6,PWRHYDTZAXX01,1,2041,5.325200496
GLOBAL,S2D1,PWRHYDTZAXX01,1,2041,5.325200496
GLOBAL,S2D2,PWRHYDTZAXX01,1,2041,5.325200496
GLOBAL,S2D3,PWRHYDTZAXX01,1,2041,5.325200496
GLOBAL,S2D4,PWRHYDTZAXX01,1,2041,5.325200496
GLOBAL,S2D5,PWRHYDTZAXX01,1,2041,5.325200496
GLOBAL,S3D6,PWRHYDTZAXX01,1,2041,7.0200649728
GLOBAL,S3D1,PWRHYDTZAXX01,1,2041,3.800384683199417
GLOBAL,S3D2,PWRHYDTZAXX01,1,2041,7.0200649728
GLOBAL,S3D3,PWRHYDTZAXX01,1,2041,7.0200649728
GLOBAL,S3D4,PWRHYDTZAXX01,1,2041,7.0200649728
GLOBAL,S3D5,PWRHYDTZAXX01,1,2041,7.0200649728
GLOBAL,S1D6,PWRHYDTZAXX01,1,2042,10.741447406042743
GLOBAL,S1D1,PWRHYDTZAXX01,1,2042,10.741447406042743
GLOBAL,S1D2,PWRHYDTZAXX01,1,2042,10.741447406042743
GLOBAL,S1D3,PWRHYDTZAXX01,1,2042,10.741447406042743
GLOBAL,S1D4,PWRHYDTZAXX01,1,2042,10.741447406042743
GLOBAL,S1D5,PWRHYDTZAXX01,1,2042,10.741447406042743
GLOBAL,S2D6,PWRHYDTZAXX01,1,2042,5.325200496
GLOBAL,S2D1,PWRHYDTZAXX01,1,2042,5.325200496
GLOBAL,S2D2,PWRHYDTZAXX01,1,2042,5.325200496
GLOBAL,S2D3,PWRHYDTZAXX01,1,2042,5.325200496
GLOBAL,S2D4,PWRHYDTZAXX01,1,2042,5.325200496
GLOBAL,S2D5,PWRHYDTZAXX01,1,2042,5.325200496
GLOBAL,S3D6,PWRHYDTZAXX01,1,2042,7.0200649728
GLOBAL,S3D1,PWRHYDTZAXX01,1,2042,3.277434413688622
GLOBAL,S3D2,PWRHYDTZAXX01,1,2042,7.0200649728
GLOBAL,S3D3,PWRHYDTZAXX01,1,2042,7.0200649728
GLOBAL,S3D4,PWRHYDTZAXX01,1,2042,7.0200649728
GLOBAL,S3D5,PWRHYDTZAXX01,1,2042,7.0200649728
GLOBAL,S1D6,PWRHYDTZAXX01,1,2043,10.830037217513766
GLOBAL,S1D1,PWRHYDTZAXX01,1,2043,10.830037217513766
GLOBAL,S1D2,PWRHYDTZAXX01,1,2043,10.830037217513766
GLOBAL,S1D3,PWRHYDTZAXX01,1,2043,10.830037217513766
GLOBAL,S1D4,PWRHYDTZAXX01,1,2043,10.830037217513766
GLOBAL,S1D5,PWRHYDTZAXX01,1,2043,10.830037217513766
GLOBAL,S2D6,PWRHYDTZAXX01,1,2043,5.325200496
GLOBAL,S2D1,PWRHYDTZAXX01,1,2043,5.325200496
GLOBAL,S2D2,PWRHYDTZAXX01,1,2043,5.325200496
GLOBAL,S2D3,PWRHYDTZAXX01,1,2043,5.325200496
GLOBAL,S2D4,PWRHYDTZAXX01,1,2043,5.325200496
GLOBAL,S2D5,PWRHYDTZAXX01,1,2043,5.325200496
GLOBAL,S3D6,PWRHYDTZAXX01,1,2043,2.7544841441792616
GLOBAL,S3D1,PWRHYDTZAXX01,1,2043,7.0200649728
GLOBAL,S3D2,PWRHYDTZAXX01,1,2043,7.0200649728
GLOBAL,S3D3,PWRHYDTZAXX01,1,2043,7.0200649728
GLOBAL,S3D4,PWRHYDTZAXX01,1,2043,7.0200649728
GLOBAL,S3D5,PWRHYDTZAXX01,1,2043,7.0200649728
GLOBAL,S1D6,PWRHYDTZAXX01,1,2044,10.918710525508615
GLOBAL,S1D1,PWRHYDTZAXX01,1,2044,10.918710525508615
GLOBAL,S1D2,PWRHYDTZAXX01,1,2044,10.918710525508615
GLOBAL,S1D3,PWRHYDTZAXX01,1,2044,10.918710525508615
GLOBAL,S1D4,PWRHYDTZAXX01,1,2044,10.918710525508615
GLOBAL,S1D5,PWRHYDTZAXX01,1,2044,10.918710525508615
GLOBAL,S2D6,PWRHYDTZAXX01,1,2044,5.325200496
GLOBAL,S2D1,PWRHYDTZAXX01,1,2044,5.325200496
GLOBAL,S2D2,PWRHYDTZAXX01,1,2044,5.325200496
GLOBAL,S2D3,PWRHYDTZAXX01,1,2044,5.325200496
GLOBAL,S2D4,PWRHYDTZAXX01,1,2044,5.325200496
GLOBAL,S2D5,PWRHYDTZAXX01,1,2044,5.325200496
GLOBAL,S3D6,PWRHYDTZAXX01,1,2044,7.0200649728
GLOBAL,S3D1,PWRHYDTZAXX01,1,2044,2.231040990342557
GLOBAL,S3D2,PWRHYDTZAXX01,1,2044,7.0200649728
GLOBAL,S3D3,PWRHYDTZAXX01,1,2044,7.0200649728
GLOBAL,S3D4,PWRHYDTZAXX01,1,2044,7.0200649728
GLOBAL,S3D5,PWRHYDTZAXX01,1,2044,7.0200649728
GLOBAL,S1D6,PWRHYDTZAXX01,1,2045,11.007300336979814
GLOBAL,S1D1,PWRHYDTZAXX01,1,2045,11.007300336979814
GLOBAL,S1D2,PWRHYDTZAXX01,1,2045,11.007300336979814
GLOBAL,S1D3,PWRHYDTZAXX01,1,2045,11.007300336979814
GLOBAL,S1D4,PWRHYDTZAXX01,1,2045,11.007300336979814
GLOBAL,S1D5,PWRHYDTZAXX01,1,2045,11.007300336979814
GLOBAL,S2D6,PWRHYDTZAXX01,1,2045,5.325200496
GLOBAL,S2D1,PWRHYDTZAXX01,1,2045,5.325200496
GLOBAL,S2D2,PWRHYDTZAXX01,1,2045,5.325200496
GLOBAL,S2D3,PWRHYDTZAXX01,1,2045,5.325200496
GLOBAL,S2D4,PWRHYDTZAXX01,1,2045,5.325200496
GLOBAL,S2D5,PWRHYDTZAXX01,1,2045,5.325200496
GLOBAL,S3D6,PWRHYDTZAXX01,1,2045,7.0200649728
GLOBAL,S3D1,PWRHYDTZAXX01,1,2045,1.708090720832145
GLOBAL,S3D2,PWRHYDTZAXX01,1,2045,7.0200649728
GLOBAL,S3D3,PWRHYDTZAXX01,1,2045,7.0200649728
GLOBAL,S3D4,PWRHYDTZAXX01,1,2045,7.0200649728
GLOBAL,S3D5,PWRHYDTZAXX01,1,2045,7.0200649728
GLOBAL,S1D6,PWRHYDTZAXX01,1,2046,11.117265258476046
GLOBAL,S1D1,PWRHYDTZAXX01,1,2046,11.117265258476046
GLOBAL,S1D2,PWRHYDTZAXX01,1,2046,11.117265258476046
GLOBAL,S1D3,PWRHYDTZAXX01,1,2046,11.117265258476046
GLOBAL,S1D4,PWRHYDTZAXX01,1,2046,11.117265258476046
GLOBAL,S1D5,PWRHYDTZAXX01,1,2046,11.117265258476046
GLOBAL,S2D6,PWRHYDTZAXX01,1,2046,5.325200496
GLOBAL,S2D1,PWRHYDTZAXX01,1,2046,5.325200496
GLOBAL,S2D2,PWRHYDTZAXX01,1,2046,5.325200496
GLOBAL,S2D3,PWRHYDTZAXX01,1,2046,5.325200496
GLOBAL,S2D4,PWRHYDTZAXX01,1,2046,5.325200496
GLOBAL,S2D5,PWRHYDTZAXX01,1,2046,5.325200496
GLOBAL,S3D6,PWRHYDTZAXX01,1,2046,7.0200649728
GLOBAL,S3D1,PWRHYDTZAXX01,1,2046,1.0589620639566557
GLOBAL,S3D2,PWRHYDTZAXX01,1,2046,7.0200649728
GLOBAL,S3D3,PWRHYDTZAXX01,1,2046,7.0200649728
GLOBAL,S3D4,PWRHYDTZAXX01,1,2046,7.0200649728
GLOBAL,S3D5,PWRHYDTZAXX01,1,2046,7.0200649728
GLOBAL,S1D6,PWRHYDTZAXX01,1,2047,11.285761382891495
GLOBAL,S1D1,PWRHYDTZAXX01,1,2047,9.677026166556177
GLOBAL,S1D2,PWRHYDTZAXX01,1,2047,11.285761382891495
GLOBAL,S1D3,PWRHYDTZAXX01,1,2047,11.285761382891495
GLOBAL,S1D4,PWRHYDTZAXX01,1,2047,11.285761382891495
GLOBAL,S1D5,PWRHYDTZAXX01,1,2047,11.285761382891495
GLOBAL,S2D1,PWRHYDTZAXX01,1,2047,5.325200496
GLOBAL,S2D2,PWRHYDTZAXX01,1,2047,5.325200496
GLOBAL,S2D3,PWRHYDTZAXX01,1,2047,5.325200496
GLOBAL,S2D4,PWRHYDTZAXX01,1,2047,5.325200496
GLOBAL,S2D5,PWRHYDTZAXX01,1,2047,5.325200496
GLOBAL,S3D6,PWRHYDTZAXX01,1,2047,7.0200649728
GLOBAL,S3D1,PWRHYDTZAXX01,1,2047,7.0200649728
GLOBAL,S3D2,PWRHYDTZAXX01,1,2047,7.0200649728
GLOBAL,S3D3,PWRHYDTZAXX01,1,2047,7.0200649728
GLOBAL,S3D4,PWRHYDTZAXX01,1,2047,7.0200649728
GLOBAL,S3D5,PWRHYDTZAXX01,1,2047,7.0200649728
GLOBAL,S1D6,PWRHYDTZAXX01,1,2048,11.503197987807226
GLOBAL,S1D1,PWRHYDTZAXX01,1,2048,11.503197987807226
GLOBAL,S1D2,PWRHYDTZAXX01,1,2048,11.503197987807226
GLOBAL,S1D3,PWRHYDTZAXX01,1,2048,8.589843141977548
GLOBAL,S1D4,PWRHYDTZAXX01,1,2048,11.503197987807226
GLOBAL,S1D5,PWRHYDTZAXX01,1,2048,11.503197987807226
GLOBAL,S2D1,PWRHYDTZAXX01,1,2048,5.325200496
GLOBAL,S2D2,PWRHYDTZAXX01,1,2048,5.325200496
GLOBAL,S2D3,PWRHYDTZAXX01,1,2048,5.325200496
GLOBAL,S2D4,PWRHYDTZAXX01,1,2048,5.325200496
GLOBAL,S2D5,PWRHYDTZAXX01,1,2048,5.325200496
GLOBAL,S3D6,PWRHYDTZAXX01,1,2048,7.0200649728
GLOBAL,S3D1,PWRHYDTZAXX01,1,2048,7.0200649728
GLOBAL,S3D2,PWRHYDTZAXX01,1,2048,7.0200649728
GLOBAL,S3D3,PWRHYDTZAXX01,1,2048,7.0200649728
GLOBAL,S3D4,PWRHYDTZAXX01,1,2048,7.0200649728
GLOBAL,S3D5,PWRHYDTZAXX01,1,2048,7.0200649728
GLOBAL,S1D6,PWRHYDTZAXX01,1,2049,11.720469492795026
GLOBAL,S1D1,PWRHYDTZAXX01,1,2049,9.177597863566977
GLOBAL,S1D2,PWRHYDTZAXX01,1,2049,11.720469492795026
GLOBAL,S1D3,PWRHYDTZAXX01,1,2049,11.720469492795026
GLOBAL,S1D4,PWRHYDTZAXX01,1,2049,11.720469492795026
GLOBAL,S1D5,PWRHYDTZAXX01,1,2049,11.720469492795026
GLOBAL,S2D6,PWRHYDTZAXX01,1,2049,5.325200496
GLOBAL,S2D1,PWRHYDTZAXX01,1,2049,5.325200496
GLOBAL,S2D2,PWRHYDTZAXX01,1,2049,5.325200496
GLOBAL,S2D3,PWRHYDTZAXX01,1,2049,5.325200496
GLOBAL,S2D4,PWRHYDTZAXX01,1,2049,5.325200496
GLOBAL,S2D5,PWRHYDTZAXX01,1,2049,5.325200496
GLOBAL,S3D6,PWRHYDTZAXX01,1,2049,7.0200649728
GLOBAL,S3D2,PWRHYDTZAXX01,1,2049,7.0200649728
GLOBAL,S3D3,PWRHYDTZAXX01,1,2049,7.0200649728
GLOBAL,S3D4,PWRHYDTZAXX01,1,2049,7.0200649728
GLOBAL,S3D5,PWRHYDTZAXX01,1,2049,7.0200649728
GLOBAL,S1D6,PWRHYDTZAXX01,1,2050,0.955056828313233
GLOBAL,S1D1,PWRHYDTZAXX01,1,2050,11.937906097710892
GLOBAL,S1D2,PWRHYDTZAXX01,1,2050,11.937906097710892
GLOBAL,S1D3,PWRHYDTZAXX01,1,2050,11.937906097710892
GLOBAL,S1D4,PWRHYDTZAXX01,1,2050,11.937906097710892
GLOBAL,S1D5,PWRHYDTZAXX01,1,2050,11.937906097710892
GLOBAL,S2D6,PWRHYDTZAXX01,1,2050,5.325200496
GLOBAL,S2D1,PWRHYDTZAXX01,1,2050,5.325200496
GLOBAL,S2D2,PWRHYDTZAXX01,1,2050,5.325200496
GLOBAL,S2D3,PWRHYDTZAXX01,1,2050,5.325200496
GLOBAL,S2D4,PWRHYDTZAXX01,1,2050,5.325200496
GLOBAL,S2D5,PWRHYDTZAXX01,1,2050,5.325200496
GLOBAL,S3D6,PWRHYDTZAXX01,1,2050,7.0200649728
GLOBAL,S3D1,PWRHYDTZAXX01,1,2050,7.0200649728
GLOBAL,S3D2,PWRHYDTZAXX01,1,2050,7.0200649728
GLOBAL,S3D3,PWRHYDTZAXX01,1,2050,7.0200649728
GLOBAL,S3D4,PWRHYDTZAXX01,1,2050,7.0200649728
GLOBAL,S3D5,PWRHYDTZAXX01,1,2050,7.0200649728
GLOBAL,S3D4,PWROCGTZAXX00,2,2024,1.173742855534193
GLOBAL,S3D4,PWROCGTZAXX00,2,2025,1.986768
GLOBAL,S3D4,PWROCGTZAXX00,2,2026,1.986768
GLOBAL,S3D4,PWROCGTZAXX00,2,2027,1.986768
GLOBAL,S3D4,PWROCGTZAXX00,2,2028,1.986768
GLOBAL,S3D4,PWROCGTZAXX00,2,2029,1.986768
GLOBAL,S3D4,PWROCGTZAXX00,2,2030,1.986768
GLOBAL,S3D4,PWROCGTZAXX00,2,2031,1.986768
GLOBAL,S3D4,PWROCGTZAXX00,2,2032,1.986768
GLOBAL,S3D4,PWROCGTZAXX00,2,2033,1.986768
GLOBAL,S3D4,PWROCGTZAXX00,2,2034,1.986768
GLOBAL,S3D4,PWROCGTZAXX00,2,2035,1.986768
GLOBAL,S3D4,PWROCGTZAXX00,2,2036,1.986768
GLOBAL,S3D4,PWROCGTZAXX00,2,2037,1.986768
GLOBAL,S3D4,PWROCGTZAXX00,2,2038,1.986768
GLOBAL,S3D4,PWROCGTZAXX00,2,2039,1.986768
GLOBAL,S3D4,PWROCGTZAXX00,2,2040,1.986768
GLOBAL,S3D4,PWROCGTZAXX00,2,2041,1.986768
GLOBAL,S3D4,PWROCGTZAXX00,2,2042,1.986768
GLOBAL,S3D4,PWROCGTZAXX01,2,2025,1.9866538658119623
GLOBAL,S3D4,PWROCGTZAXX01,2,2026,2.832863079635355
GLOBAL,S3D4,PWROCGTZAXX01,2,2027,3.678960484517884
GLOBAL,S3D4,PWROCGTZAXX01,2,2028,4.525169698341291
GLOBAL,S3D4,PWROCGTZAXX01,2,2029,5.373201279830814
GLOBAL,S3D4,PWROCGTZAXX01,2,2030,6.219410493654234
GLOBAL,S3D4,PWROCGTZAXX01,2,2031,7.196786400424763
GLOBAL,S3D4,PWROCGTZAXX01,2,2032,8.176096483802262
GLOBAL,S3D4,PWROCGTZAXX01,2,2033,9.155406567179776
GLOBAL,S3D4,PWROCGTZAXX01,2,2034,10.134604841616383
GLOBAL,S3D4,PWROCGTZAXX01,2,2035,11.112092557327813
GLOBAL,S3D4,PWROCGTZAXX01,2,2036,12.247601820602888
GLOBAL,S3D4,PWROCGTZAXX01,2,2037,13.381176907270785
GLOBAL,S3D4,PWROCGTZAXX01,2,2038,14.516686170545652
GLOBAL,S3D4,PWROCGTZAXX01,2,2039,15.65037306615442
GLOBAL,S3D4,PWROCGTZAXX01,2,2040,16.78588232942942
GLOBAL,S3D4,PWROCGTZAXX01,2,2041,18.189280820328054
GLOBAL,S3D4,PWROCGTZAXX01,2,2042,19.590856943560745
GLOBAL,S3D4,PWROCGTZAXX01,2,2043,22.98102343445929
GLOBAL,S3D4,PWROCGTZAXX01,2,2044,24.38453373429908
GLOBAL,S3D4,PWROCGTZAXX01,2,2045,25.81604179149384
GLOBAL,S3D4,PWROCGTZAXX01,2,2046,27.574267183495927
GLOBAL,S2D4,PWROCGTZAXX01,2,2047,0.03861947078125316
GLOBAL,S3D4,PWROCGTZAXX01,2,2047,29.372934413945455
GLOBAL,S3D4,PWROCGTZAXX01,2,2048,31.721829955552817
GLOBAL,S3D4,PWROCGTZAXX01,2,2049,33.47994353861598
GLOBAL,S3D4,PWROCGTZAXX01,2,2050,35.238168930616354
GLOBAL,S3D4,PWROILKENXX01,2,2021,3.616979287280964
GLOBAL,S3D4,PWROILKENXX01,2,2022,3.9883578662678576
GLOBAL,S3D4,PWROILKENXX01,2,2023,2.604249370756192
GLOBAL,S1D1,PWRSPVKENXX01,1,2021,0.226176192
GLOBAL,S1D2,PWRSPVKENXX01,1,2021,1.0644241767160167
GLOBAL,S1D3,PWRSPVKENXX01,1,2021,1.0644241767160167
GLOBAL,S1D4,PWRSPVKENXX01,1,2021,0.6244128
GLOBAL,S2D1,PWRSPVKENXX01,1,2021,0.18385488
GLOBAL,S2D2,PWRSPVKENXX01,1,2021,1.0644241767160167
GLOBAL,S2D3,PWRSPVKENXX01,1,2021,1.0644241767160167
GLOBAL,S2D4,PWRSPVKENXX01,1,2021,0.539076384
GLOBAL,S3D1,PWRSPVKENXX01,1,2021,0.21507552
GLOBAL,S3D2,PWRSPVKENXX01,1,2021,1.0644241767160167
GLOBAL,S3D3,PWRSPVKENXX01,1,2021,1.0644241767160167
GLOBAL,S3D4,PWRSPVKENXX01,1,2021,0.556421184
GLOBAL,S1D1,PWRSPVKENXX01,1,2022,0.328983552
GLOBAL,S1D2,PWRSPVKENXX01,1,2022,1.5482533479505702
GLOBAL,S1D3,PWRSPVKENXX01,1,2022,1.5482533479505702
GLOBAL,S1D4,PWRSPVKENXX01,1,2022,0.9082368
GLOBAL,S2D1,PWRSPVKENXX01,1,2022,0.26742528
GLOBAL,S2D2,PWRSPVKENXX01,1,2022,1.5482533479505702
GLOBAL,S2D3,PWRSPVKENXX01,1,2022,1.5482533479505702
GLOBAL,S2D4,PWRSPVKENXX01,1,2022,0.784111104
GLOBAL,S3D1,PWRSPVKENXX01,1,2022,0.31283712
GLOBAL,S3D2,PWRSPVKENXX01,1,2022,1.5482533479505702
GLOBAL,S3D3,PWRSPVKENXX01,1,2022,1.54825334795057
GLOBAL,S3D4,PWRSPVKENXX01,1,2022,0.809339904
GLOBAL,S1D1,PWRSPVKENXX01,1,2023,0.380387232
GLOBAL,S1D2,PWRSPVKENXX01,1,2023,1.3275375224719028
GLOBAL,S1D3,PWRSPVKENXX01,1,2023,1.3275375224719028
GLOBAL,S1D4,PWRSPVKENXX01,1,2023,1.0501488
GLOBAL,S2D1,PWRSPVKENXX01,1,2023,0.30921048
GLOBAL,S2D2,PWRSPVKENXX01,1,2023,1.3275375224719028
GLOBAL,S2D3,PWRSPVKENXX01,1,2023,1.3275375224719028
GLOBAL,S2D4,PWRSPVKENXX01,1,2023,0.906628464
GLOBAL,S3D1,PWRSPVKENXX01,1,2023,0.36171792
GLOBAL,S3D2,PWRSPVKENXX01,1,2023,1.3275375224719028
GLOBAL,S3D3,PWRSPVKENXX01,1,2023,1.3275375224719028
GLOBAL,S3D4,PWRSPVKENXX01,1,2023,0.935799264
GLOBAL,S1D1,PWRSPVKENXX01,1,2024,0.380387232
GLOBAL,S1D2,PWRSPVKENXX01,1,2024,1.7901679335678462
GLOBAL,S1D3,PWRSPVKENXX01,1,2024,1.7901679335678462
GLOBAL,S1D4,PWRSPVKENXX01,1,2024,1.0501488
GLOBAL,S2D1,PWRSPVKENXX01,1,2024,0.30921048
GLOBAL,S2D2,PWRSPVKENXX01,1,2024,1.7901679335678462
GLOBAL,S2D3,PWRSPVKENXX01,1,2024,1.7901679335678462
GLOBAL,S2D4,PWRSPVKENXX01,1,2024,0.906628464
GLOBAL,S3D1,PWRSPVKENXX01,1,2024,0.36171792
GLOBAL,S3D2,PWRSPVKENXX01,1,2024,1.7901679335678462
GLOBAL,S3D3,PWRSPVKENXX01,1,2024,1.790167933567846
GLOBAL,S3D4,PWRSPVKENXX01,1,2024,0.935799264
GLOBAL,S1D1,PWRSPVKENXX01,1,2025,0.380387232
GLOBAL,S1D2,PWRSPVKENXX01,1,2025,1.7901679335678462
GLOBAL,S1D3,PWRSPVKENXX01,1,2025,1.7901679335678462
GLOBAL,S1D4,PWRSPVKENXX01,1,2025,1.0501488
GLOBAL,S2D1,PWRSPVKENXX01,1,2025,0.30921048
GLOBAL,S2D2,PWRSPVKENXX01,1,2025,1.7901679335678462
GLOBAL,S2D3,PWRSPVKENXX01,1,2025,1.7901679335678462
GLOBAL,S2D4,PWRSPVKENXX01,1,2025,0.906628464
GLOBAL,S3D1,PWRSPVKENXX01,1,2025,0.36171792
GLOBAL,S3D2,PWRSPVKENXX01,1,2025,1.7901679335678462
GLOBAL,S3D3,PWRSPVKENXX01,1,2025,1.790167933567846
GLOBAL,S3D4,PWRSPVKENXX01,1,2025,0.935799264
GLOBAL,S1D1,PWRSPVKENXX01,1,2026,0.380387232
GLOBAL,S1D2,PWRSPVKENXX01,1,2026,1.7901679335678462
GLOBAL,S1D3,PWRSPVKENXX01,1,2026,1.7901679335678462
GLOBAL,S1D4,PWRSPVKENXX01,1,2026,1.0501488
GLOBAL,S2D1,PWRSPVKENXX01,1,2026,0.30921048
GLOBAL,S2D2,PWRSPVKENXX01,1,2026,1.7901679335678462
GLOBAL,S2D3,PWRSPVKENXX01,1,2026,1.7901679335678462
GLOBAL,S2D4,PWRSPVKENXX01,1,2026,0.906628464
GLOBAL,S3D1,PWRSPVKENXX01,1,2026,0.36171792
GLOBAL,S3D2,PWRSPVKENXX01,1,2026,1.7901679335678462
GLOBAL,S3D3,PWRSPVKENXX01,1,2026,1.790167933567846
GLOBAL,S3D4,PWRSPVKENXX01,1,2026,0.935799264
GLOBAL,S1D1,PWRSPVKENXX01,1,2027,0.380387232
GLOBAL,S1D2,PWRSPVKENXX01,1,2027,1.7901679335678462
GLOBAL,S1D3,PWRSPVKENXX01,1,2027,1.7901679335678462
GLOBAL,S1D4,PWRSPVKENXX01,1,2027,1.0501488
GLOBAL,S2D1,PWRSPVKENXX01,1,2027,0.30921048
GLOBAL,S2D2,PWRSPVKENXX01,1,2027,1.7901679335678462
GLOBAL,S2D3,PWRSPVKENXX01,1,2027,1.7901679335678462
GLOBAL,S2D4,PWRSPVKENXX01,1,2027,0.906628464
GLOBAL,S3D1,PWRSPVKENXX01,1,2027,0.36171792
GLOBAL,S3D2,PWRSPVKENXX01,1,2027,1.7901679335678462
GLOBAL,S3D3,PWRSPVKENXX01,1,2027,1.790167933567846
GLOBAL,S3D4,PWRSPVKENXX01,1,2027,0.935799264
GLOBAL,S1D1,PWRSPVKENXX01,1,2028,0.380387232
GLOBAL,S1D2,PWRSPVKENXX01,1,2028,1.7901679335678462
GLOBAL,S1D3,PWRSPVKENXX01,1,2028,1.7901679335678462
GLOBAL,S1D4,PWRSPVKENXX01,1,2028,1.0501488
GLOBAL,S2D1,PWRSPVKENXX01,1,2028,0.30921048
GLOBAL,S2D2,PWRSPVKENXX01,1,2028,1.7901679335678462
GLOBAL,S2D3,PWRSPVKENXX01,1,2028,1.7901679335678462
GLOBAL,S2D4,PWRSPVKENXX01,1,2028,0.906628464
GLOBAL,S3D1,PWRSPVKENXX01,1,2028,0.36171792
GLOBAL,S3D2,PWRSPVKENXX01,1,2028,1.7901679335678462
GLOBAL,S3D3,PWRSPVKENXX01,1,2028,1.790167933567846
GLOBAL,S3D4,PWRSPVKENXX01,1,2028,0.935799264
GLOBAL,S1D1,PWRSPVKENXX01,1,2029,0.380387232
GLOBAL,S1D2,PWRSPVKENXX01,1,2029,1.7901679335678462
GLOBAL,S1D3,PWRSPVKENXX01,1,2029,1.7901679335678462
GLOBAL,S1D4,PWRSPVKENXX01,1,2029,1.0501488
GLOBAL,S2D1,PWRSPVKENXX01,1,2029,0.30921048
GLOBAL,S2D2,PWRSPVKENXX01,1,2029,1.7901679335678462
GLOBAL,S2D3,PWRSPVKENXX01,1,2029,1.7901679335678462
GLOBAL,S2D4,PWRSPVKENXX01,1,2029,0.906628464
GLOBAL,S3D1,PWRSPVKENXX01,1,2029,0.36171792
GLOBAL,S3D2,PWRSPVKENXX01,1,2029,1.7901679335678462
GLOBAL,S3D3,PWRSPVKENXX01,1,2029,1.790167933567846
GLOBAL,S3D4,PWRSPVKENXX01,1,2029,0.935799264
GLOBAL,S1D1,PWRSPVKENXX01,1,2030,0.380387232
GLOBAL,S1D2,PWRSPVKENXX01,1,2030,1.7901679335678462
GLOBAL,S1D3,PWRSPVKENXX01,1,2030,1.7901679335678462
GLOBAL,S1D4,PWRSPVKENXX01,1,2030,1.0501488
GLOBAL,S2D1,PWRSPVKENXX01,1,2030,0.30921048
GLOBAL,S2D2,PWRSPVKENXX01,1,2030,1.7901679335678462
GLOBAL,S2D3,PWRSPVKENXX01,1,2030,1.7901679335678462
GLOBAL,S2D4,PWRSPVKENXX01,1,2030,0.906628464
GLOBAL,S3D1,PWRSPVKENXX01,1,2030,0.36171792
GLOBAL,S3D2,PWRSPVKENXX01,1,2030,1.7901679335678462
GLOBAL,S3D3,PWRSPVKENXX01,1,2030,1.790167933567846
GLOBAL,S3D4,PWRSPVKENXX01,1,2030,0.935799264
GLOBAL,S1D1,PWRSPVKENXX01,1,2031,0.380387232
GLOBAL,S1D2,PWRSPVKENXX01,1,2031,1.7901679335678462
GLOBAL,S1D3,PWRSPVKENXX01,1,2031,1.7901679335678462
GLOBAL,S1D4,PWRSPVKENXX01,1,2031,1.0501488
GLOBAL,S2D1,PWRSPVKENXX01,1,2031,0.30921048
GLOBAL,S2D2,PWRSPVKENXX01,1,2031,1.7901679335678462
GLOBAL,S2D3,PWRSPVKENXX01,1,2031,1.7901679335678462
GLOBAL,S2D4,PWRSPVKENXX01,1,2031,0.906628464
GLOBAL,S3D1,PWRSPVKENXX01,1,2031,0.36171792
GLOBAL,S3D2,PWRSPVKENXX01,1,2031,1.7901679335678462
GLOBAL,S3D3,PWRSPVKENXX01,1,2031,1.790167933567846
GLOBAL,S3D4,PWRSPVKENXX01,1,2031,0.935799264
GLOBAL,S1D1,PWRSPVKENXX01,1,2032,0.380387232
GLOBAL,S1D2,PWRSPVKENXX01,1,2032,1.7901679335678462
GLOBAL,S1D3,PWRSPVKENXX01,1,2032,1.7901679335678462
GLOBAL,S1D4,PWRSPVKENXX01,1,2032,1.0501488
GLOBAL,S2D1,PWRSPVKENXX01,1,2032,0.30921048
GLOBAL,S2D2,PWRSPVKENXX01,1,2032,1.7901679335678462
GLOBAL,S2D3,PWRSPVKENXX01,1,2032,1.7901679335678462
GLOBAL,S2D4,PWRSPVKENXX01,1,2032,0.906628464
GLOBAL,S3D1,PWRSPVKENXX01,1,2032,0.36171792
GLOBAL,S3D2,PWRSPVKENXX01,1,2032,1.7901679335678462
GLOBAL,S3D3,PWRSPVKENXX01,1,2032,1.790167933567846
GLOBAL,S3D4,PWRSPVKENXX01,1,2032,0.935799264
GLOBAL,S1D1,PWRSPVKENXX01,1,2033,0.380387232
GLOBAL,S1D2,PWRSPVKENXX01,1,2033,1.7901679335678462
GLOBAL,S1D3,PWRSPVKENXX01,1,2033,1.7901679335678462
GLOBAL,S1D4,PWRSPVKENXX01,1,2033,1.0501488
GLOBAL,S2D1,PWRSPVKENXX01,1,2033,0.30921048
GLOBAL,S2D2,PWRSPVKENXX01,1,2033,1.7901679335678462
GLOBAL,S2D3,PWRSPVKENXX01,1,2033,1.7901679335678462
GLOBAL,S2D4,PWRSPVKENXX01,1,2033,0.906628464
GLOBAL,S3D1,PWRSPVKENXX01,1,2033,0.36171792
GLOBAL,S3D2,PWRSPVKENXX01,1,2033,1.7901679335678462
GLOBAL,S3D3,PWRSPVKENXX01,1,2033,1.790167933567846
GLOBAL,S3D4,PWRSPVKENXX01,1,2033,0.935799264
GLOBAL,S1D1,PWRSPVKENXX01,1,2034,0.380387232
GLOBAL,S1D2,PWRSPVKENXX01,1,2034,1.7901679335678462
GLOBAL,S1D3,PWRSPVKENXX01,1,2034,1.7901679335678462
GLOBAL,S1D4,PWRSPVKENXX01,1,2034,1.0501488
GLOBAL,S2D1,PWRSPVKENXX01,1,2034,0.30921048
GLOBAL,S2D2,PWRSPVKENXX01,1,2034,1.7901679335678462
GLOBAL,S2D3,PWRSPVKENXX01,1,2034,1.7901679335678462
GLOBAL,S2D4,PWRSPVKENXX01,1,2034,0.906628464
GLOBAL,S3D1,PWRSPVKENXX01,1,2034,0.36171792
GLOBAL,S3D2,PWRSPVKENXX01,1,2034,1.7901679335678462
GLOBAL,S3D3,PWRSPVKENXX01,1,2034,1.790167933567846
GLOBAL,S3D4,PWRSPVKENXX01,1,2034,0.935799264
GLOBAL,S1D1,PWRSPVKENXX01,1,2035,0.380387232
GLOBAL,S1D2,PWRSPVKENXX01,1,2035,1.7901679335678462
GLOBAL,S1D3,PWRSPVKENXX01,1,2035,1.7901679335678462
GLOBAL,S1D4,PWRSPVKENXX01,1,2035,1.0501488
GLOBAL,S2D1,PWRSPVKENXX01,1,2035,0.30921048
GLOBAL,S2D2,PWRSPVKENXX01,1,2035,1.7901679335678462
GLOBAL,S2D3,PWRSPVKENXX01,1,2035,1.7901679335678462
GLOBAL,S2D4,PWRSPVKENXX01,1,2035,0.906628464
GLOBAL,S3D1,PWRSPVKENXX01,1,2035,0.36171792
GLOBAL,S3D2,PWRSPVKENXX01,1,2035,1.7901679335678462
GLOBAL,S3D3,PWRSPVKENXX01,1,2035,1.790167933567846
GLOBAL,S3D4,PWRSPVKENXX01,1,2035,0.935799264
GLOBAL,S1D1,PWRSPVKENXX01,1,2036,0.380387232
GLOBAL,S1D2,PWRSPVKENXX01,1,2036,1.7901679335678462
GLOBAL,S1D3,PWRSPVKENXX01,1,2036,1.7901679335678462
GLOBAL,S1D4,PWRSPVKENXX01,1,2036,1.0501488
GLOBAL,S2D1,PWRSPVKENXX01,1,2036,0.30921048
GLOBAL,S2D2,PWRSPVKENXX01,1,2036,1.7901679335678462
GLOBAL,S2D3,PWRSPVKENXX01,1,2036,1.7901679335678462
GLOBAL,S2D4,PWRSPVKENXX01,1,2036,0.906628464
GLOBAL,S3D1,PWRSPVKENXX01,1,2036,0.36171792
GLOBAL,S3D2,PWRSPVKENXX01,1,2036,1.7901679335678462
GLOBAL,S3D3,PWRSPVKENXX01,1,2036,1.790167933567846
GLOBAL,S3D4,PWRSPVKENXX01,1,2036,0.935799264
GLOBAL,S1D1,PWRSPVKENXX01,1,2037,0.380387232
GLOBAL,S1D2,PWRSPVKENXX01,1,2037,1.7901679335678462
GLOBAL,S1D3,PWRSPVKENXX01,1,2037,1.7901679335678462
GLOBAL,S1D4,PWRSPVKENXX01,1,2037,1.0501488
GLOBAL,S2D1,PWRSPVKENXX01,1,2037,0.30921048
GLOBAL,S2D2,PWRSPVKENXX01,1,2037,1.7901679335678462
GLOBAL,S2D3,PWRSPVKENXX01,1,2037,1.7901679335678462
GLOBAL,S2D4,PWRSPVKENXX01,1,2037,0.906628464
GLOBAL,S3D1,PWRSPVKENXX01,1,2037,0.36171792
GLOBAL,S3D2,PWRSPVKENXX01,1,2037,1.7901679335678462
GLOBAL,S3D3,PWRSPVKENXX01,1,2037,1.790167933567846
GLOBAL,S3D4,PWRSPVKENXX01,1,2037,0.935799264
GLOBAL,S1D1,PWRSPVKENXX01,1,2038,0.380387232
GLOBAL,S1D2,PWRSPVKENXX01,1,2038,1.7901679335678462
GLOBAL,S1D3,PWRSPVKENXX01,1,2038,1.7901679335678462
GLOBAL,S1D4,PWRSPVKENXX01,1,2038,1.0501488
GLOBAL,S2D1,PWRSPVKENXX01,1,2038,0.30921048
GLOBAL,S2D2,PWRSPVKENXX01,1,2038,1.7901679335678462
GLOBAL,S2D3,PWRSPVKENXX01,1,2038,1.7901679335678462
GLOBAL,S2D4,PWRSPVKENXX01,1,2038,0.906628464
GLOBAL,S3D1,PWRSPVKENXX01,1,2038,0.36171792
GLOBAL,S3D2,PWRSPVKENXX01,1,2038,1.7901679335678462
GLOBAL,S3D3,PWRSPVKENXX01,1,2038,1.790167933567846
GLOBAL,S3D4,PWRSPVKENXX01,1,2038,0.935799264
GLOBAL,S1D1,PWRSPVKENXX01,1,2039,0.380387232
GLOBAL,S1D2,PWRSPVKENXX01,1,2039,1.7901679335678462
GLOBAL,S1D3,PWRSPVKENXX01,1,2039,1.7901679335678462
GLOBAL,S1D4,PWRSPVKENXX01,1,2039,1.0501488
GLOBAL,S2D1,PWRSPVKENXX01,1,2039,0.30921048
GLOBAL,S2D2,PWRSPVKENXX01,1,2039,1.7901679335678462
GLOBAL,S2D3,PWRSPVKENXX01,1,2039,1.7901679335678462
GLOBAL,S2D4,PWRSPVKENXX01,1,2039,0.906628464
GLOBAL,S3D1,PWRSPVKENXX01,1,2039,0.36171792
GLOBAL,S3D2,PWRSPVKENXX01,1,2039,1.7901679335678462
GLOBAL,S3D3,PWRSPVKENXX01,1,2039,1.790167933567846
GLOBAL,S3D4,PWRSPVKENXX01,1,2039,0.935799264
GLOBAL,S1D1,PWRSPVKENXX01,1,2040,0.380387232
GLOBAL,S1D2,PWRSPVKENXX01,1,2040,1.7901679335678462
GLOBAL,S1D3,PWRSPVKENXX01,1,2040,1.7901679335678462
GLOBAL,S1D4,PWRSPVKENXX01,1,2040,1.0501488
GLOBAL,S2D1,PWRSPVKENXX01,1,2040,0.30921048
GLOBAL,S2D2,PWRSPVKENXX01,1,2040,1.7901679335678462
GLOBAL,S2D3,PWRSPVKENXX01,1,2040,1.7901679335678462
GLOBAL,S2D4,PWRSPVKENXX01,1,2040,0.906628464
GLOBAL,S3D1,PWRSPVKENXX01,1,2040,0.36171792
GLOBAL,S3D2,PWRSPVKENXX01,1,2040,1.7901679335678462
GLOBAL,S3D3,PWRSPVKENXX01,1,2040,1.790167933567846
GLOBAL,S3D4,PWRSPVKENXX01,1,2040,0.935799264
GLOBAL,S1D1,PWRSPVKENXX01,1,2041,0.380387232
GLOBAL,S1D2,PWRSPVKENXX01,1,2041,1.7901679335678462
GLOBAL,S1D3,PWRSPVKENXX01,1,2041,1.7901679335678462
GLOBAL,S1D4,PWRSPVKENXX01,1,2041,1.0501488
GLOBAL,S2D1,PWRSPVKENXX01,1,2041,0.30921048
GLOBAL,S2D2,PWRSPVKENXX01,1,2041,1.7901679335678462
GLOBAL,S2D3,PWRSPVKENXX01,1,2041,1.7901679335678462
GLOBAL,S2D4,PWRSPVKENXX01,1,2041,0.906628464
GLOBAL,S3D1,PWRSPVKENXX01,1,2041,0.36171792
GLOBAL,S3D2,PWRSPVKENXX01,1,2041,1.7901679335678462
GLOBAL,S3D3,PWRSPVKENXX01,1,2041,1.790167933567846
GLOBAL,S3D4,PWRSPVKENXX01,1,2041,0.935799264
GLOBAL,S1D1,PWRSPVKENXX01,1,2042,0.380387232
GLOBAL,S1D2,PWRSPVKENXX01,1,2042,1.7901679335678462
GLOBAL,S1D3,PWRSPVKENXX01,1,2042,1.7901679335678462
GLOBAL,S1D4,PWRSPVKENXX01,1,2042,1.0501488
GLOBAL,S2D1,PWRSPVKENXX01,1,2042,0.30921048
GLOBAL,S2D2,PWRSPVKENXX01,1,2042,1.7901679335678462
GLOBAL,S2D3,PWRSPVKENXX01,1,2042,1.7901679335678462
GLOBAL,S2D4,PWRSPVKENXX01,1,2042,0.906628464
GLOBAL,S3D1,PWRSPVKENXX01,1,2042,0.36171792
GLOBAL,S3D2,PWRSPVKENXX01,1,2042,1.7901679335678462
GLOBAL,S3D3,PWRSPVKENXX01,1,2042,1.790167933567846
GLOBAL,S3D4,PWRSPVKENXX01,1,2042,0.935799264
GLOBAL,S1D1,PWRSPVKENXX01,1,2043,0.380387232
GLOBAL,S1D2,PWRSPVKENXX01,1,2043,1.7901679335678462
GLOBAL,S1D3,PWRSPVKENXX01,1,2043,1.7901679335678462
GLOBAL,S1D4,PWRSPVKENXX01,1,2043,1.0501488
GLOBAL,S2D1,PWRSPVKENXX01,1,2043,0.30921048
GLOBAL,S2D2,PWRSPVKENXX01,1,2043,1.7901679335678462
GLOBAL,S2D3,PWRSPVKENXX01,1,2043,1.7901679335678462
GLOBAL,S2D4,PWRSPVKENXX01,1,2043,0.906628464
GLOBAL,S3D1,PWRSPVKENXX01,1,2043,0.36171792
GLOBAL,S3D2,PWRSPVKENXX01,1,2043,1.7901679335678462
GLOBAL,S3D3,PWRSPVKENXX01,1,2043,1.790167933567846
GLOBAL,S3D4,PWRSPVKENXX01,1,2043,0.935799264
GLOBAL,S1D1,PWRSPVKENXX01,1,2044,0.380387232
GLOBAL,S1D2,PWRSPVKENXX01,1,2044,1.7901679335678462
GLOBAL,S1D3,PWRSPVKENXX01,1,2044,1.7901679335678462
GLOBAL,S1D4,PWRSPVKENXX01,1,2044,1.0501488
GLOBAL,S2D1,PWRSPVKENXX01,1,2044,0.30921048
GLOBAL,S2D2,PWRSPVKENXX01,1,2044,1.7901679335678462
GLOBAL,S2D3,PWRSPVKENXX01,1,2044,1.7901679335678462
GLOBAL,S2D4,PWRSPVKENXX01,1,2044,0.906628464
GLOBAL,S3D1,PWRSPVKENXX01,1,2044,0.36171792
GLOBAL,S3D2,PWRSPVKENXX01,1,2044,1.7901679335678462
GLOBAL,S3D3,PWRSPVKENXX01,1,2044,1.790167933567846
GLOBAL,S3D4,PWRSPVKENXX01,1,2044,0.935799264
GLOBAL,S1D6,PWRTRNKENXX,1,2021,33.57664233576642
GLOBAL,S1D1,PWRTRNKENXX,1,2021,41.97080291970802
GLOBAL,S1D2,PWRTRNKENXX,1,2021,50.364963503649626
GLOBAL,S1D3,PWRTRNKENXX,1,2021,50.364963503649626
GLOBAL,S1D4,PWRTRNKENXX,1,2021,50.364963503649626
GLOBAL,S1D5,PWRTRNKENXX,1,2021,50.364963503649626
GLOBAL,S2D6,PWRTRNKENXX,1,2021,32.74021352313167
GLOBAL,S2D1,PWRTRNKENXX,1,2021,40.92526690391459
GLOBAL,S2D2,PWRTRNKENXX,1,2021,49.110320284697515
GLOBAL,S2D3,PWRTRNKENXX,1,2021,49.110320284697515
GLOBAL,S2D4,PWRTRNKENXX,1,2021,49.648003058206285
GLOBAL,S2D5,PWRTRNKENXX,1,2021,49.110320284697515
GLOBAL,S3D6,PWRTRNKENXX,1,2021,33.034111310592465
GLOBAL,S3D1,PWRTRNKENXX,1,2021,41.292639138240574
GLOBAL,S3D2,PWRTRNKENXX,1,2021,49.55116696588868
GLOBAL,S3D3,PWRTRNKENXX,1,2021,49.55116696588868
GLOBAL,S3D4,PWRTRNKENXX,1,2021,57.809694793536806
GLOBAL,S3D5,PWRTRNKENXX,1,2021,50.08884973939748
GLOBAL,S1D6,PWRTRNKENXX,1,2022,35.03649635036496
GLOBAL,S1D1,PWRTRNKENXX,1,2022,43.7956204379562
GLOBAL,S1D2,PWRTRNKENXX,1,2022,52.55474452554744
GLOBAL,S1D3,PWRTRNKENXX,1,2022,52.55474452554744
GLOBAL,S1D4,PWRTRNKENXX,1,2022,52.55474452554744
GLOBAL,S1D5,PWRTRNKENXX,1,2022,52.55474452554744
GLOBAL,S2D6,PWRTRNKENXX,1,2022,34.163701067615655
GLOBAL,S2D1,PWRTRNKENXX,1,2022,42.70462633451957
GLOBAL,S2D2,PWRTRNKENXX,1,2022,51.245551601423486
GLOBAL,S2D3,PWRTRNKENXX,1,2022,51.245551601423486
GLOBAL,S2D4,PWRTRNKENXX,1,2022,51.78323437493227
GLOBAL,S2D5,PWRTRNKENXX,1,2022,51.245551601423486
GLOBAL,S3D6,PWRTRNKENXX,1,2022,34.47037701974865
GLOBAL,S3D1,PWRTRNKENXX,1,2022,43.087971274685806
GLOBAL,S3D2,PWRTRNKENXX,1,2022,51.70556552962297
GLOBAL,S3D3,PWRTRNKENXX,1,2022,51.70556552962297
GLOBAL,S3D4,PWRTRNKENXX,1,2022,60.32315978456015
GLOBAL,S3D5,PWRTRNKENXX,1,2022,52.24324830313176
GLOBAL,S1D6,PWRTRNKENXX,1,2023,34.844252116574474
GLOBAL,S1D1,PWRTRNKENXX,1,2023,43.4208944523409
GLOBAL,S1D2,PWRTRNKENXX,1,2023,51.99753678810732
GLOBAL,S1D3,PWRTRNKENXX,1,2023,51.99753678810732
GLOBAL,S1D4,PWRTRNKENXX,1,2023,51.99753678810732
GLOBAL,S1D5,PWRTRNKENXX,1,2023,51.99753678810732
GLOBAL,S2D6,PWRTRNKENXX,1,2023,33.98964006888245
GLOBAL,S2D1,PWRTRNKENXX,1,2023,42.352629392725866
GLOBAL,S2D2,PWRTRNKENXX,1,2023,50.71561871656928
GLOBAL,S2D3,PWRTRNKENXX,1,2023,50.71561871656928
GLOBAL,S2D4,PWRTRNKENXX,1,2023,50.71561871656928
GLOBAL,S2D5,PWRTRNKENXX,1,2023,50.71561871656928
GLOBAL,S3D6,PWRTRNKENXX,1,2023,34.28992693867934
GLOBAL,S3D1,PWRTRNKENXX,1,2023,42.72798797997199
GLOBAL,S3D2,PWRTRNKENXX,1,2023,51.16604902126463
GLOBAL,S3D3,PWRTRNKENXX,1,2023,51.16604902126463
GLOBAL,S3D4,PWRTRNKENXX,1,2023,59.06642728904848
GLOBAL,S3D5,PWRTRNKENXX,1,2023,51.16604902126463
GLOBAL,S1D6,PWRTRNKENXX,1,2024,35.76642335766423
GLOBAL,S1D1,PWRTRNKENXX,1,2024,44.708029197080286
GLOBAL,S1D2,PWRTRNKENXX,1,2024,53.64963503649634
GLOBAL,S1D3,PWRTRNKENXX,1,2024,53.64963503649634
GLOBAL,S1D4,PWRTRNKENXX,1,2024,53.64963503649634
GLOBAL,S1D5,PWRTRNKENXX,1,2024,53.64963503649634
GLOBAL,S2D6,PWRTRNKENXX,1,2024,39.8324040510073
GLOBAL,S2D1,PWRTRNKENXX,1,2024,43.59430604982207
GLOBAL,S2D2,PWRTRNKENXX,1,2024,52.795306405611015
GLOBAL,S2D3,PWRTRNKENXX,1,2024,52.31316725978648
GLOBAL,S2D4,PWRTRNKENXX,1,2024,57.079154461511834
GLOBAL,S2D5,PWRTRNKENXX,1,2024,52.34704494592659
GLOBAL,S3D6,PWRTRNKENXX,1,2024,35.18850987432675
GLOBAL,S3D1,PWRTRNKENXX,1,2024,43.98563734290844
GLOBAL,S3D2,PWRTRNKENXX,1,2024,52.782764811490125
GLOBAL,S3D3,PWRTRNKENXX,1,2024,52.782764811490125
GLOBAL,S3D4,PWRTRNKENXX,1,2024,61.57989228007182
GLOBAL,S3D5,PWRTRNKENXX,1,2024,60.80795197607183
GLOBAL,S1D6,PWRTRNKENXX,1,2025,36.810218978102185
GLOBAL,S1D1,PWRTRNKENXX,1,2025,46.012773722627735
GLOBAL,S1D2,PWRTRNKENXX,1,2025,55.21532846715328
GLOBAL,S1D3,PWRTRNKENXX,1,2025,55.21532846715328
GLOBAL,S1D4,PWRTRNKENXX,1,2025,55.21532846715328
GLOBAL,S1D5,PWRTRNKENXX,1,2025,55.21532846715328
GLOBAL,S2D6,PWRTRNKENXX,1,2025,35.8932384341637
GLOBAL,S2D1,PWRTRNKENXX,1,2025,44.86654804270463
GLOBAL,S2D2,PWRTRNKENXX,1,2025,53.83985765124555
GLOBAL,S2D3,PWRTRNKENXX,1,2025,53.83985765124555
GLOBAL,S2D4,PWRTRNKENXX,1,2025,58.87628193009352
GLOBAL,S2D5,PWRTRNKENXX,1,2025,53.83985765124555
GLOBAL,S3D6,PWRTRNKENXX,1,2025,36.21543985637343
GLOBAL,S3D1,PWRTRNKENXX,1,2025,45.26929982046679
GLOBAL,S3D2,PWRTRNKENXX,1,2025,54.32315978456015
GLOBAL,S3D3,PWRTRNKENXX,1,2025,54.32315978456015
GLOBAL,S3D4,PWRTRNKENXX,1,2025,63.3770197486535
GLOBAL,S3D5,PWRTRNKENXX,1,2025,62.60507944465351
GLOBAL,S1D6,PWRTRNKENXX,1,2026,39.91970802919708
GLOBAL,S1D1,PWRTRNKENXX,1,2026,49.89963503649634
GLOBAL,S1D2,PWRTRNKENXX,1,2026,59.879562043795616
GLOBAL,S1D3,PWRTRNKENXX,1,2026,59.879562043795616
GLOBAL,S1D4,PWRTRNKENXX,1,2026,59.879562043795616
GLOBAL,S1D5,PWRTRNKENXX,1,2026,59.879562043795616
GLOBAL,S2D6,PWRTRNKENXX,1,2026,38.9252669039146
GLOBAL,S2D1,PWRTRNKENXX,1,2026,48.65658362989324
GLOBAL,S2D2,PWRTRNKENXX,1,2026,58.387900355871885
GLOBAL,S2D3,PWRTRNKENXX,1,2026,58.387900355871885
GLOBAL,S2D4,PWRTRNKENXX,1,2026,64.22996236097323
GLOBAL,S2D5,PWRTRNKENXX,1,2026,58.387900355871885
GLOBAL,S3D6,PWRTRNKENXX,1,2026,39.27468581687613
GLOBAL,S3D1,PWRTRNKENXX,1,2026,49.09335727109516
GLOBAL,S3D2,PWRTRNKENXX,1,2026,58.91202872531419
GLOBAL,S3D3,PWRTRNKENXX,1,2026,58.91202872531419
GLOBAL,S3D4,PWRTRNKENXX,1,2026,68.73070017953322
GLOBAL,S3D5,PWRTRNKENXX,1,2026,67.95875987553322
GLOBAL,S1D6,PWRTRNKENXX,1,2027,43.029197080291965
GLOBAL,S1D1,PWRTRNKENXX,1,2027,53.78649635036496
GLOBAL,S1D2,PWRTRNKENXX,1,2027,64.54379562043795
GLOBAL,S1D3,PWRTRNKENXX,1,2027,64.54379562043795
GLOBAL,S1D4,PWRTRNKENXX,1,2027,64.54379562043795
GLOBAL,S1D5,PWRTRNKENXX,1,2027,64.54379562043795
GLOBAL,S2D6,PWRTRNKENXX,1,2027,41.95729537366548
GLOBAL,S2D1,PWRTRNKENXX,1,2027,52.446619217081846
GLOBAL,S2D2,PWRTRNKENXX,1,2027,62.93594306049822
GLOBAL,S2D3,PWRTRNKENXX,1,2027,62.93594306049822
GLOBAL,S2D4,PWRTRNKENXX,1,2027,69.58364279185294
GLOBAL,S2D5,PWRTRNKENXX,1,2027,62.93594306049822
GLOBAL,S3D6,PWRTRNKENXX,1,2027,42.333931777378815
GLOBAL,S3D1,PWRTRNKENXX,1,2027,52.91741472172352
GLOBAL,S3D2,PWRTRNKENXX,1,2027,63.50089766606822
GLOBAL,S3D3,PWRTRNKENXX,1,2027,63.50089766606822
GLOBAL,S3D4,PWRTRNKENXX,1,2027,74.08438061041292
GLOBAL,S3D5,PWRTRNKENXX,1,2027,73.31244030641292
GLOBAL,S1D6,PWRTRNKENXX,1,2028,46.13868613138686
GLOBAL,S1D1,PWRTRNKENXX,1,2028,57.67335766423357
GLOBAL,S1D2,PWRTRNKENXX,1,2028,69.2080291970803
GLOBAL,S1D3,PWRTRNKENXX,1,2028,69.2080291970803
GLOBAL,S1D4,PWRTRNKENXX,1,2028,69.2080291970803
GLOBAL,S1D5,PWRTRNKENXX,1,2028,69.2080291970803
GLOBAL,S2D6,PWRTRNKENXX,1,2028,44.989323843416365
GLOBAL,S2D1,PWRTRNKENXX,1,2028,56.23665480427046
GLOBAL,S2D2,PWRTRNKENXX,1,2028,67.48398576512456
GLOBAL,S2D3,PWRTRNKENXX,1,2028,67.48398576512456
GLOBAL,S2D4,PWRTRNKENXX,1,2028,74.93732322273263
GLOBAL,S2D5,PWRTRNKENXX,1,2028,67.48398576512456
GLOBAL,S3D6,PWRTRNKENXX,1,2028,45.39317773788151
GLOBAL,S3D1,PWRTRNKENXX,1,2028,56.74147217235189
GLOBAL,S3D2,PWRTRNKENXX,1,2028,68.08976660682227
GLOBAL,S3D3,PWRTRNKENXX,1,2028,68.08976660682227
GLOBAL,S3D4,PWRTRNKENXX,1,2028,79.43806104129263
GLOBAL,S3D5,PWRTRNKENXX,1,2028,78.66612073729263
GLOBAL,S1D6,PWRTRNKENXX,1,2029,49.255474452554736
GLOBAL,S1D1,PWRTRNKENXX,1,2029,61.56934306569343
GLOBAL,S1D2,PWRTRNKENXX,1,2029,73.88321167883211
GLOBAL,S1D3,PWRTRNKENXX,1,2029,73.88321167883211
GLOBAL,S1D4,PWRTRNKENXX,1,2029,73.88321167883211
GLOBAL,S1D5,PWRTRNKENXX,1,2029,73.88321167883211
GLOBAL,S2D6,PWRTRNKENXX,1,2029,48.02846975088968
GLOBAL,S2D1,PWRTRNKENXX,1,2029,60.035587188612105
GLOBAL,S2D2,PWRTRNKENXX,1,2029,72.04270462633451
GLOBAL,S2D3,PWRTRNKENXX,1,2029,72.04270462633451
GLOBAL,S2D4,PWRTRNKENXX,1,2029,80.30357097856749
GLOBAL,S2D5,PWRTRNKENXX,1,2029,72.04270462633451
GLOBAL,S3D6,PWRTRNKENXX,1,2029,48.45960502692998
GLOBAL,S3D1,PWRTRNKENXX,1,2029,60.57450628366248
GLOBAL,S3D2,PWRTRNKENXX,1,2029,72.68940754039497
GLOBAL,S3D3,PWRTRNKENXX,1,2029,72.68940754039497
GLOBAL,S3D4,PWRTRNKENXX,1,2029,84.80430879712748
GLOBAL,S3D5,PWRTRNKENXX,1,2029,84.03236849312745
GLOBAL,S1D6,PWRTRNKENXX,1,2030,52.36496350364963
GLOBAL,S1D1,PWRTRNKENXX,1,2030,65.45620437956205
GLOBAL,S1D2,PWRTRNKENXX,1,2030,78.54744525547444
GLOBAL,S1D3,PWRTRNKENXX,1,2030,78.54744525547444
GLOBAL,S1D4,PWRTRNKENXX,1,2030,78.54744525547444
GLOBAL,S1D5,PWRTRNKENXX,1,2030,78.54744525547444
GLOBAL,S2D6,PWRTRNKENXX,1,2030,51.060498220640575
GLOBAL,S2D1,PWRTRNKENXX,1,2030,63.82562277580072
GLOBAL,S2D2,PWRTRNKENXX,1,2030,76.59074733096085
GLOBAL,S2D3,PWRTRNKENXX,1,2030,76.59074733096085
GLOBAL,S2D4,PWRTRNKENXX,1,2030,85.65725140944717
GLOBAL,S2D5,PWRTRNKENXX,1,2030,76.59074733096085
GLOBAL,S3D6,PWRTRNKENXX,1,2030,51.51885098743268
GLOBAL,S3D1,PWRTRNKENXX,1,2030,64.39856373429085
GLOBAL,S3D2,PWRTRNKENXX,1,2030,77.27827648114902
GLOBAL,S3D3,PWRTRNKENXX,1,2030,77.27827648114902
GLOBAL,S3D4,PWRTRNKENXX,1,2030,90.15798922800718
GLOBAL,S3D5,PWRTRNKENXX,1,2030,89.38604892400716
GLOBAL,S1D6,PWRTRNKENXX,1,2031,55.941605839416056
GLOBAL,S1D1,PWRTRNKENXX,1,2031,69.92700729927007
GLOBAL,S1D2,PWRTRNKENXX,1,2031,83.91240875912406
GLOBAL,S1D3,PWRTRNKENXX,1,2031,83.91240875912406
GLOBAL,S1D4,PWRTRNKENXX,1,2031,83.91240875912406
GLOBAL,S1D5,PWRTRNKENXX,1,2031,83.91240875912406
GLOBAL,S2D6,PWRTRNKENXX,1,2031,54.548042704626326
GLOBAL,S2D1,PWRTRNKENXX,1,2031,68.18505338078292
GLOBAL,S2D2,PWRTRNKENXX,1,2031,81.8220640569395
GLOBAL,S2D3,PWRTRNKENXX,1,2031,81.8220640569395
GLOBAL,S2D4,PWRTRNKENXX,1,2031,91.81524063745437
GLOBAL,S2D5,PWRTRNKENXX,1,2031,81.8220640569395
GLOBAL,S3D6,PWRTRNKENXX,1,2031,55.03770197486535
GLOBAL,S3D1,PWRTRNKENXX,1,2031,68.79712746858169
GLOBAL,S3D2,PWRTRNKENXX,1,2031,82.55655296229801
GLOBAL,S3D3,PWRTRNKENXX,1,2031,82.55655296229801
GLOBAL,S3D4,PWRTRNKENXX,1,2031,96.31597845601436
GLOBAL,S3D5,PWRTRNKENXX,1,2031,95.54403815201437
GLOBAL,S1D6,PWRTRNKENXX,1,2032,59.52554744525548
GLOBAL,S1D1,PWRTRNKENXX,1,2032,74.40693430656934
GLOBAL,S1D2,PWRTRNKENXX,1,2032,89.28832116788321
GLOBAL,S1D3,PWRTRNKENXX,1,2032,89.28832116788321
GLOBAL,S1D4,PWRTRNKENXX,1,2032,89.28832116788321
GLOBAL,S1D5,PWRTRNKENXX,1,2032,89.28832116788321
GLOBAL,S2D6,PWRTRNKENXX,1,2032,58.04270462633452
GLOBAL,S2D1,PWRTRNKENXX,1,2032,72.55338078291814
GLOBAL,S2D2,PWRTRNKENXX,1,2032,87.40940633330105
GLOBAL,S2D3,PWRTRNKENXX,1,2032,87.06405693950178
GLOBAL,S2D4,PWRTRNKENXX,1,2032,97.98579719041666
GLOBAL,S2D5,PWRTRNKENXX,1,2032,87.40940633330102
GLOBAL,S3D6,PWRTRNKENXX,1,2032,58.56373429084381
GLOBAL,S3D1,PWRTRNKENXX,1,2032,73.20466786355473
GLOBAL,S3D2,PWRTRNKENXX,1,2032,87.84560143626571
GLOBAL,S3D3,PWRTRNKENXX,1,2032,87.84560143626571
GLOBAL,S3D4,PWRTRNKENXX,1,2032,102.48653500897666
GLOBAL,S3D5,PWRTRNKENXX,1,2032,101.71459470497666
GLOBAL,S1D6,PWRTRNKENXX,1,2033,63.10948905109489
GLOBAL,S1D1,PWRTRNKENXX,1,2033,78.88686131386862
GLOBAL,S1D2,PWRTRNKENXX,1,2033,94.66423357664232
GLOBAL,S1D3,PWRTRNKENXX,1,2033,94.66423357664232
GLOBAL,S1D4,PWRTRNKENXX,1,2033,94.66423357664232
GLOBAL,S1D5,PWRTRNKENXX,1,2033,94.66423357664232
GLOBAL,S2D6,PWRTRNKENXX,1,2033,61.53736654804271
GLOBAL,S2D1,PWRTRNKENXX,1,2033,76.92170818505339
GLOBAL,S2D2,PWRTRNKENXX,1,2033,92.55163801466516
GLOBAL,S2D3,PWRTRNKENXX,1,2033,92.30604982206403
GLOBAL,S2D4,PWRTRNKENXX,1,2033,104.15635374337894
GLOBAL,S2D5,PWRTRNKENXX,1,2033,92.5516380146652
GLOBAL,S3D6,PWRTRNKENXX,1,2033,62.089766606822266
GLOBAL,S3D1,PWRTRNKENXX,1,2033,77.61220825852784
GLOBAL,S3D2,PWRTRNKENXX,1,2033,93.1346499102334
GLOBAL,S3D3,PWRTRNKENXX,1,2033,93.1346499102334
GLOBAL,S3D4,PWRTRNKENXX,1,2033,108.65709156193896
GLOBAL,S3D5,PWRTRNKENXX,1,2033,107.88515125793892
GLOBAL,S1D6,PWRTRNKENXX,1,2034,66.6934306569343
GLOBAL,S1D1,PWRTRNKENXX,1,2034,83.36678832116787
GLOBAL,S1D2,PWRTRNKENXX,1,2034,100.04014598540144
GLOBAL,S1D3,PWRTRNKENXX,1,2034,100.04014598540144
GLOBAL,S1D4,PWRTRNKENXX,1,2034,100.04014598540144
GLOBAL,S1D5,PWRTRNKENXX,1,2034,100.04014598540144
GLOBAL,S2D6,PWRTRNKENXX,1,2034,65.03202846975088
GLOBAL,S2D1,PWRTRNKENXX,1,2034,81.29003558718861
GLOBAL,S2D2,PWRTRNKENXX,1,2034,97.69400165529007
GLOBAL,S2D3,PWRTRNKENXX,1,2034,97.54804270462633
GLOBAL,S2D4,PWRTRNKENXX,1,2034,110.32691029634124
GLOBAL,S2D5,PWRTRNKENXX,1,2034,97.69400165529005
GLOBAL,S3D6,PWRTRNKENXX,1,2034,65.61579892280072
GLOBAL,S3D1,PWRTRNKENXX,1,2034,82.0197486535009
GLOBAL,S3D2,PWRTRNKENXX,1,2034,98.42369838420109
GLOBAL,S3D3,PWRTRNKENXX,1,2034,98.42369838420109
GLOBAL,S3D4,PWRTRNKENXX,1,2034,114.82764811490128
GLOBAL,S3D5,PWRTRNKENXX,1,2034,114.05570781090124
GLOBAL,S1D6,PWRTRNKENXX,1,2035,70.27007299270073
GLOBAL,S1D1,PWRTRNKENXX,1,2035,87.83759124087592
GLOBAL,S1D2,PWRTRNKENXX,1,2035,105.4051094890511
GLOBAL,S1D3,PWRTRNKENXX,1,2035,105.4051094890511
GLOBAL,S1D4,PWRTRNKENXX,1,2035,105.4051094890511
GLOBAL,S1D5,PWRTRNKENXX,1,2035,105.4051094890511
GLOBAL,S2D6,PWRTRNKENXX,1,2035,68.51957295373666
GLOBAL,S2D1,PWRTRNKENXX,1,2035,85.64946619217082
GLOBAL,S2D2,PWRTRNKENXX,1,2035,102.82555718007052
GLOBAL,S2D3,PWRTRNKENXX,1,2035,102.77935943060498
GLOBAL,S2D4,PWRTRNKENXX,1,2035,116.48489952434846
GLOBAL,S2D5,PWRTRNKENXX,1,2035,102.82555718007056
GLOBAL,S3D6,PWRTRNKENXX,1,2035,69.13464991023339
GLOBAL,S3D1,PWRTRNKENXX,1,2035,86.41831238779174
GLOBAL,S3D2,PWRTRNKENXX,1,2035,103.7019748653501
GLOBAL,S3D3,PWRTRNKENXX,1,2035,103.7019748653501
GLOBAL,S3D4,PWRTRNKENXX,1,2035,120.98563734290845
GLOBAL,S3D5,PWRTRNKENXX,1,2035,120.21369703890844
GLOBAL,S1D6,PWRTRNKENXX,1,2036,74.41605839416057
GLOBAL,S1D1,PWRTRNKENXX,1,2036,93.02007299270072
GLOBAL,S1D2,PWRTRNKENXX,1,2036,111.62408759124088
GLOBAL,S1D3,PWRTRNKENXX,1,2036,111.62408759124088
GLOBAL,S1D4,PWRTRNKENXX,1,2036,111.62408759124088
GLOBAL,S1D5,PWRTRNKENXX,1,2036,111.62408759124088
GLOBAL,S2D6,PWRTRNKENXX,1,2036,72.56227758007118
GLOBAL,S2D1,PWRTRNKENXX,1,2036,90.70284697508896
GLOBAL,S2D2,PWRTRNKENXX,1,2036,108.84341637010677
GLOBAL,S2D3,PWRTRNKENXX,1,2036,108.84341637010677
GLOBAL,S2D4,PWRTRNKENXX,1,2036,123.62314009885476
GLOBAL,S2D5,PWRTRNKENXX,1,2036,108.84341637010677
GLOBAL,S3D6,PWRTRNKENXX,1,2036,73.21364452423698
GLOBAL,S3D1,PWRTRNKENXX,1,2036,91.51705565529625
GLOBAL,S3D2,PWRTRNKENXX,1,2036,109.82046678635548
GLOBAL,S3D3,PWRTRNKENXX,1,2036,109.82046678635548
GLOBAL,S3D4,PWRTRNKENXX,1,2036,128.12387791741472
GLOBAL,S3D5,PWRTRNKENXX,1,2036,127.35193761341476
GLOBAL,S1D6,PWRTRNKENXX,1,2037,78.55474452554746
GLOBAL,S1D1,PWRTRNKENXX,1,2037,98.19343065693432
GLOBAL,S1D2,PWRTRNKENXX,1,2037,117.83211678832116
GLOBAL,S1D3,PWRTRNKENXX,1,2037,117.83211678832116
GLOBAL,S1D4,PWRTRNKENXX,1,2037,117.83211678832116
GLOBAL,S1D5,PWRTRNKENXX,1,2037,117.83211678832116
GLOBAL,S2D6,PWRTRNKENXX,1,2037,76.59786476868328
GLOBAL,S2D1,PWRTRNKENXX,1,2037,95.7473309608541
GLOBAL,S2D2,PWRTRNKENXX,1,2037,114.89679715302492
GLOBAL,S2D3,PWRTRNKENXX,1,2037,114.89679715302492
GLOBAL,S2D4,PWRTRNKENXX,1,2037,130.74881334840592
GLOBAL,S2D5,PWRTRNKENXX,1,2037,114.89679715302492
GLOBAL,S3D6,PWRTRNKENXX,1,2037,77.28545780969479
GLOBAL,S3D1,PWRTRNKENXX,1,2037,96.6068222621185
GLOBAL,S3D2,PWRTRNKENXX,1,2037,115.9281867145422
GLOBAL,S3D3,PWRTRNKENXX,1,2037,115.9281867145422
GLOBAL,S3D4,PWRTRNKENXX,1,2037,135.2495511669659
GLOBAL,S3D5,PWRTRNKENXX,1,2037,134.47761086296592
GLOBAL,S1D6,PWRTRNKENXX,1,2038,82.7007299270073
GLOBAL,S1D1,PWRTRNKENXX,1,2038,103.37591240875912
GLOBAL,S1D2,PWRTRNKENXX,1,2038,124.05109489051095
GLOBAL,S1D3,PWRTRNKENXX,1,2038,124.05109489051095
GLOBAL,S1D4,PWRTRNKENXX,1,2038,124.05109489051095
GLOBAL,S1D5,PWRTRNKENXX,1,2038,124.05109489051095
GLOBAL,S2D6,PWRTRNKENXX,1,2038,80.64056939501779
GLOBAL,S2D1,PWRTRNKENXX,1,2038,100.80071174377224
GLOBAL,S2D2,PWRTRNKENXX,1,2038,120.96085409252667
GLOBAL,S2D3,PWRTRNKENXX,1,2038,120.96085409252667
GLOBAL,S2D4,PWRTRNKENXX,1,2038,137.8870539229122
GLOBAL,S2D5,PWRTRNKENXX,1,2038,120.96085409252667
GLOBAL,S3D6,PWRTRNKENXX,1,2038,81.36445242369838
GLOBAL,S3D1,PWRTRNKENXX,1,2038,101.705565529623
GLOBAL,S3D2,PWRTRNKENXX,1,2038,122.04667863554758
GLOBAL,S3D3,PWRTRNKENXX,1,2038,122.04667863554758
GLOBAL,S3D4,PWRTRNKENXX,1,2038,142.38779174147217
GLOBAL,S3D5,PWRTRNKENXX,1,2038,141.6158514374722
GLOBAL,S1D6,PWRTRNKENXX,1,2039,86.83941605839415
GLOBAL,S1D1,PWRTRNKENXX,1,2039,108.5492700729927
GLOBAL,S1D2,PWRTRNKENXX,1,2039,130.25912408759123
GLOBAL,S1D3,PWRTRNKENXX,1,2039,130.25912408759123
GLOBAL,S1D4,PWRTRNKENXX,1,2039,130.25912408759123
GLOBAL,S1D5,PWRTRNKENXX,1,2039,130.25912408759123
GLOBAL,S2D6,PWRTRNKENXX,1,2039,84.67615658362989
GLOBAL,S2D1,PWRTRNKENXX,1,2039,105.84519572953737
GLOBAL,S2D2,PWRTRNKENXX,1,2039,127.01423487544484
GLOBAL,S2D3,PWRTRNKENXX,1,2039,127.01423487544484
GLOBAL,S2D4,PWRTRNKENXX,1,2039,145.01272717246337
GLOBAL,S2D5,PWRTRNKENXX,1,2039,127.01423487544484
GLOBAL,S3D6,PWRTRNKENXX,1,2039,85.43626570915619
GLOBAL,S3D1,PWRTRNKENXX,1,2039,106.79533213644524
GLOBAL,S3D2,PWRTRNKENXX,1,2039,128.1543985637343
GLOBAL,S3D3,PWRTRNKENXX,1,2039,128.1543985637343
GLOBAL,S3D4,PWRTRNKENXX,1,2039,149.51346499102334
GLOBAL,S3D5,PWRTRNKENXX,1,2039,148.74152468702334
GLOBAL,S1D6,PWRTRNKENXX,1,2040,90.985401459854
GLOBAL,S1D1,PWRTRNKENXX,1,2040,113.73175182481752
GLOBAL,S1D2,PWRTRNKENXX,1,2040,136.47810218978103
GLOBAL,S1D3,PWRTRNKENXX,1,2040,136.47810218978103
GLOBAL,S1D4,PWRTRNKENXX,1,2040,136.47810218978103
GLOBAL,S1D5,PWRTRNKENXX,1,2040,136.47810218978103
GLOBAL,S2D6,PWRTRNKENXX,1,2040,88.7188612099644
GLOBAL,S2D1,PWRTRNKENXX,1,2040,110.89857651245552
GLOBAL,S2D2,PWRTRNKENXX,1,2040,133.07829181494662
GLOBAL,S2D3,PWRTRNKENXX,1,2040,133.07829181494662
GLOBAL,S2D4,PWRTRNKENXX,1,2040,152.15096774696966
GLOBAL,S2D5,PWRTRNKENXX,1,2040,133.07829181494662
GLOBAL,S3D6,PWRTRNKENXX,1,2040,89.5152603231598
GLOBAL,S3D1,PWRTRNKENXX,1,2040,111.89407540394971
GLOBAL,S3D2,PWRTRNKENXX,1,2040,134.2728904847397
GLOBAL,S3D3,PWRTRNKENXX,1,2040,134.2728904847397
GLOBAL,S3D4,PWRTRNKENXX,1,2040,156.65170556552962
GLOBAL,S3D5,PWRTRNKENXX,1,2040,155.8797652615296
GLOBAL,S1D6,PWRTRNKENXX,1,2041,96.13138686131384
GLOBAL,S1D1,PWRTRNKENXX,1,2041,120.16423357664232
GLOBAL,S1D2,PWRTRNKENXX,1,2041,144.1970802919708
GLOBAL,S1D3,PWRTRNKENXX,1,2041,144.1970802919708
GLOBAL,S1D4,PWRTRNKENXX,1,2041,144.1970802919708
GLOBAL,S1D5,PWRTRNKENXX,1,2041,144.1970802919708
GLOBAL,S2D6,PWRTRNKENXX,1,2041,93.73665480427043
GLOBAL,S2D1,PWRTRNKENXX,1,2041,117.17081850533808
GLOBAL,S2D2,PWRTRNKENXX,1,2041,140.6049822064057
GLOBAL,S2D3,PWRTRNKENXX,1,2041,140.6049822064057
GLOBAL,S2D4,PWRTRNKENXX,1,2041,161.01093184032683
GLOBAL,S2D5,PWRTRNKENXX,1,2041,140.6049822064057
GLOBAL,S3D6,PWRTRNKENXX,1,2041,94.57809694793536
GLOBAL,S3D1,PWRTRNKENXX,1,2041,118.2226211849192
GLOBAL,S3D2,PWRTRNKENXX,1,2041,141.86714542190305
GLOBAL,S3D3,PWRTRNKENXX,1,2041,141.86714542190305
GLOBAL,S3D4,PWRTRNKENXX,1,2041,165.5116696588869
GLOBAL,S3D5,PWRTRNKENXX,1,2041,164.7397293548868
GLOBAL,S1D6,PWRTRNKENXX,1,2042,101.27007299270072
GLOBAL,S1D1,PWRTRNKENXX,1,2042,126.58759124087592
GLOBAL,S1D2,PWRTRNKENXX,1,2042,151.9051094890511
GLOBAL,S1D3,PWRTRNKENXX,1,2042,151.9051094890511
GLOBAL,S1D4,PWRTRNKENXX,1,2042,151.9051094890511
GLOBAL,S1D5,PWRTRNKENXX,1,2042,151.9051094890511
GLOBAL,S2D6,PWRTRNKENXX,1,2042,98.74733096085409
GLOBAL,S2D1,PWRTRNKENXX,1,2042,123.43416370106762
GLOBAL,S2D2,PWRTRNKENXX,1,2042,148.12099644128116
GLOBAL,S2D3,PWRTRNKENXX,1,2042,148.12099644128116
GLOBAL,S2D4,PWRTRNKENXX,1,2042,169.85832860872904
GLOBAL,S2D5,PWRTRNKENXX,1,2042,148.12099644128116
GLOBAL,S3D6,PWRTRNKENXX,1,2042,99.63375224416515
GLOBAL,S3D1,PWRTRNKENXX,1,2042,124.54219030520647
GLOBAL,S3D2,PWRTRNKENXX,1,2042,149.45062836624777
GLOBAL,S3D3,PWRTRNKENXX,1,2042,149.45062836624777
GLOBAL,S3D4,PWRTRNKENXX,1,2042,174.35906642728906
GLOBAL,S3D5,PWRTRNKENXX,1,2042,173.587126123289
GLOBAL,S1D6,PWRTRNKENXX,1,2043,106.41605839416056
GLOBAL,S1D1,PWRTRNKENXX,1,2043,133.02007299270073
GLOBAL,S1D2,PWRTRNKENXX,1,2043,159.62408759124088
GLOBAL,S1D3,PWRTRNKENXX,1,2043,159.62408759124088
GLOBAL,S1D4,PWRTRNKENXX,1,2043,159.62408759124088
GLOBAL,S1D5,PWRTRNKENXX,1,2043,159.62408759124088
GLOBAL,S2D6,PWRTRNKENXX,1,2043,103.76512455516014
GLOBAL,S2D1,PWRTRNKENXX,1,2043,129.7064056939502
GLOBAL,S2D2,PWRTRNKENXX,1,2043,155.64768683274022
GLOBAL,S2D3,PWRTRNKENXX,1,2043,155.64768683274022
GLOBAL,S2D4,PWRTRNKENXX,1,2043,178.71829270208625
GLOBAL,S2D5,PWRTRNKENXX,1,2043,155.64768683274022
GLOBAL,S3D6,PWRTRNKENXX,1,2043,104.69658886894076
GLOBAL,S3D1,PWRTRNKENXX,1,2043,130.87073608617595
GLOBAL,S3D2,PWRTRNKENXX,1,2043,157.04488330341115
GLOBAL,S3D3,PWRTRNKENXX,1,2043,157.04488330341115
GLOBAL,S3D4,PWRTRNKENXX,1,2043,183.21903052064633
GLOBAL,S3D5,PWRTRNKENXX,1,2043,182.44709021664625
GLOBAL,S1D6,PWRTRNKENXX,1,2044,111.56204379562044
GLOBAL,S1D1,PWRTRNKENXX,1,2044,139.45255474452554
GLOBAL,S1D2,PWRTRNKENXX,1,2044,167.34306569343067
GLOBAL,S1D3,PWRTRNKENXX,1,2044,167.34306569343067
GLOBAL,S1D4,PWRTRNKENXX,1,2044,167.34306569343067
GLOBAL,S1D5,PWRTRNKENXX,1,2044,167.34306569343067
GLOBAL,S2D6,PWRTRNKENXX,1,2044,108.78291814946618
GLOBAL,S2D1,PWRTRNKENXX,1,2044,135.97864768683274
GLOBAL,S2D2,PWRTRNKENXX,1,2044,163.1743772241993
GLOBAL,S2D3,PWRTRNKENXX,1,2044,163.1743772241993
GLOBAL,S2D4,PWRTRNKENXX,1,2044,187.5782567954436
GLOBAL,S2D5,PWRTRNKENXX,1,2044,163.1743772241993
GLOBAL,S3D6,PWRTRNKENXX,1,2044,109.75942549371634
GLOBAL,S3D1,PWRTRNKENXX,1,2044,137.19928186714543
GLOBAL,S3D2,PWRTRNKENXX,1,2044,164.6391382405745
GLOBAL,S3D3,PWRTRNKENXX,1,2044,164.6391382405745
GLOBAL,S3D4,PWRTRNKENXX,1,2044,192.0789946140036
GLOBAL,S3D5,PWRTRNKENXX,1,2044,191.30705431000356
GLOBAL,S1D6,PWRTRNKENXX,1,2045,116.70802919708028
GLOBAL,S1D1,PWRTRNKENXX,1,2045,145.88503649635038
GLOBAL,S1D2,PWRTRNKENXX,1,2045,175.06204379562044
GLOBAL,S1D3,PWRTRNKENXX,1,2045,175.06204379562044
GLOBAL,S1D4,PWRTRNKENXX,1,2045,175.06204379562044
GLOBAL,S1D5,PWRTRNKENXX,1,2045,175.06204379562044
GLOBAL,S2D6,PWRTRNKENXX,1,2045,113.80071174377224
GLOBAL,S2D1,PWRTRNKENXX,1,2045,142.2508896797153
GLOBAL,S2D2,PWRTRNKENXX,1,2045,170.7010676156584
GLOBAL,S2D3,PWRTRNKENXX,1,2045,170.7010676156584
GLOBAL,S2D4,PWRTRNKENXX,1,2045,196.4673916888009
GLOBAL,S2D5,PWRTRNKENXX,1,2045,170.7010676156584
GLOBAL,S3D6,PWRTRNKENXX,1,2045,114.82226211849192
GLOBAL,S3D1,PWRTRNKENXX,1,2045,143.5278276481149
GLOBAL,S3D2,PWRTRNKENXX,1,2045,172.2333931777379
GLOBAL,S3D3,PWRTRNKENXX,1,2045,172.2333931777379
GLOBAL,S3D4,PWRTRNKENXX,1,2045,200.93895870736085
GLOBAL,S3D5,PWRTRNKENXX,1,2045,200.9389587073605
GLOBAL,S1D6,PWRTRNKENXX,1,2046,123.16058394160584
GLOBAL,S1D1,PWRTRNKENXX,1,2046,153.9507299270073
GLOBAL,S1D2,PWRTRNKENXX,1,2046,184.74087591240877
GLOBAL,S1D3,PWRTRNKENXX,1,2046,184.74087591240877
GLOBAL,S1D4,PWRTRNKENXX,1,2046,184.74087591240877
GLOBAL,S1D5,PWRTRNKENXX,1,2046,184.74087591240877
GLOBAL,S2D6,PWRTRNKENXX,1,2046,120.09252669039148
GLOBAL,S2D1,PWRTRNKENXX,1,2046,150.11565836298934
GLOBAL,S2D2,PWRTRNKENXX,1,2046,180.13879003558716
GLOBAL,S2D3,PWRTRNKENXX,1,2046,180.13879003558716
GLOBAL,S2D4,PWRTRNKENXX,1,2046,207.576906949124
GLOBAL,S2D5,PWRTRNKENXX,1,2046,180.13879003558716
GLOBAL,S3D6,PWRTRNKENXX,1,2046,121.1705565529623
GLOBAL,S3D1,PWRTRNKENXX,1,2046,151.46319569120288
GLOBAL,S3D2,PWRTRNKENXX,1,2046,181.75583482944344
GLOBAL,S3D3,PWRTRNKENXX,1,2046,181.75583482944344
GLOBAL,S3D4,PWRTRNKENXX,1,2046,212.04847396768403
GLOBAL,S3D5,PWRTRNKENXX,1,2046,212.0484739676837
GLOBAL,S1D6,PWRTRNKENXX,1,2047,129.62043795620437
GLOBAL,S1D1,PWRTRNKENXX,1,2047,162.02554744525546
GLOBAL,S1D2,PWRTRNKENXX,1,2047,194.43065693430657
GLOBAL,S1D3,PWRTRNKENXX,1,2047,194.43065693430657
GLOBAL,S1D4,PWRTRNKENXX,1,2047,194.43065693430657
GLOBAL,S1D5,PWRTRNKENXX,1,2047,194.43065693430657
GLOBAL,S2D6,PWRTRNKENXX,1,2047,126.39145907473312
GLOBAL,S2D1,PWRTRNKENXX,1,2047,157.98932384341637
GLOBAL,S2D2,PWRTRNKENXX,1,2047,189.58718861209965
GLOBAL,S2D3,PWRTRNKENXX,1,2047,189.58718861209965
GLOBAL,S2D4,PWRTRNKENXX,1,2047,218.69898953440224
GLOBAL,S2D5,PWRTRNKENXX,1,2047,189.58718861209965
GLOBAL,S3D6,PWRTRNKENXX,1,2047,127.52603231597844
GLOBAL,S3D1,PWRTRNKENXX,1,2047,159.40754039497307
GLOBAL,S3D2,PWRTRNKENXX,1,2047,191.28904847396768
GLOBAL,S3D3,PWRTRNKENXX,1,2047,191.28904847396768
GLOBAL,S3D4,PWRTRNKENXX,1,2047,223.17055655296232
GLOBAL,S3D5,PWRTRNKENXX,1,2047,223.17055655296136
GLOBAL,S1D6,PWRTRNKENXX,1,2048,136.07299270072994
GLOBAL,S1D1,PWRTRNKENXX,1,2048,170.0912408759124
GLOBAL,S1D2,PWRTRNKENXX,1,2048,204.10948905109487
GLOBAL,S1D3,PWRTRNKENXX,1,2048,204.10948905109487
GLOBAL,S1D4,PWRTRNKENXX,1,2048,204.10948905109487
GLOBAL,S1D5,PWRTRNKENXX,1,2048,204.10948905109487
GLOBAL,S2D6,PWRTRNKENXX,1,2048,132.68327402135233
GLOBAL,S2D1,PWRTRNKENXX,1,2048,165.85409252669038
GLOBAL,S2D2,PWRTRNKENXX,1,2048,199.02491103202848
GLOBAL,S2D3,PWRTRNKENXX,1,2048,199.02491103202848
GLOBAL,S2D4,PWRTRNKENXX,1,2048,230.4615522827256
GLOBAL,S2D5,PWRTRNKENXX,1,2048,199.02491103202848
GLOBAL,S3D6,PWRTRNKENXX,1,2048,133.87432675044883
GLOBAL,S3D1,PWRTRNKENXX,1,2048,167.34290843806104
GLOBAL,S3D2,PWRTRNKENXX,1,2048,200.8114901256733
GLOBAL,S3D3,PWRTRNKENXX,1,2048,200.8114901256733
GLOBAL,S3D4,PWRTRNKENXX,1,2048,234.28007181328547
GLOBAL,S3D5,PWRTRNKENXX,1,2048,234.28007181328556
GLOBAL,S1D6,PWRTRNKENXX,1,2049,142.52554744525546
GLOBAL,S1D1,PWRTRNKENXX,1,2049,178.15693430656933
GLOBAL,S1D2,PWRTRNKENXX,1,2049,213.7883211678832
GLOBAL,S1D3,PWRTRNKENXX,1,2049,213.7883211678832
GLOBAL,S1D4,PWRTRNKENXX,1,2049,213.7883211678832
GLOBAL,S1D5,PWRTRNKENXX,1,2049,213.7883211678832
GLOBAL,S2D6,PWRTRNKENXX,1,2049,138.97508896797152
GLOBAL,S2D1,PWRTRNKENXX,1,2049,173.71886120996442
GLOBAL,S2D2,PWRTRNKENXX,1,2049,208.4626334519573
GLOBAL,S2D3,PWRTRNKENXX,1,2049,208.4626334519573
GLOBAL,S2D4,PWRTRNKENXX,1,2049,241.57106754304863
GLOBAL,S2D5,PWRTRNKENXX,1,2049,208.4626334519573
GLOBAL,S3D6,PWRTRNKENXX,1,2049,140.2226211849192
GLOBAL,S3D1,PWRTRNKENXX,1,2049,175.27827648114902
GLOBAL,S3D2,PWRTRNKENXX,1,2049,210.3339317773788
GLOBAL,S3D3,PWRTRNKENXX,1,2049,210.3339317773788
GLOBAL,S3D4,PWRTRNKENXX,1,2049,245.38958707360865
GLOBAL,S3D5,PWRTRNKENXX,1,2049,245.3895870736086
GLOBAL,S1D6,PWRTRNKENXX,1,2050,148.97810218978103
GLOBAL,S1D1,PWRTRNKENXX,1,2050,186.22262773722628
GLOBAL,S1D2,PWRTRNKENXX,1,2050,223.46715328467155
GLOBAL,S1D3,PWRTRNKENXX,1,2050,223.46715328467155
GLOBAL,S1D4,PWRTRNKENXX,1,2050,223.46715328467155
GLOBAL,S1D5,PWRTRNKENXX,1,2050,223.46715328467155
GLOBAL,S2D6,PWRTRNKENXX,1,2050,145.26690391459076
GLOBAL,S2D1,PWRTRNKENXX,1,2050,181.5836298932384
GLOBAL,S2D2,PWRTRNKENXX,1,2050,217.9003558718861
GLOBAL,S2D3,PWRTRNKENXX,1,2050,217.9003558718861
GLOBAL,S2D4,PWRTRNKENXX,1,2050,252.6805828033718
GLOBAL,S2D5,PWRTRNKENXX,1,2050,217.9003558718861
GLOBAL,S3D6,PWRTRNKENXX,1,2050,146.57091561938958
GLOBAL,S3D1,PWRTRNKENXX,1,2050,183.213644524237
GLOBAL,S3D2,PWRTRNKENXX,1,2050,219.8563734290844
GLOBAL,S3D3,PWRTRNKENXX,1,2050,219.8563734290844
GLOBAL,S3D4,PWRTRNKENXX,1,2050,256.4991023339318
GLOBAL,S3D5,PWRTRNKENXX,1,2050,256.49910233393183
GLOBAL,S1D6,PWRTRNTZAXX,1,2021,23.895347007085427
GLOBAL,S1D1,PWRTRNTZAXX,1,2021,29.73476306547959
GLOBAL,S1D2,PWRTRNTZAXX,1,2021,35.57417912387375
GLOBAL,S1D3,PWRTRNTZAXX,1,2021,29.73476306547959
GLOBAL,S1D4,PWRTRNTZAXX,1,2021,35.57417912387375
GLOBAL,S1D5,PWRTRNTZAXX,1,2021,35.57417912387375
GLOBAL,S2D6,PWRTRNTZAXX,1,2021,23.31348348525256
GLOBAL,S2D1,PWRTRNTZAXX,1,2021,29.007433663188504
GLOBAL,S2D2,PWRTRNTZAXX,1,2021,34.163701067615655
GLOBAL,S2D3,PWRTRNTZAXX,1,2021,29.007433663188504
GLOBAL,S2D4,PWRTRNTZAXX,1,2021,39.85765124555161
GLOBAL,S2D5,PWRTRNTZAXX,1,2021,34.163701067615655
GLOBAL,S3D6,PWRTRNTZAXX,1,2021,23.517934120007887
GLOBAL,S3D1,PWRTRNTZAXX,1,2021,29.262996956632666
GLOBAL,S3D2,PWRTRNTZAXX,1,2021,35.00805979325744
GLOBAL,S3D3,PWRTRNTZAXX,1,2021,35.00805979325744
GLOBAL,S3D4,PWRTRNTZAXX,1,2021,40.21543985637344
GLOBAL,S3D5,PWRTRNTZAXX,1,2021,40.21543985637344
GLOBAL,S1D6,PWRTRNTZAXX,1,2022,26.085128028983235
GLOBAL,S1D1,PWRTRNTZAXX,1,2022,32.47198934285185
GLOBAL,S1D2,PWRTRNTZAXX,1,2022,38.85885065672046
GLOBAL,S1D3,PWRTRNTZAXX,1,2022,32.47198934285185
GLOBAL,S1D4,PWRTRNTZAXX,1,2022,38.85885065672046
GLOBAL,S1D5,PWRTRNTZAXX,1,2022,38.85885065672046
GLOBAL,S2D6,PWRTRNTZAXX,1,2022,25.448714801978536
GLOBAL,S2D1,PWRTRNTZAXX,1,2022,31.676472809095976
GLOBAL,S2D2,PWRTRNTZAXX,1,2022,37.904230816213406
GLOBAL,S2D3,PWRTRNTZAXX,1,2022,31.676472809095976
GLOBAL,S2D4,PWRTRNTZAXX,1,2022,43.59430604982207
GLOBAL,S2D5,PWRTRNTZAXX,1,2022,37.904230816213406
GLOBAL,S3D6,PWRTRNTZAXX,1,2022,25.672332683742177
GLOBAL,S3D1,PWRTRNTZAXX,1,2022,31.955995161300528
GLOBAL,S3D2,PWRTRNTZAXX,1,2022,38.23965763885888
GLOBAL,S3D3,PWRTRNTZAXX,1,2022,38.23965763885888
GLOBAL,S3D4,PWRTRNTZAXX,1,2022,43.98563734290844
GLOBAL,S3D5,PWRTRNTZAXX,1,2022,43.98563734290844
GLOBAL,S1D6,PWRTRNTZAXX,1,2023,29.197080291970803
GLOBAL,S1D1,PWRTRNTZAXX,1,2023,36.496350364963504
GLOBAL,S1D2,PWRTRNTZAXX,1,2023,43.7956204379562
GLOBAL,S1D3,PWRTRNTZAXX,1,2023,36.496350364963504
GLOBAL,S1D4,PWRTRNTZAXX,1,2023,43.7956204379562
GLOBAL,S1D5,PWRTRNTZAXX,1,2023,43.7956204379562
GLOBAL,S2D6,PWRTRNTZAXX,1,2023,28.46975088967972
GLOBAL,S2D1,PWRTRNTZAXX,1,2023,35.587188612099645
GLOBAL,S2D2,PWRTRNTZAXX,1,2023,42.70462633451957
GLOBAL,S2D3,PWRTRNTZAXX,1,2023,35.587188612099645
GLOBAL,S2D4,PWRTRNTZAXX,1,2023,49.822064056939496
GLOBAL,S2D5,PWRTRNTZAXX,1,2023,42.70462633451957
GLOBAL,S3D6,PWRTRNTZAXX,1,2023,28.72531418312388
GLOBAL,S3D1,PWRTRNTZAXX,1,2023,35.90664272890485
GLOBAL,S3D2,PWRTRNTZAXX,1,2023,43.087971274685806
GLOBAL,S3D3,PWRTRNTZAXX,1,2023,43.087971274685806
GLOBAL,S3D4,PWRTRNTZAXX,1,2023,50.269299820466784
GLOBAL,S3D5,PWRTRNTZAXX,1,2023,50.269299820466784
GLOBAL,S1D6,PWRTRNTZAXX,1,2024,49.62043795620438
GLOBAL,S1D1,PWRTRNTZAXX,1,2024,62.02554744525548
GLOBAL,S1D2,PWRTRNTZAXX,1,2024,74.43065693430657
GLOBAL,S1D3,PWRTRNTZAXX,1,2024,62.02554744525548
GLOBAL,S1D4,PWRTRNTZAXX,1,2024,74.43065693430657
GLOBAL,S1D5,PWRTRNTZAXX,1,2024,74.43065693430657
GLOBAL,S2D6,PWRTRNTZAXX,1,2024,48.38434163701067
GLOBAL,S2D1,PWRTRNTZAXX,1,2024,60.480427046263344
GLOBAL,S2D2,PWRTRNTZAXX,1,2024,72.57651245551601
GLOBAL,S2D3,PWRTRNTZAXX,1,2024,60.480427046263344
GLOBAL,S2D4,PWRTRNTZAXX,1,2024,84.67259786476869
GLOBAL,S2D5,PWRTRNTZAXX,1,2024,72.57651245551601
GLOBAL,S3D6,PWRTRNTZAXX,1,2024,48.81867145421903
GLOBAL,S3D1,PWRTRNTZAXX,1,2024,61.02333931777379
GLOBAL,S3D2,PWRTRNTZAXX,1,2024,73.22800718132855
GLOBAL,S3D3,PWRTRNTZAXX,1,2024,73.22800718132855
GLOBAL,S3D4,PWRTRNTZAXX,1,2024,85.43267504488331
GLOBAL,S3D5,PWRTRNTZAXX,1,2024,85.43267504488331
GLOBAL,S1D6,PWRTRNTZAXX,1,2025,53.21167883211679
GLOBAL,S1D1,PWRTRNTZAXX,1,2025,66.51459854014598
GLOBAL,S1D2,PWRTRNTZAXX,1,2025,79.81751824817516
GLOBAL,S1D3,PWRTRNTZAXX,1,2025,66.51459854014598
GLOBAL,S1D4,PWRTRNTZAXX,1,2025,79.81751824817516
GLOBAL,S1D5,PWRTRNTZAXX,1,2025,79.81751824817516
GLOBAL,S2D6,PWRTRNTZAXX,1,2025,51.88612099644128
GLOBAL,S2D1,PWRTRNTZAXX,1,2025,64.85765124555161
GLOBAL,S2D2,PWRTRNTZAXX,1,2025,77.82918149466191
GLOBAL,S2D3,PWRTRNTZAXX,1,2025,64.85765124555161
GLOBAL,S2D4,PWRTRNTZAXX,1,2025,90.80071174377224
GLOBAL,S2D5,PWRTRNTZAXX,1,2025,77.82918149466191
GLOBAL,S3D6,PWRTRNTZAXX,1,2025,52.351885098743274
GLOBAL,S3D1,PWRTRNTZAXX,1,2025,65.43985637342908
GLOBAL,S3D2,PWRTRNTZAXX,1,2025,78.5278276481149
GLOBAL,S3D3,PWRTRNTZAXX,1,2025,78.5278276481149
GLOBAL,S3D4,PWRTRNTZAXX,1,2025,91.61579892280072
GLOBAL,S3D5,PWRTRNTZAXX,1,2025,91.61579892280072
GLOBAL,S1D6,PWRTRNTZAXX,1,2026,57.773722627737214
GLOBAL,S1D1,PWRTRNTZAXX,1,2026,72.21715328467153
GLOBAL,S1D2,PWRTRNTZAXX,1,2026,86.66058394160582
GLOBAL,S1D3,PWRTRNTZAXX,1,2026,72.21715328467153
GLOBAL,S1D4,PWRTRNTZAXX,1,2026,86.66058394160582
GLOBAL,S1D5,PWRTRNTZAXX,1,2026,86.66058394160582
GLOBAL,S2D6,PWRTRNTZAXX,1,2026,56.33451957295374
GLOBAL,S2D1,PWRTRNTZAXX,1,2026,70.41814946619218
GLOBAL,S2D2,PWRTRNTZAXX,1,2026,84.5017793594306
GLOBAL,S2D3,PWRTRNTZAXX,1,2026,70.41814946619218
GLOBAL,S2D4,PWRTRNTZAXX,1,2026,98.58540925266905
GLOBAL,S2D5,PWRTRNTZAXX,1,2026,84.5017793594306
GLOBAL,S3D6,PWRTRNTZAXX,1,2026,56.840215439856365
GLOBAL,S3D1,PWRTRNTZAXX,1,2026,71.05026929982047
GLOBAL,S3D2,PWRTRNTZAXX,1,2026,85.26032315978455
GLOBAL,S3D3,PWRTRNTZAXX,1,2026,85.26032315978455
GLOBAL,S3D4,PWRTRNTZAXX,1,2026,99.47037701974864
GLOBAL,S3D5,PWRTRNTZAXX,1,2026,99.47037701974864
GLOBAL,S1D6,PWRTRNTZAXX,1,2027,62.32846715328467
GLOBAL,S1D1,PWRTRNTZAXX,1,2027,77.91058394160582
GLOBAL,S1D2,PWRTRNTZAXX,1,2027,93.49270072992702
GLOBAL,S1D3,PWRTRNTZAXX,1,2027,77.91058394160582
GLOBAL,S1D4,PWRTRNTZAXX,1,2027,93.49270072992702
GLOBAL,S1D5,PWRTRNTZAXX,1,2027,93.49270072992702
GLOBAL,S2D6,PWRTRNTZAXX,1,2027,60.77580071174377
GLOBAL,S2D1,PWRTRNTZAXX,1,2027,75.96975088967972
GLOBAL,S2D2,PWRTRNTZAXX,1,2027,91.16370106761566
GLOBAL,S2D3,PWRTRNTZAXX,1,2027,75.96975088967972
GLOBAL,S2D4,PWRTRNTZAXX,1,2027,106.3576512455516
GLOBAL,S2D5,PWRTRNTZAXX,1,2027,91.16370106761566
GLOBAL,S3D6,PWRTRNTZAXX,1,2027,61.3213644524237
GLOBAL,S3D1,PWRTRNTZAXX,1,2027,76.65170556552961
GLOBAL,S3D2,PWRTRNTZAXX,1,2027,91.98204667863556
GLOBAL,S3D3,PWRTRNTZAXX,1,2027,91.98204667863556
GLOBAL,S3D4,PWRTRNTZAXX,1,2027,107.31238779174149
GLOBAL,S3D5,PWRTRNTZAXX,1,2027,107.31238779174149
GLOBAL,S1D6,PWRTRNTZAXX,1,2028,66.8905109489051
GLOBAL,S1D1,PWRTRNTZAXX,1,2028,83.61313868613139
GLOBAL,S1D2,PWRTRNTZAXX,1,2028,100.33576642335768
GLOBAL,S1D3,PWRTRNTZAXX,1,2028,83.61313868613139
GLOBAL,S1D4,PWRTRNTZAXX,1,2028,100.33576642335768
GLOBAL,S1D5,PWRTRNTZAXX,1,2028,100.33576642335768
GLOBAL,S2D6,PWRTRNTZAXX,1,2028,65.22419928825623
GLOBAL,S2D1,PWRTRNTZAXX,1,2028,81.53024911032028
GLOBAL,S2D2,PWRTRNTZAXX,1,2028,97.83629893238432
GLOBAL,S2D3,PWRTRNTZAXX,1,2028,81.53024911032028
GLOBAL,S2D4,PWRTRNTZAXX,1,2028,114.1423487544484
GLOBAL,S2D5,PWRTRNTZAXX,1,2028,97.83629893238432
GLOBAL,S3D6,PWRTRNTZAXX,1,2028,65.8096947935368
GLOBAL,S3D1,PWRTRNTZAXX,1,2028,82.262118491921
GLOBAL,S3D2,PWRTRNTZAXX,1,2028,98.7145421903052
GLOBAL,S3D3,PWRTRNTZAXX,1,2028,98.7145421903052
GLOBAL,S3D4,PWRTRNTZAXX,1,2028,115.1669658886894
GLOBAL,S3D5,PWRTRNTZAXX,1,2028,115.1669658886894
GLOBAL,S1D6,PWRTRNTZAXX,1,2029,71.45255474452554
GLOBAL,S1D1,PWRTRNTZAXX,1,2029,89.31569343065692
GLOBAL,S1D2,PWRTRNTZAXX,1,2029,107.17883211678831
GLOBAL,S1D3,PWRTRNTZAXX,1,2029,89.31569343065692
GLOBAL,S1D4,PWRTRNTZAXX,1,2029,107.17883211678831
GLOBAL,S1D5,PWRTRNTZAXX,1,2029,107.17883211678831
GLOBAL,S2D6,PWRTRNTZAXX,1,2029,69.67259786476868
GLOBAL,S2D1,PWRTRNTZAXX,1,2029,87.09074733096085
GLOBAL,S2D2,PWRTRNTZAXX,1,2029,104.50889679715304
GLOBAL,S2D3,PWRTRNTZAXX,1,2029,87.09074733096085
GLOBAL,S2D4,PWRTRNTZAXX,1,2029,121.9270462633452
GLOBAL,S2D5,PWRTRNTZAXX,1,2029,104.50889679715304
GLOBAL,S3D6,PWRTRNTZAXX,1,2029,70.2980251346499
GLOBAL,S3D1,PWRTRNTZAXX,1,2029,87.87253141831238
GLOBAL,S3D2,PWRTRNTZAXX,1,2029,105.44703770197486
GLOBAL,S3D3,PWRTRNTZAXX,1,2029,105.44703770197486
GLOBAL,S3D4,PWRTRNTZAXX,1,2029,123.02154398563734
GLOBAL,S3D5,PWRTRNTZAXX,1,2029,123.02154398563734
GLOBAL,S1D6,PWRTRNTZAXX,1,2030,76.014598540146
GLOBAL,S1D1,PWRTRNTZAXX,1,2030,95.01824817518249
GLOBAL,S1D2,PWRTRNTZAXX,1,2030,114.02189781021896
GLOBAL,S1D3,PWRTRNTZAXX,1,2030,95.01824817518249
GLOBAL,S1D4,PWRTRNTZAXX,1,2030,114.02189781021896
GLOBAL,S1D5,PWRTRNTZAXX,1,2030,114.02189781021896
GLOBAL,S2D6,PWRTRNTZAXX,1,2030,74.12099644128115
GLOBAL,S2D1,PWRTRNTZAXX,1,2030,92.65124555160142
GLOBAL,S2D2,PWRTRNTZAXX,1,2030,111.18149466192172
GLOBAL,S2D3,PWRTRNTZAXX,1,2030,92.65124555160142
GLOBAL,S2D4,PWRTRNTZAXX,1,2030,129.711743772242
GLOBAL,S2D5,PWRTRNTZAXX,1,2030,111.18149466192172
GLOBAL,S3D6,PWRTRNTZAXX,1,2030,74.78635547576302
GLOBAL,S3D1,PWRTRNTZAXX,1,2030,93.48294434470378
GLOBAL,S3D2,PWRTRNTZAXX,1,2030,112.17953321364452
GLOBAL,S3D3,PWRTRNTZAXX,1,2030,112.17953321364452
GLOBAL,S3D4,PWRTRNTZAXX,1,2030,130.87612208258528
GLOBAL,S3D5,PWRTRNTZAXX,1,2030,130.87612208258528
GLOBAL,S1D6,PWRTRNTZAXX,1,2031,81.52554744525547
GLOBAL,S1D1,PWRTRNTZAXX,1,2031,101.90693430656934
GLOBAL,S1D2,PWRTRNTZAXX,1,2031,122.2883211678832
GLOBAL,S1D3,PWRTRNTZAXX,1,2031,101.90693430656934
GLOBAL,S1D4,PWRTRNTZAXX,1,2031,122.2883211678832
GLOBAL,S1D5,PWRTRNTZAXX,1,2031,122.2883211678832
GLOBAL,S2D6,PWRTRNTZAXX,1,2031,79.49466192170817
GLOBAL,S2D1,PWRTRNTZAXX,1,2031,99.36832740213524
GLOBAL,S2D2,PWRTRNTZAXX,1,2031,119.24199288256229
GLOBAL,S2D3,PWRTRNTZAXX,1,2031,99.36832740213524
GLOBAL,S2D4,PWRTRNTZAXX,1,2031,139.1156583629893
GLOBAL,S2D5,PWRTRNTZAXX,1,2031,119.24199288256229
GLOBAL,S3D6,PWRTRNTZAXX,1,2031,80.20825852782765
GLOBAL,S3D1,PWRTRNTZAXX,1,2031,100.26032315978456
GLOBAL,S3D2,PWRTRNTZAXX,1,2031,120.31238779174149
GLOBAL,S3D3,PWRTRNTZAXX,1,2031,120.31238779174149
GLOBAL,S3D4,PWRTRNTZAXX,1,2031,140.3644524236984
GLOBAL,S3D5,PWRTRNTZAXX,1,2031,140.3644524236984
GLOBAL,S1D6,PWRTRNTZAXX,1,2032,87.04379562043793
GLOBAL,S1D1,PWRTRNTZAXX,1,2032,108.80474452554743
GLOBAL,S1D2,PWRTRNTZAXX,1,2032,130.56569343065692
GLOBAL,S1D3,PWRTRNTZAXX,1,2032,108.80474452554743
GLOBAL,S1D4,PWRTRNTZAXX,1,2032,130.56569343065692
GLOBAL,S1D5,PWRTRNTZAXX,1,2032,130.56569343065692
GLOBAL,S2D6,PWRTRNTZAXX,1,2032,84.87544483985765
GLOBAL,S2D1,PWRTRNTZAXX,1,2032,106.09430604982208
GLOBAL,S2D2,PWRTRNTZAXX,1,2032,127.31316725978648
GLOBAL,S2D3,PWRTRNTZAXX,1,2032,106.09430604982208
GLOBAL,S2D4,PWRTRNTZAXX,1,2032,148.53202846975088
GLOBAL,S2D5,PWRTRNTZAXX,1,2032,127.31316725978648
GLOBAL,S3D6,PWRTRNTZAXX,1,2032,85.63734290843804
GLOBAL,S3D1,PWRTRNTZAXX,1,2032,107.04667863554758
GLOBAL,S3D2,PWRTRNTZAXX,1,2032,128.4560143626571
GLOBAL,S3D3,PWRTRNTZAXX,1,2032,128.4560143626571
GLOBAL,S3D4,PWRTRNTZAXX,1,2032,149.86535008976662
GLOBAL,S3D5,PWRTRNTZAXX,1,2032,149.86535008976662
GLOBAL,S1D6,PWRTRNTZAXX,1,2033,92.56204379562045
GLOBAL,S1D1,PWRTRNTZAXX,1,2033,115.70255474452554
GLOBAL,S1D2,PWRTRNTZAXX,1,2033,138.84306569343065
GLOBAL,S1D3,PWRTRNTZAXX,1,2033,115.70255474452554
GLOBAL,S1D4,PWRTRNTZAXX,1,2033,138.84306569343065
GLOBAL,S1D5,PWRTRNTZAXX,1,2033,138.84306569343065
GLOBAL,S2D6,PWRTRNTZAXX,1,2033,90.25622775800711
GLOBAL,S2D1,PWRTRNTZAXX,1,2033,112.8202846975089
GLOBAL,S2D2,PWRTRNTZAXX,1,2033,135.38434163701066
GLOBAL,S2D3,PWRTRNTZAXX,1,2033,112.8202846975089
GLOBAL,S2D4,PWRTRNTZAXX,1,2033,157.94839857651246
GLOBAL,S2D5,PWRTRNTZAXX,1,2033,135.38434163701066
GLOBAL,S3D6,PWRTRNTZAXX,1,2033,91.06642728904848
GLOBAL,S3D1,PWRTRNTZAXX,1,2033,113.83303411131058
GLOBAL,S3D2,PWRTRNTZAXX,1,2033,136.59964093357272
GLOBAL,S3D3,PWRTRNTZAXX,1,2033,136.59964093357272
GLOBAL,S3D4,PWRTRNTZAXX,1,2033,159.36624775583482
GLOBAL,S3D5,PWRTRNTZAXX,1,2033,159.36624775583482
GLOBAL,S1D6,PWRTRNTZAXX,1,2034,98.07299270072993
GLOBAL,S1D1,PWRTRNTZAXX,1,2034,122.5912408759124
GLOBAL,S1D2,PWRTRNTZAXX,1,2034,147.1094890510949
GLOBAL,S1D3,PWRTRNTZAXX,1,2034,122.5912408759124
GLOBAL,S1D4,PWRTRNTZAXX,1,2034,147.1094890510949
GLOBAL,S1D5,PWRTRNTZAXX,1,2034,147.1094890510949
GLOBAL,S2D6,PWRTRNTZAXX,1,2034,95.62989323843416
GLOBAL,S2D1,PWRTRNTZAXX,1,2034,119.5373665480427
GLOBAL,S2D2,PWRTRNTZAXX,1,2034,143.44483985765126
GLOBAL,S2D3,PWRTRNTZAXX,1,2034,119.5373665480427
GLOBAL,S2D4,PWRTRNTZAXX,1,2034,167.3523131672598
GLOBAL,S2D5,PWRTRNTZAXX,1,2034,143.44483985765126
GLOBAL,S3D6,PWRTRNTZAXX,1,2034,96.4883303411131
GLOBAL,S3D1,PWRTRNTZAXX,1,2034,120.61041292639138
GLOBAL,S3D2,PWRTRNTZAXX,1,2034,144.73249551166967
GLOBAL,S3D3,PWRTRNTZAXX,1,2034,144.73249551166967
GLOBAL,S3D4,PWRTRNTZAXX,1,2034,168.85457809694796
GLOBAL,S3D5,PWRTRNTZAXX,1,2034,168.85457809694796
GLOBAL,S1D6,PWRTRNTZAXX,1,2035,103.5912408759124
GLOBAL,S1D1,PWRTRNTZAXX,1,2035,129.4890510948905
GLOBAL,S1D2,PWRTRNTZAXX,1,2035,155.38686131386862
GLOBAL,S1D3,PWRTRNTZAXX,1,2035,129.4890510948905
GLOBAL,S1D4,PWRTRNTZAXX,1,2035,155.38686131386862
GLOBAL,S1D5,PWRTRNTZAXX,1,2035,155.38686131386862
GLOBAL,S2D6,PWRTRNTZAXX,1,2035,101.01067615658364
GLOBAL,S2D1,PWRTRNTZAXX,1,2035,126.26334519572954
GLOBAL,S2D2,PWRTRNTZAXX,1,2035,151.51601423487546
GLOBAL,S2D3,PWRTRNTZAXX,1,2035,126.26334519572954
GLOBAL,S2D4,PWRTRNTZAXX,1,2035,176.76868327402136
GLOBAL,S2D5,PWRTRNTZAXX,1,2035,151.51601423487546
GLOBAL,S3D6,PWRTRNTZAXX,1,2035,101.91741472172352
GLOBAL,S3D1,PWRTRNTZAXX,1,2035,127.3967684021544
GLOBAL,S3D2,PWRTRNTZAXX,1,2035,152.87612208258528
GLOBAL,S3D3,PWRTRNTZAXX,1,2035,152.87612208258528
GLOBAL,S3D4,PWRTRNTZAXX,1,2035,178.35547576301616
GLOBAL,S3D5,PWRTRNTZAXX,1,2035,178.35547576301616
GLOBAL,S1D6,PWRTRNTZAXX,1,2036,110.14598540145984
GLOBAL,S1D1,PWRTRNTZAXX,1,2036,137.6824817518248
GLOBAL,S1D2,PWRTRNTZAXX,1,2036,165.2189781021898
GLOBAL,S1D3,PWRTRNTZAXX,1,2036,137.6824817518248
GLOBAL,S1D4,PWRTRNTZAXX,1,2036,165.2189781021898
GLOBAL,S1D5,PWRTRNTZAXX,1,2036,165.2189781021898
GLOBAL,S2D6,PWRTRNTZAXX,1,2036,107.40213523131672
GLOBAL,S2D1,PWRTRNTZAXX,1,2036,134.2526690391459
GLOBAL,S2D2,PWRTRNTZAXX,1,2036,161.10320284697508
GLOBAL,S2D3,PWRTRNTZAXX,1,2036,134.2526690391459
GLOBAL,S2D4,PWRTRNTZAXX,1,2036,187.9537366548043
GLOBAL,S2D5,PWRTRNTZAXX,1,2036,161.10320284697508
GLOBAL,S3D6,PWRTRNTZAXX,1,2036,108.36624775583482
GLOBAL,S3D1,PWRTRNTZAXX,1,2036,135.45780969479353
GLOBAL,S3D2,PWRTRNTZAXX,1,2036,162.54937163375226
GLOBAL,S3D3,PWRTRNTZAXX,1,2036,162.54937163375226
GLOBAL,S3D4,PWRTRNTZAXX,1,2036,189.64093357271096
GLOBAL,S3D5,PWRTRNTZAXX,1,2036,189.64093357271096
GLOBAL,S1D6,PWRTRNTZAXX,1,2037,116.69343065693432
GLOBAL,S1D1,PWRTRNTZAXX,1,2037,145.8667883211679
GLOBAL,S1D2,PWRTRNTZAXX,1,2037,175.04014598540147
GLOBAL,S1D3,PWRTRNTZAXX,1,2037,145.8667883211679
GLOBAL,S1D4,PWRTRNTZAXX,1,2037,175.04014598540147
GLOBAL,S1D5,PWRTRNTZAXX,1,2037,175.04014598540147
GLOBAL,S2D6,PWRTRNTZAXX,1,2037,113.7864768683274
GLOBAL,S2D1,PWRTRNTZAXX,1,2037,142.23309608540924
GLOBAL,S2D2,PWRTRNTZAXX,1,2037,170.6797153024911
GLOBAL,S2D3,PWRTRNTZAXX,1,2037,142.23309608540924
GLOBAL,S2D4,PWRTRNTZAXX,1,2037,199.1263345195729
GLOBAL,S2D5,PWRTRNTZAXX,1,2037,170.6797153024911
GLOBAL,S3D6,PWRTRNTZAXX,1,2037,114.80789946140035
GLOBAL,S3D1,PWRTRNTZAXX,1,2037,143.50987432675046
GLOBAL,S3D2,PWRTRNTZAXX,1,2037,172.21184919210054
GLOBAL,S3D3,PWRTRNTZAXX,1,2037,172.21184919210054
GLOBAL,S3D4,PWRTRNTZAXX,1,2037,200.91382405745065
GLOBAL,S3D5,PWRTRNTZAXX,1,2037,200.91382405745065
GLOBAL,S1D6,PWRTRNTZAXX,1,2038,123.24817518248176
GLOBAL,S1D1,PWRTRNTZAXX,1,2038,154.0602189781022
GLOBAL,S1D2,PWRTRNTZAXX,1,2038,184.87226277372264
GLOBAL,S1D3,PWRTRNTZAXX,1,2038,154.0602189781022
GLOBAL,S1D4,PWRTRNTZAXX,1,2038,184.87226277372264
GLOBAL,S1D5,PWRTRNTZAXX,1,2038,184.87226277372264
GLOBAL,S2D6,PWRTRNTZAXX,1,2038,120.17793594306048
GLOBAL,S2D1,PWRTRNTZAXX,1,2038,150.22241992882564
GLOBAL,S2D2,PWRTRNTZAXX,1,2038,180.2669039145908
GLOBAL,S2D3,PWRTRNTZAXX,1,2038,150.22241992882564
GLOBAL,S2D4,PWRTRNTZAXX,1,2038,210.31138790035587
GLOBAL,S2D5,PWRTRNTZAXX,1,2038,180.2669039145908
GLOBAL,S3D6,PWRTRNTZAXX,1,2038,121.25673249551166
GLOBAL,S3D1,PWRTRNTZAXX,1,2038,151.5709156193896
GLOBAL,S3D2,PWRTRNTZAXX,1,2038,181.88509874326752
GLOBAL,S3D3,PWRTRNTZAXX,1,2038,181.88509874326752
GLOBAL,S3D4,PWRTRNTZAXX,1,2038,212.19928186714543
GLOBAL,S3D5,PWRTRNTZAXX,1,2038,212.19928186714543
GLOBAL,S1D6,PWRTRNTZAXX,1,2039,129.80291970802918
GLOBAL,S1D1,PWRTRNTZAXX,1,2039,162.2536496350365
GLOBAL,S1D2,PWRTRNTZAXX,1,2039,194.70437956204375
GLOBAL,S1D3,PWRTRNTZAXX,1,2039,162.2536496350365
GLOBAL,S1D4,PWRTRNTZAXX,1,2039,194.70437956204375
GLOBAL,S1D5,PWRTRNTZAXX,1,2039,194.70437956204375
GLOBAL,S2D6,PWRTRNTZAXX,1,2039,126.5693950177936
GLOBAL,S2D1,PWRTRNTZAXX,1,2039,158.21174377224202
GLOBAL,S2D2,PWRTRNTZAXX,1,2039,189.8540925266904
GLOBAL,S2D3,PWRTRNTZAXX,1,2039,158.21174377224202
GLOBAL,S2D4,PWRTRNTZAXX,1,2039,221.4964412811388
GLOBAL,S2D5,PWRTRNTZAXX,1,2039,189.8540925266904
GLOBAL,S3D6,PWRTRNTZAXX,1,2039,127.705565529623
GLOBAL,S3D1,PWRTRNTZAXX,1,2039,159.63195691202873
GLOBAL,S3D2,PWRTRNTZAXX,1,2039,191.55834829443447
GLOBAL,S3D3,PWRTRNTZAXX,1,2039,191.55834829443447
GLOBAL,S3D4,PWRTRNTZAXX,1,2039,223.4847396768402
GLOBAL,S3D5,PWRTRNTZAXX,1,2039,223.4847396768402
GLOBAL,S1D6,PWRTRNTZAXX,1,2040,136.35766423357666
GLOBAL,S1D1,PWRTRNTZAXX,1,2040,170.44708029197082
GLOBAL,S1D2,PWRTRNTZAXX,1,2040,204.53649635036496
GLOBAL,S1D3,PWRTRNTZAXX,1,2040,170.44708029197082
GLOBAL,S1D4,PWRTRNTZAXX,1,2040,204.53649635036496
GLOBAL,S1D5,PWRTRNTZAXX,1,2040,204.53649635036496
GLOBAL,S2D6,PWRTRNTZAXX,1,2040,132.9608540925267
GLOBAL,S2D1,PWRTRNTZAXX,1,2040,166.20106761565836
GLOBAL,S2D2,PWRTRNTZAXX,1,2040,199.44128113879003
GLOBAL,S2D3,PWRTRNTZAXX,1,2040,166.20106761565836
GLOBAL,S2D4,PWRTRNTZAXX,1,2040,232.68149466192173
GLOBAL,S2D5,PWRTRNTZAXX,1,2040,199.44128113879003
GLOBAL,S3D6,PWRTRNTZAXX,1,2040,134.1543985637343
GLOBAL,S3D1,PWRTRNTZAXX,1,2040,167.69299820466787
GLOBAL,S3D2,PWRTRNTZAXX,1,2040,201.23159784560144
GLOBAL,S3D3,PWRTRNTZAXX,1,2040,201.23159784560144
GLOBAL,S3D4,PWRTRNTZAXX,1,2040,234.770197486535
GLOBAL,S3D5,PWRTRNTZAXX,1,2040,234.770197486535
GLOBAL,S1D6,PWRTRNTZAXX,1,2041,144.10218978102188
GLOBAL,S1D1,PWRTRNTZAXX,1,2041,180.1277372262774
GLOBAL,S1D2,PWRTRNTZAXX,1,2041,216.15328467153284
GLOBAL,S1D3,PWRTRNTZAXX,1,2041,180.1277372262774
GLOBAL,S1D4,PWRTRNTZAXX,1,2041,216.15328467153284
GLOBAL,S1D5,PWRTRNTZAXX,1,2041,216.15328467153284
GLOBAL,S2D6,PWRTRNTZAXX,1,2041,140.51245551601423
GLOBAL,S2D1,PWRTRNTZAXX,1,2041,175.6405693950178
GLOBAL,S2D2,PWRTRNTZAXX,1,2041,210.76868327402136
GLOBAL,S2D3,PWRTRNTZAXX,1,2041,175.6405693950178
GLOBAL,S2D4,PWRTRNTZAXX,1,2041,245.8967971530249
GLOBAL,S2D5,PWRTRNTZAXX,1,2041,210.76868327402136
GLOBAL,S3D6,PWRTRNTZAXX,1,2041,141.7737881508079
GLOBAL,S3D1,PWRTRNTZAXX,1,2041,177.21723518850987
GLOBAL,S3D2,PWRTRNTZAXX,1,2041,212.66068222621183
GLOBAL,S3D3,PWRTRNTZAXX,1,2041,212.66068222621183
GLOBAL,S3D4,PWRTRNTZAXX,1,2041,248.10412926391385
GLOBAL,S3D5,PWRTRNTZAXX,1,2041,248.10412926391385
GLOBAL,S1D6,PWRTRNTZAXX,1,2042,151.84671532846713
GLOBAL,S1D1,PWRTRNTZAXX,1,2042,189.80839416058396
GLOBAL,S1D2,PWRTRNTZAXX,1,2042,227.77007299270076
GLOBAL,S1D3,PWRTRNTZAXX,1,2042,189.80839416058396
GLOBAL,S1D4,PWRTRNTZAXX,1,2042,227.77007299270076
GLOBAL,S1D5,PWRTRNTZAXX,1,2042,227.77007299270076
GLOBAL,S2D6,PWRTRNTZAXX,1,2042,148.06405693950177
GLOBAL,S2D1,PWRTRNTZAXX,1,2042,185.0800711743772
GLOBAL,S2D2,PWRTRNTZAXX,1,2042,222.09608540925265
GLOBAL,S2D3,PWRTRNTZAXX,1,2042,185.0800711743772
GLOBAL,S2D4,PWRTRNTZAXX,1,2042,259.1120996441281
GLOBAL,S2D5,PWRTRNTZAXX,1,2042,222.09608540925265
GLOBAL,S3D6,PWRTRNTZAXX,1,2042,149.3931777378815
GLOBAL,S3D1,PWRTRNTZAXX,1,2042,186.74147217235193
GLOBAL,S3D2,PWRTRNTZAXX,1,2042,224.08976660682225
GLOBAL,S3D3,PWRTRNTZAXX,1,2042,224.08976660682225
GLOBAL,S3D4,PWRTRNTZAXX,1,2042,261.4380610412926
GLOBAL,S3D5,PWRTRNTZAXX,1,2042,261.4380610412926
GLOBAL,S1D6,PWRTRNTZAXX,1,2043,159.5912408759124
GLOBAL,S1D1,PWRTRNTZAXX,1,2043,199.48905109489047
GLOBAL,S1D2,PWRTRNTZAXX,1,2043,239.38686131386856
GLOBAL,S1D3,PWRTRNTZAXX,1,2043,199.48905109489047
GLOBAL,S1D4,PWRTRNTZAXX,1,2043,239.38686131386856
GLOBAL,S1D5,PWRTRNTZAXX,1,2043,239.38686131386856
GLOBAL,S2D6,PWRTRNTZAXX,1,2043,155.6156583629893
GLOBAL,S2D1,PWRTRNTZAXX,1,2043,194.51957295373663
GLOBAL,S2D2,PWRTRNTZAXX,1,2043,233.423487544484
GLOBAL,S2D3,PWRTRNTZAXX,1,2043,194.51957295373663
GLOBAL,S2D4,PWRTRNTZAXX,1,2043,272.3274021352313
GLOBAL,S2D5,PWRTRNTZAXX,1,2043,233.423487544484
GLOBAL,S3D6,PWRTRNTZAXX,1,2043,157.0125673249551
GLOBAL,S3D1,PWRTRNTZAXX,1,2043,196.2657091561939
GLOBAL,S3D2,PWRTRNTZAXX,1,2043,235.51885098743267
GLOBAL,S3D3,PWRTRNTZAXX,1,2043,235.51885098743267
GLOBAL,S3D4,PWRTRNTZAXX,1,2043,274.77199281867144
GLOBAL,S3D5,PWRTRNTZAXX,1,2043,274.77199281867144
GLOBAL,S1D6,PWRTRNTZAXX,1,2044,167.34306569343067
GLOBAL,S1D1,PWRTRNTZAXX,1,2044,209.17883211678833
GLOBAL,S1D2,PWRTRNTZAXX,1,2044,251.01459854014595
GLOBAL,S1D3,PWRTRNTZAXX,1,2044,209.17883211678833
GLOBAL,S1D4,PWRTRNTZAXX,1,2044,251.01459854014595
GLOBAL,S1D5,PWRTRNTZAXX,1,2044,251.01459854014595
GLOBAL,S2D6,PWRTRNTZAXX,1,2044,163.1743772241993
GLOBAL,S2D1,PWRTRNTZAXX,1,2044,203.9679715302491
GLOBAL,S2D2,PWRTRNTZAXX,1,2044,244.76156583629893
GLOBAL,S2D3,PWRTRNTZAXX,1,2044,203.9679715302491
GLOBAL,S2D4,PWRTRNTZAXX,1,2044,285.5551601423488
GLOBAL,S2D5,PWRTRNTZAXX,1,2044,244.76156583629893
GLOBAL,S3D6,PWRTRNTZAXX,1,2044,164.6391382405745
GLOBAL,S3D1,PWRTRNTZAXX,1,2044,205.7989228007181
GLOBAL,S3D2,PWRTRNTZAXX,1,2044,246.95870736086172
GLOBAL,S3D3,PWRTRNTZAXX,1,2044,246.95870736086172
GLOBAL,S3D4,PWRTRNTZAXX,1,2044,288.1184919210054
GLOBAL,S3D5,PWRTRNTZAXX,1,2044,288.1184919210054
GLOBAL,S1D6,PWRTRNTZAXX,1,2045,175.08759124087587
GLOBAL,S1D1,PWRTRNTZAXX,1,2045,218.85948905109487
GLOBAL,S1D2,PWRTRNTZAXX,1,2045,262.6313868613139
GLOBAL,S1D3,PWRTRNTZAXX,1,2045,218.85948905109487
GLOBAL,S1D4,PWRTRNTZAXX,1,2045,262.6313868613139
GLOBAL,S1D5,PWRTRNTZAXX,1,2045,262.6313868613139
GLOBAL,S2D6,PWRTRNTZAXX,1,2045,170.72597864768682
GLOBAL,S2D1,PWRTRNTZAXX,1,2045,213.4074733096085
GLOBAL,S2D2,PWRTRNTZAXX,1,2045,256.0889679715303
GLOBAL,S2D3,PWRTRNTZAXX,1,2045,213.4074733096085
GLOBAL,S2D4,PWRTRNTZAXX,1,2045,298.770462633452
GLOBAL,S2D5,PWRTRNTZAXX,1,2045,256.0889679715303
GLOBAL,S3D6,PWRTRNTZAXX,1,2045,172.25852782764807
GLOBAL,S3D1,PWRTRNTZAXX,1,2045,215.3231597845601
GLOBAL,S3D2,PWRTRNTZAXX,1,2045,258.3877917414722
GLOBAL,S3D3,PWRTRNTZAXX,1,2045,258.3877917414722
GLOBAL,S3D4,PWRTRNTZAXX,1,2045,301.4524236983842
GLOBAL,S3D5,PWRTRNTZAXX,1,2045,301.4524236983842
GLOBAL,S1D6,PWRTRNTZAXX,1,2046,184.70072992700727
GLOBAL,S1D1,PWRTRNTZAXX,1,2046,230.8759124087591
GLOBAL,S1D2,PWRTRNTZAXX,1,2046,277.05109489051085
GLOBAL,S1D3,PWRTRNTZAXX,1,2046,230.8759124087591
GLOBAL,S1D4,PWRTRNTZAXX,1,2046,277.05109489051085
GLOBAL,S1D5,PWRTRNTZAXX,1,2046,277.05109489051085
GLOBAL,S2D6,PWRTRNTZAXX,1,2046,180.09964412811388
GLOBAL,S2D1,PWRTRNTZAXX,1,2046,225.12455516014236
GLOBAL,S2D2,PWRTRNTZAXX,1,2046,270.1494661921708
GLOBAL,S2D3,PWRTRNTZAXX,1,2046,225.12455516014236
GLOBAL,S2D4,PWRTRNTZAXX,1,2046,315.1743772241993
GLOBAL,S2D5,PWRTRNTZAXX,1,2046,270.1494661921708
GLOBAL,S3D6,PWRTRNTZAXX,1,2046,181.71633752244168
GLOBAL,S3D1,PWRTRNTZAXX,1,2046,227.14542190305204
GLOBAL,S3D2,PWRTRNTZAXX,1,2046,272.57450628366246
GLOBAL,S3D3,PWRTRNTZAXX,1,2046,272.57450628366246
GLOBAL,S3D4,PWRTRNTZAXX,1,2046,318.0035906642729
GLOBAL,S3D5,PWRTRNTZAXX,1,2046,318.0035906642729
GLOBAL,S1D6,PWRTRNTZAXX,1,2047,194.31386861313868
GLOBAL,S1D1,PWRTRNTZAXX,1,2047,242.89233576642332
GLOBAL,S1D2,PWRTRNTZAXX,1,2047,291.47080291970804
GLOBAL,S1D3,PWRTRNTZAXX,1,2047,242.89233576642332
GLOBAL,S1D4,PWRTRNTZAXX,1,2047,291.47080291970804
GLOBAL,S1D5,PWRTRNTZAXX,1,2047,291.47080291970804
GLOBAL,S2D6,PWRTRNTZAXX,1,2047,189.47330960854092
GLOBAL,S2D1,PWRTRNTZAXX,1,2047,236.84163701067612
GLOBAL,S2D2,PWRTRNTZAXX,1,2047,284.20996441281136
GLOBAL,S2D3,PWRTRNTZAXX,1,2047,236.84163701067612
GLOBAL,S2D4,PWRTRNTZAXX,1,2047,331.5782918149466
GLOBAL,S2D5,PWRTRNTZAXX,1,2047,284.20996441281136
GLOBAL,S3D6,PWRTRNTZAXX,1,2047,191.1741472172352
GLOBAL,S3D1,PWRTRNTZAXX,1,2047,238.967684021544
GLOBAL,S3D2,PWRTRNTZAXX,1,2047,286.7612208258528
GLOBAL,S3D3,PWRTRNTZAXX,1,2047,286.7612208258528
GLOBAL,S3D4,PWRTRNTZAXX,1,2047,334.55475763016153
GLOBAL,S3D5,PWRTRNTZAXX,1,2047,334.55475763016153
GLOBAL,S1D6,PWRTRNTZAXX,1,2048,203.9270072992701
GLOBAL,S1D1,PWRTRNTZAXX,1,2048,254.9087591240876
GLOBAL,S1D2,PWRTRNTZAXX,1,2048,305.8905109489051
GLOBAL,S1D3,PWRTRNTZAXX,1,2048,254.9087591240876
GLOBAL,S1D4,PWRTRNTZAXX,1,2048,305.8905109489051
GLOBAL,S1D5,PWRTRNTZAXX,1,2048,305.8905109489051
GLOBAL,S2D6,PWRTRNTZAXX,1,2048,198.846975088968
GLOBAL,S2D1,PWRTRNTZAXX,1,2048,248.55871886121
GLOBAL,S2D2,PWRTRNTZAXX,1,2048,298.270462633452
GLOBAL,S2D3,PWRTRNTZAXX,1,2048,248.55871886121
GLOBAL,S2D4,PWRTRNTZAXX,1,2048,347.98220640569394
GLOBAL,S2D5,PWRTRNTZAXX,1,2048,298.270462633452
GLOBAL,S3D6,PWRTRNTZAXX,1,2048,200.63195691202876
GLOBAL,S3D1,PWRTRNTZAXX,1,2048,250.7899461400359
GLOBAL,S3D2,PWRTRNTZAXX,1,2048,300.9479353680431
GLOBAL,S3D3,PWRTRNTZAXX,1,2048,300.9479353680431
GLOBAL,S3D4,PWRTRNTZAXX,1,2048,351.1059245960503
GLOBAL,S3D5,PWRTRNTZAXX,1,2048,351.1059245960503
GLOBAL,S1D6,PWRTRNTZAXX,1,2049,213.53284671532845
GLOBAL,S1D1,PWRTRNTZAXX,1,2049,266.9160583941606
GLOBAL,S1D2,PWRTRNTZAXX,1,2049,320.29927007299267
GLOBAL,S1D3,PWRTRNTZAXX,1,2049,266.9160583941606
GLOBAL,S1D4,PWRTRNTZAXX,1,2049,320.29927007299267
GLOBAL,S1D5,PWRTRNTZAXX,1,2049,320.29927007299267
GLOBAL,S2D6,PWRTRNTZAXX,1,2049,208.21352313167256
GLOBAL,S2D1,PWRTRNTZAXX,1,2049,260.2669039145908
GLOBAL,S2D2,PWRTRNTZAXX,1,2049,312.3202846975089
GLOBAL,S2D3,PWRTRNTZAXX,1,2049,260.2669039145908
GLOBAL,S2D4,PWRTRNTZAXX,1,2049,364.373665480427
GLOBAL,S2D5,PWRTRNTZAXX,1,2049,312.3202846975089
GLOBAL,S3D6,PWRTRNTZAXX,1,2049,210.08258527827647
GLOBAL,S3D1,PWRTRNTZAXX,1,2049,262.6032315978456
GLOBAL,S3D2,PWRTRNTZAXX,1,2049,315.1238779174147
GLOBAL,S3D3,PWRTRNTZAXX,1,2049,315.1238779174147
GLOBAL,S3D4,PWRTRNTZAXX,1,2049,367.64452423698384
GLOBAL,S3D5,PWRTRNTZAXX,1,2049,367.64452423698384
GLOBAL,S1D6,PWRTRNTZAXX,1,2050,223.14598540145985
GLOBAL,S1D1,PWRTRNTZAXX,1,2050,278.9324817518248
GLOBAL,S1D2,PWRTRNTZAXX,1,2050,334.71897810218974
GLOBAL,S1D3,PWRTRNTZAXX,1,2050,278.9324817518248
GLOBAL,S1D4,PWRTRNTZAXX,1,2050,334.71897810218974
GLOBAL,S1D5,PWRTRNTZAXX,1,2050,334.71897810218974
GLOBAL,S2D6,PWRTRNTZAXX,1,2050,217.58718861209965
GLOBAL,S2D1,PWRTRNTZAXX,1,2050,271.98398576512454
GLOBAL,S2D2,PWRTRNTZAXX,1,2050,326.38078291814946
GLOBAL,S2D3,PWRTRNTZAXX,1,2050,271.98398576512454
GLOBAL,S2D4,PWRTRNTZAXX,1,2050,380.7775800711744
GLOBAL,S2D5,PWRTRNTZAXX,1,2050,326.38078291814946
GLOBAL,S3D6,PWRTRNTZAXX,1,2050,219.54039497307
GLOBAL,S3D1,PWRTRNTZAXX,1,2050,274.42549371633754
GLOBAL,S3D2,PWRTRNTZAXX,1,2050,329.31059245960506
GLOBAL,S3D3,PWRTRNTZAXX,1,2050,329.31059245960506
GLOBAL,S3D4,PWRTRNTZAXX,1,2050,384.19569120287247
GLOBAL,S3D5,PWRTRNTZAXX,1,2050,384.19569120287247
GLOBAL,S1D1,PWRWONKENXX01,1,2021,1.7123291136
GLOBAL,S1D2,PWRWONKENXX01,1,2021,2.5473014784
GLOBAL,S1D3,PWRWONKENXX01,1,2021,1.0470839703872223
GLOBAL,S1D4,PWRWONKENXX01,1,2021,2.5473014784
GLOBAL,S1D5,PWRWONKENXX01,1,2021,2.5473014784
GLOBAL,S2D6,PWRWONKENXX01,1,2021,2.3279622912
GLOBAL,S2D1,PWRWONKENXX01,1,2021,2.0217351168
GLOBAL,S2D2,PWRWONKENXX01,1,2021,1.817230464
GLOBAL,S2D3,PWRWONKENXX01,1,2021,1.1676897792
GLOBAL,S2D4,PWRWONKENXX01,1,2021,1.8394822656
GLOBAL,S2D5,PWRWONKENXX01,1,2021,2.3035912704
GLOBAL,S3D6,PWRWONKENXX01,1,2021,2.0641195008
GLOBAL,S3D1,PWRWONKENXX01,1,2021,1.8786878208
GLOBAL,S3D2,PWRWONKENXX01,1,2021,2.5133939712
GLOBAL,S3D3,PWRWONKENXX01,1,2021,1.986768
GLOBAL,S3D4,PWRWONKENXX01,1,2021,2.5473014784
GLOBAL,S3D5,PWRWONKENXX01,1,2021,2.5473014784
GLOBAL,S1D6,PWRWONKENXX01,1,2022,2.0630598912
GLOBAL,S1D1,PWRWONKENXX01,1,2022,1.7123291136
GLOBAL,S1D2,PWRWONKENXX01,1,2022,2.5473014784
GLOBAL,S1D3,PWRWONKENXX01,1,2022,2.1626631936
GLOBAL,S1D4,PWRWONKENXX01,1,2022,2.5473014784
GLOBAL,S1D5,PWRWONKENXX01,1,2022,1.923334703327365
GLOBAL,S2D6,PWRWONKENXX01,1,2022,2.3279622912
GLOBAL,S2D1,PWRWONKENXX01,1,2022,2.0217351168
GLOBAL,S2D2,PWRWONKENXX01,1,2022,1.817230464
GLOBAL,S2D3,PWRWONKENXX01,1,2022,1.1676897792
GLOBAL,S2D4,PWRWONKENXX01,1,2022,1.8394822656
GLOBAL,S2D5,PWRWONKENXX01,1,2022,2.3035912704
GLOBAL,S3D6,PWRWONKENXX01,1,2022,2.0641195008
GLOBAL,S3D1,PWRWONKENXX01,1,2022,1.8786878208
GLOBAL,S3D3,PWRWONKENXX01,1,2022,1.986768
GLOBAL,S3D4,PWRWONKENXX01,1,2022,2.5473014784
GLOBAL,S3D5,PWRWONKENXX01,1,2022,2.5473014784
GLOBAL,S1D6,PWRWONKENXX01,1,2023,2.0630598912
GLOBAL,S1D1,PWRWONKENXX01,1,2023,1.7123291136
GLOBAL,S1D2,PWRWONKENXX01,1,2023,2.5473014784
GLOBAL,S1D3,PWRWONKENXX01,1,2023,2.1626631936
GLOBAL,S1D4,PWRWONKENXX01,1,2023,2.5473014784
GLOBAL,S1D5,PWRWONKENXX01,1,2023,2.5473014784
GLOBAL,S2D6,PWRWONKENXX01,1,2023,2.3279622912
GLOBAL,S2D1,PWRWONKENXX01,1,2023,2.0217351168
GLOBAL,S2D2,PWRWONKENXX01,1,2023,1.817230464
GLOBAL,S2D3,PWRWONKENXX01,1,2023,1.1676897792
GLOBAL,S2D4,PWRWONKENXX01,1,2023,1.8394822656
GLOBAL,S2D5,PWRWONKENXX01,1,2023,2.3035912704
GLOBAL,S3D1,PWRWONKENXX01,1,2023,1.8786878208
GLOBAL,S3D2,PWRWONKENXX01,1,2023,2.5133939712
GLOBAL,S3D3,PWRWONKENXX01,1,2023,1.986768
GLOBAL,S3D4,PWRWONKENXX01,1,2023,2.5473014784
GLOBAL,S3D5,PWRWONKENXX01,1,2023,1.4841422813576208
GLOBAL,S1D6,PWRWONKENXX01,1,2024,1.903418352
GLOBAL,S1D1,PWRWONKENXX01,1,2024,1.579827456
GLOBAL,S1D2,PWRWONKENXX01,1,2024,2.46359232
GLOBAL,S1D3,PWRWONKENXX01,1,2024,1.995314256
GLOBAL,S1D4,PWRWONKENXX01,1,2024,2.504652192
GLOBAL,S1D5,PWRWONKENXX01,1,2024,2.531047824
GLOBAL,S2D6,PWRWONKENXX01,1,2024,0.4881297571558748
GLOBAL,S2D1,PWRWONKENXX01,1,2024,1.865291328
GLOBAL,S2D2,PWRWONKENXX01,1,2024,1.67661144
GLOBAL,S2D3,PWRWONKENXX01,1,2024,1.077332832
GLOBAL,S2D4,PWRWONKENXX01,1,2024,1.697141376
GLOBAL,S2D5,PWRWONKENXX01,1,2024,2.125337184
GLOBAL,S3D6,PWRWONKENXX01,1,2024,1.904395968
GLOBAL,S3D1,PWRWONKENXX01,1,2024,1.733313168
GLOBAL,S3D2,PWRWONKENXX01,1,2024,2.318905152
GLOBAL,S3D4,PWRWONKENXX01,1,2024,2.350188864
GLOBAL,S3D5,PWRWONKENXX01,1,2024,2.531047824
GLOBAL,S1D1,PWRWONKENXX01,1,2025,1.579827456
GLOBAL,S1D2,PWRWONKENXX01,1,2025,0.8017826641489105
GLOBAL,S1D3,PWRWONKENXX01,1,2025,1.995314256
GLOBAL,S1D4,PWRWONKENXX01,1,2025,2.504652192
GLOBAL,S1D5,PWRWONKENXX01,1,2025,2.531047824
GLOBAL,S2D6,PWRWONKENXX01,1,2025,2.147822352
GLOBAL,S2D1,PWRWONKENXX01,1,2025,1.865291328
GLOBAL,S2D2,PWRWONKENXX01,1,2025,1.67661144
GLOBAL,S2D3,PWRWONKENXX01,1,2025,1.077332832
GLOBAL,S2D4,PWRWONKENXX01,1,2025,1.697141376
GLOBAL,S2D5,PWRWONKENXX01,1,2025,2.125337184
GLOBAL,S3D6,PWRWONKENXX01,1,2025,1.904395968
GLOBAL,S3D1,PWRWONKENXX01,1,2025,1.733313168
GLOBAL,S3D2,PWRWONKENXX01,1,2025,2.318905152
GLOBAL,S3D3,PWRWONKENXX01,1,2025,1.83303
GLOBAL,S3D4,PWRWONKENXX01,1,2025,2.350188864
GLOBAL,S3D5,PWRWONKENXX01,1,2025,2.531047824
GLOBAL,S1D6,PWRWONKENXX01,1,2026,1.903418352
GLOBAL,S1D1,PWRWONKENXX01,1,2026,1.579827456
GLOBAL,S1D2,PWRWONKENXX01,1,2026,2.46359232
GLOBAL,S1D4,PWRWONKENXX01,1,2026,2.504652192
GLOBAL,S1D5,PWRWONKENXX01,1,2026,2.531047824
GLOBAL,S2D6,PWRWONKENXX01,1,2026,2.147822352
GLOBAL,S2D1,PWRWONKENXX01,1,2026,1.865291328
GLOBAL,S2D2,PWRWONKENXX01,1,2026,1.67661144
GLOBAL,S2D3,PWRWONKENXX01,1,2026,1.077332832
GLOBAL,S2D4,PWRWONKENXX01,1,2026,1.697141376
GLOBAL,S2D5,PWRWONKENXX01,1,2026,2.125337184
GLOBAL,S3D6,PWRWONKENXX01,1,2026,1.904395968
GLOBAL,S3D1,PWRWONKENXX01,1,2026,1.733313168
GLOBAL,S3D2,PWRWONKENXX01,1,2026,0.7743580496402183
GLOBAL,S3D3,PWRWONKENXX01,1,2026,1.83303
GLOBAL,S3D4,PWRWONKENXX01,1,2026,2.350188864
GLOBAL,S3D5,PWRWONKENXX01,1,2026,2.531047824
GLOBAL,S1D1,PWRWONKENXX01,1,2027,1.579827456
GLOBAL,S1D2,PWRWONKENXX01,1,2027,2.46359232
GLOBAL,S1D3,PWRWONKENXX01,1,2027,1.995314256
GLOBAL,S1D4,PWRWONKENXX01,1,2027,2.504652192
GLOBAL,S1D5,PWRWONKENXX01,1,2027,2.531047824
GLOBAL,S2D6,PWRWONKENXX01,1,2027,2.147822352
GLOBAL,S2D1,PWRWONKENXX01,1,2027,1.865291328
GLOBAL,S2D2,PWRWONKENXX01,1,2027,0.05619917771103732
GLOBAL,S2D3,PWRWONKENXX01,1,2027,1.077332832
GLOBAL,S2D4,PWRWONKENXX01,1,2027,1.697141376
GLOBAL,S2D5,PWRWONKENXX01,1,2027,2.125337184
GLOBAL,S3D6,PWRWONKENXX01,1,2027,1.904395968
GLOBAL,S3D1,PWRWONKENXX01,1,2027,1.733313168
GLOBAL,S3D2,PWRWONKENXX01,1,2027,2.318905152
GLOBAL,S3D3,PWRWONKENXX01,1,2027,1.83303
GLOBAL,S3D4,PWRWONKENXX01,1,2027,2.350188864
GLOBAL,S3D5,PWRWONKENXX01,1,2027,2.531047824
GLOBAL,S1D6,PWRWONKENXX01,1,2028,0.84284253614891
GLOBAL,S1D1,PWRWONKENXX01,1,2028,1.579827456
GLOBAL,S1D2,PWRWONKENXX01,1,2028,2.46359232
GLOBAL,S1D3,PWRWONKENXX01,1,2028,1.995314256
GLOBAL,S1D5,PWRWONKENXX01,1,2028,2.531047824
GLOBAL,S2D6,PWRWONKENXX01,1,2028,2.147822352
GLOBAL,S2D1,PWRWONKENXX01,1,2028,1.865291328
GLOBAL,S2D2,PWRWONKENXX01,1,2028,1.67661144
GLOBAL,S2D3,PWRWONKENXX01,1,2028,1.077332832
GLOBAL,S2D4,PWRWONKENXX01,1,2028,1.697141376
GLOBAL,S2D5,PWRWONKENXX01,1,2028,2.125337184
GLOBAL,S3D6,PWRWONKENXX01,1,2028,1.904395968
GLOBAL,S3D1,PWRWONKENXX01,1,2028,1.733313168
GLOBAL,S3D2,PWRWONKENXX01,1,2028,2.318905152
GLOBAL,S3D3,PWRWONKENXX01,1,2028,1.83303
GLOBAL,S3D4,PWRWONKENXX01,1,2028,2.350188864
GLOBAL,S3D5,PWRWONKENXX01,1,2028,2.531047824
GLOBAL,S1D6,PWRWONKENXX01,1,2029,1.2532813033651082
GLOBAL,S1D2,PWRWONKENXX01,1,2029,2.46359232
GLOBAL,S1D3,PWRWONKENXX01,1,2029,1.995314256
GLOBAL,S1D4,PWRWONKENXX01,1,2029,2.504652192
GLOBAL,S1D5,PWRWONKENXX01,1,2029,2.531047824
GLOBAL,S2D6,PWRWONKENXX01,1,2029,2.147822352
GLOBAL,S2D1,PWRWONKENXX01,1,2029,1.865291328
GLOBAL,S2D2,PWRWONKENXX01,1,2029,0.374610728678868
GLOBAL,S2D3,PWRWONKENXX01,1,2029,1.077332832
GLOBAL,S2D4,PWRWONKENXX01,1,2029,1.697141376
GLOBAL,S2D5,PWRWONKENXX01,1,2029,2.125337184
GLOBAL,S3D6,PWRWONKENXX01,1,2029,1.904395968
GLOBAL,S3D1,PWRWONKENXX01,1,2029,1.733313168
GLOBAL,S3D2,PWRWONKENXX01,1,2029,2.318905152
GLOBAL,S3D3,PWRWONKENXX01,1,2029,1.83303
GLOBAL,S3D4,PWRWONKENXX01,1,2029,2.350188864
GLOBAL,S3D5,PWRWONKENXX01,1,2029,2.531047824
GLOBAL,S1D6,PWRWONKENXX01,1,2030,0.84284253614891
GLOBAL,S1D1,PWRWONKENXX01,1,2030,1.579827456
GLOBAL,S1D2,PWRWONKENXX01,1,2030,2.46359232
GLOBAL,S1D3,PWRWONKENXX01,1,2030,1.995314256
GLOBAL,S1D5,PWRWONKENXX01,1,2030,2.531047824
GLOBAL,S2D6,PWRWONKENXX01,1,2030,2.147822352
GLOBAL,S2D1,PWRWONKENXX01,1,2030,1.865291328
GLOBAL,S2D2,PWRWONKENXX01,1,2030,1.67661144
GLOBAL,S2D3,PWRWONKENXX01,1,2030,1.077332832
GLOBAL,S2D4,PWRWONKENXX01,1,2030,1.697141376
GLOBAL,S2D5,PWRWONKENXX01,1,2030,2.125337184
GLOBAL,S3D6,PWRWONKENXX01,1,2030,1.904395968
GLOBAL,S3D1,PWRWONKENXX01,1,2030,1.733313168
GLOBAL,S3D2,PWRWONKENXX01,1,2030,2.318905152
GLOBAL,S3D3,PWRWONKENXX01,1,2030,1.83303
GLOBAL,S3D4,PWRWONKENXX01,1,2030,2.350188864
GLOBAL,S3D5,PWRWONKENXX01,1,2030,2.531047824
GLOBAL,S1D6,PWRWONKENXX01,1,2031,0.84284253614891
GLOBAL,S1D1,PWRWONKENXX01,1,2031,1.579827456
GLOBAL,S1D2,PWRWONKENXX01,1,2031,2.46359232
GLOBAL,S1D3,PWRWONKENXX01,1,2031,1.995314256
GLOBAL,S1D5,PWRWONKENXX01,1,2031,2.531047824
GLOBAL,S2D6,PWRWONKENXX01,1,2031,2.147822352
GLOBAL,S2D1,PWRWONKENXX01,1,2031,1.865291328
GLOBAL,S2D2,PWRWONKENXX01,1,2031,1.67661144
GLOBAL,S2D3,PWRWONKENXX01,1,2031,1.077332832
GLOBAL,S2D4,PWRWONKENXX01,1,2031,1.697141376
GLOBAL,S2D5,PWRWONKENXX01,1,2031,2.125337184
GLOBAL,S3D6,PWRWONKENXX01,1,2031,1.904395968
GLOBAL,S3D1,PWRWONKENXX01,1,2031,1.733313168
GLOBAL,S3D2,PWRWONKENXX01,1,2031,2.318905152
GLOBAL,S3D3,PWRWONKENXX01,1,2031,1.83303
GLOBAL,S3D4,PWRWONKENXX01,1,2031,2.350188864
GLOBAL,S3D5,PWRWONKENXX01,1,2031,2.531047824
GLOBAL,S1D1,PWRWONKENXX01,1,2032,1.579827456
GLOBAL,S1D2,PWRWONKENXX01,1,2032,2.46359232
GLOBAL,S1D3,PWRWONKENXX01,1,2032,1.995314256
GLOBAL,S1D4,PWRWONKENXX01,1,2032,2.504652192
GLOBAL,S1D5,PWRWONKENXX01,1,2032,2.531047824
GLOBAL,S2D6,PWRWONKENXX01,1,2032,2.147822352
GLOBAL,S2D1,PWRWONKENXX01,1,2032,1.865291328
GLOBAL,S2D2,PWRWONKENXX01,1,2032,0.05619917771103732
GLOBAL,S2D3,PWRWONKENXX01,1,2032,1.077332832
GLOBAL,S2D4,PWRWONKENXX01,1,2032,1.697141376
GLOBAL,S2D5,PWRWONKENXX01,1,2032,2.125337184
GLOBAL,S3D6,PWRWONKENXX01,1,2032,1.904395968
GLOBAL,S3D1,PWRWONKENXX01,1,2032,1.733313168
GLOBAL,S3D2,PWRWONKENXX01,1,2032,2.318905152
GLOBAL,S3D3,PWRWONKENXX01,1,2032,1.83303
GLOBAL,S3D4,PWRWONKENXX01,1,2032,2.350188864
GLOBAL,S3D5,PWRWONKENXX01,1,2032,2.531047824
GLOBAL,S1D1,PWRWONKENXX01,1,2033,1.579827456
GLOBAL,S1D2,PWRWONKENXX01,1,2033,2.46359232
GLOBAL,S1D3,PWRWONKENXX01,1,2033,1.995314256
GLOBAL,S1D4,PWRWONKENXX01,1,2033,2.504652192
GLOBAL,S1D5,PWRWONKENXX01,1,2033,2.531047824
GLOBAL,S2D6,PWRWONKENXX01,1,2033,2.147822352
GLOBAL,S2D1,PWRWONKENXX01,1,2033,1.865291328
GLOBAL,S2D2,PWRWONKENXX01,1,2033,0.05619917771103732
GLOBAL,S2D3,PWRWONKENXX01,1,2033,1.077332832
GLOBAL,S2D4,PWRWONKENXX01,1,2033,1.697141376
GLOBAL,S2D5,PWRWONKENXX01,1,2033,2.125337184
GLOBAL,S3D6,PWRWONKENXX01,1,2033,1.904395968
GLOBAL,S3D1,PWRWONKENXX01,1,2033,1.733313168
GLOBAL,S3D2,PWRWONKENXX01,1,2033,2.318905152
GLOBAL,S3D3,PWRWONKENXX01,1,2033,1.83303
GLOBAL,S3D4,PWRWONKENXX01,1,2033,2.350188864
GLOBAL,S3D5,PWRWONKENXX01,1,2033,2.531047824
GLOBAL,S1D1,PWRWONKENXX01,1,2034,1.579827456
GLOBAL,S1D2,PWRWONKENXX01,1,2034,2.46359232
GLOBAL,S1D3,PWRWONKENXX01,1,2034,1.995314256
GLOBAL,S1D4,PWRWONKENXX01,1,2034,2.504652192
GLOBAL,S1D5,PWRWONKENXX01,1,2034,2.531047824
GLOBAL,S2D6,PWRWONKENXX01,1,2034,2.147822352
GLOBAL,S2D1,PWRWONKENXX01,1,2034,1.865291328
GLOBAL,S2D2,PWRWONKENXX01,1,2034,1.67661144
GLOBAL,S2D3,PWRWONKENXX01,1,2034,1.077332832
GLOBAL,S2D4,PWRWONKENXX01,1,2034,1.697141376
GLOBAL,S2D5,PWRWONKENXX01,1,2034,2.125337184
GLOBAL,S3D6,PWRWONKENXX01,1,2034,1.904395968
GLOBAL,S3D1,PWRWONKENXX01,1,2034,1.733313168
GLOBAL,S3D2,PWRWONKENXX01,1,2034,2.318905152
GLOBAL,S3D3,PWRWONKENXX01,1,2034,0.19807184666714897
GLOBAL,S3D4,PWRWONKENXX01,1,2034,2.350188864
GLOBAL,S3D5,PWRWONKENXX01,1,2034,2.531047824
GLOBAL,S1D6,PWRWONKENXX01,1,2035,0.84284253614891
GLOBAL,S1D1,PWRWONKENXX01,1,2035,1.579827456
GLOBAL,S1D2,PWRWONKENXX01,1,2035,2.46359232
GLOBAL,S1D3,PWRWONKENXX01,1,2035,1.995314256
GLOBAL,S1D5,PWRWONKENXX01,1,2035,2.531047824
GLOBAL,S2D6,PWRWONKENXX01,1,2035,2.147822352
GLOBAL,S2D1,PWRWONKENXX01,1,2035,1.865291328
GLOBAL,S2D2,PWRWONKENXX01,1,2035,1.67661144
GLOBAL,S2D3,PWRWONKENXX01,1,2035,1.077332832
GLOBAL,S2D4,PWRWONKENXX01,1,2035,1.697141376
GLOBAL,S2D5,PWRWONKENXX01,1,2035,2.125337184
GLOBAL,S3D6,PWRWONKENXX01,1,2035,1.904395968
GLOBAL,S3D1,PWRWONKENXX01,1,2035,1.733313168
GLOBAL,S3D2,PWRWONKENXX01,1,2035,2.318905152
GLOBAL,S3D3,PWRWONKENXX01,1,2035,1.83303
GLOBAL,S3D4,PWRWONKENXX01,1,2035,2.350188864
GLOBAL,S3D5,PWRWONKENXX01,1,2035,2.531047824
GLOBAL,S1D6,PWRWONKENXX01,1,2036,0.84284253614891
GLOBAL,S1D1,PWRWONKENXX01,1,2036,1.579827456
GLOBAL,S1D2,PWRWONKENXX01,1,2036,2.46359232
GLOBAL,S1D3,PWRWONKENXX01,1,2036,1.995314256
GLOBAL,S1D5,PWRWONKENXX01,1,2036,2.531047824
GLOBAL,S2D6,PWRWONKENXX01,1,2036,2.147822352
GLOBAL,S2D1,PWRWONKENXX01,1,2036,1.865291328
GLOBAL,S2D2,PWRWONKENXX01,1,2036,1.67661144
GLOBAL,S2D3,PWRWONKENXX01,1,2036,1.077332832
GLOBAL,S2D4,PWRWONKENXX01,1,2036,1.697141376
GLOBAL,S2D5,PWRWONKENXX01,1,2036,2.125337184
GLOBAL,S3D6,PWRWONKENXX01,1,2036,1.904395968
GLOBAL,S3D1,PWRWONKENXX01,1,2036,1.733313168
GLOBAL,S3D2,PWRWONKENXX01,1,2036,2.318905152
GLOBAL,S3D3,PWRWONKENXX01,1,2036,1.83303
GLOBAL,S3D4,PWRWONKENXX01,1,2036,2.350188864
GLOBAL,S3D5,PWRWONKENXX01,1,2036,2.531047824
GLOBAL,S1D6,PWRWONKENXX01,1,2037,0.84284253614891
GLOBAL,S1D1,PWRWONKENXX01,1,2037,1.579827456
GLOBAL,S1D2,PWRWONKENXX01,1,2037,2.46359232
GLOBAL,S1D3,PWRWONKENXX01,1,2037,1.995314256
GLOBAL,S1D5,PWRWONKENXX01,1,2037,2.531047824
GLOBAL,S2D6,PWRWONKENXX01,1,2037,2.147822352
GLOBAL,S2D1,PWRWONKENXX01,1,2037,1.865291328
GLOBAL,S2D2,PWRWONKENXX01,1,2037,1.67661144
GLOBAL,S2D3,PWRWONKENXX01,1,2037,1.077332832
GLOBAL,S2D4,PWRWONKENXX01,1,2037,1.697141376
GLOBAL,S2D5,PWRWONKENXX01,1,2037,2.125337184
GLOBAL,S3D6,PWRWONKENXX01,1,2037,1.904395968
GLOBAL,S3D1,PWRWONKENXX01,1,2037,1.733313168
GLOBAL,S3D2,PWRWONKENXX01,1,2037,2.318905152
GLOBAL,S3D3,PWRWONKENXX01,1,2037,1.83303
GLOBAL,S3D4,PWRWONKENXX01,1,2037,2.350188864
GLOBAL,S3D5,PWRWONKENXX01,1,2037,2.531047824
GLOBAL,S1D6,PWRWONKENXX01,1,2038,0.84284253614891
GLOBAL,S1D1,PWRWONKENXX01,1,2038,1.579827456
GLOBAL,S1D2,PWRWONKENXX01,1,2038,2.46359232
GLOBAL,S1D3,PWRWONKENXX01,1,2038,1.995314256
GLOBAL,S1D5,PWRWONKENXX01,1,2038,2.531047824
GLOBAL,S2D6,PWRWONKENXX01,1,2038,2.147822352
GLOBAL,S2D1,PWRWONKENXX01,1,2038,1.865291328
GLOBAL,S2D2,PWRWONKENXX01,1,2038,1.67661144
GLOBAL,S2D3,PWRWONKENXX01,1,2038,1.077332832
GLOBAL,S2D4,PWRWONKENXX01,1,2038,1.697141376
GLOBAL,S2D5,PWRWONKENXX01,1,2038,2.125337184
GLOBAL,S3D6,PWRWONKENXX01,1,2038,1.904395968
GLOBAL,S3D1,PWRWONKENXX01,1,2038,1.733313168
GLOBAL,S3D2,PWRWONKENXX01,1,2038,2.318905152
GLOBAL,S3D3,PWRWONKENXX01,1,2038,1.83303
GLOBAL,S3D4,PWRWONKENXX01,1,2038,2.350188864
GLOBAL,S3D5,PWRWONKENXX01,1,2038,2.531047824
GLOBAL,S1D6,PWRWONKENXX01,1,2039,1.903418352
GLOBAL,S1D1,PWRWONKENXX01,1,2039,1.579827456
GLOBAL,S1D2,PWRWONKENXX01,1,2039,2.46359232
GLOBAL,S1D3,PWRWONKENXX01,1,2039,1.995314256
GLOBAL,S1D4,PWRWONKENXX01,1,2039,0.7012041742510962
GLOBAL,S1D5,PWRWONKENXX01,1,2039,2.531047824
GLOBAL,S2D6,PWRWONKENXX01,1,2039,2.147822352
GLOBAL,S2D1,PWRWONKENXX01,1,2039,1.865291328
GLOBAL,S2D2,PWRWONKENXX01,1,2039,1.67661144
GLOBAL,S2D3,PWRWONKENXX01,1,2039,1.077332832
GLOBAL,S2D4,PWRWONKENXX01,1,2039,1.697141376
GLOBAL,S2D5,PWRWONKENXX01,1,2039,2.125337184
GLOBAL,S3D6,PWRWONKENXX01,1,2039,1.904395968
GLOBAL,S3D2,PWRWONKENXX01,1,2039,2.318905152
GLOBAL,S3D3,PWRWONKENXX01,1,2039,1.83303
GLOBAL,S3D4,PWRWONKENXX01,1,2039,2.350188864
GLOBAL,S3D5,PWRWONKENXX01,1,2039,2.531047824
GLOBAL,S1D6,PWRWONKENXX01,1,2040,0.84284253614891
GLOBAL,S1D1,PWRWONKENXX01,1,2040,1.579827456
GLOBAL,S1D2,PWRWONKENXX01,1,2040,2.46359232
GLOBAL,S1D3,PWRWONKENXX01,1,2040,1.995314256
GLOBAL,S1D5,PWRWONKENXX01,1,2040,2.531047824
GLOBAL,S2D6,PWRWONKENXX01,1,2040,2.147822352
GLOBAL,S2D1,PWRWONKENXX01,1,2040,1.865291328
GLOBAL,S2D2,PWRWONKENXX01,1,2040,1.67661144
GLOBAL,S2D3,PWRWONKENXX01,1,2040,1.077332832
GLOBAL,S2D4,PWRWONKENXX01,1,2040,1.697141376
GLOBAL,S2D5,PWRWONKENXX01,1,2040,2.125337184
GLOBAL,S3D6,PWRWONKENXX01,1,2040,1.904395968
GLOBAL,S3D1,PWRWONKENXX01,1,2040,1.733313168
GLOBAL,S3D2,PWRWONKENXX01,1,2040,2.318905152
GLOBAL,S3D3,PWRWONKENXX01,1,2040,1.83303
GLOBAL,S3D4,PWRWONKENXX01,1,2040,2.350188864
GLOBAL,S3D5,PWRWONKENXX01,1,2040,2.531047824
GLOBAL,S1D6,PWRWONKENXX01,1,2041,0.84284253614891
GLOBAL,S1D1,PWRWONKENXX01,1,2041,1.579827456
GLOBAL,S1D2,PWRWONKENXX01,1,2041,2.46359232
GLOBAL,S1D3,PWRWONKENXX01,1,2041,1.995314256
GLOBAL,S1D5,PWRWONKENXX01,1,2041,2.531047824
GLOBAL,S2D6,PWRWONKENXX01,1,2041,2.147822352
GLOBAL,S2D1,PWRWONKENXX01,1,2041,1.865291328
GLOBAL,S2D2,PWRWONKENXX01,1,2041,1.67661144
GLOBAL,S2D3,PWRWONKENXX01,1,2041,1.077332832
GLOBAL,S2D4,PWRWONKENXX01,1,2041,1.697141376
GLOBAL,S2D5,PWRWONKENXX01,1,2041,2.125337184
GLOBAL,S3D6,PWRWONKENXX01,1,2041,1.904395968
GLOBAL,S3D1,PWRWONKENXX01,1,2041,1.733313168
GLOBAL,S3D2,PWRWONKENXX01,1,2041,2.318905152
GLOBAL,S3D3,PWRWONKENXX01,1,2041,1.83303
GLOBAL,S3D4,PWRWONKENXX01,1,2041,2.350188864
GLOBAL,S3D5,PWRWONKENXX01,1,2041,2.531047824
GLOBAL,S1D6,PWRWONKENXX01,1,2042,0.778108878264925
GLOBAL,S1D1,PWRWONKENXX01,1,2042,1.579827456
GLOBAL,S1D2,PWRWONKENXX01,1,2042,2.46359232
GLOBAL,S1D4,PWRWONKENXX01,1,2042,2.504652192
GLOBAL,S1D5,PWRWONKENXX01,1,2042,2.531047824
GLOBAL,S2D6,PWRWONKENXX01,1,2042,2.147822352
GLOBAL,S2D1,PWRWONKENXX01,1,2042,1.865291328
GLOBAL,S2D2,PWRWONKENXX01,1,2042,1.67661144
GLOBAL,S2D3,PWRWONKENXX01,1,2042,1.077332832
GLOBAL,S2D4,PWRWONKENXX01,1,2042,1.697141376
GLOBAL,S2D5,PWRWONKENXX01,1,2042,2.125337184
GLOBAL,S3D6,PWRWONKENXX01,1,2042,1.904395968
GLOBAL,S3D1,PWRWONKENXX01,1,2042,1.2958928010205064
GLOBAL,S3D2,PWRWONKENXX01,1,2042,2.318905152
GLOBAL,S3D3,PWRWONKENXX01,1,2042,1.83303
GLOBAL,S3D4,PWRWONKENXX01,1,2042,2.350188864
GLOBAL,S3D5,PWRWONKENXX01,1,2042,2.531047824
GLOBAL,S1D6,PWRWONKENXX01,1,2043,0.84284253614891
GLOBAL,S1D1,PWRWONKENXX01,1,2043,1.579827456
GLOBAL,S1D2,PWRWONKENXX01,1,2043,2.46359232
GLOBAL,S1D3,PWRWONKENXX01,1,2043,1.995314256
GLOBAL,S1D5,PWRWONKENXX01,1,2043,2.531047824
GLOBAL,S2D6,PWRWONKENXX01,1,2043,2.147822352
GLOBAL,S2D1,PWRWONKENXX01,1,2043,1.865291328
GLOBAL,S2D2,PWRWONKENXX01,1,2043,1.67661144
GLOBAL,S2D3,PWRWONKENXX01,1,2043,1.077332832
GLOBAL,S2D4,PWRWONKENXX01,1,2043,1.697141376
GLOBAL,S2D5,PWRWONKENXX01,1,2043,2.125337184
GLOBAL,S3D6,PWRWONKENXX01,1,2043,1.904395968
GLOBAL,S3D1,PWRWONKENXX01,1,2043,1.733313168
GLOBAL,S3D2,PWRWONKENXX01,1,2043,2.318905152
GLOBAL,S3D3,PWRWONKENXX01,1,2043,1.83303
GLOBAL,S3D4,PWRWONKENXX01,1,2043,2.350188864
GLOBAL,S3D5,PWRWONKENXX01,1,2043,2.531047824
GLOBAL,S1D6,PWRWONKENXX01,1,2044,0.84284253614891
GLOBAL,S1D1,PWRWONKENXX01,1,2044,1.579827456
GLOBAL,S1D2,PWRWONKENXX01,1,2044,2.46359232
GLOBAL,S1D3,PWRWONKENXX01,1,2044,1.995314256
GLOBAL,S1D5,PWRWONKENXX01,1,2044,2.531047824
GLOBAL,S2D6,PWRWONKENXX01,1,2044,2.147822352
GLOBAL,S2D1,PWRWONKENXX01,1,2044,1.865291328
GLOBAL,S2D2,PWRWONKENXX01,1,2044,1.67661144
GLOBAL,S2D3,PWRWONKENXX01,1,2044,1.077332832
GLOBAL,S2D4,PWRWONKENXX01,1,2044,1.697141376
GLOBAL,S2D5,PWRWONKENXX01,1,2044,2.125337184
GLOBAL,S3D6,PWRWONKENXX01,1,2044,1.904395968
GLOBAL,S3D1,PWRWONKENXX01,1,2044,1.733313168
GLOBAL,S3D2,PWRWONKENXX01,1,2044,2.318905152
GLOBAL,S3D3,PWRWONKENXX01,1,2044,1.83303
GLOBAL,S3D4,PWRWONKENXX01,1,2044,2.350188864
GLOBAL,S3D5,PWRWONKENXX01,1,2044,2.531047824
GLOBAL,S1D6,PWRWONKENXX01,1,2045,1.903418352
GLOBAL,S1D2,PWRWONKENXX01,1,2045,0.9460641304565773
GLOBAL,S1D3,PWRWONKENXX01,1,2045,1.995314256
GLOBAL,S1D4,PWRWONKENXX01,1,2045,2.3671888639996355
GLOBAL,S1D5,PWRWONKENXX01,1,2045,2.3671888639996355
GLOBAL,S2D6,PWRWONKENXX01,1,2045,2.147822352
GLOBAL,S2D1,PWRWONKENXX01,1,2045,1.865291328
GLOBAL,S2D2,PWRWONKENXX01,1,2045,1.67661144
GLOBAL,S2D3,PWRWONKENXX01,1,2045,1.077332832
GLOBAL,S2D4,PWRWONKENXX01,1,2045,1.697141376
GLOBAL,S2D5,PWRWONKENXX01,1,2045,2.125337184
GLOBAL,S3D6,PWRWONKENXX01,1,2045,1.904395968
GLOBAL,S3D1,PWRWONKENXX01,1,2045,1.733313168
GLOBAL,S3D2,PWRWONKENXX01,1,2045,2.318905152
GLOBAL,S3D3,PWRWONKENXX01,1,2045,1.83303
GLOBAL,S3D4,PWRWONKENXX01,1,2045,2.350188864
GLOBAL,S3D5,PWRWONKENXX01,1,2045,2.367188863999635
GLOBAL,S1D6,PWRWONKENXX01,1,2046,0.4822936184568095
GLOBAL,S1D2,PWRWONKENXX01,1,2046,2.367188863999667
GLOBAL,S1D3,PWRWONKENXX01,1,2046,1.995314256
GLOBAL,S1D4,PWRWONKENXX01,1,2046,2.367188863999667
GLOBAL,S1D5,PWRWONKENXX01,1,2046,2.367188863999667
GLOBAL,S2D6,PWRWONKENXX01,1,2046,2.147822352
GLOBAL,S2D1,PWRWONKENXX01,1,2046,1.865291328
GLOBAL,S2D2,PWRWONKENXX01,1,2046,1.67661144
GLOBAL,S2D3,PWRWONKENXX01,1,2046,1.077332832
GLOBAL,S2D4,PWRWONKENXX01,1,2046,1.697141376
GLOBAL,S2D5,PWRWONKENXX01,1,2046,2.125337184
GLOBAL,S3D6,PWRWONKENXX01,1,2046,1.904395968
GLOBAL,S3D1,PWRWONKENXX01,1,2046,1.733313168
GLOBAL,S3D2,PWRWONKENXX01,1,2046,2.318905152
GLOBAL,S3D3,PWRWONKENXX01,1,2046,1.83303
GLOBAL,S3D4,PWRWONKENXX01,1,2046,2.350188864
GLOBAL,S3D5,PWRWONKENXX01,1,2046,2.367188863999667
GLOBAL,S1D6,PWRWONKENXX01,1,2047,1.903418352
GLOBAL,S1D1,PWRWONKENXX01,1,2047,1.579827456
GLOBAL,S1D2,PWRWONKENXX01,1,2047,2.3501888639991133
GLOBAL,S1D3,PWRWONKENXX01,1,2047,1.995314256
GLOBAL,S1D4,PWRWONKENXX01,1,2047,2.3501888639991133
GLOBAL,S1D5,PWRWONKENXX01,1,2047,2.3501888639991133
GLOBAL,S2D6,PWRWONKENXX01,1,2047,1.0060975027251813
GLOBAL,S2D1,PWRWONKENXX01,1,2047,1.865291328
GLOBAL,S2D2,PWRWONKENXX01,1,2047,1.67661144
GLOBAL,S2D3,PWRWONKENXX01,1,2047,1.077332832
GLOBAL,S2D4,PWRWONKENXX01,1,2047,1.697141376
GLOBAL,S2D5,PWRWONKENXX01,1,2047,2.125337184
GLOBAL,S3D6,PWRWONKENXX01,1,2047,1.904395968
GLOBAL,S3D2,PWRWONKENXX01,1,2047,2.318905152
GLOBAL,S3D3,PWRWONKENXX01,1,2047,1.83303
GLOBAL,S3D4,PWRWONKENXX01,1,2047,2.350188864
GLOBAL,S3D5,PWRWONKENXX01,1,2047,2.3501888639991133
GLOBAL,S1D2,RNWBIOKENXX,1,2021,6.058633125345828
GLOBAL,S1D3,RNWBIOKENXX,1,2021,8.9688384
GLOBAL,S1D4,RNWBIOKENXX,1,2021,8.9688384
GLOBAL,S1D5,RNWBIOKENXX,1,2021,8.9688384
GLOBAL,S2D6,RNWBIOKENXX,1,2021,8.9688384
GLOBAL,S2D2,RNWBIOKENXX,1,2021,5.7275495825666285
GLOBAL,S2D3,RNWBIOKENXX,1,2021,6.142833024035649
GLOBAL,S2D4,RNWBIOKENXX,1,2021,8.9688384
GLOBAL,S2D5,RNWBIOKENXX,1,2021,8.9688384
GLOBAL,S3D4,RNWBIOKENXX,1,2021,8.9688384
GLOBAL,S1D2,RNWBIOKENXX,1,2022,3.4100242064981594
GLOBAL,S1D3,RNWBIOKENXX,1,2022,8.9688384
GLOBAL,S1D4,RNWBIOKENXX,1,2022,2.0527348702577743
GLOBAL,S1D5,RNWBIOKENXX,1,2022,8.9688384
GLOBAL,S2D6,RNWBIOKENXX,1,2022,8.9688384
GLOBAL,S2D2,RNWBIOKENXX,1,2022,3.33894533298531
GLOBAL,S2D3,RNWBIOKENXX,1,2022,8.9688384
GLOBAL,S2D4,RNWBIOKENXX,1,2022,8.9688384
GLOBAL,S2D5,RNWBIOKENXX,1,2022,8.9688384
GLOBAL,S3D2,RNWBIOKENXX,1,2022,8.9688384
GLOBAL,S3D4,RNWBIOKENXX,1,2022,8.9688384
GLOBAL,S1D6,RNWBIOKENXX,1,2023,8.9688384
GLOBAL,S1D2,RNWBIOKENXX,1,2023,8.9688384
GLOBAL,S1D3,RNWBIOKENXX,1,2023,8.9688384
GLOBAL,S1D4,RNWBIOKENXX,1,2023,1.4807816224459316
GLOBAL,S1D5,RNWBIOKENXX,1,2023,8.9688384
GLOBAL,S2D6,RNWBIOKENXX,1,2023,8.9688384
GLOBAL,S2D2,RNWBIOKENXX,1,2023,3.999084547857705
GLOBAL,S2D3,RNWBIOKENXX,1,2023,6.051633111825707
GLOBAL,S2D4,RNWBIOKENXX,1,2023,8.818535894404357
GLOBAL,S2D5,RNWBIOKENXX,1,2023,6.657202970644903
GLOBAL,S3D4,RNWBIOKENXX,1,2023,8.9688384
GLOBAL,S1D2,RNWBIOKENXX,1,2024,4.627472565824872
GLOBAL,S1D3,RNWBIOKENXX,1,2024,25.763691644727363
GLOBAL,S1D4,RNWBIOKENXX,1,2024,6.836183832379249
GLOBAL,S1D5,RNWBIOKENXX,1,2024,10.071243843259246
GLOBAL,S2D6,RNWBIOKENXX,1,2024,25.763691644727363
GLOBAL,S2D1,RNWBIOKENXX,1,2024,25.763691644727363
GLOBAL,S2D2,RNWBIOKENXX,1,2024,9.553341662006412
GLOBAL,S2D3,RNWBIOKENXX,1,2024,9.986702362480836
GLOBAL,S2D4,RNWBIOKENXX,1,2024,25.763691644727363
GLOBAL,S2D5,RNWBIOKENXX,1,2024,12.375792768438032
GLOBAL,S3D1,RNWBIOKENXX,1,2024,20.323941386087448
GLOBAL,S3D3,RNWBIOKENXX,1,2024,2.745280658414808
GLOBAL,S3D4,RNWBIOKENXX,1,2024,25.763691644727363
GLOBAL,S3D5,RNWBIOKENXX,1,2024,25.763691644727363
GLOBAL,S1D2,RNWBIOKENXX,1,2025,29.442940861881265
GLOBAL,S1D3,RNWBIOKENXX,1,2025,29.442940861881265
GLOBAL,S1D4,RNWBIOKENXX,1,2025,9.784101489690935
GLOBAL,S1D5,RNWBIOKENXX,1,2025,13.019161500570933
GLOBAL,S2D6,RNWBIOKENXX,1,2025,29.442940861881265
GLOBAL,S2D2,RNWBIOKENXX,1,2025,29.442940861881265
GLOBAL,S2D3,RNWBIOKENXX,1,2025,12.748170415927284
GLOBAL,S2D4,RNWBIOKENXX,1,2025,29.442940861881265
GLOBAL,S2D5,RNWBIOKENXX,1,2025,15.0934073336817
GLOBAL,S3D3,RNWBIOKENXX,1,2025,7.883832744048545
GLOBAL,S3D4,RNWBIOKENXX,1,2025,29.442940861881265
GLOBAL,S3D5,RNWBIOKENXX,1,2025,29.442940861881265
GLOBAL,S1D2,RNWBIOKENXX,1,2026,33.16624995948715
GLOBAL,S1D3,RNWBIOKENXX,1,2026,16.90499899255235
GLOBAL,S1D4,RNWBIOKENXX,1,2026,11.328758527906729
GLOBAL,S1D5,RNWBIOKENXX,1,2026,33.16624995948715
GLOBAL,S2D2,RNWBIOKENXX,1,2026,33.16624995948715
GLOBAL,S2D3,RNWBIOKENXX,1,2026,13.988864298572514
GLOBAL,S2D4,RNWBIOKENXX,1,2026,33.16624995948715
GLOBAL,S2D5,RNWBIOKENXX,1,2026,33.16624995948715
GLOBAL,S3D2,RNWBIOKENXX,1,2026,13.396025206843792
GLOBAL,S3D3,RNWBIOKENXX,1,2026,10.508580445263904
GLOBAL,S3D4,RNWBIOKENXX,1,2026,33.16624995948715
GLOBAL,S3D5,RNWBIOKENXX,1,2026,33.16624995948715
GLOBAL,S1D2,RNWBIOKENXX,1,2027,10.664704299568236
GLOBAL,S1D3,RNWBIOKENXX,1,2027,12.144462981808228
GLOBAL,S1D4,RNWBIOKENXX,1,2027,36.88955905709315
GLOBAL,S1D5,RNWBIOKENXX,1,2027,16.10847557700261
GLOBAL,S2D6,RNWBIOKENXX,1,2027,36.88955905709315
GLOBAL,S2D2,RNWBIOKENXX,1,2027,36.88955905709315
GLOBAL,S2D3,RNWBIOKENXX,1,2027,15.16635818121785
GLOBAL,S2D4,RNWBIOKENXX,1,2027,36.88955905709315
GLOBAL,S2D5,RNWBIOKENXX,1,2027,17.448395098972224
GLOBAL,S3D6,RNWBIOKENXX,1,2027,24.415160662821297
GLOBAL,S3D2,RNWBIOKENXX,1,2027,11.431167487432909
GLOBAL,S3D3,RNWBIOKENXX,1,2027,2.433889967369488
GLOBAL,S3D4,RNWBIOKENXX,1,2027,36.88955905709315
GLOBAL,S3D5,RNWBIOKENXX,1,2027,36.88955905709315
GLOBAL,S1D2,RNWBIOKENXX,1,2028,12.209361337784069
GLOBAL,S1D3,RNWBIOKENXX,1,2028,13.68912002002406
GLOBAL,S1D4,RNWBIOKENXX,1,2028,40.61286815469906
GLOBAL,S1D5,RNWBIOKENXX,1,2028,40.61286815469906
GLOBAL,S2D6,RNWBIOKENXX,1,2028,40.61286815469906
GLOBAL,S2D2,RNWBIOKENXX,1,2028,14.386931662583132
GLOBAL,S2D3,RNWBIOKENXX,1,2028,40.61286815469906
GLOBAL,S2D4,RNWBIOKENXX,1,2028,40.61286815469906
GLOBAL,S2D5,RNWBIOKENXX,1,2028,18.62588898161751
GLOBAL,S3D2,RNWBIOKENXX,1,2028,6.149661202557222
GLOBAL,S3D3,RNWBIOKENXX,1,2028,15.63067331238493
GLOBAL,S3D4,RNWBIOKENXX,1,2028,40.61286815469906
GLOBAL,S3D5,RNWBIOKENXX,1,2028,40.61286815469906
GLOBAL,S1D2,RNWBIOKENXX,1,2029,13.757644331488706
GLOBAL,S1D3,RNWBIOKENXX,1,2029,15.2374030137287
GLOBAL,S1D4,RNWBIOKENXX,1,2029,44.344917414506014
GLOBAL,S1D5,RNWBIOKENXX,1,2029,19.20141560892308
GLOBAL,S2D6,RNWBIOKENXX,1,2029,44.344917414506014
GLOBAL,S2D2,RNWBIOKENXX,1,2029,44.344917414506014
GLOBAL,S2D3,RNWBIOKENXX,1,2029,17.460910016655504
GLOBAL,S2D4,RNWBIOKENXX,1,2029,44.344917414506014
GLOBAL,S2D5,RNWBIOKENXX,1,2029,44.344917414506014
GLOBAL,S3D2,RNWBIOKENXX,1,2029,3.514600977316935
GLOBAL,S3D3,RNWBIOKENXX,1,2029,18.308759473305468
GLOBAL,S3D4,RNWBIOKENXX,1,2029,44.34491741450602
GLOBAL,S3D5,RNWBIOKENXX,1,2029,44.34491741450602
GLOBAL,S1D2,RNWBIOKENXX,1,2030,15.30230136970444
GLOBAL,S1D3,RNWBIOKENXX,1,2030,16.78206005194446
GLOBAL,S1D4,RNWBIOKENXX,1,2030,48.068226512111835
GLOBAL,S1D5,RNWBIOKENXX,1,2030,20.74607264713884
GLOBAL,S2D6,RNWBIOKENXX,1,2030,48.068226512111835
GLOBAL,S2D1,RNWBIOKENXX,1,2030,5.153892562264812
GLOBAL,S2D2,RNWBIOKENXX,1,2030,16.74468349802065
GLOBAL,S2D3,RNWBIOKENXX,1,2030,48.068226512111835
GLOBAL,S2D4,RNWBIOKENXX,1,2030,48.068226512111835
GLOBAL,S2D5,RNWBIOKENXX,1,2030,20.983640817055036
GLOBAL,S3D1,RNWBIOKENXX,1,2030,36.16657427963623
GLOBAL,S3D2,RNWBIOKENXX,1,2030,4.884305766125648
GLOBAL,S3D3,RNWBIOKENXX,1,2030,6.35647124644567
GLOBAL,S3D4,RNWBIOKENXX,1,2030,48.06822651211184
GLOBAL,S3D5,RNWBIOKENXX,1,2030,48.06822651211184
GLOBAL,S1D2,RNWBIOKENXX,1,2031,17.079019559201612
GLOBAL,S1D3,RNWBIOKENXX,1,2031,18.558778241441633
GLOBAL,S1D4,RNWBIOKENXX,1,2031,27.202431752475995
GLOBAL,S1D5,RNWBIOKENXX,1,2031,52.35090599057892
GLOBAL,S2D1,RNWBIOKENXX,1,2031,52.35090599057892
GLOBAL,S2D2,RNWBIOKENXX,1,2031,52.35090599057892
GLOBAL,S2D3,RNWBIOKENXX,1,2031,20.05599827135752
GLOBAL,S2D4,RNWBIOKENXX,1,2031,52.35090599057892
GLOBAL,S2D5,RNWBIOKENXX,1,2031,22.338035189111896
GLOBAL,S3D1,RNWBIOKENXX,1,2031,5.922033021840499
GLOBAL,S3D2,RNWBIOKENXX,1,2031,36.98020764020102
GLOBAL,S3D3,RNWBIOKENXX,1,2031,7.859258444840882
GLOBAL,S3D4,RNWBIOKENXX,1,2031,52.35090599057892
GLOBAL,S3D5,RNWBIOKENXX,1,2031,52.35090599057892
GLOBAL,S1D2,RNWBIOKENXX,1,2032,18.55276857549539
GLOBAL,S1D3,RNWBIOKENXX,1,2032,20.032527257735374
GLOBAL,S1D4,RNWBIOKENXX,1,2032,56.33573050255474
GLOBAL,S1D5,RNWBIOKENXX,1,2032,23.996539852929786
GLOBAL,S2D6,RNWBIOKENXX,1,2032,56.33573050255474
GLOBAL,S2D2,RNWBIOKENXX,1,2032,56.33573050255474
GLOBAL,S2D3,RNWBIOKENXX,1,2032,45.70676713622503
GLOBAL,S2D4,RNWBIOKENXX,1,2032,56.33573050255474
GLOBAL,S2D5,RNWBIOKENXX,1,2032,24.479902587029216
GLOBAL,S3D1,RNWBIOKENXX,1,2032,18.217627179323237
GLOBAL,S3D2,RNWBIOKENXX,1,2032,7.523151946873637
GLOBAL,S3D3,RNWBIOKENXX,1,2032,9.058517427193648
GLOBAL,S3D4,RNWBIOKENXX,1,2032,56.335730502554746
GLOBAL,S3D5,RNWBIOKENXX,1,2032,56.335730502554746
GLOBAL,S1D2,RNWBIOKENXX,1,2033,20.421678963448404
GLOBAL,S1D3,RNWBIOKENXX,1,2033,21.901437645688425
GLOBAL,S1D4,RNWBIOKENXX,1,2033,60.715716386189776
GLOBAL,S1D5,RNWBIOKENXX,1,2033,25.865450240882836
GLOBAL,S2D6,RNWBIOKENXX,1,2033,60.715716386189776
GLOBAL,S2D2,RNWBIOKENXX,1,2033,60.715716386189776
GLOBAL,S2D3,RNWBIOKENXX,1,2033,47.215691821396064
GLOBAL,S2D4,RNWBIOKENXX,1,2033,60.715716386189776
GLOBAL,S2D5,RNWBIOKENXX,1,2033,25.610381876414305
GLOBAL,S3D1,RNWBIOKENXX,1,2033,19.784765922202354
GLOBAL,S3D2,RNWBIOKENXX,1,2033,9.117572300885737
GLOBAL,S3D3,RNWBIOKENXX,1,2033,10.716137781205765
GLOBAL,S3D4,RNWBIOKENXX,1,2033,60.71571638618979
GLOBAL,S3D5,RNWBIOKENXX,1,2033,60.71571638618979
GLOBAL,S1D2,RNWBIOKENXX,1,2034,22.290472200286604
GLOBAL,S1D3,RNWBIOKENXX,1,2034,49.06372343701924
GLOBAL,S1D4,RNWBIOKENXX,1,2034,24.499183466841032
GLOBAL,S1D5,RNWBIOKENXX,1,2034,65.09558511871003
GLOBAL,S2D6,RNWBIOKENXX,1,2034,65.09558511871003
GLOBAL,S2D2,RNWBIOKENXX,1,2034,22.502203686913795
GLOBAL,S2D3,RNWBIOKENXX,1,2034,32.075839230197026
GLOBAL,S2D4,RNWBIOKENXX,1,2034,65.09558511871003
GLOBAL,S2D5,RNWBIOKENXX,1,2034,26.741161005948175
GLOBAL,S3D2,RNWBIOKENXX,1,2034,65.09558511871003
GLOBAL,S3D3,RNWBIOKENXX,1,2034,17.41370874863479
GLOBAL,S3D4,RNWBIOKENXX,1,2034,65.09558511871005
GLOBAL,S3D5,RNWBIOKENXX,1,2034,65.09558511871005
GLOBAL,S1D6,RNWBIOKENXX,1,2035,0.15172821306175235
GLOBAL,S1D2,RNWBIOKENXX,1,2035,24.15575663275116
GLOBAL,S1D3,RNWBIOKENXX,1,2035,69.46683084014447
GLOBAL,S1D4,RNWBIOKENXX,1,2035,34.27916882602557
GLOBAL,S1D5,RNWBIOKENXX,1,2035,29.599527910185575
GLOBAL,S2D6,RNWBIOKENXX,1,2035,69.46683084014447
GLOBAL,S2D1,RNWBIOKENXX,1,2035,6.9651694562422986
GLOBAL,S2D2,RNWBIOKENXX,1,2035,23.629918906151847
GLOBAL,S2D3,RNWBIOKENXX,1,2035,25.440854419120647
GLOBAL,S2D4,RNWBIOKENXX,1,2035,69.46683084014447
GLOBAL,S2D5,RNWBIOKENXX,1,2035,69.46683084014447
GLOBAL,S3D2,RNWBIOKENXX,1,2035,12.303228945145529
GLOBAL,S3D3,RNWBIOKENXX,1,2035,50.552146330614455
GLOBAL,S3D4,RNWBIOKENXX,1,2035,69.46683084014447
GLOBAL,S3D5,RNWBIOKENXX,1,2035,69.46683084014447
GLOBAL,S1D2,RNWBIOKENXX,1,2036,64.92471952982557
GLOBAL,S1D3,RNWBIOKENXX,1,2036,27.73607158351764
GLOBAL,S1D4,RNWBIOKENXX,1,2036,36.37972509455202
GLOBAL,S1D5,RNWBIOKENXX,1,2036,31.700084178712043
GLOBAL,S2D6,RNWBIOKENXX,1,2036,74.47225652119111
GLOBAL,S2D2,RNWBIOKENXX,1,2036,25.09493941227299
GLOBAL,S2D3,RNWBIOKENXX,1,2036,51.65206536490879
GLOBAL,S2D4,RNWBIOKENXX,1,2036,74.47225652119111
GLOBAL,S2D5,RNWBIOKENXX,1,2036,29.33389673130737
GLOBAL,S3D6,RNWBIOKENXX,1,2036,74.47225652119111
GLOBAL,S3D2,RNWBIOKENXX,1,2036,14.086248881129311
GLOBAL,S3D3,RNWBIOKENXX,1,2036,15.68481436144934
GLOBAL,S3D4,RNWBIOKENXX,1,2036,74.47225652119114
GLOBAL,S3D5,RNWBIOKENXX,1,2036,74.47225652119114
GLOBAL,S1D2,RNWBIOKENXX,1,2037,70.34946516144352
GLOBAL,S1D3,RNWBIOKENXX,1,2037,29.791988345649965
GLOBAL,S1D4,RNWBIOKENXX,1,2037,38.43564185668436
GLOBAL,S1D5,RNWBIOKENXX,1,2037,33.75600094084438
GLOBAL,S2D6,RNWBIOKENXX,1,2037,79.42792848913142
GLOBAL,S2D2,RNWBIOKENXX,1,2037,26.662167185652983
GLOBAL,S2D3,RNWBIOKENXX,1,2037,53.2192931382888
GLOBAL,S2D4,RNWBIOKENXX,1,2037,79.42792848913142
GLOBAL,S2D5,RNWBIOKENXX,1,2037,30.901124504687367
GLOBAL,S3D6,RNWBIOKENXX,1,2037,79.42792848913142
GLOBAL,S3D2,RNWBIOKENXX,1,2037,15.825188353557955
GLOBAL,S3D3,RNWBIOKENXX,1,2037,17.42375383387803
GLOBAL,S3D4,RNWBIOKENXX,1,2037,79.42792848913142
GLOBAL,S3D5,RNWBIOKENXX,1,2037,79.42792848913142
GLOBAL,S1D6,RNWBIOKENXX,1,2038,9.86583368654779
GLOBAL,S1D2,RNWBIOKENXX,1,2038,30.37177238103111
GLOBAL,S1D3,RNWBIOKENXX,1,2038,84.39234061927273
GLOBAL,S1D4,RNWBIOKENXX,1,2038,40.495184574305526
GLOBAL,S1D5,RNWBIOKENXX,1,2038,35.815543658465536
GLOBAL,S2D2,RNWBIOKENXX,1,2038,84.39234061927273
GLOBAL,S2D3,RNWBIOKENXX,1,2038,30.125879430460113
GLOBAL,S2D4,RNWBIOKENXX,1,2038,84.39234061927273
GLOBAL,S2D5,RNWBIOKENXX,1,2038,32.47111634821448
GLOBAL,S3D6,RNWBIOKENXX,1,2038,84.39234061927273
GLOBAL,S3D2,RNWBIOKENXX,1,2038,17.567194738636438
GLOBAL,S3D3,RNWBIOKENXX,1,2038,55.816112124105366
GLOBAL,S3D4,RNWBIOKENXX,1,2038,84.39234061927273
GLOBAL,S3D5,RNWBIOKENXX,1,2038,84.39234061927273
GLOBAL,S1D1,RNWBIOKENXX,1,2039,24.148362521602344
GLOBAL,S1D2,RNWBIOKENXX,1,2039,32.42768914316345
GLOBAL,S1D3,RNWBIOKENXX,1,2039,33.90744782540346
GLOBAL,S1D4,RNWBIOKENXX,1,2039,40.33529614580439
GLOBAL,S1D5,RNWBIOKENXX,1,2039,89.34801258721299
GLOBAL,S2D6,RNWBIOKENXX,1,2039,89.34801258721299
GLOBAL,S2D2,RNWBIOKENXX,1,2039,54.52599235391584
GLOBAL,S2D3,RNWBIOKENXX,1,2039,31.69310720384006
GLOBAL,S2D4,RNWBIOKENXX,1,2039,89.34801258721299
GLOBAL,S2D5,RNWBIOKENXX,1,2039,89.34801258721299
GLOBAL,S3D1,RNWBIOKENXX,1,2039,9.247749305254905
GLOBAL,S3D2,RNWBIOKENXX,1,2039,19.30613421106508
GLOBAL,S3D3,RNWBIOKENXX,1,2039,20.904699691385108
GLOBAL,S3D4,RNWBIOKENXX,1,2039,89.348012587213
GLOBAL,S3D5,RNWBIOKENXX,1,2039,89.348012587213
GLOBAL,S1D6,RNWBIOKENXX,1,2040,12.81361776651548
GLOBAL,S1D2,RNWBIOKENXX,1,2040,34.48723186078487
GLOBAL,S1D3,RNWBIOKENXX,1,2040,38.8346059974582
GLOBAL,S1D4,RNWBIOKENXX,1,2040,94.31242471735453
GLOBAL,S1D5,RNWBIOKENXX,1,2040,39.93100313821929
GLOBAL,S2D2,RNWBIOKENXX,1,2040,31.36937864608736
GLOBAL,S2D3,RNWBIOKENXX,1,2040,66.7912000120266
GLOBAL,S2D4,RNWBIOKENXX,1,2040,94.31242471735453
GLOBAL,S2D5,RNWBIOKENXX,1,2040,35.60833596512174
GLOBAL,S3D6,RNWBIOKENXX,1,2040,94.31242471735453
GLOBAL,S3D2,RNWBIOKENXX,1,2040,94.31242471735453
GLOBAL,S3D3,RNWBIOKENXX,1,2040,22.583506076463777
GLOBAL,S3D4,RNWBIOKENXX,1,2040,94.31242471735453
GLOBAL,S3D5,RNWBIOKENXX,1,2040,94.31242471735453
GLOBAL,S1D1,RNWBIOKENXX,1,2041,23.998397274403427
GLOBAL,S1D2,RNWBIOKENXX,1,2041,37.04353048036726
GLOBAL,S1D3,RNWBIOKENXX,1,2041,41.39090461704059
GLOBAL,S1D4,RNWBIOKENXX,1,2041,47.166942673641664
GLOBAL,S1D5,RNWBIOKENXX,1,2041,100.47423906902593
GLOBAL,S2D6,RNWBIOKENXX,1,2041,100.47423906902593
GLOBAL,S2D2,RNWBIOKENXX,1,2041,33.31804809976072
GLOBAL,S2D3,RNWBIOKENXX,1,2041,68.73986946569994
GLOBAL,S2D4,RNWBIOKENXX,1,2041,100.47423906902593
GLOBAL,S2D5,RNWBIOKENXX,1,2041,100.47423906902593
GLOBAL,S3D2,RNWBIOKENXX,1,2041,23.210314014242748
GLOBAL,S3D3,RNWBIOKENXX,1,2041,24.80887949456277
GLOBAL,S3D4,RNWBIOKENXX,1,2041,100.47423906902593
GLOBAL,S3D5,RNWBIOKENXX,1,2041,100.47423906902593
GLOBAL,S1D1,RNWBIOKENXX,1,2042,40.088575897740256
GLOBAL,S1D2,RNWBIOKENXX,1,2042,39.59620314446107
GLOBAL,S1D3,RNWBIOKENXX,1,2042,47.38115487566106
GLOBAL,S1D4,RNWBIOKENXX,1,2042,41.8049144110155
GLOBAL,S1D5,RNWBIOKENXX,1,2042,106.62731325849695
GLOBAL,S2D6,RNWBIOKENXX,1,2042,106.62731325849695
GLOBAL,S2D2,RNWBIOKENXX,1,2042,35.26395348328716
GLOBAL,S2D3,RNWBIOKENXX,1,2042,61.82107943592308
GLOBAL,S2D4,RNWBIOKENXX,1,2042,106.62731325849695
GLOBAL,S2D5,RNWBIOKENXX,1,2042,106.62731325849695
GLOBAL,S3D2,RNWBIOKENXX,1,2042,25.369420519692092
GLOBAL,S3D3,RNWBIOKENXX,1,2042,26.967986000012125
GLOBAL,S3D4,RNWBIOKENXX,1,2042,106.62731325849695
GLOBAL,S3D5,RNWBIOKENXX,1,2042,106.62731325849695
GLOBAL,S1D6,RNWBIOKENXX,1,2043,17.40763062099878
GLOBAL,S1D2,RNWBIOKENXX,1,2043,42.15250176404367
GLOBAL,S1D3,RNWBIOKENXX,1,2043,43.63226044628369
GLOBAL,S1D4,RNWBIOKENXX,1,2043,52.27591395731808
GLOBAL,S1D5,RNWBIOKENXX,1,2043,47.59627304147804
GLOBAL,S2D6,RNWBIOKENXX,1,2043,112.78912761016858
GLOBAL,S2D1,RNWBIOKENXX,1,2043,112.78912761016858
GLOBAL,S2D2,RNWBIOKENXX,1,2043,37.21262293696077
GLOBAL,S2D3,RNWBIOKENXX,1,2043,39.10634333824084
GLOBAL,S2D4,RNWBIOKENXX,1,2043,112.78912761016858
GLOBAL,S2D5,RNWBIOKENXX,1,2043,41.4515802559952
GLOBAL,S3D2,RNWBIOKENXX,1,2043,52.41639451204973
GLOBAL,S3D3,RNWBIOKENXX,1,2043,74.66158209934005
GLOBAL,S3D4,RNWBIOKENXX,1,2043,112.7891276101686
GLOBAL,S3D5,RNWBIOKENXX,1,2043,112.7891276101686
GLOBAL,S1D2,RNWBIOKENXX,1,2044,76.62137358754772
GLOBAL,S1D3,RNWBIOKENXX,1,2044,46.18855906586628
GLOBAL,S1D4,RNWBIOKENXX,1,2044,54.83221257690067
GLOBAL,S1D5,RNWBIOKENXX,1,2044,118.95094196184051
GLOBAL,S2D6,RNWBIOKENXX,1,2044,118.95094196184051
GLOBAL,S2D2,RNWBIOKENXX,1,2044,39.16129239063434
GLOBAL,S2D3,RNWBIOKENXX,1,2044,65.71841834327019
GLOBAL,S2D4,RNWBIOKENXX,1,2044,118.95094196184051
GLOBAL,S2D5,RNWBIOKENXX,1,2044,43.40024970966877
GLOBAL,S3D2,RNWBIOKENXX,1,2044,29.693767355890408
GLOBAL,S3D3,RNWBIOKENXX,1,2044,118.95094196184051
GLOBAL,S3D4,RNWBIOKENXX,1,2044,118.95094196184054
GLOBAL,S3D5,RNWBIOKENXX,1,2044,118.95094196184054
GLOBAL,S1D6,RNWBIOKENXX,1,2045,108.2481716141852
GLOBAL,S1D1,RNWBIOKENXX,1,2045,4.074451484741938
GLOBAL,S1D2,RNWBIOKENXX,1,2045,54.61744294455417
GLOBAL,S1D3,RNWBIOKENXX,1,2045,124.9699061800663
GLOBAL,S1D4,RNWBIOKENXX,1,2045,50.1266887865581
GLOBAL,S1D5,RNWBIOKENXX,1,2045,124.9699061800663
GLOBAL,S2D2,RNWBIOKENXX,1,2045,43.66691670669607
GLOBAL,S2D3,RNWBIOKENXX,1,2045,45.560637107976135
GLOBAL,S2D4,RNWBIOKENXX,1,2045,124.9699061800663
GLOBAL,S2D5,RNWBIOKENXX,1,2045,124.9699061800663
GLOBAL,S3D2,RNWBIOKENXX,1,2045,34.41289563637766
GLOBAL,S3D3,RNWBIOKENXX,1,2045,36.0114611166976
GLOBAL,S3D4,RNWBIOKENXX,1,2045,124.96990618006636
GLOBAL,S3D5,RNWBIOKENXX,1,2045,124.9699061800663
GLOBAL,S1D6,RNWBIOKENXX,1,2046,65.48559373663547
GLOBAL,S1D2,RNWBIOKENXX,1,2046,132.6962095657087
GLOBAL,S1D3,RNWBIOKENXX,1,2046,54.50715719990932
GLOBAL,S1D4,RNWBIOKENXX,1,2046,53.33203343863035
GLOBAL,S1D5,RNWBIOKENXX,1,2046,53.33203343863035
GLOBAL,S2D6,RNWBIOKENXX,1,2046,132.6962095657087
GLOBAL,S2D2,RNWBIOKENXX,1,2046,46.11035471669239
GLOBAL,S2D3,RNWBIOKENXX,1,2046,48.004075117972455
GLOBAL,S2D4,RNWBIOKENXX,1,2046,132.6962095657087
GLOBAL,S2D5,RNWBIOKENXX,1,2046,132.6962095657087
GLOBAL,S3D2,RNWBIOKENXX,1,2046,37.12404641878852
GLOBAL,S3D3,RNWBIOKENXX,1,2046,38.72261189910844
GLOBAL,S3D4,RNWBIOKENXX,1,2046,132.6962095657087
GLOBAL,S3D5,RNWBIOKENXX,1,2046,132.6962095657087
GLOBAL,S1D6,RNWBIOKENXX,1,2047,69.61219193685729
GLOBAL,S1D2,RNWBIOKENXX,1,2047,56.66452554589351
GLOBAL,S1D3,RNWBIOKENXX,1,2047,140.5547746132523
GLOBAL,S1D4,RNWBIOKENXX,1,2047,56.66452554589351
GLOBAL,S1D5,RNWBIOKENXX,1,2047,56.66452554589351
GLOBAL,S2D6,RNWBIOKENXX,1,2047,140.5547746132523
GLOBAL,S2D2,RNWBIOKENXX,1,2047,48.62635829653602
GLOBAL,S2D3,RNWBIOKENXX,1,2047,50.52007869781608
GLOBAL,S2D4,RNWBIOKENXX,1,2047,140.5547746132523
GLOBAL,S2D5,RNWBIOKENXX,1,2047,140.5547746132523
GLOBAL,S3D2,RNWBIOKENXX,1,2047,39.90806561354942
GLOBAL,S3D3,RNWBIOKENXX,1,2047,41.44343109386938
GLOBAL,S3D4,RNWBIOKENXX,1,2047,140.5547746132523
GLOBAL,S3D5,RNWBIOKENXX,1,2047,140.5547746132523
GLOBAL,S1D6,RNWBIOKENXX,1,2048,124.74057140736552
GLOBAL,S1D2,RNWBIOKENXX,1,2048,61.940677276113405
GLOBAL,S1D3,RNWBIOKENXX,1,2048,61.940677276113405
GLOBAL,S1D4,RNWBIOKENXX,1,2048,61.940677276113405
GLOBAL,S1D5,RNWBIOKENXX,1,2048,150.35188507704552
GLOBAL,S2D2,RNWBIOKENXX,1,2048,51.01209872484279
GLOBAL,S2D3,RNWBIOKENXX,1,2048,150.35188507704552
GLOBAL,S2D4,RNWBIOKENXX,1,2048,150.35188507704552
GLOBAL,S2D5,RNWBIOKENXX,1,2048,150.35188507704552
GLOBAL,S3D2,RNWBIOKENXX,1,2048,44.59116694419064
GLOBAL,S3D3,RNWBIOKENXX,1,2048,44.59116694419064
GLOBAL,S3D4,RNWBIOKENXX,1,2048,150.35188507704555
GLOBAL,S3D5,RNWBIOKENXX,1,2048,150.35188507704555
GLOBAL,S1D1,RNWBIOKENXX,1,2049,37.48095734592064
GLOBAL,S1D2,RNWBIOKENXX,1,2049,158.07818846268796
GLOBAL,S1D3,RNWBIOKENXX,1,2049,65.14602192818602
GLOBAL,S1D4,RNWBIOKENXX,1,2049,65.14602192818602
GLOBAL,S1D5,RNWBIOKENXX,1,2049,158.07818846268796
GLOBAL,S2D2,RNWBIOKENXX,1,2049,158.07818846268796
GLOBAL,S2D3,RNWBIOKENXX,1,2049,53.4555367348394
GLOBAL,S2D4,RNWBIOKENXX,1,2049,158.07818846268796
GLOBAL,S2D5,RNWBIOKENXX,1,2049,158.07818846268796
GLOBAL,S3D2,RNWBIOKENXX,1,2049,47.3023177266018
GLOBAL,S3D3,RNWBIOKENXX,1,2049,47.3023177266018
GLOBAL,S3D4,RNWBIOKENXX,1,2049,158.07818846268796
GLOBAL,S3D5,RNWBIOKENXX,1,2049,158.07818846268796
GLOBAL,S1D1,RNWBIOKENXX,1,2050,38.63255108541126
GLOBAL,S1D2,RNWBIOKENXX,1,2050,165.80449184833057
GLOBAL,S1D3,RNWBIOKENXX,1,2050,68.35136658025841
GLOBAL,S1D4,RNWBIOKENXX,1,2050,68.35136658025841
GLOBAL,S1D5,RNWBIOKENXX,1,2050,165.80449184833057
GLOBAL,S2D2,RNWBIOKENXX,1,2050,165.80449184833057
GLOBAL,S2D3,RNWBIOKENXX,1,2050,55.89897474483582
GLOBAL,S2D4,RNWBIOKENXX,1,2050,165.80449184833057
GLOBAL,S2D5,RNWBIOKENXX,1,2050,165.80449184833057
GLOBAL,S3D2,RNWBIOKENXX,1,2050,50.01346850901265
GLOBAL,S3D3,RNWBIOKENXX,1,2050,50.01346850901265
GLOBAL,S3D4,RNWBIOKENXX,1,2050,165.80449184833057
GLOBAL,S3D5,RNWBIOKENXX,1,2050,165.80449184833057
GLOBAL,S1D6,RNWBIOTZAXX,1,2021,8.50870642220813
GLOBAL,S1D1,RNWBIOTZAXX,1,2021,15.340280033475
GLOBAL,S1D2,RNWBIOTZAXX,1,2021,4.112343651632885
GLOBAL,S1D4,RNWBIOTZAXX,1,2021,4.112343651632885
GLOBAL,S1D5,RNWBIOTZAXX,1,2021,4.112343651632885
GLOBAL,S2D2,RNWBIOTZAXX,1,2021,15.340280033475
GLOBAL,S2D4,RNWBIOTZAXX,1,2021,15.340280033475
GLOBAL,S2D5,RNWBIOTZAXX,1,2021,15.340280033475
GLOBAL,S3D2,RNWBIOTZAXX,1,2021,12.508095882118145
GLOBAL,S3D3,RNWBIOTZAXX,1,2021,12.508095882118145
GLOBAL,S3D4,RNWBIOTZAXX,1,2021,15.340280033475
GLOBAL,S3D5,RNWBIOTZAXX,1,2021,15.340280033475
GLOBAL,S1D6,RNWBIOTZAXX,1,2022,11.8800115095114
GLOBAL,S1D2,RNWBIOTZAXX,1,2022,5.172919557644651
GLOBAL,S1D4,RNWBIOTZAXX,1,2022,5.172919557644651
GLOBAL,S1D5,RNWBIOTZAXX,1,2022,17.918863797937735
GLOBAL,S2D2,RNWBIOTZAXX,1,2022,17.918863797937735
GLOBAL,S2D4,RNWBIOTZAXX,1,2022,17.918863797937735
GLOBAL,S2D5,RNWBIOTZAXX,1,2022,17.918863797937735
GLOBAL,S3D2,RNWBIOTZAXX,1,2022,17.918863797937735
GLOBAL,S3D3,RNWBIOTZAXX,1,2022,13.391936409603131
GLOBAL,S3D4,RNWBIOTZAXX,1,2022,17.918863797937735
GLOBAL,S3D5,RNWBIOTZAXX,1,2022,17.918863797937735
GLOBAL,S1D6,RNWBIOTZAXX,1,2023,18.469627019515023
GLOBAL,S1D2,RNWBIOTZAXX,1,2023,6.1778090747774606
GLOBAL,S1D4,RNWBIOTZAXX,1,2023,10.249762352748585
GLOBAL,S1D5,RNWBIOTZAXX,1,2023,6.1778090747774606
GLOBAL,S2D2,RNWBIOTZAXX,1,2023,18.469627019515023
GLOBAL,S2D4,RNWBIOTZAXX,1,2023,18.469627019515023
GLOBAL,S2D5,RNWBIOTZAXX,1,2023,18.469627019515023
GLOBAL,S3D2,RNWBIOTZAXX,1,2023,18.469627019515023
GLOBAL,S3D3,RNWBIOTZAXX,1,2023,14.10226696252464
GLOBAL,S3D4,RNWBIOTZAXX,1,2023,18.469627019515023
GLOBAL,S3D5,RNWBIOTZAXX,1,2023,18.469627019515023
GLOBAL,S1D1,RNWBIOTZAXX,1,2024,18.469627019515023
GLOBAL,S1D2,RNWBIOTZAXX,1,2024,8.827808393714054
GLOBAL,S1D4,RNWBIOTZAXX,1,2024,8.827808393714054
GLOBAL,S1D5,RNWBIOTZAXX,1,2024,8.827808393714054
GLOBAL,S2D2,RNWBIOTZAXX,1,2024,17.031221172603964
GLOBAL,S2D4,RNWBIOTZAXX,1,2024,18.469627019515023
GLOBAL,S2D5,RNWBIOTZAXX,1,2024,18.469627019515023
GLOBAL,S3D2,RNWBIOTZAXX,1,2024,15.103914317734825
GLOBAL,S3D3,RNWBIOTZAXX,1,2024,15.103914317734825
GLOBAL,S3D4,RNWBIOTZAXX,1,2024,18.469627019515023
GLOBAL,S3D5,RNWBIOTZAXX,1,2024,18.469627019515023
GLOBAL,S1D6,RNWBIOTZAXX,1,2025,18.469627019515023
GLOBAL,S1D2,RNWBIOTZAXX,1,2025,7.751030878102378
GLOBAL,S1D4,RNWBIOTZAXX,1,2025,7.751030878102378
GLOBAL,S1D5,RNWBIOTZAXX,1,2025,15.186500246959737
GLOBAL,S2D2,RNWBIOTZAXX,1,2025,17.054697798084767
GLOBAL,S2D4,RNWBIOTZAXX,1,2025,18.469627019515023
GLOBAL,S2D5,RNWBIOTZAXX,1,2025,17.054697798084767
GLOBAL,S3D2,RNWBIOTZAXX,1,2025,13.737290781339194
GLOBAL,S3D3,RNWBIOTZAXX,1,2025,13.737290781339194
GLOBAL,S3D4,RNWBIOTZAXX,1,2025,18.469627019515023
GLOBAL,S3D5,RNWBIOTZAXX,1,2025,18.469627019515023
GLOBAL,S1D6,RNWBIOTZAXX,1,2026,18.469627019515023
GLOBAL,S1D2,RNWBIOTZAXX,1,2026,8.094645102841135
GLOBAL,S1D4,RNWBIOTZAXX,1,2026,8.094645102841135
GLOBAL,S1D5,RNWBIOTZAXX,1,2026,15.008783052873609
GLOBAL,S2D2,RNWBIOTZAXX,1,2026,16.830654153379136
GLOBAL,S2D4,RNWBIOTZAXX,1,2026,18.469627019515023
GLOBAL,S2D5,RNWBIOTZAXX,1,2026,16.830654153379136
GLOBAL,S3D2,RNWBIOTZAXX,1,2026,13.71270630081382
GLOBAL,S3D3,RNWBIOTZAXX,1,2026,13.71270630081382
GLOBAL,S3D4,RNWBIOTZAXX,1,2026,18.469627019515023
GLOBAL,S3D5,RNWBIOTZAXX,1,2026,18.469627019515023
GLOBAL,S1D1,RNWBIOTZAXX,1,2027,18.469627019515023
GLOBAL,S1D2,RNWBIOTZAXX,1,2027,8.437709544820208
GLOBAL,S1D4,RNWBIOTZAXX,1,2027,8.437709544820208
GLOBAL,S1D5,RNWBIOTZAXX,1,2027,14.831350206298122
GLOBAL,S2D2,RNWBIOTZAXX,1,2027,16.606968978505005
GLOBAL,S2D4,RNWBIOTZAXX,1,2027,18.469627019515023
GLOBAL,S2D5,RNWBIOTZAXX,1,2027,16.606968978505005
GLOBAL,S3D2,RNWBIOTZAXX,1,2027,13.688161155457268
GLOBAL,S3D3,RNWBIOTZAXX,1,2027,13.688161155457268
GLOBAL,S3D4,RNWBIOTZAXX,1,2027,18.469627019515023
GLOBAL,S3D5,RNWBIOTZAXX,1,2027,18.469627019515023
GLOBAL,S1D1,RNWBIOTZAXX,1,2028,18.469627019515023
GLOBAL,S1D2,RNWBIOTZAXX,1,2028,8.7813237695591
GLOBAL,S1D4,RNWBIOTZAXX,1,2028,8.7813237695591
GLOBAL,S1D5,RNWBIOTZAXX,1,2028,14.653633012211
GLOBAL,S2D2,RNWBIOTZAXX,1,2028,16.382925333799534
GLOBAL,S2D4,RNWBIOTZAXX,1,2028,18.469627019515023
GLOBAL,S2D5,RNWBIOTZAXX,1,2028,16.382925333799534
GLOBAL,S3D2,RNWBIOTZAXX,1,2028,13.663576674932024
GLOBAL,S3D3,RNWBIOTZAXX,1,2028,13.663576674932024
GLOBAL,S3D4,RNWBIOTZAXX,1,2028,18.469627019515023
GLOBAL,S3D5,RNWBIOTZAXX,1,2028,18.469627019515023
GLOBAL,S1D6,RNWBIOTZAXX,1,2029,18.469627019515023
GLOBAL,S1D2,RNWBIOTZAXX,1,2029,9.124937994297884
GLOBAL,S1D4,RNWBIOTZAXX,1,2029,9.124937994297884
GLOBAL,S1D5,RNWBIOTZAXX,1,2029,14.4759158181246
GLOBAL,S2D2,RNWBIOTZAXX,1,2029,16.158881689093903
GLOBAL,S2D4,RNWBIOTZAXX,1,2029,18.469627019515023
GLOBAL,S2D5,RNWBIOTZAXX,1,2029,16.158881689093903
GLOBAL,S3D2,RNWBIOTZAXX,1,2029,13.638992194406624
GLOBAL,S3D3,RNWBIOTZAXX,1,2029,13.638992194406624
GLOBAL,S3D4,RNWBIOTZAXX,1,2029,18.469627019515023
GLOBAL,S3D5,RNWBIOTZAXX,1,2029,18.469627019515023
GLOBAL,S1D6,RNWBIOTZAXX,1,2030,4.164147599803936
GLOBAL,S1D2,RNWBIOTZAXX,1,2030,18.469627019515023
GLOBAL,S1D4,RNWBIOTZAXX,1,2030,9.468552219036559
GLOBAL,S1D5,RNWBIOTZAXX,1,2030,9.468552219036559
GLOBAL,S2D2,RNWBIOTZAXX,1,2030,18.469627019515023
GLOBAL,S2D4,RNWBIOTZAXX,1,2030,18.469627019515023
GLOBAL,S2D5,RNWBIOTZAXX,1,2030,18.469627019515023
GLOBAL,S3D2,RNWBIOTZAXX,1,2030,18.469627019515023
GLOBAL,S3D3,RNWBIOTZAXX,1,2030,13.614407713881226
GLOBAL,S3D4,RNWBIOTZAXX,1,2030,18.469627019515023
GLOBAL,S3D5,RNWBIOTZAXX,1,2030,18.469627019515023
GLOBAL,S1D6,RNWBIOTZAXX,1,2031,3.728026265891665
GLOBAL,S1D2,RNWBIOTZAXX,1,2031,9.88363820252104
GLOBAL,S1D4,RNWBIOTZAXX,1,2031,9.88363820252104
GLOBAL,S1D5,RNWBIOTZAXX,1,2031,9.88363820252104
GLOBAL,S2D6,RNWBIOTZAXX,1,2031,18.469627019515023
GLOBAL,S2D2,RNWBIOTZAXX,1,2031,15.664193321583888
GLOBAL,S2D4,RNWBIOTZAXX,1,2031,18.469627019515023
GLOBAL,S2D5,RNWBIOTZAXX,1,2031,15.664193321583888
GLOBAL,S3D2,RNWBIOTZAXX,1,2031,13.58470966140568
GLOBAL,S3D3,RNWBIOTZAXX,1,2031,13.584709661406636
GLOBAL,S3D4,RNWBIOTZAXX,1,2031,18.469627019515023
GLOBAL,S3D5,RNWBIOTZAXX,1,2031,18.469627019515023
GLOBAL,S1D6,RNWBIOTZAXX,1,2032,2.140093789133575
GLOBAL,S1D2,RNWBIOTZAXX,1,2032,7.132845250232025
GLOBAL,S1D4,RNWBIOTZAXX,1,2032,7.132845250232025
GLOBAL,S1D5,RNWBIOTZAXX,1,2032,7.132845250232025
GLOBAL,S2D2,RNWBIOTZAXX,1,2032,11.118585419515028
GLOBAL,S2D4,RNWBIOTZAXX,1,2032,11.118585419515028
GLOBAL,S2D5,RNWBIOTZAXX,1,2032,11.118585419515028
GLOBAL,S3D2,RNWBIOTZAXX,1,2032,10.38854355523015
GLOBAL,S3D3,RNWBIOTZAXX,1,2032,10.38854355523015
GLOBAL,S3D4,RNWBIOTZAXX,1,2032,11.118585419515025
GLOBAL,S3D5,RNWBIOTZAXX,1,2032,11.118585419515025
GLOBAL,S1D6,RNWBIOTZAXX,1,2033,1.2008313240079356
GLOBAL,S1D2,RNWBIOTZAXX,1,2033,7.49936501974584
GLOBAL,S1D4,RNWBIOTZAXX,1,2033,7.49936501974584
GLOBAL,S1D5,RNWBIOTZAXX,1,2033,7.49936501974584
GLOBAL,S2D2,RNWBIOTZAXX,1,2033,11.118585419515028
GLOBAL,S2D4,RNWBIOTZAXX,1,2033,11.118585419515028
GLOBAL,S2D5,RNWBIOTZAXX,1,2033,11.118585419515028
GLOBAL,S3D2,RNWBIOTZAXX,1,2033,10.309690170857428
GLOBAL,S3D3,RNWBIOTZAXX,1,2033,10.309690170856472
GLOBAL,S3D4,RNWBIOTZAXX,1,2033,11.118585419515025
GLOBAL,S3D5,RNWBIOTZAXX,1,2033,11.118585419515025
GLOBAL,S1D6,RNWBIOTZAXX,1,2034,0.26281126955391
GLOBAL,S1D2,RNWBIOTZAXX,1,2034,7.865399974749287
GLOBAL,S1D4,RNWBIOTZAXX,1,2034,7.865399974749287
GLOBAL,S1D5,RNWBIOTZAXX,1,2034,7.865399974749287
GLOBAL,S2D2,RNWBIOTZAXX,1,2034,11.118585419515028
GLOBAL,S2D4,RNWBIOTZAXX,1,2034,11.118585419515028
GLOBAL,S2D5,RNWBIOTZAXX,1,2034,11.118585419515028
GLOBAL,S3D2,RNWBIOTZAXX,1,2034,10.23094108990082
GLOBAL,S3D3,RNWBIOTZAXX,1,2034,10.23094108990082
GLOBAL,S3D4,RNWBIOTZAXX,1,2034,11.118585419515025
GLOBAL,S3D5,RNWBIOTZAXX,1,2034,11.118585419515025
GLOBAL,S1D2,RNWBIOTZAXX,1,2035,8.00643601240631
GLOBAL,S1D4,RNWBIOTZAXX,1,2035,8.00643601240631
GLOBAL,S1D5,RNWBIOTZAXX,1,2035,8.00643601240631
GLOBAL,S2D2,RNWBIOTZAXX,1,2035,11.118585419515028
GLOBAL,S2D4,RNWBIOTZAXX,1,2035,11.118585419515028
GLOBAL,S2D5,RNWBIOTZAXX,1,2035,11.118585419515028
GLOBAL,S3D2,RNWBIOTZAXX,1,2035,10.152087705526824
GLOBAL,S3D3,RNWBIOTZAXX,1,2035,10.152087705526824
GLOBAL,S3D4,RNWBIOTZAXX,1,2035,11.118585419515025
GLOBAL,S3D5,RNWBIOTZAXX,1,2035,11.118585419515025
GLOBAL,S1D2,RNWBIOTZAXX,1,2036,8.180068039413328
GLOBAL,S1D4,RNWBIOTZAXX,1,2036,8.180068039413328
GLOBAL,S1D5,RNWBIOTZAXX,1,2036,8.180068039413328
GLOBAL,S2D2,RNWBIOTZAXX,1,2036,10.922176572258593
GLOBAL,S2D4,RNWBIOTZAXX,1,2036,11.118585419515028
GLOBAL,S2D5,RNWBIOTZAXX,1,2036,10.922176572258593
GLOBAL,S3D2,RNWBIOTZAXX,1,2036,10.09401992448243
GLOBAL,S3D3,RNWBIOTZAXX,1,2036,10.09401992448243
GLOBAL,S3D4,RNWBIOTZAXX,1,2036,11.118585419515025
GLOBAL,S3D5,RNWBIOTZAXX,1,2036,11.118585419515025
GLOBAL,S1D2,RNWBIOTZAXX,1,2037,8.423818223992571
GLOBAL,S1D4,RNWBIOTZAXX,1,2037,8.423818223992571
GLOBAL,S1D5,RNWBIOTZAXX,1,2037,8.423818223992571
GLOBAL,S2D2,RNWBIOTZAXX,1,2037,10.600629133377076
GLOBAL,S2D4,RNWBIOTZAXX,1,2037,11.118585419515028
GLOBAL,S2D5,RNWBIOTZAXX,1,2037,10.600629133377076
GLOBAL,S3D2,RNWBIOTZAXX,1,2037,10.058736278032551
GLOBAL,S3D3,RNWBIOTZAXX,1,2037,10.058736278032551
GLOBAL,S3D4,RNWBIOTZAXX,1,2037,11.118585419515025
GLOBAL,S3D5,RNWBIOTZAXX,1,2037,11.118585419515025
GLOBAL,S1D2,RNWBIOTZAXX,1,2038,8.66784014790761
GLOBAL,S1D4,RNWBIOTZAXX,1,2038,8.66784014790761
GLOBAL,S1D5,RNWBIOTZAXX,1,2038,8.66784014790761
GLOBAL,S2D2,RNWBIOTZAXX,1,2038,10.278723224664068
GLOBAL,S2D4,RNWBIOTZAXX,1,2038,11.118585419515028
GLOBAL,S2D5,RNWBIOTZAXX,1,2038,10.278723224664068
GLOBAL,S3D2,RNWBIOTZAXX,1,2038,10.023413296413615
GLOBAL,S3D3,RNWBIOTZAXX,1,2038,10.023413296413615
GLOBAL,S3D4,RNWBIOTZAXX,1,2038,11.118585419515025
GLOBAL,S3D5,RNWBIOTZAXX,1,2038,11.118585419515025
GLOBAL,S1D2,RNWBIOTZAXX,1,2039,8.911862071822899
GLOBAL,S1D4,RNWBIOTZAXX,1,2039,8.911862071822899
GLOBAL,S1D5,RNWBIOTZAXX,1,2039,8.911862071822899
GLOBAL,S2D2,RNWBIOTZAXX,1,2039,9.956817315951058
GLOBAL,S2D4,RNWBIOTZAXX,1,2039,11.118585419515028
GLOBAL,S2D5,RNWBIOTZAXX,1,2039,9.956817315951058
GLOBAL,S3D2,RNWBIOTZAXX,1,2039,9.988090314794787
GLOBAL,S3D3,RNWBIOTZAXX,1,2039,9.988090314794787
GLOBAL,S3D4,RNWBIOTZAXX,1,2039,11.118585419515025
GLOBAL,S3D5,RNWBIOTZAXX,1,2039,11.118585419515025
GLOBAL,S1D2,RNWBIOTZAXX,1,2040,9.1558839957383
GLOBAL,S1D4,RNWBIOTZAXX,1,2040,9.1558839957383
GLOBAL,S1D5,RNWBIOTZAXX,1,2040,9.1558839957383
GLOBAL,S2D2,RNWBIOTZAXX,1,2040,9.634911407238048
GLOBAL,S2D4,RNWBIOTZAXX,1,2040,11.118585419515028
GLOBAL,S2D5,RNWBIOTZAXX,1,2040,9.634911407238048
GLOBAL,S3D2,RNWBIOTZAXX,1,2040,9.952767333175956
GLOBAL,S3D3,RNWBIOTZAXX,1,2040,9.952767333175956
GLOBAL,S3D4,RNWBIOTZAXX,1,2040,11.118585419515025
GLOBAL,S3D5,RNWBIOTZAXX,1,2040,11.118585419515025
GLOBAL,S1D2,RNWBIOTZAXX,1,2041,9.444199431456003
GLOBAL,S1D4,RNWBIOTZAXX,1,2041,9.444199431456003
GLOBAL,S1D5,RNWBIOTZAXX,1,2041,9.444199431456003
GLOBAL,S2D2,RNWBIOTZAXX,1,2041,9.254574915985618
GLOBAL,S2D4,RNWBIOTZAXX,1,2041,11.118585419515028
GLOBAL,S2D5,RNWBIOTZAXX,1,2041,9.254574915985618
GLOBAL,S3D2,RNWBIOTZAXX,1,2041,9.91103271903603
GLOBAL,S3D3,RNWBIOTZAXX,1,2041,9.91103271903603
GLOBAL,S3D4,RNWBIOTZAXX,1,2041,11.118585419515025
GLOBAL,S3D5,RNWBIOTZAXX,1,2041,11.118585419515025
GLOBAL,S1D2,RNWBIOTZAXX,1,2042,9.732514867173096
GLOBAL,S1D4,RNWBIOTZAXX,1,2042,9.732514867173096
GLOBAL,S1D5,RNWBIOTZAXX,1,2042,9.732514867173096
GLOBAL,S2D2,RNWBIOTZAXX,1,2042,8.874238424733397
GLOBAL,S2D4,RNWBIOTZAXX,1,2042,11.118585419515028
GLOBAL,S2D5,RNWBIOTZAXX,1,2042,8.874238424733397
GLOBAL,S3D2,RNWBIOTZAXX,1,2042,9.869298104896105
GLOBAL,S3D3,RNWBIOTZAXX,1,2042,9.869298104896105
GLOBAL,S3D4,RNWBIOTZAXX,1,2042,11.118585419515025
GLOBAL,S3D5,RNWBIOTZAXX,1,2042,11.118585419515025
GLOBAL,S1D2,RNWBIOTZAXX,1,2043,10.020830302891094
GLOBAL,S1D4,RNWBIOTZAXX,1,2043,10.020830302891094
GLOBAL,S1D5,RNWBIOTZAXX,1,2043,10.020830302891094
GLOBAL,S2D2,RNWBIOTZAXX,1,2043,8.493901933481073
GLOBAL,S2D4,RNWBIOTZAXX,1,2043,11.118585419515028
GLOBAL,S2D5,RNWBIOTZAXX,1,2043,8.493901933481073
GLOBAL,S3D2,RNWBIOTZAXX,1,2043,9.827563490756178
GLOBAL,S3D3,RNWBIOTZAXX,1,2043,9.827563490756178
GLOBAL,S3D4,RNWBIOTZAXX,1,2043,11.118585419515025
GLOBAL,S3D5,RNWBIOTZAXX,1,2043,11.118585419515025
GLOBAL,S1D2,RNWBIOTZAXX,1,2044,10.3094174779443
GLOBAL,S1D4,RNWBIOTZAXX,1,2044,10.3094174779443
GLOBAL,S1D5,RNWBIOTZAXX,1,2044,10.3094174779443
GLOBAL,S2D2,RNWBIOTZAXX,1,2044,8.11320697239725
GLOBAL,S2D4,RNWBIOTZAXX,1,2044,11.118585419515028
GLOBAL,S2D5,RNWBIOTZAXX,1,2044,8.11320697239725
GLOBAL,S3D2,RNWBIOTZAXX,1,2044,9.78578954144751
GLOBAL,S3D3,RNWBIOTZAXX,1,2044,9.78578954144751
GLOBAL,S3D4,RNWBIOTZAXX,1,2044,11.118585419515025
GLOBAL,S3D5,RNWBIOTZAXX,1,2044,11.118585419515025
GLOBAL,S1D2,RNWBIOTZAXX,1,2045,10.59773291366172
GLOBAL,S1D4,RNWBIOTZAXX,1,2045,10.59773291366172
GLOBAL,S1D5,RNWBIOTZAXX,1,2045,10.59773291366172
GLOBAL,S2D2,RNWBIOTZAXX,1,2045,7.732870481145137
GLOBAL,S2D4,RNWBIOTZAXX,1,2045,11.118585419515028
GLOBAL,S2D5,RNWBIOTZAXX,1,2045,7.732870481145137
GLOBAL,S3D2,RNWBIOTZAXX,1,2045,9.74405492730769
GLOBAL,S3D3,RNWBIOTZAXX,1,2045,9.74405492730769
GLOBAL,S3D4,RNWBIOTZAXX,1,2045,11.118585419515025
GLOBAL,S3D5,RNWBIOTZAXX,1,2045,11.118585419515025
GLOBAL,S1D2,RNWBIOTZAXX,1,2046,10.955613619448648
GLOBAL,S1D4,RNWBIOTZAXX,1,2046,10.955613619448648
GLOBAL,S1D5,RNWBIOTZAXX,1,2046,10.955613619448648
GLOBAL,S2D2,RNWBIOTZAXX,1,2046,7.260765713021271
GLOBAL,S2D4,RNWBIOTZAXX,1,2046,11.118585419515028
GLOBAL,S2D5,RNWBIOTZAXX,1,2046,7.260765713021271
GLOBAL,S3D2,RNWBIOTZAXX,1,2046,9.692250509944445
GLOBAL,S3D3,RNWBIOTZAXX,1,2046,9.692250509944445
GLOBAL,S3D4,RNWBIOTZAXX,1,2046,11.118585419515025
GLOBAL,S3D5,RNWBIOTZAXX,1,2046,11.118585419515025
GLOBAL,S1D2,RNWBIOTZAXX,1,2047,11.118585419515025
GLOBAL,S1D4,RNWBIOTZAXX,1,2047,11.118585419515025
GLOBAL,S1D5,RNWBIOTZAXX,1,2047,11.118585419515025
GLOBAL,S2D6,RNWBIOTZAXX,1,2047,0.5701605711808857
GLOBAL,S2D2,RNWBIOTZAXX,1,2047,6.788660944897935
GLOBAL,S2D4,RNWBIOTZAXX,1,2047,11.118585419515025
GLOBAL,S2D5,RNWBIOTZAXX,1,2047,6.788660944897935
GLOBAL,S3D2,RNWBIOTZAXX,1,2047,9.640446092581731
GLOBAL,S3D3,RNWBIOTZAXX,1,2047,9.640446092581731
GLOBAL,S3D4,RNWBIOTZAXX,1,2047,11.118585419515025
GLOBAL,S3D5,RNWBIOTZAXX,1,2047,11.118585419515025
GLOBAL,S1D2,RNWBIOTZAXX,1,2048,11.118585419515025
GLOBAL,S1D4,RNWBIOTZAXX,1,2048,11.118585419515025
GLOBAL,S1D5,RNWBIOTZAXX,1,2048,11.118585419515025
GLOBAL,S2D6,RNWBIOTZAXX,1,2048,1.6170571553690962
GLOBAL,S2D2,RNWBIOTZAXX,1,2048,6.316556176774385
GLOBAL,S2D4,RNWBIOTZAXX,1,2048,11.118585419515025
GLOBAL,S2D5,RNWBIOTZAXX,1,2048,6.316556176774385
GLOBAL,S3D2,RNWBIOTZAXX,1,2048,9.588641675218696
GLOBAL,S3D3,RNWBIOTZAXX,1,2048,9.588641675218696
GLOBAL,S3D4,RNWBIOTZAXX,1,2048,11.118585419515025
GLOBAL,S3D5,RNWBIOTZAXX,1,2048,11.118585419515025
GLOBAL,S1D2,RNWBIOTZAXX,1,2049,11.118585419515025
GLOBAL,S1D4,RNWBIOTZAXX,1,2049,11.118585419515025
GLOBAL,S1D5,RNWBIOTZAXX,1,2049,11.118585419515025
GLOBAL,S2D6,RNWBIOTZAXX,1,2049,2.663158829473375
GLOBAL,S2D2,RNWBIOTZAXX,1,2049,5.84480987848149
GLOBAL,S2D4,RNWBIOTZAXX,1,2049,11.118585419515025
GLOBAL,S2D5,RNWBIOTZAXX,1,2049,5.84480987848149
GLOBAL,S3D2,RNWBIOTZAXX,1,2049,9.53687659302334
GLOBAL,S3D3,RNWBIOTZAXX,1,2049,9.536876593023763
GLOBAL,S3D4,RNWBIOTZAXX,1,2049,11.118585419515025
GLOBAL,S3D5,RNWBIOTZAXX,1,2049,11.118585419515025
GLOBAL,S1D2,RNWBIOTZAXX,1,2050,11.118585419515025
GLOBAL,S1D4,RNWBIOTZAXX,1,2050,11.118585419515025
GLOBAL,S1D5,RNWBIOTZAXX,1,2050,11.118585419515025
GLOBAL,S2D6,RNWBIOTZAXX,1,2050,3.7100554136578023
GLOBAL,S2D2,RNWBIOTZAXX,1,2050,5.372705110358257
GLOBAL,S2D4,RNWBIOTZAXX,1,2050,11.118585419515025
GLOBAL,S2D5,RNWBIOTZAXX,1,2050,5.372705110358257
GLOBAL,S3D2,RNWBIOTZAXX,1,2050,9.485072175661156
GLOBAL,S3D3,RNWBIOTZAXX,1,2050,9.485072175661156
GLOBAL,S3D4,RNWBIOTZAXX,1,2050,11.118585419515025
GLOBAL,S3D5,RNWBIOTZAXX,1,2050,11.118585419515025
GLOBAL,S1D6,RNWGEOKENXX,1,2021,20.822194843317888
GLOBAL,S1D1,RNWGEOKENXX,1,2021,28.67044916675861
GLOBAL,S1D2,RNWGEOKENXX,1,2021,32.08150139236805
GLOBAL,S1D3,RNWGEOKENXX,1,2021,32.660767864097856
GLOBAL,S1D4,RNWGEOKENXX,1,2021,31.600561732801097
GLOBAL,S1D5,RNWGEOKENXX,1,2021,32.2249745328011
GLOBAL,S2D6,RNWGEOKENXX,1,2021,27.055889357723135
GLOBAL,S2D1,RNWGEOKENXX,1,2021,27.609107623680703
GLOBAL,S2D2,RNWGEOKENXX,1,2021,33.80599142017584
GLOBAL,S2D3,RNWGEOKENXX,1,2021,33.80599142017584
GLOBAL,S2D4,RNWGEOKENXX,1,2021,33.80599142017584
GLOBAL,S2D5,RNWGEOKENXX,1,2021,33.358330481177504
GLOBAL,S3D6,RNWGEOKENXX,1,2021,16.023191871903922
GLOBAL,S3D1,RNWGEOKENXX,1,2021,33.80599142017584
GLOBAL,S3D2,RNWGEOKENXX,1,2021,31.026548880084132
GLOBAL,S3D3,RNWGEOKENXX,1,2021,31.55317485128413
GLOBAL,S3D4,RNWGEOKENXX,1,2021,33.80599142017584
GLOBAL,S3D5,RNWGEOKENXX,1,2021,33.80599142017584
GLOBAL,S1D6,RNWGEOKENXX,1,2022,22.121348788216693
GLOBAL,S1D1,RNWGEOKENXX,1,2022,28.999860279907672
GLOBAL,S1D2,RNWGEOKENXX,1,2022,34.62562062241348
GLOBAL,S1D3,RNWGEOKENXX,1,2022,33.25114049154834
GLOBAL,S1D4,RNWGEOKENXX,1,2022,35.695159112212274
GLOBAL,S1D5,RNWGEOKENXX,1,2022,35.038722329771545
GLOBAL,S2D6,RNWGEOKENXX,1,2022,28.47937690220712
GLOBAL,S2D1,RNWGEOKENXX,1,2022,29.30610713039104
GLOBAL,S2D2,RNWGEOKENXX,1,2022,35.695159112212274
GLOBAL,S2D3,RNWGEOKENXX,1,2022,34.563088066944374
GLOBAL,S2D4,RNWGEOKENXX,1,2022,35.695159112212274
GLOBAL,S2D5,RNWGEOKENXX,1,2022,34.97543992369495
GLOBAL,S3D6,RNWGEOKENXX,1,2022,17.459457581060114
GLOBAL,S3D1,RNWGEOKENXX,1,2022,35.695159112212274
GLOBAL,S3D2,RNWGEOKENXX,1,2022,32.37227224378387
GLOBAL,S3D3,RNWGEOKENXX,1,2022,33.22374424378387
GLOBAL,S3D4,RNWGEOKENXX,1,2022,35.69515911221228
GLOBAL,S3D5,RNWGEOKENXX,1,2022,35.26726876105176
GLOBAL,S1D6,RNWGEOKENXX,1,2023,17.706626607134478
GLOBAL,S1D1,RNWGEOKENXX,1,2023,29.091852488500905
GLOBAL,S1D2,RNWGEOKENXX,1,2023,33.048132168995416
GLOBAL,S1D3,RNWGEOKENXX,1,2023,33.43277045379542
GLOBAL,S1D4,RNWGEOKENXX,1,2023,35.69515911221228
GLOBAL,S1D5,RNWGEOKENXX,1,2023,34.37566969146732
GLOBAL,S2D6,RNWGEOKENXX,1,2023,27.99412032226932
GLOBAL,S2D1,RNWGEOKENXX,1,2023,29.41152526280587
GLOBAL,S2D2,RNWGEOKENXX,1,2023,35.69515911221228
GLOBAL,S2D3,RNWGEOKENXX,1,2023,35.69515911221228
GLOBAL,S2D4,RNWGEOKENXX,1,2023,34.56867353789853
GLOBAL,S2D5,RNWGEOKENXX,1,2023,35.69515911221228
GLOBAL,S3D6,RNWGEOKENXX,1,2023,19.86124887499934
GLOBAL,S3D1,RNWGEOKENXX,1,2023,35.69515911221228
GLOBAL,S3D2,RNWGEOKENXX,1,2023,35.69515911221228
GLOBAL,S3D3,RNWGEOKENXX,1,2023,33.443065435112715
GLOBAL,S3D4,RNWGEOKENXX,1,2023,35.69515911221228
GLOBAL,S3D5,RNWGEOKENXX,1,2023,35.253228676227
GLOBAL,S1D6,RNWGEOKENXX,1,2024,28.156987475789723
GLOBAL,S1D1,RNWGEOKENXX,1,2024,30.5114888908403
GLOBAL,S1D2,RNWGEOKENXX,1,2024,35.69515911221228
GLOBAL,S1D3,RNWGEOKENXX,1,2024,29.47476025250896
GLOBAL,S1D4,RNWGEOKENXX,1,2024,35.69515911221228
GLOBAL,S1D5,RNWGEOKENXX,1,2024,35.69515911221228
GLOBAL,S2D6,RNWGEOKENXX,1,2024,20.58104878455189
GLOBAL,S2D1,RNWGEOKENXX,1,2024,22.65657873252252
GLOBAL,S2D2,RNWGEOKENXX,1,2024,35.69515911221228
GLOBAL,S2D3,RNWGEOKENXX,1,2024,35.69515911221228
GLOBAL,S2D4,RNWGEOKENXX,1,2024,35.69515911221228
GLOBAL,S2D5,RNWGEOKENXX,1,2024,35.69515911221228
GLOBAL,S3D6,RNWGEOKENXX,1,2024,33.28411390632675
GLOBAL,S3D1,RNWGEOKENXX,1,2024,21.050301170314697
GLOBAL,S3D2,RNWGEOKENXX,1,2024,35.69515911221228
GLOBAL,S3D3,RNWGEOKENXX,1,2024,35.69515911221228
GLOBAL,S3D4,RNWGEOKENXX,1,2024,35.69515911221227
GLOBAL,S3D5,RNWGEOKENXX,1,2024,35.69515911221228
GLOBAL,S1D6,RNWGEOKENXX,1,2025,36.32796720827691
GLOBAL,S1D1,RNWGEOKENXX,1,2025,31.850853790443647
GLOBAL,S1D2,RNWGEOKENXX,1,2025,31.06966590249992
GLOBAL,S1D3,RNWGEOKENXX,1,2025,29.876134310648837
GLOBAL,S1D4,RNWGEOKENXX,1,2025,36.32796720827691
GLOBAL,S1D5,RNWGEOKENXX,1,2025,36.32796720827691
GLOBAL,S2D6,RNWGEOKENXX,1,2025,24.428029733467092
GLOBAL,S2D1,RNWGEOKENXX,1,2025,32.10188770158463
GLOBAL,S2D2,RNWGEOKENXX,1,2025,30.445533395861105
GLOBAL,S2D3,RNWGEOKENXX,1,2025,36.32796720827691
GLOBAL,S2D4,RNWGEOKENXX,1,2025,36.32796720827691
GLOBAL,S2D5,RNWGEOKENXX,1,2025,36.32796720827691
GLOBAL,S3D6,RNWGEOKENXX,1,2025,19.882365824693427
GLOBAL,S3D1,RNWGEOKENXX,1,2025,28.765590668786796
GLOBAL,S3D2,RNWGEOKENXX,1,2025,35.785408635312294
GLOBAL,S3D3,RNWGEOKENXX,1,2025,33.7764000075501
GLOBAL,S3D4,RNWGEOKENXX,1,2025,36.3279672082769
GLOBAL,S3D5,RNWGEOKENXX,1,2025,36.32796720827691
GLOBAL,S1D6,RNWGEOKENXX,1,2026,25.779964058957084
GLOBAL,S1D1,RNWGEOKENXX,1,2026,35.70309473025636
GLOBAL,S1D2,RNWGEOKENXX,1,2026,32.89382745063108
GLOBAL,S1D3,RNWGEOKENXX,1,2026,40.50338526649653
GLOBAL,S1D4,RNWGEOKENXX,1,2026,40.50338526649653
GLOBAL,S1D5,RNWGEOKENXX,1,2026,34.61653988019892
GLOBAL,S2D6,RNWGEOKENXX,1,2026,26.16728601879459
GLOBAL,S2D1,RNWGEOKENXX,1,2026,40.50338526649653
GLOBAL,S2D2,RNWGEOKENXX,1,2026,40.50338526649653
GLOBAL,S2D3,RNWGEOKENXX,1,2026,40.50338526649653
GLOBAL,S2D4,RNWGEOKENXX,1,2026,40.50338526649653
GLOBAL,S2D5,RNWGEOKENXX,1,2026,35.156755917395195
GLOBAL,S3D6,RNWGEOKENXX,1,2026,22.941611785196123
GLOBAL,S3D1,RNWGEOKENXX,1,2026,40.50338526649653
GLOBAL,S3D2,RNWGEOKENXX,1,2026,37.679576195247776
GLOBAL,S3D3,RNWGEOKENXX,1,2026,40.50338526649653
GLOBAL,S3D4,RNWGEOKENXX,1,2026,40.50338526649652
GLOBAL,S3D5,RNWGEOKENXX,1,2026,40.50338526649652
GLOBAL,S1D6,RNWGEOKENXX,1,2027,30.792871462051973
GLOBAL,S1D1,RNWGEOKENXX,1,2027,39.58995604412497
GLOBAL,S1D2,RNWGEOKENXX,1,2027,44.678803324716114
GLOBAL,S1D3,RNWGEOKENXX,1,2027,44.678803324716114
GLOBAL,S1D4,RNWGEOKENXX,1,2027,37.078757916181125
GLOBAL,S1D5,RNWGEOKENXX,1,2027,44.678803324716114
GLOBAL,S2D6,RNWGEOKENXX,1,2027,28.135561927648663
GLOBAL,S2D1,RNWGEOKENXX,1,2027,39.66195887596184
GLOBAL,S2D2,RNWGEOKENXX,1,2027,38.80550632208252
GLOBAL,S2D3,RNWGEOKENXX,1,2027,44.678803324716114
GLOBAL,S2D4,RNWGEOKENXX,1,2027,44.678803324716114
GLOBAL,S2D5,RNWGEOKENXX,1,2027,44.678803324716114
GLOBAL,S3D6,RNWGEOKENXX,1,2027,18.27454108024904
GLOBAL,S3D1,RNWGEOKENXX,1,2027,44.678803324716114
GLOBAL,S3D2,RNWGEOKENXX,1,2027,44.678803324716114
GLOBAL,S3D3,RNWGEOKENXX,1,2027,44.678803324716114
GLOBAL,S3D4,RNWGEOKENXX,1,2027,44.67880332471611
GLOBAL,S3D5,RNWGEOKENXX,1,2027,44.67880332471611
GLOBAL,S1D6,RNWGEOKENXX,1,2028,33.05951797699795
GLOBAL,S1D1,RNWGEOKENXX,1,2028,48.85422138293572
GLOBAL,S1D2,RNWGEOKENXX,1,2028,48.85422138293572
GLOBAL,S1D3,RNWGEOKENXX,1,2028,48.85422138293572
GLOBAL,S1D4,RNWGEOKENXX,1,2028,43.069381312163365
GLOBAL,S1D5,RNWGEOKENXX,1,2028,48.85422138293572
GLOBAL,S2D6,RNWGEOKENXX,1,2028,19.379169491619447
GLOBAL,S2D1,RNWGEOKENXX,1,2028,43.451994463150456
GLOBAL,S2D2,RNWGEOKENXX,1,2028,48.85422138293572
GLOBAL,S2D3,RNWGEOKENXX,1,2028,41.1741529997598
GLOBAL,S2D4,RNWGEOKENXX,1,2028,48.85422138293572
GLOBAL,S2D5,RNWGEOKENXX,1,2028,48.85422138293572
GLOBAL,S3D6,RNWGEOKENXX,1,2028,29.060103706201502
GLOBAL,S3D1,RNWGEOKENXX,1,2028,48.85422138293572
GLOBAL,S3D2,RNWGEOKENXX,1,2028,48.85422138293572
GLOBAL,S3D3,RNWGEOKENXX,1,2028,45.09147500438933
GLOBAL,S3D4,RNWGEOKENXX,1,2028,48.85422138293571
GLOBAL,S3D5,RNWGEOKENXX,1,2028,48.85422138293571
GLOBAL,S1D6,RNWGEOKENXX,1,2029,35.765867530949635
GLOBAL,S1D1,RNWGEOKENXX,1,2029,48.95263021545344
GLOBAL,S1D2,RNWGEOKENXX,1,2029,53.0394408919962
GLOBAL,S1D3,RNWGEOKENXX,1,2029,53.0394408919962
GLOBAL,S1D4,RNWGEOKENXX,1,2029,44.05888335514084
GLOBAL,S1D5,RNWGEOKENXX,1,2029,53.0394408919962
GLOBAL,S2D6,RNWGEOKENXX,1,2029,21.2372871523184
GLOBAL,S2D1,RNWGEOKENXX,1,2029,47.270926847492106
GLOBAL,S2D2,RNWGEOKENXX,1,2029,53.0394408919962
GLOBAL,S2D3,RNWGEOKENXX,1,2029,53.0394408919962
GLOBAL,S2D4,RNWGEOKENXX,1,2029,53.0394408919962
GLOBAL,S2D5,RNWGEOKENXX,1,2029,45.27400719576324
GLOBAL,S3D6,RNWGEOKENXX,1,2029,46.55520905892998
GLOBAL,S3D1,RNWGEOKENXX,1,2029,44.07079713198248
GLOBAL,S3D2,RNWGEOKENXX,1,2029,53.0394408919962
GLOBAL,S3D3,RNWGEOKENXX,1,2029,48.84362031741755
GLOBAL,S3D4,RNWGEOKENXX,1,2029,53.03944089199619
GLOBAL,S3D5,RNWGEOKENXX,1,2029,53.03944089199619
GLOBAL,S1D6,RNWGEOKENXX,1,2030,39.28579534926073
GLOBAL,S1D1,RNWGEOKENXX,1,2030,51.25966407332205
GLOBAL,S1D2,RNWGEOKENXX,1,2030,57.21485895021584
GLOBAL,S1D3,RNWGEOKENXX,1,2030,57.21485895021584
GLOBAL,S1D4,RNWGEOKENXX,1,2030,50.04950675112311
GLOBAL,S1D5,RNWGEOKENXX,1,2030,57.21485895021584
GLOBAL,S2D6,RNWGEOKENXX,1,2030,23.091053249409235
GLOBAL,S2D1,RNWGEOKENXX,1,2030,57.21485895021584
GLOBAL,S2D2,RNWGEOKENXX,1,2030,57.21485895021584
GLOBAL,S2D3,RNWGEOKENXX,1,2030,47.92162394616168
GLOBAL,S2D4,RNWGEOKENXX,1,2030,57.21485895021584
GLOBAL,S2D5,RNWGEOKENXX,1,2030,57.21485895021584
GLOBAL,S3D6,RNWGEOKENXX,1,2030,49.61445501943268
GLOBAL,S3D1,RNWGEOKENXX,1,2030,36.42973613968799
GLOBAL,S3D2,RNWGEOKENXX,1,2030,57.21485895021584
GLOBAL,S3D3,RNWGEOKENXX,1,2030,57.21485895021584
GLOBAL,S3D4,RNWGEOKENXX,1,2030,57.21485895021584
GLOBAL,S3D5,RNWGEOKENXX,1,2030,57.21485895021583
GLOBAL,S1D6,RNWGEOKENXX,1,2031,42.862437685027146
GLOBAL,S1D1,RNWGEOKENXX,1,2031,55.73046699303008
GLOBAL,S1D2,RNWGEOKENXX,1,2031,62.01756986225244
GLOBAL,S1D3,RNWGEOKENXX,1,2031,62.01756986225244
GLOBAL,S1D4,RNWGEOKENXX,1,2031,62.01756986225244
GLOBAL,S1D5,RNWGEOKENXX,1,2031,52.57829291480216
GLOBAL,S2D6,RNWGEOKENXX,1,2031,52.40022035262633
GLOBAL,S2D1,RNWGEOKENXX,1,2031,38.833650637580966
GLOBAL,S2D2,RNWGEOKENXX,1,2031,51.1783837481697
GLOBAL,S2D3,RNWGEOKENXX,1,2031,62.01756986225244
GLOBAL,S2D4,RNWGEOKENXX,1,2031,62.01756986225244
GLOBAL,S2D5,RNWGEOKENXX,1,2031,62.01756986225244
GLOBAL,S3D6,RNWGEOKENXX,1,2031,38.70462794318535
GLOBAL,S3D1,RNWGEOKENXX,1,2031,62.01756986225244
GLOBAL,S3D2,RNWGEOKENXX,1,2031,52.316204458556186
GLOBAL,S3D3,RNWGEOKENXX,1,2031,62.01756986225244
GLOBAL,S3D4,RNWGEOKENXX,1,2031,62.017569862252415
GLOBAL,S3D5,RNWGEOKENXX,1,2031,62.017569862252415
GLOBAL,S1D6,RNWGEOKENXX,1,2032,47.289221827015474
GLOBAL,S1D1,RNWGEOKENXX,1,2032,60.21039400032935
GLOBAL,S1D2,RNWGEOKENXX,1,2032,66.92710600003252
GLOBAL,S1D3,RNWGEOKENXX,1,2032,66.92710600003252
GLOBAL,S1D4,RNWGEOKENXX,1,2032,55.66943174037905
GLOBAL,S1D5,RNWGEOKENXX,1,2032,66.92710600003252
GLOBAL,S2D6,RNWGEOKENXX,1,2032,27.456960923950355
GLOBAL,S2D1,RNWGEOKENXX,1,2032,59.78872044179814
GLOBAL,S2D2,RNWGEOKENXX,1,2032,57.125117871638
GLOBAL,S2D3,RNWGEOKENXX,1,2032,66.92710600003252
GLOBAL,S2D4,RNWGEOKENXX,1,2032,66.92710600003252
GLOBAL,S2D5,RNWGEOKENXX,1,2032,66.92710600003252
GLOBAL,S3D6,RNWGEOKENXX,1,2032,56.65933832284381
GLOBAL,S3D1,RNWGEOKENXX,1,2032,50.93588681968384
GLOBAL,S3D2,RNWGEOKENXX,1,2032,66.92710600003252
GLOBAL,S3D3,RNWGEOKENXX,1,2032,66.92710600003252
GLOBAL,S3D4,RNWGEOKENXX,1,2032,66.92710600003251
GLOBAL,S3D5,RNWGEOKENXX,1,2032,66.9271060000325
GLOBAL,S1D6,RNWGEOKENXX,1,2033,50.873163432854895
GLOBAL,S1D1,RNWGEOKENXX,1,2033,64.69032100762861
GLOBAL,S1D2,RNWGEOKENXX,1,2033,71.71159107083182
GLOBAL,S1D3,RNWGEOKENXX,1,2033,71.71159107083182
GLOBAL,S1D4,RNWGEOKENXX,1,2033,59.65927266697519
GLOBAL,S1D5,RNWGEOKENXX,1,2033,71.71159107083182
GLOBAL,S2D6,RNWGEOKENXX,1,2033,29.565551363495565
GLOBAL,S2D1,RNWGEOKENXX,1,2033,64.13704784393339
GLOBAL,S2D2,RNWGEOKENXX,1,2033,60.88127807083914
GLOBAL,S2D3,RNWGEOKENXX,1,2033,71.71159107083182
GLOBAL,S2D4,RNWGEOKENXX,1,2033,71.71159107083182
GLOBAL,S2D5,RNWGEOKENXX,1,2033,71.71159107083182
GLOBAL,S3D6,RNWGEOKENXX,1,2033,60.18537063882227
GLOBAL,S3D1,RNWGEOKENXX,1,2033,54.827497232733165
GLOBAL,S3D2,RNWGEOKENXX,1,2033,71.71159107083182
GLOBAL,S3D3,RNWGEOKENXX,1,2033,71.71159107083182
GLOBAL,S3D4,RNWGEOKENXX,1,2033,71.71159107083182
GLOBAL,S3D5,RNWGEOKENXX,1,2033,71.71159107083179
GLOBAL,S1D6,RNWGEOKENXX,1,2034,54.4571050386943
GLOBAL,S1D1,RNWGEOKENXX,1,2034,69.17024801492788
GLOBAL,S1D2,RNWGEOKENXX,1,2034,76.49611321476873
GLOBAL,S1D3,RNWGEOKENXX,1,2034,76.49611321476873
GLOBAL,S1D4,RNWGEOKENXX,1,2034,76.49611321476873
GLOBAL,S1D5,RNWGEOKENXX,1,2034,64.67290383470892
GLOBAL,S2D6,RNWGEOKENXX,1,2034,31.674178876178345
GLOBAL,S2D1,RNWGEOKENXX,1,2034,68.5253752460686
GLOBAL,S2D2,RNWGEOKENXX,1,2034,76.49611321476873
GLOBAL,S2D3,RNWGEOKENXX,1,2034,73.919801371066
GLOBAL,S2D4,RNWGEOKENXX,1,2034,76.49611321476873
GLOBAL,S2D5,RNWGEOKENXX,1,2034,76.49611321476873
GLOBAL,S3D6,RNWGEOKENXX,1,2034,63.71140295480072
GLOBAL,S3D1,RNWGEOKENXX,1,2034,65.5160395018209
GLOBAL,S3D2,RNWGEOKENXX,1,2034,59.286078526500674
GLOBAL,S3D3,RNWGEOKENXX,1,2034,76.49611321476873
GLOBAL,S3D4,RNWGEOKENXX,1,2034,76.4961132147687
GLOBAL,S3D5,RNWGEOKENXX,1,2034,76.4961132147687
GLOBAL,S1D6,RNWGEOKENXX,1,2035,57.1428895810138
GLOBAL,S1D1,RNWGEOKENXX,1,2035,73.6410509346359
GLOBAL,S1D2,RNWGEOKENXX,1,2035,81.27079683472705
GLOBAL,S1D3,RNWGEOKENXX,1,2035,67.40012736474183
GLOBAL,S1D4,RNWGEOKENXX,1,2035,81.27079683472705
GLOBAL,S1D5,RNWGEOKENXX,1,2035,81.27079683472705
GLOBAL,S2D6,RNWGEOKENXX,1,2035,33.77841775211524
GLOBAL,S2D1,RNWGEOKENXX,1,2035,81.27079683472705
GLOBAL,S2D2,RNWGEOKENXX,1,2035,81.27079683472705
GLOBAL,S2D3,RNWGEOKENXX,1,2035,81.27079683472705
GLOBAL,S2D4,RNWGEOKENXX,1,2035,81.27079683472705
GLOBAL,S2D5,RNWGEOKENXX,1,2035,68.10688714644914
GLOBAL,S3D6,RNWGEOKENXX,1,2035,52.80157587855339
GLOBAL,S3D1,RNWGEOKENXX,1,2035,69.89460323611173
GLOBAL,S3D2,RNWGEOKENXX,1,2035,81.27079683472705
GLOBAL,S3D3,RNWGEOKENXX,1,2035,81.27079683472705
GLOBAL,S3D4,RNWGEOKENXX,1,2035,81.27079683472702
GLOBAL,S3D5,RNWGEOKENXX,1,2035,81.27079683472702
GLOBAL,S1D6,RNWGEOKENXX,1,2036,61.33689023977168
GLOBAL,S1D1,RNWGEOKENXX,1,2036,78.82353268646072
GLOBAL,S1D2,RNWGEOKENXX,1,2036,74.58820439986796
GLOBAL,S1D3,RNWGEOKENXX,1,2036,86.8250419405477
GLOBAL,S1D4,RNWGEOKENXX,1,2036,86.8250419405477
GLOBAL,S1D5,RNWGEOKENXX,1,2036,86.8250419405477
GLOBAL,S2D6,RNWGEOKENXX,1,2036,36.23712690976412
GLOBAL,S2D1,RNWGEOKENXX,1,2036,77.93818663396895
GLOBAL,S2D2,RNWGEOKENXX,1,2036,86.8250419405477
GLOBAL,S2D3,RNWGEOKENXX,1,2036,86.8250419405477
GLOBAL,S2D4,RNWGEOKENXX,1,2036,86.8250419405477
GLOBAL,S2D5,RNWGEOKENXX,1,2036,86.8250419405477
GLOBAL,S3D6,RNWGEOKENXX,1,2036,47.742078771049925
GLOBAL,S3D1,RNWGEOKENXX,1,2036,74.99334650361622
GLOBAL,S3D2,RNWGEOKENXX,1,2036,86.8250419405477
GLOBAL,S3D3,RNWGEOKENXX,1,2036,86.8250419405477
GLOBAL,S3D4,RNWGEOKENXX,1,2036,86.82504194054766
GLOBAL,S3D5,RNWGEOKENXX,1,2036,86.82504194054768
GLOBAL,S1D6,RNWGEOKENXX,1,2037,65.47557637115854
GLOBAL,S1D1,RNWGEOKENXX,1,2037,83.9968903506943
GLOBAL,S1D2,RNWGEOKENXX,1,2037,79.07954194137297
GLOBAL,S1D3,RNWGEOKENXX,1,2037,92.38246456733296
GLOBAL,S1D4,RNWGEOKENXX,1,2037,92.38246456733296
GLOBAL,S1D5,RNWGEOKENXX,1,2037,92.38246456733296
GLOBAL,S2D6,RNWGEOKENXX,1,2037,38.70446347561029
GLOBAL,S2D1,RNWGEOKENXX,1,2037,82.9826706197341
GLOBAL,S2D2,RNWGEOKENXX,1,2037,92.38246456733296
GLOBAL,S2D3,RNWGEOKENXX,1,2037,92.38246456733296
GLOBAL,S2D4,RNWGEOKENXX,1,2037,92.38246456733296
GLOBAL,S2D5,RNWGEOKENXX,1,2037,92.38246456733296
GLOBAL,S3D6,RNWGEOKENXX,1,2037,50.24564143374181
GLOBAL,S3D1,RNWGEOKENXX,1,2037,80.08311311043849
GLOBAL,S3D2,RNWGEOKENXX,1,2037,92.38246456733296
GLOBAL,S3D3,RNWGEOKENXX,1,2037,92.38246456733296
GLOBAL,S3D4,RNWGEOKENXX,1,2037,92.38246456733293
GLOBAL,S3D5,RNWGEOKENXX,1,2037,92.38246456733293
GLOBAL,S1D6,RNWGEOKENXX,1,2038,66.49946250472351
GLOBAL,S1D1,RNWGEOKENXX,1,2038,89.17937210251912
GLOBAL,S1D2,RNWGEOKENXX,1,2038,97.94968864495907
GLOBAL,S1D3,RNWGEOKENXX,1,2038,81.32285017786995
GLOBAL,S1D4,RNWGEOKENXX,1,2038,97.94968864495907
GLOBAL,S1D5,RNWGEOKENXX,1,2038,97.94968864495907
GLOBAL,S2D6,RNWGEOKENXX,1,2038,67.8825885098978
GLOBAL,S2D1,RNWGEOKENXX,1,2038,88.01605140265222
GLOBAL,S2D2,RNWGEOKENXX,1,2038,90.8076378141257
GLOBAL,S2D3,RNWGEOKENXX,1,2038,97.94968864495907
GLOBAL,S2D4,RNWGEOKENXX,1,2038,97.94968864495907
GLOBAL,S2D5,RNWGEOKENXX,1,2038,97.94968864495907
GLOBAL,S3D6,RNWGEOKENXX,1,2038,38.32494148718524
GLOBAL,S3D1,RNWGEOKENXX,1,2038,85.18185637794298
GLOBAL,S3D2,RNWGEOKENXX,1,2038,97.94968864495907
GLOBAL,S3D3,RNWGEOKENXX,1,2038,97.94968864495907
GLOBAL,S3D4,RNWGEOKENXX,1,2038,97.94968864495902
GLOBAL,S3D5,RNWGEOKENXX,1,2038,97.94968864495905
GLOBAL,S1D6,RNWGEOKENXX,1,2039,72.69967208815416
GLOBAL,S1D1,RNWGEOKENXX,1,2039,86.7108428928279
GLOBAL,S1D2,RNWGEOKENXX,1,2039,103.50711127174432
GLOBAL,S1D3,RNWGEOKENXX,1,2039,103.50711127174432
GLOBAL,S1D4,RNWGEOKENXX,1,2039,103.50711127174432
GLOBAL,S1D5,RNWGEOKENXX,1,2039,87.21706311775219
GLOBAL,S2D6,RNWGEOKENXX,1,2039,43.64348817091084
GLOBAL,S2D1,RNWGEOKENXX,1,2039,93.06053538841736
GLOBAL,S2D2,RNWGEOKENXX,1,2039,103.50711127174432
GLOBAL,S2D3,RNWGEOKENXX,1,2039,103.50711127174432
GLOBAL,S2D4,RNWGEOKENXX,1,2039,103.50711127174432
GLOBAL,S2D5,RNWGEOKENXX,1,2039,86.00405163072577
GLOBAL,S3D6,RNWGEOKENXX,1,2039,69.10319167747619
GLOBAL,S3D1,RNWGEOKENXX,1,2039,103.50711127174432
GLOBAL,S3D2,RNWGEOKENXX,1,2039,103.50711127174432
GLOBAL,S3D3,RNWGEOKENXX,1,2039,103.50711127174432
GLOBAL,S3D4,RNWGEOKENXX,1,2039,103.50711127174428
GLOBAL,S3D5,RNWGEOKENXX,1,2039,103.50711127174428
GLOBAL,S1D6,RNWGEOKENXX,1,2040,73.85129097428931
GLOBAL,S1D1,RNWGEOKENXX,1,2040,99.53521151857753
GLOBAL,S1D2,RNWGEOKENXX,1,2040,109.07433534937036
GLOBAL,S1D3,RNWGEOKENXX,1,2040,109.07433534937036
GLOBAL,S1D4,RNWGEOKENXX,1,2040,93.34592374706173
GLOBAL,S1D5,RNWGEOKENXX,1,2040,109.07433534937036
GLOBAL,S2D6,RNWGEOKENXX,1,2040,86.57103885796441
GLOBAL,S2D1,RNWGEOKENXX,1,2040,98.13391617133551
GLOBAL,S2D2,RNWGEOKENXX,1,2040,109.07433534937036
GLOBAL,S2D3,RNWGEOKENXX,1,2040,109.07433534937036
GLOBAL,S2D4,RNWGEOKENXX,1,2040,109.07433534937036
GLOBAL,S2D5,RNWGEOKENXX,1,2040,109.07433534937036
GLOBAL,S3D6,RNWGEOKENXX,1,2040,43.33648226700048
GLOBAL,S3D1,RNWGEOKENXX,1,2040,95.37036625226975
GLOBAL,S3D2,RNWGEOKENXX,1,2040,85.90943531101254
GLOBAL,S3D3,RNWGEOKENXX,1,2040,109.07433534937036
GLOBAL,S3D4,RNWGEOKENXX,1,2040,109.07433534937032
GLOBAL,S3D5,RNWGEOKENXX,1,2040,109.07433534937032
GLOBAL,S1D6,RNWGEOKENXX,1,2041,83.05221870692495
GLOBAL,S1D1,RNWGEOKENXX,1,2041,98.37326375318605
GLOBAL,S1D2,RNWGEOKENXX,1,2041,115.98435819219864
GLOBAL,S1D3,RNWGEOKENXX,1,2041,115.98435819219864
GLOBAL,S1D4,RNWGEOKENXX,1,2041,115.98435819219864
GLOBAL,S1D5,RNWGEOKENXX,1,2041,97.6340615747226
GLOBAL,S2D6,RNWGEOKENXX,1,2041,59.79318717726226
GLOBAL,S2D1,RNWGEOKENXX,1,2041,104.40615816421808
GLOBAL,S2D2,RNWGEOKENXX,1,2041,115.98435819219864
GLOBAL,S2D3,RNWGEOKENXX,1,2041,115.98435819219864
GLOBAL,S2D4,RNWGEOKENXX,1,2041,115.98435819219864
GLOBAL,S2D5,RNWGEOKENXX,1,2041,96.0738412142775
GLOBAL,S3D6,RNWGEOKENXX,1,2041,78.24502291625534
GLOBAL,S3D1,RNWGEOKENXX,1,2041,101.6989120332392
GLOBAL,S3D2,RNWGEOKENXX,1,2041,115.98435819219864
GLOBAL,S3D3,RNWGEOKENXX,1,2041,115.98435819219864
GLOBAL,S3D4,RNWGEOKENXX,1,2041,115.98435819219864
GLOBAL,S3D5,RNWGEOKENXX,1,2041,115.9843581921986
GLOBAL,S1D6,RNWGEOKENXX,1,2042,88.25563849619581
GLOBAL,S1D1,RNWGEOKENXX,1,2042,99.70479273914847
GLOBAL,S1D2,RNWGEOKENXX,1,2042,122.88457958418596
GLOBAL,S1D3,RNWGEOKENXX,1,2042,122.88457958418596
GLOBAL,S1D4,RNWGEOKENXX,1,2042,122.88457958418596
GLOBAL,S1D5,RNWGEOKENXX,1,2042,103.394915395388
GLOBAL,S2D6,RNWGEOKENXX,1,2042,52.246529424311
GLOBAL,S2D1,RNWGEOKENXX,1,2042,110.6695033599476
GLOBAL,S2D2,RNWGEOKENXX,1,2042,122.88457958418596
GLOBAL,S2D3,RNWGEOKENXX,1,2042,122.88457958418596
GLOBAL,S2D4,RNWGEOKENXX,1,2042,122.88457958418596
GLOBAL,S2D5,RNWGEOKENXX,1,2042,101.64268007273806
GLOBAL,S3D6,RNWGEOKENXX,1,2042,83.30067821248515
GLOBAL,S3D1,RNWGEOKENXX,1,2042,122.88457958418596
GLOBAL,S3D2,RNWGEOKENXX,1,2042,122.88457958418596
GLOBAL,S3D3,RNWGEOKENXX,1,2042,122.88457958418596
GLOBAL,S3D4,RNWGEOKENXX,1,2042,122.88457958418591
GLOBAL,S3D5,RNWGEOKENXX,1,2042,122.88457958418591
GLOBAL,S1D6,RNWGEOKENXX,1,2043,87.82814637236697
GLOBAL,S1D1,RNWGEOKENXX,1,2043,118.82353268646074
GLOBAL,S1D2,RNWGEOKENXX,1,2043,129.79460242701415
GLOBAL,S1D3,RNWGEOKENXX,1,2043,129.79460242701415
GLOBAL,S1D4,RNWGEOKENXX,1,2043,129.79460242701415
GLOBAL,S1D5,RNWGEOKENXX,1,2043,129.79460242701415
GLOBAL,S2D6,RNWGEOKENXX,1,2043,55.31438176808806
GLOBAL,S2D1,RNWGEOKENXX,1,2043,81.2489834508781
GLOBAL,S2D2,RNWGEOKENXX,1,2043,129.79460242701415
GLOBAL,S2D3,RNWGEOKENXX,1,2043,129.79460242701415
GLOBAL,S2D4,RNWGEOKENXX,1,2043,129.79460242701415
GLOBAL,S2D5,RNWGEOKENXX,1,2043,129.79460242701415
GLOBAL,S3D6,RNWGEOKENXX,1,2043,88.36351483726074
GLOBAL,S3D1,RNWGEOKENXX,1,2043,114.36702693449595
GLOBAL,S3D2,RNWGEOKENXX,1,2043,129.79460242701415
GLOBAL,S3D3,RNWGEOKENXX,1,2043,129.79460242701415
GLOBAL,S3D4,RNWGEOKENXX,1,2043,129.79460242701418
GLOBAL,S3D5,RNWGEOKENXX,1,2043,129.79460242701413
GLOBAL,S1D6,RNWGEOKENXX,1,2044,98.48287564123152
GLOBAL,S1D1,RNWGEOKENXX,1,2044,125.25601443828556
GLOBAL,S1D2,RNWGEOKENXX,1,2044,126.60570969898112
GLOBAL,S1D3,RNWGEOKENXX,1,2044,136.70462526984235
GLOBAL,S1D4,RNWGEOKENXX,1,2044,136.70462526984235
GLOBAL,S1D5,RNWGEOKENXX,1,2044,114.93298909870948
GLOBAL,S2D6,RNWGEOKENXX,1,2044,58.38223411186502
GLOBAL,S2D1,RNWGEOKENXX,1,2044,123.21398734571274
GLOBAL,S2D2,RNWGEOKENXX,1,2044,136.70462526984235
GLOBAL,S2D3,RNWGEOKENXX,1,2044,136.70462526984235
GLOBAL,S2D4,RNWGEOKENXX,1,2044,136.70462526984235
GLOBAL,S2D5,RNWGEOKENXX,1,2044,136.70462526984235
GLOBAL,S3D6,RNWGEOKENXX,1,2044,93.42635146203632
GLOBAL,S3D1,RNWGEOKENXX,1,2044,120.67557271546542
GLOBAL,S3D2,RNWGEOKENXX,1,2044,136.70462526984235
GLOBAL,S3D3,RNWGEOKENXX,1,2044,123.39323715452548
GLOBAL,S3D4,RNWGEOKENXX,1,2044,136.70462526984238
GLOBAL,S3D5,RNWGEOKENXX,1,2044,136.70462526984235
GLOBAL,S1D6,RNWGEOKENXX,1,2045,68.31253471602218
GLOBAL,S1D1,RNWGEOKENXX,1,2045,144.59565311510292
GLOBAL,S1D2,RNWGEOKENXX,1,2045,144.59565311510292
GLOBAL,S1D3,RNWGEOKENXX,1,2045,121.28296525680248
GLOBAL,S1D4,RNWGEOKENXX,1,2045,144.59565311510292
GLOBAL,S1D5,RNWGEOKENXX,1,2045,120.91109064880284
GLOBAL,S2D6,RNWGEOKENXX,1,2045,101.04273085865223
GLOBAL,S2D1,RNWGEOKENXX,1,2045,129.7954398185953
GLOBAL,S2D2,RNWGEOKENXX,1,2045,144.59565311510292
GLOBAL,S2D3,RNWGEOKENXX,1,2045,144.59565311510292
GLOBAL,S2D4,RNWGEOKENXX,1,2045,144.59565311510292
GLOBAL,S2D5,RNWGEOKENXX,1,2045,128.591811331348
GLOBAL,S3D6,RNWGEOKENXX,1,2045,98.48918808681191
GLOBAL,S3D1,RNWGEOKENXX,1,2045,127.3658364164349
GLOBAL,S3D2,RNWGEOKENXX,1,2045,144.59565311510292
GLOBAL,S3D3,RNWGEOKENXX,1,2045,144.59565311510292
GLOBAL,S3D4,RNWGEOKENXX,1,2045,144.59565311510286
GLOBAL,S3D5,RNWGEOKENXX,1,2045,144.59565311510292
GLOBAL,S1D6,RNWGEOKENXX,1,2046,89.7186755477459
GLOBAL,S1D1,RNWGEOKENXX,1,2046,141.7144043087673
GLOBAL,S1D2,RNWGEOKENXX,1,2046,129.05236329368952
GLOBAL,S1D3,RNWGEOKENXX,1,2046,153.2601356584506
GLOBAL,S1D4,RNWGEOKENXX,1,2046,153.2601356584506
GLOBAL,S1D5,RNWGEOKENXX,1,2046,153.2601356584506
GLOBAL,S2D6,RNWGEOKENXX,1,2046,75.95223295683807
GLOBAL,S2D1,RNWGEOKENXX,1,2046,137.6602085018693
GLOBAL,S2D2,RNWGEOKENXX,1,2046,153.2601356584506
GLOBAL,S2D3,RNWGEOKENXX,1,2046,153.2601356584506
GLOBAL,S2D4,RNWGEOKENXX,1,2046,153.2601356584506
GLOBAL,S2D5,RNWGEOKENXX,1,2046,136.02098147003375
GLOBAL,S3D6,RNWGEOKENXX,1,2046,104.83748252128228
GLOBAL,S3D1,RNWGEOKENXX,1,2046,135.3012044595229
GLOBAL,S3D2,RNWGEOKENXX,1,2046,153.2601356584506
GLOBAL,S3D3,RNWGEOKENXX,1,2046,153.2601356584506
GLOBAL,S3D4,RNWGEOKENXX,1,2046,153.2601356584506
GLOBAL,S3D5,RNWGEOKENXX,1,2046,153.2601356584506
GLOBAL,S1D6,RNWGEOKENXX,1,2047,94.35899256747578
GLOBAL,S1D1,RNWGEOKENXX,1,2047,148.20939437101546
GLOBAL,S1D2,RNWGEOKENXX,1,2047,161.91233057045557
GLOBAL,S1D3,RNWGEOKENXX,1,2047,135.71965800523984
GLOBAL,S1D4,RNWGEOKENXX,1,2047,161.91233057045557
GLOBAL,S1D5,RNWGEOKENXX,1,2047,161.91233057045557
GLOBAL,S2D6,RNWGEOKENXX,1,2047,80.90600251718124
GLOBAL,S2D1,RNWGEOKENXX,1,2047,145.5138739822964
GLOBAL,S2D2,RNWGEOKENXX,1,2047,161.91233057045557
GLOBAL,S2D3,RNWGEOKENXX,1,2047,161.91233057045557
GLOBAL,S2D4,RNWGEOKENXX,1,2047,161.91233057045557
GLOBAL,S2D5,RNWGEOKENXX,1,2047,142.98249237327295
GLOBAL,S3D6,RNWGEOKENXX,1,2047,111.19295828429844
GLOBAL,S3D1,RNWGEOKENXX,1,2047,144.97886233129304
GLOBAL,S3D2,RNWGEOKENXX,1,2047,161.91233057045557
GLOBAL,S3D3,RNWGEOKENXX,1,2047,161.91233057045557
GLOBAL,S3D4,RNWGEOKENXX,1,2047,161.9123305704556
GLOBAL,S3D5,RNWGEOKENXX,1,2047,161.9123305704556
GLOBAL,S1D6,RNWGEOKENXX,1,2048,85.26927595814429
GLOBAL,S1D1,RNWGEOKENXX,1,2048,157.8549152576724
GLOBAL,S1D2,RNWGEOKENXX,1,2048,172.27168328218607
GLOBAL,S1D3,RNWGEOKENXX,1,2048,172.27168328218607
GLOBAL,S1D4,RNWGEOKENXX,1,2048,172.27168328218607
GLOBAL,S1D5,RNWGEOKENXX,1,2048,144.2934529654354
GLOBAL,S2D6,RNWGEOKENXX,1,2048,132.68327402135233
GLOBAL,S2D1,RNWGEOKENXX,1,2048,155.2439339935704
GLOBAL,S2D2,RNWGEOKENXX,1,2048,172.27168328218607
GLOBAL,S2D3,RNWGEOKENXX,1,2048,140.835042031489
GLOBAL,S2D4,RNWGEOKENXX,1,2048,172.27168328218607
GLOBAL,S2D5,RNWGEOKENXX,1,2048,151.445200564609
GLOBAL,S3D6,RNWGEOKENXX,1,2048,119.44564868676883
GLOBAL,S3D1,RNWGEOKENXX,1,2048,152.91423037438102
GLOBAL,S3D2,RNWGEOKENXX,1,2048,172.27168328218607
GLOBAL,S3D3,RNWGEOKENXX,1,2048,172.27168328218607
GLOBAL,S3D4,RNWGEOKENXX,1,2048,172.271683282186
GLOBAL,S3D5,RNWGEOKENXX,1,2048,172.27168328218605
GLOBAL,S1D6,RNWGEOKENXX,1,2049,131.1966950720893
GLOBAL,S1D1,RNWGEOKENXX,1,2049,154.05954623708865
GLOBAL,S1D2,RNWGEOKENXX,1,2049,151.52725236524827
GLOBAL,S1D3,RNWGEOKENXX,1,2049,180.9361658255337
GLOBAL,S1D4,RNWGEOKENXX,1,2049,180.9361658255337
GLOBAL,S1D5,RNWGEOKENXX,1,2049,151.52725236524827
GLOBAL,S2D6,RNWGEOKENXX,1,2049,138.97508896797152
GLOBAL,S2D1,RNWGEOKENXX,1,2049,163.10870267684442
GLOBAL,S2D2,RNWGEOKENXX,1,2049,147.82773173444238
GLOBAL,S2D3,RNWGEOKENXX,1,2049,180.9361658255337
GLOBAL,S2D4,RNWGEOKENXX,1,2049,180.9361658255337
GLOBAL,S2D5,RNWGEOKENXX,1,2049,158.43789026756238
GLOBAL,S3D6,RNWGEOKENXX,1,2049,125.7939431212392
GLOBAL,S3D1,RNWGEOKENXX,1,2049,160.849598417469
GLOBAL,S3D2,RNWGEOKENXX,1,2049,180.9361658255337
GLOBAL,S3D3,RNWGEOKENXX,1,2049,180.9361658255337
GLOBAL,S3D4,RNWGEOKENXX,1,2049,180.9361658255337
GLOBAL,S3D5,RNWGEOKENXX,1,2049,180.9361658255337
GLOBAL,S1D6,RNWGEOKENXX,1,2050,137.64924981661486
GLOBAL,S1D1,RNWGEOKENXX,1,2050,161.76081126917256
GLOBAL,S1D2,RNWGEOKENXX,1,2050,158.76105176506107
GLOBAL,S1D3,RNWGEOKENXX,1,2050,189.60064836888137
GLOBAL,S1D4,RNWGEOKENXX,1,2050,189.60064836888137
GLOBAL,S1D5,RNWGEOKENXX,1,2050,158.76105176506107
GLOBAL,S2D6,RNWGEOKENXX,1,2050,145.26690391459076
GLOBAL,S2D1,RNWGEOKENXX,1,2050,170.97347136011845
GLOBAL,S2D2,RNWGEOKENXX,1,2050,154.8204214373957
GLOBAL,S2D3,RNWGEOKENXX,1,2050,189.60064836888137
GLOBAL,S2D4,RNWGEOKENXX,1,2050,189.60064836888137
GLOBAL,S2D5,RNWGEOKENXX,1,2050,165.43057997051568
GLOBAL,S3D6,RNWGEOKENXX,1,2050,132.14223755570958
GLOBAL,S3D1,RNWGEOKENXX,1,2050,168.78496646055697
GLOBAL,S3D2,RNWGEOKENXX,1,2050,189.60064836888137
GLOBAL,S3D3,RNWGEOKENXX,1,2050,189.60064836888137
GLOBAL,S3D4,RNWGEOKENXX,1,2050,189.60064836888137
GLOBAL,S3D5,RNWGEOKENXX,1,2050,189.60064836888137
GLOBAL,S1D6,RNWGEOTZAXX,1,2021,11.232748693851285
GLOBAL,S1D1,RNWGEOTZAXX,1,2021,15.0206411452584
GLOBAL,S1D2,RNWGEOTZAXX,1,2021,24.231809870872407
GLOBAL,S1D3,RNWGEOTZAXX,1,2021,19.62733184600164
GLOBAL,S1D4,RNWGEOTZAXX,1,2021,24.231809870872407
GLOBAL,S1D5,RNWGEOTZAXX,1,2021,24.231809870872407
GLOBAL,S2D6,RNWGEOTZAXX,1,2021,17.988282989252557
GLOBAL,S2D1,RNWGEOTZAXX,1,2021,23.6822331671885
GLOBAL,S2D2,RNWGEOTZAXX,1,2021,24.231809870872407
GLOBAL,S2D3,RNWGEOTZAXX,1,2021,23.6822331671885
GLOBAL,S2D4,RNWGEOTZAXX,1,2021,24.231809870872407
GLOBAL,S2D5,RNWGEOTZAXX,1,2021,24.231809870872407
GLOBAL,S3D6,RNWGEOTZAXX,1,2021,16.49786914720789
GLOBAL,S3D1,RNWGEOTZAXX,1,2021,22.242931983832666
GLOBAL,S3D2,RNWGEOTZAXX,1,2021,24.231809870872407
GLOBAL,S3D3,RNWGEOTZAXX,1,2021,24.231809870872407
GLOBAL,S3D4,RNWGEOTZAXX,1,2021,24.231809870872407
GLOBAL,S3D5,RNWGEOTZAXX,1,2021,24.231809870872407
GLOBAL,S1D6,RNWGEOTZAXX,1,2022,12.41012578562799
GLOBAL,S1D1,RNWGEOTZAXX,1,2022,22.364558123373904
GLOBAL,S1D2,RNWGEOTZAXX,1,2022,27.197990140652536
GLOBAL,S1D3,RNWGEOTZAXX,1,2022,22.364558123373904
GLOBAL,S1D4,RNWGEOTZAXX,1,2022,27.197990140652536
GLOBAL,S1D5,RNWGEOTZAXX,1,2022,23.37037925768164
GLOBAL,S2D6,RNWGEOTZAXX,1,2022,20.12351430597853
GLOBAL,S2D1,RNWGEOTZAXX,1,2022,26.35127231309597
GLOBAL,S2D2,RNWGEOTZAXX,1,2022,27.197990140652536
GLOBAL,S2D3,RNWGEOTZAXX,1,2022,26.35127231309597
GLOBAL,S2D4,RNWGEOTZAXX,1,2022,27.197990140652536
GLOBAL,S2D5,RNWGEOTZAXX,1,2022,27.197990140652536
GLOBAL,S3D6,RNWGEOTZAXX,1,2022,18.65226771094218
GLOBAL,S3D1,RNWGEOTZAXX,1,2022,24.935930188500528
GLOBAL,S3D2,RNWGEOTZAXX,1,2022,25.838552486498
GLOBAL,S3D3,RNWGEOTZAXX,1,2022,27.197990140652536
GLOBAL,S3D4,RNWGEOTZAXX,1,2022,27.19799014065253
GLOBAL,S3D5,RNWGEOTZAXX,1,2022,27.19799014065253
GLOBAL,S1D6,RNWGEOTZAXX,1,2023,13.02509265788942
GLOBAL,S1D1,RNWGEOTZAXX,1,2023,25.87079727127702
GLOBAL,S1D2,RNWGEOTZAXX,1,2023,31.31486942391613
GLOBAL,S1D3,RNWGEOTZAXX,1,2023,25.87079727127702
GLOBAL,S1D4,RNWGEOTZAXX,1,2023,30.092060631732608
GLOBAL,S1D5,RNWGEOTZAXX,1,2023,31.31486942391613
GLOBAL,S2D6,RNWGEOTZAXX,1,2023,22.62642851947118
GLOBAL,S2D1,RNWGEOTZAXX,1,2023,29.74386624189111
GLOBAL,S2D2,RNWGEOTZAXX,1,2023,31.31486942391613
GLOBAL,S2D3,RNWGEOTZAXX,1,2023,29.74386624189111
GLOBAL,S2D4,RNWGEOTZAXX,1,2023,31.31486942391613
GLOBAL,S2D5,RNWGEOTZAXX,1,2023,31.31486942391613
GLOBAL,S3D6,RNWGEOTZAXX,1,2023,21.187127336115346
GLOBAL,S3D1,RNWGEOTZAXX,1,2023,28.368455881896317
GLOBAL,S3D2,RNWGEOTZAXX,1,2023,30.003349887282383
GLOBAL,S3D3,RNWGEOTZAXX,1,2023,31.31486942391613
GLOBAL,S3D4,RNWGEOTZAXX,1,2023,31.31486942391613
GLOBAL,S3D5,RNWGEOTZAXX,1,2023,31.31486942391613
GLOBAL,S1D6,RNWGEOTZAXX,1,2024,39.51300673672643
GLOBAL,S1D1,RNWGEOTZAXX,1,2024,46.37168168538263
GLOBAL,S1D2,RNWGEOTZAXX,1,2024,61.67223220320278
GLOBAL,S1D3,RNWGEOTZAXX,1,2024,51.91811622577752
GLOBAL,S1D4,RNWGEOTZAXX,1,2024,61.67223220320278
GLOBAL,S1D5,RNWGEOTZAXX,1,2024,61.67223220320278
GLOBAL,S2D6,RNWGEOTZAXX,1,2024,38.28251610596264
GLOBAL,S2D1,RNWGEOTZAXX,1,2024,55.15522655026334
GLOBAL,S2D2,RNWGEOTZAXX,1,2024,61.67223220320278
GLOBAL,S2D3,RNWGEOTZAXX,1,2024,55.15522655026334
GLOBAL,S2D4,RNWGEOTZAXX,1,2024,61.67223220320278
GLOBAL,S2D5,RNWGEOTZAXX,1,2024,61.67223220320278
GLOBAL,S3D6,RNWGEOTZAXX,1,2024,41.79860648141903
GLOBAL,S3D1,RNWGEOTZAXX,1,2024,54.00327434497378
GLOBAL,S3D2,RNWGEOTZAXX,1,2024,61.67223220320278
GLOBAL,S3D3,RNWGEOTZAXX,1,2024,61.67223220320278
GLOBAL,S3D4,RNWGEOTZAXX,1,2024,61.67223220320278
GLOBAL,S3D5,RNWGEOTZAXX,1,2024,61.67223220320276
GLOBAL,S1D6,RNWGEOTZAXX,1,2025,37.55781307224394
GLOBAL,S1D1,RNWGEOTZAXX,1,2025,56.40716732066804
GLOBAL,S1D2,RNWGEOTZAXX,1,2025,67.38245012836619
GLOBAL,S1D3,RNWGEOTZAXX,1,2025,56.40716732066804
GLOBAL,S1D4,RNWGEOTZAXX,1,2025,67.38245012836619
GLOBAL,S1D5,RNWGEOTZAXX,1,2025,65.14957644402463
GLOBAL,S2D6,RNWGEOTZAXX,1,2025,46.56092050044128
GLOBAL,S2D1,RNWGEOTZAXX,1,2025,59.5324507495516
GLOBAL,S2D2,RNWGEOTZAXX,1,2025,67.38245012836619
GLOBAL,S2D3,RNWGEOTZAXX,1,2025,59.5324507495516
GLOBAL,S2D4,RNWGEOTZAXX,1,2025,67.38245012836619
GLOBAL,S2D5,RNWGEOTZAXX,1,2025,67.38245012836619
GLOBAL,S3D6,RNWGEOTZAXX,1,2025,45.331820125943274
GLOBAL,S3D1,RNWGEOTZAXX,1,2025,58.41979140062904
GLOBAL,S3D2,RNWGEOTZAXX,1,2025,67.38245012836619
GLOBAL,S3D3,RNWGEOTZAXX,1,2025,67.38245012836619
GLOBAL,S3D4,RNWGEOTZAXX,1,2025,67.3824501283662
GLOBAL,S3D5,RNWGEOTZAXX,1,2025,67.3824501283662
GLOBAL,S1D6,RNWGEOTZAXX,1,2026,42.11985686786437
GLOBAL,S1D1,RNWGEOTZAXX,1,2026,62.109722065193594
GLOBAL,S1D2,RNWGEOTZAXX,1,2026,74.12232836692034
GLOBAL,S1D3,RNWGEOTZAXX,1,2026,62.109722065193594
GLOBAL,S1D4,RNWGEOTZAXX,1,2026,74.12232836692034
GLOBAL,S1D5,RNWGEOTZAXX,1,2026,72.04601066420788
GLOBAL,S2D6,RNWGEOTZAXX,1,2026,51.00931907695373
GLOBAL,S2D1,RNWGEOTZAXX,1,2026,65.09294897019217
GLOBAL,S2D2,RNWGEOTZAXX,1,2026,74.12232836692034
GLOBAL,S2D3,RNWGEOTZAXX,1,2026,65.09294897019217
GLOBAL,S2D4,RNWGEOTZAXX,1,2026,74.12232836692034
GLOBAL,S2D5,RNWGEOTZAXX,1,2026,74.12232836692034
GLOBAL,S3D6,RNWGEOTZAXX,1,2026,49.820150467056365
GLOBAL,S3D1,RNWGEOTZAXX,1,2026,64.03020432702047
GLOBAL,S3D2,RNWGEOTZAXX,1,2026,74.12232836692034
GLOBAL,S3D3,RNWGEOTZAXX,1,2026,74.12232836692034
GLOBAL,S3D4,RNWGEOTZAXX,1,2026,74.12232836692036
GLOBAL,S3D5,RNWGEOTZAXX,1,2026,74.12232836692036
GLOBAL,S1D6,RNWGEOTZAXX,1,2027,52.221035933806725
GLOBAL,S1D1,RNWGEOTZAXX,1,2027,62.256718181732985
GLOBAL,S1D2,RNWGEOTZAXX,1,2027,80.85142280029284
GLOBAL,S1D3,RNWGEOTZAXX,1,2027,67.80315272212789
GLOBAL,S1D4,RNWGEOTZAXX,1,2027,80.85142280029284
GLOBAL,S1D5,RNWGEOTZAXX,1,2027,78.9314105896388
GLOBAL,S2D6,RNWGEOTZAXX,1,2027,55.45060021574377
GLOBAL,S2D1,RNWGEOTZAXX,1,2027,70.64455039367971
GLOBAL,S2D2,RNWGEOTZAXX,1,2027,80.85142280029284
GLOBAL,S2D3,RNWGEOTZAXX,1,2027,70.64455039367971
GLOBAL,S2D4,RNWGEOTZAXX,1,2027,80.85142280029284
GLOBAL,S2D5,RNWGEOTZAXX,1,2027,80.85142280029284
GLOBAL,S3D6,RNWGEOTZAXX,1,2027,54.3012994796237
GLOBAL,S3D1,RNWGEOTZAXX,1,2027,69.63164059272961
GLOBAL,S3D2,RNWGEOTZAXX,1,2027,80.85142280029284
GLOBAL,S3D3,RNWGEOTZAXX,1,2027,80.85142280029284
GLOBAL,S3D4,RNWGEOTZAXX,1,2027,80.85142280029285
GLOBAL,S3D5,RNWGEOTZAXX,1,2027,80.85142280029285
GLOBAL,S1D6,RNWGEOTZAXX,1,2028,56.783079729427165
GLOBAL,S1D1,RNWGEOTZAXX,1,2028,67.95927292625854
GLOBAL,S1D2,RNWGEOTZAXX,1,2028,87.59130103884695
GLOBAL,S1D3,RNWGEOTZAXX,1,2028,73.50570746665342
GLOBAL,S1D4,RNWGEOTZAXX,1,2028,87.59130103884695
GLOBAL,S1D5,RNWGEOTZAXX,1,2028,85.82784480982237
GLOBAL,S2D6,RNWGEOTZAXX,1,2028,59.89899879225622
GLOBAL,S2D1,RNWGEOTZAXX,1,2028,76.20504861432028
GLOBAL,S2D2,RNWGEOTZAXX,1,2028,87.59130103884695
GLOBAL,S2D3,RNWGEOTZAXX,1,2028,76.20504861432028
GLOBAL,S2D4,RNWGEOTZAXX,1,2028,87.59130103884695
GLOBAL,S2D5,RNWGEOTZAXX,1,2028,87.59130103884695
GLOBAL,S3D6,RNWGEOTZAXX,1,2028,58.789629820736806
GLOBAL,S3D1,RNWGEOTZAXX,1,2028,75.242053519121
GLOBAL,S3D2,RNWGEOTZAXX,1,2028,87.59130103884695
GLOBAL,S3D3,RNWGEOTZAXX,1,2028,87.59130103884695
GLOBAL,S3D4,RNWGEOTZAXX,1,2028,87.59130103884696
GLOBAL,S3D5,RNWGEOTZAXX,1,2028,87.59130103884696
GLOBAL,S1D6,RNWGEOTZAXX,1,2029,55.7986889846527
GLOBAL,S1D1,RNWGEOTZAXX,1,2029,79.20826221117899
GLOBAL,S1D2,RNWGEOTZAXX,1,2029,94.3311792774011
GLOBAL,S1D3,RNWGEOTZAXX,1,2029,79.20826221117899
GLOBAL,S1D4,RNWGEOTZAXX,1,2029,94.3311792774011
GLOBAL,S1D5,RNWGEOTZAXX,1,2029,92.72427903000568
GLOBAL,S2D6,RNWGEOTZAXX,1,2029,64.34739736876868
GLOBAL,S2D1,RNWGEOTZAXX,1,2029,81.76554683496083
GLOBAL,S2D2,RNWGEOTZAXX,1,2029,94.3311792774011
GLOBAL,S2D3,RNWGEOTZAXX,1,2029,81.76554683496083
GLOBAL,S2D4,RNWGEOTZAXX,1,2029,94.3311792774011
GLOBAL,S2D5,RNWGEOTZAXX,1,2029,94.3311792774011
GLOBAL,S3D6,RNWGEOTZAXX,1,2029,63.27796016184991
GLOBAL,S3D1,RNWGEOTZAXX,1,2029,80.85246644551238
GLOBAL,S3D2,RNWGEOTZAXX,1,2029,94.3311792774011
GLOBAL,S3D3,RNWGEOTZAXX,1,2029,94.3311792774011
GLOBAL,S3D4,RNWGEOTZAXX,1,2029,94.3311792774011
GLOBAL,S3D5,RNWGEOTZAXX,1,2029,94.3311792774011
GLOBAL,S1D6,RNWGEOTZAXX,1,2030,64.65667254595215
GLOBAL,S1D1,RNWGEOTZAXX,1,2030,84.91081695570453
GLOBAL,S1D2,RNWGEOTZAXX,1,2030,98.36803205034612
GLOBAL,S1D3,RNWGEOTZAXX,1,2030,84.91081695570453
GLOBAL,S1D4,RNWGEOTZAXX,1,2030,101.07105751595527
GLOBAL,S1D5,RNWGEOTZAXX,1,2030,101.07105751595527
GLOBAL,S2D6,RNWGEOTZAXX,1,2030,68.79579594528114
GLOBAL,S2D1,RNWGEOTZAXX,1,2030,87.32604505560141
GLOBAL,S2D2,RNWGEOTZAXX,1,2030,100.3098596255268
GLOBAL,S2D3,RNWGEOTZAXX,1,2030,87.32604505560141
GLOBAL,S2D4,RNWGEOTZAXX,1,2030,101.07105751595527
GLOBAL,S2D5,RNWGEOTZAXX,1,2030,100.3098596255268
GLOBAL,S3D6,RNWGEOTZAXX,1,2030,67.76629050296303
GLOBAL,S3D1,RNWGEOTZAXX,1,2030,86.46287937190375
GLOBAL,S3D2,RNWGEOTZAXX,1,2030,99.61303370044962
GLOBAL,S3D3,RNWGEOTZAXX,1,2030,101.07105751595527
GLOBAL,S3D4,RNWGEOTZAXX,1,2030,101.07105751595527
GLOBAL,S3D5,RNWGEOTZAXX,1,2030,101.07105751595527
GLOBAL,S1D6,RNWGEOTZAXX,1,2031,70.29858881860285
GLOBAL,S1D1,RNWGEOTZAXX,1,2031,91.7995030870914
GLOBAL,S1D2,RNWGEOTZAXX,1,2031,109.21283042812868
GLOBAL,S1D3,RNWGEOTZAXX,1,2031,91.7995030870914
GLOBAL,S1D4,RNWGEOTZAXX,1,2031,109.21283042812868
GLOBAL,S1D5,RNWGEOTZAXX,1,2031,109.21283042812868
GLOBAL,S2D6,RNWGEOTZAXX,1,2031,68.62302688531328
GLOBAL,S2D1,RNWGEOTZAXX,1,2031,94.04312690613523
GLOBAL,S2D2,RNWGEOTZAXX,1,2031,109.21283042812868
GLOBAL,S2D3,RNWGEOTZAXX,1,2031,94.04312690613523
GLOBAL,S2D4,RNWGEOTZAXX,1,2031,109.21283042812868
GLOBAL,S2D5,RNWGEOTZAXX,1,2031,109.21283042812868
GLOBAL,S3D6,RNWGEOTZAXX,1,2031,73.18819355502765
GLOBAL,S3D1,RNWGEOTZAXX,1,2031,93.24025818698456
GLOBAL,S3D2,RNWGEOTZAXX,1,2031,109.21283042812868
GLOBAL,S3D3,RNWGEOTZAXX,1,2031,109.21283042812868
GLOBAL,S3D4,RNWGEOTZAXX,1,2031,109.21283042812868
GLOBAL,S3D5,RNWGEOTZAXX,1,2031,109.21283042812868
GLOBAL,S1D6,RNWGEOTZAXX,1,2032,76.29369359341302
GLOBAL,S1D1,RNWGEOTZAXX,1,2032,98.6973133060695
GLOBAL,S1D2,RNWGEOTZAXX,1,2032,118.31626664053874
GLOBAL,S1D3,RNWGEOTZAXX,1,2032,98.6973133060695
GLOBAL,S1D4,RNWGEOTZAXX,1,2032,118.31626664053874
GLOBAL,S1D5,RNWGEOTZAXX,1,2032,118.31626664053874
GLOBAL,S2D6,RNWGEOTZAXX,1,2032,79.55024434385763
GLOBAL,S2D1,RNWGEOTZAXX,1,2032,100.76910555382209
GLOBAL,S2D2,RNWGEOTZAXX,1,2032,118.31626664053874
GLOBAL,S2D3,RNWGEOTZAXX,1,2032,100.76910555382209
GLOBAL,S2D4,RNWGEOTZAXX,1,2032,118.31626664053874
GLOBAL,S2D5,RNWGEOTZAXX,1,2032,118.31626664053874
GLOBAL,S3D6,RNWGEOTZAXX,1,2032,78.61727793563804
GLOBAL,S3D1,RNWGEOTZAXX,1,2032,100.02661366274758
GLOBAL,S3D2,RNWGEOTZAXX,1,2032,118.31626664053874
GLOBAL,S3D3,RNWGEOTZAXX,1,2032,118.31626664053874
GLOBAL,S3D4,RNWGEOTZAXX,1,2032,118.31626664053874
GLOBAL,S3D5,RNWGEOTZAXX,1,2032,118.31626664053874
GLOBAL,S1D6,RNWGEOTZAXX,1,2033,82.0940025689329
GLOBAL,S1D1,RNWGEOTZAXX,1,2033,105.5951235250476
GLOBAL,S1D2,RNWGEOTZAXX,1,2033,126.48357290646146
GLOBAL,S1D3,RNWGEOTZAXX,1,2033,105.5951235250476
GLOBAL,S1D4,RNWGEOTZAXX,1,2033,126.48357290646146
GLOBAL,S1D5,RNWGEOTZAXX,1,2033,126.48357290646146
GLOBAL,S2D6,RNWGEOTZAXX,1,2033,84.93102726200712
GLOBAL,S2D1,RNWGEOTZAXX,1,2033,107.49508420150887
GLOBAL,S2D2,RNWGEOTZAXX,1,2033,126.48357290646146
GLOBAL,S2D3,RNWGEOTZAXX,1,2033,107.49508420150887
GLOBAL,S2D4,RNWGEOTZAXX,1,2033,126.48357290646146
GLOBAL,S2D5,RNWGEOTZAXX,1,2033,126.48357290646146
GLOBAL,S3D6,RNWGEOTZAXX,1,2033,84.04636231624846
GLOBAL,S3D1,RNWGEOTZAXX,1,2033,106.81296913851058
GLOBAL,S3D2,RNWGEOTZAXX,1,2033,126.48357290646146
GLOBAL,S3D3,RNWGEOTZAXX,1,2033,126.48357290646146
GLOBAL,S3D4,RNWGEOTZAXX,1,2033,126.48357290646146
GLOBAL,S3D5,RNWGEOTZAXX,1,2033,126.48357290646146
GLOBAL,S1D6,RNWGEOTZAXX,1,2034,87.88663917808229
GLOBAL,S1D1,RNWGEOTZAXX,1,2034,112.48380965643446
GLOBAL,S1D2,RNWGEOTZAXX,1,2034,134.64007585721777
GLOBAL,S1D3,RNWGEOTZAXX,1,2034,112.48380965643446
GLOBAL,S1D4,RNWGEOTZAXX,1,2034,134.64007585721777
GLOBAL,S1D5,RNWGEOTZAXX,1,2034,134.64007585721777
GLOBAL,S2D6,RNWGEOTZAXX,1,2034,90.30469274243416
GLOBAL,S2D1,RNWGEOTZAXX,1,2034,114.2121660520427
GLOBAL,S2D2,RNWGEOTZAXX,1,2034,134.64007585721777
GLOBAL,S2D3,RNWGEOTZAXX,1,2034,114.2121660520427
GLOBAL,S2D4,RNWGEOTZAXX,1,2034,134.64007585721777
GLOBAL,S2D5,RNWGEOTZAXX,1,2034,134.64007585721777
GLOBAL,S3D6,RNWGEOTZAXX,1,2034,89.4682653683131
GLOBAL,S3D1,RNWGEOTZAXX,1,2034,113.5903479535914
GLOBAL,S3D2,RNWGEOTZAXX,1,2034,134.64007585721777
GLOBAL,S3D3,RNWGEOTZAXX,1,2034,134.64007585721777
GLOBAL,S3D4,RNWGEOTZAXX,1,2034,134.64007585721777
GLOBAL,S3D5,RNWGEOTZAXX,1,2034,134.64007585721777
GLOBAL,S1D6,RNWGEOTZAXX,1,2035,93.41609682404531
GLOBAL,S1D1,RNWGEOTZAXX,1,2035,119.31390704302322
GLOBAL,S1D2,RNWGEOTZAXX,1,2035,142.80738212314054
GLOBAL,S1D3,RNWGEOTZAXX,1,2035,119.31390704302322
GLOBAL,S1D4,RNWGEOTZAXX,1,2035,142.80738212314054
GLOBAL,S1D5,RNWGEOTZAXX,1,2035,142.80738212314054
GLOBAL,S2D6,RNWGEOTZAXX,1,2035,96.08163187570136
GLOBAL,S2D1,RNWGEOTZAXX,1,2035,120.93814469972952
GLOBAL,S2D2,RNWGEOTZAXX,1,2035,142.80738212314054
GLOBAL,S2D3,RNWGEOTZAXX,1,2035,120.93814469972952
GLOBAL,S2D4,RNWGEOTZAXX,1,2035,142.80738212314054
GLOBAL,S2D5,RNWGEOTZAXX,1,2035,142.80738212314054
GLOBAL,S3D6,RNWGEOTZAXX,1,2035,94.89734974892352
GLOBAL,S3D1,RNWGEOTZAXX,1,2035,120.3767034293544
GLOBAL,S3D2,RNWGEOTZAXX,1,2035,142.80738212314054
GLOBAL,S3D3,RNWGEOTZAXX,1,2035,142.80738212314054
GLOBAL,S3D4,RNWGEOTZAXX,1,2035,142.80738212314054
GLOBAL,S3D5,RNWGEOTZAXX,1,2035,142.80738212314054
GLOBAL,S1D6,RNWGEOTZAXX,1,2036,99.88155363437633
GLOBAL,S1D1,RNWGEOTZAXX,1,2036,127.41804998474068
GLOBAL,S1D2,RNWGEOTZAXX,1,2036,152.49806944639292
GLOBAL,S1D3,RNWGEOTZAXX,1,2036,127.41804998474068
GLOBAL,S1D4,RNWGEOTZAXX,1,2036,152.49806944639292
GLOBAL,S1D5,RNWGEOTZAXX,1,2036,152.49806944639292
GLOBAL,S2D6,RNWGEOTZAXX,1,2036,102.07693473531673
GLOBAL,S2D1,RNWGEOTZAXX,1,2036,128.9274685431459
GLOBAL,S2D2,RNWGEOTZAXX,1,2036,152.49806944639292
GLOBAL,S2D3,RNWGEOTZAXX,1,2036,128.9274685431459
GLOBAL,S2D4,RNWGEOTZAXX,1,2036,152.49806944639292
GLOBAL,S2D5,RNWGEOTZAXX,1,2036,152.49806944639292
GLOBAL,S3D6,RNWGEOTZAXX,1,2036,101.34618278303482
GLOBAL,S3D1,RNWGEOTZAXX,1,2036,129.3645271286885
GLOBAL,S3D2,RNWGEOTZAXX,1,2036,152.49806944639292
GLOBAL,S3D3,RNWGEOTZAXX,1,2036,152.49806944639292
GLOBAL,S3D4,RNWGEOTZAXX,1,2036,152.49806944639292
GLOBAL,S3D5,RNWGEOTZAXX,1,2036,152.49806944639292
GLOBAL,S1D6,RNWGEOTZAXX,1,2037,106.35410250823944
GLOBAL,S1D1,RNWGEOTZAXX,1,2037,135.5274601724724
GLOBAL,S1D2,RNWGEOTZAXX,1,2037,162.17114269436584
GLOBAL,S1D3,RNWGEOTZAXX,1,2037,135.5274601724724
GLOBAL,S1D4,RNWGEOTZAXX,1,2037,162.17114269436584
GLOBAL,S1D5,RNWGEOTZAXX,1,2037,162.17114269436584
GLOBAL,S2D6,RNWGEOTZAXX,1,2037,108.4612763723274
GLOBAL,S2D1,RNWGEOTZAXX,1,2037,136.90789558940926
GLOBAL,S2D2,RNWGEOTZAXX,1,2037,162.17114269436584
GLOBAL,S2D3,RNWGEOTZAXX,1,2037,136.90789558940926
GLOBAL,S2D4,RNWGEOTZAXX,1,2037,162.17114269436584
GLOBAL,S2D5,RNWGEOTZAXX,1,2037,162.17114269436584
GLOBAL,S3D6,RNWGEOTZAXX,1,2037,107.78783448860035
GLOBAL,S3D1,RNWGEOTZAXX,1,2037,137.85870900074994
GLOBAL,S3D2,RNWGEOTZAXX,1,2037,162.17114269436584
GLOBAL,S3D3,RNWGEOTZAXX,1,2037,162.17114269436584
GLOBAL,S3D4,RNWGEOTZAXX,1,2037,162.17114269436584
GLOBAL,S3D5,RNWGEOTZAXX,1,2037,162.17114269436584
GLOBAL,S1D6,RNWGEOTZAXX,1,2038,112.8338671556512
GLOBAL,S1D1,RNWGEOTZAXX,1,2038,143.64591095127167
GLOBAL,S1D2,RNWGEOTZAXX,1,2038,171.85499974752045
GLOBAL,S1D3,RNWGEOTZAXX,1,2038,143.64591095127167
GLOBAL,S1D4,RNWGEOTZAXX,1,2038,171.85499974752045
GLOBAL,S1D5,RNWGEOTZAXX,1,2038,171.85499974752045
GLOBAL,S2D6,RNWGEOTZAXX,1,2038,116.64812858331544
GLOBAL,S2D1,RNWGEOTZAXX,1,2038,144.89721943282564
GLOBAL,S2D2,RNWGEOTZAXX,1,2038,171.85499974752045
GLOBAL,S2D3,RNWGEOTZAXX,1,2038,144.89721943282564
GLOBAL,S2D4,RNWGEOTZAXX,1,2038,171.85499974752045
GLOBAL,S2D5,RNWGEOTZAXX,1,2038,171.85499974752045
GLOBAL,S3D6,RNWGEOTZAXX,1,2038,114.23666752271168
GLOBAL,S3D1,RNWGEOTZAXX,1,2038,144.5508506465896
GLOBAL,S3D2,RNWGEOTZAXX,1,2038,171.85499974752045
GLOBAL,S3D3,RNWGEOTZAXX,1,2038,171.85499974752045
GLOBAL,S3D4,RNWGEOTZAXX,1,2038,171.85499974752045
GLOBAL,S3D5,RNWGEOTZAXX,1,2038,171.85499974752045
GLOBAL,S1D6,RNWGEOTZAXX,1,2039,119.31363180306374
GLOBAL,S1D1,RNWGEOTZAXX,1,2039,151.76436173007104
GLOBAL,S1D2,RNWGEOTZAXX,1,2039,181.53885680067503
GLOBAL,S1D3,RNWGEOTZAXX,1,2039,151.76436173007104
GLOBAL,S1D4,RNWGEOTZAXX,1,2039,181.53885680067503
GLOBAL,S1D5,RNWGEOTZAXX,1,2039,181.53885680067503
GLOBAL,S2D6,RNWGEOTZAXX,1,2039,121.2441945217936
GLOBAL,S2D1,RNWGEOTZAXX,1,2039,152.886543276242
GLOBAL,S2D2,RNWGEOTZAXX,1,2039,181.53885680067503
GLOBAL,S2D3,RNWGEOTZAXX,1,2039,152.886543276242
GLOBAL,S2D4,RNWGEOTZAXX,1,2039,181.53885680067503
GLOBAL,S2D5,RNWGEOTZAXX,1,2039,181.53885680067503
GLOBAL,S3D6,RNWGEOTZAXX,1,2039,120.68550055682216
GLOBAL,S3D1,RNWGEOTZAXX,1,2039,154.86601183488924
GLOBAL,S3D2,RNWGEOTZAXX,1,2039,181.53885680067503
GLOBAL,S3D3,RNWGEOTZAXX,1,2039,181.53885680067503
GLOBAL,S3D4,RNWGEOTZAXX,1,2039,181.53885680067503
GLOBAL,S3D5,RNWGEOTZAXX,1,2039,181.53885680067503
GLOBAL,S1D6,RNWGEOTZAXX,1,2040,125.79339645047548
GLOBAL,S1D1,RNWGEOTZAXX,1,2040,159.88281250887044
GLOBAL,S1D2,RNWGEOTZAXX,1,2040,191.22271385382967
GLOBAL,S1D3,RNWGEOTZAXX,1,2040,159.88281250887044
GLOBAL,S1D4,RNWGEOTZAXX,1,2040,191.22271385382967
GLOBAL,S1D5,RNWGEOTZAXX,1,2040,191.22271385382967
GLOBAL,S2D6,RNWGEOTZAXX,1,2040,127.63565359652668
GLOBAL,S2D1,RNWGEOTZAXX,1,2040,160.87586711965838
GLOBAL,S2D2,RNWGEOTZAXX,1,2040,191.22271385382967
GLOBAL,S2D3,RNWGEOTZAXX,1,2040,160.87586711965838
GLOBAL,S2D4,RNWGEOTZAXX,1,2040,191.22271385382967
GLOBAL,S2D5,RNWGEOTZAXX,1,2040,191.22271385382967
GLOBAL,S3D6,RNWGEOTZAXX,1,2040,129.83106361102494
GLOBAL,S3D1,RNWGEOTZAXX,1,2040,160.67293323186786
GLOBAL,S3D2,RNWGEOTZAXX,1,2040,191.22271385382967
GLOBAL,S3D3,RNWGEOTZAXX,1,2040,191.22271385382967
GLOBAL,S3D4,RNWGEOTZAXX,1,2040,191.22271385382967
GLOBAL,S3D5,RNWGEOTZAXX,1,2040,191.22271385382967
GLOBAL,S1D6,RNWGEOTZAXX,1,2041,133.44933218645042
GLOBAL,S1D1,RNWGEOTZAXX,1,2041,169.4748796317059
GLOBAL,S1D2,RNWGEOTZAXX,1,2041,202.66433115159924
GLOBAL,S1D3,RNWGEOTZAXX,1,2041,169.4748796317059
GLOBAL,S1D4,RNWGEOTZAXX,1,2041,202.66433115159924
GLOBAL,S1D5,RNWGEOTZAXX,1,2041,202.66433115159924
GLOBAL,S2D6,RNWGEOTZAXX,1,2041,135.18725502001422
GLOBAL,S2D1,RNWGEOTZAXX,1,2041,170.3153688990178
GLOBAL,S2D2,RNWGEOTZAXX,1,2041,202.66433115159924
GLOBAL,S2D3,RNWGEOTZAXX,1,2041,170.3153688990178
GLOBAL,S2D4,RNWGEOTZAXX,1,2041,202.66433115159924
GLOBAL,S2D5,RNWGEOTZAXX,1,2041,202.66433115159924
GLOBAL,S3D6,RNWGEOTZAXX,1,2041,134.75372317800782
GLOBAL,S3D1,RNWGEOTZAXX,1,2041,173.41685050531046
GLOBAL,S3D2,RNWGEOTZAXX,1,2041,202.66433115159924
GLOBAL,S3D3,RNWGEOTZAXX,1,2041,202.66433115159924
GLOBAL,S3D4,RNWGEOTZAXX,1,2041,202.66433115159924
GLOBAL,S3D5,RNWGEOTZAXX,1,2041,202.66433115159924
GLOBAL,S1D6,RNWGEOTZAXX,1,2042,141.1052679224244
GLOBAL,S1D1,RNWGEOTZAXX,1,2042,179.0669467545412
GLOBAL,S1D2,RNWGEOTZAXX,1,2042,214.10594844936875
GLOBAL,S1D3,RNWGEOTZAXX,1,2042,179.0669467545412
GLOBAL,S1D4,RNWGEOTZAXX,1,2042,214.10594844936875
GLOBAL,S1D5,RNWGEOTZAXX,1,2042,214.10594844936875
GLOBAL,S2D6,RNWGEOTZAXX,1,2042,142.73885644350176
GLOBAL,S2D1,RNWGEOTZAXX,1,2042,179.75487067837722
GLOBAL,S2D2,RNWGEOTZAXX,1,2042,214.10594844936875
GLOBAL,S2D3,RNWGEOTZAXX,1,2042,179.75487067837722
GLOBAL,S2D4,RNWGEOTZAXX,1,2042,214.10594844936875
GLOBAL,S2D5,RNWGEOTZAXX,1,2042,214.10594844936875
GLOBAL,S3D6,RNWGEOTZAXX,1,2042,142.37311276508186
GLOBAL,S3D1,RNWGEOTZAXX,1,2042,183.46403775866327
GLOBAL,S3D2,RNWGEOTZAXX,1,2042,214.10594844936875
GLOBAL,S3D3,RNWGEOTZAXX,1,2042,214.10594844936875
GLOBAL,S3D4,RNWGEOTZAXX,1,2042,214.10594844936875
GLOBAL,S3D5,RNWGEOTZAXX,1,2042,214.10594844936875
GLOBAL,S1D6,RNWGEOTZAXX,1,2043,148.7612036583987
GLOBAL,S1D1,RNWGEOTZAXX,1,2043,188.65901387737676
GLOBAL,S1D2,RNWGEOTZAXX,1,2043,225.5475657471383
GLOBAL,S1D3,RNWGEOTZAXX,1,2043,188.65901387737676
GLOBAL,S1D4,RNWGEOTZAXX,1,2043,225.5475657471383
GLOBAL,S1D5,RNWGEOTZAXX,1,2043,225.5475657471383
GLOBAL,S2D6,RNWGEOTZAXX,1,2043,150.29045786698933
GLOBAL,S2D1,RNWGEOTZAXX,1,2043,189.19437245773665
GLOBAL,S2D2,RNWGEOTZAXX,1,2043,225.5475657471383
GLOBAL,S2D3,RNWGEOTZAXX,1,2043,189.19437245773665
GLOBAL,S2D4,RNWGEOTZAXX,1,2043,225.5475657471383
GLOBAL,S2D5,RNWGEOTZAXX,1,2043,225.5475657471383
GLOBAL,S3D6,RNWGEOTZAXX,1,2043,154.25808318077586
GLOBAL,S3D1,RNWGEOTZAXX,1,2043,189.2456441833939
GLOBAL,S3D2,RNWGEOTZAXX,1,2043,225.5475657471383
GLOBAL,S3D3,RNWGEOTZAXX,1,2043,225.5475657471383
GLOBAL,S3D4,RNWGEOTZAXX,1,2043,225.5475657471383
GLOBAL,S3D5,RNWGEOTZAXX,1,2043,225.5475657471383
GLOBAL,S1D6,RNWGEOTZAXX,1,2044,156.42435516792207
GLOBAL,S1D1,RNWGEOTZAXX,1,2044,198.26012159127967
GLOBAL,S1D2,RNWGEOTZAXX,1,2044,236.99996685008952
GLOBAL,S1D3,RNWGEOTZAXX,1,2044,198.26012159127967
GLOBAL,S1D4,RNWGEOTZAXX,1,2044,236.99996685008952
GLOBAL,S1D5,RNWGEOTZAXX,1,2044,236.99996685008952
GLOBAL,S2D6,RNWGEOTZAXX,1,2044,157.84917672819878
GLOBAL,S2D1,RNWGEOTZAXX,1,2044,198.64277103424908
GLOBAL,S2D2,RNWGEOTZAXX,1,2044,236.99996685008952
GLOBAL,S2D3,RNWGEOTZAXX,1,2044,198.64277103424908
GLOBAL,S2D4,RNWGEOTZAXX,1,2044,236.99996685008952
GLOBAL,S2D5,RNWGEOTZAXX,1,2044,236.99996685008952
GLOBAL,S3D6,RNWGEOTZAXX,1,2044,157.6190732677745
GLOBAL,S3D1,RNWGEOTZAXX,1,2044,203.56788181037555
GLOBAL,S3D2,RNWGEOTZAXX,1,2044,236.99996685008952
GLOBAL,S3D3,RNWGEOTZAXX,1,2044,236.99996685008952
GLOBAL,S3D4,RNWGEOTZAXX,1,2044,236.99996685008952
GLOBAL,S3D5,RNWGEOTZAXX,1,2044,236.99996685008952
GLOBAL,S1D6,RNWGEOTZAXX,1,2045,164.0802909038961
GLOBAL,S1D1,RNWGEOTZAXX,1,2045,207.85218871411507
GLOBAL,S1D2,RNWGEOTZAXX,1,2045,248.4415841478591
GLOBAL,S1D3,RNWGEOTZAXX,1,2045,207.85218871411507
GLOBAL,S1D4,RNWGEOTZAXX,1,2045,248.4415841478591
GLOBAL,S1D5,RNWGEOTZAXX,1,2045,248.4415841478591
GLOBAL,S2D6,RNWGEOTZAXX,1,2045,165.4007781516868
GLOBAL,S2D1,RNWGEOTZAXX,1,2045,208.08227281360848
GLOBAL,S2D2,RNWGEOTZAXX,1,2045,248.44158414785903
GLOBAL,S2D3,RNWGEOTZAXX,1,2045,208.08227281360848
GLOBAL,S2D4,RNWGEOTZAXX,1,2045,248.4415841478591
GLOBAL,S2D5,RNWGEOTZAXX,1,2045,248.44158414785903
GLOBAL,S3D6,RNWGEOTZAXX,1,2045,165.23846285484808
GLOBAL,S3D1,RNWGEOTZAXX,1,2045,213.615069063728
GLOBAL,S3D2,RNWGEOTZAXX,1,2045,248.44158414785903
GLOBAL,S3D3,RNWGEOTZAXX,1,2045,248.44158414785903
GLOBAL,S3D4,RNWGEOTZAXX,1,2045,248.44158414785883
GLOBAL,S3D5,RNWGEOTZAXX,1,2045,248.4415841478591
GLOBAL,S1D6,RNWGEOTZAXX,1,2046,173.58346466853126
GLOBAL,S1D1,RNWGEOTZAXX,1,2046,219.75864715028305
GLOBAL,S1D2,RNWGEOTZAXX,1,2046,262.6438555721404
GLOBAL,S1D3,RNWGEOTZAXX,1,2046,219.75864715028305
GLOBAL,S1D4,RNWGEOTZAXX,1,2046,262.6438555721404
GLOBAL,S1D5,RNWGEOTZAXX,1,2046,262.6438555721404
GLOBAL,S2D6,RNWGEOTZAXX,1,2046,174.7744436321139
GLOBAL,S2D1,RNWGEOTZAXX,1,2046,219.79935466414236
GLOBAL,S2D2,RNWGEOTZAXX,1,2046,262.6438555721404
GLOBAL,S2D3,RNWGEOTZAXX,1,2046,219.79935466414236
GLOBAL,S2D4,RNWGEOTZAXX,1,2046,262.6438555721404
GLOBAL,S2D5,RNWGEOTZAXX,1,2046,262.6438555721404
GLOBAL,S3D6,RNWGEOTZAXX,1,2046,174.69627254964166
GLOBAL,S3D1,RNWGEOTZAXX,1,2046,226.0864598390954
GLOBAL,S3D2,RNWGEOTZAXX,1,2046,262.6438555721404
GLOBAL,S3D3,RNWGEOTZAXX,1,2046,262.6438555721404
GLOBAL,S3D4,RNWGEOTZAXX,1,2046,262.6438555721404
GLOBAL,S3D5,RNWGEOTZAXX,1,2046,262.64385557214047
GLOBAL,S1D6,RNWGEOTZAXX,1,2047,183.0281072302472
GLOBAL,S1D1,RNWGEOTZAXX,1,2047,233.2153095998672
GLOBAL,S1D2,RNWGEOTZAXX,1,2047,276.8461269964216
GLOBAL,S1D3,RNWGEOTZAXX,1,2047,231.60657438353184
GLOBAL,S1D4,RNWGEOTZAXX,1,2047,276.846126996423
GLOBAL,S1D5,RNWGEOTZAXX,1,2047,276.8461269964216
GLOBAL,S2D6,RNWGEOTZAXX,1,2047,189.30209021779592
GLOBAL,S2D1,RNWGEOTZAXX,1,2047,231.51643651467612
GLOBAL,S2D2,RNWGEOTZAXX,1,2047,276.8461269964216
GLOBAL,S2D3,RNWGEOTZAXX,1,2047,231.51643651467612
GLOBAL,S2D4,RNWGEOTZAXX,1,2047,276.8461269964216
GLOBAL,S2D5,RNWGEOTZAXX,1,2047,276.8461269964216
GLOBAL,S3D6,RNWGEOTZAXX,1,2047,184.1540822444352
GLOBAL,S3D1,RNWGEOTZAXX,1,2047,231.947619048744
GLOBAL,S3D2,RNWGEOTZAXX,1,2047,276.8461269964216
GLOBAL,S3D3,RNWGEOTZAXX,1,2047,276.8461269964216
GLOBAL,S3D4,RNWGEOTZAXX,1,2047,276.8461269964216
GLOBAL,S3D5,RNWGEOTZAXX,1,2047,276.8461269964216
GLOBAL,S1D6,RNWGEOTZAXX,1,2048,192.42380931146283
GLOBAL,S1D1,RNWGEOTZAXX,1,2048,243.40556113628037
GLOBAL,S1D2,RNWGEOTZAXX,1,2048,291.04839842070294
GLOBAL,S1D3,RNWGEOTZAXX,1,2048,246.31891598211
GLOBAL,S1D4,RNWGEOTZAXX,1,2048,291.04839842070294
GLOBAL,S1D5,RNWGEOTZAXX,1,2048,291.048398420703
GLOBAL,S2D6,RNWGEOTZAXX,1,2048,198.36137233960793
GLOBAL,S2D1,RNWGEOTZAXX,1,2048,243.23351836521
GLOBAL,S2D2,RNWGEOTZAXX,1,2048,291.0483984207029
GLOBAL,S2D3,RNWGEOTZAXX,1,2048,243.23351836521
GLOBAL,S2D4,RNWGEOTZAXX,1,2048,291.0483984207029
GLOBAL,S2D5,RNWGEOTZAXX,1,2048,291.0483984207029
GLOBAL,S3D6,RNWGEOTZAXX,1,2048,193.6118919392287
GLOBAL,S3D1,RNWGEOTZAXX,1,2048,243.76988116723587
GLOBAL,S3D2,RNWGEOTZAXX,1,2048,291.0483984207029
GLOBAL,S3D3,RNWGEOTZAXX,1,2048,291.0483984207029
GLOBAL,S3D4,RNWGEOTZAXX,1,2048,291.04839842070294
GLOBAL,S3D5,RNWGEOTZAXX,1,2048,291.04839842070294
GLOBAL,S1D6,RNWGEOTZAXX,1,2049,201.8123772225334
GLOBAL,S1D1,RNWGEOTZAXX,1,2049,257.7384605305936
GLOBAL,S1D2,RNWGEOTZAXX,1,2049,305.23988603980274
GLOBAL,S1D3,RNWGEOTZAXX,1,2049,255.1955889013656
GLOBAL,S1D4,RNWGEOTZAXX,1,2049,305.23988603980274
GLOBAL,S1D5,RNWGEOTZAXX,1,2049,305.23988603980274
GLOBAL,S2D6,RNWGEOTZAXX,1,2049,202.08857523943436
GLOBAL,S2D1,RNWGEOTZAXX,1,2049,254.941703418593
GLOBAL,S2D2,RNWGEOTZAXX,1,2049,305.23988603980274
GLOBAL,S2D3,RNWGEOTZAXX,1,2049,254.94170341859075
GLOBAL,S2D4,RNWGEOTZAXX,1,2049,305.23988603980274
GLOBAL,S2D5,RNWGEOTZAXX,1,2049,305.23988603980274
GLOBAL,S3D6,RNWGEOTZAXX,1,2049,203.06252030547645
GLOBAL,S3D1,RNWGEOTZAXX,1,2049,262.6032315978456
GLOBAL,S3D2,RNWGEOTZAXX,1,2049,305.23988603980274
GLOBAL,S3D3,RNWGEOTZAXX,1,2049,305.23988603980274
GLOBAL,S3D4,RNWGEOTZAXX,1,2049,305.23988603980274
GLOBAL,S3D5,RNWGEOTZAXX,1,2049,305.23988603980274
GLOBAL,S1D6,RNWGEOTZAXX,1,2050,222.1909285731466
GLOBAL,S1D1,RNWGEOTZAXX,1,2050,266.994575654114
GLOBAL,S1D2,RNWGEOTZAXX,1,2050,319.44215746408395
GLOBAL,S1D3,RNWGEOTZAXX,1,2050,266.994575654114
GLOBAL,S1D4,RNWGEOTZAXX,1,2050,319.44215746408554
GLOBAL,S1D5,RNWGEOTZAXX,1,2050,319.44215746408395
GLOBAL,S2D6,RNWGEOTZAXX,1,2050,211.14785736124747
GLOBAL,S2D1,RNWGEOTZAXX,1,2050,266.65878526912456
GLOBAL,S2D2,RNWGEOTZAXX,1,2050,319.44215746408395
GLOBAL,S2D3,RNWGEOTZAXX,1,2050,266.65878526912456
GLOBAL,S2D4,RNWGEOTZAXX,1,2050,319.44215746408395
GLOBAL,S2D5,RNWGEOTZAXX,1,2050,319.44215746408395
GLOBAL,S3D6,RNWGEOTZAXX,1,2050,212.52033000027
GLOBAL,S3D1,RNWGEOTZAXX,1,2050,267.4054287435376
GLOBAL,S3D2,RNWGEOTZAXX,1,2050,319.44215746408395
GLOBAL,S3D3,RNWGEOTZAXX,1,2050,319.44215746408395
GLOBAL,S3D4,RNWGEOTZAXX,1,2050,319.44215746408395
GLOBAL,S3D5,RNWGEOTZAXX,1,2050,319.44215746408395
GLOBAL,S1D6,RNWHYDKENXX,1,2021,12.23632561824
GLOBAL,S1D1,RNWHYDKENXX,1,2021,10.84372657314088
GLOBAL,S1D2,RNWHYDKENXX,1,2021,12.23632561824
GLOBAL,S1D3,RNWHYDKENXX,1,2021,12.23632561824
GLOBAL,S1D4,RNWHYDKENXX,1,2021,12.23632561824
GLOBAL,S1D5,RNWHYDKENXX,1,2021,12.23632561824
GLOBAL,S2D1,RNWHYDKENXX,1,2021,10.61015853312
GLOBAL,S2D2,RNWHYDKENXX,1,2021,10.61015853312
GLOBAL,S2D3,RNWHYDKENXX,1,2021,10.61015853312
GLOBAL,S2D4,RNWHYDKENXX,1,2021,10.61015853312
GLOBAL,S2D5,RNWHYDKENXX,1,2021,10.61015853312
GLOBAL,S3D6,RNWHYDKENXX,1,2021,14.42867806368
GLOBAL,S3D1,RNWHYDKENXX,1,2021,4.8936841030562
GLOBAL,S3D2,RNWHYDKENXX,1,2021,14.42867806368
GLOBAL,S3D3,RNWHYDKENXX,1,2021,14.42867806368
GLOBAL,S3D4,RNWHYDKENXX,1,2021,14.42867806368
GLOBAL,S3D5,RNWHYDKENXX,1,2021,13.735556840821614
GLOBAL,S1D6,RNWHYDKENXX,1,2022,10.333965796739728
GLOBAL,S1D1,RNWHYDKENXX,1,2022,12.23632561824
GLOBAL,S1D2,RNWHYDKENXX,1,2022,12.23632561824
GLOBAL,S1D3,RNWHYDKENXX,1,2022,12.23632561824
GLOBAL,S1D4,RNWHYDKENXX,1,2022,12.23632561824
GLOBAL,S1D5,RNWHYDKENXX,1,2022,12.23632561824
GLOBAL,S2D1,RNWHYDKENXX,1,2022,10.61015853312
GLOBAL,S2D2,RNWHYDKENXX,1,2022,10.61015853312
GLOBAL,S2D3,RNWHYDKENXX,1,2022,10.61015853312
GLOBAL,S2D4,RNWHYDKENXX,1,2022,10.61015853312
GLOBAL,S2D5,RNWHYDKENXX,1,2022,10.61015853312
GLOBAL,S3D6,RNWHYDKENXX,1,2022,14.42867806368
GLOBAL,S3D1,RNWHYDKENXX,1,2022,4.702086947465004
GLOBAL,S3D2,RNWHYDKENXX,1,2022,14.42867806368
GLOBAL,S3D3,RNWHYDKENXX,1,2022,14.42867806368
GLOBAL,S3D4,RNWHYDKENXX,1,2022,14.42867806368
GLOBAL,S3D5,RNWHYDKENXX,1,2022,14.42867806368
GLOBAL,S1D6,RNWHYDKENXX,1,2023,12.23632561824
GLOBAL,S1D1,RNWHYDKENXX,1,2023,12.23632561824
GLOBAL,S1D2,RNWHYDKENXX,1,2023,12.23632561824
GLOBAL,S1D3,RNWHYDKENXX,1,2023,12.23632561824
GLOBAL,S1D4,RNWHYDKENXX,1,2023,12.23632561824
GLOBAL,S1D5,RNWHYDKENXX,1,2023,12.23632561824
GLOBAL,S2D6,RNWHYDKENXX,1,2023,0.8293174554131315
GLOBAL,S2D1,RNWHYDKENXX,1,2023,10.61015853312
GLOBAL,S2D2,RNWHYDKENXX,1,2023,10.61015853312
GLOBAL,S2D3,RNWHYDKENXX,1,2023,10.61015853312
GLOBAL,S2D4,RNWHYDKENXX,1,2023,10.61015853312
GLOBAL,S2D5,RNWHYDKENXX,1,2023,10.61015853312
GLOBAL,S3D6,RNWHYDKENXX,1,2023,14.42867806368
GLOBAL,S3D1,RNWHYDKENXX,1,2023,4.792423126959704
GLOBAL,S3D2,RNWHYDKENXX,1,2023,11.629958415380436
GLOBAL,S3D3,RNWHYDKENXX,1,2023,14.42867806368
GLOBAL,S3D4,RNWHYDKENXX,1,2023,14.42867806368
GLOBAL,S3D5,RNWHYDKENXX,1,2023,14.42867806368
GLOBAL,S1D6,RNWHYDKENXX,1,2024,5.706017529874508
GLOBAL,S1D1,RNWHYDKENXX,1,2024,12.23632561824
GLOBAL,S1D2,RNWHYDKENXX,1,2024,12.23632561824
GLOBAL,S1D3,RNWHYDKENXX,1,2024,12.23632561824
GLOBAL,S1D4,RNWHYDKENXX,1,2024,12.23632561824
GLOBAL,S1D5,RNWHYDKENXX,1,2024,12.23632561824
GLOBAL,S2D6,RNWHYDKENXX,1,2024,10.61015853312
GLOBAL,S2D1,RNWHYDKENXX,1,2024,10.61015853312
GLOBAL,S2D2,RNWHYDKENXX,1,2024,10.61015853312
GLOBAL,S2D3,RNWHYDKENXX,1,2024,10.61015853312
GLOBAL,S2D4,RNWHYDKENXX,1,2024,10.61015853312
GLOBAL,S2D5,RNWHYDKENXX,1,2024,10.61015853312
GLOBAL,S3D1,RNWHYDKENXX,1,2024,14.42867806368
GLOBAL,S3D2,RNWHYDKENXX,1,2024,12.978532613710003
GLOBAL,S3D3,RNWHYDKENXX,1,2024,14.42867806368
GLOBAL,S3D4,RNWHYDKENXX,1,2024,14.42867806368
GLOBAL,S3D5,RNWHYDKENXX,1,2024,14.42867806368
GLOBAL,S1D6,RNWHYDKENXX,1,2025,0.48225176982527856
GLOBAL,S1D1,RNWHYDKENXX,1,2025,12.201705244184089
GLOBAL,S1D2,RNWHYDKENXX,1,2025,12.23632561824
GLOBAL,S1D3,RNWHYDKENXX,1,2025,12.23632561824
GLOBAL,S1D4,RNWHYDKENXX,1,2025,12.23632561824
GLOBAL,S1D5,RNWHYDKENXX,1,2025,12.23632561824
GLOBAL,S2D1,RNWHYDKENXX,1,2025,10.61015853312
GLOBAL,S2D2,RNWHYDKENXX,1,2025,10.61015853312
GLOBAL,S2D3,RNWHYDKENXX,1,2025,10.61015853312
GLOBAL,S2D4,RNWHYDKENXX,1,2025,10.61015853312
GLOBAL,S2D5,RNWHYDKENXX,1,2025,10.61015853312
GLOBAL,S3D6,RNWHYDKENXX,1,2025,14.42867806368
GLOBAL,S3D1,RNWHYDKENXX,1,2025,14.42867806368
GLOBAL,S3D2,RNWHYDKENXX,1,2025,14.42867806368
GLOBAL,S3D3,RNWHYDKENXX,1,2025,14.42867806368
GLOBAL,S3D4,RNWHYDKENXX,1,2025,14.42867806368
GLOBAL,S3D5,RNWHYDKENXX,1,2025,14.42867806368
GLOBAL,S1D6,RNWHYDKENXX,1,2026,12.23632561824
GLOBAL,S1D1,RNWHYDKENXX,1,2026,12.23632561824
GLOBAL,S1D2,RNWHYDKENXX,1,2026,12.23632561824
GLOBAL,S1D3,RNWHYDKENXX,1,2026,12.23632561824
GLOBAL,S1D4,RNWHYDKENXX,1,2026,12.23632561824
GLOBAL,S1D5,RNWHYDKENXX,1,2026,12.23632561824
GLOBAL,S2D6,RNWHYDKENXX,1,2026,10.61015853312
GLOBAL,S2D1,RNWHYDKENXX,1,2026,5.978696555396714
GLOBAL,S2D2,RNWHYDKENXX,1,2026,3.92208699445082
GLOBAL,S2D3,RNWHYDKENXX,1,2026,10.61015853312
GLOBAL,S2D4,RNWHYDKENXX,1,2026,10.61015853312
GLOBAL,S2D5,RNWHYDKENXX,1,2026,10.61015853312
GLOBAL,S3D6,RNWHYDKENXX,1,2026,14.42867806368
GLOBAL,S3D1,RNWHYDKENXX,1,2026,6.514940916598617
GLOBAL,S3D2,RNWHYDKENXX,1,2026,14.42867806368
GLOBAL,S3D3,RNWHYDKENXX,1,2026,11.459945384343516
GLOBAL,S3D4,RNWHYDKENXX,1,2026,14.42867806368
GLOBAL,S3D5,RNWHYDKENXX,1,2026,14.42867806368
GLOBAL,S1D6,RNWHYDKENXX,1,2027,12.23632561824
GLOBAL,S1D1,RNWHYDKENXX,1,2027,12.23632561824
GLOBAL,S1D2,RNWHYDKENXX,1,2027,12.23632561824
GLOBAL,S1D3,RNWHYDKENXX,1,2027,12.23632561824
GLOBAL,S1D4,RNWHYDKENXX,1,2027,12.23632561824
GLOBAL,S1D5,RNWHYDKENXX,1,2027,12.23632561824
GLOBAL,S2D1,RNWHYDKENXX,1,2027,10.61015853312
GLOBAL,S2D2,RNWHYDKENXX,1,2027,10.61015853312
GLOBAL,S2D3,RNWHYDKENXX,1,2027,10.61015853312
GLOBAL,S2D4,RNWHYDKENXX,1,2027,10.61015853312
GLOBAL,S2D5,RNWHYDKENXX,1,2027,10.61015853312
GLOBAL,S3D6,RNWHYDKENXX,1,2027,14.42867806368
GLOBAL,S3D1,RNWHYDKENXX,1,2027,6.1635803090073935
GLOBAL,S3D2,RNWHYDKENXX,1,2027,11.095563190140943
GLOBAL,S3D3,RNWHYDKENXX,1,2027,14.42867806368
GLOBAL,S3D4,RNWHYDKENXX,1,2027,14.42867806368
GLOBAL,S3D5,RNWHYDKENXX,1,2027,14.42867806368
GLOBAL,S1D6,RNWHYDKENXX,1,2028,12.23632561824
GLOBAL,S1D1,RNWHYDKENXX,1,2028,6.858921593297856
GLOBAL,S1D2,RNWHYDKENXX,1,2028,12.23632561824
GLOBAL,S1D3,RNWHYDKENXX,1,2028,12.23632561824
GLOBAL,S1D4,RNWHYDKENXX,1,2028,12.23632561824
GLOBAL,S1D5,RNWHYDKENXX,1,2028,4.97058652346765
GLOBAL,S2D6,RNWHYDKENXX,1,2028,10.61015853312
GLOBAL,S2D1,RNWHYDKENXX,1,2028,10.61015853312
GLOBAL,S2D2,RNWHYDKENXX,1,2028,10.61015853312
GLOBAL,S2D3,RNWHYDKENXX,1,2028,10.61015853312
GLOBAL,S2D4,RNWHYDKENXX,1,2028,10.61015853312
GLOBAL,S2D5,RNWHYDKENXX,1,2028,10.61015853312
GLOBAL,S3D6,RNWHYDKENXX,1,2028,14.42867806368
GLOBAL,S3D1,RNWHYDKENXX,1,2028,5.7922197014161565
GLOBAL,S3D2,RNWHYDKENXX,1,2028,13.200376821053723
GLOBAL,S3D3,RNWHYDKENXX,1,2028,14.42867806368
GLOBAL,S3D4,RNWHYDKENXX,1,2028,14.42867806368
GLOBAL,S3D5,RNWHYDKENXX,1,2028,14.42867806368
GLOBAL,S1D6,RNWHYDKENXX,1,2029,12.23632561824
GLOBAL,S1D1,RNWHYDKENXX,1,2029,12.23632561824
GLOBAL,S1D2,RNWHYDKENXX,1,2029,12.23632561824
GLOBAL,S1D3,RNWHYDKENXX,1,2029,12.23632561824
GLOBAL,S1D4,RNWHYDKENXX,1,2029,12.23632561824
GLOBAL,S1D5,RNWHYDKENXX,1,2029,12.23632561824
GLOBAL,S2D6,RNWHYDKENXX,1,2029,10.61015853312
GLOBAL,S2D1,RNWHYDKENXX,1,2029,10.61015853312
GLOBAL,S2D2,RNWHYDKENXX,1,2029,2.8052833586403185
GLOBAL,S2D3,RNWHYDKENXX,1,2029,10.61015853312
GLOBAL,S2D4,RNWHYDKENXX,1,2029,10.61015853312
GLOBAL,S2D5,RNWHYDKENXX,1,2029,10.61015853312
GLOBAL,S3D1,RNWHYDKENXX,1,2029,14.42867806368
GLOBAL,S3D2,RNWHYDKENXX,1,2029,14.42867806368
GLOBAL,S3D3,RNWHYDKENXX,1,2029,14.42867806368
GLOBAL,S3D4,RNWHYDKENXX,1,2029,14.42867806368
GLOBAL,S3D5,RNWHYDKENXX,1,2029,14.42867806368
GLOBAL,S1D6,RNWHYDKENXX,1,2030,12.23632561824
GLOBAL,S1D1,RNWHYDKENXX,1,2030,12.23632561824
GLOBAL,S1D2,RNWHYDKENXX,1,2030,12.23632561824
GLOBAL,S1D3,RNWHYDKENXX,1,2030,12.23632561824
GLOBAL,S1D4,RNWHYDKENXX,1,2030,12.23632561824
GLOBAL,S1D5,RNWHYDKENXX,1,2030,12.23632561824
GLOBAL,S2D6,RNWHYDKENXX,1,2030,10.61015853312
GLOBAL,S2D1,RNWHYDKENXX,1,2030,2.8052833586403185
GLOBAL,S2D2,RNWHYDKENXX,1,2030,10.61015853312
GLOBAL,S2D3,RNWHYDKENXX,1,2030,10.61015853312
GLOBAL,S2D4,RNWHYDKENXX,1,2030,10.61015853312
GLOBAL,S2D5,RNWHYDKENXX,1,2030,10.61015853312
GLOBAL,S3D1,RNWHYDKENXX,1,2030,14.42867806368
GLOBAL,S3D2,RNWHYDKENXX,1,2030,14.42867806368
GLOBAL,S3D3,RNWHYDKENXX,1,2030,14.42867806368
GLOBAL,S3D4,RNWHYDKENXX,1,2030,14.42867806368
GLOBAL,S3D5,RNWHYDKENXX,1,2030,14.42867806368
GLOBAL,S1D6,RNWHYDKENXX,1,2031,12.23632561824
GLOBAL,S1D1,RNWHYDKENXX,1,2031,12.23632561824
GLOBAL,S1D2,RNWHYDKENXX,1,2031,12.23632561824
GLOBAL,S1D3,RNWHYDKENXX,1,2031,12.23632561824
GLOBAL,S1D4,RNWHYDKENXX,1,2031,12.23632561824
GLOBAL,S1D5,RNWHYDKENXX,1,2031,12.23632561824
GLOBAL,S2D1,RNWHYDKENXX,1,2031,10.61015853312
GLOBAL,S2D2,RNWHYDKENXX,1,2031,10.61015853312
GLOBAL,S2D3,RNWHYDKENXX,1,2031,10.61015853312
GLOBAL,S2D4,RNWHYDKENXX,1,2031,10.61015853312
GLOBAL,S2D5,RNWHYDKENXX,1,2031,10.61015853312
GLOBAL,S3D6,RNWHYDKENXX,1,2031,14.42867806368
GLOBAL,S3D1,RNWHYDKENXX,1,2031,2.8304654354683287
GLOBAL,S3D2,RNWHYDKENXX,1,2031,14.42867806368
GLOBAL,S3D3,RNWHYDKENXX,1,2031,14.42867806368
GLOBAL,S3D4,RNWHYDKENXX,1,2031,14.42867806368
GLOBAL,S3D5,RNWHYDKENXX,1,2031,14.42867806368
GLOBAL,S1D6,RNWHYDKENXX,1,2032,12.23632561824
GLOBAL,S1D1,RNWHYDKENXX,1,2032,12.23632561824
GLOBAL,S1D2,RNWHYDKENXX,1,2032,12.23632561824
GLOBAL,S1D3,RNWHYDKENXX,1,2032,12.23632561824
GLOBAL,S1D4,RNWHYDKENXX,1,2032,12.23632561824
GLOBAL,S1D5,RNWHYDKENXX,1,2032,12.23632561824
GLOBAL,S2D6,RNWHYDKENXX,1,2032,10.61015853312
GLOBAL,S2D1,RNWHYDKENXX,1,2032,10.61015853312
GLOBAL,S2D2,RNWHYDKENXX,1,2032,10.61015853312
GLOBAL,S2D3,RNWHYDKENXX,1,2032,2.8052833586403185
GLOBAL,S2D4,RNWHYDKENXX,1,2032,10.61015853312
GLOBAL,S2D5,RNWHYDKENXX,1,2032,10.61015853312
GLOBAL,S3D1,RNWHYDKENXX,1,2032,14.42867806368
GLOBAL,S3D2,RNWHYDKENXX,1,2032,14.42867806368
GLOBAL,S3D3,RNWHYDKENXX,1,2032,14.42867806368
GLOBAL,S3D4,RNWHYDKENXX,1,2032,14.42867806368
GLOBAL,S3D5,RNWHYDKENXX,1,2032,14.42867806368
GLOBAL,S1D6,RNWHYDKENXX,1,2033,12.23632561824
GLOBAL,S1D1,RNWHYDKENXX,1,2033,12.23632561824
GLOBAL,S1D2,RNWHYDKENXX,1,2033,12.23632561824
GLOBAL,S1D3,RNWHYDKENXX,1,2033,12.23632561824
GLOBAL,S1D4,RNWHYDKENXX,1,2033,12.23632561824
GLOBAL,S1D5,RNWHYDKENXX,1,2033,12.23632561824
GLOBAL,S2D6,RNWHYDKENXX,1,2033,10.61015853312
GLOBAL,S2D1,RNWHYDKENXX,1,2033,10.61015853312
GLOBAL,S2D2,RNWHYDKENXX,1,2033,10.61015853312
GLOBAL,S2D3,RNWHYDKENXX,1,2033,2.8052833586403185
GLOBAL,S2D4,RNWHYDKENXX,1,2033,10.61015853312
GLOBAL,S2D5,RNWHYDKENXX,1,2033,10.61015853312
GLOBAL,S3D1,RNWHYDKENXX,1,2033,14.42867806368
GLOBAL,S3D2,RNWHYDKENXX,1,2033,14.42867806368
GLOBAL,S3D3,RNWHYDKENXX,1,2033,14.42867806368
GLOBAL,S3D4,RNWHYDKENXX,1,2033,14.42867806368
GLOBAL,S3D5,RNWHYDKENXX,1,2033,14.42867806368
GLOBAL,S1D6,RNWHYDKENXX,1,2034,12.23632561824
GLOBAL,S1D1,RNWHYDKENXX,1,2034,12.23632561824
GLOBAL,S1D2,RNWHYDKENXX,1,2034,12.23632561824
GLOBAL,S1D3,RNWHYDKENXX,1,2034,4.23205582251448
GLOBAL,S1D4,RNWHYDKENXX,1,2034,12.23632561824
GLOBAL,S1D5,RNWHYDKENXX,1,2034,12.23632561824
GLOBAL,S2D6,RNWHYDKENXX,1,2034,10.61015853312
GLOBAL,S2D1,RNWHYDKENXX,1,2034,10.61015853312
GLOBAL,S2D2,RNWHYDKENXX,1,2034,10.61015853312
GLOBAL,S2D3,RNWHYDKENXX,1,2034,10.61015853312
GLOBAL,S2D4,RNWHYDKENXX,1,2034,10.61015853312
GLOBAL,S2D5,RNWHYDKENXX,1,2034,10.61015853312
GLOBAL,S3D1,RNWHYDKENXX,1,2034,14.42867806368
GLOBAL,S3D2,RNWHYDKENXX,1,2034,14.42867806368
GLOBAL,S3D3,RNWHYDKENXX,1,2034,14.42867806368
GLOBAL,S3D4,RNWHYDKENXX,1,2034,14.42867806368
GLOBAL,S3D5,RNWHYDKENXX,1,2034,14.42867806368
GLOBAL,S1D6,RNWHYDKENXX,1,2035,12.23632561824
GLOBAL,S1D1,RNWHYDKENXX,1,2035,12.23632561824
GLOBAL,S1D2,RNWHYDKENXX,1,2035,12.23632561824
GLOBAL,S1D3,RNWHYDKENXX,1,2035,12.23632561824
GLOBAL,S1D4,RNWHYDKENXX,1,2035,12.23632561824
GLOBAL,S1D5,RNWHYDKENXX,1,2035,12.23632561824
GLOBAL,S2D6,RNWHYDKENXX,1,2035,10.61015853312
GLOBAL,S2D2,RNWHYDKENXX,1,2035,10.61015853312
GLOBAL,S2D3,RNWHYDKENXX,1,2035,10.61015853312
GLOBAL,S2D4,RNWHYDKENXX,1,2035,10.61015853312
GLOBAL,S2D5,RNWHYDKENXX,1,2035,10.61015853312
GLOBAL,S3D6,RNWHYDKENXX,1,2035,14.42867806368
GLOBAL,S3D1,RNWHYDKENXX,1,2035,14.42867806368
GLOBAL,S3D2,RNWHYDKENXX,1,2035,14.42867806368
GLOBAL,S3D3,RNWHYDKENXX,1,2035,2.8304654354683287
GLOBAL,S3D4,RNWHYDKENXX,1,2035,14.42867806368
GLOBAL,S3D5,RNWHYDKENXX,1,2035,14.42867806368
GLOBAL,S1D6,RNWHYDKENXX,1,2036,12.23632561824
GLOBAL,S1D1,RNWHYDKENXX,1,2036,12.23632561824
GLOBAL,S1D2,RNWHYDKENXX,1,2036,12.23632561824
GLOBAL,S1D3,RNWHYDKENXX,1,2036,12.23632561824
GLOBAL,S1D4,RNWHYDKENXX,1,2036,12.23632561824
GLOBAL,S1D5,RNWHYDKENXX,1,2036,12.23632561824
GLOBAL,S2D6,RNWHYDKENXX,1,2036,10.61015853312
GLOBAL,S2D1,RNWHYDKENXX,1,2036,10.61015853312
GLOBAL,S2D2,RNWHYDKENXX,1,2036,10.61015853312
GLOBAL,S2D3,RNWHYDKENXX,1,2036,2.8052833586403185
GLOBAL,S2D4,RNWHYDKENXX,1,2036,10.61015853312
GLOBAL,S2D5,RNWHYDKENXX,1,2036,10.61015853312
GLOBAL,S3D1,RNWHYDKENXX,1,2036,14.42867806368
GLOBAL,S3D2,RNWHYDKENXX,1,2036,14.42867806368
GLOBAL,S3D3,RNWHYDKENXX,1,2036,14.42867806368
GLOBAL,S3D4,RNWHYDKENXX,1,2036,14.42867806368
GLOBAL,S3D5,RNWHYDKENXX,1,2036,14.42867806368
GLOBAL,S1D6,RNWHYDKENXX,1,2037,12.23632561824
GLOBAL,S1D1,RNWHYDKENXX,1,2037,12.23632561824
GLOBAL,S1D2,RNWHYDKENXX,1,2037,12.23632561824
GLOBAL,S1D3,RNWHYDKENXX,1,2037,12.23632561824
GLOBAL,S1D4,RNWHYDKENXX,1,2037,12.23632561824
GLOBAL,S1D5,RNWHYDKENXX,1,2037,12.23632561824
GLOBAL,S2D6,RNWHYDKENXX,1,2037,10.61015853312
GLOBAL,S2D1,RNWHYDKENXX,1,2037,10.61015853312
GLOBAL,S2D2,RNWHYDKENXX,1,2037,10.61015853312
GLOBAL,S2D3,RNWHYDKENXX,1,2037,2.8052833586403185
GLOBAL,S2D4,RNWHYDKENXX,1,2037,10.61015853312
GLOBAL,S2D5,RNWHYDKENXX,1,2037,10.61015853312
GLOBAL,S3D1,RNWHYDKENXX,1,2037,14.42867806368
GLOBAL,S3D2,RNWHYDKENXX,1,2037,14.42867806368
GLOBAL,S3D3,RNWHYDKENXX,1,2037,14.42867806368
GLOBAL,S3D4,RNWHYDKENXX,1,2037,14.42867806368
GLOBAL,S3D5,RNWHYDKENXX,1,2037,14.42867806368
GLOBAL,S1D6,RNWHYDKENXX,1,2038,12.23632561824
GLOBAL,S1D1,RNWHYDKENXX,1,2038,12.23632561824
GLOBAL,S1D2,RNWHYDKENXX,1,2038,12.23632561824
GLOBAL,S1D3,RNWHYDKENXX,1,2038,12.23632561824
GLOBAL,S1D4,RNWHYDKENXX,1,2038,12.23632561824
GLOBAL,S1D5,RNWHYDKENXX,1,2038,12.23632561824
GLOBAL,S2D6,RNWHYDKENXX,1,2038,10.61015853312
GLOBAL,S2D1,RNWHYDKENXX,1,2038,10.61015853312
GLOBAL,S2D3,RNWHYDKENXX,1,2038,10.61015853312
GLOBAL,S2D4,RNWHYDKENXX,1,2038,10.61015853312
GLOBAL,S2D5,RNWHYDKENXX,1,2038,10.61015853312
GLOBAL,S3D6,RNWHYDKENXX,1,2038,14.42867806368
GLOBAL,S3D1,RNWHYDKENXX,1,2038,14.42867806368
GLOBAL,S3D2,RNWHYDKENXX,1,2038,14.42867806368
GLOBAL,S3D3,RNWHYDKENXX,1,2038,2.8304654354683287
GLOBAL,S3D4,RNWHYDKENXX,1,2038,14.42867806368
GLOBAL,S3D5,RNWHYDKENXX,1,2038,14.42867806368
GLOBAL,S1D6,RNWHYDKENXX,1,2039,12.23632561824
GLOBAL,S1D1,RNWHYDKENXX,1,2039,12.23632561824
GLOBAL,S1D2,RNWHYDKENXX,1,2039,12.23632561824
GLOBAL,S1D3,RNWHYDKENXX,1,2039,12.23632561824
GLOBAL,S1D4,RNWHYDKENXX,1,2039,12.23632561824
GLOBAL,S1D5,RNWHYDKENXX,1,2039,12.23632561824
GLOBAL,S2D6,RNWHYDKENXX,1,2039,10.61015853312
GLOBAL,S2D1,RNWHYDKENXX,1,2039,10.61015853312
GLOBAL,S2D2,RNWHYDKENXX,1,2039,2.8052833586403185
GLOBAL,S2D3,RNWHYDKENXX,1,2039,10.61015853312
GLOBAL,S2D4,RNWHYDKENXX,1,2039,10.61015853312
GLOBAL,S2D5,RNWHYDKENXX,1,2039,10.61015853312
GLOBAL,S3D6,RNWHYDKENXX,1,2039,14.42867806368
GLOBAL,S3D2,RNWHYDKENXX,1,2039,14.42867806368
GLOBAL,S3D3,RNWHYDKENXX,1,2039,14.42867806368
GLOBAL,S3D4,RNWHYDKENXX,1,2039,14.42867806368
GLOBAL,S3D5,RNWHYDKENXX,1,2039,14.42867806368
GLOBAL,S1D6,RNWHYDKENXX,1,2040,12.23632561824
GLOBAL,S1D1,RNWHYDKENXX,1,2040,12.23632561824
GLOBAL,S1D2,RNWHYDKENXX,1,2040,12.23632561824
GLOBAL,S1D3,RNWHYDKENXX,1,2040,11.328852373166162
GLOBAL,S1D4,RNWHYDKENXX,1,2040,12.23632561824
GLOBAL,S1D5,RNWHYDKENXX,1,2040,12.23632561824
GLOBAL,S2D1,RNWHYDKENXX,1,2040,10.61015853312
GLOBAL,S2D2,RNWHYDKENXX,1,2040,10.61015853312
GLOBAL,S2D4,RNWHYDKENXX,1,2040,10.61015853312
GLOBAL,S2D5,RNWHYDKENXX,1,2040,10.61015853312
GLOBAL,S3D6,RNWHYDKENXX,1,2040,14.42867806368
GLOBAL,S3D1,RNWHYDKENXX,1,2040,14.42867806368
GLOBAL,S3D2,RNWHYDKENXX,1,2040,14.42867806368
GLOBAL,S3D3,RNWHYDKENXX,1,2040,14.42867806368
GLOBAL,S3D4,RNWHYDKENXX,1,2040,14.42867806368
GLOBAL,S3D5,RNWHYDKENXX,1,2040,14.42867806368
GLOBAL,S1D6,RNWHYDKENXX,1,2041,12.23632561824
GLOBAL,S1D1,RNWHYDKENXX,1,2041,12.23632561824
GLOBAL,S1D2,RNWHYDKENXX,1,2041,12.23632561824
GLOBAL,S1D3,RNWHYDKENXX,1,2041,11.328852373166162
GLOBAL,S1D4,RNWHYDKENXX,1,2041,12.23632561824
GLOBAL,S1D5,RNWHYDKENXX,1,2041,12.23632561824
GLOBAL,S2D1,RNWHYDKENXX,1,2041,10.61015853312
GLOBAL,S2D2,RNWHYDKENXX,1,2041,10.61015853312
GLOBAL,S2D4,RNWHYDKENXX,1,2041,10.61015853312
GLOBAL,S2D5,RNWHYDKENXX,1,2041,10.61015853312
GLOBAL,S3D6,RNWHYDKENXX,1,2041,14.42867806368
GLOBAL,S3D1,RNWHYDKENXX,1,2041,14.42867806368
GLOBAL,S3D2,RNWHYDKENXX,1,2041,14.42867806368
GLOBAL,S3D3,RNWHYDKENXX,1,2041,14.42867806368
GLOBAL,S3D4,RNWHYDKENXX,1,2041,14.42867806368
GLOBAL,S3D5,RNWHYDKENXX,1,2041,14.42867806368
GLOBAL,S1D6,RNWHYDKENXX,1,2042,12.23632561824
GLOBAL,S1D1,RNWHYDKENXX,1,2042,12.23632561824
GLOBAL,S1D2,RNWHYDKENXX,1,2042,12.23632561824
GLOBAL,S1D3,RNWHYDKENXX,1,2042,12.23632561824
GLOBAL,S1D4,RNWHYDKENXX,1,2042,12.23632561824
GLOBAL,S1D5,RNWHYDKENXX,1,2042,12.23632561824
GLOBAL,S2D6,RNWHYDKENXX,1,2042,10.61015853312
GLOBAL,S2D1,RNWHYDKENXX,1,2042,10.61015853312
GLOBAL,S2D2,RNWHYDKENXX,1,2042,10.61015853312
GLOBAL,S2D3,RNWHYDKENXX,1,2042,2.8052833586403185
GLOBAL,S2D4,RNWHYDKENXX,1,2042,10.61015853312
GLOBAL,S2D5,RNWHYDKENXX,1,2042,10.61015853312
GLOBAL,S3D6,RNWHYDKENXX,1,2042,14.42867806368
GLOBAL,S3D2,RNWHYDKENXX,1,2042,14.42867806368
GLOBAL,S3D3,RNWHYDKENXX,1,2042,14.42867806368
GLOBAL,S3D4,RNWHYDKENXX,1,2042,14.42867806368
GLOBAL,S3D5,RNWHYDKENXX,1,2042,14.42867806368
GLOBAL,S1D6,RNWHYDKENXX,1,2043,12.23632561824
GLOBAL,S1D1,RNWHYDKENXX,1,2043,12.23632561824
GLOBAL,S1D2,RNWHYDKENXX,1,2043,12.23632561824
GLOBAL,S1D3,RNWHYDKENXX,1,2043,12.23632561824
GLOBAL,S1D4,RNWHYDKENXX,1,2043,12.23632561824
GLOBAL,S1D5,RNWHYDKENXX,1,2043,12.23632561824
GLOBAL,S2D6,RNWHYDKENXX,1,2043,10.61015853312
GLOBAL,S2D1,RNWHYDKENXX,1,2043,10.61015853312
GLOBAL,S2D2,RNWHYDKENXX,1,2043,10.61015853312
GLOBAL,S2D3,RNWHYDKENXX,1,2043,10.61015853312
GLOBAL,S2D4,RNWHYDKENXX,1,2043,10.61015853312
GLOBAL,S2D5,RNWHYDKENXX,1,2043,10.61015853312
GLOBAL,S3D6,RNWHYDKENXX,1,2043,14.42867806368
GLOBAL,S3D1,RNWHYDKENXX,1,2043,14.42867806368
GLOBAL,S3D2,RNWHYDKENXX,1,2043,6.553741173091889
GLOBAL,S3D4,RNWHYDKENXX,1,2043,14.42867806368
GLOBAL,S3D5,RNWHYDKENXX,1,2043,14.42867806368
GLOBAL,S1D6,RNWHYDKENXX,1,2044,12.23632561824
GLOBAL,S1D1,RNWHYDKENXX,1,2044,12.23632561824
GLOBAL,S1D2,RNWHYDKENXX,1,2044,12.23632561824
GLOBAL,S1D3,RNWHYDKENXX,1,2044,12.23632561824
GLOBAL,S1D4,RNWHYDKENXX,1,2044,12.23632561824
GLOBAL,S1D5,RNWHYDKENXX,1,2044,12.23632561824
GLOBAL,S2D6,RNWHYDKENXX,1,2044,10.61015853312
GLOBAL,S2D1,RNWHYDKENXX,1,2044,10.61015853312
GLOBAL,S2D2,RNWHYDKENXX,1,2044,10.61015853312
GLOBAL,S2D3,RNWHYDKENXX,1,2044,2.8052833586403185
GLOBAL,S2D4,RNWHYDKENXX,1,2044,10.61015853312
GLOBAL,S2D5,RNWHYDKENXX,1,2044,10.61015853312
GLOBAL,S3D6,RNWHYDKENXX,1,2044,14.42867806368
GLOBAL,S3D1,RNWHYDKENXX,1,2044,14.42867806368
GLOBAL,S3D2,RNWHYDKENXX,1,2044,14.42867806368
GLOBAL,S3D4,RNWHYDKENXX,1,2044,14.42867806368
GLOBAL,S3D5,RNWHYDKENXX,1,2044,14.42867806368
GLOBAL,S1D6,RNWHYDKENXX,1,2045,12.23632561824
GLOBAL,S1D2,RNWHYDKENXX,1,2045,12.23632561824
GLOBAL,S1D3,RNWHYDKENXX,1,2045,12.23632561824
GLOBAL,S1D4,RNWHYDKENXX,1,2045,12.23632561824
GLOBAL,S1D5,RNWHYDKENXX,1,2045,12.23632561824
GLOBAL,S2D6,RNWHYDKENXX,1,2045,10.61015853312
GLOBAL,S2D1,RNWHYDKENXX,1,2045,10.61015853312
GLOBAL,S2D2,RNWHYDKENXX,1,2045,10.61015853312
GLOBAL,S2D3,RNWHYDKENXX,1,2045,10.61015853312
GLOBAL,S2D4,RNWHYDKENXX,1,2045,10.61015853312
GLOBAL,S2D5,RNWHYDKENXX,1,2045,0.4364804357324083
GLOBAL,S3D6,RNWHYDKENXX,1,2045,14.42867806368
GLOBAL,S3D1,RNWHYDKENXX,1,2045,14.42867806368
GLOBAL,S3D2,RNWHYDKENXX,1,2045,14.42867806368
GLOBAL,S3D3,RNWHYDKENXX,1,2045,14.42867806368
GLOBAL,S3D4,RNWHYDKENXX,1,2045,14.42867806368
GLOBAL,S3D5,RNWHYDKENXX,1,2045,14.42867806368
GLOBAL,S1D6,RNWHYDKENXX,1,2046,12.23632561824
GLOBAL,S1D1,RNWHYDKENXX,1,2046,12.23632561824
GLOBAL,S1D2,RNWHYDKENXX,1,2046,11.328852373166162
GLOBAL,S1D3,RNWHYDKENXX,1,2046,12.23632561824
GLOBAL,S1D4,RNWHYDKENXX,1,2046,12.23632561824
GLOBAL,S1D5,RNWHYDKENXX,1,2046,12.23632561824
GLOBAL,S2D1,RNWHYDKENXX,1,2046,10.61015853312
GLOBAL,S2D2,RNWHYDKENXX,1,2046,10.61015853312
GLOBAL,S2D3,RNWHYDKENXX,1,2046,10.61015853312
GLOBAL,S2D4,RNWHYDKENXX,1,2046,10.61015853312
GLOBAL,S3D6,RNWHYDKENXX,1,2046,14.42867806368
GLOBAL,S3D1,RNWHYDKENXX,1,2046,14.42867806368
GLOBAL,S3D2,RNWHYDKENXX,1,2046,14.42867806368
GLOBAL,S3D3,RNWHYDKENXX,1,2046,14.42867806368
GLOBAL,S3D4,RNWHYDKENXX,1,2046,14.42867806368
GLOBAL,S3D5,RNWHYDKENXX,1,2046,14.42867806368
GLOBAL,S1D6,RNWHYDKENXX,1,2047,11.328852373166162
GLOBAL,S1D1,RNWHYDKENXX,1,2047,12.23632561824
GLOBAL,S1D2,RNWHYDKENXX,1,2047,12.23632561824
GLOBAL,S1D3,RNWHYDKENXX,1,2047,12.23632561824
GLOBAL,S1D4,RNWHYDKENXX,1,2047,12.23632561824
GLOBAL,S1D5,RNWHYDKENXX,1,2047,12.23632561824
GLOBAL,S2D1,RNWHYDKENXX,1,2047,10.61015853312
GLOBAL,S2D2,RNWHYDKENXX,1,2047,10.61015853312
GLOBAL,S2D3,RNWHYDKENXX,1,2047,10.61015853312
GLOBAL,S2D4,RNWHYDKENXX,1,2047,10.61015853312
GLOBAL,S3D6,RNWHYDKENXX,1,2047,14.42867806368
GLOBAL,S3D1,RNWHYDKENXX,1,2047,14.42867806368
GLOBAL,S3D2,RNWHYDKENXX,1,2047,14.42867806368
GLOBAL,S3D3,RNWHYDKENXX,1,2047,14.42867806368
GLOBAL,S3D4,RNWHYDKENXX,1,2047,14.42867806368
GLOBAL,S3D5,RNWHYDKENXX,1,2047,14.42867806368
GLOBAL,S1D6,RNWHYDKENXX,1,2048,11.328852373166162
GLOBAL,S1D1,RNWHYDKENXX,1,2048,12.23632561824
GLOBAL,S1D2,RNWHYDKENXX,1,2048,12.23632561824
GLOBAL,S1D3,RNWHYDKENXX,1,2048,12.23632561824
GLOBAL,S1D4,RNWHYDKENXX,1,2048,12.23632561824
GLOBAL,S1D5,RNWHYDKENXX,1,2048,12.23632561824
GLOBAL,S2D1,RNWHYDKENXX,1,2048,10.61015853312
GLOBAL,S2D2,RNWHYDKENXX,1,2048,10.61015853312
GLOBAL,S2D3,RNWHYDKENXX,1,2048,10.61015853312
GLOBAL,S2D4,RNWHYDKENXX,1,2048,10.61015853312
GLOBAL,S3D6,RNWHYDKENXX,1,2048,14.42867806368
GLOBAL,S3D1,RNWHYDKENXX,1,2048,14.42867806368
GLOBAL,S3D2,RNWHYDKENXX,1,2048,14.42867806368
GLOBAL,S3D3,RNWHYDKENXX,1,2048,14.42867806368
GLOBAL,S3D4,RNWHYDKENXX,1,2048,14.42867806368
GLOBAL,S3D5,RNWHYDKENXX,1,2048,14.42867806368
GLOBAL,S1D6,RNWHYDKENXX,1,2049,11.328852373166162
GLOBAL,S1D1,RNWHYDKENXX,1,2049,12.23632561824
GLOBAL,S1D2,RNWHYDKENXX,1,2049,12.23632561824
GLOBAL,S1D3,RNWHYDKENXX,1,2049,12.23632561824
GLOBAL,S1D4,RNWHYDKENXX,1,2049,12.23632561824
GLOBAL,S1D5,RNWHYDKENXX,1,2049,12.23632561824
GLOBAL,S2D1,RNWHYDKENXX,1,2049,10.61015853312
GLOBAL,S2D2,RNWHYDKENXX,1,2049,10.61015853312
GLOBAL,S2D3,RNWHYDKENXX,1,2049,10.61015853312
GLOBAL,S2D4,RNWHYDKENXX,1,2049,10.61015853312
GLOBAL,S3D6,RNWHYDKENXX,1,2049,14.42867806368
GLOBAL,S3D1,RNWHYDKENXX,1,2049,14.42867806368
GLOBAL,S3D2,RNWHYDKENXX,1,2049,14.42867806368
GLOBAL,S3D3,RNWHYDKENXX,1,2049,14.42867806368
GLOBAL,S3D4,RNWHYDKENXX,1,2049,14.42867806368
GLOBAL,S3D5,RNWHYDKENXX,1,2049,14.42867806368
GLOBAL,S1D6,RNWHYDKENXX,1,2050,11.328852373166162
GLOBAL,S1D1,RNWHYDKENXX,1,2050,12.23632561824
GLOBAL,S1D2,RNWHYDKENXX,1,2050,12.23632561824
GLOBAL,S1D3,RNWHYDKENXX,1,2050,12.23632561824
GLOBAL,S1D4,RNWHYDKENXX,1,2050,12.23632561824
GLOBAL,S1D5,RNWHYDKENXX,1,2050,12.23632561824
GLOBAL,S2D1,RNWHYDKENXX,1,2050,10.61015853312
GLOBAL,S2D2,RNWHYDKENXX,1,2050,10.61015853312
GLOBAL,S2D3,RNWHYDKENXX,1,2050,10.61015853312
GLOBAL,S2D4,RNWHYDKENXX,1,2050,10.61015853312
GLOBAL,S3D6,RNWHYDKENXX,1,2050,14.42867806368
GLOBAL,S3D1,RNWHYDKENXX,1,2050,14.42867806368
GLOBAL,S3D2,RNWHYDKENXX,1,2050,14.42867806368
GLOBAL,S3D3,RNWHYDKENXX,1,2050,14.42867806368
GLOBAL,S3D4,RNWHYDKENXX,1,2050,14.42867806368
GLOBAL,S3D5,RNWHYDKENXX,1,2050,14.42867806368
GLOBAL,S1D6,RNWHYDTZAXX,1,2021,10.107431219477949
GLOBAL,S1D1,RNWHYDTZAXX,1,2021,10.107431219477949
GLOBAL,S1D2,RNWHYDTZAXX,1,2021,10.107431219477949
GLOBAL,S1D3,RNWHYDTZAXX,1,2021,10.107431219477949
GLOBAL,S1D4,RNWHYDTZAXX,1,2021,10.107431219477949
GLOBAL,S1D5,RNWHYDTZAXX,1,2021,10.107431219477949
GLOBAL,S2D6,RNWHYDTZAXX,1,2021,5.325200496
GLOBAL,S2D1,RNWHYDTZAXX,1,2021,5.325200496
GLOBAL,S2D2,RNWHYDTZAXX,1,2021,5.325200496
GLOBAL,S2D3,RNWHYDTZAXX,1,2021,5.325200496
GLOBAL,S2D4,RNWHYDTZAXX,1,2021,5.325200496
GLOBAL,S2D5,RNWHYDTZAXX,1,2021,5.325200496
GLOBAL,S3D6,RNWHYDTZAXX,1,2021,7.0200649728
GLOBAL,S3D1,RNWHYDTZAXX,1,2021,7.0200649728
GLOBAL,S3D2,RNWHYDTZAXX,1,2021,7.0200649728
GLOBAL,S3D3,RNWHYDTZAXX,1,2021,7.0200649728
GLOBAL,S3D4,RNWHYDTZAXX,1,2021,7.0200649728
GLOBAL,S3D5,RNWHYDTZAXX,1,2021,7.0200649728
GLOBAL,S1D6,RNWHYDTZAXX,1,2022,10.107431219477949
GLOBAL,S1D1,RNWHYDTZAXX,1,2022,10.107431219477949
GLOBAL,S1D2,RNWHYDTZAXX,1,2022,10.107431219477949
GLOBAL,S1D3,RNWHYDTZAXX,1,2022,10.107431219477949
GLOBAL,S1D4,RNWHYDTZAXX,1,2022,10.107431219477949
GLOBAL,S1D5,RNWHYDTZAXX,1,2022,10.107431219477949
GLOBAL,S2D6,RNWHYDTZAXX,1,2022,5.325200496
GLOBAL,S2D1,RNWHYDTZAXX,1,2022,5.325200496
GLOBAL,S2D2,RNWHYDTZAXX,1,2022,5.325200496
GLOBAL,S2D3,RNWHYDTZAXX,1,2022,5.325200496
GLOBAL,S2D4,RNWHYDTZAXX,1,2022,5.325200496
GLOBAL,S2D5,RNWHYDTZAXX,1,2022,5.325200496
GLOBAL,S3D6,RNWHYDTZAXX,1,2022,7.0200649728
GLOBAL,S3D1,RNWHYDTZAXX,1,2022,7.0200649728
GLOBAL,S3D2,RNWHYDTZAXX,1,2022,7.0200649728
GLOBAL,S3D3,RNWHYDTZAXX,1,2022,7.0200649728
GLOBAL,S3D4,RNWHYDTZAXX,1,2022,7.0200649728
GLOBAL,S3D5,RNWHYDTZAXX,1,2022,7.0200649728
GLOBAL,S1D6,RNWHYDTZAXX,1,2023,10.107431219477949
GLOBAL,S1D1,RNWHYDTZAXX,1,2023,10.107431219477949
GLOBAL,S1D2,RNWHYDTZAXX,1,2023,10.107431219477949
GLOBAL,S1D3,RNWHYDTZAXX,1,2023,10.107431219477949
GLOBAL,S1D4,RNWHYDTZAXX,1,2023,10.107431219477949
GLOBAL,S1D5,RNWHYDTZAXX,1,2023,10.107431219477949
GLOBAL,S2D6,RNWHYDTZAXX,1,2023,5.325200496
GLOBAL,S2D1,RNWHYDTZAXX,1,2023,5.325200496
GLOBAL,S2D2,RNWHYDTZAXX,1,2023,5.325200496
GLOBAL,S2D3,RNWHYDTZAXX,1,2023,5.325200496
GLOBAL,S2D4,RNWHYDTZAXX,1,2023,5.325200496
GLOBAL,S2D5,RNWHYDTZAXX,1,2023,5.325200496
GLOBAL,S3D6,RNWHYDTZAXX,1,2023,7.0200649728
GLOBAL,S3D1,RNWHYDTZAXX,1,2023,7.0200649728
GLOBAL,S3D2,RNWHYDTZAXX,1,2023,7.0200649728
GLOBAL,S3D3,RNWHYDTZAXX,1,2023,7.0200649728
GLOBAL,S3D4,RNWHYDTZAXX,1,2023,7.0200649728
GLOBAL,S3D5,RNWHYDTZAXX,1,2023,7.0200649728
GLOBAL,S1D6,RNWHYDTZAXX,1,2024,10.107431219477949
GLOBAL,S1D1,RNWHYDTZAXX,1,2024,10.107431219477949
GLOBAL,S1D2,RNWHYDTZAXX,1,2024,10.107431219477949
GLOBAL,S1D3,RNWHYDTZAXX,1,2024,10.107431219477949
GLOBAL,S1D4,RNWHYDTZAXX,1,2024,10.107431219477949
GLOBAL,S1D5,RNWHYDTZAXX,1,2024,10.107431219477949
GLOBAL,S2D6,RNWHYDTZAXX,1,2024,5.325200496
GLOBAL,S2D1,RNWHYDTZAXX,1,2024,5.325200496
GLOBAL,S2D2,RNWHYDTZAXX,1,2024,5.325200496
GLOBAL,S2D3,RNWHYDTZAXX,1,2024,5.325200496
GLOBAL,S2D4,RNWHYDTZAXX,1,2024,5.325200496
GLOBAL,S2D5,RNWHYDTZAXX,1,2024,5.325200496
GLOBAL,S3D6,RNWHYDTZAXX,1,2024,7.0200649728
GLOBAL,S3D1,RNWHYDTZAXX,1,2024,7.0200649728
GLOBAL,S3D2,RNWHYDTZAXX,1,2024,7.0200649728
GLOBAL,S3D3,RNWHYDTZAXX,1,2024,7.0200649728
GLOBAL,S3D4,RNWHYDTZAXX,1,2024,7.0200649728
GLOBAL,S3D5,RNWHYDTZAXX,1,2024,7.0200649728
GLOBAL,S1D6,RNWHYDTZAXX,1,2025,10.107431219477949
GLOBAL,S1D1,RNWHYDTZAXX,1,2025,10.107431219477949
GLOBAL,S1D2,RNWHYDTZAXX,1,2025,10.107431219477949
GLOBAL,S1D3,RNWHYDTZAXX,1,2025,10.107431219477949
GLOBAL,S1D4,RNWHYDTZAXX,1,2025,10.107431219477949
GLOBAL,S1D5,RNWHYDTZAXX,1,2025,10.107431219477949
GLOBAL,S2D6,RNWHYDTZAXX,1,2025,5.325200496
GLOBAL,S2D1,RNWHYDTZAXX,1,2025,5.325200496
GLOBAL,S2D2,RNWHYDTZAXX,1,2025,5.325200496
GLOBAL,S2D3,RNWHYDTZAXX,1,2025,5.325200496
GLOBAL,S2D4,RNWHYDTZAXX,1,2025,5.325200496
GLOBAL,S2D5,RNWHYDTZAXX,1,2025,5.325200496
GLOBAL,S3D6,RNWHYDTZAXX,1,2025,7.0200649728
GLOBAL,S3D1,RNWHYDTZAXX,1,2025,7.0200649728
GLOBAL,S3D2,RNWHYDTZAXX,1,2025,7.0200649728
GLOBAL,S3D3,RNWHYDTZAXX,1,2025,7.0200649728
GLOBAL,S3D4,RNWHYDTZAXX,1,2025,7.0200649728
GLOBAL,S3D5,RNWHYDTZAXX,1,2025,7.0200649728
GLOBAL,S1D6,RNWHYDTZAXX,1,2026,10.107431219477949
GLOBAL,S1D1,RNWHYDTZAXX,1,2026,10.107431219477949
GLOBAL,S1D2,RNWHYDTZAXX,1,2026,10.107431219477949
GLOBAL,S1D3,RNWHYDTZAXX,1,2026,10.107431219477949
GLOBAL,S1D4,RNWHYDTZAXX,1,2026,10.107431219477949
GLOBAL,S1D5,RNWHYDTZAXX,1,2026,10.107431219477949
GLOBAL,S2D6,RNWHYDTZAXX,1,2026,5.325200496
GLOBAL,S2D1,RNWHYDTZAXX,1,2026,5.325200496
GLOBAL,S2D2,RNWHYDTZAXX,1,2026,5.325200496
GLOBAL,S2D3,RNWHYDTZAXX,1,2026,5.325200496
GLOBAL,S2D4,RNWHYDTZAXX,1,2026,5.325200496
GLOBAL,S2D5,RNWHYDTZAXX,1,2026,5.325200496
GLOBAL,S3D6,RNWHYDTZAXX,1,2026,7.0200649728
GLOBAL,S3D1,RNWHYDTZAXX,1,2026,7.0200649728
GLOBAL,S3D2,RNWHYDTZAXX,1,2026,7.0200649728
GLOBAL,S3D3,RNWHYDTZAXX,1,2026,7.0200649728
GLOBAL,S3D4,RNWHYDTZAXX,1,2026,7.0200649728
GLOBAL,S3D5,RNWHYDTZAXX,1,2026,7.0200649728
GLOBAL,S1D6,RNWHYDTZAXX,1,2027,10.107431219477949
GLOBAL,S1D1,RNWHYDTZAXX,1,2027,10.107431219477949
GLOBAL,S1D2,RNWHYDTZAXX,1,2027,10.107431219477949
GLOBAL,S1D3,RNWHYDTZAXX,1,2027,10.107431219477949
GLOBAL,S1D4,RNWHYDTZAXX,1,2027,10.107431219477949
GLOBAL,S1D5,RNWHYDTZAXX,1,2027,10.107431219477949
GLOBAL,S2D6,RNWHYDTZAXX,1,2027,5.325200496
GLOBAL,S2D1,RNWHYDTZAXX,1,2027,5.325200496
GLOBAL,S2D2,RNWHYDTZAXX,1,2027,5.325200496
GLOBAL,S2D3,RNWHYDTZAXX,1,2027,5.325200496
GLOBAL,S2D4,RNWHYDTZAXX,1,2027,5.325200496
GLOBAL,S2D5,RNWHYDTZAXX,1,2027,5.325200496
GLOBAL,S3D6,RNWHYDTZAXX,1,2027,7.0200649728
GLOBAL,S3D1,RNWHYDTZAXX,1,2027,7.0200649728
GLOBAL,S3D2,RNWHYDTZAXX,1,2027,7.0200649728
GLOBAL,S3D3,RNWHYDTZAXX,1,2027,7.0200649728
GLOBAL,S3D4,RNWHYDTZAXX,1,2027,7.0200649728
GLOBAL,S3D5,RNWHYDTZAXX,1,2027,7.0200649728
GLOBAL,S1D6,RNWHYDTZAXX,1,2028,10.107431219477949
GLOBAL,S1D1,RNWHYDTZAXX,1,2028,10.107431219477949
GLOBAL,S1D2,RNWHYDTZAXX,1,2028,10.107431219477949
GLOBAL,S1D3,RNWHYDTZAXX,1,2028,10.107431219477949
GLOBAL,S1D4,RNWHYDTZAXX,1,2028,10.107431219477949
GLOBAL,S1D5,RNWHYDTZAXX,1,2028,10.107431219477949
GLOBAL,S2D6,RNWHYDTZAXX,1,2028,5.325200496
GLOBAL,S2D1,RNWHYDTZAXX,1,2028,5.325200496
GLOBAL,S2D2,RNWHYDTZAXX,1,2028,5.325200496
GLOBAL,S2D3,RNWHYDTZAXX,1,2028,5.325200496
GLOBAL,S2D4,RNWHYDTZAXX,1,2028,5.325200496
GLOBAL,S2D5,RNWHYDTZAXX,1,2028,5.325200496
GLOBAL,S3D6,RNWHYDTZAXX,1,2028,7.0200649728
GLOBAL,S3D1,RNWHYDTZAXX,1,2028,7.0200649728
GLOBAL,S3D2,RNWHYDTZAXX,1,2028,7.0200649728
GLOBAL,S3D3,RNWHYDTZAXX,1,2028,7.0200649728
GLOBAL,S3D4,RNWHYDTZAXX,1,2028,7.0200649728
GLOBAL,S3D5,RNWHYDTZAXX,1,2028,7.0200649728
GLOBAL,S1D6,RNWHYDTZAXX,1,2029,10.107431219477949
GLOBAL,S1D1,RNWHYDTZAXX,1,2029,10.107431219477949
GLOBAL,S1D2,RNWHYDTZAXX,1,2029,10.107431219477949
GLOBAL,S1D3,RNWHYDTZAXX,1,2029,10.107431219477949
GLOBAL,S1D4,RNWHYDTZAXX,1,2029,10.107431219477949
GLOBAL,S1D5,RNWHYDTZAXX,1,2029,10.107431219477949
GLOBAL,S2D6,RNWHYDTZAXX,1,2029,5.325200496
GLOBAL,S2D1,RNWHYDTZAXX,1,2029,5.325200496
GLOBAL,S2D2,RNWHYDTZAXX,1,2029,5.325200496
GLOBAL,S2D3,RNWHYDTZAXX,1,2029,5.325200496
GLOBAL,S2D4,RNWHYDTZAXX,1,2029,5.325200496
GLOBAL,S2D5,RNWHYDTZAXX,1,2029,5.325200496
GLOBAL,S3D6,RNWHYDTZAXX,1,2029,7.0200649728
GLOBAL,S3D1,RNWHYDTZAXX,1,2029,7.0200649728
GLOBAL,S3D2,RNWHYDTZAXX,1,2029,7.0200649728
GLOBAL,S3D3,RNWHYDTZAXX,1,2029,7.0200649728
GLOBAL,S3D4,RNWHYDTZAXX,1,2029,7.0200649728
GLOBAL,S3D5,RNWHYDTZAXX,1,2029,7.0200649728
GLOBAL,S1D6,RNWHYDTZAXX,1,2030,10.107431219477949
GLOBAL,S1D1,RNWHYDTZAXX,1,2030,10.107431219477949
GLOBAL,S1D2,RNWHYDTZAXX,1,2030,10.107431219477949
GLOBAL,S1D3,RNWHYDTZAXX,1,2030,10.107431219477949
GLOBAL,S1D4,RNWHYDTZAXX,1,2030,10.107431219477949
GLOBAL,S1D5,RNWHYDTZAXX,1,2030,10.107431219477949
GLOBAL,S2D6,RNWHYDTZAXX,1,2030,5.325200496
GLOBAL,S2D1,RNWHYDTZAXX,1,2030,5.325200496
GLOBAL,S2D2,RNWHYDTZAXX,1,2030,5.325200496
GLOBAL,S2D3,RNWHYDTZAXX,1,2030,5.325200496
GLOBAL,S2D4,RNWHYDTZAXX,1,2030,5.325200496
GLOBAL,S2D5,RNWHYDTZAXX,1,2030,5.325200496
GLOBAL,S3D6,RNWHYDTZAXX,1,2030,7.0200649728
GLOBAL,S3D1,RNWHYDTZAXX,1,2030,7.0200649728
GLOBAL,S3D2,RNWHYDTZAXX,1,2030,7.0200649728
GLOBAL,S3D3,RNWHYDTZAXX,1,2030,7.0200649728
GLOBAL,S3D4,RNWHYDTZAXX,1,2030,7.0200649728
GLOBAL,S3D5,RNWHYDTZAXX,1,2030,7.0200649728
GLOBAL,S1D6,RNWHYDTZAXX,1,2031,10.107431219477949
GLOBAL,S1D1,RNWHYDTZAXX,1,2031,10.107431219477949
GLOBAL,S1D2,RNWHYDTZAXX,1,2031,10.107431219477949
GLOBAL,S1D3,RNWHYDTZAXX,1,2031,10.107431219477949
GLOBAL,S1D4,RNWHYDTZAXX,1,2031,10.107431219477949
GLOBAL,S1D5,RNWHYDTZAXX,1,2031,10.107431219477949
GLOBAL,S2D6,RNWHYDTZAXX,1,2031,5.325200496
GLOBAL,S2D1,RNWHYDTZAXX,1,2031,5.325200496
GLOBAL,S2D2,RNWHYDTZAXX,1,2031,5.325200496
GLOBAL,S2D3,RNWHYDTZAXX,1,2031,5.325200496
GLOBAL,S2D4,RNWHYDTZAXX,1,2031,5.325200496
GLOBAL,S2D5,RNWHYDTZAXX,1,2031,5.325200496
GLOBAL,S3D6,RNWHYDTZAXX,1,2031,7.0200649728
GLOBAL,S3D1,RNWHYDTZAXX,1,2031,7.0200649728
GLOBAL,S3D2,RNWHYDTZAXX,1,2031,7.0200649728
GLOBAL,S3D3,RNWHYDTZAXX,1,2031,7.0200649728
GLOBAL,S3D4,RNWHYDTZAXX,1,2031,7.0200649728
GLOBAL,S3D5,RNWHYDTZAXX,1,2031,7.0200649728
GLOBAL,S1D6,RNWHYDTZAXX,1,2032,10.107431219477949
GLOBAL,S1D1,RNWHYDTZAXX,1,2032,10.107431219477949
GLOBAL,S1D2,RNWHYDTZAXX,1,2032,10.107431219477949
GLOBAL,S1D3,RNWHYDTZAXX,1,2032,10.107431219477949
GLOBAL,S1D4,RNWHYDTZAXX,1,2032,10.107431219477949
GLOBAL,S1D5,RNWHYDTZAXX,1,2032,10.107431219477949
GLOBAL,S2D6,RNWHYDTZAXX,1,2032,5.325200496
GLOBAL,S2D1,RNWHYDTZAXX,1,2032,5.325200496
GLOBAL,S2D2,RNWHYDTZAXX,1,2032,5.325200496
GLOBAL,S2D3,RNWHYDTZAXX,1,2032,5.325200496
GLOBAL,S2D4,RNWHYDTZAXX,1,2032,5.325200496
GLOBAL,S2D5,RNWHYDTZAXX,1,2032,5.325200496
GLOBAL,S3D6,RNWHYDTZAXX,1,2032,7.020064972800002
GLOBAL,S3D1,RNWHYDTZAXX,1,2032,7.0200649728
GLOBAL,S3D2,RNWHYDTZAXX,1,2032,7.0200649728
GLOBAL,S3D3,RNWHYDTZAXX,1,2032,7.0200649728
GLOBAL,S3D4,RNWHYDTZAXX,1,2032,7.0200649728
GLOBAL,S3D5,RNWHYDTZAXX,1,2032,7.0200649728
GLOBAL,S1D6,RNWHYDTZAXX,1,2033,10.107431219477949
GLOBAL,S1D1,RNWHYDTZAXX,1,2033,10.107431219477949
GLOBAL,S1D2,RNWHYDTZAXX,1,2033,10.107431219477949
GLOBAL,S1D3,RNWHYDTZAXX,1,2033,10.107431219477949
GLOBAL,S1D4,RNWHYDTZAXX,1,2033,10.107431219477949
GLOBAL,S1D5,RNWHYDTZAXX,1,2033,10.107431219477949
GLOBAL,S2D6,RNWHYDTZAXX,1,2033,5.325200496
GLOBAL,S2D1,RNWHYDTZAXX,1,2033,5.325200496
GLOBAL,S2D2,RNWHYDTZAXX,1,2033,5.325200496
GLOBAL,S2D3,RNWHYDTZAXX,1,2033,5.325200496
GLOBAL,S2D4,RNWHYDTZAXX,1,2033,5.325200496
GLOBAL,S2D5,RNWHYDTZAXX,1,2033,5.325200496
GLOBAL,S3D6,RNWHYDTZAXX,1,2033,7.020064972800002
GLOBAL,S3D1,RNWHYDTZAXX,1,2033,7.0200649728
GLOBAL,S3D2,RNWHYDTZAXX,1,2033,7.0200649728
GLOBAL,S3D3,RNWHYDTZAXX,1,2033,7.0200649728
GLOBAL,S3D4,RNWHYDTZAXX,1,2033,7.0200649728
GLOBAL,S3D5,RNWHYDTZAXX,1,2033,7.0200649728
GLOBAL,S1D6,RNWHYDTZAXX,1,2034,10.107431219477949
GLOBAL,S1D1,RNWHYDTZAXX,1,2034,10.107431219477949
GLOBAL,S1D2,RNWHYDTZAXX,1,2034,10.107431219477949
GLOBAL,S1D3,RNWHYDTZAXX,1,2034,10.107431219477949
GLOBAL,S1D4,RNWHYDTZAXX,1,2034,10.107431219477949
GLOBAL,S1D5,RNWHYDTZAXX,1,2034,10.107431219477949
GLOBAL,S2D6,RNWHYDTZAXX,1,2034,5.325200496
GLOBAL,S2D1,RNWHYDTZAXX,1,2034,5.325200496
GLOBAL,S2D2,RNWHYDTZAXX,1,2034,5.325200496
GLOBAL,S2D3,RNWHYDTZAXX,1,2034,5.325200496
GLOBAL,S2D4,RNWHYDTZAXX,1,2034,5.325200496
GLOBAL,S2D5,RNWHYDTZAXX,1,2034,5.325200496
GLOBAL,S3D6,RNWHYDTZAXX,1,2034,7.020064972800002
GLOBAL,S3D1,RNWHYDTZAXX,1,2034,7.0200649728
GLOBAL,S3D2,RNWHYDTZAXX,1,2034,7.0200649728
GLOBAL,S3D3,RNWHYDTZAXX,1,2034,7.0200649728
GLOBAL,S3D4,RNWHYDTZAXX,1,2034,7.0200649728
GLOBAL,S3D5,RNWHYDTZAXX,1,2034,7.0200649728
GLOBAL,S1D6,RNWHYDTZAXX,1,2035,10.175144051867292
GLOBAL,S1D1,RNWHYDTZAXX,1,2035,10.175144051867292
GLOBAL,S1D2,RNWHYDTZAXX,1,2035,10.175144051867292
GLOBAL,S1D3,RNWHYDTZAXX,1,2035,10.175144051867292
GLOBAL,S1D4,RNWHYDTZAXX,1,2035,10.175144051867292
GLOBAL,S1D5,RNWHYDTZAXX,1,2035,10.175144051867292
GLOBAL,S2D6,RNWHYDTZAXX,1,2035,4.929044280882276
GLOBAL,S2D1,RNWHYDTZAXX,1,2035,5.325200496
GLOBAL,S2D2,RNWHYDTZAXX,1,2035,5.325200496
GLOBAL,S2D3,RNWHYDTZAXX,1,2035,5.325200496
GLOBAL,S2D4,RNWHYDTZAXX,1,2035,5.325200496
GLOBAL,S2D5,RNWHYDTZAXX,1,2035,5.325200496
GLOBAL,S3D6,RNWHYDTZAXX,1,2035,7.0200649728
GLOBAL,S3D1,RNWHYDTZAXX,1,2035,7.0200649728
GLOBAL,S3D2,RNWHYDTZAXX,1,2035,7.0200649728
GLOBAL,S3D3,RNWHYDTZAXX,1,2035,7.0200649728
GLOBAL,S3D4,RNWHYDTZAXX,1,2035,7.0200649728
GLOBAL,S3D5,RNWHYDTZAXX,1,2035,7.0200649728
GLOBAL,S1D6,RNWHYDTZAXX,1,2036,10.26443176708412
GLOBAL,S1D1,RNWHYDTZAXX,1,2036,10.26443176708412
GLOBAL,S1D2,RNWHYDTZAXX,1,2036,10.26443176708412
GLOBAL,S1D3,RNWHYDTZAXX,1,2036,10.26443176708412
GLOBAL,S1D4,RNWHYDTZAXX,1,2036,10.26443176708412
GLOBAL,S1D5,RNWHYDTZAXX,1,2036,10.26443176708412
GLOBAL,S2D6,RNWHYDTZAXX,1,2036,5.325200496
GLOBAL,S2D1,RNWHYDTZAXX,1,2036,5.325200496
GLOBAL,S2D2,RNWHYDTZAXX,1,2036,5.325200496
GLOBAL,S2D3,RNWHYDTZAXX,1,2036,5.325200496
GLOBAL,S2D4,RNWHYDTZAXX,1,2036,5.325200496
GLOBAL,S2D5,RNWHYDTZAXX,1,2036,5.325200496
GLOBAL,S3D6,RNWHYDTZAXX,1,2036,7.0200649728
GLOBAL,S3D1,RNWHYDTZAXX,1,2036,6.093282566105022
GLOBAL,S3D2,RNWHYDTZAXX,1,2036,7.0200649728
GLOBAL,S3D3,RNWHYDTZAXX,1,2036,7.0200649728
GLOBAL,S3D4,RNWHYDTZAXX,1,2036,7.0200649728
GLOBAL,S3D5,RNWHYDTZAXX,1,2036,7.0200649728
GLOBAL,S1D6,RNWHYDTZAXX,1,2037,10.3393281486955
GLOBAL,S1D1,RNWHYDTZAXX,1,2037,10.3393281486955
GLOBAL,S1D2,RNWHYDTZAXX,1,2037,10.3393281486955
GLOBAL,S1D3,RNWHYDTZAXX,1,2037,10.3393281486955
GLOBAL,S1D4,RNWHYDTZAXX,1,2037,10.3393281486955
GLOBAL,S1D5,RNWHYDTZAXX,1,2037,10.3393281486955
GLOBAL,S2D6,RNWHYDTZAXX,1,2037,5.325200496
GLOBAL,S2D1,RNWHYDTZAXX,1,2037,5.325200496
GLOBAL,S2D2,RNWHYDTZAXX,1,2037,5.325200496
GLOBAL,S2D3,RNWHYDTZAXX,1,2037,5.325200496
GLOBAL,S2D4,RNWHYDTZAXX,1,2037,5.325200496
GLOBAL,S2D5,RNWHYDTZAXX,1,2037,5.325200496
GLOBAL,S3D6,RNWHYDTZAXX,1,2037,7.0200649728
GLOBAL,S3D1,RNWHYDTZAXX,1,2037,5.651165326000516
GLOBAL,S3D2,RNWHYDTZAXX,1,2037,7.0200649728
GLOBAL,S3D3,RNWHYDTZAXX,1,2037,7.0200649728
GLOBAL,S3D4,RNWHYDTZAXX,1,2037,7.0200649728
GLOBAL,S3D5,RNWHYDTZAXX,1,2037,7.0200649728
GLOBAL,S1D6,RNWHYDTZAXX,1,2038,10.414308026830527
GLOBAL,S1D1,RNWHYDTZAXX,1,2038,10.414308026830527
GLOBAL,S1D2,RNWHYDTZAXX,1,2038,10.414308026830527
GLOBAL,S1D3,RNWHYDTZAXX,1,2038,10.414308026830527
GLOBAL,S1D4,RNWHYDTZAXX,1,2038,10.414308026830527
GLOBAL,S1D5,RNWHYDTZAXX,1,2038,10.414308026830527
GLOBAL,S2D6,RNWHYDTZAXX,1,2038,3.529807359745033
GLOBAL,S2D1,RNWHYDTZAXX,1,2038,5.325200496
GLOBAL,S2D2,RNWHYDTZAXX,1,2038,5.325200496
GLOBAL,S2D3,RNWHYDTZAXX,1,2038,5.325200496
GLOBAL,S2D4,RNWHYDTZAXX,1,2038,5.325200496
GLOBAL,S2D5,RNWHYDTZAXX,1,2038,5.325200496
GLOBAL,S3D6,RNWHYDTZAXX,1,2038,7.0200649728
GLOBAL,S3D1,RNWHYDTZAXX,1,2038,7.0200649728
GLOBAL,S3D2,RNWHYDTZAXX,1,2038,7.0200649728
GLOBAL,S3D3,RNWHYDTZAXX,1,2038,7.0200649728
GLOBAL,S3D4,RNWHYDTZAXX,1,2038,7.0200649728
GLOBAL,S3D5,RNWHYDTZAXX,1,2038,7.0200649728
GLOBAL,S1D6,RNWHYDTZAXX,1,2039,10.489287904965447
GLOBAL,S1D1,RNWHYDTZAXX,1,2039,10.489287904965447
GLOBAL,S1D2,RNWHYDTZAXX,1,2039,10.489287904965447
GLOBAL,S1D3,RNWHYDTZAXX,1,2039,10.489287904965447
GLOBAL,S1D4,RNWHYDTZAXX,1,2039,10.489287904965447
GLOBAL,S1D5,RNWHYDTZAXX,1,2039,10.489287904965447
GLOBAL,S2D6,RNWHYDTZAXX,1,2039,5.325200496
GLOBAL,S2D1,RNWHYDTZAXX,1,2039,5.325200496
GLOBAL,S2D2,RNWHYDTZAXX,1,2039,5.325200496
GLOBAL,S2D3,RNWHYDTZAXX,1,2039,5.325200496
GLOBAL,S2D4,RNWHYDTZAXX,1,2039,5.325200496
GLOBAL,S2D5,RNWHYDTZAXX,1,2039,5.325200496
GLOBAL,S3D6,RNWHYDTZAXX,1,2039,7.0200649728
GLOBAL,S3D1,RNWHYDTZAXX,1,2039,4.765945077139511
GLOBAL,S3D2,RNWHYDTZAXX,1,2039,7.0200649728
GLOBAL,S3D3,RNWHYDTZAXX,1,2039,7.0200649728
GLOBAL,S3D4,RNWHYDTZAXX,1,2039,7.0200649728
GLOBAL,S3D5,RNWHYDTZAXX,1,2039,7.0200649728
GLOBAL,S1D6,RNWHYDTZAXX,1,2040,10.564267783100366
GLOBAL,S1D1,RNWHYDTZAXX,1,2040,10.564267783100366
GLOBAL,S1D2,RNWHYDTZAXX,1,2040,10.564267783100366
GLOBAL,S1D3,RNWHYDTZAXX,1,2040,10.564267783100366
GLOBAL,S1D4,RNWHYDTZAXX,1,2040,10.564267783100366
GLOBAL,S1D5,RNWHYDTZAXX,1,2040,10.564267783100366
GLOBAL,S2D6,RNWHYDTZAXX,1,2040,5.325200496
GLOBAL,S2D1,RNWHYDTZAXX,1,2040,5.325200496
GLOBAL,S2D2,RNWHYDTZAXX,1,2040,5.325200496
GLOBAL,S2D3,RNWHYDTZAXX,1,2040,5.325200496
GLOBAL,S2D4,RNWHYDTZAXX,1,2040,5.325200496
GLOBAL,S2D5,RNWHYDTZAXX,1,2040,5.325200496
GLOBAL,S3D6,RNWHYDTZAXX,1,2040,4.323334952709352
GLOBAL,S3D1,RNWHYDTZAXX,1,2040,7.0200649728
GLOBAL,S3D2,RNWHYDTZAXX,1,2040,7.0200649728
GLOBAL,S3D3,RNWHYDTZAXX,1,2040,7.0200649728
GLOBAL,S3D4,RNWHYDTZAXX,1,2040,7.0200649728
GLOBAL,S3D5,RNWHYDTZAXX,1,2040,7.0200649728
GLOBAL,S1D6,RNWHYDTZAXX,1,2041,10.65285759457148
GLOBAL,S1D1,RNWHYDTZAXX,1,2041,10.65285759457148
GLOBAL,S1D2,RNWHYDTZAXX,1,2041,10.65285759457148
GLOBAL,S1D3,RNWHYDTZAXX,1,2041,10.65285759457148
GLOBAL,S1D4,RNWHYDTZAXX,1,2041,10.65285759457148
GLOBAL,S1D5,RNWHYDTZAXX,1,2041,10.65285759457148
GLOBAL,S2D6,RNWHYDTZAXX,1,2041,5.325200496
GLOBAL,S2D1,RNWHYDTZAXX,1,2041,5.325200496
GLOBAL,S2D2,RNWHYDTZAXX,1,2041,5.325200496
GLOBAL,S2D3,RNWHYDTZAXX,1,2041,5.325200496
GLOBAL,S2D4,RNWHYDTZAXX,1,2041,5.325200496
GLOBAL,S2D5,RNWHYDTZAXX,1,2041,5.325200496
GLOBAL,S3D6,RNWHYDTZAXX,1,2041,7.0200649728
GLOBAL,S3D1,RNWHYDTZAXX,1,2041,3.800384683199417
GLOBAL,S3D2,RNWHYDTZAXX,1,2041,7.0200649728
GLOBAL,S3D3,RNWHYDTZAXX,1,2041,7.0200649728
GLOBAL,S3D4,RNWHYDTZAXX,1,2041,7.0200649728
GLOBAL,S3D5,RNWHYDTZAXX,1,2041,7.0200649728
GLOBAL,S1D6,RNWHYDTZAXX,1,2042,10.741447406042742
GLOBAL,S1D1,RNWHYDTZAXX,1,2042,10.741447406042742
GLOBAL,S1D2,RNWHYDTZAXX,1,2042,10.741447406042742
GLOBAL,S1D3,RNWHYDTZAXX,1,2042,10.741447406042742
GLOBAL,S1D4,RNWHYDTZAXX,1,2042,10.741447406042742
GLOBAL,S1D5,RNWHYDTZAXX,1,2042,10.741447406042742
GLOBAL,S2D6,RNWHYDTZAXX,1,2042,5.325200496
GLOBAL,S2D1,RNWHYDTZAXX,1,2042,5.325200496
GLOBAL,S2D2,RNWHYDTZAXX,1,2042,5.325200496
GLOBAL,S2D3,RNWHYDTZAXX,1,2042,5.325200496
GLOBAL,S2D4,RNWHYDTZAXX,1,2042,5.325200496
GLOBAL,S2D5,RNWHYDTZAXX,1,2042,5.325200496
GLOBAL,S3D6,RNWHYDTZAXX,1,2042,7.0200649728
GLOBAL,S3D1,RNWHYDTZAXX,1,2042,3.277434413688622
GLOBAL,S3D2,RNWHYDTZAXX,1,2042,7.0200649728
GLOBAL,S3D3,RNWHYDTZAXX,1,2042,7.0200649728
GLOBAL,S3D4,RNWHYDTZAXX,1,2042,7.0200649728
GLOBAL,S3D5,RNWHYDTZAXX,1,2042,7.0200649728
GLOBAL,S1D6,RNWHYDTZAXX,1,2043,10.830037217513766
GLOBAL,S1D1,RNWHYDTZAXX,1,2043,10.830037217513766
GLOBAL,S1D2,RNWHYDTZAXX,1,2043,10.830037217513766
GLOBAL,S1D3,RNWHYDTZAXX,1,2043,10.830037217513766
GLOBAL,S1D4,RNWHYDTZAXX,1,2043,10.830037217513766
GLOBAL,S1D5,RNWHYDTZAXX,1,2043,10.830037217513766
GLOBAL,S2D6,RNWHYDTZAXX,1,2043,5.325200496
GLOBAL,S2D1,RNWHYDTZAXX,1,2043,5.325200496
GLOBAL,S2D2,RNWHYDTZAXX,1,2043,5.325200496
GLOBAL,S2D3,RNWHYDTZAXX,1,2043,5.325200496
GLOBAL,S2D4,RNWHYDTZAXX,1,2043,5.325200496
GLOBAL,S2D5,RNWHYDTZAXX,1,2043,5.325200496
GLOBAL,S3D6,RNWHYDTZAXX,1,2043,2.7544841441792616
GLOBAL,S3D1,RNWHYDTZAXX,1,2043,7.0200649728
GLOBAL,S3D2,RNWHYDTZAXX,1,2043,7.0200649728
GLOBAL,S3D3,RNWHYDTZAXX,1,2043,7.0200649728
GLOBAL,S3D4,RNWHYDTZAXX,1,2043,7.0200649728
GLOBAL,S3D5,RNWHYDTZAXX,1,2043,7.0200649728
GLOBAL,S1D6,RNWHYDTZAXX,1,2044,10.918710525508615
GLOBAL,S1D1,RNWHYDTZAXX,1,2044,10.918710525508615
GLOBAL,S1D2,RNWHYDTZAXX,1,2044,10.918710525508615
GLOBAL,S1D3,RNWHYDTZAXX,1,2044,10.918710525508615
GLOBAL,S1D4,RNWHYDTZAXX,1,2044,10.918710525508615
GLOBAL,S1D5,RNWHYDTZAXX,1,2044,10.918710525508615
GLOBAL,S2D6,RNWHYDTZAXX,1,2044,5.325200496
GLOBAL,S2D1,RNWHYDTZAXX,1,2044,5.325200496
GLOBAL,S2D2,RNWHYDTZAXX,1,2044,5.325200496
GLOBAL,S2D3,RNWHYDTZAXX,1,2044,5.325200496
GLOBAL,S2D4,RNWHYDTZAXX,1,2044,5.325200496
GLOBAL,S2D5,RNWHYDTZAXX,1,2044,5.325200496
GLOBAL,S3D6,RNWHYDTZAXX,1,2044,7.0200649728
GLOBAL,S3D1,RNWHYDTZAXX,1,2044,2.231040990342557
GLOBAL,S3D2,RNWHYDTZAXX,1,2044,7.0200649728
GLOBAL,S3D3,RNWHYDTZAXX,1,2044,7.0200649728
GLOBAL,S3D4,RNWHYDTZAXX,1,2044,7.0200649728
GLOBAL,S3D5,RNWHYDTZAXX,1,2044,7.0200649728
GLOBAL,S1D6,RNWHYDTZAXX,1,2045,11.007300336979814
GLOBAL,S1D1,RNWHYDTZAXX,1,2045,11.007300336979814
GLOBAL,S1D2,RNWHYDTZAXX,1,2045,11.007300336979814
GLOBAL,S1D3,RNWHYDTZAXX,1,2045,11.007300336979814
GLOBAL,S1D4,RNWHYDTZAXX,1,2045,11.007300336979814
GLOBAL,S1D5,RNWHYDTZAXX,1,2045,11.007300336979814
GLOBAL,S2D6,RNWHYDTZAXX,1,2045,5.325200496
GLOBAL,S2D1,RNWHYDTZAXX,1,2045,5.325200496
GLOBAL,S2D2,RNWHYDTZAXX,1,2045,5.325200496
GLOBAL,S2D3,RNWHYDTZAXX,1,2045,5.325200496
GLOBAL,S2D4,RNWHYDTZAXX,1,2045,5.325200496
GLOBAL,S2D5,RNWHYDTZAXX,1,2045,5.325200496
GLOBAL,S3D6,RNWHYDTZAXX,1,2045,7.0200649728
GLOBAL,S3D1,RNWHYDTZAXX,1,2045,1.708090720832145
GLOBAL,S3D2,RNWHYDTZAXX,1,2045,7.0200649728
GLOBAL,S3D3,RNWHYDTZAXX,1,2045,7.0200649728
GLOBAL,S3D4,RNWHYDTZAXX,1,2045,7.0200649728
GLOBAL,S3D5,RNWHYDTZAXX,1,2045,7.0200649728
GLOBAL,S1D6,RNWHYDTZAXX,1,2046,11.117265258476046
GLOBAL,S1D1,RNWHYDTZAXX,1,2046,11.117265258476046
GLOBAL,S1D2,RNWHYDTZAXX,1,2046,11.117265258476046
GLOBAL,S1D3,RNWHYDTZAXX,1,2046,11.117265258476046
GLOBAL,S1D4,RNWHYDTZAXX,1,2046,11.117265258476046
GLOBAL,S1D5,RNWHYDTZAXX,1,2046,11.117265258476046
GLOBAL,S2D6,RNWHYDTZAXX,1,2046,5.325200496
GLOBAL,S2D1,RNWHYDTZAXX,1,2046,5.325200496
GLOBAL,S2D2,RNWHYDTZAXX,1,2046,5.325200496
GLOBAL,S2D3,RNWHYDTZAXX,1,2046,5.325200496
GLOBAL,S2D4,RNWHYDTZAXX,1,2046,5.325200496
GLOBAL,S2D5,RNWHYDTZAXX,1,2046,5.325200496
GLOBAL,S3D6,RNWHYDTZAXX,1,2046,7.0200649728
GLOBAL,S3D1,RNWHYDTZAXX,1,2046,1.0589620639566557
GLOBAL,S3D2,RNWHYDTZAXX,1,2046,7.0200649728
GLOBAL,S3D3,RNWHYDTZAXX,1,2046,7.0200649728
GLOBAL,S3D4,RNWHYDTZAXX,1,2046,7.0200649728
GLOBAL,S3D5,RNWHYDTZAXX,1,2046,7.0200649728
GLOBAL,S1D6,RNWHYDTZAXX,1,2047,11.285761382891495
GLOBAL,S1D1,RNWHYDTZAXX,1,2047,9.677026166556177
GLOBAL,S1D2,RNWHYDTZAXX,1,2047,11.285761382891495
GLOBAL,S1D3,RNWHYDTZAXX,1,2047,11.285761382891495
GLOBAL,S1D4,RNWHYDTZAXX,1,2047,11.285761382891495
GLOBAL,S1D5,RNWHYDTZAXX,1,2047,11.285761382891495
GLOBAL,S2D1,RNWHYDTZAXX,1,2047,5.325200496
GLOBAL,S2D2,RNWHYDTZAXX,1,2047,5.325200496
GLOBAL,S2D3,RNWHYDTZAXX,1,2047,5.325200496
GLOBAL,S2D4,RNWHYDTZAXX,1,2047,5.325200496
GLOBAL,S2D5,RNWHYDTZAXX,1,2047,5.325200496
GLOBAL,S3D6,RNWHYDTZAXX,1,2047,7.0200649728
GLOBAL,S3D1,RNWHYDTZAXX,1,2047,7.0200649728
GLOBAL,S3D2,RNWHYDTZAXX,1,2047,7.0200649728
GLOBAL,S3D3,RNWHYDTZAXX,1,2047,7.0200649728
GLOBAL,S3D4,RNWHYDTZAXX,1,2047,7.0200649728
GLOBAL,S3D5,RNWHYDTZAXX,1,2047,7.0200649728
GLOBAL,S1D6,RNWHYDTZAXX,1,2048,11.503197987807226
GLOBAL,S1D1,RNWHYDTZAXX,1,2048,11.503197987807226
GLOBAL,S1D2,RNWHYDTZAXX,1,2048,11.503197987807226
GLOBAL,S1D3,RNWHYDTZAXX,1,2048,8.589843141977548
GLOBAL,S1D4,RNWHYDTZAXX,1,2048,11.503197987807226
GLOBAL,S1D5,RNWHYDTZAXX,1,2048,11.503197987807226
GLOBAL,S2D1,RNWHYDTZAXX,1,2048,5.325200496
GLOBAL,S2D2,RNWHYDTZAXX,1,2048,5.325200496
GLOBAL,S2D3,RNWHYDTZAXX,1,2048,5.325200496
GLOBAL,S2D4,RNWHYDTZAXX,1,2048,5.325200496
GLOBAL,S2D5,RNWHYDTZAXX,1,2048,5.325200496
GLOBAL,S3D6,RNWHYDTZAXX,1,2048,7.0200649728
GLOBAL,S3D1,RNWHYDTZAXX,1,2048,7.0200649728
GLOBAL,S3D2,RNWHYDTZAXX,1,2048,7.0200649728
GLOBAL,S3D3,RNWHYDTZAXX,1,2048,7.0200649728
GLOBAL,S3D4,RNWHYDTZAXX,1,2048,7.0200649728
GLOBAL,S3D5,RNWHYDTZAXX,1,2048,7.0200649728
GLOBAL,S1D6,RNWHYDTZAXX,1,2049,11.720469492795026
GLOBAL,S1D1,RNWHYDTZAXX,1,2049,9.177597863566977
GLOBAL,S1D2,RNWHYDTZAXX,1,2049,11.720469492795026
GLOBAL,S1D3,RNWHYDTZAXX,1,2049,11.720469492795026
GLOBAL,S1D4,RNWHYDTZAXX,1,2049,11.720469492795026
GLOBAL,S1D5,RNWHYDTZAXX,1,2049,11.720469492795026
GLOBAL,S2D6,RNWHYDTZAXX,1,2049,5.325200496
GLOBAL,S2D1,RNWHYDTZAXX,1,2049,5.325200496
GLOBAL,S2D2,RNWHYDTZAXX,1,2049,5.325200496
GLOBAL,S2D3,RNWHYDTZAXX,1,2049,5.325200496
GLOBAL,S2D4,RNWHYDTZAXX,1,2049,5.325200496
GLOBAL,S2D5,RNWHYDTZAXX,1,2049,5.325200496
GLOBAL,S3D6,RNWHYDTZAXX,1,2049,7.0200649728
GLOBAL,S3D2,RNWHYDTZAXX,1,2049,7.0200649728
GLOBAL,S3D3,RNWHYDTZAXX,1,2049,7.0200649728
GLOBAL,S3D4,RNWHYDTZAXX,1,2049,7.0200649728
GLOBAL,S3D5,RNWHYDTZAXX,1,2049,7.0200649728
GLOBAL,S1D6,RNWHYDTZAXX,1,2050,0.955056828313233
GLOBAL,S1D1,RNWHYDTZAXX,1,2050,11.937906097710892
GLOBAL,S1D2,RNWHYDTZAXX,1,2050,11.937906097710892
GLOBAL,S1D3,RNWHYDTZAXX,1,2050,11.937906097710892
GLOBAL,S1D4,RNWHYDTZAXX,1,2050,11.937906097710892
GLOBAL,S1D5,RNWHYDTZAXX,1,2050,11.937906097710892
GLOBAL,S2D6,RNWHYDTZAXX,1,2050,5.325200496
GLOBAL,S2D1,RNWHYDTZAXX,1,2050,5.325200496
GLOBAL,S2D2,RNWHYDTZAXX,1,2050,5.325200496
GLOBAL,S2D3,RNWHYDTZAXX,1,2050,5.325200496
GLOBAL,S2D4,RNWHYDTZAXX,1,2050,5.325200496
GLOBAL,S2D5,RNWHYDTZAXX,1,2050,5.325200496
GLOBAL,S3D6,RNWHYDTZAXX,1,2050,7.0200649728
GLOBAL,S3D1,RNWHYDTZAXX,1,2050,7.0200649728
GLOBAL,S3D2,RNWHYDTZAXX,1,2050,7.0200649728
GLOBAL,S3D3,RNWHYDTZAXX,1,2050,7.0200649728
GLOBAL,S3D4,RNWHYDTZAXX,1,2050,7.0200649728
GLOBAL,S3D5,RNWHYDTZAXX,1,2050,7.0200649728
GLOBAL,S1D1,RNWSPVKENXX,1,2021,0.226176192
GLOBAL,S1D2,RNWSPVKENXX,1,2021,1.0644241767160167
GLOBAL,S1D3,RNWSPVKENXX,1,2021,1.0644241767160167
GLOBAL,S1D4,RNWSPVKENXX,1,2021,0.6244127999999999
GLOBAL,S2D1,RNWSPVKENXX,1,2021,0.18385488
GLOBAL,S2D2,RNWSPVKENXX,1,2021,1.0644241767160167
GLOBAL,S2D3,RNWSPVKENXX,1,2021,1.0644241767160167
GLOBAL,S2D4,RNWSPVKENXX,1,2021,0.539076384
GLOBAL,S3D1,RNWSPVKENXX,1,2021,0.21507552
GLOBAL,S3D2,RNWSPVKENXX,1,2021,1.0644241767160167
GLOBAL,S3D3,RNWSPVKENXX,1,2021,1.0644241767160167
GLOBAL,S3D4,RNWSPVKENXX,1,2021,0.556421184
GLOBAL,S1D1,RNWSPVKENXX,1,2022,0.328983552
GLOBAL,S1D2,RNWSPVKENXX,1,2022,1.5482533479505702
GLOBAL,S1D3,RNWSPVKENXX,1,2022,1.5482533479505702
GLOBAL,S1D4,RNWSPVKENXX,1,2022,0.9082368
GLOBAL,S2D1,RNWSPVKENXX,1,2022,0.26742528
GLOBAL,S2D2,RNWSPVKENXX,1,2022,1.5482533479505702
GLOBAL,S2D3,RNWSPVKENXX,1,2022,1.5482533479505702
GLOBAL,S2D4,RNWSPVKENXX,1,2022,0.784111104
GLOBAL,S3D1,RNWSPVKENXX,1,2022,0.31283712
GLOBAL,S3D2,RNWSPVKENXX,1,2022,1.5482533479505702
GLOBAL,S3D3,RNWSPVKENXX,1,2022,1.5482533479505702
GLOBAL,S3D4,RNWSPVKENXX,1,2022,0.809339904
GLOBAL,S1D1,RNWSPVKENXX,1,2023,0.380387232
GLOBAL,S1D2,RNWSPVKENXX,1,2023,1.3275375224719028
GLOBAL,S1D3,RNWSPVKENXX,1,2023,1.3275375224719028
GLOBAL,S1D4,RNWSPVKENXX,1,2023,1.0501488
GLOBAL,S2D1,RNWSPVKENXX,1,2023,0.30921048000000007
GLOBAL,S2D2,RNWSPVKENXX,1,2023,1.3275375224719028
GLOBAL,S2D3,RNWSPVKENXX,1,2023,1.3275375224719028
GLOBAL,S2D4,RNWSPVKENXX,1,2023,0.906628464
GLOBAL,S3D1,RNWSPVKENXX,1,2023,0.36171792
GLOBAL,S3D2,RNWSPVKENXX,1,2023,1.3275375224719028
GLOBAL,S3D3,RNWSPVKENXX,1,2023,1.3275375224719028
GLOBAL,S3D4,RNWSPVKENXX,1,2023,0.935799264
GLOBAL,S1D1,RNWSPVKENXX,1,2024,0.380387232
GLOBAL,S1D2,RNWSPVKENXX,1,2024,1.7901679335678462
GLOBAL,S1D3,RNWSPVKENXX,1,2024,1.7901679335678462
GLOBAL,S1D4,RNWSPVKENXX,1,2024,1.0501488
GLOBAL,S2D1,RNWSPVKENXX,1,2024,0.30921048000000007
GLOBAL,S2D2,RNWSPVKENXX,1,2024,1.7901679335678462
GLOBAL,S2D3,RNWSPVKENXX,1,2024,1.7901679335678462
GLOBAL,S2D4,RNWSPVKENXX,1,2024,0.906628464
GLOBAL,S3D1,RNWSPVKENXX,1,2024,0.36171792
GLOBAL,S3D2,RNWSPVKENXX,1,2024,1.7901679335678462
GLOBAL,S3D3,RNWSPVKENXX,1,2024,1.7901679335678462
GLOBAL,S3D4,RNWSPVKENXX,1,2024,0.935799264
GLOBAL,S1D1,RNWSPVKENXX,1,2025,0.380387232
GLOBAL,S1D2,RNWSPVKENXX,1,2025,1.7901679335678462
GLOBAL,S1D3,RNWSPVKENXX,1,2025,1.7901679335678462
GLOBAL,S1D4,RNWSPVKENXX,1,2025,1.0501488
GLOBAL,S2D1,RNWSPVKENXX,1,2025,0.30921048000000007
GLOBAL,S2D2,RNWSPVKENXX,1,2025,1.7901679335678462
GLOBAL,S2D3,RNWSPVKENXX,1,2025,1.7901679335678462
GLOBAL,S2D4,RNWSPVKENXX,1,2025,0.906628464
GLOBAL,S3D1,RNWSPVKENXX,1,2025,0.36171792
GLOBAL,S3D2,RNWSPVKENXX,1,2025,1.7901679335678462
GLOBAL,S3D3,RNWSPVKENXX,1,2025,1.7901679335678462
GLOBAL,S3D4,RNWSPVKENXX,1,2025,0.935799264
GLOBAL,S1D1,RNWSPVKENXX,1,2026,0.380387232
GLOBAL,S1D2,RNWSPVKENXX,1,2026,1.7901679335678462
GLOBAL,S1D3,RNWSPVKENXX,1,2026,1.7901679335678462
GLOBAL,S1D4,RNWSPVKENXX,1,2026,1.0501488
GLOBAL,S2D1,RNWSPVKENXX,1,2026,0.30921048000000007
GLOBAL,S2D2,RNWSPVKENXX,1,2026,1.7901679335678462
GLOBAL,S2D3,RNWSPVKENXX,1,2026,1.7901679335678462
GLOBAL,S2D4,RNWSPVKENXX,1,2026,0.906628464
GLOBAL,S3D1,RNWSPVKENXX,1,2026,0.36171792
GLOBAL,S3D2,RNWSPVKENXX,1,2026,1.7901679335678462
GLOBAL,S3D3,RNWSPVKENXX,1,2026,1.7901679335678462
GLOBAL,S3D4,RNWSPVKENXX,1,2026,0.935799264
GLOBAL,S1D1,RNWSPVKENXX,1,2027,0.380387232
GLOBAL,S1D2,RNWSPVKENXX,1,2027,1.7901679335678462
GLOBAL,S1D3,RNWSPVKENXX,1,2027,1.7901679335678462
GLOBAL,S1D4,RNWSPVKENXX,1,2027,1.0501488
GLOBAL,S2D1,RNWSPVKENXX,1,2027,0.30921048000000007
GLOBAL,S2D2,RNWSPVKENXX,1,2027,1.7901679335678462
GLOBAL,S2D3,RNWSPVKENXX,1,2027,1.7901679335678462
GLOBAL,S2D4,RNWSPVKENXX,1,2027,0.906628464
GLOBAL,S3D1,RNWSPVKENXX,1,2027,0.36171792
GLOBAL,S3D2,RNWSPVKENXX,1,2027,1.7901679335678462
GLOBAL,S3D3,RNWSPVKENXX,1,2027,1.7901679335678462
GLOBAL,S3D4,RNWSPVKENXX,1,2027,0.935799264
GLOBAL,S1D1,RNWSPVKENXX,1,2028,0.380387232
GLOBAL,S1D2,RNWSPVKENXX,1,2028,1.7901679335678462
GLOBAL,S1D3,RNWSPVKENXX,1,2028,1.7901679335678462
GLOBAL,S1D4,RNWSPVKENXX,1,2028,1.0501488
GLOBAL,S2D1,RNWSPVKENXX,1,2028,0.30921048000000007
GLOBAL,S2D2,RNWSPVKENXX,1,2028,1.7901679335678462
GLOBAL,S2D3,RNWSPVKENXX,1,2028,1.7901679335678462
GLOBAL,S2D4,RNWSPVKENXX,1,2028,0.906628464
GLOBAL,S3D1,RNWSPVKENXX,1,2028,0.36171792
GLOBAL,S3D2,RNWSPVKENXX,1,2028,1.7901679335678462
GLOBAL,S3D3,RNWSPVKENXX,1,2028,1.7901679335678462
GLOBAL,S3D4,RNWSPVKENXX,1,2028,0.935799264
GLOBAL,S1D1,RNWSPVKENXX,1,2029,0.380387232
GLOBAL,S1D2,RNWSPVKENXX,1,2029,1.7901679335678462
GLOBAL,S1D3,RNWSPVKENXX,1,2029,1.7901679335678462
GLOBAL,S1D4,RNWSPVKENXX,1,2029,1.0501488
GLOBAL,S2D1,RNWSPVKENXX,1,2029,0.30921048000000007
GLOBAL,S2D2,RNWSPVKENXX,1,2029,1.7901679335678462
GLOBAL,S2D3,RNWSPVKENXX,1,2029,1.7901679335678462
GLOBAL,S2D4,RNWSPVKENXX,1,2029,0.906628464
GLOBAL,S3D1,RNWSPVKENXX,1,2029,0.36171792
GLOBAL,S3D2,RNWSPVKENXX,1,2029,1.7901679335678462
GLOBAL,S3D3,RNWSPVKENXX,1,2029,1.7901679335678462
GLOBAL,S3D4,RNWSPVKENXX,1,2029,0.935799264
GLOBAL,S1D1,RNWSPVKENXX,1,2030,0.380387232
GLOBAL,S1D2,RNWSPVKENXX,1,2030,1.7901679335678462
GLOBAL,S1D3,RNWSPVKENXX,1,2030,1.7901679335678462
GLOBAL,S1D4,RNWSPVKENXX,1,2030,1.0501488
GLOBAL,S2D1,RNWSPVKENXX,1,2030,0.30921048000000007
GLOBAL,S2D2,RNWSPVKENXX,1,2030,1.7901679335678462
GLOBAL,S2D3,RNWSPVKENXX,1,2030,1.7901679335678462
GLOBAL,S2D4,RNWSPVKENXX,1,2030,0.906628464
GLOBAL,S3D1,RNWSPVKENXX,1,2030,0.36171792
GLOBAL,S3D2,RNWSPVKENXX,1,2030,1.7901679335678462
GLOBAL,S3D3,RNWSPVKENXX,1,2030,1.7901679335678462
GLOBAL,S3D4,RNWSPVKENXX,1,2030,0.935799264
GLOBAL,S1D1,RNWSPVKENXX,1,2031,0.380387232
GLOBAL,S1D2,RNWSPVKENXX,1,2031,1.7901679335678462
GLOBAL,S1D3,RNWSPVKENXX,1,2031,1.7901679335678462
GLOBAL,S1D4,RNWSPVKENXX,1,2031,1.0501488
GLOBAL,S2D1,RNWSPVKENXX,1,2031,0.30921048000000007
GLOBAL,S2D2,RNWSPVKENXX,1,2031,1.7901679335678462
GLOBAL,S2D3,RNWSPVKENXX,1,2031,1.7901679335678462
GLOBAL,S2D4,RNWSPVKENXX,1,2031,0.906628464
GLOBAL,S3D1,RNWSPVKENXX,1,2031,0.361717920000001
GLOBAL,S3D2,RNWSPVKENXX,1,2031,1.7901679335678462
GLOBAL,S3D3,RNWSPVKENXX,1,2031,1.7901679335678462
GLOBAL,S3D4,RNWSPVKENXX,1,2031,0.935799264
GLOBAL,S1D1,RNWSPVKENXX,1,2032,0.380387232000001
GLOBAL,S1D2,RNWSPVKENXX,1,2032,1.7901679335678462
GLOBAL,S1D3,RNWSPVKENXX,1,2032,1.7901679335678462
GLOBAL,S1D4,RNWSPVKENXX,1,2032,1.0501488
GLOBAL,S2D1,RNWSPVKENXX,1,2032,0.30921048000000007
GLOBAL,S2D2,RNWSPVKENXX,1,2032,1.7901679335678462
GLOBAL,S2D3,RNWSPVKENXX,1,2032,1.7901679335678462
GLOBAL,S2D4,RNWSPVKENXX,1,2032,0.906628464
GLOBAL,S3D1,RNWSPVKENXX,1,2032,0.36171792
GLOBAL,S3D2,RNWSPVKENXX,1,2032,1.7901679335678462
GLOBAL,S3D3,RNWSPVKENXX,1,2032,1.7901679335678462
GLOBAL,S3D4,RNWSPVKENXX,1,2032,0.935799264
GLOBAL,S1D1,RNWSPVKENXX,1,2033,0.380387232
GLOBAL,S1D2,RNWSPVKENXX,1,2033,1.7901679335678462
GLOBAL,S1D3,RNWSPVKENXX,1,2033,1.7901679335678462
GLOBAL,S1D4,RNWSPVKENXX,1,2033,1.0501488
GLOBAL,S2D1,RNWSPVKENXX,1,2033,0.30921048000000007
GLOBAL,S2D2,RNWSPVKENXX,1,2033,1.7901679335678462
GLOBAL,S2D3,RNWSPVKENXX,1,2033,1.7901679335678462
GLOBAL,S2D4,RNWSPVKENXX,1,2033,0.906628464
GLOBAL,S3D1,RNWSPVKENXX,1,2033,0.36171792
GLOBAL,S3D2,RNWSPVKENXX,1,2033,1.7901679335678462
GLOBAL,S3D3,RNWSPVKENXX,1,2033,1.7901679335678462
GLOBAL,S3D4,RNWSPVKENXX,1,2033,0.935799264
GLOBAL,S1D1,RNWSPVKENXX,1,2034,0.380387232000001
GLOBAL,S1D2,RNWSPVKENXX,1,2034,1.7901679335678462
GLOBAL,S1D3,RNWSPVKENXX,1,2034,1.7901679335678462
GLOBAL,S1D4,RNWSPVKENXX,1,2034,1.0501488
GLOBAL,S2D1,RNWSPVKENXX,1,2034,0.30921048000000007
GLOBAL,S2D2,RNWSPVKENXX,1,2034,1.7901679335678462
GLOBAL,S2D3,RNWSPVKENXX,1,2034,1.7901679335678462
GLOBAL,S2D4,RNWSPVKENXX,1,2034,0.906628464
GLOBAL,S3D1,RNWSPVKENXX,1,2034,0.36171792
GLOBAL,S3D2,RNWSPVKENXX,1,2034,1.7901679335678462
GLOBAL,S3D3,RNWSPVKENXX,1,2034,1.7901679335678462
GLOBAL,S3D4,RNWSPVKENXX,1,2034,0.935799264
GLOBAL,S1D1,RNWSPVKENXX,1,2035,0.380387232
GLOBAL,S1D2,RNWSPVKENXX,1,2035,1.7901679335678462
GLOBAL,S1D3,RNWSPVKENXX,1,2035,1.7901679335678462
GLOBAL,S1D4,RNWSPVKENXX,1,2035,1.0501488
GLOBAL,S2D1,RNWSPVKENXX,1,2035,0.30921048000000007
GLOBAL,S2D2,RNWSPVKENXX,1,2035,1.7901679335678462
GLOBAL,S2D3,RNWSPVKENXX,1,2035,1.7901679335678462
GLOBAL,S2D4,RNWSPVKENXX,1,2035,0.906628464
GLOBAL,S3D1,RNWSPVKENXX,1,2035,0.36171792
GLOBAL,S3D2,RNWSPVKENXX,1,2035,1.7901679335678462
GLOBAL,S3D3,RNWSPVKENXX,1,2035,1.7901679335678462
GLOBAL,S3D4,RNWSPVKENXX,1,2035,0.935799264
GLOBAL,S1D1,RNWSPVKENXX,1,2036,0.380387232
GLOBAL,S1D2,RNWSPVKENXX,1,2036,1.7901679335678462
GLOBAL,S1D3,RNWSPVKENXX,1,2036,1.7901679335678462
GLOBAL,S1D4,RNWSPVKENXX,1,2036,1.0501488
GLOBAL,S2D1,RNWSPVKENXX,1,2036,0.30921048000000007
GLOBAL,S2D2,RNWSPVKENXX,1,2036,1.7901679335678462
GLOBAL,S2D3,RNWSPVKENXX,1,2036,1.7901679335678462
GLOBAL,S2D4,RNWSPVKENXX,1,2036,0.906628464
GLOBAL,S3D1,RNWSPVKENXX,1,2036,0.36171792
GLOBAL,S3D2,RNWSPVKENXX,1,2036,1.7901679335678462
GLOBAL,S3D3,RNWSPVKENXX,1,2036,1.7901679335678462
GLOBAL,S3D4,RNWSPVKENXX,1,2036,0.935799264
GLOBAL,S1D1,RNWSPVKENXX,1,2037,0.380387232000001
GLOBAL,S1D2,RNWSPVKENXX,1,2037,1.7901679335678462
GLOBAL,S1D3,RNWSPVKENXX,1,2037,1.7901679335678462
GLOBAL,S1D4,RNWSPVKENXX,1,2037,1.0501488
GLOBAL,S2D1,RNWSPVKENXX,1,2037,0.30921048000000007
GLOBAL,S2D2,RNWSPVKENXX,1,2037,1.7901679335678462
GLOBAL,S2D3,RNWSPVKENXX,1,2037,1.7901679335678462
GLOBAL,S2D4,RNWSPVKENXX,1,2037,0.906628464
GLOBAL,S3D1,RNWSPVKENXX,1,2037,0.36171792
GLOBAL,S3D2,RNWSPVKENXX,1,2037,1.7901679335678462
GLOBAL,S3D3,RNWSPVKENXX,1,2037,1.7901679335678462
GLOBAL,S3D4,RNWSPVKENXX,1,2037,0.935799264
GLOBAL,S1D1,RNWSPVKENXX,1,2038,0.380387232
GLOBAL,S1D2,RNWSPVKENXX,1,2038,1.7901679335678462
GLOBAL,S1D3,RNWSPVKENXX,1,2038,1.7901679335678462
GLOBAL,S1D4,RNWSPVKENXX,1,2038,1.0501488
GLOBAL,S2D1,RNWSPVKENXX,1,2038,0.30921048000000007
GLOBAL,S2D2,RNWSPVKENXX,1,2038,1.7901679335678462
GLOBAL,S2D3,RNWSPVKENXX,1,2038,1.7901679335678462
GLOBAL,S2D4,RNWSPVKENXX,1,2038,0.906628464
GLOBAL,S3D1,RNWSPVKENXX,1,2038,0.361717920000001
GLOBAL,S3D2,RNWSPVKENXX,1,2038,1.7901679335678462
GLOBAL,S3D3,RNWSPVKENXX,1,2038,1.7901679335678462
GLOBAL,S3D4,RNWSPVKENXX,1,2038,0.935799264
GLOBAL,S1D1,RNWSPVKENXX,1,2039,0.380387232
GLOBAL,S1D2,RNWSPVKENXX,1,2039,1.7901679335678462
GLOBAL,S1D3,RNWSPVKENXX,1,2039,1.7901679335678462
GLOBAL,S1D4,RNWSPVKENXX,1,2039,1.0501488
GLOBAL,S2D1,RNWSPVKENXX,1,2039,0.30921048000000007
GLOBAL,S2D2,RNWSPVKENXX,1,2039,1.7901679335678462
GLOBAL,S2D3,RNWSPVKENXX,1,2039,1.7901679335678462
GLOBAL,S2D4,RNWSPVKENXX,1,2039,0.906628464
GLOBAL,S3D1,RNWSPVKENXX,1,2039,0.36171792
GLOBAL,S3D2,RNWSPVKENXX,1,2039,1.7901679335678462
GLOBAL,S3D3,RNWSPVKENXX,1,2039,1.7901679335678462
GLOBAL,S3D4,RNWSPVKENXX,1,2039,0.935799264
GLOBAL,S1D1,RNWSPVKENXX,1,2040,0.380387232
GLOBAL,S1D2,RNWSPVKENXX,1,2040,1.7901679335678462
GLOBAL,S1D3,RNWSPVKENXX,1,2040,1.7901679335678462
GLOBAL,S1D4,RNWSPVKENXX,1,2040,1.0501488
GLOBAL,S2D1,RNWSPVKENXX,1,2040,0.30921048000000007
GLOBAL,S2D2,RNWSPVKENXX,1,2040,1.7901679335678462
GLOBAL,S2D3,RNWSPVKENXX,1,2040,1.7901679335678462
GLOBAL,S2D4,RNWSPVKENXX,1,2040,0.906628464
GLOBAL,S3D1,RNWSPVKENXX,1,2040,0.361717920000001
GLOBAL,S3D2,RNWSPVKENXX,1,2040,1.7901679335678462
GLOBAL,S3D3,RNWSPVKENXX,1,2040,1.7901679335678462
GLOBAL,S3D4,RNWSPVKENXX,1,2040,0.935799264
GLOBAL,S1D1,RNWSPVKENXX,1,2041,0.380387232
GLOBAL,S1D2,RNWSPVKENXX,1,2041,1.7901679335678462
GLOBAL,S1D3,RNWSPVKENXX,1,2041,1.7901679335678462
GLOBAL,S1D4,RNWSPVKENXX,1,2041,1.0501488
GLOBAL,S2D1,RNWSPVKENXX,1,2041,0.30921048000000007
GLOBAL,S2D2,RNWSPVKENXX,1,2041,1.7901679335678462
GLOBAL,S2D3,RNWSPVKENXX,1,2041,1.7901679335678462
GLOBAL,S2D4,RNWSPVKENXX,1,2041,0.906628464
GLOBAL,S3D1,RNWSPVKENXX,1,2041,0.36171792
GLOBAL,S3D2,RNWSPVKENXX,1,2041,1.7901679335678462
GLOBAL,S3D3,RNWSPVKENXX,1,2041,1.7901679335678462
GLOBAL,S3D4,RNWSPVKENXX,1,2041,0.935799264
GLOBAL,S1D1,RNWSPVKENXX,1,2042,0.380387232
GLOBAL,S1D2,RNWSPVKENXX,1,2042,1.7901679335678462
GLOBAL,S1D3,RNWSPVKENXX,1,2042,1.7901679335678462
GLOBAL,S1D4,RNWSPVKENXX,1,2042,1.0501488
GLOBAL,S2D1,RNWSPVKENXX,1,2042,0.30921048000000007
GLOBAL,S2D2,RNWSPVKENXX,1,2042,1.7901679335678462
GLOBAL,S2D3,RNWSPVKENXX,1,2042,1.7901679335678462
GLOBAL,S2D4,RNWSPVKENXX,1,2042,0.906628464
GLOBAL,S3D1,RNWSPVKENXX,1,2042,0.36171792
GLOBAL,S3D2,RNWSPVKENXX,1,2042,1.7901679335678462
GLOBAL,S3D3,RNWSPVKENXX,1,2042,1.7901679335678462
GLOBAL,S3D4,RNWSPVKENXX,1,2042,0.935799264
GLOBAL,S1D1,RNWSPVKENXX,1,2043,0.380387232
GLOBAL,S1D2,RNWSPVKENXX,1,2043,1.7901679335678462
GLOBAL,S1D3,RNWSPVKENXX,1,2043,1.7901679335678462
GLOBAL,S1D4,RNWSPVKENXX,1,2043,1.0501488
GLOBAL,S2D1,RNWSPVKENXX,1,2043,0.30921048000000007
GLOBAL,S2D2,RNWSPVKENXX,1,2043,1.7901679335678462
GLOBAL,S2D3,RNWSPVKENXX,1,2043,1.7901679335678462
GLOBAL,S2D4,RNWSPVKENXX,1,2043,0.906628464
GLOBAL,S3D1,RNWSPVKENXX,1,2043,0.36171792
GLOBAL,S3D2,RNWSPVKENXX,1,2043,1.7901679335678462
GLOBAL,S3D3,RNWSPVKENXX,1,2043,1.7901679335678462
GLOBAL,S3D4,RNWSPVKENXX,1,2043,0.935799264
GLOBAL,S1D1,RNWSPVKENXX,1,2044,0.380387232
GLOBAL,S1D2,RNWSPVKENXX,1,2044,1.7901679335678462
GLOBAL,S1D3,RNWSPVKENXX,1,2044,1.7901679335678462
GLOBAL,S1D4,RNWSPVKENXX,1,2044,1.0501488
GLOBAL,S2D1,RNWSPVKENXX,1,2044,0.3092104800000012
GLOBAL,S2D2,RNWSPVKENXX,1,2044,1.7901679335678462
GLOBAL,S2D3,RNWSPVKENXX,1,2044,1.7901679335678462
GLOBAL,S2D4,RNWSPVKENXX,1,2044,0.906628464
GLOBAL,S3D1,RNWSPVKENXX,1,2044,0.36171792
GLOBAL,S3D2,RNWSPVKENXX,1,2044,1.7901679335678462
GLOBAL,S3D3,RNWSPVKENXX,1,2044,1.7901679335678462
GLOBAL,S3D4,RNWSPVKENXX,1,2044,0.935799264
GLOBAL,S1D1,RNWWONKENXX,1,2021,1.7123291136
GLOBAL,S1D2,RNWWONKENXX,1,2021,2.5473014784
GLOBAL,S1D3,RNWWONKENXX,1,2021,1.0470839703872223
GLOBAL,S1D4,RNWWONKENXX,1,2021,2.5473014784
GLOBAL,S1D5,RNWWONKENXX,1,2021,2.5473014784
GLOBAL,S2D6,RNWWONKENXX,1,2021,2.3279622912
GLOBAL,S2D1,RNWWONKENXX,1,2021,2.0217351168
GLOBAL,S2D2,RNWWONKENXX,1,2021,1.817230464
GLOBAL,S2D3,RNWWONKENXX,1,2021,1.1676897792
GLOBAL,S2D4,RNWWONKENXX,1,2021,1.8394822656
GLOBAL,S2D5,RNWWONKENXX,1,2021,2.3035912704
GLOBAL,S3D6,RNWWONKENXX,1,2021,2.0641195008
GLOBAL,S3D1,RNWWONKENXX,1,2021,1.8786878208
GLOBAL,S3D2,RNWWONKENXX,1,2021,2.5133939712
GLOBAL,S3D3,RNWWONKENXX,1,2021,1.986768
GLOBAL,S3D4,RNWWONKENXX,1,2021,2.5473014784
GLOBAL,S3D5,RNWWONKENXX,1,2021,2.5473014784
GLOBAL,S1D6,RNWWONKENXX,1,2022,2.0630598912
GLOBAL,S1D1,RNWWONKENXX,1,2022,1.7123291136
GLOBAL,S1D2,RNWWONKENXX,1,2022,2.5473014784
GLOBAL,S1D3,RNWWONKENXX,1,2022,2.1626631936
GLOBAL,S1D4,RNWWONKENXX,1,2022,2.5473014784
GLOBAL,S1D5,RNWWONKENXX,1,2022,1.923334703327365
GLOBAL,S2D6,RNWWONKENXX,1,2022,2.3279622912
GLOBAL,S2D1,RNWWONKENXX,1,2022,2.0217351168
GLOBAL,S2D2,RNWWONKENXX,1,2022,1.817230464
GLOBAL,S2D3,RNWWONKENXX,1,2022,1.1676897792
GLOBAL,S2D4,RNWWONKENXX,1,2022,1.8394822656
GLOBAL,S2D5,RNWWONKENXX,1,2022,2.3035912704
GLOBAL,S3D6,RNWWONKENXX,1,2022,2.0641195008
GLOBAL,S3D1,RNWWONKENXX,1,2022,1.8786878208
GLOBAL,S3D3,RNWWONKENXX,1,2022,1.986768
GLOBAL,S3D4,RNWWONKENXX,1,2022,2.5473014784
GLOBAL,S3D5,RNWWONKENXX,1,2022,2.5473014784
GLOBAL,S1D6,RNWWONKENXX,1,2023,2.0630598912
GLOBAL,S1D1,RNWWONKENXX,1,2023,1.7123291136
GLOBAL,S1D2,RNWWONKENXX,1,2023,2.5473014784
GLOBAL,S1D3,RNWWONKENXX,1,2023,2.1626631936
GLOBAL,S1D4,RNWWONKENXX,1,2023,2.5473014784
GLOBAL,S1D5,RNWWONKENXX,1,2023,2.5473014784
GLOBAL,S2D6,RNWWONKENXX,1,2023,2.3279622912
GLOBAL,S2D1,RNWWONKENXX,1,2023,2.0217351168
GLOBAL,S2D2,RNWWONKENXX,1,2023,1.817230464
GLOBAL,S2D3,RNWWONKENXX,1,2023,1.1676897792
GLOBAL,S2D4,RNWWONKENXX,1,2023,1.8394822656
GLOBAL,S2D5,RNWWONKENXX,1,2023,2.3035912704
GLOBAL,S3D1,RNWWONKENXX,1,2023,1.8786878208
GLOBAL,S3D2,RNWWONKENXX,1,2023,2.5133939712
GLOBAL,S3D3,RNWWONKENXX,1,2023,1.986768
GLOBAL,S3D4,RNWWONKENXX,1,2023,2.5473014784
GLOBAL,S3D5,RNWWONKENXX,1,2023,1.4841422813576208
GLOBAL,S1D6,RNWWONKENXX,1,2024,1.903418352
GLOBAL,S1D1,RNWWONKENXX,1,2024,1.579827456
GLOBAL,S1D2,RNWWONKENXX,1,2024,2.46359232
GLOBAL,S1D3,RNWWONKENXX,1,2024,1.995314256
GLOBAL,S1D4,RNWWONKENXX,1,2024,2.504652192
GLOBAL,S1D5,RNWWONKENXX,1,2024,2.531047824
GLOBAL,S2D6,RNWWONKENXX,1,2024,0.4881297571558748
GLOBAL,S2D1,RNWWONKENXX,1,2024,1.865291328
GLOBAL,S2D2,RNWWONKENXX,1,2024,1.67661144
GLOBAL,S2D3,RNWWONKENXX,1,2024,1.077332832
GLOBAL,S2D4,RNWWONKENXX,1,2024,1.697141376
GLOBAL,S2D5,RNWWONKENXX,1,2024,2.125337184
GLOBAL,S3D6,RNWWONKENXX,1,2024,1.904395968
GLOBAL,S3D1,RNWWONKENXX,1,2024,1.733313168
GLOBAL,S3D2,RNWWONKENXX,1,2024,2.318905152
GLOBAL,S3D4,RNWWONKENXX,1,2024,2.350188864
GLOBAL,S3D5,RNWWONKENXX,1,2024,2.531047824
GLOBAL,S1D1,RNWWONKENXX,1,2025,1.579827456
GLOBAL,S1D2,RNWWONKENXX,1,2025,0.8017826641489105
GLOBAL,S1D3,RNWWONKENXX,1,2025,1.995314256
GLOBAL,S1D4,RNWWONKENXX,1,2025,2.504652192
GLOBAL,S1D5,RNWWONKENXX,1,2025,2.531047824
GLOBAL,S2D6,RNWWONKENXX,1,2025,2.147822352
GLOBAL,S2D1,RNWWONKENXX,1,2025,1.865291328
GLOBAL,S2D2,RNWWONKENXX,1,2025,1.67661144
GLOBAL,S2D3,RNWWONKENXX,1,2025,1.077332832
GLOBAL,S2D4,RNWWONKENXX,1,2025,1.697141376
GLOBAL,S2D5,RNWWONKENXX,1,2025,2.125337184
GLOBAL,S3D6,RNWWONKENXX,1,2025,1.904395968
GLOBAL,S3D1,RNWWONKENXX,1,2025,1.733313168
GLOBAL,S3D2,RNWWONKENXX,1,2025,2.318905152
GLOBAL,S3D3,RNWWONKENXX,1,2025,1.83303
GLOBAL,S3D4,RNWWONKENXX,1,2025,2.350188864
GLOBAL,S3D5,RNWWONKENXX,1,2025,2.531047824
GLOBAL,S1D6,RNWWONKENXX,1,2026,1.903418352
GLOBAL,S1D1,RNWWONKENXX,1,2026,1.579827456
GLOBAL,S1D2,RNWWONKENXX,1,2026,2.46359232
GLOBAL,S1D4,RNWWONKENXX,1,2026,2.504652192
GLOBAL,S1D5,RNWWONKENXX,1,2026,2.531047824
GLOBAL,S2D6,RNWWONKENXX,1,2026,2.147822352
GLOBAL,S2D1,RNWWONKENXX,1,2026,1.865291328
GLOBAL,S2D2,RNWWONKENXX,1,2026,1.67661144
GLOBAL,S2D3,RNWWONKENXX,1,2026,1.077332832
GLOBAL,S2D4,RNWWONKENXX,1,2026,1.697141376
GLOBAL,S2D5,RNWWONKENXX,1,2026,2.125337184
GLOBAL,S3D6,RNWWONKENXX,1,2026,1.904395968
GLOBAL,S3D1,RNWWONKENXX,1,2026,1.733313168
GLOBAL,S3D2,RNWWONKENXX,1,2026,0.7743580496402183
GLOBAL,S3D3,RNWWONKENXX,1,2026,1.83303
GLOBAL,S3D4,RNWWONKENXX,1,2026,2.350188864
GLOBAL,S3D5,RNWWONKENXX,1,2026,2.531047824
GLOBAL,S1D1,RNWWONKENXX,1,2027,1.579827456
GLOBAL,S1D2,RNWWONKENXX,1,2027,2.46359232
GLOBAL,S1D3,RNWWONKENXX,1,2027,1.995314256
GLOBAL,S1D4,RNWWONKENXX,1,2027,2.504652192
GLOBAL,S1D5,RNWWONKENXX,1,2027,2.531047824
GLOBAL,S2D6,RNWWONKENXX,1,2027,2.147822352
GLOBAL,S2D1,RNWWONKENXX,1,2027,1.865291328
GLOBAL,S2D2,RNWWONKENXX,1,2027,0.05619917771103732
GLOBAL,S2D3,RNWWONKENXX,1,2027,1.077332832
GLOBAL,S2D4,RNWWONKENXX,1,2027,1.697141376
GLOBAL,S2D5,RNWWONKENXX,1,2027,2.125337184
GLOBAL,S3D6,RNWWONKENXX,1,2027,1.904395968
GLOBAL,S3D1,RNWWONKENXX,1,2027,1.733313168
GLOBAL,S3D2,RNWWONKENXX,1,2027,2.318905152
GLOBAL,S3D3,RNWWONKENXX,1,2027,1.83303
GLOBAL,S3D4,RNWWONKENXX,1,2027,2.350188864
GLOBAL,S3D5,RNWWONKENXX,1,2027,2.531047824
GLOBAL,S1D6,RNWWONKENXX,1,2028,0.84284253614891
GLOBAL,S1D1,RNWWONKENXX,1,2028,1.579827456
GLOBAL,S1D2,RNWWONKENXX,1,2028,2.46359232
GLOBAL,S1D3,RNWWONKENXX,1,2028,1.995314256
GLOBAL,S1D5,RNWWONKENXX,1,2028,2.531047824
GLOBAL,S2D6,RNWWONKENXX,1,2028,2.147822352
GLOBAL,S2D1,RNWWONKENXX,1,2028,1.865291328
GLOBAL,S2D2,RNWWONKENXX,1,2028,1.67661144
GLOBAL,S2D3,RNWWONKENXX,1,2028,1.077332832
GLOBAL,S2D4,RNWWONKENXX,1,2028,1.697141376
GLOBAL,S2D5,RNWWONKENXX,1,2028,2.125337184
GLOBAL,S3D6,RNWWONKENXX,1,2028,1.904395968
GLOBAL,S3D1,RNWWONKENXX,1,2028,1.733313168
GLOBAL,S3D2,RNWWONKENXX,1,2028,2.318905152
GLOBAL,S3D3,RNWWONKENXX,1,2028,1.83303
GLOBAL,S3D4,RNWWONKENXX,1,2028,2.350188864
GLOBAL,S3D5,RNWWONKENXX,1,2028,2.531047824
GLOBAL,S1D6,RNWWONKENXX,1,2029,1.2532813033651082
GLOBAL,S1D2,RNWWONKENXX,1,2029,2.46359232
GLOBAL,S1D3,RNWWONKENXX,1,2029,1.995314256
GLOBAL,S1D4,RNWWONKENXX,1,2029,2.504652192
GLOBAL,S1D5,RNWWONKENXX,1,2029,2.531047824
GLOBAL,S2D6,RNWWONKENXX,1,2029,2.147822352
GLOBAL,S2D1,RNWWONKENXX,1,2029,1.865291328
GLOBAL,S2D2,RNWWONKENXX,1,2029,0.374610728678868
GLOBAL,S2D3,RNWWONKENXX,1,2029,1.077332832
GLOBAL,S2D4,RNWWONKENXX,1,2029,1.697141376
GLOBAL,S2D5,RNWWONKENXX,1,2029,2.125337184
GLOBAL,S3D6,RNWWONKENXX,1,2029,1.904395968
GLOBAL,S3D1,RNWWONKENXX,1,2029,1.733313168
GLOBAL,S3D2,RNWWONKENXX,1,2029,2.318905152
GLOBAL,S3D3,RNWWONKENXX,1,2029,1.83303
GLOBAL,S3D4,RNWWONKENXX,1,2029,2.350188864
GLOBAL,S3D5,RNWWONKENXX,1,2029,2.531047824
GLOBAL,S1D6,RNWWONKENXX,1,2030,0.84284253614891
GLOBAL,S1D1,RNWWONKENXX,1,2030,1.579827456
GLOBAL,S1D2,RNWWONKENXX,1,2030,2.46359232
GLOBAL,S1D3,RNWWONKENXX,1,2030,1.995314256
GLOBAL,S1D5,RNWWONKENXX,1,2030,2.531047824
GLOBAL,S2D6,RNWWONKENXX,1,2030,2.147822352
GLOBAL,S2D1,RNWWONKENXX,1,2030,1.865291328
GLOBAL,S2D2,RNWWONKENXX,1,2030,1.67661144
GLOBAL,S2D3,RNWWONKENXX,1,2030,1.077332832
GLOBAL,S2D4,RNWWONKENXX,1,2030,1.697141376
GLOBAL,S2D5,RNWWONKENXX,1,2030,2.125337184
GLOBAL,S3D6,RNWWONKENXX,1,2030,1.904395968
GLOBAL,S3D1,RNWWONKENXX,1,2030,1.733313168
GLOBAL,S3D2,RNWWONKENXX,1,2030,2.318905152
GLOBAL,S3D3,RNWWONKENXX,1,2030,1.83303
GLOBAL,S3D4,RNWWONKENXX,1,2030,2.350188864
GLOBAL,S3D5,RNWWONKENXX,1,2030,2.531047824
GLOBAL,S1D6,RNWWONKENXX,1,2031,0.84284253614891
GLOBAL,S1D1,RNWWONKENXX,1,2031,1.579827456
GLOBAL,S1D2,RNWWONKENXX,1,2031,2.46359232
GLOBAL,S1D3,RNWWONKENXX,1,2031,1.995314256
GLOBAL,S1D5,RNWWONKENXX,1,2031,2.531047824
GLOBAL,S2D6,RNWWONKENXX,1,2031,2.147822352
GLOBAL,S2D1,RNWWONKENXX,1,2031,1.865291328
GLOBAL,S2D2,RNWWONKENXX,1,2031,1.67661144
GLOBAL,S2D3,RNWWONKENXX,1,2031,1.077332832
GLOBAL,S2D4,RNWWONKENXX,1,2031,1.697141376
GLOBAL,S2D5,RNWWONKENXX,1,2031,2.125337184
GLOBAL,S3D6,RNWWONKENXX,1,2031,1.904395968
GLOBAL,S3D1,RNWWONKENXX,1,2031,1.733313168
GLOBAL,S3D2,RNWWONKENXX,1,2031,2.318905152
GLOBAL,S3D3,RNWWONKENXX,1,2031,1.83303
GLOBAL,S3D4,RNWWONKENXX,1,2031,2.350188864
GLOBAL,S3D5,RNWWONKENXX,1,2031,2.531047824
GLOBAL,S1D1,RNWWONKENXX,1,2032,1.579827456
GLOBAL,S1D2,RNWWONKENXX,1,2032,2.46359232
GLOBAL,S1D3,RNWWONKENXX,1,2032,1.995314256
GLOBAL,S1D4,RNWWONKENXX,1,2032,2.504652192
GLOBAL,S1D5,RNWWONKENXX,1,2032,2.531047824
GLOBAL,S2D6,RNWWONKENXX,1,2032,2.147822352
GLOBAL,S2D1,RNWWONKENXX,1,2032,1.865291328
GLOBAL,S2D2,RNWWONKENXX,1,2032,0.05619917771103732
GLOBAL,S2D3,RNWWONKENXX,1,2032,1.077332832
GLOBAL,S2D4,RNWWONKENXX,1,2032,1.697141376
GLOBAL,S2D5,RNWWONKENXX,1,2032,2.125337184
GLOBAL,S3D6,RNWWONKENXX,1,2032,1.904395968
GLOBAL,S3D1,RNWWONKENXX,1,2032,1.733313168
GLOBAL,S3D2,RNWWONKENXX,1,2032,2.318905152
GLOBAL,S3D3,RNWWONKENXX,1,2032,1.83303
GLOBAL,S3D4,RNWWONKENXX,1,2032,2.350188864
GLOBAL,S3D5,RNWWONKENXX,1,2032,2.531047824
GLOBAL,S1D1,RNWWONKENXX,1,2033,1.579827456
GLOBAL,S1D2,RNWWONKENXX,1,2033,2.46359232
GLOBAL,S1D3,RNWWONKENXX,1,2033,1.995314256
GLOBAL,S1D4,RNWWONKENXX,1,2033,2.504652192
GLOBAL,S1D5,RNWWONKENXX,1,2033,2.531047824
GLOBAL,S2D6,RNWWONKENXX,1,2033,2.147822352
GLOBAL,S2D1,RNWWONKENXX,1,2033,1.865291328
GLOBAL,S2D2,RNWWONKENXX,1,2033,0.05619917771103732
GLOBAL,S2D3,RNWWONKENXX,1,2033,1.077332832
GLOBAL,S2D4,RNWWONKENXX,1,2033,1.697141376
GLOBAL,S2D5,RNWWONKENXX,1,2033,2.125337184
GLOBAL,S3D6,RNWWONKENXX,1,2033,1.904395968
GLOBAL,S3D1,RNWWONKENXX,1,2033,1.733313168
GLOBAL,S3D2,RNWWONKENXX,1,2033,2.318905152
GLOBAL,S3D3,RNWWONKENXX,1,2033,1.83303
GLOBAL,S3D4,RNWWONKENXX,1,2033,2.350188864
GLOBAL,S3D5,RNWWONKENXX,1,2033,2.531047824
GLOBAL,S1D1,RNWWONKENXX,1,2034,1.579827456
GLOBAL,S1D2,RNWWONKENXX,1,2034,2.46359232
GLOBAL,S1D3,RNWWONKENXX,1,2034,1.995314256
GLOBAL,S1D4,RNWWONKENXX,1,2034,2.504652192
GLOBAL,S1D5,RNWWONKENXX,1,2034,2.531047824
GLOBAL,S2D6,RNWWONKENXX,1,2034,2.147822352
GLOBAL,S2D1,RNWWONKENXX,1,2034,1.865291328
GLOBAL,S2D2,RNWWONKENXX,1,2034,1.67661144
GLOBAL,S2D3,RNWWONKENXX,1,2034,1.077332832
GLOBAL,S2D4,RNWWONKENXX,1,2034,1.697141376
GLOBAL,S2D5,RNWWONKENXX,1,2034,2.125337184
GLOBAL,S3D6,RNWWONKENXX,1,2034,1.904395968
GLOBAL,S3D1,RNWWONKENXX,1,2034,1.733313168
GLOBAL,S3D2,RNWWONKENXX,1,2034,2.318905152
GLOBAL,S3D3,RNWWONKENXX,1,2034,0.19807184666714897
GLOBAL,S3D4,RNWWONKENXX,1,2034,2.350188864
GLOBAL,S3D5,RNWWONKENXX,1,2034,2.531047824
GLOBAL,S1D6,RNWWONKENXX,1,2035,0.84284253614891
GLOBAL,S1D1,RNWWONKENXX,1,2035,1.579827456
GLOBAL,S1D2,RNWWONKENXX,1,2035,2.46359232
GLOBAL,S1D3,RNWWONKENXX,1,2035,1.995314256
GLOBAL,S1D5,RNWWONKENXX,1,2035,2.531047824
GLOBAL,S2D6,RNWWONKENXX,1,2035,2.147822352
GLOBAL,S2D1,RNWWONKENXX,1,2035,1.865291328
GLOBAL,S2D2,RNWWONKENXX,1,2035,1.67661144
GLOBAL,S2D3,RNWWONKENXX,1,2035,1.077332832
GLOBAL,S2D4,RNWWONKENXX,1,2035,1.697141376
GLOBAL,S2D5,RNWWONKENXX,1,2035,2.125337184
GLOBAL,S3D6,RNWWONKENXX,1,2035,1.904395968
GLOBAL,S3D1,RNWWONKENXX,1,2035,1.733313168
GLOBAL,S3D2,RNWWONKENXX,1,2035,2.318905152
GLOBAL,S3D3,RNWWONKENXX,1,2035,1.83303
GLOBAL,S3D4,RNWWONKENXX,1,2035,2.350188864
GLOBAL,S3D5,RNWWONKENXX,1,2035,2.531047824
GLOBAL,S1D6,RNWWONKENXX,1,2036,0.84284253614891
GLOBAL,S1D1,RNWWONKENXX,1,2036,1.579827456
GLOBAL,S1D2,RNWWONKENXX,1,2036,2.46359232
GLOBAL,S1D3,RNWWONKENXX,1,2036,1.995314256
GLOBAL,S1D5,RNWWONKENXX,1,2036,2.531047824
GLOBAL,S2D6,RNWWONKENXX,1,2036,2.147822352
GLOBAL,S2D1,RNWWONKENXX,1,2036,1.865291328
GLOBAL,S2D2,RNWWONKENXX,1,2036,1.67661144
GLOBAL,S2D3,RNWWONKENXX,1,2036,1.077332832
GLOBAL,S2D4,RNWWONKENXX,1,2036,1.697141376
GLOBAL,S2D5,RNWWONKENXX,1,2036,2.125337184
GLOBAL,S3D6,RNWWONKENXX,1,2036,1.904395968
GLOBAL,S3D1,RNWWONKENXX,1,2036,1.733313168
GLOBAL,S3D2,RNWWONKENXX,1,2036,2.318905152
GLOBAL,S3D3,RNWWONKENXX,1,2036,1.83303
GLOBAL,S3D4,RNWWONKENXX,1,2036,2.350188864
GLOBAL,S3D5,RNWWONKENXX,1,2036,2.531047824
GLOBAL,S1D6,RNWWONKENXX,1,2037,0.84284253614891
GLOBAL,S1D1,RNWWONKENXX,1,2037,1.579827456
GLOBAL,S1D2,RNWWONKENXX,1,2037,2.46359232
GLOBAL,S1D3,RNWWONKENXX,1,2037,1.995314256
GLOBAL,S1D5,RNWWONKENXX,1,2037,2.531047824
GLOBAL,S2D6,RNWWONKENXX,1,2037,2.147822352
GLOBAL,S2D1,RNWWONKENXX,1,2037,1.865291328
GLOBAL,S2D2,RNWWONKENXX,1,2037,1.67661144
GLOBAL,S2D3,RNWWONKENXX,1,2037,1.077332832
GLOBAL,S2D4,RNWWONKENXX,1,2037,1.697141376
GLOBAL,S2D5,RNWWONKENXX,1,2037,2.125337184
GLOBAL,S3D6,RNWWONKENXX,1,2037,1.904395968
GLOBAL,S3D1,RNWWONKENXX,1,2037,1.733313168
GLOBAL,S3D2,RNWWONKENXX,1,2037,2.318905152
GLOBAL,S3D3,RNWWONKENXX,1,2037,1.83303
GLOBAL,S3D4,RNWWONKENXX,1,2037,2.350188864
GLOBAL,S3D5,RNWWONKENXX,1,2037,2.531047824
GLOBAL,S1D6,RNWWONKENXX,1,2038,0.84284253614891
GLOBAL,S1D1,RNWWONKENXX,1,2038,1.579827456
GLOBAL,S1D2,RNWWONKENXX,1,2038,2.46359232
GLOBAL,S1D3,RNWWONKENXX,1,2038,1.995314256
GLOBAL,S1D5,RNWWONKENXX,1,2038,2.531047824
GLOBAL,S2D6,RNWWONKENXX,1,2038,2.147822352
GLOBAL,S2D1,RNWWONKENXX,1,2038,1.865291328
GLOBAL,S2D2,RNWWONKENXX,1,2038,1.67661144
GLOBAL,S2D3,RNWWONKENXX,1,2038,1.077332832
GLOBAL,S2D4,RNWWONKENXX,1,2038,1.697141376
GLOBAL,S2D5,RNWWONKENXX,1,2038,2.125337184
GLOBAL,S3D6,RNWWONKENXX,1,2038,1.904395968
GLOBAL,S3D1,RNWWONKENXX,1,2038,1.733313168
GLOBAL,S3D2,RNWWONKENXX,1,2038,2.318905152
GLOBAL,S3D3,RNWWONKENXX,1,2038,1.83303
GLOBAL,S3D4,RNWWONKENXX,1,2038,2.350188864
GLOBAL,S3D5,RNWWONKENXX,1,2038,2.531047824
GLOBAL,S1D6,RNWWONKENXX,1,2039,1.903418352
GLOBAL,S1D1,RNWWONKENXX,1,2039,1.579827456
GLOBAL,S1D2,RNWWONKENXX,1,2039,2.46359232
GLOBAL,S1D3,RNWWONKENXX,1,2039,1.995314256
GLOBAL,S1D4,RNWWONKENXX,1,2039,0.7012041742510962
GLOBAL,S1D5,RNWWONKENXX,1,2039,2.531047824
GLOBAL,S2D6,RNWWONKENXX,1,2039,2.147822352
GLOBAL,S2D1,RNWWONKENXX,1,2039,1.865291328
GLOBAL,S2D2,RNWWONKENXX,1,2039,1.67661144
GLOBAL,S2D3,RNWWONKENXX,1,2039,1.077332832
GLOBAL,S2D4,RNWWONKENXX,1,2039,1.697141376
GLOBAL,S2D5,RNWWONKENXX,1,2039,2.125337184
GLOBAL,S3D6,RNWWONKENXX,1,2039,1.904395968
GLOBAL,S3D2,RNWWONKENXX,1,2039,2.318905152
GLOBAL,S3D3,RNWWONKENXX,1,2039,1.83303
GLOBAL,S3D4,RNWWONKENXX,1,2039,2.350188864
GLOBAL,S3D5,RNWWONKENXX,1,2039,2.531047824
GLOBAL,S1D6,RNWWONKENXX,1,2040,0.84284253614891
GLOBAL,S1D1,RNWWONKENXX,1,2040,1.579827456
GLOBAL,S1D2,RNWWONKENXX,1,2040,2.46359232
GLOBAL,S1D3,RNWWONKENXX,1,2040,1.995314256
GLOBAL,S1D5,RNWWONKENXX,1,2040,2.531047824
GLOBAL,S2D6,RNWWONKENXX,1,2040,2.147822352
GLOBAL,S2D1,RNWWONKENXX,1,2040,1.865291328
GLOBAL,S2D2,RNWWONKENXX,1,2040,1.67661144
GLOBAL,S2D3,RNWWONKENXX,1,2040,1.077332832
GLOBAL,S2D4,RNWWONKENXX,1,2040,1.697141376
GLOBAL,S2D5,RNWWONKENXX,1,2040,2.125337184
GLOBAL,S3D6,RNWWONKENXX,1,2040,1.904395968
GLOBAL,S3D1,RNWWONKENXX,1,2040,1.733313168
GLOBAL,S3D2,RNWWONKENXX,1,2040,2.318905152
GLOBAL,S3D3,RNWWONKENXX,1,2040,1.83303
GLOBAL,S3D4,RNWWONKENXX,1,2040,2.350188864
GLOBAL,S3D5,RNWWONKENXX,1,2040,2.531047824
GLOBAL,S1D6,RNWWONKENXX,1,2041,0.84284253614891
GLOBAL,S1D1,RNWWONKENXX,1,2041,1.579827456
GLOBAL,S1D2,RNWWONKENXX,1,2041,2.46359232
GLOBAL,S1D3,RNWWONKENXX,1,2041,1.995314256
GLOBAL,S1D5,RNWWONKENXX,1,2041,2.531047824
GLOBAL,S2D6,RNWWONKENXX,1,2041,2.147822352
GLOBAL,S2D1,RNWWONKENXX,1,2041,1.865291328
GLOBAL,S2D2,RNWWONKENXX,1,2041,1.67661144
GLOBAL,S2D3,RNWWONKENXX,1,2041,1.077332832
GLOBAL,S2D4,RNWWONKENXX,1,2041,1.697141376
GLOBAL,S2D5,RNWWONKENXX,1,2041,2.125337184
GLOBAL,S3D6,RNWWONKENXX,1,2041,1.904395968
GLOBAL,S3D1,RNWWONKENXX,1,2041,1.733313168
GLOBAL,S3D2,RNWWONKENXX,1,2041,2.318905152
GLOBAL,S3D3,RNWWONKENXX,1,2041,1.83303
GLOBAL,S3D4,RNWWONKENXX,1,2041,2.350188864
GLOBAL,S3D5,RNWWONKENXX,1,2041,2.531047824
GLOBAL,S1D6,RNWWONKENXX,1,2042,0.778108878264925
GLOBAL,S1D1,RNWWONKENXX,1,2042,1.579827456
GLOBAL,S1D2,RNWWONKENXX,1,2042,2.46359232
GLOBAL,S1D4,RNWWONKENXX,1,2042,2.504652192
GLOBAL,S1D5,RNWWONKENXX,1,2042,2.531047824
GLOBAL,S2D6,RNWWONKENXX,1,2042,2.147822352
GLOBAL,S2D1,RNWWONKENXX,1,2042,1.865291328
GLOBAL,S2D2,RNWWONKENXX,1,2042,1.67661144
GLOBAL,S2D3,RNWWONKENXX,1,2042,1.077332832
GLOBAL,S2D4,RNWWONKENXX,1,2042,1.697141376
GLOBAL,S2D5,RNWWONKENXX,1,2042,2.125337184
GLOBAL,S3D6,RNWWONKENXX,1,2042,1.904395968
GLOBAL,S3D1,RNWWONKENXX,1,2042,1.2958928010205064
GLOBAL,S3D2,RNWWONKENXX,1,2042,2.318905152
GLOBAL,S3D3,RNWWONKENXX,1,2042,1.83303
GLOBAL,S3D4,RNWWONKENXX,1,2042,2.350188864
GLOBAL,S3D5,RNWWONKENXX,1,2042,2.531047824
GLOBAL,S1D6,RNWWONKENXX,1,2043,0.84284253614891
GLOBAL,S1D1,RNWWONKENXX,1,2043,1.579827456
GLOBAL,S1D2,RNWWONKENXX,1,2043,2.46359232
GLOBAL,S1D3,RNWWONKENXX,1,2043,1.995314256
GLOBAL,S1D5,RNWWONKENXX,1,2043,2.531047824
GLOBAL,S2D6,RNWWONKENXX,1,2043,2.147822352
GLOBAL,S2D1,RNWWONKENXX,1,2043,1.865291328
GLOBAL,S2D2,RNWWONKENXX,1,2043,1.67661144
GLOBAL,S2D3,RNWWONKENXX,1,2043,1.077332832
GLOBAL,S2D4,RNWWONKENXX,1,2043,1.697141376
GLOBAL,S2D5,RNWWONKENXX,1,2043,2.125337184
GLOBAL,S3D6,RNWWONKENXX,1,2043,1.904395968
GLOBAL,S3D1,RNWWONKENXX,1,2043,1.733313168
GLOBAL,S3D2,RNWWONKENXX,1,2043,2.318905152
GLOBAL,S3D3,RNWWONKENXX,1,2043,1.83303
GLOBAL,S3D4,RNWWONKENXX,1,2043,2.350188864
GLOBAL,S3D5,RNWWONKENXX,1,2043,2.531047824
GLOBAL,S1D6,RNWWONKENXX,1,2044,0.84284253614891
GLOBAL,S1D1,RNWWONKENXX,1,2044,1.579827456
GLOBAL,S1D2,RNWWONKENXX,1,2044,2.46359232
GLOBAL,S1D3,RNWWONKENXX,1,2044,1.995314256
GLOBAL,S1D5,RNWWONKENXX,1,2044,2.531047824
GLOBAL,S2D6,RNWWONKENXX,1,2044,2.147822352
GLOBAL,S2D1,RNWWONKENXX,1,2044,1.865291328
GLOBAL,S2D2,RNWWONKENXX,1,2044,1.67661144
GLOBAL,S2D3,RNWWONKENXX,1,2044,1.077332832
GLOBAL,S2D4,RNWWONKENXX,1,2044,1.697141376
GLOBAL,S2D5,RNWWONKENXX,1,2044,2.125337184
GLOBAL,S3D6,RNWWONKENXX,1,2044,1.904395968
GLOBAL,S3D1,RNWWONKENXX,1,2044,1.733313168
GLOBAL,S3D2,RNWWONKENXX,1,2044,2.318905152
GLOBAL,S3D3,RNWWONKENXX,1,2044,1.83303
GLOBAL,S3D4,RNWWONKENXX,1,2044,2.350188864
GLOBAL,S3D5,RNWWONKENXX,1,2044,2.531047824
GLOBAL,S1D6,RNWWONKENXX,1,2045,1.903418352
GLOBAL,S1D2,RNWWONKENXX,1,2045,0.9460641304565773
GLOBAL,S1D3,RNWWONKENXX,1,2045,1.995314256
GLOBAL,S1D4,RNWWONKENXX,1,2045,2.367188863999635
GLOBAL,S1D5,RNWWONKENXX,1,2045,2.367188863999635
GLOBAL,S2D6,RNWWONKENXX,1,2045,2.147822352
GLOBAL,S2D1,RNWWONKENXX,1,2045,1.865291328
GLOBAL,S2D2,RNWWONKENXX,1,2045,1.67661144
GLOBAL,S2D3,RNWWONKENXX,1,2045,1.077332832
GLOBAL,S2D4,RNWWONKENXX,1,2045,1.697141376
GLOBAL,S2D5,RNWWONKENXX,1,2045,2.125337184
GLOBAL,S3D6,RNWWONKENXX,1,2045,1.904395968
GLOBAL,S3D1,RNWWONKENXX,1,2045,1.733313168
GLOBAL,S3D2,RNWWONKENXX,1,2045,2.318905152
GLOBAL,S3D3,RNWWONKENXX,1,2045,1.83303
GLOBAL,S3D4,RNWWONKENXX,1,2045,2.350188864
GLOBAL,S3D5,RNWWONKENXX,1,2045,2.367188863999635
GLOBAL,S1D6,RNWWONKENXX,1,2046,0.4822936184568095
GLOBAL,S1D2,RNWWONKENXX,1,2046,2.367188863999667
GLOBAL,S1D3,RNWWONKENXX,1,2046,1.995314256
GLOBAL,S1D4,RNWWONKENXX,1,2046,2.367188863999667
GLOBAL,S1D5,RNWWONKENXX,1,2046,2.367188863999667
GLOBAL,S2D6,RNWWONKENXX,1,2046,2.147822352
GLOBAL,S2D1,RNWWONKENXX,1,2046,1.865291328
GLOBAL,S2D2,RNWWONKENXX,1,2046,1.67661144
GLOBAL,S2D3,RNWWONKENXX,1,2046,1.077332832
GLOBAL,S2D4,RNWWONKENXX,1,2046,1.697141376
GLOBAL,S2D5,RNWWONKENXX,1,2046,2.125337184
GLOBAL,S3D6,RNWWONKENXX,1,2046,1.904395968
GLOBAL,S3D1,RNWWONKENXX,1,2046,1.733313168
GLOBAL,S3D2,RNWWONKENXX,1,2046,2.318905152
GLOBAL,S3D3,RNWWONKENXX,1,2046,1.83303
GLOBAL,S3D4,RNWWONKENXX,1,2046,2.350188864
GLOBAL,S3D5,RNWWONKENXX,1,2046,2.367188863999667
GLOBAL,S1D6,RNWWONKENXX,1,2047,1.903418352
GLOBAL,S1D1,RNWWONKENXX,1,2047,1.579827456
GLOBAL,S1D2,RNWWONKENXX,1,2047,2.3501888639991133
GLOBAL,S1D3,RNWWONKENXX,1,2047,1.995314256
GLOBAL,S1D4,RNWWONKENXX,1,2047,2.3501888639991133
GLOBAL,S1D5,RNWWONKENXX,1,2047,2.3501888639991133
GLOBAL,S2D6,RNWWONKENXX,1,2047,1.0060975027251813
GLOBAL,S2D1,RNWWONKENXX,1,2047,1.865291328
GLOBAL,S2D2,RNWWONKENXX,1,2047,1.67661144
GLOBAL,S2D3,RNWWONKENXX,1,2047,1.077332832
GLOBAL,S2D4,RNWWONKENXX,1,2047,1.697141376
GLOBAL,S2D5,RNWWONKENXX,1,2047,2.125337184
GLOBAL,S3D6,RNWWONKENXX,1,2047,1.904395968
GLOBAL,S3D2,RNWWONKENXX,1,2047,2.318905152
GLOBAL,S3D3,RNWWONKENXX,1,2047,1.83303
GLOBAL,S3D4,RNWWONKENXX,1,2047,2.350188864
GLOBAL,S3D5,RNWWONKENXX,1,2047,2.3501888639991133
GLOBAL,S1D6,TRNKENXXTZAXX,2,2021,0.5376827735087857
GLOBAL,S1D1,TRNKENXXTZAXX,2,2021,0.5376827735087857
GLOBAL,S1D2,TRNKENXXTZAXX,2,2021,0.5376827735087857
GLOBAL,S1D3,TRNKENXXTZAXX,2,2021,0.5376827735087857
GLOBAL,S1D4,TRNKENXXTZAXX,2,2021,0.5376827735087857
GLOBAL,S1D5,TRNKENXXTZAXX,2,2021,0.5376827735087857
GLOBAL,S2D6,TRNKENXXTZAXX,2,2021,0.5376827735087857
GLOBAL,S2D1,TRNKENXXTZAXX,2,2021,0.5376827735087857
GLOBAL,S2D3,TRNKENXXTZAXX,2,2021,0.5376827735087857
GLOBAL,S3D6,TRNKENXXTZAXX,2,2021,0.5376827735087857
GLOBAL,S3D1,TRNKENXXTZAXX,2,2021,0.5376827735087857
GLOBAL,S3D2,TRNKENXXTZAXX,2,2021,0.5376827735087857
GLOBAL,S3D3,TRNKENXXTZAXX,2,2021,0.5376827735087857
GLOBAL,S2D4,TRNKENXXTZAXX,1,2021,0.5376827735087857
GLOBAL,S3D5,TRNKENXXTZAXX,1,2021,0.5376827735087857
GLOBAL,S1D6,TRNKENXXTZAXX,2,2022,0.5376827735087857
GLOBAL,S1D1,TRNKENXXTZAXX,2,2022,0.5376827735087857
GLOBAL,S1D2,TRNKENXXTZAXX,2,2022,0.5376827735087857
GLOBAL,S1D3,TRNKENXXTZAXX,2,2022,0.5376827735087857
GLOBAL,S1D4,TRNKENXXTZAXX,2,2022,0.5376827735087857
GLOBAL,S1D5,TRNKENXXTZAXX,2,2022,0.5376827735087857
GLOBAL,S2D6,TRNKENXXTZAXX,2,2022,0.5376827735087857
GLOBAL,S2D1,TRNKENXXTZAXX,2,2022,0.5376827735087857
GLOBAL,S2D2,TRNKENXXTZAXX,2,2022,0.5376827735087857
GLOBAL,S2D3,TRNKENXXTZAXX,2,2022,0.5376827735087857
GLOBAL,S2D5,TRNKENXXTZAXX,2,2022,0.5376827735087857
GLOBAL,S3D6,TRNKENXXTZAXX,2,2022,0.5376827735087857
GLOBAL,S3D1,TRNKENXXTZAXX,2,2022,0.5376827735087857
GLOBAL,S3D2,TRNKENXXTZAXX,2,2022,0.5376827735087857
GLOBAL,S3D3,TRNKENXXTZAXX,2,2022,0.5376827735087857
GLOBAL,S2D4,TRNKENXXTZAXX,1,2022,0.5376827735087857
GLOBAL,S3D5,TRNKENXXTZAXX,1,2022,0.5376827735087857
GLOBAL,S1D6,TRNKENXXTZAXX,1,2023,0.5376827735087857
GLOBAL,S1D1,TRNKENXXTZAXX,1,2023,0.5376827735087857
GLOBAL,S1D2,TRNKENXXTZAXX,1,2023,0.5376827735087857
GLOBAL,S1D3,TRNKENXXTZAXX,1,2023,0.5376827735087857
GLOBAL,S1D4,TRNKENXXTZAXX,1,2023,0.5376827735087857
GLOBAL,S1D5,TRNKENXXTZAXX,1,2023,0.5376827735087857
GLOBAL,S2D6,TRNKENXXTZAXX,1,2023,0.5376827735087857
GLOBAL,S2D1,TRNKENXXTZAXX,1,2023,0.5376827735087857
GLOBAL,S2D2,TRNKENXXTZAXX,1,2023,0.5376827735087857
GLOBAL,S2D3,TRNKENXXTZAXX,1,2023,0.5376827735087857
GLOBAL,S2D4,TRNKENXXTZAXX,1,2023,0.5376827735087857
GLOBAL,S2D5,TRNKENXXTZAXX,1,2023,0.5376827735087857
GLOBAL,S3D6,TRNKENXXTZAXX,1,2023,0.5376827735087857
GLOBAL,S3D1,TRNKENXXTZAXX,1,2023,0.5376827735087857
GLOBAL,S3D2,TRNKENXXTZAXX,1,2023,0.5376827735087857
GLOBAL,S3D3,TRNKENXXTZAXX,1,2023,0.5376827735087857
GLOBAL,S3D5,TRNKENXXTZAXX,1,2023,0.5376827735087857
GLOBAL,S2D6,TRNKENXXTZAXX,1,2024,4.956959211149656
GLOBAL,S2D2,TRNKENXXTZAXX,1,2024,0.48213914582453854
GLOBAL,S2D4,TRNKENXXTZAXX,1,2024,4.765987201725352
GLOBAL,S2D5,TRNKENXXTZAXX,1,2024,0.03387768614011514
GLOBAL,S3D5,TRNKENXXTZAXX,1,2024,8.025187164581697
GLOBAL,S2D4,TRNKENXXTZAXX,1,2025,5.036424278847969
GLOBAL,S3D5,TRNKENXXTZAXX,1,2025,8.281919660093369
GLOBAL,S2D4,TRNKENXXTZAXX,1,2026,5.842062005101345
GLOBAL,S3D5,TRNKENXXTZAXX,1,2026,9.046731150219033
GLOBAL,S2D4,TRNKENXXTZAXX,1,2027,6.647699731354722
GLOBAL,S3D5,TRNKENXXTZAXX,1,2027,9.811542640344705
GLOBAL,S2D4,TRNKENXXTZAXX,1,2028,7.4533374576080655
GLOBAL,S3D5,TRNKENXXTZAXX,1,2028,10.576354130470364
GLOBAL,S2D4,TRNKENXXTZAXX,1,2029,8.260866352232956
GLOBAL,S3D5,TRNKENXXTZAXX,1,2029,11.3429609527325
GLOBAL,S2D4,TRNKENXXTZAXX,1,2030,9.066504078486316
GLOBAL,S3D5,TRNKENXXTZAXX,1,2030,12.107772442858144
GLOBAL,S2D4,TRNKENXXTZAXX,1,2031,9.993176580514865
GLOBAL,S3D5,TRNKENXXTZAXX,1,2031,12.987485189716336
GLOBAL,S2D2,TRNKENXXTZAXX,1,2032,0.34534939379927604
GLOBAL,S2D4,TRNKENXXTZAXX,1,2032,10.92174025091489
GLOBAL,S2D5,TRNKENXXTZAXX,1,2032,0.34534939379924445
GLOBAL,S3D5,TRNKENXXTZAXX,1,2032,13.868993268710952
GLOBAL,S2D2,TRNKENXXTZAXX,1,2033,0.24558819260111656
GLOBAL,S2D4,TRNKENXXTZAXX,1,2033,11.850303921314888
GLOBAL,S2D5,TRNKENXXTZAXX,1,2033,0.245588192601164
GLOBAL,S3D5,TRNKENXXTZAXX,1,2033,14.750501347705535
GLOBAL,S2D2,TRNKENXXTZAXX,1,2034,0.1459589506637314
GLOBAL,S2D4,TRNKENXXTZAXX,1,2034,12.778867591714915
GLOBAL,S2D5,TRNKENXXTZAXX,1,2034,0.1459589506637156
GLOBAL,S3D5,TRNKENXXTZAXX,1,2034,15.632009426700169
GLOBAL,S2D2,TRNKENXXTZAXX,1,2035,0.04619774946554034
GLOBAL,S2D4,TRNKENXXTZAXX,1,2035,13.705540093743478
GLOBAL,S2D5,TRNKENXXTZAXX,1,2035,0.046197749465571945
GLOBAL,S3D5,TRNKENXXTZAXX,1,2035,16.511722173558343
GLOBAL,S2D4,TRNKENXXTZAXX,1,2036,14.779723728748008
GLOBAL,S3D5,TRNKENXXTZAXX,1,2036,17.531470827059273
GLOBAL,S2D4,TRNKENXXTZAXX,1,2037,15.852016195381006
GLOBAL,S3D5,TRNKENXXTZAXX,1,2037,18.54942414842373
GLOBAL,S2D4,TRNKENXXTZAXX,1,2038,16.926199830385503
GLOBAL,S3D5,TRNKENXXTZAXX,1,2038,19.569172801924623
GLOBAL,S2D4,TRNKENXXTZAXX,1,2039,17.99849229701852
GLOBAL,S3D5,TRNKENXXTZAXX,1,2039,20.58712612328905
GLOBAL,S2D4,TRNKENXXTZAXX,1,2040,19.07267593202303
GLOBAL,S3D5,TRNKENXXTZAXX,1,2040,21.60687477678993
GLOBAL,S2D4,TRNKENXXTZAXX,1,2041,20.405949633921153
GLOBAL,S3D5,TRNKENXXTZAXX,1,2041,22.872583932983748
GLOBAL,S2D4,TRNKENXXTZAXX,1,2042,21.737332167447896
GLOBAL,S3D5,TRNKENXXTZAXX,1,2042,24.136497757041237
GLOBAL,S2D4,TRNKENXXTZAXX,1,2043,23.07060586934601
GLOBAL,S3D5,TRNKENXXTZAXX,1,2043,25.402206913235084
GLOBAL,S2D4,TRNKENXXTZAXX,1,2044,24.40387957124426
GLOBAL,S3D5,TRNKENXXTZAXX,1,2044,26.667916069429022
GLOBAL,S2D4,TRNKENXXTZAXX,1,2045,25.766324073142503
GLOBAL,S3D5,TRNKENXXTZAXX,1,2045,28.70556552962262
GLOBAL,S2D4,TRNKENXXTZAXX,1,2046,27.438116913536803
GLOBAL,S3D5,TRNKENXXTZAXX,1,2046,30.292639138240236
GLOBAL,S2D4,TRNKENXXTZAXX,1,2047,29.111800922302617
GLOBAL,S3D5,TRNKENXXTZAXX,1,2047,31.88150807899371
GLOBAL,S2D4,TRNKENXXTZAXX,1,2048,31.43664125069709
GLOBAL,S3D5,TRNKENXXTZAXX,1,2048,33.46858168761228
GLOBAL,S2D4,TRNKENXXTZAXX,1,2049,33.10843409109132
GLOBAL,S3D5,TRNKENXXTZAXX,1,2049,35.05565529622978
GLOBAL,S2D4,TRNKENXXTZAXX,1,2050,34.780226931485686
GLOBAL,S3D5,TRNKENXXTZAXX,1,2050,36.64272890484744
GLOBAL,S2D1,PWRSDSKENXX01,1,2021,0.0177111238946503
GLOBAL,S3D1,PWRSDSKENXX01,1,2021,0.0189216
GLOBAL,S2D1,PWRSDSKENXX01,1,2022,0.0189216
GLOBAL,S3D1,PWRSDSKENXX01,1,2022,0.0189216
GLOBAL,S3D3,PWRSDSKENXX01,1,2023,0.02
GLOBAL,S2D3,PWRSDSKENXX01,1,2024,0.02
GLOBAL,S3D1,PWRSDSKENXX01,1,2024,0.02
GLOBAL,S2D1,PWRSDSKENXX01,1,2025,0.02
GLOBAL,S3D1,PWRSDSKENXX01,1,2025,0.02
GLOBAL,S2D3,PWRSDSKENXX01,1,2026,0.02
GLOBAL,S3D1,PWRSDSKENXX01,1,2026,0.02000000000000005
GLOBAL,S2D3,PWRSDSKENXX01,1,2027,0.02
GLOBAL,S3D1,PWRSDSKENXX01,1,2027,0.02
GLOBAL,S2D3,PWRSDSKENXX01,1,2028,0.02
GLOBAL,S3D2,PWRSDSKENXX01,1,2028,0.02
GLOBAL,S2D1,PWRSDSKENXX01,1,2029,0.02
GLOBAL,S3D1,PWRSDSKENXX01,1,2029,0.02000000000000005
GLOBAL,S2D3,PWRSDSKENXX01,1,2030,0.02
GLOBAL,S3D2,PWRSDSKENXX01,1,2030,0.02
GLOBAL,S2D3,PWRSDSKENXX01,1,2031,0.02
GLOBAL,S3D1,PWRSDSKENXX01,1,2031,0.02
GLOBAL,S2D1,PWRSDSKENXX01,1,2032,0.02
GLOBAL,S3D1,PWRSDSKENXX01,1,2032,0.02
GLOBAL,S2D3,PWRSDSKENXX01,1,2033,0.02
GLOBAL,S3D3,PWRSDSKENXX01,1,2033,0.02
GLOBAL,S2D1,PWRSDSKENXX01,1,2034,0.02
GLOBAL,S3D1,PWRSDSKENXX01,1,2034,0.02
GLOBAL,S2D3,PWRSDSKENXX01,1,2035,0.02
GLOBAL,S3D3,PWRSDSKENXX01,1,2035,0.02
GLOBAL,S2D1,PWRSDSKENXX01,1,2036,0.02
GLOBAL,S3D3,PWRSDSKENXX01,1,2036,0.02
GLOBAL,S2D1,PWRSDSKENXX01,1,2037,0.02
GLOBAL,S3D3,PWRSDSKENXX01,1,2037,0.02
GLOBAL,S2D2,PWRSDSKENXX01,1,2038,0.02
GLOBAL,S3D3,PWRSDSKENXX01,1,2038,0.02
GLOBAL,S2D2,PWRSDSKENXX01,1,2039,0.02
GLOBAL,S3D3,PWRSDSKENXX01,1,2039,0.02
GLOBAL,S2D1,PWRSDSKENXX01,1,2040,0.02
GLOBAL,S3D2,PWRSDSKENXX01,1,2040,0.02
GLOBAL,S2D1,PWRSDSKENXX01,1,2041,0.02
GLOBAL,S3D3,PWRSDSKENXX01,1,2041,0.02
GLOBAL,S2D1,PWRSDSKENXX01,1,2042,0.02
GLOBAL,S3D3,PWRSDSKENXX01,1,2042,0.02
GLOBAL,S2D1,PWRSDSKENXX01,1,2043,0.02
GLOBAL,S3D1,PWRSDSKENXX01,1,2043,0.02
GLOBAL,S2D1,PWRSDSKENXX01,1,2044,0.02
GLOBAL,S3D3,PWRSDSKENXX01,1,2044,0.02
GLOBAL,S2D1,PWRSDSKENXX01,1,2045,0.02
GLOBAL,S3D3,PWRSDSKENXX01,1,2045,0.02
GLOBAL,S2D1,PWRSDSKENXX01,1,2046,0.02
GLOBAL,S3D3,PWRSDSKENXX01,1,2046,0.02
GLOBAL,S2D4,PWRLDSTZAXX01,2,2049,2.2367438071740807e-12
GLOBAL,S2D1,PWRLDSTZAXX01,1,2049,2.2367438071740807e-12
GLOBAL,S2D4,PWRSDSKENXX01,2,2021,0.0177111238946503
GLOBAL,S2D4,PWRSDSKENXX01,2,2022,0.0189216
GLOBAL,S2D4,PWRSDSKENXX01,2,2024,0.02
GLOBAL,S2D4,PWRSDSKENXX01,2,2025,0.02
GLOBAL,S2D4,PWRSDSKENXX01,2,2026,0.02
GLOBAL,S2D4,PWRSDSKENXX01,2,2027,0.02
GLOBAL,S2D4,PWRSDSKENXX01,2,2028,0.02
GLOBAL,S2D4,PWRSDSKENXX01,2,2029,0.02
GLOBAL,S2D4,PWRSDSKENXX01,2,2030,0.02
GLOBAL,S2D4,PWRSDSKENXX01,2,2031,0.02
GLOBAL,S2D4,PWRSDSKENXX01,2,2032,0.02
GLOBAL,S2D4,PWRSDSKENXX01,2,2033,0.02
GLOBAL,S2D4,PWRSDSKENXX01,2,2034,0.02
GLOBAL,S2D4,PWRSDSKENXX01,2,2035,0.02
GLOBAL,S2D4,PWRSDSKENXX01,2,2036,0.02
GLOBAL,S2D4,PWRSDSKENXX01,2,2037,0.02
GLOBAL,S2D4,PWRSDSKENXX01,2,2038,0.02
GLOBAL,S2D4,PWRSDSKENXX01,2,2039,0.02
GLOBAL,S2D4,PWRSDSKENXX01,2,2040,0.02
GLOBAL,S2D4,PWRSDSKENXX01,2,2041,0.02
GLOBAL,S2D4,PWRSDSKENXX01,2,2042,0.02
GLOBAL,S2D4,PWRSDSKENXX01,2,2043,0.02
GLOBAL,S2D4,PWRSDSKENXX01,2,2044,0.02
GLOBAL,S2D4,PWRSDSKENXX01,2,2045,0.02
GLOBAL,S2D4,PWRSDSKENXX01,2,2046,0.02
GLOBAL,S3D4,PWRSDSKENXX01,2,2021,0.0189216
GLOBAL,S3D4,PWRSDSKENXX01,2,2022,0.0189216
GLOBAL,S3D4,PWRSDSKENXX01,2,2023,0.02
GLOBAL,S3D4,PWRSDSKENXX01,2,2024,0.02
GLOBAL,S3D4,PWRSDSKENXX01,2,2025,0.02
GLOBAL,S3D4,PWRSDSKENXX01,2,2026,0.02
GLOBAL,S3D4,PWRSDSKENXX01,2,2027,0.02
GLOBAL,S3D4,PWRSDSKENXX01,2,2028,0.02
GLOBAL,S3D4,PWRSDSKENXX01,2,2029,0.02
GLOBAL,S3D4,PWRSDSKENXX01,2,2030,0.02
GLOBAL,S3D4,PWRSDSKENXX01,2,2031,0.02
GLOBAL,S3D4,PWRSDSKENXX01,2,2032,0.02
GLOBAL,S3D4,PWRSDSKENXX01,2,2033,0.02
GLOBAL,S3D4,PWRSDSKENXX01,2,2034,0.02
GLOBAL,S3D4,PWRSDSKENXX01,2,2035,0.02
GLOBAL,S3D4,PWRSDSKENXX01,2,2036,0.02
GLOBAL,S3D4,PWRSDSKENXX01,2,2037,0.02
GLOBAL,S3D4,PWRSDSKENXX01,2,2038,0.02
GLOBAL,S3D4,PWRSDSKENXX01,2,2039,0.02
GLOBAL,S3D4,PWRSDSKENXX01,2,2040,0.02
GLOBAL,S3D4,PWRSDSKENXX01,2,2041,0.02
GLOBAL,S3D4,PWRSDSKENXX01,2,2042,0.02
GLOBAL,S3D4,PWRSDSKENXX01,2,2043,0.02
GLOBAL,S3D4,PWRSDSKENXX01,2,2044,0.02
GLOBAL,S3D4,PWRSDSKENXX01,2,2045,0.02
GLOBAL,S3D4,PWRSDSKENXX01,2,2046,0.02
