REGION,TECHNOLOGY,FUEL,MODE_OF_OPERATION,YEAR,TIMESLICE,VALUE
GLOBAL,PWRBIOKENXX01,BIOKENXX,1,2021,S1D2,6.058633125345829
GLOBAL,PWRBIOKENXX01,BIOKENXX,1,2021,S1D3,8.968838400000001
GLOBAL,PWRBIOKENXX01,BIOKENXX,1,2021,S1D4,8.968838400000001
GLOBAL,PWRBIOKENXX01,BIOKENXX,1,2021,S1D5,8.968838400000001
GLOBAL,PWRBIOKENXX01,BIOKENXX,1,2021,S2D6,8.9688384
GLOBAL,PWRBIOKENXX01,BIOKENXX,1,2021,S2D2,5.72754958256663
GLOBAL,PWRBIOKENXX01,BIOKENXX,1,2021,S2D3,6.1428330240356495
GLOBAL,PWRBIOKENXX01,BIOKENXX,1,2021,S2D4,8.9688384
GLOBAL,PWRBIOKENXX01,BIOKENXX,1,2021,S2D5,8.9688384
GLOBAL,PWRBIOKENXX01,BIOKENXX,1,2021,S3D4,8.9688384
GLOBAL,PWRBIOKENXX01,BIOKENXX,1,2022,S1D2,3.41002420649816
GLOBAL,PWRBIOKENXX01,BIOKENXX,1,2022,S1D3,8.968838400000001
GLOBAL,PWRBIOKENXX01,BIOKENXX,1,2022,S1D4,2.052734870257775
GLOBAL,PWRBIOKENXX01,BIOKENXX,1,2022,S1D5,8.968838400000001
GLOBAL,PWRBIOKENXX01,BIOKENXX,1,2022,S2D6,8.9688384
GLOBAL,PWRBIOKENXX01,BIOKENXX,1,2022,S2D2,3.3389453329853103
GLOBAL,PWRBIOKENXX01,BIOKENXX,1,2022,S2D3,8.9688384
GLOBAL,PWRBIOKENXX01,BIOKENXX,1,2022,S2D4,8.9688384
GLOBAL,PWRBIOKENXX01,BIOKENXX,1,2022,S2D5,8.9688384
GLOBAL,PWRBIOKENXX01,BIOKENXX,1,2022,S3D2,8.9688384
GLOBAL,PWRBIOKENXX01,BIOKENXX,1,2022,S3D4,8.9688384
GLOBAL,PWRBIOKENXX01,BIOKENXX,1,2023,S1D6,8.968838400000001
GLOBAL,PWRBIOKENXX01,BIOKENXX,1,2023,S1D2,8.968838400000001
GLOBAL,PWRBIOKENXX01,BIOKENXX,1,2023,S1D3,8.968838400000001
GLOBAL,PWRBIOKENXX01,BIOKENXX,1,2023,S1D4,1.4807816224459318
GLOBAL,PWRBIOKENXX01,BIOKENXX,1,2023,S1D5,8.968838400000001
GLOBAL,PWRBIOKENXX01,BIOKENXX,1,2023,S2D6,8.9688384
GLOBAL,PWRBIOKENXX01,BIOKENXX,1,2023,S2D2,3.9990845478577044
GLOBAL,PWRBIOKENXX01,BIOKENXX,1,2023,S2D3,6.051633111825706
GLOBAL,PWRBIOKENXX01,BIOKENXX,1,2023,S2D4,8.81853589440436
GLOBAL,PWRBIOKENXX01,BIOKENXX,1,2023,S2D5,6.657202970644903
GLOBAL,PWRBIOKENXX01,BIOKENXX,1,2023,S3D4,8.9688384
GLOBAL,PWRBIOKENXX01,BIOKENXX,1,2024,S1D2,4.627472565824872
GLOBAL,PWRBIOKENXX01,BIOKENXX,1,2024,S1D3,25.76369164472737
GLOBAL,PWRBIOKENXX01,BIOKENXX,1,2024,S1D4,6.83618383237925
GLOBAL,PWRBIOKENXX01,BIOKENXX,1,2024,S1D5,10.071243843259246
GLOBAL,PWRBIOKENXX01,BIOKENXX,1,2024,S2D6,25.763691644727363
GLOBAL,PWRBIOKENXX01,BIOKENXX,1,2024,S2D1,25.763691644727363
GLOBAL,PWRBIOKENXX01,BIOKENXX,1,2024,S2D2,9.553341662006412
GLOBAL,PWRBIOKENXX01,BIOKENXX,1,2024,S2D3,9.986702362480838
GLOBAL,PWRBIOKENXX01,BIOKENXX,1,2024,S2D4,25.763691644727363
GLOBAL,PWRBIOKENXX01,BIOKENXX,1,2024,S2D5,12.375792768438032
GLOBAL,PWRBIOKENXX01,BIOKENXX,1,2024,S3D1,20.32394138608745
GLOBAL,PWRBIOKENXX01,BIOKENXX,1,2024,S3D3,2.745280658414808
GLOBAL,PWRBIOKENXX01,BIOKENXX,1,2024,S3D4,25.763691644727363
GLOBAL,PWRBIOKENXX01,BIOKENXX,1,2024,S3D5,25.763691644727363
GLOBAL,PWRBIOKENXX01,BIOKENXX,1,2025,S1D2,29.442940861881272
GLOBAL,PWRBIOKENXX01,BIOKENXX,1,2025,S1D3,29.442940861881272
GLOBAL,PWRBIOKENXX01,BIOKENXX,1,2025,S1D4,9.784101489690936
GLOBAL,PWRBIOKENXX01,BIOKENXX,1,2025,S1D5,13.019161500570933
GLOBAL,PWRBIOKENXX01,BIOKENXX,1,2025,S2D6,29.442940861881254
GLOBAL,PWRBIOKENXX01,BIOKENXX,1,2025,S2D2,29.442940861881254
GLOBAL,PWRBIOKENXX01,BIOKENXX,1,2025,S2D3,12.748170415927284
GLOBAL,PWRBIOKENXX01,BIOKENXX,1,2025,S2D4,29.442940861881254
GLOBAL,PWRBIOKENXX01,BIOKENXX,1,2025,S2D5,15.093407333681702
GLOBAL,PWRBIOKENXX01,BIOKENXX,1,2025,S3D3,7.883832744048546
GLOBAL,PWRBIOKENXX01,BIOKENXX,1,2025,S3D4,29.442940861881254
GLOBAL,PWRBIOKENXX01,BIOKENXX,1,2025,S3D5,29.442940861881254
GLOBAL,PWRBIOKENXX01,BIOKENXX,1,2026,S1D2,33.16624995948716
GLOBAL,PWRBIOKENXX01,BIOKENXX,1,2026,S1D3,16.904998992552354
GLOBAL,PWRBIOKENXX01,BIOKENXX,1,2026,S1D4,11.328758527906732
GLOBAL,PWRBIOKENXX01,BIOKENXX,1,2026,S1D5,33.16624995948716
GLOBAL,PWRBIOKENXX01,BIOKENXX,1,2026,S2D2,33.16624995948715
GLOBAL,PWRBIOKENXX01,BIOKENXX,1,2026,S2D3,13.988864298572516
GLOBAL,PWRBIOKENXX01,BIOKENXX,1,2026,S2D4,33.16624995948715
GLOBAL,PWRBIOKENXX01,BIOKENXX,1,2026,S2D5,33.16624995948715
GLOBAL,PWRBIOKENXX01,BIOKENXX,1,2026,S3D2,13.396025206843793
GLOBAL,PWRBIOKENXX01,BIOKENXX,1,2026,S3D3,10.508580445263906
GLOBAL,PWRBIOKENXX01,BIOKENXX,1,2026,S3D4,33.16624995948715
GLOBAL,PWRBIOKENXX01,BIOKENXX,1,2026,S3D5,33.16624995948715
GLOBAL,PWRBIOKENXX01,BIOKENXX,1,2027,S1D2,10.664704299568237
GLOBAL,PWRBIOKENXX01,BIOKENXX,1,2027,S1D3,12.14446298180823
GLOBAL,PWRBIOKENXX01,BIOKENXX,1,2027,S1D4,36.88955905709315
GLOBAL,PWRBIOKENXX01,BIOKENXX,1,2027,S1D5,16.108475577002615
GLOBAL,PWRBIOKENXX01,BIOKENXX,1,2027,S2D6,36.88955905709315
GLOBAL,PWRBIOKENXX01,BIOKENXX,1,2027,S2D2,36.88955905709315
GLOBAL,PWRBIOKENXX01,BIOKENXX,1,2027,S2D3,15.166358181217852
GLOBAL,PWRBIOKENXX01,BIOKENXX,1,2027,S2D4,36.88955905709315
GLOBAL,PWRBIOKENXX01,BIOKENXX,1,2027,S2D5,17.448395098972224
GLOBAL,PWRBIOKENXX01,BIOKENXX,1,2027,S3D6,24.415160662821293
GLOBAL,PWRBIOKENXX01,BIOKENXX,1,2027,S3D2,11.431167487432909
GLOBAL,PWRBIOKENXX01,BIOKENXX,1,2027,S3D3,2.4338899673694874
GLOBAL,PWRBIOKENXX01,BIOKENXX,1,2027,S3D4,36.88955905709315
GLOBAL,PWRBIOKENXX01,BIOKENXX,1,2027,S3D5,36.88955905709315
GLOBAL,PWRBIOKENXX01,BIOKENXX,1,2028,S1D2,12.209361337784072
GLOBAL,PWRBIOKENXX01,BIOKENXX,1,2028,S1D3,13.689120020024065
GLOBAL,PWRBIOKENXX01,BIOKENXX,1,2028,S1D4,40.61286815469907
GLOBAL,PWRBIOKENXX01,BIOKENXX,1,2028,S1D5,40.61286815469907
GLOBAL,PWRBIOKENXX01,BIOKENXX,1,2028,S2D6,40.61286815469906
GLOBAL,PWRBIOKENXX01,BIOKENXX,1,2028,S2D2,14.386931662583132
GLOBAL,PWRBIOKENXX01,BIOKENXX,1,2028,S2D3,40.61286815469906
GLOBAL,PWRBIOKENXX01,BIOKENXX,1,2028,S2D4,40.61286815469906
GLOBAL,PWRBIOKENXX01,BIOKENXX,1,2028,S2D5,18.625888981617514
GLOBAL,PWRBIOKENXX01,BIOKENXX,1,2028,S3D2,6.1496612025572235
GLOBAL,PWRBIOKENXX01,BIOKENXX,1,2028,S3D3,15.630673312384928
GLOBAL,PWRBIOKENXX01,BIOKENXX,1,2028,S3D4,40.612868154699065
GLOBAL,PWRBIOKENXX01,BIOKENXX,1,2028,S3D5,40.612868154699065
GLOBAL,PWRBIOKENXX01,BIOKENXX,1,2029,S1D2,13.75764433148871
GLOBAL,PWRBIOKENXX01,BIOKENXX,1,2029,S1D3,15.237403013728702
GLOBAL,PWRBIOKENXX01,BIOKENXX,1,2029,S1D4,44.34491741450602
GLOBAL,PWRBIOKENXX01,BIOKENXX,1,2029,S1D5,19.201415608923085
GLOBAL,PWRBIOKENXX01,BIOKENXX,1,2029,S2D6,44.34491741450602
GLOBAL,PWRBIOKENXX01,BIOKENXX,1,2029,S2D2,44.34491741450602
GLOBAL,PWRBIOKENXX01,BIOKENXX,1,2029,S2D3,17.460910016655504
GLOBAL,PWRBIOKENXX01,BIOKENXX,1,2029,S2D4,44.34491741450602
GLOBAL,PWRBIOKENXX01,BIOKENXX,1,2029,S2D5,44.34491741450602
GLOBAL,PWRBIOKENXX01,BIOKENXX,1,2029,S3D2,3.514600977316935
GLOBAL,PWRBIOKENXX01,BIOKENXX,1,2029,S3D3,18.308759473305468
GLOBAL,PWRBIOKENXX01,BIOKENXX,1,2029,S3D4,44.344917414506035
GLOBAL,PWRBIOKENXX01,BIOKENXX,1,2029,S3D5,44.344917414506035
GLOBAL,PWRBIOKENXX01,BIOKENXX,1,2030,S1D2,15.302301369704441
GLOBAL,PWRBIOKENXX01,BIOKENXX,1,2030,S1D3,16.78206005194446
GLOBAL,PWRBIOKENXX01,BIOKENXX,1,2030,S1D4,48.068226512111835
GLOBAL,PWRBIOKENXX01,BIOKENXX,1,2030,S1D5,20.746072647138842
GLOBAL,PWRBIOKENXX01,BIOKENXX,1,2030,S2D6,48.068226512111835
GLOBAL,PWRBIOKENXX01,BIOKENXX,1,2030,S2D1,5.153892562264813
GLOBAL,PWRBIOKENXX01,BIOKENXX,1,2030,S2D2,16.744683498020652
GLOBAL,PWRBIOKENXX01,BIOKENXX,1,2030,S2D3,48.068226512111835
GLOBAL,PWRBIOKENXX01,BIOKENXX,1,2030,S2D4,48.068226512111835
GLOBAL,PWRBIOKENXX01,BIOKENXX,1,2030,S2D5,20.983640817055033
GLOBAL,PWRBIOKENXX01,BIOKENXX,1,2030,S3D1,36.16657427963623
GLOBAL,PWRBIOKENXX01,BIOKENXX,1,2030,S3D2,4.884305766125649
GLOBAL,PWRBIOKENXX01,BIOKENXX,1,2030,S3D3,6.356471246445669
GLOBAL,PWRBIOKENXX01,BIOKENXX,1,2030,S3D4,48.068226512111835
GLOBAL,PWRBIOKENXX01,BIOKENXX,1,2030,S3D5,48.068226512111835
GLOBAL,PWRBIOKENXX01,BIOKENXX,1,2031,S1D2,17.079019559201612
GLOBAL,PWRBIOKENXX01,BIOKENXX,1,2031,S1D3,18.55877824144163
GLOBAL,PWRBIOKENXX01,BIOKENXX,1,2031,S1D4,27.202431752476
GLOBAL,PWRBIOKENXX01,BIOKENXX,1,2031,S1D5,52.35090599057893
GLOBAL,PWRBIOKENXX01,BIOKENXX,1,2031,S2D1,52.350905990578916
GLOBAL,PWRBIOKENXX01,BIOKENXX,1,2031,S2D2,52.350905990578916
GLOBAL,PWRBIOKENXX01,BIOKENXX,1,2031,S2D3,20.055998271357524
GLOBAL,PWRBIOKENXX01,BIOKENXX,1,2031,S2D4,52.350905990578916
GLOBAL,PWRBIOKENXX01,BIOKENXX,1,2031,S2D5,22.338035189111896
GLOBAL,PWRBIOKENXX01,BIOKENXX,1,2031,S3D1,5.922033021840497
GLOBAL,PWRBIOKENXX01,BIOKENXX,1,2031,S3D2,36.98020764020102
GLOBAL,PWRBIOKENXX01,BIOKENXX,1,2031,S3D3,7.859258444840881
GLOBAL,PWRBIOKENXX01,BIOKENXX,1,2031,S3D4,52.350905990578916
GLOBAL,PWRBIOKENXX01,BIOKENXX,1,2031,S3D5,52.350905990578916
GLOBAL,PWRBIOKENXX01,BIOKENXX,1,2032,S1D2,18.55276857549539
GLOBAL,PWRBIOKENXX01,BIOKENXX,1,2032,S1D3,20.032527257735378
GLOBAL,PWRBIOKENXX01,BIOKENXX,1,2032,S1D4,56.335730502554746
GLOBAL,PWRBIOKENXX01,BIOKENXX,1,2032,S1D5,23.996539852929786
GLOBAL,PWRBIOKENXX01,BIOKENXX,1,2032,S2D6,56.335730502554746
GLOBAL,PWRBIOKENXX01,BIOKENXX,1,2032,S2D2,56.335730502554746
GLOBAL,PWRBIOKENXX01,BIOKENXX,1,2032,S2D3,45.70676713622503
GLOBAL,PWRBIOKENXX01,BIOKENXX,1,2032,S2D4,56.335730502554746
GLOBAL,PWRBIOKENXX01,BIOKENXX,1,2032,S2D5,24.479902587029223
GLOBAL,PWRBIOKENXX01,BIOKENXX,1,2032,S3D1,18.217627179323234
GLOBAL,PWRBIOKENXX01,BIOKENXX,1,2032,S3D2,7.523151946873638
GLOBAL,PWRBIOKENXX01,BIOKENXX,1,2032,S3D3,9.05851742719365
GLOBAL,PWRBIOKENXX01,BIOKENXX,1,2032,S3D4,56.335730502554746
GLOBAL,PWRBIOKENXX01,BIOKENXX,1,2032,S3D5,56.335730502554746
GLOBAL,PWRBIOKENXX01,BIOKENXX,1,2033,S1D2,20.421678963448407
GLOBAL,PWRBIOKENXX01,BIOKENXX,1,2033,S1D3,21.901437645688425
GLOBAL,PWRBIOKENXX01,BIOKENXX,1,2033,S1D4,60.71571638618979
GLOBAL,PWRBIOKENXX01,BIOKENXX,1,2033,S1D5,25.865450240882836
GLOBAL,PWRBIOKENXX01,BIOKENXX,1,2033,S2D6,60.71571638618978
GLOBAL,PWRBIOKENXX01,BIOKENXX,1,2033,S2D2,60.71571638618978
GLOBAL,PWRBIOKENXX01,BIOKENXX,1,2033,S2D3,47.21569182139607
GLOBAL,PWRBIOKENXX01,BIOKENXX,1,2033,S2D4,60.71571638618978
GLOBAL,PWRBIOKENXX01,BIOKENXX,1,2033,S2D5,25.61038187641431
GLOBAL,PWRBIOKENXX01,BIOKENXX,1,2033,S3D1,19.78476592220235
GLOBAL,PWRBIOKENXX01,BIOKENXX,1,2033,S3D2,9.117572300885737
GLOBAL,PWRBIOKENXX01,BIOKENXX,1,2033,S3D3,10.716137781205765
GLOBAL,PWRBIOKENXX01,BIOKENXX,1,2033,S3D4,60.71571638618979
GLOBAL,PWRBIOKENXX01,BIOKENXX,1,2033,S3D5,60.71571638618979
GLOBAL,PWRBIOKENXX01,BIOKENXX,1,2034,S1D2,22.290472200286608
GLOBAL,PWRBIOKENXX01,BIOKENXX,1,2034,S1D3,49.06372343701925
GLOBAL,PWRBIOKENXX01,BIOKENXX,1,2034,S1D4,24.49918346684104
GLOBAL,PWRBIOKENXX01,BIOKENXX,1,2034,S1D5,65.09558511871003
GLOBAL,PWRBIOKENXX01,BIOKENXX,1,2034,S2D6,65.09558511871003
GLOBAL,PWRBIOKENXX01,BIOKENXX,1,2034,S2D2,22.502203686913795
GLOBAL,PWRBIOKENXX01,BIOKENXX,1,2034,S2D3,32.075839230197026
GLOBAL,PWRBIOKENXX01,BIOKENXX,1,2034,S2D4,65.09558511871003
GLOBAL,PWRBIOKENXX01,BIOKENXX,1,2034,S2D5,26.74116100594818
GLOBAL,PWRBIOKENXX01,BIOKENXX,1,2034,S3D2,65.09558511871003
GLOBAL,PWRBIOKENXX01,BIOKENXX,1,2034,S3D3,17.413708748634793
GLOBAL,PWRBIOKENXX01,BIOKENXX,1,2034,S3D4,65.09558511871005
GLOBAL,PWRBIOKENXX01,BIOKENXX,1,2034,S3D5,65.09558511871005
GLOBAL,PWRBIOKENXX01,BIOKENXX,1,2035,S1D6,0.15172821306175235
GLOBAL,PWRBIOKENXX01,BIOKENXX,1,2035,S1D2,24.155756632751157
GLOBAL,PWRBIOKENXX01,BIOKENXX,1,2035,S1D3,69.46683084014447
GLOBAL,PWRBIOKENXX01,BIOKENXX,1,2035,S1D4,34.27916882602557
GLOBAL,PWRBIOKENXX01,BIOKENXX,1,2035,S1D5,29.59952791018559
GLOBAL,PWRBIOKENXX01,BIOKENXX,1,2035,S2D6,69.46683084014447
GLOBAL,PWRBIOKENXX01,BIOKENXX,1,2035,S2D1,6.965169456242299
GLOBAL,PWRBIOKENXX01,BIOKENXX,1,2035,S2D2,23.62991890615185
GLOBAL,PWRBIOKENXX01,BIOKENXX,1,2035,S2D3,25.44085441912065
GLOBAL,PWRBIOKENXX01,BIOKENXX,1,2035,S2D4,69.46683084014445
GLOBAL,PWRBIOKENXX01,BIOKENXX,1,2035,S2D5,69.46683084014447
GLOBAL,PWRBIOKENXX01,BIOKENXX,1,2035,S3D2,12.303228945145529
GLOBAL,PWRBIOKENXX01,BIOKENXX,1,2035,S3D3,50.552146330614455
GLOBAL,PWRBIOKENXX01,BIOKENXX,1,2035,S3D4,69.46683084014445
GLOBAL,PWRBIOKENXX01,BIOKENXX,1,2035,S3D5,69.46683084014445
GLOBAL,PWRBIOKENXX01,BIOKENXX,1,2036,S1D2,64.92471952982557
GLOBAL,PWRBIOKENXX01,BIOKENXX,1,2036,S1D3,27.736071583517642
GLOBAL,PWRBIOKENXX01,BIOKENXX,1,2036,S1D4,36.379725094552036
GLOBAL,PWRBIOKENXX01,BIOKENXX,1,2036,S1D5,31.70008417871205
GLOBAL,PWRBIOKENXX01,BIOKENXX,1,2036,S2D6,74.47225652119113
GLOBAL,PWRBIOKENXX01,BIOKENXX,1,2036,S2D2,25.09493941227299
GLOBAL,PWRBIOKENXX01,BIOKENXX,1,2036,S2D3,51.6520653649088
GLOBAL,PWRBIOKENXX01,BIOKENXX,1,2036,S2D4,74.47225652119114
GLOBAL,PWRBIOKENXX01,BIOKENXX,1,2036,S2D5,29.333896731307366
GLOBAL,PWRBIOKENXX01,BIOKENXX,1,2036,S3D6,74.47225652119113
GLOBAL,PWRBIOKENXX01,BIOKENXX,1,2036,S3D2,14.086248881129311
GLOBAL,PWRBIOKENXX01,BIOKENXX,1,2036,S3D3,15.684814361449337
GLOBAL,PWRBIOKENXX01,BIOKENXX,1,2036,S3D4,74.47225652119114
GLOBAL,PWRBIOKENXX01,BIOKENXX,1,2036,S3D5,74.47225652119114
GLOBAL,PWRBIOKENXX01,BIOKENXX,1,2037,S1D2,70.34946516144355
GLOBAL,PWRBIOKENXX01,BIOKENXX,1,2037,S1D3,29.791988345649973
GLOBAL,PWRBIOKENXX01,BIOKENXX,1,2037,S1D4,38.43564185668436
GLOBAL,PWRBIOKENXX01,BIOKENXX,1,2037,S1D5,33.75600094084438
GLOBAL,PWRBIOKENXX01,BIOKENXX,1,2037,S2D6,79.42792848913143
GLOBAL,PWRBIOKENXX01,BIOKENXX,1,2037,S2D2,26.662167185652986
GLOBAL,PWRBIOKENXX01,BIOKENXX,1,2037,S2D3,53.2192931382888
GLOBAL,PWRBIOKENXX01,BIOKENXX,1,2037,S2D4,79.42792848913143
GLOBAL,PWRBIOKENXX01,BIOKENXX,1,2037,S2D5,30.90112450468737
GLOBAL,PWRBIOKENXX01,BIOKENXX,1,2037,S3D6,79.42792848913143
GLOBAL,PWRBIOKENXX01,BIOKENXX,1,2037,S3D2,15.825188353557955
GLOBAL,PWRBIOKENXX01,BIOKENXX,1,2037,S3D3,17.42375383387803
GLOBAL,PWRBIOKENXX01,BIOKENXX,1,2037,S3D4,79.42792848913143
GLOBAL,PWRBIOKENXX01,BIOKENXX,1,2037,S3D5,79.42792848913143
GLOBAL,PWRBIOKENXX01,BIOKENXX,1,2038,S1D6,9.86583368654779
GLOBAL,PWRBIOKENXX01,BIOKENXX,1,2038,S1D2,30.371772381031114
GLOBAL,PWRBIOKENXX01,BIOKENXX,1,2038,S1D3,84.39234061927274
GLOBAL,PWRBIOKENXX01,BIOKENXX,1,2038,S1D4,40.495184574305526
GLOBAL,PWRBIOKENXX01,BIOKENXX,1,2038,S1D5,35.81554365846554
GLOBAL,PWRBIOKENXX01,BIOKENXX,1,2038,S2D2,84.39234061927274
GLOBAL,PWRBIOKENXX01,BIOKENXX,1,2038,S2D3,30.125879430460113
GLOBAL,PWRBIOKENXX01,BIOKENXX,1,2038,S2D4,84.39234061927274
GLOBAL,PWRBIOKENXX01,BIOKENXX,1,2038,S2D5,32.47111634821448
GLOBAL,PWRBIOKENXX01,BIOKENXX,1,2038,S3D6,84.39234061927274
GLOBAL,PWRBIOKENXX01,BIOKENXX,1,2038,S3D2,17.567194738636438
GLOBAL,PWRBIOKENXX01,BIOKENXX,1,2038,S3D3,55.816112124105366
GLOBAL,PWRBIOKENXX01,BIOKENXX,1,2038,S3D4,84.39234061927274
GLOBAL,PWRBIOKENXX01,BIOKENXX,1,2038,S3D5,84.39234061927274
GLOBAL,PWRBIOKENXX01,BIOKENXX,1,2039,S1D1,24.148362521602344
GLOBAL,PWRBIOKENXX01,BIOKENXX,1,2039,S1D2,32.42768914316345
GLOBAL,PWRBIOKENXX01,BIOKENXX,1,2039,S1D3,33.907447825403466
GLOBAL,PWRBIOKENXX01,BIOKENXX,1,2039,S1D4,40.33529614580439
GLOBAL,PWRBIOKENXX01,BIOKENXX,1,2039,S1D5,89.348012587213
GLOBAL,PWRBIOKENXX01,BIOKENXX,1,2039,S2D6,89.348012587213
GLOBAL,PWRBIOKENXX01,BIOKENXX,1,2039,S2D2,54.52599235391584
GLOBAL,PWRBIOKENXX01,BIOKENXX,1,2039,S2D3,31.693107203840057
GLOBAL,PWRBIOKENXX01,BIOKENXX,1,2039,S2D4,89.348012587213
GLOBAL,PWRBIOKENXX01,BIOKENXX,1,2039,S2D5,89.348012587213
GLOBAL,PWRBIOKENXX01,BIOKENXX,1,2039,S3D1,9.247749305254903
GLOBAL,PWRBIOKENXX01,BIOKENXX,1,2039,S3D2,19.30613421106508
GLOBAL,PWRBIOKENXX01,BIOKENXX,1,2039,S3D3,20.904699691385108
GLOBAL,PWRBIOKENXX01,BIOKENXX,1,2039,S3D4,89.348012587213
GLOBAL,PWRBIOKENXX01,BIOKENXX,1,2039,S3D5,89.348012587213
GLOBAL,PWRBIOKENXX01,BIOKENXX,1,2040,S1D6,12.813617766515481
GLOBAL,PWRBIOKENXX01,BIOKENXX,1,2040,S1D2,34.48723186078487
GLOBAL,PWRBIOKENXX01,BIOKENXX,1,2040,S1D3,38.834605997458205
GLOBAL,PWRBIOKENXX01,BIOKENXX,1,2040,S1D4,94.31242471735456
GLOBAL,PWRBIOKENXX01,BIOKENXX,1,2040,S1D5,39.9310031382193
GLOBAL,PWRBIOKENXX01,BIOKENXX,1,2040,S2D2,31.369378646087366
GLOBAL,PWRBIOKENXX01,BIOKENXX,1,2040,S2D3,66.79120001202658
GLOBAL,PWRBIOKENXX01,BIOKENXX,1,2040,S2D4,94.31242471735453
GLOBAL,PWRBIOKENXX01,BIOKENXX,1,2040,S2D5,35.608335965121746
GLOBAL,PWRBIOKENXX01,BIOKENXX,1,2040,S3D6,94.31242471735453
GLOBAL,PWRBIOKENXX01,BIOKENXX,1,2040,S3D2,94.31242471735453
GLOBAL,PWRBIOKENXX01,BIOKENXX,1,2040,S3D3,22.583506076463777
GLOBAL,PWRBIOKENXX01,BIOKENXX,1,2040,S3D4,94.31242471735453
GLOBAL,PWRBIOKENXX01,BIOKENXX,1,2040,S3D5,94.31242471735453
GLOBAL,PWRBIOKENXX01,BIOKENXX,1,2041,S1D1,23.998397274403438
GLOBAL,PWRBIOKENXX01,BIOKENXX,1,2041,S1D2,37.04353048036727
GLOBAL,PWRBIOKENXX01,BIOKENXX,1,2041,S1D3,41.3909046170406
GLOBAL,PWRBIOKENXX01,BIOKENXX,1,2041,S1D4,47.166942673641664
GLOBAL,PWRBIOKENXX01,BIOKENXX,1,2041,S1D5,100.47423906902593
GLOBAL,PWRBIOKENXX01,BIOKENXX,1,2041,S2D6,100.47423906902593
GLOBAL,PWRBIOKENXX01,BIOKENXX,1,2041,S2D2,33.31804809976072
GLOBAL,PWRBIOKENXX01,BIOKENXX,1,2041,S2D3,68.73986946569995
GLOBAL,PWRBIOKENXX01,BIOKENXX,1,2041,S2D4,100.47423906902593
GLOBAL,PWRBIOKENXX01,BIOKENXX,1,2041,S2D5,100.47423906902593
GLOBAL,PWRBIOKENXX01,BIOKENXX,1,2041,S3D2,23.210314014242744
GLOBAL,PWRBIOKENXX01,BIOKENXX,1,2041,S3D3,24.808879494562774
GLOBAL,PWRBIOKENXX01,BIOKENXX,1,2041,S3D4,100.47423906902593
GLOBAL,PWRBIOKENXX01,BIOKENXX,1,2041,S3D5,100.47423906902593
GLOBAL,PWRBIOKENXX01,BIOKENXX,1,2042,S1D1,40.08857589774026
GLOBAL,PWRBIOKENXX01,BIOKENXX,1,2042,S1D2,39.59620314446108
GLOBAL,PWRBIOKENXX01,BIOKENXX,1,2042,S1D3,47.381154875661075
GLOBAL,PWRBIOKENXX01,BIOKENXX,1,2042,S1D4,41.8049144110155
GLOBAL,PWRBIOKENXX01,BIOKENXX,1,2042,S1D5,106.62731325849697
GLOBAL,PWRBIOKENXX01,BIOKENXX,1,2042,S2D6,106.62731325849697
GLOBAL,PWRBIOKENXX01,BIOKENXX,1,2042,S2D2,35.26395348328716
GLOBAL,PWRBIOKENXX01,BIOKENXX,1,2042,S2D3,61.821079435923075
GLOBAL,PWRBIOKENXX01,BIOKENXX,1,2042,S2D4,106.62731325849697
GLOBAL,PWRBIOKENXX01,BIOKENXX,1,2042,S2D5,106.62731325849697
GLOBAL,PWRBIOKENXX01,BIOKENXX,1,2042,S3D2,25.369420519692095
GLOBAL,PWRBIOKENXX01,BIOKENXX,1,2042,S3D3,26.967986000012125
GLOBAL,PWRBIOKENXX01,BIOKENXX,1,2042,S3D4,106.62731325849697
GLOBAL,PWRBIOKENXX01,BIOKENXX,1,2042,S3D5,106.62731325849697
GLOBAL,PWRBIOKENXX01,BIOKENXX,1,2043,S1D6,17.407630620998784
GLOBAL,PWRBIOKENXX01,BIOKENXX,1,2043,S1D2,42.15250176404367
GLOBAL,PWRBIOKENXX01,BIOKENXX,1,2043,S1D3,43.63226044628369
GLOBAL,PWRBIOKENXX01,BIOKENXX,1,2043,S1D4,52.27591395731808
GLOBAL,PWRBIOKENXX01,BIOKENXX,1,2043,S1D5,47.59627304147805
GLOBAL,PWRBIOKENXX01,BIOKENXX,1,2043,S2D6,112.78912761016858
GLOBAL,PWRBIOKENXX01,BIOKENXX,1,2043,S2D1,112.78912761016858
GLOBAL,PWRBIOKENXX01,BIOKENXX,1,2043,S2D2,37.21262293696078
GLOBAL,PWRBIOKENXX01,BIOKENXX,1,2043,S2D3,39.10634333824084
GLOBAL,PWRBIOKENXX01,BIOKENXX,1,2043,S2D4,112.78912761016858
GLOBAL,PWRBIOKENXX01,BIOKENXX,1,2043,S2D5,41.45158025599521
GLOBAL,PWRBIOKENXX01,BIOKENXX,1,2043,S3D2,52.416394512049735
GLOBAL,PWRBIOKENXX01,BIOKENXX,1,2043,S3D3,74.66158209934007
GLOBAL,PWRBIOKENXX01,BIOKENXX,1,2043,S3D4,112.78912761016858
GLOBAL,PWRBIOKENXX01,BIOKENXX,1,2043,S3D5,112.78912761016858
GLOBAL,PWRBIOKENXX01,BIOKENXX,1,2044,S1D2,76.62137358754774
GLOBAL,PWRBIOKENXX01,BIOKENXX,1,2044,S1D3,46.18855906586628
GLOBAL,PWRBIOKENXX01,BIOKENXX,1,2044,S1D4,54.83221257690068
GLOBAL,PWRBIOKENXX01,BIOKENXX,1,2044,S1D5,118.95094196184054
GLOBAL,PWRBIOKENXX01,BIOKENXX,1,2044,S2D6,118.95094196184051
GLOBAL,PWRBIOKENXX01,BIOKENXX,1,2044,S2D2,39.16129239063433
GLOBAL,PWRBIOKENXX01,BIOKENXX,1,2044,S2D3,65.71841834327019
GLOBAL,PWRBIOKENXX01,BIOKENXX,1,2044,S2D4,118.95094196184051
GLOBAL,PWRBIOKENXX01,BIOKENXX,1,2044,S2D5,43.40024970966877
GLOBAL,PWRBIOKENXX01,BIOKENXX,1,2044,S3D2,29.693767355890415
GLOBAL,PWRBIOKENXX01,BIOKENXX,1,2044,S3D3,118.95094196184051
GLOBAL,PWRBIOKENXX01,BIOKENXX,1,2044,S3D4,118.95094196184054
GLOBAL,PWRBIOKENXX01,BIOKENXX,1,2044,S3D5,118.95094196184054
GLOBAL,PWRBIOKENXX01,BIOKENXX,1,2045,S1D6,108.24817161418521
GLOBAL,PWRBIOKENXX01,BIOKENXX,1,2045,S1D1,4.07445148474194
GLOBAL,PWRBIOKENXX01,BIOKENXX,1,2045,S1D2,54.61744294455418
GLOBAL,PWRBIOKENXX01,BIOKENXX,1,2045,S1D3,124.96990618006632
GLOBAL,PWRBIOKENXX01,BIOKENXX,1,2045,S1D4,50.1266887865581
GLOBAL,PWRBIOKENXX01,BIOKENXX,1,2045,S1D5,124.96990618006632
GLOBAL,PWRBIOKENXX01,BIOKENXX,1,2045,S2D2,43.666916706696064
GLOBAL,PWRBIOKENXX01,BIOKENXX,1,2045,S2D3,45.56063710797613
GLOBAL,PWRBIOKENXX01,BIOKENXX,1,2045,S2D4,124.96990618006632
GLOBAL,PWRBIOKENXX01,BIOKENXX,1,2045,S2D5,124.96990618006632
GLOBAL,PWRBIOKENXX01,BIOKENXX,1,2045,S3D2,34.41289563637766
GLOBAL,PWRBIOKENXX01,BIOKENXX,1,2045,S3D3,36.01146111669759
GLOBAL,PWRBIOKENXX01,BIOKENXX,1,2045,S3D4,124.96990618006633
GLOBAL,PWRBIOKENXX01,BIOKENXX,1,2045,S3D5,124.96990618006632
GLOBAL,PWRBIOKENXX01,BIOKENXX,1,2046,S1D6,65.48559373663547
GLOBAL,PWRBIOKENXX01,BIOKENXX,1,2046,S1D2,132.69620956570873
GLOBAL,PWRBIOKENXX01,BIOKENXX,1,2046,S1D3,54.50715719990932
GLOBAL,PWRBIOKENXX01,BIOKENXX,1,2046,S1D4,53.33203343863035
GLOBAL,PWRBIOKENXX01,BIOKENXX,1,2046,S1D5,53.33203343863035
GLOBAL,PWRBIOKENXX01,BIOKENXX,1,2046,S2D6,132.6962095657087
GLOBAL,PWRBIOKENXX01,BIOKENXX,1,2046,S2D2,46.1103547166924
GLOBAL,PWRBIOKENXX01,BIOKENXX,1,2046,S2D3,48.00407511797246
GLOBAL,PWRBIOKENXX01,BIOKENXX,1,2046,S2D4,132.6962095657087
GLOBAL,PWRBIOKENXX01,BIOKENXX,1,2046,S2D5,132.6962095657087
GLOBAL,PWRBIOKENXX01,BIOKENXX,1,2046,S3D2,37.12404641878853
GLOBAL,PWRBIOKENXX01,BIOKENXX,1,2046,S3D3,38.72261189910845
GLOBAL,PWRBIOKENXX01,BIOKENXX,1,2046,S3D4,132.6962095657087
GLOBAL,PWRBIOKENXX01,BIOKENXX,1,2046,S3D5,132.6962095657087
GLOBAL,PWRBIOKENXX01,BIOKENXX,1,2047,S1D6,69.6121919368573
GLOBAL,PWRBIOKENXX01,BIOKENXX,1,2047,S1D2,56.66452554589352
GLOBAL,PWRBIOKENXX01,BIOKENXX,1,2047,S1D3,140.55477461325236
GLOBAL,PWRBIOKENXX01,BIOKENXX,1,2047,S1D4,56.66452554589352
GLOBAL,PWRBIOKENXX01,BIOKENXX,1,2047,S1D5,56.66452554589352
GLOBAL,PWRBIOKENXX01,BIOKENXX,1,2047,S2D6,140.55477461325233
GLOBAL,PWRBIOKENXX01,BIOKENXX,1,2047,S2D2,48.62635829653602
GLOBAL,PWRBIOKENXX01,BIOKENXX,1,2047,S2D3,50.52007869781608
GLOBAL,PWRBIOKENXX01,BIOKENXX,1,2047,S2D4,140.55477461325233
GLOBAL,PWRBIOKENXX01,BIOKENXX,1,2047,S2D5,140.55477461325233
GLOBAL,PWRBIOKENXX01,BIOKENXX,1,2047,S3D2,39.90806561354942
GLOBAL,PWRBIOKENXX01,BIOKENXX,1,2047,S3D3,41.44343109386938
GLOBAL,PWRBIOKENXX01,BIOKENXX,1,2047,S3D4,140.55477461325233
GLOBAL,PWRBIOKENXX01,BIOKENXX,1,2047,S3D5,140.55477461325233
GLOBAL,PWRBIOKENXX01,BIOKENXX,1,2048,S1D6,124.74057140736554
GLOBAL,PWRBIOKENXX01,BIOKENXX,1,2048,S1D2,61.940677276113405
GLOBAL,PWRBIOKENXX01,BIOKENXX,1,2048,S1D3,61.940677276113405
GLOBAL,PWRBIOKENXX01,BIOKENXX,1,2048,S1D4,61.940677276113405
GLOBAL,PWRBIOKENXX01,BIOKENXX,1,2048,S1D5,150.35188507704555
GLOBAL,PWRBIOKENXX01,BIOKENXX,1,2048,S2D2,51.01209872484278
GLOBAL,PWRBIOKENXX01,BIOKENXX,1,2048,S2D3,150.35188507704555
GLOBAL,PWRBIOKENXX01,BIOKENXX,1,2048,S2D4,150.35188507704555
GLOBAL,PWRBIOKENXX01,BIOKENXX,1,2048,S2D5,150.35188507704555
GLOBAL,PWRBIOKENXX01,BIOKENXX,1,2048,S3D2,44.59116694419064
GLOBAL,PWRBIOKENXX01,BIOKENXX,1,2048,S3D3,44.59116694419064
GLOBAL,PWRBIOKENXX01,BIOKENXX,1,2048,S3D4,150.35188507704555
GLOBAL,PWRBIOKENXX01,BIOKENXX,1,2048,S3D5,150.35188507704555
GLOBAL,PWRBIOKENXX01,BIOKENXX,1,2049,S1D1,37.480957345920636
GLOBAL,PWRBIOKENXX01,BIOKENXX,1,2049,S1D2,158.078188462688
GLOBAL,PWRBIOKENXX01,BIOKENXX,1,2049,S1D3,65.14602192818602
GLOBAL,PWRBIOKENXX01,BIOKENXX,1,2049,S1D4,65.14602192818602
GLOBAL,PWRBIOKENXX01,BIOKENXX,1,2049,S1D5,158.078188462688
GLOBAL,PWRBIOKENXX01,BIOKENXX,1,2049,S2D2,158.078188462688
GLOBAL,PWRBIOKENXX01,BIOKENXX,1,2049,S2D3,53.4555367348394
GLOBAL,PWRBIOKENXX01,BIOKENXX,1,2049,S2D4,158.07818846268796
GLOBAL,PWRBIOKENXX01,BIOKENXX,1,2049,S2D5,158.078188462688
GLOBAL,PWRBIOKENXX01,BIOKENXX,1,2049,S3D2,47.30231772660179
GLOBAL,PWRBIOKENXX01,BIOKENXX,1,2049,S3D3,47.30231772660179
GLOBAL,PWRBIOKENXX01,BIOKENXX,1,2049,S3D4,158.07818846268796
GLOBAL,PWRBIOKENXX01,BIOKENXX,1,2049,S3D5,158.07818846268796
GLOBAL,PWRBIOKENXX01,BIOKENXX,1,2050,S1D1,38.63255108541126
GLOBAL,PWRBIOKENXX01,BIOKENXX,1,2050,S1D2,165.8044918483306
GLOBAL,PWRBIOKENXX01,BIOKENXX,1,2050,S1D3,68.35136658025841
GLOBAL,PWRBIOKENXX01,BIOKENXX,1,2050,S1D4,68.35136658025841
GLOBAL,PWRBIOKENXX01,BIOKENXX,1,2050,S1D5,165.8044918483306
GLOBAL,PWRBIOKENXX01,BIOKENXX,1,2050,S2D2,165.80449184833057
GLOBAL,PWRBIOKENXX01,BIOKENXX,1,2050,S2D3,55.898974744835826
GLOBAL,PWRBIOKENXX01,BIOKENXX,1,2050,S2D4,165.80449184833057
GLOBAL,PWRBIOKENXX01,BIOKENXX,1,2050,S2D5,165.80449184833057
GLOBAL,PWRBIOKENXX01,BIOKENXX,1,2050,S3D2,50.01346850901265
GLOBAL,PWRBIOKENXX01,BIOKENXX,1,2050,S3D3,50.01346850901265
GLOBAL,PWRBIOKENXX01,BIOKENXX,1,2050,S3D4,165.80449184833057
GLOBAL,PWRBIOKENXX01,BIOKENXX,1,2050,S3D5,165.80449184833057
GLOBAL,PWRBIOTZAXX01,BIOTZAXX,1,2021,S1D6,8.50870642220813
GLOBAL,PWRBIOTZAXX01,BIOTZAXX,1,2021,S1D1,15.340280033475004
GLOBAL,PWRBIOTZAXX01,BIOTZAXX,1,2021,S1D2,4.112343651632885
GLOBAL,PWRBIOTZAXX01,BIOTZAXX,1,2021,S1D4,4.112343651632885
GLOBAL,PWRBIOTZAXX01,BIOTZAXX,1,2021,S1D5,4.112343651632885
GLOBAL,PWRBIOTZAXX01,BIOTZAXX,1,2021,S2D2,15.340280033475
GLOBAL,PWRBIOTZAXX01,BIOTZAXX,1,2021,S2D4,15.340280033475
GLOBAL,PWRBIOTZAXX01,BIOTZAXX,1,2021,S2D5,15.340280033475
GLOBAL,PWRBIOTZAXX01,BIOTZAXX,1,2021,S3D2,12.508095882118146
GLOBAL,PWRBIOTZAXX01,BIOTZAXX,1,2021,S3D3,12.508095882118146
GLOBAL,PWRBIOTZAXX01,BIOTZAXX,1,2021,S3D4,15.340280033475
GLOBAL,PWRBIOTZAXX01,BIOTZAXX,1,2021,S3D5,15.340280033475
GLOBAL,PWRBIOTZAXX01,BIOTZAXX,1,2022,S1D6,11.880011509511398
GLOBAL,PWRBIOTZAXX01,BIOTZAXX,1,2022,S1D2,5.172919557644651
GLOBAL,PWRBIOTZAXX01,BIOTZAXX,1,2022,S1D4,5.172919557644651
GLOBAL,PWRBIOTZAXX01,BIOTZAXX,1,2022,S1D5,17.918863797937732
GLOBAL,PWRBIOTZAXX01,BIOTZAXX,1,2022,S2D2,17.918863797937732
GLOBAL,PWRBIOTZAXX01,BIOTZAXX,1,2022,S2D4,17.918863797937732
GLOBAL,PWRBIOTZAXX01,BIOTZAXX,1,2022,S2D5,17.918863797937732
GLOBAL,PWRBIOTZAXX01,BIOTZAXX,1,2022,S3D2,17.918863797937732
GLOBAL,PWRBIOTZAXX01,BIOTZAXX,1,2022,S3D3,13.391936409603131
GLOBAL,PWRBIOTZAXX01,BIOTZAXX,1,2022,S3D4,17.918863797937732
GLOBAL,PWRBIOTZAXX01,BIOTZAXX,1,2022,S3D5,17.918863797937732
GLOBAL,PWRBIOTZAXX01,BIOTZAXX,1,2023,S1D6,18.469627019515023
GLOBAL,PWRBIOTZAXX01,BIOTZAXX,1,2023,S1D2,6.177809074777461
GLOBAL,PWRBIOTZAXX01,BIOTZAXX,1,2023,S1D4,10.249762352748585
GLOBAL,PWRBIOTZAXX01,BIOTZAXX,1,2023,S1D5,6.177809074777461
GLOBAL,PWRBIOTZAXX01,BIOTZAXX,1,2023,S2D2,18.469627019515023
GLOBAL,PWRBIOTZAXX01,BIOTZAXX,1,2023,S2D4,18.46962701951503
GLOBAL,PWRBIOTZAXX01,BIOTZAXX,1,2023,S2D5,18.46962701951503
GLOBAL,PWRBIOTZAXX01,BIOTZAXX,1,2023,S3D2,18.469627019515023
GLOBAL,PWRBIOTZAXX01,BIOTZAXX,1,2023,S3D3,14.10226696252464
GLOBAL,PWRBIOTZAXX01,BIOTZAXX,1,2023,S3D4,18.46962701951503
GLOBAL,PWRBIOTZAXX01,BIOTZAXX,1,2023,S3D5,18.46962701951503
GLOBAL,PWRBIOTZAXX01,BIOTZAXX,1,2024,S1D1,18.46962701951503
GLOBAL,PWRBIOTZAXX01,BIOTZAXX,1,2024,S1D2,8.827808393714053
GLOBAL,PWRBIOTZAXX01,BIOTZAXX,1,2024,S1D4,8.827808393714053
GLOBAL,PWRBIOTZAXX01,BIOTZAXX,1,2024,S1D5,8.827808393714053
GLOBAL,PWRBIOTZAXX01,BIOTZAXX,1,2024,S2D2,17.03122117260396
GLOBAL,PWRBIOTZAXX01,BIOTZAXX,1,2024,S2D4,18.46962701951503
GLOBAL,PWRBIOTZAXX01,BIOTZAXX,1,2024,S2D5,18.469627019515023
GLOBAL,PWRBIOTZAXX01,BIOTZAXX,1,2024,S3D2,15.103914317734823
GLOBAL,PWRBIOTZAXX01,BIOTZAXX,1,2024,S3D3,15.103914317734823
GLOBAL,PWRBIOTZAXX01,BIOTZAXX,1,2024,S3D4,18.46962701951503
GLOBAL,PWRBIOTZAXX01,BIOTZAXX,1,2024,S3D5,18.46962701951503
GLOBAL,PWRBIOTZAXX01,BIOTZAXX,1,2025,S1D6,18.46962701951503
GLOBAL,PWRBIOTZAXX01,BIOTZAXX,1,2025,S1D2,7.7510308781023785
GLOBAL,PWRBIOTZAXX01,BIOTZAXX,1,2025,S1D4,7.7510308781023785
GLOBAL,PWRBIOTZAXX01,BIOTZAXX,1,2025,S1D5,15.186500246959735
GLOBAL,PWRBIOTZAXX01,BIOTZAXX,1,2025,S2D2,17.054697798084764
GLOBAL,PWRBIOTZAXX01,BIOTZAXX,1,2025,S2D4,18.46962701951503
GLOBAL,PWRBIOTZAXX01,BIOTZAXX,1,2025,S2D5,17.054697798084764
GLOBAL,PWRBIOTZAXX01,BIOTZAXX,1,2025,S3D2,13.73729078133919
GLOBAL,PWRBIOTZAXX01,BIOTZAXX,1,2025,S3D3,13.73729078133919
GLOBAL,PWRBIOTZAXX01,BIOTZAXX,1,2025,S3D4,18.46962701951503
GLOBAL,PWRBIOTZAXX01,BIOTZAXX,1,2025,S3D5,18.46962701951503
GLOBAL,PWRBIOTZAXX01,BIOTZAXX,1,2026,S1D6,18.46962701951503
GLOBAL,PWRBIOTZAXX01,BIOTZAXX,1,2026,S1D2,8.094645102841135
GLOBAL,PWRBIOTZAXX01,BIOTZAXX,1,2026,S1D4,8.094645102841135
GLOBAL,PWRBIOTZAXX01,BIOTZAXX,1,2026,S1D5,15.00878305287361
GLOBAL,PWRBIOTZAXX01,BIOTZAXX,1,2026,S2D2,16.830654153379136
GLOBAL,PWRBIOTZAXX01,BIOTZAXX,1,2026,S2D4,18.46962701951503
GLOBAL,PWRBIOTZAXX01,BIOTZAXX,1,2026,S2D5,16.830654153379136
GLOBAL,PWRBIOTZAXX01,BIOTZAXX,1,2026,S3D2,13.71270630081382
GLOBAL,PWRBIOTZAXX01,BIOTZAXX,1,2026,S3D3,13.71270630081382
GLOBAL,PWRBIOTZAXX01,BIOTZAXX,1,2026,S3D4,18.46962701951503
GLOBAL,PWRBIOTZAXX01,BIOTZAXX,1,2026,S3D5,18.46962701951503
GLOBAL,PWRBIOTZAXX01,BIOTZAXX,1,2027,S1D1,18.46962701951503
GLOBAL,PWRBIOTZAXX01,BIOTZAXX,1,2027,S1D2,8.437709544820208
GLOBAL,PWRBIOTZAXX01,BIOTZAXX,1,2027,S1D4,8.437709544820208
GLOBAL,PWRBIOTZAXX01,BIOTZAXX,1,2027,S1D5,14.831350206298122
GLOBAL,PWRBIOTZAXX01,BIOTZAXX,1,2027,S2D2,16.606968978505
GLOBAL,PWRBIOTZAXX01,BIOTZAXX,1,2027,S2D4,18.46962701951503
GLOBAL,PWRBIOTZAXX01,BIOTZAXX,1,2027,S2D5,16.606968978505
GLOBAL,PWRBIOTZAXX01,BIOTZAXX,1,2027,S3D2,13.688161155457268
GLOBAL,PWRBIOTZAXX01,BIOTZAXX,1,2027,S3D3,13.688161155457268
GLOBAL,PWRBIOTZAXX01,BIOTZAXX,1,2027,S3D4,18.46962701951503
GLOBAL,PWRBIOTZAXX01,BIOTZAXX,1,2027,S3D5,18.46962701951503
GLOBAL,PWRBIOTZAXX01,BIOTZAXX,1,2028,S1D1,18.46962701951503
GLOBAL,PWRBIOTZAXX01,BIOTZAXX,1,2028,S1D2,8.781323769559101
GLOBAL,PWRBIOTZAXX01,BIOTZAXX,1,2028,S1D4,8.781323769559101
GLOBAL,PWRBIOTZAXX01,BIOTZAXX,1,2028,S1D5,14.653633012211
GLOBAL,PWRBIOTZAXX01,BIOTZAXX,1,2028,S2D2,16.382925333799534
GLOBAL,PWRBIOTZAXX01,BIOTZAXX,1,2028,S2D4,18.46962701951503
GLOBAL,PWRBIOTZAXX01,BIOTZAXX,1,2028,S2D5,16.382925333799534
GLOBAL,PWRBIOTZAXX01,BIOTZAXX,1,2028,S3D2,13.663576674932024
GLOBAL,PWRBIOTZAXX01,BIOTZAXX,1,2028,S3D3,13.663576674932024
GLOBAL,PWRBIOTZAXX01,BIOTZAXX,1,2028,S3D4,18.46962701951503
GLOBAL,PWRBIOTZAXX01,BIOTZAXX,1,2028,S3D5,18.46962701951503
GLOBAL,PWRBIOTZAXX01,BIOTZAXX,1,2029,S1D6,18.46962701951503
GLOBAL,PWRBIOTZAXX01,BIOTZAXX,1,2029,S1D2,9.124937994297884
GLOBAL,PWRBIOTZAXX01,BIOTZAXX,1,2029,S1D4,9.124937994297884
GLOBAL,PWRBIOTZAXX01,BIOTZAXX,1,2029,S1D5,14.4759158181246
GLOBAL,PWRBIOTZAXX01,BIOTZAXX,1,2029,S2D2,16.158881689093903
GLOBAL,PWRBIOTZAXX01,BIOTZAXX,1,2029,S2D4,18.46962701951503
GLOBAL,PWRBIOTZAXX01,BIOTZAXX,1,2029,S2D5,16.158881689093903
GLOBAL,PWRBIOTZAXX01,BIOTZAXX,1,2029,S3D2,13.638992194406624
GLOBAL,PWRBIOTZAXX01,BIOTZAXX,1,2029,S3D3,13.638992194406624
GLOBAL,PWRBIOTZAXX01,BIOTZAXX,1,2029,S3D4,18.46962701951503
GLOBAL,PWRBIOTZAXX01,BIOTZAXX,1,2029,S3D5,18.46962701951503
GLOBAL,PWRBIOTZAXX01,BIOTZAXX,1,2030,S1D6,4.164147599803936
GLOBAL,PWRBIOTZAXX01,BIOTZAXX,1,2030,S1D2,18.469627019515023
GLOBAL,PWRBIOTZAXX01,BIOTZAXX,1,2030,S1D4,9.468552219036559
GLOBAL,PWRBIOTZAXX01,BIOTZAXX,1,2030,S1D5,9.468552219036559
GLOBAL,PWRBIOTZAXX01,BIOTZAXX,1,2030,S2D2,18.469627019515023
GLOBAL,PWRBIOTZAXX01,BIOTZAXX,1,2030,S2D4,18.46962701951503
GLOBAL,PWRBIOTZAXX01,BIOTZAXX,1,2030,S2D5,18.469627019515023
GLOBAL,PWRBIOTZAXX01,BIOTZAXX,1,2030,S3D2,18.469627019515023
GLOBAL,PWRBIOTZAXX01,BIOTZAXX,1,2030,S3D3,13.614407713881224
GLOBAL,PWRBIOTZAXX01,BIOTZAXX,1,2030,S3D4,18.46962701951503
GLOBAL,PWRBIOTZAXX01,BIOTZAXX,1,2030,S3D5,18.46962701951503
GLOBAL,PWRBIOTZAXX01,BIOTZAXX,1,2031,S1D6,3.728026265891664
GLOBAL,PWRBIOTZAXX01,BIOTZAXX,1,2031,S1D2,9.883638202521038
GLOBAL,PWRBIOTZAXX01,BIOTZAXX,1,2031,S1D4,9.883638202521038
GLOBAL,PWRBIOTZAXX01,BIOTZAXX,1,2031,S1D5,9.883638202521038
GLOBAL,PWRBIOTZAXX01,BIOTZAXX,1,2031,S2D6,18.469627019515023
GLOBAL,PWRBIOTZAXX01,BIOTZAXX,1,2031,S2D2,15.664193321583888
GLOBAL,PWRBIOTZAXX01,BIOTZAXX,1,2031,S2D4,18.46962701951503
GLOBAL,PWRBIOTZAXX01,BIOTZAXX,1,2031,S2D5,15.664193321583888
GLOBAL,PWRBIOTZAXX01,BIOTZAXX,1,2031,S3D2,13.584709661405677
GLOBAL,PWRBIOTZAXX01,BIOTZAXX,1,2031,S3D3,13.584709661406636
GLOBAL,PWRBIOTZAXX01,BIOTZAXX,1,2031,S3D4,18.46962701951503
GLOBAL,PWRBIOTZAXX01,BIOTZAXX,1,2031,S3D5,18.46962701951503
GLOBAL,PWRBIOTZAXX01,BIOTZAXX,1,2032,S1D6,2.1400937891335747
GLOBAL,PWRBIOTZAXX01,BIOTZAXX,1,2032,S1D2,7.132845250232026
GLOBAL,PWRBIOTZAXX01,BIOTZAXX,1,2032,S1D4,7.132845250232026
GLOBAL,PWRBIOTZAXX01,BIOTZAXX,1,2032,S1D5,7.132845250232026
GLOBAL,PWRBIOTZAXX01,BIOTZAXX,1,2032,S2D2,11.118585419515027
GLOBAL,PWRBIOTZAXX01,BIOTZAXX,1,2032,S2D4,11.118585419515027
GLOBAL,PWRBIOTZAXX01,BIOTZAXX,1,2032,S2D5,11.118585419515027
GLOBAL,PWRBIOTZAXX01,BIOTZAXX,1,2032,S3D2,10.388543555230148
GLOBAL,PWRBIOTZAXX01,BIOTZAXX,1,2032,S3D3,10.388543555230148
GLOBAL,PWRBIOTZAXX01,BIOTZAXX,1,2032,S3D4,11.118585419515025
GLOBAL,PWRBIOTZAXX01,BIOTZAXX,1,2032,S3D5,11.118585419515025
GLOBAL,PWRBIOTZAXX01,BIOTZAXX,1,2033,S1D6,1.2008313240079356
GLOBAL,PWRBIOTZAXX01,BIOTZAXX,1,2033,S1D2,7.49936501974584
GLOBAL,PWRBIOTZAXX01,BIOTZAXX,1,2033,S1D4,7.49936501974584
GLOBAL,PWRBIOTZAXX01,BIOTZAXX,1,2033,S1D5,7.49936501974584
GLOBAL,PWRBIOTZAXX01,BIOTZAXX,1,2033,S2D2,11.118585419515027
GLOBAL,PWRBIOTZAXX01,BIOTZAXX,1,2033,S2D4,11.118585419515027
GLOBAL,PWRBIOTZAXX01,BIOTZAXX,1,2033,S2D5,11.118585419515027
GLOBAL,PWRBIOTZAXX01,BIOTZAXX,1,2033,S3D2,10.30969017085743
GLOBAL,PWRBIOTZAXX01,BIOTZAXX,1,2033,S3D3,10.309690170856472
GLOBAL,PWRBIOTZAXX01,BIOTZAXX,1,2033,S3D4,11.118585419515025
GLOBAL,PWRBIOTZAXX01,BIOTZAXX,1,2033,S3D5,11.118585419515025
GLOBAL,PWRBIOTZAXX01,BIOTZAXX,1,2034,S1D6,0.26281126955391
GLOBAL,PWRBIOTZAXX01,BIOTZAXX,1,2034,S1D2,7.865399974749287
GLOBAL,PWRBIOTZAXX01,BIOTZAXX,1,2034,S1D4,7.865399974749287
GLOBAL,PWRBIOTZAXX01,BIOTZAXX,1,2034,S1D5,7.865399974749287
GLOBAL,PWRBIOTZAXX01,BIOTZAXX,1,2034,S2D2,11.118585419515027
GLOBAL,PWRBIOTZAXX01,BIOTZAXX,1,2034,S2D4,11.118585419515027
GLOBAL,PWRBIOTZAXX01,BIOTZAXX,1,2034,S2D5,11.118585419515027
GLOBAL,PWRBIOTZAXX01,BIOTZAXX,1,2034,S3D2,10.230941089900819
GLOBAL,PWRBIOTZAXX01,BIOTZAXX,1,2034,S3D3,10.230941089900819
GLOBAL,PWRBIOTZAXX01,BIOTZAXX,1,2034,S3D4,11.118585419515025
GLOBAL,PWRBIOTZAXX01,BIOTZAXX,1,2034,S3D5,11.118585419515025
GLOBAL,PWRBIOTZAXX01,BIOTZAXX,1,2035,S1D2,8.00643601240631
GLOBAL,PWRBIOTZAXX01,BIOTZAXX,1,2035,S1D4,8.00643601240631
GLOBAL,PWRBIOTZAXX01,BIOTZAXX,1,2035,S1D5,8.00643601240631
GLOBAL,PWRBIOTZAXX01,BIOTZAXX,1,2035,S2D2,11.118585419515027
GLOBAL,PWRBIOTZAXX01,BIOTZAXX,1,2035,S2D4,11.118585419515027
GLOBAL,PWRBIOTZAXX01,BIOTZAXX,1,2035,S2D5,11.118585419515027
GLOBAL,PWRBIOTZAXX01,BIOTZAXX,1,2035,S3D2,10.152087705526824
GLOBAL,PWRBIOTZAXX01,BIOTZAXX,1,2035,S3D3,10.152087705526824
GLOBAL,PWRBIOTZAXX01,BIOTZAXX,1,2035,S3D4,11.118585419515025
GLOBAL,PWRBIOTZAXX01,BIOTZAXX,1,2035,S3D5,11.118585419515025
GLOBAL,PWRBIOTZAXX01,BIOTZAXX,1,2036,S1D2,8.18006803941333
GLOBAL,PWRBIOTZAXX01,BIOTZAXX,1,2036,S1D4,8.18006803941333
GLOBAL,PWRBIOTZAXX01,BIOTZAXX,1,2036,S1D5,8.18006803941333
GLOBAL,PWRBIOTZAXX01,BIOTZAXX,1,2036,S2D2,10.922176572258591
GLOBAL,PWRBIOTZAXX01,BIOTZAXX,1,2036,S2D4,11.118585419515027
GLOBAL,PWRBIOTZAXX01,BIOTZAXX,1,2036,S2D5,10.922176572258591
GLOBAL,PWRBIOTZAXX01,BIOTZAXX,1,2036,S3D2,10.09401992448243
GLOBAL,PWRBIOTZAXX01,BIOTZAXX,1,2036,S3D3,10.09401992448243
GLOBAL,PWRBIOTZAXX01,BIOTZAXX,1,2036,S3D4,11.118585419515025
GLOBAL,PWRBIOTZAXX01,BIOTZAXX,1,2036,S3D5,11.118585419515025
GLOBAL,PWRBIOTZAXX01,BIOTZAXX,1,2037,S1D2,8.423818223992573
GLOBAL,PWRBIOTZAXX01,BIOTZAXX,1,2037,S1D4,8.423818223992573
GLOBAL,PWRBIOTZAXX01,BIOTZAXX,1,2037,S1D5,8.423818223992573
GLOBAL,PWRBIOTZAXX01,BIOTZAXX,1,2037,S2D2,10.600629133377076
GLOBAL,PWRBIOTZAXX01,BIOTZAXX,1,2037,S2D4,11.118585419515027
GLOBAL,PWRBIOTZAXX01,BIOTZAXX,1,2037,S2D5,10.600629133377076
GLOBAL,PWRBIOTZAXX01,BIOTZAXX,1,2037,S3D2,10.058736278032553
GLOBAL,PWRBIOTZAXX01,BIOTZAXX,1,2037,S3D3,10.058736278032553
GLOBAL,PWRBIOTZAXX01,BIOTZAXX,1,2037,S3D4,11.118585419515025
GLOBAL,PWRBIOTZAXX01,BIOTZAXX,1,2037,S3D5,11.118585419515025
GLOBAL,PWRBIOTZAXX01,BIOTZAXX,1,2038,S1D2,8.66784014790761
GLOBAL,PWRBIOTZAXX01,BIOTZAXX,1,2038,S1D4,8.66784014790761
GLOBAL,PWRBIOTZAXX01,BIOTZAXX,1,2038,S1D5,8.66784014790761
GLOBAL,PWRBIOTZAXX01,BIOTZAXX,1,2038,S2D2,10.278723224664068
GLOBAL,PWRBIOTZAXX01,BIOTZAXX,1,2038,S2D4,11.118585419515027
GLOBAL,PWRBIOTZAXX01,BIOTZAXX,1,2038,S2D5,10.278723224664068
GLOBAL,PWRBIOTZAXX01,BIOTZAXX,1,2038,S3D2,10.023413296413617
GLOBAL,PWRBIOTZAXX01,BIOTZAXX,1,2038,S3D3,10.023413296413617
GLOBAL,PWRBIOTZAXX01,BIOTZAXX,1,2038,S3D4,11.118585419515025
GLOBAL,PWRBIOTZAXX01,BIOTZAXX,1,2038,S3D5,11.118585419515025
GLOBAL,PWRBIOTZAXX01,BIOTZAXX,1,2039,S1D2,8.911862071822899
GLOBAL,PWRBIOTZAXX01,BIOTZAXX,1,2039,S1D4,8.911862071822899
GLOBAL,PWRBIOTZAXX01,BIOTZAXX,1,2039,S1D5,8.911862071822899
GLOBAL,PWRBIOTZAXX01,BIOTZAXX,1,2039,S2D2,9.956817315951058
GLOBAL,PWRBIOTZAXX01,BIOTZAXX,1,2039,S2D4,11.118585419515027
GLOBAL,PWRBIOTZAXX01,BIOTZAXX,1,2039,S2D5,9.956817315951058
GLOBAL,PWRBIOTZAXX01,BIOTZAXX,1,2039,S3D2,9.988090314794789
GLOBAL,PWRBIOTZAXX01,BIOTZAXX,1,2039,S3D3,9.988090314794789
GLOBAL,PWRBIOTZAXX01,BIOTZAXX,1,2039,S3D4,11.118585419515025
GLOBAL,PWRBIOTZAXX01,BIOTZAXX,1,2039,S3D5,11.118585419515025
GLOBAL,PWRBIOTZAXX01,BIOTZAXX,1,2040,S1D2,9.155883995738304
GLOBAL,PWRBIOTZAXX01,BIOTZAXX,1,2040,S1D4,9.155883995738304
GLOBAL,PWRBIOTZAXX01,BIOTZAXX,1,2040,S1D5,9.155883995738304
GLOBAL,PWRBIOTZAXX01,BIOTZAXX,1,2040,S2D2,9.63491140723805
GLOBAL,PWRBIOTZAXX01,BIOTZAXX,1,2040,S2D4,11.118585419515027
GLOBAL,PWRBIOTZAXX01,BIOTZAXX,1,2040,S2D5,9.63491140723805
GLOBAL,PWRBIOTZAXX01,BIOTZAXX,1,2040,S3D2,9.952767333175958
GLOBAL,PWRBIOTZAXX01,BIOTZAXX,1,2040,S3D3,9.952767333175958
GLOBAL,PWRBIOTZAXX01,BIOTZAXX,1,2040,S3D4,11.118585419515025
GLOBAL,PWRBIOTZAXX01,BIOTZAXX,1,2040,S3D5,11.118585419515025
GLOBAL,PWRBIOTZAXX01,BIOTZAXX,1,2041,S1D2,9.444199431456003
GLOBAL,PWRBIOTZAXX01,BIOTZAXX,1,2041,S1D4,9.444199431456003
GLOBAL,PWRBIOTZAXX01,BIOTZAXX,1,2041,S1D5,9.444199431456003
GLOBAL,PWRBIOTZAXX01,BIOTZAXX,1,2041,S2D2,9.25457491598562
GLOBAL,PWRBIOTZAXX01,BIOTZAXX,1,2041,S2D4,11.118585419515027
GLOBAL,PWRBIOTZAXX01,BIOTZAXX,1,2041,S2D5,9.25457491598562
GLOBAL,PWRBIOTZAXX01,BIOTZAXX,1,2041,S3D2,9.91103271903603
GLOBAL,PWRBIOTZAXX01,BIOTZAXX,1,2041,S3D3,9.91103271903603
GLOBAL,PWRBIOTZAXX01,BIOTZAXX,1,2041,S3D4,11.118585419515025
GLOBAL,PWRBIOTZAXX01,BIOTZAXX,1,2041,S3D5,11.118585419515025
GLOBAL,PWRBIOTZAXX01,BIOTZAXX,1,2042,S1D2,9.732514867173096
GLOBAL,PWRBIOTZAXX01,BIOTZAXX,1,2042,S1D4,9.732514867173096
GLOBAL,PWRBIOTZAXX01,BIOTZAXX,1,2042,S1D5,9.732514867173096
GLOBAL,PWRBIOTZAXX01,BIOTZAXX,1,2042,S2D2,8.874238424733399
GLOBAL,PWRBIOTZAXX01,BIOTZAXX,1,2042,S2D4,11.118585419515027
GLOBAL,PWRBIOTZAXX01,BIOTZAXX,1,2042,S2D5,8.874238424733399
GLOBAL,PWRBIOTZAXX01,BIOTZAXX,1,2042,S3D2,9.869298104896103
GLOBAL,PWRBIOTZAXX01,BIOTZAXX,1,2042,S3D3,9.869298104896103
GLOBAL,PWRBIOTZAXX01,BIOTZAXX,1,2042,S3D4,11.118585419515025
GLOBAL,PWRBIOTZAXX01,BIOTZAXX,1,2042,S3D5,11.118585419515025
GLOBAL,PWRBIOTZAXX01,BIOTZAXX,1,2043,S1D2,10.020830302891095
GLOBAL,PWRBIOTZAXX01,BIOTZAXX,1,2043,S1D4,10.020830302891095
GLOBAL,PWRBIOTZAXX01,BIOTZAXX,1,2043,S1D5,10.020830302891095
GLOBAL,PWRBIOTZAXX01,BIOTZAXX,1,2043,S2D2,8.493901933481073
GLOBAL,PWRBIOTZAXX01,BIOTZAXX,1,2043,S2D4,11.118585419515027
GLOBAL,PWRBIOTZAXX01,BIOTZAXX,1,2043,S2D5,8.493901933481073
GLOBAL,PWRBIOTZAXX01,BIOTZAXX,1,2043,S3D2,9.82756349075618
GLOBAL,PWRBIOTZAXX01,BIOTZAXX,1,2043,S3D3,9.82756349075618
GLOBAL,PWRBIOTZAXX01,BIOTZAXX,1,2043,S3D4,11.118585419515025
GLOBAL,PWRBIOTZAXX01,BIOTZAXX,1,2043,S3D5,11.118585419515025
GLOBAL,PWRBIOTZAXX01,BIOTZAXX,1,2044,S1D2,10.309417477944303
GLOBAL,PWRBIOTZAXX01,BIOTZAXX,1,2044,S1D4,10.309417477944303
GLOBAL,PWRBIOTZAXX01,BIOTZAXX,1,2044,S1D5,10.309417477944303
GLOBAL,PWRBIOTZAXX01,BIOTZAXX,1,2044,S2D2,8.11320697239725
GLOBAL,PWRBIOTZAXX01,BIOTZAXX,1,2044,S2D4,11.118585419515027
GLOBAL,PWRBIOTZAXX01,BIOTZAXX,1,2044,S2D5,8.11320697239725
GLOBAL,PWRBIOTZAXX01,BIOTZAXX,1,2044,S3D2,9.78578954144751
GLOBAL,PWRBIOTZAXX01,BIOTZAXX,1,2044,S3D3,9.78578954144751
GLOBAL,PWRBIOTZAXX01,BIOTZAXX,1,2044,S3D4,11.118585419515025
GLOBAL,PWRBIOTZAXX01,BIOTZAXX,1,2044,S3D5,11.118585419515025
GLOBAL,PWRBIOTZAXX01,BIOTZAXX,1,2045,S1D2,10.59773291366172
GLOBAL,PWRBIOTZAXX01,BIOTZAXX,1,2045,S1D4,10.59773291366172
GLOBAL,PWRBIOTZAXX01,BIOTZAXX,1,2045,S1D5,10.59773291366172
GLOBAL,PWRBIOTZAXX01,BIOTZAXX,1,2045,S2D2,7.732870481145137
GLOBAL,PWRBIOTZAXX01,BIOTZAXX,1,2045,S2D4,11.118585419515027
GLOBAL,PWRBIOTZAXX01,BIOTZAXX,1,2045,S2D5,7.732870481145137
GLOBAL,PWRBIOTZAXX01,BIOTZAXX,1,2045,S3D2,9.74405492730769
GLOBAL,PWRBIOTZAXX01,BIOTZAXX,1,2045,S3D3,9.74405492730769
GLOBAL,PWRBIOTZAXX01,BIOTZAXX,1,2045,S3D4,11.118585419515025
GLOBAL,PWRBIOTZAXX01,BIOTZAXX,1,2045,S3D5,11.118585419515025
GLOBAL,PWRBIOTZAXX01,BIOTZAXX,1,2046,S1D2,10.955613619448647
GLOBAL,PWRBIOTZAXX01,BIOTZAXX,1,2046,S1D4,10.955613619448647
GLOBAL,PWRBIOTZAXX01,BIOTZAXX,1,2046,S1D5,10.955613619448647
GLOBAL,PWRBIOTZAXX01,BIOTZAXX,1,2046,S2D2,7.2607657130212715
GLOBAL,PWRBIOTZAXX01,BIOTZAXX,1,2046,S2D4,11.118585419515027
GLOBAL,PWRBIOTZAXX01,BIOTZAXX,1,2046,S2D5,7.2607657130212715
GLOBAL,PWRBIOTZAXX01,BIOTZAXX,1,2046,S3D2,9.692250509944445
GLOBAL,PWRBIOTZAXX01,BIOTZAXX,1,2046,S3D3,9.692250509944445
GLOBAL,PWRBIOTZAXX01,BIOTZAXX,1,2046,S3D4,11.118585419515025
GLOBAL,PWRBIOTZAXX01,BIOTZAXX,1,2046,S3D5,11.118585419515025
GLOBAL,PWRBIOTZAXX01,BIOTZAXX,1,2047,S1D2,11.118585419515025
GLOBAL,PWRBIOTZAXX01,BIOTZAXX,1,2047,S1D4,11.118585419515023
GLOBAL,PWRBIOTZAXX01,BIOTZAXX,1,2047,S1D5,11.118585419515023
GLOBAL,PWRBIOTZAXX01,BIOTZAXX,1,2047,S2D6,0.5701605711808857
GLOBAL,PWRBIOTZAXX01,BIOTZAXX,1,2047,S2D2,6.788660944897934
GLOBAL,PWRBIOTZAXX01,BIOTZAXX,1,2047,S2D4,11.118585419515023
GLOBAL,PWRBIOTZAXX01,BIOTZAXX,1,2047,S2D5,6.788660944897934
GLOBAL,PWRBIOTZAXX01,BIOTZAXX,1,2047,S3D2,9.64044609258173
GLOBAL,PWRBIOTZAXX01,BIOTZAXX,1,2047,S3D3,9.64044609258173
GLOBAL,PWRBIOTZAXX01,BIOTZAXX,1,2047,S3D4,11.118585419515025
GLOBAL,PWRBIOTZAXX01,BIOTZAXX,1,2047,S3D5,11.118585419515025
GLOBAL,PWRBIOTZAXX01,BIOTZAXX,1,2048,S1D2,11.118585419515023
GLOBAL,PWRBIOTZAXX01,BIOTZAXX,1,2048,S1D4,11.118585419515023
GLOBAL,PWRBIOTZAXX01,BIOTZAXX,1,2048,S1D5,11.118585419515023
GLOBAL,PWRBIOTZAXX01,BIOTZAXX,1,2048,S2D6,1.6170571553690962
GLOBAL,PWRBIOTZAXX01,BIOTZAXX,1,2048,S2D2,6.316556176774385
GLOBAL,PWRBIOTZAXX01,BIOTZAXX,1,2048,S2D4,11.118585419515023
GLOBAL,PWRBIOTZAXX01,BIOTZAXX,1,2048,S2D5,6.316556176774385
GLOBAL,PWRBIOTZAXX01,BIOTZAXX,1,2048,S3D2,9.588641675218696
GLOBAL,PWRBIOTZAXX01,BIOTZAXX,1,2048,S3D3,9.588641675218696
GLOBAL,PWRBIOTZAXX01,BIOTZAXX,1,2048,S3D4,11.118585419515025
GLOBAL,PWRBIOTZAXX01,BIOTZAXX,1,2048,S3D5,11.118585419515025
GLOBAL,PWRBIOTZAXX01,BIOTZAXX,1,2049,S1D2,11.118585419515025
GLOBAL,PWRBIOTZAXX01,BIOTZAXX,1,2049,S1D4,11.118585419515025
GLOBAL,PWRBIOTZAXX01,BIOTZAXX,1,2049,S1D5,11.118585419515025
GLOBAL,PWRBIOTZAXX01,BIOTZAXX,1,2049,S2D6,2.663158829473375
GLOBAL,PWRBIOTZAXX01,BIOTZAXX,1,2049,S2D2,5.844809878481489
GLOBAL,PWRBIOTZAXX01,BIOTZAXX,1,2049,S2D4,11.118585419515025
GLOBAL,PWRBIOTZAXX01,BIOTZAXX,1,2049,S2D5,5.844809878481489
GLOBAL,PWRBIOTZAXX01,BIOTZAXX,1,2049,S3D2,9.53687659302334
GLOBAL,PWRBIOTZAXX01,BIOTZAXX,1,2049,S3D3,9.536876593023763
GLOBAL,PWRBIOTZAXX01,BIOTZAXX,1,2049,S3D4,11.118585419515025
GLOBAL,PWRBIOTZAXX01,BIOTZAXX,1,2049,S3D5,11.118585419515025
GLOBAL,PWRBIOTZAXX01,BIOTZAXX,1,2050,S1D2,11.118585419515025
GLOBAL,PWRBIOTZAXX01,BIOTZAXX,1,2050,S1D4,11.118585419515025
GLOBAL,PWRBIOTZAXX01,BIOTZAXX,1,2050,S1D5,11.118585419515025
GLOBAL,PWRBIOTZAXX01,BIOTZAXX,1,2050,S2D6,3.710055413657803
GLOBAL,PWRBIOTZAXX01,BIOTZAXX,1,2050,S2D2,5.372705110358257
GLOBAL,PWRBIOTZAXX01,BIOTZAXX,1,2050,S2D4,11.118585419515025
GLOBAL,PWRBIOTZAXX01,BIOTZAXX,1,2050,S2D5,5.372705110358257
GLOBAL,PWRBIOTZAXX01,BIOTZAXX,1,2050,S3D2,9.485072175661157
GLOBAL,PWRBIOTZAXX01,BIOTZAXX,1,2050,S3D3,9.485072175661157
GLOBAL,PWRBIOTZAXX01,BIOTZAXX,1,2050,S3D4,11.118585419515025
GLOBAL,PWRBIOTZAXX01,BIOTZAXX,1,2050,S3D5,11.118585419515025
GLOBAL,PWRCCGTZAXX00,GASINT,2,2021,S2D4,12.784295910206708
GLOBAL,PWRCCGTZAXX00,GASINT,2,2021,S3D4,10.76147955053572
GLOBAL,PWRCCGTZAXX00,GASINT,2,2021,S3D5,9.481718521240634
GLOBAL,PWRCCGTZAXX00,GASINT,2,2022,S2D4,12.774724797718282
GLOBAL,PWRCCGTZAXX00,GASINT,2,2022,S3D4,10.834758863240722
GLOBAL,PWRCCGTZAXX00,GASINT,2,2022,S3D5,9.554997833945638
GLOBAL,PWRCCGTZAXX00,GASINT,2,2023,S2D4,16.20193536
GLOBAL,PWRCCGTZAXX00,GASINT,2,2023,S3D4,14.40005346751147
GLOBAL,PWRCCGTZAXX00,GASINT,2,2023,S3D5,13.120292438216381
GLOBAL,PWRCCGTZAXX00,GASINT,2,2024,S2D4,10.066281385285679
GLOBAL,PWRCCGTZAXX00,GASINT,2,2024,S3D4,16.20193536
GLOBAL,PWRCCGTZAXX01,GASINT,2,2023,S2D4,1.115899444839865
GLOBAL,PWRCCGTZAXX01,GASINT,2,2023,S3D4,1.115899444839865
GLOBAL,PWRCCGTZAXX01,GASINT,2,2023,S3D5,1.115899444839865
GLOBAL,PWRCCGTZAXX01,GASINT,2,2024,S2D4,6.921424945902867
GLOBAL,PWRCCGTZAXX01,GASINT,2,2024,S3D4,6.921424945902867
GLOBAL,PWRCCGTZAXX01,GASINT,2,2024,S3D5,6.921424945902867
GLOBAL,PWRCCGTZAXX01,GASINT,2,2025,S2D4,15.386854830855315
GLOBAL,PWRCCGTZAXX01,GASINT,2,2025,S3D4,15.386854830855315
GLOBAL,PWRCCGTZAXX01,GASINT,2,2025,S3D5,7.372451716760883
GLOBAL,PWRCCGTZAXX01,GASINT,2,2026,S2D4,15.923836119996073
GLOBAL,PWRCCGTZAXX01,GASINT,2,2026,S3D4,15.923836119996073
GLOBAL,PWRCCGTZAXX01,GASINT,2,2026,S3D5,8.127876137318639
GLOBAL,PWRCCGTZAXX01,GASINT,2,2027,S2D4,16.45747398747163
GLOBAL,PWRCCGTZAXX01,GASINT,2,2027,S3D4,16.457473987471676
GLOBAL,PWRCCGTZAXX01,GASINT,2,2027,S3D5,8.879733518329509
GLOBAL,PWRCCGTZAXX01,GASINT,2,2028,S2D4,16.994455276612488
GLOBAL,PWRCCGTZAXX01,GASINT,2,2028,S3D4,16.994455276612502
GLOBAL,PWRCCGTZAXX01,GASINT,2,2028,S3D5,9.635157938887366
GLOBAL,PWRCCGTZAXX01,GASINT,2,2029,S2D4,17.527791830420924
GLOBAL,PWRCCGTZAXX01,GASINT,2,2029,S3D4,17.527791830421034
GLOBAL,PWRCCGTZAXX01,GASINT,2,2029,S3D5,10.387122323538472
GLOBAL,PWRCCGTZAXX01,GASINT,2,2030,S2D4,18.064773119561696
GLOBAL,PWRCCGTZAXX01,GASINT,2,2030,S3D4,18.064773119561742
GLOBAL,PWRCCGTZAXX01,GASINT,2,2030,S3D5,11.142546744096268
GLOBAL,PWRCCGTZAXX01,GASINT,2,2031,S2D4,18.803136163900113
GLOBAL,PWRCCGTZAXX01,GASINT,2,2031,S3D4,18.80313616390012
GLOBAL,PWRCCGTZAXX01,GASINT,2,2031,S3D5,12.140244007720721
GLOBAL,PWRCCGTZAXX01,GASINT,2,2032,S2D4,22.05447890446131
GLOBAL,PWRCCGTZAXX01,GASINT,2,2032,S3D4,22.0544789044614
GLOBAL,PWRCCGTZAXX01,GASINT,2,2032,S3D5,15.651329284875453
GLOBAL,PWRCCGTZAXX01,GASINT,2,2033,S2D4,22.763041537997225
GLOBAL,PWRCCGTZAXX01,GASINT,2,2033,S3D4,22.763041537997225
GLOBAL,PWRCCGTZAXX01,GASINT,2,2033,S3D5,16.61963445500478
GLOBAL,PWRCCGTZAXX01,GASINT,2,2034,S2D4,23.468299769837714
GLOBAL,PWRCCGTZAXX01,GASINT,2,2034,S3D4,23.468299769837735
GLOBAL,PWRCCGTZAXX01,GASINT,2,2034,S3D5,17.58441160555689
GLOBAL,PWRCCGTZAXX01,GASINT,2,2035,S2D4,24.180507138705593
GLOBAL,PWRCCGTZAXX01,GASINT,2,2035,S3D4,24.180507138705696
GLOBAL,PWRCCGTZAXX01,GASINT,2,2035,S3D5,18.556176811592756
GLOBAL,PWRCCGTZAXX01,GASINT,2,2036,S2D4,25.09902958504057
GLOBAL,PWRCCGTZAXX01,GASINT,2,2036,S3D4,25.0990295850404
GLOBAL,PWRCCGTZAXX01,GASINT,2,2036,S3D5,19.780417389504482
GLOBAL,PWRCCGTZAXX01,GASINT,2,2037,S2D4,26.031513885238272
GLOBAL,PWRCCGTZAXX01,GASINT,2,2037,S3D4,26.03151388523816
GLOBAL,PWRCCGTZAXX01,GASINT,2,2037,S3D5,21.018211503971596
GLOBAL,PWRCCGTZAXX01,GASINT,2,2038,S2D4,26.963696871768686
GLOBAL,PWRCCGTZAXX01,GASINT,2,2038,S3D4,26.963696871768754
GLOBAL,PWRCCGTZAXX01,GASINT,2,2038,S3D5,22.256112622078856
GLOBAL,PWRCCGTZAXX01,GASINT,2,2039,S2D4,27.899524593631575
GLOBAL,PWRCCGTZAXX01,GASINT,2,2039,S3D4,27.899524593631607
GLOBAL,PWRCCGTZAXX01,GASINT,2,2039,S3D5,23.49747377609288
GLOBAL,PWRCCGTZAXX01,GASINT,2,2040,S2D4,28.83170758016204
GLOBAL,PWRCCGTZAXX01,GASINT,2,2040,S3D4,28.831707580162007
GLOBAL,PWRCCGTZAXX01,GASINT,2,2040,S3D5,24.73537489420024
GLOBAL,PWRCCGTZAXX01,GASINT,2,2041,S2D4,29.809539557583427
GLOBAL,PWRCCGTZAXX01,GASINT,2,2041,S3D4,29.809539557583246
GLOBAL,PWRCCGTZAXX01,GASINT,2,2041,S3D5,26.08067853923578
GLOBAL,PWRCCGTZAXX01,GASINT,2,2042,S2D4,30.79101627033648
GLOBAL,PWRCCGTZAXX01,GASINT,2,2042,S3D4,30.791016270336385
GLOBAL,PWRCCGTZAXX01,GASINT,2,2042,S3D5,27.42944222017775
GLOBAL,PWRCCGTZAXX01,GASINT,2,2043,S2D4,31.76884824775776
GLOBAL,PWRCCGTZAXX01,GASINT,2,2043,S3D4,31.768848247757894
GLOBAL,PWRCCGTZAXX01,GASINT,2,2043,S3D5,28.774745865213298
GLOBAL,PWRCCGTZAXX01,GASINT,2,2044,S2D4,32.75002364684386
GLOBAL,PWRCCGTZAXX01,GASINT,2,2044,S3D4,32.750023646843815
GLOBAL,PWRCCGTZAXX01,GASINT,2,2044,S3D5,30.123616549795575
GLOBAL,PWRCCGTZAXX01,GASINT,2,2045,S2D4,33.67163649167273
GLOBAL,PWRCCGTZAXX01,GASINT,2,2045,S3D4,33.67163649167281
GLOBAL,PWRCCGTZAXX01,GASINT,2,2045,S3D5,29.981205963350593
GLOBAL,PWRCCGTZAXX01,GASINT,2,2046,S2D4,34.85297679088333
GLOBAL,PWRCCGTZAXX01,GASINT,2,2046,S3D4,34.85297679088334
GLOBAL,PWRCCGTZAXX01,GASINT,2,2046,S3D5,31.620325305093097
GLOBAL,PWRCCGTZAXX01,GASINT,2,2047,S2D4,35.95343341319913
GLOBAL,PWRCCGTZAXX01,GASINT,2,2047,S3D4,35.95343341319913
GLOBAL,PWRCCGTZAXX01,GASINT,2,2047,S3D5,33.255984610930206
GLOBAL,PWRCCGTZAXX01,GASINT,2,2048,S2D4,35.95343341319894
GLOBAL,PWRCCGTZAXX01,GASINT,2,2048,S3D4,35.95343341319913
GLOBAL,PWRCCGTZAXX01,GASINT,2,2048,S3D5,34.89510395267094
GLOBAL,PWRCCGTZAXX01,GASINT,2,2049,S2D4,37.131430290740354
GLOBAL,PWRCCGTZAXX01,GASINT,2,2049,S3D4,37.131430290740354
GLOBAL,PWRCCGTZAXX01,GASINT,2,2049,S3D5,36.53065625486642
GLOBAL,PWRCCGTZAXX01,GASINT,2,2050,S2D4,38.312770589954575
GLOBAL,PWRCCGTZAXX01,GASINT,2,2050,S3D4,38.312770589954575
GLOBAL,PWRCCGTZAXX01,GASINT,2,2050,S3D5,38.169775596609114
GLOBAL,PWRGEOKENXX01,GEOKENXX,1,2021,S1D6,20.822194843317888
GLOBAL,PWRGEOKENXX01,GEOKENXX,1,2021,S1D1,28.67044916675861
GLOBAL,PWRGEOKENXX01,GEOKENXX,1,2021,S1D2,32.08150139236805
GLOBAL,PWRGEOKENXX01,GEOKENXX,1,2021,S1D3,32.660767864097856
GLOBAL,PWRGEOKENXX01,GEOKENXX,1,2021,S1D4,31.600561732801097
GLOBAL,PWRGEOKENXX01,GEOKENXX,1,2021,S1D5,32.2249745328011
GLOBAL,PWRGEOKENXX01,GEOKENXX,1,2021,S2D6,27.055889357723135
GLOBAL,PWRGEOKENXX01,GEOKENXX,1,2021,S2D1,27.609107623680703
GLOBAL,PWRGEOKENXX01,GEOKENXX,1,2021,S2D2,33.80599142017584
GLOBAL,PWRGEOKENXX01,GEOKENXX,1,2021,S2D3,33.80599142017584
GLOBAL,PWRGEOKENXX01,GEOKENXX,1,2021,S2D4,33.80599142017584
GLOBAL,PWRGEOKENXX01,GEOKENXX,1,2021,S2D5,33.358330481177504
GLOBAL,PWRGEOKENXX01,GEOKENXX,1,2021,S3D6,16.023191871903922
GLOBAL,PWRGEOKENXX01,GEOKENXX,1,2021,S3D1,33.80599142017584
GLOBAL,PWRGEOKENXX01,GEOKENXX,1,2021,S3D2,31.026548880084132
GLOBAL,PWRGEOKENXX01,GEOKENXX,1,2021,S3D3,31.55317485128413
GLOBAL,PWRGEOKENXX01,GEOKENXX,1,2021,S3D4,33.80599142017584
GLOBAL,PWRGEOKENXX01,GEOKENXX,1,2021,S3D5,33.80599142017584
GLOBAL,PWRGEOKENXX01,GEOKENXX,1,2022,S1D6,22.121348788216693
GLOBAL,PWRGEOKENXX01,GEOKENXX,1,2022,S1D1,28.999860279907672
GLOBAL,PWRGEOKENXX01,GEOKENXX,1,2022,S1D2,34.62562062241348
GLOBAL,PWRGEOKENXX01,GEOKENXX,1,2022,S1D3,33.25114049154834
GLOBAL,PWRGEOKENXX01,GEOKENXX,1,2022,S1D4,35.695159112212274
GLOBAL,PWRGEOKENXX01,GEOKENXX,1,2022,S1D5,35.038722329771545
GLOBAL,PWRGEOKENXX01,GEOKENXX,1,2022,S2D6,28.47937690220712
GLOBAL,PWRGEOKENXX01,GEOKENXX,1,2022,S2D1,29.30610713039104
GLOBAL,PWRGEOKENXX01,GEOKENXX,1,2022,S2D2,35.695159112212274
GLOBAL,PWRGEOKENXX01,GEOKENXX,1,2022,S2D3,34.563088066944374
GLOBAL,PWRGEOKENXX01,GEOKENXX,1,2022,S2D4,35.695159112212274
GLOBAL,PWRGEOKENXX01,GEOKENXX,1,2022,S2D5,34.97543992369495
GLOBAL,PWRGEOKENXX01,GEOKENXX,1,2022,S3D6,17.459457581060114
GLOBAL,PWRGEOKENXX01,GEOKENXX,1,2022,S3D1,35.695159112212274
GLOBAL,PWRGEOKENXX01,GEOKENXX,1,2022,S3D2,32.37227224378387
GLOBAL,PWRGEOKENXX01,GEOKENXX,1,2022,S3D3,33.22374424378387
GLOBAL,PWRGEOKENXX01,GEOKENXX,1,2022,S3D4,35.69515911221228
GLOBAL,PWRGEOKENXX01,GEOKENXX,1,2022,S3D5,35.26726876105176
GLOBAL,PWRGEOKENXX01,GEOKENXX,1,2023,S1D6,17.706626607134478
GLOBAL,PWRGEOKENXX01,GEOKENXX,1,2023,S1D1,29.091852488500905
GLOBAL,PWRGEOKENXX01,GEOKENXX,1,2023,S1D2,33.048132168995416
GLOBAL,PWRGEOKENXX01,GEOKENXX,1,2023,S1D3,33.43277045379542
GLOBAL,PWRGEOKENXX01,GEOKENXX,1,2023,S1D4,35.69515911221228
GLOBAL,PWRGEOKENXX01,GEOKENXX,1,2023,S1D5,34.37566969146732
GLOBAL,PWRGEOKENXX01,GEOKENXX,1,2023,S2D6,27.99412032226932
GLOBAL,PWRGEOKENXX01,GEOKENXX,1,2023,S2D1,29.41152526280587
GLOBAL,PWRGEOKENXX01,GEOKENXX,1,2023,S2D2,35.69515911221228
GLOBAL,PWRGEOKENXX01,GEOKENXX,1,2023,S2D3,35.69515911221228
GLOBAL,PWRGEOKENXX01,GEOKENXX,1,2023,S2D4,34.56867353789853
GLOBAL,PWRGEOKENXX01,GEOKENXX,1,2023,S2D5,35.69515911221228
GLOBAL,PWRGEOKENXX01,GEOKENXX,1,2023,S3D6,19.86124887499934
GLOBAL,PWRGEOKENXX01,GEOKENXX,1,2023,S3D1,35.69515911221228
GLOBAL,PWRGEOKENXX01,GEOKENXX,1,2023,S3D2,35.69515911221228
GLOBAL,PWRGEOKENXX01,GEOKENXX,1,2023,S3D3,33.443065435112715
GLOBAL,PWRGEOKENXX01,GEOKENXX,1,2023,S3D4,35.69515911221228
GLOBAL,PWRGEOKENXX01,GEOKENXX,1,2023,S3D5,35.253228676227
GLOBAL,PWRGEOKENXX01,GEOKENXX,1,2024,S1D6,28.156987475789723
GLOBAL,PWRGEOKENXX01,GEOKENXX,1,2024,S1D1,30.5114888908403
GLOBAL,PWRGEOKENXX01,GEOKENXX,1,2024,S1D2,35.69515911221228
GLOBAL,PWRGEOKENXX01,GEOKENXX,1,2024,S1D3,29.47476025250896
GLOBAL,PWRGEOKENXX01,GEOKENXX,1,2024,S1D4,35.69515911221228
GLOBAL,PWRGEOKENXX01,GEOKENXX,1,2024,S1D5,35.69515911221228
GLOBAL,PWRGEOKENXX01,GEOKENXX,1,2024,S2D6,20.58104878455189
GLOBAL,PWRGEOKENXX01,GEOKENXX,1,2024,S2D1,22.65657873252252
GLOBAL,PWRGEOKENXX01,GEOKENXX,1,2024,S2D2,35.69515911221228
GLOBAL,PWRGEOKENXX01,GEOKENXX,1,2024,S2D3,35.69515911221228
GLOBAL,PWRGEOKENXX01,GEOKENXX,1,2024,S2D4,35.69515911221228
GLOBAL,PWRGEOKENXX01,GEOKENXX,1,2024,S2D5,35.69515911221228
GLOBAL,PWRGEOKENXX01,GEOKENXX,1,2024,S3D6,33.28411390632675
GLOBAL,PWRGEOKENXX01,GEOKENXX,1,2024,S3D1,21.050301170314697
GLOBAL,PWRGEOKENXX01,GEOKENXX,1,2024,S3D2,35.69515911221228
GLOBAL,PWRGEOKENXX01,GEOKENXX,1,2024,S3D3,35.69515911221228
GLOBAL,PWRGEOKENXX01,GEOKENXX,1,2024,S3D4,35.69515911221227
GLOBAL,PWRGEOKENXX01,GEOKENXX,1,2024,S3D5,35.69515911221228
GLOBAL,PWRGEOKENXX01,GEOKENXX,1,2025,S1D6,36.32796720827691
GLOBAL,PWRGEOKENXX01,GEOKENXX,1,2025,S1D1,31.850853790443647
GLOBAL,PWRGEOKENXX01,GEOKENXX,1,2025,S1D2,31.06966590249992
GLOBAL,PWRGEOKENXX01,GEOKENXX,1,2025,S1D3,29.876134310648837
GLOBAL,PWRGEOKENXX01,GEOKENXX,1,2025,S1D4,36.32796720827691
GLOBAL,PWRGEOKENXX01,GEOKENXX,1,2025,S1D5,36.32796720827691
GLOBAL,PWRGEOKENXX01,GEOKENXX,1,2025,S2D6,24.428029733467092
GLOBAL,PWRGEOKENXX01,GEOKENXX,1,2025,S2D1,32.10188770158463
GLOBAL,PWRGEOKENXX01,GEOKENXX,1,2025,S2D2,30.445533395861105
GLOBAL,PWRGEOKENXX01,GEOKENXX,1,2025,S2D3,36.32796720827691
GLOBAL,PWRGEOKENXX01,GEOKENXX,1,2025,S2D4,36.32796720827691
GLOBAL,PWRGEOKENXX01,GEOKENXX,1,2025,S2D5,36.32796720827691
GLOBAL,PWRGEOKENXX01,GEOKENXX,1,2025,S3D6,19.882365824693427
GLOBAL,PWRGEOKENXX01,GEOKENXX,1,2025,S3D1,28.765590668786796
GLOBAL,PWRGEOKENXX01,GEOKENXX,1,2025,S3D2,35.785408635312294
GLOBAL,PWRGEOKENXX01,GEOKENXX,1,2025,S3D3,33.7764000075501
GLOBAL,PWRGEOKENXX01,GEOKENXX,1,2025,S3D4,36.3279672082769
GLOBAL,PWRGEOKENXX01,GEOKENXX,1,2025,S3D5,36.32796720827691
GLOBAL,PWRGEOKENXX01,GEOKENXX,1,2026,S1D6,25.779964058957084
GLOBAL,PWRGEOKENXX01,GEOKENXX,1,2026,S1D1,35.70309473025636
GLOBAL,PWRGEOKENXX01,GEOKENXX,1,2026,S1D2,32.89382745063108
GLOBAL,PWRGEOKENXX01,GEOKENXX,1,2026,S1D3,40.50338526649653
GLOBAL,PWRGEOKENXX01,GEOKENXX,1,2026,S1D4,40.50338526649653
GLOBAL,PWRGEOKENXX01,GEOKENXX,1,2026,S1D5,34.61653988019892
GLOBAL,PWRGEOKENXX01,GEOKENXX,1,2026,S2D6,26.16728601879459
GLOBAL,PWRGEOKENXX01,GEOKENXX,1,2026,S2D1,40.50338526649653
GLOBAL,PWRGEOKENXX01,GEOKENXX,1,2026,S2D2,40.50338526649653
GLOBAL,PWRGEOKENXX01,GEOKENXX,1,2026,S2D3,40.50338526649653
GLOBAL,PWRGEOKENXX01,GEOKENXX,1,2026,S2D4,40.50338526649653
GLOBAL,PWRGEOKENXX01,GEOKENXX,1,2026,S2D5,35.156755917395195
GLOBAL,PWRGEOKENXX01,GEOKENXX,1,2026,S3D6,22.941611785196123
GLOBAL,PWRGEOKENXX01,GEOKENXX,1,2026,S3D1,40.50338526649653
GLOBAL,PWRGEOKENXX01,GEOKENXX,1,2026,S3D2,37.679576195247776
GLOBAL,PWRGEOKENXX01,GEOKENXX,1,2026,S3D3,40.50338526649653
GLOBAL,PWRGEOKENXX01,GEOKENXX,1,2026,S3D4,40.50338526649652
GLOBAL,PWRGEOKENXX01,GEOKENXX,1,2026,S3D5,40.50338526649652
GLOBAL,PWRGEOKENXX01,GEOKENXX,1,2027,S1D6,30.792871462051973
GLOBAL,PWRGEOKENXX01,GEOKENXX,1,2027,S1D1,39.58995604412497
GLOBAL,PWRGEOKENXX01,GEOKENXX,1,2027,S1D2,44.678803324716114
GLOBAL,PWRGEOKENXX01,GEOKENXX,1,2027,S1D3,44.678803324716114
GLOBAL,PWRGEOKENXX01,GEOKENXX,1,2027,S1D4,37.078757916181125
GLOBAL,PWRGEOKENXX01,GEOKENXX,1,2027,S1D5,44.678803324716114
GLOBAL,PWRGEOKENXX01,GEOKENXX,1,2027,S2D6,28.135561927648663
GLOBAL,PWRGEOKENXX01,GEOKENXX,1,2027,S2D1,39.66195887596184
GLOBAL,PWRGEOKENXX01,GEOKENXX,1,2027,S2D2,38.80550632208252
GLOBAL,PWRGEOKENXX01,GEOKENXX,1,2027,S2D3,44.678803324716114
GLOBAL,PWRGEOKENXX01,GEOKENXX,1,2027,S2D4,44.678803324716114
GLOBAL,PWRGEOKENXX01,GEOKENXX,1,2027,S2D5,44.678803324716114
GLOBAL,PWRGEOKENXX01,GEOKENXX,1,2027,S3D6,18.27454108024904
GLOBAL,PWRGEOKENXX01,GEOKENXX,1,2027,S3D1,44.678803324716114
GLOBAL,PWRGEOKENXX01,GEOKENXX,1,2027,S3D2,44.678803324716114
GLOBAL,PWRGEOKENXX01,GEOKENXX,1,2027,S3D3,44.678803324716114
GLOBAL,PWRGEOKENXX01,GEOKENXX,1,2027,S3D4,44.67880332471611
GLOBAL,PWRGEOKENXX01,GEOKENXX,1,2027,S3D5,44.67880332471611
GLOBAL,PWRGEOKENXX01,GEOKENXX,1,2028,S1D6,33.05951797699795
GLOBAL,PWRGEOKENXX01,GEOKENXX,1,2028,S1D1,48.85422138293572
GLOBAL,PWRGEOKENXX01,GEOKENXX,1,2028,S1D2,48.85422138293572
GLOBAL,PWRGEOKENXX01,GEOKENXX,1,2028,S1D3,48.85422138293572
GLOBAL,PWRGEOKENXX01,GEOKENXX,1,2028,S1D4,43.069381312163365
GLOBAL,PWRGEOKENXX01,GEOKENXX,1,2028,S1D5,48.85422138293572
GLOBAL,PWRGEOKENXX01,GEOKENXX,1,2028,S2D6,19.379169491619447
GLOBAL,PWRGEOKENXX01,GEOKENXX,1,2028,S2D1,43.451994463150456
GLOBAL,PWRGEOKENXX01,GEOKENXX,1,2028,S2D2,48.85422138293572
GLOBAL,PWRGEOKENXX01,GEOKENXX,1,2028,S2D3,41.1741529997598
GLOBAL,PWRGEOKENXX01,GEOKENXX,1,2028,S2D4,48.85422138293572
GLOBAL,PWRGEOKENXX01,GEOKENXX,1,2028,S2D5,48.85422138293572
GLOBAL,PWRGEOKENXX01,GEOKENXX,1,2028,S3D6,29.060103706201502
GLOBAL,PWRGEOKENXX01,GEOKENXX,1,2028,S3D1,48.85422138293572
GLOBAL,PWRGEOKENXX01,GEOKENXX,1,2028,S3D2,48.85422138293572
GLOBAL,PWRGEOKENXX01,GEOKENXX,1,2028,S3D3,45.09147500438933
GLOBAL,PWRGEOKENXX01,GEOKENXX,1,2028,S3D4,48.85422138293571
GLOBAL,PWRGEOKENXX01,GEOKENXX,1,2028,S3D5,48.85422138293571
GLOBAL,PWRGEOKENXX01,GEOKENXX,1,2029,S1D6,35.765867530949635
GLOBAL,PWRGEOKENXX01,GEOKENXX,1,2029,S1D1,48.95263021545344
GLOBAL,PWRGEOKENXX01,GEOKENXX,1,2029,S1D2,53.0394408919962
GLOBAL,PWRGEOKENXX01,GEOKENXX,1,2029,S1D3,53.0394408919962
GLOBAL,PWRGEOKENXX01,GEOKENXX,1,2029,S1D4,44.05888335514084
GLOBAL,PWRGEOKENXX01,GEOKENXX,1,2029,S1D5,53.0394408919962
GLOBAL,PWRGEOKENXX01,GEOKENXX,1,2029,S2D6,21.2372871523184
GLOBAL,PWRGEOKENXX01,GEOKENXX,1,2029,S2D1,47.270926847492106
GLOBAL,PWRGEOKENXX01,GEOKENXX,1,2029,S2D2,53.0394408919962
GLOBAL,PWRGEOKENXX01,GEOKENXX,1,2029,S2D3,53.0394408919962
GLOBAL,PWRGEOKENXX01,GEOKENXX,1,2029,S2D4,53.0394408919962
GLOBAL,PWRGEOKENXX01,GEOKENXX,1,2029,S2D5,45.27400719576324
GLOBAL,PWRGEOKENXX01,GEOKENXX,1,2029,S3D6,46.55520905892998
GLOBAL,PWRGEOKENXX01,GEOKENXX,1,2029,S3D1,44.07079713198248
GLOBAL,PWRGEOKENXX01,GEOKENXX,1,2029,S3D2,53.0394408919962
GLOBAL,PWRGEOKENXX01,GEOKENXX,1,2029,S3D3,48.84362031741755
GLOBAL,PWRGEOKENXX01,GEOKENXX,1,2029,S3D4,53.03944089199619
GLOBAL,PWRGEOKENXX01,GEOKENXX,1,2029,S3D5,53.03944089199619
GLOBAL,PWRGEOKENXX01,GEOKENXX,1,2030,S1D6,39.28579534926073
GLOBAL,PWRGEOKENXX01,GEOKENXX,1,2030,S1D1,51.25966407332205
GLOBAL,PWRGEOKENXX01,GEOKENXX,1,2030,S1D2,57.21485895021584
GLOBAL,PWRGEOKENXX01,GEOKENXX,1,2030,S1D3,57.21485895021584
GLOBAL,PWRGEOKENXX01,GEOKENXX,1,2030,S1D4,50.04950675112311
GLOBAL,PWRGEOKENXX01,GEOKENXX,1,2030,S1D5,57.21485895021584
GLOBAL,PWRGEOKENXX01,GEOKENXX,1,2030,S2D6,23.091053249409235
GLOBAL,PWRGEOKENXX01,GEOKENXX,1,2030,S2D1,57.21485895021584
GLOBAL,PWRGEOKENXX01,GEOKENXX,1,2030,S2D2,57.21485895021584
GLOBAL,PWRGEOKENXX01,GEOKENXX,1,2030,S2D3,47.92162394616168
GLOBAL,PWRGEOKENXX01,GEOKENXX,1,2030,S2D4,57.21485895021584
GLOBAL,PWRGEOKENXX01,GEOKENXX,1,2030,S2D5,57.21485895021584
GLOBAL,PWRGEOKENXX01,GEOKENXX,1,2030,S3D6,49.61445501943268
GLOBAL,PWRGEOKENXX01,GEOKENXX,1,2030,S3D1,36.42973613968799
GLOBAL,PWRGEOKENXX01,GEOKENXX,1,2030,S3D2,57.21485895021584
GLOBAL,PWRGEOKENXX01,GEOKENXX,1,2030,S3D3,57.21485895021584
GLOBAL,PWRGEOKENXX01,GEOKENXX,1,2030,S3D4,57.21485895021584
GLOBAL,PWRGEOKENXX01,GEOKENXX,1,2030,S3D5,57.214858950215834
GLOBAL,PWRGEOKENXX01,GEOKENXX,1,2031,S1D6,42.862437685027146
GLOBAL,PWRGEOKENXX01,GEOKENXX,1,2031,S1D1,55.73046699303008
GLOBAL,PWRGEOKENXX01,GEOKENXX,1,2031,S1D2,62.01756986225244
GLOBAL,PWRGEOKENXX01,GEOKENXX,1,2031,S1D3,62.01756986225244
GLOBAL,PWRGEOKENXX01,GEOKENXX,1,2031,S1D4,62.01756986225244
GLOBAL,PWRGEOKENXX01,GEOKENXX,1,2031,S1D5,52.57829291480216
GLOBAL,PWRGEOKENXX01,GEOKENXX,1,2031,S2D6,52.40022035262633
GLOBAL,PWRGEOKENXX01,GEOKENXX,1,2031,S2D1,38.833650637580966
GLOBAL,PWRGEOKENXX01,GEOKENXX,1,2031,S2D2,51.1783837481697
GLOBAL,PWRGEOKENXX01,GEOKENXX,1,2031,S2D3,62.01756986225244
GLOBAL,PWRGEOKENXX01,GEOKENXX,1,2031,S2D4,62.01756986225244
GLOBAL,PWRGEOKENXX01,GEOKENXX,1,2031,S2D5,62.01756986225244
GLOBAL,PWRGEOKENXX01,GEOKENXX,1,2031,S3D6,38.70462794318535
GLOBAL,PWRGEOKENXX01,GEOKENXX,1,2031,S3D1,62.01756986225244
GLOBAL,PWRGEOKENXX01,GEOKENXX,1,2031,S3D2,52.316204458556186
GLOBAL,PWRGEOKENXX01,GEOKENXX,1,2031,S3D3,62.01756986225244
GLOBAL,PWRGEOKENXX01,GEOKENXX,1,2031,S3D4,62.017569862252415
GLOBAL,PWRGEOKENXX01,GEOKENXX,1,2031,S3D5,62.017569862252415
GLOBAL,PWRGEOKENXX01,GEOKENXX,1,2032,S1D6,47.289221827015474
GLOBAL,PWRGEOKENXX01,GEOKENXX,1,2032,S1D1,60.21039400032935
GLOBAL,PWRGEOKENXX01,GEOKENXX,1,2032,S1D2,66.92710600003252
GLOBAL,PWRGEOKENXX01,GEOKENXX,1,2032,S1D3,66.92710600003252
GLOBAL,PWRGEOKENXX01,GEOKENXX,1,2032,S1D4,55.66943174037905
GLOBAL,PWRGEOKENXX01,GEOKENXX,1,2032,S1D5,66.92710600003252
GLOBAL,PWRGEOKENXX01,GEOKENXX,1,2032,S2D6,27.456960923950355
GLOBAL,PWRGEOKENXX01,GEOKENXX,1,2032,S2D1,59.78872044179814
GLOBAL,PWRGEOKENXX01,GEOKENXX,1,2032,S2D2,57.12511787163801
GLOBAL,PWRGEOKENXX01,GEOKENXX,1,2032,S2D3,66.92710600003252
GLOBAL,PWRGEOKENXX01,GEOKENXX,1,2032,S2D4,66.92710600003252
GLOBAL,PWRGEOKENXX01,GEOKENXX,1,2032,S2D5,66.92710600003252
GLOBAL,PWRGEOKENXX01,GEOKENXX,1,2032,S3D6,56.65933832284381
GLOBAL,PWRGEOKENXX01,GEOKENXX,1,2032,S3D1,50.93588681968384
GLOBAL,PWRGEOKENXX01,GEOKENXX,1,2032,S3D2,66.92710600003252
GLOBAL,PWRGEOKENXX01,GEOKENXX,1,2032,S3D3,66.92710600003252
GLOBAL,PWRGEOKENXX01,GEOKENXX,1,2032,S3D4,66.92710600003251
GLOBAL,PWRGEOKENXX01,GEOKENXX,1,2032,S3D5,66.9271060000325
GLOBAL,PWRGEOKENXX01,GEOKENXX,1,2033,S1D6,50.873163432854895
GLOBAL,PWRGEOKENXX01,GEOKENXX,1,2033,S1D1,64.69032100762861
GLOBAL,PWRGEOKENXX01,GEOKENXX,1,2033,S1D2,71.71159107083182
GLOBAL,PWRGEOKENXX01,GEOKENXX,1,2033,S1D3,71.71159107083182
GLOBAL,PWRGEOKENXX01,GEOKENXX,1,2033,S1D4,59.65927266697519
GLOBAL,PWRGEOKENXX01,GEOKENXX,1,2033,S1D5,71.71159107083182
GLOBAL,PWRGEOKENXX01,GEOKENXX,1,2033,S2D6,29.565551363495565
GLOBAL,PWRGEOKENXX01,GEOKENXX,1,2033,S2D1,64.13704784393339
GLOBAL,PWRGEOKENXX01,GEOKENXX,1,2033,S2D2,60.88127807083914
GLOBAL,PWRGEOKENXX01,GEOKENXX,1,2033,S2D3,71.71159107083182
GLOBAL,PWRGEOKENXX01,GEOKENXX,1,2033,S2D4,71.71159107083182
GLOBAL,PWRGEOKENXX01,GEOKENXX,1,2033,S2D5,71.71159107083182
GLOBAL,PWRGEOKENXX01,GEOKENXX,1,2033,S3D6,60.18537063882227
GLOBAL,PWRGEOKENXX01,GEOKENXX,1,2033,S3D1,54.827497232733165
GLOBAL,PWRGEOKENXX01,GEOKENXX,1,2033,S3D2,71.71159107083182
GLOBAL,PWRGEOKENXX01,GEOKENXX,1,2033,S3D3,71.71159107083182
GLOBAL,PWRGEOKENXX01,GEOKENXX,1,2033,S3D4,71.71159107083182
GLOBAL,PWRGEOKENXX01,GEOKENXX,1,2033,S3D5,71.71159107083179
GLOBAL,PWRGEOKENXX01,GEOKENXX,1,2034,S1D6,54.4571050386943
GLOBAL,PWRGEOKENXX01,GEOKENXX,1,2034,S1D1,69.17024801492788
GLOBAL,PWRGEOKENXX01,GEOKENXX,1,2034,S1D2,76.49611321476873
GLOBAL,PWRGEOKENXX01,GEOKENXX,1,2034,S1D3,76.49611321476873
GLOBAL,PWRGEOKENXX01,GEOKENXX,1,2034,S1D4,76.49611321476873
GLOBAL,PWRGEOKENXX01,GEOKENXX,1,2034,S1D5,64.67290383470892
GLOBAL,PWRGEOKENXX01,GEOKENXX,1,2034,S2D6,31.674178876178345
GLOBAL,PWRGEOKENXX01,GEOKENXX,1,2034,S2D1,68.5253752460686
GLOBAL,PWRGEOKENXX01,GEOKENXX,1,2034,S2D2,76.49611321476873
GLOBAL,PWRGEOKENXX01,GEOKENXX,1,2034,S2D3,73.919801371066
GLOBAL,PWRGEOKENXX01,GEOKENXX,1,2034,S2D4,76.49611321476873
GLOBAL,PWRGEOKENXX01,GEOKENXX,1,2034,S2D5,76.49611321476873
GLOBAL,PWRGEOKENXX01,GEOKENXX,1,2034,S3D6,63.71140295480072
GLOBAL,PWRGEOKENXX01,GEOKENXX,1,2034,S3D1,65.5160395018209
GLOBAL,PWRGEOKENXX01,GEOKENXX,1,2034,S3D2,59.286078526500674
GLOBAL,PWRGEOKENXX01,GEOKENXX,1,2034,S3D3,76.49611321476873
GLOBAL,PWRGEOKENXX01,GEOKENXX,1,2034,S3D4,76.4961132147687
GLOBAL,PWRGEOKENXX01,GEOKENXX,1,2034,S3D5,76.4961132147687
GLOBAL,PWRGEOKENXX01,GEOKENXX,1,2035,S1D6,57.1428895810138
GLOBAL,PWRGEOKENXX01,GEOKENXX,1,2035,S1D1,73.6410509346359
GLOBAL,PWRGEOKENXX01,GEOKENXX,1,2035,S1D2,81.27079683472705
GLOBAL,PWRGEOKENXX01,GEOKENXX,1,2035,S1D3,67.40012736474183
GLOBAL,PWRGEOKENXX01,GEOKENXX,1,2035,S1D4,81.27079683472705
GLOBAL,PWRGEOKENXX01,GEOKENXX,1,2035,S1D5,81.27079683472705
GLOBAL,PWRGEOKENXX01,GEOKENXX,1,2035,S2D6,33.77841775211524
GLOBAL,PWRGEOKENXX01,GEOKENXX,1,2035,S2D1,81.27079683472705
GLOBAL,PWRGEOKENXX01,GEOKENXX,1,2035,S2D2,81.27079683472705
GLOBAL,PWRGEOKENXX01,GEOKENXX,1,2035,S2D3,81.27079683472705
GLOBAL,PWRGEOKENXX01,GEOKENXX,1,2035,S2D4,81.27079683472705
GLOBAL,PWRGEOKENXX01,GEOKENXX,1,2035,S2D5,68.10688714644914
GLOBAL,PWRGEOKENXX01,GEOKENXX,1,2035,S3D6,52.80157587855339
GLOBAL,PWRGEOKENXX01,GEOKENXX,1,2035,S3D1,69.89460323611173
GLOBAL,PWRGEOKENXX01,GEOKENXX,1,2035,S3D2,81.27079683472705
GLOBAL,PWRGEOKENXX01,GEOKENXX,1,2035,S3D3,81.27079683472705
GLOBAL,PWRGEOKENXX01,GEOKENXX,1,2035,S3D4,81.27079683472702
GLOBAL,PWRGEOKENXX01,GEOKENXX,1,2035,S3D5,81.27079683472702
GLOBAL,PWRGEOKENXX01,GEOKENXX,1,2036,S1D6,61.33689023977168
GLOBAL,PWRGEOKENXX01,GEOKENXX,1,2036,S1D1,78.82353268646072
GLOBAL,PWRGEOKENXX01,GEOKENXX,1,2036,S1D2,74.58820439986796
GLOBAL,PWRGEOKENXX01,GEOKENXX,1,2036,S1D3,86.8250419405477
GLOBAL,PWRGEOKENXX01,GEOKENXX,1,2036,S1D4,86.8250419405477
GLOBAL,PWRGEOKENXX01,GEOKENXX,1,2036,S1D5,86.8250419405477
GLOBAL,PWRGEOKENXX01,GEOKENXX,1,2036,S2D6,36.23712690976412
GLOBAL,PWRGEOKENXX01,GEOKENXX,1,2036,S2D1,77.93818663396895
GLOBAL,PWRGEOKENXX01,GEOKENXX,1,2036,S2D2,86.8250419405477
GLOBAL,PWRGEOKENXX01,GEOKENXX,1,2036,S2D3,86.8250419405477
GLOBAL,PWRGEOKENXX01,GEOKENXX,1,2036,S2D4,86.8250419405477
GLOBAL,PWRGEOKENXX01,GEOKENXX,1,2036,S2D5,86.8250419405477
GLOBAL,PWRGEOKENXX01,GEOKENXX,1,2036,S3D6,47.742078771049925
GLOBAL,PWRGEOKENXX01,GEOKENXX,1,2036,S3D1,74.99334650361622
GLOBAL,PWRGEOKENXX01,GEOKENXX,1,2036,S3D2,86.8250419405477
GLOBAL,PWRGEOKENXX01,GEOKENXX,1,2036,S3D3,86.8250419405477
GLOBAL,PWRGEOKENXX01,GEOKENXX,1,2036,S3D4,86.82504194054766
GLOBAL,PWRGEOKENXX01,GEOKENXX,1,2036,S3D5,86.82504194054768
GLOBAL,PWRGEOKENXX01,GEOKENXX,1,2037,S1D6,65.47557637115854
GLOBAL,PWRGEOKENXX01,GEOKENXX,1,2037,S1D1,83.9968903506943
GLOBAL,PWRGEOKENXX01,GEOKENXX,1,2037,S1D2,79.07954194137297
GLOBAL,PWRGEOKENXX01,GEOKENXX,1,2037,S1D3,92.38246456733296
GLOBAL,PWRGEOKENXX01,GEOKENXX,1,2037,S1D4,92.38246456733296
GLOBAL,PWRGEOKENXX01,GEOKENXX,1,2037,S1D5,92.38246456733296
GLOBAL,PWRGEOKENXX01,GEOKENXX,1,2037,S2D6,38.70446347561029
GLOBAL,PWRGEOKENXX01,GEOKENXX,1,2037,S2D1,82.9826706197341
GLOBAL,PWRGEOKENXX01,GEOKENXX,1,2037,S2D2,92.38246456733296
GLOBAL,PWRGEOKENXX01,GEOKENXX,1,2037,S2D3,92.38246456733296
GLOBAL,PWRGEOKENXX01,GEOKENXX,1,2037,S2D4,92.38246456733296
GLOBAL,PWRGEOKENXX01,GEOKENXX,1,2037,S2D5,92.38246456733296
GLOBAL,PWRGEOKENXX01,GEOKENXX,1,2037,S3D6,50.24564143374181
GLOBAL,PWRGEOKENXX01,GEOKENXX,1,2037,S3D1,80.08311311043849
GLOBAL,PWRGEOKENXX01,GEOKENXX,1,2037,S3D2,92.38246456733296
GLOBAL,PWRGEOKENXX01,GEOKENXX,1,2037,S3D3,92.38246456733296
GLOBAL,PWRGEOKENXX01,GEOKENXX,1,2037,S3D4,92.38246456733293
GLOBAL,PWRGEOKENXX01,GEOKENXX,1,2037,S3D5,92.38246456733293
GLOBAL,PWRGEOKENXX01,GEOKENXX,1,2038,S1D6,66.49946250472351
GLOBAL,PWRGEOKENXX01,GEOKENXX,1,2038,S1D1,89.17937210251912
GLOBAL,PWRGEOKENXX01,GEOKENXX,1,2038,S1D2,97.94968864495907
GLOBAL,PWRGEOKENXX01,GEOKENXX,1,2038,S1D3,81.32285017786995
GLOBAL,PWRGEOKENXX01,GEOKENXX,1,2038,S1D4,97.94968864495907
GLOBAL,PWRGEOKENXX01,GEOKENXX,1,2038,S1D5,97.94968864495907
GLOBAL,PWRGEOKENXX01,GEOKENXX,1,2038,S2D6,67.8825885098978
GLOBAL,PWRGEOKENXX01,GEOKENXX,1,2038,S2D1,88.01605140265222
GLOBAL,PWRGEOKENXX01,GEOKENXX,1,2038,S2D2,90.8076378141257
GLOBAL,PWRGEOKENXX01,GEOKENXX,1,2038,S2D3,97.94968864495907
GLOBAL,PWRGEOKENXX01,GEOKENXX,1,2038,S2D4,97.94968864495907
GLOBAL,PWRGEOKENXX01,GEOKENXX,1,2038,S2D5,97.94968864495907
GLOBAL,PWRGEOKENXX01,GEOKENXX,1,2038,S3D6,38.32494148718524
GLOBAL,PWRGEOKENXX01,GEOKENXX,1,2038,S3D1,85.18185637794298
GLOBAL,PWRGEOKENXX01,GEOKENXX,1,2038,S3D2,97.94968864495907
GLOBAL,PWRGEOKENXX01,GEOKENXX,1,2038,S3D3,97.94968864495907
GLOBAL,PWRGEOKENXX01,GEOKENXX,1,2038,S3D4,97.94968864495902
GLOBAL,PWRGEOKENXX01,GEOKENXX,1,2038,S3D5,97.94968864495905
GLOBAL,PWRGEOKENXX01,GEOKENXX,1,2039,S1D6,72.69967208815416
GLOBAL,PWRGEOKENXX01,GEOKENXX,1,2039,S1D1,86.7108428928279
GLOBAL,PWRGEOKENXX01,GEOKENXX,1,2039,S1D2,103.50711127174432
GLOBAL,PWRGEOKENXX01,GEOKENXX,1,2039,S1D3,103.50711127174432
GLOBAL,PWRGEOKENXX01,GEOKENXX,1,2039,S1D4,103.50711127174432
GLOBAL,PWRGEOKENXX01,GEOKENXX,1,2039,S1D5,87.21706311775219
GLOBAL,PWRGEOKENXX01,GEOKENXX,1,2039,S2D6,43.64348817091084
GLOBAL,PWRGEOKENXX01,GEOKENXX,1,2039,S2D1,93.06053538841736
GLOBAL,PWRGEOKENXX01,GEOKENXX,1,2039,S2D2,103.50711127174432
GLOBAL,PWRGEOKENXX01,GEOKENXX,1,2039,S2D3,103.50711127174432
GLOBAL,PWRGEOKENXX01,GEOKENXX,1,2039,S2D4,103.50711127174432
GLOBAL,PWRGEOKENXX01,GEOKENXX,1,2039,S2D5,86.00405163072577
GLOBAL,PWRGEOKENXX01,GEOKENXX,1,2039,S3D6,69.10319167747619
GLOBAL,PWRGEOKENXX01,GEOKENXX,1,2039,S3D1,103.50711127174432
GLOBAL,PWRGEOKENXX01,GEOKENXX,1,2039,S3D2,103.50711127174432
GLOBAL,PWRGEOKENXX01,GEOKENXX,1,2039,S3D3,103.50711127174432
GLOBAL,PWRGEOKENXX01,GEOKENXX,1,2039,S3D4,103.50711127174428
GLOBAL,PWRGEOKENXX01,GEOKENXX,1,2039,S3D5,103.50711127174428
GLOBAL,PWRGEOKENXX01,GEOKENXX,1,2040,S1D6,73.85129097428931
GLOBAL,PWRGEOKENXX01,GEOKENXX,1,2040,S1D1,99.53521151857753
GLOBAL,PWRGEOKENXX01,GEOKENXX,1,2040,S1D2,109.07433534937036
GLOBAL,PWRGEOKENXX01,GEOKENXX,1,2040,S1D3,109.07433534937036
GLOBAL,PWRGEOKENXX01,GEOKENXX,1,2040,S1D4,93.34592374706173
GLOBAL,PWRGEOKENXX01,GEOKENXX,1,2040,S1D5,109.07433534937036
GLOBAL,PWRGEOKENXX01,GEOKENXX,1,2040,S2D6,86.57103885796441
GLOBAL,PWRGEOKENXX01,GEOKENXX,1,2040,S2D1,98.13391617133551
GLOBAL,PWRGEOKENXX01,GEOKENXX,1,2040,S2D2,109.07433534937036
GLOBAL,PWRGEOKENXX01,GEOKENXX,1,2040,S2D3,109.07433534937036
GLOBAL,PWRGEOKENXX01,GEOKENXX,1,2040,S2D4,109.07433534937036
GLOBAL,PWRGEOKENXX01,GEOKENXX,1,2040,S2D5,109.07433534937036
GLOBAL,PWRGEOKENXX01,GEOKENXX,1,2040,S3D6,43.33648226700048
GLOBAL,PWRGEOKENXX01,GEOKENXX,1,2040,S3D1,95.37036625226975
GLOBAL,PWRGEOKENXX01,GEOKENXX,1,2040,S3D2,85.90943531101254
GLOBAL,PWRGEOKENXX01,GEOKENXX,1,2040,S3D3,109.07433534937036
GLOBAL,PWRGEOKENXX01,GEOKENXX,1,2040,S3D4,109.07433534937032
GLOBAL,PWRGEOKENXX01,GEOKENXX,1,2040,S3D5,109.07433534937032
GLOBAL,PWRGEOKENXX01,GEOKENXX,1,2041,S1D6,83.05221870692495
GLOBAL,PWRGEOKENXX01,GEOKENXX,1,2041,S1D1,98.37326375318605
GLOBAL,PWRGEOKENXX01,GEOKENXX,1,2041,S1D2,115.98435819219864
GLOBAL,PWRGEOKENXX01,GEOKENXX,1,2041,S1D3,115.98435819219864
GLOBAL,PWRGEOKENXX01,GEOKENXX,1,2041,S1D4,115.98435819219864
GLOBAL,PWRGEOKENXX01,GEOKENXX,1,2041,S1D5,97.6340615747226
GLOBAL,PWRGEOKENXX01,GEOKENXX,1,2041,S2D6,59.79318717726226
GLOBAL,PWRGEOKENXX01,GEOKENXX,1,2041,S2D1,104.40615816421808
GLOBAL,PWRGEOKENXX01,GEOKENXX,1,2041,S2D2,115.98435819219864
GLOBAL,PWRGEOKENXX01,GEOKENXX,1,2041,S2D3,115.98435819219864
GLOBAL,PWRGEOKENXX01,GEOKENXX,1,2041,S2D4,115.98435819219864
GLOBAL,PWRGEOKENXX01,GEOKENXX,1,2041,S2D5,96.0738412142775
GLOBAL,PWRGEOKENXX01,GEOKENXX,1,2041,S3D6,78.24502291625534
GLOBAL,PWRGEOKENXX01,GEOKENXX,1,2041,S3D1,101.6989120332392
GLOBAL,PWRGEOKENXX01,GEOKENXX,1,2041,S3D2,115.98435819219864
GLOBAL,PWRGEOKENXX01,GEOKENXX,1,2041,S3D3,115.98435819219864
GLOBAL,PWRGEOKENXX01,GEOKENXX,1,2041,S3D4,115.98435819219864
GLOBAL,PWRGEOKENXX01,GEOKENXX,1,2041,S3D5,115.9843581921986
GLOBAL,PWRGEOKENXX01,GEOKENXX,1,2042,S1D6,88.25563849619581
GLOBAL,PWRGEOKENXX01,GEOKENXX,1,2042,S1D1,99.70479273914847
GLOBAL,PWRGEOKENXX01,GEOKENXX,1,2042,S1D2,122.88457958418596
GLOBAL,PWRGEOKENXX01,GEOKENXX,1,2042,S1D3,122.88457958418596
GLOBAL,PWRGEOKENXX01,GEOKENXX,1,2042,S1D4,122.88457958418596
GLOBAL,PWRGEOKENXX01,GEOKENXX,1,2042,S1D5,103.394915395388
GLOBAL,PWRGEOKENXX01,GEOKENXX,1,2042,S2D6,52.246529424311
GLOBAL,PWRGEOKENXX01,GEOKENXX,1,2042,S2D1,110.6695033599476
GLOBAL,PWRGEOKENXX01,GEOKENXX,1,2042,S2D2,122.88457958418596
GLOBAL,PWRGEOKENXX01,GEOKENXX,1,2042,S2D3,122.88457958418596
GLOBAL,PWRGEOKENXX01,GEOKENXX,1,2042,S2D4,122.88457958418596
GLOBAL,PWRGEOKENXX01,GEOKENXX,1,2042,S2D5,101.64268007273806
GLOBAL,PWRGEOKENXX01,GEOKENXX,1,2042,S3D6,83.30067821248515
GLOBAL,PWRGEOKENXX01,GEOKENXX,1,2042,S3D1,122.88457958418596
GLOBAL,PWRGEOKENXX01,GEOKENXX,1,2042,S3D2,122.88457958418596
GLOBAL,PWRGEOKENXX01,GEOKENXX,1,2042,S3D3,122.88457958418596
GLOBAL,PWRGEOKENXX01,GEOKENXX,1,2042,S3D4,122.88457958418591
GLOBAL,PWRGEOKENXX01,GEOKENXX,1,2042,S3D5,122.88457958418591
GLOBAL,PWRGEOKENXX01,GEOKENXX,1,2043,S1D6,87.82814637236697
GLOBAL,PWRGEOKENXX01,GEOKENXX,1,2043,S1D1,118.82353268646074
GLOBAL,PWRGEOKENXX01,GEOKENXX,1,2043,S1D2,129.79460242701415
GLOBAL,PWRGEOKENXX01,GEOKENXX,1,2043,S1D3,129.79460242701415
GLOBAL,PWRGEOKENXX01,GEOKENXX,1,2043,S1D4,129.79460242701415
GLOBAL,PWRGEOKENXX01,GEOKENXX,1,2043,S1D5,129.79460242701415
GLOBAL,PWRGEOKENXX01,GEOKENXX,1,2043,S2D6,55.31438176808806
GLOBAL,PWRGEOKENXX01,GEOKENXX,1,2043,S2D1,81.2489834508781
GLOBAL,PWRGEOKENXX01,GEOKENXX,1,2043,S2D2,129.79460242701415
GLOBAL,PWRGEOKENXX01,GEOKENXX,1,2043,S2D3,129.79460242701415
GLOBAL,PWRGEOKENXX01,GEOKENXX,1,2043,S2D4,129.79460242701415
GLOBAL,PWRGEOKENXX01,GEOKENXX,1,2043,S2D5,129.79460242701415
GLOBAL,PWRGEOKENXX01,GEOKENXX,1,2043,S3D6,88.36351483726074
GLOBAL,PWRGEOKENXX01,GEOKENXX,1,2043,S3D1,114.36702693449595
GLOBAL,PWRGEOKENXX01,GEOKENXX,1,2043,S3D2,129.79460242701415
GLOBAL,PWRGEOKENXX01,GEOKENXX,1,2043,S3D3,129.79460242701415
GLOBAL,PWRGEOKENXX01,GEOKENXX,1,2043,S3D4,129.79460242701418
GLOBAL,PWRGEOKENXX01,GEOKENXX,1,2043,S3D5,129.79460242701413
GLOBAL,PWRGEOKENXX01,GEOKENXX,1,2044,S1D6,98.48287564123152
GLOBAL,PWRGEOKENXX01,GEOKENXX,1,2044,S1D1,125.25601443828556
GLOBAL,PWRGEOKENXX01,GEOKENXX,1,2044,S1D2,126.60570969898112
GLOBAL,PWRGEOKENXX01,GEOKENXX,1,2044,S1D3,136.70462526984235
GLOBAL,PWRGEOKENXX01,GEOKENXX,1,2044,S1D4,136.70462526984235
GLOBAL,PWRGEOKENXX01,GEOKENXX,1,2044,S1D5,114.93298909870948
GLOBAL,PWRGEOKENXX01,GEOKENXX,1,2044,S2D6,58.38223411186502
GLOBAL,PWRGEOKENXX01,GEOKENXX,1,2044,S2D1,123.21398734571274
GLOBAL,PWRGEOKENXX01,GEOKENXX,1,2044,S2D2,136.70462526984235
GLOBAL,PWRGEOKENXX01,GEOKENXX,1,2044,S2D3,136.70462526984235
GLOBAL,PWRGEOKENXX01,GEOKENXX,1,2044,S2D4,136.70462526984235
GLOBAL,PWRGEOKENXX01,GEOKENXX,1,2044,S2D5,136.70462526984235
GLOBAL,PWRGEOKENXX01,GEOKENXX,1,2044,S3D6,93.42635146203632
GLOBAL,PWRGEOKENXX01,GEOKENXX,1,2044,S3D1,120.67557271546542
GLOBAL,PWRGEOKENXX01,GEOKENXX,1,2044,S3D2,136.70462526984235
GLOBAL,PWRGEOKENXX01,GEOKENXX,1,2044,S3D3,123.39323715452548
GLOBAL,PWRGEOKENXX01,GEOKENXX,1,2044,S3D4,136.70462526984238
GLOBAL,PWRGEOKENXX01,GEOKENXX,1,2044,S3D5,136.70462526984235
GLOBAL,PWRGEOKENXX01,GEOKENXX,1,2045,S1D6,68.31253471602218
GLOBAL,PWRGEOKENXX01,GEOKENXX,1,2045,S1D1,144.59565311510292
GLOBAL,PWRGEOKENXX01,GEOKENXX,1,2045,S1D2,144.59565311510292
GLOBAL,PWRGEOKENXX01,GEOKENXX,1,2045,S1D3,121.28296525680248
GLOBAL,PWRGEOKENXX01,GEOKENXX,1,2045,S1D4,144.59565311510292
GLOBAL,PWRGEOKENXX01,GEOKENXX,1,2045,S1D5,120.91109064880284
GLOBAL,PWRGEOKENXX01,GEOKENXX,1,2045,S2D6,101.04273085865223
GLOBAL,PWRGEOKENXX01,GEOKENXX,1,2045,S2D1,129.7954398185953
GLOBAL,PWRGEOKENXX01,GEOKENXX,1,2045,S2D2,144.59565311510292
GLOBAL,PWRGEOKENXX01,GEOKENXX,1,2045,S2D3,144.59565311510292
GLOBAL,PWRGEOKENXX01,GEOKENXX,1,2045,S2D4,144.59565311510292
GLOBAL,PWRGEOKENXX01,GEOKENXX,1,2045,S2D5,128.591811331348
GLOBAL,PWRGEOKENXX01,GEOKENXX,1,2045,S3D6,98.48918808681191
GLOBAL,PWRGEOKENXX01,GEOKENXX,1,2045,S3D1,127.3658364164349
GLOBAL,PWRGEOKENXX01,GEOKENXX,1,2045,S3D2,144.59565311510292
GLOBAL,PWRGEOKENXX01,GEOKENXX,1,2045,S3D3,144.59565311510292
GLOBAL,PWRGEOKENXX01,GEOKENXX,1,2045,S3D4,144.59565311510286
GLOBAL,PWRGEOKENXX01,GEOKENXX,1,2045,S3D5,144.59565311510292
GLOBAL,PWRGEOKENXX01,GEOKENXX,1,2046,S1D6,89.7186755477459
GLOBAL,PWRGEOKENXX01,GEOKENXX,1,2046,S1D1,141.7144043087673
GLOBAL,PWRGEOKENXX01,GEOKENXX,1,2046,S1D2,129.05236329368952
GLOBAL,PWRGEOKENXX01,GEOKENXX,1,2046,S1D3,153.2601356584506
GLOBAL,PWRGEOKENXX01,GEOKENXX,1,2046,S1D4,153.2601356584506
GLOBAL,PWRGEOKENXX01,GEOKENXX,1,2046,S1D5,153.2601356584506
GLOBAL,PWRGEOKENXX01,GEOKENXX,1,2046,S2D6,75.95223295683807
GLOBAL,PWRGEOKENXX01,GEOKENXX,1,2046,S2D1,137.6602085018693
GLOBAL,PWRGEOKENXX01,GEOKENXX,1,2046,S2D2,153.2601356584506
GLOBAL,PWRGEOKENXX01,GEOKENXX,1,2046,S2D3,153.2601356584506
GLOBAL,PWRGEOKENXX01,GEOKENXX,1,2046,S2D4,153.2601356584506
GLOBAL,PWRGEOKENXX01,GEOKENXX,1,2046,S2D5,136.02098147003375
GLOBAL,PWRGEOKENXX01,GEOKENXX,1,2046,S3D6,104.83748252128228
GLOBAL,PWRGEOKENXX01,GEOKENXX,1,2046,S3D1,135.3012044595229
GLOBAL,PWRGEOKENXX01,GEOKENXX,1,2046,S3D2,153.2601356584506
GLOBAL,PWRGEOKENXX01,GEOKENXX,1,2046,S3D3,153.2601356584506
GLOBAL,PWRGEOKENXX01,GEOKENXX,1,2046,S3D4,153.2601356584506
GLOBAL,PWRGEOKENXX01,GEOKENXX,1,2046,S3D5,153.2601356584506
GLOBAL,PWRGEOKENXX01,GEOKENXX,1,2047,S1D6,94.35899256747578
GLOBAL,PWRGEOKENXX01,GEOKENXX,1,2047,S1D1,148.20939437101546
GLOBAL,PWRGEOKENXX01,GEOKENXX,1,2047,S1D2,161.91233057045557
GLOBAL,PWRGEOKENXX01,GEOKENXX,1,2047,S1D3,135.71965800523984
GLOBAL,PWRGEOKENXX01,GEOKENXX,1,2047,S1D4,161.91233057045557
GLOBAL,PWRGEOKENXX01,GEOKENXX,1,2047,S1D5,161.91233057045557
GLOBAL,PWRGEOKENXX01,GEOKENXX,1,2047,S2D6,80.90600251718124
GLOBAL,PWRGEOKENXX01,GEOKENXX,1,2047,S2D1,145.5138739822964
GLOBAL,PWRGEOKENXX01,GEOKENXX,1,2047,S2D2,161.91233057045557
GLOBAL,PWRGEOKENXX01,GEOKENXX,1,2047,S2D3,161.91233057045557
GLOBAL,PWRGEOKENXX01,GEOKENXX,1,2047,S2D4,161.91233057045557
GLOBAL,PWRGEOKENXX01,GEOKENXX,1,2047,S2D5,142.98249237327295
GLOBAL,PWRGEOKENXX01,GEOKENXX,1,2047,S3D6,111.19295828429844
GLOBAL,PWRGEOKENXX01,GEOKENXX,1,2047,S3D1,144.97886233129304
GLOBAL,PWRGEOKENXX01,GEOKENXX,1,2047,S3D2,161.9123305704556
GLOBAL,PWRGEOKENXX01,GEOKENXX,1,2047,S3D3,161.9123305704556
GLOBAL,PWRGEOKENXX01,GEOKENXX,1,2047,S3D4,161.9123305704556
GLOBAL,PWRGEOKENXX01,GEOKENXX,1,2047,S3D5,161.91233057045557
GLOBAL,PWRGEOKENXX01,GEOKENXX,1,2048,S1D6,85.26927595814429
GLOBAL,PWRGEOKENXX01,GEOKENXX,1,2048,S1D1,157.8549152576724
GLOBAL,PWRGEOKENXX01,GEOKENXX,1,2048,S1D2,172.27168328218607
GLOBAL,PWRGEOKENXX01,GEOKENXX,1,2048,S1D3,172.27168328218607
GLOBAL,PWRGEOKENXX01,GEOKENXX,1,2048,S1D4,172.27168328218607
GLOBAL,PWRGEOKENXX01,GEOKENXX,1,2048,S1D5,144.2934529654354
GLOBAL,PWRGEOKENXX01,GEOKENXX,1,2048,S2D6,132.68327402135233
GLOBAL,PWRGEOKENXX01,GEOKENXX,1,2048,S2D1,155.2439339935704
GLOBAL,PWRGEOKENXX01,GEOKENXX,1,2048,S2D2,172.27168328218607
GLOBAL,PWRGEOKENXX01,GEOKENXX,1,2048,S2D3,140.835042031489
GLOBAL,PWRGEOKENXX01,GEOKENXX,1,2048,S2D4,172.27168328218607
GLOBAL,PWRGEOKENXX01,GEOKENXX,1,2048,S2D5,151.445200564609
GLOBAL,PWRGEOKENXX01,GEOKENXX,1,2048,S3D6,119.44564868676883
GLOBAL,PWRGEOKENXX01,GEOKENXX,1,2048,S3D1,152.91423037438102
GLOBAL,PWRGEOKENXX01,GEOKENXX,1,2048,S3D2,172.27168328218607
GLOBAL,PWRGEOKENXX01,GEOKENXX,1,2048,S3D3,172.27168328218607
GLOBAL,PWRGEOKENXX01,GEOKENXX,1,2048,S3D4,172.271683282186
GLOBAL,PWRGEOKENXX01,GEOKENXX,1,2048,S3D5,172.27168328218605
GLOBAL,PWRGEOKENXX01,GEOKENXX,1,2049,S1D6,131.1966950720893
GLOBAL,PWRGEOKENXX01,GEOKENXX,1,2049,S1D1,154.05954623708865
GLOBAL,PWRGEOKENXX01,GEOKENXX,1,2049,S1D2,151.52725236524827
GLOBAL,PWRGEOKENXX01,GEOKENXX,1,2049,S1D3,180.9361658255337
GLOBAL,PWRGEOKENXX01,GEOKENXX,1,2049,S1D4,180.9361658255337
GLOBAL,PWRGEOKENXX01,GEOKENXX,1,2049,S1D5,151.52725236524827
GLOBAL,PWRGEOKENXX01,GEOKENXX,1,2049,S2D6,138.97508896797152
GLOBAL,PWRGEOKENXX01,GEOKENXX,1,2049,S2D1,163.10870267684442
GLOBAL,PWRGEOKENXX01,GEOKENXX,1,2049,S2D2,147.82773173444238
GLOBAL,PWRGEOKENXX01,GEOKENXX,1,2049,S2D3,180.9361658255337
GLOBAL,PWRGEOKENXX01,GEOKENXX,1,2049,S2D4,180.9361658255337
GLOBAL,PWRGEOKENXX01,GEOKENXX,1,2049,S2D5,158.43789026756238
GLOBAL,PWRGEOKENXX01,GEOKENXX,1,2049,S3D6,125.7939431212392
GLOBAL,PWRGEOKENXX01,GEOKENXX,1,2049,S3D1,160.849598417469
GLOBAL,PWRGEOKENXX01,GEOKENXX,1,2049,S3D2,180.9361658255337
GLOBAL,PWRGEOKENXX01,GEOKENXX,1,2049,S3D3,180.9361658255337
GLOBAL,PWRGEOKENXX01,GEOKENXX,1,2049,S3D4,180.9361658255337
GLOBAL,PWRGEOKENXX01,GEOKENXX,1,2049,S3D5,180.9361658255337
GLOBAL,PWRGEOKENXX01,GEOKENXX,1,2050,S1D6,137.64924981661486
GLOBAL,PWRGEOKENXX01,GEOKENXX,1,2050,S1D1,161.76081126917256
GLOBAL,PWRGEOKENXX01,GEOKENXX,1,2050,S1D2,158.76105176506107
GLOBAL,PWRGEOKENXX01,GEOKENXX,1,2050,S1D3,189.60064836888137
GLOBAL,PWRGEOKENXX01,GEOKENXX,1,2050,S1D4,189.60064836888137
GLOBAL,PWRGEOKENXX01,GEOKENXX,1,2050,S1D5,158.76105176506107
GLOBAL,PWRGEOKENXX01,GEOKENXX,1,2050,S2D6,145.26690391459076
GLOBAL,PWRGEOKENXX01,GEOKENXX,1,2050,S2D1,170.97347136011845
GLOBAL,PWRGEOKENXX01,GEOKENXX,1,2050,S2D2,154.8204214373957
GLOBAL,PWRGEOKENXX01,GEOKENXX,1,2050,S2D3,189.60064836888137
GLOBAL,PWRGEOKENXX01,GEOKENXX,1,2050,S2D4,189.60064836888137
GLOBAL,PWRGEOKENXX01,GEOKENXX,1,2050,S2D5,165.43057997051568
GLOBAL,PWRGEOKENXX01,GEOKENXX,1,2050,S3D6,132.14223755570958
GLOBAL,PWRGEOKENXX01,GEOKENXX,1,2050,S3D1,168.78496646055697
GLOBAL,PWRGEOKENXX01,GEOKENXX,1,2050,S3D2,189.60064836888137
GLOBAL,PWRGEOKENXX01,GEOKENXX,1,2050,S3D3,189.60064836888137
GLOBAL,PWRGEOKENXX01,GEOKENXX,1,2050,S3D4,189.60064836888137
GLOBAL,PWRGEOKENXX01,GEOKENXX,1,2050,S3D5,189.60064836888137
GLOBAL,PWRGEOTZAXX01,GEOTZAXX,1,2021,S1D6,11.232748693851285
GLOBAL,PWRGEOTZAXX01,GEOTZAXX,1,2021,S1D1,15.0206411452584
GLOBAL,PWRGEOTZAXX01,GEOTZAXX,1,2021,S1D2,24.231809870872407
GLOBAL,PWRGEOTZAXX01,GEOTZAXX,1,2021,S1D3,19.62733184600164
GLOBAL,PWRGEOTZAXX01,GEOTZAXX,1,2021,S1D4,24.231809870872407
GLOBAL,PWRGEOTZAXX01,GEOTZAXX,1,2021,S1D5,24.231809870872407
GLOBAL,PWRGEOTZAXX01,GEOTZAXX,1,2021,S2D6,17.988282989252557
GLOBAL,PWRGEOTZAXX01,GEOTZAXX,1,2021,S2D1,23.6822331671885
GLOBAL,PWRGEOTZAXX01,GEOTZAXX,1,2021,S2D2,24.231809870872407
GLOBAL,PWRGEOTZAXX01,GEOTZAXX,1,2021,S2D3,23.6822331671885
GLOBAL,PWRGEOTZAXX01,GEOTZAXX,1,2021,S2D4,24.231809870872407
GLOBAL,PWRGEOTZAXX01,GEOTZAXX,1,2021,S2D5,24.231809870872407
GLOBAL,PWRGEOTZAXX01,GEOTZAXX,1,2021,S3D6,16.49786914720789
GLOBAL,PWRGEOTZAXX01,GEOTZAXX,1,2021,S3D1,22.242931983832666
GLOBAL,PWRGEOTZAXX01,GEOTZAXX,1,2021,S3D2,24.231809870872407
GLOBAL,PWRGEOTZAXX01,GEOTZAXX,1,2021,S3D3,24.231809870872407
GLOBAL,PWRGEOTZAXX01,GEOTZAXX,1,2021,S3D4,24.231809870872407
GLOBAL,PWRGEOTZAXX01,GEOTZAXX,1,2021,S3D5,24.231809870872407
GLOBAL,PWRGEOTZAXX01,GEOTZAXX,1,2022,S1D6,12.41012578562799
GLOBAL,PWRGEOTZAXX01,GEOTZAXX,1,2022,S1D1,22.364558123373904
GLOBAL,PWRGEOTZAXX01,GEOTZAXX,1,2022,S1D2,27.19799014065253
GLOBAL,PWRGEOTZAXX01,GEOTZAXX,1,2022,S1D3,22.364558123373904
GLOBAL,PWRGEOTZAXX01,GEOTZAXX,1,2022,S1D4,27.19799014065253
GLOBAL,PWRGEOTZAXX01,GEOTZAXX,1,2022,S1D5,23.37037925768164
GLOBAL,PWRGEOTZAXX01,GEOTZAXX,1,2022,S2D6,20.12351430597853
GLOBAL,PWRGEOTZAXX01,GEOTZAXX,1,2022,S2D1,26.35127231309597
GLOBAL,PWRGEOTZAXX01,GEOTZAXX,1,2022,S2D2,27.197990140652536
GLOBAL,PWRGEOTZAXX01,GEOTZAXX,1,2022,S2D3,26.35127231309597
GLOBAL,PWRGEOTZAXX01,GEOTZAXX,1,2022,S2D4,27.197990140652536
GLOBAL,PWRGEOTZAXX01,GEOTZAXX,1,2022,S2D5,27.197990140652536
GLOBAL,PWRGEOTZAXX01,GEOTZAXX,1,2022,S3D6,18.65226771094218
GLOBAL,PWRGEOTZAXX01,GEOTZAXX,1,2022,S3D1,24.935930188500528
GLOBAL,PWRGEOTZAXX01,GEOTZAXX,1,2022,S3D2,25.838552486498
GLOBAL,PWRGEOTZAXX01,GEOTZAXX,1,2022,S3D3,27.19799014065253
GLOBAL,PWRGEOTZAXX01,GEOTZAXX,1,2022,S3D4,27.197990140652536
GLOBAL,PWRGEOTZAXX01,GEOTZAXX,1,2022,S3D5,27.197990140652536
GLOBAL,PWRGEOTZAXX01,GEOTZAXX,1,2023,S1D6,13.02509265788942
GLOBAL,PWRGEOTZAXX01,GEOTZAXX,1,2023,S1D1,25.87079727127702
GLOBAL,PWRGEOTZAXX01,GEOTZAXX,1,2023,S1D2,31.31486942391613
GLOBAL,PWRGEOTZAXX01,GEOTZAXX,1,2023,S1D3,25.87079727127702
GLOBAL,PWRGEOTZAXX01,GEOTZAXX,1,2023,S1D4,30.092060631732608
GLOBAL,PWRGEOTZAXX01,GEOTZAXX,1,2023,S1D5,31.31486942391613
GLOBAL,PWRGEOTZAXX01,GEOTZAXX,1,2023,S2D6,22.62642851947118
GLOBAL,PWRGEOTZAXX01,GEOTZAXX,1,2023,S2D1,29.74386624189111
GLOBAL,PWRGEOTZAXX01,GEOTZAXX,1,2023,S2D2,31.31486942391613
GLOBAL,PWRGEOTZAXX01,GEOTZAXX,1,2023,S2D3,29.74386624189111
GLOBAL,PWRGEOTZAXX01,GEOTZAXX,1,2023,S2D4,31.31486942391613
GLOBAL,PWRGEOTZAXX01,GEOTZAXX,1,2023,S2D5,31.31486942391613
GLOBAL,PWRGEOTZAXX01,GEOTZAXX,1,2023,S3D6,21.187127336115346
GLOBAL,PWRGEOTZAXX01,GEOTZAXX,1,2023,S3D1,28.368455881896317
GLOBAL,PWRGEOTZAXX01,GEOTZAXX,1,2023,S3D2,30.003349887282383
GLOBAL,PWRGEOTZAXX01,GEOTZAXX,1,2023,S3D3,31.31486942391613
GLOBAL,PWRGEOTZAXX01,GEOTZAXX,1,2023,S3D4,31.31486942391613
GLOBAL,PWRGEOTZAXX01,GEOTZAXX,1,2023,S3D5,31.31486942391613
GLOBAL,PWRGEOTZAXX01,GEOTZAXX,1,2024,S1D6,39.51300673672643
GLOBAL,PWRGEOTZAXX01,GEOTZAXX,1,2024,S1D1,46.37168168538263
GLOBAL,PWRGEOTZAXX01,GEOTZAXX,1,2024,S1D2,61.67223220320278
GLOBAL,PWRGEOTZAXX01,GEOTZAXX,1,2024,S1D3,51.91811622577752
GLOBAL,PWRGEOTZAXX01,GEOTZAXX,1,2024,S1D4,61.67223220320278
GLOBAL,PWRGEOTZAXX01,GEOTZAXX,1,2024,S1D5,61.67223220320278
GLOBAL,PWRGEOTZAXX01,GEOTZAXX,1,2024,S2D6,38.28251610596264
GLOBAL,PWRGEOTZAXX01,GEOTZAXX,1,2024,S2D1,55.15522655026334
GLOBAL,PWRGEOTZAXX01,GEOTZAXX,1,2024,S2D2,61.67223220320278
GLOBAL,PWRGEOTZAXX01,GEOTZAXX,1,2024,S2D3,55.15522655026334
GLOBAL,PWRGEOTZAXX01,GEOTZAXX,1,2024,S2D4,61.67223220320278
GLOBAL,PWRGEOTZAXX01,GEOTZAXX,1,2024,S2D5,61.67223220320278
GLOBAL,PWRGEOTZAXX01,GEOTZAXX,1,2024,S3D6,41.79860648141903
GLOBAL,PWRGEOTZAXX01,GEOTZAXX,1,2024,S3D1,54.00327434497378
GLOBAL,PWRGEOTZAXX01,GEOTZAXX,1,2024,S3D2,61.67223220320278
GLOBAL,PWRGEOTZAXX01,GEOTZAXX,1,2024,S3D3,61.67223220320278
GLOBAL,PWRGEOTZAXX01,GEOTZAXX,1,2024,S3D4,61.67223220320278
GLOBAL,PWRGEOTZAXX01,GEOTZAXX,1,2024,S3D5,61.67223220320276
GLOBAL,PWRGEOTZAXX01,GEOTZAXX,1,2025,S1D6,37.55781307224394
GLOBAL,PWRGEOTZAXX01,GEOTZAXX,1,2025,S1D1,56.40716732066804
GLOBAL,PWRGEOTZAXX01,GEOTZAXX,1,2025,S1D2,67.38245012836619
GLOBAL,PWRGEOTZAXX01,GEOTZAXX,1,2025,S1D3,56.40716732066804
GLOBAL,PWRGEOTZAXX01,GEOTZAXX,1,2025,S1D4,67.38245012836619
GLOBAL,PWRGEOTZAXX01,GEOTZAXX,1,2025,S1D5,65.14957644402463
GLOBAL,PWRGEOTZAXX01,GEOTZAXX,1,2025,S2D6,46.56092050044128
GLOBAL,PWRGEOTZAXX01,GEOTZAXX,1,2025,S2D1,59.5324507495516
GLOBAL,PWRGEOTZAXX01,GEOTZAXX,1,2025,S2D2,67.38245012836619
GLOBAL,PWRGEOTZAXX01,GEOTZAXX,1,2025,S2D3,59.5324507495516
GLOBAL,PWRGEOTZAXX01,GEOTZAXX,1,2025,S2D4,67.38245012836619
GLOBAL,PWRGEOTZAXX01,GEOTZAXX,1,2025,S2D5,67.38245012836619
GLOBAL,PWRGEOTZAXX01,GEOTZAXX,1,2025,S3D6,45.331820125943274
GLOBAL,PWRGEOTZAXX01,GEOTZAXX,1,2025,S3D1,58.41979140062904
GLOBAL,PWRGEOTZAXX01,GEOTZAXX,1,2025,S3D2,67.38245012836619
GLOBAL,PWRGEOTZAXX01,GEOTZAXX,1,2025,S3D3,67.38245012836619
GLOBAL,PWRGEOTZAXX01,GEOTZAXX,1,2025,S3D4,67.3824501283662
GLOBAL,PWRGEOTZAXX01,GEOTZAXX,1,2025,S3D5,67.3824501283662
GLOBAL,PWRGEOTZAXX01,GEOTZAXX,1,2026,S1D6,42.11985686786437
GLOBAL,PWRGEOTZAXX01,GEOTZAXX,1,2026,S1D1,62.109722065193594
GLOBAL,PWRGEOTZAXX01,GEOTZAXX,1,2026,S1D2,74.12232836692034
GLOBAL,PWRGEOTZAXX01,GEOTZAXX,1,2026,S1D3,62.109722065193594
GLOBAL,PWRGEOTZAXX01,GEOTZAXX,1,2026,S1D4,74.12232836692034
GLOBAL,PWRGEOTZAXX01,GEOTZAXX,1,2026,S1D5,72.04601066420788
GLOBAL,PWRGEOTZAXX01,GEOTZAXX,1,2026,S2D6,51.00931907695373
GLOBAL,PWRGEOTZAXX01,GEOTZAXX,1,2026,S2D1,65.09294897019217
GLOBAL,PWRGEOTZAXX01,GEOTZAXX,1,2026,S2D2,74.12232836692034
GLOBAL,PWRGEOTZAXX01,GEOTZAXX,1,2026,S2D3,65.09294897019217
GLOBAL,PWRGEOTZAXX01,GEOTZAXX,1,2026,S2D4,74.12232836692034
GLOBAL,PWRGEOTZAXX01,GEOTZAXX,1,2026,S2D5,74.12232836692034
GLOBAL,PWRGEOTZAXX01,GEOTZAXX,1,2026,S3D6,49.820150467056365
GLOBAL,PWRGEOTZAXX01,GEOTZAXX,1,2026,S3D1,64.03020432702047
GLOBAL,PWRGEOTZAXX01,GEOTZAXX,1,2026,S3D2,74.12232836692034
GLOBAL,PWRGEOTZAXX01,GEOTZAXX,1,2026,S3D3,74.12232836692034
GLOBAL,PWRGEOTZAXX01,GEOTZAXX,1,2026,S3D4,74.12232836692036
GLOBAL,PWRGEOTZAXX01,GEOTZAXX,1,2026,S3D5,74.12232836692036
GLOBAL,PWRGEOTZAXX01,GEOTZAXX,1,2027,S1D6,52.221035933806725
GLOBAL,PWRGEOTZAXX01,GEOTZAXX,1,2027,S1D1,62.256718181732985
GLOBAL,PWRGEOTZAXX01,GEOTZAXX,1,2027,S1D2,80.85142280029284
GLOBAL,PWRGEOTZAXX01,GEOTZAXX,1,2027,S1D3,67.80315272212789
GLOBAL,PWRGEOTZAXX01,GEOTZAXX,1,2027,S1D4,80.85142280029284
GLOBAL,PWRGEOTZAXX01,GEOTZAXX,1,2027,S1D5,78.9314105896388
GLOBAL,PWRGEOTZAXX01,GEOTZAXX,1,2027,S2D6,55.45060021574377
GLOBAL,PWRGEOTZAXX01,GEOTZAXX,1,2027,S2D1,70.64455039367971
GLOBAL,PWRGEOTZAXX01,GEOTZAXX,1,2027,S2D2,80.85142280029284
GLOBAL,PWRGEOTZAXX01,GEOTZAXX,1,2027,S2D3,70.64455039367971
GLOBAL,PWRGEOTZAXX01,GEOTZAXX,1,2027,S2D4,80.85142280029284
GLOBAL,PWRGEOTZAXX01,GEOTZAXX,1,2027,S2D5,80.85142280029284
GLOBAL,PWRGEOTZAXX01,GEOTZAXX,1,2027,S3D6,54.3012994796237
GLOBAL,PWRGEOTZAXX01,GEOTZAXX,1,2027,S3D1,69.63164059272961
GLOBAL,PWRGEOTZAXX01,GEOTZAXX,1,2027,S3D2,80.85142280029284
GLOBAL,PWRGEOTZAXX01,GEOTZAXX,1,2027,S3D3,80.85142280029284
GLOBAL,PWRGEOTZAXX01,GEOTZAXX,1,2027,S3D4,80.85142280029285
GLOBAL,PWRGEOTZAXX01,GEOTZAXX,1,2027,S3D5,80.85142280029285
GLOBAL,PWRGEOTZAXX01,GEOTZAXX,1,2028,S1D6,56.783079729427165
GLOBAL,PWRGEOTZAXX01,GEOTZAXX,1,2028,S1D1,67.95927292625854
GLOBAL,PWRGEOTZAXX01,GEOTZAXX,1,2028,S1D2,87.59130103884695
GLOBAL,PWRGEOTZAXX01,GEOTZAXX,1,2028,S1D3,73.50570746665342
GLOBAL,PWRGEOTZAXX01,GEOTZAXX,1,2028,S1D4,87.59130103884695
GLOBAL,PWRGEOTZAXX01,GEOTZAXX,1,2028,S1D5,85.82784480982237
GLOBAL,PWRGEOTZAXX01,GEOTZAXX,1,2028,S2D6,59.89899879225622
GLOBAL,PWRGEOTZAXX01,GEOTZAXX,1,2028,S2D1,76.20504861432028
GLOBAL,PWRGEOTZAXX01,GEOTZAXX,1,2028,S2D2,87.59130103884695
GLOBAL,PWRGEOTZAXX01,GEOTZAXX,1,2028,S2D3,76.20504861432028
GLOBAL,PWRGEOTZAXX01,GEOTZAXX,1,2028,S2D4,87.59130103884695
GLOBAL,PWRGEOTZAXX01,GEOTZAXX,1,2028,S2D5,87.59130103884695
GLOBAL,PWRGEOTZAXX01,GEOTZAXX,1,2028,S3D6,58.789629820736806
GLOBAL,PWRGEOTZAXX01,GEOTZAXX,1,2028,S3D1,75.242053519121
GLOBAL,PWRGEOTZAXX01,GEOTZAXX,1,2028,S3D2,87.59130103884695
GLOBAL,PWRGEOTZAXX01,GEOTZAXX,1,2028,S3D3,87.59130103884695
GLOBAL,PWRGEOTZAXX01,GEOTZAXX,1,2028,S3D4,87.59130103884696
GLOBAL,PWRGEOTZAXX01,GEOTZAXX,1,2028,S3D5,87.59130103884696
GLOBAL,PWRGEOTZAXX01,GEOTZAXX,1,2029,S1D6,55.7986889846527
GLOBAL,PWRGEOTZAXX01,GEOTZAXX,1,2029,S1D1,79.20826221117899
GLOBAL,PWRGEOTZAXX01,GEOTZAXX,1,2029,S1D2,94.3311792774011
GLOBAL,PWRGEOTZAXX01,GEOTZAXX,1,2029,S1D3,79.20826221117899
GLOBAL,PWRGEOTZAXX01,GEOTZAXX,1,2029,S1D4,94.3311792774011
GLOBAL,PWRGEOTZAXX01,GEOTZAXX,1,2029,S1D5,92.72427903000568
GLOBAL,PWRGEOTZAXX01,GEOTZAXX,1,2029,S2D6,64.34739736876868
GLOBAL,PWRGEOTZAXX01,GEOTZAXX,1,2029,S2D1,81.76554683496083
GLOBAL,PWRGEOTZAXX01,GEOTZAXX,1,2029,S2D2,94.3311792774011
GLOBAL,PWRGEOTZAXX01,GEOTZAXX,1,2029,S2D3,81.76554683496083
GLOBAL,PWRGEOTZAXX01,GEOTZAXX,1,2029,S2D4,94.3311792774011
GLOBAL,PWRGEOTZAXX01,GEOTZAXX,1,2029,S2D5,94.3311792774011
GLOBAL,PWRGEOTZAXX01,GEOTZAXX,1,2029,S3D6,63.27796016184991
GLOBAL,PWRGEOTZAXX01,GEOTZAXX,1,2029,S3D1,80.85246644551238
GLOBAL,PWRGEOTZAXX01,GEOTZAXX,1,2029,S3D2,94.3311792774011
GLOBAL,PWRGEOTZAXX01,GEOTZAXX,1,2029,S3D3,94.3311792774011
GLOBAL,PWRGEOTZAXX01,GEOTZAXX,1,2029,S3D4,94.3311792774011
GLOBAL,PWRGEOTZAXX01,GEOTZAXX,1,2029,S3D5,94.3311792774011
GLOBAL,PWRGEOTZAXX01,GEOTZAXX,1,2030,S1D6,64.65667254595215
GLOBAL,PWRGEOTZAXX01,GEOTZAXX,1,2030,S1D1,84.91081695570453
GLOBAL,PWRGEOTZAXX01,GEOTZAXX,1,2030,S1D2,98.36803205034612
GLOBAL,PWRGEOTZAXX01,GEOTZAXX,1,2030,S1D3,84.91081695570453
GLOBAL,PWRGEOTZAXX01,GEOTZAXX,1,2030,S1D4,101.07105751595527
GLOBAL,PWRGEOTZAXX01,GEOTZAXX,1,2030,S1D5,101.07105751595527
GLOBAL,PWRGEOTZAXX01,GEOTZAXX,1,2030,S2D6,68.79579594528114
GLOBAL,PWRGEOTZAXX01,GEOTZAXX,1,2030,S2D1,87.32604505560141
GLOBAL,PWRGEOTZAXX01,GEOTZAXX,1,2030,S2D2,100.3098596255268
GLOBAL,PWRGEOTZAXX01,GEOTZAXX,1,2030,S2D3,87.32604505560141
GLOBAL,PWRGEOTZAXX01,GEOTZAXX,1,2030,S2D4,101.07105751595527
GLOBAL,PWRGEOTZAXX01,GEOTZAXX,1,2030,S2D5,100.3098596255268
GLOBAL,PWRGEOTZAXX01,GEOTZAXX,1,2030,S3D6,67.76629050296303
GLOBAL,PWRGEOTZAXX01,GEOTZAXX,1,2030,S3D1,86.46287937190375
GLOBAL,PWRGEOTZAXX01,GEOTZAXX,1,2030,S3D2,99.61303370044962
GLOBAL,PWRGEOTZAXX01,GEOTZAXX,1,2030,S3D3,101.07105751595527
GLOBAL,PWRGEOTZAXX01,GEOTZAXX,1,2030,S3D4,101.07105751595527
GLOBAL,PWRGEOTZAXX01,GEOTZAXX,1,2030,S3D5,101.07105751595527
GLOBAL,PWRGEOTZAXX01,GEOTZAXX,1,2031,S1D6,70.29858881860285
GLOBAL,PWRGEOTZAXX01,GEOTZAXX,1,2031,S1D1,91.7995030870914
GLOBAL,PWRGEOTZAXX01,GEOTZAXX,1,2031,S1D2,109.21283042812868
GLOBAL,PWRGEOTZAXX01,GEOTZAXX,1,2031,S1D3,91.7995030870914
GLOBAL,PWRGEOTZAXX01,GEOTZAXX,1,2031,S1D4,109.21283042812868
GLOBAL,PWRGEOTZAXX01,GEOTZAXX,1,2031,S1D5,109.21283042812868
GLOBAL,PWRGEOTZAXX01,GEOTZAXX,1,2031,S2D6,68.62302688531328
GLOBAL,PWRGEOTZAXX01,GEOTZAXX,1,2031,S2D1,94.04312690613523
GLOBAL,PWRGEOTZAXX01,GEOTZAXX,1,2031,S2D2,109.21283042812868
GLOBAL,PWRGEOTZAXX01,GEOTZAXX,1,2031,S2D3,94.04312690613523
GLOBAL,PWRGEOTZAXX01,GEOTZAXX,1,2031,S2D4,109.21283042812868
GLOBAL,PWRGEOTZAXX01,GEOTZAXX,1,2031,S2D5,109.21283042812868
GLOBAL,PWRGEOTZAXX01,GEOTZAXX,1,2031,S3D6,73.18819355502765
GLOBAL,PWRGEOTZAXX01,GEOTZAXX,1,2031,S3D1,93.24025818698456
GLOBAL,PWRGEOTZAXX01,GEOTZAXX,1,2031,S3D2,109.21283042812868
GLOBAL,PWRGEOTZAXX01,GEOTZAXX,1,2031,S3D3,109.21283042812868
GLOBAL,PWRGEOTZAXX01,GEOTZAXX,1,2031,S3D4,109.21283042812868
GLOBAL,PWRGEOTZAXX01,GEOTZAXX,1,2031,S3D5,109.21283042812868
GLOBAL,PWRGEOTZAXX01,GEOTZAXX,1,2032,S1D6,76.29369359341239
GLOBAL,PWRGEOTZAXX01,GEOTZAXX,1,2032,S1D1,98.6973133060695
GLOBAL,PWRGEOTZAXX01,GEOTZAXX,1,2032,S1D2,118.31626664053874
GLOBAL,PWRGEOTZAXX01,GEOTZAXX,1,2032,S1D3,98.6973133060695
GLOBAL,PWRGEOTZAXX01,GEOTZAXX,1,2032,S1D4,118.31626664053874
GLOBAL,PWRGEOTZAXX01,GEOTZAXX,1,2032,S1D5,118.31626664053874
GLOBAL,PWRGEOTZAXX01,GEOTZAXX,1,2032,S2D6,79.55024434385763
GLOBAL,PWRGEOTZAXX01,GEOTZAXX,1,2032,S2D1,100.76910555382209
GLOBAL,PWRGEOTZAXX01,GEOTZAXX,1,2032,S2D2,118.31626664053871
GLOBAL,PWRGEOTZAXX01,GEOTZAXX,1,2032,S2D3,100.76910555382209
GLOBAL,PWRGEOTZAXX01,GEOTZAXX,1,2032,S2D4,118.31626664053871
GLOBAL,PWRGEOTZAXX01,GEOTZAXX,1,2032,S2D5,118.31626664053874
GLOBAL,PWRGEOTZAXX01,GEOTZAXX,1,2032,S3D6,78.61727793563804
GLOBAL,PWRGEOTZAXX01,GEOTZAXX,1,2032,S3D1,100.02661366274758
GLOBAL,PWRGEOTZAXX01,GEOTZAXX,1,2032,S3D2,118.31626664053874
GLOBAL,PWRGEOTZAXX01,GEOTZAXX,1,2032,S3D3,118.31626664053874
GLOBAL,PWRGEOTZAXX01,GEOTZAXX,1,2032,S3D4,118.31626664053871
GLOBAL,PWRGEOTZAXX01,GEOTZAXX,1,2032,S3D5,118.31626664053871
GLOBAL,PWRGEOTZAXX01,GEOTZAXX,1,2033,S1D6,82.0940025689329
GLOBAL,PWRGEOTZAXX01,GEOTZAXX,1,2033,S1D1,105.5951235250476
GLOBAL,PWRGEOTZAXX01,GEOTZAXX,1,2033,S1D2,126.48357290646146
GLOBAL,PWRGEOTZAXX01,GEOTZAXX,1,2033,S1D3,105.5951235250476
GLOBAL,PWRGEOTZAXX01,GEOTZAXX,1,2033,S1D4,126.48357290646146
GLOBAL,PWRGEOTZAXX01,GEOTZAXX,1,2033,S1D5,126.48357290646146
GLOBAL,PWRGEOTZAXX01,GEOTZAXX,1,2033,S2D6,84.93102726200712
GLOBAL,PWRGEOTZAXX01,GEOTZAXX,1,2033,S2D1,107.49508420150887
GLOBAL,PWRGEOTZAXX01,GEOTZAXX,1,2033,S2D2,126.48357290646148
GLOBAL,PWRGEOTZAXX01,GEOTZAXX,1,2033,S2D3,107.49508420150887
GLOBAL,PWRGEOTZAXX01,GEOTZAXX,1,2033,S2D4,126.48357290646148
GLOBAL,PWRGEOTZAXX01,GEOTZAXX,1,2033,S2D5,126.48357290646146
GLOBAL,PWRGEOTZAXX01,GEOTZAXX,1,2033,S3D6,84.04636231624846
GLOBAL,PWRGEOTZAXX01,GEOTZAXX,1,2033,S3D1,106.81296913851058
GLOBAL,PWRGEOTZAXX01,GEOTZAXX,1,2033,S3D2,126.48357290646118
GLOBAL,PWRGEOTZAXX01,GEOTZAXX,1,2033,S3D3,126.48357290646146
GLOBAL,PWRGEOTZAXX01,GEOTZAXX,1,2033,S3D4,126.4835729064615
GLOBAL,PWRGEOTZAXX01,GEOTZAXX,1,2033,S3D5,126.4835729064615
GLOBAL,PWRGEOTZAXX01,GEOTZAXX,1,2034,S1D6,87.88663917808262
GLOBAL,PWRGEOTZAXX01,GEOTZAXX,1,2034,S1D1,112.48380965643446
GLOBAL,PWRGEOTZAXX01,GEOTZAXX,1,2034,S1D2,134.64007585721777
GLOBAL,PWRGEOTZAXX01,GEOTZAXX,1,2034,S1D3,112.48380965643446
GLOBAL,PWRGEOTZAXX01,GEOTZAXX,1,2034,S1D4,134.64007585721777
GLOBAL,PWRGEOTZAXX01,GEOTZAXX,1,2034,S1D5,134.64007585721777
GLOBAL,PWRGEOTZAXX01,GEOTZAXX,1,2034,S2D6,90.30469274243416
GLOBAL,PWRGEOTZAXX01,GEOTZAXX,1,2034,S2D1,114.2121660520427
GLOBAL,PWRGEOTZAXX01,GEOTZAXX,1,2034,S2D2,134.64007585721774
GLOBAL,PWRGEOTZAXX01,GEOTZAXX,1,2034,S2D3,114.2121660520427
GLOBAL,PWRGEOTZAXX01,GEOTZAXX,1,2034,S2D4,134.64007585721774
GLOBAL,PWRGEOTZAXX01,GEOTZAXX,1,2034,S2D5,134.64007585721777
GLOBAL,PWRGEOTZAXX01,GEOTZAXX,1,2034,S3D6,89.4682653683131
GLOBAL,PWRGEOTZAXX01,GEOTZAXX,1,2034,S3D1,113.5903479535914
GLOBAL,PWRGEOTZAXX01,GEOTZAXX,1,2034,S3D2,134.64007585721777
GLOBAL,PWRGEOTZAXX01,GEOTZAXX,1,2034,S3D3,134.64007585721777
GLOBAL,PWRGEOTZAXX01,GEOTZAXX,1,2034,S3D4,134.64007585721777
GLOBAL,PWRGEOTZAXX01,GEOTZAXX,1,2034,S3D5,134.64007585721777
GLOBAL,PWRGEOTZAXX01,GEOTZAXX,1,2035,S1D6,93.41609682404513
GLOBAL,PWRGEOTZAXX01,GEOTZAXX,1,2035,S1D1,119.31390704302322
GLOBAL,PWRGEOTZAXX01,GEOTZAXX,1,2035,S1D2,142.80738212314057
GLOBAL,PWRGEOTZAXX01,GEOTZAXX,1,2035,S1D3,119.31390704302322
GLOBAL,PWRGEOTZAXX01,GEOTZAXX,1,2035,S1D4,142.80738212314057
GLOBAL,PWRGEOTZAXX01,GEOTZAXX,1,2035,S1D5,142.80738212314057
GLOBAL,PWRGEOTZAXX01,GEOTZAXX,1,2035,S2D6,96.08163187570136
GLOBAL,PWRGEOTZAXX01,GEOTZAXX,1,2035,S2D1,120.93814469972952
GLOBAL,PWRGEOTZAXX01,GEOTZAXX,1,2035,S2D2,142.80738212314054
GLOBAL,PWRGEOTZAXX01,GEOTZAXX,1,2035,S2D3,120.93814469972952
GLOBAL,PWRGEOTZAXX01,GEOTZAXX,1,2035,S2D4,142.80738212314054
GLOBAL,PWRGEOTZAXX01,GEOTZAXX,1,2035,S2D5,142.80738212314054
GLOBAL,PWRGEOTZAXX01,GEOTZAXX,1,2035,S3D6,94.89734974892352
GLOBAL,PWRGEOTZAXX01,GEOTZAXX,1,2035,S3D1,120.3767034293544
GLOBAL,PWRGEOTZAXX01,GEOTZAXX,1,2035,S3D2,142.80738212314057
GLOBAL,PWRGEOTZAXX01,GEOTZAXX,1,2035,S3D3,142.80738212314057
GLOBAL,PWRGEOTZAXX01,GEOTZAXX,1,2035,S3D4,142.80738212314057
GLOBAL,PWRGEOTZAXX01,GEOTZAXX,1,2035,S3D5,142.80738212314057
GLOBAL,PWRGEOTZAXX01,GEOTZAXX,1,2036,S1D6,99.8815536343757
GLOBAL,PWRGEOTZAXX01,GEOTZAXX,1,2036,S1D1,127.41804998474068
GLOBAL,PWRGEOTZAXX01,GEOTZAXX,1,2036,S1D2,152.49806944639295
GLOBAL,PWRGEOTZAXX01,GEOTZAXX,1,2036,S1D3,127.41804998474068
GLOBAL,PWRGEOTZAXX01,GEOTZAXX,1,2036,S1D4,152.49806944639295
GLOBAL,PWRGEOTZAXX01,GEOTZAXX,1,2036,S1D5,152.49806944639295
GLOBAL,PWRGEOTZAXX01,GEOTZAXX,1,2036,S2D6,102.07693473531673
GLOBAL,PWRGEOTZAXX01,GEOTZAXX,1,2036,S2D1,128.9274685431459
GLOBAL,PWRGEOTZAXX01,GEOTZAXX,1,2036,S2D2,152.49806944639295
GLOBAL,PWRGEOTZAXX01,GEOTZAXX,1,2036,S2D3,128.9274685431459
GLOBAL,PWRGEOTZAXX01,GEOTZAXX,1,2036,S2D4,152.49806944639295
GLOBAL,PWRGEOTZAXX01,GEOTZAXX,1,2036,S2D5,152.49806944639295
GLOBAL,PWRGEOTZAXX01,GEOTZAXX,1,2036,S3D6,101.34618278303482
GLOBAL,PWRGEOTZAXX01,GEOTZAXX,1,2036,S3D1,129.3645271286885
GLOBAL,PWRGEOTZAXX01,GEOTZAXX,1,2036,S3D2,152.49806944639295
GLOBAL,PWRGEOTZAXX01,GEOTZAXX,1,2036,S3D3,152.49806944639295
GLOBAL,PWRGEOTZAXX01,GEOTZAXX,1,2036,S3D4,152.49806944639295
GLOBAL,PWRGEOTZAXX01,GEOTZAXX,1,2036,S3D5,152.49806944639295
GLOBAL,PWRGEOTZAXX01,GEOTZAXX,1,2037,S1D6,106.3541025082388
GLOBAL,PWRGEOTZAXX01,GEOTZAXX,1,2037,S1D1,135.5274601724724
GLOBAL,PWRGEOTZAXX01,GEOTZAXX,1,2037,S1D2,162.17114269436584
GLOBAL,PWRGEOTZAXX01,GEOTZAXX,1,2037,S1D3,135.5274601724724
GLOBAL,PWRGEOTZAXX01,GEOTZAXX,1,2037,S1D4,162.17114269436584
GLOBAL,PWRGEOTZAXX01,GEOTZAXX,1,2037,S1D5,162.17114269436584
GLOBAL,PWRGEOTZAXX01,GEOTZAXX,1,2037,S2D6,108.4612763723274
GLOBAL,PWRGEOTZAXX01,GEOTZAXX,1,2037,S2D1,136.90789558940926
GLOBAL,PWRGEOTZAXX01,GEOTZAXX,1,2037,S2D2,162.17114269436584
GLOBAL,PWRGEOTZAXX01,GEOTZAXX,1,2037,S2D3,136.90789558940926
GLOBAL,PWRGEOTZAXX01,GEOTZAXX,1,2037,S2D4,162.17114269436584
GLOBAL,PWRGEOTZAXX01,GEOTZAXX,1,2037,S2D5,162.17114269436584
GLOBAL,PWRGEOTZAXX01,GEOTZAXX,1,2037,S3D6,107.78783448860035
GLOBAL,PWRGEOTZAXX01,GEOTZAXX,1,2037,S3D1,137.85870900074994
GLOBAL,PWRGEOTZAXX01,GEOTZAXX,1,2037,S3D2,162.17114269436584
GLOBAL,PWRGEOTZAXX01,GEOTZAXX,1,2037,S3D3,162.17114269436584
GLOBAL,PWRGEOTZAXX01,GEOTZAXX,1,2037,S3D4,162.17114269436584
GLOBAL,PWRGEOTZAXX01,GEOTZAXX,1,2037,S3D5,162.1711426943658
GLOBAL,PWRGEOTZAXX01,GEOTZAXX,1,2038,S1D6,112.8338671556512
GLOBAL,PWRGEOTZAXX01,GEOTZAXX,1,2038,S1D1,143.64591095127167
GLOBAL,PWRGEOTZAXX01,GEOTZAXX,1,2038,S1D2,171.85499974752045
GLOBAL,PWRGEOTZAXX01,GEOTZAXX,1,2038,S1D3,143.64591095127167
GLOBAL,PWRGEOTZAXX01,GEOTZAXX,1,2038,S1D4,171.85499974752045
GLOBAL,PWRGEOTZAXX01,GEOTZAXX,1,2038,S1D5,171.85499974752045
GLOBAL,PWRGEOTZAXX01,GEOTZAXX,1,2038,S2D6,116.64812858331544
GLOBAL,PWRGEOTZAXX01,GEOTZAXX,1,2038,S2D1,144.89721943282564
GLOBAL,PWRGEOTZAXX01,GEOTZAXX,1,2038,S2D2,171.85499974752045
GLOBAL,PWRGEOTZAXX01,GEOTZAXX,1,2038,S2D3,144.89721943282564
GLOBAL,PWRGEOTZAXX01,GEOTZAXX,1,2038,S2D4,171.85499974752048
GLOBAL,PWRGEOTZAXX01,GEOTZAXX,1,2038,S2D5,171.85499974752045
GLOBAL,PWRGEOTZAXX01,GEOTZAXX,1,2038,S3D6,114.23666752271168
GLOBAL,PWRGEOTZAXX01,GEOTZAXX,1,2038,S3D1,144.5508506465896
GLOBAL,PWRGEOTZAXX01,GEOTZAXX,1,2038,S3D2,171.85499974752045
GLOBAL,PWRGEOTZAXX01,GEOTZAXX,1,2038,S3D3,171.85499974752045
GLOBAL,PWRGEOTZAXX01,GEOTZAXX,1,2038,S3D4,171.85499974752045
GLOBAL,PWRGEOTZAXX01,GEOTZAXX,1,2038,S3D5,171.85499974752045
GLOBAL,PWRGEOTZAXX01,GEOTZAXX,1,2039,S1D6,119.31363180306374
GLOBAL,PWRGEOTZAXX01,GEOTZAXX,1,2039,S1D1,151.76436173007104
GLOBAL,PWRGEOTZAXX01,GEOTZAXX,1,2039,S1D2,181.53885680067503
GLOBAL,PWRGEOTZAXX01,GEOTZAXX,1,2039,S1D3,151.76436173007104
GLOBAL,PWRGEOTZAXX01,GEOTZAXX,1,2039,S1D4,181.53885680067503
GLOBAL,PWRGEOTZAXX01,GEOTZAXX,1,2039,S1D5,181.53885680067503
GLOBAL,PWRGEOTZAXX01,GEOTZAXX,1,2039,S2D6,121.2441945217936
GLOBAL,PWRGEOTZAXX01,GEOTZAXX,1,2039,S2D1,152.886543276242
GLOBAL,PWRGEOTZAXX01,GEOTZAXX,1,2039,S2D2,181.53885680067503
GLOBAL,PWRGEOTZAXX01,GEOTZAXX,1,2039,S2D3,152.886543276242
GLOBAL,PWRGEOTZAXX01,GEOTZAXX,1,2039,S2D4,181.5388568006751
GLOBAL,PWRGEOTZAXX01,GEOTZAXX,1,2039,S2D5,181.53885680067503
GLOBAL,PWRGEOTZAXX01,GEOTZAXX,1,2039,S3D6,120.685500556823
GLOBAL,PWRGEOTZAXX01,GEOTZAXX,1,2039,S3D1,154.86601183488924
GLOBAL,PWRGEOTZAXX01,GEOTZAXX,1,2039,S3D2,181.53885680067503
GLOBAL,PWRGEOTZAXX01,GEOTZAXX,1,2039,S3D3,181.53885680067503
GLOBAL,PWRGEOTZAXX01,GEOTZAXX,1,2039,S3D4,181.53885680067503
GLOBAL,PWRGEOTZAXX01,GEOTZAXX,1,2039,S3D5,181.53885680067503
GLOBAL,PWRGEOTZAXX01,GEOTZAXX,1,2040,S1D6,125.79339645047628
GLOBAL,PWRGEOTZAXX01,GEOTZAXX,1,2040,S1D1,159.88281250887044
GLOBAL,PWRGEOTZAXX01,GEOTZAXX,1,2040,S1D2,191.22271385382967
GLOBAL,PWRGEOTZAXX01,GEOTZAXX,1,2040,S1D3,159.88281250887044
GLOBAL,PWRGEOTZAXX01,GEOTZAXX,1,2040,S1D4,191.22271385382967
GLOBAL,PWRGEOTZAXX01,GEOTZAXX,1,2040,S1D5,191.22271385382967
GLOBAL,PWRGEOTZAXX01,GEOTZAXX,1,2040,S2D6,127.63565359652668
GLOBAL,PWRGEOTZAXX01,GEOTZAXX,1,2040,S2D1,160.87586711965838
GLOBAL,PWRGEOTZAXX01,GEOTZAXX,1,2040,S2D2,191.22271385382967
GLOBAL,PWRGEOTZAXX01,GEOTZAXX,1,2040,S2D3,160.87586711965838
GLOBAL,PWRGEOTZAXX01,GEOTZAXX,1,2040,S2D4,191.22271385382967
GLOBAL,PWRGEOTZAXX01,GEOTZAXX,1,2040,S2D5,191.22271385382967
GLOBAL,PWRGEOTZAXX01,GEOTZAXX,1,2040,S3D6,129.83106361102494
GLOBAL,PWRGEOTZAXX01,GEOTZAXX,1,2040,S3D1,160.67293323186786
GLOBAL,PWRGEOTZAXX01,GEOTZAXX,1,2040,S3D2,191.22271385382967
GLOBAL,PWRGEOTZAXX01,GEOTZAXX,1,2040,S3D3,191.22271385382967
GLOBAL,PWRGEOTZAXX01,GEOTZAXX,1,2040,S3D4,191.22271385382967
GLOBAL,PWRGEOTZAXX01,GEOTZAXX,1,2040,S3D5,191.22271385382967
GLOBAL,PWRGEOTZAXX01,GEOTZAXX,1,2041,S1D6,133.44933218645042
GLOBAL,PWRGEOTZAXX01,GEOTZAXX,1,2041,S1D1,169.4748796317059
GLOBAL,PWRGEOTZAXX01,GEOTZAXX,1,2041,S1D2,202.6643311515992
GLOBAL,PWRGEOTZAXX01,GEOTZAXX,1,2041,S1D3,169.4748796317059
GLOBAL,PWRGEOTZAXX01,GEOTZAXX,1,2041,S1D4,202.6643311515992
GLOBAL,PWRGEOTZAXX01,GEOTZAXX,1,2041,S1D5,202.6643311515992
GLOBAL,PWRGEOTZAXX01,GEOTZAXX,1,2041,S2D6,135.18725502001422
GLOBAL,PWRGEOTZAXX01,GEOTZAXX,1,2041,S2D1,170.3153688990178
GLOBAL,PWRGEOTZAXX01,GEOTZAXX,1,2041,S2D2,202.66433115159924
GLOBAL,PWRGEOTZAXX01,GEOTZAXX,1,2041,S2D3,170.3153688990178
GLOBAL,PWRGEOTZAXX01,GEOTZAXX,1,2041,S2D4,202.66433115159924
GLOBAL,PWRGEOTZAXX01,GEOTZAXX,1,2041,S2D5,202.66433115159924
GLOBAL,PWRGEOTZAXX01,GEOTZAXX,1,2041,S3D6,134.7537231780079
GLOBAL,PWRGEOTZAXX01,GEOTZAXX,1,2041,S3D1,173.41685050531046
GLOBAL,PWRGEOTZAXX01,GEOTZAXX,1,2041,S3D2,202.6643311515992
GLOBAL,PWRGEOTZAXX01,GEOTZAXX,1,2041,S3D3,202.6643311515992
GLOBAL,PWRGEOTZAXX01,GEOTZAXX,1,2041,S3D4,202.6643311515992
GLOBAL,PWRGEOTZAXX01,GEOTZAXX,1,2041,S3D5,202.6643311515992
GLOBAL,PWRGEOTZAXX01,GEOTZAXX,1,2042,S1D6,141.1052679224244
GLOBAL,PWRGEOTZAXX01,GEOTZAXX,1,2042,S1D1,179.0669467545412
GLOBAL,PWRGEOTZAXX01,GEOTZAXX,1,2042,S1D2,214.10594844936875
GLOBAL,PWRGEOTZAXX01,GEOTZAXX,1,2042,S1D3,179.0669467545412
GLOBAL,PWRGEOTZAXX01,GEOTZAXX,1,2042,S1D4,214.10594844936875
GLOBAL,PWRGEOTZAXX01,GEOTZAXX,1,2042,S1D5,214.10594844936875
GLOBAL,PWRGEOTZAXX01,GEOTZAXX,1,2042,S2D6,142.73885644350176
GLOBAL,PWRGEOTZAXX01,GEOTZAXX,1,2042,S2D1,179.75487067837722
GLOBAL,PWRGEOTZAXX01,GEOTZAXX,1,2042,S2D2,214.10594844936875
GLOBAL,PWRGEOTZAXX01,GEOTZAXX,1,2042,S2D3,179.75487067837722
GLOBAL,PWRGEOTZAXX01,GEOTZAXX,1,2042,S2D4,214.1059484493688
GLOBAL,PWRGEOTZAXX01,GEOTZAXX,1,2042,S2D5,214.10594844936875
GLOBAL,PWRGEOTZAXX01,GEOTZAXX,1,2042,S3D6,142.3731127650815
GLOBAL,PWRGEOTZAXX01,GEOTZAXX,1,2042,S3D1,183.46403775866327
GLOBAL,PWRGEOTZAXX01,GEOTZAXX,1,2042,S3D2,214.10594844936875
GLOBAL,PWRGEOTZAXX01,GEOTZAXX,1,2042,S3D3,214.10594844936875
GLOBAL,PWRGEOTZAXX01,GEOTZAXX,1,2042,S3D4,214.10594844936875
GLOBAL,PWRGEOTZAXX01,GEOTZAXX,1,2042,S3D5,214.10594844936875
GLOBAL,PWRGEOTZAXX01,GEOTZAXX,1,2043,S1D6,148.7612036583986
GLOBAL,PWRGEOTZAXX01,GEOTZAXX,1,2043,S1D1,188.65901387737676
GLOBAL,PWRGEOTZAXX01,GEOTZAXX,1,2043,S1D2,225.5475657471383
GLOBAL,PWRGEOTZAXX01,GEOTZAXX,1,2043,S1D3,188.65901387737676
GLOBAL,PWRGEOTZAXX01,GEOTZAXX,1,2043,S1D4,225.5475657471383
GLOBAL,PWRGEOTZAXX01,GEOTZAXX,1,2043,S1D5,225.5475657471383
GLOBAL,PWRGEOTZAXX01,GEOTZAXX,1,2043,S2D6,150.29045786698933
GLOBAL,PWRGEOTZAXX01,GEOTZAXX,1,2043,S2D1,189.19437245773665
GLOBAL,PWRGEOTZAXX01,GEOTZAXX,1,2043,S2D2,225.5475657471383
GLOBAL,PWRGEOTZAXX01,GEOTZAXX,1,2043,S2D3,189.19437245773665
GLOBAL,PWRGEOTZAXX01,GEOTZAXX,1,2043,S2D4,225.54756574713832
GLOBAL,PWRGEOTZAXX01,GEOTZAXX,1,2043,S2D5,225.5475657471383
GLOBAL,PWRGEOTZAXX01,GEOTZAXX,1,2043,S3D6,154.25808318077586
GLOBAL,PWRGEOTZAXX01,GEOTZAXX,1,2043,S3D1,189.2456441833939
GLOBAL,PWRGEOTZAXX01,GEOTZAXX,1,2043,S3D2,225.5475657471383
GLOBAL,PWRGEOTZAXX01,GEOTZAXX,1,2043,S3D3,225.5475657471383
GLOBAL,PWRGEOTZAXX01,GEOTZAXX,1,2043,S3D4,225.5475657471383
GLOBAL,PWRGEOTZAXX01,GEOTZAXX,1,2043,S3D5,225.5475657471383
GLOBAL,PWRGEOTZAXX01,GEOTZAXX,1,2044,S1D6,156.42435516792207
GLOBAL,PWRGEOTZAXX01,GEOTZAXX,1,2044,S1D1,198.26012159127967
GLOBAL,PWRGEOTZAXX01,GEOTZAXX,1,2044,S1D2,236.99996685008952
GLOBAL,PWRGEOTZAXX01,GEOTZAXX,1,2044,S1D3,198.26012159127967
GLOBAL,PWRGEOTZAXX01,GEOTZAXX,1,2044,S1D4,236.99996685008952
GLOBAL,PWRGEOTZAXX01,GEOTZAXX,1,2044,S1D5,236.99996685008952
GLOBAL,PWRGEOTZAXX01,GEOTZAXX,1,2044,S2D6,157.8491767281993
GLOBAL,PWRGEOTZAXX01,GEOTZAXX,1,2044,S2D1,198.64277103424908
GLOBAL,PWRGEOTZAXX01,GEOTZAXX,1,2044,S2D2,236.99996685008952
GLOBAL,PWRGEOTZAXX01,GEOTZAXX,1,2044,S2D3,198.64277103424908
GLOBAL,PWRGEOTZAXX01,GEOTZAXX,1,2044,S2D4,236.99996685008955
GLOBAL,PWRGEOTZAXX01,GEOTZAXX,1,2044,S2D5,236.99996685008952
GLOBAL,PWRGEOTZAXX01,GEOTZAXX,1,2044,S3D6,157.6190732677745
GLOBAL,PWRGEOTZAXX01,GEOTZAXX,1,2044,S3D1,203.56788181037555
GLOBAL,PWRGEOTZAXX01,GEOTZAXX,1,2044,S3D2,236.99996685008952
GLOBAL,PWRGEOTZAXX01,GEOTZAXX,1,2044,S3D3,236.99996685008952
GLOBAL,PWRGEOTZAXX01,GEOTZAXX,1,2044,S3D4,236.99996685008952
GLOBAL,PWRGEOTZAXX01,GEOTZAXX,1,2044,S3D5,236.99996685008952
GLOBAL,PWRGEOTZAXX01,GEOTZAXX,1,2045,S1D6,164.0802909038961
GLOBAL,PWRGEOTZAXX01,GEOTZAXX,1,2045,S1D1,207.85218871411507
GLOBAL,PWRGEOTZAXX01,GEOTZAXX,1,2045,S1D2,248.44158414785903
GLOBAL,PWRGEOTZAXX01,GEOTZAXX,1,2045,S1D3,207.85218871411507
GLOBAL,PWRGEOTZAXX01,GEOTZAXX,1,2045,S1D4,248.44158414785903
GLOBAL,PWRGEOTZAXX01,GEOTZAXX,1,2045,S1D5,248.44158414785903
GLOBAL,PWRGEOTZAXX01,GEOTZAXX,1,2045,S2D6,165.4007781516868
GLOBAL,PWRGEOTZAXX01,GEOTZAXX,1,2045,S2D1,208.08227281360848
GLOBAL,PWRGEOTZAXX01,GEOTZAXX,1,2045,S2D2,248.44158414785903
GLOBAL,PWRGEOTZAXX01,GEOTZAXX,1,2045,S2D3,208.08227281360848
GLOBAL,PWRGEOTZAXX01,GEOTZAXX,1,2045,S2D4,248.4415841478591
GLOBAL,PWRGEOTZAXX01,GEOTZAXX,1,2045,S2D5,248.44158414785903
GLOBAL,PWRGEOTZAXX01,GEOTZAXX,1,2045,S3D6,165.23846285484808
GLOBAL,PWRGEOTZAXX01,GEOTZAXX,1,2045,S3D1,213.615069063728
GLOBAL,PWRGEOTZAXX01,GEOTZAXX,1,2045,S3D2,248.44158414785903
GLOBAL,PWRGEOTZAXX01,GEOTZAXX,1,2045,S3D3,248.44158414785903
GLOBAL,PWRGEOTZAXX01,GEOTZAXX,1,2045,S3D4,248.44158414785903
GLOBAL,PWRGEOTZAXX01,GEOTZAXX,1,2045,S3D5,248.44158414785903
GLOBAL,PWRGEOTZAXX01,GEOTZAXX,1,2046,S1D6,173.58346466853126
GLOBAL,PWRGEOTZAXX01,GEOTZAXX,1,2046,S1D1,219.75864715028305
GLOBAL,PWRGEOTZAXX01,GEOTZAXX,1,2046,S1D2,262.6438555721404
GLOBAL,PWRGEOTZAXX01,GEOTZAXX,1,2046,S1D3,219.75864715028305
GLOBAL,PWRGEOTZAXX01,GEOTZAXX,1,2046,S1D4,262.6438555721404
GLOBAL,PWRGEOTZAXX01,GEOTZAXX,1,2046,S1D5,262.6438555721404
GLOBAL,PWRGEOTZAXX01,GEOTZAXX,1,2046,S2D6,174.7744436321139
GLOBAL,PWRGEOTZAXX01,GEOTZAXX,1,2046,S2D1,219.79935466414236
GLOBAL,PWRGEOTZAXX01,GEOTZAXX,1,2046,S2D2,262.6438555721404
GLOBAL,PWRGEOTZAXX01,GEOTZAXX,1,2046,S2D3,219.79935466414236
GLOBAL,PWRGEOTZAXX01,GEOTZAXX,1,2046,S2D4,262.6438555721404
GLOBAL,PWRGEOTZAXX01,GEOTZAXX,1,2046,S2D5,262.6438555721404
GLOBAL,PWRGEOTZAXX01,GEOTZAXX,1,2046,S3D6,174.69627254964166
GLOBAL,PWRGEOTZAXX01,GEOTZAXX,1,2046,S3D1,226.0864598390954
GLOBAL,PWRGEOTZAXX01,GEOTZAXX,1,2046,S3D2,262.6438555721404
GLOBAL,PWRGEOTZAXX01,GEOTZAXX,1,2046,S3D3,262.6438555721404
GLOBAL,PWRGEOTZAXX01,GEOTZAXX,1,2046,S3D4,262.6438555721404
GLOBAL,PWRGEOTZAXX01,GEOTZAXX,1,2046,S3D5,262.6438555721404
GLOBAL,PWRGEOTZAXX01,GEOTZAXX,1,2047,S1D6,183.0281072302472
GLOBAL,PWRGEOTZAXX01,GEOTZAXX,1,2047,S1D1,233.2153095998672
GLOBAL,PWRGEOTZAXX01,GEOTZAXX,1,2047,S1D2,276.8461269964216
GLOBAL,PWRGEOTZAXX01,GEOTZAXX,1,2047,S1D3,231.60657438353184
GLOBAL,PWRGEOTZAXX01,GEOTZAXX,1,2047,S1D4,276.8461269964216
GLOBAL,PWRGEOTZAXX01,GEOTZAXX,1,2047,S1D5,276.8461269964216
GLOBAL,PWRGEOTZAXX01,GEOTZAXX,1,2047,S2D6,189.30209021779592
GLOBAL,PWRGEOTZAXX01,GEOTZAXX,1,2047,S2D1,231.51643651467612
GLOBAL,PWRGEOTZAXX01,GEOTZAXX,1,2047,S2D2,276.8461269964216
GLOBAL,PWRGEOTZAXX01,GEOTZAXX,1,2047,S2D3,231.51643651467612
GLOBAL,PWRGEOTZAXX01,GEOTZAXX,1,2047,S2D4,276.8461269964216
GLOBAL,PWRGEOTZAXX01,GEOTZAXX,1,2047,S2D5,276.8461269964216
GLOBAL,PWRGEOTZAXX01,GEOTZAXX,1,2047,S3D6,184.1540822444352
GLOBAL,PWRGEOTZAXX01,GEOTZAXX,1,2047,S3D1,231.947619048744
GLOBAL,PWRGEOTZAXX01,GEOTZAXX,1,2047,S3D2,276.8461269964216
GLOBAL,PWRGEOTZAXX01,GEOTZAXX,1,2047,S3D3,276.8461269964216
GLOBAL,PWRGEOTZAXX01,GEOTZAXX,1,2047,S3D4,276.8461269964216
GLOBAL,PWRGEOTZAXX01,GEOTZAXX,1,2047,S3D5,276.8461269964216
GLOBAL,PWRGEOTZAXX01,GEOTZAXX,1,2048,S1D6,192.42380931146283
GLOBAL,PWRGEOTZAXX01,GEOTZAXX,1,2048,S1D1,243.40556113628037
GLOBAL,PWRGEOTZAXX01,GEOTZAXX,1,2048,S1D2,291.04839842070294
GLOBAL,PWRGEOTZAXX01,GEOTZAXX,1,2048,S1D3,246.31891598211
GLOBAL,PWRGEOTZAXX01,GEOTZAXX,1,2048,S1D4,291.04839842070294
GLOBAL,PWRGEOTZAXX01,GEOTZAXX,1,2048,S1D5,291.04839842070294
GLOBAL,PWRGEOTZAXX01,GEOTZAXX,1,2048,S2D6,198.36137233960793
GLOBAL,PWRGEOTZAXX01,GEOTZAXX,1,2048,S2D1,243.23351836521
GLOBAL,PWRGEOTZAXX01,GEOTZAXX,1,2048,S2D2,291.0483984207029
GLOBAL,PWRGEOTZAXX01,GEOTZAXX,1,2048,S2D3,243.23351836521
GLOBAL,PWRGEOTZAXX01,GEOTZAXX,1,2048,S2D4,291.0483984207029
GLOBAL,PWRGEOTZAXX01,GEOTZAXX,1,2048,S2D5,291.0483984207029
GLOBAL,PWRGEOTZAXX01,GEOTZAXX,1,2048,S3D6,193.6118919392287
GLOBAL,PWRGEOTZAXX01,GEOTZAXX,1,2048,S3D1,243.76988116723587
GLOBAL,PWRGEOTZAXX01,GEOTZAXX,1,2048,S3D2,291.0483984207029
GLOBAL,PWRGEOTZAXX01,GEOTZAXX,1,2048,S3D3,291.0483984207029
GLOBAL,PWRGEOTZAXX01,GEOTZAXX,1,2048,S3D4,291.04839842070294
GLOBAL,PWRGEOTZAXX01,GEOTZAXX,1,2048,S3D5,291.04839842070294
GLOBAL,PWRGEOTZAXX01,GEOTZAXX,1,2049,S1D6,201.8123772225334
GLOBAL,PWRGEOTZAXX01,GEOTZAXX,1,2049,S1D1,257.7384605305936
GLOBAL,PWRGEOTZAXX01,GEOTZAXX,1,2049,S1D2,305.23988603980274
GLOBAL,PWRGEOTZAXX01,GEOTZAXX,1,2049,S1D3,255.1955889013656
GLOBAL,PWRGEOTZAXX01,GEOTZAXX,1,2049,S1D4,305.23988603980274
GLOBAL,PWRGEOTZAXX01,GEOTZAXX,1,2049,S1D5,305.23988603980274
GLOBAL,PWRGEOTZAXX01,GEOTZAXX,1,2049,S2D6,202.08857523943436
GLOBAL,PWRGEOTZAXX01,GEOTZAXX,1,2049,S2D1,254.941703418593
GLOBAL,PWRGEOTZAXX01,GEOTZAXX,1,2049,S2D2,305.23988603980274
GLOBAL,PWRGEOTZAXX01,GEOTZAXX,1,2049,S2D3,254.94170341859075
GLOBAL,PWRGEOTZAXX01,GEOTZAXX,1,2049,S2D4,305.23988603980274
GLOBAL,PWRGEOTZAXX01,GEOTZAXX,1,2049,S2D5,305.23988603980274
GLOBAL,PWRGEOTZAXX01,GEOTZAXX,1,2049,S3D6,203.06252030547645
GLOBAL,PWRGEOTZAXX01,GEOTZAXX,1,2049,S3D1,262.6032315978456
GLOBAL,PWRGEOTZAXX01,GEOTZAXX,1,2049,S3D2,305.23988603980285
GLOBAL,PWRGEOTZAXX01,GEOTZAXX,1,2049,S3D3,305.23988603980274
GLOBAL,PWRGEOTZAXX01,GEOTZAXX,1,2049,S3D4,305.23988603980274
GLOBAL,PWRGEOTZAXX01,GEOTZAXX,1,2049,S3D5,305.23988603980274
GLOBAL,PWRGEOTZAXX01,GEOTZAXX,1,2050,S1D6,222.1909285731466
GLOBAL,PWRGEOTZAXX01,GEOTZAXX,1,2050,S1D1,266.994575654114
GLOBAL,PWRGEOTZAXX01,GEOTZAXX,1,2050,S1D2,319.44215746408395
GLOBAL,PWRGEOTZAXX01,GEOTZAXX,1,2050,S1D3,266.994575654114
GLOBAL,PWRGEOTZAXX01,GEOTZAXX,1,2050,S1D4,319.44215746408395
GLOBAL,PWRGEOTZAXX01,GEOTZAXX,1,2050,S1D5,319.44215746408395
GLOBAL,PWRGEOTZAXX01,GEOTZAXX,1,2050,S2D6,211.14785736124747
GLOBAL,PWRGEOTZAXX01,GEOTZAXX,1,2050,S2D1,266.65878526912456
GLOBAL,PWRGEOTZAXX01,GEOTZAXX,1,2050,S2D2,319.44215746408395
GLOBAL,PWRGEOTZAXX01,GEOTZAXX,1,2050,S2D3,266.65878526912456
GLOBAL,PWRGEOTZAXX01,GEOTZAXX,1,2050,S2D4,319.44215746408395
GLOBAL,PWRGEOTZAXX01,GEOTZAXX,1,2050,S2D5,319.44215746408395
GLOBAL,PWRGEOTZAXX01,GEOTZAXX,1,2050,S3D6,212.52033000027
GLOBAL,PWRGEOTZAXX01,GEOTZAXX,1,2050,S3D1,267.4054287435376
GLOBAL,PWRGEOTZAXX01,GEOTZAXX,1,2050,S3D2,319.44215746408395
GLOBAL,PWRGEOTZAXX01,GEOTZAXX,1,2050,S3D3,319.44215746408395
GLOBAL,PWRGEOTZAXX01,GEOTZAXX,1,2050,S3D4,319.44215746408395
GLOBAL,PWRGEOTZAXX01,GEOTZAXX,1,2050,S3D5,319.44215746408395
GLOBAL,PWRHYDKENXX01,HYDKENXX,1,2021,S1D6,12.23632561824
GLOBAL,PWRHYDKENXX01,HYDKENXX,1,2021,S1D1,10.84372657314088
GLOBAL,PWRHYDKENXX01,HYDKENXX,1,2021,S1D2,12.23632561824
GLOBAL,PWRHYDKENXX01,HYDKENXX,1,2021,S1D3,12.23632561824
GLOBAL,PWRHYDKENXX01,HYDKENXX,1,2021,S1D4,12.23632561824
GLOBAL,PWRHYDKENXX01,HYDKENXX,1,2021,S1D5,12.23632561824
GLOBAL,PWRHYDKENXX01,HYDKENXX,1,2021,S2D1,10.61015853312
GLOBAL,PWRHYDKENXX01,HYDKENXX,1,2021,S2D2,10.61015853312
GLOBAL,PWRHYDKENXX01,HYDKENXX,1,2021,S2D3,10.61015853312
GLOBAL,PWRHYDKENXX01,HYDKENXX,1,2021,S2D4,10.61015853312
GLOBAL,PWRHYDKENXX01,HYDKENXX,1,2021,S2D5,10.61015853312
GLOBAL,PWRHYDKENXX01,HYDKENXX,1,2021,S3D6,14.42867806368
GLOBAL,PWRHYDKENXX01,HYDKENXX,1,2021,S3D1,4.8936841030562
GLOBAL,PWRHYDKENXX01,HYDKENXX,1,2021,S3D2,14.42867806368
GLOBAL,PWRHYDKENXX01,HYDKENXX,1,2021,S3D3,14.42867806368
GLOBAL,PWRHYDKENXX01,HYDKENXX,1,2021,S3D4,14.42867806368
GLOBAL,PWRHYDKENXX01,HYDKENXX,1,2021,S3D5,13.735556840821614
GLOBAL,PWRHYDKENXX01,HYDKENXX,1,2022,S1D6,10.333965796739728
GLOBAL,PWRHYDKENXX01,HYDKENXX,1,2022,S1D1,12.23632561824
GLOBAL,PWRHYDKENXX01,HYDKENXX,1,2022,S1D2,12.23632561824
GLOBAL,PWRHYDKENXX01,HYDKENXX,1,2022,S1D3,12.23632561824
GLOBAL,PWRHYDKENXX01,HYDKENXX,1,2022,S1D4,12.23632561824
GLOBAL,PWRHYDKENXX01,HYDKENXX,1,2022,S1D5,12.23632561824
GLOBAL,PWRHYDKENXX01,HYDKENXX,1,2022,S2D1,10.61015853312
GLOBAL,PWRHYDKENXX01,HYDKENXX,1,2022,S2D2,10.61015853312
GLOBAL,PWRHYDKENXX01,HYDKENXX,1,2022,S2D3,10.61015853312
GLOBAL,PWRHYDKENXX01,HYDKENXX,1,2022,S2D4,10.61015853312
GLOBAL,PWRHYDKENXX01,HYDKENXX,1,2022,S2D5,10.61015853312
GLOBAL,PWRHYDKENXX01,HYDKENXX,1,2022,S3D6,14.42867806368
GLOBAL,PWRHYDKENXX01,HYDKENXX,1,2022,S3D1,4.702086947465004
GLOBAL,PWRHYDKENXX01,HYDKENXX,1,2022,S3D2,14.42867806368
GLOBAL,PWRHYDKENXX01,HYDKENXX,1,2022,S3D3,14.42867806368
GLOBAL,PWRHYDKENXX01,HYDKENXX,1,2022,S3D4,14.42867806368
GLOBAL,PWRHYDKENXX01,HYDKENXX,1,2022,S3D5,14.42867806368
GLOBAL,PWRHYDKENXX01,HYDKENXX,1,2023,S1D6,12.23632561824
GLOBAL,PWRHYDKENXX01,HYDKENXX,1,2023,S1D1,12.23632561824
GLOBAL,PWRHYDKENXX01,HYDKENXX,1,2023,S1D2,12.23632561824
GLOBAL,PWRHYDKENXX01,HYDKENXX,1,2023,S1D3,12.23632561824
GLOBAL,PWRHYDKENXX01,HYDKENXX,1,2023,S1D4,12.23632561824
GLOBAL,PWRHYDKENXX01,HYDKENXX,1,2023,S1D5,12.23632561824
GLOBAL,PWRHYDKENXX01,HYDKENXX,1,2023,S2D6,0.8293174554131315
GLOBAL,PWRHYDKENXX01,HYDKENXX,1,2023,S2D1,10.61015853312
GLOBAL,PWRHYDKENXX01,HYDKENXX,1,2023,S2D2,10.61015853312
GLOBAL,PWRHYDKENXX01,HYDKENXX,1,2023,S2D3,10.61015853312
GLOBAL,PWRHYDKENXX01,HYDKENXX,1,2023,S2D4,10.61015853312
GLOBAL,PWRHYDKENXX01,HYDKENXX,1,2023,S2D5,10.61015853312
GLOBAL,PWRHYDKENXX01,HYDKENXX,1,2023,S3D6,14.42867806368
GLOBAL,PWRHYDKENXX01,HYDKENXX,1,2023,S3D1,4.792423126959704
GLOBAL,PWRHYDKENXX01,HYDKENXX,1,2023,S3D2,11.629958415380436
GLOBAL,PWRHYDKENXX01,HYDKENXX,1,2023,S3D3,14.42867806368
GLOBAL,PWRHYDKENXX01,HYDKENXX,1,2023,S3D4,14.42867806368
GLOBAL,PWRHYDKENXX01,HYDKENXX,1,2023,S3D5,14.42867806368
GLOBAL,PWRHYDKENXX01,HYDKENXX,1,2024,S1D6,5.706017529874508
GLOBAL,PWRHYDKENXX01,HYDKENXX,1,2024,S1D1,12.23632561824
GLOBAL,PWRHYDKENXX01,HYDKENXX,1,2024,S1D2,12.23632561824
GLOBAL,PWRHYDKENXX01,HYDKENXX,1,2024,S1D3,12.23632561824
GLOBAL,PWRHYDKENXX01,HYDKENXX,1,2024,S1D4,12.23632561824
GLOBAL,PWRHYDKENXX01,HYDKENXX,1,2024,S1D5,12.23632561824
GLOBAL,PWRHYDKENXX01,HYDKENXX,1,2024,S2D6,10.61015853312
GLOBAL,PWRHYDKENXX01,HYDKENXX,1,2024,S2D1,10.61015853312
GLOBAL,PWRHYDKENXX01,HYDKENXX,1,2024,S2D2,10.61015853312
GLOBAL,PWRHYDKENXX01,HYDKENXX,1,2024,S2D3,10.61015853312
GLOBAL,PWRHYDKENXX01,HYDKENXX,1,2024,S2D4,10.61015853312
GLOBAL,PWRHYDKENXX01,HYDKENXX,1,2024,S2D5,10.61015853312
GLOBAL,PWRHYDKENXX01,HYDKENXX,1,2024,S3D1,14.42867806368
GLOBAL,PWRHYDKENXX01,HYDKENXX,1,2024,S3D2,12.978532613710003
GLOBAL,PWRHYDKENXX01,HYDKENXX,1,2024,S3D3,14.42867806368
GLOBAL,PWRHYDKENXX01,HYDKENXX,1,2024,S3D4,14.42867806368
GLOBAL,PWRHYDKENXX01,HYDKENXX,1,2024,S3D5,14.42867806368
GLOBAL,PWRHYDKENXX01,HYDKENXX,1,2025,S1D6,0.48225176982527856
GLOBAL,PWRHYDKENXX01,HYDKENXX,1,2025,S1D1,12.201705244184089
GLOBAL,PWRHYDKENXX01,HYDKENXX,1,2025,S1D2,12.23632561824
GLOBAL,PWRHYDKENXX01,HYDKENXX,1,2025,S1D3,12.23632561824
GLOBAL,PWRHYDKENXX01,HYDKENXX,1,2025,S1D4,12.23632561824
GLOBAL,PWRHYDKENXX01,HYDKENXX,1,2025,S1D5,12.23632561824
GLOBAL,PWRHYDKENXX01,HYDKENXX,1,2025,S2D1,10.61015853312
GLOBAL,PWRHYDKENXX01,HYDKENXX,1,2025,S2D2,10.61015853312
GLOBAL,PWRHYDKENXX01,HYDKENXX,1,2025,S2D3,10.61015853312
GLOBAL,PWRHYDKENXX01,HYDKENXX,1,2025,S2D4,10.61015853312
GLOBAL,PWRHYDKENXX01,HYDKENXX,1,2025,S2D5,10.61015853312
GLOBAL,PWRHYDKENXX01,HYDKENXX,1,2025,S3D6,14.42867806368
GLOBAL,PWRHYDKENXX01,HYDKENXX,1,2025,S3D1,14.42867806368
GLOBAL,PWRHYDKENXX01,HYDKENXX,1,2025,S3D2,14.42867806368
GLOBAL,PWRHYDKENXX01,HYDKENXX,1,2025,S3D3,14.42867806368
GLOBAL,PWRHYDKENXX01,HYDKENXX,1,2025,S3D4,14.42867806368
GLOBAL,PWRHYDKENXX01,HYDKENXX,1,2025,S3D5,14.42867806368
GLOBAL,PWRHYDKENXX01,HYDKENXX,1,2026,S1D6,12.23632561824
GLOBAL,PWRHYDKENXX01,HYDKENXX,1,2026,S1D1,12.23632561824
GLOBAL,PWRHYDKENXX01,HYDKENXX,1,2026,S1D2,12.23632561824
GLOBAL,PWRHYDKENXX01,HYDKENXX,1,2026,S1D3,12.23632561824
GLOBAL,PWRHYDKENXX01,HYDKENXX,1,2026,S1D4,12.23632561824
GLOBAL,PWRHYDKENXX01,HYDKENXX,1,2026,S1D5,12.23632561824
GLOBAL,PWRHYDKENXX01,HYDKENXX,1,2026,S2D6,10.61015853312
GLOBAL,PWRHYDKENXX01,HYDKENXX,1,2026,S2D1,5.978696555396714
GLOBAL,PWRHYDKENXX01,HYDKENXX,1,2026,S2D2,3.92208699445082
GLOBAL,PWRHYDKENXX01,HYDKENXX,1,2026,S2D3,10.61015853312
GLOBAL,PWRHYDKENXX01,HYDKENXX,1,2026,S2D4,10.61015853312
GLOBAL,PWRHYDKENXX01,HYDKENXX,1,2026,S2D5,10.61015853312
GLOBAL,PWRHYDKENXX01,HYDKENXX,1,2026,S3D6,14.42867806368
GLOBAL,PWRHYDKENXX01,HYDKENXX,1,2026,S3D1,6.514940916598617
GLOBAL,PWRHYDKENXX01,HYDKENXX,1,2026,S3D2,14.42867806368
GLOBAL,PWRHYDKENXX01,HYDKENXX,1,2026,S3D3,11.459945384343516
GLOBAL,PWRHYDKENXX01,HYDKENXX,1,2026,S3D4,14.42867806368
GLOBAL,PWRHYDKENXX01,HYDKENXX,1,2026,S3D5,14.42867806368
GLOBAL,PWRHYDKENXX01,HYDKENXX,1,2027,S1D6,12.23632561824
GLOBAL,PWRHYDKENXX01,HYDKENXX,1,2027,S1D1,12.23632561824
GLOBAL,PWRHYDKENXX01,HYDKENXX,1,2027,S1D2,12.23632561824
GLOBAL,PWRHYDKENXX01,HYDKENXX,1,2027,S1D3,12.23632561824
GLOBAL,PWRHYDKENXX01,HYDKENXX,1,2027,S1D4,12.23632561824
GLOBAL,PWRHYDKENXX01,HYDKENXX,1,2027,S1D5,12.23632561824
GLOBAL,PWRHYDKENXX01,HYDKENXX,1,2027,S2D1,10.61015853312
GLOBAL,PWRHYDKENXX01,HYDKENXX,1,2027,S2D2,10.61015853312
GLOBAL,PWRHYDKENXX01,HYDKENXX,1,2027,S2D3,10.61015853312
GLOBAL,PWRHYDKENXX01,HYDKENXX,1,2027,S2D4,10.61015853312
GLOBAL,PWRHYDKENXX01,HYDKENXX,1,2027,S2D5,10.61015853312
GLOBAL,PWRHYDKENXX01,HYDKENXX,1,2027,S3D6,14.42867806368
GLOBAL,PWRHYDKENXX01,HYDKENXX,1,2027,S3D1,6.1635803090073935
GLOBAL,PWRHYDKENXX01,HYDKENXX,1,2027,S3D2,11.095563190140943
GLOBAL,PWRHYDKENXX01,HYDKENXX,1,2027,S3D3,14.42867806368
GLOBAL,PWRHYDKENXX01,HYDKENXX,1,2027,S3D4,14.42867806368
GLOBAL,PWRHYDKENXX01,HYDKENXX,1,2027,S3D5,14.42867806368
GLOBAL,PWRHYDKENXX01,HYDKENXX,1,2028,S1D6,12.23632561824
GLOBAL,PWRHYDKENXX01,HYDKENXX,1,2028,S1D1,6.858921593297856
GLOBAL,PWRHYDKENXX01,HYDKENXX,1,2028,S1D2,12.23632561824
GLOBAL,PWRHYDKENXX01,HYDKENXX,1,2028,S1D3,12.23632561824
GLOBAL,PWRHYDKENXX01,HYDKENXX,1,2028,S1D4,12.23632561824
GLOBAL,PWRHYDKENXX01,HYDKENXX,1,2028,S1D5,4.97058652346765
GLOBAL,PWRHYDKENXX01,HYDKENXX,1,2028,S2D6,10.61015853312
GLOBAL,PWRHYDKENXX01,HYDKENXX,1,2028,S2D1,10.61015853312
GLOBAL,PWRHYDKENXX01,HYDKENXX,1,2028,S2D2,10.61015853312
GLOBAL,PWRHYDKENXX01,HYDKENXX,1,2028,S2D3,10.61015853312
GLOBAL,PWRHYDKENXX01,HYDKENXX,1,2028,S2D4,10.61015853312
GLOBAL,PWRHYDKENXX01,HYDKENXX,1,2028,S2D5,10.61015853312
GLOBAL,PWRHYDKENXX01,HYDKENXX,1,2028,S3D6,14.42867806368
GLOBAL,PWRHYDKENXX01,HYDKENXX,1,2028,S3D1,5.7922197014161565
GLOBAL,PWRHYDKENXX01,HYDKENXX,1,2028,S3D2,13.200376821053723
GLOBAL,PWRHYDKENXX01,HYDKENXX,1,2028,S3D3,14.42867806368
GLOBAL,PWRHYDKENXX01,HYDKENXX,1,2028,S3D4,14.42867806368
GLOBAL,PWRHYDKENXX01,HYDKENXX,1,2028,S3D5,14.42867806368
GLOBAL,PWRHYDKENXX01,HYDKENXX,1,2029,S1D6,12.23632561824
GLOBAL,PWRHYDKENXX01,HYDKENXX,1,2029,S1D1,12.23632561824
GLOBAL,PWRHYDKENXX01,HYDKENXX,1,2029,S1D2,12.23632561824
GLOBAL,PWRHYDKENXX01,HYDKENXX,1,2029,S1D3,12.23632561824
GLOBAL,PWRHYDKENXX01,HYDKENXX,1,2029,S1D4,12.23632561824
GLOBAL,PWRHYDKENXX01,HYDKENXX,1,2029,S1D5,12.23632561824
GLOBAL,PWRHYDKENXX01,HYDKENXX,1,2029,S2D6,10.61015853312
GLOBAL,PWRHYDKENXX01,HYDKENXX,1,2029,S2D1,10.61015853312
GLOBAL,PWRHYDKENXX01,HYDKENXX,1,2029,S2D2,2.8052833586403185
GLOBAL,PWRHYDKENXX01,HYDKENXX,1,2029,S2D3,10.61015853312
GLOBAL,PWRHYDKENXX01,HYDKENXX,1,2029,S2D4,10.61015853312
GLOBAL,PWRHYDKENXX01,HYDKENXX,1,2029,S2D5,10.61015853312
GLOBAL,PWRHYDKENXX01,HYDKENXX,1,2029,S3D1,14.42867806368
GLOBAL,PWRHYDKENXX01,HYDKENXX,1,2029,S3D2,14.42867806368
GLOBAL,PWRHYDKENXX01,HYDKENXX,1,2029,S3D3,14.42867806368
GLOBAL,PWRHYDKENXX01,HYDKENXX,1,2029,S3D4,14.42867806368
GLOBAL,PWRHYDKENXX01,HYDKENXX,1,2029,S3D5,14.42867806368
GLOBAL,PWRHYDKENXX01,HYDKENXX,1,2030,S1D6,12.23632561824
GLOBAL,PWRHYDKENXX01,HYDKENXX,1,2030,S1D1,12.23632561824
GLOBAL,PWRHYDKENXX01,HYDKENXX,1,2030,S1D2,12.23632561824
GLOBAL,PWRHYDKENXX01,HYDKENXX,1,2030,S1D3,12.23632561824
GLOBAL,PWRHYDKENXX01,HYDKENXX,1,2030,S1D4,12.23632561824
GLOBAL,PWRHYDKENXX01,HYDKENXX,1,2030,S1D5,12.23632561824
GLOBAL,PWRHYDKENXX01,HYDKENXX,1,2030,S2D6,10.61015853312
GLOBAL,PWRHYDKENXX01,HYDKENXX,1,2030,S2D1,2.8052833586403185
GLOBAL,PWRHYDKENXX01,HYDKENXX,1,2030,S2D2,10.61015853312
GLOBAL,PWRHYDKENXX01,HYDKENXX,1,2030,S2D3,10.61015853312
GLOBAL,PWRHYDKENXX01,HYDKENXX,1,2030,S2D4,10.61015853312
GLOBAL,PWRHYDKENXX01,HYDKENXX,1,2030,S2D5,10.61015853312
GLOBAL,PWRHYDKENXX01,HYDKENXX,1,2030,S3D1,14.42867806368
GLOBAL,PWRHYDKENXX01,HYDKENXX,1,2030,S3D2,14.42867806368
GLOBAL,PWRHYDKENXX01,HYDKENXX,1,2030,S3D3,14.42867806368
GLOBAL,PWRHYDKENXX01,HYDKENXX,1,2030,S3D4,14.42867806368
GLOBAL,PWRHYDKENXX01,HYDKENXX,1,2030,S3D5,14.42867806368
GLOBAL,PWRHYDKENXX01,HYDKENXX,1,2031,S1D6,12.23632561824
GLOBAL,PWRHYDKENXX01,HYDKENXX,1,2031,S1D1,12.23632561824
GLOBAL,PWRHYDKENXX01,HYDKENXX,1,2031,S1D2,12.23632561824
GLOBAL,PWRHYDKENXX01,HYDKENXX,1,2031,S1D3,12.23632561824
GLOBAL,PWRHYDKENXX01,HYDKENXX,1,2031,S1D4,12.23632561824
GLOBAL,PWRHYDKENXX01,HYDKENXX,1,2031,S1D5,12.23632561824
GLOBAL,PWRHYDKENXX01,HYDKENXX,1,2031,S2D1,10.61015853312
GLOBAL,PWRHYDKENXX01,HYDKENXX,1,2031,S2D2,10.61015853312
GLOBAL,PWRHYDKENXX01,HYDKENXX,1,2031,S2D3,10.61015853312
GLOBAL,PWRHYDKENXX01,HYDKENXX,1,2031,S2D4,10.61015853312
GLOBAL,PWRHYDKENXX01,HYDKENXX,1,2031,S2D5,10.61015853312
GLOBAL,PWRHYDKENXX01,HYDKENXX,1,2031,S3D6,14.42867806368
GLOBAL,PWRHYDKENXX01,HYDKENXX,1,2031,S3D1,2.8304654354683287
GLOBAL,PWRHYDKENXX01,HYDKENXX,1,2031,S3D2,14.42867806368
GLOBAL,PWRHYDKENXX01,HYDKENXX,1,2031,S3D3,14.42867806368
GLOBAL,PWRHYDKENXX01,HYDKENXX,1,2031,S3D4,14.42867806368
GLOBAL,PWRHYDKENXX01,HYDKENXX,1,2031,S3D5,14.42867806368
GLOBAL,PWRHYDKENXX01,HYDKENXX,1,2032,S1D6,12.23632561824
GLOBAL,PWRHYDKENXX01,HYDKENXX,1,2032,S1D1,12.23632561824
GLOBAL,PWRHYDKENXX01,HYDKENXX,1,2032,S1D2,12.23632561824
GLOBAL,PWRHYDKENXX01,HYDKENXX,1,2032,S1D3,12.23632561824
GLOBAL,PWRHYDKENXX01,HYDKENXX,1,2032,S1D4,12.23632561824
GLOBAL,PWRHYDKENXX01,HYDKENXX,1,2032,S1D5,12.23632561824
GLOBAL,PWRHYDKENXX01,HYDKENXX,1,2032,S2D6,10.61015853312
GLOBAL,PWRHYDKENXX01,HYDKENXX,1,2032,S2D1,10.61015853312
GLOBAL,PWRHYDKENXX01,HYDKENXX,1,2032,S2D2,10.61015853312
GLOBAL,PWRHYDKENXX01,HYDKENXX,1,2032,S2D3,2.8052833586403185
GLOBAL,PWRHYDKENXX01,HYDKENXX,1,2032,S2D4,10.61015853312
GLOBAL,PWRHYDKENXX01,HYDKENXX,1,2032,S2D5,10.61015853312
GLOBAL,PWRHYDKENXX01,HYDKENXX,1,2032,S3D1,14.42867806368
GLOBAL,PWRHYDKENXX01,HYDKENXX,1,2032,S3D2,14.42867806368
GLOBAL,PWRHYDKENXX01,HYDKENXX,1,2032,S3D3,14.42867806368
GLOBAL,PWRHYDKENXX01,HYDKENXX,1,2032,S3D4,14.42867806368
GLOBAL,PWRHYDKENXX01,HYDKENXX,1,2032,S3D5,14.42867806368
GLOBAL,PWRHYDKENXX01,HYDKENXX,1,2033,S1D6,12.23632561824
GLOBAL,PWRHYDKENXX01,HYDKENXX,1,2033,S1D1,12.23632561824
GLOBAL,PWRHYDKENXX01,HYDKENXX,1,2033,S1D2,12.23632561824
GLOBAL,PWRHYDKENXX01,HYDKENXX,1,2033,S1D3,12.23632561824
GLOBAL,PWRHYDKENXX01,HYDKENXX,1,2033,S1D4,12.23632561824
GLOBAL,PWRHYDKENXX01,HYDKENXX,1,2033,S1D5,12.23632561824
GLOBAL,PWRHYDKENXX01,HYDKENXX,1,2033,S2D6,10.61015853312
GLOBAL,PWRHYDKENXX01,HYDKENXX,1,2033,S2D1,10.61015853312
GLOBAL,PWRHYDKENXX01,HYDKENXX,1,2033,S2D2,10.61015853312
GLOBAL,PWRHYDKENXX01,HYDKENXX,1,2033,S2D3,2.8052833586403185
GLOBAL,PWRHYDKENXX01,HYDKENXX,1,2033,S2D4,10.61015853312
GLOBAL,PWRHYDKENXX01,HYDKENXX,1,2033,S2D5,10.61015853312
GLOBAL,PWRHYDKENXX01,HYDKENXX,1,2033,S3D1,14.42867806368
GLOBAL,PWRHYDKENXX01,HYDKENXX,1,2033,S3D2,14.42867806368
GLOBAL,PWRHYDKENXX01,HYDKENXX,1,2033,S3D3,14.42867806368
GLOBAL,PWRHYDKENXX01,HYDKENXX,1,2033,S3D4,14.42867806368
GLOBAL,PWRHYDKENXX01,HYDKENXX,1,2033,S3D5,14.42867806368
GLOBAL,PWRHYDKENXX01,HYDKENXX,1,2034,S1D6,12.23632561824
GLOBAL,PWRHYDKENXX01,HYDKENXX,1,2034,S1D1,12.23632561824
GLOBAL,PWRHYDKENXX01,HYDKENXX,1,2034,S1D2,12.23632561824
GLOBAL,PWRHYDKENXX01,HYDKENXX,1,2034,S1D3,4.23205582251448
GLOBAL,PWRHYDKENXX01,HYDKENXX,1,2034,S1D4,12.23632561824
GLOBAL,PWRHYDKENXX01,HYDKENXX,1,2034,S1D5,12.23632561824
GLOBAL,PWRHYDKENXX01,HYDKENXX,1,2034,S2D6,10.61015853312
GLOBAL,PWRHYDKENXX01,HYDKENXX,1,2034,S2D1,10.61015853312
GLOBAL,PWRHYDKENXX01,HYDKENXX,1,2034,S2D2,10.61015853312
GLOBAL,PWRHYDKENXX01,HYDKENXX,1,2034,S2D3,10.61015853312
GLOBAL,PWRHYDKENXX01,HYDKENXX,1,2034,S2D4,10.61015853312
GLOBAL,PWRHYDKENXX01,HYDKENXX,1,2034,S2D5,10.61015853312
GLOBAL,PWRHYDKENXX01,HYDKENXX,1,2034,S3D1,14.42867806368
GLOBAL,PWRHYDKENXX01,HYDKENXX,1,2034,S3D2,14.42867806368
GLOBAL,PWRHYDKENXX01,HYDKENXX,1,2034,S3D3,14.42867806368
GLOBAL,PWRHYDKENXX01,HYDKENXX,1,2034,S3D4,14.42867806368
GLOBAL,PWRHYDKENXX01,HYDKENXX,1,2034,S3D5,14.42867806368
GLOBAL,PWRHYDKENXX01,HYDKENXX,1,2035,S1D6,12.23632561824
GLOBAL,PWRHYDKENXX01,HYDKENXX,1,2035,S1D1,12.23632561824
GLOBAL,PWRHYDKENXX01,HYDKENXX,1,2035,S1D2,12.23632561824
GLOBAL,PWRHYDKENXX01,HYDKENXX,1,2035,S1D3,12.23632561824
GLOBAL,PWRHYDKENXX01,HYDKENXX,1,2035,S1D4,12.23632561824
GLOBAL,PWRHYDKENXX01,HYDKENXX,1,2035,S1D5,12.23632561824
GLOBAL,PWRHYDKENXX01,HYDKENXX,1,2035,S2D6,10.61015853312
GLOBAL,PWRHYDKENXX01,HYDKENXX,1,2035,S2D2,10.61015853312
GLOBAL,PWRHYDKENXX01,HYDKENXX,1,2035,S2D3,10.61015853312
GLOBAL,PWRHYDKENXX01,HYDKENXX,1,2035,S2D4,10.61015853312
GLOBAL,PWRHYDKENXX01,HYDKENXX,1,2035,S2D5,10.61015853312
GLOBAL,PWRHYDKENXX01,HYDKENXX,1,2035,S3D6,14.42867806368
GLOBAL,PWRHYDKENXX01,HYDKENXX,1,2035,S3D1,14.42867806368
GLOBAL,PWRHYDKENXX01,HYDKENXX,1,2035,S3D2,14.42867806368
GLOBAL,PWRHYDKENXX01,HYDKENXX,1,2035,S3D3,2.8304654354683287
GLOBAL,PWRHYDKENXX01,HYDKENXX,1,2035,S3D4,14.42867806368
GLOBAL,PWRHYDKENXX01,HYDKENXX,1,2035,S3D5,14.42867806368
GLOBAL,PWRHYDKENXX01,HYDKENXX,1,2036,S1D6,12.23632561824
GLOBAL,PWRHYDKENXX01,HYDKENXX,1,2036,S1D1,12.23632561824
GLOBAL,PWRHYDKENXX01,HYDKENXX,1,2036,S1D2,12.23632561824
GLOBAL,PWRHYDKENXX01,HYDKENXX,1,2036,S1D3,12.23632561824
GLOBAL,PWRHYDKENXX01,HYDKENXX,1,2036,S1D4,12.23632561824
GLOBAL,PWRHYDKENXX01,HYDKENXX,1,2036,S1D5,12.23632561824
GLOBAL,PWRHYDKENXX01,HYDKENXX,1,2036,S2D6,10.61015853312
GLOBAL,PWRHYDKENXX01,HYDKENXX,1,2036,S2D1,10.61015853312
GLOBAL,PWRHYDKENXX01,HYDKENXX,1,2036,S2D2,10.61015853312
GLOBAL,PWRHYDKENXX01,HYDKENXX,1,2036,S2D3,2.8052833586403185
GLOBAL,PWRHYDKENXX01,HYDKENXX,1,2036,S2D4,10.61015853312
GLOBAL,PWRHYDKENXX01,HYDKENXX,1,2036,S2D5,10.61015853312
GLOBAL,PWRHYDKENXX01,HYDKENXX,1,2036,S3D1,14.42867806368
GLOBAL,PWRHYDKENXX01,HYDKENXX,1,2036,S3D2,14.42867806368
GLOBAL,PWRHYDKENXX01,HYDKENXX,1,2036,S3D3,14.42867806368
GLOBAL,PWRHYDKENXX01,HYDKENXX,1,2036,S3D4,14.42867806368
GLOBAL,PWRHYDKENXX01,HYDKENXX,1,2036,S3D5,14.42867806368
GLOBAL,PWRHYDKENXX01,HYDKENXX,1,2037,S1D6,12.23632561824
GLOBAL,PWRHYDKENXX01,HYDKENXX,1,2037,S1D1,12.23632561824
GLOBAL,PWRHYDKENXX01,HYDKENXX,1,2037,S1D2,12.23632561824
GLOBAL,PWRHYDKENXX01,HYDKENXX,1,2037,S1D3,12.23632561824
GLOBAL,PWRHYDKENXX01,HYDKENXX,1,2037,S1D4,12.23632561824
GLOBAL,PWRHYDKENXX01,HYDKENXX,1,2037,S1D5,12.23632561824
GLOBAL,PWRHYDKENXX01,HYDKENXX,1,2037,S2D6,10.61015853312
GLOBAL,PWRHYDKENXX01,HYDKENXX,1,2037,S2D1,10.61015853312
GLOBAL,PWRHYDKENXX01,HYDKENXX,1,2037,S2D2,10.61015853312
GLOBAL,PWRHYDKENXX01,HYDKENXX,1,2037,S2D3,2.8052833586403185
GLOBAL,PWRHYDKENXX01,HYDKENXX,1,2037,S2D4,10.61015853312
GLOBAL,PWRHYDKENXX01,HYDKENXX,1,2037,S2D5,10.61015853312
GLOBAL,PWRHYDKENXX01,HYDKENXX,1,2037,S3D1,14.42867806368
GLOBAL,PWRHYDKENXX01,HYDKENXX,1,2037,S3D2,14.42867806368
GLOBAL,PWRHYDKENXX01,HYDKENXX,1,2037,S3D3,14.42867806368
GLOBAL,PWRHYDKENXX01,HYDKENXX,1,2037,S3D4,14.42867806368
GLOBAL,PWRHYDKENXX01,HYDKENXX,1,2037,S3D5,14.42867806368
GLOBAL,PWRHYDKENXX01,HYDKENXX,1,2038,S1D6,12.23632561824
GLOBAL,PWRHYDKENXX01,HYDKENXX,1,2038,S1D1,12.23632561824
GLOBAL,PWRHYDKENXX01,HYDKENXX,1,2038,S1D2,12.23632561824
GLOBAL,PWRHYDKENXX01,HYDKENXX,1,2038,S1D3,12.23632561824
GLOBAL,PWRHYDKENXX01,HYDKENXX,1,2038,S1D4,12.23632561824
GLOBAL,PWRHYDKENXX01,HYDKENXX,1,2038,S1D5,12.23632561824
GLOBAL,PWRHYDKENXX01,HYDKENXX,1,2038,S2D6,10.61015853312
GLOBAL,PWRHYDKENXX01,HYDKENXX,1,2038,S2D1,10.61015853312
GLOBAL,PWRHYDKENXX01,HYDKENXX,1,2038,S2D3,10.61015853312
GLOBAL,PWRHYDKENXX01,HYDKENXX,1,2038,S2D4,10.61015853312
GLOBAL,PWRHYDKENXX01,HYDKENXX,1,2038,S2D5,10.61015853312
GLOBAL,PWRHYDKENXX01,HYDKENXX,1,2038,S3D6,14.42867806368
GLOBAL,PWRHYDKENXX01,HYDKENXX,1,2038,S3D1,14.42867806368
GLOBAL,PWRHYDKENXX01,HYDKENXX,1,2038,S3D2,14.42867806368
GLOBAL,PWRHYDKENXX01,HYDKENXX,1,2038,S3D3,2.8304654354683287
GLOBAL,PWRHYDKENXX01,HYDKENXX,1,2038,S3D4,14.42867806368
GLOBAL,PWRHYDKENXX01,HYDKENXX,1,2038,S3D5,14.42867806368
GLOBAL,PWRHYDKENXX01,HYDKENXX,1,2039,S1D6,12.23632561824
GLOBAL,PWRHYDKENXX01,HYDKENXX,1,2039,S1D1,12.23632561824
GLOBAL,PWRHYDKENXX01,HYDKENXX,1,2039,S1D2,12.23632561824
GLOBAL,PWRHYDKENXX01,HYDKENXX,1,2039,S1D3,12.23632561824
GLOBAL,PWRHYDKENXX01,HYDKENXX,1,2039,S1D4,12.23632561824
GLOBAL,PWRHYDKENXX01,HYDKENXX,1,2039,S1D5,12.23632561824
GLOBAL,PWRHYDKENXX01,HYDKENXX,1,2039,S2D6,10.61015853312
GLOBAL,PWRHYDKENXX01,HYDKENXX,1,2039,S2D1,10.61015853312
GLOBAL,PWRHYDKENXX01,HYDKENXX,1,2039,S2D2,2.8052833586403185
GLOBAL,PWRHYDKENXX01,HYDKENXX,1,2039,S2D3,10.61015853312
GLOBAL,PWRHYDKENXX01,HYDKENXX,1,2039,S2D4,10.61015853312
GLOBAL,PWRHYDKENXX01,HYDKENXX,1,2039,S2D5,10.61015853312
GLOBAL,PWRHYDKENXX01,HYDKENXX,1,2039,S3D6,14.42867806368
GLOBAL,PWRHYDKENXX01,HYDKENXX,1,2039,S3D2,14.42867806368
GLOBAL,PWRHYDKENXX01,HYDKENXX,1,2039,S3D3,14.42867806368
GLOBAL,PWRHYDKENXX01,HYDKENXX,1,2039,S3D4,14.42867806368
GLOBAL,PWRHYDKENXX01,HYDKENXX,1,2039,S3D5,14.42867806368
GLOBAL,PWRHYDKENXX01,HYDKENXX,1,2040,S1D6,12.23632561824
GLOBAL,PWRHYDKENXX01,HYDKENXX,1,2040,S1D1,12.23632561824
GLOBAL,PWRHYDKENXX01,HYDKENXX,1,2040,S1D2,12.23632561824
GLOBAL,PWRHYDKENXX01,HYDKENXX,1,2040,S1D3,11.328852373166162
GLOBAL,PWRHYDKENXX01,HYDKENXX,1,2040,S1D4,12.23632561824
GLOBAL,PWRHYDKENXX01,HYDKENXX,1,2040,S1D5,12.23632561824
GLOBAL,PWRHYDKENXX01,HYDKENXX,1,2040,S2D1,10.61015853312
GLOBAL,PWRHYDKENXX01,HYDKENXX,1,2040,S2D2,10.61015853312
GLOBAL,PWRHYDKENXX01,HYDKENXX,1,2040,S2D4,10.61015853312
GLOBAL,PWRHYDKENXX01,HYDKENXX,1,2040,S2D5,10.61015853312
GLOBAL,PWRHYDKENXX01,HYDKENXX,1,2040,S3D6,14.42867806368
GLOBAL,PWRHYDKENXX01,HYDKENXX,1,2040,S3D1,14.42867806368
GLOBAL,PWRHYDKENXX01,HYDKENXX,1,2040,S3D2,14.42867806368
GLOBAL,PWRHYDKENXX01,HYDKENXX,1,2040,S3D3,14.42867806368
GLOBAL,PWRHYDKENXX01,HYDKENXX,1,2040,S3D4,14.42867806368
GLOBAL,PWRHYDKENXX01,HYDKENXX,1,2040,S3D5,14.42867806368
GLOBAL,PWRHYDKENXX01,HYDKENXX,1,2041,S1D6,12.23632561824
GLOBAL,PWRHYDKENXX01,HYDKENXX,1,2041,S1D1,12.23632561824
GLOBAL,PWRHYDKENXX01,HYDKENXX,1,2041,S1D2,12.23632561824
GLOBAL,PWRHYDKENXX01,HYDKENXX,1,2041,S1D3,11.328852373166162
GLOBAL,PWRHYDKENXX01,HYDKENXX,1,2041,S1D4,12.23632561824
GLOBAL,PWRHYDKENXX01,HYDKENXX,1,2041,S1D5,12.23632561824
GLOBAL,PWRHYDKENXX01,HYDKENXX,1,2041,S2D1,10.61015853312
GLOBAL,PWRHYDKENXX01,HYDKENXX,1,2041,S2D2,10.61015853312
GLOBAL,PWRHYDKENXX01,HYDKENXX,1,2041,S2D4,10.61015853312
GLOBAL,PWRHYDKENXX01,HYDKENXX,1,2041,S2D5,10.61015853312
GLOBAL,PWRHYDKENXX01,HYDKENXX,1,2041,S3D6,14.42867806368
GLOBAL,PWRHYDKENXX01,HYDKENXX,1,2041,S3D1,14.42867806368
GLOBAL,PWRHYDKENXX01,HYDKENXX,1,2041,S3D2,14.42867806368
GLOBAL,PWRHYDKENXX01,HYDKENXX,1,2041,S3D3,14.42867806368
GLOBAL,PWRHYDKENXX01,HYDKENXX,1,2041,S3D4,14.42867806368
GLOBAL,PWRHYDKENXX01,HYDKENXX,1,2041,S3D5,14.42867806368
GLOBAL,PWRHYDKENXX01,HYDKENXX,1,2042,S1D6,12.23632561824
GLOBAL,PWRHYDKENXX01,HYDKENXX,1,2042,S1D1,12.23632561824
GLOBAL,PWRHYDKENXX01,HYDKENXX,1,2042,S1D2,12.23632561824
GLOBAL,PWRHYDKENXX01,HYDKENXX,1,2042,S1D3,12.23632561824
GLOBAL,PWRHYDKENXX01,HYDKENXX,1,2042,S1D4,12.23632561824
GLOBAL,PWRHYDKENXX01,HYDKENXX,1,2042,S1D5,12.23632561824
GLOBAL,PWRHYDKENXX01,HYDKENXX,1,2042,S2D6,10.61015853312
GLOBAL,PWRHYDKENXX01,HYDKENXX,1,2042,S2D1,10.61015853312
GLOBAL,PWRHYDKENXX01,HYDKENXX,1,2042,S2D2,10.61015853312
GLOBAL,PWRHYDKENXX01,HYDKENXX,1,2042,S2D3,2.8052833586403185
GLOBAL,PWRHYDKENXX01,HYDKENXX,1,2042,S2D4,10.61015853312
GLOBAL,PWRHYDKENXX01,HYDKENXX,1,2042,S2D5,10.61015853312
GLOBAL,PWRHYDKENXX01,HYDKENXX,1,2042,S3D6,14.42867806368
GLOBAL,PWRHYDKENXX01,HYDKENXX,1,2042,S3D2,14.42867806368
GLOBAL,PWRHYDKENXX01,HYDKENXX,1,2042,S3D3,14.42867806368
GLOBAL,PWRHYDKENXX01,HYDKENXX,1,2042,S3D4,14.42867806368
GLOBAL,PWRHYDKENXX01,HYDKENXX,1,2042,S3D5,14.42867806368
GLOBAL,PWRHYDKENXX01,HYDKENXX,1,2043,S1D6,12.23632561824
GLOBAL,PWRHYDKENXX01,HYDKENXX,1,2043,S1D1,12.23632561824
GLOBAL,PWRHYDKENXX01,HYDKENXX,1,2043,S1D2,12.23632561824
GLOBAL,PWRHYDKENXX01,HYDKENXX,1,2043,S1D3,12.23632561824
GLOBAL,PWRHYDKENXX01,HYDKENXX,1,2043,S1D4,12.23632561824
GLOBAL,PWRHYDKENXX01,HYDKENXX,1,2043,S1D5,12.23632561824
GLOBAL,PWRHYDKENXX01,HYDKENXX,1,2043,S2D6,10.61015853312
GLOBAL,PWRHYDKENXX01,HYDKENXX,1,2043,S2D1,10.61015853312
GLOBAL,PWRHYDKENXX01,HYDKENXX,1,2043,S2D2,10.61015853312
GLOBAL,PWRHYDKENXX01,HYDKENXX,1,2043,S2D3,10.61015853312
GLOBAL,PWRHYDKENXX01,HYDKENXX,1,2043,S2D4,10.61015853312
GLOBAL,PWRHYDKENXX01,HYDKENXX,1,2043,S2D5,10.61015853312
GLOBAL,PWRHYDKENXX01,HYDKENXX,1,2043,S3D6,14.42867806368
GLOBAL,PWRHYDKENXX01,HYDKENXX,1,2043,S3D1,14.42867806368
GLOBAL,PWRHYDKENXX01,HYDKENXX,1,2043,S3D2,6.553741173091889
GLOBAL,PWRHYDKENXX01,HYDKENXX,1,2043,S3D4,14.42867806368
GLOBAL,PWRHYDKENXX01,HYDKENXX,1,2043,S3D5,14.42867806368
GLOBAL,PWRHYDKENXX01,HYDKENXX,1,2044,S1D6,12.23632561824
GLOBAL,PWRHYDKENXX01,HYDKENXX,1,2044,S1D1,12.23632561824
GLOBAL,PWRHYDKENXX01,HYDKENXX,1,2044,S1D2,12.23632561824
GLOBAL,PWRHYDKENXX01,HYDKENXX,1,2044,S1D3,12.23632561824
GLOBAL,PWRHYDKENXX01,HYDKENXX,1,2044,S1D4,12.23632561824
GLOBAL,PWRHYDKENXX01,HYDKENXX,1,2044,S1D5,12.23632561824
GLOBAL,PWRHYDKENXX01,HYDKENXX,1,2044,S2D6,10.61015853312
GLOBAL,PWRHYDKENXX01,HYDKENXX,1,2044,S2D1,10.61015853312
GLOBAL,PWRHYDKENXX01,HYDKENXX,1,2044,S2D2,10.61015853312
GLOBAL,PWRHYDKENXX01,HYDKENXX,1,2044,S2D3,2.8052833586403185
GLOBAL,PWRHYDKENXX01,HYDKENXX,1,2044,S2D4,10.61015853312
GLOBAL,PWRHYDKENXX01,HYDKENXX,1,2044,S2D5,10.61015853312
GLOBAL,PWRHYDKENXX01,HYDKENXX,1,2044,S3D6,14.42867806368
GLOBAL,PWRHYDKENXX01,HYDKENXX,1,2044,S3D1,14.42867806368
GLOBAL,PWRHYDKENXX01,HYDKENXX,1,2044,S3D2,14.42867806368
GLOBAL,PWRHYDKENXX01,HYDKENXX,1,2044,S3D4,14.42867806368
GLOBAL,PWRHYDKENXX01,HYDKENXX,1,2044,S3D5,14.42867806368
GLOBAL,PWRHYDKENXX01,HYDKENXX,1,2045,S1D6,12.23632561824
GLOBAL,PWRHYDKENXX01,HYDKENXX,1,2045,S1D2,12.23632561824
GLOBAL,PWRHYDKENXX01,HYDKENXX,1,2045,S1D3,12.23632561824
GLOBAL,PWRHYDKENXX01,HYDKENXX,1,2045,S1D4,12.23632561824
GLOBAL,PWRHYDKENXX01,HYDKENXX,1,2045,S1D5,12.23632561824
GLOBAL,PWRHYDKENXX01,HYDKENXX,1,2045,S2D6,10.61015853312
GLOBAL,PWRHYDKENXX01,HYDKENXX,1,2045,S2D1,10.61015853312
GLOBAL,PWRHYDKENXX01,HYDKENXX,1,2045,S2D2,10.61015853312
GLOBAL,PWRHYDKENXX01,HYDKENXX,1,2045,S2D3,10.61015853312
GLOBAL,PWRHYDKENXX01,HYDKENXX,1,2045,S2D4,10.61015853312
GLOBAL,PWRHYDKENXX01,HYDKENXX,1,2045,S2D5,0.4364804357324083
GLOBAL,PWRHYDKENXX01,HYDKENXX,1,2045,S3D6,14.42867806368
GLOBAL,PWRHYDKENXX01,HYDKENXX,1,2045,S3D1,14.42867806368
GLOBAL,PWRHYDKENXX01,HYDKENXX,1,2045,S3D2,14.42867806368
GLOBAL,PWRHYDKENXX01,HYDKENXX,1,2045,S3D3,14.42867806368
GLOBAL,PWRHYDKENXX01,HYDKENXX,1,2045,S3D4,14.42867806368
GLOBAL,PWRHYDKENXX01,HYDKENXX,1,2045,S3D5,14.42867806368
GLOBAL,PWRHYDKENXX01,HYDKENXX,1,2046,S1D6,12.23632561824
GLOBAL,PWRHYDKENXX01,HYDKENXX,1,2046,S1D1,12.23632561824
GLOBAL,PWRHYDKENXX01,HYDKENXX,1,2046,S1D2,11.328852373166162
GLOBAL,PWRHYDKENXX01,HYDKENXX,1,2046,S1D3,12.23632561824
GLOBAL,PWRHYDKENXX01,HYDKENXX,1,2046,S1D4,12.23632561824
GLOBAL,PWRHYDKENXX01,HYDKENXX,1,2046,S1D5,12.23632561824
GLOBAL,PWRHYDKENXX01,HYDKENXX,1,2046,S2D1,10.61015853312
GLOBAL,PWRHYDKENXX01,HYDKENXX,1,2046,S2D2,10.61015853312
GLOBAL,PWRHYDKENXX01,HYDKENXX,1,2046,S2D3,10.61015853312
GLOBAL,PWRHYDKENXX01,HYDKENXX,1,2046,S2D4,10.61015853312
GLOBAL,PWRHYDKENXX01,HYDKENXX,1,2046,S3D6,14.42867806368
GLOBAL,PWRHYDKENXX01,HYDKENXX,1,2046,S3D1,14.42867806368
GLOBAL,PWRHYDKENXX01,HYDKENXX,1,2046,S3D2,14.42867806368
GLOBAL,PWRHYDKENXX01,HYDKENXX,1,2046,S3D3,14.42867806368
GLOBAL,PWRHYDKENXX01,HYDKENXX,1,2046,S3D4,14.42867806368
GLOBAL,PWRHYDKENXX01,HYDKENXX,1,2046,S3D5,14.42867806368
GLOBAL,PWRHYDKENXX01,HYDKENXX,1,2047,S1D6,11.328852373166162
GLOBAL,PWRHYDKENXX01,HYDKENXX,1,2047,S1D1,12.23632561824
GLOBAL,PWRHYDKENXX01,HYDKENXX,1,2047,S1D2,12.23632561824
GLOBAL,PWRHYDKENXX01,HYDKENXX,1,2047,S1D3,12.23632561824
GLOBAL,PWRHYDKENXX01,HYDKENXX,1,2047,S1D4,12.23632561824
GLOBAL,PWRHYDKENXX01,HYDKENXX,1,2047,S1D5,12.23632561824
GLOBAL,PWRHYDKENXX01,HYDKENXX,1,2047,S2D1,10.61015853312
GLOBAL,PWRHYDKENXX01,HYDKENXX,1,2047,S2D2,10.61015853312
GLOBAL,PWRHYDKENXX01,HYDKENXX,1,2047,S2D3,10.61015853312
GLOBAL,PWRHYDKENXX01,HYDKENXX,1,2047,S2D4,10.61015853312
GLOBAL,PWRHYDKENXX01,HYDKENXX,1,2047,S3D6,14.42867806368
GLOBAL,PWRHYDKENXX01,HYDKENXX,1,2047,S3D1,14.42867806368
GLOBAL,PWRHYDKENXX01,HYDKENXX,1,2047,S3D2,14.42867806368
GLOBAL,PWRHYDKENXX01,HYDKENXX,1,2047,S3D3,14.42867806368
GLOBAL,PWRHYDKENXX01,HYDKENXX,1,2047,S3D4,14.42867806368
GLOBAL,PWRHYDKENXX01,HYDKENXX,1,2047,S3D5,14.42867806368
GLOBAL,PWRHYDKENXX01,HYDKENXX,1,2048,S1D6,11.328852373166162
GLOBAL,PWRHYDKENXX01,HYDKENXX,1,2048,S1D1,12.23632561824
GLOBAL,PWRHYDKENXX01,HYDKENXX,1,2048,S1D2,12.23632561824
GLOBAL,PWRHYDKENXX01,HYDKENXX,1,2048,S1D3,12.23632561824
GLOBAL,PWRHYDKENXX01,HYDKENXX,1,2048,S1D4,12.23632561824
GLOBAL,PWRHYDKENXX01,HYDKENXX,1,2048,S1D5,12.23632561824
GLOBAL,PWRHYDKENXX01,HYDKENXX,1,2048,S2D1,10.61015853312
GLOBAL,PWRHYDKENXX01,HYDKENXX,1,2048,S2D2,10.61015853312
GLOBAL,PWRHYDKENXX01,HYDKENXX,1,2048,S2D3,10.61015853312
GLOBAL,PWRHYDKENXX01,HYDKENXX,1,2048,S2D4,10.61015853312
GLOBAL,PWRHYDKENXX01,HYDKENXX,1,2048,S3D6,14.42867806368
GLOBAL,PWRHYDKENXX01,HYDKENXX,1,2048,S3D1,14.42867806368
GLOBAL,PWRHYDKENXX01,HYDKENXX,1,2048,S3D2,14.42867806368
GLOBAL,PWRHYDKENXX01,HYDKENXX,1,2048,S3D3,14.42867806368
GLOBAL,PWRHYDKENXX01,HYDKENXX,1,2048,S3D4,14.42867806368
GLOBAL,PWRHYDKENXX01,HYDKENXX,1,2048,S3D5,14.42867806368
GLOBAL,PWRHYDKENXX01,HYDKENXX,1,2049,S1D6,11.328852373166162
GLOBAL,PWRHYDKENXX01,HYDKENXX,1,2049,S1D1,12.23632561824
GLOBAL,PWRHYDKENXX01,HYDKENXX,1,2049,S1D2,12.23632561824
GLOBAL,PWRHYDKENXX01,HYDKENXX,1,2049,S1D3,12.23632561824
GLOBAL,PWRHYDKENXX01,HYDKENXX,1,2049,S1D4,12.23632561824
GLOBAL,PWRHYDKENXX01,HYDKENXX,1,2049,S1D5,12.23632561824
GLOBAL,PWRHYDKENXX01,HYDKENXX,1,2049,S2D1,10.61015853312
GLOBAL,PWRHYDKENXX01,HYDKENXX,1,2049,S2D2,10.61015853312
GLOBAL,PWRHYDKENXX01,HYDKENXX,1,2049,S2D3,10.61015853312
GLOBAL,PWRHYDKENXX01,HYDKENXX,1,2049,S2D4,10.61015853312
GLOBAL,PWRHYDKENXX01,HYDKENXX,1,2049,S3D6,14.42867806368
GLOBAL,PWRHYDKENXX01,HYDKENXX,1,2049,S3D1,14.42867806368
GLOBAL,PWRHYDKENXX01,HYDKENXX,1,2049,S3D2,14.42867806368
GLOBAL,PWRHYDKENXX01,HYDKENXX,1,2049,S3D3,14.42867806368
GLOBAL,PWRHYDKENXX01,HYDKENXX,1,2049,S3D4,14.42867806368
GLOBAL,PWRHYDKENXX01,HYDKENXX,1,2049,S3D5,14.42867806368
GLOBAL,PWRHYDKENXX01,HYDKENXX,1,2050,S1D6,11.328852373166162
GLOBAL,PWRHYDKENXX01,HYDKENXX,1,2050,S1D1,12.23632561824
GLOBAL,PWRHYDKENXX01,HYDKENXX,1,2050,S1D2,12.23632561824
GLOBAL,PWRHYDKENXX01,HYDKENXX,1,2050,S1D3,12.23632561824
GLOBAL,PWRHYDKENXX01,HYDKENXX,1,2050,S1D4,12.23632561824
GLOBAL,PWRHYDKENXX01,HYDKENXX,1,2050,S1D5,12.23632561824
GLOBAL,PWRHYDKENXX01,HYDKENXX,1,2050,S2D1,10.61015853312
GLOBAL,PWRHYDKENXX01,HYDKENXX,1,2050,S2D2,10.61015853312
GLOBAL,PWRHYDKENXX01,HYDKENXX,1,2050,S2D3,10.61015853312
GLOBAL,PWRHYDKENXX01,HYDKENXX,1,2050,S2D4,10.61015853312
GLOBAL,PWRHYDKENXX01,HYDKENXX,1,2050,S3D6,14.42867806368
GLOBAL,PWRHYDKENXX01,HYDKENXX,1,2050,S3D1,14.42867806368
GLOBAL,PWRHYDKENXX01,HYDKENXX,1,2050,S3D2,14.42867806368
GLOBAL,PWRHYDKENXX01,HYDKENXX,1,2050,S3D3,14.42867806368
GLOBAL,PWRHYDKENXX01,HYDKENXX,1,2050,S3D4,14.42867806368
GLOBAL,PWRHYDKENXX01,HYDKENXX,1,2050,S3D5,14.42867806368
GLOBAL,PWRHYDTZAXX01,HYDTZAXX,1,2021,S1D6,10.107431219477949
GLOBAL,PWRHYDTZAXX01,HYDTZAXX,1,2021,S1D1,10.107431219477949
GLOBAL,PWRHYDTZAXX01,HYDTZAXX,1,2021,S1D2,10.107431219477949
GLOBAL,PWRHYDTZAXX01,HYDTZAXX,1,2021,S1D3,10.107431219477949
GLOBAL,PWRHYDTZAXX01,HYDTZAXX,1,2021,S1D4,10.107431219477949
GLOBAL,PWRHYDTZAXX01,HYDTZAXX,1,2021,S1D5,10.107431219477949
GLOBAL,PWRHYDTZAXX01,HYDTZAXX,1,2021,S2D6,5.325200496
GLOBAL,PWRHYDTZAXX01,HYDTZAXX,1,2021,S2D1,5.325200496
GLOBAL,PWRHYDTZAXX01,HYDTZAXX,1,2021,S2D2,5.325200496
GLOBAL,PWRHYDTZAXX01,HYDTZAXX,1,2021,S2D3,5.325200496
GLOBAL,PWRHYDTZAXX01,HYDTZAXX,1,2021,S2D4,5.325200496
GLOBAL,PWRHYDTZAXX01,HYDTZAXX,1,2021,S2D5,5.325200496
GLOBAL,PWRHYDTZAXX01,HYDTZAXX,1,2021,S3D6,7.0200649728
GLOBAL,PWRHYDTZAXX01,HYDTZAXX,1,2021,S3D1,7.0200649728
GLOBAL,PWRHYDTZAXX01,HYDTZAXX,1,2021,S3D2,7.0200649728
GLOBAL,PWRHYDTZAXX01,HYDTZAXX,1,2021,S3D3,7.0200649728
GLOBAL,PWRHYDTZAXX01,HYDTZAXX,1,2021,S3D4,7.0200649728
GLOBAL,PWRHYDTZAXX01,HYDTZAXX,1,2021,S3D5,7.0200649728
GLOBAL,PWRHYDTZAXX01,HYDTZAXX,1,2022,S1D6,10.107431219477949
GLOBAL,PWRHYDTZAXX01,HYDTZAXX,1,2022,S1D1,10.107431219477949
GLOBAL,PWRHYDTZAXX01,HYDTZAXX,1,2022,S1D2,10.107431219477949
GLOBAL,PWRHYDTZAXX01,HYDTZAXX,1,2022,S1D3,10.107431219477949
GLOBAL,PWRHYDTZAXX01,HYDTZAXX,1,2022,S1D4,10.107431219477949
GLOBAL,PWRHYDTZAXX01,HYDTZAXX,1,2022,S1D5,10.107431219477949
GLOBAL,PWRHYDTZAXX01,HYDTZAXX,1,2022,S2D6,5.325200496
GLOBAL,PWRHYDTZAXX01,HYDTZAXX,1,2022,S2D1,5.325200496
GLOBAL,PWRHYDTZAXX01,HYDTZAXX,1,2022,S2D2,5.325200496
GLOBAL,PWRHYDTZAXX01,HYDTZAXX,1,2022,S2D3,5.325200496
GLOBAL,PWRHYDTZAXX01,HYDTZAXX,1,2022,S2D4,5.325200496
GLOBAL,PWRHYDTZAXX01,HYDTZAXX,1,2022,S2D5,5.325200496
GLOBAL,PWRHYDTZAXX01,HYDTZAXX,1,2022,S3D6,7.0200649728
GLOBAL,PWRHYDTZAXX01,HYDTZAXX,1,2022,S3D1,7.0200649728
GLOBAL,PWRHYDTZAXX01,HYDTZAXX,1,2022,S3D2,7.0200649728
GLOBAL,PWRHYDTZAXX01,HYDTZAXX,1,2022,S3D3,7.0200649728
GLOBAL,PWRHYDTZAXX01,HYDTZAXX,1,2022,S3D4,7.0200649728
GLOBAL,PWRHYDTZAXX01,HYDTZAXX,1,2022,S3D5,7.0200649728
GLOBAL,PWRHYDTZAXX01,HYDTZAXX,1,2023,S1D6,10.107431219477949
GLOBAL,PWRHYDTZAXX01,HYDTZAXX,1,2023,S1D1,10.107431219477949
GLOBAL,PWRHYDTZAXX01,HYDTZAXX,1,2023,S1D2,10.107431219477949
GLOBAL,PWRHYDTZAXX01,HYDTZAXX,1,2023,S1D3,10.107431219477949
GLOBAL,PWRHYDTZAXX01,HYDTZAXX,1,2023,S1D4,10.107431219477949
GLOBAL,PWRHYDTZAXX01,HYDTZAXX,1,2023,S1D5,10.107431219477949
GLOBAL,PWRHYDTZAXX01,HYDTZAXX,1,2023,S2D6,5.325200496
GLOBAL,PWRHYDTZAXX01,HYDTZAXX,1,2023,S2D1,5.325200496
GLOBAL,PWRHYDTZAXX01,HYDTZAXX,1,2023,S2D2,5.325200496
GLOBAL,PWRHYDTZAXX01,HYDTZAXX,1,2023,S2D3,5.325200496
GLOBAL,PWRHYDTZAXX01,HYDTZAXX,1,2023,S2D4,5.325200496
GLOBAL,PWRHYDTZAXX01,HYDTZAXX,1,2023,S2D5,5.325200496
GLOBAL,PWRHYDTZAXX01,HYDTZAXX,1,2023,S3D6,7.0200649728
GLOBAL,PWRHYDTZAXX01,HYDTZAXX,1,2023,S3D1,7.0200649728
GLOBAL,PWRHYDTZAXX01,HYDTZAXX,1,2023,S3D2,7.0200649728
GLOBAL,PWRHYDTZAXX01,HYDTZAXX,1,2023,S3D3,7.0200649728
GLOBAL,PWRHYDTZAXX01,HYDTZAXX,1,2023,S3D4,7.0200649728
GLOBAL,PWRHYDTZAXX01,HYDTZAXX,1,2023,S3D5,7.0200649728
GLOBAL,PWRHYDTZAXX01,HYDTZAXX,1,2024,S1D6,10.107431219477949
GLOBAL,PWRHYDTZAXX01,HYDTZAXX,1,2024,S1D1,10.107431219477949
GLOBAL,PWRHYDTZAXX01,HYDTZAXX,1,2024,S1D2,10.107431219477949
GLOBAL,PWRHYDTZAXX01,HYDTZAXX,1,2024,S1D3,10.107431219477949
GLOBAL,PWRHYDTZAXX01,HYDTZAXX,1,2024,S1D4,10.107431219477949
GLOBAL,PWRHYDTZAXX01,HYDTZAXX,1,2024,S1D5,10.107431219477949
GLOBAL,PWRHYDTZAXX01,HYDTZAXX,1,2024,S2D6,5.325200496
GLOBAL,PWRHYDTZAXX01,HYDTZAXX,1,2024,S2D1,5.325200496
GLOBAL,PWRHYDTZAXX01,HYDTZAXX,1,2024,S2D2,5.325200496
GLOBAL,PWRHYDTZAXX01,HYDTZAXX,1,2024,S2D3,5.325200496
GLOBAL,PWRHYDTZAXX01,HYDTZAXX,1,2024,S2D4,5.325200496
GLOBAL,PWRHYDTZAXX01,HYDTZAXX,1,2024,S2D5,5.325200496
GLOBAL,PWRHYDTZAXX01,HYDTZAXX,1,2024,S3D6,7.0200649728
GLOBAL,PWRHYDTZAXX01,HYDTZAXX,1,2024,S3D1,7.0200649728
GLOBAL,PWRHYDTZAXX01,HYDTZAXX,1,2024,S3D2,7.0200649728
GLOBAL,PWRHYDTZAXX01,HYDTZAXX,1,2024,S3D3,7.0200649728
GLOBAL,PWRHYDTZAXX01,HYDTZAXX,1,2024,S3D4,7.0200649728
GLOBAL,PWRHYDTZAXX01,HYDTZAXX,1,2024,S3D5,7.0200649728
GLOBAL,PWRHYDTZAXX01,HYDTZAXX,1,2025,S1D6,10.107431219477949
GLOBAL,PWRHYDTZAXX01,HYDTZAXX,1,2025,S1D1,10.107431219477949
GLOBAL,PWRHYDTZAXX01,HYDTZAXX,1,2025,S1D2,10.107431219477949
GLOBAL,PWRHYDTZAXX01,HYDTZAXX,1,2025,S1D3,10.107431219477949
GLOBAL,PWRHYDTZAXX01,HYDTZAXX,1,2025,S1D4,10.107431219477949
GLOBAL,PWRHYDTZAXX01,HYDTZAXX,1,2025,S1D5,10.107431219477949
GLOBAL,PWRHYDTZAXX01,HYDTZAXX,1,2025,S2D6,5.325200496
GLOBAL,PWRHYDTZAXX01,HYDTZAXX,1,2025,S2D1,5.325200496
GLOBAL,PWRHYDTZAXX01,HYDTZAXX,1,2025,S2D2,5.325200496
GLOBAL,PWRHYDTZAXX01,HYDTZAXX,1,2025,S2D3,5.325200496
GLOBAL,PWRHYDTZAXX01,HYDTZAXX,1,2025,S2D4,5.325200496
GLOBAL,PWRHYDTZAXX01,HYDTZAXX,1,2025,S2D5,5.325200496
GLOBAL,PWRHYDTZAXX01,HYDTZAXX,1,2025,S3D6,7.0200649728
GLOBAL,PWRHYDTZAXX01,HYDTZAXX,1,2025,S3D1,7.0200649728
GLOBAL,PWRHYDTZAXX01,HYDTZAXX,1,2025,S3D2,7.0200649728
GLOBAL,PWRHYDTZAXX01,HYDTZAXX,1,2025,S3D3,7.0200649728
GLOBAL,PWRHYDTZAXX01,HYDTZAXX,1,2025,S3D4,7.0200649728
GLOBAL,PWRHYDTZAXX01,HYDTZAXX,1,2025,S3D5,7.0200649728
GLOBAL,PWRHYDTZAXX01,HYDTZAXX,1,2026,S1D6,10.107431219477949
GLOBAL,PWRHYDTZAXX01,HYDTZAXX,1,2026,S1D1,10.107431219477949
GLOBAL,PWRHYDTZAXX01,HYDTZAXX,1,2026,S1D2,10.107431219477949
GLOBAL,PWRHYDTZAXX01,HYDTZAXX,1,2026,S1D3,10.107431219477949
GLOBAL,PWRHYDTZAXX01,HYDTZAXX,1,2026,S1D4,10.107431219477949
GLOBAL,PWRHYDTZAXX01,HYDTZAXX,1,2026,S1D5,10.107431219477949
GLOBAL,PWRHYDTZAXX01,HYDTZAXX,1,2026,S2D6,5.325200496
GLOBAL,PWRHYDTZAXX01,HYDTZAXX,1,2026,S2D1,5.325200496
GLOBAL,PWRHYDTZAXX01,HYDTZAXX,1,2026,S2D2,5.325200496
GLOBAL,PWRHYDTZAXX01,HYDTZAXX,1,2026,S2D3,5.325200496
GLOBAL,PWRHYDTZAXX01,HYDTZAXX,1,2026,S2D4,5.325200496
GLOBAL,PWRHYDTZAXX01,HYDTZAXX,1,2026,S2D5,5.325200496
GLOBAL,PWRHYDTZAXX01,HYDTZAXX,1,2026,S3D6,7.0200649728
GLOBAL,PWRHYDTZAXX01,HYDTZAXX,1,2026,S3D1,7.0200649728
GLOBAL,PWRHYDTZAXX01,HYDTZAXX,1,2026,S3D2,7.0200649728
GLOBAL,PWRHYDTZAXX01,HYDTZAXX,1,2026,S3D3,7.0200649728
GLOBAL,PWRHYDTZAXX01,HYDTZAXX,1,2026,S3D4,7.0200649728
GLOBAL,PWRHYDTZAXX01,HYDTZAXX,1,2026,S3D5,7.0200649728
GLOBAL,PWRHYDTZAXX01,HYDTZAXX,1,2027,S1D6,10.107431219477949
GLOBAL,PWRHYDTZAXX01,HYDTZAXX,1,2027,S1D1,10.107431219477949
GLOBAL,PWRHYDTZAXX01,HYDTZAXX,1,2027,S1D2,10.107431219477949
GLOBAL,PWRHYDTZAXX01,HYDTZAXX,1,2027,S1D3,10.107431219477949
GLOBAL,PWRHYDTZAXX01,HYDTZAXX,1,2027,S1D4,10.107431219477949
GLOBAL,PWRHYDTZAXX01,HYDTZAXX,1,2027,S1D5,10.107431219477949
GLOBAL,PWRHYDTZAXX01,HYDTZAXX,1,2027,S2D6,5.325200496
GLOBAL,PWRHYDTZAXX01,HYDTZAXX,1,2027,S2D1,5.325200496
GLOBAL,PWRHYDTZAXX01,HYDTZAXX,1,2027,S2D2,5.325200496
GLOBAL,PWRHYDTZAXX01,HYDTZAXX,1,2027,S2D3,5.325200496
GLOBAL,PWRHYDTZAXX01,HYDTZAXX,1,2027,S2D4,5.325200496
GLOBAL,PWRHYDTZAXX01,HYDTZAXX,1,2027,S2D5,5.325200496
GLOBAL,PWRHYDTZAXX01,HYDTZAXX,1,2027,S3D6,7.0200649728
GLOBAL,PWRHYDTZAXX01,HYDTZAXX,1,2027,S3D1,7.0200649728
GLOBAL,PWRHYDTZAXX01,HYDTZAXX,1,2027,S3D2,7.0200649728
GLOBAL,PWRHYDTZAXX01,HYDTZAXX,1,2027,S3D3,7.0200649728
GLOBAL,PWRHYDTZAXX01,HYDTZAXX,1,2027,S3D4,7.0200649728
GLOBAL,PWRHYDTZAXX01,HYDTZAXX,1,2027,S3D5,7.0200649728
GLOBAL,PWRHYDTZAXX01,HYDTZAXX,1,2028,S1D6,10.107431219477949
GLOBAL,PWRHYDTZAXX01,HYDTZAXX,1,2028,S1D1,10.107431219477949
GLOBAL,PWRHYDTZAXX01,HYDTZAXX,1,2028,S1D2,10.107431219477949
GLOBAL,PWRHYDTZAXX01,HYDTZAXX,1,2028,S1D3,10.107431219477949
GLOBAL,PWRHYDTZAXX01,HYDTZAXX,1,2028,S1D4,10.107431219477949
GLOBAL,PWRHYDTZAXX01,HYDTZAXX,1,2028,S1D5,10.107431219477949
GLOBAL,PWRHYDTZAXX01,HYDTZAXX,1,2028,S2D6,5.325200496
GLOBAL,PWRHYDTZAXX01,HYDTZAXX,1,2028,S2D1,5.325200496
GLOBAL,PWRHYDTZAXX01,HYDTZAXX,1,2028,S2D2,5.325200496
GLOBAL,PWRHYDTZAXX01,HYDTZAXX,1,2028,S2D3,5.325200496
GLOBAL,PWRHYDTZAXX01,HYDTZAXX,1,2028,S2D4,5.325200496
GLOBAL,PWRHYDTZAXX01,HYDTZAXX,1,2028,S2D5,5.325200496
GLOBAL,PWRHYDTZAXX01,HYDTZAXX,1,2028,S3D6,7.0200649728
GLOBAL,PWRHYDTZAXX01,HYDTZAXX,1,2028,S3D1,7.0200649728
GLOBAL,PWRHYDTZAXX01,HYDTZAXX,1,2028,S3D2,7.0200649728
GLOBAL,PWRHYDTZAXX01,HYDTZAXX,1,2028,S3D3,7.0200649728
GLOBAL,PWRHYDTZAXX01,HYDTZAXX,1,2028,S3D4,7.0200649728
GLOBAL,PWRHYDTZAXX01,HYDTZAXX,1,2028,S3D5,7.0200649728
GLOBAL,PWRHYDTZAXX01,HYDTZAXX,1,2029,S1D6,10.107431219477949
GLOBAL,PWRHYDTZAXX01,HYDTZAXX,1,2029,S1D1,10.107431219477949
GLOBAL,PWRHYDTZAXX01,HYDTZAXX,1,2029,S1D2,10.107431219477949
GLOBAL,PWRHYDTZAXX01,HYDTZAXX,1,2029,S1D3,10.107431219477949
GLOBAL,PWRHYDTZAXX01,HYDTZAXX,1,2029,S1D4,10.107431219477949
GLOBAL,PWRHYDTZAXX01,HYDTZAXX,1,2029,S1D5,10.107431219477949
GLOBAL,PWRHYDTZAXX01,HYDTZAXX,1,2029,S2D6,5.325200496
GLOBAL,PWRHYDTZAXX01,HYDTZAXX,1,2029,S2D1,5.325200496
GLOBAL,PWRHYDTZAXX01,HYDTZAXX,1,2029,S2D2,5.325200496
GLOBAL,PWRHYDTZAXX01,HYDTZAXX,1,2029,S2D3,5.325200496
GLOBAL,PWRHYDTZAXX01,HYDTZAXX,1,2029,S2D4,5.325200496
GLOBAL,PWRHYDTZAXX01,HYDTZAXX,1,2029,S2D5,5.325200496
GLOBAL,PWRHYDTZAXX01,HYDTZAXX,1,2029,S3D6,7.0200649728
GLOBAL,PWRHYDTZAXX01,HYDTZAXX,1,2029,S3D1,7.0200649728
GLOBAL,PWRHYDTZAXX01,HYDTZAXX,1,2029,S3D2,7.0200649728
GLOBAL,PWRHYDTZAXX01,HYDTZAXX,1,2029,S3D3,7.0200649728
GLOBAL,PWRHYDTZAXX01,HYDTZAXX,1,2029,S3D4,7.0200649728
GLOBAL,PWRHYDTZAXX01,HYDTZAXX,1,2029,S3D5,7.0200649728
GLOBAL,PWRHYDTZAXX01,HYDTZAXX,1,2030,S1D6,10.107431219477949
GLOBAL,PWRHYDTZAXX01,HYDTZAXX,1,2030,S1D1,10.107431219477949
GLOBAL,PWRHYDTZAXX01,HYDTZAXX,1,2030,S1D2,10.107431219477949
GLOBAL,PWRHYDTZAXX01,HYDTZAXX,1,2030,S1D3,10.107431219477949
GLOBAL,PWRHYDTZAXX01,HYDTZAXX,1,2030,S1D4,10.107431219477949
GLOBAL,PWRHYDTZAXX01,HYDTZAXX,1,2030,S1D5,10.107431219477949
GLOBAL,PWRHYDTZAXX01,HYDTZAXX,1,2030,S2D6,5.325200496
GLOBAL,PWRHYDTZAXX01,HYDTZAXX,1,2030,S2D1,5.325200496
GLOBAL,PWRHYDTZAXX01,HYDTZAXX,1,2030,S2D2,5.325200496
GLOBAL,PWRHYDTZAXX01,HYDTZAXX,1,2030,S2D3,5.325200496
GLOBAL,PWRHYDTZAXX01,HYDTZAXX,1,2030,S2D4,5.325200496
GLOBAL,PWRHYDTZAXX01,HYDTZAXX,1,2030,S2D5,5.325200496
GLOBAL,PWRHYDTZAXX01,HYDTZAXX,1,2030,S3D6,7.0200649728
GLOBAL,PWRHYDTZAXX01,HYDTZAXX,1,2030,S3D1,7.0200649728
GLOBAL,PWRHYDTZAXX01,HYDTZAXX,1,2030,S3D2,7.0200649728
GLOBAL,PWRHYDTZAXX01,HYDTZAXX,1,2030,S3D3,7.0200649728
GLOBAL,PWRHYDTZAXX01,HYDTZAXX,1,2030,S3D4,7.0200649728
GLOBAL,PWRHYDTZAXX01,HYDTZAXX,1,2030,S3D5,7.0200649728
GLOBAL,PWRHYDTZAXX01,HYDTZAXX,1,2031,S1D6,10.107431219477949
GLOBAL,PWRHYDTZAXX01,HYDTZAXX,1,2031,S1D1,10.107431219477949
GLOBAL,PWRHYDTZAXX01,HYDTZAXX,1,2031,S1D2,10.107431219477949
GLOBAL,PWRHYDTZAXX01,HYDTZAXX,1,2031,S1D3,10.107431219477949
GLOBAL,PWRHYDTZAXX01,HYDTZAXX,1,2031,S1D4,10.107431219477949
GLOBAL,PWRHYDTZAXX01,HYDTZAXX,1,2031,S1D5,10.107431219477949
GLOBAL,PWRHYDTZAXX01,HYDTZAXX,1,2031,S2D6,5.325200496
GLOBAL,PWRHYDTZAXX01,HYDTZAXX,1,2031,S2D1,5.325200496
GLOBAL,PWRHYDTZAXX01,HYDTZAXX,1,2031,S2D2,5.325200496
GLOBAL,PWRHYDTZAXX01,HYDTZAXX,1,2031,S2D3,5.325200496
GLOBAL,PWRHYDTZAXX01,HYDTZAXX,1,2031,S2D4,5.325200496
GLOBAL,PWRHYDTZAXX01,HYDTZAXX,1,2031,S2D5,5.325200496
GLOBAL,PWRHYDTZAXX01,HYDTZAXX,1,2031,S3D6,7.0200649728
GLOBAL,PWRHYDTZAXX01,HYDTZAXX,1,2031,S3D1,7.0200649728
GLOBAL,PWRHYDTZAXX01,HYDTZAXX,1,2031,S3D2,7.0200649728
GLOBAL,PWRHYDTZAXX01,HYDTZAXX,1,2031,S3D3,7.0200649728
GLOBAL,PWRHYDTZAXX01,HYDTZAXX,1,2031,S3D4,7.0200649728
GLOBAL,PWRHYDTZAXX01,HYDTZAXX,1,2031,S3D5,7.0200649728
GLOBAL,PWRHYDTZAXX01,HYDTZAXX,1,2032,S1D6,10.107431219477949
GLOBAL,PWRHYDTZAXX01,HYDTZAXX,1,2032,S1D1,10.107431219477949
GLOBAL,PWRHYDTZAXX01,HYDTZAXX,1,2032,S1D2,10.107431219477949
GLOBAL,PWRHYDTZAXX01,HYDTZAXX,1,2032,S1D3,10.107431219477949
GLOBAL,PWRHYDTZAXX01,HYDTZAXX,1,2032,S1D4,10.107431219477949
GLOBAL,PWRHYDTZAXX01,HYDTZAXX,1,2032,S1D5,10.107431219477949
GLOBAL,PWRHYDTZAXX01,HYDTZAXX,1,2032,S2D6,5.325200496
GLOBAL,PWRHYDTZAXX01,HYDTZAXX,1,2032,S2D1,5.325200496
GLOBAL,PWRHYDTZAXX01,HYDTZAXX,1,2032,S2D2,5.325200496
GLOBAL,PWRHYDTZAXX01,HYDTZAXX,1,2032,S2D3,5.325200496
GLOBAL,PWRHYDTZAXX01,HYDTZAXX,1,2032,S2D4,5.325200496
GLOBAL,PWRHYDTZAXX01,HYDTZAXX,1,2032,S2D5,5.325200496
GLOBAL,PWRHYDTZAXX01,HYDTZAXX,1,2032,S3D6,7.0200649728
GLOBAL,PWRHYDTZAXX01,HYDTZAXX,1,2032,S3D1,7.0200649728
GLOBAL,PWRHYDTZAXX01,HYDTZAXX,1,2032,S3D2,7.0200649728
GLOBAL,PWRHYDTZAXX01,HYDTZAXX,1,2032,S3D3,7.0200649728
GLOBAL,PWRHYDTZAXX01,HYDTZAXX,1,2032,S3D4,7.0200649728
GLOBAL,PWRHYDTZAXX01,HYDTZAXX,1,2032,S3D5,7.0200649728
GLOBAL,PWRHYDTZAXX01,HYDTZAXX,1,2033,S1D6,10.107431219477949
GLOBAL,PWRHYDTZAXX01,HYDTZAXX,1,2033,S1D1,10.107431219477949
GLOBAL,PWRHYDTZAXX01,HYDTZAXX,1,2033,S1D2,10.107431219477949
GLOBAL,PWRHYDTZAXX01,HYDTZAXX,1,2033,S1D3,10.107431219477949
GLOBAL,PWRHYDTZAXX01,HYDTZAXX,1,2033,S1D4,10.107431219477949
GLOBAL,PWRHYDTZAXX01,HYDTZAXX,1,2033,S1D5,10.107431219477949
GLOBAL,PWRHYDTZAXX01,HYDTZAXX,1,2033,S2D6,5.325200496
GLOBAL,PWRHYDTZAXX01,HYDTZAXX,1,2033,S2D1,5.325200496
GLOBAL,PWRHYDTZAXX01,HYDTZAXX,1,2033,S2D2,5.325200496
GLOBAL,PWRHYDTZAXX01,HYDTZAXX,1,2033,S2D3,5.325200496
GLOBAL,PWRHYDTZAXX01,HYDTZAXX,1,2033,S2D4,5.325200496
GLOBAL,PWRHYDTZAXX01,HYDTZAXX,1,2033,S2D5,5.325200496
GLOBAL,PWRHYDTZAXX01,HYDTZAXX,1,2033,S3D6,7.0200649728
GLOBAL,PWRHYDTZAXX01,HYDTZAXX,1,2033,S3D1,7.0200649728
GLOBAL,PWRHYDTZAXX01,HYDTZAXX,1,2033,S3D2,7.0200649728
GLOBAL,PWRHYDTZAXX01,HYDTZAXX,1,2033,S3D3,7.0200649728
GLOBAL,PWRHYDTZAXX01,HYDTZAXX,1,2033,S3D4,7.0200649728
GLOBAL,PWRHYDTZAXX01,HYDTZAXX,1,2033,S3D5,7.0200649728
GLOBAL,PWRHYDTZAXX01,HYDTZAXX,1,2034,S1D6,10.107431219477949
GLOBAL,PWRHYDTZAXX01,HYDTZAXX,1,2034,S1D1,10.107431219477949
GLOBAL,PWRHYDTZAXX01,HYDTZAXX,1,2034,S1D2,10.107431219477949
GLOBAL,PWRHYDTZAXX01,HYDTZAXX,1,2034,S1D3,10.107431219477949
GLOBAL,PWRHYDTZAXX01,HYDTZAXX,1,2034,S1D4,10.107431219477949
GLOBAL,PWRHYDTZAXX01,HYDTZAXX,1,2034,S1D5,10.107431219477949
GLOBAL,PWRHYDTZAXX01,HYDTZAXX,1,2034,S2D6,5.325200496
GLOBAL,PWRHYDTZAXX01,HYDTZAXX,1,2034,S2D1,5.325200496
GLOBAL,PWRHYDTZAXX01,HYDTZAXX,1,2034,S2D2,5.325200496
GLOBAL,PWRHYDTZAXX01,HYDTZAXX,1,2034,S2D3,5.325200496
GLOBAL,PWRHYDTZAXX01,HYDTZAXX,1,2034,S2D4,5.325200496
GLOBAL,PWRHYDTZAXX01,HYDTZAXX,1,2034,S2D5,5.325200496
GLOBAL,PWRHYDTZAXX01,HYDTZAXX,1,2034,S3D6,7.0200649728
GLOBAL,PWRHYDTZAXX01,HYDTZAXX,1,2034,S3D1,7.0200649728
GLOBAL,PWRHYDTZAXX01,HYDTZAXX,1,2034,S3D2,7.0200649728
GLOBAL,PWRHYDTZAXX01,HYDTZAXX,1,2034,S3D3,7.0200649728
GLOBAL,PWRHYDTZAXX01,HYDTZAXX,1,2034,S3D4,7.0200649728
GLOBAL,PWRHYDTZAXX01,HYDTZAXX,1,2034,S3D5,7.0200649728
GLOBAL,PWRHYDTZAXX01,HYDTZAXX,1,2035,S1D6,10.175144051867292
GLOBAL,PWRHYDTZAXX01,HYDTZAXX,1,2035,S1D1,10.175144051867292
GLOBAL,PWRHYDTZAXX01,HYDTZAXX,1,2035,S1D2,10.175144051867292
GLOBAL,PWRHYDTZAXX01,HYDTZAXX,1,2035,S1D3,10.175144051867292
GLOBAL,PWRHYDTZAXX01,HYDTZAXX,1,2035,S1D4,10.175144051867292
GLOBAL,PWRHYDTZAXX01,HYDTZAXX,1,2035,S1D5,10.175144051867292
GLOBAL,PWRHYDTZAXX01,HYDTZAXX,1,2035,S2D6,4.929044280882276
GLOBAL,PWRHYDTZAXX01,HYDTZAXX,1,2035,S2D1,5.325200496
GLOBAL,PWRHYDTZAXX01,HYDTZAXX,1,2035,S2D2,5.325200496
GLOBAL,PWRHYDTZAXX01,HYDTZAXX,1,2035,S2D3,5.325200496
GLOBAL,PWRHYDTZAXX01,HYDTZAXX,1,2035,S2D4,5.325200496
GLOBAL,PWRHYDTZAXX01,HYDTZAXX,1,2035,S2D5,5.325200496
GLOBAL,PWRHYDTZAXX01,HYDTZAXX,1,2035,S3D6,7.0200649728
GLOBAL,PWRHYDTZAXX01,HYDTZAXX,1,2035,S3D1,7.0200649728
GLOBAL,PWRHYDTZAXX01,HYDTZAXX,1,2035,S3D2,7.0200649728
GLOBAL,PWRHYDTZAXX01,HYDTZAXX,1,2035,S3D3,7.0200649728
GLOBAL,PWRHYDTZAXX01,HYDTZAXX,1,2035,S3D4,7.0200649728
GLOBAL,PWRHYDTZAXX01,HYDTZAXX,1,2035,S3D5,7.0200649728
GLOBAL,PWRHYDTZAXX01,HYDTZAXX,1,2036,S1D6,10.26443176708412
GLOBAL,PWRHYDTZAXX01,HYDTZAXX,1,2036,S1D1,10.26443176708412
GLOBAL,PWRHYDTZAXX01,HYDTZAXX,1,2036,S1D2,10.26443176708412
GLOBAL,PWRHYDTZAXX01,HYDTZAXX,1,2036,S1D3,10.26443176708412
GLOBAL,PWRHYDTZAXX01,HYDTZAXX,1,2036,S1D4,10.26443176708412
GLOBAL,PWRHYDTZAXX01,HYDTZAXX,1,2036,S1D5,10.26443176708412
GLOBAL,PWRHYDTZAXX01,HYDTZAXX,1,2036,S2D6,5.325200496
GLOBAL,PWRHYDTZAXX01,HYDTZAXX,1,2036,S2D1,5.325200496
GLOBAL,PWRHYDTZAXX01,HYDTZAXX,1,2036,S2D2,5.325200496
GLOBAL,PWRHYDTZAXX01,HYDTZAXX,1,2036,S2D3,5.325200496
GLOBAL,PWRHYDTZAXX01,HYDTZAXX,1,2036,S2D4,5.325200496
GLOBAL,PWRHYDTZAXX01,HYDTZAXX,1,2036,S2D5,5.325200496
GLOBAL,PWRHYDTZAXX01,HYDTZAXX,1,2036,S3D6,7.0200649728
GLOBAL,PWRHYDTZAXX01,HYDTZAXX,1,2036,S3D1,6.093282566105022
GLOBAL,PWRHYDTZAXX01,HYDTZAXX,1,2036,S3D2,7.0200649728
GLOBAL,PWRHYDTZAXX01,HYDTZAXX,1,2036,S3D3,7.0200649728
GLOBAL,PWRHYDTZAXX01,HYDTZAXX,1,2036,S3D4,7.0200649728
GLOBAL,PWRHYDTZAXX01,HYDTZAXX,1,2036,S3D5,7.0200649728
GLOBAL,PWRHYDTZAXX01,HYDTZAXX,1,2037,S1D6,10.3393281486955
GLOBAL,PWRHYDTZAXX01,HYDTZAXX,1,2037,S1D1,10.3393281486955
GLOBAL,PWRHYDTZAXX01,HYDTZAXX,1,2037,S1D2,10.3393281486955
GLOBAL,PWRHYDTZAXX01,HYDTZAXX,1,2037,S1D3,10.3393281486955
GLOBAL,PWRHYDTZAXX01,HYDTZAXX,1,2037,S1D4,10.3393281486955
GLOBAL,PWRHYDTZAXX01,HYDTZAXX,1,2037,S1D5,10.3393281486955
GLOBAL,PWRHYDTZAXX01,HYDTZAXX,1,2037,S2D6,5.325200496
GLOBAL,PWRHYDTZAXX01,HYDTZAXX,1,2037,S2D1,5.325200496
GLOBAL,PWRHYDTZAXX01,HYDTZAXX,1,2037,S2D2,5.325200496
GLOBAL,PWRHYDTZAXX01,HYDTZAXX,1,2037,S2D3,5.325200496
GLOBAL,PWRHYDTZAXX01,HYDTZAXX,1,2037,S2D4,5.325200496
GLOBAL,PWRHYDTZAXX01,HYDTZAXX,1,2037,S2D5,5.325200496
GLOBAL,PWRHYDTZAXX01,HYDTZAXX,1,2037,S3D6,7.0200649728
GLOBAL,PWRHYDTZAXX01,HYDTZAXX,1,2037,S3D1,5.651165326000516
GLOBAL,PWRHYDTZAXX01,HYDTZAXX,1,2037,S3D2,7.0200649728
GLOBAL,PWRHYDTZAXX01,HYDTZAXX,1,2037,S3D3,7.0200649728
GLOBAL,PWRHYDTZAXX01,HYDTZAXX,1,2037,S3D4,7.0200649728
GLOBAL,PWRHYDTZAXX01,HYDTZAXX,1,2037,S3D5,7.0200649728
GLOBAL,PWRHYDTZAXX01,HYDTZAXX,1,2038,S1D6,10.414308026830527
GLOBAL,PWRHYDTZAXX01,HYDTZAXX,1,2038,S1D1,10.414308026830527
GLOBAL,PWRHYDTZAXX01,HYDTZAXX,1,2038,S1D2,10.414308026830527
GLOBAL,PWRHYDTZAXX01,HYDTZAXX,1,2038,S1D3,10.414308026830527
GLOBAL,PWRHYDTZAXX01,HYDTZAXX,1,2038,S1D4,10.414308026830527
GLOBAL,PWRHYDTZAXX01,HYDTZAXX,1,2038,S1D5,10.414308026830527
GLOBAL,PWRHYDTZAXX01,HYDTZAXX,1,2038,S2D6,3.529807359745033
GLOBAL,PWRHYDTZAXX01,HYDTZAXX,1,2038,S2D1,5.325200496
GLOBAL,PWRHYDTZAXX01,HYDTZAXX,1,2038,S2D2,5.325200496
GLOBAL,PWRHYDTZAXX01,HYDTZAXX,1,2038,S2D3,5.325200496
GLOBAL,PWRHYDTZAXX01,HYDTZAXX,1,2038,S2D4,5.325200496
GLOBAL,PWRHYDTZAXX01,HYDTZAXX,1,2038,S2D5,5.325200496
GLOBAL,PWRHYDTZAXX01,HYDTZAXX,1,2038,S3D6,7.0200649728
GLOBAL,PWRHYDTZAXX01,HYDTZAXX,1,2038,S3D1,7.0200649728
GLOBAL,PWRHYDTZAXX01,HYDTZAXX,1,2038,S3D2,7.0200649728
GLOBAL,PWRHYDTZAXX01,HYDTZAXX,1,2038,S3D3,7.0200649728
GLOBAL,PWRHYDTZAXX01,HYDTZAXX,1,2038,S3D4,7.0200649728
GLOBAL,PWRHYDTZAXX01,HYDTZAXX,1,2038,S3D5,7.0200649728
GLOBAL,PWRHYDTZAXX01,HYDTZAXX,1,2039,S1D6,10.489287904965447
GLOBAL,PWRHYDTZAXX01,HYDTZAXX,1,2039,S1D1,10.489287904965447
GLOBAL,PWRHYDTZAXX01,HYDTZAXX,1,2039,S1D2,10.489287904965447
GLOBAL,PWRHYDTZAXX01,HYDTZAXX,1,2039,S1D3,10.489287904965447
GLOBAL,PWRHYDTZAXX01,HYDTZAXX,1,2039,S1D4,10.489287904965447
GLOBAL,PWRHYDTZAXX01,HYDTZAXX,1,2039,S1D5,10.489287904965447
GLOBAL,PWRHYDTZAXX01,HYDTZAXX,1,2039,S2D6,5.325200496
GLOBAL,PWRHYDTZAXX01,HYDTZAXX,1,2039,S2D1,5.325200496
GLOBAL,PWRHYDTZAXX01,HYDTZAXX,1,2039,S2D2,5.325200496
GLOBAL,PWRHYDTZAXX01,HYDTZAXX,1,2039,S2D3,5.325200496
GLOBAL,PWRHYDTZAXX01,HYDTZAXX,1,2039,S2D4,5.325200496
GLOBAL,PWRHYDTZAXX01,HYDTZAXX,1,2039,S2D5,5.325200496
GLOBAL,PWRHYDTZAXX01,HYDTZAXX,1,2039,S3D6,7.0200649728
GLOBAL,PWRHYDTZAXX01,HYDTZAXX,1,2039,S3D1,4.765945077139511
GLOBAL,PWRHYDTZAXX01,HYDTZAXX,1,2039,S3D2,7.0200649728
GLOBAL,PWRHYDTZAXX01,HYDTZAXX,1,2039,S3D3,7.0200649728
GLOBAL,PWRHYDTZAXX01,HYDTZAXX,1,2039,S3D4,7.0200649728
GLOBAL,PWRHYDTZAXX01,HYDTZAXX,1,2039,S3D5,7.0200649728
GLOBAL,PWRHYDTZAXX01,HYDTZAXX,1,2040,S1D6,10.564267783100366
GLOBAL,PWRHYDTZAXX01,HYDTZAXX,1,2040,S1D1,10.564267783100366
GLOBAL,PWRHYDTZAXX01,HYDTZAXX,1,2040,S1D2,10.564267783100366
GLOBAL,PWRHYDTZAXX01,HYDTZAXX,1,2040,S1D3,10.564267783100366
GLOBAL,PWRHYDTZAXX01,HYDTZAXX,1,2040,S1D4,10.564267783100366
GLOBAL,PWRHYDTZAXX01,HYDTZAXX,1,2040,S1D5,10.564267783100366
GLOBAL,PWRHYDTZAXX01,HYDTZAXX,1,2040,S2D6,5.325200496
GLOBAL,PWRHYDTZAXX01,HYDTZAXX,1,2040,S2D1,5.325200496
GLOBAL,PWRHYDTZAXX01,HYDTZAXX,1,2040,S2D2,5.325200496
GLOBAL,PWRHYDTZAXX01,HYDTZAXX,1,2040,S2D3,5.325200496
GLOBAL,PWRHYDTZAXX01,HYDTZAXX,1,2040,S2D4,5.325200496
GLOBAL,PWRHYDTZAXX01,HYDTZAXX,1,2040,S2D5,5.325200496
GLOBAL,PWRHYDTZAXX01,HYDTZAXX,1,2040,S3D6,4.323334952709352
GLOBAL,PWRHYDTZAXX01,HYDTZAXX,1,2040,S3D1,7.0200649728
GLOBAL,PWRHYDTZAXX01,HYDTZAXX,1,2040,S3D2,7.0200649728
GLOBAL,PWRHYDTZAXX01,HYDTZAXX,1,2040,S3D3,7.0200649728
GLOBAL,PWRHYDTZAXX01,HYDTZAXX,1,2040,S3D4,7.0200649728
GLOBAL,PWRHYDTZAXX01,HYDTZAXX,1,2040,S3D5,7.0200649728
GLOBAL,PWRHYDTZAXX01,HYDTZAXX,1,2041,S1D6,10.65285759457148
GLOBAL,PWRHYDTZAXX01,HYDTZAXX,1,2041,S1D1,10.65285759457148
GLOBAL,PWRHYDTZAXX01,HYDTZAXX,1,2041,S1D2,10.65285759457148
GLOBAL,PWRHYDTZAXX01,HYDTZAXX,1,2041,S1D3,10.65285759457148
GLOBAL,PWRHYDTZAXX01,HYDTZAXX,1,2041,S1D4,10.65285759457148
GLOBAL,PWRHYDTZAXX01,HYDTZAXX,1,2041,S1D5,10.65285759457148
GLOBAL,PWRHYDTZAXX01,HYDTZAXX,1,2041,S2D6,5.325200496
GLOBAL,PWRHYDTZAXX01,HYDTZAXX,1,2041,S2D1,5.325200496
GLOBAL,PWRHYDTZAXX01,HYDTZAXX,1,2041,S2D2,5.325200496
GLOBAL,PWRHYDTZAXX01,HYDTZAXX,1,2041,S2D3,5.325200496
GLOBAL,PWRHYDTZAXX01,HYDTZAXX,1,2041,S2D4,5.325200496
GLOBAL,PWRHYDTZAXX01,HYDTZAXX,1,2041,S2D5,5.325200496
GLOBAL,PWRHYDTZAXX01,HYDTZAXX,1,2041,S3D6,7.0200649728
GLOBAL,PWRHYDTZAXX01,HYDTZAXX,1,2041,S3D1,3.800384683199417
GLOBAL,PWRHYDTZAXX01,HYDTZAXX,1,2041,S3D2,7.0200649728
GLOBAL,PWRHYDTZAXX01,HYDTZAXX,1,2041,S3D3,7.0200649728
GLOBAL,PWRHYDTZAXX01,HYDTZAXX,1,2041,S3D4,7.0200649728
GLOBAL,PWRHYDTZAXX01,HYDTZAXX,1,2041,S3D5,7.0200649728
GLOBAL,PWRHYDTZAXX01,HYDTZAXX,1,2042,S1D6,10.741447406042743
GLOBAL,PWRHYDTZAXX01,HYDTZAXX,1,2042,S1D1,10.741447406042743
GLOBAL,PWRHYDTZAXX01,HYDTZAXX,1,2042,S1D2,10.741447406042743
GLOBAL,PWRHYDTZAXX01,HYDTZAXX,1,2042,S1D3,10.741447406042743
GLOBAL,PWRHYDTZAXX01,HYDTZAXX,1,2042,S1D4,10.741447406042743
GLOBAL,PWRHYDTZAXX01,HYDTZAXX,1,2042,S1D5,10.741447406042743
GLOBAL,PWRHYDTZAXX01,HYDTZAXX,1,2042,S2D6,5.325200496
GLOBAL,PWRHYDTZAXX01,HYDTZAXX,1,2042,S2D1,5.325200496
GLOBAL,PWRHYDTZAXX01,HYDTZAXX,1,2042,S2D2,5.325200496
GLOBAL,PWRHYDTZAXX01,HYDTZAXX,1,2042,S2D3,5.325200496
GLOBAL,PWRHYDTZAXX01,HYDTZAXX,1,2042,S2D4,5.325200496
GLOBAL,PWRHYDTZAXX01,HYDTZAXX,1,2042,S2D5,5.325200496
GLOBAL,PWRHYDTZAXX01,HYDTZAXX,1,2042,S3D6,7.0200649728
GLOBAL,PWRHYDTZAXX01,HYDTZAXX,1,2042,S3D1,3.277434413688622
GLOBAL,PWRHYDTZAXX01,HYDTZAXX,1,2042,S3D2,7.0200649728
GLOBAL,PWRHYDTZAXX01,HYDTZAXX,1,2042,S3D3,7.0200649728
GLOBAL,PWRHYDTZAXX01,HYDTZAXX,1,2042,S3D4,7.0200649728
GLOBAL,PWRHYDTZAXX01,HYDTZAXX,1,2042,S3D5,7.0200649728
GLOBAL,PWRHYDTZAXX01,HYDTZAXX,1,2043,S1D6,10.830037217513766
GLOBAL,PWRHYDTZAXX01,HYDTZAXX,1,2043,S1D1,10.830037217513766
GLOBAL,PWRHYDTZAXX01,HYDTZAXX,1,2043,S1D2,10.830037217513766
GLOBAL,PWRHYDTZAXX01,HYDTZAXX,1,2043,S1D3,10.830037217513766
GLOBAL,PWRHYDTZAXX01,HYDTZAXX,1,2043,S1D4,10.830037217513766
GLOBAL,PWRHYDTZAXX01,HYDTZAXX,1,2043,S1D5,10.830037217513766
GLOBAL,PWRHYDTZAXX01,HYDTZAXX,1,2043,S2D6,5.325200496
GLOBAL,PWRHYDTZAXX01,HYDTZAXX,1,2043,S2D1,5.325200496
GLOBAL,PWRHYDTZAXX01,HYDTZAXX,1,2043,S2D2,5.325200496
GLOBAL,PWRHYDTZAXX01,HYDTZAXX,1,2043,S2D3,5.325200496
GLOBAL,PWRHYDTZAXX01,HYDTZAXX,1,2043,S2D4,5.325200496
GLOBAL,PWRHYDTZAXX01,HYDTZAXX,1,2043,S2D5,5.325200496
GLOBAL,PWRHYDTZAXX01,HYDTZAXX,1,2043,S3D6,2.7544841441792616
GLOBAL,PWRHYDTZAXX01,HYDTZAXX,1,2043,S3D1,7.0200649728
GLOBAL,PWRHYDTZAXX01,HYDTZAXX,1,2043,S3D2,7.0200649728
GLOBAL,PWRHYDTZAXX01,HYDTZAXX,1,2043,S3D3,7.0200649728
GLOBAL,PWRHYDTZAXX01,HYDTZAXX,1,2043,S3D4,7.0200649728
GLOBAL,PWRHYDTZAXX01,HYDTZAXX,1,2043,S3D5,7.0200649728
GLOBAL,PWRHYDTZAXX01,HYDTZAXX,1,2044,S1D6,10.918710525508615
GLOBAL,PWRHYDTZAXX01,HYDTZAXX,1,2044,S1D1,10.918710525508615
GLOBAL,PWRHYDTZAXX01,HYDTZAXX,1,2044,S1D2,10.918710525508615
GLOBAL,PWRHYDTZAXX01,HYDTZAXX,1,2044,S1D3,10.918710525508615
GLOBAL,PWRHYDTZAXX01,HYDTZAXX,1,2044,S1D4,10.918710525508615
GLOBAL,PWRHYDTZAXX01,HYDTZAXX,1,2044,S1D5,10.918710525508615
GLOBAL,PWRHYDTZAXX01,HYDTZAXX,1,2044,S2D6,5.325200496
GLOBAL,PWRHYDTZAXX01,HYDTZAXX,1,2044,S2D1,5.325200496
GLOBAL,PWRHYDTZAXX01,HYDTZAXX,1,2044,S2D2,5.325200496
GLOBAL,PWRHYDTZAXX01,HYDTZAXX,1,2044,S2D3,5.325200496
GLOBAL,PWRHYDTZAXX01,HYDTZAXX,1,2044,S2D4,5.325200496
GLOBAL,PWRHYDTZAXX01,HYDTZAXX,1,2044,S2D5,5.325200496
GLOBAL,PWRHYDTZAXX01,HYDTZAXX,1,2044,S3D6,7.0200649728
GLOBAL,PWRHYDTZAXX01,HYDTZAXX,1,2044,S3D1,2.231040990342557
GLOBAL,PWRHYDTZAXX01,HYDTZAXX,1,2044,S3D2,7.0200649728
GLOBAL,PWRHYDTZAXX01,HYDTZAXX,1,2044,S3D3,7.0200649728
GLOBAL,PWRHYDTZAXX01,HYDTZAXX,1,2044,S3D4,7.0200649728
GLOBAL,PWRHYDTZAXX01,HYDTZAXX,1,2044,S3D5,7.0200649728
GLOBAL,PWRHYDTZAXX01,HYDTZAXX,1,2045,S1D6,11.007300336979814
GLOBAL,PWRHYDTZAXX01,HYDTZAXX,1,2045,S1D1,11.007300336979814
GLOBAL,PWRHYDTZAXX01,HYDTZAXX,1,2045,S1D2,11.007300336979814
GLOBAL,PWRHYDTZAXX01,HYDTZAXX,1,2045,S1D3,11.007300336979814
GLOBAL,PWRHYDTZAXX01,HYDTZAXX,1,2045,S1D4,11.007300336979814
GLOBAL,PWRHYDTZAXX01,HYDTZAXX,1,2045,S1D5,11.007300336979814
GLOBAL,PWRHYDTZAXX01,HYDTZAXX,1,2045,S2D6,5.325200496
GLOBAL,PWRHYDTZAXX01,HYDTZAXX,1,2045,S2D1,5.325200496
GLOBAL,PWRHYDTZAXX01,HYDTZAXX,1,2045,S2D2,5.325200496
GLOBAL,PWRHYDTZAXX01,HYDTZAXX,1,2045,S2D3,5.325200496
GLOBAL,PWRHYDTZAXX01,HYDTZAXX,1,2045,S2D4,5.325200496
GLOBAL,PWRHYDTZAXX01,HYDTZAXX,1,2045,S2D5,5.325200496
GLOBAL,PWRHYDTZAXX01,HYDTZAXX,1,2045,S3D6,7.0200649728
GLOBAL,PWRHYDTZAXX01,HYDTZAXX,1,2045,S3D1,1.708090720832145
GLOBAL,PWRHYDTZAXX01,HYDTZAXX,1,2045,S3D2,7.0200649728
GLOBAL,PWRHYDTZAXX01,HYDTZAXX,1,2045,S3D3,7.0200649728
GLOBAL,PWRHYDTZAXX01,HYDTZAXX,1,2045,S3D4,7.0200649728
GLOBAL,PWRHYDTZAXX01,HYDTZAXX,1,2045,S3D5,7.0200649728
GLOBAL,PWRHYDTZAXX01,HYDTZAXX,1,2046,S1D6,11.117265258476046
GLOBAL,PWRHYDTZAXX01,HYDTZAXX,1,2046,S1D1,11.117265258476046
GLOBAL,PWRHYDTZAXX01,HYDTZAXX,1,2046,S1D2,11.117265258476046
GLOBAL,PWRHYDTZAXX01,HYDTZAXX,1,2046,S1D3,11.117265258476046
GLOBAL,PWRHYDTZAXX01,HYDTZAXX,1,2046,S1D4,11.117265258476046
GLOBAL,PWRHYDTZAXX01,HYDTZAXX,1,2046,S1D5,11.117265258476046
GLOBAL,PWRHYDTZAXX01,HYDTZAXX,1,2046,S2D6,5.325200496
GLOBAL,PWRHYDTZAXX01,HYDTZAXX,1,2046,S2D1,5.325200496
GLOBAL,PWRHYDTZAXX01,HYDTZAXX,1,2046,S2D2,5.325200496
GLOBAL,PWRHYDTZAXX01,HYDTZAXX,1,2046,S2D3,5.325200496
GLOBAL,PWRHYDTZAXX01,HYDTZAXX,1,2046,S2D4,5.325200496
GLOBAL,PWRHYDTZAXX01,HYDTZAXX,1,2046,S2D5,5.325200496
GLOBAL,PWRHYDTZAXX01,HYDTZAXX,1,2046,S3D6,7.0200649728
GLOBAL,PWRHYDTZAXX01,HYDTZAXX,1,2046,S3D1,1.0589620639566557
GLOBAL,PWRHYDTZAXX01,HYDTZAXX,1,2046,S3D2,7.0200649728
GLOBAL,PWRHYDTZAXX01,HYDTZAXX,1,2046,S3D3,7.0200649728
GLOBAL,PWRHYDTZAXX01,HYDTZAXX,1,2046,S3D4,7.0200649728
GLOBAL,PWRHYDTZAXX01,HYDTZAXX,1,2046,S3D5,7.0200649728
GLOBAL,PWRHYDTZAXX01,HYDTZAXX,1,2047,S1D6,11.285761382891495
GLOBAL,PWRHYDTZAXX01,HYDTZAXX,1,2047,S1D1,9.677026166556177
GLOBAL,PWRHYDTZAXX01,HYDTZAXX,1,2047,S1D2,11.285761382891495
GLOBAL,PWRHYDTZAXX01,HYDTZAXX,1,2047,S1D3,11.285761382891495
GLOBAL,PWRHYDTZAXX01,HYDTZAXX,1,2047,S1D4,11.285761382891495
GLOBAL,PWRHYDTZAXX01,HYDTZAXX,1,2047,S1D5,11.285761382891495
GLOBAL,PWRHYDTZAXX01,HYDTZAXX,1,2047,S2D1,5.325200496
GLOBAL,PWRHYDTZAXX01,HYDTZAXX,1,2047,S2D2,5.325200496
GLOBAL,PWRHYDTZAXX01,HYDTZAXX,1,2047,S2D3,5.325200496
GLOBAL,PWRHYDTZAXX01,HYDTZAXX,1,2047,S2D4,5.325200496
GLOBAL,PWRHYDTZAXX01,HYDTZAXX,1,2047,S2D5,5.325200496
GLOBAL,PWRHYDTZAXX01,HYDTZAXX,1,2047,S3D6,7.0200649728
GLOBAL,PWRHYDTZAXX01,HYDTZAXX,1,2047,S3D1,7.0200649728
GLOBAL,PWRHYDTZAXX01,HYDTZAXX,1,2047,S3D2,7.0200649728
GLOBAL,PWRHYDTZAXX01,HYDTZAXX,1,2047,S3D3,7.0200649728
GLOBAL,PWRHYDTZAXX01,HYDTZAXX,1,2047,S3D4,7.0200649728
GLOBAL,PWRHYDTZAXX01,HYDTZAXX,1,2047,S3D5,7.0200649728
GLOBAL,PWRHYDTZAXX01,HYDTZAXX,1,2048,S1D6,11.503197987807226
GLOBAL,PWRHYDTZAXX01,HYDTZAXX,1,2048,S1D1,11.503197987807226
GLOBAL,PWRHYDTZAXX01,HYDTZAXX,1,2048,S1D2,11.503197987807226
GLOBAL,PWRHYDTZAXX01,HYDTZAXX,1,2048,S1D3,8.589843141977548
GLOBAL,PWRHYDTZAXX01,HYDTZAXX,1,2048,S1D4,11.503197987807226
GLOBAL,PWRHYDTZAXX01,HYDTZAXX,1,2048,S1D5,11.503197987807226
GLOBAL,PWRHYDTZAXX01,HYDTZAXX,1,2048,S2D1,5.325200496
GLOBAL,PWRHYDTZAXX01,HYDTZAXX,1,2048,S2D2,5.325200496
GLOBAL,PWRHYDTZAXX01,HYDTZAXX,1,2048,S2D3,5.325200496
GLOBAL,PWRHYDTZAXX01,HYDTZAXX,1,2048,S2D4,5.325200496
GLOBAL,PWRHYDTZAXX01,HYDTZAXX,1,2048,S2D5,5.325200496
GLOBAL,PWRHYDTZAXX01,HYDTZAXX,1,2048,S3D6,7.0200649728
GLOBAL,PWRHYDTZAXX01,HYDTZAXX,1,2048,S3D1,7.0200649728
GLOBAL,PWRHYDTZAXX01,HYDTZAXX,1,2048,S3D2,7.0200649728
GLOBAL,PWRHYDTZAXX01,HYDTZAXX,1,2048,S3D3,7.0200649728
GLOBAL,PWRHYDTZAXX01,HYDTZAXX,1,2048,S3D4,7.0200649728
GLOBAL,PWRHYDTZAXX01,HYDTZAXX,1,2048,S3D5,7.0200649728
GLOBAL,PWRHYDTZAXX01,HYDTZAXX,1,2049,S1D6,11.720469492795026
GLOBAL,PWRHYDTZAXX01,HYDTZAXX,1,2049,S1D1,9.177597863566977
GLOBAL,PWRHYDTZAXX01,HYDTZAXX,1,2049,S1D2,11.720469492795026
GLOBAL,PWRHYDTZAXX01,HYDTZAXX,1,2049,S1D3,11.720469492795026
GLOBAL,PWRHYDTZAXX01,HYDTZAXX,1,2049,S1D4,11.720469492795026
GLOBAL,PWRHYDTZAXX01,HYDTZAXX,1,2049,S1D5,11.720469492795026
GLOBAL,PWRHYDTZAXX01,HYDTZAXX,1,2049,S2D6,5.325200496
GLOBAL,PWRHYDTZAXX01,HYDTZAXX,1,2049,S2D1,5.325200496
GLOBAL,PWRHYDTZAXX01,HYDTZAXX,1,2049,S2D2,5.325200496
GLOBAL,PWRHYDTZAXX01,HYDTZAXX,1,2049,S2D3,5.325200496
GLOBAL,PWRHYDTZAXX01,HYDTZAXX,1,2049,S2D4,5.325200496
GLOBAL,PWRHYDTZAXX01,HYDTZAXX,1,2049,S2D5,5.325200496
GLOBAL,PWRHYDTZAXX01,HYDTZAXX,1,2049,S3D6,7.0200649728
GLOBAL,PWRHYDTZAXX01,HYDTZAXX,1,2049,S3D2,7.0200649728
GLOBAL,PWRHYDTZAXX01,HYDTZAXX,1,2049,S3D3,7.0200649728
GLOBAL,PWRHYDTZAXX01,HYDTZAXX,1,2049,S3D4,7.0200649728
GLOBAL,PWRHYDTZAXX01,HYDTZAXX,1,2049,S3D5,7.0200649728
GLOBAL,PWRHYDTZAXX01,HYDTZAXX,1,2050,S1D6,0.955056828313233
GLOBAL,PWRHYDTZAXX01,HYDTZAXX,1,2050,S1D1,11.937906097710892
GLOBAL,PWRHYDTZAXX01,HYDTZAXX,1,2050,S1D2,11.937906097710892
GLOBAL,PWRHYDTZAXX01,HYDTZAXX,1,2050,S1D3,11.937906097710892
GLOBAL,PWRHYDTZAXX01,HYDTZAXX,1,2050,S1D4,11.937906097710892
GLOBAL,PWRHYDTZAXX01,HYDTZAXX,1,2050,S1D5,11.937906097710892
GLOBAL,PWRHYDTZAXX01,HYDTZAXX,1,2050,S2D6,5.325200496
GLOBAL,PWRHYDTZAXX01,HYDTZAXX,1,2050,S2D1,5.325200496
GLOBAL,PWRHYDTZAXX01,HYDTZAXX,1,2050,S2D2,5.325200496
GLOBAL,PWRHYDTZAXX01,HYDTZAXX,1,2050,S2D3,5.325200496
GLOBAL,PWRHYDTZAXX01,HYDTZAXX,1,2050,S2D4,5.325200496
GLOBAL,PWRHYDTZAXX01,HYDTZAXX,1,2050,S2D5,5.325200496
GLOBAL,PWRHYDTZAXX01,HYDTZAXX,1,2050,S3D6,7.0200649728
GLOBAL,PWRHYDTZAXX01,HYDTZAXX,1,2050,S3D1,7.0200649728
GLOBAL,PWRHYDTZAXX01,HYDTZAXX,1,2050,S3D2,7.0200649728
GLOBAL,PWRHYDTZAXX01,HYDTZAXX,1,2050,S3D3,7.0200649728
GLOBAL,PWRHYDTZAXX01,HYDTZAXX,1,2050,S3D4,7.0200649728
GLOBAL,PWRHYDTZAXX01,HYDTZAXX,1,2050,S3D5,7.0200649728
GLOBAL,PWRLDSTZAXX01,ELCTZAXX01,1,2049,S2D1,2.2367438071740807e-12
GLOBAL,PWROCGTZAXX00,GASINT,2,2024,S3D4,3.274742566940399
GLOBAL,PWROCGTZAXX00,GASINT,2,2025,S3D4,5.54308272
GLOBAL,PWROCGTZAXX00,GASINT,2,2026,S3D4,5.54308272
GLOBAL,PWROCGTZAXX00,GASINT,2,2027,S3D4,5.54308272
GLOBAL,PWROCGTZAXX00,GASINT,2,2028,S3D4,5.54308272
GLOBAL,PWROCGTZAXX00,GASINT,2,2029,S3D4,5.54308272
GLOBAL,PWROCGTZAXX00,GASINT,2,2030,S3D4,5.54308272
GLOBAL,PWROCGTZAXX00,GASINT,2,2031,S3D4,5.54308272
GLOBAL,PWROCGTZAXX00,GASINT,2,2032,S3D4,5.54308272
GLOBAL,PWROCGTZAXX00,GASINT,2,2033,S3D4,5.54308272
GLOBAL,PWROCGTZAXX00,GASINT,2,2034,S3D4,5.54308272
GLOBAL,PWROCGTZAXX00,GASINT,2,2035,S3D4,5.54308272
GLOBAL,PWROCGTZAXX00,GASINT,2,2036,S3D4,5.54308272
GLOBAL,PWROCGTZAXX00,GASINT,2,2037,S3D4,5.54308272
GLOBAL,PWROCGTZAXX00,GASINT,2,2038,S3D4,5.54308272
GLOBAL,PWROCGTZAXX00,GASINT,2,2039,S3D4,5.54308272
GLOBAL,PWROCGTZAXX00,GASINT,2,2040,S3D4,5.54308272
GLOBAL,PWROCGTZAXX00,GASINT,2,2041,S3D4,5.54308272
GLOBAL,PWROCGTZAXX00,GASINT,2,2042,S3D4,5.54308272
GLOBAL,PWROCGTZAXX01,GASINT,2,2025,S3D4,5.675870094624777
GLOBAL,PWROCGTZAXX01,GASINT,2,2026,S3D4,8.09348981851821
GLOBAL,PWROCGTZAXX01,GASINT,2,2027,S3D4,10.510790104267596
GLOBAL,PWROCGTZAXX01,GASINT,2,2028,S3D4,12.928409828161069
GLOBAL,PWROCGTZAXX01,GASINT,2,2029,S3D4,15.351236056476639
GLOBAL,PWROCGTZAXX01,GASINT,2,2030,S3D4,17.768855780370146
GLOBAL,PWROCGTZAXX01,GASINT,2,2031,S3D4,20.561218746013548
GLOBAL,PWROCGTZAXX01,GASINT,2,2032,S3D4,23.359107654223063
GLOBAL,PWROCGTZAXX01,GASINT,2,2033,S3D4,26.15699656243262
GLOBAL,PWROCGTZAXX01,GASINT,2,2034,S3D4,28.954566032498008
GLOBAL,PWROCGTZAXX01,GASINT,2,2035,S3D4,31.747248436285563
GLOBAL,PWROCGTZAXX01,GASINT,2,2036,S3D4,34.991398401462455
GLOBAL,PWROCGTZAXX01,GASINT,2,2037,S3D4,38.23002242407264
GLOBAL,PWROCGTZAXX01,GASINT,2,2038,S3D4,41.474172389248935
GLOBAL,PWROCGTZAXX01,GASINT,2,2039,S3D4,44.713115850003184
GLOBAL,PWROCGTZAXX01,GASINT,2,2040,S3D4,47.95726581517985
GLOBAL,PWROCGTZAXX01,GASINT,2,2041,S3D4,51.96677530367725
GLOBAL,PWROCGTZAXX01,GASINT,2,2042,S3D4,55.97107828775305
GLOBAL,PWROCGTZAXX01,GASINT,2,2043,S3D4,65.6567839522502
GLOBAL,PWROCGTZAXX01,GASINT,2,2044,S3D4,69.66661287889248
GLOBAL,PWROCGTZAXX01,GASINT,2,2045,S3D4,73.7564313982979
GLOBAL,PWROCGTZAXX01,GASINT,2,2046,S3D4,78.77968134324787
GLOBAL,PWROCGTZAXX01,GASINT,2,2047,S2D4,0.1103358280220403
GLOBAL,PWROCGTZAXX01,GASINT,2,2047,S3D4,83.91847362064217
GLOBAL,PWROCGTZAXX01,GASINT,2,2048,S3D4,90.6292681830144
GLOBAL,PWROCGTZAXX01,GASINT,2,2049,S3D4,95.65219868982585
GLOBAL,PWROCGTZAXX01,GASINT,2,2050,S3D4,100.67544863477093
GLOBAL,PWROILKENXX01,OILINT,2,2021,S3D4,10.055202418641079
GLOBAL,PWROILKENXX01,OILINT,2,2022,S3D4,11.087634868224644
GLOBAL,PWROILKENXX01,OILINT,2,2023,S3D4,7.239813250702213
GLOBAL,PWRSDSKENXX01,ELCKENXX01,1,2021,S2D1,0.0177111238946503
GLOBAL,PWRSDSKENXX01,ELCKENXX01,1,2021,S3D1,0.0189216
GLOBAL,PWRSDSKENXX01,ELCKENXX01,1,2022,S2D1,0.0189216
GLOBAL,PWRSDSKENXX01,ELCKENXX01,1,2022,S3D1,0.0189216
GLOBAL,PWRSDSKENXX01,ELCKENXX01,1,2023,S3D3,0.02
GLOBAL,PWRSDSKENXX01,ELCKENXX01,1,2024,S2D3,0.02
GLOBAL,PWRSDSKENXX01,ELCKENXX01,1,2024,S3D1,0.02
GLOBAL,PWRSDSKENXX01,ELCKENXX01,1,2025,S2D1,0.02
GLOBAL,PWRSDSKENXX01,ELCKENXX01,1,2025,S3D1,0.02
GLOBAL,PWRSDSKENXX01,ELCKENXX01,1,2026,S2D3,0.02
GLOBAL,PWRSDSKENXX01,ELCKENXX01,1,2026,S3D1,0.02000000000000005
GLOBAL,PWRSDSKENXX01,ELCKENXX01,1,2027,S2D3,0.02
GLOBAL,PWRSDSKENXX01,ELCKENXX01,1,2027,S3D1,0.02
GLOBAL,PWRSDSKENXX01,ELCKENXX01,1,2028,S2D3,0.02
GLOBAL,PWRSDSKENXX01,ELCKENXX01,1,2028,S3D2,0.02
GLOBAL,PWRSDSKENXX01,ELCKENXX01,1,2029,S2D1,0.02
GLOBAL,PWRSDSKENXX01,ELCKENXX01,1,2029,S3D1,0.02000000000000005
GLOBAL,PWRSDSKENXX01,ELCKENXX01,1,2030,S2D3,0.02
GLOBAL,PWRSDSKENXX01,ELCKENXX01,1,2030,S3D2,0.02
GLOBAL,PWRSDSKENXX01,ELCKENXX01,1,2031,S2D3,0.02
GLOBAL,PWRSDSKENXX01,ELCKENXX01,1,2031,S3D1,0.02
GLOBAL,PWRSDSKENXX01,ELCKENXX01,1,2032,S2D1,0.02
GLOBAL,PWRSDSKENXX01,ELCKENXX01,1,2032,S3D1,0.02
GLOBAL,PWRSDSKENXX01,ELCKENXX01,1,2033,S2D3,0.02
GLOBAL,PWRSDSKENXX01,ELCKENXX01,1,2033,S3D3,0.02
GLOBAL,PWRSDSKENXX01,ELCKENXX01,1,2034,S2D1,0.02
GLOBAL,PWRSDSKENXX01,ELCKENXX01,1,2034,S3D1,0.02
GLOBAL,PWRSDSKENXX01,ELCKENXX01,1,2035,S2D3,0.02
GLOBAL,PWRSDSKENXX01,ELCKENXX01,1,2035,S3D3,0.02
GLOBAL,PWRSDSKENXX01,ELCKENXX01,1,2036,S2D1,0.02
GLOBAL,PWRSDSKENXX01,ELCKENXX01,1,2036,S3D3,0.02
GLOBAL,PWRSDSKENXX01,ELCKENXX01,1,2037,S2D1,0.02
GLOBAL,PWRSDSKENXX01,ELCKENXX01,1,2037,S3D3,0.02
GLOBAL,PWRSDSKENXX01,ELCKENXX01,1,2038,S2D2,0.02
GLOBAL,PWRSDSKENXX01,ELCKENXX01,1,2038,S3D3,0.02
GLOBAL,PWRSDSKENXX01,ELCKENXX01,1,2039,S2D2,0.02
GLOBAL,PWRSDSKENXX01,ELCKENXX01,1,2039,S3D3,0.02
GLOBAL,PWRSDSKENXX01,ELCKENXX01,1,2040,S2D1,0.02
GLOBAL,PWRSDSKENXX01,ELCKENXX01,1,2040,S3D2,0.02
GLOBAL,PWRSDSKENXX01,ELCKENXX01,1,2041,S2D1,0.02
GLOBAL,PWRSDSKENXX01,ELCKENXX01,1,2041,S3D3,0.02
GLOBAL,PWRSDSKENXX01,ELCKENXX01,1,2042,S2D1,0.02
GLOBAL,PWRSDSKENXX01,ELCKENXX01,1,2042,S3D3,0.02
GLOBAL,PWRSDSKENXX01,ELCKENXX01,1,2043,S2D1,0.02
GLOBAL,PWRSDSKENXX01,ELCKENXX01,1,2043,S3D1,0.02
GLOBAL,PWRSDSKENXX01,ELCKENXX01,1,2044,S2D1,0.02
GLOBAL,PWRSDSKENXX01,ELCKENXX01,1,2044,S3D3,0.02
GLOBAL,PWRSDSKENXX01,ELCKENXX01,1,2045,S2D1,0.02
GLOBAL,PWRSDSKENXX01,ELCKENXX01,1,2045,S3D3,0.02
GLOBAL,PWRSDSKENXX01,ELCKENXX01,1,2046,S2D1,0.02
GLOBAL,PWRSDSKENXX01,ELCKENXX01,1,2046,S3D3,0.02
GLOBAL,PWRSPVKENXX01,SPVKENXX,1,2021,S1D1,0.226176192
GLOBAL,PWRSPVKENXX01,SPVKENXX,1,2021,S1D2,1.0644241767160167
GLOBAL,PWRSPVKENXX01,SPVKENXX,1,2021,S1D3,1.0644241767160167
GLOBAL,PWRSPVKENXX01,SPVKENXX,1,2021,S1D4,0.6244128
GLOBAL,PWRSPVKENXX01,SPVKENXX,1,2021,S2D1,0.18385488
GLOBAL,PWRSPVKENXX01,SPVKENXX,1,2021,S2D2,1.0644241767160167
GLOBAL,PWRSPVKENXX01,SPVKENXX,1,2021,S2D3,1.0644241767160167
GLOBAL,PWRSPVKENXX01,SPVKENXX,1,2021,S2D4,0.539076384
GLOBAL,PWRSPVKENXX01,SPVKENXX,1,2021,S3D1,0.21507552
GLOBAL,PWRSPVKENXX01,SPVKENXX,1,2021,S3D2,1.0644241767160167
GLOBAL,PWRSPVKENXX01,SPVKENXX,1,2021,S3D3,1.0644241767160167
GLOBAL,PWRSPVKENXX01,SPVKENXX,1,2021,S3D4,0.556421184
GLOBAL,PWRSPVKENXX01,SPVKENXX,1,2022,S1D1,0.328983552
GLOBAL,PWRSPVKENXX01,SPVKENXX,1,2022,S1D2,1.5482533479505702
GLOBAL,PWRSPVKENXX01,SPVKENXX,1,2022,S1D3,1.5482533479505702
GLOBAL,PWRSPVKENXX01,SPVKENXX,1,2022,S1D4,0.9082368
GLOBAL,PWRSPVKENXX01,SPVKENXX,1,2022,S2D1,0.26742528
GLOBAL,PWRSPVKENXX01,SPVKENXX,1,2022,S2D2,1.5482533479505702
GLOBAL,PWRSPVKENXX01,SPVKENXX,1,2022,S2D3,1.5482533479505702
GLOBAL,PWRSPVKENXX01,SPVKENXX,1,2022,S2D4,0.784111104
GLOBAL,PWRSPVKENXX01,SPVKENXX,1,2022,S3D1,0.31283712
GLOBAL,PWRSPVKENXX01,SPVKENXX,1,2022,S3D2,1.5482533479505702
GLOBAL,PWRSPVKENXX01,SPVKENXX,1,2022,S3D3,1.54825334795057
GLOBAL,PWRSPVKENXX01,SPVKENXX,1,2022,S3D4,0.809339904
GLOBAL,PWRSPVKENXX01,SPVKENXX,1,2023,S1D1,0.380387232
GLOBAL,PWRSPVKENXX01,SPVKENXX,1,2023,S1D2,1.3275375224719028
GLOBAL,PWRSPVKENXX01,SPVKENXX,1,2023,S1D3,1.3275375224719028
GLOBAL,PWRSPVKENXX01,SPVKENXX,1,2023,S1D4,1.0501488
GLOBAL,PWRSPVKENXX01,SPVKENXX,1,2023,S2D1,0.30921048
GLOBAL,PWRSPVKENXX01,SPVKENXX,1,2023,S2D2,1.3275375224719028
GLOBAL,PWRSPVKENXX01,SPVKENXX,1,2023,S2D3,1.3275375224719028
GLOBAL,PWRSPVKENXX01,SPVKENXX,1,2023,S2D4,0.906628464
GLOBAL,PWRSPVKENXX01,SPVKENXX,1,2023,S3D1,0.36171792
GLOBAL,PWRSPVKENXX01,SPVKENXX,1,2023,S3D2,1.3275375224719028
GLOBAL,PWRSPVKENXX01,SPVKENXX,1,2023,S3D3,1.3275375224719028
GLOBAL,PWRSPVKENXX01,SPVKENXX,1,2023,S3D4,0.935799264
GLOBAL,PWRSPVKENXX01,SPVKENXX,1,2024,S1D1,0.380387232
GLOBAL,PWRSPVKENXX01,SPVKENXX,1,2024,S1D2,1.7901679335678462
GLOBAL,PWRSPVKENXX01,SPVKENXX,1,2024,S1D3,1.7901679335678462
GLOBAL,PWRSPVKENXX01,SPVKENXX,1,2024,S1D4,1.0501488
GLOBAL,PWRSPVKENXX01,SPVKENXX,1,2024,S2D1,0.30921048
GLOBAL,PWRSPVKENXX01,SPVKENXX,1,2024,S2D2,1.7901679335678462
GLOBAL,PWRSPVKENXX01,SPVKENXX,1,2024,S2D3,1.7901679335678462
GLOBAL,PWRSPVKENXX01,SPVKENXX,1,2024,S2D4,0.906628464
GLOBAL,PWRSPVKENXX01,SPVKENXX,1,2024,S3D1,0.36171792
GLOBAL,PWRSPVKENXX01,SPVKENXX,1,2024,S3D2,1.7901679335678462
GLOBAL,PWRSPVKENXX01,SPVKENXX,1,2024,S3D3,1.790167933567846
GLOBAL,PWRSPVKENXX01,SPVKENXX,1,2024,S3D4,0.935799264
GLOBAL,PWRSPVKENXX01,SPVKENXX,1,2025,S1D1,0.380387232
GLOBAL,PWRSPVKENXX01,SPVKENXX,1,2025,S1D2,1.7901679335678462
GLOBAL,PWRSPVKENXX01,SPVKENXX,1,2025,S1D3,1.7901679335678462
GLOBAL,PWRSPVKENXX01,SPVKENXX,1,2025,S1D4,1.0501488
GLOBAL,PWRSPVKENXX01,SPVKENXX,1,2025,S2D1,0.30921048
GLOBAL,PWRSPVKENXX01,SPVKENXX,1,2025,S2D2,1.7901679335678462
GLOBAL,PWRSPVKENXX01,SPVKENXX,1,2025,S2D3,1.7901679335678462
GLOBAL,PWRSPVKENXX01,SPVKENXX,1,2025,S2D4,0.906628464
GLOBAL,PWRSPVKENXX01,SPVKENXX,1,2025,S3D1,0.36171792
GLOBAL,PWRSPVKENXX01,SPVKENXX,1,2025,S3D2,1.7901679335678462
GLOBAL,PWRSPVKENXX01,SPVKENXX,1,2025,S3D3,1.790167933567846
GLOBAL,PWRSPVKENXX01,SPVKENXX,1,2025,S3D4,0.935799264
GLOBAL,PWRSPVKENXX01,SPVKENXX,1,2026,S1D1,0.380387232
GLOBAL,PWRSPVKENXX01,SPVKENXX,1,2026,S1D2,1.7901679335678462
GLOBAL,PWRSPVKENXX01,SPVKENXX,1,2026,S1D3,1.7901679335678462
GLOBAL,PWRSPVKENXX01,SPVKENXX,1,2026,S1D4,1.0501488
GLOBAL,PWRSPVKENXX01,SPVKENXX,1,2026,S2D1,0.30921048
GLOBAL,PWRSPVKENXX01,SPVKENXX,1,2026,S2D2,1.7901679335678462
GLOBAL,PWRSPVKENXX01,SPVKENXX,1,2026,S2D3,1.7901679335678462
GLOBAL,PWRSPVKENXX01,SPVKENXX,1,2026,S2D4,0.906628464
GLOBAL,PWRSPVKENXX01,SPVKENXX,1,2026,S3D1,0.36171792
GLOBAL,PWRSPVKENXX01,SPVKENXX,1,2026,S3D2,1.7901679335678462
GLOBAL,PWRSPVKENXX01,SPVKENXX,1,2026,S3D3,1.790167933567846
GLOBAL,PWRSPVKENXX01,SPVKENXX,1,2026,S3D4,0.935799264
GLOBAL,PWRSPVKENXX01,SPVKENXX,1,2027,S1D1,0.380387232
GLOBAL,PWRSPVKENXX01,SPVKENXX,1,2027,S1D2,1.7901679335678462
GLOBAL,PWRSPVKENXX01,SPVKENXX,1,2027,S1D3,1.7901679335678462
GLOBAL,PWRSPVKENXX01,SPVKENXX,1,2027,S1D4,1.0501488
GLOBAL,PWRSPVKENXX01,SPVKENXX,1,2027,S2D1,0.30921048
GLOBAL,PWRSPVKENXX01,SPVKENXX,1,2027,S2D2,1.7901679335678462
GLOBAL,PWRSPVKENXX01,SPVKENXX,1,2027,S2D3,1.7901679335678462
GLOBAL,PWRSPVKENXX01,SPVKENXX,1,2027,S2D4,0.906628464
GLOBAL,PWRSPVKENXX01,SPVKENXX,1,2027,S3D1,0.36171792
GLOBAL,PWRSPVKENXX01,SPVKENXX,1,2027,S3D2,1.7901679335678462
GLOBAL,PWRSPVKENXX01,SPVKENXX,1,2027,S3D3,1.790167933567846
GLOBAL,PWRSPVKENXX01,SPVKENXX,1,2027,S3D4,0.935799264
GLOBAL,PWRSPVKENXX01,SPVKENXX,1,2028,S1D1,0.380387232
GLOBAL,PWRSPVKENXX01,SPVKENXX,1,2028,S1D2,1.7901679335678462
GLOBAL,PWRSPVKENXX01,SPVKENXX,1,2028,S1D3,1.7901679335678462
GLOBAL,PWRSPVKENXX01,SPVKENXX,1,2028,S1D4,1.0501488
GLOBAL,PWRSPVKENXX01,SPVKENXX,1,2028,S2D1,0.30921048
GLOBAL,PWRSPVKENXX01,SPVKENXX,1,2028,S2D2,1.7901679335678462
GLOBAL,PWRSPVKENXX01,SPVKENXX,1,2028,S2D3,1.7901679335678462
GLOBAL,PWRSPVKENXX01,SPVKENXX,1,2028,S2D4,0.906628464
GLOBAL,PWRSPVKENXX01,SPVKENXX,1,2028,S3D1,0.36171792
GLOBAL,PWRSPVKENXX01,SPVKENXX,1,2028,S3D2,1.7901679335678462
GLOBAL,PWRSPVKENXX01,SPVKENXX,1,2028,S3D3,1.790167933567846
GLOBAL,PWRSPVKENXX01,SPVKENXX,1,2028,S3D4,0.935799264
GLOBAL,PWRSPVKENXX01,SPVKENXX,1,2029,S1D1,0.380387232
GLOBAL,PWRSPVKENXX01,SPVKENXX,1,2029,S1D2,1.7901679335678462
GLOBAL,PWRSPVKENXX01,SPVKENXX,1,2029,S1D3,1.7901679335678462
GLOBAL,PWRSPVKENXX01,SPVKENXX,1,2029,S1D4,1.0501488
GLOBAL,PWRSPVKENXX01,SPVKENXX,1,2029,S2D1,0.30921048
GLOBAL,PWRSPVKENXX01,SPVKENXX,1,2029,S2D2,1.7901679335678462
GLOBAL,PWRSPVKENXX01,SPVKENXX,1,2029,S2D3,1.7901679335678462
GLOBAL,PWRSPVKENXX01,SPVKENXX,1,2029,S2D4,0.906628464
GLOBAL,PWRSPVKENXX01,SPVKENXX,1,2029,S3D1,0.36171792
GLOBAL,PWRSPVKENXX01,SPVKENXX,1,2029,S3D2,1.7901679335678462
GLOBAL,PWRSPVKENXX01,SPVKENXX,1,2029,S3D3,1.790167933567846
GLOBAL,PWRSPVKENXX01,SPVKENXX,1,2029,S3D4,0.935799264
GLOBAL,PWRSPVKENXX01,SPVKENXX,1,2030,S1D1,0.380387232
GLOBAL,PWRSPVKENXX01,SPVKENXX,1,2030,S1D2,1.7901679335678462
GLOBAL,PWRSPVKENXX01,SPVKENXX,1,2030,S1D3,1.7901679335678462
GLOBAL,PWRSPVKENXX01,SPVKENXX,1,2030,S1D4,1.0501488
GLOBAL,PWRSPVKENXX01,SPVKENXX,1,2030,S2D1,0.30921048
GLOBAL,PWRSPVKENXX01,SPVKENXX,1,2030,S2D2,1.7901679335678462
GLOBAL,PWRSPVKENXX01,SPVKENXX,1,2030,S2D3,1.7901679335678462
GLOBAL,PWRSPVKENXX01,SPVKENXX,1,2030,S2D4,0.906628464
GLOBAL,PWRSPVKENXX01,SPVKENXX,1,2030,S3D1,0.36171792
GLOBAL,PWRSPVKENXX01,SPVKENXX,1,2030,S3D2,1.7901679335678462
GLOBAL,PWRSPVKENXX01,SPVKENXX,1,2030,S3D3,1.790167933567846
GLOBAL,PWRSPVKENXX01,SPVKENXX,1,2030,S3D4,0.935799264
GLOBAL,PWRSPVKENXX01,SPVKENXX,1,2031,S1D1,0.380387232
GLOBAL,PWRSPVKENXX01,SPVKENXX,1,2031,S1D2,1.7901679335678462
GLOBAL,PWRSPVKENXX01,SPVKENXX,1,2031,S1D3,1.7901679335678462
GLOBAL,PWRSPVKENXX01,SPVKENXX,1,2031,S1D4,1.0501488
GLOBAL,PWRSPVKENXX01,SPVKENXX,1,2031,S2D1,0.30921048
GLOBAL,PWRSPVKENXX01,SPVKENXX,1,2031,S2D2,1.7901679335678462
GLOBAL,PWRSPVKENXX01,SPVKENXX,1,2031,S2D3,1.7901679335678462
GLOBAL,PWRSPVKENXX01,SPVKENXX,1,2031,S2D4,0.906628464
GLOBAL,PWRSPVKENXX01,SPVKENXX,1,2031,S3D1,0.36171792
GLOBAL,PWRSPVKENXX01,SPVKENXX,1,2031,S3D2,1.7901679335678462
GLOBAL,PWRSPVKENXX01,SPVKENXX,1,2031,S3D3,1.790167933567846
GLOBAL,PWRSPVKENXX01,SPVKENXX,1,2031,S3D4,0.935799264
GLOBAL,PWRSPVKENXX01,SPVKENXX,1,2032,S1D1,0.380387232
GLOBAL,PWRSPVKENXX01,SPVKENXX,1,2032,S1D2,1.7901679335678462
GLOBAL,PWRSPVKENXX01,SPVKENXX,1,2032,S1D3,1.7901679335678462
GLOBAL,PWRSPVKENXX01,SPVKENXX,1,2032,S1D4,1.0501488
GLOBAL,PWRSPVKENXX01,SPVKENXX,1,2032,S2D1,0.30921048
GLOBAL,PWRSPVKENXX01,SPVKENXX,1,2032,S2D2,1.7901679335678462
GLOBAL,PWRSPVKENXX01,SPVKENXX,1,2032,S2D3,1.7901679335678462
GLOBAL,PWRSPVKENXX01,SPVKENXX,1,2032,S2D4,0.906628464
GLOBAL,PWRSPVKENXX01,SPVKENXX,1,2032,S3D1,0.36171792
GLOBAL,PWRSPVKENXX01,SPVKENXX,1,2032,S3D2,1.7901679335678462
GLOBAL,PWRSPVKENXX01,SPVKENXX,1,2032,S3D3,1.790167933567846
GLOBAL,PWRSPVKENXX01,SPVKENXX,1,2032,S3D4,0.935799264
GLOBAL,PWRSPVKENXX01,SPVKENXX,1,2033,S1D1,0.380387232
GLOBAL,PWRSPVKENXX01,SPVKENXX,1,2033,S1D2,1.7901679335678462
GLOBAL,PWRSPVKENXX01,SPVKENXX,1,2033,S1D3,1.7901679335678462
GLOBAL,PWRSPVKENXX01,SPVKENXX,1,2033,S1D4,1.0501488
GLOBAL,PWRSPVKENXX01,SPVKENXX,1,2033,S2D1,0.30921048
GLOBAL,PWRSPVKENXX01,SPVKENXX,1,2033,S2D2,1.7901679335678462
GLOBAL,PWRSPVKENXX01,SPVKENXX,1,2033,S2D3,1.7901679335678462
GLOBAL,PWRSPVKENXX01,SPVKENXX,1,2033,S2D4,0.906628464
GLOBAL,PWRSPVKENXX01,SPVKENXX,1,2033,S3D1,0.36171792
GLOBAL,PWRSPVKENXX01,SPVKENXX,1,2033,S3D2,1.7901679335678462
GLOBAL,PWRSPVKENXX01,SPVKENXX,1,2033,S3D3,1.790167933567846
GLOBAL,PWRSPVKENXX01,SPVKENXX,1,2033,S3D4,0.935799264
GLOBAL,PWRSPVKENXX01,SPVKENXX,1,2034,S1D1,0.380387232
GLOBAL,PWRSPVKENXX01,SPVKENXX,1,2034,S1D2,1.7901679335678462
GLOBAL,PWRSPVKENXX01,SPVKENXX,1,2034,S1D3,1.7901679335678462
GLOBAL,PWRSPVKENXX01,SPVKENXX,1,2034,S1D4,1.0501488
GLOBAL,PWRSPVKENXX01,SPVKENXX,1,2034,S2D1,0.30921048
GLOBAL,PWRSPVKENXX01,SPVKENXX,1,2034,S2D2,1.7901679335678462
GLOBAL,PWRSPVKENXX01,SPVKENXX,1,2034,S2D3,1.7901679335678462
GLOBAL,PWRSPVKENXX01,SPVKENXX,1,2034,S2D4,0.906628464
GLOBAL,PWRSPVKENXX01,SPVKENXX,1,2034,S3D1,0.36171792
GLOBAL,PWRSPVKENXX01,SPVKENXX,1,2034,S3D2,1.7901679335678462
GLOBAL,PWRSPVKENXX01,SPVKENXX,1,2034,S3D3,1.790167933567846
GLOBAL,PWRSPVKENXX01,SPVKENXX,1,2034,S3D4,0.935799264
GLOBAL,PWRSPVKENXX01,SPVKENXX,1,2035,S1D1,0.380387232
GLOBAL,PWRSPVKENXX01,SPVKENXX,1,2035,S1D2,1.7901679335678462
GLOBAL,PWRSPVKENXX01,SPVKENXX,1,2035,S1D3,1.7901679335678462
GLOBAL,PWRSPVKENXX01,SPVKENXX,1,2035,S1D4,1.0501488
GLOBAL,PWRSPVKENXX01,SPVKENXX,1,2035,S2D1,0.30921048
GLOBAL,PWRSPVKENXX01,SPVKENXX,1,2035,S2D2,1.7901679335678462
GLOBAL,PWRSPVKENXX01,SPVKENXX,1,2035,S2D3,1.7901679335678462
GLOBAL,PWRSPVKENXX01,SPVKENXX,1,2035,S2D4,0.906628464
GLOBAL,PWRSPVKENXX01,SPVKENXX,1,2035,S3D1,0.36171792
GLOBAL,PWRSPVKENXX01,SPVKENXX,1,2035,S3D2,1.7901679335678462
GLOBAL,PWRSPVKENXX01,SPVKENXX,1,2035,S3D3,1.790167933567846
GLOBAL,PWRSPVKENXX01,SPVKENXX,1,2035,S3D4,0.935799264
GLOBAL,PWRSPVKENXX01,SPVKENXX,1,2036,S1D1,0.380387232
GLOBAL,PWRSPVKENXX01,SPVKENXX,1,2036,S1D2,1.7901679335678462
GLOBAL,PWRSPVKENXX01,SPVKENXX,1,2036,S1D3,1.7901679335678462
GLOBAL,PWRSPVKENXX01,SPVKENXX,1,2036,S1D4,1.0501488
GLOBAL,PWRSPVKENXX01,SPVKENXX,1,2036,S2D1,0.30921048
GLOBAL,PWRSPVKENXX01,SPVKENXX,1,2036,S2D2,1.7901679335678462
GLOBAL,PWRSPVKENXX01,SPVKENXX,1,2036,S2D3,1.7901679335678462
GLOBAL,PWRSPVKENXX01,SPVKENXX,1,2036,S2D4,0.906628464
GLOBAL,PWRSPVKENXX01,SPVKENXX,1,2036,S3D1,0.36171792
GLOBAL,PWRSPVKENXX01,SPVKENXX,1,2036,S3D2,1.7901679335678462
GLOBAL,PWRSPVKENXX01,SPVKENXX,1,2036,S3D3,1.790167933567846
GLOBAL,PWRSPVKENXX01,SPVKENXX,1,2036,S3D4,0.935799264
GLOBAL,PWRSPVKENXX01,SPVKENXX,1,2037,S1D1,0.380387232
GLOBAL,PWRSPVKENXX01,SPVKENXX,1,2037,S1D2,1.7901679335678462
GLOBAL,PWRSPVKENXX01,SPVKENXX,1,2037,S1D3,1.7901679335678462
GLOBAL,PWRSPVKENXX01,SPVKENXX,1,2037,S1D4,1.0501488
GLOBAL,PWRSPVKENXX01,SPVKENXX,1,2037,S2D1,0.30921048
GLOBAL,PWRSPVKENXX01,SPVKENXX,1,2037,S2D2,1.7901679335678462
GLOBAL,PWRSPVKENXX01,SPVKENXX,1,2037,S2D3,1.7901679335678462
GLOBAL,PWRSPVKENXX01,SPVKENXX,1,2037,S2D4,0.906628464
GLOBAL,PWRSPVKENXX01,SPVKENXX,1,2037,S3D1,0.36171792
GLOBAL,PWRSPVKENXX01,SPVKENXX,1,2037,S3D2,1.7901679335678462
GLOBAL,PWRSPVKENXX01,SPVKENXX,1,2037,S3D3,1.790167933567846
GLOBAL,PWRSPVKENXX01,SPVKENXX,1,2037,S3D4,0.935799264
GLOBAL,PWRSPVKENXX01,SPVKENXX,1,2038,S1D1,0.380387232
GLOBAL,PWRSPVKENXX01,SPVKENXX,1,2038,S1D2,1.7901679335678462
GLOBAL,PWRSPVKENXX01,SPVKENXX,1,2038,S1D3,1.7901679335678462
GLOBAL,PWRSPVKENXX01,SPVKENXX,1,2038,S1D4,1.0501488
GLOBAL,PWRSPVKENXX01,SPVKENXX,1,2038,S2D1,0.30921048
GLOBAL,PWRSPVKENXX01,SPVKENXX,1,2038,S2D2,1.7901679335678462
GLOBAL,PWRSPVKENXX01,SPVKENXX,1,2038,S2D3,1.7901679335678462
GLOBAL,PWRSPVKENXX01,SPVKENXX,1,2038,S2D4,0.906628464
GLOBAL,PWRSPVKENXX01,SPVKENXX,1,2038,S3D1,0.36171792
GLOBAL,PWRSPVKENXX01,SPVKENXX,1,2038,S3D2,1.7901679335678462
GLOBAL,PWRSPVKENXX01,SPVKENXX,1,2038,S3D3,1.790167933567846
GLOBAL,PWRSPVKENXX01,SPVKENXX,1,2038,S3D4,0.935799264
GLOBAL,PWRSPVKENXX01,SPVKENXX,1,2039,S1D1,0.380387232
GLOBAL,PWRSPVKENXX01,SPVKENXX,1,2039,S1D2,1.7901679335678462
GLOBAL,PWRSPVKENXX01,SPVKENXX,1,2039,S1D3,1.7901679335678462
GLOBAL,PWRSPVKENXX01,SPVKENXX,1,2039,S1D4,1.0501488
GLOBAL,PWRSPVKENXX01,SPVKENXX,1,2039,S2D1,0.30921048
GLOBAL,PWRSPVKENXX01,SPVKENXX,1,2039,S2D2,1.7901679335678462
GLOBAL,PWRSPVKENXX01,SPVKENXX,1,2039,S2D3,1.7901679335678462
GLOBAL,PWRSPVKENXX01,SPVKENXX,1,2039,S2D4,0.906628464
GLOBAL,PWRSPVKENXX01,SPVKENXX,1,2039,S3D1,0.36171792
GLOBAL,PWRSPVKENXX01,SPVKENXX,1,2039,S3D2,1.7901679335678462
GLOBAL,PWRSPVKENXX01,SPVKENXX,1,2039,S3D3,1.790167933567846
GLOBAL,PWRSPVKENXX01,SPVKENXX,1,2039,S3D4,0.935799264
GLOBAL,PWRSPVKENXX01,SPVKENXX,1,2040,S1D1,0.380387232
GLOBAL,PWRSPVKENXX01,SPVKENXX,1,2040,S1D2,1.7901679335678462
GLOBAL,PWRSPVKENXX01,SPVKENXX,1,2040,S1D3,1.7901679335678462
GLOBAL,PWRSPVKENXX01,SPVKENXX,1,2040,S1D4,1.0501488
GLOBAL,PWRSPVKENXX01,SPVKENXX,1,2040,S2D1,0.30921048
GLOBAL,PWRSPVKENXX01,SPVKENXX,1,2040,S2D2,1.7901679335678462
GLOBAL,PWRSPVKENXX01,SPVKENXX,1,2040,S2D3,1.7901679335678462
GLOBAL,PWRSPVKENXX01,SPVKENXX,1,2040,S2D4,0.906628464
GLOBAL,PWRSPVKENXX01,SPVKENXX,1,2040,S3D1,0.36171792
GLOBAL,PWRSPVKENXX01,SPVKENXX,1,2040,S3D2,1.7901679335678462
GLOBAL,PWRSPVKENXX01,SPVKENXX,1,2040,S3D3,1.790167933567846
GLOBAL,PWRSPVKENXX01,SPVKENXX,1,2040,S3D4,0.935799264
GLOBAL,PWRSPVKENXX01,SPVKENXX,1,2041,S1D1,0.380387232
GLOBAL,PWRSPVKENXX01,SPVKENXX,1,2041,S1D2,1.7901679335678462
GLOBAL,PWRSPVKENXX01,SPVKENXX,1,2041,S1D3,1.7901679335678462
GLOBAL,PWRSPVKENXX01,SPVKENXX,1,2041,S1D4,1.0501488
GLOBAL,PWRSPVKENXX01,SPVKENXX,1,2041,S2D1,0.30921048
GLOBAL,PWRSPVKENXX01,SPVKENXX,1,2041,S2D2,1.7901679335678462
GLOBAL,PWRSPVKENXX01,SPVKENXX,1,2041,S2D3,1.7901679335678462
GLOBAL,PWRSPVKENXX01,SPVKENXX,1,2041,S2D4,0.906628464
GLOBAL,PWRSPVKENXX01,SPVKENXX,1,2041,S3D1,0.36171792
GLOBAL,PWRSPVKENXX01,SPVKENXX,1,2041,S3D2,1.7901679335678462
GLOBAL,PWRSPVKENXX01,SPVKENXX,1,2041,S3D3,1.790167933567846
GLOBAL,PWRSPVKENXX01,SPVKENXX,1,2041,S3D4,0.935799264
GLOBAL,PWRSPVKENXX01,SPVKENXX,1,2042,S1D1,0.380387232
GLOBAL,PWRSPVKENXX01,SPVKENXX,1,2042,S1D2,1.7901679335678462
GLOBAL,PWRSPVKENXX01,SPVKENXX,1,2042,S1D3,1.7901679335678462
GLOBAL,PWRSPVKENXX01,SPVKENXX,1,2042,S1D4,1.0501488
GLOBAL,PWRSPVKENXX01,SPVKENXX,1,2042,S2D1,0.30921048
GLOBAL,PWRSPVKENXX01,SPVKENXX,1,2042,S2D2,1.7901679335678462
GLOBAL,PWRSPVKENXX01,SPVKENXX,1,2042,S2D3,1.7901679335678462
GLOBAL,PWRSPVKENXX01,SPVKENXX,1,2042,S2D4,0.906628464
GLOBAL,PWRSPVKENXX01,SPVKENXX,1,2042,S3D1,0.36171792
GLOBAL,PWRSPVKENXX01,SPVKENXX,1,2042,S3D2,1.7901679335678462
GLOBAL,PWRSPVKENXX01,SPVKENXX,1,2042,S3D3,1.790167933567846
GLOBAL,PWRSPVKENXX01,SPVKENXX,1,2042,S3D4,0.935799264
GLOBAL,PWRSPVKENXX01,SPVKENXX,1,2043,S1D1,0.380387232
GLOBAL,PWRSPVKENXX01,SPVKENXX,1,2043,S1D2,1.7901679335678462
GLOBAL,PWRSPVKENXX01,SPVKENXX,1,2043,S1D3,1.7901679335678462
GLOBAL,PWRSPVKENXX01,SPVKENXX,1,2043,S1D4,1.0501488
GLOBAL,PWRSPVKENXX01,SPVKENXX,1,2043,S2D1,0.30921048
GLOBAL,PWRSPVKENXX01,SPVKENXX,1,2043,S2D2,1.7901679335678462
GLOBAL,PWRSPVKENXX01,SPVKENXX,1,2043,S2D3,1.7901679335678462
GLOBAL,PWRSPVKENXX01,SPVKENXX,1,2043,S2D4,0.906628464
GLOBAL,PWRSPVKENXX01,SPVKENXX,1,2043,S3D1,0.36171792
GLOBAL,PWRSPVKENXX01,SPVKENXX,1,2043,S3D2,1.7901679335678462
GLOBAL,PWRSPVKENXX01,SPVKENXX,1,2043,S3D3,1.790167933567846
GLOBAL,PWRSPVKENXX01,SPVKENXX,1,2043,S3D4,0.935799264
GLOBAL,PWRSPVKENXX01,SPVKENXX,1,2044,S1D1,0.380387232
GLOBAL,PWRSPVKENXX01,SPVKENXX,1,2044,S1D2,1.7901679335678462
GLOBAL,PWRSPVKENXX01,SPVKENXX,1,2044,S1D3,1.7901679335678462
GLOBAL,PWRSPVKENXX01,SPVKENXX,1,2044,S1D4,1.0501488
GLOBAL,PWRSPVKENXX01,SPVKENXX,1,2044,S2D1,0.30921048
GLOBAL,PWRSPVKENXX01,SPVKENXX,1,2044,S2D2,1.7901679335678462
GLOBAL,PWRSPVKENXX01,SPVKENXX,1,2044,S2D3,1.7901679335678462
GLOBAL,PWRSPVKENXX01,SPVKENXX,1,2044,S2D4,0.906628464
GLOBAL,PWRSPVKENXX01,SPVKENXX,1,2044,S3D1,0.36171792
GLOBAL,PWRSPVKENXX01,SPVKENXX,1,2044,S3D2,1.7901679335678462
GLOBAL,PWRSPVKENXX01,SPVKENXX,1,2044,S3D3,1.790167933567846
GLOBAL,PWRSPVKENXX01,SPVKENXX,1,2044,S3D4,0.935799264
GLOBAL,PWRTRNKENXX,ELCKENXX01,1,2021,S1D6,33.57664233576642
GLOBAL,PWRTRNKENXX,ELCKENXX01,1,2021,S1D1,41.97080291970802
GLOBAL,PWRTRNKENXX,ELCKENXX01,1,2021,S1D2,50.364963503649626
GLOBAL,PWRTRNKENXX,ELCKENXX01,1,2021,S1D3,50.364963503649626
GLOBAL,PWRTRNKENXX,ELCKENXX01,1,2021,S1D4,50.364963503649626
GLOBAL,PWRTRNKENXX,ELCKENXX01,1,2021,S1D5,50.364963503649626
GLOBAL,PWRTRNKENXX,ELCKENXX01,1,2021,S2D6,32.74021352313167
GLOBAL,PWRTRNKENXX,ELCKENXX01,1,2021,S2D1,40.92526690391459
GLOBAL,PWRTRNKENXX,ELCKENXX01,1,2021,S2D2,49.110320284697515
GLOBAL,PWRTRNKENXX,ELCKENXX01,1,2021,S2D3,49.110320284697515
GLOBAL,PWRTRNKENXX,ELCKENXX01,1,2021,S2D4,49.648003058206285
GLOBAL,PWRTRNKENXX,ELCKENXX01,1,2021,S2D5,49.110320284697515
GLOBAL,PWRTRNKENXX,ELCKENXX01,1,2021,S3D6,33.034111310592465
GLOBAL,PWRTRNKENXX,ELCKENXX01,1,2021,S3D1,41.292639138240574
GLOBAL,PWRTRNKENXX,ELCKENXX01,1,2021,S3D2,49.55116696588868
GLOBAL,PWRTRNKENXX,ELCKENXX01,1,2021,S3D3,49.55116696588868
GLOBAL,PWRTRNKENXX,ELCKENXX01,1,2021,S3D4,57.809694793536806
GLOBAL,PWRTRNKENXX,ELCKENXX01,1,2021,S3D5,50.08884973939748
GLOBAL,PWRTRNKENXX,ELCKENXX01,1,2022,S1D6,35.03649635036496
GLOBAL,PWRTRNKENXX,ELCKENXX01,1,2022,S1D1,43.7956204379562
GLOBAL,PWRTRNKENXX,ELCKENXX01,1,2022,S1D2,52.55474452554744
GLOBAL,PWRTRNKENXX,ELCKENXX01,1,2022,S1D3,52.55474452554744
GLOBAL,PWRTRNKENXX,ELCKENXX01,1,2022,S1D4,52.55474452554744
GLOBAL,PWRTRNKENXX,ELCKENXX01,1,2022,S1D5,52.55474452554744
GLOBAL,PWRTRNKENXX,ELCKENXX01,1,2022,S2D6,34.163701067615655
GLOBAL,PWRTRNKENXX,ELCKENXX01,1,2022,S2D1,42.70462633451957
GLOBAL,PWRTRNKENXX,ELCKENXX01,1,2022,S2D2,51.245551601423486
GLOBAL,PWRTRNKENXX,ELCKENXX01,1,2022,S2D3,51.245551601423486
GLOBAL,PWRTRNKENXX,ELCKENXX01,1,2022,S2D4,51.78323437493227
GLOBAL,PWRTRNKENXX,ELCKENXX01,1,2022,S2D5,51.245551601423486
GLOBAL,PWRTRNKENXX,ELCKENXX01,1,2022,S3D6,34.47037701974865
GLOBAL,PWRTRNKENXX,ELCKENXX01,1,2022,S3D1,43.087971274685806
GLOBAL,PWRTRNKENXX,ELCKENXX01,1,2022,S3D2,51.70556552962297
GLOBAL,PWRTRNKENXX,ELCKENXX01,1,2022,S3D3,51.70556552962297
GLOBAL,PWRTRNKENXX,ELCKENXX01,1,2022,S3D4,60.32315978456015
GLOBAL,PWRTRNKENXX,ELCKENXX01,1,2022,S3D5,52.24324830313176
GLOBAL,PWRTRNKENXX,ELCKENXX01,1,2023,S1D6,34.844252116574474
GLOBAL,PWRTRNKENXX,ELCKENXX01,1,2023,S1D1,43.4208944523409
GLOBAL,PWRTRNKENXX,ELCKENXX01,1,2023,S1D2,51.99753678810732
GLOBAL,PWRTRNKENXX,ELCKENXX01,1,2023,S1D3,51.99753678810732
GLOBAL,PWRTRNKENXX,ELCKENXX01,1,2023,S1D4,51.99753678810732
GLOBAL,PWRTRNKENXX,ELCKENXX01,1,2023,S1D5,51.99753678810732
GLOBAL,PWRTRNKENXX,ELCKENXX01,1,2023,S2D6,33.98964006888245
GLOBAL,PWRTRNKENXX,ELCKENXX01,1,2023,S2D1,42.352629392725866
GLOBAL,PWRTRNKENXX,ELCKENXX01,1,2023,S2D2,50.71561871656928
GLOBAL,PWRTRNKENXX,ELCKENXX01,1,2023,S2D3,50.71561871656928
GLOBAL,PWRTRNKENXX,ELCKENXX01,1,2023,S2D4,50.71561871656928
GLOBAL,PWRTRNKENXX,ELCKENXX01,1,2023,S2D5,50.71561871656928
GLOBAL,PWRTRNKENXX,ELCKENXX01,1,2023,S3D6,34.28992693867934
GLOBAL,PWRTRNKENXX,ELCKENXX01,1,2023,S3D1,42.72798797997199
GLOBAL,PWRTRNKENXX,ELCKENXX01,1,2023,S3D2,51.16604902126463
GLOBAL,PWRTRNKENXX,ELCKENXX01,1,2023,S3D3,51.16604902126463
GLOBAL,PWRTRNKENXX,ELCKENXX01,1,2023,S3D4,59.06642728904848
GLOBAL,PWRTRNKENXX,ELCKENXX01,1,2023,S3D5,51.16604902126463
GLOBAL,PWRTRNKENXX,ELCKENXX01,1,2024,S1D6,35.76642335766423
GLOBAL,PWRTRNKENXX,ELCKENXX01,1,2024,S1D1,44.708029197080286
GLOBAL,PWRTRNKENXX,ELCKENXX01,1,2024,S1D2,53.64963503649634
GLOBAL,PWRTRNKENXX,ELCKENXX01,1,2024,S1D3,53.64963503649634
GLOBAL,PWRTRNKENXX,ELCKENXX01,1,2024,S1D4,53.64963503649634
GLOBAL,PWRTRNKENXX,ELCKENXX01,1,2024,S1D5,53.64963503649634
GLOBAL,PWRTRNKENXX,ELCKENXX01,1,2024,S2D6,39.8324040510073
GLOBAL,PWRTRNKENXX,ELCKENXX01,1,2024,S2D1,43.59430604982207
GLOBAL,PWRTRNKENXX,ELCKENXX01,1,2024,S2D2,52.795306405611015
GLOBAL,PWRTRNKENXX,ELCKENXX01,1,2024,S2D3,52.31316725978648
GLOBAL,PWRTRNKENXX,ELCKENXX01,1,2024,S2D4,57.079154461511834
GLOBAL,PWRTRNKENXX,ELCKENXX01,1,2024,S2D5,52.34704494592659
GLOBAL,PWRTRNKENXX,ELCKENXX01,1,2024,S3D6,35.18850987432675
GLOBAL,PWRTRNKENXX,ELCKENXX01,1,2024,S3D1,43.98563734290844
GLOBAL,PWRTRNKENXX,ELCKENXX01,1,2024,S3D2,52.782764811490125
GLOBAL,PWRTRNKENXX,ELCKENXX01,1,2024,S3D3,52.782764811490125
GLOBAL,PWRTRNKENXX,ELCKENXX01,1,2024,S3D4,61.57989228007182
GLOBAL,PWRTRNKENXX,ELCKENXX01,1,2024,S3D5,60.80795197607183
GLOBAL,PWRTRNKENXX,ELCKENXX01,1,2025,S1D6,36.810218978102185
GLOBAL,PWRTRNKENXX,ELCKENXX01,1,2025,S1D1,46.012773722627735
GLOBAL,PWRTRNKENXX,ELCKENXX01,1,2025,S1D2,55.21532846715328
GLOBAL,PWRTRNKENXX,ELCKENXX01,1,2025,S1D3,55.21532846715328
GLOBAL,PWRTRNKENXX,ELCKENXX01,1,2025,S1D4,55.21532846715328
GLOBAL,PWRTRNKENXX,ELCKENXX01,1,2025,S1D5,55.21532846715328
GLOBAL,PWRTRNKENXX,ELCKENXX01,1,2025,S2D6,35.8932384341637
GLOBAL,PWRTRNKENXX,ELCKENXX01,1,2025,S2D1,44.86654804270463
GLOBAL,PWRTRNKENXX,ELCKENXX01,1,2025,S2D2,53.83985765124555
GLOBAL,PWRTRNKENXX,ELCKENXX01,1,2025,S2D3,53.83985765124555
GLOBAL,PWRTRNKENXX,ELCKENXX01,1,2025,S2D4,58.87628193009352
GLOBAL,PWRTRNKENXX,ELCKENXX01,1,2025,S2D5,53.83985765124555
GLOBAL,PWRTRNKENXX,ELCKENXX01,1,2025,S3D6,36.21543985637343
GLOBAL,PWRTRNKENXX,ELCKENXX01,1,2025,S3D1,45.26929982046679
GLOBAL,PWRTRNKENXX,ELCKENXX01,1,2025,S3D2,54.32315978456015
GLOBAL,PWRTRNKENXX,ELCKENXX01,1,2025,S3D3,54.32315978456015
GLOBAL,PWRTRNKENXX,ELCKENXX01,1,2025,S3D4,63.3770197486535
GLOBAL,PWRTRNKENXX,ELCKENXX01,1,2025,S3D5,62.60507944465351
GLOBAL,PWRTRNKENXX,ELCKENXX01,1,2026,S1D6,39.91970802919708
GLOBAL,PWRTRNKENXX,ELCKENXX01,1,2026,S1D1,49.89963503649634
GLOBAL,PWRTRNKENXX,ELCKENXX01,1,2026,S1D2,59.879562043795616
GLOBAL,PWRTRNKENXX,ELCKENXX01,1,2026,S1D3,59.879562043795616
GLOBAL,PWRTRNKENXX,ELCKENXX01,1,2026,S1D4,59.879562043795616
GLOBAL,PWRTRNKENXX,ELCKENXX01,1,2026,S1D5,59.879562043795616
GLOBAL,PWRTRNKENXX,ELCKENXX01,1,2026,S2D6,38.9252669039146
GLOBAL,PWRTRNKENXX,ELCKENXX01,1,2026,S2D1,48.65658362989324
GLOBAL,PWRTRNKENXX,ELCKENXX01,1,2026,S2D2,58.387900355871885
GLOBAL,PWRTRNKENXX,ELCKENXX01,1,2026,S2D3,58.387900355871885
GLOBAL,PWRTRNKENXX,ELCKENXX01,1,2026,S2D4,64.22996236097323
GLOBAL,PWRTRNKENXX,ELCKENXX01,1,2026,S2D5,58.387900355871885
GLOBAL,PWRTRNKENXX,ELCKENXX01,1,2026,S3D6,39.27468581687613
GLOBAL,PWRTRNKENXX,ELCKENXX01,1,2026,S3D1,49.09335727109516
GLOBAL,PWRTRNKENXX,ELCKENXX01,1,2026,S3D2,58.91202872531419
GLOBAL,PWRTRNKENXX,ELCKENXX01,1,2026,S3D3,58.91202872531419
GLOBAL,PWRTRNKENXX,ELCKENXX01,1,2026,S3D4,68.73070017953322
GLOBAL,PWRTRNKENXX,ELCKENXX01,1,2026,S3D5,67.95875987553322
GLOBAL,PWRTRNKENXX,ELCKENXX01,1,2027,S1D6,43.029197080291965
GLOBAL,PWRTRNKENXX,ELCKENXX01,1,2027,S1D1,53.78649635036496
GLOBAL,PWRTRNKENXX,ELCKENXX01,1,2027,S1D2,64.54379562043795
GLOBAL,PWRTRNKENXX,ELCKENXX01,1,2027,S1D3,64.54379562043795
GLOBAL,PWRTRNKENXX,ELCKENXX01,1,2027,S1D4,64.54379562043795
GLOBAL,PWRTRNKENXX,ELCKENXX01,1,2027,S1D5,64.54379562043795
GLOBAL,PWRTRNKENXX,ELCKENXX01,1,2027,S2D6,41.95729537366548
GLOBAL,PWRTRNKENXX,ELCKENXX01,1,2027,S2D1,52.446619217081846
GLOBAL,PWRTRNKENXX,ELCKENXX01,1,2027,S2D2,62.93594306049822
GLOBAL,PWRTRNKENXX,ELCKENXX01,1,2027,S2D3,62.93594306049822
GLOBAL,PWRTRNKENXX,ELCKENXX01,1,2027,S2D4,69.58364279185294
GLOBAL,PWRTRNKENXX,ELCKENXX01,1,2027,S2D5,62.93594306049822
GLOBAL,PWRTRNKENXX,ELCKENXX01,1,2027,S3D6,42.333931777378815
GLOBAL,PWRTRNKENXX,ELCKENXX01,1,2027,S3D1,52.91741472172352
GLOBAL,PWRTRNKENXX,ELCKENXX01,1,2027,S3D2,63.50089766606822
GLOBAL,PWRTRNKENXX,ELCKENXX01,1,2027,S3D3,63.50089766606822
GLOBAL,PWRTRNKENXX,ELCKENXX01,1,2027,S3D4,74.08438061041292
GLOBAL,PWRTRNKENXX,ELCKENXX01,1,2027,S3D5,73.31244030641292
GLOBAL,PWRTRNKENXX,ELCKENXX01,1,2028,S1D6,46.13868613138686
GLOBAL,PWRTRNKENXX,ELCKENXX01,1,2028,S1D1,57.67335766423357
GLOBAL,PWRTRNKENXX,ELCKENXX01,1,2028,S1D2,69.2080291970803
GLOBAL,PWRTRNKENXX,ELCKENXX01,1,2028,S1D3,69.2080291970803
GLOBAL,PWRTRNKENXX,ELCKENXX01,1,2028,S1D4,69.2080291970803
GLOBAL,PWRTRNKENXX,ELCKENXX01,1,2028,S1D5,69.2080291970803
GLOBAL,PWRTRNKENXX,ELCKENXX01,1,2028,S2D6,44.989323843416365
GLOBAL,PWRTRNKENXX,ELCKENXX01,1,2028,S2D1,56.23665480427046
GLOBAL,PWRTRNKENXX,ELCKENXX01,1,2028,S2D2,67.48398576512456
GLOBAL,PWRTRNKENXX,ELCKENXX01,1,2028,S2D3,67.48398576512456
GLOBAL,PWRTRNKENXX,ELCKENXX01,1,2028,S2D4,74.93732322273263
GLOBAL,PWRTRNKENXX,ELCKENXX01,1,2028,S2D5,67.48398576512456
GLOBAL,PWRTRNKENXX,ELCKENXX01,1,2028,S3D6,45.39317773788151
GLOBAL,PWRTRNKENXX,ELCKENXX01,1,2028,S3D1,56.74147217235189
GLOBAL,PWRTRNKENXX,ELCKENXX01,1,2028,S3D2,68.08976660682227
GLOBAL,PWRTRNKENXX,ELCKENXX01,1,2028,S3D3,68.08976660682227
GLOBAL,PWRTRNKENXX,ELCKENXX01,1,2028,S3D4,79.43806104129263
GLOBAL,PWRTRNKENXX,ELCKENXX01,1,2028,S3D5,78.66612073729263
GLOBAL,PWRTRNKENXX,ELCKENXX01,1,2029,S1D6,49.255474452554736
GLOBAL,PWRTRNKENXX,ELCKENXX01,1,2029,S1D1,61.56934306569343
GLOBAL,PWRTRNKENXX,ELCKENXX01,1,2029,S1D2,73.88321167883211
GLOBAL,PWRTRNKENXX,ELCKENXX01,1,2029,S1D3,73.88321167883211
GLOBAL,PWRTRNKENXX,ELCKENXX01,1,2029,S1D4,73.88321167883211
GLOBAL,PWRTRNKENXX,ELCKENXX01,1,2029,S1D5,73.88321167883211
GLOBAL,PWRTRNKENXX,ELCKENXX01,1,2029,S2D6,48.02846975088968
GLOBAL,PWRTRNKENXX,ELCKENXX01,1,2029,S2D1,60.035587188612105
GLOBAL,PWRTRNKENXX,ELCKENXX01,1,2029,S2D2,72.04270462633451
GLOBAL,PWRTRNKENXX,ELCKENXX01,1,2029,S2D3,72.04270462633451
GLOBAL,PWRTRNKENXX,ELCKENXX01,1,2029,S2D4,80.30357097856749
GLOBAL,PWRTRNKENXX,ELCKENXX01,1,2029,S2D5,72.04270462633451
GLOBAL,PWRTRNKENXX,ELCKENXX01,1,2029,S3D6,48.45960502692998
GLOBAL,PWRTRNKENXX,ELCKENXX01,1,2029,S3D1,60.57450628366248
GLOBAL,PWRTRNKENXX,ELCKENXX01,1,2029,S3D2,72.68940754039497
GLOBAL,PWRTRNKENXX,ELCKENXX01,1,2029,S3D3,72.68940754039497
GLOBAL,PWRTRNKENXX,ELCKENXX01,1,2029,S3D4,84.80430879712748
GLOBAL,PWRTRNKENXX,ELCKENXX01,1,2029,S3D5,84.03236849312745
GLOBAL,PWRTRNKENXX,ELCKENXX01,1,2030,S1D6,52.36496350364963
GLOBAL,PWRTRNKENXX,ELCKENXX01,1,2030,S1D1,65.45620437956205
GLOBAL,PWRTRNKENXX,ELCKENXX01,1,2030,S1D2,78.54744525547444
GLOBAL,PWRTRNKENXX,ELCKENXX01,1,2030,S1D3,78.54744525547444
GLOBAL,PWRTRNKENXX,ELCKENXX01,1,2030,S1D4,78.54744525547444
GLOBAL,PWRTRNKENXX,ELCKENXX01,1,2030,S1D5,78.54744525547444
GLOBAL,PWRTRNKENXX,ELCKENXX01,1,2030,S2D6,51.060498220640575
GLOBAL,PWRTRNKENXX,ELCKENXX01,1,2030,S2D1,63.82562277580072
GLOBAL,PWRTRNKENXX,ELCKENXX01,1,2030,S2D2,76.59074733096085
GLOBAL,PWRTRNKENXX,ELCKENXX01,1,2030,S2D3,76.59074733096085
GLOBAL,PWRTRNKENXX,ELCKENXX01,1,2030,S2D4,85.65725140944717
GLOBAL,PWRTRNKENXX,ELCKENXX01,1,2030,S2D5,76.59074733096085
GLOBAL,PWRTRNKENXX,ELCKENXX01,1,2030,S3D6,51.51885098743268
GLOBAL,PWRTRNKENXX,ELCKENXX01,1,2030,S3D1,64.39856373429085
GLOBAL,PWRTRNKENXX,ELCKENXX01,1,2030,S3D2,77.27827648114902
GLOBAL,PWRTRNKENXX,ELCKENXX01,1,2030,S3D3,77.27827648114902
GLOBAL,PWRTRNKENXX,ELCKENXX01,1,2030,S3D4,90.15798922800718
GLOBAL,PWRTRNKENXX,ELCKENXX01,1,2030,S3D5,89.38604892400716
GLOBAL,PWRTRNKENXX,ELCKENXX01,1,2031,S1D6,55.941605839416056
GLOBAL,PWRTRNKENXX,ELCKENXX01,1,2031,S1D1,69.92700729927007
GLOBAL,PWRTRNKENXX,ELCKENXX01,1,2031,S1D2,83.91240875912406
GLOBAL,PWRTRNKENXX,ELCKENXX01,1,2031,S1D3,83.91240875912406
GLOBAL,PWRTRNKENXX,ELCKENXX01,1,2031,S1D4,83.91240875912406
GLOBAL,PWRTRNKENXX,ELCKENXX01,1,2031,S1D5,83.91240875912406
GLOBAL,PWRTRNKENXX,ELCKENXX01,1,2031,S2D6,54.548042704626326
GLOBAL,PWRTRNKENXX,ELCKENXX01,1,2031,S2D1,68.18505338078292
GLOBAL,PWRTRNKENXX,ELCKENXX01,1,2031,S2D2,81.8220640569395
GLOBAL,PWRTRNKENXX,ELCKENXX01,1,2031,S2D3,81.8220640569395
GLOBAL,PWRTRNKENXX,ELCKENXX01,1,2031,S2D4,91.81524063745437
GLOBAL,PWRTRNKENXX,ELCKENXX01,1,2031,S2D5,81.8220640569395
GLOBAL,PWRTRNKENXX,ELCKENXX01,1,2031,S3D6,55.03770197486535
GLOBAL,PWRTRNKENXX,ELCKENXX01,1,2031,S3D1,68.79712746858169
GLOBAL,PWRTRNKENXX,ELCKENXX01,1,2031,S3D2,82.55655296229801
GLOBAL,PWRTRNKENXX,ELCKENXX01,1,2031,S3D3,82.55655296229801
GLOBAL,PWRTRNKENXX,ELCKENXX01,1,2031,S3D4,96.31597845601436
GLOBAL,PWRTRNKENXX,ELCKENXX01,1,2031,S3D5,95.54403815201437
GLOBAL,PWRTRNKENXX,ELCKENXX01,1,2032,S1D6,59.52554744525548
GLOBAL,PWRTRNKENXX,ELCKENXX01,1,2032,S1D1,74.40693430656934
GLOBAL,PWRTRNKENXX,ELCKENXX01,1,2032,S1D2,89.28832116788321
GLOBAL,PWRTRNKENXX,ELCKENXX01,1,2032,S1D3,89.28832116788321
GLOBAL,PWRTRNKENXX,ELCKENXX01,1,2032,S1D4,89.28832116788321
GLOBAL,PWRTRNKENXX,ELCKENXX01,1,2032,S1D5,89.28832116788321
GLOBAL,PWRTRNKENXX,ELCKENXX01,1,2032,S2D6,58.04270462633452
GLOBAL,PWRTRNKENXX,ELCKENXX01,1,2032,S2D1,72.55338078291814
GLOBAL,PWRTRNKENXX,ELCKENXX01,1,2032,S2D2,87.40940633330105
GLOBAL,PWRTRNKENXX,ELCKENXX01,1,2032,S2D3,87.06405693950178
GLOBAL,PWRTRNKENXX,ELCKENXX01,1,2032,S2D4,97.98579719041666
GLOBAL,PWRTRNKENXX,ELCKENXX01,1,2032,S2D5,87.40940633330102
GLOBAL,PWRTRNKENXX,ELCKENXX01,1,2032,S3D6,58.56373429084381
GLOBAL,PWRTRNKENXX,ELCKENXX01,1,2032,S3D1,73.20466786355473
GLOBAL,PWRTRNKENXX,ELCKENXX01,1,2032,S3D2,87.84560143626571
GLOBAL,PWRTRNKENXX,ELCKENXX01,1,2032,S3D3,87.84560143626571
GLOBAL,PWRTRNKENXX,ELCKENXX01,1,2032,S3D4,102.48653500897666
GLOBAL,PWRTRNKENXX,ELCKENXX01,1,2032,S3D5,101.71459470497666
GLOBAL,PWRTRNKENXX,ELCKENXX01,1,2033,S1D6,63.10948905109489
GLOBAL,PWRTRNKENXX,ELCKENXX01,1,2033,S1D1,78.88686131386862
GLOBAL,PWRTRNKENXX,ELCKENXX01,1,2033,S1D2,94.66423357664232
GLOBAL,PWRTRNKENXX,ELCKENXX01,1,2033,S1D3,94.66423357664232
GLOBAL,PWRTRNKENXX,ELCKENXX01,1,2033,S1D4,94.66423357664232
GLOBAL,PWRTRNKENXX,ELCKENXX01,1,2033,S1D5,94.66423357664232
GLOBAL,PWRTRNKENXX,ELCKENXX01,1,2033,S2D6,61.53736654804271
GLOBAL,PWRTRNKENXX,ELCKENXX01,1,2033,S2D1,76.92170818505339
GLOBAL,PWRTRNKENXX,ELCKENXX01,1,2033,S2D2,92.55163801466516
GLOBAL,PWRTRNKENXX,ELCKENXX01,1,2033,S2D3,92.30604982206403
GLOBAL,PWRTRNKENXX,ELCKENXX01,1,2033,S2D4,104.15635374337894
GLOBAL,PWRTRNKENXX,ELCKENXX01,1,2033,S2D5,92.5516380146652
GLOBAL,PWRTRNKENXX,ELCKENXX01,1,2033,S3D6,62.089766606822266
GLOBAL,PWRTRNKENXX,ELCKENXX01,1,2033,S3D1,77.61220825852784
GLOBAL,PWRTRNKENXX,ELCKENXX01,1,2033,S3D2,93.1346499102334
GLOBAL,PWRTRNKENXX,ELCKENXX01,1,2033,S3D3,93.1346499102334
GLOBAL,PWRTRNKENXX,ELCKENXX01,1,2033,S3D4,108.65709156193896
GLOBAL,PWRTRNKENXX,ELCKENXX01,1,2033,S3D5,107.88515125793892
GLOBAL,PWRTRNKENXX,ELCKENXX01,1,2034,S1D6,66.6934306569343
GLOBAL,PWRTRNKENXX,ELCKENXX01,1,2034,S1D1,83.36678832116787
GLOBAL,PWRTRNKENXX,ELCKENXX01,1,2034,S1D2,100.04014598540144
GLOBAL,PWRTRNKENXX,ELCKENXX01,1,2034,S1D3,100.04014598540144
GLOBAL,PWRTRNKENXX,ELCKENXX01,1,2034,S1D4,100.04014598540144
GLOBAL,PWRTRNKENXX,ELCKENXX01,1,2034,S1D5,100.04014598540144
GLOBAL,PWRTRNKENXX,ELCKENXX01,1,2034,S2D6,65.03202846975088
GLOBAL,PWRTRNKENXX,ELCKENXX01,1,2034,S2D1,81.29003558718861
GLOBAL,PWRTRNKENXX,ELCKENXX01,1,2034,S2D2,97.69400165529007
GLOBAL,PWRTRNKENXX,ELCKENXX01,1,2034,S2D3,97.54804270462633
GLOBAL,PWRTRNKENXX,ELCKENXX01,1,2034,S2D4,110.32691029634124
GLOBAL,PWRTRNKENXX,ELCKENXX01,1,2034,S2D5,97.69400165529005
GLOBAL,PWRTRNKENXX,ELCKENXX01,1,2034,S3D6,65.61579892280072
GLOBAL,PWRTRNKENXX,ELCKENXX01,1,2034,S3D1,82.0197486535009
GLOBAL,PWRTRNKENXX,ELCKENXX01,1,2034,S3D2,98.42369838420109
GLOBAL,PWRTRNKENXX,ELCKENXX01,1,2034,S3D3,98.42369838420109
GLOBAL,PWRTRNKENXX,ELCKENXX01,1,2034,S3D4,114.82764811490128
GLOBAL,PWRTRNKENXX,ELCKENXX01,1,2034,S3D5,114.05570781090124
GLOBAL,PWRTRNKENXX,ELCKENXX01,1,2035,S1D6,70.27007299270073
GLOBAL,PWRTRNKENXX,ELCKENXX01,1,2035,S1D1,87.83759124087592
GLOBAL,PWRTRNKENXX,ELCKENXX01,1,2035,S1D2,105.4051094890511
GLOBAL,PWRTRNKENXX,ELCKENXX01,1,2035,S1D3,105.4051094890511
GLOBAL,PWRTRNKENXX,ELCKENXX01,1,2035,S1D4,105.4051094890511
GLOBAL,PWRTRNKENXX,ELCKENXX01,1,2035,S1D5,105.4051094890511
GLOBAL,PWRTRNKENXX,ELCKENXX01,1,2035,S2D6,68.51957295373666
GLOBAL,PWRTRNKENXX,ELCKENXX01,1,2035,S2D1,85.64946619217082
GLOBAL,PWRTRNKENXX,ELCKENXX01,1,2035,S2D2,102.82555718007052
GLOBAL,PWRTRNKENXX,ELCKENXX01,1,2035,S2D3,102.77935943060498
GLOBAL,PWRTRNKENXX,ELCKENXX01,1,2035,S2D4,116.48489952434846
GLOBAL,PWRTRNKENXX,ELCKENXX01,1,2035,S2D5,102.82555718007056
GLOBAL,PWRTRNKENXX,ELCKENXX01,1,2035,S3D6,69.13464991023339
GLOBAL,PWRTRNKENXX,ELCKENXX01,1,2035,S3D1,86.41831238779174
GLOBAL,PWRTRNKENXX,ELCKENXX01,1,2035,S3D2,103.7019748653501
GLOBAL,PWRTRNKENXX,ELCKENXX01,1,2035,S3D3,103.7019748653501
GLOBAL,PWRTRNKENXX,ELCKENXX01,1,2035,S3D4,120.98563734290845
GLOBAL,PWRTRNKENXX,ELCKENXX01,1,2035,S3D5,120.21369703890844
GLOBAL,PWRTRNKENXX,ELCKENXX01,1,2036,S1D6,74.41605839416057
GLOBAL,PWRTRNKENXX,ELCKENXX01,1,2036,S1D1,93.02007299270072
GLOBAL,PWRTRNKENXX,ELCKENXX01,1,2036,S1D2,111.62408759124088
GLOBAL,PWRTRNKENXX,ELCKENXX01,1,2036,S1D3,111.62408759124088
GLOBAL,PWRTRNKENXX,ELCKENXX01,1,2036,S1D4,111.62408759124088
GLOBAL,PWRTRNKENXX,ELCKENXX01,1,2036,S1D5,111.62408759124088
GLOBAL,PWRTRNKENXX,ELCKENXX01,1,2036,S2D6,72.56227758007118
GLOBAL,PWRTRNKENXX,ELCKENXX01,1,2036,S2D1,90.70284697508896
GLOBAL,PWRTRNKENXX,ELCKENXX01,1,2036,S2D2,108.84341637010677
GLOBAL,PWRTRNKENXX,ELCKENXX01,1,2036,S2D3,108.84341637010677
GLOBAL,PWRTRNKENXX,ELCKENXX01,1,2036,S2D4,123.62314009885476
GLOBAL,PWRTRNKENXX,ELCKENXX01,1,2036,S2D5,108.84341637010677
GLOBAL,PWRTRNKENXX,ELCKENXX01,1,2036,S3D6,73.21364452423698
GLOBAL,PWRTRNKENXX,ELCKENXX01,1,2036,S3D1,91.51705565529625
GLOBAL,PWRTRNKENXX,ELCKENXX01,1,2036,S3D2,109.82046678635548
GLOBAL,PWRTRNKENXX,ELCKENXX01,1,2036,S3D3,109.82046678635548
GLOBAL,PWRTRNKENXX,ELCKENXX01,1,2036,S3D4,128.12387791741472
GLOBAL,PWRTRNKENXX,ELCKENXX01,1,2036,S3D5,127.35193761341476
GLOBAL,PWRTRNKENXX,ELCKENXX01,1,2037,S1D6,78.55474452554746
GLOBAL,PWRTRNKENXX,ELCKENXX01,1,2037,S1D1,98.19343065693432
GLOBAL,PWRTRNKENXX,ELCKENXX01,1,2037,S1D2,117.83211678832116
GLOBAL,PWRTRNKENXX,ELCKENXX01,1,2037,S1D3,117.83211678832116
GLOBAL,PWRTRNKENXX,ELCKENXX01,1,2037,S1D4,117.83211678832116
GLOBAL,PWRTRNKENXX,ELCKENXX01,1,2037,S1D5,117.83211678832116
GLOBAL,PWRTRNKENXX,ELCKENXX01,1,2037,S2D6,76.59786476868328
GLOBAL,PWRTRNKENXX,ELCKENXX01,1,2037,S2D1,95.7473309608541
GLOBAL,PWRTRNKENXX,ELCKENXX01,1,2037,S2D2,114.89679715302492
GLOBAL,PWRTRNKENXX,ELCKENXX01,1,2037,S2D3,114.89679715302492
GLOBAL,PWRTRNKENXX,ELCKENXX01,1,2037,S2D4,130.74881334840592
GLOBAL,PWRTRNKENXX,ELCKENXX01,1,2037,S2D5,114.89679715302492
GLOBAL,PWRTRNKENXX,ELCKENXX01,1,2037,S3D6,77.28545780969479
GLOBAL,PWRTRNKENXX,ELCKENXX01,1,2037,S3D1,96.6068222621185
GLOBAL,PWRTRNKENXX,ELCKENXX01,1,2037,S3D2,115.9281867145422
GLOBAL,PWRTRNKENXX,ELCKENXX01,1,2037,S3D3,115.9281867145422
GLOBAL,PWRTRNKENXX,ELCKENXX01,1,2037,S3D4,135.2495511669659
GLOBAL,PWRTRNKENXX,ELCKENXX01,1,2037,S3D5,134.47761086296592
GLOBAL,PWRTRNKENXX,ELCKENXX01,1,2038,S1D6,82.7007299270073
GLOBAL,PWRTRNKENXX,ELCKENXX01,1,2038,S1D1,103.37591240875912
GLOBAL,PWRTRNKENXX,ELCKENXX01,1,2038,S1D2,124.05109489051095
GLOBAL,PWRTRNKENXX,ELCKENXX01,1,2038,S1D3,124.05109489051095
GLOBAL,PWRTRNKENXX,ELCKENXX01,1,2038,S1D4,124.05109489051095
GLOBAL,PWRTRNKENXX,ELCKENXX01,1,2038,S1D5,124.05109489051095
GLOBAL,PWRTRNKENXX,ELCKENXX01,1,2038,S2D6,80.64056939501779
GLOBAL,PWRTRNKENXX,ELCKENXX01,1,2038,S2D1,100.80071174377224
GLOBAL,PWRTRNKENXX,ELCKENXX01,1,2038,S2D2,120.96085409252667
GLOBAL,PWRTRNKENXX,ELCKENXX01,1,2038,S2D3,120.96085409252667
GLOBAL,PWRTRNKENXX,ELCKENXX01,1,2038,S2D4,137.8870539229122
GLOBAL,PWRTRNKENXX,ELCKENXX01,1,2038,S2D5,120.96085409252667
GLOBAL,PWRTRNKENXX,ELCKENXX01,1,2038,S3D6,81.36445242369838
GLOBAL,PWRTRNKENXX,ELCKENXX01,1,2038,S3D1,101.705565529623
GLOBAL,PWRTRNKENXX,ELCKENXX01,1,2038,S3D2,122.04667863554758
GLOBAL,PWRTRNKENXX,ELCKENXX01,1,2038,S3D3,122.04667863554758
GLOBAL,PWRTRNKENXX,ELCKENXX01,1,2038,S3D4,142.38779174147217
GLOBAL,PWRTRNKENXX,ELCKENXX01,1,2038,S3D5,141.6158514374722
GLOBAL,PWRTRNKENXX,ELCKENXX01,1,2039,S1D6,86.83941605839415
GLOBAL,PWRTRNKENXX,ELCKENXX01,1,2039,S1D1,108.5492700729927
GLOBAL,PWRTRNKENXX,ELCKENXX01,1,2039,S1D2,130.25912408759123
GLOBAL,PWRTRNKENXX,ELCKENXX01,1,2039,S1D3,130.25912408759123
GLOBAL,PWRTRNKENXX,ELCKENXX01,1,2039,S1D4,130.25912408759123
GLOBAL,PWRTRNKENXX,ELCKENXX01,1,2039,S1D5,130.25912408759123
GLOBAL,PWRTRNKENXX,ELCKENXX01,1,2039,S2D6,84.67615658362989
GLOBAL,PWRTRNKENXX,ELCKENXX01,1,2039,S2D1,105.84519572953737
GLOBAL,PWRTRNKENXX,ELCKENXX01,1,2039,S2D2,127.01423487544484
GLOBAL,PWRTRNKENXX,ELCKENXX01,1,2039,S2D3,127.01423487544484
GLOBAL,PWRTRNKENXX,ELCKENXX01,1,2039,S2D4,145.01272717246337
GLOBAL,PWRTRNKENXX,ELCKENXX01,1,2039,S2D5,127.01423487544484
GLOBAL,PWRTRNKENXX,ELCKENXX01,1,2039,S3D6,85.43626570915619
GLOBAL,PWRTRNKENXX,ELCKENXX01,1,2039,S3D1,106.79533213644524
GLOBAL,PWRTRNKENXX,ELCKENXX01,1,2039,S3D2,128.1543985637343
GLOBAL,PWRTRNKENXX,ELCKENXX01,1,2039,S3D3,128.1543985637343
GLOBAL,PWRTRNKENXX,ELCKENXX01,1,2039,S3D4,149.51346499102334
GLOBAL,PWRTRNKENXX,ELCKENXX01,1,2039,S3D5,148.74152468702334
GLOBAL,PWRTRNKENXX,ELCKENXX01,1,2040,S1D6,90.985401459854
GLOBAL,PWRTRNKENXX,ELCKENXX01,1,2040,S1D1,113.73175182481752
GLOBAL,PWRTRNKENXX,ELCKENXX01,1,2040,S1D2,136.47810218978103
GLOBAL,PWRTRNKENXX,ELCKENXX01,1,2040,S1D3,136.47810218978103
GLOBAL,PWRTRNKENXX,ELCKENXX01,1,2040,S1D4,136.47810218978103
GLOBAL,PWRTRNKENXX,ELCKENXX01,1,2040,S1D5,136.47810218978103
GLOBAL,PWRTRNKENXX,ELCKENXX01,1,2040,S2D6,88.7188612099644
GLOBAL,PWRTRNKENXX,ELCKENXX01,1,2040,S2D1,110.89857651245552
GLOBAL,PWRTRNKENXX,ELCKENXX01,1,2040,S2D2,133.07829181494662
GLOBAL,PWRTRNKENXX,ELCKENXX01,1,2040,S2D3,133.07829181494662
GLOBAL,PWRTRNKENXX,ELCKENXX01,1,2040,S2D4,152.15096774696966
GLOBAL,PWRTRNKENXX,ELCKENXX01,1,2040,S2D5,133.07829181494662
GLOBAL,PWRTRNKENXX,ELCKENXX01,1,2040,S3D6,89.5152603231598
GLOBAL,PWRTRNKENXX,ELCKENXX01,1,2040,S3D1,111.89407540394971
GLOBAL,PWRTRNKENXX,ELCKENXX01,1,2040,S3D2,134.2728904847397
GLOBAL,PWRTRNKENXX,ELCKENXX01,1,2040,S3D3,134.2728904847397
GLOBAL,PWRTRNKENXX,ELCKENXX01,1,2040,S3D4,156.65170556552962
GLOBAL,PWRTRNKENXX,ELCKENXX01,1,2040,S3D5,155.8797652615296
GLOBAL,PWRTRNKENXX,ELCKENXX01,1,2041,S1D6,96.13138686131384
GLOBAL,PWRTRNKENXX,ELCKENXX01,1,2041,S1D1,120.16423357664232
GLOBAL,PWRTRNKENXX,ELCKENXX01,1,2041,S1D2,144.1970802919708
GLOBAL,PWRTRNKENXX,ELCKENXX01,1,2041,S1D3,144.1970802919708
GLOBAL,PWRTRNKENXX,ELCKENXX01,1,2041,S1D4,144.1970802919708
GLOBAL,PWRTRNKENXX,ELCKENXX01,1,2041,S1D5,144.1970802919708
GLOBAL,PWRTRNKENXX,ELCKENXX01,1,2041,S2D6,93.73665480427043
GLOBAL,PWRTRNKENXX,ELCKENXX01,1,2041,S2D1,117.17081850533808
GLOBAL,PWRTRNKENXX,ELCKENXX01,1,2041,S2D2,140.6049822064057
GLOBAL,PWRTRNKENXX,ELCKENXX01,1,2041,S2D3,140.6049822064057
GLOBAL,PWRTRNKENXX,ELCKENXX01,1,2041,S2D4,161.01093184032683
GLOBAL,PWRTRNKENXX,ELCKENXX01,1,2041,S2D5,140.6049822064057
GLOBAL,PWRTRNKENXX,ELCKENXX01,1,2041,S3D6,94.57809694793536
GLOBAL,PWRTRNKENXX,ELCKENXX01,1,2041,S3D1,118.2226211849192
GLOBAL,PWRTRNKENXX,ELCKENXX01,1,2041,S3D2,141.86714542190305
GLOBAL,PWRTRNKENXX,ELCKENXX01,1,2041,S3D3,141.86714542190305
GLOBAL,PWRTRNKENXX,ELCKENXX01,1,2041,S3D4,165.5116696588869
GLOBAL,PWRTRNKENXX,ELCKENXX01,1,2041,S3D5,164.7397293548868
GLOBAL,PWRTRNKENXX,ELCKENXX01,1,2042,S1D6,101.27007299270072
GLOBAL,PWRTRNKENXX,ELCKENXX01,1,2042,S1D1,126.58759124087592
GLOBAL,PWRTRNKENXX,ELCKENXX01,1,2042,S1D2,151.9051094890511
GLOBAL,PWRTRNKENXX,ELCKENXX01,1,2042,S1D3,151.9051094890511
GLOBAL,PWRTRNKENXX,ELCKENXX01,1,2042,S1D4,151.9051094890511
GLOBAL,PWRTRNKENXX,ELCKENXX01,1,2042,S1D5,151.9051094890511
GLOBAL,PWRTRNKENXX,ELCKENXX01,1,2042,S2D6,98.74733096085409
GLOBAL,PWRTRNKENXX,ELCKENXX01,1,2042,S2D1,123.43416370106762
GLOBAL,PWRTRNKENXX,ELCKENXX01,1,2042,S2D2,148.12099644128116
GLOBAL,PWRTRNKENXX,ELCKENXX01,1,2042,S2D3,148.12099644128116
GLOBAL,PWRTRNKENXX,ELCKENXX01,1,2042,S2D4,169.85832860872904
GLOBAL,PWRTRNKENXX,ELCKENXX01,1,2042,S2D5,148.12099644128116
GLOBAL,PWRTRNKENXX,ELCKENXX01,1,2042,S3D6,99.63375224416515
GLOBAL,PWRTRNKENXX,ELCKENXX01,1,2042,S3D1,124.54219030520647
GLOBAL,PWRTRNKENXX,ELCKENXX01,1,2042,S3D2,149.45062836624777
GLOBAL,PWRTRNKENXX,ELCKENXX01,1,2042,S3D3,149.45062836624777
GLOBAL,PWRTRNKENXX,ELCKENXX01,1,2042,S3D4,174.35906642728906
GLOBAL,PWRTRNKENXX,ELCKENXX01,1,2042,S3D5,173.587126123289
GLOBAL,PWRTRNKENXX,ELCKENXX01,1,2043,S1D6,106.41605839416056
GLOBAL,PWRTRNKENXX,ELCKENXX01,1,2043,S1D1,133.02007299270073
GLOBAL,PWRTRNKENXX,ELCKENXX01,1,2043,S1D2,159.62408759124088
GLOBAL,PWRTRNKENXX,ELCKENXX01,1,2043,S1D3,159.62408759124088
GLOBAL,PWRTRNKENXX,ELCKENXX01,1,2043,S1D4,159.62408759124088
GLOBAL,PWRTRNKENXX,ELCKENXX01,1,2043,S1D5,159.62408759124088
GLOBAL,PWRTRNKENXX,ELCKENXX01,1,2043,S2D6,103.76512455516014
GLOBAL,PWRTRNKENXX,ELCKENXX01,1,2043,S2D1,129.7064056939502
GLOBAL,PWRTRNKENXX,ELCKENXX01,1,2043,S2D2,155.64768683274022
GLOBAL,PWRTRNKENXX,ELCKENXX01,1,2043,S2D3,155.64768683274022
GLOBAL,PWRTRNKENXX,ELCKENXX01,1,2043,S2D4,178.71829270208625
GLOBAL,PWRTRNKENXX,ELCKENXX01,1,2043,S2D5,155.64768683274022
GLOBAL,PWRTRNKENXX,ELCKENXX01,1,2043,S3D6,104.69658886894076
GLOBAL,PWRTRNKENXX,ELCKENXX01,1,2043,S3D1,130.87073608617595
GLOBAL,PWRTRNKENXX,ELCKENXX01,1,2043,S3D2,157.04488330341115
GLOBAL,PWRTRNKENXX,ELCKENXX01,1,2043,S3D3,157.04488330341115
GLOBAL,PWRTRNKENXX,ELCKENXX01,1,2043,S3D4,183.21903052064633
GLOBAL,PWRTRNKENXX,ELCKENXX01,1,2043,S3D5,182.44709021664625
GLOBAL,PWRTRNKENXX,ELCKENXX01,1,2044,S1D6,111.56204379562044
GLOBAL,PWRTRNKENXX,ELCKENXX01,1,2044,S1D1,139.45255474452554
GLOBAL,PWRTRNKENXX,ELCKENXX01,1,2044,S1D2,167.34306569343067
GLOBAL,PWRTRNKENXX,ELCKENXX01,1,2044,S1D3,167.34306569343067
GLOBAL,PWRTRNKENXX,ELCKENXX01,1,2044,S1D4,167.34306569343067
GLOBAL,PWRTRNKENXX,ELCKENXX01,1,2044,S1D5,167.34306569343067
GLOBAL,PWRTRNKENXX,ELCKENXX01,1,2044,S2D6,108.78291814946618
GLOBAL,PWRTRNKENXX,ELCKENXX01,1,2044,S2D1,135.97864768683274
GLOBAL,PWRTRNKENXX,ELCKENXX01,1,2044,S2D2,163.1743772241993
GLOBAL,PWRTRNKENXX,ELCKENXX01,1,2044,S2D3,163.1743772241993
GLOBAL,PWRTRNKENXX,ELCKENXX01,1,2044,S2D4,187.5782567954436
GLOBAL,PWRTRNKENXX,ELCKENXX01,1,2044,S2D5,163.1743772241993
GLOBAL,PWRTRNKENXX,ELCKENXX01,1,2044,S3D6,109.75942549371634
GLOBAL,PWRTRNKENXX,ELCKENXX01,1,2044,S3D1,137.19928186714543
GLOBAL,PWRTRNKENXX,ELCKENXX01,1,2044,S3D2,164.6391382405745
GLOBAL,PWRTRNKENXX,ELCKENXX01,1,2044,S3D3,164.6391382405745
GLOBAL,PWRTRNKENXX,ELCKENXX01,1,2044,S3D4,192.0789946140036
GLOBAL,PWRTRNKENXX,ELCKENXX01,1,2044,S3D5,191.30705431000356
GLOBAL,PWRTRNKENXX,ELCKENXX01,1,2045,S1D6,116.70802919708028
GLOBAL,PWRTRNKENXX,ELCKENXX01,1,2045,S1D1,145.88503649635038
GLOBAL,PWRTRNKENXX,ELCKENXX01,1,2045,S1D2,175.06204379562044
GLOBAL,PWRTRNKENXX,ELCKENXX01,1,2045,S1D3,175.06204379562044
GLOBAL,PWRTRNKENXX,ELCKENXX01,1,2045,S1D4,175.06204379562044
GLOBAL,PWRTRNKENXX,ELCKENXX01,1,2045,S1D5,175.06204379562044
GLOBAL,PWRTRNKENXX,ELCKENXX01,1,2045,S2D6,113.80071174377224
GLOBAL,PWRTRNKENXX,ELCKENXX01,1,2045,S2D1,142.2508896797153
GLOBAL,PWRTRNKENXX,ELCKENXX01,1,2045,S2D2,170.7010676156584
GLOBAL,PWRTRNKENXX,ELCKENXX01,1,2045,S2D3,170.7010676156584
GLOBAL,PWRTRNKENXX,ELCKENXX01,1,2045,S2D4,196.4673916888009
GLOBAL,PWRTRNKENXX,ELCKENXX01,1,2045,S2D5,170.7010676156584
GLOBAL,PWRTRNKENXX,ELCKENXX01,1,2045,S3D6,114.82226211849192
GLOBAL,PWRTRNKENXX,ELCKENXX01,1,2045,S3D1,143.5278276481149
GLOBAL,PWRTRNKENXX,ELCKENXX01,1,2045,S3D2,172.2333931777379
GLOBAL,PWRTRNKENXX,ELCKENXX01,1,2045,S3D3,172.2333931777379
GLOBAL,PWRTRNKENXX,ELCKENXX01,1,2045,S3D4,200.93895870736085
GLOBAL,PWRTRNKENXX,ELCKENXX01,1,2045,S3D5,200.9389587073605
GLOBAL,PWRTRNKENXX,ELCKENXX01,1,2046,S1D6,123.16058394160584
GLOBAL,PWRTRNKENXX,ELCKENXX01,1,2046,S1D1,153.9507299270073
GLOBAL,PWRTRNKENXX,ELCKENXX01,1,2046,S1D2,184.74087591240877
GLOBAL,PWRTRNKENXX,ELCKENXX01,1,2046,S1D3,184.74087591240877
GLOBAL,PWRTRNKENXX,ELCKENXX01,1,2046,S1D4,184.74087591240877
GLOBAL,PWRTRNKENXX,ELCKENXX01,1,2046,S1D5,184.74087591240877
GLOBAL,PWRTRNKENXX,ELCKENXX01,1,2046,S2D6,120.09252669039148
GLOBAL,PWRTRNKENXX,ELCKENXX01,1,2046,S2D1,150.11565836298934
GLOBAL,PWRTRNKENXX,ELCKENXX01,1,2046,S2D2,180.13879003558716
GLOBAL,PWRTRNKENXX,ELCKENXX01,1,2046,S2D3,180.13879003558716
GLOBAL,PWRTRNKENXX,ELCKENXX01,1,2046,S2D4,207.576906949124
GLOBAL,PWRTRNKENXX,ELCKENXX01,1,2046,S2D5,180.13879003558716
GLOBAL,PWRTRNKENXX,ELCKENXX01,1,2046,S3D6,121.1705565529623
GLOBAL,PWRTRNKENXX,ELCKENXX01,1,2046,S3D1,151.46319569120288
GLOBAL,PWRTRNKENXX,ELCKENXX01,1,2046,S3D2,181.75583482944344
GLOBAL,PWRTRNKENXX,ELCKENXX01,1,2046,S3D3,181.75583482944344
GLOBAL,PWRTRNKENXX,ELCKENXX01,1,2046,S3D4,212.04847396768403
GLOBAL,PWRTRNKENXX,ELCKENXX01,1,2046,S3D5,212.0484739676837
GLOBAL,PWRTRNKENXX,ELCKENXX01,1,2047,S1D6,129.62043795620437
GLOBAL,PWRTRNKENXX,ELCKENXX01,1,2047,S1D1,162.02554744525546
GLOBAL,PWRTRNKENXX,ELCKENXX01,1,2047,S1D2,194.43065693430657
GLOBAL,PWRTRNKENXX,ELCKENXX01,1,2047,S1D3,194.43065693430657
GLOBAL,PWRTRNKENXX,ELCKENXX01,1,2047,S1D4,194.43065693430657
GLOBAL,PWRTRNKENXX,ELCKENXX01,1,2047,S1D5,194.43065693430657
GLOBAL,PWRTRNKENXX,ELCKENXX01,1,2047,S2D6,126.39145907473312
GLOBAL,PWRTRNKENXX,ELCKENXX01,1,2047,S2D1,157.98932384341637
GLOBAL,PWRTRNKENXX,ELCKENXX01,1,2047,S2D2,189.58718861209965
GLOBAL,PWRTRNKENXX,ELCKENXX01,1,2047,S2D3,189.58718861209965
GLOBAL,PWRTRNKENXX,ELCKENXX01,1,2047,S2D4,218.69898953440224
GLOBAL,PWRTRNKENXX,ELCKENXX01,1,2047,S2D5,189.58718861209965
GLOBAL,PWRTRNKENXX,ELCKENXX01,1,2047,S3D6,127.52603231597844
GLOBAL,PWRTRNKENXX,ELCKENXX01,1,2047,S3D1,159.40754039497307
GLOBAL,PWRTRNKENXX,ELCKENXX01,1,2047,S3D2,191.28904847396768
GLOBAL,PWRTRNKENXX,ELCKENXX01,1,2047,S3D3,191.28904847396768
GLOBAL,PWRTRNKENXX,ELCKENXX01,1,2047,S3D4,223.17055655296232
GLOBAL,PWRTRNKENXX,ELCKENXX01,1,2047,S3D5,223.17055655296136
GLOBAL,PWRTRNKENXX,ELCKENXX01,1,2048,S1D6,136.07299270072994
GLOBAL,PWRTRNKENXX,ELCKENXX01,1,2048,S1D1,170.0912408759124
GLOBAL,PWRTRNKENXX,ELCKENXX01,1,2048,S1D2,204.10948905109487
GLOBAL,PWRTRNKENXX,ELCKENXX01,1,2048,S1D3,204.10948905109487
GLOBAL,PWRTRNKENXX,ELCKENXX01,1,2048,S1D4,204.10948905109487
GLOBAL,PWRTRNKENXX,ELCKENXX01,1,2048,S1D5,204.10948905109487
GLOBAL,PWRTRNKENXX,ELCKENXX01,1,2048,S2D6,132.68327402135233
GLOBAL,PWRTRNKENXX,ELCKENXX01,1,2048,S2D1,165.85409252669038
GLOBAL,PWRTRNKENXX,ELCKENXX01,1,2048,S2D2,199.02491103202848
GLOBAL,PWRTRNKENXX,ELCKENXX01,1,2048,S2D3,199.02491103202848
GLOBAL,PWRTRNKENXX,ELCKENXX01,1,2048,S2D4,230.4615522827256
GLOBAL,PWRTRNKENXX,ELCKENXX01,1,2048,S2D5,199.02491103202848
GLOBAL,PWRTRNKENXX,ELCKENXX01,1,2048,S3D6,133.87432675044883
GLOBAL,PWRTRNKENXX,ELCKENXX01,1,2048,S3D1,167.34290843806104
GLOBAL,PWRTRNKENXX,ELCKENXX01,1,2048,S3D2,200.8114901256733
GLOBAL,PWRTRNKENXX,ELCKENXX01,1,2048,S3D3,200.8114901256733
GLOBAL,PWRTRNKENXX,ELCKENXX01,1,2048,S3D4,234.28007181328547
GLOBAL,PWRTRNKENXX,ELCKENXX01,1,2048,S3D5,234.28007181328556
GLOBAL,PWRTRNKENXX,ELCKENXX01,1,2049,S1D6,142.52554744525546
GLOBAL,PWRTRNKENXX,ELCKENXX01,1,2049,S1D1,178.15693430656933
GLOBAL,PWRTRNKENXX,ELCKENXX01,1,2049,S1D2,213.7883211678832
GLOBAL,PWRTRNKENXX,ELCKENXX01,1,2049,S1D3,213.7883211678832
GLOBAL,PWRTRNKENXX,ELCKENXX01,1,2049,S1D4,213.7883211678832
GLOBAL,PWRTRNKENXX,ELCKENXX01,1,2049,S1D5,213.7883211678832
GLOBAL,PWRTRNKENXX,ELCKENXX01,1,2049,S2D6,138.97508896797152
GLOBAL,PWRTRNKENXX,ELCKENXX01,1,2049,S2D1,173.71886120996442
GLOBAL,PWRTRNKENXX,ELCKENXX01,1,2049,S2D2,208.4626334519573
GLOBAL,PWRTRNKENXX,ELCKENXX01,1,2049,S2D3,208.4626334519573
GLOBAL,PWRTRNKENXX,ELCKENXX01,1,2049,S2D4,241.57106754304863
GLOBAL,PWRTRNKENXX,ELCKENXX01,1,2049,S2D5,208.4626334519573
GLOBAL,PWRTRNKENXX,ELCKENXX01,1,2049,S3D6,140.2226211849192
GLOBAL,PWRTRNKENXX,ELCKENXX01,1,2049,S3D1,175.27827648114902
GLOBAL,PWRTRNKENXX,ELCKENXX01,1,2049,S3D2,210.3339317773788
GLOBAL,PWRTRNKENXX,ELCKENXX01,1,2049,S3D3,210.3339317773788
GLOBAL,PWRTRNKENXX,ELCKENXX01,1,2049,S3D4,245.38958707360865
GLOBAL,PWRTRNKENXX,ELCKENXX01,1,2049,S3D5,245.3895870736086
GLOBAL,PWRTRNKENXX,ELCKENXX01,1,2050,S1D6,148.97810218978103
GLOBAL,PWRTRNKENXX,ELCKENXX01,1,2050,S1D1,186.22262773722628
GLOBAL,PWRTRNKENXX,ELCKENXX01,1,2050,S1D2,223.46715328467155
GLOBAL,PWRTRNKENXX,ELCKENXX01,1,2050,S1D3,223.46715328467155
GLOBAL,PWRTRNKENXX,ELCKENXX01,1,2050,S1D4,223.46715328467155
GLOBAL,PWRTRNKENXX,ELCKENXX01,1,2050,S1D5,223.46715328467155
GLOBAL,PWRTRNKENXX,ELCKENXX01,1,2050,S2D6,145.26690391459076
GLOBAL,PWRTRNKENXX,ELCKENXX01,1,2050,S2D1,181.5836298932384
GLOBAL,PWRTRNKENXX,ELCKENXX01,1,2050,S2D2,217.9003558718861
GLOBAL,PWRTRNKENXX,ELCKENXX01,1,2050,S2D3,217.9003558718861
GLOBAL,PWRTRNKENXX,ELCKENXX01,1,2050,S2D4,252.6805828033718
GLOBAL,PWRTRNKENXX,ELCKENXX01,1,2050,S2D5,217.9003558718861
GLOBAL,PWRTRNKENXX,ELCKENXX01,1,2050,S3D6,146.57091561938958
GLOBAL,PWRTRNKENXX,ELCKENXX01,1,2050,S3D1,183.213644524237
GLOBAL,PWRTRNKENXX,ELCKENXX01,1,2050,S3D2,219.8563734290844
GLOBAL,PWRTRNKENXX,ELCKENXX01,1,2050,S3D3,219.8563734290844
GLOBAL,PWRTRNKENXX,ELCKENXX01,1,2050,S3D4,256.4991023339318
GLOBAL,PWRTRNKENXX,ELCKENXX01,1,2050,S3D5,256.49910233393183
GLOBAL,PWRTRNTZAXX,ELCTZAXX01,1,2021,S1D6,23.895347007085427
GLOBAL,PWRTRNTZAXX,ELCTZAXX01,1,2021,S1D1,29.73476306547959
GLOBAL,PWRTRNTZAXX,ELCTZAXX01,1,2021,S1D2,35.57417912387375
GLOBAL,PWRTRNTZAXX,ELCTZAXX01,1,2021,S1D3,29.73476306547959
GLOBAL,PWRTRNTZAXX,ELCTZAXX01,1,2021,S1D4,35.57417912387375
GLOBAL,PWRTRNTZAXX,ELCTZAXX01,1,2021,S1D5,35.57417912387375
GLOBAL,PWRTRNTZAXX,ELCTZAXX01,1,2021,S2D6,23.31348348525256
GLOBAL,PWRTRNTZAXX,ELCTZAXX01,1,2021,S2D1,29.007433663188504
GLOBAL,PWRTRNTZAXX,ELCTZAXX01,1,2021,S2D2,34.163701067615655
GLOBAL,PWRTRNTZAXX,ELCTZAXX01,1,2021,S2D3,29.007433663188504
GLOBAL,PWRTRNTZAXX,ELCTZAXX01,1,2021,S2D4,39.85765124555161
GLOBAL,PWRTRNTZAXX,ELCTZAXX01,1,2021,S2D5,34.163701067615655
GLOBAL,PWRTRNTZAXX,ELCTZAXX01,1,2021,S3D6,23.517934120007887
GLOBAL,PWRTRNTZAXX,ELCTZAXX01,1,2021,S3D1,29.262996956632666
GLOBAL,PWRTRNTZAXX,ELCTZAXX01,1,2021,S3D2,35.00805979325744
GLOBAL,PWRTRNTZAXX,ELCTZAXX01,1,2021,S3D3,35.00805979325744
GLOBAL,PWRTRNTZAXX,ELCTZAXX01,1,2021,S3D4,40.21543985637344
GLOBAL,PWRTRNTZAXX,ELCTZAXX01,1,2021,S3D5,40.21543985637344
GLOBAL,PWRTRNTZAXX,ELCTZAXX01,1,2022,S1D6,26.085128028983235
GLOBAL,PWRTRNTZAXX,ELCTZAXX01,1,2022,S1D1,32.47198934285185
GLOBAL,PWRTRNTZAXX,ELCTZAXX01,1,2022,S1D2,38.85885065672046
GLOBAL,PWRTRNTZAXX,ELCTZAXX01,1,2022,S1D3,32.47198934285185
GLOBAL,PWRTRNTZAXX,ELCTZAXX01,1,2022,S1D4,38.85885065672046
GLOBAL,PWRTRNTZAXX,ELCTZAXX01,1,2022,S1D5,38.85885065672046
GLOBAL,PWRTRNTZAXX,ELCTZAXX01,1,2022,S2D6,25.448714801978536
GLOBAL,PWRTRNTZAXX,ELCTZAXX01,1,2022,S2D1,31.676472809095976
GLOBAL,PWRTRNTZAXX,ELCTZAXX01,1,2022,S2D2,37.904230816213406
GLOBAL,PWRTRNTZAXX,ELCTZAXX01,1,2022,S2D3,31.676472809095976
GLOBAL,PWRTRNTZAXX,ELCTZAXX01,1,2022,S2D4,43.59430604982207
GLOBAL,PWRTRNTZAXX,ELCTZAXX01,1,2022,S2D5,37.904230816213406
GLOBAL,PWRTRNTZAXX,ELCTZAXX01,1,2022,S3D6,25.672332683742177
GLOBAL,PWRTRNTZAXX,ELCTZAXX01,1,2022,S3D1,31.955995161300528
GLOBAL,PWRTRNTZAXX,ELCTZAXX01,1,2022,S3D2,38.23965763885888
GLOBAL,PWRTRNTZAXX,ELCTZAXX01,1,2022,S3D3,38.23965763885888
GLOBAL,PWRTRNTZAXX,ELCTZAXX01,1,2022,S3D4,43.98563734290844
GLOBAL,PWRTRNTZAXX,ELCTZAXX01,1,2022,S3D5,43.98563734290844
GLOBAL,PWRTRNTZAXX,ELCTZAXX01,1,2023,S1D6,29.197080291970803
GLOBAL,PWRTRNTZAXX,ELCTZAXX01,1,2023,S1D1,36.496350364963504
GLOBAL,PWRTRNTZAXX,ELCTZAXX01,1,2023,S1D2,43.7956204379562
GLOBAL,PWRTRNTZAXX,ELCTZAXX01,1,2023,S1D3,36.496350364963504
GLOBAL,PWRTRNTZAXX,ELCTZAXX01,1,2023,S1D4,43.7956204379562
GLOBAL,PWRTRNTZAXX,ELCTZAXX01,1,2023,S1D5,43.7956204379562
GLOBAL,PWRTRNTZAXX,ELCTZAXX01,1,2023,S2D6,28.46975088967972
GLOBAL,PWRTRNTZAXX,ELCTZAXX01,1,2023,S2D1,35.587188612099645
GLOBAL,PWRTRNTZAXX,ELCTZAXX01,1,2023,S2D2,42.70462633451957
GLOBAL,PWRTRNTZAXX,ELCTZAXX01,1,2023,S2D3,35.587188612099645
GLOBAL,PWRTRNTZAXX,ELCTZAXX01,1,2023,S2D4,49.822064056939496
GLOBAL,PWRTRNTZAXX,ELCTZAXX01,1,2023,S2D5,42.70462633451957
GLOBAL,PWRTRNTZAXX,ELCTZAXX01,1,2023,S3D6,28.72531418312388
GLOBAL,PWRTRNTZAXX,ELCTZAXX01,1,2023,S3D1,35.90664272890485
GLOBAL,PWRTRNTZAXX,ELCTZAXX01,1,2023,S3D2,43.087971274685806
GLOBAL,PWRTRNTZAXX,ELCTZAXX01,1,2023,S3D3,43.087971274685806
GLOBAL,PWRTRNTZAXX,ELCTZAXX01,1,2023,S3D4,50.269299820466784
GLOBAL,PWRTRNTZAXX,ELCTZAXX01,1,2023,S3D5,50.269299820466784
GLOBAL,PWRTRNTZAXX,ELCTZAXX01,1,2024,S1D6,49.62043795620438
GLOBAL,PWRTRNTZAXX,ELCTZAXX01,1,2024,S1D1,62.02554744525548
GLOBAL,PWRTRNTZAXX,ELCTZAXX01,1,2024,S1D2,74.43065693430657
GLOBAL,PWRTRNTZAXX,ELCTZAXX01,1,2024,S1D3,62.02554744525548
GLOBAL,PWRTRNTZAXX,ELCTZAXX01,1,2024,S1D4,74.43065693430657
GLOBAL,PWRTRNTZAXX,ELCTZAXX01,1,2024,S1D5,74.43065693430657
GLOBAL,PWRTRNTZAXX,ELCTZAXX01,1,2024,S2D6,48.38434163701067
GLOBAL,PWRTRNTZAXX,ELCTZAXX01,1,2024,S2D1,60.480427046263344
GLOBAL,PWRTRNTZAXX,ELCTZAXX01,1,2024,S2D2,72.57651245551601
GLOBAL,PWRTRNTZAXX,ELCTZAXX01,1,2024,S2D3,60.480427046263344
GLOBAL,PWRTRNTZAXX,ELCTZAXX01,1,2024,S2D4,84.67259786476869
GLOBAL,PWRTRNTZAXX,ELCTZAXX01,1,2024,S2D5,72.57651245551601
GLOBAL,PWRTRNTZAXX,ELCTZAXX01,1,2024,S3D6,48.81867145421903
GLOBAL,PWRTRNTZAXX,ELCTZAXX01,1,2024,S3D1,61.02333931777379
GLOBAL,PWRTRNTZAXX,ELCTZAXX01,1,2024,S3D2,73.22800718132855
GLOBAL,PWRTRNTZAXX,ELCTZAXX01,1,2024,S3D3,73.22800718132855
GLOBAL,PWRTRNTZAXX,ELCTZAXX01,1,2024,S3D4,85.43267504488331
GLOBAL,PWRTRNTZAXX,ELCTZAXX01,1,2024,S3D5,85.43267504488331
GLOBAL,PWRTRNTZAXX,ELCTZAXX01,1,2025,S1D6,53.21167883211679
GLOBAL,PWRTRNTZAXX,ELCTZAXX01,1,2025,S1D1,66.51459854014598
GLOBAL,PWRTRNTZAXX,ELCTZAXX01,1,2025,S1D2,79.81751824817516
GLOBAL,PWRTRNTZAXX,ELCTZAXX01,1,2025,S1D3,66.51459854014598
GLOBAL,PWRTRNTZAXX,ELCTZAXX01,1,2025,S1D4,79.81751824817516
GLOBAL,PWRTRNTZAXX,ELCTZAXX01,1,2025,S1D5,79.81751824817516
GLOBAL,PWRTRNTZAXX,ELCTZAXX01,1,2025,S2D6,51.88612099644128
GLOBAL,PWRTRNTZAXX,ELCTZAXX01,1,2025,S2D1,64.85765124555161
GLOBAL,PWRTRNTZAXX,ELCTZAXX01,1,2025,S2D2,77.82918149466191
GLOBAL,PWRTRNTZAXX,ELCTZAXX01,1,2025,S2D3,64.85765124555161
GLOBAL,PWRTRNTZAXX,ELCTZAXX01,1,2025,S2D4,90.80071174377224
GLOBAL,PWRTRNTZAXX,ELCTZAXX01,1,2025,S2D5,77.82918149466191
GLOBAL,PWRTRNTZAXX,ELCTZAXX01,1,2025,S3D6,52.351885098743274
GLOBAL,PWRTRNTZAXX,ELCTZAXX01,1,2025,S3D1,65.43985637342908
GLOBAL,PWRTRNTZAXX,ELCTZAXX01,1,2025,S3D2,78.5278276481149
GLOBAL,PWRTRNTZAXX,ELCTZAXX01,1,2025,S3D3,78.5278276481149
GLOBAL,PWRTRNTZAXX,ELCTZAXX01,1,2025,S3D4,91.61579892280072
GLOBAL,PWRTRNTZAXX,ELCTZAXX01,1,2025,S3D5,91.61579892280072
GLOBAL,PWRTRNTZAXX,ELCTZAXX01,1,2026,S1D6,57.773722627737214
GLOBAL,PWRTRNTZAXX,ELCTZAXX01,1,2026,S1D1,72.21715328467153
GLOBAL,PWRTRNTZAXX,ELCTZAXX01,1,2026,S1D2,86.66058394160582
GLOBAL,PWRTRNTZAXX,ELCTZAXX01,1,2026,S1D3,72.21715328467153
GLOBAL,PWRTRNTZAXX,ELCTZAXX01,1,2026,S1D4,86.66058394160582
GLOBAL,PWRTRNTZAXX,ELCTZAXX01,1,2026,S1D5,86.66058394160582
GLOBAL,PWRTRNTZAXX,ELCTZAXX01,1,2026,S2D6,56.33451957295374
GLOBAL,PWRTRNTZAXX,ELCTZAXX01,1,2026,S2D1,70.41814946619218
GLOBAL,PWRTRNTZAXX,ELCTZAXX01,1,2026,S2D2,84.5017793594306
GLOBAL,PWRTRNTZAXX,ELCTZAXX01,1,2026,S2D3,70.41814946619218
GLOBAL,PWRTRNTZAXX,ELCTZAXX01,1,2026,S2D4,98.58540925266905
GLOBAL,PWRTRNTZAXX,ELCTZAXX01,1,2026,S2D5,84.5017793594306
GLOBAL,PWRTRNTZAXX,ELCTZAXX01,1,2026,S3D6,56.840215439856365
GLOBAL,PWRTRNTZAXX,ELCTZAXX01,1,2026,S3D1,71.05026929982047
GLOBAL,PWRTRNTZAXX,ELCTZAXX01,1,2026,S3D2,85.26032315978455
GLOBAL,PWRTRNTZAXX,ELCTZAXX01,1,2026,S3D3,85.26032315978455
GLOBAL,PWRTRNTZAXX,ELCTZAXX01,1,2026,S3D4,99.47037701974864
GLOBAL,PWRTRNTZAXX,ELCTZAXX01,1,2026,S3D5,99.47037701974864
GLOBAL,PWRTRNTZAXX,ELCTZAXX01,1,2027,S1D6,62.32846715328467
GLOBAL,PWRTRNTZAXX,ELCTZAXX01,1,2027,S1D1,77.91058394160582
GLOBAL,PWRTRNTZAXX,ELCTZAXX01,1,2027,S1D2,93.49270072992702
GLOBAL,PWRTRNTZAXX,ELCTZAXX01,1,2027,S1D3,77.91058394160582
GLOBAL,PWRTRNTZAXX,ELCTZAXX01,1,2027,S1D4,93.49270072992702
GLOBAL,PWRTRNTZAXX,ELCTZAXX01,1,2027,S1D5,93.49270072992702
GLOBAL,PWRTRNTZAXX,ELCTZAXX01,1,2027,S2D6,60.77580071174377
GLOBAL,PWRTRNTZAXX,ELCTZAXX01,1,2027,S2D1,75.96975088967972
GLOBAL,PWRTRNTZAXX,ELCTZAXX01,1,2027,S2D2,91.16370106761566
GLOBAL,PWRTRNTZAXX,ELCTZAXX01,1,2027,S2D3,75.96975088967972
GLOBAL,PWRTRNTZAXX,ELCTZAXX01,1,2027,S2D4,106.3576512455516
GLOBAL,PWRTRNTZAXX,ELCTZAXX01,1,2027,S2D5,91.16370106761566
GLOBAL,PWRTRNTZAXX,ELCTZAXX01,1,2027,S3D6,61.3213644524237
GLOBAL,PWRTRNTZAXX,ELCTZAXX01,1,2027,S3D1,76.65170556552961
GLOBAL,PWRTRNTZAXX,ELCTZAXX01,1,2027,S3D2,91.98204667863556
GLOBAL,PWRTRNTZAXX,ELCTZAXX01,1,2027,S3D3,91.98204667863556
GLOBAL,PWRTRNTZAXX,ELCTZAXX01,1,2027,S3D4,107.31238779174149
GLOBAL,PWRTRNTZAXX,ELCTZAXX01,1,2027,S3D5,107.31238779174149
GLOBAL,PWRTRNTZAXX,ELCTZAXX01,1,2028,S1D6,66.8905109489051
GLOBAL,PWRTRNTZAXX,ELCTZAXX01,1,2028,S1D1,83.61313868613139
GLOBAL,PWRTRNTZAXX,ELCTZAXX01,1,2028,S1D2,100.33576642335768
GLOBAL,PWRTRNTZAXX,ELCTZAXX01,1,2028,S1D3,83.61313868613139
GLOBAL,PWRTRNTZAXX,ELCTZAXX01,1,2028,S1D4,100.33576642335768
GLOBAL,PWRTRNTZAXX,ELCTZAXX01,1,2028,S1D5,100.33576642335768
GLOBAL,PWRTRNTZAXX,ELCTZAXX01,1,2028,S2D6,65.22419928825623
GLOBAL,PWRTRNTZAXX,ELCTZAXX01,1,2028,S2D1,81.53024911032028
GLOBAL,PWRTRNTZAXX,ELCTZAXX01,1,2028,S2D2,97.83629893238432
GLOBAL,PWRTRNTZAXX,ELCTZAXX01,1,2028,S2D3,81.53024911032028
GLOBAL,PWRTRNTZAXX,ELCTZAXX01,1,2028,S2D4,114.1423487544484
GLOBAL,PWRTRNTZAXX,ELCTZAXX01,1,2028,S2D5,97.83629893238432
GLOBAL,PWRTRNTZAXX,ELCTZAXX01,1,2028,S3D6,65.8096947935368
GLOBAL,PWRTRNTZAXX,ELCTZAXX01,1,2028,S3D1,82.262118491921
GLOBAL,PWRTRNTZAXX,ELCTZAXX01,1,2028,S3D2,98.7145421903052
GLOBAL,PWRTRNTZAXX,ELCTZAXX01,1,2028,S3D3,98.7145421903052
GLOBAL,PWRTRNTZAXX,ELCTZAXX01,1,2028,S3D4,115.1669658886894
GLOBAL,PWRTRNTZAXX,ELCTZAXX01,1,2028,S3D5,115.1669658886894
GLOBAL,PWRTRNTZAXX,ELCTZAXX01,1,2029,S1D6,71.45255474452554
GLOBAL,PWRTRNTZAXX,ELCTZAXX01,1,2029,S1D1,89.31569343065692
GLOBAL,PWRTRNTZAXX,ELCTZAXX01,1,2029,S1D2,107.17883211678831
GLOBAL,PWRTRNTZAXX,ELCTZAXX01,1,2029,S1D3,89.31569343065692
GLOBAL,PWRTRNTZAXX,ELCTZAXX01,1,2029,S1D4,107.17883211678831
GLOBAL,PWRTRNTZAXX,ELCTZAXX01,1,2029,S1D5,107.17883211678831
GLOBAL,PWRTRNTZAXX,ELCTZAXX01,1,2029,S2D6,69.67259786476868
GLOBAL,PWRTRNTZAXX,ELCTZAXX01,1,2029,S2D1,87.09074733096085
GLOBAL,PWRTRNTZAXX,ELCTZAXX01,1,2029,S2D2,104.50889679715304
GLOBAL,PWRTRNTZAXX,ELCTZAXX01,1,2029,S2D3,87.09074733096085
GLOBAL,PWRTRNTZAXX,ELCTZAXX01,1,2029,S2D4,121.9270462633452
GLOBAL,PWRTRNTZAXX,ELCTZAXX01,1,2029,S2D5,104.50889679715304
GLOBAL,PWRTRNTZAXX,ELCTZAXX01,1,2029,S3D6,70.2980251346499
GLOBAL,PWRTRNTZAXX,ELCTZAXX01,1,2029,S3D1,87.87253141831238
GLOBAL,PWRTRNTZAXX,ELCTZAXX01,1,2029,S3D2,105.44703770197486
GLOBAL,PWRTRNTZAXX,ELCTZAXX01,1,2029,S3D3,105.44703770197486
GLOBAL,PWRTRNTZAXX,ELCTZAXX01,1,2029,S3D4,123.02154398563734
GLOBAL,PWRTRNTZAXX,ELCTZAXX01,1,2029,S3D5,123.02154398563734
GLOBAL,PWRTRNTZAXX,ELCTZAXX01,1,2030,S1D6,76.014598540146
GLOBAL,PWRTRNTZAXX,ELCTZAXX01,1,2030,S1D1,95.01824817518249
GLOBAL,PWRTRNTZAXX,ELCTZAXX01,1,2030,S1D2,114.02189781021896
GLOBAL,PWRTRNTZAXX,ELCTZAXX01,1,2030,S1D3,95.01824817518249
GLOBAL,PWRTRNTZAXX,ELCTZAXX01,1,2030,S1D4,114.02189781021896
GLOBAL,PWRTRNTZAXX,ELCTZAXX01,1,2030,S1D5,114.02189781021896
GLOBAL,PWRTRNTZAXX,ELCTZAXX01,1,2030,S2D6,74.12099644128115
GLOBAL,PWRTRNTZAXX,ELCTZAXX01,1,2030,S2D1,92.65124555160142
GLOBAL,PWRTRNTZAXX,ELCTZAXX01,1,2030,S2D2,111.18149466192172
GLOBAL,PWRTRNTZAXX,ELCTZAXX01,1,2030,S2D3,92.65124555160142
GLOBAL,PWRTRNTZAXX,ELCTZAXX01,1,2030,S2D4,129.711743772242
GLOBAL,PWRTRNTZAXX,ELCTZAXX01,1,2030,S2D5,111.18149466192172
GLOBAL,PWRTRNTZAXX,ELCTZAXX01,1,2030,S3D6,74.78635547576302
GLOBAL,PWRTRNTZAXX,ELCTZAXX01,1,2030,S3D1,93.48294434470378
GLOBAL,PWRTRNTZAXX,ELCTZAXX01,1,2030,S3D2,112.17953321364452
GLOBAL,PWRTRNTZAXX,ELCTZAXX01,1,2030,S3D3,112.17953321364452
GLOBAL,PWRTRNTZAXX,ELCTZAXX01,1,2030,S3D4,130.87612208258528
GLOBAL,PWRTRNTZAXX,ELCTZAXX01,1,2030,S3D5,130.87612208258528
GLOBAL,PWRTRNTZAXX,ELCTZAXX01,1,2031,S1D6,81.52554744525547
GLOBAL,PWRTRNTZAXX,ELCTZAXX01,1,2031,S1D1,101.90693430656934
GLOBAL,PWRTRNTZAXX,ELCTZAXX01,1,2031,S1D2,122.2883211678832
GLOBAL,PWRTRNTZAXX,ELCTZAXX01,1,2031,S1D3,101.90693430656934
GLOBAL,PWRTRNTZAXX,ELCTZAXX01,1,2031,S1D4,122.2883211678832
GLOBAL,PWRTRNTZAXX,ELCTZAXX01,1,2031,S1D5,122.2883211678832
GLOBAL,PWRTRNTZAXX,ELCTZAXX01,1,2031,S2D6,79.49466192170817
GLOBAL,PWRTRNTZAXX,ELCTZAXX01,1,2031,S2D1,99.36832740213524
GLOBAL,PWRTRNTZAXX,ELCTZAXX01,1,2031,S2D2,119.24199288256229
GLOBAL,PWRTRNTZAXX,ELCTZAXX01,1,2031,S2D3,99.36832740213524
GLOBAL,PWRTRNTZAXX,ELCTZAXX01,1,2031,S2D4,139.1156583629893
GLOBAL,PWRTRNTZAXX,ELCTZAXX01,1,2031,S2D5,119.24199288256229
GLOBAL,PWRTRNTZAXX,ELCTZAXX01,1,2031,S3D6,80.20825852782765
GLOBAL,PWRTRNTZAXX,ELCTZAXX01,1,2031,S3D1,100.26032315978456
GLOBAL,PWRTRNTZAXX,ELCTZAXX01,1,2031,S3D2,120.31238779174149
GLOBAL,PWRTRNTZAXX,ELCTZAXX01,1,2031,S3D3,120.31238779174149
GLOBAL,PWRTRNTZAXX,ELCTZAXX01,1,2031,S3D4,140.3644524236984
GLOBAL,PWRTRNTZAXX,ELCTZAXX01,1,2031,S3D5,140.3644524236984
GLOBAL,PWRTRNTZAXX,ELCTZAXX01,1,2032,S1D6,87.04379562043793
GLOBAL,PWRTRNTZAXX,ELCTZAXX01,1,2032,S1D1,108.80474452554743
GLOBAL,PWRTRNTZAXX,ELCTZAXX01,1,2032,S1D2,130.56569343065692
GLOBAL,PWRTRNTZAXX,ELCTZAXX01,1,2032,S1D3,108.80474452554743
GLOBAL,PWRTRNTZAXX,ELCTZAXX01,1,2032,S1D4,130.56569343065692
GLOBAL,PWRTRNTZAXX,ELCTZAXX01,1,2032,S1D5,130.56569343065692
GLOBAL,PWRTRNTZAXX,ELCTZAXX01,1,2032,S2D6,84.87544483985765
GLOBAL,PWRTRNTZAXX,ELCTZAXX01,1,2032,S2D1,106.09430604982208
GLOBAL,PWRTRNTZAXX,ELCTZAXX01,1,2032,S2D2,127.31316725978648
GLOBAL,PWRTRNTZAXX,ELCTZAXX01,1,2032,S2D3,106.09430604982208
GLOBAL,PWRTRNTZAXX,ELCTZAXX01,1,2032,S2D4,148.53202846975088
GLOBAL,PWRTRNTZAXX,ELCTZAXX01,1,2032,S2D5,127.31316725978648
GLOBAL,PWRTRNTZAXX,ELCTZAXX01,1,2032,S3D6,85.63734290843804
GLOBAL,PWRTRNTZAXX,ELCTZAXX01,1,2032,S3D1,107.04667863554758
GLOBAL,PWRTRNTZAXX,ELCTZAXX01,1,2032,S3D2,128.4560143626571
GLOBAL,PWRTRNTZAXX,ELCTZAXX01,1,2032,S3D3,128.4560143626571
GLOBAL,PWRTRNTZAXX,ELCTZAXX01,1,2032,S3D4,149.86535008976662
GLOBAL,PWRTRNTZAXX,ELCTZAXX01,1,2032,S3D5,149.86535008976662
GLOBAL,PWRTRNTZAXX,ELCTZAXX01,1,2033,S1D6,92.56204379562045
GLOBAL,PWRTRNTZAXX,ELCTZAXX01,1,2033,S1D1,115.70255474452554
GLOBAL,PWRTRNTZAXX,ELCTZAXX01,1,2033,S1D2,138.84306569343065
GLOBAL,PWRTRNTZAXX,ELCTZAXX01,1,2033,S1D3,115.70255474452554
GLOBAL,PWRTRNTZAXX,ELCTZAXX01,1,2033,S1D4,138.84306569343065
GLOBAL,PWRTRNTZAXX,ELCTZAXX01,1,2033,S1D5,138.84306569343065
GLOBAL,PWRTRNTZAXX,ELCTZAXX01,1,2033,S2D6,90.25622775800711
GLOBAL,PWRTRNTZAXX,ELCTZAXX01,1,2033,S2D1,112.8202846975089
GLOBAL,PWRTRNTZAXX,ELCTZAXX01,1,2033,S2D2,135.38434163701066
GLOBAL,PWRTRNTZAXX,ELCTZAXX01,1,2033,S2D3,112.8202846975089
GLOBAL,PWRTRNTZAXX,ELCTZAXX01,1,2033,S2D4,157.94839857651246
GLOBAL,PWRTRNTZAXX,ELCTZAXX01,1,2033,S2D5,135.38434163701066
GLOBAL,PWRTRNTZAXX,ELCTZAXX01,1,2033,S3D6,91.06642728904848
GLOBAL,PWRTRNTZAXX,ELCTZAXX01,1,2033,S3D1,113.83303411131058
GLOBAL,PWRTRNTZAXX,ELCTZAXX01,1,2033,S3D2,136.59964093357272
GLOBAL,PWRTRNTZAXX,ELCTZAXX01,1,2033,S3D3,136.59964093357272
GLOBAL,PWRTRNTZAXX,ELCTZAXX01,1,2033,S3D4,159.36624775583482
GLOBAL,PWRTRNTZAXX,ELCTZAXX01,1,2033,S3D5,159.36624775583482
GLOBAL,PWRTRNTZAXX,ELCTZAXX01,1,2034,S1D6,98.07299270072993
GLOBAL,PWRTRNTZAXX,ELCTZAXX01,1,2034,S1D1,122.5912408759124
GLOBAL,PWRTRNTZAXX,ELCTZAXX01,1,2034,S1D2,147.1094890510949
GLOBAL,PWRTRNTZAXX,ELCTZAXX01,1,2034,S1D3,122.5912408759124
GLOBAL,PWRTRNTZAXX,ELCTZAXX01,1,2034,S1D4,147.1094890510949
GLOBAL,PWRTRNTZAXX,ELCTZAXX01,1,2034,S1D5,147.1094890510949
GLOBAL,PWRTRNTZAXX,ELCTZAXX01,1,2034,S2D6,95.62989323843416
GLOBAL,PWRTRNTZAXX,ELCTZAXX01,1,2034,S2D1,119.5373665480427
GLOBAL,PWRTRNTZAXX,ELCTZAXX01,1,2034,S2D2,143.44483985765126
GLOBAL,PWRTRNTZAXX,ELCTZAXX01,1,2034,S2D3,119.5373665480427
GLOBAL,PWRTRNTZAXX,ELCTZAXX01,1,2034,S2D4,167.3523131672598
GLOBAL,PWRTRNTZAXX,ELCTZAXX01,1,2034,S2D5,143.44483985765126
GLOBAL,PWRTRNTZAXX,ELCTZAXX01,1,2034,S3D6,96.4883303411131
GLOBAL,PWRTRNTZAXX,ELCTZAXX01,1,2034,S3D1,120.61041292639138
GLOBAL,PWRTRNTZAXX,ELCTZAXX01,1,2034,S3D2,144.73249551166967
GLOBAL,PWRTRNTZAXX,ELCTZAXX01,1,2034,S3D3,144.73249551166967
GLOBAL,PWRTRNTZAXX,ELCTZAXX01,1,2034,S3D4,168.85457809694796
GLOBAL,PWRTRNTZAXX,ELCTZAXX01,1,2034,S3D5,168.85457809694796
GLOBAL,PWRTRNTZAXX,ELCTZAXX01,1,2035,S1D6,103.5912408759124
GLOBAL,PWRTRNTZAXX,ELCTZAXX01,1,2035,S1D1,129.4890510948905
GLOBAL,PWRTRNTZAXX,ELCTZAXX01,1,2035,S1D2,155.38686131386862
GLOBAL,PWRTRNTZAXX,ELCTZAXX01,1,2035,S1D3,129.4890510948905
GLOBAL,PWRTRNTZAXX,ELCTZAXX01,1,2035,S1D4,155.38686131386862
GLOBAL,PWRTRNTZAXX,ELCTZAXX01,1,2035,S1D5,155.38686131386862
GLOBAL,PWRTRNTZAXX,ELCTZAXX01,1,2035,S2D6,101.01067615658364
GLOBAL,PWRTRNTZAXX,ELCTZAXX01,1,2035,S2D1,126.26334519572954
GLOBAL,PWRTRNTZAXX,ELCTZAXX01,1,2035,S2D2,151.51601423487546
GLOBAL,PWRTRNTZAXX,ELCTZAXX01,1,2035,S2D3,126.26334519572954
GLOBAL,PWRTRNTZAXX,ELCTZAXX01,1,2035,S2D4,176.76868327402136
GLOBAL,PWRTRNTZAXX,ELCTZAXX01,1,2035,S2D5,151.51601423487546
GLOBAL,PWRTRNTZAXX,ELCTZAXX01,1,2035,S3D6,101.91741472172352
GLOBAL,PWRTRNTZAXX,ELCTZAXX01,1,2035,S3D1,127.3967684021544
GLOBAL,PWRTRNTZAXX,ELCTZAXX01,1,2035,S3D2,152.87612208258528
GLOBAL,PWRTRNTZAXX,ELCTZAXX01,1,2035,S3D3,152.87612208258528
GLOBAL,PWRTRNTZAXX,ELCTZAXX01,1,2035,S3D4,178.35547576301616
GLOBAL,PWRTRNTZAXX,ELCTZAXX01,1,2035,S3D5,178.35547576301616
GLOBAL,PWRTRNTZAXX,ELCTZAXX01,1,2036,S1D6,110.14598540145984
GLOBAL,PWRTRNTZAXX,ELCTZAXX01,1,2036,S1D1,137.6824817518248
GLOBAL,PWRTRNTZAXX,ELCTZAXX01,1,2036,S1D2,165.2189781021898
GLOBAL,PWRTRNTZAXX,ELCTZAXX01,1,2036,S1D3,137.6824817518248
GLOBAL,PWRTRNTZAXX,ELCTZAXX01,1,2036,S1D4,165.2189781021898
GLOBAL,PWRTRNTZAXX,ELCTZAXX01,1,2036,S1D5,165.2189781021898
GLOBAL,PWRTRNTZAXX,ELCTZAXX01,1,2036,S2D6,107.40213523131672
GLOBAL,PWRTRNTZAXX,ELCTZAXX01,1,2036,S2D1,134.2526690391459
GLOBAL,PWRTRNTZAXX,ELCTZAXX01,1,2036,S2D2,161.10320284697508
GLOBAL,PWRTRNTZAXX,ELCTZAXX01,1,2036,S2D3,134.2526690391459
GLOBAL,PWRTRNTZAXX,ELCTZAXX01,1,2036,S2D4,187.9537366548043
GLOBAL,PWRTRNTZAXX,ELCTZAXX01,1,2036,S2D5,161.10320284697508
GLOBAL,PWRTRNTZAXX,ELCTZAXX01,1,2036,S3D6,108.36624775583482
GLOBAL,PWRTRNTZAXX,ELCTZAXX01,1,2036,S3D1,135.45780969479353
GLOBAL,PWRTRNTZAXX,ELCTZAXX01,1,2036,S3D2,162.54937163375226
GLOBAL,PWRTRNTZAXX,ELCTZAXX01,1,2036,S3D3,162.54937163375226
GLOBAL,PWRTRNTZAXX,ELCTZAXX01,1,2036,S3D4,189.64093357271096
GLOBAL,PWRTRNTZAXX,ELCTZAXX01,1,2036,S3D5,189.64093357271096
GLOBAL,PWRTRNTZAXX,ELCTZAXX01,1,2037,S1D6,116.69343065693432
GLOBAL,PWRTRNTZAXX,ELCTZAXX01,1,2037,S1D1,145.8667883211679
GLOBAL,PWRTRNTZAXX,ELCTZAXX01,1,2037,S1D2,175.04014598540147
GLOBAL,PWRTRNTZAXX,ELCTZAXX01,1,2037,S1D3,145.8667883211679
GLOBAL,PWRTRNTZAXX,ELCTZAXX01,1,2037,S1D4,175.04014598540147
GLOBAL,PWRTRNTZAXX,ELCTZAXX01,1,2037,S1D5,175.04014598540147
GLOBAL,PWRTRNTZAXX,ELCTZAXX01,1,2037,S2D6,113.7864768683274
GLOBAL,PWRTRNTZAXX,ELCTZAXX01,1,2037,S2D1,142.23309608540924
GLOBAL,PWRTRNTZAXX,ELCTZAXX01,1,2037,S2D2,170.6797153024911
GLOBAL,PWRTRNTZAXX,ELCTZAXX01,1,2037,S2D3,142.23309608540924
GLOBAL,PWRTRNTZAXX,ELCTZAXX01,1,2037,S2D4,199.1263345195729
GLOBAL,PWRTRNTZAXX,ELCTZAXX01,1,2037,S2D5,170.6797153024911
GLOBAL,PWRTRNTZAXX,ELCTZAXX01,1,2037,S3D6,114.80789946140035
GLOBAL,PWRTRNTZAXX,ELCTZAXX01,1,2037,S3D1,143.50987432675046
GLOBAL,PWRTRNTZAXX,ELCTZAXX01,1,2037,S3D2,172.21184919210054
GLOBAL,PWRTRNTZAXX,ELCTZAXX01,1,2037,S3D3,172.21184919210054
GLOBAL,PWRTRNTZAXX,ELCTZAXX01,1,2037,S3D4,200.91382405745065
GLOBAL,PWRTRNTZAXX,ELCTZAXX01,1,2037,S3D5,200.91382405745065
GLOBAL,PWRTRNTZAXX,ELCTZAXX01,1,2038,S1D6,123.24817518248176
GLOBAL,PWRTRNTZAXX,ELCTZAXX01,1,2038,S1D1,154.0602189781022
GLOBAL,PWRTRNTZAXX,ELCTZAXX01,1,2038,S1D2,184.87226277372264
GLOBAL,PWRTRNTZAXX,ELCTZAXX01,1,2038,S1D3,154.0602189781022
GLOBAL,PWRTRNTZAXX,ELCTZAXX01,1,2038,S1D4,184.87226277372264
GLOBAL,PWRTRNTZAXX,ELCTZAXX01,1,2038,S1D5,184.87226277372264
GLOBAL,PWRTRNTZAXX,ELCTZAXX01,1,2038,S2D6,120.17793594306048
GLOBAL,PWRTRNTZAXX,ELCTZAXX01,1,2038,S2D1,150.22241992882564
GLOBAL,PWRTRNTZAXX,ELCTZAXX01,1,2038,S2D2,180.2669039145908
GLOBAL,PWRTRNTZAXX,ELCTZAXX01,1,2038,S2D3,150.22241992882564
GLOBAL,PWRTRNTZAXX,ELCTZAXX01,1,2038,S2D4,210.31138790035587
GLOBAL,PWRTRNTZAXX,ELCTZAXX01,1,2038,S2D5,180.2669039145908
GLOBAL,PWRTRNTZAXX,ELCTZAXX01,1,2038,S3D6,121.25673249551166
GLOBAL,PWRTRNTZAXX,ELCTZAXX01,1,2038,S3D1,151.5709156193896
GLOBAL,PWRTRNTZAXX,ELCTZAXX01,1,2038,S3D2,181.88509874326752
GLOBAL,PWRTRNTZAXX,ELCTZAXX01,1,2038,S3D3,181.88509874326752
GLOBAL,PWRTRNTZAXX,ELCTZAXX01,1,2038,S3D4,212.19928186714543
GLOBAL,PWRTRNTZAXX,ELCTZAXX01,1,2038,S3D5,212.19928186714543
GLOBAL,PWRTRNTZAXX,ELCTZAXX01,1,2039,S1D6,129.80291970802918
GLOBAL,PWRTRNTZAXX,ELCTZAXX01,1,2039,S1D1,162.2536496350365
GLOBAL,PWRTRNTZAXX,ELCTZAXX01,1,2039,S1D2,194.70437956204375
GLOBAL,PWRTRNTZAXX,ELCTZAXX01,1,2039,S1D3,162.2536496350365
GLOBAL,PWRTRNTZAXX,ELCTZAXX01,1,2039,S1D4,194.70437956204375
GLOBAL,PWRTRNTZAXX,ELCTZAXX01,1,2039,S1D5,194.70437956204375
GLOBAL,PWRTRNTZAXX,ELCTZAXX01,1,2039,S2D6,126.5693950177936
GLOBAL,PWRTRNTZAXX,ELCTZAXX01,1,2039,S2D1,158.21174377224202
GLOBAL,PWRTRNTZAXX,ELCTZAXX01,1,2039,S2D2,189.8540925266904
GLOBAL,PWRTRNTZAXX,ELCTZAXX01,1,2039,S2D3,158.21174377224202
GLOBAL,PWRTRNTZAXX,ELCTZAXX01,1,2039,S2D4,221.4964412811388
GLOBAL,PWRTRNTZAXX,ELCTZAXX01,1,2039,S2D5,189.8540925266904
GLOBAL,PWRTRNTZAXX,ELCTZAXX01,1,2039,S3D6,127.705565529623
GLOBAL,PWRTRNTZAXX,ELCTZAXX01,1,2039,S3D1,159.63195691202873
GLOBAL,PWRTRNTZAXX,ELCTZAXX01,1,2039,S3D2,191.55834829443447
GLOBAL,PWRTRNTZAXX,ELCTZAXX01,1,2039,S3D3,191.55834829443447
GLOBAL,PWRTRNTZAXX,ELCTZAXX01,1,2039,S3D4,223.4847396768402
GLOBAL,PWRTRNTZAXX,ELCTZAXX01,1,2039,S3D5,223.4847396768402
GLOBAL,PWRTRNTZAXX,ELCTZAXX01,1,2040,S1D6,136.35766423357666
GLOBAL,PWRTRNTZAXX,ELCTZAXX01,1,2040,S1D1,170.44708029197082
GLOBAL,PWRTRNTZAXX,ELCTZAXX01,1,2040,S1D2,204.53649635036496
GLOBAL,PWRTRNTZAXX,ELCTZAXX01,1,2040,S1D3,170.44708029197082
GLOBAL,PWRTRNTZAXX,ELCTZAXX01,1,2040,S1D4,204.53649635036496
GLOBAL,PWRTRNTZAXX,ELCTZAXX01,1,2040,S1D5,204.53649635036496
GLOBAL,PWRTRNTZAXX,ELCTZAXX01,1,2040,S2D6,132.9608540925267
GLOBAL,PWRTRNTZAXX,ELCTZAXX01,1,2040,S2D1,166.20106761565836
GLOBAL,PWRTRNTZAXX,ELCTZAXX01,1,2040,S2D2,199.44128113879003
GLOBAL,PWRTRNTZAXX,ELCTZAXX01,1,2040,S2D3,166.20106761565836
GLOBAL,PWRTRNTZAXX,ELCTZAXX01,1,2040,S2D4,232.68149466192173
GLOBAL,PWRTRNTZAXX,ELCTZAXX01,1,2040,S2D5,199.44128113879003
GLOBAL,PWRTRNTZAXX,ELCTZAXX01,1,2040,S3D6,134.1543985637343
GLOBAL,PWRTRNTZAXX,ELCTZAXX01,1,2040,S3D1,167.69299820466787
GLOBAL,PWRTRNTZAXX,ELCTZAXX01,1,2040,S3D2,201.23159784560144
GLOBAL,PWRTRNTZAXX,ELCTZAXX01,1,2040,S3D3,201.23159784560144
GLOBAL,PWRTRNTZAXX,ELCTZAXX01,1,2040,S3D4,234.770197486535
GLOBAL,PWRTRNTZAXX,ELCTZAXX01,1,2040,S3D5,234.770197486535
GLOBAL,PWRTRNTZAXX,ELCTZAXX01,1,2041,S1D6,144.10218978102188
GLOBAL,PWRTRNTZAXX,ELCTZAXX01,1,2041,S1D1,180.1277372262774
GLOBAL,PWRTRNTZAXX,ELCTZAXX01,1,2041,S1D2,216.15328467153284
GLOBAL,PWRTRNTZAXX,ELCTZAXX01,1,2041,S1D3,180.1277372262774
GLOBAL,PWRTRNTZAXX,ELCTZAXX01,1,2041,S1D4,216.15328467153284
GLOBAL,PWRTRNTZAXX,ELCTZAXX01,1,2041,S1D5,216.15328467153284
GLOBAL,PWRTRNTZAXX,ELCTZAXX01,1,2041,S2D6,140.51245551601423
GLOBAL,PWRTRNTZAXX,ELCTZAXX01,1,2041,S2D1,175.6405693950178
GLOBAL,PWRTRNTZAXX,ELCTZAXX01,1,2041,S2D2,210.76868327402136
GLOBAL,PWRTRNTZAXX,ELCTZAXX01,1,2041,S2D3,175.6405693950178
GLOBAL,PWRTRNTZAXX,ELCTZAXX01,1,2041,S2D4,245.8967971530249
GLOBAL,PWRTRNTZAXX,ELCTZAXX01,1,2041,S2D5,210.76868327402136
GLOBAL,PWRTRNTZAXX,ELCTZAXX01,1,2041,S3D6,141.7737881508079
GLOBAL,PWRTRNTZAXX,ELCTZAXX01,1,2041,S3D1,177.21723518850987
GLOBAL,PWRTRNTZAXX,ELCTZAXX01,1,2041,S3D2,212.66068222621183
GLOBAL,PWRTRNTZAXX,ELCTZAXX01,1,2041,S3D3,212.66068222621183
GLOBAL,PWRTRNTZAXX,ELCTZAXX01,1,2041,S3D4,248.10412926391385
GLOBAL,PWRTRNTZAXX,ELCTZAXX01,1,2041,S3D5,248.10412926391385
GLOBAL,PWRTRNTZAXX,ELCTZAXX01,1,2042,S1D6,151.84671532846713
GLOBAL,PWRTRNTZAXX,ELCTZAXX01,1,2042,S1D1,189.80839416058396
GLOBAL,PWRTRNTZAXX,ELCTZAXX01,1,2042,S1D2,227.77007299270076
GLOBAL,PWRTRNTZAXX,ELCTZAXX01,1,2042,S1D3,189.80839416058396
GLOBAL,PWRTRNTZAXX,ELCTZAXX01,1,2042,S1D4,227.77007299270076
GLOBAL,PWRTRNTZAXX,ELCTZAXX01,1,2042,S1D5,227.77007299270076
GLOBAL,PWRTRNTZAXX,ELCTZAXX01,1,2042,S2D6,148.06405693950177
GLOBAL,PWRTRNTZAXX,ELCTZAXX01,1,2042,S2D1,185.0800711743772
GLOBAL,PWRTRNTZAXX,ELCTZAXX01,1,2042,S2D2,222.09608540925265
GLOBAL,PWRTRNTZAXX,ELCTZAXX01,1,2042,S2D3,185.0800711743772
GLOBAL,PWRTRNTZAXX,ELCTZAXX01,1,2042,S2D4,259.1120996441281
GLOBAL,PWRTRNTZAXX,ELCTZAXX01,1,2042,S2D5,222.09608540925265
GLOBAL,PWRTRNTZAXX,ELCTZAXX01,1,2042,S3D6,149.3931777378815
GLOBAL,PWRTRNTZAXX,ELCTZAXX01,1,2042,S3D1,186.74147217235193
GLOBAL,PWRTRNTZAXX,ELCTZAXX01,1,2042,S3D2,224.08976660682225
GLOBAL,PWRTRNTZAXX,ELCTZAXX01,1,2042,S3D3,224.08976660682225
GLOBAL,PWRTRNTZAXX,ELCTZAXX01,1,2042,S3D4,261.4380610412926
GLOBAL,PWRTRNTZAXX,ELCTZAXX01,1,2042,S3D5,261.4380610412926
GLOBAL,PWRTRNTZAXX,ELCTZAXX01,1,2043,S1D6,159.5912408759124
GLOBAL,PWRTRNTZAXX,ELCTZAXX01,1,2043,S1D1,199.48905109489047
GLOBAL,PWRTRNTZAXX,ELCTZAXX01,1,2043,S1D2,239.38686131386856
GLOBAL,PWRTRNTZAXX,ELCTZAXX01,1,2043,S1D3,199.48905109489047
GLOBAL,PWRTRNTZAXX,ELCTZAXX01,1,2043,S1D4,239.38686131386856
GLOBAL,PWRTRNTZAXX,ELCTZAXX01,1,2043,S1D5,239.38686131386856
GLOBAL,PWRTRNTZAXX,ELCTZAXX01,1,2043,S2D6,155.6156583629893
GLOBAL,PWRTRNTZAXX,ELCTZAXX01,1,2043,S2D1,194.51957295373663
GLOBAL,PWRTRNTZAXX,ELCTZAXX01,1,2043,S2D2,233.423487544484
GLOBAL,PWRTRNTZAXX,ELCTZAXX01,1,2043,S2D3,194.51957295373663
GLOBAL,PWRTRNTZAXX,ELCTZAXX01,1,2043,S2D4,272.3274021352313
GLOBAL,PWRTRNTZAXX,ELCTZAXX01,1,2043,S2D5,233.423487544484
GLOBAL,PWRTRNTZAXX,ELCTZAXX01,1,2043,S3D6,157.0125673249551
GLOBAL,PWRTRNTZAXX,ELCTZAXX01,1,2043,S3D1,196.2657091561939
GLOBAL,PWRTRNTZAXX,ELCTZAXX01,1,2043,S3D2,235.51885098743267
GLOBAL,PWRTRNTZAXX,ELCTZAXX01,1,2043,S3D3,235.51885098743267
GLOBAL,PWRTRNTZAXX,ELCTZAXX01,1,2043,S3D4,274.77199281867144
GLOBAL,PWRTRNTZAXX,ELCTZAXX01,1,2043,S3D5,274.77199281867144
GLOBAL,PWRTRNTZAXX,ELCTZAXX01,1,2044,S1D6,167.34306569343067
GLOBAL,PWRTRNTZAXX,ELCTZAXX01,1,2044,S1D1,209.17883211678833
GLOBAL,PWRTRNTZAXX,ELCTZAXX01,1,2044,S1D2,251.01459854014595
GLOBAL,PWRTRNTZAXX,ELCTZAXX01,1,2044,S1D3,209.17883211678833
GLOBAL,PWRTRNTZAXX,ELCTZAXX01,1,2044,S1D4,251.01459854014595
GLOBAL,PWRTRNTZAXX,ELCTZAXX01,1,2044,S1D5,251.01459854014595
GLOBAL,PWRTRNTZAXX,ELCTZAXX01,1,2044,S2D6,163.1743772241993
GLOBAL,PWRTRNTZAXX,ELCTZAXX01,1,2044,S2D1,203.9679715302491
GLOBAL,PWRTRNTZAXX,ELCTZAXX01,1,2044,S2D2,244.76156583629893
GLOBAL,PWRTRNTZAXX,ELCTZAXX01,1,2044,S2D3,203.9679715302491
GLOBAL,PWRTRNTZAXX,ELCTZAXX01,1,2044,S2D4,285.5551601423488
GLOBAL,PWRTRNTZAXX,ELCTZAXX01,1,2044,S2D5,244.76156583629893
GLOBAL,PWRTRNTZAXX,ELCTZAXX01,1,2044,S3D6,164.6391382405745
GLOBAL,PWRTRNTZAXX,ELCTZAXX01,1,2044,S3D1,205.7989228007181
GLOBAL,PWRTRNTZAXX,ELCTZAXX01,1,2044,S3D2,246.95870736086172
GLOBAL,PWRTRNTZAXX,ELCTZAXX01,1,2044,S3D3,246.95870736086172
GLOBAL,PWRTRNTZAXX,ELCTZAXX01,1,2044,S3D4,288.1184919210054
GLOBAL,PWRTRNTZAXX,ELCTZAXX01,1,2044,S3D5,288.1184919210054
GLOBAL,PWRTRNTZAXX,ELCTZAXX01,1,2045,S1D6,175.08759124087587
GLOBAL,PWRTRNTZAXX,ELCTZAXX01,1,2045,S1D1,218.85948905109487
GLOBAL,PWRTRNTZAXX,ELCTZAXX01,1,2045,S1D2,262.6313868613139
GLOBAL,PWRTRNTZAXX,ELCTZAXX01,1,2045,S1D3,218.85948905109487
GLOBAL,PWRTRNTZAXX,ELCTZAXX01,1,2045,S1D4,262.6313868613139
GLOBAL,PWRTRNTZAXX,ELCTZAXX01,1,2045,S1D5,262.6313868613139
GLOBAL,PWRTRNTZAXX,ELCTZAXX01,1,2045,S2D6,170.72597864768682
GLOBAL,PWRTRNTZAXX,ELCTZAXX01,1,2045,S2D1,213.4074733096085
GLOBAL,PWRTRNTZAXX,ELCTZAXX01,1,2045,S2D2,256.0889679715303
GLOBAL,PWRTRNTZAXX,ELCTZAXX01,1,2045,S2D3,213.4074733096085
GLOBAL,PWRTRNTZAXX,ELCTZAXX01,1,2045,S2D4,298.770462633452
GLOBAL,PWRTRNTZAXX,ELCTZAXX01,1,2045,S2D5,256.0889679715303
GLOBAL,PWRTRNTZAXX,ELCTZAXX01,1,2045,S3D6,172.25852782764807
GLOBAL,PWRTRNTZAXX,ELCTZAXX01,1,2045,S3D1,215.3231597845601
GLOBAL,PWRTRNTZAXX,ELCTZAXX01,1,2045,S3D2,258.3877917414722
GLOBAL,PWRTRNTZAXX,ELCTZAXX01,1,2045,S3D3,258.3877917414722
GLOBAL,PWRTRNTZAXX,ELCTZAXX01,1,2045,S3D4,301.4524236983842
GLOBAL,PWRTRNTZAXX,ELCTZAXX01,1,2045,S3D5,301.4524236983842
GLOBAL,PWRTRNTZAXX,ELCTZAXX01,1,2046,S1D6,184.70072992700727
GLOBAL,PWRTRNTZAXX,ELCTZAXX01,1,2046,S1D1,230.8759124087591
GLOBAL,PWRTRNTZAXX,ELCTZAXX01,1,2046,S1D2,277.05109489051085
GLOBAL,PWRTRNTZAXX,ELCTZAXX01,1,2046,S1D3,230.8759124087591
GLOBAL,PWRTRNTZAXX,ELCTZAXX01,1,2046,S1D4,277.05109489051085
GLOBAL,PWRTRNTZAXX,ELCTZAXX01,1,2046,S1D5,277.05109489051085
GLOBAL,PWRTRNTZAXX,ELCTZAXX01,1,2046,S2D6,180.09964412811388
GLOBAL,PWRTRNTZAXX,ELCTZAXX01,1,2046,S2D1,225.12455516014236
GLOBAL,PWRTRNTZAXX,ELCTZAXX01,1,2046,S2D2,270.1494661921708
GLOBAL,PWRTRNTZAXX,ELCTZAXX01,1,2046,S2D3,225.12455516014236
GLOBAL,PWRTRNTZAXX,ELCTZAXX01,1,2046,S2D4,315.1743772241993
GLOBAL,PWRTRNTZAXX,ELCTZAXX01,1,2046,S2D5,270.1494661921708
GLOBAL,PWRTRNTZAXX,ELCTZAXX01,1,2046,S3D6,181.71633752244168
GLOBAL,PWRTRNTZAXX,ELCTZAXX01,1,2046,S3D1,227.14542190305204
GLOBAL,PWRTRNTZAXX,ELCTZAXX01,1,2046,S3D2,272.57450628366246
GLOBAL,PWRTRNTZAXX,ELCTZAXX01,1,2046,S3D3,272.57450628366246
GLOBAL,PWRTRNTZAXX,ELCTZAXX01,1,2046,S3D4,318.0035906642729
GLOBAL,PWRTRNTZAXX,ELCTZAXX01,1,2046,S3D5,318.0035906642729
GLOBAL,PWRTRNTZAXX,ELCTZAXX01,1,2047,S1D6,194.31386861313868
GLOBAL,PWRTRNTZAXX,ELCTZAXX01,1,2047,S1D1,242.89233576642332
GLOBAL,PWRTRNTZAXX,ELCTZAXX01,1,2047,S1D2,291.47080291970804
GLOBAL,PWRTRNTZAXX,ELCTZAXX01,1,2047,S1D3,242.89233576642332
GLOBAL,PWRTRNTZAXX,ELCTZAXX01,1,2047,S1D4,291.47080291970804
GLOBAL,PWRTRNTZAXX,ELCTZAXX01,1,2047,S1D5,291.47080291970804
GLOBAL,PWRTRNTZAXX,ELCTZAXX01,1,2047,S2D6,189.47330960854092
GLOBAL,PWRTRNTZAXX,ELCTZAXX01,1,2047,S2D1,236.84163701067612
GLOBAL,PWRTRNTZAXX,ELCTZAXX01,1,2047,S2D2,284.20996441281136
GLOBAL,PWRTRNTZAXX,ELCTZAXX01,1,2047,S2D3,236.84163701067612
GLOBAL,PWRTRNTZAXX,ELCTZAXX01,1,2047,S2D4,331.5782918149466
GLOBAL,PWRTRNTZAXX,ELCTZAXX01,1,2047,S2D5,284.20996441281136
GLOBAL,PWRTRNTZAXX,ELCTZAXX01,1,2047,S3D6,191.1741472172352
GLOBAL,PWRTRNTZAXX,ELCTZAXX01,1,2047,S3D1,238.967684021544
GLOBAL,PWRTRNTZAXX,ELCTZAXX01,1,2047,S3D2,286.7612208258528
GLOBAL,PWRTRNTZAXX,ELCTZAXX01,1,2047,S3D3,286.7612208258528
GLOBAL,PWRTRNTZAXX,ELCTZAXX01,1,2047,S3D4,334.55475763016153
GLOBAL,PWRTRNTZAXX,ELCTZAXX01,1,2047,S3D5,334.55475763016153
GLOBAL,PWRTRNTZAXX,ELCTZAXX01,1,2048,S1D6,203.9270072992701
GLOBAL,PWRTRNTZAXX,ELCTZAXX01,1,2048,S1D1,254.9087591240876
GLOBAL,PWRTRNTZAXX,ELCTZAXX01,1,2048,S1D2,305.8905109489051
GLOBAL,PWRTRNTZAXX,ELCTZAXX01,1,2048,S1D3,254.9087591240876
GLOBAL,PWRTRNTZAXX,ELCTZAXX01,1,2048,S1D4,305.8905109489051
GLOBAL,PWRTRNTZAXX,ELCTZAXX01,1,2048,S1D5,305.8905109489051
GLOBAL,PWRTRNTZAXX,ELCTZAXX01,1,2048,S2D6,198.846975088968
GLOBAL,PWRTRNTZAXX,ELCTZAXX01,1,2048,S2D1,248.55871886121
GLOBAL,PWRTRNTZAXX,ELCTZAXX01,1,2048,S2D2,298.270462633452
GLOBAL,PWRTRNTZAXX,ELCTZAXX01,1,2048,S2D3,248.55871886121
GLOBAL,PWRTRNTZAXX,ELCTZAXX01,1,2048,S2D4,347.98220640569394
GLOBAL,PWRTRNTZAXX,ELCTZAXX01,1,2048,S2D5,298.270462633452
GLOBAL,PWRTRNTZAXX,ELCTZAXX01,1,2048,S3D6,200.63195691202876
GLOBAL,PWRTRNTZAXX,ELCTZAXX01,1,2048,S3D1,250.7899461400359
GLOBAL,PWRTRNTZAXX,ELCTZAXX01,1,2048,S3D2,300.9479353680431
GLOBAL,PWRTRNTZAXX,ELCTZAXX01,1,2048,S3D3,300.9479353680431
GLOBAL,PWRTRNTZAXX,ELCTZAXX01,1,2048,S3D4,351.1059245960503
GLOBAL,PWRTRNTZAXX,ELCTZAXX01,1,2048,S3D5,351.1059245960503
GLOBAL,PWRTRNTZAXX,ELCTZAXX01,1,2049,S1D6,213.53284671532845
GLOBAL,PWRTRNTZAXX,ELCTZAXX01,1,2049,S1D1,266.9160583941606
GLOBAL,PWRTRNTZAXX,ELCTZAXX01,1,2049,S1D2,320.29927007299267
GLOBAL,PWRTRNTZAXX,ELCTZAXX01,1,2049,S1D3,266.9160583941606
GLOBAL,PWRTRNTZAXX,ELCTZAXX01,1,2049,S1D4,320.29927007299267
GLOBAL,PWRTRNTZAXX,ELCTZAXX01,1,2049,S1D5,320.29927007299267
GLOBAL,PWRTRNTZAXX,ELCTZAXX01,1,2049,S2D6,208.21352313167256
GLOBAL,PWRTRNTZAXX,ELCTZAXX01,1,2049,S2D1,260.2669039145908
GLOBAL,PWRTRNTZAXX,ELCTZAXX01,1,2049,S2D2,312.3202846975089
GLOBAL,PWRTRNTZAXX,ELCTZAXX01,1,2049,S2D3,260.2669039145908
GLOBAL,PWRTRNTZAXX,ELCTZAXX01,1,2049,S2D4,364.373665480427
GLOBAL,PWRTRNTZAXX,ELCTZAXX01,1,2049,S2D5,312.3202846975089
GLOBAL,PWRTRNTZAXX,ELCTZAXX01,1,2049,S3D6,210.08258527827647
GLOBAL,PWRTRNTZAXX,ELCTZAXX01,1,2049,S3D1,262.6032315978456
GLOBAL,PWRTRNTZAXX,ELCTZAXX01,1,2049,S3D2,315.1238779174147
GLOBAL,PWRTRNTZAXX,ELCTZAXX01,1,2049,S3D3,315.1238779174147
GLOBAL,PWRTRNTZAXX,ELCTZAXX01,1,2049,S3D4,367.64452423698384
GLOBAL,PWRTRNTZAXX,ELCTZAXX01,1,2049,S3D5,367.64452423698384
GLOBAL,PWRTRNTZAXX,ELCTZAXX01,1,2050,S1D6,223.14598540145985
GLOBAL,PWRTRNTZAXX,ELCTZAXX01,1,2050,S1D1,278.9324817518248
GLOBAL,PWRTRNTZAXX,ELCTZAXX01,1,2050,S1D2,334.71897810218974
GLOBAL,PWRTRNTZAXX,ELCTZAXX01,1,2050,S1D3,278.9324817518248
GLOBAL,PWRTRNTZAXX,ELCTZAXX01,1,2050,S1D4,334.71897810218974
GLOBAL,PWRTRNTZAXX,ELCTZAXX01,1,2050,S1D5,334.71897810218974
GLOBAL,PWRTRNTZAXX,ELCTZAXX01,1,2050,S2D6,217.58718861209965
GLOBAL,PWRTRNTZAXX,ELCTZAXX01,1,2050,S2D1,271.98398576512454
GLOBAL,PWRTRNTZAXX,ELCTZAXX01,1,2050,S2D2,326.38078291814946
GLOBAL,PWRTRNTZAXX,ELCTZAXX01,1,2050,S2D3,271.98398576512454
GLOBAL,PWRTRNTZAXX,ELCTZAXX01,1,2050,S2D4,380.7775800711744
GLOBAL,PWRTRNTZAXX,ELCTZAXX01,1,2050,S2D5,326.38078291814946
GLOBAL,PWRTRNTZAXX,ELCTZAXX01,1,2050,S3D6,219.54039497307
GLOBAL,PWRTRNTZAXX,ELCTZAXX01,1,2050,S3D1,274.42549371633754
GLOBAL,PWRTRNTZAXX,ELCTZAXX01,1,2050,S3D2,329.31059245960506
GLOBAL,PWRTRNTZAXX,ELCTZAXX01,1,2050,S3D3,329.31059245960506
GLOBAL,PWRTRNTZAXX,ELCTZAXX01,1,2050,S3D4,384.19569120287247
GLOBAL,PWRTRNTZAXX,ELCTZAXX01,1,2050,S3D5,384.19569120287247
GLOBAL,PWRWONKENXX01,WONKENXX,1,2021,S1D1,1.7123291136
GLOBAL,PWRWONKENXX01,WONKENXX,1,2021,S1D2,2.5473014784
GLOBAL,PWRWONKENXX01,WONKENXX,1,2021,S1D3,1.0470839703872223
GLOBAL,PWRWONKENXX01,WONKENXX,1,2021,S1D4,2.5473014784
GLOBAL,PWRWONKENXX01,WONKENXX,1,2021,S1D5,2.5473014784
GLOBAL,PWRWONKENXX01,WONKENXX,1,2021,S2D6,2.3279622912
GLOBAL,PWRWONKENXX01,WONKENXX,1,2021,S2D1,2.0217351168
GLOBAL,PWRWONKENXX01,WONKENXX,1,2021,S2D2,1.817230464
GLOBAL,PWRWONKENXX01,WONKENXX,1,2021,S2D3,1.1676897792
GLOBAL,PWRWONKENXX01,WONKENXX,1,2021,S2D4,1.8394822656
GLOBAL,PWRWONKENXX01,WONKENXX,1,2021,S2D5,2.3035912704
GLOBAL,PWRWONKENXX01,WONKENXX,1,2021,S3D6,2.0641195008
GLOBAL,PWRWONKENXX01,WONKENXX,1,2021,S3D1,1.8786878208
GLOBAL,PWRWONKENXX01,WONKENXX,1,2021,S3D2,2.5133939712
GLOBAL,PWRWONKENXX01,WONKENXX,1,2021,S3D3,1.986768
GLOBAL,PWRWONKENXX01,WONKENXX,1,2021,S3D4,2.5473014784
GLOBAL,PWRWONKENXX01,WONKENXX,1,2021,S3D5,2.5473014784
GLOBAL,PWRWONKENXX01,WONKENXX,1,2022,S1D6,2.0630598912
GLOBAL,PWRWONKENXX01,WONKENXX,1,2022,S1D1,1.7123291136
GLOBAL,PWRWONKENXX01,WONKENXX,1,2022,S1D2,2.5473014784
GLOBAL,PWRWONKENXX01,WONKENXX,1,2022,S1D3,2.1626631936
GLOBAL,PWRWONKENXX01,WONKENXX,1,2022,S1D4,2.5473014784
GLOBAL,PWRWONKENXX01,WONKENXX,1,2022,S1D5,1.923334703327365
GLOBAL,PWRWONKENXX01,WONKENXX,1,2022,S2D6,2.3279622912
GLOBAL,PWRWONKENXX01,WONKENXX,1,2022,S2D1,2.0217351168
GLOBAL,PWRWONKENXX01,WONKENXX,1,2022,S2D2,1.817230464
GLOBAL,PWRWONKENXX01,WONKENXX,1,2022,S2D3,1.1676897792
GLOBAL,PWRWONKENXX01,WONKENXX,1,2022,S2D4,1.8394822656
GLOBAL,PWRWONKENXX01,WONKENXX,1,2022,S2D5,2.3035912704
GLOBAL,PWRWONKENXX01,WONKENXX,1,2022,S3D6,2.0641195008
GLOBAL,PWRWONKENXX01,WONKENXX,1,2022,S3D1,1.8786878208
GLOBAL,PWRWONKENXX01,WONKENXX,1,2022,S3D3,1.986768
GLOBAL,PWRWONKENXX01,WONKENXX,1,2022,S3D4,2.5473014784
GLOBAL,PWRWONKENXX01,WONKENXX,1,2022,S3D5,2.5473014784
GLOBAL,PWRWONKENXX01,WONKENXX,1,2023,S1D6,2.0630598912
GLOBAL,PWRWONKENXX01,WONKENXX,1,2023,S1D1,1.7123291136
GLOBAL,PWRWONKENXX01,WONKENXX,1,2023,S1D2,2.5473014784
GLOBAL,PWRWONKENXX01,WONKENXX,1,2023,S1D3,2.1626631936
GLOBAL,PWRWONKENXX01,WONKENXX,1,2023,S1D4,2.5473014784
GLOBAL,PWRWONKENXX01,WONKENXX,1,2023,S1D5,2.5473014784
GLOBAL,PWRWONKENXX01,WONKENXX,1,2023,S2D6,2.3279622912
GLOBAL,PWRWONKENXX01,WONKENXX,1,2023,S2D1,2.0217351168
GLOBAL,PWRWONKENXX01,WONKENXX,1,2023,S2D2,1.817230464
GLOBAL,PWRWONKENXX01,WONKENXX,1,2023,S2D3,1.1676897792
GLOBAL,PWRWONKENXX01,WONKENXX,1,2023,S2D4,1.8394822656
GLOBAL,PWRWONKENXX01,WONKENXX,1,2023,S2D5,2.3035912704
GLOBAL,PWRWONKENXX01,WONKENXX,1,2023,S3D1,1.8786878208
GLOBAL,PWRWONKENXX01,WONKENXX,1,2023,S3D2,2.5133939712
GLOBAL,PWRWONKENXX01,WONKENXX,1,2023,S3D3,1.986768
GLOBAL,PWRWONKENXX01,WONKENXX,1,2023,S3D4,2.5473014784
GLOBAL,PWRWONKENXX01,WONKENXX,1,2023,S3D5,1.4841422813576208
GLOBAL,PWRWONKENXX01,WONKENXX,1,2024,S1D6,1.903418352
GLOBAL,PWRWONKENXX01,WONKENXX,1,2024,S1D1,1.579827456
GLOBAL,PWRWONKENXX01,WONKENXX,1,2024,S1D2,2.46359232
GLOBAL,PWRWONKENXX01,WONKENXX,1,2024,S1D3,1.995314256
GLOBAL,PWRWONKENXX01,WONKENXX,1,2024,S1D4,2.504652192
GLOBAL,PWRWONKENXX01,WONKENXX,1,2024,S1D5,2.531047824
GLOBAL,PWRWONKENXX01,WONKENXX,1,2024,S2D6,0.4881297571558748
GLOBAL,PWRWONKENXX01,WONKENXX,1,2024,S2D1,1.865291328
GLOBAL,PWRWONKENXX01,WONKENXX,1,2024,S2D2,1.67661144
GLOBAL,PWRWONKENXX01,WONKENXX,1,2024,S2D3,1.077332832
GLOBAL,PWRWONKENXX01,WONKENXX,1,2024,S2D4,1.697141376
GLOBAL,PWRWONKENXX01,WONKENXX,1,2024,S2D5,2.125337184
GLOBAL,PWRWONKENXX01,WONKENXX,1,2024,S3D6,1.904395968
GLOBAL,PWRWONKENXX01,WONKENXX,1,2024,S3D1,1.733313168
GLOBAL,PWRWONKENXX01,WONKENXX,1,2024,S3D2,2.318905152
GLOBAL,PWRWONKENXX01,WONKENXX,1,2024,S3D4,2.350188864
GLOBAL,PWRWONKENXX01,WONKENXX,1,2024,S3D5,2.531047824
GLOBAL,PWRWONKENXX01,WONKENXX,1,2025,S1D1,1.579827456
GLOBAL,PWRWONKENXX01,WONKENXX,1,2025,S1D2,0.8017826641489105
GLOBAL,PWRWONKENXX01,WONKENXX,1,2025,S1D3,1.995314256
GLOBAL,PWRWONKENXX01,WONKENXX,1,2025,S1D4,2.504652192
GLOBAL,PWRWONKENXX01,WONKENXX,1,2025,S1D5,2.531047824
GLOBAL,PWRWONKENXX01,WONKENXX,1,2025,S2D6,2.147822352
GLOBAL,PWRWONKENXX01,WONKENXX,1,2025,S2D1,1.865291328
GLOBAL,PWRWONKENXX01,WONKENXX,1,2025,S2D2,1.67661144
GLOBAL,PWRWONKENXX01,WONKENXX,1,2025,S2D3,1.077332832
GLOBAL,PWRWONKENXX01,WONKENXX,1,2025,S2D4,1.697141376
GLOBAL,PWRWONKENXX01,WONKENXX,1,2025,S2D5,2.125337184
GLOBAL,PWRWONKENXX01,WONKENXX,1,2025,S3D6,1.904395968
GLOBAL,PWRWONKENXX01,WONKENXX,1,2025,S3D1,1.733313168
GLOBAL,PWRWONKENXX01,WONKENXX,1,2025,S3D2,2.318905152
GLOBAL,PWRWONKENXX01,WONKENXX,1,2025,S3D3,1.83303
GLOBAL,PWRWONKENXX01,WONKENXX,1,2025,S3D4,2.350188864
GLOBAL,PWRWONKENXX01,WONKENXX,1,2025,S3D5,2.531047824
GLOBAL,PWRWONKENXX01,WONKENXX,1,2026,S1D6,1.903418352
GLOBAL,PWRWONKENXX01,WONKENXX,1,2026,S1D1,1.579827456
GLOBAL,PWRWONKENXX01,WONKENXX,1,2026,S1D2,2.46359232
GLOBAL,PWRWONKENXX01,WONKENXX,1,2026,S1D4,2.504652192
GLOBAL,PWRWONKENXX01,WONKENXX,1,2026,S1D5,2.531047824
GLOBAL,PWRWONKENXX01,WONKENXX,1,2026,S2D6,2.147822352
GLOBAL,PWRWONKENXX01,WONKENXX,1,2026,S2D1,1.865291328
GLOBAL,PWRWONKENXX01,WONKENXX,1,2026,S2D2,1.67661144
GLOBAL,PWRWONKENXX01,WONKENXX,1,2026,S2D3,1.077332832
GLOBAL,PWRWONKENXX01,WONKENXX,1,2026,S2D4,1.697141376
GLOBAL,PWRWONKENXX01,WONKENXX,1,2026,S2D5,2.125337184
GLOBAL,PWRWONKENXX01,WONKENXX,1,2026,S3D6,1.904395968
GLOBAL,PWRWONKENXX01,WONKENXX,1,2026,S3D1,1.733313168
GLOBAL,PWRWONKENXX01,WONKENXX,1,2026,S3D2,0.7743580496402183
GLOBAL,PWRWONKENXX01,WONKENXX,1,2026,S3D3,1.83303
GLOBAL,PWRWONKENXX01,WONKENXX,1,2026,S3D4,2.350188864
GLOBAL,PWRWONKENXX01,WONKENXX,1,2026,S3D5,2.531047824
GLOBAL,PWRWONKENXX01,WONKENXX,1,2027,S1D1,1.579827456
GLOBAL,PWRWONKENXX01,WONKENXX,1,2027,S1D2,2.46359232
GLOBAL,PWRWONKENXX01,WONKENXX,1,2027,S1D3,1.995314256
GLOBAL,PWRWONKENXX01,WONKENXX,1,2027,S1D4,2.504652192
GLOBAL,PWRWONKENXX01,WONKENXX,1,2027,S1D5,2.531047824
GLOBAL,PWRWONKENXX01,WONKENXX,1,2027,S2D6,2.147822352
GLOBAL,PWRWONKENXX01,WONKENXX,1,2027,S2D1,1.865291328
GLOBAL,PWRWONKENXX01,WONKENXX,1,2027,S2D2,0.05619917771103732
GLOBAL,PWRWONKENXX01,WONKENXX,1,2027,S2D3,1.077332832
GLOBAL,PWRWONKENXX01,WONKENXX,1,2027,S2D4,1.697141376
GLOBAL,PWRWONKENXX01,WONKENXX,1,2027,S2D5,2.125337184
GLOBAL,PWRWONKENXX01,WONKENXX,1,2027,S3D6,1.904395968
GLOBAL,PWRWONKENXX01,WONKENXX,1,2027,S3D1,1.733313168
GLOBAL,PWRWONKENXX01,WONKENXX,1,2027,S3D2,2.318905152
GLOBAL,PWRWONKENXX01,WONKENXX,1,2027,S3D3,1.83303
GLOBAL,PWRWONKENXX01,WONKENXX,1,2027,S3D4,2.350188864
GLOBAL,PWRWONKENXX01,WONKENXX,1,2027,S3D5,2.531047824
GLOBAL,PWRWONKENXX01,WONKENXX,1,2028,S1D6,0.84284253614891
GLOBAL,PWRWONKENXX01,WONKENXX,1,2028,S1D1,1.579827456
GLOBAL,PWRWONKENXX01,WONKENXX,1,2028,S1D2,2.46359232
GLOBAL,PWRWONKENXX01,WONKENXX,1,2028,S1D3,1.995314256
GLOBAL,PWRWONKENXX01,WONKENXX,1,2028,S1D5,2.531047824
GLOBAL,PWRWONKENXX01,WONKENXX,1,2028,S2D6,2.147822352
GLOBAL,PWRWONKENXX01,WONKENXX,1,2028,S2D1,1.865291328
GLOBAL,PWRWONKENXX01,WONKENXX,1,2028,S2D2,1.67661144
GLOBAL,PWRWONKENXX01,WONKENXX,1,2028,S2D3,1.077332832
GLOBAL,PWRWONKENXX01,WONKENXX,1,2028,S2D4,1.697141376
GLOBAL,PWRWONKENXX01,WONKENXX,1,2028,S2D5,2.125337184
GLOBAL,PWRWONKENXX01,WONKENXX,1,2028,S3D6,1.904395968
GLOBAL,PWRWONKENXX01,WONKENXX,1,2028,S3D1,1.733313168
GLOBAL,PWRWONKENXX01,WONKENXX,1,2028,S3D2,2.318905152
GLOBAL,PWRWONKENXX01,WONKENXX,1,2028,S3D3,1.83303
GLOBAL,PWRWONKENXX01,WONKENXX,1,2028,S3D4,2.350188864
GLOBAL,PWRWONKENXX01,WONKENXX,1,2028,S3D5,2.531047824
GLOBAL,PWRWONKENXX01,WONKENXX,1,2029,S1D6,1.2532813033651082
GLOBAL,PWRWONKENXX01,WONKENXX,1,2029,S1D2,2.46359232
GLOBAL,PWRWONKENXX01,WONKENXX,1,2029,S1D3,1.995314256
GLOBAL,PWRWONKENXX01,WONKENXX,1,2029,S1D4,2.504652192
GLOBAL,PWRWONKENXX01,WONKENXX,1,2029,S1D5,2.531047824
GLOBAL,PWRWONKENXX01,WONKENXX,1,2029,S2D6,2.147822352
GLOBAL,PWRWONKENXX01,WONKENXX,1,2029,S2D1,1.865291328
GLOBAL,PWRWONKENXX01,WONKENXX,1,2029,S2D2,0.374610728678868
GLOBAL,PWRWONKENXX01,WONKENXX,1,2029,S2D3,1.077332832
GLOBAL,PWRWONKENXX01,WONKENXX,1,2029,S2D4,1.697141376
GLOBAL,PWRWONKENXX01,WONKENXX,1,2029,S2D5,2.125337184
GLOBAL,PWRWONKENXX01,WONKENXX,1,2029,S3D6,1.904395968
GLOBAL,PWRWONKENXX01,WONKENXX,1,2029,S3D1,1.733313168
GLOBAL,PWRWONKENXX01,WONKENXX,1,2029,S3D2,2.318905152
GLOBAL,PWRWONKENXX01,WONKENXX,1,2029,S3D3,1.83303
GLOBAL,PWRWONKENXX01,WONKENXX,1,2029,S3D4,2.350188864
GLOBAL,PWRWONKENXX01,WONKENXX,1,2029,S3D5,2.531047824
GLOBAL,PWRWONKENXX01,WONKENXX,1,2030,S1D6,0.84284253614891
GLOBAL,PWRWONKENXX01,WONKENXX,1,2030,S1D1,1.579827456
GLOBAL,PWRWONKENXX01,WONKENXX,1,2030,S1D2,2.46359232
GLOBAL,PWRWONKENXX01,WONKENXX,1,2030,S1D3,1.995314256
GLOBAL,PWRWONKENXX01,WONKENXX,1,2030,S1D5,2.531047824
GLOBAL,PWRWONKENXX01,WONKENXX,1,2030,S2D6,2.147822352
GLOBAL,PWRWONKENXX01,WONKENXX,1,2030,S2D1,1.865291328
GLOBAL,PWRWONKENXX01,WONKENXX,1,2030,S2D2,1.67661144
GLOBAL,PWRWONKENXX01,WONKENXX,1,2030,S2D3,1.077332832
GLOBAL,PWRWONKENXX01,WONKENXX,1,2030,S2D4,1.697141376
GLOBAL,PWRWONKENXX01,WONKENXX,1,2030,S2D5,2.125337184
GLOBAL,PWRWONKENXX01,WONKENXX,1,2030,S3D6,1.904395968
GLOBAL,PWRWONKENXX01,WONKENXX,1,2030,S3D1,1.733313168
GLOBAL,PWRWONKENXX01,WONKENXX,1,2030,S3D2,2.318905152
GLOBAL,PWRWONKENXX01,WONKENXX,1,2030,S3D3,1.83303
GLOBAL,PWRWONKENXX01,WONKENXX,1,2030,S3D4,2.350188864
GLOBAL,PWRWONKENXX01,WONKENXX,1,2030,S3D5,2.531047824
GLOBAL,PWRWONKENXX01,WONKENXX,1,2031,S1D6,0.84284253614891
GLOBAL,PWRWONKENXX01,WONKENXX,1,2031,S1D1,1.579827456
GLOBAL,PWRWONKENXX01,WONKENXX,1,2031,S1D2,2.46359232
GLOBAL,PWRWONKENXX01,WONKENXX,1,2031,S1D3,1.995314256
GLOBAL,PWRWONKENXX01,WONKENXX,1,2031,S1D5,2.531047824
GLOBAL,PWRWONKENXX01,WONKENXX,1,2031,S2D6,2.147822352
GLOBAL,PWRWONKENXX01,WONKENXX,1,2031,S2D1,1.865291328
GLOBAL,PWRWONKENXX01,WONKENXX,1,2031,S2D2,1.67661144
GLOBAL,PWRWONKENXX01,WONKENXX,1,2031,S2D3,1.077332832
GLOBAL,PWRWONKENXX01,WONKENXX,1,2031,S2D4,1.697141376
GLOBAL,PWRWONKENXX01,WONKENXX,1,2031,S2D5,2.125337184
GLOBAL,PWRWONKENXX01,WONKENXX,1,2031,S3D6,1.904395968
GLOBAL,PWRWONKENXX01,WONKENXX,1,2031,S3D1,1.733313168
GLOBAL,PWRWONKENXX01,WONKENXX,1,2031,S3D2,2.318905152
GLOBAL,PWRWONKENXX01,WONKENXX,1,2031,S3D3,1.83303
GLOBAL,PWRWONKENXX01,WONKENXX,1,2031,S3D4,2.350188864
GLOBAL,PWRWONKENXX01,WONKENXX,1,2031,S3D5,2.531047824
GLOBAL,PWRWONKENXX01,WONKENXX,1,2032,S1D1,1.579827456
GLOBAL,PWRWONKENXX01,WONKENXX,1,2032,S1D2,2.46359232
GLOBAL,PWRWONKENXX01,WONKENXX,1,2032,S1D3,1.995314256
GLOBAL,PWRWONKENXX01,WONKENXX,1,2032,S1D4,2.504652192
GLOBAL,PWRWONKENXX01,WONKENXX,1,2032,S1D5,2.531047824
GLOBAL,PWRWONKENXX01,WONKENXX,1,2032,S2D6,2.147822352
GLOBAL,PWRWONKENXX01,WONKENXX,1,2032,S2D1,1.865291328
GLOBAL,PWRWONKENXX01,WONKENXX,1,2032,S2D2,0.05619917771103732
GLOBAL,PWRWONKENXX01,WONKENXX,1,2032,S2D3,1.077332832
GLOBAL,PWRWONKENXX01,WONKENXX,1,2032,S2D4,1.697141376
GLOBAL,PWRWONKENXX01,WONKENXX,1,2032,S2D5,2.125337184
GLOBAL,PWRWONKENXX01,WONKENXX,1,2032,S3D6,1.904395968
GLOBAL,PWRWONKENXX01,WONKENXX,1,2032,S3D1,1.733313168
GLOBAL,PWRWONKENXX01,WONKENXX,1,2032,S3D2,2.318905152
GLOBAL,PWRWONKENXX01,WONKENXX,1,2032,S3D3,1.83303
GLOBAL,PWRWONKENXX01,WONKENXX,1,2032,S3D4,2.350188864
GLOBAL,PWRWONKENXX01,WONKENXX,1,2032,S3D5,2.531047824
GLOBAL,PWRWONKENXX01,WONKENXX,1,2033,S1D1,1.579827456
GLOBAL,PWRWONKENXX01,WONKENXX,1,2033,S1D2,2.46359232
GLOBAL,PWRWONKENXX01,WONKENXX,1,2033,S1D3,1.995314256
GLOBAL,PWRWONKENXX01,WONKENXX,1,2033,S1D4,2.504652192
GLOBAL,PWRWONKENXX01,WONKENXX,1,2033,S1D5,2.531047824
GLOBAL,PWRWONKENXX01,WONKENXX,1,2033,S2D6,2.147822352
GLOBAL,PWRWONKENXX01,WONKENXX,1,2033,S2D1,1.865291328
GLOBAL,PWRWONKENXX01,WONKENXX,1,2033,S2D2,0.05619917771103732
GLOBAL,PWRWONKENXX01,WONKENXX,1,2033,S2D3,1.077332832
GLOBAL,PWRWONKENXX01,WONKENXX,1,2033,S2D4,1.697141376
GLOBAL,PWRWONKENXX01,WONKENXX,1,2033,S2D5,2.125337184
GLOBAL,PWRWONKENXX01,WONKENXX,1,2033,S3D6,1.904395968
GLOBAL,PWRWONKENXX01,WONKENXX,1,2033,S3D1,1.733313168
GLOBAL,PWRWONKENXX01,WONKENXX,1,2033,S3D2,2.318905152
GLOBAL,PWRWONKENXX01,WONKENXX,1,2033,S3D3,1.83303
GLOBAL,PWRWONKENXX01,WONKENXX,1,2033,S3D4,2.350188864
GLOBAL,PWRWONKENXX01,WONKENXX,1,2033,S3D5,2.531047824
GLOBAL,PWRWONKENXX01,WONKENXX,1,2034,S1D1,1.579827456
GLOBAL,PWRWONKENXX01,WONKENXX,1,2034,S1D2,2.46359232
GLOBAL,PWRWONKENXX01,WONKENXX,1,2034,S1D3,1.995314256
GLOBAL,PWRWONKENXX01,WONKENXX,1,2034,S1D4,2.504652192
GLOBAL,PWRWONKENXX01,WONKENXX,1,2034,S1D5,2.531047824
GLOBAL,PWRWONKENXX01,WONKENXX,1,2034,S2D6,2.147822352
GLOBAL,PWRWONKENXX01,WONKENXX,1,2034,S2D1,1.865291328
GLOBAL,PWRWONKENXX01,WONKENXX,1,2034,S2D2,1.67661144
GLOBAL,PWRWONKENXX01,WONKENXX,1,2034,S2D3,1.077332832
GLOBAL,PWRWONKENXX01,WONKENXX,1,2034,S2D4,1.697141376
GLOBAL,PWRWONKENXX01,WONKENXX,1,2034,S2D5,2.125337184
GLOBAL,PWRWONKENXX01,WONKENXX,1,2034,S3D6,1.904395968
GLOBAL,PWRWONKENXX01,WONKENXX,1,2034,S3D1,1.733313168
GLOBAL,PWRWONKENXX01,WONKENXX,1,2034,S3D2,2.318905152
GLOBAL,PWRWONKENXX01,WONKENXX,1,2034,S3D3,0.19807184666714897
GLOBAL,PWRWONKENXX01,WONKENXX,1,2034,S3D4,2.350188864
GLOBAL,PWRWONKENXX01,WONKENXX,1,2034,S3D5,2.531047824
GLOBAL,PWRWONKENXX01,WONKENXX,1,2035,S1D6,0.84284253614891
GLOBAL,PWRWONKENXX01,WONKENXX,1,2035,S1D1,1.579827456
GLOBAL,PWRWONKENXX01,WONKENXX,1,2035,S1D2,2.46359232
GLOBAL,PWRWONKENXX01,WONKENXX,1,2035,S1D3,1.995314256
GLOBAL,PWRWONKENXX01,WONKENXX,1,2035,S1D5,2.531047824
GLOBAL,PWRWONKENXX01,WONKENXX,1,2035,S2D6,2.147822352
GLOBAL,PWRWONKENXX01,WONKENXX,1,2035,S2D1,1.865291328
GLOBAL,PWRWONKENXX01,WONKENXX,1,2035,S2D2,1.67661144
GLOBAL,PWRWONKENXX01,WONKENXX,1,2035,S2D3,1.077332832
GLOBAL,PWRWONKENXX01,WONKENXX,1,2035,S2D4,1.697141376
GLOBAL,PWRWONKENXX01,WONKENXX,1,2035,S2D5,2.125337184
GLOBAL,PWRWONKENXX01,WONKENXX,1,2035,S3D6,1.904395968
GLOBAL,PWRWONKENXX01,WONKENXX,1,2035,S3D1,1.733313168
GLOBAL,PWRWONKENXX01,WONKENXX,1,2035,S3D2,2.318905152
GLOBAL,PWRWONKENXX01,WONKENXX,1,2035,S3D3,1.83303
GLOBAL,PWRWONKENXX01,WONKENXX,1,2035,S3D4,2.350188864
GLOBAL,PWRWONKENXX01,WONKENXX,1,2035,S3D5,2.531047824
GLOBAL,PWRWONKENXX01,WONKENXX,1,2036,S1D6,0.84284253614891
GLOBAL,PWRWONKENXX01,WONKENXX,1,2036,S1D1,1.579827456
GLOBAL,PWRWONKENXX01,WONKENXX,1,2036,S1D2,2.46359232
GLOBAL,PWRWONKENXX01,WONKENXX,1,2036,S1D3,1.995314256
GLOBAL,PWRWONKENXX01,WONKENXX,1,2036,S1D5,2.531047824
GLOBAL,PWRWONKENXX01,WONKENXX,1,2036,S2D6,2.147822352
GLOBAL,PWRWONKENXX01,WONKENXX,1,2036,S2D1,1.865291328
GLOBAL,PWRWONKENXX01,WONKENXX,1,2036,S2D2,1.67661144
GLOBAL,PWRWONKENXX01,WONKENXX,1,2036,S2D3,1.077332832
GLOBAL,PWRWONKENXX01,WONKENXX,1,2036,S2D4,1.697141376
GLOBAL,PWRWONKENXX01,WONKENXX,1,2036,S2D5,2.125337184
GLOBAL,PWRWONKENXX01,WONKENXX,1,2036,S3D6,1.904395968
GLOBAL,PWRWONKENXX01,WONKENXX,1,2036,S3D1,1.733313168
GLOBAL,PWRWONKENXX01,WONKENXX,1,2036,S3D2,2.318905152
GLOBAL,PWRWONKENXX01,WONKENXX,1,2036,S3D3,1.83303
GLOBAL,PWRWONKENXX01,WONKENXX,1,2036,S3D4,2.350188864
GLOBAL,PWRWONKENXX01,WONKENXX,1,2036,S3D5,2.531047824
GLOBAL,PWRWONKENXX01,WONKENXX,1,2037,S1D6,0.84284253614891
GLOBAL,PWRWONKENXX01,WONKENXX,1,2037,S1D1,1.579827456
GLOBAL,PWRWONKENXX01,WONKENXX,1,2037,S1D2,2.46359232
GLOBAL,PWRWONKENXX01,WONKENXX,1,2037,S1D3,1.995314256
GLOBAL,PWRWONKENXX01,WONKENXX,1,2037,S1D5,2.531047824
GLOBAL,PWRWONKENXX01,WONKENXX,1,2037,S2D6,2.147822352
GLOBAL,PWRWONKENXX01,WONKENXX,1,2037,S2D1,1.865291328
GLOBAL,PWRWONKENXX01,WONKENXX,1,2037,S2D2,1.67661144
GLOBAL,PWRWONKENXX01,WONKENXX,1,2037,S2D3,1.077332832
GLOBAL,PWRWONKENXX01,WONKENXX,1,2037,S2D4,1.697141376
GLOBAL,PWRWONKENXX01,WONKENXX,1,2037,S2D5,2.125337184
GLOBAL,PWRWONKENXX01,WONKENXX,1,2037,S3D6,1.904395968
GLOBAL,PWRWONKENXX01,WONKENXX,1,2037,S3D1,1.733313168
GLOBAL,PWRWONKENXX01,WONKENXX,1,2037,S3D2,2.318905152
GLOBAL,PWRWONKENXX01,WONKENXX,1,2037,S3D3,1.83303
GLOBAL,PWRWONKENXX01,WONKENXX,1,2037,S3D4,2.350188864
GLOBAL,PWRWONKENXX01,WONKENXX,1,2037,S3D5,2.531047824
GLOBAL,PWRWONKENXX01,WONKENXX,1,2038,S1D6,0.84284253614891
GLOBAL,PWRWONKENXX01,WONKENXX,1,2038,S1D1,1.579827456
GLOBAL,PWRWONKENXX01,WONKENXX,1,2038,S1D2,2.46359232
GLOBAL,PWRWONKENXX01,WONKENXX,1,2038,S1D3,1.995314256
GLOBAL,PWRWONKENXX01,WONKENXX,1,2038,S1D5,2.531047824
GLOBAL,PWRWONKENXX01,WONKENXX,1,2038,S2D6,2.147822352
GLOBAL,PWRWONKENXX01,WONKENXX,1,2038,S2D1,1.865291328
GLOBAL,PWRWONKENXX01,WONKENXX,1,2038,S2D2,1.67661144
GLOBAL,PWRWONKENXX01,WONKENXX,1,2038,S2D3,1.077332832
GLOBAL,PWRWONKENXX01,WONKENXX,1,2038,S2D4,1.697141376
GLOBAL,PWRWONKENXX01,WONKENXX,1,2038,S2D5,2.125337184
GLOBAL,PWRWONKENXX01,WONKENXX,1,2038,S3D6,1.904395968
GLOBAL,PWRWONKENXX01,WONKENXX,1,2038,S3D1,1.733313168
GLOBAL,PWRWONKENXX01,WONKENXX,1,2038,S3D2,2.318905152
GLOBAL,PWRWONKENXX01,WONKENXX,1,2038,S3D3,1.83303
GLOBAL,PWRWONKENXX01,WONKENXX,1,2038,S3D4,2.350188864
GLOBAL,PWRWONKENXX01,WONKENXX,1,2038,S3D5,2.531047824
GLOBAL,PWRWONKENXX01,WONKENXX,1,2039,S1D6,1.903418352
GLOBAL,PWRWONKENXX01,WONKENXX,1,2039,S1D1,1.579827456
GLOBAL,PWRWONKENXX01,WONKENXX,1,2039,S1D2,2.46359232
GLOBAL,PWRWONKENXX01,WONKENXX,1,2039,S1D3,1.995314256
GLOBAL,PWRWONKENXX01,WONKENXX,1,2039,S1D4,0.7012041742510962
GLOBAL,PWRWONKENXX01,WONKENXX,1,2039,S1D5,2.531047824
GLOBAL,PWRWONKENXX01,WONKENXX,1,2039,S2D6,2.147822352
GLOBAL,PWRWONKENXX01,WONKENXX,1,2039,S2D1,1.865291328
GLOBAL,PWRWONKENXX01,WONKENXX,1,2039,S2D2,1.67661144
GLOBAL,PWRWONKENXX01,WONKENXX,1,2039,S2D3,1.077332832
GLOBAL,PWRWONKENXX01,WONKENXX,1,2039,S2D4,1.697141376
GLOBAL,PWRWONKENXX01,WONKENXX,1,2039,S2D5,2.125337184
GLOBAL,PWRWONKENXX01,WONKENXX,1,2039,S3D6,1.904395968
GLOBAL,PWRWONKENXX01,WONKENXX,1,2039,S3D2,2.318905152
GLOBAL,PWRWONKENXX01,WONKENXX,1,2039,S3D3,1.83303
GLOBAL,PWRWONKENXX01,WONKENXX,1,2039,S3D4,2.350188864
GLOBAL,PWRWONKENXX01,WONKENXX,1,2039,S3D5,2.531047824
GLOBAL,PWRWONKENXX01,WONKENXX,1,2040,S1D6,0.84284253614891
GLOBAL,PWRWONKENXX01,WONKENXX,1,2040,S1D1,1.579827456
GLOBAL,PWRWONKENXX01,WONKENXX,1,2040,S1D2,2.46359232
GLOBAL,PWRWONKENXX01,WONKENXX,1,2040,S1D3,1.995314256
GLOBAL,PWRWONKENXX01,WONKENXX,1,2040,S1D5,2.531047824
GLOBAL,PWRWONKENXX01,WONKENXX,1,2040,S2D6,2.147822352
GLOBAL,PWRWONKENXX01,WONKENXX,1,2040,S2D1,1.865291328
GLOBAL,PWRWONKENXX01,WONKENXX,1,2040,S2D2,1.67661144
GLOBAL,PWRWONKENXX01,WONKENXX,1,2040,S2D3,1.077332832
GLOBAL,PWRWONKENXX01,WONKENXX,1,2040,S2D4,1.697141376
GLOBAL,PWRWONKENXX01,WONKENXX,1,2040,S2D5,2.125337184
GLOBAL,PWRWONKENXX01,WONKENXX,1,2040,S3D6,1.904395968
GLOBAL,PWRWONKENXX01,WONKENXX,1,2040,S3D1,1.733313168
GLOBAL,PWRWONKENXX01,WONKENXX,1,2040,S3D2,2.318905152
GLOBAL,PWRWONKENXX01,WONKENXX,1,2040,S3D3,1.83303
GLOBAL,PWRWONKENXX01,WONKENXX,1,2040,S3D4,2.350188864
GLOBAL,PWRWONKENXX01,WONKENXX,1,2040,S3D5,2.531047824
GLOBAL,PWRWONKENXX01,WONKENXX,1,2041,S1D6,0.84284253614891
GLOBAL,PWRWONKENXX01,WONKENXX,1,2041,S1D1,1.579827456
GLOBAL,PWRWONKENXX01,WONKENXX,1,2041,S1D2,2.46359232
GLOBAL,PWRWONKENXX01,WONKENXX,1,2041,S1D3,1.995314256
GLOBAL,PWRWONKENXX01,WONKENXX,1,2041,S1D5,2.531047824
GLOBAL,PWRWONKENXX01,WONKENXX,1,2041,S2D6,2.147822352
GLOBAL,PWRWONKENXX01,WONKENXX,1,2041,S2D1,1.865291328
GLOBAL,PWRWONKENXX01,WONKENXX,1,2041,S2D2,1.67661144
GLOBAL,PWRWONKENXX01,WONKENXX,1,2041,S2D3,1.077332832
GLOBAL,PWRWONKENXX01,WONKENXX,1,2041,S2D4,1.697141376
GLOBAL,PWRWONKENXX01,WONKENXX,1,2041,S2D5,2.125337184
GLOBAL,PWRWONKENXX01,WONKENXX,1,2041,S3D6,1.904395968
GLOBAL,PWRWONKENXX01,WONKENXX,1,2041,S3D1,1.733313168
GLOBAL,PWRWONKENXX01,WONKENXX,1,2041,S3D2,2.318905152
GLOBAL,PWRWONKENXX01,WONKENXX,1,2041,S3D3,1.83303
GLOBAL,PWRWONKENXX01,WONKENXX,1,2041,S3D4,2.350188864
GLOBAL,PWRWONKENXX01,WONKENXX,1,2041,S3D5,2.531047824
GLOBAL,PWRWONKENXX01,WONKENXX,1,2042,S1D6,0.778108878264925
GLOBAL,PWRWONKENXX01,WONKENXX,1,2042,S1D1,1.579827456
GLOBAL,PWRWONKENXX01,WONKENXX,1,2042,S1D2,2.46359232
GLOBAL,PWRWONKENXX01,WONKENXX,1,2042,S1D4,2.504652192
GLOBAL,PWRWONKENXX01,WONKENXX,1,2042,S1D5,2.531047824
GLOBAL,PWRWONKENXX01,WONKENXX,1,2042,S2D6,2.147822352
GLOBAL,PWRWONKENXX01,WONKENXX,1,2042,S2D1,1.865291328
GLOBAL,PWRWONKENXX01,WONKENXX,1,2042,S2D2,1.67661144
GLOBAL,PWRWONKENXX01,WONKENXX,1,2042,S2D3,1.077332832
GLOBAL,PWRWONKENXX01,WONKENXX,1,2042,S2D4,1.697141376
GLOBAL,PWRWONKENXX01,WONKENXX,1,2042,S2D5,2.125337184
GLOBAL,PWRWONKENXX01,WONKENXX,1,2042,S3D6,1.904395968
GLOBAL,PWRWONKENXX01,WONKENXX,1,2042,S3D1,1.2958928010205064
GLOBAL,PWRWONKENXX01,WONKENXX,1,2042,S3D2,2.318905152
GLOBAL,PWRWONKENXX01,WONKENXX,1,2042,S3D3,1.83303
GLOBAL,PWRWONKENXX01,WONKENXX,1,2042,S3D4,2.350188864
GLOBAL,PWRWONKENXX01,WONKENXX,1,2042,S3D5,2.531047824
GLOBAL,PWRWONKENXX01,WONKENXX,1,2043,S1D6,0.84284253614891
GLOBAL,PWRWONKENXX01,WONKENXX,1,2043,S1D1,1.579827456
GLOBAL,PWRWONKENXX01,WONKENXX,1,2043,S1D2,2.46359232
GLOBAL,PWRWONKENXX01,WONKENXX,1,2043,S1D3,1.995314256
GLOBAL,PWRWONKENXX01,WONKENXX,1,2043,S1D5,2.531047824
GLOBAL,PWRWONKENXX01,WONKENXX,1,2043,S2D6,2.147822352
GLOBAL,PWRWONKENXX01,WONKENXX,1,2043,S2D1,1.865291328
GLOBAL,PWRWONKENXX01,WONKENXX,1,2043,S2D2,1.67661144
GLOBAL,PWRWONKENXX01,WONKENXX,1,2043,S2D3,1.077332832
GLOBAL,PWRWONKENXX01,WONKENXX,1,2043,S2D4,1.697141376
GLOBAL,PWRWONKENXX01,WONKENXX,1,2043,S2D5,2.125337184
GLOBAL,PWRWONKENXX01,WONKENXX,1,2043,S3D6,1.904395968
GLOBAL,PWRWONKENXX01,WONKENXX,1,2043,S3D1,1.733313168
GLOBAL,PWRWONKENXX01,WONKENXX,1,2043,S3D2,2.318905152
GLOBAL,PWRWONKENXX01,WONKENXX,1,2043,S3D3,1.83303
GLOBAL,PWRWONKENXX01,WONKENXX,1,2043,S3D4,2.350188864
GLOBAL,PWRWONKENXX01,WONKENXX,1,2043,S3D5,2.531047824
GLOBAL,PWRWONKENXX01,WONKENXX,1,2044,S1D6,0.84284253614891
GLOBAL,PWRWONKENXX01,WONKENXX,1,2044,S1D1,1.579827456
GLOBAL,PWRWONKENXX01,WONKENXX,1,2044,S1D2,2.46359232
GLOBAL,PWRWONKENXX01,WONKENXX,1,2044,S1D3,1.995314256
GLOBAL,PWRWONKENXX01,WONKENXX,1,2044,S1D5,2.531047824
GLOBAL,PWRWONKENXX01,WONKENXX,1,2044,S2D6,2.147822352
GLOBAL,PWRWONKENXX01,WONKENXX,1,2044,S2D1,1.865291328
GLOBAL,PWRWONKENXX01,WONKENXX,1,2044,S2D2,1.67661144
GLOBAL,PWRWONKENXX01,WONKENXX,1,2044,S2D3,1.077332832
GLOBAL,PWRWONKENXX01,WONKENXX,1,2044,S2D4,1.697141376
GLOBAL,PWRWONKENXX01,WONKENXX,1,2044,S2D5,2.125337184
GLOBAL,PWRWONKENXX01,WONKENXX,1,2044,S3D6,1.904395968
GLOBAL,PWRWONKENXX01,WONKENXX,1,2044,S3D1,1.733313168
GLOBAL,PWRWONKENXX01,WONKENXX,1,2044,S3D2,2.318905152
GLOBAL,PWRWONKENXX01,WONKENXX,1,2044,S3D3,1.83303
GLOBAL,PWRWONKENXX01,WONKENXX,1,2044,S3D4,2.350188864
GLOBAL,PWRWONKENXX01,WONKENXX,1,2044,S3D5,2.531047824
GLOBAL,PWRWONKENXX01,WONKENXX,1,2045,S1D6,1.903418352
GLOBAL,PWRWONKENXX01,WONKENXX,1,2045,S1D2,0.9460641304565773
GLOBAL,PWRWONKENXX01,WONKENXX,1,2045,S1D3,1.995314256
GLOBAL,PWRWONKENXX01,WONKENXX,1,2045,S1D4,2.3671888639996355
GLOBAL,PWRWONKENXX01,WONKENXX,1,2045,S1D5,2.3671888639996355
GLOBAL,PWRWONKENXX01,WONKENXX,1,2045,S2D6,2.147822352
GLOBAL,PWRWONKENXX01,WONKENXX,1,2045,S2D1,1.865291328
GLOBAL,PWRWONKENXX01,WONKENXX,1,2045,S2D2,1.67661144
GLOBAL,PWRWONKENXX01,WONKENXX,1,2045,S2D3,1.077332832
GLOBAL,PWRWONKENXX01,WONKENXX,1,2045,S2D4,1.697141376
GLOBAL,PWRWONKENXX01,WONKENXX,1,2045,S2D5,2.125337184
GLOBAL,PWRWONKENXX01,WONKENXX,1,2045,S3D6,1.904395968
GLOBAL,PWRWONKENXX01,WONKENXX,1,2045,S3D1,1.733313168
GLOBAL,PWRWONKENXX01,WONKENXX,1,2045,S3D2,2.318905152
GLOBAL,PWRWONKENXX01,WONKENXX,1,2045,S3D3,1.83303
GLOBAL,PWRWONKENXX01,WONKENXX,1,2045,S3D4,2.350188864
GLOBAL,PWRWONKENXX01,WONKENXX,1,2045,S3D5,2.367188863999635
GLOBAL,PWRWONKENXX01,WONKENXX,1,2046,S1D6,0.4822936184568095
GLOBAL,PWRWONKENXX01,WONKENXX,1,2046,S1D2,2.367188863999667
GLOBAL,PWRWONKENXX01,WONKENXX,1,2046,S1D3,1.995314256
GLOBAL,PWRWONKENXX01,WONKENXX,1,2046,S1D4,2.367188863999667
GLOBAL,PWRWONKENXX01,WONKENXX,1,2046,S1D5,2.367188863999667
GLOBAL,PWRWONKENXX01,WONKENXX,1,2046,S2D6,2.147822352
GLOBAL,PWRWONKENXX01,WONKENXX,1,2046,S2D1,1.865291328
GLOBAL,PWRWONKENXX01,WONKENXX,1,2046,S2D2,1.67661144
GLOBAL,PWRWONKENXX01,WONKENXX,1,2046,S2D3,1.077332832
GLOBAL,PWRWONKENXX01,WONKENXX,1,2046,S2D4,1.697141376
GLOBAL,PWRWONKENXX01,WONKENXX,1,2046,S2D5,2.125337184
GLOBAL,PWRWONKENXX01,WONKENXX,1,2046,S3D6,1.904395968
GLOBAL,PWRWONKENXX01,WONKENXX,1,2046,S3D1,1.733313168
GLOBAL,PWRWONKENXX01,WONKENXX,1,2046,S3D2,2.318905152
GLOBAL,PWRWONKENXX01,WONKENXX,1,2046,S3D3,1.83303
GLOBAL,PWRWONKENXX01,WONKENXX,1,2046,S3D4,2.350188864
GLOBAL,PWRWONKENXX01,WONKENXX,1,2046,S3D5,2.367188863999667
GLOBAL,PWRWONKENXX01,WONKENXX,1,2047,S1D6,1.903418352
GLOBAL,PWRWONKENXX01,WONKENXX,1,2047,S1D1,1.579827456
GLOBAL,PWRWONKENXX01,WONKENXX,1,2047,S1D2,2.3501888639991133
GLOBAL,PWRWONKENXX01,WONKENXX,1,2047,S1D3,1.995314256
GLOBAL,PWRWONKENXX01,WONKENXX,1,2047,S1D4,2.3501888639991133
GLOBAL,PWRWONKENXX01,WONKENXX,1,2047,S1D5,2.3501888639991133
GLOBAL,PWRWONKENXX01,WONKENXX,1,2047,S2D6,1.0060975027251813
GLOBAL,PWRWONKENXX01,WONKENXX,1,2047,S2D1,1.865291328
GLOBAL,PWRWONKENXX01,WONKENXX,1,2047,S2D2,1.67661144
GLOBAL,PWRWONKENXX01,WONKENXX,1,2047,S2D3,1.077332832
GLOBAL,PWRWONKENXX01,WONKENXX,1,2047,S2D4,1.697141376
GLOBAL,PWRWONKENXX01,WONKENXX,1,2047,S2D5,2.125337184
GLOBAL,PWRWONKENXX01,WONKENXX,1,2047,S3D6,1.904395968
GLOBAL,PWRWONKENXX01,WONKENXX,1,2047,S3D2,2.318905152
GLOBAL,PWRWONKENXX01,WONKENXX,1,2047,S3D3,1.83303
GLOBAL,PWRWONKENXX01,WONKENXX,1,2047,S3D4,2.350188864
GLOBAL,PWRWONKENXX01,WONKENXX,1,2047,S3D5,2.3501888639991133
GLOBAL,TRNKENXXTZAXX,ELCKENXX02,1,2021,S2D4,0.5376827735087857
GLOBAL,TRNKENXXTZAXX,ELCKENXX02,1,2021,S3D5,0.5376827735087857
GLOBAL,TRNKENXXTZAXX,ELCKENXX02,1,2022,S2D4,0.5376827735087857
GLOBAL,TRNKENXXTZAXX,ELCKENXX02,1,2022,S3D5,0.5376827735087857
GLOBAL,TRNKENXXTZAXX,ELCKENXX02,1,2023,S1D6,0.5376827735087857
GLOBAL,TRNKENXXTZAXX,ELCKENXX02,1,2023,S1D1,0.5376827735087857
GLOBAL,TRNKENXXTZAXX,ELCKENXX02,1,2023,S1D2,0.5376827735087857
GLOBAL,TRNKENXXTZAXX,ELCKENXX02,1,2023,S1D3,0.5376827735087857
GLOBAL,TRNKENXXTZAXX,ELCKENXX02,1,2023,S1D4,0.5376827735087857
GLOBAL,TRNKENXXTZAXX,ELCKENXX02,1,2023,S1D5,0.5376827735087857
GLOBAL,TRNKENXXTZAXX,ELCKENXX02,1,2023,S2D6,0.5376827735087857
GLOBAL,TRNKENXXTZAXX,ELCKENXX02,1,2023,S2D1,0.5376827735087857
GLOBAL,TRNKENXXTZAXX,ELCKENXX02,1,2023,S2D2,0.5376827735087857
GLOBAL,TRNKENXXTZAXX,ELCKENXX02,1,2023,S2D3,0.5376827735087857
GLOBAL,TRNKENXXTZAXX,ELCKENXX02,1,2023,S2D4,0.5376827735087857
GLOBAL,TRNKENXXTZAXX,ELCKENXX02,1,2023,S2D5,0.5376827735087857
GLOBAL,TRNKENXXTZAXX,ELCKENXX02,1,2023,S3D6,0.5376827735087857
GLOBAL,TRNKENXXTZAXX,ELCKENXX02,1,2023,S3D1,0.5376827735087857
GLOBAL,TRNKENXXTZAXX,ELCKENXX02,1,2023,S3D2,0.5376827735087857
GLOBAL,TRNKENXXTZAXX,ELCKENXX02,1,2023,S3D3,0.5376827735087857
GLOBAL,TRNKENXXTZAXX,ELCKENXX02,1,2023,S3D5,0.5376827735087857
GLOBAL,TRNKENXXTZAXX,ELCKENXX02,1,2024,S2D6,4.956959211149656
GLOBAL,TRNKENXXTZAXX,ELCKENXX02,1,2024,S2D2,0.48213914582453854
GLOBAL,TRNKENXXTZAXX,ELCKENXX02,1,2024,S2D4,4.765987201725352
GLOBAL,TRNKENXXTZAXX,ELCKENXX02,1,2024,S2D5,0.03387768614011514
GLOBAL,TRNKENXXTZAXX,ELCKENXX02,1,2024,S3D5,8.025187164581697
GLOBAL,TRNKENXXTZAXX,ELCKENXX02,1,2025,S2D4,5.036424278847969
GLOBAL,TRNKENXXTZAXX,ELCKENXX02,1,2025,S3D5,8.281919660093369
GLOBAL,TRNKENXXTZAXX,ELCKENXX02,1,2026,S2D4,5.842062005101345
GLOBAL,TRNKENXXTZAXX,ELCKENXX02,1,2026,S3D5,9.046731150219033
GLOBAL,TRNKENXXTZAXX,ELCKENXX02,1,2027,S2D4,6.647699731354722
GLOBAL,TRNKENXXTZAXX,ELCKENXX02,1,2027,S3D5,9.811542640344705
GLOBAL,TRNKENXXTZAXX,ELCKENXX02,1,2028,S2D4,7.4533374576080655
GLOBAL,TRNKENXXTZAXX,ELCKENXX02,1,2028,S3D5,10.576354130470364
GLOBAL,TRNKENXXTZAXX,ELCKENXX02,1,2029,S2D4,8.260866352232956
GLOBAL,TRNKENXXTZAXX,ELCKENXX02,1,2029,S3D5,11.3429609527325
GLOBAL,TRNKENXXTZAXX,ELCKENXX02,1,2030,S2D4,9.066504078486316
GLOBAL,TRNKENXXTZAXX,ELCKENXX02,1,2030,S3D5,12.107772442858144
GLOBAL,TRNKENXXTZAXX,ELCKENXX02,1,2031,S2D4,9.993176580514865
GLOBAL,TRNKENXXTZAXX,ELCKENXX02,1,2031,S3D5,12.987485189716336
GLOBAL,TRNKENXXTZAXX,ELCKENXX02,1,2032,S2D2,0.34534939379927604
GLOBAL,TRNKENXXTZAXX,ELCKENXX02,1,2032,S2D4,10.92174025091489
GLOBAL,TRNKENXXTZAXX,ELCKENXX02,1,2032,S2D5,0.34534939379924445
GLOBAL,TRNKENXXTZAXX,ELCKENXX02,1,2032,S3D5,13.868993268710952
GLOBAL,TRNKENXXTZAXX,ELCKENXX02,1,2033,S2D2,0.24558819260111656
GLOBAL,TRNKENXXTZAXX,ELCKENXX02,1,2033,S2D4,11.850303921314888
GLOBAL,TRNKENXXTZAXX,ELCKENXX02,1,2033,S2D5,0.245588192601164
GLOBAL,TRNKENXXTZAXX,ELCKENXX02,1,2033,S3D5,14.750501347705535
GLOBAL,TRNKENXXTZAXX,ELCKENXX02,1,2034,S2D2,0.1459589506637314
GLOBAL,TRNKENXXTZAXX,ELCKENXX02,1,2034,S2D4,12.778867591714915
GLOBAL,TRNKENXXTZAXX,ELCKENXX02,1,2034,S2D5,0.1459589506637156
GLOBAL,TRNKENXXTZAXX,ELCKENXX02,1,2034,S3D5,15.632009426700169
GLOBAL,TRNKENXXTZAXX,ELCKENXX02,1,2035,S2D2,0.04619774946554034
GLOBAL,TRNKENXXTZAXX,ELCKENXX02,1,2035,S2D4,13.705540093743478
GLOBAL,TRNKENXXTZAXX,ELCKENXX02,1,2035,S2D5,0.046197749465571945
GLOBAL,TRNKENXXTZAXX,ELCKENXX02,1,2035,S3D5,16.511722173558343
GLOBAL,TRNKENXXTZAXX,ELCKENXX02,1,2036,S2D4,14.779723728748008
GLOBAL,TRNKENXXTZAXX,ELCKENXX02,1,2036,S3D5,17.531470827059273
GLOBAL,TRNKENXXTZAXX,ELCKENXX02,1,2037,S2D4,15.852016195381006
GLOBAL,TRNKENXXTZAXX,ELCKENXX02,1,2037,S3D5,18.54942414842373
GLOBAL,TRNKENXXTZAXX,ELCKENXX02,1,2038,S2D4,16.926199830385503
GLOBAL,TRNKENXXTZAXX,ELCKENXX02,1,2038,S3D5,19.569172801924623
GLOBAL,TRNKENXXTZAXX,ELCKENXX02,1,2039,S2D4,17.99849229701852
GLOBAL,TRNKENXXTZAXX,ELCKENXX02,1,2039,S3D5,20.58712612328905
GLOBAL,TRNKENXXTZAXX,ELCKENXX02,1,2040,S2D4,19.07267593202303
GLOBAL,TRNKENXXTZAXX,ELCKENXX02,1,2040,S3D5,21.60687477678993
GLOBAL,TRNKENXXTZAXX,ELCKENXX02,1,2041,S2D4,20.405949633921153
GLOBAL,TRNKENXXTZAXX,ELCKENXX02,1,2041,S3D5,22.872583932983748
GLOBAL,TRNKENXXTZAXX,ELCKENXX02,1,2042,S2D4,21.737332167447896
GLOBAL,TRNKENXXTZAXX,ELCKENXX02,1,2042,S3D5,24.136497757041237
GLOBAL,TRNKENXXTZAXX,ELCKENXX02,1,2043,S2D4,23.07060586934601
GLOBAL,TRNKENXXTZAXX,ELCKENXX02,1,2043,S3D5,25.402206913235084
GLOBAL,TRNKENXXTZAXX,ELCKENXX02,1,2044,S2D4,24.40387957124426
GLOBAL,TRNKENXXTZAXX,ELCKENXX02,1,2044,S3D5,26.667916069429022
GLOBAL,TRNKENXXTZAXX,ELCKENXX02,1,2045,S2D4,25.766324073142503
GLOBAL,TRNKENXXTZAXX,ELCKENXX02,1,2045,S3D5,28.70556552962262
GLOBAL,TRNKENXXTZAXX,ELCKENXX02,1,2046,S2D4,27.438116913536803
GLOBAL,TRNKENXXTZAXX,ELCKENXX02,1,2046,S3D5,30.292639138240236
GLOBAL,TRNKENXXTZAXX,ELCKENXX02,1,2047,S2D4,29.111800922302617
GLOBAL,TRNKENXXTZAXX,ELCKENXX02,1,2047,S3D5,31.88150807899371
GLOBAL,TRNKENXXTZAXX,ELCKENXX02,1,2048,S2D4,31.43664125069709
GLOBAL,TRNKENXXTZAXX,ELCKENXX02,1,2048,S3D5,33.46858168761228
GLOBAL,TRNKENXXTZAXX,ELCKENXX02,1,2049,S2D4,33.10843409109132
GLOBAL,TRNKENXXTZAXX,ELCKENXX02,1,2049,S3D5,35.05565529622978
GLOBAL,TRNKENXXTZAXX,ELCKENXX02,1,2050,S2D4,34.780226931485686
GLOBAL,TRNKENXXTZAXX,ELCKENXX02,1,2050,S3D5,36.64272890484744
GLOBAL,TRNKENXXTZAXX,ELCTZAXX02,2,2021,S1D6,0.5376827735087857
GLOBAL,TRNKENXXTZAXX,ELCTZAXX02,2,2021,S1D1,0.5376827735087857
GLOBAL,TRNKENXXTZAXX,ELCTZAXX02,2,2021,S1D2,0.5376827735087857
GLOBAL,TRNKENXXTZAXX,ELCTZAXX02,2,2021,S1D3,0.5376827735087857
GLOBAL,TRNKENXXTZAXX,ELCTZAXX02,2,2021,S1D4,0.5376827735087857
GLOBAL,TRNKENXXTZAXX,ELCTZAXX02,2,2021,S1D5,0.5376827735087857
GLOBAL,TRNKENXXTZAXX,ELCTZAXX02,2,2021,S2D6,0.5376827735087857
GLOBAL,TRNKENXXTZAXX,ELCTZAXX02,2,2021,S2D1,0.5376827735087857
GLOBAL,TRNKENXXTZAXX,ELCTZAXX02,2,2021,S2D3,0.5376827735087857
GLOBAL,TRNKENXXTZAXX,ELCTZAXX02,2,2021,S3D6,0.5376827735087857
GLOBAL,TRNKENXXTZAXX,ELCTZAXX02,2,2021,S3D1,0.5376827735087857
GLOBAL,TRNKENXXTZAXX,ELCTZAXX02,2,2021,S3D2,0.5376827735087857
GLOBAL,TRNKENXXTZAXX,ELCTZAXX02,2,2021,S3D3,0.5376827735087857
GLOBAL,TRNKENXXTZAXX,ELCTZAXX02,2,2022,S1D6,0.5376827735087857
GLOBAL,TRNKENXXTZAXX,ELCTZAXX02,2,2022,S1D1,0.5376827735087857
GLOBAL,TRNKENXXTZAXX,ELCTZAXX02,2,2022,S1D2,0.5376827735087857
GLOBAL,TRNKENXXTZAXX,ELCTZAXX02,2,2022,S1D3,0.5376827735087857
GLOBAL,TRNKENXXTZAXX,ELCTZAXX02,2,2022,S1D4,0.5376827735087857
GLOBAL,TRNKENXXTZAXX,ELCTZAXX02,2,2022,S1D5,0.5376827735087857
GLOBAL,TRNKENXXTZAXX,ELCTZAXX02,2,2022,S2D6,0.5376827735087857
GLOBAL,TRNKENXXTZAXX,ELCTZAXX02,2,2022,S2D1,0.5376827735087857
GLOBAL,TRNKENXXTZAXX,ELCTZAXX02,2,2022,S2D2,0.5376827735087857
GLOBAL,TRNKENXXTZAXX,ELCTZAXX02,2,2022,S2D3,0.5376827735087857
GLOBAL,TRNKENXXTZAXX,ELCTZAXX02,2,2022,S2D5,0.5376827735087857
GLOBAL,TRNKENXXTZAXX,ELCTZAXX02,2,2022,S3D6,0.5376827735087857
GLOBAL,TRNKENXXTZAXX,ELCTZAXX02,2,2022,S3D1,0.5376827735087857
GLOBAL,TRNKENXXTZAXX,ELCTZAXX02,2,2022,S3D2,0.5376827735087857
GLOBAL,TRNKENXXTZAXX,ELCTZAXX02,2,2022,S3D3,0.5376827735087857
