REGION,TIMESLICE,TECHNOLOGY,MODE_OF_OPERATION,FUEL,YEAR,VALUE
GLOBAL,S1D1,PWRBIOKENXX01,1,ELCKENXX01,2023,2.8382400000000003
GLOBAL,S1D1,PWRBIOTZAXX01,1,ELCTZAXX01,2023,3.5291388875708534
GLOBAL,S1D1,PWRBIOTZAXX01,1,ELCTZAXX01,2028,2.017116728210517
GLOBAL,S1D1,PWRBIOTZAXX01,1,ELCTZAXX01,2029,5.707954909154177
GLOBAL,S1D1,PWRBIOTZAXX01,1,ELCTZAXX01,2032,11.028642596434638
GLOBAL,S1D1,PWRBIOTZAXX01,1,ELCTZAXX01,2033,12.268120978130067
GLOBAL,S1D1,PWRBIOTZAXX01,1,ELCTZAXX01,2034,13.507599359826358
GLOBAL,S1D1,PWRBIOTZAXX01,1,ELCTZAXX01,2035,14.747077741521965
GLOBAL,S1D1,PWRBIOTZAXX01,1,ELCTZAXX01,2037,17.226034504914242
GLOBAL,S1D1,PWRBIOTZAXX01,1,ELCTZAXX01,2038,18.46551288661007
GLOBAL,S1D1,PWRBIOTZAXX01,1,ELCTZAXX01,2039,19.70499126830576
GLOBAL,S1D1,PWRBIOTZAXX01,1,ELCTZAXX01,2040,20.94446965000138
GLOBAL,S1D1,PWRBIOTZAXX01,1,ELCTZAXX01,2041,22.74322486246237
GLOBAL,S1D1,PWRBIOTZAXX01,1,ELCTZAXX01,2042,24.541980074923433
GLOBAL,S1D1,PWRBIOTZAXX01,1,ELCTZAXX01,2043,26.340735287384373
GLOBAL,S1D1,PWRBIOTZAXX01,1,ELCTZAXX01,2044,28.139490499845415
GLOBAL,S1D1,PWRBIOTZAXX01,1,ELCTZAXX01,2045,29.93824571230748
GLOBAL,S1D1,PWRBIOTZAXX01,1,ELCTZAXX01,2046,31.737000924767813
GLOBAL,S1D1,PWRBIOTZAXX01,1,ELCTZAXX01,2047,33.53575613722949
GLOBAL,S1D1,PWRBIOTZAXX01,1,ELCTZAXX01,2048,35.334511349690786
GLOBAL,S1D1,PWRBIOTZAXX01,1,ELCTZAXX01,2049,37.13326656215241
GLOBAL,S1D1,PWRBIOTZAXX01,1,ELCTZAXX01,2050,38.93202177461247
GLOBAL,S1D1,PWRGEOKENXX01,1,ELCKENXX01,2021,28.927206415346685
GLOBAL,S1D1,PWRGEOKENXX01,1,ELCKENXX01,2022,28.936887459994868
GLOBAL,S1D1,PWRGEOKENXX01,1,ELCKENXX01,2023,26.318962750962047
GLOBAL,S1D1,PWRGEOKENXX01,1,ELCKENXX01,2024,32.0913163468403
GLOBAL,S1D1,PWRGEOKENXX01,1,ELCKENXX01,2025,33.39606087238774
GLOBAL,S1D1,PWRGEOKENXX01,1,ELCKENXX01,2026,87.08083195653371
GLOBAL,S1D1,PWRGEOKENXX01,1,ELCKENXX01,2027,144.31759371910306
GLOBAL,S1D1,PWRGEOKENXX01,1,ELCKENXX01,2028,205.5205543368641
GLOBAL,S1D1,PWRGEOKENXX01,1,ELCKENXX01,2029,254.0516348762417
GLOBAL,S1D1,PWRGEOKENXX01,1,ELCKENXX01,2030,309.7085691828111
GLOBAL,S1D1,PWRGEOKENXX01,1,ELCKENXX01,2031,334.7977444656794
GLOBAL,S1D1,PWRGEOKENXX01,1,ELCKENXX01,2032,358.06623341638766
GLOBAL,S1D1,PWRGEOKENXX01,1,ELCKENXX01,2033,383.8248929891761
GLOBAL,S1D1,PWRGEOKENXX01,1,ELCKENXX01,2034,406.4238976499644
GLOBAL,S1D1,PWRGEOKENXX01,1,ELCKENXX01,2035,432.18255722275273
GLOBAL,S1D1,PWRGEOKENXX01,1,ELCKENXX01,2036,456.361389339541
GLOBAL,S1D1,PWRGEOKENXX01,1,ELCKENXX01,2037,480.5402214563293
GLOBAL,S1D1,PWRGEOKENXX01,1,ELCKENXX01,2038,504.71905357311766
GLOBAL,S1D1,PWRGEOKENXX01,1,ELCKENXX01,2039,528.3786340497571
GLOBAL,S1D1,PWRGEOKENXX01,1,ELCKENXX01,2040,553.0767178066943
GLOBAL,S1D1,PWRGEOKENXX01,1,ELCKENXX01,2041,589.5730681716577
GLOBAL,S1D1,PWRGEOKENXX01,1,ELCKENXX01,2042,626.0694185366212
GLOBAL,S1D1,PWRGEOKENXX01,1,ELCKENXX01,2043,660.9859414455848
GLOBAL,S1D1,PWRGEOKENXX01,1,ELCKENXX01,2044,699.0621192665483
GLOBAL,S1D1,PWRGEOKENXX01,1,ELCKENXX01,2045,735.9388568635117
GLOBAL,S1D1,PWRGEOKENXX01,1,ELCKENXX01,2046,770.8553797724753
GLOBAL,S1D1,PWRGEOKENXX01,1,ELCKENXX01,2047,807.3517301374387
GLOBAL,S1D1,PWRGEOKENXX01,1,ELCKENXX01,2048,845.4279079584022
GLOBAL,S1D1,PWRGEOKENXX01,1,ELCKENXX01,2049,881.9242583233657
GLOBAL,S1D1,PWRGEOKENXX01,1,ELCKENXX01,2050,918.4206086883293
GLOBAL,S1D1,PWRGEOTZAXX01,1,ELCTZAXX01,2021,19.692682108462783
GLOBAL,S1D1,PWRGEOTZAXX01,1,ELCTZAXX01,2022,22.429908385835045
GLOBAL,S1D1,PWRGEOTZAXX01,1,ELCTZAXX01,2023,22.27868556379336
GLOBAL,S1D1,PWRGEOTZAXX01,1,ELCTZAXX01,2024,51.91811622577752
GLOBAL,S1D1,PWRGEOTZAXX01,1,ELCTZAXX01,2025,56.40716732066804
GLOBAL,S1D1,PWRGEOTZAXX01,1,ELCTZAXX01,2026,121.27943009439066
GLOBAL,S1D1,PWRGEOTZAXX01,1,ELCTZAXX01,2027,206.3424566336366
GLOBAL,S1D1,PWRGEOTZAXX01,1,ELCTZAXX01,2028,289.3302743915876
GLOBAL,S1D1,PWRGEOTZAXX01,1,ELCTZAXX01,2029,382.9781764777071
GLOBAL,S1D1,PWRGEOTZAXX01,1,ELCTZAXX01,2030,466.03598477136586
GLOBAL,S1D1,PWRGEOTZAXX01,1,ELCTZAXX01,2031,503.44474389545354
GLOBAL,S1D1,PWRGEOTZAXX01,1,ELCTZAXX01,2032,538.2414303962661
GLOBAL,S1D1,PWRGEOTZAXX01,1,ELCTZAXX01,2033,561.7806093642582
GLOBAL,S1D1,PWRGEOTZAXX01,1,ELCTZAXX01,2034,605.9505554255074
GLOBAL,S1D1,PWRGEOTZAXX01,1,ELCTZAXX01,2035,634.1191708490414
GLOBAL,S1D1,PWRGEOTZAXX01,1,ELCTZAXX01,2036,686.2750077146511
GLOBAL,S1D1,PWRGEOTZAXX01,1,ELCTZAXX01,2037,706.4577323338244
GLOBAL,S1D1,PWRGEOTZAXX01,1,ELCTZAXX01,2038,755.257114850616
GLOBAL,S1D1,PWRGEOTZAXX01,1,ELCTZAXX01,2039,791.4263955930081
GLOBAL,S1D1,PWRGEOTZAXX01,1,ELCTZAXX01,2040,824.6403521263863
GLOBAL,S1D1,PWRGEOTZAXX01,1,ELCTZAXX01,2041,877.1299180818085
GLOBAL,S1D1,PWRGEOTZAXX01,1,ELCTZAXX01,2042,929.6194840372309
GLOBAL,S1D1,PWRGEOTZAXX01,1,ELCTZAXX01,2043,982.109049992653
GLOBAL,S1D1,PWRGEOTZAXX01,1,ELCTZAXX01,2044,1029.1373701839293
GLOBAL,S1D1,PWRGEOTZAXX01,1,ELCTZAXX01,2045,1087.0881819034964
GLOBAL,S1D1,PWRGEOTZAXX01,1,ELCTZAXX01,2046,1134.1165020947742
GLOBAL,S1D1,PWRGEOTZAXX01,1,ELCTZAXX01,2047,1184.9319558036652
GLOBAL,S1D1,PWRGEOTZAXX01,1,ELCTZAXX01,2048,1237.421521759087
GLOBAL,S1D1,PWRGEOTZAXX01,1,ELCTZAXX01,2049,1289.91108771451
GLOBAL,S1D1,PWRGEOTZAXX01,1,ELCTZAXX01,2050,1344.07476591646
GLOBAL,S1D1,PWRHYDKENXX01,1,ELCKENXX01,2021,12.23632561824
GLOBAL,S1D1,PWRHYDKENXX01,1,ELCKENXX01,2022,12.23632561824
GLOBAL,S1D1,PWRHYDKENXX01,1,ELCKENXX01,2023,12.23632561824
GLOBAL,S1D1,PWRHYDKENXX01,1,ELCKENXX01,2024,12.23632561824
GLOBAL,S1D1,PWRHYDKENXX01,1,ELCKENXX01,2025,12.23632561824
GLOBAL,S1D1,PWRHYDKENXX01,1,ELCKENXX01,2026,12.23632561824
GLOBAL,S1D1,PWRHYDKENXX01,1,ELCKENXX01,2027,12.23632561824
GLOBAL,S1D1,PWRHYDKENXX01,1,ELCKENXX01,2028,6.690299307048277
GLOBAL,S1D1,PWRHYDKENXX01,1,ELCKENXX01,2029,12.23632561824
GLOBAL,S1D1,PWRHYDKENXX01,1,ELCKENXX01,2030,12.23632561824
GLOBAL,S1D1,PWRHYDKENXX01,1,ELCKENXX01,2031,12.23632561824
GLOBAL,S1D1,PWRHYDKENXX01,1,ELCKENXX01,2032,12.23632561824
GLOBAL,S1D1,PWRHYDKENXX01,1,ELCKENXX01,2033,12.23632561824
GLOBAL,S1D1,PWRHYDKENXX01,1,ELCKENXX01,2034,12.23632561824
GLOBAL,S1D1,PWRHYDKENXX01,1,ELCKENXX01,2035,12.23632561824
GLOBAL,S1D1,PWRHYDKENXX01,1,ELCKENXX01,2036,12.23632561824
GLOBAL,S1D1,PWRHYDKENXX01,1,ELCKENXX01,2037,12.23632561824
GLOBAL,S1D1,PWRHYDKENXX01,1,ELCKENXX01,2038,12.23632561824
GLOBAL,S1D1,PWRHYDKENXX01,1,ELCKENXX01,2039,12.23632561824
GLOBAL,S1D1,PWRHYDKENXX01,1,ELCKENXX01,2040,12.23632561824
GLOBAL,S1D1,PWRHYDKENXX01,1,ELCKENXX01,2041,12.23632561824
GLOBAL,S1D1,PWRHYDKENXX01,1,ELCKENXX01,2042,12.23632561824
GLOBAL,S1D1,PWRHYDKENXX01,1,ELCKENXX01,2043,12.23632561824
GLOBAL,S1D1,PWRHYDKENXX01,1,ELCKENXX01,2044,12.23632561824
GLOBAL,S1D1,PWRHYDKENXX01,1,ELCKENXX01,2045,12.23632561824
GLOBAL,S1D1,PWRHYDKENXX01,1,ELCKENXX01,2046,12.23632561824
GLOBAL,S1D1,PWRHYDKENXX01,1,ELCKENXX01,2047,12.23632561824
GLOBAL,S1D1,PWRHYDKENXX01,1,ELCKENXX01,2048,12.23632561824
GLOBAL,S1D1,PWRHYDKENXX01,1,ELCKENXX01,2049,12.23632561824
GLOBAL,S1D1,PWRHYDKENXX01,1,ELCKENXX01,2050,12.23632561824
GLOBAL,S1D1,PWRHYDTZAXX01,1,ELCTZAXX01,2021,10.107431219477949
GLOBAL,S1D1,PWRHYDTZAXX01,1,ELCTZAXX01,2022,10.107431219477949
GLOBAL,S1D1,PWRHYDTZAXX01,1,ELCTZAXX01,2023,10.107431219477949
GLOBAL,S1D1,PWRHYDTZAXX01,1,ELCTZAXX01,2024,10.107431219477949
GLOBAL,S1D1,PWRHYDTZAXX01,1,ELCTZAXX01,2025,10.107431219477949
GLOBAL,S1D1,PWRHYDTZAXX01,1,ELCTZAXX01,2026,10.107431219477949
GLOBAL,S1D1,PWRHYDTZAXX01,1,ELCTZAXX01,2027,10.810828037896238
GLOBAL,S1D1,PWRHYDTZAXX01,1,ELCTZAXX01,2028,11.572316909398983
GLOBAL,S1D1,PWRHYDTZAXX01,1,ELCTZAXX01,2030,8.416569973159676
GLOBAL,S1D1,PWRHYDTZAXX01,1,ELCTZAXX01,2031,8.416569973159676
GLOBAL,S1D1,PWRHYDTZAXX01,1,ELCTZAXX01,2033,12.6301017744
GLOBAL,S1D1,PWRHYDTZAXX01,1,ELCTZAXX01,2034,4.62943645554215
GLOBAL,S1D1,PWRHYDTZAXX01,1,ELCTZAXX01,2035,12.6301017744
GLOBAL,S1D1,PWRHYDTZAXX01,1,ELCTZAXX01,2036,12.6301017744
GLOBAL,S1D1,PWRHYDTZAXX01,1,ELCTZAXX01,2037,12.6301017744
GLOBAL,S1D1,PWRHYDTZAXX01,1,ELCTZAXX01,2040,2.9553242090136878
GLOBAL,S1D1,PWRHYDTZAXX01,1,ELCTZAXX01,2041,2.9553242090136878
GLOBAL,S1D1,PWRHYDTZAXX01,1,ELCTZAXX01,2042,2.9553242090136878
GLOBAL,S1D1,PWRHYDTZAXX01,1,ELCTZAXX01,2043,2.9553242090136878
GLOBAL,S1D1,PWRHYDTZAXX01,1,ELCTZAXX01,2044,8.416569973159676
GLOBAL,S1D1,PWRHYDTZAXX01,1,ELCTZAXX01,2045,2.9553242090136878
GLOBAL,S1D1,PWRHYDTZAXX01,1,ELCTZAXX01,2046,8.416569973158609
GLOBAL,S1D1,PWRHYDTZAXX01,1,ELCTZAXX01,2047,10.090682219689404
GLOBAL,S1D1,PWRHYDTZAXX01,1,ELCTZAXX01,2048,10.090682219689404
GLOBAL,S1D1,PWRHYDTZAXX01,1,ELCTZAXX01,2049,10.09068221968814
GLOBAL,S1D1,PWRHYDTZAXX01,1,ELCTZAXX01,2050,8.416569973160945
GLOBAL,S1D1,PWRSPVKENXX01,1,ELCKENXX01,2021,0.226176192
GLOBAL,S1D1,PWRSPVKENXX01,1,ELCKENXX01,2022,0.328983552
GLOBAL,S1D1,PWRSPVKENXX01,1,ELCKENXX01,2023,0.380387232
GLOBAL,S1D1,PWRSPVKENXX01,1,ELCKENXX01,2024,0.380387232
GLOBAL,S1D1,PWRSPVKENXX01,1,ELCKENXX01,2025,0.380387232
GLOBAL,S1D1,PWRSPVKENXX01,1,ELCKENXX01,2026,0.380387232
GLOBAL,S1D1,PWRSPVKENXX01,1,ELCKENXX01,2027,0.380387232
GLOBAL,S1D1,PWRSPVKENXX01,1,ELCKENXX01,2028,0.380387232
GLOBAL,S1D1,PWRSPVKENXX01,1,ELCKENXX01,2029,0.380387232
GLOBAL,S1D1,PWRSPVKENXX01,1,ELCKENXX01,2030,0.380387232
GLOBAL,S1D1,PWRSPVKENXX01,1,ELCKENXX01,2031,0.380387232
GLOBAL,S1D1,PWRSPVKENXX01,1,ELCKENXX01,2032,0.380387232
GLOBAL,S1D1,PWRSPVKENXX01,1,ELCKENXX01,2033,0.380387232
GLOBAL,S1D1,PWRSPVKENXX01,1,ELCKENXX01,2034,0.380387232
GLOBAL,S1D1,PWRSPVKENXX01,1,ELCKENXX01,2035,0.380387232
GLOBAL,S1D1,PWRSPVKENXX01,1,ELCKENXX01,2036,0.380387232
GLOBAL,S1D1,PWRSPVKENXX01,1,ELCKENXX01,2037,0.380387232
GLOBAL,S1D1,PWRSPVKENXX01,1,ELCKENXX01,2038,0.380387232
GLOBAL,S1D1,PWRSPVKENXX01,1,ELCKENXX01,2039,0.380387232
GLOBAL,S1D1,PWRSPVKENXX01,1,ELCKENXX01,2040,0.380387232
GLOBAL,S1D1,PWRSPVKENXX01,1,ELCKENXX01,2041,0.380387232
GLOBAL,S1D1,PWRSPVKENXX01,1,ELCKENXX01,2042,0.380387232
GLOBAL,S1D1,PWRSPVKENXX01,1,ELCKENXX01,2043,0.380387232
GLOBAL,S1D1,PWRSPVKENXX01,1,ELCKENXX01,2044,0.380387232
GLOBAL,S1D1,PWRTRNKENXX,1,ELCKENXX02,2021,41.97080291970802
GLOBAL,S1D1,PWRTRNKENXX,1,ELCKENXX02,2022,43.7956204379562
GLOBAL,S1D1,PWRTRNKENXX,1,ELCKENXX02,2023,43.48624471480205
GLOBAL,S1D1,PWRTRNKENXX,1,ELCKENXX02,2024,44.708029197080286
GLOBAL,S1D1,PWRTRNKENXX,1,ELCKENXX02,2025,46.012773722627735
GLOBAL,S1D1,PWRTRNKENXX,1,ELCKENXX02,2026,101.27737226277372
GLOBAL,S1D1,PWRTRNKENXX,1,ELCKENXX02,2027,156.93430656934305
GLOBAL,S1D1,PWRTRNKENXX,1,ELCKENXX02,2028,212.5912408759124
GLOBAL,S1D1,PWRTRNKENXX,1,ELCKENXX02,2029,268.24817518248176
GLOBAL,S1D1,PWRTRNKENXX,1,ELCKENXX02,2030,323.9051094890511
GLOBAL,S1D1,PWRTRNKENXX,1,ELCKENXX02,2031,348.0839416058394
GLOBAL,S1D1,PWRTRNKENXX,1,ELCKENXX02,2032,372.2627737226277
GLOBAL,S1D1,PWRTRNKENXX,1,ELCKENXX02,2033,396.44160583941607
GLOBAL,S1D1,PWRTRNKENXX,1,ELCKENXX02,2034,420.6204379562044
GLOBAL,S1D1,PWRTRNKENXX,1,ELCKENXX02,2035,444.7992700729927
GLOBAL,S1D1,PWRTRNKENXX,1,ELCKENXX02,2036,468.978102189781
GLOBAL,S1D1,PWRTRNKENXX,1,ELCKENXX02,2037,493.15693430656927
GLOBAL,S1D1,PWRTRNKENXX,1,ELCKENXX02,2038,517.3357664233577
GLOBAL,S1D1,PWRTRNKENXX,1,ELCKENXX02,2039,541.514598540146
GLOBAL,S1D1,PWRTRNKENXX,1,ELCKENXX02,2040,565.6934306569343
GLOBAL,S1D1,PWRTRNKENXX,1,ELCKENXX02,2041,602.1897810218977
GLOBAL,S1D1,PWRTRNKENXX,1,ELCKENXX02,2042,638.6861313868613
GLOBAL,S1D1,PWRTRNKENXX,1,ELCKENXX02,2043,675.1824817518248
GLOBAL,S1D1,PWRTRNKENXX,1,ELCKENXX02,2044,711.6788321167883
GLOBAL,S1D1,PWRTRNKENXX,1,ELCKENXX02,2045,748.1751824817518
GLOBAL,S1D1,PWRTRNKENXX,1,ELCKENXX02,2046,784.6715328467153
GLOBAL,S1D1,PWRTRNKENXX,1,ELCKENXX02,2047,821.1678832116787
GLOBAL,S1D1,PWRTRNKENXX,1,ELCKENXX02,2048,857.6642335766422
GLOBAL,S1D1,PWRTRNKENXX,1,ELCKENXX02,2049,894.1605839416058
GLOBAL,S1D1,PWRTRNKENXX,1,ELCKENXX02,2050,930.6569343065693
GLOBAL,S1D1,PWRTRNTZAXX,1,ELCTZAXX02,2021,29.80011332794073
GLOBAL,S1D1,PWRTRNTZAXX,1,ELCTZAXX02,2022,32.537339605312994
GLOBAL,S1D1,PWRTRNTZAXX,1,ELCTZAXX02,2023,36.496350364963504
GLOBAL,S1D1,PWRTRNTZAXX,1,ELCTZAXX02,2024,62.02554744525548
GLOBAL,S1D1,PWRTRNTZAXX,1,ELCTZAXX02,2025,66.51459854014598
GLOBAL,S1D1,PWRTRNTZAXX,1,ELCTZAXX02,2026,131.38686131386862
GLOBAL,S1D1,PWRTRNTZAXX,1,ELCTZAXX02,2027,217.15328467153284
GLOBAL,S1D1,PWRTRNTZAXX,1,ELCTZAXX02,2028,302.9197080291971
GLOBAL,S1D1,PWRTRNTZAXX,1,ELCTZAXX02,2029,388.6861313868613
GLOBAL,S1D1,PWRTRNTZAXX,1,ELCTZAXX02,2030,474.4525547445255
GLOBAL,S1D1,PWRTRNTZAXX,1,ELCTZAXX02,2031,511.86131386861314
GLOBAL,S1D1,PWRTRNTZAXX,1,ELCTZAXX02,2032,549.2700729927008
GLOBAL,S1D1,PWRTRNTZAXX,1,ELCTZAXX02,2033,586.6788321167883
GLOBAL,S1D1,PWRTRNTZAXX,1,ELCTZAXX02,2034,624.0875912408759
GLOBAL,S1D1,PWRTRNTZAXX,1,ELCTZAXX02,2035,661.4963503649635
GLOBAL,S1D1,PWRTRNTZAXX,1,ELCTZAXX02,2036,698.905109489051
GLOBAL,S1D1,PWRTRNTZAXX,1,ELCTZAXX02,2037,736.3138686131385
GLOBAL,S1D1,PWRTRNTZAXX,1,ELCTZAXX02,2038,773.7226277372263
GLOBAL,S1D1,PWRTRNTZAXX,1,ELCTZAXX02,2039,811.1313868613139
GLOBAL,S1D1,PWRTRNTZAXX,1,ELCTZAXX02,2040,848.5401459854014
GLOBAL,S1D1,PWRTRNTZAXX,1,ELCTZAXX02,2041,902.8284671532848
GLOBAL,S1D1,PWRTRNTZAXX,1,ELCTZAXX02,2042,957.1167883211679
GLOBAL,S1D1,PWRTRNTZAXX,1,ELCTZAXX02,2043,1011.405109489051
GLOBAL,S1D1,PWRTRNTZAXX,1,ELCTZAXX02,2044,1065.6934306569342
GLOBAL,S1D1,PWRTRNTZAXX,1,ELCTZAXX02,2045,1119.9817518248176
GLOBAL,S1D1,PWRTRNTZAXX,1,ELCTZAXX02,2046,1174.2700729927003
GLOBAL,S1D1,PWRTRNTZAXX,1,ELCTZAXX02,2047,1228.558394160584
GLOBAL,S1D1,PWRTRNTZAXX,1,ELCTZAXX02,2048,1282.846715328467
GLOBAL,S1D1,PWRTRNTZAXX,1,ELCTZAXX02,2049,1337.1350364963505
GLOBAL,S1D1,PWRTRNTZAXX,1,ELCTZAXX02,2050,1391.4233576642334
GLOBAL,S1D1,PWRWONKENXX01,1,ELCKENXX01,2022,1.7123291136
GLOBAL,S1D1,PWRWONKENXX01,1,ELCKENXX01,2023,1.7123291136
GLOBAL,S1D1,PWRWONKENXX01,1,ELCKENXX01,2026,1.579827456
GLOBAL,S1D1,PWRWONKENXX01,1,ELCKENXX01,2029,1.579827456
GLOBAL,S1D1,PWRWONKENXX01,1,ELCKENXX01,2030,1.579827456
GLOBAL,S1D1,PWRWONKENXX01,1,ELCKENXX01,2031,0.6694842899200428
GLOBAL,S1D1,PWRWONKENXX01,1,ELCKENXX01,2032,1.579827456
GLOBAL,S1D1,PWRWONKENXX01,1,ELCKENXX01,2034,1.579827456
GLOBAL,S1D1,PWRWONKENXX01,1,ELCKENXX01,2039,0.5192516401489101
GLOBAL,S1D1,PWRWONKENXX01,1,ELCKENXX01,2043,1.579827456
GLOBAL,S1D1,PWRWONKENXX01,1,ELCKENXX01,2046,1.579827456
GLOBAL,S1D1,PWRWONKENXX01,1,ELCKENXX01,2047,1.579827456
GLOBAL,S1D1,RNWBIOKENXX,1,BIOKENXX,2023,8.9688384
GLOBAL,S1D1,RNWBIOTZAXX,1,BIOTZAXX,2023,11.75203249561094
GLOBAL,S1D1,RNWBIOTZAXX,1,BIOTZAXX,2028,6.7169987049410205
GLOBAL,S1D1,RNWBIOTZAXX,1,BIOTZAXX,2029,19.00748984748341
GLOBAL,S1D1,RNWBIOTZAXX,1,BIOTZAXX,2032,36.72537984612735
GLOBAL,S1D1,RNWBIOTZAXX,1,BIOTZAXX,2033,40.85284285717313
GLOBAL,S1D1,RNWBIOTZAXX,1,BIOTZAXX,2034,44.98030586822178
GLOBAL,S1D1,RNWBIOTZAXX,1,BIOTZAXX,2035,49.107768879268136
GLOBAL,S1D1,RNWBIOTZAXX,1,BIOTZAXX,2037,57.36269490136442
GLOBAL,S1D1,RNWBIOTZAXX,1,BIOTZAXX,2038,61.490157912411526
GLOBAL,S1D1,RNWBIOTZAXX,1,BIOTZAXX,2039,65.61762092345816
GLOBAL,S1D1,RNWBIOTZAXX,1,BIOTZAXX,2040,69.74508393450459
GLOBAL,S1D1,RNWBIOTZAXX,1,BIOTZAXX,2041,75.73493879199923
GLOBAL,S1D1,RNWBIOTZAXX,1,BIOTZAXX,2042,81.72479364949581
GLOBAL,S1D1,RNWBIOTZAXX,1,BIOTZAXX,2043,87.71464850698993
GLOBAL,S1D1,RNWBIOTZAXX,1,BIOTZAXX,2044,93.70450336448525
GLOBAL,S1D1,RNWBIOTZAXX,1,BIOTZAXX,2045,99.69435822198209
GLOBAL,S1D1,RNWBIOTZAXX,1,BIOTZAXX,2046,105.68421307947682
GLOBAL,S1D1,RNWBIOTZAXX,1,BIOTZAXX,2047,111.67406793697418
GLOBAL,S1D1,RNWBIOTZAXX,1,BIOTZAXX,2048,117.66392279446929
GLOBAL,S1D1,RNWBIOTZAXX,1,BIOTZAXX,2049,123.65377765196531
GLOBAL,S1D1,RNWBIOTZAXX,1,BIOTZAXX,2050,129.6436325094595
GLOBAL,S1D1,RNWGEOKENXX,1,GEOKENXX,2021,28.927206415346685
GLOBAL,S1D1,RNWGEOKENXX,1,GEOKENXX,2022,28.936887459994868
GLOBAL,S1D1,RNWGEOKENXX,1,GEOKENXX,2023,26.318962750962047
GLOBAL,S1D1,RNWGEOKENXX,1,GEOKENXX,2024,32.0913163468403
GLOBAL,S1D1,RNWGEOKENXX,1,GEOKENXX,2025,33.39606087238774
GLOBAL,S1D1,RNWGEOKENXX,1,GEOKENXX,2026,87.08083195653371
GLOBAL,S1D1,RNWGEOKENXX,1,GEOKENXX,2027,144.31759371910306
GLOBAL,S1D1,RNWGEOKENXX,1,GEOKENXX,2028,205.5205543368641
GLOBAL,S1D1,RNWGEOKENXX,1,GEOKENXX,2029,254.0516348762417
GLOBAL,S1D1,RNWGEOKENXX,1,GEOKENXX,2030,309.7085691828111
GLOBAL,S1D1,RNWGEOKENXX,1,GEOKENXX,2031,334.7977444656794
GLOBAL,S1D1,RNWGEOKENXX,1,GEOKENXX,2032,358.06623341638766
GLOBAL,S1D1,RNWGEOKENXX,1,GEOKENXX,2033,383.8248929891761
GLOBAL,S1D1,RNWGEOKENXX,1,GEOKENXX,2034,406.4238976499644
GLOBAL,S1D1,RNWGEOKENXX,1,GEOKENXX,2035,432.18255722275273
GLOBAL,S1D1,RNWGEOKENXX,1,GEOKENXX,2036,456.361389339541
GLOBAL,S1D1,RNWGEOKENXX,1,GEOKENXX,2037,480.5402214563293
GLOBAL,S1D1,RNWGEOKENXX,1,GEOKENXX,2038,504.71905357311766
GLOBAL,S1D1,RNWGEOKENXX,1,GEOKENXX,2039,528.3786340497571
GLOBAL,S1D1,RNWGEOKENXX,1,GEOKENXX,2040,553.0767178066943
GLOBAL,S1D1,RNWGEOKENXX,1,GEOKENXX,2041,589.5730681716577
GLOBAL,S1D1,RNWGEOKENXX,1,GEOKENXX,2042,626.0694185366212
GLOBAL,S1D1,RNWGEOKENXX,1,GEOKENXX,2043,660.9859414455848
GLOBAL,S1D1,RNWGEOKENXX,1,GEOKENXX,2044,699.0621192665483
GLOBAL,S1D1,RNWGEOKENXX,1,GEOKENXX,2045,735.9388568635117
GLOBAL,S1D1,RNWGEOKENXX,1,GEOKENXX,2046,770.8553797724753
GLOBAL,S1D1,RNWGEOKENXX,1,GEOKENXX,2047,807.3517301374387
GLOBAL,S1D1,RNWGEOKENXX,1,GEOKENXX,2048,845.4279079584022
GLOBAL,S1D1,RNWGEOKENXX,1,GEOKENXX,2049,881.9242583233657
GLOBAL,S1D1,RNWGEOKENXX,1,GEOKENXX,2050,918.4206086883293
GLOBAL,S1D1,RNWGEOTZAXX,1,GEOTZAXX,2021,19.692682108462783
GLOBAL,S1D1,RNWGEOTZAXX,1,GEOTZAXX,2022,22.429908385835045
GLOBAL,S1D1,RNWGEOTZAXX,1,GEOTZAXX,2023,22.27868556379336
GLOBAL,S1D1,RNWGEOTZAXX,1,GEOTZAXX,2024,51.91811622577752
GLOBAL,S1D1,RNWGEOTZAXX,1,GEOTZAXX,2025,56.40716732066804
GLOBAL,S1D1,RNWGEOTZAXX,1,GEOTZAXX,2026,121.27943009439066
GLOBAL,S1D1,RNWGEOTZAXX,1,GEOTZAXX,2027,206.3424566336366
GLOBAL,S1D1,RNWGEOTZAXX,1,GEOTZAXX,2028,289.3302743915876
GLOBAL,S1D1,RNWGEOTZAXX,1,GEOTZAXX,2029,382.9781764777071
GLOBAL,S1D1,RNWGEOTZAXX,1,GEOTZAXX,2030,466.03598477136586
GLOBAL,S1D1,RNWGEOTZAXX,1,GEOTZAXX,2031,503.44474389545354
GLOBAL,S1D1,RNWGEOTZAXX,1,GEOTZAXX,2032,538.2414303962661
GLOBAL,S1D1,RNWGEOTZAXX,1,GEOTZAXX,2033,561.7806093642582
GLOBAL,S1D1,RNWGEOTZAXX,1,GEOTZAXX,2034,605.9505554255074
GLOBAL,S1D1,RNWGEOTZAXX,1,GEOTZAXX,2035,634.1191708490414
GLOBAL,S1D1,RNWGEOTZAXX,1,GEOTZAXX,2036,686.2750077146511
GLOBAL,S1D1,RNWGEOTZAXX,1,GEOTZAXX,2037,706.4577323338244
GLOBAL,S1D1,RNWGEOTZAXX,1,GEOTZAXX,2038,755.257114850616
GLOBAL,S1D1,RNWGEOTZAXX,1,GEOTZAXX,2039,791.4263955930081
GLOBAL,S1D1,RNWGEOTZAXX,1,GEOTZAXX,2040,824.6403521263863
GLOBAL,S1D1,RNWGEOTZAXX,1,GEOTZAXX,2041,877.1299180818085
GLOBAL,S1D1,RNWGEOTZAXX,1,GEOTZAXX,2042,929.6194840372309
GLOBAL,S1D1,RNWGEOTZAXX,1,GEOTZAXX,2043,982.109049992653
GLOBAL,S1D1,RNWGEOTZAXX,1,GEOTZAXX,2044,1029.1373701839293
GLOBAL,S1D1,RNWGEOTZAXX,1,GEOTZAXX,2045,1087.0881819034964
GLOBAL,S1D1,RNWGEOTZAXX,1,GEOTZAXX,2046,1134.1165020947742
GLOBAL,S1D1,RNWGEOTZAXX,1,GEOTZAXX,2047,1184.9319558036652
GLOBAL,S1D1,RNWGEOTZAXX,1,GEOTZAXX,2048,1237.421521759087
GLOBAL,S1D1,RNWGEOTZAXX,1,GEOTZAXX,2049,1289.91108771451
GLOBAL,S1D1,RNWGEOTZAXX,1,GEOTZAXX,2050,1344.07476591646
GLOBAL,S1D1,RNWHYDKENXX,1,HYDKENXX,2021,12.23632561824
GLOBAL,S1D1,RNWHYDKENXX,1,HYDKENXX,2022,12.23632561824
GLOBAL,S1D1,RNWHYDKENXX,1,HYDKENXX,2023,12.23632561824
GLOBAL,S1D1,RNWHYDKENXX,1,HYDKENXX,2024,12.23632561824
GLOBAL,S1D1,RNWHYDKENXX,1,HYDKENXX,2025,12.23632561824
GLOBAL,S1D1,RNWHYDKENXX,1,HYDKENXX,2026,12.23632561824
GLOBAL,S1D1,RNWHYDKENXX,1,HYDKENXX,2027,12.23632561824
GLOBAL,S1D1,RNWHYDKENXX,1,HYDKENXX,2028,6.690299307048277
GLOBAL,S1D1,RNWHYDKENXX,1,HYDKENXX,2029,12.23632561824
GLOBAL,S1D1,RNWHYDKENXX,1,HYDKENXX,2030,12.23632561824
GLOBAL,S1D1,RNWHYDKENXX,1,HYDKENXX,2031,12.23632561824
GLOBAL,S1D1,RNWHYDKENXX,1,HYDKENXX,2032,12.23632561824
GLOBAL,S1D1,RNWHYDKENXX,1,HYDKENXX,2033,12.23632561824
GLOBAL,S1D1,RNWHYDKENXX,1,HYDKENXX,2034,12.23632561824
GLOBAL,S1D1,RNWHYDKENXX,1,HYDKENXX,2035,12.23632561824
GLOBAL,S1D1,RNWHYDKENXX,1,HYDKENXX,2036,12.23632561824
GLOBAL,S1D1,RNWHYDKENXX,1,HYDKENXX,2037,12.23632561824
GLOBAL,S1D1,RNWHYDKENXX,1,HYDKENXX,2038,12.23632561824
GLOBAL,S1D1,RNWHYDKENXX,1,HYDKENXX,2039,12.23632561824
GLOBAL,S1D1,RNWHYDKENXX,1,HYDKENXX,2040,12.23632561824
GLOBAL,S1D1,RNWHYDKENXX,1,HYDKENXX,2041,12.23632561824
GLOBAL,S1D1,RNWHYDKENXX,1,HYDKENXX,2042,12.23632561824
GLOBAL,S1D1,RNWHYDKENXX,1,HYDKENXX,2043,12.23632561824
GLOBAL,S1D1,RNWHYDKENXX,1,HYDKENXX,2044,12.23632561824
GLOBAL,S1D1,RNWHYDKENXX,1,HYDKENXX,2045,12.23632561824
GLOBAL,S1D1,RNWHYDKENXX,1,HYDKENXX,2046,12.23632561824
GLOBAL,S1D1,RNWHYDKENXX,1,HYDKENXX,2047,12.23632561824
GLOBAL,S1D1,RNWHYDKENXX,1,HYDKENXX,2048,12.23632561824
GLOBAL,S1D1,RNWHYDKENXX,1,HYDKENXX,2049,12.23632561824
GLOBAL,S1D1,RNWHYDKENXX,1,HYDKENXX,2050,12.23632561824
GLOBAL,S1D1,RNWHYDTZAXX,1,HYDTZAXX,2021,10.107431219477949
GLOBAL,S1D1,RNWHYDTZAXX,1,HYDTZAXX,2022,10.107431219477949
GLOBAL,S1D1,RNWHYDTZAXX,1,HYDTZAXX,2023,10.107431219477949
GLOBAL,S1D1,RNWHYDTZAXX,1,HYDTZAXX,2024,10.107431219477949
GLOBAL,S1D1,RNWHYDTZAXX,1,HYDTZAXX,2025,10.107431219477949
GLOBAL,S1D1,RNWHYDTZAXX,1,HYDTZAXX,2026,10.107431219477949
GLOBAL,S1D1,RNWHYDTZAXX,1,HYDTZAXX,2027,10.81082803789624
GLOBAL,S1D1,RNWHYDTZAXX,1,HYDTZAXX,2028,11.572316909398983
GLOBAL,S1D1,RNWHYDTZAXX,1,HYDTZAXX,2030,8.416569973159676
GLOBAL,S1D1,RNWHYDTZAXX,1,HYDTZAXX,2031,8.416569973159676
GLOBAL,S1D1,RNWHYDTZAXX,1,HYDTZAXX,2033,12.6301017744
GLOBAL,S1D1,RNWHYDTZAXX,1,HYDTZAXX,2034,4.62943645554215
GLOBAL,S1D1,RNWHYDTZAXX,1,HYDTZAXX,2035,12.6301017744
GLOBAL,S1D1,RNWHYDTZAXX,1,HYDTZAXX,2036,12.6301017744
GLOBAL,S1D1,RNWHYDTZAXX,1,HYDTZAXX,2037,12.6301017744
GLOBAL,S1D1,RNWHYDTZAXX,1,HYDTZAXX,2040,2.9553242090136878
GLOBAL,S1D1,RNWHYDTZAXX,1,HYDTZAXX,2041,2.9553242090136878
GLOBAL,S1D1,RNWHYDTZAXX,1,HYDTZAXX,2042,2.9553242090136878
GLOBAL,S1D1,RNWHYDTZAXX,1,HYDTZAXX,2043,2.9553242090136878
GLOBAL,S1D1,RNWHYDTZAXX,1,HYDTZAXX,2044,8.416569973159676
GLOBAL,S1D1,RNWHYDTZAXX,1,HYDTZAXX,2045,2.9553242090136878
GLOBAL,S1D1,RNWHYDTZAXX,1,HYDTZAXX,2046,8.416569973158609
GLOBAL,S1D1,RNWHYDTZAXX,1,HYDTZAXX,2047,10.090682219689404
GLOBAL,S1D1,RNWHYDTZAXX,1,HYDTZAXX,2048,10.090682219689404
GLOBAL,S1D1,RNWHYDTZAXX,1,HYDTZAXX,2049,10.09068221968814
GLOBAL,S1D1,RNWHYDTZAXX,1,HYDTZAXX,2050,8.416569973160945
GLOBAL,S1D1,RNWSPVKENXX,1,SPVKENXX,2021,0.226176192
GLOBAL,S1D1,RNWSPVKENXX,1,SPVKENXX,2022,0.328983552
GLOBAL,S1D1,RNWSPVKENXX,1,SPVKENXX,2023,0.380387232
GLOBAL,S1D1,RNWSPVKENXX,1,SPVKENXX,2024,0.380387232
GLOBAL,S1D1,RNWSPVKENXX,1,SPVKENXX,2025,0.380387232
GLOBAL,S1D1,RNWSPVKENXX,1,SPVKENXX,2026,0.380387232
GLOBAL,S1D1,RNWSPVKENXX,1,SPVKENXX,2027,0.380387232
GLOBAL,S1D1,RNWSPVKENXX,1,SPVKENXX,2028,0.380387232
GLOBAL,S1D1,RNWSPVKENXX,1,SPVKENXX,2029,0.380387232
GLOBAL,S1D1,RNWSPVKENXX,1,SPVKENXX,2030,0.380387232
GLOBAL,S1D1,RNWSPVKENXX,1,SPVKENXX,2031,0.380387232
GLOBAL,S1D1,RNWSPVKENXX,1,SPVKENXX,2032,0.380387232
GLOBAL,S1D1,RNWSPVKENXX,1,SPVKENXX,2033,0.380387232
GLOBAL,S1D1,RNWSPVKENXX,1,SPVKENXX,2034,0.380387232
GLOBAL,S1D1,RNWSPVKENXX,1,SPVKENXX,2035,0.380387232
GLOBAL,S1D1,RNWSPVKENXX,1,SPVKENXX,2036,0.380387232
GLOBAL,S1D1,RNWSPVKENXX,1,SPVKENXX,2037,0.380387232
GLOBAL,S1D1,RNWSPVKENXX,1,SPVKENXX,2038,0.380387232
GLOBAL,S1D1,RNWSPVKENXX,1,SPVKENXX,2039,0.380387232
GLOBAL,S1D1,RNWSPVKENXX,1,SPVKENXX,2040,0.380387232
GLOBAL,S1D1,RNWSPVKENXX,1,SPVKENXX,2041,0.380387232
GLOBAL,S1D1,RNWSPVKENXX,1,SPVKENXX,2042,0.380387232
GLOBAL,S1D1,RNWSPVKENXX,1,SPVKENXX,2043,0.380387232
GLOBAL,S1D1,RNWSPVKENXX,1,SPVKENXX,2044,0.380387232
GLOBAL,S1D1,RNWWONKENXX,1,WONKENXX,2022,1.7123291136
GLOBAL,S1D1,RNWWONKENXX,1,WONKENXX,2023,1.7123291136
GLOBAL,S1D1,RNWWONKENXX,1,WONKENXX,2026,1.579827456
GLOBAL,S1D1,RNWWONKENXX,1,WONKENXX,2029,1.579827456
GLOBAL,S1D1,RNWWONKENXX,1,WONKENXX,2030,1.579827456
GLOBAL,S1D1,RNWWONKENXX,1,WONKENXX,2031,0.6694842899200428
GLOBAL,S1D1,RNWWONKENXX,1,WONKENXX,2032,1.579827456
GLOBAL,S1D1,RNWWONKENXX,1,WONKENXX,2034,1.579827456
GLOBAL,S1D1,RNWWONKENXX,1,WONKENXX,2039,0.5192516401489101
GLOBAL,S1D1,RNWWONKENXX,1,WONKENXX,2043,1.579827456
GLOBAL,S1D1,RNWWONKENXX,1,WONKENXX,2046,1.579827456
GLOBAL,S1D1,RNWWONKENXX,1,WONKENXX,2047,1.579827456
GLOBAL,S1D1,TRNKENXXTZAXX,1,ELCTZAXX01,2023,0.5810946941213417
GLOBAL,S1D1,TRNKENXXTZAXX,2,ELCKENXX01,2021,0.5810946941213417
GLOBAL,S1D1,TRNKENXXTZAXX,2,ELCKENXX01,2022,0.5810946941213417
GLOBAL,S1D2,PWRBIOKENXX01,1,ELCKENXX01,2024,2.8382400000000003
GLOBAL,S1D2,PWRBIOKENXX01,1,ELCKENXX01,2025,2.8382400000000003
GLOBAL,S1D2,PWRBIOKENXX01,1,ELCKENXX01,2026,1.09845316586011
GLOBAL,S1D2,PWRBIOKENXX01,1,ELCKENXX01,2029,1.1918730681376877
GLOBAL,S1D2,PWRBIOTZAXX01,1,ELCTZAXX01,2021,0.8419787518138758
GLOBAL,S1D2,PWRBIOTZAXX01,1,ELCTZAXX01,2022,0.8856557346912326
GLOBAL,S1D2,PWRBIOTZAXX01,1,ELCTZAXX01,2023,1.1723349690469342
GLOBAL,S1D2,PWRBIOTZAXX01,1,ELCTZAXX01,2024,1.4630659768237353
GLOBAL,S1D2,PWRBIOTZAXX01,1,ELCTZAXX01,2025,1.534696228742584
GLOBAL,S1D2,PWRBIOTZAXX01,1,ELCTZAXX01,2026,2.585896627274804
GLOBAL,S1D2,PWRBIOTZAXX01,1,ELCTZAXX01,2027,3.4344391301991903
GLOBAL,S1D2,PWRBIOTZAXX01,1,ELCTZAXX01,2028,3.5291388875708525
GLOBAL,S1D2,PWRBIOTZAXX01,1,ELCTZAXX01,2029,5.707954909154177
GLOBAL,S1D2,PWRBIOTZAXX01,1,ELCTZAXX01,2030,8.549685833042373
GLOBAL,S1D2,PWRBIOTZAXX01,1,ELCTZAXX01,2031,9.78916421473845
GLOBAL,S1D2,PWRBIOTZAXX01,1,ELCTZAXX01,2032,11.02864259643444
GLOBAL,S1D2,PWRBIOTZAXX01,1,ELCTZAXX01,2033,12.268120978130042
GLOBAL,S1D2,PWRBIOTZAXX01,1,ELCTZAXX01,2034,13.507599359826164
GLOBAL,S1D2,PWRBIOTZAXX01,1,ELCTZAXX01,2035,14.747077741521895
GLOBAL,S1D2,PWRBIOTZAXX01,1,ELCTZAXX01,2036,15.986556123218149
GLOBAL,S1D2,PWRBIOTZAXX01,1,ELCTZAXX01,2037,17.22603450491414
GLOBAL,S1D2,PWRBIOTZAXX01,1,ELCTZAXX01,2038,18.465512886610068
GLOBAL,S1D2,PWRBIOTZAXX01,1,ELCTZAXX01,2039,19.704991268305758
GLOBAL,S1D2,PWRBIOTZAXX01,1,ELCTZAXX01,2040,20.944469650001334
GLOBAL,S1D2,PWRBIOTZAXX01,1,ELCTZAXX01,2041,22.743224862462167
GLOBAL,S1D2,PWRBIOTZAXX01,1,ELCTZAXX01,2042,24.541980074923785
GLOBAL,S1D2,PWRBIOTZAXX01,1,ELCTZAXX01,2043,26.340735287384483
GLOBAL,S1D2,PWRBIOTZAXX01,1,ELCTZAXX01,2044,28.139490499845444
GLOBAL,S1D2,PWRBIOTZAXX01,1,ELCTZAXX01,2045,29.938245712306667
GLOBAL,S1D2,PWRBIOTZAXX01,1,ELCTZAXX01,2046,31.737000924767628
GLOBAL,S1D2,PWRBIOTZAXX01,1,ELCTZAXX01,2047,33.535756137229484
GLOBAL,S1D2,PWRBIOTZAXX01,1,ELCTZAXX01,2048,35.33451134969047
GLOBAL,S1D2,PWRBIOTZAXX01,1,ELCTZAXX01,2049,37.133266562151285
GLOBAL,S1D2,PWRBIOTZAXX01,1,ELCTZAXX01,2050,38.93202177461247
GLOBAL,S1D2,PWRGEOKENXX01,1,ELCKENXX01,2021,32.11708477999231
GLOBAL,S1D2,PWRGEOKENXX01,1,ELCKENXX01,2022,32.99633992330104
GLOBAL,S1D2,PWRGEOKENXX01,1,ELCKENXX01,2023,33.00416111620547
GLOBAL,S1D2,PWRGEOKENXX01,1,ELCKENXX01,2024,31.262531347476745
GLOBAL,S1D2,PWRGEOKENXX01,1,ELCKENXX01,2025,33.09418075100666
GLOBAL,S1D2,PWRGEOKENXX01,1,ELCKENXX01,2026,100.88552986044874
GLOBAL,S1D2,PWRGEOKENXX01,1,ELCKENXX01,2027,168.77230419419206
GLOBAL,S1D2,PWRGEOKENXX01,1,ELCKENXX01,2028,235.82658133494823
GLOBAL,S1D2,PWRGEOKENXX01,1,ELCKENXX01,2029,301.15707346182086
GLOBAL,S1D2,PWRGEOKENXX01,1,ELCKENXX01,2030,369.13726769784176
GLOBAL,S1D2,PWRGEOKENXX01,1,ELCKENXX01,2031,398.15186623798775
GLOBAL,S1D2,PWRGEOKENXX01,1,ELCKENXX01,2032,427.1664647781337
GLOBAL,S1D2,PWRGEOKENXX01,1,ELCKENXX01,2033,456.18106331827966
GLOBAL,S1D2,PWRGEOKENXX01,1,ELCKENXX01,2034,485.1956618584257
GLOBAL,S1D2,PWRGEOKENXX01,1,ELCKENXX01,2035,514.2102603985717
GLOBAL,S1D2,PWRGEOKENXX01,1,ELCKENXX01,2036,543.2973147344812
GLOBAL,S1D2,PWRGEOKENXX01,1,ELCKENXX01,2037,572.3119132746272
GLOBAL,S1D2,PWRGEOKENXX01,1,ELCKENXX01,2038,601.3265118147732
GLOBAL,S1D2,PWRGEOKENXX01,1,ELCKENXX01,2039,630.2686545591556
GLOBAL,S1D2,PWRGEOKENXX01,1,ELCKENXX01,2040,659.355708895065
GLOBAL,S1D2,PWRGEOKENXX01,1,ELCKENXX01,2041,703.1513293330213
GLOBAL,S1D2,PWRGEOKENXX01,1,ELCKENXX01,2042,746.874493975214
GLOBAL,S1D2,PWRGEOKENXX01,1,ELCKENXX01,2043,790.67011441317
GLOBAL,S1D2,PWRGEOKENXX01,1,ELCKENXX01,2044,834.7316908239993
GLOBAL,S1D2,PWRGEOKENXX01,1,ELCKENXX01,2045,883.1103010398624
GLOBAL,S1D2,PWRGEOKENXX01,1,ELCKENXX01,2046,926.9059214778184
GLOBAL,S1D2,PWRGEOKENXX01,1,ELCKENXX01,2047,970.7015419157746
GLOBAL,S1D2,PWRGEOKENXX01,1,ELCKENXX01,2048,1016.9607546737308
GLOBAL,S1D2,PWRGEOKENXX01,1,ELCKENXX01,2049,1060.756375111687
GLOBAL,S1D2,PWRGEOKENXX01,1,ELCKENXX01,2050,1104.5519955496432
GLOBAL,S1D2,PWRGEOTZAXX01,1,ELCTZAXX01,2021,24.690119415043068
GLOBAL,S1D2,PWRGEOTZAXX01,1,ELCTZAXX01,2022,27.93111396501243
GLOBAL,S1D2,PWRGEOTZAXX01,1,ELCTZAXX01,2023,31.93475955530998
GLOBAL,S1D2,PWRGEOTZAXX01,1,ELCTZAXX01,2024,62.86015973800489
GLOBAL,S1D2,PWRGEOTZAXX01,1,ELCTZAXX01,2025,68.17539079995464
GLOBAL,S1D2,PWRGEOTZAXX01,1,ELCTZAXX01,2026,144.97090572988958
GLOBAL,S1D2,PWRGEOTZAXX01,1,ELCTZAXX01,2027,246.338674437744
GLOBAL,S1D2,PWRGEOTZAXX01,1,ELCTZAXX01,2028,347.7064431455985
GLOBAL,S1D2,PWRGEOTZAXX01,1,ELCTZAXX01,2029,448.08530098067934
GLOBAL,S1D2,PWRGEOTZAXX01,1,ELCTZAXX01,2030,548.1632780859882
GLOBAL,S1D2,PWRGEOTZAXX01,1,ELCTZAXX01,2031,591.8143106531973
GLOBAL,S1D2,PWRGEOTZAXX01,1,ELCTZAXX01,2032,635.4653432204065
GLOBAL,S1D2,PWRGEOTZAXX01,1,ELCTZAXX01,2033,679.1163757876159
GLOBAL,S1D2,PWRGEOTZAXX01,1,ELCTZAXX01,2034,722.767408354825
GLOBAL,S1D2,PWRGEOTZAXX01,1,ELCTZAXX01,2035,766.4184409220343
GLOBAL,S1D2,PWRGEOTZAXX01,1,ELCTZAXX01,2036,810.0694734892433
GLOBAL,S1D2,PWRGEOTZAXX01,1,ELCTZAXX01,2037,853.7205060564523
GLOBAL,S1D2,PWRGEOTZAXX01,1,ELCTZAXX01,2038,897.3715386236622
GLOBAL,S1D2,PWRGEOTZAXX01,1,ELCTZAXX01,2039,941.0225711908704
GLOBAL,S1D2,PWRGEOTZAXX01,1,ELCTZAXX01,2040,984.6736037580805
GLOBAL,S1D2,PWRGEOTZAXX01,1,ELCTZAXX01,2041,1048.0208339470794
GLOBAL,S1D2,PWRGEOTZAXX01,1,ELCTZAXX01,2042,1111.3680641360777
GLOBAL,S1D2,PWRGEOTZAXX01,1,ELCTZAXX01,2043,1174.715294325077
GLOBAL,S1D2,PWRGEOTZAXX01,1,ELCTZAXX01,2044,1238.0625245140754
GLOBAL,S1D2,PWRGEOTZAXX01,1,ELCTZAXX01,2045,1301.4097547030742
GLOBAL,S1D2,PWRGEOTZAXX01,1,ELCTZAXX01,2046,1364.7569848920732
GLOBAL,S1D2,PWRGEOTZAXX01,1,ELCTZAXX01,2047,1428.1042150810715
GLOBAL,S1D2,PWRGEOTZAXX01,1,ELCTZAXX01,2048,1491.4514452700705
GLOBAL,S1D2,PWRGEOTZAXX01,1,ELCTZAXX01,2049,1554.798675459069
GLOBAL,S1D2,PWRGEOTZAXX01,1,ELCTZAXX01,2050,1618.145905648068
GLOBAL,S1D2,PWRHYDKENXX01,1,ELCKENXX01,2021,12.23632561824
GLOBAL,S1D2,PWRHYDKENXX01,1,ELCKENXX01,2022,12.23632561824
GLOBAL,S1D2,PWRHYDKENXX01,1,ELCKENXX01,2023,12.23632561824
GLOBAL,S1D2,PWRHYDKENXX01,1,ELCKENXX01,2024,12.23632561824
GLOBAL,S1D2,PWRHYDKENXX01,1,ELCKENXX01,2025,12.23632561824
GLOBAL,S1D2,PWRHYDKENXX01,1,ELCKENXX01,2026,12.23632561824
GLOBAL,S1D2,PWRHYDKENXX01,1,ELCKENXX01,2027,12.23632561824
GLOBAL,S1D2,PWRHYDKENXX01,1,ELCKENXX01,2028,12.23632561824
GLOBAL,S1D2,PWRHYDKENXX01,1,ELCKENXX01,2029,12.23632561824
GLOBAL,S1D2,PWRHYDKENXX01,1,ELCKENXX01,2030,12.23632561824
GLOBAL,S1D2,PWRHYDKENXX01,1,ELCKENXX01,2031,12.23632561824
GLOBAL,S1D2,PWRHYDKENXX01,1,ELCKENXX01,2032,12.23632561824
GLOBAL,S1D2,PWRHYDKENXX01,1,ELCKENXX01,2033,12.23632561824
GLOBAL,S1D2,PWRHYDKENXX01,1,ELCKENXX01,2034,12.23632561824
GLOBAL,S1D2,PWRHYDKENXX01,1,ELCKENXX01,2035,12.23632561824
GLOBAL,S1D2,PWRHYDKENXX01,1,ELCKENXX01,2036,12.23632561824
GLOBAL,S1D2,PWRHYDKENXX01,1,ELCKENXX01,2037,12.23632561824
GLOBAL,S1D2,PWRHYDKENXX01,1,ELCKENXX01,2038,12.23632561824
GLOBAL,S1D2,PWRHYDKENXX01,1,ELCKENXX01,2039,12.23632561824
GLOBAL,S1D2,PWRHYDKENXX01,1,ELCKENXX01,2040,12.23632561824
GLOBAL,S1D2,PWRHYDKENXX01,1,ELCKENXX01,2041,12.23632561824
GLOBAL,S1D2,PWRHYDKENXX01,1,ELCKENXX01,2042,12.23632561824
GLOBAL,S1D2,PWRHYDKENXX01,1,ELCKENXX01,2043,12.23632561824
GLOBAL,S1D2,PWRHYDKENXX01,1,ELCKENXX01,2044,12.23632561824
GLOBAL,S1D2,PWRHYDKENXX01,1,ELCKENXX01,2045,12.23632561824
GLOBAL,S1D2,PWRHYDKENXX01,1,ELCKENXX01,2046,12.23632561824
GLOBAL,S1D2,PWRHYDKENXX01,1,ELCKENXX01,2047,12.23632561824
GLOBAL,S1D2,PWRHYDKENXX01,1,ELCKENXX01,2048,12.23632561824
GLOBAL,S1D2,PWRHYDKENXX01,1,ELCKENXX01,2049,12.23632561824
GLOBAL,S1D2,PWRHYDKENXX01,1,ELCKENXX01,2050,12.23632561824
GLOBAL,S1D2,PWRHYDTZAXX01,1,ELCTZAXX01,2021,10.107431219477949
GLOBAL,S1D2,PWRHYDTZAXX01,1,ELCTZAXX01,2022,10.107431219477949
GLOBAL,S1D2,PWRHYDTZAXX01,1,ELCTZAXX01,2023,10.107431219477949
GLOBAL,S1D2,PWRHYDTZAXX01,1,ELCTZAXX01,2024,10.107431219477949
GLOBAL,S1D2,PWRHYDTZAXX01,1,ELCTZAXX01,2025,10.107431219477949
GLOBAL,S1D2,PWRHYDTZAXX01,1,ELCTZAXX01,2026,10.107431219477949
GLOBAL,S1D2,PWRHYDTZAXX01,1,ELCTZAXX01,2027,10.810828037896238
GLOBAL,S1D2,PWRHYDTZAXX01,1,ELCTZAXX01,2028,12.268067601867177
GLOBAL,S1D2,PWRHYDTZAXX01,1,ELCTZAXX01,2029,12.6301017744
GLOBAL,S1D2,PWRHYDTZAXX01,1,ELCTZAXX01,2030,12.6301017744
GLOBAL,S1D2,PWRHYDTZAXX01,1,ELCTZAXX01,2031,12.6301017744
GLOBAL,S1D2,PWRHYDTZAXX01,1,ELCTZAXX01,2032,12.6301017744
GLOBAL,S1D2,PWRHYDTZAXX01,1,ELCTZAXX01,2033,12.6301017744
GLOBAL,S1D2,PWRHYDTZAXX01,1,ELCTZAXX01,2034,12.6301017744
GLOBAL,S1D2,PWRHYDTZAXX01,1,ELCTZAXX01,2035,12.6301017744
GLOBAL,S1D2,PWRHYDTZAXX01,1,ELCTZAXX01,2036,12.6301017744
GLOBAL,S1D2,PWRHYDTZAXX01,1,ELCTZAXX01,2037,12.6301017744
GLOBAL,S1D2,PWRHYDTZAXX01,1,ELCTZAXX01,2038,12.630101774399316
GLOBAL,S1D2,PWRHYDTZAXX01,1,ELCTZAXX01,2039,12.630101774400613
GLOBAL,S1D2,PWRHYDTZAXX01,1,ELCTZAXX01,2040,12.6301017744
GLOBAL,S1D2,PWRHYDTZAXX01,1,ELCTZAXX01,2041,12.6301017744
GLOBAL,S1D2,PWRHYDTZAXX01,1,ELCTZAXX01,2042,12.6301017744
GLOBAL,S1D2,PWRHYDTZAXX01,1,ELCTZAXX01,2043,12.6301017744
GLOBAL,S1D2,PWRHYDTZAXX01,1,ELCTZAXX01,2044,12.6301017744
GLOBAL,S1D2,PWRHYDTZAXX01,1,ELCTZAXX01,2045,12.6301017744
GLOBAL,S1D2,PWRHYDTZAXX01,1,ELCTZAXX01,2046,12.6301017744
GLOBAL,S1D2,PWRHYDTZAXX01,1,ELCTZAXX01,2047,12.630101774399575
GLOBAL,S1D2,PWRHYDTZAXX01,1,ELCTZAXX01,2048,12.630101774399575
GLOBAL,S1D2,PWRHYDTZAXX01,1,ELCTZAXX01,2049,12.6301017744
GLOBAL,S1D2,PWRHYDTZAXX01,1,ELCTZAXX01,2050,12.630101774399575
GLOBAL,S1D2,PWRSPVKENXX01,1,ELCKENXX01,2021,2.8831569328959814
GLOBAL,S1D2,PWRSPVKENXX01,1,ELCKENXX01,2022,4.193682811485063
GLOBAL,S1D2,PWRSPVKENXX01,1,ELCKENXX01,2023,4.275098837722992
GLOBAL,S1D2,PWRSPVKENXX01,1,ELCKENXX01,2024,4.848945750779605
GLOBAL,S1D2,PWRSPVKENXX01,1,ELCKENXX01,2025,4.848945750779605
GLOBAL,S1D2,PWRSPVKENXX01,1,ELCKENXX01,2026,4.848945750779604
GLOBAL,S1D2,PWRSPVKENXX01,1,ELCKENXX01,2027,4.848945750779605
GLOBAL,S1D2,PWRSPVKENXX01,1,ELCKENXX01,2028,4.848945750779605
GLOBAL,S1D2,PWRSPVKENXX01,1,ELCKENXX01,2029,4.848945750779604
GLOBAL,S1D2,PWRSPVKENXX01,1,ELCKENXX01,2030,4.848945750779605
GLOBAL,S1D2,PWRSPVKENXX01,1,ELCKENXX01,2031,4.848945750779605
GLOBAL,S1D2,PWRSPVKENXX01,1,ELCKENXX01,2032,4.848945750779604
GLOBAL,S1D2,PWRSPVKENXX01,1,ELCKENXX01,2033,4.848945750779604
GLOBAL,S1D2,PWRSPVKENXX01,1,ELCKENXX01,2034,4.848945750779604
GLOBAL,S1D2,PWRSPVKENXX01,1,ELCKENXX01,2035,4.848945750779604
GLOBAL,S1D2,PWRSPVKENXX01,1,ELCKENXX01,2036,4.848945750779604
GLOBAL,S1D2,PWRSPVKENXX01,1,ELCKENXX01,2037,4.848945750779605
GLOBAL,S1D2,PWRSPVKENXX01,1,ELCKENXX01,2038,4.848945750779604
GLOBAL,S1D2,PWRSPVKENXX01,1,ELCKENXX01,2039,4.848945750779605
GLOBAL,S1D2,PWRSPVKENXX01,1,ELCKENXX01,2040,4.848945750779604
GLOBAL,S1D2,PWRSPVKENXX01,1,ELCKENXX01,2041,4.848945750779605
GLOBAL,S1D2,PWRSPVKENXX01,1,ELCKENXX01,2042,4.848945750779604
GLOBAL,S1D2,PWRSPVKENXX01,1,ELCKENXX01,2043,4.848945750779604
GLOBAL,S1D2,PWRSPVKENXX01,1,ELCKENXX01,2044,4.848945750779605
GLOBAL,S1D2,PWRTRNKENXX,1,ELCKENXX02,2021,50.364963503649626
GLOBAL,S1D2,PWRTRNKENXX,1,ELCKENXX02,2022,52.55474452554744
GLOBAL,S1D2,PWRTRNKENXX,1,ELCKENXX02,2023,52.06288705056846
GLOBAL,S1D2,PWRTRNKENXX,1,ELCKENXX02,2024,53.64963503649634
GLOBAL,S1D2,PWRTRNKENXX,1,ELCKENXX02,2025,55.21532846715328
GLOBAL,S1D2,PWRTRNKENXX,1,ELCKENXX02,2026,121.53284671532846
GLOBAL,S1D2,PWRTRNKENXX,1,ELCKENXX02,2027,188.32116788321167
GLOBAL,S1D2,PWRTRNKENXX,1,ELCKENXX02,2028,255.10948905109487
GLOBAL,S1D2,PWRTRNKENXX,1,ELCKENXX02,2029,321.89781021897807
GLOBAL,S1D2,PWRTRNKENXX,1,ELCKENXX02,2030,388.6861313868613
GLOBAL,S1D2,PWRTRNKENXX,1,ELCKENXX02,2031,417.7007299270073
GLOBAL,S1D2,PWRTRNKENXX,1,ELCKENXX02,2032,446.71532846715326
GLOBAL,S1D2,PWRTRNKENXX,1,ELCKENXX02,2033,475.7299270072992
GLOBAL,S1D2,PWRTRNKENXX,1,ELCKENXX02,2034,504.7445255474452
GLOBAL,S1D2,PWRTRNKENXX,1,ELCKENXX02,2035,533.7591240875912
GLOBAL,S1D2,PWRTRNKENXX,1,ELCKENXX02,2036,562.7737226277372
GLOBAL,S1D2,PWRTRNKENXX,1,ELCKENXX02,2037,591.7883211678832
GLOBAL,S1D2,PWRTRNKENXX,1,ELCKENXX02,2038,620.8029197080292
GLOBAL,S1D2,PWRTRNKENXX,1,ELCKENXX02,2039,649.8175182481751
GLOBAL,S1D2,PWRTRNKENXX,1,ELCKENXX02,2040,678.8321167883212
GLOBAL,S1D2,PWRTRNKENXX,1,ELCKENXX02,2041,722.6277372262774
GLOBAL,S1D2,PWRTRNKENXX,1,ELCKENXX02,2042,766.4233576642334
GLOBAL,S1D2,PWRTRNKENXX,1,ELCKENXX02,2043,810.2189781021898
GLOBAL,S1D2,PWRTRNKENXX,1,ELCKENXX02,2044,854.0145985401459
GLOBAL,S1D2,PWRTRNKENXX,1,ELCKENXX02,2045,897.8102189781021
GLOBAL,S1D2,PWRTRNKENXX,1,ELCKENXX02,2046,941.6058394160584
GLOBAL,S1D2,PWRTRNKENXX,1,ELCKENXX02,2047,985.4014598540144
GLOBAL,S1D2,PWRTRNKENXX,1,ELCKENXX02,2048,1029.197080291971
GLOBAL,S1D2,PWRTRNKENXX,1,ELCKENXX02,2049,1072.992700729927
GLOBAL,S1D2,PWRTRNKENXX,1,ELCKENXX02,2050,1116.7883211678832
GLOBAL,S1D2,PWRTRNTZAXX,1,ELCTZAXX02,2021,35.639529386334885
GLOBAL,S1D2,PWRTRNTZAXX,1,ELCTZAXX02,2022,38.92420091918161
GLOBAL,S1D2,PWRTRNTZAXX,1,ELCTZAXX02,2023,43.7956204379562
GLOBAL,S1D2,PWRTRNTZAXX,1,ELCTZAXX02,2024,74.43065693430657
GLOBAL,S1D2,PWRTRNTZAXX,1,ELCTZAXX02,2025,79.81751824817516
GLOBAL,S1D2,PWRTRNTZAXX,1,ELCTZAXX02,2026,157.66423357664237
GLOBAL,S1D2,PWRTRNTZAXX,1,ELCTZAXX02,2027,260.5839416058394
GLOBAL,S1D2,PWRTRNTZAXX,1,ELCTZAXX02,2028,363.5036496350365
GLOBAL,S1D2,PWRTRNTZAXX,1,ELCTZAXX02,2029,466.4233576642336
GLOBAL,S1D2,PWRTRNTZAXX,1,ELCTZAXX02,2030,569.3430656934305
GLOBAL,S1D2,PWRTRNTZAXX,1,ELCTZAXX02,2031,614.2335766423357
GLOBAL,S1D2,PWRTRNTZAXX,1,ELCTZAXX02,2032,659.1240875912408
GLOBAL,S1D2,PWRTRNTZAXX,1,ELCTZAXX02,2033,704.0145985401459
GLOBAL,S1D2,PWRTRNTZAXX,1,ELCTZAXX02,2034,748.905109489051
GLOBAL,S1D2,PWRTRNTZAXX,1,ELCTZAXX02,2035,793.7956204379561
GLOBAL,S1D2,PWRTRNTZAXX,1,ELCTZAXX02,2036,838.6861313868612
GLOBAL,S1D2,PWRTRNTZAXX,1,ELCTZAXX02,2037,883.5766423357665
GLOBAL,S1D2,PWRTRNTZAXX,1,ELCTZAXX02,2038,928.4671532846717
GLOBAL,S1D2,PWRTRNTZAXX,1,ELCTZAXX02,2039,973.3576642335767
GLOBAL,S1D2,PWRTRNTZAXX,1,ELCTZAXX02,2040,1018.2481751824816
GLOBAL,S1D2,PWRTRNTZAXX,1,ELCTZAXX02,2041,1083.3941605839416
GLOBAL,S1D2,PWRTRNTZAXX,1,ELCTZAXX02,2042,1148.5401459854013
GLOBAL,S1D2,PWRTRNTZAXX,1,ELCTZAXX02,2043,1213.6861313868617
GLOBAL,S1D2,PWRTRNTZAXX,1,ELCTZAXX02,2044,1278.8321167883212
GLOBAL,S1D2,PWRTRNTZAXX,1,ELCTZAXX02,2045,1343.978102189781
GLOBAL,S1D2,PWRTRNTZAXX,1,ELCTZAXX02,2046,1409.1240875912408
GLOBAL,S1D2,PWRTRNTZAXX,1,ELCTZAXX02,2047,1474.2700729927008
GLOBAL,S1D2,PWRTRNTZAXX,1,ELCTZAXX02,2048,1539.4160583941605
GLOBAL,S1D2,PWRTRNTZAXX,1,ELCTZAXX02,2049,1604.5620437956204
GLOBAL,S1D2,PWRTRNTZAXX,1,ELCTZAXX02,2050,1669.7080291970804
GLOBAL,S1D2,PWRWONKENXX01,1,ELCKENXX01,2021,2.5473014784
GLOBAL,S1D2,PWRWONKENXX01,1,ELCKENXX01,2022,2.5473014784
GLOBAL,S1D2,PWRWONKENXX01,1,ELCKENXX01,2023,2.5473014784
GLOBAL,S1D2,PWRWONKENXX01,1,ELCKENXX01,2024,2.46359232
GLOBAL,S1D2,PWRWONKENXX01,1,ELCKENXX01,2025,2.1976363471270126
GLOBAL,S1D2,PWRWONKENXX01,1,ELCKENXX01,2026,2.46359232
GLOBAL,S1D2,PWRWONKENXX01,1,ELCKENXX01,2027,2.46359232
GLOBAL,S1D2,PWRWONKENXX01,1,ELCKENXX01,2028,2.1976363471270126
GLOBAL,S1D2,PWRWONKENXX01,1,ELCKENXX01,2029,2.46359232
GLOBAL,S1D2,PWRWONKENXX01,1,ELCKENXX01,2030,2.46359232
GLOBAL,S1D2,PWRWONKENXX01,1,ELCKENXX01,2031,2.46359232
GLOBAL,S1D2,PWRWONKENXX01,1,ELCKENXX01,2032,2.46359232
GLOBAL,S1D2,PWRWONKENXX01,1,ELCKENXX01,2033,2.46359232
GLOBAL,S1D2,PWRWONKENXX01,1,ELCKENXX01,2034,2.46359232
GLOBAL,S1D2,PWRWONKENXX01,1,ELCKENXX01,2035,2.46359232
GLOBAL,S1D2,PWRWONKENXX01,1,ELCKENXX01,2036,2.391136524236502
GLOBAL,S1D2,PWRWONKENXX01,1,ELCKENXX01,2037,2.391136524236502
GLOBAL,S1D2,PWRWONKENXX01,1,ELCKENXX01,2038,2.391136524236502
GLOBAL,S1D2,PWRWONKENXX01,1,ELCKENXX01,2039,2.46359232
GLOBAL,S1D2,PWRWONKENXX01,1,ELCKENXX01,2040,2.391136524236502
GLOBAL,S1D2,PWRWONKENXX01,1,ELCKENXX01,2041,2.391136524236502
GLOBAL,S1D2,PWRWONKENXX01,1,ELCKENXX01,2042,2.46359232
GLOBAL,S1D2,PWRWONKENXX01,1,ELCKENXX01,2043,2.46359232
GLOBAL,S1D2,PWRWONKENXX01,1,ELCKENXX01,2044,2.1976363471270126
GLOBAL,S1D2,PWRWONKENXX01,1,ELCKENXX01,2045,2.46359232
GLOBAL,S1D2,PWRWONKENXX01,1,ELCKENXX01,2046,2.46359232
GLOBAL,S1D2,PWRWONKENXX01,1,ELCKENXX01,2047,2.46359232
GLOBAL,S1D2,RNWBIOKENXX,1,BIOKENXX,2024,8.9688384
GLOBAL,S1D2,RNWBIOKENXX,1,BIOKENXX,2025,8.9688384
GLOBAL,S1D2,RNWBIOKENXX,1,BIOKENXX,2026,3.471112004117947
GLOBAL,S1D2,RNWBIOKENXX,1,BIOKENXX,2029,3.766318895315092
GLOBAL,S1D2,RNWBIOTZAXX,1,BIOTZAXX,2021,2.8037892435402068
GLOBAL,S1D2,RNWBIOTZAXX,1,BIOTZAXX,2022,2.9492335965218044
GLOBAL,S1D2,RNWBIOTZAXX,1,BIOTZAXX,2023,3.9038754469262904
GLOBAL,S1D2,RNWBIOTZAXX,1,BIOTZAXX,2024,4.872009702823039
GLOBAL,S1D2,RNWBIOTZAXX,1,BIOTZAXX,2025,5.110538441712805
GLOBAL,S1D2,RNWBIOTZAXX,1,BIOTZAXX,2026,8.611035768825097
GLOBAL,S1D2,RNWBIOTZAXX,1,BIOTZAXX,2027,11.436682303563304
GLOBAL,S1D2,RNWBIOTZAXX,1,BIOTZAXX,2028,11.75203249561094
GLOBAL,S1D2,RNWBIOTZAXX,1,BIOTZAXX,2029,19.00748984748341
GLOBAL,S1D2,RNWBIOTZAXX,1,BIOTZAXX,2030,28.4704538240311
GLOBAL,S1D2,RNWBIOTZAXX,1,BIOTZAXX,2031,32.59791683507905
GLOBAL,S1D2,RNWBIOTZAXX,1,BIOTZAXX,2032,36.725379846126685
GLOBAL,S1D2,RNWBIOTZAXX,1,BIOTZAXX,2033,40.85284285717304
GLOBAL,S1D2,RNWBIOTZAXX,1,BIOTZAXX,2034,44.98030586822113
GLOBAL,S1D2,RNWBIOTZAXX,1,BIOTZAXX,2035,49.10776887926792
GLOBAL,S1D2,RNWBIOTZAXX,1,BIOTZAXX,2036,53.23523189031643
GLOBAL,S1D2,RNWBIOTZAXX,1,BIOTZAXX,2037,57.36269490136409
GLOBAL,S1D2,RNWBIOTZAXX,1,BIOTZAXX,2038,61.490157912411526
GLOBAL,S1D2,RNWBIOTZAXX,1,BIOTZAXX,2039,65.61762092345816
GLOBAL,S1D2,RNWBIOTZAXX,1,BIOTZAXX,2040,69.74508393450459
GLOBAL,S1D2,RNWBIOTZAXX,1,BIOTZAXX,2041,75.73493879199923
GLOBAL,S1D2,RNWBIOTZAXX,1,BIOTZAXX,2042,81.72479364949581
GLOBAL,S1D2,RNWBIOTZAXX,1,BIOTZAXX,2043,87.71464850698993
GLOBAL,S1D2,RNWBIOTZAXX,1,BIOTZAXX,2044,93.70450336448525
GLOBAL,S1D2,RNWBIOTZAXX,1,BIOTZAXX,2045,99.69435822198209
GLOBAL,S1D2,RNWBIOTZAXX,1,BIOTZAXX,2046,105.68421307947682
GLOBAL,S1D2,RNWBIOTZAXX,1,BIOTZAXX,2047,111.67406793697418
GLOBAL,S1D2,RNWBIOTZAXX,1,BIOTZAXX,2048,117.66392279446929
GLOBAL,S1D2,RNWBIOTZAXX,1,BIOTZAXX,2049,123.65377765196531
GLOBAL,S1D2,RNWBIOTZAXX,1,BIOTZAXX,2050,129.6436325094595
GLOBAL,S1D2,RNWGEOKENXX,1,GEOKENXX,2021,32.11708477999231
GLOBAL,S1D2,RNWGEOKENXX,1,GEOKENXX,2022,32.99633992330104
GLOBAL,S1D2,RNWGEOKENXX,1,GEOKENXX,2023,33.00416111620547
GLOBAL,S1D2,RNWGEOKENXX,1,GEOKENXX,2024,31.262531347476745
GLOBAL,S1D2,RNWGEOKENXX,1,GEOKENXX,2025,33.09418075100666
GLOBAL,S1D2,RNWGEOKENXX,1,GEOKENXX,2026,100.88552986044874
GLOBAL,S1D2,RNWGEOKENXX,1,GEOKENXX,2027,168.77230419419206
GLOBAL,S1D2,RNWGEOKENXX,1,GEOKENXX,2028,235.82658133494823
GLOBAL,S1D2,RNWGEOKENXX,1,GEOKENXX,2029,301.15707346182086
GLOBAL,S1D2,RNWGEOKENXX,1,GEOKENXX,2030,369.13726769784176
GLOBAL,S1D2,RNWGEOKENXX,1,GEOKENXX,2031,398.15186623798775
GLOBAL,S1D2,RNWGEOKENXX,1,GEOKENXX,2032,427.1664647781337
GLOBAL,S1D2,RNWGEOKENXX,1,GEOKENXX,2033,456.18106331827966
GLOBAL,S1D2,RNWGEOKENXX,1,GEOKENXX,2034,485.1956618584257
GLOBAL,S1D2,RNWGEOKENXX,1,GEOKENXX,2035,514.2102603985717
GLOBAL,S1D2,RNWGEOKENXX,1,GEOKENXX,2036,543.2973147344812
GLOBAL,S1D2,RNWGEOKENXX,1,GEOKENXX,2037,572.3119132746272
GLOBAL,S1D2,RNWGEOKENXX,1,GEOKENXX,2038,601.3265118147732
GLOBAL,S1D2,RNWGEOKENXX,1,GEOKENXX,2039,630.2686545591556
GLOBAL,S1D2,RNWGEOKENXX,1,GEOKENXX,2040,659.355708895065
GLOBAL,S1D2,RNWGEOKENXX,1,GEOKENXX,2041,703.1513293330213
GLOBAL,S1D2,RNWGEOKENXX,1,GEOKENXX,2042,746.874493975214
GLOBAL,S1D2,RNWGEOKENXX,1,GEOKENXX,2043,790.67011441317
GLOBAL,S1D2,RNWGEOKENXX,1,GEOKENXX,2044,834.7316908239993
GLOBAL,S1D2,RNWGEOKENXX,1,GEOKENXX,2045,883.1103010398624
GLOBAL,S1D2,RNWGEOKENXX,1,GEOKENXX,2046,926.9059214778184
GLOBAL,S1D2,RNWGEOKENXX,1,GEOKENXX,2047,970.7015419157746
GLOBAL,S1D2,RNWGEOKENXX,1,GEOKENXX,2048,1016.9607546737308
GLOBAL,S1D2,RNWGEOKENXX,1,GEOKENXX,2049,1060.756375111687
GLOBAL,S1D2,RNWGEOKENXX,1,GEOKENXX,2050,1104.5519955496432
GLOBAL,S1D2,RNWGEOTZAXX,1,GEOTZAXX,2021,24.690119415043064
GLOBAL,S1D2,RNWGEOTZAXX,1,GEOTZAXX,2022,27.93111396501243
GLOBAL,S1D2,RNWGEOTZAXX,1,GEOTZAXX,2023,31.93475955530998
GLOBAL,S1D2,RNWGEOTZAXX,1,GEOTZAXX,2024,62.86015973800489
GLOBAL,S1D2,RNWGEOTZAXX,1,GEOTZAXX,2025,68.17539079995464
GLOBAL,S1D2,RNWGEOTZAXX,1,GEOTZAXX,2026,144.97090572988958
GLOBAL,S1D2,RNWGEOTZAXX,1,GEOTZAXX,2027,246.338674437744
GLOBAL,S1D2,RNWGEOTZAXX,1,GEOTZAXX,2028,347.7064431455985
GLOBAL,S1D2,RNWGEOTZAXX,1,GEOTZAXX,2029,448.08530098067934
GLOBAL,S1D2,RNWGEOTZAXX,1,GEOTZAXX,2030,548.1632780859882
GLOBAL,S1D2,RNWGEOTZAXX,1,GEOTZAXX,2031,591.8143106531973
GLOBAL,S1D2,RNWGEOTZAXX,1,GEOTZAXX,2032,635.4653432204065
GLOBAL,S1D2,RNWGEOTZAXX,1,GEOTZAXX,2033,679.1163757876158
GLOBAL,S1D2,RNWGEOTZAXX,1,GEOTZAXX,2034,722.767408354825
GLOBAL,S1D2,RNWGEOTZAXX,1,GEOTZAXX,2035,766.4184409220343
GLOBAL,S1D2,RNWGEOTZAXX,1,GEOTZAXX,2036,810.0694734892433
GLOBAL,S1D2,RNWGEOTZAXX,1,GEOTZAXX,2037,853.7205060564521
GLOBAL,S1D2,RNWGEOTZAXX,1,GEOTZAXX,2038,897.3715386236614
GLOBAL,S1D2,RNWGEOTZAXX,1,GEOTZAXX,2039,941.0225711908713
GLOBAL,S1D2,RNWGEOTZAXX,1,GEOTZAXX,2040,984.6736037580805
GLOBAL,S1D2,RNWGEOTZAXX,1,GEOTZAXX,2041,1048.0208339470794
GLOBAL,S1D2,RNWGEOTZAXX,1,GEOTZAXX,2042,1111.3680641360777
GLOBAL,S1D2,RNWGEOTZAXX,1,GEOTZAXX,2043,1174.715294325077
GLOBAL,S1D2,RNWGEOTZAXX,1,GEOTZAXX,2044,1238.0625245140754
GLOBAL,S1D2,RNWGEOTZAXX,1,GEOTZAXX,2045,1301.4097547030742
GLOBAL,S1D2,RNWGEOTZAXX,1,GEOTZAXX,2046,1364.7569848920732
GLOBAL,S1D2,RNWGEOTZAXX,1,GEOTZAXX,2047,1428.1042150810715
GLOBAL,S1D2,RNWGEOTZAXX,1,GEOTZAXX,2048,1491.45144527007
GLOBAL,S1D2,RNWGEOTZAXX,1,GEOTZAXX,2049,1554.798675459069
GLOBAL,S1D2,RNWGEOTZAXX,1,GEOTZAXX,2050,1618.145905648068
GLOBAL,S1D2,RNWHYDKENXX,1,HYDKENXX,2021,12.23632561824
GLOBAL,S1D2,RNWHYDKENXX,1,HYDKENXX,2022,12.23632561824
GLOBAL,S1D2,RNWHYDKENXX,1,HYDKENXX,2023,12.23632561824
GLOBAL,S1D2,RNWHYDKENXX,1,HYDKENXX,2024,12.23632561824
GLOBAL,S1D2,RNWHYDKENXX,1,HYDKENXX,2025,12.23632561824
GLOBAL,S1D2,RNWHYDKENXX,1,HYDKENXX,2026,12.23632561824
GLOBAL,S1D2,RNWHYDKENXX,1,HYDKENXX,2027,12.23632561824
GLOBAL,S1D2,RNWHYDKENXX,1,HYDKENXX,2028,12.23632561824
GLOBAL,S1D2,RNWHYDKENXX,1,HYDKENXX,2029,12.23632561824
GLOBAL,S1D2,RNWHYDKENXX,1,HYDKENXX,2030,12.23632561824
GLOBAL,S1D2,RNWHYDKENXX,1,HYDKENXX,2031,12.23632561824
GLOBAL,S1D2,RNWHYDKENXX,1,HYDKENXX,2032,12.23632561824
GLOBAL,S1D2,RNWHYDKENXX,1,HYDKENXX,2033,12.23632561824
GLOBAL,S1D2,RNWHYDKENXX,1,HYDKENXX,2034,12.23632561824
GLOBAL,S1D2,RNWHYDKENXX,1,HYDKENXX,2035,12.23632561824
GLOBAL,S1D2,RNWHYDKENXX,1,HYDKENXX,2036,12.23632561824
GLOBAL,S1D2,RNWHYDKENXX,1,HYDKENXX,2037,12.23632561824
GLOBAL,S1D2,RNWHYDKENXX,1,HYDKENXX,2038,12.23632561824
GLOBAL,S1D2,RNWHYDKENXX,1,HYDKENXX,2039,12.23632561824
GLOBAL,S1D2,RNWHYDKENXX,1,HYDKENXX,2040,12.23632561824
GLOBAL,S1D2,RNWHYDKENXX,1,HYDKENXX,2041,12.23632561824
GLOBAL,S1D2,RNWHYDKENXX,1,HYDKENXX,2042,12.23632561824
GLOBAL,S1D2,RNWHYDKENXX,1,HYDKENXX,2043,12.23632561824
GLOBAL,S1D2,RNWHYDKENXX,1,HYDKENXX,2044,12.23632561824
GLOBAL,S1D2,RNWHYDKENXX,1,HYDKENXX,2045,12.23632561824
GLOBAL,S1D2,RNWHYDKENXX,1,HYDKENXX,2046,12.23632561824
GLOBAL,S1D2,RNWHYDKENXX,1,HYDKENXX,2047,12.23632561824
GLOBAL,S1D2,RNWHYDKENXX,1,HYDKENXX,2048,12.23632561824
GLOBAL,S1D2,RNWHYDKENXX,1,HYDKENXX,2049,12.23632561824
GLOBAL,S1D2,RNWHYDKENXX,1,HYDKENXX,2050,12.23632561824
GLOBAL,S1D2,RNWHYDTZAXX,1,HYDTZAXX,2021,10.107431219477949
GLOBAL,S1D2,RNWHYDTZAXX,1,HYDTZAXX,2022,10.107431219477949
GLOBAL,S1D2,RNWHYDTZAXX,1,HYDTZAXX,2023,10.107431219477949
GLOBAL,S1D2,RNWHYDTZAXX,1,HYDTZAXX,2024,10.107431219477949
GLOBAL,S1D2,RNWHYDTZAXX,1,HYDTZAXX,2025,10.107431219477949
GLOBAL,S1D2,RNWHYDTZAXX,1,HYDTZAXX,2026,10.107431219477949
GLOBAL,S1D2,RNWHYDTZAXX,1,HYDTZAXX,2027,10.81082803789624
GLOBAL,S1D2,RNWHYDTZAXX,1,HYDTZAXX,2028,12.268067601867177
GLOBAL,S1D2,RNWHYDTZAXX,1,HYDTZAXX,2029,12.6301017744
GLOBAL,S1D2,RNWHYDTZAXX,1,HYDTZAXX,2030,12.6301017744
GLOBAL,S1D2,RNWHYDTZAXX,1,HYDTZAXX,2031,12.6301017744
GLOBAL,S1D2,RNWHYDTZAXX,1,HYDTZAXX,2032,12.6301017744
GLOBAL,S1D2,RNWHYDTZAXX,1,HYDTZAXX,2033,12.6301017744
GLOBAL,S1D2,RNWHYDTZAXX,1,HYDTZAXX,2034,12.6301017744
GLOBAL,S1D2,RNWHYDTZAXX,1,HYDTZAXX,2035,12.6301017744
GLOBAL,S1D2,RNWHYDTZAXX,1,HYDTZAXX,2036,12.6301017744
GLOBAL,S1D2,RNWHYDTZAXX,1,HYDTZAXX,2037,12.6301017744
GLOBAL,S1D2,RNWHYDTZAXX,1,HYDTZAXX,2038,12.630101774399316
GLOBAL,S1D2,RNWHYDTZAXX,1,HYDTZAXX,2039,12.630101774400613
GLOBAL,S1D2,RNWHYDTZAXX,1,HYDTZAXX,2040,12.6301017744
GLOBAL,S1D2,RNWHYDTZAXX,1,HYDTZAXX,2041,12.6301017744
GLOBAL,S1D2,RNWHYDTZAXX,1,HYDTZAXX,2042,12.6301017744
GLOBAL,S1D2,RNWHYDTZAXX,1,HYDTZAXX,2043,12.6301017744
GLOBAL,S1D2,RNWHYDTZAXX,1,HYDTZAXX,2044,12.6301017744
GLOBAL,S1D2,RNWHYDTZAXX,1,HYDTZAXX,2045,12.6301017744
GLOBAL,S1D2,RNWHYDTZAXX,1,HYDTZAXX,2046,12.6301017744
GLOBAL,S1D2,RNWHYDTZAXX,1,HYDTZAXX,2047,12.630101774399575
GLOBAL,S1D2,RNWHYDTZAXX,1,HYDTZAXX,2048,12.630101774399575
GLOBAL,S1D2,RNWHYDTZAXX,1,HYDTZAXX,2049,12.6301017744
GLOBAL,S1D2,RNWHYDTZAXX,1,HYDTZAXX,2050,12.630101774399575
GLOBAL,S1D2,RNWSPVKENXX,1,SPVKENXX,2021,2.8831569328959814
GLOBAL,S1D2,RNWSPVKENXX,1,SPVKENXX,2022,4.193682811485063
GLOBAL,S1D2,RNWSPVKENXX,1,SPVKENXX,2023,4.275098837722992
GLOBAL,S1D2,RNWSPVKENXX,1,SPVKENXX,2024,4.848945750779605
GLOBAL,S1D2,RNWSPVKENXX,1,SPVKENXX,2025,4.848945750779605
GLOBAL,S1D2,RNWSPVKENXX,1,SPVKENXX,2026,4.848945750779604
GLOBAL,S1D2,RNWSPVKENXX,1,SPVKENXX,2027,4.848945750779605
GLOBAL,S1D2,RNWSPVKENXX,1,SPVKENXX,2028,4.848945750779605
GLOBAL,S1D2,RNWSPVKENXX,1,SPVKENXX,2029,4.848945750779604
GLOBAL,S1D2,RNWSPVKENXX,1,SPVKENXX,2030,4.848945750779605
GLOBAL,S1D2,RNWSPVKENXX,1,SPVKENXX,2031,4.848945750779605
GLOBAL,S1D2,RNWSPVKENXX,1,SPVKENXX,2032,4.848945750779604
GLOBAL,S1D2,RNWSPVKENXX,1,SPVKENXX,2033,4.848945750779604
GLOBAL,S1D2,RNWSPVKENXX,1,SPVKENXX,2034,4.848945750779604
GLOBAL,S1D2,RNWSPVKENXX,1,SPVKENXX,2035,4.848945750779604
GLOBAL,S1D2,RNWSPVKENXX,1,SPVKENXX,2036,4.848945750779604
GLOBAL,S1D2,RNWSPVKENXX,1,SPVKENXX,2037,4.848945750779605
GLOBAL,S1D2,RNWSPVKENXX,1,SPVKENXX,2038,4.848945750779604
GLOBAL,S1D2,RNWSPVKENXX,1,SPVKENXX,2039,4.848945750779605
GLOBAL,S1D2,RNWSPVKENXX,1,SPVKENXX,2040,4.848945750779604
GLOBAL,S1D2,RNWSPVKENXX,1,SPVKENXX,2041,4.848945750779605
GLOBAL,S1D2,RNWSPVKENXX,1,SPVKENXX,2042,4.848945750779604
GLOBAL,S1D2,RNWSPVKENXX,1,SPVKENXX,2043,4.848945750779604
GLOBAL,S1D2,RNWSPVKENXX,1,SPVKENXX,2044,4.848945750779605
GLOBAL,S1D2,RNWWONKENXX,1,WONKENXX,2021,2.5473014784
GLOBAL,S1D2,RNWWONKENXX,1,WONKENXX,2022,2.5473014784
GLOBAL,S1D2,RNWWONKENXX,1,WONKENXX,2023,2.5473014784
GLOBAL,S1D2,RNWWONKENXX,1,WONKENXX,2024,2.46359232
GLOBAL,S1D2,RNWWONKENXX,1,WONKENXX,2025,2.1976363471270126
GLOBAL,S1D2,RNWWONKENXX,1,WONKENXX,2026,2.46359232
GLOBAL,S1D2,RNWWONKENXX,1,WONKENXX,2027,2.46359232
GLOBAL,S1D2,RNWWONKENXX,1,WONKENXX,2028,2.1976363471270126
GLOBAL,S1D2,RNWWONKENXX,1,WONKENXX,2029,2.46359232
GLOBAL,S1D2,RNWWONKENXX,1,WONKENXX,2030,2.46359232
GLOBAL,S1D2,RNWWONKENXX,1,WONKENXX,2031,2.46359232
GLOBAL,S1D2,RNWWONKENXX,1,WONKENXX,2032,2.46359232
GLOBAL,S1D2,RNWWONKENXX,1,WONKENXX,2033,2.46359232
GLOBAL,S1D2,RNWWONKENXX,1,WONKENXX,2034,2.46359232
GLOBAL,S1D2,RNWWONKENXX,1,WONKENXX,2035,2.46359232
GLOBAL,S1D2,RNWWONKENXX,1,WONKENXX,2036,2.391136524236502
GLOBAL,S1D2,RNWWONKENXX,1,WONKENXX,2037,2.391136524236502
GLOBAL,S1D2,RNWWONKENXX,1,WONKENXX,2038,2.391136524236502
GLOBAL,S1D2,RNWWONKENXX,1,WONKENXX,2039,2.46359232
GLOBAL,S1D2,RNWWONKENXX,1,WONKENXX,2040,2.391136524236502
GLOBAL,S1D2,RNWWONKENXX,1,WONKENXX,2041,2.391136524236502
GLOBAL,S1D2,RNWWONKENXX,1,WONKENXX,2042,2.46359232
GLOBAL,S1D2,RNWWONKENXX,1,WONKENXX,2043,2.46359232
GLOBAL,S1D2,RNWWONKENXX,1,WONKENXX,2044,2.1976363471270126
GLOBAL,S1D2,RNWWONKENXX,1,WONKENXX,2045,2.46359232
GLOBAL,S1D2,RNWWONKENXX,1,WONKENXX,2046,2.46359232
GLOBAL,S1D2,RNWWONKENXX,1,WONKENXX,2047,2.46359232
GLOBAL,S1D2,TRNKENXXTZAXX,1,ELCTZAXX01,2023,0.5810946941213417
GLOBAL,S1D2,TRNKENXXTZAXX,2,ELCKENXX01,2021,0.5810946941213417
GLOBAL,S1D2,TRNKENXXTZAXX,2,ELCKENXX01,2022,0.5810946941213417
GLOBAL,S1D3,PWRBIOKENXX01,1,ELCKENXX01,2021,1.7574860893760826
GLOBAL,S1D3,PWRBIOKENXX01,1,ELCKENXX01,2022,1.5867039775129606
GLOBAL,S1D3,PWRBIOKENXX01,1,ELCKENXX01,2023,1.6579804820382176
GLOBAL,S1D3,PWRBIOKENXX01,1,ELCKENXX01,2024,0.2597220851664861
GLOBAL,S1D3,PWRBIOKENXX01,1,ELCKENXX01,2025,0.26449370422734825
GLOBAL,S1D3,PWRBIOKENXX01,1,ELCKENXX01,2027,1.4470998317700692
GLOBAL,S1D3,PWRBIOKENXX01,1,ELCKENXX01,2030,2.148793721730871
GLOBAL,S1D3,PWRBIOKENXX01,1,ELCKENXX01,2031,2.30885138234655
GLOBAL,S1D3,PWRGEOKENXX01,1,ELCKENXX01,2021,30.744236975416225
GLOBAL,S1D3,PWRGEOKENXX01,1,ELCKENXX01,2022,31.79427423058808
GLOBAL,S1D3,PWRGEOKENXX01,1,ELCKENXX01,2023,31.730818918967252
GLOBAL,S1D3,PWRGEOKENXX01,1,ELCKENXX01,2024,34.30932732631027
GLOBAL,S1D3,PWRGEOKENXX01,1,ELCKENXX01,2025,35.87024913790633
GLOBAL,S1D3,PWRGEOKENXX01,1,ELCKENXX01,2026,102.45226109030888
GLOBAL,S1D3,PWRGEOKENXX01,1,ELCKENXX01,2027,167.79348242642203
GLOBAL,S1D3,PWRGEOKENXX01,1,ELCKENXX01,2028,236.0289034260753
GLOBAL,S1D3,PWRGEOKENXX01,1,ELCKENXX01,2029,302.81722459395854
GLOBAL,S1D3,PWRGEOKENXX01,1,ELCKENXX01,2030,369.4520662961109
GLOBAL,S1D3,PWRGEOKENXX01,1,ELCKENXX01,2031,396.3112929196412
GLOBAL,S1D3,PWRGEOKENXX01,1,ELCKENXX01,2032,427.6347428421337
GLOBAL,S1D3,PWRGEOKENXX01,1,ELCKENXX01,2033,456.64934138227966
GLOBAL,S1D3,PWRGEOKENXX01,1,ELCKENXX01,2034,485.6639399224256
GLOBAL,S1D3,PWRGEOKENXX01,1,ELCKENXX01,2035,519.252654600879
GLOBAL,S1D3,PWRGEOKENXX01,1,ELCKENXX01,2036,543.6931370027177
GLOBAL,S1D3,PWRGEOKENXX01,1,ELCKENXX01,2037,572.7077355428637
GLOBAL,S1D3,PWRGEOKENXX01,1,ELCKENXX01,2038,601.7223340830096
GLOBAL,S1D3,PWRGEOKENXX01,1,ELCKENXX01,2039,630.7369326231556
GLOBAL,S1D3,PWRGEOKENXX01,1,ELCKENXX01,2040,659.7515311633016
GLOBAL,S1D3,PWRGEOKENXX01,1,ELCKENXX01,2041,703.5471516012577
GLOBAL,S1D3,PWRGEOKENXX01,1,ELCKENXX01,2042,747.342772039214
GLOBAL,S1D3,PWRGEOKENXX01,1,ELCKENXX01,2043,791.1383924771701
GLOBAL,S1D3,PWRGEOKENXX01,1,ELCKENXX01,2044,834.9340129151262
GLOBAL,S1D3,PWRGEOKENXX01,1,ELCKENXX01,2045,883.5785791038622
GLOBAL,S1D3,PWRGEOKENXX01,1,ELCKENXX01,2046,927.3741995418186
GLOBAL,S1D3,PWRGEOKENXX01,1,ELCKENXX01,2047,973.1651342357745
GLOBAL,S1D3,PWRGEOKENXX01,1,ELCKENXX01,2048,1016.9607546737308
GLOBAL,S1D3,PWRGEOKENXX01,1,ELCKENXX01,2049,1060.756375111687
GLOBAL,S1D3,PWRGEOKENXX01,1,ELCKENXX01,2050,1104.5519955496432
GLOBAL,S1D3,PWRGEOTZAXX01,1,ELCTZAXX01,2021,19.692682108462783
GLOBAL,S1D3,PWRGEOTZAXX01,1,ELCTZAXX01,2022,22.429908385835045
GLOBAL,S1D3,PWRGEOTZAXX01,1,ELCTZAXX01,2023,25.807824451364212
GLOBAL,S1D3,PWRGEOTZAXX01,1,ELCTZAXX01,2024,51.91811622577752
GLOBAL,S1D3,PWRGEOTZAXX01,1,ELCTZAXX01,2025,56.40716732066804
GLOBAL,S1D3,PWRGEOTZAXX01,1,ELCTZAXX01,2026,121.27943009439066
GLOBAL,S1D3,PWRGEOTZAXX01,1,ELCTZAXX01,2027,206.3424566336366
GLOBAL,S1D3,PWRGEOTZAXX01,1,ELCTZAXX01,2028,290.65164042732994
GLOBAL,S1D3,PWRGEOTZAXX01,1,ELCTZAXX01,2029,376.05602961246126
GLOBAL,S1D3,PWRGEOTZAXX01,1,ELCTZAXX01,2030,461.82245297012554
GLOBAL,S1D3,PWRGEOTZAXX01,1,ELCTZAXX01,2031,499.2312120942131
GLOBAL,S1D3,PWRGEOTZAXX01,1,ELCTZAXX01,2032,536.6399712183007
GLOBAL,S1D3,PWRGEOTZAXX01,1,ELCTZAXX01,2033,586.6788321167883
GLOBAL,S1D3,PWRGEOTZAXX01,1,ELCTZAXX01,2034,611.457489466476
GLOBAL,S1D3,PWRGEOTZAXX01,1,ELCTZAXX01,2035,661.4963503649635
GLOBAL,S1D3,PWRGEOTZAXX01,1,ELCTZAXX01,2036,698.905109489051
GLOBAL,S1D3,PWRGEOTZAXX01,1,ELCTZAXX01,2037,733.358544404125
GLOBAL,S1D3,PWRGEOTZAXX01,1,ELCTZAXX01,2038,761.0925259628269
GLOBAL,S1D3,PWRGEOTZAXX01,1,ELCTZAXX01,2039,798.5012850869133
GLOBAL,S1D3,PWRGEOTZAXX01,1,ELCTZAXX01,2040,835.9100442110016
GLOBAL,S1D3,PWRGEOTZAXX01,1,ELCTZAXX01,2041,890.1983653788847
GLOBAL,S1D3,PWRGEOTZAXX01,1,ELCTZAXX01,2042,944.486686546768
GLOBAL,S1D3,PWRGEOTZAXX01,1,ELCTZAXX01,2043,998.775007714651
GLOBAL,S1D3,PWRGEOTZAXX01,1,ELCTZAXX01,2044,1053.0633288825345
GLOBAL,S1D3,PWRGEOTZAXX01,1,ELCTZAXX01,2045,1107.3516500504174
GLOBAL,S1D3,PWRGEOTZAXX01,1,ELCTZAXX01,2046,1161.6399712183002
GLOBAL,S1D3,PWRGEOTZAXX01,1,ELCTZAXX01,2047,1215.9282923861845
GLOBAL,S1D3,PWRGEOTZAXX01,1,ELCTZAXX01,2048,1270.2166135540674
GLOBAL,S1D3,PWRGEOTZAXX01,1,ELCTZAXX01,2049,1324.5049347219503
GLOBAL,S1D3,PWRGEOTZAXX01,1,ELCTZAXX01,2050,1378.793255889834
GLOBAL,S1D3,PWRHYDKENXX01,1,ELCKENXX01,2021,12.23632561824
GLOBAL,S1D3,PWRHYDKENXX01,1,ELCKENXX01,2022,12.23632561824
GLOBAL,S1D3,PWRHYDKENXX01,1,ELCKENXX01,2023,12.23632561824
GLOBAL,S1D3,PWRHYDKENXX01,1,ELCKENXX01,2024,12.23632561824
GLOBAL,S1D3,PWRHYDKENXX01,1,ELCKENXX01,2025,12.23632561824
GLOBAL,S1D3,PWRHYDKENXX01,1,ELCKENXX01,2026,12.23632561824
GLOBAL,S1D3,PWRHYDKENXX01,1,ELCKENXX01,2027,12.23632561824
GLOBAL,S1D3,PWRHYDKENXX01,1,ELCKENXX01,2028,12.23632561824
GLOBAL,S1D3,PWRHYDKENXX01,1,ELCKENXX01,2029,12.23632561824
GLOBAL,S1D3,PWRHYDKENXX01,1,ELCKENXX01,2030,12.23632561824
GLOBAL,S1D3,PWRHYDKENXX01,1,ELCKENXX01,2031,12.23632561824
GLOBAL,S1D3,PWRHYDKENXX01,1,ELCKENXX01,2032,12.23632561824
GLOBAL,S1D3,PWRHYDKENXX01,1,ELCKENXX01,2033,12.23632561824
GLOBAL,S1D3,PWRHYDKENXX01,1,ELCKENXX01,2034,12.23632561824
GLOBAL,S1D3,PWRHYDKENXX01,1,ELCKENXX01,2035,7.662209479932499
GLOBAL,S1D3,PWRHYDKENXX01,1,ELCKENXX01,2036,12.23632561824
GLOBAL,S1D3,PWRHYDKENXX01,1,ELCKENXX01,2037,12.23632561824
GLOBAL,S1D3,PWRHYDKENXX01,1,ELCKENXX01,2038,12.23632561824
GLOBAL,S1D3,PWRHYDKENXX01,1,ELCKENXX01,2039,12.23632561824
GLOBAL,S1D3,PWRHYDKENXX01,1,ELCKENXX01,2040,12.23632561824
GLOBAL,S1D3,PWRHYDKENXX01,1,ELCKENXX01,2041,12.23632561824
GLOBAL,S1D3,PWRHYDKENXX01,1,ELCKENXX01,2042,12.23632561824
GLOBAL,S1D3,PWRHYDKENXX01,1,ELCKENXX01,2043,12.23632561824
GLOBAL,S1D3,PWRHYDKENXX01,1,ELCKENXX01,2044,12.23632561824
GLOBAL,S1D3,PWRHYDKENXX01,1,ELCKENXX01,2045,12.23632561824
GLOBAL,S1D3,PWRHYDKENXX01,1,ELCKENXX01,2046,12.23632561824
GLOBAL,S1D3,PWRHYDKENXX01,1,ELCKENXX01,2047,12.23632561824
GLOBAL,S1D3,PWRHYDKENXX01,1,ELCKENXX01,2048,12.23632561824
GLOBAL,S1D3,PWRHYDKENXX01,1,ELCKENXX01,2049,12.23632561824
GLOBAL,S1D3,PWRHYDKENXX01,1,ELCKENXX01,2050,12.23632561824
GLOBAL,S1D3,PWRHYDTZAXX01,1,ELCTZAXX01,2021,10.107431219477949
GLOBAL,S1D3,PWRHYDTZAXX01,1,ELCTZAXX01,2022,10.107431219477949
GLOBAL,S1D3,PWRHYDTZAXX01,1,ELCTZAXX01,2023,10.107431219477949
GLOBAL,S1D3,PWRHYDTZAXX01,1,ELCTZAXX01,2024,10.107431219477949
GLOBAL,S1D3,PWRHYDTZAXX01,1,ELCTZAXX01,2025,10.107431219477949
GLOBAL,S1D3,PWRHYDTZAXX01,1,ELCTZAXX01,2026,10.107431219477949
GLOBAL,S1D3,PWRHYDTZAXX01,1,ELCTZAXX01,2027,10.810828037896238
GLOBAL,S1D3,PWRHYDTZAXX01,1,ELCTZAXX01,2028,12.268067601867177
GLOBAL,S1D3,PWRHYDTZAXX01,1,ELCTZAXX01,2029,12.6301017744
GLOBAL,S1D3,PWRHYDTZAXX01,1,ELCTZAXX01,2030,12.6301017744
GLOBAL,S1D3,PWRHYDTZAXX01,1,ELCTZAXX01,2031,12.6301017744
GLOBAL,S1D3,PWRHYDTZAXX01,1,ELCTZAXX01,2032,12.6301017744
GLOBAL,S1D3,PWRHYDTZAXX01,1,ELCTZAXX01,2034,12.6301017744
GLOBAL,S1D3,PWRHYDTZAXX01,1,ELCTZAXX01,2037,2.9553242090136878
GLOBAL,S1D3,PWRHYDTZAXX01,1,ELCTZAXX01,2038,12.630101774399316
GLOBAL,S1D3,PWRHYDTZAXX01,1,ELCTZAXX01,2039,12.630101774400613
GLOBAL,S1D3,PWRHYDTZAXX01,1,ELCTZAXX01,2040,12.6301017744
GLOBAL,S1D3,PWRHYDTZAXX01,1,ELCTZAXX01,2041,12.6301017744
GLOBAL,S1D3,PWRHYDTZAXX01,1,ELCTZAXX01,2042,12.6301017744
GLOBAL,S1D3,PWRHYDTZAXX01,1,ELCTZAXX01,2043,12.6301017744
GLOBAL,S1D3,PWRHYDTZAXX01,1,ELCTZAXX01,2044,12.6301017744
GLOBAL,S1D3,PWRHYDTZAXX01,1,ELCTZAXX01,2045,12.6301017744
GLOBAL,S1D3,PWRHYDTZAXX01,1,ELCTZAXX01,2046,12.630101774400352
GLOBAL,S1D3,PWRHYDTZAXX01,1,ELCTZAXX01,2047,12.630101774399575
GLOBAL,S1D3,PWRHYDTZAXX01,1,ELCTZAXX01,2048,12.630101774399575
GLOBAL,S1D3,PWRHYDTZAXX01,1,ELCTZAXX01,2049,12.6301017744
GLOBAL,S1D3,PWRHYDTZAXX01,1,ELCTZAXX01,2050,12.630101774399575
GLOBAL,S1D3,PWRSPVKENXX01,1,ELCKENXX01,2021,2.8831569328959814
GLOBAL,S1D3,PWRSPVKENXX01,1,ELCKENXX01,2022,4.193682811485063
GLOBAL,S1D3,PWRSPVKENXX01,1,ELCKENXX01,2023,4.275098837722992
GLOBAL,S1D3,PWRSPVKENXX01,1,ELCKENXX01,2024,4.848945750779605
GLOBAL,S1D3,PWRSPVKENXX01,1,ELCKENXX01,2025,4.848945750779605
GLOBAL,S1D3,PWRSPVKENXX01,1,ELCKENXX01,2026,4.848945750779604
GLOBAL,S1D3,PWRSPVKENXX01,1,ELCKENXX01,2027,4.848945750779605
GLOBAL,S1D3,PWRSPVKENXX01,1,ELCKENXX01,2028,4.848945750779605
GLOBAL,S1D3,PWRSPVKENXX01,1,ELCKENXX01,2029,4.848945750779604
GLOBAL,S1D3,PWRSPVKENXX01,1,ELCKENXX01,2030,4.848945750779605
GLOBAL,S1D3,PWRSPVKENXX01,1,ELCKENXX01,2031,4.848945750779605
GLOBAL,S1D3,PWRSPVKENXX01,1,ELCKENXX01,2032,4.848945750779604
GLOBAL,S1D3,PWRSPVKENXX01,1,ELCKENXX01,2033,4.848945750779604
GLOBAL,S1D3,PWRSPVKENXX01,1,ELCKENXX01,2034,4.848945750779604
GLOBAL,S1D3,PWRSPVKENXX01,1,ELCKENXX01,2035,4.848945750779604
GLOBAL,S1D3,PWRSPVKENXX01,1,ELCKENXX01,2036,4.848945750779604
GLOBAL,S1D3,PWRSPVKENXX01,1,ELCKENXX01,2037,4.848945750779605
GLOBAL,S1D3,PWRSPVKENXX01,1,ELCKENXX01,2038,4.848945750779604
GLOBAL,S1D3,PWRSPVKENXX01,1,ELCKENXX01,2039,4.848945750779605
GLOBAL,S1D3,PWRSPVKENXX01,1,ELCKENXX01,2040,4.848945750779604
GLOBAL,S1D3,PWRSPVKENXX01,1,ELCKENXX01,2041,4.848945750779605
GLOBAL,S1D3,PWRSPVKENXX01,1,ELCKENXX01,2042,4.848945750779604
GLOBAL,S1D3,PWRSPVKENXX01,1,ELCKENXX01,2043,4.848945750779604
GLOBAL,S1D3,PWRSPVKENXX01,1,ELCKENXX01,2044,4.848945750779605
GLOBAL,S1D3,PWRTRNKENXX,1,ELCKENXX02,2021,50.364963503649626
GLOBAL,S1D3,PWRTRNKENXX,1,ELCKENXX02,2022,52.55474452554744
GLOBAL,S1D3,PWRTRNKENXX,1,ELCKENXX02,2023,52.06288705056846
GLOBAL,S1D3,PWRTRNKENXX,1,ELCKENXX02,2024,53.64963503649634
GLOBAL,S1D3,PWRTRNKENXX,1,ELCKENXX02,2025,55.21532846715328
GLOBAL,S1D3,PWRTRNKENXX,1,ELCKENXX02,2026,121.53284671532846
GLOBAL,S1D3,PWRTRNKENXX,1,ELCKENXX02,2027,188.32116788321167
GLOBAL,S1D3,PWRTRNKENXX,1,ELCKENXX02,2028,255.10948905109487
GLOBAL,S1D3,PWRTRNKENXX,1,ELCKENXX02,2029,321.89781021897807
GLOBAL,S1D3,PWRTRNKENXX,1,ELCKENXX02,2030,388.6861313868613
GLOBAL,S1D3,PWRTRNKENXX,1,ELCKENXX02,2031,417.7007299270073
GLOBAL,S1D3,PWRTRNKENXX,1,ELCKENXX02,2032,446.71532846715326
GLOBAL,S1D3,PWRTRNKENXX,1,ELCKENXX02,2033,475.7299270072992
GLOBAL,S1D3,PWRTRNKENXX,1,ELCKENXX02,2034,504.7445255474452
GLOBAL,S1D3,PWRTRNKENXX,1,ELCKENXX02,2035,533.7591240875912
GLOBAL,S1D3,PWRTRNKENXX,1,ELCKENXX02,2036,562.7737226277372
GLOBAL,S1D3,PWRTRNKENXX,1,ELCKENXX02,2037,591.7883211678832
GLOBAL,S1D3,PWRTRNKENXX,1,ELCKENXX02,2038,620.8029197080292
GLOBAL,S1D3,PWRTRNKENXX,1,ELCKENXX02,2039,649.8175182481751
GLOBAL,S1D3,PWRTRNKENXX,1,ELCKENXX02,2040,678.8321167883212
GLOBAL,S1D3,PWRTRNKENXX,1,ELCKENXX02,2041,722.6277372262774
GLOBAL,S1D3,PWRTRNKENXX,1,ELCKENXX02,2042,766.4233576642334
GLOBAL,S1D3,PWRTRNKENXX,1,ELCKENXX02,2043,810.2189781021898
GLOBAL,S1D3,PWRTRNKENXX,1,ELCKENXX02,2044,854.0145985401459
GLOBAL,S1D3,PWRTRNKENXX,1,ELCKENXX02,2045,897.8102189781021
GLOBAL,S1D3,PWRTRNKENXX,1,ELCKENXX02,2046,941.6058394160584
GLOBAL,S1D3,PWRTRNKENXX,1,ELCKENXX02,2047,985.4014598540144
GLOBAL,S1D3,PWRTRNKENXX,1,ELCKENXX02,2048,1029.197080291971
GLOBAL,S1D3,PWRTRNKENXX,1,ELCKENXX02,2049,1072.992700729927
GLOBAL,S1D3,PWRTRNKENXX,1,ELCKENXX02,2050,1116.7883211678832
GLOBAL,S1D3,PWRTRNTZAXX,1,ELCTZAXX02,2021,29.80011332794073
GLOBAL,S1D3,PWRTRNTZAXX,1,ELCTZAXX02,2022,32.537339605312994
GLOBAL,S1D3,PWRTRNTZAXX,1,ELCTZAXX02,2023,36.496350364963504
GLOBAL,S1D3,PWRTRNTZAXX,1,ELCTZAXX02,2024,62.02554744525548
GLOBAL,S1D3,PWRTRNTZAXX,1,ELCTZAXX02,2025,66.51459854014598
GLOBAL,S1D3,PWRTRNTZAXX,1,ELCTZAXX02,2026,131.38686131386862
GLOBAL,S1D3,PWRTRNTZAXX,1,ELCTZAXX02,2027,217.15328467153284
GLOBAL,S1D3,PWRTRNTZAXX,1,ELCTZAXX02,2028,302.9197080291971
GLOBAL,S1D3,PWRTRNTZAXX,1,ELCTZAXX02,2029,388.6861313868613
GLOBAL,S1D3,PWRTRNTZAXX,1,ELCTZAXX02,2030,474.4525547445255
GLOBAL,S1D3,PWRTRNTZAXX,1,ELCTZAXX02,2031,511.86131386861314
GLOBAL,S1D3,PWRTRNTZAXX,1,ELCTZAXX02,2032,549.2700729927008
GLOBAL,S1D3,PWRTRNTZAXX,1,ELCTZAXX02,2033,586.6788321167883
GLOBAL,S1D3,PWRTRNTZAXX,1,ELCTZAXX02,2034,624.0875912408759
GLOBAL,S1D3,PWRTRNTZAXX,1,ELCTZAXX02,2035,661.4963503649635
GLOBAL,S1D3,PWRTRNTZAXX,1,ELCTZAXX02,2036,698.905109489051
GLOBAL,S1D3,PWRTRNTZAXX,1,ELCTZAXX02,2037,736.3138686131385
GLOBAL,S1D3,PWRTRNTZAXX,1,ELCTZAXX02,2038,773.7226277372263
GLOBAL,S1D3,PWRTRNTZAXX,1,ELCTZAXX02,2039,811.1313868613139
GLOBAL,S1D3,PWRTRNTZAXX,1,ELCTZAXX02,2040,848.5401459854014
GLOBAL,S1D3,PWRTRNTZAXX,1,ELCTZAXX02,2041,902.8284671532848
GLOBAL,S1D3,PWRTRNTZAXX,1,ELCTZAXX02,2042,957.1167883211679
GLOBAL,S1D3,PWRTRNTZAXX,1,ELCTZAXX02,2043,1011.405109489051
GLOBAL,S1D3,PWRTRNTZAXX,1,ELCTZAXX02,2044,1065.6934306569342
GLOBAL,S1D3,PWRTRNTZAXX,1,ELCTZAXX02,2045,1119.9817518248176
GLOBAL,S1D3,PWRTRNTZAXX,1,ELCTZAXX02,2046,1174.2700729927003
GLOBAL,S1D3,PWRTRNTZAXX,1,ELCTZAXX02,2047,1228.558394160584
GLOBAL,S1D3,PWRTRNTZAXX,1,ELCTZAXX02,2048,1282.846715328467
GLOBAL,S1D3,PWRTRNTZAXX,1,ELCTZAXX02,2049,1337.1350364963505
GLOBAL,S1D3,PWRTRNTZAXX,1,ELCTZAXX02,2050,1391.4233576642334
GLOBAL,S1D3,PWRWONKENXX01,1,ELCKENXX01,2021,2.1626631936
GLOBAL,S1D3,PWRWONKENXX01,1,ELCKENXX01,2022,2.1626631936
GLOBAL,S1D3,PWRWONKENXX01,1,ELCKENXX01,2023,2.1626631936
GLOBAL,S1D3,PWRWONKENXX01,1,ELCKENXX01,2024,1.995314256
GLOBAL,S1D3,PWRWONKENXX01,1,ELCKENXX01,2025,1.995314256
GLOBAL,S1D3,PWRWONKENXX01,1,ELCKENXX01,2026,1.995314256
GLOBAL,S1D3,PWRWONKENXX01,1,ELCKENXX01,2027,1.995314256
GLOBAL,S1D3,PWRWONKENXX01,1,ELCKENXX01,2028,1.995314256
GLOBAL,S1D3,PWRWONKENXX01,1,ELCKENXX01,2029,1.995314256
GLOBAL,S1D3,PWRWONKENXX01,1,ELCKENXX01,2031,1.995314256
GLOBAL,S1D3,PWRWONKENXX01,1,ELCKENXX01,2032,1.995314256
GLOBAL,S1D3,PWRWONKENXX01,1,ELCKENXX01,2033,1.995314256
GLOBAL,S1D3,PWRWONKENXX01,1,ELCKENXX01,2034,1.995314256
GLOBAL,S1D3,PWRWONKENXX01,1,ELCKENXX01,2035,1.995314256
GLOBAL,S1D3,PWRWONKENXX01,1,ELCKENXX01,2036,1.995314256
GLOBAL,S1D3,PWRWONKENXX01,1,ELCKENXX01,2037,1.995314256
GLOBAL,S1D3,PWRWONKENXX01,1,ELCKENXX01,2038,1.995314256
GLOBAL,S1D3,PWRWONKENXX01,1,ELCKENXX01,2039,1.995314256
GLOBAL,S1D3,PWRWONKENXX01,1,ELCKENXX01,2040,1.995314256
GLOBAL,S1D3,PWRWONKENXX01,1,ELCKENXX01,2041,1.995314256
GLOBAL,S1D3,PWRWONKENXX01,1,ELCKENXX01,2042,1.995314256
GLOBAL,S1D3,PWRWONKENXX01,1,ELCKENXX01,2043,1.995314256
GLOBAL,S1D3,PWRWONKENXX01,1,ELCKENXX01,2044,1.995314256
GLOBAL,S1D3,PWRWONKENXX01,1,ELCKENXX01,2045,1.995314256
GLOBAL,S1D3,PWRWONKENXX01,1,ELCKENXX01,2046,1.995314256
GLOBAL,S1D3,RNWBIOKENXX,1,BIOKENXX,2021,5.553656042428421
GLOBAL,S1D3,RNWBIOKENXX,1,BIOKENXX,2022,5.013984568940955
GLOBAL,S1D3,RNWBIOKENXX,1,BIOKENXX,2023,5.239218323240768
GLOBAL,S1D3,RNWBIOKENXX,1,BIOKENXX,2024,0.8207217891260962
GLOBAL,S1D3,RNWBIOKENXX,1,BIOKENXX,2025,0.8358001053584203
GLOBAL,S1D3,RNWBIOKENXX,1,BIOKENXX,2027,4.572835468393418
GLOBAL,S1D3,RNWBIOKENXX,1,BIOKENXX,2030,6.790188160669552
GLOBAL,S1D3,RNWBIOKENXX,1,BIOKENXX,2031,7.2959703682151
GLOBAL,S1D3,RNWGEOKENXX,1,GEOKENXX,2021,30.744236975416225
GLOBAL,S1D3,RNWGEOKENXX,1,GEOKENXX,2022,31.79427423058808
GLOBAL,S1D3,RNWGEOKENXX,1,GEOKENXX,2023,31.730818918967252
GLOBAL,S1D3,RNWGEOKENXX,1,GEOKENXX,2024,34.30932732631027
GLOBAL,S1D3,RNWGEOKENXX,1,GEOKENXX,2025,35.87024913790633
GLOBAL,S1D3,RNWGEOKENXX,1,GEOKENXX,2026,102.45226109030888
GLOBAL,S1D3,RNWGEOKENXX,1,GEOKENXX,2027,167.79348242642203
GLOBAL,S1D3,RNWGEOKENXX,1,GEOKENXX,2028,236.0289034260753
GLOBAL,S1D3,RNWGEOKENXX,1,GEOKENXX,2029,302.81722459395854
GLOBAL,S1D3,RNWGEOKENXX,1,GEOKENXX,2030,369.4520662961109
GLOBAL,S1D3,RNWGEOKENXX,1,GEOKENXX,2031,396.3112929196412
GLOBAL,S1D3,RNWGEOKENXX,1,GEOKENXX,2032,427.6347428421337
GLOBAL,S1D3,RNWGEOKENXX,1,GEOKENXX,2033,456.64934138227966
GLOBAL,S1D3,RNWGEOKENXX,1,GEOKENXX,2034,485.6639399224256
GLOBAL,S1D3,RNWGEOKENXX,1,GEOKENXX,2035,519.252654600879
GLOBAL,S1D3,RNWGEOKENXX,1,GEOKENXX,2036,543.6931370027177
GLOBAL,S1D3,RNWGEOKENXX,1,GEOKENXX,2037,572.7077355428637
GLOBAL,S1D3,RNWGEOKENXX,1,GEOKENXX,2038,601.7223340830096
GLOBAL,S1D3,RNWGEOKENXX,1,GEOKENXX,2039,630.7369326231556
GLOBAL,S1D3,RNWGEOKENXX,1,GEOKENXX,2040,659.7515311633016
GLOBAL,S1D3,RNWGEOKENXX,1,GEOKENXX,2041,703.5471516012577
GLOBAL,S1D3,RNWGEOKENXX,1,GEOKENXX,2042,747.342772039214
GLOBAL,S1D3,RNWGEOKENXX,1,GEOKENXX,2043,791.1383924771701
GLOBAL,S1D3,RNWGEOKENXX,1,GEOKENXX,2044,834.9340129151262
GLOBAL,S1D3,RNWGEOKENXX,1,GEOKENXX,2045,883.5785791038622
GLOBAL,S1D3,RNWGEOKENXX,1,GEOKENXX,2046,927.3741995418186
GLOBAL,S1D3,RNWGEOKENXX,1,GEOKENXX,2047,973.1651342357745
GLOBAL,S1D3,RNWGEOKENXX,1,GEOKENXX,2048,1016.9607546737308
GLOBAL,S1D3,RNWGEOKENXX,1,GEOKENXX,2049,1060.756375111687
GLOBAL,S1D3,RNWGEOKENXX,1,GEOKENXX,2050,1104.5519955496432
GLOBAL,S1D3,RNWGEOTZAXX,1,GEOTZAXX,2021,19.692682108462783
GLOBAL,S1D3,RNWGEOTZAXX,1,GEOTZAXX,2022,22.429908385835045
GLOBAL,S1D3,RNWGEOTZAXX,1,GEOTZAXX,2023,25.807824451364212
GLOBAL,S1D3,RNWGEOTZAXX,1,GEOTZAXX,2024,51.91811622577752
GLOBAL,S1D3,RNWGEOTZAXX,1,GEOTZAXX,2025,56.40716732066804
GLOBAL,S1D3,RNWGEOTZAXX,1,GEOTZAXX,2026,121.27943009439066
GLOBAL,S1D3,RNWGEOTZAXX,1,GEOTZAXX,2027,206.3424566336366
GLOBAL,S1D3,RNWGEOTZAXX,1,GEOTZAXX,2028,290.65164042732994
GLOBAL,S1D3,RNWGEOTZAXX,1,GEOTZAXX,2029,376.05602961246126
GLOBAL,S1D3,RNWGEOTZAXX,1,GEOTZAXX,2030,461.82245297012554
GLOBAL,S1D3,RNWGEOTZAXX,1,GEOTZAXX,2031,499.2312120942131
GLOBAL,S1D3,RNWGEOTZAXX,1,GEOTZAXX,2032,536.6399712183007
GLOBAL,S1D3,RNWGEOTZAXX,1,GEOTZAXX,2033,586.6788321167883
GLOBAL,S1D3,RNWGEOTZAXX,1,GEOTZAXX,2034,611.457489466476
GLOBAL,S1D3,RNWGEOTZAXX,1,GEOTZAXX,2035,661.4963503649635
GLOBAL,S1D3,RNWGEOTZAXX,1,GEOTZAXX,2036,698.905109489051
GLOBAL,S1D3,RNWGEOTZAXX,1,GEOTZAXX,2037,733.358544404125
GLOBAL,S1D3,RNWGEOTZAXX,1,GEOTZAXX,2038,761.0925259628269
GLOBAL,S1D3,RNWGEOTZAXX,1,GEOTZAXX,2039,798.5012850869133
GLOBAL,S1D3,RNWGEOTZAXX,1,GEOTZAXX,2040,835.9100442110016
GLOBAL,S1D3,RNWGEOTZAXX,1,GEOTZAXX,2041,890.1983653788847
GLOBAL,S1D3,RNWGEOTZAXX,1,GEOTZAXX,2042,944.486686546768
GLOBAL,S1D3,RNWGEOTZAXX,1,GEOTZAXX,2043,998.775007714651
GLOBAL,S1D3,RNWGEOTZAXX,1,GEOTZAXX,2044,1053.0633288825345
GLOBAL,S1D3,RNWGEOTZAXX,1,GEOTZAXX,2045,1107.3516500504174
GLOBAL,S1D3,RNWGEOTZAXX,1,GEOTZAXX,2046,1161.6399712183002
GLOBAL,S1D3,RNWGEOTZAXX,1,GEOTZAXX,2047,1215.9282923861845
GLOBAL,S1D3,RNWGEOTZAXX,1,GEOTZAXX,2048,1270.2166135540674
GLOBAL,S1D3,RNWGEOTZAXX,1,GEOTZAXX,2049,1324.5049347219503
GLOBAL,S1D3,RNWGEOTZAXX,1,GEOTZAXX,2050,1378.793255889834
GLOBAL,S1D3,RNWHYDKENXX,1,HYDKENXX,2021,12.23632561824
GLOBAL,S1D3,RNWHYDKENXX,1,HYDKENXX,2022,12.23632561824
GLOBAL,S1D3,RNWHYDKENXX,1,HYDKENXX,2023,12.23632561824
GLOBAL,S1D3,RNWHYDKENXX,1,HYDKENXX,2024,12.23632561824
GLOBAL,S1D3,RNWHYDKENXX,1,HYDKENXX,2025,12.23632561824
GLOBAL,S1D3,RNWHYDKENXX,1,HYDKENXX,2026,12.23632561824
GLOBAL,S1D3,RNWHYDKENXX,1,HYDKENXX,2027,12.23632561824
GLOBAL,S1D3,RNWHYDKENXX,1,HYDKENXX,2028,12.23632561824
GLOBAL,S1D3,RNWHYDKENXX,1,HYDKENXX,2029,12.23632561824
GLOBAL,S1D3,RNWHYDKENXX,1,HYDKENXX,2030,12.23632561824
GLOBAL,S1D3,RNWHYDKENXX,1,HYDKENXX,2031,12.23632561824
GLOBAL,S1D3,RNWHYDKENXX,1,HYDKENXX,2032,12.23632561824
GLOBAL,S1D3,RNWHYDKENXX,1,HYDKENXX,2033,12.23632561824
GLOBAL,S1D3,RNWHYDKENXX,1,HYDKENXX,2034,12.23632561824
GLOBAL,S1D3,RNWHYDKENXX,1,HYDKENXX,2035,7.662209479932499
GLOBAL,S1D3,RNWHYDKENXX,1,HYDKENXX,2036,12.23632561824
GLOBAL,S1D3,RNWHYDKENXX,1,HYDKENXX,2037,12.23632561824
GLOBAL,S1D3,RNWHYDKENXX,1,HYDKENXX,2038,12.23632561824
GLOBAL,S1D3,RNWHYDKENXX,1,HYDKENXX,2039,12.23632561824
GLOBAL,S1D3,RNWHYDKENXX,1,HYDKENXX,2040,12.23632561824
GLOBAL,S1D3,RNWHYDKENXX,1,HYDKENXX,2041,12.23632561824
GLOBAL,S1D3,RNWHYDKENXX,1,HYDKENXX,2042,12.23632561824
GLOBAL,S1D3,RNWHYDKENXX,1,HYDKENXX,2043,12.23632561824
GLOBAL,S1D3,RNWHYDKENXX,1,HYDKENXX,2044,12.23632561824
GLOBAL,S1D3,RNWHYDKENXX,1,HYDKENXX,2045,12.23632561824
GLOBAL,S1D3,RNWHYDKENXX,1,HYDKENXX,2046,12.23632561824
GLOBAL,S1D3,RNWHYDKENXX,1,HYDKENXX,2047,12.23632561824
GLOBAL,S1D3,RNWHYDKENXX,1,HYDKENXX,2048,12.23632561824
GLOBAL,S1D3,RNWHYDKENXX,1,HYDKENXX,2049,12.23632561824
GLOBAL,S1D3,RNWHYDKENXX,1,HYDKENXX,2050,12.23632561824
GLOBAL,S1D3,RNWHYDTZAXX,1,HYDTZAXX,2021,10.107431219477949
GLOBAL,S1D3,RNWHYDTZAXX,1,HYDTZAXX,2022,10.107431219477949
GLOBAL,S1D3,RNWHYDTZAXX,1,HYDTZAXX,2023,10.107431219477949
GLOBAL,S1D3,RNWHYDTZAXX,1,HYDTZAXX,2024,10.107431219477949
GLOBAL,S1D3,RNWHYDTZAXX,1,HYDTZAXX,2025,10.107431219477949
GLOBAL,S1D3,RNWHYDTZAXX,1,HYDTZAXX,2026,10.107431219477949
GLOBAL,S1D3,RNWHYDTZAXX,1,HYDTZAXX,2027,10.81082803789624
GLOBAL,S1D3,RNWHYDTZAXX,1,HYDTZAXX,2028,12.268067601867177
GLOBAL,S1D3,RNWHYDTZAXX,1,HYDTZAXX,2029,12.6301017744
GLOBAL,S1D3,RNWHYDTZAXX,1,HYDTZAXX,2030,12.6301017744
GLOBAL,S1D3,RNWHYDTZAXX,1,HYDTZAXX,2031,12.6301017744
GLOBAL,S1D3,RNWHYDTZAXX,1,HYDTZAXX,2032,12.6301017744
GLOBAL,S1D3,RNWHYDTZAXX,1,HYDTZAXX,2034,12.6301017744
GLOBAL,S1D3,RNWHYDTZAXX,1,HYDTZAXX,2037,2.9553242090136878
GLOBAL,S1D3,RNWHYDTZAXX,1,HYDTZAXX,2038,12.630101774399316
GLOBAL,S1D3,RNWHYDTZAXX,1,HYDTZAXX,2039,12.630101774400613
GLOBAL,S1D3,RNWHYDTZAXX,1,HYDTZAXX,2040,12.6301017744
GLOBAL,S1D3,RNWHYDTZAXX,1,HYDTZAXX,2041,12.6301017744
GLOBAL,S1D3,RNWHYDTZAXX,1,HYDTZAXX,2042,12.6301017744
GLOBAL,S1D3,RNWHYDTZAXX,1,HYDTZAXX,2043,12.6301017744
GLOBAL,S1D3,RNWHYDTZAXX,1,HYDTZAXX,2044,12.6301017744
GLOBAL,S1D3,RNWHYDTZAXX,1,HYDTZAXX,2045,12.6301017744
GLOBAL,S1D3,RNWHYDTZAXX,1,HYDTZAXX,2046,12.630101774400352
GLOBAL,S1D3,RNWHYDTZAXX,1,HYDTZAXX,2047,12.630101774399575
GLOBAL,S1D3,RNWHYDTZAXX,1,HYDTZAXX,2048,12.630101774399575
GLOBAL,S1D3,RNWHYDTZAXX,1,HYDTZAXX,2049,12.6301017744
GLOBAL,S1D3,RNWHYDTZAXX,1,HYDTZAXX,2050,12.630101774399575
GLOBAL,S1D3,RNWSPVKENXX,1,SPVKENXX,2021,2.8831569328959814
GLOBAL,S1D3,RNWSPVKENXX,1,SPVKENXX,2022,4.193682811485063
GLOBAL,S1D3,RNWSPVKENXX,1,SPVKENXX,2023,4.275098837722992
GLOBAL,S1D3,RNWSPVKENXX,1,SPVKENXX,2024,4.848945750779605
GLOBAL,S1D3,RNWSPVKENXX,1,SPVKENXX,2025,4.848945750779605
GLOBAL,S1D3,RNWSPVKENXX,1,SPVKENXX,2026,4.848945750779604
GLOBAL,S1D3,RNWSPVKENXX,1,SPVKENXX,2027,4.848945750779605
GLOBAL,S1D3,RNWSPVKENXX,1,SPVKENXX,2028,4.848945750779605
GLOBAL,S1D3,RNWSPVKENXX,1,SPVKENXX,2029,4.848945750779604
GLOBAL,S1D3,RNWSPVKENXX,1,SPVKENXX,2030,4.848945750779605
GLOBAL,S1D3,RNWSPVKENXX,1,SPVKENXX,2031,4.848945750779605
GLOBAL,S1D3,RNWSPVKENXX,1,SPVKENXX,2032,4.848945750779604
GLOBAL,S1D3,RNWSPVKENXX,1,SPVKENXX,2033,4.848945750779604
GLOBAL,S1D3,RNWSPVKENXX,1,SPVKENXX,2034,4.848945750779604
GLOBAL,S1D3,RNWSPVKENXX,1,SPVKENXX,2035,4.848945750779604
GLOBAL,S1D3,RNWSPVKENXX,1,SPVKENXX,2036,4.848945750779604
GLOBAL,S1D3,RNWSPVKENXX,1,SPVKENXX,2037,4.848945750779605
GLOBAL,S1D3,RNWSPVKENXX,1,SPVKENXX,2038,4.848945750779604
GLOBAL,S1D3,RNWSPVKENXX,1,SPVKENXX,2039,4.848945750779605
GLOBAL,S1D3,RNWSPVKENXX,1,SPVKENXX,2040,4.848945750779604
GLOBAL,S1D3,RNWSPVKENXX,1,SPVKENXX,2041,4.848945750779605
GLOBAL,S1D3,RNWSPVKENXX,1,SPVKENXX,2042,4.848945750779604
GLOBAL,S1D3,RNWSPVKENXX,1,SPVKENXX,2043,4.848945750779604
GLOBAL,S1D3,RNWSPVKENXX,1,SPVKENXX,2044,4.848945750779605
GLOBAL,S1D3,RNWWONKENXX,1,WONKENXX,2021,2.1626631936
GLOBAL,S1D3,RNWWONKENXX,1,WONKENXX,2022,2.1626631936
GLOBAL,S1D3,RNWWONKENXX,1,WONKENXX,2023,2.1626631936
GLOBAL,S1D3,RNWWONKENXX,1,WONKENXX,2024,1.995314256
GLOBAL,S1D3,RNWWONKENXX,1,WONKENXX,2025,1.995314256
GLOBAL,S1D3,RNWWONKENXX,1,WONKENXX,2026,1.995314256
GLOBAL,S1D3,RNWWONKENXX,1,WONKENXX,2027,1.995314256
GLOBAL,S1D3,RNWWONKENXX,1,WONKENXX,2028,1.995314256
GLOBAL,S1D3,RNWWONKENXX,1,WONKENXX,2029,1.995314256
GLOBAL,S1D3,RNWWONKENXX,1,WONKENXX,2031,1.995314256
GLOBAL,S1D3,RNWWONKENXX,1,WONKENXX,2032,1.995314256
GLOBAL,S1D3,RNWWONKENXX,1,WONKENXX,2033,1.995314256
GLOBAL,S1D3,RNWWONKENXX,1,WONKENXX,2034,1.995314256
GLOBAL,S1D3,RNWWONKENXX,1,WONKENXX,2035,1.995314256
GLOBAL,S1D3,RNWWONKENXX,1,WONKENXX,2036,1.995314256
GLOBAL,S1D3,RNWWONKENXX,1,WONKENXX,2037,1.995314256
GLOBAL,S1D3,RNWWONKENXX,1,WONKENXX,2038,1.995314256
GLOBAL,S1D3,RNWWONKENXX,1,WONKENXX,2039,1.995314256
GLOBAL,S1D3,RNWWONKENXX,1,WONKENXX,2040,1.995314256
GLOBAL,S1D3,RNWWONKENXX,1,WONKENXX,2041,1.995314256
GLOBAL,S1D3,RNWWONKENXX,1,WONKENXX,2042,1.995314256
GLOBAL,S1D3,RNWWONKENXX,1,WONKENXX,2043,1.995314256
GLOBAL,S1D3,RNWWONKENXX,1,WONKENXX,2044,1.995314256
GLOBAL,S1D3,RNWWONKENXX,1,WONKENXX,2045,1.995314256
GLOBAL,S1D3,RNWWONKENXX,1,WONKENXX,2046,1.995314256
GLOBAL,S1D3,TRNKENXXTZAXX,1,ELCTZAXX01,2023,0.5810946941213417
GLOBAL,S1D3,TRNKENXXTZAXX,2,ELCKENXX01,2021,0.5810946941213417
GLOBAL,S1D3,TRNKENXXTZAXX,2,ELCKENXX01,2022,0.5810946941213417
GLOBAL,S1D4,PWRBIOKENXX01,1,ELCKENXX01,2021,2.8382400000000003
GLOBAL,S1D4,PWRBIOKENXX01,1,ELCKENXX01,2022,2.8382400000000003
GLOBAL,S1D4,PWRBIOKENXX01,1,ELCKENXX01,2023,2.8382400000000003
GLOBAL,S1D4,PWRBIOKENXX01,1,ELCKENXX01,2024,2.8382400000000003
GLOBAL,S1D4,PWRBIOKENXX01,1,ELCKENXX01,2025,1.5143091974587986
GLOBAL,S1D4,PWRBIOKENXX01,1,ELCKENXX01,2026,1.6413807027530276
GLOBAL,S1D4,PWRBIOKENXX01,1,ELCKENXX01,2027,2.8382400000000003
GLOBAL,S1D4,PWRBIOKENXX01,1,ELCKENXX01,2028,2.7916265693430646
GLOBAL,S1D4,PWRBIOKENXX01,1,ELCKENXX01,2029,2.8382400000000003
GLOBAL,S1D4,PWRBIOKENXX01,1,ELCKENXX01,2031,0.4827751869965136
GLOBAL,S1D4,PWRBIOTZAXX01,1,ELCTZAXX01,2021,1.7872210737457574
GLOBAL,S1D4,PWRBIOTZAXX01,1,ELCTZAXX01,2022,1.699867107991052
GLOBAL,S1D4,PWRBIOTZAXX01,1,ELCTZAXX01,2023,1.149421804163285
GLOBAL,S1D4,PWRBIOTZAXX01,1,ELCTZAXX01,2024,1.4630659768237353
GLOBAL,S1D4,PWRBIOTZAXX01,1,ELCTZAXX01,2025,1.534696228742584
GLOBAL,S1D4,PWRBIOTZAXX01,1,ELCTZAXX01,2026,2.585896627274804
GLOBAL,S1D4,PWRBIOTZAXX01,1,ELCTZAXX01,2027,3.4344391301991903
GLOBAL,S1D4,PWRBIOTZAXX01,1,ELCTZAXX01,2028,3.5291388875708525
GLOBAL,S1D4,PWRBIOTZAXX01,1,ELCTZAXX01,2029,5.707954909154177
GLOBAL,S1D4,PWRBIOTZAXX01,1,ELCTZAXX01,2030,8.549685833042373
GLOBAL,S1D4,PWRBIOTZAXX01,1,ELCTZAXX01,2031,9.78916421473845
GLOBAL,S1D4,PWRBIOTZAXX01,1,ELCTZAXX01,2032,11.02864259643464
GLOBAL,S1D4,PWRBIOTZAXX01,1,ELCTZAXX01,2033,12.268120978130067
GLOBAL,S1D4,PWRBIOTZAXX01,1,ELCTZAXX01,2034,13.50759935982636
GLOBAL,S1D4,PWRBIOTZAXX01,1,ELCTZAXX01,2035,14.747077741521965
GLOBAL,S1D4,PWRBIOTZAXX01,1,ELCTZAXX01,2036,15.986556123218216
GLOBAL,S1D4,PWRBIOTZAXX01,1,ELCTZAXX01,2037,17.226034504914242
GLOBAL,S1D4,PWRBIOTZAXX01,1,ELCTZAXX01,2038,18.465512886610068
GLOBAL,S1D4,PWRBIOTZAXX01,1,ELCTZAXX01,2039,19.704991268305758
GLOBAL,S1D4,PWRBIOTZAXX01,1,ELCTZAXX01,2040,20.944469650001334
GLOBAL,S1D4,PWRBIOTZAXX01,1,ELCTZAXX01,2041,22.743224862462167
GLOBAL,S1D4,PWRBIOTZAXX01,1,ELCTZAXX01,2042,24.541980074923664
GLOBAL,S1D4,PWRBIOTZAXX01,1,ELCTZAXX01,2043,26.34073528738437
GLOBAL,S1D4,PWRBIOTZAXX01,1,ELCTZAXX01,2044,28.139490499845415
GLOBAL,S1D4,PWRBIOTZAXX01,1,ELCTZAXX01,2045,29.938245712306927
GLOBAL,S1D4,PWRBIOTZAXX01,1,ELCTZAXX01,2046,31.73700092476781
GLOBAL,S1D4,PWRBIOTZAXX01,1,ELCTZAXX01,2047,33.535756137229484
GLOBAL,S1D4,PWRBIOTZAXX01,1,ELCTZAXX01,2048,35.33451134969033
GLOBAL,S1D4,PWRBIOTZAXX01,1,ELCTZAXX01,2049,37.13326656215163
GLOBAL,S1D4,PWRBIOTZAXX01,1,ELCTZAXX01,2050,38.93202177461247
GLOBAL,S1D4,PWRGEOKENXX01,1,ELCKENXX01,2021,31.53758891288829
GLOBAL,S1D4,PWRGEOKENXX01,1,ELCKENXX01,2022,34.57184007451448
GLOBAL,S1D4,PWRGEOKENXX01,1,ELCKENXX01,2023,34.57184007451448
GLOBAL,S1D4,PWRGEOKENXX01,1,ELCKENXX01,2024,36.3296400297878
GLOBAL,S1D4,PWRGEOKENXX01,1,ELCKENXX01,2025,37.90989265945448
GLOBAL,S1D4,PWRGEOKENXX01,1,ELCKENXX01,2026,104.8446911656375
GLOBAL,S1D4,PWRGEOKENXX01,1,ELCKENXX01,2027,169.69180127297167
GLOBAL,S1D4,PWRGEOKENXX01,1,ELCKENXX01,2028,236.52673587151185
GLOBAL,S1D4,PWRGEOKENXX01,1,ELCKENXX01,2029,307.1843673784743
GLOBAL,S1D4,PWRGEOKENXX01,1,ELCKENXX01,2030,374.6309261160867
GLOBAL,S1D4,PWRGEOKENXX01,1,ELCKENXX01,2031,403.9314803217708
GLOBAL,S1D4,PWRGEOKENXX01,1,ELCKENXX01,2032,433.42885404891314
GLOBAL,S1D4,PWRGEOKENXX01,1,ELCKENXX01,2033,459.93880039705925
GLOBAL,S1D4,PWRGEOKENXX01,1,ELCKENXX01,2034,491.4580511292052
GLOBAL,S1D4,PWRGEOKENXX01,1,ELCKENXX01,2035,517.9679974773512
GLOBAL,S1D4,PWRGEOKENXX01,1,ELCKENXX01,2036,546.9825960174973
GLOBAL,S1D4,PWRGEOKENXX01,1,ELCKENXX01,2037,575.9971945576432
GLOBAL,S1D4,PWRGEOKENXX01,1,ELCKENXX01,2038,605.0117930977892
GLOBAL,S1D4,PWRGEOKENXX01,1,ELCKENXX01,2039,636.5310438299351
GLOBAL,S1D4,PWRGEOKENXX01,1,ELCKENXX01,2040,663.0409901780812
GLOBAL,S1D4,PWRGEOKENXX01,1,ELCKENXX01,2041,706.8366106160373
GLOBAL,S1D4,PWRGEOKENXX01,1,ELCKENXX01,2042,750.6322310539935
GLOBAL,S1D4,PWRGEOKENXX01,1,ELCKENXX01,2043,796.9325036839498
GLOBAL,S1D4,PWRGEOKENXX01,1,ELCKENXX01,2044,838.2234719299057
GLOBAL,S1D4,PWRGEOKENXX01,1,ELCKENXX01,2045,883.0692411678621
GLOBAL,S1D4,PWRGEOKENXX01,1,ELCKENXX01,2046,929.3695137978184
GLOBAL,S1D4,PWRGEOKENXX01,1,ELCKENXX01,2047,970.6604820437744
GLOBAL,S1D4,PWRGEOKENXX01,1,ELCKENXX01,2048,1016.9607546737308
GLOBAL,S1D4,PWRGEOKENXX01,1,ELCKENXX01,2049,1060.756375111687
GLOBAL,S1D4,PWRGEOKENXX01,1,ELCKENXX01,2050,1104.5519955496432
GLOBAL,S1D4,PWRGEOTZAXX01,1,ELCTZAXX01,2021,23.744877093111185
GLOBAL,S1D4,PWRGEOTZAXX01,1,ELCTZAXX01,2022,27.11690259171261
GLOBAL,S1D4,PWRGEOTZAXX01,1,ELCTZAXX01,2023,31.957672720193628
GLOBAL,S1D4,PWRGEOTZAXX01,1,ELCTZAXX01,2024,62.86015973800489
GLOBAL,S1D4,PWRGEOTZAXX01,1,ELCTZAXX01,2025,68.17539079995464
GLOBAL,S1D4,PWRGEOTZAXX01,1,ELCTZAXX01,2026,144.97090572988958
GLOBAL,S1D4,PWRGEOTZAXX01,1,ELCTZAXX01,2027,246.338674437744
GLOBAL,S1D4,PWRGEOTZAXX01,1,ELCTZAXX01,2028,347.7064431455985
GLOBAL,S1D4,PWRGEOTZAXX01,1,ELCTZAXX01,2029,448.08530098067934
GLOBAL,S1D4,PWRGEOTZAXX01,1,ELCTZAXX01,2030,548.1632780859882
GLOBAL,S1D4,PWRGEOTZAXX01,1,ELCTZAXX01,2031,591.8143106531973
GLOBAL,S1D4,PWRGEOTZAXX01,1,ELCTZAXX01,2032,635.4653432204065
GLOBAL,S1D4,PWRGEOTZAXX01,1,ELCTZAXX01,2033,679.1163757876159
GLOBAL,S1D4,PWRGEOTZAXX01,1,ELCTZAXX01,2034,722.767408354825
GLOBAL,S1D4,PWRGEOTZAXX01,1,ELCTZAXX01,2035,766.418440922034
GLOBAL,S1D4,PWRGEOTZAXX01,1,ELCTZAXX01,2036,810.0694734892433
GLOBAL,S1D4,PWRGEOTZAXX01,1,ELCTZAXX01,2037,853.7205060564523
GLOBAL,S1D4,PWRGEOTZAXX01,1,ELCTZAXX01,2038,897.3715386236614
GLOBAL,S1D4,PWRGEOTZAXX01,1,ELCTZAXX01,2039,941.0225711908713
GLOBAL,S1D4,PWRGEOTZAXX01,1,ELCTZAXX01,2040,984.6736037580805
GLOBAL,S1D4,PWRGEOTZAXX01,1,ELCTZAXX01,2041,1048.0208339470794
GLOBAL,S1D4,PWRGEOTZAXX01,1,ELCTZAXX01,2042,1111.3680641360777
GLOBAL,S1D4,PWRGEOTZAXX01,1,ELCTZAXX01,2043,1174.715294325077
GLOBAL,S1D4,PWRGEOTZAXX01,1,ELCTZAXX01,2044,1238.0625245140754
GLOBAL,S1D4,PWRGEOTZAXX01,1,ELCTZAXX01,2045,1301.409754703074
GLOBAL,S1D4,PWRGEOTZAXX01,1,ELCTZAXX01,2046,1364.7569848920728
GLOBAL,S1D4,PWRGEOTZAXX01,1,ELCTZAXX01,2047,1428.1042150810713
GLOBAL,S1D4,PWRGEOTZAXX01,1,ELCTZAXX01,2048,1491.45144527007
GLOBAL,S1D4,PWRGEOTZAXX01,1,ELCTZAXX01,2049,1554.7986754590688
GLOBAL,S1D4,PWRGEOTZAXX01,1,ELCTZAXX01,2050,1618.1459056480676
GLOBAL,S1D4,PWRHYDKENXX01,1,ELCKENXX01,2021,12.23632561824
GLOBAL,S1D4,PWRHYDKENXX01,1,ELCKENXX01,2022,12.23632561824
GLOBAL,S1D4,PWRHYDKENXX01,1,ELCKENXX01,2023,12.23632561824
GLOBAL,S1D4,PWRHYDKENXX01,1,ELCKENXX01,2024,12.23632561824
GLOBAL,S1D4,PWRHYDKENXX01,1,ELCKENXX01,2025,12.23632561824
GLOBAL,S1D4,PWRHYDKENXX01,1,ELCKENXX01,2026,12.23632561824
GLOBAL,S1D4,PWRHYDKENXX01,1,ELCKENXX01,2027,12.23632561824
GLOBAL,S1D4,PWRHYDKENXX01,1,ELCKENXX01,2028,12.23632561824
GLOBAL,S1D4,PWRHYDKENXX01,1,ELCKENXX01,2029,8.320401848503822
GLOBAL,S1D4,PWRHYDKENXX01,1,ELCKENXX01,2030,10.500404278774774
GLOBAL,S1D4,PWRHYDKENXX01,1,ELCKENXX01,2031,12.23632561824
GLOBAL,S1D4,PWRHYDKENXX01,1,ELCKENXX01,2032,12.23632561824
GLOBAL,S1D4,PWRHYDKENXX01,1,ELCKENXX01,2033,12.23632561824
GLOBAL,S1D4,PWRHYDKENXX01,1,ELCKENXX01,2034,12.23632561824
GLOBAL,S1D4,PWRHYDKENXX01,1,ELCKENXX01,2035,12.23632561824
GLOBAL,S1D4,PWRHYDKENXX01,1,ELCKENXX01,2036,12.23632561824
GLOBAL,S1D4,PWRHYDKENXX01,1,ELCKENXX01,2037,12.23632561824
GLOBAL,S1D4,PWRHYDKENXX01,1,ELCKENXX01,2038,12.23632561824
GLOBAL,S1D4,PWRHYDKENXX01,1,ELCKENXX01,2039,12.23632561824
GLOBAL,S1D4,PWRHYDKENXX01,1,ELCKENXX01,2040,12.23632561824
GLOBAL,S1D4,PWRHYDKENXX01,1,ELCKENXX01,2041,12.23632561824
GLOBAL,S1D4,PWRHYDKENXX01,1,ELCKENXX01,2042,12.23632561824
GLOBAL,S1D4,PWRHYDKENXX01,1,ELCKENXX01,2043,12.23632561824
GLOBAL,S1D4,PWRHYDKENXX01,1,ELCKENXX01,2044,12.23632561824
GLOBAL,S1D4,PWRHYDKENXX01,1,ELCKENXX01,2045,12.23632561824
GLOBAL,S1D4,PWRHYDKENXX01,1,ELCKENXX01,2046,12.23632561824
GLOBAL,S1D4,PWRHYDKENXX01,1,ELCKENXX01,2047,12.23632561824
GLOBAL,S1D4,PWRHYDKENXX01,1,ELCKENXX01,2048,12.23632561824
GLOBAL,S1D4,PWRHYDKENXX01,1,ELCKENXX01,2049,12.23632561824
GLOBAL,S1D4,PWRHYDKENXX01,1,ELCKENXX01,2050,12.23632561824
GLOBAL,S1D4,PWRHYDTZAXX01,1,ELCTZAXX01,2021,10.107431219477949
GLOBAL,S1D4,PWRHYDTZAXX01,1,ELCTZAXX01,2022,10.107431219477949
GLOBAL,S1D4,PWRHYDTZAXX01,1,ELCTZAXX01,2023,10.107431219477949
GLOBAL,S1D4,PWRHYDTZAXX01,1,ELCTZAXX01,2024,10.107431219477949
GLOBAL,S1D4,PWRHYDTZAXX01,1,ELCTZAXX01,2025,10.107431219477949
GLOBAL,S1D4,PWRHYDTZAXX01,1,ELCTZAXX01,2026,10.107431219477949
GLOBAL,S1D4,PWRHYDTZAXX01,1,ELCTZAXX01,2027,10.810828037896238
GLOBAL,S1D4,PWRHYDTZAXX01,1,ELCTZAXX01,2028,12.268067601867177
GLOBAL,S1D4,PWRHYDTZAXX01,1,ELCTZAXX01,2029,12.6301017744
GLOBAL,S1D4,PWRHYDTZAXX01,1,ELCTZAXX01,2030,12.6301017744
GLOBAL,S1D4,PWRHYDTZAXX01,1,ELCTZAXX01,2031,12.6301017744
GLOBAL,S1D4,PWRHYDTZAXX01,1,ELCTZAXX01,2032,12.6301017744
GLOBAL,S1D4,PWRHYDTZAXX01,1,ELCTZAXX01,2033,12.6301017744
GLOBAL,S1D4,PWRHYDTZAXX01,1,ELCTZAXX01,2034,12.6301017744
GLOBAL,S1D4,PWRHYDTZAXX01,1,ELCTZAXX01,2035,12.6301017744
GLOBAL,S1D4,PWRHYDTZAXX01,1,ELCTZAXX01,2036,12.6301017744
GLOBAL,S1D4,PWRHYDTZAXX01,1,ELCTZAXX01,2037,12.6301017744
GLOBAL,S1D4,PWRHYDTZAXX01,1,ELCTZAXX01,2038,12.6301017744
GLOBAL,S1D4,PWRHYDTZAXX01,1,ELCTZAXX01,2039,12.6301017744
GLOBAL,S1D4,PWRHYDTZAXX01,1,ELCTZAXX01,2040,12.6301017744
GLOBAL,S1D4,PWRHYDTZAXX01,1,ELCTZAXX01,2041,12.6301017744
GLOBAL,S1D4,PWRHYDTZAXX01,1,ELCTZAXX01,2042,12.6301017744
GLOBAL,S1D4,PWRHYDTZAXX01,1,ELCTZAXX01,2043,12.6301017744
GLOBAL,S1D4,PWRHYDTZAXX01,1,ELCTZAXX01,2044,12.6301017744
GLOBAL,S1D4,PWRHYDTZAXX01,1,ELCTZAXX01,2045,12.6301017744
GLOBAL,S1D4,PWRHYDTZAXX01,1,ELCTZAXX01,2046,12.6301017744
GLOBAL,S1D4,PWRHYDTZAXX01,1,ELCTZAXX01,2047,12.6301017744
GLOBAL,S1D4,PWRHYDTZAXX01,1,ELCTZAXX01,2048,12.6301017744
GLOBAL,S1D4,PWRHYDTZAXX01,1,ELCTZAXX01,2049,12.6301017744
GLOBAL,S1D4,PWRHYDTZAXX01,1,ELCTZAXX01,2050,12.6301017744
GLOBAL,S1D4,PWRSPVKENXX01,1,ELCKENXX01,2021,0.6244128
GLOBAL,S1D4,PWRSPVKENXX01,1,ELCKENXX01,2022,0.9082368
GLOBAL,S1D4,PWRSPVKENXX01,1,ELCKENXX01,2023,1.0501488
GLOBAL,S1D4,PWRSPVKENXX01,1,ELCKENXX01,2024,1.0501488
GLOBAL,S1D4,PWRSPVKENXX01,1,ELCKENXX01,2025,1.0501488
GLOBAL,S1D4,PWRSPVKENXX01,1,ELCKENXX01,2026,1.0501488
GLOBAL,S1D4,PWRSPVKENXX01,1,ELCKENXX01,2027,1.0501488
GLOBAL,S1D4,PWRSPVKENXX01,1,ELCKENXX01,2028,1.0501488
GLOBAL,S1D4,PWRSPVKENXX01,1,ELCKENXX01,2029,1.0501488
GLOBAL,S1D4,PWRSPVKENXX01,1,ELCKENXX01,2030,1.0501488
GLOBAL,S1D4,PWRSPVKENXX01,1,ELCKENXX01,2031,1.0501488
GLOBAL,S1D4,PWRSPVKENXX01,1,ELCKENXX01,2032,1.0501488
GLOBAL,S1D4,PWRSPVKENXX01,1,ELCKENXX01,2033,1.0501488
GLOBAL,S1D4,PWRSPVKENXX01,1,ELCKENXX01,2034,1.0501488
GLOBAL,S1D4,PWRSPVKENXX01,1,ELCKENXX01,2035,1.0501488
GLOBAL,S1D4,PWRSPVKENXX01,1,ELCKENXX01,2036,1.0501488
GLOBAL,S1D4,PWRSPVKENXX01,1,ELCKENXX01,2037,1.0501488
GLOBAL,S1D4,PWRSPVKENXX01,1,ELCKENXX01,2038,1.0501488
GLOBAL,S1D4,PWRSPVKENXX01,1,ELCKENXX01,2039,1.0501488
GLOBAL,S1D4,PWRSPVKENXX01,1,ELCKENXX01,2040,1.0501488
GLOBAL,S1D4,PWRSPVKENXX01,1,ELCKENXX01,2041,1.0501488
GLOBAL,S1D4,PWRSPVKENXX01,1,ELCKENXX01,2042,1.0501488
GLOBAL,S1D4,PWRSPVKENXX01,1,ELCKENXX01,2043,1.0501488
GLOBAL,S1D4,PWRSPVKENXX01,1,ELCKENXX01,2044,1.0501488
GLOBAL,S1D4,PWRTRNKENXX,1,ELCKENXX02,2021,50.364963503649626
GLOBAL,S1D4,PWRTRNKENXX,1,ELCKENXX02,2022,52.55474452554744
GLOBAL,S1D4,PWRTRNKENXX,1,ELCKENXX02,2023,52.06288705056846
GLOBAL,S1D4,PWRTRNKENXX,1,ELCKENXX02,2024,53.64963503649634
GLOBAL,S1D4,PWRTRNKENXX,1,ELCKENXX02,2025,55.21532846715328
GLOBAL,S1D4,PWRTRNKENXX,1,ELCKENXX02,2026,121.53284671532846
GLOBAL,S1D4,PWRTRNKENXX,1,ELCKENXX02,2027,188.32116788321167
GLOBAL,S1D4,PWRTRNKENXX,1,ELCKENXX02,2028,255.10948905109487
GLOBAL,S1D4,PWRTRNKENXX,1,ELCKENXX02,2029,321.89781021897807
GLOBAL,S1D4,PWRTRNKENXX,1,ELCKENXX02,2030,388.6861313868615
GLOBAL,S1D4,PWRTRNKENXX,1,ELCKENXX02,2031,417.7007299270073
GLOBAL,S1D4,PWRTRNKENXX,1,ELCKENXX02,2032,446.71532846715314
GLOBAL,S1D4,PWRTRNKENXX,1,ELCKENXX02,2033,475.7299270072992
GLOBAL,S1D4,PWRTRNKENXX,1,ELCKENXX02,2034,504.7445255474452
GLOBAL,S1D4,PWRTRNKENXX,1,ELCKENXX02,2035,533.7591240875912
GLOBAL,S1D4,PWRTRNKENXX,1,ELCKENXX02,2036,562.7737226277372
GLOBAL,S1D4,PWRTRNKENXX,1,ELCKENXX02,2037,591.7883211678832
GLOBAL,S1D4,PWRTRNKENXX,1,ELCKENXX02,2038,620.8029197080292
GLOBAL,S1D4,PWRTRNKENXX,1,ELCKENXX02,2039,649.8175182481751
GLOBAL,S1D4,PWRTRNKENXX,1,ELCKENXX02,2040,678.8321167883212
GLOBAL,S1D4,PWRTRNKENXX,1,ELCKENXX02,2041,722.6277372262774
GLOBAL,S1D4,PWRTRNKENXX,1,ELCKENXX02,2042,766.4233576642334
GLOBAL,S1D4,PWRTRNKENXX,1,ELCKENXX02,2043,810.2189781021898
GLOBAL,S1D4,PWRTRNKENXX,1,ELCKENXX02,2044,854.0145985401459
GLOBAL,S1D4,PWRTRNKENXX,1,ELCKENXX02,2045,897.8102189781021
GLOBAL,S1D4,PWRTRNKENXX,1,ELCKENXX02,2046,941.6058394160584
GLOBAL,S1D4,PWRTRNKENXX,1,ELCKENXX02,2047,985.4014598540144
GLOBAL,S1D4,PWRTRNKENXX,1,ELCKENXX02,2048,1029.197080291971
GLOBAL,S1D4,PWRTRNKENXX,1,ELCKENXX02,2049,1072.992700729927
GLOBAL,S1D4,PWRTRNKENXX,1,ELCKENXX02,2050,1116.7883211678832
GLOBAL,S1D4,PWRTRNTZAXX,1,ELCTZAXX02,2021,35.639529386334885
GLOBAL,S1D4,PWRTRNTZAXX,1,ELCTZAXX02,2022,38.92420091918161
GLOBAL,S1D4,PWRTRNTZAXX,1,ELCTZAXX02,2023,43.7956204379562
GLOBAL,S1D4,PWRTRNTZAXX,1,ELCTZAXX02,2024,74.43065693430657
GLOBAL,S1D4,PWRTRNTZAXX,1,ELCTZAXX02,2025,79.81751824817516
GLOBAL,S1D4,PWRTRNTZAXX,1,ELCTZAXX02,2026,157.66423357664237
GLOBAL,S1D4,PWRTRNTZAXX,1,ELCTZAXX02,2027,260.5839416058394
GLOBAL,S1D4,PWRTRNTZAXX,1,ELCTZAXX02,2028,363.5036496350365
GLOBAL,S1D4,PWRTRNTZAXX,1,ELCTZAXX02,2029,466.4233576642336
GLOBAL,S1D4,PWRTRNTZAXX,1,ELCTZAXX02,2030,569.3430656934305
GLOBAL,S1D4,PWRTRNTZAXX,1,ELCTZAXX02,2031,614.2335766423357
GLOBAL,S1D4,PWRTRNTZAXX,1,ELCTZAXX02,2032,659.1240875912408
GLOBAL,S1D4,PWRTRNTZAXX,1,ELCTZAXX02,2033,704.0145985401459
GLOBAL,S1D4,PWRTRNTZAXX,1,ELCTZAXX02,2034,748.905109489051
GLOBAL,S1D4,PWRTRNTZAXX,1,ELCTZAXX02,2035,793.7956204379561
GLOBAL,S1D4,PWRTRNTZAXX,1,ELCTZAXX02,2036,838.6861313868612
GLOBAL,S1D4,PWRTRNTZAXX,1,ELCTZAXX02,2037,883.5766423357665
GLOBAL,S1D4,PWRTRNTZAXX,1,ELCTZAXX02,2038,928.4671532846717
GLOBAL,S1D4,PWRTRNTZAXX,1,ELCTZAXX02,2039,973.3576642335767
GLOBAL,S1D4,PWRTRNTZAXX,1,ELCTZAXX02,2040,1018.2481751824816
GLOBAL,S1D4,PWRTRNTZAXX,1,ELCTZAXX02,2041,1083.3941605839416
GLOBAL,S1D4,PWRTRNTZAXX,1,ELCTZAXX02,2042,1148.5401459854013
GLOBAL,S1D4,PWRTRNTZAXX,1,ELCTZAXX02,2043,1213.6861313868617
GLOBAL,S1D4,PWRTRNTZAXX,1,ELCTZAXX02,2044,1278.8321167883212
GLOBAL,S1D4,PWRTRNTZAXX,1,ELCTZAXX02,2045,1343.978102189781
GLOBAL,S1D4,PWRTRNTZAXX,1,ELCTZAXX02,2046,1409.1240875912408
GLOBAL,S1D4,PWRTRNTZAXX,1,ELCTZAXX02,2047,1474.2700729927008
GLOBAL,S1D4,PWRTRNTZAXX,1,ELCTZAXX02,2048,1539.4160583941605
GLOBAL,S1D4,PWRTRNTZAXX,1,ELCTZAXX02,2049,1604.5620437956204
GLOBAL,S1D4,PWRTRNTZAXX,1,ELCTZAXX02,2050,1669.7080291970804
GLOBAL,S1D4,PWRWONKENXX01,1,ELCKENXX01,2021,2.5473014784
GLOBAL,S1D4,PWRWONKENXX01,1,ELCKENXX01,2022,1.4190073386716215
GLOBAL,S1D4,PWRWONKENXX01,1,ELCKENXX01,2023,1.3663325578139804
GLOBAL,S1D4,PWRWONKENXX01,1,ELCKENXX01,2024,1.1952805884685518
GLOBAL,S1D4,PWRWONKENXX01,1,ELCKENXX01,2025,2.504652192
GLOBAL,S1D4,PWRWONKENXX01,1,ELCKENXX01,2026,1.7603004286979385
GLOBAL,S1D4,PWRWONKENXX01,1,ELCKENXX01,2027,2.504652192
GLOBAL,S1D4,PWRWONKENXX01,1,ELCKENXX01,2028,2.504652192
GLOBAL,S1D4,PWRWONKENXX01,1,ELCKENXX01,2029,2.504652192
GLOBAL,S1D4,PWRWONKENXX01,1,ELCKENXX01,2030,2.504652192
GLOBAL,S1D4,PWRWONKENXX01,1,ELCKENXX01,2033,2.504652192
GLOBAL,S1D4,PWRWONKENXX01,1,ELCKENXX01,2035,2.504652192
GLOBAL,S1D4,PWRWONKENXX01,1,ELCKENXX01,2036,2.504652192
GLOBAL,S1D4,PWRWONKENXX01,1,ELCKENXX01,2037,2.504652192
GLOBAL,S1D4,PWRWONKENXX01,1,ELCKENXX01,2038,2.504652192
GLOBAL,S1D4,PWRWONKENXX01,1,ELCKENXX01,2040,2.504652192
GLOBAL,S1D4,PWRWONKENXX01,1,ELCKENXX01,2041,2.504652192
GLOBAL,S1D4,PWRWONKENXX01,1,ELCKENXX01,2042,2.504652192
GLOBAL,S1D4,PWRWONKENXX01,1,ELCKENXX01,2044,2.504652192
GLOBAL,S1D4,PWRWONKENXX01,1,ELCKENXX01,2045,2.504652192
GLOBAL,S1D4,PWRWONKENXX01,1,ELCKENXX01,2047,2.504652192
GLOBAL,S1D4,RNWBIOKENXX,1,BIOKENXX,2021,8.9688384
GLOBAL,S1D4,RNWBIOKENXX,1,BIOKENXX,2022,8.9688384
GLOBAL,S1D4,RNWBIOKENXX,1,BIOKENXX,2023,8.9688384
GLOBAL,S1D4,RNWBIOKENXX,1,BIOKENXX,2024,8.9688384
GLOBAL,S1D4,RNWBIOKENXX,1,BIOKENXX,2025,4.785217063969803
GLOBAL,S1D4,RNWBIOKENXX,1,BIOKENXX,2026,5.186763020699567
GLOBAL,S1D4,RNWBIOKENXX,1,BIOKENXX,2027,8.9688384
GLOBAL,S1D4,RNWBIOKENXX,1,BIOKENXX,2028,8.821539959124083
GLOBAL,S1D4,RNWBIOKENXX,1,BIOKENXX,2029,8.9688384
GLOBAL,S1D4,RNWBIOKENXX,1,BIOKENXX,2031,1.5255695909089828
GLOBAL,S1D4,RNWBIOTZAXX,1,BIOTZAXX,2021,5.9514461755733725
GLOBAL,S1D4,RNWBIOTZAXX,1,BIOTZAXX,2022,5.660557469610203
GLOBAL,S1D4,RNWBIOTZAXX,1,BIOTZAXX,2023,3.82757460786374
GLOBAL,S1D4,RNWBIOTZAXX,1,BIOTZAXX,2024,4.872009702823039
GLOBAL,S1D4,RNWBIOTZAXX,1,BIOTZAXX,2025,5.110538441712805
GLOBAL,S1D4,RNWBIOTZAXX,1,BIOTZAXX,2026,8.611035768825097
GLOBAL,S1D4,RNWBIOTZAXX,1,BIOTZAXX,2027,11.436682303563304
GLOBAL,S1D4,RNWBIOTZAXX,1,BIOTZAXX,2028,11.75203249561094
GLOBAL,S1D4,RNWBIOTZAXX,1,BIOTZAXX,2029,19.00748984748341
GLOBAL,S1D4,RNWBIOTZAXX,1,BIOTZAXX,2030,28.4704538240311
GLOBAL,S1D4,RNWBIOTZAXX,1,BIOTZAXX,2031,32.59791683507905
GLOBAL,S1D4,RNWBIOTZAXX,1,BIOTZAXX,2032,36.72537984612735
GLOBAL,S1D4,RNWBIOTZAXX,1,BIOTZAXX,2033,40.85284285717313
GLOBAL,S1D4,RNWBIOTZAXX,1,BIOTZAXX,2034,44.98030586822178
GLOBAL,S1D4,RNWBIOTZAXX,1,BIOTZAXX,2035,49.107768879268136
GLOBAL,S1D4,RNWBIOTZAXX,1,BIOTZAXX,2036,53.235231890316655
GLOBAL,S1D4,RNWBIOTZAXX,1,BIOTZAXX,2037,57.36269490136442
GLOBAL,S1D4,RNWBIOTZAXX,1,BIOTZAXX,2038,61.490157912411526
GLOBAL,S1D4,RNWBIOTZAXX,1,BIOTZAXX,2039,65.61762092345816
GLOBAL,S1D4,RNWBIOTZAXX,1,BIOTZAXX,2040,69.74508393450459
GLOBAL,S1D4,RNWBIOTZAXX,1,BIOTZAXX,2041,75.73493879199923
GLOBAL,S1D4,RNWBIOTZAXX,1,BIOTZAXX,2042,81.72479364949581
GLOBAL,S1D4,RNWBIOTZAXX,1,BIOTZAXX,2043,87.71464850698993
GLOBAL,S1D4,RNWBIOTZAXX,1,BIOTZAXX,2044,93.70450336448525
GLOBAL,S1D4,RNWBIOTZAXX,1,BIOTZAXX,2045,99.69435822198209
GLOBAL,S1D4,RNWBIOTZAXX,1,BIOTZAXX,2046,105.68421307947682
GLOBAL,S1D4,RNWBIOTZAXX,1,BIOTZAXX,2047,111.67406793697418
GLOBAL,S1D4,RNWBIOTZAXX,1,BIOTZAXX,2048,117.66392279446929
GLOBAL,S1D4,RNWBIOTZAXX,1,BIOTZAXX,2049,123.65377765196531
GLOBAL,S1D4,RNWBIOTZAXX,1,BIOTZAXX,2050,129.6436325094595
GLOBAL,S1D4,RNWGEOKENXX,1,GEOKENXX,2021,31.53758891288829
GLOBAL,S1D4,RNWGEOKENXX,1,GEOKENXX,2022,34.57184007451448
GLOBAL,S1D4,RNWGEOKENXX,1,GEOKENXX,2023,34.57184007451448
GLOBAL,S1D4,RNWGEOKENXX,1,GEOKENXX,2024,36.3296400297878
GLOBAL,S1D4,RNWGEOKENXX,1,GEOKENXX,2025,37.90989265945448
GLOBAL,S1D4,RNWGEOKENXX,1,GEOKENXX,2026,104.8446911656375
GLOBAL,S1D4,RNWGEOKENXX,1,GEOKENXX,2027,169.69180127297167
GLOBAL,S1D4,RNWGEOKENXX,1,GEOKENXX,2028,236.52673587151185
GLOBAL,S1D4,RNWGEOKENXX,1,GEOKENXX,2029,307.1843673784743
GLOBAL,S1D4,RNWGEOKENXX,1,GEOKENXX,2030,374.6309261160867
GLOBAL,S1D4,RNWGEOKENXX,1,GEOKENXX,2031,403.9314803217708
GLOBAL,S1D4,RNWGEOKENXX,1,GEOKENXX,2032,433.42885404891314
GLOBAL,S1D4,RNWGEOKENXX,1,GEOKENXX,2033,459.93880039705925
GLOBAL,S1D4,RNWGEOKENXX,1,GEOKENXX,2034,491.4580511292052
GLOBAL,S1D4,RNWGEOKENXX,1,GEOKENXX,2035,517.9679974773512
GLOBAL,S1D4,RNWGEOKENXX,1,GEOKENXX,2036,546.9825960174973
GLOBAL,S1D4,RNWGEOKENXX,1,GEOKENXX,2037,575.9971945576432
GLOBAL,S1D4,RNWGEOKENXX,1,GEOKENXX,2038,605.0117930977892
GLOBAL,S1D4,RNWGEOKENXX,1,GEOKENXX,2039,636.5310438299351
GLOBAL,S1D4,RNWGEOKENXX,1,GEOKENXX,2040,663.0409901780812
GLOBAL,S1D4,RNWGEOKENXX,1,GEOKENXX,2041,706.8366106160373
GLOBAL,S1D4,RNWGEOKENXX,1,GEOKENXX,2042,750.6322310539935
GLOBAL,S1D4,RNWGEOKENXX,1,GEOKENXX,2043,796.9325036839498
GLOBAL,S1D4,RNWGEOKENXX,1,GEOKENXX,2044,838.2234719299057
GLOBAL,S1D4,RNWGEOKENXX,1,GEOKENXX,2045,883.0692411678621
GLOBAL,S1D4,RNWGEOKENXX,1,GEOKENXX,2046,929.3695137978184
GLOBAL,S1D4,RNWGEOKENXX,1,GEOKENXX,2047,970.6604820437744
GLOBAL,S1D4,RNWGEOKENXX,1,GEOKENXX,2048,1016.9607546737308
GLOBAL,S1D4,RNWGEOKENXX,1,GEOKENXX,2049,1060.756375111687
GLOBAL,S1D4,RNWGEOKENXX,1,GEOKENXX,2050,1104.5519955496432
GLOBAL,S1D4,RNWGEOTZAXX,1,GEOTZAXX,2021,23.744877093111185
GLOBAL,S1D4,RNWGEOTZAXX,1,GEOTZAXX,2022,27.11690259171261
GLOBAL,S1D4,RNWGEOTZAXX,1,GEOTZAXX,2023,31.957672720193628
GLOBAL,S1D4,RNWGEOTZAXX,1,GEOTZAXX,2024,62.86015973800489
GLOBAL,S1D4,RNWGEOTZAXX,1,GEOTZAXX,2025,68.17539079995464
GLOBAL,S1D4,RNWGEOTZAXX,1,GEOTZAXX,2026,144.97090572988958
GLOBAL,S1D4,RNWGEOTZAXX,1,GEOTZAXX,2027,246.338674437744
GLOBAL,S1D4,RNWGEOTZAXX,1,GEOTZAXX,2028,347.7064431455985
GLOBAL,S1D4,RNWGEOTZAXX,1,GEOTZAXX,2029,448.08530098067934
GLOBAL,S1D4,RNWGEOTZAXX,1,GEOTZAXX,2030,548.1632780859882
GLOBAL,S1D4,RNWGEOTZAXX,1,GEOTZAXX,2031,591.8143106531973
GLOBAL,S1D4,RNWGEOTZAXX,1,GEOTZAXX,2032,635.4653432204065
GLOBAL,S1D4,RNWGEOTZAXX,1,GEOTZAXX,2033,679.1163757876158
GLOBAL,S1D4,RNWGEOTZAXX,1,GEOTZAXX,2034,722.767408354825
GLOBAL,S1D4,RNWGEOTZAXX,1,GEOTZAXX,2035,766.4184409220343
GLOBAL,S1D4,RNWGEOTZAXX,1,GEOTZAXX,2036,810.0694734892433
GLOBAL,S1D4,RNWGEOTZAXX,1,GEOTZAXX,2037,853.7205060564521
GLOBAL,S1D4,RNWGEOTZAXX,1,GEOTZAXX,2038,897.3715386236614
GLOBAL,S1D4,RNWGEOTZAXX,1,GEOTZAXX,2039,941.0225711908713
GLOBAL,S1D4,RNWGEOTZAXX,1,GEOTZAXX,2040,984.6736037580805
GLOBAL,S1D4,RNWGEOTZAXX,1,GEOTZAXX,2041,1048.0208339470794
GLOBAL,S1D4,RNWGEOTZAXX,1,GEOTZAXX,2042,1111.3680641360777
GLOBAL,S1D4,RNWGEOTZAXX,1,GEOTZAXX,2043,1174.715294325077
GLOBAL,S1D4,RNWGEOTZAXX,1,GEOTZAXX,2044,1238.0625245140754
GLOBAL,S1D4,RNWGEOTZAXX,1,GEOTZAXX,2045,1301.4097547030742
GLOBAL,S1D4,RNWGEOTZAXX,1,GEOTZAXX,2046,1364.7569848920732
GLOBAL,S1D4,RNWGEOTZAXX,1,GEOTZAXX,2047,1428.1042150810715
GLOBAL,S1D4,RNWGEOTZAXX,1,GEOTZAXX,2048,1491.45144527007
GLOBAL,S1D4,RNWGEOTZAXX,1,GEOTZAXX,2049,1554.798675459069
GLOBAL,S1D4,RNWGEOTZAXX,1,GEOTZAXX,2050,1618.145905648068
GLOBAL,S1D4,RNWHYDKENXX,1,HYDKENXX,2021,12.23632561824
GLOBAL,S1D4,RNWHYDKENXX,1,HYDKENXX,2022,12.23632561824
GLOBAL,S1D4,RNWHYDKENXX,1,HYDKENXX,2023,12.23632561824
GLOBAL,S1D4,RNWHYDKENXX,1,HYDKENXX,2024,12.23632561824
GLOBAL,S1D4,RNWHYDKENXX,1,HYDKENXX,2025,12.23632561824
GLOBAL,S1D4,RNWHYDKENXX,1,HYDKENXX,2026,12.23632561824
GLOBAL,S1D4,RNWHYDKENXX,1,HYDKENXX,2027,12.23632561824
GLOBAL,S1D4,RNWHYDKENXX,1,HYDKENXX,2028,12.23632561824
GLOBAL,S1D4,RNWHYDKENXX,1,HYDKENXX,2029,8.320401848503822
GLOBAL,S1D4,RNWHYDKENXX,1,HYDKENXX,2030,10.500404278774774
GLOBAL,S1D4,RNWHYDKENXX,1,HYDKENXX,2031,12.23632561824
GLOBAL,S1D4,RNWHYDKENXX,1,HYDKENXX,2032,12.23632561824
GLOBAL,S1D4,RNWHYDKENXX,1,HYDKENXX,2033,12.23632561824
GLOBAL,S1D4,RNWHYDKENXX,1,HYDKENXX,2034,12.23632561824
GLOBAL,S1D4,RNWHYDKENXX,1,HYDKENXX,2035,12.23632561824
GLOBAL,S1D4,RNWHYDKENXX,1,HYDKENXX,2036,12.23632561824
GLOBAL,S1D4,RNWHYDKENXX,1,HYDKENXX,2037,12.23632561824
GLOBAL,S1D4,RNWHYDKENXX,1,HYDKENXX,2038,12.23632561824
GLOBAL,S1D4,RNWHYDKENXX,1,HYDKENXX,2039,12.23632561824
GLOBAL,S1D4,RNWHYDKENXX,1,HYDKENXX,2040,12.23632561824
GLOBAL,S1D4,RNWHYDKENXX,1,HYDKENXX,2041,12.23632561824
GLOBAL,S1D4,RNWHYDKENXX,1,HYDKENXX,2042,12.23632561824
GLOBAL,S1D4,RNWHYDKENXX,1,HYDKENXX,2043,12.23632561824
GLOBAL,S1D4,RNWHYDKENXX,1,HYDKENXX,2044,12.23632561824
GLOBAL,S1D4,RNWHYDKENXX,1,HYDKENXX,2045,12.23632561824
GLOBAL,S1D4,RNWHYDKENXX,1,HYDKENXX,2046,12.23632561824
GLOBAL,S1D4,RNWHYDKENXX,1,HYDKENXX,2047,12.23632561824
GLOBAL,S1D4,RNWHYDKENXX,1,HYDKENXX,2048,12.23632561824
GLOBAL,S1D4,RNWHYDKENXX,1,HYDKENXX,2049,12.23632561824
GLOBAL,S1D4,RNWHYDKENXX,1,HYDKENXX,2050,12.23632561824
GLOBAL,S1D4,RNWHYDTZAXX,1,HYDTZAXX,2021,10.107431219477949
GLOBAL,S1D4,RNWHYDTZAXX,1,HYDTZAXX,2022,10.107431219477949
GLOBAL,S1D4,RNWHYDTZAXX,1,HYDTZAXX,2023,10.107431219477949
GLOBAL,S1D4,RNWHYDTZAXX,1,HYDTZAXX,2024,10.107431219477949
GLOBAL,S1D4,RNWHYDTZAXX,1,HYDTZAXX,2025,10.107431219477949
GLOBAL,S1D4,RNWHYDTZAXX,1,HYDTZAXX,2026,10.107431219477949
GLOBAL,S1D4,RNWHYDTZAXX,1,HYDTZAXX,2027,10.81082803789624
GLOBAL,S1D4,RNWHYDTZAXX,1,HYDTZAXX,2028,12.268067601867177
GLOBAL,S1D4,RNWHYDTZAXX,1,HYDTZAXX,2029,12.6301017744
GLOBAL,S1D4,RNWHYDTZAXX,1,HYDTZAXX,2030,12.6301017744
GLOBAL,S1D4,RNWHYDTZAXX,1,HYDTZAXX,2031,12.6301017744
GLOBAL,S1D4,RNWHYDTZAXX,1,HYDTZAXX,2032,12.6301017744
GLOBAL,S1D4,RNWHYDTZAXX,1,HYDTZAXX,2033,12.6301017744
GLOBAL,S1D4,RNWHYDTZAXX,1,HYDTZAXX,2034,12.6301017744
GLOBAL,S1D4,RNWHYDTZAXX,1,HYDTZAXX,2035,12.6301017744
GLOBAL,S1D4,RNWHYDTZAXX,1,HYDTZAXX,2036,12.6301017744
GLOBAL,S1D4,RNWHYDTZAXX,1,HYDTZAXX,2037,12.6301017744
GLOBAL,S1D4,RNWHYDTZAXX,1,HYDTZAXX,2038,12.6301017744
GLOBAL,S1D4,RNWHYDTZAXX,1,HYDTZAXX,2039,12.6301017744
GLOBAL,S1D4,RNWHYDTZAXX,1,HYDTZAXX,2040,12.6301017744
GLOBAL,S1D4,RNWHYDTZAXX,1,HYDTZAXX,2041,12.6301017744
GLOBAL,S1D4,RNWHYDTZAXX,1,HYDTZAXX,2042,12.6301017744
GLOBAL,S1D4,RNWHYDTZAXX,1,HYDTZAXX,2043,12.6301017744
GLOBAL,S1D4,RNWHYDTZAXX,1,HYDTZAXX,2044,12.6301017744
GLOBAL,S1D4,RNWHYDTZAXX,1,HYDTZAXX,2045,12.6301017744
GLOBAL,S1D4,RNWHYDTZAXX,1,HYDTZAXX,2046,12.6301017744
GLOBAL,S1D4,RNWHYDTZAXX,1,HYDTZAXX,2047,12.6301017744
GLOBAL,S1D4,RNWHYDTZAXX,1,HYDTZAXX,2048,12.6301017744
GLOBAL,S1D4,RNWHYDTZAXX,1,HYDTZAXX,2049,12.6301017744
GLOBAL,S1D4,RNWHYDTZAXX,1,HYDTZAXX,2050,12.6301017744
GLOBAL,S1D4,RNWSPVKENXX,1,SPVKENXX,2021,0.6244127999999999
GLOBAL,S1D4,RNWSPVKENXX,1,SPVKENXX,2022,0.9082368
GLOBAL,S1D4,RNWSPVKENXX,1,SPVKENXX,2023,1.0501488
GLOBAL,S1D4,RNWSPVKENXX,1,SPVKENXX,2024,1.0501488
GLOBAL,S1D4,RNWSPVKENXX,1,SPVKENXX,2025,1.0501488
GLOBAL,S1D4,RNWSPVKENXX,1,SPVKENXX,2026,1.0501488
GLOBAL,S1D4,RNWSPVKENXX,1,SPVKENXX,2027,1.0501488
GLOBAL,S1D4,RNWSPVKENXX,1,SPVKENXX,2028,1.0501488
GLOBAL,S1D4,RNWSPVKENXX,1,SPVKENXX,2029,1.0501488
GLOBAL,S1D4,RNWSPVKENXX,1,SPVKENXX,2030,1.0501488
GLOBAL,S1D4,RNWSPVKENXX,1,SPVKENXX,2031,1.0501488
GLOBAL,S1D4,RNWSPVKENXX,1,SPVKENXX,2032,1.0501488
GLOBAL,S1D4,RNWSPVKENXX,1,SPVKENXX,2033,1.0501488
GLOBAL,S1D4,RNWSPVKENXX,1,SPVKENXX,2034,1.0501488
GLOBAL,S1D4,RNWSPVKENXX,1,SPVKENXX,2035,1.0501488
GLOBAL,S1D4,RNWSPVKENXX,1,SPVKENXX,2036,1.0501488
GLOBAL,S1D4,RNWSPVKENXX,1,SPVKENXX,2037,1.0501488
GLOBAL,S1D4,RNWSPVKENXX,1,SPVKENXX,2038,1.0501488
GLOBAL,S1D4,RNWSPVKENXX,1,SPVKENXX,2039,1.0501488
GLOBAL,S1D4,RNWSPVKENXX,1,SPVKENXX,2040,1.0501488
GLOBAL,S1D4,RNWSPVKENXX,1,SPVKENXX,2041,1.0501488
GLOBAL,S1D4,RNWSPVKENXX,1,SPVKENXX,2042,1.0501488
GLOBAL,S1D4,RNWSPVKENXX,1,SPVKENXX,2043,1.0501488
GLOBAL,S1D4,RNWSPVKENXX,1,SPVKENXX,2044,1.0501488
GLOBAL,S1D4,RNWWONKENXX,1,WONKENXX,2021,2.5473014784
GLOBAL,S1D4,RNWWONKENXX,1,WONKENXX,2022,1.4190073386716215
GLOBAL,S1D4,RNWWONKENXX,1,WONKENXX,2023,1.3663325578139804
GLOBAL,S1D4,RNWWONKENXX,1,WONKENXX,2024,1.1952805884685518
GLOBAL,S1D4,RNWWONKENXX,1,WONKENXX,2025,2.504652192
GLOBAL,S1D4,RNWWONKENXX,1,WONKENXX,2026,1.7603004286979385
GLOBAL,S1D4,RNWWONKENXX,1,WONKENXX,2027,2.504652192
GLOBAL,S1D4,RNWWONKENXX,1,WONKENXX,2028,2.504652192
GLOBAL,S1D4,RNWWONKENXX,1,WONKENXX,2029,2.504652192
GLOBAL,S1D4,RNWWONKENXX,1,WONKENXX,2030,2.504652192
GLOBAL,S1D4,RNWWONKENXX,1,WONKENXX,2033,2.504652192
GLOBAL,S1D4,RNWWONKENXX,1,WONKENXX,2035,2.504652192
GLOBAL,S1D4,RNWWONKENXX,1,WONKENXX,2036,2.504652192
GLOBAL,S1D4,RNWWONKENXX,1,WONKENXX,2037,2.504652192
GLOBAL,S1D4,RNWWONKENXX,1,WONKENXX,2038,2.504652192
GLOBAL,S1D4,RNWWONKENXX,1,WONKENXX,2040,2.504652192
GLOBAL,S1D4,RNWWONKENXX,1,WONKENXX,2041,2.504652192
GLOBAL,S1D4,RNWWONKENXX,1,WONKENXX,2042,2.504652192
GLOBAL,S1D4,RNWWONKENXX,1,WONKENXX,2044,2.504652192
GLOBAL,S1D4,RNWWONKENXX,1,WONKENXX,2045,2.504652192
GLOBAL,S1D4,RNWWONKENXX,1,WONKENXX,2047,2.504652192
GLOBAL,S1D4,TRNKENXXTZAXX,1,ELCTZAXX01,2023,0.5810946941213417
GLOBAL,S1D4,TRNKENXXTZAXX,2,ELCKENXX01,2021,0.5810946941213417
GLOBAL,S1D4,TRNKENXXTZAXX,2,ELCKENXX01,2022,0.5810946941213417
GLOBAL,S1D5,PWRBIOKENXX01,1,ELCKENXX01,2021,2.270435500888955
GLOBAL,S1D5,PWRBIOKENXX01,1,ELCKENXX01,2022,2.6181826602716134
GLOBAL,S1D5,PWRBIOKENXX01,1,ELCKENXX01,2023,2.707419879413979
GLOBAL,S1D5,PWRBIOKENXX01,1,ELCKENXX01,2024,2.552621564468548
GLOBAL,S1D5,PWRBIOKENXX01,1,ELCKENXX01,2025,2.538062365458797
GLOBAL,S1D5,PWRBIOKENXX01,1,ELCKENXX01,2026,2.8382400000000003
GLOBAL,S1D5,PWRBIOKENXX01,1,ELCKENXX01,2027,1.3445267375729952
GLOBAL,S1D5,PWRBIOKENXX01,1,ELCKENXX01,2028,2.8382400000000003
GLOBAL,S1D5,PWRBIOKENXX01,1,ELCKENXX01,2029,1.6078790541148509
GLOBAL,S1D5,PWRBIOKENXX01,1,ELCKENXX01,2030,2.8382400000000003
GLOBAL,S1D5,PWRBIOKENXX01,1,ELCKENXX01,2031,2.8382400000000003
GLOBAL,S1D5,PWRBIOTZAXX01,1,ELCTZAXX01,2021,0.8419787518138758
GLOBAL,S1D5,PWRBIOTZAXX01,1,ELCTZAXX01,2022,0.8856557346912326
GLOBAL,S1D5,PWRBIOTZAXX01,1,ELCTZAXX01,2023,1.149421804163285
GLOBAL,S1D5,PWRBIOTZAXX01,1,ELCTZAXX01,2024,1.4630659768237353
GLOBAL,S1D5,PWRBIOTZAXX01,1,ELCTZAXX01,2025,1.534696228742584
GLOBAL,S1D5,PWRBIOTZAXX01,1,ELCTZAXX01,2026,2.585896627274804
GLOBAL,S1D5,PWRBIOTZAXX01,1,ELCTZAXX01,2027,3.4344391301991903
GLOBAL,S1D5,PWRBIOTZAXX01,1,ELCTZAXX01,2028,3.5291388875708525
GLOBAL,S1D5,PWRBIOTZAXX01,1,ELCTZAXX01,2029,5.707954909154177
GLOBAL,S1D5,PWRBIOTZAXX01,1,ELCTZAXX01,2030,8.549685833042373
GLOBAL,S1D5,PWRBIOTZAXX01,1,ELCTZAXX01,2031,9.78916421473845
GLOBAL,S1D5,PWRBIOTZAXX01,1,ELCTZAXX01,2032,11.02864259643464
GLOBAL,S1D5,PWRBIOTZAXX01,1,ELCTZAXX01,2033,12.268120978130067
GLOBAL,S1D5,PWRBIOTZAXX01,1,ELCTZAXX01,2034,13.50759935982636
GLOBAL,S1D5,PWRBIOTZAXX01,1,ELCTZAXX01,2035,14.747077741521965
GLOBAL,S1D5,PWRBIOTZAXX01,1,ELCTZAXX01,2036,15.986556123218149
GLOBAL,S1D5,PWRBIOTZAXX01,1,ELCTZAXX01,2037,17.226034504914242
GLOBAL,S1D5,PWRBIOTZAXX01,1,ELCTZAXX01,2038,18.46551288661
GLOBAL,S1D5,PWRBIOTZAXX01,1,ELCTZAXX01,2039,19.704991268305758
GLOBAL,S1D5,PWRBIOTZAXX01,1,ELCTZAXX01,2040,20.944469650001377
GLOBAL,S1D5,PWRBIOTZAXX01,1,ELCTZAXX01,2041,22.74322486246223
GLOBAL,S1D5,PWRBIOTZAXX01,1,ELCTZAXX01,2042,24.541980074923785
GLOBAL,S1D5,PWRBIOTZAXX01,1,ELCTZAXX01,2043,26.340735287384483
GLOBAL,S1D5,PWRBIOTZAXX01,1,ELCTZAXX01,2044,28.139490499845415
GLOBAL,S1D5,PWRBIOTZAXX01,1,ELCTZAXX01,2045,29.938245712306667
GLOBAL,S1D5,PWRBIOTZAXX01,1,ELCTZAXX01,2046,31.73700092476781
GLOBAL,S1D5,PWRBIOTZAXX01,1,ELCTZAXX01,2047,33.53575613722885
GLOBAL,S1D5,PWRBIOTZAXX01,1,ELCTZAXX01,2048,35.33451134969047
GLOBAL,S1D5,PWRBIOTZAXX01,1,ELCTZAXX01,2049,37.133266562151285
GLOBAL,S1D5,PWRBIOTZAXX01,1,ELCTZAXX01,2050,38.932021774612
GLOBAL,S1D5,PWRGEOKENXX01,1,ELCKENXX01,2021,32.99859494290263
GLOBAL,S1D5,PWRGEOKENXX01,1,ELCKENXX01,2022,34.57184007451448
GLOBAL,S1D5,PWRGEOKENXX01,1,ELCKENXX01,2023,34.57184007451448
GLOBAL,S1D5,PWRGEOKENXX01,1,ELCKENXX01,2024,36.3296400297878
GLOBAL,S1D5,PWRGEOKENXX01,1,ELCKENXX01,2025,37.90989265945448
GLOBAL,S1D5,PWRGEOKENXX01,1,ELCKENXX01,2026,104.8446911656375
GLOBAL,S1D5,PWRGEOKENXX01,1,ELCKENXX01,2027,172.29124990324976
GLOBAL,S1D5,PWRGEOKENXX01,1,ELCKENXX01,2028,237.50387560885488
GLOBAL,S1D5,PWRGEOKENXX01,1,ELCKENXX01,2029,307.1843673784743
GLOBAL,S1D5,PWRGEOKENXX01,1,ELCKENXX01,2030,371.08051794462136
GLOBAL,S1D5,PWRGEOKENXX01,1,ELCKENXX01,2031,400.0951164847672
GLOBAL,S1D5,PWRGEOKENXX01,1,ELCKENXX01,2032,431.94795502491326
GLOBAL,S1D5,PWRGEOKENXX01,1,ELCKENXX01,2033,460.9625535650593
GLOBAL,S1D5,PWRGEOKENXX01,1,ELCKENXX01,2034,489.9771521052053
GLOBAL,S1D5,PWRGEOKENXX01,1,ELCKENXX01,2035,522.4219043027693
GLOBAL,S1D5,PWRGEOKENXX01,1,ELCKENXX01,2036,548.0063491854971
GLOBAL,S1D5,PWRGEOKENXX01,1,ELCKENXX01,2037,577.0209477256433
GLOBAL,S1D5,PWRGEOKENXX01,1,ELCKENXX01,2038,606.0355462657893
GLOBAL,S1D5,PWRGEOKENXX01,1,ELCKENXX01,2039,635.0501448059352
GLOBAL,S1D5,PWRGEOKENXX01,1,ELCKENXX01,2040,664.0647433460813
GLOBAL,S1D5,PWRGEOKENXX01,1,ELCKENXX01,2041,707.8603637840374
GLOBAL,S1D5,PWRGEOKENXX01,1,ELCKENXX01,2042,751.6559842219935
GLOBAL,S1D5,PWRGEOKENXX01,1,ELCKENXX01,2043,795.4516046599499
GLOBAL,S1D5,PWRGEOKENXX01,1,ELCKENXX01,2044,839.247225097906
GLOBAL,S1D5,PWRGEOKENXX01,1,ELCKENXX01,2045,883.0428455358624
GLOBAL,S1D5,PWRGEOKENXX01,1,ELCKENXX01,2046,926.8384659738184
GLOBAL,S1D5,PWRGEOKENXX01,1,ELCKENXX01,2047,970.6340864117745
GLOBAL,S1D5,PWRGEOKENXX01,1,ELCKENXX01,2048,1016.9607546737308
GLOBAL,S1D5,PWRGEOKENXX01,1,ELCKENXX01,2049,1060.756375111687
GLOBAL,S1D5,PWRGEOKENXX01,1,ELCKENXX01,2050,1104.5519955496432
GLOBAL,S1D5,PWRGEOTZAXX01,1,ELCTZAXX01,2021,24.690119415043068
GLOBAL,S1D5,PWRGEOTZAXX01,1,ELCTZAXX01,2022,27.93111396501243
GLOBAL,S1D5,PWRGEOTZAXX01,1,ELCTZAXX01,2023,31.957672720193628
GLOBAL,S1D5,PWRGEOTZAXX01,1,ELCTZAXX01,2024,62.86015973800489
GLOBAL,S1D5,PWRGEOTZAXX01,1,ELCTZAXX01,2025,68.17539079995464
GLOBAL,S1D5,PWRGEOTZAXX01,1,ELCTZAXX01,2026,144.97090572988958
GLOBAL,S1D5,PWRGEOTZAXX01,1,ELCTZAXX01,2027,246.338674437744
GLOBAL,S1D5,PWRGEOTZAXX01,1,ELCTZAXX01,2028,347.7064431455985
GLOBAL,S1D5,PWRGEOTZAXX01,1,ELCTZAXX01,2029,448.08530098067934
GLOBAL,S1D5,PWRGEOTZAXX01,1,ELCTZAXX01,2030,548.1632780859882
GLOBAL,S1D5,PWRGEOTZAXX01,1,ELCTZAXX01,2031,591.8143106531973
GLOBAL,S1D5,PWRGEOTZAXX01,1,ELCTZAXX01,2032,635.4653432204061
GLOBAL,S1D5,PWRGEOTZAXX01,1,ELCTZAXX01,2033,679.1163757876159
GLOBAL,S1D5,PWRGEOTZAXX01,1,ELCTZAXX01,2034,722.7674083548246
GLOBAL,S1D5,PWRGEOTZAXX01,1,ELCTZAXX01,2035,766.4184409220343
GLOBAL,S1D5,PWRGEOTZAXX01,1,ELCTZAXX01,2036,810.0694734892433
GLOBAL,S1D5,PWRGEOTZAXX01,1,ELCTZAXX01,2037,853.7205060564521
GLOBAL,S1D5,PWRGEOTZAXX01,1,ELCTZAXX01,2038,897.3715386236614
GLOBAL,S1D5,PWRGEOTZAXX01,1,ELCTZAXX01,2039,941.022571190871
GLOBAL,S1D5,PWRGEOTZAXX01,1,ELCTZAXX01,2040,984.6736037580805
GLOBAL,S1D5,PWRGEOTZAXX01,1,ELCTZAXX01,2041,1048.0208339470794
GLOBAL,S1D5,PWRGEOTZAXX01,1,ELCTZAXX01,2042,1111.3680641360777
GLOBAL,S1D5,PWRGEOTZAXX01,1,ELCTZAXX01,2043,1174.715294325077
GLOBAL,S1D5,PWRGEOTZAXX01,1,ELCTZAXX01,2044,1238.0625245140754
GLOBAL,S1D5,PWRGEOTZAXX01,1,ELCTZAXX01,2045,1301.4097547030742
GLOBAL,S1D5,PWRGEOTZAXX01,1,ELCTZAXX01,2046,1364.7569848920723
GLOBAL,S1D5,PWRGEOTZAXX01,1,ELCTZAXX01,2047,1428.1042150810715
GLOBAL,S1D5,PWRGEOTZAXX01,1,ELCTZAXX01,2048,1491.4514452700698
GLOBAL,S1D5,PWRGEOTZAXX01,1,ELCTZAXX01,2049,1554.798675459069
GLOBAL,S1D5,PWRGEOTZAXX01,1,ELCTZAXX01,2050,1618.145905648068
GLOBAL,S1D5,PWRHYDKENXX01,1,ELCKENXX01,2021,12.23632561824
GLOBAL,S1D5,PWRHYDKENXX01,1,ELCKENXX01,2022,12.23632561824
GLOBAL,S1D5,PWRHYDKENXX01,1,ELCKENXX01,2023,12.23632561824
GLOBAL,S1D5,PWRHYDKENXX01,1,ELCKENXX01,2024,12.23632561824
GLOBAL,S1D5,PWRHYDKENXX01,1,ELCKENXX01,2025,12.23632561824
GLOBAL,S1D5,PWRHYDKENXX01,1,ELCKENXX01,2026,12.23632561824
GLOBAL,S1D5,PWRHYDKENXX01,1,ELCKENXX01,2027,12.23632561824
GLOBAL,S1D5,PWRHYDKENXX01,1,ELCKENXX01,2028,12.23632561824
GLOBAL,S1D5,PWRHYDKENXX01,1,ELCKENXX01,2029,12.23632561824
GLOBAL,S1D5,PWRHYDKENXX01,1,ELCKENXX01,2030,12.23632561824
GLOBAL,S1D5,PWRHYDKENXX01,1,ELCKENXX01,2031,12.23632561824
GLOBAL,S1D5,PWRHYDKENXX01,1,ELCKENXX01,2032,12.23632561824
GLOBAL,S1D5,PWRHYDKENXX01,1,ELCKENXX01,2033,12.23632561824
GLOBAL,S1D5,PWRHYDKENXX01,1,ELCKENXX01,2034,12.23632561824
GLOBAL,S1D5,PWRHYDKENXX01,1,ELCKENXX01,2035,8.806171960821981
GLOBAL,S1D5,PWRHYDKENXX01,1,ELCKENXX01,2036,12.23632561824
GLOBAL,S1D5,PWRHYDKENXX01,1,ELCKENXX01,2037,12.23632561824
GLOBAL,S1D5,PWRHYDKENXX01,1,ELCKENXX01,2038,12.23632561824
GLOBAL,S1D5,PWRHYDKENXX01,1,ELCKENXX01,2039,12.23632561824
GLOBAL,S1D5,PWRHYDKENXX01,1,ELCKENXX01,2040,12.23632561824
GLOBAL,S1D5,PWRHYDKENXX01,1,ELCKENXX01,2041,12.23632561824
GLOBAL,S1D5,PWRHYDKENXX01,1,ELCKENXX01,2042,12.23632561824
GLOBAL,S1D5,PWRHYDKENXX01,1,ELCKENXX01,2043,12.23632561824
GLOBAL,S1D5,PWRHYDKENXX01,1,ELCKENXX01,2044,12.23632561824
GLOBAL,S1D5,PWRHYDKENXX01,1,ELCKENXX01,2045,12.23632561824
GLOBAL,S1D5,PWRHYDKENXX01,1,ELCKENXX01,2046,12.23632561824
GLOBAL,S1D5,PWRHYDKENXX01,1,ELCKENXX01,2047,12.23632561824
GLOBAL,S1D5,PWRHYDKENXX01,1,ELCKENXX01,2048,12.23632561824
GLOBAL,S1D5,PWRHYDKENXX01,1,ELCKENXX01,2049,12.23632561824
GLOBAL,S1D5,PWRHYDKENXX01,1,ELCKENXX01,2050,12.23632561824
GLOBAL,S1D5,PWRHYDTZAXX01,1,ELCTZAXX01,2021,10.107431219477949
GLOBAL,S1D5,PWRHYDTZAXX01,1,ELCTZAXX01,2022,10.107431219477949
GLOBAL,S1D5,PWRHYDTZAXX01,1,ELCTZAXX01,2023,10.107431219477949
GLOBAL,S1D5,PWRHYDTZAXX01,1,ELCTZAXX01,2024,10.107431219477949
GLOBAL,S1D5,PWRHYDTZAXX01,1,ELCTZAXX01,2025,10.107431219477949
GLOBAL,S1D5,PWRHYDTZAXX01,1,ELCTZAXX01,2026,10.107431219477949
GLOBAL,S1D5,PWRHYDTZAXX01,1,ELCTZAXX01,2027,10.810828037896238
GLOBAL,S1D5,PWRHYDTZAXX01,1,ELCTZAXX01,2028,12.268067601867177
GLOBAL,S1D5,PWRHYDTZAXX01,1,ELCTZAXX01,2029,12.6301017744
GLOBAL,S1D5,PWRHYDTZAXX01,1,ELCTZAXX01,2030,12.6301017744
GLOBAL,S1D5,PWRHYDTZAXX01,1,ELCTZAXX01,2031,12.6301017744
GLOBAL,S1D5,PWRHYDTZAXX01,1,ELCTZAXX01,2032,12.6301017744
GLOBAL,S1D5,PWRHYDTZAXX01,1,ELCTZAXX01,2033,12.6301017744
GLOBAL,S1D5,PWRHYDTZAXX01,1,ELCTZAXX01,2034,12.6301017744
GLOBAL,S1D5,PWRHYDTZAXX01,1,ELCTZAXX01,2035,12.6301017744
GLOBAL,S1D5,PWRHYDTZAXX01,1,ELCTZAXX01,2036,12.6301017744
GLOBAL,S1D5,PWRHYDTZAXX01,1,ELCTZAXX01,2037,12.6301017744
GLOBAL,S1D5,PWRHYDTZAXX01,1,ELCTZAXX01,2038,12.6301017744
GLOBAL,S1D5,PWRHYDTZAXX01,1,ELCTZAXX01,2039,12.6301017744
GLOBAL,S1D5,PWRHYDTZAXX01,1,ELCTZAXX01,2040,12.6301017744
GLOBAL,S1D5,PWRHYDTZAXX01,1,ELCTZAXX01,2041,12.6301017744
GLOBAL,S1D5,PWRHYDTZAXX01,1,ELCTZAXX01,2042,12.6301017744
GLOBAL,S1D5,PWRHYDTZAXX01,1,ELCTZAXX01,2043,12.6301017744
GLOBAL,S1D5,PWRHYDTZAXX01,1,ELCTZAXX01,2044,12.6301017744
GLOBAL,S1D5,PWRHYDTZAXX01,1,ELCTZAXX01,2045,12.6301017744
GLOBAL,S1D5,PWRHYDTZAXX01,1,ELCTZAXX01,2046,12.630101774400352
GLOBAL,S1D5,PWRHYDTZAXX01,1,ELCTZAXX01,2047,12.6301017744
GLOBAL,S1D5,PWRHYDTZAXX01,1,ELCTZAXX01,2048,12.6301017744
GLOBAL,S1D5,PWRHYDTZAXX01,1,ELCTZAXX01,2049,12.6301017744
GLOBAL,S1D5,PWRHYDTZAXX01,1,ELCTZAXX01,2050,12.6301017744
GLOBAL,S1D5,PWRTRNKENXX,1,ELCKENXX02,2021,50.364963503649626
GLOBAL,S1D5,PWRTRNKENXX,1,ELCKENXX02,2022,52.55474452554744
GLOBAL,S1D5,PWRTRNKENXX,1,ELCKENXX02,2023,52.06288705056846
GLOBAL,S1D5,PWRTRNKENXX,1,ELCKENXX02,2024,53.64963503649634
GLOBAL,S1D5,PWRTRNKENXX,1,ELCKENXX02,2025,55.21532846715328
GLOBAL,S1D5,PWRTRNKENXX,1,ELCKENXX02,2026,121.53284671532846
GLOBAL,S1D5,PWRTRNKENXX,1,ELCKENXX02,2027,188.32116788321167
GLOBAL,S1D5,PWRTRNKENXX,1,ELCKENXX02,2028,255.10948905109487
GLOBAL,S1D5,PWRTRNKENXX,1,ELCKENXX02,2029,321.897810218978
GLOBAL,S1D5,PWRTRNKENXX,1,ELCKENXX02,2030,388.68613138686146
GLOBAL,S1D5,PWRTRNKENXX,1,ELCKENXX02,2031,417.7007299270072
GLOBAL,S1D5,PWRTRNKENXX,1,ELCKENXX02,2032,446.71532846715326
GLOBAL,S1D5,PWRTRNKENXX,1,ELCKENXX02,2033,475.7299270072992
GLOBAL,S1D5,PWRTRNKENXX,1,ELCKENXX02,2034,504.7445255474452
GLOBAL,S1D5,PWRTRNKENXX,1,ELCKENXX02,2035,533.7591240875913
GLOBAL,S1D5,PWRTRNKENXX,1,ELCKENXX02,2036,562.7737226277371
GLOBAL,S1D5,PWRTRNKENXX,1,ELCKENXX02,2037,591.7883211678832
GLOBAL,S1D5,PWRTRNKENXX,1,ELCKENXX02,2038,620.8029197080292
GLOBAL,S1D5,PWRTRNKENXX,1,ELCKENXX02,2039,649.8175182481751
GLOBAL,S1D5,PWRTRNKENXX,1,ELCKENXX02,2040,678.8321167883212
GLOBAL,S1D5,PWRTRNKENXX,1,ELCKENXX02,2041,722.6277372262774
GLOBAL,S1D5,PWRTRNKENXX,1,ELCKENXX02,2042,766.4233576642334
GLOBAL,S1D5,PWRTRNKENXX,1,ELCKENXX02,2043,810.2189781021898
GLOBAL,S1D5,PWRTRNKENXX,1,ELCKENXX02,2044,854.0145985401459
GLOBAL,S1D5,PWRTRNKENXX,1,ELCKENXX02,2045,897.8102189781021
GLOBAL,S1D5,PWRTRNKENXX,1,ELCKENXX02,2046,941.6058394160584
GLOBAL,S1D5,PWRTRNKENXX,1,ELCKENXX02,2047,985.4014598540144
GLOBAL,S1D5,PWRTRNKENXX,1,ELCKENXX02,2048,1029.197080291971
GLOBAL,S1D5,PWRTRNKENXX,1,ELCKENXX02,2049,1072.992700729927
GLOBAL,S1D5,PWRTRNKENXX,1,ELCKENXX02,2050,1116.7883211678832
GLOBAL,S1D5,PWRTRNTZAXX,1,ELCTZAXX02,2021,35.639529386334885
GLOBAL,S1D5,PWRTRNTZAXX,1,ELCTZAXX02,2022,38.92420091918161
GLOBAL,S1D5,PWRTRNTZAXX,1,ELCTZAXX02,2023,43.7956204379562
GLOBAL,S1D5,PWRTRNTZAXX,1,ELCTZAXX02,2024,74.43065693430657
GLOBAL,S1D5,PWRTRNTZAXX,1,ELCTZAXX02,2025,79.81751824817516
GLOBAL,S1D5,PWRTRNTZAXX,1,ELCTZAXX02,2026,157.66423357664237
GLOBAL,S1D5,PWRTRNTZAXX,1,ELCTZAXX02,2027,260.5839416058394
GLOBAL,S1D5,PWRTRNTZAXX,1,ELCTZAXX02,2028,363.5036496350365
GLOBAL,S1D5,PWRTRNTZAXX,1,ELCTZAXX02,2029,466.4233576642336
GLOBAL,S1D5,PWRTRNTZAXX,1,ELCTZAXX02,2030,569.3430656934305
GLOBAL,S1D5,PWRTRNTZAXX,1,ELCTZAXX02,2031,614.2335766423357
GLOBAL,S1D5,PWRTRNTZAXX,1,ELCTZAXX02,2032,659.1240875912408
GLOBAL,S1D5,PWRTRNTZAXX,1,ELCTZAXX02,2033,704.0145985401459
GLOBAL,S1D5,PWRTRNTZAXX,1,ELCTZAXX02,2034,748.905109489051
GLOBAL,S1D5,PWRTRNTZAXX,1,ELCTZAXX02,2035,793.7956204379561
GLOBAL,S1D5,PWRTRNTZAXX,1,ELCTZAXX02,2036,838.6861313868612
GLOBAL,S1D5,PWRTRNTZAXX,1,ELCTZAXX02,2037,883.5766423357665
GLOBAL,S1D5,PWRTRNTZAXX,1,ELCTZAXX02,2038,928.4671532846717
GLOBAL,S1D5,PWRTRNTZAXX,1,ELCTZAXX02,2039,973.3576642335767
GLOBAL,S1D5,PWRTRNTZAXX,1,ELCTZAXX02,2040,1018.2481751824816
GLOBAL,S1D5,PWRTRNTZAXX,1,ELCTZAXX02,2041,1083.3941605839416
GLOBAL,S1D5,PWRTRNTZAXX,1,ELCTZAXX02,2042,1148.5401459854013
GLOBAL,S1D5,PWRTRNTZAXX,1,ELCTZAXX02,2043,1213.6861313868617
GLOBAL,S1D5,PWRTRNTZAXX,1,ELCTZAXX02,2044,1278.8321167883212
GLOBAL,S1D5,PWRTRNTZAXX,1,ELCTZAXX02,2045,1343.978102189781
GLOBAL,S1D5,PWRTRNTZAXX,1,ELCTZAXX02,2046,1409.1240875912408
GLOBAL,S1D5,PWRTRNTZAXX,1,ELCTZAXX02,2047,1474.2700729927008
GLOBAL,S1D5,PWRTRNTZAXX,1,ELCTZAXX02,2048,1539.4160583941605
GLOBAL,S1D5,PWRTRNTZAXX,1,ELCTZAXX02,2049,1604.5620437956204
GLOBAL,S1D5,PWRTRNTZAXX,1,ELCTZAXX02,2050,1669.7080291970804
GLOBAL,S1D5,PWRWONKENXX01,1,ELCKENXX01,2021,2.2785127474967117
GLOBAL,S1D5,PWRWONKENXX01,1,ELCKENXX01,2022,2.5473014784
GLOBAL,S1D5,PWRWONKENXX01,1,ELCKENXX01,2023,2.5473014784
GLOBAL,S1D5,PWRWONKENXX01,1,ELCKENXX01,2024,2.531047824
GLOBAL,S1D5,PWRWONKENXX01,1,ELCKENXX01,2025,2.531047824
GLOBAL,S1D5,PWRWONKENXX01,1,ELCKENXX01,2026,1.6135899314509683
GLOBAL,S1D5,PWRWONKENXX01,1,ELCKENXX01,2027,2.449065624148908
GLOBAL,S1D5,PWRWONKENXX01,1,ELCKENXX01,2028,2.531047824
GLOBAL,S1D5,PWRWONKENXX01,1,ELCKENXX01,2029,0.8692381681489075
GLOBAL,S1D5,PWRWONKENXX01,1,ELCKENXX01,2030,2.531047824
GLOBAL,S1D5,PWRWONKENXX01,1,ELCKENXX01,2031,2.531047824
GLOBAL,S1D5,PWRWONKENXX01,1,ELCKENXX01,2032,2.531047824
GLOBAL,S1D5,PWRWONKENXX01,1,ELCKENXX01,2033,2.531047824
GLOBAL,S1D5,PWRWONKENXX01,1,ELCKENXX01,2034,2.531047824
GLOBAL,S1D5,PWRWONKENXX01,1,ELCKENXX01,2035,2.531047824
GLOBAL,S1D5,PWRWONKENXX01,1,ELCKENXX01,2036,2.531047824
GLOBAL,S1D5,PWRWONKENXX01,1,ELCKENXX01,2037,2.531047824
GLOBAL,S1D5,PWRWONKENXX01,1,ELCKENXX01,2038,2.531047824
GLOBAL,S1D5,PWRWONKENXX01,1,ELCKENXX01,2039,2.531047824
GLOBAL,S1D5,PWRWONKENXX01,1,ELCKENXX01,2040,2.531047824
GLOBAL,S1D5,PWRWONKENXX01,1,ELCKENXX01,2041,2.531047824
GLOBAL,S1D5,PWRWONKENXX01,1,ELCKENXX01,2042,2.531047824
GLOBAL,S1D5,PWRWONKENXX01,1,ELCKENXX01,2043,2.531047824
GLOBAL,S1D5,PWRWONKENXX01,1,ELCKENXX01,2044,2.531047824
GLOBAL,S1D5,PWRWONKENXX01,1,ELCKENXX01,2045,2.531047824
GLOBAL,S1D5,PWRWONKENXX01,1,ELCKENXX01,2046,2.531047824
GLOBAL,S1D5,PWRWONKENXX01,1,ELCKENXX01,2047,2.531047824
GLOBAL,S1D5,RNWBIOKENXX,1,BIOKENXX,2021,7.174576182809098
GLOBAL,S1D5,RNWBIOKENXX,1,BIOKENXX,2022,8.2734572064583
GLOBAL,S1D5,RNWBIOKENXX,1,BIOKENXX,2023,8.555446818948173
GLOBAL,S1D5,RNWBIOKENXX,1,BIOKENXX,2024,8.066284143720614
GLOBAL,S1D5,RNWBIOKENXX,1,BIOKENXX,2025,8.0202770748498
GLOBAL,S1D5,RNWBIOKENXX,1,BIOKENXX,2026,8.9688384
GLOBAL,S1D5,RNWBIOKENXX,1,BIOKENXX,2027,4.248704490730665
GLOBAL,S1D5,RNWBIOKENXX,1,BIOKENXX,2028,8.9688384
GLOBAL,S1D5,RNWBIOKENXX,1,BIOKENXX,2029,5.080897811002928
GLOBAL,S1D5,RNWBIOKENXX,1,BIOKENXX,2030,8.9688384
GLOBAL,S1D5,RNWBIOKENXX,1,BIOKENXX,2031,8.9688384
GLOBAL,S1D5,RNWBIOTZAXX,1,BIOTZAXX,2021,2.8037892435402068
GLOBAL,S1D5,RNWBIOTZAXX,1,BIOTZAXX,2022,2.9492335965218044
GLOBAL,S1D5,RNWBIOTZAXX,1,BIOTZAXX,2023,3.82757460786374
GLOBAL,S1D5,RNWBIOTZAXX,1,BIOTZAXX,2024,4.872009702823039
GLOBAL,S1D5,RNWBIOTZAXX,1,BIOTZAXX,2025,5.110538441712805
GLOBAL,S1D5,RNWBIOTZAXX,1,BIOTZAXX,2026,8.611035768825097
GLOBAL,S1D5,RNWBIOTZAXX,1,BIOTZAXX,2027,11.436682303563304
GLOBAL,S1D5,RNWBIOTZAXX,1,BIOTZAXX,2028,11.75203249561094
GLOBAL,S1D5,RNWBIOTZAXX,1,BIOTZAXX,2029,19.00748984748341
GLOBAL,S1D5,RNWBIOTZAXX,1,BIOTZAXX,2030,28.470453824031097
GLOBAL,S1D5,RNWBIOTZAXX,1,BIOTZAXX,2031,32.59791683507904
GLOBAL,S1D5,RNWBIOTZAXX,1,BIOTZAXX,2032,36.72537984612735
GLOBAL,S1D5,RNWBIOTZAXX,1,BIOTZAXX,2033,40.85284285717313
GLOBAL,S1D5,RNWBIOTZAXX,1,BIOTZAXX,2034,44.98030586822178
GLOBAL,S1D5,RNWBIOTZAXX,1,BIOTZAXX,2035,49.107768879268136
GLOBAL,S1D5,RNWBIOTZAXX,1,BIOTZAXX,2036,53.23523189031643
GLOBAL,S1D5,RNWBIOTZAXX,1,BIOTZAXX,2037,57.36269490136442
GLOBAL,S1D5,RNWBIOTZAXX,1,BIOTZAXX,2038,61.490157912411526
GLOBAL,S1D5,RNWBIOTZAXX,1,BIOTZAXX,2039,65.61762092345816
GLOBAL,S1D5,RNWBIOTZAXX,1,BIOTZAXX,2040,69.74508393450459
GLOBAL,S1D5,RNWBIOTZAXX,1,BIOTZAXX,2041,75.73493879199923
GLOBAL,S1D5,RNWBIOTZAXX,1,BIOTZAXX,2042,81.72479364949581
GLOBAL,S1D5,RNWBIOTZAXX,1,BIOTZAXX,2043,87.71464850698993
GLOBAL,S1D5,RNWBIOTZAXX,1,BIOTZAXX,2044,93.70450336448525
GLOBAL,S1D5,RNWBIOTZAXX,1,BIOTZAXX,2045,99.69435822198209
GLOBAL,S1D5,RNWBIOTZAXX,1,BIOTZAXX,2046,105.68421307947682
GLOBAL,S1D5,RNWBIOTZAXX,1,BIOTZAXX,2047,111.67406793697418
GLOBAL,S1D5,RNWBIOTZAXX,1,BIOTZAXX,2048,117.66392279446929
GLOBAL,S1D5,RNWBIOTZAXX,1,BIOTZAXX,2049,123.65377765196531
GLOBAL,S1D5,RNWBIOTZAXX,1,BIOTZAXX,2050,129.6436325094595
GLOBAL,S1D5,RNWGEOKENXX,1,GEOKENXX,2021,32.99859494290263
GLOBAL,S1D5,RNWGEOKENXX,1,GEOKENXX,2022,34.57184007451448
GLOBAL,S1D5,RNWGEOKENXX,1,GEOKENXX,2023,34.57184007451448
GLOBAL,S1D5,RNWGEOKENXX,1,GEOKENXX,2024,36.3296400297878
GLOBAL,S1D5,RNWGEOKENXX,1,GEOKENXX,2025,37.90989265945448
GLOBAL,S1D5,RNWGEOKENXX,1,GEOKENXX,2026,104.8446911656375
GLOBAL,S1D5,RNWGEOKENXX,1,GEOKENXX,2027,172.29124990324976
GLOBAL,S1D5,RNWGEOKENXX,1,GEOKENXX,2028,237.50387560885488
GLOBAL,S1D5,RNWGEOKENXX,1,GEOKENXX,2029,307.1843673784743
GLOBAL,S1D5,RNWGEOKENXX,1,GEOKENXX,2030,371.08051794462136
GLOBAL,S1D5,RNWGEOKENXX,1,GEOKENXX,2031,400.0951164847672
GLOBAL,S1D5,RNWGEOKENXX,1,GEOKENXX,2032,431.94795502491326
GLOBAL,S1D5,RNWGEOKENXX,1,GEOKENXX,2033,460.9625535650593
GLOBAL,S1D5,RNWGEOKENXX,1,GEOKENXX,2034,489.9771521052053
GLOBAL,S1D5,RNWGEOKENXX,1,GEOKENXX,2035,522.4219043027693
GLOBAL,S1D5,RNWGEOKENXX,1,GEOKENXX,2036,548.0063491854971
GLOBAL,S1D5,RNWGEOKENXX,1,GEOKENXX,2037,577.0209477256433
GLOBAL,S1D5,RNWGEOKENXX,1,GEOKENXX,2038,606.0355462657893
GLOBAL,S1D5,RNWGEOKENXX,1,GEOKENXX,2039,635.0501448059352
GLOBAL,S1D5,RNWGEOKENXX,1,GEOKENXX,2040,664.0647433460813
GLOBAL,S1D5,RNWGEOKENXX,1,GEOKENXX,2041,707.8603637840374
GLOBAL,S1D5,RNWGEOKENXX,1,GEOKENXX,2042,751.6559842219935
GLOBAL,S1D5,RNWGEOKENXX,1,GEOKENXX,2043,795.4516046599499
GLOBAL,S1D5,RNWGEOKENXX,1,GEOKENXX,2044,839.247225097906
GLOBAL,S1D5,RNWGEOKENXX,1,GEOKENXX,2045,883.0428455358624
GLOBAL,S1D5,RNWGEOKENXX,1,GEOKENXX,2046,926.8384659738184
GLOBAL,S1D5,RNWGEOKENXX,1,GEOKENXX,2047,970.6340864117745
GLOBAL,S1D5,RNWGEOKENXX,1,GEOKENXX,2048,1016.9607546737308
GLOBAL,S1D5,RNWGEOKENXX,1,GEOKENXX,2049,1060.756375111687
GLOBAL,S1D5,RNWGEOKENXX,1,GEOKENXX,2050,1104.5519955496432
GLOBAL,S1D5,RNWGEOTZAXX,1,GEOTZAXX,2021,24.690119415043064
GLOBAL,S1D5,RNWGEOTZAXX,1,GEOTZAXX,2022,27.93111396501243
GLOBAL,S1D5,RNWGEOTZAXX,1,GEOTZAXX,2023,31.957672720193628
GLOBAL,S1D5,RNWGEOTZAXX,1,GEOTZAXX,2024,62.86015973800489
GLOBAL,S1D5,RNWGEOTZAXX,1,GEOTZAXX,2025,68.17539079995464
GLOBAL,S1D5,RNWGEOTZAXX,1,GEOTZAXX,2026,144.97090572988958
GLOBAL,S1D5,RNWGEOTZAXX,1,GEOTZAXX,2027,246.338674437744
GLOBAL,S1D5,RNWGEOTZAXX,1,GEOTZAXX,2028,347.7064431455985
GLOBAL,S1D5,RNWGEOTZAXX,1,GEOTZAXX,2029,448.08530098067934
GLOBAL,S1D5,RNWGEOTZAXX,1,GEOTZAXX,2030,548.1632780859882
GLOBAL,S1D5,RNWGEOTZAXX,1,GEOTZAXX,2031,591.8143106531973
GLOBAL,S1D5,RNWGEOTZAXX,1,GEOTZAXX,2032,635.4653432204065
GLOBAL,S1D5,RNWGEOTZAXX,1,GEOTZAXX,2033,679.1163757876158
GLOBAL,S1D5,RNWGEOTZAXX,1,GEOTZAXX,2034,722.767408354825
GLOBAL,S1D5,RNWGEOTZAXX,1,GEOTZAXX,2035,766.4184409220343
GLOBAL,S1D5,RNWGEOTZAXX,1,GEOTZAXX,2036,810.0694734892433
GLOBAL,S1D5,RNWGEOTZAXX,1,GEOTZAXX,2037,853.7205060564521
GLOBAL,S1D5,RNWGEOTZAXX,1,GEOTZAXX,2038,897.3715386236614
GLOBAL,S1D5,RNWGEOTZAXX,1,GEOTZAXX,2039,941.0225711908713
GLOBAL,S1D5,RNWGEOTZAXX,1,GEOTZAXX,2040,984.6736037580805
GLOBAL,S1D5,RNWGEOTZAXX,1,GEOTZAXX,2041,1048.0208339470794
GLOBAL,S1D5,RNWGEOTZAXX,1,GEOTZAXX,2042,1111.3680641360777
GLOBAL,S1D5,RNWGEOTZAXX,1,GEOTZAXX,2043,1174.715294325077
GLOBAL,S1D5,RNWGEOTZAXX,1,GEOTZAXX,2044,1238.0625245140743
GLOBAL,S1D5,RNWGEOTZAXX,1,GEOTZAXX,2045,1301.4097547030742
GLOBAL,S1D5,RNWGEOTZAXX,1,GEOTZAXX,2046,1364.7569848920732
GLOBAL,S1D5,RNWGEOTZAXX,1,GEOTZAXX,2047,1428.1042150810715
GLOBAL,S1D5,RNWGEOTZAXX,1,GEOTZAXX,2048,1491.45144527007
GLOBAL,S1D5,RNWGEOTZAXX,1,GEOTZAXX,2049,1554.798675459069
GLOBAL,S1D5,RNWGEOTZAXX,1,GEOTZAXX,2050,1618.145905648068
GLOBAL,S1D5,RNWHYDKENXX,1,HYDKENXX,2021,12.23632561824
GLOBAL,S1D5,RNWHYDKENXX,1,HYDKENXX,2022,12.23632561824
GLOBAL,S1D5,RNWHYDKENXX,1,HYDKENXX,2023,12.23632561824
GLOBAL,S1D5,RNWHYDKENXX,1,HYDKENXX,2024,12.23632561824
GLOBAL,S1D5,RNWHYDKENXX,1,HYDKENXX,2025,12.23632561824
GLOBAL,S1D5,RNWHYDKENXX,1,HYDKENXX,2026,12.23632561824
GLOBAL,S1D5,RNWHYDKENXX,1,HYDKENXX,2027,12.23632561824
GLOBAL,S1D5,RNWHYDKENXX,1,HYDKENXX,2028,12.23632561824
GLOBAL,S1D5,RNWHYDKENXX,1,HYDKENXX,2029,12.23632561824
GLOBAL,S1D5,RNWHYDKENXX,1,HYDKENXX,2030,12.23632561824
GLOBAL,S1D5,RNWHYDKENXX,1,HYDKENXX,2031,12.23632561824
GLOBAL,S1D5,RNWHYDKENXX,1,HYDKENXX,2032,12.23632561824
GLOBAL,S1D5,RNWHYDKENXX,1,HYDKENXX,2033,12.23632561824
GLOBAL,S1D5,RNWHYDKENXX,1,HYDKENXX,2034,12.23632561824
GLOBAL,S1D5,RNWHYDKENXX,1,HYDKENXX,2035,8.806171960821981
GLOBAL,S1D5,RNWHYDKENXX,1,HYDKENXX,2036,12.23632561824
GLOBAL,S1D5,RNWHYDKENXX,1,HYDKENXX,2037,12.23632561824
GLOBAL,S1D5,RNWHYDKENXX,1,HYDKENXX,2038,12.23632561824
GLOBAL,S1D5,RNWHYDKENXX,1,HYDKENXX,2039,12.23632561824
GLOBAL,S1D5,RNWHYDKENXX,1,HYDKENXX,2040,12.23632561824
GLOBAL,S1D5,RNWHYDKENXX,1,HYDKENXX,2041,12.23632561824
GLOBAL,S1D5,RNWHYDKENXX,1,HYDKENXX,2042,12.23632561824
GLOBAL,S1D5,RNWHYDKENXX,1,HYDKENXX,2043,12.23632561824
GLOBAL,S1D5,RNWHYDKENXX,1,HYDKENXX,2044,12.23632561824
GLOBAL,S1D5,RNWHYDKENXX,1,HYDKENXX,2045,12.23632561824
GLOBAL,S1D5,RNWHYDKENXX,1,HYDKENXX,2046,12.23632561824
GLOBAL,S1D5,RNWHYDKENXX,1,HYDKENXX,2047,12.23632561824
GLOBAL,S1D5,RNWHYDKENXX,1,HYDKENXX,2048,12.23632561824
GLOBAL,S1D5,RNWHYDKENXX,1,HYDKENXX,2049,12.23632561824
GLOBAL,S1D5,RNWHYDKENXX,1,HYDKENXX,2050,12.23632561824
GLOBAL,S1D5,RNWHYDTZAXX,1,HYDTZAXX,2021,10.107431219477949
GLOBAL,S1D5,RNWHYDTZAXX,1,HYDTZAXX,2022,10.107431219477949
GLOBAL,S1D5,RNWHYDTZAXX,1,HYDTZAXX,2023,10.107431219477949
GLOBAL,S1D5,RNWHYDTZAXX,1,HYDTZAXX,2024,10.107431219477949
GLOBAL,S1D5,RNWHYDTZAXX,1,HYDTZAXX,2025,10.107431219477949
GLOBAL,S1D5,RNWHYDTZAXX,1,HYDTZAXX,2026,10.107431219477949
GLOBAL,S1D5,RNWHYDTZAXX,1,HYDTZAXX,2027,10.81082803789624
GLOBAL,S1D5,RNWHYDTZAXX,1,HYDTZAXX,2028,12.268067601867177
GLOBAL,S1D5,RNWHYDTZAXX,1,HYDTZAXX,2029,12.6301017744
GLOBAL,S1D5,RNWHYDTZAXX,1,HYDTZAXX,2030,12.6301017744
GLOBAL,S1D5,RNWHYDTZAXX,1,HYDTZAXX,2031,12.6301017744
GLOBAL,S1D5,RNWHYDTZAXX,1,HYDTZAXX,2032,12.6301017744
GLOBAL,S1D5,RNWHYDTZAXX,1,HYDTZAXX,2033,12.6301017744
GLOBAL,S1D5,RNWHYDTZAXX,1,HYDTZAXX,2034,12.6301017744
GLOBAL,S1D5,RNWHYDTZAXX,1,HYDTZAXX,2035,12.6301017744
GLOBAL,S1D5,RNWHYDTZAXX,1,HYDTZAXX,2036,12.6301017744
GLOBAL,S1D5,RNWHYDTZAXX,1,HYDTZAXX,2037,12.6301017744
GLOBAL,S1D5,RNWHYDTZAXX,1,HYDTZAXX,2038,12.6301017744
GLOBAL,S1D5,RNWHYDTZAXX,1,HYDTZAXX,2039,12.6301017744
GLOBAL,S1D5,RNWHYDTZAXX,1,HYDTZAXX,2040,12.6301017744
GLOBAL,S1D5,RNWHYDTZAXX,1,HYDTZAXX,2041,12.6301017744
GLOBAL,S1D5,RNWHYDTZAXX,1,HYDTZAXX,2042,12.6301017744
GLOBAL,S1D5,RNWHYDTZAXX,1,HYDTZAXX,2043,12.6301017744
GLOBAL,S1D5,RNWHYDTZAXX,1,HYDTZAXX,2044,12.6301017744
GLOBAL,S1D5,RNWHYDTZAXX,1,HYDTZAXX,2045,12.6301017744
GLOBAL,S1D5,RNWHYDTZAXX,1,HYDTZAXX,2046,12.630101774400352
GLOBAL,S1D5,RNWHYDTZAXX,1,HYDTZAXX,2047,12.6301017744
GLOBAL,S1D5,RNWHYDTZAXX,1,HYDTZAXX,2048,12.6301017744
GLOBAL,S1D5,RNWHYDTZAXX,1,HYDTZAXX,2049,12.6301017744
GLOBAL,S1D5,RNWHYDTZAXX,1,HYDTZAXX,2050,12.6301017744
GLOBAL,S1D5,RNWWONKENXX,1,WONKENXX,2021,2.2785127474967117
GLOBAL,S1D5,RNWWONKENXX,1,WONKENXX,2022,2.5473014784
GLOBAL,S1D5,RNWWONKENXX,1,WONKENXX,2023,2.5473014784
GLOBAL,S1D5,RNWWONKENXX,1,WONKENXX,2024,2.531047824
GLOBAL,S1D5,RNWWONKENXX,1,WONKENXX,2025,2.531047824
GLOBAL,S1D5,RNWWONKENXX,1,WONKENXX,2026,1.6135899314509683
GLOBAL,S1D5,RNWWONKENXX,1,WONKENXX,2027,2.449065624148908
GLOBAL,S1D5,RNWWONKENXX,1,WONKENXX,2028,2.531047824
GLOBAL,S1D5,RNWWONKENXX,1,WONKENXX,2029,0.8692381681489075
GLOBAL,S1D5,RNWWONKENXX,1,WONKENXX,2030,2.531047824
GLOBAL,S1D5,RNWWONKENXX,1,WONKENXX,2031,2.531047824
GLOBAL,S1D5,RNWWONKENXX,1,WONKENXX,2032,2.531047824
GLOBAL,S1D5,RNWWONKENXX,1,WONKENXX,2033,2.531047824
GLOBAL,S1D5,RNWWONKENXX,1,WONKENXX,2034,2.531047824
GLOBAL,S1D5,RNWWONKENXX,1,WONKENXX,2035,2.531047824
GLOBAL,S1D5,RNWWONKENXX,1,WONKENXX,2036,2.531047824
GLOBAL,S1D5,RNWWONKENXX,1,WONKENXX,2037,2.531047824
GLOBAL,S1D5,RNWWONKENXX,1,WONKENXX,2038,2.531047824
GLOBAL,S1D5,RNWWONKENXX,1,WONKENXX,2039,2.531047824
GLOBAL,S1D5,RNWWONKENXX,1,WONKENXX,2040,2.531047824
GLOBAL,S1D5,RNWWONKENXX,1,WONKENXX,2041,2.531047824
GLOBAL,S1D5,RNWWONKENXX,1,WONKENXX,2042,2.531047824
GLOBAL,S1D5,RNWWONKENXX,1,WONKENXX,2043,2.531047824
GLOBAL,S1D5,RNWWONKENXX,1,WONKENXX,2044,2.531047824
GLOBAL,S1D5,RNWWONKENXX,1,WONKENXX,2045,2.531047824
GLOBAL,S1D5,RNWWONKENXX,1,WONKENXX,2046,2.531047824
GLOBAL,S1D5,RNWWONKENXX,1,WONKENXX,2047,2.531047824
GLOBAL,S1D5,TRNKENXXTZAXX,1,ELCTZAXX01,2023,0.5810946941213417
GLOBAL,S1D5,TRNKENXXTZAXX,2,ELCKENXX01,2021,0.5810946941213417
GLOBAL,S1D5,TRNKENXXTZAXX,2,ELCKENXX01,2022,0.5810946941213417
GLOBAL,S1D6,PWRBIOTZAXX01,1,ELCTZAXX01,2021,3.5291388875708534
GLOBAL,S1D6,PWRBIOTZAXX01,1,ELCTZAXX01,2022,3.5291388875708534
GLOBAL,S1D6,PWRBIOTZAXX01,1,ELCTZAXX01,2024,2.7954544328222704
GLOBAL,S1D6,PWRBIOTZAXX01,1,ELCTZAXX01,2026,0.15355794318344823
GLOBAL,S1D6,PWRBIOTZAXX01,1,ELCTZAXX01,2050,0.10189298889999394
GLOBAL,S1D6,PWRGEOKENXX01,1,ELCKENXX01,2021,30.932487750445084
GLOBAL,S1D6,PWRGEOKENXX01,1,ELCKENXX01,2022,21.00883985157853
GLOBAL,S1D6,PWRGEOKENXX01,1,ELCKENXX01,2023,21.410365793512888
GLOBAL,S1D6,PWRGEOKENXX01,1,ELCKENXX01,2024,22.302708335743876
GLOBAL,S1D6,PWRGEOKENXX01,1,ELCKENXX01,2025,22.670475007862187
GLOBAL,S1D6,PWRGEOKENXX01,1,ELCKENXX01,2026,69.80487918920436
GLOBAL,S1D6,PWRGEOKENXX01,1,ELCKENXX01,2027,125.54744525547444
GLOBAL,S1D6,PWRGEOKENXX01,1,ELCKENXX01,2028,155.9332487304899
GLOBAL,S1D6,PWRGEOKENXX01,1,ELCKENXX01,2029,202.36221452774535
GLOBAL,S1D6,PWRGEOKENXX01,1,ELCKENXX01,2030,246.55425737285196
GLOBAL,S1D6,PWRGEOKENXX01,1,ELCKENXX01,2031,264.3274093144315
GLOBAL,S1D6,PWRGEOKENXX01,1,ELCKENXX01,2032,284.73105082371325
GLOBAL,S1D6,PWRGEOKENXX01,1,ELCKENXX01,2033,315.51582229240586
GLOBAL,S1D6,PWRGEOKENXX01,1,ELCKENXX01,2034,323.41718221057454
GLOBAL,S1D6,PWRGEOKENXX01,1,ELCKENXX01,2035,341.9656280610272
GLOBAL,S1D6,PWRGEOKENXX01,1,ELCKENXX01,2036,361.0427377815848
GLOBAL,S1D6,PWRGEOKENXX01,1,ELCKENXX01,2037,392.62212909325547
GLOBAL,S1D6,PWRGEOKENXX01,1,ELCKENXX01,2038,399.72886916844607
GLOBAL,S1D6,PWRGEOKENXX01,1,ELCKENXX01,2039,431.3082604801168
GLOBAL,S1D6,PWRGEOKENXX01,1,ELCKENXX01,2040,450.6513261735474
GLOBAL,S1D6,PWRGEOKENXX01,1,ELCKENXX01,2041,468.51955409235205
GLOBAL,S1D6,PWRGEOKENXX01,1,ELCKENXX01,2042,497.0751171121221
GLOBAL,S1D6,PWRGEOKENXX01,1,ELCKENXX01,2043,527.066817247071
GLOBAL,S1D6,PWRGEOKENXX01,1,ELCKENXX01,2044,555.2033217231907
GLOBAL,S1D6,PWRGEOKENXX01,1,ELCKENXX01,2045,596.6367276334015
GLOBAL,S1D6,PWRGEOKENXX01,1,ELCKENXX01,2046,626.8943837412234
GLOBAL,S1D6,PWRGEOKENXX01,1,ELCKENXX01,2047,642.7945625991031
GLOBAL,S1D6,PWRGEOKENXX01,1,ELCKENXX01,2048,673.8950612430739
GLOBAL,S1D6,PWRGEOKENXX01,1,ELCKENXX01,2049,703.0921415350447
GLOBAL,S1D6,PWRGEOKENXX01,1,ELCKENXX01,2050,733.1966950720893
GLOBAL,S1D6,PWRGEOTZAXX01,1,ELCTZAXX01,2021,10.324127162497772
GLOBAL,S1D6,PWRGEOTZAXX01,1,ELCTZAXX01,2022,12.51390818439558
GLOBAL,S1D6,PWRGEOTZAXX01,1,ELCTZAXX01,2023,18.50855437837152
GLOBAL,S1D6,PWRGEOTZAXX01,1,ELCTZAXX01,2024,36.71755230390416
GLOBAL,S1D6,PWRGEOTZAXX01,1,ELCTZAXX01,2025,43.10424761263884
GLOBAL,S1D6,PWRGEOTZAXX01,1,ELCTZAXX01,2026,94.8484998884335
GLOBAL,S1D6,PWRGEOTZAXX01,1,ELCTZAXX01,2027,162.91179969933
GLOBAL,S1D6,PWRGEOTZAXX01,1,ELCTZAXX01,2028,242.33576642335763
GLOBAL,S1D6,PWRGEOTZAXX01,1,ELCTZAXX01,2029,300.82472489022126
GLOBAL,S1D6,PWRGEOTZAXX01,1,ELCTZAXX01,2030,366.9319420212205
GLOBAL,S1D6,PWRGEOTZAXX01,1,ELCTZAXX01,2031,396.85894932049047
GLOBAL,S1D6,PWRGEOTZAXX01,1,ELCTZAXX01,2032,426.7859566197605
GLOBAL,S1D6,PWRGEOTZAXX01,1,ELCTZAXX01,2033,456.7129639190306
GLOBAL,S1D6,PWRGEOTZAXX01,1,ELCTZAXX01,2034,486.63997121830073
GLOBAL,S1D6,PWRGEOTZAXX01,1,ELCTZAXX01,2035,516.5669785175708
GLOBAL,S1D6,PWRGEOTZAXX01,1,ELCTZAXX01,2036,546.4939858168408
GLOBAL,S1D6,PWRGEOTZAXX01,1,ELCTZAXX01,2037,576.4209931161109
GLOBAL,S1D6,PWRGEOTZAXX01,1,ELCTZAXX01,2038,608.8539219705119
GLOBAL,S1D6,PWRGEOTZAXX01,1,ELCTZAXX01,2039,638.7809292697847
GLOBAL,S1D6,PWRGEOTZAXX01,1,ELCTZAXX01,2040,666.2020150139213
GLOBAL,S1D6,PWRGEOTZAXX01,1,ELCTZAXX01,2041,709.6326719482278
GLOBAL,S1D6,PWRGEOTZAXX01,1,ELCTZAXX01,2042,753.0633288825344
GLOBAL,S1D6,PWRGEOTZAXX01,1,ELCTZAXX01,2043,796.4939858168409
GLOBAL,S1D6,PWRGEOTZAXX01,1,ELCTZAXX01,2044,839.9246427511474
GLOBAL,S1D6,PWRGEOTZAXX01,1,ELCTZAXX01,2045,883.355299685454
GLOBAL,S1D6,PWRGEOTZAXX01,1,ELCTZAXX01,2046,926.78595661976
GLOBAL,S1D6,PWRGEOTZAXX01,1,ELCTZAXX01,2047,970.2166135540675
GLOBAL,S1D6,PWRGEOTZAXX01,1,ELCTZAXX01,2048,1013.647270488374
GLOBAL,S1D6,PWRGEOTZAXX01,1,ELCTZAXX01,2049,1057.0779274226802
GLOBAL,S1D6,PWRGEOTZAXX01,1,ELCTZAXX01,2050,1100.4066913680874
GLOBAL,S1D6,PWRHYDKENXX01,1,ELCKENXX01,2022,12.23632561824
GLOBAL,S1D6,PWRHYDKENXX01,1,ELCKENXX01,2023,12.23632561824
GLOBAL,S1D6,PWRHYDKENXX01,1,ELCKENXX01,2024,12.23632561824
GLOBAL,S1D6,PWRHYDKENXX01,1,ELCKENXX01,2025,12.23632561824
GLOBAL,S1D6,PWRHYDKENXX01,1,ELCKENXX01,2026,11.217018621014624
GLOBAL,S1D6,PWRHYDKENXX01,1,ELCKENXX01,2028,12.23632561824
GLOBAL,S1D6,PWRHYDKENXX01,1,ELCKENXX01,2029,12.23632561824
GLOBAL,S1D6,PWRHYDKENXX01,1,ELCKENXX01,2030,12.23632561824
GLOBAL,S1D6,PWRHYDKENXX01,1,ELCKENXX01,2031,12.23632561824
GLOBAL,S1D6,PWRHYDKENXX01,1,ELCKENXX01,2032,12.23632561824
GLOBAL,S1D6,PWRHYDKENXX01,1,ELCKENXX01,2034,12.23632561824
GLOBAL,S1D6,PWRHYDKENXX01,1,ELCKENXX01,2035,12.23632561824
GLOBAL,S1D6,PWRHYDKENXX01,1,ELCKENXX01,2036,12.23632561824
GLOBAL,S1D6,PWRHYDKENXX01,1,ELCKENXX01,2038,12.23632561824
GLOBAL,S1D6,PWRHYDKENXX01,1,ELCKENXX01,2041,11.328852373166162
GLOBAL,S1D6,PWRHYDKENXX01,1,ELCKENXX01,2042,12.23632561824
GLOBAL,S1D6,PWRHYDKENXX01,1,ELCKENXX01,2043,12.23632561824
GLOBAL,S1D6,PWRHYDKENXX01,1,ELCKENXX01,2044,12.23632561824
GLOBAL,S1D6,PWRHYDKENXX01,1,ELCKENXX01,2047,12.23632561824
GLOBAL,S1D6,PWRHYDKENXX01,1,ELCKENXX01,2048,12.23632561824
GLOBAL,S1D6,PWRHYDKENXX01,1,ELCKENXX01,2049,12.23632561824
GLOBAL,S1D6,PWRHYDKENXX01,1,ELCKENXX01,2050,11.328852373166162
GLOBAL,S1D6,PWRHYDTZAXX01,1,ELCTZAXX01,2021,10.107431219477949
GLOBAL,S1D6,PWRHYDTZAXX01,1,ELCTZAXX01,2022,10.107431219477949
GLOBAL,S1D6,PWRHYDTZAXX01,1,ELCTZAXX01,2023,10.107431219477949
GLOBAL,S1D6,PWRHYDTZAXX01,1,ELCTZAXX01,2024,10.107431219477949
GLOBAL,S1D6,PWRHYDTZAXX01,1,ELCTZAXX01,2025,10.107431219477949
GLOBAL,S1D6,PWRHYDTZAXX01,1,ELCTZAXX01,2026,10.107431219477949
GLOBAL,S1D6,PWRHYDTZAXX01,1,ELCTZAXX01,2027,10.810828037896238
GLOBAL,S1D6,PWRHYDTZAXX01,1,ELCTZAXX01,2029,10.1241802192677
GLOBAL,S1D6,PWRHYDTZAXX01,1,ELCTZAXX01,2030,12.6301017744
GLOBAL,S1D6,PWRHYDTZAXX01,1,ELCTZAXX01,2031,12.6301017744
GLOBAL,S1D6,PWRHYDTZAXX01,1,ELCTZAXX01,2032,12.6301017744
GLOBAL,S1D6,PWRHYDTZAXX01,1,ELCTZAXX01,2033,12.6301017744
GLOBAL,S1D6,PWRHYDTZAXX01,1,ELCTZAXX01,2034,12.6301017744
GLOBAL,S1D6,PWRHYDTZAXX01,1,ELCTZAXX01,2035,12.6301017744
GLOBAL,S1D6,PWRHYDTZAXX01,1,ELCTZAXX01,2036,12.6301017744
GLOBAL,S1D6,PWRHYDTZAXX01,1,ELCTZAXX01,2037,12.6301017744
GLOBAL,S1D6,PWRHYDTZAXX01,1,ELCTZAXX01,2038,10.124180219269062
GLOBAL,S1D6,PWRHYDTZAXX01,1,ELCTZAXX01,2039,10.124180219266467
GLOBAL,S1D6,PWRHYDTZAXX01,1,ELCTZAXX01,2040,12.6301017744
GLOBAL,S1D6,PWRHYDTZAXX01,1,ELCTZAXX01,2041,12.6301017744
GLOBAL,S1D6,PWRHYDTZAXX01,1,ELCTZAXX01,2042,12.6301017744
GLOBAL,S1D6,PWRHYDTZAXX01,1,ELCTZAXX01,2043,12.6301017744
GLOBAL,S1D6,PWRHYDTZAXX01,1,ELCTZAXX01,2044,12.6301017744
GLOBAL,S1D6,PWRHYDTZAXX01,1,ELCTZAXX01,2045,12.6301017744
GLOBAL,S1D6,PWRHYDTZAXX01,1,ELCTZAXX01,2046,12.630101774400352
GLOBAL,S1D6,PWRHYDTZAXX01,1,ELCTZAXX01,2047,12.630101774399575
GLOBAL,S1D6,PWRHYDTZAXX01,1,ELCTZAXX01,2048,12.630101774399575
GLOBAL,S1D6,PWRHYDTZAXX01,1,ELCTZAXX01,2049,12.6301017744
GLOBAL,S1D6,PWRHYDTZAXX01,1,ELCTZAXX01,2050,12.630101774399575
GLOBAL,S1D6,PWRTRNKENXX,1,ELCKENXX02,2021,33.57664233576642
GLOBAL,S1D6,PWRTRNKENXX,1,ELCKENXX02,2022,35.03649635036496
GLOBAL,S1D6,PWRTRNKENXX,1,ELCKENXX02,2023,34.90960237903562
GLOBAL,S1D6,PWRTRNKENXX,1,ELCKENXX02,2024,35.76642335766423
GLOBAL,S1D6,PWRTRNKENXX,1,ELCKENXX02,2025,36.810218978102185
GLOBAL,S1D6,PWRTRNKENXX,1,ELCKENXX02,2026,81.02189781021897
GLOBAL,S1D6,PWRTRNKENXX,1,ELCKENXX02,2027,125.54744525547444
GLOBAL,S1D6,PWRTRNKENXX,1,ELCKENXX02,2028,170.07299270072994
GLOBAL,S1D6,PWRTRNKENXX,1,ELCKENXX02,2029,214.5985401459854
GLOBAL,S1D6,PWRTRNKENXX,1,ELCKENXX02,2030,259.1240875912409
GLOBAL,S1D6,PWRTRNKENXX,1,ELCKENXX02,2031,278.4671532846715
GLOBAL,S1D6,PWRTRNKENXX,1,ELCKENXX02,2032,297.81021897810217
GLOBAL,S1D6,PWRTRNKENXX,1,ELCKENXX02,2033,317.15328467153284
GLOBAL,S1D6,PWRTRNKENXX,1,ELCKENXX02,2034,336.4963503649635
GLOBAL,S1D6,PWRTRNKENXX,1,ELCKENXX02,2035,355.83941605839414
GLOBAL,S1D6,PWRTRNKENXX,1,ELCKENXX02,2036,375.1824817518248
GLOBAL,S1D6,PWRTRNKENXX,1,ELCKENXX02,2037,394.5255474452554
GLOBAL,S1D6,PWRTRNKENXX,1,ELCKENXX02,2038,413.8686131386861
GLOBAL,S1D6,PWRTRNKENXX,1,ELCKENXX02,2039,433.2116788321168
GLOBAL,S1D6,PWRTRNKENXX,1,ELCKENXX02,2040,452.55474452554745
GLOBAL,S1D6,PWRTRNKENXX,1,ELCKENXX02,2041,481.7518248175182
GLOBAL,S1D6,PWRTRNKENXX,1,ELCKENXX02,2042,510.948905109489
GLOBAL,S1D6,PWRTRNKENXX,1,ELCKENXX02,2043,540.1459854014598
GLOBAL,S1D6,PWRTRNKENXX,1,ELCKENXX02,2044,569.3430656934305
GLOBAL,S1D6,PWRTRNKENXX,1,ELCKENXX02,2045,598.5401459854014
GLOBAL,S1D6,PWRTRNKENXX,1,ELCKENXX02,2046,627.7372262773722
GLOBAL,S1D6,PWRTRNKENXX,1,ELCKENXX02,2047,656.934306569343
GLOBAL,S1D6,PWRTRNKENXX,1,ELCKENXX02,2048,686.1313868613139
GLOBAL,S1D6,PWRTRNKENXX,1,ELCKENXX02,2049,715.3284671532847
GLOBAL,S1D6,PWRTRNKENXX,1,ELCKENXX02,2050,744.5255474452554
GLOBAL,S1D6,PWRTRNTZAXX,1,ELCTZAXX02,2021,23.960697269546568
GLOBAL,S1D6,PWRTRNTZAXX,1,ELCTZAXX02,2022,26.150478291444376
GLOBAL,S1D6,PWRTRNTZAXX,1,ELCTZAXX02,2023,29.197080291970803
GLOBAL,S1D6,PWRTRNTZAXX,1,ELCTZAXX02,2024,49.62043795620438
GLOBAL,S1D6,PWRTRNTZAXX,1,ELCTZAXX02,2025,53.21167883211679
GLOBAL,S1D6,PWRTRNTZAXX,1,ELCTZAXX02,2026,105.10948905109488
GLOBAL,S1D6,PWRTRNTZAXX,1,ELCTZAXX02,2027,173.72262773722628
GLOBAL,S1D6,PWRTRNTZAXX,1,ELCTZAXX02,2028,242.33576642335763
GLOBAL,S1D6,PWRTRNTZAXX,1,ELCTZAXX02,2029,310.94890510948903
GLOBAL,S1D6,PWRTRNTZAXX,1,ELCTZAXX02,2030,379.56204379562047
GLOBAL,S1D6,PWRTRNTZAXX,1,ELCTZAXX02,2031,409.4890510948905
GLOBAL,S1D6,PWRTRNTZAXX,1,ELCTZAXX02,2032,439.4160583941605
GLOBAL,S1D6,PWRTRNTZAXX,1,ELCTZAXX02,2033,469.34306569343056
GLOBAL,S1D6,PWRTRNTZAXX,1,ELCTZAXX02,2034,499.2700729927007
GLOBAL,S1D6,PWRTRNTZAXX,1,ELCTZAXX02,2035,529.1970802919708
GLOBAL,S1D6,PWRTRNTZAXX,1,ELCTZAXX02,2036,559.1240875912408
GLOBAL,S1D6,PWRTRNTZAXX,1,ELCTZAXX02,2037,589.051094890511
GLOBAL,S1D6,PWRTRNTZAXX,1,ELCTZAXX02,2038,618.978102189781
GLOBAL,S1D6,PWRTRNTZAXX,1,ELCTZAXX02,2039,648.9051094890513
GLOBAL,S1D6,PWRTRNTZAXX,1,ELCTZAXX02,2040,678.8321167883212
GLOBAL,S1D6,PWRTRNTZAXX,1,ELCTZAXX02,2041,722.2627737226276
GLOBAL,S1D6,PWRTRNTZAXX,1,ELCTZAXX02,2042,765.6934306569342
GLOBAL,S1D6,PWRTRNTZAXX,1,ELCTZAXX02,2043,809.1240875912409
GLOBAL,S1D6,PWRTRNTZAXX,1,ELCTZAXX02,2044,852.5547445255473
GLOBAL,S1D6,PWRTRNTZAXX,1,ELCTZAXX02,2045,895.985401459854
GLOBAL,S1D6,PWRTRNTZAXX,1,ELCTZAXX02,2046,939.4160583941604
GLOBAL,S1D6,PWRTRNTZAXX,1,ELCTZAXX02,2047,982.8467153284672
GLOBAL,S1D6,PWRTRNTZAXX,1,ELCTZAXX02,2048,1026.2773722627735
GLOBAL,S1D6,PWRTRNTZAXX,1,ELCTZAXX02,2049,1069.70802919708
GLOBAL,S1D6,PWRTRNTZAXX,1,ELCTZAXX02,2050,1113.1386861313867
GLOBAL,S1D6,PWRWONKENXX01,1,ELCKENXX01,2021,2.0630598912
GLOBAL,S1D6,PWRWONKENXX01,1,ELCKENXX01,2022,1.21023618642509
GLOBAL,S1D6,PWRWONKENXX01,1,ELCKENXX01,2023,1.2629109672827308
GLOBAL,S1D6,PWRWONKENXX01,1,ELCKENXX01,2024,1.2273894036803583
GLOBAL,S1D6,PWRWONKENXX01,1,ELCKENXX01,2025,1.903418352
GLOBAL,S1D6,PWRWONKENXX01,1,ELCKENXX01,2028,1.903418352
GLOBAL,S1D6,PWRWONKENXX01,1,ELCKENXX01,2030,0.33350460014891053
GLOBAL,S1D6,PWRWONKENXX01,1,ELCKENXX01,2031,1.903418352
GLOBAL,S1D6,PWRWONKENXX01,1,ELCKENXX01,2032,0.84284253614891
GLOBAL,S1D6,PWRWONKENXX01,1,ELCKENXX01,2033,1.6374623791270129
GLOBAL,S1D6,PWRWONKENXX01,1,ELCKENXX01,2034,0.84284253614891
GLOBAL,S1D6,PWRWONKENXX01,1,ELCKENXX01,2035,1.6374623791270129
GLOBAL,S1D6,PWRWONKENXX01,1,ELCKENXX01,2036,1.903418352
GLOBAL,S1D6,PWRWONKENXX01,1,ELCKENXX01,2037,1.903418352
GLOBAL,S1D6,PWRWONKENXX01,1,ELCKENXX01,2038,1.903418352
GLOBAL,S1D6,PWRWONKENXX01,1,ELCKENXX01,2039,1.903418352
GLOBAL,S1D6,PWRWONKENXX01,1,ELCKENXX01,2040,1.903418352
GLOBAL,S1D6,PWRWONKENXX01,1,ELCKENXX01,2041,1.903418352
GLOBAL,S1D6,PWRWONKENXX01,1,ELCKENXX01,2042,1.6374623791270129
GLOBAL,S1D6,PWRWONKENXX01,1,ELCKENXX01,2043,0.84284253614891
GLOBAL,S1D6,PWRWONKENXX01,1,ELCKENXX01,2044,1.903418352
GLOBAL,S1D6,PWRWONKENXX01,1,ELCKENXX01,2045,1.903418352
GLOBAL,S1D6,PWRWONKENXX01,1,ELCKENXX01,2046,0.84284253614891
GLOBAL,S1D6,PWRWONKENXX01,1,ELCKENXX01,2047,1.903418352
GLOBAL,S1D6,RNWBIOTZAXX,1,BIOTZAXX,2021,11.75203249561094
GLOBAL,S1D6,RNWBIOTZAXX,1,BIOTZAXX,2022,11.75203249561094
GLOBAL,S1D6,RNWBIOTZAXX,1,BIOTZAXX,2024,9.30886326129816
GLOBAL,S1D6,RNWBIOTZAXX,1,BIOTZAXX,2026,0.5113479508008826
GLOBAL,S1D6,RNWBIOTZAXX,1,BIOTZAXX,2050,0.3393036530354202
GLOBAL,S1D6,RNWGEOKENXX,1,GEOKENXX,2021,30.932487750445084
GLOBAL,S1D6,RNWGEOKENXX,1,GEOKENXX,2022,21.00883985157853
GLOBAL,S1D6,RNWGEOKENXX,1,GEOKENXX,2023,21.410365793512888
GLOBAL,S1D6,RNWGEOKENXX,1,GEOKENXX,2024,22.302708335743876
GLOBAL,S1D6,RNWGEOKENXX,1,GEOKENXX,2025,22.670475007862187
GLOBAL,S1D6,RNWGEOKENXX,1,GEOKENXX,2026,69.80487918920436
GLOBAL,S1D6,RNWGEOKENXX,1,GEOKENXX,2027,125.54744525547444
GLOBAL,S1D6,RNWGEOKENXX,1,GEOKENXX,2028,155.9332487304899
GLOBAL,S1D6,RNWGEOKENXX,1,GEOKENXX,2029,202.36221452774535
GLOBAL,S1D6,RNWGEOKENXX,1,GEOKENXX,2030,246.55425737285196
GLOBAL,S1D6,RNWGEOKENXX,1,GEOKENXX,2031,264.3274093144315
GLOBAL,S1D6,RNWGEOKENXX,1,GEOKENXX,2032,284.73105082371325
GLOBAL,S1D6,RNWGEOKENXX,1,GEOKENXX,2033,315.51582229240586
GLOBAL,S1D6,RNWGEOKENXX,1,GEOKENXX,2034,323.41718221057454
GLOBAL,S1D6,RNWGEOKENXX,1,GEOKENXX,2035,341.9656280610272
GLOBAL,S1D6,RNWGEOKENXX,1,GEOKENXX,2036,361.0427377815848
GLOBAL,S1D6,RNWGEOKENXX,1,GEOKENXX,2037,392.62212909325547
GLOBAL,S1D6,RNWGEOKENXX,1,GEOKENXX,2038,399.72886916844607
GLOBAL,S1D6,RNWGEOKENXX,1,GEOKENXX,2039,431.3082604801168
GLOBAL,S1D6,RNWGEOKENXX,1,GEOKENXX,2040,450.6513261735474
GLOBAL,S1D6,RNWGEOKENXX,1,GEOKENXX,2041,468.51955409235205
GLOBAL,S1D6,RNWGEOKENXX,1,GEOKENXX,2042,497.0751171121221
GLOBAL,S1D6,RNWGEOKENXX,1,GEOKENXX,2043,527.066817247071
GLOBAL,S1D6,RNWGEOKENXX,1,GEOKENXX,2044,555.2033217231907
GLOBAL,S1D6,RNWGEOKENXX,1,GEOKENXX,2045,596.6367276334015
GLOBAL,S1D6,RNWGEOKENXX,1,GEOKENXX,2046,626.8943837412234
GLOBAL,S1D6,RNWGEOKENXX,1,GEOKENXX,2047,642.7945625991031
GLOBAL,S1D6,RNWGEOKENXX,1,GEOKENXX,2048,673.8950612430739
GLOBAL,S1D6,RNWGEOKENXX,1,GEOKENXX,2049,703.0921415350447
GLOBAL,S1D6,RNWGEOKENXX,1,GEOKENXX,2050,733.1966950720893
GLOBAL,S1D6,RNWGEOTZAXX,1,GEOTZAXX,2021,10.324127162497772
GLOBAL,S1D6,RNWGEOTZAXX,1,GEOTZAXX,2022,12.51390818439558
GLOBAL,S1D6,RNWGEOTZAXX,1,GEOTZAXX,2023,18.50855437837152
GLOBAL,S1D6,RNWGEOTZAXX,1,GEOTZAXX,2024,36.71755230390416
GLOBAL,S1D6,RNWGEOTZAXX,1,GEOTZAXX,2025,43.10424761263884
GLOBAL,S1D6,RNWGEOTZAXX,1,GEOTZAXX,2026,94.8484998884335
GLOBAL,S1D6,RNWGEOTZAXX,1,GEOTZAXX,2027,162.91179969933
GLOBAL,S1D6,RNWGEOTZAXX,1,GEOTZAXX,2028,242.33576642335763
GLOBAL,S1D6,RNWGEOTZAXX,1,GEOTZAXX,2029,300.82472489022126
GLOBAL,S1D6,RNWGEOTZAXX,1,GEOTZAXX,2030,366.9319420212205
GLOBAL,S1D6,RNWGEOTZAXX,1,GEOTZAXX,2031,396.85894932049047
GLOBAL,S1D6,RNWGEOTZAXX,1,GEOTZAXX,2032,426.7859566197605
GLOBAL,S1D6,RNWGEOTZAXX,1,GEOTZAXX,2033,456.7129639190306
GLOBAL,S1D6,RNWGEOTZAXX,1,GEOTZAXX,2034,486.6399712183021
GLOBAL,S1D6,RNWGEOTZAXX,1,GEOTZAXX,2035,516.5669785175708
GLOBAL,S1D6,RNWGEOTZAXX,1,GEOTZAXX,2036,546.4939858168408
GLOBAL,S1D6,RNWGEOTZAXX,1,GEOTZAXX,2037,576.4209931161109
GLOBAL,S1D6,RNWGEOTZAXX,1,GEOTZAXX,2038,608.8539219705119
GLOBAL,S1D6,RNWGEOTZAXX,1,GEOTZAXX,2039,638.7809292697847
GLOBAL,S1D6,RNWGEOTZAXX,1,GEOTZAXX,2040,666.2020150139213
GLOBAL,S1D6,RNWGEOTZAXX,1,GEOTZAXX,2041,709.6326719482278
GLOBAL,S1D6,RNWGEOTZAXX,1,GEOTZAXX,2042,753.0633288825344
GLOBAL,S1D6,RNWGEOTZAXX,1,GEOTZAXX,2043,796.4939858168409
GLOBAL,S1D6,RNWGEOTZAXX,1,GEOTZAXX,2044,839.9246427511474
GLOBAL,S1D6,RNWGEOTZAXX,1,GEOTZAXX,2045,883.3552996854554
GLOBAL,S1D6,RNWGEOTZAXX,1,GEOTZAXX,2046,926.78595661976
GLOBAL,S1D6,RNWGEOTZAXX,1,GEOTZAXX,2047,970.2166135540675
GLOBAL,S1D6,RNWGEOTZAXX,1,GEOTZAXX,2048,1013.647270488374
GLOBAL,S1D6,RNWGEOTZAXX,1,GEOTZAXX,2049,1057.0779274226802
GLOBAL,S1D6,RNWGEOTZAXX,1,GEOTZAXX,2050,1100.4066913680888
GLOBAL,S1D6,RNWHYDKENXX,1,HYDKENXX,2022,12.23632561824
GLOBAL,S1D6,RNWHYDKENXX,1,HYDKENXX,2023,12.23632561824
GLOBAL,S1D6,RNWHYDKENXX,1,HYDKENXX,2024,12.23632561824
GLOBAL,S1D6,RNWHYDKENXX,1,HYDKENXX,2025,12.23632561824
GLOBAL,S1D6,RNWHYDKENXX,1,HYDKENXX,2026,11.217018621014624
GLOBAL,S1D6,RNWHYDKENXX,1,HYDKENXX,2028,12.23632561824
GLOBAL,S1D6,RNWHYDKENXX,1,HYDKENXX,2029,12.23632561824
GLOBAL,S1D6,RNWHYDKENXX,1,HYDKENXX,2030,12.23632561824
GLOBAL,S1D6,RNWHYDKENXX,1,HYDKENXX,2031,12.23632561824
GLOBAL,S1D6,RNWHYDKENXX,1,HYDKENXX,2032,12.23632561824
GLOBAL,S1D6,RNWHYDKENXX,1,HYDKENXX,2034,12.23632561824
GLOBAL,S1D6,RNWHYDKENXX,1,HYDKENXX,2035,12.23632561824
GLOBAL,S1D6,RNWHYDKENXX,1,HYDKENXX,2036,12.23632561824
GLOBAL,S1D6,RNWHYDKENXX,1,HYDKENXX,2038,12.23632561824
GLOBAL,S1D6,RNWHYDKENXX,1,HYDKENXX,2041,11.328852373166162
GLOBAL,S1D6,RNWHYDKENXX,1,HYDKENXX,2042,12.23632561824
GLOBAL,S1D6,RNWHYDKENXX,1,HYDKENXX,2043,12.23632561824
GLOBAL,S1D6,RNWHYDKENXX,1,HYDKENXX,2044,12.23632561824
GLOBAL,S1D6,RNWHYDKENXX,1,HYDKENXX,2047,12.23632561824
GLOBAL,S1D6,RNWHYDKENXX,1,HYDKENXX,2048,12.23632561824
GLOBAL,S1D6,RNWHYDKENXX,1,HYDKENXX,2049,12.23632561824
GLOBAL,S1D6,RNWHYDKENXX,1,HYDKENXX,2050,11.328852373166162
GLOBAL,S1D6,RNWHYDTZAXX,1,HYDTZAXX,2021,10.107431219477949
GLOBAL,S1D6,RNWHYDTZAXX,1,HYDTZAXX,2022,10.107431219477949
GLOBAL,S1D6,RNWHYDTZAXX,1,HYDTZAXX,2023,10.107431219477949
GLOBAL,S1D6,RNWHYDTZAXX,1,HYDTZAXX,2024,10.107431219477949
GLOBAL,S1D6,RNWHYDTZAXX,1,HYDTZAXX,2025,10.107431219477949
GLOBAL,S1D6,RNWHYDTZAXX,1,HYDTZAXX,2026,10.107431219477949
GLOBAL,S1D6,RNWHYDTZAXX,1,HYDTZAXX,2027,10.81082803789624
GLOBAL,S1D6,RNWHYDTZAXX,1,HYDTZAXX,2029,10.1241802192677
GLOBAL,S1D6,RNWHYDTZAXX,1,HYDTZAXX,2030,12.6301017744
GLOBAL,S1D6,RNWHYDTZAXX,1,HYDTZAXX,2031,12.6301017744
GLOBAL,S1D6,RNWHYDTZAXX,1,HYDTZAXX,2032,12.6301017744
GLOBAL,S1D6,RNWHYDTZAXX,1,HYDTZAXX,2033,12.6301017744
GLOBAL,S1D6,RNWHYDTZAXX,1,HYDTZAXX,2034,12.6301017744
GLOBAL,S1D6,RNWHYDTZAXX,1,HYDTZAXX,2035,12.6301017744
GLOBAL,S1D6,RNWHYDTZAXX,1,HYDTZAXX,2036,12.6301017744
GLOBAL,S1D6,RNWHYDTZAXX,1,HYDTZAXX,2037,12.6301017744
GLOBAL,S1D6,RNWHYDTZAXX,1,HYDTZAXX,2038,10.124180219269062
GLOBAL,S1D6,RNWHYDTZAXX,1,HYDTZAXX,2039,10.124180219266467
GLOBAL,S1D6,RNWHYDTZAXX,1,HYDTZAXX,2040,12.6301017744
GLOBAL,S1D6,RNWHYDTZAXX,1,HYDTZAXX,2041,12.6301017744
GLOBAL,S1D6,RNWHYDTZAXX,1,HYDTZAXX,2042,12.6301017744
GLOBAL,S1D6,RNWHYDTZAXX,1,HYDTZAXX,2043,12.6301017744
GLOBAL,S1D6,RNWHYDTZAXX,1,HYDTZAXX,2044,12.6301017744
GLOBAL,S1D6,RNWHYDTZAXX,1,HYDTZAXX,2045,12.6301017744
GLOBAL,S1D6,RNWHYDTZAXX,1,HYDTZAXX,2046,12.630101774400352
GLOBAL,S1D6,RNWHYDTZAXX,1,HYDTZAXX,2047,12.630101774399575
GLOBAL,S1D6,RNWHYDTZAXX,1,HYDTZAXX,2048,12.630101774399575
GLOBAL,S1D6,RNWHYDTZAXX,1,HYDTZAXX,2049,12.6301017744
GLOBAL,S1D6,RNWHYDTZAXX,1,HYDTZAXX,2050,12.630101774399575
GLOBAL,S1D6,RNWWONKENXX,1,WONKENXX,2021,2.0630598912
GLOBAL,S1D6,RNWWONKENXX,1,WONKENXX,2022,1.21023618642509
GLOBAL,S1D6,RNWWONKENXX,1,WONKENXX,2023,1.2629109672827308
GLOBAL,S1D6,RNWWONKENXX,1,WONKENXX,2024,1.2273894036803583
GLOBAL,S1D6,RNWWONKENXX,1,WONKENXX,2025,1.903418352
GLOBAL,S1D6,RNWWONKENXX,1,WONKENXX,2028,1.903418352
GLOBAL,S1D6,RNWWONKENXX,1,WONKENXX,2030,0.33350460014891053
GLOBAL,S1D6,RNWWONKENXX,1,WONKENXX,2031,1.903418352
GLOBAL,S1D6,RNWWONKENXX,1,WONKENXX,2032,0.84284253614891
GLOBAL,S1D6,RNWWONKENXX,1,WONKENXX,2033,1.6374623791270129
GLOBAL,S1D6,RNWWONKENXX,1,WONKENXX,2034,0.84284253614891
GLOBAL,S1D6,RNWWONKENXX,1,WONKENXX,2035,1.6374623791270129
GLOBAL,S1D6,RNWWONKENXX,1,WONKENXX,2036,1.903418352
GLOBAL,S1D6,RNWWONKENXX,1,WONKENXX,2037,1.903418352
GLOBAL,S1D6,RNWWONKENXX,1,WONKENXX,2038,1.903418352
GLOBAL,S1D6,RNWWONKENXX,1,WONKENXX,2039,1.903418352
GLOBAL,S1D6,RNWWONKENXX,1,WONKENXX,2040,1.903418352
GLOBAL,S1D6,RNWWONKENXX,1,WONKENXX,2041,1.903418352
GLOBAL,S1D6,RNWWONKENXX,1,WONKENXX,2042,1.6374623791270129
GLOBAL,S1D6,RNWWONKENXX,1,WONKENXX,2043,0.84284253614891
GLOBAL,S1D6,RNWWONKENXX,1,WONKENXX,2044,1.903418352
GLOBAL,S1D6,RNWWONKENXX,1,WONKENXX,2045,1.903418352
GLOBAL,S1D6,RNWWONKENXX,1,WONKENXX,2046,0.84284253614891
GLOBAL,S1D6,RNWWONKENXX,1,WONKENXX,2047,1.903418352
GLOBAL,S1D6,TRNKENXXTZAXX,1,ELCTZAXX01,2023,0.5810946941213417
GLOBAL,S1D6,TRNKENXXTZAXX,2,ELCKENXX01,2021,0.5810946941213417
GLOBAL,S1D6,TRNKENXXTZAXX,2,ELCKENXX01,2022,0.5810946941213417
GLOBAL,S2D1,PWRBIOKENXX01,1,ELCKENXX01,2026,2.83824
GLOBAL,S2D1,PWRBIOKENXX01,1,ELCKENXX01,2030,2.83824
GLOBAL,S2D1,PWRGEOKENXX01,1,ELCKENXX01,2021,27.52842367987325
GLOBAL,S2D1,PWRGEOKENXX01,1,ELCKENXX01,2022,29.224212710478238
GLOBAL,S2D1,PWRGEOKENXX01,1,ELCKENXX01,2023,29.47687552526701
GLOBAL,S2D1,PWRGEOKENXX01,1,ELCKENXX01,2024,30.809645708702067
GLOBAL,S2D1,PWRGEOKENXX01,1,ELCKENXX01,2025,32.08188770158463
GLOBAL,S2D1,PWRGEOKENXX01,1,ELCKENXX01,2026,83.1315480574565
GLOBAL,S2D1,PWRGEOKENXX01,1,ELCKENXX01,2027,140.24025069090848
GLOBAL,S2D1,PWRGEOKENXX01,1,ELCKENXX01,2028,194.51071332436047
GLOBAL,S2D1,PWRGEOKENXX01,1,ELCKENXX01,2029,252.7676770650048
GLOBAL,S2D1,PWRGEOKENXX01,1,ELCKENXX01,2030,300.2133985912644
GLOBAL,S2D1,PWRGEOKENXX01,1,ELCKENXX01,2031,326.6281510467804
GLOBAL,S2D1,PWRGEOKENXX01,1,ELCKENXX01,2032,350.2046635022964
GLOBAL,S2D1,PWRGEOKENXX01,1,ELCKENXX01,2033,373.7811759578124
GLOBAL,S2D1,PWRGEOKENXX01,1,ELCKENXX01,2034,397.3576884133285
GLOBAL,S2D1,PWRGEOKENXX01,1,ELCKENXX01,2035,420.9342008688444
GLOBAL,S2D1,PWRGEOKENXX01,1,ELCKENXX01,2036,446.3760046523605
GLOBAL,S2D1,PWRGEOKENXX01,1,ELCKENXX01,2037,469.9525171078764
GLOBAL,S2D1,PWRGEOKENXX01,1,ELCKENXX01,2038,493.5290295633925
GLOBAL,S2D1,PWRGEOKENXX01,1,ELCKENXX01,2039,515.2402506909085
GLOBAL,S2D1,PWRGEOKENXX01,1,ELCKENXX01,2040,540.6820544744245
GLOBAL,S2D1,PWRGEOKENXX01,1,ELCKENXX01,2041,576.269243086524
GLOBAL,S2D1,PWRGEOKENXX01,1,ELCKENXX01,2042,609.9911403706237
GLOBAL,S2D1,PWRGEOKENXX01,1,ELCKENXX01,2043,645.5783289827233
GLOBAL,S2D1,PWRGEOKENXX01,1,ELCKENXX01,2044,681.165517594823
GLOBAL,S2D1,PWRGEOKENXX01,1,ELCKENXX01,2045,717.0619166869226
GLOBAL,S2D1,PWRGEOKENXX01,1,ELCKENXX01,2046,752.6491052990223
GLOBAL,S2D1,PWRGEOKENXX01,1,ELCKENXX01,2047,788.236293911122
GLOBAL,S2D1,PWRGEOKENXX01,1,ELCKENXX01,2048,825.6887738512216
GLOBAL,S2D1,PWRGEOKENXX01,1,ELCKENXX01,2049,861.2759624633213
GLOBAL,S2D1,PWRGEOKENXX01,1,ELCKENXX01,2050,896.863151075421
GLOBAL,S2D1,PWRGEOTZAXX01,1,ELCTZAXX01,2021,23.74758342964964
GLOBAL,S2D1,PWRGEOTZAXX01,1,ELCTZAXX01,2022,26.416622575557117
GLOBAL,S2D1,PWRGEOTZAXX01,1,ELCTZAXX01,2023,29.6808934219783
GLOBAL,S2D1,PWRGEOTZAXX01,1,ELCTZAXX01,2024,55.15522655026334
GLOBAL,S2D1,PWRGEOTZAXX01,1,ELCTZAXX01,2025,59.5324507495516
GLOBAL,S2D1,PWRGEOTZAXX01,1,ELCTZAXX01,2026,122.78867850755871
GLOBAL,S2D1,PWRGEOTZAXX01,1,ELCTZAXX01,2027,206.4185717459929
GLOBAL,S2D1,PWRGEOTZAXX01,1,ELCTZAXX01,2028,290.0484649844271
GLOBAL,S2D1,PWRGEOTZAXX01,1,ELCTZAXX01,2029,373.6783582228612
GLOBAL,S2D1,PWRGEOTZAXX01,1,ELCTZAXX01,2030,462.63345195729534
GLOBAL,S2D1,PWRGEOTZAXX01,1,ELCTZAXX01,2031,499.1103202846976
GLOBAL,S2D1,PWRGEOTZAXX01,1,ELCTZAXX01,2032,530.2619881160997
GLOBAL,S2D1,PWRGEOTZAXX01,1,ELCTZAXX01,2033,566.7388564435017
GLOBAL,S2D1,PWRGEOTZAXX01,1,ELCTZAXX01,2034,603.215724770904
GLOBAL,S2D1,PWRGEOTZAXX01,1,ELCTZAXX01,2035,639.692593098306
GLOBAL,S2D1,PWRGEOTZAXX01,1,ELCTZAXX01,2036,676.1694614257082
GLOBAL,S2D1,PWRGEOTZAXX01,1,ELCTZAXX01,2037,712.6463297531103
GLOBAL,S2D1,PWRGEOTZAXX01,1,ELCTZAXX01,2038,749.1231980805123
GLOBAL,S2D1,PWRGEOTZAXX01,1,ELCTZAXX01,2039,785.6000664079146
GLOBAL,S2D1,PWRGEOTZAXX01,1,ELCTZAXX01,2040,822.0769347353166
GLOBAL,S2D1,PWRGEOTZAXX01,1,ELCTZAXX01,2041,875.0128777958149
GLOBAL,S2D1,PWRGEOTZAXX01,1,ELCTZAXX01,2042,927.9488208563133
GLOBAL,S2D1,PWRGEOTZAXX01,1,ELCTZAXX01,2043,980.8847639168112
GLOBAL,S2D1,PWRGEOTZAXX01,1,ELCTZAXX01,2044,1033.8207069773096
GLOBAL,S2D1,PWRGEOTZAXX01,1,ELCTZAXX01,2045,1092.081850533808
GLOBAL,S2D1,PWRGEOTZAXX01,1,ELCTZAXX01,2046,1139.692593098306
GLOBAL,S2D1,PWRGEOTZAXX01,1,ELCTZAXX01,2047,1192.6285361588043
GLOBAL,S2D1,PWRGEOTZAXX01,1,ELCTZAXX01,2048,1245.5644792193025
GLOBAL,S2D1,PWRGEOTZAXX01,1,ELCTZAXX01,2049,1298.500422279801
GLOBAL,S2D1,PWRGEOTZAXX01,1,ELCTZAXX01,2050,1351.4363653402988
GLOBAL,S2D1,PWRHYDKENXX01,1,ELCKENXX01,2021,10.61015853312
GLOBAL,S2D1,PWRHYDKENXX01,1,ELCKENXX01,2022,10.61015853312
GLOBAL,S2D1,PWRHYDKENXX01,1,ELCKENXX01,2023,10.61015853312
GLOBAL,S2D1,PWRHYDKENXX01,1,ELCKENXX01,2024,10.61015853312
GLOBAL,S2D1,PWRHYDKENXX01,1,ELCKENXX01,2025,10.61015853312
GLOBAL,S2D1,PWRHYDKENXX01,1,ELCKENXX01,2026,10.61015853312
GLOBAL,S2D1,PWRHYDKENXX01,1,ELCKENXX01,2027,10.61015853312
GLOBAL,S2D1,PWRHYDKENXX01,1,ELCKENXX01,2028,10.61015853312
GLOBAL,S2D1,PWRHYDKENXX01,1,ELCKENXX01,2029,6.623657425927552
GLOBAL,S2D1,PWRHYDKENXX01,1,ELCKENXX01,2030,10.61015853312
GLOBAL,S2D1,PWRHYDKENXX01,1,ELCKENXX01,2031,10.61015853312
GLOBAL,S2D1,PWRHYDKENXX01,1,ELCKENXX01,2032,10.61015853312
GLOBAL,S2D1,PWRHYDKENXX01,1,ELCKENXX01,2033,10.61015853312
GLOBAL,S2D1,PWRHYDKENXX01,1,ELCKENXX01,2034,10.61015853312
GLOBAL,S2D1,PWRHYDKENXX01,1,ELCKENXX01,2035,10.61015853312
GLOBAL,S2D1,PWRHYDKENXX01,1,ELCKENXX01,2036,10.61015853312
GLOBAL,S2D1,PWRHYDKENXX01,1,ELCKENXX01,2037,10.61015853312
GLOBAL,S2D1,PWRHYDKENXX01,1,ELCKENXX01,2038,10.61015853312
GLOBAL,S2D1,PWRHYDKENXX01,1,ELCKENXX01,2039,10.61015853312
GLOBAL,S2D1,PWRHYDKENXX01,1,ELCKENXX01,2040,10.61015853312
GLOBAL,S2D1,PWRHYDKENXX01,1,ELCKENXX01,2041,10.61015853312
GLOBAL,S2D1,PWRHYDKENXX01,1,ELCKENXX01,2042,10.61015853312
GLOBAL,S2D1,PWRHYDKENXX01,1,ELCKENXX01,2043,10.61015853312
GLOBAL,S2D1,PWRHYDKENXX01,1,ELCKENXX01,2044,10.61015853312
GLOBAL,S2D1,PWRHYDKENXX01,1,ELCKENXX01,2045,10.61015853312
GLOBAL,S2D1,PWRHYDKENXX01,1,ELCKENXX01,2046,10.61015853312
GLOBAL,S2D1,PWRHYDKENXX01,1,ELCKENXX01,2047,10.61015853312
GLOBAL,S2D1,PWRHYDKENXX01,1,ELCKENXX01,2048,10.61015853312
GLOBAL,S2D1,PWRHYDKENXX01,1,ELCKENXX01,2049,10.61015853312
GLOBAL,S2D1,PWRHYDKENXX01,1,ELCKENXX01,2050,10.61015853312
GLOBAL,S2D1,PWRHYDTZAXX01,1,ELCTZAXX01,2021,5.325200496
GLOBAL,S2D1,PWRHYDTZAXX01,1,ELCTZAXX01,2022,5.325200496
GLOBAL,S2D1,PWRHYDTZAXX01,1,ELCTZAXX01,2023,5.325200496
GLOBAL,S2D1,PWRHYDTZAXX01,1,ELCTZAXX01,2024,5.325200496
GLOBAL,S2D1,PWRHYDTZAXX01,1,ELCTZAXX01,2025,5.325200496
GLOBAL,S2D1,PWRHYDTZAXX01,1,ELCTZAXX01,2026,5.325200496
GLOBAL,S2D1,PWRHYDTZAXX01,1,ELCTZAXX01,2027,5.325200496
GLOBAL,S2D1,PWRHYDTZAXX01,1,ELCTZAXX01,2028,5.325200496
GLOBAL,S2D1,PWRHYDTZAXX01,1,ELCTZAXX01,2029,5.325200496
GLOBAL,S2D1,PWRHYDTZAXX01,1,ELCTZAXX01,2032,5.325200496
GLOBAL,S2D1,PWRHYDTZAXX01,1,ELCTZAXX01,2033,5.325200496
GLOBAL,S2D1,PWRHYDTZAXX01,1,ELCTZAXX01,2034,5.325200496
GLOBAL,S2D1,PWRHYDTZAXX01,1,ELCTZAXX01,2035,5.325200496
GLOBAL,S2D1,PWRHYDTZAXX01,1,ELCTZAXX01,2036,5.325200496
GLOBAL,S2D1,PWRHYDTZAXX01,1,ELCTZAXX01,2037,5.325200496
GLOBAL,S2D1,PWRHYDTZAXX01,1,ELCTZAXX01,2038,5.325200496
GLOBAL,S2D1,PWRHYDTZAXX01,1,ELCTZAXX01,2039,5.325200496
GLOBAL,S2D1,PWRHYDTZAXX01,1,ELCTZAXX01,2040,5.325200496
GLOBAL,S2D1,PWRHYDTZAXX01,1,ELCTZAXX01,2041,5.325200496
GLOBAL,S2D1,PWRHYDTZAXX01,1,ELCTZAXX01,2042,5.325200496
GLOBAL,S2D1,PWRHYDTZAXX01,1,ELCTZAXX01,2043,5.325200496
GLOBAL,S2D1,PWRHYDTZAXX01,1,ELCTZAXX01,2044,5.325200496
GLOBAL,S2D1,PWRHYDTZAXX01,1,ELCTZAXX01,2046,5.325200496
GLOBAL,S2D1,PWRHYDTZAXX01,1,ELCTZAXX01,2047,5.325200496
GLOBAL,S2D1,PWRHYDTZAXX01,1,ELCTZAXX01,2048,5.325200496
GLOBAL,S2D1,PWRHYDTZAXX01,1,ELCTZAXX01,2049,5.325200496
GLOBAL,S2D1,PWRHYDTZAXX01,1,ELCTZAXX01,2050,5.325200496
GLOBAL,S2D1,PWRSPVKENXX01,1,ELCKENXX01,2021,0.18385488
GLOBAL,S2D1,PWRSPVKENXX01,1,ELCKENXX01,2022,0.26742528
GLOBAL,S2D1,PWRSPVKENXX01,1,ELCKENXX01,2023,0.30921048
GLOBAL,S2D1,PWRSPVKENXX01,1,ELCKENXX01,2024,0.30921048
GLOBAL,S2D1,PWRSPVKENXX01,1,ELCKENXX01,2025,0.30921048
GLOBAL,S2D1,PWRSPVKENXX01,1,ELCKENXX01,2026,0.30921048
GLOBAL,S2D1,PWRSPVKENXX01,1,ELCKENXX01,2027,0.30921048
GLOBAL,S2D1,PWRSPVKENXX01,1,ELCKENXX01,2028,0.30921048
GLOBAL,S2D1,PWRSPVKENXX01,1,ELCKENXX01,2029,0.30921048
GLOBAL,S2D1,PWRSPVKENXX01,1,ELCKENXX01,2030,0.30921048
GLOBAL,S2D1,PWRSPVKENXX01,1,ELCKENXX01,2031,0.30921048
GLOBAL,S2D1,PWRSPVKENXX01,1,ELCKENXX01,2032,0.30921048
GLOBAL,S2D1,PWRSPVKENXX01,1,ELCKENXX01,2033,0.30921048
GLOBAL,S2D1,PWRSPVKENXX01,1,ELCKENXX01,2034,0.30921048
GLOBAL,S2D1,PWRSPVKENXX01,1,ELCKENXX01,2035,0.30921048
GLOBAL,S2D1,PWRSPVKENXX01,1,ELCKENXX01,2036,0.30921048
GLOBAL,S2D1,PWRSPVKENXX01,1,ELCKENXX01,2037,0.30921048
GLOBAL,S2D1,PWRSPVKENXX01,1,ELCKENXX01,2038,0.30921048
GLOBAL,S2D1,PWRSPVKENXX01,1,ELCKENXX01,2039,0.30921048
GLOBAL,S2D1,PWRSPVKENXX01,1,ELCKENXX01,2040,0.30921048
GLOBAL,S2D1,PWRSPVKENXX01,1,ELCKENXX01,2041,0.30921048
GLOBAL,S2D1,PWRSPVKENXX01,1,ELCKENXX01,2042,0.30921048
GLOBAL,S2D1,PWRSPVKENXX01,1,ELCKENXX01,2043,0.30921048
GLOBAL,S2D1,PWRSPVKENXX01,1,ELCKENXX01,2044,0.30921048
GLOBAL,S2D1,PWRTRNKENXX,1,ELCKENXX02,2021,40.92526690391459
GLOBAL,S2D1,PWRTRNKENXX,1,ELCKENXX02,2022,42.70462633451957
GLOBAL,S2D1,PWRTRNKENXX,1,ELCKENXX02,2023,42.41797965518701
GLOBAL,S2D1,PWRTRNKENXX,1,ELCKENXX02,2024,43.59430604982207
GLOBAL,S2D1,PWRTRNKENXX,1,ELCKENXX02,2025,44.86654804270463
GLOBAL,S2D1,PWRTRNKENXX,1,ELCKENXX02,2026,98.75444839857651
GLOBAL,S2D1,PWRTRNKENXX,1,ELCKENXX02,2027,153.02491103202846
GLOBAL,S2D1,PWRTRNKENXX,1,ELCKENXX02,2028,207.29537366548044
GLOBAL,S2D1,PWRTRNKENXX,1,ELCKENXX02,2029,261.5658362989324
GLOBAL,S2D1,PWRTRNKENXX,1,ELCKENXX02,2030,315.83629893238435
GLOBAL,S2D1,PWRTRNKENXX,1,ELCKENXX02,2031,339.4128113879003
GLOBAL,S2D1,PWRTRNKENXX,1,ELCKENXX02,2032,362.98932384341634
GLOBAL,S2D1,PWRTRNKENXX,1,ELCKENXX02,2033,386.5658362989324
GLOBAL,S2D1,PWRTRNKENXX,1,ELCKENXX02,2034,410.1423487544484
GLOBAL,S2D1,PWRTRNKENXX,1,ELCKENXX02,2035,433.7188612099644
GLOBAL,S2D1,PWRTRNKENXX,1,ELCKENXX02,2036,457.2953736654805
GLOBAL,S2D1,PWRTRNKENXX,1,ELCKENXX02,2037,480.8718861209964
GLOBAL,S2D1,PWRTRNKENXX,1,ELCKENXX02,2038,504.4483985765125
GLOBAL,S2D1,PWRTRNKENXX,1,ELCKENXX02,2039,528.0249110320285
GLOBAL,S2D1,PWRTRNKENXX,1,ELCKENXX02,2040,551.6014234875445
GLOBAL,S2D1,PWRTRNKENXX,1,ELCKENXX02,2041,587.1886120996442
GLOBAL,S2D1,PWRTRNKENXX,1,ELCKENXX02,2042,622.7758007117437
GLOBAL,S2D1,PWRTRNKENXX,1,ELCKENXX02,2043,658.3629893238434
GLOBAL,S2D1,PWRTRNKENXX,1,ELCKENXX02,2044,693.9501779359431
GLOBAL,S2D1,PWRTRNKENXX,1,ELCKENXX02,2045,729.5373665480425
GLOBAL,S2D1,PWRTRNKENXX,1,ELCKENXX02,2046,765.1245551601422
GLOBAL,S2D1,PWRTRNKENXX,1,ELCKENXX02,2047,800.711743772242
GLOBAL,S2D1,PWRTRNKENXX,1,ELCKENXX02,2048,836.2989323843415
GLOBAL,S2D1,PWRTRNKENXX,1,ELCKENXX02,2049,871.8861209964413
GLOBAL,S2D1,PWRTRNKENXX,1,ELCKENXX02,2050,907.473309608541
GLOBAL,S2D1,PWRTRNTZAXX,1,ELCTZAXX02,2021,29.072783925649645
GLOBAL,S2D1,PWRTRNTZAXX,1,ELCTZAXX02,2022,31.741823071557118
GLOBAL,S2D1,PWRTRNTZAXX,1,ELCTZAXX02,2023,35.587188612099645
GLOBAL,S2D1,PWRTRNTZAXX,1,ELCTZAXX02,2024,60.480427046263344
GLOBAL,S2D1,PWRTRNTZAXX,1,ELCTZAXX02,2025,64.85765124555161
GLOBAL,S2D1,PWRTRNTZAXX,1,ELCTZAXX02,2026,128.11387900355874
GLOBAL,S2D1,PWRTRNTZAXX,1,ELCTZAXX02,2027,211.74377224199287
GLOBAL,S2D1,PWRTRNTZAXX,1,ELCTZAXX02,2028,295.37366548042706
GLOBAL,S2D1,PWRTRNTZAXX,1,ELCTZAXX02,2029,379.0035587188612
GLOBAL,S2D1,PWRTRNTZAXX,1,ELCTZAXX02,2030,462.63345195729534
GLOBAL,S2D1,PWRTRNTZAXX,1,ELCTZAXX02,2031,499.1103202846976
GLOBAL,S2D1,PWRTRNTZAXX,1,ELCTZAXX02,2032,535.5871886120997
GLOBAL,S2D1,PWRTRNTZAXX,1,ELCTZAXX02,2033,572.0640569395017
GLOBAL,S2D1,PWRTRNTZAXX,1,ELCTZAXX02,2034,608.540925266904
GLOBAL,S2D1,PWRTRNTZAXX,1,ELCTZAXX02,2035,645.017793594306
GLOBAL,S2D1,PWRTRNTZAXX,1,ELCTZAXX02,2036,681.4946619217081
GLOBAL,S2D1,PWRTRNTZAXX,1,ELCTZAXX02,2037,717.9715302491104
GLOBAL,S2D1,PWRTRNTZAXX,1,ELCTZAXX02,2038,754.4483985765123
GLOBAL,S2D1,PWRTRNTZAXX,1,ELCTZAXX02,2039,790.9252669039147
GLOBAL,S2D1,PWRTRNTZAXX,1,ELCTZAXX02,2040,827.4021352313166
GLOBAL,S2D1,PWRTRNTZAXX,1,ELCTZAXX02,2041,880.338078291815
GLOBAL,S2D1,PWRTRNTZAXX,1,ELCTZAXX02,2042,933.2740213523133
GLOBAL,S2D1,PWRTRNTZAXX,1,ELCTZAXX02,2043,986.2099644128112
GLOBAL,S2D1,PWRTRNTZAXX,1,ELCTZAXX02,2044,1039.1459074733095
GLOBAL,S2D1,PWRTRNTZAXX,1,ELCTZAXX02,2045,1092.081850533808
GLOBAL,S2D1,PWRTRNTZAXX,1,ELCTZAXX02,2046,1145.017793594306
GLOBAL,S2D1,PWRTRNTZAXX,1,ELCTZAXX02,2047,1197.9537366548043
GLOBAL,S2D1,PWRTRNTZAXX,1,ELCTZAXX02,2048,1250.8896797153025
GLOBAL,S2D1,PWRTRNTZAXX,1,ELCTZAXX02,2049,1303.8256227758009
GLOBAL,S2D1,PWRTRNTZAXX,1,ELCTZAXX02,2050,1356.761565836299
GLOBAL,S2D1,PWRWONKENXX01,1,ELCKENXX01,2021,2.0217351168
GLOBAL,S2D1,PWRWONKENXX01,1,ELCKENXX01,2022,2.0217351168
GLOBAL,S2D1,PWRWONKENXX01,1,ELCKENXX01,2023,2.0217351168
GLOBAL,S2D1,PWRWONKENXX01,1,ELCKENXX01,2024,1.865291328
GLOBAL,S2D1,PWRWONKENXX01,1,ELCKENXX01,2025,1.865291328
GLOBAL,S2D1,PWRWONKENXX01,1,ELCKENXX01,2026,1.865291328
GLOBAL,S2D1,PWRWONKENXX01,1,ELCKENXX01,2027,1.865291328
GLOBAL,S2D1,PWRWONKENXX01,1,ELCKENXX01,2028,1.865291328
GLOBAL,S2D1,PWRWONKENXX01,1,ELCKENXX01,2029,1.865291328
GLOBAL,S2D1,PWRWONKENXX01,1,ELCKENXX01,2030,1.865291328
GLOBAL,S2D1,PWRWONKENXX01,1,ELCKENXX01,2031,1.865291328
GLOBAL,S2D1,PWRWONKENXX01,1,ELCKENXX01,2032,1.865291328
GLOBAL,S2D1,PWRWONKENXX01,1,ELCKENXX01,2033,1.865291328
GLOBAL,S2D1,PWRWONKENXX01,1,ELCKENXX01,2034,1.865291328
GLOBAL,S2D1,PWRWONKENXX01,1,ELCKENXX01,2035,1.865291328
GLOBAL,S2D1,PWRWONKENXX01,1,ELCKENXX01,2039,1.865291328
GLOBAL,S2D1,PWRWONKENXX01,1,ELCKENXX01,2042,1.865291328
GLOBAL,S2D1,PWRWONKENXX01,1,ELCKENXX01,2043,1.865291328
GLOBAL,S2D1,PWRWONKENXX01,1,ELCKENXX01,2044,1.865291328
GLOBAL,S2D1,PWRWONKENXX01,1,ELCKENXX01,2045,1.865291328
GLOBAL,S2D1,PWRWONKENXX01,1,ELCKENXX01,2046,1.865291328
GLOBAL,S2D1,PWRWONKENXX01,1,ELCKENXX01,2047,1.865291328
GLOBAL,S2D1,RNWBIOKENXX,1,BIOKENXX,2026,8.9688384
GLOBAL,S2D1,RNWBIOKENXX,1,BIOKENXX,2030,8.9688384
GLOBAL,S2D1,RNWGEOKENXX,1,GEOKENXX,2021,27.52842367987325
GLOBAL,S2D1,RNWGEOKENXX,1,GEOKENXX,2022,29.224212710478238
GLOBAL,S2D1,RNWGEOKENXX,1,GEOKENXX,2023,29.47687552526701
GLOBAL,S2D1,RNWGEOKENXX,1,GEOKENXX,2024,30.809645708702067
GLOBAL,S2D1,RNWGEOKENXX,1,GEOKENXX,2025,32.08188770158463
GLOBAL,S2D1,RNWGEOKENXX,1,GEOKENXX,2026,83.1315480574565
GLOBAL,S2D1,RNWGEOKENXX,1,GEOKENXX,2027,140.24025069090848
GLOBAL,S2D1,RNWGEOKENXX,1,GEOKENXX,2028,194.51071332436047
GLOBAL,S2D1,RNWGEOKENXX,1,GEOKENXX,2029,252.76767706500485
GLOBAL,S2D1,RNWGEOKENXX,1,GEOKENXX,2030,300.2133985912644
GLOBAL,S2D1,RNWGEOKENXX,1,GEOKENXX,2031,326.6281510467804
GLOBAL,S2D1,RNWGEOKENXX,1,GEOKENXX,2032,350.2046635022964
GLOBAL,S2D1,RNWGEOKENXX,1,GEOKENXX,2033,373.7811759578124
GLOBAL,S2D1,RNWGEOKENXX,1,GEOKENXX,2034,397.3576884133285
GLOBAL,S2D1,RNWGEOKENXX,1,GEOKENXX,2035,420.9342008688444
GLOBAL,S2D1,RNWGEOKENXX,1,GEOKENXX,2036,446.3760046523605
GLOBAL,S2D1,RNWGEOKENXX,1,GEOKENXX,2037,469.9525171078764
GLOBAL,S2D1,RNWGEOKENXX,1,GEOKENXX,2038,493.5290295633925
GLOBAL,S2D1,RNWGEOKENXX,1,GEOKENXX,2039,515.2402506909085
GLOBAL,S2D1,RNWGEOKENXX,1,GEOKENXX,2040,540.6820544744245
GLOBAL,S2D1,RNWGEOKENXX,1,GEOKENXX,2041,576.269243086524
GLOBAL,S2D1,RNWGEOKENXX,1,GEOKENXX,2042,609.9911403706237
GLOBAL,S2D1,RNWGEOKENXX,1,GEOKENXX,2043,645.5783289827233
GLOBAL,S2D1,RNWGEOKENXX,1,GEOKENXX,2044,681.165517594823
GLOBAL,S2D1,RNWGEOKENXX,1,GEOKENXX,2045,717.0619166869226
GLOBAL,S2D1,RNWGEOKENXX,1,GEOKENXX,2046,752.6491052990223
GLOBAL,S2D1,RNWGEOKENXX,1,GEOKENXX,2047,788.236293911122
GLOBAL,S2D1,RNWGEOKENXX,1,GEOKENXX,2048,825.6887738512216
GLOBAL,S2D1,RNWGEOKENXX,1,GEOKENXX,2049,861.2759624633213
GLOBAL,S2D1,RNWGEOKENXX,1,GEOKENXX,2050,896.863151075421
GLOBAL,S2D1,RNWGEOTZAXX,1,GEOTZAXX,2021,23.74758342964964
GLOBAL,S2D1,RNWGEOTZAXX,1,GEOTZAXX,2022,26.416622575557117
GLOBAL,S2D1,RNWGEOTZAXX,1,GEOTZAXX,2023,29.6808934219783
GLOBAL,S2D1,RNWGEOTZAXX,1,GEOTZAXX,2024,55.15522655026334
GLOBAL,S2D1,RNWGEOTZAXX,1,GEOTZAXX,2025,59.5324507495516
GLOBAL,S2D1,RNWGEOTZAXX,1,GEOTZAXX,2026,122.78867850755871
GLOBAL,S2D1,RNWGEOTZAXX,1,GEOTZAXX,2027,206.4185717459929
GLOBAL,S2D1,RNWGEOTZAXX,1,GEOTZAXX,2028,290.0484649844271
GLOBAL,S2D1,RNWGEOTZAXX,1,GEOTZAXX,2029,373.6783582228612
GLOBAL,S2D1,RNWGEOTZAXX,1,GEOTZAXX,2030,462.63345195729534
GLOBAL,S2D1,RNWGEOTZAXX,1,GEOTZAXX,2031,499.1103202846976
GLOBAL,S2D1,RNWGEOTZAXX,1,GEOTZAXX,2032,530.2619881160997
GLOBAL,S2D1,RNWGEOTZAXX,1,GEOTZAXX,2033,566.7388564435017
GLOBAL,S2D1,RNWGEOTZAXX,1,GEOTZAXX,2034,603.215724770904
GLOBAL,S2D1,RNWGEOTZAXX,1,GEOTZAXX,2035,639.692593098306
GLOBAL,S2D1,RNWGEOTZAXX,1,GEOTZAXX,2036,676.1694614257082
GLOBAL,S2D1,RNWGEOTZAXX,1,GEOTZAXX,2037,712.6463297531103
GLOBAL,S2D1,RNWGEOTZAXX,1,GEOTZAXX,2038,749.1231980805123
GLOBAL,S2D1,RNWGEOTZAXX,1,GEOTZAXX,2039,785.6000664079146
GLOBAL,S2D1,RNWGEOTZAXX,1,GEOTZAXX,2040,822.0769347353166
GLOBAL,S2D1,RNWGEOTZAXX,1,GEOTZAXX,2041,875.0128777958149
GLOBAL,S2D1,RNWGEOTZAXX,1,GEOTZAXX,2042,927.9488208563133
GLOBAL,S2D1,RNWGEOTZAXX,1,GEOTZAXX,2043,980.8847639168112
GLOBAL,S2D1,RNWGEOTZAXX,1,GEOTZAXX,2044,1033.8207069773096
GLOBAL,S2D1,RNWGEOTZAXX,1,GEOTZAXX,2045,1092.081850533808
GLOBAL,S2D1,RNWGEOTZAXX,1,GEOTZAXX,2046,1139.692593098306
GLOBAL,S2D1,RNWGEOTZAXX,1,GEOTZAXX,2047,1192.6285361588043
GLOBAL,S2D1,RNWGEOTZAXX,1,GEOTZAXX,2048,1245.5644792193025
GLOBAL,S2D1,RNWGEOTZAXX,1,GEOTZAXX,2049,1298.500422279801
GLOBAL,S2D1,RNWGEOTZAXX,1,GEOTZAXX,2050,1351.4363653402988
GLOBAL,S2D1,RNWHYDKENXX,1,HYDKENXX,2021,10.61015853312
GLOBAL,S2D1,RNWHYDKENXX,1,HYDKENXX,2022,10.61015853312
GLOBAL,S2D1,RNWHYDKENXX,1,HYDKENXX,2023,10.61015853312
GLOBAL,S2D1,RNWHYDKENXX,1,HYDKENXX,2024,10.61015853312
GLOBAL,S2D1,RNWHYDKENXX,1,HYDKENXX,2025,10.61015853312
GLOBAL,S2D1,RNWHYDKENXX,1,HYDKENXX,2026,10.61015853312
GLOBAL,S2D1,RNWHYDKENXX,1,HYDKENXX,2027,10.61015853312
GLOBAL,S2D1,RNWHYDKENXX,1,HYDKENXX,2028,10.61015853312
GLOBAL,S2D1,RNWHYDKENXX,1,HYDKENXX,2029,6.623657425927552
GLOBAL,S2D1,RNWHYDKENXX,1,HYDKENXX,2030,10.61015853312
GLOBAL,S2D1,RNWHYDKENXX,1,HYDKENXX,2031,10.61015853312
GLOBAL,S2D1,RNWHYDKENXX,1,HYDKENXX,2032,10.61015853312
GLOBAL,S2D1,RNWHYDKENXX,1,HYDKENXX,2033,10.61015853312
GLOBAL,S2D1,RNWHYDKENXX,1,HYDKENXX,2034,10.61015853312
GLOBAL,S2D1,RNWHYDKENXX,1,HYDKENXX,2035,10.61015853312
GLOBAL,S2D1,RNWHYDKENXX,1,HYDKENXX,2036,10.61015853312
GLOBAL,S2D1,RNWHYDKENXX,1,HYDKENXX,2037,10.61015853312
GLOBAL,S2D1,RNWHYDKENXX,1,HYDKENXX,2038,10.61015853312
GLOBAL,S2D1,RNWHYDKENXX,1,HYDKENXX,2039,10.61015853312
GLOBAL,S2D1,RNWHYDKENXX,1,HYDKENXX,2040,10.61015853312
GLOBAL,S2D1,RNWHYDKENXX,1,HYDKENXX,2041,10.61015853312
GLOBAL,S2D1,RNWHYDKENXX,1,HYDKENXX,2042,10.61015853312
GLOBAL,S2D1,RNWHYDKENXX,1,HYDKENXX,2043,10.61015853312
GLOBAL,S2D1,RNWHYDKENXX,1,HYDKENXX,2044,10.61015853312
GLOBAL,S2D1,RNWHYDKENXX,1,HYDKENXX,2045,10.61015853312
GLOBAL,S2D1,RNWHYDKENXX,1,HYDKENXX,2046,10.61015853312
GLOBAL,S2D1,RNWHYDKENXX,1,HYDKENXX,2047,10.61015853312
GLOBAL,S2D1,RNWHYDKENXX,1,HYDKENXX,2048,10.61015853312
GLOBAL,S2D1,RNWHYDKENXX,1,HYDKENXX,2049,10.61015853312
GLOBAL,S2D1,RNWHYDKENXX,1,HYDKENXX,2050,10.61015853312
GLOBAL,S2D1,RNWHYDTZAXX,1,HYDTZAXX,2021,5.325200496
GLOBAL,S2D1,RNWHYDTZAXX,1,HYDTZAXX,2022,5.325200496
GLOBAL,S2D1,RNWHYDTZAXX,1,HYDTZAXX,2023,5.325200496
GLOBAL,S2D1,RNWHYDTZAXX,1,HYDTZAXX,2024,5.325200496
GLOBAL,S2D1,RNWHYDTZAXX,1,HYDTZAXX,2025,5.325200496
GLOBAL,S2D1,RNWHYDTZAXX,1,HYDTZAXX,2026,5.325200496
GLOBAL,S2D1,RNWHYDTZAXX,1,HYDTZAXX,2027,5.325200496
GLOBAL,S2D1,RNWHYDTZAXX,1,HYDTZAXX,2028,5.325200496
GLOBAL,S2D1,RNWHYDTZAXX,1,HYDTZAXX,2029,5.325200496
GLOBAL,S2D1,RNWHYDTZAXX,1,HYDTZAXX,2032,5.325200496
GLOBAL,S2D1,RNWHYDTZAXX,1,HYDTZAXX,2033,5.325200496
GLOBAL,S2D1,RNWHYDTZAXX,1,HYDTZAXX,2034,5.325200496
GLOBAL,S2D1,RNWHYDTZAXX,1,HYDTZAXX,2035,5.325200496
GLOBAL,S2D1,RNWHYDTZAXX,1,HYDTZAXX,2036,5.325200496
GLOBAL,S2D1,RNWHYDTZAXX,1,HYDTZAXX,2037,5.325200496
GLOBAL,S2D1,RNWHYDTZAXX,1,HYDTZAXX,2038,5.325200496
GLOBAL,S2D1,RNWHYDTZAXX,1,HYDTZAXX,2039,5.325200496
GLOBAL,S2D1,RNWHYDTZAXX,1,HYDTZAXX,2040,5.325200496
GLOBAL,S2D1,RNWHYDTZAXX,1,HYDTZAXX,2041,5.325200496
GLOBAL,S2D1,RNWHYDTZAXX,1,HYDTZAXX,2042,5.325200496
GLOBAL,S2D1,RNWHYDTZAXX,1,HYDTZAXX,2043,5.325200496
GLOBAL,S2D1,RNWHYDTZAXX,1,HYDTZAXX,2044,5.325200496
GLOBAL,S2D1,RNWHYDTZAXX,1,HYDTZAXX,2046,5.325200496
GLOBAL,S2D1,RNWHYDTZAXX,1,HYDTZAXX,2047,5.325200496
GLOBAL,S2D1,RNWHYDTZAXX,1,HYDTZAXX,2048,5.325200496
GLOBAL,S2D1,RNWHYDTZAXX,1,HYDTZAXX,2049,5.325200496
GLOBAL,S2D1,RNWHYDTZAXX,1,HYDTZAXX,2050,5.325200496
GLOBAL,S2D1,RNWSPVKENXX,1,SPVKENXX,2021,0.18385488
GLOBAL,S2D1,RNWSPVKENXX,1,SPVKENXX,2022,0.26742528
GLOBAL,S2D1,RNWSPVKENXX,1,SPVKENXX,2023,0.30921048000000007
GLOBAL,S2D1,RNWSPVKENXX,1,SPVKENXX,2024,0.30921048000000007
GLOBAL,S2D1,RNWSPVKENXX,1,SPVKENXX,2025,0.30921048000000007
GLOBAL,S2D1,RNWSPVKENXX,1,SPVKENXX,2026,0.30921048000000007
GLOBAL,S2D1,RNWSPVKENXX,1,SPVKENXX,2027,0.30921048000000007
GLOBAL,S2D1,RNWSPVKENXX,1,SPVKENXX,2028,0.30921048000000007
GLOBAL,S2D1,RNWSPVKENXX,1,SPVKENXX,2029,0.30921048000000007
GLOBAL,S2D1,RNWSPVKENXX,1,SPVKENXX,2030,0.30921048000000007
GLOBAL,S2D1,RNWSPVKENXX,1,SPVKENXX,2031,0.30921048000000007
GLOBAL,S2D1,RNWSPVKENXX,1,SPVKENXX,2032,0.30921048000000007
GLOBAL,S2D1,RNWSPVKENXX,1,SPVKENXX,2033,0.30921048000000007
GLOBAL,S2D1,RNWSPVKENXX,1,SPVKENXX,2034,0.30921048000000007
GLOBAL,S2D1,RNWSPVKENXX,1,SPVKENXX,2035,0.30921048000000007
GLOBAL,S2D1,RNWSPVKENXX,1,SPVKENXX,2036,0.30921048000000007
GLOBAL,S2D1,RNWSPVKENXX,1,SPVKENXX,2037,0.30921048000000007
GLOBAL,S2D1,RNWSPVKENXX,1,SPVKENXX,2038,0.30921048000000007
GLOBAL,S2D1,RNWSPVKENXX,1,SPVKENXX,2039,0.30921048000000007
GLOBAL,S2D1,RNWSPVKENXX,1,SPVKENXX,2040,0.30921048000000007
GLOBAL,S2D1,RNWSPVKENXX,1,SPVKENXX,2041,0.30921048000000007
GLOBAL,S2D1,RNWSPVKENXX,1,SPVKENXX,2042,0.30921048000000007
GLOBAL,S2D1,RNWSPVKENXX,1,SPVKENXX,2043,0.30921048000000007
GLOBAL,S2D1,RNWSPVKENXX,1,SPVKENXX,2044,0.30921048000000007
GLOBAL,S2D1,RNWWONKENXX,1,WONKENXX,2021,2.0217351168
GLOBAL,S2D1,RNWWONKENXX,1,WONKENXX,2022,2.0217351168
GLOBAL,S2D1,RNWWONKENXX,1,WONKENXX,2023,2.0217351168
GLOBAL,S2D1,RNWWONKENXX,1,WONKENXX,2024,1.865291328
GLOBAL,S2D1,RNWWONKENXX,1,WONKENXX,2025,1.865291328
GLOBAL,S2D1,RNWWONKENXX,1,WONKENXX,2026,1.865291328
GLOBAL,S2D1,RNWWONKENXX,1,WONKENXX,2027,1.865291328
GLOBAL,S2D1,RNWWONKENXX,1,WONKENXX,2028,1.865291328
GLOBAL,S2D1,RNWWONKENXX,1,WONKENXX,2029,1.865291328
GLOBAL,S2D1,RNWWONKENXX,1,WONKENXX,2030,1.865291328
GLOBAL,S2D1,RNWWONKENXX,1,WONKENXX,2031,1.865291328
GLOBAL,S2D1,RNWWONKENXX,1,WONKENXX,2032,1.865291328
GLOBAL,S2D1,RNWWONKENXX,1,WONKENXX,2033,1.865291328
GLOBAL,S2D1,RNWWONKENXX,1,WONKENXX,2034,1.865291328
GLOBAL,S2D1,RNWWONKENXX,1,WONKENXX,2035,1.865291328
GLOBAL,S2D1,RNWWONKENXX,1,WONKENXX,2039,1.865291328
GLOBAL,S2D1,RNWWONKENXX,1,WONKENXX,2042,1.865291328
GLOBAL,S2D1,RNWWONKENXX,1,WONKENXX,2043,1.865291328
GLOBAL,S2D1,RNWWONKENXX,1,WONKENXX,2044,1.865291328
GLOBAL,S2D1,RNWWONKENXX,1,WONKENXX,2045,1.865291328
GLOBAL,S2D1,RNWWONKENXX,1,WONKENXX,2046,1.865291328
GLOBAL,S2D1,RNWWONKENXX,1,WONKENXX,2047,1.865291328
GLOBAL,S2D1,TRNKENXXTZAXX,1,ELCTZAXX01,2023,0.5810946941213417
GLOBAL,S2D1,TRNKENXXTZAXX,2,ELCKENXX01,2021,0.5810946941213417
GLOBAL,S2D1,TRNKENXXTZAXX,2,ELCKENXX01,2022,0.5810946941213417
GLOBAL,S2D2,MINGASINT,1,GASINT,2021,0.09422450995457603
GLOBAL,S2D2,MINGASINT,1,GASINT,2023,3.239453255485349
GLOBAL,S2D2,PWRBIOKENXX01,1,ELCKENXX01,2021,1.4042124477488256
GLOBAL,S2D2,PWRBIOKENXX01,1,ELCKENXX01,2022,0.6556727542738697
GLOBAL,S2D2,PWRBIOKENXX01,1,ELCKENXX01,2025,1.3004940811469072
GLOBAL,S2D2,PWRBIOTZAXX01,1,ELCTZAXX01,2021,3.529138887570853
GLOBAL,S2D2,PWRBIOTZAXX01,1,ELCTZAXX01,2022,3.529138887570853
GLOBAL,S2D2,PWRBIOTZAXX01,1,ELCTZAXX01,2023,3.529138887570853
GLOBAL,S2D2,PWRBIOTZAXX01,1,ELCTZAXX01,2024,3.529138887570853
GLOBAL,S2D2,PWRBIOTZAXX01,1,ELCTZAXX01,2025,3.529138887570853
GLOBAL,S2D2,PWRBIOTZAXX01,1,ELCTZAXX01,2026,3.4405485783809047
GLOBAL,S2D2,PWRBIOTZAXX01,1,ELCTZAXX01,2027,2.428651756647471
GLOBAL,S2D2,PWRBIOTZAXX01,1,ELCTZAXX01,2028,1.4167549349140045
GLOBAL,S2D2,PWRBIOTZAXX01,1,ELCTZAXX01,2029,2.6177800963377025
GLOBAL,S2D2,PWRBIOTZAXX01,1,ELCTZAXX01,2030,1.6716637667662455
GLOBAL,S2D2,PWRBIOTZAXX01,1,ELCTZAXX01,2031,1.7928731924396766
GLOBAL,S2D2,PWRBIOTZAXX01,1,ELCTZAXX01,2032,4.357579081124055
GLOBAL,S2D2,PWRBIOTZAXX01,1,ELCTZAXX01,2033,2.035292043787044
GLOBAL,S2D2,PWRBIOTZAXX01,1,ELCTZAXX01,2034,2.156501469459716
GLOBAL,S2D2,PWRBIOTZAXX01,1,ELCTZAXX01,2035,10.081167460343549
GLOBAL,S2D2,PWRBIOTZAXX01,1,ELCTZAXX01,2036,11.041394868491617
GLOBAL,S2D2,PWRBIOTZAXX01,1,ELCTZAXX01,2037,2.520129746480135
GLOBAL,S2D2,PWRBIOTZAXX01,1,ELCTZAXX01,2038,2.6413391721534394
GLOBAL,S2D2,PWRBIOTZAXX01,1,ELCTZAXX01,2039,2.7625485978263646
GLOBAL,S2D2,PWRBIOTZAXX01,1,ELCTZAXX01,2040,2.8837580234996687
GLOBAL,S2D2,PWRBIOTZAXX01,1,ELCTZAXX01,2041,3.05965950709853
GLOBAL,S2D2,PWRBIOTZAXX01,1,ELCTZAXX01,2042,8.560761486698027
GLOBAL,S2D2,PWRBIOTZAXX01,1,ELCTZAXX01,2043,8.736662970297141
GLOBAL,S2D2,PWRBIOTZAXX01,1,ELCTZAXX01,2044,3.5873639578960006
GLOBAL,S2D2,PWRBIOTZAXX01,1,ELCTZAXX01,2045,3.763265441495368
GLOBAL,S2D2,PWRBIOTZAXX01,1,ELCTZAXX01,2046,3.9391669250939767
GLOBAL,S2D2,PWRBIOTZAXX01,1,ELCTZAXX01,2047,26.159457380710688
GLOBAL,S2D2,PWRBIOTZAXX01,1,ELCTZAXX01,2048,28.130894128895143
GLOBAL,S2D2,PWRBIOTZAXX01,1,ELCTZAXX01,2049,30.102330877082053
GLOBAL,S2D2,PWRBIOTZAXX01,1,ELCTZAXX01,2050,4.642772859490688
GLOBAL,S2D2,PWRCCGTZAXX00,2,ELCTZAXX01,2021,0.03814757488039516
GLOBAL,S2D2,PWRCCGTZAXX00,2,ELCTZAXX01,2023,1.3115195366337449
GLOBAL,S2D2,PWRGEOKENXX01,1,ELCKENXX01,2021,32.99859494290263
GLOBAL,S2D2,PWRGEOKENXX01,1,ELCKENXX01,2022,34.57184007451448
GLOBAL,S2D2,PWRGEOKENXX01,1,ELCKENXX01,2023,34.07848114418743
GLOBAL,S2D2,PWRGEOKENXX01,1,ELCKENXX01,2024,36.07200886547767
GLOBAL,S2D2,PWRGEOKENXX01,1,ELCKENXX01,2025,37.90989265945448
GLOBAL,S2D2,PWRGEOKENXX01,1,ELCKENXX01,2026,101.36962235439222
GLOBAL,S2D2,PWRGEOKENXX01,1,ELCKENXX01,2027,166.49417751453456
GLOBAL,S2D2,PWRGEOKENXX01,1,ELCKENXX01,2028,239.7378086408621
GLOBAL,S2D2,PWRGEOKENXX01,1,ELCKENXX01,2029,296.7432878348193
GLOBAL,S2D2,PWRGEOKENXX01,1,ELCKENXX01,2030,361.8678429949617
GLOBAL,S2D2,PWRGEOKENXX01,1,ELCKENXX01,2031,390.15965794158086
GLOBAL,S2D2,PWRGEOKENXX01,1,ELCKENXX01,2032,418.4514728882001
GLOBAL,S2D2,PWRGEOKENXX01,1,ELCKENXX01,2033,448.4198992748193
GLOBAL,S2D2,PWRGEOKENXX01,1,ELCKENXX01,2034,475.03510278143847
GLOBAL,S2D2,PWRGEOKENXX01,1,ELCKENXX01,2035,505.0035291680577
GLOBAL,S2D2,PWRGEOKENXX01,1,ELCKENXX01,2036,531.618732674677
GLOBAL,S2D2,PWRGEOKENXX01,1,ELCKENXX01,2037,559.9105476212961
GLOBAL,S2D2,PWRGEOKENXX01,1,ELCKENXX01,2038,588.2023625679153
GLOBAL,S2D2,PWRGEOKENXX01,1,ELCKENXX01,2039,616.4941775145345
GLOBAL,S2D2,PWRGEOKENXX01,1,ELCKENXX01,2040,644.7859924611537
GLOBAL,S2D2,PWRGEOKENXX01,1,ELCKENXX01,2041,687.4906187956733
GLOBAL,S2D2,PWRGEOKENXX01,1,ELCKENXX01,2042,731.8718565701929
GLOBAL,S2D2,PWRGEOKENXX01,1,ELCKENXX01,2043,772.8998714647123
GLOBAL,S2D2,PWRGEOKENXX01,1,ELCKENXX01,2044,817.281109239232
GLOBAL,S2D2,PWRGEOKENXX01,1,ELCKENXX01,2045,863.1580698845312
GLOBAL,S2D2,PWRGEOKENXX01,1,ELCKENXX01,2046,905.8626962190507
GLOBAL,S2D2,PWRGEOKENXX01,1,ELCKENXX01,2047,948.5673225535704
GLOBAL,S2D2,PWRGEOKENXX01,1,ELCKENXX01,2048,992.9485603280899
GLOBAL,S2D2,PWRGEOKENXX01,1,ELCKENXX01,2049,1035.6531866626094
GLOBAL,S2D2,PWRGEOKENXX01,1,ELCKENXX01,2050,1078.357812997129
GLOBAL,S2D2,PWRGEOTZAXX01,1,ELCTZAXX01,2021,24.690119415043064
GLOBAL,S2D2,PWRGEOTZAXX01,1,ELCTZAXX01,2022,27.93111396501243
GLOBAL,S2D2,PWRGEOTZAXX01,1,ELCTZAXX01,2023,31.957672720193628
GLOBAL,S2D2,PWRGEOTZAXX01,1,ELCTZAXX01,2024,62.86015973800489
GLOBAL,S2D2,PWRGEOTZAXX01,1,ELCTZAXX01,2025,68.17539079995464
GLOBAL,S2D2,PWRGEOTZAXX01,1,ELCTZAXX01,2026,144.97090572988955
GLOBAL,S2D2,PWRGEOTZAXX01,1,ELCTZAXX01,2027,246.338674437744
GLOBAL,S2D2,PWRGEOTZAXX01,1,ELCTZAXX01,2028,347.7064431455985
GLOBAL,S2D2,PWRGEOTZAXX01,1,ELCTZAXX01,2029,446.86128987029576
GLOBAL,S2D2,PWRGEOTZAXX01,1,ELCTZAXX01,2030,548.1632780859882
GLOBAL,S2D2,PWRGEOTZAXX01,1,ELCTZAXX01,2031,591.8143106531973
GLOBAL,S2D2,PWRGEOTZAXX01,1,ELCTZAXX01,2032,635.465343220407
GLOBAL,S2D2,PWRGEOTZAXX01,1,ELCTZAXX01,2033,679.1163757876151
GLOBAL,S2D2,PWRGEOTZAXX01,1,ELCTZAXX01,2034,722.767408354825
GLOBAL,S2D2,PWRGEOTZAXX01,1,ELCTZAXX01,2035,758.6149843568238
GLOBAL,S2D2,PWRGEOTZAXX01,1,ELCTZAXX01,2036,801.426998941558
GLOBAL,S2D2,PWRGEOTZAXX01,1,ELCTZAXX01,2037,853.7205060564521
GLOBAL,S2D2,PWRGEOTZAXX01,1,ELCTZAXX01,2038,897.3715386236614
GLOBAL,S2D2,PWRGEOTZAXX01,1,ELCTZAXX01,2039,941.0225711908713
GLOBAL,S2D2,PWRGEOTZAXX01,1,ELCTZAXX01,2040,984.6736037580805
GLOBAL,S2D2,PWRGEOTZAXX01,1,ELCTZAXX01,2041,1048.0208339470794
GLOBAL,S2D2,PWRGEOTZAXX01,1,ELCTZAXX01,2042,1111.3680641360777
GLOBAL,S2D2,PWRGEOTZAXX01,1,ELCTZAXX01,2043,1174.715294325077
GLOBAL,S2D2,PWRGEOTZAXX01,1,ELCTZAXX01,2044,1238.0625245140754
GLOBAL,S2D2,PWRGEOTZAXX01,1,ELCTZAXX01,2045,1301.4097547030742
GLOBAL,S2D2,PWRGEOTZAXX01,1,ELCTZAXX01,2046,1364.7569848920732
GLOBAL,S2D2,PWRGEOTZAXX01,1,ELCTZAXX01,2047,1406.0598261090545
GLOBAL,S2D2,PWRGEOTZAXX01,1,ELCTZAXX01,2048,1467.611521033468
GLOBAL,S2D2,PWRGEOTZAXX01,1,ELCTZAXX01,2049,1529.1632159578787
GLOBAL,S2D2,PWRGEOTZAXX01,1,ELCTZAXX01,2050,1618.145905648068
GLOBAL,S2D2,PWRHYDKENXX01,1,ELCKENXX01,2021,10.61015853312
GLOBAL,S2D2,PWRHYDKENXX01,1,ELCKENXX01,2022,10.61015853312
GLOBAL,S2D2,PWRHYDKENXX01,1,ELCKENXX01,2023,10.61015853312
GLOBAL,S2D2,PWRHYDKENXX01,1,ELCKENXX01,2024,10.61015853312
GLOBAL,S2D2,PWRHYDKENXX01,1,ELCKENXX01,2025,10.61015853312
GLOBAL,S2D2,PWRHYDKENXX01,1,ELCKENXX01,2026,10.61015853312
GLOBAL,S2D2,PWRHYDKENXX01,1,ELCKENXX01,2027,10.61015853312
GLOBAL,S2D2,PWRHYDKENXX01,1,ELCKENXX01,2028,4.167694006934821
GLOBAL,S2D2,PWRHYDKENXX01,1,ELCKENXX01,2029,10.61015853312
GLOBAL,S2D2,PWRHYDKENXX01,1,ELCKENXX01,2030,10.61015853312
GLOBAL,S2D2,PWRHYDKENXX01,1,ELCKENXX01,2031,10.61015853312
GLOBAL,S2D2,PWRHYDKENXX01,1,ELCKENXX01,2032,10.61015853312
GLOBAL,S2D2,PWRHYDKENXX01,1,ELCKENXX01,2033,10.61015853312
GLOBAL,S2D2,PWRHYDKENXX01,1,ELCKENXX01,2034,10.61015853312
GLOBAL,S2D2,PWRHYDKENXX01,1,ELCKENXX01,2035,10.61015853312
GLOBAL,S2D2,PWRHYDKENXX01,1,ELCKENXX01,2036,10.61015853312
GLOBAL,S2D2,PWRHYDKENXX01,1,ELCKENXX01,2037,10.61015853312
GLOBAL,S2D2,PWRHYDKENXX01,1,ELCKENXX01,2038,10.61015853312
GLOBAL,S2D2,PWRHYDKENXX01,1,ELCKENXX01,2039,10.61015853312
GLOBAL,S2D2,PWRHYDKENXX01,1,ELCKENXX01,2040,10.61015853312
GLOBAL,S2D2,PWRHYDKENXX01,1,ELCKENXX01,2041,10.61015853312
GLOBAL,S2D2,PWRHYDKENXX01,1,ELCKENXX01,2042,10.61015853312
GLOBAL,S2D2,PWRHYDKENXX01,1,ELCKENXX01,2043,10.61015853312
GLOBAL,S2D2,PWRHYDKENXX01,1,ELCKENXX01,2044,10.61015853312
GLOBAL,S2D2,PWRHYDKENXX01,1,ELCKENXX01,2045,10.61015853312
GLOBAL,S2D2,PWRHYDKENXX01,1,ELCKENXX01,2046,10.61015853312
GLOBAL,S2D2,PWRHYDKENXX01,1,ELCKENXX01,2047,10.61015853312
GLOBAL,S2D2,PWRHYDKENXX01,1,ELCKENXX01,2048,10.61015853312
GLOBAL,S2D2,PWRHYDKENXX01,1,ELCKENXX01,2049,10.61015853312
GLOBAL,S2D2,PWRHYDKENXX01,1,ELCKENXX01,2050,10.61015853312
GLOBAL,S2D2,PWRHYDTZAXX01,1,ELCTZAXX01,2021,5.325200496
GLOBAL,S2D2,PWRHYDTZAXX01,1,ELCTZAXX01,2022,5.325200496
GLOBAL,S2D2,PWRHYDTZAXX01,1,ELCTZAXX01,2023,5.325200496
GLOBAL,S2D2,PWRHYDTZAXX01,1,ELCTZAXX01,2024,5.325200496
GLOBAL,S2D2,PWRHYDTZAXX01,1,ELCTZAXX01,2025,5.325200496
GLOBAL,S2D2,PWRHYDTZAXX01,1,ELCTZAXX01,2026,5.325200496
GLOBAL,S2D2,PWRHYDTZAXX01,1,ELCTZAXX01,2027,5.325200496
GLOBAL,S2D2,PWRHYDTZAXX01,1,ELCTZAXX01,2028,5.325200496
GLOBAL,S2D2,PWRHYDTZAXX01,1,ELCTZAXX01,2029,5.325200496
GLOBAL,S2D2,PWRHYDTZAXX01,1,ELCTZAXX01,2030,5.325200496
GLOBAL,S2D2,PWRHYDTZAXX01,1,ELCTZAXX01,2031,5.325200496
GLOBAL,S2D2,PWRHYDTZAXX01,1,ELCTZAXX01,2032,2.881704032988435
GLOBAL,S2D2,PWRHYDTZAXX01,1,ELCTZAXX01,2033,5.325200496
GLOBAL,S2D2,PWRHYDTZAXX01,1,ELCTZAXX01,2034,5.325200496
GLOBAL,S2D2,PWRHYDTZAXX01,1,ELCTZAXX01,2035,5.325200496
GLOBAL,S2D2,PWRHYDTZAXX01,1,ELCTZAXX01,2036,5.325200496
GLOBAL,S2D2,PWRHYDTZAXX01,1,ELCTZAXX01,2037,5.325200496
GLOBAL,S2D2,PWRHYDTZAXX01,1,ELCTZAXX01,2038,5.325200496
GLOBAL,S2D2,PWRHYDTZAXX01,1,ELCTZAXX01,2039,5.325200496
GLOBAL,S2D2,PWRHYDTZAXX01,1,ELCTZAXX01,2040,5.325200496
GLOBAL,S2D2,PWRHYDTZAXX01,1,ELCTZAXX01,2041,5.325200496
GLOBAL,S2D2,PWRHYDTZAXX01,1,ELCTZAXX01,2044,5.325200496
GLOBAL,S2D2,PWRHYDTZAXX01,1,ELCTZAXX01,2045,5.325200496
GLOBAL,S2D2,PWRHYDTZAXX01,1,ELCTZAXX01,2046,5.325200496
GLOBAL,S2D2,PWRHYDTZAXX01,1,ELCTZAXX01,2047,5.325200496
GLOBAL,S2D2,PWRHYDTZAXX01,1,ELCTZAXX01,2048,5.325200496
GLOBAL,S2D2,PWRHYDTZAXX01,1,ELCTZAXX01,2049,5.325200496
GLOBAL,S2D2,PWRHYDTZAXX01,1,ELCTZAXX01,2050,5.325200496
GLOBAL,S2D2,PWRSPVKENXX01,1,ELCKENXX01,2021,2.8831569328959814
GLOBAL,S2D2,PWRSPVKENXX01,1,ELCKENXX01,2022,4.193682811485063
GLOBAL,S2D2,PWRSPVKENXX01,1,ELCKENXX01,2023,4.275098837722992
GLOBAL,S2D2,PWRSPVKENXX01,1,ELCKENXX01,2024,4.848945750779605
GLOBAL,S2D2,PWRSPVKENXX01,1,ELCKENXX01,2025,4.848945750779605
GLOBAL,S2D2,PWRSPVKENXX01,1,ELCKENXX01,2026,4.848945750779604
GLOBAL,S2D2,PWRSPVKENXX01,1,ELCKENXX01,2027,4.848945750779605
GLOBAL,S2D2,PWRSPVKENXX01,1,ELCKENXX01,2028,4.848945750779604
GLOBAL,S2D2,PWRSPVKENXX01,1,ELCKENXX01,2029,4.848945750779604
GLOBAL,S2D2,PWRSPVKENXX01,1,ELCKENXX01,2030,4.848945750779605
GLOBAL,S2D2,PWRSPVKENXX01,1,ELCKENXX01,2031,4.848945750779605
GLOBAL,S2D2,PWRSPVKENXX01,1,ELCKENXX01,2032,4.848945750779604
GLOBAL,S2D2,PWRSPVKENXX01,1,ELCKENXX01,2033,4.848945750779604
GLOBAL,S2D2,PWRSPVKENXX01,1,ELCKENXX01,2034,4.848945750779604
GLOBAL,S2D2,PWRSPVKENXX01,1,ELCKENXX01,2035,4.848945750779604
GLOBAL,S2D2,PWRSPVKENXX01,1,ELCKENXX01,2036,4.848945750779604
GLOBAL,S2D2,PWRSPVKENXX01,1,ELCKENXX01,2037,4.848945750779605
GLOBAL,S2D2,PWRSPVKENXX01,1,ELCKENXX01,2038,4.848945750779604
GLOBAL,S2D2,PWRSPVKENXX01,1,ELCKENXX01,2039,4.848945750779605
GLOBAL,S2D2,PWRSPVKENXX01,1,ELCKENXX01,2040,4.848945750779604
GLOBAL,S2D2,PWRSPVKENXX01,1,ELCKENXX01,2041,4.848945750779605
GLOBAL,S2D2,PWRSPVKENXX01,1,ELCKENXX01,2042,4.848945750779604
GLOBAL,S2D2,PWRSPVKENXX01,1,ELCKENXX01,2043,4.848945750779604
GLOBAL,S2D2,PWRSPVKENXX01,1,ELCKENXX01,2044,4.848945750779605
GLOBAL,S2D2,PWRTRNKENXX,1,ELCKENXX02,2021,49.71335332066743
GLOBAL,S2D2,PWRTRNKENXX,1,ELCKENXX02,2022,51.848584637393415
GLOBAL,S2D2,PWRTRNKENXX,1,ELCKENXX02,2023,50.780968979030426
GLOBAL,S2D2,PWRTRNKENXX,1,ELCKENXX02,2024,53.20772458937727
GLOBAL,S2D2,PWRTRNKENXX,1,ELCKENXX02,2025,54.669491024501
GLOBAL,S2D2,PWRTRNKENXX,1,ELCKENXX02,2026,118.5053380782918
GLOBAL,S2D2,PWRTRNKENXX,1,ELCKENXX02,2027,183.62989323843416
GLOBAL,S2D2,PWRTRNKENXX,1,ELCKENXX02,2028,248.75444839857653
GLOBAL,S2D2,PWRTRNKENXX,1,ELCKENXX02,2029,313.87900355871886
GLOBAL,S2D2,PWRTRNKENXX,1,ELCKENXX02,2030,379.0035587188612
GLOBAL,S2D2,PWRTRNKENXX,1,ELCKENXX02,2031,407.2953736654805
GLOBAL,S2D2,PWRTRNKENXX,1,ELCKENXX02,2032,435.5871886120996
GLOBAL,S2D2,PWRTRNKENXX,1,ELCKENXX02,2033,463.87900355871886
GLOBAL,S2D2,PWRTRNKENXX,1,ELCKENXX02,2034,492.1708185053381
GLOBAL,S2D2,PWRTRNKENXX,1,ELCKENXX02,2035,520.4626334519572
GLOBAL,S2D2,PWRTRNKENXX,1,ELCKENXX02,2036,548.7544483985765
GLOBAL,S2D2,PWRTRNKENXX,1,ELCKENXX02,2037,577.0462633451957
GLOBAL,S2D2,PWRTRNKENXX,1,ELCKENXX02,2038,605.338078291815
GLOBAL,S2D2,PWRTRNKENXX,1,ELCKENXX02,2039,633.6298932384342
GLOBAL,S2D2,PWRTRNKENXX,1,ELCKENXX02,2040,661.9217081850534
GLOBAL,S2D2,PWRTRNKENXX,1,ELCKENXX02,2041,704.626334519573
GLOBAL,S2D2,PWRTRNKENXX,1,ELCKENXX02,2042,747.3309608540925
GLOBAL,S2D2,PWRTRNKENXX,1,ELCKENXX02,2043,790.0355871886121
GLOBAL,S2D2,PWRTRNKENXX,1,ELCKENXX02,2044,832.7402135231315
GLOBAL,S2D2,PWRTRNKENXX,1,ELCKENXX02,2045,875.4448398576513
GLOBAL,S2D2,PWRTRNKENXX,1,ELCKENXX02,2046,918.1494661921708
GLOBAL,S2D2,PWRTRNKENXX,1,ELCKENXX02,2047,960.8540925266904
GLOBAL,S2D2,PWRTRNKENXX,1,ELCKENXX02,2048,1003.55871886121
GLOBAL,S2D2,PWRTRNKENXX,1,ELCKENXX02,2049,1046.2633451957297
GLOBAL,S2D2,PWRTRNKENXX,1,ELCKENXX02,2050,1088.967971530249
GLOBAL,S2D2,PWRTRNTZAXX,1,ELCTZAXX02,2021,34.163701067615655
GLOBAL,S2D2,PWRTRNTZAXX,1,ELCTZAXX02,2022,37.36654804270463
GLOBAL,S2D2,PWRTRNTZAXX,1,ELCTZAXX02,2023,42.70462633451957
GLOBAL,S2D2,PWRTRNTZAXX,1,ELCTZAXX02,2024,72.57651245551601
GLOBAL,S2D2,PWRTRNTZAXX,1,ELCTZAXX02,2025,77.82918149466191
GLOBAL,S2D2,PWRTRNTZAXX,1,ELCTZAXX02,2026,153.73665480427047
GLOBAL,S2D2,PWRTRNTZAXX,1,ELCTZAXX02,2027,254.09252669039145
GLOBAL,S2D2,PWRTRNTZAXX,1,ELCTZAXX02,2028,354.4483985765125
GLOBAL,S2D2,PWRTRNTZAXX,1,ELCTZAXX02,2029,454.80427046263344
GLOBAL,S2D2,PWRTRNTZAXX,1,ELCTZAXX02,2030,555.1601423487544
GLOBAL,S2D2,PWRTRNTZAXX,1,ELCTZAXX02,2031,598.932384341637
GLOBAL,S2D2,PWRTRNTZAXX,1,ELCTZAXX02,2032,642.7046263345195
GLOBAL,S2D2,PWRTRNTZAXX,1,ELCTZAXX02,2033,686.476868327402
GLOBAL,S2D2,PWRTRNTZAXX,1,ELCTZAXX02,2034,730.2491103202847
GLOBAL,S2D2,PWRTRNTZAXX,1,ELCTZAXX02,2035,774.0213523131673
GLOBAL,S2D2,PWRTRNTZAXX,1,ELCTZAXX02,2036,817.7935943060497
GLOBAL,S2D2,PWRTRNTZAXX,1,ELCTZAXX02,2037,861.5658362989324
GLOBAL,S2D2,PWRTRNTZAXX,1,ELCTZAXX02,2038,905.338078291815
GLOBAL,S2D2,PWRTRNTZAXX,1,ELCTZAXX02,2039,949.1103202846977
GLOBAL,S2D2,PWRTRNTZAXX,1,ELCTZAXX02,2040,992.88256227758
GLOBAL,S2D2,PWRTRNTZAXX,1,ELCTZAXX02,2041,1056.405693950178
GLOBAL,S2D2,PWRTRNTZAXX,1,ELCTZAXX02,2042,1119.9288256227758
GLOBAL,S2D2,PWRTRNTZAXX,1,ELCTZAXX02,2043,1183.451957295374
GLOBAL,S2D2,PWRTRNTZAXX,1,ELCTZAXX02,2044,1246.9750889679715
GLOBAL,S2D2,PWRTRNTZAXX,1,ELCTZAXX02,2045,1310.4982206405696
GLOBAL,S2D2,PWRTRNTZAXX,1,ELCTZAXX02,2046,1374.0213523131672
GLOBAL,S2D2,PWRTRNTZAXX,1,ELCTZAXX02,2047,1437.5444839857653
GLOBAL,S2D2,PWRTRNTZAXX,1,ELCTZAXX02,2048,1501.067615658363
GLOBAL,S2D2,PWRTRNTZAXX,1,ELCTZAXX02,2049,1564.590747330961
GLOBAL,S2D2,PWRTRNTZAXX,1,ELCTZAXX02,2050,1628.1138790035586
GLOBAL,S2D2,PWRWONKENXX01,1,ELCKENXX01,2021,1.817230464
GLOBAL,S2D2,PWRWONKENXX01,1,ELCKENXX01,2022,1.817230464
GLOBAL,S2D2,PWRWONKENXX01,1,ELCKENXX01,2023,1.817230464
GLOBAL,S2D2,PWRWONKENXX01,1,ELCKENXX01,2024,1.67661144
GLOBAL,S2D2,PWRWONKENXX01,1,ELCKENXX01,2026,1.67661144
GLOBAL,S2D2,PWRWONKENXX01,1,ELCKENXX01,2027,1.67661144
GLOBAL,S2D2,PWRWONKENXX01,1,ELCKENXX01,2029,1.67661144
GLOBAL,S2D2,PWRWONKENXX01,1,ELCKENXX01,2030,1.67661144
GLOBAL,S2D2,PWRWONKENXX01,1,ELCKENXX01,2031,1.67661144
GLOBAL,S2D2,PWRWONKENXX01,1,ELCKENXX01,2032,1.67661144
GLOBAL,S2D2,PWRWONKENXX01,1,ELCKENXX01,2034,1.67661144
GLOBAL,S2D2,PWRWONKENXX01,1,ELCKENXX01,2036,1.67661144
GLOBAL,S2D2,PWRWONKENXX01,1,ELCKENXX01,2037,1.67661144
GLOBAL,S2D2,PWRWONKENXX01,1,ELCKENXX01,2038,1.67661144
GLOBAL,S2D2,PWRWONKENXX01,1,ELCKENXX01,2039,1.67661144
GLOBAL,S2D2,PWRWONKENXX01,1,ELCKENXX01,2040,1.67661144
GLOBAL,S2D2,PWRWONKENXX01,1,ELCKENXX01,2041,1.67661144
GLOBAL,S2D2,PWRWONKENXX01,1,ELCKENXX01,2043,1.67661144
GLOBAL,S2D2,PWRWONKENXX01,1,ELCKENXX01,2045,1.67661144
GLOBAL,S2D2,PWRWONKENXX01,1,ELCKENXX01,2046,1.67661144
GLOBAL,S2D2,PWRWONKENXX01,1,ELCKENXX01,2047,1.67661144
GLOBAL,S2D2,RNWBIOKENXX,1,BIOKENXX,2021,4.437311334886289
GLOBAL,S2D2,RNWBIOKENXX,1,BIOKENXX,2022,2.0719259035054285
GLOBAL,S2D2,RNWBIOKENXX,1,BIOKENXX,2025,4.109561296424227
GLOBAL,S2D2,RNWBIOTZAXX,1,BIOTZAXX,2021,11.75203249561094
GLOBAL,S2D2,RNWBIOTZAXX,1,BIOTZAXX,2022,11.75203249561094
GLOBAL,S2D2,RNWBIOTZAXX,1,BIOTZAXX,2023,11.75203249561094
GLOBAL,S2D2,RNWBIOTZAXX,1,BIOTZAXX,2024,11.75203249561094
GLOBAL,S2D2,RNWBIOTZAXX,1,BIOTZAXX,2025,11.75203249561094
GLOBAL,S2D2,RNWBIOTZAXX,1,BIOTZAXX,2026,11.457026766008417
GLOBAL,S2D2,RNWBIOTZAXX,1,BIOTZAXX,2027,8.087410349636077
GLOBAL,S2D2,RNWBIOTZAXX,1,BIOTZAXX,2028,4.717793933263635
GLOBAL,S2D2,RNWBIOTZAXX,1,BIOTZAXX,2029,8.717207720804547
GLOBAL,S2D2,RNWBIOTZAXX,1,BIOTZAXX,2030,5.566640343331599
GLOBAL,S2D2,RNWBIOTZAXX,1,BIOTZAXX,2031,5.970267730824124
GLOBAL,S2D2,RNWBIOTZAXX,1,BIOTZAXX,2032,14.5107383401431
GLOBAL,S2D2,RNWBIOTZAXX,1,BIOTZAXX,2033,6.777522505810857
GLOBAL,S2D2,RNWBIOTZAXX,1,BIOTZAXX,2034,7.181149893300854
GLOBAL,S2D2,RNWBIOTZAXX,1,BIOTZAXX,2035,33.57028764294402
GLOBAL,S2D2,RNWBIOTZAXX,1,BIOTZAXX,2036,36.76784491207708
GLOBAL,S2D2,RNWBIOTZAXX,1,BIOTZAXX,2037,8.39203205577885
GLOBAL,S2D2,RNWBIOTZAXX,1,BIOTZAXX,2038,8.795659443270953
GLOBAL,S2D2,RNWBIOTZAXX,1,BIOTZAXX,2039,9.199286830761794
GLOBAL,S2D2,RNWBIOTZAXX,1,BIOTZAXX,2040,9.602914218253897
GLOBAL,S2D2,RNWBIOTZAXX,1,BIOTZAXX,2041,10.188666158638108
GLOBAL,S2D2,RNWBIOTZAXX,1,BIOTZAXX,2042,28.50733575070443
GLOBAL,S2D2,RNWBIOTZAXX,1,BIOTZAXX,2043,29.093087691089483
GLOBAL,S2D2,RNWBIOTZAXX,1,BIOTZAXX,2044,11.945921979793685
GLOBAL,S2D2,RNWBIOTZAXX,1,BIOTZAXX,2045,12.531673920179577
GLOBAL,S2D2,RNWBIOTZAXX,1,BIOTZAXX,2046,13.117425860562944
GLOBAL,S2D2,RNWBIOTZAXX,1,BIOTZAXX,2047,87.1109930777666
GLOBAL,S2D2,RNWBIOTZAXX,1,BIOTZAXX,2048,93.67587744922082
GLOBAL,S2D2,RNWBIOTZAXX,1,BIOTZAXX,2049,100.24076182068325
GLOBAL,S2D2,RNWBIOTZAXX,1,BIOTZAXX,2050,15.46043362210399
GLOBAL,S2D2,RNWGEOKENXX,1,GEOKENXX,2021,32.99859494290263
GLOBAL,S2D2,RNWGEOKENXX,1,GEOKENXX,2022,34.57184007451448
GLOBAL,S2D2,RNWGEOKENXX,1,GEOKENXX,2023,34.07848114418743
GLOBAL,S2D2,RNWGEOKENXX,1,GEOKENXX,2024,36.07200886547767
GLOBAL,S2D2,RNWGEOKENXX,1,GEOKENXX,2025,37.90989265945448
GLOBAL,S2D2,RNWGEOKENXX,1,GEOKENXX,2026,101.36962235439222
GLOBAL,S2D2,RNWGEOKENXX,1,GEOKENXX,2027,166.49417751453456
GLOBAL,S2D2,RNWGEOKENXX,1,GEOKENXX,2028,239.7378086408621
GLOBAL,S2D2,RNWGEOKENXX,1,GEOKENXX,2029,296.7432878348193
GLOBAL,S2D2,RNWGEOKENXX,1,GEOKENXX,2030,361.8678429949617
GLOBAL,S2D2,RNWGEOKENXX,1,GEOKENXX,2031,390.15965794158086
GLOBAL,S2D2,RNWGEOKENXX,1,GEOKENXX,2032,418.4514728882001
GLOBAL,S2D2,RNWGEOKENXX,1,GEOKENXX,2033,448.4198992748193
GLOBAL,S2D2,RNWGEOKENXX,1,GEOKENXX,2034,475.03510278143847
GLOBAL,S2D2,RNWGEOKENXX,1,GEOKENXX,2035,505.0035291680577
GLOBAL,S2D2,RNWGEOKENXX,1,GEOKENXX,2036,531.618732674677
GLOBAL,S2D2,RNWGEOKENXX,1,GEOKENXX,2037,559.9105476212961
GLOBAL,S2D2,RNWGEOKENXX,1,GEOKENXX,2038,588.2023625679153
GLOBAL,S2D2,RNWGEOKENXX,1,GEOKENXX,2039,616.4941775145345
GLOBAL,S2D2,RNWGEOKENXX,1,GEOKENXX,2040,644.7859924611537
GLOBAL,S2D2,RNWGEOKENXX,1,GEOKENXX,2041,687.4906187956733
GLOBAL,S2D2,RNWGEOKENXX,1,GEOKENXX,2042,731.8718565701929
GLOBAL,S2D2,RNWGEOKENXX,1,GEOKENXX,2043,772.8998714647123
GLOBAL,S2D2,RNWGEOKENXX,1,GEOKENXX,2044,817.281109239232
GLOBAL,S2D2,RNWGEOKENXX,1,GEOKENXX,2045,863.1580698845312
GLOBAL,S2D2,RNWGEOKENXX,1,GEOKENXX,2046,905.8626962190507
GLOBAL,S2D2,RNWGEOKENXX,1,GEOKENXX,2047,948.5673225535704
GLOBAL,S2D2,RNWGEOKENXX,1,GEOKENXX,2048,992.9485603280899
GLOBAL,S2D2,RNWGEOKENXX,1,GEOKENXX,2049,1035.6531866626094
GLOBAL,S2D2,RNWGEOKENXX,1,GEOKENXX,2050,1078.357812997129
GLOBAL,S2D2,RNWGEOTZAXX,1,GEOTZAXX,2021,24.690119415043064
GLOBAL,S2D2,RNWGEOTZAXX,1,GEOTZAXX,2022,27.93111396501243
GLOBAL,S2D2,RNWGEOTZAXX,1,GEOTZAXX,2023,31.957672720193628
GLOBAL,S2D2,RNWGEOTZAXX,1,GEOTZAXX,2024,62.86015973800489
GLOBAL,S2D2,RNWGEOTZAXX,1,GEOTZAXX,2025,68.17539079995464
GLOBAL,S2D2,RNWGEOTZAXX,1,GEOTZAXX,2026,144.97090572988958
GLOBAL,S2D2,RNWGEOTZAXX,1,GEOTZAXX,2027,246.338674437744
GLOBAL,S2D2,RNWGEOTZAXX,1,GEOTZAXX,2028,347.7064431455985
GLOBAL,S2D2,RNWGEOTZAXX,1,GEOTZAXX,2029,446.86128987029576
GLOBAL,S2D2,RNWGEOTZAXX,1,GEOTZAXX,2030,548.1632780859882
GLOBAL,S2D2,RNWGEOTZAXX,1,GEOTZAXX,2031,591.8143106531973
GLOBAL,S2D2,RNWGEOTZAXX,1,GEOTZAXX,2032,635.4653432204065
GLOBAL,S2D2,RNWGEOTZAXX,1,GEOTZAXX,2033,679.1163757876158
GLOBAL,S2D2,RNWGEOTZAXX,1,GEOTZAXX,2034,722.767408354825
GLOBAL,S2D2,RNWGEOTZAXX,1,GEOTZAXX,2035,758.6149843568238
GLOBAL,S2D2,RNWGEOTZAXX,1,GEOTZAXX,2036,801.426998941558
GLOBAL,S2D2,RNWGEOTZAXX,1,GEOTZAXX,2037,853.7205060564521
GLOBAL,S2D2,RNWGEOTZAXX,1,GEOTZAXX,2038,897.3715386236614
GLOBAL,S2D2,RNWGEOTZAXX,1,GEOTZAXX,2039,941.0225711908713
GLOBAL,S2D2,RNWGEOTZAXX,1,GEOTZAXX,2040,984.6736037580805
GLOBAL,S2D2,RNWGEOTZAXX,1,GEOTZAXX,2041,1048.0208339470794
GLOBAL,S2D2,RNWGEOTZAXX,1,GEOTZAXX,2042,1111.3680641360777
GLOBAL,S2D2,RNWGEOTZAXX,1,GEOTZAXX,2043,1174.715294325077
GLOBAL,S2D2,RNWGEOTZAXX,1,GEOTZAXX,2044,1238.0625245140754
GLOBAL,S2D2,RNWGEOTZAXX,1,GEOTZAXX,2045,1301.4097547030742
GLOBAL,S2D2,RNWGEOTZAXX,1,GEOTZAXX,2046,1364.7569848920732
GLOBAL,S2D2,RNWGEOTZAXX,1,GEOTZAXX,2047,1406.0598261090545
GLOBAL,S2D2,RNWGEOTZAXX,1,GEOTZAXX,2048,1467.611521033468
GLOBAL,S2D2,RNWGEOTZAXX,1,GEOTZAXX,2049,1529.1632159578787
GLOBAL,S2D2,RNWGEOTZAXX,1,GEOTZAXX,2050,1618.145905648068
GLOBAL,S2D2,RNWHYDKENXX,1,HYDKENXX,2021,10.61015853312
GLOBAL,S2D2,RNWHYDKENXX,1,HYDKENXX,2022,10.61015853312
GLOBAL,S2D2,RNWHYDKENXX,1,HYDKENXX,2023,10.61015853312
GLOBAL,S2D2,RNWHYDKENXX,1,HYDKENXX,2024,10.61015853312
GLOBAL,S2D2,RNWHYDKENXX,1,HYDKENXX,2025,10.61015853312
GLOBAL,S2D2,RNWHYDKENXX,1,HYDKENXX,2026,10.61015853312
GLOBAL,S2D2,RNWHYDKENXX,1,HYDKENXX,2027,10.61015853312
GLOBAL,S2D2,RNWHYDKENXX,1,HYDKENXX,2028,4.167694006934821
GLOBAL,S2D2,RNWHYDKENXX,1,HYDKENXX,2029,10.61015853312
GLOBAL,S2D2,RNWHYDKENXX,1,HYDKENXX,2030,10.61015853312
GLOBAL,S2D2,RNWHYDKENXX,1,HYDKENXX,2031,10.61015853312
GLOBAL,S2D2,RNWHYDKENXX,1,HYDKENXX,2032,10.61015853312
GLOBAL,S2D2,RNWHYDKENXX,1,HYDKENXX,2033,10.61015853312
GLOBAL,S2D2,RNWHYDKENXX,1,HYDKENXX,2034,10.61015853312
GLOBAL,S2D2,RNWHYDKENXX,1,HYDKENXX,2035,10.61015853312
GLOBAL,S2D2,RNWHYDKENXX,1,HYDKENXX,2036,10.61015853312
GLOBAL,S2D2,RNWHYDKENXX,1,HYDKENXX,2037,10.61015853312
GLOBAL,S2D2,RNWHYDKENXX,1,HYDKENXX,2038,10.61015853312
GLOBAL,S2D2,RNWHYDKENXX,1,HYDKENXX,2039,10.61015853312
GLOBAL,S2D2,RNWHYDKENXX,1,HYDKENXX,2040,10.61015853312
GLOBAL,S2D2,RNWHYDKENXX,1,HYDKENXX,2041,10.61015853312
GLOBAL,S2D2,RNWHYDKENXX,1,HYDKENXX,2042,10.61015853312
GLOBAL,S2D2,RNWHYDKENXX,1,HYDKENXX,2043,10.61015853312
GLOBAL,S2D2,RNWHYDKENXX,1,HYDKENXX,2044,10.61015853312
GLOBAL,S2D2,RNWHYDKENXX,1,HYDKENXX,2045,10.61015853312
GLOBAL,S2D2,RNWHYDKENXX,1,HYDKENXX,2046,10.61015853312
GLOBAL,S2D2,RNWHYDKENXX,1,HYDKENXX,2047,10.61015853312
GLOBAL,S2D2,RNWHYDKENXX,1,HYDKENXX,2048,10.61015853312
GLOBAL,S2D2,RNWHYDKENXX,1,HYDKENXX,2049,10.61015853312
GLOBAL,S2D2,RNWHYDKENXX,1,HYDKENXX,2050,10.61015853312
GLOBAL,S2D2,RNWHYDTZAXX,1,HYDTZAXX,2021,5.325200496
GLOBAL,S2D2,RNWHYDTZAXX,1,HYDTZAXX,2022,5.325200496
GLOBAL,S2D2,RNWHYDTZAXX,1,HYDTZAXX,2023,5.325200496
GLOBAL,S2D2,RNWHYDTZAXX,1,HYDTZAXX,2024,5.325200496
GLOBAL,S2D2,RNWHYDTZAXX,1,HYDTZAXX,2025,5.325200496
GLOBAL,S2D2,RNWHYDTZAXX,1,HYDTZAXX,2026,5.325200496
GLOBAL,S2D2,RNWHYDTZAXX,1,HYDTZAXX,2027,5.325200496
GLOBAL,S2D2,RNWHYDTZAXX,1,HYDTZAXX,2028,5.325200496
GLOBAL,S2D2,RNWHYDTZAXX,1,HYDTZAXX,2029,5.325200496
GLOBAL,S2D2,RNWHYDTZAXX,1,HYDTZAXX,2030,5.325200496
GLOBAL,S2D2,RNWHYDTZAXX,1,HYDTZAXX,2031,5.325200496
GLOBAL,S2D2,RNWHYDTZAXX,1,HYDTZAXX,2032,2.881704032988435
GLOBAL,S2D2,RNWHYDTZAXX,1,HYDTZAXX,2033,5.325200496
GLOBAL,S2D2,RNWHYDTZAXX,1,HYDTZAXX,2034,5.325200496
GLOBAL,S2D2,RNWHYDTZAXX,1,HYDTZAXX,2035,5.325200496
GLOBAL,S2D2,RNWHYDTZAXX,1,HYDTZAXX,2036,5.325200496
GLOBAL,S2D2,RNWHYDTZAXX,1,HYDTZAXX,2037,5.325200496
GLOBAL,S2D2,RNWHYDTZAXX,1,HYDTZAXX,2038,5.325200496
GLOBAL,S2D2,RNWHYDTZAXX,1,HYDTZAXX,2039,5.325200496
GLOBAL,S2D2,RNWHYDTZAXX,1,HYDTZAXX,2040,5.325200496
GLOBAL,S2D2,RNWHYDTZAXX,1,HYDTZAXX,2041,5.325200496
GLOBAL,S2D2,RNWHYDTZAXX,1,HYDTZAXX,2044,5.325200496
GLOBAL,S2D2,RNWHYDTZAXX,1,HYDTZAXX,2045,5.325200496
GLOBAL,S2D2,RNWHYDTZAXX,1,HYDTZAXX,2046,5.325200496
GLOBAL,S2D2,RNWHYDTZAXX,1,HYDTZAXX,2047,5.325200496
GLOBAL,S2D2,RNWHYDTZAXX,1,HYDTZAXX,2048,5.325200496
GLOBAL,S2D2,RNWHYDTZAXX,1,HYDTZAXX,2049,5.325200496
GLOBAL,S2D2,RNWHYDTZAXX,1,HYDTZAXX,2050,5.325200496
GLOBAL,S2D2,RNWSPVKENXX,1,SPVKENXX,2021,2.8831569328959814
GLOBAL,S2D2,RNWSPVKENXX,1,SPVKENXX,2022,4.193682811485063
GLOBAL,S2D2,RNWSPVKENXX,1,SPVKENXX,2023,4.275098837722992
GLOBAL,S2D2,RNWSPVKENXX,1,SPVKENXX,2024,4.848945750779605
GLOBAL,S2D2,RNWSPVKENXX,1,SPVKENXX,2025,4.848945750779605
GLOBAL,S2D2,RNWSPVKENXX,1,SPVKENXX,2026,4.848945750779604
GLOBAL,S2D2,RNWSPVKENXX,1,SPVKENXX,2027,4.848945750779605
GLOBAL,S2D2,RNWSPVKENXX,1,SPVKENXX,2028,4.848945750779605
GLOBAL,S2D2,RNWSPVKENXX,1,SPVKENXX,2029,4.848945750779604
GLOBAL,S2D2,RNWSPVKENXX,1,SPVKENXX,2030,4.848945750779605
GLOBAL,S2D2,RNWSPVKENXX,1,SPVKENXX,2031,4.848945750779605
GLOBAL,S2D2,RNWSPVKENXX,1,SPVKENXX,2032,4.848945750779604
GLOBAL,S2D2,RNWSPVKENXX,1,SPVKENXX,2033,4.848945750779604
GLOBAL,S2D2,RNWSPVKENXX,1,SPVKENXX,2034,4.848945750779604
GLOBAL,S2D2,RNWSPVKENXX,1,SPVKENXX,2035,4.848945750779604
GLOBAL,S2D2,RNWSPVKENXX,1,SPVKENXX,2036,4.848945750779604
GLOBAL,S2D2,RNWSPVKENXX,1,SPVKENXX,2037,4.848945750779605
GLOBAL,S2D2,RNWSPVKENXX,1,SPVKENXX,2038,4.848945750779604
GLOBAL,S2D2,RNWSPVKENXX,1,SPVKENXX,2039,4.848945750779605
GLOBAL,S2D2,RNWSPVKENXX,1,SPVKENXX,2040,4.848945750779604
GLOBAL,S2D2,RNWSPVKENXX,1,SPVKENXX,2041,4.848945750779605
GLOBAL,S2D2,RNWSPVKENXX,1,SPVKENXX,2042,4.848945750779604
GLOBAL,S2D2,RNWSPVKENXX,1,SPVKENXX,2043,4.848945750779604
GLOBAL,S2D2,RNWSPVKENXX,1,SPVKENXX,2044,4.848945750779605
GLOBAL,S2D2,RNWWONKENXX,1,WONKENXX,2021,1.817230464
GLOBAL,S2D2,RNWWONKENXX,1,WONKENXX,2022,1.817230464
GLOBAL,S2D2,RNWWONKENXX,1,WONKENXX,2023,1.817230464
GLOBAL,S2D2,RNWWONKENXX,1,WONKENXX,2024,1.67661144
GLOBAL,S2D2,RNWWONKENXX,1,WONKENXX,2026,1.67661144
GLOBAL,S2D2,RNWWONKENXX,1,WONKENXX,2027,1.67661144
GLOBAL,S2D2,RNWWONKENXX,1,WONKENXX,2029,1.67661144
GLOBAL,S2D2,RNWWONKENXX,1,WONKENXX,2030,1.67661144
GLOBAL,S2D2,RNWWONKENXX,1,WONKENXX,2031,1.67661144
GLOBAL,S2D2,RNWWONKENXX,1,WONKENXX,2032,1.67661144
GLOBAL,S2D2,RNWWONKENXX,1,WONKENXX,2034,1.67661144
GLOBAL,S2D2,RNWWONKENXX,1,WONKENXX,2036,1.67661144
GLOBAL,S2D2,RNWWONKENXX,1,WONKENXX,2037,1.67661144
GLOBAL,S2D2,RNWWONKENXX,1,WONKENXX,2038,1.67661144
GLOBAL,S2D2,RNWWONKENXX,1,WONKENXX,2039,1.67661144
GLOBAL,S2D2,RNWWONKENXX,1,WONKENXX,2040,1.67661144
GLOBAL,S2D2,RNWWONKENXX,1,WONKENXX,2041,1.67661144
GLOBAL,S2D2,RNWWONKENXX,1,WONKENXX,2043,1.67661144
GLOBAL,S2D2,RNWWONKENXX,1,WONKENXX,2045,1.67661144
GLOBAL,S2D2,RNWWONKENXX,1,WONKENXX,2046,1.67661144
GLOBAL,S2D2,RNWWONKENXX,1,WONKENXX,2047,1.67661144
GLOBAL,S2D2,TRNKENXXTZAXX,1,ELCTZAXX01,2021,0.5810946941213417
GLOBAL,S2D2,TRNKENXXTZAXX,1,ELCTZAXX01,2022,0.5810946941213417
GLOBAL,S2D2,TRNKENXXTZAXX,1,ELCTZAXX01,2023,0.5810946941213417
GLOBAL,S2D2,TRNKENXXTZAXX,1,ELCTZAXX01,2024,0.8620133339402829
GLOBAL,S2D2,TRNKENXXTZAXX,1,ELCTZAXX01,2025,0.7994513111364154
GLOBAL,S2D3,PWRBIOKENXX01,1,ELCKENXX01,2021,2.83824
GLOBAL,S2D3,PWRBIOKENXX01,1,ELCKENXX01,2022,2.83824
GLOBAL,S2D3,PWRBIOKENXX01,1,ELCKENXX01,2023,1.3238715336729447
GLOBAL,S2D3,PWRBIOKENXX01,1,ELCKENXX01,2024,2.83824
GLOBAL,S2D3,PWRBIOKENXX01,1,ELCKENXX01,2025,2.83824
GLOBAL,S2D3,PWRBIOKENXX01,1,ELCKENXX01,2026,2.83824
GLOBAL,S2D3,PWRBIOKENXX01,1,ELCKENXX01,2027,2.83824
GLOBAL,S2D3,PWRBIOKENXX01,1,ELCKENXX01,2028,2.83824
GLOBAL,S2D3,PWRBIOKENXX01,1,ELCKENXX01,2029,2.83824
GLOBAL,S2D3,PWRBIOKENXX01,1,ELCKENXX01,2030,2.83824
GLOBAL,S2D3,PWRBIOTZAXX01,1,ELCTZAXX01,2034,9.009693434136745
GLOBAL,S2D3,PWRGEOKENXX01,1,ELCKENXX01,2021,32.197670124560176
GLOBAL,S2D3,PWRGEOKENXX01,1,ELCKENXX01,2022,33.02237556269708
GLOBAL,S2D3,PWRGEOKENXX01,1,ELCKENXX01,2023,34.57184007451448
GLOBAL,S2D3,PWRGEOKENXX01,1,ELCKENXX01,2024,32.93849014388686
GLOBAL,S2D3,PWRGEOKENXX01,1,ELCKENXX01,2025,34.46518053534594
GLOBAL,S2D3,PWRGEOKENXX01,1,ELCKENXX01,2026,99.1306609623922
GLOBAL,S2D3,PWRGEOKENXX01,1,ELCKENXX01,2027,172.29124990324976
GLOBAL,S2D3,PWRGEOKENXX01,1,ELCKENXX01,2028,229.37977128267693
GLOBAL,S2D3,PWRGEOKENXX01,1,ELCKENXX01,2029,294.50432644281926
GLOBAL,S2D3,PWRGEOKENXX01,1,ELCKENXX01,2030,359.6288816029616
GLOBAL,S2D3,PWRGEOKENXX01,1,ELCKENXX01,2031,390.7589365495808
GLOBAL,S2D3,PWRGEOKENXX01,1,ELCKENXX01,2032,419.05075149620006
GLOBAL,S2D3,PWRGEOKENXX01,1,ELCKENXX01,2033,447.3425664428193
GLOBAL,S2D3,PWRGEOKENXX01,1,ELCKENXX01,2034,475.6343813894385
GLOBAL,S2D3,PWRGEOKENXX01,1,ELCKENXX01,2035,503.92619633605767
GLOBAL,S2D3,PWRGEOKENXX01,1,ELCKENXX01,2036,532.2180112826769
GLOBAL,S2D3,PWRGEOKENXX01,1,ELCKENXX01,2037,560.5098262292961
GLOBAL,S2D3,PWRGEOKENXX01,1,ELCKENXX01,2038,588.8016411759153
GLOBAL,S2D3,PWRGEOKENXX01,1,ELCKENXX01,2039,617.0934561225345
GLOBAL,S2D3,PWRGEOKENXX01,1,ELCKENXX01,2040,645.3852710691538
GLOBAL,S2D3,PWRGEOKENXX01,1,ELCKENXX01,2041,688.0898974036733
GLOBAL,S2D3,PWRGEOKENXX01,1,ELCKENXX01,2042,730.794523738193
GLOBAL,S2D3,PWRGEOKENXX01,1,ELCKENXX01,2043,773.4991500727123
GLOBAL,S2D3,PWRGEOKENXX01,1,ELCKENXX01,2044,816.203776407232
GLOBAL,S2D3,PWRGEOKENXX01,1,ELCKENXX01,2045,863.7573484925312
GLOBAL,S2D3,PWRGEOKENXX01,1,ELCKENXX01,2046,906.4619748270509
GLOBAL,S2D3,PWRGEOKENXX01,1,ELCKENXX01,2047,949.1666011615703
GLOBAL,S2D3,PWRGEOKENXX01,1,ELCKENXX01,2048,992.9485603280899
GLOBAL,S2D3,PWRGEOKENXX01,1,ELCKENXX01,2049,1035.6531866626094
GLOBAL,S2D3,PWRGEOKENXX01,1,ELCKENXX01,2050,1088.967971530249
GLOBAL,S2D3,PWRGEOTZAXX01,1,ELCTZAXX01,2021,23.74758342964964
GLOBAL,S2D3,PWRGEOTZAXX01,1,ELCTZAXX01,2022,26.416622575557117
GLOBAL,S2D3,PWRGEOTZAXX01,1,ELCTZAXX01,2023,29.6808934219783
GLOBAL,S2D3,PWRGEOTZAXX01,1,ELCTZAXX01,2024,55.15522655026334
GLOBAL,S2D3,PWRGEOTZAXX01,1,ELCTZAXX01,2025,59.5324507495516
GLOBAL,S2D3,PWRGEOTZAXX01,1,ELCTZAXX01,2026,122.78867850755871
GLOBAL,S2D3,PWRGEOTZAXX01,1,ELCTZAXX01,2027,206.4185717459929
GLOBAL,S2D3,PWRGEOTZAXX01,1,ELCTZAXX01,2028,290.0484649844271
GLOBAL,S2D3,PWRGEOTZAXX01,1,ELCTZAXX01,2029,373.6783582228612
GLOBAL,S2D3,PWRGEOTZAXX01,1,ELCTZAXX01,2030,457.30825146129536
GLOBAL,S2D3,PWRGEOTZAXX01,1,ELCTZAXX01,2031,493.7851197886975
GLOBAL,S2D3,PWRGEOTZAXX01,1,ELCTZAXX01,2032,530.2619881160997
GLOBAL,S2D3,PWRGEOTZAXX01,1,ELCTZAXX01,2033,566.7388564435017
GLOBAL,S2D3,PWRGEOTZAXX01,1,ELCTZAXX01,2034,594.2060313367673
GLOBAL,S2D3,PWRGEOTZAXX01,1,ELCTZAXX01,2035,639.692593098306
GLOBAL,S2D3,PWRGEOTZAXX01,1,ELCTZAXX01,2036,676.1694614257082
GLOBAL,S2D3,PWRGEOTZAXX01,1,ELCTZAXX01,2037,717.9715302491104
GLOBAL,S2D3,PWRGEOTZAXX01,1,ELCTZAXX01,2038,749.1231980805123
GLOBAL,S2D3,PWRGEOTZAXX01,1,ELCTZAXX01,2039,785.6000664079146
GLOBAL,S2D3,PWRGEOTZAXX01,1,ELCTZAXX01,2040,827.4021352313166
GLOBAL,S2D3,PWRGEOTZAXX01,1,ELCTZAXX01,2041,880.338078291815
GLOBAL,S2D3,PWRGEOTZAXX01,1,ELCTZAXX01,2042,927.9488208563133
GLOBAL,S2D3,PWRGEOTZAXX01,1,ELCTZAXX01,2043,980.8847639168112
GLOBAL,S2D3,PWRGEOTZAXX01,1,ELCTZAXX01,2044,1039.1459074733095
GLOBAL,S2D3,PWRGEOTZAXX01,1,ELCTZAXX01,2045,1086.7566500378075
GLOBAL,S2D3,PWRGEOTZAXX01,1,ELCTZAXX01,2046,1145.017793594306
GLOBAL,S2D3,PWRGEOTZAXX01,1,ELCTZAXX01,2047,1192.6285361588043
GLOBAL,S2D3,PWRGEOTZAXX01,1,ELCTZAXX01,2048,1245.5644792193025
GLOBAL,S2D3,PWRGEOTZAXX01,1,ELCTZAXX01,2049,1298.500422279801
GLOBAL,S2D3,PWRGEOTZAXX01,1,ELCTZAXX01,2050,1356.761565836299
GLOBAL,S2D3,PWRHYDKENXX01,1,ELCKENXX01,2021,10.61015853312
GLOBAL,S2D3,PWRHYDKENXX01,1,ELCKENXX01,2022,10.61015853312
GLOBAL,S2D3,PWRHYDKENXX01,1,ELCKENXX01,2023,10.61015853312
GLOBAL,S2D3,PWRHYDKENXX01,1,ELCKENXX01,2024,10.61015853312
GLOBAL,S2D3,PWRHYDKENXX01,1,ELCKENXX01,2025,10.61015853312
GLOBAL,S2D3,PWRHYDKENXX01,1,ELCKENXX01,2026,10.61015853312
GLOBAL,S2D3,PWRHYDKENXX01,1,ELCKENXX01,2027,2.5741247524048343
GLOBAL,S2D3,PWRHYDKENXX01,1,ELCKENXX01,2028,10.61015853312
GLOBAL,S2D3,PWRHYDKENXX01,1,ELCKENXX01,2029,10.61015853312
GLOBAL,S2D3,PWRHYDKENXX01,1,ELCKENXX01,2030,10.61015853312
GLOBAL,S2D3,PWRHYDKENXX01,1,ELCKENXX01,2031,10.61015853312
GLOBAL,S2D3,PWRHYDKENXX01,1,ELCKENXX01,2032,10.61015853312
GLOBAL,S2D3,PWRHYDKENXX01,1,ELCKENXX01,2033,10.61015853312
GLOBAL,S2D3,PWRHYDKENXX01,1,ELCKENXX01,2034,10.61015853312
GLOBAL,S2D3,PWRHYDKENXX01,1,ELCKENXX01,2035,10.61015853312
GLOBAL,S2D3,PWRHYDKENXX01,1,ELCKENXX01,2036,10.61015853312
GLOBAL,S2D3,PWRHYDKENXX01,1,ELCKENXX01,2037,10.61015853312
GLOBAL,S2D3,PWRHYDKENXX01,1,ELCKENXX01,2038,10.61015853312
GLOBAL,S2D3,PWRHYDKENXX01,1,ELCKENXX01,2039,10.61015853312
GLOBAL,S2D3,PWRHYDKENXX01,1,ELCKENXX01,2040,10.61015853312
GLOBAL,S2D3,PWRHYDKENXX01,1,ELCKENXX01,2041,10.61015853312
GLOBAL,S2D3,PWRHYDKENXX01,1,ELCKENXX01,2042,10.61015853312
GLOBAL,S2D3,PWRHYDKENXX01,1,ELCKENXX01,2043,10.61015853312
GLOBAL,S2D3,PWRHYDKENXX01,1,ELCKENXX01,2044,10.61015853312
GLOBAL,S2D3,PWRHYDKENXX01,1,ELCKENXX01,2045,10.61015853312
GLOBAL,S2D3,PWRHYDKENXX01,1,ELCKENXX01,2046,10.61015853312
GLOBAL,S2D3,PWRHYDKENXX01,1,ELCKENXX01,2047,10.61015853312
GLOBAL,S2D3,PWRHYDKENXX01,1,ELCKENXX01,2048,10.61015853312
GLOBAL,S2D3,PWRHYDKENXX01,1,ELCKENXX01,2049,10.61015853312
GLOBAL,S2D3,PWRHYDTZAXX01,1,ELCTZAXX01,2021,5.325200496
GLOBAL,S2D3,PWRHYDTZAXX01,1,ELCTZAXX01,2022,5.325200496
GLOBAL,S2D3,PWRHYDTZAXX01,1,ELCTZAXX01,2023,5.325200496
GLOBAL,S2D3,PWRHYDTZAXX01,1,ELCTZAXX01,2024,5.325200496
GLOBAL,S2D3,PWRHYDTZAXX01,1,ELCTZAXX01,2025,5.325200496
GLOBAL,S2D3,PWRHYDTZAXX01,1,ELCTZAXX01,2026,5.325200496
GLOBAL,S2D3,PWRHYDTZAXX01,1,ELCTZAXX01,2027,5.325200496
GLOBAL,S2D3,PWRHYDTZAXX01,1,ELCTZAXX01,2028,5.325200496
GLOBAL,S2D3,PWRHYDTZAXX01,1,ELCTZAXX01,2029,5.325200496
GLOBAL,S2D3,PWRHYDTZAXX01,1,ELCTZAXX01,2030,5.325200496
GLOBAL,S2D3,PWRHYDTZAXX01,1,ELCTZAXX01,2031,5.325200496
GLOBAL,S2D3,PWRHYDTZAXX01,1,ELCTZAXX01,2032,5.325200496
GLOBAL,S2D3,PWRHYDTZAXX01,1,ELCTZAXX01,2033,5.325200496
GLOBAL,S2D3,PWRHYDTZAXX01,1,ELCTZAXX01,2034,5.325200496
GLOBAL,S2D3,PWRHYDTZAXX01,1,ELCTZAXX01,2035,5.325200496
GLOBAL,S2D3,PWRHYDTZAXX01,1,ELCTZAXX01,2036,5.325200496
GLOBAL,S2D3,PWRHYDTZAXX01,1,ELCTZAXX01,2038,5.325200496
GLOBAL,S2D3,PWRHYDTZAXX01,1,ELCTZAXX01,2039,5.325200496
GLOBAL,S2D3,PWRHYDTZAXX01,1,ELCTZAXX01,2042,5.325200496
GLOBAL,S2D3,PWRHYDTZAXX01,1,ELCTZAXX01,2043,5.325200496
GLOBAL,S2D3,PWRHYDTZAXX01,1,ELCTZAXX01,2045,5.325200496
GLOBAL,S2D3,PWRHYDTZAXX01,1,ELCTZAXX01,2047,5.325200496
GLOBAL,S2D3,PWRHYDTZAXX01,1,ELCTZAXX01,2048,5.325200496
GLOBAL,S2D3,PWRHYDTZAXX01,1,ELCTZAXX01,2049,5.325200496
GLOBAL,S2D3,PWRSPVKENXX01,1,ELCKENXX01,2021,2.8831569328959814
GLOBAL,S2D3,PWRSPVKENXX01,1,ELCKENXX01,2022,4.193682811485063
GLOBAL,S2D3,PWRSPVKENXX01,1,ELCKENXX01,2023,4.275098837722992
GLOBAL,S2D3,PWRSPVKENXX01,1,ELCKENXX01,2024,4.848945750779605
GLOBAL,S2D3,PWRSPVKENXX01,1,ELCKENXX01,2025,4.848945750779605
GLOBAL,S2D3,PWRSPVKENXX01,1,ELCKENXX01,2026,4.848945750779604
GLOBAL,S2D3,PWRSPVKENXX01,1,ELCKENXX01,2027,4.848945750779605
GLOBAL,S2D3,PWRSPVKENXX01,1,ELCKENXX01,2028,4.848945750779605
GLOBAL,S2D3,PWRSPVKENXX01,1,ELCKENXX01,2029,4.848945750779604
GLOBAL,S2D3,PWRSPVKENXX01,1,ELCKENXX01,2030,4.848945750779605
GLOBAL,S2D3,PWRSPVKENXX01,1,ELCKENXX01,2031,4.848945750779605
GLOBAL,S2D3,PWRSPVKENXX01,1,ELCKENXX01,2032,4.848945750779604
GLOBAL,S2D3,PWRSPVKENXX01,1,ELCKENXX01,2033,4.848945750779604
GLOBAL,S2D3,PWRSPVKENXX01,1,ELCKENXX01,2034,4.848945750779604
GLOBAL,S2D3,PWRSPVKENXX01,1,ELCKENXX01,2035,4.848945750779604
GLOBAL,S2D3,PWRSPVKENXX01,1,ELCKENXX01,2036,4.848945750779604
GLOBAL,S2D3,PWRSPVKENXX01,1,ELCKENXX01,2037,4.848945750779605
GLOBAL,S2D3,PWRSPVKENXX01,1,ELCKENXX01,2038,4.848945750779604
GLOBAL,S2D3,PWRSPVKENXX01,1,ELCKENXX01,2039,4.848945750779604
GLOBAL,S2D3,PWRSPVKENXX01,1,ELCKENXX01,2040,4.848945750779604
GLOBAL,S2D3,PWRSPVKENXX01,1,ELCKENXX01,2041,4.848945750779605
GLOBAL,S2D3,PWRSPVKENXX01,1,ELCKENXX01,2042,4.848945750779604
GLOBAL,S2D3,PWRSPVKENXX01,1,ELCKENXX01,2043,4.848945750779604
GLOBAL,S2D3,PWRSPVKENXX01,1,ELCKENXX01,2044,4.848945750779605
GLOBAL,S2D3,PWRTRNKENXX,1,ELCKENXX02,2021,49.110320284697515
GLOBAL,S2D3,PWRTRNKENXX,1,ELCKENXX02,2022,51.245551601423486
GLOBAL,S2D3,PWRTRNKENXX,1,ELCKENXX02,2023,50.780968979030426
GLOBAL,S2D3,PWRTRNKENXX,1,ELCKENXX02,2024,52.31316725978648
GLOBAL,S2D3,PWRTRNKENXX,1,ELCKENXX02,2025,53.83985765124555
GLOBAL,S2D3,PWRTRNKENXX,1,ELCKENXX02,2026,118.5053380782918
GLOBAL,S2D3,PWRTRNKENXX,1,ELCKENXX02,2027,183.62989323843416
GLOBAL,S2D3,PWRTRNKENXX,1,ELCKENXX02,2028,248.75444839857653
GLOBAL,S2D3,PWRTRNKENXX,1,ELCKENXX02,2029,313.87900355871886
GLOBAL,S2D3,PWRTRNKENXX,1,ELCKENXX02,2030,379.0035587188612
GLOBAL,S2D3,PWRTRNKENXX,1,ELCKENXX02,2031,407.2953736654805
GLOBAL,S2D3,PWRTRNKENXX,1,ELCKENXX02,2032,435.5871886120996
GLOBAL,S2D3,PWRTRNKENXX,1,ELCKENXX02,2033,463.87900355871886
GLOBAL,S2D3,PWRTRNKENXX,1,ELCKENXX02,2034,492.1708185053381
GLOBAL,S2D3,PWRTRNKENXX,1,ELCKENXX02,2035,520.4626334519572
GLOBAL,S2D3,PWRTRNKENXX,1,ELCKENXX02,2036,548.7544483985765
GLOBAL,S2D3,PWRTRNKENXX,1,ELCKENXX02,2037,577.0462633451957
GLOBAL,S2D3,PWRTRNKENXX,1,ELCKENXX02,2038,605.338078291815
GLOBAL,S2D3,PWRTRNKENXX,1,ELCKENXX02,2039,633.6298932384342
GLOBAL,S2D3,PWRTRNKENXX,1,ELCKENXX02,2040,661.9217081850534
GLOBAL,S2D3,PWRTRNKENXX,1,ELCKENXX02,2041,704.626334519573
GLOBAL,S2D3,PWRTRNKENXX,1,ELCKENXX02,2042,747.3309608540925
GLOBAL,S2D3,PWRTRNKENXX,1,ELCKENXX02,2043,790.0355871886121
GLOBAL,S2D3,PWRTRNKENXX,1,ELCKENXX02,2044,832.7402135231315
GLOBAL,S2D3,PWRTRNKENXX,1,ELCKENXX02,2045,875.4448398576513
GLOBAL,S2D3,PWRTRNKENXX,1,ELCKENXX02,2046,918.1494661921708
GLOBAL,S2D3,PWRTRNKENXX,1,ELCKENXX02,2047,960.8540925266904
GLOBAL,S2D3,PWRTRNKENXX,1,ELCKENXX02,2048,1003.55871886121
GLOBAL,S2D3,PWRTRNKENXX,1,ELCKENXX02,2049,1046.2633451957297
GLOBAL,S2D3,PWRTRNKENXX,1,ELCKENXX02,2050,1088.967971530249
GLOBAL,S2D3,PWRTRNTZAXX,1,ELCTZAXX02,2021,29.072783925649645
GLOBAL,S2D3,PWRTRNTZAXX,1,ELCTZAXX02,2022,31.741823071557118
GLOBAL,S2D3,PWRTRNTZAXX,1,ELCTZAXX02,2023,35.587188612099645
GLOBAL,S2D3,PWRTRNTZAXX,1,ELCTZAXX02,2024,60.480427046263344
GLOBAL,S2D3,PWRTRNTZAXX,1,ELCTZAXX02,2025,64.85765124555161
GLOBAL,S2D3,PWRTRNTZAXX,1,ELCTZAXX02,2026,128.11387900355874
GLOBAL,S2D3,PWRTRNTZAXX,1,ELCTZAXX02,2027,211.74377224199287
GLOBAL,S2D3,PWRTRNTZAXX,1,ELCTZAXX02,2028,295.37366548042706
GLOBAL,S2D3,PWRTRNTZAXX,1,ELCTZAXX02,2029,379.0035587188612
GLOBAL,S2D3,PWRTRNTZAXX,1,ELCTZAXX02,2030,462.63345195729534
GLOBAL,S2D3,PWRTRNTZAXX,1,ELCTZAXX02,2031,499.1103202846976
GLOBAL,S2D3,PWRTRNTZAXX,1,ELCTZAXX02,2032,535.5871886120997
GLOBAL,S2D3,PWRTRNTZAXX,1,ELCTZAXX02,2033,572.0640569395017
GLOBAL,S2D3,PWRTRNTZAXX,1,ELCTZAXX02,2034,608.540925266904
GLOBAL,S2D3,PWRTRNTZAXX,1,ELCTZAXX02,2035,645.017793594306
GLOBAL,S2D3,PWRTRNTZAXX,1,ELCTZAXX02,2036,681.4946619217081
GLOBAL,S2D3,PWRTRNTZAXX,1,ELCTZAXX02,2037,717.9715302491104
GLOBAL,S2D3,PWRTRNTZAXX,1,ELCTZAXX02,2038,754.4483985765123
GLOBAL,S2D3,PWRTRNTZAXX,1,ELCTZAXX02,2039,790.9252669039147
GLOBAL,S2D3,PWRTRNTZAXX,1,ELCTZAXX02,2040,827.4021352313166
GLOBAL,S2D3,PWRTRNTZAXX,1,ELCTZAXX02,2041,880.338078291815
GLOBAL,S2D3,PWRTRNTZAXX,1,ELCTZAXX02,2042,933.2740213523133
GLOBAL,S2D3,PWRTRNTZAXX,1,ELCTZAXX02,2043,986.2099644128112
GLOBAL,S2D3,PWRTRNTZAXX,1,ELCTZAXX02,2044,1039.1459074733095
GLOBAL,S2D3,PWRTRNTZAXX,1,ELCTZAXX02,2045,1092.081850533808
GLOBAL,S2D3,PWRTRNTZAXX,1,ELCTZAXX02,2046,1145.017793594306
GLOBAL,S2D3,PWRTRNTZAXX,1,ELCTZAXX02,2047,1197.9537366548043
GLOBAL,S2D3,PWRTRNTZAXX,1,ELCTZAXX02,2048,1250.8896797153025
GLOBAL,S2D3,PWRTRNTZAXX,1,ELCTZAXX02,2049,1303.8256227758009
GLOBAL,S2D3,PWRTRNTZAXX,1,ELCTZAXX02,2050,1356.761565836299
GLOBAL,S2D3,PWRWONKENXX01,1,ELCKENXX01,2024,1.077332832
GLOBAL,S2D3,PWRWONKENXX01,1,ELCKENXX01,2025,1.077332832
GLOBAL,S2D3,PWRWONKENXX01,1,ELCKENXX01,2026,1.077332832
GLOBAL,S2D3,PWRWONKENXX01,1,ELCKENXX01,2027,1.077332832
GLOBAL,S2D3,PWRWONKENXX01,1,ELCKENXX01,2028,1.077332832
GLOBAL,S2D3,PWRWONKENXX01,1,ELCKENXX01,2029,1.077332832
GLOBAL,S2D3,PWRWONKENXX01,1,ELCKENXX01,2030,1.077332832
GLOBAL,S2D3,PWRWONKENXX01,1,ELCKENXX01,2031,1.077332832
GLOBAL,S2D3,PWRWONKENXX01,1,ELCKENXX01,2032,1.077332832
GLOBAL,S2D3,PWRWONKENXX01,1,ELCKENXX01,2033,1.077332832
GLOBAL,S2D3,PWRWONKENXX01,1,ELCKENXX01,2034,1.077332832
GLOBAL,S2D3,PWRWONKENXX01,1,ELCKENXX01,2035,1.077332832
GLOBAL,S2D3,PWRWONKENXX01,1,ELCKENXX01,2036,1.077332832
GLOBAL,S2D3,PWRWONKENXX01,1,ELCKENXX01,2037,1.077332832
GLOBAL,S2D3,PWRWONKENXX01,1,ELCKENXX01,2038,1.077332832
GLOBAL,S2D3,PWRWONKENXX01,1,ELCKENXX01,2039,1.077332832
GLOBAL,S2D3,PWRWONKENXX01,1,ELCKENXX01,2040,1.077332832
GLOBAL,S2D3,PWRWONKENXX01,1,ELCKENXX01,2041,1.077332832
GLOBAL,S2D3,PWRWONKENXX01,1,ELCKENXX01,2042,1.077332832
GLOBAL,S2D3,PWRWONKENXX01,1,ELCKENXX01,2043,1.077332832
GLOBAL,S2D3,PWRWONKENXX01,1,ELCKENXX01,2044,1.077332832
GLOBAL,S2D3,PWRWONKENXX01,1,ELCKENXX01,2045,1.077332832
GLOBAL,S2D3,PWRWONKENXX01,1,ELCKENXX01,2046,1.077332832
GLOBAL,S2D3,PWRWONKENXX01,1,ELCKENXX01,2047,1.077332832
GLOBAL,S2D3,RNWBIOKENXX,1,BIOKENXX,2021,8.9688384
GLOBAL,S2D3,RNWBIOKENXX,1,BIOKENXX,2022,8.9688384
GLOBAL,S2D3,RNWBIOKENXX,1,BIOKENXX,2023,4.183434046406505
GLOBAL,S2D3,RNWBIOKENXX,1,BIOKENXX,2024,8.9688384
GLOBAL,S2D3,RNWBIOKENXX,1,BIOKENXX,2025,8.9688384
GLOBAL,S2D3,RNWBIOKENXX,1,BIOKENXX,2026,8.9688384
GLOBAL,S2D3,RNWBIOKENXX,1,BIOKENXX,2027,8.9688384
GLOBAL,S2D3,RNWBIOKENXX,1,BIOKENXX,2028,8.9688384
GLOBAL,S2D3,RNWBIOKENXX,1,BIOKENXX,2029,8.9688384
GLOBAL,S2D3,RNWBIOKENXX,1,BIOKENXX,2030,8.9688384
GLOBAL,S2D3,RNWBIOTZAXX,1,BIOTZAXX,2034,30.002279135675355
GLOBAL,S2D3,RNWGEOKENXX,1,GEOKENXX,2021,32.197670124560176
GLOBAL,S2D3,RNWGEOKENXX,1,GEOKENXX,2022,33.02237556269708
GLOBAL,S2D3,RNWGEOKENXX,1,GEOKENXX,2023,34.57184007451448
GLOBAL,S2D3,RNWGEOKENXX,1,GEOKENXX,2024,32.93849014388686
GLOBAL,S2D3,RNWGEOKENXX,1,GEOKENXX,2025,34.46518053534594
GLOBAL,S2D3,RNWGEOKENXX,1,GEOKENXX,2026,99.1306609623922
GLOBAL,S2D3,RNWGEOKENXX,1,GEOKENXX,2027,172.29124990324976
GLOBAL,S2D3,RNWGEOKENXX,1,GEOKENXX,2028,229.37977128267693
GLOBAL,S2D3,RNWGEOKENXX,1,GEOKENXX,2029,294.50432644281926
GLOBAL,S2D3,RNWGEOKENXX,1,GEOKENXX,2030,359.6288816029616
GLOBAL,S2D3,RNWGEOKENXX,1,GEOKENXX,2031,390.7589365495808
GLOBAL,S2D3,RNWGEOKENXX,1,GEOKENXX,2032,419.05075149620006
GLOBAL,S2D3,RNWGEOKENXX,1,GEOKENXX,2033,447.3425664428193
GLOBAL,S2D3,RNWGEOKENXX,1,GEOKENXX,2034,475.6343813894385
GLOBAL,S2D3,RNWGEOKENXX,1,GEOKENXX,2035,503.92619633605767
GLOBAL,S2D3,RNWGEOKENXX,1,GEOKENXX,2036,532.2180112826769
GLOBAL,S2D3,RNWGEOKENXX,1,GEOKENXX,2037,560.5098262292961
GLOBAL,S2D3,RNWGEOKENXX,1,GEOKENXX,2038,588.8016411759153
GLOBAL,S2D3,RNWGEOKENXX,1,GEOKENXX,2039,617.0934561225345
GLOBAL,S2D3,RNWGEOKENXX,1,GEOKENXX,2040,645.3852710691538
GLOBAL,S2D3,RNWGEOKENXX,1,GEOKENXX,2041,688.0898974036733
GLOBAL,S2D3,RNWGEOKENXX,1,GEOKENXX,2042,730.794523738193
GLOBAL,S2D3,RNWGEOKENXX,1,GEOKENXX,2043,773.4991500727123
GLOBAL,S2D3,RNWGEOKENXX,1,GEOKENXX,2044,816.203776407232
GLOBAL,S2D3,RNWGEOKENXX,1,GEOKENXX,2045,863.7573484925312
GLOBAL,S2D3,RNWGEOKENXX,1,GEOKENXX,2046,906.4619748270509
GLOBAL,S2D3,RNWGEOKENXX,1,GEOKENXX,2047,949.1666011615703
GLOBAL,S2D3,RNWGEOKENXX,1,GEOKENXX,2048,992.9485603280899
GLOBAL,S2D3,RNWGEOKENXX,1,GEOKENXX,2049,1035.6531866626094
GLOBAL,S2D3,RNWGEOKENXX,1,GEOKENXX,2050,1088.967971530249
GLOBAL,S2D3,RNWGEOTZAXX,1,GEOTZAXX,2021,23.74758342964964
GLOBAL,S2D3,RNWGEOTZAXX,1,GEOTZAXX,2022,26.416622575557117
GLOBAL,S2D3,RNWGEOTZAXX,1,GEOTZAXX,2023,29.6808934219783
GLOBAL,S2D3,RNWGEOTZAXX,1,GEOTZAXX,2024,55.15522655026334
GLOBAL,S2D3,RNWGEOTZAXX,1,GEOTZAXX,2025,59.5324507495516
GLOBAL,S2D3,RNWGEOTZAXX,1,GEOTZAXX,2026,122.78867850755871
GLOBAL,S2D3,RNWGEOTZAXX,1,GEOTZAXX,2027,206.4185717459929
GLOBAL,S2D3,RNWGEOTZAXX,1,GEOTZAXX,2028,290.0484649844271
GLOBAL,S2D3,RNWGEOTZAXX,1,GEOTZAXX,2029,373.6783582228612
GLOBAL,S2D3,RNWGEOTZAXX,1,GEOTZAXX,2030,457.30825146129536
GLOBAL,S2D3,RNWGEOTZAXX,1,GEOTZAXX,2031,493.7851197886975
GLOBAL,S2D3,RNWGEOTZAXX,1,GEOTZAXX,2032,530.2619881160997
GLOBAL,S2D3,RNWGEOTZAXX,1,GEOTZAXX,2033,566.7388564435017
GLOBAL,S2D3,RNWGEOTZAXX,1,GEOTZAXX,2034,594.2060313367673
GLOBAL,S2D3,RNWGEOTZAXX,1,GEOTZAXX,2035,639.692593098306
GLOBAL,S2D3,RNWGEOTZAXX,1,GEOTZAXX,2036,676.1694614257082
GLOBAL,S2D3,RNWGEOTZAXX,1,GEOTZAXX,2037,717.9715302491104
GLOBAL,S2D3,RNWGEOTZAXX,1,GEOTZAXX,2038,749.1231980805123
GLOBAL,S2D3,RNWGEOTZAXX,1,GEOTZAXX,2039,785.6000664079146
GLOBAL,S2D3,RNWGEOTZAXX,1,GEOTZAXX,2040,827.4021352313166
GLOBAL,S2D3,RNWGEOTZAXX,1,GEOTZAXX,2041,880.338078291815
GLOBAL,S2D3,RNWGEOTZAXX,1,GEOTZAXX,2042,927.9488208563133
GLOBAL,S2D3,RNWGEOTZAXX,1,GEOTZAXX,2043,980.8847639168112
GLOBAL,S2D3,RNWGEOTZAXX,1,GEOTZAXX,2044,1039.1459074733095
GLOBAL,S2D3,RNWGEOTZAXX,1,GEOTZAXX,2045,1086.7566500378075
GLOBAL,S2D3,RNWGEOTZAXX,1,GEOTZAXX,2046,1145.017793594306
GLOBAL,S2D3,RNWGEOTZAXX,1,GEOTZAXX,2047,1192.6285361588043
GLOBAL,S2D3,RNWGEOTZAXX,1,GEOTZAXX,2048,1245.5644792193025
GLOBAL,S2D3,RNWGEOTZAXX,1,GEOTZAXX,2049,1298.500422279801
GLOBAL,S2D3,RNWGEOTZAXX,1,GEOTZAXX,2050,1356.761565836299
GLOBAL,S2D3,RNWHYDKENXX,1,HYDKENXX,2021,10.61015853312
GLOBAL,S2D3,RNWHYDKENXX,1,HYDKENXX,2022,10.61015853312
GLOBAL,S2D3,RNWHYDKENXX,1,HYDKENXX,2023,10.61015853312
GLOBAL,S2D3,RNWHYDKENXX,1,HYDKENXX,2024,10.61015853312
GLOBAL,S2D3,RNWHYDKENXX,1,HYDKENXX,2025,10.61015853312
GLOBAL,S2D3,RNWHYDKENXX,1,HYDKENXX,2026,10.61015853312
GLOBAL,S2D3,RNWHYDKENXX,1,HYDKENXX,2027,2.5741247524048343
GLOBAL,S2D3,RNWHYDKENXX,1,HYDKENXX,2028,10.61015853312
GLOBAL,S2D3,RNWHYDKENXX,1,HYDKENXX,2029,10.61015853312
GLOBAL,S2D3,RNWHYDKENXX,1,HYDKENXX,2030,10.61015853312
GLOBAL,S2D3,RNWHYDKENXX,1,HYDKENXX,2031,10.61015853312
GLOBAL,S2D3,RNWHYDKENXX,1,HYDKENXX,2032,10.61015853312
GLOBAL,S2D3,RNWHYDKENXX,1,HYDKENXX,2033,10.61015853312
GLOBAL,S2D3,RNWHYDKENXX,1,HYDKENXX,2034,10.61015853312
GLOBAL,S2D3,RNWHYDKENXX,1,HYDKENXX,2035,10.61015853312
GLOBAL,S2D3,RNWHYDKENXX,1,HYDKENXX,2036,10.61015853312
GLOBAL,S2D3,RNWHYDKENXX,1,HYDKENXX,2037,10.61015853312
GLOBAL,S2D3,RNWHYDKENXX,1,HYDKENXX,2038,10.61015853312
GLOBAL,S2D3,RNWHYDKENXX,1,HYDKENXX,2039,10.61015853312
GLOBAL,S2D3,RNWHYDKENXX,1,HYDKENXX,2040,10.61015853312
GLOBAL,S2D3,RNWHYDKENXX,1,HYDKENXX,2041,10.61015853312
GLOBAL,S2D3,RNWHYDKENXX,1,HYDKENXX,2042,10.61015853312
GLOBAL,S2D3,RNWHYDKENXX,1,HYDKENXX,2043,10.61015853312
GLOBAL,S2D3,RNWHYDKENXX,1,HYDKENXX,2044,10.61015853312
GLOBAL,S2D3,RNWHYDKENXX,1,HYDKENXX,2045,10.61015853312
GLOBAL,S2D3,RNWHYDKENXX,1,HYDKENXX,2046,10.61015853312
GLOBAL,S2D3,RNWHYDKENXX,1,HYDKENXX,2047,10.61015853312
GLOBAL,S2D3,RNWHYDKENXX,1,HYDKENXX,2048,10.61015853312
GLOBAL,S2D3,RNWHYDKENXX,1,HYDKENXX,2049,10.61015853312
GLOBAL,S2D3,RNWHYDTZAXX,1,HYDTZAXX,2021,5.325200496
GLOBAL,S2D3,RNWHYDTZAXX,1,HYDTZAXX,2022,5.325200496
GLOBAL,S2D3,RNWHYDTZAXX,1,HYDTZAXX,2023,5.325200496
GLOBAL,S2D3,RNWHYDTZAXX,1,HYDTZAXX,2024,5.325200496
GLOBAL,S2D3,RNWHYDTZAXX,1,HYDTZAXX,2025,5.325200496
GLOBAL,S2D3,RNWHYDTZAXX,1,HYDTZAXX,2026,5.325200496
GLOBAL,S2D3,RNWHYDTZAXX,1,HYDTZAXX,2027,5.325200496
GLOBAL,S2D3,RNWHYDTZAXX,1,HYDTZAXX,2028,5.325200496
GLOBAL,S2D3,RNWHYDTZAXX,1,HYDTZAXX,2029,5.325200496
GLOBAL,S2D3,RNWHYDTZAXX,1,HYDTZAXX,2030,5.325200496
GLOBAL,S2D3,RNWHYDTZAXX,1,HYDTZAXX,2031,5.325200496
GLOBAL,S2D3,RNWHYDTZAXX,1,HYDTZAXX,2032,5.325200496
GLOBAL,S2D3,RNWHYDTZAXX,1,HYDTZAXX,2033,5.325200496
GLOBAL,S2D3,RNWHYDTZAXX,1,HYDTZAXX,2034,5.325200496
GLOBAL,S2D3,RNWHYDTZAXX,1,HYDTZAXX,2035,5.325200496
GLOBAL,S2D3,RNWHYDTZAXX,1,HYDTZAXX,2036,5.325200496
GLOBAL,S2D3,RNWHYDTZAXX,1,HYDTZAXX,2038,5.325200496
GLOBAL,S2D3,RNWHYDTZAXX,1,HYDTZAXX,2039,5.325200496
GLOBAL,S2D3,RNWHYDTZAXX,1,HYDTZAXX,2042,5.325200496
GLOBAL,S2D3,RNWHYDTZAXX,1,HYDTZAXX,2043,5.325200496
GLOBAL,S2D3,RNWHYDTZAXX,1,HYDTZAXX,2045,5.325200496
GLOBAL,S2D3,RNWHYDTZAXX,1,HYDTZAXX,2047,5.325200496
GLOBAL,S2D3,RNWHYDTZAXX,1,HYDTZAXX,2048,5.325200496
GLOBAL,S2D3,RNWHYDTZAXX,1,HYDTZAXX,2049,5.325200496
GLOBAL,S2D3,RNWSPVKENXX,1,SPVKENXX,2021,2.8831569328959814
GLOBAL,S2D3,RNWSPVKENXX,1,SPVKENXX,2022,4.193682811485063
GLOBAL,S2D3,RNWSPVKENXX,1,SPVKENXX,2023,4.275098837722992
GLOBAL,S2D3,RNWSPVKENXX,1,SPVKENXX,2024,4.848945750779605
GLOBAL,S2D3,RNWSPVKENXX,1,SPVKENXX,2025,4.848945750779605
GLOBAL,S2D3,RNWSPVKENXX,1,SPVKENXX,2026,4.848945750779604
GLOBAL,S2D3,RNWSPVKENXX,1,SPVKENXX,2027,4.848945750779605
GLOBAL,S2D3,RNWSPVKENXX,1,SPVKENXX,2028,4.848945750779605
GLOBAL,S2D3,RNWSPVKENXX,1,SPVKENXX,2029,4.848945750779604
GLOBAL,S2D3,RNWSPVKENXX,1,SPVKENXX,2030,4.848945750779605
GLOBAL,S2D3,RNWSPVKENXX,1,SPVKENXX,2031,4.848945750779605
GLOBAL,S2D3,RNWSPVKENXX,1,SPVKENXX,2032,4.848945750779604
GLOBAL,S2D3,RNWSPVKENXX,1,SPVKENXX,2033,4.848945750779604
GLOBAL,S2D3,RNWSPVKENXX,1,SPVKENXX,2034,4.848945750779604
GLOBAL,S2D3,RNWSPVKENXX,1,SPVKENXX,2035,4.848945750779604
GLOBAL,S2D3,RNWSPVKENXX,1,SPVKENXX,2036,4.848945750779604
GLOBAL,S2D3,RNWSPVKENXX,1,SPVKENXX,2037,4.848945750779605
GLOBAL,S2D3,RNWSPVKENXX,1,SPVKENXX,2038,4.848945750779604
GLOBAL,S2D3,RNWSPVKENXX,1,SPVKENXX,2039,4.848945750779605
GLOBAL,S2D3,RNWSPVKENXX,1,SPVKENXX,2040,4.848945750779604
GLOBAL,S2D3,RNWSPVKENXX,1,SPVKENXX,2041,4.848945750779605
GLOBAL,S2D3,RNWSPVKENXX,1,SPVKENXX,2042,4.848945750779604
GLOBAL,S2D3,RNWSPVKENXX,1,SPVKENXX,2043,4.848945750779604
GLOBAL,S2D3,RNWSPVKENXX,1,SPVKENXX,2044,4.848945750779605
GLOBAL,S2D3,RNWWONKENXX,1,WONKENXX,2024,1.077332832
GLOBAL,S2D3,RNWWONKENXX,1,WONKENXX,2025,1.077332832
GLOBAL,S2D3,RNWWONKENXX,1,WONKENXX,2026,1.077332832
GLOBAL,S2D3,RNWWONKENXX,1,WONKENXX,2027,1.077332832
GLOBAL,S2D3,RNWWONKENXX,1,WONKENXX,2028,1.077332832
GLOBAL,S2D3,RNWWONKENXX,1,WONKENXX,2029,1.077332832
GLOBAL,S2D3,RNWWONKENXX,1,WONKENXX,2030,1.077332832
GLOBAL,S2D3,RNWWONKENXX,1,WONKENXX,2031,1.077332832
GLOBAL,S2D3,RNWWONKENXX,1,WONKENXX,2032,1.077332832
GLOBAL,S2D3,RNWWONKENXX,1,WONKENXX,2033,1.077332832
GLOBAL,S2D3,RNWWONKENXX,1,WONKENXX,2034,1.077332832
GLOBAL,S2D3,RNWWONKENXX,1,WONKENXX,2035,1.077332832
GLOBAL,S2D3,RNWWONKENXX,1,WONKENXX,2036,1.077332832
GLOBAL,S2D3,RNWWONKENXX,1,WONKENXX,2037,1.077332832
GLOBAL,S2D3,RNWWONKENXX,1,WONKENXX,2038,1.077332832
GLOBAL,S2D3,RNWWONKENXX,1,WONKENXX,2039,1.077332832
GLOBAL,S2D3,RNWWONKENXX,1,WONKENXX,2040,1.077332832
GLOBAL,S2D3,RNWWONKENXX,1,WONKENXX,2041,1.077332832
GLOBAL,S2D3,RNWWONKENXX,1,WONKENXX,2042,1.077332832
GLOBAL,S2D3,RNWWONKENXX,1,WONKENXX,2043,1.077332832
GLOBAL,S2D3,RNWWONKENXX,1,WONKENXX,2044,1.077332832
GLOBAL,S2D3,RNWWONKENXX,1,WONKENXX,2045,1.077332832
GLOBAL,S2D3,RNWWONKENXX,1,WONKENXX,2046,1.077332832
GLOBAL,S2D3,RNWWONKENXX,1,WONKENXX,2047,1.077332832
GLOBAL,S2D3,TRNKENXXTZAXX,1,ELCTZAXX01,2023,0.5810946941213417
GLOBAL,S2D3,TRNKENXXTZAXX,2,ELCKENXX01,2021,0.5810946941213417
GLOBAL,S2D3,TRNKENXXTZAXX,2,ELCKENXX01,2022,0.5810946941213417
GLOBAL,S2D4,MINGASINT,1,GASINT,2021,16.32351763354711
GLOBAL,S2D4,MINGASINT,1,GASINT,2022,18.307357770905533
GLOBAL,S2D4,MINGASINT,1,GASINT,2023,20.85432124455426
GLOBAL,S2D4,MINGASINT,1,GASINT,2024,31.8431282692002
GLOBAL,S2D4,MINGASINT,1,GASINT,2025,33.723463126688465
GLOBAL,S2D4,MINGASINT,1,GASINT,2026,57.37727892701599
GLOBAL,S2D4,MINGASINT,1,GASINT,2027,87.86877804361528
GLOBAL,S2D4,MINGASINT,1,GASINT,2028,113.27627294902148
GLOBAL,S2D4,MINGASINT,1,GASINT,2029,136.3039575568088
GLOBAL,S2D4,MINGASINT,1,GASINT,2030,158.60757381952996
GLOBAL,S2D4,MINGASINT,1,GASINT,2031,168.3453853370609
GLOBAL,S2D4,MINGASINT,1,GASINT,2032,181.77249419257035
GLOBAL,S2D4,MINGASINT,1,GASINT,2033,191.51030571010216
GLOBAL,S2D4,MINGASINT,1,GASINT,2034,201.24811722763232
GLOBAL,S2D4,MINGASINT,1,GASINT,2035,210.98592874516393
GLOBAL,S2D4,MINGASINT,1,GASINT,2036,220.7237402626947
GLOBAL,S2D4,MINGASINT,1,GASINT,2037,230.46155178022596
GLOBAL,S2D4,MINGASINT,1,GASINT,2038,240.1993632977569
GLOBAL,S2D4,MINGASINT,1,GASINT,2039,249.93717481528753
GLOBAL,S2D4,MINGASINT,1,GASINT,2040,259.67498633281883
GLOBAL,S2D4,MINGASINT,1,GASINT,2041,273.66691889075173
GLOBAL,S2D4,MINGASINT,1,GASINT,2042,287.6588514486847
GLOBAL,S2D4,MINGASINT,1,GASINT,2043,301.6507840066176
GLOBAL,S2D4,MINGASINT,1,GASINT,2044,315.8534426776336
GLOBAL,S2D4,MINGASINT,1,GASINT,2045,328.03700162597755
GLOBAL,S2D4,MINGASINT,1,GASINT,2046,343.0312070156375
GLOBAL,S2D4,MINGASINT,1,GASINT,2047,358.0254124052966
GLOBAL,S2D4,MINGASINT,1,GASINT,2048,372.47727202075305
GLOBAL,S2D4,MINGASINT,1,GASINT,2049,387.4714774104111
GLOBAL,S2D4,MINGASINT,1,GASINT,2050,402.4656828000718
GLOBAL,S2D4,MINOILINT,1,OILINT,2022,0.057337305588121085
GLOBAL,S2D4,PWRBIOKENXX01,1,ELCKENXX01,2021,2.83824
GLOBAL,S2D4,PWRBIOKENXX01,1,ELCKENXX01,2022,2.83824
GLOBAL,S2D4,PWRBIOKENXX01,1,ELCKENXX01,2023,2.83824
GLOBAL,S2D4,PWRBIOKENXX01,1,ELCKENXX01,2024,2.83824
GLOBAL,S2D4,PWRBIOKENXX01,1,ELCKENXX01,2025,2.83824
GLOBAL,S2D4,PWRBIOKENXX01,1,ELCKENXX01,2026,2.83824
GLOBAL,S2D4,PWRBIOKENXX01,1,ELCKENXX01,2027,2.83824
GLOBAL,S2D4,PWRBIOKENXX01,1,ELCKENXX01,2028,2.83824
GLOBAL,S2D4,PWRBIOKENXX01,1,ELCKENXX01,2029,2.83824
GLOBAL,S2D4,PWRBIOKENXX01,1,ELCKENXX01,2030,2.83824
GLOBAL,S2D4,PWRBIOKENXX01,1,ELCKENXX01,2031,2.83824
GLOBAL,S2D4,PWRBIOTZAXX01,1,ELCTZAXX01,2021,3.529138887570853
GLOBAL,S2D4,PWRBIOTZAXX01,1,ELCTZAXX01,2022,3.529138887570853
GLOBAL,S2D4,PWRBIOTZAXX01,1,ELCTZAXX01,2023,3.529138887570853
GLOBAL,S2D4,PWRBIOTZAXX01,1,ELCTZAXX01,2024,3.529138887570853
GLOBAL,S2D4,PWRBIOTZAXX01,1,ELCTZAXX01,2025,3.529138887570853
GLOBAL,S2D4,PWRBIOTZAXX01,1,ELCTZAXX01,2026,3.529138887570853
GLOBAL,S2D4,PWRBIOTZAXX01,1,ELCTZAXX01,2027,3.529138887570853
GLOBAL,S2D4,PWRBIOTZAXX01,1,ELCTZAXX01,2028,3.529138887570853
GLOBAL,S2D4,PWRBIOTZAXX01,1,ELCTZAXX01,2029,5.707954909154177
GLOBAL,S2D4,PWRBIOTZAXX01,1,ELCTZAXX01,2030,8.549685833042373
GLOBAL,S2D4,PWRBIOTZAXX01,1,ELCTZAXX01,2031,9.78916421473845
GLOBAL,S2D4,PWRBIOTZAXX01,1,ELCTZAXX01,2032,11.02864259643464
GLOBAL,S2D4,PWRBIOTZAXX01,1,ELCTZAXX01,2033,12.268120978130067
GLOBAL,S2D4,PWRBIOTZAXX01,1,ELCTZAXX01,2034,13.50759935982636
GLOBAL,S2D4,PWRBIOTZAXX01,1,ELCTZAXX01,2035,14.747077741521965
GLOBAL,S2D4,PWRBIOTZAXX01,1,ELCTZAXX01,2036,15.986556123218216
GLOBAL,S2D4,PWRBIOTZAXX01,1,ELCTZAXX01,2037,17.226034504914242
GLOBAL,S2D4,PWRBIOTZAXX01,1,ELCTZAXX01,2038,18.465512886610068
GLOBAL,S2D4,PWRBIOTZAXX01,1,ELCTZAXX01,2039,19.704991268305758
GLOBAL,S2D4,PWRBIOTZAXX01,1,ELCTZAXX01,2040,20.944469650001377
GLOBAL,S2D4,PWRBIOTZAXX01,1,ELCTZAXX01,2041,22.74322486246223
GLOBAL,S2D4,PWRBIOTZAXX01,1,ELCTZAXX01,2042,24.541980074923664
GLOBAL,S2D4,PWRBIOTZAXX01,1,ELCTZAXX01,2043,26.34073528738437
GLOBAL,S2D4,PWRBIOTZAXX01,1,ELCTZAXX01,2044,28.139490499845415
GLOBAL,S2D4,PWRBIOTZAXX01,1,ELCTZAXX01,2045,29.938245712306927
GLOBAL,S2D4,PWRBIOTZAXX01,1,ELCTZAXX01,2046,31.73700092476781
GLOBAL,S2D4,PWRBIOTZAXX01,1,ELCTZAXX01,2047,33.535756137229484
GLOBAL,S2D4,PWRBIOTZAXX01,1,ELCTZAXX01,2048,35.33451134969047
GLOBAL,S2D4,PWRBIOTZAXX01,1,ELCTZAXX01,2049,37.13326656215175
GLOBAL,S2D4,PWRBIOTZAXX01,1,ELCTZAXX01,2050,38.93202177461247
GLOBAL,S2D4,PWRCCGTZAXX00,2,ELCTZAXX01,2021,6.608711592529195
GLOBAL,S2D4,PWRCCGTZAXX00,2,ELCTZAXX01,2022,7.411885737208717
GLOBAL,S2D4,PWRCCGTZAXX00,2,ELCTZAXX01,2023,8.443045038281078
GLOBAL,S2D4,PWRCCGTZAXX00,2,ELCTZAXX01,2024,12.89195476485838
GLOBAL,S2D4,PWRCCGTZAXX00,2,ELCTZAXX01,2025,13.653223937930552
GLOBAL,S2D4,PWRCCGTZAXX00,2,ELCTZAXX01,2026,23.229667581787847
GLOBAL,S2D4,PWRCCGTZAXX00,2,ELCTZAXX01,2027,30.75816468675717
GLOBAL,S2D4,PWRCCGTZAXX00,2,ELCTZAXX01,2028,27.469631555146403
GLOBAL,S2D4,PWRCCGTZAXX00,2,ELCTZAXX01,2029,24.1810984235358
GLOBAL,S2D4,PWRCCGTZAXX00,2,ELCTZAXX01,2030,20.892565291924896
GLOBAL,S2D4,PWRCCGTZAXX00,2,ELCTZAXX01,2031,19.462107309489312
GLOBAL,S2D4,PWRCCGTZAXX00,2,ELCTZAXX01,2032,19.52529197400897
GLOBAL,S2D4,PWRCCGTZAXX00,2,ELCTZAXX01,2033,18.09483399157359
GLOBAL,S2D4,PWRCCGTZAXX00,2,ELCTZAXX01,2034,16.664376009137907
GLOBAL,S2D4,PWRCCGTZAXX00,2,ELCTZAXX01,2035,15.23391802670259
GLOBAL,S2D4,PWRCCGTZAXX00,2,ELCTZAXX01,2036,13.803460044267052
GLOBAL,S2D4,PWRCCGTZAXX00,2,ELCTZAXX01,2037,12.373002061831627
GLOBAL,S2D4,PWRCCGTZAXX00,2,ELCTZAXX01,2038,10.942544079396113
GLOBAL,S2D4,PWRCCGTZAXX00,2,ELCTZAXX01,2039,9.512086096960639
GLOBAL,S2D4,PWRCCGTZAXX00,2,ELCTZAXX01,2040,8.081628114525044
GLOBAL,S2D4,PWRCCGTZAXX00,2,ELCTZAXX01,2041,5.949132727870699
GLOBAL,S2D4,PWRCCGTZAXX00,2,ELCTZAXX01,2042,3.8166373412162375
GLOBAL,S2D4,PWRCCGTZAXX00,2,ELCTZAXX01,2043,1.684141954561946
GLOBAL,S2D4,PWRCCGTZAXX01,2,ELCTZAXX01,2027,5.948055633662541
GLOBAL,S2D4,PWRCCGTZAXX01,2,ELCTZAXX01,2028,22.713141503904936
GLOBAL,S2D4,PWRCCGTZAXX01,2,ELCTZAXX01,2029,38.288322225337694
GLOBAL,S2D4,PWRCCGTZAXX01,2,ELCTZAXX01,2030,53.50146877423772
GLOBAL,S2D4,PWRCCGTZAXX01,2,ELCTZAXX01,2031,60.13699014131114
GLOBAL,S2D4,PWRCCGTZAXX01,2,ELCTZAXX01,2032,66.7725115083841
GLOBAL,S2D4,PWRCCGTZAXX01,2,ELCTZAXX01,2033,73.4080328754577
GLOBAL,S2D4,PWRCCGTZAXX01,2,ELCTZAXX01,2034,80.04355424253083
GLOBAL,S2D4,PWRCCGTZAXX01,2,ELCTZAXX01,2035,86.67907560960425
GLOBAL,S2D4,PWRCCGTZAXX01,2,ELCTZAXX01,2036,93.31459697667752
GLOBAL,S2D4,PWRCCGTZAXX01,2,ELCTZAXX01,2037,99.95011834375092
GLOBAL,S2D4,PWRCCGTZAXX01,2,ELCTZAXX01,2038,106.58563971082428
GLOBAL,S2D4,PWRCCGTZAXX01,2,ELCTZAXX01,2039,113.22116107789736
GLOBAL,S2D4,PWRCCGTZAXX01,2,ELCTZAXX01,2040,119.856682444971
GLOBAL,S2D4,PWRCCGTZAXX01,2,ELCTZAXX01,2041,129.48628052645557
GLOBAL,S2D4,PWRCCGTZAXX01,2,ELCTZAXX01,2042,139.11587860794032
GLOBAL,S2D4,PWRCCGTZAXX01,2,ELCTZAXX01,2043,148.74547668942478
GLOBAL,S2D4,PWRCCGTZAXX01,2,ELCTZAXX01,2044,157.9267213388168
GLOBAL,S2D4,PWRCCGTZAXX01,2,ELCTZAXX01,2045,164.01850081298878
GLOBAL,S2D4,PWRCCGTZAXX01,2,ELCTZAXX01,2046,171.51560350781875
GLOBAL,S2D4,PWRCCGTZAXX01,2,ELCTZAXX01,2047,179.0127062026483
GLOBAL,S2D4,PWRCCGTZAXX01,2,ELCTZAXX01,2048,186.23863601037647
GLOBAL,S2D4,PWRCCGTZAXX01,2,ELCTZAXX01,2049,193.73573870520556
GLOBAL,S2D4,PWRCCGTZAXX01,2,ELCTZAXX01,2050,201.2328414000359
GLOBAL,S2D4,PWRGEOKENXX01,1,ELCKENXX01,2021,32.99859494290263
GLOBAL,S2D4,PWRGEOKENXX01,1,ELCKENXX01,2022,34.57184007451448
GLOBAL,S2D4,PWRGEOKENXX01,1,ELCKENXX01,2023,34.57184007451448
GLOBAL,S2D4,PWRGEOKENXX01,1,ELCKENXX01,2024,36.3296400297878
GLOBAL,S2D4,PWRGEOKENXX01,1,ELCKENXX01,2025,37.90989265945448
GLOBAL,S2D4,PWRGEOKENXX01,1,ELCKENXX01,2026,104.8446911656375
GLOBAL,S2D4,PWRGEOKENXX01,1,ELCKENXX01,2027,172.29124990324976
GLOBAL,S2D4,PWRGEOKENXX01,1,ELCKENXX01,2028,239.7378086408621
GLOBAL,S2D4,PWRGEOKENXX01,1,ELCKENXX01,2029,307.1843673784743
GLOBAL,S2D4,PWRGEOKENXX01,1,ELCKENXX01,2030,374.6309261160867
GLOBAL,S2D4,PWRGEOKENXX01,1,ELCKENXX01,2031,403.9314803217708
GLOBAL,S2D4,PWRGEOKENXX01,1,ELCKENXX01,2032,434.5202416857173
GLOBAL,S2D4,PWRGEOKENXX01,1,ELCKENXX01,2033,463.8207958914013
GLOBAL,S2D4,PWRGEOKENXX01,1,ELCKENXX01,2034,493.1213500970854
GLOBAL,S2D4,PWRGEOKENXX01,1,ELCKENXX01,2035,522.4219043027693
GLOBAL,S2D4,PWRGEOKENXX01,1,ELCKENXX01,2036,551.7224585084533
GLOBAL,S2D4,PWRGEOKENXX01,1,ELCKENXX01,2037,581.0230127141374
GLOBAL,S2D4,PWRGEOKENXX01,1,ELCKENXX01,2038,610.3235669198215
GLOBAL,S2D4,PWRGEOKENXX01,1,ELCKENXX01,2039,639.6241211255054
GLOBAL,S2D4,PWRGEOKENXX01,1,ELCKENXX01,2040,668.9246753311896
GLOBAL,S2D4,PWRGEOKENXX01,1,ELCKENXX01,2041,713.1519269624107
GLOBAL,S2D4,PWRGEOKENXX01,1,ELCKENXX01,2042,757.3791785936317
GLOBAL,S2D4,PWRGEOKENXX01,1,ELCKENXX01,2043,801.6064302248529
GLOBAL,S2D4,PWRGEOKENXX01,1,ELCKENXX01,2044,845.8336818560739
GLOBAL,S2D4,PWRGEOKENXX01,1,ELCKENXX01,2045,892.4259410018105
GLOBAL,S2D4,PWRGEOKENXX01,1,ELCKENXX01,2046,936.6531926330318
GLOBAL,S2D4,PWRGEOKENXX01,1,ELCKENXX01,2047,980.8804442642531
GLOBAL,S2D4,PWRGEOKENXX01,1,ELCKENXX01,2048,1027.0862478763834
GLOBAL,S2D4,PWRGEOKENXX01,1,ELCKENXX01,2049,1071.3134995076048
GLOBAL,S2D4,PWRGEOKENXX01,1,ELCKENXX01,2050,1115.5407511388262
GLOBAL,S2D4,PWRGEOTZAXX01,1,ELCTZAXX01,2021,24.690119415043064
GLOBAL,S2D4,PWRGEOTZAXX01,1,ELCTZAXX01,2022,27.93111396501243
GLOBAL,S2D4,PWRGEOTZAXX01,1,ELCTZAXX01,2023,31.957672720193628
GLOBAL,S2D4,PWRGEOTZAXX01,1,ELCTZAXX01,2024,62.86015973800489
GLOBAL,S2D4,PWRGEOTZAXX01,1,ELCTZAXX01,2025,68.17539079995464
GLOBAL,S2D4,PWRGEOTZAXX01,1,ELCTZAXX01,2026,144.97090572988958
GLOBAL,S2D4,PWRGEOTZAXX01,1,ELCTZAXX01,2027,246.338674437744
GLOBAL,S2D4,PWRGEOTZAXX01,1,ELCTZAXX01,2028,347.7064431455985
GLOBAL,S2D4,PWRGEOTZAXX01,1,ELCTZAXX01,2029,448.08530098067934
GLOBAL,S2D4,PWRGEOTZAXX01,1,ELCTZAXX01,2030,548.1632780859882
GLOBAL,S2D4,PWRGEOTZAXX01,1,ELCTZAXX01,2031,591.8143106531973
GLOBAL,S2D4,PWRGEOTZAXX01,1,ELCTZAXX01,2032,635.4653432204065
GLOBAL,S2D4,PWRGEOTZAXX01,1,ELCTZAXX01,2033,679.1163757876159
GLOBAL,S2D4,PWRGEOTZAXX01,1,ELCTZAXX01,2034,722.767408354825
GLOBAL,S2D4,PWRGEOTZAXX01,1,ELCTZAXX01,2035,766.4184409220343
GLOBAL,S2D4,PWRGEOTZAXX01,1,ELCTZAXX01,2036,810.0694734892433
GLOBAL,S2D4,PWRGEOTZAXX01,1,ELCTZAXX01,2037,853.7205060564523
GLOBAL,S2D4,PWRGEOTZAXX01,1,ELCTZAXX01,2038,897.3715386236614
GLOBAL,S2D4,PWRGEOTZAXX01,1,ELCTZAXX01,2039,941.0225711908713
GLOBAL,S2D4,PWRGEOTZAXX01,1,ELCTZAXX01,2040,984.6736037580805
GLOBAL,S2D4,PWRGEOTZAXX01,1,ELCTZAXX01,2041,1048.0208339470794
GLOBAL,S2D4,PWRGEOTZAXX01,1,ELCTZAXX01,2042,1111.3680641360777
GLOBAL,S2D4,PWRGEOTZAXX01,1,ELCTZAXX01,2043,1174.715294325077
GLOBAL,S2D4,PWRGEOTZAXX01,1,ELCTZAXX01,2044,1238.0625245140754
GLOBAL,S2D4,PWRGEOTZAXX01,1,ELCTZAXX01,2045,1301.4097547030742
GLOBAL,S2D4,PWRGEOTZAXX01,1,ELCTZAXX01,2046,1364.7569848920732
GLOBAL,S2D4,PWRGEOTZAXX01,1,ELCTZAXX01,2047,1428.1042150810715
GLOBAL,S2D4,PWRGEOTZAXX01,1,ELCTZAXX01,2048,1491.45144527007
GLOBAL,S2D4,PWRGEOTZAXX01,1,ELCTZAXX01,2049,1554.798675459069
GLOBAL,S2D4,PWRGEOTZAXX01,1,ELCTZAXX01,2050,1618.145905648068
GLOBAL,S2D4,PWRHYDKENXX01,1,ELCKENXX01,2021,10.61015853312
GLOBAL,S2D4,PWRHYDKENXX01,1,ELCKENXX01,2022,10.61015853312
GLOBAL,S2D4,PWRHYDKENXX01,1,ELCKENXX01,2023,10.61015853312
GLOBAL,S2D4,PWRHYDKENXX01,1,ELCKENXX01,2024,10.61015853312
GLOBAL,S2D4,PWRHYDKENXX01,1,ELCKENXX01,2025,10.61015853312
GLOBAL,S2D4,PWRHYDKENXX01,1,ELCKENXX01,2026,10.61015853312
GLOBAL,S2D4,PWRHYDKENXX01,1,ELCKENXX01,2027,10.61015853312
GLOBAL,S2D4,PWRHYDKENXX01,1,ELCKENXX01,2028,10.61015853312
GLOBAL,S2D4,PWRHYDKENXX01,1,ELCKENXX01,2029,10.61015853312
GLOBAL,S2D4,PWRHYDKENXX01,1,ELCKENXX01,2030,10.61015853312
GLOBAL,S2D4,PWRHYDKENXX01,1,ELCKENXX01,2031,10.61015853312
GLOBAL,S2D4,PWRHYDKENXX01,1,ELCKENXX01,2032,10.61015853312
GLOBAL,S2D4,PWRHYDKENXX01,1,ELCKENXX01,2033,10.61015853312
GLOBAL,S2D4,PWRHYDKENXX01,1,ELCKENXX01,2034,10.61015853312
GLOBAL,S2D4,PWRHYDKENXX01,1,ELCKENXX01,2035,10.61015853312
GLOBAL,S2D4,PWRHYDKENXX01,1,ELCKENXX01,2036,10.61015853312
GLOBAL,S2D4,PWRHYDKENXX01,1,ELCKENXX01,2037,10.61015853312
GLOBAL,S2D4,PWRHYDKENXX01,1,ELCKENXX01,2038,10.61015853312
GLOBAL,S2D4,PWRHYDKENXX01,1,ELCKENXX01,2039,10.61015853312
GLOBAL,S2D4,PWRHYDKENXX01,1,ELCKENXX01,2040,10.61015853312
GLOBAL,S2D4,PWRHYDKENXX01,1,ELCKENXX01,2041,10.61015853312
GLOBAL,S2D4,PWRHYDKENXX01,1,ELCKENXX01,2042,10.61015853312
GLOBAL,S2D4,PWRHYDKENXX01,1,ELCKENXX01,2043,10.61015853312
GLOBAL,S2D4,PWRHYDKENXX01,1,ELCKENXX01,2044,10.61015853312
GLOBAL,S2D4,PWRHYDKENXX01,1,ELCKENXX01,2045,10.61015853312
GLOBAL,S2D4,PWRHYDKENXX01,1,ELCKENXX01,2046,10.61015853312
GLOBAL,S2D4,PWRHYDKENXX01,1,ELCKENXX01,2047,10.61015853312
GLOBAL,S2D4,PWRHYDKENXX01,1,ELCKENXX01,2048,10.61015853312
GLOBAL,S2D4,PWRHYDKENXX01,1,ELCKENXX01,2049,10.61015853312
GLOBAL,S2D4,PWRHYDKENXX01,1,ELCKENXX01,2050,10.61015853312
GLOBAL,S2D4,PWRHYDTZAXX01,1,ELCTZAXX01,2021,5.325200496
GLOBAL,S2D4,PWRHYDTZAXX01,1,ELCTZAXX01,2022,5.325200496
GLOBAL,S2D4,PWRHYDTZAXX01,1,ELCTZAXX01,2023,5.325200496
GLOBAL,S2D4,PWRHYDTZAXX01,1,ELCTZAXX01,2024,5.325200496
GLOBAL,S2D4,PWRHYDTZAXX01,1,ELCTZAXX01,2025,5.325200496
GLOBAL,S2D4,PWRHYDTZAXX01,1,ELCTZAXX01,2026,5.325200496
GLOBAL,S2D4,PWRHYDTZAXX01,1,ELCTZAXX01,2027,5.325200496
GLOBAL,S2D4,PWRHYDTZAXX01,1,ELCTZAXX01,2028,5.325200496
GLOBAL,S2D4,PWRHYDTZAXX01,1,ELCTZAXX01,2029,5.325200496
GLOBAL,S2D4,PWRHYDTZAXX01,1,ELCTZAXX01,2030,5.325200496
GLOBAL,S2D4,PWRHYDTZAXX01,1,ELCTZAXX01,2031,5.325200496
GLOBAL,S2D4,PWRHYDTZAXX01,1,ELCTZAXX01,2032,5.325200496
GLOBAL,S2D4,PWRHYDTZAXX01,1,ELCTZAXX01,2033,5.325200496
GLOBAL,S2D4,PWRHYDTZAXX01,1,ELCTZAXX01,2034,5.325200496
GLOBAL,S2D4,PWRHYDTZAXX01,1,ELCTZAXX01,2035,5.325200496
GLOBAL,S2D4,PWRHYDTZAXX01,1,ELCTZAXX01,2036,5.325200496
GLOBAL,S2D4,PWRHYDTZAXX01,1,ELCTZAXX01,2037,5.325200496
GLOBAL,S2D4,PWRHYDTZAXX01,1,ELCTZAXX01,2038,5.325200496
GLOBAL,S2D4,PWRHYDTZAXX01,1,ELCTZAXX01,2039,5.325200496
GLOBAL,S2D4,PWRHYDTZAXX01,1,ELCTZAXX01,2040,5.325200496
GLOBAL,S2D4,PWRHYDTZAXX01,1,ELCTZAXX01,2041,5.325200496
GLOBAL,S2D4,PWRHYDTZAXX01,1,ELCTZAXX01,2042,5.325200496
GLOBAL,S2D4,PWRHYDTZAXX01,1,ELCTZAXX01,2043,5.325200496
GLOBAL,S2D4,PWRHYDTZAXX01,1,ELCTZAXX01,2044,5.325200496
GLOBAL,S2D4,PWRHYDTZAXX01,1,ELCTZAXX01,2045,5.325200496
GLOBAL,S2D4,PWRHYDTZAXX01,1,ELCTZAXX01,2046,5.325200496
GLOBAL,S2D4,PWRHYDTZAXX01,1,ELCTZAXX01,2047,5.325200496
GLOBAL,S2D4,PWRHYDTZAXX01,1,ELCTZAXX01,2048,5.325200496
GLOBAL,S2D4,PWRHYDTZAXX01,1,ELCTZAXX01,2049,5.325200496
GLOBAL,S2D4,PWRHYDTZAXX01,1,ELCTZAXX01,2050,5.325200496
GLOBAL,S2D4,PWROILKENXX01,2,ELCKENXX01,2022,0.020624930067669456
GLOBAL,S2D4,PWRSPVKENXX01,1,ELCKENXX01,2021,0.539076384
GLOBAL,S2D4,PWRSPVKENXX01,1,ELCKENXX01,2022,0.784111104
GLOBAL,S2D4,PWRSPVKENXX01,1,ELCKENXX01,2023,0.906628464
GLOBAL,S2D4,PWRSPVKENXX01,1,ELCKENXX01,2024,0.906628464
GLOBAL,S2D4,PWRSPVKENXX01,1,ELCKENXX01,2025,0.906628464
GLOBAL,S2D4,PWRSPVKENXX01,1,ELCKENXX01,2026,0.906628464
GLOBAL,S2D4,PWRSPVKENXX01,1,ELCKENXX01,2027,0.906628464
GLOBAL,S2D4,PWRSPVKENXX01,1,ELCKENXX01,2028,0.906628464
GLOBAL,S2D4,PWRSPVKENXX01,1,ELCKENXX01,2029,0.906628464
GLOBAL,S2D4,PWRSPVKENXX01,1,ELCKENXX01,2030,0.906628464
GLOBAL,S2D4,PWRSPVKENXX01,1,ELCKENXX01,2031,0.906628464
GLOBAL,S2D4,PWRSPVKENXX01,1,ELCKENXX01,2032,0.906628464
GLOBAL,S2D4,PWRSPVKENXX01,1,ELCKENXX01,2033,0.906628464
GLOBAL,S2D4,PWRSPVKENXX01,1,ELCKENXX01,2034,0.906628464
GLOBAL,S2D4,PWRSPVKENXX01,1,ELCKENXX01,2035,0.906628464
GLOBAL,S2D4,PWRSPVKENXX01,1,ELCKENXX01,2036,0.906628464
GLOBAL,S2D4,PWRSPVKENXX01,1,ELCKENXX01,2037,0.906628464
GLOBAL,S2D4,PWRSPVKENXX01,1,ELCKENXX01,2038,0.906628464
GLOBAL,S2D4,PWRSPVKENXX01,1,ELCKENXX01,2039,0.906628464
GLOBAL,S2D4,PWRSPVKENXX01,1,ELCKENXX01,2040,0.906628464
GLOBAL,S2D4,PWRSPVKENXX01,1,ELCKENXX01,2041,0.906628464
GLOBAL,S2D4,PWRSPVKENXX01,1,ELCKENXX01,2042,0.906628464
GLOBAL,S2D4,PWRSPVKENXX01,1,ELCKENXX01,2043,0.906628464
GLOBAL,S2D4,PWRSPVKENXX01,1,ELCKENXX01,2044,0.906628464
GLOBAL,S2D4,PWRTRNKENXX,1,ELCKENXX02,2021,49.110320284697515
GLOBAL,S2D4,PWRTRNKENXX,1,ELCKENXX02,2022,51.245551601423486
GLOBAL,S2D4,PWRTRNKENXX,1,ELCKENXX02,2023,50.76634933723448
GLOBAL,S2D4,PWRTRNKENXX,1,ELCKENXX02,2024,52.381808402907794
GLOBAL,S2D4,PWRTRNKENXX,1,ELCKENXX02,2025,53.96206103257448
GLOBAL,S2D4,PWRTRNKENXX,1,ELCKENXX02,2026,120.8968595387575
GLOBAL,S2D4,PWRTRNKENXX,1,ELCKENXX02,2027,188.34341827636976
GLOBAL,S2D4,PWRTRNKENXX,1,ELCKENXX02,2028,255.7899770139821
GLOBAL,S2D4,PWRTRNKENXX,1,ELCKENXX02,2029,323.2365357515943
GLOBAL,S2D4,PWRTRNKENXX,1,ELCKENXX02,2030,390.6830944892067
GLOBAL,S2D4,PWRTRNKENXX,1,ELCKENXX02,2031,419.9836486948908
GLOBAL,S2D4,PWRTRNKENXX,1,ELCKENXX02,2032,447.7341700588374
GLOBAL,S2D4,PWRTRNKENXX,1,ELCKENXX02,2033,477.0347242645212
GLOBAL,S2D4,PWRTRNKENXX,1,ELCKENXX02,2034,506.3352784702054
GLOBAL,S2D4,PWRTRNKENXX,1,ELCKENXX02,2035,535.6358326758893
GLOBAL,S2D4,PWRTRNKENXX,1,ELCKENXX02,2036,564.9363868815733
GLOBAL,S2D4,PWRTRNKENXX,1,ELCKENXX02,2037,594.2369410872574
GLOBAL,S2D4,PWRTRNKENXX,1,ELCKENXX02,2038,623.5374952929416
GLOBAL,S2D4,PWRTRNKENXX,1,ELCKENXX02,2039,652.8380494986253
GLOBAL,S2D4,PWRTRNKENXX,1,ELCKENXX02,2040,682.1386037043095
GLOBAL,S2D4,PWRTRNKENXX,1,ELCKENXX02,2041,726.3658553355306
GLOBAL,S2D4,PWRTRNKENXX,1,ELCKENXX02,2042,770.5931069667516
GLOBAL,S2D4,PWRTRNKENXX,1,ELCKENXX02,2043,814.8203585979728
GLOBAL,S2D4,PWRTRNKENXX,1,ELCKENXX02,2044,859.0476102291939
GLOBAL,S2D4,PWRTRNKENXX,1,ELCKENXX02,2045,904.7332409109309
GLOBAL,S2D4,PWRTRNKENXX,1,ELCKENXX02,2046,948.960492542152
GLOBAL,S2D4,PWRTRNKENXX,1,ELCKENXX02,2047,993.1877441733732
GLOBAL,S2D4,PWRTRNKENXX,1,ELCKENXX02,2048,1037.6964064095034
GLOBAL,S2D4,PWRTRNKENXX,1,ELCKENXX02,2049,1081.9236580407248
GLOBAL,S2D4,PWRTRNKENXX,1,ELCKENXX02,2050,1126.1509096719462
GLOBAL,S2D4,PWRTRNTZAXX,1,ELCTZAXX02,2021,40.15317039114312
GLOBAL,S2D4,PWRTRNTZAXX,1,ELCTZAXX02,2022,44.197339085792
GLOBAL,S2D4,PWRTRNTZAXX,1,ELCTZAXX02,2023,49.822064056939496
GLOBAL,S2D4,PWRTRNTZAXX,1,ELCTZAXX02,2024,84.67259786476869
GLOBAL,S2D4,PWRTRNTZAXX,1,ELCTZAXX02,2025,90.80071174377224
GLOBAL,S2D4,PWRTRNTZAXX,1,ELCTZAXX02,2026,179.3594306049822
GLOBAL,S2D4,PWRTRNTZAXX,1,ELCTZAXX02,2027,296.44128113879003
GLOBAL,S2D4,PWRTRNTZAXX,1,ELCTZAXX02,2028,413.52313167259786
GLOBAL,S2D4,PWRTRNTZAXX,1,ELCTZAXX02,2029,530.6049822064057
GLOBAL,S2D4,PWRTRNTZAXX,1,ELCTZAXX02,2030,647.6868327402135
GLOBAL,S2D4,PWRTRNTZAXX,1,ELCTZAXX02,2031,698.7544483985765
GLOBAL,S2D4,PWRTRNTZAXX,1,ELCTZAXX02,2032,749.8220640569396
GLOBAL,S2D4,PWRTRNTZAXX,1,ELCTZAXX02,2033,800.8896797153023
GLOBAL,S2D4,PWRTRNTZAXX,1,ELCTZAXX02,2034,851.9572953736656
GLOBAL,S2D4,PWRTRNTZAXX,1,ELCTZAXX02,2035,903.0249110320285
GLOBAL,S2D4,PWRTRNTZAXX,1,ELCTZAXX02,2036,954.0925266903913
GLOBAL,S2D4,PWRTRNTZAXX,1,ELCTZAXX02,2037,1005.1601423487544
GLOBAL,S2D4,PWRTRNTZAXX,1,ELCTZAXX02,2038,1056.2277580071177
GLOBAL,S2D4,PWRTRNTZAXX,1,ELCTZAXX02,2039,1107.2953736654804
GLOBAL,S2D4,PWRTRNTZAXX,1,ELCTZAXX02,2040,1158.3629893238433
GLOBAL,S2D4,PWRTRNTZAXX,1,ELCTZAXX02,2041,1232.4733096085408
GLOBAL,S2D4,PWRTRNTZAXX,1,ELCTZAXX02,2042,1306.5836298932386
GLOBAL,S2D4,PWRTRNTZAXX,1,ELCTZAXX02,2043,1380.693950177936
GLOBAL,S2D4,PWRTRNTZAXX,1,ELCTZAXX02,2044,1454.8042704626334
GLOBAL,S2D4,PWRTRNTZAXX,1,ELCTZAXX02,2045,1528.914590747331
GLOBAL,S2D4,PWRTRNTZAXX,1,ELCTZAXX02,2046,1603.0249110320285
GLOBAL,S2D4,PWRTRNTZAXX,1,ELCTZAXX02,2047,1677.1352313167258
GLOBAL,S2D4,PWRTRNTZAXX,1,ELCTZAXX02,2048,1751.2455516014236
GLOBAL,S2D4,PWRTRNTZAXX,1,ELCTZAXX02,2049,1825.355871886121
GLOBAL,S2D4,PWRTRNTZAXX,1,ELCTZAXX02,2050,1899.4661921708184
GLOBAL,S2D4,PWRWONKENXX01,1,ELCKENXX01,2021,1.8394822656
GLOBAL,S2D4,PWRWONKENXX01,1,ELCKENXX01,2022,1.8394822656
GLOBAL,S2D4,PWRWONKENXX01,1,ELCKENXX01,2023,1.8394822656
GLOBAL,S2D4,PWRWONKENXX01,1,ELCKENXX01,2024,1.697141376
GLOBAL,S2D4,PWRWONKENXX01,1,ELCKENXX01,2025,1.697141376
GLOBAL,S2D4,PWRWONKENXX01,1,ELCKENXX01,2026,1.697141376
GLOBAL,S2D4,PWRWONKENXX01,1,ELCKENXX01,2027,1.697141376
GLOBAL,S2D4,PWRWONKENXX01,1,ELCKENXX01,2028,1.697141376
GLOBAL,S2D4,PWRWONKENXX01,1,ELCKENXX01,2029,1.697141376
GLOBAL,S2D4,PWRWONKENXX01,1,ELCKENXX01,2030,1.697141376
GLOBAL,S2D4,PWRWONKENXX01,1,ELCKENXX01,2031,1.697141376
GLOBAL,S2D4,PWRWONKENXX01,1,ELCKENXX01,2032,1.697141376
GLOBAL,S2D4,PWRWONKENXX01,1,ELCKENXX01,2033,1.697141376
GLOBAL,S2D4,PWRWONKENXX01,1,ELCKENXX01,2034,1.697141376
GLOBAL,S2D4,PWRWONKENXX01,1,ELCKENXX01,2035,1.697141376
GLOBAL,S2D4,PWRWONKENXX01,1,ELCKENXX01,2036,1.697141376
GLOBAL,S2D4,PWRWONKENXX01,1,ELCKENXX01,2037,1.697141376
GLOBAL,S2D4,PWRWONKENXX01,1,ELCKENXX01,2038,1.697141376
GLOBAL,S2D4,PWRWONKENXX01,1,ELCKENXX01,2039,1.697141376
GLOBAL,S2D4,PWRWONKENXX01,1,ELCKENXX01,2040,1.697141376
GLOBAL,S2D4,PWRWONKENXX01,1,ELCKENXX01,2041,1.697141376
GLOBAL,S2D4,PWRWONKENXX01,1,ELCKENXX01,2042,1.697141376
GLOBAL,S2D4,PWRWONKENXX01,1,ELCKENXX01,2043,1.697141376
GLOBAL,S2D4,PWRWONKENXX01,1,ELCKENXX01,2044,1.697141376
GLOBAL,S2D4,PWRWONKENXX01,1,ELCKENXX01,2045,1.697141376
GLOBAL,S2D4,PWRWONKENXX01,1,ELCKENXX01,2046,1.697141376
GLOBAL,S2D4,PWRWONKENXX01,1,ELCKENXX01,2047,1.697141376
GLOBAL,S2D4,RNWBIOKENXX,1,BIOKENXX,2021,8.9688384
GLOBAL,S2D4,RNWBIOKENXX,1,BIOKENXX,2022,8.9688384
GLOBAL,S2D4,RNWBIOKENXX,1,BIOKENXX,2023,8.9688384
GLOBAL,S2D4,RNWBIOKENXX,1,BIOKENXX,2024,8.9688384
GLOBAL,S2D4,RNWBIOKENXX,1,BIOKENXX,2025,8.9688384
GLOBAL,S2D4,RNWBIOKENXX,1,BIOKENXX,2026,8.9688384
GLOBAL,S2D4,RNWBIOKENXX,1,BIOKENXX,2027,8.9688384
GLOBAL,S2D4,RNWBIOKENXX,1,BIOKENXX,2028,8.9688384
GLOBAL,S2D4,RNWBIOKENXX,1,BIOKENXX,2029,8.9688384
GLOBAL,S2D4,RNWBIOKENXX,1,BIOKENXX,2030,8.9688384
GLOBAL,S2D4,RNWBIOKENXX,1,BIOKENXX,2031,8.9688384
GLOBAL,S2D4,RNWBIOTZAXX,1,BIOTZAXX,2021,11.75203249561094
GLOBAL,S2D4,RNWBIOTZAXX,1,BIOTZAXX,2022,11.75203249561094
GLOBAL,S2D4,RNWBIOTZAXX,1,BIOTZAXX,2023,11.75203249561094
GLOBAL,S2D4,RNWBIOTZAXX,1,BIOTZAXX,2024,11.75203249561094
GLOBAL,S2D4,RNWBIOTZAXX,1,BIOTZAXX,2025,11.75203249561094
GLOBAL,S2D4,RNWBIOTZAXX,1,BIOTZAXX,2026,11.75203249561094
GLOBAL,S2D4,RNWBIOTZAXX,1,BIOTZAXX,2027,11.75203249561094
GLOBAL,S2D4,RNWBIOTZAXX,1,BIOTZAXX,2028,11.75203249561094
GLOBAL,S2D4,RNWBIOTZAXX,1,BIOTZAXX,2029,19.00748984748341
GLOBAL,S2D4,RNWBIOTZAXX,1,BIOTZAXX,2030,28.470453824031104
GLOBAL,S2D4,RNWBIOTZAXX,1,BIOTZAXX,2031,32.59791683507905
GLOBAL,S2D4,RNWBIOTZAXX,1,BIOTZAXX,2032,36.72537984612735
GLOBAL,S2D4,RNWBIOTZAXX,1,BIOTZAXX,2033,40.85284285717314
GLOBAL,S2D4,RNWBIOTZAXX,1,BIOTZAXX,2034,44.98030586822178
GLOBAL,S2D4,RNWBIOTZAXX,1,BIOTZAXX,2035,49.10776887926814
GLOBAL,S2D4,RNWBIOTZAXX,1,BIOTZAXX,2036,53.235231890316655
GLOBAL,S2D4,RNWBIOTZAXX,1,BIOTZAXX,2037,57.36269490136442
GLOBAL,S2D4,RNWBIOTZAXX,1,BIOTZAXX,2038,61.490157912411526
GLOBAL,S2D4,RNWBIOTZAXX,1,BIOTZAXX,2039,65.61762092345816
GLOBAL,S2D4,RNWBIOTZAXX,1,BIOTZAXX,2040,69.74508393450459
GLOBAL,S2D4,RNWBIOTZAXX,1,BIOTZAXX,2041,75.73493879199923
GLOBAL,S2D4,RNWBIOTZAXX,1,BIOTZAXX,2042,81.72479364949581
GLOBAL,S2D4,RNWBIOTZAXX,1,BIOTZAXX,2043,87.71464850698993
GLOBAL,S2D4,RNWBIOTZAXX,1,BIOTZAXX,2044,93.70450336448525
GLOBAL,S2D4,RNWBIOTZAXX,1,BIOTZAXX,2045,99.69435822198209
GLOBAL,S2D4,RNWBIOTZAXX,1,BIOTZAXX,2046,105.68421307947682
GLOBAL,S2D4,RNWBIOTZAXX,1,BIOTZAXX,2047,111.67406793697418
GLOBAL,S2D4,RNWBIOTZAXX,1,BIOTZAXX,2048,117.66392279446929
GLOBAL,S2D4,RNWBIOTZAXX,1,BIOTZAXX,2049,123.65377765196531
GLOBAL,S2D4,RNWBIOTZAXX,1,BIOTZAXX,2050,129.6436325094595
GLOBAL,S2D4,RNWGEOKENXX,1,GEOKENXX,2021,32.99859494290263
GLOBAL,S2D4,RNWGEOKENXX,1,GEOKENXX,2022,34.57184007451448
GLOBAL,S2D4,RNWGEOKENXX,1,GEOKENXX,2023,34.57184007451448
GLOBAL,S2D4,RNWGEOKENXX,1,GEOKENXX,2024,36.3296400297878
GLOBAL,S2D4,RNWGEOKENXX,1,GEOKENXX,2025,37.90989265945448
GLOBAL,S2D4,RNWGEOKENXX,1,GEOKENXX,2026,104.8446911656375
GLOBAL,S2D4,RNWGEOKENXX,1,GEOKENXX,2027,172.29124990324976
GLOBAL,S2D4,RNWGEOKENXX,1,GEOKENXX,2028,239.7378086408621
GLOBAL,S2D4,RNWGEOKENXX,1,GEOKENXX,2029,307.1843673784743
GLOBAL,S2D4,RNWGEOKENXX,1,GEOKENXX,2030,374.6309261160867
GLOBAL,S2D4,RNWGEOKENXX,1,GEOKENXX,2031,403.9314803217708
GLOBAL,S2D4,RNWGEOKENXX,1,GEOKENXX,2032,434.5202416857173
GLOBAL,S2D4,RNWGEOKENXX,1,GEOKENXX,2033,463.8207958914013
GLOBAL,S2D4,RNWGEOKENXX,1,GEOKENXX,2034,493.1213500970854
GLOBAL,S2D4,RNWGEOKENXX,1,GEOKENXX,2035,522.4219043027693
GLOBAL,S2D4,RNWGEOKENXX,1,GEOKENXX,2036,551.7224585084533
GLOBAL,S2D4,RNWGEOKENXX,1,GEOKENXX,2037,581.0230127141374
GLOBAL,S2D4,RNWGEOKENXX,1,GEOKENXX,2038,610.3235669198215
GLOBAL,S2D4,RNWGEOKENXX,1,GEOKENXX,2039,639.6241211255054
GLOBAL,S2D4,RNWGEOKENXX,1,GEOKENXX,2040,668.9246753311896
GLOBAL,S2D4,RNWGEOKENXX,1,GEOKENXX,2041,713.1519269624107
GLOBAL,S2D4,RNWGEOKENXX,1,GEOKENXX,2042,757.3791785936317
GLOBAL,S2D4,RNWGEOKENXX,1,GEOKENXX,2043,801.6064302248529
GLOBAL,S2D4,RNWGEOKENXX,1,GEOKENXX,2044,845.833681856074
GLOBAL,S2D4,RNWGEOKENXX,1,GEOKENXX,2045,892.4259410018105
GLOBAL,S2D4,RNWGEOKENXX,1,GEOKENXX,2046,936.6531926330318
GLOBAL,S2D4,RNWGEOKENXX,1,GEOKENXX,2047,980.8804442642531
GLOBAL,S2D4,RNWGEOKENXX,1,GEOKENXX,2048,1027.0862478763834
GLOBAL,S2D4,RNWGEOKENXX,1,GEOKENXX,2049,1071.3134995076048
GLOBAL,S2D4,RNWGEOKENXX,1,GEOKENXX,2050,1115.5407511388262
GLOBAL,S2D4,RNWGEOTZAXX,1,GEOTZAXX,2021,24.690119415043064
GLOBAL,S2D4,RNWGEOTZAXX,1,GEOTZAXX,2022,27.93111396501243
GLOBAL,S2D4,RNWGEOTZAXX,1,GEOTZAXX,2023,31.957672720193628
GLOBAL,S2D4,RNWGEOTZAXX,1,GEOTZAXX,2024,62.86015973800489
GLOBAL,S2D4,RNWGEOTZAXX,1,GEOTZAXX,2025,68.17539079995464
GLOBAL,S2D4,RNWGEOTZAXX,1,GEOTZAXX,2026,144.97090572988955
GLOBAL,S2D4,RNWGEOTZAXX,1,GEOTZAXX,2027,246.338674437744
GLOBAL,S2D4,RNWGEOTZAXX,1,GEOTZAXX,2028,347.7064431455985
GLOBAL,S2D4,RNWGEOTZAXX,1,GEOTZAXX,2029,448.08530098067934
GLOBAL,S2D4,RNWGEOTZAXX,1,GEOTZAXX,2030,548.1632780859882
GLOBAL,S2D4,RNWGEOTZAXX,1,GEOTZAXX,2031,591.8143106531973
GLOBAL,S2D4,RNWGEOTZAXX,1,GEOTZAXX,2032,635.4653432204065
GLOBAL,S2D4,RNWGEOTZAXX,1,GEOTZAXX,2033,679.1163757876158
GLOBAL,S2D4,RNWGEOTZAXX,1,GEOTZAXX,2034,722.767408354825
GLOBAL,S2D4,RNWGEOTZAXX,1,GEOTZAXX,2035,766.4184409220343
GLOBAL,S2D4,RNWGEOTZAXX,1,GEOTZAXX,2036,810.0694734892433
GLOBAL,S2D4,RNWGEOTZAXX,1,GEOTZAXX,2037,853.7205060564521
GLOBAL,S2D4,RNWGEOTZAXX,1,GEOTZAXX,2038,897.3715386236614
GLOBAL,S2D4,RNWGEOTZAXX,1,GEOTZAXX,2039,941.0225711908713
GLOBAL,S2D4,RNWGEOTZAXX,1,GEOTZAXX,2040,984.6736037580805
GLOBAL,S2D4,RNWGEOTZAXX,1,GEOTZAXX,2041,1048.0208339470794
GLOBAL,S2D4,RNWGEOTZAXX,1,GEOTZAXX,2042,1111.3680641360777
GLOBAL,S2D4,RNWGEOTZAXX,1,GEOTZAXX,2043,1174.715294325077
GLOBAL,S2D4,RNWGEOTZAXX,1,GEOTZAXX,2044,1238.0625245140754
GLOBAL,S2D4,RNWGEOTZAXX,1,GEOTZAXX,2045,1301.4097547030742
GLOBAL,S2D4,RNWGEOTZAXX,1,GEOTZAXX,2046,1364.7569848920732
GLOBAL,S2D4,RNWGEOTZAXX,1,GEOTZAXX,2047,1428.1042150810715
GLOBAL,S2D4,RNWGEOTZAXX,1,GEOTZAXX,2048,1491.45144527007
GLOBAL,S2D4,RNWGEOTZAXX,1,GEOTZAXX,2049,1554.798675459069
GLOBAL,S2D4,RNWGEOTZAXX,1,GEOTZAXX,2050,1618.145905648068
GLOBAL,S2D4,RNWHYDKENXX,1,HYDKENXX,2021,10.61015853312
GLOBAL,S2D4,RNWHYDKENXX,1,HYDKENXX,2022,10.61015853312
GLOBAL,S2D4,RNWHYDKENXX,1,HYDKENXX,2023,10.61015853312
GLOBAL,S2D4,RNWHYDKENXX,1,HYDKENXX,2024,10.61015853312
GLOBAL,S2D4,RNWHYDKENXX,1,HYDKENXX,2025,10.61015853312
GLOBAL,S2D4,RNWHYDKENXX,1,HYDKENXX,2026,10.61015853312
GLOBAL,S2D4,RNWHYDKENXX,1,HYDKENXX,2027,10.61015853312
GLOBAL,S2D4,RNWHYDKENXX,1,HYDKENXX,2028,10.61015853312
GLOBAL,S2D4,RNWHYDKENXX,1,HYDKENXX,2029,10.61015853312
GLOBAL,S2D4,RNWHYDKENXX,1,HYDKENXX,2030,10.61015853312
GLOBAL,S2D4,RNWHYDKENXX,1,HYDKENXX,2031,10.61015853312
GLOBAL,S2D4,RNWHYDKENXX,1,HYDKENXX,2032,10.61015853312
GLOBAL,S2D4,RNWHYDKENXX,1,HYDKENXX,2033,10.61015853312
GLOBAL,S2D4,RNWHYDKENXX,1,HYDKENXX,2034,10.61015853312
GLOBAL,S2D4,RNWHYDKENXX,1,HYDKENXX,2035,10.61015853312
GLOBAL,S2D4,RNWHYDKENXX,1,HYDKENXX,2036,10.61015853312
GLOBAL,S2D4,RNWHYDKENXX,1,HYDKENXX,2037,10.61015853312
GLOBAL,S2D4,RNWHYDKENXX,1,HYDKENXX,2038,10.61015853312
GLOBAL,S2D4,RNWHYDKENXX,1,HYDKENXX,2039,10.61015853312
GLOBAL,S2D4,RNWHYDKENXX,1,HYDKENXX,2040,10.61015853312
GLOBAL,S2D4,RNWHYDKENXX,1,HYDKENXX,2041,10.61015853312
GLOBAL,S2D4,RNWHYDKENXX,1,HYDKENXX,2042,10.61015853312
GLOBAL,S2D4,RNWHYDKENXX,1,HYDKENXX,2043,10.61015853312
GLOBAL,S2D4,RNWHYDKENXX,1,HYDKENXX,2044,10.61015853312
GLOBAL,S2D4,RNWHYDKENXX,1,HYDKENXX,2045,10.61015853312
GLOBAL,S2D4,RNWHYDKENXX,1,HYDKENXX,2046,10.61015853312
GLOBAL,S2D4,RNWHYDKENXX,1,HYDKENXX,2047,10.61015853312
GLOBAL,S2D4,RNWHYDKENXX,1,HYDKENXX,2048,10.61015853312
GLOBAL,S2D4,RNWHYDKENXX,1,HYDKENXX,2049,10.61015853312
GLOBAL,S2D4,RNWHYDKENXX,1,HYDKENXX,2050,10.61015853312
GLOBAL,S2D4,RNWHYDTZAXX,1,HYDTZAXX,2021,5.325200496
GLOBAL,S2D4,RNWHYDTZAXX,1,HYDTZAXX,2022,5.325200496
GLOBAL,S2D4,RNWHYDTZAXX,1,HYDTZAXX,2023,5.325200496
GLOBAL,S2D4,RNWHYDTZAXX,1,HYDTZAXX,2024,5.325200496
GLOBAL,S2D4,RNWHYDTZAXX,1,HYDTZAXX,2025,5.325200496
GLOBAL,S2D4,RNWHYDTZAXX,1,HYDTZAXX,2026,5.325200496
GLOBAL,S2D4,RNWHYDTZAXX,1,HYDTZAXX,2027,5.325200496
GLOBAL,S2D4,RNWHYDTZAXX,1,HYDTZAXX,2028,5.325200496
GLOBAL,S2D4,RNWHYDTZAXX,1,HYDTZAXX,2029,5.325200496
GLOBAL,S2D4,RNWHYDTZAXX,1,HYDTZAXX,2030,5.325200496
GLOBAL,S2D4,RNWHYDTZAXX,1,HYDTZAXX,2031,5.325200496
GLOBAL,S2D4,RNWHYDTZAXX,1,HYDTZAXX,2032,5.325200496
GLOBAL,S2D4,RNWHYDTZAXX,1,HYDTZAXX,2033,5.325200496
GLOBAL,S2D4,RNWHYDTZAXX,1,HYDTZAXX,2034,5.325200496
GLOBAL,S2D4,RNWHYDTZAXX,1,HYDTZAXX,2035,5.325200496
GLOBAL,S2D4,RNWHYDTZAXX,1,HYDTZAXX,2036,5.325200496
GLOBAL,S2D4,RNWHYDTZAXX,1,HYDTZAXX,2037,5.325200496
GLOBAL,S2D4,RNWHYDTZAXX,1,HYDTZAXX,2038,5.325200496
GLOBAL,S2D4,RNWHYDTZAXX,1,HYDTZAXX,2039,5.325200496
GLOBAL,S2D4,RNWHYDTZAXX,1,HYDTZAXX,2040,5.325200496
GLOBAL,S2D4,RNWHYDTZAXX,1,HYDTZAXX,2041,5.325200496
GLOBAL,S2D4,RNWHYDTZAXX,1,HYDTZAXX,2042,5.325200496
GLOBAL,S2D4,RNWHYDTZAXX,1,HYDTZAXX,2043,5.325200496
GLOBAL,S2D4,RNWHYDTZAXX,1,HYDTZAXX,2044,5.325200496
GLOBAL,S2D4,RNWHYDTZAXX,1,HYDTZAXX,2045,5.325200496
GLOBAL,S2D4,RNWHYDTZAXX,1,HYDTZAXX,2046,5.325200496
GLOBAL,S2D4,RNWHYDTZAXX,1,HYDTZAXX,2047,5.325200496
GLOBAL,S2D4,RNWHYDTZAXX,1,HYDTZAXX,2048,5.325200496
GLOBAL,S2D4,RNWHYDTZAXX,1,HYDTZAXX,2049,5.325200496
GLOBAL,S2D4,RNWHYDTZAXX,1,HYDTZAXX,2050,5.325200496
GLOBAL,S2D4,RNWSPVKENXX,1,SPVKENXX,2021,0.539076384
GLOBAL,S2D4,RNWSPVKENXX,1,SPVKENXX,2022,0.784111104
GLOBAL,S2D4,RNWSPVKENXX,1,SPVKENXX,2023,0.906628464
GLOBAL,S2D4,RNWSPVKENXX,1,SPVKENXX,2024,0.906628464
GLOBAL,S2D4,RNWSPVKENXX,1,SPVKENXX,2025,0.906628464
GLOBAL,S2D4,RNWSPVKENXX,1,SPVKENXX,2026,0.906628464
GLOBAL,S2D4,RNWSPVKENXX,1,SPVKENXX,2027,0.906628464
GLOBAL,S2D4,RNWSPVKENXX,1,SPVKENXX,2028,0.906628464
GLOBAL,S2D4,RNWSPVKENXX,1,SPVKENXX,2029,0.906628464
GLOBAL,S2D4,RNWSPVKENXX,1,SPVKENXX,2030,0.906628464
GLOBAL,S2D4,RNWSPVKENXX,1,SPVKENXX,2031,0.906628464
GLOBAL,S2D4,RNWSPVKENXX,1,SPVKENXX,2032,0.906628464
GLOBAL,S2D4,RNWSPVKENXX,1,SPVKENXX,2033,0.906628464
GLOBAL,S2D4,RNWSPVKENXX,1,SPVKENXX,2034,0.906628464
GLOBAL,S2D4,RNWSPVKENXX,1,SPVKENXX,2035,0.906628464
GLOBAL,S2D4,RNWSPVKENXX,1,SPVKENXX,2036,0.906628464
GLOBAL,S2D4,RNWSPVKENXX,1,SPVKENXX,2037,0.906628464
GLOBAL,S2D4,RNWSPVKENXX,1,SPVKENXX,2038,0.906628464
GLOBAL,S2D4,RNWSPVKENXX,1,SPVKENXX,2039,0.906628464
GLOBAL,S2D4,RNWSPVKENXX,1,SPVKENXX,2040,0.906628464
GLOBAL,S2D4,RNWSPVKENXX,1,SPVKENXX,2041,0.906628464
GLOBAL,S2D4,RNWSPVKENXX,1,SPVKENXX,2042,0.906628464
GLOBAL,S2D4,RNWSPVKENXX,1,SPVKENXX,2043,0.906628464
GLOBAL,S2D4,RNWSPVKENXX,1,SPVKENXX,2044,0.906628464
GLOBAL,S2D4,RNWWONKENXX,1,WONKENXX,2021,1.8394822656
GLOBAL,S2D4,RNWWONKENXX,1,WONKENXX,2022,1.8394822656
GLOBAL,S2D4,RNWWONKENXX,1,WONKENXX,2023,1.8394822656
GLOBAL,S2D4,RNWWONKENXX,1,WONKENXX,2024,1.697141376
GLOBAL,S2D4,RNWWONKENXX,1,WONKENXX,2025,1.697141376
GLOBAL,S2D4,RNWWONKENXX,1,WONKENXX,2026,1.697141376
GLOBAL,S2D4,RNWWONKENXX,1,WONKENXX,2027,1.697141376
GLOBAL,S2D4,RNWWONKENXX,1,WONKENXX,2028,1.697141376
GLOBAL,S2D4,RNWWONKENXX,1,WONKENXX,2029,1.697141376
GLOBAL,S2D4,RNWWONKENXX,1,WONKENXX,2030,1.697141376
GLOBAL,S2D4,RNWWONKENXX,1,WONKENXX,2031,1.697141376
GLOBAL,S2D4,RNWWONKENXX,1,WONKENXX,2032,1.697141376
GLOBAL,S2D4,RNWWONKENXX,1,WONKENXX,2033,1.697141376
GLOBAL,S2D4,RNWWONKENXX,1,WONKENXX,2034,1.697141376
GLOBAL,S2D4,RNWWONKENXX,1,WONKENXX,2035,1.697141376
GLOBAL,S2D4,RNWWONKENXX,1,WONKENXX,2036,1.697141376
GLOBAL,S2D4,RNWWONKENXX,1,WONKENXX,2037,1.697141376
GLOBAL,S2D4,RNWWONKENXX,1,WONKENXX,2038,1.697141376
GLOBAL,S2D4,RNWWONKENXX,1,WONKENXX,2039,1.697141376
GLOBAL,S2D4,RNWWONKENXX,1,WONKENXX,2040,1.697141376
GLOBAL,S2D4,RNWWONKENXX,1,WONKENXX,2041,1.697141376
GLOBAL,S2D4,RNWWONKENXX,1,WONKENXX,2042,1.697141376
GLOBAL,S2D4,RNWWONKENXX,1,WONKENXX,2043,1.697141376
GLOBAL,S2D4,RNWWONKENXX,1,WONKENXX,2044,1.697141376
GLOBAL,S2D4,RNWWONKENXX,1,WONKENXX,2045,1.697141376
GLOBAL,S2D4,RNWWONKENXX,1,WONKENXX,2046,1.697141376
GLOBAL,S2D4,RNWWONKENXX,1,WONKENXX,2047,1.697141376
GLOBAL,S2D4,TRNKENXXTZAXX,1,ELCTZAXX01,2023,0.567006914893938
GLOBAL,S2D4,TRNKENXXTZAXX,1,ELCTZAXX01,2024,0.0661439783345643
GLOBAL,S2D4,TRNKENXXTZAXX,1,ELCTZAXX01,2025,0.11775762231618823
GLOBAL,S2D4,TRNKENXXTZAXX,1,ELCTZAXX01,2026,2.3045179097339386
GLOBAL,S2D4,TRNKENXXTZAXX,1,ELCTZAXX01,2027,4.5420469970554995
GLOBAL,S2D4,TRNKENXXTZAXX,1,ELCTZAXX01,2028,6.779576084377168
GLOBAL,S2D4,TRNKENXXTZAXX,1,ELCTZAXX01,2029,9.017105171698622
GLOBAL,S2D4,TRNKENXXTZAXX,1,ELCTZAXX01,2030,11.254634259020321
GLOBAL,S2D4,TRNKENXXTZAXX,1,ELCTZAXX01,2031,12.22667558384039
GLOBAL,S2D4,TRNKENXXTZAXX,1,ELCTZAXX01,2032,11.705074261705391
GLOBAL,S2D4,TRNKENXXTZAXX,1,ELCTZAXX01,2033,12.677115586525275
GLOBAL,S2D4,TRNKENXXTZAXX,1,ELCTZAXX01,2034,13.649156911345468
GLOBAL,S2D4,TRNKENXXTZAXX,1,ELCTZAXX01,2035,14.621198236165412
GLOBAL,S2D4,TRNKENXXTZAXX,1,ELCTZAXX01,2036,15.593239560985355
GLOBAL,S2D4,TRNKENXXTZAXX,1,ELCTZAXX01,2037,16.565280885805425
GLOBAL,S2D4,TRNKENXXTZAXX,1,ELCTZAXX01,2038,17.53732221062543
GLOBAL,S2D4,TRNKENXXTZAXX,1,ELCTZAXX01,2039,18.509363535445438
GLOBAL,S2D4,TRNKENXXTZAXX,1,ELCTZAXX01,2040,19.48140486026557
GLOBAL,S2D4,TRNKENXXTZAXX,1,ELCTZAXX01,2041,20.948637048673074
GLOBAL,S2D4,TRNKENXXTZAXX,1,ELCTZAXX01,2042,22.41586923708059
GLOBAL,S2D4,TRNKENXXTZAXX,1,ELCTZAXX01,2043,23.88310142548822
GLOBAL,S2D4,TRNKENXXTZAXX,1,ELCTZAXX01,2044,25.350333613895735
GLOBAL,S2D4,TRNKENXXTZAXX,1,ELCTZAXX01,2045,28.222889022961066
GLOBAL,S2D4,TRNKENXXTZAXX,1,ELCTZAXX01,2046,29.6901212113687
GLOBAL,S2D4,TRNKENXXTZAXX,1,ELCTZAXX01,2047,31.157353399776458
GLOBAL,S2D4,TRNKENXXTZAXX,1,ELCTZAXX01,2048,32.89575847528659
GLOBAL,S2D4,TRNKENXXTZAXX,1,ELCTZAXX01,2049,34.36299066369447
GLOBAL,S2D4,TRNKENXXTZAXX,1,ELCTZAXX01,2050,35.830222852102104
GLOBAL,S2D4,TRNKENXXTZAXX,2,ELCKENXX01,2021,0.28476815907488556
GLOBAL,S2D4,TRNKENXXTZAXX,2,ELCKENXX01,2022,0.5810946941213417
GLOBAL,S2D5,MINGASINT,1,GASINT,2021,2.4516209093002708
GLOBAL,S2D5,MINGASINT,1,GASINT,2022,2.924795493325456
GLOBAL,S2D5,MINGASINT,1,GASINT,2023,4.327508955324578
GLOBAL,S2D5,MINGASINT,1,GASINT,2024,3.1795714703654707
GLOBAL,S2D5,MINGASINT,1,GASINT,2025,2.887749809424456
GLOBAL,S2D5,MINOILINT,1,OILINT,2022,0.9469431413641082
GLOBAL,S2D5,PWRBIOKENXX01,1,ELCKENXX01,2021,2.83824
GLOBAL,S2D5,PWRBIOKENXX01,1,ELCKENXX01,2022,2.83824
GLOBAL,S2D5,PWRBIOKENXX01,1,ELCKENXX01,2023,2.83824
GLOBAL,S2D5,PWRBIOKENXX01,1,ELCKENXX01,2024,2.83824
GLOBAL,S2D5,PWRBIOKENXX01,1,ELCKENXX01,2025,2.83824
GLOBAL,S2D5,PWRBIOKENXX01,1,ELCKENXX01,2026,2.83824
GLOBAL,S2D5,PWRBIOKENXX01,1,ELCKENXX01,2031,2.83824
GLOBAL,S2D5,PWRBIOTZAXX01,1,ELCTZAXX01,2021,3.529138887570853
GLOBAL,S2D5,PWRBIOTZAXX01,1,ELCTZAXX01,2022,3.529138887570853
GLOBAL,S2D5,PWRBIOTZAXX01,1,ELCTZAXX01,2023,3.529138887570853
GLOBAL,S2D5,PWRBIOTZAXX01,1,ELCTZAXX01,2024,3.529138887570853
GLOBAL,S2D5,PWRBIOTZAXX01,1,ELCTZAXX01,2025,3.529138887570853
GLOBAL,S2D5,PWRBIOTZAXX01,1,ELCTZAXX01,2026,3.529138887570853
GLOBAL,S2D5,PWRBIOTZAXX01,1,ELCTZAXX01,2027,2.428651756647471
GLOBAL,S2D5,PWRBIOTZAXX01,1,ELCTZAXX01,2028,1.4167549349140045
GLOBAL,S2D5,PWRBIOTZAXX01,1,ELCTZAXX01,2029,1.393768985954016
GLOBAL,S2D5,PWRBIOTZAXX01,1,ELCTZAXX01,2030,5.519337326942671
GLOBAL,S2D5,PWRBIOTZAXX01,1,ELCTZAXX01,2031,6.846929661036101
GLOBAL,S2D5,PWRBIOTZAXX01,1,ELCTZAXX01,2032,6.0057604010689305
GLOBAL,S2D5,PWRBIOTZAXX01,1,ELCTZAXX01,2033,7.36422942082562
GLOBAL,S2D5,PWRBIOTZAXX01,1,ELCTZAXX01,2034,2.156501469459716
GLOBAL,S2D5,PWRBIOTZAXX01,1,ELCTZAXX01,2035,4.721207358144599
GLOBAL,S2D5,PWRBIOTZAXX01,1,ELCTZAXX01,2036,4.842416783818156
GLOBAL,S2D5,PWRBIOTZAXX01,1,ELCTZAXX01,2037,15.24160196286876
GLOBAL,S2D5,PWRBIOTZAXX01,1,ELCTZAXX01,2038,16.600070982628157
GLOBAL,S2D5,PWRBIOTZAXX01,1,ELCTZAXX01,2039,17.958540002387803
GLOBAL,S2D5,PWRBIOTZAXX01,1,ELCTZAXX01,2040,19.317009022146596
GLOBAL,S2D5,PWRBIOTZAXX01,1,ELCTZAXX01,2041,21.288445770332515
GLOBAL,S2D5,PWRBIOTZAXX01,1,ELCTZAXX01,2042,17.934682022517855
GLOBAL,S2D5,PWRBIOTZAXX01,1,ELCTZAXX01,2043,19.90611877070041
GLOBAL,S2D5,PWRBIOTZAXX01,1,ELCTZAXX01,2044,27.202756014887388
GLOBAL,S2D5,PWRBIOTZAXX01,1,ELCTZAXX01,2045,29.174192763072703
GLOBAL,S2D5,PWRBIOTZAXX01,1,ELCTZAXX01,2046,31.14562951126146
GLOBAL,S2D5,PWRBIOTZAXX01,1,ELCTZAXX01,2047,4.115068408693597
GLOBAL,S2D5,PWRBIOTZAXX01,1,ELCTZAXX01,2048,4.290969892292459
GLOBAL,S2D5,PWRBIOTZAXX01,1,ELCTZAXX01,2049,4.4668713758918255
GLOBAL,S2D5,PWRBIOTZAXX01,1,ELCTZAXX01,2050,38.93202177461247
GLOBAL,S2D5,PWRCCGTZAXX00,2,ELCTZAXX01,2021,0.9925590725912029
GLOBAL,S2D5,PWRCCGTZAXX00,2,ELCTZAXX01,2022,1.1841277300912776
GLOBAL,S2D5,PWRCCGTZAXX00,2,ELCTZAXX01,2023,1.7520279171354565
GLOBAL,S2D5,PWRCCGTZAXX00,2,ELCTZAXX01,2024,1.287275898933389
GLOBAL,S2D5,PWRCCGTZAXX00,2,ELCTZAXX01,2025,1.16912947749978
GLOBAL,S2D5,PWRGEOKENXX01,1,ELCKENXX01,2021,32.99859494290263
GLOBAL,S2D5,PWRGEOKENXX01,1,ELCKENXX01,2022,34.57184007451448
GLOBAL,S2D5,PWRGEOKENXX01,1,ELCKENXX01,2023,34.57184007451448
GLOBAL,S2D5,PWRGEOKENXX01,1,ELCKENXX01,2024,36.3296400297878
GLOBAL,S2D5,PWRGEOKENXX01,1,ELCKENXX01,2025,37.90989265945448
GLOBAL,S2D5,PWRGEOKENXX01,1,ELCKENXX01,2026,102.9316023611718
GLOBAL,S2D5,PWRGEOKENXX01,1,ELCKENXX01,2027,170.89439752131418
GLOBAL,S2D5,PWRGEOKENXX01,1,ELCKENXX01,2028,236.0189526814565
GLOBAL,S2D5,PWRGEOKENXX01,1,ELCKENXX01,2029,301.14350784159893
GLOBAL,S2D5,PWRGEOKENXX01,1,ELCKENXX01,2030,366.26806300174127
GLOBAL,S2D5,PWRGEOKENXX01,1,ELCKENXX01,2031,391.72163794836047
GLOBAL,S2D5,PWRGEOKENXX01,1,ELCKENXX01,2032,422.8516928949797
GLOBAL,S2D5,PWRGEOKENXX01,1,ELCKENXX01,2033,451.1435078415989
GLOBAL,S2D5,PWRGEOKENXX01,1,ELCKENXX01,2034,479.43532278821806
GLOBAL,S2D5,PWRGEOKENXX01,1,ELCKENXX01,2035,507.72713773483736
GLOBAL,S2D5,PWRGEOKENXX01,1,ELCKENXX01,2036,536.0189526814564
GLOBAL,S2D5,PWRGEOKENXX01,1,ELCKENXX01,2037,574.4844457254634
GLOBAL,S2D5,PWRGEOKENXX01,1,ELCKENXX01,2038,592.602582574695
GLOBAL,S2D5,PWRGEOKENXX01,1,ELCKENXX01,2039,631.0680756187019
GLOBAL,S2D5,PWRGEOKENXX01,1,ELCKENXX01,2040,659.3598905653212
GLOBAL,S2D5,PWRGEOKENXX01,1,ELCKENXX01,2041,702.5009973355731
GLOBAL,S2D5,PWRGEOKENXX01,1,ELCKENXX01,2042,734.5954651369725
GLOBAL,S2D5,PWRGEOKENXX01,1,ELCKENXX01,2043,777.300091471492
GLOBAL,S2D5,PWRGEOKENXX01,1,ELCKENXX01,2044,820.0047178060115
GLOBAL,S2D5,PWRGEOKENXX01,1,ELCKENXX01,2045,872.883022237919
GLOBAL,S2D5,PWRGEOKENXX01,1,ELCKENXX01,2046,915.5876485724384
GLOBAL,S2D5,PWRGEOKENXX01,1,ELCKENXX01,2047,948.1185968095704
GLOBAL,S2D5,PWRGEOKENXX01,1,ELCKENXX01,2048,992.9485603280899
GLOBAL,S2D5,PWRGEOKENXX01,1,ELCKENXX01,2049,1035.6531866626094
GLOBAL,S2D5,PWRGEOKENXX01,1,ELCKENXX01,2050,1088.967971530249
GLOBAL,S2D5,PWRGEOTZAXX01,1,ELCTZAXX01,2021,24.690119415043064
GLOBAL,S2D5,PWRGEOTZAXX01,1,ELCTZAXX01,2022,27.93111396501243
GLOBAL,S2D5,PWRGEOTZAXX01,1,ELCTZAXX01,2023,31.957672720193628
GLOBAL,S2D5,PWRGEOTZAXX01,1,ELCTZAXX01,2024,62.86015973800489
GLOBAL,S2D5,PWRGEOTZAXX01,1,ELCTZAXX01,2025,68.17539079995464
GLOBAL,S2D5,PWRGEOTZAXX01,1,ELCTZAXX01,2026,144.8823154206996
GLOBAL,S2D5,PWRGEOTZAXX01,1,ELCTZAXX01,2027,246.338674437744
GLOBAL,S2D5,PWRGEOTZAXX01,1,ELCTZAXX01,2028,347.7064431455985
GLOBAL,S2D5,PWRGEOTZAXX01,1,ELCTZAXX01,2029,448.08530098067934
GLOBAL,S2D5,PWRGEOTZAXX01,1,ELCTZAXX01,2030,544.3156045258118
GLOBAL,S2D5,PWRGEOTZAXX01,1,ELCTZAXX01,2031,586.7602541846009
GLOBAL,S2D5,PWRGEOTZAXX01,1,ELCTZAXX01,2032,631.3736654374507
GLOBAL,S2D5,PWRGEOTZAXX01,1,ELCTZAXX01,2033,673.7874384105764
GLOBAL,S2D5,PWRGEOTZAXX01,1,ELCTZAXX01,2034,722.767408354825
GLOBAL,S2D5,PWRGEOTZAXX01,1,ELCTZAXX01,2035,766.4184409220343
GLOBAL,S2D5,PWRGEOTZAXX01,1,ELCTZAXX01,2036,810.0694734892433
GLOBAL,S2D5,PWRGEOTZAXX01,1,ELCTZAXX01,2037,840.9990338400637
GLOBAL,S2D5,PWRGEOTZAXX01,1,ELCTZAXX01,2038,883.4128068131869
GLOBAL,S2D5,PWRGEOTZAXX01,1,ELCTZAXX01,2039,925.8265797863096
GLOBAL,S2D5,PWRGEOTZAXX01,1,ELCTZAXX01,2040,968.2403527594333
GLOBAL,S2D5,PWRGEOTZAXX01,1,ELCTZAXX01,2041,1029.792047683845
GLOBAL,S2D5,PWRGEOTZAXX01,1,ELCTZAXX01,2042,1096.6689431042578
GLOBAL,S2D5,PWRGEOTZAXX01,1,ELCTZAXX01,2043,1158.2206380286734
GLOBAL,S2D5,PWRGEOTZAXX01,1,ELCTZAXX01,2044,1214.447132457084
GLOBAL,S2D5,PWRGEOTZAXX01,1,ELCTZAXX01,2045,1275.9988273814968
GLOBAL,S2D5,PWRGEOTZAXX01,1,ELCTZAXX01,2046,1337.5505223059056
GLOBAL,S2D5,PWRGEOTZAXX01,1,ELCTZAXX01,2047,1428.1042150810715
GLOBAL,S2D5,PWRGEOTZAXX01,1,ELCTZAXX01,2048,1491.4514452700705
GLOBAL,S2D5,PWRGEOTZAXX01,1,ELCTZAXX01,2049,1554.798675459069
GLOBAL,S2D5,PWRGEOTZAXX01,1,ELCTZAXX01,2050,1583.856656732946
GLOBAL,S2D5,PWRHYDKENXX01,1,ELCKENXX01,2021,10.61015853312
GLOBAL,S2D5,PWRHYDKENXX01,1,ELCKENXX01,2022,10.61015853312
GLOBAL,S2D5,PWRHYDKENXX01,1,ELCKENXX01,2023,10.61015853312
GLOBAL,S2D5,PWRHYDKENXX01,1,ELCKENXX01,2024,10.61015853312
GLOBAL,S2D5,PWRHYDKENXX01,1,ELCKENXX01,2025,10.61015853312
GLOBAL,S2D5,PWRHYDKENXX01,1,ELCKENXX01,2026,10.61015853312
GLOBAL,S2D5,PWRHYDKENXX01,1,ELCKENXX01,2027,10.61015853312
GLOBAL,S2D5,PWRHYDKENXX01,1,ELCKENXX01,2028,10.61015853312
GLOBAL,S2D5,PWRHYDKENXX01,1,ELCKENXX01,2029,10.61015853312
GLOBAL,S2D5,PWRHYDKENXX01,1,ELCKENXX01,2030,10.61015853312
GLOBAL,S2D5,PWRHYDKENXX01,1,ELCKENXX01,2031,10.61015853312
GLOBAL,S2D5,PWRHYDKENXX01,1,ELCKENXX01,2032,10.61015853312
GLOBAL,S2D5,PWRHYDKENXX01,1,ELCKENXX01,2033,10.61015853312
GLOBAL,S2D5,PWRHYDKENXX01,1,ELCKENXX01,2034,10.61015853312
GLOBAL,S2D5,PWRHYDKENXX01,1,ELCKENXX01,2035,10.61015853312
GLOBAL,S2D5,PWRHYDKENXX01,1,ELCKENXX01,2036,10.61015853312
GLOBAL,S2D5,PWRHYDKENXX01,1,ELCKENXX01,2037,0.4364804357324083
GLOBAL,S2D5,PWRHYDKENXX01,1,ELCKENXX01,2038,10.61015853312
GLOBAL,S2D5,PWRHYDKENXX01,1,ELCKENXX01,2039,0.4364804357324083
GLOBAL,S2D5,PWRHYDKENXX01,1,ELCKENXX01,2040,0.4364804357324083
GLOBAL,S2D5,PWRHYDKENXX01,1,ELCKENXX01,2042,10.61015853312
GLOBAL,S2D5,PWRHYDKENXX01,1,ELCKENXX01,2043,10.61015853312
GLOBAL,S2D5,PWRHYDKENXX01,1,ELCKENXX01,2044,10.61015853312
GLOBAL,S2D5,PWRHYDKENXX01,1,ELCKENXX01,2045,0.4364804357324083
GLOBAL,S2D5,PWRHYDKENXX01,1,ELCKENXX01,2046,0.4364804357324083
GLOBAL,S2D5,PWRHYDKENXX01,1,ELCKENXX01,2047,10.61015853312
GLOBAL,S2D5,PWRHYDKENXX01,1,ELCKENXX01,2048,10.61015853312
GLOBAL,S2D5,PWRHYDKENXX01,1,ELCKENXX01,2049,10.61015853312
GLOBAL,S2D5,PWRHYDTZAXX01,1,ELCTZAXX01,2021,5.325200496
GLOBAL,S2D5,PWRHYDTZAXX01,1,ELCTZAXX01,2022,5.325200496
GLOBAL,S2D5,PWRHYDTZAXX01,1,ELCTZAXX01,2023,5.325200496
GLOBAL,S2D5,PWRHYDTZAXX01,1,ELCTZAXX01,2024,5.325200496
GLOBAL,S2D5,PWRHYDTZAXX01,1,ELCTZAXX01,2025,5.325200496
GLOBAL,S2D5,PWRHYDTZAXX01,1,ELCTZAXX01,2026,5.325200496
GLOBAL,S2D5,PWRHYDTZAXX01,1,ELCTZAXX01,2027,5.325200496
GLOBAL,S2D5,PWRHYDTZAXX01,1,ELCTZAXX01,2028,5.325200496
GLOBAL,S2D5,PWRHYDTZAXX01,1,ELCTZAXX01,2029,5.325200496
GLOBAL,S2D5,PWRHYDTZAXX01,1,ELCTZAXX01,2030,5.325200496
GLOBAL,S2D5,PWRHYDTZAXX01,1,ELCTZAXX01,2031,5.325200496
GLOBAL,S2D5,PWRHYDTZAXX01,1,ELCTZAXX01,2032,5.325200496
GLOBAL,S2D5,PWRHYDTZAXX01,1,ELCTZAXX01,2033,5.325200496
GLOBAL,S2D5,PWRHYDTZAXX01,1,ELCTZAXX01,2034,5.325200496
GLOBAL,S2D5,PWRHYDTZAXX01,1,ELCTZAXX01,2035,2.881704032988435
GLOBAL,S2D5,PWRHYDTZAXX01,1,ELCTZAXX01,2036,2.881704032988435
GLOBAL,S2D5,PWRHYDTZAXX01,1,ELCTZAXX01,2037,5.325200496
GLOBAL,S2D5,PWRHYDTZAXX01,1,ELCTZAXX01,2038,5.325200496
GLOBAL,S2D5,PWRHYDTZAXX01,1,ELCTZAXX01,2039,5.325200496
GLOBAL,S2D5,PWRHYDTZAXX01,1,ELCTZAXX01,2040,5.325200496
GLOBAL,S2D5,PWRHYDTZAXX01,1,ELCTZAXX01,2041,5.325200496
GLOBAL,S2D5,PWRHYDTZAXX01,1,ELCTZAXX01,2042,5.325200496
GLOBAL,S2D5,PWRHYDTZAXX01,1,ELCTZAXX01,2043,5.325200496
GLOBAL,S2D5,PWRHYDTZAXX01,1,ELCTZAXX01,2044,5.325200496
GLOBAL,S2D5,PWRHYDTZAXX01,1,ELCTZAXX01,2045,5.325200496
GLOBAL,S2D5,PWRHYDTZAXX01,1,ELCTZAXX01,2046,5.325200496
GLOBAL,S2D5,PWRHYDTZAXX01,1,ELCTZAXX01,2047,5.325200496
GLOBAL,S2D5,PWRHYDTZAXX01,1,ELCTZAXX01,2048,5.325200496
GLOBAL,S2D5,PWRHYDTZAXX01,1,ELCTZAXX01,2049,5.325200496
GLOBAL,S2D5,PWRHYDTZAXX01,1,ELCTZAXX01,2050,5.325200496
GLOBAL,S2D5,PWROILKENXX01,2,ELCKENXX01,2022,0.3406270292676648
GLOBAL,S2D5,PWRTRNKENXX,1,ELCKENXX02,2021,49.110320284697515
GLOBAL,S2D5,PWRTRNKENXX,1,ELCKENXX02,2022,51.245551601423486
GLOBAL,S2D5,PWRTRNKENXX,1,ELCKENXX02,2023,50.32382987803448
GLOBAL,S2D5,PWRTRNKENXX,1,ELCKENXX02,2024,52.31316725978648
GLOBAL,S2D5,PWRTRNKENXX,1,ELCKENXX02,2025,53.83985765124555
GLOBAL,S2D5,PWRTRNKENXX,1,ELCKENXX02,2026,118.5053380782918
GLOBAL,S2D5,PWRTRNKENXX,1,ELCKENXX02,2027,183.62989323843416
GLOBAL,S2D5,PWRTRNKENXX,1,ELCKENXX02,2028,248.75444839857653
GLOBAL,S2D5,PWRTRNKENXX,1,ELCKENXX02,2029,313.87900355871886
GLOBAL,S2D5,PWRTRNKENXX,1,ELCKENXX02,2030,379.0035587188612
GLOBAL,S2D5,PWRTRNKENXX,1,ELCKENXX02,2031,407.2953736654805
GLOBAL,S2D5,PWRTRNKENXX,1,ELCKENXX02,2032,435.5871886120996
GLOBAL,S2D5,PWRTRNKENXX,1,ELCKENXX02,2033,463.87900355871886
GLOBAL,S2D5,PWRTRNKENXX,1,ELCKENXX02,2034,492.1708185053381
GLOBAL,S2D5,PWRTRNKENXX,1,ELCKENXX02,2035,520.4626334519572
GLOBAL,S2D5,PWRTRNKENXX,1,ELCKENXX02,2036,548.7544483985765
GLOBAL,S2D5,PWRTRNKENXX,1,ELCKENXX02,2037,577.0462633451957
GLOBAL,S2D5,PWRTRNKENXX,1,ELCKENXX02,2038,605.338078291815
GLOBAL,S2D5,PWRTRNKENXX,1,ELCKENXX02,2039,633.6298932384342
GLOBAL,S2D5,PWRTRNKENXX,1,ELCKENXX02,2040,661.9217081850534
GLOBAL,S2D5,PWRTRNKENXX,1,ELCKENXX02,2041,704.626334519573
GLOBAL,S2D5,PWRTRNKENXX,1,ELCKENXX02,2042,747.3309608540925
GLOBAL,S2D5,PWRTRNKENXX,1,ELCKENXX02,2043,790.0355871886121
GLOBAL,S2D5,PWRTRNKENXX,1,ELCKENXX02,2044,832.7402135231315
GLOBAL,S2D5,PWRTRNKENXX,1,ELCKENXX02,2045,875.4448398576513
GLOBAL,S2D5,PWRTRNKENXX,1,ELCKENXX02,2046,918.1494661921708
GLOBAL,S2D5,PWRTRNKENXX,1,ELCKENXX02,2047,960.8540925266904
GLOBAL,S2D5,PWRTRNKENXX,1,ELCKENXX02,2048,1003.55871886121
GLOBAL,S2D5,PWRTRNKENXX,1,ELCKENXX02,2049,1046.2633451957297
GLOBAL,S2D5,PWRTRNKENXX,1,ELCKENXX02,2050,1088.967971530249
GLOBAL,S2D5,PWRTRNTZAXX,1,ELCTZAXX02,2021,34.53701787120512
GLOBAL,S2D5,PWRTRNTZAXX,1,ELCTZAXX02,2022,37.96958107867456
GLOBAL,S2D5,PWRTRNTZAXX,1,ELCTZAXX02,2023,42.70462633451957
GLOBAL,S2D5,PWRTRNTZAXX,1,ELCTZAXX02,2024,73.00177502050913
GLOBAL,S2D5,PWRTRNTZAXX,1,ELCTZAXX02,2025,78.19885966102528
GLOBAL,S2D5,PWRTRNTZAXX,1,ELCTZAXX02,2026,153.73665480427047
GLOBAL,S2D5,PWRTRNTZAXX,1,ELCTZAXX02,2027,254.09252669039145
GLOBAL,S2D5,PWRTRNTZAXX,1,ELCTZAXX02,2028,354.4483985765125
GLOBAL,S2D5,PWRTRNTZAXX,1,ELCTZAXX02,2029,454.80427046263344
GLOBAL,S2D5,PWRTRNTZAXX,1,ELCTZAXX02,2030,555.1601423487544
GLOBAL,S2D5,PWRTRNTZAXX,1,ELCTZAXX02,2031,598.932384341637
GLOBAL,S2D5,PWRTRNTZAXX,1,ELCTZAXX02,2032,642.7046263345195
GLOBAL,S2D5,PWRTRNTZAXX,1,ELCTZAXX02,2033,686.476868327402
GLOBAL,S2D5,PWRTRNTZAXX,1,ELCTZAXX02,2034,730.2491103202847
GLOBAL,S2D5,PWRTRNTZAXX,1,ELCTZAXX02,2035,774.0213523131673
GLOBAL,S2D5,PWRTRNTZAXX,1,ELCTZAXX02,2036,817.7935943060497
GLOBAL,S2D5,PWRTRNTZAXX,1,ELCTZAXX02,2037,861.5658362989324
GLOBAL,S2D5,PWRTRNTZAXX,1,ELCTZAXX02,2038,905.338078291815
GLOBAL,S2D5,PWRTRNTZAXX,1,ELCTZAXX02,2039,949.1103202846977
GLOBAL,S2D5,PWRTRNTZAXX,1,ELCTZAXX02,2040,992.88256227758
GLOBAL,S2D5,PWRTRNTZAXX,1,ELCTZAXX02,2041,1056.405693950178
GLOBAL,S2D5,PWRTRNTZAXX,1,ELCTZAXX02,2042,1119.9288256227758
GLOBAL,S2D5,PWRTRNTZAXX,1,ELCTZAXX02,2043,1183.451957295374
GLOBAL,S2D5,PWRTRNTZAXX,1,ELCTZAXX02,2044,1246.9750889679715
GLOBAL,S2D5,PWRTRNTZAXX,1,ELCTZAXX02,2045,1310.4982206405696
GLOBAL,S2D5,PWRTRNTZAXX,1,ELCTZAXX02,2046,1374.0213523131672
GLOBAL,S2D5,PWRTRNTZAXX,1,ELCTZAXX02,2047,1437.5444839857653
GLOBAL,S2D5,PWRTRNTZAXX,1,ELCTZAXX02,2048,1501.067615658363
GLOBAL,S2D5,PWRTRNTZAXX,1,ELCTZAXX02,2049,1564.590747330961
GLOBAL,S2D5,PWRTRNTZAXX,1,ELCTZAXX02,2050,1628.1138790035586
GLOBAL,S2D5,PWRWONKENXX01,1,ELCKENXX01,2021,2.3035912704
GLOBAL,S2D5,PWRWONKENXX01,1,ELCKENXX01,2022,2.3035912704
GLOBAL,S2D5,PWRWONKENXX01,1,ELCKENXX01,2023,2.3035912704
GLOBAL,S2D5,PWRWONKENXX01,1,ELCKENXX01,2024,2.125337184
GLOBAL,S2D5,PWRWONKENXX01,1,ELCKENXX01,2025,2.125337184
GLOBAL,S2D5,PWRWONKENXX01,1,ELCKENXX01,2026,2.125337184
GLOBAL,S2D5,PWRWONKENXX01,1,ELCKENXX01,2027,2.125337184
GLOBAL,S2D5,PWRWONKENXX01,1,ELCKENXX01,2028,2.125337184
GLOBAL,S2D5,PWRWONKENXX01,1,ELCKENXX01,2029,2.125337184
GLOBAL,S2D5,PWRWONKENXX01,1,ELCKENXX01,2030,2.125337184
GLOBAL,S2D5,PWRWONKENXX01,1,ELCKENXX01,2031,2.125337184
GLOBAL,S2D5,PWRWONKENXX01,1,ELCKENXX01,2032,2.125337184
GLOBAL,S2D5,PWRWONKENXX01,1,ELCKENXX01,2033,2.125337184
GLOBAL,S2D5,PWRWONKENXX01,1,ELCKENXX01,2034,2.125337184
GLOBAL,S2D5,PWRWONKENXX01,1,ELCKENXX01,2035,2.125337184
GLOBAL,S2D5,PWRWONKENXX01,1,ELCKENXX01,2036,2.125337184
GLOBAL,S2D5,PWRWONKENXX01,1,ELCKENXX01,2037,2.125337184
GLOBAL,S2D5,PWRWONKENXX01,1,ELCKENXX01,2038,2.125337184
GLOBAL,S2D5,PWRWONKENXX01,1,ELCKENXX01,2039,2.125337184
GLOBAL,S2D5,PWRWONKENXX01,1,ELCKENXX01,2040,2.125337184
GLOBAL,S2D5,PWRWONKENXX01,1,ELCKENXX01,2041,2.125337184
GLOBAL,S2D5,PWRWONKENXX01,1,ELCKENXX01,2042,2.125337184
GLOBAL,S2D5,PWRWONKENXX01,1,ELCKENXX01,2043,2.125337184
GLOBAL,S2D5,PWRWONKENXX01,1,ELCKENXX01,2044,2.125337184
GLOBAL,S2D5,PWRWONKENXX01,1,ELCKENXX01,2045,2.125337184
GLOBAL,S2D5,PWRWONKENXX01,1,ELCKENXX01,2046,2.125337184
GLOBAL,S2D5,PWRWONKENXX01,1,ELCKENXX01,2047,2.125337184
GLOBAL,S2D5,RNWBIOKENXX,1,BIOKENXX,2021,8.9688384
GLOBAL,S2D5,RNWBIOKENXX,1,BIOKENXX,2022,8.9688384
GLOBAL,S2D5,RNWBIOKENXX,1,BIOKENXX,2023,8.9688384
GLOBAL,S2D5,RNWBIOKENXX,1,BIOKENXX,2024,8.9688384
GLOBAL,S2D5,RNWBIOKENXX,1,BIOKENXX,2025,8.9688384
GLOBAL,S2D5,RNWBIOKENXX,1,BIOKENXX,2026,8.9688384
GLOBAL,S2D5,RNWBIOKENXX,1,BIOKENXX,2031,8.9688384
GLOBAL,S2D5,RNWBIOTZAXX,1,BIOTZAXX,2021,11.75203249561094
GLOBAL,S2D5,RNWBIOTZAXX,1,BIOTZAXX,2022,11.75203249561094
GLOBAL,S2D5,RNWBIOTZAXX,1,BIOTZAXX,2023,11.75203249561094
GLOBAL,S2D5,RNWBIOTZAXX,1,BIOTZAXX,2024,11.75203249561094
GLOBAL,S2D5,RNWBIOTZAXX,1,BIOTZAXX,2025,11.75203249561094
GLOBAL,S2D5,RNWBIOTZAXX,1,BIOTZAXX,2026,11.75203249561094
GLOBAL,S2D5,RNWBIOTZAXX,1,BIOTZAXX,2027,8.087410349636077
GLOBAL,S2D5,RNWBIOTZAXX,1,BIOTZAXX,2028,4.717793933263635
GLOBAL,S2D5,RNWBIOTZAXX,1,BIOTZAXX,2029,4.641250723226873
GLOBAL,S2D5,RNWBIOTZAXX,1,BIOTZAXX,2030,18.379393298719098
GLOBAL,S2D5,RNWBIOTZAXX,1,BIOTZAXX,2031,22.800275771250217
GLOBAL,S2D5,RNWBIOTZAXX,1,BIOTZAXX,2032,19.99918213555954
GLOBAL,S2D5,RNWBIOTZAXX,1,BIOTZAXX,2033,24.52288397134932
GLOBAL,S2D5,RNWBIOTZAXX,1,BIOTZAXX,2034,7.181149893300854
GLOBAL,S2D5,RNWBIOTZAXX,1,BIOTZAXX,2035,15.721620502621516
GLOBAL,S2D5,RNWBIOTZAXX,1,BIOTZAXX,2036,16.125247890114462
GLOBAL,S2D5,RNWBIOTZAXX,1,BIOTZAXX,2037,50.75453453635297
GLOBAL,S2D5,RNWBIOTZAXX,1,BIOTZAXX,2038,55.27823637215177
GLOBAL,S2D5,RNWBIOTZAXX,1,BIOTZAXX,2039,59.80193820795137
GLOBAL,S2D5,RNWBIOTZAXX,1,BIOTZAXX,2040,64.32564004374815
GLOBAL,S2D5,RNWBIOTZAXX,1,BIOTZAXX,2041,70.89052441520728
GLOBAL,S2D5,RNWBIOTZAXX,1,BIOTZAXX,2042,59.72249113498446
GLOBAL,S2D5,RNWBIOTZAXX,1,BIOTZAXX,2043,66.28737550643237
GLOBAL,S2D5,RNWBIOTZAXX,1,BIOTZAXX,2044,90.585177529575
GLOBAL,S2D5,RNWBIOTZAXX,1,BIOTZAXX,2045,97.1500619010321
GLOBAL,S2D5,RNWBIOTZAXX,1,BIOTZAXX,2046,103.71494627250068
GLOBAL,S2D5,RNWBIOTZAXX,1,BIOTZAXX,2047,13.70317780094968
GLOBAL,S2D5,RNWBIOTZAXX,1,BIOTZAXX,2048,14.28892974133389
GLOBAL,S2D5,RNWBIOTZAXX,1,BIOTZAXX,2049,14.874681681719782
GLOBAL,S2D5,RNWBIOTZAXX,1,BIOTZAXX,2050,129.6436325094595
GLOBAL,S2D5,RNWGEOKENXX,1,GEOKENXX,2021,32.99859494290263
GLOBAL,S2D5,RNWGEOKENXX,1,GEOKENXX,2022,34.57184007451448
GLOBAL,S2D5,RNWGEOKENXX,1,GEOKENXX,2023,34.57184007451448
GLOBAL,S2D5,RNWGEOKENXX,1,GEOKENXX,2024,36.3296400297878
GLOBAL,S2D5,RNWGEOKENXX,1,GEOKENXX,2025,37.90989265945448
GLOBAL,S2D5,RNWGEOKENXX,1,GEOKENXX,2026,102.9316023611718
GLOBAL,S2D5,RNWGEOKENXX,1,GEOKENXX,2027,170.89439752131418
GLOBAL,S2D5,RNWGEOKENXX,1,GEOKENXX,2028,236.0189526814565
GLOBAL,S2D5,RNWGEOKENXX,1,GEOKENXX,2029,301.14350784159893
GLOBAL,S2D5,RNWGEOKENXX,1,GEOKENXX,2030,366.26806300174127
GLOBAL,S2D5,RNWGEOKENXX,1,GEOKENXX,2031,391.72163794836047
GLOBAL,S2D5,RNWGEOKENXX,1,GEOKENXX,2032,422.8516928949797
GLOBAL,S2D5,RNWGEOKENXX,1,GEOKENXX,2033,451.1435078415989
GLOBAL,S2D5,RNWGEOKENXX,1,GEOKENXX,2034,479.43532278821806
GLOBAL,S2D5,RNWGEOKENXX,1,GEOKENXX,2035,507.72713773483736
GLOBAL,S2D5,RNWGEOKENXX,1,GEOKENXX,2036,536.0189526814564
GLOBAL,S2D5,RNWGEOKENXX,1,GEOKENXX,2037,574.4844457254634
GLOBAL,S2D5,RNWGEOKENXX,1,GEOKENXX,2038,592.602582574695
GLOBAL,S2D5,RNWGEOKENXX,1,GEOKENXX,2039,631.0680756187019
GLOBAL,S2D5,RNWGEOKENXX,1,GEOKENXX,2040,659.3598905653212
GLOBAL,S2D5,RNWGEOKENXX,1,GEOKENXX,2041,702.5009973355731
GLOBAL,S2D5,RNWGEOKENXX,1,GEOKENXX,2042,734.5954651369725
GLOBAL,S2D5,RNWGEOKENXX,1,GEOKENXX,2043,777.300091471492
GLOBAL,S2D5,RNWGEOKENXX,1,GEOKENXX,2044,820.0047178060115
GLOBAL,S2D5,RNWGEOKENXX,1,GEOKENXX,2045,872.883022237919
GLOBAL,S2D5,RNWGEOKENXX,1,GEOKENXX,2046,915.5876485724384
GLOBAL,S2D5,RNWGEOKENXX,1,GEOKENXX,2047,948.1185968095704
GLOBAL,S2D5,RNWGEOKENXX,1,GEOKENXX,2048,992.9485603280899
GLOBAL,S2D5,RNWGEOKENXX,1,GEOKENXX,2049,1035.6531866626094
GLOBAL,S2D5,RNWGEOKENXX,1,GEOKENXX,2050,1088.967971530249
GLOBAL,S2D5,RNWGEOTZAXX,1,GEOTZAXX,2021,24.690119415043064
GLOBAL,S2D5,RNWGEOTZAXX,1,GEOTZAXX,2022,27.93111396501243
GLOBAL,S2D5,RNWGEOTZAXX,1,GEOTZAXX,2023,31.957672720193628
GLOBAL,S2D5,RNWGEOTZAXX,1,GEOTZAXX,2024,62.86015973800489
GLOBAL,S2D5,RNWGEOTZAXX,1,GEOTZAXX,2025,68.17539079995464
GLOBAL,S2D5,RNWGEOTZAXX,1,GEOTZAXX,2026,144.8823154206996
GLOBAL,S2D5,RNWGEOTZAXX,1,GEOTZAXX,2027,246.338674437744
GLOBAL,S2D5,RNWGEOTZAXX,1,GEOTZAXX,2028,347.7064431455985
GLOBAL,S2D5,RNWGEOTZAXX,1,GEOTZAXX,2029,448.08530098067934
GLOBAL,S2D5,RNWGEOTZAXX,1,GEOTZAXX,2030,544.3156045258118
GLOBAL,S2D5,RNWGEOTZAXX,1,GEOTZAXX,2031,586.7602541846009
GLOBAL,S2D5,RNWGEOTZAXX,1,GEOTZAXX,2032,631.3736654374507
GLOBAL,S2D5,RNWGEOTZAXX,1,GEOTZAXX,2033,673.7874384105764
GLOBAL,S2D5,RNWGEOTZAXX,1,GEOTZAXX,2034,722.767408354825
GLOBAL,S2D5,RNWGEOTZAXX,1,GEOTZAXX,2035,766.4184409220343
GLOBAL,S2D5,RNWGEOTZAXX,1,GEOTZAXX,2036,810.0694734892433
GLOBAL,S2D5,RNWGEOTZAXX,1,GEOTZAXX,2037,840.9990338400637
GLOBAL,S2D5,RNWGEOTZAXX,1,GEOTZAXX,2038,883.4128068131869
GLOBAL,S2D5,RNWGEOTZAXX,1,GEOTZAXX,2039,925.8265797863096
GLOBAL,S2D5,RNWGEOTZAXX,1,GEOTZAXX,2040,968.2403527594333
GLOBAL,S2D5,RNWGEOTZAXX,1,GEOTZAXX,2041,1029.792047683845
GLOBAL,S2D5,RNWGEOTZAXX,1,GEOTZAXX,2042,1096.6689431042578
GLOBAL,S2D5,RNWGEOTZAXX,1,GEOTZAXX,2043,1158.2206380286734
GLOBAL,S2D5,RNWGEOTZAXX,1,GEOTZAXX,2044,1214.447132457084
GLOBAL,S2D5,RNWGEOTZAXX,1,GEOTZAXX,2045,1275.9988273814968
GLOBAL,S2D5,RNWGEOTZAXX,1,GEOTZAXX,2046,1337.5505223059056
GLOBAL,S2D5,RNWGEOTZAXX,1,GEOTZAXX,2047,1428.1042150810715
GLOBAL,S2D5,RNWGEOTZAXX,1,GEOTZAXX,2048,1491.45144527007
GLOBAL,S2D5,RNWGEOTZAXX,1,GEOTZAXX,2049,1554.798675459069
GLOBAL,S2D5,RNWGEOTZAXX,1,GEOTZAXX,2050,1583.856656732946
GLOBAL,S2D5,RNWHYDKENXX,1,HYDKENXX,2021,10.61015853312
GLOBAL,S2D5,RNWHYDKENXX,1,HYDKENXX,2022,10.61015853312
GLOBAL,S2D5,RNWHYDKENXX,1,HYDKENXX,2023,10.61015853312
GLOBAL,S2D5,RNWHYDKENXX,1,HYDKENXX,2024,10.61015853312
GLOBAL,S2D5,RNWHYDKENXX,1,HYDKENXX,2025,10.61015853312
GLOBAL,S2D5,RNWHYDKENXX,1,HYDKENXX,2026,10.61015853312
GLOBAL,S2D5,RNWHYDKENXX,1,HYDKENXX,2027,10.61015853312
GLOBAL,S2D5,RNWHYDKENXX,1,HYDKENXX,2028,10.61015853312
GLOBAL,S2D5,RNWHYDKENXX,1,HYDKENXX,2029,10.61015853312
GLOBAL,S2D5,RNWHYDKENXX,1,HYDKENXX,2030,10.61015853312
GLOBAL,S2D5,RNWHYDKENXX,1,HYDKENXX,2031,10.61015853312
GLOBAL,S2D5,RNWHYDKENXX,1,HYDKENXX,2032,10.61015853312
GLOBAL,S2D5,RNWHYDKENXX,1,HYDKENXX,2033,10.61015853312
GLOBAL,S2D5,RNWHYDKENXX,1,HYDKENXX,2034,10.61015853312
GLOBAL,S2D5,RNWHYDKENXX,1,HYDKENXX,2035,10.61015853312
GLOBAL,S2D5,RNWHYDKENXX,1,HYDKENXX,2036,10.61015853312
GLOBAL,S2D5,RNWHYDKENXX,1,HYDKENXX,2037,0.4364804357324083
GLOBAL,S2D5,RNWHYDKENXX,1,HYDKENXX,2038,10.61015853312
GLOBAL,S2D5,RNWHYDKENXX,1,HYDKENXX,2039,0.4364804357324083
GLOBAL,S2D5,RNWHYDKENXX,1,HYDKENXX,2040,0.4364804357324083
GLOBAL,S2D5,RNWHYDKENXX,1,HYDKENXX,2042,10.61015853312
GLOBAL,S2D5,RNWHYDKENXX,1,HYDKENXX,2043,10.61015853312
GLOBAL,S2D5,RNWHYDKENXX,1,HYDKENXX,2044,10.61015853312
GLOBAL,S2D5,RNWHYDKENXX,1,HYDKENXX,2045,0.4364804357324083
GLOBAL,S2D5,RNWHYDKENXX,1,HYDKENXX,2046,0.4364804357324083
GLOBAL,S2D5,RNWHYDKENXX,1,HYDKENXX,2047,10.61015853312
GLOBAL,S2D5,RNWHYDKENXX,1,HYDKENXX,2048,10.61015853312
GLOBAL,S2D5,RNWHYDKENXX,1,HYDKENXX,2049,10.61015853312
GLOBAL,S2D5,RNWHYDTZAXX,1,HYDTZAXX,2021,5.325200496
GLOBAL,S2D5,RNWHYDTZAXX,1,HYDTZAXX,2022,5.325200496
GLOBAL,S2D5,RNWHYDTZAXX,1,HYDTZAXX,2023,5.325200496
GLOBAL,S2D5,RNWHYDTZAXX,1,HYDTZAXX,2024,5.325200496
GLOBAL,S2D5,RNWHYDTZAXX,1,HYDTZAXX,2025,5.325200496
GLOBAL,S2D5,RNWHYDTZAXX,1,HYDTZAXX,2026,5.325200496
GLOBAL,S2D5,RNWHYDTZAXX,1,HYDTZAXX,2027,5.325200496
GLOBAL,S2D5,RNWHYDTZAXX,1,HYDTZAXX,2028,5.325200496
GLOBAL,S2D5,RNWHYDTZAXX,1,HYDTZAXX,2029,5.325200496
GLOBAL,S2D5,RNWHYDTZAXX,1,HYDTZAXX,2030,5.325200496
GLOBAL,S2D5,RNWHYDTZAXX,1,HYDTZAXX,2031,5.325200496
GLOBAL,S2D5,RNWHYDTZAXX,1,HYDTZAXX,2032,5.325200496
GLOBAL,S2D5,RNWHYDTZAXX,1,HYDTZAXX,2033,5.325200496
GLOBAL,S2D5,RNWHYDTZAXX,1,HYDTZAXX,2034,5.325200496
GLOBAL,S2D5,RNWHYDTZAXX,1,HYDTZAXX,2035,2.881704032988435
GLOBAL,S2D5,RNWHYDTZAXX,1,HYDTZAXX,2036,2.881704032988435
GLOBAL,S2D5,RNWHYDTZAXX,1,HYDTZAXX,2037,5.325200496
GLOBAL,S2D5,RNWHYDTZAXX,1,HYDTZAXX,2038,5.325200496
GLOBAL,S2D5,RNWHYDTZAXX,1,HYDTZAXX,2039,5.325200496
GLOBAL,S2D5,RNWHYDTZAXX,1,HYDTZAXX,2040,5.325200496
GLOBAL,S2D5,RNWHYDTZAXX,1,HYDTZAXX,2041,5.325200496
GLOBAL,S2D5,RNWHYDTZAXX,1,HYDTZAXX,2042,5.325200496
GLOBAL,S2D5,RNWHYDTZAXX,1,HYDTZAXX,2043,5.325200496
GLOBAL,S2D5,RNWHYDTZAXX,1,HYDTZAXX,2044,5.325200496
GLOBAL,S2D5,RNWHYDTZAXX,1,HYDTZAXX,2045,5.325200496
GLOBAL,S2D5,RNWHYDTZAXX,1,HYDTZAXX,2046,5.325200496
GLOBAL,S2D5,RNWHYDTZAXX,1,HYDTZAXX,2047,5.325200496
GLOBAL,S2D5,RNWHYDTZAXX,1,HYDTZAXX,2048,5.325200496
GLOBAL,S2D5,RNWHYDTZAXX,1,HYDTZAXX,2049,5.325200496
GLOBAL,S2D5,RNWHYDTZAXX,1,HYDTZAXX,2050,5.325200496
GLOBAL,S2D5,RNWWONKENXX,1,WONKENXX,2021,2.3035912704
GLOBAL,S2D5,RNWWONKENXX,1,WONKENXX,2022,2.3035912704
GLOBAL,S2D5,RNWWONKENXX,1,WONKENXX,2023,2.3035912704
GLOBAL,S2D5,RNWWONKENXX,1,WONKENXX,2024,2.125337184
GLOBAL,S2D5,RNWWONKENXX,1,WONKENXX,2025,2.125337184
GLOBAL,S2D5,RNWWONKENXX,1,WONKENXX,2026,2.125337184
GLOBAL,S2D5,RNWWONKENXX,1,WONKENXX,2027,2.125337184
GLOBAL,S2D5,RNWWONKENXX,1,WONKENXX,2028,2.125337184
GLOBAL,S2D5,RNWWONKENXX,1,WONKENXX,2029,2.125337184
GLOBAL,S2D5,RNWWONKENXX,1,WONKENXX,2030,2.125337184
GLOBAL,S2D5,RNWWONKENXX,1,WONKENXX,2031,2.125337184
GLOBAL,S2D5,RNWWONKENXX,1,WONKENXX,2032,2.125337184
GLOBAL,S2D5,RNWWONKENXX,1,WONKENXX,2033,2.125337184
GLOBAL,S2D5,RNWWONKENXX,1,WONKENXX,2034,2.125337184
GLOBAL,S2D5,RNWWONKENXX,1,WONKENXX,2035,2.125337184
GLOBAL,S2D5,RNWWONKENXX,1,WONKENXX,2036,2.125337184
GLOBAL,S2D5,RNWWONKENXX,1,WONKENXX,2037,2.125337184
GLOBAL,S2D5,RNWWONKENXX,1,WONKENXX,2038,2.125337184
GLOBAL,S2D5,RNWWONKENXX,1,WONKENXX,2039,2.125337184
GLOBAL,S2D5,RNWWONKENXX,1,WONKENXX,2040,2.125337184
GLOBAL,S2D5,RNWWONKENXX,1,WONKENXX,2041,2.125337184
GLOBAL,S2D5,RNWWONKENXX,1,WONKENXX,2042,2.125337184
GLOBAL,S2D5,RNWWONKENXX,1,WONKENXX,2043,2.125337184
GLOBAL,S2D5,RNWWONKENXX,1,WONKENXX,2044,2.125337184
GLOBAL,S2D5,RNWWONKENXX,1,WONKENXX,2045,2.125337184
GLOBAL,S2D5,RNWWONKENXX,1,WONKENXX,2046,2.125337184
GLOBAL,S2D5,RNWWONKENXX,1,WONKENXX,2047,2.125337184
GLOBAL,S2D5,TRNKENXXTZAXX,1,ELCTZAXX01,2023,0.14058631361963017
GLOBAL,S2D5,TRNKENXXTZAXX,2,ELCKENXX01,2021,0.35973553827487964
GLOBAL,S2D5,TRNKENXXTZAXX,2,ELCKENXX01,2022,0.5810946941213417
GLOBAL,S2D5,TRNKENXXTZAXX,2,ELCKENXX01,2024,0.4097915128786767
GLOBAL,S2D5,TRNKENXXTZAXX,2,ELCKENXX01,2025,0.3562292746710676
GLOBAL,S2D6,PWRBIOKENXX01,1,ELCKENXX01,2021,2.83824
GLOBAL,S2D6,PWRBIOKENXX01,1,ELCKENXX01,2022,2.83824
GLOBAL,S2D6,PWRBIOKENXX01,1,ELCKENXX01,2023,2.83824
GLOBAL,S2D6,PWRBIOKENXX01,1,ELCKENXX01,2024,2.83824
GLOBAL,S2D6,PWRBIOKENXX01,1,ELCKENXX01,2025,2.83824
GLOBAL,S2D6,PWRBIOKENXX01,1,ELCKENXX01,2026,2.83824
GLOBAL,S2D6,PWRBIOKENXX01,1,ELCKENXX01,2027,2.83824
GLOBAL,S2D6,PWRBIOKENXX01,1,ELCKENXX01,2028,2.83824
GLOBAL,S2D6,PWRBIOKENXX01,1,ELCKENXX01,2029,2.83824
GLOBAL,S2D6,PWRBIOKENXX01,1,ELCKENXX01,2030,2.83824
GLOBAL,S2D6,PWRBIOKENXX01,1,ELCKENXX01,2031,2.83824
GLOBAL,S2D6,PWRBIOTZAXX01,1,ELCTZAXX01,2025,2.33653624686254
GLOBAL,S2D6,PWRBIOTZAXX01,1,ELCTZAXX01,2030,8.549685833042371
GLOBAL,S2D6,PWRBIOTZAXX01,1,ELCTZAXX01,2031,9.78916421473845
GLOBAL,S2D6,PWRBIOTZAXX01,1,ELCTZAXX01,2036,15.986556123218143
GLOBAL,S2D6,PWRGEOKENXX01,1,ELCKENXX01,2021,16.38275800469033
GLOBAL,S2D6,PWRGEOKENXX01,1,ELCKENXX01,2022,25.611120723653983
GLOBAL,S2D6,PWRGEOKENXX01,1,ELCKENXX01,2023,26.083504681503275
GLOBAL,S2D6,PWRGEOKENXX01,1,ELCKENXX01,2024,29.88938248785765
GLOBAL,S2D6,PWRGEOKENXX01,1,ELCKENXX01,2025,28.101892723523378
GLOBAL,S2D6,PWRGEOKENXX01,1,ELCKENXX01,2026,63.40733783374122
GLOBAL,S2D6,PWRGEOKENXX01,1,ELCKENXX01,2027,108.9613522571752
GLOBAL,S2D6,PWRGEOKENXX01,1,ELCKENXX01,2028,150.24007804726435
GLOBAL,S2D6,PWRGEOKENXX01,1,ELCKENXX01,2029,193.65644815402592
GLOBAL,S2D6,PWRGEOKENXX01,1,ELCKENXX01,2030,243.18501568788824
GLOBAL,S2D6,PWRGEOKENXX01,1,ELCKENXX01,2031,263.73890339967994
GLOBAL,S2D6,PWRGEOKENXX01,1,ELCKENXX01,2032,288.2436367227331
GLOBAL,S2D6,PWRGEOKENXX01,1,ELCKENXX01,2033,296.4946881540259
GLOBAL,S2D6,PWRGEOKENXX01,1,ELCKENXX01,2034,325.96605665155874
GLOBAL,S2D6,PWRGEOKENXX01,1,ELCKENXX01,2035,334.21710808285155
GLOBAL,S2D6,PWRGEOKENXX01,1,ELCKENXX01,2036,363.6884765803843
GLOBAL,S2D6,PWRGEOKENXX01,1,ELCKENXX01,2037,371.9395280116772
GLOBAL,S2D6,PWRGEOKENXX01,1,ELCKENXX01,2038,398.6056131505696
GLOBAL,S2D6,PWRGEOKENXX01,1,ELCKENXX01,2039,409.6619479405027
GLOBAL,S2D6,PWRGEOKENXX01,1,ELCKENXX01,2040,428.5231579049156
GLOBAL,S2D6,PWRGEOKENXX01,1,ELCKENXX01,2041,467.6030673277153
GLOBAL,S2D6,PWRGEOKENXX01,1,ELCKENXX01,2042,493.26753485875463
GLOBAL,S2D6,PWRGEOKENXX01,1,ELCKENXX01,2043,521.7372857484345
GLOBAL,S2D6,PWRGEOKENXX01,1,ELCKENXX01,2044,550.2070366381141
GLOBAL,S2D6,PWRGEOKENXX01,1,ELCKENXX01,2045,572.8078545284286
GLOBAL,S2D6,PWRGEOKENXX01,1,ELCKENXX01,2046,599.3416632429937
GLOBAL,S2D6,PWRGEOKENXX01,1,ELCKENXX01,2047,638.4215726657936
GLOBAL,S2D6,PWRGEOKENXX01,1,ELCKENXX01,2048,666.233862548833
GLOBAL,S2D6,PWRGEOKENXX01,1,ELCKENXX01,2049,697.508896797153
GLOBAL,S2D6,PWRGEOKENXX01,1,ELCKENXX01,2050,715.3684891537126
GLOBAL,S2D6,PWRGEOTZAXX01,1,ELCTZAXX01,2021,18.053633251713705
GLOBAL,S2D6,PWRGEOTZAXX01,1,ELCTZAXX01,2022,20.188864568439676
GLOBAL,S2D6,PWRGEOTZAXX01,1,ELCTZAXX01,2023,22.563455699558368
GLOBAL,S2D6,PWRGEOTZAXX01,1,ELCTZAXX01,2024,43.05914114101067
GLOBAL,S2D6,PWRGEOTZAXX01,1,ELCTZAXX01,2025,44.224384253578734
GLOBAL,S2D6,PWRGEOTZAXX01,1,ELCTZAXX01,2026,97.16590270684696
GLOBAL,S2D6,PWRGEOTZAXX01,1,ELCTZAXX01,2027,168.18506416407
GLOBAL,S2D6,PWRGEOTZAXX01,1,ELCTZAXX01,2028,230.97373188834163
GLOBAL,S2D6,PWRGEOTZAXX01,1,ELCTZAXX01,2029,297.87764647908887
GLOBAL,S2D6,PWRGEOTZAXX01,1,ELCTZAXX01,2030,361.557075732794
GLOBAL,S2D6,PWRGEOTZAXX01,1,ELCTZAXX01,2031,389.4990920130196
GLOBAL,S2D6,PWRGEOTZAXX01,1,ELCTZAXX01,2032,423.1445503936797
GLOBAL,S2D6,PWRGEOTZAXX01,1,ELCTZAXX01,2033,452.3260450556014
GLOBAL,S2D6,PWRGEOTZAXX01,1,ELCTZAXX01,2034,481.5075397175231
GLOBAL,S2D6,PWRGEOTZAXX01,1,ELCTZAXX01,2035,510.6890343794448
GLOBAL,S2D6,PWRGEOTZAXX01,1,ELCTZAXX01,2036,523.8839729181484
GLOBAL,S2D6,PWRGEOTZAXX01,1,ELCTZAXX01,2037,569.0520237032881
GLOBAL,S2D6,PWRGEOTZAXX01,1,ELCTZAXX01,2038,598.23351836521
GLOBAL,S2D6,PWRGEOTZAXX01,1,ELCTZAXX01,2039,627.4150130271317
GLOBAL,S2D6,PWRGEOTZAXX01,1,ELCTZAXX01,2040,656.5965076890534
GLOBAL,S2D6,PWRGEOTZAXX01,1,ELCTZAXX01,2041,698.9452621374519
GLOBAL,S2D6,PWRGEOTZAXX01,1,ELCTZAXX01,2042,741.2940165858506
GLOBAL,S2D6,PWRGEOTZAXX01,1,ELCTZAXX01,2043,783.6427710342493
GLOBAL,S2D6,PWRGEOTZAXX01,1,ELCTZAXX01,2044,831.3167259786477
GLOBAL,S2D6,PWRGEOTZAXX01,1,ELCTZAXX01,2045,868.3402799310462
GLOBAL,S2D6,PWRGEOTZAXX01,1,ELCTZAXX01,2046,916.0142348754448
GLOBAL,S2D6,PWRGEOTZAXX01,1,ELCTZAXX01,2047,958.3629893238434
GLOBAL,S2D6,PWRGEOTZAXX01,1,ELCTZAXX01,2048,1000.711743772242
GLOBAL,S2D6,PWRGEOTZAXX01,1,ELCTZAXX01,2049,1043.0604982206405
GLOBAL,S2D6,PWRGEOTZAXX01,1,ELCTZAXX01,2050,1085.4092526690392
GLOBAL,S2D6,PWRHYDKENXX01,1,ELCKENXX01,2021,10.61015853312
GLOBAL,S2D6,PWRHYDKENXX01,1,ELCKENXX01,2022,2.8052833586403265
GLOBAL,S2D6,PWRHYDKENXX01,1,ELCKENXX01,2023,2.8052833586403185
GLOBAL,S2D6,PWRHYDKENXX01,1,ELCKENXX01,2025,2.8052833586403185
GLOBAL,S2D6,PWRHYDKENXX01,1,ELCKENXX01,2026,10.61015853312
GLOBAL,S2D6,PWRHYDKENXX01,1,ELCKENXX01,2027,8.47251421644758
GLOBAL,S2D6,PWRHYDKENXX01,1,ELCKENXX01,2028,10.61015853312
GLOBAL,S2D6,PWRHYDKENXX01,1,ELCKENXX01,2029,10.61015853312
GLOBAL,S2D6,PWRHYDKENXX01,1,ELCKENXX01,2030,4.497961106019222
GLOBAL,S2D6,PWRHYDKENXX01,1,ELCKENXX01,2031,2.8052833586403185
GLOBAL,S2D6,PWRHYDKENXX01,1,ELCKENXX01,2033,10.61015853312
GLOBAL,S2D6,PWRHYDKENXX01,1,ELCKENXX01,2035,10.61015853312
GLOBAL,S2D6,PWRHYDKENXX01,1,ELCKENXX01,2037,10.61015853312
GLOBAL,S2D6,PWRHYDKENXX01,1,ELCKENXX01,2038,2.8052833586403185
GLOBAL,S2D6,PWRHYDKENXX01,1,ELCKENXX01,2039,10.61015853312
GLOBAL,S2D6,PWRHYDKENXX01,1,ELCKENXX01,2040,10.61015853312
GLOBAL,S2D6,PWRHYDKENXX01,1,ELCKENXX01,2042,2.8052833586403185
GLOBAL,S2D6,PWRHYDKENXX01,1,ELCKENXX01,2043,2.8052833586403185
GLOBAL,S2D6,PWRHYDKENXX01,1,ELCKENXX01,2044,2.8052833586403185
GLOBAL,S2D6,PWRHYDKENXX01,1,ELCKENXX01,2045,10.61015853312
GLOBAL,S2D6,PWRHYDKENXX01,1,ELCKENXX01,2046,10.61015853312
GLOBAL,S2D6,PWRHYDKENXX01,1,ELCKENXX01,2048,2.8052833586403185
GLOBAL,S2D6,PWRHYDKENXX01,1,ELCKENXX01,2050,10.61015853312
GLOBAL,S2D6,PWRHYDTZAXX01,1,ELCTZAXX01,2021,5.325200496
GLOBAL,S2D6,PWRHYDTZAXX01,1,ELCTZAXX01,2022,5.325200496
GLOBAL,S2D6,PWRHYDTZAXX01,1,ELCTZAXX01,2023,5.325200496
GLOBAL,S2D6,PWRHYDTZAXX01,1,ELCTZAXX01,2024,5.325200496
GLOBAL,S2D6,PWRHYDTZAXX01,1,ELCTZAXX01,2025,5.325200496
GLOBAL,S2D6,PWRHYDTZAXX01,1,ELCTZAXX01,2026,5.325200496
GLOBAL,S2D6,PWRHYDTZAXX01,1,ELCTZAXX01,2027,1.2099536295242983
GLOBAL,S2D6,PWRHYDTZAXX01,1,ELCTZAXX01,2028,5.325200496
GLOBAL,S2D6,PWRHYDTZAXX01,1,ELCTZAXX01,2029,5.325200496
GLOBAL,S2D6,PWRHYDTZAXX01,1,ELCTZAXX01,2032,5.325200496
GLOBAL,S2D6,PWRHYDTZAXX01,1,ELCTZAXX01,2033,5.325200496
GLOBAL,S2D6,PWRHYDTZAXX01,1,ELCTZAXX01,2034,5.325200496
GLOBAL,S2D6,PWRHYDTZAXX01,1,ELCTZAXX01,2035,5.325200496
GLOBAL,S2D6,PWRHYDTZAXX01,1,ELCTZAXX01,2036,5.325200496
GLOBAL,S2D6,PWRHYDTZAXX01,1,ELCTZAXX01,2037,5.325200496
GLOBAL,S2D6,PWRHYDTZAXX01,1,ELCTZAXX01,2038,5.325200496
GLOBAL,S2D6,PWRHYDTZAXX01,1,ELCTZAXX01,2039,5.325200496
GLOBAL,S2D6,PWRHYDTZAXX01,1,ELCTZAXX01,2040,5.325200496
GLOBAL,S2D6,PWRHYDTZAXX01,1,ELCTZAXX01,2041,5.325200496
GLOBAL,S2D6,PWRHYDTZAXX01,1,ELCTZAXX01,2042,5.325200496
GLOBAL,S2D6,PWRHYDTZAXX01,1,ELCTZAXX01,2043,5.325200496
GLOBAL,S2D6,PWRHYDTZAXX01,1,ELCTZAXX01,2045,5.325200496
GLOBAL,S2D6,PWRTRNKENXX,1,ELCKENXX02,2021,32.74021352313167
GLOBAL,S2D6,PWRTRNKENXX,1,ELCKENXX02,2022,34.163701067615655
GLOBAL,S2D6,PWRTRNKENXX,1,ELCKENXX02,2023,34.05499033134359
GLOBAL,S2D6,PWRTRNKENXX,1,ELCKENXX02,2024,34.87544483985765
GLOBAL,S2D6,PWRTRNKENXX,1,ELCKENXX02,2025,35.8932384341637
GLOBAL,S2D6,PWRTRNKENXX,1,ELCKENXX02,2026,79.00355871886121
GLOBAL,S2D6,PWRTRNKENXX,1,ELCKENXX02,2027,122.41992882562278
GLOBAL,S2D6,PWRTRNKENXX,1,ELCKENXX02,2028,165.83629893238435
GLOBAL,S2D6,PWRTRNKENXX,1,ELCKENXX02,2029,209.25266903914593
GLOBAL,S2D6,PWRTRNKENXX,1,ELCKENXX02,2030,252.66903914590745
GLOBAL,S2D6,PWRTRNKENXX,1,ELCKENXX02,2031,271.53024911032026
GLOBAL,S2D6,PWRTRNKENXX,1,ELCKENXX02,2032,290.3914590747331
GLOBAL,S2D6,PWRTRNKENXX,1,ELCKENXX02,2033,309.25266903914587
GLOBAL,S2D6,PWRTRNKENXX,1,ELCKENXX02,2034,328.11387900355874
GLOBAL,S2D6,PWRTRNKENXX,1,ELCKENXX02,2035,346.97508896797154
GLOBAL,S2D6,PWRTRNKENXX,1,ELCKENXX02,2036,365.8362989323843
GLOBAL,S2D6,PWRTRNKENXX,1,ELCKENXX02,2037,384.6975088967972
GLOBAL,S2D6,PWRTRNKENXX,1,ELCKENXX02,2038,403.55871886121
GLOBAL,S2D6,PWRTRNKENXX,1,ELCKENXX02,2039,422.4199288256228
GLOBAL,S2D6,PWRTRNKENXX,1,ELCKENXX02,2040,441.2811387900356
GLOBAL,S2D6,PWRTRNKENXX,1,ELCKENXX02,2041,469.75088967971527
GLOBAL,S2D6,PWRTRNKENXX,1,ELCKENXX02,2042,498.220640569395
GLOBAL,S2D6,PWRTRNKENXX,1,ELCKENXX02,2043,526.6903914590747
GLOBAL,S2D6,PWRTRNKENXX,1,ELCKENXX02,2044,555.1601423487544
GLOBAL,S2D6,PWRTRNKENXX,1,ELCKENXX02,2045,583.6298932384341
GLOBAL,S2D6,PWRTRNKENXX,1,ELCKENXX02,2046,612.0996441281137
GLOBAL,S2D6,PWRTRNKENXX,1,ELCKENXX02,2047,640.5693950177936
GLOBAL,S2D6,PWRTRNKENXX,1,ELCKENXX02,2048,669.0391459074733
GLOBAL,S2D6,PWRTRNKENXX,1,ELCKENXX02,2049,697.508896797153
GLOBAL,S2D6,PWRTRNKENXX,1,ELCKENXX02,2050,725.9786476868328
GLOBAL,S2D6,PWRTRNTZAXX,1,ELCTZAXX02,2021,23.3788337477137
GLOBAL,S2D6,PWRTRNTZAXX,1,ELCTZAXX02,2022,25.51406506443968
GLOBAL,S2D6,PWRTRNTZAXX,1,ELCTZAXX02,2023,28.46975088967972
GLOBAL,S2D6,PWRTRNTZAXX,1,ELCTZAXX02,2024,48.38434163701067
GLOBAL,S2D6,PWRTRNTZAXX,1,ELCTZAXX02,2025,51.88612099644128
GLOBAL,S2D6,PWRTRNTZAXX,1,ELCTZAXX02,2026,102.49110320284696
GLOBAL,S2D6,PWRTRNTZAXX,1,ELCTZAXX02,2027,169.3950177935943
GLOBAL,S2D6,PWRTRNTZAXX,1,ELCTZAXX02,2028,236.2989323843416
GLOBAL,S2D6,PWRTRNTZAXX,1,ELCTZAXX02,2029,303.20284697508896
GLOBAL,S2D6,PWRTRNTZAXX,1,ELCTZAXX02,2030,370.10676156583634
GLOBAL,S2D6,PWRTRNTZAXX,1,ELCTZAXX02,2031,399.2882562277581
GLOBAL,S2D6,PWRTRNTZAXX,1,ELCTZAXX02,2032,428.4697508896797
GLOBAL,S2D6,PWRTRNTZAXX,1,ELCTZAXX02,2033,457.65124555160133
GLOBAL,S2D6,PWRTRNTZAXX,1,ELCTZAXX02,2034,486.8327402135231
GLOBAL,S2D6,PWRTRNTZAXX,1,ELCTZAXX02,2035,516.0142348754448
GLOBAL,S2D6,PWRTRNTZAXX,1,ELCTZAXX02,2036,545.1957295373666
GLOBAL,S2D6,PWRTRNTZAXX,1,ELCTZAXX02,2037,574.3772241992883
GLOBAL,S2D6,PWRTRNTZAXX,1,ELCTZAXX02,2038,603.55871886121
GLOBAL,S2D6,PWRTRNTZAXX,1,ELCTZAXX02,2039,632.7402135231317
GLOBAL,S2D6,PWRTRNTZAXX,1,ELCTZAXX02,2040,661.9217081850534
GLOBAL,S2D6,PWRTRNTZAXX,1,ELCTZAXX02,2041,704.2704626334519
GLOBAL,S2D6,PWRTRNTZAXX,1,ELCTZAXX02,2042,746.6192170818507
GLOBAL,S2D6,PWRTRNTZAXX,1,ELCTZAXX02,2043,788.9679715302493
GLOBAL,S2D6,PWRTRNTZAXX,1,ELCTZAXX02,2044,831.3167259786477
GLOBAL,S2D6,PWRTRNTZAXX,1,ELCTZAXX02,2045,873.6654804270462
GLOBAL,S2D6,PWRTRNTZAXX,1,ELCTZAXX02,2046,916.0142348754448
GLOBAL,S2D6,PWRTRNTZAXX,1,ELCTZAXX02,2047,958.3629893238434
GLOBAL,S2D6,PWRTRNTZAXX,1,ELCTZAXX02,2048,1000.711743772242
GLOBAL,S2D6,PWRTRNTZAXX,1,ELCTZAXX02,2049,1043.0604982206405
GLOBAL,S2D6,PWRTRNTZAXX,1,ELCTZAXX02,2050,1085.4092526690392
GLOBAL,S2D6,PWRWONKENXX01,1,ELCKENXX01,2021,2.3279622912
GLOBAL,S2D6,PWRWONKENXX01,1,ELCKENXX01,2022,2.3279622912
GLOBAL,S2D6,PWRWONKENXX01,1,ELCKENXX01,2023,2.3279622912
GLOBAL,S2D6,PWRWONKENXX01,1,ELCKENXX01,2024,2.147822352
GLOBAL,S2D6,PWRWONKENXX01,1,ELCKENXX01,2025,2.147822352
GLOBAL,S2D6,PWRWONKENXX01,1,ELCKENXX01,2026,2.147822352
GLOBAL,S2D6,PWRWONKENXX01,1,ELCKENXX01,2027,2.147822352
GLOBAL,S2D6,PWRWONKENXX01,1,ELCKENXX01,2028,2.147822352
GLOBAL,S2D6,PWRWONKENXX01,1,ELCKENXX01,2029,2.147822352
GLOBAL,S2D6,PWRWONKENXX01,1,ELCKENXX01,2030,2.147822352
GLOBAL,S2D6,PWRWONKENXX01,1,ELCKENXX01,2031,2.147822352
GLOBAL,S2D6,PWRWONKENXX01,1,ELCKENXX01,2032,2.147822352
GLOBAL,S2D6,PWRWONKENXX01,1,ELCKENXX01,2033,2.147822352
GLOBAL,S2D6,PWRWONKENXX01,1,ELCKENXX01,2034,2.147822352
GLOBAL,S2D6,PWRWONKENXX01,1,ELCKENXX01,2035,2.147822352
GLOBAL,S2D6,PWRWONKENXX01,1,ELCKENXX01,2036,2.147822352
GLOBAL,S2D6,PWRWONKENXX01,1,ELCKENXX01,2037,2.147822352
GLOBAL,S2D6,PWRWONKENXX01,1,ELCKENXX01,2038,2.147822352
GLOBAL,S2D6,PWRWONKENXX01,1,ELCKENXX01,2039,2.147822352
GLOBAL,S2D6,PWRWONKENXX01,1,ELCKENXX01,2040,2.147822352
GLOBAL,S2D6,PWRWONKENXX01,1,ELCKENXX01,2041,2.147822352
GLOBAL,S2D6,PWRWONKENXX01,1,ELCKENXX01,2042,2.147822352
GLOBAL,S2D6,PWRWONKENXX01,1,ELCKENXX01,2043,2.147822352
GLOBAL,S2D6,PWRWONKENXX01,1,ELCKENXX01,2044,2.147822352
GLOBAL,S2D6,PWRWONKENXX01,1,ELCKENXX01,2045,0.21188017688541425
GLOBAL,S2D6,PWRWONKENXX01,1,ELCKENXX01,2046,2.147822352
GLOBAL,S2D6,PWRWONKENXX01,1,ELCKENXX01,2047,2.147822352
GLOBAL,S2D6,RNWBIOKENXX,1,BIOKENXX,2021,8.9688384
GLOBAL,S2D6,RNWBIOKENXX,1,BIOKENXX,2022,8.9688384
GLOBAL,S2D6,RNWBIOKENXX,1,BIOKENXX,2023,8.9688384
GLOBAL,S2D6,RNWBIOKENXX,1,BIOKENXX,2024,8.9688384
GLOBAL,S2D6,RNWBIOKENXX,1,BIOKENXX,2025,8.9688384
GLOBAL,S2D6,RNWBIOKENXX,1,BIOKENXX,2026,8.9688384
GLOBAL,S2D6,RNWBIOKENXX,1,BIOKENXX,2027,8.9688384
GLOBAL,S2D6,RNWBIOKENXX,1,BIOKENXX,2028,8.9688384
GLOBAL,S2D6,RNWBIOKENXX,1,BIOKENXX,2029,8.9688384
GLOBAL,S2D6,RNWBIOKENXX,1,BIOKENXX,2030,8.9688384
GLOBAL,S2D6,RNWBIOKENXX,1,BIOKENXX,2031,8.9688384
GLOBAL,S2D6,RNWBIOTZAXX,1,BIOTZAXX,2025,7.780665702052257
GLOBAL,S2D6,RNWBIOTZAXX,1,BIOTZAXX,2030,28.470453824031097
GLOBAL,S2D6,RNWBIOTZAXX,1,BIOTZAXX,2031,32.59791683507904
GLOBAL,S2D6,RNWBIOTZAXX,1,BIOTZAXX,2036,53.23523189031643
GLOBAL,S2D6,RNWGEOKENXX,1,GEOKENXX,2021,16.38275800469033
GLOBAL,S2D6,RNWGEOKENXX,1,GEOKENXX,2022,25.611120723653983
GLOBAL,S2D6,RNWGEOKENXX,1,GEOKENXX,2023,26.083504681503275
GLOBAL,S2D6,RNWGEOKENXX,1,GEOKENXX,2024,29.88938248785765
GLOBAL,S2D6,RNWGEOKENXX,1,GEOKENXX,2025,28.101892723523378
GLOBAL,S2D6,RNWGEOKENXX,1,GEOKENXX,2026,63.40733783374122
GLOBAL,S2D6,RNWGEOKENXX,1,GEOKENXX,2027,108.9613522571752
GLOBAL,S2D6,RNWGEOKENXX,1,GEOKENXX,2028,150.24007804726435
GLOBAL,S2D6,RNWGEOKENXX,1,GEOKENXX,2029,193.65644815402592
GLOBAL,S2D6,RNWGEOKENXX,1,GEOKENXX,2030,243.18501568788824
GLOBAL,S2D6,RNWGEOKENXX,1,GEOKENXX,2031,263.73890339967994
GLOBAL,S2D6,RNWGEOKENXX,1,GEOKENXX,2032,288.2436367227331
GLOBAL,S2D6,RNWGEOKENXX,1,GEOKENXX,2033,296.4946881540259
GLOBAL,S2D6,RNWGEOKENXX,1,GEOKENXX,2034,325.96605665155874
GLOBAL,S2D6,RNWGEOKENXX,1,GEOKENXX,2035,334.21710808285155
GLOBAL,S2D6,RNWGEOKENXX,1,GEOKENXX,2036,363.6884765803843
GLOBAL,S2D6,RNWGEOKENXX,1,GEOKENXX,2037,371.9395280116772
GLOBAL,S2D6,RNWGEOKENXX,1,GEOKENXX,2038,398.6056131505696
GLOBAL,S2D6,RNWGEOKENXX,1,GEOKENXX,2039,409.6619479405027
GLOBAL,S2D6,RNWGEOKENXX,1,GEOKENXX,2040,428.5231579049156
GLOBAL,S2D6,RNWGEOKENXX,1,GEOKENXX,2041,467.6030673277153
GLOBAL,S2D6,RNWGEOKENXX,1,GEOKENXX,2042,493.26753485875463
GLOBAL,S2D6,RNWGEOKENXX,1,GEOKENXX,2043,521.7372857484345
GLOBAL,S2D6,RNWGEOKENXX,1,GEOKENXX,2044,550.2070366381141
GLOBAL,S2D6,RNWGEOKENXX,1,GEOKENXX,2045,572.8078545284286
GLOBAL,S2D6,RNWGEOKENXX,1,GEOKENXX,2046,599.3416632429937
GLOBAL,S2D6,RNWGEOKENXX,1,GEOKENXX,2047,638.4215726657936
GLOBAL,S2D6,RNWGEOKENXX,1,GEOKENXX,2048,666.233862548833
GLOBAL,S2D6,RNWGEOKENXX,1,GEOKENXX,2049,697.508896797153
GLOBAL,S2D6,RNWGEOKENXX,1,GEOKENXX,2050,715.3684891537126
GLOBAL,S2D6,RNWGEOTZAXX,1,GEOTZAXX,2021,18.053633251713705
GLOBAL,S2D6,RNWGEOTZAXX,1,GEOTZAXX,2022,20.188864568439676
GLOBAL,S2D6,RNWGEOTZAXX,1,GEOTZAXX,2023,22.563455699558368
GLOBAL,S2D6,RNWGEOTZAXX,1,GEOTZAXX,2024,43.05914114101067
GLOBAL,S2D6,RNWGEOTZAXX,1,GEOTZAXX,2025,44.224384253578734
GLOBAL,S2D6,RNWGEOTZAXX,1,GEOTZAXX,2026,97.16590270684696
GLOBAL,S2D6,RNWGEOTZAXX,1,GEOTZAXX,2027,168.18506416407
GLOBAL,S2D6,RNWGEOTZAXX,1,GEOTZAXX,2028,230.97373188834163
GLOBAL,S2D6,RNWGEOTZAXX,1,GEOTZAXX,2029,297.87764647908887
GLOBAL,S2D6,RNWGEOTZAXX,1,GEOTZAXX,2030,361.557075732794
GLOBAL,S2D6,RNWGEOTZAXX,1,GEOTZAXX,2031,389.4990920130196
GLOBAL,S2D6,RNWGEOTZAXX,1,GEOTZAXX,2032,423.1445503936797
GLOBAL,S2D6,RNWGEOTZAXX,1,GEOTZAXX,2033,452.3260450556014
GLOBAL,S2D6,RNWGEOTZAXX,1,GEOTZAXX,2034,481.5075397175231
GLOBAL,S2D6,RNWGEOTZAXX,1,GEOTZAXX,2035,510.6890343794448
GLOBAL,S2D6,RNWGEOTZAXX,1,GEOTZAXX,2036,523.8839729181484
GLOBAL,S2D6,RNWGEOTZAXX,1,GEOTZAXX,2037,569.0520237032881
GLOBAL,S2D6,RNWGEOTZAXX,1,GEOTZAXX,2038,598.23351836521
GLOBAL,S2D6,RNWGEOTZAXX,1,GEOTZAXX,2039,627.4150130271317
GLOBAL,S2D6,RNWGEOTZAXX,1,GEOTZAXX,2040,656.5965076890534
GLOBAL,S2D6,RNWGEOTZAXX,1,GEOTZAXX,2041,698.9452621374519
GLOBAL,S2D6,RNWGEOTZAXX,1,GEOTZAXX,2042,741.2940165858506
GLOBAL,S2D6,RNWGEOTZAXX,1,GEOTZAXX,2043,783.6427710342493
GLOBAL,S2D6,RNWGEOTZAXX,1,GEOTZAXX,2044,831.3167259786477
GLOBAL,S2D6,RNWGEOTZAXX,1,GEOTZAXX,2045,868.3402799310462
GLOBAL,S2D6,RNWGEOTZAXX,1,GEOTZAXX,2046,916.0142348754448
GLOBAL,S2D6,RNWGEOTZAXX,1,GEOTZAXX,2047,958.3629893238458
GLOBAL,S2D6,RNWGEOTZAXX,1,GEOTZAXX,2048,1000.711743772242
GLOBAL,S2D6,RNWGEOTZAXX,1,GEOTZAXX,2049,1043.0604982206405
GLOBAL,S2D6,RNWGEOTZAXX,1,GEOTZAXX,2050,1085.4092526690392
GLOBAL,S2D6,RNWHYDKENXX,1,HYDKENXX,2021,10.61015853312
GLOBAL,S2D6,RNWHYDKENXX,1,HYDKENXX,2022,2.8052833586403265
GLOBAL,S2D6,RNWHYDKENXX,1,HYDKENXX,2023,2.8052833586403185
GLOBAL,S2D6,RNWHYDKENXX,1,HYDKENXX,2025,2.8052833586403185
GLOBAL,S2D6,RNWHYDKENXX,1,HYDKENXX,2026,10.61015853312
GLOBAL,S2D6,RNWHYDKENXX,1,HYDKENXX,2027,8.47251421644758
GLOBAL,S2D6,RNWHYDKENXX,1,HYDKENXX,2028,10.61015853312
GLOBAL,S2D6,RNWHYDKENXX,1,HYDKENXX,2029,10.61015853312
GLOBAL,S2D6,RNWHYDKENXX,1,HYDKENXX,2030,4.497961106019222
GLOBAL,S2D6,RNWHYDKENXX,1,HYDKENXX,2031,2.8052833586403185
GLOBAL,S2D6,RNWHYDKENXX,1,HYDKENXX,2033,10.61015853312
GLOBAL,S2D6,RNWHYDKENXX,1,HYDKENXX,2035,10.61015853312
GLOBAL,S2D6,RNWHYDKENXX,1,HYDKENXX,2037,10.61015853312
GLOBAL,S2D6,RNWHYDKENXX,1,HYDKENXX,2038,2.8052833586403185
GLOBAL,S2D6,RNWHYDKENXX,1,HYDKENXX,2039,10.61015853312
GLOBAL,S2D6,RNWHYDKENXX,1,HYDKENXX,2040,10.61015853312
GLOBAL,S2D6,RNWHYDKENXX,1,HYDKENXX,2042,2.8052833586403185
GLOBAL,S2D6,RNWHYDKENXX,1,HYDKENXX,2043,2.8052833586403185
GLOBAL,S2D6,RNWHYDKENXX,1,HYDKENXX,2044,2.8052833586403185
GLOBAL,S2D6,RNWHYDKENXX,1,HYDKENXX,2045,10.61015853312
GLOBAL,S2D6,RNWHYDKENXX,1,HYDKENXX,2046,10.61015853312
GLOBAL,S2D6,RNWHYDKENXX,1,HYDKENXX,2048,2.8052833586403185
GLOBAL,S2D6,RNWHYDKENXX,1,HYDKENXX,2050,10.61015853312
GLOBAL,S2D6,RNWHYDTZAXX,1,HYDTZAXX,2021,5.325200496
GLOBAL,S2D6,RNWHYDTZAXX,1,HYDTZAXX,2022,5.325200496
GLOBAL,S2D6,RNWHYDTZAXX,1,HYDTZAXX,2023,5.325200496
GLOBAL,S2D6,RNWHYDTZAXX,1,HYDTZAXX,2024,5.325200496
GLOBAL,S2D6,RNWHYDTZAXX,1,HYDTZAXX,2025,5.325200496
GLOBAL,S2D6,RNWHYDTZAXX,1,HYDTZAXX,2026,5.325200496
GLOBAL,S2D6,RNWHYDTZAXX,1,HYDTZAXX,2027,1.2099536295242983
GLOBAL,S2D6,RNWHYDTZAXX,1,HYDTZAXX,2028,5.325200496
GLOBAL,S2D6,RNWHYDTZAXX,1,HYDTZAXX,2029,5.325200496
GLOBAL,S2D6,RNWHYDTZAXX,1,HYDTZAXX,2032,5.325200496
GLOBAL,S2D6,RNWHYDTZAXX,1,HYDTZAXX,2033,5.325200496
GLOBAL,S2D6,RNWHYDTZAXX,1,HYDTZAXX,2034,5.325200496
GLOBAL,S2D6,RNWHYDTZAXX,1,HYDTZAXX,2035,5.325200496
GLOBAL,S2D6,RNWHYDTZAXX,1,HYDTZAXX,2036,5.325200496
GLOBAL,S2D6,RNWHYDTZAXX,1,HYDTZAXX,2037,5.325200496
GLOBAL,S2D6,RNWHYDTZAXX,1,HYDTZAXX,2038,5.325200496
GLOBAL,S2D6,RNWHYDTZAXX,1,HYDTZAXX,2039,5.325200496
GLOBAL,S2D6,RNWHYDTZAXX,1,HYDTZAXX,2040,5.325200496
GLOBAL,S2D6,RNWHYDTZAXX,1,HYDTZAXX,2041,5.325200496
GLOBAL,S2D6,RNWHYDTZAXX,1,HYDTZAXX,2042,5.325200496
GLOBAL,S2D6,RNWHYDTZAXX,1,HYDTZAXX,2043,5.325200496
GLOBAL,S2D6,RNWHYDTZAXX,1,HYDTZAXX,2045,5.325200496
GLOBAL,S2D6,RNWWONKENXX,1,WONKENXX,2021,2.3279622912
GLOBAL,S2D6,RNWWONKENXX,1,WONKENXX,2022,2.3279622912
GLOBAL,S2D6,RNWWONKENXX,1,WONKENXX,2023,2.3279622912
GLOBAL,S2D6,RNWWONKENXX,1,WONKENXX,2024,2.147822352
GLOBAL,S2D6,RNWWONKENXX,1,WONKENXX,2025,2.147822352
GLOBAL,S2D6,RNWWONKENXX,1,WONKENXX,2026,2.147822352
GLOBAL,S2D6,RNWWONKENXX,1,WONKENXX,2027,2.147822352
GLOBAL,S2D6,RNWWONKENXX,1,WONKENXX,2028,2.147822352
GLOBAL,S2D6,RNWWONKENXX,1,WONKENXX,2029,2.147822352
GLOBAL,S2D6,RNWWONKENXX,1,WONKENXX,2030,2.147822352
GLOBAL,S2D6,RNWWONKENXX,1,WONKENXX,2031,2.147822352
GLOBAL,S2D6,RNWWONKENXX,1,WONKENXX,2032,2.147822352
GLOBAL,S2D6,RNWWONKENXX,1,WONKENXX,2033,2.147822352
GLOBAL,S2D6,RNWWONKENXX,1,WONKENXX,2034,2.147822352
GLOBAL,S2D6,RNWWONKENXX,1,WONKENXX,2035,2.147822352
GLOBAL,S2D6,RNWWONKENXX,1,WONKENXX,2036,2.147822352
GLOBAL,S2D6,RNWWONKENXX,1,WONKENXX,2037,2.147822352
GLOBAL,S2D6,RNWWONKENXX,1,WONKENXX,2038,2.147822352
GLOBAL,S2D6,RNWWONKENXX,1,WONKENXX,2039,2.147822352
GLOBAL,S2D6,RNWWONKENXX,1,WONKENXX,2040,2.147822352
GLOBAL,S2D6,RNWWONKENXX,1,WONKENXX,2041,2.147822352
GLOBAL,S2D6,RNWWONKENXX,1,WONKENXX,2042,2.147822352
GLOBAL,S2D6,RNWWONKENXX,1,WONKENXX,2043,2.147822352
GLOBAL,S2D6,RNWWONKENXX,1,WONKENXX,2044,2.147822352
GLOBAL,S2D6,RNWWONKENXX,1,WONKENXX,2045,0.21188017688541425
GLOBAL,S2D6,RNWWONKENXX,1,WONKENXX,2046,2.147822352
GLOBAL,S2D6,RNWWONKENXX,1,WONKENXX,2047,2.147822352
GLOBAL,S2D6,TRNKENXXTZAXX,1,ELCTZAXX01,2023,0.5810946941213417
GLOBAL,S2D6,TRNKENXXTZAXX,2,ELCKENXX01,2021,0.5810946941213417
GLOBAL,S2D6,TRNKENXXTZAXX,2,ELCKENXX01,2022,0.5810946941213417
GLOBAL,S3D1,PWRBIOKENXX01,1,ELCKENXX01,2027,2.8382399999999994
GLOBAL,S3D1,PWRBIOKENXX01,1,ELCKENXX01,2028,2.8382399999999994
GLOBAL,S3D1,PWRBIOKENXX01,1,ELCKENXX01,2029,2.8382399999999994
GLOBAL,S3D1,PWRGEOKENXX01,1,ELCKENXX01,2021,24.189103039639228
GLOBAL,S3D1,PWRGEOKENXX01,1,ELCKENXX01,2022,25.886673576084476
GLOBAL,S3D1,PWRGEOKENXX01,1,ELCKENXX01,2023,26.124254437953127
GLOBAL,S3D1,PWRGEOKENXX01,1,ELCKENXX01,2024,27.461928191228445
GLOBAL,S3D1,PWRGEOKENXX01,1,ELCKENXX01,2025,28.74559066878679
GLOBAL,S3D1,PWRGEOKENXX01,1,ELCKENXX01,2026,83.11722442103094
GLOBAL,S3D1,PWRGEOKENXX01,1,ELCKENXX01,2027,135.03661458261084
GLOBAL,S3D1,PWRGEOKENXX01,1,ELCKENXX01,2028,189.79424474419076
GLOBAL,S3D1,PWRGEOKENXX01,1,ELCKENXX01,2029,244.5518749057706
GLOBAL,S3D1,PWRGEOKENXX01,1,ELCKENXX01,2030,302.14774506735046
GLOBAL,S3D1,PWRGEOKENXX01,1,ELCKENXX01,2031,325.93589587525
GLOBAL,S3D1,PWRGEOKENXX01,1,ELCKENXX01,2032,349.7240466831494
GLOBAL,S3D1,PWRGEOKENXX01,1,ELCKENXX01,2033,373.51219749104894
GLOBAL,S3D1,PWRGEOKENXX01,1,ELCKENXX01,2034,397.3003482989484
GLOBAL,S3D1,PWRGEOKENXX01,1,ELCKENXX01,2035,421.0884991068479
GLOBAL,S3D1,PWRGEOKENXX01,1,ELCKENXX01,2036,444.8766499147473
GLOBAL,S3D1,PWRGEOKENXX01,1,ELCKENXX01,2037,468.6648007226467
GLOBAL,S3D1,PWRGEOKENXX01,1,ELCKENXX01,2038,492.4529515305462
GLOBAL,S3D1,PWRGEOKENXX01,1,ELCKENXX01,2039,516.2411023384457
GLOBAL,S3D1,PWRGEOKENXX01,1,ELCKENXX01,2040,540.0292531463451
GLOBAL,S3D1,PWRGEOKENXX01,1,ELCKENXX01,2041,575.9358958752499
GLOBAL,S3D1,PWRGEOKENXX01,1,ELCKENXX01,2042,626.2712166678348
GLOBAL,S3D1,PWRGEOKENXX01,1,ELCKENXX01,2043,662.1778593967397
GLOBAL,S3D1,PWRGEOKENXX01,1,ELCKENXX01,2044,683.6558240619645
GLOBAL,S3D1,PWRGEOKENXX01,1,ELCKENXX01,2045,719.9241847108693
GLOBAL,S3D1,PWRGEOKENXX01,1,ELCKENXX01,2046,755.8308274397741
GLOBAL,S3D1,PWRGEOKENXX01,1,ELCKENXX01,2047,793.2820172710387
GLOBAL,S3D1,PWRGEOKENXX01,1,ELCKENXX01,2048,829.3774260655838
GLOBAL,S3D1,PWRGEOKENXX01,1,ELCKENXX01,2049,865.2840687944888
GLOBAL,S3D1,PWRGEOKENXX01,1,ELCKENXX01,2050,901.1907115233938
GLOBAL,S3D1,PWRGEOTZAXX01,1,ELCTZAXX01,2021,22.308282246293807
GLOBAL,S3D1,PWRGEOTZAXX01,1,ELCTZAXX01,2022,25.001280450961676
GLOBAL,S3D1,PWRGEOTZAXX01,1,ELCTZAXX01,2023,28.30548306198351
GLOBAL,S3D1,PWRGEOTZAXX01,1,ELCTZAXX01,2024,54.00327434497378
GLOBAL,S3D1,PWRGEOTZAXX01,1,ELCTZAXX01,2025,58.41979140062909
GLOBAL,S3D1,PWRGEOTZAXX01,1,ELCTZAXX01,2026,122.24384885125744
GLOBAL,S3D1,PWRGEOTZAXX01,1,ELCTZAXX01,2027,206.62445926418383
GLOBAL,S3D1,PWRGEOTZAXX01,1,ELCTZAXX01,2028,291.00506967711027
GLOBAL,S3D1,PWRGEOTZAXX01,1,ELCTZAXX01,2029,375.38568009003666
GLOBAL,S3D1,PWRGEOTZAXX01,1,ELCTZAXX01,2030,459.766290502963
GLOBAL,S3D1,PWRGEOTZAXX01,1,ELCTZAXX01,2031,496.57059930009046
GLOBAL,S3D1,PWRGEOTZAXX01,1,ELCTZAXX01,2032,533.3749080972179
GLOBAL,S3D1,PWRGEOTZAXX01,1,ELCTZAXX01,2033,570.1792168943454
GLOBAL,S3D1,PWRGEOTZAXX01,1,ELCTZAXX01,2034,606.9835256914729
GLOBAL,S3D1,PWRGEOTZAXX01,1,ELCTZAXX01,2035,643.7878344886003
GLOBAL,S3D1,PWRGEOTZAXX01,1,ELCTZAXX01,2036,680.5921432857277
GLOBAL,S3D1,PWRGEOTZAXX01,1,ELCTZAXX01,2037,717.3964520828553
GLOBAL,S3D1,PWRGEOTZAXX01,1,ELCTZAXX01,2038,754.2007608799827
GLOBAL,S3D1,PWRGEOTZAXX01,1,ELCTZAXX01,2039,791.0050696771102
GLOBAL,S3D1,PWRGEOTZAXX01,1,ELCTZAXX01,2040,827.8093784742377
GLOBAL,S3D1,PWRGEOTZAXX01,1,ELCTZAXX01,2041,881.2205095334836
GLOBAL,S3D1,PWRGEOTZAXX01,1,ELCTZAXX01,2042,934.6316405927296
GLOBAL,S3D1,PWRGEOTZAXX01,1,ELCTZAXX01,2043,988.0427716519757
GLOBAL,S3D1,PWRGEOTZAXX01,1,ELCTZAXX01,2044,1041.4539027112214
GLOBAL,S3D1,PWRGEOTZAXX01,1,ELCTZAXX01,2045,1094.8650337704676
GLOBAL,S3D1,PWRGEOTZAXX01,1,ELCTZAXX01,2046,1148.2761648297133
GLOBAL,S3D1,PWRGEOTZAXX01,1,ELCTZAXX01,2047,1201.6872958889594
GLOBAL,S3D1,PWRGEOTZAXX01,1,ELCTZAXX01,2048,1255.098426948205
GLOBAL,S3D1,PWRGEOTZAXX01,1,ELCTZAXX01,2049,1308.5095580074517
GLOBAL,S3D1,PWRGEOTZAXX01,1,ELCTZAXX01,2050,1361.9206890666974
GLOBAL,S3D1,PWRHYDKENXX01,1,ELCKENXX01,2021,14.42867806368
GLOBAL,S3D1,PWRHYDKENXX01,1,ELCKENXX01,2022,14.42867806368
GLOBAL,S3D1,PWRHYDKENXX01,1,ELCKENXX01,2023,14.42867806368
GLOBAL,S3D1,PWRHYDKENXX01,1,ELCKENXX01,2024,14.42867806368
GLOBAL,S3D1,PWRHYDKENXX01,1,ELCKENXX01,2025,14.42867806368
GLOBAL,S3D1,PWRHYDKENXX01,1,ELCKENXX01,2026,14.42867806368
GLOBAL,S3D1,PWRHYDKENXX01,1,ELCKENXX01,2027,14.42867806368
GLOBAL,S3D1,PWRHYDKENXX01,1,ELCKENXX01,2028,14.42867806368
GLOBAL,S3D1,PWRHYDKENXX01,1,ELCKENXX01,2029,14.42867806368
GLOBAL,S3D1,PWRHYDKENXX01,1,ELCKENXX01,2030,14.42867806368
GLOBAL,S3D1,PWRHYDKENXX01,1,ELCKENXX01,2031,14.42867806368
GLOBAL,S3D1,PWRHYDKENXX01,1,ELCKENXX01,2032,14.42867806368
GLOBAL,S3D1,PWRHYDKENXX01,1,ELCKENXX01,2033,14.42867806368
GLOBAL,S3D1,PWRHYDKENXX01,1,ELCKENXX01,2034,14.42867806368
GLOBAL,S3D1,PWRHYDKENXX01,1,ELCKENXX01,2035,14.42867806368
GLOBAL,S3D1,PWRHYDKENXX01,1,ELCKENXX01,2036,14.42867806368
GLOBAL,S3D1,PWRHYDKENXX01,1,ELCKENXX01,2037,14.42867806368
GLOBAL,S3D1,PWRHYDKENXX01,1,ELCKENXX01,2038,14.42867806368
GLOBAL,S3D1,PWRHYDKENXX01,1,ELCKENXX01,2039,14.42867806368
GLOBAL,S3D1,PWRHYDKENXX01,1,ELCKENXX01,2040,14.42867806368
GLOBAL,S3D1,PWRHYDKENXX01,1,ELCKENXX01,2041,14.42867806368
GLOBAL,S3D1,PWRHYDKENXX01,1,ELCKENXX01,2044,14.42867806368
GLOBAL,S3D1,PWRHYDKENXX01,1,ELCKENXX01,2045,14.42867806368
GLOBAL,S3D1,PWRHYDKENXX01,1,ELCKENXX01,2046,14.42867806368
GLOBAL,S3D1,PWRHYDKENXX01,1,ELCKENXX01,2047,14.42867806368
GLOBAL,S3D1,PWRHYDKENXX01,1,ELCKENXX01,2048,14.42867806368
GLOBAL,S3D1,PWRHYDKENXX01,1,ELCKENXX01,2049,14.42867806368
GLOBAL,S3D1,PWRHYDKENXX01,1,ELCKENXX01,2050,14.42867806368
GLOBAL,S3D1,PWRHYDTZAXX01,1,ELCTZAXX01,2021,7.0200649728
GLOBAL,S3D1,PWRHYDTZAXX01,1,ELCTZAXX01,2022,7.0200649728
GLOBAL,S3D1,PWRHYDTZAXX01,1,ELCTZAXX01,2023,7.0200649728
GLOBAL,S3D1,PWRHYDTZAXX01,1,ELCTZAXX01,2024,7.0200649728
GLOBAL,S3D1,PWRHYDTZAXX01,1,ELCTZAXX01,2025,7.0200649728
GLOBAL,S3D1,PWRHYDTZAXX01,1,ELCTZAXX01,2026,7.0200649728
GLOBAL,S3D1,PWRHYDTZAXX01,1,ELCTZAXX01,2027,7.0200649728
GLOBAL,S3D1,PWRHYDTZAXX01,1,ELCTZAXX01,2028,7.0200649728
GLOBAL,S3D1,PWRHYDTZAXX01,1,ELCTZAXX01,2029,7.0200649728
GLOBAL,S3D1,PWRHYDTZAXX01,1,ELCTZAXX01,2030,7.0200649728
GLOBAL,S3D1,PWRHYDTZAXX01,1,ELCTZAXX01,2031,7.0200649728
GLOBAL,S3D1,PWRHYDTZAXX01,1,ELCTZAXX01,2032,7.0200649728
GLOBAL,S3D1,PWRHYDTZAXX01,1,ELCTZAXX01,2033,7.0200649728
GLOBAL,S3D1,PWRHYDTZAXX01,1,ELCTZAXX01,2034,7.0200649728
GLOBAL,S3D1,PWRHYDTZAXX01,1,ELCTZAXX01,2035,7.0200649728
GLOBAL,S3D1,PWRHYDTZAXX01,1,ELCTZAXX01,2036,7.0200649728
GLOBAL,S3D1,PWRHYDTZAXX01,1,ELCTZAXX01,2037,7.0200649728
GLOBAL,S3D1,PWRHYDTZAXX01,1,ELCTZAXX01,2038,7.0200649728
GLOBAL,S3D1,PWRHYDTZAXX01,1,ELCTZAXX01,2039,7.0200649728
GLOBAL,S3D1,PWRHYDTZAXX01,1,ELCTZAXX01,2040,7.0200649728
GLOBAL,S3D1,PWRHYDTZAXX01,1,ELCTZAXX01,2041,7.0200649728
GLOBAL,S3D1,PWRHYDTZAXX01,1,ELCTZAXX01,2042,7.0200649728
GLOBAL,S3D1,PWRHYDTZAXX01,1,ELCTZAXX01,2043,7.0200649728
GLOBAL,S3D1,PWRHYDTZAXX01,1,ELCTZAXX01,2044,7.0200649728
GLOBAL,S3D1,PWRHYDTZAXX01,1,ELCTZAXX01,2045,7.0200649728
GLOBAL,S3D1,PWRHYDTZAXX01,1,ELCTZAXX01,2046,7.0200649728
GLOBAL,S3D1,PWRHYDTZAXX01,1,ELCTZAXX01,2047,7.0200649728
GLOBAL,S3D1,PWRHYDTZAXX01,1,ELCTZAXX01,2048,7.0200649728
GLOBAL,S3D1,PWRHYDTZAXX01,1,ELCTZAXX01,2049,7.0200649728
GLOBAL,S3D1,PWRHYDTZAXX01,1,ELCTZAXX01,2050,7.0200649728
GLOBAL,S3D1,PWRSPVKENXX01,1,ELCKENXX01,2021,0.21507552
GLOBAL,S3D1,PWRSPVKENXX01,1,ELCKENXX01,2022,0.31283712
GLOBAL,S3D1,PWRSPVKENXX01,1,ELCKENXX01,2023,0.36171792
GLOBAL,S3D1,PWRSPVKENXX01,1,ELCKENXX01,2024,0.36171792
GLOBAL,S3D1,PWRSPVKENXX01,1,ELCKENXX01,2025,0.36171792
GLOBAL,S3D1,PWRSPVKENXX01,1,ELCKENXX01,2026,0.36171792
GLOBAL,S3D1,PWRSPVKENXX01,1,ELCKENXX01,2027,0.36171792
GLOBAL,S3D1,PWRSPVKENXX01,1,ELCKENXX01,2028,0.36171792
GLOBAL,S3D1,PWRSPVKENXX01,1,ELCKENXX01,2029,0.36171792
GLOBAL,S3D1,PWRSPVKENXX01,1,ELCKENXX01,2030,0.36171792
GLOBAL,S3D1,PWRSPVKENXX01,1,ELCKENXX01,2031,0.36171792
GLOBAL,S3D1,PWRSPVKENXX01,1,ELCKENXX01,2032,0.36171792
GLOBAL,S3D1,PWRSPVKENXX01,1,ELCKENXX01,2033,0.36171792
GLOBAL,S3D1,PWRSPVKENXX01,1,ELCKENXX01,2034,0.36171792
GLOBAL,S3D1,PWRSPVKENXX01,1,ELCKENXX01,2035,0.36171792
GLOBAL,S3D1,PWRSPVKENXX01,1,ELCKENXX01,2036,0.36171792
GLOBAL,S3D1,PWRSPVKENXX01,1,ELCKENXX01,2037,0.36171792
GLOBAL,S3D1,PWRSPVKENXX01,1,ELCKENXX01,2038,0.36171792
GLOBAL,S3D1,PWRSPVKENXX01,1,ELCKENXX01,2039,0.36171792
GLOBAL,S3D1,PWRSPVKENXX01,1,ELCKENXX01,2040,0.36171792
GLOBAL,S3D1,PWRSPVKENXX01,1,ELCKENXX01,2041,0.36171792
GLOBAL,S3D1,PWRSPVKENXX01,1,ELCKENXX01,2042,0.36171792
GLOBAL,S3D1,PWRSPVKENXX01,1,ELCKENXX01,2043,0.36171792
GLOBAL,S3D1,PWRSPVKENXX01,1,ELCKENXX01,2044,0.36171792
GLOBAL,S3D1,PWRTRNKENXX,1,ELCKENXX02,2021,41.292639138240574
GLOBAL,S3D1,PWRTRNKENXX,1,ELCKENXX02,2022,43.087971274685806
GLOBAL,S3D1,PWRTRNKENXX,1,ELCKENXX02,2023,42.79333824243313
GLOBAL,S3D1,PWRTRNKENXX,1,ELCKENXX02,2024,43.98563734290844
GLOBAL,S3D1,PWRTRNKENXX,1,ELCKENXX02,2025,45.26929982046679
GLOBAL,S3D1,PWRTRNKENXX,1,ELCKENXX02,2026,99.64093357271096
GLOBAL,S3D1,PWRTRNKENXX,1,ELCKENXX02,2027,154.39856373429083
GLOBAL,S3D1,PWRTRNKENXX,1,ELCKENXX02,2028,209.1561938958708
GLOBAL,S3D1,PWRTRNKENXX,1,ELCKENXX02,2029,263.9138240574506
GLOBAL,S3D1,PWRTRNKENXX,1,ELCKENXX02,2030,318.67145421903047
GLOBAL,S3D1,PWRTRNKENXX,1,ELCKENXX02,2031,342.45960502693
GLOBAL,S3D1,PWRTRNKENXX,1,ELCKENXX02,2032,366.24775583482943
GLOBAL,S3D1,PWRTRNKENXX,1,ELCKENXX02,2033,390.03590664272895
GLOBAL,S3D1,PWRTRNKENXX,1,ELCKENXX02,2034,413.8240574506284
GLOBAL,S3D1,PWRTRNKENXX,1,ELCKENXX02,2035,437.6122082585279
GLOBAL,S3D1,PWRTRNKENXX,1,ELCKENXX02,2036,461.40035906642726
GLOBAL,S3D1,PWRTRNKENXX,1,ELCKENXX02,2037,485.1885098743267
GLOBAL,S3D1,PWRTRNKENXX,1,ELCKENXX02,2038,508.9766606822262
GLOBAL,S3D1,PWRTRNKENXX,1,ELCKENXX02,2039,532.7648114901257
GLOBAL,S3D1,PWRTRNKENXX,1,ELCKENXX02,2040,556.5529622980251
GLOBAL,S3D1,PWRTRNKENXX,1,ELCKENXX02,2041,592.45960502693
GLOBAL,S3D1,PWRTRNKENXX,1,ELCKENXX02,2042,628.3662477558348
GLOBAL,S3D1,PWRTRNKENXX,1,ELCKENXX02,2043,664.2728904847397
GLOBAL,S3D1,PWRTRNKENXX,1,ELCKENXX02,2044,700.1795332136445
GLOBAL,S3D1,PWRTRNKENXX,1,ELCKENXX02,2045,736.0861759425494
GLOBAL,S3D1,PWRTRNKENXX,1,ELCKENXX02,2046,771.9928186714542
GLOBAL,S3D1,PWRTRNKENXX,1,ELCKENXX02,2047,807.8994614003592
GLOBAL,S3D1,PWRTRNKENXX,1,ELCKENXX02,2048,843.8061041292639
GLOBAL,S3D1,PWRTRNKENXX,1,ELCKENXX02,2049,879.7127468581687
GLOBAL,S3D1,PWRTRNKENXX,1,ELCKENXX02,2050,915.6193895870736
GLOBAL,S3D1,PWRTRNTZAXX,1,ELCTZAXX02,2021,29.328347219093807
GLOBAL,S3D1,PWRTRNTZAXX,1,ELCTZAXX02,2022,32.02134542376167
GLOBAL,S3D1,PWRTRNTZAXX,1,ELCTZAXX02,2023,35.90664272890485
GLOBAL,S3D1,PWRTRNTZAXX,1,ELCTZAXX02,2024,61.02333931777379
GLOBAL,S3D1,PWRTRNTZAXX,1,ELCTZAXX02,2025,65.43985637342908
GLOBAL,S3D1,PWRTRNTZAXX,1,ELCTZAXX02,2026,129.26391382405745
GLOBAL,S3D1,PWRTRNTZAXX,1,ELCTZAXX02,2027,213.64452423698384
GLOBAL,S3D1,PWRTRNTZAXX,1,ELCTZAXX02,2028,298.0251346499103
GLOBAL,S3D1,PWRTRNTZAXX,1,ELCTZAXX02,2029,382.4057450628366
GLOBAL,S3D1,PWRTRNTZAXX,1,ELCTZAXX02,2030,466.786355475763
GLOBAL,S3D1,PWRTRNTZAXX,1,ELCTZAXX02,2031,503.5906642728905
GLOBAL,S3D1,PWRTRNTZAXX,1,ELCTZAXX02,2032,540.394973070018
GLOBAL,S3D1,PWRTRNTZAXX,1,ELCTZAXX02,2033,577.1992818671454
GLOBAL,S3D1,PWRTRNTZAXX,1,ELCTZAXX02,2034,614.0035906642729
GLOBAL,S3D1,PWRTRNTZAXX,1,ELCTZAXX02,2035,650.8078994614003
GLOBAL,S3D1,PWRTRNTZAXX,1,ELCTZAXX02,2036,687.6122082585276
GLOBAL,S3D1,PWRTRNTZAXX,1,ELCTZAXX02,2037,724.4165170556554
GLOBAL,S3D1,PWRTRNTZAXX,1,ELCTZAXX02,2038,761.2208258527827
GLOBAL,S3D1,PWRTRNTZAXX,1,ELCTZAXX02,2039,798.0251346499102
GLOBAL,S3D1,PWRTRNTZAXX,1,ELCTZAXX02,2040,834.8294434470378
GLOBAL,S3D1,PWRTRNTZAXX,1,ELCTZAXX02,2041,888.2405745062836
GLOBAL,S3D1,PWRTRNTZAXX,1,ELCTZAXX02,2042,941.6517055655296
GLOBAL,S3D1,PWRTRNTZAXX,1,ELCTZAXX02,2043,995.0628366247756
GLOBAL,S3D1,PWRTRNTZAXX,1,ELCTZAXX02,2044,1048.4739676840215
GLOBAL,S3D1,PWRTRNTZAXX,1,ELCTZAXX02,2045,1101.8850987432677
GLOBAL,S3D1,PWRTRNTZAXX,1,ELCTZAXX02,2046,1155.2962298025134
GLOBAL,S3D1,PWRTRNTZAXX,1,ELCTZAXX02,2047,1208.7073608617595
GLOBAL,S3D1,PWRTRNTZAXX,1,ELCTZAXX02,2048,1262.1184919210054
GLOBAL,S3D1,PWRTRNTZAXX,1,ELCTZAXX02,2049,1315.5296229802514
GLOBAL,S3D1,PWRTRNTZAXX,1,ELCTZAXX02,2050,1368.9407540394973
GLOBAL,S3D1,PWRWONKENXX01,1,ELCKENXX01,2021,1.8786878208
GLOBAL,S3D1,PWRWONKENXX01,1,ELCKENXX01,2022,1.8786878208
GLOBAL,S3D1,PWRWONKENXX01,1,ELCKENXX01,2023,1.8786878208
GLOBAL,S3D1,PWRWONKENXX01,1,ELCKENXX01,2024,1.733313168
GLOBAL,S3D1,PWRWONKENXX01,1,ELCKENXX01,2025,1.733313168
GLOBAL,S3D1,PWRWONKENXX01,1,ELCKENXX01,2026,1.733313168
GLOBAL,S3D1,PWRWONKENXX01,1,ELCKENXX01,2027,1.733313168
GLOBAL,S3D1,PWRWONKENXX01,1,ELCKENXX01,2028,1.733313168
GLOBAL,S3D1,PWRWONKENXX01,1,ELCKENXX01,2029,1.733313168
GLOBAL,S3D1,PWRWONKENXX01,1,ELCKENXX01,2030,1.733313168
GLOBAL,S3D1,PWRWONKENXX01,1,ELCKENXX01,2031,1.733313168
GLOBAL,S3D1,PWRWONKENXX01,1,ELCKENXX01,2032,1.733313168
GLOBAL,S3D1,PWRWONKENXX01,1,ELCKENXX01,2033,1.733313168
GLOBAL,S3D1,PWRWONKENXX01,1,ELCKENXX01,2034,1.733313168
GLOBAL,S3D1,PWRWONKENXX01,1,ELCKENXX01,2035,1.733313168
GLOBAL,S3D1,PWRWONKENXX01,1,ELCKENXX01,2036,1.733313168
GLOBAL,S3D1,PWRWONKENXX01,1,ELCKENXX01,2037,1.733313168
GLOBAL,S3D1,PWRWONKENXX01,1,ELCKENXX01,2038,1.733313168
GLOBAL,S3D1,PWRWONKENXX01,1,ELCKENXX01,2039,1.733313168
GLOBAL,S3D1,PWRWONKENXX01,1,ELCKENXX01,2040,1.733313168
GLOBAL,S3D1,PWRWONKENXX01,1,ELCKENXX01,2041,1.733313168
GLOBAL,S3D1,PWRWONKENXX01,1,ELCKENXX01,2042,1.733313168
GLOBAL,S3D1,PWRWONKENXX01,1,ELCKENXX01,2043,1.733313168
GLOBAL,S3D1,PWRWONKENXX01,1,ELCKENXX01,2044,1.733313168
GLOBAL,S3D1,PWRWONKENXX01,1,ELCKENXX01,2045,1.733313168
GLOBAL,S3D1,PWRWONKENXX01,1,ELCKENXX01,2046,1.733313168
GLOBAL,S3D1,PWRWONKENXX01,1,ELCKENXX01,2047,0.18876606564021717
GLOBAL,S3D1,RNWBIOKENXX,1,BIOKENXX,2027,8.9688384
GLOBAL,S3D1,RNWBIOKENXX,1,BIOKENXX,2028,8.9688384
GLOBAL,S3D1,RNWBIOKENXX,1,BIOKENXX,2029,8.9688384
GLOBAL,S3D1,RNWGEOKENXX,1,GEOKENXX,2021,24.189103039639228
GLOBAL,S3D1,RNWGEOKENXX,1,GEOKENXX,2022,25.886673576084476
GLOBAL,S3D1,RNWGEOKENXX,1,GEOKENXX,2023,26.124254437953127
GLOBAL,S3D1,RNWGEOKENXX,1,GEOKENXX,2024,27.461928191228445
GLOBAL,S3D1,RNWGEOKENXX,1,GEOKENXX,2025,28.74559066878679
GLOBAL,S3D1,RNWGEOKENXX,1,GEOKENXX,2026,83.11722442103094
GLOBAL,S3D1,RNWGEOKENXX,1,GEOKENXX,2027,135.03661458261084
GLOBAL,S3D1,RNWGEOKENXX,1,GEOKENXX,2028,189.79424474419076
GLOBAL,S3D1,RNWGEOKENXX,1,GEOKENXX,2029,244.5518749057706
GLOBAL,S3D1,RNWGEOKENXX,1,GEOKENXX,2030,302.14774506735046
GLOBAL,S3D1,RNWGEOKENXX,1,GEOKENXX,2031,325.93589587525
GLOBAL,S3D1,RNWGEOKENXX,1,GEOKENXX,2032,349.7240466831494
GLOBAL,S3D1,RNWGEOKENXX,1,GEOKENXX,2033,373.51219749104894
GLOBAL,S3D1,RNWGEOKENXX,1,GEOKENXX,2034,397.3003482989484
GLOBAL,S3D1,RNWGEOKENXX,1,GEOKENXX,2035,421.0884991068479
GLOBAL,S3D1,RNWGEOKENXX,1,GEOKENXX,2036,444.8766499147473
GLOBAL,S3D1,RNWGEOKENXX,1,GEOKENXX,2037,468.6648007226467
GLOBAL,S3D1,RNWGEOKENXX,1,GEOKENXX,2038,492.4529515305462
GLOBAL,S3D1,RNWGEOKENXX,1,GEOKENXX,2039,516.2411023384457
GLOBAL,S3D1,RNWGEOKENXX,1,GEOKENXX,2040,540.0292531463451
GLOBAL,S3D1,RNWGEOKENXX,1,GEOKENXX,2041,575.9358958752499
GLOBAL,S3D1,RNWGEOKENXX,1,GEOKENXX,2042,626.2712166678348
GLOBAL,S3D1,RNWGEOKENXX,1,GEOKENXX,2043,662.1778593967397
GLOBAL,S3D1,RNWGEOKENXX,1,GEOKENXX,2044,683.6558240619645
GLOBAL,S3D1,RNWGEOKENXX,1,GEOKENXX,2045,719.9241847108693
GLOBAL,S3D1,RNWGEOKENXX,1,GEOKENXX,2046,755.8308274397741
GLOBAL,S3D1,RNWGEOKENXX,1,GEOKENXX,2047,793.2820172710387
GLOBAL,S3D1,RNWGEOKENXX,1,GEOKENXX,2048,829.3774260655838
GLOBAL,S3D1,RNWGEOKENXX,1,GEOKENXX,2049,865.2840687944888
GLOBAL,S3D1,RNWGEOKENXX,1,GEOKENXX,2050,901.1907115233938
GLOBAL,S3D1,RNWGEOTZAXX,1,GEOTZAXX,2021,22.308282246293807
GLOBAL,S3D1,RNWGEOTZAXX,1,GEOTZAXX,2022,25.001280450961676
GLOBAL,S3D1,RNWGEOTZAXX,1,GEOTZAXX,2023,28.30548306198351
GLOBAL,S3D1,RNWGEOTZAXX,1,GEOTZAXX,2024,54.00327434497378
GLOBAL,S3D1,RNWGEOTZAXX,1,GEOTZAXX,2025,58.41979140062909
GLOBAL,S3D1,RNWGEOTZAXX,1,GEOTZAXX,2026,122.24384885125744
GLOBAL,S3D1,RNWGEOTZAXX,1,GEOTZAXX,2027,206.62445926418383
GLOBAL,S3D1,RNWGEOTZAXX,1,GEOTZAXX,2028,291.00506967711027
GLOBAL,S3D1,RNWGEOTZAXX,1,GEOTZAXX,2029,375.38568009003666
GLOBAL,S3D1,RNWGEOTZAXX,1,GEOTZAXX,2030,459.766290502963
GLOBAL,S3D1,RNWGEOTZAXX,1,GEOTZAXX,2031,496.57059930009046
GLOBAL,S3D1,RNWGEOTZAXX,1,GEOTZAXX,2032,533.3749080972179
GLOBAL,S3D1,RNWGEOTZAXX,1,GEOTZAXX,2033,570.1792168943454
GLOBAL,S3D1,RNWGEOTZAXX,1,GEOTZAXX,2034,606.9835256914729
GLOBAL,S3D1,RNWGEOTZAXX,1,GEOTZAXX,2035,643.7878344886003
GLOBAL,S3D1,RNWGEOTZAXX,1,GEOTZAXX,2036,680.5921432857277
GLOBAL,S3D1,RNWGEOTZAXX,1,GEOTZAXX,2037,717.3964520828553
GLOBAL,S3D1,RNWGEOTZAXX,1,GEOTZAXX,2038,754.2007608799827
GLOBAL,S3D1,RNWGEOTZAXX,1,GEOTZAXX,2039,791.0050696771102
GLOBAL,S3D1,RNWGEOTZAXX,1,GEOTZAXX,2040,827.8093784742377
GLOBAL,S3D1,RNWGEOTZAXX,1,GEOTZAXX,2041,881.2205095334836
GLOBAL,S3D1,RNWGEOTZAXX,1,GEOTZAXX,2042,934.6316405927296
GLOBAL,S3D1,RNWGEOTZAXX,1,GEOTZAXX,2043,988.0427716519757
GLOBAL,S3D1,RNWGEOTZAXX,1,GEOTZAXX,2044,1041.4539027112214
GLOBAL,S3D1,RNWGEOTZAXX,1,GEOTZAXX,2045,1094.8650337704676
GLOBAL,S3D1,RNWGEOTZAXX,1,GEOTZAXX,2046,1148.2761648297133
GLOBAL,S3D1,RNWGEOTZAXX,1,GEOTZAXX,2047,1201.6872958889594
GLOBAL,S3D1,RNWGEOTZAXX,1,GEOTZAXX,2048,1255.098426948205
GLOBAL,S3D1,RNWGEOTZAXX,1,GEOTZAXX,2049,1308.5095580074517
GLOBAL,S3D1,RNWGEOTZAXX,1,GEOTZAXX,2050,1361.9206890666974
GLOBAL,S3D1,RNWHYDKENXX,1,HYDKENXX,2021,14.42867806368
GLOBAL,S3D1,RNWHYDKENXX,1,HYDKENXX,2022,14.42867806368
GLOBAL,S3D1,RNWHYDKENXX,1,HYDKENXX,2023,14.42867806368
GLOBAL,S3D1,RNWHYDKENXX,1,HYDKENXX,2024,14.42867806368
GLOBAL,S3D1,RNWHYDKENXX,1,HYDKENXX,2025,14.42867806368
GLOBAL,S3D1,RNWHYDKENXX,1,HYDKENXX,2026,14.42867806368
GLOBAL,S3D1,RNWHYDKENXX,1,HYDKENXX,2027,14.42867806368
GLOBAL,S3D1,RNWHYDKENXX,1,HYDKENXX,2028,14.42867806368
GLOBAL,S3D1,RNWHYDKENXX,1,HYDKENXX,2029,14.42867806368
GLOBAL,S3D1,RNWHYDKENXX,1,HYDKENXX,2030,14.42867806368
GLOBAL,S3D1,RNWHYDKENXX,1,HYDKENXX,2031,14.42867806368
GLOBAL,S3D1,RNWHYDKENXX,1,HYDKENXX,2032,14.42867806368
GLOBAL,S3D1,RNWHYDKENXX,1,HYDKENXX,2033,14.42867806368
GLOBAL,S3D1,RNWHYDKENXX,1,HYDKENXX,2034,14.42867806368
GLOBAL,S3D1,RNWHYDKENXX,1,HYDKENXX,2035,14.42867806368
GLOBAL,S3D1,RNWHYDKENXX,1,HYDKENXX,2036,14.42867806368
GLOBAL,S3D1,RNWHYDKENXX,1,HYDKENXX,2037,14.42867806368
GLOBAL,S3D1,RNWHYDKENXX,1,HYDKENXX,2038,14.42867806368
GLOBAL,S3D1,RNWHYDKENXX,1,HYDKENXX,2039,14.42867806368
GLOBAL,S3D1,RNWHYDKENXX,1,HYDKENXX,2040,14.42867806368
GLOBAL,S3D1,RNWHYDKENXX,1,HYDKENXX,2041,14.42867806368
GLOBAL,S3D1,RNWHYDKENXX,1,HYDKENXX,2044,14.42867806368
GLOBAL,S3D1,RNWHYDKENXX,1,HYDKENXX,2045,14.42867806368
GLOBAL,S3D1,RNWHYDKENXX,1,HYDKENXX,2046,14.42867806368
GLOBAL,S3D1,RNWHYDKENXX,1,HYDKENXX,2047,14.42867806368
GLOBAL,S3D1,RNWHYDKENXX,1,HYDKENXX,2048,14.42867806368
GLOBAL,S3D1,RNWHYDKENXX,1,HYDKENXX,2049,14.42867806368
GLOBAL,S3D1,RNWHYDKENXX,1,HYDKENXX,2050,14.42867806368
GLOBAL,S3D1,RNWHYDTZAXX,1,HYDTZAXX,2021,7.0200649728
GLOBAL,S3D1,RNWHYDTZAXX,1,HYDTZAXX,2022,7.0200649728
GLOBAL,S3D1,RNWHYDTZAXX,1,HYDTZAXX,2023,7.0200649728
GLOBAL,S3D1,RNWHYDTZAXX,1,HYDTZAXX,2024,7.0200649728
GLOBAL,S3D1,RNWHYDTZAXX,1,HYDTZAXX,2025,7.0200649728
GLOBAL,S3D1,RNWHYDTZAXX,1,HYDTZAXX,2026,7.0200649728
GLOBAL,S3D1,RNWHYDTZAXX,1,HYDTZAXX,2027,7.0200649728
GLOBAL,S3D1,RNWHYDTZAXX,1,HYDTZAXX,2028,7.0200649728
GLOBAL,S3D1,RNWHYDTZAXX,1,HYDTZAXX,2029,7.0200649728
GLOBAL,S3D1,RNWHYDTZAXX,1,HYDTZAXX,2030,7.0200649728
GLOBAL,S3D1,RNWHYDTZAXX,1,HYDTZAXX,2031,7.0200649728
GLOBAL,S3D1,RNWHYDTZAXX,1,HYDTZAXX,2032,7.0200649728
GLOBAL,S3D1,RNWHYDTZAXX,1,HYDTZAXX,2033,7.0200649728
GLOBAL,S3D1,RNWHYDTZAXX,1,HYDTZAXX,2034,7.0200649728
GLOBAL,S3D1,RNWHYDTZAXX,1,HYDTZAXX,2035,7.0200649728
GLOBAL,S3D1,RNWHYDTZAXX,1,HYDTZAXX,2036,7.0200649728
GLOBAL,S3D1,RNWHYDTZAXX,1,HYDTZAXX,2037,7.0200649728
GLOBAL,S3D1,RNWHYDTZAXX,1,HYDTZAXX,2038,7.0200649728
GLOBAL,S3D1,RNWHYDTZAXX,1,HYDTZAXX,2039,7.0200649728
GLOBAL,S3D1,RNWHYDTZAXX,1,HYDTZAXX,2040,7.0200649728
GLOBAL,S3D1,RNWHYDTZAXX,1,HYDTZAXX,2041,7.0200649728
GLOBAL,S3D1,RNWHYDTZAXX,1,HYDTZAXX,2042,7.0200649728
GLOBAL,S3D1,RNWHYDTZAXX,1,HYDTZAXX,2043,7.0200649728
GLOBAL,S3D1,RNWHYDTZAXX,1,HYDTZAXX,2044,7.0200649728
GLOBAL,S3D1,RNWHYDTZAXX,1,HYDTZAXX,2045,7.0200649728
GLOBAL,S3D1,RNWHYDTZAXX,1,HYDTZAXX,2046,7.0200649728
GLOBAL,S3D1,RNWHYDTZAXX,1,HYDTZAXX,2047,7.0200649728
GLOBAL,S3D1,RNWHYDTZAXX,1,HYDTZAXX,2048,7.0200649728
GLOBAL,S3D1,RNWHYDTZAXX,1,HYDTZAXX,2049,7.0200649728
GLOBAL,S3D1,RNWHYDTZAXX,1,HYDTZAXX,2050,7.0200649728
GLOBAL,S3D1,RNWSPVKENXX,1,SPVKENXX,2021,0.21507552
GLOBAL,S3D1,RNWSPVKENXX,1,SPVKENXX,2022,0.31283712
GLOBAL,S3D1,RNWSPVKENXX,1,SPVKENXX,2023,0.36171792
GLOBAL,S3D1,RNWSPVKENXX,1,SPVKENXX,2024,0.36171792
GLOBAL,S3D1,RNWSPVKENXX,1,SPVKENXX,2025,0.36171792
GLOBAL,S3D1,RNWSPVKENXX,1,SPVKENXX,2026,0.36171792
GLOBAL,S3D1,RNWSPVKENXX,1,SPVKENXX,2027,0.36171792
GLOBAL,S3D1,RNWSPVKENXX,1,SPVKENXX,2028,0.36171792
GLOBAL,S3D1,RNWSPVKENXX,1,SPVKENXX,2029,0.36171792
GLOBAL,S3D1,RNWSPVKENXX,1,SPVKENXX,2030,0.36171792
GLOBAL,S3D1,RNWSPVKENXX,1,SPVKENXX,2031,0.36171792
GLOBAL,S3D1,RNWSPVKENXX,1,SPVKENXX,2032,0.36171792
GLOBAL,S3D1,RNWSPVKENXX,1,SPVKENXX,2033,0.36171792
GLOBAL,S3D1,RNWSPVKENXX,1,SPVKENXX,2034,0.36171792
GLOBAL,S3D1,RNWSPVKENXX,1,SPVKENXX,2035,0.36171792
GLOBAL,S3D1,RNWSPVKENXX,1,SPVKENXX,2036,0.36171792
GLOBAL,S3D1,RNWSPVKENXX,1,SPVKENXX,2037,0.36171792
GLOBAL,S3D1,RNWSPVKENXX,1,SPVKENXX,2038,0.36171792
GLOBAL,S3D1,RNWSPVKENXX,1,SPVKENXX,2039,0.36171792
GLOBAL,S3D1,RNWSPVKENXX,1,SPVKENXX,2040,0.36171792
GLOBAL,S3D1,RNWSPVKENXX,1,SPVKENXX,2041,0.36171792
GLOBAL,S3D1,RNWSPVKENXX,1,SPVKENXX,2042,0.36171792
GLOBAL,S3D1,RNWSPVKENXX,1,SPVKENXX,2043,0.36171792
GLOBAL,S3D1,RNWSPVKENXX,1,SPVKENXX,2044,0.36171792
GLOBAL,S3D1,RNWWONKENXX,1,WONKENXX,2021,1.8786878208
GLOBAL,S3D1,RNWWONKENXX,1,WONKENXX,2022,1.8786878208
GLOBAL,S3D1,RNWWONKENXX,1,WONKENXX,2023,1.8786878208
GLOBAL,S3D1,RNWWONKENXX,1,WONKENXX,2024,1.733313168
GLOBAL,S3D1,RNWWONKENXX,1,WONKENXX,2025,1.733313168
GLOBAL,S3D1,RNWWONKENXX,1,WONKENXX,2026,1.733313168
GLOBAL,S3D1,RNWWONKENXX,1,WONKENXX,2027,1.733313168
GLOBAL,S3D1,RNWWONKENXX,1,WONKENXX,2028,1.733313168
GLOBAL,S3D1,RNWWONKENXX,1,WONKENXX,2029,1.733313168
GLOBAL,S3D1,RNWWONKENXX,1,WONKENXX,2030,1.733313168
GLOBAL,S3D1,RNWWONKENXX,1,WONKENXX,2031,1.733313168
GLOBAL,S3D1,RNWWONKENXX,1,WONKENXX,2032,1.733313168
GLOBAL,S3D1,RNWWONKENXX,1,WONKENXX,2033,1.733313168
GLOBAL,S3D1,RNWWONKENXX,1,WONKENXX,2034,1.733313168
GLOBAL,S3D1,RNWWONKENXX,1,WONKENXX,2035,1.733313168
GLOBAL,S3D1,RNWWONKENXX,1,WONKENXX,2036,1.733313168
GLOBAL,S3D1,RNWWONKENXX,1,WONKENXX,2037,1.733313168
GLOBAL,S3D1,RNWWONKENXX,1,WONKENXX,2038,1.733313168
GLOBAL,S3D1,RNWWONKENXX,1,WONKENXX,2039,1.733313168
GLOBAL,S3D1,RNWWONKENXX,1,WONKENXX,2040,1.733313168
GLOBAL,S3D1,RNWWONKENXX,1,WONKENXX,2041,1.733313168
GLOBAL,S3D1,RNWWONKENXX,1,WONKENXX,2042,1.733313168
GLOBAL,S3D1,RNWWONKENXX,1,WONKENXX,2043,1.733313168
GLOBAL,S3D1,RNWWONKENXX,1,WONKENXX,2044,1.733313168
GLOBAL,S3D1,RNWWONKENXX,1,WONKENXX,2045,1.733313168
GLOBAL,S3D1,RNWWONKENXX,1,WONKENXX,2046,1.733313168
GLOBAL,S3D1,RNWWONKENXX,1,WONKENXX,2047,0.18876606564021717
GLOBAL,S3D1,TRNKENXXTZAXX,1,ELCTZAXX01,2023,0.5810946941213417
GLOBAL,S3D1,TRNKENXXTZAXX,2,ELCKENXX01,2021,0.5810946941213417
GLOBAL,S3D1,TRNKENXXTZAXX,2,ELCKENXX01,2022,0.5810946941213417
GLOBAL,S3D2,PWRBIOKENXX01,1,ELCKENXX01,2021,2.8382399999999994
GLOBAL,S3D2,PWRBIOKENXX01,1,ELCKENXX01,2022,2.8382399999999994
GLOBAL,S3D2,PWRBIOKENXX01,1,ELCKENXX01,2030,0.6069680439703448
GLOBAL,S3D2,PWRBIOTZAXX01,1,ELCTZAXX01,2021,3.529138887570853
GLOBAL,S3D2,PWRBIOTZAXX01,1,ELCTZAXX01,2022,3.529138887570853
GLOBAL,S3D2,PWRBIOTZAXX01,1,ELCTZAXX01,2023,3.529138887570853
GLOBAL,S3D2,PWRBIOTZAXX01,1,ELCTZAXX01,2024,3.3477824705236667
GLOBAL,S3D2,PWRBIOTZAXX01,1,ELCTZAXX01,2025,3.529138887570853
GLOBAL,S3D2,PWRBIOTZAXX01,1,ELCTZAXX01,2026,3.1257258861793598
GLOBAL,S3D2,PWRBIOTZAXX01,1,ELCTZAXX01,2027,3.0146896738366142
GLOBAL,S3D2,PWRBIOTZAXX01,1,ELCTZAXX01,2028,2.9036534614938057
GLOBAL,S3D2,PWRBIOTZAXX01,1,ELCTZAXX01,2029,3.781528121924501
GLOBAL,S3D2,PWRBIOTZAXX01,1,ELCTZAXX01,2030,4.960283512127456
GLOBAL,S3D2,PWRBIOTZAXX01,1,ELCTZAXX01,2031,5.47442150147131
GLOBAL,S3D2,PWRBIOTZAXX01,1,ELCTZAXX01,2032,5.988559490815037
GLOBAL,S3D2,PWRBIOTZAXX01,1,ELCTZAXX01,2033,6.502697480158762
GLOBAL,S3D2,PWRBIOTZAXX01,1,ELCTZAXX01,2034,7.01683546950249
GLOBAL,S3D2,PWRBIOTZAXX01,1,ELCTZAXX01,2035,7.530973458845834
GLOBAL,S3D2,PWRBIOTZAXX01,1,ELCTZAXX01,2036,8.045111448189433
GLOBAL,S3D2,PWRBIOTZAXX01,1,ELCTZAXX01,2037,8.55924943753507
GLOBAL,S3D2,PWRBIOTZAXX01,1,ELCTZAXX01,2038,9.073387426877778
GLOBAL,S3D2,PWRBIOTZAXX01,1,ELCTZAXX01,2039,9.587525416220227
GLOBAL,S3D2,PWRBIOTZAXX01,1,ELCTZAXX01,2040,10.101663405563954
GLOBAL,S3D2,PWRBIOTZAXX01,1,ELCTZAXX01,2041,10.847790487660964
GLOBAL,S3D2,PWRBIOTZAXX01,1,ELCTZAXX01,2042,11.593917569757078
GLOBAL,S3D2,PWRBIOTZAXX01,1,ELCTZAXX01,2043,12.340044651854088
GLOBAL,S3D2,PWRBIOTZAXX01,1,ELCTZAXX01,2044,13.08617173395033
GLOBAL,S3D2,PWRBIOTZAXX01,1,ELCTZAXX01,2045,13.83229881604683
GLOBAL,S3D2,PWRBIOTZAXX01,1,ELCTZAXX01,2046,14.578425898142818
GLOBAL,S3D2,PWRBIOTZAXX01,1,ELCTZAXX01,2047,15.324552980239572
GLOBAL,S3D2,PWRBIOTZAXX01,1,ELCTZAXX01,2048,16.070680062336326
GLOBAL,S3D2,PWRBIOTZAXX01,1,ELCTZAXX01,2049,16.816807144432314
GLOBAL,S3D2,PWRBIOTZAXX01,1,ELCTZAXX01,2050,17.56293422652881
GLOBAL,S3D2,PWRGEOKENXX01,1,ELCKENXX01,2021,26.306603303991363
GLOBAL,S3D2,PWRGEOKENXX01,1,ELCKENXX01,2022,27.150475989136574
GLOBAL,S3D2,PWRGEOKENXX01,1,ELCKENXX01,2023,30.01422841112276
GLOBAL,S3D2,PWRGEOKENXX01,1,ELCKENXX01,2024,31.186235845030524
GLOBAL,S3D2,PWRGEOKENXX01,1,ELCKENXX01,2025,32.72663081810054
GLOBAL,S3D2,PWRGEOKENXX01,1,ELCKENXX01,2026,104.8446911656375
GLOBAL,S3D2,PWRGEOKENXX01,1,ELCKENXX01,2027,163.68174751468942
GLOBAL,S3D2,PWRGEOKENXX01,1,ELCKENXX01,2028,239.7378086408621
GLOBAL,S3D2,PWRGEOKENXX01,1,ELCKENXX01,2029,295.1000599024812
GLOBAL,S3D2,PWRGEOKENXX01,1,ELCKENXX01,2030,374.6309261160867
GLOBAL,S3D2,PWRGEOKENXX01,1,ELCKENXX01,2031,403.9314803217708
GLOBAL,S3D2,PWRGEOKENXX01,1,ELCKENXX01,2032,417.90077803533575
GLOBAL,S3D2,PWRGEOKENXX01,1,ELCKENXX01,2033,446.44655900481513
GLOBAL,S3D2,PWRGEOKENXX01,1,ELCKENXX01,2034,474.99233997429445
GLOBAL,S3D2,PWRGEOKENXX01,1,ELCKENXX01,2035,517.9667990074538
GLOBAL,S3D2,PWRGEOKENXX01,1,ELCKENXX01,2036,532.0839019132532
GLOBAL,S3D2,PWRGEOKENXX01,1,ELCKENXX01,2037,560.6296828827325
GLOBAL,S3D2,PWRGEOKENXX01,1,ELCKENXX01,2038,589.1754638522118
GLOBAL,S3D2,PWRGEOKENXX01,1,ELCKENXX01,2039,617.7212448216911
GLOBAL,S3D2,PWRGEOKENXX01,1,ELCKENXX01,2040,646.2670257911706
GLOBAL,S3D2,PWRGEOKENXX01,1,ELCKENXX01,2041,689.3549970658563
GLOBAL,S3D2,PWRGEOKENXX01,1,ELCKENXX01,2042,732.442968340542
GLOBAL,S3D2,PWRGEOKENXX01,1,ELCKENXX01,2043,775.5309396152278
GLOBAL,S3D2,PWRGEOKENXX01,1,ELCKENXX01,2044,818.6189108899138
GLOBAL,S3D2,PWRGEOKENXX01,1,ELCKENXX01,2045,866.5558279153792
GLOBAL,S3D2,PWRGEOKENXX01,1,ELCKENXX01,2046,909.643799190065
GLOBAL,S3D2,PWRGEOKENXX01,1,ELCKENXX01,2047,952.7317704647508
GLOBAL,S3D2,PWRGEOKENXX01,1,ELCKENXX01,2048,998.1386468914368
GLOBAL,S3D2,PWRGEOKENXX01,1,ELCKENXX01,2049,1041.2266181661223
GLOBAL,S3D2,PWRGEOKENXX01,1,ELCKENXX01,2050,1084.3145894408085
GLOBAL,S3D2,PWRGEOTZAXX01,1,ELCTZAXX01,2021,24.524206195347727
GLOBAL,S3D2,PWRGEOTZAXX01,1,ELCTZAXX01,2022,27.75580404094917
GLOBAL,S3D2,PWRGEOTZAXX01,1,ELCTZAXX01,2023,31.957672720193628
GLOBAL,S3D2,PWRGEOTZAXX01,1,ELCTZAXX01,2024,62.86015973800488
GLOBAL,S3D2,PWRGEOTZAXX01,1,ELCTZAXX01,2025,67.97862378774404
GLOBAL,S3D2,PWRGEOTZAXX01,1,ELCTZAXX01,2026,144.97090572988958
GLOBAL,S3D2,PWRGEOTZAXX01,1,ELCTZAXX01,2027,246.338674437744
GLOBAL,S3D2,PWRGEOTZAXX01,1,ELCTZAXX01,2028,347.7064431455985
GLOBAL,S3D2,PWRGEOTZAXX01,1,ELCTZAXX01,2029,448.08530098067934
GLOBAL,S3D2,PWRGEOTZAXX01,1,ELCTZAXX01,2030,548.1632780859882
GLOBAL,S3D2,PWRGEOTZAXX01,1,ELCTZAXX01,2031,591.8143106531973
GLOBAL,S3D2,PWRGEOTZAXX01,1,ELCTZAXX01,2032,635.4653432204065
GLOBAL,S3D2,PWRGEOTZAXX01,1,ELCTZAXX01,2033,679.1163757876157
GLOBAL,S3D2,PWRGEOTZAXX01,1,ELCTZAXX01,2034,722.767408354825
GLOBAL,S3D2,PWRGEOTZAXX01,1,ELCTZAXX01,2035,766.4184409220345
GLOBAL,S3D2,PWRGEOTZAXX01,1,ELCTZAXX01,2036,810.0694734892438
GLOBAL,S3D2,PWRGEOTZAXX01,1,ELCTZAXX01,2037,853.7205060564513
GLOBAL,S3D2,PWRGEOTZAXX01,1,ELCTZAXX01,2038,897.3715386236614
GLOBAL,S3D2,PWRGEOTZAXX01,1,ELCTZAXX01,2039,941.022571190872
GLOBAL,S3D2,PWRGEOTZAXX01,1,ELCTZAXX01,2040,984.6736037580814
GLOBAL,S3D2,PWRGEOTZAXX01,1,ELCTZAXX01,2041,1048.0208339470794
GLOBAL,S3D2,PWRGEOTZAXX01,1,ELCTZAXX01,2042,1111.3680641360784
GLOBAL,S3D2,PWRGEOTZAXX01,1,ELCTZAXX01,2043,1174.715294325077
GLOBAL,S3D2,PWRGEOTZAXX01,1,ELCTZAXX01,2044,1238.0625245140754
GLOBAL,S3D2,PWRGEOTZAXX01,1,ELCTZAXX01,2045,1301.4097547030742
GLOBAL,S3D2,PWRGEOTZAXX01,1,ELCTZAXX01,2046,1364.7569848920732
GLOBAL,S3D2,PWRGEOTZAXX01,1,ELCTZAXX01,2047,1428.1042150810715
GLOBAL,S3D2,PWRGEOTZAXX01,1,ELCTZAXX01,2048,1491.45144527007
GLOBAL,S3D2,PWRGEOTZAXX01,1,ELCTZAXX01,2049,1554.7986754590695
GLOBAL,S3D2,PWRGEOTZAXX01,1,ELCTZAXX01,2050,1618.145905648068
GLOBAL,S3D2,PWRHYDKENXX01,1,ELCKENXX01,2021,14.42867806368
GLOBAL,S3D2,PWRHYDKENXX01,1,ELCKENXX01,2022,14.42867806368
GLOBAL,S3D2,PWRHYDKENXX01,1,ELCKENXX01,2023,14.42867806368
GLOBAL,S3D2,PWRHYDKENXX01,1,ELCKENXX01,2024,14.42867806368
GLOBAL,S3D2,PWRHYDKENXX01,1,ELCKENXX01,2025,14.42867806368
GLOBAL,S3D2,PWRHYDKENXX01,1,ELCKENXX01,2026,7.556578218836064
GLOBAL,S3D2,PWRHYDKENXX01,1,ELCKENXX01,2027,14.42867806368
GLOBAL,S3D2,PWRHYDKENXX01,1,ELCKENXX01,2028,4.081773131403152
GLOBAL,S3D2,PWRHYDKENXX01,1,ELCKENXX01,2029,14.42867806368
GLOBAL,S3D2,PWRHYDKENXX01,1,ELCKENXX01,2032,14.42867806368
GLOBAL,S3D2,PWRHYDKENXX01,1,ELCKENXX01,2033,14.42867806368
GLOBAL,S3D2,PWRHYDKENXX01,1,ELCKENXX01,2034,14.42867806368
GLOBAL,S3D2,PWRHYDKENXX01,1,ELCKENXX01,2036,14.42867806368
GLOBAL,S3D2,PWRHYDKENXX01,1,ELCKENXX01,2037,14.42867806368
GLOBAL,S3D2,PWRHYDKENXX01,1,ELCKENXX01,2038,14.42867806368
GLOBAL,S3D2,PWRHYDKENXX01,1,ELCKENXX01,2039,14.42867806368
GLOBAL,S3D2,PWRHYDKENXX01,1,ELCKENXX01,2040,14.42867806368
GLOBAL,S3D2,PWRHYDKENXX01,1,ELCKENXX01,2041,14.42867806368
GLOBAL,S3D2,PWRHYDKENXX01,1,ELCKENXX01,2042,14.42867806368
GLOBAL,S3D2,PWRHYDKENXX01,1,ELCKENXX01,2043,14.42867806368
GLOBAL,S3D2,PWRHYDKENXX01,1,ELCKENXX01,2044,14.42867806368
GLOBAL,S3D2,PWRHYDKENXX01,1,ELCKENXX01,2045,14.42867806368
GLOBAL,S3D2,PWRHYDKENXX01,1,ELCKENXX01,2046,14.42867806368
GLOBAL,S3D2,PWRHYDKENXX01,1,ELCKENXX01,2047,14.42867806368
GLOBAL,S3D2,PWRHYDKENXX01,1,ELCKENXX01,2048,14.42867806368
GLOBAL,S3D2,PWRHYDKENXX01,1,ELCKENXX01,2049,14.42867806368
GLOBAL,S3D2,PWRHYDKENXX01,1,ELCKENXX01,2050,14.42867806368
GLOBAL,S3D2,PWRHYDTZAXX01,1,ELCTZAXX01,2021,7.0200649728
GLOBAL,S3D2,PWRHYDTZAXX01,1,ELCTZAXX01,2022,7.0200649728
GLOBAL,S3D2,PWRHYDTZAXX01,1,ELCTZAXX01,2023,7.0200649728
GLOBAL,S3D2,PWRHYDTZAXX01,1,ELCTZAXX01,2024,7.0200649728
GLOBAL,S3D2,PWRHYDTZAXX01,1,ELCTZAXX01,2025,7.0200649728
GLOBAL,S3D2,PWRHYDTZAXX01,1,ELCTZAXX01,2026,7.0200649728
GLOBAL,S3D2,PWRHYDTZAXX01,1,ELCTZAXX01,2027,7.0200649728
GLOBAL,S3D2,PWRHYDTZAXX01,1,ELCTZAXX01,2028,7.0200649728
GLOBAL,S3D2,PWRHYDTZAXX01,1,ELCTZAXX01,2029,7.0200649728
GLOBAL,S3D2,PWRHYDTZAXX01,1,ELCTZAXX01,2030,7.0200649728
GLOBAL,S3D2,PWRHYDTZAXX01,1,ELCTZAXX01,2031,7.0200649728
GLOBAL,S3D2,PWRHYDTZAXX01,1,ELCTZAXX01,2032,7.0200649728
GLOBAL,S3D2,PWRHYDTZAXX01,1,ELCTZAXX01,2033,7.0200649728
GLOBAL,S3D2,PWRHYDTZAXX01,1,ELCTZAXX01,2034,7.0200649728
GLOBAL,S3D2,PWRHYDTZAXX01,1,ELCTZAXX01,2035,7.0200649728
GLOBAL,S3D2,PWRHYDTZAXX01,1,ELCTZAXX01,2036,7.0200649728
GLOBAL,S3D2,PWRHYDTZAXX01,1,ELCTZAXX01,2037,7.0200649728
GLOBAL,S3D2,PWRHYDTZAXX01,1,ELCTZAXX01,2038,7.0200649728
GLOBAL,S3D2,PWRHYDTZAXX01,1,ELCTZAXX01,2039,7.0200649728
GLOBAL,S3D2,PWRHYDTZAXX01,1,ELCTZAXX01,2040,7.0200649728
GLOBAL,S3D2,PWRHYDTZAXX01,1,ELCTZAXX01,2041,7.0200649728
GLOBAL,S3D2,PWRHYDTZAXX01,1,ELCTZAXX01,2042,7.0200649728
GLOBAL,S3D2,PWRHYDTZAXX01,1,ELCTZAXX01,2043,7.0200649728
GLOBAL,S3D2,PWRHYDTZAXX01,1,ELCTZAXX01,2044,7.0200649728
GLOBAL,S3D2,PWRHYDTZAXX01,1,ELCTZAXX01,2045,7.0200649728
GLOBAL,S3D2,PWRHYDTZAXX01,1,ELCTZAXX01,2046,7.0200649728
GLOBAL,S3D2,PWRHYDTZAXX01,1,ELCTZAXX01,2047,7.0200649728
GLOBAL,S3D2,PWRHYDTZAXX01,1,ELCTZAXX01,2048,7.0200649728
GLOBAL,S3D2,PWRHYDTZAXX01,1,ELCTZAXX01,2049,7.0200649728
GLOBAL,S3D2,PWRHYDTZAXX01,1,ELCTZAXX01,2050,7.0200649728
GLOBAL,S3D2,PWRSPVKENXX01,1,ELCKENXX01,2021,2.8831569328959814
GLOBAL,S3D2,PWRSPVKENXX01,1,ELCKENXX01,2022,4.193682811485063
GLOBAL,S3D2,PWRSPVKENXX01,1,ELCKENXX01,2023,4.275098837722992
GLOBAL,S3D2,PWRSPVKENXX01,1,ELCKENXX01,2024,4.848945750779605
GLOBAL,S3D2,PWRSPVKENXX01,1,ELCKENXX01,2025,4.848945750779605
GLOBAL,S3D2,PWRSPVKENXX01,1,ELCKENXX01,2026,4.848945750779604
GLOBAL,S3D2,PWRSPVKENXX01,1,ELCKENXX01,2027,4.848945750779605
GLOBAL,S3D2,PWRSPVKENXX01,1,ELCKENXX01,2028,4.848945750779605
GLOBAL,S3D2,PWRSPVKENXX01,1,ELCKENXX01,2029,4.848945750779604
GLOBAL,S3D2,PWRSPVKENXX01,1,ELCKENXX01,2030,4.848945750779605
GLOBAL,S3D2,PWRSPVKENXX01,1,ELCKENXX01,2031,4.848945750779605
GLOBAL,S3D2,PWRSPVKENXX01,1,ELCKENXX01,2032,4.848945750779604
GLOBAL,S3D2,PWRSPVKENXX01,1,ELCKENXX01,2033,4.848945750779604
GLOBAL,S3D2,PWRSPVKENXX01,1,ELCKENXX01,2034,4.848945750779604
GLOBAL,S3D2,PWRSPVKENXX01,1,ELCKENXX01,2035,4.848945750779604
GLOBAL,S3D2,PWRSPVKENXX01,1,ELCKENXX01,2036,4.848945750779604
GLOBAL,S3D2,PWRSPVKENXX01,1,ELCKENXX01,2037,4.848945750779605
GLOBAL,S3D2,PWRSPVKENXX01,1,ELCKENXX01,2038,4.848945750779604
GLOBAL,S3D2,PWRSPVKENXX01,1,ELCKENXX01,2039,4.848945750779605
GLOBAL,S3D2,PWRSPVKENXX01,1,ELCKENXX01,2040,4.848945750779604
GLOBAL,S3D2,PWRSPVKENXX01,1,ELCKENXX01,2041,4.848945750779605
GLOBAL,S3D2,PWRSPVKENXX01,1,ELCKENXX01,2042,4.848945750779604
GLOBAL,S3D2,PWRSPVKENXX01,1,ELCKENXX01,2043,4.848945750779604
GLOBAL,S3D2,PWRSPVKENXX01,1,ELCKENXX01,2044,4.848945750779605
GLOBAL,S3D2,PWRTRNKENXX,1,ELCKENXX02,2021,49.55116696588868
GLOBAL,S3D2,PWRTRNKENXX,1,ELCKENXX02,2022,51.70556552962297
GLOBAL,S3D2,PWRTRNKENXX,1,ELCKENXX02,2023,51.23139928372576
GLOBAL,S3D2,PWRTRNKENXX,1,ELCKENXX02,2024,52.782764811490125
GLOBAL,S3D2,PWRTRNKENXX,1,ELCKENXX02,2025,54.32315978456015
GLOBAL,S3D2,PWRTRNKENXX,1,ELCKENXX02,2026,119.56912028725314
GLOBAL,S3D2,PWRTRNKENXX,1,ELCKENXX02,2027,185.27827648114905
GLOBAL,S3D2,PWRTRNKENXX,1,ELCKENXX02,2028,250.9874326750449
GLOBAL,S3D2,PWRTRNKENXX,1,ELCKENXX02,2029,316.69658886894075
GLOBAL,S3D2,PWRTRNKENXX,1,ELCKENXX02,2030,382.4057450628366
GLOBAL,S3D2,PWRTRNKENXX,1,ELCKENXX02,2031,410.951526032316
GLOBAL,S3D2,PWRTRNKENXX,1,ELCKENXX02,2032,439.49730700179526
GLOBAL,S3D2,PWRTRNKENXX,1,ELCKENXX02,2033,468.0430879712747
GLOBAL,S3D2,PWRTRNKENXX,1,ELCKENXX02,2034,496.588868940754
GLOBAL,S3D2,PWRTRNKENXX,1,ELCKENXX02,2035,525.1346499102334
GLOBAL,S3D2,PWRTRNKENXX,1,ELCKENXX02,2036,553.6804308797127
GLOBAL,S3D2,PWRTRNKENXX,1,ELCKENXX02,2037,582.226211849192
GLOBAL,S3D2,PWRTRNKENXX,1,ELCKENXX02,2038,610.7719928186715
GLOBAL,S3D2,PWRTRNKENXX,1,ELCKENXX02,2039,639.3177737881508
GLOBAL,S3D2,PWRTRNKENXX,1,ELCKENXX02,2040,667.8635547576304
GLOBAL,S3D2,PWRTRNKENXX,1,ELCKENXX02,2041,710.951526032316
GLOBAL,S3D2,PWRTRNKENXX,1,ELCKENXX02,2042,754.0394973070017
GLOBAL,S3D2,PWRTRNKENXX,1,ELCKENXX02,2043,797.1274685816877
GLOBAL,S3D2,PWRTRNKENXX,1,ELCKENXX02,2044,840.2154398563733
GLOBAL,S3D2,PWRTRNKENXX,1,ELCKENXX02,2045,883.3034111310593
GLOBAL,S3D2,PWRTRNKENXX,1,ELCKENXX02,2046,926.391382405745
GLOBAL,S3D2,PWRTRNKENXX,1,ELCKENXX02,2047,969.4793536804307
GLOBAL,S3D2,PWRTRNKENXX,1,ELCKENXX02,2048,1012.5673249551166
GLOBAL,S3D2,PWRTRNKENXX,1,ELCKENXX02,2049,1055.6552962298024
GLOBAL,S3D2,PWRTRNKENXX,1,ELCKENXX02,2050,1098.7432675044884
GLOBAL,S3D2,PWRTRNTZAXX,1,ELCTZAXX02,2021,35.07341005571858
GLOBAL,S3D2,PWRTRNTZAXX,1,ELCTZAXX02,2022,38.305007901320025
GLOBAL,S3D2,PWRTRNTZAXX,1,ELCTZAXX02,2023,43.087971274685806
GLOBAL,S3D2,PWRTRNTZAXX,1,ELCTZAXX02,2024,73.22800718132855
GLOBAL,S3D2,PWRTRNTZAXX,1,ELCTZAXX02,2025,78.5278276481149
GLOBAL,S3D2,PWRTRNTZAXX,1,ELCTZAXX02,2026,155.11669658886896
GLOBAL,S3D2,PWRTRNTZAXX,1,ELCTZAXX02,2027,256.3734290843806
GLOBAL,S3D2,PWRTRNTZAXX,1,ELCTZAXX02,2028,357.6301615798924
GLOBAL,S3D2,PWRTRNTZAXX,1,ELCTZAXX02,2029,458.8868940754039
GLOBAL,S3D2,PWRTRNTZAXX,1,ELCTZAXX02,2030,560.1436265709156
GLOBAL,S3D2,PWRTRNTZAXX,1,ELCTZAXX02,2031,604.3087971274686
GLOBAL,S3D2,PWRTRNTZAXX,1,ELCTZAXX02,2032,648.4739676840215
GLOBAL,S3D2,PWRTRNTZAXX,1,ELCTZAXX02,2033,692.6391382405744
GLOBAL,S3D2,PWRTRNTZAXX,1,ELCTZAXX02,2034,736.8043087971273
GLOBAL,S3D2,PWRTRNTZAXX,1,ELCTZAXX02,2035,780.9694793536803
GLOBAL,S3D2,PWRTRNTZAXX,1,ELCTZAXX02,2036,825.1346499102334
GLOBAL,S3D2,PWRTRNTZAXX,1,ELCTZAXX02,2037,869.2998204667864
GLOBAL,S3D2,PWRTRNTZAXX,1,ELCTZAXX02,2038,913.4649910233394
GLOBAL,S3D2,PWRTRNTZAXX,1,ELCTZAXX02,2039,957.6301615798926
GLOBAL,S3D2,PWRTRNTZAXX,1,ELCTZAXX02,2040,1001.7953321364452
GLOBAL,S3D2,PWRTRNTZAXX,1,ELCTZAXX02,2041,1065.8886894075404
GLOBAL,S3D2,PWRTRNTZAXX,1,ELCTZAXX02,2042,1129.9820466786357
GLOBAL,S3D2,PWRTRNTZAXX,1,ELCTZAXX02,2043,1194.0754039497308
GLOBAL,S3D2,PWRTRNTZAXX,1,ELCTZAXX02,2044,1258.168761220826
GLOBAL,S3D2,PWRTRNTZAXX,1,ELCTZAXX02,2045,1322.2621184919212
GLOBAL,S3D2,PWRTRNTZAXX,1,ELCTZAXX02,2046,1386.355475763016
GLOBAL,S3D2,PWRTRNTZAXX,1,ELCTZAXX02,2047,1450.4488330341114
GLOBAL,S3D2,PWRTRNTZAXX,1,ELCTZAXX02,2048,1514.5421903052063
GLOBAL,S3D2,PWRTRNTZAXX,1,ELCTZAXX02,2049,1578.635547576302
GLOBAL,S3D2,PWRTRNTZAXX,1,ELCTZAXX02,2050,1642.7289048473967
GLOBAL,S3D2,PWRWONKENXX01,1,ELCKENXX01,2021,2.5133939712
GLOBAL,S3D2,PWRWONKENXX01,1,ELCKENXX01,2022,2.5133939712
GLOBAL,S3D2,PWRWONKENXX01,1,ELCKENXX01,2023,2.5133939712
GLOBAL,S3D2,PWRWONKENXX01,1,ELCKENXX01,2024,2.318905152
GLOBAL,S3D2,PWRWONKENXX01,1,ELCKENXX01,2025,2.318905152
GLOBAL,S3D2,PWRWONKENXX01,1,ELCKENXX01,2026,2.318905152
GLOBAL,S3D2,PWRWONKENXX01,1,ELCKENXX01,2027,2.318905152
GLOBAL,S3D2,PWRWONKENXX01,1,ELCKENXX01,2028,2.318905152
GLOBAL,S3D2,PWRWONKENXX01,1,ELCKENXX01,2029,2.318905152
GLOBAL,S3D2,PWRWONKENXX01,1,ELCKENXX01,2030,2.318905152
GLOBAL,S3D2,PWRWONKENXX01,1,ELCKENXX01,2031,2.1710999597655616
GLOBAL,S3D2,PWRWONKENXX01,1,ELCKENXX01,2032,2.318905152
GLOBAL,S3D2,PWRWONKENXX01,1,ELCKENXX01,2033,2.318905152
GLOBAL,S3D2,PWRWONKENXX01,1,ELCKENXX01,2034,2.318905152
GLOBAL,S3D2,PWRWONKENXX01,1,ELCKENXX01,2035,2.318905152
GLOBAL,S3D2,PWRWONKENXX01,1,ELCKENXX01,2036,2.318905152
GLOBAL,S3D2,PWRWONKENXX01,1,ELCKENXX01,2037,2.318905152
GLOBAL,S3D2,PWRWONKENXX01,1,ELCKENXX01,2038,2.318905152
GLOBAL,S3D2,PWRWONKENXX01,1,ELCKENXX01,2039,2.318905152
GLOBAL,S3D2,PWRWONKENXX01,1,ELCKENXX01,2040,2.318905152
GLOBAL,S3D2,PWRWONKENXX01,1,ELCKENXX01,2041,2.318905152
GLOBAL,S3D2,PWRWONKENXX01,1,ELCKENXX01,2042,2.318905152
GLOBAL,S3D2,PWRWONKENXX01,1,ELCKENXX01,2043,2.318905152
GLOBAL,S3D2,PWRWONKENXX01,1,ELCKENXX01,2044,2.318905152
GLOBAL,S3D2,PWRWONKENXX01,1,ELCKENXX01,2045,2.318905152
GLOBAL,S3D2,PWRWONKENXX01,1,ELCKENXX01,2046,2.318905152
GLOBAL,S3D2,PWRWONKENXX01,1,ELCKENXX01,2047,2.318905152
GLOBAL,S3D2,RNWBIOKENXX,1,BIOKENXX,2021,8.9688384
GLOBAL,S3D2,RNWBIOKENXX,1,BIOKENXX,2022,8.9688384
GLOBAL,S3D2,RNWBIOKENXX,1,BIOKENXX,2030,1.918019018946289
GLOBAL,S3D2,RNWBIOTZAXX,1,BIOTZAXX,2021,11.75203249561094
GLOBAL,S3D2,RNWBIOTZAXX,1,BIOTZAXX,2022,11.75203249561094
GLOBAL,S3D2,RNWBIOTZAXX,1,BIOTZAXX,2023,11.75203249561094
GLOBAL,S3D2,RNWBIOTZAXX,1,BIOTZAXX,2024,11.148115626843811
GLOBAL,S3D2,RNWBIOTZAXX,1,BIOTZAXX,2025,11.75203249561094
GLOBAL,S3D2,RNWBIOTZAXX,1,BIOTZAXX,2026,10.408667200977266
GLOBAL,S3D2,RNWBIOTZAXX,1,BIOTZAXX,2027,10.038916613875925
GLOBAL,S3D2,RNWBIOTZAXX,1,BIOTZAXX,2028,9.669166026774372
GLOBAL,S3D2,RNWBIOTZAXX,1,BIOTZAXX,2029,12.592488646008588
GLOBAL,S3D2,RNWBIOTZAXX,1,BIOTZAXX,2030,16.51774409538443
GLOBAL,S3D2,RNWBIOTZAXX,1,BIOTZAXX,2031,18.22982359989946
GLOBAL,S3D2,RNWBIOTZAXX,1,BIOTZAXX,2032,19.941903104414077
GLOBAL,S3D2,RNWBIOTZAXX,1,BIOTZAXX,2033,21.65398260892868
GLOBAL,S3D2,RNWBIOTZAXX,1,BIOTZAXX,2034,23.366062113443288
GLOBAL,S3D2,RNWBIOTZAXX,1,BIOTZAXX,2035,25.078141617956625
GLOBAL,S3D2,RNWBIOTZAXX,1,BIOTZAXX,2036,26.790221122470808
GLOBAL,S3D2,RNWBIOTZAXX,1,BIOTZAXX,2037,28.502300626991783
GLOBAL,S3D2,RNWBIOTZAXX,1,BIOTZAXX,2038,30.214380131503003
GLOBAL,S3D2,RNWBIOTZAXX,1,BIOTZAXX,2039,31.92645963601336
GLOBAL,S3D2,RNWBIOTZAXX,1,BIOTZAXX,2040,33.63853914052797
GLOBAL,S3D2,RNWBIOTZAXX,1,BIOTZAXX,2041,36.12314232391101
GLOBAL,S3D2,RNWBIOTZAXX,1,BIOTZAXX,2042,38.60774550729108
GLOBAL,S3D2,RNWBIOTZAXX,1,BIOTZAXX,2043,41.09234869067412
GLOBAL,S3D2,RNWBIOTZAXX,1,BIOTZAXX,2044,43.5769518740546
GLOBAL,S3D2,RNWBIOTZAXX,1,BIOTZAXX,2045,46.061555057435946
GLOBAL,S3D2,RNWBIOTZAXX,1,BIOTZAXX,2046,48.54615824081559
GLOBAL,S3D2,RNWBIOTZAXX,1,BIOTZAXX,2047,51.03076142419778
GLOBAL,S3D2,RNWBIOTZAXX,1,BIOTZAXX,2048,53.51536460757996
GLOBAL,S3D2,RNWBIOTZAXX,1,BIOTZAXX,2049,55.99996779095961
GLOBAL,S3D2,RNWBIOTZAXX,1,BIOTZAXX,2050,58.48457097434095
GLOBAL,S3D2,RNWGEOKENXX,1,GEOKENXX,2021,26.306603303991363
GLOBAL,S3D2,RNWGEOKENXX,1,GEOKENXX,2022,27.150475989136574
GLOBAL,S3D2,RNWGEOKENXX,1,GEOKENXX,2023,30.01422841112276
GLOBAL,S3D2,RNWGEOKENXX,1,GEOKENXX,2024,31.186235845030524
GLOBAL,S3D2,RNWGEOKENXX,1,GEOKENXX,2025,32.72663081810054
GLOBAL,S3D2,RNWGEOKENXX,1,GEOKENXX,2026,104.8446911656375
GLOBAL,S3D2,RNWGEOKENXX,1,GEOKENXX,2027,163.68174751468942
GLOBAL,S3D2,RNWGEOKENXX,1,GEOKENXX,2028,239.7378086408621
GLOBAL,S3D2,RNWGEOKENXX,1,GEOKENXX,2029,295.1000599024812
GLOBAL,S3D2,RNWGEOKENXX,1,GEOKENXX,2030,374.6309261160867
GLOBAL,S3D2,RNWGEOKENXX,1,GEOKENXX,2031,403.9314803217708
GLOBAL,S3D2,RNWGEOKENXX,1,GEOKENXX,2032,417.90077803533575
GLOBAL,S3D2,RNWGEOKENXX,1,GEOKENXX,2033,446.44655900481513
GLOBAL,S3D2,RNWGEOKENXX,1,GEOKENXX,2034,474.99233997429445
GLOBAL,S3D2,RNWGEOKENXX,1,GEOKENXX,2035,517.9667990074538
GLOBAL,S3D2,RNWGEOKENXX,1,GEOKENXX,2036,532.0839019132532
GLOBAL,S3D2,RNWGEOKENXX,1,GEOKENXX,2037,560.6296828827325
GLOBAL,S3D2,RNWGEOKENXX,1,GEOKENXX,2038,589.1754638522118
GLOBAL,S3D2,RNWGEOKENXX,1,GEOKENXX,2039,617.7212448216911
GLOBAL,S3D2,RNWGEOKENXX,1,GEOKENXX,2040,646.2670257911706
GLOBAL,S3D2,RNWGEOKENXX,1,GEOKENXX,2041,689.3549970658563
GLOBAL,S3D2,RNWGEOKENXX,1,GEOKENXX,2042,732.442968340542
GLOBAL,S3D2,RNWGEOKENXX,1,GEOKENXX,2043,775.5309396152278
GLOBAL,S3D2,RNWGEOKENXX,1,GEOKENXX,2044,818.6189108899138
GLOBAL,S3D2,RNWGEOKENXX,1,GEOKENXX,2045,866.5558279153792
GLOBAL,S3D2,RNWGEOKENXX,1,GEOKENXX,2046,909.643799190065
GLOBAL,S3D2,RNWGEOKENXX,1,GEOKENXX,2047,952.7317704647508
GLOBAL,S3D2,RNWGEOKENXX,1,GEOKENXX,2048,998.1386468914368
GLOBAL,S3D2,RNWGEOKENXX,1,GEOKENXX,2049,1041.2266181661223
GLOBAL,S3D2,RNWGEOKENXX,1,GEOKENXX,2050,1084.3145894408085
GLOBAL,S3D2,RNWGEOTZAXX,1,GEOTZAXX,2021,24.524206195347727
GLOBAL,S3D2,RNWGEOTZAXX,1,GEOTZAXX,2022,27.75580404094917
GLOBAL,S3D2,RNWGEOTZAXX,1,GEOTZAXX,2023,31.957672720193628
GLOBAL,S3D2,RNWGEOTZAXX,1,GEOTZAXX,2024,62.86015973800489
GLOBAL,S3D2,RNWGEOTZAXX,1,GEOTZAXX,2025,67.97862378774404
GLOBAL,S3D2,RNWGEOTZAXX,1,GEOTZAXX,2026,144.97090572988958
GLOBAL,S3D2,RNWGEOTZAXX,1,GEOTZAXX,2027,246.338674437744
GLOBAL,S3D2,RNWGEOTZAXX,1,GEOTZAXX,2028,347.7064431455985
GLOBAL,S3D2,RNWGEOTZAXX,1,GEOTZAXX,2029,448.08530098067934
GLOBAL,S3D2,RNWGEOTZAXX,1,GEOTZAXX,2030,548.1632780859882
GLOBAL,S3D2,RNWGEOTZAXX,1,GEOTZAXX,2031,591.8143106531973
GLOBAL,S3D2,RNWGEOTZAXX,1,GEOTZAXX,2032,635.4653432204065
GLOBAL,S3D2,RNWGEOTZAXX,1,GEOTZAXX,2033,679.1163757876158
GLOBAL,S3D2,RNWGEOTZAXX,1,GEOTZAXX,2034,722.767408354825
GLOBAL,S3D2,RNWGEOTZAXX,1,GEOTZAXX,2035,766.4184409220343
GLOBAL,S3D2,RNWGEOTZAXX,1,GEOTZAXX,2036,810.0694734892433
GLOBAL,S3D2,RNWGEOTZAXX,1,GEOTZAXX,2037,853.7205060564521
GLOBAL,S3D2,RNWGEOTZAXX,1,GEOTZAXX,2038,897.3715386236614
GLOBAL,S3D2,RNWGEOTZAXX,1,GEOTZAXX,2039,941.0225711908713
GLOBAL,S3D2,RNWGEOTZAXX,1,GEOTZAXX,2040,984.6736037580805
GLOBAL,S3D2,RNWGEOTZAXX,1,GEOTZAXX,2041,1048.0208339470794
GLOBAL,S3D2,RNWGEOTZAXX,1,GEOTZAXX,2042,1111.3680641360777
GLOBAL,S3D2,RNWGEOTZAXX,1,GEOTZAXX,2043,1174.715294325077
GLOBAL,S3D2,RNWGEOTZAXX,1,GEOTZAXX,2044,1238.0625245140754
GLOBAL,S3D2,RNWGEOTZAXX,1,GEOTZAXX,2045,1301.4097547030742
GLOBAL,S3D2,RNWGEOTZAXX,1,GEOTZAXX,2046,1364.7569848920732
GLOBAL,S3D2,RNWGEOTZAXX,1,GEOTZAXX,2047,1428.1042150810715
GLOBAL,S3D2,RNWGEOTZAXX,1,GEOTZAXX,2048,1491.45144527007
GLOBAL,S3D2,RNWGEOTZAXX,1,GEOTZAXX,2049,1554.798675459069
GLOBAL,S3D2,RNWGEOTZAXX,1,GEOTZAXX,2050,1618.145905648068
GLOBAL,S3D2,RNWHYDKENXX,1,HYDKENXX,2021,14.42867806368
GLOBAL,S3D2,RNWHYDKENXX,1,HYDKENXX,2022,14.42867806368
GLOBAL,S3D2,RNWHYDKENXX,1,HYDKENXX,2023,14.42867806368
GLOBAL,S3D2,RNWHYDKENXX,1,HYDKENXX,2024,14.42867806368
GLOBAL,S3D2,RNWHYDKENXX,1,HYDKENXX,2025,14.42867806368
GLOBAL,S3D2,RNWHYDKENXX,1,HYDKENXX,2026,7.556578218836064
GLOBAL,S3D2,RNWHYDKENXX,1,HYDKENXX,2027,14.42867806368
GLOBAL,S3D2,RNWHYDKENXX,1,HYDKENXX,2028,4.081773131403152
GLOBAL,S3D2,RNWHYDKENXX,1,HYDKENXX,2029,14.42867806368
GLOBAL,S3D2,RNWHYDKENXX,1,HYDKENXX,2032,14.42867806368
GLOBAL,S3D2,RNWHYDKENXX,1,HYDKENXX,2033,14.42867806368
GLOBAL,S3D2,RNWHYDKENXX,1,HYDKENXX,2034,14.42867806368
GLOBAL,S3D2,RNWHYDKENXX,1,HYDKENXX,2036,14.42867806368
GLOBAL,S3D2,RNWHYDKENXX,1,HYDKENXX,2037,14.42867806368
GLOBAL,S3D2,RNWHYDKENXX,1,HYDKENXX,2038,14.42867806368
GLOBAL,S3D2,RNWHYDKENXX,1,HYDKENXX,2039,14.42867806368
GLOBAL,S3D2,RNWHYDKENXX,1,HYDKENXX,2040,14.42867806368
GLOBAL,S3D2,RNWHYDKENXX,1,HYDKENXX,2041,14.42867806368
GLOBAL,S3D2,RNWHYDKENXX,1,HYDKENXX,2042,14.42867806368
GLOBAL,S3D2,RNWHYDKENXX,1,HYDKENXX,2043,14.42867806368
GLOBAL,S3D2,RNWHYDKENXX,1,HYDKENXX,2044,14.42867806368
GLOBAL,S3D2,RNWHYDKENXX,1,HYDKENXX,2045,14.42867806368
GLOBAL,S3D2,RNWHYDKENXX,1,HYDKENXX,2046,14.42867806368
GLOBAL,S3D2,RNWHYDKENXX,1,HYDKENXX,2047,14.42867806368
GLOBAL,S3D2,RNWHYDKENXX,1,HYDKENXX,2048,14.42867806368
GLOBAL,S3D2,RNWHYDKENXX,1,HYDKENXX,2049,14.42867806368
GLOBAL,S3D2,RNWHYDKENXX,1,HYDKENXX,2050,14.42867806368
GLOBAL,S3D2,RNWHYDTZAXX,1,HYDTZAXX,2021,7.0200649728
GLOBAL,S3D2,RNWHYDTZAXX,1,HYDTZAXX,2022,7.0200649728
GLOBAL,S3D2,RNWHYDTZAXX,1,HYDTZAXX,2023,7.0200649728
GLOBAL,S3D2,RNWHYDTZAXX,1,HYDTZAXX,2024,7.0200649728
GLOBAL,S3D2,RNWHYDTZAXX,1,HYDTZAXX,2025,7.0200649728
GLOBAL,S3D2,RNWHYDTZAXX,1,HYDTZAXX,2026,7.0200649728
GLOBAL,S3D2,RNWHYDTZAXX,1,HYDTZAXX,2027,7.0200649728
GLOBAL,S3D2,RNWHYDTZAXX,1,HYDTZAXX,2028,7.0200649728
GLOBAL,S3D2,RNWHYDTZAXX,1,HYDTZAXX,2029,7.0200649728
GLOBAL,S3D2,RNWHYDTZAXX,1,HYDTZAXX,2030,7.0200649728
GLOBAL,S3D2,RNWHYDTZAXX,1,HYDTZAXX,2031,7.0200649728
GLOBAL,S3D2,RNWHYDTZAXX,1,HYDTZAXX,2032,7.0200649728
GLOBAL,S3D2,RNWHYDTZAXX,1,HYDTZAXX,2033,7.0200649728
GLOBAL,S3D2,RNWHYDTZAXX,1,HYDTZAXX,2034,7.0200649728
GLOBAL,S3D2,RNWHYDTZAXX,1,HYDTZAXX,2035,7.0200649728
GLOBAL,S3D2,RNWHYDTZAXX,1,HYDTZAXX,2036,7.0200649728
GLOBAL,S3D2,RNWHYDTZAXX,1,HYDTZAXX,2037,7.0200649728
GLOBAL,S3D2,RNWHYDTZAXX,1,HYDTZAXX,2038,7.0200649728
GLOBAL,S3D2,RNWHYDTZAXX,1,HYDTZAXX,2039,7.0200649728
GLOBAL,S3D2,RNWHYDTZAXX,1,HYDTZAXX,2040,7.0200649728
GLOBAL,S3D2,RNWHYDTZAXX,1,HYDTZAXX,2041,7.0200649728
GLOBAL,S3D2,RNWHYDTZAXX,1,HYDTZAXX,2042,7.0200649728
GLOBAL,S3D2,RNWHYDTZAXX,1,HYDTZAXX,2043,7.0200649728
GLOBAL,S3D2,RNWHYDTZAXX,1,HYDTZAXX,2044,7.0200649728
GLOBAL,S3D2,RNWHYDTZAXX,1,HYDTZAXX,2045,7.0200649728
GLOBAL,S3D2,RNWHYDTZAXX,1,HYDTZAXX,2046,7.0200649728
GLOBAL,S3D2,RNWHYDTZAXX,1,HYDTZAXX,2047,7.0200649728
GLOBAL,S3D2,RNWHYDTZAXX,1,HYDTZAXX,2048,7.0200649728
GLOBAL,S3D2,RNWHYDTZAXX,1,HYDTZAXX,2049,7.0200649728
GLOBAL,S3D2,RNWHYDTZAXX,1,HYDTZAXX,2050,7.0200649728
GLOBAL,S3D2,RNWSPVKENXX,1,SPVKENXX,2021,2.8831569328959814
GLOBAL,S3D2,RNWSPVKENXX,1,SPVKENXX,2022,4.193682811485063
GLOBAL,S3D2,RNWSPVKENXX,1,SPVKENXX,2023,4.275098837722992
GLOBAL,S3D2,RNWSPVKENXX,1,SPVKENXX,2024,4.848945750779605
GLOBAL,S3D2,RNWSPVKENXX,1,SPVKENXX,2025,4.848945750779605
GLOBAL,S3D2,RNWSPVKENXX,1,SPVKENXX,2026,4.848945750779604
GLOBAL,S3D2,RNWSPVKENXX,1,SPVKENXX,2027,4.848945750779605
GLOBAL,S3D2,RNWSPVKENXX,1,SPVKENXX,2028,4.848945750779605
GLOBAL,S3D2,RNWSPVKENXX,1,SPVKENXX,2029,4.848945750779604
GLOBAL,S3D2,RNWSPVKENXX,1,SPVKENXX,2030,4.848945750779605
GLOBAL,S3D2,RNWSPVKENXX,1,SPVKENXX,2031,4.848945750779605
GLOBAL,S3D2,RNWSPVKENXX,1,SPVKENXX,2032,4.848945750779604
GLOBAL,S3D2,RNWSPVKENXX,1,SPVKENXX,2033,4.848945750779604
GLOBAL,S3D2,RNWSPVKENXX,1,SPVKENXX,2034,4.848945750779604
GLOBAL,S3D2,RNWSPVKENXX,1,SPVKENXX,2035,4.848945750779604
GLOBAL,S3D2,RNWSPVKENXX,1,SPVKENXX,2036,4.848945750779604
GLOBAL,S3D2,RNWSPVKENXX,1,SPVKENXX,2037,4.848945750779605
GLOBAL,S3D2,RNWSPVKENXX,1,SPVKENXX,2038,4.848945750779604
GLOBAL,S3D2,RNWSPVKENXX,1,SPVKENXX,2039,4.848945750779605
GLOBAL,S3D2,RNWSPVKENXX,1,SPVKENXX,2040,4.848945750779604
GLOBAL,S3D2,RNWSPVKENXX,1,SPVKENXX,2041,4.848945750779605
GLOBAL,S3D2,RNWSPVKENXX,1,SPVKENXX,2042,4.848945750779604
GLOBAL,S3D2,RNWSPVKENXX,1,SPVKENXX,2043,4.848945750779604
GLOBAL,S3D2,RNWSPVKENXX,1,SPVKENXX,2044,4.848945750779605
GLOBAL,S3D2,RNWWONKENXX,1,WONKENXX,2021,2.5133939712
GLOBAL,S3D2,RNWWONKENXX,1,WONKENXX,2022,2.5133939712
GLOBAL,S3D2,RNWWONKENXX,1,WONKENXX,2023,2.5133939712
GLOBAL,S3D2,RNWWONKENXX,1,WONKENXX,2024,2.318905152
GLOBAL,S3D2,RNWWONKENXX,1,WONKENXX,2025,2.318905152
GLOBAL,S3D2,RNWWONKENXX,1,WONKENXX,2026,2.318905152
GLOBAL,S3D2,RNWWONKENXX,1,WONKENXX,2027,2.318905152
GLOBAL,S3D2,RNWWONKENXX,1,WONKENXX,2028,2.318905152
GLOBAL,S3D2,RNWWONKENXX,1,WONKENXX,2029,2.318905152
GLOBAL,S3D2,RNWWONKENXX,1,WONKENXX,2030,2.318905152
GLOBAL,S3D2,RNWWONKENXX,1,WONKENXX,2031,2.1710999597655616
GLOBAL,S3D2,RNWWONKENXX,1,WONKENXX,2032,2.318905152
GLOBAL,S3D2,RNWWONKENXX,1,WONKENXX,2033,2.318905152
GLOBAL,S3D2,RNWWONKENXX,1,WONKENXX,2034,2.318905152
GLOBAL,S3D2,RNWWONKENXX,1,WONKENXX,2035,2.318905152
GLOBAL,S3D2,RNWWONKENXX,1,WONKENXX,2036,2.318905152
GLOBAL,S3D2,RNWWONKENXX,1,WONKENXX,2037,2.318905152
GLOBAL,S3D2,RNWWONKENXX,1,WONKENXX,2038,2.318905152
GLOBAL,S3D2,RNWWONKENXX,1,WONKENXX,2039,2.318905152
GLOBAL,S3D2,RNWWONKENXX,1,WONKENXX,2040,2.318905152
GLOBAL,S3D2,RNWWONKENXX,1,WONKENXX,2041,2.318905152
GLOBAL,S3D2,RNWWONKENXX,1,WONKENXX,2042,2.318905152
GLOBAL,S3D2,RNWWONKENXX,1,WONKENXX,2043,2.318905152
GLOBAL,S3D2,RNWWONKENXX,1,WONKENXX,2044,2.318905152
GLOBAL,S3D2,RNWWONKENXX,1,WONKENXX,2045,2.318905152
GLOBAL,S3D2,RNWWONKENXX,1,WONKENXX,2046,2.318905152
GLOBAL,S3D2,RNWWONKENXX,1,WONKENXX,2047,2.318905152
GLOBAL,S3D2,TRNKENXXTZAXX,1,ELCTZAXX01,2023,0.5810946941213417
GLOBAL,S3D2,TRNKENXXTZAXX,2,ELCKENXX01,2021,0.5810946941213417
GLOBAL,S3D2,TRNKENXXTZAXX,2,ELCKENXX01,2022,0.5810946941213417
GLOBAL,S3D3,PWRBIOKENXX01,1,ELCKENXX01,2027,2.8382399999999994
GLOBAL,S3D3,PWRBIOKENXX01,1,ELCKENXX01,2028,2.8382399999999994
GLOBAL,S3D3,PWRBIOKENXX01,1,ELCKENXX01,2029,2.8302457396869087
GLOBAL,S3D3,PWRBIOKENXX01,1,ELCKENXX01,2030,2.8382399999999994
GLOBAL,S3D3,PWRBIOKENXX01,1,ELCKENXX01,2031,2.8382399999999994
GLOBAL,S3D3,PWRBIOTZAXX01,1,ELCTZAXX01,2021,3.529138887570853
GLOBAL,S3D3,PWRBIOTZAXX01,1,ELCTZAXX01,2022,3.529138887570853
GLOBAL,S3D3,PWRBIOTZAXX01,1,ELCTZAXX01,2023,3.529138887570853
GLOBAL,S3D3,PWRBIOTZAXX01,1,ELCTZAXX01,2024,3.529138887570853
GLOBAL,S3D3,PWRBIOTZAXX01,1,ELCTZAXX01,2025,3.529138887570853
GLOBAL,S3D3,PWRBIOTZAXX01,1,ELCTZAXX01,2026,3.1257258861793598
GLOBAL,S3D3,PWRBIOTZAXX01,1,ELCTZAXX01,2027,3.0146896738366142
GLOBAL,S3D3,PWRBIOTZAXX01,1,ELCTZAXX01,2028,2.9036534614938057
GLOBAL,S3D3,PWRBIOTZAXX01,1,ELCTZAXX01,2029,3.781528121924501
GLOBAL,S3D3,PWRBIOTZAXX01,1,ELCTZAXX01,2030,4.960283512127456
GLOBAL,S3D3,PWRBIOTZAXX01,1,ELCTZAXX01,2031,5.47442150147131
GLOBAL,S3D3,PWRBIOTZAXX01,1,ELCTZAXX01,2032,5.988559490815037
GLOBAL,S3D3,PWRBIOTZAXX01,1,ELCTZAXX01,2033,8.968128381797017
GLOBAL,S3D3,PWRBIOTZAXX01,1,ELCTZAXX01,2034,7.01683546950249
GLOBAL,S3D3,PWRBIOTZAXX01,1,ELCTZAXX01,2035,7.530973458846087
GLOBAL,S3D3,PWRBIOTZAXX01,1,ELCTZAXX01,2036,8.045111448190195
GLOBAL,S3D3,PWRBIOTZAXX01,1,ELCTZAXX01,2037,8.559249437534179
GLOBAL,S3D3,PWRBIOTZAXX01,1,ELCTZAXX01,2038,9.073387426878288
GLOBAL,S3D3,PWRBIOTZAXX01,1,ELCTZAXX01,2039,9.58752541622112
GLOBAL,S3D3,PWRBIOTZAXX01,1,ELCTZAXX01,2040,10.101663405564848
GLOBAL,S3D3,PWRBIOTZAXX01,1,ELCTZAXX01,2041,10.847790487660324
GLOBAL,S3D3,PWRBIOTZAXX01,1,ELCTZAXX01,2042,11.593917569757844
GLOBAL,S3D3,PWRBIOTZAXX01,1,ELCTZAXX01,2043,12.340044651854088
GLOBAL,S3D3,PWRBIOTZAXX01,1,ELCTZAXX01,2044,13.08617173395033
GLOBAL,S3D3,PWRBIOTZAXX01,1,ELCTZAXX01,2045,13.83229881604683
GLOBAL,S3D3,PWRBIOTZAXX01,1,ELCTZAXX01,2046,14.578425898142818
GLOBAL,S3D3,PWRBIOTZAXX01,1,ELCTZAXX01,2047,22.344617953039585
GLOBAL,S3D3,PWRBIOTZAXX01,1,ELCTZAXX01,2048,23.09074503513634
GLOBAL,S3D3,PWRBIOTZAXX01,1,ELCTZAXX01,2049,23.83687211723258
GLOBAL,S3D3,PWRBIOTZAXX01,1,ELCTZAXX01,2050,17.56293422652881
GLOBAL,S3D3,PWRGEOKENXX01,1,ELCKENXX01,2021,29.67146927519136
GLOBAL,S3D3,PWRGEOKENXX01,1,ELCKENXX01,2022,30.515341960336567
GLOBAL,S3D3,PWRGEOKENXX01,1,ELCKENXX01,2023,30.540854382322767
GLOBAL,S3D3,PWRGEOKENXX01,1,ELCKENXX01,2024,31.67211099703053
GLOBAL,S3D3,PWRGEOKENXX01,1,ELCKENXX01,2025,33.212505970100544
GLOBAL,S3D3,PWRGEOKENXX01,1,ELCKENXX01,2026,98.45846647279352
GLOBAL,S3D3,PWRGEOKENXX01,1,ELCKENXX01,2027,161.32938266668938
GLOBAL,S3D3,PWRGEOKENXX01,1,ELCKENXX01,2028,227.03853886058528
GLOBAL,S3D3,PWRGEOKENXX01,1,ELCKENXX01,2029,307.1843673784743
GLOBAL,S3D3,PWRGEOKENXX01,1,ELCKENXX01,2030,358.4568512483771
GLOBAL,S3D3,PWRGEOKENXX01,1,ELCKENXX01,2031,387.0026322178565
GLOBAL,S3D3,PWRGEOKENXX01,1,ELCKENXX01,2032,418.38665318733587
GLOBAL,S3D3,PWRGEOKENXX01,1,ELCKENXX01,2033,446.93243415681513
GLOBAL,S3D3,PWRGEOKENXX01,1,ELCKENXX01,2034,475.47821512629446
GLOBAL,S3D3,PWRGEOKENXX01,1,ELCKENXX01,2035,504.0239960957738
GLOBAL,S3D3,PWRGEOKENXX01,1,ELCKENXX01,2036,532.5697770652532
GLOBAL,S3D3,PWRGEOKENXX01,1,ELCKENXX01,2037,561.1155580347324
GLOBAL,S3D3,PWRGEOKENXX01,1,ELCKENXX01,2038,589.6613390042119
GLOBAL,S3D3,PWRGEOKENXX01,1,ELCKENXX01,2039,618.2071199736912
GLOBAL,S3D3,PWRGEOKENXX01,1,ELCKENXX01,2040,646.7529009431705
GLOBAL,S3D3,PWRGEOKENXX01,1,ELCKENXX01,2041,689.8408722178564
GLOBAL,S3D3,PWRGEOKENXX01,1,ELCKENXX01,2042,732.9288434925422
GLOBAL,S3D3,PWRGEOKENXX01,1,ELCKENXX01,2043,776.016814767228
GLOBAL,S3D3,PWRGEOKENXX01,1,ELCKENXX01,2044,819.1047860419137
GLOBAL,S3D3,PWRGEOKENXX01,1,ELCKENXX01,2045,867.0417030673793
GLOBAL,S3D3,PWRGEOKENXX01,1,ELCKENXX01,2046,910.129674342065
GLOBAL,S3D3,PWRGEOKENXX01,1,ELCKENXX01,2047,953.2176456167507
GLOBAL,S3D3,PWRGEOKENXX01,1,ELCKENXX01,2048,998.1386468914368
GLOBAL,S3D3,PWRGEOKENXX01,1,ELCKENXX01,2049,1041.2266181661223
GLOBAL,S3D3,PWRGEOKENXX01,1,ELCKENXX01,2050,1084.3145894408085
GLOBAL,S3D3,PWRGEOTZAXX01,1,ELCTZAXX01,2021,24.524206195347727
GLOBAL,S3D3,PWRGEOTZAXX01,1,ELCTZAXX01,2022,27.75580404094917
GLOBAL,S3D3,PWRGEOTZAXX01,1,ELCTZAXX01,2023,31.957672720193617
GLOBAL,S3D3,PWRGEOTZAXX01,1,ELCTZAXX01,2024,62.6788033209577
GLOBAL,S3D3,PWRGEOTZAXX01,1,ELCTZAXX01,2025,67.97862378774404
GLOBAL,S3D3,PWRGEOTZAXX01,1,ELCTZAXX01,2026,144.97090572988958
GLOBAL,S3D3,PWRGEOTZAXX01,1,ELCTZAXX01,2027,246.338674437744
GLOBAL,S3D3,PWRGEOTZAXX01,1,ELCTZAXX01,2028,347.7064431455985
GLOBAL,S3D3,PWRGEOTZAXX01,1,ELCTZAXX01,2029,448.08530098067934
GLOBAL,S3D3,PWRGEOTZAXX01,1,ELCTZAXX01,2030,548.1632780859882
GLOBAL,S3D3,PWRGEOTZAXX01,1,ELCTZAXX01,2031,591.8143106531973
GLOBAL,S3D3,PWRGEOTZAXX01,1,ELCTZAXX01,2032,635.4653432204065
GLOBAL,S3D3,PWRGEOTZAXX01,1,ELCTZAXX01,2033,679.1163757876157
GLOBAL,S3D3,PWRGEOTZAXX01,1,ELCTZAXX01,2034,722.767408354825
GLOBAL,S3D3,PWRGEOTZAXX01,1,ELCTZAXX01,2035,766.4184409220343
GLOBAL,S3D3,PWRGEOTZAXX01,1,ELCTZAXX01,2036,810.0694734892433
GLOBAL,S3D3,PWRGEOTZAXX01,1,ELCTZAXX01,2037,853.7205060564521
GLOBAL,S3D3,PWRGEOTZAXX01,1,ELCTZAXX01,2038,897.3715386236611
GLOBAL,S3D3,PWRGEOTZAXX01,1,ELCTZAXX01,2039,941.0225711908713
GLOBAL,S3D3,PWRGEOTZAXX01,1,ELCTZAXX01,2040,984.6736037580805
GLOBAL,S3D3,PWRGEOTZAXX01,1,ELCTZAXX01,2041,1048.02083394708
GLOBAL,S3D3,PWRGEOTZAXX01,1,ELCTZAXX01,2042,1111.3680641360777
GLOBAL,S3D3,PWRGEOTZAXX01,1,ELCTZAXX01,2043,1174.715294325077
GLOBAL,S3D3,PWRGEOTZAXX01,1,ELCTZAXX01,2044,1238.0625245140754
GLOBAL,S3D3,PWRGEOTZAXX01,1,ELCTZAXX01,2045,1301.4097547030742
GLOBAL,S3D3,PWRGEOTZAXX01,1,ELCTZAXX01,2046,1364.7569848920732
GLOBAL,S3D3,PWRGEOTZAXX01,1,ELCTZAXX01,2047,1428.1042150810715
GLOBAL,S3D3,PWRGEOTZAXX01,1,ELCTZAXX01,2048,1491.45144527007
GLOBAL,S3D3,PWRGEOTZAXX01,1,ELCTZAXX01,2049,1554.798675459069
GLOBAL,S3D3,PWRGEOTZAXX01,1,ELCTZAXX01,2050,1618.145905648068
GLOBAL,S3D3,PWRHYDKENXX01,1,ELCKENXX01,2021,14.42867806368
GLOBAL,S3D3,PWRHYDKENXX01,1,ELCKENXX01,2022,14.42867806368
GLOBAL,S3D3,PWRHYDKENXX01,1,ELCKENXX01,2023,14.42867806368
GLOBAL,S3D3,PWRHYDKENXX01,1,ELCKENXX01,2024,14.42867806368
GLOBAL,S3D3,PWRHYDKENXX01,1,ELCKENXX01,2025,14.42867806368
GLOBAL,S3D3,PWRHYDKENXX01,1,ELCKENXX01,2026,14.42867806368
GLOBAL,S3D3,PWRHYDKENXX01,1,ELCKENXX01,2027,14.42867806368
GLOBAL,S3D3,PWRHYDKENXX01,1,ELCKENXX01,2028,14.42867806368
GLOBAL,S3D3,PWRHYDKENXX01,1,ELCKENXX01,2030,14.42867806368
GLOBAL,S3D3,PWRHYDKENXX01,1,ELCKENXX01,2031,14.42867806368
GLOBAL,S3D3,PWRHYDKENXX01,1,ELCKENXX01,2032,14.42867806368
GLOBAL,S3D3,PWRHYDKENXX01,1,ELCKENXX01,2033,14.42867806368
GLOBAL,S3D3,PWRHYDKENXX01,1,ELCKENXX01,2034,14.42867806368
GLOBAL,S3D3,PWRHYDKENXX01,1,ELCKENXX01,2035,14.42867806368
GLOBAL,S3D3,PWRHYDKENXX01,1,ELCKENXX01,2036,14.42867806368
GLOBAL,S3D3,PWRHYDKENXX01,1,ELCKENXX01,2037,14.42867806368
GLOBAL,S3D3,PWRHYDKENXX01,1,ELCKENXX01,2038,14.42867806368
GLOBAL,S3D3,PWRHYDKENXX01,1,ELCKENXX01,2039,14.42867806368
GLOBAL,S3D3,PWRHYDKENXX01,1,ELCKENXX01,2040,14.42867806368
GLOBAL,S3D3,PWRHYDKENXX01,1,ELCKENXX01,2041,14.42867806368
GLOBAL,S3D3,PWRHYDKENXX01,1,ELCKENXX01,2042,14.42867806368
GLOBAL,S3D3,PWRHYDKENXX01,1,ELCKENXX01,2043,14.42867806368
GLOBAL,S3D3,PWRHYDKENXX01,1,ELCKENXX01,2044,14.42867806368
GLOBAL,S3D3,PWRHYDKENXX01,1,ELCKENXX01,2045,14.42867806368
GLOBAL,S3D3,PWRHYDKENXX01,1,ELCKENXX01,2046,14.42867806368
GLOBAL,S3D3,PWRHYDKENXX01,1,ELCKENXX01,2047,14.42867806368
GLOBAL,S3D3,PWRHYDKENXX01,1,ELCKENXX01,2048,14.42867806368
GLOBAL,S3D3,PWRHYDKENXX01,1,ELCKENXX01,2049,14.42867806368
GLOBAL,S3D3,PWRHYDKENXX01,1,ELCKENXX01,2050,14.42867806368
GLOBAL,S3D3,PWRHYDTZAXX01,1,ELCTZAXX01,2021,7.0200649728
GLOBAL,S3D3,PWRHYDTZAXX01,1,ELCTZAXX01,2022,7.0200649728
GLOBAL,S3D3,PWRHYDTZAXX01,1,ELCTZAXX01,2023,7.0200649728
GLOBAL,S3D3,PWRHYDTZAXX01,1,ELCTZAXX01,2024,7.0200649728
GLOBAL,S3D3,PWRHYDTZAXX01,1,ELCTZAXX01,2025,7.0200649728
GLOBAL,S3D3,PWRHYDTZAXX01,1,ELCTZAXX01,2026,7.0200649728
GLOBAL,S3D3,PWRHYDTZAXX01,1,ELCTZAXX01,2027,7.0200649728
GLOBAL,S3D3,PWRHYDTZAXX01,1,ELCTZAXX01,2028,7.0200649728
GLOBAL,S3D3,PWRHYDTZAXX01,1,ELCTZAXX01,2029,7.0200649728
GLOBAL,S3D3,PWRHYDTZAXX01,1,ELCTZAXX01,2030,7.0200649728
GLOBAL,S3D3,PWRHYDTZAXX01,1,ELCTZAXX01,2031,7.0200649728
GLOBAL,S3D3,PWRHYDTZAXX01,1,ELCTZAXX01,2032,7.0200649728
GLOBAL,S3D3,PWRHYDTZAXX01,1,ELCTZAXX01,2033,4.554634071161757
GLOBAL,S3D3,PWRHYDTZAXX01,1,ELCTZAXX01,2034,7.0200649728
GLOBAL,S3D3,PWRHYDTZAXX01,1,ELCTZAXX01,2035,7.0200649728
GLOBAL,S3D3,PWRHYDTZAXX01,1,ELCTZAXX01,2036,7.0200649728
GLOBAL,S3D3,PWRHYDTZAXX01,1,ELCTZAXX01,2037,7.0200649728
GLOBAL,S3D3,PWRHYDTZAXX01,1,ELCTZAXX01,2038,7.0200649728
GLOBAL,S3D3,PWRHYDTZAXX01,1,ELCTZAXX01,2039,7.0200649728
GLOBAL,S3D3,PWRHYDTZAXX01,1,ELCTZAXX01,2040,7.0200649728
GLOBAL,S3D3,PWRHYDTZAXX01,1,ELCTZAXX01,2041,7.0200649728
GLOBAL,S3D3,PWRHYDTZAXX01,1,ELCTZAXX01,2042,7.0200649728
GLOBAL,S3D3,PWRHYDTZAXX01,1,ELCTZAXX01,2043,7.0200649728
GLOBAL,S3D3,PWRHYDTZAXX01,1,ELCTZAXX01,2044,7.0200649728
GLOBAL,S3D3,PWRHYDTZAXX01,1,ELCTZAXX01,2045,7.0200649728
GLOBAL,S3D3,PWRHYDTZAXX01,1,ELCTZAXX01,2046,7.0200649728
GLOBAL,S3D3,PWRHYDTZAXX01,1,ELCTZAXX01,2050,7.0200649728
GLOBAL,S3D3,PWRSPVKENXX01,1,ELCKENXX01,2021,2.8831569328959814
GLOBAL,S3D3,PWRSPVKENXX01,1,ELCKENXX01,2022,4.193682811485063
GLOBAL,S3D3,PWRSPVKENXX01,1,ELCKENXX01,2023,4.275098837722992
GLOBAL,S3D3,PWRSPVKENXX01,1,ELCKENXX01,2024,4.848945750779605
GLOBAL,S3D3,PWRSPVKENXX01,1,ELCKENXX01,2025,4.848945750779605
GLOBAL,S3D3,PWRSPVKENXX01,1,ELCKENXX01,2026,4.848945750779604
GLOBAL,S3D3,PWRSPVKENXX01,1,ELCKENXX01,2027,4.848945750779605
GLOBAL,S3D3,PWRSPVKENXX01,1,ELCKENXX01,2028,4.848945750779605
GLOBAL,S3D3,PWRSPVKENXX01,1,ELCKENXX01,2029,4.848945750779604
GLOBAL,S3D3,PWRSPVKENXX01,1,ELCKENXX01,2030,4.848945750779605
GLOBAL,S3D3,PWRSPVKENXX01,1,ELCKENXX01,2031,4.848945750779605
GLOBAL,S3D3,PWRSPVKENXX01,1,ELCKENXX01,2032,4.848945750779604
GLOBAL,S3D3,PWRSPVKENXX01,1,ELCKENXX01,2033,4.848945750779604
GLOBAL,S3D3,PWRSPVKENXX01,1,ELCKENXX01,2034,4.848945750779604
GLOBAL,S3D3,PWRSPVKENXX01,1,ELCKENXX01,2035,4.848945750779604
GLOBAL,S3D3,PWRSPVKENXX01,1,ELCKENXX01,2036,4.848945750779604
GLOBAL,S3D3,PWRSPVKENXX01,1,ELCKENXX01,2037,4.848945750779605
GLOBAL,S3D3,PWRSPVKENXX01,1,ELCKENXX01,2038,4.848945750779604
GLOBAL,S3D3,PWRSPVKENXX01,1,ELCKENXX01,2039,4.848945750779605
GLOBAL,S3D3,PWRSPVKENXX01,1,ELCKENXX01,2040,4.848945750779604
GLOBAL,S3D3,PWRSPVKENXX01,1,ELCKENXX01,2041,4.848945750779605
GLOBAL,S3D3,PWRSPVKENXX01,1,ELCKENXX01,2042,4.848945750779604
GLOBAL,S3D3,PWRSPVKENXX01,1,ELCKENXX01,2043,4.848945750779604
GLOBAL,S3D3,PWRSPVKENXX01,1,ELCKENXX01,2044,4.848945750779605
GLOBAL,S3D3,PWRTRNKENXX,1,ELCKENXX02,2021,49.55116696588868
GLOBAL,S3D3,PWRTRNKENXX,1,ELCKENXX02,2022,51.70556552962297
GLOBAL,S3D3,PWRTRNKENXX,1,ELCKENXX02,2023,51.23139928372576
GLOBAL,S3D3,PWRTRNKENXX,1,ELCKENXX02,2024,52.782764811490125
GLOBAL,S3D3,PWRTRNKENXX,1,ELCKENXX02,2025,54.32315978456015
GLOBAL,S3D3,PWRTRNKENXX,1,ELCKENXX02,2026,119.56912028725314
GLOBAL,S3D3,PWRTRNKENXX,1,ELCKENXX02,2027,185.27827648114905
GLOBAL,S3D3,PWRTRNKENXX,1,ELCKENXX02,2028,250.9874326750449
GLOBAL,S3D3,PWRTRNKENXX,1,ELCKENXX02,2029,316.69658886894075
GLOBAL,S3D3,PWRTRNKENXX,1,ELCKENXX02,2030,382.4057450628366
GLOBAL,S3D3,PWRTRNKENXX,1,ELCKENXX02,2031,410.951526032316
GLOBAL,S3D3,PWRTRNKENXX,1,ELCKENXX02,2032,439.49730700179526
GLOBAL,S3D3,PWRTRNKENXX,1,ELCKENXX02,2033,468.0430879712747
GLOBAL,S3D3,PWRTRNKENXX,1,ELCKENXX02,2034,496.588868940754
GLOBAL,S3D3,PWRTRNKENXX,1,ELCKENXX02,2035,525.1346499102334
GLOBAL,S3D3,PWRTRNKENXX,1,ELCKENXX02,2036,553.6804308797127
GLOBAL,S3D3,PWRTRNKENXX,1,ELCKENXX02,2037,582.226211849192
GLOBAL,S3D3,PWRTRNKENXX,1,ELCKENXX02,2038,610.7719928186715
GLOBAL,S3D3,PWRTRNKENXX,1,ELCKENXX02,2039,639.3177737881508
GLOBAL,S3D3,PWRTRNKENXX,1,ELCKENXX02,2040,667.8635547576304
GLOBAL,S3D3,PWRTRNKENXX,1,ELCKENXX02,2041,710.951526032316
GLOBAL,S3D3,PWRTRNKENXX,1,ELCKENXX02,2042,754.0394973070017
GLOBAL,S3D3,PWRTRNKENXX,1,ELCKENXX02,2043,797.1274685816877
GLOBAL,S3D3,PWRTRNKENXX,1,ELCKENXX02,2044,840.2154398563733
GLOBAL,S3D3,PWRTRNKENXX,1,ELCKENXX02,2045,883.3034111310593
GLOBAL,S3D3,PWRTRNKENXX,1,ELCKENXX02,2046,926.391382405745
GLOBAL,S3D3,PWRTRNKENXX,1,ELCKENXX02,2047,969.4793536804307
GLOBAL,S3D3,PWRTRNKENXX,1,ELCKENXX02,2048,1012.5673249551166
GLOBAL,S3D3,PWRTRNKENXX,1,ELCKENXX02,2049,1055.6552962298024
GLOBAL,S3D3,PWRTRNKENXX,1,ELCKENXX02,2050,1098.7432675044884
GLOBAL,S3D3,PWRTRNTZAXX,1,ELCTZAXX02,2021,35.07341005571858
GLOBAL,S3D3,PWRTRNTZAXX,1,ELCTZAXX02,2022,38.305007901320025
GLOBAL,S3D3,PWRTRNTZAXX,1,ELCTZAXX02,2023,43.087971274685806
GLOBAL,S3D3,PWRTRNTZAXX,1,ELCTZAXX02,2024,73.22800718132855
GLOBAL,S3D3,PWRTRNTZAXX,1,ELCTZAXX02,2025,78.5278276481149
GLOBAL,S3D3,PWRTRNTZAXX,1,ELCTZAXX02,2026,155.11669658886896
GLOBAL,S3D3,PWRTRNTZAXX,1,ELCTZAXX02,2027,256.3734290843806
GLOBAL,S3D3,PWRTRNTZAXX,1,ELCTZAXX02,2028,357.6301615798924
GLOBAL,S3D3,PWRTRNTZAXX,1,ELCTZAXX02,2029,458.8868940754039
GLOBAL,S3D3,PWRTRNTZAXX,1,ELCTZAXX02,2030,560.1436265709156
GLOBAL,S3D3,PWRTRNTZAXX,1,ELCTZAXX02,2031,604.3087971274686
GLOBAL,S3D3,PWRTRNTZAXX,1,ELCTZAXX02,2032,648.4739676840215
GLOBAL,S3D3,PWRTRNTZAXX,1,ELCTZAXX02,2033,692.6391382405744
GLOBAL,S3D3,PWRTRNTZAXX,1,ELCTZAXX02,2034,736.8043087971273
GLOBAL,S3D3,PWRTRNTZAXX,1,ELCTZAXX02,2035,780.9694793536803
GLOBAL,S3D3,PWRTRNTZAXX,1,ELCTZAXX02,2036,825.1346499102334
GLOBAL,S3D3,PWRTRNTZAXX,1,ELCTZAXX02,2037,869.2998204667864
GLOBAL,S3D3,PWRTRNTZAXX,1,ELCTZAXX02,2038,913.4649910233394
GLOBAL,S3D3,PWRTRNTZAXX,1,ELCTZAXX02,2039,957.6301615798926
GLOBAL,S3D3,PWRTRNTZAXX,1,ELCTZAXX02,2040,1001.7953321364452
GLOBAL,S3D3,PWRTRNTZAXX,1,ELCTZAXX02,2041,1065.8886894075404
GLOBAL,S3D3,PWRTRNTZAXX,1,ELCTZAXX02,2042,1129.9820466786357
GLOBAL,S3D3,PWRTRNTZAXX,1,ELCTZAXX02,2043,1194.0754039497308
GLOBAL,S3D3,PWRTRNTZAXX,1,ELCTZAXX02,2044,1258.168761220826
GLOBAL,S3D3,PWRTRNTZAXX,1,ELCTZAXX02,2045,1322.2621184919212
GLOBAL,S3D3,PWRTRNTZAXX,1,ELCTZAXX02,2046,1386.355475763016
GLOBAL,S3D3,PWRTRNTZAXX,1,ELCTZAXX02,2047,1450.4488330341114
GLOBAL,S3D3,PWRTRNTZAXX,1,ELCTZAXX02,2048,1514.5421903052063
GLOBAL,S3D3,PWRTRNTZAXX,1,ELCTZAXX02,2049,1578.635547576302
GLOBAL,S3D3,PWRTRNTZAXX,1,ELCTZAXX02,2050,1642.7289048473967
GLOBAL,S3D3,PWRWONKENXX01,1,ELCKENXX01,2021,1.986768
GLOBAL,S3D3,PWRWONKENXX01,1,ELCKENXX01,2022,1.986768
GLOBAL,S3D3,PWRWONKENXX01,1,ELCKENXX01,2023,1.986768
GLOBAL,S3D3,PWRWONKENXX01,1,ELCKENXX01,2024,1.83303
GLOBAL,S3D3,PWRWONKENXX01,1,ELCKENXX01,2025,1.83303
GLOBAL,S3D3,PWRWONKENXX01,1,ELCKENXX01,2026,1.83303
GLOBAL,S3D3,PWRWONKENXX01,1,ELCKENXX01,2027,1.83303
GLOBAL,S3D3,PWRWONKENXX01,1,ELCKENXX01,2028,1.83303
GLOBAL,S3D3,PWRWONKENXX01,1,ELCKENXX01,2029,1.83303
GLOBAL,S3D3,PWRWONKENXX01,1,ELCKENXX01,2030,1.83303
GLOBAL,S3D3,PWRWONKENXX01,1,ELCKENXX01,2031,1.83303
GLOBAL,S3D3,PWRWONKENXX01,1,ELCKENXX01,2032,1.83303
GLOBAL,S3D3,PWRWONKENXX01,1,ELCKENXX01,2033,1.83303
GLOBAL,S3D3,PWRWONKENXX01,1,ELCKENXX01,2034,1.83303
GLOBAL,S3D3,PWRWONKENXX01,1,ELCKENXX01,2035,1.83303
GLOBAL,S3D3,PWRWONKENXX01,1,ELCKENXX01,2036,1.83303
GLOBAL,S3D3,PWRWONKENXX01,1,ELCKENXX01,2037,1.83303
GLOBAL,S3D3,PWRWONKENXX01,1,ELCKENXX01,2038,1.83303
GLOBAL,S3D3,PWRWONKENXX01,1,ELCKENXX01,2039,1.83303
GLOBAL,S3D3,PWRWONKENXX01,1,ELCKENXX01,2040,1.83303
GLOBAL,S3D3,PWRWONKENXX01,1,ELCKENXX01,2041,1.83303
GLOBAL,S3D3,PWRWONKENXX01,1,ELCKENXX01,2042,1.83303
GLOBAL,S3D3,PWRWONKENXX01,1,ELCKENXX01,2043,1.83303
GLOBAL,S3D3,PWRWONKENXX01,1,ELCKENXX01,2044,1.83303
GLOBAL,S3D3,PWRWONKENXX01,1,ELCKENXX01,2045,1.83303
GLOBAL,S3D3,PWRWONKENXX01,1,ELCKENXX01,2046,1.83303
GLOBAL,S3D3,PWRWONKENXX01,1,ELCKENXX01,2047,1.83303
GLOBAL,S3D3,RNWBIOKENXX,1,BIOKENXX,2027,8.9688384
GLOBAL,S3D3,RNWBIOKENXX,1,BIOKENXX,2028,8.9688384
GLOBAL,S3D3,RNWBIOKENXX,1,BIOKENXX,2029,8.943576537410634
GLOBAL,S3D3,RNWBIOKENXX,1,BIOKENXX,2030,8.9688384
GLOBAL,S3D3,RNWBIOKENXX,1,BIOKENXX,2031,8.9688384
GLOBAL,S3D3,RNWBIOTZAXX,1,BIOTZAXX,2021,11.75203249561094
GLOBAL,S3D3,RNWBIOTZAXX,1,BIOTZAXX,2022,11.75203249561094
GLOBAL,S3D3,RNWBIOTZAXX,1,BIOTZAXX,2023,11.75203249561094
GLOBAL,S3D3,RNWBIOTZAXX,1,BIOTZAXX,2024,11.75203249561094
GLOBAL,S3D3,RNWBIOTZAXX,1,BIOTZAXX,2025,11.75203249561094
GLOBAL,S3D3,RNWBIOTZAXX,1,BIOTZAXX,2026,10.408667200977266
GLOBAL,S3D3,RNWBIOTZAXX,1,BIOTZAXX,2027,10.038916613875925
GLOBAL,S3D3,RNWBIOTZAXX,1,BIOTZAXX,2028,9.669166026774372
GLOBAL,S3D3,RNWBIOTZAXX,1,BIOTZAXX,2029,12.592488646008588
GLOBAL,S3D3,RNWBIOTZAXX,1,BIOTZAXX,2030,16.51774409538443
GLOBAL,S3D3,RNWBIOTZAXX,1,BIOTZAXX,2031,18.22982359989946
GLOBAL,S3D3,RNWBIOTZAXX,1,BIOTZAXX,2032,19.941903104414077
GLOBAL,S3D3,RNWBIOTZAXX,1,BIOTZAXX,2033,29.86386751138407
GLOBAL,S3D3,RNWBIOTZAXX,1,BIOTZAXX,2034,23.366062113443288
GLOBAL,S3D3,RNWBIOTZAXX,1,BIOTZAXX,2035,25.078141617957478
GLOBAL,S3D3,RNWBIOTZAXX,1,BIOTZAXX,2036,26.79022112247336
GLOBAL,S3D3,RNWBIOTZAXX,1,BIOTZAXX,2037,28.502300626988816
GLOBAL,S3D3,RNWBIOTZAXX,1,BIOTZAXX,2038,30.2143801315047
GLOBAL,S3D3,RNWBIOTZAXX,1,BIOTZAXX,2039,31.926459636016336
GLOBAL,S3D3,RNWBIOTZAXX,1,BIOTZAXX,2040,33.638539140530945
GLOBAL,S3D3,RNWBIOTZAXX,1,BIOTZAXX,2041,36.12314232390888
GLOBAL,S3D3,RNWBIOTZAXX,1,BIOTZAXX,2042,38.607745507293615
GLOBAL,S3D3,RNWBIOTZAXX,1,BIOTZAXX,2043,41.09234869067412
GLOBAL,S3D3,RNWBIOTZAXX,1,BIOTZAXX,2044,43.5769518740546
GLOBAL,S3D3,RNWBIOTZAXX,1,BIOTZAXX,2045,46.061555057435946
GLOBAL,S3D3,RNWBIOTZAXX,1,BIOTZAXX,2046,48.54615824081559
GLOBAL,S3D3,RNWBIOTZAXX,1,BIOTZAXX,2047,74.40757778362182
GLOBAL,S3D3,RNWBIOTZAXX,1,BIOTZAXX,2048,76.89218096700401
GLOBAL,S3D3,RNWBIOTZAXX,1,BIOTZAXX,2049,79.3767841503845
GLOBAL,S3D3,RNWBIOTZAXX,1,BIOTZAXX,2050,58.48457097434095
GLOBAL,S3D3,RNWGEOKENXX,1,GEOKENXX,2021,29.67146927519136
GLOBAL,S3D3,RNWGEOKENXX,1,GEOKENXX,2022,30.515341960336567
GLOBAL,S3D3,RNWGEOKENXX,1,GEOKENXX,2023,30.540854382322767
GLOBAL,S3D3,RNWGEOKENXX,1,GEOKENXX,2024,31.67211099703053
GLOBAL,S3D3,RNWGEOKENXX,1,GEOKENXX,2025,33.212505970100544
GLOBAL,S3D3,RNWGEOKENXX,1,GEOKENXX,2026,98.45846647279352
GLOBAL,S3D3,RNWGEOKENXX,1,GEOKENXX,2027,161.32938266668938
GLOBAL,S3D3,RNWGEOKENXX,1,GEOKENXX,2028,227.03853886058528
GLOBAL,S3D3,RNWGEOKENXX,1,GEOKENXX,2029,307.1843673784743
GLOBAL,S3D3,RNWGEOKENXX,1,GEOKENXX,2030,358.4568512483771
GLOBAL,S3D3,RNWGEOKENXX,1,GEOKENXX,2031,387.0026322178565
GLOBAL,S3D3,RNWGEOKENXX,1,GEOKENXX,2032,418.38665318733587
GLOBAL,S3D3,RNWGEOKENXX,1,GEOKENXX,2033,446.93243415681513
GLOBAL,S3D3,RNWGEOKENXX,1,GEOKENXX,2034,475.47821512629446
GLOBAL,S3D3,RNWGEOKENXX,1,GEOKENXX,2035,504.0239960957738
GLOBAL,S3D3,RNWGEOKENXX,1,GEOKENXX,2036,532.5697770652532
GLOBAL,S3D3,RNWGEOKENXX,1,GEOKENXX,2037,561.1155580347324
GLOBAL,S3D3,RNWGEOKENXX,1,GEOKENXX,2038,589.6613390042119
GLOBAL,S3D3,RNWGEOKENXX,1,GEOKENXX,2039,618.2071199736912
GLOBAL,S3D3,RNWGEOKENXX,1,GEOKENXX,2040,646.7529009431705
GLOBAL,S3D3,RNWGEOKENXX,1,GEOKENXX,2041,689.8408722178564
GLOBAL,S3D3,RNWGEOKENXX,1,GEOKENXX,2042,732.9288434925422
GLOBAL,S3D3,RNWGEOKENXX,1,GEOKENXX,2043,776.016814767228
GLOBAL,S3D3,RNWGEOKENXX,1,GEOKENXX,2044,819.1047860419137
GLOBAL,S3D3,RNWGEOKENXX,1,GEOKENXX,2045,867.0417030673793
GLOBAL,S3D3,RNWGEOKENXX,1,GEOKENXX,2046,910.129674342065
GLOBAL,S3D3,RNWGEOKENXX,1,GEOKENXX,2047,953.2176456167507
GLOBAL,S3D3,RNWGEOKENXX,1,GEOKENXX,2048,998.1386468914368
GLOBAL,S3D3,RNWGEOKENXX,1,GEOKENXX,2049,1041.2266181661223
GLOBAL,S3D3,RNWGEOKENXX,1,GEOKENXX,2050,1084.3145894408085
GLOBAL,S3D3,RNWGEOTZAXX,1,GEOTZAXX,2021,24.524206195347727
GLOBAL,S3D3,RNWGEOTZAXX,1,GEOTZAXX,2022,27.75580404094917
GLOBAL,S3D3,RNWGEOTZAXX,1,GEOTZAXX,2023,31.957672720193617
GLOBAL,S3D3,RNWGEOTZAXX,1,GEOTZAXX,2024,62.6788033209577
GLOBAL,S3D3,RNWGEOTZAXX,1,GEOTZAXX,2025,67.97862378774404
GLOBAL,S3D3,RNWGEOTZAXX,1,GEOTZAXX,2026,144.97090572988958
GLOBAL,S3D3,RNWGEOTZAXX,1,GEOTZAXX,2027,246.338674437744
GLOBAL,S3D3,RNWGEOTZAXX,1,GEOTZAXX,2028,347.7064431455985
GLOBAL,S3D3,RNWGEOTZAXX,1,GEOTZAXX,2029,448.08530098067934
GLOBAL,S3D3,RNWGEOTZAXX,1,GEOTZAXX,2030,548.1632780859882
GLOBAL,S3D3,RNWGEOTZAXX,1,GEOTZAXX,2031,591.8143106531973
GLOBAL,S3D3,RNWGEOTZAXX,1,GEOTZAXX,2032,635.4653432204065
GLOBAL,S3D3,RNWGEOTZAXX,1,GEOTZAXX,2033,679.1163757876158
GLOBAL,S3D3,RNWGEOTZAXX,1,GEOTZAXX,2034,722.767408354825
GLOBAL,S3D3,RNWGEOTZAXX,1,GEOTZAXX,2035,766.4184409220343
GLOBAL,S3D3,RNWGEOTZAXX,1,GEOTZAXX,2036,810.0694734892433
GLOBAL,S3D3,RNWGEOTZAXX,1,GEOTZAXX,2037,853.7205060564521
GLOBAL,S3D3,RNWGEOTZAXX,1,GEOTZAXX,2038,897.3715386236614
GLOBAL,S3D3,RNWGEOTZAXX,1,GEOTZAXX,2039,941.0225711908713
GLOBAL,S3D3,RNWGEOTZAXX,1,GEOTZAXX,2040,984.6736037580805
GLOBAL,S3D3,RNWGEOTZAXX,1,GEOTZAXX,2041,1048.0208339470794
GLOBAL,S3D3,RNWGEOTZAXX,1,GEOTZAXX,2042,1111.3680641360777
GLOBAL,S3D3,RNWGEOTZAXX,1,GEOTZAXX,2043,1174.715294325077
GLOBAL,S3D3,RNWGEOTZAXX,1,GEOTZAXX,2044,1238.0625245140754
GLOBAL,S3D3,RNWGEOTZAXX,1,GEOTZAXX,2045,1301.4097547030742
GLOBAL,S3D3,RNWGEOTZAXX,1,GEOTZAXX,2046,1364.7569848920732
GLOBAL,S3D3,RNWGEOTZAXX,1,GEOTZAXX,2047,1428.1042150810715
GLOBAL,S3D3,RNWGEOTZAXX,1,GEOTZAXX,2048,1491.45144527007
GLOBAL,S3D3,RNWGEOTZAXX,1,GEOTZAXX,2049,1554.7986754590693
GLOBAL,S3D3,RNWGEOTZAXX,1,GEOTZAXX,2050,1618.145905648068
GLOBAL,S3D3,RNWHYDKENXX,1,HYDKENXX,2021,14.42867806368
GLOBAL,S3D3,RNWHYDKENXX,1,HYDKENXX,2022,14.42867806368
GLOBAL,S3D3,RNWHYDKENXX,1,HYDKENXX,2023,14.42867806368
GLOBAL,S3D3,RNWHYDKENXX,1,HYDKENXX,2024,14.42867806368
GLOBAL,S3D3,RNWHYDKENXX,1,HYDKENXX,2025,14.42867806368
GLOBAL,S3D3,RNWHYDKENXX,1,HYDKENXX,2026,14.42867806368
GLOBAL,S3D3,RNWHYDKENXX,1,HYDKENXX,2027,14.42867806368
GLOBAL,S3D3,RNWHYDKENXX,1,HYDKENXX,2028,14.42867806368
GLOBAL,S3D3,RNWHYDKENXX,1,HYDKENXX,2030,14.42867806368
GLOBAL,S3D3,RNWHYDKENXX,1,HYDKENXX,2031,14.42867806368
GLOBAL,S3D3,RNWHYDKENXX,1,HYDKENXX,2032,14.42867806368
GLOBAL,S3D3,RNWHYDKENXX,1,HYDKENXX,2033,14.42867806368
GLOBAL,S3D3,RNWHYDKENXX,1,HYDKENXX,2034,14.42867806368
GLOBAL,S3D3,RNWHYDKENXX,1,HYDKENXX,2035,14.42867806368
GLOBAL,S3D3,RNWHYDKENXX,1,HYDKENXX,2036,14.42867806368
GLOBAL,S3D3,RNWHYDKENXX,1,HYDKENXX,2037,14.42867806368
GLOBAL,S3D3,RNWHYDKENXX,1,HYDKENXX,2038,14.42867806368
GLOBAL,S3D3,RNWHYDKENXX,1,HYDKENXX,2039,14.42867806368
GLOBAL,S3D3,RNWHYDKENXX,1,HYDKENXX,2040,14.42867806368
GLOBAL,S3D3,RNWHYDKENXX,1,HYDKENXX,2041,14.42867806368
GLOBAL,S3D3,RNWHYDKENXX,1,HYDKENXX,2042,14.42867806368
GLOBAL,S3D3,RNWHYDKENXX,1,HYDKENXX,2043,14.42867806368
GLOBAL,S3D3,RNWHYDKENXX,1,HYDKENXX,2044,14.42867806368
GLOBAL,S3D3,RNWHYDKENXX,1,HYDKENXX,2045,14.42867806368
GLOBAL,S3D3,RNWHYDKENXX,1,HYDKENXX,2046,14.42867806368
GLOBAL,S3D3,RNWHYDKENXX,1,HYDKENXX,2047,14.42867806368
GLOBAL,S3D3,RNWHYDKENXX,1,HYDKENXX,2048,14.42867806368
GLOBAL,S3D3,RNWHYDKENXX,1,HYDKENXX,2049,14.42867806368
GLOBAL,S3D3,RNWHYDKENXX,1,HYDKENXX,2050,14.42867806368
GLOBAL,S3D3,RNWHYDTZAXX,1,HYDTZAXX,2021,7.0200649728
GLOBAL,S3D3,RNWHYDTZAXX,1,HYDTZAXX,2022,7.0200649728
GLOBAL,S3D3,RNWHYDTZAXX,1,HYDTZAXX,2023,7.0200649728
GLOBAL,S3D3,RNWHYDTZAXX,1,HYDTZAXX,2024,7.0200649728
GLOBAL,S3D3,RNWHYDTZAXX,1,HYDTZAXX,2025,7.0200649728
GLOBAL,S3D3,RNWHYDTZAXX,1,HYDTZAXX,2026,7.0200649728
GLOBAL,S3D3,RNWHYDTZAXX,1,HYDTZAXX,2027,7.0200649728
GLOBAL,S3D3,RNWHYDTZAXX,1,HYDTZAXX,2028,7.0200649728
GLOBAL,S3D3,RNWHYDTZAXX,1,HYDTZAXX,2029,7.0200649728
GLOBAL,S3D3,RNWHYDTZAXX,1,HYDTZAXX,2030,7.0200649728
GLOBAL,S3D3,RNWHYDTZAXX,1,HYDTZAXX,2031,7.0200649728
GLOBAL,S3D3,RNWHYDTZAXX,1,HYDTZAXX,2032,7.0200649728
GLOBAL,S3D3,RNWHYDTZAXX,1,HYDTZAXX,2033,4.554634071161757
GLOBAL,S3D3,RNWHYDTZAXX,1,HYDTZAXX,2034,7.0200649728
GLOBAL,S3D3,RNWHYDTZAXX,1,HYDTZAXX,2035,7.0200649728
GLOBAL,S3D3,RNWHYDTZAXX,1,HYDTZAXX,2036,7.0200649728
GLOBAL,S3D3,RNWHYDTZAXX,1,HYDTZAXX,2037,7.0200649728
GLOBAL,S3D3,RNWHYDTZAXX,1,HYDTZAXX,2038,7.0200649728
GLOBAL,S3D3,RNWHYDTZAXX,1,HYDTZAXX,2039,7.0200649728
GLOBAL,S3D3,RNWHYDTZAXX,1,HYDTZAXX,2040,7.0200649728
GLOBAL,S3D3,RNWHYDTZAXX,1,HYDTZAXX,2041,7.0200649728
GLOBAL,S3D3,RNWHYDTZAXX,1,HYDTZAXX,2042,7.0200649728
GLOBAL,S3D3,RNWHYDTZAXX,1,HYDTZAXX,2043,7.0200649728
GLOBAL,S3D3,RNWHYDTZAXX,1,HYDTZAXX,2044,7.0200649728
GLOBAL,S3D3,RNWHYDTZAXX,1,HYDTZAXX,2045,7.0200649728
GLOBAL,S3D3,RNWHYDTZAXX,1,HYDTZAXX,2046,7.0200649728
GLOBAL,S3D3,RNWHYDTZAXX,1,HYDTZAXX,2050,7.0200649728
GLOBAL,S3D3,RNWSPVKENXX,1,SPVKENXX,2021,2.8831569328959814
GLOBAL,S3D3,RNWSPVKENXX,1,SPVKENXX,2022,4.193682811485063
GLOBAL,S3D3,RNWSPVKENXX,1,SPVKENXX,2023,4.275098837722992
GLOBAL,S3D3,RNWSPVKENXX,1,SPVKENXX,2024,4.848945750779605
GLOBAL,S3D3,RNWSPVKENXX,1,SPVKENXX,2025,4.848945750779605
GLOBAL,S3D3,RNWSPVKENXX,1,SPVKENXX,2026,4.848945750779604
GLOBAL,S3D3,RNWSPVKENXX,1,SPVKENXX,2027,4.848945750779605
GLOBAL,S3D3,RNWSPVKENXX,1,SPVKENXX,2028,4.848945750779605
GLOBAL,S3D3,RNWSPVKENXX,1,SPVKENXX,2029,4.848945750779604
GLOBAL,S3D3,RNWSPVKENXX,1,SPVKENXX,2030,4.848945750779605
GLOBAL,S3D3,RNWSPVKENXX,1,SPVKENXX,2031,4.848945750779605
GLOBAL,S3D3,RNWSPVKENXX,1,SPVKENXX,2032,4.848945750779604
GLOBAL,S3D3,RNWSPVKENXX,1,SPVKENXX,2033,4.848945750779604
GLOBAL,S3D3,RNWSPVKENXX,1,SPVKENXX,2034,4.848945750779604
GLOBAL,S3D3,RNWSPVKENXX,1,SPVKENXX,2035,4.848945750779604
GLOBAL,S3D3,RNWSPVKENXX,1,SPVKENXX,2036,4.848945750779604
GLOBAL,S3D3,RNWSPVKENXX,1,SPVKENXX,2037,4.848945750779605
GLOBAL,S3D3,RNWSPVKENXX,1,SPVKENXX,2038,4.848945750779604
GLOBAL,S3D3,RNWSPVKENXX,1,SPVKENXX,2039,4.848945750779605
GLOBAL,S3D3,RNWSPVKENXX,1,SPVKENXX,2040,4.848945750779604
GLOBAL,S3D3,RNWSPVKENXX,1,SPVKENXX,2041,4.848945750779605
GLOBAL,S3D3,RNWSPVKENXX,1,SPVKENXX,2042,4.848945750779604
GLOBAL,S3D3,RNWSPVKENXX,1,SPVKENXX,2043,4.848945750779604
GLOBAL,S3D3,RNWSPVKENXX,1,SPVKENXX,2044,4.848945750779605
GLOBAL,S3D3,RNWWONKENXX,1,WONKENXX,2021,1.986768
GLOBAL,S3D3,RNWWONKENXX,1,WONKENXX,2022,1.986768
GLOBAL,S3D3,RNWWONKENXX,1,WONKENXX,2023,1.986768
GLOBAL,S3D3,RNWWONKENXX,1,WONKENXX,2024,1.83303
GLOBAL,S3D3,RNWWONKENXX,1,WONKENXX,2025,1.83303
GLOBAL,S3D3,RNWWONKENXX,1,WONKENXX,2026,1.83303
GLOBAL,S3D3,RNWWONKENXX,1,WONKENXX,2027,1.83303
GLOBAL,S3D3,RNWWONKENXX,1,WONKENXX,2028,1.83303
GLOBAL,S3D3,RNWWONKENXX,1,WONKENXX,2029,1.83303
GLOBAL,S3D3,RNWWONKENXX,1,WONKENXX,2030,1.83303
GLOBAL,S3D3,RNWWONKENXX,1,WONKENXX,2031,1.83303
GLOBAL,S3D3,RNWWONKENXX,1,WONKENXX,2032,1.83303
GLOBAL,S3D3,RNWWONKENXX,1,WONKENXX,2033,1.83303
GLOBAL,S3D3,RNWWONKENXX,1,WONKENXX,2034,1.83303
GLOBAL,S3D3,RNWWONKENXX,1,WONKENXX,2035,1.83303
GLOBAL,S3D3,RNWWONKENXX,1,WONKENXX,2036,1.83303
GLOBAL,S3D3,RNWWONKENXX,1,WONKENXX,2037,1.83303
GLOBAL,S3D3,RNWWONKENXX,1,WONKENXX,2038,1.83303
GLOBAL,S3D3,RNWWONKENXX,1,WONKENXX,2039,1.83303
GLOBAL,S3D3,RNWWONKENXX,1,WONKENXX,2040,1.83303
GLOBAL,S3D3,RNWWONKENXX,1,WONKENXX,2041,1.83303
GLOBAL,S3D3,RNWWONKENXX,1,WONKENXX,2042,1.83303
GLOBAL,S3D3,RNWWONKENXX,1,WONKENXX,2043,1.83303
GLOBAL,S3D3,RNWWONKENXX,1,WONKENXX,2044,1.83303
GLOBAL,S3D3,RNWWONKENXX,1,WONKENXX,2045,1.83303
GLOBAL,S3D3,RNWWONKENXX,1,WONKENXX,2046,1.83303
GLOBAL,S3D3,RNWWONKENXX,1,WONKENXX,2047,1.83303
GLOBAL,S3D3,TRNKENXXTZAXX,1,ELCTZAXX01,2023,0.5810946941213417
GLOBAL,S3D3,TRNKENXXTZAXX,2,ELCKENXX01,2021,0.5810946941213417
GLOBAL,S3D3,TRNKENXXTZAXX,2,ELCKENXX01,2022,0.5810946941213417
GLOBAL,S3D4,MINGASINT,1,GASINT,2021,13.780499553815725
GLOBAL,S3D4,MINGASINT,1,GASINT,2022,15.08763080713284
GLOBAL,S3D4,MINGASINT,1,GASINT,2023,20.6626770014044
GLOBAL,S3D4,MINGASINT,1,GASINT,2024,41.738056602891675
GLOBAL,S3D4,MINGASINT,1,GASINT,2025,44.43765652212046
GLOBAL,S3D4,MINGASINT,1,GASINT,2026,103.14281376992058
GLOBAL,S3D4,MINGASINT,1,GASINT,2027,168.08174052852715
GLOBAL,S3D4,MINGASINT,1,GASINT,2028,227.9366630759407
GLOBAL,S3D4,MINGASINT,1,GASINT,2029,285.41177532573573
GLOBAL,S3D4,MINGASINT,1,GASINT,2030,342.16281923046466
GLOBAL,S3D4,MINGASINT,1,GASINT,2031,366.870024200408
GLOBAL,S3D4,MINGASINT,1,GASINT,2032,396.0056729991948
GLOBAL,S3D4,MINGASINT,1,GASINT,2033,420.7128779691395
GLOBAL,S3D4,MINGASINT,1,GASINT,2034,445.4200829390827
GLOBAL,S3D4,MINGASINT,1,GASINT,2035,470.1272879090262
GLOBAL,S3D4,MINGASINT,1,GASINT,2036,494.8344928789699
GLOBAL,S3D4,MINGASINT,1,GASINT,2037,519.5416978489137
GLOBAL,S3D4,MINGASINT,1,GASINT,2038,544.248902818857
GLOBAL,S3D4,MINGASINT,1,GASINT,2039,568.9561077888008
GLOBAL,S3D4,MINGASINT,1,GASINT,2040,593.6633127587443
GLOBAL,S3D4,MINGASINT,1,GASINT,2041,630.1846405983888
GLOBAL,S3D4,MINGASINT,1,GASINT,2042,666.7059684380333
GLOBAL,S3D4,MINGASINT,1,GASINT,2043,703.2272962776765
GLOBAL,S3D4,MINGASINT,1,GASINT,2044,740.1328630086244
GLOBAL,S3D4,MINGASINT,1,GASINT,2045,775.6028534230105
GLOBAL,S3D4,MINGASINT,1,GASINT,2046,813.951729809017
GLOBAL,S3D4,MINGASINT,1,GASINT,2047,852.3006061950224
GLOBAL,S3D4,MINGASINT,1,GASINT,2048,891.9436443202678
GLOBAL,S3D4,MINGASINT,1,GASINT,2049,930.292520706273
GLOBAL,S3D4,MINGASINT,1,GASINT,2050,968.6413970922805
GLOBAL,S3D4,MINOILINT,1,OILINT,2021,10.72903311660329
GLOBAL,S3D4,MINOILINT,1,OILINT,2022,12.639730284167197
GLOBAL,S3D4,MINOILINT,1,OILINT,2023,8.79445692584477
GLOBAL,S3D4,PWRBIOKENXX01,1,ELCKENXX01,2021,2.83824
GLOBAL,S3D4,PWRBIOKENXX01,1,ELCKENXX01,2022,2.83824
GLOBAL,S3D4,PWRBIOKENXX01,1,ELCKENXX01,2023,2.83824
GLOBAL,S3D4,PWRBIOKENXX01,1,ELCKENXX01,2024,2.83824
GLOBAL,S3D4,PWRBIOKENXX01,1,ELCKENXX01,2025,2.83824
GLOBAL,S3D4,PWRBIOKENXX01,1,ELCKENXX01,2026,2.83824
GLOBAL,S3D4,PWRBIOKENXX01,1,ELCKENXX01,2027,2.83824
GLOBAL,S3D4,PWRBIOKENXX01,1,ELCKENXX01,2028,2.83824
GLOBAL,S3D4,PWRBIOKENXX01,1,ELCKENXX01,2029,2.83824
GLOBAL,S3D4,PWRBIOKENXX01,1,ELCKENXX01,2030,2.83824
GLOBAL,S3D4,PWRBIOKENXX01,1,ELCKENXX01,2031,2.83824
GLOBAL,S3D4,PWRBIOTZAXX01,1,ELCTZAXX01,2021,3.529138887570853
GLOBAL,S3D4,PWRBIOTZAXX01,1,ELCTZAXX01,2022,3.529138887570853
GLOBAL,S3D4,PWRBIOTZAXX01,1,ELCTZAXX01,2023,3.529138887570853
GLOBAL,S3D4,PWRBIOTZAXX01,1,ELCTZAXX01,2024,3.529138887570853
GLOBAL,S3D4,PWRBIOTZAXX01,1,ELCTZAXX01,2025,3.529138887570853
GLOBAL,S3D4,PWRBIOTZAXX01,1,ELCTZAXX01,2026,3.529138887570853
GLOBAL,S3D4,PWRBIOTZAXX01,1,ELCTZAXX01,2027,3.529138887570853
GLOBAL,S3D4,PWRBIOTZAXX01,1,ELCTZAXX01,2028,3.529138887570853
GLOBAL,S3D4,PWRBIOTZAXX01,1,ELCTZAXX01,2029,5.707954909154177
GLOBAL,S3D4,PWRBIOTZAXX01,1,ELCTZAXX01,2030,8.549685833042373
GLOBAL,S3D4,PWRBIOTZAXX01,1,ELCTZAXX01,2031,9.78916421473845
GLOBAL,S3D4,PWRBIOTZAXX01,1,ELCTZAXX01,2032,11.02864259643464
GLOBAL,S3D4,PWRBIOTZAXX01,1,ELCTZAXX01,2033,12.268120978130067
GLOBAL,S3D4,PWRBIOTZAXX01,1,ELCTZAXX01,2034,13.50759935982636
GLOBAL,S3D4,PWRBIOTZAXX01,1,ELCTZAXX01,2035,14.747077741521965
GLOBAL,S3D4,PWRBIOTZAXX01,1,ELCTZAXX01,2036,15.986556123218216
GLOBAL,S3D4,PWRBIOTZAXX01,1,ELCTZAXX01,2037,17.226034504914242
GLOBAL,S3D4,PWRBIOTZAXX01,1,ELCTZAXX01,2038,18.465512886610068
GLOBAL,S3D4,PWRBIOTZAXX01,1,ELCTZAXX01,2039,19.704991268305758
GLOBAL,S3D4,PWRBIOTZAXX01,1,ELCTZAXX01,2040,20.944469650001377
GLOBAL,S3D4,PWRBIOTZAXX01,1,ELCTZAXX01,2041,22.74322486246223
GLOBAL,S3D4,PWRBIOTZAXX01,1,ELCTZAXX01,2042,24.541980074923664
GLOBAL,S3D4,PWRBIOTZAXX01,1,ELCTZAXX01,2043,26.34073528738437
GLOBAL,S3D4,PWRBIOTZAXX01,1,ELCTZAXX01,2044,28.139490499845415
GLOBAL,S3D4,PWRBIOTZAXX01,1,ELCTZAXX01,2045,29.938245712306927
GLOBAL,S3D4,PWRBIOTZAXX01,1,ELCTZAXX01,2046,31.73700092476781
GLOBAL,S3D4,PWRBIOTZAXX01,1,ELCTZAXX01,2047,33.535756137229484
GLOBAL,S3D4,PWRBIOTZAXX01,1,ELCTZAXX01,2048,35.33451134969047
GLOBAL,S3D4,PWRBIOTZAXX01,1,ELCTZAXX01,2049,37.13326656215163
GLOBAL,S3D4,PWRBIOTZAXX01,1,ELCTZAXX01,2050,38.93202177461247
GLOBAL,S3D4,PWRCCGTZAXX00,2,ELCTZAXX01,2021,5.579149616929443
GLOBAL,S3D4,PWRCCGTZAXX00,2,ELCTZAXX01,2022,6.108352553495076
GLOBAL,S3D4,PWRCCGTZAXX00,2,ELCTZAXX01,2023,8.365456275872226
GLOBAL,S3D4,PWRCCGTZAXX00,2,ELCTZAXX01,2024,16.897998624652498
GLOBAL,S3D4,PWRCCGTZAXX00,2,ELCTZAXX01,2025,17.990954057538648
GLOBAL,S3D4,PWRCCGTZAXX00,2,ELCTZAXX01,2026,25.449369763419988
GLOBAL,S3D4,PWRCCGTZAXX00,2,ELCTZAXX01,2027,36.2664
GLOBAL,S3D4,PWRCCGTZAXX00,2,ELCTZAXX01,2028,36.2664
GLOBAL,S3D4,PWRCCGTZAXX00,2,ELCTZAXX01,2029,36.2664
GLOBAL,S3D4,PWRCCGTZAXX00,2,ELCTZAXX01,2030,36.2664
GLOBAL,S3D4,PWRCCGTZAXX00,2,ELCTZAXX01,2031,36.2664
GLOBAL,S3D4,PWRCCGTZAXX00,2,ELCTZAXX01,2032,36.2664
GLOBAL,S3D4,PWRCCGTZAXX00,2,ELCTZAXX01,2033,36.2664
GLOBAL,S3D4,PWRCCGTZAXX00,2,ELCTZAXX01,2034,36.2664
GLOBAL,S3D4,PWRCCGTZAXX00,2,ELCTZAXX01,2035,36.2664
GLOBAL,S3D4,PWRCCGTZAXX00,2,ELCTZAXX01,2036,36.2664
GLOBAL,S3D4,PWRCCGTZAXX00,2,ELCTZAXX01,2037,36.2664
GLOBAL,S3D4,PWRCCGTZAXX00,2,ELCTZAXX01,2038,36.2664
GLOBAL,S3D4,PWRCCGTZAXX00,2,ELCTZAXX01,2039,36.2664
GLOBAL,S3D4,PWRCCGTZAXX00,2,ELCTZAXX01,2040,36.2664
GLOBAL,S3D4,PWRCCGTZAXX00,2,ELCTZAXX01,2041,36.2664
GLOBAL,S3D4,PWRCCGTZAXX00,2,ELCTZAXX01,2042,36.2664
GLOBAL,S3D4,PWRCCGTZAXX00,2,ELCTZAXX01,2043,36.2664
GLOBAL,S3D4,PWRCCGTZAXX00,2,ELCTZAXX01,2044,36.2664
GLOBAL,S3D4,PWRCCGTZAXX00,2,ELCTZAXX01,2045,36.2664
GLOBAL,S3D4,PWRCCGTZAXX00,2,ELCTZAXX01,2046,36.2664
GLOBAL,S3D4,PWRCCGTZAXX00,2,ELCTZAXX01,2047,36.2664
GLOBAL,S3D4,PWRCCGTZAXX00,2,ELCTZAXX01,2048,36.2664
GLOBAL,S3D4,PWRCCGTZAXX00,2,ELCTZAXX01,2049,36.2664
GLOBAL,S3D4,PWRCCGTZAXX00,2,ELCTZAXX01,2050,36.2664
GLOBAL,S3D4,PWRCCGTZAXX01,2,ELCTZAXX01,2027,5.948055633662541
GLOBAL,S3D4,PWRCCGTZAXX01,2,ELCTZAXX01,2028,22.713141503904936
GLOBAL,S3D4,PWRCCGTZAXX01,2,ELCTZAXX01,2029,38.288322225337694
GLOBAL,S3D4,PWRCCGTZAXX01,2,ELCTZAXX01,2030,53.50146877423772
GLOBAL,S3D4,PWRCCGTZAXX01,2,ELCTZAXX01,2031,60.13699014131114
GLOBAL,S3D4,PWRCCGTZAXX01,2,ELCTZAXX01,2032,66.7725115083841
GLOBAL,S3D4,PWRCCGTZAXX01,2,ELCTZAXX01,2033,73.4080328754577
GLOBAL,S3D4,PWRCCGTZAXX01,2,ELCTZAXX01,2034,80.04355424253083
GLOBAL,S3D4,PWRCCGTZAXX01,2,ELCTZAXX01,2035,86.67907560960425
GLOBAL,S3D4,PWRCCGTZAXX01,2,ELCTZAXX01,2036,93.31459697667755
GLOBAL,S3D4,PWRCCGTZAXX01,2,ELCTZAXX01,2037,99.95011834375092
GLOBAL,S3D4,PWRCCGTZAXX01,2,ELCTZAXX01,2038,106.58563971082428
GLOBAL,S3D4,PWRCCGTZAXX01,2,ELCTZAXX01,2039,113.22116107789736
GLOBAL,S3D4,PWRCCGTZAXX01,2,ELCTZAXX01,2040,119.856682444971
GLOBAL,S3D4,PWRCCGTZAXX01,2,ELCTZAXX01,2041,129.48628052645557
GLOBAL,S3D4,PWRCCGTZAXX01,2,ELCTZAXX01,2042,139.11587860794032
GLOBAL,S3D4,PWRCCGTZAXX01,2,ELCTZAXX01,2043,148.74547668942478
GLOBAL,S3D4,PWRCCGTZAXX01,2,ELCTZAXX01,2044,157.9267213388168
GLOBAL,S3D4,PWRCCGTZAXX01,2,ELCTZAXX01,2045,164.01850081298878
GLOBAL,S3D4,PWRCCGTZAXX01,2,ELCTZAXX01,2046,171.51560350781875
GLOBAL,S3D4,PWRCCGTZAXX01,2,ELCTZAXX01,2047,179.0127062026483
GLOBAL,S3D4,PWRCCGTZAXX01,2,ELCTZAXX01,2048,186.23863601037647
GLOBAL,S3D4,PWRCCGTZAXX01,2,ELCTZAXX01,2049,193.73573870520556
GLOBAL,S3D4,PWRCCGTZAXX01,2,ELCTZAXX01,2050,201.2328414000359
GLOBAL,S3D4,PWRGEOKENXX01,1,ELCKENXX01,2021,32.99859494290263
GLOBAL,S3D4,PWRGEOKENXX01,1,ELCKENXX01,2022,34.57184007451448
GLOBAL,S3D4,PWRGEOKENXX01,1,ELCKENXX01,2023,34.57184007451448
GLOBAL,S3D4,PWRGEOKENXX01,1,ELCKENXX01,2024,36.3296400297878
GLOBAL,S3D4,PWRGEOKENXX01,1,ELCKENXX01,2025,37.90989265945448
GLOBAL,S3D4,PWRGEOKENXX01,1,ELCKENXX01,2026,104.8446911656375
GLOBAL,S3D4,PWRGEOKENXX01,1,ELCKENXX01,2027,172.29124990324976
GLOBAL,S3D4,PWRGEOKENXX01,1,ELCKENXX01,2028,239.7378086408621
GLOBAL,S3D4,PWRGEOKENXX01,1,ELCKENXX01,2029,307.1843673784743
GLOBAL,S3D4,PWRGEOKENXX01,1,ELCKENXX01,2030,374.6309261160867
GLOBAL,S3D4,PWRGEOKENXX01,1,ELCKENXX01,2031,403.9314803217708
GLOBAL,S3D4,PWRGEOKENXX01,1,ELCKENXX01,2032,434.5202416857173
GLOBAL,S3D4,PWRGEOKENXX01,1,ELCKENXX01,2033,463.8207958914013
GLOBAL,S3D4,PWRGEOKENXX01,1,ELCKENXX01,2034,493.1213500970854
GLOBAL,S3D4,PWRGEOKENXX01,1,ELCKENXX01,2035,522.4219043027693
GLOBAL,S3D4,PWRGEOKENXX01,1,ELCKENXX01,2036,551.7224585084533
GLOBAL,S3D4,PWRGEOKENXX01,1,ELCKENXX01,2037,581.0230127141374
GLOBAL,S3D4,PWRGEOKENXX01,1,ELCKENXX01,2038,610.3235669198215
GLOBAL,S3D4,PWRGEOKENXX01,1,ELCKENXX01,2039,639.6241211255054
GLOBAL,S3D4,PWRGEOKENXX01,1,ELCKENXX01,2040,668.9246753311896
GLOBAL,S3D4,PWRGEOKENXX01,1,ELCKENXX01,2041,713.1519269624107
GLOBAL,S3D4,PWRGEOKENXX01,1,ELCKENXX01,2042,757.3791785936317
GLOBAL,S3D4,PWRGEOKENXX01,1,ELCKENXX01,2043,801.6064302248529
GLOBAL,S3D4,PWRGEOKENXX01,1,ELCKENXX01,2044,845.8336818560739
GLOBAL,S3D4,PWRGEOKENXX01,1,ELCKENXX01,2045,892.4259410018105
GLOBAL,S3D4,PWRGEOKENXX01,1,ELCKENXX01,2046,936.6531926330318
GLOBAL,S3D4,PWRGEOKENXX01,1,ELCKENXX01,2047,980.8804442642531
GLOBAL,S3D4,PWRGEOKENXX01,1,ELCKENXX01,2048,1027.0862478763834
GLOBAL,S3D4,PWRGEOKENXX01,1,ELCKENXX01,2049,1071.3134995076048
GLOBAL,S3D4,PWRGEOKENXX01,1,ELCKENXX01,2050,1115.5407511388262
GLOBAL,S3D4,PWRGEOTZAXX01,1,ELCTZAXX01,2021,24.690119415043064
GLOBAL,S3D4,PWRGEOTZAXX01,1,ELCTZAXX01,2022,27.93111396501243
GLOBAL,S3D4,PWRGEOTZAXX01,1,ELCTZAXX01,2023,31.957672720193628
GLOBAL,S3D4,PWRGEOTZAXX01,1,ELCTZAXX01,2024,62.86015973800489
GLOBAL,S3D4,PWRGEOTZAXX01,1,ELCTZAXX01,2025,68.17539079995464
GLOBAL,S3D4,PWRGEOTZAXX01,1,ELCTZAXX01,2026,144.97090572988958
GLOBAL,S3D4,PWRGEOTZAXX01,1,ELCTZAXX01,2027,246.338674437744
GLOBAL,S3D4,PWRGEOTZAXX01,1,ELCTZAXX01,2028,347.7064431455985
GLOBAL,S3D4,PWRGEOTZAXX01,1,ELCTZAXX01,2029,448.08530098067934
GLOBAL,S3D4,PWRGEOTZAXX01,1,ELCTZAXX01,2030,548.1632780859882
GLOBAL,S3D4,PWRGEOTZAXX01,1,ELCTZAXX01,2031,591.8143106531973
GLOBAL,S3D4,PWRGEOTZAXX01,1,ELCTZAXX01,2032,635.4653432204065
GLOBAL,S3D4,PWRGEOTZAXX01,1,ELCTZAXX01,2033,679.1163757876159
GLOBAL,S3D4,PWRGEOTZAXX01,1,ELCTZAXX01,2034,722.767408354825
GLOBAL,S3D4,PWRGEOTZAXX01,1,ELCTZAXX01,2035,766.4184409220343
GLOBAL,S3D4,PWRGEOTZAXX01,1,ELCTZAXX01,2036,810.0694734892433
GLOBAL,S3D4,PWRGEOTZAXX01,1,ELCTZAXX01,2037,853.7205060564523
GLOBAL,S3D4,PWRGEOTZAXX01,1,ELCTZAXX01,2038,897.3715386236614
GLOBAL,S3D4,PWRGEOTZAXX01,1,ELCTZAXX01,2039,941.0225711908713
GLOBAL,S3D4,PWRGEOTZAXX01,1,ELCTZAXX01,2040,984.6736037580805
GLOBAL,S3D4,PWRGEOTZAXX01,1,ELCTZAXX01,2041,1048.0208339470794
GLOBAL,S3D4,PWRGEOTZAXX01,1,ELCTZAXX01,2042,1111.3680641360777
GLOBAL,S3D4,PWRGEOTZAXX01,1,ELCTZAXX01,2043,1174.715294325077
GLOBAL,S3D4,PWRGEOTZAXX01,1,ELCTZAXX01,2044,1238.0625245140754
GLOBAL,S3D4,PWRGEOTZAXX01,1,ELCTZAXX01,2045,1301.4097547030742
GLOBAL,S3D4,PWRGEOTZAXX01,1,ELCTZAXX01,2046,1364.7569848920732
GLOBAL,S3D4,PWRGEOTZAXX01,1,ELCTZAXX01,2047,1428.1042150810715
GLOBAL,S3D4,PWRGEOTZAXX01,1,ELCTZAXX01,2048,1491.45144527007
GLOBAL,S3D4,PWRGEOTZAXX01,1,ELCTZAXX01,2049,1554.798675459069
GLOBAL,S3D4,PWRGEOTZAXX01,1,ELCTZAXX01,2050,1618.145905648068
GLOBAL,S3D4,PWRHYDKENXX01,1,ELCKENXX01,2021,14.42867806368
GLOBAL,S3D4,PWRHYDKENXX01,1,ELCKENXX01,2022,14.42867806368
GLOBAL,S3D4,PWRHYDKENXX01,1,ELCKENXX01,2023,14.42867806368
GLOBAL,S3D4,PWRHYDKENXX01,1,ELCKENXX01,2024,14.42867806368
GLOBAL,S3D4,PWRHYDKENXX01,1,ELCKENXX01,2025,14.42867806368
GLOBAL,S3D4,PWRHYDKENXX01,1,ELCKENXX01,2026,14.42867806368
GLOBAL,S3D4,PWRHYDKENXX01,1,ELCKENXX01,2027,14.42867806368
GLOBAL,S3D4,PWRHYDKENXX01,1,ELCKENXX01,2028,14.42867806368
GLOBAL,S3D4,PWRHYDKENXX01,1,ELCKENXX01,2029,14.42867806368
GLOBAL,S3D4,PWRHYDKENXX01,1,ELCKENXX01,2030,14.42867806368
GLOBAL,S3D4,PWRHYDKENXX01,1,ELCKENXX01,2031,14.42867806368
GLOBAL,S3D4,PWRHYDKENXX01,1,ELCKENXX01,2032,14.42867806368
GLOBAL,S3D4,PWRHYDKENXX01,1,ELCKENXX01,2033,14.42867806368
GLOBAL,S3D4,PWRHYDKENXX01,1,ELCKENXX01,2034,14.42867806368
GLOBAL,S3D4,PWRHYDKENXX01,1,ELCKENXX01,2035,14.42867806368
GLOBAL,S3D4,PWRHYDKENXX01,1,ELCKENXX01,2036,14.42867806368
GLOBAL,S3D4,PWRHYDKENXX01,1,ELCKENXX01,2037,14.42867806368
GLOBAL,S3D4,PWRHYDKENXX01,1,ELCKENXX01,2038,14.42867806368
GLOBAL,S3D4,PWRHYDKENXX01,1,ELCKENXX01,2039,14.42867806368
GLOBAL,S3D4,PWRHYDKENXX01,1,ELCKENXX01,2040,14.42867806368
GLOBAL,S3D4,PWRHYDKENXX01,1,ELCKENXX01,2041,14.42867806368
GLOBAL,S3D4,PWRHYDKENXX01,1,ELCKENXX01,2042,14.42867806368
GLOBAL,S3D4,PWRHYDKENXX01,1,ELCKENXX01,2043,14.42867806368
GLOBAL,S3D4,PWRHYDKENXX01,1,ELCKENXX01,2044,14.42867806368
GLOBAL,S3D4,PWRHYDKENXX01,1,ELCKENXX01,2045,14.42867806368
GLOBAL,S3D4,PWRHYDKENXX01,1,ELCKENXX01,2046,14.42867806368
GLOBAL,S3D4,PWRHYDKENXX01,1,ELCKENXX01,2047,14.42867806368
GLOBAL,S3D4,PWRHYDKENXX01,1,ELCKENXX01,2048,14.42867806368
GLOBAL,S3D4,PWRHYDKENXX01,1,ELCKENXX01,2049,14.42867806368
GLOBAL,S3D4,PWRHYDKENXX01,1,ELCKENXX01,2050,14.42867806368
GLOBAL,S3D4,PWRHYDTZAXX01,1,ELCTZAXX01,2021,7.0200649728
GLOBAL,S3D4,PWRHYDTZAXX01,1,ELCTZAXX01,2022,7.0200649728
GLOBAL,S3D4,PWRHYDTZAXX01,1,ELCTZAXX01,2023,7.0200649728
GLOBAL,S3D4,PWRHYDTZAXX01,1,ELCTZAXX01,2024,7.0200649728
GLOBAL,S3D4,PWRHYDTZAXX01,1,ELCTZAXX01,2025,7.0200649728
GLOBAL,S3D4,PWRHYDTZAXX01,1,ELCTZAXX01,2026,7.0200649728
GLOBAL,S3D4,PWRHYDTZAXX01,1,ELCTZAXX01,2027,7.0200649728
GLOBAL,S3D4,PWRHYDTZAXX01,1,ELCTZAXX01,2028,7.0200649728
GLOBAL,S3D4,PWRHYDTZAXX01,1,ELCTZAXX01,2029,7.0200649728
GLOBAL,S3D4,PWRHYDTZAXX01,1,ELCTZAXX01,2030,7.0200649728
GLOBAL,S3D4,PWRHYDTZAXX01,1,ELCTZAXX01,2031,7.0200649728
GLOBAL,S3D4,PWRHYDTZAXX01,1,ELCTZAXX01,2032,7.0200649728
GLOBAL,S3D4,PWRHYDTZAXX01,1,ELCTZAXX01,2033,7.0200649728
GLOBAL,S3D4,PWRHYDTZAXX01,1,ELCTZAXX01,2034,7.0200649728
GLOBAL,S3D4,PWRHYDTZAXX01,1,ELCTZAXX01,2035,7.0200649728
GLOBAL,S3D4,PWRHYDTZAXX01,1,ELCTZAXX01,2036,7.0200649728
GLOBAL,S3D4,PWRHYDTZAXX01,1,ELCTZAXX01,2037,7.0200649728
GLOBAL,S3D4,PWRHYDTZAXX01,1,ELCTZAXX01,2038,7.0200649728
GLOBAL,S3D4,PWRHYDTZAXX01,1,ELCTZAXX01,2039,7.0200649728
GLOBAL,S3D4,PWRHYDTZAXX01,1,ELCTZAXX01,2040,7.0200649728
GLOBAL,S3D4,PWRHYDTZAXX01,1,ELCTZAXX01,2041,7.0200649728
GLOBAL,S3D4,PWRHYDTZAXX01,1,ELCTZAXX01,2042,7.0200649728
GLOBAL,S3D4,PWRHYDTZAXX01,1,ELCTZAXX01,2043,7.0200649728
GLOBAL,S3D4,PWRHYDTZAXX01,1,ELCTZAXX01,2044,7.0200649728
GLOBAL,S3D4,PWRHYDTZAXX01,1,ELCTZAXX01,2045,7.0200649728
GLOBAL,S3D4,PWRHYDTZAXX01,1,ELCTZAXX01,2046,7.0200649728
GLOBAL,S3D4,PWRHYDTZAXX01,1,ELCTZAXX01,2047,7.0200649728
GLOBAL,S3D4,PWRHYDTZAXX01,1,ELCTZAXX01,2048,7.0200649728
GLOBAL,S3D4,PWRHYDTZAXX01,1,ELCTZAXX01,2049,7.0200649728
GLOBAL,S3D4,PWRHYDTZAXX01,1,ELCTZAXX01,2050,7.0200649728
GLOBAL,S3D4,PWROCGKENXX01,2,ELCKENXX01,2026,14.099709644477848
GLOBAL,S3D4,PWROCGKENXX01,2,ELCKENXX01,2027,23.313833133077377
GLOBAL,S3D4,PWROCGKENXX01,2,ELCKENXX01,2028,32.527956621676864
GLOBAL,S3D4,PWROCGKENXX01,2,ELCKENXX01,2029,41.74208011027663
GLOBAL,S3D4,PWROCGKENXX01,2,ELCKENXX01,2030,50.95620359887615
GLOBAL,S3D4,PWROCGKENXX01,2,ELCKENXX01,2031,54.95906052425121
GLOBAL,S3D4,PWROCGKENXX01,2,ELCKENXX01,2032,60.511950291363895
GLOBAL,S3D4,PWROCGKENXX01,2,ELCKENXX01,2033,64.51480721673927
GLOBAL,S3D4,PWROCGKENXX01,2,ELCKENXX01,2034,68.51766414211446
GLOBAL,S3D4,PWROCGKENXX01,2,ELCKENXX01,2035,72.52052106748957
GLOBAL,S3D4,PWROCGKENXX01,2,ELCKENXX01,2036,76.52337799286481
GLOBAL,S3D4,PWROCGKENXX01,2,ELCKENXX01,2037,80.52623491824006
GLOBAL,S3D4,PWROCGKENXX01,2,ELCKENXX01,2038,84.52909184361513
GLOBAL,S3D4,PWROCGKENXX01,2,ELCKENXX01,2039,88.53194876899057
GLOBAL,S3D4,PWROCGKENXX01,2,ELCKENXX01,2040,92.5348056943655
GLOBAL,S3D4,PWROCGKENXX01,2,ELCKENXX01,2041,98.57685388361136
GLOBAL,S3D4,PWROCGKENXX01,2,ELCKENXX01,2042,104.61890207285708
GLOBAL,S3D4,PWROCGKENXX01,2,ELCKENXX01,2043,110.66095026210256
GLOBAL,S3D4,PWROCGKENXX01,2,ELCKENXX01,2044,116.70299845134842
GLOBAL,S3D4,PWROCGKENXX01,2,ELCKENXX01,2045,121.31583839007844
GLOBAL,S3D4,PWROCGKENXX01,2,ELCKENXX01,2046,127.35788657932406
GLOBAL,S3D4,PWROCGKENXX01,2,ELCKENXX01,2047,133.39993476856955
GLOBAL,S3D4,PWROCGKENXX01,2,ELCKENXX01,2048,139.813619840906
GLOBAL,S3D4,PWROCGKENXX01,2,ELCKENXX01,2049,145.85566803015135
GLOBAL,S3D4,PWROCGKENXX01,2,ELCKENXX01,2050,151.89771621939695
GLOBAL,S3D4,PWROCGTZAXX01,2,ELCTZAXX01,2044,0.44835343209260736
GLOBAL,S3D4,PWROCGTZAXX01,2,ELCTZAXX01,2045,3.9861720394045337
GLOBAL,S3D4,PWROCGTZAXX01,2,ELCTZAXX01,2046,6.118667426059096
GLOBAL,S3D4,PWROCGTZAXX01,2,ELCTZAXX01,2047,8.25116281271353
GLOBAL,S3D4,PWROCGTZAXX01,2,ELCTZAXX01,2048,10.65483108647051
GLOBAL,S3D4,PWROCGTZAXX01,2,ELCTZAXX01,2049,12.787326473125518
GLOBAL,S3D4,PWROCGTZAXX01,2,ELCTZAXX01,2050,14.919821859779985
GLOBAL,S3D4,PWROILKENXX01,2,ELCKENXX01,2021,3.8593644304328385
GLOBAL,S3D4,PWROILKENXX01,2,ELCKENXX01,2022,4.546665569844315
GLOBAL,S3D4,PWROILKENXX01,2,ELCKENXX01,2023,3.163473714332651
GLOBAL,S3D4,PWRSPVKENXX01,1,ELCKENXX01,2021,0.556421184
GLOBAL,S3D4,PWRSPVKENXX01,1,ELCKENXX01,2022,0.809339904
GLOBAL,S3D4,PWRSPVKENXX01,1,ELCKENXX01,2023,0.935799264
GLOBAL,S3D4,PWRSPVKENXX01,1,ELCKENXX01,2024,0.935799264
GLOBAL,S3D4,PWRSPVKENXX01,1,ELCKENXX01,2025,0.935799264
GLOBAL,S3D4,PWRSPVKENXX01,1,ELCKENXX01,2026,0.935799264
GLOBAL,S3D4,PWRSPVKENXX01,1,ELCKENXX01,2027,0.935799264
GLOBAL,S3D4,PWRSPVKENXX01,1,ELCKENXX01,2028,0.935799264
GLOBAL,S3D4,PWRSPVKENXX01,1,ELCKENXX01,2029,0.935799264
GLOBAL,S3D4,PWRSPVKENXX01,1,ELCKENXX01,2030,0.935799264
GLOBAL,S3D4,PWRSPVKENXX01,1,ELCKENXX01,2031,0.935799264
GLOBAL,S3D4,PWRSPVKENXX01,1,ELCKENXX01,2032,0.935799264
GLOBAL,S3D4,PWRSPVKENXX01,1,ELCKENXX01,2033,0.935799264
GLOBAL,S3D4,PWRSPVKENXX01,1,ELCKENXX01,2034,0.935799264
GLOBAL,S3D4,PWRSPVKENXX01,1,ELCKENXX01,2035,0.935799264
GLOBAL,S3D4,PWRSPVKENXX01,1,ELCKENXX01,2036,0.935799264
GLOBAL,S3D4,PWRSPVKENXX01,1,ELCKENXX01,2037,0.935799264
GLOBAL,S3D4,PWRSPVKENXX01,1,ELCKENXX01,2038,0.935799264
GLOBAL,S3D4,PWRSPVKENXX01,1,ELCKENXX01,2039,0.935799264
GLOBAL,S3D4,PWRSPVKENXX01,1,ELCKENXX01,2040,0.935799264
GLOBAL,S3D4,PWRSPVKENXX01,1,ELCKENXX01,2041,0.935799264
GLOBAL,S3D4,PWRSPVKENXX01,1,ELCKENXX01,2042,0.935799264
GLOBAL,S3D4,PWRSPVKENXX01,1,ELCKENXX01,2043,0.935799264
GLOBAL,S3D4,PWRSPVKENXX01,1,ELCKENXX01,2044,0.935799264
GLOBAL,S3D4,PWRTRNKENXX,1,ELCKENXX02,2021,57.809694793536806
GLOBAL,S3D4,PWRTRNKENXX,1,ELCKENXX02,2022,60.32315978456015
GLOBAL,S3D4,PWRTRNKENXX,1,ELCKENXX02,2023,59.06642728904848
GLOBAL,S3D4,PWRTRNKENXX,1,ELCKENXX02,2024,61.57989228007182
GLOBAL,S3D4,PWRTRNKENXX,1,ELCKENXX02,2025,63.3770197486535
GLOBAL,S3D4,PWRTRNKENXX,1,ELCKENXX02,2026,139.49730700179532
GLOBAL,S3D4,PWRTRNKENXX,1,ELCKENXX02,2027,216.1579892280072
GLOBAL,S3D4,PWRTRNKENXX,1,ELCKENXX02,2028,292.818671454219
GLOBAL,S3D4,PWRTRNKENXX,1,ELCKENXX02,2029,369.4793536804309
GLOBAL,S3D4,PWRTRNKENXX,1,ELCKENXX02,2030,446.1400359066428
GLOBAL,S3D4,PWRTRNKENXX,1,ELCKENXX02,2031,479.443447037702
GLOBAL,S3D4,PWRTRNKENXX,1,ELCKENXX02,2032,512.7468581687612
GLOBAL,S3D4,PWRTRNKENXX,1,ELCKENXX02,2033,546.0502692998205
GLOBAL,S3D4,PWRTRNKENXX,1,ELCKENXX02,2034,579.3536804308798
GLOBAL,S3D4,PWRTRNKENXX,1,ELCKENXX02,2035,612.657091561939
GLOBAL,S3D4,PWRTRNKENXX,1,ELCKENXX02,2036,645.9605026929981
GLOBAL,S3D4,PWRTRNKENXX,1,ELCKENXX02,2037,679.2639138240576
GLOBAL,S3D4,PWRTRNKENXX,1,ELCKENXX02,2038,712.5673249551168
GLOBAL,S3D4,PWRTRNKENXX,1,ELCKENXX02,2039,745.870736086176
GLOBAL,S3D4,PWRTRNKENXX,1,ELCKENXX02,2040,779.174147217235
GLOBAL,S3D4,PWRTRNKENXX,1,ELCKENXX02,2041,829.4434470377021
GLOBAL,S3D4,PWRTRNKENXX,1,ELCKENXX02,2042,879.7127468581687
GLOBAL,S3D4,PWRTRNKENXX,1,ELCKENXX02,2043,929.9820466786354
GLOBAL,S3D4,PWRTRNKENXX,1,ELCKENXX02,2044,980.2513464991024
GLOBAL,S3D4,PWRTRNKENXX,1,ELCKENXX02,2045,1030.520646319569
GLOBAL,S3D4,PWRTRNKENXX,1,ELCKENXX02,2046,1080.789946140036
GLOBAL,S3D4,PWRTRNKENXX,1,ELCKENXX02,2047,1131.0592459605027
GLOBAL,S3D4,PWRTRNKENXX,1,ELCKENXX02,2048,1181.3285457809695
GLOBAL,S3D4,PWRTRNKENXX,1,ELCKENXX02,2049,1231.597845601436
GLOBAL,S3D4,PWRTRNKENXX,1,ELCKENXX02,2050,1281.8671454219032
GLOBAL,S3D4,PWRTRNTZAXX,1,ELCTZAXX02,2021,40.81847289234336
GLOBAL,S3D4,PWRTRNTZAXX,1,ELCTZAXX02,2022,44.58867037887836
GLOBAL,S3D4,PWRTRNTZAXX,1,ELCTZAXX02,2023,50.872332856436714
GLOBAL,S3D4,PWRTRNTZAXX,1,ELCTZAXX02,2024,90.30736222302824
GLOBAL,S3D4,PWRTRNTZAXX,1,ELCTZAXX02,2025,96.71554871786412
GLOBAL,S3D4,PWRTRNTZAXX,1,ELCTZAXX02,2026,180.96947935368044
GLOBAL,S3D4,PWRTRNTZAXX,1,ELCTZAXX02,2027,299.10233393177737
GLOBAL,S3D4,PWRTRNTZAXX,1,ELCTZAXX02,2028,417.2351885098743
GLOBAL,S3D4,PWRTRNTZAXX,1,ELCTZAXX02,2029,535.3680430879713
GLOBAL,S3D4,PWRTRNTZAXX,1,ELCTZAXX02,2030,653.5008976660681
GLOBAL,S3D4,PWRTRNTZAXX,1,ELCTZAXX02,2031,705.0269299820468
GLOBAL,S3D4,PWRTRNTZAXX,1,ELCTZAXX02,2032,756.5529622980251
GLOBAL,S3D4,PWRTRNTZAXX,1,ELCTZAXX02,2033,808.0789946140037
GLOBAL,S3D4,PWRTRNTZAXX,1,ELCTZAXX02,2034,859.605026929982
GLOBAL,S3D4,PWRTRNTZAXX,1,ELCTZAXX02,2035,911.1310592459603
GLOBAL,S3D4,PWRTRNTZAXX,1,ELCTZAXX02,2036,962.657091561939
GLOBAL,S3D4,PWRTRNTZAXX,1,ELCTZAXX02,2037,1014.1831238779174
GLOBAL,S3D4,PWRTRNTZAXX,1,ELCTZAXX02,2038,1065.709156193896
GLOBAL,S3D4,PWRTRNTZAXX,1,ELCTZAXX02,2039,1117.2351885098742
GLOBAL,S3D4,PWRTRNTZAXX,1,ELCTZAXX02,2040,1168.761220825853
GLOBAL,S3D4,PWRTRNTZAXX,1,ELCTZAXX02,2041,1243.5368043087972
GLOBAL,S3D4,PWRTRNTZAXX,1,ELCTZAXX02,2042,1318.3123877917417
GLOBAL,S3D4,PWRTRNTZAXX,1,ELCTZAXX02,2043,1393.0879712746855
GLOBAL,S3D4,PWRTRNTZAXX,1,ELCTZAXX02,2044,1467.8635547576305
GLOBAL,S3D4,PWRTRNTZAXX,1,ELCTZAXX02,2045,1542.6391382405743
GLOBAL,S3D4,PWRTRNTZAXX,1,ELCTZAXX02,2046,1617.4147217235188
GLOBAL,S3D4,PWRTRNTZAXX,1,ELCTZAXX02,2047,1692.190305206463
GLOBAL,S3D4,PWRTRNTZAXX,1,ELCTZAXX02,2048,1766.9658886894076
GLOBAL,S3D4,PWRTRNTZAXX,1,ELCTZAXX02,2049,1841.741472172352
GLOBAL,S3D4,PWRTRNTZAXX,1,ELCTZAXX02,2050,1916.517055655296
GLOBAL,S3D4,PWRWONKENXX01,1,ELCKENXX01,2021,2.5473014784
GLOBAL,S3D4,PWRWONKENXX01,1,ELCKENXX01,2022,2.5473014784
GLOBAL,S3D4,PWRWONKENXX01,1,ELCKENXX01,2023,2.5473014784
GLOBAL,S3D4,PWRWONKENXX01,1,ELCKENXX01,2024,2.350188864
GLOBAL,S3D4,PWRWONKENXX01,1,ELCKENXX01,2025,2.350188864
GLOBAL,S3D4,PWRWONKENXX01,1,ELCKENXX01,2026,2.350188864
GLOBAL,S3D4,PWRWONKENXX01,1,ELCKENXX01,2027,2.350188864
GLOBAL,S3D4,PWRWONKENXX01,1,ELCKENXX01,2028,2.350188864
GLOBAL,S3D4,PWRWONKENXX01,1,ELCKENXX01,2029,2.350188864
GLOBAL,S3D4,PWRWONKENXX01,1,ELCKENXX01,2030,2.350188864
GLOBAL,S3D4,PWRWONKENXX01,1,ELCKENXX01,2031,2.350188864
GLOBAL,S3D4,PWRWONKENXX01,1,ELCKENXX01,2032,2.350188864
GLOBAL,S3D4,PWRWONKENXX01,1,ELCKENXX01,2033,2.350188864
GLOBAL,S3D4,PWRWONKENXX01,1,ELCKENXX01,2034,2.350188864
GLOBAL,S3D4,PWRWONKENXX01,1,ELCKENXX01,2035,2.350188864
GLOBAL,S3D4,PWRWONKENXX01,1,ELCKENXX01,2036,2.350188864
GLOBAL,S3D4,PWRWONKENXX01,1,ELCKENXX01,2037,2.350188864
GLOBAL,S3D4,PWRWONKENXX01,1,ELCKENXX01,2038,2.350188864
GLOBAL,S3D4,PWRWONKENXX01,1,ELCKENXX01,2039,2.350188864
GLOBAL,S3D4,PWRWONKENXX01,1,ELCKENXX01,2040,2.350188864
GLOBAL,S3D4,PWRWONKENXX01,1,ELCKENXX01,2041,2.350188864
GLOBAL,S3D4,PWRWONKENXX01,1,ELCKENXX01,2042,2.350188864
GLOBAL,S3D4,PWRWONKENXX01,1,ELCKENXX01,2043,2.350188864
GLOBAL,S3D4,PWRWONKENXX01,1,ELCKENXX01,2044,2.350188864
GLOBAL,S3D4,PWRWONKENXX01,1,ELCKENXX01,2045,2.350188864
GLOBAL,S3D4,PWRWONKENXX01,1,ELCKENXX01,2046,2.350188864
GLOBAL,S3D4,PWRWONKENXX01,1,ELCKENXX01,2047,2.350188864
GLOBAL,S3D4,RNWBIOKENXX,1,BIOKENXX,2021,8.9688384
GLOBAL,S3D4,RNWBIOKENXX,1,BIOKENXX,2022,8.9688384
GLOBAL,S3D4,RNWBIOKENXX,1,BIOKENXX,2023,8.9688384
GLOBAL,S3D4,RNWBIOKENXX,1,BIOKENXX,2024,8.9688384
GLOBAL,S3D4,RNWBIOKENXX,1,BIOKENXX,2025,8.9688384
GLOBAL,S3D4,RNWBIOKENXX,1,BIOKENXX,2026,8.9688384
GLOBAL,S3D4,RNWBIOKENXX,1,BIOKENXX,2027,8.9688384
GLOBAL,S3D4,RNWBIOKENXX,1,BIOKENXX,2028,8.9688384
GLOBAL,S3D4,RNWBIOKENXX,1,BIOKENXX,2029,8.9688384
GLOBAL,S3D4,RNWBIOKENXX,1,BIOKENXX,2030,8.9688384
GLOBAL,S3D4,RNWBIOKENXX,1,BIOKENXX,2031,8.9688384
GLOBAL,S3D4,RNWBIOTZAXX,1,BIOTZAXX,2021,11.75203249561094
GLOBAL,S3D4,RNWBIOTZAXX,1,BIOTZAXX,2022,11.75203249561094
GLOBAL,S3D4,RNWBIOTZAXX,1,BIOTZAXX,2023,11.75203249561094
GLOBAL,S3D4,RNWBIOTZAXX,1,BIOTZAXX,2024,11.75203249561094
GLOBAL,S3D4,RNWBIOTZAXX,1,BIOTZAXX,2025,11.75203249561094
GLOBAL,S3D4,RNWBIOTZAXX,1,BIOTZAXX,2026,11.75203249561094
GLOBAL,S3D4,RNWBIOTZAXX,1,BIOTZAXX,2027,11.75203249561094
GLOBAL,S3D4,RNWBIOTZAXX,1,BIOTZAXX,2028,11.75203249561094
GLOBAL,S3D4,RNWBIOTZAXX,1,BIOTZAXX,2029,19.007489847483413
GLOBAL,S3D4,RNWBIOTZAXX,1,BIOTZAXX,2030,28.470453824031104
GLOBAL,S3D4,RNWBIOTZAXX,1,BIOTZAXX,2031,32.59791683507905
GLOBAL,S3D4,RNWBIOTZAXX,1,BIOTZAXX,2032,36.72537984612735
GLOBAL,S3D4,RNWBIOTZAXX,1,BIOTZAXX,2033,40.85284285717313
GLOBAL,S3D4,RNWBIOTZAXX,1,BIOTZAXX,2034,44.98030586822178
GLOBAL,S3D4,RNWBIOTZAXX,1,BIOTZAXX,2035,49.10776887926814
GLOBAL,S3D4,RNWBIOTZAXX,1,BIOTZAXX,2036,53.235231890316655
GLOBAL,S3D4,RNWBIOTZAXX,1,BIOTZAXX,2037,57.36269490136442
GLOBAL,S3D4,RNWBIOTZAXX,1,BIOTZAXX,2038,61.490157912411526
GLOBAL,S3D4,RNWBIOTZAXX,1,BIOTZAXX,2039,65.61762092345816
GLOBAL,S3D4,RNWBIOTZAXX,1,BIOTZAXX,2040,69.74508393450459
GLOBAL,S3D4,RNWBIOTZAXX,1,BIOTZAXX,2041,75.73493879199923
GLOBAL,S3D4,RNWBIOTZAXX,1,BIOTZAXX,2042,81.72479364949581
GLOBAL,S3D4,RNWBIOTZAXX,1,BIOTZAXX,2043,87.71464850698993
GLOBAL,S3D4,RNWBIOTZAXX,1,BIOTZAXX,2044,93.70450336448525
GLOBAL,S3D4,RNWBIOTZAXX,1,BIOTZAXX,2045,99.69435822198209
GLOBAL,S3D4,RNWBIOTZAXX,1,BIOTZAXX,2046,105.68421307947682
GLOBAL,S3D4,RNWBIOTZAXX,1,BIOTZAXX,2047,111.67406793697418
GLOBAL,S3D4,RNWBIOTZAXX,1,BIOTZAXX,2048,117.66392279446929
GLOBAL,S3D4,RNWBIOTZAXX,1,BIOTZAXX,2049,123.65377765196531
GLOBAL,S3D4,RNWBIOTZAXX,1,BIOTZAXX,2050,129.6436325094595
GLOBAL,S3D4,RNWGEOKENXX,1,GEOKENXX,2021,32.99859494290263
GLOBAL,S3D4,RNWGEOKENXX,1,GEOKENXX,2022,34.57184007451448
GLOBAL,S3D4,RNWGEOKENXX,1,GEOKENXX,2023,34.57184007451448
GLOBAL,S3D4,RNWGEOKENXX,1,GEOKENXX,2024,36.3296400297878
GLOBAL,S3D4,RNWGEOKENXX,1,GEOKENXX,2025,37.90989265945448
GLOBAL,S3D4,RNWGEOKENXX,1,GEOKENXX,2026,104.8446911656375
GLOBAL,S3D4,RNWGEOKENXX,1,GEOKENXX,2027,172.29124990324976
GLOBAL,S3D4,RNWGEOKENXX,1,GEOKENXX,2028,239.7378086408621
GLOBAL,S3D4,RNWGEOKENXX,1,GEOKENXX,2029,307.1843673784743
GLOBAL,S3D4,RNWGEOKENXX,1,GEOKENXX,2030,374.6309261160867
GLOBAL,S3D4,RNWGEOKENXX,1,GEOKENXX,2031,403.9314803217708
GLOBAL,S3D4,RNWGEOKENXX,1,GEOKENXX,2032,434.5202416857173
GLOBAL,S3D4,RNWGEOKENXX,1,GEOKENXX,2033,463.8207958914013
GLOBAL,S3D4,RNWGEOKENXX,1,GEOKENXX,2034,493.1213500970854
GLOBAL,S3D4,RNWGEOKENXX,1,GEOKENXX,2035,522.4219043027693
GLOBAL,S3D4,RNWGEOKENXX,1,GEOKENXX,2036,551.7224585084533
GLOBAL,S3D4,RNWGEOKENXX,1,GEOKENXX,2037,581.0230127141374
GLOBAL,S3D4,RNWGEOKENXX,1,GEOKENXX,2038,610.3235669198215
GLOBAL,S3D4,RNWGEOKENXX,1,GEOKENXX,2039,639.6241211255054
GLOBAL,S3D4,RNWGEOKENXX,1,GEOKENXX,2040,668.9246753311896
GLOBAL,S3D4,RNWGEOKENXX,1,GEOKENXX,2041,713.1519269624107
GLOBAL,S3D4,RNWGEOKENXX,1,GEOKENXX,2042,757.3791785936317
GLOBAL,S3D4,RNWGEOKENXX,1,GEOKENXX,2043,801.6064302248529
GLOBAL,S3D4,RNWGEOKENXX,1,GEOKENXX,2044,845.8336818560739
GLOBAL,S3D4,RNWGEOKENXX,1,GEOKENXX,2045,892.4259410018105
GLOBAL,S3D4,RNWGEOKENXX,1,GEOKENXX,2046,936.6531926330318
GLOBAL,S3D4,RNWGEOKENXX,1,GEOKENXX,2047,980.8804442642531
GLOBAL,S3D4,RNWGEOKENXX,1,GEOKENXX,2048,1027.0862478763834
GLOBAL,S3D4,RNWGEOKENXX,1,GEOKENXX,2049,1071.3134995076048
GLOBAL,S3D4,RNWGEOKENXX,1,GEOKENXX,2050,1115.5407511388262
GLOBAL,S3D4,RNWGEOTZAXX,1,GEOTZAXX,2021,24.690119415043064
GLOBAL,S3D4,RNWGEOTZAXX,1,GEOTZAXX,2022,27.93111396501243
GLOBAL,S3D4,RNWGEOTZAXX,1,GEOTZAXX,2023,31.957672720193628
GLOBAL,S3D4,RNWGEOTZAXX,1,GEOTZAXX,2024,62.86015973800488
GLOBAL,S3D4,RNWGEOTZAXX,1,GEOTZAXX,2025,68.17539079995464
GLOBAL,S3D4,RNWGEOTZAXX,1,GEOTZAXX,2026,144.97090572988958
GLOBAL,S3D4,RNWGEOTZAXX,1,GEOTZAXX,2027,246.338674437744
GLOBAL,S3D4,RNWGEOTZAXX,1,GEOTZAXX,2028,347.7064431455985
GLOBAL,S3D4,RNWGEOTZAXX,1,GEOTZAXX,2029,448.08530098067934
GLOBAL,S3D4,RNWGEOTZAXX,1,GEOTZAXX,2030,548.1632780859882
GLOBAL,S3D4,RNWGEOTZAXX,1,GEOTZAXX,2031,591.8143106531973
GLOBAL,S3D4,RNWGEOTZAXX,1,GEOTZAXX,2032,635.4653432204065
GLOBAL,S3D4,RNWGEOTZAXX,1,GEOTZAXX,2033,679.1163757876158
GLOBAL,S3D4,RNWGEOTZAXX,1,GEOTZAXX,2034,722.767408354825
GLOBAL,S3D4,RNWGEOTZAXX,1,GEOTZAXX,2035,766.4184409220343
GLOBAL,S3D4,RNWGEOTZAXX,1,GEOTZAXX,2036,810.0694734892433
GLOBAL,S3D4,RNWGEOTZAXX,1,GEOTZAXX,2037,853.7205060564521
GLOBAL,S3D4,RNWGEOTZAXX,1,GEOTZAXX,2038,897.3715386236614
GLOBAL,S3D4,RNWGEOTZAXX,1,GEOTZAXX,2039,941.0225711908713
GLOBAL,S3D4,RNWGEOTZAXX,1,GEOTZAXX,2040,984.6736037580805
GLOBAL,S3D4,RNWGEOTZAXX,1,GEOTZAXX,2041,1048.0208339470794
GLOBAL,S3D4,RNWGEOTZAXX,1,GEOTZAXX,2042,1111.3680641360777
GLOBAL,S3D4,RNWGEOTZAXX,1,GEOTZAXX,2043,1174.715294325077
GLOBAL,S3D4,RNWGEOTZAXX,1,GEOTZAXX,2044,1238.0625245140754
GLOBAL,S3D4,RNWGEOTZAXX,1,GEOTZAXX,2045,1301.4097547030742
GLOBAL,S3D4,RNWGEOTZAXX,1,GEOTZAXX,2046,1364.7569848920732
GLOBAL,S3D4,RNWGEOTZAXX,1,GEOTZAXX,2047,1428.1042150810715
GLOBAL,S3D4,RNWGEOTZAXX,1,GEOTZAXX,2048,1491.45144527007
GLOBAL,S3D4,RNWGEOTZAXX,1,GEOTZAXX,2049,1554.798675459069
GLOBAL,S3D4,RNWGEOTZAXX,1,GEOTZAXX,2050,1618.145905648068
GLOBAL,S3D4,RNWHYDKENXX,1,HYDKENXX,2021,14.42867806368
GLOBAL,S3D4,RNWHYDKENXX,1,HYDKENXX,2022,14.42867806368
GLOBAL,S3D4,RNWHYDKENXX,1,HYDKENXX,2023,14.42867806368
GLOBAL,S3D4,RNWHYDKENXX,1,HYDKENXX,2024,14.42867806368
GLOBAL,S3D4,RNWHYDKENXX,1,HYDKENXX,2025,14.42867806368
GLOBAL,S3D4,RNWHYDKENXX,1,HYDKENXX,2026,14.42867806368
GLOBAL,S3D4,RNWHYDKENXX,1,HYDKENXX,2027,14.42867806368
GLOBAL,S3D4,RNWHYDKENXX,1,HYDKENXX,2028,14.42867806368
GLOBAL,S3D4,RNWHYDKENXX,1,HYDKENXX,2029,14.42867806368
GLOBAL,S3D4,RNWHYDKENXX,1,HYDKENXX,2030,14.42867806368
GLOBAL,S3D4,RNWHYDKENXX,1,HYDKENXX,2031,14.42867806368
GLOBAL,S3D4,RNWHYDKENXX,1,HYDKENXX,2032,14.42867806368
GLOBAL,S3D4,RNWHYDKENXX,1,HYDKENXX,2033,14.42867806368
GLOBAL,S3D4,RNWHYDKENXX,1,HYDKENXX,2034,14.42867806368
GLOBAL,S3D4,RNWHYDKENXX,1,HYDKENXX,2035,14.42867806368
GLOBAL,S3D4,RNWHYDKENXX,1,HYDKENXX,2036,14.42867806368
GLOBAL,S3D4,RNWHYDKENXX,1,HYDKENXX,2037,14.42867806368
GLOBAL,S3D4,RNWHYDKENXX,1,HYDKENXX,2038,14.42867806368
GLOBAL,S3D4,RNWHYDKENXX,1,HYDKENXX,2039,14.42867806368
GLOBAL,S3D4,RNWHYDKENXX,1,HYDKENXX,2040,14.42867806368
GLOBAL,S3D4,RNWHYDKENXX,1,HYDKENXX,2041,14.42867806368
GLOBAL,S3D4,RNWHYDKENXX,1,HYDKENXX,2042,14.42867806368
GLOBAL,S3D4,RNWHYDKENXX,1,HYDKENXX,2043,14.42867806368
GLOBAL,S3D4,RNWHYDKENXX,1,HYDKENXX,2044,14.42867806368
GLOBAL,S3D4,RNWHYDKENXX,1,HYDKENXX,2045,14.42867806368
GLOBAL,S3D4,RNWHYDKENXX,1,HYDKENXX,2046,14.42867806368
GLOBAL,S3D4,RNWHYDKENXX,1,HYDKENXX,2047,14.42867806368
GLOBAL,S3D4,RNWHYDKENXX,1,HYDKENXX,2048,14.42867806368
GLOBAL,S3D4,RNWHYDKENXX,1,HYDKENXX,2049,14.42867806368
GLOBAL,S3D4,RNWHYDKENXX,1,HYDKENXX,2050,14.42867806368
GLOBAL,S3D4,RNWHYDTZAXX,1,HYDTZAXX,2021,7.0200649728
GLOBAL,S3D4,RNWHYDTZAXX,1,HYDTZAXX,2022,7.0200649728
GLOBAL,S3D4,RNWHYDTZAXX,1,HYDTZAXX,2023,7.0200649728
GLOBAL,S3D4,RNWHYDTZAXX,1,HYDTZAXX,2024,7.0200649728
GLOBAL,S3D4,RNWHYDTZAXX,1,HYDTZAXX,2025,7.0200649728
GLOBAL,S3D4,RNWHYDTZAXX,1,HYDTZAXX,2026,7.0200649728
GLOBAL,S3D4,RNWHYDTZAXX,1,HYDTZAXX,2027,7.0200649728
GLOBAL,S3D4,RNWHYDTZAXX,1,HYDTZAXX,2028,7.0200649728
GLOBAL,S3D4,RNWHYDTZAXX,1,HYDTZAXX,2029,7.0200649728
GLOBAL,S3D4,RNWHYDTZAXX,1,HYDTZAXX,2030,7.0200649728
GLOBAL,S3D4,RNWHYDTZAXX,1,HYDTZAXX,2031,7.0200649728
GLOBAL,S3D4,RNWHYDTZAXX,1,HYDTZAXX,2032,7.0200649728
GLOBAL,S3D4,RNWHYDTZAXX,1,HYDTZAXX,2033,7.0200649728
GLOBAL,S3D4,RNWHYDTZAXX,1,HYDTZAXX,2034,7.0200649728
GLOBAL,S3D4,RNWHYDTZAXX,1,HYDTZAXX,2035,7.0200649728
GLOBAL,S3D4,RNWHYDTZAXX,1,HYDTZAXX,2036,7.0200649728
GLOBAL,S3D4,RNWHYDTZAXX,1,HYDTZAXX,2037,7.0200649728
GLOBAL,S3D4,RNWHYDTZAXX,1,HYDTZAXX,2038,7.0200649728
GLOBAL,S3D4,RNWHYDTZAXX,1,HYDTZAXX,2039,7.0200649728
GLOBAL,S3D4,RNWHYDTZAXX,1,HYDTZAXX,2040,7.0200649728
GLOBAL,S3D4,RNWHYDTZAXX,1,HYDTZAXX,2041,7.0200649728
GLOBAL,S3D4,RNWHYDTZAXX,1,HYDTZAXX,2042,7.0200649728
GLOBAL,S3D4,RNWHYDTZAXX,1,HYDTZAXX,2043,7.0200649728
GLOBAL,S3D4,RNWHYDTZAXX,1,HYDTZAXX,2044,7.0200649728
GLOBAL,S3D4,RNWHYDTZAXX,1,HYDTZAXX,2045,7.0200649728
GLOBAL,S3D4,RNWHYDTZAXX,1,HYDTZAXX,2046,7.0200649728
GLOBAL,S3D4,RNWHYDTZAXX,1,HYDTZAXX,2047,7.0200649728
GLOBAL,S3D4,RNWHYDTZAXX,1,HYDTZAXX,2048,7.0200649728
GLOBAL,S3D4,RNWHYDTZAXX,1,HYDTZAXX,2049,7.0200649728
GLOBAL,S3D4,RNWHYDTZAXX,1,HYDTZAXX,2050,7.0200649728
GLOBAL,S3D4,RNWSPVKENXX,1,SPVKENXX,2021,0.556421184
GLOBAL,S3D4,RNWSPVKENXX,1,SPVKENXX,2022,0.809339904
GLOBAL,S3D4,RNWSPVKENXX,1,SPVKENXX,2023,0.935799264
GLOBAL,S3D4,RNWSPVKENXX,1,SPVKENXX,2024,0.935799264
GLOBAL,S3D4,RNWSPVKENXX,1,SPVKENXX,2025,0.935799264
GLOBAL,S3D4,RNWSPVKENXX,1,SPVKENXX,2026,0.935799264
GLOBAL,S3D4,RNWSPVKENXX,1,SPVKENXX,2027,0.935799264
GLOBAL,S3D4,RNWSPVKENXX,1,SPVKENXX,2028,0.935799264
GLOBAL,S3D4,RNWSPVKENXX,1,SPVKENXX,2029,0.935799264
GLOBAL,S3D4,RNWSPVKENXX,1,SPVKENXX,2030,0.935799264
GLOBAL,S3D4,RNWSPVKENXX,1,SPVKENXX,2031,0.935799264
GLOBAL,S3D4,RNWSPVKENXX,1,SPVKENXX,2032,0.935799264
GLOBAL,S3D4,RNWSPVKENXX,1,SPVKENXX,2033,0.935799264
GLOBAL,S3D4,RNWSPVKENXX,1,SPVKENXX,2034,0.935799264
GLOBAL,S3D4,RNWSPVKENXX,1,SPVKENXX,2035,0.935799264
GLOBAL,S3D4,RNWSPVKENXX,1,SPVKENXX,2036,0.935799264
GLOBAL,S3D4,RNWSPVKENXX,1,SPVKENXX,2037,0.935799264
GLOBAL,S3D4,RNWSPVKENXX,1,SPVKENXX,2038,0.935799264
GLOBAL,S3D4,RNWSPVKENXX,1,SPVKENXX,2039,0.935799264
GLOBAL,S3D4,RNWSPVKENXX,1,SPVKENXX,2040,0.935799264
GLOBAL,S3D4,RNWSPVKENXX,1,SPVKENXX,2041,0.935799264
GLOBAL,S3D4,RNWSPVKENXX,1,SPVKENXX,2042,0.935799264
GLOBAL,S3D4,RNWSPVKENXX,1,SPVKENXX,2043,0.935799264
GLOBAL,S3D4,RNWSPVKENXX,1,SPVKENXX,2044,0.935799264
GLOBAL,S3D4,RNWWONKENXX,1,WONKENXX,2021,2.5473014784
GLOBAL,S3D4,RNWWONKENXX,1,WONKENXX,2022,2.5473014784
GLOBAL,S3D4,RNWWONKENXX,1,WONKENXX,2023,2.5473014784
GLOBAL,S3D4,RNWWONKENXX,1,WONKENXX,2024,2.350188864
GLOBAL,S3D4,RNWWONKENXX,1,WONKENXX,2025,2.350188864
GLOBAL,S3D4,RNWWONKENXX,1,WONKENXX,2026,2.350188864
GLOBAL,S3D4,RNWWONKENXX,1,WONKENXX,2027,2.350188864
GLOBAL,S3D4,RNWWONKENXX,1,WONKENXX,2028,2.350188864
GLOBAL,S3D4,RNWWONKENXX,1,WONKENXX,2029,2.350188864
GLOBAL,S3D4,RNWWONKENXX,1,WONKENXX,2030,2.350188864
GLOBAL,S3D4,RNWWONKENXX,1,WONKENXX,2031,2.350188864
GLOBAL,S3D4,RNWWONKENXX,1,WONKENXX,2032,2.350188864
GLOBAL,S3D4,RNWWONKENXX,1,WONKENXX,2033,2.350188864
GLOBAL,S3D4,RNWWONKENXX,1,WONKENXX,2034,2.350188864
GLOBAL,S3D4,RNWWONKENXX,1,WONKENXX,2035,2.350188864
GLOBAL,S3D4,RNWWONKENXX,1,WONKENXX,2036,2.350188864
GLOBAL,S3D4,RNWWONKENXX,1,WONKENXX,2037,2.350188864
GLOBAL,S3D4,RNWWONKENXX,1,WONKENXX,2038,2.350188864
GLOBAL,S3D4,RNWWONKENXX,1,WONKENXX,2039,2.350188864
GLOBAL,S3D4,RNWWONKENXX,1,WONKENXX,2040,2.350188864
GLOBAL,S3D4,RNWWONKENXX,1,WONKENXX,2041,2.350188864
GLOBAL,S3D4,RNWWONKENXX,1,WONKENXX,2042,2.350188864
GLOBAL,S3D4,RNWWONKENXX,1,WONKENXX,2043,2.350188864
GLOBAL,S3D4,RNWWONKENXX,1,WONKENXX,2044,2.350188864
GLOBAL,S3D4,RNWWONKENXX,1,WONKENXX,2045,2.350188864
GLOBAL,S3D4,RNWWONKENXX,1,WONKENXX,2046,2.350188864
GLOBAL,S3D4,RNWWONKENXX,1,WONKENXX,2047,2.350188864
GLOBAL,S3D4,TRNKENXXTZAXX,2,ELCKENXX01,2021,0.5810946941213417
GLOBAL,S3D4,TRNKENXXTZAXX,2,ELCKENXX01,2022,0.5810946941213417
GLOBAL,S3D4,TRNKENXXTZAXX,2,ELCKENXX01,2023,0.5810946941213417
GLOBAL,S3D4,TRNKENXXTZAXX,2,ELCKENXX01,2024,4.697346058604017
GLOBAL,S3D4,TRNKENXXTZAXX,2,ELCKENXX01,2025,4.914220897519025
GLOBAL,S3D5,MINGASINT,1,GASINT,2021,10.855704060490297
GLOBAL,S3D5,MINGASINT,1,GASINT,2022,12.162835313807433
GLOBAL,S3D5,MINGASINT,1,GASINT,2023,17.73788150807898
GLOBAL,S3D5,MINGASINT,1,GASINT,2024,21.736384480114456
GLOBAL,S3D5,MINGASINT,1,GASINT,2025,23.785212876981856
GLOBAL,S3D5,MINGASINT,1,GASINT,2026,50.78420841431553
GLOBAL,S3D5,MINGASINT,1,GASINT,2027,85.26312064322856
GLOBAL,S3D5,MINGASINT,1,GASINT,2028,114.65802866094828
GLOBAL,S3D5,MINGASINT,1,GASINT,2029,141.67312638104946
GLOBAL,S3D5,MINGASINT,1,GASINT,2030,167.96415575608438
GLOBAL,S3D5,MINGASINT,1,GASINT,2031,179.43873146312825
GLOBAL,S3D5,MINGASINT,1,GASINT,2032,194.6026045081504
GLOBAL,S3D5,MINGASINT,1,GASINT,2033,206.07718021519528
GLOBAL,S3D5,MINGASINT,1,GASINT,2034,217.55175592223856
GLOBAL,S3D5,MINGASINT,1,GASINT,2035,229.02633162928277
GLOBAL,S3D5,MINGASINT,1,GASINT,2036,240.50090733632663
GLOBAL,S3D5,MINGASINT,1,GASINT,2037,251.97548304337087
GLOBAL,S3D5,MINGASINT,1,GASINT,2038,263.4500587504147
GLOBAL,S3D5,MINGASINT,1,GASINT,2039,274.9246344574583
GLOBAL,S3D5,MINGASINT,1,GASINT,2040,286.39921016450256
GLOBAL,S3D5,MINGASINT,1,GASINT,2041,302.94675798467546
GLOBAL,S3D5,MINGASINT,1,GASINT,2042,319.49430580484875
GLOBAL,S3D5,MINGASINT,1,GASINT,2043,336.0418536250208
GLOBAL,S3D5,MINGASINT,1,GASINT,2044,352.8001275582774
GLOBAL,S3D5,MINGASINT,1,GASINT,2045,365.3813978272757
GLOBAL,S3D5,MINGASINT,1,GASINT,2046,382.93121847917575
GLOBAL,S3D5,MINGASINT,1,GASINT,2047,400.48103913107457
GLOBAL,S3D5,MINGASINT,1,GASINT,2048,419.4733292693824
GLOBAL,S3D5,MINGASINT,1,GASINT,2049,437.0231499212812
GLOBAL,S3D5,MINGASINT,1,GASINT,2050,454.5729705731817
GLOBAL,S3D5,PWRBIOKENXX01,1,ELCKENXX01,2021,0.1796255168759819
GLOBAL,S3D5,PWRBIOKENXX01,1,ELCKENXX01,2022,0.7607789489984219
GLOBAL,S3D5,PWRBIOKENXX01,1,ELCKENXX01,2023,2.8382399999999994
GLOBAL,S3D5,PWRBIOKENXX01,1,ELCKENXX01,2024,2.83824
GLOBAL,S3D5,PWRBIOKENXX01,1,ELCKENXX01,2025,2.83824
GLOBAL,S3D5,PWRBIOKENXX01,1,ELCKENXX01,2026,2.83824
GLOBAL,S3D5,PWRBIOKENXX01,1,ELCKENXX01,2027,2.83824
GLOBAL,S3D5,PWRBIOKENXX01,1,ELCKENXX01,2028,2.83824
GLOBAL,S3D5,PWRBIOKENXX01,1,ELCKENXX01,2029,2.83824
GLOBAL,S3D5,PWRBIOKENXX01,1,ELCKENXX01,2030,2.83824
GLOBAL,S3D5,PWRBIOKENXX01,1,ELCKENXX01,2031,2.83824
GLOBAL,S3D5,PWRBIOTZAXX01,1,ELCTZAXX01,2021,3.529138887570853
GLOBAL,S3D5,PWRBIOTZAXX01,1,ELCTZAXX01,2022,3.529138887570853
GLOBAL,S3D5,PWRBIOTZAXX01,1,ELCTZAXX01,2023,3.529138887570853
GLOBAL,S3D5,PWRBIOTZAXX01,1,ELCTZAXX01,2024,3.529138887570853
GLOBAL,S3D5,PWRBIOTZAXX01,1,ELCTZAXX01,2025,3.529138887570853
GLOBAL,S3D5,PWRBIOTZAXX01,1,ELCTZAXX01,2026,3.529138887570853
GLOBAL,S3D5,PWRBIOTZAXX01,1,ELCTZAXX01,2027,3.529138887570853
GLOBAL,S3D5,PWRBIOTZAXX01,1,ELCTZAXX01,2028,3.529138887570853
GLOBAL,S3D5,PWRBIOTZAXX01,1,ELCTZAXX01,2029,5.707954909154177
GLOBAL,S3D5,PWRBIOTZAXX01,1,ELCTZAXX01,2030,8.549685833042373
GLOBAL,S3D5,PWRBIOTZAXX01,1,ELCTZAXX01,2031,9.78916421473845
GLOBAL,S3D5,PWRBIOTZAXX01,1,ELCTZAXX01,2032,11.02864259643464
GLOBAL,S3D5,PWRBIOTZAXX01,1,ELCTZAXX01,2033,12.268120978130067
GLOBAL,S3D5,PWRBIOTZAXX01,1,ELCTZAXX01,2034,13.50759935982636
GLOBAL,S3D5,PWRBIOTZAXX01,1,ELCTZAXX01,2035,14.747077741521965
GLOBAL,S3D5,PWRBIOTZAXX01,1,ELCTZAXX01,2036,15.986556123218216
GLOBAL,S3D5,PWRBIOTZAXX01,1,ELCTZAXX01,2037,17.226034504914242
GLOBAL,S3D5,PWRBIOTZAXX01,1,ELCTZAXX01,2038,18.465512886610068
GLOBAL,S3D5,PWRBIOTZAXX01,1,ELCTZAXX01,2039,19.704991268305758
GLOBAL,S3D5,PWRBIOTZAXX01,1,ELCTZAXX01,2040,20.944469650001377
GLOBAL,S3D5,PWRBIOTZAXX01,1,ELCTZAXX01,2041,22.74322486246223
GLOBAL,S3D5,PWRBIOTZAXX01,1,ELCTZAXX01,2042,24.541980074923664
GLOBAL,S3D5,PWRBIOTZAXX01,1,ELCTZAXX01,2043,26.34073528738437
GLOBAL,S3D5,PWRBIOTZAXX01,1,ELCTZAXX01,2044,28.139490499845415
GLOBAL,S3D5,PWRBIOTZAXX01,1,ELCTZAXX01,2045,29.938245712306927
GLOBAL,S3D5,PWRBIOTZAXX01,1,ELCTZAXX01,2046,31.73700092476781
GLOBAL,S3D5,PWRBIOTZAXX01,1,ELCTZAXX01,2047,33.535756137229484
GLOBAL,S3D5,PWRBIOTZAXX01,1,ELCTZAXX01,2048,35.33451134969047
GLOBAL,S3D5,PWRBIOTZAXX01,1,ELCTZAXX01,2049,37.13326656215163
GLOBAL,S3D5,PWRBIOTZAXX01,1,ELCTZAXX01,2050,38.93202177461247
GLOBAL,S3D5,PWRCCGTZAXX00,2,ELCTZAXX01,2021,4.395021886838177
GLOBAL,S3D5,PWRCCGTZAXX00,2,ELCTZAXX01,2022,4.924224823403819
GLOBAL,S3D5,PWRCCGTZAXX00,2,ELCTZAXX01,2023,7.181328545780964
GLOBAL,S3D5,PWRCCGTZAXX00,2,ELCTZAXX01,2024,8.800155659965368
GLOBAL,S3D5,PWRCCGTZAXX00,2,ELCTZAXX01,2025,9.629640840883344
GLOBAL,S3D5,PWRCCGTZAXX00,2,ELCTZAXX01,2026,20.56040826490507
GLOBAL,S3D5,PWRCCGTZAXX00,2,ELCTZAXX01,2027,29.703242662309098
GLOBAL,S3D5,PWRCCGTZAXX00,2,ELCTZAXX01,2028,28.029046823132955
GLOBAL,S3D5,PWRCCGTZAXX00,2,ELCTZAXX01,2029,26.35485098395711
GLOBAL,S3D5,PWRCCGTZAXX00,2,ELCTZAXX01,2030,24.680655144780953
GLOBAL,S3D5,PWRCCGTZAXX00,2,ELCTZAXX01,2031,23.9533405589093
GLOBAL,S3D5,PWRCCGTZAXX00,2,ELCTZAXX01,2032,24.71966861999281
GLOBAL,S3D5,PWRCCGTZAXX00,2,ELCTZAXX01,2033,23.992354034121394
GLOBAL,S3D5,PWRCCGTZAXX00,2,ELCTZAXX01,2034,23.265039448249745
GLOBAL,S3D5,PWRCCGTZAXX00,2,ELCTZAXX01,2035,22.53772486237821
GLOBAL,S3D5,PWRCCGTZAXX00,2,ELCTZAXX01,2036,21.8104102765067
GLOBAL,S3D5,PWRCCGTZAXX00,2,ELCTZAXX01,2037,21.083095690635236
GLOBAL,S3D5,PWRCCGTZAXX00,2,ELCTZAXX01,2038,20.355781104763626
GLOBAL,S3D5,PWRCCGTZAXX00,2,ELCTZAXX01,2039,19.628466518892143
GLOBAL,S3D5,PWRCCGTZAXX00,2,ELCTZAXX01,2040,18.90115193302048
GLOBAL,S3D5,PWRCCGTZAXX00,2,ELCTZAXX01,2041,17.803318595856
GLOBAL,S3D5,PWRCCGTZAXX00,2,ELCTZAXX01,2042,16.705485258691535
GLOBAL,S3D5,PWRCCGTZAXX00,2,ELCTZAXX01,2043,15.607651921526813
GLOBAL,S3D5,PWRCCGTZAXX00,2,ELCTZAXX01,2044,14.958172016454956
GLOBAL,S3D5,PWRCCGTZAXX00,2,ELCTZAXX01,2045,15.119188745464832
GLOBAL,S3D5,PWRCCGTZAXX00,2,ELCTZAXX01,2046,16.15385079495478
GLOBAL,S3D5,PWRCCGTZAXX00,2,ELCTZAXX01,2047,17.18851284444454
GLOBAL,S3D5,PWRCCGTZAXX00,2,ELCTZAXX01,2048,19.026743825355982
GLOBAL,S3D5,PWRCCGTZAXX00,2,ELCTZAXX01,2049,20.061405874846223
GLOBAL,S3D5,PWRCCGTZAXX00,2,ELCTZAXX01,2050,21.096067924335983
GLOBAL,S3D5,PWRCCGTZAXX01,2,ELCTZAXX01,2027,5.948055633662541
GLOBAL,S3D5,PWRCCGTZAXX01,2,ELCTZAXX01,2028,22.713141503904936
GLOBAL,S3D5,PWRCCGTZAXX01,2,ELCTZAXX01,2029,38.288322225337694
GLOBAL,S3D5,PWRCCGTZAXX01,2,ELCTZAXX01,2030,53.50146877423772
GLOBAL,S3D5,PWRCCGTZAXX01,2,ELCTZAXX01,2031,60.13699014131114
GLOBAL,S3D5,PWRCCGTZAXX01,2,ELCTZAXX01,2032,66.7725115083841
GLOBAL,S3D5,PWRCCGTZAXX01,2,ELCTZAXX01,2033,73.4080328754577
GLOBAL,S3D5,PWRCCGTZAXX01,2,ELCTZAXX01,2034,80.04355424253083
GLOBAL,S3D5,PWRCCGTZAXX01,2,ELCTZAXX01,2035,86.67907560960425
GLOBAL,S3D5,PWRCCGTZAXX01,2,ELCTZAXX01,2036,93.31459697667752
GLOBAL,S3D5,PWRCCGTZAXX01,2,ELCTZAXX01,2037,99.95011834375092
GLOBAL,S3D5,PWRCCGTZAXX01,2,ELCTZAXX01,2038,106.58563971082428
GLOBAL,S3D5,PWRCCGTZAXX01,2,ELCTZAXX01,2039,113.22116107789736
GLOBAL,S3D5,PWRCCGTZAXX01,2,ELCTZAXX01,2040,119.856682444971
GLOBAL,S3D5,PWRCCGTZAXX01,2,ELCTZAXX01,2041,129.48628052645557
GLOBAL,S3D5,PWRCCGTZAXX01,2,ELCTZAXX01,2042,139.11587860794032
GLOBAL,S3D5,PWRCCGTZAXX01,2,ELCTZAXX01,2043,148.74547668942478
GLOBAL,S3D5,PWRCCGTZAXX01,2,ELCTZAXX01,2044,157.9267213388168
GLOBAL,S3D5,PWRCCGTZAXX01,2,ELCTZAXX01,2045,164.01850081298878
GLOBAL,S3D5,PWRCCGTZAXX01,2,ELCTZAXX01,2046,171.51560350781875
GLOBAL,S3D5,PWRCCGTZAXX01,2,ELCTZAXX01,2047,179.0127062026483
GLOBAL,S3D5,PWRCCGTZAXX01,2,ELCTZAXX01,2048,186.23863601037647
GLOBAL,S3D5,PWRCCGTZAXX01,2,ELCTZAXX01,2049,193.73573870520556
GLOBAL,S3D5,PWRCCGTZAXX01,2,ELCTZAXX01,2050,201.2328414000359
GLOBAL,S3D5,PWRGEOKENXX01,1,ELCKENXX01,2021,32.99859494290263
GLOBAL,S3D5,PWRGEOKENXX01,1,ELCKENXX01,2022,34.57184007451448
GLOBAL,S3D5,PWRGEOKENXX01,1,ELCKENXX01,2023,31.417179741645754
GLOBAL,S3D5,PWRGEOKENXX01,1,ELCKENXX01,2024,36.3296400297878
GLOBAL,S3D5,PWRGEOKENXX01,1,ELCKENXX01,2025,37.90989265945448
GLOBAL,S3D5,PWRGEOKENXX01,1,ELCKENXX01,2026,104.8446911656375
GLOBAL,S3D5,PWRGEOKENXX01,1,ELCKENXX01,2027,172.29124990324976
GLOBAL,S3D5,PWRGEOKENXX01,1,ELCKENXX01,2028,239.7378086408621
GLOBAL,S3D5,PWRGEOKENXX01,1,ELCKENXX01,2029,307.1843673784743
GLOBAL,S3D5,PWRGEOKENXX01,1,ELCKENXX01,2030,374.6309261160867
GLOBAL,S3D5,PWRGEOKENXX01,1,ELCKENXX01,2031,403.9314803217708
GLOBAL,S3D5,PWRGEOKENXX01,1,ELCKENXX01,2032,434.5202416857173
GLOBAL,S3D5,PWRGEOKENXX01,1,ELCKENXX01,2033,463.8207958914013
GLOBAL,S3D5,PWRGEOKENXX01,1,ELCKENXX01,2034,493.1213500970854
GLOBAL,S3D5,PWRGEOKENXX01,1,ELCKENXX01,2035,522.4219043027693
GLOBAL,S3D5,PWRGEOKENXX01,1,ELCKENXX01,2036,551.7224585084533
GLOBAL,S3D5,PWRGEOKENXX01,1,ELCKENXX01,2037,581.0230127141374
GLOBAL,S3D5,PWRGEOKENXX01,1,ELCKENXX01,2038,610.3235669198215
GLOBAL,S3D5,PWRGEOKENXX01,1,ELCKENXX01,2039,639.6241211255054
GLOBAL,S3D5,PWRGEOKENXX01,1,ELCKENXX01,2040,668.9246753311896
GLOBAL,S3D5,PWRGEOKENXX01,1,ELCKENXX01,2041,713.1519269624107
GLOBAL,S3D5,PWRGEOKENXX01,1,ELCKENXX01,2042,757.3791785936317
GLOBAL,S3D5,PWRGEOKENXX01,1,ELCKENXX01,2043,801.6064302248529
GLOBAL,S3D5,PWRGEOKENXX01,1,ELCKENXX01,2044,845.8336818560739
GLOBAL,S3D5,PWRGEOKENXX01,1,ELCKENXX01,2045,892.4259410018105
GLOBAL,S3D5,PWRGEOKENXX01,1,ELCKENXX01,2046,936.6531926330318
GLOBAL,S3D5,PWRGEOKENXX01,1,ELCKENXX01,2047,980.8804442642531
GLOBAL,S3D5,PWRGEOKENXX01,1,ELCKENXX01,2048,1027.0862478763834
GLOBAL,S3D5,PWRGEOKENXX01,1,ELCKENXX01,2049,1071.3134995076048
GLOBAL,S3D5,PWRGEOKENXX01,1,ELCKENXX01,2050,1115.5407511388262
GLOBAL,S3D5,PWRGEOTZAXX01,1,ELCTZAXX01,2021,24.690119415043064
GLOBAL,S3D5,PWRGEOTZAXX01,1,ELCTZAXX01,2022,27.93111396501243
GLOBAL,S3D5,PWRGEOTZAXX01,1,ELCTZAXX01,2023,31.957672720193628
GLOBAL,S3D5,PWRGEOTZAXX01,1,ELCTZAXX01,2024,62.86015973800489
GLOBAL,S3D5,PWRGEOTZAXX01,1,ELCTZAXX01,2025,68.17539079995464
GLOBAL,S3D5,PWRGEOTZAXX01,1,ELCTZAXX01,2026,144.97090572988958
GLOBAL,S3D5,PWRGEOTZAXX01,1,ELCTZAXX01,2027,246.338674437744
GLOBAL,S3D5,PWRGEOTZAXX01,1,ELCTZAXX01,2028,347.7064431455985
GLOBAL,S3D5,PWRGEOTZAXX01,1,ELCTZAXX01,2029,448.08530098067934
GLOBAL,S3D5,PWRGEOTZAXX01,1,ELCTZAXX01,2030,548.1632780859882
GLOBAL,S3D5,PWRGEOTZAXX01,1,ELCTZAXX01,2031,591.8143106531973
GLOBAL,S3D5,PWRGEOTZAXX01,1,ELCTZAXX01,2032,635.4653432204065
GLOBAL,S3D5,PWRGEOTZAXX01,1,ELCTZAXX01,2033,679.1163757876159
GLOBAL,S3D5,PWRGEOTZAXX01,1,ELCTZAXX01,2034,722.767408354825
GLOBAL,S3D5,PWRGEOTZAXX01,1,ELCTZAXX01,2035,766.4184409220343
GLOBAL,S3D5,PWRGEOTZAXX01,1,ELCTZAXX01,2036,810.0694734892433
GLOBAL,S3D5,PWRGEOTZAXX01,1,ELCTZAXX01,2037,853.7205060564523
GLOBAL,S3D5,PWRGEOTZAXX01,1,ELCTZAXX01,2038,897.3715386236614
GLOBAL,S3D5,PWRGEOTZAXX01,1,ELCTZAXX01,2039,941.0225711908713
GLOBAL,S3D5,PWRGEOTZAXX01,1,ELCTZAXX01,2040,984.6736037580805
GLOBAL,S3D5,PWRGEOTZAXX01,1,ELCTZAXX01,2041,1048.0208339470794
GLOBAL,S3D5,PWRGEOTZAXX01,1,ELCTZAXX01,2042,1111.3680641360777
GLOBAL,S3D5,PWRGEOTZAXX01,1,ELCTZAXX01,2043,1174.715294325077
GLOBAL,S3D5,PWRGEOTZAXX01,1,ELCTZAXX01,2044,1238.0625245140754
GLOBAL,S3D5,PWRGEOTZAXX01,1,ELCTZAXX01,2045,1301.4097547030742
GLOBAL,S3D5,PWRGEOTZAXX01,1,ELCTZAXX01,2046,1364.7569848920732
GLOBAL,S3D5,PWRGEOTZAXX01,1,ELCTZAXX01,2047,1428.1042150810715
GLOBAL,S3D5,PWRGEOTZAXX01,1,ELCTZAXX01,2048,1491.45144527007
GLOBAL,S3D5,PWRGEOTZAXX01,1,ELCTZAXX01,2049,1554.798675459069
GLOBAL,S3D5,PWRGEOTZAXX01,1,ELCTZAXX01,2050,1618.145905648068
GLOBAL,S3D5,PWRHYDKENXX01,1,ELCKENXX01,2021,14.42867806368
GLOBAL,S3D5,PWRHYDKENXX01,1,ELCKENXX01,2022,14.42867806368
GLOBAL,S3D5,PWRHYDKENXX01,1,ELCKENXX01,2023,14.42867806368
GLOBAL,S3D5,PWRHYDKENXX01,1,ELCKENXX01,2024,14.42867806368
GLOBAL,S3D5,PWRHYDKENXX01,1,ELCKENXX01,2025,14.42867806368
GLOBAL,S3D5,PWRHYDKENXX01,1,ELCKENXX01,2026,14.42867806368
GLOBAL,S3D5,PWRHYDKENXX01,1,ELCKENXX01,2027,14.42867806368
GLOBAL,S3D5,PWRHYDKENXX01,1,ELCKENXX01,2028,14.42867806368
GLOBAL,S3D5,PWRHYDKENXX01,1,ELCKENXX01,2029,14.42867806368
GLOBAL,S3D5,PWRHYDKENXX01,1,ELCKENXX01,2030,14.42867806368
GLOBAL,S3D5,PWRHYDKENXX01,1,ELCKENXX01,2031,14.42867806368
GLOBAL,S3D5,PWRHYDKENXX01,1,ELCKENXX01,2032,14.42867806368
GLOBAL,S3D5,PWRHYDKENXX01,1,ELCKENXX01,2033,14.42867806368
GLOBAL,S3D5,PWRHYDKENXX01,1,ELCKENXX01,2034,14.42867806368
GLOBAL,S3D5,PWRHYDKENXX01,1,ELCKENXX01,2035,14.42867806368
GLOBAL,S3D5,PWRHYDKENXX01,1,ELCKENXX01,2036,14.42867806368
GLOBAL,S3D5,PWRHYDKENXX01,1,ELCKENXX01,2037,14.42867806368
GLOBAL,S3D5,PWRHYDKENXX01,1,ELCKENXX01,2038,14.42867806368
GLOBAL,S3D5,PWRHYDKENXX01,1,ELCKENXX01,2039,14.42867806368
GLOBAL,S3D5,PWRHYDKENXX01,1,ELCKENXX01,2040,14.42867806368
GLOBAL,S3D5,PWRHYDKENXX01,1,ELCKENXX01,2041,14.42867806368
GLOBAL,S3D5,PWRHYDKENXX01,1,ELCKENXX01,2042,14.42867806368
GLOBAL,S3D5,PWRHYDKENXX01,1,ELCKENXX01,2043,14.42867806368
GLOBAL,S3D5,PWRHYDKENXX01,1,ELCKENXX01,2044,14.42867806368
GLOBAL,S3D5,PWRHYDKENXX01,1,ELCKENXX01,2045,14.42867806368
GLOBAL,S3D5,PWRHYDKENXX01,1,ELCKENXX01,2046,14.42867806368
GLOBAL,S3D5,PWRHYDKENXX01,1,ELCKENXX01,2047,14.42867806368
GLOBAL,S3D5,PWRHYDKENXX01,1,ELCKENXX01,2048,14.42867806368
GLOBAL,S3D5,PWRHYDKENXX01,1,ELCKENXX01,2049,14.42867806368
GLOBAL,S3D5,PWRHYDKENXX01,1,ELCKENXX01,2050,14.42867806368
GLOBAL,S3D5,PWRHYDTZAXX01,1,ELCTZAXX01,2021,7.0200649728
GLOBAL,S3D5,PWRHYDTZAXX01,1,ELCTZAXX01,2022,7.0200649728
GLOBAL,S3D5,PWRHYDTZAXX01,1,ELCTZAXX01,2023,7.0200649728
GLOBAL,S3D5,PWRHYDTZAXX01,1,ELCTZAXX01,2024,7.0200649728
GLOBAL,S3D5,PWRHYDTZAXX01,1,ELCTZAXX01,2025,7.0200649728
GLOBAL,S3D5,PWRHYDTZAXX01,1,ELCTZAXX01,2026,7.0200649728
GLOBAL,S3D5,PWRHYDTZAXX01,1,ELCTZAXX01,2027,7.0200649728
GLOBAL,S3D5,PWRHYDTZAXX01,1,ELCTZAXX01,2028,7.0200649728
GLOBAL,S3D5,PWRHYDTZAXX01,1,ELCTZAXX01,2029,7.0200649728
GLOBAL,S3D5,PWRHYDTZAXX01,1,ELCTZAXX01,2030,7.0200649728
GLOBAL,S3D5,PWRHYDTZAXX01,1,ELCTZAXX01,2031,7.0200649728
GLOBAL,S3D5,PWRHYDTZAXX01,1,ELCTZAXX01,2032,7.0200649728
GLOBAL,S3D5,PWRHYDTZAXX01,1,ELCTZAXX01,2033,7.0200649728
GLOBAL,S3D5,PWRHYDTZAXX01,1,ELCTZAXX01,2034,7.0200649728
GLOBAL,S3D5,PWRHYDTZAXX01,1,ELCTZAXX01,2035,7.0200649728
GLOBAL,S3D5,PWRHYDTZAXX01,1,ELCTZAXX01,2036,7.0200649728
GLOBAL,S3D5,PWRHYDTZAXX01,1,ELCTZAXX01,2037,7.0200649728
GLOBAL,S3D5,PWRHYDTZAXX01,1,ELCTZAXX01,2038,7.0200649728
GLOBAL,S3D5,PWRHYDTZAXX01,1,ELCTZAXX01,2039,7.0200649728
GLOBAL,S3D5,PWRHYDTZAXX01,1,ELCTZAXX01,2040,7.0200649728
GLOBAL,S3D5,PWRHYDTZAXX01,1,ELCTZAXX01,2041,7.0200649728
GLOBAL,S3D5,PWRHYDTZAXX01,1,ELCTZAXX01,2042,7.0200649728
GLOBAL,S3D5,PWRHYDTZAXX01,1,ELCTZAXX01,2043,7.0200649728
GLOBAL,S3D5,PWRHYDTZAXX01,1,ELCTZAXX01,2044,7.0200649728
GLOBAL,S3D5,PWRHYDTZAXX01,1,ELCTZAXX01,2045,7.0200649728
GLOBAL,S3D5,PWRHYDTZAXX01,1,ELCTZAXX01,2046,7.0200649728
GLOBAL,S3D5,PWRHYDTZAXX01,1,ELCTZAXX01,2047,7.0200649728
GLOBAL,S3D5,PWRHYDTZAXX01,1,ELCTZAXX01,2048,7.0200649728
GLOBAL,S3D5,PWRHYDTZAXX01,1,ELCTZAXX01,2049,7.0200649728
GLOBAL,S3D5,PWRHYDTZAXX01,1,ELCTZAXX01,2050,7.0200649728
GLOBAL,S3D5,PWRTRNKENXX,1,ELCKENXX02,2021,50.154200001858605
GLOBAL,S3D5,PWRTRNKENXX,1,ELCKENXX02,2022,52.3085985655929
GLOBAL,S3D5,PWRTRNKENXX,1,ELCKENXX02,2023,51.23139928372576
GLOBAL,S3D5,PWRTRNKENXX,1,ELCKENXX02,2024,56.12760591746781
GLOBAL,S3D5,PWRTRNKENXX,1,ELCKENXX02,2025,57.70785854713448
GLOBAL,S3D5,PWRTRNKENXX,1,ELCKENXX02,2026,124.64265705331748
GLOBAL,S3D5,PWRTRNKENXX,1,ELCKENXX02,2027,192.08921579092976
GLOBAL,S3D5,PWRTRNKENXX,1,ELCKENXX02,2028,259.53577452854216
GLOBAL,S3D5,PWRTRNKENXX,1,ELCKENXX02,2029,326.9823332661543
GLOBAL,S3D5,PWRTRNKENXX,1,ELCKENXX02,2030,394.42889200376663
GLOBAL,S3D5,PWRTRNKENXX,1,ELCKENXX02,2031,423.7294462094508
GLOBAL,S3D5,PWRTRNKENXX,1,ELCKENXX02,2032,451.47996757339735
GLOBAL,S3D5,PWRTRNKENXX,1,ELCKENXX02,2033,480.78052177908125
GLOBAL,S3D5,PWRTRNKENXX,1,ELCKENXX02,2034,510.08107598476533
GLOBAL,S3D5,PWRTRNKENXX,1,ELCKENXX02,2035,539.3816301904494
GLOBAL,S3D5,PWRTRNKENXX,1,ELCKENXX02,2036,568.6821843961334
GLOBAL,S3D5,PWRTRNKENXX,1,ELCKENXX02,2037,597.9827386018173
GLOBAL,S3D5,PWRTRNKENXX,1,ELCKENXX02,2038,627.2832928075014
GLOBAL,S3D5,PWRTRNKENXX,1,ELCKENXX02,2039,656.5838470131854
GLOBAL,S3D5,PWRTRNKENXX,1,ELCKENXX02,2040,685.8844012188696
GLOBAL,S3D5,PWRTRNKENXX,1,ELCKENXX02,2041,730.1116528500905
GLOBAL,S3D5,PWRTRNKENXX,1,ELCKENXX02,2042,774.3389044813117
GLOBAL,S3D5,PWRTRNKENXX,1,ELCKENXX02,2043,818.566156112533
GLOBAL,S3D5,PWRTRNKENXX,1,ELCKENXX02,2044,862.7934077437537
GLOBAL,S3D5,PWRTRNKENXX,1,ELCKENXX02,2045,909.3856668894906
GLOBAL,S3D5,PWRTRNKENXX,1,ELCKENXX02,2046,953.6129185207118
GLOBAL,S3D5,PWRTRNKENXX,1,ELCKENXX02,2047,997.8401701519331
GLOBAL,S3D5,PWRTRNKENXX,1,ELCKENXX02,2048,1041.5149259400634
GLOBAL,S3D5,PWRTRNKENXX,1,ELCKENXX02,2049,1085.7421775712849
GLOBAL,S3D5,PWRTRNKENXX,1,ELCKENXX02,2050,1129.9694292025065
GLOBAL,S3D5,PWRTRNTZAXX,1,ELCTZAXX02,2021,40.21543985637344
GLOBAL,S3D5,PWRTRNTZAXX,1,ELCTZAXX02,2022,43.98563734290844
GLOBAL,S3D5,PWRTRNTZAXX,1,ELCTZAXX02,2023,50.269299820466784
GLOBAL,S3D5,PWRTRNTZAXX,1,ELCTZAXX02,2024,85.43267504488331
GLOBAL,S3D5,PWRTRNTZAXX,1,ELCTZAXX02,2025,91.61579892280072
GLOBAL,S3D5,PWRTRNTZAXX,1,ELCTZAXX02,2026,180.96947935368044
GLOBAL,S3D5,PWRTRNTZAXX,1,ELCTZAXX02,2027,299.10233393177737
GLOBAL,S3D5,PWRTRNTZAXX,1,ELCTZAXX02,2028,417.2351885098743
GLOBAL,S3D5,PWRTRNTZAXX,1,ELCTZAXX02,2029,535.3680430879713
GLOBAL,S3D5,PWRTRNTZAXX,1,ELCTZAXX02,2030,653.5008976660681
GLOBAL,S3D5,PWRTRNTZAXX,1,ELCTZAXX02,2031,705.0269299820468
GLOBAL,S3D5,PWRTRNTZAXX,1,ELCTZAXX02,2032,756.5529622980251
GLOBAL,S3D5,PWRTRNTZAXX,1,ELCTZAXX02,2033,808.0789946140037
GLOBAL,S3D5,PWRTRNTZAXX,1,ELCTZAXX02,2034,859.605026929982
GLOBAL,S3D5,PWRTRNTZAXX,1,ELCTZAXX02,2035,911.1310592459603
GLOBAL,S3D5,PWRTRNTZAXX,1,ELCTZAXX02,2036,962.657091561939
GLOBAL,S3D5,PWRTRNTZAXX,1,ELCTZAXX02,2037,1014.1831238779174
GLOBAL,S3D5,PWRTRNTZAXX,1,ELCTZAXX02,2038,1065.709156193896
GLOBAL,S3D5,PWRTRNTZAXX,1,ELCTZAXX02,2039,1117.2351885098742
GLOBAL,S3D5,PWRTRNTZAXX,1,ELCTZAXX02,2040,1168.761220825853
GLOBAL,S3D5,PWRTRNTZAXX,1,ELCTZAXX02,2041,1243.5368043087972
GLOBAL,S3D5,PWRTRNTZAXX,1,ELCTZAXX02,2042,1318.3123877917417
GLOBAL,S3D5,PWRTRNTZAXX,1,ELCTZAXX02,2043,1393.0879712746855
GLOBAL,S3D5,PWRTRNTZAXX,1,ELCTZAXX02,2044,1467.8635547576305
GLOBAL,S3D5,PWRTRNTZAXX,1,ELCTZAXX02,2045,1542.6391382405743
GLOBAL,S3D5,PWRTRNTZAXX,1,ELCTZAXX02,2046,1617.4147217235188
GLOBAL,S3D5,PWRTRNTZAXX,1,ELCTZAXX02,2047,1692.190305206463
GLOBAL,S3D5,PWRTRNTZAXX,1,ELCTZAXX02,2048,1766.9658886894076
GLOBAL,S3D5,PWRTRNTZAXX,1,ELCTZAXX02,2049,1841.741472172352
GLOBAL,S3D5,PWRTRNTZAXX,1,ELCTZAXX02,2050,1916.517055655296
GLOBAL,S3D5,PWRWONKENXX01,1,ELCKENXX01,2021,2.5473014784
GLOBAL,S3D5,PWRWONKENXX01,1,ELCKENXX01,2022,2.5473014784
GLOBAL,S3D5,PWRWONKENXX01,1,ELCKENXX01,2023,2.5473014784
GLOBAL,S3D5,PWRWONKENXX01,1,ELCKENXX01,2024,2.531047824
GLOBAL,S3D5,PWRWONKENXX01,1,ELCKENXX01,2025,2.531047824
GLOBAL,S3D5,PWRWONKENXX01,1,ELCKENXX01,2026,2.531047824
GLOBAL,S3D5,PWRWONKENXX01,1,ELCKENXX01,2027,2.531047824
GLOBAL,S3D5,PWRWONKENXX01,1,ELCKENXX01,2028,2.531047824
GLOBAL,S3D5,PWRWONKENXX01,1,ELCKENXX01,2029,2.531047824
GLOBAL,S3D5,PWRWONKENXX01,1,ELCKENXX01,2030,2.531047824
GLOBAL,S3D5,PWRWONKENXX01,1,ELCKENXX01,2031,2.531047824
GLOBAL,S3D5,PWRWONKENXX01,1,ELCKENXX01,2032,2.531047824
GLOBAL,S3D5,PWRWONKENXX01,1,ELCKENXX01,2033,2.531047824
GLOBAL,S3D5,PWRWONKENXX01,1,ELCKENXX01,2034,2.531047824
GLOBAL,S3D5,PWRWONKENXX01,1,ELCKENXX01,2035,2.531047824
GLOBAL,S3D5,PWRWONKENXX01,1,ELCKENXX01,2036,2.531047824
GLOBAL,S3D5,PWRWONKENXX01,1,ELCKENXX01,2037,2.531047824
GLOBAL,S3D5,PWRWONKENXX01,1,ELCKENXX01,2038,2.531047824
GLOBAL,S3D5,PWRWONKENXX01,1,ELCKENXX01,2039,2.531047824
GLOBAL,S3D5,PWRWONKENXX01,1,ELCKENXX01,2040,2.531047824
GLOBAL,S3D5,PWRWONKENXX01,1,ELCKENXX01,2041,2.531047824
GLOBAL,S3D5,PWRWONKENXX01,1,ELCKENXX01,2042,2.531047824
GLOBAL,S3D5,PWRWONKENXX01,1,ELCKENXX01,2043,2.531047824
GLOBAL,S3D5,PWRWONKENXX01,1,ELCKENXX01,2044,2.531047824
GLOBAL,S3D5,PWRWONKENXX01,1,ELCKENXX01,2045,2.531047824
GLOBAL,S3D5,PWRWONKENXX01,1,ELCKENXX01,2046,2.531047824
GLOBAL,S3D5,PWRWONKENXX01,1,ELCKENXX01,2047,2.531047824
GLOBAL,S3D5,RNWBIOKENXX,1,BIOKENXX,2021,0.5676166333281029
GLOBAL,S3D5,RNWBIOKENXX,1,BIOKENXX,2022,2.4040614788350134
GLOBAL,S3D5,RNWBIOKENXX,1,BIOKENXX,2023,8.9688384
GLOBAL,S3D5,RNWBIOKENXX,1,BIOKENXX,2024,8.9688384
GLOBAL,S3D5,RNWBIOKENXX,1,BIOKENXX,2025,8.9688384
GLOBAL,S3D5,RNWBIOKENXX,1,BIOKENXX,2026,8.9688384
GLOBAL,S3D5,RNWBIOKENXX,1,BIOKENXX,2027,8.9688384
GLOBAL,S3D5,RNWBIOKENXX,1,BIOKENXX,2028,8.9688384
GLOBAL,S3D5,RNWBIOKENXX,1,BIOKENXX,2029,8.9688384
GLOBAL,S3D5,RNWBIOKENXX,1,BIOKENXX,2030,8.9688384
GLOBAL,S3D5,RNWBIOKENXX,1,BIOKENXX,2031,8.9688384
GLOBAL,S3D5,RNWBIOTZAXX,1,BIOTZAXX,2021,11.75203249561094
GLOBAL,S3D5,RNWBIOTZAXX,1,BIOTZAXX,2022,11.75203249561094
GLOBAL,S3D5,RNWBIOTZAXX,1,BIOTZAXX,2023,11.75203249561094
GLOBAL,S3D5,RNWBIOTZAXX,1,BIOTZAXX,2024,11.75203249561094
GLOBAL,S3D5,RNWBIOTZAXX,1,BIOTZAXX,2025,11.75203249561094
GLOBAL,S3D5,RNWBIOTZAXX,1,BIOTZAXX,2026,11.75203249561094
GLOBAL,S3D5,RNWBIOTZAXX,1,BIOTZAXX,2027,11.75203249561094
GLOBAL,S3D5,RNWBIOTZAXX,1,BIOTZAXX,2028,11.75203249561094
GLOBAL,S3D5,RNWBIOTZAXX,1,BIOTZAXX,2029,19.007489847483413
GLOBAL,S3D5,RNWBIOTZAXX,1,BIOTZAXX,2030,28.470453824031104
GLOBAL,S3D5,RNWBIOTZAXX,1,BIOTZAXX,2031,32.59791683507905
GLOBAL,S3D5,RNWBIOTZAXX,1,BIOTZAXX,2032,36.72537984612735
GLOBAL,S3D5,RNWBIOTZAXX,1,BIOTZAXX,2033,40.85284285717313
GLOBAL,S3D5,RNWBIOTZAXX,1,BIOTZAXX,2034,44.98030586822178
GLOBAL,S3D5,RNWBIOTZAXX,1,BIOTZAXX,2035,49.10776887926814
GLOBAL,S3D5,RNWBIOTZAXX,1,BIOTZAXX,2036,53.235231890316655
GLOBAL,S3D5,RNWBIOTZAXX,1,BIOTZAXX,2037,57.36269490136442
GLOBAL,S3D5,RNWBIOTZAXX,1,BIOTZAXX,2038,61.490157912411526
GLOBAL,S3D5,RNWBIOTZAXX,1,BIOTZAXX,2039,65.61762092345816
GLOBAL,S3D5,RNWBIOTZAXX,1,BIOTZAXX,2040,69.74508393450459
GLOBAL,S3D5,RNWBIOTZAXX,1,BIOTZAXX,2041,75.73493879199923
GLOBAL,S3D5,RNWBIOTZAXX,1,BIOTZAXX,2042,81.72479364949581
GLOBAL,S3D5,RNWBIOTZAXX,1,BIOTZAXX,2043,87.71464850698993
GLOBAL,S3D5,RNWBIOTZAXX,1,BIOTZAXX,2044,93.70450336448525
GLOBAL,S3D5,RNWBIOTZAXX,1,BIOTZAXX,2045,99.69435822198209
GLOBAL,S3D5,RNWBIOTZAXX,1,BIOTZAXX,2046,105.68421307947682
GLOBAL,S3D5,RNWBIOTZAXX,1,BIOTZAXX,2047,111.67406793697418
GLOBAL,S3D5,RNWBIOTZAXX,1,BIOTZAXX,2048,117.66392279446929
GLOBAL,S3D5,RNWBIOTZAXX,1,BIOTZAXX,2049,123.65377765196531
GLOBAL,S3D5,RNWBIOTZAXX,1,BIOTZAXX,2050,129.6436325094595
GLOBAL,S3D5,RNWGEOKENXX,1,GEOKENXX,2021,32.99859494290263
GLOBAL,S3D5,RNWGEOKENXX,1,GEOKENXX,2022,34.57184007451448
GLOBAL,S3D5,RNWGEOKENXX,1,GEOKENXX,2023,31.417179741645754
GLOBAL,S3D5,RNWGEOKENXX,1,GEOKENXX,2024,36.3296400297878
GLOBAL,S3D5,RNWGEOKENXX,1,GEOKENXX,2025,37.90989265945448
GLOBAL,S3D5,RNWGEOKENXX,1,GEOKENXX,2026,104.8446911656375
GLOBAL,S3D5,RNWGEOKENXX,1,GEOKENXX,2027,172.29124990324976
GLOBAL,S3D5,RNWGEOKENXX,1,GEOKENXX,2028,239.7378086408621
GLOBAL,S3D5,RNWGEOKENXX,1,GEOKENXX,2029,307.1843673784743
GLOBAL,S3D5,RNWGEOKENXX,1,GEOKENXX,2030,374.6309261160867
GLOBAL,S3D5,RNWGEOKENXX,1,GEOKENXX,2031,403.9314803217708
GLOBAL,S3D5,RNWGEOKENXX,1,GEOKENXX,2032,434.5202416857173
GLOBAL,S3D5,RNWGEOKENXX,1,GEOKENXX,2033,463.8207958914013
GLOBAL,S3D5,RNWGEOKENXX,1,GEOKENXX,2034,493.1213500970854
GLOBAL,S3D5,RNWGEOKENXX,1,GEOKENXX,2035,522.4219043027693
GLOBAL,S3D5,RNWGEOKENXX,1,GEOKENXX,2036,551.7224585084533
GLOBAL,S3D5,RNWGEOKENXX,1,GEOKENXX,2037,581.0230127141374
GLOBAL,S3D5,RNWGEOKENXX,1,GEOKENXX,2038,610.3235669198215
GLOBAL,S3D5,RNWGEOKENXX,1,GEOKENXX,2039,639.6241211255054
GLOBAL,S3D5,RNWGEOKENXX,1,GEOKENXX,2040,668.9246753311896
GLOBAL,S3D5,RNWGEOKENXX,1,GEOKENXX,2041,713.1519269624107
GLOBAL,S3D5,RNWGEOKENXX,1,GEOKENXX,2042,757.3791785936317
GLOBAL,S3D5,RNWGEOKENXX,1,GEOKENXX,2043,801.6064302248529
GLOBAL,S3D5,RNWGEOKENXX,1,GEOKENXX,2044,845.8336818560739
GLOBAL,S3D5,RNWGEOKENXX,1,GEOKENXX,2045,892.4259410018105
GLOBAL,S3D5,RNWGEOKENXX,1,GEOKENXX,2046,936.6531926330318
GLOBAL,S3D5,RNWGEOKENXX,1,GEOKENXX,2047,980.8804442642531
GLOBAL,S3D5,RNWGEOKENXX,1,GEOKENXX,2048,1027.0862478763834
GLOBAL,S3D5,RNWGEOKENXX,1,GEOKENXX,2049,1071.3134995076048
GLOBAL,S3D5,RNWGEOKENXX,1,GEOKENXX,2050,1115.5407511388262
GLOBAL,S3D5,RNWGEOTZAXX,1,GEOTZAXX,2021,24.690119415043064
GLOBAL,S3D5,RNWGEOTZAXX,1,GEOTZAXX,2022,27.93111396501243
GLOBAL,S3D5,RNWGEOTZAXX,1,GEOTZAXX,2023,31.957672720193628
GLOBAL,S3D5,RNWGEOTZAXX,1,GEOTZAXX,2024,62.86015973800488
GLOBAL,S3D5,RNWGEOTZAXX,1,GEOTZAXX,2025,68.17539079995464
GLOBAL,S3D5,RNWGEOTZAXX,1,GEOTZAXX,2026,144.97090572988958
GLOBAL,S3D5,RNWGEOTZAXX,1,GEOTZAXX,2027,246.338674437744
GLOBAL,S3D5,RNWGEOTZAXX,1,GEOTZAXX,2028,347.7064431455985
GLOBAL,S3D5,RNWGEOTZAXX,1,GEOTZAXX,2029,448.08530098067934
GLOBAL,S3D5,RNWGEOTZAXX,1,GEOTZAXX,2030,548.1632780859882
GLOBAL,S3D5,RNWGEOTZAXX,1,GEOTZAXX,2031,591.8143106531973
GLOBAL,S3D5,RNWGEOTZAXX,1,GEOTZAXX,2032,635.4653432204065
GLOBAL,S3D5,RNWGEOTZAXX,1,GEOTZAXX,2033,679.1163757876158
GLOBAL,S3D5,RNWGEOTZAXX,1,GEOTZAXX,2034,722.767408354825
GLOBAL,S3D5,RNWGEOTZAXX,1,GEOTZAXX,2035,766.4184409220343
GLOBAL,S3D5,RNWGEOTZAXX,1,GEOTZAXX,2036,810.0694734892433
GLOBAL,S3D5,RNWGEOTZAXX,1,GEOTZAXX,2037,853.7205060564521
GLOBAL,S3D5,RNWGEOTZAXX,1,GEOTZAXX,2038,897.3715386236614
GLOBAL,S3D5,RNWGEOTZAXX,1,GEOTZAXX,2039,941.0225711908713
GLOBAL,S3D5,RNWGEOTZAXX,1,GEOTZAXX,2040,984.6736037580805
GLOBAL,S3D5,RNWGEOTZAXX,1,GEOTZAXX,2041,1048.0208339470794
GLOBAL,S3D5,RNWGEOTZAXX,1,GEOTZAXX,2042,1111.3680641360777
GLOBAL,S3D5,RNWGEOTZAXX,1,GEOTZAXX,2043,1174.715294325077
GLOBAL,S3D5,RNWGEOTZAXX,1,GEOTZAXX,2044,1238.0625245140754
GLOBAL,S3D5,RNWGEOTZAXX,1,GEOTZAXX,2045,1301.4097547030742
GLOBAL,S3D5,RNWGEOTZAXX,1,GEOTZAXX,2046,1364.7569848920732
GLOBAL,S3D5,RNWGEOTZAXX,1,GEOTZAXX,2047,1428.1042150810715
GLOBAL,S3D5,RNWGEOTZAXX,1,GEOTZAXX,2048,1491.45144527007
GLOBAL,S3D5,RNWGEOTZAXX,1,GEOTZAXX,2049,1554.798675459069
GLOBAL,S3D5,RNWGEOTZAXX,1,GEOTZAXX,2050,1618.145905648068
GLOBAL,S3D5,RNWHYDKENXX,1,HYDKENXX,2021,14.42867806368
GLOBAL,S3D5,RNWHYDKENXX,1,HYDKENXX,2022,14.42867806368
GLOBAL,S3D5,RNWHYDKENXX,1,HYDKENXX,2023,14.42867806368
GLOBAL,S3D5,RNWHYDKENXX,1,HYDKENXX,2024,14.42867806368
GLOBAL,S3D5,RNWHYDKENXX,1,HYDKENXX,2025,14.42867806368
GLOBAL,S3D5,RNWHYDKENXX,1,HYDKENXX,2026,14.42867806368
GLOBAL,S3D5,RNWHYDKENXX,1,HYDKENXX,2027,14.42867806368
GLOBAL,S3D5,RNWHYDKENXX,1,HYDKENXX,2028,14.42867806368
GLOBAL,S3D5,RNWHYDKENXX,1,HYDKENXX,2029,14.42867806368
GLOBAL,S3D5,RNWHYDKENXX,1,HYDKENXX,2030,14.42867806368
GLOBAL,S3D5,RNWHYDKENXX,1,HYDKENXX,2031,14.42867806368
GLOBAL,S3D5,RNWHYDKENXX,1,HYDKENXX,2032,14.42867806368
GLOBAL,S3D5,RNWHYDKENXX,1,HYDKENXX,2033,14.42867806368
GLOBAL,S3D5,RNWHYDKENXX,1,HYDKENXX,2034,14.42867806368
GLOBAL,S3D5,RNWHYDKENXX,1,HYDKENXX,2035,14.42867806368
GLOBAL,S3D5,RNWHYDKENXX,1,HYDKENXX,2036,14.42867806368
GLOBAL,S3D5,RNWHYDKENXX,1,HYDKENXX,2037,14.42867806368
GLOBAL,S3D5,RNWHYDKENXX,1,HYDKENXX,2038,14.42867806368
GLOBAL,S3D5,RNWHYDKENXX,1,HYDKENXX,2039,14.42867806368
GLOBAL,S3D5,RNWHYDKENXX,1,HYDKENXX,2040,14.42867806368
GLOBAL,S3D5,RNWHYDKENXX,1,HYDKENXX,2041,14.42867806368
GLOBAL,S3D5,RNWHYDKENXX,1,HYDKENXX,2042,14.42867806368
GLOBAL,S3D5,RNWHYDKENXX,1,HYDKENXX,2043,14.42867806368
GLOBAL,S3D5,RNWHYDKENXX,1,HYDKENXX,2044,14.42867806368
GLOBAL,S3D5,RNWHYDKENXX,1,HYDKENXX,2045,14.42867806368
GLOBAL,S3D5,RNWHYDKENXX,1,HYDKENXX,2046,14.42867806368
GLOBAL,S3D5,RNWHYDKENXX,1,HYDKENXX,2047,14.42867806368
GLOBAL,S3D5,RNWHYDKENXX,1,HYDKENXX,2048,14.42867806368
GLOBAL,S3D5,RNWHYDKENXX,1,HYDKENXX,2049,14.42867806368
GLOBAL,S3D5,RNWHYDKENXX,1,HYDKENXX,2050,14.42867806368
GLOBAL,S3D5,RNWHYDTZAXX,1,HYDTZAXX,2021,7.0200649728
GLOBAL,S3D5,RNWHYDTZAXX,1,HYDTZAXX,2022,7.0200649728
GLOBAL,S3D5,RNWHYDTZAXX,1,HYDTZAXX,2023,7.0200649728
GLOBAL,S3D5,RNWHYDTZAXX,1,HYDTZAXX,2024,7.0200649728
GLOBAL,S3D5,RNWHYDTZAXX,1,HYDTZAXX,2025,7.0200649728
GLOBAL,S3D5,RNWHYDTZAXX,1,HYDTZAXX,2026,7.0200649728
GLOBAL,S3D5,RNWHYDTZAXX,1,HYDTZAXX,2027,7.0200649728
GLOBAL,S3D5,RNWHYDTZAXX,1,HYDTZAXX,2028,7.0200649728
GLOBAL,S3D5,RNWHYDTZAXX,1,HYDTZAXX,2029,7.0200649728
GLOBAL,S3D5,RNWHYDTZAXX,1,HYDTZAXX,2030,7.0200649728
GLOBAL,S3D5,RNWHYDTZAXX,1,HYDTZAXX,2031,7.0200649728
GLOBAL,S3D5,RNWHYDTZAXX,1,HYDTZAXX,2032,7.0200649728
GLOBAL,S3D5,RNWHYDTZAXX,1,HYDTZAXX,2033,7.0200649728
GLOBAL,S3D5,RNWHYDTZAXX,1,HYDTZAXX,2034,7.0200649728
GLOBAL,S3D5,RNWHYDTZAXX,1,HYDTZAXX,2035,7.0200649728
GLOBAL,S3D5,RNWHYDTZAXX,1,HYDTZAXX,2036,7.0200649728
GLOBAL,S3D5,RNWHYDTZAXX,1,HYDTZAXX,2037,7.0200649728
GLOBAL,S3D5,RNWHYDTZAXX,1,HYDTZAXX,2038,7.0200649728
GLOBAL,S3D5,RNWHYDTZAXX,1,HYDTZAXX,2039,7.0200649728
GLOBAL,S3D5,RNWHYDTZAXX,1,HYDTZAXX,2040,7.0200649728
GLOBAL,S3D5,RNWHYDTZAXX,1,HYDTZAXX,2041,7.0200649728
GLOBAL,S3D5,RNWHYDTZAXX,1,HYDTZAXX,2042,7.0200649728
GLOBAL,S3D5,RNWHYDTZAXX,1,HYDTZAXX,2043,7.0200649728
GLOBAL,S3D5,RNWHYDTZAXX,1,HYDTZAXX,2044,7.0200649728
GLOBAL,S3D5,RNWHYDTZAXX,1,HYDTZAXX,2045,7.0200649728
GLOBAL,S3D5,RNWHYDTZAXX,1,HYDTZAXX,2046,7.0200649728
GLOBAL,S3D5,RNWHYDTZAXX,1,HYDTZAXX,2047,7.0200649728
GLOBAL,S3D5,RNWHYDTZAXX,1,HYDTZAXX,2048,7.0200649728
GLOBAL,S3D5,RNWHYDTZAXX,1,HYDTZAXX,2049,7.0200649728
GLOBAL,S3D5,RNWHYDTZAXX,1,HYDTZAXX,2050,7.0200649728
GLOBAL,S3D5,RNWWONKENXX,1,WONKENXX,2021,2.5473014784
GLOBAL,S3D5,RNWWONKENXX,1,WONKENXX,2022,2.5473014784
GLOBAL,S3D5,RNWWONKENXX,1,WONKENXX,2023,2.5473014784
GLOBAL,S3D5,RNWWONKENXX,1,WONKENXX,2024,2.531047824
GLOBAL,S3D5,RNWWONKENXX,1,WONKENXX,2025,2.531047824
GLOBAL,S3D5,RNWWONKENXX,1,WONKENXX,2026,2.531047824
GLOBAL,S3D5,RNWWONKENXX,1,WONKENXX,2027,2.531047824
GLOBAL,S3D5,RNWWONKENXX,1,WONKENXX,2028,2.531047824
GLOBAL,S3D5,RNWWONKENXX,1,WONKENXX,2029,2.531047824
GLOBAL,S3D5,RNWWONKENXX,1,WONKENXX,2030,2.531047824
GLOBAL,S3D5,RNWWONKENXX,1,WONKENXX,2031,2.531047824
GLOBAL,S3D5,RNWWONKENXX,1,WONKENXX,2032,2.531047824
GLOBAL,S3D5,RNWWONKENXX,1,WONKENXX,2033,2.531047824
GLOBAL,S3D5,RNWWONKENXX,1,WONKENXX,2034,2.531047824
GLOBAL,S3D5,RNWWONKENXX,1,WONKENXX,2035,2.531047824
GLOBAL,S3D5,RNWWONKENXX,1,WONKENXX,2036,2.531047824
GLOBAL,S3D5,RNWWONKENXX,1,WONKENXX,2037,2.531047824
GLOBAL,S3D5,RNWWONKENXX,1,WONKENXX,2038,2.531047824
GLOBAL,S3D5,RNWWONKENXX,1,WONKENXX,2039,2.531047824
GLOBAL,S3D5,RNWWONKENXX,1,WONKENXX,2040,2.531047824
GLOBAL,S3D5,RNWWONKENXX,1,WONKENXX,2041,2.531047824
GLOBAL,S3D5,RNWWONKENXX,1,WONKENXX,2042,2.531047824
GLOBAL,S3D5,RNWWONKENXX,1,WONKENXX,2043,2.531047824
GLOBAL,S3D5,RNWWONKENXX,1,WONKENXX,2044,2.531047824
GLOBAL,S3D5,RNWWONKENXX,1,WONKENXX,2045,2.531047824
GLOBAL,S3D5,RNWWONKENXX,1,WONKENXX,2046,2.531047824
GLOBAL,S3D5,RNWWONKENXX,1,WONKENXX,2047,2.531047824
GLOBAL,S3D5,TRNKENXXTZAXX,1,ELCTZAXX01,2021,0.5810946941213417
GLOBAL,S3D5,TRNKENXXTZAXX,1,ELCTZAXX01,2022,0.5810946941213417
GLOBAL,S3D5,TRNKENXXTZAXX,1,ELCTZAXX01,2023,0.5810946941213417
GLOBAL,S3D5,TRNKENXXTZAXX,1,ELCTZAXX01,2024,3.2231557865422085
GLOBAL,S3D5,TRNKENXXTZAXX,1,ELCTZAXX01,2025,3.261563421591884
GLOBAL,S3D5,TRNKENXXTZAXX,1,ELCTZAXX01,2026,4.888961498514921
GLOBAL,S3D5,TRNKENXXTZAXX,1,ELCTZAXX01,2027,6.5631573376909085
GLOBAL,S3D5,TRNKENXXTZAXX,1,ELCTZAXX01,2028,8.23735317686705
GLOBAL,S3D5,TRNKENXXTZAXX,1,ELCTZAXX01,2029,9.91154901604288
GLOBAL,S3D5,TRNKENXXTZAXX,1,ELCTZAXX01,2030,11.58574485521899
GLOBAL,S3D5,TRNKENXXTZAXX,1,ELCTZAXX01,2031,12.313059441090642
GLOBAL,S3D5,TRNKENXXTZAXX,1,ELCTZAXX01,2032,11.546731380007142
GLOBAL,S3D5,TRNKENXXTZAXX,1,ELCTZAXX01,2033,12.274045965878548
GLOBAL,S3D5,TRNKENXXTZAXX,1,ELCTZAXX01,2034,13.001360551750198
GLOBAL,S3D5,TRNKENXXTZAXX,1,ELCTZAXX01,2035,13.728675137621728
GLOBAL,S3D5,TRNKENXXTZAXX,1,ELCTZAXX01,2036,14.455989723493259
GLOBAL,S3D5,TRNKENXXTZAXX,1,ELCTZAXX01,2037,15.183304309364724
GLOBAL,S3D5,TRNKENXXTZAXX,1,ELCTZAXX01,2038,15.910618895236315
GLOBAL,S3D5,TRNKENXXTZAXX,1,ELCTZAXX01,2039,16.63793348110778
GLOBAL,S3D5,TRNKENXXTZAXX,1,ELCTZAXX01,2040,17.365248066979497
GLOBAL,S3D5,TRNKENXXTZAXX,1,ELCTZAXX01,2041,18.46308140414396
GLOBAL,S3D5,TRNKENXXTZAXX,1,ELCTZAXX01,2042,19.56091474130842
GLOBAL,S3D5,TRNKENXXTZAXX,1,ELCTZAXX01,2043,20.658748078473128
GLOBAL,S3D5,TRNKENXXTZAXX,1,ELCTZAXX01,2044,21.756581415637587
GLOBAL,S3D5,TRNKENXXTZAXX,1,ELCTZAXX01,2045,25.133383293939552
GLOBAL,S3D5,TRNKENXXTZAXX,1,ELCTZAXX01,2046,26.231216631104253
GLOBAL,S3D5,TRNKENXXTZAXX,1,ELCTZAXX01,2047,27.32904996826896
GLOBAL,S3D5,TRNKENXXTZAXX,1,ELCTZAXX01,2048,27.894487261114403
GLOBAL,S3D5,TRNKENXXTZAXX,1,ELCTZAXX01,2049,28.992320598279232
GLOBAL,S3D5,TRNKENXXTZAXX,1,ELCTZAXX01,2050,30.090153935443947
GLOBAL,S3D6,PWRBIOKENXX01,1,ELCKENXX01,2031,2.8382399999999994
GLOBAL,S3D6,PWRGEOKENXX01,1,ELCKENXX01,2021,26.22522280554915
GLOBAL,S3D6,PWRGEOKENXX01,1,ELCKENXX01,2022,31.82516282482731
GLOBAL,S3D6,PWRGEOKENXX01,1,ELCKENXX01,2023,32.29115770034058
GLOBAL,S3D6,PWRGEOKENXX01,1,ELCKENXX01,2024,30.453648470858415
GLOBAL,S3D6,PWRGEOKENXX01,1,ELCKENXX01,2025,34.311043888373426
GLOBAL,S3D6,PWRGEOKENXX01,1,ELCKENXX01,2026,77.80835089016877
GLOBAL,S3D6,PWRGEOKENXX01,1,ELCKENXX01,2027,107.18577695575266
GLOBAL,S3D6,PWRGEOKENXX01,1,ELCKENXX01,2028,150.9918810850166
GLOBAL,S3D6,PWRGEOKENXX01,1,ELCKENXX01,2029,194.7979852142805
GLOBAL,S3D6,PWRGEOKENXX01,1,ELCKENXX01,2030,238.6040893435444
GLOBAL,S3D6,PWRGEOKENXX01,1,ELCKENXX01,2031,254.796369989864
GLOBAL,S3D6,PWRGEOKENXX01,1,ELCKENXX01,2032,288.26334326439525
GLOBAL,S3D6,PWRGEOKENXX01,1,ELCKENXX01,2033,305.96065503606115
GLOBAL,S3D6,PWRGEOKENXX01,1,ELCKENXX01,2034,326.3243845570344
GLOBAL,S3D6,PWRGEOKENXX01,1,ELCKENXX01,2035,333.7566925751423
GLOBAL,S3D6,PWRGEOKENXX01,1,ELCKENXX01,2036,364.38542584967354
GLOBAL,S3D6,PWRGEOKENXX01,1,ELCKENXX01,2037,371.81773386778144
GLOBAL,S3D6,PWRGEOKENXX01,1,ELCKENXX01,2038,405.276932577781
GLOBAL,S3D6,PWRGEOKENXX01,1,ELCKENXX01,2039,409.87877516042056
GLOBAL,S3D6,PWRGEOKENXX01,1,ELCKENXX01,2040,428.90929580674015
GLOBAL,S3D6,PWRGEOKENXX01,1,ELCKENXX01,2041,457.634609989864
GLOBAL,S3D6,PWRGEOKENXX01,1,ELCKENXX01,2042,486.3599241729879
GLOBAL,S3D6,PWRGEOKENXX01,1,ELCKENXX01,2043,515.085238356112
GLOBAL,S3D6,PWRGEOKENXX01,1,ELCKENXX01,2044,558.2392306029157
GLOBAL,S3D6,PWRGEOKENXX01,1,ELCKENXX01,2045,572.5358667223595
GLOBAL,S3D6,PWRGEOKENXX01,1,ELCKENXX01,2046,601.2611809054832
GLOBAL,S3D6,PWRGEOKENXX01,1,ELCKENXX01,2047,641.5847077168189
GLOBAL,S3D6,PWRGEOKENXX01,1,ELCKENXX01,2048,675.0448833034112
GLOBAL,S3D6,PWRGEOKENXX01,1,ELCKENXX01,2049,700.9397320510667
GLOBAL,S3D6,PWRGEOKENXX01,1,ELCKENXX01,2050,718.0668336059788
GLOBAL,S3D6,PWRGEOTZAXX01,1,ELCTZAXX01,2021,16.56321940966903
GLOBAL,S3D6,PWRGEOTZAXX01,1,ELCTZAXX01,2022,18.71761797340332
GLOBAL,S3D6,PWRGEOTZAXX01,1,ELCTZAXX01,2023,21.124154516202537
GLOBAL,S3D6,PWRGEOTZAXX01,1,ELCTZAXX01,2024,41.79860648141903
GLOBAL,S3D6,PWRGEOTZAXX01,1,ELCTZAXX01,2025,45.331820125943274
GLOBAL,S3D6,PWRGEOTZAXX01,1,ELCTZAXX01,2026,96.39106608644595
GLOBAL,S3D6,PWRGEOTZAXX01,1,ELCTZAXX01,2027,163.89555441678706
GLOBAL,S3D6,PWRGEOTZAXX01,1,ELCTZAXX01,2028,231.40004274712817
GLOBAL,S3D6,PWRGEOTZAXX01,1,ELCTZAXX01,2029,298.9045310774693
GLOBAL,S3D6,PWRGEOTZAXX01,1,ELCTZAXX01,2030,366.4090194078104
GLOBAL,S3D6,PWRGEOTZAXX01,1,ELCTZAXX01,2031,395.8524664455124
GLOBAL,S3D6,PWRGEOTZAXX01,1,ELCTZAXX01,2032,425.2959134832144
GLOBAL,S3D6,PWRGEOTZAXX01,1,ELCTZAXX01,2033,454.7393605209163
GLOBAL,S3D6,PWRGEOTZAXX01,1,ELCTZAXX01,2034,491.20287253141834
GLOBAL,S3D6,PWRGEOTZAXX01,1,ELCTZAXX01,2035,513.6262545963201
GLOBAL,S3D6,PWRGEOTZAXX01,1,ELCTZAXX01,2036,543.0697016340223
GLOBAL,S3D6,PWRGEOTZAXX01,1,ELCTZAXX01,2037,572.5131486717243
GLOBAL,S3D6,PWRGEOTZAXX01,1,ELCTZAXX01,2038,601.9565957094262
GLOBAL,S3D6,PWRGEOTZAXX01,1,ELCTZAXX01,2039,631.4000427471282
GLOBAL,S3D6,PWRGEOTZAXX01,1,ELCTZAXX01,2040,660.8434897848302
GLOBAL,S3D6,PWRGEOTZAXX01,1,ELCTZAXX01,2041,703.5723946322269
GLOBAL,S3D6,PWRGEOTZAXX01,1,ELCTZAXX01,2042,746.3012994796237
GLOBAL,S3D6,PWRGEOTZAXX01,1,ELCTZAXX01,2043,789.0302043270204
GLOBAL,S3D6,PWRGEOTZAXX01,1,ELCTZAXX01,2044,831.7591091744173
GLOBAL,S3D6,PWRGEOTZAXX01,1,ELCTZAXX01,2045,874.488014021814
GLOBAL,S3D6,PWRGEOTZAXX01,1,ELCTZAXX01,2046,917.2169188692109
GLOBAL,S3D6,PWRGEOTZAXX01,1,ELCTZAXX01,2047,959.9458237166075
GLOBAL,S3D6,PWRGEOTZAXX01,1,ELCTZAXX01,2048,1002.6747285640045
GLOBAL,S3D6,PWRGEOTZAXX01,1,ELCTZAXX01,2049,1045.403633411401
GLOBAL,S3D6,PWRGEOTZAXX01,1,ELCTZAXX01,2050,1088.132538258798
GLOBAL,S3D6,PWRHYDKENXX01,1,ELCKENXX01,2021,4.1636743101219675
GLOBAL,S3D6,PWRHYDKENXX01,1,ELCKENXX01,2024,2.8304654354683287
GLOBAL,S3D6,PWRHYDKENXX01,1,ELCKENXX01,2027,14.42867806368
GLOBAL,S3D6,PWRHYDKENXX01,1,ELCKENXX01,2028,14.42867806368
GLOBAL,S3D6,PWRHYDKENXX01,1,ELCKENXX01,2029,14.42867806368
GLOBAL,S3D6,PWRHYDKENXX01,1,ELCKENXX01,2030,14.42867806368
GLOBAL,S3D6,PWRHYDKENXX01,1,ELCKENXX01,2031,14.42867806368
GLOBAL,S3D6,PWRHYDKENXX01,1,ELCKENXX01,2032,2.8304654354683287
GLOBAL,S3D6,PWRHYDKENXX01,1,ELCKENXX01,2033,4.1636743101219675
GLOBAL,S3D6,PWRHYDKENXX01,1,ELCKENXX01,2034,2.8304654354683287
GLOBAL,S3D6,PWRHYDKENXX01,1,ELCKENXX01,2035,14.42867806368
GLOBAL,S3D6,PWRHYDKENXX01,1,ELCKENXX01,2036,2.8304654354683287
GLOBAL,S3D6,PWRHYDKENXX01,1,ELCKENXX01,2037,14.42867806368
GLOBAL,S3D6,PWRHYDKENXX01,1,ELCKENXX01,2039,14.42867806368
GLOBAL,S3D6,PWRHYDKENXX01,1,ELCKENXX01,2040,14.42867806368
GLOBAL,S3D6,PWRHYDKENXX01,1,ELCKENXX01,2041,14.42867806368
GLOBAL,S3D6,PWRHYDKENXX01,1,ELCKENXX01,2042,14.42867806368
GLOBAL,S3D6,PWRHYDKENXX01,1,ELCKENXX01,2043,14.42867806368
GLOBAL,S3D6,PWRHYDKENXX01,1,ELCKENXX01,2045,14.42867806368
GLOBAL,S3D6,PWRHYDKENXX01,1,ELCKENXX01,2046,14.42867806368
GLOBAL,S3D6,PWRHYDKENXX01,1,ELCKENXX01,2047,2.8304654354683287
GLOBAL,S3D6,PWRHYDKENXX01,1,ELCKENXX01,2049,2.8304654354683287
GLOBAL,S3D6,PWRHYDKENXX01,1,ELCKENXX01,2050,14.42867806368
GLOBAL,S3D6,PWRHYDTZAXX01,1,ELCTZAXX01,2021,7.0200649728
GLOBAL,S3D6,PWRHYDTZAXX01,1,ELCTZAXX01,2022,7.0200649728
GLOBAL,S3D6,PWRHYDTZAXX01,1,ELCTZAXX01,2023,7.0200649728
GLOBAL,S3D6,PWRHYDTZAXX01,1,ELCTZAXX01,2024,7.0200649728
GLOBAL,S3D6,PWRHYDTZAXX01,1,ELCTZAXX01,2025,7.0200649728
GLOBAL,S3D6,PWRHYDTZAXX01,1,ELCTZAXX01,2026,7.0200649728
GLOBAL,S3D6,PWRHYDTZAXX01,1,ELCTZAXX01,2027,7.0200649728
GLOBAL,S3D6,PWRHYDTZAXX01,1,ELCTZAXX01,2028,7.0200649728
GLOBAL,S3D6,PWRHYDTZAXX01,1,ELCTZAXX01,2029,7.0200649728
GLOBAL,S3D6,PWRHYDTZAXX01,1,ELCTZAXX01,2030,7.0200649728
GLOBAL,S3D6,PWRHYDTZAXX01,1,ELCTZAXX01,2031,7.0200649728
GLOBAL,S3D6,PWRHYDTZAXX01,1,ELCTZAXX01,2032,7.0200649728
GLOBAL,S3D6,PWRHYDTZAXX01,1,ELCTZAXX01,2033,7.0200649728
GLOBAL,S3D6,PWRHYDTZAXX01,1,ELCTZAXX01,2035,7.0200649728
GLOBAL,S3D6,PWRHYDTZAXX01,1,ELCTZAXX01,2036,7.0200649728
GLOBAL,S3D6,PWRHYDTZAXX01,1,ELCTZAXX01,2037,7.0200649728
GLOBAL,S3D6,PWRHYDTZAXX01,1,ELCTZAXX01,2038,7.0200649728
GLOBAL,S3D6,PWRHYDTZAXX01,1,ELCTZAXX01,2039,7.0200649728
GLOBAL,S3D6,PWRHYDTZAXX01,1,ELCTZAXX01,2040,7.0200649728
GLOBAL,S3D6,PWRHYDTZAXX01,1,ELCTZAXX01,2041,7.0200649728
GLOBAL,S3D6,PWRHYDTZAXX01,1,ELCTZAXX01,2042,7.0200649728
GLOBAL,S3D6,PWRHYDTZAXX01,1,ELCTZAXX01,2043,7.0200649728
GLOBAL,S3D6,PWRHYDTZAXX01,1,ELCTZAXX01,2044,7.0200649728
GLOBAL,S3D6,PWRHYDTZAXX01,1,ELCTZAXX01,2045,7.0200649728
GLOBAL,S3D6,PWRHYDTZAXX01,1,ELCTZAXX01,2046,7.0200649728
GLOBAL,S3D6,PWRHYDTZAXX01,1,ELCTZAXX01,2047,7.0200649728
GLOBAL,S3D6,PWRHYDTZAXX01,1,ELCTZAXX01,2048,7.0200649728
GLOBAL,S3D6,PWRHYDTZAXX01,1,ELCTZAXX01,2049,7.0200649728
GLOBAL,S3D6,PWRHYDTZAXX01,1,ELCTZAXX01,2050,7.0200649728
GLOBAL,S3D6,PWRTRNKENXX,1,ELCKENXX02,2021,33.034111310592465
GLOBAL,S3D6,PWRTRNKENXX,1,ELCKENXX02,2022,34.47037701974865
GLOBAL,S3D6,PWRTRNKENXX,1,ELCKENXX02,2023,34.35527720114048
GLOBAL,S3D6,PWRTRNKENXX,1,ELCKENXX02,2024,35.18850987432675
GLOBAL,S3D6,PWRTRNKENXX,1,ELCKENXX02,2025,36.21543985637343
GLOBAL,S3D6,PWRTRNKENXX,1,ELCKENXX02,2026,79.71274685816877
GLOBAL,S3D6,PWRTRNKENXX,1,ELCKENXX02,2027,123.51885098743269
GLOBAL,S3D6,PWRTRNKENXX,1,ELCKENXX02,2028,167.3249551166966
GLOBAL,S3D6,PWRTRNKENXX,1,ELCKENXX02,2029,211.13105924596047
GLOBAL,S3D6,PWRTRNKENXX,1,ELCKENXX02,2030,254.9371633752244
GLOBAL,S3D6,PWRTRNKENXX,1,ELCKENXX02,2031,273.967684021544
GLOBAL,S3D6,PWRTRNKENXX,1,ELCKENXX02,2032,292.99820466786355
GLOBAL,S3D6,PWRTRNKENXX,1,ELCKENXX02,2033,312.02872531418313
GLOBAL,S3D6,PWRTRNKENXX,1,ELCKENXX02,2034,331.0592459605027
GLOBAL,S3D6,PWRTRNKENXX,1,ELCKENXX02,2035,350.08976660682225
GLOBAL,S3D6,PWRTRNKENXX,1,ELCKENXX02,2036,369.1202872531418
GLOBAL,S3D6,PWRTRNKENXX,1,ELCKENXX02,2037,388.1508078994614
GLOBAL,S3D6,PWRTRNKENXX,1,ELCKENXX02,2038,407.18132854578096
GLOBAL,S3D6,PWRTRNKENXX,1,ELCKENXX02,2039,426.2118491921005
GLOBAL,S3D6,PWRTRNKENXX,1,ELCKENXX02,2040,445.2423698384201
GLOBAL,S3D6,PWRTRNKENXX,1,ELCKENXX02,2041,473.967684021544
GLOBAL,S3D6,PWRTRNKENXX,1,ELCKENXX02,2042,502.69299820466784
GLOBAL,S3D6,PWRTRNKENXX,1,ELCKENXX02,2043,531.4183123877917
GLOBAL,S3D6,PWRTRNKENXX,1,ELCKENXX02,2044,560.1436265709156
GLOBAL,S3D6,PWRTRNKENXX,1,ELCKENXX02,2045,588.8689407540395
GLOBAL,S3D6,PWRTRNKENXX,1,ELCKENXX02,2046,617.5942549371633
GLOBAL,S3D6,PWRTRNKENXX,1,ELCKENXX02,2047,646.3195691202873
GLOBAL,S3D6,PWRTRNKENXX,1,ELCKENXX02,2048,675.0448833034112
GLOBAL,S3D6,PWRTRNKENXX,1,ELCKENXX02,2049,703.770197486535
GLOBAL,S3D6,PWRTRNKENXX,1,ELCKENXX02,2050,732.4955116696589
GLOBAL,S3D6,PWRTRNTZAXX,1,ELCTZAXX02,2021,23.58328438246903
GLOBAL,S3D6,PWRTRNTZAXX,1,ELCTZAXX02,2022,25.73768294620332
GLOBAL,S3D6,PWRTRNTZAXX,1,ELCTZAXX02,2023,28.72531418312388
GLOBAL,S3D6,PWRTRNTZAXX,1,ELCTZAXX02,2024,48.81867145421903
GLOBAL,S3D6,PWRTRNTZAXX,1,ELCTZAXX02,2025,52.351885098743274
GLOBAL,S3D6,PWRTRNTZAXX,1,ELCTZAXX02,2026,103.41113105924596
GLOBAL,S3D6,PWRTRNTZAXX,1,ELCTZAXX02,2027,170.91561938958708
GLOBAL,S3D6,PWRTRNTZAXX,1,ELCTZAXX02,2028,238.42010771992815
GLOBAL,S3D6,PWRTRNTZAXX,1,ELCTZAXX02,2029,305.92459605026926
GLOBAL,S3D6,PWRTRNTZAXX,1,ELCTZAXX02,2030,373.4290843806105
GLOBAL,S3D6,PWRTRNTZAXX,1,ELCTZAXX02,2031,402.8725314183124
GLOBAL,S3D6,PWRTRNTZAXX,1,ELCTZAXX02,2032,432.3159784560144
GLOBAL,S3D6,PWRTRNTZAXX,1,ELCTZAXX02,2033,461.7594254937163
GLOBAL,S3D6,PWRTRNTZAXX,1,ELCTZAXX02,2034,491.20287253141834
GLOBAL,S3D6,PWRTRNTZAXX,1,ELCTZAXX02,2035,520.6463195691201
GLOBAL,S3D6,PWRTRNTZAXX,1,ELCTZAXX02,2036,550.0897666068223
GLOBAL,S3D6,PWRTRNTZAXX,1,ELCTZAXX02,2037,579.5332136445243
GLOBAL,S3D6,PWRTRNTZAXX,1,ELCTZAXX02,2038,608.9766606822262
GLOBAL,S3D6,PWRTRNTZAXX,1,ELCTZAXX02,2039,638.4201077199282
GLOBAL,S3D6,PWRTRNTZAXX,1,ELCTZAXX02,2040,667.8635547576304
GLOBAL,S3D6,PWRTRNTZAXX,1,ELCTZAXX02,2041,710.5924596050269
GLOBAL,S3D6,PWRTRNTZAXX,1,ELCTZAXX02,2042,753.3213644524237
GLOBAL,S3D6,PWRTRNTZAXX,1,ELCTZAXX02,2043,796.0502692998205
GLOBAL,S3D6,PWRTRNTZAXX,1,ELCTZAXX02,2044,838.7791741472173
GLOBAL,S3D6,PWRTRNTZAXX,1,ELCTZAXX02,2045,881.508078994614
GLOBAL,S3D6,PWRTRNTZAXX,1,ELCTZAXX02,2046,924.2369838420109
GLOBAL,S3D6,PWRTRNTZAXX,1,ELCTZAXX02,2047,966.9658886894077
GLOBAL,S3D6,PWRTRNTZAXX,1,ELCTZAXX02,2048,1009.6947935368044
GLOBAL,S3D6,PWRTRNTZAXX,1,ELCTZAXX02,2049,1052.423698384201
GLOBAL,S3D6,PWRTRNTZAXX,1,ELCTZAXX02,2050,1095.1526032315978
GLOBAL,S3D6,PWRWONKENXX01,1,ELCKENXX01,2021,2.0641195008
GLOBAL,S3D6,PWRWONKENXX01,1,ELCKENXX01,2022,2.0641195008
GLOBAL,S3D6,PWRWONKENXX01,1,ELCKENXX01,2023,2.0641195008
GLOBAL,S3D6,PWRWONKENXX01,1,ELCKENXX01,2024,1.904395968
GLOBAL,S3D6,PWRWONKENXX01,1,ELCKENXX01,2025,1.904395968
GLOBAL,S3D6,PWRWONKENXX01,1,ELCKENXX01,2026,1.904395968
GLOBAL,S3D6,PWRWONKENXX01,1,ELCKENXX01,2027,1.904395968
GLOBAL,S3D6,PWRWONKENXX01,1,ELCKENXX01,2028,1.904395968
GLOBAL,S3D6,PWRWONKENXX01,1,ELCKENXX01,2029,1.904395968
GLOBAL,S3D6,PWRWONKENXX01,1,ELCKENXX01,2030,1.904395968
GLOBAL,S3D6,PWRWONKENXX01,1,ELCKENXX01,2031,1.904395968
GLOBAL,S3D6,PWRWONKENXX01,1,ELCKENXX01,2032,1.904395968
GLOBAL,S3D6,PWRWONKENXX01,1,ELCKENXX01,2033,1.904395968
GLOBAL,S3D6,PWRWONKENXX01,1,ELCKENXX01,2034,1.904395968
GLOBAL,S3D6,PWRWONKENXX01,1,ELCKENXX01,2035,1.904395968
GLOBAL,S3D6,PWRWONKENXX01,1,ELCKENXX01,2036,1.904395968
GLOBAL,S3D6,PWRWONKENXX01,1,ELCKENXX01,2037,1.904395968
GLOBAL,S3D6,PWRWONKENXX01,1,ELCKENXX01,2038,1.904395968
GLOBAL,S3D6,PWRWONKENXX01,1,ELCKENXX01,2039,1.904395968
GLOBAL,S3D6,PWRWONKENXX01,1,ELCKENXX01,2040,1.904395968
GLOBAL,S3D6,PWRWONKENXX01,1,ELCKENXX01,2041,1.904395968
GLOBAL,S3D6,PWRWONKENXX01,1,ELCKENXX01,2042,1.904395968
GLOBAL,S3D6,PWRWONKENXX01,1,ELCKENXX01,2043,1.904395968
GLOBAL,S3D6,PWRWONKENXX01,1,ELCKENXX01,2044,1.904395968
GLOBAL,S3D6,PWRWONKENXX01,1,ELCKENXX01,2045,1.904395968
GLOBAL,S3D6,PWRWONKENXX01,1,ELCKENXX01,2046,1.904395968
GLOBAL,S3D6,PWRWONKENXX01,1,ELCKENXX01,2047,1.904395968
GLOBAL,S3D6,RNWBIOKENXX,1,BIOKENXX,2031,8.9688384
GLOBAL,S3D6,RNWGEOKENXX,1,GEOKENXX,2021,26.22522280554915
GLOBAL,S3D6,RNWGEOKENXX,1,GEOKENXX,2022,31.82516282482731
GLOBAL,S3D6,RNWGEOKENXX,1,GEOKENXX,2023,32.29115770034058
GLOBAL,S3D6,RNWGEOKENXX,1,GEOKENXX,2024,30.453648470858415
GLOBAL,S3D6,RNWGEOKENXX,1,GEOKENXX,2025,34.311043888373426
GLOBAL,S3D6,RNWGEOKENXX,1,GEOKENXX,2026,77.80835089016877
GLOBAL,S3D6,RNWGEOKENXX,1,GEOKENXX,2027,107.18577695575266
GLOBAL,S3D6,RNWGEOKENXX,1,GEOKENXX,2028,150.9918810850166
GLOBAL,S3D6,RNWGEOKENXX,1,GEOKENXX,2029,194.7979852142805
GLOBAL,S3D6,RNWGEOKENXX,1,GEOKENXX,2030,238.6040893435444
GLOBAL,S3D6,RNWGEOKENXX,1,GEOKENXX,2031,254.796369989864
GLOBAL,S3D6,RNWGEOKENXX,1,GEOKENXX,2032,288.26334326439525
GLOBAL,S3D6,RNWGEOKENXX,1,GEOKENXX,2033,305.96065503606115
GLOBAL,S3D6,RNWGEOKENXX,1,GEOKENXX,2034,326.3243845570344
GLOBAL,S3D6,RNWGEOKENXX,1,GEOKENXX,2035,333.7566925751423
GLOBAL,S3D6,RNWGEOKENXX,1,GEOKENXX,2036,364.38542584967354
GLOBAL,S3D6,RNWGEOKENXX,1,GEOKENXX,2037,371.81773386778144
GLOBAL,S3D6,RNWGEOKENXX,1,GEOKENXX,2038,405.276932577781
GLOBAL,S3D6,RNWGEOKENXX,1,GEOKENXX,2039,409.87877516042056
GLOBAL,S3D6,RNWGEOKENXX,1,GEOKENXX,2040,428.90929580674015
GLOBAL,S3D6,RNWGEOKENXX,1,GEOKENXX,2041,457.634609989864
GLOBAL,S3D6,RNWGEOKENXX,1,GEOKENXX,2042,486.3599241729879
GLOBAL,S3D6,RNWGEOKENXX,1,GEOKENXX,2043,515.085238356112
GLOBAL,S3D6,RNWGEOKENXX,1,GEOKENXX,2044,558.2392306029157
GLOBAL,S3D6,RNWGEOKENXX,1,GEOKENXX,2045,572.5358667223595
GLOBAL,S3D6,RNWGEOKENXX,1,GEOKENXX,2046,601.2611809054832
GLOBAL,S3D6,RNWGEOKENXX,1,GEOKENXX,2047,641.5847077168189
GLOBAL,S3D6,RNWGEOKENXX,1,GEOKENXX,2048,675.0448833034112
GLOBAL,S3D6,RNWGEOKENXX,1,GEOKENXX,2049,700.9397320510667
GLOBAL,S3D6,RNWGEOKENXX,1,GEOKENXX,2050,718.0668336059788
GLOBAL,S3D6,RNWGEOTZAXX,1,GEOTZAXX,2021,16.56321940966903
GLOBAL,S3D6,RNWGEOTZAXX,1,GEOTZAXX,2022,18.71761797340332
GLOBAL,S3D6,RNWGEOTZAXX,1,GEOTZAXX,2023,21.124154516202537
GLOBAL,S3D6,RNWGEOTZAXX,1,GEOTZAXX,2024,41.79860648141903
GLOBAL,S3D6,RNWGEOTZAXX,1,GEOTZAXX,2025,45.331820125943274
GLOBAL,S3D6,RNWGEOTZAXX,1,GEOTZAXX,2026,96.39106608644595
GLOBAL,S3D6,RNWGEOTZAXX,1,GEOTZAXX,2027,163.89555441678772
GLOBAL,S3D6,RNWGEOTZAXX,1,GEOTZAXX,2028,231.40004274712817
GLOBAL,S3D6,RNWGEOTZAXX,1,GEOTZAXX,2029,298.9045310774693
GLOBAL,S3D6,RNWGEOTZAXX,1,GEOTZAXX,2030,366.4090194078104
GLOBAL,S3D6,RNWGEOTZAXX,1,GEOTZAXX,2031,395.8524664455124
GLOBAL,S3D6,RNWGEOTZAXX,1,GEOTZAXX,2032,425.2959134832144
GLOBAL,S3D6,RNWGEOTZAXX,1,GEOTZAXX,2033,454.7393605209163
GLOBAL,S3D6,RNWGEOTZAXX,1,GEOTZAXX,2034,491.20287253141834
GLOBAL,S3D6,RNWGEOTZAXX,1,GEOTZAXX,2035,513.6262545963201
GLOBAL,S3D6,RNWGEOTZAXX,1,GEOTZAXX,2036,543.0697016340223
GLOBAL,S3D6,RNWGEOTZAXX,1,GEOTZAXX,2037,572.5131486717243
GLOBAL,S3D6,RNWGEOTZAXX,1,GEOTZAXX,2038,601.9565957094262
GLOBAL,S3D6,RNWGEOTZAXX,1,GEOTZAXX,2039,631.4000427471282
GLOBAL,S3D6,RNWGEOTZAXX,1,GEOTZAXX,2040,660.8434897848302
GLOBAL,S3D6,RNWGEOTZAXX,1,GEOTZAXX,2041,703.5723946322269
GLOBAL,S3D6,RNWGEOTZAXX,1,GEOTZAXX,2042,746.3012994796237
GLOBAL,S3D6,RNWGEOTZAXX,1,GEOTZAXX,2043,789.0302043270204
GLOBAL,S3D6,RNWGEOTZAXX,1,GEOTZAXX,2044,831.7591091744173
GLOBAL,S3D6,RNWGEOTZAXX,1,GEOTZAXX,2045,874.488014021814
GLOBAL,S3D6,RNWGEOTZAXX,1,GEOTZAXX,2046,917.2169188692109
GLOBAL,S3D6,RNWGEOTZAXX,1,GEOTZAXX,2047,959.9458237166075
GLOBAL,S3D6,RNWGEOTZAXX,1,GEOTZAXX,2048,1002.6747285640045
GLOBAL,S3D6,RNWGEOTZAXX,1,GEOTZAXX,2049,1045.403633411401
GLOBAL,S3D6,RNWGEOTZAXX,1,GEOTZAXX,2050,1088.132538258798
GLOBAL,S3D6,RNWHYDKENXX,1,HYDKENXX,2021,4.1636743101219675
GLOBAL,S3D6,RNWHYDKENXX,1,HYDKENXX,2024,2.8304654354683287
GLOBAL,S3D6,RNWHYDKENXX,1,HYDKENXX,2027,14.42867806368
GLOBAL,S3D6,RNWHYDKENXX,1,HYDKENXX,2028,14.42867806368
GLOBAL,S3D6,RNWHYDKENXX,1,HYDKENXX,2029,14.42867806368
GLOBAL,S3D6,RNWHYDKENXX,1,HYDKENXX,2030,14.42867806368
GLOBAL,S3D6,RNWHYDKENXX,1,HYDKENXX,2031,14.42867806368
GLOBAL,S3D6,RNWHYDKENXX,1,HYDKENXX,2032,2.8304654354683287
GLOBAL,S3D6,RNWHYDKENXX,1,HYDKENXX,2033,4.1636743101219675
GLOBAL,S3D6,RNWHYDKENXX,1,HYDKENXX,2034,2.8304654354683287
GLOBAL,S3D6,RNWHYDKENXX,1,HYDKENXX,2035,14.42867806368
GLOBAL,S3D6,RNWHYDKENXX,1,HYDKENXX,2036,2.8304654354683287
GLOBAL,S3D6,RNWHYDKENXX,1,HYDKENXX,2037,14.42867806368
GLOBAL,S3D6,RNWHYDKENXX,1,HYDKENXX,2039,14.42867806368
GLOBAL,S3D6,RNWHYDKENXX,1,HYDKENXX,2040,14.42867806368
GLOBAL,S3D6,RNWHYDKENXX,1,HYDKENXX,2041,14.42867806368
GLOBAL,S3D6,RNWHYDKENXX,1,HYDKENXX,2042,14.42867806368
GLOBAL,S3D6,RNWHYDKENXX,1,HYDKENXX,2043,14.42867806368
GLOBAL,S3D6,RNWHYDKENXX,1,HYDKENXX,2045,14.42867806368
GLOBAL,S3D6,RNWHYDKENXX,1,HYDKENXX,2046,14.42867806368
GLOBAL,S3D6,RNWHYDKENXX,1,HYDKENXX,2047,2.8304654354683287
GLOBAL,S3D6,RNWHYDKENXX,1,HYDKENXX,2049,2.8304654354683287
GLOBAL,S3D6,RNWHYDKENXX,1,HYDKENXX,2050,14.42867806368
GLOBAL,S3D6,RNWHYDTZAXX,1,HYDTZAXX,2021,7.0200649728
GLOBAL,S3D6,RNWHYDTZAXX,1,HYDTZAXX,2022,7.0200649728
GLOBAL,S3D6,RNWHYDTZAXX,1,HYDTZAXX,2023,7.0200649728
GLOBAL,S3D6,RNWHYDTZAXX,1,HYDTZAXX,2024,7.0200649728
GLOBAL,S3D6,RNWHYDTZAXX,1,HYDTZAXX,2025,7.0200649728
GLOBAL,S3D6,RNWHYDTZAXX,1,HYDTZAXX,2026,7.0200649728
GLOBAL,S3D6,RNWHYDTZAXX,1,HYDTZAXX,2027,7.0200649728
GLOBAL,S3D6,RNWHYDTZAXX,1,HYDTZAXX,2028,7.0200649728
GLOBAL,S3D6,RNWHYDTZAXX,1,HYDTZAXX,2029,7.0200649728
GLOBAL,S3D6,RNWHYDTZAXX,1,HYDTZAXX,2030,7.0200649728
GLOBAL,S3D6,RNWHYDTZAXX,1,HYDTZAXX,2031,7.0200649728
GLOBAL,S3D6,RNWHYDTZAXX,1,HYDTZAXX,2032,7.0200649728
GLOBAL,S3D6,RNWHYDTZAXX,1,HYDTZAXX,2033,7.0200649728
GLOBAL,S3D6,RNWHYDTZAXX,1,HYDTZAXX,2035,7.0200649728
GLOBAL,S3D6,RNWHYDTZAXX,1,HYDTZAXX,2036,7.0200649728
GLOBAL,S3D6,RNWHYDTZAXX,1,HYDTZAXX,2037,7.0200649728
GLOBAL,S3D6,RNWHYDTZAXX,1,HYDTZAXX,2038,7.0200649728
GLOBAL,S3D6,RNWHYDTZAXX,1,HYDTZAXX,2039,7.0200649728
GLOBAL,S3D6,RNWHYDTZAXX,1,HYDTZAXX,2040,7.0200649728
GLOBAL,S3D6,RNWHYDTZAXX,1,HYDTZAXX,2041,7.0200649728
GLOBAL,S3D6,RNWHYDTZAXX,1,HYDTZAXX,2042,7.0200649728
GLOBAL,S3D6,RNWHYDTZAXX,1,HYDTZAXX,2043,7.0200649728
GLOBAL,S3D6,RNWHYDTZAXX,1,HYDTZAXX,2044,7.0200649728
GLOBAL,S3D6,RNWHYDTZAXX,1,HYDTZAXX,2045,7.0200649728
GLOBAL,S3D6,RNWHYDTZAXX,1,HYDTZAXX,2046,7.0200649728
GLOBAL,S3D6,RNWHYDTZAXX,1,HYDTZAXX,2047,7.0200649728
GLOBAL,S3D6,RNWHYDTZAXX,1,HYDTZAXX,2048,7.0200649728
GLOBAL,S3D6,RNWHYDTZAXX,1,HYDTZAXX,2049,7.0200649728
GLOBAL,S3D6,RNWHYDTZAXX,1,HYDTZAXX,2050,7.0200649728
GLOBAL,S3D6,RNWWONKENXX,1,WONKENXX,2021,2.0641195008
GLOBAL,S3D6,RNWWONKENXX,1,WONKENXX,2022,2.0641195008
GLOBAL,S3D6,RNWWONKENXX,1,WONKENXX,2023,2.0641195008
GLOBAL,S3D6,RNWWONKENXX,1,WONKENXX,2024,1.904395968
GLOBAL,S3D6,RNWWONKENXX,1,WONKENXX,2025,1.904395968
GLOBAL,S3D6,RNWWONKENXX,1,WONKENXX,2026,1.904395968
GLOBAL,S3D6,RNWWONKENXX,1,WONKENXX,2027,1.904395968
GLOBAL,S3D6,RNWWONKENXX,1,WONKENXX,2028,1.904395968
GLOBAL,S3D6,RNWWONKENXX,1,WONKENXX,2029,1.904395968
GLOBAL,S3D6,RNWWONKENXX,1,WONKENXX,2030,1.904395968
GLOBAL,S3D6,RNWWONKENXX,1,WONKENXX,2031,1.904395968
GLOBAL,S3D6,RNWWONKENXX,1,WONKENXX,2032,1.904395968
GLOBAL,S3D6,RNWWONKENXX,1,WONKENXX,2033,1.904395968
GLOBAL,S3D6,RNWWONKENXX,1,WONKENXX,2034,1.904395968
GLOBAL,S3D6,RNWWONKENXX,1,WONKENXX,2035,1.904395968
GLOBAL,S3D6,RNWWONKENXX,1,WONKENXX,2036,1.904395968
GLOBAL,S3D6,RNWWONKENXX,1,WONKENXX,2037,1.904395968
GLOBAL,S3D6,RNWWONKENXX,1,WONKENXX,2038,1.904395968
GLOBAL,S3D6,RNWWONKENXX,1,WONKENXX,2039,1.904395968
GLOBAL,S3D6,RNWWONKENXX,1,WONKENXX,2040,1.904395968
GLOBAL,S3D6,RNWWONKENXX,1,WONKENXX,2041,1.904395968
GLOBAL,S3D6,RNWWONKENXX,1,WONKENXX,2042,1.904395968
GLOBAL,S3D6,RNWWONKENXX,1,WONKENXX,2043,1.904395968
GLOBAL,S3D6,RNWWONKENXX,1,WONKENXX,2044,1.904395968
GLOBAL,S3D6,RNWWONKENXX,1,WONKENXX,2045,1.904395968
GLOBAL,S3D6,RNWWONKENXX,1,WONKENXX,2046,1.904395968
GLOBAL,S3D6,RNWWONKENXX,1,WONKENXX,2047,1.904395968
GLOBAL,S3D6,TRNKENXXTZAXX,1,ELCTZAXX01,2023,0.5810946941213417
GLOBAL,S3D6,TRNKENXXTZAXX,2,ELCKENXX01,2021,0.5810946941213417
GLOBAL,S3D6,TRNKENXXTZAXX,2,ELCKENXX01,2022,0.5810946941213417
