REGION,TIMESLICE,TECHNOLOGY,FUEL,YEAR,VALUE
GLOBAL,S1D1,PWRBIOKENXX01,BIOKENXX,2023,8.9688384
GLOBAL,S1D1,PWRBIOKENXX01,BIOKENXX,2027,8.9688384
GLOBAL,S1D1,PWRGEOKENXX01,GEOKENXX,2021,17.52510606131839
GLOBAL,S1D1,PWRGEOKENXX01,GEOKENXX,2022,17.37166683286854
GLOBAL,S1D1,PWRGEOKENXX01,GEOKENXX,2023,14.382489958072805
GLOBAL,S1D1,PWRGEOKENXX01,GEOKENXX,2024,10.113313606428507
GLOBAL,S1D1,PWRGEOKENXX01,GEOKENXX,2025,5.131787216972253
GLOBAL,S1D1,PWRGEOKENXX01,GEOKENXX,2026,23.778144
GLOBAL,S1D1,PWRGEOKENXX01,GEOKENXX,2027,23.778144
GLOBAL,S1D1,PWRGEOKENXX01,GEOKENXX,2028,23.778144
GLOBAL,S1D1,PWRGEOKENXX01,GEOKENXX,2029,4.782523471233967
GLOBAL,S1D1,PWRGEOKENXX01,GEOKENXX,2030,23.778144
GLOBAL,S1D1,PWRGEOKENXX01,GEOKENXX,2031,3.511226719161587
GLOBAL,S1D1,PWRGEOKENXX01,GEOKENXX,2032,3.6840876430575262
GLOBAL,S1D1,PWRGEOKENXX01,GEOKENXX,2033,2.0849266773722728
GLOBAL,S1D1,PWRGEOKENXX01,GEOKENXX,2034,13.213584
GLOBAL,S1D1,PWRGEOKENXX01,GEOKENXX,2035,13.213584
GLOBAL,S1D1,PWRGEOKENXX01,GEOKENXX,2036,1.158599837956218
GLOBAL,S1D1,PWRGEOKENXX01,GEOKENXX,2037,13.213584000000004
GLOBAL,S1D1,PWRGEOKENXX01,GEOKENXX,2038,13.213584
GLOBAL,S1D1,PWRGEOKENXX01,GEOKENXX,2039,1.15859983795622
GLOBAL,S1D1,PWRGEOKENXX01,GEOKENXX,2040,13.213584
GLOBAL,S1D1,PWRGEOKENXX01,GEOKENXX,2041,1.15859983795622
GLOBAL,S1D1,PWRGEOKENXX01,GEOKENXX,2042,1.15859983795622
GLOBAL,S1D1,PWRGEOKENXX01,GEOKENXX,2043,1.15859983795622
GLOBAL,S1D1,PWRGEOKENXX01,GEOKENXX,2044,13.213584
GLOBAL,S1D1,PWRGEOKENXX01,GEOKENXX,2045,8.798544
GLOBAL,S1D1,PWRHYDKENXX01,HYDKENXX,2021,14.165204498725462
GLOBAL,S1D1,PWRHYDKENXX01,HYDKENXX,2022,17.460067084839544
GLOBAL,S1D1,PWRHYDKENXX01,HYDKENXX,2023,20.742390820949144
GLOBAL,S1D1,PWRHYDKENXX01,HYDKENXX,2024,20.223811925268375
GLOBAL,S1D1,PWRHYDKENXX01,HYDKENXX,2025,31.664156496503047
GLOBAL,S1D1,PWRHYDKENXX01,HYDKENXX,2026,19.714751373788
GLOBAL,S1D1,PWRHYDKENXX01,HYDKENXX,2027,21.823992097449445
GLOBAL,S1D1,PWRHYDKENXX01,HYDKENXX,2028,34.22542009425702
GLOBAL,S1D1,PWRHYDKENXX01,HYDKENXX,2029,52.263790625542725
GLOBAL,S1D1,PWRHYDKENXX01,HYDKENXX,2030,36.18140387540254
GLOBAL,S1D1,PWRHYDKENXX01,HYDKENXX,2031,45.93189740016741
GLOBAL,S1D1,PWRHYDKENXX01,HYDKENXX,2032,42.02473134338716
GLOBAL,S1D1,PWRHYDKENXX01,HYDKENXX,2033,35.96898254841627
GLOBAL,S1D1,PWRHYDKENXX01,HYDKENXX,2034,11.144646472673928
GLOBAL,S1D1,PWRHYDKENXX01,HYDKENXX,2035,10.185588841115102
GLOBAL,S1D1,PWRHYDKENXX01,HYDKENXX,2036,21.838201067450377
GLOBAL,S1D1,PWRHYDKENXX01,HYDKENXX,2037,12.465482136901564
GLOBAL,S1D1,PWRHYDKENXX01,HYDKENXX,2038,13.021331766128814
GLOBAL,S1D1,PWRHYDKENXX01,HYDKENXX,2039,18.25032417600201
GLOBAL,S1D1,PWRHYDKENXX01,HYDKENXX,2040,5.096937582831411
GLOBAL,S1D1,PWRHYDKENXX01,HYDKENXX,2041,9.667589038379598
GLOBAL,S1D1,PWRHYDKENXX01,HYDKENXX,2042,6.801828988762496
GLOBAL,S1D1,PWRHYDKENXX01,HYDKENXX,2043,6.682994296873915
GLOBAL,S1D1,PWRHYDKENXX01,HYDKENXX,2044,16.49101547871669
GLOBAL,S1D1,PWRHYDKENXX01,HYDKENXX,2045,4.434221127468879
GLOBAL,S1D1,PWRHYDKENXX01,HYDKENXX,2046,26.657849539467207
GLOBAL,S1D1,PWRHYDKENXX01,HYDKENXX,2047,4.434221127468936
GLOBAL,S1D1,PWRHYDKENXX01,HYDKENXX,2048,8.05479435925581
GLOBAL,S1D1,PWRHYDKENXX01,HYDKENXX,2049,26.894503551222307
GLOBAL,S1D1,PWRHYDKENXX01,HYDKENXX,2050,27.113417333247785
GLOBAL,S1D1,PWRHYDTZAXX01,HYDTZAXX,2021,48.707445368623965
GLOBAL,S1D1,PWRHYDTZAXX01,HYDTZAXX,2022,52.677034221841616
GLOBAL,S1D1,PWRHYDTZAXX01,HYDTZAXX,2023,56.645620466525
GLOBAL,S1D1,PWRHYDTZAXX01,HYDTZAXX,2024,56.19977724780848
GLOBAL,S1D1,PWRHYDTZAXX01,HYDTZAXX,2025,53.47149335008169
GLOBAL,S1D1,PWRHYDTZAXX01,HYDTZAXX,2026,55.7786118687497
GLOBAL,S1D1,PWRHYDTZAXX01,HYDTZAXX,2027,58.08089801720863
GLOBAL,S1D1,PWRHYDTZAXX01,HYDTZAXX,2028,53.78302891973667
GLOBAL,S1D1,PWRHYDTZAXX01,HYDTZAXX,2029,62.69346108068997
GLOBAL,S1D1,PWRHYDTZAXX01,HYDTZAXX,2030,69.34436524335018
GLOBAL,S1D1,PWRHYDTZAXX01,HYDTZAXX,2031,94.07574287054193
GLOBAL,S1D1,PWRHYDTZAXX01,HYDTZAXX,2032,108.17153245204258
GLOBAL,S1D1,PWRHYDTZAXX01,HYDTZAXX,2033,123.11455228790408
GLOBAL,S1D1,PWRHYDTZAXX01,HYDTZAXX,2034,131.55739949560018
GLOBAL,S1D1,PWRHYDTZAXX01,HYDTZAXX,2035,134.13065920710628
GLOBAL,S1D1,PWRHYDTZAXX01,HYDTZAXX,2036,133.6478698337316
GLOBAL,S1D1,PWRHYDTZAXX01,HYDTZAXX,2037,140.39156242584136
GLOBAL,S1D1,PWRHYDTZAXX01,HYDTZAXX,2038,147.1370511348313
GLOBAL,S1D1,PWRHYDTZAXX01,HYDTZAXX,2039,148.98984022670578
GLOBAL,S1D1,PWRHYDTZAXX01,HYDTZAXX,2040,205.84229645319155
GLOBAL,S1D1,PWRHYDTZAXX01,HYDTZAXX,2041,225.3332564030368
GLOBAL,S1D1,PWRHYDTZAXX01,HYDTZAXX,2042,181.88324405849733
GLOBAL,S1D1,PWRHYDTZAXX01,HYDTZAXX,2043,249.9687883646951
GLOBAL,S1D1,PWRHYDTZAXX01,HYDTZAXX,2044,195.70694302822588
GLOBAL,S1D1,PWRHYDTZAXX01,HYDTZAXX,2045,267.7127505218271
GLOBAL,S1D1,PWRHYDTZAXX01,HYDTZAXX,2046,278.791849879808
GLOBAL,S1D1,PWRHYDTZAXX01,HYDTZAXX,2047,216.13585066825377
GLOBAL,S1D1,PWRHYDTZAXX01,HYDTZAXX,2048,222.46767698312857
GLOBAL,S1D1,PWRHYDTZAXX01,HYDTZAXX,2049,311.12373739032523
GLOBAL,S1D1,PWRHYDTZAXX01,HYDTZAXX,2050,305.4406386034984
GLOBAL,S1D1,PWRSPVKENXX01,SPVKENXX,2021,0.1877779584
GLOBAL,S1D1,PWRSPVKENXX01,SPVKENXX,2022,0.1877779584
GLOBAL,S1D1,PWRSPVKENXX01,SPVKENXX,2023,0.1877779584
GLOBAL,S1D1,PWRSPVKENXX01,SPVKENXX,2024,0.1877779584
GLOBAL,S1D1,PWRSPVKENXX01,SPVKENXX,2025,0.1877779584
GLOBAL,S1D1,PWRSPVKENXX01,SPVKENXX,2026,0.1877779584
GLOBAL,S1D1,PWRSPVKENXX01,SPVKENXX,2027,0.1877779584
GLOBAL,S1D1,PWRSPVKENXX01,SPVKENXX,2028,0.1877779584
GLOBAL,S1D1,PWRSPVKENXX01,SPVKENXX,2029,0.1877779584
GLOBAL,S1D1,PWRSPVKENXX01,SPVKENXX,2030,0.1877779584
GLOBAL,S1D1,PWRSPVKENXX01,SPVKENXX,2031,0.1877779584
GLOBAL,S1D1,PWRSPVKENXX01,SPVKENXX,2032,0.1877779584
GLOBAL,S1D1,PWRSPVKENXX01,SPVKENXX,2033,3.736504290517374
GLOBAL,S1D1,PWRSPVKENXX01,SPVKENXX,2034,17.986174151605372
GLOBAL,S1D1,PWRSPVKENXX01,SPVKENXX,2035,22.98676900962732
GLOBAL,S1D1,PWRSPVKENXX01,SPVKENXX,2036,28.783376926681303
GLOBAL,S1D1,PWRSPVKENXX01,SPVKENXX,2037,30.563214614321957
GLOBAL,S1D1,PWRSPVKENXX01,SPVKENXX,2038,34.47506036612875
GLOBAL,S1D1,PWRSPVKENXX01,SPVKENXX,2039,46.15279008658615
GLOBAL,S1D1,PWRSPVKENXX01,SPVKENXX,2040,51.94939800364014
GLOBAL,S1D1,PWRSPVKENXX01,SPVKENXX,2041,59.14413142181456
GLOBAL,S1D1,PWRSPVKENXX01,SPVKENXX,2042,66.33886483998901
GLOBAL,S1D1,PWRSPVKENXX01,SPVKENXX,2043,73.52339296253484
GLOBAL,S1D1,PWRSPVKENXX01,SPVKENXX,2044,58.73611754565562
GLOBAL,S1D1,PWRSPVKENXX01,SPVKENXX,2045,80.44255500482606
GLOBAL,S1D1,PWRSPVKENXX01,SPVKENXX,2046,77.73086018563532
GLOBAL,S1D1,PWRSPVKENXX01,SPVKENXX,2047,106.99566104862186
GLOBAL,S1D1,PWRSPVKENXX01,SPVKENXX,2048,114.2690604785574
GLOBAL,S1D1,PWRSPVKENXX01,SPVKENXX,2049,104.30161406031353
GLOBAL,S1D1,PWRSPVKENXX01,SPVKENXX,2050,112.96499954836104
GLOBAL,S1D1,PWRSPVTZAXX01,SPVTZAXX,2021,3.991872945055359
GLOBAL,S1D1,PWRSPVTZAXX01,SPVTZAXX,2022,4.511335186728234
GLOBAL,S1D1,PWRSPVTZAXX01,SPVTZAXX,2023,5.0318000369353495
GLOBAL,S1D1,PWRSPVTZAXX01,SPVTZAXX,2024,23.130563865297585
GLOBAL,S1D1,PWRSPVTZAXX01,SPVTZAXX,2025,25.08999040935732
GLOBAL,S1D1,PWRSPVTZAXX01,SPVTZAXX,2026,27.787876459863224
GLOBAL,S1D1,PWRSPVTZAXX01,SPVTZAXX,2027,30.481719876200664
GLOBAL,S1D1,PWRSPVTZAXX01,SPVTZAXX,2028,33.17960592670662
GLOBAL,S1D1,PWRSPVTZAXX01,SPVTZAXX,2029,35.87789394832803
GLOBAL,S1D1,PWRSPVTZAXX01,SPVTZAXX,2030,35.87789394832803
GLOBAL,S1D1,PWRSPVTZAXX01,SPVTZAXX,2031,35.87789394832803
GLOBAL,S1D1,PWRSPVTZAXX01,SPVTZAXX,2032,37.65875307459061
GLOBAL,S1D1,PWRSPVTZAXX01,SPVTZAXX,2033,38.98871534763041
GLOBAL,S1D1,PWRSPVTZAXX01,SPVTZAXX,2034,40.15834340497501
GLOBAL,S1D1,PWRSPVTZAXX01,SPVTZAXX,2035,47.20759545486026
GLOBAL,S1D1,PWRSPVTZAXX01,SPVTZAXX,2036,56.29724593458061
GLOBAL,S1D1,PWRSPVTZAXX01,SPVTZAXX,2037,59.02195806752445
GLOBAL,S1D1,PWRSPVTZAXX01,SPVTZAXX,2038,61.74036180817638
GLOBAL,S1D1,PWRSPVTZAXX01,SPVTZAXX,2039,67.04099656898228
GLOBAL,S1D1,PWRSPVTZAXX01,SPVTZAXX,2040,21.332979965792347
GLOBAL,S1D1,PWRSPVTZAXX01,SPVTZAXX,2041,19.166072910620297
GLOBAL,S1D1,PWRSPVTZAXX01,SPVTZAXX,2042,75.15632243036445
GLOBAL,S1D1,PWRSPVTZAXX01,SPVTZAXX,2043,16.751435058473277
GLOBAL,S1D1,PWRSPVTZAXX01,SPVTZAXX,2044,80.69393732924905
GLOBAL,S1D1,PWRSPVTZAXX01,SPVTZAXX,2045,18.36878676995437
GLOBAL,S1D1,PWRSPVTZAXX01,SPVTZAXX,2046,19.306110769637765
GLOBAL,S1D1,PWRSPVTZAXX01,SPVTZAXX,2047,93.97853333885612
GLOBAL,S1D1,PWRSPVTZAXX01,SPVTZAXX,2048,99.66313038164563
GLOBAL,S1D1,PWRSPVTZAXX01,SPVTZAXX,2049,23.023493332113215
GLOBAL,S1D1,PWRSPVTZAXX01,SPVTZAXX,2050,40.72301547660429
GLOBAL,S1D1,PWRTRNKENXX,ELCKENXX01,2021,38.068430656934304
GLOBAL,S1D1,PWRTRNKENXX,ELCKENXX01,2022,41.20985401459854
GLOBAL,S1D1,PWRTRNKENXX,ELCKENXX01,2023,44.341240875912405
GLOBAL,S1D1,PWRTRNKENXX,ELCKENXX01,2024,47.47262773722628
GLOBAL,S1D1,PWRTRNKENXX,ELCKENXX01,2025,50.614051094890506
GLOBAL,S1D1,PWRTRNKENXX,ELCKENXX01,2026,54.88959854014599
GLOBAL,S1D1,PWRTRNKENXX,ELCKENXX01,2027,59.16514598540146
GLOBAL,S1D1,PWRTRNKENXX,ELCKENXX01,2028,63.440693430656935
GLOBAL,S1D1,PWRTRNKENXX,ELCKENXX01,2029,67.72627737226277
GLOBAL,S1D1,PWRTRNKENXX,ELCKENXX01,2030,72.00182481751824
GLOBAL,S1D1,PWRTRNKENXX,ELCKENXX01,2031,76.92974452554742
GLOBAL,S1D1,PWRTRNKENXX,ELCKENXX01,2032,81.84762773722628
GLOBAL,S1D1,PWRTRNKENXX,ELCKENXX01,2033,86.77554744525547
GLOBAL,S1D1,PWRTRNKENXX,ELCKENXX01,2034,91.70346715328468
GLOBAL,S1D1,PWRTRNKENXX,ELCKENXX01,2035,96.6213503649635
GLOBAL,S1D1,PWRTRNKENXX,ELCKENXX01,2036,102.3220802919708
GLOBAL,S1D1,PWRTRNKENXX,ELCKENXX01,2037,108.01277372262774
GLOBAL,S1D1,PWRTRNKENXX,ELCKENXX01,2038,113.71350364963504
GLOBAL,S1D1,PWRTRNKENXX,ELCKENXX01,2039,119.40419708029196
GLOBAL,S1D1,PWRTRNKENXX,ELCKENXX01,2040,125.10492700729924
GLOBAL,S1D1,PWRTRNKENXX,ELCKENXX01,2041,132.18065693430657
GLOBAL,S1D1,PWRTRNKENXX,ELCKENXX01,2042,139.25638686131387
GLOBAL,S1D1,PWRTRNKENXX,ELCKENXX01,2043,146.3220802919708
GLOBAL,S1D1,PWRTRNKENXX,ELCKENXX01,2044,153.3978102189781
GLOBAL,S1D1,PWRTRNKENXX,ELCKENXX01,2045,160.4735401459854
GLOBAL,S1D1,PWRTRNKENXX,ELCKENXX01,2046,169.34580291970804
GLOBAL,S1D1,PWRTRNKENXX,ELCKENXX01,2047,178.228102189781
GLOBAL,S1D1,PWRTRNKENXX,ELCKENXX01,2048,187.10036496350364
GLOBAL,S1D1,PWRTRNKENXX,ELCKENXX01,2049,195.97262773722628
GLOBAL,S1D1,PWRTRNKENXX,ELCKENXX01,2050,204.85492700729927
GLOBAL,S1D1,PWRTRNTZAXX,ELCTZAXX01,2021,52.699318313679335
GLOBAL,S1D1,PWRTRNTZAXX,ELCTZAXX01,2022,57.18836940856984
GLOBAL,S1D1,PWRTRNTZAXX,ELCTZAXX01,2023,61.677420503460354
GLOBAL,S1D1,PWRTRNTZAXX,ELCTZAXX01,2024,79.33034111310593
GLOBAL,S1D1,PWRTRNTZAXX,ELCTZAXX01,2025,78.56148375943907
GLOBAL,S1D1,PWRTRNTZAXX,ELCTZAXX01,2026,83.56648832861276
GLOBAL,S1D1,PWRTRNTZAXX,ELCTZAXX01,2027,88.5626178934091
GLOBAL,S1D1,PWRTRNTZAXX,ELCTZAXX01,2028,86.96263484644342
GLOBAL,S1D1,PWRTRNTZAXX,ELCTZAXX01,2029,98.57135502901805
GLOBAL,S1D1,PWRTRNTZAXX,ELCTZAXX01,2030,105.22225919167828
GLOBAL,S1D1,PWRTRNTZAXX,ELCTZAXX01,2031,129.95363681886997
GLOBAL,S1D1,PWRTRNTZAXX,ELCTZAXX01,2032,145.83028552663313
GLOBAL,S1D1,PWRTRNTZAXX,ELCTZAXX01,2033,162.10326763553468
GLOBAL,S1D1,PWRTRNTZAXX,ELCTZAXX01,2034,171.715742900575
GLOBAL,S1D1,PWRTRNTZAXX,ELCTZAXX01,2035,181.3382546619665
GLOBAL,S1D1,PWRTRNTZAXX,ELCTZAXX01,2036,189.94511576831215
GLOBAL,S1D1,PWRTRNTZAXX,ELCTZAXX01,2037,199.413520493366
GLOBAL,S1D1,PWRTRNTZAXX,ELCTZAXX01,2038,208.8774129430076
GLOBAL,S1D1,PWRTRNTZAXX,ELCTZAXX01,2039,216.0308367956883
GLOBAL,S1D1,PWRTRNTZAXX,ELCTZAXX01,2040,227.1752764189839
GLOBAL,S1D1,PWRTRNTZAXX,ELCTZAXX01,2041,244.49932931365709
GLOBAL,S1D1,PWRTRNTZAXX,ELCTZAXX01,2042,257.03956648886174
GLOBAL,S1D1,PWRTRNTZAXX,ELCTZAXX01,2043,266.7202234231684
GLOBAL,S1D1,PWRTRNTZAXX,ELCTZAXX01,2044,276.40088035747493
GLOBAL,S1D1,PWRTRNTZAXX,ELCTZAXX01,2045,286.0815372917815
GLOBAL,S1D1,PWRTRNTZAXX,ELCTZAXX01,2046,298.09796064944567
GLOBAL,S1D1,PWRTRNTZAXX,ELCTZAXX01,2047,310.11438400710995
GLOBAL,S1D1,PWRTRNTZAXX,ELCTZAXX01,2048,322.1308073647742
GLOBAL,S1D1,PWRTRNTZAXX,ELCTZAXX01,2049,334.14723072243845
GLOBAL,S1D1,PWRTRNTZAXX,ELCTZAXX01,2050,346.1636540801027
GLOBAL,S1D1,PWRWONKENXX01,WONKENXX,2021,2.1912726528
GLOBAL,S1D1,PWRWONKENXX01,WONKENXX,2022,2.1912726528
GLOBAL,S1D1,PWRWONKENXX01,WONKENXX,2023,2.1912726528
GLOBAL,S1D1,PWRWONKENXX01,WONKENXX,2024,0.2724789729153286
GLOBAL,S1D1,PWRWONKENXX01,WONKENXX,2025,2.021709888
GLOBAL,S1D1,PWRWONKENXX01,WONKENXX,2026,0.2724789729153286
GLOBAL,S1D1,PWRWONKENXX01,WONKENXX,2027,0.2724789729153286
GLOBAL,S1D1,PWRWONKENXX01,WONKENXX,2028,2.021709888
GLOBAL,S1D1,PWRWONKENXX01,WONKENXX,2029,1.5732446876733277
GLOBAL,S1D1,PWRWONKENXX01,WONKENXX,2030,2.021709888
GLOBAL,S1D1,PWRWONKENXX01,WONKENXX,2031,0.2724789729153286
GLOBAL,S1D1,PWRWONKENXX01,WONKENXX,2032,0.2724789729153286
GLOBAL,S1D1,PWRWONKENXX01,WONKENXX,2033,0.2724789729153286
GLOBAL,S1D1,PWRWONKENXX01,WONKENXX,2034,2.021709888
GLOBAL,S1D1,PWRWONKENXX01,WONKENXX,2035,0.2724789729153286
GLOBAL,S1D1,PWRWONKENXX01,WONKENXX,2036,0.18058306891532824
GLOBAL,S1D1,PWRWONKENXX01,WONKENXX,2037,0.18058306891532824
GLOBAL,S1D1,PWRWONKENXX01,WONKENXX,2038,0.18058306891532824
GLOBAL,S1D1,PWRWONKENXX01,WONKENXX,2039,2.021709888
GLOBAL,S1D1,PWRWONKENXX01,WONKENXX,2040,0.18058306891532824
GLOBAL,S1D1,PWRWONKENXX01,WONKENXX,2041,0.18058306891532824
GLOBAL,S1D1,PWRWONKENXX01,WONKENXX,2042,0.18058306891532824
GLOBAL,S1D1,PWRWONKENXX01,WONKENXX,2043,0.18058306891532824
GLOBAL,S1D1,PWRWONKENXX01,WONKENXX,2044,0.18058306891532824
GLOBAL,S1D1,PWRWONKENXX01,WONKENXX,2045,2.021709888
GLOBAL,S1D1,PWRWONKENXX01,WONKENXX,2046,0.18058306891532824
GLOBAL,S1D1,PWRWONKENXX01,WONKENXX,2047,2.021709888
GLOBAL,S1D1,TRNKENXXTZAXX,ELCTZAXX02,2021,4.150048240686638
GLOBAL,S1D1,TRNKENXXTZAXX,ELCTZAXX02,2022,4.150048240686638
GLOBAL,S1D1,TRNKENXXTZAXX,ELCTZAXX02,2023,4.150048240686638
GLOBAL,S1D1,TRNKENXXTZAXX,ELCTZAXX02,2024,17.304793667850465
GLOBAL,S1D1,TRNKENXXTZAXX,ELCTZAXX02,2025,12.046885219293086
GLOBAL,S1D1,TRNKENXXTZAXX,ELCTZAXX02,2026,11.349335043941242
GLOBAL,S1D1,TRNKENXXTZAXX,ELCTZAXX02,2027,10.652033951803286
GLOBAL,S1D1,TRNKENXXTZAXX,ELCTZAXX02,2028,3.3494961603120568
GLOBAL,S1D1,TRNKENXXTZAXX,ELCTZAXX02,2029,9.255661598361117
GLOBAL,S1D1,TRNKENXXTZAXX,ELCTZAXX02,2030,10.204011016495818
GLOBAL,S1D1,TRNKENXXTZAXX,ELCTZAXX02,2031,28.046702512300627
GLOBAL,S1D1,TRNKENXXTZAXX,ELCTZAXX02,2032,37.02554100108565
GLOBAL,S1D1,TRNKENXXTZAXX,ELCTZAXX02,2033,46.40071289100913
GLOBAL,S1D1,TRNKENXXTZAXX,ELCTZAXX02,2034,49.12450202466261
GLOBAL,S1D1,TRNKENXXTZAXX,ELCTZAXX02,2035,51.84920356707599
GLOBAL,S1D1,TRNKENXXTZAXX,ELCTZAXX02,2036,52.26263401648737
GLOBAL,S1D1,TRNKENXXTZAXX,ELCTZAXX02,2037,53.53760808460689
GLOBAL,S1D1,TRNKENXXTZAXX,ELCTZAXX02,2038,54.817193964905385
GLOBAL,S1D1,TRNKENXXTZAXX,ELCTZAXX02,2039,53.777187160651785
GLOBAL,S1D1,TRNKENXXTZAXX,ELCTZAXX02,2040,56.72819612701311
GLOBAL,S1D1,TRNKENXXTZAXX,ELCTZAXX02,2041,64.37159208737972
GLOBAL,S1D1,TRNKENXXTZAXX,ELCTZAXX02,2042,67.22204824068665
GLOBAL,S1D1,TRNKENXXTZAXX,ELCTZAXX02,2043,67.22204824068665
GLOBAL,S1D1,TRNKENXXTZAXX,ELCTZAXX02,2044,67.22204824068665
GLOBAL,S1D1,TRNKENXXTZAXX,ELCTZAXX02,2045,67.22204824068665
GLOBAL,S1D1,TRNKENXXTZAXX,ELCTZAXX02,2046,67.22204824068665
GLOBAL,S1D1,TRNKENXXTZAXX,ELCTZAXX02,2047,67.22204824068665
GLOBAL,S1D1,TRNKENXXTZAXX,ELCTZAXX02,2048,67.22204824068665
GLOBAL,S1D1,TRNKENXXTZAXX,ELCTZAXX02,2049,67.22204824068665
GLOBAL,S1D1,TRNKENXXTZAXX,ELCTZAXX02,2050,67.22204824068665
GLOBAL,S1D2,PWRBIOKENXX01,BIOKENXX,2025,8.9688384
GLOBAL,S1D2,PWRBIOKENXX01,BIOKENXX,2026,4.3002961489051135
GLOBAL,S1D2,PWRBIOKENXX01,BIOKENXX,2027,4.4475945897810245
GLOBAL,S1D2,PWRBIOKENXX01,BIOKENXX,2028,8.9688384
GLOBAL,S1D2,PWRBIOKENXX01,BIOKENXX,2031,4.226646928467156
GLOBAL,S1D2,PWRGEOKENXX01,GEOKENXX,2021,23.778144
GLOBAL,S1D2,PWRGEOKENXX01,GEOKENXX,2022,23.778144
GLOBAL,S1D2,PWRGEOKENXX01,GEOKENXX,2023,23.778144
GLOBAL,S1D2,PWRGEOKENXX01,GEOKENXX,2024,23.778144
GLOBAL,S1D2,PWRGEOKENXX01,GEOKENXX,2025,23.778144
GLOBAL,S1D2,PWRGEOKENXX01,GEOKENXX,2026,23.778144
GLOBAL,S1D2,PWRGEOKENXX01,GEOKENXX,2027,18.84646775511872
GLOBAL,S1D2,PWRGEOKENXX01,GEOKENXX,2028,10.568287105981453
GLOBAL,S1D2,PWRGEOKENXX01,GEOKENXX,2029,23.778144
GLOBAL,S1D2,PWRGEOKENXX01,GEOKENXX,2030,13.541169805885318
GLOBAL,S1D2,PWRGEOKENXX01,GEOKENXX,2031,23.778144
GLOBAL,S1D2,PWRGEOKENXX01,GEOKENXX,2032,23.778144
GLOBAL,S1D2,PWRGEOKENXX01,GEOKENXX,2033,23.778144
GLOBAL,S1D2,PWRGEOKENXX01,GEOKENXX,2034,1.5757302656183836
GLOBAL,S1D2,PWRGEOKENXX01,GEOKENXX,2035,1.15859983795622
GLOBAL,S1D2,PWRGEOKENXX01,GEOKENXX,2036,13.213584000000004
GLOBAL,S1D2,PWRGEOKENXX01,GEOKENXX,2037,13.213584
GLOBAL,S1D2,PWRGEOKENXX01,GEOKENXX,2038,13.213584
GLOBAL,S1D2,PWRGEOKENXX01,GEOKENXX,2039,13.213584
GLOBAL,S1D2,PWRGEOKENXX01,GEOKENXX,2040,13.213584
GLOBAL,S1D2,PWRGEOKENXX01,GEOKENXX,2041,13.213584
GLOBAL,S1D2,PWRGEOKENXX01,GEOKENXX,2042,13.213584
GLOBAL,S1D2,PWRGEOKENXX01,GEOKENXX,2043,13.213584
GLOBAL,S1D2,PWRGEOKENXX01,GEOKENXX,2044,13.213584
GLOBAL,S1D2,PWRGEOKENXX01,GEOKENXX,2045,8.798544
GLOBAL,S1D2,PWRHYDKENXX01,HYDKENXX,2021,11.376975534901652
GLOBAL,S1D2,PWRHYDKENXX01,HYDKENXX,2022,14.803982834171729
GLOBAL,S1D2,PWRHYDKENXX01,HYDKENXX,2023,18.220041228332313
GLOBAL,S1D2,PWRHYDKENXX01,HYDKENXX,2024,25.045421153756397
GLOBAL,S1D2,PWRHYDKENXX01,HYDKENXX,2025,26.267036497520586
GLOBAL,S1D2,PWRHYDKENXX01,HYDKENXX,2026,32.40865686248409
GLOBAL,S1D2,PWRHYDKENXX01,HYDKENXX,2027,41.957953253350766
GLOBAL,S1D2,PWRHYDKENXX01,HYDKENXX,2028,47.10489595480166
GLOBAL,S1D2,PWRHYDKENXX01,HYDKENXX,2029,47.773159709199405
GLOBAL,S1D2,PWRHYDKENXX01,HYDKENXX,2030,56.03374708059796
GLOBAL,S1D2,PWRHYDKENXX01,HYDKENXX,2031,56.47575919825052
GLOBAL,S1D2,PWRHYDKENXX01,HYDKENXX,2032,49.13911856462399
GLOBAL,S1D2,PWRHYDKENXX01,HYDKENXX,2033,51.718589002334056
GLOBAL,S1D2,PWRHYDKENXX01,HYDKENXX,2034,60.002474976000016
GLOBAL,S1D2,PWRHYDKENXX01,HYDKENXX,2035,60.002474976000016
GLOBAL,S1D2,PWRHYDKENXX01,HYDKENXX,2036,45.68525196960983
GLOBAL,S1D2,PWRHYDKENXX01,HYDKENXX,2037,60.002474976000016
GLOBAL,S1D2,PWRHYDKENXX01,HYDKENXX,2038,60.002474976000016
GLOBAL,S1D2,PWRHYDKENXX01,HYDKENXX,2039,60.002474976000016
GLOBAL,S1D2,PWRHYDKENXX01,HYDKENXX,2040,60.002474976000016
GLOBAL,S1D2,PWRHYDKENXX01,HYDKENXX,2041,60.002474976000016
GLOBAL,S1D2,PWRHYDKENXX01,HYDKENXX,2042,60.002474976000016
GLOBAL,S1D2,PWRHYDKENXX01,HYDKENXX,2043,60.002474976000016
GLOBAL,S1D2,PWRHYDKENXX01,HYDKENXX,2044,60.002474976000016
GLOBAL,S1D2,PWRHYDKENXX01,HYDKENXX,2045,60.002474976000016
GLOBAL,S1D2,PWRHYDKENXX01,HYDKENXX,2046,60.002474976000016
GLOBAL,S1D2,PWRHYDKENXX01,HYDKENXX,2047,60.002474976000016
GLOBAL,S1D2,PWRHYDKENXX01,HYDKENXX,2048,60.002474976000016
GLOBAL,S1D2,PWRHYDKENXX01,HYDKENXX,2049,60.002474976000016
GLOBAL,S1D2,PWRHYDKENXX01,HYDKENXX,2050,60.002474976000016
GLOBAL,S1D2,PWRHYDTZAXX01,HYDTZAXX,2021,37.25710665608788
GLOBAL,S1D2,PWRHYDTZAXX01,HYDTZAXX,2022,39.37093082758874
GLOBAL,S1D2,PWRHYDTZAXX01,HYDTZAXX,2023,41.47843774499774
GLOBAL,S1D2,PWRHYDTZAXX01,HYDTZAXX,2024,60.19026774452002
GLOBAL,S1D2,PWRHYDTZAXX01,HYDTZAXX,2025,64.87451415867014
GLOBAL,S1D2,PWRHYDTZAXX01,HYDTZAXX,2026,70.11078281360156
GLOBAL,S1D2,PWRHYDTZAXX01,HYDTZAXX,2027,75.33851026059389
GLOBAL,S1D2,PWRHYDTZAXX01,HYDTZAXX,2028,87.17976653166498
GLOBAL,S1D2,PWRHYDTZAXX01,HYDTZAXX,2029,85.81080816598019
GLOBAL,S1D2,PWRHYDTZAXX01,HYDTZAXX,2030,99.54520073033343
GLOBAL,S1D2,PWRHYDTZAXX01,HYDTZAXX,2031,100.92029721707502
GLOBAL,S1D2,PWRHYDTZAXX01,HYDTZAXX,2032,119.68521897810218
GLOBAL,S1D2,PWRHYDTZAXX01,HYDTZAXX,2033,129.12759517214656
GLOBAL,S1D2,PWRHYDTZAXX01,HYDTZAXX,2034,139.40450072948855
GLOBAL,S1D2,PWRHYDTZAXX01,HYDTZAXX,2035,144.43876968751798
GLOBAL,S1D2,PWRHYDTZAXX01,HYDTZAXX,2036,139.6226978223016
GLOBAL,S1D2,PWRHYDTZAXX01,HYDTZAXX,2037,148.3890301321805
GLOBAL,S1D2,PWRHYDTZAXX01,HYDTZAXX,2038,157.1474204325024
GLOBAL,S1D2,PWRHYDTZAXX01,HYDTZAXX,2039,162.39984917523728
GLOBAL,S1D2,PWRHYDTZAXX01,HYDTZAXX,2040,127.89440005638512
GLOBAL,S1D2,PWRHYDTZAXX01,HYDTZAXX,2041,132.28704172958234
GLOBAL,S1D2,PWRHYDTZAXX01,HYDTZAXX,2042,184.92209320768288
GLOBAL,S1D2,PWRHYDTZAXX01,HYDTZAXX,2043,160.11721412489467
GLOBAL,S1D2,PWRHYDTZAXX01,HYDTZAXX,2044,212.82327540742463
GLOBAL,S1D2,PWRHYDTZAXX01,HYDTZAXX,2045,174.41326073065576
GLOBAL,S1D2,PWRHYDTZAXX01,HYDTZAXX,2046,185.80603300683296
GLOBAL,S1D2,PWRHYDTZAXX01,HYDTZAXX,2047,252.33388225452265
GLOBAL,S1D2,PWRHYDTZAXX01,HYDTZAXX,2048,264.51939062011417
GLOBAL,S1D2,PWRHYDTZAXX01,HYDTZAXX,2049,210.40246336429416
GLOBAL,S1D2,PWRHYDTZAXX01,HYDTZAXX,2050,218.58109836067777
GLOBAL,S1D2,PWRSPVKENXX01,SPVKENXX,2021,0.10744351569985391
GLOBAL,S1D2,PWRSPVKENXX01,SPVKENXX,2022,0.10744351569985391
GLOBAL,S1D2,PWRSPVKENXX01,SPVKENXX,2023,0.10744351569985391
GLOBAL,S1D2,PWRSPVKENXX01,SPVKENXX,2024,0.1146748816327006
GLOBAL,S1D2,PWRSPVKENXX01,SPVKENXX,2025,0.1146748816327006
GLOBAL,S1D2,PWRSPVKENXX01,SPVKENXX,2026,0.1146748816327006
GLOBAL,S1D2,PWRSPVKENXX01,SPVKENXX,2027,0.1146748816327006
GLOBAL,S1D2,PWRSPVKENXX01,SPVKENXX,2028,0.1146748816327006
GLOBAL,S1D2,PWRSPVKENXX01,SPVKENXX,2029,0.1146748816327006
GLOBAL,S1D2,PWRSPVKENXX01,SPVKENXX,2030,0.1146748816327006
GLOBAL,S1D2,PWRSPVKENXX01,SPVKENXX,2031,0.1146748816327006
GLOBAL,S1D2,PWRSPVKENXX01,SPVKENXX,2032,0.20760779520000003
GLOBAL,S1D2,PWRSPVKENXX01,SPVKENXX,2033,2.1379674207852872
GLOBAL,S1D2,PWRSPVKENXX01,SPVKENXX,2034,20.567019777551163
GLOBAL,S1D2,PWRSPVKENXX01,SPVKENXX,2035,25.48372589615396
GLOBAL,S1D2,PWRSPVKENXX01,SPVKENXX,2036,32.9135188798851
GLOBAL,S1D2,PWRSPVKENXX01,SPVKENXX,2037,23.78683458452506
GLOBAL,S1D2,PWRSPVKENXX01,SPVKENXX,2038,28.988322200664676
GLOBAL,S1D2,PWRSPVKENXX01,SPVKENXX,2039,36.08311917919138
GLOBAL,S1D2,PWRSPVKENXX01,SPVKENXX,2040,39.37965399507956
GLOBAL,S1D2,PWRSPVKENXX01,SPVKENXX,2041,51.941809992849194
GLOBAL,S1D2,PWRSPVKENXX01,SPVKENXX,2042,52.3638259761041
GLOBAL,S1D2,PWRSPVKENXX01,SPVKENXX,2043,58.84600486063912
GLOBAL,S1D2,PWRSPVKENXX01,SPVKENXX,2044,68.16761737476477
GLOBAL,S1D2,PWRSPVKENXX01,SPVKENXX,2045,79.3326069414203
GLOBAL,S1D2,PWRSPVKENXX01,SPVKENXX,2046,93.19462089748887
GLOBAL,S1D2,PWRSPVKENXX01,SPVKENXX,2047,103.19616761199902
GLOBAL,S1D2,PWRSPVKENXX01,SPVKENXX,2048,111.75567834798534
GLOBAL,S1D2,PWRSPVKENXX01,SPVKENXX,2049,119.90584387105544
GLOBAL,S1D2,PWRSPVKENXX01,SPVKENXX,2050,128.06626376648188
GLOBAL,S1D2,PWRSPVTZAXX01,SPVTZAXX,2021,25.15206567218995
GLOBAL,S1D2,PWRSPVTZAXX01,SPVTZAXX,2022,28.425102814557658
GLOBAL,S1D2,PWRSPVTZAXX01,SPVTZAXX,2023,31.7044572110174
GLOBAL,S1D2,PWRSPVTZAXX01,SPVTZAXX,2024,14.89712944475646
GLOBAL,S1D2,PWRSPVTZAXX01,SPVTZAXX,2025,14.943004089505036
GLOBAL,S1D2,PWRSPVTZAXX01,SPVTZAXX,2026,16.549801128004272
GLOBAL,S1D2,PWRSPVTZAXX01,SPVTZAXX,2027,18.15419046933312
GLOBAL,S1D2,PWRSPVTZAXX01,SPVTZAXX,2028,19.760987507832315
GLOBAL,S1D2,PWRSPVTZAXX01,SPVTZAXX,2029,21.368023950808137
GLOBAL,S1D2,PWRSPVTZAXX01,SPVTZAXX,2030,21.36802395080817
GLOBAL,S1D2,PWRSPVTZAXX01,SPVTZAXX,2031,21.368023950808183
GLOBAL,S1D2,PWRSPVTZAXX01,SPVTZAXX,2032,25.35321030284762
GLOBAL,S1D2,PWRSPVTZAXX01,SPVTZAXX,2033,25.086986332000976
GLOBAL,S1D2,PWRSPVTZAXX01,SPVTZAXX,2034,23.97456333896991
GLOBAL,S1D2,PWRSPVTZAXX01,SPVTZAXX,2035,28.115725850361024
GLOBAL,S1D2,PWRSPVTZAXX01,SPVTZAXX,2036,43.82053954157425
GLOBAL,S1D2,PWRSPVTZAXX01,SPVTZAXX,2037,45.94222830391495
GLOBAL,S1D2,PWRSPVTZAXX01,SPVTZAXX,2038,48.06091017070303
GLOBAL,S1D2,PWRSPVTZAXX01,SPVTZAXX,2039,53.63098762045102
GLOBAL,S1D2,PWRSPVTZAXX01,SPVTZAXX,2040,99.09069344503686
GLOBAL,S1D2,PWRSPVTZAXX01,SPVTZAXX,2041,101.28881541981688
GLOBAL,S1D2,PWRSPVTZAXX01,SPVTZAXX,2042,67.85394893675613
GLOBAL,S1D2,PWRSPVTZAXX01,SPVTZAXX,2043,105.54774675783236
GLOBAL,S1D2,PWRSPVTZAXX01,SPVTZAXX,2044,62.79533437228241
GLOBAL,S1D2,PWRSPVTZAXX01,SPVTZAXX,2045,115.73838584432616
GLOBAL,S1D2,PWRSPVTZAXX01,SPVTZAXX,2046,121.64429395329032
GLOBAL,S1D2,PWRSPVTZAXX01,SPVTZAXX,2047,71.1232525526433
GLOBAL,S1D2,PWRSPVTZAXX01,SPVTZAXX,2048,74.94383128031694
GLOBAL,S1D2,PWRSPVTZAXX01,SPVTZAXX,2049,145.0668456294031
GLOBAL,S1D2,PWRSPVTZAXX01,SPVTZAXX,2050,152.89501848006117
GLOBAL,S1D2,PWRTRNKENXX,ELCKENXX01,2021,41.529197080291965
GLOBAL,S1D2,PWRTRNKENXX,ELCKENXX01,2022,44.956204379562045
GLOBAL,S1D2,PWRTRNKENXX,ELCKENXX01,2023,48.37226277372263
GLOBAL,S1D2,PWRTRNKENXX,ELCKENXX01,2024,51.78832116788321
GLOBAL,S1D2,PWRTRNKENXX,ELCKENXX01,2025,55.21532846715328
GLOBAL,S1D2,PWRTRNKENXX,ELCKENXX01,2026,59.879562043795616
GLOBAL,S1D2,PWRTRNKENXX,ELCKENXX01,2027,64.54379562043795
GLOBAL,S1D2,PWRTRNKENXX,ELCKENXX01,2028,69.2080291970803
GLOBAL,S1D2,PWRTRNKENXX,ELCKENXX01,2029,73.88321167883211
GLOBAL,S1D2,PWRTRNKENXX,ELCKENXX01,2030,78.54744525547444
GLOBAL,S1D2,PWRTRNKENXX,ELCKENXX01,2031,83.92335766423356
GLOBAL,S1D2,PWRTRNKENXX,ELCKENXX01,2032,89.28832116788321
GLOBAL,S1D2,PWRTRNKENXX,ELCKENXX01,2033,94.66423357664232
GLOBAL,S1D2,PWRTRNKENXX,ELCKENXX01,2034,100.04014598540144
GLOBAL,S1D2,PWRTRNKENXX,ELCKENXX01,2035,105.4051094890511
GLOBAL,S1D2,PWRTRNKENXX,ELCKENXX01,2036,111.62408759124088
GLOBAL,S1D2,PWRTRNKENXX,ELCKENXX01,2037,117.83211678832116
GLOBAL,S1D2,PWRTRNKENXX,ELCKENXX01,2038,124.05109489051095
GLOBAL,S1D2,PWRTRNKENXX,ELCKENXX01,2039,130.25912408759123
GLOBAL,S1D2,PWRTRNKENXX,ELCKENXX01,2040,136.47810218978103
GLOBAL,S1D2,PWRTRNKENXX,ELCKENXX01,2041,144.1970802919708
GLOBAL,S1D2,PWRTRNKENXX,ELCKENXX01,2042,151.91605839416056
GLOBAL,S1D2,PWRTRNKENXX,ELCKENXX01,2043,159.62408759124088
GLOBAL,S1D2,PWRTRNKENXX,ELCKENXX01,2044,167.34306569343067
GLOBAL,S1D2,PWRTRNKENXX,ELCKENXX01,2045,175.06204379562044
GLOBAL,S1D2,PWRTRNKENXX,ELCKENXX01,2046,184.74087591240877
GLOBAL,S1D2,PWRTRNKENXX,ELCKENXX01,2047,194.43065693430657
GLOBAL,S1D2,PWRTRNKENXX,ELCKENXX01,2048,204.10948905109487
GLOBAL,S1D2,PWRTRNKENXX,ELCKENXX01,2049,213.7883211678832
GLOBAL,S1D2,PWRTRNKENXX,ELCKENXX01,2050,223.47810218978103
GLOBAL,S1D2,PWRTRNTZAXX,ELCTZAXX01,2021,62.40917232827788
GLOBAL,S1D2,PWRTRNTZAXX,ELCTZAXX01,2022,67.79603364214648
GLOBAL,S1D2,PWRTRNTZAXX,ELCTZAXX01,2023,73.1828949560151
GLOBAL,S1D2,PWRTRNTZAXX,ELCTZAXX01,2024,75.0873971892765
GLOBAL,S1D2,PWRTRNTZAXX,ELCTZAXX01,2025,79.81751824817516
GLOBAL,S1D2,PWRTRNTZAXX,ELCTZAXX01,2026,86.66058394160582
GLOBAL,S1D2,PWRTRNTZAXX,ELCTZAXX01,2027,93.49270072992702
GLOBAL,S1D2,PWRTRNTZAXX,ELCTZAXX01,2028,106.94075403949732
GLOBAL,S1D2,PWRTRNTZAXX,ELCTZAXX01,2029,107.17883211678831
GLOBAL,S1D2,PWRTRNTZAXX,ELCTZAXX01,2030,120.9132246811416
GLOBAL,S1D2,PWRTRNTZAXX,ELCTZAXX01,2031,122.2883211678832
GLOBAL,S1D2,PWRTRNTZAXX,ELCTZAXX01,2032,145.0384292809498
GLOBAL,S1D2,PWRTRNTZAXX,ELCTZAXX01,2033,154.21458150414753
GLOBAL,S1D2,PWRTRNTZAXX,ELCTZAXX01,2034,163.37906406845846
GLOBAL,S1D2,PWRTRNTZAXX,ELCTZAXX01,2035,172.554495537879
GLOBAL,S1D2,PWRTRNTZAXX,ELCTZAXX01,2036,183.44323736387585
GLOBAL,S1D2,PWRTRNTZAXX,ELCTZAXX01,2037,194.3312584360954
GLOBAL,S1D2,PWRTRNTZAXX,ELCTZAXX01,2038,205.20833060320547
GLOBAL,S1D2,PWRTRNTZAXX,ELCTZAXX01,2039,216.0308367956883
GLOBAL,S1D2,PWRTRNTZAXX,ELCTZAXX01,2040,226.98509350142183
GLOBAL,S1D2,PWRTRNTZAXX,ELCTZAXX01,2041,233.5758571493992
GLOBAL,S1D2,PWRTRNTZAXX,ELCTZAXX01,2042,252.77604214443903
GLOBAL,S1D2,PWRTRNTZAXX,ELCTZAXX01,2043,265.664960882727
GLOBAL,S1D2,PWRTRNTZAXX,ELCTZAXX01,2044,275.61860977970707
GLOBAL,S1D2,PWRTRNTZAXX,ELCTZAXX01,2045,290.15164657498195
GLOBAL,S1D2,PWRTRNTZAXX,ELCTZAXX01,2046,307.4503269601233
GLOBAL,S1D2,PWRTRNTZAXX,ELCTZAXX01,2047,323.4571348071659
GLOBAL,S1D2,PWRTRNTZAXX,ELCTZAXX01,2048,339.4632219004311
GLOBAL,S1D2,PWRTRNTZAXX,ELCTZAXX01,2049,355.46930899369727
GLOBAL,S1D2,PWRTRNTZAXX,ELCTZAXX01,2050,371.476116840739
GLOBAL,S1D2,PWRWONKENXX01,WONKENXX,2021,2.267564544
GLOBAL,S1D2,PWRWONKENXX01,WONKENXX,2022,2.267564544
GLOBAL,S1D2,PWRWONKENXX01,WONKENXX,2023,2.267564544
GLOBAL,S1D2,PWRWONKENXX01,WONKENXX,2024,2.217233088
GLOBAL,S1D2,PWRWONKENXX01,WONKENXX,2025,2.217233088
GLOBAL,S1D2,PWRWONKENXX01,WONKENXX,2026,2.217233088
GLOBAL,S1D2,PWRWONKENXX01,WONKENXX,2027,2.217233088
GLOBAL,S1D2,PWRWONKENXX01,WONKENXX,2028,2.217233088
GLOBAL,S1D2,PWRWONKENXX01,WONKENXX,2029,2.217233088
GLOBAL,S1D2,PWRWONKENXX01,WONKENXX,2030,2.217233088
GLOBAL,S1D2,PWRWONKENXX01,WONKENXX,2031,2.217233088
GLOBAL,S1D2,PWRWONKENXX01,WONKENXX,2032,2.217233088
GLOBAL,S1D2,PWRWONKENXX01,WONKENXX,2033,2.217233088
GLOBAL,S1D2,PWRWONKENXX01,WONKENXX,2034,2.217233088
GLOBAL,S1D2,PWRWONKENXX01,WONKENXX,2035,2.217233088
GLOBAL,S1D2,PWRWONKENXX01,WONKENXX,2036,2.250472032
GLOBAL,S1D2,PWRWONKENXX01,WONKENXX,2037,2.250472032
GLOBAL,S1D2,PWRWONKENXX01,WONKENXX,2038,2.250472032
GLOBAL,S1D2,PWRWONKENXX01,WONKENXX,2039,0.409345212915328
GLOBAL,S1D2,PWRWONKENXX01,WONKENXX,2040,2.250472032
GLOBAL,S1D2,PWRWONKENXX01,WONKENXX,2041,2.250472032
GLOBAL,S1D2,PWRWONKENXX01,WONKENXX,2042,2.250472032
GLOBAL,S1D2,PWRWONKENXX01,WONKENXX,2043,2.250472032
GLOBAL,S1D2,PWRWONKENXX01,WONKENXX,2044,2.250472032
GLOBAL,S1D2,PWRWONKENXX01,WONKENXX,2045,0.409345212915328
GLOBAL,S1D2,PWRWONKENXX01,WONKENXX,2046,2.250472032
GLOBAL,S1D2,PWRWONKENXX01,WONKENXX,2047,0.409345212915328
GLOBAL,S1D2,TRNKENXXTZAXX,ELCTZAXX02,2021,4.150048240686638
GLOBAL,S1D2,TRNKENXXTZAXX,ELCTZAXX02,2022,4.150048240686638
GLOBAL,S1D2,TRNKENXXTZAXX,ELCTZAXX02,2023,4.150048240686638
GLOBAL,S1D2,TRNKENXXTZAXX,ELCTZAXX02,2024,0.6567402549699234
GLOBAL,S1D2,TRNKENXXTZAXX,ELCTZAXX02,2028,6.6049876161396375
GLOBAL,S1D2,TRNKENXXTZAXX,ELCTZAXX02,2030,6.8913268709226285
GLOBAL,S1D2,TRNKENXXTZAXX,ELCTZAXX02,2032,14.472735850292867
GLOBAL,S1D2,TRNKENXXTZAXX,ELCTZAXX02,2033,15.371515810716865
GLOBAL,S1D2,TRNKENXXTZAXX,ELCTZAXX02,2034,16.269575017363568
GLOBAL,S1D2,TRNKENXXTZAXX,ELCTZAXX02,2035,17.16763422401038
GLOBAL,S1D2,TRNKENXXTZAXX,ELCTZAXX02,2036,18.224259261686072
GLOBAL,S1D2,TRNKENXXTZAXX,ELCTZAXX02,2037,19.280163545584447
GLOBAL,S1D2,TRNKENXXTZAXX,ELCTZAXX02,2038,20.33606782948283
GLOBAL,S1D2,TRNKENXXTZAXX,ELCTZAXX02,2039,21.326457233644494
GLOBAL,S1D2,TRNKENXXTZAXX,ELCTZAXX02,2040,22.448597151056894
GLOBAL,S1D2,TRNKENXXTZAXX,ELCTZAXX02,2041,17.422572477866375
GLOBAL,S1D2,TRNKENXXTZAXX,ELCTZAXX02,2042,24.9950202466288
GLOBAL,S1D2,TRNKENXXTZAXX,ELCTZAXX02,2043,26.26715066374892
GLOBAL,S1D2,TRNKENXXTZAXX,ELCTZAXX02,2044,24.6040112395611
GLOBAL,S1D2,TRNKENXXTZAXX,ELCTZAXX02,2045,27.520259713668057
GLOBAL,S1D2,TRNKENXXTZAXX,ELCTZAXX02,2046,30.399232069612363
GLOBAL,S1D2,TRNKENXXTZAXX,ELCTZAXX02,2047,31.98633188745793
GLOBAL,S1D2,TRNKENXXTZAXX,ELCTZAXX02,2048,33.57271095152605
GLOBAL,S1D2,TRNKENXXTZAXX,ELCTZAXX02,2049,35.159090015595105
GLOBAL,S1D2,TRNKENXXTZAXX,ELCTZAXX02,2050,36.746189833439686
GLOBAL,S1D3,PWRBIOKENXX01,BIOKENXX,2021,0.9029172449822072
GLOBAL,S1D3,PWRBIOKENXX01,BIOKENXX,2022,4.3002961489051135
GLOBAL,S1D3,PWRBIOKENXX01,BIOKENXX,2023,4.4475945897810245
GLOBAL,S1D3,PWRBIOKENXX01,BIOKENXX,2028,4.4475945897810245
GLOBAL,S1D3,PWRBIOKENXX01,BIOKENXX,2029,4.3002961489051135
GLOBAL,S1D3,PWRBIOKENXX01,BIOKENXX,2030,4.3002961489051135
GLOBAL,S1D3,PWRCCGKENXX01,GASINT,2043,0.08271324656743584
GLOBAL,S1D3,PWRCCGKENXX01,GASINT,2044,9.355850797466546
GLOBAL,S1D3,PWRCCGKENXX01,GASINT,2045,25.716642680442916
GLOBAL,S1D3,PWRCCGKENXX01,GASINT,2046,53.92734234130776
GLOBAL,S1D3,PWRCCGKENXX01,GASINT,2047,69.94134459112995
GLOBAL,S1D3,PWRCCGKENXX01,GASINT,2048,90.62451154844383
GLOBAL,S1D3,PWRCCGKENXX01,GASINT,2049,106.75589840975769
GLOBAL,S1D3,PWRCCGKENXX01,GASINT,2050,122.9055334462541
GLOBAL,S1D3,PWRGEOKENXX01,GEOKENXX,2021,15.328058327198011
GLOBAL,S1D3,PWRGEOKENXX01,GEOKENXX,2022,13.813915250837605
GLOBAL,S1D3,PWRGEOKENXX01,GEOKENXX,2023,13.331693412538218
GLOBAL,S1D3,PWRGEOKENXX01,GEOKENXX,2024,23.778144
GLOBAL,S1D3,PWRGEOKENXX01,GEOKENXX,2025,22.611394105770263
GLOBAL,S1D3,PWRGEOKENXX01,GEOKENXX,2026,10.87130275054236
GLOBAL,S1D3,PWRGEOKENXX01,GEOKENXX,2027,9.611310009014192
GLOBAL,S1D3,PWRGEOKENXX01,GEOKENXX,2028,23.28234736751044
GLOBAL,S1D3,PWRGEOKENXX01,GEOKENXX,2029,23.778144
GLOBAL,S1D3,PWRGEOKENXX01,GEOKENXX,2030,23.778144
GLOBAL,S1D3,PWRGEOKENXX01,GEOKENXX,2031,23.778144
GLOBAL,S1D3,PWRGEOKENXX01,GEOKENXX,2032,23.778144
GLOBAL,S1D3,PWRGEOKENXX01,GEOKENXX,2033,23.778144
GLOBAL,S1D3,PWRGEOKENXX01,GEOKENXX,2034,12.796453572337835
GLOBAL,S1D3,PWRGEOKENXX01,GEOKENXX,2035,13.213584
GLOBAL,S1D3,PWRGEOKENXX01,GEOKENXX,2036,13.213584
GLOBAL,S1D3,PWRGEOKENXX01,GEOKENXX,2037,13.213584
GLOBAL,S1D3,PWRGEOKENXX01,GEOKENXX,2038,13.213584
GLOBAL,S1D3,PWRGEOKENXX01,GEOKENXX,2039,13.213584
GLOBAL,S1D3,PWRGEOKENXX01,GEOKENXX,2040,13.213584
GLOBAL,S1D3,PWRGEOKENXX01,GEOKENXX,2041,13.213584
GLOBAL,S1D3,PWRGEOKENXX01,GEOKENXX,2042,13.213584
GLOBAL,S1D3,PWRGEOKENXX01,GEOKENXX,2043,13.213584
GLOBAL,S1D3,PWRGEOKENXX01,GEOKENXX,2044,13.213584
GLOBAL,S1D3,PWRGEOKENXX01,GEOKENXX,2045,8.798544
GLOBAL,S1D3,PWRHYDKENXX01,HYDKENXX,2021,14.165204498725462
GLOBAL,S1D3,PWRHYDKENXX01,HYDKENXX,2022,17.460067084839544
GLOBAL,S1D3,PWRHYDKENXX01,HYDKENXX,2023,20.742390820949147
GLOBAL,S1D3,PWRHYDKENXX01,HYDKENXX,2024,17.161557218569342
GLOBAL,S1D3,PWRHYDKENXX01,HYDKENXX,2025,22.933377443942152
GLOBAL,S1D3,PWRHYDKENXX01,HYDKENXX,2026,36.81109919795399
GLOBAL,S1D3,PWRHYDKENXX01,HYDKENXX,2027,41.957953253350766
GLOBAL,S1D3,PWRHYDKENXX01,HYDKENXX,2028,32.515541481472034
GLOBAL,S1D3,PWRHYDKENXX01,HYDKENXX,2029,35.5138784807726
GLOBAL,S1D3,PWRHYDKENXX01,HYDKENXX,2030,39.84920499496789
GLOBAL,S1D3,PWRHYDKENXX01,HYDKENXX,2031,43.940754298861314
GLOBAL,S1D3,PWRHYDKENXX01,HYDKENXX,2032,48.411557218569335
GLOBAL,S1D3,PWRHYDKENXX01,HYDKENXX,2033,51.10417634929642
GLOBAL,S1D3,PWRHYDKENXX01,HYDKENXX,2034,56.74784133680748
GLOBAL,S1D3,PWRHYDKENXX01,HYDKENXX,2035,58.17211731019369
GLOBAL,S1D3,PWRHYDKENXX01,HYDKENXX,2036,60.002474976
GLOBAL,S1D3,PWRHYDKENXX01,HYDKENXX,2037,60.002474976
GLOBAL,S1D3,PWRHYDKENXX01,HYDKENXX,2038,60.002474976
GLOBAL,S1D3,PWRHYDKENXX01,HYDKENXX,2039,60.002474976
GLOBAL,S1D3,PWRHYDKENXX01,HYDKENXX,2040,60.00247497600001
GLOBAL,S1D3,PWRHYDKENXX01,HYDKENXX,2041,60.00247497600001
GLOBAL,S1D3,PWRHYDKENXX01,HYDKENXX,2042,60.002474976
GLOBAL,S1D3,PWRHYDKENXX01,HYDKENXX,2043,60.002474976000016
GLOBAL,S1D3,PWRHYDKENXX01,HYDKENXX,2044,60.002474976000016
GLOBAL,S1D3,PWRHYDKENXX01,HYDKENXX,2045,60.002474976000016
GLOBAL,S1D3,PWRHYDKENXX01,HYDKENXX,2046,60.002474975999995
GLOBAL,S1D3,PWRHYDKENXX01,HYDKENXX,2047,60.002474976000016
GLOBAL,S1D3,PWRHYDKENXX01,HYDKENXX,2048,60.002474976000016
GLOBAL,S1D3,PWRHYDKENXX01,HYDKENXX,2049,60.002474976000016
GLOBAL,S1D3,PWRHYDKENXX01,HYDKENXX,2050,60.002474976000016
GLOBAL,S1D3,PWRHYDTZAXX01,HYDTZAXX,2021,57.55424532097861
GLOBAL,S1D3,PWRHYDTZAXX01,HYDTZAXX,2022,62.49220152535817
GLOBAL,S1D3,PWRHYDTZAXX01,HYDTZAXX,2023,67.43015772973773
GLOBAL,S1D3,PWRHYDTZAXX01,HYDTZAXX,2024,68.22810218978103
GLOBAL,S1D3,PWRHYDTZAXX01,HYDTZAXX,2025,73.16605839416057
GLOBAL,S1D3,PWRHYDTZAXX01,HYDTZAXX,2026,79.4388686131387
GLOBAL,S1D3,PWRHYDTZAXX01,HYDTZAXX,2027,85.7016423357664
GLOBAL,S1D3,PWRHYDTZAXX01,HYDTZAXX,2028,91.97445255474452
GLOBAL,S1D3,PWRHYDTZAXX01,HYDTZAXX,2029,98.2472627737226
GLOBAL,S1D3,PWRHYDTZAXX01,HYDTZAXX,2030,104.52007299270072
GLOBAL,S1D3,PWRHYDTZAXX01,HYDTZAXX,2031,112.09762773722628
GLOBAL,S1D3,PWRHYDTZAXX01,HYDTZAXX,2032,119.68521897810218
GLOBAL,S1D3,PWRHYDTZAXX01,HYDTZAXX,2033,129.12759517214656
GLOBAL,S1D3,PWRHYDTZAXX01,HYDTZAXX,2034,148.70903460413714
GLOBAL,S1D3,PWRHYDTZAXX01,HYDTZAXX,2035,157.21002075542896
GLOBAL,S1D3,PWRHYDTZAXX01,HYDTZAXX,2036,169.64060142064662
GLOBAL,S1D3,PWRHYDTZAXX01,HYDTZAXX,2037,184.0220450175335
GLOBAL,S1D3,PWRHYDTZAXX01,HYDTZAXX,2038,198.4029206716401
GLOBAL,S1D3,PWRHYDTZAXX01,HYDTZAXX,2039,212.78436426852693
GLOBAL,S1D3,PWRHYDTZAXX01,HYDTZAXX,2040,227.1752764189839
GLOBAL,S1D3,PWRHYDTZAXX01,HYDTZAXX,2041,244.4993293136571
GLOBAL,S1D3,PWRHYDTZAXX01,HYDTZAXX,2042,261.83341870468064
GLOBAL,S1D3,PWRHYDTZAXX01,HYDTZAXX,2043,279.1050850664104
GLOBAL,S1D3,PWRHYDTZAXX01,HYDTZAXX,2044,291.61752261950744
GLOBAL,S1D3,PWRHYDTZAXX01,HYDTZAXX,2045,305.0340643152763
GLOBAL,S1D3,PWRHYDTZAXX01,HYDTZAXX,2046,321.1151751927261
GLOBAL,S1D3,PWRHYDTZAXX01,HYDTZAXX,2047,334.40361758375235
GLOBAL,S1D3,PWRHYDTZAXX01,HYDTZAXX,2048,347.62168327718285
GLOBAL,S1D3,PWRHYDTZAXX01,HYDTZAXX,2049,360.8397489706136
GLOBAL,S1D3,PWRHYDTZAXX01,HYDTZAXX,2050,374.05781466404414
GLOBAL,S1D3,PWRTRNKENXX,ELCKENXX01,2021,34.60766423357664
GLOBAL,S1D3,PWRTRNKENXX,ELCKENXX01,2022,37.46350364963504
GLOBAL,S1D3,PWRTRNKENXX,ELCKENXX01,2023,40.31021897810219
GLOBAL,S1D3,PWRTRNKENXX,ELCKENXX01,2024,43.156934306569354
GLOBAL,S1D3,PWRTRNKENXX,ELCKENXX01,2025,46.012773722627735
GLOBAL,S1D3,PWRTRNKENXX,ELCKENXX01,2026,49.89963503649634
GLOBAL,S1D3,PWRTRNKENXX,ELCKENXX01,2027,53.78649635036496
GLOBAL,S1D3,PWRTRNKENXX,ELCKENXX01,2028,57.67335766423357
GLOBAL,S1D3,PWRTRNKENXX,ELCKENXX01,2029,61.56934306569343
GLOBAL,S1D3,PWRTRNKENXX,ELCKENXX01,2030,65.45620437956205
GLOBAL,S1D3,PWRTRNKENXX,ELCKENXX01,2031,69.9361313868613
GLOBAL,S1D3,PWRTRNKENXX,ELCKENXX01,2032,74.40693430656934
GLOBAL,S1D3,PWRTRNKENXX,ELCKENXX01,2033,78.88686131386862
GLOBAL,S1D3,PWRTRNKENXX,ELCKENXX01,2034,83.36678832116787
GLOBAL,S1D3,PWRTRNKENXX,ELCKENXX01,2035,87.83759124087592
GLOBAL,S1D3,PWRTRNKENXX,ELCKENXX01,2036,93.02007299270072
GLOBAL,S1D3,PWRTRNKENXX,ELCKENXX01,2037,98.19343065693432
GLOBAL,S1D3,PWRTRNKENXX,ELCKENXX01,2038,103.37591240875912
GLOBAL,S1D3,PWRTRNKENXX,ELCKENXX01,2039,108.5492700729927
GLOBAL,S1D3,PWRTRNKENXX,ELCKENXX01,2040,113.73175182481752
GLOBAL,S1D3,PWRTRNKENXX,ELCKENXX01,2041,120.16423357664232
GLOBAL,S1D3,PWRTRNKENXX,ELCKENXX01,2042,126.59671532846716
GLOBAL,S1D3,PWRTRNKENXX,ELCKENXX01,2043,133.02007299270073
GLOBAL,S1D3,PWRTRNKENXX,ELCKENXX01,2044,139.45255474452554
GLOBAL,S1D3,PWRTRNKENXX,ELCKENXX01,2045,145.88503649635038
GLOBAL,S1D3,PWRTRNKENXX,ELCKENXX01,2046,153.9507299270073
GLOBAL,S1D3,PWRTRNKENXX,ELCKENXX01,2047,162.02554744525546
GLOBAL,S1D3,PWRTRNKENXX,ELCKENXX01,2048,170.0912408759124
GLOBAL,S1D3,PWRTRNKENXX,ELCKENXX01,2049,178.15693430656933
GLOBAL,S1D3,PWRTRNKENXX,ELCKENXX01,2050,186.23175182481756
GLOBAL,S1D3,PWRTRNTZAXX,ELCTZAXX01,2021,57.55424532097861
GLOBAL,S1D3,PWRTRNTZAXX,ELCTZAXX01,2022,62.49220152535817
GLOBAL,S1D3,PWRTRNTZAXX,ELCTZAXX01,2023,67.43015772973773
GLOBAL,S1D3,PWRTRNTZAXX,ELCTZAXX01,2024,68.22810218978103
GLOBAL,S1D3,PWRTRNTZAXX,ELCTZAXX01,2025,73.16605839416057
GLOBAL,S1D3,PWRTRNTZAXX,ELCTZAXX01,2026,79.4388686131387
GLOBAL,S1D3,PWRTRNTZAXX,ELCTZAXX01,2027,85.7016423357664
GLOBAL,S1D3,PWRTRNTZAXX,ELCTZAXX01,2028,91.97445255474452
GLOBAL,S1D3,PWRTRNTZAXX,ELCTZAXX01,2029,98.2472627737226
GLOBAL,S1D3,PWRTRNTZAXX,ELCTZAXX01,2030,104.52007299270072
GLOBAL,S1D3,PWRTRNTZAXX,ELCTZAXX01,2031,112.09762773722628
GLOBAL,S1D3,PWRTRNTZAXX,ELCTZAXX01,2032,119.68521897810218
GLOBAL,S1D3,PWRTRNTZAXX,ELCTZAXX01,2033,129.12759517214656
GLOBAL,S1D3,PWRTRNTZAXX,ELCTZAXX01,2034,148.70903460413714
GLOBAL,S1D3,PWRTRNTZAXX,ELCTZAXX01,2035,157.21002075542896
GLOBAL,S1D3,PWRTRNTZAXX,ELCTZAXX01,2036,169.64060142064662
GLOBAL,S1D3,PWRTRNTZAXX,ELCTZAXX01,2037,184.0220450175335
GLOBAL,S1D3,PWRTRNTZAXX,ELCTZAXX01,2038,198.4029206716401
GLOBAL,S1D3,PWRTRNTZAXX,ELCTZAXX01,2039,212.78436426852693
GLOBAL,S1D3,PWRTRNTZAXX,ELCTZAXX01,2040,227.1752764189839
GLOBAL,S1D3,PWRTRNTZAXX,ELCTZAXX01,2041,244.49932931365709
GLOBAL,S1D3,PWRTRNTZAXX,ELCTZAXX01,2042,261.83341870468064
GLOBAL,S1D3,PWRTRNTZAXX,ELCTZAXX01,2043,279.1050850664104
GLOBAL,S1D3,PWRTRNTZAXX,ELCTZAXX01,2044,291.61752261950744
GLOBAL,S1D3,PWRTRNTZAXX,ELCTZAXX01,2045,305.0340643152763
GLOBAL,S1D3,PWRTRNTZAXX,ELCTZAXX01,2046,321.1151751927261
GLOBAL,S1D3,PWRTRNTZAXX,ELCTZAXX01,2047,334.40361758375235
GLOBAL,S1D3,PWRTRNTZAXX,ELCTZAXX01,2048,347.621683277183
GLOBAL,S1D3,PWRTRNTZAXX,ELCTZAXX01,2049,360.8397489706136
GLOBAL,S1D3,PWRTRNTZAXX,ELCTZAXX01,2050,374.05781466404414
GLOBAL,S1D3,PWRWONKENXX01,WONKENXX,2021,0.829598616588595
GLOBAL,S1D3,PWRWONKENXX01,WONKENXX,2022,0.829598616588595
GLOBAL,S1D3,PWRWONKENXX01,WONKENXX,2023,0.829598616588595
GLOBAL,S1D3,PWRWONKENXX01,WONKENXX,2024,2.217233088
GLOBAL,S1D3,PWRWONKENXX01,WONKENXX,2025,0.468002172915328
GLOBAL,S1D3,PWRWONKENXX01,WONKENXX,2026,2.217233088
GLOBAL,S1D3,PWRWONKENXX01,WONKENXX,2027,2.217233088
GLOBAL,S1D3,PWRWONKENXX01,WONKENXX,2028,0.468002172915328
GLOBAL,S1D3,PWRWONKENXX01,WONKENXX,2029,0.9164673732420003
GLOBAL,S1D3,PWRWONKENXX01,WONKENXX,2030,0.468002172915328
GLOBAL,S1D3,PWRWONKENXX01,WONKENXX,2031,2.217233088
GLOBAL,S1D3,PWRWONKENXX01,WONKENXX,2032,2.217233088
GLOBAL,S1D3,PWRWONKENXX01,WONKENXX,2033,2.217233088
GLOBAL,S1D3,PWRWONKENXX01,WONKENXX,2034,0.468002172915328
GLOBAL,S1D3,PWRWONKENXX01,WONKENXX,2035,2.217233088
GLOBAL,S1D3,PWRWONKENXX01,WONKENXX,2036,2.275890048
GLOBAL,S1D3,PWRWONKENXX01,WONKENXX,2037,2.275890048
GLOBAL,S1D3,PWRWONKENXX01,WONKENXX,2038,2.275890048
GLOBAL,S1D3,PWRWONKENXX01,WONKENXX,2039,2.275890048
GLOBAL,S1D3,PWRWONKENXX01,WONKENXX,2040,2.275890048
GLOBAL,S1D3,PWRWONKENXX01,WONKENXX,2041,2.275890048
GLOBAL,S1D3,PWRWONKENXX01,WONKENXX,2042,2.275890048
GLOBAL,S1D3,PWRWONKENXX01,WONKENXX,2043,2.275890048
GLOBAL,S1D3,PWRWONKENXX01,WONKENXX,2044,2.275890048
GLOBAL,S1D3,PWRWONKENXX01,WONKENXX,2045,2.275890048
GLOBAL,S1D3,PWRWONKENXX01,WONKENXX,2046,2.275890048
GLOBAL,S1D3,PWRWONKENXX01,WONKENXX,2047,2.275890048
GLOBAL,S1D3,TRNKENXXTZAXX,ELCTZAXX02,2021,4.150048240686638
GLOBAL,S1D3,TRNKENXXTZAXX,ELCTZAXX02,2022,4.150048240686638
GLOBAL,S1D3,TRNKENXXTZAXX,ELCTZAXX02,2023,4.150048240686638
GLOBAL,S1D3,TRNKENXXTZAXX,ELCTZAXX02,2033,1.854784953168464
GLOBAL,S1D3,TRNKENXXTZAXX,ELCTZAXX02,2034,13.858669640633494
GLOBAL,S1D3,TRNKENXXTZAXX,ELCTZAXX02,2035,14.772064551049397
GLOBAL,S1D3,TRNKENXXTZAXX,ELCTZAXX02,2036,18.189871493639327
GLOBAL,S1D3,TRNKENXXTZAXX,ELCTZAXX02,2037,23.558541367898453
GLOBAL,S1D3,TRNKENXXTZAXX,ELCTZAXX02,2038,28.936679795727684
GLOBAL,S1D3,TRNKENXXTZAXX,ELCTZAXX02,2039,34.30534966998681
GLOBAL,S1D3,TRNKENXXTZAXX,ELCTZAXX02,2040,39.68348809781604
GLOBAL,S1D3,TRNKENXXTZAXX,ELCTZAXX02,2041,46.35881836475199
GLOBAL,S1D3,TRNKENXXTZAXX,ELCTZAXX02,2042,53.034148631687934
GLOBAL,S1D3,TRNKENXXTZAXX,ELCTZAXX02,2043,59.65709236568044
GLOBAL,S1D3,TRNKENXXTZAXX,ELCTZAXX02,2044,61.520807291040285
GLOBAL,S1D3,TRNKENXXTZAXX,ELCTZAXX02,2045,64.28862635907193
GLOBAL,S1D3,TRNKENXXTZAXX,ELCTZAXX02,2046,67.15167154309108
GLOBAL,S1D3,TRNKENXXTZAXX,ELCTZAXX02,2047,67.22204824068665
GLOBAL,S1D3,TRNKENXXTZAXX,ELCTZAXX02,2048,67.22204824068665
GLOBAL,S1D3,TRNKENXXTZAXX,ELCTZAXX02,2049,67.22204824068665
GLOBAL,S1D3,TRNKENXXTZAXX,ELCTZAXX02,2050,67.22204824068665
GLOBAL,S2D1,PWRBIOKENXX01,BIOKENXX,2021,8.9688384
GLOBAL,S2D1,PWRBIOKENXX01,BIOKENXX,2031,8.9688384
GLOBAL,S2D1,PWRBIOTZAXX01,BIOTZAXX,2021,5.057088722788484
GLOBAL,S2D1,PWRBIOTZAXX01,BIOTZAXX,2022,4.248505402394074
GLOBAL,S2D1,PWRBIOTZAXX01,BIOTZAXX,2023,3.426923373226628
GLOBAL,S2D1,PWRBIOTZAXX01,BIOTZAXX,2024,3.4398685314336603
GLOBAL,S2D1,PWRBIOTZAXX01,BIOTZAXX,2025,3.4398685314336603
GLOBAL,S2D1,PWRBIOTZAXX01,BIOTZAXX,2026,3.4398685314336603
GLOBAL,S2D1,PWRBIOTZAXX01,BIOTZAXX,2027,3.4398685314336603
GLOBAL,S2D1,PWRBIOTZAXX01,BIOTZAXX,2028,3.4398685314336603
GLOBAL,S2D1,PWRBIOTZAXX01,BIOTZAXX,2029,3.4398685314336603
GLOBAL,S2D1,PWRBIOTZAXX01,BIOTZAXX,2030,3.4398685314336603
GLOBAL,S2D1,PWRBIOTZAXX01,BIOTZAXX,2031,3.4398685314336603
GLOBAL,S2D1,PWRCCGKENXX01,GASINT,2032,4.266140055063937
GLOBAL,S2D1,PWRCCGKENXX01,GASINT,2033,7.468417364768502
GLOBAL,S2D1,PWRCCGKENXX01,GASINT,2034,12.450990542686624
GLOBAL,S2D1,PWRCCGKENXX01,GASINT,2035,7.686090639535272
GLOBAL,S2D1,PWRCCGKENXX01,GASINT,2044,0.025521266393250096
GLOBAL,S2D1,PWRCCGKENXX01,GASINT,2045,2.6684461505129806
GLOBAL,S2D1,PWRCCGKENXX01,GASINT,2046,7.306265925667578
GLOBAL,S2D1,PWRCCGKENXX01,GASINT,2047,7.125124286254714
GLOBAL,S2D1,PWRCCGKENXX01,GASINT,2048,7.472887301491518
GLOBAL,S2D1,PWRCCGKENXX01,GASINT,2049,7.2716991124145105
GLOBAL,S2D1,PWRCCGKENXX01,GASINT,2050,7.069706445377992
GLOBAL,S2D1,PWRCCGTZAXX01,GASINT,2032,0.9758554728037148
GLOBAL,S2D1,PWRCCGTZAXX01,GASINT,2033,1.0505530933899063
GLOBAL,S2D1,PWRCCGTZAXX01,GASINT,2034,1.0444172685480217
GLOBAL,S2D1,PWRGEOKENXX01,GEOKENXX,2021,19.943507785882368
GLOBAL,S2D1,PWRGEOKENXX01,GEOKENXX,2022,23.778144
GLOBAL,S2D1,PWRGEOKENXX01,GEOKENXX,2023,23.778144
GLOBAL,S2D1,PWRGEOKENXX01,GEOKENXX,2024,23.778144
GLOBAL,S2D1,PWRGEOKENXX01,GEOKENXX,2025,21.943236371036704
GLOBAL,S2D1,PWRGEOKENXX01,GEOKENXX,2026,21.743989507901706
GLOBAL,S2D1,PWRGEOKENXX01,GEOKENXX,2027,23.778144
GLOBAL,S2D1,PWRGEOKENXX01,GEOKENXX,2028,23.778144
GLOBAL,S2D1,PWRGEOKENXX01,GEOKENXX,2029,21.14540483163632
GLOBAL,S2D1,PWRGEOKENXX01,GEOKENXX,2030,23.778144
GLOBAL,S2D1,PWRGEOKENXX01,GEOKENXX,2031,22.38613612306225
GLOBAL,S2D1,PWRGEOKENXX01,GEOKENXX,2032,23.778144
GLOBAL,S2D1,PWRGEOKENXX01,GEOKENXX,2033,23.778144
GLOBAL,S2D1,PWRGEOKENXX01,GEOKENXX,2034,13.213584
GLOBAL,S2D1,PWRGEOKENXX01,GEOKENXX,2035,13.213584
GLOBAL,S2D1,PWRGEOKENXX01,GEOKENXX,2036,13.213584
GLOBAL,S2D1,PWRGEOKENXX01,GEOKENXX,2037,13.213584
GLOBAL,S2D1,PWRGEOKENXX01,GEOKENXX,2038,13.213584
GLOBAL,S2D1,PWRGEOKENXX01,GEOKENXX,2039,13.213584
GLOBAL,S2D1,PWRGEOKENXX01,GEOKENXX,2040,13.213584
GLOBAL,S2D1,PWRGEOKENXX01,GEOKENXX,2041,13.213584
GLOBAL,S2D1,PWRGEOKENXX01,GEOKENXX,2042,13.213584
GLOBAL,S2D1,PWRGEOKENXX01,GEOKENXX,2043,13.213584
GLOBAL,S2D1,PWRGEOKENXX01,GEOKENXX,2044,13.213584
GLOBAL,S2D1,PWRGEOKENXX01,GEOKENXX,2045,8.798544
GLOBAL,S2D1,PWRHYDKENXX01,HYDKENXX,2021,12.282695808740607
GLOBAL,S2D1,PWRHYDKENXX01,HYDKENXX,2022,14.352194518932864
GLOBAL,S2D1,PWRHYDKENXX01,HYDKENXX,2023,17.408294251791272
GLOBAL,S2D1,PWRHYDKENXX01,HYDKENXX,2024,21.565078450829876
GLOBAL,S2D1,PWRHYDKENXX01,HYDKENXX,2025,27.45609513239985
GLOBAL,S2D1,PWRHYDKENXX01,HYDKENXX,2026,31.919026221931787
GLOBAL,S2D1,PWRHYDKENXX01,HYDKENXX,2027,34.148326537051894
GLOBAL,S2D1,PWRHYDKENXX01,HYDKENXX,2028,38.412010763448855
GLOBAL,S2D1,PWRHYDKENXX01,HYDKENXX,2029,45.31810621745771
GLOBAL,S2D1,PWRHYDKENXX01,HYDKENXX,2030,47.775470488833136
GLOBAL,S2D1,PWRHYDKENXX01,HYDKENXX,2031,52.02834508800001
GLOBAL,S2D1,PWRHYDKENXX01,HYDKENXX,2032,52.028345088
GLOBAL,S2D1,PWRHYDKENXX01,HYDKENXX,2033,52.028345088
GLOBAL,S2D1,PWRHYDKENXX01,HYDKENXX,2034,52.02834508800001
GLOBAL,S2D1,PWRHYDKENXX01,HYDKENXX,2035,52.02834508800001
GLOBAL,S2D1,PWRHYDKENXX01,HYDKENXX,2036,52.02834508800005
GLOBAL,S2D1,PWRHYDKENXX01,HYDKENXX,2037,52.028345088000016
GLOBAL,S2D1,PWRHYDKENXX01,HYDKENXX,2038,52.02834508800004
GLOBAL,S2D1,PWRHYDKENXX01,HYDKENXX,2039,52.028345087999995
GLOBAL,S2D1,PWRHYDKENXX01,HYDKENXX,2040,52.02834508800001
GLOBAL,S2D1,PWRHYDKENXX01,HYDKENXX,2041,52.02834508800001
GLOBAL,S2D1,PWRHYDKENXX01,HYDKENXX,2042,51.16777079083304
GLOBAL,S2D1,PWRHYDKENXX01,HYDKENXX,2043,52.02834508800001
GLOBAL,S2D1,PWRHYDKENXX01,HYDKENXX,2044,52.02834508800001
GLOBAL,S2D1,PWRHYDKENXX01,HYDKENXX,2045,52.02834508800001
GLOBAL,S2D1,PWRHYDKENXX01,HYDKENXX,2046,52.02834508799998
GLOBAL,S2D1,PWRHYDKENXX01,HYDKENXX,2047,52.02834508800001
GLOBAL,S2D1,PWRHYDKENXX01,HYDKENXX,2048,52.028345088000016
GLOBAL,S2D1,PWRHYDKENXX01,HYDKENXX,2049,52.02834508800001
GLOBAL,S2D1,PWRHYDKENXX01,HYDKENXX,2050,52.02834508800001
GLOBAL,S2D1,PWRHYDTZAXX01,HYDTZAXX,2021,25.20355623532997
GLOBAL,S2D1,PWRHYDTZAXX01,HYDTZAXX,2022,27.13903579823929
GLOBAL,S2D1,PWRHYDTZAXX01,HYDTZAXX,2023,29.073229908840304
GLOBAL,S2D1,PWRHYDTZAXX01,HYDTZAXX,2024,32.42107612816086
GLOBAL,S2D1,PWRHYDTZAXX01,HYDTZAXX,2025,33.63172777362469
GLOBAL,S2D1,PWRHYDTZAXX01,HYDTZAXX,2026,36.058011399061584
GLOBAL,S2D1,PWRHYDTZAXX01,HYDTZAXX,2027,38.480183945392426
GLOBAL,S2D1,PWRHYDTZAXX01,HYDTZAXX,2028,40.906467570829285
GLOBAL,S2D1,PWRHYDTZAXX01,HYDTZAXX,2029,43.33241518496138
GLOBAL,S2D1,PWRHYDTZAXX01,HYDTZAXX,2030,48.01388625332874
GLOBAL,S2D1,PWRHYDTZAXX01,HYDTZAXX,2031,53.879647868917054
GLOBAL,S2D1,PWRHYDTZAXX01,HYDTZAXX,2032,61.03237873589007
GLOBAL,S2D1,PWRHYDTZAXX01,HYDTZAXX,2033,66.97292572576393
GLOBAL,S2D1,PWRHYDTZAXX01,HYDTZAXX,2034,73.69905686169332
GLOBAL,S2D1,PWRHYDTZAXX01,HYDTZAXX,2035,75.74159299072862
GLOBAL,S2D1,PWRHYDTZAXX01,HYDTZAXX,2036,77.78031006065305
GLOBAL,S2D1,PWRHYDTZAXX01,HYDTZAXX,2037,83.02959671300268
GLOBAL,S2D1,PWRHYDTZAXX01,HYDTZAXX,2038,88.2777043384051
GLOBAL,S2D1,PWRHYDTZAXX01,HYDTZAXX,2039,92.05100992424993
GLOBAL,S2D1,PWRHYDTZAXX01,HYDTZAXX,2040,95.78338451059552
GLOBAL,S2D1,PWRHYDTZAXX01,HYDTZAXX,2041,103.08768472252524
GLOBAL,S2D1,PWRHYDTZAXX01,HYDTZAXX,2042,110.39621659911596
GLOBAL,S2D1,PWRHYDTZAXX01,HYDTZAXX,2043,117.67842919875262
GLOBAL,S2D1,PWRHYDTZAXX01,HYDTZAXX,2044,122.95401920222962
GLOBAL,S2D1,PWRHYDTZAXX01,HYDTZAXX,2045,128.61080453690732
GLOBAL,S2D1,PWRHYDTZAXX01,HYDTZAXX,2046,135.3910459910499
GLOBAL,S2D1,PWRHYDTZAXX01,HYDTZAXX,2047,140.9938211131944
GLOBAL,S2D1,PWRHYDTZAXX01,HYDTZAXX,2048,146.56692347167962
GLOBAL,S2D1,PWRHYDTZAXX01,HYDTZAXX,2049,152.14002583016492
GLOBAL,S2D1,PWRHYDTZAXX01,HYDTZAXX,2050,157.7131281886501
GLOBAL,S2D1,PWRSPVKENXX01,SPVKENXX,2021,0.1697645952
GLOBAL,S2D1,PWRSPVKENXX01,SPVKENXX,2022,0.1697645952
GLOBAL,S2D1,PWRSPVKENXX01,SPVKENXX,2023,0.1697645952
GLOBAL,S2D1,PWRSPVKENXX01,SPVKENXX,2024,0.1697645952
GLOBAL,S2D1,PWRSPVKENXX01,SPVKENXX,2025,0.1697645952
GLOBAL,S2D1,PWRSPVKENXX01,SPVKENXX,2026,0.1697645952
GLOBAL,S2D1,PWRSPVKENXX01,SPVKENXX,2027,0.1697645952
GLOBAL,S2D1,PWRSPVKENXX01,SPVKENXX,2028,0.1697645952
GLOBAL,S2D1,PWRSPVKENXX01,SPVKENXX,2029,0.1697645952
GLOBAL,S2D1,PWRSPVKENXX01,SPVKENXX,2030,0.1697645952
GLOBAL,S2D1,PWRSPVKENXX01,SPVKENXX,2031,0.1697645952
GLOBAL,S2D1,PWRSPVKENXX01,SPVKENXX,2032,0.1697645952
GLOBAL,S2D1,PWRSPVKENXX01,SPVKENXX,2033,3.3780649430191336
GLOBAL,S2D1,PWRSPVKENXX01,SPVKENXX,2034,16.2607773567315
GLOBAL,S2D1,PWRSPVKENXX01,SPVKENXX,2035,20.781669846269278
GLOBAL,S2D1,PWRSPVKENXX01,SPVKENXX,2036,26.02221460965183
GLOBAL,S2D1,PWRSPVKENXX01,SPVKENXX,2037,31.25353306183128
GLOBAL,S2D1,PWRSPVKENXX01,SPVKENXX,2038,36.4940778252138
GLOBAL,S2D1,PWRSPVKENXX01,SPVKENXX,2039,40.34008718294786
GLOBAL,S2D1,PWRSPVKENXX01,SPVKENXX,2040,46.96594104077582
GLOBAL,S2D1,PWRSPVKENXX01,SPVKENXX,2041,53.47049043898833
GLOBAL,S2D1,PWRSPVKENXX01,SPVKENXX,2042,59.975039837200846
GLOBAL,S2D1,PWRSPVKENXX01,SPVKENXX,2043,66.47036292421024
GLOBAL,S2D1,PWRSPVKENXX01,SPVKENXX,2044,72.97491232242275
GLOBAL,S2D1,PWRSPVKENXX01,SPVKENXX,2045,82.97009785739945
GLOBAL,S2D1,PWRSPVKENXX01,SPVKENXX,2046,98.20136574693944
GLOBAL,S2D1,PWRSPVKENXX01,SPVKENXX,2047,106.71503844271852
GLOBAL,S2D1,PWRSPVKENXX01,SPVKENXX,2048,116.70523048010055
GLOBAL,S2D1,PWRSPVKENXX01,SPVKENXX,2049,125.19943554363942
GLOBAL,S2D1,PWRSPVKENXX01,SPVKENXX,2050,133.7035851532195
GLOBAL,S2D1,PWRSPVTZAXX01,SPVTZAXX,2021,20.659810969178693
GLOBAL,S2D1,PWRSPVTZAXX01,SPVTZAXX,2022,23.34827121485879
GLOBAL,S2D1,PWRSPVTZAXX01,SPVTZAXX,2023,26.041920428995255
GLOBAL,S2D1,PWRSPVTZAXX01,SPVTZAXX,2024,26.16266025213435
GLOBAL,S2D1,PWRSPVTZAXX01,SPVTZAXX,2025,28.378940463018388
GLOBAL,S2D1,PWRSPVTZAXX01,SPVTZAXX,2026,31.430481988309715
GLOBAL,S2D1,PWRSPVTZAXX01,SPVTZAXX,2027,34.47745094611459
GLOBAL,S2D1,PWRSPVTZAXX01,SPVTZAXX,2028,37.528992471406
GLOBAL,S2D1,PWRSPVTZAXX01,SPVTZAXX,2029,40.58098866065568
GLOBAL,S2D1,PWRSPVTZAXX01,SPVTZAXX,2030,40.58098866065568
GLOBAL,S2D1,PWRSPVTZAXX01,SPVTZAXX,2031,40.58098866065568
GLOBAL,S2D1,PWRSPVTZAXX01,SPVTZAXX,2032,44.6684735811364
GLOBAL,S2D1,PWRSPVTZAXX01,SPVTZAXX,2033,45.422545723979226
GLOBAL,S2D1,PWRSPVTZAXX01,SPVTZAXX,2034,45.422545723979226
GLOBAL,S2D1,PWRSPVTZAXX01,SPVTZAXX,2035,53.395857031340086
GLOBAL,S2D1,PWRSPVTZAXX01,SPVTZAXX,2036,63.67703472750316
GLOBAL,S2D1,PWRSPVTZAXX01,SPVTZAXX,2037,66.75891886289281
GLOBAL,S2D1,PWRSPVTZAXX01,SPVTZAXX,2038,69.83366766318078
GLOBAL,S2D1,PWRSPVTZAXX01,SPVTZAXX,2039,75.82914218663913
GLOBAL,S2D1,PWRSPVTZAXX01,SPVTZAXX,2040,78.9909194239217
GLOBAL,S2D1,PWRSPVTZAXX01,SPVTZAXX,2041,81.55072860688685
GLOBAL,S2D1,PWRSPVTZAXX01,SPVTZAXX,2042,85.00827480887665
GLOBAL,S2D1,PWRSPVTZAXX01,SPVTZAXX,2043,86.69651728249877
GLOBAL,S2D1,PWRSPVTZAXX01,SPVTZAXX,2044,91.27179428252141
GLOBAL,S2D1,PWRSPVTZAXX01,SPVTZAXX,2045,95.06706942426065
GLOBAL,S2D1,PWRSPVTZAXX01,SPVTZAXX,2046,99.91815985646512
GLOBAL,S2D1,PWRSPVTZAXX01,SPVTZAXX,2047,106.29781673533536
GLOBAL,S2D1,PWRSPVTZAXX01,SPVTZAXX,2048,112.72758567511976
GLOBAL,S2D1,PWRSPVTZAXX01,SPVTZAXX,2049,119.15735461490412
GLOBAL,S2D1,PWRSPVTZAXX01,SPVTZAXX,2050,125.5873859863422
GLOBAL,S2D1,PWRTRNKENXX,ELCKENXX01,2021,37.153161175422966
GLOBAL,S2D1,PWRTRNKENXX,ELCKENXX01,2022,40.21905609973287
GLOBAL,S2D1,PWRTRNKENXX,ELCKENXX01,2023,43.27515583259128
GLOBAL,S2D1,PWRTRNKENXX,ELCKENXX01,2024,47.283449622029934
GLOBAL,S2D1,PWRTRNKENXX,ELCKENXX01,2025,51.33955867463655
GLOBAL,S2D1,PWRTRNKENXX,ELCKENXX01,2026,55.60324290103349
GLOBAL,S2D1,PWRTRNKENXX,ELCKENXX01,2027,59.86669770825189
GLOBAL,S2D1,PWRTRNKENXX,ELCKENXX01,2028,64.13038193464875
GLOBAL,S2D1,PWRTRNKENXX,ELCKENXX01,2029,68.40373822029406
GLOBAL,S2D1,PWRTRNKENXX,ELCKENXX01,2030,73.49384166003321
GLOBAL,S2D1,PWRTRNKENXX,ELCKENXX01,2031,79.1929483822623
GLOBAL,S2D1,PWRTRNKENXX,ELCKENXX01,2032,79.87978628673197
GLOBAL,S2D1,PWRTRNKENXX,ELCKENXX01,2033,84.68922528940338
GLOBAL,S2D1,PWRTRNKENXX,ELCKENXX01,2034,89.4986642920748
GLOBAL,S2D1,PWRTRNKENXX,ELCKENXX01,2035,94.29830810329476
GLOBAL,S2D1,PWRTRNKENXX,ELCKENXX01,2036,99.8619768477293
GLOBAL,S2D1,PWRTRNKENXX,ELCKENXX01,2037,105.4158504007124
GLOBAL,S2D1,PWRTRNKENXX,ELCKENXX01,2038,110.97951914514692
GLOBAL,S2D1,PWRTRNKENXX,ELCKENXX01,2039,116.53339269813002
GLOBAL,S2D1,PWRTRNKENXX,ELCKENXX01,2040,122.09706144256457
GLOBAL,S2D1,PWRTRNKENXX,ELCKENXX01,2041,129.0026714158504
GLOBAL,S2D1,PWRTRNKENXX,ELCKENXX01,2042,135.90828138913625
GLOBAL,S2D1,PWRTRNKENXX,ELCKENXX01,2043,142.8040961709706
GLOBAL,S2D1,PWRTRNKENXX,ELCKENXX01,2044,149.70970614425647
GLOBAL,S2D1,PWRTRNKENXX,ELCKENXX01,2045,156.6153161175423
GLOBAL,S2D1,PWRTRNKENXX,ELCKENXX01,2046,165.27426536064115
GLOBAL,S2D1,PWRTRNKENXX,ELCKENXX01,2047,173.94300979519144
GLOBAL,S2D1,PWRTRNKENXX,ELCKENXX01,2048,182.6019590382903
GLOBAL,S2D1,PWRTRNKENXX,ELCKENXX01,2049,191.26090828138916
GLOBAL,S2D1,PWRTRNKENXX,ELCKENXX01,2050,199.92965271593943
GLOBAL,S2D1,PWRTRNTZAXX,ELCTZAXX01,2021,47.3820124666073
GLOBAL,S2D1,PWRTRNTZAXX,ELCTZAXX01,2022,51.76313446126447
GLOBAL,S2D1,PWRTRNTZAXX,ELCTZAXX01,2023,56.14425645592164
GLOBAL,S2D1,PWRTRNTZAXX,ELCTZAXX01,2024,60.534283170080144
GLOBAL,S2D1,PWRTRNTZAXX,ELCTZAXX01,2025,64.91540516473731
GLOBAL,S2D1,PWRTRNTZAXX,ELCTZAXX01,2026,70.48085485307213
GLOBAL,S2D1,PWRTRNTZAXX,ELCTZAXX01,2027,76.03739982190561
GLOBAL,S2D1,PWRTRNTZAXX,ELCTZAXX01,2028,81.60284951024043
GLOBAL,S2D1,PWRTRNTZAXX,ELCTZAXX01,2029,87.16829919857523
GLOBAL,S2D1,PWRTRNTZAXX,ELCTZAXX01,2030,92.73374888691006
GLOBAL,S2D1,PWRTRNTZAXX,ELCTZAXX01,2031,99.45681211041853
GLOBAL,S2D1,PWRTRNTZAXX,ELCTZAXX01,2032,106.18878005342832
GLOBAL,S2D1,PWRTRNTZAXX,ELCTZAXX01,2033,112.92074799643812
GLOBAL,S2D1,PWRTRNTZAXX,ELCTZAXX01,2034,119.64381121994656
GLOBAL,S2D1,PWRTRNTZAXX,ELCTZAXX01,2035,129.13745002206872
GLOBAL,S2D1,PWRTRNTZAXX,ELCTZAXX01,2036,141.4573447881562
GLOBAL,S2D1,PWRTRNTZAXX,ELCTZAXX01,2037,149.78851557589547
GLOBAL,S2D1,PWRTRNTZAXX,ELCTZAXX01,2038,158.11137200158586
GLOBAL,S2D1,PWRTRNTZAXX,ELCTZAXX01,2039,167.88015211088907
GLOBAL,S2D1,PWRTRNTZAXX,ELCTZAXX01,2040,174.77430393451723
GLOBAL,S2D1,PWRTRNTZAXX,ELCTZAXX01,2041,184.6384133294121
GLOBAL,S2D1,PWRTRNTZAXX,ELCTZAXX01,2042,195.40449140799257
GLOBAL,S2D1,PWRTRNTZAXX,ELCTZAXX01,2043,204.3749464812514
GLOBAL,S2D1,PWRTRNTZAXX,ELCTZAXX01,2044,214.22581348475103
GLOBAL,S2D1,PWRTRNTZAXX,ELCTZAXX01,2045,223.677873961168
GLOBAL,S2D1,PWRTRNTZAXX,ELCTZAXX01,2046,235.30920584751505
GLOBAL,S2D1,PWRTRNTZAXX,ELCTZAXX01,2047,247.29163784852972
GLOBAL,S2D1,PWRTRNTZAXX,ELCTZAXX01,2048,259.2945091467994
GLOBAL,S2D1,PWRTRNTZAXX,ELCTZAXX01,2049,271.29738044506905
GLOBAL,S2D1,PWRTRNTZAXX,ELCTZAXX01,2050,283.3005141749923
GLOBAL,S2D1,PWRWONKENXX01,WONKENXX,2021,1.9189529856
GLOBAL,S2D1,PWRWONKENXX01,WONKENXX,2022,1.9189529856
GLOBAL,S2D1,PWRWONKENXX01,WONKENXX,2023,1.9189529856
GLOBAL,S2D1,PWRWONKENXX01,WONKENXX,2024,1.770462576
GLOBAL,S2D1,PWRWONKENXX01,WONKENXX,2025,1.770462576
GLOBAL,S2D1,PWRWONKENXX01,WONKENXX,2026,1.770462576
GLOBAL,S2D1,PWRWONKENXX01,WONKENXX,2027,1.770462576
GLOBAL,S2D1,PWRWONKENXX01,WONKENXX,2028,1.770462576
GLOBAL,S2D1,PWRWONKENXX01,WONKENXX,2029,1.770462576
GLOBAL,S2D1,PWRWONKENXX01,WONKENXX,2030,1.770462576
GLOBAL,S2D1,PWRWONKENXX01,WONKENXX,2031,1.770462576
GLOBAL,S2D1,PWRWONKENXX01,WONKENXX,2032,1.770462576
GLOBAL,S2D1,PWRWONKENXX01,WONKENXX,2033,1.770462576
GLOBAL,S2D1,PWRWONKENXX01,WONKENXX,2034,1.770462576
GLOBAL,S2D1,PWRWONKENXX01,WONKENXX,2035,1.770462576
GLOBAL,S2D1,PWRWONKENXX01,WONKENXX,2036,1.770462576
GLOBAL,S2D1,PWRWONKENXX01,WONKENXX,2037,1.770462576
GLOBAL,S2D1,PWRWONKENXX01,WONKENXX,2038,1.770462576
GLOBAL,S2D1,PWRWONKENXX01,WONKENXX,2039,1.770462576
GLOBAL,S2D1,PWRWONKENXX01,WONKENXX,2040,1.770462576
GLOBAL,S2D1,PWRWONKENXX01,WONKENXX,2041,1.770462576
GLOBAL,S2D1,PWRWONKENXX01,WONKENXX,2042,1.770462576
GLOBAL,S2D1,PWRWONKENXX01,WONKENXX,2043,1.770462576
GLOBAL,S2D1,PWRWONKENXX01,WONKENXX,2044,1.770462576
GLOBAL,S2D1,PWRWONKENXX01,WONKENXX,2045,1.770462576
GLOBAL,S2D1,PWRWONKENXX01,WONKENXX,2046,1.770462576
GLOBAL,S2D1,PWRWONKENXX01,WONKENXX,2047,1.770462576
GLOBAL,S2D1,TRNKENXXTZAXX,ELCKENXX02,2024,0.9521940565802398
GLOBAL,S2D1,TRNKENXXTZAXX,ELCKENXX02,2025,1.94240818487698
GLOBAL,S2D1,TRNKENXXTZAXX,ELCKENXX02,2026,2.033340852948
GLOBAL,S2D1,TRNKENXXTZAXX,ELCKENXX02,2027,2.1240441018404805
GLOBAL,S2D1,TRNKENXXTZAXX,ELCKENXX02,2028,2.2149767699114347
GLOBAL,S2D1,TRNKENXXTZAXX,ELCKENXX02,2029,2.3057863057793604
GLOBAL,S2D1,TRNKENXXTZAXX,ELCKENXX02,2030,3.2231381871926175
GLOBAL,S2D1,TRNKENXXTZAXX,ELCKENXX02,2031,4.112805906750294
GLOBAL,S2D1,TRNKENXXTZAXX,ELCTZAXX02,2035,2.761670859112344
GLOBAL,S2D1,TRNKENXXTZAXX,ELCTZAXX02,2036,7.085127513000368
GLOBAL,S2D1,TRNKENXXTZAXX,ELCTZAXX02,2037,7.419860188540186
GLOBAL,S2D1,TRNKENXXTZAXX,ELCTZAXX02,2038,7.755183221532432
GLOBAL,S2D1,TRNKENXXTZAXX,ELCTZAXX02,2039,9.527525218636146
GLOBAL,S2D1,TRNKENXXTZAXX,ELCTZAXX02,2040,8.42523893006486
GLOBAL,S2D1,TRNKENXXTZAXX,ELCTZAXX02,2041,8.841440934042536
GLOBAL,S2D1,TRNKENXXTZAXX,ELCTZAXX02,2042,10.150706902204544
GLOBAL,S2D1,TRNKENXXTZAXX,ELCTZAXX02,2043,9.67325458454616
GLOBAL,S2D1,TRNKENXXTZAXX,ELCTZAXX02,2044,10.076214197128596
GLOBAL,S2D1,TRNKENXXTZAXX,ELCTZAXX02,2045,10.080367282628377
GLOBAL,S2D1,TRNKENXXTZAXX,ELCTZAXX02,2046,9.98418358571631
GLOBAL,S2D1,TRNKENXXTZAXX,ELCTZAXX02,2047,10.23910000347188
GLOBAL,S2D1,TRNKENXXTZAXX,ELCTZAXX02,2048,10.514455718482354
GLOBAL,S2D1,TRNKENXXTZAXX,ELCTZAXX02,2049,10.789811433492924
GLOBAL,S2D1,TRNKENXXTZAXX,ELCTZAXX02,2050,11.06542958015706
GLOBAL,S2D2,PWRBIOKENXX01,BIOKENXX,2021,8.9688384
GLOBAL,S2D2,PWRBIOKENXX01,BIOKENXX,2022,8.9688384
GLOBAL,S2D2,PWRBIOKENXX01,BIOKENXX,2023,8.9688384
GLOBAL,S2D2,PWRBIOKENXX01,BIOKENXX,2024,8.9688384
GLOBAL,S2D2,PWRBIOKENXX01,BIOKENXX,2025,8.9688384
GLOBAL,S2D2,PWRBIOKENXX01,BIOKENXX,2026,8.9688384
GLOBAL,S2D2,PWRBIOKENXX01,BIOKENXX,2027,8.9688384
GLOBAL,S2D2,PWRBIOKENXX01,BIOKENXX,2028,8.9688384
GLOBAL,S2D2,PWRBIOKENXX01,BIOKENXX,2029,8.9688384
GLOBAL,S2D2,PWRBIOKENXX01,BIOKENXX,2030,8.9688384
GLOBAL,S2D2,PWRBIOKENXX01,BIOKENXX,2031,8.9688384
GLOBAL,S2D2,PWRBIOTZAXX01,BIOTZAXX,2021,7.3510416
GLOBAL,S2D2,PWRBIOTZAXX01,BIOTZAXX,2022,7.3510416
GLOBAL,S2D2,PWRBIOTZAXX01,BIOTZAXX,2023,7.3510416
GLOBAL,S2D2,PWRBIOTZAXX01,BIOTZAXX,2024,7.3510416
GLOBAL,S2D2,PWRBIOTZAXX01,BIOTZAXX,2025,7.3510416
GLOBAL,S2D2,PWRBIOTZAXX01,BIOTZAXX,2026,7.3510416
GLOBAL,S2D2,PWRBIOTZAXX01,BIOTZAXX,2027,7.3510416
GLOBAL,S2D2,PWRBIOTZAXX01,BIOTZAXX,2028,7.3510416
GLOBAL,S2D2,PWRBIOTZAXX01,BIOTZAXX,2029,7.3510416
GLOBAL,S2D2,PWRBIOTZAXX01,BIOTZAXX,2030,7.3510416
GLOBAL,S2D2,PWRBIOTZAXX01,BIOTZAXX,2031,7.3510416
GLOBAL,S2D2,PWRCCGKENXX01,GASINT,2032,4.266140055063937
GLOBAL,S2D2,PWRCCGKENXX01,GASINT,2033,7.468417364768502
GLOBAL,S2D2,PWRCCGKENXX01,GASINT,2034,22.2403595384112
GLOBAL,S2D2,PWRCCGKENXX01,GASINT,2035,21.654968522804893
GLOBAL,S2D2,PWRCCGKENXX01,GASINT,2036,7.37189286580043
GLOBAL,S2D2,PWRCCGKENXX01,GASINT,2037,6.627307405152128
GLOBAL,S2D2,PWRCCGKENXX01,GASINT,2038,5.882755297320179
GLOBAL,S2D2,PWRCCGKENXX01,GASINT,2043,1.694989127357137
GLOBAL,S2D2,PWRCCGTZAXX01,GASINT,2030,6.467076781489351
GLOBAL,S2D2,PWRCCGTZAXX01,GASINT,2031,14.597292307092589
GLOBAL,S2D2,PWRCCGTZAXX01,GASINT,2032,21.57266998262559
GLOBAL,S2D2,PWRCCGTZAXX01,GASINT,2033,23.127364894050128
GLOBAL,S2D2,PWRCCGTZAXX01,GASINT,2034,10.59860297824838
GLOBAL,S2D2,PWRGEOKENXX01,GEOKENXX,2021,23.778144
GLOBAL,S2D2,PWRGEOKENXX01,GEOKENXX,2022,23.778144
GLOBAL,S2D2,PWRGEOKENXX01,GEOKENXX,2023,23.778144
GLOBAL,S2D2,PWRGEOKENXX01,GEOKENXX,2024,23.778144
GLOBAL,S2D2,PWRGEOKENXX01,GEOKENXX,2025,23.778144
GLOBAL,S2D2,PWRGEOKENXX01,GEOKENXX,2026,23.778144
GLOBAL,S2D2,PWRGEOKENXX01,GEOKENXX,2027,23.778144
GLOBAL,S2D2,PWRGEOKENXX01,GEOKENXX,2028,23.778144
GLOBAL,S2D2,PWRGEOKENXX01,GEOKENXX,2029,23.778144
GLOBAL,S2D2,PWRGEOKENXX01,GEOKENXX,2030,23.778144
GLOBAL,S2D2,PWRGEOKENXX01,GEOKENXX,2031,23.778144
GLOBAL,S2D2,PWRGEOKENXX01,GEOKENXX,2032,23.778144
GLOBAL,S2D2,PWRGEOKENXX01,GEOKENXX,2033,23.778144
GLOBAL,S2D2,PWRGEOKENXX01,GEOKENXX,2034,13.213584
GLOBAL,S2D2,PWRGEOKENXX01,GEOKENXX,2035,13.213584
GLOBAL,S2D2,PWRGEOKENXX01,GEOKENXX,2036,13.213584
GLOBAL,S2D2,PWRGEOKENXX01,GEOKENXX,2037,13.213584
GLOBAL,S2D2,PWRGEOKENXX01,GEOKENXX,2038,13.213584
GLOBAL,S2D2,PWRGEOKENXX01,GEOKENXX,2039,13.213584
GLOBAL,S2D2,PWRGEOKENXX01,GEOKENXX,2040,13.213584
GLOBAL,S2D2,PWRGEOKENXX01,GEOKENXX,2041,13.213584
GLOBAL,S2D2,PWRGEOKENXX01,GEOKENXX,2042,13.213584
GLOBAL,S2D2,PWRGEOKENXX01,GEOKENXX,2043,13.213584
GLOBAL,S2D2,PWRGEOKENXX01,GEOKENXX,2044,13.213584
GLOBAL,S2D2,PWRGEOKENXX01,GEOKENXX,2045,8.798544
GLOBAL,S2D2,PWRHYDKENXX01,HYDKENXX,2021,12.282695808740607
GLOBAL,S2D2,PWRHYDKENXX01,HYDKENXX,2022,15.139682086664164
GLOBAL,S2D2,PWRHYDKENXX01,HYDKENXX,2023,17.985795886155753
GLOBAL,S2D2,PWRHYDKENXX01,HYDKENXX,2024,23.181700587073514
GLOBAL,S2D2,PWRHYDKENXX01,HYDKENXX,2025,27.456095132399856
GLOBAL,S2D2,PWRHYDKENXX01,HYDKENXX,2026,31.91902622193179
GLOBAL,S2D2,PWRHYDKENXX01,HYDKENXX,2027,36.381880446176126
GLOBAL,S2D2,PWRHYDKENXX01,HYDKENXX,2028,40.84481153570801
GLOBAL,S2D2,PWRHYDKENXX01,HYDKENXX,2029,45.3181062174577
GLOBAL,S2D2,PWRHYDKENXX01,HYDKENXX,2030,48.587047965090655
GLOBAL,S2D2,PWRHYDKENXX01,HYDKENXX,2031,52.02834508800001
GLOBAL,S2D2,PWRHYDKENXX01,HYDKENXX,2032,52.028345088
GLOBAL,S2D2,PWRHYDKENXX01,HYDKENXX,2033,52.02834508800001
GLOBAL,S2D2,PWRHYDKENXX01,HYDKENXX,2034,52.02834508800001
GLOBAL,S2D2,PWRHYDKENXX01,HYDKENXX,2035,52.02834508800001
GLOBAL,S2D2,PWRHYDKENXX01,HYDKENXX,2036,52.02834508800001
GLOBAL,S2D2,PWRHYDKENXX01,HYDKENXX,2037,52.02834508800001
GLOBAL,S2D2,PWRHYDKENXX01,HYDKENXX,2038,52.028345087999995
GLOBAL,S2D2,PWRHYDKENXX01,HYDKENXX,2039,52.02834508799995
GLOBAL,S2D2,PWRHYDKENXX01,HYDKENXX,2040,52.02834508800001
GLOBAL,S2D2,PWRHYDKENXX01,HYDKENXX,2041,52.028345087999966
GLOBAL,S2D2,PWRHYDKENXX01,HYDKENXX,2042,52.028345088
GLOBAL,S2D2,PWRHYDKENXX01,HYDKENXX,2043,52.02834508800001
GLOBAL,S2D2,PWRHYDKENXX01,HYDKENXX,2044,52.02834508800001
GLOBAL,S2D2,PWRHYDKENXX01,HYDKENXX,2045,52.02834508800001
GLOBAL,S2D2,PWRHYDKENXX01,HYDKENXX,2046,52.02834508800001
GLOBAL,S2D2,PWRHYDKENXX01,HYDKENXX,2047,52.02834508800001
GLOBAL,S2D2,PWRHYDKENXX01,HYDKENXX,2048,48.49482036668354
GLOBAL,S2D2,PWRHYDKENXX01,HYDKENXX,2049,52.02834508800001
GLOBAL,S2D2,PWRHYDKENXX01,HYDKENXX,2050,52.02834508800001
GLOBAL,S2D2,PWRHYDTZAXX01,HYDTZAXX,2021,25.20355623532997
GLOBAL,S2D2,PWRHYDTZAXX01,HYDTZAXX,2022,27.13903579823929
GLOBAL,S2D2,PWRHYDTZAXX01,HYDTZAXX,2023,29.07322990884032
GLOBAL,S2D2,PWRHYDTZAXX01,HYDTZAXX,2024,32.42107612816085
GLOBAL,S2D2,PWRHYDTZAXX01,HYDTZAXX,2025,33.631727773624654
GLOBAL,S2D2,PWRHYDTZAXX01,HYDTZAXX,2026,36.05801139906159
GLOBAL,S2D2,PWRHYDTZAXX01,HYDTZAXX,2027,38.48018394539239
GLOBAL,S2D2,PWRHYDTZAXX01,HYDTZAXX,2028,40.9064675708293
GLOBAL,S2D2,PWRHYDTZAXX01,HYDTZAXX,2029,43.33241518496138
GLOBAL,S2D2,PWRHYDTZAXX01,HYDTZAXX,2030,48.01388625332879
GLOBAL,S2D2,PWRHYDTZAXX01,HYDTZAXX,2031,53.879647868917054
GLOBAL,S2D2,PWRHYDTZAXX01,HYDTZAXX,2032,61.03237873589007
GLOBAL,S2D2,PWRHYDTZAXX01,HYDTZAXX,2033,66.97292572576393
GLOBAL,S2D2,PWRHYDTZAXX01,HYDTZAXX,2034,73.69905686169332
GLOBAL,S2D2,PWRHYDTZAXX01,HYDTZAXX,2035,75.74159299072862
GLOBAL,S2D2,PWRHYDTZAXX01,HYDTZAXX,2036,77.78031006065305
GLOBAL,S2D2,PWRHYDTZAXX01,HYDTZAXX,2037,83.02959671300269
GLOBAL,S2D2,PWRHYDTZAXX01,HYDTZAXX,2038,88.2777043384051
GLOBAL,S2D2,PWRHYDTZAXX01,HYDTZAXX,2039,92.05100992425
GLOBAL,S2D2,PWRHYDTZAXX01,HYDTZAXX,2040,95.78338451059552
GLOBAL,S2D2,PWRHYDTZAXX01,HYDTZAXX,2041,103.08768472252522
GLOBAL,S2D2,PWRHYDTZAXX01,HYDTZAXX,2042,110.39621659911596
GLOBAL,S2D2,PWRHYDTZAXX01,HYDTZAXX,2043,117.67842919875262
GLOBAL,S2D2,PWRHYDTZAXX01,HYDTZAXX,2044,122.95401920222962
GLOBAL,S2D2,PWRHYDTZAXX01,HYDTZAXX,2045,128.61080453690732
GLOBAL,S2D2,PWRHYDTZAXX01,HYDTZAXX,2046,135.3910459910499
GLOBAL,S2D2,PWRHYDTZAXX01,HYDTZAXX,2047,140.9938211131944
GLOBAL,S2D2,PWRHYDTZAXX01,HYDTZAXX,2048,146.56692347167962
GLOBAL,S2D2,PWRHYDTZAXX01,HYDTZAXX,2049,152.14002583016492
GLOBAL,S2D2,PWRHYDTZAXX01,HYDTZAXX,2050,157.7131281886501
GLOBAL,S2D2,PWRSPVKENXX01,SPVKENXX,2021,0.2076077952
GLOBAL,S2D2,PWRSPVKENXX01,SPVKENXX,2022,0.2076077952
GLOBAL,S2D2,PWRSPVKENXX01,SPVKENXX,2023,0.2076077952
GLOBAL,S2D2,PWRSPVKENXX01,SPVKENXX,2024,0.2076077952
GLOBAL,S2D2,PWRSPVKENXX01,SPVKENXX,2025,0.2076077952
GLOBAL,S2D2,PWRSPVKENXX01,SPVKENXX,2026,0.2076077952
GLOBAL,S2D2,PWRSPVKENXX01,SPVKENXX,2027,0.2076077952
GLOBAL,S2D2,PWRSPVKENXX01,SPVKENXX,2028,0.2076077952
GLOBAL,S2D2,PWRSPVKENXX01,SPVKENXX,2029,0.2076077952
GLOBAL,S2D2,PWRSPVKENXX01,SPVKENXX,2030,0.2076077952
GLOBAL,S2D2,PWRSPVKENXX01,SPVKENXX,2031,0.2076077952
GLOBAL,S2D2,PWRSPVKENXX01,SPVKENXX,2032,0.2076077952
GLOBAL,S2D2,PWRSPVKENXX01,SPVKENXX,2033,4.131088782301152
GLOBAL,S2D2,PWRSPVKENXX01,SPVKENXX,2034,19.885560539239638
GLOBAL,S2D2,PWRSPVKENXX01,SPVKENXX,2035,25.414231113828187
GLOBAL,S2D2,PWRSPVKENXX01,SPVKENXX,2036,31.822975779881848
GLOBAL,S2D2,PWRSPVKENXX01,SPVKENXX,2037,38.2204374447629
GLOBAL,S2D2,PWRSPVKENXX01,SPVKENXX,2038,44.62918211081655
GLOBAL,S2D2,PWRSPVKENXX01,SPVKENXX,2039,51.02664377569762
GLOBAL,S2D2,PWRSPVKENXX01,SPVKENXX,2040,57.43538844175127
GLOBAL,S2D2,PWRSPVKENXX01,SPVKENXX,2041,65.38990426845523
GLOBAL,S2D2,PWRSPVKENXX01,SPVKENXX,2042,73.34442009515915
GLOBAL,S2D2,PWRSPVKENXX01,SPVKENXX,2043,81.28765292069046
GLOBAL,S2D2,PWRSPVKENXX01,SPVKENXX,2044,89.24216874739433
GLOBAL,S2D2,PWRSPVKENXX01,SPVKENXX,2045,101.46543844085876
GLOBAL,S2D2,PWRSPVKENXX01,SPVKENXX,2046,120.09199565040343
GLOBAL,S2D2,PWRSPVKENXX01,SPVKENXX,2047,128.97131925188427
GLOBAL,S2D2,PWRSPVKENXX01,SPVKENXX,2048,142.72066304365396
GLOBAL,S2D2,PWRSPVKENXX01,SPVKENXX,2049,148.01572028879067
GLOBAL,S2D2,PWRSPVKENXX01,SPVKENXX,2050,156.8546284097113
GLOBAL,S2D2,PWRSPVTZAXX01,SPVTZAXX,2021,29.370680494814735
GLOBAL,S2D2,PWRSPVTZAXX01,SPVTZAXX,2022,33.19268578889417
GLOBAL,S2D2,PWRSPVTZAXX01,SPVTZAXX,2023,37.022067894642255
GLOBAL,S2D2,PWRSPVTZAXX01,SPVTZAXX,2024,37.19371567853095
GLOBAL,S2D2,PWRSPVTZAXX01,SPVTZAXX,2025,40.34445399157581
GLOBAL,S2D2,PWRSPVTZAXX01,SPVTZAXX,2026,44.68262781561028
GLOBAL,S2D2,PWRSPVTZAXX01,SPVTZAXX,2027,49.01430112427772
GLOBAL,S2D2,PWRSPVTZAXX01,SPVTZAXX,2028,53.35247494831227
GLOBAL,S2D2,PWRSPVTZAXX01,SPVTZAXX,2029,57.69129513788575
GLOBAL,S2D2,PWRSPVTZAXX01,SPVTZAXX,2030,57.691295137885774
GLOBAL,S2D2,PWRSPVTZAXX01,SPVTZAXX,2031,57.691295137885774
GLOBAL,S2D2,PWRSPVTZAXX01,SPVTZAXX,2032,63.502200852653054
GLOBAL,S2D2,PWRSPVTZAXX01,SPVTZAXX,2033,64.57421511311837
GLOBAL,S2D2,PWRSPVTZAXX01,SPVTZAXX,2034,64.57421511311837
GLOBAL,S2D2,PWRSPVTZAXX01,SPVTZAXX,2035,75.90934200481902
GLOBAL,S2D2,PWRSPVTZAXX01,SPVTZAXX,2036,90.5254091931833
GLOBAL,S2D2,PWRSPVTZAXX01,SPVTZAXX,2037,94.90671908985203
GLOBAL,S2D2,PWRSPVTZAXX01,SPVTZAXX,2038,99.27788515472058
GLOBAL,S2D2,PWRSPVTZAXX01,SPVTZAXX,2039,107.80125290992407
GLOBAL,S2D2,PWRSPVTZAXX01,SPVTZAXX,2040,113.31250691002327
GLOBAL,S2D2,PWRSPVTZAXX01,SPVTZAXX,2041,116.9086735786781
GLOBAL,S2D2,PWRSPVTZAXX01,SPVTZAXX,2042,120.51129424607343
GLOBAL,S2D2,PWRSPVTZAXX01,SPVTZAXX,2043,123.2506779910137
GLOBAL,S2D2,PWRSPVTZAXX01,SPVTZAXX,2044,129.75504529347418
GLOBAL,S2D2,PWRSPVTZAXX01,SPVTZAXX,2045,135.1505357819512
GLOBAL,S2D2,PWRSPVTZAXX01,SPVTZAXX,2046,142.04700871426837
GLOBAL,S2D2,PWRSPVTZAXX01,SPVTZAXX,2047,151.11654299681237
GLOBAL,S2D2,PWRSPVTZAXX01,SPVTZAXX,2048,160.2573182666162
GLOBAL,S2D2,PWRSPVTZAXX01,SPVTZAXX,2049,169.39809353642
GLOBAL,S2D2,PWRSPVTZAXX01,SPVTZAXX,2050,178.5392418878684
GLOBAL,S2D2,PWRTRNKENXX,ELCKENXX01,2021,40.61027362634061
GLOBAL,S2D2,PWRTRNKENXX,ELCKENXX01,2022,43.8753339269813
GLOBAL,S2D2,PWRTRNKENXX,ELCKENXX01,2023,47.20926090828139
GLOBAL,S2D2,PWRTRNKENXX,ELCKENXX01,2024,51.39292948627351
GLOBAL,S2D2,PWRTRNKENXX,ELCKENXX01,2025,55.667324031599854
GLOBAL,S2D2,PWRTRNKENXX,ELCKENXX01,2026,60.13025512113178
GLOBAL,S2D2,PWRTRNKENXX,ELCKENXX01,2027,64.59310934537612
GLOBAL,S2D2,PWRTRNKENXX,ELCKENXX01,2028,69.05604043490801
GLOBAL,S2D2,PWRTRNKENXX,ELCKENXX01,2029,73.5293351166577
GLOBAL,S2D2,PWRTRNKENXX,ELCKENXX01,2030,76.79827686429064
GLOBAL,S2D2,PWRTRNKENXX,ELCKENXX01,2031,81.90560997328586
GLOBAL,S2D2,PWRTRNKENXX,ELCKENXX01,2032,87.14158504007123
GLOBAL,S2D2,PWRTRNKENXX,ELCKENXX01,2033,92.38824577025824
GLOBAL,S2D2,PWRTRNKENXX,ELCKENXX01,2034,97.63490650044525
GLOBAL,S2D2,PWRTRNKENXX,ELCKENXX01,2035,102.87088156723064
GLOBAL,S2D2,PWRTRNKENXX,ELCKENXX01,2036,108.94033837934106
GLOBAL,S2D2,PWRTRNKENXX,ELCKENXX01,2037,114.99910952804989
GLOBAL,S2D2,PWRTRNKENXX,ELCKENXX01,2038,121.06856634016027
GLOBAL,S2D2,PWRTRNKENXX,ELCKENXX01,2039,127.12733748886912
GLOBAL,S2D2,PWRTRNKENXX,ELCKENXX01,2040,133.19679430097952
GLOBAL,S2D2,PWRTRNKENXX,ELCKENXX01,2041,140.73018699910952
GLOBAL,S2D2,PWRTRNKENXX,ELCKENXX01,2042,148.26357969723952
GLOBAL,S2D2,PWRTRNKENXX,ELCKENXX01,2043,155.78628673196795
GLOBAL,S2D2,PWRTRNKENXX,ELCKENXX01,2044,163.31967943009798
GLOBAL,S2D2,PWRTRNKENXX,ELCKENXX01,2045,170.85307212822798
GLOBAL,S2D2,PWRTRNKENXX,ELCKENXX01,2046,180.29919857524487
GLOBAL,S2D2,PWRTRNKENXX,ELCKENXX01,2047,189.7560106856634
GLOBAL,S2D2,PWRTRNKENXX,ELCKENXX01,2048,199.20213713268032
GLOBAL,S2D2,PWRTRNKENXX,ELCKENXX01,2049,208.64826357969724
GLOBAL,S2D2,PWRTRNKENXX,ELCKENXX01,2050,218.10507569011577
GLOBAL,S2D2,PWRTRNTZAXX,ELCTZAXX01,2021,56.858414959928766
GLOBAL,S2D2,PWRTRNTZAXX,ELCTZAXX01,2022,62.53924158713345
GLOBAL,S2D2,PWRTRNTZAXX,ELCTZAXX01,2023,68.30281780348258
GLOBAL,S2D2,PWRTRNTZAXX,ELCTZAXX01,2024,72.64113980409617
GLOBAL,S2D2,PWRTRNTZAXX,ELCTZAXX01,2025,77.89848619768476
GLOBAL,S2D2,PWRTRNTZAXX,ELCTZAXX01,2026,84.57702582368654
GLOBAL,S2D2,PWRTRNTZAXX,ELCTZAXX01,2027,91.24487978628672
GLOBAL,S2D2,PWRTRNTZAXX,ELCTZAXX01,2028,97.92341941228851
GLOBAL,S2D2,PWRTRNTZAXX,ELCTZAXX01,2029,104.6019590382903
GLOBAL,S2D2,PWRTRNTZAXX,ELCTZAXX01,2030,111.28049866429208
GLOBAL,S2D2,PWRTRNTZAXX,ELCTZAXX01,2031,121.07710916034912
GLOBAL,S2D2,PWRTRNTZAXX,ELCTZAXX01,2032,135.32091457985592
GLOBAL,S2D2,PWRTRNTZAXX,ELCTZAXX01,2033,143.11082328590737
GLOBAL,S2D2,PWRTRNTZAXX,ELCTZAXX01,2034,143.5725734639359
GLOBAL,S2D2,PWRTRNTZAXX,ELCTZAXX01,2035,151.65093499554766
GLOBAL,S2D2,PWRTRNTZAXX,ELCTZAXX01,2036,168.30571925383634
GLOBAL,S2D2,PWRTRNTZAXX,ELCTZAXX01,2037,177.93631580285475
GLOBAL,S2D2,PWRTRNTZAXX,ELCTZAXX01,2038,187.55558949312567
GLOBAL,S2D2,PWRTRNTZAXX,ELCTZAXX01,2039,199.85226283417407
GLOBAL,S2D2,PWRTRNTZAXX,ELCTZAXX01,2040,209.0958914206188
GLOBAL,S2D2,PWRTRNTZAXX,ELCTZAXX01,2041,219.99635830120332
GLOBAL,S2D2,PWRTRNTZAXX,ELCTZAXX01,2042,230.90751084518936
GLOBAL,S2D2,PWRTRNTZAXX,ELCTZAXX01,2043,240.92910718976637
GLOBAL,S2D2,PWRTRNTZAXX,ELCTZAXX01,2044,252.7090644957038
GLOBAL,S2D2,PWRTRNTZAXX,ELCTZAXX01,2045,263.76134031885846
GLOBAL,S2D2,PWRTRNTZAXX,ELCTZAXX01,2046,277.4380547053183
GLOBAL,S2D2,PWRTRNTZAXX,ELCTZAXX01,2047,292.11036411000674
GLOBAL,S2D2,PWRTRNTZAXX,ELCTZAXX01,2048,306.82424173829577
GLOBAL,S2D2,PWRTRNTZAXX,ELCTZAXX01,2049,321.5381193665849
GLOBAL,S2D2,PWRTRNTZAXX,ELCTZAXX01,2050,336.25237007651845
GLOBAL,S2D2,PWRWONKENXX01,WONKENXX,2021,1.5035860224
GLOBAL,S2D2,PWRWONKENXX01,WONKENXX,2022,1.5035860224
GLOBAL,S2D2,PWRWONKENXX01,WONKENXX,2023,1.5035860224
GLOBAL,S2D2,PWRWONKENXX01,WONKENXX,2024,1.387237104
GLOBAL,S2D2,PWRWONKENXX01,WONKENXX,2025,1.387237104
GLOBAL,S2D2,PWRWONKENXX01,WONKENXX,2026,1.387237104
GLOBAL,S2D2,PWRWONKENXX01,WONKENXX,2027,1.387237104
GLOBAL,S2D2,PWRWONKENXX01,WONKENXX,2028,1.387237104
GLOBAL,S2D2,PWRWONKENXX01,WONKENXX,2029,1.387237104
GLOBAL,S2D2,PWRWONKENXX01,WONKENXX,2030,1.387237104
GLOBAL,S2D2,PWRWONKENXX01,WONKENXX,2031,1.387237104
GLOBAL,S2D2,PWRWONKENXX01,WONKENXX,2032,1.387237104
GLOBAL,S2D2,PWRWONKENXX01,WONKENXX,2033,1.387237104
GLOBAL,S2D2,PWRWONKENXX01,WONKENXX,2034,1.387237104
GLOBAL,S2D2,PWRWONKENXX01,WONKENXX,2035,1.387237104
GLOBAL,S2D2,PWRWONKENXX01,WONKENXX,2036,1.387237104
GLOBAL,S2D2,PWRWONKENXX01,WONKENXX,2037,1.387237104
GLOBAL,S2D2,PWRWONKENXX01,WONKENXX,2038,1.387237104
GLOBAL,S2D2,PWRWONKENXX01,WONKENXX,2039,1.387237104
GLOBAL,S2D2,PWRWONKENXX01,WONKENXX,2040,1.387237104
GLOBAL,S2D2,PWRWONKENXX01,WONKENXX,2041,1.387237104
GLOBAL,S2D2,PWRWONKENXX01,WONKENXX,2042,1.387237104
GLOBAL,S2D2,PWRWONKENXX01,WONKENXX,2043,1.387237104
GLOBAL,S2D2,PWRWONKENXX01,WONKENXX,2044,1.387237104
GLOBAL,S2D2,PWRWONKENXX01,WONKENXX,2045,1.387237104
GLOBAL,S2D2,PWRWONKENXX01,WONKENXX,2046,1.387237104
GLOBAL,S2D2,PWRWONKENXX01,WONKENXX,2047,1.387237104
GLOBAL,S2D2,TRNKENXXTZAXX,ELCKENXX02,2021,0.07955234406099929
GLOBAL,S2D2,TRNKENXXTZAXX,ELCKENXX02,2024,0.8497415966920302
GLOBAL,S2D2,TRNKENXXTZAXX,ELCKENXX02,2025,1.7795234973166856
GLOBAL,S2D2,TRNKENXXTZAXX,ELCKENXX02,2026,1.690361977765802
GLOBAL,S2D2,TRNKENXXTZAXX,ELCKENXX02,2027,1.601123592927323
GLOBAL,S2D2,TRNKENXXTZAXX,ELCKENXX02,2028,1.511962073376392
GLOBAL,S2D2,TRNKENXXTZAXX,ELCKENXX02,2029,1.422478482641673
GLOBAL,S2D2,TRNKENXXTZAXX,ELCKENXX02,2030,0.13932762119179398
GLOBAL,S2D2,TRNKENXXTZAXX,ELCTZAXX02,2022,0.4234802336160913
GLOBAL,S2D2,TRNKENXXTZAXX,ELCTZAXX02,2023,0.9297100563766176
GLOBAL,S2D2,TRNKENXXTZAXX,ELCTZAXX02,2031,1.728934627846903
GLOBAL,S2D2,TRNKENXXTZAXX,ELCTZAXX02,2032,7.89437851574195
GLOBAL,S2D2,TRNKENXXTZAXX,ELCTZAXX02,2033,7.605925690181626
GLOBAL,S2D2,TRNKENXXTZAXX,ELCTZAXX02,2036,7.0590585236493455
GLOBAL,S2D2,TRNKENXXTZAXX,ELCTZAXX02,2037,7.093929338028372
GLOBAL,S2D2,TRNKENXXTZAXX,ELCTZAXX02,2038,7.128162957061563
GLOBAL,S2D2,TRNKENXXTZAXX,ELCTZAXX02,2039,9.8291105634706
GLOBAL,S2D2,TRNKENXXTZAXX,ELCTZAXX02,2040,9.477013415275978
GLOBAL,S2D2,TRNKENXXTZAXX,ELCTZAXX02,2041,9.039991426759864
GLOBAL,S2D2,TRNKENXXTZAXX,ELCTZAXX02,2042,8.602969438243694
GLOBAL,S2D2,TRNKENXXTZAXX,ELCTZAXX02,2043,7.287076913720026
GLOBAL,S2D2,TRNKENXXTZAXX,ELCTZAXX02,2044,7.7295453505568705
GLOBAL,S2D2,TRNKENXXTZAXX,ELCTZAXX02,2045,7.444332304610944
GLOBAL,S2D2,TRNKENXXTZAXX,ELCTZAXX02,2046,7.048027991159783
GLOBAL,S2D2,TRNKENXXTZAXX,ELCTZAXX02,2047,7.647318695937303
GLOBAL,S2D2,TRNKENXXTZAXX,ELCTZAXX02,2048,8.288177624315411
GLOBAL,S2D2,TRNKENXXTZAXX,ELCTZAXX02,2049,8.929036552693523
GLOBAL,S2D2,TRNKENXXTZAXX,ELCTZAXX02,2050,9.570268562716159
GLOBAL,S2D3,PWRBIOKENXX01,BIOKENXX,2021,8.9688384
GLOBAL,S2D3,PWRBIOKENXX01,BIOKENXX,2022,8.9688384
GLOBAL,S2D3,PWRBIOKENXX01,BIOKENXX,2023,8.9688384
GLOBAL,S2D3,PWRBIOKENXX01,BIOKENXX,2024,8.9688384
GLOBAL,S2D3,PWRBIOKENXX01,BIOKENXX,2025,8.9688384
GLOBAL,S2D3,PWRBIOKENXX01,BIOKENXX,2026,8.9688384
GLOBAL,S2D3,PWRBIOKENXX01,BIOKENXX,2027,8.9688384
GLOBAL,S2D3,PWRBIOKENXX01,BIOKENXX,2028,8.9688384
GLOBAL,S2D3,PWRBIOKENXX01,BIOKENXX,2029,8.9688384
GLOBAL,S2D3,PWRBIOKENXX01,BIOKENXX,2030,8.9688384
GLOBAL,S2D3,PWRBIOKENXX01,BIOKENXX,2031,8.9688384
GLOBAL,S2D3,PWRBIOTZAXX01,BIOTZAXX,2021,7.3510416
GLOBAL,S2D3,PWRBIOTZAXX01,BIOTZAXX,2022,7.3510416
GLOBAL,S2D3,PWRBIOTZAXX01,BIOTZAXX,2023,7.3510416
GLOBAL,S2D3,PWRBIOTZAXX01,BIOTZAXX,2024,7.3510416
GLOBAL,S2D3,PWRBIOTZAXX01,BIOTZAXX,2025,7.3510416
GLOBAL,S2D3,PWRBIOTZAXX01,BIOTZAXX,2026,7.3510416
GLOBAL,S2D3,PWRBIOTZAXX01,BIOTZAXX,2027,7.3510416
GLOBAL,S2D3,PWRBIOTZAXX01,BIOTZAXX,2028,7.3510416
GLOBAL,S2D3,PWRBIOTZAXX01,BIOTZAXX,2029,7.3510416
GLOBAL,S2D3,PWRBIOTZAXX01,BIOTZAXX,2030,7.3510416
GLOBAL,S2D3,PWRBIOTZAXX01,BIOTZAXX,2031,7.3510416
GLOBAL,S2D3,PWRCCGKENXX01,GASINT,2032,4.266140055063937
GLOBAL,S2D3,PWRCCGKENXX01,GASINT,2033,7.468417364768502
GLOBAL,S2D3,PWRCCGKENXX01,GASINT,2034,27.96880407140872
GLOBAL,S2D3,PWRCCGKENXX01,GASINT,2035,36.69542918271773
GLOBAL,S2D3,PWRCCGKENXX01,GASINT,2036,46.8111905362351
GLOBAL,S2D3,PWRCCGKENXX01,GASINT,2037,56.90914245074984
GLOBAL,S2D3,PWRCCGKENXX01,GASINT,2038,67.02490380426715
GLOBAL,S2D3,PWRCCGKENXX01,GASINT,2039,77.12285571878185
GLOBAL,S2D3,PWRCCGKENXX01,GASINT,2040,87.2386170722992
GLOBAL,S2D3,PWRCCGKENXX01,GASINT,2041,99.79427156918257
GLOBAL,S2D3,PWRCCGKENXX01,GASINT,2042,112.34992606606596
GLOBAL,S2D3,PWRCCGKENXX01,GASINT,2043,124.88777112394662
GLOBAL,S2D3,PWRCCGKENXX01,GASINT,2044,137.44342562082997
GLOBAL,S2D3,PWRCCGKENXX01,GASINT,2045,158.82916011771334
GLOBAL,S2D3,PWRCCGKENXX01,GASINT,2046,192.16979219607484
GLOBAL,S2D3,PWRCCGKENXX01,GASINT,2047,207.931145713439
GLOBAL,S2D3,PWRCCGKENXX01,GASINT,2048,227.94687171180055
GLOBAL,S2D3,PWRCCGKENXX01,GASINT,2049,243.6904157901621
GLOBAL,S2D3,PWRCCGKENXX01,GASINT,2050,259.45176930752626
GLOBAL,S2D3,PWRCCGTZAXX00,GASINT,2021,13.000011989197327
GLOBAL,S2D3,PWRCCGTZAXX00,GASINT,2022,7.413161114237579
GLOBAL,S2D3,PWRCCGTZAXX00,GASINT,2023,10.908848855909188
GLOBAL,S2D3,PWRCCGTZAXX01,GASINT,2021,21.417407993847977
GLOBAL,S2D3,PWRCCGTZAXX01,GASINT,2022,30.83245874799933
GLOBAL,S2D3,PWRCCGTZAXX01,GASINT,2023,32.89579812609413
GLOBAL,S2D3,PWRCCGTZAXX01,GASINT,2024,32.89579812609413
GLOBAL,S2D3,PWRCCGTZAXX01,GASINT,2025,36.37051407542515
GLOBAL,S2D3,PWRCCGTZAXX01,GASINT,2026,41.35851935483873
GLOBAL,S2D3,PWRCCGTZAXX01,GASINT,2027,46.33708549131871
GLOBAL,S2D3,PWRCCGTZAXX01,GASINT,2028,51.32509077073245
GLOBAL,S2D3,PWRCCGTZAXX01,GASINT,2029,56.310956474901715
GLOBAL,S2D3,PWRCCGTZAXX01,GASINT,2030,59.089690887735735
GLOBAL,S2D3,PWRCCGTZAXX01,GASINT,2031,62.598400657791615
GLOBAL,S2D3,PWRCCGTZAXX01,GASINT,2032,75.9400970773641
GLOBAL,S2D3,PWRCCGTZAXX01,GASINT,2033,82.86347254382969
GLOBAL,S2D3,PWRCCGTZAXX01,GASINT,2034,91.88950871650653
GLOBAL,S2D3,PWRCCGTZAXX01,GASINT,2035,101.2683723444555
GLOBAL,S2D3,PWRCCGTZAXX01,GASINT,2036,113.18381442900555
GLOBAL,S2D3,PWRCCGTZAXX01,GASINT,2037,118.67811734870517
GLOBAL,S2D3,PWRCCGTZAXX01,GASINT,2038,124.15696888329663
GLOBAL,S2D3,PWRCCGTZAXX01,GASINT,2039,132.60323393600595
GLOBAL,S2D3,PWRCCGTZAXX01,GASINT,2040,141.1313609877137
GLOBAL,S2D3,PWRCCGTZAXX01,GASINT,2041,145.4185753456886
GLOBAL,S2D3,PWRCCGTZAXX01,GASINT,2042,149.71513581334412
GLOBAL,S2D3,PWRCCGTZAXX01,GASINT,2043,154.0465253959052
GLOBAL,S2D3,PWRCCGTZAXX01,GASINT,2044,162.3911601707856
GLOBAL,S2D3,PWRCCGTZAXX01,GASINT,2045,169.97340428326459
GLOBAL,S2D3,PWRCCGTZAXX01,GASINT,2046,179.8679525414976
GLOBAL,S2D3,PWRCCGTZAXX01,GASINT,2047,192.11743346372685
GLOBAL,S2D3,PWRCCGTZAXX01,GASINT,2048,204.42625991327472
GLOBAL,S2D3,PWRCCGTZAXX01,GASINT,2049,216.7350863628224
GLOBAL,S2D3,PWRCCGTZAXX01,GASINT,2050,229.0439128123703
GLOBAL,S2D3,PWRGEOKENXX01,GEOKENXX,2021,23.778144
GLOBAL,S2D3,PWRGEOKENXX01,GEOKENXX,2022,23.778144
GLOBAL,S2D3,PWRGEOKENXX01,GEOKENXX,2023,23.778144
GLOBAL,S2D3,PWRGEOKENXX01,GEOKENXX,2024,23.778144
GLOBAL,S2D3,PWRGEOKENXX01,GEOKENXX,2025,23.778144
GLOBAL,S2D3,PWRGEOKENXX01,GEOKENXX,2026,23.778144
GLOBAL,S2D3,PWRGEOKENXX01,GEOKENXX,2027,23.778144
GLOBAL,S2D3,PWRGEOKENXX01,GEOKENXX,2028,23.778144
GLOBAL,S2D3,PWRGEOKENXX01,GEOKENXX,2029,23.778144
GLOBAL,S2D3,PWRGEOKENXX01,GEOKENXX,2030,23.778144
GLOBAL,S2D3,PWRGEOKENXX01,GEOKENXX,2031,23.778144
GLOBAL,S2D3,PWRGEOKENXX01,GEOKENXX,2032,23.778144
GLOBAL,S2D3,PWRGEOKENXX01,GEOKENXX,2033,23.778144
GLOBAL,S2D3,PWRGEOKENXX01,GEOKENXX,2034,13.213584
GLOBAL,S2D3,PWRGEOKENXX01,GEOKENXX,2035,13.213584
GLOBAL,S2D3,PWRGEOKENXX01,GEOKENXX,2036,13.213584
GLOBAL,S2D3,PWRGEOKENXX01,GEOKENXX,2037,13.213584
GLOBAL,S2D3,PWRGEOKENXX01,GEOKENXX,2038,13.213584
GLOBAL,S2D3,PWRGEOKENXX01,GEOKENXX,2039,13.213584
GLOBAL,S2D3,PWRGEOKENXX01,GEOKENXX,2040,13.213584
GLOBAL,S2D3,PWRGEOKENXX01,GEOKENXX,2041,13.213584
GLOBAL,S2D3,PWRGEOKENXX01,GEOKENXX,2042,13.213584
GLOBAL,S2D3,PWRGEOKENXX01,GEOKENXX,2043,13.213584
GLOBAL,S2D3,PWRGEOKENXX01,GEOKENXX,2044,13.213584
GLOBAL,S2D3,PWRGEOKENXX01,GEOKENXX,2045,8.798544
GLOBAL,S2D3,PWRHYDKENXX01,HYDKENXX,2021,9.041700765253
GLOBAL,S2D3,PWRHYDKENXX01,HYDKENXX,2022,11.828877969171122
GLOBAL,S2D3,PWRHYDKENXX01,HYDKENXX,2023,14.607150453587842
GLOBAL,S2D3,PWRHYDKENXX01,HYDKENXX,2024,23.181700587073514
GLOBAL,S2D3,PWRHYDKENXX01,HYDKENXX,2025,27.456095132399856
GLOBAL,S2D3,PWRHYDKENXX01,HYDKENXX,2026,31.91902622193179
GLOBAL,S2D3,PWRHYDKENXX01,HYDKENXX,2027,36.381880446176126
GLOBAL,S2D3,PWRHYDKENXX01,HYDKENXX,2028,40.84481153570802
GLOBAL,S2D3,PWRHYDKENXX01,HYDKENXX,2029,45.3181062174577
GLOBAL,S2D3,PWRHYDKENXX01,HYDKENXX,2030,48.58704796509065
GLOBAL,S2D3,PWRHYDKENXX01,HYDKENXX,2031,52.028345088
GLOBAL,S2D3,PWRHYDKENXX01,HYDKENXX,2032,52.028345088
GLOBAL,S2D3,PWRHYDKENXX01,HYDKENXX,2033,52.02834508800003
GLOBAL,S2D3,PWRHYDKENXX01,HYDKENXX,2034,52.02834508800001
GLOBAL,S2D3,PWRHYDKENXX01,HYDKENXX,2035,52.02834508800001
GLOBAL,S2D3,PWRHYDKENXX01,HYDKENXX,2036,52.02834508800001
GLOBAL,S2D3,PWRHYDKENXX01,HYDKENXX,2037,52.028345087999995
GLOBAL,S2D3,PWRHYDKENXX01,HYDKENXX,2038,52.028345088
GLOBAL,S2D3,PWRHYDKENXX01,HYDKENXX,2039,52.028345087999995
GLOBAL,S2D3,PWRHYDKENXX01,HYDKENXX,2040,52.02834508800001
GLOBAL,S2D3,PWRHYDKENXX01,HYDKENXX,2041,52.028345087999995
GLOBAL,S2D3,PWRHYDKENXX01,HYDKENXX,2042,52.028345087999966
GLOBAL,S2D3,PWRHYDKENXX01,HYDKENXX,2043,52.028345088
GLOBAL,S2D3,PWRHYDKENXX01,HYDKENXX,2044,52.02834508799998
GLOBAL,S2D3,PWRHYDKENXX01,HYDKENXX,2045,52.02834508799998
GLOBAL,S2D3,PWRHYDKENXX01,HYDKENXX,2046,52.028345088
GLOBAL,S2D3,PWRHYDKENXX01,HYDKENXX,2047,52.028345088
GLOBAL,S2D3,PWRHYDKENXX01,HYDKENXX,2048,52.02834508799998
GLOBAL,S2D3,PWRHYDKENXX01,HYDKENXX,2049,52.02834508800001
GLOBAL,S2D3,PWRHYDKENXX01,HYDKENXX,2050,52.02834508800001
GLOBAL,S2D3,PWRHYDTZAXX01,HYDTZAXX,2021,25.20355623532997
GLOBAL,S2D3,PWRHYDTZAXX01,HYDTZAXX,2022,27.13903579823929
GLOBAL,S2D3,PWRHYDTZAXX01,HYDTZAXX,2023,29.073229908840307
GLOBAL,S2D3,PWRHYDTZAXX01,HYDTZAXX,2024,32.42107612816086
GLOBAL,S2D3,PWRHYDTZAXX01,HYDTZAXX,2025,33.631727773624675
GLOBAL,S2D3,PWRHYDTZAXX01,HYDTZAXX,2026,36.05801139906159
GLOBAL,S2D3,PWRHYDTZAXX01,HYDTZAXX,2027,38.4801839453924
GLOBAL,S2D3,PWRHYDTZAXX01,HYDTZAXX,2028,40.90646757082928
GLOBAL,S2D3,PWRHYDTZAXX01,HYDTZAXX,2029,43.33241518496137
GLOBAL,S2D3,PWRHYDTZAXX01,HYDTZAXX,2030,48.01388625332877
GLOBAL,S2D3,PWRHYDTZAXX01,HYDTZAXX,2031,53.879647868917054
GLOBAL,S2D3,PWRHYDTZAXX01,HYDTZAXX,2032,61.03237873589004
GLOBAL,S2D3,PWRHYDTZAXX01,HYDTZAXX,2033,66.97292572576393
GLOBAL,S2D3,PWRHYDTZAXX01,HYDTZAXX,2034,73.6990568616933
GLOBAL,S2D3,PWRHYDTZAXX01,HYDTZAXX,2035,75.74159299072862
GLOBAL,S2D3,PWRHYDTZAXX01,HYDTZAXX,2036,77.78031006065305
GLOBAL,S2D3,PWRHYDTZAXX01,HYDTZAXX,2037,83.0295967130027
GLOBAL,S2D3,PWRHYDTZAXX01,HYDTZAXX,2038,88.27770433840513
GLOBAL,S2D3,PWRHYDTZAXX01,HYDTZAXX,2039,92.05100992424994
GLOBAL,S2D3,PWRHYDTZAXX01,HYDTZAXX,2040,95.78338451059552
GLOBAL,S2D3,PWRHYDTZAXX01,HYDTZAXX,2041,103.08768472252528
GLOBAL,S2D3,PWRHYDTZAXX01,HYDTZAXX,2042,110.396216599116
GLOBAL,S2D3,PWRHYDTZAXX01,HYDTZAXX,2043,117.67842919875262
GLOBAL,S2D3,PWRHYDTZAXX01,HYDTZAXX,2044,122.95401920222962
GLOBAL,S2D3,PWRHYDTZAXX01,HYDTZAXX,2045,128.61080453690732
GLOBAL,S2D3,PWRHYDTZAXX01,HYDTZAXX,2046,135.39104599104994
GLOBAL,S2D3,PWRHYDTZAXX01,HYDTZAXX,2047,140.99382111319446
GLOBAL,S2D3,PWRHYDTZAXX01,HYDTZAXX,2048,146.56692347167964
GLOBAL,S2D3,PWRHYDTZAXX01,HYDTZAXX,2049,152.14002583016492
GLOBAL,S2D3,PWRHYDTZAXX01,HYDTZAXX,2050,157.7131281886501
GLOBAL,S2D3,PWRTRNKENXX,ELCKENXX01,2021,37.925649309252975
GLOBAL,S2D3,PWRTRNKENXX,ELCKENXX01,2022,40.712826513171045
GLOBAL,S2D3,PWRTRNKENXX,ELCKENXX01,2023,43.4910989975878
GLOBAL,S2D3,PWRTRNKENXX,ELCKENXX01,2024,51.93417554707352
GLOBAL,S2D3,PWRTRNKENXX,ELCKENXX01,2025,56.20857009239985
GLOBAL,S2D3,PWRTRNKENXX,ELCKENXX01,2026,60.6715011819318
GLOBAL,S2D3,PWRTRNKENXX,ELCKENXX01,2027,65.13435540617613
GLOBAL,S2D3,PWRTRNKENXX,ELCKENXX01,2028,69.59728649570802
GLOBAL,S2D3,PWRTRNKENXX,ELCKENXX01,2029,74.07058117745771
GLOBAL,S2D3,PWRTRNKENXX,ELCKENXX01,2030,77.33952292509066
GLOBAL,S2D3,PWRTRNKENXX,ELCKENXX01,2031,80.780820048
GLOBAL,S2D3,PWRTRNKENXX,ELCKENXX01,2032,80.07565007553197
GLOBAL,S2D3,PWRTRNKENXX,ELCKENXX01,2033,81.67678873038429
GLOBAL,S2D3,PWRTRNKENXX,ELCKENXX01,2034,81.36242208370437
GLOBAL,S2D3,PWRTRNKENXX,ELCKENXX01,2035,85.72573463935886
GLOBAL,S2D3,PWRTRNKENXX,ELCKENXX01,2036,90.78361531611753
GLOBAL,S2D3,PWRTRNKENXX,ELCKENXX01,2037,95.8325912733749
GLOBAL,S2D3,PWRTRNKENXX,ELCKENXX01,2038,100.89047195013356
GLOBAL,S2D3,PWRTRNKENXX,ELCKENXX01,2039,105.93944790739091
GLOBAL,S2D3,PWRTRNKENXX,ELCKENXX01,2040,110.9973285841496
GLOBAL,S2D3,PWRTRNKENXX,ELCKENXX01,2041,117.27515583259128
GLOBAL,S2D3,PWRTRNKENXX,ELCKENXX01,2042,123.55298308103296
GLOBAL,S2D3,PWRTRNKENXX,ELCKENXX01,2043,129.8219056099733
GLOBAL,S2D3,PWRTRNKENXX,ELCKENXX01,2044,136.09973285841497
GLOBAL,S2D3,PWRTRNKENXX,ELCKENXX01,2045,142.37756010685663
GLOBAL,S2D3,PWRTRNKENXX,ELCKENXX01,2046,150.2493321460374
GLOBAL,S2D3,PWRTRNKENXX,ELCKENXX01,2047,158.1300089047195
GLOBAL,S2D3,PWRTRNKENXX,ELCKENXX01,2048,166.00178094390026
GLOBAL,S2D3,PWRTRNKENXX,ELCKENXX01,2049,173.87355298308103
GLOBAL,S2D3,PWRTRNKENXX,ELCKENXX01,2050,181.75422974176317
GLOBAL,S2D3,PWRTRNTZAXX,ELCTZAXX01,2021,47.3820124666073
GLOBAL,S2D3,PWRTRNTZAXX,ELCTZAXX01,2022,51.76313446126447
GLOBAL,S2D3,PWRTRNTZAXX,ELCTZAXX01,2023,56.14425645592164
GLOBAL,S2D3,PWRTRNTZAXX,ELCTZAXX01,2024,60.534283170080144
GLOBAL,S2D3,PWRTRNTZAXX,ELCTZAXX01,2025,64.91540516473731
GLOBAL,S2D3,PWRTRNTZAXX,ELCTZAXX01,2026,70.48085485307213
GLOBAL,S2D3,PWRTRNTZAXX,ELCTZAXX01,2027,76.03739982190561
GLOBAL,S2D3,PWRTRNTZAXX,ELCTZAXX01,2028,81.60284951024043
GLOBAL,S2D3,PWRTRNTZAXX,ELCTZAXX01,2029,87.16829919857523
GLOBAL,S2D3,PWRTRNTZAXX,ELCTZAXX01,2030,92.73374888691006
GLOBAL,S2D3,PWRTRNTZAXX,ELCTZAXX01,2031,99.45681211041853
GLOBAL,S2D3,PWRTRNTZAXX,ELCTZAXX01,2032,106.18878005342832
GLOBAL,S2D3,PWRTRNTZAXX,ELCTZAXX01,2033,112.92074799643812
GLOBAL,S2D3,PWRTRNTZAXX,ELCTZAXX01,2034,119.64381121994656
GLOBAL,S2D3,PWRTRNTZAXX,ELCTZAXX01,2035,126.37577916295638
GLOBAL,S2D3,PWRTRNTZAXX,ELCTZAXX01,2036,134.37221727515583
GLOBAL,S2D3,PWRTRNTZAXX,ELCTZAXX01,2037,142.3686553873553
GLOBAL,S2D3,PWRTRNTZAXX,ELCTZAXX01,2038,150.35618878005346
GLOBAL,S2D3,PWRTRNTZAXX,ELCTZAXX01,2039,158.3526268922529
GLOBAL,S2D3,PWRTRNTZAXX,ELCTZAXX01,2040,166.34906500445237
GLOBAL,S2D3,PWRTRNTZAXX,ELCTZAXX01,2041,175.79697239536955
GLOBAL,S2D3,PWRTRNTZAXX,ELCTZAXX01,2042,185.25378450578805
GLOBAL,S2D3,PWRTRNTZAXX,ELCTZAXX01,2043,194.70169189670528
GLOBAL,S2D3,PWRTRNTZAXX,ELCTZAXX01,2044,204.14959928762244
GLOBAL,S2D3,PWRTRNTZAXX,ELCTZAXX01,2045,213.5975066785396
GLOBAL,S2D3,PWRTRNTZAXX,ELCTZAXX01,2046,225.32502226179875
GLOBAL,S2D3,PWRTRNTZAXX,ELCTZAXX01,2047,237.05253784505788
GLOBAL,S2D3,PWRTRNTZAXX,ELCTZAXX01,2048,248.78005342831705
GLOBAL,S2D3,PWRTRNTZAXX,ELCTZAXX01,2049,260.5075690115761
GLOBAL,S2D3,PWRTRNTZAXX,ELCTZAXX01,2050,272.23508459483526
GLOBAL,S2D3,PWRWONKENXX01,WONKENXX,2021,2.267564544
GLOBAL,S2D3,PWRWONKENXX01,WONKENXX,2022,2.267564544
GLOBAL,S2D3,PWRWONKENXX01,WONKENXX,2023,2.267564544
GLOBAL,S2D3,PWRWONKENXX01,WONKENXX,2024,2.13609096
GLOBAL,S2D3,PWRWONKENXX01,WONKENXX,2025,2.13609096
GLOBAL,S2D3,PWRWONKENXX01,WONKENXX,2026,2.13609096
GLOBAL,S2D3,PWRWONKENXX01,WONKENXX,2027,2.13609096
GLOBAL,S2D3,PWRWONKENXX01,WONKENXX,2028,2.13609096
GLOBAL,S2D3,PWRWONKENXX01,WONKENXX,2029,2.13609096
GLOBAL,S2D3,PWRWONKENXX01,WONKENXX,2030,2.13609096
GLOBAL,S2D3,PWRWONKENXX01,WONKENXX,2031,2.13609096
GLOBAL,S2D3,PWRWONKENXX01,WONKENXX,2032,2.13609096
GLOBAL,S2D3,PWRWONKENXX01,WONKENXX,2033,2.13609096
GLOBAL,S2D3,PWRWONKENXX01,WONKENXX,2034,2.13609096
GLOBAL,S2D3,PWRWONKENXX01,WONKENXX,2035,2.13609096
GLOBAL,S2D3,PWRWONKENXX01,WONKENXX,2036,2.13609096
GLOBAL,S2D3,PWRWONKENXX01,WONKENXX,2037,2.13609096
GLOBAL,S2D3,PWRWONKENXX01,WONKENXX,2038,2.13609096
GLOBAL,S2D3,PWRWONKENXX01,WONKENXX,2039,2.13609096
GLOBAL,S2D3,PWRWONKENXX01,WONKENXX,2040,2.13609096
GLOBAL,S2D3,PWRWONKENXX01,WONKENXX,2041,2.13609096
GLOBAL,S2D3,PWRWONKENXX01,WONKENXX,2042,2.13609096
GLOBAL,S2D3,PWRWONKENXX01,WONKENXX,2043,2.13609096
GLOBAL,S2D3,PWRWONKENXX01,WONKENXX,2044,2.13609096
GLOBAL,S2D3,PWRWONKENXX01,WONKENXX,2045,2.13609096
GLOBAL,S2D3,PWRWONKENXX01,WONKENXX,2046,2.13609096
GLOBAL,S2D3,PWRWONKENXX01,WONKENXX,2047,2.13609096
GLOBAL,S2D3,TRNKENXXTZAXX,ELCKENXX02,2021,4.150048240686638
GLOBAL,S2D3,TRNKENXXTZAXX,ELCKENXX02,2022,4.150048240686638
GLOBAL,S2D3,TRNKENXXTZAXX,ELCKENXX02,2023,4.150048240686638
GLOBAL,S2D3,TRNKENXXTZAXX,ELCKENXX02,2024,9.81485230575561
GLOBAL,S2D3,TRNKENXXTZAXX,ELCKENXX02,2025,11.30206964716388
GLOBAL,S2D3,TRNKENXXTZAXX,ELCKENXX02,2026,11.9715902291268
GLOBAL,S2D3,TRNKENXXTZAXX,ELCKENXX02,2027,12.641033945802128
GLOBAL,S2D3,TRNKENXXTZAXX,ELCKENXX02,2028,13.31055452776501
GLOBAL,S2D3,TRNKENXXTZAXX,ELCKENXX02,2029,13.981533982444343
GLOBAL,S2D3,TRNKENXXTZAXX,ELCKENXX02,2030,13.457065222508271
GLOBAL,S2D3,TRNKENXXTZAXX,ELCKENXX02,2031,12.526145070261787
GLOBAL,S2D3,TRNKENXXTZAXX,ELCKENXX02,2032,7.457662542139267
GLOBAL,S2D3,TRNKENXXTZAXX,ELCKENXX02,2033,4.686583921835745
GLOBAL,S3D1,PWRBIOKENXX01,BIOKENXX,2021,3.2700248950623916
GLOBAL,S3D1,PWRBIOKENXX01,BIOKENXX,2022,8.9688384
GLOBAL,S3D1,PWRBIOKENXX01,BIOKENXX,2024,4.230812010053865
GLOBAL,S3D1,PWRBIOTZAXX01,BIOTZAXX,2022,1.9579584478362058
GLOBAL,S3D1,PWRBIOTZAXX01,BIOTZAXX,2023,3.9460861197403343
GLOBAL,S3D1,PWRGEOKENXX01,GEOKENXX,2021,23.778144
GLOBAL,S3D1,PWRGEOKENXX01,GEOKENXX,2022,22.396073746515174
GLOBAL,S3D1,PWRGEOKENXX01,GEOKENXX,2023,21.95694156571841
GLOBAL,S3D1,PWRGEOKENXX01,GEOKENXX,2024,15.87947966046171
GLOBAL,S3D1,PWRGEOKENXX01,GEOKENXX,2025,23.778144
GLOBAL,S3D1,PWRGEOKENXX01,GEOKENXX,2026,17.18432651205741
GLOBAL,S3D1,PWRGEOKENXX01,GEOKENXX,2027,23.778144
GLOBAL,S3D1,PWRGEOKENXX01,GEOKENXX,2028,23.778144
GLOBAL,S3D1,PWRGEOKENXX01,GEOKENXX,2029,23.778144
GLOBAL,S3D1,PWRGEOKENXX01,GEOKENXX,2030,23.778144
GLOBAL,S3D1,PWRGEOKENXX01,GEOKENXX,2031,23.778144
GLOBAL,S3D1,PWRGEOKENXX01,GEOKENXX,2032,23.778144
GLOBAL,S3D1,PWRGEOKENXX01,GEOKENXX,2033,23.778144
GLOBAL,S3D1,PWRGEOKENXX01,GEOKENXX,2034,13.213584
GLOBAL,S3D1,PWRGEOKENXX01,GEOKENXX,2035,13.213584
GLOBAL,S3D1,PWRGEOKENXX01,GEOKENXX,2036,13.213584
GLOBAL,S3D1,PWRGEOKENXX01,GEOKENXX,2037,1.3533841421903212
GLOBAL,S3D1,PWRGEOKENXX01,GEOKENXX,2038,1.3533841421903212
GLOBAL,S3D1,PWRGEOKENXX01,GEOKENXX,2039,13.213584
GLOBAL,S3D1,PWRGEOKENXX01,GEOKENXX,2040,1.3533841421903212
GLOBAL,S3D1,PWRGEOKENXX01,GEOKENXX,2041,13.213584
GLOBAL,S3D1,PWRGEOKENXX01,GEOKENXX,2042,13.213584
GLOBAL,S3D1,PWRGEOKENXX01,GEOKENXX,2043,13.213584
GLOBAL,S3D1,PWRGEOKENXX01,GEOKENXX,2044,1.3533841421903212
GLOBAL,S3D1,PWRGEOKENXX01,GEOKENXX,2045,0.9011794168761165
GLOBAL,S3D1,PWRHYDKENXX01,HYDKENXX,2021,12.884693437644422
GLOBAL,S3D1,PWRHYDKENXX01,HYDKENXX,2022,14.967219155039588
GLOBAL,S3D1,PWRHYDKENXX01,HYDKENXX,2023,20.725728081629153
GLOBAL,S3D1,PWRHYDKENXX01,HYDKENXX,2024,31.524627430910645
GLOBAL,S3D1,PWRHYDKENXX01,HYDKENXX,2025,28.336461403760143
GLOBAL,S3D1,PWRHYDKENXX01,HYDKENXX,2026,39.51914783245677
GLOBAL,S3D1,PWRHYDKENXX01,HYDKENXX,2027,37.51419928526822
GLOBAL,S3D1,PWRHYDKENXX01,HYDKENXX,2028,42.103068226022266
GLOBAL,S3D1,PWRHYDKENXX01,HYDKENXX,2029,46.702709159594974
GLOBAL,S3D1,PWRHYDKENXX01,HYDKENXX,2030,51.29157810034901
GLOBAL,S3D1,PWRHYDKENXX01,HYDKENXX,2031,56.580626574316696
GLOBAL,S3D1,PWRHYDKENXX01,HYDKENXX,2032,55.86130632389034
GLOBAL,S3D1,PWRHYDKENXX01,HYDKENXX,2033,56.63230319308317
GLOBAL,S3D1,PWRHYDKENXX01,HYDKENXX,2034,67.35301817114745
GLOBAL,S3D1,PWRHYDKENXX01,HYDKENXX,2035,66.89531682227611
GLOBAL,S3D1,PWRHYDKENXX01,HYDKENXX,2036,67.71609008369116
GLOBAL,S3D1,PWRHYDKENXX01,HYDKENXX,2037,62.8514792514451
GLOBAL,S3D1,PWRHYDKENXX01,HYDKENXX,2038,62.30461103453931
GLOBAL,S3D1,PWRHYDKENXX01,HYDKENXX,2039,57.16010862769822
GLOBAL,S3D1,PWRHYDKENXX01,HYDKENXX,2040,70.10096294198452
GLOBAL,S3D1,PWRHYDKENXX01,HYDKENXX,2041,65.60416402342001
GLOBAL,S3D1,PWRHYDKENXX01,HYDKENXX,2042,69.29114602530407
GLOBAL,S3D1,PWRHYDKENXX01,HYDKENXX,2043,68.54053371524245
GLOBAL,S3D1,PWRHYDKENXX01,HYDKENXX,2044,58.89099043400381
GLOBAL,S3D1,PWRHYDKENXX01,HYDKENXX,2045,70.75297123200002
GLOBAL,S3D1,PWRHYDKENXX01,HYDKENXX,2046,48.88843196849013
GLOBAL,S3D1,PWRHYDKENXX01,HYDKENXX,2047,70.75297123200002
GLOBAL,S3D1,PWRHYDKENXX01,HYDKENXX,2048,70.75297123200002
GLOBAL,S3D1,PWRHYDKENXX01,HYDKENXX,2049,48.655601809707456
GLOBAL,S3D1,PWRHYDKENXX01,HYDKENXX,2050,48.44022523421393
GLOBAL,S3D1,PWRHYDTZAXX01,HYDTZAXX,2021,33.22515320325226
GLOBAL,S3D1,PWRHYDTZAXX01,HYDTZAXX,2022,35.776642540668945
GLOBAL,S3D1,PWRHYDTZAXX01,HYDTZAXX,2023,38.3264373017536
GLOBAL,S3D1,PWRHYDTZAXX01,HYDTZAXX,2024,42.73981065665858
GLOBAL,S3D1,PWRHYDTZAXX01,HYDTZAXX,2025,44.33577933745607
GLOBAL,S3D1,PWRHYDTZAXX01,HYDTZAXX,2026,47.534282136703126
GLOBAL,S3D1,PWRHYDTZAXX01,HYDTZAXX,2027,50.72736541372662
GLOBAL,S3D1,PWRHYDTZAXX01,HYDTZAXX,2028,53.92586821297364
GLOBAL,S3D1,PWRHYDTZAXX01,HYDTZAXX,2029,57.12392805778296
GLOBAL,S3D1,PWRHYDTZAXX01,HYDTZAXX,2030,63.29538227681349
GLOBAL,S3D1,PWRHYDTZAXX01,HYDTZAXX,2031,70.75049897340237
GLOBAL,S3D1,PWRHYDTZAXX01,HYDTZAXX,2032,80.45730193488768
GLOBAL,S3D1,PWRHYDTZAXX01,HYDTZAXX,2033,88.28856122253532
GLOBAL,S3D1,PWRHYDTZAXX01,HYDTZAXX,2034,97.15543442764096
GLOBAL,S3D1,PWRHYDTZAXX01,HYDTZAXX,2035,99.84805348412337
GLOBAL,S3D1,PWRHYDTZAXX01,HYDTZAXX,2036,102.53563798028956
GLOBAL,S3D1,PWRHYDTZAXX01,HYDTZAXX,2037,109.45562782631056
GLOBAL,S3D1,PWRHYDTZAXX01,HYDTZAXX,2038,116.37406339361848
GLOBAL,S3D1,PWRHYDTZAXX01,HYDTZAXX,2039,121.34830809947636
GLOBAL,S3D1,PWRHYDTZAXX01,HYDTZAXX,2040,126.26859459735654
GLOBAL,S3D1,PWRHYDTZAXX01,HYDTZAXX,2041,135.89765215248514
GLOBAL,S3D1,PWRHYDTZAXX01,HYDTZAXX,2042,145.53228819444922
GLOBAL,S3D1,PWRHYDTZAXX01,HYDTZAXX,2043,150.2678405663691
GLOBAL,S3D1,PWRHYDTZAXX01,HYDTZAXX,2044,162.08689308785625
GLOBAL,S3D1,PWRHYDTZAXX01,HYDTZAXX,2045,169.54407721011574
GLOBAL,S3D1,PWRHYDTZAXX01,HYDTZAXX,2046,178.48228255564325
GLOBAL,S3D1,PWRHYDTZAXX01,HYDTZAXX,2047,185.86826650403833
GLOBAL,S3D1,PWRHYDTZAXX01,HYDTZAXX,2048,193.21513366632053
GLOBAL,S3D1,PWRHYDTZAXX01,HYDTZAXX,2049,200.56200082860283
GLOBAL,S3D1,PWRHYDTZAXX01,HYDTZAXX,2050,207.90886799088491
GLOBAL,S3D1,PWRSPVKENXX01,SPVKENXX,2021,0.1829340288
GLOBAL,S3D1,PWRSPVKENXX01,SPVKENXX,2022,0.1829340288
GLOBAL,S3D1,PWRSPVKENXX01,SPVKENXX,2023,0.1829340288
GLOBAL,S3D1,PWRSPVKENXX01,SPVKENXX,2024,0.1829340288
GLOBAL,S3D1,PWRSPVKENXX01,SPVKENXX,2025,0.1829340288
GLOBAL,S3D1,PWRSPVKENXX01,SPVKENXX,2026,0.1829340288
GLOBAL,S3D1,PWRSPVKENXX01,SPVKENXX,2027,0.1829340288
GLOBAL,S3D1,PWRSPVKENXX01,SPVKENXX,2028,0.1829340288
GLOBAL,S3D1,PWRSPVKENXX01,SPVKENXX,2029,0.1829340288
GLOBAL,S3D1,PWRSPVKENXX01,SPVKENXX,2030,0.1829340288
GLOBAL,S3D1,PWRSPVKENXX01,SPVKENXX,2031,0.1829340288
GLOBAL,S3D1,PWRSPVKENXX01,SPVKENXX,2032,0.1829340288
GLOBAL,S3D1,PWRSPVKENXX01,SPVKENXX,2033,3.640117239089276
GLOBAL,S3D1,PWRSPVKENXX01,SPVKENXX,2034,7.412613928255872
GLOBAL,S3D1,PWRSPVKENXX01,SPVKENXX,2035,10.261978586910686
GLOBAL,S3D1,PWRSPVKENXX01,SPVKENXX,2036,11.862448284473745
GLOBAL,S3D1,PWRSPVKENXX01,SPVKENXX,2037,33.67801578709148
GLOBAL,S3D1,PWRSPVKENXX01,SPVKENXX,2038,39.325094116603566
GLOBAL,S3D1,PWRSPVKENXX01,SPVKENXX,2039,36.83982586420806
GLOBAL,S3D1,PWRSPVKENXX01,SPVKENXX,2040,41.11026758950327
GLOBAL,S3D1,PWRSPVKENXX01,SPVKENXX,2041,39.81042101464457
GLOBAL,S3D1,PWRSPVKENXX01,SPVKENXX,2042,50.4545542027193
GLOBAL,S3D1,PWRSPVKENXX01,SPVKENXX,2043,55.12075754314244
GLOBAL,S3D1,PWRSPVKENXX01,SPVKENXX,2044,78.63591755831291
GLOBAL,S3D1,PWRSPVKENXX01,SPVKENXX,2045,74.16700984532068
GLOBAL,S3D1,PWRSPVKENXX01,SPVKENXX,2046,105.8193049533449
GLOBAL,S3D1,PWRSPVKENXX01,SPVKENXX,2047,92.91284337370334
GLOBAL,S3D1,PWRSPVKENXX01,SPVKENXX,2048,103.87641779570374
GLOBAL,S3D1,PWRSPVKENXX01,SPVKENXX,2049,134.91174128799662
GLOBAL,S3D1,PWRSPVKENXX01,SPVKENXX,2050,144.07559755476214
GLOBAL,S3D1,PWRSPVTZAXX01,SPVTZAXX,2021,20.127733423982768
GLOBAL,S3D1,PWRSPVTZAXX01,SPVTZAXX,2022,22.74695444332085
GLOBAL,S3D1,PWRSPVTZAXX01,SPVTZAXX,2023,25.37123079322275
GLOBAL,S3D1,PWRSPVTZAXX01,SPVTZAXX,2024,24.385862592892593
GLOBAL,S3D1,PWRSPVTZAXX01,SPVTZAXX,2025,27.648062673315927
GLOBAL,S3D1,PWRSPVTZAXX01,SPVTZAXX,2026,30.621014093099387
GLOBAL,S3D1,PWRSPVTZAXX01,SPVTZAXX,2027,33.58951070835596
GLOBAL,S3D1,PWRSPVTZAXX01,SPVTZAXX,2028,36.56246212813946
GLOBAL,S3D1,PWRSPVTZAXX01,SPVTZAXX,2029,39.53585650236066
GLOBAL,S3D1,PWRSPVTZAXX01,SPVTZAXX,2030,39.535856502360645
GLOBAL,S3D1,PWRSPVTZAXX01,SPVTZAXX,2031,39.535856502360645
GLOBAL,S3D1,PWRSPVTZAXX01,SPVTZAXX,2032,43.51807139177673
GLOBAL,S3D1,PWRSPVTZAXX01,SPVTZAXX,2033,44.252722986422725
GLOBAL,S3D1,PWRSPVTZAXX01,SPVTZAXX,2034,44.252722986422725
GLOBAL,S3D1,PWRSPVTZAXX01,SPVTZAXX,2035,52.020687792122345
GLOBAL,S3D1,PWRSPVTZAXX01,SPVTZAXX,2036,62.037081662409264
GLOBAL,S3D1,PWRSPVTZAXX01,SPVTZAXX,2037,65.03959424169985
GLOBAL,S3D1,PWRSPVTZAXX01,SPVTZAXX,2038,68.03515525095759
GLOBAL,S3D1,PWRSPVTZAXX01,SPVTZAXX,2039,73.87622093827095
GLOBAL,S3D1,PWRSPVTZAXX01,SPVTZAXX,2040,78.61944745453297
GLOBAL,S3D1,PWRSPVTZAXX01,SPVTZAXX,2041,81.05554041452861
GLOBAL,S3D1,PWRSPVTZAXX01,SPVTZAXX,2042,74.91623926863785
GLOBAL,S3D1,PWRSPVTZAXX01,SPVTZAXX,2043,84.46371514498041
GLOBAL,S3D1,PWRSPVTZAXX01,SPVTZAXX,2044,88.92115940401646
GLOBAL,S3D1,PWRSPVTZAXX01,SPVTZAXX,2045,92.61869015284853
GLOBAL,S3D1,PWRSPVTZAXX01,SPVTZAXX,2046,97.34484448120669
GLOBAL,S3D1,PWRSPVTZAXX01,SPVTZAXX,2047,103.56019820278443
GLOBAL,S3D1,PWRSPVTZAXX01,SPVTZAXX,2048,109.82437338768108
GLOBAL,S3D1,PWRSPVTZAXX01,SPVTZAXX,2049,116.08854857257768
GLOBAL,S3D1,PWRSPVTZAXX01,SPVTZAXX,2050,122.35297943040256
GLOBAL,S3D1,PWRTRNKENXX,ELCKENXX01,2021,40.85816876122082
GLOBAL,S3D1,PWRTRNKENXX,ELCKENXX01,2022,44.22980251346498
GLOBAL,S3D1,PWRTRNKENXX,ELCKENXX01,2023,47.59066427289048
GLOBAL,S3D1,PWRTRNKENXX,ELCKENXX01,2024,50.95152603231598
GLOBAL,S3D1,PWRTRNKENXX,ELCKENXX01,2025,54.32315978456015
GLOBAL,S3D1,PWRTRNKENXX,ELCKENXX01,2026,58.91202872531419
GLOBAL,S3D1,PWRTRNKENXX,ELCKENXX01,2027,63.50089766606822
GLOBAL,S3D1,PWRTRNKENXX,ELCKENXX01,2028,68.08976660682227
GLOBAL,S3D1,PWRTRNKENXX,ELCKENXX01,2029,72.68940754039497
GLOBAL,S3D1,PWRTRNKENXX,ELCKENXX01,2030,77.27827648114902
GLOBAL,S3D1,PWRTRNKENXX,ELCKENXX01,2031,82.5673249551167
GLOBAL,S3D1,PWRTRNKENXX,ELCKENXX01,2032,87.84560143626571
GLOBAL,S3D1,PWRTRNKENXX,ELCKENXX01,2033,93.1346499102334
GLOBAL,S3D1,PWRTRNKENXX,ELCKENXX01,2034,98.42369838420109
GLOBAL,S3D1,PWRTRNKENXX,ELCKENXX01,2035,103.7019748653501
GLOBAL,S3D1,PWRTRNKENXX,ELCKENXX01,2036,109.82046678635548
GLOBAL,S3D1,PWRTRNKENXX,ELCKENXX01,2037,115.9281867145422
GLOBAL,S3D1,PWRTRNKENXX,ELCKENXX01,2038,122.04667863554758
GLOBAL,S3D1,PWRTRNKENXX,ELCKENXX01,2039,128.1543985637343
GLOBAL,S3D1,PWRTRNKENXX,ELCKENXX01,2040,134.2728904847397
GLOBAL,S3D1,PWRTRNKENXX,ELCKENXX01,2041,141.86714542190305
GLOBAL,S3D1,PWRTRNKENXX,ELCKENXX01,2042,149.4614003590664
GLOBAL,S3D1,PWRTRNKENXX,ELCKENXX01,2043,157.04488330341115
GLOBAL,S3D1,PWRTRNKENXX,ELCKENXX01,2044,164.6391382405745
GLOBAL,S3D1,PWRTRNKENXX,ELCKENXX01,2045,172.2333931777379
GLOBAL,S3D1,PWRTRNKENXX,ELCKENXX01,2046,181.75583482944344
GLOBAL,S3D1,PWRTRNKENXX,ELCKENXX01,2047,191.28904847396768
GLOBAL,S3D1,PWRTRNKENXX,ELCKENXX01,2048,200.8114901256733
GLOBAL,S3D1,PWRTRNKENXX,ELCKENXX01,2049,210.3339317773788
GLOBAL,S3D1,PWRTRNKENXX,ELCKENXX01,2050,219.86714542190307
GLOBAL,S3D1,PWRTRNTZAXX,ELCTZAXX01,2021,53.35288662723502
GLOBAL,S3D1,PWRTRNTZAXX,ELCTZAXX01,2022,59.11157249385051
GLOBAL,S3D1,PWRTRNTZAXX,ELCTZAXX01,2023,64.88267894174523
GLOBAL,S3D1,PWRTRNTZAXX,ELCTZAXX01,2024,67.12567324955117
GLOBAL,S3D1,PWRTRNTZAXX,ELCTZAXX01,2025,71.983842010772
GLOBAL,S3D1,PWRTRNTZAXX,ELCTZAXX01,2026,78.15529622980252
GLOBAL,S3D1,PWRTRNTZAXX,ELCTZAXX01,2027,84.31687612208258
GLOBAL,S3D1,PWRTRNTZAXX,ELCTZAXX01,2028,90.4883303411131
GLOBAL,S3D1,PWRTRNTZAXX,ELCTZAXX01,2029,96.65978456014362
GLOBAL,S3D1,PWRTRNTZAXX,ELCTZAXX01,2030,102.83123877917414
GLOBAL,S3D1,PWRTRNTZAXX,ELCTZAXX01,2031,110.28635547576302
GLOBAL,S3D1,PWRTRNTZAXX,ELCTZAXX01,2032,123.9753733266644
GLOBAL,S3D1,PWRTRNTZAXX,ELCTZAXX01,2033,132.54128420895805
GLOBAL,S3D1,PWRTRNTZAXX,ELCTZAXX01,2034,141.40815741406368
GLOBAL,S3D1,PWRTRNTZAXX,ELCTZAXX01,2035,151.8687412762457
GLOBAL,S3D1,PWRTRNTZAXX,ELCTZAXX01,2036,164.5727196426988
GLOBAL,S3D1,PWRTRNTZAXX,ELCTZAXX01,2037,174.4952220680104
GLOBAL,S3D1,PWRTRNTZAXX,ELCTZAXX01,2038,184.40921864457607
GLOBAL,S3D1,PWRTRNTZAXX,ELCTZAXX01,2039,195.2245290377473
GLOBAL,S3D1,PWRTRNTZAXX,ELCTZAXX01,2040,204.88804205188953
GLOBAL,S3D1,PWRTRNTZAXX,ELCTZAXX01,2041,216.95319256701373
GLOBAL,S3D1,PWRTRNTZAXX,ELCTZAXX01,2042,220.44852746308732
GLOBAL,S3D1,PWRTRNTZAXX,ELCTZAXX01,2043,234.73155571134953
GLOBAL,S3D1,PWRTRNTZAXX,ELCTZAXX01,2044,251.0080524918727
GLOBAL,S3D1,PWRTRNTZAXX,ELCTZAXX01,2045,262.16276736296425
GLOBAL,S3D1,PWRTRNTZAXX,ELCTZAXX01,2046,275.82712703685
GLOBAL,S3D1,PWRTRNTZAXX,ELCTZAXX01,2047,289.42846470682275
GLOBAL,S3D1,PWRTRNTZAXX,ELCTZAXX01,2048,303.03950705400166
GLOBAL,S3D1,PWRTRNTZAXX,ELCTZAXX01,2049,316.65054940118046
GLOBAL,S3D1,PWRTRNTZAXX,ELCTZAXX01,2050,330.26184742128754
GLOBAL,S3D1,PWRWONKENXX01,WONKENXX,2021,2.1955110912
GLOBAL,S3D1,PWRWONKENXX01,WONKENXX,2022,2.1955110912
GLOBAL,S3D1,PWRWONKENXX01,WONKENXX,2023,2.1955110912
GLOBAL,S3D1,PWRWONKENXX01,WONKENXX,2024,2.025620352
GLOBAL,S3D1,PWRWONKENXX01,WONKENXX,2025,2.025620352
GLOBAL,S3D1,PWRWONKENXX01,WONKENXX,2026,2.025620352
GLOBAL,S3D1,PWRWONKENXX01,WONKENXX,2027,2.025620352
GLOBAL,S3D1,PWRWONKENXX01,WONKENXX,2028,2.025620352
GLOBAL,S3D1,PWRWONKENXX01,WONKENXX,2029,2.025620352
GLOBAL,S3D1,PWRWONKENXX01,WONKENXX,2030,2.025620352
GLOBAL,S3D1,PWRWONKENXX01,WONKENXX,2031,2.025620352
GLOBAL,S3D1,PWRWONKENXX01,WONKENXX,2032,2.025620352
GLOBAL,S3D1,PWRWONKENXX01,WONKENXX,2033,2.025620352
GLOBAL,S3D1,PWRWONKENXX01,WONKENXX,2034,2.025620352
GLOBAL,S3D1,PWRWONKENXX01,WONKENXX,2035,2.025620352
GLOBAL,S3D1,PWRWONKENXX01,WONKENXX,2036,2.025620352
GLOBAL,S3D1,PWRWONKENXX01,WONKENXX,2037,2.025620352
GLOBAL,S3D1,PWRWONKENXX01,WONKENXX,2038,2.025620352
GLOBAL,S3D1,PWRWONKENXX01,WONKENXX,2039,2.025620352
GLOBAL,S3D1,PWRWONKENXX01,WONKENXX,2040,2.025620352
GLOBAL,S3D1,PWRWONKENXX01,WONKENXX,2041,2.025620352
GLOBAL,S3D1,PWRWONKENXX01,WONKENXX,2042,2.025620352
GLOBAL,S3D1,PWRWONKENXX01,WONKENXX,2043,2.025620352
GLOBAL,S3D1,PWRWONKENXX01,WONKENXX,2044,2.025620352
GLOBAL,S3D1,PWRWONKENXX01,WONKENXX,2045,2.025620352
GLOBAL,S3D1,PWRWONKENXX01,WONKENXX,2046,2.025620352
GLOBAL,S3D1,PWRWONKENXX01,WONKENXX,2047,2.025620352
GLOBAL,S3D1,TRNKENXXTZAXX,ELCTZAXX02,2021,0.8115939880967808
GLOBAL,S3D1,TRNKENXXTZAXX,ELCTZAXX02,2022,1.712111093491443
GLOBAL,S3D1,TRNKENXXTZAXX,ELCTZAXX02,2023,2.6250487801653346
GLOBAL,S3D1,TRNKENXXTZAXX,ELCTZAXX02,2032,6.224026827562075
GLOBAL,S3D1,TRNKENXXTZAXX,ELCTZAXX02,2033,7.324946686516394
GLOBAL,S3D1,TRNKENXXTZAXX,ELCTZAXX02,2034,8.73670319503315
GLOBAL,S3D1,TRNKENXXTZAXX,ELCTZAXX02,2035,11.732296033875858
GLOBAL,S3D1,TRNKENXXTZAXX,ELCTZAXX02,2036,15.569128978425931
GLOBAL,S3D1,TRNKENXXTZAXX,ELCTZAXX02,2037,16.624485981834464
GLOBAL,S3D1,TRNKENXXTZAXX,ELCTZAXX02,2038,17.681211463247518
GLOBAL,S3D1,TRNKENXXTZAXX,ELCTZAXX02,2039,19.62937643451571
GLOBAL,S3D1,TRNKENXXTZAXX,ELCTZAXX02,2040,20.42574402675486
GLOBAL,S3D1,TRNKENXXTZAXX,ELCTZAXX02,2041,22.014233859652865
GLOBAL,S3D1,TRNKENXXTZAXX,ELCTZAXX02,2042,15.023033746749816
GLOBAL,S3D1,TRNKENXXTZAXX,ELCTZAXX02,2043,18.829401312785755
GLOBAL,S3D1,TRNKENXXTZAXX,ELCTZAXX02,2044,24.629237411082755
GLOBAL,S3D1,TRNKENXXTZAXX,ELCTZAXX02,2045,25.307291599948098
GLOBAL,S3D1,TRNKENXXTZAXX,ELCTZAXX02,2046,25.96716294349267
GLOBAL,S3D1,TRNKENXXTZAXX,ELCTZAXX02,2047,26.564012283124374
GLOBAL,S3D1,TRNKENXXTZAXX,ELCTZAXX02,2048,27.17056629996212
GLOBAL,S3D1,TRNKENXXTZAXX,ELCTZAXX02,2049,27.7771203167999
GLOBAL,S3D1,TRNKENXXTZAXX,ELCTZAXX02,2050,28.38393000656584
GLOBAL,S3D2,PWRBIOKENXX01,BIOKENXX,2021,8.9688384
GLOBAL,S3D2,PWRBIOKENXX01,BIOKENXX,2022,8.9688384
GLOBAL,S3D2,PWRBIOKENXX01,BIOKENXX,2023,8.9688384
GLOBAL,S3D2,PWRBIOKENXX01,BIOKENXX,2024,8.9688384
GLOBAL,S3D2,PWRBIOKENXX01,BIOKENXX,2025,4.375730404308801
GLOBAL,S3D2,PWRBIOKENXX01,BIOKENXX,2026,8.9688384
GLOBAL,S3D2,PWRBIOKENXX01,BIOKENXX,2029,8.9688384
GLOBAL,S3D2,PWRBIOKENXX01,BIOKENXX,2030,8.9688384
GLOBAL,S3D2,PWRBIOTZAXX01,BIOTZAXX,2021,5.720755895429563
GLOBAL,S3D2,PWRBIOTZAXX01,BIOTZAXX,2022,4.577913308278207
GLOBAL,S3D2,PWRBIOTZAXX01,BIOTZAXX,2023,3.41800522233013
GLOBAL,S3D2,PWRBIOTZAXX01,BIOTZAXX,2024,7.3510416
GLOBAL,S3D2,PWRBIOTZAXX01,BIOTZAXX,2025,7.3510416
GLOBAL,S3D2,PWRBIOTZAXX01,BIOTZAXX,2026,7.3510416
GLOBAL,S3D2,PWRBIOTZAXX01,BIOTZAXX,2027,7.3510416
GLOBAL,S3D2,PWRBIOTZAXX01,BIOTZAXX,2028,7.3510416
GLOBAL,S3D2,PWRBIOTZAXX01,BIOTZAXX,2029,7.3510416
GLOBAL,S3D2,PWRBIOTZAXX01,BIOTZAXX,2030,7.3510416
GLOBAL,S3D2,PWRBIOTZAXX01,BIOTZAXX,2031,7.3510416
GLOBAL,S3D2,PWRCCGTZAXX01,GASINT,2025,2.4657289012267114
GLOBAL,S3D2,PWRCCGTZAXX01,GASINT,2026,2.6351152863754357
GLOBAL,S3D2,PWRCCGTZAXX01,GASINT,2027,2.8040199493833753
GLOBAL,S3D2,PWRCCGTZAXX01,GASINT,2028,2.9734063345320862
GLOBAL,S3D2,PWRCCGTZAXX01,GASINT,2029,3.1424835883361055
GLOBAL,S3D2,PWRCCGTZAXX01,GASINT,2030,5.386648758892648
GLOBAL,S3D2,PWRCCGTZAXX01,GASINT,2031,7.542490096272637
GLOBAL,S3D2,PWRGEOKENXX01,GEOKENXX,2021,23.778144
GLOBAL,S3D2,PWRGEOKENXX01,GEOKENXX,2022,23.778144
GLOBAL,S3D2,PWRGEOKENXX01,GEOKENXX,2023,23.778144
GLOBAL,S3D2,PWRGEOKENXX01,GEOKENXX,2024,23.778144
GLOBAL,S3D2,PWRGEOKENXX01,GEOKENXX,2025,23.778144
GLOBAL,S3D2,PWRGEOKENXX01,GEOKENXX,2026,23.778144
GLOBAL,S3D2,PWRGEOKENXX01,GEOKENXX,2027,21.22536216239705
GLOBAL,S3D2,PWRGEOKENXX01,GEOKENXX,2028,15.919643173656084
GLOBAL,S3D2,PWRGEOKENXX01,GEOKENXX,2029,23.778144
GLOBAL,S3D2,PWRGEOKENXX01,GEOKENXX,2030,12.50701072455088
GLOBAL,S3D2,PWRGEOKENXX01,GEOKENXX,2031,23.778144
GLOBAL,S3D2,PWRGEOKENXX01,GEOKENXX,2032,22.20482225997212
GLOBAL,S3D2,PWRGEOKENXX01,GEOKENXX,2033,23.778144
GLOBAL,S3D2,PWRGEOKENXX01,GEOKENXX,2034,13.213584
GLOBAL,S3D2,PWRGEOKENXX01,GEOKENXX,2035,13.213584
GLOBAL,S3D2,PWRGEOKENXX01,GEOKENXX,2036,13.213584
GLOBAL,S3D2,PWRGEOKENXX01,GEOKENXX,2037,13.213584
GLOBAL,S3D2,PWRGEOKENXX01,GEOKENXX,2038,13.213584
GLOBAL,S3D2,PWRGEOKENXX01,GEOKENXX,2039,13.213584
GLOBAL,S3D2,PWRGEOKENXX01,GEOKENXX,2040,13.213584
GLOBAL,S3D2,PWRGEOKENXX01,GEOKENXX,2041,13.213584
GLOBAL,S3D2,PWRGEOKENXX01,GEOKENXX,2042,13.213584
GLOBAL,S3D2,PWRGEOKENXX01,GEOKENXX,2043,13.213584
GLOBAL,S3D2,PWRGEOKENXX01,GEOKENXX,2044,13.213584
GLOBAL,S3D2,PWRGEOKENXX01,GEOKENXX,2045,8.798544
GLOBAL,S3D2,PWRHYDKENXX01,HYDKENXX,2021,15.164345297189232
GLOBAL,S3D2,PWRHYDKENXX01,HYDKENXX,2022,18.81694852878707
GLOBAL,S3D2,PWRHYDKENXX01,HYDKENXX,2023,22.457882101498026
GLOBAL,S3D2,PWRHYDKENXX01,HYDKENXX,2024,26.281396499808977
GLOBAL,S3D2,PWRHYDKENXX01,HYDKENXX,2025,31.3875149199167
GLOBAL,S3D2,PWRHYDKENXX01,HYDKENXX,2026,34.9052744172237
GLOBAL,S3D2,PWRHYDKENXX01,HYDKENXX,2027,45.26757094064352
GLOBAL,S3D2,PWRHYDKENXX01,HYDKENXX,2028,55.54456461520137
GLOBAL,S3D2,PWRHYDKENXX01,HYDKENXX,2029,49.830768133561214
GLOBAL,S3D2,PWRHYDKENXX01,HYDKENXX,2030,66.07317609482723
GLOBAL,S3D2,PWRHYDKENXX01,HYDKENXX,2031,63.37008533284308
GLOBAL,S3D2,PWRHYDKENXX01,HYDKENXX,2032,70.75297123200002
GLOBAL,S3D2,PWRHYDKENXX01,HYDKENXX,2033,70.75297123200001
GLOBAL,S3D2,PWRHYDKENXX01,HYDKENXX,2034,70.75297123200001
GLOBAL,S3D2,PWRHYDKENXX01,HYDKENXX,2035,70.75297123200001
GLOBAL,S3D2,PWRHYDKENXX01,HYDKENXX,2036,70.75297123200001
GLOBAL,S3D2,PWRHYDKENXX01,HYDKENXX,2037,70.752971232
GLOBAL,S3D2,PWRHYDKENXX01,HYDKENXX,2038,70.75297123200001
GLOBAL,S3D2,PWRHYDKENXX01,HYDKENXX,2039,70.752971232
GLOBAL,S3D2,PWRHYDKENXX01,HYDKENXX,2040,70.75297123200001
GLOBAL,S3D2,PWRHYDKENXX01,HYDKENXX,2041,70.75297123200001
GLOBAL,S3D2,PWRHYDKENXX01,HYDKENXX,2042,70.75297123199998
GLOBAL,S3D2,PWRHYDKENXX01,HYDKENXX,2043,70.75297123199998
GLOBAL,S3D2,PWRHYDKENXX01,HYDKENXX,2044,70.75297123200002
GLOBAL,S3D2,PWRHYDKENXX01,HYDKENXX,2045,70.75297123200002
GLOBAL,S3D2,PWRHYDKENXX01,HYDKENXX,2046,70.75297123200002
GLOBAL,S3D2,PWRHYDKENXX01,HYDKENXX,2047,70.75297123200002
GLOBAL,S3D2,PWRHYDKENXX01,HYDKENXX,2048,70.75297123200002
GLOBAL,S3D2,PWRHYDKENXX01,HYDKENXX,2049,70.75297123200002
GLOBAL,S3D2,PWRHYDKENXX01,HYDKENXX,2050,70.75297123200002
GLOBAL,S3D2,PWRHYDTZAXX01,HYDTZAXX,2021,33.22515320325226
GLOBAL,S3D2,PWRHYDTZAXX01,HYDTZAXX,2022,35.776642540668945
GLOBAL,S3D2,PWRHYDTZAXX01,HYDTZAXX,2023,38.3264373017536
GLOBAL,S3D2,PWRHYDTZAXX01,HYDTZAXX,2024,42.73981065665859
GLOBAL,S3D2,PWRHYDTZAXX01,HYDTZAXX,2025,44.335779337456074
GLOBAL,S3D2,PWRHYDTZAXX01,HYDTZAXX,2026,47.534282136703126
GLOBAL,S3D2,PWRHYDTZAXX01,HYDTZAXX,2027,50.727365413726616
GLOBAL,S3D2,PWRHYDTZAXX01,HYDTZAXX,2028,53.92586821297363
GLOBAL,S3D2,PWRHYDTZAXX01,HYDTZAXX,2029,57.123928057782976
GLOBAL,S3D2,PWRHYDTZAXX01,HYDTZAXX,2030,63.29538227681351
GLOBAL,S3D2,PWRHYDTZAXX01,HYDTZAXX,2031,71.02805406772855
GLOBAL,S3D2,PWRHYDTZAXX01,HYDTZAXX,2032,80.45730193488765
GLOBAL,S3D2,PWRHYDTZAXX01,HYDTZAXX,2033,88.28856122253532
GLOBAL,S3D2,PWRHYDTZAXX01,HYDTZAXX,2034,97.15543442764096
GLOBAL,S3D2,PWRHYDTZAXX01,HYDTZAXX,2035,95.44287717300426
GLOBAL,S3D2,PWRHYDTZAXX01,HYDTZAXX,2036,102.53563798028954
GLOBAL,S3D2,PWRHYDTZAXX01,HYDTZAXX,2037,109.45562782631056
GLOBAL,S3D2,PWRHYDTZAXX01,HYDTZAXX,2038,116.37406339361848
GLOBAL,S3D2,PWRHYDTZAXX01,HYDTZAXX,2039,121.34830809947633
GLOBAL,S3D2,PWRHYDTZAXX01,HYDTZAXX,2040,111.03445554286738
GLOBAL,S3D2,PWRHYDTZAXX01,HYDTZAXX,2041,121.04313446081204
GLOBAL,S3D2,PWRHYDTZAXX01,HYDTZAXX,2042,145.53228819444922
GLOBAL,S3D2,PWRHYDTZAXX01,HYDTZAXX,2043,141.22038820171616
GLOBAL,S3D2,PWRHYDTZAXX01,HYDTZAXX,2044,162.08689308785625
GLOBAL,S3D2,PWRHYDTZAXX01,HYDTZAXX,2045,154.9828111844392
GLOBAL,S3D2,PWRHYDTZAXX01,HYDTZAXX,2046,163.97644103934908
GLOBAL,S3D2,PWRHYDTZAXX01,HYDTZAXX,2047,185.86826650403836
GLOBAL,S3D2,PWRHYDTZAXX01,HYDTZAXX,2048,193.21513366632053
GLOBAL,S3D2,PWRHYDTZAXX01,HYDTZAXX,2049,184.79908240479944
GLOBAL,S3D2,PWRHYDTZAXX01,HYDTZAXX,2050,207.90886799088491
GLOBAL,S3D2,PWRSPVKENXX01,SPVKENXX,2021,0.2147223168
GLOBAL,S3D2,PWRSPVKENXX01,SPVKENXX,2022,0.2147223168
GLOBAL,S3D2,PWRSPVKENXX01,SPVKENXX,2023,0.2147223168
GLOBAL,S3D2,PWRSPVKENXX01,SPVKENXX,2024,0.20760779520000003
GLOBAL,S3D2,PWRSPVKENXX01,SPVKENXX,2025,0.20760779520000003
GLOBAL,S3D2,PWRSPVKENXX01,SPVKENXX,2026,0.20760779520000003
GLOBAL,S3D2,PWRSPVKENXX01,SPVKENXX,2027,0.20760779520000003
GLOBAL,S3D2,PWRSPVKENXX01,SPVKENXX,2028,0.20760779520000003
GLOBAL,S3D2,PWRSPVKENXX01,SPVKENXX,2029,0.20760779520000003
GLOBAL,S3D2,PWRSPVKENXX01,SPVKENXX,2030,0.20760779520000003
GLOBAL,S3D2,PWRSPVKENXX01,SPVKENXX,2031,0.20760779520000003
GLOBAL,S3D2,PWRSPVKENXX01,SPVKENXX,2032,0.1161764906490484
GLOBAL,S3D2,PWRSPVKENXX01,SPVKENXX,2033,4.272657264086171
GLOBAL,S3D2,PWRSPVKENXX01,SPVKENXX,2034,20.567019777551163
GLOBAL,S3D2,PWRSPVKENXX01,SPVKENXX,2035,26.285152632129265
GLOBAL,S3D2,PWRSPVKENXX01,SPVKENXX,2036,32.9135188798851
GLOBAL,S3D2,PWRSPVKENXX01,SPVKENXX,2037,39.53021546875406
GLOBAL,S3D2,PWRSPVKENXX01,SPVKENXX,2038,46.158581716509865
GLOBAL,S3D2,PWRSPVKENXX01,SPVKENXX,2039,52.77527830537883
GLOBAL,S3D2,PWRSPVKENXX01,SPVKENXX,2040,59.40364455313464
GLOBAL,S3D2,PWRSPVKENXX01,SPVKENXX,2041,67.63075406839496
GLOBAL,S3D2,PWRSPVKENXX01,SPVKENXX,2042,75.85786358365532
GLOBAL,S3D2,PWRSPVKENXX01,SPVKENXX,2043,84.07330344002874
GLOBAL,S3D2,PWRSPVKENXX01,SPVKENXX,2044,92.300412955289
GLOBAL,S3D2,PWRSPVKENXX01,SPVKENXX,2045,104.94256247054932
GLOBAL,S3D2,PWRSPVKENXX01,SPVKENXX,2046,124.0570849265637
GLOBAL,S3D2,PWRSPVKENXX01,SPVKENXX,2047,134.38473304146495
GLOBAL,S3D2,PWRSPVKENXX01,SPVKENXX,2048,146.79280973747933
GLOBAL,S3D2,PWRSPVKENXX01,SPVKENXX,2049,157.10878819349367
GLOBAL,S3D2,PWRSPVKENXX01,SPVKENXX,2050,167.43643630839497
GLOBAL,S3D2,PWRSPVTZAXX01,SPVTZAXX,2021,27.151157020568903
GLOBAL,S3D2,PWRSPVTZAXX01,SPVTZAXX,2022,30.684335827621624
GLOBAL,S3D2,PWRSPVTZAXX01,SPVTZAXX,2023,34.22433398541981
GLOBAL,S3D2,PWRSPVTZAXX01,SPVTZAXX,2024,34.38301045644734
GLOBAL,S3D2,PWRSPVTZAXX01,SPVTZAXX,2025,37.2956494973884
GLOBAL,S3D2,PWRSPVTZAXX01,SPVTZAXX,2026,41.30599030987575
GLOBAL,S3D2,PWRSPVTZAXX01,SPVTZAXX,2027,45.31032184677021
GLOBAL,S3D2,PWRSPVTZAXX01,SPVTZAXX,2028,49.32066265925762
GLOBAL,S3D2,PWRSPVTZAXX01,SPVTZAXX,2029,53.33160099185508
GLOBAL,S3D2,PWRSPVTZAXX01,SPVTZAXX,2030,53.33160099185506
GLOBAL,S3D2,PWRSPVTZAXX01,SPVTZAXX,2031,53.33160099185506
GLOBAL,S3D2,PWRSPVTZAXX01,SPVTZAXX,2032,58.70338029132419
GLOBAL,S3D2,PWRSPVTZAXX01,SPVTZAXX,2033,59.69438312216843
GLOBAL,S3D2,PWRSPVTZAXX01,SPVTZAXX,2034,59.63810237666783
GLOBAL,S3D2,PWRSPVTZAXX01,SPVTZAXX,2035,70.17292174979646
GLOBAL,S3D2,PWRSPVTZAXX01,SPVTZAXX,2036,73.55951462294206
GLOBAL,S3D2,PWRSPVTZAXX01,SPVTZAXX,2037,77.11887845735193
GLOBAL,S3D2,PWRSPVTZAXX01,SPVTZAXX,2038,80.668126911588
GLOBAL,S3D2,PWRSPVTZAXX01,SPVTZAXX,2039,86.17323588616102
GLOBAL,S3D2,PWRSPVTZAXX01,SPVTZAXX,2040,106.96644212320084
GLOBAL,S3D2,PWRSPVTZAXX01,SPVTZAXX,2041,109.3392712842508
GLOBAL,S3D2,PWRSPVTZAXX01,SPVTZAXX,2042,97.24329528849513
GLOBAL,S3D2,PWRSPVTZAXX01,SPVTZAXX,2043,113.93670336022278
GLOBAL,S3D2,PWRSPVTZAXX01,SPVTZAXX,2044,105.45170655307732
GLOBAL,S3D2,PWRSPVTZAXX01,SPVTZAXX,2045,124.93729653548898
GLOBAL,S3D2,PWRSPVTZAXX01,SPVTZAXX,2046,131.31260743461863
GLOBAL,S3D2,PWRSPVTZAXX01,SPVTZAXX,2047,124.78972272396886
GLOBAL,S3D2,PWRSPVTZAXX01,SPVTZAXX,2048,132.81179631572616
GLOBAL,S3D2,PWRSPVTZAXX01,SPVTZAXX,2049,156.59678833128677
GLOBAL,S3D2,PWRSPVTZAXX01,SPVTZAXX,2050,148.85594349924074
GLOBAL,S3D2,PWRTRNKENXX,ELCKENXX01,2021,44.26301615798923
GLOBAL,S3D2,PWRTRNKENXX,ELCKENXX01,2022,47.91561938958707
GLOBAL,S3D2,PWRTRNKENXX,ELCKENXX01,2023,51.55655296229802
GLOBAL,S3D2,PWRTRNKENXX,ELCKENXX01,2024,55.19748653500898
GLOBAL,S3D2,PWRTRNKENXX,ELCKENXX01,2025,58.85008976660682
GLOBAL,S3D2,PWRTRNKENXX,ELCKENXX01,2026,63.8213644524237
GLOBAL,S3D2,PWRTRNKENXX,ELCKENXX01,2027,68.79263913824057
GLOBAL,S3D2,PWRTRNKENXX,ELCKENXX01,2028,73.76391382405745
GLOBAL,S3D2,PWRTRNKENXX,ELCKENXX01,2029,78.74685816876122
GLOBAL,S3D2,PWRTRNKENXX,ELCKENXX01,2030,83.7181328545781
GLOBAL,S3D2,PWRTRNKENXX,ELCKENXX01,2031,89.44793536804308
GLOBAL,S3D2,PWRTRNKENXX,ELCKENXX01,2032,95.16606822262115
GLOBAL,S3D2,PWRTRNKENXX,ELCKENXX01,2033,100.89587073608618
GLOBAL,S3D2,PWRTRNKENXX,ELCKENXX01,2034,106.62567324955116
GLOBAL,S3D2,PWRTRNKENXX,ELCKENXX01,2035,112.34380610412929
GLOBAL,S3D2,PWRTRNKENXX,ELCKENXX01,2036,118.97217235188512
GLOBAL,S3D2,PWRTRNKENXX,ELCKENXX01,2037,125.58886894075404
GLOBAL,S3D2,PWRTRNKENXX,ELCKENXX01,2038,132.21723518850987
GLOBAL,S3D2,PWRTRNKENXX,ELCKENXX01,2039,138.83393177737884
GLOBAL,S3D2,PWRTRNKENXX,ELCKENXX01,2040,145.46229802513466
GLOBAL,S3D2,PWRTRNKENXX,ELCKENXX01,2041,153.68940754039497
GLOBAL,S3D2,PWRTRNKENXX,ELCKENXX01,2042,161.91651705565533
GLOBAL,S3D2,PWRTRNKENXX,ELCKENXX01,2043,170.13195691202873
GLOBAL,S3D2,PWRTRNKENXX,ELCKENXX01,2044,178.35906642728904
GLOBAL,S3D2,PWRTRNKENXX,ELCKENXX01,2045,186.58617594254932
GLOBAL,S3D2,PWRTRNKENXX,ELCKENXX01,2046,196.9021543985637
GLOBAL,S3D2,PWRTRNKENXX,ELCKENXX01,2047,207.229802513465
GLOBAL,S3D2,PWRTRNKENXX,ELCKENXX01,2048,217.54578096947932
GLOBAL,S3D2,PWRTRNKENXX,ELCKENXX01,2049,227.8617594254937
GLOBAL,S3D2,PWRTRNKENXX,ELCKENXX01,2050,238.189407540395
GLOBAL,S3D2,PWRTRNTZAXX,ELCTZAXX01,2021,62.09425493716338
GLOBAL,S3D2,PWRTRNTZAXX,ELCTZAXX01,2022,67.83572710951526
GLOBAL,S3D2,PWRTRNTZAXX,ELCTZAXX01,2023,73.57719928186715
GLOBAL,S3D2,PWRTRNTZAXX,ELCTZAXX01,2024,79.33034111310593
GLOBAL,S3D2,PWRTRNTZAXX,ELCTZAXX01,2025,85.0718132854578
GLOBAL,S3D2,PWRTRNTZAXX,ELCTZAXX01,2026,92.3653500897666
GLOBAL,S3D2,PWRTRNTZAXX,ELCTZAXX01,2027,99.6472172351885
GLOBAL,S3D2,PWRTRNTZAXX,ELCTZAXX01,2028,106.94075403949732
GLOBAL,S3D2,PWRTRNTZAXX,ELCTZAXX01,2029,114.23429084380612
GLOBAL,S3D2,PWRTRNTZAXX,ELCTZAXX01,2030,121.52782764811488
GLOBAL,S3D2,PWRTRNTZAXX,ELCTZAXX01,2031,130.33842010771994
GLOBAL,S3D2,PWRTRNTZAXX,ELCTZAXX01,2032,139.16068222621183
GLOBAL,S3D2,PWRTRNTZAXX,ELCTZAXX01,2033,147.98294434470375
GLOBAL,S3D2,PWRTRNTZAXX,ELCTZAXX01,2034,156.7935368043088
GLOBAL,S3D2,PWRTRNTZAXX,ELCTZAXX01,2035,165.61579892280074
GLOBAL,S3D2,PWRTRNTZAXX,ELCTZAXX01,2036,176.0951526032316
GLOBAL,S3D2,PWRTRNTZAXX,ELCTZAXX01,2037,186.5745062836625
GLOBAL,S3D2,PWRTRNTZAXX,ELCTZAXX01,2038,197.04219030520647
GLOBAL,S3D2,PWRTRNTZAXX,ELCTZAXX01,2039,207.5215439856373
GLOBAL,S3D2,PWRTRNTZAXX,ELCTZAXX01,2040,218.00089766606823
GLOBAL,S3D2,PWRTRNTZAXX,ELCTZAXX01,2041,230.38240574506284
GLOBAL,S3D2,PWRTRNTZAXX,ELCTZAXX01,2042,242.7755834829444
GLOBAL,S3D2,PWRTRNTZAXX,ELCTZAXX01,2043,255.15709156193896
GLOBAL,S3D2,PWRTRNTZAXX,ELCTZAXX01,2044,267.5385996409336
GLOBAL,S3D2,PWRTRNTZAXX,ELCTZAXX01,2045,279.9201077199282
GLOBAL,S3D2,PWRTRNTZAXX,ELCTZAXX01,2046,295.2890484739677
GLOBAL,S3D2,PWRTRNTZAXX,ELCTZAXX01,2047,310.6579892280072
GLOBAL,S3D2,PWRTRNTZAXX,ELCTZAXX01,2048,326.0269299820467
GLOBAL,S3D2,PWRTRNTZAXX,ELCTZAXX01,2049,341.3958707360862
GLOBAL,S3D2,PWRTRNTZAXX,ELCTZAXX01,2050,356.7648114901257
GLOBAL,S3D2,PWRWONKENXX01,WONKENXX,2021,2.267564544
GLOBAL,S3D2,PWRWONKENXX01,WONKENXX,2022,2.267564544
GLOBAL,S3D2,PWRWONKENXX01,WONKENXX,2023,2.267564544
GLOBAL,S3D2,PWRWONKENXX01,WONKENXX,2024,2.09209824
GLOBAL,S3D2,PWRWONKENXX01,WONKENXX,2025,2.09209824
GLOBAL,S3D2,PWRWONKENXX01,WONKENXX,2026,2.09209824
GLOBAL,S3D2,PWRWONKENXX01,WONKENXX,2027,2.09209824
GLOBAL,S3D2,PWRWONKENXX01,WONKENXX,2028,2.09209824
GLOBAL,S3D2,PWRWONKENXX01,WONKENXX,2029,2.09209824
GLOBAL,S3D2,PWRWONKENXX01,WONKENXX,2030,2.09209824
GLOBAL,S3D2,PWRWONKENXX01,WONKENXX,2031,2.09209824
GLOBAL,S3D2,PWRWONKENXX01,WONKENXX,2032,2.09209824
GLOBAL,S3D2,PWRWONKENXX01,WONKENXX,2033,2.09209824
GLOBAL,S3D2,PWRWONKENXX01,WONKENXX,2034,2.09209824
GLOBAL,S3D2,PWRWONKENXX01,WONKENXX,2035,2.09209824
GLOBAL,S3D2,PWRWONKENXX01,WONKENXX,2036,2.09209824
GLOBAL,S3D2,PWRWONKENXX01,WONKENXX,2037,2.09209824
GLOBAL,S3D2,PWRWONKENXX01,WONKENXX,2038,2.09209824
GLOBAL,S3D2,PWRWONKENXX01,WONKENXX,2039,2.09209824
GLOBAL,S3D2,PWRWONKENXX01,WONKENXX,2040,2.09209824
GLOBAL,S3D2,PWRWONKENXX01,WONKENXX,2041,2.09209824
GLOBAL,S3D2,PWRWONKENXX01,WONKENXX,2042,2.09209824
GLOBAL,S3D2,PWRWONKENXX01,WONKENXX,2043,2.09209824
GLOBAL,S3D2,PWRWONKENXX01,WONKENXX,2044,2.09209824
GLOBAL,S3D2,PWRWONKENXX01,WONKENXX,2045,2.09209824
GLOBAL,S3D2,PWRWONKENXX01,WONKENXX,2046,2.09209824
GLOBAL,S3D2,PWRWONKENXX01,WONKENXX,2047,2.09209824
GLOBAL,S3D3,PWRBIOKENXX01,BIOKENXX,2024,8.9688384
GLOBAL,S3D3,PWRBIOKENXX01,BIOKENXX,2025,8.9688384
GLOBAL,S3D3,PWRBIOKENXX01,BIOKENXX,2026,8.9688384
GLOBAL,S3D3,PWRBIOKENXX01,BIOKENXX,2027,8.9688384
GLOBAL,S3D3,PWRBIOKENXX01,BIOKENXX,2028,8.9688384
GLOBAL,S3D3,PWRBIOKENXX01,BIOKENXX,2029,8.9688384
GLOBAL,S3D3,PWRBIOKENXX01,BIOKENXX,2030,8.9688384
GLOBAL,S3D3,PWRBIOKENXX01,BIOKENXX,2031,8.9688384
GLOBAL,S3D3,PWRBIOTZAXX01,BIOTZAXX,2021,7.3510416
GLOBAL,S3D3,PWRBIOTZAXX01,BIOTZAXX,2022,7.3510416
GLOBAL,S3D3,PWRBIOTZAXX01,BIOTZAXX,2023,7.3510416
GLOBAL,S3D3,PWRBIOTZAXX01,BIOTZAXX,2024,7.3510416
GLOBAL,S3D3,PWRBIOTZAXX01,BIOTZAXX,2025,7.3510416
GLOBAL,S3D3,PWRBIOTZAXX01,BIOTZAXX,2026,7.3510416
GLOBAL,S3D3,PWRBIOTZAXX01,BIOTZAXX,2027,7.3510416
GLOBAL,S3D3,PWRBIOTZAXX01,BIOTZAXX,2028,7.3510416
GLOBAL,S3D3,PWRBIOTZAXX01,BIOTZAXX,2029,7.3510416
GLOBAL,S3D3,PWRBIOTZAXX01,BIOTZAXX,2030,7.3510416
GLOBAL,S3D3,PWRBIOTZAXX01,BIOTZAXX,2031,7.3510416
GLOBAL,S3D3,PWRCCGKENXX01,GASINT,2035,0.46904813558346786
GLOBAL,S3D3,PWRCCGKENXX01,GASINT,2036,10.666534670592453
GLOBAL,S3D3,PWRCCGKENXX01,GASINT,2037,20.84606788423698
GLOBAL,S3D3,PWRCCGKENXX01,GASINT,2038,31.043554419245964
GLOBAL,S3D3,PWRCCGKENXX01,GASINT,2039,41.22308763289048
GLOBAL,S3D3,PWRCCGKENXX01,GASINT,2040,51.420574167899446
GLOBAL,S3D3,PWRCCGKENXX01,GASINT,2041,64.07766572983842
GLOBAL,S3D3,PWRCCGKENXX01,GASINT,2042,76.73475729177737
GLOBAL,S3D3,PWRCCGKENXX01,GASINT,2043,89.37389553235187
GLOBAL,S3D3,PWRCCGKENXX01,GASINT,2044,102.03098709429086
GLOBAL,S3D3,PWRCCGKENXX01,GASINT,2045,123.51815865622977
GLOBAL,S3D3,PWRCCGKENXX01,GASINT,2046,156.98598274240572
GLOBAL,S3D3,PWRCCGKENXX01,GASINT,2047,172.8746721499461
GLOBAL,S3D3,PWRCCGKENXX01,GASINT,2048,193.17987441212202
GLOBAL,S3D3,PWRCCGKENXX01,GASINT,2049,209.050610498298
GLOBAL,S3D3,PWRCCGKENXX01,GASINT,2050,224.9392999058384
GLOBAL,S3D3,PWRCCGTZAXX00,GASINT,2021,5.930089504580686
GLOBAL,S3D3,PWRCCGTZAXX00,GASINT,2023,3.1534596483892665
GLOBAL,S3D3,PWRCCGTZAXX01,GASINT,2021,21.417407993847977
GLOBAL,S3D3,PWRCCGTZAXX01,GASINT,2022,30.83245874799933
GLOBAL,S3D3,PWRCCGTZAXX01,GASINT,2023,32.89579812609413
GLOBAL,S3D3,PWRCCGTZAXX01,GASINT,2024,9.861711211260369
GLOBAL,S3D3,PWRCCGTZAXX01,GASINT,2025,10.598564324027432
GLOBAL,S3D3,PWRCCGTZAXX01,GASINT,2026,12.217716328516632
GLOBAL,S3D3,PWRCCGTZAXX01,GASINT,2027,13.828160175555196
GLOBAL,S3D3,PWRCCGTZAXX01,GASINT,2028,15.44731218004457
GLOBAL,S3D3,PWRCCGTZAXX01,GASINT,2029,17.057488958237627
GLOBAL,S3D3,PWRCCGTZAXX01,GASINT,2030,15.859992882324002
GLOBAL,S3D3,PWRCCGTZAXX01,GASINT,2031,14.780182464314697
GLOBAL,S3D3,PWRCCGTZAXX01,GASINT,2032,29.21376640554977
GLOBAL,S3D3,PWRCCGTZAXX01,GASINT,2033,36.975618027740985
GLOBAL,S3D3,PWRCCGTZAXX01,GASINT,2034,63.00693577591539
GLOBAL,S3D3,PWRCCGTZAXX01,GASINT,2035,80.57678351649297
GLOBAL,S3D3,PWRCCGTZAXX01,GASINT,2036,92.93590536796673
GLOBAL,S3D3,PWRCCGTZAXX01,GASINT,2037,96.83021651973075
GLOBAL,S3D3,PWRCCGTZAXX01,GASINT,2038,100.70788757542014
GLOBAL,S3D3,PWRCCGTZAXX01,GASINT,2039,108.49368900751055
GLOBAL,S3D3,PWRCCGTZAXX01,GASINT,2040,116.3874068555562
GLOBAL,S3D3,PWRCCGTZAXX01,GASINT,2041,118.08261310975148
GLOBAL,S3D3,PWRCCGTZAXX01,GASINT,2042,119.78641104377662
GLOBAL,S3D3,PWRCCGTZAXX01,GASINT,2043,121.53985227842281
GLOBAL,S3D3,PWRCCGTZAXX01,GASINT,2044,128.58384398586742
GLOBAL,S3D3,PWRCCGTZAXX01,GASINT,2045,134.62279710580083
GLOBAL,S3D3,PWRCCGTZAXX01,GASINT,2046,142.75536307542802
GLOBAL,S3D3,PWRCCGTZAXX01,GASINT,2047,153.99237183932013
GLOBAL,S3D3,PWRCCGTZAXX01,GASINT,2048,165.30761417543792
GLOBAL,S3D3,PWRCCGTZAXX01,GASINT,2049,176.62285651155554
GLOBAL,S3D3,PWRCCGTZAXX01,GASINT,2050,187.93809884767353
GLOBAL,S3D3,PWRGEOKENXX01,GEOKENXX,2021,20.76661236718143
GLOBAL,S3D3,PWRGEOKENXX01,GEOKENXX,2022,19.9237039291204
GLOBAL,S3D3,PWRGEOKENXX01,GEOKENXX,2023,23.778144
GLOBAL,S3D3,PWRGEOKENXX01,GEOKENXX,2024,23.778144
GLOBAL,S3D3,PWRGEOKENXX01,GEOKENXX,2025,23.778144
GLOBAL,S3D3,PWRGEOKENXX01,GEOKENXX,2026,23.778144
GLOBAL,S3D3,PWRGEOKENXX01,GEOKENXX,2027,23.778144
GLOBAL,S3D3,PWRGEOKENXX01,GEOKENXX,2028,23.778144
GLOBAL,S3D3,PWRGEOKENXX01,GEOKENXX,2029,23.778144
GLOBAL,S3D3,PWRGEOKENXX01,GEOKENXX,2030,23.778144
GLOBAL,S3D3,PWRGEOKENXX01,GEOKENXX,2031,23.778144
GLOBAL,S3D3,PWRGEOKENXX01,GEOKENXX,2032,23.778144
GLOBAL,S3D3,PWRGEOKENXX01,GEOKENXX,2033,23.778144
GLOBAL,S3D3,PWRGEOKENXX01,GEOKENXX,2034,13.213584
GLOBAL,S3D3,PWRGEOKENXX01,GEOKENXX,2035,13.213584
GLOBAL,S3D3,PWRGEOKENXX01,GEOKENXX,2036,13.213584
GLOBAL,S3D3,PWRGEOKENXX01,GEOKENXX,2037,13.213584
GLOBAL,S3D3,PWRGEOKENXX01,GEOKENXX,2038,13.213584
GLOBAL,S3D3,PWRGEOKENXX01,GEOKENXX,2039,13.213584
GLOBAL,S3D3,PWRGEOKENXX01,GEOKENXX,2040,13.213584
GLOBAL,S3D3,PWRGEOKENXX01,GEOKENXX,2041,13.213584
GLOBAL,S3D3,PWRGEOKENXX01,GEOKENXX,2042,13.213584
GLOBAL,S3D3,PWRGEOKENXX01,GEOKENXX,2043,13.213584
GLOBAL,S3D3,PWRGEOKENXX01,GEOKENXX,2044,13.213584
GLOBAL,S3D3,PWRGEOKENXX01,GEOKENXX,2045,8.798544
GLOBAL,S3D3,PWRHYDKENXX01,HYDKENXX,2021,15.164345297189232
GLOBAL,S3D3,PWRHYDKENXX01,HYDKENXX,2022,18.81694852878707
GLOBAL,S3D3,PWRHYDKENXX01,HYDKENXX,2023,17.763226590762045
GLOBAL,S3D3,PWRHYDKENXX01,HYDKENXX,2024,31.524627430910645
GLOBAL,S3D3,PWRHYDKENXX01,HYDKENXX,2025,37.33734574413342
GLOBAL,S3D3,PWRHYDKENXX01,HYDKENXX,2026,43.40645354400617
GLOBAL,S3D3,PWRHYDKENXX01,HYDKENXX,2027,49.47545681532868
GLOBAL,S3D3,PWRHYDKENXX01,HYDKENXX,2028,55.54456461520137
GLOBAL,S3D3,PWRHYDKENXX01,HYDKENXX,2029,61.627765789383886
GLOBAL,S3D3,PWRHYDKENXX01,HYDKENXX,2030,66.07317609482723
GLOBAL,S3D3,PWRHYDKENXX01,HYDKENXX,2031,70.75297123200002
GLOBAL,S3D3,PWRHYDKENXX01,HYDKENXX,2032,70.75297123200002
GLOBAL,S3D3,PWRHYDKENXX01,HYDKENXX,2033,70.75297123200002
GLOBAL,S3D3,PWRHYDKENXX01,HYDKENXX,2034,70.75297123200002
GLOBAL,S3D3,PWRHYDKENXX01,HYDKENXX,2035,70.75297123200002
GLOBAL,S3D3,PWRHYDKENXX01,HYDKENXX,2036,70.75297123200002
GLOBAL,S3D3,PWRHYDKENXX01,HYDKENXX,2037,70.75297123200002
GLOBAL,S3D3,PWRHYDKENXX01,HYDKENXX,2038,70.75297123200001
GLOBAL,S3D3,PWRHYDKENXX01,HYDKENXX,2039,70.75297123200002
GLOBAL,S3D3,PWRHYDKENXX01,HYDKENXX,2040,70.75297123200002
GLOBAL,S3D3,PWRHYDKENXX01,HYDKENXX,2041,70.75297123200002
GLOBAL,S3D3,PWRHYDKENXX01,HYDKENXX,2042,70.75297123200002
GLOBAL,S3D3,PWRHYDKENXX01,HYDKENXX,2043,70.75297123200002
GLOBAL,S3D3,PWRHYDKENXX01,HYDKENXX,2044,70.75297123200002
GLOBAL,S3D3,PWRHYDKENXX01,HYDKENXX,2045,70.75297123200002
GLOBAL,S3D3,PWRHYDKENXX01,HYDKENXX,2046,70.75297123200002
GLOBAL,S3D3,PWRHYDKENXX01,HYDKENXX,2047,70.75297123200002
GLOBAL,S3D3,PWRHYDKENXX01,HYDKENXX,2048,70.75297123200002
GLOBAL,S3D3,PWRHYDKENXX01,HYDKENXX,2049,70.75297123200002
GLOBAL,S3D3,PWRHYDKENXX01,HYDKENXX,2050,70.75297123200002
GLOBAL,S3D3,PWRHYDTZAXX01,HYDTZAXX,2021,33.22515320325226
GLOBAL,S3D3,PWRHYDTZAXX01,HYDTZAXX,2022,35.776642540668945
GLOBAL,S3D3,PWRHYDTZAXX01,HYDTZAXX,2023,38.3264373017536
GLOBAL,S3D3,PWRHYDTZAXX01,HYDTZAXX,2024,42.73981065665858
GLOBAL,S3D3,PWRHYDTZAXX01,HYDTZAXX,2025,44.335779337456074
GLOBAL,S3D3,PWRHYDTZAXX01,HYDTZAXX,2026,47.534282136703126
GLOBAL,S3D3,PWRHYDTZAXX01,HYDTZAXX,2027,50.727365413726616
GLOBAL,S3D3,PWRHYDTZAXX01,HYDTZAXX,2028,53.92586821297363
GLOBAL,S3D3,PWRHYDTZAXX01,HYDTZAXX,2029,57.123928057782976
GLOBAL,S3D3,PWRHYDTZAXX01,HYDTZAXX,2030,63.29538227681351
GLOBAL,S3D3,PWRHYDTZAXX01,HYDTZAXX,2031,71.02805406772855
GLOBAL,S3D3,PWRHYDTZAXX01,HYDTZAXX,2032,80.45730193488767
GLOBAL,S3D3,PWRHYDTZAXX01,HYDTZAXX,2033,88.28856122253532
GLOBAL,S3D3,PWRHYDTZAXX01,HYDTZAXX,2034,97.15543442764096
GLOBAL,S3D3,PWRHYDTZAXX01,HYDTZAXX,2035,99.84805348412337
GLOBAL,S3D3,PWRHYDTZAXX01,HYDTZAXX,2036,102.53563798028954
GLOBAL,S3D3,PWRHYDTZAXX01,HYDTZAXX,2037,109.45562782631056
GLOBAL,S3D3,PWRHYDTZAXX01,HYDTZAXX,2038,116.37406339361848
GLOBAL,S3D3,PWRHYDTZAXX01,HYDTZAXX,2039,121.34830809947633
GLOBAL,S3D3,PWRHYDTZAXX01,HYDTZAXX,2040,126.26859459735654
GLOBAL,S3D3,PWRHYDTZAXX01,HYDTZAXX,2041,135.89765215248514
GLOBAL,S3D3,PWRHYDTZAXX01,HYDTZAXX,2042,145.53228819444922
GLOBAL,S3D3,PWRHYDTZAXX01,HYDTZAXX,2043,155.13222825935233
GLOBAL,S3D3,PWRHYDTZAXX01,HYDTZAXX,2044,162.08689308785625
GLOBAL,S3D3,PWRHYDTZAXX01,HYDTZAXX,2045,169.54407721011574
GLOBAL,S3D3,PWRHYDTZAXX01,HYDTZAXX,2046,178.48228255564325
GLOBAL,S3D3,PWRHYDTZAXX01,HYDTZAXX,2047,185.86826650403836
GLOBAL,S3D3,PWRHYDTZAXX01,HYDTZAXX,2048,193.21513366632053
GLOBAL,S3D3,PWRHYDTZAXX01,HYDTZAXX,2049,200.56200082860283
GLOBAL,S3D3,PWRHYDTZAXX01,HYDTZAXX,2050,207.90886799088491
GLOBAL,S3D3,PWRTRNKENXX,ELCKENXX01,2021,38.198522208370655
GLOBAL,S3D3,PWRTRNKENXX,ELCKENXX01,2022,41.008217001907454
GLOBAL,S3D3,PWRTRNKENXX,ELCKENXX01,2023,43.808935134762045
GLOBAL,S3D3,PWRTRNKENXX,ELCKENXX01,2024,60.358244518910645
GLOBAL,S3D3,PWRTRNKENXX,ELCKENXX01,2025,66.17096283213343
GLOBAL,S3D3,PWRTRNKENXX,ELCKENXX01,2026,72.24007063200617
GLOBAL,S3D3,PWRTRNKENXX,ELCKENXX01,2027,78.30907390332865
GLOBAL,S3D3,PWRTRNKENXX,ELCKENXX01,2028,84.37818170320136
GLOBAL,S3D3,PWRTRNKENXX,ELCKENXX01,2029,90.4613828773839
GLOBAL,S3D3,PWRTRNKENXX,ELCKENXX01,2030,94.90679318282723
GLOBAL,S3D3,PWRTRNKENXX,ELCKENXX01,2031,99.58658832
GLOBAL,S3D3,PWRTRNKENXX,ELCKENXX01,2032,96.74834832000002
GLOBAL,S3D3,PWRTRNKENXX,ELCKENXX01,2033,96.74834832000002
GLOBAL,S3D3,PWRTRNKENXX,ELCKENXX01,2034,86.18378832000003
GLOBAL,S3D3,PWRTRNKENXX,ELCKENXX01,2035,86.41831238779174
GLOBAL,S3D3,PWRTRNKENXX,ELCKENXX01,2036,91.51705565529625
GLOBAL,S3D3,PWRTRNKENXX,ELCKENXX01,2037,96.6068222621185
GLOBAL,S3D3,PWRTRNKENXX,ELCKENXX01,2038,101.705565529623
GLOBAL,S3D3,PWRTRNKENXX,ELCKENXX01,2039,106.79533213644524
GLOBAL,S3D3,PWRTRNKENXX,ELCKENXX01,2040,111.89407540394971
GLOBAL,S3D3,PWRTRNKENXX,ELCKENXX01,2041,118.2226211849192
GLOBAL,S3D3,PWRTRNKENXX,ELCKENXX01,2042,124.5511669658887
GLOBAL,S3D3,PWRTRNKENXX,ELCKENXX01,2043,130.87073608617595
GLOBAL,S3D3,PWRTRNKENXX,ELCKENXX01,2044,137.19928186714543
GLOBAL,S3D3,PWRTRNKENXX,ELCKENXX01,2045,143.5278276481149
GLOBAL,S3D3,PWRTRNKENXX,ELCKENXX01,2046,151.46319569120288
GLOBAL,S3D3,PWRTRNKENXX,ELCKENXX01,2047,159.40754039497307
GLOBAL,S3D3,PWRTRNKENXX,ELCKENXX01,2048,167.34290843806104
GLOBAL,S3D3,PWRTRNKENXX,ELCKENXX01,2049,175.27827648114902
GLOBAL,S3D3,PWRTRNKENXX,ELCKENXX01,2050,183.22262118491923
GLOBAL,S3D3,PWRTRNTZAXX,ELCTZAXX01,2021,52.54129263913824
GLOBAL,S3D3,PWRTRNTZAXX,ELCTZAXX01,2022,57.39946140035907
GLOBAL,S3D3,PWRTRNTZAXX,ELCTZAXX01,2023,62.2576301615799
GLOBAL,S3D3,PWRTRNTZAXX,ELCTZAXX01,2024,67.12567324955117
GLOBAL,S3D3,PWRTRNTZAXX,ELCTZAXX01,2025,71.983842010772
GLOBAL,S3D3,PWRTRNTZAXX,ELCTZAXX01,2026,78.15529622980252
GLOBAL,S3D3,PWRTRNTZAXX,ELCTZAXX01,2027,84.31687612208258
GLOBAL,S3D3,PWRTRNTZAXX,ELCTZAXX01,2028,90.4883303411131
GLOBAL,S3D3,PWRTRNTZAXX,ELCTZAXX01,2029,96.65978456014362
GLOBAL,S3D3,PWRTRNTZAXX,ELCTZAXX01,2030,102.83123877917414
GLOBAL,S3D3,PWRTRNTZAXX,ELCTZAXX01,2031,110.28635547576302
GLOBAL,S3D3,PWRTRNTZAXX,ELCTZAXX01,2032,117.75134649910233
GLOBAL,S3D3,PWRTRNTZAXX,ELCTZAXX01,2033,125.21633752244163
GLOBAL,S3D3,PWRTRNTZAXX,ELCTZAXX01,2034,132.67145421903052
GLOBAL,S3D3,PWRTRNTZAXX,ELCTZAXX01,2035,140.13644524236983
GLOBAL,S3D3,PWRTRNTZAXX,ELCTZAXX01,2036,149.0035906642729
GLOBAL,S3D3,PWRTRNTZAXX,ELCTZAXX01,2037,157.87073608617595
GLOBAL,S3D3,PWRTRNTZAXX,ELCTZAXX01,2038,166.72800718132854
GLOBAL,S3D3,PWRTRNTZAXX,ELCTZAXX01,2039,175.59515260323158
GLOBAL,S3D3,PWRTRNTZAXX,ELCTZAXX01,2040,184.46229802513463
GLOBAL,S3D3,PWRTRNTZAXX,ELCTZAXX01,2041,194.93895870736088
GLOBAL,S3D3,PWRTRNTZAXX,ELCTZAXX01,2042,205.4254937163375
GLOBAL,S3D3,PWRTRNTZAXX,ELCTZAXX01,2043,215.9021543985637
GLOBAL,S3D3,PWRTRNTZAXX,ELCTZAXX01,2044,226.37881508078996
GLOBAL,S3D3,PWRTRNTZAXX,ELCTZAXX01,2045,236.85547576301616
GLOBAL,S3D3,PWRTRNTZAXX,ELCTZAXX01,2046,249.8599640933573
GLOBAL,S3D3,PWRTRNTZAXX,ELCTZAXX01,2047,262.8644524236984
GLOBAL,S3D3,PWRTRNTZAXX,ELCTZAXX01,2048,275.8689407540395
GLOBAL,S3D3,PWRTRNTZAXX,ELCTZAXX01,2049,288.87342908438063
GLOBAL,S3D3,PWRTRNTZAXX,ELCTZAXX01,2050,301.8779174147217
GLOBAL,S3D3,PWRWONKENXX01,WONKENXX,2021,2.267564544
GLOBAL,S3D3,PWRWONKENXX01,WONKENXX,2022,2.267564544
GLOBAL,S3D3,PWRWONKENXX01,WONKENXX,2023,2.267564544
GLOBAL,S3D3,PWRWONKENXX01,WONKENXX,2024,2.217233088
GLOBAL,S3D3,PWRWONKENXX01,WONKENXX,2025,2.217233088
GLOBAL,S3D3,PWRWONKENXX01,WONKENXX,2026,2.217233088
GLOBAL,S3D3,PWRWONKENXX01,WONKENXX,2027,2.217233088
GLOBAL,S3D3,PWRWONKENXX01,WONKENXX,2028,2.217233088
GLOBAL,S3D3,PWRWONKENXX01,WONKENXX,2029,2.217233088
GLOBAL,S3D3,PWRWONKENXX01,WONKENXX,2030,2.217233088
GLOBAL,S3D3,PWRWONKENXX01,WONKENXX,2031,2.217233088
GLOBAL,S3D3,PWRWONKENXX01,WONKENXX,2032,2.217233088
GLOBAL,S3D3,PWRWONKENXX01,WONKENXX,2033,2.217233088
GLOBAL,S3D3,PWRWONKENXX01,WONKENXX,2034,2.217233088
GLOBAL,S3D3,PWRWONKENXX01,WONKENXX,2035,2.217233088
GLOBAL,S3D3,PWRWONKENXX01,WONKENXX,2036,2.217233088
GLOBAL,S3D3,PWRWONKENXX01,WONKENXX,2037,2.217233088
GLOBAL,S3D3,PWRWONKENXX01,WONKENXX,2038,2.217233088
GLOBAL,S3D3,PWRWONKENXX01,WONKENXX,2039,2.217233088
GLOBAL,S3D3,PWRWONKENXX01,WONKENXX,2040,2.217233088
GLOBAL,S3D3,PWRWONKENXX01,WONKENXX,2041,2.217233088
GLOBAL,S3D3,PWRWONKENXX01,WONKENXX,2042,2.217233088
GLOBAL,S3D3,PWRWONKENXX01,WONKENXX,2043,2.217233088
GLOBAL,S3D3,PWRWONKENXX01,WONKENXX,2044,2.217233088
GLOBAL,S3D3,PWRWONKENXX01,WONKENXX,2045,2.217233088
GLOBAL,S3D3,PWRWONKENXX01,WONKENXX,2046,2.217233088
GLOBAL,S3D3,PWRWONKENXX01,WONKENXX,2047,2.217233088
GLOBAL,S3D3,TRNKENXXTZAXX,ELCKENXX02,2021,4.150048240686638
GLOBAL,S3D3,TRNKENXXTZAXX,ELCKENXX02,2022,4.150048240686638
GLOBAL,S3D3,TRNKENXXTZAXX,ELCKENXX02,2023,4.150048240686638
GLOBAL,S3D3,TRNKENXXTZAXX,ELCKENXX02,2024,17.89863949198066
GLOBAL,S3D3,TRNKENXXTZAXX,ELCKENXX02,2025,20.90166301166664
GLOBAL,S3D3,TRNKENXXTZAXX,ELCKENXX02,2026,23.14671336091101
GLOBAL,S3D3,TRNKENXXTZAXX,ELCKENXX02,2027,25.39165918160516
GLOBAL,S3D3,TRNKENXXTZAXX,ELCKENXX02,2028,27.636709530849483
GLOBAL,S3D3,TRNKENXXTZAXX,ELCKENXX02,2029,29.886876593721414
GLOBAL,S3D3,TRNKENXXTZAXX,ELCKENXX02,2030,30.508229448536383
GLOBAL,S3D3,TRNKENXXTZAXX,ELCKENXX02,2031,30.7804841907361
GLOBAL,S3D3,TRNKENXXTZAXX,ELCKENXX02,2032,23.54368045644527
GLOBAL,S3D3,TRNKENXXTZAXX,ELCKENXX02,2033,19.136140061472187
GLOBAL,S3D3,TRNKENXXTZAXX,ELCKENXX02,2034,4.164039666499112
