YEAR,MONTH,HOUR,NODE_1,NODE_2,VALUE
2021,1,1.0,INDEA,INDNE,2.68
2022,1,1.0,INDEA,INDNE,2.86
2023,1,1.0,INDEA,INDNE,2.43
2024,1,1.0,INDEA,INDNE,-3.53
2024,1,1.0,INDNE,INDNO,3.0
2025,1,1.0,INDEA,INDNE,-3.53
2025,1,1.0,INDEA,INDNO,-4.54
2025,1,1.0,INDNE,INDNO,3.0
2025,1,1.0,INDNO,INDWE,12.63
2025,1,1.0,INDSO,INDWE,-15.66
2026,1,1.0,INDEA,INDNE,-3.53
2026,1,1.0,INDEA,INDNO,-5.34
2026,1,1.0,INDNE,INDNO,3.0
2026,1,1.0,INDNO,INDWE,9.96
2026,1,1.0,INDSO,INDWE,-12.83
2027,1,1.0,INDEA,INDNE,-3.53
2027,1,1.0,INDEA,INDNO,-6.34
2027,1,1.0,INDNE,INDNO,3.0
2027,1,1.0,INDNO,INDWE,6.96
2027,1,1.0,INDSO,INDWE,-7.91
2028,1,1.0,INDEA,INDNE,-3.53
2028,1,1.0,INDEA,INDNO,-8.19
2028,1,1.0,INDNE,INDNO,3.0
2028,1,1.0,INDNO,INDWE,4.24
2028,1,1.0,INDSO,INDWE,-3.48
2029,1,1.0,INDEA,INDNE,-3.53
2029,1,1.0,INDEA,INDNO,-9.21
2029,1,1.0,INDNE,INDNO,3.0
2029,1,1.0,INDNO,INDWE,0.77
2030,1,1.0,INDEA,INDNE,-5.53
2030,1,1.0,INDEA,INDNO,-8.16
2030,1,1.0,INDNE,INDNO,5.0
2030,1,1.0,INDNO,INDWE,2.19
2031,1,1.0,INDEA,INDNE,-7.53
2031,1,1.0,INDEA,INDNO,-5.83
2031,1,1.0,INDNE,INDNO,7.0
2032,1,1.0,INDEA,INDNE,-9.53
2032,1,1.0,INDEA,INDNO,-4.18
2032,1,1.0,INDNE,INDNO,9.0
2033,1,1.0,INDEA,INDNE,-11.53
2033,1,1.0,INDNE,INDNO,11.0
2034,1,1.0,INDEA,INDNE,-13.53
2034,1,1.0,INDNE,INDNO,13.0
2035,1,1.0,INDEA,INDNE,-15.53
2035,1,1.0,INDNE,INDNO,15.0
2036,1,1.0,INDEA,INDNE,-17.53
2036,1,1.0,INDNE,INDNO,17.0
2037,1,1.0,INDEA,INDNE,-19.53
2037,1,1.0,INDNE,INDNO,19.0
2038,1,1.0,INDEA,INDNE,-21.53
2038,1,1.0,INDNE,INDNO,21.0
2039,1,1.0,INDEA,INDNE,-23.53
2039,1,1.0,INDNE,INDNO,23.0
2040,1,1.0,INDEA,INDNE,-25.53
2040,1,1.0,INDNE,INDNO,25.0
2041,1,1.0,INDEA,INDNE,-27.52
2041,1,1.0,INDNE,INDNO,27.0
2042,1,1.0,INDEA,INDNE,-29.52
2042,1,1.0,INDNE,INDNO,28.99
2043,1,1.0,INDEA,INDNE,-31.52
2043,1,1.0,INDNE,INDNO,30.99
2044,1,1.0,INDEA,INDNE,-33.52
2044,1,1.0,INDNE,INDNO,32.99
2045,1,1.0,INDEA,INDNE,-35.52
2045,1,1.0,INDNE,INDNO,34.99
2045,1,1.0,INDSO,INDWE,-9.88
2046,1,1.0,INDEA,INDNE,-37.52
2046,1,1.0,INDNE,INDNO,30.39
2046,1,1.0,INDSO,INDWE,-16.42
2047,1,1.0,INDEA,INDNE,-39.52
2047,1,1.0,INDNE,INDNO,28.8
2047,1,1.0,INDSO,INDWE,-25.25
2048,1,1.0,INDEA,INDNE,-41.52
2048,1,1.0,INDEA,INDSO,1.18
2048,1,1.0,INDNE,INDNO,32.89
2048,1,1.0,INDSO,INDWE,-30.11
2049,1,1.0,INDEA,INDNE,-43.52
2049,1,1.0,INDEA,INDSO,7.83
2049,1,1.0,INDNE,INDNO,34.01
2049,1,1.0,INDSO,INDWE,-32.11
2050,1,1.0,INDEA,INDNE,-45.52
2050,1,1.0,INDEA,INDSO,7.94
2050,1,1.0,INDNE,INDNO,35.54
2050,1,1.0,INDSO,INDWE,-34.11
2021,1,2.0,INDEA,INDNE,2.68
2022,1,2.0,INDEA,INDNE,2.86
2023,1,2.0,INDEA,INDNE,2.43
2024,1,2.0,INDEA,INDNE,-3.53
2024,1,2.0,INDNE,INDNO,3.0
2025,1,2.0,INDEA,INDNE,-3.53
2025,1,2.0,INDEA,INDNO,-4.54
2025,1,2.0,INDNE,INDNO,3.0
2025,1,2.0,INDNO,INDWE,12.63
2025,1,2.0,INDSO,INDWE,-15.66
2026,1,2.0,INDEA,INDNE,-3.53
2026,1,2.0,INDEA,INDNO,-5.34
2026,1,2.0,INDNE,INDNO,3.0
2026,1,2.0,INDNO,INDWE,9.96
2026,1,2.0,INDSO,INDWE,-12.83
2027,1,2.0,INDEA,INDNE,-3.53
2027,1,2.0,INDEA,INDNO,-6.34
2027,1,2.0,INDNE,INDNO,3.0
2027,1,2.0,INDNO,INDWE,6.96
2027,1,2.0,INDSO,INDWE,-7.91
2028,1,2.0,INDEA,INDNE,-3.53
2028,1,2.0,INDEA,INDNO,-8.19
2028,1,2.0,INDNE,INDNO,3.0
2028,1,2.0,INDNO,INDWE,4.24
2028,1,2.0,INDSO,INDWE,-3.48
2029,1,2.0,INDEA,INDNE,-3.53
2029,1,2.0,INDEA,INDNO,-9.21
2029,1,2.0,INDNE,INDNO,3.0
2029,1,2.0,INDNO,INDWE,0.77
2030,1,2.0,INDEA,INDNE,-5.53
2030,1,2.0,INDEA,INDNO,-8.16
2030,1,2.0,INDNE,INDNO,5.0
2030,1,2.0,INDNO,INDWE,2.19
2031,1,2.0,INDEA,INDNE,-7.53
2031,1,2.0,INDEA,INDNO,-5.83
2031,1,2.0,INDNE,INDNO,7.0
2032,1,2.0,INDEA,INDNE,-9.53
2032,1,2.0,INDEA,INDNO,-4.18
2032,1,2.0,INDNE,INDNO,9.0
2033,1,2.0,INDEA,INDNE,-11.53
2033,1,2.0,INDNE,INDNO,11.0
2034,1,2.0,INDEA,INDNE,-13.53
2034,1,2.0,INDNE,INDNO,13.0
2035,1,2.0,INDEA,INDNE,-15.53
2035,1,2.0,INDNE,INDNO,15.0
2036,1,2.0,INDEA,INDNE,-17.53
2036,1,2.0,INDNE,INDNO,17.0
2037,1,2.0,INDEA,INDNE,-19.53
2037,1,2.0,INDNE,INDNO,19.0
2038,1,2.0,INDEA,INDNE,-21.53
2038,1,2.0,INDNE,INDNO,21.0
2039,1,2.0,INDEA,INDNE,-23.53
2039,1,2.0,INDNE,INDNO,23.0
2040,1,2.0,INDEA,INDNE,-25.53
2040,1,2.0,INDNE,INDNO,25.0
2041,1,2.0,INDEA,INDNE,-27.52
2041,1,2.0,INDNE,INDNO,27.0
2042,1,2.0,INDEA,INDNE,-29.52
2042,1,2.0,INDNE,INDNO,28.99
2043,1,2.0,INDEA,INDNE,-31.52
2043,1,2.0,INDNE,INDNO,30.99
2044,1,2.0,INDEA,INDNE,-33.52
2044,1,2.0,INDNE,INDNO,32.99
2045,1,2.0,INDEA,INDNE,-35.52
2045,1,2.0,INDNE,INDNO,34.99
2045,1,2.0,INDSO,INDWE,-9.88
2046,1,2.0,INDEA,INDNE,-37.52
2046,1,2.0,INDNE,INDNO,30.39
2046,1,2.0,INDSO,INDWE,-16.42
2047,1,2.0,INDEA,INDNE,-39.52
2047,1,2.0,INDNE,INDNO,28.8
2047,1,2.0,INDSO,INDWE,-25.25
2048,1,2.0,INDEA,INDNE,-41.52
2048,1,2.0,INDEA,INDSO,1.18
2048,1,2.0,INDNE,INDNO,32.89
2048,1,2.0,INDSO,INDWE,-30.11
2049,1,2.0,INDEA,INDNE,-43.52
2049,1,2.0,INDEA,INDSO,7.83
2049,1,2.0,INDNE,INDNO,34.01
2049,1,2.0,INDSO,INDWE,-32.11
2050,1,2.0,INDEA,INDNE,-45.52
2050,1,2.0,INDEA,INDSO,7.94
2050,1,2.0,INDNE,INDNO,35.54
2050,1,2.0,INDSO,INDWE,-34.11
2021,1,3.0,INDEA,INDNE,2.68
2022,1,3.0,INDEA,INDNE,2.86
2023,1,3.0,INDEA,INDNE,2.43
2024,1,3.0,INDEA,INDNE,-3.53
2024,1,3.0,INDNE,INDNO,3.0
2025,1,3.0,INDEA,INDNE,-3.53
2025,1,3.0,INDEA,INDNO,-4.54
2025,1,3.0,INDNE,INDNO,3.0
2025,1,3.0,INDNO,INDWE,12.63
2025,1,3.0,INDSO,INDWE,-15.66
2026,1,3.0,INDEA,INDNE,-3.53
2026,1,3.0,INDEA,INDNO,-5.34
2026,1,3.0,INDNE,INDNO,3.0
2026,1,3.0,INDNO,INDWE,9.96
2026,1,3.0,INDSO,INDWE,-12.83
2027,1,3.0,INDEA,INDNE,-3.53
2027,1,3.0,INDEA,INDNO,-6.34
2027,1,3.0,INDNE,INDNO,3.0
2027,1,3.0,INDNO,INDWE,6.96
2027,1,3.0,INDSO,INDWE,-7.91
2028,1,3.0,INDEA,INDNE,-3.53
2028,1,3.0,INDEA,INDNO,-8.19
2028,1,3.0,INDNE,INDNO,3.0
2028,1,3.0,INDNO,INDWE,4.24
2028,1,3.0,INDSO,INDWE,-3.48
2029,1,3.0,INDEA,INDNE,-3.53
2029,1,3.0,INDEA,INDNO,-9.21
2029,1,3.0,INDNE,INDNO,3.0
2029,1,3.0,INDNO,INDWE,0.77
2030,1,3.0,INDEA,INDNE,-5.53
2030,1,3.0,INDEA,INDNO,-8.16
2030,1,3.0,INDNE,INDNO,5.0
2030,1,3.0,INDNO,INDWE,2.19
2031,1,3.0,INDEA,INDNE,-7.53
2031,1,3.0,INDEA,INDNO,-5.83
2031,1,3.0,INDNE,INDNO,7.0
2032,1,3.0,INDEA,INDNE,-9.53
2032,1,3.0,INDEA,INDNO,-4.18
2032,1,3.0,INDNE,INDNO,9.0
2033,1,3.0,INDEA,INDNE,-11.53
2033,1,3.0,INDNE,INDNO,11.0
2034,1,3.0,INDEA,INDNE,-13.53
2034,1,3.0,INDNE,INDNO,13.0
2035,1,3.0,INDEA,INDNE,-15.53
2035,1,3.0,INDNE,INDNO,15.0
2036,1,3.0,INDEA,INDNE,-17.53
2036,1,3.0,INDNE,INDNO,17.0
2037,1,3.0,INDEA,INDNE,-19.53
2037,1,3.0,INDNE,INDNO,19.0
2038,1,3.0,INDEA,INDNE,-21.53
2038,1,3.0,INDNE,INDNO,21.0
2039,1,3.0,INDEA,INDNE,-23.53
2039,1,3.0,INDNE,INDNO,23.0
2040,1,3.0,INDEA,INDNE,-25.53
2040,1,3.0,INDNE,INDNO,25.0
2041,1,3.0,INDEA,INDNE,-27.52
2041,1,3.0,INDNE,INDNO,27.0
2042,1,3.0,INDEA,INDNE,-29.52
2042,1,3.0,INDNE,INDNO,28.99
2043,1,3.0,INDEA,INDNE,-31.52
2043,1,3.0,INDNE,INDNO,30.99
2044,1,3.0,INDEA,INDNE,-33.52
2044,1,3.0,INDNE,INDNO,32.99
2045,1,3.0,INDEA,INDNE,-35.52
2045,1,3.0,INDNE,INDNO,34.99
2045,1,3.0,INDSO,INDWE,-9.88
2046,1,3.0,INDEA,INDNE,-37.52
2046,1,3.0,INDNE,INDNO,30.39
2046,1,3.0,INDSO,INDWE,-16.42
2047,1,3.0,INDEA,INDNE,-39.52
2047,1,3.0,INDNE,INDNO,28.8
2047,1,3.0,INDSO,INDWE,-25.25
2048,1,3.0,INDEA,INDNE,-41.52
2048,1,3.0,INDEA,INDSO,1.18
2048,1,3.0,INDNE,INDNO,32.89
2048,1,3.0,INDSO,INDWE,-30.11
2049,1,3.0,INDEA,INDNE,-43.52
2049,1,3.0,INDEA,INDSO,7.83
2049,1,3.0,INDNE,INDNO,34.01
2049,1,3.0,INDSO,INDWE,-32.11
2050,1,3.0,INDEA,INDNE,-45.52
2050,1,3.0,INDEA,INDSO,7.94
2050,1,3.0,INDNE,INDNO,35.54
2050,1,3.0,INDSO,INDWE,-34.11
2021,1,4.0,INDEA,INDNE,2.68
2022,1,4.0,INDEA,INDNE,2.86
2023,1,4.0,INDEA,INDNE,2.43
2024,1,4.0,INDEA,INDNE,-3.53
2024,1,4.0,INDNE,INDNO,3.0
2025,1,4.0,INDEA,INDNE,-3.53
2025,1,4.0,INDEA,INDNO,-4.54
2025,1,4.0,INDNE,INDNO,3.0
2025,1,4.0,INDNO,INDWE,12.63
2025,1,4.0,INDSO,INDWE,-15.66
2026,1,4.0,INDEA,INDNE,-3.53
2026,1,4.0,INDEA,INDNO,-5.34
2026,1,4.0,INDNE,INDNO,3.0
2026,1,4.0,INDNO,INDWE,9.96
2026,1,4.0,INDSO,INDWE,-12.83
2027,1,4.0,INDEA,INDNE,-3.53
2027,1,4.0,INDEA,INDNO,-6.34
2027,1,4.0,INDNE,INDNO,3.0
2027,1,4.0,INDNO,INDWE,6.96
2027,1,4.0,INDSO,INDWE,-7.91
2028,1,4.0,INDEA,INDNE,-3.53
2028,1,4.0,INDEA,INDNO,-8.19
2028,1,4.0,INDNE,INDNO,3.0
2028,1,4.0,INDNO,INDWE,4.24
2028,1,4.0,INDSO,INDWE,-3.48
2029,1,4.0,INDEA,INDNE,-3.53
2029,1,4.0,INDEA,INDNO,-9.21
2029,1,4.0,INDNE,INDNO,3.0
2029,1,4.0,INDNO,INDWE,0.77
2030,1,4.0,INDEA,INDNE,-5.53
2030,1,4.0,INDEA,INDNO,-8.16
2030,1,4.0,INDNE,INDNO,5.0
2030,1,4.0,INDNO,INDWE,2.19
2031,1,4.0,INDEA,INDNE,-7.53
2031,1,4.0,INDEA,INDNO,-5.83
2031,1,4.0,INDNE,INDNO,7.0
2032,1,4.0,INDEA,INDNE,-9.53
2032,1,4.0,INDEA,INDNO,-4.18
2032,1,4.0,INDNE,INDNO,9.0
2033,1,4.0,INDEA,INDNE,-11.53
2033,1,4.0,INDNE,INDNO,11.0
2034,1,4.0,INDEA,INDNE,-13.53
2034,1,4.0,INDNE,INDNO,13.0
2035,1,4.0,INDEA,INDNE,-15.53
2035,1,4.0,INDNE,INDNO,15.0
2036,1,4.0,INDEA,INDNE,-17.53
2036,1,4.0,INDNE,INDNO,17.0
2037,1,4.0,INDEA,INDNE,-19.53
2037,1,4.0,INDNE,INDNO,19.0
2038,1,4.0,INDEA,INDNE,-21.53
2038,1,4.0,INDNE,INDNO,21.0
2039,1,4.0,INDEA,INDNE,-23.53
2039,1,4.0,INDNE,INDNO,23.0
2040,1,4.0,INDEA,INDNE,-25.53
2040,1,4.0,INDNE,INDNO,25.0
2041,1,4.0,INDEA,INDNE,-27.52
2041,1,4.0,INDNE,INDNO,27.0
2042,1,4.0,INDEA,INDNE,-29.52
2042,1,4.0,INDNE,INDNO,28.99
2043,1,4.0,INDEA,INDNE,-31.52
2043,1,4.0,INDNE,INDNO,30.99
2044,1,4.0,INDEA,INDNE,-33.52
2044,1,4.0,INDNE,INDNO,32.99
2045,1,4.0,INDEA,INDNE,-35.52
2045,1,4.0,INDNE,INDNO,34.99
2045,1,4.0,INDSO,INDWE,-9.88
2046,1,4.0,INDEA,INDNE,-37.52
2046,1,4.0,INDNE,INDNO,30.39
2046,1,4.0,INDSO,INDWE,-16.42
2047,1,4.0,INDEA,INDNE,-39.52
2047,1,4.0,INDNE,INDNO,28.8
2047,1,4.0,INDSO,INDWE,-25.25
2048,1,4.0,INDEA,INDNE,-41.52
2048,1,4.0,INDEA,INDSO,1.18
2048,1,4.0,INDNE,INDNO,32.89
2048,1,4.0,INDSO,INDWE,-30.11
2049,1,4.0,INDEA,INDNE,-43.52
2049,1,4.0,INDEA,INDSO,7.83
2049,1,4.0,INDNE,INDNO,34.01
2049,1,4.0,INDSO,INDWE,-32.11
2050,1,4.0,INDEA,INDNE,-45.52
2050,1,4.0,INDEA,INDSO,7.94
2050,1,4.0,INDNE,INDNO,35.54
2050,1,4.0,INDSO,INDWE,-34.11
2021,1,5.0,INDEA,INDNE,2.68
2022,1,5.0,INDEA,INDNE,2.86
2023,1,5.0,INDEA,INDNE,2.43
2024,1,5.0,INDEA,INDNE,-3.53
2024,1,5.0,INDNE,INDNO,3.0
2025,1,5.0,INDEA,INDNE,-3.53
2025,1,5.0,INDEA,INDNO,-4.54
2025,1,5.0,INDNE,INDNO,3.0
2025,1,5.0,INDNO,INDWE,12.63
2025,1,5.0,INDSO,INDWE,-15.66
2026,1,5.0,INDEA,INDNE,-3.53
2026,1,5.0,INDEA,INDNO,-5.34
2026,1,5.0,INDNE,INDNO,3.0
2026,1,5.0,INDNO,INDWE,9.96
2026,1,5.0,INDSO,INDWE,-12.83
2027,1,5.0,INDEA,INDNE,-3.53
2027,1,5.0,INDEA,INDNO,-6.34
2027,1,5.0,INDNE,INDNO,3.0
2027,1,5.0,INDNO,INDWE,6.96
2027,1,5.0,INDSO,INDWE,-7.91
2028,1,5.0,INDEA,INDNE,-3.53
2028,1,5.0,INDEA,INDNO,-8.19
2028,1,5.0,INDNE,INDNO,3.0
2028,1,5.0,INDNO,INDWE,4.24
2028,1,5.0,INDSO,INDWE,-3.48
2029,1,5.0,INDEA,INDNE,-3.53
2029,1,5.0,INDEA,INDNO,-9.21
2029,1,5.0,INDNE,INDNO,3.0
2029,1,5.0,INDNO,INDWE,0.77
2030,1,5.0,INDEA,INDNE,-5.53
2030,1,5.0,INDEA,INDNO,-8.16
2030,1,5.0,INDNE,INDNO,5.0
2030,1,5.0,INDNO,INDWE,2.19
2031,1,5.0,INDEA,INDNE,-7.53
2031,1,5.0,INDEA,INDNO,-5.83
2031,1,5.0,INDNE,INDNO,7.0
2032,1,5.0,INDEA,INDNE,-9.53
2032,1,5.0,INDEA,INDNO,-4.18
2032,1,5.0,INDNE,INDNO,9.0
2033,1,5.0,INDEA,INDNE,-11.53
2033,1,5.0,INDNE,INDNO,11.0
2034,1,5.0,INDEA,INDNE,-13.53
2034,1,5.0,INDNE,INDNO,13.0
2035,1,5.0,INDEA,INDNE,-15.53
2035,1,5.0,INDNE,INDNO,15.0
2036,1,5.0,INDEA,INDNE,-17.53
2036,1,5.0,INDNE,INDNO,17.0
2037,1,5.0,INDEA,INDNE,-19.53
2037,1,5.0,INDNE,INDNO,19.0
2038,1,5.0,INDEA,INDNE,-21.53
2038,1,5.0,INDNE,INDNO,21.0
2039,1,5.0,INDEA,INDNE,-23.53
2039,1,5.0,INDNE,INDNO,23.0
2040,1,5.0,INDEA,INDNE,-25.53
2040,1,5.0,INDNE,INDNO,25.0
2041,1,5.0,INDEA,INDNE,-27.52
2041,1,5.0,INDNE,INDNO,27.0
2042,1,5.0,INDEA,INDNE,-29.52
2042,1,5.0,INDNE,INDNO,28.99
2043,1,5.0,INDEA,INDNE,-31.52
2043,1,5.0,INDNE,INDNO,30.99
2044,1,5.0,INDEA,INDNE,-33.52
2044,1,5.0,INDNE,INDNO,32.99
2045,1,5.0,INDEA,INDNE,-35.52
2045,1,5.0,INDNE,INDNO,34.99
2045,1,5.0,INDSO,INDWE,-9.88
2046,1,5.0,INDEA,INDNE,-37.52
2046,1,5.0,INDNE,INDNO,30.39
2046,1,5.0,INDSO,INDWE,-16.42
2047,1,5.0,INDEA,INDNE,-39.52
2047,1,5.0,INDNE,INDNO,28.8
2047,1,5.0,INDSO,INDWE,-25.25
2048,1,5.0,INDEA,INDNE,-41.52
2048,1,5.0,INDEA,INDSO,1.18
2048,1,5.0,INDNE,INDNO,32.89
2048,1,5.0,INDSO,INDWE,-30.11
2049,1,5.0,INDEA,INDNE,-43.52
2049,1,5.0,INDEA,INDSO,7.83
2049,1,5.0,INDNE,INDNO,34.01
2049,1,5.0,INDSO,INDWE,-32.11
2050,1,5.0,INDEA,INDNE,-45.52
2050,1,5.0,INDEA,INDSO,7.94
2050,1,5.0,INDNE,INDNO,35.54
2050,1,5.0,INDSO,INDWE,-34.11
2021,1,6.0,INDEA,INDNE,2.68
2022,1,6.0,INDEA,INDNE,2.86
2023,1,6.0,INDEA,INDNE,2.43
2024,1,6.0,INDEA,INDNE,-3.53
2024,1,6.0,INDNE,INDNO,3.0
2025,1,6.0,INDEA,INDNE,-3.53
2025,1,6.0,INDEA,INDNO,-4.54
2025,1,6.0,INDNE,INDNO,3.0
2025,1,6.0,INDNO,INDWE,12.63
2025,1,6.0,INDSO,INDWE,-15.66
2026,1,6.0,INDEA,INDNE,-3.53
2026,1,6.0,INDEA,INDNO,-5.34
2026,1,6.0,INDNE,INDNO,3.0
2026,1,6.0,INDNO,INDWE,9.96
2026,1,6.0,INDSO,INDWE,-12.83
2027,1,6.0,INDEA,INDNE,-3.53
2027,1,6.0,INDEA,INDNO,-6.34
2027,1,6.0,INDNE,INDNO,3.0
2027,1,6.0,INDNO,INDWE,6.96
2027,1,6.0,INDSO,INDWE,-7.91
2028,1,6.0,INDEA,INDNE,-3.53
2028,1,6.0,INDEA,INDNO,-8.19
2028,1,6.0,INDNE,INDNO,3.0
2028,1,6.0,INDNO,INDWE,4.24
2028,1,6.0,INDSO,INDWE,-3.48
2029,1,6.0,INDEA,INDNE,-3.53
2029,1,6.0,INDEA,INDNO,-9.21
2029,1,6.0,INDNE,INDNO,3.0
2029,1,6.0,INDNO,INDWE,0.77
2030,1,6.0,INDEA,INDNE,-5.53
2030,1,6.0,INDEA,INDNO,-8.16
2030,1,6.0,INDNE,INDNO,5.0
2030,1,6.0,INDNO,INDWE,2.19
2031,1,6.0,INDEA,INDNE,-7.53
2031,1,6.0,INDEA,INDNO,-5.83
2031,1,6.0,INDNE,INDNO,7.0
2032,1,6.0,INDEA,INDNE,-9.53
2032,1,6.0,INDEA,INDNO,-4.18
2032,1,6.0,INDNE,INDNO,9.0
2033,1,6.0,INDEA,INDNE,-11.53
2033,1,6.0,INDNE,INDNO,11.0
2034,1,6.0,INDEA,INDNE,-13.53
2034,1,6.0,INDNE,INDNO,13.0
2035,1,6.0,INDEA,INDNE,-15.53
2035,1,6.0,INDNE,INDNO,15.0
2036,1,6.0,INDEA,INDNE,-17.53
2036,1,6.0,INDNE,INDNO,17.0
2037,1,6.0,INDEA,INDNE,-19.53
2037,1,6.0,INDNE,INDNO,19.0
2038,1,6.0,INDEA,INDNE,-21.53
2038,1,6.0,INDNE,INDNO,21.0
2039,1,6.0,INDEA,INDNE,-23.53
2039,1,6.0,INDNE,INDNO,23.0
2040,1,6.0,INDEA,INDNE,-25.53
2040,1,6.0,INDNE,INDNO,25.0
2041,1,6.0,INDEA,INDNE,-27.52
2041,1,6.0,INDNE,INDNO,27.0
2042,1,6.0,INDEA,INDNE,-29.52
2042,1,6.0,INDNE,INDNO,28.99
2043,1,6.0,INDEA,INDNE,-31.52
2043,1,6.0,INDNE,INDNO,30.99
2044,1,6.0,INDEA,INDNE,-33.52
2044,1,6.0,INDNE,INDNO,32.99
2045,1,6.0,INDEA,INDNE,-35.52
2045,1,6.0,INDNE,INDNO,34.99
2045,1,6.0,INDSO,INDWE,-9.88
2046,1,6.0,INDEA,INDNE,-37.52
2046,1,6.0,INDNE,INDNO,30.39
2046,1,6.0,INDSO,INDWE,-16.42
2047,1,6.0,INDEA,INDNE,-39.52
2047,1,6.0,INDNE,INDNO,28.8
2047,1,6.0,INDSO,INDWE,-25.25
2048,1,6.0,INDEA,INDNE,-41.52
2048,1,6.0,INDEA,INDSO,1.18
2048,1,6.0,INDNE,INDNO,32.89
2048,1,6.0,INDSO,INDWE,-30.11
2049,1,6.0,INDEA,INDNE,-43.52
2049,1,6.0,INDEA,INDSO,7.83
2049,1,6.0,INDNE,INDNO,34.01
2049,1,6.0,INDSO,INDWE,-32.11
2050,1,6.0,INDEA,INDNE,-45.52
2050,1,6.0,INDEA,INDSO,7.94
2050,1,6.0,INDNE,INDNO,35.54
2050,1,6.0,INDSO,INDWE,-34.11
2021,1,7.0,INDEA,INDNE,2.68
2022,1,7.0,INDEA,INDNE,2.86
2023,1,7.0,INDEA,INDNE,2.43
2024,1,7.0,INDEA,INDNE,-3.53
2024,1,7.0,INDNE,INDNO,3.0
2025,1,7.0,INDEA,INDNE,-3.53
2025,1,7.0,INDEA,INDNO,-4.54
2025,1,7.0,INDNE,INDNO,3.0
2025,1,7.0,INDNO,INDWE,12.63
2025,1,7.0,INDSO,INDWE,-15.66
2026,1,7.0,INDEA,INDNE,-3.53
2026,1,7.0,INDEA,INDNO,-5.34
2026,1,7.0,INDNE,INDNO,3.0
2026,1,7.0,INDNO,INDWE,9.96
2026,1,7.0,INDSO,INDWE,-12.83
2027,1,7.0,INDEA,INDNE,-3.53
2027,1,7.0,INDEA,INDNO,-6.34
2027,1,7.0,INDNE,INDNO,3.0
2027,1,7.0,INDNO,INDWE,6.96
2027,1,7.0,INDSO,INDWE,-7.91
2028,1,7.0,INDEA,INDNE,-3.53
2028,1,7.0,INDEA,INDNO,-8.19
2028,1,7.0,INDNE,INDNO,3.0
2028,1,7.0,INDNO,INDWE,4.24
2028,1,7.0,INDSO,INDWE,-3.48
2029,1,7.0,INDEA,INDNE,-3.53
2029,1,7.0,INDEA,INDNO,-9.21
2029,1,7.0,INDNE,INDNO,3.0
2029,1,7.0,INDNO,INDWE,0.77
2030,1,7.0,INDEA,INDNE,-5.53
2030,1,7.0,INDEA,INDNO,-8.16
2030,1,7.0,INDNE,INDNO,5.0
2030,1,7.0,INDNO,INDWE,2.19
2031,1,7.0,INDEA,INDNE,-7.53
2031,1,7.0,INDEA,INDNO,-5.83
2031,1,7.0,INDNE,INDNO,7.0
2032,1,7.0,INDEA,INDNE,-9.53
2032,1,7.0,INDEA,INDNO,-4.18
2032,1,7.0,INDNE,INDNO,9.0
2033,1,7.0,INDEA,INDNE,-11.53
2033,1,7.0,INDNE,INDNO,11.0
2034,1,7.0,INDEA,INDNE,-13.53
2034,1,7.0,INDNE,INDNO,13.0
2035,1,7.0,INDEA,INDNE,-15.53
2035,1,7.0,INDNE,INDNO,15.0
2036,1,7.0,INDEA,INDNE,-17.53
2036,1,7.0,INDNE,INDNO,17.0
2037,1,7.0,INDEA,INDNE,-19.53
2037,1,7.0,INDNE,INDNO,19.0
2038,1,7.0,INDEA,INDNE,-21.53
2038,1,7.0,INDNE,INDNO,21.0
2039,1,7.0,INDEA,INDNE,-23.53
2039,1,7.0,INDNE,INDNO,23.0
2040,1,7.0,INDEA,INDNE,-25.53
2040,1,7.0,INDNE,INDNO,25.0
2041,1,7.0,INDEA,INDNE,-27.52
2041,1,7.0,INDNE,INDNO,27.0
2042,1,7.0,INDEA,INDNE,-29.52
2042,1,7.0,INDNE,INDNO,28.99
2043,1,7.0,INDEA,INDNE,-31.52
2043,1,7.0,INDNE,INDNO,30.99
2044,1,7.0,INDEA,INDNE,-33.52
2044,1,7.0,INDNE,INDNO,32.99
2045,1,7.0,INDEA,INDNE,-35.52
2045,1,7.0,INDNE,INDNO,34.99
2045,1,7.0,INDSO,INDWE,-9.88
2046,1,7.0,INDEA,INDNE,-37.52
2046,1,7.0,INDNE,INDNO,30.39
2046,1,7.0,INDSO,INDWE,-16.42
2047,1,7.0,INDEA,INDNE,-39.52
2047,1,7.0,INDNE,INDNO,28.8
2047,1,7.0,INDSO,INDWE,-25.25
2048,1,7.0,INDEA,INDNE,-41.52
2048,1,7.0,INDEA,INDSO,1.18
2048,1,7.0,INDNE,INDNO,32.89
2048,1,7.0,INDSO,INDWE,-30.11
2049,1,7.0,INDEA,INDNE,-43.52
2049,1,7.0,INDEA,INDSO,7.83
2049,1,7.0,INDNE,INDNO,34.01
2049,1,7.0,INDSO,INDWE,-32.11
2050,1,7.0,INDEA,INDNE,-45.52
2050,1,7.0,INDEA,INDSO,7.94
2050,1,7.0,INDNE,INDNO,35.54
2050,1,7.0,INDSO,INDWE,-34.11
2021,1,8.0,INDEA,INDNE,2.68
2022,1,8.0,INDEA,INDNE,2.86
2023,1,8.0,INDEA,INDNE,2.43
2024,1,8.0,INDEA,INDNE,-3.53
2024,1,8.0,INDNE,INDNO,3.0
2025,1,8.0,INDEA,INDNE,-3.53
2025,1,8.0,INDEA,INDNO,-4.54
2025,1,8.0,INDNE,INDNO,3.0
2025,1,8.0,INDNO,INDWE,12.63
2025,1,8.0,INDSO,INDWE,-15.66
2026,1,8.0,INDEA,INDNE,-3.53
2026,1,8.0,INDEA,INDNO,-5.34
2026,1,8.0,INDNE,INDNO,3.0
2026,1,8.0,INDNO,INDWE,9.96
2026,1,8.0,INDSO,INDWE,-12.83
2027,1,8.0,INDEA,INDNE,-3.53
2027,1,8.0,INDEA,INDNO,-6.34
2027,1,8.0,INDNE,INDNO,3.0
2027,1,8.0,INDNO,INDWE,6.96
2027,1,8.0,INDSO,INDWE,-7.91
2028,1,8.0,INDEA,INDNE,-3.53
2028,1,8.0,INDEA,INDNO,-8.19
2028,1,8.0,INDNE,INDNO,3.0
2028,1,8.0,INDNO,INDWE,4.24
2028,1,8.0,INDSO,INDWE,-3.48
2029,1,8.0,INDEA,INDNE,-3.53
2029,1,8.0,INDEA,INDNO,-9.21
2029,1,8.0,INDNE,INDNO,3.0
2029,1,8.0,INDNO,INDWE,0.77
2030,1,8.0,INDEA,INDNE,-5.53
2030,1,8.0,INDEA,INDNO,-8.16
2030,1,8.0,INDNE,INDNO,5.0
2030,1,8.0,INDNO,INDWE,2.19
2031,1,8.0,INDEA,INDNE,-7.53
2031,1,8.0,INDEA,INDNO,-5.83
2031,1,8.0,INDNE,INDNO,7.0
2032,1,8.0,INDEA,INDNE,-9.53
2032,1,8.0,INDEA,INDNO,-4.18
2032,1,8.0,INDNE,INDNO,9.0
2033,1,8.0,INDEA,INDNE,-11.53
2033,1,8.0,INDNE,INDNO,11.0
2034,1,8.0,INDEA,INDNE,-13.53
2034,1,8.0,INDNE,INDNO,13.0
2035,1,8.0,INDEA,INDNE,-15.53
2035,1,8.0,INDNE,INDNO,15.0
2036,1,8.0,INDEA,INDNE,-17.53
2036,1,8.0,INDNE,INDNO,17.0
2037,1,8.0,INDEA,INDNE,-19.53
2037,1,8.0,INDNE,INDNO,19.0
2038,1,8.0,INDEA,INDNE,-21.53
2038,1,8.0,INDNE,INDNO,21.0
2039,1,8.0,INDEA,INDNE,-23.53
2039,1,8.0,INDNE,INDNO,23.0
2040,1,8.0,INDEA,INDNE,-25.53
2040,1,8.0,INDNE,INDNO,25.0
2041,1,8.0,INDEA,INDNE,-27.52
2041,1,8.0,INDNE,INDNO,27.0
2042,1,8.0,INDEA,INDNE,-29.52
2042,1,8.0,INDNE,INDNO,28.99
2043,1,8.0,INDEA,INDNE,-31.52
2043,1,8.0,INDNE,INDNO,30.99
2044,1,8.0,INDEA,INDNE,-33.52
2044,1,8.0,INDNE,INDNO,32.99
2045,1,8.0,INDEA,INDNE,-35.52
2045,1,8.0,INDNE,INDNO,34.99
2045,1,8.0,INDSO,INDWE,-9.88
2046,1,8.0,INDEA,INDNE,-37.52
2046,1,8.0,INDNE,INDNO,30.39
2046,1,8.0,INDSO,INDWE,-16.42
2047,1,8.0,INDEA,INDNE,-39.52
2047,1,8.0,INDNE,INDNO,28.8
2047,1,8.0,INDSO,INDWE,-25.25
2048,1,8.0,INDEA,INDNE,-41.52
2048,1,8.0,INDEA,INDSO,1.18
2048,1,8.0,INDNE,INDNO,32.89
2048,1,8.0,INDSO,INDWE,-30.11
2049,1,8.0,INDEA,INDNE,-43.52
2049,1,8.0,INDEA,INDSO,7.83
2049,1,8.0,INDNE,INDNO,34.01
2049,1,8.0,INDSO,INDWE,-32.11
2050,1,8.0,INDEA,INDNE,-45.52
2050,1,8.0,INDEA,INDSO,7.94
2050,1,8.0,INDNE,INDNO,35.54
2050,1,8.0,INDSO,INDWE,-34.11
2021,1,9.0,INDEA,INDNE,2.68
2022,1,9.0,INDEA,INDNE,2.86
2023,1,9.0,INDEA,INDNE,2.43
2024,1,9.0,INDEA,INDNE,-3.53
2024,1,9.0,INDNE,INDNO,3.0
2025,1,9.0,INDEA,INDNE,-3.53
2025,1,9.0,INDEA,INDNO,-4.54
2025,1,9.0,INDNE,INDNO,3.0
2025,1,9.0,INDNO,INDWE,12.63
2025,1,9.0,INDSO,INDWE,-15.66
2026,1,9.0,INDEA,INDNE,-3.53
2026,1,9.0,INDEA,INDNO,-5.34
2026,1,9.0,INDNE,INDNO,3.0
2026,1,9.0,INDNO,INDWE,9.96
2026,1,9.0,INDSO,INDWE,-12.83
2027,1,9.0,INDEA,INDNE,-3.53
2027,1,9.0,INDEA,INDNO,-6.34
2027,1,9.0,INDNE,INDNO,3.0
2027,1,9.0,INDNO,INDWE,6.96
2027,1,9.0,INDSO,INDWE,-7.91
2028,1,9.0,INDEA,INDNE,-3.53
2028,1,9.0,INDEA,INDNO,-8.19
2028,1,9.0,INDNE,INDNO,3.0
2028,1,9.0,INDNO,INDWE,4.24
2028,1,9.0,INDSO,INDWE,-3.48
2029,1,9.0,INDEA,INDNE,-3.53
2029,1,9.0,INDEA,INDNO,-9.21
2029,1,9.0,INDNE,INDNO,3.0
2029,1,9.0,INDNO,INDWE,0.77
2030,1,9.0,INDEA,INDNE,-5.53
2030,1,9.0,INDEA,INDNO,-8.16
2030,1,9.0,INDNE,INDNO,5.0
2030,1,9.0,INDNO,INDWE,2.19
2031,1,9.0,INDEA,INDNE,-7.53
2031,1,9.0,INDEA,INDNO,-5.83
2031,1,9.0,INDNE,INDNO,7.0
2032,1,9.0,INDEA,INDNE,-9.53
2032,1,9.0,INDEA,INDNO,-4.18
2032,1,9.0,INDNE,INDNO,9.0
2033,1,9.0,INDEA,INDNE,-11.53
2033,1,9.0,INDNE,INDNO,11.0
2034,1,9.0,INDEA,INDNE,-13.53
2034,1,9.0,INDNE,INDNO,13.0
2035,1,9.0,INDEA,INDNE,-15.53
2035,1,9.0,INDNE,INDNO,15.0
2036,1,9.0,INDEA,INDNE,-17.53
2036,1,9.0,INDNE,INDNO,17.0
2037,1,9.0,INDEA,INDNE,-19.53
2037,1,9.0,INDNE,INDNO,19.0
2038,1,9.0,INDEA,INDNE,-21.53
2038,1,9.0,INDNE,INDNO,21.0
2039,1,9.0,INDEA,INDNE,-23.53
2039,1,9.0,INDNE,INDNO,23.0
2040,1,9.0,INDEA,INDNE,-25.53
2040,1,9.0,INDNE,INDNO,25.0
2041,1,9.0,INDEA,INDNE,-27.52
2041,1,9.0,INDNE,INDNO,27.0
2042,1,9.0,INDEA,INDNE,-29.52
2042,1,9.0,INDNE,INDNO,28.99
2043,1,9.0,INDEA,INDNE,-31.52
2043,1,9.0,INDNE,INDNO,30.99
2044,1,9.0,INDEA,INDNE,-33.52
2044,1,9.0,INDNE,INDNO,32.99
2045,1,9.0,INDEA,INDNE,-35.52
2045,1,9.0,INDNE,INDNO,34.99
2045,1,9.0,INDSO,INDWE,-9.88
2046,1,9.0,INDEA,INDNE,-37.52
2046,1,9.0,INDNE,INDNO,30.39
2046,1,9.0,INDSO,INDWE,-16.42
2047,1,9.0,INDEA,INDNE,-39.52
2047,1,9.0,INDNE,INDNO,28.8
2047,1,9.0,INDSO,INDWE,-25.25
2048,1,9.0,INDEA,INDNE,-41.52
2048,1,9.0,INDEA,INDSO,1.18
2048,1,9.0,INDNE,INDNO,32.89
2048,1,9.0,INDSO,INDWE,-30.11
2049,1,9.0,INDEA,INDNE,-43.52
2049,1,9.0,INDEA,INDSO,7.83
2049,1,9.0,INDNE,INDNO,34.01
2049,1,9.0,INDSO,INDWE,-32.11
2050,1,9.0,INDEA,INDNE,-45.52
2050,1,9.0,INDEA,INDSO,7.94
2050,1,9.0,INDNE,INDNO,35.54
2050,1,9.0,INDSO,INDWE,-34.11
2021,1,10.0,INDEA,INDNE,2.68
2022,1,10.0,INDEA,INDNE,2.86
2023,1,10.0,INDEA,INDNE,2.43
2024,1,10.0,INDEA,INDNE,-3.53
2024,1,10.0,INDNE,INDNO,3.0
2025,1,10.0,INDEA,INDNE,-3.53
2025,1,10.0,INDEA,INDNO,-4.54
2025,1,10.0,INDNE,INDNO,3.0
2025,1,10.0,INDNO,INDWE,12.63
2025,1,10.0,INDSO,INDWE,-15.66
2026,1,10.0,INDEA,INDNE,-3.53
2026,1,10.0,INDEA,INDNO,-5.34
2026,1,10.0,INDNE,INDNO,3.0
2026,1,10.0,INDNO,INDWE,9.96
2026,1,10.0,INDSO,INDWE,-12.83
2027,1,10.0,INDEA,INDNE,-3.53
2027,1,10.0,INDEA,INDNO,-6.34
2027,1,10.0,INDNE,INDNO,3.0
2027,1,10.0,INDNO,INDWE,6.96
2027,1,10.0,INDSO,INDWE,-7.91
2028,1,10.0,INDEA,INDNE,-3.53
2028,1,10.0,INDEA,INDNO,-8.19
2028,1,10.0,INDNE,INDNO,3.0
2028,1,10.0,INDNO,INDWE,4.24
2028,1,10.0,INDSO,INDWE,-3.48
2029,1,10.0,INDEA,INDNE,-3.53
2029,1,10.0,INDEA,INDNO,-9.21
2029,1,10.0,INDNE,INDNO,3.0
2029,1,10.0,INDNO,INDWE,0.77
2030,1,10.0,INDEA,INDNE,-5.53
2030,1,10.0,INDEA,INDNO,-8.16
2030,1,10.0,INDNE,INDNO,5.0
2030,1,10.0,INDNO,INDWE,2.19
2031,1,10.0,INDEA,INDNE,-7.53
2031,1,10.0,INDEA,INDNO,-5.83
2031,1,10.0,INDNE,INDNO,7.0
2032,1,10.0,INDEA,INDNE,-9.53
2032,1,10.0,INDEA,INDNO,-4.18
2032,1,10.0,INDNE,INDNO,9.0
2033,1,10.0,INDEA,INDNE,-11.53
2033,1,10.0,INDNE,INDNO,11.0
2034,1,10.0,INDEA,INDNE,-13.53
2034,1,10.0,INDNE,INDNO,13.0
2035,1,10.0,INDEA,INDNE,-15.53
2035,1,10.0,INDNE,INDNO,15.0
2036,1,10.0,INDEA,INDNE,-17.53
2036,1,10.0,INDNE,INDNO,17.0
2037,1,10.0,INDEA,INDNE,-19.53
2037,1,10.0,INDNE,INDNO,19.0
2038,1,10.0,INDEA,INDNE,-21.53
2038,1,10.0,INDNE,INDNO,21.0
2039,1,10.0,INDEA,INDNE,-23.53
2039,1,10.0,INDNE,INDNO,23.0
2040,1,10.0,INDEA,INDNE,-25.53
2040,1,10.0,INDNE,INDNO,25.0
2041,1,10.0,INDEA,INDNE,-27.52
2041,1,10.0,INDNE,INDNO,27.0
2042,1,10.0,INDEA,INDNE,-29.52
2042,1,10.0,INDNE,INDNO,28.99
2043,1,10.0,INDEA,INDNE,-31.52
2043,1,10.0,INDNE,INDNO,30.99
2044,1,10.0,INDEA,INDNE,-33.52
2044,1,10.0,INDNE,INDNO,32.99
2045,1,10.0,INDEA,INDNE,-35.52
2045,1,10.0,INDNE,INDNO,34.99
2045,1,10.0,INDSO,INDWE,-9.88
2046,1,10.0,INDEA,INDNE,-37.52
2046,1,10.0,INDNE,INDNO,30.39
2046,1,10.0,INDSO,INDWE,-16.42
2047,1,10.0,INDEA,INDNE,-39.52
2047,1,10.0,INDNE,INDNO,28.8
2047,1,10.0,INDSO,INDWE,-25.25
2048,1,10.0,INDEA,INDNE,-41.52
2048,1,10.0,INDEA,INDSO,1.18
2048,1,10.0,INDNE,INDNO,32.89
2048,1,10.0,INDSO,INDWE,-30.11
2049,1,10.0,INDEA,INDNE,-43.52
2049,1,10.0,INDEA,INDSO,7.83
2049,1,10.0,INDNE,INDNO,34.01
2049,1,10.0,INDSO,INDWE,-32.11
2050,1,10.0,INDEA,INDNE,-45.52
2050,1,10.0,INDEA,INDSO,7.94
2050,1,10.0,INDNE,INDNO,35.54
2050,1,10.0,INDSO,INDWE,-34.11
2021,1,11.0,INDEA,INDNE,2.68
2022,1,11.0,INDEA,INDNE,2.86
2023,1,11.0,INDEA,INDNE,2.43
2024,1,11.0,INDEA,INDNE,-3.53
2024,1,11.0,INDNE,INDNO,3.0
2025,1,11.0,INDEA,INDNE,-3.53
2025,1,11.0,INDEA,INDNO,-4.54
2025,1,11.0,INDNE,INDNO,3.0
2025,1,11.0,INDNO,INDWE,12.63
2025,1,11.0,INDSO,INDWE,-15.66
2026,1,11.0,INDEA,INDNE,-3.53
2026,1,11.0,INDEA,INDNO,-5.34
2026,1,11.0,INDNE,INDNO,3.0
2026,1,11.0,INDNO,INDWE,9.96
2026,1,11.0,INDSO,INDWE,-12.83
2027,1,11.0,INDEA,INDNE,-3.53
2027,1,11.0,INDEA,INDNO,-6.34
2027,1,11.0,INDNE,INDNO,3.0
2027,1,11.0,INDNO,INDWE,6.96
2027,1,11.0,INDSO,INDWE,-7.91
2028,1,11.0,INDEA,INDNE,-3.53
2028,1,11.0,INDEA,INDNO,-8.19
2028,1,11.0,INDNE,INDNO,3.0
2028,1,11.0,INDNO,INDWE,4.24
2028,1,11.0,INDSO,INDWE,-3.48
2029,1,11.0,INDEA,INDNE,-3.53
2029,1,11.0,INDEA,INDNO,-9.21
2029,1,11.0,INDNE,INDNO,3.0
2029,1,11.0,INDNO,INDWE,0.77
2030,1,11.0,INDEA,INDNE,-5.53
2030,1,11.0,INDEA,INDNO,-8.16
2030,1,11.0,INDNE,INDNO,5.0
2030,1,11.0,INDNO,INDWE,2.19
2031,1,11.0,INDEA,INDNE,-7.53
2031,1,11.0,INDEA,INDNO,-5.83
2031,1,11.0,INDNE,INDNO,7.0
2032,1,11.0,INDEA,INDNE,-9.53
2032,1,11.0,INDEA,INDNO,-4.18
2032,1,11.0,INDNE,INDNO,9.0
2033,1,11.0,INDEA,INDNE,-11.53
2033,1,11.0,INDNE,INDNO,11.0
2034,1,11.0,INDEA,INDNE,-13.53
2034,1,11.0,INDNE,INDNO,13.0
2035,1,11.0,INDEA,INDNE,-15.53
2035,1,11.0,INDNE,INDNO,15.0
2036,1,11.0,INDEA,INDNE,-17.53
2036,1,11.0,INDNE,INDNO,17.0
2037,1,11.0,INDEA,INDNE,-19.53
2037,1,11.0,INDNE,INDNO,19.0
2038,1,11.0,INDEA,INDNE,-21.53
2038,1,11.0,INDNE,INDNO,21.0
2039,1,11.0,INDEA,INDNE,-23.53
2039,1,11.0,INDNE,INDNO,23.0
2040,1,11.0,INDEA,INDNE,-25.53
2040,1,11.0,INDNE,INDNO,25.0
2041,1,11.0,INDEA,INDNE,-27.52
2041,1,11.0,INDNE,INDNO,27.0
2042,1,11.0,INDEA,INDNE,-29.52
2042,1,11.0,INDNE,INDNO,28.99
2043,1,11.0,INDEA,INDNE,-31.52
2043,1,11.0,INDNE,INDNO,30.99
2044,1,11.0,INDEA,INDNE,-33.52
2044,1,11.0,INDNE,INDNO,32.99
2045,1,11.0,INDEA,INDNE,-35.52
2045,1,11.0,INDNE,INDNO,34.99
2045,1,11.0,INDSO,INDWE,-9.88
2046,1,11.0,INDEA,INDNE,-37.52
2046,1,11.0,INDNE,INDNO,30.39
2046,1,11.0,INDSO,INDWE,-16.42
2047,1,11.0,INDEA,INDNE,-39.52
2047,1,11.0,INDNE,INDNO,28.8
2047,1,11.0,INDSO,INDWE,-25.25
2048,1,11.0,INDEA,INDNE,-41.52
2048,1,11.0,INDEA,INDSO,1.18
2048,1,11.0,INDNE,INDNO,32.89
2048,1,11.0,INDSO,INDWE,-30.11
2049,1,11.0,INDEA,INDNE,-43.52
2049,1,11.0,INDEA,INDSO,7.83
2049,1,11.0,INDNE,INDNO,34.01
2049,1,11.0,INDSO,INDWE,-32.11
2050,1,11.0,INDEA,INDNE,-45.52
2050,1,11.0,INDEA,INDSO,7.94
2050,1,11.0,INDNE,INDNO,35.54
2050,1,11.0,INDSO,INDWE,-34.11
2021,1,12.0,INDEA,INDNE,2.68
2022,1,12.0,INDEA,INDNE,2.86
2023,1,12.0,INDEA,INDNE,2.43
2024,1,12.0,INDEA,INDNE,-3.53
2024,1,12.0,INDNE,INDNO,3.0
2025,1,12.0,INDEA,INDNE,-3.53
2025,1,12.0,INDEA,INDNO,-4.54
2025,1,12.0,INDNE,INDNO,3.0
2025,1,12.0,INDNO,INDWE,12.63
2025,1,12.0,INDSO,INDWE,-15.66
2026,1,12.0,INDEA,INDNE,-3.53
2026,1,12.0,INDEA,INDNO,-5.34
2026,1,12.0,INDNE,INDNO,3.0
2026,1,12.0,INDNO,INDWE,9.96
2026,1,12.0,INDSO,INDWE,-12.83
2027,1,12.0,INDEA,INDNE,-3.53
2027,1,12.0,INDEA,INDNO,-6.34
2027,1,12.0,INDNE,INDNO,3.0
2027,1,12.0,INDNO,INDWE,6.96
2027,1,12.0,INDSO,INDWE,-7.91
2028,1,12.0,INDEA,INDNE,-3.53
2028,1,12.0,INDEA,INDNO,-8.19
2028,1,12.0,INDNE,INDNO,3.0
2028,1,12.0,INDNO,INDWE,4.24
2028,1,12.0,INDSO,INDWE,-3.48
2029,1,12.0,INDEA,INDNE,-3.53
2029,1,12.0,INDEA,INDNO,-9.21
2029,1,12.0,INDNE,INDNO,3.0
2029,1,12.0,INDNO,INDWE,0.77
2030,1,12.0,INDEA,INDNE,-5.53
2030,1,12.0,INDEA,INDNO,-8.16
2030,1,12.0,INDNE,INDNO,5.0
2030,1,12.0,INDNO,INDWE,2.19
2031,1,12.0,INDEA,INDNE,-7.53
2031,1,12.0,INDEA,INDNO,-5.83
2031,1,12.0,INDNE,INDNO,7.0
2032,1,12.0,INDEA,INDNE,-9.53
2032,1,12.0,INDEA,INDNO,-4.18
2032,1,12.0,INDNE,INDNO,9.0
2033,1,12.0,INDEA,INDNE,-11.53
2033,1,12.0,INDNE,INDNO,11.0
2034,1,12.0,INDEA,INDNE,-13.53
2034,1,12.0,INDNE,INDNO,13.0
2035,1,12.0,INDEA,INDNE,-15.53
2035,1,12.0,INDNE,INDNO,15.0
2036,1,12.0,INDEA,INDNE,-17.53
2036,1,12.0,INDNE,INDNO,17.0
2037,1,12.0,INDEA,INDNE,-19.53
2037,1,12.0,INDNE,INDNO,19.0
2038,1,12.0,INDEA,INDNE,-21.53
2038,1,12.0,INDNE,INDNO,21.0
2039,1,12.0,INDEA,INDNE,-23.53
2039,1,12.0,INDNE,INDNO,23.0
2040,1,12.0,INDEA,INDNE,-25.53
2040,1,12.0,INDNE,INDNO,25.0
2041,1,12.0,INDEA,INDNE,-27.52
2041,1,12.0,INDNE,INDNO,27.0
2042,1,12.0,INDEA,INDNE,-29.52
2042,1,12.0,INDNE,INDNO,28.99
2043,1,12.0,INDEA,INDNE,-31.52
2043,1,12.0,INDNE,INDNO,30.99
2044,1,12.0,INDEA,INDNE,-33.52
2044,1,12.0,INDNE,INDNO,32.99
2045,1,12.0,INDEA,INDNE,-35.52
2045,1,12.0,INDNE,INDNO,34.99
2045,1,12.0,INDSO,INDWE,-9.88
2046,1,12.0,INDEA,INDNE,-37.52
2046,1,12.0,INDNE,INDNO,30.39
2046,1,12.0,INDSO,INDWE,-16.42
2047,1,12.0,INDEA,INDNE,-39.52
2047,1,12.0,INDNE,INDNO,28.8
2047,1,12.0,INDSO,INDWE,-25.25
2048,1,12.0,INDEA,INDNE,-41.52
2048,1,12.0,INDEA,INDSO,1.18
2048,1,12.0,INDNE,INDNO,32.89
2048,1,12.0,INDSO,INDWE,-30.11
2049,1,12.0,INDEA,INDNE,-43.52
2049,1,12.0,INDEA,INDSO,7.83
2049,1,12.0,INDNE,INDNO,34.01
2049,1,12.0,INDSO,INDWE,-32.11
2050,1,12.0,INDEA,INDNE,-45.52
2050,1,12.0,INDEA,INDSO,7.94
2050,1,12.0,INDNE,INDNO,35.54
2050,1,12.0,INDSO,INDWE,-34.11
2021,1,13.0,INDEA,INDNE,2.79
2022,1,13.0,INDEA,INDNE,2.86
2022,1,13.0,INDNE,INDNO,-0.29
2023,1,13.0,INDEA,INDNE,2.85
2024,1,13.0,INDEA,INDNE,-3.53
2024,1,13.0,INDNE,INDNO,3.0
2025,1,13.0,INDEA,INDNE,-3.53
2025,1,13.0,INDNE,INDNO,3.0
2025,1,13.0,INDSO,INDWE,-2.73
2026,1,13.0,INDEA,INDNE,-3.53
2026,1,13.0,INDNE,INDNO,3.0
2026,1,13.0,INDSO,INDWE,-3.08
2027,1,13.0,INDEA,INDNE,-3.53
2027,1,13.0,INDNE,INDNO,3.0
2027,1,13.0,INDSO,INDWE,-5.43
2028,1,13.0,INDEA,INDNE,-3.53
2028,1,13.0,INDNE,INDNO,3.0
2028,1,13.0,INDSO,INDWE,-8.49
2029,1,13.0,INDEA,INDNE,-3.53
2029,1,13.0,INDNE,INDNO,3.0
2029,1,13.0,INDSO,INDWE,-11.34
2030,1,13.0,INDEA,INDNE,-5.53
2030,1,13.0,INDEA,INDNO,0.63
2030,1,13.0,INDNE,INDNO,5.0
2030,1,13.0,INDSO,INDWE,-14.88
2031,1,13.0,INDEA,INDNE,-7.53
2031,1,13.0,INDNE,INDNO,7.0
2031,1,13.0,INDSO,INDWE,-4.75
2032,1,13.0,INDEA,INDNE,-9.53
2032,1,13.0,INDNE,INDNO,9.0
2032,1,13.0,INDSO,INDWE,-5.06
2033,1,13.0,INDEA,INDNE,-11.53
2033,1,13.0,INDNE,INDNO,11.0
2033,1,13.0,INDSO,INDWE,-5.35
2034,1,13.0,INDEA,INDNE,-13.53
2034,1,13.0,INDEA,INDSO,3.65
2034,1,13.0,INDNE,INDNO,13.0
2034,1,13.0,INDSO,INDWE,-1.89
2035,1,13.0,INDEA,INDNE,-15.53
2035,1,13.0,INDEA,INDSO,5.68
2035,1,13.0,INDEA,INDWE,0.34
2035,1,13.0,INDNE,INDNO,15.0
2036,1,13.0,INDEA,INDNE,-17.53
2036,1,13.0,INDEA,INDSO,5.79
2036,1,13.0,INDEA,INDWE,0.6
2036,1,13.0,INDNE,INDNO,17.0
2037,1,13.0,INDEA,INDNE,-19.53
2037,1,13.0,INDEA,INDSO,5.9
2037,1,13.0,INDEA,INDWE,0.87
2037,1,13.0,INDNE,INDNO,19.0
2038,1,13.0,INDEA,INDNE,-21.53
2038,1,13.0,INDEA,INDSO,6.0
2038,1,13.0,INDEA,INDWE,1.13
2038,1,13.0,INDNE,INDNO,21.0
2039,1,13.0,INDEA,INDNE,-23.53
2039,1,13.0,INDEA,INDSO,6.11
2039,1,13.0,INDEA,INDWE,1.39
2039,1,13.0,INDNE,INDNO,23.0
2040,1,13.0,INDEA,INDNE,-25.53
2040,1,13.0,INDEA,INDSO,6.22
2040,1,13.0,INDEA,INDWE,1.65
2040,1,13.0,INDNE,INDNO,25.0
2041,1,13.0,INDEA,INDNE,-27.52
2041,1,13.0,INDEA,INDSO,6.34
2041,1,13.0,INDEA,INDWE,1.94
2041,1,13.0,INDNE,INDNO,27.0
2042,1,13.0,INDEA,INDNE,-29.52
2042,1,13.0,INDEA,INDSO,6.46
2042,1,13.0,INDEA,INDWE,2.22
2042,1,13.0,INDNE,INDNO,28.99
2043,1,13.0,INDEA,INDNE,-31.52
2043,1,13.0,INDEA,INDSO,6.58
2043,1,13.0,INDEA,INDWE,2.5
2043,1,13.0,INDNE,INDNO,30.99
2044,1,13.0,INDEA,INDNE,-33.52
2044,1,13.0,INDEA,INDSO,6.65
2044,1,13.0,INDEA,INDWE,1.45
2044,1,13.0,INDNE,INDNO,32.99
2045,1,13.0,INDEA,INDNE,-35.52
2045,1,13.0,INDEA,INDSO,5.71
2045,1,13.0,INDNE,INDNO,34.99
2046,1,13.0,INDEA,INDNE,-37.52
2046,1,13.0,INDEA,INDSO,1.34
2046,1,13.0,INDNE,INDNO,36.99
2046,1,13.0,INDNO,INDWE,4.11
2047,1,13.0,INDEA,INDNE,-39.52
2047,1,13.0,INDEA,INDSO,0.65
2047,1,13.0,INDNE,INDNO,38.99
2047,1,13.0,INDNO,INDWE,0.31
2048,1,13.0,INDEA,INDNE,-41.52
2048,1,13.0,INDNE,INDNO,40.99
2049,1,13.0,INDEA,INDNE,-43.52
2049,1,13.0,INDNE,INDNO,42.99
2050,1,13.0,INDEA,INDNE,-45.52
2050,1,13.0,INDNE,INDNO,44.99
2021,1,14.0,INDEA,INDNE,2.79
2022,1,14.0,INDEA,INDNE,2.86
2022,1,14.0,INDNE,INDNO,-0.29
2023,1,14.0,INDEA,INDNE,2.85
2024,1,14.0,INDEA,INDNE,-3.53
2024,1,14.0,INDNE,INDNO,3.0
2025,1,14.0,INDEA,INDNE,-3.53
2025,1,14.0,INDNE,INDNO,3.0
2025,1,14.0,INDSO,INDWE,-2.73
2026,1,14.0,INDEA,INDNE,-3.53
2026,1,14.0,INDNE,INDNO,3.0
2026,1,14.0,INDSO,INDWE,-3.08
2027,1,14.0,INDEA,INDNE,-3.53
2027,1,14.0,INDNE,INDNO,3.0
2027,1,14.0,INDSO,INDWE,-5.43
2028,1,14.0,INDEA,INDNE,-3.53
2028,1,14.0,INDNE,INDNO,3.0
2028,1,14.0,INDSO,INDWE,-8.49
2029,1,14.0,INDEA,INDNE,-3.53
2029,1,14.0,INDNE,INDNO,3.0
2029,1,14.0,INDSO,INDWE,-11.34
2030,1,14.0,INDEA,INDNE,-5.53
2030,1,14.0,INDEA,INDNO,0.63
2030,1,14.0,INDNE,INDNO,5.0
2030,1,14.0,INDSO,INDWE,-14.88
2031,1,14.0,INDEA,INDNE,-7.53
2031,1,14.0,INDNE,INDNO,7.0
2031,1,14.0,INDSO,INDWE,-4.75
2032,1,14.0,INDEA,INDNE,-9.53
2032,1,14.0,INDNE,INDNO,9.0
2032,1,14.0,INDSO,INDWE,-5.06
2033,1,14.0,INDEA,INDNE,-11.53
2033,1,14.0,INDNE,INDNO,11.0
2033,1,14.0,INDSO,INDWE,-5.35
2034,1,14.0,INDEA,INDNE,-13.53
2034,1,14.0,INDEA,INDSO,3.65
2034,1,14.0,INDNE,INDNO,13.0
2034,1,14.0,INDSO,INDWE,-1.89
2035,1,14.0,INDEA,INDNE,-15.53
2035,1,14.0,INDEA,INDSO,5.68
2035,1,14.0,INDEA,INDWE,0.34
2035,1,14.0,INDNE,INDNO,15.0
2036,1,14.0,INDEA,INDNE,-17.53
2036,1,14.0,INDEA,INDSO,5.79
2036,1,14.0,INDEA,INDWE,0.6
2036,1,14.0,INDNE,INDNO,17.0
2037,1,14.0,INDEA,INDNE,-19.53
2037,1,14.0,INDEA,INDSO,5.9
2037,1,14.0,INDEA,INDWE,0.87
2037,1,14.0,INDNE,INDNO,19.0
2038,1,14.0,INDEA,INDNE,-21.53
2038,1,14.0,INDEA,INDSO,6.0
2038,1,14.0,INDEA,INDWE,1.13
2038,1,14.0,INDNE,INDNO,21.0
2039,1,14.0,INDEA,INDNE,-23.53
2039,1,14.0,INDEA,INDSO,6.11
2039,1,14.0,INDEA,INDWE,1.39
2039,1,14.0,INDNE,INDNO,23.0
2040,1,14.0,INDEA,INDNE,-25.53
2040,1,14.0,INDEA,INDSO,6.22
2040,1,14.0,INDEA,INDWE,1.65
2040,1,14.0,INDNE,INDNO,25.0
2041,1,14.0,INDEA,INDNE,-27.52
2041,1,14.0,INDEA,INDSO,6.34
2041,1,14.0,INDEA,INDWE,1.94
2041,1,14.0,INDNE,INDNO,27.0
2042,1,14.0,INDEA,INDNE,-29.52
2042,1,14.0,INDEA,INDSO,6.46
2042,1,14.0,INDEA,INDWE,2.22
2042,1,14.0,INDNE,INDNO,28.99
2043,1,14.0,INDEA,INDNE,-31.52
2043,1,14.0,INDEA,INDSO,6.58
2043,1,14.0,INDEA,INDWE,2.5
2043,1,14.0,INDNE,INDNO,30.99
2044,1,14.0,INDEA,INDNE,-33.52
2044,1,14.0,INDEA,INDSO,6.65
2044,1,14.0,INDEA,INDWE,1.45
2044,1,14.0,INDNE,INDNO,32.99
2045,1,14.0,INDEA,INDNE,-35.52
2045,1,14.0,INDEA,INDSO,5.71
2045,1,14.0,INDNE,INDNO,34.99
2046,1,14.0,INDEA,INDNE,-37.52
2046,1,14.0,INDEA,INDSO,1.34
2046,1,14.0,INDNE,INDNO,36.99
2046,1,14.0,INDNO,INDWE,4.11
2047,1,14.0,INDEA,INDNE,-39.52
2047,1,14.0,INDEA,INDSO,0.65
2047,1,14.0,INDNE,INDNO,38.99
2047,1,14.0,INDNO,INDWE,0.31
2048,1,14.0,INDEA,INDNE,-41.52
2048,1,14.0,INDNE,INDNO,40.99
2049,1,14.0,INDEA,INDNE,-43.52
2049,1,14.0,INDNE,INDNO,42.99
2050,1,14.0,INDEA,INDNE,-45.52
2050,1,14.0,INDNE,INDNO,44.99
2021,1,15.0,INDEA,INDNE,2.79
2022,1,15.0,INDEA,INDNE,2.86
2022,1,15.0,INDNE,INDNO,-0.29
2023,1,15.0,INDEA,INDNE,2.85
2024,1,15.0,INDEA,INDNE,-3.53
2024,1,15.0,INDNE,INDNO,3.0
2025,1,15.0,INDEA,INDNE,-3.53
2025,1,15.0,INDNE,INDNO,3.0
2025,1,15.0,INDSO,INDWE,-2.73
2026,1,15.0,INDEA,INDNE,-3.53
2026,1,15.0,INDNE,INDNO,3.0
2026,1,15.0,INDSO,INDWE,-3.08
2027,1,15.0,INDEA,INDNE,-3.53
2027,1,15.0,INDNE,INDNO,3.0
2027,1,15.0,INDSO,INDWE,-5.43
2028,1,15.0,INDEA,INDNE,-3.53
2028,1,15.0,INDNE,INDNO,3.0
2028,1,15.0,INDSO,INDWE,-8.49
2029,1,15.0,INDEA,INDNE,-3.53
2029,1,15.0,INDNE,INDNO,3.0
2029,1,15.0,INDSO,INDWE,-11.34
2030,1,15.0,INDEA,INDNE,-5.53
2030,1,15.0,INDEA,INDNO,0.63
2030,1,15.0,INDNE,INDNO,5.0
2030,1,15.0,INDSO,INDWE,-14.88
2031,1,15.0,INDEA,INDNE,-7.53
2031,1,15.0,INDNE,INDNO,7.0
2031,1,15.0,INDSO,INDWE,-4.75
2032,1,15.0,INDEA,INDNE,-9.53
2032,1,15.0,INDNE,INDNO,9.0
2032,1,15.0,INDSO,INDWE,-5.06
2033,1,15.0,INDEA,INDNE,-11.53
2033,1,15.0,INDNE,INDNO,11.0
2033,1,15.0,INDSO,INDWE,-5.35
2034,1,15.0,INDEA,INDNE,-13.53
2034,1,15.0,INDEA,INDSO,3.65
2034,1,15.0,INDNE,INDNO,13.0
2034,1,15.0,INDSO,INDWE,-1.89
2035,1,15.0,INDEA,INDNE,-15.53
2035,1,15.0,INDEA,INDSO,5.68
2035,1,15.0,INDEA,INDWE,0.34
2035,1,15.0,INDNE,INDNO,15.0
2036,1,15.0,INDEA,INDNE,-17.53
2036,1,15.0,INDEA,INDSO,5.79
2036,1,15.0,INDEA,INDWE,0.6
2036,1,15.0,INDNE,INDNO,17.0
2037,1,15.0,INDEA,INDNE,-19.53
2037,1,15.0,INDEA,INDSO,5.9
2037,1,15.0,INDEA,INDWE,0.87
2037,1,15.0,INDNE,INDNO,19.0
2038,1,15.0,INDEA,INDNE,-21.53
2038,1,15.0,INDEA,INDSO,6.0
2038,1,15.0,INDEA,INDWE,1.13
2038,1,15.0,INDNE,INDNO,21.0
2039,1,15.0,INDEA,INDNE,-23.53
2039,1,15.0,INDEA,INDSO,6.11
2039,1,15.0,INDEA,INDWE,1.39
2039,1,15.0,INDNE,INDNO,23.0
2040,1,15.0,INDEA,INDNE,-25.53
2040,1,15.0,INDEA,INDSO,6.22
2040,1,15.0,INDEA,INDWE,1.65
2040,1,15.0,INDNE,INDNO,25.0
2041,1,15.0,INDEA,INDNE,-27.52
2041,1,15.0,INDEA,INDSO,6.34
2041,1,15.0,INDEA,INDWE,1.94
2041,1,15.0,INDNE,INDNO,27.0
2042,1,15.0,INDEA,INDNE,-29.52
2042,1,15.0,INDEA,INDSO,6.46
2042,1,15.0,INDEA,INDWE,2.22
2042,1,15.0,INDNE,INDNO,28.99
2043,1,15.0,INDEA,INDNE,-31.52
2043,1,15.0,INDEA,INDSO,6.58
2043,1,15.0,INDEA,INDWE,2.5
2043,1,15.0,INDNE,INDNO,30.99
2044,1,15.0,INDEA,INDNE,-33.52
2044,1,15.0,INDEA,INDSO,6.65
2044,1,15.0,INDEA,INDWE,1.45
2044,1,15.0,INDNE,INDNO,32.99
2045,1,15.0,INDEA,INDNE,-35.52
2045,1,15.0,INDEA,INDSO,5.71
2045,1,15.0,INDNE,INDNO,34.99
2046,1,15.0,INDEA,INDNE,-37.52
2046,1,15.0,INDEA,INDSO,1.34
2046,1,15.0,INDNE,INDNO,36.99
2046,1,15.0,INDNO,INDWE,4.11
2047,1,15.0,INDEA,INDNE,-39.52
2047,1,15.0,INDEA,INDSO,0.65
2047,1,15.0,INDNE,INDNO,38.99
2047,1,15.0,INDNO,INDWE,0.31
2048,1,15.0,INDEA,INDNE,-41.52
2048,1,15.0,INDNE,INDNO,40.99
2049,1,15.0,INDEA,INDNE,-43.52
2049,1,15.0,INDNE,INDNO,42.99
2050,1,15.0,INDEA,INDNE,-45.52
2050,1,15.0,INDNE,INDNO,44.99
2021,1,16.0,INDEA,INDNE,2.79
2022,1,16.0,INDEA,INDNE,2.86
2022,1,16.0,INDNE,INDNO,-0.29
2023,1,16.0,INDEA,INDNE,2.85
2024,1,16.0,INDEA,INDNE,-3.53
2024,1,16.0,INDNE,INDNO,3.0
2025,1,16.0,INDEA,INDNE,-3.53
2025,1,16.0,INDNE,INDNO,3.0
2025,1,16.0,INDSO,INDWE,-2.73
2026,1,16.0,INDEA,INDNE,-3.53
2026,1,16.0,INDNE,INDNO,3.0
2026,1,16.0,INDSO,INDWE,-3.08
2027,1,16.0,INDEA,INDNE,-3.53
2027,1,16.0,INDNE,INDNO,3.0
2027,1,16.0,INDSO,INDWE,-5.43
2028,1,16.0,INDEA,INDNE,-3.53
2028,1,16.0,INDNE,INDNO,3.0
2028,1,16.0,INDSO,INDWE,-8.49
2029,1,16.0,INDEA,INDNE,-3.53
2029,1,16.0,INDNE,INDNO,3.0
2029,1,16.0,INDSO,INDWE,-11.34
2030,1,16.0,INDEA,INDNE,-5.53
2030,1,16.0,INDEA,INDNO,0.63
2030,1,16.0,INDNE,INDNO,5.0
2030,1,16.0,INDSO,INDWE,-14.88
2031,1,16.0,INDEA,INDNE,-7.53
2031,1,16.0,INDNE,INDNO,7.0
2031,1,16.0,INDSO,INDWE,-4.75
2032,1,16.0,INDEA,INDNE,-9.53
2032,1,16.0,INDNE,INDNO,9.0
2032,1,16.0,INDSO,INDWE,-5.06
2033,1,16.0,INDEA,INDNE,-11.53
2033,1,16.0,INDNE,INDNO,11.0
2033,1,16.0,INDSO,INDWE,-5.35
2034,1,16.0,INDEA,INDNE,-13.53
2034,1,16.0,INDEA,INDSO,3.65
2034,1,16.0,INDNE,INDNO,13.0
2034,1,16.0,INDSO,INDWE,-1.89
2035,1,16.0,INDEA,INDNE,-15.53
2035,1,16.0,INDEA,INDSO,5.68
2035,1,16.0,INDEA,INDWE,0.34
2035,1,16.0,INDNE,INDNO,15.0
2036,1,16.0,INDEA,INDNE,-17.53
2036,1,16.0,INDEA,INDSO,5.79
2036,1,16.0,INDEA,INDWE,0.6
2036,1,16.0,INDNE,INDNO,17.0
2037,1,16.0,INDEA,INDNE,-19.53
2037,1,16.0,INDEA,INDSO,5.9
2037,1,16.0,INDEA,INDWE,0.87
2037,1,16.0,INDNE,INDNO,19.0
2038,1,16.0,INDEA,INDNE,-21.53
2038,1,16.0,INDEA,INDSO,6.0
2038,1,16.0,INDEA,INDWE,1.13
2038,1,16.0,INDNE,INDNO,21.0
2039,1,16.0,INDEA,INDNE,-23.53
2039,1,16.0,INDEA,INDSO,6.11
2039,1,16.0,INDEA,INDWE,1.39
2039,1,16.0,INDNE,INDNO,23.0
2040,1,16.0,INDEA,INDNE,-25.53
2040,1,16.0,INDEA,INDSO,6.22
2040,1,16.0,INDEA,INDWE,1.65
2040,1,16.0,INDNE,INDNO,25.0
2041,1,16.0,INDEA,INDNE,-27.52
2041,1,16.0,INDEA,INDSO,6.34
2041,1,16.0,INDEA,INDWE,1.94
2041,1,16.0,INDNE,INDNO,27.0
2042,1,16.0,INDEA,INDNE,-29.52
2042,1,16.0,INDEA,INDSO,6.46
2042,1,16.0,INDEA,INDWE,2.22
2042,1,16.0,INDNE,INDNO,28.99
2043,1,16.0,INDEA,INDNE,-31.52
2043,1,16.0,INDEA,INDSO,6.58
2043,1,16.0,INDEA,INDWE,2.5
2043,1,16.0,INDNE,INDNO,30.99
2044,1,16.0,INDEA,INDNE,-33.52
2044,1,16.0,INDEA,INDSO,6.65
2044,1,16.0,INDEA,INDWE,1.45
2044,1,16.0,INDNE,INDNO,32.99
2045,1,16.0,INDEA,INDNE,-35.52
2045,1,16.0,INDEA,INDSO,5.71
2045,1,16.0,INDNE,INDNO,34.99
2046,1,16.0,INDEA,INDNE,-37.52
2046,1,16.0,INDEA,INDSO,1.34
2046,1,16.0,INDNE,INDNO,36.99
2046,1,16.0,INDNO,INDWE,4.11
2047,1,16.0,INDEA,INDNE,-39.52
2047,1,16.0,INDEA,INDSO,0.65
2047,1,16.0,INDNE,INDNO,38.99
2047,1,16.0,INDNO,INDWE,0.31
2048,1,16.0,INDEA,INDNE,-41.52
2048,1,16.0,INDNE,INDNO,40.99
2049,1,16.0,INDEA,INDNE,-43.52
2049,1,16.0,INDNE,INDNO,42.99
2050,1,16.0,INDEA,INDNE,-45.52
2050,1,16.0,INDNE,INDNO,44.99
2021,1,17.0,INDEA,INDNE,2.79
2022,1,17.0,INDEA,INDNE,2.86
2022,1,17.0,INDNE,INDNO,-0.29
2023,1,17.0,INDEA,INDNE,2.85
2024,1,17.0,INDEA,INDNE,-3.53
2024,1,17.0,INDNE,INDNO,3.0
2025,1,17.0,INDEA,INDNE,-3.53
2025,1,17.0,INDNE,INDNO,3.0
2025,1,17.0,INDSO,INDWE,-2.73
2026,1,17.0,INDEA,INDNE,-3.53
2026,1,17.0,INDNE,INDNO,3.0
2026,1,17.0,INDSO,INDWE,-3.08
2027,1,17.0,INDEA,INDNE,-3.53
2027,1,17.0,INDNE,INDNO,3.0
2027,1,17.0,INDSO,INDWE,-5.43
2028,1,17.0,INDEA,INDNE,-3.53
2028,1,17.0,INDNE,INDNO,3.0
2028,1,17.0,INDSO,INDWE,-8.49
2029,1,17.0,INDEA,INDNE,-3.53
2029,1,17.0,INDNE,INDNO,3.0
2029,1,17.0,INDSO,INDWE,-11.34
2030,1,17.0,INDEA,INDNE,-5.53
2030,1,17.0,INDEA,INDNO,0.63
2030,1,17.0,INDNE,INDNO,5.0
2030,1,17.0,INDSO,INDWE,-14.88
2031,1,17.0,INDEA,INDNE,-7.53
2031,1,17.0,INDNE,INDNO,7.0
2031,1,17.0,INDSO,INDWE,-4.75
2032,1,17.0,INDEA,INDNE,-9.53
2032,1,17.0,INDNE,INDNO,9.0
2032,1,17.0,INDSO,INDWE,-5.06
2033,1,17.0,INDEA,INDNE,-11.53
2033,1,17.0,INDNE,INDNO,11.0
2033,1,17.0,INDSO,INDWE,-5.35
2034,1,17.0,INDEA,INDNE,-13.53
2034,1,17.0,INDEA,INDSO,3.65
2034,1,17.0,INDNE,INDNO,13.0
2034,1,17.0,INDSO,INDWE,-1.89
2035,1,17.0,INDEA,INDNE,-15.53
2035,1,17.0,INDEA,INDSO,5.68
2035,1,17.0,INDEA,INDWE,0.34
2035,1,17.0,INDNE,INDNO,15.0
2036,1,17.0,INDEA,INDNE,-17.53
2036,1,17.0,INDEA,INDSO,5.79
2036,1,17.0,INDEA,INDWE,0.6
2036,1,17.0,INDNE,INDNO,17.0
2037,1,17.0,INDEA,INDNE,-19.53
2037,1,17.0,INDEA,INDSO,5.9
2037,1,17.0,INDEA,INDWE,0.87
2037,1,17.0,INDNE,INDNO,19.0
2038,1,17.0,INDEA,INDNE,-21.53
2038,1,17.0,INDEA,INDSO,6.0
2038,1,17.0,INDEA,INDWE,1.13
2038,1,17.0,INDNE,INDNO,21.0
2039,1,17.0,INDEA,INDNE,-23.53
2039,1,17.0,INDEA,INDSO,6.11
2039,1,17.0,INDEA,INDWE,1.39
2039,1,17.0,INDNE,INDNO,23.0
2040,1,17.0,INDEA,INDNE,-25.53
2040,1,17.0,INDEA,INDSO,6.22
2040,1,17.0,INDEA,INDWE,1.65
2040,1,17.0,INDNE,INDNO,25.0
2041,1,17.0,INDEA,INDNE,-27.52
2041,1,17.0,INDEA,INDSO,6.34
2041,1,17.0,INDEA,INDWE,1.94
2041,1,17.0,INDNE,INDNO,27.0
2042,1,17.0,INDEA,INDNE,-29.52
2042,1,17.0,INDEA,INDSO,6.46
2042,1,17.0,INDEA,INDWE,2.22
2042,1,17.0,INDNE,INDNO,28.99
2043,1,17.0,INDEA,INDNE,-31.52
2043,1,17.0,INDEA,INDSO,6.58
2043,1,17.0,INDEA,INDWE,2.5
2043,1,17.0,INDNE,INDNO,30.99
2044,1,17.0,INDEA,INDNE,-33.52
2044,1,17.0,INDEA,INDSO,6.65
2044,1,17.0,INDEA,INDWE,1.45
2044,1,17.0,INDNE,INDNO,32.99
2045,1,17.0,INDEA,INDNE,-35.52
2045,1,17.0,INDEA,INDSO,5.71
2045,1,17.0,INDNE,INDNO,34.99
2046,1,17.0,INDEA,INDNE,-37.52
2046,1,17.0,INDEA,INDSO,1.34
2046,1,17.0,INDNE,INDNO,36.99
2046,1,17.0,INDNO,INDWE,4.11
2047,1,17.0,INDEA,INDNE,-39.52
2047,1,17.0,INDEA,INDSO,0.65
2047,1,17.0,INDNE,INDNO,38.99
2047,1,17.0,INDNO,INDWE,0.31
2048,1,17.0,INDEA,INDNE,-41.52
2048,1,17.0,INDNE,INDNO,40.99
2049,1,17.0,INDEA,INDNE,-43.52
2049,1,17.0,INDNE,INDNO,42.99
2050,1,17.0,INDEA,INDNE,-45.52
2050,1,17.0,INDNE,INDNO,44.99
2021,1,18.0,INDEA,INDNE,2.79
2022,1,18.0,INDEA,INDNE,2.86
2022,1,18.0,INDNE,INDNO,-0.29
2023,1,18.0,INDEA,INDNE,2.85
2024,1,18.0,INDEA,INDNE,-3.53
2024,1,18.0,INDNE,INDNO,3.0
2025,1,18.0,INDEA,INDNE,-3.53
2025,1,18.0,INDNE,INDNO,3.0
2025,1,18.0,INDSO,INDWE,-2.73
2026,1,18.0,INDEA,INDNE,-3.53
2026,1,18.0,INDNE,INDNO,3.0
2026,1,18.0,INDSO,INDWE,-3.08
2027,1,18.0,INDEA,INDNE,-3.53
2027,1,18.0,INDNE,INDNO,3.0
2027,1,18.0,INDSO,INDWE,-5.43
2028,1,18.0,INDEA,INDNE,-3.53
2028,1,18.0,INDNE,INDNO,3.0
2028,1,18.0,INDSO,INDWE,-8.49
2029,1,18.0,INDEA,INDNE,-3.53
2029,1,18.0,INDNE,INDNO,3.0
2029,1,18.0,INDSO,INDWE,-11.34
2030,1,18.0,INDEA,INDNE,-5.53
2030,1,18.0,INDEA,INDNO,0.63
2030,1,18.0,INDNE,INDNO,5.0
2030,1,18.0,INDSO,INDWE,-14.88
2031,1,18.0,INDEA,INDNE,-7.53
2031,1,18.0,INDNE,INDNO,7.0
2031,1,18.0,INDSO,INDWE,-4.75
2032,1,18.0,INDEA,INDNE,-9.53
2032,1,18.0,INDNE,INDNO,9.0
2032,1,18.0,INDSO,INDWE,-5.06
2033,1,18.0,INDEA,INDNE,-11.53
2033,1,18.0,INDNE,INDNO,11.0
2033,1,18.0,INDSO,INDWE,-5.35
2034,1,18.0,INDEA,INDNE,-13.53
2034,1,18.0,INDEA,INDSO,3.65
2034,1,18.0,INDNE,INDNO,13.0
2034,1,18.0,INDSO,INDWE,-1.89
2035,1,18.0,INDEA,INDNE,-15.53
2035,1,18.0,INDEA,INDSO,5.68
2035,1,18.0,INDEA,INDWE,0.34
2035,1,18.0,INDNE,INDNO,15.0
2036,1,18.0,INDEA,INDNE,-17.53
2036,1,18.0,INDEA,INDSO,5.79
2036,1,18.0,INDEA,INDWE,0.6
2036,1,18.0,INDNE,INDNO,17.0
2037,1,18.0,INDEA,INDNE,-19.53
2037,1,18.0,INDEA,INDSO,5.9
2037,1,18.0,INDEA,INDWE,0.87
2037,1,18.0,INDNE,INDNO,19.0
2038,1,18.0,INDEA,INDNE,-21.53
2038,1,18.0,INDEA,INDSO,6.0
2038,1,18.0,INDEA,INDWE,1.13
2038,1,18.0,INDNE,INDNO,21.0
2039,1,18.0,INDEA,INDNE,-23.53
2039,1,18.0,INDEA,INDSO,6.11
2039,1,18.0,INDEA,INDWE,1.39
2039,1,18.0,INDNE,INDNO,23.0
2040,1,18.0,INDEA,INDNE,-25.53
2040,1,18.0,INDEA,INDSO,6.22
2040,1,18.0,INDEA,INDWE,1.65
2040,1,18.0,INDNE,INDNO,25.0
2041,1,18.0,INDEA,INDNE,-27.52
2041,1,18.0,INDEA,INDSO,6.34
2041,1,18.0,INDEA,INDWE,1.94
2041,1,18.0,INDNE,INDNO,27.0
2042,1,18.0,INDEA,INDNE,-29.52
2042,1,18.0,INDEA,INDSO,6.46
2042,1,18.0,INDEA,INDWE,2.22
2042,1,18.0,INDNE,INDNO,28.99
2043,1,18.0,INDEA,INDNE,-31.52
2043,1,18.0,INDEA,INDSO,6.58
2043,1,18.0,INDEA,INDWE,2.5
2043,1,18.0,INDNE,INDNO,30.99
2044,1,18.0,INDEA,INDNE,-33.52
2044,1,18.0,INDEA,INDSO,6.65
2044,1,18.0,INDEA,INDWE,1.45
2044,1,18.0,INDNE,INDNO,32.99
2045,1,18.0,INDEA,INDNE,-35.52
2045,1,18.0,INDEA,INDSO,5.71
2045,1,18.0,INDNE,INDNO,34.99
2046,1,18.0,INDEA,INDNE,-37.52
2046,1,18.0,INDEA,INDSO,1.34
2046,1,18.0,INDNE,INDNO,36.99
2046,1,18.0,INDNO,INDWE,4.11
2047,1,18.0,INDEA,INDNE,-39.52
2047,1,18.0,INDEA,INDSO,0.65
2047,1,18.0,INDNE,INDNO,38.99
2047,1,18.0,INDNO,INDWE,0.31
2048,1,18.0,INDEA,INDNE,-41.52
2048,1,18.0,INDNE,INDNO,40.99
2049,1,18.0,INDEA,INDNE,-43.52
2049,1,18.0,INDNE,INDNO,42.99
2050,1,18.0,INDEA,INDNE,-45.52
2050,1,18.0,INDNE,INDNO,44.99
2021,1,19.0,INDEA,INDNE,2.79
2022,1,19.0,INDEA,INDNE,2.86
2022,1,19.0,INDNE,INDNO,-0.29
2023,1,19.0,INDEA,INDNE,2.85
2024,1,19.0,INDEA,INDNE,-3.53
2024,1,19.0,INDNE,INDNO,3.0
2025,1,19.0,INDEA,INDNE,-3.53
2025,1,19.0,INDNE,INDNO,3.0
2025,1,19.0,INDSO,INDWE,-2.73
2026,1,19.0,INDEA,INDNE,-3.53
2026,1,19.0,INDNE,INDNO,3.0
2026,1,19.0,INDSO,INDWE,-3.08
2027,1,19.0,INDEA,INDNE,-3.53
2027,1,19.0,INDNE,INDNO,3.0
2027,1,19.0,INDSO,INDWE,-5.43
2028,1,19.0,INDEA,INDNE,-3.53
2028,1,19.0,INDNE,INDNO,3.0
2028,1,19.0,INDSO,INDWE,-8.49
2029,1,19.0,INDEA,INDNE,-3.53
2029,1,19.0,INDNE,INDNO,3.0
2029,1,19.0,INDSO,INDWE,-11.34
2030,1,19.0,INDEA,INDNE,-5.53
2030,1,19.0,INDEA,INDNO,0.63
2030,1,19.0,INDNE,INDNO,5.0
2030,1,19.0,INDSO,INDWE,-14.88
2031,1,19.0,INDEA,INDNE,-7.53
2031,1,19.0,INDNE,INDNO,7.0
2031,1,19.0,INDSO,INDWE,-4.75
2032,1,19.0,INDEA,INDNE,-9.53
2032,1,19.0,INDNE,INDNO,9.0
2032,1,19.0,INDSO,INDWE,-5.06
2033,1,19.0,INDEA,INDNE,-11.53
2033,1,19.0,INDNE,INDNO,11.0
2033,1,19.0,INDSO,INDWE,-5.35
2034,1,19.0,INDEA,INDNE,-13.53
2034,1,19.0,INDEA,INDSO,3.65
2034,1,19.0,INDNE,INDNO,13.0
2034,1,19.0,INDSO,INDWE,-1.89
2035,1,19.0,INDEA,INDNE,-15.53
2035,1,19.0,INDEA,INDSO,5.68
2035,1,19.0,INDEA,INDWE,0.34
2035,1,19.0,INDNE,INDNO,15.0
2036,1,19.0,INDEA,INDNE,-17.53
2036,1,19.0,INDEA,INDSO,5.79
2036,1,19.0,INDEA,INDWE,0.6
2036,1,19.0,INDNE,INDNO,17.0
2037,1,19.0,INDEA,INDNE,-19.53
2037,1,19.0,INDEA,INDSO,5.9
2037,1,19.0,INDEA,INDWE,0.87
2037,1,19.0,INDNE,INDNO,19.0
2038,1,19.0,INDEA,INDNE,-21.53
2038,1,19.0,INDEA,INDSO,6.0
2038,1,19.0,INDEA,INDWE,1.13
2038,1,19.0,INDNE,INDNO,21.0
2039,1,19.0,INDEA,INDNE,-23.53
2039,1,19.0,INDEA,INDSO,6.11
2039,1,19.0,INDEA,INDWE,1.39
2039,1,19.0,INDNE,INDNO,23.0
2040,1,19.0,INDEA,INDNE,-25.53
2040,1,19.0,INDEA,INDSO,6.22
2040,1,19.0,INDEA,INDWE,1.65
2040,1,19.0,INDNE,INDNO,25.0
2041,1,19.0,INDEA,INDNE,-27.52
2041,1,19.0,INDEA,INDSO,6.34
2041,1,19.0,INDEA,INDWE,1.94
2041,1,19.0,INDNE,INDNO,27.0
2042,1,19.0,INDEA,INDNE,-29.52
2042,1,19.0,INDEA,INDSO,6.46
2042,1,19.0,INDEA,INDWE,2.22
2042,1,19.0,INDNE,INDNO,28.99
2043,1,19.0,INDEA,INDNE,-31.52
2043,1,19.0,INDEA,INDSO,6.58
2043,1,19.0,INDEA,INDWE,2.5
2043,1,19.0,INDNE,INDNO,30.99
2044,1,19.0,INDEA,INDNE,-33.52
2044,1,19.0,INDEA,INDSO,6.65
2044,1,19.0,INDEA,INDWE,1.45
2044,1,19.0,INDNE,INDNO,32.99
2045,1,19.0,INDEA,INDNE,-35.52
2045,1,19.0,INDEA,INDSO,5.71
2045,1,19.0,INDNE,INDNO,34.99
2046,1,19.0,INDEA,INDNE,-37.52
2046,1,19.0,INDEA,INDSO,1.34
2046,1,19.0,INDNE,INDNO,36.99
2046,1,19.0,INDNO,INDWE,4.11
2047,1,19.0,INDEA,INDNE,-39.52
2047,1,19.0,INDEA,INDSO,0.65
2047,1,19.0,INDNE,INDNO,38.99
2047,1,19.0,INDNO,INDWE,0.31
2048,1,19.0,INDEA,INDNE,-41.52
2048,1,19.0,INDNE,INDNO,40.99
2049,1,19.0,INDEA,INDNE,-43.52
2049,1,19.0,INDNE,INDNO,42.99
2050,1,19.0,INDEA,INDNE,-45.52
2050,1,19.0,INDNE,INDNO,44.99
2021,1,20.0,INDEA,INDNE,2.79
2022,1,20.0,INDEA,INDNE,2.86
2022,1,20.0,INDNE,INDNO,-0.29
2023,1,20.0,INDEA,INDNE,2.85
2024,1,20.0,INDEA,INDNE,-3.53
2024,1,20.0,INDNE,INDNO,3.0
2025,1,20.0,INDEA,INDNE,-3.53
2025,1,20.0,INDNE,INDNO,3.0
2025,1,20.0,INDSO,INDWE,-2.73
2026,1,20.0,INDEA,INDNE,-3.53
2026,1,20.0,INDNE,INDNO,3.0
2026,1,20.0,INDSO,INDWE,-3.08
2027,1,20.0,INDEA,INDNE,-3.53
2027,1,20.0,INDNE,INDNO,3.0
2027,1,20.0,INDSO,INDWE,-5.43
2028,1,20.0,INDEA,INDNE,-3.53
2028,1,20.0,INDNE,INDNO,3.0
2028,1,20.0,INDSO,INDWE,-8.49
2029,1,20.0,INDEA,INDNE,-3.53
2029,1,20.0,INDNE,INDNO,3.0
2029,1,20.0,INDSO,INDWE,-11.34
2030,1,20.0,INDEA,INDNE,-5.53
2030,1,20.0,INDEA,INDNO,0.63
2030,1,20.0,INDNE,INDNO,5.0
2030,1,20.0,INDSO,INDWE,-14.88
2031,1,20.0,INDEA,INDNE,-7.53
2031,1,20.0,INDNE,INDNO,7.0
2031,1,20.0,INDSO,INDWE,-4.75
2032,1,20.0,INDEA,INDNE,-9.53
2032,1,20.0,INDNE,INDNO,9.0
2032,1,20.0,INDSO,INDWE,-5.06
2033,1,20.0,INDEA,INDNE,-11.53
2033,1,20.0,INDNE,INDNO,11.0
2033,1,20.0,INDSO,INDWE,-5.35
2034,1,20.0,INDEA,INDNE,-13.53
2034,1,20.0,INDEA,INDSO,3.65
2034,1,20.0,INDNE,INDNO,13.0
2034,1,20.0,INDSO,INDWE,-1.89
2035,1,20.0,INDEA,INDNE,-15.53
2035,1,20.0,INDEA,INDSO,5.68
2035,1,20.0,INDEA,INDWE,0.34
2035,1,20.0,INDNE,INDNO,15.0
2036,1,20.0,INDEA,INDNE,-17.53
2036,1,20.0,INDEA,INDSO,5.79
2036,1,20.0,INDEA,INDWE,0.6
2036,1,20.0,INDNE,INDNO,17.0
2037,1,20.0,INDEA,INDNE,-19.53
2037,1,20.0,INDEA,INDSO,5.9
2037,1,20.0,INDEA,INDWE,0.87
2037,1,20.0,INDNE,INDNO,19.0
2038,1,20.0,INDEA,INDNE,-21.53
2038,1,20.0,INDEA,INDSO,6.0
2038,1,20.0,INDEA,INDWE,1.13
2038,1,20.0,INDNE,INDNO,21.0
2039,1,20.0,INDEA,INDNE,-23.53
2039,1,20.0,INDEA,INDSO,6.11
2039,1,20.0,INDEA,INDWE,1.39
2039,1,20.0,INDNE,INDNO,23.0
2040,1,20.0,INDEA,INDNE,-25.53
2040,1,20.0,INDEA,INDSO,6.22
2040,1,20.0,INDEA,INDWE,1.65
2040,1,20.0,INDNE,INDNO,25.0
2041,1,20.0,INDEA,INDNE,-27.52
2041,1,20.0,INDEA,INDSO,6.34
2041,1,20.0,INDEA,INDWE,1.94
2041,1,20.0,INDNE,INDNO,27.0
2042,1,20.0,INDEA,INDNE,-29.52
2042,1,20.0,INDEA,INDSO,6.46
2042,1,20.0,INDEA,INDWE,2.22
2042,1,20.0,INDNE,INDNO,28.99
2043,1,20.0,INDEA,INDNE,-31.52
2043,1,20.0,INDEA,INDSO,6.58
2043,1,20.0,INDEA,INDWE,2.5
2043,1,20.0,INDNE,INDNO,30.99
2044,1,20.0,INDEA,INDNE,-33.52
2044,1,20.0,INDEA,INDSO,6.65
2044,1,20.0,INDEA,INDWE,1.45
2044,1,20.0,INDNE,INDNO,32.99
2045,1,20.0,INDEA,INDNE,-35.52
2045,1,20.0,INDEA,INDSO,5.71
2045,1,20.0,INDNE,INDNO,34.99
2046,1,20.0,INDEA,INDNE,-37.52
2046,1,20.0,INDEA,INDSO,1.34
2046,1,20.0,INDNE,INDNO,36.99
2046,1,20.0,INDNO,INDWE,4.11
2047,1,20.0,INDEA,INDNE,-39.52
2047,1,20.0,INDEA,INDSO,0.65
2047,1,20.0,INDNE,INDNO,38.99
2047,1,20.0,INDNO,INDWE,0.31
2048,1,20.0,INDEA,INDNE,-41.52
2048,1,20.0,INDNE,INDNO,40.99
2049,1,20.0,INDEA,INDNE,-43.52
2049,1,20.0,INDNE,INDNO,42.99
2050,1,20.0,INDEA,INDNE,-45.52
2050,1,20.0,INDNE,INDNO,44.99
2021,1,21.0,INDEA,INDNE,2.79
2022,1,21.0,INDEA,INDNE,2.86
2022,1,21.0,INDNE,INDNO,-0.29
2023,1,21.0,INDEA,INDNE,2.85
2024,1,21.0,INDEA,INDNE,-3.53
2024,1,21.0,INDNE,INDNO,3.0
2025,1,21.0,INDEA,INDNE,-3.53
2025,1,21.0,INDNE,INDNO,3.0
2025,1,21.0,INDSO,INDWE,-2.73
2026,1,21.0,INDEA,INDNE,-3.53
2026,1,21.0,INDNE,INDNO,3.0
2026,1,21.0,INDSO,INDWE,-3.08
2027,1,21.0,INDEA,INDNE,-3.53
2027,1,21.0,INDNE,INDNO,3.0
2027,1,21.0,INDSO,INDWE,-5.43
2028,1,21.0,INDEA,INDNE,-3.53
2028,1,21.0,INDNE,INDNO,3.0
2028,1,21.0,INDSO,INDWE,-8.49
2029,1,21.0,INDEA,INDNE,-3.53
2029,1,21.0,INDNE,INDNO,3.0
2029,1,21.0,INDSO,INDWE,-11.34
2030,1,21.0,INDEA,INDNE,-5.53
2030,1,21.0,INDEA,INDNO,0.63
2030,1,21.0,INDNE,INDNO,5.0
2030,1,21.0,INDSO,INDWE,-14.88
2031,1,21.0,INDEA,INDNE,-7.53
2031,1,21.0,INDNE,INDNO,7.0
2031,1,21.0,INDSO,INDWE,-4.75
2032,1,21.0,INDEA,INDNE,-9.53
2032,1,21.0,INDNE,INDNO,9.0
2032,1,21.0,INDSO,INDWE,-5.06
2033,1,21.0,INDEA,INDNE,-11.53
2033,1,21.0,INDNE,INDNO,11.0
2033,1,21.0,INDSO,INDWE,-5.35
2034,1,21.0,INDEA,INDNE,-13.53
2034,1,21.0,INDEA,INDSO,3.65
2034,1,21.0,INDNE,INDNO,13.0
2034,1,21.0,INDSO,INDWE,-1.89
2035,1,21.0,INDEA,INDNE,-15.53
2035,1,21.0,INDEA,INDSO,5.68
2035,1,21.0,INDEA,INDWE,0.34
2035,1,21.0,INDNE,INDNO,15.0
2036,1,21.0,INDEA,INDNE,-17.53
2036,1,21.0,INDEA,INDSO,5.79
2036,1,21.0,INDEA,INDWE,0.6
2036,1,21.0,INDNE,INDNO,17.0
2037,1,21.0,INDEA,INDNE,-19.53
2037,1,21.0,INDEA,INDSO,5.9
2037,1,21.0,INDEA,INDWE,0.87
2037,1,21.0,INDNE,INDNO,19.0
2038,1,21.0,INDEA,INDNE,-21.53
2038,1,21.0,INDEA,INDSO,6.0
2038,1,21.0,INDEA,INDWE,1.13
2038,1,21.0,INDNE,INDNO,21.0
2039,1,21.0,INDEA,INDNE,-23.53
2039,1,21.0,INDEA,INDSO,6.11
2039,1,21.0,INDEA,INDWE,1.39
2039,1,21.0,INDNE,INDNO,23.0
2040,1,21.0,INDEA,INDNE,-25.53
2040,1,21.0,INDEA,INDSO,6.22
2040,1,21.0,INDEA,INDWE,1.65
2040,1,21.0,INDNE,INDNO,25.0
2041,1,21.0,INDEA,INDNE,-27.52
2041,1,21.0,INDEA,INDSO,6.34
2041,1,21.0,INDEA,INDWE,1.94
2041,1,21.0,INDNE,INDNO,27.0
2042,1,21.0,INDEA,INDNE,-29.52
2042,1,21.0,INDEA,INDSO,6.46
2042,1,21.0,INDEA,INDWE,2.22
2042,1,21.0,INDNE,INDNO,28.99
2043,1,21.0,INDEA,INDNE,-31.52
2043,1,21.0,INDEA,INDSO,6.58
2043,1,21.0,INDEA,INDWE,2.5
2043,1,21.0,INDNE,INDNO,30.99
2044,1,21.0,INDEA,INDNE,-33.52
2044,1,21.0,INDEA,INDSO,6.65
2044,1,21.0,INDEA,INDWE,1.45
2044,1,21.0,INDNE,INDNO,32.99
2045,1,21.0,INDEA,INDNE,-35.52
2045,1,21.0,INDEA,INDSO,5.71
2045,1,21.0,INDNE,INDNO,34.99
2046,1,21.0,INDEA,INDNE,-37.52
2046,1,21.0,INDEA,INDSO,1.34
2046,1,21.0,INDNE,INDNO,36.99
2046,1,21.0,INDNO,INDWE,4.11
2047,1,21.0,INDEA,INDNE,-39.52
2047,1,21.0,INDEA,INDSO,0.65
2047,1,21.0,INDNE,INDNO,38.99
2047,1,21.0,INDNO,INDWE,0.31
2048,1,21.0,INDEA,INDNE,-41.52
2048,1,21.0,INDNE,INDNO,40.99
2049,1,21.0,INDEA,INDNE,-43.52
2049,1,21.0,INDNE,INDNO,42.99
2050,1,21.0,INDEA,INDNE,-45.52
2050,1,21.0,INDNE,INDNO,44.99
2021,1,22.0,INDEA,INDNE,2.79
2022,1,22.0,INDEA,INDNE,2.86
2022,1,22.0,INDNE,INDNO,-0.29
2023,1,22.0,INDEA,INDNE,2.85
2024,1,22.0,INDEA,INDNE,-3.53
2024,1,22.0,INDNE,INDNO,3.0
2025,1,22.0,INDEA,INDNE,-3.53
2025,1,22.0,INDNE,INDNO,3.0
2025,1,22.0,INDSO,INDWE,-2.73
2026,1,22.0,INDEA,INDNE,-3.53
2026,1,22.0,INDNE,INDNO,3.0
2026,1,22.0,INDSO,INDWE,-3.08
2027,1,22.0,INDEA,INDNE,-3.53
2027,1,22.0,INDNE,INDNO,3.0
2027,1,22.0,INDSO,INDWE,-5.43
2028,1,22.0,INDEA,INDNE,-3.53
2028,1,22.0,INDNE,INDNO,3.0
2028,1,22.0,INDSO,INDWE,-8.49
2029,1,22.0,INDEA,INDNE,-3.53
2029,1,22.0,INDNE,INDNO,3.0
2029,1,22.0,INDSO,INDWE,-11.34
2030,1,22.0,INDEA,INDNE,-5.53
2030,1,22.0,INDEA,INDNO,0.63
2030,1,22.0,INDNE,INDNO,5.0
2030,1,22.0,INDSO,INDWE,-14.88
2031,1,22.0,INDEA,INDNE,-7.53
2031,1,22.0,INDNE,INDNO,7.0
2031,1,22.0,INDSO,INDWE,-4.75
2032,1,22.0,INDEA,INDNE,-9.53
2032,1,22.0,INDNE,INDNO,9.0
2032,1,22.0,INDSO,INDWE,-5.06
2033,1,22.0,INDEA,INDNE,-11.53
2033,1,22.0,INDNE,INDNO,11.0
2033,1,22.0,INDSO,INDWE,-5.35
2034,1,22.0,INDEA,INDNE,-13.53
2034,1,22.0,INDEA,INDSO,3.65
2034,1,22.0,INDNE,INDNO,13.0
2034,1,22.0,INDSO,INDWE,-1.89
2035,1,22.0,INDEA,INDNE,-15.53
2035,1,22.0,INDEA,INDSO,5.68
2035,1,22.0,INDEA,INDWE,0.34
2035,1,22.0,INDNE,INDNO,15.0
2036,1,22.0,INDEA,INDNE,-17.53
2036,1,22.0,INDEA,INDSO,5.79
2036,1,22.0,INDEA,INDWE,0.6
2036,1,22.0,INDNE,INDNO,17.0
2037,1,22.0,INDEA,INDNE,-19.53
2037,1,22.0,INDEA,INDSO,5.9
2037,1,22.0,INDEA,INDWE,0.87
2037,1,22.0,INDNE,INDNO,19.0
2038,1,22.0,INDEA,INDNE,-21.53
2038,1,22.0,INDEA,INDSO,6.0
2038,1,22.0,INDEA,INDWE,1.13
2038,1,22.0,INDNE,INDNO,21.0
2039,1,22.0,INDEA,INDNE,-23.53
2039,1,22.0,INDEA,INDSO,6.11
2039,1,22.0,INDEA,INDWE,1.39
2039,1,22.0,INDNE,INDNO,23.0
2040,1,22.0,INDEA,INDNE,-25.53
2040,1,22.0,INDEA,INDSO,6.22
2040,1,22.0,INDEA,INDWE,1.65
2040,1,22.0,INDNE,INDNO,25.0
2041,1,22.0,INDEA,INDNE,-27.52
2041,1,22.0,INDEA,INDSO,6.34
2041,1,22.0,INDEA,INDWE,1.94
2041,1,22.0,INDNE,INDNO,27.0
2042,1,22.0,INDEA,INDNE,-29.52
2042,1,22.0,INDEA,INDSO,6.46
2042,1,22.0,INDEA,INDWE,2.22
2042,1,22.0,INDNE,INDNO,28.99
2043,1,22.0,INDEA,INDNE,-31.52
2043,1,22.0,INDEA,INDSO,6.58
2043,1,22.0,INDEA,INDWE,2.5
2043,1,22.0,INDNE,INDNO,30.99
2044,1,22.0,INDEA,INDNE,-33.52
2044,1,22.0,INDEA,INDSO,6.65
2044,1,22.0,INDEA,INDWE,1.45
2044,1,22.0,INDNE,INDNO,32.99
2045,1,22.0,INDEA,INDNE,-35.52
2045,1,22.0,INDEA,INDSO,5.71
2045,1,22.0,INDNE,INDNO,34.99
2046,1,22.0,INDEA,INDNE,-37.52
2046,1,22.0,INDEA,INDSO,1.34
2046,1,22.0,INDNE,INDNO,36.99
2046,1,22.0,INDNO,INDWE,4.11
2047,1,22.0,INDEA,INDNE,-39.52
2047,1,22.0,INDEA,INDSO,0.65
2047,1,22.0,INDNE,INDNO,38.99
2047,1,22.0,INDNO,INDWE,0.31
2048,1,22.0,INDEA,INDNE,-41.52
2048,1,22.0,INDNE,INDNO,40.99
2049,1,22.0,INDEA,INDNE,-43.52
2049,1,22.0,INDNE,INDNO,42.99
2050,1,22.0,INDEA,INDNE,-45.52
2050,1,22.0,INDNE,INDNO,44.99
2021,1,23.0,INDEA,INDNE,2.79
2022,1,23.0,INDEA,INDNE,2.86
2022,1,23.0,INDNE,INDNO,-0.29
2023,1,23.0,INDEA,INDNE,2.85
2024,1,23.0,INDEA,INDNE,-3.53
2024,1,23.0,INDNE,INDNO,3.0
2025,1,23.0,INDEA,INDNE,-3.53
2025,1,23.0,INDNE,INDNO,3.0
2025,1,23.0,INDSO,INDWE,-2.73
2026,1,23.0,INDEA,INDNE,-3.53
2026,1,23.0,INDNE,INDNO,3.0
2026,1,23.0,INDSO,INDWE,-3.08
2027,1,23.0,INDEA,INDNE,-3.53
2027,1,23.0,INDNE,INDNO,3.0
2027,1,23.0,INDSO,INDWE,-5.43
2028,1,23.0,INDEA,INDNE,-3.53
2028,1,23.0,INDNE,INDNO,3.0
2028,1,23.0,INDSO,INDWE,-8.49
2029,1,23.0,INDEA,INDNE,-3.53
2029,1,23.0,INDNE,INDNO,3.0
2029,1,23.0,INDSO,INDWE,-11.34
2030,1,23.0,INDEA,INDNE,-5.53
2030,1,23.0,INDEA,INDNO,0.63
2030,1,23.0,INDNE,INDNO,5.0
2030,1,23.0,INDSO,INDWE,-14.88
2031,1,23.0,INDEA,INDNE,-7.53
2031,1,23.0,INDNE,INDNO,7.0
2031,1,23.0,INDSO,INDWE,-4.75
2032,1,23.0,INDEA,INDNE,-9.53
2032,1,23.0,INDNE,INDNO,9.0
2032,1,23.0,INDSO,INDWE,-5.06
2033,1,23.0,INDEA,INDNE,-11.53
2033,1,23.0,INDNE,INDNO,11.0
2033,1,23.0,INDSO,INDWE,-5.35
2034,1,23.0,INDEA,INDNE,-13.53
2034,1,23.0,INDEA,INDSO,3.65
2034,1,23.0,INDNE,INDNO,13.0
2034,1,23.0,INDSO,INDWE,-1.89
2035,1,23.0,INDEA,INDNE,-15.53
2035,1,23.0,INDEA,INDSO,5.68
2035,1,23.0,INDEA,INDWE,0.34
2035,1,23.0,INDNE,INDNO,15.0
2036,1,23.0,INDEA,INDNE,-17.53
2036,1,23.0,INDEA,INDSO,5.79
2036,1,23.0,INDEA,INDWE,0.6
2036,1,23.0,INDNE,INDNO,17.0
2037,1,23.0,INDEA,INDNE,-19.53
2037,1,23.0,INDEA,INDSO,5.9
2037,1,23.0,INDEA,INDWE,0.87
2037,1,23.0,INDNE,INDNO,19.0
2038,1,23.0,INDEA,INDNE,-21.53
2038,1,23.0,INDEA,INDSO,6.0
2038,1,23.0,INDEA,INDWE,1.13
2038,1,23.0,INDNE,INDNO,21.0
2039,1,23.0,INDEA,INDNE,-23.53
2039,1,23.0,INDEA,INDSO,6.11
2039,1,23.0,INDEA,INDWE,1.39
2039,1,23.0,INDNE,INDNO,23.0
2040,1,23.0,INDEA,INDNE,-25.53
2040,1,23.0,INDEA,INDSO,6.22
2040,1,23.0,INDEA,INDWE,1.65
2040,1,23.0,INDNE,INDNO,25.0
2041,1,23.0,INDEA,INDNE,-27.52
2041,1,23.0,INDEA,INDSO,6.34
2041,1,23.0,INDEA,INDWE,1.94
2041,1,23.0,INDNE,INDNO,27.0
2042,1,23.0,INDEA,INDNE,-29.52
2042,1,23.0,INDEA,INDSO,6.46
2042,1,23.0,INDEA,INDWE,2.22
2042,1,23.0,INDNE,INDNO,28.99
2043,1,23.0,INDEA,INDNE,-31.52
2043,1,23.0,INDEA,INDSO,6.58
2043,1,23.0,INDEA,INDWE,2.5
2043,1,23.0,INDNE,INDNO,30.99
2044,1,23.0,INDEA,INDNE,-33.52
2044,1,23.0,INDEA,INDSO,6.65
2044,1,23.0,INDEA,INDWE,1.45
2044,1,23.0,INDNE,INDNO,32.99
2045,1,23.0,INDEA,INDNE,-35.52
2045,1,23.0,INDEA,INDSO,5.71
2045,1,23.0,INDNE,INDNO,34.99
2046,1,23.0,INDEA,INDNE,-37.52
2046,1,23.0,INDEA,INDSO,1.34
2046,1,23.0,INDNE,INDNO,36.99
2046,1,23.0,INDNO,INDWE,4.11
2047,1,23.0,INDEA,INDNE,-39.52
2047,1,23.0,INDEA,INDSO,0.65
2047,1,23.0,INDNE,INDNO,38.99
2047,1,23.0,INDNO,INDWE,0.31
2048,1,23.0,INDEA,INDNE,-41.52
2048,1,23.0,INDNE,INDNO,40.99
2049,1,23.0,INDEA,INDNE,-43.52
2049,1,23.0,INDNE,INDNO,42.99
2050,1,23.0,INDEA,INDNE,-45.52
2050,1,23.0,INDNE,INDNO,44.99
2021,1,24.0,INDEA,INDNE,2.79
2022,1,24.0,INDEA,INDNE,2.86
2022,1,24.0,INDNE,INDNO,-0.29
2023,1,24.0,INDEA,INDNE,2.85
2024,1,24.0,INDEA,INDNE,-3.53
2024,1,24.0,INDNE,INDNO,3.0
2025,1,24.0,INDEA,INDNE,-3.53
2025,1,24.0,INDNE,INDNO,3.0
2025,1,24.0,INDSO,INDWE,-2.73
2026,1,24.0,INDEA,INDNE,-3.53
2026,1,24.0,INDNE,INDNO,3.0
2026,1,24.0,INDSO,INDWE,-3.08
2027,1,24.0,INDEA,INDNE,-3.53
2027,1,24.0,INDNE,INDNO,3.0
2027,1,24.0,INDSO,INDWE,-5.43
2028,1,24.0,INDEA,INDNE,-3.53
2028,1,24.0,INDNE,INDNO,3.0
2028,1,24.0,INDSO,INDWE,-8.49
2029,1,24.0,INDEA,INDNE,-3.53
2029,1,24.0,INDNE,INDNO,3.0
2029,1,24.0,INDSO,INDWE,-11.34
2030,1,24.0,INDEA,INDNE,-5.53
2030,1,24.0,INDEA,INDNO,0.63
2030,1,24.0,INDNE,INDNO,5.0
2030,1,24.0,INDSO,INDWE,-14.88
2031,1,24.0,INDEA,INDNE,-7.53
2031,1,24.0,INDNE,INDNO,7.0
2031,1,24.0,INDSO,INDWE,-4.75
2032,1,24.0,INDEA,INDNE,-9.53
2032,1,24.0,INDNE,INDNO,9.0
2032,1,24.0,INDSO,INDWE,-5.06
2033,1,24.0,INDEA,INDNE,-11.53
2033,1,24.0,INDNE,INDNO,11.0
2033,1,24.0,INDSO,INDWE,-5.35
2034,1,24.0,INDEA,INDNE,-13.53
2034,1,24.0,INDEA,INDSO,3.65
2034,1,24.0,INDNE,INDNO,13.0
2034,1,24.0,INDSO,INDWE,-1.89
2035,1,24.0,INDEA,INDNE,-15.53
2035,1,24.0,INDEA,INDSO,5.68
2035,1,24.0,INDEA,INDWE,0.34
2035,1,24.0,INDNE,INDNO,15.0
2036,1,24.0,INDEA,INDNE,-17.53
2036,1,24.0,INDEA,INDSO,5.79
2036,1,24.0,INDEA,INDWE,0.6
2036,1,24.0,INDNE,INDNO,17.0
2037,1,24.0,INDEA,INDNE,-19.53
2037,1,24.0,INDEA,INDSO,5.9
2037,1,24.0,INDEA,INDWE,0.87
2037,1,24.0,INDNE,INDNO,19.0
2038,1,24.0,INDEA,INDNE,-21.53
2038,1,24.0,INDEA,INDSO,6.0
2038,1,24.0,INDEA,INDWE,1.13
2038,1,24.0,INDNE,INDNO,21.0
2039,1,24.0,INDEA,INDNE,-23.53
2039,1,24.0,INDEA,INDSO,6.11
2039,1,24.0,INDEA,INDWE,1.39
2039,1,24.0,INDNE,INDNO,23.0
2040,1,24.0,INDEA,INDNE,-25.53
2040,1,24.0,INDEA,INDSO,6.22
2040,1,24.0,INDEA,INDWE,1.65
2040,1,24.0,INDNE,INDNO,25.0
2041,1,24.0,INDEA,INDNE,-27.52
2041,1,24.0,INDEA,INDSO,6.34
2041,1,24.0,INDEA,INDWE,1.94
2041,1,24.0,INDNE,INDNO,27.0
2042,1,24.0,INDEA,INDNE,-29.52
2042,1,24.0,INDEA,INDSO,6.46
2042,1,24.0,INDEA,INDWE,2.22
2042,1,24.0,INDNE,INDNO,28.99
2043,1,24.0,INDEA,INDNE,-31.52
2043,1,24.0,INDEA,INDSO,6.58
2043,1,24.0,INDEA,INDWE,2.5
2043,1,24.0,INDNE,INDNO,30.99
2044,1,24.0,INDEA,INDNE,-33.52
2044,1,24.0,INDEA,INDSO,6.65
2044,1,24.0,INDEA,INDWE,1.45
2044,1,24.0,INDNE,INDNO,32.99
2045,1,24.0,INDEA,INDNE,-35.52
2045,1,24.0,INDEA,INDSO,5.71
2045,1,24.0,INDNE,INDNO,34.99
2046,1,24.0,INDEA,INDNE,-37.52
2046,1,24.0,INDEA,INDSO,1.34
2046,1,24.0,INDNE,INDNO,36.99
2046,1,24.0,INDNO,INDWE,4.11
2047,1,24.0,INDEA,INDNE,-39.52
2047,1,24.0,INDEA,INDSO,0.65
2047,1,24.0,INDNE,INDNO,38.99
2047,1,24.0,INDNO,INDWE,0.31
2048,1,24.0,INDEA,INDNE,-41.52
2048,1,24.0,INDNE,INDNO,40.99
2049,1,24.0,INDEA,INDNE,-43.52
2049,1,24.0,INDNE,INDNO,42.99
2050,1,24.0,INDEA,INDNE,-45.52
2050,1,24.0,INDNE,INDNO,44.99
2021,2,1.0,INDEA,INDNE,2.68
2022,2,1.0,INDEA,INDNE,2.86
2023,2,1.0,INDEA,INDNE,2.43
2024,2,1.0,INDEA,INDNE,-3.53
2024,2,1.0,INDNE,INDNO,3.0
2025,2,1.0,INDEA,INDNE,-3.53
2025,2,1.0,INDEA,INDNO,-4.54
2025,2,1.0,INDNE,INDNO,3.0
2025,2,1.0,INDNO,INDWE,12.63
2025,2,1.0,INDSO,INDWE,-15.66
2026,2,1.0,INDEA,INDNE,-3.53
2026,2,1.0,INDEA,INDNO,-5.34
2026,2,1.0,INDNE,INDNO,3.0
2026,2,1.0,INDNO,INDWE,9.96
2026,2,1.0,INDSO,INDWE,-12.83
2027,2,1.0,INDEA,INDNE,-3.53
2027,2,1.0,INDEA,INDNO,-6.34
2027,2,1.0,INDNE,INDNO,3.0
2027,2,1.0,INDNO,INDWE,6.96
2027,2,1.0,INDSO,INDWE,-7.91
2028,2,1.0,INDEA,INDNE,-3.53
2028,2,1.0,INDEA,INDNO,-8.19
2028,2,1.0,INDNE,INDNO,3.0
2028,2,1.0,INDNO,INDWE,4.24
2028,2,1.0,INDSO,INDWE,-3.48
2029,2,1.0,INDEA,INDNE,-3.53
2029,2,1.0,INDEA,INDNO,-9.21
2029,2,1.0,INDNE,INDNO,3.0
2029,2,1.0,INDNO,INDWE,0.77
2030,2,1.0,INDEA,INDNE,-5.53
2030,2,1.0,INDEA,INDNO,-8.16
2030,2,1.0,INDNE,INDNO,5.0
2030,2,1.0,INDNO,INDWE,2.19
2031,2,1.0,INDEA,INDNE,-7.53
2031,2,1.0,INDEA,INDNO,-5.83
2031,2,1.0,INDNE,INDNO,7.0
2032,2,1.0,INDEA,INDNE,-9.53
2032,2,1.0,INDEA,INDNO,-4.18
2032,2,1.0,INDNE,INDNO,9.0
2033,2,1.0,INDEA,INDNE,-11.53
2033,2,1.0,INDNE,INDNO,11.0
2034,2,1.0,INDEA,INDNE,-13.53
2034,2,1.0,INDNE,INDNO,13.0
2035,2,1.0,INDEA,INDNE,-15.53
2035,2,1.0,INDNE,INDNO,15.0
2036,2,1.0,INDEA,INDNE,-17.53
2036,2,1.0,INDNE,INDNO,17.0
2037,2,1.0,INDEA,INDNE,-19.53
2037,2,1.0,INDNE,INDNO,19.0
2038,2,1.0,INDEA,INDNE,-21.53
2038,2,1.0,INDNE,INDNO,21.0
2039,2,1.0,INDEA,INDNE,-23.53
2039,2,1.0,INDNE,INDNO,23.0
2040,2,1.0,INDEA,INDNE,-25.53
2040,2,1.0,INDNE,INDNO,25.0
2041,2,1.0,INDEA,INDNE,-27.52
2041,2,1.0,INDNE,INDNO,27.0
2042,2,1.0,INDEA,INDNE,-29.52
2042,2,1.0,INDNE,INDNO,28.99
2043,2,1.0,INDEA,INDNE,-31.52
2043,2,1.0,INDNE,INDNO,30.99
2044,2,1.0,INDEA,INDNE,-33.52
2044,2,1.0,INDNE,INDNO,32.99
2045,2,1.0,INDEA,INDNE,-35.52
2045,2,1.0,INDNE,INDNO,34.99
2045,2,1.0,INDSO,INDWE,-9.88
2046,2,1.0,INDEA,INDNE,-37.52
2046,2,1.0,INDNE,INDNO,30.39
2046,2,1.0,INDSO,INDWE,-16.42
2047,2,1.0,INDEA,INDNE,-39.52
2047,2,1.0,INDNE,INDNO,28.8
2047,2,1.0,INDSO,INDWE,-25.25
2048,2,1.0,INDEA,INDNE,-41.52
2048,2,1.0,INDEA,INDSO,1.18
2048,2,1.0,INDNE,INDNO,32.89
2048,2,1.0,INDSO,INDWE,-30.11
2049,2,1.0,INDEA,INDNE,-43.52
2049,2,1.0,INDEA,INDSO,7.83
2049,2,1.0,INDNE,INDNO,34.01
2049,2,1.0,INDSO,INDWE,-32.11
2050,2,1.0,INDEA,INDNE,-45.52
2050,2,1.0,INDEA,INDSO,7.94
2050,2,1.0,INDNE,INDNO,35.54
2050,2,1.0,INDSO,INDWE,-34.11
2021,2,2.0,INDEA,INDNE,2.68
2022,2,2.0,INDEA,INDNE,2.86
2023,2,2.0,INDEA,INDNE,2.43
2024,2,2.0,INDEA,INDNE,-3.53
2024,2,2.0,INDNE,INDNO,3.0
2025,2,2.0,INDEA,INDNE,-3.53
2025,2,2.0,INDEA,INDNO,-4.54
2025,2,2.0,INDNE,INDNO,3.0
2025,2,2.0,INDNO,INDWE,12.63
2025,2,2.0,INDSO,INDWE,-15.66
2026,2,2.0,INDEA,INDNE,-3.53
2026,2,2.0,INDEA,INDNO,-5.34
2026,2,2.0,INDNE,INDNO,3.0
2026,2,2.0,INDNO,INDWE,9.96
2026,2,2.0,INDSO,INDWE,-12.83
2027,2,2.0,INDEA,INDNE,-3.53
2027,2,2.0,INDEA,INDNO,-6.34
2027,2,2.0,INDNE,INDNO,3.0
2027,2,2.0,INDNO,INDWE,6.96
2027,2,2.0,INDSO,INDWE,-7.91
2028,2,2.0,INDEA,INDNE,-3.53
2028,2,2.0,INDEA,INDNO,-8.19
2028,2,2.0,INDNE,INDNO,3.0
2028,2,2.0,INDNO,INDWE,4.24
2028,2,2.0,INDSO,INDWE,-3.48
2029,2,2.0,INDEA,INDNE,-3.53
2029,2,2.0,INDEA,INDNO,-9.21
2029,2,2.0,INDNE,INDNO,3.0
2029,2,2.0,INDNO,INDWE,0.77
2030,2,2.0,INDEA,INDNE,-5.53
2030,2,2.0,INDEA,INDNO,-8.16
2030,2,2.0,INDNE,INDNO,5.0
2030,2,2.0,INDNO,INDWE,2.19
2031,2,2.0,INDEA,INDNE,-7.53
2031,2,2.0,INDEA,INDNO,-5.83
2031,2,2.0,INDNE,INDNO,7.0
2032,2,2.0,INDEA,INDNE,-9.53
2032,2,2.0,INDEA,INDNO,-4.18
2032,2,2.0,INDNE,INDNO,9.0
2033,2,2.0,INDEA,INDNE,-11.53
2033,2,2.0,INDNE,INDNO,11.0
2034,2,2.0,INDEA,INDNE,-13.53
2034,2,2.0,INDNE,INDNO,13.0
2035,2,2.0,INDEA,INDNE,-15.53
2035,2,2.0,INDNE,INDNO,15.0
2036,2,2.0,INDEA,INDNE,-17.53
2036,2,2.0,INDNE,INDNO,17.0
2037,2,2.0,INDEA,INDNE,-19.53
2037,2,2.0,INDNE,INDNO,19.0
2038,2,2.0,INDEA,INDNE,-21.53
2038,2,2.0,INDNE,INDNO,21.0
2039,2,2.0,INDEA,INDNE,-23.53
2039,2,2.0,INDNE,INDNO,23.0
2040,2,2.0,INDEA,INDNE,-25.53
2040,2,2.0,INDNE,INDNO,25.0
2041,2,2.0,INDEA,INDNE,-27.52
2041,2,2.0,INDNE,INDNO,27.0
2042,2,2.0,INDEA,INDNE,-29.52
2042,2,2.0,INDNE,INDNO,28.99
2043,2,2.0,INDEA,INDNE,-31.52
2043,2,2.0,INDNE,INDNO,30.99
2044,2,2.0,INDEA,INDNE,-33.52
2044,2,2.0,INDNE,INDNO,32.99
2045,2,2.0,INDEA,INDNE,-35.52
2045,2,2.0,INDNE,INDNO,34.99
2045,2,2.0,INDSO,INDWE,-9.88
2046,2,2.0,INDEA,INDNE,-37.52
2046,2,2.0,INDNE,INDNO,30.39
2046,2,2.0,INDSO,INDWE,-16.42
2047,2,2.0,INDEA,INDNE,-39.52
2047,2,2.0,INDNE,INDNO,28.8
2047,2,2.0,INDSO,INDWE,-25.25
2048,2,2.0,INDEA,INDNE,-41.52
2048,2,2.0,INDEA,INDSO,1.18
2048,2,2.0,INDNE,INDNO,32.89
2048,2,2.0,INDSO,INDWE,-30.11
2049,2,2.0,INDEA,INDNE,-43.52
2049,2,2.0,INDEA,INDSO,7.83
2049,2,2.0,INDNE,INDNO,34.01
2049,2,2.0,INDSO,INDWE,-32.11
2050,2,2.0,INDEA,INDNE,-45.52
2050,2,2.0,INDEA,INDSO,7.94
2050,2,2.0,INDNE,INDNO,35.54
2050,2,2.0,INDSO,INDWE,-34.11
2021,2,3.0,INDEA,INDNE,2.68
2022,2,3.0,INDEA,INDNE,2.86
2023,2,3.0,INDEA,INDNE,2.43
2024,2,3.0,INDEA,INDNE,-3.53
2024,2,3.0,INDNE,INDNO,3.0
2025,2,3.0,INDEA,INDNE,-3.53
2025,2,3.0,INDEA,INDNO,-4.54
2025,2,3.0,INDNE,INDNO,3.0
2025,2,3.0,INDNO,INDWE,12.63
2025,2,3.0,INDSO,INDWE,-15.66
2026,2,3.0,INDEA,INDNE,-3.53
2026,2,3.0,INDEA,INDNO,-5.34
2026,2,3.0,INDNE,INDNO,3.0
2026,2,3.0,INDNO,INDWE,9.96
2026,2,3.0,INDSO,INDWE,-12.83
2027,2,3.0,INDEA,INDNE,-3.53
2027,2,3.0,INDEA,INDNO,-6.34
2027,2,3.0,INDNE,INDNO,3.0
2027,2,3.0,INDNO,INDWE,6.96
2027,2,3.0,INDSO,INDWE,-7.91
2028,2,3.0,INDEA,INDNE,-3.53
2028,2,3.0,INDEA,INDNO,-8.19
2028,2,3.0,INDNE,INDNO,3.0
2028,2,3.0,INDNO,INDWE,4.24
2028,2,3.0,INDSO,INDWE,-3.48
2029,2,3.0,INDEA,INDNE,-3.53
2029,2,3.0,INDEA,INDNO,-9.21
2029,2,3.0,INDNE,INDNO,3.0
2029,2,3.0,INDNO,INDWE,0.77
2030,2,3.0,INDEA,INDNE,-5.53
2030,2,3.0,INDEA,INDNO,-8.16
2030,2,3.0,INDNE,INDNO,5.0
2030,2,3.0,INDNO,INDWE,2.19
2031,2,3.0,INDEA,INDNE,-7.53
2031,2,3.0,INDEA,INDNO,-5.83
2031,2,3.0,INDNE,INDNO,7.0
2032,2,3.0,INDEA,INDNE,-9.53
2032,2,3.0,INDEA,INDNO,-4.18
2032,2,3.0,INDNE,INDNO,9.0
2033,2,3.0,INDEA,INDNE,-11.53
2033,2,3.0,INDNE,INDNO,11.0
2034,2,3.0,INDEA,INDNE,-13.53
2034,2,3.0,INDNE,INDNO,13.0
2035,2,3.0,INDEA,INDNE,-15.53
2035,2,3.0,INDNE,INDNO,15.0
2036,2,3.0,INDEA,INDNE,-17.53
2036,2,3.0,INDNE,INDNO,17.0
2037,2,3.0,INDEA,INDNE,-19.53
2037,2,3.0,INDNE,INDNO,19.0
2038,2,3.0,INDEA,INDNE,-21.53
2038,2,3.0,INDNE,INDNO,21.0
2039,2,3.0,INDEA,INDNE,-23.53
2039,2,3.0,INDNE,INDNO,23.0
2040,2,3.0,INDEA,INDNE,-25.53
2040,2,3.0,INDNE,INDNO,25.0
2041,2,3.0,INDEA,INDNE,-27.52
2041,2,3.0,INDNE,INDNO,27.0
2042,2,3.0,INDEA,INDNE,-29.52
2042,2,3.0,INDNE,INDNO,28.99
2043,2,3.0,INDEA,INDNE,-31.52
2043,2,3.0,INDNE,INDNO,30.99
2044,2,3.0,INDEA,INDNE,-33.52
2044,2,3.0,INDNE,INDNO,32.99
2045,2,3.0,INDEA,INDNE,-35.52
2045,2,3.0,INDNE,INDNO,34.99
2045,2,3.0,INDSO,INDWE,-9.88
2046,2,3.0,INDEA,INDNE,-37.52
2046,2,3.0,INDNE,INDNO,30.39
2046,2,3.0,INDSO,INDWE,-16.42
2047,2,3.0,INDEA,INDNE,-39.52
2047,2,3.0,INDNE,INDNO,28.8
2047,2,3.0,INDSO,INDWE,-25.25
2048,2,3.0,INDEA,INDNE,-41.52
2048,2,3.0,INDEA,INDSO,1.18
2048,2,3.0,INDNE,INDNO,32.89
2048,2,3.0,INDSO,INDWE,-30.11
2049,2,3.0,INDEA,INDNE,-43.52
2049,2,3.0,INDEA,INDSO,7.83
2049,2,3.0,INDNE,INDNO,34.01
2049,2,3.0,INDSO,INDWE,-32.11
2050,2,3.0,INDEA,INDNE,-45.52
2050,2,3.0,INDEA,INDSO,7.94
2050,2,3.0,INDNE,INDNO,35.54
2050,2,3.0,INDSO,INDWE,-34.11
2021,2,4.0,INDEA,INDNE,2.68
2022,2,4.0,INDEA,INDNE,2.86
2023,2,4.0,INDEA,INDNE,2.43
2024,2,4.0,INDEA,INDNE,-3.53
2024,2,4.0,INDNE,INDNO,3.0
2025,2,4.0,INDEA,INDNE,-3.53
2025,2,4.0,INDEA,INDNO,-4.54
2025,2,4.0,INDNE,INDNO,3.0
2025,2,4.0,INDNO,INDWE,12.63
2025,2,4.0,INDSO,INDWE,-15.66
2026,2,4.0,INDEA,INDNE,-3.53
2026,2,4.0,INDEA,INDNO,-5.34
2026,2,4.0,INDNE,INDNO,3.0
2026,2,4.0,INDNO,INDWE,9.96
2026,2,4.0,INDSO,INDWE,-12.83
2027,2,4.0,INDEA,INDNE,-3.53
2027,2,4.0,INDEA,INDNO,-6.34
2027,2,4.0,INDNE,INDNO,3.0
2027,2,4.0,INDNO,INDWE,6.96
2027,2,4.0,INDSO,INDWE,-7.91
2028,2,4.0,INDEA,INDNE,-3.53
2028,2,4.0,INDEA,INDNO,-8.19
2028,2,4.0,INDNE,INDNO,3.0
2028,2,4.0,INDNO,INDWE,4.24
2028,2,4.0,INDSO,INDWE,-3.48
2029,2,4.0,INDEA,INDNE,-3.53
2029,2,4.0,INDEA,INDNO,-9.21
2029,2,4.0,INDNE,INDNO,3.0
2029,2,4.0,INDNO,INDWE,0.77
2030,2,4.0,INDEA,INDNE,-5.53
2030,2,4.0,INDEA,INDNO,-8.16
2030,2,4.0,INDNE,INDNO,5.0
2030,2,4.0,INDNO,INDWE,2.19
2031,2,4.0,INDEA,INDNE,-7.53
2031,2,4.0,INDEA,INDNO,-5.83
2031,2,4.0,INDNE,INDNO,7.0
2032,2,4.0,INDEA,INDNE,-9.53
2032,2,4.0,INDEA,INDNO,-4.18
2032,2,4.0,INDNE,INDNO,9.0
2033,2,4.0,INDEA,INDNE,-11.53
2033,2,4.0,INDNE,INDNO,11.0
2034,2,4.0,INDEA,INDNE,-13.53
2034,2,4.0,INDNE,INDNO,13.0
2035,2,4.0,INDEA,INDNE,-15.53
2035,2,4.0,INDNE,INDNO,15.0
2036,2,4.0,INDEA,INDNE,-17.53
2036,2,4.0,INDNE,INDNO,17.0
2037,2,4.0,INDEA,INDNE,-19.53
2037,2,4.0,INDNE,INDNO,19.0
2038,2,4.0,INDEA,INDNE,-21.53
2038,2,4.0,INDNE,INDNO,21.0
2039,2,4.0,INDEA,INDNE,-23.53
2039,2,4.0,INDNE,INDNO,23.0
2040,2,4.0,INDEA,INDNE,-25.53
2040,2,4.0,INDNE,INDNO,25.0
2041,2,4.0,INDEA,INDNE,-27.52
2041,2,4.0,INDNE,INDNO,27.0
2042,2,4.0,INDEA,INDNE,-29.52
2042,2,4.0,INDNE,INDNO,28.99
2043,2,4.0,INDEA,INDNE,-31.52
2043,2,4.0,INDNE,INDNO,30.99
2044,2,4.0,INDEA,INDNE,-33.52
2044,2,4.0,INDNE,INDNO,32.99
2045,2,4.0,INDEA,INDNE,-35.52
2045,2,4.0,INDNE,INDNO,34.99
2045,2,4.0,INDSO,INDWE,-9.88
2046,2,4.0,INDEA,INDNE,-37.52
2046,2,4.0,INDNE,INDNO,30.39
2046,2,4.0,INDSO,INDWE,-16.42
2047,2,4.0,INDEA,INDNE,-39.52
2047,2,4.0,INDNE,INDNO,28.8
2047,2,4.0,INDSO,INDWE,-25.25
2048,2,4.0,INDEA,INDNE,-41.52
2048,2,4.0,INDEA,INDSO,1.18
2048,2,4.0,INDNE,INDNO,32.89
2048,2,4.0,INDSO,INDWE,-30.11
2049,2,4.0,INDEA,INDNE,-43.52
2049,2,4.0,INDEA,INDSO,7.83
2049,2,4.0,INDNE,INDNO,34.01
2049,2,4.0,INDSO,INDWE,-32.11
2050,2,4.0,INDEA,INDNE,-45.52
2050,2,4.0,INDEA,INDSO,7.94
2050,2,4.0,INDNE,INDNO,35.54
2050,2,4.0,INDSO,INDWE,-34.11
2021,2,5.0,INDEA,INDNE,2.68
2022,2,5.0,INDEA,INDNE,2.86
2023,2,5.0,INDEA,INDNE,2.43
2024,2,5.0,INDEA,INDNE,-3.53
2024,2,5.0,INDNE,INDNO,3.0
2025,2,5.0,INDEA,INDNE,-3.53
2025,2,5.0,INDEA,INDNO,-4.54
2025,2,5.0,INDNE,INDNO,3.0
2025,2,5.0,INDNO,INDWE,12.63
2025,2,5.0,INDSO,INDWE,-15.66
2026,2,5.0,INDEA,INDNE,-3.53
2026,2,5.0,INDEA,INDNO,-5.34
2026,2,5.0,INDNE,INDNO,3.0
2026,2,5.0,INDNO,INDWE,9.96
2026,2,5.0,INDSO,INDWE,-12.83
2027,2,5.0,INDEA,INDNE,-3.53
2027,2,5.0,INDEA,INDNO,-6.34
2027,2,5.0,INDNE,INDNO,3.0
2027,2,5.0,INDNO,INDWE,6.96
2027,2,5.0,INDSO,INDWE,-7.91
2028,2,5.0,INDEA,INDNE,-3.53
2028,2,5.0,INDEA,INDNO,-8.19
2028,2,5.0,INDNE,INDNO,3.0
2028,2,5.0,INDNO,INDWE,4.24
2028,2,5.0,INDSO,INDWE,-3.48
2029,2,5.0,INDEA,INDNE,-3.53
2029,2,5.0,INDEA,INDNO,-9.21
2029,2,5.0,INDNE,INDNO,3.0
2029,2,5.0,INDNO,INDWE,0.77
2030,2,5.0,INDEA,INDNE,-5.53
2030,2,5.0,INDEA,INDNO,-8.16
2030,2,5.0,INDNE,INDNO,5.0
2030,2,5.0,INDNO,INDWE,2.19
2031,2,5.0,INDEA,INDNE,-7.53
2031,2,5.0,INDEA,INDNO,-5.83
2031,2,5.0,INDNE,INDNO,7.0
2032,2,5.0,INDEA,INDNE,-9.53
2032,2,5.0,INDEA,INDNO,-4.18
2032,2,5.0,INDNE,INDNO,9.0
2033,2,5.0,INDEA,INDNE,-11.53
2033,2,5.0,INDNE,INDNO,11.0
2034,2,5.0,INDEA,INDNE,-13.53
2034,2,5.0,INDNE,INDNO,13.0
2035,2,5.0,INDEA,INDNE,-15.53
2035,2,5.0,INDNE,INDNO,15.0
2036,2,5.0,INDEA,INDNE,-17.53
2036,2,5.0,INDNE,INDNO,17.0
2037,2,5.0,INDEA,INDNE,-19.53
2037,2,5.0,INDNE,INDNO,19.0
2038,2,5.0,INDEA,INDNE,-21.53
2038,2,5.0,INDNE,INDNO,21.0
2039,2,5.0,INDEA,INDNE,-23.53
2039,2,5.0,INDNE,INDNO,23.0
2040,2,5.0,INDEA,INDNE,-25.53
2040,2,5.0,INDNE,INDNO,25.0
2041,2,5.0,INDEA,INDNE,-27.52
2041,2,5.0,INDNE,INDNO,27.0
2042,2,5.0,INDEA,INDNE,-29.52
2042,2,5.0,INDNE,INDNO,28.99
2043,2,5.0,INDEA,INDNE,-31.52
2043,2,5.0,INDNE,INDNO,30.99
2044,2,5.0,INDEA,INDNE,-33.52
2044,2,5.0,INDNE,INDNO,32.99
2045,2,5.0,INDEA,INDNE,-35.52
2045,2,5.0,INDNE,INDNO,34.99
2045,2,5.0,INDSO,INDWE,-9.88
2046,2,5.0,INDEA,INDNE,-37.52
2046,2,5.0,INDNE,INDNO,30.39
2046,2,5.0,INDSO,INDWE,-16.42
2047,2,5.0,INDEA,INDNE,-39.52
2047,2,5.0,INDNE,INDNO,28.8
2047,2,5.0,INDSO,INDWE,-25.25
2048,2,5.0,INDEA,INDNE,-41.52
2048,2,5.0,INDEA,INDSO,1.18
2048,2,5.0,INDNE,INDNO,32.89
2048,2,5.0,INDSO,INDWE,-30.11
2049,2,5.0,INDEA,INDNE,-43.52
2049,2,5.0,INDEA,INDSO,7.83
2049,2,5.0,INDNE,INDNO,34.01
2049,2,5.0,INDSO,INDWE,-32.11
2050,2,5.0,INDEA,INDNE,-45.52
2050,2,5.0,INDEA,INDSO,7.94
2050,2,5.0,INDNE,INDNO,35.54
2050,2,5.0,INDSO,INDWE,-34.11
2021,2,6.0,INDEA,INDNE,2.68
2022,2,6.0,INDEA,INDNE,2.86
2023,2,6.0,INDEA,INDNE,2.43
2024,2,6.0,INDEA,INDNE,-3.53
2024,2,6.0,INDNE,INDNO,3.0
2025,2,6.0,INDEA,INDNE,-3.53
2025,2,6.0,INDEA,INDNO,-4.54
2025,2,6.0,INDNE,INDNO,3.0
2025,2,6.0,INDNO,INDWE,12.63
2025,2,6.0,INDSO,INDWE,-15.66
2026,2,6.0,INDEA,INDNE,-3.53
2026,2,6.0,INDEA,INDNO,-5.34
2026,2,6.0,INDNE,INDNO,3.0
2026,2,6.0,INDNO,INDWE,9.96
2026,2,6.0,INDSO,INDWE,-12.83
2027,2,6.0,INDEA,INDNE,-3.53
2027,2,6.0,INDEA,INDNO,-6.34
2027,2,6.0,INDNE,INDNO,3.0
2027,2,6.0,INDNO,INDWE,6.96
2027,2,6.0,INDSO,INDWE,-7.91
2028,2,6.0,INDEA,INDNE,-3.53
2028,2,6.0,INDEA,INDNO,-8.19
2028,2,6.0,INDNE,INDNO,3.0
2028,2,6.0,INDNO,INDWE,4.24
2028,2,6.0,INDSO,INDWE,-3.48
2029,2,6.0,INDEA,INDNE,-3.53
2029,2,6.0,INDEA,INDNO,-9.21
2029,2,6.0,INDNE,INDNO,3.0
2029,2,6.0,INDNO,INDWE,0.77
2030,2,6.0,INDEA,INDNE,-5.53
2030,2,6.0,INDEA,INDNO,-8.16
2030,2,6.0,INDNE,INDNO,5.0
2030,2,6.0,INDNO,INDWE,2.19
2031,2,6.0,INDEA,INDNE,-7.53
2031,2,6.0,INDEA,INDNO,-5.83
2031,2,6.0,INDNE,INDNO,7.0
2032,2,6.0,INDEA,INDNE,-9.53
2032,2,6.0,INDEA,INDNO,-4.18
2032,2,6.0,INDNE,INDNO,9.0
2033,2,6.0,INDEA,INDNE,-11.53
2033,2,6.0,INDNE,INDNO,11.0
2034,2,6.0,INDEA,INDNE,-13.53
2034,2,6.0,INDNE,INDNO,13.0
2035,2,6.0,INDEA,INDNE,-15.53
2035,2,6.0,INDNE,INDNO,15.0
2036,2,6.0,INDEA,INDNE,-17.53
2036,2,6.0,INDNE,INDNO,17.0
2037,2,6.0,INDEA,INDNE,-19.53
2037,2,6.0,INDNE,INDNO,19.0
2038,2,6.0,INDEA,INDNE,-21.53
2038,2,6.0,INDNE,INDNO,21.0
2039,2,6.0,INDEA,INDNE,-23.53
2039,2,6.0,INDNE,INDNO,23.0
2040,2,6.0,INDEA,INDNE,-25.53
2040,2,6.0,INDNE,INDNO,25.0
2041,2,6.0,INDEA,INDNE,-27.52
2041,2,6.0,INDNE,INDNO,27.0
2042,2,6.0,INDEA,INDNE,-29.52
2042,2,6.0,INDNE,INDNO,28.99
2043,2,6.0,INDEA,INDNE,-31.52
2043,2,6.0,INDNE,INDNO,30.99
2044,2,6.0,INDEA,INDNE,-33.52
2044,2,6.0,INDNE,INDNO,32.99
2045,2,6.0,INDEA,INDNE,-35.52
2045,2,6.0,INDNE,INDNO,34.99
2045,2,6.0,INDSO,INDWE,-9.88
2046,2,6.0,INDEA,INDNE,-37.52
2046,2,6.0,INDNE,INDNO,30.39
2046,2,6.0,INDSO,INDWE,-16.42
2047,2,6.0,INDEA,INDNE,-39.52
2047,2,6.0,INDNE,INDNO,28.8
2047,2,6.0,INDSO,INDWE,-25.25
2048,2,6.0,INDEA,INDNE,-41.52
2048,2,6.0,INDEA,INDSO,1.18
2048,2,6.0,INDNE,INDNO,32.89
2048,2,6.0,INDSO,INDWE,-30.11
2049,2,6.0,INDEA,INDNE,-43.52
2049,2,6.0,INDEA,INDSO,7.83
2049,2,6.0,INDNE,INDNO,34.01
2049,2,6.0,INDSO,INDWE,-32.11
2050,2,6.0,INDEA,INDNE,-45.52
2050,2,6.0,INDEA,INDSO,7.94
2050,2,6.0,INDNE,INDNO,35.54
2050,2,6.0,INDSO,INDWE,-34.11
2021,2,7.0,INDEA,INDNE,2.68
2022,2,7.0,INDEA,INDNE,2.86
2023,2,7.0,INDEA,INDNE,2.43
2024,2,7.0,INDEA,INDNE,-3.53
2024,2,7.0,INDNE,INDNO,3.0
2025,2,7.0,INDEA,INDNE,-3.53
2025,2,7.0,INDEA,INDNO,-4.54
2025,2,7.0,INDNE,INDNO,3.0
2025,2,7.0,INDNO,INDWE,12.63
2025,2,7.0,INDSO,INDWE,-15.66
2026,2,7.0,INDEA,INDNE,-3.53
2026,2,7.0,INDEA,INDNO,-5.34
2026,2,7.0,INDNE,INDNO,3.0
2026,2,7.0,INDNO,INDWE,9.96
2026,2,7.0,INDSO,INDWE,-12.83
2027,2,7.0,INDEA,INDNE,-3.53
2027,2,7.0,INDEA,INDNO,-6.34
2027,2,7.0,INDNE,INDNO,3.0
2027,2,7.0,INDNO,INDWE,6.96
2027,2,7.0,INDSO,INDWE,-7.91
2028,2,7.0,INDEA,INDNE,-3.53
2028,2,7.0,INDEA,INDNO,-8.19
2028,2,7.0,INDNE,INDNO,3.0
2028,2,7.0,INDNO,INDWE,4.24
2028,2,7.0,INDSO,INDWE,-3.48
2029,2,7.0,INDEA,INDNE,-3.53
2029,2,7.0,INDEA,INDNO,-9.21
2029,2,7.0,INDNE,INDNO,3.0
2029,2,7.0,INDNO,INDWE,0.77
2030,2,7.0,INDEA,INDNE,-5.53
2030,2,7.0,INDEA,INDNO,-8.16
2030,2,7.0,INDNE,INDNO,5.0
2030,2,7.0,INDNO,INDWE,2.19
2031,2,7.0,INDEA,INDNE,-7.53
2031,2,7.0,INDEA,INDNO,-5.83
2031,2,7.0,INDNE,INDNO,7.0
2032,2,7.0,INDEA,INDNE,-9.53
2032,2,7.0,INDEA,INDNO,-4.18
2032,2,7.0,INDNE,INDNO,9.0
2033,2,7.0,INDEA,INDNE,-11.53
2033,2,7.0,INDNE,INDNO,11.0
2034,2,7.0,INDEA,INDNE,-13.53
2034,2,7.0,INDNE,INDNO,13.0
2035,2,7.0,INDEA,INDNE,-15.53
2035,2,7.0,INDNE,INDNO,15.0
2036,2,7.0,INDEA,INDNE,-17.53
2036,2,7.0,INDNE,INDNO,17.0
2037,2,7.0,INDEA,INDNE,-19.53
2037,2,7.0,INDNE,INDNO,19.0
2038,2,7.0,INDEA,INDNE,-21.53
2038,2,7.0,INDNE,INDNO,21.0
2039,2,7.0,INDEA,INDNE,-23.53
2039,2,7.0,INDNE,INDNO,23.0
2040,2,7.0,INDEA,INDNE,-25.53
2040,2,7.0,INDNE,INDNO,25.0
2041,2,7.0,INDEA,INDNE,-27.52
2041,2,7.0,INDNE,INDNO,27.0
2042,2,7.0,INDEA,INDNE,-29.52
2042,2,7.0,INDNE,INDNO,28.99
2043,2,7.0,INDEA,INDNE,-31.52
2043,2,7.0,INDNE,INDNO,30.99
2044,2,7.0,INDEA,INDNE,-33.52
2044,2,7.0,INDNE,INDNO,32.99
2045,2,7.0,INDEA,INDNE,-35.52
2045,2,7.0,INDNE,INDNO,34.99
2045,2,7.0,INDSO,INDWE,-9.88
2046,2,7.0,INDEA,INDNE,-37.52
2046,2,7.0,INDNE,INDNO,30.39
2046,2,7.0,INDSO,INDWE,-16.42
2047,2,7.0,INDEA,INDNE,-39.52
2047,2,7.0,INDNE,INDNO,28.8
2047,2,7.0,INDSO,INDWE,-25.25
2048,2,7.0,INDEA,INDNE,-41.52
2048,2,7.0,INDEA,INDSO,1.18
2048,2,7.0,INDNE,INDNO,32.89
2048,2,7.0,INDSO,INDWE,-30.11
2049,2,7.0,INDEA,INDNE,-43.52
2049,2,7.0,INDEA,INDSO,7.83
2049,2,7.0,INDNE,INDNO,34.01
2049,2,7.0,INDSO,INDWE,-32.11
2050,2,7.0,INDEA,INDNE,-45.52
2050,2,7.0,INDEA,INDSO,7.94
2050,2,7.0,INDNE,INDNO,35.54
2050,2,7.0,INDSO,INDWE,-34.11
2021,2,8.0,INDEA,INDNE,2.68
2022,2,8.0,INDEA,INDNE,2.86
2023,2,8.0,INDEA,INDNE,2.43
2024,2,8.0,INDEA,INDNE,-3.53
2024,2,8.0,INDNE,INDNO,3.0
2025,2,8.0,INDEA,INDNE,-3.53
2025,2,8.0,INDEA,INDNO,-4.54
2025,2,8.0,INDNE,INDNO,3.0
2025,2,8.0,INDNO,INDWE,12.63
2025,2,8.0,INDSO,INDWE,-15.66
2026,2,8.0,INDEA,INDNE,-3.53
2026,2,8.0,INDEA,INDNO,-5.34
2026,2,8.0,INDNE,INDNO,3.0
2026,2,8.0,INDNO,INDWE,9.96
2026,2,8.0,INDSO,INDWE,-12.83
2027,2,8.0,INDEA,INDNE,-3.53
2027,2,8.0,INDEA,INDNO,-6.34
2027,2,8.0,INDNE,INDNO,3.0
2027,2,8.0,INDNO,INDWE,6.96
2027,2,8.0,INDSO,INDWE,-7.91
2028,2,8.0,INDEA,INDNE,-3.53
2028,2,8.0,INDEA,INDNO,-8.19
2028,2,8.0,INDNE,INDNO,3.0
2028,2,8.0,INDNO,INDWE,4.24
2028,2,8.0,INDSO,INDWE,-3.48
2029,2,8.0,INDEA,INDNE,-3.53
2029,2,8.0,INDEA,INDNO,-9.21
2029,2,8.0,INDNE,INDNO,3.0
2029,2,8.0,INDNO,INDWE,0.77
2030,2,8.0,INDEA,INDNE,-5.53
2030,2,8.0,INDEA,INDNO,-8.16
2030,2,8.0,INDNE,INDNO,5.0
2030,2,8.0,INDNO,INDWE,2.19
2031,2,8.0,INDEA,INDNE,-7.53
2031,2,8.0,INDEA,INDNO,-5.83
2031,2,8.0,INDNE,INDNO,7.0
2032,2,8.0,INDEA,INDNE,-9.53
2032,2,8.0,INDEA,INDNO,-4.18
2032,2,8.0,INDNE,INDNO,9.0
2033,2,8.0,INDEA,INDNE,-11.53
2033,2,8.0,INDNE,INDNO,11.0
2034,2,8.0,INDEA,INDNE,-13.53
2034,2,8.0,INDNE,INDNO,13.0
2035,2,8.0,INDEA,INDNE,-15.53
2035,2,8.0,INDNE,INDNO,15.0
2036,2,8.0,INDEA,INDNE,-17.53
2036,2,8.0,INDNE,INDNO,17.0
2037,2,8.0,INDEA,INDNE,-19.53
2037,2,8.0,INDNE,INDNO,19.0
2038,2,8.0,INDEA,INDNE,-21.53
2038,2,8.0,INDNE,INDNO,21.0
2039,2,8.0,INDEA,INDNE,-23.53
2039,2,8.0,INDNE,INDNO,23.0
2040,2,8.0,INDEA,INDNE,-25.53
2040,2,8.0,INDNE,INDNO,25.0
2041,2,8.0,INDEA,INDNE,-27.52
2041,2,8.0,INDNE,INDNO,27.0
2042,2,8.0,INDEA,INDNE,-29.52
2042,2,8.0,INDNE,INDNO,28.99
2043,2,8.0,INDEA,INDNE,-31.52
2043,2,8.0,INDNE,INDNO,30.99
2044,2,8.0,INDEA,INDNE,-33.52
2044,2,8.0,INDNE,INDNO,32.99
2045,2,8.0,INDEA,INDNE,-35.52
2045,2,8.0,INDNE,INDNO,34.99
2045,2,8.0,INDSO,INDWE,-9.88
2046,2,8.0,INDEA,INDNE,-37.52
2046,2,8.0,INDNE,INDNO,30.39
2046,2,8.0,INDSO,INDWE,-16.42
2047,2,8.0,INDEA,INDNE,-39.52
2047,2,8.0,INDNE,INDNO,28.8
2047,2,8.0,INDSO,INDWE,-25.25
2048,2,8.0,INDEA,INDNE,-41.52
2048,2,8.0,INDEA,INDSO,1.18
2048,2,8.0,INDNE,INDNO,32.89
2048,2,8.0,INDSO,INDWE,-30.11
2049,2,8.0,INDEA,INDNE,-43.52
2049,2,8.0,INDEA,INDSO,7.83
2049,2,8.0,INDNE,INDNO,34.01
2049,2,8.0,INDSO,INDWE,-32.11
2050,2,8.0,INDEA,INDNE,-45.52
2050,2,8.0,INDEA,INDSO,7.94
2050,2,8.0,INDNE,INDNO,35.54
2050,2,8.0,INDSO,INDWE,-34.11
2021,2,9.0,INDEA,INDNE,2.68
2022,2,9.0,INDEA,INDNE,2.86
2023,2,9.0,INDEA,INDNE,2.43
2024,2,9.0,INDEA,INDNE,-3.53
2024,2,9.0,INDNE,INDNO,3.0
2025,2,9.0,INDEA,INDNE,-3.53
2025,2,9.0,INDEA,INDNO,-4.54
2025,2,9.0,INDNE,INDNO,3.0
2025,2,9.0,INDNO,INDWE,12.63
2025,2,9.0,INDSO,INDWE,-15.66
2026,2,9.0,INDEA,INDNE,-3.53
2026,2,9.0,INDEA,INDNO,-5.34
2026,2,9.0,INDNE,INDNO,3.0
2026,2,9.0,INDNO,INDWE,9.96
2026,2,9.0,INDSO,INDWE,-12.83
2027,2,9.0,INDEA,INDNE,-3.53
2027,2,9.0,INDEA,INDNO,-6.34
2027,2,9.0,INDNE,INDNO,3.0
2027,2,9.0,INDNO,INDWE,6.96
2027,2,9.0,INDSO,INDWE,-7.91
2028,2,9.0,INDEA,INDNE,-3.53
2028,2,9.0,INDEA,INDNO,-8.19
2028,2,9.0,INDNE,INDNO,3.0
2028,2,9.0,INDNO,INDWE,4.24
2028,2,9.0,INDSO,INDWE,-3.48
2029,2,9.0,INDEA,INDNE,-3.53
2029,2,9.0,INDEA,INDNO,-9.21
2029,2,9.0,INDNE,INDNO,3.0
2029,2,9.0,INDNO,INDWE,0.77
2030,2,9.0,INDEA,INDNE,-5.53
2030,2,9.0,INDEA,INDNO,-8.16
2030,2,9.0,INDNE,INDNO,5.0
2030,2,9.0,INDNO,INDWE,2.19
2031,2,9.0,INDEA,INDNE,-7.53
2031,2,9.0,INDEA,INDNO,-5.83
2031,2,9.0,INDNE,INDNO,7.0
2032,2,9.0,INDEA,INDNE,-9.53
2032,2,9.0,INDEA,INDNO,-4.18
2032,2,9.0,INDNE,INDNO,9.0
2033,2,9.0,INDEA,INDNE,-11.53
2033,2,9.0,INDNE,INDNO,11.0
2034,2,9.0,INDEA,INDNE,-13.53
2034,2,9.0,INDNE,INDNO,13.0
2035,2,9.0,INDEA,INDNE,-15.53
2035,2,9.0,INDNE,INDNO,15.0
2036,2,9.0,INDEA,INDNE,-17.53
2036,2,9.0,INDNE,INDNO,17.0
2037,2,9.0,INDEA,INDNE,-19.53
2037,2,9.0,INDNE,INDNO,19.0
2038,2,9.0,INDEA,INDNE,-21.53
2038,2,9.0,INDNE,INDNO,21.0
2039,2,9.0,INDEA,INDNE,-23.53
2039,2,9.0,INDNE,INDNO,23.0
2040,2,9.0,INDEA,INDNE,-25.53
2040,2,9.0,INDNE,INDNO,25.0
2041,2,9.0,INDEA,INDNE,-27.52
2041,2,9.0,INDNE,INDNO,27.0
2042,2,9.0,INDEA,INDNE,-29.52
2042,2,9.0,INDNE,INDNO,28.99
2043,2,9.0,INDEA,INDNE,-31.52
2043,2,9.0,INDNE,INDNO,30.99
2044,2,9.0,INDEA,INDNE,-33.52
2044,2,9.0,INDNE,INDNO,32.99
2045,2,9.0,INDEA,INDNE,-35.52
2045,2,9.0,INDNE,INDNO,34.99
2045,2,9.0,INDSO,INDWE,-9.88
2046,2,9.0,INDEA,INDNE,-37.52
2046,2,9.0,INDNE,INDNO,30.39
2046,2,9.0,INDSO,INDWE,-16.42
2047,2,9.0,INDEA,INDNE,-39.52
2047,2,9.0,INDNE,INDNO,28.8
2047,2,9.0,INDSO,INDWE,-25.25
2048,2,9.0,INDEA,INDNE,-41.52
2048,2,9.0,INDEA,INDSO,1.18
2048,2,9.0,INDNE,INDNO,32.89
2048,2,9.0,INDSO,INDWE,-30.11
2049,2,9.0,INDEA,INDNE,-43.52
2049,2,9.0,INDEA,INDSO,7.83
2049,2,9.0,INDNE,INDNO,34.01
2049,2,9.0,INDSO,INDWE,-32.11
2050,2,9.0,INDEA,INDNE,-45.52
2050,2,9.0,INDEA,INDSO,7.94
2050,2,9.0,INDNE,INDNO,35.54
2050,2,9.0,INDSO,INDWE,-34.11
2021,2,10.0,INDEA,INDNE,2.68
2022,2,10.0,INDEA,INDNE,2.86
2023,2,10.0,INDEA,INDNE,2.43
2024,2,10.0,INDEA,INDNE,-3.53
2024,2,10.0,INDNE,INDNO,3.0
2025,2,10.0,INDEA,INDNE,-3.53
2025,2,10.0,INDEA,INDNO,-4.54
2025,2,10.0,INDNE,INDNO,3.0
2025,2,10.0,INDNO,INDWE,12.63
2025,2,10.0,INDSO,INDWE,-15.66
2026,2,10.0,INDEA,INDNE,-3.53
2026,2,10.0,INDEA,INDNO,-5.34
2026,2,10.0,INDNE,INDNO,3.0
2026,2,10.0,INDNO,INDWE,9.96
2026,2,10.0,INDSO,INDWE,-12.83
2027,2,10.0,INDEA,INDNE,-3.53
2027,2,10.0,INDEA,INDNO,-6.34
2027,2,10.0,INDNE,INDNO,3.0
2027,2,10.0,INDNO,INDWE,6.96
2027,2,10.0,INDSO,INDWE,-7.91
2028,2,10.0,INDEA,INDNE,-3.53
2028,2,10.0,INDEA,INDNO,-8.19
2028,2,10.0,INDNE,INDNO,3.0
2028,2,10.0,INDNO,INDWE,4.24
2028,2,10.0,INDSO,INDWE,-3.48
2029,2,10.0,INDEA,INDNE,-3.53
2029,2,10.0,INDEA,INDNO,-9.21
2029,2,10.0,INDNE,INDNO,3.0
2029,2,10.0,INDNO,INDWE,0.77
2030,2,10.0,INDEA,INDNE,-5.53
2030,2,10.0,INDEA,INDNO,-8.16
2030,2,10.0,INDNE,INDNO,5.0
2030,2,10.0,INDNO,INDWE,2.19
2031,2,10.0,INDEA,INDNE,-7.53
2031,2,10.0,INDEA,INDNO,-5.83
2031,2,10.0,INDNE,INDNO,7.0
2032,2,10.0,INDEA,INDNE,-9.53
2032,2,10.0,INDEA,INDNO,-4.18
2032,2,10.0,INDNE,INDNO,9.0
2033,2,10.0,INDEA,INDNE,-11.53
2033,2,10.0,INDNE,INDNO,11.0
2034,2,10.0,INDEA,INDNE,-13.53
2034,2,10.0,INDNE,INDNO,13.0
2035,2,10.0,INDEA,INDNE,-15.53
2035,2,10.0,INDNE,INDNO,15.0
2036,2,10.0,INDEA,INDNE,-17.53
2036,2,10.0,INDNE,INDNO,17.0
2037,2,10.0,INDEA,INDNE,-19.53
2037,2,10.0,INDNE,INDNO,19.0
2038,2,10.0,INDEA,INDNE,-21.53
2038,2,10.0,INDNE,INDNO,21.0
2039,2,10.0,INDEA,INDNE,-23.53
2039,2,10.0,INDNE,INDNO,23.0
2040,2,10.0,INDEA,INDNE,-25.53
2040,2,10.0,INDNE,INDNO,25.0
2041,2,10.0,INDEA,INDNE,-27.52
2041,2,10.0,INDNE,INDNO,27.0
2042,2,10.0,INDEA,INDNE,-29.52
2042,2,10.0,INDNE,INDNO,28.99
2043,2,10.0,INDEA,INDNE,-31.52
2043,2,10.0,INDNE,INDNO,30.99
2044,2,10.0,INDEA,INDNE,-33.52
2044,2,10.0,INDNE,INDNO,32.99
2045,2,10.0,INDEA,INDNE,-35.52
2045,2,10.0,INDNE,INDNO,34.99
2045,2,10.0,INDSO,INDWE,-9.88
2046,2,10.0,INDEA,INDNE,-37.52
2046,2,10.0,INDNE,INDNO,30.39
2046,2,10.0,INDSO,INDWE,-16.42
2047,2,10.0,INDEA,INDNE,-39.52
2047,2,10.0,INDNE,INDNO,28.8
2047,2,10.0,INDSO,INDWE,-25.25
2048,2,10.0,INDEA,INDNE,-41.52
2048,2,10.0,INDEA,INDSO,1.18
2048,2,10.0,INDNE,INDNO,32.89
2048,2,10.0,INDSO,INDWE,-30.11
2049,2,10.0,INDEA,INDNE,-43.52
2049,2,10.0,INDEA,INDSO,7.83
2049,2,10.0,INDNE,INDNO,34.01
2049,2,10.0,INDSO,INDWE,-32.11
2050,2,10.0,INDEA,INDNE,-45.52
2050,2,10.0,INDEA,INDSO,7.94
2050,2,10.0,INDNE,INDNO,35.54
2050,2,10.0,INDSO,INDWE,-34.11
2021,2,11.0,INDEA,INDNE,2.68
2022,2,11.0,INDEA,INDNE,2.86
2023,2,11.0,INDEA,INDNE,2.43
2024,2,11.0,INDEA,INDNE,-3.53
2024,2,11.0,INDNE,INDNO,3.0
2025,2,11.0,INDEA,INDNE,-3.53
2025,2,11.0,INDEA,INDNO,-4.54
2025,2,11.0,INDNE,INDNO,3.0
2025,2,11.0,INDNO,INDWE,12.63
2025,2,11.0,INDSO,INDWE,-15.66
2026,2,11.0,INDEA,INDNE,-3.53
2026,2,11.0,INDEA,INDNO,-5.34
2026,2,11.0,INDNE,INDNO,3.0
2026,2,11.0,INDNO,INDWE,9.96
2026,2,11.0,INDSO,INDWE,-12.83
2027,2,11.0,INDEA,INDNE,-3.53
2027,2,11.0,INDEA,INDNO,-6.34
2027,2,11.0,INDNE,INDNO,3.0
2027,2,11.0,INDNO,INDWE,6.96
2027,2,11.0,INDSO,INDWE,-7.91
2028,2,11.0,INDEA,INDNE,-3.53
2028,2,11.0,INDEA,INDNO,-8.19
2028,2,11.0,INDNE,INDNO,3.0
2028,2,11.0,INDNO,INDWE,4.24
2028,2,11.0,INDSO,INDWE,-3.48
2029,2,11.0,INDEA,INDNE,-3.53
2029,2,11.0,INDEA,INDNO,-9.21
2029,2,11.0,INDNE,INDNO,3.0
2029,2,11.0,INDNO,INDWE,0.77
2030,2,11.0,INDEA,INDNE,-5.53
2030,2,11.0,INDEA,INDNO,-8.16
2030,2,11.0,INDNE,INDNO,5.0
2030,2,11.0,INDNO,INDWE,2.19
2031,2,11.0,INDEA,INDNE,-7.53
2031,2,11.0,INDEA,INDNO,-5.83
2031,2,11.0,INDNE,INDNO,7.0
2032,2,11.0,INDEA,INDNE,-9.53
2032,2,11.0,INDEA,INDNO,-4.18
2032,2,11.0,INDNE,INDNO,9.0
2033,2,11.0,INDEA,INDNE,-11.53
2033,2,11.0,INDNE,INDNO,11.0
2034,2,11.0,INDEA,INDNE,-13.53
2034,2,11.0,INDNE,INDNO,13.0
2035,2,11.0,INDEA,INDNE,-15.53
2035,2,11.0,INDNE,INDNO,15.0
2036,2,11.0,INDEA,INDNE,-17.53
2036,2,11.0,INDNE,INDNO,17.0
2037,2,11.0,INDEA,INDNE,-19.53
2037,2,11.0,INDNE,INDNO,19.0
2038,2,11.0,INDEA,INDNE,-21.53
2038,2,11.0,INDNE,INDNO,21.0
2039,2,11.0,INDEA,INDNE,-23.53
2039,2,11.0,INDNE,INDNO,23.0
2040,2,11.0,INDEA,INDNE,-25.53
2040,2,11.0,INDNE,INDNO,25.0
2041,2,11.0,INDEA,INDNE,-27.52
2041,2,11.0,INDNE,INDNO,27.0
2042,2,11.0,INDEA,INDNE,-29.52
2042,2,11.0,INDNE,INDNO,28.99
2043,2,11.0,INDEA,INDNE,-31.52
2043,2,11.0,INDNE,INDNO,30.99
2044,2,11.0,INDEA,INDNE,-33.52
2044,2,11.0,INDNE,INDNO,32.99
2045,2,11.0,INDEA,INDNE,-35.52
2045,2,11.0,INDNE,INDNO,34.99
2045,2,11.0,INDSO,INDWE,-9.88
2046,2,11.0,INDEA,INDNE,-37.52
2046,2,11.0,INDNE,INDNO,30.39
2046,2,11.0,INDSO,INDWE,-16.42
2047,2,11.0,INDEA,INDNE,-39.52
2047,2,11.0,INDNE,INDNO,28.8
2047,2,11.0,INDSO,INDWE,-25.25
2048,2,11.0,INDEA,INDNE,-41.52
2048,2,11.0,INDEA,INDSO,1.18
2048,2,11.0,INDNE,INDNO,32.89
2048,2,11.0,INDSO,INDWE,-30.11
2049,2,11.0,INDEA,INDNE,-43.52
2049,2,11.0,INDEA,INDSO,7.83
2049,2,11.0,INDNE,INDNO,34.01
2049,2,11.0,INDSO,INDWE,-32.11
2050,2,11.0,INDEA,INDNE,-45.52
2050,2,11.0,INDEA,INDSO,7.94
2050,2,11.0,INDNE,INDNO,35.54
2050,2,11.0,INDSO,INDWE,-34.11
2021,2,12.0,INDEA,INDNE,2.68
2022,2,12.0,INDEA,INDNE,2.86
2023,2,12.0,INDEA,INDNE,2.43
2024,2,12.0,INDEA,INDNE,-3.53
2024,2,12.0,INDNE,INDNO,3.0
2025,2,12.0,INDEA,INDNE,-3.53
2025,2,12.0,INDEA,INDNO,-4.54
2025,2,12.0,INDNE,INDNO,3.0
2025,2,12.0,INDNO,INDWE,12.63
2025,2,12.0,INDSO,INDWE,-15.66
2026,2,12.0,INDEA,INDNE,-3.53
2026,2,12.0,INDEA,INDNO,-5.34
2026,2,12.0,INDNE,INDNO,3.0
2026,2,12.0,INDNO,INDWE,9.96
2026,2,12.0,INDSO,INDWE,-12.83
2027,2,12.0,INDEA,INDNE,-3.53
2027,2,12.0,INDEA,INDNO,-6.34
2027,2,12.0,INDNE,INDNO,3.0
2027,2,12.0,INDNO,INDWE,6.96
2027,2,12.0,INDSO,INDWE,-7.91
2028,2,12.0,INDEA,INDNE,-3.53
2028,2,12.0,INDEA,INDNO,-8.19
2028,2,12.0,INDNE,INDNO,3.0
2028,2,12.0,INDNO,INDWE,4.24
2028,2,12.0,INDSO,INDWE,-3.48
2029,2,12.0,INDEA,INDNE,-3.53
2029,2,12.0,INDEA,INDNO,-9.21
2029,2,12.0,INDNE,INDNO,3.0
2029,2,12.0,INDNO,INDWE,0.77
2030,2,12.0,INDEA,INDNE,-5.53
2030,2,12.0,INDEA,INDNO,-8.16
2030,2,12.0,INDNE,INDNO,5.0
2030,2,12.0,INDNO,INDWE,2.19
2031,2,12.0,INDEA,INDNE,-7.53
2031,2,12.0,INDEA,INDNO,-5.83
2031,2,12.0,INDNE,INDNO,7.0
2032,2,12.0,INDEA,INDNE,-9.53
2032,2,12.0,INDEA,INDNO,-4.18
2032,2,12.0,INDNE,INDNO,9.0
2033,2,12.0,INDEA,INDNE,-11.53
2033,2,12.0,INDNE,INDNO,11.0
2034,2,12.0,INDEA,INDNE,-13.53
2034,2,12.0,INDNE,INDNO,13.0
2035,2,12.0,INDEA,INDNE,-15.53
2035,2,12.0,INDNE,INDNO,15.0
2036,2,12.0,INDEA,INDNE,-17.53
2036,2,12.0,INDNE,INDNO,17.0
2037,2,12.0,INDEA,INDNE,-19.53
2037,2,12.0,INDNE,INDNO,19.0
2038,2,12.0,INDEA,INDNE,-21.53
2038,2,12.0,INDNE,INDNO,21.0
2039,2,12.0,INDEA,INDNE,-23.53
2039,2,12.0,INDNE,INDNO,23.0
2040,2,12.0,INDEA,INDNE,-25.53
2040,2,12.0,INDNE,INDNO,25.0
2041,2,12.0,INDEA,INDNE,-27.52
2041,2,12.0,INDNE,INDNO,27.0
2042,2,12.0,INDEA,INDNE,-29.52
2042,2,12.0,INDNE,INDNO,28.99
2043,2,12.0,INDEA,INDNE,-31.52
2043,2,12.0,INDNE,INDNO,30.99
2044,2,12.0,INDEA,INDNE,-33.52
2044,2,12.0,INDNE,INDNO,32.99
2045,2,12.0,INDEA,INDNE,-35.52
2045,2,12.0,INDNE,INDNO,34.99
2045,2,12.0,INDSO,INDWE,-9.88
2046,2,12.0,INDEA,INDNE,-37.52
2046,2,12.0,INDNE,INDNO,30.39
2046,2,12.0,INDSO,INDWE,-16.42
2047,2,12.0,INDEA,INDNE,-39.52
2047,2,12.0,INDNE,INDNO,28.8
2047,2,12.0,INDSO,INDWE,-25.25
2048,2,12.0,INDEA,INDNE,-41.52
2048,2,12.0,INDEA,INDSO,1.18
2048,2,12.0,INDNE,INDNO,32.89
2048,2,12.0,INDSO,INDWE,-30.11
2049,2,12.0,INDEA,INDNE,-43.52
2049,2,12.0,INDEA,INDSO,7.83
2049,2,12.0,INDNE,INDNO,34.01
2049,2,12.0,INDSO,INDWE,-32.11
2050,2,12.0,INDEA,INDNE,-45.52
2050,2,12.0,INDEA,INDSO,7.94
2050,2,12.0,INDNE,INDNO,35.54
2050,2,12.0,INDSO,INDWE,-34.11
2021,2,13.0,INDEA,INDNE,2.79
2022,2,13.0,INDEA,INDNE,2.86
2022,2,13.0,INDNE,INDNO,-0.29
2023,2,13.0,INDEA,INDNE,2.85
2024,2,13.0,INDEA,INDNE,-3.53
2024,2,13.0,INDNE,INDNO,3.0
2025,2,13.0,INDEA,INDNE,-3.53
2025,2,13.0,INDNE,INDNO,3.0
2025,2,13.0,INDSO,INDWE,-2.73
2026,2,13.0,INDEA,INDNE,-3.53
2026,2,13.0,INDNE,INDNO,3.0
2026,2,13.0,INDSO,INDWE,-3.08
2027,2,13.0,INDEA,INDNE,-3.53
2027,2,13.0,INDNE,INDNO,3.0
2027,2,13.0,INDSO,INDWE,-5.43
2028,2,13.0,INDEA,INDNE,-3.53
2028,2,13.0,INDNE,INDNO,3.0
2028,2,13.0,INDSO,INDWE,-8.49
2029,2,13.0,INDEA,INDNE,-3.53
2029,2,13.0,INDNE,INDNO,3.0
2029,2,13.0,INDSO,INDWE,-11.34
2030,2,13.0,INDEA,INDNE,-5.53
2030,2,13.0,INDEA,INDNO,0.63
2030,2,13.0,INDNE,INDNO,5.0
2030,2,13.0,INDSO,INDWE,-14.88
2031,2,13.0,INDEA,INDNE,-7.53
2031,2,13.0,INDNE,INDNO,7.0
2031,2,13.0,INDSO,INDWE,-4.75
2032,2,13.0,INDEA,INDNE,-9.53
2032,2,13.0,INDNE,INDNO,9.0
2032,2,13.0,INDSO,INDWE,-5.06
2033,2,13.0,INDEA,INDNE,-11.53
2033,2,13.0,INDNE,INDNO,11.0
2033,2,13.0,INDSO,INDWE,-5.35
2034,2,13.0,INDEA,INDNE,-13.53
2034,2,13.0,INDEA,INDSO,3.65
2034,2,13.0,INDNE,INDNO,13.0
2034,2,13.0,INDSO,INDWE,-1.89
2035,2,13.0,INDEA,INDNE,-15.53
2035,2,13.0,INDEA,INDSO,5.68
2035,2,13.0,INDEA,INDWE,0.34
2035,2,13.0,INDNE,INDNO,15.0
2036,2,13.0,INDEA,INDNE,-17.53
2036,2,13.0,INDEA,INDSO,5.79
2036,2,13.0,INDEA,INDWE,0.6
2036,2,13.0,INDNE,INDNO,17.0
2037,2,13.0,INDEA,INDNE,-19.53
2037,2,13.0,INDEA,INDSO,5.9
2037,2,13.0,INDEA,INDWE,0.87
2037,2,13.0,INDNE,INDNO,19.0
2038,2,13.0,INDEA,INDNE,-21.53
2038,2,13.0,INDEA,INDSO,6.0
2038,2,13.0,INDEA,INDWE,1.13
2038,2,13.0,INDNE,INDNO,21.0
2039,2,13.0,INDEA,INDNE,-23.53
2039,2,13.0,INDEA,INDSO,6.11
2039,2,13.0,INDEA,INDWE,1.39
2039,2,13.0,INDNE,INDNO,23.0
2040,2,13.0,INDEA,INDNE,-25.53
2040,2,13.0,INDEA,INDSO,6.22
2040,2,13.0,INDEA,INDWE,1.65
2040,2,13.0,INDNE,INDNO,25.0
2041,2,13.0,INDEA,INDNE,-27.52
2041,2,13.0,INDEA,INDSO,6.34
2041,2,13.0,INDEA,INDWE,1.94
2041,2,13.0,INDNE,INDNO,27.0
2042,2,13.0,INDEA,INDNE,-29.52
2042,2,13.0,INDEA,INDSO,6.46
2042,2,13.0,INDEA,INDWE,2.22
2042,2,13.0,INDNE,INDNO,28.99
2043,2,13.0,INDEA,INDNE,-31.52
2043,2,13.0,INDEA,INDSO,6.58
2043,2,13.0,INDEA,INDWE,2.5
2043,2,13.0,INDNE,INDNO,30.99
2044,2,13.0,INDEA,INDNE,-33.52
2044,2,13.0,INDEA,INDSO,6.65
2044,2,13.0,INDEA,INDWE,1.45
2044,2,13.0,INDNE,INDNO,32.99
2045,2,13.0,INDEA,INDNE,-35.52
2045,2,13.0,INDEA,INDSO,5.71
2045,2,13.0,INDNE,INDNO,34.99
2046,2,13.0,INDEA,INDNE,-37.52
2046,2,13.0,INDEA,INDSO,1.34
2046,2,13.0,INDNE,INDNO,36.99
2046,2,13.0,INDNO,INDWE,4.11
2047,2,13.0,INDEA,INDNE,-39.52
2047,2,13.0,INDEA,INDSO,0.65
2047,2,13.0,INDNE,INDNO,38.99
2047,2,13.0,INDNO,INDWE,0.31
2048,2,13.0,INDEA,INDNE,-41.52
2048,2,13.0,INDNE,INDNO,40.99
2049,2,13.0,INDEA,INDNE,-43.52
2049,2,13.0,INDNE,INDNO,42.99
2050,2,13.0,INDEA,INDNE,-45.52
2050,2,13.0,INDNE,INDNO,44.99
2021,2,14.0,INDEA,INDNE,2.79
2022,2,14.0,INDEA,INDNE,2.86
2022,2,14.0,INDNE,INDNO,-0.29
2023,2,14.0,INDEA,INDNE,2.85
2024,2,14.0,INDEA,INDNE,-3.53
2024,2,14.0,INDNE,INDNO,3.0
2025,2,14.0,INDEA,INDNE,-3.53
2025,2,14.0,INDNE,INDNO,3.0
2025,2,14.0,INDSO,INDWE,-2.73
2026,2,14.0,INDEA,INDNE,-3.53
2026,2,14.0,INDNE,INDNO,3.0
2026,2,14.0,INDSO,INDWE,-3.08
2027,2,14.0,INDEA,INDNE,-3.53
2027,2,14.0,INDNE,INDNO,3.0
2027,2,14.0,INDSO,INDWE,-5.43
2028,2,14.0,INDEA,INDNE,-3.53
2028,2,14.0,INDNE,INDNO,3.0
2028,2,14.0,INDSO,INDWE,-8.49
2029,2,14.0,INDEA,INDNE,-3.53
2029,2,14.0,INDNE,INDNO,3.0
2029,2,14.0,INDSO,INDWE,-11.34
2030,2,14.0,INDEA,INDNE,-5.53
2030,2,14.0,INDEA,INDNO,0.63
2030,2,14.0,INDNE,INDNO,5.0
2030,2,14.0,INDSO,INDWE,-14.88
2031,2,14.0,INDEA,INDNE,-7.53
2031,2,14.0,INDNE,INDNO,7.0
2031,2,14.0,INDSO,INDWE,-4.75
2032,2,14.0,INDEA,INDNE,-9.53
2032,2,14.0,INDNE,INDNO,9.0
2032,2,14.0,INDSO,INDWE,-5.06
2033,2,14.0,INDEA,INDNE,-11.53
2033,2,14.0,INDNE,INDNO,11.0
2033,2,14.0,INDSO,INDWE,-5.35
2034,2,14.0,INDEA,INDNE,-13.53
2034,2,14.0,INDEA,INDSO,3.65
2034,2,14.0,INDNE,INDNO,13.0
2034,2,14.0,INDSO,INDWE,-1.89
2035,2,14.0,INDEA,INDNE,-15.53
2035,2,14.0,INDEA,INDSO,5.68
2035,2,14.0,INDEA,INDWE,0.34
2035,2,14.0,INDNE,INDNO,15.0
2036,2,14.0,INDEA,INDNE,-17.53
2036,2,14.0,INDEA,INDSO,5.79
2036,2,14.0,INDEA,INDWE,0.6
2036,2,14.0,INDNE,INDNO,17.0
2037,2,14.0,INDEA,INDNE,-19.53
2037,2,14.0,INDEA,INDSO,5.9
2037,2,14.0,INDEA,INDWE,0.87
2037,2,14.0,INDNE,INDNO,19.0
2038,2,14.0,INDEA,INDNE,-21.53
2038,2,14.0,INDEA,INDSO,6.0
2038,2,14.0,INDEA,INDWE,1.13
2038,2,14.0,INDNE,INDNO,21.0
2039,2,14.0,INDEA,INDNE,-23.53
2039,2,14.0,INDEA,INDSO,6.11
2039,2,14.0,INDEA,INDWE,1.39
2039,2,14.0,INDNE,INDNO,23.0
2040,2,14.0,INDEA,INDNE,-25.53
2040,2,14.0,INDEA,INDSO,6.22
2040,2,14.0,INDEA,INDWE,1.65
2040,2,14.0,INDNE,INDNO,25.0
2041,2,14.0,INDEA,INDNE,-27.52
2041,2,14.0,INDEA,INDSO,6.34
2041,2,14.0,INDEA,INDWE,1.94
2041,2,14.0,INDNE,INDNO,27.0
2042,2,14.0,INDEA,INDNE,-29.52
2042,2,14.0,INDEA,INDSO,6.46
2042,2,14.0,INDEA,INDWE,2.22
2042,2,14.0,INDNE,INDNO,28.99
2043,2,14.0,INDEA,INDNE,-31.52
2043,2,14.0,INDEA,INDSO,6.58
2043,2,14.0,INDEA,INDWE,2.5
2043,2,14.0,INDNE,INDNO,30.99
2044,2,14.0,INDEA,INDNE,-33.52
2044,2,14.0,INDEA,INDSO,6.65
2044,2,14.0,INDEA,INDWE,1.45
2044,2,14.0,INDNE,INDNO,32.99
2045,2,14.0,INDEA,INDNE,-35.52
2045,2,14.0,INDEA,INDSO,5.71
2045,2,14.0,INDNE,INDNO,34.99
2046,2,14.0,INDEA,INDNE,-37.52
2046,2,14.0,INDEA,INDSO,1.34
2046,2,14.0,INDNE,INDNO,36.99
2046,2,14.0,INDNO,INDWE,4.11
2047,2,14.0,INDEA,INDNE,-39.52
2047,2,14.0,INDEA,INDSO,0.65
2047,2,14.0,INDNE,INDNO,38.99
2047,2,14.0,INDNO,INDWE,0.31
2048,2,14.0,INDEA,INDNE,-41.52
2048,2,14.0,INDNE,INDNO,40.99
2049,2,14.0,INDEA,INDNE,-43.52
2049,2,14.0,INDNE,INDNO,42.99
2050,2,14.0,INDEA,INDNE,-45.52
2050,2,14.0,INDNE,INDNO,44.99
2021,2,15.0,INDEA,INDNE,2.79
2022,2,15.0,INDEA,INDNE,2.86
2022,2,15.0,INDNE,INDNO,-0.29
2023,2,15.0,INDEA,INDNE,2.85
2024,2,15.0,INDEA,INDNE,-3.53
2024,2,15.0,INDNE,INDNO,3.0
2025,2,15.0,INDEA,INDNE,-3.53
2025,2,15.0,INDNE,INDNO,3.0
2025,2,15.0,INDSO,INDWE,-2.73
2026,2,15.0,INDEA,INDNE,-3.53
2026,2,15.0,INDNE,INDNO,3.0
2026,2,15.0,INDSO,INDWE,-3.08
2027,2,15.0,INDEA,INDNE,-3.53
2027,2,15.0,INDNE,INDNO,3.0
2027,2,15.0,INDSO,INDWE,-5.43
2028,2,15.0,INDEA,INDNE,-3.53
2028,2,15.0,INDNE,INDNO,3.0
2028,2,15.0,INDSO,INDWE,-8.49
2029,2,15.0,INDEA,INDNE,-3.53
2029,2,15.0,INDNE,INDNO,3.0
2029,2,15.0,INDSO,INDWE,-11.34
2030,2,15.0,INDEA,INDNE,-5.53
2030,2,15.0,INDEA,INDNO,0.63
2030,2,15.0,INDNE,INDNO,5.0
2030,2,15.0,INDSO,INDWE,-14.88
2031,2,15.0,INDEA,INDNE,-7.53
2031,2,15.0,INDNE,INDNO,7.0
2031,2,15.0,INDSO,INDWE,-4.75
2032,2,15.0,INDEA,INDNE,-9.53
2032,2,15.0,INDNE,INDNO,9.0
2032,2,15.0,INDSO,INDWE,-5.06
2033,2,15.0,INDEA,INDNE,-11.53
2033,2,15.0,INDNE,INDNO,11.0
2033,2,15.0,INDSO,INDWE,-5.35
2034,2,15.0,INDEA,INDNE,-13.53
2034,2,15.0,INDEA,INDSO,3.65
2034,2,15.0,INDNE,INDNO,13.0
2034,2,15.0,INDSO,INDWE,-1.89
2035,2,15.0,INDEA,INDNE,-15.53
2035,2,15.0,INDEA,INDSO,5.68
2035,2,15.0,INDEA,INDWE,0.34
2035,2,15.0,INDNE,INDNO,15.0
2036,2,15.0,INDEA,INDNE,-17.53
2036,2,15.0,INDEA,INDSO,5.79
2036,2,15.0,INDEA,INDWE,0.6
2036,2,15.0,INDNE,INDNO,17.0
2037,2,15.0,INDEA,INDNE,-19.53
2037,2,15.0,INDEA,INDSO,5.9
2037,2,15.0,INDEA,INDWE,0.87
2037,2,15.0,INDNE,INDNO,19.0
2038,2,15.0,INDEA,INDNE,-21.53
2038,2,15.0,INDEA,INDSO,6.0
2038,2,15.0,INDEA,INDWE,1.13
2038,2,15.0,INDNE,INDNO,21.0
2039,2,15.0,INDEA,INDNE,-23.53
2039,2,15.0,INDEA,INDSO,6.11
2039,2,15.0,INDEA,INDWE,1.39
2039,2,15.0,INDNE,INDNO,23.0
2040,2,15.0,INDEA,INDNE,-25.53
2040,2,15.0,INDEA,INDSO,6.22
2040,2,15.0,INDEA,INDWE,1.65
2040,2,15.0,INDNE,INDNO,25.0
2041,2,15.0,INDEA,INDNE,-27.52
2041,2,15.0,INDEA,INDSO,6.34
2041,2,15.0,INDEA,INDWE,1.94
2041,2,15.0,INDNE,INDNO,27.0
2042,2,15.0,INDEA,INDNE,-29.52
2042,2,15.0,INDEA,INDSO,6.46
2042,2,15.0,INDEA,INDWE,2.22
2042,2,15.0,INDNE,INDNO,28.99
2043,2,15.0,INDEA,INDNE,-31.52
2043,2,15.0,INDEA,INDSO,6.58
2043,2,15.0,INDEA,INDWE,2.5
2043,2,15.0,INDNE,INDNO,30.99
2044,2,15.0,INDEA,INDNE,-33.52
2044,2,15.0,INDEA,INDSO,6.65
2044,2,15.0,INDEA,INDWE,1.45
2044,2,15.0,INDNE,INDNO,32.99
2045,2,15.0,INDEA,INDNE,-35.52
2045,2,15.0,INDEA,INDSO,5.71
2045,2,15.0,INDNE,INDNO,34.99
2046,2,15.0,INDEA,INDNE,-37.52
2046,2,15.0,INDEA,INDSO,1.34
2046,2,15.0,INDNE,INDNO,36.99
2046,2,15.0,INDNO,INDWE,4.11
2047,2,15.0,INDEA,INDNE,-39.52
2047,2,15.0,INDEA,INDSO,0.65
2047,2,15.0,INDNE,INDNO,38.99
2047,2,15.0,INDNO,INDWE,0.31
2048,2,15.0,INDEA,INDNE,-41.52
2048,2,15.0,INDNE,INDNO,40.99
2049,2,15.0,INDEA,INDNE,-43.52
2049,2,15.0,INDNE,INDNO,42.99
2050,2,15.0,INDEA,INDNE,-45.52
2050,2,15.0,INDNE,INDNO,44.99
2021,2,16.0,INDEA,INDNE,2.79
2022,2,16.0,INDEA,INDNE,2.86
2022,2,16.0,INDNE,INDNO,-0.29
2023,2,16.0,INDEA,INDNE,2.85
2024,2,16.0,INDEA,INDNE,-3.53
2024,2,16.0,INDNE,INDNO,3.0
2025,2,16.0,INDEA,INDNE,-3.53
2025,2,16.0,INDNE,INDNO,3.0
2025,2,16.0,INDSO,INDWE,-2.73
2026,2,16.0,INDEA,INDNE,-3.53
2026,2,16.0,INDNE,INDNO,3.0
2026,2,16.0,INDSO,INDWE,-3.08
2027,2,16.0,INDEA,INDNE,-3.53
2027,2,16.0,INDNE,INDNO,3.0
2027,2,16.0,INDSO,INDWE,-5.43
2028,2,16.0,INDEA,INDNE,-3.53
2028,2,16.0,INDNE,INDNO,3.0
2028,2,16.0,INDSO,INDWE,-8.49
2029,2,16.0,INDEA,INDNE,-3.53
2029,2,16.0,INDNE,INDNO,3.0
2029,2,16.0,INDSO,INDWE,-11.34
2030,2,16.0,INDEA,INDNE,-5.53
2030,2,16.0,INDEA,INDNO,0.63
2030,2,16.0,INDNE,INDNO,5.0
2030,2,16.0,INDSO,INDWE,-14.88
2031,2,16.0,INDEA,INDNE,-7.53
2031,2,16.0,INDNE,INDNO,7.0
2031,2,16.0,INDSO,INDWE,-4.75
2032,2,16.0,INDEA,INDNE,-9.53
2032,2,16.0,INDNE,INDNO,9.0
2032,2,16.0,INDSO,INDWE,-5.06
2033,2,16.0,INDEA,INDNE,-11.53
2033,2,16.0,INDNE,INDNO,11.0
2033,2,16.0,INDSO,INDWE,-5.35
2034,2,16.0,INDEA,INDNE,-13.53
2034,2,16.0,INDEA,INDSO,3.65
2034,2,16.0,INDNE,INDNO,13.0
2034,2,16.0,INDSO,INDWE,-1.89
2035,2,16.0,INDEA,INDNE,-15.53
2035,2,16.0,INDEA,INDSO,5.68
2035,2,16.0,INDEA,INDWE,0.34
2035,2,16.0,INDNE,INDNO,15.0
2036,2,16.0,INDEA,INDNE,-17.53
2036,2,16.0,INDEA,INDSO,5.79
2036,2,16.0,INDEA,INDWE,0.6
2036,2,16.0,INDNE,INDNO,17.0
2037,2,16.0,INDEA,INDNE,-19.53
2037,2,16.0,INDEA,INDSO,5.9
2037,2,16.0,INDEA,INDWE,0.87
2037,2,16.0,INDNE,INDNO,19.0
2038,2,16.0,INDEA,INDNE,-21.53
2038,2,16.0,INDEA,INDSO,6.0
2038,2,16.0,INDEA,INDWE,1.13
2038,2,16.0,INDNE,INDNO,21.0
2039,2,16.0,INDEA,INDNE,-23.53
2039,2,16.0,INDEA,INDSO,6.11
2039,2,16.0,INDEA,INDWE,1.39
2039,2,16.0,INDNE,INDNO,23.0
2040,2,16.0,INDEA,INDNE,-25.53
2040,2,16.0,INDEA,INDSO,6.22
2040,2,16.0,INDEA,INDWE,1.65
2040,2,16.0,INDNE,INDNO,25.0
2041,2,16.0,INDEA,INDNE,-27.52
2041,2,16.0,INDEA,INDSO,6.34
2041,2,16.0,INDEA,INDWE,1.94
2041,2,16.0,INDNE,INDNO,27.0
2042,2,16.0,INDEA,INDNE,-29.52
2042,2,16.0,INDEA,INDSO,6.46
2042,2,16.0,INDEA,INDWE,2.22
2042,2,16.0,INDNE,INDNO,28.99
2043,2,16.0,INDEA,INDNE,-31.52
2043,2,16.0,INDEA,INDSO,6.58
2043,2,16.0,INDEA,INDWE,2.5
2043,2,16.0,INDNE,INDNO,30.99
2044,2,16.0,INDEA,INDNE,-33.52
2044,2,16.0,INDEA,INDSO,6.65
2044,2,16.0,INDEA,INDWE,1.45
2044,2,16.0,INDNE,INDNO,32.99
2045,2,16.0,INDEA,INDNE,-35.52
2045,2,16.0,INDEA,INDSO,5.71
2045,2,16.0,INDNE,INDNO,34.99
2046,2,16.0,INDEA,INDNE,-37.52
2046,2,16.0,INDEA,INDSO,1.34
2046,2,16.0,INDNE,INDNO,36.99
2046,2,16.0,INDNO,INDWE,4.11
2047,2,16.0,INDEA,INDNE,-39.52
2047,2,16.0,INDEA,INDSO,0.65
2047,2,16.0,INDNE,INDNO,38.99
2047,2,16.0,INDNO,INDWE,0.31
2048,2,16.0,INDEA,INDNE,-41.52
2048,2,16.0,INDNE,INDNO,40.99
2049,2,16.0,INDEA,INDNE,-43.52
2049,2,16.0,INDNE,INDNO,42.99
2050,2,16.0,INDEA,INDNE,-45.52
2050,2,16.0,INDNE,INDNO,44.99
2021,2,17.0,INDEA,INDNE,2.79
2022,2,17.0,INDEA,INDNE,2.86
2022,2,17.0,INDNE,INDNO,-0.29
2023,2,17.0,INDEA,INDNE,2.85
2024,2,17.0,INDEA,INDNE,-3.53
2024,2,17.0,INDNE,INDNO,3.0
2025,2,17.0,INDEA,INDNE,-3.53
2025,2,17.0,INDNE,INDNO,3.0
2025,2,17.0,INDSO,INDWE,-2.73
2026,2,17.0,INDEA,INDNE,-3.53
2026,2,17.0,INDNE,INDNO,3.0
2026,2,17.0,INDSO,INDWE,-3.08
2027,2,17.0,INDEA,INDNE,-3.53
2027,2,17.0,INDNE,INDNO,3.0
2027,2,17.0,INDSO,INDWE,-5.43
2028,2,17.0,INDEA,INDNE,-3.53
2028,2,17.0,INDNE,INDNO,3.0
2028,2,17.0,INDSO,INDWE,-8.49
2029,2,17.0,INDEA,INDNE,-3.53
2029,2,17.0,INDNE,INDNO,3.0
2029,2,17.0,INDSO,INDWE,-11.34
2030,2,17.0,INDEA,INDNE,-5.53
2030,2,17.0,INDEA,INDNO,0.63
2030,2,17.0,INDNE,INDNO,5.0
2030,2,17.0,INDSO,INDWE,-14.88
2031,2,17.0,INDEA,INDNE,-7.53
2031,2,17.0,INDNE,INDNO,7.0
2031,2,17.0,INDSO,INDWE,-4.75
2032,2,17.0,INDEA,INDNE,-9.53
2032,2,17.0,INDNE,INDNO,9.0
2032,2,17.0,INDSO,INDWE,-5.06
2033,2,17.0,INDEA,INDNE,-11.53
2033,2,17.0,INDNE,INDNO,11.0
2033,2,17.0,INDSO,INDWE,-5.35
2034,2,17.0,INDEA,INDNE,-13.53
2034,2,17.0,INDEA,INDSO,3.65
2034,2,17.0,INDNE,INDNO,13.0
2034,2,17.0,INDSO,INDWE,-1.89
2035,2,17.0,INDEA,INDNE,-15.53
2035,2,17.0,INDEA,INDSO,5.68
2035,2,17.0,INDEA,INDWE,0.34
2035,2,17.0,INDNE,INDNO,15.0
2036,2,17.0,INDEA,INDNE,-17.53
2036,2,17.0,INDEA,INDSO,5.79
2036,2,17.0,INDEA,INDWE,0.6
2036,2,17.0,INDNE,INDNO,17.0
2037,2,17.0,INDEA,INDNE,-19.53
2037,2,17.0,INDEA,INDSO,5.9
2037,2,17.0,INDEA,INDWE,0.87
2037,2,17.0,INDNE,INDNO,19.0
2038,2,17.0,INDEA,INDNE,-21.53
2038,2,17.0,INDEA,INDSO,6.0
2038,2,17.0,INDEA,INDWE,1.13
2038,2,17.0,INDNE,INDNO,21.0
2039,2,17.0,INDEA,INDNE,-23.53
2039,2,17.0,INDEA,INDSO,6.11
2039,2,17.0,INDEA,INDWE,1.39
2039,2,17.0,INDNE,INDNO,23.0
2040,2,17.0,INDEA,INDNE,-25.53
2040,2,17.0,INDEA,INDSO,6.22
2040,2,17.0,INDEA,INDWE,1.65
2040,2,17.0,INDNE,INDNO,25.0
2041,2,17.0,INDEA,INDNE,-27.52
2041,2,17.0,INDEA,INDSO,6.34
2041,2,17.0,INDEA,INDWE,1.94
2041,2,17.0,INDNE,INDNO,27.0
2042,2,17.0,INDEA,INDNE,-29.52
2042,2,17.0,INDEA,INDSO,6.46
2042,2,17.0,INDEA,INDWE,2.22
2042,2,17.0,INDNE,INDNO,28.99
2043,2,17.0,INDEA,INDNE,-31.52
2043,2,17.0,INDEA,INDSO,6.58
2043,2,17.0,INDEA,INDWE,2.5
2043,2,17.0,INDNE,INDNO,30.99
2044,2,17.0,INDEA,INDNE,-33.52
2044,2,17.0,INDEA,INDSO,6.65
2044,2,17.0,INDEA,INDWE,1.45
2044,2,17.0,INDNE,INDNO,32.99
2045,2,17.0,INDEA,INDNE,-35.52
2045,2,17.0,INDEA,INDSO,5.71
2045,2,17.0,INDNE,INDNO,34.99
2046,2,17.0,INDEA,INDNE,-37.52
2046,2,17.0,INDEA,INDSO,1.34
2046,2,17.0,INDNE,INDNO,36.99
2046,2,17.0,INDNO,INDWE,4.11
2047,2,17.0,INDEA,INDNE,-39.52
2047,2,17.0,INDEA,INDSO,0.65
2047,2,17.0,INDNE,INDNO,38.99
2047,2,17.0,INDNO,INDWE,0.31
2048,2,17.0,INDEA,INDNE,-41.52
2048,2,17.0,INDNE,INDNO,40.99
2049,2,17.0,INDEA,INDNE,-43.52
2049,2,17.0,INDNE,INDNO,42.99
2050,2,17.0,INDEA,INDNE,-45.52
2050,2,17.0,INDNE,INDNO,44.99
2021,2,18.0,INDEA,INDNE,2.79
2022,2,18.0,INDEA,INDNE,2.86
2022,2,18.0,INDNE,INDNO,-0.29
2023,2,18.0,INDEA,INDNE,2.85
2024,2,18.0,INDEA,INDNE,-3.53
2024,2,18.0,INDNE,INDNO,3.0
2025,2,18.0,INDEA,INDNE,-3.53
2025,2,18.0,INDNE,INDNO,3.0
2025,2,18.0,INDSO,INDWE,-2.73
2026,2,18.0,INDEA,INDNE,-3.53
2026,2,18.0,INDNE,INDNO,3.0
2026,2,18.0,INDSO,INDWE,-3.08
2027,2,18.0,INDEA,INDNE,-3.53
2027,2,18.0,INDNE,INDNO,3.0
2027,2,18.0,INDSO,INDWE,-5.43
2028,2,18.0,INDEA,INDNE,-3.53
2028,2,18.0,INDNE,INDNO,3.0
2028,2,18.0,INDSO,INDWE,-8.49
2029,2,18.0,INDEA,INDNE,-3.53
2029,2,18.0,INDNE,INDNO,3.0
2029,2,18.0,INDSO,INDWE,-11.34
2030,2,18.0,INDEA,INDNE,-5.53
2030,2,18.0,INDEA,INDNO,0.63
2030,2,18.0,INDNE,INDNO,5.0
2030,2,18.0,INDSO,INDWE,-14.88
2031,2,18.0,INDEA,INDNE,-7.53
2031,2,18.0,INDNE,INDNO,7.0
2031,2,18.0,INDSO,INDWE,-4.75
2032,2,18.0,INDEA,INDNE,-9.53
2032,2,18.0,INDNE,INDNO,9.0
2032,2,18.0,INDSO,INDWE,-5.06
2033,2,18.0,INDEA,INDNE,-11.53
2033,2,18.0,INDNE,INDNO,11.0
2033,2,18.0,INDSO,INDWE,-5.35
2034,2,18.0,INDEA,INDNE,-13.53
2034,2,18.0,INDEA,INDSO,3.65
2034,2,18.0,INDNE,INDNO,13.0
2034,2,18.0,INDSO,INDWE,-1.89
2035,2,18.0,INDEA,INDNE,-15.53
2035,2,18.0,INDEA,INDSO,5.68
2035,2,18.0,INDEA,INDWE,0.34
2035,2,18.0,INDNE,INDNO,15.0
2036,2,18.0,INDEA,INDNE,-17.53
2036,2,18.0,INDEA,INDSO,5.79
2036,2,18.0,INDEA,INDWE,0.6
2036,2,18.0,INDNE,INDNO,17.0
2037,2,18.0,INDEA,INDNE,-19.53
2037,2,18.0,INDEA,INDSO,5.9
2037,2,18.0,INDEA,INDWE,0.87
2037,2,18.0,INDNE,INDNO,19.0
2038,2,18.0,INDEA,INDNE,-21.53
2038,2,18.0,INDEA,INDSO,6.0
2038,2,18.0,INDEA,INDWE,1.13
2038,2,18.0,INDNE,INDNO,21.0
2039,2,18.0,INDEA,INDNE,-23.53
2039,2,18.0,INDEA,INDSO,6.11
2039,2,18.0,INDEA,INDWE,1.39
2039,2,18.0,INDNE,INDNO,23.0
2040,2,18.0,INDEA,INDNE,-25.53
2040,2,18.0,INDEA,INDSO,6.22
2040,2,18.0,INDEA,INDWE,1.65
2040,2,18.0,INDNE,INDNO,25.0
2041,2,18.0,INDEA,INDNE,-27.52
2041,2,18.0,INDEA,INDSO,6.34
2041,2,18.0,INDEA,INDWE,1.94
2041,2,18.0,INDNE,INDNO,27.0
2042,2,18.0,INDEA,INDNE,-29.52
2042,2,18.0,INDEA,INDSO,6.46
2042,2,18.0,INDEA,INDWE,2.22
2042,2,18.0,INDNE,INDNO,28.99
2043,2,18.0,INDEA,INDNE,-31.52
2043,2,18.0,INDEA,INDSO,6.58
2043,2,18.0,INDEA,INDWE,2.5
2043,2,18.0,INDNE,INDNO,30.99
2044,2,18.0,INDEA,INDNE,-33.52
2044,2,18.0,INDEA,INDSO,6.65
2044,2,18.0,INDEA,INDWE,1.45
2044,2,18.0,INDNE,INDNO,32.99
2045,2,18.0,INDEA,INDNE,-35.52
2045,2,18.0,INDEA,INDSO,5.71
2045,2,18.0,INDNE,INDNO,34.99
2046,2,18.0,INDEA,INDNE,-37.52
2046,2,18.0,INDEA,INDSO,1.34
2046,2,18.0,INDNE,INDNO,36.99
2046,2,18.0,INDNO,INDWE,4.11
2047,2,18.0,INDEA,INDNE,-39.52
2047,2,18.0,INDEA,INDSO,0.65
2047,2,18.0,INDNE,INDNO,38.99
2047,2,18.0,INDNO,INDWE,0.31
2048,2,18.0,INDEA,INDNE,-41.52
2048,2,18.0,INDNE,INDNO,40.99
2049,2,18.0,INDEA,INDNE,-43.52
2049,2,18.0,INDNE,INDNO,42.99
2050,2,18.0,INDEA,INDNE,-45.52
2050,2,18.0,INDNE,INDNO,44.99
2021,2,19.0,INDEA,INDNE,2.79
2022,2,19.0,INDEA,INDNE,2.86
2022,2,19.0,INDNE,INDNO,-0.29
2023,2,19.0,INDEA,INDNE,2.85
2024,2,19.0,INDEA,INDNE,-3.53
2024,2,19.0,INDNE,INDNO,3.0
2025,2,19.0,INDEA,INDNE,-3.53
2025,2,19.0,INDNE,INDNO,3.0
2025,2,19.0,INDSO,INDWE,-2.73
2026,2,19.0,INDEA,INDNE,-3.53
2026,2,19.0,INDNE,INDNO,3.0
2026,2,19.0,INDSO,INDWE,-3.08
2027,2,19.0,INDEA,INDNE,-3.53
2027,2,19.0,INDNE,INDNO,3.0
2027,2,19.0,INDSO,INDWE,-5.43
2028,2,19.0,INDEA,INDNE,-3.53
2028,2,19.0,INDNE,INDNO,3.0
2028,2,19.0,INDSO,INDWE,-8.49
2029,2,19.0,INDEA,INDNE,-3.53
2029,2,19.0,INDNE,INDNO,3.0
2029,2,19.0,INDSO,INDWE,-11.34
2030,2,19.0,INDEA,INDNE,-5.53
2030,2,19.0,INDEA,INDNO,0.63
2030,2,19.0,INDNE,INDNO,5.0
2030,2,19.0,INDSO,INDWE,-14.88
2031,2,19.0,INDEA,INDNE,-7.53
2031,2,19.0,INDNE,INDNO,7.0
2031,2,19.0,INDSO,INDWE,-4.75
2032,2,19.0,INDEA,INDNE,-9.53
2032,2,19.0,INDNE,INDNO,9.0
2032,2,19.0,INDSO,INDWE,-5.06
2033,2,19.0,INDEA,INDNE,-11.53
2033,2,19.0,INDNE,INDNO,11.0
2033,2,19.0,INDSO,INDWE,-5.35
2034,2,19.0,INDEA,INDNE,-13.53
2034,2,19.0,INDEA,INDSO,3.65
2034,2,19.0,INDNE,INDNO,13.0
2034,2,19.0,INDSO,INDWE,-1.89
2035,2,19.0,INDEA,INDNE,-15.53
2035,2,19.0,INDEA,INDSO,5.68
2035,2,19.0,INDEA,INDWE,0.34
2035,2,19.0,INDNE,INDNO,15.0
2036,2,19.0,INDEA,INDNE,-17.53
2036,2,19.0,INDEA,INDSO,5.79
2036,2,19.0,INDEA,INDWE,0.6
2036,2,19.0,INDNE,INDNO,17.0
2037,2,19.0,INDEA,INDNE,-19.53
2037,2,19.0,INDEA,INDSO,5.9
2037,2,19.0,INDEA,INDWE,0.87
2037,2,19.0,INDNE,INDNO,19.0
2038,2,19.0,INDEA,INDNE,-21.53
2038,2,19.0,INDEA,INDSO,6.0
2038,2,19.0,INDEA,INDWE,1.13
2038,2,19.0,INDNE,INDNO,21.0
2039,2,19.0,INDEA,INDNE,-23.53
2039,2,19.0,INDEA,INDSO,6.11
2039,2,19.0,INDEA,INDWE,1.39
2039,2,19.0,INDNE,INDNO,23.0
2040,2,19.0,INDEA,INDNE,-25.53
2040,2,19.0,INDEA,INDSO,6.22
2040,2,19.0,INDEA,INDWE,1.65
2040,2,19.0,INDNE,INDNO,25.0
2041,2,19.0,INDEA,INDNE,-27.52
2041,2,19.0,INDEA,INDSO,6.34
2041,2,19.0,INDEA,INDWE,1.94
2041,2,19.0,INDNE,INDNO,27.0
2042,2,19.0,INDEA,INDNE,-29.52
2042,2,19.0,INDEA,INDSO,6.46
2042,2,19.0,INDEA,INDWE,2.22
2042,2,19.0,INDNE,INDNO,28.99
2043,2,19.0,INDEA,INDNE,-31.52
2043,2,19.0,INDEA,INDSO,6.58
2043,2,19.0,INDEA,INDWE,2.5
2043,2,19.0,INDNE,INDNO,30.99
2044,2,19.0,INDEA,INDNE,-33.52
2044,2,19.0,INDEA,INDSO,6.65
2044,2,19.0,INDEA,INDWE,1.45
2044,2,19.0,INDNE,INDNO,32.99
2045,2,19.0,INDEA,INDNE,-35.52
2045,2,19.0,INDEA,INDSO,5.71
2045,2,19.0,INDNE,INDNO,34.99
2046,2,19.0,INDEA,INDNE,-37.52
2046,2,19.0,INDEA,INDSO,1.34
2046,2,19.0,INDNE,INDNO,36.99
2046,2,19.0,INDNO,INDWE,4.11
2047,2,19.0,INDEA,INDNE,-39.52
2047,2,19.0,INDEA,INDSO,0.65
2047,2,19.0,INDNE,INDNO,38.99
2047,2,19.0,INDNO,INDWE,0.31
2048,2,19.0,INDEA,INDNE,-41.52
2048,2,19.0,INDNE,INDNO,40.99
2049,2,19.0,INDEA,INDNE,-43.52
2049,2,19.0,INDNE,INDNO,42.99
2050,2,19.0,INDEA,INDNE,-45.52
2050,2,19.0,INDNE,INDNO,44.99
2021,2,20.0,INDEA,INDNE,2.79
2022,2,20.0,INDEA,INDNE,2.86
2022,2,20.0,INDNE,INDNO,-0.29
2023,2,20.0,INDEA,INDNE,2.85
2024,2,20.0,INDEA,INDNE,-3.53
2024,2,20.0,INDNE,INDNO,3.0
2025,2,20.0,INDEA,INDNE,-3.53
2025,2,20.0,INDNE,INDNO,3.0
2025,2,20.0,INDSO,INDWE,-2.73
2026,2,20.0,INDEA,INDNE,-3.53
2026,2,20.0,INDNE,INDNO,3.0
2026,2,20.0,INDSO,INDWE,-3.08
2027,2,20.0,INDEA,INDNE,-3.53
2027,2,20.0,INDNE,INDNO,3.0
2027,2,20.0,INDSO,INDWE,-5.43
2028,2,20.0,INDEA,INDNE,-3.53
2028,2,20.0,INDNE,INDNO,3.0
2028,2,20.0,INDSO,INDWE,-8.49
2029,2,20.0,INDEA,INDNE,-3.53
2029,2,20.0,INDNE,INDNO,3.0
2029,2,20.0,INDSO,INDWE,-11.34
2030,2,20.0,INDEA,INDNE,-5.53
2030,2,20.0,INDEA,INDNO,0.63
2030,2,20.0,INDNE,INDNO,5.0
2030,2,20.0,INDSO,INDWE,-14.88
2031,2,20.0,INDEA,INDNE,-7.53
2031,2,20.0,INDNE,INDNO,7.0
2031,2,20.0,INDSO,INDWE,-4.75
2032,2,20.0,INDEA,INDNE,-9.53
2032,2,20.0,INDNE,INDNO,9.0
2032,2,20.0,INDSO,INDWE,-5.06
2033,2,20.0,INDEA,INDNE,-11.53
2033,2,20.0,INDNE,INDNO,11.0
2033,2,20.0,INDSO,INDWE,-5.35
2034,2,20.0,INDEA,INDNE,-13.53
2034,2,20.0,INDEA,INDSO,3.65
2034,2,20.0,INDNE,INDNO,13.0
2034,2,20.0,INDSO,INDWE,-1.89
2035,2,20.0,INDEA,INDNE,-15.53
2035,2,20.0,INDEA,INDSO,5.68
2035,2,20.0,INDEA,INDWE,0.34
2035,2,20.0,INDNE,INDNO,15.0
2036,2,20.0,INDEA,INDNE,-17.53
2036,2,20.0,INDEA,INDSO,5.79
2036,2,20.0,INDEA,INDWE,0.6
2036,2,20.0,INDNE,INDNO,17.0
2037,2,20.0,INDEA,INDNE,-19.53
2037,2,20.0,INDEA,INDSO,5.9
2037,2,20.0,INDEA,INDWE,0.87
2037,2,20.0,INDNE,INDNO,19.0
2038,2,20.0,INDEA,INDNE,-21.53
2038,2,20.0,INDEA,INDSO,6.0
2038,2,20.0,INDEA,INDWE,1.13
2038,2,20.0,INDNE,INDNO,21.0
2039,2,20.0,INDEA,INDNE,-23.53
2039,2,20.0,INDEA,INDSO,6.11
2039,2,20.0,INDEA,INDWE,1.39
2039,2,20.0,INDNE,INDNO,23.0
2040,2,20.0,INDEA,INDNE,-25.53
2040,2,20.0,INDEA,INDSO,6.22
2040,2,20.0,INDEA,INDWE,1.65
2040,2,20.0,INDNE,INDNO,25.0
2041,2,20.0,INDEA,INDNE,-27.52
2041,2,20.0,INDEA,INDSO,6.34
2041,2,20.0,INDEA,INDWE,1.94
2041,2,20.0,INDNE,INDNO,27.0
2042,2,20.0,INDEA,INDNE,-29.52
2042,2,20.0,INDEA,INDSO,6.46
2042,2,20.0,INDEA,INDWE,2.22
2042,2,20.0,INDNE,INDNO,28.99
2043,2,20.0,INDEA,INDNE,-31.52
2043,2,20.0,INDEA,INDSO,6.58
2043,2,20.0,INDEA,INDWE,2.5
2043,2,20.0,INDNE,INDNO,30.99
2044,2,20.0,INDEA,INDNE,-33.52
2044,2,20.0,INDEA,INDSO,6.65
2044,2,20.0,INDEA,INDWE,1.45
2044,2,20.0,INDNE,INDNO,32.99
2045,2,20.0,INDEA,INDNE,-35.52
2045,2,20.0,INDEA,INDSO,5.71
2045,2,20.0,INDNE,INDNO,34.99
2046,2,20.0,INDEA,INDNE,-37.52
2046,2,20.0,INDEA,INDSO,1.34
2046,2,20.0,INDNE,INDNO,36.99
2046,2,20.0,INDNO,INDWE,4.11
2047,2,20.0,INDEA,INDNE,-39.52
2047,2,20.0,INDEA,INDSO,0.65
2047,2,20.0,INDNE,INDNO,38.99
2047,2,20.0,INDNO,INDWE,0.31
2048,2,20.0,INDEA,INDNE,-41.52
2048,2,20.0,INDNE,INDNO,40.99
2049,2,20.0,INDEA,INDNE,-43.52
2049,2,20.0,INDNE,INDNO,42.99
2050,2,20.0,INDEA,INDNE,-45.52
2050,2,20.0,INDNE,INDNO,44.99
2021,2,21.0,INDEA,INDNE,2.79
2022,2,21.0,INDEA,INDNE,2.86
2022,2,21.0,INDNE,INDNO,-0.29
2023,2,21.0,INDEA,INDNE,2.85
2024,2,21.0,INDEA,INDNE,-3.53
2024,2,21.0,INDNE,INDNO,3.0
2025,2,21.0,INDEA,INDNE,-3.53
2025,2,21.0,INDNE,INDNO,3.0
2025,2,21.0,INDSO,INDWE,-2.73
2026,2,21.0,INDEA,INDNE,-3.53
2026,2,21.0,INDNE,INDNO,3.0
2026,2,21.0,INDSO,INDWE,-3.08
2027,2,21.0,INDEA,INDNE,-3.53
2027,2,21.0,INDNE,INDNO,3.0
2027,2,21.0,INDSO,INDWE,-5.43
2028,2,21.0,INDEA,INDNE,-3.53
2028,2,21.0,INDNE,INDNO,3.0
2028,2,21.0,INDSO,INDWE,-8.49
2029,2,21.0,INDEA,INDNE,-3.53
2029,2,21.0,INDNE,INDNO,3.0
2029,2,21.0,INDSO,INDWE,-11.34
2030,2,21.0,INDEA,INDNE,-5.53
2030,2,21.0,INDEA,INDNO,0.63
2030,2,21.0,INDNE,INDNO,5.0
2030,2,21.0,INDSO,INDWE,-14.88
2031,2,21.0,INDEA,INDNE,-7.53
2031,2,21.0,INDNE,INDNO,7.0
2031,2,21.0,INDSO,INDWE,-4.75
2032,2,21.0,INDEA,INDNE,-9.53
2032,2,21.0,INDNE,INDNO,9.0
2032,2,21.0,INDSO,INDWE,-5.06
2033,2,21.0,INDEA,INDNE,-11.53
2033,2,21.0,INDNE,INDNO,11.0
2033,2,21.0,INDSO,INDWE,-5.35
2034,2,21.0,INDEA,INDNE,-13.53
2034,2,21.0,INDEA,INDSO,3.65
2034,2,21.0,INDNE,INDNO,13.0
2034,2,21.0,INDSO,INDWE,-1.89
2035,2,21.0,INDEA,INDNE,-15.53
2035,2,21.0,INDEA,INDSO,5.68
2035,2,21.0,INDEA,INDWE,0.34
2035,2,21.0,INDNE,INDNO,15.0
2036,2,21.0,INDEA,INDNE,-17.53
2036,2,21.0,INDEA,INDSO,5.79
2036,2,21.0,INDEA,INDWE,0.6
2036,2,21.0,INDNE,INDNO,17.0
2037,2,21.0,INDEA,INDNE,-19.53
2037,2,21.0,INDEA,INDSO,5.9
2037,2,21.0,INDEA,INDWE,0.87
2037,2,21.0,INDNE,INDNO,19.0
2038,2,21.0,INDEA,INDNE,-21.53
2038,2,21.0,INDEA,INDSO,6.0
2038,2,21.0,INDEA,INDWE,1.13
2038,2,21.0,INDNE,INDNO,21.0
2039,2,21.0,INDEA,INDNE,-23.53
2039,2,21.0,INDEA,INDSO,6.11
2039,2,21.0,INDEA,INDWE,1.39
2039,2,21.0,INDNE,INDNO,23.0
2040,2,21.0,INDEA,INDNE,-25.53
2040,2,21.0,INDEA,INDSO,6.22
2040,2,21.0,INDEA,INDWE,1.65
2040,2,21.0,INDNE,INDNO,25.0
2041,2,21.0,INDEA,INDNE,-27.52
2041,2,21.0,INDEA,INDSO,6.34
2041,2,21.0,INDEA,INDWE,1.94
2041,2,21.0,INDNE,INDNO,27.0
2042,2,21.0,INDEA,INDNE,-29.52
2042,2,21.0,INDEA,INDSO,6.46
2042,2,21.0,INDEA,INDWE,2.22
2042,2,21.0,INDNE,INDNO,28.99
2043,2,21.0,INDEA,INDNE,-31.52
2043,2,21.0,INDEA,INDSO,6.58
2043,2,21.0,INDEA,INDWE,2.5
2043,2,21.0,INDNE,INDNO,30.99
2044,2,21.0,INDEA,INDNE,-33.52
2044,2,21.0,INDEA,INDSO,6.65
2044,2,21.0,INDEA,INDWE,1.45
2044,2,21.0,INDNE,INDNO,32.99
2045,2,21.0,INDEA,INDNE,-35.52
2045,2,21.0,INDEA,INDSO,5.71
2045,2,21.0,INDNE,INDNO,34.99
2046,2,21.0,INDEA,INDNE,-37.52
2046,2,21.0,INDEA,INDSO,1.34
2046,2,21.0,INDNE,INDNO,36.99
2046,2,21.0,INDNO,INDWE,4.11
2047,2,21.0,INDEA,INDNE,-39.52
2047,2,21.0,INDEA,INDSO,0.65
2047,2,21.0,INDNE,INDNO,38.99
2047,2,21.0,INDNO,INDWE,0.31
2048,2,21.0,INDEA,INDNE,-41.52
2048,2,21.0,INDNE,INDNO,40.99
2049,2,21.0,INDEA,INDNE,-43.52
2049,2,21.0,INDNE,INDNO,42.99
2050,2,21.0,INDEA,INDNE,-45.52
2050,2,21.0,INDNE,INDNO,44.99
2021,2,22.0,INDEA,INDNE,2.79
2022,2,22.0,INDEA,INDNE,2.86
2022,2,22.0,INDNE,INDNO,-0.29
2023,2,22.0,INDEA,INDNE,2.85
2024,2,22.0,INDEA,INDNE,-3.53
2024,2,22.0,INDNE,INDNO,3.0
2025,2,22.0,INDEA,INDNE,-3.53
2025,2,22.0,INDNE,INDNO,3.0
2025,2,22.0,INDSO,INDWE,-2.73
2026,2,22.0,INDEA,INDNE,-3.53
2026,2,22.0,INDNE,INDNO,3.0
2026,2,22.0,INDSO,INDWE,-3.08
2027,2,22.0,INDEA,INDNE,-3.53
2027,2,22.0,INDNE,INDNO,3.0
2027,2,22.0,INDSO,INDWE,-5.43
2028,2,22.0,INDEA,INDNE,-3.53
2028,2,22.0,INDNE,INDNO,3.0
2028,2,22.0,INDSO,INDWE,-8.49
2029,2,22.0,INDEA,INDNE,-3.53
2029,2,22.0,INDNE,INDNO,3.0
2029,2,22.0,INDSO,INDWE,-11.34
2030,2,22.0,INDEA,INDNE,-5.53
2030,2,22.0,INDEA,INDNO,0.63
2030,2,22.0,INDNE,INDNO,5.0
2030,2,22.0,INDSO,INDWE,-14.88
2031,2,22.0,INDEA,INDNE,-7.53
2031,2,22.0,INDNE,INDNO,7.0
2031,2,22.0,INDSO,INDWE,-4.75
2032,2,22.0,INDEA,INDNE,-9.53
2032,2,22.0,INDNE,INDNO,9.0
2032,2,22.0,INDSO,INDWE,-5.06
2033,2,22.0,INDEA,INDNE,-11.53
2033,2,22.0,INDNE,INDNO,11.0
2033,2,22.0,INDSO,INDWE,-5.35
2034,2,22.0,INDEA,INDNE,-13.53
2034,2,22.0,INDEA,INDSO,3.65
2034,2,22.0,INDNE,INDNO,13.0
2034,2,22.0,INDSO,INDWE,-1.89
2035,2,22.0,INDEA,INDNE,-15.53
2035,2,22.0,INDEA,INDSO,5.68
2035,2,22.0,INDEA,INDWE,0.34
2035,2,22.0,INDNE,INDNO,15.0
2036,2,22.0,INDEA,INDNE,-17.53
2036,2,22.0,INDEA,INDSO,5.79
2036,2,22.0,INDEA,INDWE,0.6
2036,2,22.0,INDNE,INDNO,17.0
2037,2,22.0,INDEA,INDNE,-19.53
2037,2,22.0,INDEA,INDSO,5.9
2037,2,22.0,INDEA,INDWE,0.87
2037,2,22.0,INDNE,INDNO,19.0
2038,2,22.0,INDEA,INDNE,-21.53
2038,2,22.0,INDEA,INDSO,6.0
2038,2,22.0,INDEA,INDWE,1.13
2038,2,22.0,INDNE,INDNO,21.0
2039,2,22.0,INDEA,INDNE,-23.53
2039,2,22.0,INDEA,INDSO,6.11
2039,2,22.0,INDEA,INDWE,1.39
2039,2,22.0,INDNE,INDNO,23.0
2040,2,22.0,INDEA,INDNE,-25.53
2040,2,22.0,INDEA,INDSO,6.22
2040,2,22.0,INDEA,INDWE,1.65
2040,2,22.0,INDNE,INDNO,25.0
2041,2,22.0,INDEA,INDNE,-27.52
2041,2,22.0,INDEA,INDSO,6.34
2041,2,22.0,INDEA,INDWE,1.94
2041,2,22.0,INDNE,INDNO,27.0
2042,2,22.0,INDEA,INDNE,-29.52
2042,2,22.0,INDEA,INDSO,6.46
2042,2,22.0,INDEA,INDWE,2.22
2042,2,22.0,INDNE,INDNO,28.99
2043,2,22.0,INDEA,INDNE,-31.52
2043,2,22.0,INDEA,INDSO,6.58
2043,2,22.0,INDEA,INDWE,2.5
2043,2,22.0,INDNE,INDNO,30.99
2044,2,22.0,INDEA,INDNE,-33.52
2044,2,22.0,INDEA,INDSO,6.65
2044,2,22.0,INDEA,INDWE,1.45
2044,2,22.0,INDNE,INDNO,32.99
2045,2,22.0,INDEA,INDNE,-35.52
2045,2,22.0,INDEA,INDSO,5.71
2045,2,22.0,INDNE,INDNO,34.99
2046,2,22.0,INDEA,INDNE,-37.52
2046,2,22.0,INDEA,INDSO,1.34
2046,2,22.0,INDNE,INDNO,36.99
2046,2,22.0,INDNO,INDWE,4.11
2047,2,22.0,INDEA,INDNE,-39.52
2047,2,22.0,INDEA,INDSO,0.65
2047,2,22.0,INDNE,INDNO,38.99
2047,2,22.0,INDNO,INDWE,0.31
2048,2,22.0,INDEA,INDNE,-41.52
2048,2,22.0,INDNE,INDNO,40.99
2049,2,22.0,INDEA,INDNE,-43.52
2049,2,22.0,INDNE,INDNO,42.99
2050,2,22.0,INDEA,INDNE,-45.52
2050,2,22.0,INDNE,INDNO,44.99
2021,2,23.0,INDEA,INDNE,2.79
2022,2,23.0,INDEA,INDNE,2.86
2022,2,23.0,INDNE,INDNO,-0.29
2023,2,23.0,INDEA,INDNE,2.85
2024,2,23.0,INDEA,INDNE,-3.53
2024,2,23.0,INDNE,INDNO,3.0
2025,2,23.0,INDEA,INDNE,-3.53
2025,2,23.0,INDNE,INDNO,3.0
2025,2,23.0,INDSO,INDWE,-2.73
2026,2,23.0,INDEA,INDNE,-3.53
2026,2,23.0,INDNE,INDNO,3.0
2026,2,23.0,INDSO,INDWE,-3.08
2027,2,23.0,INDEA,INDNE,-3.53
2027,2,23.0,INDNE,INDNO,3.0
2027,2,23.0,INDSO,INDWE,-5.43
2028,2,23.0,INDEA,INDNE,-3.53
2028,2,23.0,INDNE,INDNO,3.0
2028,2,23.0,INDSO,INDWE,-8.49
2029,2,23.0,INDEA,INDNE,-3.53
2029,2,23.0,INDNE,INDNO,3.0
2029,2,23.0,INDSO,INDWE,-11.34
2030,2,23.0,INDEA,INDNE,-5.53
2030,2,23.0,INDEA,INDNO,0.63
2030,2,23.0,INDNE,INDNO,5.0
2030,2,23.0,INDSO,INDWE,-14.88
2031,2,23.0,INDEA,INDNE,-7.53
2031,2,23.0,INDNE,INDNO,7.0
2031,2,23.0,INDSO,INDWE,-4.75
2032,2,23.0,INDEA,INDNE,-9.53
2032,2,23.0,INDNE,INDNO,9.0
2032,2,23.0,INDSO,INDWE,-5.06
2033,2,23.0,INDEA,INDNE,-11.53
2033,2,23.0,INDNE,INDNO,11.0
2033,2,23.0,INDSO,INDWE,-5.35
2034,2,23.0,INDEA,INDNE,-13.53
2034,2,23.0,INDEA,INDSO,3.65
2034,2,23.0,INDNE,INDNO,13.0
2034,2,23.0,INDSO,INDWE,-1.89
2035,2,23.0,INDEA,INDNE,-15.53
2035,2,23.0,INDEA,INDSO,5.68
2035,2,23.0,INDEA,INDWE,0.34
2035,2,23.0,INDNE,INDNO,15.0
2036,2,23.0,INDEA,INDNE,-17.53
2036,2,23.0,INDEA,INDSO,5.79
2036,2,23.0,INDEA,INDWE,0.6
2036,2,23.0,INDNE,INDNO,17.0
2037,2,23.0,INDEA,INDNE,-19.53
2037,2,23.0,INDEA,INDSO,5.9
2037,2,23.0,INDEA,INDWE,0.87
2037,2,23.0,INDNE,INDNO,19.0
2038,2,23.0,INDEA,INDNE,-21.53
2038,2,23.0,INDEA,INDSO,6.0
2038,2,23.0,INDEA,INDWE,1.13
2038,2,23.0,INDNE,INDNO,21.0
2039,2,23.0,INDEA,INDNE,-23.53
2039,2,23.0,INDEA,INDSO,6.11
2039,2,23.0,INDEA,INDWE,1.39
2039,2,23.0,INDNE,INDNO,23.0
2040,2,23.0,INDEA,INDNE,-25.53
2040,2,23.0,INDEA,INDSO,6.22
2040,2,23.0,INDEA,INDWE,1.65
2040,2,23.0,INDNE,INDNO,25.0
2041,2,23.0,INDEA,INDNE,-27.52
2041,2,23.0,INDEA,INDSO,6.34
2041,2,23.0,INDEA,INDWE,1.94
2041,2,23.0,INDNE,INDNO,27.0
2042,2,23.0,INDEA,INDNE,-29.52
2042,2,23.0,INDEA,INDSO,6.46
2042,2,23.0,INDEA,INDWE,2.22
2042,2,23.0,INDNE,INDNO,28.99
2043,2,23.0,INDEA,INDNE,-31.52
2043,2,23.0,INDEA,INDSO,6.58
2043,2,23.0,INDEA,INDWE,2.5
2043,2,23.0,INDNE,INDNO,30.99
2044,2,23.0,INDEA,INDNE,-33.52
2044,2,23.0,INDEA,INDSO,6.65
2044,2,23.0,INDEA,INDWE,1.45
2044,2,23.0,INDNE,INDNO,32.99
2045,2,23.0,INDEA,INDNE,-35.52
2045,2,23.0,INDEA,INDSO,5.71
2045,2,23.0,INDNE,INDNO,34.99
2046,2,23.0,INDEA,INDNE,-37.52
2046,2,23.0,INDEA,INDSO,1.34
2046,2,23.0,INDNE,INDNO,36.99
2046,2,23.0,INDNO,INDWE,4.11
2047,2,23.0,INDEA,INDNE,-39.52
2047,2,23.0,INDEA,INDSO,0.65
2047,2,23.0,INDNE,INDNO,38.99
2047,2,23.0,INDNO,INDWE,0.31
2048,2,23.0,INDEA,INDNE,-41.52
2048,2,23.0,INDNE,INDNO,40.99
2049,2,23.0,INDEA,INDNE,-43.52
2049,2,23.0,INDNE,INDNO,42.99
2050,2,23.0,INDEA,INDNE,-45.52
2050,2,23.0,INDNE,INDNO,44.99
2021,2,24.0,INDEA,INDNE,2.79
2022,2,24.0,INDEA,INDNE,2.86
2022,2,24.0,INDNE,INDNO,-0.29
2023,2,24.0,INDEA,INDNE,2.85
2024,2,24.0,INDEA,INDNE,-3.53
2024,2,24.0,INDNE,INDNO,3.0
2025,2,24.0,INDEA,INDNE,-3.53
2025,2,24.0,INDNE,INDNO,3.0
2025,2,24.0,INDSO,INDWE,-2.73
2026,2,24.0,INDEA,INDNE,-3.53
2026,2,24.0,INDNE,INDNO,3.0
2026,2,24.0,INDSO,INDWE,-3.08
2027,2,24.0,INDEA,INDNE,-3.53
2027,2,24.0,INDNE,INDNO,3.0
2027,2,24.0,INDSO,INDWE,-5.43
2028,2,24.0,INDEA,INDNE,-3.53
2028,2,24.0,INDNE,INDNO,3.0
2028,2,24.0,INDSO,INDWE,-8.49
2029,2,24.0,INDEA,INDNE,-3.53
2029,2,24.0,INDNE,INDNO,3.0
2029,2,24.0,INDSO,INDWE,-11.34
2030,2,24.0,INDEA,INDNE,-5.53
2030,2,24.0,INDEA,INDNO,0.63
2030,2,24.0,INDNE,INDNO,5.0
2030,2,24.0,INDSO,INDWE,-14.88
2031,2,24.0,INDEA,INDNE,-7.53
2031,2,24.0,INDNE,INDNO,7.0
2031,2,24.0,INDSO,INDWE,-4.75
2032,2,24.0,INDEA,INDNE,-9.53
2032,2,24.0,INDNE,INDNO,9.0
2032,2,24.0,INDSO,INDWE,-5.06
2033,2,24.0,INDEA,INDNE,-11.53
2033,2,24.0,INDNE,INDNO,11.0
2033,2,24.0,INDSO,INDWE,-5.35
2034,2,24.0,INDEA,INDNE,-13.53
2034,2,24.0,INDEA,INDSO,3.65
2034,2,24.0,INDNE,INDNO,13.0
2034,2,24.0,INDSO,INDWE,-1.89
2035,2,24.0,INDEA,INDNE,-15.53
2035,2,24.0,INDEA,INDSO,5.68
2035,2,24.0,INDEA,INDWE,0.34
2035,2,24.0,INDNE,INDNO,15.0
2036,2,24.0,INDEA,INDNE,-17.53
2036,2,24.0,INDEA,INDSO,5.79
2036,2,24.0,INDEA,INDWE,0.6
2036,2,24.0,INDNE,INDNO,17.0
2037,2,24.0,INDEA,INDNE,-19.53
2037,2,24.0,INDEA,INDSO,5.9
2037,2,24.0,INDEA,INDWE,0.87
2037,2,24.0,INDNE,INDNO,19.0
2038,2,24.0,INDEA,INDNE,-21.53
2038,2,24.0,INDEA,INDSO,6.0
2038,2,24.0,INDEA,INDWE,1.13
2038,2,24.0,INDNE,INDNO,21.0
2039,2,24.0,INDEA,INDNE,-23.53
2039,2,24.0,INDEA,INDSO,6.11
2039,2,24.0,INDEA,INDWE,1.39
2039,2,24.0,INDNE,INDNO,23.0
2040,2,24.0,INDEA,INDNE,-25.53
2040,2,24.0,INDEA,INDSO,6.22
2040,2,24.0,INDEA,INDWE,1.65
2040,2,24.0,INDNE,INDNO,25.0
2041,2,24.0,INDEA,INDNE,-27.52
2041,2,24.0,INDEA,INDSO,6.34
2041,2,24.0,INDEA,INDWE,1.94
2041,2,24.0,INDNE,INDNO,27.0
2042,2,24.0,INDEA,INDNE,-29.52
2042,2,24.0,INDEA,INDSO,6.46
2042,2,24.0,INDEA,INDWE,2.22
2042,2,24.0,INDNE,INDNO,28.99
2043,2,24.0,INDEA,INDNE,-31.52
2043,2,24.0,INDEA,INDSO,6.58
2043,2,24.0,INDEA,INDWE,2.5
2043,2,24.0,INDNE,INDNO,30.99
2044,2,24.0,INDEA,INDNE,-33.52
2044,2,24.0,INDEA,INDSO,6.65
2044,2,24.0,INDEA,INDWE,1.45
2044,2,24.0,INDNE,INDNO,32.99
2045,2,24.0,INDEA,INDNE,-35.52
2045,2,24.0,INDEA,INDSO,5.71
2045,2,24.0,INDNE,INDNO,34.99
2046,2,24.0,INDEA,INDNE,-37.52
2046,2,24.0,INDEA,INDSO,1.34
2046,2,24.0,INDNE,INDNO,36.99
2046,2,24.0,INDNO,INDWE,4.11
2047,2,24.0,INDEA,INDNE,-39.52
2047,2,24.0,INDEA,INDSO,0.65
2047,2,24.0,INDNE,INDNO,38.99
2047,2,24.0,INDNO,INDWE,0.31
2048,2,24.0,INDEA,INDNE,-41.52
2048,2,24.0,INDNE,INDNO,40.99
2049,2,24.0,INDEA,INDNE,-43.52
2049,2,24.0,INDNE,INDNO,42.99
2050,2,24.0,INDEA,INDNE,-45.52
2050,2,24.0,INDNE,INDNO,44.99
2021,3,1.0,INDEA,INDNE,2.68
2022,3,1.0,INDEA,INDNE,2.86
2023,3,1.0,INDEA,INDNE,2.43
2024,3,1.0,INDEA,INDNE,-3.53
2024,3,1.0,INDNE,INDNO,3.0
2025,3,1.0,INDEA,INDNE,-3.53
2025,3,1.0,INDEA,INDNO,-4.54
2025,3,1.0,INDNE,INDNO,3.0
2025,3,1.0,INDNO,INDWE,12.63
2025,3,1.0,INDSO,INDWE,-15.66
2026,3,1.0,INDEA,INDNE,-3.53
2026,3,1.0,INDEA,INDNO,-5.34
2026,3,1.0,INDNE,INDNO,3.0
2026,3,1.0,INDNO,INDWE,9.96
2026,3,1.0,INDSO,INDWE,-12.83
2027,3,1.0,INDEA,INDNE,-3.53
2027,3,1.0,INDEA,INDNO,-6.34
2027,3,1.0,INDNE,INDNO,3.0
2027,3,1.0,INDNO,INDWE,6.96
2027,3,1.0,INDSO,INDWE,-7.91
2028,3,1.0,INDEA,INDNE,-3.53
2028,3,1.0,INDEA,INDNO,-8.19
2028,3,1.0,INDNE,INDNO,3.0
2028,3,1.0,INDNO,INDWE,4.24
2028,3,1.0,INDSO,INDWE,-3.48
2029,3,1.0,INDEA,INDNE,-3.53
2029,3,1.0,INDEA,INDNO,-9.21
2029,3,1.0,INDNE,INDNO,3.0
2029,3,1.0,INDNO,INDWE,0.77
2030,3,1.0,INDEA,INDNE,-5.53
2030,3,1.0,INDEA,INDNO,-8.16
2030,3,1.0,INDNE,INDNO,5.0
2030,3,1.0,INDNO,INDWE,2.19
2031,3,1.0,INDEA,INDNE,-7.53
2031,3,1.0,INDEA,INDNO,-5.83
2031,3,1.0,INDNE,INDNO,7.0
2032,3,1.0,INDEA,INDNE,-9.53
2032,3,1.0,INDEA,INDNO,-4.18
2032,3,1.0,INDNE,INDNO,9.0
2033,3,1.0,INDEA,INDNE,-11.53
2033,3,1.0,INDNE,INDNO,11.0
2034,3,1.0,INDEA,INDNE,-13.53
2034,3,1.0,INDNE,INDNO,13.0
2035,3,1.0,INDEA,INDNE,-15.53
2035,3,1.0,INDNE,INDNO,15.0
2036,3,1.0,INDEA,INDNE,-17.53
2036,3,1.0,INDNE,INDNO,17.0
2037,3,1.0,INDEA,INDNE,-19.53
2037,3,1.0,INDNE,INDNO,19.0
2038,3,1.0,INDEA,INDNE,-21.53
2038,3,1.0,INDNE,INDNO,21.0
2039,3,1.0,INDEA,INDNE,-23.53
2039,3,1.0,INDNE,INDNO,23.0
2040,3,1.0,INDEA,INDNE,-25.53
2040,3,1.0,INDNE,INDNO,25.0
2041,3,1.0,INDEA,INDNE,-27.52
2041,3,1.0,INDNE,INDNO,27.0
2042,3,1.0,INDEA,INDNE,-29.52
2042,3,1.0,INDNE,INDNO,28.99
2043,3,1.0,INDEA,INDNE,-31.52
2043,3,1.0,INDNE,INDNO,30.99
2044,3,1.0,INDEA,INDNE,-33.52
2044,3,1.0,INDNE,INDNO,32.99
2045,3,1.0,INDEA,INDNE,-35.52
2045,3,1.0,INDNE,INDNO,34.99
2045,3,1.0,INDSO,INDWE,-9.88
2046,3,1.0,INDEA,INDNE,-37.52
2046,3,1.0,INDNE,INDNO,30.39
2046,3,1.0,INDSO,INDWE,-16.42
2047,3,1.0,INDEA,INDNE,-39.52
2047,3,1.0,INDNE,INDNO,28.8
2047,3,1.0,INDSO,INDWE,-25.25
2048,3,1.0,INDEA,INDNE,-41.52
2048,3,1.0,INDEA,INDSO,1.18
2048,3,1.0,INDNE,INDNO,32.89
2048,3,1.0,INDSO,INDWE,-30.11
2049,3,1.0,INDEA,INDNE,-43.52
2049,3,1.0,INDEA,INDSO,7.83
2049,3,1.0,INDNE,INDNO,34.01
2049,3,1.0,INDSO,INDWE,-32.11
2050,3,1.0,INDEA,INDNE,-45.52
2050,3,1.0,INDEA,INDSO,7.94
2050,3,1.0,INDNE,INDNO,35.54
2050,3,1.0,INDSO,INDWE,-34.11
2021,3,2.0,INDEA,INDNE,2.68
2022,3,2.0,INDEA,INDNE,2.86
2023,3,2.0,INDEA,INDNE,2.43
2024,3,2.0,INDEA,INDNE,-3.53
2024,3,2.0,INDNE,INDNO,3.0
2025,3,2.0,INDEA,INDNE,-3.53
2025,3,2.0,INDEA,INDNO,-4.54
2025,3,2.0,INDNE,INDNO,3.0
2025,3,2.0,INDNO,INDWE,12.63
2025,3,2.0,INDSO,INDWE,-15.66
2026,3,2.0,INDEA,INDNE,-3.53
2026,3,2.0,INDEA,INDNO,-5.34
2026,3,2.0,INDNE,INDNO,3.0
2026,3,2.0,INDNO,INDWE,9.96
2026,3,2.0,INDSO,INDWE,-12.83
2027,3,2.0,INDEA,INDNE,-3.53
2027,3,2.0,INDEA,INDNO,-6.34
2027,3,2.0,INDNE,INDNO,3.0
2027,3,2.0,INDNO,INDWE,6.96
2027,3,2.0,INDSO,INDWE,-7.91
2028,3,2.0,INDEA,INDNE,-3.53
2028,3,2.0,INDEA,INDNO,-8.19
2028,3,2.0,INDNE,INDNO,3.0
2028,3,2.0,INDNO,INDWE,4.24
2028,3,2.0,INDSO,INDWE,-3.48
2029,3,2.0,INDEA,INDNE,-3.53
2029,3,2.0,INDEA,INDNO,-9.21
2029,3,2.0,INDNE,INDNO,3.0
2029,3,2.0,INDNO,INDWE,0.77
2030,3,2.0,INDEA,INDNE,-5.53
2030,3,2.0,INDEA,INDNO,-8.16
2030,3,2.0,INDNE,INDNO,5.0
2030,3,2.0,INDNO,INDWE,2.19
2031,3,2.0,INDEA,INDNE,-7.53
2031,3,2.0,INDEA,INDNO,-5.83
2031,3,2.0,INDNE,INDNO,7.0
2032,3,2.0,INDEA,INDNE,-9.53
2032,3,2.0,INDEA,INDNO,-4.18
2032,3,2.0,INDNE,INDNO,9.0
2033,3,2.0,INDEA,INDNE,-11.53
2033,3,2.0,INDNE,INDNO,11.0
2034,3,2.0,INDEA,INDNE,-13.53
2034,3,2.0,INDNE,INDNO,13.0
2035,3,2.0,INDEA,INDNE,-15.53
2035,3,2.0,INDNE,INDNO,15.0
2036,3,2.0,INDEA,INDNE,-17.53
2036,3,2.0,INDNE,INDNO,17.0
2037,3,2.0,INDEA,INDNE,-19.53
2037,3,2.0,INDNE,INDNO,19.0
2038,3,2.0,INDEA,INDNE,-21.53
2038,3,2.0,INDNE,INDNO,21.0
2039,3,2.0,INDEA,INDNE,-23.53
2039,3,2.0,INDNE,INDNO,23.0
2040,3,2.0,INDEA,INDNE,-25.53
2040,3,2.0,INDNE,INDNO,25.0
2041,3,2.0,INDEA,INDNE,-27.52
2041,3,2.0,INDNE,INDNO,27.0
2042,3,2.0,INDEA,INDNE,-29.52
2042,3,2.0,INDNE,INDNO,28.99
2043,3,2.0,INDEA,INDNE,-31.52
2043,3,2.0,INDNE,INDNO,30.99
2044,3,2.0,INDEA,INDNE,-33.52
2044,3,2.0,INDNE,INDNO,32.99
2045,3,2.0,INDEA,INDNE,-35.52
2045,3,2.0,INDNE,INDNO,34.99
2045,3,2.0,INDSO,INDWE,-9.88
2046,3,2.0,INDEA,INDNE,-37.52
2046,3,2.0,INDNE,INDNO,30.39
2046,3,2.0,INDSO,INDWE,-16.42
2047,3,2.0,INDEA,INDNE,-39.52
2047,3,2.0,INDNE,INDNO,28.8
2047,3,2.0,INDSO,INDWE,-25.25
2048,3,2.0,INDEA,INDNE,-41.52
2048,3,2.0,INDEA,INDSO,1.18
2048,3,2.0,INDNE,INDNO,32.89
2048,3,2.0,INDSO,INDWE,-30.11
2049,3,2.0,INDEA,INDNE,-43.52
2049,3,2.0,INDEA,INDSO,7.83
2049,3,2.0,INDNE,INDNO,34.01
2049,3,2.0,INDSO,INDWE,-32.11
2050,3,2.0,INDEA,INDNE,-45.52
2050,3,2.0,INDEA,INDSO,7.94
2050,3,2.0,INDNE,INDNO,35.54
2050,3,2.0,INDSO,INDWE,-34.11
2021,3,3.0,INDEA,INDNE,2.68
2022,3,3.0,INDEA,INDNE,2.86
2023,3,3.0,INDEA,INDNE,2.43
2024,3,3.0,INDEA,INDNE,-3.53
2024,3,3.0,INDNE,INDNO,3.0
2025,3,3.0,INDEA,INDNE,-3.53
2025,3,3.0,INDEA,INDNO,-4.54
2025,3,3.0,INDNE,INDNO,3.0
2025,3,3.0,INDNO,INDWE,12.63
2025,3,3.0,INDSO,INDWE,-15.66
2026,3,3.0,INDEA,INDNE,-3.53
2026,3,3.0,INDEA,INDNO,-5.34
2026,3,3.0,INDNE,INDNO,3.0
2026,3,3.0,INDNO,INDWE,9.96
2026,3,3.0,INDSO,INDWE,-12.83
2027,3,3.0,INDEA,INDNE,-3.53
2027,3,3.0,INDEA,INDNO,-6.34
2027,3,3.0,INDNE,INDNO,3.0
2027,3,3.0,INDNO,INDWE,6.96
2027,3,3.0,INDSO,INDWE,-7.91
2028,3,3.0,INDEA,INDNE,-3.53
2028,3,3.0,INDEA,INDNO,-8.19
2028,3,3.0,INDNE,INDNO,3.0
2028,3,3.0,INDNO,INDWE,4.24
2028,3,3.0,INDSO,INDWE,-3.48
2029,3,3.0,INDEA,INDNE,-3.53
2029,3,3.0,INDEA,INDNO,-9.21
2029,3,3.0,INDNE,INDNO,3.0
2029,3,3.0,INDNO,INDWE,0.77
2030,3,3.0,INDEA,INDNE,-5.53
2030,3,3.0,INDEA,INDNO,-8.16
2030,3,3.0,INDNE,INDNO,5.0
2030,3,3.0,INDNO,INDWE,2.19
2031,3,3.0,INDEA,INDNE,-7.53
2031,3,3.0,INDEA,INDNO,-5.83
2031,3,3.0,INDNE,INDNO,7.0
2032,3,3.0,INDEA,INDNE,-9.53
2032,3,3.0,INDEA,INDNO,-4.18
2032,3,3.0,INDNE,INDNO,9.0
2033,3,3.0,INDEA,INDNE,-11.53
2033,3,3.0,INDNE,INDNO,11.0
2034,3,3.0,INDEA,INDNE,-13.53
2034,3,3.0,INDNE,INDNO,13.0
2035,3,3.0,INDEA,INDNE,-15.53
2035,3,3.0,INDNE,INDNO,15.0
2036,3,3.0,INDEA,INDNE,-17.53
2036,3,3.0,INDNE,INDNO,17.0
2037,3,3.0,INDEA,INDNE,-19.53
2037,3,3.0,INDNE,INDNO,19.0
2038,3,3.0,INDEA,INDNE,-21.53
2038,3,3.0,INDNE,INDNO,21.0
2039,3,3.0,INDEA,INDNE,-23.53
2039,3,3.0,INDNE,INDNO,23.0
2040,3,3.0,INDEA,INDNE,-25.53
2040,3,3.0,INDNE,INDNO,25.0
2041,3,3.0,INDEA,INDNE,-27.52
2041,3,3.0,INDNE,INDNO,27.0
2042,3,3.0,INDEA,INDNE,-29.52
2042,3,3.0,INDNE,INDNO,28.99
2043,3,3.0,INDEA,INDNE,-31.52
2043,3,3.0,INDNE,INDNO,30.99
2044,3,3.0,INDEA,INDNE,-33.52
2044,3,3.0,INDNE,INDNO,32.99
2045,3,3.0,INDEA,INDNE,-35.52
2045,3,3.0,INDNE,INDNO,34.99
2045,3,3.0,INDSO,INDWE,-9.88
2046,3,3.0,INDEA,INDNE,-37.52
2046,3,3.0,INDNE,INDNO,30.39
2046,3,3.0,INDSO,INDWE,-16.42
2047,3,3.0,INDEA,INDNE,-39.52
2047,3,3.0,INDNE,INDNO,28.8
2047,3,3.0,INDSO,INDWE,-25.25
2048,3,3.0,INDEA,INDNE,-41.52
2048,3,3.0,INDEA,INDSO,1.18
2048,3,3.0,INDNE,INDNO,32.89
2048,3,3.0,INDSO,INDWE,-30.11
2049,3,3.0,INDEA,INDNE,-43.52
2049,3,3.0,INDEA,INDSO,7.83
2049,3,3.0,INDNE,INDNO,34.01
2049,3,3.0,INDSO,INDWE,-32.11
2050,3,3.0,INDEA,INDNE,-45.52
2050,3,3.0,INDEA,INDSO,7.94
2050,3,3.0,INDNE,INDNO,35.54
2050,3,3.0,INDSO,INDWE,-34.11
2021,3,4.0,INDEA,INDNE,2.68
2022,3,4.0,INDEA,INDNE,2.86
2023,3,4.0,INDEA,INDNE,2.43
2024,3,4.0,INDEA,INDNE,-3.53
2024,3,4.0,INDNE,INDNO,3.0
2025,3,4.0,INDEA,INDNE,-3.53
2025,3,4.0,INDEA,INDNO,-4.54
2025,3,4.0,INDNE,INDNO,3.0
2025,3,4.0,INDNO,INDWE,12.63
2025,3,4.0,INDSO,INDWE,-15.66
2026,3,4.0,INDEA,INDNE,-3.53
2026,3,4.0,INDEA,INDNO,-5.34
2026,3,4.0,INDNE,INDNO,3.0
2026,3,4.0,INDNO,INDWE,9.96
2026,3,4.0,INDSO,INDWE,-12.83
2027,3,4.0,INDEA,INDNE,-3.53
2027,3,4.0,INDEA,INDNO,-6.34
2027,3,4.0,INDNE,INDNO,3.0
2027,3,4.0,INDNO,INDWE,6.96
2027,3,4.0,INDSO,INDWE,-7.91
2028,3,4.0,INDEA,INDNE,-3.53
2028,3,4.0,INDEA,INDNO,-8.19
2028,3,4.0,INDNE,INDNO,3.0
2028,3,4.0,INDNO,INDWE,4.24
2028,3,4.0,INDSO,INDWE,-3.48
2029,3,4.0,INDEA,INDNE,-3.53
2029,3,4.0,INDEA,INDNO,-9.21
2029,3,4.0,INDNE,INDNO,3.0
2029,3,4.0,INDNO,INDWE,0.77
2030,3,4.0,INDEA,INDNE,-5.53
2030,3,4.0,INDEA,INDNO,-8.16
2030,3,4.0,INDNE,INDNO,5.0
2030,3,4.0,INDNO,INDWE,2.19
2031,3,4.0,INDEA,INDNE,-7.53
2031,3,4.0,INDEA,INDNO,-5.83
2031,3,4.0,INDNE,INDNO,7.0
2032,3,4.0,INDEA,INDNE,-9.53
2032,3,4.0,INDEA,INDNO,-4.18
2032,3,4.0,INDNE,INDNO,9.0
2033,3,4.0,INDEA,INDNE,-11.53
2033,3,4.0,INDNE,INDNO,11.0
2034,3,4.0,INDEA,INDNE,-13.53
2034,3,4.0,INDNE,INDNO,13.0
2035,3,4.0,INDEA,INDNE,-15.53
2035,3,4.0,INDNE,INDNO,15.0
2036,3,4.0,INDEA,INDNE,-17.53
2036,3,4.0,INDNE,INDNO,17.0
2037,3,4.0,INDEA,INDNE,-19.53
2037,3,4.0,INDNE,INDNO,19.0
2038,3,4.0,INDEA,INDNE,-21.53
2038,3,4.0,INDNE,INDNO,21.0
2039,3,4.0,INDEA,INDNE,-23.53
2039,3,4.0,INDNE,INDNO,23.0
2040,3,4.0,INDEA,INDNE,-25.53
2040,3,4.0,INDNE,INDNO,25.0
2041,3,4.0,INDEA,INDNE,-27.52
2041,3,4.0,INDNE,INDNO,27.0
2042,3,4.0,INDEA,INDNE,-29.52
2042,3,4.0,INDNE,INDNO,28.99
2043,3,4.0,INDEA,INDNE,-31.52
2043,3,4.0,INDNE,INDNO,30.99
2044,3,4.0,INDEA,INDNE,-33.52
2044,3,4.0,INDNE,INDNO,32.99
2045,3,4.0,INDEA,INDNE,-35.52
2045,3,4.0,INDNE,INDNO,34.99
2045,3,4.0,INDSO,INDWE,-9.88
2046,3,4.0,INDEA,INDNE,-37.52
2046,3,4.0,INDNE,INDNO,30.39
2046,3,4.0,INDSO,INDWE,-16.42
2047,3,4.0,INDEA,INDNE,-39.52
2047,3,4.0,INDNE,INDNO,28.8
2047,3,4.0,INDSO,INDWE,-25.25
2048,3,4.0,INDEA,INDNE,-41.52
2048,3,4.0,INDEA,INDSO,1.18
2048,3,4.0,INDNE,INDNO,32.89
2048,3,4.0,INDSO,INDWE,-30.11
2049,3,4.0,INDEA,INDNE,-43.52
2049,3,4.0,INDEA,INDSO,7.83
2049,3,4.0,INDNE,INDNO,34.01
2049,3,4.0,INDSO,INDWE,-32.11
2050,3,4.0,INDEA,INDNE,-45.52
2050,3,4.0,INDEA,INDSO,7.94
2050,3,4.0,INDNE,INDNO,35.54
2050,3,4.0,INDSO,INDWE,-34.11
2021,3,5.0,INDEA,INDNE,2.68
2022,3,5.0,INDEA,INDNE,2.86
2023,3,5.0,INDEA,INDNE,2.43
2024,3,5.0,INDEA,INDNE,-3.53
2024,3,5.0,INDNE,INDNO,3.0
2025,3,5.0,INDEA,INDNE,-3.53
2025,3,5.0,INDEA,INDNO,-4.54
2025,3,5.0,INDNE,INDNO,3.0
2025,3,5.0,INDNO,INDWE,12.63
2025,3,5.0,INDSO,INDWE,-15.66
2026,3,5.0,INDEA,INDNE,-3.53
2026,3,5.0,INDEA,INDNO,-5.34
2026,3,5.0,INDNE,INDNO,3.0
2026,3,5.0,INDNO,INDWE,9.96
2026,3,5.0,INDSO,INDWE,-12.83
2027,3,5.0,INDEA,INDNE,-3.53
2027,3,5.0,INDEA,INDNO,-6.34
2027,3,5.0,INDNE,INDNO,3.0
2027,3,5.0,INDNO,INDWE,6.96
2027,3,5.0,INDSO,INDWE,-7.91
2028,3,5.0,INDEA,INDNE,-3.53
2028,3,5.0,INDEA,INDNO,-8.19
2028,3,5.0,INDNE,INDNO,3.0
2028,3,5.0,INDNO,INDWE,4.24
2028,3,5.0,INDSO,INDWE,-3.48
2029,3,5.0,INDEA,INDNE,-3.53
2029,3,5.0,INDEA,INDNO,-9.21
2029,3,5.0,INDNE,INDNO,3.0
2029,3,5.0,INDNO,INDWE,0.77
2030,3,5.0,INDEA,INDNE,-5.53
2030,3,5.0,INDEA,INDNO,-8.16
2030,3,5.0,INDNE,INDNO,5.0
2030,3,5.0,INDNO,INDWE,2.19
2031,3,5.0,INDEA,INDNE,-7.53
2031,3,5.0,INDEA,INDNO,-5.83
2031,3,5.0,INDNE,INDNO,7.0
2032,3,5.0,INDEA,INDNE,-9.53
2032,3,5.0,INDEA,INDNO,-4.18
2032,3,5.0,INDNE,INDNO,9.0
2033,3,5.0,INDEA,INDNE,-11.53
2033,3,5.0,INDNE,INDNO,11.0
2034,3,5.0,INDEA,INDNE,-13.53
2034,3,5.0,INDNE,INDNO,13.0
2035,3,5.0,INDEA,INDNE,-15.53
2035,3,5.0,INDNE,INDNO,15.0
2036,3,5.0,INDEA,INDNE,-17.53
2036,3,5.0,INDNE,INDNO,17.0
2037,3,5.0,INDEA,INDNE,-19.53
2037,3,5.0,INDNE,INDNO,19.0
2038,3,5.0,INDEA,INDNE,-21.53
2038,3,5.0,INDNE,INDNO,21.0
2039,3,5.0,INDEA,INDNE,-23.53
2039,3,5.0,INDNE,INDNO,23.0
2040,3,5.0,INDEA,INDNE,-25.53
2040,3,5.0,INDNE,INDNO,25.0
2041,3,5.0,INDEA,INDNE,-27.52
2041,3,5.0,INDNE,INDNO,27.0
2042,3,5.0,INDEA,INDNE,-29.52
2042,3,5.0,INDNE,INDNO,28.99
2043,3,5.0,INDEA,INDNE,-31.52
2043,3,5.0,INDNE,INDNO,30.99
2044,3,5.0,INDEA,INDNE,-33.52
2044,3,5.0,INDNE,INDNO,32.99
2045,3,5.0,INDEA,INDNE,-35.52
2045,3,5.0,INDNE,INDNO,34.99
2045,3,5.0,INDSO,INDWE,-9.88
2046,3,5.0,INDEA,INDNE,-37.52
2046,3,5.0,INDNE,INDNO,30.39
2046,3,5.0,INDSO,INDWE,-16.42
2047,3,5.0,INDEA,INDNE,-39.52
2047,3,5.0,INDNE,INDNO,28.8
2047,3,5.0,INDSO,INDWE,-25.25
2048,3,5.0,INDEA,INDNE,-41.52
2048,3,5.0,INDEA,INDSO,1.18
2048,3,5.0,INDNE,INDNO,32.89
2048,3,5.0,INDSO,INDWE,-30.11
2049,3,5.0,INDEA,INDNE,-43.52
2049,3,5.0,INDEA,INDSO,7.83
2049,3,5.0,INDNE,INDNO,34.01
2049,3,5.0,INDSO,INDWE,-32.11
2050,3,5.0,INDEA,INDNE,-45.52
2050,3,5.0,INDEA,INDSO,7.94
2050,3,5.0,INDNE,INDNO,35.54
2050,3,5.0,INDSO,INDWE,-34.11
2021,3,6.0,INDEA,INDNE,2.68
2022,3,6.0,INDEA,INDNE,2.86
2023,3,6.0,INDEA,INDNE,2.43
2024,3,6.0,INDEA,INDNE,-3.53
2024,3,6.0,INDNE,INDNO,3.0
2025,3,6.0,INDEA,INDNE,-3.53
2025,3,6.0,INDEA,INDNO,-4.54
2025,3,6.0,INDNE,INDNO,3.0
2025,3,6.0,INDNO,INDWE,12.63
2025,3,6.0,INDSO,INDWE,-15.66
2026,3,6.0,INDEA,INDNE,-3.53
2026,3,6.0,INDEA,INDNO,-5.34
2026,3,6.0,INDNE,INDNO,3.0
2026,3,6.0,INDNO,INDWE,9.96
2026,3,6.0,INDSO,INDWE,-12.83
2027,3,6.0,INDEA,INDNE,-3.53
2027,3,6.0,INDEA,INDNO,-6.34
2027,3,6.0,INDNE,INDNO,3.0
2027,3,6.0,INDNO,INDWE,6.96
2027,3,6.0,INDSO,INDWE,-7.91
2028,3,6.0,INDEA,INDNE,-3.53
2028,3,6.0,INDEA,INDNO,-8.19
2028,3,6.0,INDNE,INDNO,3.0
2028,3,6.0,INDNO,INDWE,4.24
2028,3,6.0,INDSO,INDWE,-3.48
2029,3,6.0,INDEA,INDNE,-3.53
2029,3,6.0,INDEA,INDNO,-9.21
2029,3,6.0,INDNE,INDNO,3.0
2029,3,6.0,INDNO,INDWE,0.77
2030,3,6.0,INDEA,INDNE,-5.53
2030,3,6.0,INDEA,INDNO,-8.16
2030,3,6.0,INDNE,INDNO,5.0
2030,3,6.0,INDNO,INDWE,2.19
2031,3,6.0,INDEA,INDNE,-7.53
2031,3,6.0,INDEA,INDNO,-5.83
2031,3,6.0,INDNE,INDNO,7.0
2032,3,6.0,INDEA,INDNE,-9.53
2032,3,6.0,INDEA,INDNO,-4.18
2032,3,6.0,INDNE,INDNO,9.0
2033,3,6.0,INDEA,INDNE,-11.53
2033,3,6.0,INDNE,INDNO,11.0
2034,3,6.0,INDEA,INDNE,-13.53
2034,3,6.0,INDNE,INDNO,13.0
2035,3,6.0,INDEA,INDNE,-15.53
2035,3,6.0,INDNE,INDNO,15.0
2036,3,6.0,INDEA,INDNE,-17.53
2036,3,6.0,INDNE,INDNO,17.0
2037,3,6.0,INDEA,INDNE,-19.53
2037,3,6.0,INDNE,INDNO,19.0
2038,3,6.0,INDEA,INDNE,-21.53
2038,3,6.0,INDNE,INDNO,21.0
2039,3,6.0,INDEA,INDNE,-23.53
2039,3,6.0,INDNE,INDNO,23.0
2040,3,6.0,INDEA,INDNE,-25.53
2040,3,6.0,INDNE,INDNO,25.0
2041,3,6.0,INDEA,INDNE,-27.52
2041,3,6.0,INDNE,INDNO,27.0
2042,3,6.0,INDEA,INDNE,-29.52
2042,3,6.0,INDNE,INDNO,28.99
2043,3,6.0,INDEA,INDNE,-31.52
2043,3,6.0,INDNE,INDNO,30.99
2044,3,6.0,INDEA,INDNE,-33.52
2044,3,6.0,INDNE,INDNO,32.99
2045,3,6.0,INDEA,INDNE,-35.52
2045,3,6.0,INDNE,INDNO,34.99
2045,3,6.0,INDSO,INDWE,-9.88
2046,3,6.0,INDEA,INDNE,-37.52
2046,3,6.0,INDNE,INDNO,30.39
2046,3,6.0,INDSO,INDWE,-16.42
2047,3,6.0,INDEA,INDNE,-39.52
2047,3,6.0,INDNE,INDNO,28.8
2047,3,6.0,INDSO,INDWE,-25.25
2048,3,6.0,INDEA,INDNE,-41.52
2048,3,6.0,INDEA,INDSO,1.18
2048,3,6.0,INDNE,INDNO,32.89
2048,3,6.0,INDSO,INDWE,-30.11
2049,3,6.0,INDEA,INDNE,-43.52
2049,3,6.0,INDEA,INDSO,7.83
2049,3,6.0,INDNE,INDNO,34.01
2049,3,6.0,INDSO,INDWE,-32.11
2050,3,6.0,INDEA,INDNE,-45.52
2050,3,6.0,INDEA,INDSO,7.94
2050,3,6.0,INDNE,INDNO,35.54
2050,3,6.0,INDSO,INDWE,-34.11
2021,3,7.0,INDEA,INDNE,2.68
2022,3,7.0,INDEA,INDNE,2.86
2023,3,7.0,INDEA,INDNE,2.43
2024,3,7.0,INDEA,INDNE,-3.53
2024,3,7.0,INDNE,INDNO,3.0
2025,3,7.0,INDEA,INDNE,-3.53
2025,3,7.0,INDEA,INDNO,-4.54
2025,3,7.0,INDNE,INDNO,3.0
2025,3,7.0,INDNO,INDWE,12.63
2025,3,7.0,INDSO,INDWE,-15.66
2026,3,7.0,INDEA,INDNE,-3.53
2026,3,7.0,INDEA,INDNO,-5.34
2026,3,7.0,INDNE,INDNO,3.0
2026,3,7.0,INDNO,INDWE,9.96
2026,3,7.0,INDSO,INDWE,-12.83
2027,3,7.0,INDEA,INDNE,-3.53
2027,3,7.0,INDEA,INDNO,-6.34
2027,3,7.0,INDNE,INDNO,3.0
2027,3,7.0,INDNO,INDWE,6.96
2027,3,7.0,INDSO,INDWE,-7.91
2028,3,7.0,INDEA,INDNE,-3.53
2028,3,7.0,INDEA,INDNO,-8.19
2028,3,7.0,INDNE,INDNO,3.0
2028,3,7.0,INDNO,INDWE,4.24
2028,3,7.0,INDSO,INDWE,-3.48
2029,3,7.0,INDEA,INDNE,-3.53
2029,3,7.0,INDEA,INDNO,-9.21
2029,3,7.0,INDNE,INDNO,3.0
2029,3,7.0,INDNO,INDWE,0.77
2030,3,7.0,INDEA,INDNE,-5.53
2030,3,7.0,INDEA,INDNO,-8.16
2030,3,7.0,INDNE,INDNO,5.0
2030,3,7.0,INDNO,INDWE,2.19
2031,3,7.0,INDEA,INDNE,-7.53
2031,3,7.0,INDEA,INDNO,-5.83
2031,3,7.0,INDNE,INDNO,7.0
2032,3,7.0,INDEA,INDNE,-9.53
2032,3,7.0,INDEA,INDNO,-4.18
2032,3,7.0,INDNE,INDNO,9.0
2033,3,7.0,INDEA,INDNE,-11.53
2033,3,7.0,INDNE,INDNO,11.0
2034,3,7.0,INDEA,INDNE,-13.53
2034,3,7.0,INDNE,INDNO,13.0
2035,3,7.0,INDEA,INDNE,-15.53
2035,3,7.0,INDNE,INDNO,15.0
2036,3,7.0,INDEA,INDNE,-17.53
2036,3,7.0,INDNE,INDNO,17.0
2037,3,7.0,INDEA,INDNE,-19.53
2037,3,7.0,INDNE,INDNO,19.0
2038,3,7.0,INDEA,INDNE,-21.53
2038,3,7.0,INDNE,INDNO,21.0
2039,3,7.0,INDEA,INDNE,-23.53
2039,3,7.0,INDNE,INDNO,23.0
2040,3,7.0,INDEA,INDNE,-25.53
2040,3,7.0,INDNE,INDNO,25.0
2041,3,7.0,INDEA,INDNE,-27.52
2041,3,7.0,INDNE,INDNO,27.0
2042,3,7.0,INDEA,INDNE,-29.52
2042,3,7.0,INDNE,INDNO,28.99
2043,3,7.0,INDEA,INDNE,-31.52
2043,3,7.0,INDNE,INDNO,30.99
2044,3,7.0,INDEA,INDNE,-33.52
2044,3,7.0,INDNE,INDNO,32.99
2045,3,7.0,INDEA,INDNE,-35.52
2045,3,7.0,INDNE,INDNO,34.99
2045,3,7.0,INDSO,INDWE,-9.88
2046,3,7.0,INDEA,INDNE,-37.52
2046,3,7.0,INDNE,INDNO,30.39
2046,3,7.0,INDSO,INDWE,-16.42
2047,3,7.0,INDEA,INDNE,-39.52
2047,3,7.0,INDNE,INDNO,28.8
2047,3,7.0,INDSO,INDWE,-25.25
2048,3,7.0,INDEA,INDNE,-41.52
2048,3,7.0,INDEA,INDSO,1.18
2048,3,7.0,INDNE,INDNO,32.89
2048,3,7.0,INDSO,INDWE,-30.11
2049,3,7.0,INDEA,INDNE,-43.52
2049,3,7.0,INDEA,INDSO,7.83
2049,3,7.0,INDNE,INDNO,34.01
2049,3,7.0,INDSO,INDWE,-32.11
2050,3,7.0,INDEA,INDNE,-45.52
2050,3,7.0,INDEA,INDSO,7.94
2050,3,7.0,INDNE,INDNO,35.54
2050,3,7.0,INDSO,INDWE,-34.11
2021,3,8.0,INDEA,INDNE,2.68
2022,3,8.0,INDEA,INDNE,2.86
2023,3,8.0,INDEA,INDNE,2.43
2024,3,8.0,INDEA,INDNE,-3.53
2024,3,8.0,INDNE,INDNO,3.0
2025,3,8.0,INDEA,INDNE,-3.53
2025,3,8.0,INDEA,INDNO,-4.54
2025,3,8.0,INDNE,INDNO,3.0
2025,3,8.0,INDNO,INDWE,12.63
2025,3,8.0,INDSO,INDWE,-15.66
2026,3,8.0,INDEA,INDNE,-3.53
2026,3,8.0,INDEA,INDNO,-5.34
2026,3,8.0,INDNE,INDNO,3.0
2026,3,8.0,INDNO,INDWE,9.96
2026,3,8.0,INDSO,INDWE,-12.83
2027,3,8.0,INDEA,INDNE,-3.53
2027,3,8.0,INDEA,INDNO,-6.34
2027,3,8.0,INDNE,INDNO,3.0
2027,3,8.0,INDNO,INDWE,6.96
2027,3,8.0,INDSO,INDWE,-7.91
2028,3,8.0,INDEA,INDNE,-3.53
2028,3,8.0,INDEA,INDNO,-8.19
2028,3,8.0,INDNE,INDNO,3.0
2028,3,8.0,INDNO,INDWE,4.24
2028,3,8.0,INDSO,INDWE,-3.48
2029,3,8.0,INDEA,INDNE,-3.53
2029,3,8.0,INDEA,INDNO,-9.21
2029,3,8.0,INDNE,INDNO,3.0
2029,3,8.0,INDNO,INDWE,0.77
2030,3,8.0,INDEA,INDNE,-5.53
2030,3,8.0,INDEA,INDNO,-8.16
2030,3,8.0,INDNE,INDNO,5.0
2030,3,8.0,INDNO,INDWE,2.19
2031,3,8.0,INDEA,INDNE,-7.53
2031,3,8.0,INDEA,INDNO,-5.83
2031,3,8.0,INDNE,INDNO,7.0
2032,3,8.0,INDEA,INDNE,-9.53
2032,3,8.0,INDEA,INDNO,-4.18
2032,3,8.0,INDNE,INDNO,9.0
2033,3,8.0,INDEA,INDNE,-11.53
2033,3,8.0,INDNE,INDNO,11.0
2034,3,8.0,INDEA,INDNE,-13.53
2034,3,8.0,INDNE,INDNO,13.0
2035,3,8.0,INDEA,INDNE,-15.53
2035,3,8.0,INDNE,INDNO,15.0
2036,3,8.0,INDEA,INDNE,-17.53
2036,3,8.0,INDNE,INDNO,17.0
2037,3,8.0,INDEA,INDNE,-19.53
2037,3,8.0,INDNE,INDNO,19.0
2038,3,8.0,INDEA,INDNE,-21.53
2038,3,8.0,INDNE,INDNO,21.0
2039,3,8.0,INDEA,INDNE,-23.53
2039,3,8.0,INDNE,INDNO,23.0
2040,3,8.0,INDEA,INDNE,-25.53
2040,3,8.0,INDNE,INDNO,25.0
2041,3,8.0,INDEA,INDNE,-27.52
2041,3,8.0,INDNE,INDNO,27.0
2042,3,8.0,INDEA,INDNE,-29.52
2042,3,8.0,INDNE,INDNO,28.99
2043,3,8.0,INDEA,INDNE,-31.52
2043,3,8.0,INDNE,INDNO,30.99
2044,3,8.0,INDEA,INDNE,-33.52
2044,3,8.0,INDNE,INDNO,32.99
2045,3,8.0,INDEA,INDNE,-35.52
2045,3,8.0,INDNE,INDNO,34.99
2045,3,8.0,INDSO,INDWE,-9.88
2046,3,8.0,INDEA,INDNE,-37.52
2046,3,8.0,INDNE,INDNO,30.39
2046,3,8.0,INDSO,INDWE,-16.42
2047,3,8.0,INDEA,INDNE,-39.52
2047,3,8.0,INDNE,INDNO,28.8
2047,3,8.0,INDSO,INDWE,-25.25
2048,3,8.0,INDEA,INDNE,-41.52
2048,3,8.0,INDEA,INDSO,1.18
2048,3,8.0,INDNE,INDNO,32.89
2048,3,8.0,INDSO,INDWE,-30.11
2049,3,8.0,INDEA,INDNE,-43.52
2049,3,8.0,INDEA,INDSO,7.83
2049,3,8.0,INDNE,INDNO,34.01
2049,3,8.0,INDSO,INDWE,-32.11
2050,3,8.0,INDEA,INDNE,-45.52
2050,3,8.0,INDEA,INDSO,7.94
2050,3,8.0,INDNE,INDNO,35.54
2050,3,8.0,INDSO,INDWE,-34.11
2021,3,9.0,INDEA,INDNE,2.68
2022,3,9.0,INDEA,INDNE,2.86
2023,3,9.0,INDEA,INDNE,2.43
2024,3,9.0,INDEA,INDNE,-3.53
2024,3,9.0,INDNE,INDNO,3.0
2025,3,9.0,INDEA,INDNE,-3.53
2025,3,9.0,INDEA,INDNO,-4.54
2025,3,9.0,INDNE,INDNO,3.0
2025,3,9.0,INDNO,INDWE,12.63
2025,3,9.0,INDSO,INDWE,-15.66
2026,3,9.0,INDEA,INDNE,-3.53
2026,3,9.0,INDEA,INDNO,-5.34
2026,3,9.0,INDNE,INDNO,3.0
2026,3,9.0,INDNO,INDWE,9.96
2026,3,9.0,INDSO,INDWE,-12.83
2027,3,9.0,INDEA,INDNE,-3.53
2027,3,9.0,INDEA,INDNO,-6.34
2027,3,9.0,INDNE,INDNO,3.0
2027,3,9.0,INDNO,INDWE,6.96
2027,3,9.0,INDSO,INDWE,-7.91
2028,3,9.0,INDEA,INDNE,-3.53
2028,3,9.0,INDEA,INDNO,-8.19
2028,3,9.0,INDNE,INDNO,3.0
2028,3,9.0,INDNO,INDWE,4.24
2028,3,9.0,INDSO,INDWE,-3.48
2029,3,9.0,INDEA,INDNE,-3.53
2029,3,9.0,INDEA,INDNO,-9.21
2029,3,9.0,INDNE,INDNO,3.0
2029,3,9.0,INDNO,INDWE,0.77
2030,3,9.0,INDEA,INDNE,-5.53
2030,3,9.0,INDEA,INDNO,-8.16
2030,3,9.0,INDNE,INDNO,5.0
2030,3,9.0,INDNO,INDWE,2.19
2031,3,9.0,INDEA,INDNE,-7.53
2031,3,9.0,INDEA,INDNO,-5.83
2031,3,9.0,INDNE,INDNO,7.0
2032,3,9.0,INDEA,INDNE,-9.53
2032,3,9.0,INDEA,INDNO,-4.18
2032,3,9.0,INDNE,INDNO,9.0
2033,3,9.0,INDEA,INDNE,-11.53
2033,3,9.0,INDNE,INDNO,11.0
2034,3,9.0,INDEA,INDNE,-13.53
2034,3,9.0,INDNE,INDNO,13.0
2035,3,9.0,INDEA,INDNE,-15.53
2035,3,9.0,INDNE,INDNO,15.0
2036,3,9.0,INDEA,INDNE,-17.53
2036,3,9.0,INDNE,INDNO,17.0
2037,3,9.0,INDEA,INDNE,-19.53
2037,3,9.0,INDNE,INDNO,19.0
2038,3,9.0,INDEA,INDNE,-21.53
2038,3,9.0,INDNE,INDNO,21.0
2039,3,9.0,INDEA,INDNE,-23.53
2039,3,9.0,INDNE,INDNO,23.0
2040,3,9.0,INDEA,INDNE,-25.53
2040,3,9.0,INDNE,INDNO,25.0
2041,3,9.0,INDEA,INDNE,-27.52
2041,3,9.0,INDNE,INDNO,27.0
2042,3,9.0,INDEA,INDNE,-29.52
2042,3,9.0,INDNE,INDNO,28.99
2043,3,9.0,INDEA,INDNE,-31.52
2043,3,9.0,INDNE,INDNO,30.99
2044,3,9.0,INDEA,INDNE,-33.52
2044,3,9.0,INDNE,INDNO,32.99
2045,3,9.0,INDEA,INDNE,-35.52
2045,3,9.0,INDNE,INDNO,34.99
2045,3,9.0,INDSO,INDWE,-9.88
2046,3,9.0,INDEA,INDNE,-37.52
2046,3,9.0,INDNE,INDNO,30.39
2046,3,9.0,INDSO,INDWE,-16.42
2047,3,9.0,INDEA,INDNE,-39.52
2047,3,9.0,INDNE,INDNO,28.8
2047,3,9.0,INDSO,INDWE,-25.25
2048,3,9.0,INDEA,INDNE,-41.52
2048,3,9.0,INDEA,INDSO,1.18
2048,3,9.0,INDNE,INDNO,32.89
2048,3,9.0,INDSO,INDWE,-30.11
2049,3,9.0,INDEA,INDNE,-43.52
2049,3,9.0,INDEA,INDSO,7.83
2049,3,9.0,INDNE,INDNO,34.01
2049,3,9.0,INDSO,INDWE,-32.11
2050,3,9.0,INDEA,INDNE,-45.52
2050,3,9.0,INDEA,INDSO,7.94
2050,3,9.0,INDNE,INDNO,35.54
2050,3,9.0,INDSO,INDWE,-34.11
2021,3,10.0,INDEA,INDNE,2.68
2022,3,10.0,INDEA,INDNE,2.86
2023,3,10.0,INDEA,INDNE,2.43
2024,3,10.0,INDEA,INDNE,-3.53
2024,3,10.0,INDNE,INDNO,3.0
2025,3,10.0,INDEA,INDNE,-3.53
2025,3,10.0,INDEA,INDNO,-4.54
2025,3,10.0,INDNE,INDNO,3.0
2025,3,10.0,INDNO,INDWE,12.63
2025,3,10.0,INDSO,INDWE,-15.66
2026,3,10.0,INDEA,INDNE,-3.53
2026,3,10.0,INDEA,INDNO,-5.34
2026,3,10.0,INDNE,INDNO,3.0
2026,3,10.0,INDNO,INDWE,9.96
2026,3,10.0,INDSO,INDWE,-12.83
2027,3,10.0,INDEA,INDNE,-3.53
2027,3,10.0,INDEA,INDNO,-6.34
2027,3,10.0,INDNE,INDNO,3.0
2027,3,10.0,INDNO,INDWE,6.96
2027,3,10.0,INDSO,INDWE,-7.91
2028,3,10.0,INDEA,INDNE,-3.53
2028,3,10.0,INDEA,INDNO,-8.19
2028,3,10.0,INDNE,INDNO,3.0
2028,3,10.0,INDNO,INDWE,4.24
2028,3,10.0,INDSO,INDWE,-3.48
2029,3,10.0,INDEA,INDNE,-3.53
2029,3,10.0,INDEA,INDNO,-9.21
2029,3,10.0,INDNE,INDNO,3.0
2029,3,10.0,INDNO,INDWE,0.77
2030,3,10.0,INDEA,INDNE,-5.53
2030,3,10.0,INDEA,INDNO,-8.16
2030,3,10.0,INDNE,INDNO,5.0
2030,3,10.0,INDNO,INDWE,2.19
2031,3,10.0,INDEA,INDNE,-7.53
2031,3,10.0,INDEA,INDNO,-5.83
2031,3,10.0,INDNE,INDNO,7.0
2032,3,10.0,INDEA,INDNE,-9.53
2032,3,10.0,INDEA,INDNO,-4.18
2032,3,10.0,INDNE,INDNO,9.0
2033,3,10.0,INDEA,INDNE,-11.53
2033,3,10.0,INDNE,INDNO,11.0
2034,3,10.0,INDEA,INDNE,-13.53
2034,3,10.0,INDNE,INDNO,13.0
2035,3,10.0,INDEA,INDNE,-15.53
2035,3,10.0,INDNE,INDNO,15.0
2036,3,10.0,INDEA,INDNE,-17.53
2036,3,10.0,INDNE,INDNO,17.0
2037,3,10.0,INDEA,INDNE,-19.53
2037,3,10.0,INDNE,INDNO,19.0
2038,3,10.0,INDEA,INDNE,-21.53
2038,3,10.0,INDNE,INDNO,21.0
2039,3,10.0,INDEA,INDNE,-23.53
2039,3,10.0,INDNE,INDNO,23.0
2040,3,10.0,INDEA,INDNE,-25.53
2040,3,10.0,INDNE,INDNO,25.0
2041,3,10.0,INDEA,INDNE,-27.52
2041,3,10.0,INDNE,INDNO,27.0
2042,3,10.0,INDEA,INDNE,-29.52
2042,3,10.0,INDNE,INDNO,28.99
2043,3,10.0,INDEA,INDNE,-31.52
2043,3,10.0,INDNE,INDNO,30.99
2044,3,10.0,INDEA,INDNE,-33.52
2044,3,10.0,INDNE,INDNO,32.99
2045,3,10.0,INDEA,INDNE,-35.52
2045,3,10.0,INDNE,INDNO,34.99
2045,3,10.0,INDSO,INDWE,-9.88
2046,3,10.0,INDEA,INDNE,-37.52
2046,3,10.0,INDNE,INDNO,30.39
2046,3,10.0,INDSO,INDWE,-16.42
2047,3,10.0,INDEA,INDNE,-39.52
2047,3,10.0,INDNE,INDNO,28.8
2047,3,10.0,INDSO,INDWE,-25.25
2048,3,10.0,INDEA,INDNE,-41.52
2048,3,10.0,INDEA,INDSO,1.18
2048,3,10.0,INDNE,INDNO,32.89
2048,3,10.0,INDSO,INDWE,-30.11
2049,3,10.0,INDEA,INDNE,-43.52
2049,3,10.0,INDEA,INDSO,7.83
2049,3,10.0,INDNE,INDNO,34.01
2049,3,10.0,INDSO,INDWE,-32.11
2050,3,10.0,INDEA,INDNE,-45.52
2050,3,10.0,INDEA,INDSO,7.94
2050,3,10.0,INDNE,INDNO,35.54
2050,3,10.0,INDSO,INDWE,-34.11
2021,3,11.0,INDEA,INDNE,2.68
2022,3,11.0,INDEA,INDNE,2.86
2023,3,11.0,INDEA,INDNE,2.43
2024,3,11.0,INDEA,INDNE,-3.53
2024,3,11.0,INDNE,INDNO,3.0
2025,3,11.0,INDEA,INDNE,-3.53
2025,3,11.0,INDEA,INDNO,-4.54
2025,3,11.0,INDNE,INDNO,3.0
2025,3,11.0,INDNO,INDWE,12.63
2025,3,11.0,INDSO,INDWE,-15.66
2026,3,11.0,INDEA,INDNE,-3.53
2026,3,11.0,INDEA,INDNO,-5.34
2026,3,11.0,INDNE,INDNO,3.0
2026,3,11.0,INDNO,INDWE,9.96
2026,3,11.0,INDSO,INDWE,-12.83
2027,3,11.0,INDEA,INDNE,-3.53
2027,3,11.0,INDEA,INDNO,-6.34
2027,3,11.0,INDNE,INDNO,3.0
2027,3,11.0,INDNO,INDWE,6.96
2027,3,11.0,INDSO,INDWE,-7.91
2028,3,11.0,INDEA,INDNE,-3.53
2028,3,11.0,INDEA,INDNO,-8.19
2028,3,11.0,INDNE,INDNO,3.0
2028,3,11.0,INDNO,INDWE,4.24
2028,3,11.0,INDSO,INDWE,-3.48
2029,3,11.0,INDEA,INDNE,-3.53
2029,3,11.0,INDEA,INDNO,-9.21
2029,3,11.0,INDNE,INDNO,3.0
2029,3,11.0,INDNO,INDWE,0.77
2030,3,11.0,INDEA,INDNE,-5.53
2030,3,11.0,INDEA,INDNO,-8.16
2030,3,11.0,INDNE,INDNO,5.0
2030,3,11.0,INDNO,INDWE,2.19
2031,3,11.0,INDEA,INDNE,-7.53
2031,3,11.0,INDEA,INDNO,-5.83
2031,3,11.0,INDNE,INDNO,7.0
2032,3,11.0,INDEA,INDNE,-9.53
2032,3,11.0,INDEA,INDNO,-4.18
2032,3,11.0,INDNE,INDNO,9.0
2033,3,11.0,INDEA,INDNE,-11.53
2033,3,11.0,INDNE,INDNO,11.0
2034,3,11.0,INDEA,INDNE,-13.53
2034,3,11.0,INDNE,INDNO,13.0
2035,3,11.0,INDEA,INDNE,-15.53
2035,3,11.0,INDNE,INDNO,15.0
2036,3,11.0,INDEA,INDNE,-17.53
2036,3,11.0,INDNE,INDNO,17.0
2037,3,11.0,INDEA,INDNE,-19.53
2037,3,11.0,INDNE,INDNO,19.0
2038,3,11.0,INDEA,INDNE,-21.53
2038,3,11.0,INDNE,INDNO,21.0
2039,3,11.0,INDEA,INDNE,-23.53
2039,3,11.0,INDNE,INDNO,23.0
2040,3,11.0,INDEA,INDNE,-25.53
2040,3,11.0,INDNE,INDNO,25.0
2041,3,11.0,INDEA,INDNE,-27.52
2041,3,11.0,INDNE,INDNO,27.0
2042,3,11.0,INDEA,INDNE,-29.52
2042,3,11.0,INDNE,INDNO,28.99
2043,3,11.0,INDEA,INDNE,-31.52
2043,3,11.0,INDNE,INDNO,30.99
2044,3,11.0,INDEA,INDNE,-33.52
2044,3,11.0,INDNE,INDNO,32.99
2045,3,11.0,INDEA,INDNE,-35.52
2045,3,11.0,INDNE,INDNO,34.99
2045,3,11.0,INDSO,INDWE,-9.88
2046,3,11.0,INDEA,INDNE,-37.52
2046,3,11.0,INDNE,INDNO,30.39
2046,3,11.0,INDSO,INDWE,-16.42
2047,3,11.0,INDEA,INDNE,-39.52
2047,3,11.0,INDNE,INDNO,28.8
2047,3,11.0,INDSO,INDWE,-25.25
2048,3,11.0,INDEA,INDNE,-41.52
2048,3,11.0,INDEA,INDSO,1.18
2048,3,11.0,INDNE,INDNO,32.89
2048,3,11.0,INDSO,INDWE,-30.11
2049,3,11.0,INDEA,INDNE,-43.52
2049,3,11.0,INDEA,INDSO,7.83
2049,3,11.0,INDNE,INDNO,34.01
2049,3,11.0,INDSO,INDWE,-32.11
2050,3,11.0,INDEA,INDNE,-45.52
2050,3,11.0,INDEA,INDSO,7.94
2050,3,11.0,INDNE,INDNO,35.54
2050,3,11.0,INDSO,INDWE,-34.11
2021,3,12.0,INDEA,INDNE,2.68
2022,3,12.0,INDEA,INDNE,2.86
2023,3,12.0,INDEA,INDNE,2.43
2024,3,12.0,INDEA,INDNE,-3.53
2024,3,12.0,INDNE,INDNO,3.0
2025,3,12.0,INDEA,INDNE,-3.53
2025,3,12.0,INDEA,INDNO,-4.54
2025,3,12.0,INDNE,INDNO,3.0
2025,3,12.0,INDNO,INDWE,12.63
2025,3,12.0,INDSO,INDWE,-15.66
2026,3,12.0,INDEA,INDNE,-3.53
2026,3,12.0,INDEA,INDNO,-5.34
2026,3,12.0,INDNE,INDNO,3.0
2026,3,12.0,INDNO,INDWE,9.96
2026,3,12.0,INDSO,INDWE,-12.83
2027,3,12.0,INDEA,INDNE,-3.53
2027,3,12.0,INDEA,INDNO,-6.34
2027,3,12.0,INDNE,INDNO,3.0
2027,3,12.0,INDNO,INDWE,6.96
2027,3,12.0,INDSO,INDWE,-7.91
2028,3,12.0,INDEA,INDNE,-3.53
2028,3,12.0,INDEA,INDNO,-8.19
2028,3,12.0,INDNE,INDNO,3.0
2028,3,12.0,INDNO,INDWE,4.24
2028,3,12.0,INDSO,INDWE,-3.48
2029,3,12.0,INDEA,INDNE,-3.53
2029,3,12.0,INDEA,INDNO,-9.21
2029,3,12.0,INDNE,INDNO,3.0
2029,3,12.0,INDNO,INDWE,0.77
2030,3,12.0,INDEA,INDNE,-5.53
2030,3,12.0,INDEA,INDNO,-8.16
2030,3,12.0,INDNE,INDNO,5.0
2030,3,12.0,INDNO,INDWE,2.19
2031,3,12.0,INDEA,INDNE,-7.53
2031,3,12.0,INDEA,INDNO,-5.83
2031,3,12.0,INDNE,INDNO,7.0
2032,3,12.0,INDEA,INDNE,-9.53
2032,3,12.0,INDEA,INDNO,-4.18
2032,3,12.0,INDNE,INDNO,9.0
2033,3,12.0,INDEA,INDNE,-11.53
2033,3,12.0,INDNE,INDNO,11.0
2034,3,12.0,INDEA,INDNE,-13.53
2034,3,12.0,INDNE,INDNO,13.0
2035,3,12.0,INDEA,INDNE,-15.53
2035,3,12.0,INDNE,INDNO,15.0
2036,3,12.0,INDEA,INDNE,-17.53
2036,3,12.0,INDNE,INDNO,17.0
2037,3,12.0,INDEA,INDNE,-19.53
2037,3,12.0,INDNE,INDNO,19.0
2038,3,12.0,INDEA,INDNE,-21.53
2038,3,12.0,INDNE,INDNO,21.0
2039,3,12.0,INDEA,INDNE,-23.53
2039,3,12.0,INDNE,INDNO,23.0
2040,3,12.0,INDEA,INDNE,-25.53
2040,3,12.0,INDNE,INDNO,25.0
2041,3,12.0,INDEA,INDNE,-27.52
2041,3,12.0,INDNE,INDNO,27.0
2042,3,12.0,INDEA,INDNE,-29.52
2042,3,12.0,INDNE,INDNO,28.99
2043,3,12.0,INDEA,INDNE,-31.52
2043,3,12.0,INDNE,INDNO,30.99
2044,3,12.0,INDEA,INDNE,-33.52
2044,3,12.0,INDNE,INDNO,32.99
2045,3,12.0,INDEA,INDNE,-35.52
2045,3,12.0,INDNE,INDNO,34.99
2045,3,12.0,INDSO,INDWE,-9.88
2046,3,12.0,INDEA,INDNE,-37.52
2046,3,12.0,INDNE,INDNO,30.39
2046,3,12.0,INDSO,INDWE,-16.42
2047,3,12.0,INDEA,INDNE,-39.52
2047,3,12.0,INDNE,INDNO,28.8
2047,3,12.0,INDSO,INDWE,-25.25
2048,3,12.0,INDEA,INDNE,-41.52
2048,3,12.0,INDEA,INDSO,1.18
2048,3,12.0,INDNE,INDNO,32.89
2048,3,12.0,INDSO,INDWE,-30.11
2049,3,12.0,INDEA,INDNE,-43.52
2049,3,12.0,INDEA,INDSO,7.83
2049,3,12.0,INDNE,INDNO,34.01
2049,3,12.0,INDSO,INDWE,-32.11
2050,3,12.0,INDEA,INDNE,-45.52
2050,3,12.0,INDEA,INDSO,7.94
2050,3,12.0,INDNE,INDNO,35.54
2050,3,12.0,INDSO,INDWE,-34.11
2021,3,13.0,INDEA,INDNE,2.79
2022,3,13.0,INDEA,INDNE,2.86
2022,3,13.0,INDNE,INDNO,-0.29
2023,3,13.0,INDEA,INDNE,2.85
2024,3,13.0,INDEA,INDNE,-3.53
2024,3,13.0,INDNE,INDNO,3.0
2025,3,13.0,INDEA,INDNE,-3.53
2025,3,13.0,INDNE,INDNO,3.0
2025,3,13.0,INDSO,INDWE,-2.73
2026,3,13.0,INDEA,INDNE,-3.53
2026,3,13.0,INDNE,INDNO,3.0
2026,3,13.0,INDSO,INDWE,-3.08
2027,3,13.0,INDEA,INDNE,-3.53
2027,3,13.0,INDNE,INDNO,3.0
2027,3,13.0,INDSO,INDWE,-5.43
2028,3,13.0,INDEA,INDNE,-3.53
2028,3,13.0,INDNE,INDNO,3.0
2028,3,13.0,INDSO,INDWE,-8.49
2029,3,13.0,INDEA,INDNE,-3.53
2029,3,13.0,INDNE,INDNO,3.0
2029,3,13.0,INDSO,INDWE,-11.34
2030,3,13.0,INDEA,INDNE,-5.53
2030,3,13.0,INDEA,INDNO,0.63
2030,3,13.0,INDNE,INDNO,5.0
2030,3,13.0,INDSO,INDWE,-14.88
2031,3,13.0,INDEA,INDNE,-7.53
2031,3,13.0,INDNE,INDNO,7.0
2031,3,13.0,INDSO,INDWE,-4.75
2032,3,13.0,INDEA,INDNE,-9.53
2032,3,13.0,INDNE,INDNO,9.0
2032,3,13.0,INDSO,INDWE,-5.06
2033,3,13.0,INDEA,INDNE,-11.53
2033,3,13.0,INDNE,INDNO,11.0
2033,3,13.0,INDSO,INDWE,-5.35
2034,3,13.0,INDEA,INDNE,-13.53
2034,3,13.0,INDEA,INDSO,3.65
2034,3,13.0,INDNE,INDNO,13.0
2034,3,13.0,INDSO,INDWE,-1.89
2035,3,13.0,INDEA,INDNE,-15.53
2035,3,13.0,INDEA,INDSO,5.68
2035,3,13.0,INDEA,INDWE,0.34
2035,3,13.0,INDNE,INDNO,15.0
2036,3,13.0,INDEA,INDNE,-17.53
2036,3,13.0,INDEA,INDSO,5.79
2036,3,13.0,INDEA,INDWE,0.6
2036,3,13.0,INDNE,INDNO,17.0
2037,3,13.0,INDEA,INDNE,-19.53
2037,3,13.0,INDEA,INDSO,5.9
2037,3,13.0,INDEA,INDWE,0.87
2037,3,13.0,INDNE,INDNO,19.0
2038,3,13.0,INDEA,INDNE,-21.53
2038,3,13.0,INDEA,INDSO,6.0
2038,3,13.0,INDEA,INDWE,1.13
2038,3,13.0,INDNE,INDNO,21.0
2039,3,13.0,INDEA,INDNE,-23.53
2039,3,13.0,INDEA,INDSO,6.11
2039,3,13.0,INDEA,INDWE,1.39
2039,3,13.0,INDNE,INDNO,23.0
2040,3,13.0,INDEA,INDNE,-25.53
2040,3,13.0,INDEA,INDSO,6.22
2040,3,13.0,INDEA,INDWE,1.65
2040,3,13.0,INDNE,INDNO,25.0
2041,3,13.0,INDEA,INDNE,-27.52
2041,3,13.0,INDEA,INDSO,6.34
2041,3,13.0,INDEA,INDWE,1.94
2041,3,13.0,INDNE,INDNO,27.0
2042,3,13.0,INDEA,INDNE,-29.52
2042,3,13.0,INDEA,INDSO,6.46
2042,3,13.0,INDEA,INDWE,2.22
2042,3,13.0,INDNE,INDNO,28.99
2043,3,13.0,INDEA,INDNE,-31.52
2043,3,13.0,INDEA,INDSO,6.58
2043,3,13.0,INDEA,INDWE,2.5
2043,3,13.0,INDNE,INDNO,30.99
2044,3,13.0,INDEA,INDNE,-33.52
2044,3,13.0,INDEA,INDSO,6.65
2044,3,13.0,INDEA,INDWE,1.45
2044,3,13.0,INDNE,INDNO,32.99
2045,3,13.0,INDEA,INDNE,-35.52
2045,3,13.0,INDEA,INDSO,5.71
2045,3,13.0,INDNE,INDNO,34.99
2046,3,13.0,INDEA,INDNE,-37.52
2046,3,13.0,INDEA,INDSO,1.34
2046,3,13.0,INDNE,INDNO,36.99
2046,3,13.0,INDNO,INDWE,4.11
2047,3,13.0,INDEA,INDNE,-39.52
2047,3,13.0,INDEA,INDSO,0.65
2047,3,13.0,INDNE,INDNO,38.99
2047,3,13.0,INDNO,INDWE,0.31
2048,3,13.0,INDEA,INDNE,-41.52
2048,3,13.0,INDNE,INDNO,40.99
2049,3,13.0,INDEA,INDNE,-43.52
2049,3,13.0,INDNE,INDNO,42.99
2050,3,13.0,INDEA,INDNE,-45.52
2050,3,13.0,INDNE,INDNO,44.99
2021,3,14.0,INDEA,INDNE,2.79
2022,3,14.0,INDEA,INDNE,2.86
2022,3,14.0,INDNE,INDNO,-0.29
2023,3,14.0,INDEA,INDNE,2.85
2024,3,14.0,INDEA,INDNE,-3.53
2024,3,14.0,INDNE,INDNO,3.0
2025,3,14.0,INDEA,INDNE,-3.53
2025,3,14.0,INDNE,INDNO,3.0
2025,3,14.0,INDSO,INDWE,-2.73
2026,3,14.0,INDEA,INDNE,-3.53
2026,3,14.0,INDNE,INDNO,3.0
2026,3,14.0,INDSO,INDWE,-3.08
2027,3,14.0,INDEA,INDNE,-3.53
2027,3,14.0,INDNE,INDNO,3.0
2027,3,14.0,INDSO,INDWE,-5.43
2028,3,14.0,INDEA,INDNE,-3.53
2028,3,14.0,INDNE,INDNO,3.0
2028,3,14.0,INDSO,INDWE,-8.49
2029,3,14.0,INDEA,INDNE,-3.53
2029,3,14.0,INDNE,INDNO,3.0
2029,3,14.0,INDSO,INDWE,-11.34
2030,3,14.0,INDEA,INDNE,-5.53
2030,3,14.0,INDEA,INDNO,0.63
2030,3,14.0,INDNE,INDNO,5.0
2030,3,14.0,INDSO,INDWE,-14.88
2031,3,14.0,INDEA,INDNE,-7.53
2031,3,14.0,INDNE,INDNO,7.0
2031,3,14.0,INDSO,INDWE,-4.75
2032,3,14.0,INDEA,INDNE,-9.53
2032,3,14.0,INDNE,INDNO,9.0
2032,3,14.0,INDSO,INDWE,-5.06
2033,3,14.0,INDEA,INDNE,-11.53
2033,3,14.0,INDNE,INDNO,11.0
2033,3,14.0,INDSO,INDWE,-5.35
2034,3,14.0,INDEA,INDNE,-13.53
2034,3,14.0,INDEA,INDSO,3.65
2034,3,14.0,INDNE,INDNO,13.0
2034,3,14.0,INDSO,INDWE,-1.89
2035,3,14.0,INDEA,INDNE,-15.53
2035,3,14.0,INDEA,INDSO,5.68
2035,3,14.0,INDEA,INDWE,0.34
2035,3,14.0,INDNE,INDNO,15.0
2036,3,14.0,INDEA,INDNE,-17.53
2036,3,14.0,INDEA,INDSO,5.79
2036,3,14.0,INDEA,INDWE,0.6
2036,3,14.0,INDNE,INDNO,17.0
2037,3,14.0,INDEA,INDNE,-19.53
2037,3,14.0,INDEA,INDSO,5.9
2037,3,14.0,INDEA,INDWE,0.87
2037,3,14.0,INDNE,INDNO,19.0
2038,3,14.0,INDEA,INDNE,-21.53
2038,3,14.0,INDEA,INDSO,6.0
2038,3,14.0,INDEA,INDWE,1.13
2038,3,14.0,INDNE,INDNO,21.0
2039,3,14.0,INDEA,INDNE,-23.53
2039,3,14.0,INDEA,INDSO,6.11
2039,3,14.0,INDEA,INDWE,1.39
2039,3,14.0,INDNE,INDNO,23.0
2040,3,14.0,INDEA,INDNE,-25.53
2040,3,14.0,INDEA,INDSO,6.22
2040,3,14.0,INDEA,INDWE,1.65
2040,3,14.0,INDNE,INDNO,25.0
2041,3,14.0,INDEA,INDNE,-27.52
2041,3,14.0,INDEA,INDSO,6.34
2041,3,14.0,INDEA,INDWE,1.94
2041,3,14.0,INDNE,INDNO,27.0
2042,3,14.0,INDEA,INDNE,-29.52
2042,3,14.0,INDEA,INDSO,6.46
2042,3,14.0,INDEA,INDWE,2.22
2042,3,14.0,INDNE,INDNO,28.99
2043,3,14.0,INDEA,INDNE,-31.52
2043,3,14.0,INDEA,INDSO,6.58
2043,3,14.0,INDEA,INDWE,2.5
2043,3,14.0,INDNE,INDNO,30.99
2044,3,14.0,INDEA,INDNE,-33.52
2044,3,14.0,INDEA,INDSO,6.65
2044,3,14.0,INDEA,INDWE,1.45
2044,3,14.0,INDNE,INDNO,32.99
2045,3,14.0,INDEA,INDNE,-35.52
2045,3,14.0,INDEA,INDSO,5.71
2045,3,14.0,INDNE,INDNO,34.99
2046,3,14.0,INDEA,INDNE,-37.52
2046,3,14.0,INDEA,INDSO,1.34
2046,3,14.0,INDNE,INDNO,36.99
2046,3,14.0,INDNO,INDWE,4.11
2047,3,14.0,INDEA,INDNE,-39.52
2047,3,14.0,INDEA,INDSO,0.65
2047,3,14.0,INDNE,INDNO,38.99
2047,3,14.0,INDNO,INDWE,0.31
2048,3,14.0,INDEA,INDNE,-41.52
2048,3,14.0,INDNE,INDNO,40.99
2049,3,14.0,INDEA,INDNE,-43.52
2049,3,14.0,INDNE,INDNO,42.99
2050,3,14.0,INDEA,INDNE,-45.52
2050,3,14.0,INDNE,INDNO,44.99
2021,3,15.0,INDEA,INDNE,2.79
2022,3,15.0,INDEA,INDNE,2.86
2022,3,15.0,INDNE,INDNO,-0.29
2023,3,15.0,INDEA,INDNE,2.85
2024,3,15.0,INDEA,INDNE,-3.53
2024,3,15.0,INDNE,INDNO,3.0
2025,3,15.0,INDEA,INDNE,-3.53
2025,3,15.0,INDNE,INDNO,3.0
2025,3,15.0,INDSO,INDWE,-2.73
2026,3,15.0,INDEA,INDNE,-3.53
2026,3,15.0,INDNE,INDNO,3.0
2026,3,15.0,INDSO,INDWE,-3.08
2027,3,15.0,INDEA,INDNE,-3.53
2027,3,15.0,INDNE,INDNO,3.0
2027,3,15.0,INDSO,INDWE,-5.43
2028,3,15.0,INDEA,INDNE,-3.53
2028,3,15.0,INDNE,INDNO,3.0
2028,3,15.0,INDSO,INDWE,-8.49
2029,3,15.0,INDEA,INDNE,-3.53
2029,3,15.0,INDNE,INDNO,3.0
2029,3,15.0,INDSO,INDWE,-11.34
2030,3,15.0,INDEA,INDNE,-5.53
2030,3,15.0,INDEA,INDNO,0.63
2030,3,15.0,INDNE,INDNO,5.0
2030,3,15.0,INDSO,INDWE,-14.88
2031,3,15.0,INDEA,INDNE,-7.53
2031,3,15.0,INDNE,INDNO,7.0
2031,3,15.0,INDSO,INDWE,-4.75
2032,3,15.0,INDEA,INDNE,-9.53
2032,3,15.0,INDNE,INDNO,9.0
2032,3,15.0,INDSO,INDWE,-5.06
2033,3,15.0,INDEA,INDNE,-11.53
2033,3,15.0,INDNE,INDNO,11.0
2033,3,15.0,INDSO,INDWE,-5.35
2034,3,15.0,INDEA,INDNE,-13.53
2034,3,15.0,INDEA,INDSO,3.65
2034,3,15.0,INDNE,INDNO,13.0
2034,3,15.0,INDSO,INDWE,-1.89
2035,3,15.0,INDEA,INDNE,-15.53
2035,3,15.0,INDEA,INDSO,5.68
2035,3,15.0,INDEA,INDWE,0.34
2035,3,15.0,INDNE,INDNO,15.0
2036,3,15.0,INDEA,INDNE,-17.53
2036,3,15.0,INDEA,INDSO,5.79
2036,3,15.0,INDEA,INDWE,0.6
2036,3,15.0,INDNE,INDNO,17.0
2037,3,15.0,INDEA,INDNE,-19.53
2037,3,15.0,INDEA,INDSO,5.9
2037,3,15.0,INDEA,INDWE,0.87
2037,3,15.0,INDNE,INDNO,19.0
2038,3,15.0,INDEA,INDNE,-21.53
2038,3,15.0,INDEA,INDSO,6.0
2038,3,15.0,INDEA,INDWE,1.13
2038,3,15.0,INDNE,INDNO,21.0
2039,3,15.0,INDEA,INDNE,-23.53
2039,3,15.0,INDEA,INDSO,6.11
2039,3,15.0,INDEA,INDWE,1.39
2039,3,15.0,INDNE,INDNO,23.0
2040,3,15.0,INDEA,INDNE,-25.53
2040,3,15.0,INDEA,INDSO,6.22
2040,3,15.0,INDEA,INDWE,1.65
2040,3,15.0,INDNE,INDNO,25.0
2041,3,15.0,INDEA,INDNE,-27.52
2041,3,15.0,INDEA,INDSO,6.34
2041,3,15.0,INDEA,INDWE,1.94
2041,3,15.0,INDNE,INDNO,27.0
2042,3,15.0,INDEA,INDNE,-29.52
2042,3,15.0,INDEA,INDSO,6.46
2042,3,15.0,INDEA,INDWE,2.22
2042,3,15.0,INDNE,INDNO,28.99
2043,3,15.0,INDEA,INDNE,-31.52
2043,3,15.0,INDEA,INDSO,6.58
2043,3,15.0,INDEA,INDWE,2.5
2043,3,15.0,INDNE,INDNO,30.99
2044,3,15.0,INDEA,INDNE,-33.52
2044,3,15.0,INDEA,INDSO,6.65
2044,3,15.0,INDEA,INDWE,1.45
2044,3,15.0,INDNE,INDNO,32.99
2045,3,15.0,INDEA,INDNE,-35.52
2045,3,15.0,INDEA,INDSO,5.71
2045,3,15.0,INDNE,INDNO,34.99
2046,3,15.0,INDEA,INDNE,-37.52
2046,3,15.0,INDEA,INDSO,1.34
2046,3,15.0,INDNE,INDNO,36.99
2046,3,15.0,INDNO,INDWE,4.11
2047,3,15.0,INDEA,INDNE,-39.52
2047,3,15.0,INDEA,INDSO,0.65
2047,3,15.0,INDNE,INDNO,38.99
2047,3,15.0,INDNO,INDWE,0.31
2048,3,15.0,INDEA,INDNE,-41.52
2048,3,15.0,INDNE,INDNO,40.99
2049,3,15.0,INDEA,INDNE,-43.52
2049,3,15.0,INDNE,INDNO,42.99
2050,3,15.0,INDEA,INDNE,-45.52
2050,3,15.0,INDNE,INDNO,44.99
2021,3,16.0,INDEA,INDNE,2.79
2022,3,16.0,INDEA,INDNE,2.86
2022,3,16.0,INDNE,INDNO,-0.29
2023,3,16.0,INDEA,INDNE,2.85
2024,3,16.0,INDEA,INDNE,-3.53
2024,3,16.0,INDNE,INDNO,3.0
2025,3,16.0,INDEA,INDNE,-3.53
2025,3,16.0,INDNE,INDNO,3.0
2025,3,16.0,INDSO,INDWE,-2.73
2026,3,16.0,INDEA,INDNE,-3.53
2026,3,16.0,INDNE,INDNO,3.0
2026,3,16.0,INDSO,INDWE,-3.08
2027,3,16.0,INDEA,INDNE,-3.53
2027,3,16.0,INDNE,INDNO,3.0
2027,3,16.0,INDSO,INDWE,-5.43
2028,3,16.0,INDEA,INDNE,-3.53
2028,3,16.0,INDNE,INDNO,3.0
2028,3,16.0,INDSO,INDWE,-8.49
2029,3,16.0,INDEA,INDNE,-3.53
2029,3,16.0,INDNE,INDNO,3.0
2029,3,16.0,INDSO,INDWE,-11.34
2030,3,16.0,INDEA,INDNE,-5.53
2030,3,16.0,INDEA,INDNO,0.63
2030,3,16.0,INDNE,INDNO,5.0
2030,3,16.0,INDSO,INDWE,-14.88
2031,3,16.0,INDEA,INDNE,-7.53
2031,3,16.0,INDNE,INDNO,7.0
2031,3,16.0,INDSO,INDWE,-4.75
2032,3,16.0,INDEA,INDNE,-9.53
2032,3,16.0,INDNE,INDNO,9.0
2032,3,16.0,INDSO,INDWE,-5.06
2033,3,16.0,INDEA,INDNE,-11.53
2033,3,16.0,INDNE,INDNO,11.0
2033,3,16.0,INDSO,INDWE,-5.35
2034,3,16.0,INDEA,INDNE,-13.53
2034,3,16.0,INDEA,INDSO,3.65
2034,3,16.0,INDNE,INDNO,13.0
2034,3,16.0,INDSO,INDWE,-1.89
2035,3,16.0,INDEA,INDNE,-15.53
2035,3,16.0,INDEA,INDSO,5.68
2035,3,16.0,INDEA,INDWE,0.34
2035,3,16.0,INDNE,INDNO,15.0
2036,3,16.0,INDEA,INDNE,-17.53
2036,3,16.0,INDEA,INDSO,5.79
2036,3,16.0,INDEA,INDWE,0.6
2036,3,16.0,INDNE,INDNO,17.0
2037,3,16.0,INDEA,INDNE,-19.53
2037,3,16.0,INDEA,INDSO,5.9
2037,3,16.0,INDEA,INDWE,0.87
2037,3,16.0,INDNE,INDNO,19.0
2038,3,16.0,INDEA,INDNE,-21.53
2038,3,16.0,INDEA,INDSO,6.0
2038,3,16.0,INDEA,INDWE,1.13
2038,3,16.0,INDNE,INDNO,21.0
2039,3,16.0,INDEA,INDNE,-23.53
2039,3,16.0,INDEA,INDSO,6.11
2039,3,16.0,INDEA,INDWE,1.39
2039,3,16.0,INDNE,INDNO,23.0
2040,3,16.0,INDEA,INDNE,-25.53
2040,3,16.0,INDEA,INDSO,6.22
2040,3,16.0,INDEA,INDWE,1.65
2040,3,16.0,INDNE,INDNO,25.0
2041,3,16.0,INDEA,INDNE,-27.52
2041,3,16.0,INDEA,INDSO,6.34
2041,3,16.0,INDEA,INDWE,1.94
2041,3,16.0,INDNE,INDNO,27.0
2042,3,16.0,INDEA,INDNE,-29.52
2042,3,16.0,INDEA,INDSO,6.46
2042,3,16.0,INDEA,INDWE,2.22
2042,3,16.0,INDNE,INDNO,28.99
2043,3,16.0,INDEA,INDNE,-31.52
2043,3,16.0,INDEA,INDSO,6.58
2043,3,16.0,INDEA,INDWE,2.5
2043,3,16.0,INDNE,INDNO,30.99
2044,3,16.0,INDEA,INDNE,-33.52
2044,3,16.0,INDEA,INDSO,6.65
2044,3,16.0,INDEA,INDWE,1.45
2044,3,16.0,INDNE,INDNO,32.99
2045,3,16.0,INDEA,INDNE,-35.52
2045,3,16.0,INDEA,INDSO,5.71
2045,3,16.0,INDNE,INDNO,34.99
2046,3,16.0,INDEA,INDNE,-37.52
2046,3,16.0,INDEA,INDSO,1.34
2046,3,16.0,INDNE,INDNO,36.99
2046,3,16.0,INDNO,INDWE,4.11
2047,3,16.0,INDEA,INDNE,-39.52
2047,3,16.0,INDEA,INDSO,0.65
2047,3,16.0,INDNE,INDNO,38.99
2047,3,16.0,INDNO,INDWE,0.31
2048,3,16.0,INDEA,INDNE,-41.52
2048,3,16.0,INDNE,INDNO,40.99
2049,3,16.0,INDEA,INDNE,-43.52
2049,3,16.0,INDNE,INDNO,42.99
2050,3,16.0,INDEA,INDNE,-45.52
2050,3,16.0,INDNE,INDNO,44.99
2021,3,17.0,INDEA,INDNE,2.79
2022,3,17.0,INDEA,INDNE,2.86
2022,3,17.0,INDNE,INDNO,-0.29
2023,3,17.0,INDEA,INDNE,2.85
2024,3,17.0,INDEA,INDNE,-3.53
2024,3,17.0,INDNE,INDNO,3.0
2025,3,17.0,INDEA,INDNE,-3.53
2025,3,17.0,INDNE,INDNO,3.0
2025,3,17.0,INDSO,INDWE,-2.73
2026,3,17.0,INDEA,INDNE,-3.53
2026,3,17.0,INDNE,INDNO,3.0
2026,3,17.0,INDSO,INDWE,-3.08
2027,3,17.0,INDEA,INDNE,-3.53
2027,3,17.0,INDNE,INDNO,3.0
2027,3,17.0,INDSO,INDWE,-5.43
2028,3,17.0,INDEA,INDNE,-3.53
2028,3,17.0,INDNE,INDNO,3.0
2028,3,17.0,INDSO,INDWE,-8.49
2029,3,17.0,INDEA,INDNE,-3.53
2029,3,17.0,INDNE,INDNO,3.0
2029,3,17.0,INDSO,INDWE,-11.34
2030,3,17.0,INDEA,INDNE,-5.53
2030,3,17.0,INDEA,INDNO,0.63
2030,3,17.0,INDNE,INDNO,5.0
2030,3,17.0,INDSO,INDWE,-14.88
2031,3,17.0,INDEA,INDNE,-7.53
2031,3,17.0,INDNE,INDNO,7.0
2031,3,17.0,INDSO,INDWE,-4.75
2032,3,17.0,INDEA,INDNE,-9.53
2032,3,17.0,INDNE,INDNO,9.0
2032,3,17.0,INDSO,INDWE,-5.06
2033,3,17.0,INDEA,INDNE,-11.53
2033,3,17.0,INDNE,INDNO,11.0
2033,3,17.0,INDSO,INDWE,-5.35
2034,3,17.0,INDEA,INDNE,-13.53
2034,3,17.0,INDEA,INDSO,3.65
2034,3,17.0,INDNE,INDNO,13.0
2034,3,17.0,INDSO,INDWE,-1.89
2035,3,17.0,INDEA,INDNE,-15.53
2035,3,17.0,INDEA,INDSO,5.68
2035,3,17.0,INDEA,INDWE,0.34
2035,3,17.0,INDNE,INDNO,15.0
2036,3,17.0,INDEA,INDNE,-17.53
2036,3,17.0,INDEA,INDSO,5.79
2036,3,17.0,INDEA,INDWE,0.6
2036,3,17.0,INDNE,INDNO,17.0
2037,3,17.0,INDEA,INDNE,-19.53
2037,3,17.0,INDEA,INDSO,5.9
2037,3,17.0,INDEA,INDWE,0.87
2037,3,17.0,INDNE,INDNO,19.0
2038,3,17.0,INDEA,INDNE,-21.53
2038,3,17.0,INDEA,INDSO,6.0
2038,3,17.0,INDEA,INDWE,1.13
2038,3,17.0,INDNE,INDNO,21.0
2039,3,17.0,INDEA,INDNE,-23.53
2039,3,17.0,INDEA,INDSO,6.11
2039,3,17.0,INDEA,INDWE,1.39
2039,3,17.0,INDNE,INDNO,23.0
2040,3,17.0,INDEA,INDNE,-25.53
2040,3,17.0,INDEA,INDSO,6.22
2040,3,17.0,INDEA,INDWE,1.65
2040,3,17.0,INDNE,INDNO,25.0
2041,3,17.0,INDEA,INDNE,-27.52
2041,3,17.0,INDEA,INDSO,6.34
2041,3,17.0,INDEA,INDWE,1.94
2041,3,17.0,INDNE,INDNO,27.0
2042,3,17.0,INDEA,INDNE,-29.52
2042,3,17.0,INDEA,INDSO,6.46
2042,3,17.0,INDEA,INDWE,2.22
2042,3,17.0,INDNE,INDNO,28.99
2043,3,17.0,INDEA,INDNE,-31.52
2043,3,17.0,INDEA,INDSO,6.58
2043,3,17.0,INDEA,INDWE,2.5
2043,3,17.0,INDNE,INDNO,30.99
2044,3,17.0,INDEA,INDNE,-33.52
2044,3,17.0,INDEA,INDSO,6.65
2044,3,17.0,INDEA,INDWE,1.45
2044,3,17.0,INDNE,INDNO,32.99
2045,3,17.0,INDEA,INDNE,-35.52
2045,3,17.0,INDEA,INDSO,5.71
2045,3,17.0,INDNE,INDNO,34.99
2046,3,17.0,INDEA,INDNE,-37.52
2046,3,17.0,INDEA,INDSO,1.34
2046,3,17.0,INDNE,INDNO,36.99
2046,3,17.0,INDNO,INDWE,4.11
2047,3,17.0,INDEA,INDNE,-39.52
2047,3,17.0,INDEA,INDSO,0.65
2047,3,17.0,INDNE,INDNO,38.99
2047,3,17.0,INDNO,INDWE,0.31
2048,3,17.0,INDEA,INDNE,-41.52
2048,3,17.0,INDNE,INDNO,40.99
2049,3,17.0,INDEA,INDNE,-43.52
2049,3,17.0,INDNE,INDNO,42.99
2050,3,17.0,INDEA,INDNE,-45.52
2050,3,17.0,INDNE,INDNO,44.99
2021,3,18.0,INDEA,INDNE,2.79
2022,3,18.0,INDEA,INDNE,2.86
2022,3,18.0,INDNE,INDNO,-0.29
2023,3,18.0,INDEA,INDNE,2.85
2024,3,18.0,INDEA,INDNE,-3.53
2024,3,18.0,INDNE,INDNO,3.0
2025,3,18.0,INDEA,INDNE,-3.53
2025,3,18.0,INDNE,INDNO,3.0
2025,3,18.0,INDSO,INDWE,-2.73
2026,3,18.0,INDEA,INDNE,-3.53
2026,3,18.0,INDNE,INDNO,3.0
2026,3,18.0,INDSO,INDWE,-3.08
2027,3,18.0,INDEA,INDNE,-3.53
2027,3,18.0,INDNE,INDNO,3.0
2027,3,18.0,INDSO,INDWE,-5.43
2028,3,18.0,INDEA,INDNE,-3.53
2028,3,18.0,INDNE,INDNO,3.0
2028,3,18.0,INDSO,INDWE,-8.49
2029,3,18.0,INDEA,INDNE,-3.53
2029,3,18.0,INDNE,INDNO,3.0
2029,3,18.0,INDSO,INDWE,-11.34
2030,3,18.0,INDEA,INDNE,-5.53
2030,3,18.0,INDEA,INDNO,0.63
2030,3,18.0,INDNE,INDNO,5.0
2030,3,18.0,INDSO,INDWE,-14.88
2031,3,18.0,INDEA,INDNE,-7.53
2031,3,18.0,INDNE,INDNO,7.0
2031,3,18.0,INDSO,INDWE,-4.75
2032,3,18.0,INDEA,INDNE,-9.53
2032,3,18.0,INDNE,INDNO,9.0
2032,3,18.0,INDSO,INDWE,-5.06
2033,3,18.0,INDEA,INDNE,-11.53
2033,3,18.0,INDNE,INDNO,11.0
2033,3,18.0,INDSO,INDWE,-5.35
2034,3,18.0,INDEA,INDNE,-13.53
2034,3,18.0,INDEA,INDSO,3.65
2034,3,18.0,INDNE,INDNO,13.0
2034,3,18.0,INDSO,INDWE,-1.89
2035,3,18.0,INDEA,INDNE,-15.53
2035,3,18.0,INDEA,INDSO,5.68
2035,3,18.0,INDEA,INDWE,0.34
2035,3,18.0,INDNE,INDNO,15.0
2036,3,18.0,INDEA,INDNE,-17.53
2036,3,18.0,INDEA,INDSO,5.79
2036,3,18.0,INDEA,INDWE,0.6
2036,3,18.0,INDNE,INDNO,17.0
2037,3,18.0,INDEA,INDNE,-19.53
2037,3,18.0,INDEA,INDSO,5.9
2037,3,18.0,INDEA,INDWE,0.87
2037,3,18.0,INDNE,INDNO,19.0
2038,3,18.0,INDEA,INDNE,-21.53
2038,3,18.0,INDEA,INDSO,6.0
2038,3,18.0,INDEA,INDWE,1.13
2038,3,18.0,INDNE,INDNO,21.0
2039,3,18.0,INDEA,INDNE,-23.53
2039,3,18.0,INDEA,INDSO,6.11
2039,3,18.0,INDEA,INDWE,1.39
2039,3,18.0,INDNE,INDNO,23.0
2040,3,18.0,INDEA,INDNE,-25.53
2040,3,18.0,INDEA,INDSO,6.22
2040,3,18.0,INDEA,INDWE,1.65
2040,3,18.0,INDNE,INDNO,25.0
2041,3,18.0,INDEA,INDNE,-27.52
2041,3,18.0,INDEA,INDSO,6.34
2041,3,18.0,INDEA,INDWE,1.94
2041,3,18.0,INDNE,INDNO,27.0
2042,3,18.0,INDEA,INDNE,-29.52
2042,3,18.0,INDEA,INDSO,6.46
2042,3,18.0,INDEA,INDWE,2.22
2042,3,18.0,INDNE,INDNO,28.99
2043,3,18.0,INDEA,INDNE,-31.52
2043,3,18.0,INDEA,INDSO,6.58
2043,3,18.0,INDEA,INDWE,2.5
2043,3,18.0,INDNE,INDNO,30.99
2044,3,18.0,INDEA,INDNE,-33.52
2044,3,18.0,INDEA,INDSO,6.65
2044,3,18.0,INDEA,INDWE,1.45
2044,3,18.0,INDNE,INDNO,32.99
2045,3,18.0,INDEA,INDNE,-35.52
2045,3,18.0,INDEA,INDSO,5.71
2045,3,18.0,INDNE,INDNO,34.99
2046,3,18.0,INDEA,INDNE,-37.52
2046,3,18.0,INDEA,INDSO,1.34
2046,3,18.0,INDNE,INDNO,36.99
2046,3,18.0,INDNO,INDWE,4.11
2047,3,18.0,INDEA,INDNE,-39.52
2047,3,18.0,INDEA,INDSO,0.65
2047,3,18.0,INDNE,INDNO,38.99
2047,3,18.0,INDNO,INDWE,0.31
2048,3,18.0,INDEA,INDNE,-41.52
2048,3,18.0,INDNE,INDNO,40.99
2049,3,18.0,INDEA,INDNE,-43.52
2049,3,18.0,INDNE,INDNO,42.99
2050,3,18.0,INDEA,INDNE,-45.52
2050,3,18.0,INDNE,INDNO,44.99
2021,3,19.0,INDEA,INDNE,2.79
2022,3,19.0,INDEA,INDNE,2.86
2022,3,19.0,INDNE,INDNO,-0.29
2023,3,19.0,INDEA,INDNE,2.85
2024,3,19.0,INDEA,INDNE,-3.53
2024,3,19.0,INDNE,INDNO,3.0
2025,3,19.0,INDEA,INDNE,-3.53
2025,3,19.0,INDNE,INDNO,3.0
2025,3,19.0,INDSO,INDWE,-2.73
2026,3,19.0,INDEA,INDNE,-3.53
2026,3,19.0,INDNE,INDNO,3.0
2026,3,19.0,INDSO,INDWE,-3.08
2027,3,19.0,INDEA,INDNE,-3.53
2027,3,19.0,INDNE,INDNO,3.0
2027,3,19.0,INDSO,INDWE,-5.43
2028,3,19.0,INDEA,INDNE,-3.53
2028,3,19.0,INDNE,INDNO,3.0
2028,3,19.0,INDSO,INDWE,-8.49
2029,3,19.0,INDEA,INDNE,-3.53
2029,3,19.0,INDNE,INDNO,3.0
2029,3,19.0,INDSO,INDWE,-11.34
2030,3,19.0,INDEA,INDNE,-5.53
2030,3,19.0,INDEA,INDNO,0.63
2030,3,19.0,INDNE,INDNO,5.0
2030,3,19.0,INDSO,INDWE,-14.88
2031,3,19.0,INDEA,INDNE,-7.53
2031,3,19.0,INDNE,INDNO,7.0
2031,3,19.0,INDSO,INDWE,-4.75
2032,3,19.0,INDEA,INDNE,-9.53
2032,3,19.0,INDNE,INDNO,9.0
2032,3,19.0,INDSO,INDWE,-5.06
2033,3,19.0,INDEA,INDNE,-11.53
2033,3,19.0,INDNE,INDNO,11.0
2033,3,19.0,INDSO,INDWE,-5.35
2034,3,19.0,INDEA,INDNE,-13.53
2034,3,19.0,INDEA,INDSO,3.65
2034,3,19.0,INDNE,INDNO,13.0
2034,3,19.0,INDSO,INDWE,-1.89
2035,3,19.0,INDEA,INDNE,-15.53
2035,3,19.0,INDEA,INDSO,5.68
2035,3,19.0,INDEA,INDWE,0.34
2035,3,19.0,INDNE,INDNO,15.0
2036,3,19.0,INDEA,INDNE,-17.53
2036,3,19.0,INDEA,INDSO,5.79
2036,3,19.0,INDEA,INDWE,0.6
2036,3,19.0,INDNE,INDNO,17.0
2037,3,19.0,INDEA,INDNE,-19.53
2037,3,19.0,INDEA,INDSO,5.9
2037,3,19.0,INDEA,INDWE,0.87
2037,3,19.0,INDNE,INDNO,19.0
2038,3,19.0,INDEA,INDNE,-21.53
2038,3,19.0,INDEA,INDSO,6.0
2038,3,19.0,INDEA,INDWE,1.13
2038,3,19.0,INDNE,INDNO,21.0
2039,3,19.0,INDEA,INDNE,-23.53
2039,3,19.0,INDEA,INDSO,6.11
2039,3,19.0,INDEA,INDWE,1.39
2039,3,19.0,INDNE,INDNO,23.0
2040,3,19.0,INDEA,INDNE,-25.53
2040,3,19.0,INDEA,INDSO,6.22
2040,3,19.0,INDEA,INDWE,1.65
2040,3,19.0,INDNE,INDNO,25.0
2041,3,19.0,INDEA,INDNE,-27.52
2041,3,19.0,INDEA,INDSO,6.34
2041,3,19.0,INDEA,INDWE,1.94
2041,3,19.0,INDNE,INDNO,27.0
2042,3,19.0,INDEA,INDNE,-29.52
2042,3,19.0,INDEA,INDSO,6.46
2042,3,19.0,INDEA,INDWE,2.22
2042,3,19.0,INDNE,INDNO,28.99
2043,3,19.0,INDEA,INDNE,-31.52
2043,3,19.0,INDEA,INDSO,6.58
2043,3,19.0,INDEA,INDWE,2.5
2043,3,19.0,INDNE,INDNO,30.99
2044,3,19.0,INDEA,INDNE,-33.52
2044,3,19.0,INDEA,INDSO,6.65
2044,3,19.0,INDEA,INDWE,1.45
2044,3,19.0,INDNE,INDNO,32.99
2045,3,19.0,INDEA,INDNE,-35.52
2045,3,19.0,INDEA,INDSO,5.71
2045,3,19.0,INDNE,INDNO,34.99
2046,3,19.0,INDEA,INDNE,-37.52
2046,3,19.0,INDEA,INDSO,1.34
2046,3,19.0,INDNE,INDNO,36.99
2046,3,19.0,INDNO,INDWE,4.11
2047,3,19.0,INDEA,INDNE,-39.52
2047,3,19.0,INDEA,INDSO,0.65
2047,3,19.0,INDNE,INDNO,38.99
2047,3,19.0,INDNO,INDWE,0.31
2048,3,19.0,INDEA,INDNE,-41.52
2048,3,19.0,INDNE,INDNO,40.99
2049,3,19.0,INDEA,INDNE,-43.52
2049,3,19.0,INDNE,INDNO,42.99
2050,3,19.0,INDEA,INDNE,-45.52
2050,3,19.0,INDNE,INDNO,44.99
2021,3,20.0,INDEA,INDNE,2.79
2022,3,20.0,INDEA,INDNE,2.86
2022,3,20.0,INDNE,INDNO,-0.29
2023,3,20.0,INDEA,INDNE,2.85
2024,3,20.0,INDEA,INDNE,-3.53
2024,3,20.0,INDNE,INDNO,3.0
2025,3,20.0,INDEA,INDNE,-3.53
2025,3,20.0,INDNE,INDNO,3.0
2025,3,20.0,INDSO,INDWE,-2.73
2026,3,20.0,INDEA,INDNE,-3.53
2026,3,20.0,INDNE,INDNO,3.0
2026,3,20.0,INDSO,INDWE,-3.08
2027,3,20.0,INDEA,INDNE,-3.53
2027,3,20.0,INDNE,INDNO,3.0
2027,3,20.0,INDSO,INDWE,-5.43
2028,3,20.0,INDEA,INDNE,-3.53
2028,3,20.0,INDNE,INDNO,3.0
2028,3,20.0,INDSO,INDWE,-8.49
2029,3,20.0,INDEA,INDNE,-3.53
2029,3,20.0,INDNE,INDNO,3.0
2029,3,20.0,INDSO,INDWE,-11.34
2030,3,20.0,INDEA,INDNE,-5.53
2030,3,20.0,INDEA,INDNO,0.63
2030,3,20.0,INDNE,INDNO,5.0
2030,3,20.0,INDSO,INDWE,-14.88
2031,3,20.0,INDEA,INDNE,-7.53
2031,3,20.0,INDNE,INDNO,7.0
2031,3,20.0,INDSO,INDWE,-4.75
2032,3,20.0,INDEA,INDNE,-9.53
2032,3,20.0,INDNE,INDNO,9.0
2032,3,20.0,INDSO,INDWE,-5.06
2033,3,20.0,INDEA,INDNE,-11.53
2033,3,20.0,INDNE,INDNO,11.0
2033,3,20.0,INDSO,INDWE,-5.35
2034,3,20.0,INDEA,INDNE,-13.53
2034,3,20.0,INDEA,INDSO,3.65
2034,3,20.0,INDNE,INDNO,13.0
2034,3,20.0,INDSO,INDWE,-1.89
2035,3,20.0,INDEA,INDNE,-15.53
2035,3,20.0,INDEA,INDSO,5.68
2035,3,20.0,INDEA,INDWE,0.34
2035,3,20.0,INDNE,INDNO,15.0
2036,3,20.0,INDEA,INDNE,-17.53
2036,3,20.0,INDEA,INDSO,5.79
2036,3,20.0,INDEA,INDWE,0.6
2036,3,20.0,INDNE,INDNO,17.0
2037,3,20.0,INDEA,INDNE,-19.53
2037,3,20.0,INDEA,INDSO,5.9
2037,3,20.0,INDEA,INDWE,0.87
2037,3,20.0,INDNE,INDNO,19.0
2038,3,20.0,INDEA,INDNE,-21.53
2038,3,20.0,INDEA,INDSO,6.0
2038,3,20.0,INDEA,INDWE,1.13
2038,3,20.0,INDNE,INDNO,21.0
2039,3,20.0,INDEA,INDNE,-23.53
2039,3,20.0,INDEA,INDSO,6.11
2039,3,20.0,INDEA,INDWE,1.39
2039,3,20.0,INDNE,INDNO,23.0
2040,3,20.0,INDEA,INDNE,-25.53
2040,3,20.0,INDEA,INDSO,6.22
2040,3,20.0,INDEA,INDWE,1.65
2040,3,20.0,INDNE,INDNO,25.0
2041,3,20.0,INDEA,INDNE,-27.52
2041,3,20.0,INDEA,INDSO,6.34
2041,3,20.0,INDEA,INDWE,1.94
2041,3,20.0,INDNE,INDNO,27.0
2042,3,20.0,INDEA,INDNE,-29.52
2042,3,20.0,INDEA,INDSO,6.46
2042,3,20.0,INDEA,INDWE,2.22
2042,3,20.0,INDNE,INDNO,28.99
2043,3,20.0,INDEA,INDNE,-31.52
2043,3,20.0,INDEA,INDSO,6.58
2043,3,20.0,INDEA,INDWE,2.5
2043,3,20.0,INDNE,INDNO,30.99
2044,3,20.0,INDEA,INDNE,-33.52
2044,3,20.0,INDEA,INDSO,6.65
2044,3,20.0,INDEA,INDWE,1.45
2044,3,20.0,INDNE,INDNO,32.99
2045,3,20.0,INDEA,INDNE,-35.52
2045,3,20.0,INDEA,INDSO,5.71
2045,3,20.0,INDNE,INDNO,34.99
2046,3,20.0,INDEA,INDNE,-37.52
2046,3,20.0,INDEA,INDSO,1.34
2046,3,20.0,INDNE,INDNO,36.99
2046,3,20.0,INDNO,INDWE,4.11
2047,3,20.0,INDEA,INDNE,-39.52
2047,3,20.0,INDEA,INDSO,0.65
2047,3,20.0,INDNE,INDNO,38.99
2047,3,20.0,INDNO,INDWE,0.31
2048,3,20.0,INDEA,INDNE,-41.52
2048,3,20.0,INDNE,INDNO,40.99
2049,3,20.0,INDEA,INDNE,-43.52
2049,3,20.0,INDNE,INDNO,42.99
2050,3,20.0,INDEA,INDNE,-45.52
2050,3,20.0,INDNE,INDNO,44.99
2021,3,21.0,INDEA,INDNE,2.79
2022,3,21.0,INDEA,INDNE,2.86
2022,3,21.0,INDNE,INDNO,-0.29
2023,3,21.0,INDEA,INDNE,2.85
2024,3,21.0,INDEA,INDNE,-3.53
2024,3,21.0,INDNE,INDNO,3.0
2025,3,21.0,INDEA,INDNE,-3.53
2025,3,21.0,INDNE,INDNO,3.0
2025,3,21.0,INDSO,INDWE,-2.73
2026,3,21.0,INDEA,INDNE,-3.53
2026,3,21.0,INDNE,INDNO,3.0
2026,3,21.0,INDSO,INDWE,-3.08
2027,3,21.0,INDEA,INDNE,-3.53
2027,3,21.0,INDNE,INDNO,3.0
2027,3,21.0,INDSO,INDWE,-5.43
2028,3,21.0,INDEA,INDNE,-3.53
2028,3,21.0,INDNE,INDNO,3.0
2028,3,21.0,INDSO,INDWE,-8.49
2029,3,21.0,INDEA,INDNE,-3.53
2029,3,21.0,INDNE,INDNO,3.0
2029,3,21.0,INDSO,INDWE,-11.34
2030,3,21.0,INDEA,INDNE,-5.53
2030,3,21.0,INDEA,INDNO,0.63
2030,3,21.0,INDNE,INDNO,5.0
2030,3,21.0,INDSO,INDWE,-14.88
2031,3,21.0,INDEA,INDNE,-7.53
2031,3,21.0,INDNE,INDNO,7.0
2031,3,21.0,INDSO,INDWE,-4.75
2032,3,21.0,INDEA,INDNE,-9.53
2032,3,21.0,INDNE,INDNO,9.0
2032,3,21.0,INDSO,INDWE,-5.06
2033,3,21.0,INDEA,INDNE,-11.53
2033,3,21.0,INDNE,INDNO,11.0
2033,3,21.0,INDSO,INDWE,-5.35
2034,3,21.0,INDEA,INDNE,-13.53
2034,3,21.0,INDEA,INDSO,3.65
2034,3,21.0,INDNE,INDNO,13.0
2034,3,21.0,INDSO,INDWE,-1.89
2035,3,21.0,INDEA,INDNE,-15.53
2035,3,21.0,INDEA,INDSO,5.68
2035,3,21.0,INDEA,INDWE,0.34
2035,3,21.0,INDNE,INDNO,15.0
2036,3,21.0,INDEA,INDNE,-17.53
2036,3,21.0,INDEA,INDSO,5.79
2036,3,21.0,INDEA,INDWE,0.6
2036,3,21.0,INDNE,INDNO,17.0
2037,3,21.0,INDEA,INDNE,-19.53
2037,3,21.0,INDEA,INDSO,5.9
2037,3,21.0,INDEA,INDWE,0.87
2037,3,21.0,INDNE,INDNO,19.0
2038,3,21.0,INDEA,INDNE,-21.53
2038,3,21.0,INDEA,INDSO,6.0
2038,3,21.0,INDEA,INDWE,1.13
2038,3,21.0,INDNE,INDNO,21.0
2039,3,21.0,INDEA,INDNE,-23.53
2039,3,21.0,INDEA,INDSO,6.11
2039,3,21.0,INDEA,INDWE,1.39
2039,3,21.0,INDNE,INDNO,23.0
2040,3,21.0,INDEA,INDNE,-25.53
2040,3,21.0,INDEA,INDSO,6.22
2040,3,21.0,INDEA,INDWE,1.65
2040,3,21.0,INDNE,INDNO,25.0
2041,3,21.0,INDEA,INDNE,-27.52
2041,3,21.0,INDEA,INDSO,6.34
2041,3,21.0,INDEA,INDWE,1.94
2041,3,21.0,INDNE,INDNO,27.0
2042,3,21.0,INDEA,INDNE,-29.52
2042,3,21.0,INDEA,INDSO,6.46
2042,3,21.0,INDEA,INDWE,2.22
2042,3,21.0,INDNE,INDNO,28.99
2043,3,21.0,INDEA,INDNE,-31.52
2043,3,21.0,INDEA,INDSO,6.58
2043,3,21.0,INDEA,INDWE,2.5
2043,3,21.0,INDNE,INDNO,30.99
2044,3,21.0,INDEA,INDNE,-33.52
2044,3,21.0,INDEA,INDSO,6.65
2044,3,21.0,INDEA,INDWE,1.45
2044,3,21.0,INDNE,INDNO,32.99
2045,3,21.0,INDEA,INDNE,-35.52
2045,3,21.0,INDEA,INDSO,5.71
2045,3,21.0,INDNE,INDNO,34.99
2046,3,21.0,INDEA,INDNE,-37.52
2046,3,21.0,INDEA,INDSO,1.34
2046,3,21.0,INDNE,INDNO,36.99
2046,3,21.0,INDNO,INDWE,4.11
2047,3,21.0,INDEA,INDNE,-39.52
2047,3,21.0,INDEA,INDSO,0.65
2047,3,21.0,INDNE,INDNO,38.99
2047,3,21.0,INDNO,INDWE,0.31
2048,3,21.0,INDEA,INDNE,-41.52
2048,3,21.0,INDNE,INDNO,40.99
2049,3,21.0,INDEA,INDNE,-43.52
2049,3,21.0,INDNE,INDNO,42.99
2050,3,21.0,INDEA,INDNE,-45.52
2050,3,21.0,INDNE,INDNO,44.99
2021,3,22.0,INDEA,INDNE,2.79
2022,3,22.0,INDEA,INDNE,2.86
2022,3,22.0,INDNE,INDNO,-0.29
2023,3,22.0,INDEA,INDNE,2.85
2024,3,22.0,INDEA,INDNE,-3.53
2024,3,22.0,INDNE,INDNO,3.0
2025,3,22.0,INDEA,INDNE,-3.53
2025,3,22.0,INDNE,INDNO,3.0
2025,3,22.0,INDSO,INDWE,-2.73
2026,3,22.0,INDEA,INDNE,-3.53
2026,3,22.0,INDNE,INDNO,3.0
2026,3,22.0,INDSO,INDWE,-3.08
2027,3,22.0,INDEA,INDNE,-3.53
2027,3,22.0,INDNE,INDNO,3.0
2027,3,22.0,INDSO,INDWE,-5.43
2028,3,22.0,INDEA,INDNE,-3.53
2028,3,22.0,INDNE,INDNO,3.0
2028,3,22.0,INDSO,INDWE,-8.49
2029,3,22.0,INDEA,INDNE,-3.53
2029,3,22.0,INDNE,INDNO,3.0
2029,3,22.0,INDSO,INDWE,-11.34
2030,3,22.0,INDEA,INDNE,-5.53
2030,3,22.0,INDEA,INDNO,0.63
2030,3,22.0,INDNE,INDNO,5.0
2030,3,22.0,INDSO,INDWE,-14.88
2031,3,22.0,INDEA,INDNE,-7.53
2031,3,22.0,INDNE,INDNO,7.0
2031,3,22.0,INDSO,INDWE,-4.75
2032,3,22.0,INDEA,INDNE,-9.53
2032,3,22.0,INDNE,INDNO,9.0
2032,3,22.0,INDSO,INDWE,-5.06
2033,3,22.0,INDEA,INDNE,-11.53
2033,3,22.0,INDNE,INDNO,11.0
2033,3,22.0,INDSO,INDWE,-5.35
2034,3,22.0,INDEA,INDNE,-13.53
2034,3,22.0,INDEA,INDSO,3.65
2034,3,22.0,INDNE,INDNO,13.0
2034,3,22.0,INDSO,INDWE,-1.89
2035,3,22.0,INDEA,INDNE,-15.53
2035,3,22.0,INDEA,INDSO,5.68
2035,3,22.0,INDEA,INDWE,0.34
2035,3,22.0,INDNE,INDNO,15.0
2036,3,22.0,INDEA,INDNE,-17.53
2036,3,22.0,INDEA,INDSO,5.79
2036,3,22.0,INDEA,INDWE,0.6
2036,3,22.0,INDNE,INDNO,17.0
2037,3,22.0,INDEA,INDNE,-19.53
2037,3,22.0,INDEA,INDSO,5.9
2037,3,22.0,INDEA,INDWE,0.87
2037,3,22.0,INDNE,INDNO,19.0
2038,3,22.0,INDEA,INDNE,-21.53
2038,3,22.0,INDEA,INDSO,6.0
2038,3,22.0,INDEA,INDWE,1.13
2038,3,22.0,INDNE,INDNO,21.0
2039,3,22.0,INDEA,INDNE,-23.53
2039,3,22.0,INDEA,INDSO,6.11
2039,3,22.0,INDEA,INDWE,1.39
2039,3,22.0,INDNE,INDNO,23.0
2040,3,22.0,INDEA,INDNE,-25.53
2040,3,22.0,INDEA,INDSO,6.22
2040,3,22.0,INDEA,INDWE,1.65
2040,3,22.0,INDNE,INDNO,25.0
2041,3,22.0,INDEA,INDNE,-27.52
2041,3,22.0,INDEA,INDSO,6.34
2041,3,22.0,INDEA,INDWE,1.94
2041,3,22.0,INDNE,INDNO,27.0
2042,3,22.0,INDEA,INDNE,-29.52
2042,3,22.0,INDEA,INDSO,6.46
2042,3,22.0,INDEA,INDWE,2.22
2042,3,22.0,INDNE,INDNO,28.99
2043,3,22.0,INDEA,INDNE,-31.52
2043,3,22.0,INDEA,INDSO,6.58
2043,3,22.0,INDEA,INDWE,2.5
2043,3,22.0,INDNE,INDNO,30.99
2044,3,22.0,INDEA,INDNE,-33.52
2044,3,22.0,INDEA,INDSO,6.65
2044,3,22.0,INDEA,INDWE,1.45
2044,3,22.0,INDNE,INDNO,32.99
2045,3,22.0,INDEA,INDNE,-35.52
2045,3,22.0,INDEA,INDSO,5.71
2045,3,22.0,INDNE,INDNO,34.99
2046,3,22.0,INDEA,INDNE,-37.52
2046,3,22.0,INDEA,INDSO,1.34
2046,3,22.0,INDNE,INDNO,36.99
2046,3,22.0,INDNO,INDWE,4.11
2047,3,22.0,INDEA,INDNE,-39.52
2047,3,22.0,INDEA,INDSO,0.65
2047,3,22.0,INDNE,INDNO,38.99
2047,3,22.0,INDNO,INDWE,0.31
2048,3,22.0,INDEA,INDNE,-41.52
2048,3,22.0,INDNE,INDNO,40.99
2049,3,22.0,INDEA,INDNE,-43.52
2049,3,22.0,INDNE,INDNO,42.99
2050,3,22.0,INDEA,INDNE,-45.52
2050,3,22.0,INDNE,INDNO,44.99
2021,3,23.0,INDEA,INDNE,2.79
2022,3,23.0,INDEA,INDNE,2.86
2022,3,23.0,INDNE,INDNO,-0.29
2023,3,23.0,INDEA,INDNE,2.85
2024,3,23.0,INDEA,INDNE,-3.53
2024,3,23.0,INDNE,INDNO,3.0
2025,3,23.0,INDEA,INDNE,-3.53
2025,3,23.0,INDNE,INDNO,3.0
2025,3,23.0,INDSO,INDWE,-2.73
2026,3,23.0,INDEA,INDNE,-3.53
2026,3,23.0,INDNE,INDNO,3.0
2026,3,23.0,INDSO,INDWE,-3.08
2027,3,23.0,INDEA,INDNE,-3.53
2027,3,23.0,INDNE,INDNO,3.0
2027,3,23.0,INDSO,INDWE,-5.43
2028,3,23.0,INDEA,INDNE,-3.53
2028,3,23.0,INDNE,INDNO,3.0
2028,3,23.0,INDSO,INDWE,-8.49
2029,3,23.0,INDEA,INDNE,-3.53
2029,3,23.0,INDNE,INDNO,3.0
2029,3,23.0,INDSO,INDWE,-11.34
2030,3,23.0,INDEA,INDNE,-5.53
2030,3,23.0,INDEA,INDNO,0.63
2030,3,23.0,INDNE,INDNO,5.0
2030,3,23.0,INDSO,INDWE,-14.88
2031,3,23.0,INDEA,INDNE,-7.53
2031,3,23.0,INDNE,INDNO,7.0
2031,3,23.0,INDSO,INDWE,-4.75
2032,3,23.0,INDEA,INDNE,-9.53
2032,3,23.0,INDNE,INDNO,9.0
2032,3,23.0,INDSO,INDWE,-5.06
2033,3,23.0,INDEA,INDNE,-11.53
2033,3,23.0,INDNE,INDNO,11.0
2033,3,23.0,INDSO,INDWE,-5.35
2034,3,23.0,INDEA,INDNE,-13.53
2034,3,23.0,INDEA,INDSO,3.65
2034,3,23.0,INDNE,INDNO,13.0
2034,3,23.0,INDSO,INDWE,-1.89
2035,3,23.0,INDEA,INDNE,-15.53
2035,3,23.0,INDEA,INDSO,5.68
2035,3,23.0,INDEA,INDWE,0.34
2035,3,23.0,INDNE,INDNO,15.0
2036,3,23.0,INDEA,INDNE,-17.53
2036,3,23.0,INDEA,INDSO,5.79
2036,3,23.0,INDEA,INDWE,0.6
2036,3,23.0,INDNE,INDNO,17.0
2037,3,23.0,INDEA,INDNE,-19.53
2037,3,23.0,INDEA,INDSO,5.9
2037,3,23.0,INDEA,INDWE,0.87
2037,3,23.0,INDNE,INDNO,19.0
2038,3,23.0,INDEA,INDNE,-21.53
2038,3,23.0,INDEA,INDSO,6.0
2038,3,23.0,INDEA,INDWE,1.13
2038,3,23.0,INDNE,INDNO,21.0
2039,3,23.0,INDEA,INDNE,-23.53
2039,3,23.0,INDEA,INDSO,6.11
2039,3,23.0,INDEA,INDWE,1.39
2039,3,23.0,INDNE,INDNO,23.0
2040,3,23.0,INDEA,INDNE,-25.53
2040,3,23.0,INDEA,INDSO,6.22
2040,3,23.0,INDEA,INDWE,1.65
2040,3,23.0,INDNE,INDNO,25.0
2041,3,23.0,INDEA,INDNE,-27.52
2041,3,23.0,INDEA,INDSO,6.34
2041,3,23.0,INDEA,INDWE,1.94
2041,3,23.0,INDNE,INDNO,27.0
2042,3,23.0,INDEA,INDNE,-29.52
2042,3,23.0,INDEA,INDSO,6.46
2042,3,23.0,INDEA,INDWE,2.22
2042,3,23.0,INDNE,INDNO,28.99
2043,3,23.0,INDEA,INDNE,-31.52
2043,3,23.0,INDEA,INDSO,6.58
2043,3,23.0,INDEA,INDWE,2.5
2043,3,23.0,INDNE,INDNO,30.99
2044,3,23.0,INDEA,INDNE,-33.52
2044,3,23.0,INDEA,INDSO,6.65
2044,3,23.0,INDEA,INDWE,1.45
2044,3,23.0,INDNE,INDNO,32.99
2045,3,23.0,INDEA,INDNE,-35.52
2045,3,23.0,INDEA,INDSO,5.71
2045,3,23.0,INDNE,INDNO,34.99
2046,3,23.0,INDEA,INDNE,-37.52
2046,3,23.0,INDEA,INDSO,1.34
2046,3,23.0,INDNE,INDNO,36.99
2046,3,23.0,INDNO,INDWE,4.11
2047,3,23.0,INDEA,INDNE,-39.52
2047,3,23.0,INDEA,INDSO,0.65
2047,3,23.0,INDNE,INDNO,38.99
2047,3,23.0,INDNO,INDWE,0.31
2048,3,23.0,INDEA,INDNE,-41.52
2048,3,23.0,INDNE,INDNO,40.99
2049,3,23.0,INDEA,INDNE,-43.52
2049,3,23.0,INDNE,INDNO,42.99
2050,3,23.0,INDEA,INDNE,-45.52
2050,3,23.0,INDNE,INDNO,44.99
2021,3,24.0,INDEA,INDNE,2.79
2022,3,24.0,INDEA,INDNE,2.86
2022,3,24.0,INDNE,INDNO,-0.29
2023,3,24.0,INDEA,INDNE,2.85
2024,3,24.0,INDEA,INDNE,-3.53
2024,3,24.0,INDNE,INDNO,3.0
2025,3,24.0,INDEA,INDNE,-3.53
2025,3,24.0,INDNE,INDNO,3.0
2025,3,24.0,INDSO,INDWE,-2.73
2026,3,24.0,INDEA,INDNE,-3.53
2026,3,24.0,INDNE,INDNO,3.0
2026,3,24.0,INDSO,INDWE,-3.08
2027,3,24.0,INDEA,INDNE,-3.53
2027,3,24.0,INDNE,INDNO,3.0
2027,3,24.0,INDSO,INDWE,-5.43
2028,3,24.0,INDEA,INDNE,-3.53
2028,3,24.0,INDNE,INDNO,3.0
2028,3,24.0,INDSO,INDWE,-8.49
2029,3,24.0,INDEA,INDNE,-3.53
2029,3,24.0,INDNE,INDNO,3.0
2029,3,24.0,INDSO,INDWE,-11.34
2030,3,24.0,INDEA,INDNE,-5.53
2030,3,24.0,INDEA,INDNO,0.63
2030,3,24.0,INDNE,INDNO,5.0
2030,3,24.0,INDSO,INDWE,-14.88
2031,3,24.0,INDEA,INDNE,-7.53
2031,3,24.0,INDNE,INDNO,7.0
2031,3,24.0,INDSO,INDWE,-4.75
2032,3,24.0,INDEA,INDNE,-9.53
2032,3,24.0,INDNE,INDNO,9.0
2032,3,24.0,INDSO,INDWE,-5.06
2033,3,24.0,INDEA,INDNE,-11.53
2033,3,24.0,INDNE,INDNO,11.0
2033,3,24.0,INDSO,INDWE,-5.35
2034,3,24.0,INDEA,INDNE,-13.53
2034,3,24.0,INDEA,INDSO,3.65
2034,3,24.0,INDNE,INDNO,13.0
2034,3,24.0,INDSO,INDWE,-1.89
2035,3,24.0,INDEA,INDNE,-15.53
2035,3,24.0,INDEA,INDSO,5.68
2035,3,24.0,INDEA,INDWE,0.34
2035,3,24.0,INDNE,INDNO,15.0
2036,3,24.0,INDEA,INDNE,-17.53
2036,3,24.0,INDEA,INDSO,5.79
2036,3,24.0,INDEA,INDWE,0.6
2036,3,24.0,INDNE,INDNO,17.0
2037,3,24.0,INDEA,INDNE,-19.53
2037,3,24.0,INDEA,INDSO,5.9
2037,3,24.0,INDEA,INDWE,0.87
2037,3,24.0,INDNE,INDNO,19.0
2038,3,24.0,INDEA,INDNE,-21.53
2038,3,24.0,INDEA,INDSO,6.0
2038,3,24.0,INDEA,INDWE,1.13
2038,3,24.0,INDNE,INDNO,21.0
2039,3,24.0,INDEA,INDNE,-23.53
2039,3,24.0,INDEA,INDSO,6.11
2039,3,24.0,INDEA,INDWE,1.39
2039,3,24.0,INDNE,INDNO,23.0
2040,3,24.0,INDEA,INDNE,-25.53
2040,3,24.0,INDEA,INDSO,6.22
2040,3,24.0,INDEA,INDWE,1.65
2040,3,24.0,INDNE,INDNO,25.0
2041,3,24.0,INDEA,INDNE,-27.52
2041,3,24.0,INDEA,INDSO,6.34
2041,3,24.0,INDEA,INDWE,1.94
2041,3,24.0,INDNE,INDNO,27.0
2042,3,24.0,INDEA,INDNE,-29.52
2042,3,24.0,INDEA,INDSO,6.46
2042,3,24.0,INDEA,INDWE,2.22
2042,3,24.0,INDNE,INDNO,28.99
2043,3,24.0,INDEA,INDNE,-31.52
2043,3,24.0,INDEA,INDSO,6.58
2043,3,24.0,INDEA,INDWE,2.5
2043,3,24.0,INDNE,INDNO,30.99
2044,3,24.0,INDEA,INDNE,-33.52
2044,3,24.0,INDEA,INDSO,6.65
2044,3,24.0,INDEA,INDWE,1.45
2044,3,24.0,INDNE,INDNO,32.99
2045,3,24.0,INDEA,INDNE,-35.52
2045,3,24.0,INDEA,INDSO,5.71
2045,3,24.0,INDNE,INDNO,34.99
2046,3,24.0,INDEA,INDNE,-37.52
2046,3,24.0,INDEA,INDSO,1.34
2046,3,24.0,INDNE,INDNO,36.99
2046,3,24.0,INDNO,INDWE,4.11
2047,3,24.0,INDEA,INDNE,-39.52
2047,3,24.0,INDEA,INDSO,0.65
2047,3,24.0,INDNE,INDNO,38.99
2047,3,24.0,INDNO,INDWE,0.31
2048,3,24.0,INDEA,INDNE,-41.52
2048,3,24.0,INDNE,INDNO,40.99
2049,3,24.0,INDEA,INDNE,-43.52
2049,3,24.0,INDNE,INDNO,42.99
2050,3,24.0,INDEA,INDNE,-45.52
2050,3,24.0,INDNE,INDNO,44.99
2021,4,1.0,INDEA,INDNE,2.68
2022,4,1.0,INDEA,INDNE,2.86
2023,4,1.0,INDEA,INDNE,2.43
2024,4,1.0,INDEA,INDNE,-3.53
2024,4,1.0,INDNE,INDNO,3.0
2025,4,1.0,INDEA,INDNE,-3.53
2025,4,1.0,INDEA,INDNO,-4.54
2025,4,1.0,INDNE,INDNO,3.0
2025,4,1.0,INDNO,INDWE,12.63
2025,4,1.0,INDSO,INDWE,-15.66
2026,4,1.0,INDEA,INDNE,-3.53
2026,4,1.0,INDEA,INDNO,-5.34
2026,4,1.0,INDNE,INDNO,3.0
2026,4,1.0,INDNO,INDWE,9.96
2026,4,1.0,INDSO,INDWE,-12.83
2027,4,1.0,INDEA,INDNE,-3.53
2027,4,1.0,INDEA,INDNO,-6.34
2027,4,1.0,INDNE,INDNO,3.0
2027,4,1.0,INDNO,INDWE,6.96
2027,4,1.0,INDSO,INDWE,-7.91
2028,4,1.0,INDEA,INDNE,-3.53
2028,4,1.0,INDEA,INDNO,-8.19
2028,4,1.0,INDNE,INDNO,3.0
2028,4,1.0,INDNO,INDWE,4.24
2028,4,1.0,INDSO,INDWE,-3.48
2029,4,1.0,INDEA,INDNE,-3.53
2029,4,1.0,INDEA,INDNO,-9.21
2029,4,1.0,INDNE,INDNO,3.0
2029,4,1.0,INDNO,INDWE,0.77
2030,4,1.0,INDEA,INDNE,-5.53
2030,4,1.0,INDEA,INDNO,-8.16
2030,4,1.0,INDNE,INDNO,5.0
2030,4,1.0,INDNO,INDWE,2.19
2031,4,1.0,INDEA,INDNE,-7.53
2031,4,1.0,INDEA,INDNO,-5.83
2031,4,1.0,INDNE,INDNO,7.0
2032,4,1.0,INDEA,INDNE,-9.53
2032,4,1.0,INDEA,INDNO,-4.18
2032,4,1.0,INDNE,INDNO,9.0
2033,4,1.0,INDEA,INDNE,-11.53
2033,4,1.0,INDNE,INDNO,11.0
2034,4,1.0,INDEA,INDNE,-13.53
2034,4,1.0,INDNE,INDNO,13.0
2035,4,1.0,INDEA,INDNE,-15.53
2035,4,1.0,INDNE,INDNO,15.0
2036,4,1.0,INDEA,INDNE,-17.53
2036,4,1.0,INDNE,INDNO,17.0
2037,4,1.0,INDEA,INDNE,-19.53
2037,4,1.0,INDNE,INDNO,19.0
2038,4,1.0,INDEA,INDNE,-21.53
2038,4,1.0,INDNE,INDNO,21.0
2039,4,1.0,INDEA,INDNE,-23.53
2039,4,1.0,INDNE,INDNO,23.0
2040,4,1.0,INDEA,INDNE,-25.53
2040,4,1.0,INDNE,INDNO,25.0
2041,4,1.0,INDEA,INDNE,-27.52
2041,4,1.0,INDNE,INDNO,27.0
2042,4,1.0,INDEA,INDNE,-29.52
2042,4,1.0,INDNE,INDNO,28.99
2043,4,1.0,INDEA,INDNE,-31.52
2043,4,1.0,INDNE,INDNO,30.99
2044,4,1.0,INDEA,INDNE,-33.52
2044,4,1.0,INDNE,INDNO,32.99
2045,4,1.0,INDEA,INDNE,-35.52
2045,4,1.0,INDNE,INDNO,34.99
2045,4,1.0,INDSO,INDWE,-9.88
2046,4,1.0,INDEA,INDNE,-37.52
2046,4,1.0,INDNE,INDNO,30.39
2046,4,1.0,INDSO,INDWE,-16.42
2047,4,1.0,INDEA,INDNE,-39.52
2047,4,1.0,INDNE,INDNO,28.8
2047,4,1.0,INDSO,INDWE,-25.25
2048,4,1.0,INDEA,INDNE,-41.52
2048,4,1.0,INDEA,INDSO,1.18
2048,4,1.0,INDNE,INDNO,32.89
2048,4,1.0,INDSO,INDWE,-30.11
2049,4,1.0,INDEA,INDNE,-43.52
2049,4,1.0,INDEA,INDSO,7.83
2049,4,1.0,INDNE,INDNO,34.01
2049,4,1.0,INDSO,INDWE,-32.11
2050,4,1.0,INDEA,INDNE,-45.52
2050,4,1.0,INDEA,INDSO,7.94
2050,4,1.0,INDNE,INDNO,35.54
2050,4,1.0,INDSO,INDWE,-34.11
2021,4,2.0,INDEA,INDNE,2.68
2022,4,2.0,INDEA,INDNE,2.86
2023,4,2.0,INDEA,INDNE,2.43
2024,4,2.0,INDEA,INDNE,-3.53
2024,4,2.0,INDNE,INDNO,3.0
2025,4,2.0,INDEA,INDNE,-3.53
2025,4,2.0,INDEA,INDNO,-4.54
2025,4,2.0,INDNE,INDNO,3.0
2025,4,2.0,INDNO,INDWE,12.63
2025,4,2.0,INDSO,INDWE,-15.66
2026,4,2.0,INDEA,INDNE,-3.53
2026,4,2.0,INDEA,INDNO,-5.34
2026,4,2.0,INDNE,INDNO,3.0
2026,4,2.0,INDNO,INDWE,9.96
2026,4,2.0,INDSO,INDWE,-12.83
2027,4,2.0,INDEA,INDNE,-3.53
2027,4,2.0,INDEA,INDNO,-6.34
2027,4,2.0,INDNE,INDNO,3.0
2027,4,2.0,INDNO,INDWE,6.96
2027,4,2.0,INDSO,INDWE,-7.91
2028,4,2.0,INDEA,INDNE,-3.53
2028,4,2.0,INDEA,INDNO,-8.19
2028,4,2.0,INDNE,INDNO,3.0
2028,4,2.0,INDNO,INDWE,4.24
2028,4,2.0,INDSO,INDWE,-3.48
2029,4,2.0,INDEA,INDNE,-3.53
2029,4,2.0,INDEA,INDNO,-9.21
2029,4,2.0,INDNE,INDNO,3.0
2029,4,2.0,INDNO,INDWE,0.77
2030,4,2.0,INDEA,INDNE,-5.53
2030,4,2.0,INDEA,INDNO,-8.16
2030,4,2.0,INDNE,INDNO,5.0
2030,4,2.0,INDNO,INDWE,2.19
2031,4,2.0,INDEA,INDNE,-7.53
2031,4,2.0,INDEA,INDNO,-5.83
2031,4,2.0,INDNE,INDNO,7.0
2032,4,2.0,INDEA,INDNE,-9.53
2032,4,2.0,INDEA,INDNO,-4.18
2032,4,2.0,INDNE,INDNO,9.0
2033,4,2.0,INDEA,INDNE,-11.53
2033,4,2.0,INDNE,INDNO,11.0
2034,4,2.0,INDEA,INDNE,-13.53
2034,4,2.0,INDNE,INDNO,13.0
2035,4,2.0,INDEA,INDNE,-15.53
2035,4,2.0,INDNE,INDNO,15.0
2036,4,2.0,INDEA,INDNE,-17.53
2036,4,2.0,INDNE,INDNO,17.0
2037,4,2.0,INDEA,INDNE,-19.53
2037,4,2.0,INDNE,INDNO,19.0
2038,4,2.0,INDEA,INDNE,-21.53
2038,4,2.0,INDNE,INDNO,21.0
2039,4,2.0,INDEA,INDNE,-23.53
2039,4,2.0,INDNE,INDNO,23.0
2040,4,2.0,INDEA,INDNE,-25.53
2040,4,2.0,INDNE,INDNO,25.0
2041,4,2.0,INDEA,INDNE,-27.52
2041,4,2.0,INDNE,INDNO,27.0
2042,4,2.0,INDEA,INDNE,-29.52
2042,4,2.0,INDNE,INDNO,28.99
2043,4,2.0,INDEA,INDNE,-31.52
2043,4,2.0,INDNE,INDNO,30.99
2044,4,2.0,INDEA,INDNE,-33.52
2044,4,2.0,INDNE,INDNO,32.99
2045,4,2.0,INDEA,INDNE,-35.52
2045,4,2.0,INDNE,INDNO,34.99
2045,4,2.0,INDSO,INDWE,-9.88
2046,4,2.0,INDEA,INDNE,-37.52
2046,4,2.0,INDNE,INDNO,30.39
2046,4,2.0,INDSO,INDWE,-16.42
2047,4,2.0,INDEA,INDNE,-39.52
2047,4,2.0,INDNE,INDNO,28.8
2047,4,2.0,INDSO,INDWE,-25.25
2048,4,2.0,INDEA,INDNE,-41.52
2048,4,2.0,INDEA,INDSO,1.18
2048,4,2.0,INDNE,INDNO,32.89
2048,4,2.0,INDSO,INDWE,-30.11
2049,4,2.0,INDEA,INDNE,-43.52
2049,4,2.0,INDEA,INDSO,7.83
2049,4,2.0,INDNE,INDNO,34.01
2049,4,2.0,INDSO,INDWE,-32.11
2050,4,2.0,INDEA,INDNE,-45.52
2050,4,2.0,INDEA,INDSO,7.94
2050,4,2.0,INDNE,INDNO,35.54
2050,4,2.0,INDSO,INDWE,-34.11
2021,4,3.0,INDEA,INDNE,2.68
2022,4,3.0,INDEA,INDNE,2.86
2023,4,3.0,INDEA,INDNE,2.43
2024,4,3.0,INDEA,INDNE,-3.53
2024,4,3.0,INDNE,INDNO,3.0
2025,4,3.0,INDEA,INDNE,-3.53
2025,4,3.0,INDEA,INDNO,-4.54
2025,4,3.0,INDNE,INDNO,3.0
2025,4,3.0,INDNO,INDWE,12.63
2025,4,3.0,INDSO,INDWE,-15.66
2026,4,3.0,INDEA,INDNE,-3.53
2026,4,3.0,INDEA,INDNO,-5.34
2026,4,3.0,INDNE,INDNO,3.0
2026,4,3.0,INDNO,INDWE,9.96
2026,4,3.0,INDSO,INDWE,-12.83
2027,4,3.0,INDEA,INDNE,-3.53
2027,4,3.0,INDEA,INDNO,-6.34
2027,4,3.0,INDNE,INDNO,3.0
2027,4,3.0,INDNO,INDWE,6.96
2027,4,3.0,INDSO,INDWE,-7.91
2028,4,3.0,INDEA,INDNE,-3.53
2028,4,3.0,INDEA,INDNO,-8.19
2028,4,3.0,INDNE,INDNO,3.0
2028,4,3.0,INDNO,INDWE,4.24
2028,4,3.0,INDSO,INDWE,-3.48
2029,4,3.0,INDEA,INDNE,-3.53
2029,4,3.0,INDEA,INDNO,-9.21
2029,4,3.0,INDNE,INDNO,3.0
2029,4,3.0,INDNO,INDWE,0.77
2030,4,3.0,INDEA,INDNE,-5.53
2030,4,3.0,INDEA,INDNO,-8.16
2030,4,3.0,INDNE,INDNO,5.0
2030,4,3.0,INDNO,INDWE,2.19
2031,4,3.0,INDEA,INDNE,-7.53
2031,4,3.0,INDEA,INDNO,-5.83
2031,4,3.0,INDNE,INDNO,7.0
2032,4,3.0,INDEA,INDNE,-9.53
2032,4,3.0,INDEA,INDNO,-4.18
2032,4,3.0,INDNE,INDNO,9.0
2033,4,3.0,INDEA,INDNE,-11.53
2033,4,3.0,INDNE,INDNO,11.0
2034,4,3.0,INDEA,INDNE,-13.53
2034,4,3.0,INDNE,INDNO,13.0
2035,4,3.0,INDEA,INDNE,-15.53
2035,4,3.0,INDNE,INDNO,15.0
2036,4,3.0,INDEA,INDNE,-17.53
2036,4,3.0,INDNE,INDNO,17.0
2037,4,3.0,INDEA,INDNE,-19.53
2037,4,3.0,INDNE,INDNO,19.0
2038,4,3.0,INDEA,INDNE,-21.53
2038,4,3.0,INDNE,INDNO,21.0
2039,4,3.0,INDEA,INDNE,-23.53
2039,4,3.0,INDNE,INDNO,23.0
2040,4,3.0,INDEA,INDNE,-25.53
2040,4,3.0,INDNE,INDNO,25.0
2041,4,3.0,INDEA,INDNE,-27.52
2041,4,3.0,INDNE,INDNO,27.0
2042,4,3.0,INDEA,INDNE,-29.52
2042,4,3.0,INDNE,INDNO,28.99
2043,4,3.0,INDEA,INDNE,-31.52
2043,4,3.0,INDNE,INDNO,30.99
2044,4,3.0,INDEA,INDNE,-33.52
2044,4,3.0,INDNE,INDNO,32.99
2045,4,3.0,INDEA,INDNE,-35.52
2045,4,3.0,INDNE,INDNO,34.99
2045,4,3.0,INDSO,INDWE,-9.88
2046,4,3.0,INDEA,INDNE,-37.52
2046,4,3.0,INDNE,INDNO,30.39
2046,4,3.0,INDSO,INDWE,-16.42
2047,4,3.0,INDEA,INDNE,-39.52
2047,4,3.0,INDNE,INDNO,28.8
2047,4,3.0,INDSO,INDWE,-25.25
2048,4,3.0,INDEA,INDNE,-41.52
2048,4,3.0,INDEA,INDSO,1.18
2048,4,3.0,INDNE,INDNO,32.89
2048,4,3.0,INDSO,INDWE,-30.11
2049,4,3.0,INDEA,INDNE,-43.52
2049,4,3.0,INDEA,INDSO,7.83
2049,4,3.0,INDNE,INDNO,34.01
2049,4,3.0,INDSO,INDWE,-32.11
2050,4,3.0,INDEA,INDNE,-45.52
2050,4,3.0,INDEA,INDSO,7.94
2050,4,3.0,INDNE,INDNO,35.54
2050,4,3.0,INDSO,INDWE,-34.11
2021,4,4.0,INDEA,INDNE,2.68
2022,4,4.0,INDEA,INDNE,2.86
2023,4,4.0,INDEA,INDNE,2.43
2024,4,4.0,INDEA,INDNE,-3.53
2024,4,4.0,INDNE,INDNO,3.0
2025,4,4.0,INDEA,INDNE,-3.53
2025,4,4.0,INDEA,INDNO,-4.54
2025,4,4.0,INDNE,INDNO,3.0
2025,4,4.0,INDNO,INDWE,12.63
2025,4,4.0,INDSO,INDWE,-15.66
2026,4,4.0,INDEA,INDNE,-3.53
2026,4,4.0,INDEA,INDNO,-5.34
2026,4,4.0,INDNE,INDNO,3.0
2026,4,4.0,INDNO,INDWE,9.96
2026,4,4.0,INDSO,INDWE,-12.83
2027,4,4.0,INDEA,INDNE,-3.53
2027,4,4.0,INDEA,INDNO,-6.34
2027,4,4.0,INDNE,INDNO,3.0
2027,4,4.0,INDNO,INDWE,6.96
2027,4,4.0,INDSO,INDWE,-7.91
2028,4,4.0,INDEA,INDNE,-3.53
2028,4,4.0,INDEA,INDNO,-8.19
2028,4,4.0,INDNE,INDNO,3.0
2028,4,4.0,INDNO,INDWE,4.24
2028,4,4.0,INDSO,INDWE,-3.48
2029,4,4.0,INDEA,INDNE,-3.53
2029,4,4.0,INDEA,INDNO,-9.21
2029,4,4.0,INDNE,INDNO,3.0
2029,4,4.0,INDNO,INDWE,0.77
2030,4,4.0,INDEA,INDNE,-5.53
2030,4,4.0,INDEA,INDNO,-8.16
2030,4,4.0,INDNE,INDNO,5.0
2030,4,4.0,INDNO,INDWE,2.19
2031,4,4.0,INDEA,INDNE,-7.53
2031,4,4.0,INDEA,INDNO,-5.83
2031,4,4.0,INDNE,INDNO,7.0
2032,4,4.0,INDEA,INDNE,-9.53
2032,4,4.0,INDEA,INDNO,-4.18
2032,4,4.0,INDNE,INDNO,9.0
2033,4,4.0,INDEA,INDNE,-11.53
2033,4,4.0,INDNE,INDNO,11.0
2034,4,4.0,INDEA,INDNE,-13.53
2034,4,4.0,INDNE,INDNO,13.0
2035,4,4.0,INDEA,INDNE,-15.53
2035,4,4.0,INDNE,INDNO,15.0
2036,4,4.0,INDEA,INDNE,-17.53
2036,4,4.0,INDNE,INDNO,17.0
2037,4,4.0,INDEA,INDNE,-19.53
2037,4,4.0,INDNE,INDNO,19.0
2038,4,4.0,INDEA,INDNE,-21.53
2038,4,4.0,INDNE,INDNO,21.0
2039,4,4.0,INDEA,INDNE,-23.53
2039,4,4.0,INDNE,INDNO,23.0
2040,4,4.0,INDEA,INDNE,-25.53
2040,4,4.0,INDNE,INDNO,25.0
2041,4,4.0,INDEA,INDNE,-27.52
2041,4,4.0,INDNE,INDNO,27.0
2042,4,4.0,INDEA,INDNE,-29.52
2042,4,4.0,INDNE,INDNO,28.99
2043,4,4.0,INDEA,INDNE,-31.52
2043,4,4.0,INDNE,INDNO,30.99
2044,4,4.0,INDEA,INDNE,-33.52
2044,4,4.0,INDNE,INDNO,32.99
2045,4,4.0,INDEA,INDNE,-35.52
2045,4,4.0,INDNE,INDNO,34.99
2045,4,4.0,INDSO,INDWE,-9.88
2046,4,4.0,INDEA,INDNE,-37.52
2046,4,4.0,INDNE,INDNO,30.39
2046,4,4.0,INDSO,INDWE,-16.42
2047,4,4.0,INDEA,INDNE,-39.52
2047,4,4.0,INDNE,INDNO,28.8
2047,4,4.0,INDSO,INDWE,-25.25
2048,4,4.0,INDEA,INDNE,-41.52
2048,4,4.0,INDEA,INDSO,1.18
2048,4,4.0,INDNE,INDNO,32.89
2048,4,4.0,INDSO,INDWE,-30.11
2049,4,4.0,INDEA,INDNE,-43.52
2049,4,4.0,INDEA,INDSO,7.83
2049,4,4.0,INDNE,INDNO,34.01
2049,4,4.0,INDSO,INDWE,-32.11
2050,4,4.0,INDEA,INDNE,-45.52
2050,4,4.0,INDEA,INDSO,7.94
2050,4,4.0,INDNE,INDNO,35.54
2050,4,4.0,INDSO,INDWE,-34.11
2021,4,5.0,INDEA,INDNE,2.68
2022,4,5.0,INDEA,INDNE,2.86
2023,4,5.0,INDEA,INDNE,2.43
2024,4,5.0,INDEA,INDNE,-3.53
2024,4,5.0,INDNE,INDNO,3.0
2025,4,5.0,INDEA,INDNE,-3.53
2025,4,5.0,INDEA,INDNO,-4.54
2025,4,5.0,INDNE,INDNO,3.0
2025,4,5.0,INDNO,INDWE,12.63
2025,4,5.0,INDSO,INDWE,-15.66
2026,4,5.0,INDEA,INDNE,-3.53
2026,4,5.0,INDEA,INDNO,-5.34
2026,4,5.0,INDNE,INDNO,3.0
2026,4,5.0,INDNO,INDWE,9.96
2026,4,5.0,INDSO,INDWE,-12.83
2027,4,5.0,INDEA,INDNE,-3.53
2027,4,5.0,INDEA,INDNO,-6.34
2027,4,5.0,INDNE,INDNO,3.0
2027,4,5.0,INDNO,INDWE,6.96
2027,4,5.0,INDSO,INDWE,-7.91
2028,4,5.0,INDEA,INDNE,-3.53
2028,4,5.0,INDEA,INDNO,-8.19
2028,4,5.0,INDNE,INDNO,3.0
2028,4,5.0,INDNO,INDWE,4.24
2028,4,5.0,INDSO,INDWE,-3.48
2029,4,5.0,INDEA,INDNE,-3.53
2029,4,5.0,INDEA,INDNO,-9.21
2029,4,5.0,INDNE,INDNO,3.0
2029,4,5.0,INDNO,INDWE,0.77
2030,4,5.0,INDEA,INDNE,-5.53
2030,4,5.0,INDEA,INDNO,-8.16
2030,4,5.0,INDNE,INDNO,5.0
2030,4,5.0,INDNO,INDWE,2.19
2031,4,5.0,INDEA,INDNE,-7.53
2031,4,5.0,INDEA,INDNO,-5.83
2031,4,5.0,INDNE,INDNO,7.0
2032,4,5.0,INDEA,INDNE,-9.53
2032,4,5.0,INDEA,INDNO,-4.18
2032,4,5.0,INDNE,INDNO,9.0
2033,4,5.0,INDEA,INDNE,-11.53
2033,4,5.0,INDNE,INDNO,11.0
2034,4,5.0,INDEA,INDNE,-13.53
2034,4,5.0,INDNE,INDNO,13.0
2035,4,5.0,INDEA,INDNE,-15.53
2035,4,5.0,INDNE,INDNO,15.0
2036,4,5.0,INDEA,INDNE,-17.53
2036,4,5.0,INDNE,INDNO,17.0
2037,4,5.0,INDEA,INDNE,-19.53
2037,4,5.0,INDNE,INDNO,19.0
2038,4,5.0,INDEA,INDNE,-21.53
2038,4,5.0,INDNE,INDNO,21.0
2039,4,5.0,INDEA,INDNE,-23.53
2039,4,5.0,INDNE,INDNO,23.0
2040,4,5.0,INDEA,INDNE,-25.53
2040,4,5.0,INDNE,INDNO,25.0
2041,4,5.0,INDEA,INDNE,-27.52
2041,4,5.0,INDNE,INDNO,27.0
2042,4,5.0,INDEA,INDNE,-29.52
2042,4,5.0,INDNE,INDNO,28.99
2043,4,5.0,INDEA,INDNE,-31.52
2043,4,5.0,INDNE,INDNO,30.99
2044,4,5.0,INDEA,INDNE,-33.52
2044,4,5.0,INDNE,INDNO,32.99
2045,4,5.0,INDEA,INDNE,-35.52
2045,4,5.0,INDNE,INDNO,34.99
2045,4,5.0,INDSO,INDWE,-9.88
2046,4,5.0,INDEA,INDNE,-37.52
2046,4,5.0,INDNE,INDNO,30.39
2046,4,5.0,INDSO,INDWE,-16.42
2047,4,5.0,INDEA,INDNE,-39.52
2047,4,5.0,INDNE,INDNO,28.8
2047,4,5.0,INDSO,INDWE,-25.25
2048,4,5.0,INDEA,INDNE,-41.52
2048,4,5.0,INDEA,INDSO,1.18
2048,4,5.0,INDNE,INDNO,32.89
2048,4,5.0,INDSO,INDWE,-30.11
2049,4,5.0,INDEA,INDNE,-43.52
2049,4,5.0,INDEA,INDSO,7.83
2049,4,5.0,INDNE,INDNO,34.01
2049,4,5.0,INDSO,INDWE,-32.11
2050,4,5.0,INDEA,INDNE,-45.52
2050,4,5.0,INDEA,INDSO,7.94
2050,4,5.0,INDNE,INDNO,35.54
2050,4,5.0,INDSO,INDWE,-34.11
2021,4,6.0,INDEA,INDNE,2.68
2022,4,6.0,INDEA,INDNE,2.86
2023,4,6.0,INDEA,INDNE,2.43
2024,4,6.0,INDEA,INDNE,-3.53
2024,4,6.0,INDNE,INDNO,3.0
2025,4,6.0,INDEA,INDNE,-3.53
2025,4,6.0,INDEA,INDNO,-4.54
2025,4,6.0,INDNE,INDNO,3.0
2025,4,6.0,INDNO,INDWE,12.63
2025,4,6.0,INDSO,INDWE,-15.66
2026,4,6.0,INDEA,INDNE,-3.53
2026,4,6.0,INDEA,INDNO,-5.34
2026,4,6.0,INDNE,INDNO,3.0
2026,4,6.0,INDNO,INDWE,9.96
2026,4,6.0,INDSO,INDWE,-12.83
2027,4,6.0,INDEA,INDNE,-3.53
2027,4,6.0,INDEA,INDNO,-6.34
2027,4,6.0,INDNE,INDNO,3.0
2027,4,6.0,INDNO,INDWE,6.96
2027,4,6.0,INDSO,INDWE,-7.91
2028,4,6.0,INDEA,INDNE,-3.53
2028,4,6.0,INDEA,INDNO,-8.19
2028,4,6.0,INDNE,INDNO,3.0
2028,4,6.0,INDNO,INDWE,4.24
2028,4,6.0,INDSO,INDWE,-3.48
2029,4,6.0,INDEA,INDNE,-3.53
2029,4,6.0,INDEA,INDNO,-9.21
2029,4,6.0,INDNE,INDNO,3.0
2029,4,6.0,INDNO,INDWE,0.77
2030,4,6.0,INDEA,INDNE,-5.53
2030,4,6.0,INDEA,INDNO,-8.16
2030,4,6.0,INDNE,INDNO,5.0
2030,4,6.0,INDNO,INDWE,2.19
2031,4,6.0,INDEA,INDNE,-7.53
2031,4,6.0,INDEA,INDNO,-5.83
2031,4,6.0,INDNE,INDNO,7.0
2032,4,6.0,INDEA,INDNE,-9.53
2032,4,6.0,INDEA,INDNO,-4.18
2032,4,6.0,INDNE,INDNO,9.0
2033,4,6.0,INDEA,INDNE,-11.53
2033,4,6.0,INDNE,INDNO,11.0
2034,4,6.0,INDEA,INDNE,-13.53
2034,4,6.0,INDNE,INDNO,13.0
2035,4,6.0,INDEA,INDNE,-15.53
2035,4,6.0,INDNE,INDNO,15.0
2036,4,6.0,INDEA,INDNE,-17.53
2036,4,6.0,INDNE,INDNO,17.0
2037,4,6.0,INDEA,INDNE,-19.53
2037,4,6.0,INDNE,INDNO,19.0
2038,4,6.0,INDEA,INDNE,-21.53
2038,4,6.0,INDNE,INDNO,21.0
2039,4,6.0,INDEA,INDNE,-23.53
2039,4,6.0,INDNE,INDNO,23.0
2040,4,6.0,INDEA,INDNE,-25.53
2040,4,6.0,INDNE,INDNO,25.0
2041,4,6.0,INDEA,INDNE,-27.52
2041,4,6.0,INDNE,INDNO,27.0
2042,4,6.0,INDEA,INDNE,-29.52
2042,4,6.0,INDNE,INDNO,28.99
2043,4,6.0,INDEA,INDNE,-31.52
2043,4,6.0,INDNE,INDNO,30.99
2044,4,6.0,INDEA,INDNE,-33.52
2044,4,6.0,INDNE,INDNO,32.99
2045,4,6.0,INDEA,INDNE,-35.52
2045,4,6.0,INDNE,INDNO,34.99
2045,4,6.0,INDSO,INDWE,-9.88
2046,4,6.0,INDEA,INDNE,-37.52
2046,4,6.0,INDNE,INDNO,30.39
2046,4,6.0,INDSO,INDWE,-16.42
2047,4,6.0,INDEA,INDNE,-39.52
2047,4,6.0,INDNE,INDNO,28.8
2047,4,6.0,INDSO,INDWE,-25.25
2048,4,6.0,INDEA,INDNE,-41.52
2048,4,6.0,INDEA,INDSO,1.18
2048,4,6.0,INDNE,INDNO,32.89
2048,4,6.0,INDSO,INDWE,-30.11
2049,4,6.0,INDEA,INDNE,-43.52
2049,4,6.0,INDEA,INDSO,7.83
2049,4,6.0,INDNE,INDNO,34.01
2049,4,6.0,INDSO,INDWE,-32.11
2050,4,6.0,INDEA,INDNE,-45.52
2050,4,6.0,INDEA,INDSO,7.94
2050,4,6.0,INDNE,INDNO,35.54
2050,4,6.0,INDSO,INDWE,-34.11
2021,4,7.0,INDEA,INDNE,2.68
2022,4,7.0,INDEA,INDNE,2.86
2023,4,7.0,INDEA,INDNE,2.43
2024,4,7.0,INDEA,INDNE,-3.53
2024,4,7.0,INDNE,INDNO,3.0
2025,4,7.0,INDEA,INDNE,-3.53
2025,4,7.0,INDEA,INDNO,-4.54
2025,4,7.0,INDNE,INDNO,3.0
2025,4,7.0,INDNO,INDWE,12.63
2025,4,7.0,INDSO,INDWE,-15.66
2026,4,7.0,INDEA,INDNE,-3.53
2026,4,7.0,INDEA,INDNO,-5.34
2026,4,7.0,INDNE,INDNO,3.0
2026,4,7.0,INDNO,INDWE,9.96
2026,4,7.0,INDSO,INDWE,-12.83
2027,4,7.0,INDEA,INDNE,-3.53
2027,4,7.0,INDEA,INDNO,-6.34
2027,4,7.0,INDNE,INDNO,3.0
2027,4,7.0,INDNO,INDWE,6.96
2027,4,7.0,INDSO,INDWE,-7.91
2028,4,7.0,INDEA,INDNE,-3.53
2028,4,7.0,INDEA,INDNO,-8.19
2028,4,7.0,INDNE,INDNO,3.0
2028,4,7.0,INDNO,INDWE,4.24
2028,4,7.0,INDSO,INDWE,-3.48
2029,4,7.0,INDEA,INDNE,-3.53
2029,4,7.0,INDEA,INDNO,-9.21
2029,4,7.0,INDNE,INDNO,3.0
2029,4,7.0,INDNO,INDWE,0.77
2030,4,7.0,INDEA,INDNE,-5.53
2030,4,7.0,INDEA,INDNO,-8.16
2030,4,7.0,INDNE,INDNO,5.0
2030,4,7.0,INDNO,INDWE,2.19
2031,4,7.0,INDEA,INDNE,-7.53
2031,4,7.0,INDEA,INDNO,-5.83
2031,4,7.0,INDNE,INDNO,7.0
2032,4,7.0,INDEA,INDNE,-9.53
2032,4,7.0,INDEA,INDNO,-4.18
2032,4,7.0,INDNE,INDNO,9.0
2033,4,7.0,INDEA,INDNE,-11.53
2033,4,7.0,INDNE,INDNO,11.0
2034,4,7.0,INDEA,INDNE,-13.53
2034,4,7.0,INDNE,INDNO,13.0
2035,4,7.0,INDEA,INDNE,-15.53
2035,4,7.0,INDNE,INDNO,15.0
2036,4,7.0,INDEA,INDNE,-17.53
2036,4,7.0,INDNE,INDNO,17.0
2037,4,7.0,INDEA,INDNE,-19.53
2037,4,7.0,INDNE,INDNO,19.0
2038,4,7.0,INDEA,INDNE,-21.53
2038,4,7.0,INDNE,INDNO,21.0
2039,4,7.0,INDEA,INDNE,-23.53
2039,4,7.0,INDNE,INDNO,23.0
2040,4,7.0,INDEA,INDNE,-25.53
2040,4,7.0,INDNE,INDNO,25.0
2041,4,7.0,INDEA,INDNE,-27.52
2041,4,7.0,INDNE,INDNO,27.0
2042,4,7.0,INDEA,INDNE,-29.52
2042,4,7.0,INDNE,INDNO,28.99
2043,4,7.0,INDEA,INDNE,-31.52
2043,4,7.0,INDNE,INDNO,30.99
2044,4,7.0,INDEA,INDNE,-33.52
2044,4,7.0,INDNE,INDNO,32.99
2045,4,7.0,INDEA,INDNE,-35.52
2045,4,7.0,INDNE,INDNO,34.99
2045,4,7.0,INDSO,INDWE,-9.88
2046,4,7.0,INDEA,INDNE,-37.52
2046,4,7.0,INDNE,INDNO,30.39
2046,4,7.0,INDSO,INDWE,-16.42
2047,4,7.0,INDEA,INDNE,-39.52
2047,4,7.0,INDNE,INDNO,28.8
2047,4,7.0,INDSO,INDWE,-25.25
2048,4,7.0,INDEA,INDNE,-41.52
2048,4,7.0,INDEA,INDSO,1.18
2048,4,7.0,INDNE,INDNO,32.89
2048,4,7.0,INDSO,INDWE,-30.11
2049,4,7.0,INDEA,INDNE,-43.52
2049,4,7.0,INDEA,INDSO,7.83
2049,4,7.0,INDNE,INDNO,34.01
2049,4,7.0,INDSO,INDWE,-32.11
2050,4,7.0,INDEA,INDNE,-45.52
2050,4,7.0,INDEA,INDSO,7.94
2050,4,7.0,INDNE,INDNO,35.54
2050,4,7.0,INDSO,INDWE,-34.11
2021,4,8.0,INDEA,INDNE,2.68
2022,4,8.0,INDEA,INDNE,2.86
2023,4,8.0,INDEA,INDNE,2.43
2024,4,8.0,INDEA,INDNE,-3.53
2024,4,8.0,INDNE,INDNO,3.0
2025,4,8.0,INDEA,INDNE,-3.53
2025,4,8.0,INDEA,INDNO,-4.54
2025,4,8.0,INDNE,INDNO,3.0
2025,4,8.0,INDNO,INDWE,12.63
2025,4,8.0,INDSO,INDWE,-15.66
2026,4,8.0,INDEA,INDNE,-3.53
2026,4,8.0,INDEA,INDNO,-5.34
2026,4,8.0,INDNE,INDNO,3.0
2026,4,8.0,INDNO,INDWE,9.96
2026,4,8.0,INDSO,INDWE,-12.83
2027,4,8.0,INDEA,INDNE,-3.53
2027,4,8.0,INDEA,INDNO,-6.34
2027,4,8.0,INDNE,INDNO,3.0
2027,4,8.0,INDNO,INDWE,6.96
2027,4,8.0,INDSO,INDWE,-7.91
2028,4,8.0,INDEA,INDNE,-3.53
2028,4,8.0,INDEA,INDNO,-8.19
2028,4,8.0,INDNE,INDNO,3.0
2028,4,8.0,INDNO,INDWE,4.24
2028,4,8.0,INDSO,INDWE,-3.48
2029,4,8.0,INDEA,INDNE,-3.53
2029,4,8.0,INDEA,INDNO,-9.21
2029,4,8.0,INDNE,INDNO,3.0
2029,4,8.0,INDNO,INDWE,0.77
2030,4,8.0,INDEA,INDNE,-5.53
2030,4,8.0,INDEA,INDNO,-8.16
2030,4,8.0,INDNE,INDNO,5.0
2030,4,8.0,INDNO,INDWE,2.19
2031,4,8.0,INDEA,INDNE,-7.53
2031,4,8.0,INDEA,INDNO,-5.83
2031,4,8.0,INDNE,INDNO,7.0
2032,4,8.0,INDEA,INDNE,-9.53
2032,4,8.0,INDEA,INDNO,-4.18
2032,4,8.0,INDNE,INDNO,9.0
2033,4,8.0,INDEA,INDNE,-11.53
2033,4,8.0,INDNE,INDNO,11.0
2034,4,8.0,INDEA,INDNE,-13.53
2034,4,8.0,INDNE,INDNO,13.0
2035,4,8.0,INDEA,INDNE,-15.53
2035,4,8.0,INDNE,INDNO,15.0
2036,4,8.0,INDEA,INDNE,-17.53
2036,4,8.0,INDNE,INDNO,17.0
2037,4,8.0,INDEA,INDNE,-19.53
2037,4,8.0,INDNE,INDNO,19.0
2038,4,8.0,INDEA,INDNE,-21.53
2038,4,8.0,INDNE,INDNO,21.0
2039,4,8.0,INDEA,INDNE,-23.53
2039,4,8.0,INDNE,INDNO,23.0
2040,4,8.0,INDEA,INDNE,-25.53
2040,4,8.0,INDNE,INDNO,25.0
2041,4,8.0,INDEA,INDNE,-27.52
2041,4,8.0,INDNE,INDNO,27.0
2042,4,8.0,INDEA,INDNE,-29.52
2042,4,8.0,INDNE,INDNO,28.99
2043,4,8.0,INDEA,INDNE,-31.52
2043,4,8.0,INDNE,INDNO,30.99
2044,4,8.0,INDEA,INDNE,-33.52
2044,4,8.0,INDNE,INDNO,32.99
2045,4,8.0,INDEA,INDNE,-35.52
2045,4,8.0,INDNE,INDNO,34.99
2045,4,8.0,INDSO,INDWE,-9.88
2046,4,8.0,INDEA,INDNE,-37.52
2046,4,8.0,INDNE,INDNO,30.39
2046,4,8.0,INDSO,INDWE,-16.42
2047,4,8.0,INDEA,INDNE,-39.52
2047,4,8.0,INDNE,INDNO,28.8
2047,4,8.0,INDSO,INDWE,-25.25
2048,4,8.0,INDEA,INDNE,-41.52
2048,4,8.0,INDEA,INDSO,1.18
2048,4,8.0,INDNE,INDNO,32.89
2048,4,8.0,INDSO,INDWE,-30.11
2049,4,8.0,INDEA,INDNE,-43.52
2049,4,8.0,INDEA,INDSO,7.83
2049,4,8.0,INDNE,INDNO,34.01
2049,4,8.0,INDSO,INDWE,-32.11
2050,4,8.0,INDEA,INDNE,-45.52
2050,4,8.0,INDEA,INDSO,7.94
2050,4,8.0,INDNE,INDNO,35.54
2050,4,8.0,INDSO,INDWE,-34.11
2021,4,9.0,INDEA,INDNE,2.68
2022,4,9.0,INDEA,INDNE,2.86
2023,4,9.0,INDEA,INDNE,2.43
2024,4,9.0,INDEA,INDNE,-3.53
2024,4,9.0,INDNE,INDNO,3.0
2025,4,9.0,INDEA,INDNE,-3.53
2025,4,9.0,INDEA,INDNO,-4.54
2025,4,9.0,INDNE,INDNO,3.0
2025,4,9.0,INDNO,INDWE,12.63
2025,4,9.0,INDSO,INDWE,-15.66
2026,4,9.0,INDEA,INDNE,-3.53
2026,4,9.0,INDEA,INDNO,-5.34
2026,4,9.0,INDNE,INDNO,3.0
2026,4,9.0,INDNO,INDWE,9.96
2026,4,9.0,INDSO,INDWE,-12.83
2027,4,9.0,INDEA,INDNE,-3.53
2027,4,9.0,INDEA,INDNO,-6.34
2027,4,9.0,INDNE,INDNO,3.0
2027,4,9.0,INDNO,INDWE,6.96
2027,4,9.0,INDSO,INDWE,-7.91
2028,4,9.0,INDEA,INDNE,-3.53
2028,4,9.0,INDEA,INDNO,-8.19
2028,4,9.0,INDNE,INDNO,3.0
2028,4,9.0,INDNO,INDWE,4.24
2028,4,9.0,INDSO,INDWE,-3.48
2029,4,9.0,INDEA,INDNE,-3.53
2029,4,9.0,INDEA,INDNO,-9.21
2029,4,9.0,INDNE,INDNO,3.0
2029,4,9.0,INDNO,INDWE,0.77
2030,4,9.0,INDEA,INDNE,-5.53
2030,4,9.0,INDEA,INDNO,-8.16
2030,4,9.0,INDNE,INDNO,5.0
2030,4,9.0,INDNO,INDWE,2.19
2031,4,9.0,INDEA,INDNE,-7.53
2031,4,9.0,INDEA,INDNO,-5.83
2031,4,9.0,INDNE,INDNO,7.0
2032,4,9.0,INDEA,INDNE,-9.53
2032,4,9.0,INDEA,INDNO,-4.18
2032,4,9.0,INDNE,INDNO,9.0
2033,4,9.0,INDEA,INDNE,-11.53
2033,4,9.0,INDNE,INDNO,11.0
2034,4,9.0,INDEA,INDNE,-13.53
2034,4,9.0,INDNE,INDNO,13.0
2035,4,9.0,INDEA,INDNE,-15.53
2035,4,9.0,INDNE,INDNO,15.0
2036,4,9.0,INDEA,INDNE,-17.53
2036,4,9.0,INDNE,INDNO,17.0
2037,4,9.0,INDEA,INDNE,-19.53
2037,4,9.0,INDNE,INDNO,19.0
2038,4,9.0,INDEA,INDNE,-21.53
2038,4,9.0,INDNE,INDNO,21.0
2039,4,9.0,INDEA,INDNE,-23.53
2039,4,9.0,INDNE,INDNO,23.0
2040,4,9.0,INDEA,INDNE,-25.53
2040,4,9.0,INDNE,INDNO,25.0
2041,4,9.0,INDEA,INDNE,-27.52
2041,4,9.0,INDNE,INDNO,27.0
2042,4,9.0,INDEA,INDNE,-29.52
2042,4,9.0,INDNE,INDNO,28.99
2043,4,9.0,INDEA,INDNE,-31.52
2043,4,9.0,INDNE,INDNO,30.99
2044,4,9.0,INDEA,INDNE,-33.52
2044,4,9.0,INDNE,INDNO,32.99
2045,4,9.0,INDEA,INDNE,-35.52
2045,4,9.0,INDNE,INDNO,34.99
2045,4,9.0,INDSO,INDWE,-9.88
2046,4,9.0,INDEA,INDNE,-37.52
2046,4,9.0,INDNE,INDNO,30.39
2046,4,9.0,INDSO,INDWE,-16.42
2047,4,9.0,INDEA,INDNE,-39.52
2047,4,9.0,INDNE,INDNO,28.8
2047,4,9.0,INDSO,INDWE,-25.25
2048,4,9.0,INDEA,INDNE,-41.52
2048,4,9.0,INDEA,INDSO,1.18
2048,4,9.0,INDNE,INDNO,32.89
2048,4,9.0,INDSO,INDWE,-30.11
2049,4,9.0,INDEA,INDNE,-43.52
2049,4,9.0,INDEA,INDSO,7.83
2049,4,9.0,INDNE,INDNO,34.01
2049,4,9.0,INDSO,INDWE,-32.11
2050,4,9.0,INDEA,INDNE,-45.52
2050,4,9.0,INDEA,INDSO,7.94
2050,4,9.0,INDNE,INDNO,35.54
2050,4,9.0,INDSO,INDWE,-34.11
2021,4,10.0,INDEA,INDNE,2.68
2022,4,10.0,INDEA,INDNE,2.86
2023,4,10.0,INDEA,INDNE,2.43
2024,4,10.0,INDEA,INDNE,-3.53
2024,4,10.0,INDNE,INDNO,3.0
2025,4,10.0,INDEA,INDNE,-3.53
2025,4,10.0,INDEA,INDNO,-4.54
2025,4,10.0,INDNE,INDNO,3.0
2025,4,10.0,INDNO,INDWE,12.63
2025,4,10.0,INDSO,INDWE,-15.66
2026,4,10.0,INDEA,INDNE,-3.53
2026,4,10.0,INDEA,INDNO,-5.34
2026,4,10.0,INDNE,INDNO,3.0
2026,4,10.0,INDNO,INDWE,9.96
2026,4,10.0,INDSO,INDWE,-12.83
2027,4,10.0,INDEA,INDNE,-3.53
2027,4,10.0,INDEA,INDNO,-6.34
2027,4,10.0,INDNE,INDNO,3.0
2027,4,10.0,INDNO,INDWE,6.96
2027,4,10.0,INDSO,INDWE,-7.91
2028,4,10.0,INDEA,INDNE,-3.53
2028,4,10.0,INDEA,INDNO,-8.19
2028,4,10.0,INDNE,INDNO,3.0
2028,4,10.0,INDNO,INDWE,4.24
2028,4,10.0,INDSO,INDWE,-3.48
2029,4,10.0,INDEA,INDNE,-3.53
2029,4,10.0,INDEA,INDNO,-9.21
2029,4,10.0,INDNE,INDNO,3.0
2029,4,10.0,INDNO,INDWE,0.77
2030,4,10.0,INDEA,INDNE,-5.53
2030,4,10.0,INDEA,INDNO,-8.16
2030,4,10.0,INDNE,INDNO,5.0
2030,4,10.0,INDNO,INDWE,2.19
2031,4,10.0,INDEA,INDNE,-7.53
2031,4,10.0,INDEA,INDNO,-5.83
2031,4,10.0,INDNE,INDNO,7.0
2032,4,10.0,INDEA,INDNE,-9.53
2032,4,10.0,INDEA,INDNO,-4.18
2032,4,10.0,INDNE,INDNO,9.0
2033,4,10.0,INDEA,INDNE,-11.53
2033,4,10.0,INDNE,INDNO,11.0
2034,4,10.0,INDEA,INDNE,-13.53
2034,4,10.0,INDNE,INDNO,13.0
2035,4,10.0,INDEA,INDNE,-15.53
2035,4,10.0,INDNE,INDNO,15.0
2036,4,10.0,INDEA,INDNE,-17.53
2036,4,10.0,INDNE,INDNO,17.0
2037,4,10.0,INDEA,INDNE,-19.53
2037,4,10.0,INDNE,INDNO,19.0
2038,4,10.0,INDEA,INDNE,-21.53
2038,4,10.0,INDNE,INDNO,21.0
2039,4,10.0,INDEA,INDNE,-23.53
2039,4,10.0,INDNE,INDNO,23.0
2040,4,10.0,INDEA,INDNE,-25.53
2040,4,10.0,INDNE,INDNO,25.0
2041,4,10.0,INDEA,INDNE,-27.52
2041,4,10.0,INDNE,INDNO,27.0
2042,4,10.0,INDEA,INDNE,-29.52
2042,4,10.0,INDNE,INDNO,28.99
2043,4,10.0,INDEA,INDNE,-31.52
2043,4,10.0,INDNE,INDNO,30.99
2044,4,10.0,INDEA,INDNE,-33.52
2044,4,10.0,INDNE,INDNO,32.99
2045,4,10.0,INDEA,INDNE,-35.52
2045,4,10.0,INDNE,INDNO,34.99
2045,4,10.0,INDSO,INDWE,-9.88
2046,4,10.0,INDEA,INDNE,-37.52
2046,4,10.0,INDNE,INDNO,30.39
2046,4,10.0,INDSO,INDWE,-16.42
2047,4,10.0,INDEA,INDNE,-39.52
2047,4,10.0,INDNE,INDNO,28.8
2047,4,10.0,INDSO,INDWE,-25.25
2048,4,10.0,INDEA,INDNE,-41.52
2048,4,10.0,INDEA,INDSO,1.18
2048,4,10.0,INDNE,INDNO,32.89
2048,4,10.0,INDSO,INDWE,-30.11
2049,4,10.0,INDEA,INDNE,-43.52
2049,4,10.0,INDEA,INDSO,7.83
2049,4,10.0,INDNE,INDNO,34.01
2049,4,10.0,INDSO,INDWE,-32.11
2050,4,10.0,INDEA,INDNE,-45.52
2050,4,10.0,INDEA,INDSO,7.94
2050,4,10.0,INDNE,INDNO,35.54
2050,4,10.0,INDSO,INDWE,-34.11
2021,4,11.0,INDEA,INDNE,2.68
2022,4,11.0,INDEA,INDNE,2.86
2023,4,11.0,INDEA,INDNE,2.43
2024,4,11.0,INDEA,INDNE,-3.53
2024,4,11.0,INDNE,INDNO,3.0
2025,4,11.0,INDEA,INDNE,-3.53
2025,4,11.0,INDEA,INDNO,-4.54
2025,4,11.0,INDNE,INDNO,3.0
2025,4,11.0,INDNO,INDWE,12.63
2025,4,11.0,INDSO,INDWE,-15.66
2026,4,11.0,INDEA,INDNE,-3.53
2026,4,11.0,INDEA,INDNO,-5.34
2026,4,11.0,INDNE,INDNO,3.0
2026,4,11.0,INDNO,INDWE,9.96
2026,4,11.0,INDSO,INDWE,-12.83
2027,4,11.0,INDEA,INDNE,-3.53
2027,4,11.0,INDEA,INDNO,-6.34
2027,4,11.0,INDNE,INDNO,3.0
2027,4,11.0,INDNO,INDWE,6.96
2027,4,11.0,INDSO,INDWE,-7.91
2028,4,11.0,INDEA,INDNE,-3.53
2028,4,11.0,INDEA,INDNO,-8.19
2028,4,11.0,INDNE,INDNO,3.0
2028,4,11.0,INDNO,INDWE,4.24
2028,4,11.0,INDSO,INDWE,-3.48
2029,4,11.0,INDEA,INDNE,-3.53
2029,4,11.0,INDEA,INDNO,-9.21
2029,4,11.0,INDNE,INDNO,3.0
2029,4,11.0,INDNO,INDWE,0.77
2030,4,11.0,INDEA,INDNE,-5.53
2030,4,11.0,INDEA,INDNO,-8.16
2030,4,11.0,INDNE,INDNO,5.0
2030,4,11.0,INDNO,INDWE,2.19
2031,4,11.0,INDEA,INDNE,-7.53
2031,4,11.0,INDEA,INDNO,-5.83
2031,4,11.0,INDNE,INDNO,7.0
2032,4,11.0,INDEA,INDNE,-9.53
2032,4,11.0,INDEA,INDNO,-4.18
2032,4,11.0,INDNE,INDNO,9.0
2033,4,11.0,INDEA,INDNE,-11.53
2033,4,11.0,INDNE,INDNO,11.0
2034,4,11.0,INDEA,INDNE,-13.53
2034,4,11.0,INDNE,INDNO,13.0
2035,4,11.0,INDEA,INDNE,-15.53
2035,4,11.0,INDNE,INDNO,15.0
2036,4,11.0,INDEA,INDNE,-17.53
2036,4,11.0,INDNE,INDNO,17.0
2037,4,11.0,INDEA,INDNE,-19.53
2037,4,11.0,INDNE,INDNO,19.0
2038,4,11.0,INDEA,INDNE,-21.53
2038,4,11.0,INDNE,INDNO,21.0
2039,4,11.0,INDEA,INDNE,-23.53
2039,4,11.0,INDNE,INDNO,23.0
2040,4,11.0,INDEA,INDNE,-25.53
2040,4,11.0,INDNE,INDNO,25.0
2041,4,11.0,INDEA,INDNE,-27.52
2041,4,11.0,INDNE,INDNO,27.0
2042,4,11.0,INDEA,INDNE,-29.52
2042,4,11.0,INDNE,INDNO,28.99
2043,4,11.0,INDEA,INDNE,-31.52
2043,4,11.0,INDNE,INDNO,30.99
2044,4,11.0,INDEA,INDNE,-33.52
2044,4,11.0,INDNE,INDNO,32.99
2045,4,11.0,INDEA,INDNE,-35.52
2045,4,11.0,INDNE,INDNO,34.99
2045,4,11.0,INDSO,INDWE,-9.88
2046,4,11.0,INDEA,INDNE,-37.52
2046,4,11.0,INDNE,INDNO,30.39
2046,4,11.0,INDSO,INDWE,-16.42
2047,4,11.0,INDEA,INDNE,-39.52
2047,4,11.0,INDNE,INDNO,28.8
2047,4,11.0,INDSO,INDWE,-25.25
2048,4,11.0,INDEA,INDNE,-41.52
2048,4,11.0,INDEA,INDSO,1.18
2048,4,11.0,INDNE,INDNO,32.89
2048,4,11.0,INDSO,INDWE,-30.11
2049,4,11.0,INDEA,INDNE,-43.52
2049,4,11.0,INDEA,INDSO,7.83
2049,4,11.0,INDNE,INDNO,34.01
2049,4,11.0,INDSO,INDWE,-32.11
2050,4,11.0,INDEA,INDNE,-45.52
2050,4,11.0,INDEA,INDSO,7.94
2050,4,11.0,INDNE,INDNO,35.54
2050,4,11.0,INDSO,INDWE,-34.11
2021,4,12.0,INDEA,INDNE,2.68
2022,4,12.0,INDEA,INDNE,2.86
2023,4,12.0,INDEA,INDNE,2.43
2024,4,12.0,INDEA,INDNE,-3.53
2024,4,12.0,INDNE,INDNO,3.0
2025,4,12.0,INDEA,INDNE,-3.53
2025,4,12.0,INDEA,INDNO,-4.54
2025,4,12.0,INDNE,INDNO,3.0
2025,4,12.0,INDNO,INDWE,12.63
2025,4,12.0,INDSO,INDWE,-15.66
2026,4,12.0,INDEA,INDNE,-3.53
2026,4,12.0,INDEA,INDNO,-5.34
2026,4,12.0,INDNE,INDNO,3.0
2026,4,12.0,INDNO,INDWE,9.96
2026,4,12.0,INDSO,INDWE,-12.83
2027,4,12.0,INDEA,INDNE,-3.53
2027,4,12.0,INDEA,INDNO,-6.34
2027,4,12.0,INDNE,INDNO,3.0
2027,4,12.0,INDNO,INDWE,6.96
2027,4,12.0,INDSO,INDWE,-7.91
2028,4,12.0,INDEA,INDNE,-3.53
2028,4,12.0,INDEA,INDNO,-8.19
2028,4,12.0,INDNE,INDNO,3.0
2028,4,12.0,INDNO,INDWE,4.24
2028,4,12.0,INDSO,INDWE,-3.48
2029,4,12.0,INDEA,INDNE,-3.53
2029,4,12.0,INDEA,INDNO,-9.21
2029,4,12.0,INDNE,INDNO,3.0
2029,4,12.0,INDNO,INDWE,0.77
2030,4,12.0,INDEA,INDNE,-5.53
2030,4,12.0,INDEA,INDNO,-8.16
2030,4,12.0,INDNE,INDNO,5.0
2030,4,12.0,INDNO,INDWE,2.19
2031,4,12.0,INDEA,INDNE,-7.53
2031,4,12.0,INDEA,INDNO,-5.83
2031,4,12.0,INDNE,INDNO,7.0
2032,4,12.0,INDEA,INDNE,-9.53
2032,4,12.0,INDEA,INDNO,-4.18
2032,4,12.0,INDNE,INDNO,9.0
2033,4,12.0,INDEA,INDNE,-11.53
2033,4,12.0,INDNE,INDNO,11.0
2034,4,12.0,INDEA,INDNE,-13.53
2034,4,12.0,INDNE,INDNO,13.0
2035,4,12.0,INDEA,INDNE,-15.53
2035,4,12.0,INDNE,INDNO,15.0
2036,4,12.0,INDEA,INDNE,-17.53
2036,4,12.0,INDNE,INDNO,17.0
2037,4,12.0,INDEA,INDNE,-19.53
2037,4,12.0,INDNE,INDNO,19.0
2038,4,12.0,INDEA,INDNE,-21.53
2038,4,12.0,INDNE,INDNO,21.0
2039,4,12.0,INDEA,INDNE,-23.53
2039,4,12.0,INDNE,INDNO,23.0
2040,4,12.0,INDEA,INDNE,-25.53
2040,4,12.0,INDNE,INDNO,25.0
2041,4,12.0,INDEA,INDNE,-27.52
2041,4,12.0,INDNE,INDNO,27.0
2042,4,12.0,INDEA,INDNE,-29.52
2042,4,12.0,INDNE,INDNO,28.99
2043,4,12.0,INDEA,INDNE,-31.52
2043,4,12.0,INDNE,INDNO,30.99
2044,4,12.0,INDEA,INDNE,-33.52
2044,4,12.0,INDNE,INDNO,32.99
2045,4,12.0,INDEA,INDNE,-35.52
2045,4,12.0,INDNE,INDNO,34.99
2045,4,12.0,INDSO,INDWE,-9.88
2046,4,12.0,INDEA,INDNE,-37.52
2046,4,12.0,INDNE,INDNO,30.39
2046,4,12.0,INDSO,INDWE,-16.42
2047,4,12.0,INDEA,INDNE,-39.52
2047,4,12.0,INDNE,INDNO,28.8
2047,4,12.0,INDSO,INDWE,-25.25
2048,4,12.0,INDEA,INDNE,-41.52
2048,4,12.0,INDEA,INDSO,1.18
2048,4,12.0,INDNE,INDNO,32.89
2048,4,12.0,INDSO,INDWE,-30.11
2049,4,12.0,INDEA,INDNE,-43.52
2049,4,12.0,INDEA,INDSO,7.83
2049,4,12.0,INDNE,INDNO,34.01
2049,4,12.0,INDSO,INDWE,-32.11
2050,4,12.0,INDEA,INDNE,-45.52
2050,4,12.0,INDEA,INDSO,7.94
2050,4,12.0,INDNE,INDNO,35.54
2050,4,12.0,INDSO,INDWE,-34.11
2021,4,13.0,INDEA,INDNE,2.79
2022,4,13.0,INDEA,INDNE,2.86
2022,4,13.0,INDNE,INDNO,-0.29
2023,4,13.0,INDEA,INDNE,2.85
2024,4,13.0,INDEA,INDNE,-3.53
2024,4,13.0,INDNE,INDNO,3.0
2025,4,13.0,INDEA,INDNE,-3.53
2025,4,13.0,INDNE,INDNO,3.0
2025,4,13.0,INDSO,INDWE,-2.73
2026,4,13.0,INDEA,INDNE,-3.53
2026,4,13.0,INDNE,INDNO,3.0
2026,4,13.0,INDSO,INDWE,-3.08
2027,4,13.0,INDEA,INDNE,-3.53
2027,4,13.0,INDNE,INDNO,3.0
2027,4,13.0,INDSO,INDWE,-5.43
2028,4,13.0,INDEA,INDNE,-3.53
2028,4,13.0,INDNE,INDNO,3.0
2028,4,13.0,INDSO,INDWE,-8.49
2029,4,13.0,INDEA,INDNE,-3.53
2029,4,13.0,INDNE,INDNO,3.0
2029,4,13.0,INDSO,INDWE,-11.34
2030,4,13.0,INDEA,INDNE,-5.53
2030,4,13.0,INDEA,INDNO,0.63
2030,4,13.0,INDNE,INDNO,5.0
2030,4,13.0,INDSO,INDWE,-14.88
2031,4,13.0,INDEA,INDNE,-7.53
2031,4,13.0,INDNE,INDNO,7.0
2031,4,13.0,INDSO,INDWE,-4.75
2032,4,13.0,INDEA,INDNE,-9.53
2032,4,13.0,INDNE,INDNO,9.0
2032,4,13.0,INDSO,INDWE,-5.06
2033,4,13.0,INDEA,INDNE,-11.53
2033,4,13.0,INDNE,INDNO,11.0
2033,4,13.0,INDSO,INDWE,-5.35
2034,4,13.0,INDEA,INDNE,-13.53
2034,4,13.0,INDEA,INDSO,3.65
2034,4,13.0,INDNE,INDNO,13.0
2034,4,13.0,INDSO,INDWE,-1.89
2035,4,13.0,INDEA,INDNE,-15.53
2035,4,13.0,INDEA,INDSO,5.68
2035,4,13.0,INDEA,INDWE,0.34
2035,4,13.0,INDNE,INDNO,15.0
2036,4,13.0,INDEA,INDNE,-17.53
2036,4,13.0,INDEA,INDSO,5.79
2036,4,13.0,INDEA,INDWE,0.6
2036,4,13.0,INDNE,INDNO,17.0
2037,4,13.0,INDEA,INDNE,-19.53
2037,4,13.0,INDEA,INDSO,5.9
2037,4,13.0,INDEA,INDWE,0.87
2037,4,13.0,INDNE,INDNO,19.0
2038,4,13.0,INDEA,INDNE,-21.53
2038,4,13.0,INDEA,INDSO,6.0
2038,4,13.0,INDEA,INDWE,1.13
2038,4,13.0,INDNE,INDNO,21.0
2039,4,13.0,INDEA,INDNE,-23.53
2039,4,13.0,INDEA,INDSO,6.11
2039,4,13.0,INDEA,INDWE,1.39
2039,4,13.0,INDNE,INDNO,23.0
2040,4,13.0,INDEA,INDNE,-25.53
2040,4,13.0,INDEA,INDSO,6.22
2040,4,13.0,INDEA,INDWE,1.65
2040,4,13.0,INDNE,INDNO,25.0
2041,4,13.0,INDEA,INDNE,-27.52
2041,4,13.0,INDEA,INDSO,6.34
2041,4,13.0,INDEA,INDWE,1.94
2041,4,13.0,INDNE,INDNO,27.0
2042,4,13.0,INDEA,INDNE,-29.52
2042,4,13.0,INDEA,INDSO,6.46
2042,4,13.0,INDEA,INDWE,2.22
2042,4,13.0,INDNE,INDNO,28.99
2043,4,13.0,INDEA,INDNE,-31.52
2043,4,13.0,INDEA,INDSO,6.58
2043,4,13.0,INDEA,INDWE,2.5
2043,4,13.0,INDNE,INDNO,30.99
2044,4,13.0,INDEA,INDNE,-33.52
2044,4,13.0,INDEA,INDSO,6.65
2044,4,13.0,INDEA,INDWE,1.45
2044,4,13.0,INDNE,INDNO,32.99
2045,4,13.0,INDEA,INDNE,-35.52
2045,4,13.0,INDEA,INDSO,5.71
2045,4,13.0,INDNE,INDNO,34.99
2046,4,13.0,INDEA,INDNE,-37.52
2046,4,13.0,INDEA,INDSO,1.34
2046,4,13.0,INDNE,INDNO,36.99
2046,4,13.0,INDNO,INDWE,4.11
2047,4,13.0,INDEA,INDNE,-39.52
2047,4,13.0,INDEA,INDSO,0.65
2047,4,13.0,INDNE,INDNO,38.99
2047,4,13.0,INDNO,INDWE,0.31
2048,4,13.0,INDEA,INDNE,-41.52
2048,4,13.0,INDNE,INDNO,40.99
2049,4,13.0,INDEA,INDNE,-43.52
2049,4,13.0,INDNE,INDNO,42.99
2050,4,13.0,INDEA,INDNE,-45.52
2050,4,13.0,INDNE,INDNO,44.99
2021,4,14.0,INDEA,INDNE,2.79
2022,4,14.0,INDEA,INDNE,2.86
2022,4,14.0,INDNE,INDNO,-0.29
2023,4,14.0,INDEA,INDNE,2.85
2024,4,14.0,INDEA,INDNE,-3.53
2024,4,14.0,INDNE,INDNO,3.0
2025,4,14.0,INDEA,INDNE,-3.53
2025,4,14.0,INDNE,INDNO,3.0
2025,4,14.0,INDSO,INDWE,-2.73
2026,4,14.0,INDEA,INDNE,-3.53
2026,4,14.0,INDNE,INDNO,3.0
2026,4,14.0,INDSO,INDWE,-3.08
2027,4,14.0,INDEA,INDNE,-3.53
2027,4,14.0,INDNE,INDNO,3.0
2027,4,14.0,INDSO,INDWE,-5.43
2028,4,14.0,INDEA,INDNE,-3.53
2028,4,14.0,INDNE,INDNO,3.0
2028,4,14.0,INDSO,INDWE,-8.49
2029,4,14.0,INDEA,INDNE,-3.53
2029,4,14.0,INDNE,INDNO,3.0
2029,4,14.0,INDSO,INDWE,-11.34
2030,4,14.0,INDEA,INDNE,-5.53
2030,4,14.0,INDEA,INDNO,0.63
2030,4,14.0,INDNE,INDNO,5.0
2030,4,14.0,INDSO,INDWE,-14.88
2031,4,14.0,INDEA,INDNE,-7.53
2031,4,14.0,INDNE,INDNO,7.0
2031,4,14.0,INDSO,INDWE,-4.75
2032,4,14.0,INDEA,INDNE,-9.53
2032,4,14.0,INDNE,INDNO,9.0
2032,4,14.0,INDSO,INDWE,-5.06
2033,4,14.0,INDEA,INDNE,-11.53
2033,4,14.0,INDNE,INDNO,11.0
2033,4,14.0,INDSO,INDWE,-5.35
2034,4,14.0,INDEA,INDNE,-13.53
2034,4,14.0,INDEA,INDSO,3.65
2034,4,14.0,INDNE,INDNO,13.0
2034,4,14.0,INDSO,INDWE,-1.89
2035,4,14.0,INDEA,INDNE,-15.53
2035,4,14.0,INDEA,INDSO,5.68
2035,4,14.0,INDEA,INDWE,0.34
2035,4,14.0,INDNE,INDNO,15.0
2036,4,14.0,INDEA,INDNE,-17.53
2036,4,14.0,INDEA,INDSO,5.79
2036,4,14.0,INDEA,INDWE,0.6
2036,4,14.0,INDNE,INDNO,17.0
2037,4,14.0,INDEA,INDNE,-19.53
2037,4,14.0,INDEA,INDSO,5.9
2037,4,14.0,INDEA,INDWE,0.87
2037,4,14.0,INDNE,INDNO,19.0
2038,4,14.0,INDEA,INDNE,-21.53
2038,4,14.0,INDEA,INDSO,6.0
2038,4,14.0,INDEA,INDWE,1.13
2038,4,14.0,INDNE,INDNO,21.0
2039,4,14.0,INDEA,INDNE,-23.53
2039,4,14.0,INDEA,INDSO,6.11
2039,4,14.0,INDEA,INDWE,1.39
2039,4,14.0,INDNE,INDNO,23.0
2040,4,14.0,INDEA,INDNE,-25.53
2040,4,14.0,INDEA,INDSO,6.22
2040,4,14.0,INDEA,INDWE,1.65
2040,4,14.0,INDNE,INDNO,25.0
2041,4,14.0,INDEA,INDNE,-27.52
2041,4,14.0,INDEA,INDSO,6.34
2041,4,14.0,INDEA,INDWE,1.94
2041,4,14.0,INDNE,INDNO,27.0
2042,4,14.0,INDEA,INDNE,-29.52
2042,4,14.0,INDEA,INDSO,6.46
2042,4,14.0,INDEA,INDWE,2.22
2042,4,14.0,INDNE,INDNO,28.99
2043,4,14.0,INDEA,INDNE,-31.52
2043,4,14.0,INDEA,INDSO,6.58
2043,4,14.0,INDEA,INDWE,2.5
2043,4,14.0,INDNE,INDNO,30.99
2044,4,14.0,INDEA,INDNE,-33.52
2044,4,14.0,INDEA,INDSO,6.65
2044,4,14.0,INDEA,INDWE,1.45
2044,4,14.0,INDNE,INDNO,32.99
2045,4,14.0,INDEA,INDNE,-35.52
2045,4,14.0,INDEA,INDSO,5.71
2045,4,14.0,INDNE,INDNO,34.99
2046,4,14.0,INDEA,INDNE,-37.52
2046,4,14.0,INDEA,INDSO,1.34
2046,4,14.0,INDNE,INDNO,36.99
2046,4,14.0,INDNO,INDWE,4.11
2047,4,14.0,INDEA,INDNE,-39.52
2047,4,14.0,INDEA,INDSO,0.65
2047,4,14.0,INDNE,INDNO,38.99
2047,4,14.0,INDNO,INDWE,0.31
2048,4,14.0,INDEA,INDNE,-41.52
2048,4,14.0,INDNE,INDNO,40.99
2049,4,14.0,INDEA,INDNE,-43.52
2049,4,14.0,INDNE,INDNO,42.99
2050,4,14.0,INDEA,INDNE,-45.52
2050,4,14.0,INDNE,INDNO,44.99
2021,4,15.0,INDEA,INDNE,2.79
2022,4,15.0,INDEA,INDNE,2.86
2022,4,15.0,INDNE,INDNO,-0.29
2023,4,15.0,INDEA,INDNE,2.85
2024,4,15.0,INDEA,INDNE,-3.53
2024,4,15.0,INDNE,INDNO,3.0
2025,4,15.0,INDEA,INDNE,-3.53
2025,4,15.0,INDNE,INDNO,3.0
2025,4,15.0,INDSO,INDWE,-2.73
2026,4,15.0,INDEA,INDNE,-3.53
2026,4,15.0,INDNE,INDNO,3.0
2026,4,15.0,INDSO,INDWE,-3.08
2027,4,15.0,INDEA,INDNE,-3.53
2027,4,15.0,INDNE,INDNO,3.0
2027,4,15.0,INDSO,INDWE,-5.43
2028,4,15.0,INDEA,INDNE,-3.53
2028,4,15.0,INDNE,INDNO,3.0
2028,4,15.0,INDSO,INDWE,-8.49
2029,4,15.0,INDEA,INDNE,-3.53
2029,4,15.0,INDNE,INDNO,3.0
2029,4,15.0,INDSO,INDWE,-11.34
2030,4,15.0,INDEA,INDNE,-5.53
2030,4,15.0,INDEA,INDNO,0.63
2030,4,15.0,INDNE,INDNO,5.0
2030,4,15.0,INDSO,INDWE,-14.88
2031,4,15.0,INDEA,INDNE,-7.53
2031,4,15.0,INDNE,INDNO,7.0
2031,4,15.0,INDSO,INDWE,-4.75
2032,4,15.0,INDEA,INDNE,-9.53
2032,4,15.0,INDNE,INDNO,9.0
2032,4,15.0,INDSO,INDWE,-5.06
2033,4,15.0,INDEA,INDNE,-11.53
2033,4,15.0,INDNE,INDNO,11.0
2033,4,15.0,INDSO,INDWE,-5.35
2034,4,15.0,INDEA,INDNE,-13.53
2034,4,15.0,INDEA,INDSO,3.65
2034,4,15.0,INDNE,INDNO,13.0
2034,4,15.0,INDSO,INDWE,-1.89
2035,4,15.0,INDEA,INDNE,-15.53
2035,4,15.0,INDEA,INDSO,5.68
2035,4,15.0,INDEA,INDWE,0.34
2035,4,15.0,INDNE,INDNO,15.0
2036,4,15.0,INDEA,INDNE,-17.53
2036,4,15.0,INDEA,INDSO,5.79
2036,4,15.0,INDEA,INDWE,0.6
2036,4,15.0,INDNE,INDNO,17.0
2037,4,15.0,INDEA,INDNE,-19.53
2037,4,15.0,INDEA,INDSO,5.9
2037,4,15.0,INDEA,INDWE,0.87
2037,4,15.0,INDNE,INDNO,19.0
2038,4,15.0,INDEA,INDNE,-21.53
2038,4,15.0,INDEA,INDSO,6.0
2038,4,15.0,INDEA,INDWE,1.13
2038,4,15.0,INDNE,INDNO,21.0
2039,4,15.0,INDEA,INDNE,-23.53
2039,4,15.0,INDEA,INDSO,6.11
2039,4,15.0,INDEA,INDWE,1.39
2039,4,15.0,INDNE,INDNO,23.0
2040,4,15.0,INDEA,INDNE,-25.53
2040,4,15.0,INDEA,INDSO,6.22
2040,4,15.0,INDEA,INDWE,1.65
2040,4,15.0,INDNE,INDNO,25.0
2041,4,15.0,INDEA,INDNE,-27.52
2041,4,15.0,INDEA,INDSO,6.34
2041,4,15.0,INDEA,INDWE,1.94
2041,4,15.0,INDNE,INDNO,27.0
2042,4,15.0,INDEA,INDNE,-29.52
2042,4,15.0,INDEA,INDSO,6.46
2042,4,15.0,INDEA,INDWE,2.22
2042,4,15.0,INDNE,INDNO,28.99
2043,4,15.0,INDEA,INDNE,-31.52
2043,4,15.0,INDEA,INDSO,6.58
2043,4,15.0,INDEA,INDWE,2.5
2043,4,15.0,INDNE,INDNO,30.99
2044,4,15.0,INDEA,INDNE,-33.52
2044,4,15.0,INDEA,INDSO,6.65
2044,4,15.0,INDEA,INDWE,1.45
2044,4,15.0,INDNE,INDNO,32.99
2045,4,15.0,INDEA,INDNE,-35.52
2045,4,15.0,INDEA,INDSO,5.71
2045,4,15.0,INDNE,INDNO,34.99
2046,4,15.0,INDEA,INDNE,-37.52
2046,4,15.0,INDEA,INDSO,1.34
2046,4,15.0,INDNE,INDNO,36.99
2046,4,15.0,INDNO,INDWE,4.11
2047,4,15.0,INDEA,INDNE,-39.52
2047,4,15.0,INDEA,INDSO,0.65
2047,4,15.0,INDNE,INDNO,38.99
2047,4,15.0,INDNO,INDWE,0.31
2048,4,15.0,INDEA,INDNE,-41.52
2048,4,15.0,INDNE,INDNO,40.99
2049,4,15.0,INDEA,INDNE,-43.52
2049,4,15.0,INDNE,INDNO,42.99
2050,4,15.0,INDEA,INDNE,-45.52
2050,4,15.0,INDNE,INDNO,44.99
2021,4,16.0,INDEA,INDNE,2.79
2022,4,16.0,INDEA,INDNE,2.86
2022,4,16.0,INDNE,INDNO,-0.29
2023,4,16.0,INDEA,INDNE,2.85
2024,4,16.0,INDEA,INDNE,-3.53
2024,4,16.0,INDNE,INDNO,3.0
2025,4,16.0,INDEA,INDNE,-3.53
2025,4,16.0,INDNE,INDNO,3.0
2025,4,16.0,INDSO,INDWE,-2.73
2026,4,16.0,INDEA,INDNE,-3.53
2026,4,16.0,INDNE,INDNO,3.0
2026,4,16.0,INDSO,INDWE,-3.08
2027,4,16.0,INDEA,INDNE,-3.53
2027,4,16.0,INDNE,INDNO,3.0
2027,4,16.0,INDSO,INDWE,-5.43
2028,4,16.0,INDEA,INDNE,-3.53
2028,4,16.0,INDNE,INDNO,3.0
2028,4,16.0,INDSO,INDWE,-8.49
2029,4,16.0,INDEA,INDNE,-3.53
2029,4,16.0,INDNE,INDNO,3.0
2029,4,16.0,INDSO,INDWE,-11.34
2030,4,16.0,INDEA,INDNE,-5.53
2030,4,16.0,INDEA,INDNO,0.63
2030,4,16.0,INDNE,INDNO,5.0
2030,4,16.0,INDSO,INDWE,-14.88
2031,4,16.0,INDEA,INDNE,-7.53
2031,4,16.0,INDNE,INDNO,7.0
2031,4,16.0,INDSO,INDWE,-4.75
2032,4,16.0,INDEA,INDNE,-9.53
2032,4,16.0,INDNE,INDNO,9.0
2032,4,16.0,INDSO,INDWE,-5.06
2033,4,16.0,INDEA,INDNE,-11.53
2033,4,16.0,INDNE,INDNO,11.0
2033,4,16.0,INDSO,INDWE,-5.35
2034,4,16.0,INDEA,INDNE,-13.53
2034,4,16.0,INDEA,INDSO,3.65
2034,4,16.0,INDNE,INDNO,13.0
2034,4,16.0,INDSO,INDWE,-1.89
2035,4,16.0,INDEA,INDNE,-15.53
2035,4,16.0,INDEA,INDSO,5.68
2035,4,16.0,INDEA,INDWE,0.34
2035,4,16.0,INDNE,INDNO,15.0
2036,4,16.0,INDEA,INDNE,-17.53
2036,4,16.0,INDEA,INDSO,5.79
2036,4,16.0,INDEA,INDWE,0.6
2036,4,16.0,INDNE,INDNO,17.0
2037,4,16.0,INDEA,INDNE,-19.53
2037,4,16.0,INDEA,INDSO,5.9
2037,4,16.0,INDEA,INDWE,0.87
2037,4,16.0,INDNE,INDNO,19.0
2038,4,16.0,INDEA,INDNE,-21.53
2038,4,16.0,INDEA,INDSO,6.0
2038,4,16.0,INDEA,INDWE,1.13
2038,4,16.0,INDNE,INDNO,21.0
2039,4,16.0,INDEA,INDNE,-23.53
2039,4,16.0,INDEA,INDSO,6.11
2039,4,16.0,INDEA,INDWE,1.39
2039,4,16.0,INDNE,INDNO,23.0
2040,4,16.0,INDEA,INDNE,-25.53
2040,4,16.0,INDEA,INDSO,6.22
2040,4,16.0,INDEA,INDWE,1.65
2040,4,16.0,INDNE,INDNO,25.0
2041,4,16.0,INDEA,INDNE,-27.52
2041,4,16.0,INDEA,INDSO,6.34
2041,4,16.0,INDEA,INDWE,1.94
2041,4,16.0,INDNE,INDNO,27.0
2042,4,16.0,INDEA,INDNE,-29.52
2042,4,16.0,INDEA,INDSO,6.46
2042,4,16.0,INDEA,INDWE,2.22
2042,4,16.0,INDNE,INDNO,28.99
2043,4,16.0,INDEA,INDNE,-31.52
2043,4,16.0,INDEA,INDSO,6.58
2043,4,16.0,INDEA,INDWE,2.5
2043,4,16.0,INDNE,INDNO,30.99
2044,4,16.0,INDEA,INDNE,-33.52
2044,4,16.0,INDEA,INDSO,6.65
2044,4,16.0,INDEA,INDWE,1.45
2044,4,16.0,INDNE,INDNO,32.99
2045,4,16.0,INDEA,INDNE,-35.52
2045,4,16.0,INDEA,INDSO,5.71
2045,4,16.0,INDNE,INDNO,34.99
2046,4,16.0,INDEA,INDNE,-37.52
2046,4,16.0,INDEA,INDSO,1.34
2046,4,16.0,INDNE,INDNO,36.99
2046,4,16.0,INDNO,INDWE,4.11
2047,4,16.0,INDEA,INDNE,-39.52
2047,4,16.0,INDEA,INDSO,0.65
2047,4,16.0,INDNE,INDNO,38.99
2047,4,16.0,INDNO,INDWE,0.31
2048,4,16.0,INDEA,INDNE,-41.52
2048,4,16.0,INDNE,INDNO,40.99
2049,4,16.0,INDEA,INDNE,-43.52
2049,4,16.0,INDNE,INDNO,42.99
2050,4,16.0,INDEA,INDNE,-45.52
2050,4,16.0,INDNE,INDNO,44.99
2021,4,17.0,INDEA,INDNE,2.79
2022,4,17.0,INDEA,INDNE,2.86
2022,4,17.0,INDNE,INDNO,-0.29
2023,4,17.0,INDEA,INDNE,2.85
2024,4,17.0,INDEA,INDNE,-3.53
2024,4,17.0,INDNE,INDNO,3.0
2025,4,17.0,INDEA,INDNE,-3.53
2025,4,17.0,INDNE,INDNO,3.0
2025,4,17.0,INDSO,INDWE,-2.73
2026,4,17.0,INDEA,INDNE,-3.53
2026,4,17.0,INDNE,INDNO,3.0
2026,4,17.0,INDSO,INDWE,-3.08
2027,4,17.0,INDEA,INDNE,-3.53
2027,4,17.0,INDNE,INDNO,3.0
2027,4,17.0,INDSO,INDWE,-5.43
2028,4,17.0,INDEA,INDNE,-3.53
2028,4,17.0,INDNE,INDNO,3.0
2028,4,17.0,INDSO,INDWE,-8.49
2029,4,17.0,INDEA,INDNE,-3.53
2029,4,17.0,INDNE,INDNO,3.0
2029,4,17.0,INDSO,INDWE,-11.34
2030,4,17.0,INDEA,INDNE,-5.53
2030,4,17.0,INDEA,INDNO,0.63
2030,4,17.0,INDNE,INDNO,5.0
2030,4,17.0,INDSO,INDWE,-14.88
2031,4,17.0,INDEA,INDNE,-7.53
2031,4,17.0,INDNE,INDNO,7.0
2031,4,17.0,INDSO,INDWE,-4.75
2032,4,17.0,INDEA,INDNE,-9.53
2032,4,17.0,INDNE,INDNO,9.0
2032,4,17.0,INDSO,INDWE,-5.06
2033,4,17.0,INDEA,INDNE,-11.53
2033,4,17.0,INDNE,INDNO,11.0
2033,4,17.0,INDSO,INDWE,-5.35
2034,4,17.0,INDEA,INDNE,-13.53
2034,4,17.0,INDEA,INDSO,3.65
2034,4,17.0,INDNE,INDNO,13.0
2034,4,17.0,INDSO,INDWE,-1.89
2035,4,17.0,INDEA,INDNE,-15.53
2035,4,17.0,INDEA,INDSO,5.68
2035,4,17.0,INDEA,INDWE,0.34
2035,4,17.0,INDNE,INDNO,15.0
2036,4,17.0,INDEA,INDNE,-17.53
2036,4,17.0,INDEA,INDSO,5.79
2036,4,17.0,INDEA,INDWE,0.6
2036,4,17.0,INDNE,INDNO,17.0
2037,4,17.0,INDEA,INDNE,-19.53
2037,4,17.0,INDEA,INDSO,5.9
2037,4,17.0,INDEA,INDWE,0.87
2037,4,17.0,INDNE,INDNO,19.0
2038,4,17.0,INDEA,INDNE,-21.53
2038,4,17.0,INDEA,INDSO,6.0
2038,4,17.0,INDEA,INDWE,1.13
2038,4,17.0,INDNE,INDNO,21.0
2039,4,17.0,INDEA,INDNE,-23.53
2039,4,17.0,INDEA,INDSO,6.11
2039,4,17.0,INDEA,INDWE,1.39
2039,4,17.0,INDNE,INDNO,23.0
2040,4,17.0,INDEA,INDNE,-25.53
2040,4,17.0,INDEA,INDSO,6.22
2040,4,17.0,INDEA,INDWE,1.65
2040,4,17.0,INDNE,INDNO,25.0
2041,4,17.0,INDEA,INDNE,-27.52
2041,4,17.0,INDEA,INDSO,6.34
2041,4,17.0,INDEA,INDWE,1.94
2041,4,17.0,INDNE,INDNO,27.0
2042,4,17.0,INDEA,INDNE,-29.52
2042,4,17.0,INDEA,INDSO,6.46
2042,4,17.0,INDEA,INDWE,2.22
2042,4,17.0,INDNE,INDNO,28.99
2043,4,17.0,INDEA,INDNE,-31.52
2043,4,17.0,INDEA,INDSO,6.58
2043,4,17.0,INDEA,INDWE,2.5
2043,4,17.0,INDNE,INDNO,30.99
2044,4,17.0,INDEA,INDNE,-33.52
2044,4,17.0,INDEA,INDSO,6.65
2044,4,17.0,INDEA,INDWE,1.45
2044,4,17.0,INDNE,INDNO,32.99
2045,4,17.0,INDEA,INDNE,-35.52
2045,4,17.0,INDEA,INDSO,5.71
2045,4,17.0,INDNE,INDNO,34.99
2046,4,17.0,INDEA,INDNE,-37.52
2046,4,17.0,INDEA,INDSO,1.34
2046,4,17.0,INDNE,INDNO,36.99
2046,4,17.0,INDNO,INDWE,4.11
2047,4,17.0,INDEA,INDNE,-39.52
2047,4,17.0,INDEA,INDSO,0.65
2047,4,17.0,INDNE,INDNO,38.99
2047,4,17.0,INDNO,INDWE,0.31
2048,4,17.0,INDEA,INDNE,-41.52
2048,4,17.0,INDNE,INDNO,40.99
2049,4,17.0,INDEA,INDNE,-43.52
2049,4,17.0,INDNE,INDNO,42.99
2050,4,17.0,INDEA,INDNE,-45.52
2050,4,17.0,INDNE,INDNO,44.99
2021,4,18.0,INDEA,INDNE,2.79
2022,4,18.0,INDEA,INDNE,2.86
2022,4,18.0,INDNE,INDNO,-0.29
2023,4,18.0,INDEA,INDNE,2.85
2024,4,18.0,INDEA,INDNE,-3.53
2024,4,18.0,INDNE,INDNO,3.0
2025,4,18.0,INDEA,INDNE,-3.53
2025,4,18.0,INDNE,INDNO,3.0
2025,4,18.0,INDSO,INDWE,-2.73
2026,4,18.0,INDEA,INDNE,-3.53
2026,4,18.0,INDNE,INDNO,3.0
2026,4,18.0,INDSO,INDWE,-3.08
2027,4,18.0,INDEA,INDNE,-3.53
2027,4,18.0,INDNE,INDNO,3.0
2027,4,18.0,INDSO,INDWE,-5.43
2028,4,18.0,INDEA,INDNE,-3.53
2028,4,18.0,INDNE,INDNO,3.0
2028,4,18.0,INDSO,INDWE,-8.49
2029,4,18.0,INDEA,INDNE,-3.53
2029,4,18.0,INDNE,INDNO,3.0
2029,4,18.0,INDSO,INDWE,-11.34
2030,4,18.0,INDEA,INDNE,-5.53
2030,4,18.0,INDEA,INDNO,0.63
2030,4,18.0,INDNE,INDNO,5.0
2030,4,18.0,INDSO,INDWE,-14.88
2031,4,18.0,INDEA,INDNE,-7.53
2031,4,18.0,INDNE,INDNO,7.0
2031,4,18.0,INDSO,INDWE,-4.75
2032,4,18.0,INDEA,INDNE,-9.53
2032,4,18.0,INDNE,INDNO,9.0
2032,4,18.0,INDSO,INDWE,-5.06
2033,4,18.0,INDEA,INDNE,-11.53
2033,4,18.0,INDNE,INDNO,11.0
2033,4,18.0,INDSO,INDWE,-5.35
2034,4,18.0,INDEA,INDNE,-13.53
2034,4,18.0,INDEA,INDSO,3.65
2034,4,18.0,INDNE,INDNO,13.0
2034,4,18.0,INDSO,INDWE,-1.89
2035,4,18.0,INDEA,INDNE,-15.53
2035,4,18.0,INDEA,INDSO,5.68
2035,4,18.0,INDEA,INDWE,0.34
2035,4,18.0,INDNE,INDNO,15.0
2036,4,18.0,INDEA,INDNE,-17.53
2036,4,18.0,INDEA,INDSO,5.79
2036,4,18.0,INDEA,INDWE,0.6
2036,4,18.0,INDNE,INDNO,17.0
2037,4,18.0,INDEA,INDNE,-19.53
2037,4,18.0,INDEA,INDSO,5.9
2037,4,18.0,INDEA,INDWE,0.87
2037,4,18.0,INDNE,INDNO,19.0
2038,4,18.0,INDEA,INDNE,-21.53
2038,4,18.0,INDEA,INDSO,6.0
2038,4,18.0,INDEA,INDWE,1.13
2038,4,18.0,INDNE,INDNO,21.0
2039,4,18.0,INDEA,INDNE,-23.53
2039,4,18.0,INDEA,INDSO,6.11
2039,4,18.0,INDEA,INDWE,1.39
2039,4,18.0,INDNE,INDNO,23.0
2040,4,18.0,INDEA,INDNE,-25.53
2040,4,18.0,INDEA,INDSO,6.22
2040,4,18.0,INDEA,INDWE,1.65
2040,4,18.0,INDNE,INDNO,25.0
2041,4,18.0,INDEA,INDNE,-27.52
2041,4,18.0,INDEA,INDSO,6.34
2041,4,18.0,INDEA,INDWE,1.94
2041,4,18.0,INDNE,INDNO,27.0
2042,4,18.0,INDEA,INDNE,-29.52
2042,4,18.0,INDEA,INDSO,6.46
2042,4,18.0,INDEA,INDWE,2.22
2042,4,18.0,INDNE,INDNO,28.99
2043,4,18.0,INDEA,INDNE,-31.52
2043,4,18.0,INDEA,INDSO,6.58
2043,4,18.0,INDEA,INDWE,2.5
2043,4,18.0,INDNE,INDNO,30.99
2044,4,18.0,INDEA,INDNE,-33.52
2044,4,18.0,INDEA,INDSO,6.65
2044,4,18.0,INDEA,INDWE,1.45
2044,4,18.0,INDNE,INDNO,32.99
2045,4,18.0,INDEA,INDNE,-35.52
2045,4,18.0,INDEA,INDSO,5.71
2045,4,18.0,INDNE,INDNO,34.99
2046,4,18.0,INDEA,INDNE,-37.52
2046,4,18.0,INDEA,INDSO,1.34
2046,4,18.0,INDNE,INDNO,36.99
2046,4,18.0,INDNO,INDWE,4.11
2047,4,18.0,INDEA,INDNE,-39.52
2047,4,18.0,INDEA,INDSO,0.65
2047,4,18.0,INDNE,INDNO,38.99
2047,4,18.0,INDNO,INDWE,0.31
2048,4,18.0,INDEA,INDNE,-41.52
2048,4,18.0,INDNE,INDNO,40.99
2049,4,18.0,INDEA,INDNE,-43.52
2049,4,18.0,INDNE,INDNO,42.99
2050,4,18.0,INDEA,INDNE,-45.52
2050,4,18.0,INDNE,INDNO,44.99
2021,4,19.0,INDEA,INDNE,2.79
2022,4,19.0,INDEA,INDNE,2.86
2022,4,19.0,INDNE,INDNO,-0.29
2023,4,19.0,INDEA,INDNE,2.85
2024,4,19.0,INDEA,INDNE,-3.53
2024,4,19.0,INDNE,INDNO,3.0
2025,4,19.0,INDEA,INDNE,-3.53
2025,4,19.0,INDNE,INDNO,3.0
2025,4,19.0,INDSO,INDWE,-2.73
2026,4,19.0,INDEA,INDNE,-3.53
2026,4,19.0,INDNE,INDNO,3.0
2026,4,19.0,INDSO,INDWE,-3.08
2027,4,19.0,INDEA,INDNE,-3.53
2027,4,19.0,INDNE,INDNO,3.0
2027,4,19.0,INDSO,INDWE,-5.43
2028,4,19.0,INDEA,INDNE,-3.53
2028,4,19.0,INDNE,INDNO,3.0
2028,4,19.0,INDSO,INDWE,-8.49
2029,4,19.0,INDEA,INDNE,-3.53
2029,4,19.0,INDNE,INDNO,3.0
2029,4,19.0,INDSO,INDWE,-11.34
2030,4,19.0,INDEA,INDNE,-5.53
2030,4,19.0,INDEA,INDNO,0.63
2030,4,19.0,INDNE,INDNO,5.0
2030,4,19.0,INDSO,INDWE,-14.88
2031,4,19.0,INDEA,INDNE,-7.53
2031,4,19.0,INDNE,INDNO,7.0
2031,4,19.0,INDSO,INDWE,-4.75
2032,4,19.0,INDEA,INDNE,-9.53
2032,4,19.0,INDNE,INDNO,9.0
2032,4,19.0,INDSO,INDWE,-5.06
2033,4,19.0,INDEA,INDNE,-11.53
2033,4,19.0,INDNE,INDNO,11.0
2033,4,19.0,INDSO,INDWE,-5.35
2034,4,19.0,INDEA,INDNE,-13.53
2034,4,19.0,INDEA,INDSO,3.65
2034,4,19.0,INDNE,INDNO,13.0
2034,4,19.0,INDSO,INDWE,-1.89
2035,4,19.0,INDEA,INDNE,-15.53
2035,4,19.0,INDEA,INDSO,5.68
2035,4,19.0,INDEA,INDWE,0.34
2035,4,19.0,INDNE,INDNO,15.0
2036,4,19.0,INDEA,INDNE,-17.53
2036,4,19.0,INDEA,INDSO,5.79
2036,4,19.0,INDEA,INDWE,0.6
2036,4,19.0,INDNE,INDNO,17.0
2037,4,19.0,INDEA,INDNE,-19.53
2037,4,19.0,INDEA,INDSO,5.9
2037,4,19.0,INDEA,INDWE,0.87
2037,4,19.0,INDNE,INDNO,19.0
2038,4,19.0,INDEA,INDNE,-21.53
2038,4,19.0,INDEA,INDSO,6.0
2038,4,19.0,INDEA,INDWE,1.13
2038,4,19.0,INDNE,INDNO,21.0
2039,4,19.0,INDEA,INDNE,-23.53
2039,4,19.0,INDEA,INDSO,6.11
2039,4,19.0,INDEA,INDWE,1.39
2039,4,19.0,INDNE,INDNO,23.0
2040,4,19.0,INDEA,INDNE,-25.53
2040,4,19.0,INDEA,INDSO,6.22
2040,4,19.0,INDEA,INDWE,1.65
2040,4,19.0,INDNE,INDNO,25.0
2041,4,19.0,INDEA,INDNE,-27.52
2041,4,19.0,INDEA,INDSO,6.34
2041,4,19.0,INDEA,INDWE,1.94
2041,4,19.0,INDNE,INDNO,27.0
2042,4,19.0,INDEA,INDNE,-29.52
2042,4,19.0,INDEA,INDSO,6.46
2042,4,19.0,INDEA,INDWE,2.22
2042,4,19.0,INDNE,INDNO,28.99
2043,4,19.0,INDEA,INDNE,-31.52
2043,4,19.0,INDEA,INDSO,6.58
2043,4,19.0,INDEA,INDWE,2.5
2043,4,19.0,INDNE,INDNO,30.99
2044,4,19.0,INDEA,INDNE,-33.52
2044,4,19.0,INDEA,INDSO,6.65
2044,4,19.0,INDEA,INDWE,1.45
2044,4,19.0,INDNE,INDNO,32.99
2045,4,19.0,INDEA,INDNE,-35.52
2045,4,19.0,INDEA,INDSO,5.71
2045,4,19.0,INDNE,INDNO,34.99
2046,4,19.0,INDEA,INDNE,-37.52
2046,4,19.0,INDEA,INDSO,1.34
2046,4,19.0,INDNE,INDNO,36.99
2046,4,19.0,INDNO,INDWE,4.11
2047,4,19.0,INDEA,INDNE,-39.52
2047,4,19.0,INDEA,INDSO,0.65
2047,4,19.0,INDNE,INDNO,38.99
2047,4,19.0,INDNO,INDWE,0.31
2048,4,19.0,INDEA,INDNE,-41.52
2048,4,19.0,INDNE,INDNO,40.99
2049,4,19.0,INDEA,INDNE,-43.52
2049,4,19.0,INDNE,INDNO,42.99
2050,4,19.0,INDEA,INDNE,-45.52
2050,4,19.0,INDNE,INDNO,44.99
2021,4,20.0,INDEA,INDNE,2.79
2022,4,20.0,INDEA,INDNE,2.86
2022,4,20.0,INDNE,INDNO,-0.29
2023,4,20.0,INDEA,INDNE,2.85
2024,4,20.0,INDEA,INDNE,-3.53
2024,4,20.0,INDNE,INDNO,3.0
2025,4,20.0,INDEA,INDNE,-3.53
2025,4,20.0,INDNE,INDNO,3.0
2025,4,20.0,INDSO,INDWE,-2.73
2026,4,20.0,INDEA,INDNE,-3.53
2026,4,20.0,INDNE,INDNO,3.0
2026,4,20.0,INDSO,INDWE,-3.08
2027,4,20.0,INDEA,INDNE,-3.53
2027,4,20.0,INDNE,INDNO,3.0
2027,4,20.0,INDSO,INDWE,-5.43
2028,4,20.0,INDEA,INDNE,-3.53
2028,4,20.0,INDNE,INDNO,3.0
2028,4,20.0,INDSO,INDWE,-8.49
2029,4,20.0,INDEA,INDNE,-3.53
2029,4,20.0,INDNE,INDNO,3.0
2029,4,20.0,INDSO,INDWE,-11.34
2030,4,20.0,INDEA,INDNE,-5.53
2030,4,20.0,INDEA,INDNO,0.63
2030,4,20.0,INDNE,INDNO,5.0
2030,4,20.0,INDSO,INDWE,-14.88
2031,4,20.0,INDEA,INDNE,-7.53
2031,4,20.0,INDNE,INDNO,7.0
2031,4,20.0,INDSO,INDWE,-4.75
2032,4,20.0,INDEA,INDNE,-9.53
2032,4,20.0,INDNE,INDNO,9.0
2032,4,20.0,INDSO,INDWE,-5.06
2033,4,20.0,INDEA,INDNE,-11.53
2033,4,20.0,INDNE,INDNO,11.0
2033,4,20.0,INDSO,INDWE,-5.35
2034,4,20.0,INDEA,INDNE,-13.53
2034,4,20.0,INDEA,INDSO,3.65
2034,4,20.0,INDNE,INDNO,13.0
2034,4,20.0,INDSO,INDWE,-1.89
2035,4,20.0,INDEA,INDNE,-15.53
2035,4,20.0,INDEA,INDSO,5.68
2035,4,20.0,INDEA,INDWE,0.34
2035,4,20.0,INDNE,INDNO,15.0
2036,4,20.0,INDEA,INDNE,-17.53
2036,4,20.0,INDEA,INDSO,5.79
2036,4,20.0,INDEA,INDWE,0.6
2036,4,20.0,INDNE,INDNO,17.0
2037,4,20.0,INDEA,INDNE,-19.53
2037,4,20.0,INDEA,INDSO,5.9
2037,4,20.0,INDEA,INDWE,0.87
2037,4,20.0,INDNE,INDNO,19.0
2038,4,20.0,INDEA,INDNE,-21.53
2038,4,20.0,INDEA,INDSO,6.0
2038,4,20.0,INDEA,INDWE,1.13
2038,4,20.0,INDNE,INDNO,21.0
2039,4,20.0,INDEA,INDNE,-23.53
2039,4,20.0,INDEA,INDSO,6.11
2039,4,20.0,INDEA,INDWE,1.39
2039,4,20.0,INDNE,INDNO,23.0
2040,4,20.0,INDEA,INDNE,-25.53
2040,4,20.0,INDEA,INDSO,6.22
2040,4,20.0,INDEA,INDWE,1.65
2040,4,20.0,INDNE,INDNO,25.0
2041,4,20.0,INDEA,INDNE,-27.52
2041,4,20.0,INDEA,INDSO,6.34
2041,4,20.0,INDEA,INDWE,1.94
2041,4,20.0,INDNE,INDNO,27.0
2042,4,20.0,INDEA,INDNE,-29.52
2042,4,20.0,INDEA,INDSO,6.46
2042,4,20.0,INDEA,INDWE,2.22
2042,4,20.0,INDNE,INDNO,28.99
2043,4,20.0,INDEA,INDNE,-31.52
2043,4,20.0,INDEA,INDSO,6.58
2043,4,20.0,INDEA,INDWE,2.5
2043,4,20.0,INDNE,INDNO,30.99
2044,4,20.0,INDEA,INDNE,-33.52
2044,4,20.0,INDEA,INDSO,6.65
2044,4,20.0,INDEA,INDWE,1.45
2044,4,20.0,INDNE,INDNO,32.99
2045,4,20.0,INDEA,INDNE,-35.52
2045,4,20.0,INDEA,INDSO,5.71
2045,4,20.0,INDNE,INDNO,34.99
2046,4,20.0,INDEA,INDNE,-37.52
2046,4,20.0,INDEA,INDSO,1.34
2046,4,20.0,INDNE,INDNO,36.99
2046,4,20.0,INDNO,INDWE,4.11
2047,4,20.0,INDEA,INDNE,-39.52
2047,4,20.0,INDEA,INDSO,0.65
2047,4,20.0,INDNE,INDNO,38.99
2047,4,20.0,INDNO,INDWE,0.31
2048,4,20.0,INDEA,INDNE,-41.52
2048,4,20.0,INDNE,INDNO,40.99
2049,4,20.0,INDEA,INDNE,-43.52
2049,4,20.0,INDNE,INDNO,42.99
2050,4,20.0,INDEA,INDNE,-45.52
2050,4,20.0,INDNE,INDNO,44.99
2021,4,21.0,INDEA,INDNE,2.79
2022,4,21.0,INDEA,INDNE,2.86
2022,4,21.0,INDNE,INDNO,-0.29
2023,4,21.0,INDEA,INDNE,2.85
2024,4,21.0,INDEA,INDNE,-3.53
2024,4,21.0,INDNE,INDNO,3.0
2025,4,21.0,INDEA,INDNE,-3.53
2025,4,21.0,INDNE,INDNO,3.0
2025,4,21.0,INDSO,INDWE,-2.73
2026,4,21.0,INDEA,INDNE,-3.53
2026,4,21.0,INDNE,INDNO,3.0
2026,4,21.0,INDSO,INDWE,-3.08
2027,4,21.0,INDEA,INDNE,-3.53
2027,4,21.0,INDNE,INDNO,3.0
2027,4,21.0,INDSO,INDWE,-5.43
2028,4,21.0,INDEA,INDNE,-3.53
2028,4,21.0,INDNE,INDNO,3.0
2028,4,21.0,INDSO,INDWE,-8.49
2029,4,21.0,INDEA,INDNE,-3.53
2029,4,21.0,INDNE,INDNO,3.0
2029,4,21.0,INDSO,INDWE,-11.34
2030,4,21.0,INDEA,INDNE,-5.53
2030,4,21.0,INDEA,INDNO,0.63
2030,4,21.0,INDNE,INDNO,5.0
2030,4,21.0,INDSO,INDWE,-14.88
2031,4,21.0,INDEA,INDNE,-7.53
2031,4,21.0,INDNE,INDNO,7.0
2031,4,21.0,INDSO,INDWE,-4.75
2032,4,21.0,INDEA,INDNE,-9.53
2032,4,21.0,INDNE,INDNO,9.0
2032,4,21.0,INDSO,INDWE,-5.06
2033,4,21.0,INDEA,INDNE,-11.53
2033,4,21.0,INDNE,INDNO,11.0
2033,4,21.0,INDSO,INDWE,-5.35
2034,4,21.0,INDEA,INDNE,-13.53
2034,4,21.0,INDEA,INDSO,3.65
2034,4,21.0,INDNE,INDNO,13.0
2034,4,21.0,INDSO,INDWE,-1.89
2035,4,21.0,INDEA,INDNE,-15.53
2035,4,21.0,INDEA,INDSO,5.68
2035,4,21.0,INDEA,INDWE,0.34
2035,4,21.0,INDNE,INDNO,15.0
2036,4,21.0,INDEA,INDNE,-17.53
2036,4,21.0,INDEA,INDSO,5.79
2036,4,21.0,INDEA,INDWE,0.6
2036,4,21.0,INDNE,INDNO,17.0
2037,4,21.0,INDEA,INDNE,-19.53
2037,4,21.0,INDEA,INDSO,5.9
2037,4,21.0,INDEA,INDWE,0.87
2037,4,21.0,INDNE,INDNO,19.0
2038,4,21.0,INDEA,INDNE,-21.53
2038,4,21.0,INDEA,INDSO,6.0
2038,4,21.0,INDEA,INDWE,1.13
2038,4,21.0,INDNE,INDNO,21.0
2039,4,21.0,INDEA,INDNE,-23.53
2039,4,21.0,INDEA,INDSO,6.11
2039,4,21.0,INDEA,INDWE,1.39
2039,4,21.0,INDNE,INDNO,23.0
2040,4,21.0,INDEA,INDNE,-25.53
2040,4,21.0,INDEA,INDSO,6.22
2040,4,21.0,INDEA,INDWE,1.65
2040,4,21.0,INDNE,INDNO,25.0
2041,4,21.0,INDEA,INDNE,-27.52
2041,4,21.0,INDEA,INDSO,6.34
2041,4,21.0,INDEA,INDWE,1.94
2041,4,21.0,INDNE,INDNO,27.0
2042,4,21.0,INDEA,INDNE,-29.52
2042,4,21.0,INDEA,INDSO,6.46
2042,4,21.0,INDEA,INDWE,2.22
2042,4,21.0,INDNE,INDNO,28.99
2043,4,21.0,INDEA,INDNE,-31.52
2043,4,21.0,INDEA,INDSO,6.58
2043,4,21.0,INDEA,INDWE,2.5
2043,4,21.0,INDNE,INDNO,30.99
2044,4,21.0,INDEA,INDNE,-33.52
2044,4,21.0,INDEA,INDSO,6.65
2044,4,21.0,INDEA,INDWE,1.45
2044,4,21.0,INDNE,INDNO,32.99
2045,4,21.0,INDEA,INDNE,-35.52
2045,4,21.0,INDEA,INDSO,5.71
2045,4,21.0,INDNE,INDNO,34.99
2046,4,21.0,INDEA,INDNE,-37.52
2046,4,21.0,INDEA,INDSO,1.34
2046,4,21.0,INDNE,INDNO,36.99
2046,4,21.0,INDNO,INDWE,4.11
2047,4,21.0,INDEA,INDNE,-39.52
2047,4,21.0,INDEA,INDSO,0.65
2047,4,21.0,INDNE,INDNO,38.99
2047,4,21.0,INDNO,INDWE,0.31
2048,4,21.0,INDEA,INDNE,-41.52
2048,4,21.0,INDNE,INDNO,40.99
2049,4,21.0,INDEA,INDNE,-43.52
2049,4,21.0,INDNE,INDNO,42.99
2050,4,21.0,INDEA,INDNE,-45.52
2050,4,21.0,INDNE,INDNO,44.99
2021,4,22.0,INDEA,INDNE,2.79
2022,4,22.0,INDEA,INDNE,2.86
2022,4,22.0,INDNE,INDNO,-0.29
2023,4,22.0,INDEA,INDNE,2.85
2024,4,22.0,INDEA,INDNE,-3.53
2024,4,22.0,INDNE,INDNO,3.0
2025,4,22.0,INDEA,INDNE,-3.53
2025,4,22.0,INDNE,INDNO,3.0
2025,4,22.0,INDSO,INDWE,-2.73
2026,4,22.0,INDEA,INDNE,-3.53
2026,4,22.0,INDNE,INDNO,3.0
2026,4,22.0,INDSO,INDWE,-3.08
2027,4,22.0,INDEA,INDNE,-3.53
2027,4,22.0,INDNE,INDNO,3.0
2027,4,22.0,INDSO,INDWE,-5.43
2028,4,22.0,INDEA,INDNE,-3.53
2028,4,22.0,INDNE,INDNO,3.0
2028,4,22.0,INDSO,INDWE,-8.49
2029,4,22.0,INDEA,INDNE,-3.53
2029,4,22.0,INDNE,INDNO,3.0
2029,4,22.0,INDSO,INDWE,-11.34
2030,4,22.0,INDEA,INDNE,-5.53
2030,4,22.0,INDEA,INDNO,0.63
2030,4,22.0,INDNE,INDNO,5.0
2030,4,22.0,INDSO,INDWE,-14.88
2031,4,22.0,INDEA,INDNE,-7.53
2031,4,22.0,INDNE,INDNO,7.0
2031,4,22.0,INDSO,INDWE,-4.75
2032,4,22.0,INDEA,INDNE,-9.53
2032,4,22.0,INDNE,INDNO,9.0
2032,4,22.0,INDSO,INDWE,-5.06
2033,4,22.0,INDEA,INDNE,-11.53
2033,4,22.0,INDNE,INDNO,11.0
2033,4,22.0,INDSO,INDWE,-5.35
2034,4,22.0,INDEA,INDNE,-13.53
2034,4,22.0,INDEA,INDSO,3.65
2034,4,22.0,INDNE,INDNO,13.0
2034,4,22.0,INDSO,INDWE,-1.89
2035,4,22.0,INDEA,INDNE,-15.53
2035,4,22.0,INDEA,INDSO,5.68
2035,4,22.0,INDEA,INDWE,0.34
2035,4,22.0,INDNE,INDNO,15.0
2036,4,22.0,INDEA,INDNE,-17.53
2036,4,22.0,INDEA,INDSO,5.79
2036,4,22.0,INDEA,INDWE,0.6
2036,4,22.0,INDNE,INDNO,17.0
2037,4,22.0,INDEA,INDNE,-19.53
2037,4,22.0,INDEA,INDSO,5.9
2037,4,22.0,INDEA,INDWE,0.87
2037,4,22.0,INDNE,INDNO,19.0
2038,4,22.0,INDEA,INDNE,-21.53
2038,4,22.0,INDEA,INDSO,6.0
2038,4,22.0,INDEA,INDWE,1.13
2038,4,22.0,INDNE,INDNO,21.0
2039,4,22.0,INDEA,INDNE,-23.53
2039,4,22.0,INDEA,INDSO,6.11
2039,4,22.0,INDEA,INDWE,1.39
2039,4,22.0,INDNE,INDNO,23.0
2040,4,22.0,INDEA,INDNE,-25.53
2040,4,22.0,INDEA,INDSO,6.22
2040,4,22.0,INDEA,INDWE,1.65
2040,4,22.0,INDNE,INDNO,25.0
2041,4,22.0,INDEA,INDNE,-27.52
2041,4,22.0,INDEA,INDSO,6.34
2041,4,22.0,INDEA,INDWE,1.94
2041,4,22.0,INDNE,INDNO,27.0
2042,4,22.0,INDEA,INDNE,-29.52
2042,4,22.0,INDEA,INDSO,6.46
2042,4,22.0,INDEA,INDWE,2.22
2042,4,22.0,INDNE,INDNO,28.99
2043,4,22.0,INDEA,INDNE,-31.52
2043,4,22.0,INDEA,INDSO,6.58
2043,4,22.0,INDEA,INDWE,2.5
2043,4,22.0,INDNE,INDNO,30.99
2044,4,22.0,INDEA,INDNE,-33.52
2044,4,22.0,INDEA,INDSO,6.65
2044,4,22.0,INDEA,INDWE,1.45
2044,4,22.0,INDNE,INDNO,32.99
2045,4,22.0,INDEA,INDNE,-35.52
2045,4,22.0,INDEA,INDSO,5.71
2045,4,22.0,INDNE,INDNO,34.99
2046,4,22.0,INDEA,INDNE,-37.52
2046,4,22.0,INDEA,INDSO,1.34
2046,4,22.0,INDNE,INDNO,36.99
2046,4,22.0,INDNO,INDWE,4.11
2047,4,22.0,INDEA,INDNE,-39.52
2047,4,22.0,INDEA,INDSO,0.65
2047,4,22.0,INDNE,INDNO,38.99
2047,4,22.0,INDNO,INDWE,0.31
2048,4,22.0,INDEA,INDNE,-41.52
2048,4,22.0,INDNE,INDNO,40.99
2049,4,22.0,INDEA,INDNE,-43.52
2049,4,22.0,INDNE,INDNO,42.99
2050,4,22.0,INDEA,INDNE,-45.52
2050,4,22.0,INDNE,INDNO,44.99
2021,4,23.0,INDEA,INDNE,2.79
2022,4,23.0,INDEA,INDNE,2.86
2022,4,23.0,INDNE,INDNO,-0.29
2023,4,23.0,INDEA,INDNE,2.85
2024,4,23.0,INDEA,INDNE,-3.53
2024,4,23.0,INDNE,INDNO,3.0
2025,4,23.0,INDEA,INDNE,-3.53
2025,4,23.0,INDNE,INDNO,3.0
2025,4,23.0,INDSO,INDWE,-2.73
2026,4,23.0,INDEA,INDNE,-3.53
2026,4,23.0,INDNE,INDNO,3.0
2026,4,23.0,INDSO,INDWE,-3.08
2027,4,23.0,INDEA,INDNE,-3.53
2027,4,23.0,INDNE,INDNO,3.0
2027,4,23.0,INDSO,INDWE,-5.43
2028,4,23.0,INDEA,INDNE,-3.53
2028,4,23.0,INDNE,INDNO,3.0
2028,4,23.0,INDSO,INDWE,-8.49
2029,4,23.0,INDEA,INDNE,-3.53
2029,4,23.0,INDNE,INDNO,3.0
2029,4,23.0,INDSO,INDWE,-11.34
2030,4,23.0,INDEA,INDNE,-5.53
2030,4,23.0,INDEA,INDNO,0.63
2030,4,23.0,INDNE,INDNO,5.0
2030,4,23.0,INDSO,INDWE,-14.88
2031,4,23.0,INDEA,INDNE,-7.53
2031,4,23.0,INDNE,INDNO,7.0
2031,4,23.0,INDSO,INDWE,-4.75
2032,4,23.0,INDEA,INDNE,-9.53
2032,4,23.0,INDNE,INDNO,9.0
2032,4,23.0,INDSO,INDWE,-5.06
2033,4,23.0,INDEA,INDNE,-11.53
2033,4,23.0,INDNE,INDNO,11.0
2033,4,23.0,INDSO,INDWE,-5.35
2034,4,23.0,INDEA,INDNE,-13.53
2034,4,23.0,INDEA,INDSO,3.65
2034,4,23.0,INDNE,INDNO,13.0
2034,4,23.0,INDSO,INDWE,-1.89
2035,4,23.0,INDEA,INDNE,-15.53
2035,4,23.0,INDEA,INDSO,5.68
2035,4,23.0,INDEA,INDWE,0.34
2035,4,23.0,INDNE,INDNO,15.0
2036,4,23.0,INDEA,INDNE,-17.53
2036,4,23.0,INDEA,INDSO,5.79
2036,4,23.0,INDEA,INDWE,0.6
2036,4,23.0,INDNE,INDNO,17.0
2037,4,23.0,INDEA,INDNE,-19.53
2037,4,23.0,INDEA,INDSO,5.9
2037,4,23.0,INDEA,INDWE,0.87
2037,4,23.0,INDNE,INDNO,19.0
2038,4,23.0,INDEA,INDNE,-21.53
2038,4,23.0,INDEA,INDSO,6.0
2038,4,23.0,INDEA,INDWE,1.13
2038,4,23.0,INDNE,INDNO,21.0
2039,4,23.0,INDEA,INDNE,-23.53
2039,4,23.0,INDEA,INDSO,6.11
2039,4,23.0,INDEA,INDWE,1.39
2039,4,23.0,INDNE,INDNO,23.0
2040,4,23.0,INDEA,INDNE,-25.53
2040,4,23.0,INDEA,INDSO,6.22
2040,4,23.0,INDEA,INDWE,1.65
2040,4,23.0,INDNE,INDNO,25.0
2041,4,23.0,INDEA,INDNE,-27.52
2041,4,23.0,INDEA,INDSO,6.34
2041,4,23.0,INDEA,INDWE,1.94
2041,4,23.0,INDNE,INDNO,27.0
2042,4,23.0,INDEA,INDNE,-29.52
2042,4,23.0,INDEA,INDSO,6.46
2042,4,23.0,INDEA,INDWE,2.22
2042,4,23.0,INDNE,INDNO,28.99
2043,4,23.0,INDEA,INDNE,-31.52
2043,4,23.0,INDEA,INDSO,6.58
2043,4,23.0,INDEA,INDWE,2.5
2043,4,23.0,INDNE,INDNO,30.99
2044,4,23.0,INDEA,INDNE,-33.52
2044,4,23.0,INDEA,INDSO,6.65
2044,4,23.0,INDEA,INDWE,1.45
2044,4,23.0,INDNE,INDNO,32.99
2045,4,23.0,INDEA,INDNE,-35.52
2045,4,23.0,INDEA,INDSO,5.71
2045,4,23.0,INDNE,INDNO,34.99
2046,4,23.0,INDEA,INDNE,-37.52
2046,4,23.0,INDEA,INDSO,1.34
2046,4,23.0,INDNE,INDNO,36.99
2046,4,23.0,INDNO,INDWE,4.11
2047,4,23.0,INDEA,INDNE,-39.52
2047,4,23.0,INDEA,INDSO,0.65
2047,4,23.0,INDNE,INDNO,38.99
2047,4,23.0,INDNO,INDWE,0.31
2048,4,23.0,INDEA,INDNE,-41.52
2048,4,23.0,INDNE,INDNO,40.99
2049,4,23.0,INDEA,INDNE,-43.52
2049,4,23.0,INDNE,INDNO,42.99
2050,4,23.0,INDEA,INDNE,-45.52
2050,4,23.0,INDNE,INDNO,44.99
2021,4,24.0,INDEA,INDNE,2.79
2022,4,24.0,INDEA,INDNE,2.86
2022,4,24.0,INDNE,INDNO,-0.29
2023,4,24.0,INDEA,INDNE,2.85
2024,4,24.0,INDEA,INDNE,-3.53
2024,4,24.0,INDNE,INDNO,3.0
2025,4,24.0,INDEA,INDNE,-3.53
2025,4,24.0,INDNE,INDNO,3.0
2025,4,24.0,INDSO,INDWE,-2.73
2026,4,24.0,INDEA,INDNE,-3.53
2026,4,24.0,INDNE,INDNO,3.0
2026,4,24.0,INDSO,INDWE,-3.08
2027,4,24.0,INDEA,INDNE,-3.53
2027,4,24.0,INDNE,INDNO,3.0
2027,4,24.0,INDSO,INDWE,-5.43
2028,4,24.0,INDEA,INDNE,-3.53
2028,4,24.0,INDNE,INDNO,3.0
2028,4,24.0,INDSO,INDWE,-8.49
2029,4,24.0,INDEA,INDNE,-3.53
2029,4,24.0,INDNE,INDNO,3.0
2029,4,24.0,INDSO,INDWE,-11.34
2030,4,24.0,INDEA,INDNE,-5.53
2030,4,24.0,INDEA,INDNO,0.63
2030,4,24.0,INDNE,INDNO,5.0
2030,4,24.0,INDSO,INDWE,-14.88
2031,4,24.0,INDEA,INDNE,-7.53
2031,4,24.0,INDNE,INDNO,7.0
2031,4,24.0,INDSO,INDWE,-4.75
2032,4,24.0,INDEA,INDNE,-9.53
2032,4,24.0,INDNE,INDNO,9.0
2032,4,24.0,INDSO,INDWE,-5.06
2033,4,24.0,INDEA,INDNE,-11.53
2033,4,24.0,INDNE,INDNO,11.0
2033,4,24.0,INDSO,INDWE,-5.35
2034,4,24.0,INDEA,INDNE,-13.53
2034,4,24.0,INDEA,INDSO,3.65
2034,4,24.0,INDNE,INDNO,13.0
2034,4,24.0,INDSO,INDWE,-1.89
2035,4,24.0,INDEA,INDNE,-15.53
2035,4,24.0,INDEA,INDSO,5.68
2035,4,24.0,INDEA,INDWE,0.34
2035,4,24.0,INDNE,INDNO,15.0
2036,4,24.0,INDEA,INDNE,-17.53
2036,4,24.0,INDEA,INDSO,5.79
2036,4,24.0,INDEA,INDWE,0.6
2036,4,24.0,INDNE,INDNO,17.0
2037,4,24.0,INDEA,INDNE,-19.53
2037,4,24.0,INDEA,INDSO,5.9
2037,4,24.0,INDEA,INDWE,0.87
2037,4,24.0,INDNE,INDNO,19.0
2038,4,24.0,INDEA,INDNE,-21.53
2038,4,24.0,INDEA,INDSO,6.0
2038,4,24.0,INDEA,INDWE,1.13
2038,4,24.0,INDNE,INDNO,21.0
2039,4,24.0,INDEA,INDNE,-23.53
2039,4,24.0,INDEA,INDSO,6.11
2039,4,24.0,INDEA,INDWE,1.39
2039,4,24.0,INDNE,INDNO,23.0
2040,4,24.0,INDEA,INDNE,-25.53
2040,4,24.0,INDEA,INDSO,6.22
2040,4,24.0,INDEA,INDWE,1.65
2040,4,24.0,INDNE,INDNO,25.0
2041,4,24.0,INDEA,INDNE,-27.52
2041,4,24.0,INDEA,INDSO,6.34
2041,4,24.0,INDEA,INDWE,1.94
2041,4,24.0,INDNE,INDNO,27.0
2042,4,24.0,INDEA,INDNE,-29.52
2042,4,24.0,INDEA,INDSO,6.46
2042,4,24.0,INDEA,INDWE,2.22
2042,4,24.0,INDNE,INDNO,28.99
2043,4,24.0,INDEA,INDNE,-31.52
2043,4,24.0,INDEA,INDSO,6.58
2043,4,24.0,INDEA,INDWE,2.5
2043,4,24.0,INDNE,INDNO,30.99
2044,4,24.0,INDEA,INDNE,-33.52
2044,4,24.0,INDEA,INDSO,6.65
2044,4,24.0,INDEA,INDWE,1.45
2044,4,24.0,INDNE,INDNO,32.99
2045,4,24.0,INDEA,INDNE,-35.52
2045,4,24.0,INDEA,INDSO,5.71
2045,4,24.0,INDNE,INDNO,34.99
2046,4,24.0,INDEA,INDNE,-37.52
2046,4,24.0,INDEA,INDSO,1.34
2046,4,24.0,INDNE,INDNO,36.99
2046,4,24.0,INDNO,INDWE,4.11
2047,4,24.0,INDEA,INDNE,-39.52
2047,4,24.0,INDEA,INDSO,0.65
2047,4,24.0,INDNE,INDNO,38.99
2047,4,24.0,INDNO,INDWE,0.31
2048,4,24.0,INDEA,INDNE,-41.52
2048,4,24.0,INDNE,INDNO,40.99
2049,4,24.0,INDEA,INDNE,-43.52
2049,4,24.0,INDNE,INDNO,42.99
2050,4,24.0,INDEA,INDNE,-45.52
2050,4,24.0,INDNE,INDNO,44.99
2021,5,1.0,INDEA,INDNE,2.68
2022,5,1.0,INDEA,INDNE,2.86
2023,5,1.0,INDEA,INDNE,2.43
2024,5,1.0,INDEA,INDNE,-3.53
2024,5,1.0,INDNE,INDNO,3.0
2025,5,1.0,INDEA,INDNE,-3.53
2025,5,1.0,INDEA,INDNO,-4.54
2025,5,1.0,INDNE,INDNO,3.0
2025,5,1.0,INDNO,INDWE,12.63
2025,5,1.0,INDSO,INDWE,-15.66
2026,5,1.0,INDEA,INDNE,-3.53
2026,5,1.0,INDEA,INDNO,-5.34
2026,5,1.0,INDNE,INDNO,3.0
2026,5,1.0,INDNO,INDWE,9.96
2026,5,1.0,INDSO,INDWE,-12.83
2027,5,1.0,INDEA,INDNE,-3.53
2027,5,1.0,INDEA,INDNO,-6.34
2027,5,1.0,INDNE,INDNO,3.0
2027,5,1.0,INDNO,INDWE,6.96
2027,5,1.0,INDSO,INDWE,-7.91
2028,5,1.0,INDEA,INDNE,-3.53
2028,5,1.0,INDEA,INDNO,-8.19
2028,5,1.0,INDNE,INDNO,3.0
2028,5,1.0,INDNO,INDWE,4.24
2028,5,1.0,INDSO,INDWE,-3.48
2029,5,1.0,INDEA,INDNE,-3.53
2029,5,1.0,INDEA,INDNO,-9.21
2029,5,1.0,INDNE,INDNO,3.0
2029,5,1.0,INDNO,INDWE,0.77
2030,5,1.0,INDEA,INDNE,-5.53
2030,5,1.0,INDEA,INDNO,-8.16
2030,5,1.0,INDNE,INDNO,5.0
2030,5,1.0,INDNO,INDWE,2.19
2031,5,1.0,INDEA,INDNE,-7.53
2031,5,1.0,INDEA,INDNO,-5.83
2031,5,1.0,INDNE,INDNO,7.0
2032,5,1.0,INDEA,INDNE,-9.53
2032,5,1.0,INDEA,INDNO,-4.18
2032,5,1.0,INDNE,INDNO,9.0
2033,5,1.0,INDEA,INDNE,-11.53
2033,5,1.0,INDNE,INDNO,11.0
2034,5,1.0,INDEA,INDNE,-13.53
2034,5,1.0,INDNE,INDNO,13.0
2035,5,1.0,INDEA,INDNE,-15.53
2035,5,1.0,INDNE,INDNO,15.0
2036,5,1.0,INDEA,INDNE,-17.53
2036,5,1.0,INDNE,INDNO,17.0
2037,5,1.0,INDEA,INDNE,-19.53
2037,5,1.0,INDNE,INDNO,19.0
2038,5,1.0,INDEA,INDNE,-21.53
2038,5,1.0,INDNE,INDNO,21.0
2039,5,1.0,INDEA,INDNE,-23.53
2039,5,1.0,INDNE,INDNO,23.0
2040,5,1.0,INDEA,INDNE,-25.53
2040,5,1.0,INDNE,INDNO,25.0
2041,5,1.0,INDEA,INDNE,-27.52
2041,5,1.0,INDNE,INDNO,27.0
2042,5,1.0,INDEA,INDNE,-29.52
2042,5,1.0,INDNE,INDNO,28.99
2043,5,1.0,INDEA,INDNE,-31.52
2043,5,1.0,INDNE,INDNO,30.99
2044,5,1.0,INDEA,INDNE,-33.52
2044,5,1.0,INDNE,INDNO,32.99
2045,5,1.0,INDEA,INDNE,-35.52
2045,5,1.0,INDNE,INDNO,34.99
2045,5,1.0,INDSO,INDWE,-9.88
2046,5,1.0,INDEA,INDNE,-37.52
2046,5,1.0,INDNE,INDNO,30.39
2046,5,1.0,INDSO,INDWE,-16.42
2047,5,1.0,INDEA,INDNE,-39.52
2047,5,1.0,INDNE,INDNO,28.8
2047,5,1.0,INDSO,INDWE,-25.25
2048,5,1.0,INDEA,INDNE,-41.52
2048,5,1.0,INDEA,INDSO,1.18
2048,5,1.0,INDNE,INDNO,32.89
2048,5,1.0,INDSO,INDWE,-30.11
2049,5,1.0,INDEA,INDNE,-43.52
2049,5,1.0,INDEA,INDSO,7.83
2049,5,1.0,INDNE,INDNO,34.01
2049,5,1.0,INDSO,INDWE,-32.11
2050,5,1.0,INDEA,INDNE,-45.52
2050,5,1.0,INDEA,INDSO,7.94
2050,5,1.0,INDNE,INDNO,35.54
2050,5,1.0,INDSO,INDWE,-34.11
2021,5,2.0,INDEA,INDNE,2.68
2022,5,2.0,INDEA,INDNE,2.86
2023,5,2.0,INDEA,INDNE,2.43
2024,5,2.0,INDEA,INDNE,-3.53
2024,5,2.0,INDNE,INDNO,3.0
2025,5,2.0,INDEA,INDNE,-3.53
2025,5,2.0,INDEA,INDNO,-4.54
2025,5,2.0,INDNE,INDNO,3.0
2025,5,2.0,INDNO,INDWE,12.63
2025,5,2.0,INDSO,INDWE,-15.66
2026,5,2.0,INDEA,INDNE,-3.53
2026,5,2.0,INDEA,INDNO,-5.34
2026,5,2.0,INDNE,INDNO,3.0
2026,5,2.0,INDNO,INDWE,9.96
2026,5,2.0,INDSO,INDWE,-12.83
2027,5,2.0,INDEA,INDNE,-3.53
2027,5,2.0,INDEA,INDNO,-6.34
2027,5,2.0,INDNE,INDNO,3.0
2027,5,2.0,INDNO,INDWE,6.96
2027,5,2.0,INDSO,INDWE,-7.91
2028,5,2.0,INDEA,INDNE,-3.53
2028,5,2.0,INDEA,INDNO,-8.19
2028,5,2.0,INDNE,INDNO,3.0
2028,5,2.0,INDNO,INDWE,4.24
2028,5,2.0,INDSO,INDWE,-3.48
2029,5,2.0,INDEA,INDNE,-3.53
2029,5,2.0,INDEA,INDNO,-9.21
2029,5,2.0,INDNE,INDNO,3.0
2029,5,2.0,INDNO,INDWE,0.77
2030,5,2.0,INDEA,INDNE,-5.53
2030,5,2.0,INDEA,INDNO,-8.16
2030,5,2.0,INDNE,INDNO,5.0
2030,5,2.0,INDNO,INDWE,2.19
2031,5,2.0,INDEA,INDNE,-7.53
2031,5,2.0,INDEA,INDNO,-5.83
2031,5,2.0,INDNE,INDNO,7.0
2032,5,2.0,INDEA,INDNE,-9.53
2032,5,2.0,INDEA,INDNO,-4.18
2032,5,2.0,INDNE,INDNO,9.0
2033,5,2.0,INDEA,INDNE,-11.53
2033,5,2.0,INDNE,INDNO,11.0
2034,5,2.0,INDEA,INDNE,-13.53
2034,5,2.0,INDNE,INDNO,13.0
2035,5,2.0,INDEA,INDNE,-15.53
2035,5,2.0,INDNE,INDNO,15.0
2036,5,2.0,INDEA,INDNE,-17.53
2036,5,2.0,INDNE,INDNO,17.0
2037,5,2.0,INDEA,INDNE,-19.53
2037,5,2.0,INDNE,INDNO,19.0
2038,5,2.0,INDEA,INDNE,-21.53
2038,5,2.0,INDNE,INDNO,21.0
2039,5,2.0,INDEA,INDNE,-23.53
2039,5,2.0,INDNE,INDNO,23.0
2040,5,2.0,INDEA,INDNE,-25.53
2040,5,2.0,INDNE,INDNO,25.0
2041,5,2.0,INDEA,INDNE,-27.52
2041,5,2.0,INDNE,INDNO,27.0
2042,5,2.0,INDEA,INDNE,-29.52
2042,5,2.0,INDNE,INDNO,28.99
2043,5,2.0,INDEA,INDNE,-31.52
2043,5,2.0,INDNE,INDNO,30.99
2044,5,2.0,INDEA,INDNE,-33.52
2044,5,2.0,INDNE,INDNO,32.99
2045,5,2.0,INDEA,INDNE,-35.52
2045,5,2.0,INDNE,INDNO,34.99
2045,5,2.0,INDSO,INDWE,-9.88
2046,5,2.0,INDEA,INDNE,-37.52
2046,5,2.0,INDNE,INDNO,30.39
2046,5,2.0,INDSO,INDWE,-16.42
2047,5,2.0,INDEA,INDNE,-39.52
2047,5,2.0,INDNE,INDNO,28.8
2047,5,2.0,INDSO,INDWE,-25.25
2048,5,2.0,INDEA,INDNE,-41.52
2048,5,2.0,INDEA,INDSO,1.18
2048,5,2.0,INDNE,INDNO,32.89
2048,5,2.0,INDSO,INDWE,-30.11
2049,5,2.0,INDEA,INDNE,-43.52
2049,5,2.0,INDEA,INDSO,7.83
2049,5,2.0,INDNE,INDNO,34.01
2049,5,2.0,INDSO,INDWE,-32.11
2050,5,2.0,INDEA,INDNE,-45.52
2050,5,2.0,INDEA,INDSO,7.94
2050,5,2.0,INDNE,INDNO,35.54
2050,5,2.0,INDSO,INDWE,-34.11
2021,5,3.0,INDEA,INDNE,2.68
2022,5,3.0,INDEA,INDNE,2.86
2023,5,3.0,INDEA,INDNE,2.43
2024,5,3.0,INDEA,INDNE,-3.53
2024,5,3.0,INDNE,INDNO,3.0
2025,5,3.0,INDEA,INDNE,-3.53
2025,5,3.0,INDEA,INDNO,-4.54
2025,5,3.0,INDNE,INDNO,3.0
2025,5,3.0,INDNO,INDWE,12.63
2025,5,3.0,INDSO,INDWE,-15.66
2026,5,3.0,INDEA,INDNE,-3.53
2026,5,3.0,INDEA,INDNO,-5.34
2026,5,3.0,INDNE,INDNO,3.0
2026,5,3.0,INDNO,INDWE,9.96
2026,5,3.0,INDSO,INDWE,-12.83
2027,5,3.0,INDEA,INDNE,-3.53
2027,5,3.0,INDEA,INDNO,-6.34
2027,5,3.0,INDNE,INDNO,3.0
2027,5,3.0,INDNO,INDWE,6.96
2027,5,3.0,INDSO,INDWE,-7.91
2028,5,3.0,INDEA,INDNE,-3.53
2028,5,3.0,INDEA,INDNO,-8.19
2028,5,3.0,INDNE,INDNO,3.0
2028,5,3.0,INDNO,INDWE,4.24
2028,5,3.0,INDSO,INDWE,-3.48
2029,5,3.0,INDEA,INDNE,-3.53
2029,5,3.0,INDEA,INDNO,-9.21
2029,5,3.0,INDNE,INDNO,3.0
2029,5,3.0,INDNO,INDWE,0.77
2030,5,3.0,INDEA,INDNE,-5.53
2030,5,3.0,INDEA,INDNO,-8.16
2030,5,3.0,INDNE,INDNO,5.0
2030,5,3.0,INDNO,INDWE,2.19
2031,5,3.0,INDEA,INDNE,-7.53
2031,5,3.0,INDEA,INDNO,-5.83
2031,5,3.0,INDNE,INDNO,7.0
2032,5,3.0,INDEA,INDNE,-9.53
2032,5,3.0,INDEA,INDNO,-4.18
2032,5,3.0,INDNE,INDNO,9.0
2033,5,3.0,INDEA,INDNE,-11.53
2033,5,3.0,INDNE,INDNO,11.0
2034,5,3.0,INDEA,INDNE,-13.53
2034,5,3.0,INDNE,INDNO,13.0
2035,5,3.0,INDEA,INDNE,-15.53
2035,5,3.0,INDNE,INDNO,15.0
2036,5,3.0,INDEA,INDNE,-17.53
2036,5,3.0,INDNE,INDNO,17.0
2037,5,3.0,INDEA,INDNE,-19.53
2037,5,3.0,INDNE,INDNO,19.0
2038,5,3.0,INDEA,INDNE,-21.53
2038,5,3.0,INDNE,INDNO,21.0
2039,5,3.0,INDEA,INDNE,-23.53
2039,5,3.0,INDNE,INDNO,23.0
2040,5,3.0,INDEA,INDNE,-25.53
2040,5,3.0,INDNE,INDNO,25.0
2041,5,3.0,INDEA,INDNE,-27.52
2041,5,3.0,INDNE,INDNO,27.0
2042,5,3.0,INDEA,INDNE,-29.52
2042,5,3.0,INDNE,INDNO,28.99
2043,5,3.0,INDEA,INDNE,-31.52
2043,5,3.0,INDNE,INDNO,30.99
2044,5,3.0,INDEA,INDNE,-33.52
2044,5,3.0,INDNE,INDNO,32.99
2045,5,3.0,INDEA,INDNE,-35.52
2045,5,3.0,INDNE,INDNO,34.99
2045,5,3.0,INDSO,INDWE,-9.88
2046,5,3.0,INDEA,INDNE,-37.52
2046,5,3.0,INDNE,INDNO,30.39
2046,5,3.0,INDSO,INDWE,-16.42
2047,5,3.0,INDEA,INDNE,-39.52
2047,5,3.0,INDNE,INDNO,28.8
2047,5,3.0,INDSO,INDWE,-25.25
2048,5,3.0,INDEA,INDNE,-41.52
2048,5,3.0,INDEA,INDSO,1.18
2048,5,3.0,INDNE,INDNO,32.89
2048,5,3.0,INDSO,INDWE,-30.11
2049,5,3.0,INDEA,INDNE,-43.52
2049,5,3.0,INDEA,INDSO,7.83
2049,5,3.0,INDNE,INDNO,34.01
2049,5,3.0,INDSO,INDWE,-32.11
2050,5,3.0,INDEA,INDNE,-45.52
2050,5,3.0,INDEA,INDSO,7.94
2050,5,3.0,INDNE,INDNO,35.54
2050,5,3.0,INDSO,INDWE,-34.11
2021,5,4.0,INDEA,INDNE,2.68
2022,5,4.0,INDEA,INDNE,2.86
2023,5,4.0,INDEA,INDNE,2.43
2024,5,4.0,INDEA,INDNE,-3.53
2024,5,4.0,INDNE,INDNO,3.0
2025,5,4.0,INDEA,INDNE,-3.53
2025,5,4.0,INDEA,INDNO,-4.54
2025,5,4.0,INDNE,INDNO,3.0
2025,5,4.0,INDNO,INDWE,12.63
2025,5,4.0,INDSO,INDWE,-15.66
2026,5,4.0,INDEA,INDNE,-3.53
2026,5,4.0,INDEA,INDNO,-5.34
2026,5,4.0,INDNE,INDNO,3.0
2026,5,4.0,INDNO,INDWE,9.96
2026,5,4.0,INDSO,INDWE,-12.83
2027,5,4.0,INDEA,INDNE,-3.53
2027,5,4.0,INDEA,INDNO,-6.34
2027,5,4.0,INDNE,INDNO,3.0
2027,5,4.0,INDNO,INDWE,6.96
2027,5,4.0,INDSO,INDWE,-7.91
2028,5,4.0,INDEA,INDNE,-3.53
2028,5,4.0,INDEA,INDNO,-8.19
2028,5,4.0,INDNE,INDNO,3.0
2028,5,4.0,INDNO,INDWE,4.24
2028,5,4.0,INDSO,INDWE,-3.48
2029,5,4.0,INDEA,INDNE,-3.53
2029,5,4.0,INDEA,INDNO,-9.21
2029,5,4.0,INDNE,INDNO,3.0
2029,5,4.0,INDNO,INDWE,0.77
2030,5,4.0,INDEA,INDNE,-5.53
2030,5,4.0,INDEA,INDNO,-8.16
2030,5,4.0,INDNE,INDNO,5.0
2030,5,4.0,INDNO,INDWE,2.19
2031,5,4.0,INDEA,INDNE,-7.53
2031,5,4.0,INDEA,INDNO,-5.83
2031,5,4.0,INDNE,INDNO,7.0
2032,5,4.0,INDEA,INDNE,-9.53
2032,5,4.0,INDEA,INDNO,-4.18
2032,5,4.0,INDNE,INDNO,9.0
2033,5,4.0,INDEA,INDNE,-11.53
2033,5,4.0,INDNE,INDNO,11.0
2034,5,4.0,INDEA,INDNE,-13.53
2034,5,4.0,INDNE,INDNO,13.0
2035,5,4.0,INDEA,INDNE,-15.53
2035,5,4.0,INDNE,INDNO,15.0
2036,5,4.0,INDEA,INDNE,-17.53
2036,5,4.0,INDNE,INDNO,17.0
2037,5,4.0,INDEA,INDNE,-19.53
2037,5,4.0,INDNE,INDNO,19.0
2038,5,4.0,INDEA,INDNE,-21.53
2038,5,4.0,INDNE,INDNO,21.0
2039,5,4.0,INDEA,INDNE,-23.53
2039,5,4.0,INDNE,INDNO,23.0
2040,5,4.0,INDEA,INDNE,-25.53
2040,5,4.0,INDNE,INDNO,25.0
2041,5,4.0,INDEA,INDNE,-27.52
2041,5,4.0,INDNE,INDNO,27.0
2042,5,4.0,INDEA,INDNE,-29.52
2042,5,4.0,INDNE,INDNO,28.99
2043,5,4.0,INDEA,INDNE,-31.52
2043,5,4.0,INDNE,INDNO,30.99
2044,5,4.0,INDEA,INDNE,-33.52
2044,5,4.0,INDNE,INDNO,32.99
2045,5,4.0,INDEA,INDNE,-35.52
2045,5,4.0,INDNE,INDNO,34.99
2045,5,4.0,INDSO,INDWE,-9.88
2046,5,4.0,INDEA,INDNE,-37.52
2046,5,4.0,INDNE,INDNO,30.39
2046,5,4.0,INDSO,INDWE,-16.42
2047,5,4.0,INDEA,INDNE,-39.52
2047,5,4.0,INDNE,INDNO,28.8
2047,5,4.0,INDSO,INDWE,-25.25
2048,5,4.0,INDEA,INDNE,-41.52
2048,5,4.0,INDEA,INDSO,1.18
2048,5,4.0,INDNE,INDNO,32.89
2048,5,4.0,INDSO,INDWE,-30.11
2049,5,4.0,INDEA,INDNE,-43.52
2049,5,4.0,INDEA,INDSO,7.83
2049,5,4.0,INDNE,INDNO,34.01
2049,5,4.0,INDSO,INDWE,-32.11
2050,5,4.0,INDEA,INDNE,-45.52
2050,5,4.0,INDEA,INDSO,7.94
2050,5,4.0,INDNE,INDNO,35.54
2050,5,4.0,INDSO,INDWE,-34.11
2021,5,5.0,INDEA,INDNE,2.68
2022,5,5.0,INDEA,INDNE,2.86
2023,5,5.0,INDEA,INDNE,2.43
2024,5,5.0,INDEA,INDNE,-3.53
2024,5,5.0,INDNE,INDNO,3.0
2025,5,5.0,INDEA,INDNE,-3.53
2025,5,5.0,INDEA,INDNO,-4.54
2025,5,5.0,INDNE,INDNO,3.0
2025,5,5.0,INDNO,INDWE,12.63
2025,5,5.0,INDSO,INDWE,-15.66
2026,5,5.0,INDEA,INDNE,-3.53
2026,5,5.0,INDEA,INDNO,-5.34
2026,5,5.0,INDNE,INDNO,3.0
2026,5,5.0,INDNO,INDWE,9.96
2026,5,5.0,INDSO,INDWE,-12.83
2027,5,5.0,INDEA,INDNE,-3.53
2027,5,5.0,INDEA,INDNO,-6.34
2027,5,5.0,INDNE,INDNO,3.0
2027,5,5.0,INDNO,INDWE,6.96
2027,5,5.0,INDSO,INDWE,-7.91
2028,5,5.0,INDEA,INDNE,-3.53
2028,5,5.0,INDEA,INDNO,-8.19
2028,5,5.0,INDNE,INDNO,3.0
2028,5,5.0,INDNO,INDWE,4.24
2028,5,5.0,INDSO,INDWE,-3.48
2029,5,5.0,INDEA,INDNE,-3.53
2029,5,5.0,INDEA,INDNO,-9.21
2029,5,5.0,INDNE,INDNO,3.0
2029,5,5.0,INDNO,INDWE,0.77
2030,5,5.0,INDEA,INDNE,-5.53
2030,5,5.0,INDEA,INDNO,-8.16
2030,5,5.0,INDNE,INDNO,5.0
2030,5,5.0,INDNO,INDWE,2.19
2031,5,5.0,INDEA,INDNE,-7.53
2031,5,5.0,INDEA,INDNO,-5.83
2031,5,5.0,INDNE,INDNO,7.0
2032,5,5.0,INDEA,INDNE,-9.53
2032,5,5.0,INDEA,INDNO,-4.18
2032,5,5.0,INDNE,INDNO,9.0
2033,5,5.0,INDEA,INDNE,-11.53
2033,5,5.0,INDNE,INDNO,11.0
2034,5,5.0,INDEA,INDNE,-13.53
2034,5,5.0,INDNE,INDNO,13.0
2035,5,5.0,INDEA,INDNE,-15.53
2035,5,5.0,INDNE,INDNO,15.0
2036,5,5.0,INDEA,INDNE,-17.53
2036,5,5.0,INDNE,INDNO,17.0
2037,5,5.0,INDEA,INDNE,-19.53
2037,5,5.0,INDNE,INDNO,19.0
2038,5,5.0,INDEA,INDNE,-21.53
2038,5,5.0,INDNE,INDNO,21.0
2039,5,5.0,INDEA,INDNE,-23.53
2039,5,5.0,INDNE,INDNO,23.0
2040,5,5.0,INDEA,INDNE,-25.53
2040,5,5.0,INDNE,INDNO,25.0
2041,5,5.0,INDEA,INDNE,-27.52
2041,5,5.0,INDNE,INDNO,27.0
2042,5,5.0,INDEA,INDNE,-29.52
2042,5,5.0,INDNE,INDNO,28.99
2043,5,5.0,INDEA,INDNE,-31.52
2043,5,5.0,INDNE,INDNO,30.99
2044,5,5.0,INDEA,INDNE,-33.52
2044,5,5.0,INDNE,INDNO,32.99
2045,5,5.0,INDEA,INDNE,-35.52
2045,5,5.0,INDNE,INDNO,34.99
2045,5,5.0,INDSO,INDWE,-9.88
2046,5,5.0,INDEA,INDNE,-37.52
2046,5,5.0,INDNE,INDNO,30.39
2046,5,5.0,INDSO,INDWE,-16.42
2047,5,5.0,INDEA,INDNE,-39.52
2047,5,5.0,INDNE,INDNO,28.8
2047,5,5.0,INDSO,INDWE,-25.25
2048,5,5.0,INDEA,INDNE,-41.52
2048,5,5.0,INDEA,INDSO,1.18
2048,5,5.0,INDNE,INDNO,32.89
2048,5,5.0,INDSO,INDWE,-30.11
2049,5,5.0,INDEA,INDNE,-43.52
2049,5,5.0,INDEA,INDSO,7.83
2049,5,5.0,INDNE,INDNO,34.01
2049,5,5.0,INDSO,INDWE,-32.11
2050,5,5.0,INDEA,INDNE,-45.52
2050,5,5.0,INDEA,INDSO,7.94
2050,5,5.0,INDNE,INDNO,35.54
2050,5,5.0,INDSO,INDWE,-34.11
2021,5,6.0,INDEA,INDNE,2.68
2022,5,6.0,INDEA,INDNE,2.86
2023,5,6.0,INDEA,INDNE,2.43
2024,5,6.0,INDEA,INDNE,-3.53
2024,5,6.0,INDNE,INDNO,3.0
2025,5,6.0,INDEA,INDNE,-3.53
2025,5,6.0,INDEA,INDNO,-4.54
2025,5,6.0,INDNE,INDNO,3.0
2025,5,6.0,INDNO,INDWE,12.63
2025,5,6.0,INDSO,INDWE,-15.66
2026,5,6.0,INDEA,INDNE,-3.53
2026,5,6.0,INDEA,INDNO,-5.34
2026,5,6.0,INDNE,INDNO,3.0
2026,5,6.0,INDNO,INDWE,9.96
2026,5,6.0,INDSO,INDWE,-12.83
2027,5,6.0,INDEA,INDNE,-3.53
2027,5,6.0,INDEA,INDNO,-6.34
2027,5,6.0,INDNE,INDNO,3.0
2027,5,6.0,INDNO,INDWE,6.96
2027,5,6.0,INDSO,INDWE,-7.91
2028,5,6.0,INDEA,INDNE,-3.53
2028,5,6.0,INDEA,INDNO,-8.19
2028,5,6.0,INDNE,INDNO,3.0
2028,5,6.0,INDNO,INDWE,4.24
2028,5,6.0,INDSO,INDWE,-3.48
2029,5,6.0,INDEA,INDNE,-3.53
2029,5,6.0,INDEA,INDNO,-9.21
2029,5,6.0,INDNE,INDNO,3.0
2029,5,6.0,INDNO,INDWE,0.77
2030,5,6.0,INDEA,INDNE,-5.53
2030,5,6.0,INDEA,INDNO,-8.16
2030,5,6.0,INDNE,INDNO,5.0
2030,5,6.0,INDNO,INDWE,2.19
2031,5,6.0,INDEA,INDNE,-7.53
2031,5,6.0,INDEA,INDNO,-5.83
2031,5,6.0,INDNE,INDNO,7.0
2032,5,6.0,INDEA,INDNE,-9.53
2032,5,6.0,INDEA,INDNO,-4.18
2032,5,6.0,INDNE,INDNO,9.0
2033,5,6.0,INDEA,INDNE,-11.53
2033,5,6.0,INDNE,INDNO,11.0
2034,5,6.0,INDEA,INDNE,-13.53
2034,5,6.0,INDNE,INDNO,13.0
2035,5,6.0,INDEA,INDNE,-15.53
2035,5,6.0,INDNE,INDNO,15.0
2036,5,6.0,INDEA,INDNE,-17.53
2036,5,6.0,INDNE,INDNO,17.0
2037,5,6.0,INDEA,INDNE,-19.53
2037,5,6.0,INDNE,INDNO,19.0
2038,5,6.0,INDEA,INDNE,-21.53
2038,5,6.0,INDNE,INDNO,21.0
2039,5,6.0,INDEA,INDNE,-23.53
2039,5,6.0,INDNE,INDNO,23.0
2040,5,6.0,INDEA,INDNE,-25.53
2040,5,6.0,INDNE,INDNO,25.0
2041,5,6.0,INDEA,INDNE,-27.52
2041,5,6.0,INDNE,INDNO,27.0
2042,5,6.0,INDEA,INDNE,-29.52
2042,5,6.0,INDNE,INDNO,28.99
2043,5,6.0,INDEA,INDNE,-31.52
2043,5,6.0,INDNE,INDNO,30.99
2044,5,6.0,INDEA,INDNE,-33.52
2044,5,6.0,INDNE,INDNO,32.99
2045,5,6.0,INDEA,INDNE,-35.52
2045,5,6.0,INDNE,INDNO,34.99
2045,5,6.0,INDSO,INDWE,-9.88
2046,5,6.0,INDEA,INDNE,-37.52
2046,5,6.0,INDNE,INDNO,30.39
2046,5,6.0,INDSO,INDWE,-16.42
2047,5,6.0,INDEA,INDNE,-39.52
2047,5,6.0,INDNE,INDNO,28.8
2047,5,6.0,INDSO,INDWE,-25.25
2048,5,6.0,INDEA,INDNE,-41.52
2048,5,6.0,INDEA,INDSO,1.18
2048,5,6.0,INDNE,INDNO,32.89
2048,5,6.0,INDSO,INDWE,-30.11
2049,5,6.0,INDEA,INDNE,-43.52
2049,5,6.0,INDEA,INDSO,7.83
2049,5,6.0,INDNE,INDNO,34.01
2049,5,6.0,INDSO,INDWE,-32.11
2050,5,6.0,INDEA,INDNE,-45.52
2050,5,6.0,INDEA,INDSO,7.94
2050,5,6.0,INDNE,INDNO,35.54
2050,5,6.0,INDSO,INDWE,-34.11
2021,5,7.0,INDEA,INDNE,2.68
2022,5,7.0,INDEA,INDNE,2.86
2023,5,7.0,INDEA,INDNE,2.43
2024,5,7.0,INDEA,INDNE,-3.53
2024,5,7.0,INDNE,INDNO,3.0
2025,5,7.0,INDEA,INDNE,-3.53
2025,5,7.0,INDEA,INDNO,-4.54
2025,5,7.0,INDNE,INDNO,3.0
2025,5,7.0,INDNO,INDWE,12.63
2025,5,7.0,INDSO,INDWE,-15.66
2026,5,7.0,INDEA,INDNE,-3.53
2026,5,7.0,INDEA,INDNO,-5.34
2026,5,7.0,INDNE,INDNO,3.0
2026,5,7.0,INDNO,INDWE,9.96
2026,5,7.0,INDSO,INDWE,-12.83
2027,5,7.0,INDEA,INDNE,-3.53
2027,5,7.0,INDEA,INDNO,-6.34
2027,5,7.0,INDNE,INDNO,3.0
2027,5,7.0,INDNO,INDWE,6.96
2027,5,7.0,INDSO,INDWE,-7.91
2028,5,7.0,INDEA,INDNE,-3.53
2028,5,7.0,INDEA,INDNO,-8.19
2028,5,7.0,INDNE,INDNO,3.0
2028,5,7.0,INDNO,INDWE,4.24
2028,5,7.0,INDSO,INDWE,-3.48
2029,5,7.0,INDEA,INDNE,-3.53
2029,5,7.0,INDEA,INDNO,-9.21
2029,5,7.0,INDNE,INDNO,3.0
2029,5,7.0,INDNO,INDWE,0.77
2030,5,7.0,INDEA,INDNE,-5.53
2030,5,7.0,INDEA,INDNO,-8.16
2030,5,7.0,INDNE,INDNO,5.0
2030,5,7.0,INDNO,INDWE,2.19
2031,5,7.0,INDEA,INDNE,-7.53
2031,5,7.0,INDEA,INDNO,-5.83
2031,5,7.0,INDNE,INDNO,7.0
2032,5,7.0,INDEA,INDNE,-9.53
2032,5,7.0,INDEA,INDNO,-4.18
2032,5,7.0,INDNE,INDNO,9.0
2033,5,7.0,INDEA,INDNE,-11.53
2033,5,7.0,INDNE,INDNO,11.0
2034,5,7.0,INDEA,INDNE,-13.53
2034,5,7.0,INDNE,INDNO,13.0
2035,5,7.0,INDEA,INDNE,-15.53
2035,5,7.0,INDNE,INDNO,15.0
2036,5,7.0,INDEA,INDNE,-17.53
2036,5,7.0,INDNE,INDNO,17.0
2037,5,7.0,INDEA,INDNE,-19.53
2037,5,7.0,INDNE,INDNO,19.0
2038,5,7.0,INDEA,INDNE,-21.53
2038,5,7.0,INDNE,INDNO,21.0
2039,5,7.0,INDEA,INDNE,-23.53
2039,5,7.0,INDNE,INDNO,23.0
2040,5,7.0,INDEA,INDNE,-25.53
2040,5,7.0,INDNE,INDNO,25.0
2041,5,7.0,INDEA,INDNE,-27.52
2041,5,7.0,INDNE,INDNO,27.0
2042,5,7.0,INDEA,INDNE,-29.52
2042,5,7.0,INDNE,INDNO,28.99
2043,5,7.0,INDEA,INDNE,-31.52
2043,5,7.0,INDNE,INDNO,30.99
2044,5,7.0,INDEA,INDNE,-33.52
2044,5,7.0,INDNE,INDNO,32.99
2045,5,7.0,INDEA,INDNE,-35.52
2045,5,7.0,INDNE,INDNO,34.99
2045,5,7.0,INDSO,INDWE,-9.88
2046,5,7.0,INDEA,INDNE,-37.52
2046,5,7.0,INDNE,INDNO,30.39
2046,5,7.0,INDSO,INDWE,-16.42
2047,5,7.0,INDEA,INDNE,-39.52
2047,5,7.0,INDNE,INDNO,28.8
2047,5,7.0,INDSO,INDWE,-25.25
2048,5,7.0,INDEA,INDNE,-41.52
2048,5,7.0,INDEA,INDSO,1.18
2048,5,7.0,INDNE,INDNO,32.89
2048,5,7.0,INDSO,INDWE,-30.11
2049,5,7.0,INDEA,INDNE,-43.52
2049,5,7.0,INDEA,INDSO,7.83
2049,5,7.0,INDNE,INDNO,34.01
2049,5,7.0,INDSO,INDWE,-32.11
2050,5,7.0,INDEA,INDNE,-45.52
2050,5,7.0,INDEA,INDSO,7.94
2050,5,7.0,INDNE,INDNO,35.54
2050,5,7.0,INDSO,INDWE,-34.11
2021,5,8.0,INDEA,INDNE,2.68
2022,5,8.0,INDEA,INDNE,2.86
2023,5,8.0,INDEA,INDNE,2.43
2024,5,8.0,INDEA,INDNE,-3.53
2024,5,8.0,INDNE,INDNO,3.0
2025,5,8.0,INDEA,INDNE,-3.53
2025,5,8.0,INDEA,INDNO,-4.54
2025,5,8.0,INDNE,INDNO,3.0
2025,5,8.0,INDNO,INDWE,12.63
2025,5,8.0,INDSO,INDWE,-15.66
2026,5,8.0,INDEA,INDNE,-3.53
2026,5,8.0,INDEA,INDNO,-5.34
2026,5,8.0,INDNE,INDNO,3.0
2026,5,8.0,INDNO,INDWE,9.96
2026,5,8.0,INDSO,INDWE,-12.83
2027,5,8.0,INDEA,INDNE,-3.53
2027,5,8.0,INDEA,INDNO,-6.34
2027,5,8.0,INDNE,INDNO,3.0
2027,5,8.0,INDNO,INDWE,6.96
2027,5,8.0,INDSO,INDWE,-7.91
2028,5,8.0,INDEA,INDNE,-3.53
2028,5,8.0,INDEA,INDNO,-8.19
2028,5,8.0,INDNE,INDNO,3.0
2028,5,8.0,INDNO,INDWE,4.24
2028,5,8.0,INDSO,INDWE,-3.48
2029,5,8.0,INDEA,INDNE,-3.53
2029,5,8.0,INDEA,INDNO,-9.21
2029,5,8.0,INDNE,INDNO,3.0
2029,5,8.0,INDNO,INDWE,0.77
2030,5,8.0,INDEA,INDNE,-5.53
2030,5,8.0,INDEA,INDNO,-8.16
2030,5,8.0,INDNE,INDNO,5.0
2030,5,8.0,INDNO,INDWE,2.19
2031,5,8.0,INDEA,INDNE,-7.53
2031,5,8.0,INDEA,INDNO,-5.83
2031,5,8.0,INDNE,INDNO,7.0
2032,5,8.0,INDEA,INDNE,-9.53
2032,5,8.0,INDEA,INDNO,-4.18
2032,5,8.0,INDNE,INDNO,9.0
2033,5,8.0,INDEA,INDNE,-11.53
2033,5,8.0,INDNE,INDNO,11.0
2034,5,8.0,INDEA,INDNE,-13.53
2034,5,8.0,INDNE,INDNO,13.0
2035,5,8.0,INDEA,INDNE,-15.53
2035,5,8.0,INDNE,INDNO,15.0
2036,5,8.0,INDEA,INDNE,-17.53
2036,5,8.0,INDNE,INDNO,17.0
2037,5,8.0,INDEA,INDNE,-19.53
2037,5,8.0,INDNE,INDNO,19.0
2038,5,8.0,INDEA,INDNE,-21.53
2038,5,8.0,INDNE,INDNO,21.0
2039,5,8.0,INDEA,INDNE,-23.53
2039,5,8.0,INDNE,INDNO,23.0
2040,5,8.0,INDEA,INDNE,-25.53
2040,5,8.0,INDNE,INDNO,25.0
2041,5,8.0,INDEA,INDNE,-27.52
2041,5,8.0,INDNE,INDNO,27.0
2042,5,8.0,INDEA,INDNE,-29.52
2042,5,8.0,INDNE,INDNO,28.99
2043,5,8.0,INDEA,INDNE,-31.52
2043,5,8.0,INDNE,INDNO,30.99
2044,5,8.0,INDEA,INDNE,-33.52
2044,5,8.0,INDNE,INDNO,32.99
2045,5,8.0,INDEA,INDNE,-35.52
2045,5,8.0,INDNE,INDNO,34.99
2045,5,8.0,INDSO,INDWE,-9.88
2046,5,8.0,INDEA,INDNE,-37.52
2046,5,8.0,INDNE,INDNO,30.39
2046,5,8.0,INDSO,INDWE,-16.42
2047,5,8.0,INDEA,INDNE,-39.52
2047,5,8.0,INDNE,INDNO,28.8
2047,5,8.0,INDSO,INDWE,-25.25
2048,5,8.0,INDEA,INDNE,-41.52
2048,5,8.0,INDEA,INDSO,1.18
2048,5,8.0,INDNE,INDNO,32.89
2048,5,8.0,INDSO,INDWE,-30.11
2049,5,8.0,INDEA,INDNE,-43.52
2049,5,8.0,INDEA,INDSO,7.83
2049,5,8.0,INDNE,INDNO,34.01
2049,5,8.0,INDSO,INDWE,-32.11
2050,5,8.0,INDEA,INDNE,-45.52
2050,5,8.0,INDEA,INDSO,7.94
2050,5,8.0,INDNE,INDNO,35.54
2050,5,8.0,INDSO,INDWE,-34.11
2021,5,9.0,INDEA,INDNE,2.68
2022,5,9.0,INDEA,INDNE,2.86
2023,5,9.0,INDEA,INDNE,2.43
2024,5,9.0,INDEA,INDNE,-3.53
2024,5,9.0,INDNE,INDNO,3.0
2025,5,9.0,INDEA,INDNE,-3.53
2025,5,9.0,INDEA,INDNO,-4.54
2025,5,9.0,INDNE,INDNO,3.0
2025,5,9.0,INDNO,INDWE,12.63
2025,5,9.0,INDSO,INDWE,-15.66
2026,5,9.0,INDEA,INDNE,-3.53
2026,5,9.0,INDEA,INDNO,-5.34
2026,5,9.0,INDNE,INDNO,3.0
2026,5,9.0,INDNO,INDWE,9.96
2026,5,9.0,INDSO,INDWE,-12.83
2027,5,9.0,INDEA,INDNE,-3.53
2027,5,9.0,INDEA,INDNO,-6.34
2027,5,9.0,INDNE,INDNO,3.0
2027,5,9.0,INDNO,INDWE,6.96
2027,5,9.0,INDSO,INDWE,-7.91
2028,5,9.0,INDEA,INDNE,-3.53
2028,5,9.0,INDEA,INDNO,-8.19
2028,5,9.0,INDNE,INDNO,3.0
2028,5,9.0,INDNO,INDWE,4.24
2028,5,9.0,INDSO,INDWE,-3.48
2029,5,9.0,INDEA,INDNE,-3.53
2029,5,9.0,INDEA,INDNO,-9.21
2029,5,9.0,INDNE,INDNO,3.0
2029,5,9.0,INDNO,INDWE,0.77
2030,5,9.0,INDEA,INDNE,-5.53
2030,5,9.0,INDEA,INDNO,-8.16
2030,5,9.0,INDNE,INDNO,5.0
2030,5,9.0,INDNO,INDWE,2.19
2031,5,9.0,INDEA,INDNE,-7.53
2031,5,9.0,INDEA,INDNO,-5.83
2031,5,9.0,INDNE,INDNO,7.0
2032,5,9.0,INDEA,INDNE,-9.53
2032,5,9.0,INDEA,INDNO,-4.18
2032,5,9.0,INDNE,INDNO,9.0
2033,5,9.0,INDEA,INDNE,-11.53
2033,5,9.0,INDNE,INDNO,11.0
2034,5,9.0,INDEA,INDNE,-13.53
2034,5,9.0,INDNE,INDNO,13.0
2035,5,9.0,INDEA,INDNE,-15.53
2035,5,9.0,INDNE,INDNO,15.0
2036,5,9.0,INDEA,INDNE,-17.53
2036,5,9.0,INDNE,INDNO,17.0
2037,5,9.0,INDEA,INDNE,-19.53
2037,5,9.0,INDNE,INDNO,19.0
2038,5,9.0,INDEA,INDNE,-21.53
2038,5,9.0,INDNE,INDNO,21.0
2039,5,9.0,INDEA,INDNE,-23.53
2039,5,9.0,INDNE,INDNO,23.0
2040,5,9.0,INDEA,INDNE,-25.53
2040,5,9.0,INDNE,INDNO,25.0
2041,5,9.0,INDEA,INDNE,-27.52
2041,5,9.0,INDNE,INDNO,27.0
2042,5,9.0,INDEA,INDNE,-29.52
2042,5,9.0,INDNE,INDNO,28.99
2043,5,9.0,INDEA,INDNE,-31.52
2043,5,9.0,INDNE,INDNO,30.99
2044,5,9.0,INDEA,INDNE,-33.52
2044,5,9.0,INDNE,INDNO,32.99
2045,5,9.0,INDEA,INDNE,-35.52
2045,5,9.0,INDNE,INDNO,34.99
2045,5,9.0,INDSO,INDWE,-9.88
2046,5,9.0,INDEA,INDNE,-37.52
2046,5,9.0,INDNE,INDNO,30.39
2046,5,9.0,INDSO,INDWE,-16.42
2047,5,9.0,INDEA,INDNE,-39.52
2047,5,9.0,INDNE,INDNO,28.8
2047,5,9.0,INDSO,INDWE,-25.25
2048,5,9.0,INDEA,INDNE,-41.52
2048,5,9.0,INDEA,INDSO,1.18
2048,5,9.0,INDNE,INDNO,32.89
2048,5,9.0,INDSO,INDWE,-30.11
2049,5,9.0,INDEA,INDNE,-43.52
2049,5,9.0,INDEA,INDSO,7.83
2049,5,9.0,INDNE,INDNO,34.01
2049,5,9.0,INDSO,INDWE,-32.11
2050,5,9.0,INDEA,INDNE,-45.52
2050,5,9.0,INDEA,INDSO,7.94
2050,5,9.0,INDNE,INDNO,35.54
2050,5,9.0,INDSO,INDWE,-34.11
2021,5,10.0,INDEA,INDNE,2.68
2022,5,10.0,INDEA,INDNE,2.86
2023,5,10.0,INDEA,INDNE,2.43
2024,5,10.0,INDEA,INDNE,-3.53
2024,5,10.0,INDNE,INDNO,3.0
2025,5,10.0,INDEA,INDNE,-3.53
2025,5,10.0,INDEA,INDNO,-4.54
2025,5,10.0,INDNE,INDNO,3.0
2025,5,10.0,INDNO,INDWE,12.63
2025,5,10.0,INDSO,INDWE,-15.66
2026,5,10.0,INDEA,INDNE,-3.53
2026,5,10.0,INDEA,INDNO,-5.34
2026,5,10.0,INDNE,INDNO,3.0
2026,5,10.0,INDNO,INDWE,9.96
2026,5,10.0,INDSO,INDWE,-12.83
2027,5,10.0,INDEA,INDNE,-3.53
2027,5,10.0,INDEA,INDNO,-6.34
2027,5,10.0,INDNE,INDNO,3.0
2027,5,10.0,INDNO,INDWE,6.96
2027,5,10.0,INDSO,INDWE,-7.91
2028,5,10.0,INDEA,INDNE,-3.53
2028,5,10.0,INDEA,INDNO,-8.19
2028,5,10.0,INDNE,INDNO,3.0
2028,5,10.0,INDNO,INDWE,4.24
2028,5,10.0,INDSO,INDWE,-3.48
2029,5,10.0,INDEA,INDNE,-3.53
2029,5,10.0,INDEA,INDNO,-9.21
2029,5,10.0,INDNE,INDNO,3.0
2029,5,10.0,INDNO,INDWE,0.77
2030,5,10.0,INDEA,INDNE,-5.53
2030,5,10.0,INDEA,INDNO,-8.16
2030,5,10.0,INDNE,INDNO,5.0
2030,5,10.0,INDNO,INDWE,2.19
2031,5,10.0,INDEA,INDNE,-7.53
2031,5,10.0,INDEA,INDNO,-5.83
2031,5,10.0,INDNE,INDNO,7.0
2032,5,10.0,INDEA,INDNE,-9.53
2032,5,10.0,INDEA,INDNO,-4.18
2032,5,10.0,INDNE,INDNO,9.0
2033,5,10.0,INDEA,INDNE,-11.53
2033,5,10.0,INDNE,INDNO,11.0
2034,5,10.0,INDEA,INDNE,-13.53
2034,5,10.0,INDNE,INDNO,13.0
2035,5,10.0,INDEA,INDNE,-15.53
2035,5,10.0,INDNE,INDNO,15.0
2036,5,10.0,INDEA,INDNE,-17.53
2036,5,10.0,INDNE,INDNO,17.0
2037,5,10.0,INDEA,INDNE,-19.53
2037,5,10.0,INDNE,INDNO,19.0
2038,5,10.0,INDEA,INDNE,-21.53
2038,5,10.0,INDNE,INDNO,21.0
2039,5,10.0,INDEA,INDNE,-23.53
2039,5,10.0,INDNE,INDNO,23.0
2040,5,10.0,INDEA,INDNE,-25.53
2040,5,10.0,INDNE,INDNO,25.0
2041,5,10.0,INDEA,INDNE,-27.52
2041,5,10.0,INDNE,INDNO,27.0
2042,5,10.0,INDEA,INDNE,-29.52
2042,5,10.0,INDNE,INDNO,28.99
2043,5,10.0,INDEA,INDNE,-31.52
2043,5,10.0,INDNE,INDNO,30.99
2044,5,10.0,INDEA,INDNE,-33.52
2044,5,10.0,INDNE,INDNO,32.99
2045,5,10.0,INDEA,INDNE,-35.52
2045,5,10.0,INDNE,INDNO,34.99
2045,5,10.0,INDSO,INDWE,-9.88
2046,5,10.0,INDEA,INDNE,-37.52
2046,5,10.0,INDNE,INDNO,30.39
2046,5,10.0,INDSO,INDWE,-16.42
2047,5,10.0,INDEA,INDNE,-39.52
2047,5,10.0,INDNE,INDNO,28.8
2047,5,10.0,INDSO,INDWE,-25.25
2048,5,10.0,INDEA,INDNE,-41.52
2048,5,10.0,INDEA,INDSO,1.18
2048,5,10.0,INDNE,INDNO,32.89
2048,5,10.0,INDSO,INDWE,-30.11
2049,5,10.0,INDEA,INDNE,-43.52
2049,5,10.0,INDEA,INDSO,7.83
2049,5,10.0,INDNE,INDNO,34.01
2049,5,10.0,INDSO,INDWE,-32.11
2050,5,10.0,INDEA,INDNE,-45.52
2050,5,10.0,INDEA,INDSO,7.94
2050,5,10.0,INDNE,INDNO,35.54
2050,5,10.0,INDSO,INDWE,-34.11
2021,5,11.0,INDEA,INDNE,2.68
2022,5,11.0,INDEA,INDNE,2.86
2023,5,11.0,INDEA,INDNE,2.43
2024,5,11.0,INDEA,INDNE,-3.53
2024,5,11.0,INDNE,INDNO,3.0
2025,5,11.0,INDEA,INDNE,-3.53
2025,5,11.0,INDEA,INDNO,-4.54
2025,5,11.0,INDNE,INDNO,3.0
2025,5,11.0,INDNO,INDWE,12.63
2025,5,11.0,INDSO,INDWE,-15.66
2026,5,11.0,INDEA,INDNE,-3.53
2026,5,11.0,INDEA,INDNO,-5.34
2026,5,11.0,INDNE,INDNO,3.0
2026,5,11.0,INDNO,INDWE,9.96
2026,5,11.0,INDSO,INDWE,-12.83
2027,5,11.0,INDEA,INDNE,-3.53
2027,5,11.0,INDEA,INDNO,-6.34
2027,5,11.0,INDNE,INDNO,3.0
2027,5,11.0,INDNO,INDWE,6.96
2027,5,11.0,INDSO,INDWE,-7.91
2028,5,11.0,INDEA,INDNE,-3.53
2028,5,11.0,INDEA,INDNO,-8.19
2028,5,11.0,INDNE,INDNO,3.0
2028,5,11.0,INDNO,INDWE,4.24
2028,5,11.0,INDSO,INDWE,-3.48
2029,5,11.0,INDEA,INDNE,-3.53
2029,5,11.0,INDEA,INDNO,-9.21
2029,5,11.0,INDNE,INDNO,3.0
2029,5,11.0,INDNO,INDWE,0.77
2030,5,11.0,INDEA,INDNE,-5.53
2030,5,11.0,INDEA,INDNO,-8.16
2030,5,11.0,INDNE,INDNO,5.0
2030,5,11.0,INDNO,INDWE,2.19
2031,5,11.0,INDEA,INDNE,-7.53
2031,5,11.0,INDEA,INDNO,-5.83
2031,5,11.0,INDNE,INDNO,7.0
2032,5,11.0,INDEA,INDNE,-9.53
2032,5,11.0,INDEA,INDNO,-4.18
2032,5,11.0,INDNE,INDNO,9.0
2033,5,11.0,INDEA,INDNE,-11.53
2033,5,11.0,INDNE,INDNO,11.0
2034,5,11.0,INDEA,INDNE,-13.53
2034,5,11.0,INDNE,INDNO,13.0
2035,5,11.0,INDEA,INDNE,-15.53
2035,5,11.0,INDNE,INDNO,15.0
2036,5,11.0,INDEA,INDNE,-17.53
2036,5,11.0,INDNE,INDNO,17.0
2037,5,11.0,INDEA,INDNE,-19.53
2037,5,11.0,INDNE,INDNO,19.0
2038,5,11.0,INDEA,INDNE,-21.53
2038,5,11.0,INDNE,INDNO,21.0
2039,5,11.0,INDEA,INDNE,-23.53
2039,5,11.0,INDNE,INDNO,23.0
2040,5,11.0,INDEA,INDNE,-25.53
2040,5,11.0,INDNE,INDNO,25.0
2041,5,11.0,INDEA,INDNE,-27.52
2041,5,11.0,INDNE,INDNO,27.0
2042,5,11.0,INDEA,INDNE,-29.52
2042,5,11.0,INDNE,INDNO,28.99
2043,5,11.0,INDEA,INDNE,-31.52
2043,5,11.0,INDNE,INDNO,30.99
2044,5,11.0,INDEA,INDNE,-33.52
2044,5,11.0,INDNE,INDNO,32.99
2045,5,11.0,INDEA,INDNE,-35.52
2045,5,11.0,INDNE,INDNO,34.99
2045,5,11.0,INDSO,INDWE,-9.88
2046,5,11.0,INDEA,INDNE,-37.52
2046,5,11.0,INDNE,INDNO,30.39
2046,5,11.0,INDSO,INDWE,-16.42
2047,5,11.0,INDEA,INDNE,-39.52
2047,5,11.0,INDNE,INDNO,28.8
2047,5,11.0,INDSO,INDWE,-25.25
2048,5,11.0,INDEA,INDNE,-41.52
2048,5,11.0,INDEA,INDSO,1.18
2048,5,11.0,INDNE,INDNO,32.89
2048,5,11.0,INDSO,INDWE,-30.11
2049,5,11.0,INDEA,INDNE,-43.52
2049,5,11.0,INDEA,INDSO,7.83
2049,5,11.0,INDNE,INDNO,34.01
2049,5,11.0,INDSO,INDWE,-32.11
2050,5,11.0,INDEA,INDNE,-45.52
2050,5,11.0,INDEA,INDSO,7.94
2050,5,11.0,INDNE,INDNO,35.54
2050,5,11.0,INDSO,INDWE,-34.11
2021,5,12.0,INDEA,INDNE,2.68
2022,5,12.0,INDEA,INDNE,2.86
2023,5,12.0,INDEA,INDNE,2.43
2024,5,12.0,INDEA,INDNE,-3.53
2024,5,12.0,INDNE,INDNO,3.0
2025,5,12.0,INDEA,INDNE,-3.53
2025,5,12.0,INDEA,INDNO,-4.54
2025,5,12.0,INDNE,INDNO,3.0
2025,5,12.0,INDNO,INDWE,12.63
2025,5,12.0,INDSO,INDWE,-15.66
2026,5,12.0,INDEA,INDNE,-3.53
2026,5,12.0,INDEA,INDNO,-5.34
2026,5,12.0,INDNE,INDNO,3.0
2026,5,12.0,INDNO,INDWE,9.96
2026,5,12.0,INDSO,INDWE,-12.83
2027,5,12.0,INDEA,INDNE,-3.53
2027,5,12.0,INDEA,INDNO,-6.34
2027,5,12.0,INDNE,INDNO,3.0
2027,5,12.0,INDNO,INDWE,6.96
2027,5,12.0,INDSO,INDWE,-7.91
2028,5,12.0,INDEA,INDNE,-3.53
2028,5,12.0,INDEA,INDNO,-8.19
2028,5,12.0,INDNE,INDNO,3.0
2028,5,12.0,INDNO,INDWE,4.24
2028,5,12.0,INDSO,INDWE,-3.48
2029,5,12.0,INDEA,INDNE,-3.53
2029,5,12.0,INDEA,INDNO,-9.21
2029,5,12.0,INDNE,INDNO,3.0
2029,5,12.0,INDNO,INDWE,0.77
2030,5,12.0,INDEA,INDNE,-5.53
2030,5,12.0,INDEA,INDNO,-8.16
2030,5,12.0,INDNE,INDNO,5.0
2030,5,12.0,INDNO,INDWE,2.19
2031,5,12.0,INDEA,INDNE,-7.53
2031,5,12.0,INDEA,INDNO,-5.83
2031,5,12.0,INDNE,INDNO,7.0
2032,5,12.0,INDEA,INDNE,-9.53
2032,5,12.0,INDEA,INDNO,-4.18
2032,5,12.0,INDNE,INDNO,9.0
2033,5,12.0,INDEA,INDNE,-11.53
2033,5,12.0,INDNE,INDNO,11.0
2034,5,12.0,INDEA,INDNE,-13.53
2034,5,12.0,INDNE,INDNO,13.0
2035,5,12.0,INDEA,INDNE,-15.53
2035,5,12.0,INDNE,INDNO,15.0
2036,5,12.0,INDEA,INDNE,-17.53
2036,5,12.0,INDNE,INDNO,17.0
2037,5,12.0,INDEA,INDNE,-19.53
2037,5,12.0,INDNE,INDNO,19.0
2038,5,12.0,INDEA,INDNE,-21.53
2038,5,12.0,INDNE,INDNO,21.0
2039,5,12.0,INDEA,INDNE,-23.53
2039,5,12.0,INDNE,INDNO,23.0
2040,5,12.0,INDEA,INDNE,-25.53
2040,5,12.0,INDNE,INDNO,25.0
2041,5,12.0,INDEA,INDNE,-27.52
2041,5,12.0,INDNE,INDNO,27.0
2042,5,12.0,INDEA,INDNE,-29.52
2042,5,12.0,INDNE,INDNO,28.99
2043,5,12.0,INDEA,INDNE,-31.52
2043,5,12.0,INDNE,INDNO,30.99
2044,5,12.0,INDEA,INDNE,-33.52
2044,5,12.0,INDNE,INDNO,32.99
2045,5,12.0,INDEA,INDNE,-35.52
2045,5,12.0,INDNE,INDNO,34.99
2045,5,12.0,INDSO,INDWE,-9.88
2046,5,12.0,INDEA,INDNE,-37.52
2046,5,12.0,INDNE,INDNO,30.39
2046,5,12.0,INDSO,INDWE,-16.42
2047,5,12.0,INDEA,INDNE,-39.52
2047,5,12.0,INDNE,INDNO,28.8
2047,5,12.0,INDSO,INDWE,-25.25
2048,5,12.0,INDEA,INDNE,-41.52
2048,5,12.0,INDEA,INDSO,1.18
2048,5,12.0,INDNE,INDNO,32.89
2048,5,12.0,INDSO,INDWE,-30.11
2049,5,12.0,INDEA,INDNE,-43.52
2049,5,12.0,INDEA,INDSO,7.83
2049,5,12.0,INDNE,INDNO,34.01
2049,5,12.0,INDSO,INDWE,-32.11
2050,5,12.0,INDEA,INDNE,-45.52
2050,5,12.0,INDEA,INDSO,7.94
2050,5,12.0,INDNE,INDNO,35.54
2050,5,12.0,INDSO,INDWE,-34.11
2021,5,13.0,INDEA,INDNE,2.79
2022,5,13.0,INDEA,INDNE,2.86
2022,5,13.0,INDNE,INDNO,-0.29
2023,5,13.0,INDEA,INDNE,2.85
2024,5,13.0,INDEA,INDNE,-3.53
2024,5,13.0,INDNE,INDNO,3.0
2025,5,13.0,INDEA,INDNE,-3.53
2025,5,13.0,INDNE,INDNO,3.0
2025,5,13.0,INDSO,INDWE,-2.73
2026,5,13.0,INDEA,INDNE,-3.53
2026,5,13.0,INDNE,INDNO,3.0
2026,5,13.0,INDSO,INDWE,-3.08
2027,5,13.0,INDEA,INDNE,-3.53
2027,5,13.0,INDNE,INDNO,3.0
2027,5,13.0,INDSO,INDWE,-5.43
2028,5,13.0,INDEA,INDNE,-3.53
2028,5,13.0,INDNE,INDNO,3.0
2028,5,13.0,INDSO,INDWE,-8.49
2029,5,13.0,INDEA,INDNE,-3.53
2029,5,13.0,INDNE,INDNO,3.0
2029,5,13.0,INDSO,INDWE,-11.34
2030,5,13.0,INDEA,INDNE,-5.53
2030,5,13.0,INDEA,INDNO,0.63
2030,5,13.0,INDNE,INDNO,5.0
2030,5,13.0,INDSO,INDWE,-14.88
2031,5,13.0,INDEA,INDNE,-7.53
2031,5,13.0,INDNE,INDNO,7.0
2031,5,13.0,INDSO,INDWE,-4.75
2032,5,13.0,INDEA,INDNE,-9.53
2032,5,13.0,INDNE,INDNO,9.0
2032,5,13.0,INDSO,INDWE,-5.06
2033,5,13.0,INDEA,INDNE,-11.53
2033,5,13.0,INDNE,INDNO,11.0
2033,5,13.0,INDSO,INDWE,-5.35
2034,5,13.0,INDEA,INDNE,-13.53
2034,5,13.0,INDEA,INDSO,3.65
2034,5,13.0,INDNE,INDNO,13.0
2034,5,13.0,INDSO,INDWE,-1.89
2035,5,13.0,INDEA,INDNE,-15.53
2035,5,13.0,INDEA,INDSO,5.68
2035,5,13.0,INDEA,INDWE,0.34
2035,5,13.0,INDNE,INDNO,15.0
2036,5,13.0,INDEA,INDNE,-17.53
2036,5,13.0,INDEA,INDSO,5.79
2036,5,13.0,INDEA,INDWE,0.6
2036,5,13.0,INDNE,INDNO,17.0
2037,5,13.0,INDEA,INDNE,-19.53
2037,5,13.0,INDEA,INDSO,5.9
2037,5,13.0,INDEA,INDWE,0.87
2037,5,13.0,INDNE,INDNO,19.0
2038,5,13.0,INDEA,INDNE,-21.53
2038,5,13.0,INDEA,INDSO,6.0
2038,5,13.0,INDEA,INDWE,1.13
2038,5,13.0,INDNE,INDNO,21.0
2039,5,13.0,INDEA,INDNE,-23.53
2039,5,13.0,INDEA,INDSO,6.11
2039,5,13.0,INDEA,INDWE,1.39
2039,5,13.0,INDNE,INDNO,23.0
2040,5,13.0,INDEA,INDNE,-25.53
2040,5,13.0,INDEA,INDSO,6.22
2040,5,13.0,INDEA,INDWE,1.65
2040,5,13.0,INDNE,INDNO,25.0
2041,5,13.0,INDEA,INDNE,-27.52
2041,5,13.0,INDEA,INDSO,6.34
2041,5,13.0,INDEA,INDWE,1.94
2041,5,13.0,INDNE,INDNO,27.0
2042,5,13.0,INDEA,INDNE,-29.52
2042,5,13.0,INDEA,INDSO,6.46
2042,5,13.0,INDEA,INDWE,2.22
2042,5,13.0,INDNE,INDNO,28.99
2043,5,13.0,INDEA,INDNE,-31.52
2043,5,13.0,INDEA,INDSO,6.58
2043,5,13.0,INDEA,INDWE,2.5
2043,5,13.0,INDNE,INDNO,30.99
2044,5,13.0,INDEA,INDNE,-33.52
2044,5,13.0,INDEA,INDSO,6.65
2044,5,13.0,INDEA,INDWE,1.45
2044,5,13.0,INDNE,INDNO,32.99
2045,5,13.0,INDEA,INDNE,-35.52
2045,5,13.0,INDEA,INDSO,5.71
2045,5,13.0,INDNE,INDNO,34.99
2046,5,13.0,INDEA,INDNE,-37.52
2046,5,13.0,INDEA,INDSO,1.34
2046,5,13.0,INDNE,INDNO,36.99
2046,5,13.0,INDNO,INDWE,4.11
2047,5,13.0,INDEA,INDNE,-39.52
2047,5,13.0,INDEA,INDSO,0.65
2047,5,13.0,INDNE,INDNO,38.99
2047,5,13.0,INDNO,INDWE,0.31
2048,5,13.0,INDEA,INDNE,-41.52
2048,5,13.0,INDNE,INDNO,40.99
2049,5,13.0,INDEA,INDNE,-43.52
2049,5,13.0,INDNE,INDNO,42.99
2050,5,13.0,INDEA,INDNE,-45.52
2050,5,13.0,INDNE,INDNO,44.99
2021,5,14.0,INDEA,INDNE,2.79
2022,5,14.0,INDEA,INDNE,2.86
2022,5,14.0,INDNE,INDNO,-0.29
2023,5,14.0,INDEA,INDNE,2.85
2024,5,14.0,INDEA,INDNE,-3.53
2024,5,14.0,INDNE,INDNO,3.0
2025,5,14.0,INDEA,INDNE,-3.53
2025,5,14.0,INDNE,INDNO,3.0
2025,5,14.0,INDSO,INDWE,-2.73
2026,5,14.0,INDEA,INDNE,-3.53
2026,5,14.0,INDNE,INDNO,3.0
2026,5,14.0,INDSO,INDWE,-3.08
2027,5,14.0,INDEA,INDNE,-3.53
2027,5,14.0,INDNE,INDNO,3.0
2027,5,14.0,INDSO,INDWE,-5.43
2028,5,14.0,INDEA,INDNE,-3.53
2028,5,14.0,INDNE,INDNO,3.0
2028,5,14.0,INDSO,INDWE,-8.49
2029,5,14.0,INDEA,INDNE,-3.53
2029,5,14.0,INDNE,INDNO,3.0
2029,5,14.0,INDSO,INDWE,-11.34
2030,5,14.0,INDEA,INDNE,-5.53
2030,5,14.0,INDEA,INDNO,0.63
2030,5,14.0,INDNE,INDNO,5.0
2030,5,14.0,INDSO,INDWE,-14.88
2031,5,14.0,INDEA,INDNE,-7.53
2031,5,14.0,INDNE,INDNO,7.0
2031,5,14.0,INDSO,INDWE,-4.75
2032,5,14.0,INDEA,INDNE,-9.53
2032,5,14.0,INDNE,INDNO,9.0
2032,5,14.0,INDSO,INDWE,-5.06
2033,5,14.0,INDEA,INDNE,-11.53
2033,5,14.0,INDNE,INDNO,11.0
2033,5,14.0,INDSO,INDWE,-5.35
2034,5,14.0,INDEA,INDNE,-13.53
2034,5,14.0,INDEA,INDSO,3.65
2034,5,14.0,INDNE,INDNO,13.0
2034,5,14.0,INDSO,INDWE,-1.89
2035,5,14.0,INDEA,INDNE,-15.53
2035,5,14.0,INDEA,INDSO,5.68
2035,5,14.0,INDEA,INDWE,0.34
2035,5,14.0,INDNE,INDNO,15.0
2036,5,14.0,INDEA,INDNE,-17.53
2036,5,14.0,INDEA,INDSO,5.79
2036,5,14.0,INDEA,INDWE,0.6
2036,5,14.0,INDNE,INDNO,17.0
2037,5,14.0,INDEA,INDNE,-19.53
2037,5,14.0,INDEA,INDSO,5.9
2037,5,14.0,INDEA,INDWE,0.87
2037,5,14.0,INDNE,INDNO,19.0
2038,5,14.0,INDEA,INDNE,-21.53
2038,5,14.0,INDEA,INDSO,6.0
2038,5,14.0,INDEA,INDWE,1.13
2038,5,14.0,INDNE,INDNO,21.0
2039,5,14.0,INDEA,INDNE,-23.53
2039,5,14.0,INDEA,INDSO,6.11
2039,5,14.0,INDEA,INDWE,1.39
2039,5,14.0,INDNE,INDNO,23.0
2040,5,14.0,INDEA,INDNE,-25.53
2040,5,14.0,INDEA,INDSO,6.22
2040,5,14.0,INDEA,INDWE,1.65
2040,5,14.0,INDNE,INDNO,25.0
2041,5,14.0,INDEA,INDNE,-27.52
2041,5,14.0,INDEA,INDSO,6.34
2041,5,14.0,INDEA,INDWE,1.94
2041,5,14.0,INDNE,INDNO,27.0
2042,5,14.0,INDEA,INDNE,-29.52
2042,5,14.0,INDEA,INDSO,6.46
2042,5,14.0,INDEA,INDWE,2.22
2042,5,14.0,INDNE,INDNO,28.99
2043,5,14.0,INDEA,INDNE,-31.52
2043,5,14.0,INDEA,INDSO,6.58
2043,5,14.0,INDEA,INDWE,2.5
2043,5,14.0,INDNE,INDNO,30.99
2044,5,14.0,INDEA,INDNE,-33.52
2044,5,14.0,INDEA,INDSO,6.65
2044,5,14.0,INDEA,INDWE,1.45
2044,5,14.0,INDNE,INDNO,32.99
2045,5,14.0,INDEA,INDNE,-35.52
2045,5,14.0,INDEA,INDSO,5.71
2045,5,14.0,INDNE,INDNO,34.99
2046,5,14.0,INDEA,INDNE,-37.52
2046,5,14.0,INDEA,INDSO,1.34
2046,5,14.0,INDNE,INDNO,36.99
2046,5,14.0,INDNO,INDWE,4.11
2047,5,14.0,INDEA,INDNE,-39.52
2047,5,14.0,INDEA,INDSO,0.65
2047,5,14.0,INDNE,INDNO,38.99
2047,5,14.0,INDNO,INDWE,0.31
2048,5,14.0,INDEA,INDNE,-41.52
2048,5,14.0,INDNE,INDNO,40.99
2049,5,14.0,INDEA,INDNE,-43.52
2049,5,14.0,INDNE,INDNO,42.99
2050,5,14.0,INDEA,INDNE,-45.52
2050,5,14.0,INDNE,INDNO,44.99
2021,5,15.0,INDEA,INDNE,2.79
2022,5,15.0,INDEA,INDNE,2.86
2022,5,15.0,INDNE,INDNO,-0.29
2023,5,15.0,INDEA,INDNE,2.85
2024,5,15.0,INDEA,INDNE,-3.53
2024,5,15.0,INDNE,INDNO,3.0
2025,5,15.0,INDEA,INDNE,-3.53
2025,5,15.0,INDNE,INDNO,3.0
2025,5,15.0,INDSO,INDWE,-2.73
2026,5,15.0,INDEA,INDNE,-3.53
2026,5,15.0,INDNE,INDNO,3.0
2026,5,15.0,INDSO,INDWE,-3.08
2027,5,15.0,INDEA,INDNE,-3.53
2027,5,15.0,INDNE,INDNO,3.0
2027,5,15.0,INDSO,INDWE,-5.43
2028,5,15.0,INDEA,INDNE,-3.53
2028,5,15.0,INDNE,INDNO,3.0
2028,5,15.0,INDSO,INDWE,-8.49
2029,5,15.0,INDEA,INDNE,-3.53
2029,5,15.0,INDNE,INDNO,3.0
2029,5,15.0,INDSO,INDWE,-11.34
2030,5,15.0,INDEA,INDNE,-5.53
2030,5,15.0,INDEA,INDNO,0.63
2030,5,15.0,INDNE,INDNO,5.0
2030,5,15.0,INDSO,INDWE,-14.88
2031,5,15.0,INDEA,INDNE,-7.53
2031,5,15.0,INDNE,INDNO,7.0
2031,5,15.0,INDSO,INDWE,-4.75
2032,5,15.0,INDEA,INDNE,-9.53
2032,5,15.0,INDNE,INDNO,9.0
2032,5,15.0,INDSO,INDWE,-5.06
2033,5,15.0,INDEA,INDNE,-11.53
2033,5,15.0,INDNE,INDNO,11.0
2033,5,15.0,INDSO,INDWE,-5.35
2034,5,15.0,INDEA,INDNE,-13.53
2034,5,15.0,INDEA,INDSO,3.65
2034,5,15.0,INDNE,INDNO,13.0
2034,5,15.0,INDSO,INDWE,-1.89
2035,5,15.0,INDEA,INDNE,-15.53
2035,5,15.0,INDEA,INDSO,5.68
2035,5,15.0,INDEA,INDWE,0.34
2035,5,15.0,INDNE,INDNO,15.0
2036,5,15.0,INDEA,INDNE,-17.53
2036,5,15.0,INDEA,INDSO,5.79
2036,5,15.0,INDEA,INDWE,0.6
2036,5,15.0,INDNE,INDNO,17.0
2037,5,15.0,INDEA,INDNE,-19.53
2037,5,15.0,INDEA,INDSO,5.9
2037,5,15.0,INDEA,INDWE,0.87
2037,5,15.0,INDNE,INDNO,19.0
2038,5,15.0,INDEA,INDNE,-21.53
2038,5,15.0,INDEA,INDSO,6.0
2038,5,15.0,INDEA,INDWE,1.13
2038,5,15.0,INDNE,INDNO,21.0
2039,5,15.0,INDEA,INDNE,-23.53
2039,5,15.0,INDEA,INDSO,6.11
2039,5,15.0,INDEA,INDWE,1.39
2039,5,15.0,INDNE,INDNO,23.0
2040,5,15.0,INDEA,INDNE,-25.53
2040,5,15.0,INDEA,INDSO,6.22
2040,5,15.0,INDEA,INDWE,1.65
2040,5,15.0,INDNE,INDNO,25.0
2041,5,15.0,INDEA,INDNE,-27.52
2041,5,15.0,INDEA,INDSO,6.34
2041,5,15.0,INDEA,INDWE,1.94
2041,5,15.0,INDNE,INDNO,27.0
2042,5,15.0,INDEA,INDNE,-29.52
2042,5,15.0,INDEA,INDSO,6.46
2042,5,15.0,INDEA,INDWE,2.22
2042,5,15.0,INDNE,INDNO,28.99
2043,5,15.0,INDEA,INDNE,-31.52
2043,5,15.0,INDEA,INDSO,6.58
2043,5,15.0,INDEA,INDWE,2.5
2043,5,15.0,INDNE,INDNO,30.99
2044,5,15.0,INDEA,INDNE,-33.52
2044,5,15.0,INDEA,INDSO,6.65
2044,5,15.0,INDEA,INDWE,1.45
2044,5,15.0,INDNE,INDNO,32.99
2045,5,15.0,INDEA,INDNE,-35.52
2045,5,15.0,INDEA,INDSO,5.71
2045,5,15.0,INDNE,INDNO,34.99
2046,5,15.0,INDEA,INDNE,-37.52
2046,5,15.0,INDEA,INDSO,1.34
2046,5,15.0,INDNE,INDNO,36.99
2046,5,15.0,INDNO,INDWE,4.11
2047,5,15.0,INDEA,INDNE,-39.52
2047,5,15.0,INDEA,INDSO,0.65
2047,5,15.0,INDNE,INDNO,38.99
2047,5,15.0,INDNO,INDWE,0.31
2048,5,15.0,INDEA,INDNE,-41.52
2048,5,15.0,INDNE,INDNO,40.99
2049,5,15.0,INDEA,INDNE,-43.52
2049,5,15.0,INDNE,INDNO,42.99
2050,5,15.0,INDEA,INDNE,-45.52
2050,5,15.0,INDNE,INDNO,44.99
2021,5,16.0,INDEA,INDNE,2.79
2022,5,16.0,INDEA,INDNE,2.86
2022,5,16.0,INDNE,INDNO,-0.29
2023,5,16.0,INDEA,INDNE,2.85
2024,5,16.0,INDEA,INDNE,-3.53
2024,5,16.0,INDNE,INDNO,3.0
2025,5,16.0,INDEA,INDNE,-3.53
2025,5,16.0,INDNE,INDNO,3.0
2025,5,16.0,INDSO,INDWE,-2.73
2026,5,16.0,INDEA,INDNE,-3.53
2026,5,16.0,INDNE,INDNO,3.0
2026,5,16.0,INDSO,INDWE,-3.08
2027,5,16.0,INDEA,INDNE,-3.53
2027,5,16.0,INDNE,INDNO,3.0
2027,5,16.0,INDSO,INDWE,-5.43
2028,5,16.0,INDEA,INDNE,-3.53
2028,5,16.0,INDNE,INDNO,3.0
2028,5,16.0,INDSO,INDWE,-8.49
2029,5,16.0,INDEA,INDNE,-3.53
2029,5,16.0,INDNE,INDNO,3.0
2029,5,16.0,INDSO,INDWE,-11.34
2030,5,16.0,INDEA,INDNE,-5.53
2030,5,16.0,INDEA,INDNO,0.63
2030,5,16.0,INDNE,INDNO,5.0
2030,5,16.0,INDSO,INDWE,-14.88
2031,5,16.0,INDEA,INDNE,-7.53
2031,5,16.0,INDNE,INDNO,7.0
2031,5,16.0,INDSO,INDWE,-4.75
2032,5,16.0,INDEA,INDNE,-9.53
2032,5,16.0,INDNE,INDNO,9.0
2032,5,16.0,INDSO,INDWE,-5.06
2033,5,16.0,INDEA,INDNE,-11.53
2033,5,16.0,INDNE,INDNO,11.0
2033,5,16.0,INDSO,INDWE,-5.35
2034,5,16.0,INDEA,INDNE,-13.53
2034,5,16.0,INDEA,INDSO,3.65
2034,5,16.0,INDNE,INDNO,13.0
2034,5,16.0,INDSO,INDWE,-1.89
2035,5,16.0,INDEA,INDNE,-15.53
2035,5,16.0,INDEA,INDSO,5.68
2035,5,16.0,INDEA,INDWE,0.34
2035,5,16.0,INDNE,INDNO,15.0
2036,5,16.0,INDEA,INDNE,-17.53
2036,5,16.0,INDEA,INDSO,5.79
2036,5,16.0,INDEA,INDWE,0.6
2036,5,16.0,INDNE,INDNO,17.0
2037,5,16.0,INDEA,INDNE,-19.53
2037,5,16.0,INDEA,INDSO,5.9
2037,5,16.0,INDEA,INDWE,0.87
2037,5,16.0,INDNE,INDNO,19.0
2038,5,16.0,INDEA,INDNE,-21.53
2038,5,16.0,INDEA,INDSO,6.0
2038,5,16.0,INDEA,INDWE,1.13
2038,5,16.0,INDNE,INDNO,21.0
2039,5,16.0,INDEA,INDNE,-23.53
2039,5,16.0,INDEA,INDSO,6.11
2039,5,16.0,INDEA,INDWE,1.39
2039,5,16.0,INDNE,INDNO,23.0
2040,5,16.0,INDEA,INDNE,-25.53
2040,5,16.0,INDEA,INDSO,6.22
2040,5,16.0,INDEA,INDWE,1.65
2040,5,16.0,INDNE,INDNO,25.0
2041,5,16.0,INDEA,INDNE,-27.52
2041,5,16.0,INDEA,INDSO,6.34
2041,5,16.0,INDEA,INDWE,1.94
2041,5,16.0,INDNE,INDNO,27.0
2042,5,16.0,INDEA,INDNE,-29.52
2042,5,16.0,INDEA,INDSO,6.46
2042,5,16.0,INDEA,INDWE,2.22
2042,5,16.0,INDNE,INDNO,28.99
2043,5,16.0,INDEA,INDNE,-31.52
2043,5,16.0,INDEA,INDSO,6.58
2043,5,16.0,INDEA,INDWE,2.5
2043,5,16.0,INDNE,INDNO,30.99
2044,5,16.0,INDEA,INDNE,-33.52
2044,5,16.0,INDEA,INDSO,6.65
2044,5,16.0,INDEA,INDWE,1.45
2044,5,16.0,INDNE,INDNO,32.99
2045,5,16.0,INDEA,INDNE,-35.52
2045,5,16.0,INDEA,INDSO,5.71
2045,5,16.0,INDNE,INDNO,34.99
2046,5,16.0,INDEA,INDNE,-37.52
2046,5,16.0,INDEA,INDSO,1.34
2046,5,16.0,INDNE,INDNO,36.99
2046,5,16.0,INDNO,INDWE,4.11
2047,5,16.0,INDEA,INDNE,-39.52
2047,5,16.0,INDEA,INDSO,0.65
2047,5,16.0,INDNE,INDNO,38.99
2047,5,16.0,INDNO,INDWE,0.31
2048,5,16.0,INDEA,INDNE,-41.52
2048,5,16.0,INDNE,INDNO,40.99
2049,5,16.0,INDEA,INDNE,-43.52
2049,5,16.0,INDNE,INDNO,42.99
2050,5,16.0,INDEA,INDNE,-45.52
2050,5,16.0,INDNE,INDNO,44.99
2021,5,17.0,INDEA,INDNE,2.79
2022,5,17.0,INDEA,INDNE,2.86
2022,5,17.0,INDNE,INDNO,-0.29
2023,5,17.0,INDEA,INDNE,2.85
2024,5,17.0,INDEA,INDNE,-3.53
2024,5,17.0,INDNE,INDNO,3.0
2025,5,17.0,INDEA,INDNE,-3.53
2025,5,17.0,INDNE,INDNO,3.0
2025,5,17.0,INDSO,INDWE,-2.73
2026,5,17.0,INDEA,INDNE,-3.53
2026,5,17.0,INDNE,INDNO,3.0
2026,5,17.0,INDSO,INDWE,-3.08
2027,5,17.0,INDEA,INDNE,-3.53
2027,5,17.0,INDNE,INDNO,3.0
2027,5,17.0,INDSO,INDWE,-5.43
2028,5,17.0,INDEA,INDNE,-3.53
2028,5,17.0,INDNE,INDNO,3.0
2028,5,17.0,INDSO,INDWE,-8.49
2029,5,17.0,INDEA,INDNE,-3.53
2029,5,17.0,INDNE,INDNO,3.0
2029,5,17.0,INDSO,INDWE,-11.34
2030,5,17.0,INDEA,INDNE,-5.53
2030,5,17.0,INDEA,INDNO,0.63
2030,5,17.0,INDNE,INDNO,5.0
2030,5,17.0,INDSO,INDWE,-14.88
2031,5,17.0,INDEA,INDNE,-7.53
2031,5,17.0,INDNE,INDNO,7.0
2031,5,17.0,INDSO,INDWE,-4.75
2032,5,17.0,INDEA,INDNE,-9.53
2032,5,17.0,INDNE,INDNO,9.0
2032,5,17.0,INDSO,INDWE,-5.06
2033,5,17.0,INDEA,INDNE,-11.53
2033,5,17.0,INDNE,INDNO,11.0
2033,5,17.0,INDSO,INDWE,-5.35
2034,5,17.0,INDEA,INDNE,-13.53
2034,5,17.0,INDEA,INDSO,3.65
2034,5,17.0,INDNE,INDNO,13.0
2034,5,17.0,INDSO,INDWE,-1.89
2035,5,17.0,INDEA,INDNE,-15.53
2035,5,17.0,INDEA,INDSO,5.68
2035,5,17.0,INDEA,INDWE,0.34
2035,5,17.0,INDNE,INDNO,15.0
2036,5,17.0,INDEA,INDNE,-17.53
2036,5,17.0,INDEA,INDSO,5.79
2036,5,17.0,INDEA,INDWE,0.6
2036,5,17.0,INDNE,INDNO,17.0
2037,5,17.0,INDEA,INDNE,-19.53
2037,5,17.0,INDEA,INDSO,5.9
2037,5,17.0,INDEA,INDWE,0.87
2037,5,17.0,INDNE,INDNO,19.0
2038,5,17.0,INDEA,INDNE,-21.53
2038,5,17.0,INDEA,INDSO,6.0
2038,5,17.0,INDEA,INDWE,1.13
2038,5,17.0,INDNE,INDNO,21.0
2039,5,17.0,INDEA,INDNE,-23.53
2039,5,17.0,INDEA,INDSO,6.11
2039,5,17.0,INDEA,INDWE,1.39
2039,5,17.0,INDNE,INDNO,23.0
2040,5,17.0,INDEA,INDNE,-25.53
2040,5,17.0,INDEA,INDSO,6.22
2040,5,17.0,INDEA,INDWE,1.65
2040,5,17.0,INDNE,INDNO,25.0
2041,5,17.0,INDEA,INDNE,-27.52
2041,5,17.0,INDEA,INDSO,6.34
2041,5,17.0,INDEA,INDWE,1.94
2041,5,17.0,INDNE,INDNO,27.0
2042,5,17.0,INDEA,INDNE,-29.52
2042,5,17.0,INDEA,INDSO,6.46
2042,5,17.0,INDEA,INDWE,2.22
2042,5,17.0,INDNE,INDNO,28.99
2043,5,17.0,INDEA,INDNE,-31.52
2043,5,17.0,INDEA,INDSO,6.58
2043,5,17.0,INDEA,INDWE,2.5
2043,5,17.0,INDNE,INDNO,30.99
2044,5,17.0,INDEA,INDNE,-33.52
2044,5,17.0,INDEA,INDSO,6.65
2044,5,17.0,INDEA,INDWE,1.45
2044,5,17.0,INDNE,INDNO,32.99
2045,5,17.0,INDEA,INDNE,-35.52
2045,5,17.0,INDEA,INDSO,5.71
2045,5,17.0,INDNE,INDNO,34.99
2046,5,17.0,INDEA,INDNE,-37.52
2046,5,17.0,INDEA,INDSO,1.34
2046,5,17.0,INDNE,INDNO,36.99
2046,5,17.0,INDNO,INDWE,4.11
2047,5,17.0,INDEA,INDNE,-39.52
2047,5,17.0,INDEA,INDSO,0.65
2047,5,17.0,INDNE,INDNO,38.99
2047,5,17.0,INDNO,INDWE,0.31
2048,5,17.0,INDEA,INDNE,-41.52
2048,5,17.0,INDNE,INDNO,40.99
2049,5,17.0,INDEA,INDNE,-43.52
2049,5,17.0,INDNE,INDNO,42.99
2050,5,17.0,INDEA,INDNE,-45.52
2050,5,17.0,INDNE,INDNO,44.99
2021,5,18.0,INDEA,INDNE,2.79
2022,5,18.0,INDEA,INDNE,2.86
2022,5,18.0,INDNE,INDNO,-0.29
2023,5,18.0,INDEA,INDNE,2.85
2024,5,18.0,INDEA,INDNE,-3.53
2024,5,18.0,INDNE,INDNO,3.0
2025,5,18.0,INDEA,INDNE,-3.53
2025,5,18.0,INDNE,INDNO,3.0
2025,5,18.0,INDSO,INDWE,-2.73
2026,5,18.0,INDEA,INDNE,-3.53
2026,5,18.0,INDNE,INDNO,3.0
2026,5,18.0,INDSO,INDWE,-3.08
2027,5,18.0,INDEA,INDNE,-3.53
2027,5,18.0,INDNE,INDNO,3.0
2027,5,18.0,INDSO,INDWE,-5.43
2028,5,18.0,INDEA,INDNE,-3.53
2028,5,18.0,INDNE,INDNO,3.0
2028,5,18.0,INDSO,INDWE,-8.49
2029,5,18.0,INDEA,INDNE,-3.53
2029,5,18.0,INDNE,INDNO,3.0
2029,5,18.0,INDSO,INDWE,-11.34
2030,5,18.0,INDEA,INDNE,-5.53
2030,5,18.0,INDEA,INDNO,0.63
2030,5,18.0,INDNE,INDNO,5.0
2030,5,18.0,INDSO,INDWE,-14.88
2031,5,18.0,INDEA,INDNE,-7.53
2031,5,18.0,INDNE,INDNO,7.0
2031,5,18.0,INDSO,INDWE,-4.75
2032,5,18.0,INDEA,INDNE,-9.53
2032,5,18.0,INDNE,INDNO,9.0
2032,5,18.0,INDSO,INDWE,-5.06
2033,5,18.0,INDEA,INDNE,-11.53
2033,5,18.0,INDNE,INDNO,11.0
2033,5,18.0,INDSO,INDWE,-5.35
2034,5,18.0,INDEA,INDNE,-13.53
2034,5,18.0,INDEA,INDSO,3.65
2034,5,18.0,INDNE,INDNO,13.0
2034,5,18.0,INDSO,INDWE,-1.89
2035,5,18.0,INDEA,INDNE,-15.53
2035,5,18.0,INDEA,INDSO,5.68
2035,5,18.0,INDEA,INDWE,0.34
2035,5,18.0,INDNE,INDNO,15.0
2036,5,18.0,INDEA,INDNE,-17.53
2036,5,18.0,INDEA,INDSO,5.79
2036,5,18.0,INDEA,INDWE,0.6
2036,5,18.0,INDNE,INDNO,17.0
2037,5,18.0,INDEA,INDNE,-19.53
2037,5,18.0,INDEA,INDSO,5.9
2037,5,18.0,INDEA,INDWE,0.87
2037,5,18.0,INDNE,INDNO,19.0
2038,5,18.0,INDEA,INDNE,-21.53
2038,5,18.0,INDEA,INDSO,6.0
2038,5,18.0,INDEA,INDWE,1.13
2038,5,18.0,INDNE,INDNO,21.0
2039,5,18.0,INDEA,INDNE,-23.53
2039,5,18.0,INDEA,INDSO,6.11
2039,5,18.0,INDEA,INDWE,1.39
2039,5,18.0,INDNE,INDNO,23.0
2040,5,18.0,INDEA,INDNE,-25.53
2040,5,18.0,INDEA,INDSO,6.22
2040,5,18.0,INDEA,INDWE,1.65
2040,5,18.0,INDNE,INDNO,25.0
2041,5,18.0,INDEA,INDNE,-27.52
2041,5,18.0,INDEA,INDSO,6.34
2041,5,18.0,INDEA,INDWE,1.94
2041,5,18.0,INDNE,INDNO,27.0
2042,5,18.0,INDEA,INDNE,-29.52
2042,5,18.0,INDEA,INDSO,6.46
2042,5,18.0,INDEA,INDWE,2.22
2042,5,18.0,INDNE,INDNO,28.99
2043,5,18.0,INDEA,INDNE,-31.52
2043,5,18.0,INDEA,INDSO,6.58
2043,5,18.0,INDEA,INDWE,2.5
2043,5,18.0,INDNE,INDNO,30.99
2044,5,18.0,INDEA,INDNE,-33.52
2044,5,18.0,INDEA,INDSO,6.65
2044,5,18.0,INDEA,INDWE,1.45
2044,5,18.0,INDNE,INDNO,32.99
2045,5,18.0,INDEA,INDNE,-35.52
2045,5,18.0,INDEA,INDSO,5.71
2045,5,18.0,INDNE,INDNO,34.99
2046,5,18.0,INDEA,INDNE,-37.52
2046,5,18.0,INDEA,INDSO,1.34
2046,5,18.0,INDNE,INDNO,36.99
2046,5,18.0,INDNO,INDWE,4.11
2047,5,18.0,INDEA,INDNE,-39.52
2047,5,18.0,INDEA,INDSO,0.65
2047,5,18.0,INDNE,INDNO,38.99
2047,5,18.0,INDNO,INDWE,0.31
2048,5,18.0,INDEA,INDNE,-41.52
2048,5,18.0,INDNE,INDNO,40.99
2049,5,18.0,INDEA,INDNE,-43.52
2049,5,18.0,INDNE,INDNO,42.99
2050,5,18.0,INDEA,INDNE,-45.52
2050,5,18.0,INDNE,INDNO,44.99
2021,5,19.0,INDEA,INDNE,2.79
2022,5,19.0,INDEA,INDNE,2.86
2022,5,19.0,INDNE,INDNO,-0.29
2023,5,19.0,INDEA,INDNE,2.85
2024,5,19.0,INDEA,INDNE,-3.53
2024,5,19.0,INDNE,INDNO,3.0
2025,5,19.0,INDEA,INDNE,-3.53
2025,5,19.0,INDNE,INDNO,3.0
2025,5,19.0,INDSO,INDWE,-2.73
2026,5,19.0,INDEA,INDNE,-3.53
2026,5,19.0,INDNE,INDNO,3.0
2026,5,19.0,INDSO,INDWE,-3.08
2027,5,19.0,INDEA,INDNE,-3.53
2027,5,19.0,INDNE,INDNO,3.0
2027,5,19.0,INDSO,INDWE,-5.43
2028,5,19.0,INDEA,INDNE,-3.53
2028,5,19.0,INDNE,INDNO,3.0
2028,5,19.0,INDSO,INDWE,-8.49
2029,5,19.0,INDEA,INDNE,-3.53
2029,5,19.0,INDNE,INDNO,3.0
2029,5,19.0,INDSO,INDWE,-11.34
2030,5,19.0,INDEA,INDNE,-5.53
2030,5,19.0,INDEA,INDNO,0.63
2030,5,19.0,INDNE,INDNO,5.0
2030,5,19.0,INDSO,INDWE,-14.88
2031,5,19.0,INDEA,INDNE,-7.53
2031,5,19.0,INDNE,INDNO,7.0
2031,5,19.0,INDSO,INDWE,-4.75
2032,5,19.0,INDEA,INDNE,-9.53
2032,5,19.0,INDNE,INDNO,9.0
2032,5,19.0,INDSO,INDWE,-5.06
2033,5,19.0,INDEA,INDNE,-11.53
2033,5,19.0,INDNE,INDNO,11.0
2033,5,19.0,INDSO,INDWE,-5.35
2034,5,19.0,INDEA,INDNE,-13.53
2034,5,19.0,INDEA,INDSO,3.65
2034,5,19.0,INDNE,INDNO,13.0
2034,5,19.0,INDSO,INDWE,-1.89
2035,5,19.0,INDEA,INDNE,-15.53
2035,5,19.0,INDEA,INDSO,5.68
2035,5,19.0,INDEA,INDWE,0.34
2035,5,19.0,INDNE,INDNO,15.0
2036,5,19.0,INDEA,INDNE,-17.53
2036,5,19.0,INDEA,INDSO,5.79
2036,5,19.0,INDEA,INDWE,0.6
2036,5,19.0,INDNE,INDNO,17.0
2037,5,19.0,INDEA,INDNE,-19.53
2037,5,19.0,INDEA,INDSO,5.9
2037,5,19.0,INDEA,INDWE,0.87
2037,5,19.0,INDNE,INDNO,19.0
2038,5,19.0,INDEA,INDNE,-21.53
2038,5,19.0,INDEA,INDSO,6.0
2038,5,19.0,INDEA,INDWE,1.13
2038,5,19.0,INDNE,INDNO,21.0
2039,5,19.0,INDEA,INDNE,-23.53
2039,5,19.0,INDEA,INDSO,6.11
2039,5,19.0,INDEA,INDWE,1.39
2039,5,19.0,INDNE,INDNO,23.0
2040,5,19.0,INDEA,INDNE,-25.53
2040,5,19.0,INDEA,INDSO,6.22
2040,5,19.0,INDEA,INDWE,1.65
2040,5,19.0,INDNE,INDNO,25.0
2041,5,19.0,INDEA,INDNE,-27.52
2041,5,19.0,INDEA,INDSO,6.34
2041,5,19.0,INDEA,INDWE,1.94
2041,5,19.0,INDNE,INDNO,27.0
2042,5,19.0,INDEA,INDNE,-29.52
2042,5,19.0,INDEA,INDSO,6.46
2042,5,19.0,INDEA,INDWE,2.22
2042,5,19.0,INDNE,INDNO,28.99
2043,5,19.0,INDEA,INDNE,-31.52
2043,5,19.0,INDEA,INDSO,6.58
2043,5,19.0,INDEA,INDWE,2.5
2043,5,19.0,INDNE,INDNO,30.99
2044,5,19.0,INDEA,INDNE,-33.52
2044,5,19.0,INDEA,INDSO,6.65
2044,5,19.0,INDEA,INDWE,1.45
2044,5,19.0,INDNE,INDNO,32.99
2045,5,19.0,INDEA,INDNE,-35.52
2045,5,19.0,INDEA,INDSO,5.71
2045,5,19.0,INDNE,INDNO,34.99
2046,5,19.0,INDEA,INDNE,-37.52
2046,5,19.0,INDEA,INDSO,1.34
2046,5,19.0,INDNE,INDNO,36.99
2046,5,19.0,INDNO,INDWE,4.11
2047,5,19.0,INDEA,INDNE,-39.52
2047,5,19.0,INDEA,INDSO,0.65
2047,5,19.0,INDNE,INDNO,38.99
2047,5,19.0,INDNO,INDWE,0.31
2048,5,19.0,INDEA,INDNE,-41.52
2048,5,19.0,INDNE,INDNO,40.99
2049,5,19.0,INDEA,INDNE,-43.52
2049,5,19.0,INDNE,INDNO,42.99
2050,5,19.0,INDEA,INDNE,-45.52
2050,5,19.0,INDNE,INDNO,44.99
2021,5,20.0,INDEA,INDNE,2.79
2022,5,20.0,INDEA,INDNE,2.86
2022,5,20.0,INDNE,INDNO,-0.29
2023,5,20.0,INDEA,INDNE,2.85
2024,5,20.0,INDEA,INDNE,-3.53
2024,5,20.0,INDNE,INDNO,3.0
2025,5,20.0,INDEA,INDNE,-3.53
2025,5,20.0,INDNE,INDNO,3.0
2025,5,20.0,INDSO,INDWE,-2.73
2026,5,20.0,INDEA,INDNE,-3.53
2026,5,20.0,INDNE,INDNO,3.0
2026,5,20.0,INDSO,INDWE,-3.08
2027,5,20.0,INDEA,INDNE,-3.53
2027,5,20.0,INDNE,INDNO,3.0
2027,5,20.0,INDSO,INDWE,-5.43
2028,5,20.0,INDEA,INDNE,-3.53
2028,5,20.0,INDNE,INDNO,3.0
2028,5,20.0,INDSO,INDWE,-8.49
2029,5,20.0,INDEA,INDNE,-3.53
2029,5,20.0,INDNE,INDNO,3.0
2029,5,20.0,INDSO,INDWE,-11.34
2030,5,20.0,INDEA,INDNE,-5.53
2030,5,20.0,INDEA,INDNO,0.63
2030,5,20.0,INDNE,INDNO,5.0
2030,5,20.0,INDSO,INDWE,-14.88
2031,5,20.0,INDEA,INDNE,-7.53
2031,5,20.0,INDNE,INDNO,7.0
2031,5,20.0,INDSO,INDWE,-4.75
2032,5,20.0,INDEA,INDNE,-9.53
2032,5,20.0,INDNE,INDNO,9.0
2032,5,20.0,INDSO,INDWE,-5.06
2033,5,20.0,INDEA,INDNE,-11.53
2033,5,20.0,INDNE,INDNO,11.0
2033,5,20.0,INDSO,INDWE,-5.35
2034,5,20.0,INDEA,INDNE,-13.53
2034,5,20.0,INDEA,INDSO,3.65
2034,5,20.0,INDNE,INDNO,13.0
2034,5,20.0,INDSO,INDWE,-1.89
2035,5,20.0,INDEA,INDNE,-15.53
2035,5,20.0,INDEA,INDSO,5.68
2035,5,20.0,INDEA,INDWE,0.34
2035,5,20.0,INDNE,INDNO,15.0
2036,5,20.0,INDEA,INDNE,-17.53
2036,5,20.0,INDEA,INDSO,5.79
2036,5,20.0,INDEA,INDWE,0.6
2036,5,20.0,INDNE,INDNO,17.0
2037,5,20.0,INDEA,INDNE,-19.53
2037,5,20.0,INDEA,INDSO,5.9
2037,5,20.0,INDEA,INDWE,0.87
2037,5,20.0,INDNE,INDNO,19.0
2038,5,20.0,INDEA,INDNE,-21.53
2038,5,20.0,INDEA,INDSO,6.0
2038,5,20.0,INDEA,INDWE,1.13
2038,5,20.0,INDNE,INDNO,21.0
2039,5,20.0,INDEA,INDNE,-23.53
2039,5,20.0,INDEA,INDSO,6.11
2039,5,20.0,INDEA,INDWE,1.39
2039,5,20.0,INDNE,INDNO,23.0
2040,5,20.0,INDEA,INDNE,-25.53
2040,5,20.0,INDEA,INDSO,6.22
2040,5,20.0,INDEA,INDWE,1.65
2040,5,20.0,INDNE,INDNO,25.0
2041,5,20.0,INDEA,INDNE,-27.52
2041,5,20.0,INDEA,INDSO,6.34
2041,5,20.0,INDEA,INDWE,1.94
2041,5,20.0,INDNE,INDNO,27.0
2042,5,20.0,INDEA,INDNE,-29.52
2042,5,20.0,INDEA,INDSO,6.46
2042,5,20.0,INDEA,INDWE,2.22
2042,5,20.0,INDNE,INDNO,28.99
2043,5,20.0,INDEA,INDNE,-31.52
2043,5,20.0,INDEA,INDSO,6.58
2043,5,20.0,INDEA,INDWE,2.5
2043,5,20.0,INDNE,INDNO,30.99
2044,5,20.0,INDEA,INDNE,-33.52
2044,5,20.0,INDEA,INDSO,6.65
2044,5,20.0,INDEA,INDWE,1.45
2044,5,20.0,INDNE,INDNO,32.99
2045,5,20.0,INDEA,INDNE,-35.52
2045,5,20.0,INDEA,INDSO,5.71
2045,5,20.0,INDNE,INDNO,34.99
2046,5,20.0,INDEA,INDNE,-37.52
2046,5,20.0,INDEA,INDSO,1.34
2046,5,20.0,INDNE,INDNO,36.99
2046,5,20.0,INDNO,INDWE,4.11
2047,5,20.0,INDEA,INDNE,-39.52
2047,5,20.0,INDEA,INDSO,0.65
2047,5,20.0,INDNE,INDNO,38.99
2047,5,20.0,INDNO,INDWE,0.31
2048,5,20.0,INDEA,INDNE,-41.52
2048,5,20.0,INDNE,INDNO,40.99
2049,5,20.0,INDEA,INDNE,-43.52
2049,5,20.0,INDNE,INDNO,42.99
2050,5,20.0,INDEA,INDNE,-45.52
2050,5,20.0,INDNE,INDNO,44.99
2021,5,21.0,INDEA,INDNE,2.79
2022,5,21.0,INDEA,INDNE,2.86
2022,5,21.0,INDNE,INDNO,-0.29
2023,5,21.0,INDEA,INDNE,2.85
2024,5,21.0,INDEA,INDNE,-3.53
2024,5,21.0,INDNE,INDNO,3.0
2025,5,21.0,INDEA,INDNE,-3.53
2025,5,21.0,INDNE,INDNO,3.0
2025,5,21.0,INDSO,INDWE,-2.73
2026,5,21.0,INDEA,INDNE,-3.53
2026,5,21.0,INDNE,INDNO,3.0
2026,5,21.0,INDSO,INDWE,-3.08
2027,5,21.0,INDEA,INDNE,-3.53
2027,5,21.0,INDNE,INDNO,3.0
2027,5,21.0,INDSO,INDWE,-5.43
2028,5,21.0,INDEA,INDNE,-3.53
2028,5,21.0,INDNE,INDNO,3.0
2028,5,21.0,INDSO,INDWE,-8.49
2029,5,21.0,INDEA,INDNE,-3.53
2029,5,21.0,INDNE,INDNO,3.0
2029,5,21.0,INDSO,INDWE,-11.34
2030,5,21.0,INDEA,INDNE,-5.53
2030,5,21.0,INDEA,INDNO,0.63
2030,5,21.0,INDNE,INDNO,5.0
2030,5,21.0,INDSO,INDWE,-14.88
2031,5,21.0,INDEA,INDNE,-7.53
2031,5,21.0,INDNE,INDNO,7.0
2031,5,21.0,INDSO,INDWE,-4.75
2032,5,21.0,INDEA,INDNE,-9.53
2032,5,21.0,INDNE,INDNO,9.0
2032,5,21.0,INDSO,INDWE,-5.06
2033,5,21.0,INDEA,INDNE,-11.53
2033,5,21.0,INDNE,INDNO,11.0
2033,5,21.0,INDSO,INDWE,-5.35
2034,5,21.0,INDEA,INDNE,-13.53
2034,5,21.0,INDEA,INDSO,3.65
2034,5,21.0,INDNE,INDNO,13.0
2034,5,21.0,INDSO,INDWE,-1.89
2035,5,21.0,INDEA,INDNE,-15.53
2035,5,21.0,INDEA,INDSO,5.68
2035,5,21.0,INDEA,INDWE,0.34
2035,5,21.0,INDNE,INDNO,15.0
2036,5,21.0,INDEA,INDNE,-17.53
2036,5,21.0,INDEA,INDSO,5.79
2036,5,21.0,INDEA,INDWE,0.6
2036,5,21.0,INDNE,INDNO,17.0
2037,5,21.0,INDEA,INDNE,-19.53
2037,5,21.0,INDEA,INDSO,5.9
2037,5,21.0,INDEA,INDWE,0.87
2037,5,21.0,INDNE,INDNO,19.0
2038,5,21.0,INDEA,INDNE,-21.53
2038,5,21.0,INDEA,INDSO,6.0
2038,5,21.0,INDEA,INDWE,1.13
2038,5,21.0,INDNE,INDNO,21.0
2039,5,21.0,INDEA,INDNE,-23.53
2039,5,21.0,INDEA,INDSO,6.11
2039,5,21.0,INDEA,INDWE,1.39
2039,5,21.0,INDNE,INDNO,23.0
2040,5,21.0,INDEA,INDNE,-25.53
2040,5,21.0,INDEA,INDSO,6.22
2040,5,21.0,INDEA,INDWE,1.65
2040,5,21.0,INDNE,INDNO,25.0
2041,5,21.0,INDEA,INDNE,-27.52
2041,5,21.0,INDEA,INDSO,6.34
2041,5,21.0,INDEA,INDWE,1.94
2041,5,21.0,INDNE,INDNO,27.0
2042,5,21.0,INDEA,INDNE,-29.52
2042,5,21.0,INDEA,INDSO,6.46
2042,5,21.0,INDEA,INDWE,2.22
2042,5,21.0,INDNE,INDNO,28.99
2043,5,21.0,INDEA,INDNE,-31.52
2043,5,21.0,INDEA,INDSO,6.58
2043,5,21.0,INDEA,INDWE,2.5
2043,5,21.0,INDNE,INDNO,30.99
2044,5,21.0,INDEA,INDNE,-33.52
2044,5,21.0,INDEA,INDSO,6.65
2044,5,21.0,INDEA,INDWE,1.45
2044,5,21.0,INDNE,INDNO,32.99
2045,5,21.0,INDEA,INDNE,-35.52
2045,5,21.0,INDEA,INDSO,5.71
2045,5,21.0,INDNE,INDNO,34.99
2046,5,21.0,INDEA,INDNE,-37.52
2046,5,21.0,INDEA,INDSO,1.34
2046,5,21.0,INDNE,INDNO,36.99
2046,5,21.0,INDNO,INDWE,4.11
2047,5,21.0,INDEA,INDNE,-39.52
2047,5,21.0,INDEA,INDSO,0.65
2047,5,21.0,INDNE,INDNO,38.99
2047,5,21.0,INDNO,INDWE,0.31
2048,5,21.0,INDEA,INDNE,-41.52
2048,5,21.0,INDNE,INDNO,40.99
2049,5,21.0,INDEA,INDNE,-43.52
2049,5,21.0,INDNE,INDNO,42.99
2050,5,21.0,INDEA,INDNE,-45.52
2050,5,21.0,INDNE,INDNO,44.99
2021,5,22.0,INDEA,INDNE,2.79
2022,5,22.0,INDEA,INDNE,2.86
2022,5,22.0,INDNE,INDNO,-0.29
2023,5,22.0,INDEA,INDNE,2.85
2024,5,22.0,INDEA,INDNE,-3.53
2024,5,22.0,INDNE,INDNO,3.0
2025,5,22.0,INDEA,INDNE,-3.53
2025,5,22.0,INDNE,INDNO,3.0
2025,5,22.0,INDSO,INDWE,-2.73
2026,5,22.0,INDEA,INDNE,-3.53
2026,5,22.0,INDNE,INDNO,3.0
2026,5,22.0,INDSO,INDWE,-3.08
2027,5,22.0,INDEA,INDNE,-3.53
2027,5,22.0,INDNE,INDNO,3.0
2027,5,22.0,INDSO,INDWE,-5.43
2028,5,22.0,INDEA,INDNE,-3.53
2028,5,22.0,INDNE,INDNO,3.0
2028,5,22.0,INDSO,INDWE,-8.49
2029,5,22.0,INDEA,INDNE,-3.53
2029,5,22.0,INDNE,INDNO,3.0
2029,5,22.0,INDSO,INDWE,-11.34
2030,5,22.0,INDEA,INDNE,-5.53
2030,5,22.0,INDEA,INDNO,0.63
2030,5,22.0,INDNE,INDNO,5.0
2030,5,22.0,INDSO,INDWE,-14.88
2031,5,22.0,INDEA,INDNE,-7.53
2031,5,22.0,INDNE,INDNO,7.0
2031,5,22.0,INDSO,INDWE,-4.75
2032,5,22.0,INDEA,INDNE,-9.53
2032,5,22.0,INDNE,INDNO,9.0
2032,5,22.0,INDSO,INDWE,-5.06
2033,5,22.0,INDEA,INDNE,-11.53
2033,5,22.0,INDNE,INDNO,11.0
2033,5,22.0,INDSO,INDWE,-5.35
2034,5,22.0,INDEA,INDNE,-13.53
2034,5,22.0,INDEA,INDSO,3.65
2034,5,22.0,INDNE,INDNO,13.0
2034,5,22.0,INDSO,INDWE,-1.89
2035,5,22.0,INDEA,INDNE,-15.53
2035,5,22.0,INDEA,INDSO,5.68
2035,5,22.0,INDEA,INDWE,0.34
2035,5,22.0,INDNE,INDNO,15.0
2036,5,22.0,INDEA,INDNE,-17.53
2036,5,22.0,INDEA,INDSO,5.79
2036,5,22.0,INDEA,INDWE,0.6
2036,5,22.0,INDNE,INDNO,17.0
2037,5,22.0,INDEA,INDNE,-19.53
2037,5,22.0,INDEA,INDSO,5.9
2037,5,22.0,INDEA,INDWE,0.87
2037,5,22.0,INDNE,INDNO,19.0
2038,5,22.0,INDEA,INDNE,-21.53
2038,5,22.0,INDEA,INDSO,6.0
2038,5,22.0,INDEA,INDWE,1.13
2038,5,22.0,INDNE,INDNO,21.0
2039,5,22.0,INDEA,INDNE,-23.53
2039,5,22.0,INDEA,INDSO,6.11
2039,5,22.0,INDEA,INDWE,1.39
2039,5,22.0,INDNE,INDNO,23.0
2040,5,22.0,INDEA,INDNE,-25.53
2040,5,22.0,INDEA,INDSO,6.22
2040,5,22.0,INDEA,INDWE,1.65
2040,5,22.0,INDNE,INDNO,25.0
2041,5,22.0,INDEA,INDNE,-27.52
2041,5,22.0,INDEA,INDSO,6.34
2041,5,22.0,INDEA,INDWE,1.94
2041,5,22.0,INDNE,INDNO,27.0
2042,5,22.0,INDEA,INDNE,-29.52
2042,5,22.0,INDEA,INDSO,6.46
2042,5,22.0,INDEA,INDWE,2.22
2042,5,22.0,INDNE,INDNO,28.99
2043,5,22.0,INDEA,INDNE,-31.52
2043,5,22.0,INDEA,INDSO,6.58
2043,5,22.0,INDEA,INDWE,2.5
2043,5,22.0,INDNE,INDNO,30.99
2044,5,22.0,INDEA,INDNE,-33.52
2044,5,22.0,INDEA,INDSO,6.65
2044,5,22.0,INDEA,INDWE,1.45
2044,5,22.0,INDNE,INDNO,32.99
2045,5,22.0,INDEA,INDNE,-35.52
2045,5,22.0,INDEA,INDSO,5.71
2045,5,22.0,INDNE,INDNO,34.99
2046,5,22.0,INDEA,INDNE,-37.52
2046,5,22.0,INDEA,INDSO,1.34
2046,5,22.0,INDNE,INDNO,36.99
2046,5,22.0,INDNO,INDWE,4.11
2047,5,22.0,INDEA,INDNE,-39.52
2047,5,22.0,INDEA,INDSO,0.65
2047,5,22.0,INDNE,INDNO,38.99
2047,5,22.0,INDNO,INDWE,0.31
2048,5,22.0,INDEA,INDNE,-41.52
2048,5,22.0,INDNE,INDNO,40.99
2049,5,22.0,INDEA,INDNE,-43.52
2049,5,22.0,INDNE,INDNO,42.99
2050,5,22.0,INDEA,INDNE,-45.52
2050,5,22.0,INDNE,INDNO,44.99
2021,5,23.0,INDEA,INDNE,2.79
2022,5,23.0,INDEA,INDNE,2.86
2022,5,23.0,INDNE,INDNO,-0.29
2023,5,23.0,INDEA,INDNE,2.85
2024,5,23.0,INDEA,INDNE,-3.53
2024,5,23.0,INDNE,INDNO,3.0
2025,5,23.0,INDEA,INDNE,-3.53
2025,5,23.0,INDNE,INDNO,3.0
2025,5,23.0,INDSO,INDWE,-2.73
2026,5,23.0,INDEA,INDNE,-3.53
2026,5,23.0,INDNE,INDNO,3.0
2026,5,23.0,INDSO,INDWE,-3.08
2027,5,23.0,INDEA,INDNE,-3.53
2027,5,23.0,INDNE,INDNO,3.0
2027,5,23.0,INDSO,INDWE,-5.43
2028,5,23.0,INDEA,INDNE,-3.53
2028,5,23.0,INDNE,INDNO,3.0
2028,5,23.0,INDSO,INDWE,-8.49
2029,5,23.0,INDEA,INDNE,-3.53
2029,5,23.0,INDNE,INDNO,3.0
2029,5,23.0,INDSO,INDWE,-11.34
2030,5,23.0,INDEA,INDNE,-5.53
2030,5,23.0,INDEA,INDNO,0.63
2030,5,23.0,INDNE,INDNO,5.0
2030,5,23.0,INDSO,INDWE,-14.88
2031,5,23.0,INDEA,INDNE,-7.53
2031,5,23.0,INDNE,INDNO,7.0
2031,5,23.0,INDSO,INDWE,-4.75
2032,5,23.0,INDEA,INDNE,-9.53
2032,5,23.0,INDNE,INDNO,9.0
2032,5,23.0,INDSO,INDWE,-5.06
2033,5,23.0,INDEA,INDNE,-11.53
2033,5,23.0,INDNE,INDNO,11.0
2033,5,23.0,INDSO,INDWE,-5.35
2034,5,23.0,INDEA,INDNE,-13.53
2034,5,23.0,INDEA,INDSO,3.65
2034,5,23.0,INDNE,INDNO,13.0
2034,5,23.0,INDSO,INDWE,-1.89
2035,5,23.0,INDEA,INDNE,-15.53
2035,5,23.0,INDEA,INDSO,5.68
2035,5,23.0,INDEA,INDWE,0.34
2035,5,23.0,INDNE,INDNO,15.0
2036,5,23.0,INDEA,INDNE,-17.53
2036,5,23.0,INDEA,INDSO,5.79
2036,5,23.0,INDEA,INDWE,0.6
2036,5,23.0,INDNE,INDNO,17.0
2037,5,23.0,INDEA,INDNE,-19.53
2037,5,23.0,INDEA,INDSO,5.9
2037,5,23.0,INDEA,INDWE,0.87
2037,5,23.0,INDNE,INDNO,19.0
2038,5,23.0,INDEA,INDNE,-21.53
2038,5,23.0,INDEA,INDSO,6.0
2038,5,23.0,INDEA,INDWE,1.13
2038,5,23.0,INDNE,INDNO,21.0
2039,5,23.0,INDEA,INDNE,-23.53
2039,5,23.0,INDEA,INDSO,6.11
2039,5,23.0,INDEA,INDWE,1.39
2039,5,23.0,INDNE,INDNO,23.0
2040,5,23.0,INDEA,INDNE,-25.53
2040,5,23.0,INDEA,INDSO,6.22
2040,5,23.0,INDEA,INDWE,1.65
2040,5,23.0,INDNE,INDNO,25.0
2041,5,23.0,INDEA,INDNE,-27.52
2041,5,23.0,INDEA,INDSO,6.34
2041,5,23.0,INDEA,INDWE,1.94
2041,5,23.0,INDNE,INDNO,27.0
2042,5,23.0,INDEA,INDNE,-29.52
2042,5,23.0,INDEA,INDSO,6.46
2042,5,23.0,INDEA,INDWE,2.22
2042,5,23.0,INDNE,INDNO,28.99
2043,5,23.0,INDEA,INDNE,-31.52
2043,5,23.0,INDEA,INDSO,6.58
2043,5,23.0,INDEA,INDWE,2.5
2043,5,23.0,INDNE,INDNO,30.99
2044,5,23.0,INDEA,INDNE,-33.52
2044,5,23.0,INDEA,INDSO,6.65
2044,5,23.0,INDEA,INDWE,1.45
2044,5,23.0,INDNE,INDNO,32.99
2045,5,23.0,INDEA,INDNE,-35.52
2045,5,23.0,INDEA,INDSO,5.71
2045,5,23.0,INDNE,INDNO,34.99
2046,5,23.0,INDEA,INDNE,-37.52
2046,5,23.0,INDEA,INDSO,1.34
2046,5,23.0,INDNE,INDNO,36.99
2046,5,23.0,INDNO,INDWE,4.11
2047,5,23.0,INDEA,INDNE,-39.52
2047,5,23.0,INDEA,INDSO,0.65
2047,5,23.0,INDNE,INDNO,38.99
2047,5,23.0,INDNO,INDWE,0.31
2048,5,23.0,INDEA,INDNE,-41.52
2048,5,23.0,INDNE,INDNO,40.99
2049,5,23.0,INDEA,INDNE,-43.52
2049,5,23.0,INDNE,INDNO,42.99
2050,5,23.0,INDEA,INDNE,-45.52
2050,5,23.0,INDNE,INDNO,44.99
2021,5,24.0,INDEA,INDNE,2.79
2022,5,24.0,INDEA,INDNE,2.86
2022,5,24.0,INDNE,INDNO,-0.29
2023,5,24.0,INDEA,INDNE,2.85
2024,5,24.0,INDEA,INDNE,-3.53
2024,5,24.0,INDNE,INDNO,3.0
2025,5,24.0,INDEA,INDNE,-3.53
2025,5,24.0,INDNE,INDNO,3.0
2025,5,24.0,INDSO,INDWE,-2.73
2026,5,24.0,INDEA,INDNE,-3.53
2026,5,24.0,INDNE,INDNO,3.0
2026,5,24.0,INDSO,INDWE,-3.08
2027,5,24.0,INDEA,INDNE,-3.53
2027,5,24.0,INDNE,INDNO,3.0
2027,5,24.0,INDSO,INDWE,-5.43
2028,5,24.0,INDEA,INDNE,-3.53
2028,5,24.0,INDNE,INDNO,3.0
2028,5,24.0,INDSO,INDWE,-8.49
2029,5,24.0,INDEA,INDNE,-3.53
2029,5,24.0,INDNE,INDNO,3.0
2029,5,24.0,INDSO,INDWE,-11.34
2030,5,24.0,INDEA,INDNE,-5.53
2030,5,24.0,INDEA,INDNO,0.63
2030,5,24.0,INDNE,INDNO,5.0
2030,5,24.0,INDSO,INDWE,-14.88
2031,5,24.0,INDEA,INDNE,-7.53
2031,5,24.0,INDNE,INDNO,7.0
2031,5,24.0,INDSO,INDWE,-4.75
2032,5,24.0,INDEA,INDNE,-9.53
2032,5,24.0,INDNE,INDNO,9.0
2032,5,24.0,INDSO,INDWE,-5.06
2033,5,24.0,INDEA,INDNE,-11.53
2033,5,24.0,INDNE,INDNO,11.0
2033,5,24.0,INDSO,INDWE,-5.35
2034,5,24.0,INDEA,INDNE,-13.53
2034,5,24.0,INDEA,INDSO,3.65
2034,5,24.0,INDNE,INDNO,13.0
2034,5,24.0,INDSO,INDWE,-1.89
2035,5,24.0,INDEA,INDNE,-15.53
2035,5,24.0,INDEA,INDSO,5.68
2035,5,24.0,INDEA,INDWE,0.34
2035,5,24.0,INDNE,INDNO,15.0
2036,5,24.0,INDEA,INDNE,-17.53
2036,5,24.0,INDEA,INDSO,5.79
2036,5,24.0,INDEA,INDWE,0.6
2036,5,24.0,INDNE,INDNO,17.0
2037,5,24.0,INDEA,INDNE,-19.53
2037,5,24.0,INDEA,INDSO,5.9
2037,5,24.0,INDEA,INDWE,0.87
2037,5,24.0,INDNE,INDNO,19.0
2038,5,24.0,INDEA,INDNE,-21.53
2038,5,24.0,INDEA,INDSO,6.0
2038,5,24.0,INDEA,INDWE,1.13
2038,5,24.0,INDNE,INDNO,21.0
2039,5,24.0,INDEA,INDNE,-23.53
2039,5,24.0,INDEA,INDSO,6.11
2039,5,24.0,INDEA,INDWE,1.39
2039,5,24.0,INDNE,INDNO,23.0
2040,5,24.0,INDEA,INDNE,-25.53
2040,5,24.0,INDEA,INDSO,6.22
2040,5,24.0,INDEA,INDWE,1.65
2040,5,24.0,INDNE,INDNO,25.0
2041,5,24.0,INDEA,INDNE,-27.52
2041,5,24.0,INDEA,INDSO,6.34
2041,5,24.0,INDEA,INDWE,1.94
2041,5,24.0,INDNE,INDNO,27.0
2042,5,24.0,INDEA,INDNE,-29.52
2042,5,24.0,INDEA,INDSO,6.46
2042,5,24.0,INDEA,INDWE,2.22
2042,5,24.0,INDNE,INDNO,28.99
2043,5,24.0,INDEA,INDNE,-31.52
2043,5,24.0,INDEA,INDSO,6.58
2043,5,24.0,INDEA,INDWE,2.5
2043,5,24.0,INDNE,INDNO,30.99
2044,5,24.0,INDEA,INDNE,-33.52
2044,5,24.0,INDEA,INDSO,6.65
2044,5,24.0,INDEA,INDWE,1.45
2044,5,24.0,INDNE,INDNO,32.99
2045,5,24.0,INDEA,INDNE,-35.52
2045,5,24.0,INDEA,INDSO,5.71
2045,5,24.0,INDNE,INDNO,34.99
2046,5,24.0,INDEA,INDNE,-37.52
2046,5,24.0,INDEA,INDSO,1.34
2046,5,24.0,INDNE,INDNO,36.99
2046,5,24.0,INDNO,INDWE,4.11
2047,5,24.0,INDEA,INDNE,-39.52
2047,5,24.0,INDEA,INDSO,0.65
2047,5,24.0,INDNE,INDNO,38.99
2047,5,24.0,INDNO,INDWE,0.31
2048,5,24.0,INDEA,INDNE,-41.52
2048,5,24.0,INDNE,INDNO,40.99
2049,5,24.0,INDEA,INDNE,-43.52
2049,5,24.0,INDNE,INDNO,42.99
2050,5,24.0,INDEA,INDNE,-45.52
2050,5,24.0,INDNE,INDNO,44.99
2021,6,1.0,INDEA,INDNE,2.68
2022,6,1.0,INDEA,INDNE,2.86
2023,6,1.0,INDEA,INDNE,2.43
2024,6,1.0,INDEA,INDNE,-3.53
2024,6,1.0,INDNE,INDNO,3.0
2025,6,1.0,INDEA,INDNE,-3.53
2025,6,1.0,INDEA,INDNO,-4.54
2025,6,1.0,INDNE,INDNO,3.0
2025,6,1.0,INDNO,INDWE,12.63
2025,6,1.0,INDSO,INDWE,-15.66
2026,6,1.0,INDEA,INDNE,-3.53
2026,6,1.0,INDEA,INDNO,-5.34
2026,6,1.0,INDNE,INDNO,3.0
2026,6,1.0,INDNO,INDWE,9.96
2026,6,1.0,INDSO,INDWE,-12.83
2027,6,1.0,INDEA,INDNE,-3.53
2027,6,1.0,INDEA,INDNO,-6.34
2027,6,1.0,INDNE,INDNO,3.0
2027,6,1.0,INDNO,INDWE,6.96
2027,6,1.0,INDSO,INDWE,-7.91
2028,6,1.0,INDEA,INDNE,-3.53
2028,6,1.0,INDEA,INDNO,-8.19
2028,6,1.0,INDNE,INDNO,3.0
2028,6,1.0,INDNO,INDWE,4.24
2028,6,1.0,INDSO,INDWE,-3.48
2029,6,1.0,INDEA,INDNE,-3.53
2029,6,1.0,INDEA,INDNO,-9.21
2029,6,1.0,INDNE,INDNO,3.0
2029,6,1.0,INDNO,INDWE,0.77
2030,6,1.0,INDEA,INDNE,-5.53
2030,6,1.0,INDEA,INDNO,-8.16
2030,6,1.0,INDNE,INDNO,5.0
2030,6,1.0,INDNO,INDWE,2.19
2031,6,1.0,INDEA,INDNE,-7.53
2031,6,1.0,INDEA,INDNO,-5.83
2031,6,1.0,INDNE,INDNO,7.0
2032,6,1.0,INDEA,INDNE,-9.53
2032,6,1.0,INDEA,INDNO,-4.18
2032,6,1.0,INDNE,INDNO,9.0
2033,6,1.0,INDEA,INDNE,-11.53
2033,6,1.0,INDNE,INDNO,11.0
2034,6,1.0,INDEA,INDNE,-13.53
2034,6,1.0,INDNE,INDNO,13.0
2035,6,1.0,INDEA,INDNE,-15.53
2035,6,1.0,INDNE,INDNO,15.0
2036,6,1.0,INDEA,INDNE,-17.53
2036,6,1.0,INDNE,INDNO,17.0
2037,6,1.0,INDEA,INDNE,-19.53
2037,6,1.0,INDNE,INDNO,19.0
2038,6,1.0,INDEA,INDNE,-21.53
2038,6,1.0,INDNE,INDNO,21.0
2039,6,1.0,INDEA,INDNE,-23.53
2039,6,1.0,INDNE,INDNO,23.0
2040,6,1.0,INDEA,INDNE,-25.53
2040,6,1.0,INDNE,INDNO,25.0
2041,6,1.0,INDEA,INDNE,-27.52
2041,6,1.0,INDNE,INDNO,27.0
2042,6,1.0,INDEA,INDNE,-29.52
2042,6,1.0,INDNE,INDNO,28.99
2043,6,1.0,INDEA,INDNE,-31.52
2043,6,1.0,INDNE,INDNO,30.99
2044,6,1.0,INDEA,INDNE,-33.52
2044,6,1.0,INDNE,INDNO,32.99
2045,6,1.0,INDEA,INDNE,-35.52
2045,6,1.0,INDNE,INDNO,34.99
2045,6,1.0,INDSO,INDWE,-9.88
2046,6,1.0,INDEA,INDNE,-37.52
2046,6,1.0,INDNE,INDNO,30.39
2046,6,1.0,INDSO,INDWE,-16.42
2047,6,1.0,INDEA,INDNE,-39.52
2047,6,1.0,INDNE,INDNO,28.8
2047,6,1.0,INDSO,INDWE,-25.25
2048,6,1.0,INDEA,INDNE,-41.52
2048,6,1.0,INDEA,INDSO,1.18
2048,6,1.0,INDNE,INDNO,32.89
2048,6,1.0,INDSO,INDWE,-30.11
2049,6,1.0,INDEA,INDNE,-43.52
2049,6,1.0,INDEA,INDSO,7.83
2049,6,1.0,INDNE,INDNO,34.01
2049,6,1.0,INDSO,INDWE,-32.11
2050,6,1.0,INDEA,INDNE,-45.52
2050,6,1.0,INDEA,INDSO,7.94
2050,6,1.0,INDNE,INDNO,35.54
2050,6,1.0,INDSO,INDWE,-34.11
2021,6,2.0,INDEA,INDNE,2.68
2022,6,2.0,INDEA,INDNE,2.86
2023,6,2.0,INDEA,INDNE,2.43
2024,6,2.0,INDEA,INDNE,-3.53
2024,6,2.0,INDNE,INDNO,3.0
2025,6,2.0,INDEA,INDNE,-3.53
2025,6,2.0,INDEA,INDNO,-4.54
2025,6,2.0,INDNE,INDNO,3.0
2025,6,2.0,INDNO,INDWE,12.63
2025,6,2.0,INDSO,INDWE,-15.66
2026,6,2.0,INDEA,INDNE,-3.53
2026,6,2.0,INDEA,INDNO,-5.34
2026,6,2.0,INDNE,INDNO,3.0
2026,6,2.0,INDNO,INDWE,9.96
2026,6,2.0,INDSO,INDWE,-12.83
2027,6,2.0,INDEA,INDNE,-3.53
2027,6,2.0,INDEA,INDNO,-6.34
2027,6,2.0,INDNE,INDNO,3.0
2027,6,2.0,INDNO,INDWE,6.96
2027,6,2.0,INDSO,INDWE,-7.91
2028,6,2.0,INDEA,INDNE,-3.53
2028,6,2.0,INDEA,INDNO,-8.19
2028,6,2.0,INDNE,INDNO,3.0
2028,6,2.0,INDNO,INDWE,4.24
2028,6,2.0,INDSO,INDWE,-3.48
2029,6,2.0,INDEA,INDNE,-3.53
2029,6,2.0,INDEA,INDNO,-9.21
2029,6,2.0,INDNE,INDNO,3.0
2029,6,2.0,INDNO,INDWE,0.77
2030,6,2.0,INDEA,INDNE,-5.53
2030,6,2.0,INDEA,INDNO,-8.16
2030,6,2.0,INDNE,INDNO,5.0
2030,6,2.0,INDNO,INDWE,2.19
2031,6,2.0,INDEA,INDNE,-7.53
2031,6,2.0,INDEA,INDNO,-5.83
2031,6,2.0,INDNE,INDNO,7.0
2032,6,2.0,INDEA,INDNE,-9.53
2032,6,2.0,INDEA,INDNO,-4.18
2032,6,2.0,INDNE,INDNO,9.0
2033,6,2.0,INDEA,INDNE,-11.53
2033,6,2.0,INDNE,INDNO,11.0
2034,6,2.0,INDEA,INDNE,-13.53
2034,6,2.0,INDNE,INDNO,13.0
2035,6,2.0,INDEA,INDNE,-15.53
2035,6,2.0,INDNE,INDNO,15.0
2036,6,2.0,INDEA,INDNE,-17.53
2036,6,2.0,INDNE,INDNO,17.0
2037,6,2.0,INDEA,INDNE,-19.53
2037,6,2.0,INDNE,INDNO,19.0
2038,6,2.0,INDEA,INDNE,-21.53
2038,6,2.0,INDNE,INDNO,21.0
2039,6,2.0,INDEA,INDNE,-23.53
2039,6,2.0,INDNE,INDNO,23.0
2040,6,2.0,INDEA,INDNE,-25.53
2040,6,2.0,INDNE,INDNO,25.0
2041,6,2.0,INDEA,INDNE,-27.52
2041,6,2.0,INDNE,INDNO,27.0
2042,6,2.0,INDEA,INDNE,-29.52
2042,6,2.0,INDNE,INDNO,28.99
2043,6,2.0,INDEA,INDNE,-31.52
2043,6,2.0,INDNE,INDNO,30.99
2044,6,2.0,INDEA,INDNE,-33.52
2044,6,2.0,INDNE,INDNO,32.99
2045,6,2.0,INDEA,INDNE,-35.52
2045,6,2.0,INDNE,INDNO,34.99
2045,6,2.0,INDSO,INDWE,-9.88
2046,6,2.0,INDEA,INDNE,-37.52
2046,6,2.0,INDNE,INDNO,30.39
2046,6,2.0,INDSO,INDWE,-16.42
2047,6,2.0,INDEA,INDNE,-39.52
2047,6,2.0,INDNE,INDNO,28.8
2047,6,2.0,INDSO,INDWE,-25.25
2048,6,2.0,INDEA,INDNE,-41.52
2048,6,2.0,INDEA,INDSO,1.18
2048,6,2.0,INDNE,INDNO,32.89
2048,6,2.0,INDSO,INDWE,-30.11
2049,6,2.0,INDEA,INDNE,-43.52
2049,6,2.0,INDEA,INDSO,7.83
2049,6,2.0,INDNE,INDNO,34.01
2049,6,2.0,INDSO,INDWE,-32.11
2050,6,2.0,INDEA,INDNE,-45.52
2050,6,2.0,INDEA,INDSO,7.94
2050,6,2.0,INDNE,INDNO,35.54
2050,6,2.0,INDSO,INDWE,-34.11
2021,6,3.0,INDEA,INDNE,2.68
2022,6,3.0,INDEA,INDNE,2.86
2023,6,3.0,INDEA,INDNE,2.43
2024,6,3.0,INDEA,INDNE,-3.53
2024,6,3.0,INDNE,INDNO,3.0
2025,6,3.0,INDEA,INDNE,-3.53
2025,6,3.0,INDEA,INDNO,-4.54
2025,6,3.0,INDNE,INDNO,3.0
2025,6,3.0,INDNO,INDWE,12.63
2025,6,3.0,INDSO,INDWE,-15.66
2026,6,3.0,INDEA,INDNE,-3.53
2026,6,3.0,INDEA,INDNO,-5.34
2026,6,3.0,INDNE,INDNO,3.0
2026,6,3.0,INDNO,INDWE,9.96
2026,6,3.0,INDSO,INDWE,-12.83
2027,6,3.0,INDEA,INDNE,-3.53
2027,6,3.0,INDEA,INDNO,-6.34
2027,6,3.0,INDNE,INDNO,3.0
2027,6,3.0,INDNO,INDWE,6.96
2027,6,3.0,INDSO,INDWE,-7.91
2028,6,3.0,INDEA,INDNE,-3.53
2028,6,3.0,INDEA,INDNO,-8.19
2028,6,3.0,INDNE,INDNO,3.0
2028,6,3.0,INDNO,INDWE,4.24
2028,6,3.0,INDSO,INDWE,-3.48
2029,6,3.0,INDEA,INDNE,-3.53
2029,6,3.0,INDEA,INDNO,-9.21
2029,6,3.0,INDNE,INDNO,3.0
2029,6,3.0,INDNO,INDWE,0.77
2030,6,3.0,INDEA,INDNE,-5.53
2030,6,3.0,INDEA,INDNO,-8.16
2030,6,3.0,INDNE,INDNO,5.0
2030,6,3.0,INDNO,INDWE,2.19
2031,6,3.0,INDEA,INDNE,-7.53
2031,6,3.0,INDEA,INDNO,-5.83
2031,6,3.0,INDNE,INDNO,7.0
2032,6,3.0,INDEA,INDNE,-9.53
2032,6,3.0,INDEA,INDNO,-4.18
2032,6,3.0,INDNE,INDNO,9.0
2033,6,3.0,INDEA,INDNE,-11.53
2033,6,3.0,INDNE,INDNO,11.0
2034,6,3.0,INDEA,INDNE,-13.53
2034,6,3.0,INDNE,INDNO,13.0
2035,6,3.0,INDEA,INDNE,-15.53
2035,6,3.0,INDNE,INDNO,15.0
2036,6,3.0,INDEA,INDNE,-17.53
2036,6,3.0,INDNE,INDNO,17.0
2037,6,3.0,INDEA,INDNE,-19.53
2037,6,3.0,INDNE,INDNO,19.0
2038,6,3.0,INDEA,INDNE,-21.53
2038,6,3.0,INDNE,INDNO,21.0
2039,6,3.0,INDEA,INDNE,-23.53
2039,6,3.0,INDNE,INDNO,23.0
2040,6,3.0,INDEA,INDNE,-25.53
2040,6,3.0,INDNE,INDNO,25.0
2041,6,3.0,INDEA,INDNE,-27.52
2041,6,3.0,INDNE,INDNO,27.0
2042,6,3.0,INDEA,INDNE,-29.52
2042,6,3.0,INDNE,INDNO,28.99
2043,6,3.0,INDEA,INDNE,-31.52
2043,6,3.0,INDNE,INDNO,30.99
2044,6,3.0,INDEA,INDNE,-33.52
2044,6,3.0,INDNE,INDNO,32.99
2045,6,3.0,INDEA,INDNE,-35.52
2045,6,3.0,INDNE,INDNO,34.99
2045,6,3.0,INDSO,INDWE,-9.88
2046,6,3.0,INDEA,INDNE,-37.52
2046,6,3.0,INDNE,INDNO,30.39
2046,6,3.0,INDSO,INDWE,-16.42
2047,6,3.0,INDEA,INDNE,-39.52
2047,6,3.0,INDNE,INDNO,28.8
2047,6,3.0,INDSO,INDWE,-25.25
2048,6,3.0,INDEA,INDNE,-41.52
2048,6,3.0,INDEA,INDSO,1.18
2048,6,3.0,INDNE,INDNO,32.89
2048,6,3.0,INDSO,INDWE,-30.11
2049,6,3.0,INDEA,INDNE,-43.52
2049,6,3.0,INDEA,INDSO,7.83
2049,6,3.0,INDNE,INDNO,34.01
2049,6,3.0,INDSO,INDWE,-32.11
2050,6,3.0,INDEA,INDNE,-45.52
2050,6,3.0,INDEA,INDSO,7.94
2050,6,3.0,INDNE,INDNO,35.54
2050,6,3.0,INDSO,INDWE,-34.11
2021,6,4.0,INDEA,INDNE,2.68
2022,6,4.0,INDEA,INDNE,2.86
2023,6,4.0,INDEA,INDNE,2.43
2024,6,4.0,INDEA,INDNE,-3.53
2024,6,4.0,INDNE,INDNO,3.0
2025,6,4.0,INDEA,INDNE,-3.53
2025,6,4.0,INDEA,INDNO,-4.54
2025,6,4.0,INDNE,INDNO,3.0
2025,6,4.0,INDNO,INDWE,12.63
2025,6,4.0,INDSO,INDWE,-15.66
2026,6,4.0,INDEA,INDNE,-3.53
2026,6,4.0,INDEA,INDNO,-5.34
2026,6,4.0,INDNE,INDNO,3.0
2026,6,4.0,INDNO,INDWE,9.96
2026,6,4.0,INDSO,INDWE,-12.83
2027,6,4.0,INDEA,INDNE,-3.53
2027,6,4.0,INDEA,INDNO,-6.34
2027,6,4.0,INDNE,INDNO,3.0
2027,6,4.0,INDNO,INDWE,6.96
2027,6,4.0,INDSO,INDWE,-7.91
2028,6,4.0,INDEA,INDNE,-3.53
2028,6,4.0,INDEA,INDNO,-8.19
2028,6,4.0,INDNE,INDNO,3.0
2028,6,4.0,INDNO,INDWE,4.24
2028,6,4.0,INDSO,INDWE,-3.48
2029,6,4.0,INDEA,INDNE,-3.53
2029,6,4.0,INDEA,INDNO,-9.21
2029,6,4.0,INDNE,INDNO,3.0
2029,6,4.0,INDNO,INDWE,0.77
2030,6,4.0,INDEA,INDNE,-5.53
2030,6,4.0,INDEA,INDNO,-8.16
2030,6,4.0,INDNE,INDNO,5.0
2030,6,4.0,INDNO,INDWE,2.19
2031,6,4.0,INDEA,INDNE,-7.53
2031,6,4.0,INDEA,INDNO,-5.83
2031,6,4.0,INDNE,INDNO,7.0
2032,6,4.0,INDEA,INDNE,-9.53
2032,6,4.0,INDEA,INDNO,-4.18
2032,6,4.0,INDNE,INDNO,9.0
2033,6,4.0,INDEA,INDNE,-11.53
2033,6,4.0,INDNE,INDNO,11.0
2034,6,4.0,INDEA,INDNE,-13.53
2034,6,4.0,INDNE,INDNO,13.0
2035,6,4.0,INDEA,INDNE,-15.53
2035,6,4.0,INDNE,INDNO,15.0
2036,6,4.0,INDEA,INDNE,-17.53
2036,6,4.0,INDNE,INDNO,17.0
2037,6,4.0,INDEA,INDNE,-19.53
2037,6,4.0,INDNE,INDNO,19.0
2038,6,4.0,INDEA,INDNE,-21.53
2038,6,4.0,INDNE,INDNO,21.0
2039,6,4.0,INDEA,INDNE,-23.53
2039,6,4.0,INDNE,INDNO,23.0
2040,6,4.0,INDEA,INDNE,-25.53
2040,6,4.0,INDNE,INDNO,25.0
2041,6,4.0,INDEA,INDNE,-27.52
2041,6,4.0,INDNE,INDNO,27.0
2042,6,4.0,INDEA,INDNE,-29.52
2042,6,4.0,INDNE,INDNO,28.99
2043,6,4.0,INDEA,INDNE,-31.52
2043,6,4.0,INDNE,INDNO,30.99
2044,6,4.0,INDEA,INDNE,-33.52
2044,6,4.0,INDNE,INDNO,32.99
2045,6,4.0,INDEA,INDNE,-35.52
2045,6,4.0,INDNE,INDNO,34.99
2045,6,4.0,INDSO,INDWE,-9.88
2046,6,4.0,INDEA,INDNE,-37.52
2046,6,4.0,INDNE,INDNO,30.39
2046,6,4.0,INDSO,INDWE,-16.42
2047,6,4.0,INDEA,INDNE,-39.52
2047,6,4.0,INDNE,INDNO,28.8
2047,6,4.0,INDSO,INDWE,-25.25
2048,6,4.0,INDEA,INDNE,-41.52
2048,6,4.0,INDEA,INDSO,1.18
2048,6,4.0,INDNE,INDNO,32.89
2048,6,4.0,INDSO,INDWE,-30.11
2049,6,4.0,INDEA,INDNE,-43.52
2049,6,4.0,INDEA,INDSO,7.83
2049,6,4.0,INDNE,INDNO,34.01
2049,6,4.0,INDSO,INDWE,-32.11
2050,6,4.0,INDEA,INDNE,-45.52
2050,6,4.0,INDEA,INDSO,7.94
2050,6,4.0,INDNE,INDNO,35.54
2050,6,4.0,INDSO,INDWE,-34.11
2021,6,5.0,INDEA,INDNE,2.68
2022,6,5.0,INDEA,INDNE,2.86
2023,6,5.0,INDEA,INDNE,2.43
2024,6,5.0,INDEA,INDNE,-3.53
2024,6,5.0,INDNE,INDNO,3.0
2025,6,5.0,INDEA,INDNE,-3.53
2025,6,5.0,INDEA,INDNO,-4.54
2025,6,5.0,INDNE,INDNO,3.0
2025,6,5.0,INDNO,INDWE,12.63
2025,6,5.0,INDSO,INDWE,-15.66
2026,6,5.0,INDEA,INDNE,-3.53
2026,6,5.0,INDEA,INDNO,-5.34
2026,6,5.0,INDNE,INDNO,3.0
2026,6,5.0,INDNO,INDWE,9.96
2026,6,5.0,INDSO,INDWE,-12.83
2027,6,5.0,INDEA,INDNE,-3.53
2027,6,5.0,INDEA,INDNO,-6.34
2027,6,5.0,INDNE,INDNO,3.0
2027,6,5.0,INDNO,INDWE,6.96
2027,6,5.0,INDSO,INDWE,-7.91
2028,6,5.0,INDEA,INDNE,-3.53
2028,6,5.0,INDEA,INDNO,-8.19
2028,6,5.0,INDNE,INDNO,3.0
2028,6,5.0,INDNO,INDWE,4.24
2028,6,5.0,INDSO,INDWE,-3.48
2029,6,5.0,INDEA,INDNE,-3.53
2029,6,5.0,INDEA,INDNO,-9.21
2029,6,5.0,INDNE,INDNO,3.0
2029,6,5.0,INDNO,INDWE,0.77
2030,6,5.0,INDEA,INDNE,-5.53
2030,6,5.0,INDEA,INDNO,-8.16
2030,6,5.0,INDNE,INDNO,5.0
2030,6,5.0,INDNO,INDWE,2.19
2031,6,5.0,INDEA,INDNE,-7.53
2031,6,5.0,INDEA,INDNO,-5.83
2031,6,5.0,INDNE,INDNO,7.0
2032,6,5.0,INDEA,INDNE,-9.53
2032,6,5.0,INDEA,INDNO,-4.18
2032,6,5.0,INDNE,INDNO,9.0
2033,6,5.0,INDEA,INDNE,-11.53
2033,6,5.0,INDNE,INDNO,11.0
2034,6,5.0,INDEA,INDNE,-13.53
2034,6,5.0,INDNE,INDNO,13.0
2035,6,5.0,INDEA,INDNE,-15.53
2035,6,5.0,INDNE,INDNO,15.0
2036,6,5.0,INDEA,INDNE,-17.53
2036,6,5.0,INDNE,INDNO,17.0
2037,6,5.0,INDEA,INDNE,-19.53
2037,6,5.0,INDNE,INDNO,19.0
2038,6,5.0,INDEA,INDNE,-21.53
2038,6,5.0,INDNE,INDNO,21.0
2039,6,5.0,INDEA,INDNE,-23.53
2039,6,5.0,INDNE,INDNO,23.0
2040,6,5.0,INDEA,INDNE,-25.53
2040,6,5.0,INDNE,INDNO,25.0
2041,6,5.0,INDEA,INDNE,-27.52
2041,6,5.0,INDNE,INDNO,27.0
2042,6,5.0,INDEA,INDNE,-29.52
2042,6,5.0,INDNE,INDNO,28.99
2043,6,5.0,INDEA,INDNE,-31.52
2043,6,5.0,INDNE,INDNO,30.99
2044,6,5.0,INDEA,INDNE,-33.52
2044,6,5.0,INDNE,INDNO,32.99
2045,6,5.0,INDEA,INDNE,-35.52
2045,6,5.0,INDNE,INDNO,34.99
2045,6,5.0,INDSO,INDWE,-9.88
2046,6,5.0,INDEA,INDNE,-37.52
2046,6,5.0,INDNE,INDNO,30.39
2046,6,5.0,INDSO,INDWE,-16.42
2047,6,5.0,INDEA,INDNE,-39.52
2047,6,5.0,INDNE,INDNO,28.8
2047,6,5.0,INDSO,INDWE,-25.25
2048,6,5.0,INDEA,INDNE,-41.52
2048,6,5.0,INDEA,INDSO,1.18
2048,6,5.0,INDNE,INDNO,32.89
2048,6,5.0,INDSO,INDWE,-30.11
2049,6,5.0,INDEA,INDNE,-43.52
2049,6,5.0,INDEA,INDSO,7.83
2049,6,5.0,INDNE,INDNO,34.01
2049,6,5.0,INDSO,INDWE,-32.11
2050,6,5.0,INDEA,INDNE,-45.52
2050,6,5.0,INDEA,INDSO,7.94
2050,6,5.0,INDNE,INDNO,35.54
2050,6,5.0,INDSO,INDWE,-34.11
2021,6,6.0,INDEA,INDNE,2.68
2022,6,6.0,INDEA,INDNE,2.86
2023,6,6.0,INDEA,INDNE,2.43
2024,6,6.0,INDEA,INDNE,-3.53
2024,6,6.0,INDNE,INDNO,3.0
2025,6,6.0,INDEA,INDNE,-3.53
2025,6,6.0,INDEA,INDNO,-4.54
2025,6,6.0,INDNE,INDNO,3.0
2025,6,6.0,INDNO,INDWE,12.63
2025,6,6.0,INDSO,INDWE,-15.66
2026,6,6.0,INDEA,INDNE,-3.53
2026,6,6.0,INDEA,INDNO,-5.34
2026,6,6.0,INDNE,INDNO,3.0
2026,6,6.0,INDNO,INDWE,9.96
2026,6,6.0,INDSO,INDWE,-12.83
2027,6,6.0,INDEA,INDNE,-3.53
2027,6,6.0,INDEA,INDNO,-6.34
2027,6,6.0,INDNE,INDNO,3.0
2027,6,6.0,INDNO,INDWE,6.96
2027,6,6.0,INDSO,INDWE,-7.91
2028,6,6.0,INDEA,INDNE,-3.53
2028,6,6.0,INDEA,INDNO,-8.19
2028,6,6.0,INDNE,INDNO,3.0
2028,6,6.0,INDNO,INDWE,4.24
2028,6,6.0,INDSO,INDWE,-3.48
2029,6,6.0,INDEA,INDNE,-3.53
2029,6,6.0,INDEA,INDNO,-9.21
2029,6,6.0,INDNE,INDNO,3.0
2029,6,6.0,INDNO,INDWE,0.77
2030,6,6.0,INDEA,INDNE,-5.53
2030,6,6.0,INDEA,INDNO,-8.16
2030,6,6.0,INDNE,INDNO,5.0
2030,6,6.0,INDNO,INDWE,2.19
2031,6,6.0,INDEA,INDNE,-7.53
2031,6,6.0,INDEA,INDNO,-5.83
2031,6,6.0,INDNE,INDNO,7.0
2032,6,6.0,INDEA,INDNE,-9.53
2032,6,6.0,INDEA,INDNO,-4.18
2032,6,6.0,INDNE,INDNO,9.0
2033,6,6.0,INDEA,INDNE,-11.53
2033,6,6.0,INDNE,INDNO,11.0
2034,6,6.0,INDEA,INDNE,-13.53
2034,6,6.0,INDNE,INDNO,13.0
2035,6,6.0,INDEA,INDNE,-15.53
2035,6,6.0,INDNE,INDNO,15.0
2036,6,6.0,INDEA,INDNE,-17.53
2036,6,6.0,INDNE,INDNO,17.0
2037,6,6.0,INDEA,INDNE,-19.53
2037,6,6.0,INDNE,INDNO,19.0
2038,6,6.0,INDEA,INDNE,-21.53
2038,6,6.0,INDNE,INDNO,21.0
2039,6,6.0,INDEA,INDNE,-23.53
2039,6,6.0,INDNE,INDNO,23.0
2040,6,6.0,INDEA,INDNE,-25.53
2040,6,6.0,INDNE,INDNO,25.0
2041,6,6.0,INDEA,INDNE,-27.52
2041,6,6.0,INDNE,INDNO,27.0
2042,6,6.0,INDEA,INDNE,-29.52
2042,6,6.0,INDNE,INDNO,28.99
2043,6,6.0,INDEA,INDNE,-31.52
2043,6,6.0,INDNE,INDNO,30.99
2044,6,6.0,INDEA,INDNE,-33.52
2044,6,6.0,INDNE,INDNO,32.99
2045,6,6.0,INDEA,INDNE,-35.52
2045,6,6.0,INDNE,INDNO,34.99
2045,6,6.0,INDSO,INDWE,-9.88
2046,6,6.0,INDEA,INDNE,-37.52
2046,6,6.0,INDNE,INDNO,30.39
2046,6,6.0,INDSO,INDWE,-16.42
2047,6,6.0,INDEA,INDNE,-39.52
2047,6,6.0,INDNE,INDNO,28.8
2047,6,6.0,INDSO,INDWE,-25.25
2048,6,6.0,INDEA,INDNE,-41.52
2048,6,6.0,INDEA,INDSO,1.18
2048,6,6.0,INDNE,INDNO,32.89
2048,6,6.0,INDSO,INDWE,-30.11
2049,6,6.0,INDEA,INDNE,-43.52
2049,6,6.0,INDEA,INDSO,7.83
2049,6,6.0,INDNE,INDNO,34.01
2049,6,6.0,INDSO,INDWE,-32.11
2050,6,6.0,INDEA,INDNE,-45.52
2050,6,6.0,INDEA,INDSO,7.94
2050,6,6.0,INDNE,INDNO,35.54
2050,6,6.0,INDSO,INDWE,-34.11
2021,6,7.0,INDEA,INDNE,2.68
2022,6,7.0,INDEA,INDNE,2.86
2023,6,7.0,INDEA,INDNE,2.43
2024,6,7.0,INDEA,INDNE,-3.53
2024,6,7.0,INDNE,INDNO,3.0
2025,6,7.0,INDEA,INDNE,-3.53
2025,6,7.0,INDEA,INDNO,-4.54
2025,6,7.0,INDNE,INDNO,3.0
2025,6,7.0,INDNO,INDWE,12.63
2025,6,7.0,INDSO,INDWE,-15.66
2026,6,7.0,INDEA,INDNE,-3.53
2026,6,7.0,INDEA,INDNO,-5.34
2026,6,7.0,INDNE,INDNO,3.0
2026,6,7.0,INDNO,INDWE,9.96
2026,6,7.0,INDSO,INDWE,-12.83
2027,6,7.0,INDEA,INDNE,-3.53
2027,6,7.0,INDEA,INDNO,-6.34
2027,6,7.0,INDNE,INDNO,3.0
2027,6,7.0,INDNO,INDWE,6.96
2027,6,7.0,INDSO,INDWE,-7.91
2028,6,7.0,INDEA,INDNE,-3.53
2028,6,7.0,INDEA,INDNO,-8.19
2028,6,7.0,INDNE,INDNO,3.0
2028,6,7.0,INDNO,INDWE,4.24
2028,6,7.0,INDSO,INDWE,-3.48
2029,6,7.0,INDEA,INDNE,-3.53
2029,6,7.0,INDEA,INDNO,-9.21
2029,6,7.0,INDNE,INDNO,3.0
2029,6,7.0,INDNO,INDWE,0.77
2030,6,7.0,INDEA,INDNE,-5.53
2030,6,7.0,INDEA,INDNO,-8.16
2030,6,7.0,INDNE,INDNO,5.0
2030,6,7.0,INDNO,INDWE,2.19
2031,6,7.0,INDEA,INDNE,-7.53
2031,6,7.0,INDEA,INDNO,-5.83
2031,6,7.0,INDNE,INDNO,7.0
2032,6,7.0,INDEA,INDNE,-9.53
2032,6,7.0,INDEA,INDNO,-4.18
2032,6,7.0,INDNE,INDNO,9.0
2033,6,7.0,INDEA,INDNE,-11.53
2033,6,7.0,INDNE,INDNO,11.0
2034,6,7.0,INDEA,INDNE,-13.53
2034,6,7.0,INDNE,INDNO,13.0
2035,6,7.0,INDEA,INDNE,-15.53
2035,6,7.0,INDNE,INDNO,15.0
2036,6,7.0,INDEA,INDNE,-17.53
2036,6,7.0,INDNE,INDNO,17.0
2037,6,7.0,INDEA,INDNE,-19.53
2037,6,7.0,INDNE,INDNO,19.0
2038,6,7.0,INDEA,INDNE,-21.53
2038,6,7.0,INDNE,INDNO,21.0
2039,6,7.0,INDEA,INDNE,-23.53
2039,6,7.0,INDNE,INDNO,23.0
2040,6,7.0,INDEA,INDNE,-25.53
2040,6,7.0,INDNE,INDNO,25.0
2041,6,7.0,INDEA,INDNE,-27.52
2041,6,7.0,INDNE,INDNO,27.0
2042,6,7.0,INDEA,INDNE,-29.52
2042,6,7.0,INDNE,INDNO,28.99
2043,6,7.0,INDEA,INDNE,-31.52
2043,6,7.0,INDNE,INDNO,30.99
2044,6,7.0,INDEA,INDNE,-33.52
2044,6,7.0,INDNE,INDNO,32.99
2045,6,7.0,INDEA,INDNE,-35.52
2045,6,7.0,INDNE,INDNO,34.99
2045,6,7.0,INDSO,INDWE,-9.88
2046,6,7.0,INDEA,INDNE,-37.52
2046,6,7.0,INDNE,INDNO,30.39
2046,6,7.0,INDSO,INDWE,-16.42
2047,6,7.0,INDEA,INDNE,-39.52
2047,6,7.0,INDNE,INDNO,28.8
2047,6,7.0,INDSO,INDWE,-25.25
2048,6,7.0,INDEA,INDNE,-41.52
2048,6,7.0,INDEA,INDSO,1.18
2048,6,7.0,INDNE,INDNO,32.89
2048,6,7.0,INDSO,INDWE,-30.11
2049,6,7.0,INDEA,INDNE,-43.52
2049,6,7.0,INDEA,INDSO,7.83
2049,6,7.0,INDNE,INDNO,34.01
2049,6,7.0,INDSO,INDWE,-32.11
2050,6,7.0,INDEA,INDNE,-45.52
2050,6,7.0,INDEA,INDSO,7.94
2050,6,7.0,INDNE,INDNO,35.54
2050,6,7.0,INDSO,INDWE,-34.11
2021,6,8.0,INDEA,INDNE,2.68
2022,6,8.0,INDEA,INDNE,2.86
2023,6,8.0,INDEA,INDNE,2.43
2024,6,8.0,INDEA,INDNE,-3.53
2024,6,8.0,INDNE,INDNO,3.0
2025,6,8.0,INDEA,INDNE,-3.53
2025,6,8.0,INDEA,INDNO,-4.54
2025,6,8.0,INDNE,INDNO,3.0
2025,6,8.0,INDNO,INDWE,12.63
2025,6,8.0,INDSO,INDWE,-15.66
2026,6,8.0,INDEA,INDNE,-3.53
2026,6,8.0,INDEA,INDNO,-5.34
2026,6,8.0,INDNE,INDNO,3.0
2026,6,8.0,INDNO,INDWE,9.96
2026,6,8.0,INDSO,INDWE,-12.83
2027,6,8.0,INDEA,INDNE,-3.53
2027,6,8.0,INDEA,INDNO,-6.34
2027,6,8.0,INDNE,INDNO,3.0
2027,6,8.0,INDNO,INDWE,6.96
2027,6,8.0,INDSO,INDWE,-7.91
2028,6,8.0,INDEA,INDNE,-3.53
2028,6,8.0,INDEA,INDNO,-8.19
2028,6,8.0,INDNE,INDNO,3.0
2028,6,8.0,INDNO,INDWE,4.24
2028,6,8.0,INDSO,INDWE,-3.48
2029,6,8.0,INDEA,INDNE,-3.53
2029,6,8.0,INDEA,INDNO,-9.21
2029,6,8.0,INDNE,INDNO,3.0
2029,6,8.0,INDNO,INDWE,0.77
2030,6,8.0,INDEA,INDNE,-5.53
2030,6,8.0,INDEA,INDNO,-8.16
2030,6,8.0,INDNE,INDNO,5.0
2030,6,8.0,INDNO,INDWE,2.19
2031,6,8.0,INDEA,INDNE,-7.53
2031,6,8.0,INDEA,INDNO,-5.83
2031,6,8.0,INDNE,INDNO,7.0
2032,6,8.0,INDEA,INDNE,-9.53
2032,6,8.0,INDEA,INDNO,-4.18
2032,6,8.0,INDNE,INDNO,9.0
2033,6,8.0,INDEA,INDNE,-11.53
2033,6,8.0,INDNE,INDNO,11.0
2034,6,8.0,INDEA,INDNE,-13.53
2034,6,8.0,INDNE,INDNO,13.0
2035,6,8.0,INDEA,INDNE,-15.53
2035,6,8.0,INDNE,INDNO,15.0
2036,6,8.0,INDEA,INDNE,-17.53
2036,6,8.0,INDNE,INDNO,17.0
2037,6,8.0,INDEA,INDNE,-19.53
2037,6,8.0,INDNE,INDNO,19.0
2038,6,8.0,INDEA,INDNE,-21.53
2038,6,8.0,INDNE,INDNO,21.0
2039,6,8.0,INDEA,INDNE,-23.53
2039,6,8.0,INDNE,INDNO,23.0
2040,6,8.0,INDEA,INDNE,-25.53
2040,6,8.0,INDNE,INDNO,25.0
2041,6,8.0,INDEA,INDNE,-27.52
2041,6,8.0,INDNE,INDNO,27.0
2042,6,8.0,INDEA,INDNE,-29.52
2042,6,8.0,INDNE,INDNO,28.99
2043,6,8.0,INDEA,INDNE,-31.52
2043,6,8.0,INDNE,INDNO,30.99
2044,6,8.0,INDEA,INDNE,-33.52
2044,6,8.0,INDNE,INDNO,32.99
2045,6,8.0,INDEA,INDNE,-35.52
2045,6,8.0,INDNE,INDNO,34.99
2045,6,8.0,INDSO,INDWE,-9.88
2046,6,8.0,INDEA,INDNE,-37.52
2046,6,8.0,INDNE,INDNO,30.39
2046,6,8.0,INDSO,INDWE,-16.42
2047,6,8.0,INDEA,INDNE,-39.52
2047,6,8.0,INDNE,INDNO,28.8
2047,6,8.0,INDSO,INDWE,-25.25
2048,6,8.0,INDEA,INDNE,-41.52
2048,6,8.0,INDEA,INDSO,1.18
2048,6,8.0,INDNE,INDNO,32.89
2048,6,8.0,INDSO,INDWE,-30.11
2049,6,8.0,INDEA,INDNE,-43.52
2049,6,8.0,INDEA,INDSO,7.83
2049,6,8.0,INDNE,INDNO,34.01
2049,6,8.0,INDSO,INDWE,-32.11
2050,6,8.0,INDEA,INDNE,-45.52
2050,6,8.0,INDEA,INDSO,7.94
2050,6,8.0,INDNE,INDNO,35.54
2050,6,8.0,INDSO,INDWE,-34.11
2021,6,9.0,INDEA,INDNE,2.68
2022,6,9.0,INDEA,INDNE,2.86
2023,6,9.0,INDEA,INDNE,2.43
2024,6,9.0,INDEA,INDNE,-3.53
2024,6,9.0,INDNE,INDNO,3.0
2025,6,9.0,INDEA,INDNE,-3.53
2025,6,9.0,INDEA,INDNO,-4.54
2025,6,9.0,INDNE,INDNO,3.0
2025,6,9.0,INDNO,INDWE,12.63
2025,6,9.0,INDSO,INDWE,-15.66
2026,6,9.0,INDEA,INDNE,-3.53
2026,6,9.0,INDEA,INDNO,-5.34
2026,6,9.0,INDNE,INDNO,3.0
2026,6,9.0,INDNO,INDWE,9.96
2026,6,9.0,INDSO,INDWE,-12.83
2027,6,9.0,INDEA,INDNE,-3.53
2027,6,9.0,INDEA,INDNO,-6.34
2027,6,9.0,INDNE,INDNO,3.0
2027,6,9.0,INDNO,INDWE,6.96
2027,6,9.0,INDSO,INDWE,-7.91
2028,6,9.0,INDEA,INDNE,-3.53
2028,6,9.0,INDEA,INDNO,-8.19
2028,6,9.0,INDNE,INDNO,3.0
2028,6,9.0,INDNO,INDWE,4.24
2028,6,9.0,INDSO,INDWE,-3.48
2029,6,9.0,INDEA,INDNE,-3.53
2029,6,9.0,INDEA,INDNO,-9.21
2029,6,9.0,INDNE,INDNO,3.0
2029,6,9.0,INDNO,INDWE,0.77
2030,6,9.0,INDEA,INDNE,-5.53
2030,6,9.0,INDEA,INDNO,-8.16
2030,6,9.0,INDNE,INDNO,5.0
2030,6,9.0,INDNO,INDWE,2.19
2031,6,9.0,INDEA,INDNE,-7.53
2031,6,9.0,INDEA,INDNO,-5.83
2031,6,9.0,INDNE,INDNO,7.0
2032,6,9.0,INDEA,INDNE,-9.53
2032,6,9.0,INDEA,INDNO,-4.18
2032,6,9.0,INDNE,INDNO,9.0
2033,6,9.0,INDEA,INDNE,-11.53
2033,6,9.0,INDNE,INDNO,11.0
2034,6,9.0,INDEA,INDNE,-13.53
2034,6,9.0,INDNE,INDNO,13.0
2035,6,9.0,INDEA,INDNE,-15.53
2035,6,9.0,INDNE,INDNO,15.0
2036,6,9.0,INDEA,INDNE,-17.53
2036,6,9.0,INDNE,INDNO,17.0
2037,6,9.0,INDEA,INDNE,-19.53
2037,6,9.0,INDNE,INDNO,19.0
2038,6,9.0,INDEA,INDNE,-21.53
2038,6,9.0,INDNE,INDNO,21.0
2039,6,9.0,INDEA,INDNE,-23.53
2039,6,9.0,INDNE,INDNO,23.0
2040,6,9.0,INDEA,INDNE,-25.53
2040,6,9.0,INDNE,INDNO,25.0
2041,6,9.0,INDEA,INDNE,-27.52
2041,6,9.0,INDNE,INDNO,27.0
2042,6,9.0,INDEA,INDNE,-29.52
2042,6,9.0,INDNE,INDNO,28.99
2043,6,9.0,INDEA,INDNE,-31.52
2043,6,9.0,INDNE,INDNO,30.99
2044,6,9.0,INDEA,INDNE,-33.52
2044,6,9.0,INDNE,INDNO,32.99
2045,6,9.0,INDEA,INDNE,-35.52
2045,6,9.0,INDNE,INDNO,34.99
2045,6,9.0,INDSO,INDWE,-9.88
2046,6,9.0,INDEA,INDNE,-37.52
2046,6,9.0,INDNE,INDNO,30.39
2046,6,9.0,INDSO,INDWE,-16.42
2047,6,9.0,INDEA,INDNE,-39.52
2047,6,9.0,INDNE,INDNO,28.8
2047,6,9.0,INDSO,INDWE,-25.25
2048,6,9.0,INDEA,INDNE,-41.52
2048,6,9.0,INDEA,INDSO,1.18
2048,6,9.0,INDNE,INDNO,32.89
2048,6,9.0,INDSO,INDWE,-30.11
2049,6,9.0,INDEA,INDNE,-43.52
2049,6,9.0,INDEA,INDSO,7.83
2049,6,9.0,INDNE,INDNO,34.01
2049,6,9.0,INDSO,INDWE,-32.11
2050,6,9.0,INDEA,INDNE,-45.52
2050,6,9.0,INDEA,INDSO,7.94
2050,6,9.0,INDNE,INDNO,35.54
2050,6,9.0,INDSO,INDWE,-34.11
2021,6,10.0,INDEA,INDNE,2.68
2022,6,10.0,INDEA,INDNE,2.86
2023,6,10.0,INDEA,INDNE,2.43
2024,6,10.0,INDEA,INDNE,-3.53
2024,6,10.0,INDNE,INDNO,3.0
2025,6,10.0,INDEA,INDNE,-3.53
2025,6,10.0,INDEA,INDNO,-4.54
2025,6,10.0,INDNE,INDNO,3.0
2025,6,10.0,INDNO,INDWE,12.63
2025,6,10.0,INDSO,INDWE,-15.66
2026,6,10.0,INDEA,INDNE,-3.53
2026,6,10.0,INDEA,INDNO,-5.34
2026,6,10.0,INDNE,INDNO,3.0
2026,6,10.0,INDNO,INDWE,9.96
2026,6,10.0,INDSO,INDWE,-12.83
2027,6,10.0,INDEA,INDNE,-3.53
2027,6,10.0,INDEA,INDNO,-6.34
2027,6,10.0,INDNE,INDNO,3.0
2027,6,10.0,INDNO,INDWE,6.96
2027,6,10.0,INDSO,INDWE,-7.91
2028,6,10.0,INDEA,INDNE,-3.53
2028,6,10.0,INDEA,INDNO,-8.19
2028,6,10.0,INDNE,INDNO,3.0
2028,6,10.0,INDNO,INDWE,4.24
2028,6,10.0,INDSO,INDWE,-3.48
2029,6,10.0,INDEA,INDNE,-3.53
2029,6,10.0,INDEA,INDNO,-9.21
2029,6,10.0,INDNE,INDNO,3.0
2029,6,10.0,INDNO,INDWE,0.77
2030,6,10.0,INDEA,INDNE,-5.53
2030,6,10.0,INDEA,INDNO,-8.16
2030,6,10.0,INDNE,INDNO,5.0
2030,6,10.0,INDNO,INDWE,2.19
2031,6,10.0,INDEA,INDNE,-7.53
2031,6,10.0,INDEA,INDNO,-5.83
2031,6,10.0,INDNE,INDNO,7.0
2032,6,10.0,INDEA,INDNE,-9.53
2032,6,10.0,INDEA,INDNO,-4.18
2032,6,10.0,INDNE,INDNO,9.0
2033,6,10.0,INDEA,INDNE,-11.53
2033,6,10.0,INDNE,INDNO,11.0
2034,6,10.0,INDEA,INDNE,-13.53
2034,6,10.0,INDNE,INDNO,13.0
2035,6,10.0,INDEA,INDNE,-15.53
2035,6,10.0,INDNE,INDNO,15.0
2036,6,10.0,INDEA,INDNE,-17.53
2036,6,10.0,INDNE,INDNO,17.0
2037,6,10.0,INDEA,INDNE,-19.53
2037,6,10.0,INDNE,INDNO,19.0
2038,6,10.0,INDEA,INDNE,-21.53
2038,6,10.0,INDNE,INDNO,21.0
2039,6,10.0,INDEA,INDNE,-23.53
2039,6,10.0,INDNE,INDNO,23.0
2040,6,10.0,INDEA,INDNE,-25.53
2040,6,10.0,INDNE,INDNO,25.0
2041,6,10.0,INDEA,INDNE,-27.52
2041,6,10.0,INDNE,INDNO,27.0
2042,6,10.0,INDEA,INDNE,-29.52
2042,6,10.0,INDNE,INDNO,28.99
2043,6,10.0,INDEA,INDNE,-31.52
2043,6,10.0,INDNE,INDNO,30.99
2044,6,10.0,INDEA,INDNE,-33.52
2044,6,10.0,INDNE,INDNO,32.99
2045,6,10.0,INDEA,INDNE,-35.52
2045,6,10.0,INDNE,INDNO,34.99
2045,6,10.0,INDSO,INDWE,-9.88
2046,6,10.0,INDEA,INDNE,-37.52
2046,6,10.0,INDNE,INDNO,30.39
2046,6,10.0,INDSO,INDWE,-16.42
2047,6,10.0,INDEA,INDNE,-39.52
2047,6,10.0,INDNE,INDNO,28.8
2047,6,10.0,INDSO,INDWE,-25.25
2048,6,10.0,INDEA,INDNE,-41.52
2048,6,10.0,INDEA,INDSO,1.18
2048,6,10.0,INDNE,INDNO,32.89
2048,6,10.0,INDSO,INDWE,-30.11
2049,6,10.0,INDEA,INDNE,-43.52
2049,6,10.0,INDEA,INDSO,7.83
2049,6,10.0,INDNE,INDNO,34.01
2049,6,10.0,INDSO,INDWE,-32.11
2050,6,10.0,INDEA,INDNE,-45.52
2050,6,10.0,INDEA,INDSO,7.94
2050,6,10.0,INDNE,INDNO,35.54
2050,6,10.0,INDSO,INDWE,-34.11
2021,6,11.0,INDEA,INDNE,2.68
2022,6,11.0,INDEA,INDNE,2.86
2023,6,11.0,INDEA,INDNE,2.43
2024,6,11.0,INDEA,INDNE,-3.53
2024,6,11.0,INDNE,INDNO,3.0
2025,6,11.0,INDEA,INDNE,-3.53
2025,6,11.0,INDEA,INDNO,-4.54
2025,6,11.0,INDNE,INDNO,3.0
2025,6,11.0,INDNO,INDWE,12.63
2025,6,11.0,INDSO,INDWE,-15.66
2026,6,11.0,INDEA,INDNE,-3.53
2026,6,11.0,INDEA,INDNO,-5.34
2026,6,11.0,INDNE,INDNO,3.0
2026,6,11.0,INDNO,INDWE,9.96
2026,6,11.0,INDSO,INDWE,-12.83
2027,6,11.0,INDEA,INDNE,-3.53
2027,6,11.0,INDEA,INDNO,-6.34
2027,6,11.0,INDNE,INDNO,3.0
2027,6,11.0,INDNO,INDWE,6.96
2027,6,11.0,INDSO,INDWE,-7.91
2028,6,11.0,INDEA,INDNE,-3.53
2028,6,11.0,INDEA,INDNO,-8.19
2028,6,11.0,INDNE,INDNO,3.0
2028,6,11.0,INDNO,INDWE,4.24
2028,6,11.0,INDSO,INDWE,-3.48
2029,6,11.0,INDEA,INDNE,-3.53
2029,6,11.0,INDEA,INDNO,-9.21
2029,6,11.0,INDNE,INDNO,3.0
2029,6,11.0,INDNO,INDWE,0.77
2030,6,11.0,INDEA,INDNE,-5.53
2030,6,11.0,INDEA,INDNO,-8.16
2030,6,11.0,INDNE,INDNO,5.0
2030,6,11.0,INDNO,INDWE,2.19
2031,6,11.0,INDEA,INDNE,-7.53
2031,6,11.0,INDEA,INDNO,-5.83
2031,6,11.0,INDNE,INDNO,7.0
2032,6,11.0,INDEA,INDNE,-9.53
2032,6,11.0,INDEA,INDNO,-4.18
2032,6,11.0,INDNE,INDNO,9.0
2033,6,11.0,INDEA,INDNE,-11.53
2033,6,11.0,INDNE,INDNO,11.0
2034,6,11.0,INDEA,INDNE,-13.53
2034,6,11.0,INDNE,INDNO,13.0
2035,6,11.0,INDEA,INDNE,-15.53
2035,6,11.0,INDNE,INDNO,15.0
2036,6,11.0,INDEA,INDNE,-17.53
2036,6,11.0,INDNE,INDNO,17.0
2037,6,11.0,INDEA,INDNE,-19.53
2037,6,11.0,INDNE,INDNO,19.0
2038,6,11.0,INDEA,INDNE,-21.53
2038,6,11.0,INDNE,INDNO,21.0
2039,6,11.0,INDEA,INDNE,-23.53
2039,6,11.0,INDNE,INDNO,23.0
2040,6,11.0,INDEA,INDNE,-25.53
2040,6,11.0,INDNE,INDNO,25.0
2041,6,11.0,INDEA,INDNE,-27.52
2041,6,11.0,INDNE,INDNO,27.0
2042,6,11.0,INDEA,INDNE,-29.52
2042,6,11.0,INDNE,INDNO,28.99
2043,6,11.0,INDEA,INDNE,-31.52
2043,6,11.0,INDNE,INDNO,30.99
2044,6,11.0,INDEA,INDNE,-33.52
2044,6,11.0,INDNE,INDNO,32.99
2045,6,11.0,INDEA,INDNE,-35.52
2045,6,11.0,INDNE,INDNO,34.99
2045,6,11.0,INDSO,INDWE,-9.88
2046,6,11.0,INDEA,INDNE,-37.52
2046,6,11.0,INDNE,INDNO,30.39
2046,6,11.0,INDSO,INDWE,-16.42
2047,6,11.0,INDEA,INDNE,-39.52
2047,6,11.0,INDNE,INDNO,28.8
2047,6,11.0,INDSO,INDWE,-25.25
2048,6,11.0,INDEA,INDNE,-41.52
2048,6,11.0,INDEA,INDSO,1.18
2048,6,11.0,INDNE,INDNO,32.89
2048,6,11.0,INDSO,INDWE,-30.11
2049,6,11.0,INDEA,INDNE,-43.52
2049,6,11.0,INDEA,INDSO,7.83
2049,6,11.0,INDNE,INDNO,34.01
2049,6,11.0,INDSO,INDWE,-32.11
2050,6,11.0,INDEA,INDNE,-45.52
2050,6,11.0,INDEA,INDSO,7.94
2050,6,11.0,INDNE,INDNO,35.54
2050,6,11.0,INDSO,INDWE,-34.11
2021,6,12.0,INDEA,INDNE,2.68
2022,6,12.0,INDEA,INDNE,2.86
2023,6,12.0,INDEA,INDNE,2.43
2024,6,12.0,INDEA,INDNE,-3.53
2024,6,12.0,INDNE,INDNO,3.0
2025,6,12.0,INDEA,INDNE,-3.53
2025,6,12.0,INDEA,INDNO,-4.54
2025,6,12.0,INDNE,INDNO,3.0
2025,6,12.0,INDNO,INDWE,12.63
2025,6,12.0,INDSO,INDWE,-15.66
2026,6,12.0,INDEA,INDNE,-3.53
2026,6,12.0,INDEA,INDNO,-5.34
2026,6,12.0,INDNE,INDNO,3.0
2026,6,12.0,INDNO,INDWE,9.96
2026,6,12.0,INDSO,INDWE,-12.83
2027,6,12.0,INDEA,INDNE,-3.53
2027,6,12.0,INDEA,INDNO,-6.34
2027,6,12.0,INDNE,INDNO,3.0
2027,6,12.0,INDNO,INDWE,6.96
2027,6,12.0,INDSO,INDWE,-7.91
2028,6,12.0,INDEA,INDNE,-3.53
2028,6,12.0,INDEA,INDNO,-8.19
2028,6,12.0,INDNE,INDNO,3.0
2028,6,12.0,INDNO,INDWE,4.24
2028,6,12.0,INDSO,INDWE,-3.48
2029,6,12.0,INDEA,INDNE,-3.53
2029,6,12.0,INDEA,INDNO,-9.21
2029,6,12.0,INDNE,INDNO,3.0
2029,6,12.0,INDNO,INDWE,0.77
2030,6,12.0,INDEA,INDNE,-5.53
2030,6,12.0,INDEA,INDNO,-8.16
2030,6,12.0,INDNE,INDNO,5.0
2030,6,12.0,INDNO,INDWE,2.19
2031,6,12.0,INDEA,INDNE,-7.53
2031,6,12.0,INDEA,INDNO,-5.83
2031,6,12.0,INDNE,INDNO,7.0
2032,6,12.0,INDEA,INDNE,-9.53
2032,6,12.0,INDEA,INDNO,-4.18
2032,6,12.0,INDNE,INDNO,9.0
2033,6,12.0,INDEA,INDNE,-11.53
2033,6,12.0,INDNE,INDNO,11.0
2034,6,12.0,INDEA,INDNE,-13.53
2034,6,12.0,INDNE,INDNO,13.0
2035,6,12.0,INDEA,INDNE,-15.53
2035,6,12.0,INDNE,INDNO,15.0
2036,6,12.0,INDEA,INDNE,-17.53
2036,6,12.0,INDNE,INDNO,17.0
2037,6,12.0,INDEA,INDNE,-19.53
2037,6,12.0,INDNE,INDNO,19.0
2038,6,12.0,INDEA,INDNE,-21.53
2038,6,12.0,INDNE,INDNO,21.0
2039,6,12.0,INDEA,INDNE,-23.53
2039,6,12.0,INDNE,INDNO,23.0
2040,6,12.0,INDEA,INDNE,-25.53
2040,6,12.0,INDNE,INDNO,25.0
2041,6,12.0,INDEA,INDNE,-27.52
2041,6,12.0,INDNE,INDNO,27.0
2042,6,12.0,INDEA,INDNE,-29.52
2042,6,12.0,INDNE,INDNO,28.99
2043,6,12.0,INDEA,INDNE,-31.52
2043,6,12.0,INDNE,INDNO,30.99
2044,6,12.0,INDEA,INDNE,-33.52
2044,6,12.0,INDNE,INDNO,32.99
2045,6,12.0,INDEA,INDNE,-35.52
2045,6,12.0,INDNE,INDNO,34.99
2045,6,12.0,INDSO,INDWE,-9.88
2046,6,12.0,INDEA,INDNE,-37.52
2046,6,12.0,INDNE,INDNO,30.39
2046,6,12.0,INDSO,INDWE,-16.42
2047,6,12.0,INDEA,INDNE,-39.52
2047,6,12.0,INDNE,INDNO,28.8
2047,6,12.0,INDSO,INDWE,-25.25
2048,6,12.0,INDEA,INDNE,-41.52
2048,6,12.0,INDEA,INDSO,1.18
2048,6,12.0,INDNE,INDNO,32.89
2048,6,12.0,INDSO,INDWE,-30.11
2049,6,12.0,INDEA,INDNE,-43.52
2049,6,12.0,INDEA,INDSO,7.83
2049,6,12.0,INDNE,INDNO,34.01
2049,6,12.0,INDSO,INDWE,-32.11
2050,6,12.0,INDEA,INDNE,-45.52
2050,6,12.0,INDEA,INDSO,7.94
2050,6,12.0,INDNE,INDNO,35.54
2050,6,12.0,INDSO,INDWE,-34.11
2021,6,13.0,INDEA,INDNE,2.79
2022,6,13.0,INDEA,INDNE,2.86
2022,6,13.0,INDNE,INDNO,-0.29
2023,6,13.0,INDEA,INDNE,2.85
2024,6,13.0,INDEA,INDNE,-3.53
2024,6,13.0,INDNE,INDNO,3.0
2025,6,13.0,INDEA,INDNE,-3.53
2025,6,13.0,INDNE,INDNO,3.0
2025,6,13.0,INDSO,INDWE,-2.73
2026,6,13.0,INDEA,INDNE,-3.53
2026,6,13.0,INDNE,INDNO,3.0
2026,6,13.0,INDSO,INDWE,-3.08
2027,6,13.0,INDEA,INDNE,-3.53
2027,6,13.0,INDNE,INDNO,3.0
2027,6,13.0,INDSO,INDWE,-5.43
2028,6,13.0,INDEA,INDNE,-3.53
2028,6,13.0,INDNE,INDNO,3.0
2028,6,13.0,INDSO,INDWE,-8.49
2029,6,13.0,INDEA,INDNE,-3.53
2029,6,13.0,INDNE,INDNO,3.0
2029,6,13.0,INDSO,INDWE,-11.34
2030,6,13.0,INDEA,INDNE,-5.53
2030,6,13.0,INDEA,INDNO,0.63
2030,6,13.0,INDNE,INDNO,5.0
2030,6,13.0,INDSO,INDWE,-14.88
2031,6,13.0,INDEA,INDNE,-7.53
2031,6,13.0,INDNE,INDNO,7.0
2031,6,13.0,INDSO,INDWE,-4.75
2032,6,13.0,INDEA,INDNE,-9.53
2032,6,13.0,INDNE,INDNO,9.0
2032,6,13.0,INDSO,INDWE,-5.06
2033,6,13.0,INDEA,INDNE,-11.53
2033,6,13.0,INDNE,INDNO,11.0
2033,6,13.0,INDSO,INDWE,-5.35
2034,6,13.0,INDEA,INDNE,-13.53
2034,6,13.0,INDEA,INDSO,3.65
2034,6,13.0,INDNE,INDNO,13.0
2034,6,13.0,INDSO,INDWE,-1.89
2035,6,13.0,INDEA,INDNE,-15.53
2035,6,13.0,INDEA,INDSO,5.68
2035,6,13.0,INDEA,INDWE,0.34
2035,6,13.0,INDNE,INDNO,15.0
2036,6,13.0,INDEA,INDNE,-17.53
2036,6,13.0,INDEA,INDSO,5.79
2036,6,13.0,INDEA,INDWE,0.6
2036,6,13.0,INDNE,INDNO,17.0
2037,6,13.0,INDEA,INDNE,-19.53
2037,6,13.0,INDEA,INDSO,5.9
2037,6,13.0,INDEA,INDWE,0.87
2037,6,13.0,INDNE,INDNO,19.0
2038,6,13.0,INDEA,INDNE,-21.53
2038,6,13.0,INDEA,INDSO,6.0
2038,6,13.0,INDEA,INDWE,1.13
2038,6,13.0,INDNE,INDNO,21.0
2039,6,13.0,INDEA,INDNE,-23.53
2039,6,13.0,INDEA,INDSO,6.11
2039,6,13.0,INDEA,INDWE,1.39
2039,6,13.0,INDNE,INDNO,23.0
2040,6,13.0,INDEA,INDNE,-25.53
2040,6,13.0,INDEA,INDSO,6.22
2040,6,13.0,INDEA,INDWE,1.65
2040,6,13.0,INDNE,INDNO,25.0
2041,6,13.0,INDEA,INDNE,-27.52
2041,6,13.0,INDEA,INDSO,6.34
2041,6,13.0,INDEA,INDWE,1.94
2041,6,13.0,INDNE,INDNO,27.0
2042,6,13.0,INDEA,INDNE,-29.52
2042,6,13.0,INDEA,INDSO,6.46
2042,6,13.0,INDEA,INDWE,2.22
2042,6,13.0,INDNE,INDNO,28.99
2043,6,13.0,INDEA,INDNE,-31.52
2043,6,13.0,INDEA,INDSO,6.58
2043,6,13.0,INDEA,INDWE,2.5
2043,6,13.0,INDNE,INDNO,30.99
2044,6,13.0,INDEA,INDNE,-33.52
2044,6,13.0,INDEA,INDSO,6.65
2044,6,13.0,INDEA,INDWE,1.45
2044,6,13.0,INDNE,INDNO,32.99
2045,6,13.0,INDEA,INDNE,-35.52
2045,6,13.0,INDEA,INDSO,5.71
2045,6,13.0,INDNE,INDNO,34.99
2046,6,13.0,INDEA,INDNE,-37.52
2046,6,13.0,INDEA,INDSO,1.34
2046,6,13.0,INDNE,INDNO,36.99
2046,6,13.0,INDNO,INDWE,4.11
2047,6,13.0,INDEA,INDNE,-39.52
2047,6,13.0,INDEA,INDSO,0.65
2047,6,13.0,INDNE,INDNO,38.99
2047,6,13.0,INDNO,INDWE,0.31
2048,6,13.0,INDEA,INDNE,-41.52
2048,6,13.0,INDNE,INDNO,40.99
2049,6,13.0,INDEA,INDNE,-43.52
2049,6,13.0,INDNE,INDNO,42.99
2050,6,13.0,INDEA,INDNE,-45.52
2050,6,13.0,INDNE,INDNO,44.99
2021,6,14.0,INDEA,INDNE,2.79
2022,6,14.0,INDEA,INDNE,2.86
2022,6,14.0,INDNE,INDNO,-0.29
2023,6,14.0,INDEA,INDNE,2.85
2024,6,14.0,INDEA,INDNE,-3.53
2024,6,14.0,INDNE,INDNO,3.0
2025,6,14.0,INDEA,INDNE,-3.53
2025,6,14.0,INDNE,INDNO,3.0
2025,6,14.0,INDSO,INDWE,-2.73
2026,6,14.0,INDEA,INDNE,-3.53
2026,6,14.0,INDNE,INDNO,3.0
2026,6,14.0,INDSO,INDWE,-3.08
2027,6,14.0,INDEA,INDNE,-3.53
2027,6,14.0,INDNE,INDNO,3.0
2027,6,14.0,INDSO,INDWE,-5.43
2028,6,14.0,INDEA,INDNE,-3.53
2028,6,14.0,INDNE,INDNO,3.0
2028,6,14.0,INDSO,INDWE,-8.49
2029,6,14.0,INDEA,INDNE,-3.53
2029,6,14.0,INDNE,INDNO,3.0
2029,6,14.0,INDSO,INDWE,-11.34
2030,6,14.0,INDEA,INDNE,-5.53
2030,6,14.0,INDEA,INDNO,0.63
2030,6,14.0,INDNE,INDNO,5.0
2030,6,14.0,INDSO,INDWE,-14.88
2031,6,14.0,INDEA,INDNE,-7.53
2031,6,14.0,INDNE,INDNO,7.0
2031,6,14.0,INDSO,INDWE,-4.75
2032,6,14.0,INDEA,INDNE,-9.53
2032,6,14.0,INDNE,INDNO,9.0
2032,6,14.0,INDSO,INDWE,-5.06
2033,6,14.0,INDEA,INDNE,-11.53
2033,6,14.0,INDNE,INDNO,11.0
2033,6,14.0,INDSO,INDWE,-5.35
2034,6,14.0,INDEA,INDNE,-13.53
2034,6,14.0,INDEA,INDSO,3.65
2034,6,14.0,INDNE,INDNO,13.0
2034,6,14.0,INDSO,INDWE,-1.89
2035,6,14.0,INDEA,INDNE,-15.53
2035,6,14.0,INDEA,INDSO,5.68
2035,6,14.0,INDEA,INDWE,0.34
2035,6,14.0,INDNE,INDNO,15.0
2036,6,14.0,INDEA,INDNE,-17.53
2036,6,14.0,INDEA,INDSO,5.79
2036,6,14.0,INDEA,INDWE,0.6
2036,6,14.0,INDNE,INDNO,17.0
2037,6,14.0,INDEA,INDNE,-19.53
2037,6,14.0,INDEA,INDSO,5.9
2037,6,14.0,INDEA,INDWE,0.87
2037,6,14.0,INDNE,INDNO,19.0
2038,6,14.0,INDEA,INDNE,-21.53
2038,6,14.0,INDEA,INDSO,6.0
2038,6,14.0,INDEA,INDWE,1.13
2038,6,14.0,INDNE,INDNO,21.0
2039,6,14.0,INDEA,INDNE,-23.53
2039,6,14.0,INDEA,INDSO,6.11
2039,6,14.0,INDEA,INDWE,1.39
2039,6,14.0,INDNE,INDNO,23.0
2040,6,14.0,INDEA,INDNE,-25.53
2040,6,14.0,INDEA,INDSO,6.22
2040,6,14.0,INDEA,INDWE,1.65
2040,6,14.0,INDNE,INDNO,25.0
2041,6,14.0,INDEA,INDNE,-27.52
2041,6,14.0,INDEA,INDSO,6.34
2041,6,14.0,INDEA,INDWE,1.94
2041,6,14.0,INDNE,INDNO,27.0
2042,6,14.0,INDEA,INDNE,-29.52
2042,6,14.0,INDEA,INDSO,6.46
2042,6,14.0,INDEA,INDWE,2.22
2042,6,14.0,INDNE,INDNO,28.99
2043,6,14.0,INDEA,INDNE,-31.52
2043,6,14.0,INDEA,INDSO,6.58
2043,6,14.0,INDEA,INDWE,2.5
2043,6,14.0,INDNE,INDNO,30.99
2044,6,14.0,INDEA,INDNE,-33.52
2044,6,14.0,INDEA,INDSO,6.65
2044,6,14.0,INDEA,INDWE,1.45
2044,6,14.0,INDNE,INDNO,32.99
2045,6,14.0,INDEA,INDNE,-35.52
2045,6,14.0,INDEA,INDSO,5.71
2045,6,14.0,INDNE,INDNO,34.99
2046,6,14.0,INDEA,INDNE,-37.52
2046,6,14.0,INDEA,INDSO,1.34
2046,6,14.0,INDNE,INDNO,36.99
2046,6,14.0,INDNO,INDWE,4.11
2047,6,14.0,INDEA,INDNE,-39.52
2047,6,14.0,INDEA,INDSO,0.65
2047,6,14.0,INDNE,INDNO,38.99
2047,6,14.0,INDNO,INDWE,0.31
2048,6,14.0,INDEA,INDNE,-41.52
2048,6,14.0,INDNE,INDNO,40.99
2049,6,14.0,INDEA,INDNE,-43.52
2049,6,14.0,INDNE,INDNO,42.99
2050,6,14.0,INDEA,INDNE,-45.52
2050,6,14.0,INDNE,INDNO,44.99
2021,6,15.0,INDEA,INDNE,2.79
2022,6,15.0,INDEA,INDNE,2.86
2022,6,15.0,INDNE,INDNO,-0.29
2023,6,15.0,INDEA,INDNE,2.85
2024,6,15.0,INDEA,INDNE,-3.53
2024,6,15.0,INDNE,INDNO,3.0
2025,6,15.0,INDEA,INDNE,-3.53
2025,6,15.0,INDNE,INDNO,3.0
2025,6,15.0,INDSO,INDWE,-2.73
2026,6,15.0,INDEA,INDNE,-3.53
2026,6,15.0,INDNE,INDNO,3.0
2026,6,15.0,INDSO,INDWE,-3.08
2027,6,15.0,INDEA,INDNE,-3.53
2027,6,15.0,INDNE,INDNO,3.0
2027,6,15.0,INDSO,INDWE,-5.43
2028,6,15.0,INDEA,INDNE,-3.53
2028,6,15.0,INDNE,INDNO,3.0
2028,6,15.0,INDSO,INDWE,-8.49
2029,6,15.0,INDEA,INDNE,-3.53
2029,6,15.0,INDNE,INDNO,3.0
2029,6,15.0,INDSO,INDWE,-11.34
2030,6,15.0,INDEA,INDNE,-5.53
2030,6,15.0,INDEA,INDNO,0.63
2030,6,15.0,INDNE,INDNO,5.0
2030,6,15.0,INDSO,INDWE,-14.88
2031,6,15.0,INDEA,INDNE,-7.53
2031,6,15.0,INDNE,INDNO,7.0
2031,6,15.0,INDSO,INDWE,-4.75
2032,6,15.0,INDEA,INDNE,-9.53
2032,6,15.0,INDNE,INDNO,9.0
2032,6,15.0,INDSO,INDWE,-5.06
2033,6,15.0,INDEA,INDNE,-11.53
2033,6,15.0,INDNE,INDNO,11.0
2033,6,15.0,INDSO,INDWE,-5.35
2034,6,15.0,INDEA,INDNE,-13.53
2034,6,15.0,INDEA,INDSO,3.65
2034,6,15.0,INDNE,INDNO,13.0
2034,6,15.0,INDSO,INDWE,-1.89
2035,6,15.0,INDEA,INDNE,-15.53
2035,6,15.0,INDEA,INDSO,5.68
2035,6,15.0,INDEA,INDWE,0.34
2035,6,15.0,INDNE,INDNO,15.0
2036,6,15.0,INDEA,INDNE,-17.53
2036,6,15.0,INDEA,INDSO,5.79
2036,6,15.0,INDEA,INDWE,0.6
2036,6,15.0,INDNE,INDNO,17.0
2037,6,15.0,INDEA,INDNE,-19.53
2037,6,15.0,INDEA,INDSO,5.9
2037,6,15.0,INDEA,INDWE,0.87
2037,6,15.0,INDNE,INDNO,19.0
2038,6,15.0,INDEA,INDNE,-21.53
2038,6,15.0,INDEA,INDSO,6.0
2038,6,15.0,INDEA,INDWE,1.13
2038,6,15.0,INDNE,INDNO,21.0
2039,6,15.0,INDEA,INDNE,-23.53
2039,6,15.0,INDEA,INDSO,6.11
2039,6,15.0,INDEA,INDWE,1.39
2039,6,15.0,INDNE,INDNO,23.0
2040,6,15.0,INDEA,INDNE,-25.53
2040,6,15.0,INDEA,INDSO,6.22
2040,6,15.0,INDEA,INDWE,1.65
2040,6,15.0,INDNE,INDNO,25.0
2041,6,15.0,INDEA,INDNE,-27.52
2041,6,15.0,INDEA,INDSO,6.34
2041,6,15.0,INDEA,INDWE,1.94
2041,6,15.0,INDNE,INDNO,27.0
2042,6,15.0,INDEA,INDNE,-29.52
2042,6,15.0,INDEA,INDSO,6.46
2042,6,15.0,INDEA,INDWE,2.22
2042,6,15.0,INDNE,INDNO,28.99
2043,6,15.0,INDEA,INDNE,-31.52
2043,6,15.0,INDEA,INDSO,6.58
2043,6,15.0,INDEA,INDWE,2.5
2043,6,15.0,INDNE,INDNO,30.99
2044,6,15.0,INDEA,INDNE,-33.52
2044,6,15.0,INDEA,INDSO,6.65
2044,6,15.0,INDEA,INDWE,1.45
2044,6,15.0,INDNE,INDNO,32.99
2045,6,15.0,INDEA,INDNE,-35.52
2045,6,15.0,INDEA,INDSO,5.71
2045,6,15.0,INDNE,INDNO,34.99
2046,6,15.0,INDEA,INDNE,-37.52
2046,6,15.0,INDEA,INDSO,1.34
2046,6,15.0,INDNE,INDNO,36.99
2046,6,15.0,INDNO,INDWE,4.11
2047,6,15.0,INDEA,INDNE,-39.52
2047,6,15.0,INDEA,INDSO,0.65
2047,6,15.0,INDNE,INDNO,38.99
2047,6,15.0,INDNO,INDWE,0.31
2048,6,15.0,INDEA,INDNE,-41.52
2048,6,15.0,INDNE,INDNO,40.99
2049,6,15.0,INDEA,INDNE,-43.52
2049,6,15.0,INDNE,INDNO,42.99
2050,6,15.0,INDEA,INDNE,-45.52
2050,6,15.0,INDNE,INDNO,44.99
2021,6,16.0,INDEA,INDNE,2.79
2022,6,16.0,INDEA,INDNE,2.86
2022,6,16.0,INDNE,INDNO,-0.29
2023,6,16.0,INDEA,INDNE,2.85
2024,6,16.0,INDEA,INDNE,-3.53
2024,6,16.0,INDNE,INDNO,3.0
2025,6,16.0,INDEA,INDNE,-3.53
2025,6,16.0,INDNE,INDNO,3.0
2025,6,16.0,INDSO,INDWE,-2.73
2026,6,16.0,INDEA,INDNE,-3.53
2026,6,16.0,INDNE,INDNO,3.0
2026,6,16.0,INDSO,INDWE,-3.08
2027,6,16.0,INDEA,INDNE,-3.53
2027,6,16.0,INDNE,INDNO,3.0
2027,6,16.0,INDSO,INDWE,-5.43
2028,6,16.0,INDEA,INDNE,-3.53
2028,6,16.0,INDNE,INDNO,3.0
2028,6,16.0,INDSO,INDWE,-8.49
2029,6,16.0,INDEA,INDNE,-3.53
2029,6,16.0,INDNE,INDNO,3.0
2029,6,16.0,INDSO,INDWE,-11.34
2030,6,16.0,INDEA,INDNE,-5.53
2030,6,16.0,INDEA,INDNO,0.63
2030,6,16.0,INDNE,INDNO,5.0
2030,6,16.0,INDSO,INDWE,-14.88
2031,6,16.0,INDEA,INDNE,-7.53
2031,6,16.0,INDNE,INDNO,7.0
2031,6,16.0,INDSO,INDWE,-4.75
2032,6,16.0,INDEA,INDNE,-9.53
2032,6,16.0,INDNE,INDNO,9.0
2032,6,16.0,INDSO,INDWE,-5.06
2033,6,16.0,INDEA,INDNE,-11.53
2033,6,16.0,INDNE,INDNO,11.0
2033,6,16.0,INDSO,INDWE,-5.35
2034,6,16.0,INDEA,INDNE,-13.53
2034,6,16.0,INDEA,INDSO,3.65
2034,6,16.0,INDNE,INDNO,13.0
2034,6,16.0,INDSO,INDWE,-1.89
2035,6,16.0,INDEA,INDNE,-15.53
2035,6,16.0,INDEA,INDSO,5.68
2035,6,16.0,INDEA,INDWE,0.34
2035,6,16.0,INDNE,INDNO,15.0
2036,6,16.0,INDEA,INDNE,-17.53
2036,6,16.0,INDEA,INDSO,5.79
2036,6,16.0,INDEA,INDWE,0.6
2036,6,16.0,INDNE,INDNO,17.0
2037,6,16.0,INDEA,INDNE,-19.53
2037,6,16.0,INDEA,INDSO,5.9
2037,6,16.0,INDEA,INDWE,0.87
2037,6,16.0,INDNE,INDNO,19.0
2038,6,16.0,INDEA,INDNE,-21.53
2038,6,16.0,INDEA,INDSO,6.0
2038,6,16.0,INDEA,INDWE,1.13
2038,6,16.0,INDNE,INDNO,21.0
2039,6,16.0,INDEA,INDNE,-23.53
2039,6,16.0,INDEA,INDSO,6.11
2039,6,16.0,INDEA,INDWE,1.39
2039,6,16.0,INDNE,INDNO,23.0
2040,6,16.0,INDEA,INDNE,-25.53
2040,6,16.0,INDEA,INDSO,6.22
2040,6,16.0,INDEA,INDWE,1.65
2040,6,16.0,INDNE,INDNO,25.0
2041,6,16.0,INDEA,INDNE,-27.52
2041,6,16.0,INDEA,INDSO,6.34
2041,6,16.0,INDEA,INDWE,1.94
2041,6,16.0,INDNE,INDNO,27.0
2042,6,16.0,INDEA,INDNE,-29.52
2042,6,16.0,INDEA,INDSO,6.46
2042,6,16.0,INDEA,INDWE,2.22
2042,6,16.0,INDNE,INDNO,28.99
2043,6,16.0,INDEA,INDNE,-31.52
2043,6,16.0,INDEA,INDSO,6.58
2043,6,16.0,INDEA,INDWE,2.5
2043,6,16.0,INDNE,INDNO,30.99
2044,6,16.0,INDEA,INDNE,-33.52
2044,6,16.0,INDEA,INDSO,6.65
2044,6,16.0,INDEA,INDWE,1.45
2044,6,16.0,INDNE,INDNO,32.99
2045,6,16.0,INDEA,INDNE,-35.52
2045,6,16.0,INDEA,INDSO,5.71
2045,6,16.0,INDNE,INDNO,34.99
2046,6,16.0,INDEA,INDNE,-37.52
2046,6,16.0,INDEA,INDSO,1.34
2046,6,16.0,INDNE,INDNO,36.99
2046,6,16.0,INDNO,INDWE,4.11
2047,6,16.0,INDEA,INDNE,-39.52
2047,6,16.0,INDEA,INDSO,0.65
2047,6,16.0,INDNE,INDNO,38.99
2047,6,16.0,INDNO,INDWE,0.31
2048,6,16.0,INDEA,INDNE,-41.52
2048,6,16.0,INDNE,INDNO,40.99
2049,6,16.0,INDEA,INDNE,-43.52
2049,6,16.0,INDNE,INDNO,42.99
2050,6,16.0,INDEA,INDNE,-45.52
2050,6,16.0,INDNE,INDNO,44.99
2021,6,17.0,INDEA,INDNE,2.79
2022,6,17.0,INDEA,INDNE,2.86
2022,6,17.0,INDNE,INDNO,-0.29
2023,6,17.0,INDEA,INDNE,2.85
2024,6,17.0,INDEA,INDNE,-3.53
2024,6,17.0,INDNE,INDNO,3.0
2025,6,17.0,INDEA,INDNE,-3.53
2025,6,17.0,INDNE,INDNO,3.0
2025,6,17.0,INDSO,INDWE,-2.73
2026,6,17.0,INDEA,INDNE,-3.53
2026,6,17.0,INDNE,INDNO,3.0
2026,6,17.0,INDSO,INDWE,-3.08
2027,6,17.0,INDEA,INDNE,-3.53
2027,6,17.0,INDNE,INDNO,3.0
2027,6,17.0,INDSO,INDWE,-5.43
2028,6,17.0,INDEA,INDNE,-3.53
2028,6,17.0,INDNE,INDNO,3.0
2028,6,17.0,INDSO,INDWE,-8.49
2029,6,17.0,INDEA,INDNE,-3.53
2029,6,17.0,INDNE,INDNO,3.0
2029,6,17.0,INDSO,INDWE,-11.34
2030,6,17.0,INDEA,INDNE,-5.53
2030,6,17.0,INDEA,INDNO,0.63
2030,6,17.0,INDNE,INDNO,5.0
2030,6,17.0,INDSO,INDWE,-14.88
2031,6,17.0,INDEA,INDNE,-7.53
2031,6,17.0,INDNE,INDNO,7.0
2031,6,17.0,INDSO,INDWE,-4.75
2032,6,17.0,INDEA,INDNE,-9.53
2032,6,17.0,INDNE,INDNO,9.0
2032,6,17.0,INDSO,INDWE,-5.06
2033,6,17.0,INDEA,INDNE,-11.53
2033,6,17.0,INDNE,INDNO,11.0
2033,6,17.0,INDSO,INDWE,-5.35
2034,6,17.0,INDEA,INDNE,-13.53
2034,6,17.0,INDEA,INDSO,3.65
2034,6,17.0,INDNE,INDNO,13.0
2034,6,17.0,INDSO,INDWE,-1.89
2035,6,17.0,INDEA,INDNE,-15.53
2035,6,17.0,INDEA,INDSO,5.68
2035,6,17.0,INDEA,INDWE,0.34
2035,6,17.0,INDNE,INDNO,15.0
2036,6,17.0,INDEA,INDNE,-17.53
2036,6,17.0,INDEA,INDSO,5.79
2036,6,17.0,INDEA,INDWE,0.6
2036,6,17.0,INDNE,INDNO,17.0
2037,6,17.0,INDEA,INDNE,-19.53
2037,6,17.0,INDEA,INDSO,5.9
2037,6,17.0,INDEA,INDWE,0.87
2037,6,17.0,INDNE,INDNO,19.0
2038,6,17.0,INDEA,INDNE,-21.53
2038,6,17.0,INDEA,INDSO,6.0
2038,6,17.0,INDEA,INDWE,1.13
2038,6,17.0,INDNE,INDNO,21.0
2039,6,17.0,INDEA,INDNE,-23.53
2039,6,17.0,INDEA,INDSO,6.11
2039,6,17.0,INDEA,INDWE,1.39
2039,6,17.0,INDNE,INDNO,23.0
2040,6,17.0,INDEA,INDNE,-25.53
2040,6,17.0,INDEA,INDSO,6.22
2040,6,17.0,INDEA,INDWE,1.65
2040,6,17.0,INDNE,INDNO,25.0
2041,6,17.0,INDEA,INDNE,-27.52
2041,6,17.0,INDEA,INDSO,6.34
2041,6,17.0,INDEA,INDWE,1.94
2041,6,17.0,INDNE,INDNO,27.0
2042,6,17.0,INDEA,INDNE,-29.52
2042,6,17.0,INDEA,INDSO,6.46
2042,6,17.0,INDEA,INDWE,2.22
2042,6,17.0,INDNE,INDNO,28.99
2043,6,17.0,INDEA,INDNE,-31.52
2043,6,17.0,INDEA,INDSO,6.58
2043,6,17.0,INDEA,INDWE,2.5
2043,6,17.0,INDNE,INDNO,30.99
2044,6,17.0,INDEA,INDNE,-33.52
2044,6,17.0,INDEA,INDSO,6.65
2044,6,17.0,INDEA,INDWE,1.45
2044,6,17.0,INDNE,INDNO,32.99
2045,6,17.0,INDEA,INDNE,-35.52
2045,6,17.0,INDEA,INDSO,5.71
2045,6,17.0,INDNE,INDNO,34.99
2046,6,17.0,INDEA,INDNE,-37.52
2046,6,17.0,INDEA,INDSO,1.34
2046,6,17.0,INDNE,INDNO,36.99
2046,6,17.0,INDNO,INDWE,4.11
2047,6,17.0,INDEA,INDNE,-39.52
2047,6,17.0,INDEA,INDSO,0.65
2047,6,17.0,INDNE,INDNO,38.99
2047,6,17.0,INDNO,INDWE,0.31
2048,6,17.0,INDEA,INDNE,-41.52
2048,6,17.0,INDNE,INDNO,40.99
2049,6,17.0,INDEA,INDNE,-43.52
2049,6,17.0,INDNE,INDNO,42.99
2050,6,17.0,INDEA,INDNE,-45.52
2050,6,17.0,INDNE,INDNO,44.99
2021,6,18.0,INDEA,INDNE,2.79
2022,6,18.0,INDEA,INDNE,2.86
2022,6,18.0,INDNE,INDNO,-0.29
2023,6,18.0,INDEA,INDNE,2.85
2024,6,18.0,INDEA,INDNE,-3.53
2024,6,18.0,INDNE,INDNO,3.0
2025,6,18.0,INDEA,INDNE,-3.53
2025,6,18.0,INDNE,INDNO,3.0
2025,6,18.0,INDSO,INDWE,-2.73
2026,6,18.0,INDEA,INDNE,-3.53
2026,6,18.0,INDNE,INDNO,3.0
2026,6,18.0,INDSO,INDWE,-3.08
2027,6,18.0,INDEA,INDNE,-3.53
2027,6,18.0,INDNE,INDNO,3.0
2027,6,18.0,INDSO,INDWE,-5.43
2028,6,18.0,INDEA,INDNE,-3.53
2028,6,18.0,INDNE,INDNO,3.0
2028,6,18.0,INDSO,INDWE,-8.49
2029,6,18.0,INDEA,INDNE,-3.53
2029,6,18.0,INDNE,INDNO,3.0
2029,6,18.0,INDSO,INDWE,-11.34
2030,6,18.0,INDEA,INDNE,-5.53
2030,6,18.0,INDEA,INDNO,0.63
2030,6,18.0,INDNE,INDNO,5.0
2030,6,18.0,INDSO,INDWE,-14.88
2031,6,18.0,INDEA,INDNE,-7.53
2031,6,18.0,INDNE,INDNO,7.0
2031,6,18.0,INDSO,INDWE,-4.75
2032,6,18.0,INDEA,INDNE,-9.53
2032,6,18.0,INDNE,INDNO,9.0
2032,6,18.0,INDSO,INDWE,-5.06
2033,6,18.0,INDEA,INDNE,-11.53
2033,6,18.0,INDNE,INDNO,11.0
2033,6,18.0,INDSO,INDWE,-5.35
2034,6,18.0,INDEA,INDNE,-13.53
2034,6,18.0,INDEA,INDSO,3.65
2034,6,18.0,INDNE,INDNO,13.0
2034,6,18.0,INDSO,INDWE,-1.89
2035,6,18.0,INDEA,INDNE,-15.53
2035,6,18.0,INDEA,INDSO,5.68
2035,6,18.0,INDEA,INDWE,0.34
2035,6,18.0,INDNE,INDNO,15.0
2036,6,18.0,INDEA,INDNE,-17.53
2036,6,18.0,INDEA,INDSO,5.79
2036,6,18.0,INDEA,INDWE,0.6
2036,6,18.0,INDNE,INDNO,17.0
2037,6,18.0,INDEA,INDNE,-19.53
2037,6,18.0,INDEA,INDSO,5.9
2037,6,18.0,INDEA,INDWE,0.87
2037,6,18.0,INDNE,INDNO,19.0
2038,6,18.0,INDEA,INDNE,-21.53
2038,6,18.0,INDEA,INDSO,6.0
2038,6,18.0,INDEA,INDWE,1.13
2038,6,18.0,INDNE,INDNO,21.0
2039,6,18.0,INDEA,INDNE,-23.53
2039,6,18.0,INDEA,INDSO,6.11
2039,6,18.0,INDEA,INDWE,1.39
2039,6,18.0,INDNE,INDNO,23.0
2040,6,18.0,INDEA,INDNE,-25.53
2040,6,18.0,INDEA,INDSO,6.22
2040,6,18.0,INDEA,INDWE,1.65
2040,6,18.0,INDNE,INDNO,25.0
2041,6,18.0,INDEA,INDNE,-27.52
2041,6,18.0,INDEA,INDSO,6.34
2041,6,18.0,INDEA,INDWE,1.94
2041,6,18.0,INDNE,INDNO,27.0
2042,6,18.0,INDEA,INDNE,-29.52
2042,6,18.0,INDEA,INDSO,6.46
2042,6,18.0,INDEA,INDWE,2.22
2042,6,18.0,INDNE,INDNO,28.99
2043,6,18.0,INDEA,INDNE,-31.52
2043,6,18.0,INDEA,INDSO,6.58
2043,6,18.0,INDEA,INDWE,2.5
2043,6,18.0,INDNE,INDNO,30.99
2044,6,18.0,INDEA,INDNE,-33.52
2044,6,18.0,INDEA,INDSO,6.65
2044,6,18.0,INDEA,INDWE,1.45
2044,6,18.0,INDNE,INDNO,32.99
2045,6,18.0,INDEA,INDNE,-35.52
2045,6,18.0,INDEA,INDSO,5.71
2045,6,18.0,INDNE,INDNO,34.99
2046,6,18.0,INDEA,INDNE,-37.52
2046,6,18.0,INDEA,INDSO,1.34
2046,6,18.0,INDNE,INDNO,36.99
2046,6,18.0,INDNO,INDWE,4.11
2047,6,18.0,INDEA,INDNE,-39.52
2047,6,18.0,INDEA,INDSO,0.65
2047,6,18.0,INDNE,INDNO,38.99
2047,6,18.0,INDNO,INDWE,0.31
2048,6,18.0,INDEA,INDNE,-41.52
2048,6,18.0,INDNE,INDNO,40.99
2049,6,18.0,INDEA,INDNE,-43.52
2049,6,18.0,INDNE,INDNO,42.99
2050,6,18.0,INDEA,INDNE,-45.52
2050,6,18.0,INDNE,INDNO,44.99
2021,6,19.0,INDEA,INDNE,2.79
2022,6,19.0,INDEA,INDNE,2.86
2022,6,19.0,INDNE,INDNO,-0.29
2023,6,19.0,INDEA,INDNE,2.85
2024,6,19.0,INDEA,INDNE,-3.53
2024,6,19.0,INDNE,INDNO,3.0
2025,6,19.0,INDEA,INDNE,-3.53
2025,6,19.0,INDNE,INDNO,3.0
2025,6,19.0,INDSO,INDWE,-2.73
2026,6,19.0,INDEA,INDNE,-3.53
2026,6,19.0,INDNE,INDNO,3.0
2026,6,19.0,INDSO,INDWE,-3.08
2027,6,19.0,INDEA,INDNE,-3.53
2027,6,19.0,INDNE,INDNO,3.0
2027,6,19.0,INDSO,INDWE,-5.43
2028,6,19.0,INDEA,INDNE,-3.53
2028,6,19.0,INDNE,INDNO,3.0
2028,6,19.0,INDSO,INDWE,-8.49
2029,6,19.0,INDEA,INDNE,-3.53
2029,6,19.0,INDNE,INDNO,3.0
2029,6,19.0,INDSO,INDWE,-11.34
2030,6,19.0,INDEA,INDNE,-5.53
2030,6,19.0,INDEA,INDNO,0.63
2030,6,19.0,INDNE,INDNO,5.0
2030,6,19.0,INDSO,INDWE,-14.88
2031,6,19.0,INDEA,INDNE,-7.53
2031,6,19.0,INDNE,INDNO,7.0
2031,6,19.0,INDSO,INDWE,-4.75
2032,6,19.0,INDEA,INDNE,-9.53
2032,6,19.0,INDNE,INDNO,9.0
2032,6,19.0,INDSO,INDWE,-5.06
2033,6,19.0,INDEA,INDNE,-11.53
2033,6,19.0,INDNE,INDNO,11.0
2033,6,19.0,INDSO,INDWE,-5.35
2034,6,19.0,INDEA,INDNE,-13.53
2034,6,19.0,INDEA,INDSO,3.65
2034,6,19.0,INDNE,INDNO,13.0
2034,6,19.0,INDSO,INDWE,-1.89
2035,6,19.0,INDEA,INDNE,-15.53
2035,6,19.0,INDEA,INDSO,5.68
2035,6,19.0,INDEA,INDWE,0.34
2035,6,19.0,INDNE,INDNO,15.0
2036,6,19.0,INDEA,INDNE,-17.53
2036,6,19.0,INDEA,INDSO,5.79
2036,6,19.0,INDEA,INDWE,0.6
2036,6,19.0,INDNE,INDNO,17.0
2037,6,19.0,INDEA,INDNE,-19.53
2037,6,19.0,INDEA,INDSO,5.9
2037,6,19.0,INDEA,INDWE,0.87
2037,6,19.0,INDNE,INDNO,19.0
2038,6,19.0,INDEA,INDNE,-21.53
2038,6,19.0,INDEA,INDSO,6.0
2038,6,19.0,INDEA,INDWE,1.13
2038,6,19.0,INDNE,INDNO,21.0
2039,6,19.0,INDEA,INDNE,-23.53
2039,6,19.0,INDEA,INDSO,6.11
2039,6,19.0,INDEA,INDWE,1.39
2039,6,19.0,INDNE,INDNO,23.0
2040,6,19.0,INDEA,INDNE,-25.53
2040,6,19.0,INDEA,INDSO,6.22
2040,6,19.0,INDEA,INDWE,1.65
2040,6,19.0,INDNE,INDNO,25.0
2041,6,19.0,INDEA,INDNE,-27.52
2041,6,19.0,INDEA,INDSO,6.34
2041,6,19.0,INDEA,INDWE,1.94
2041,6,19.0,INDNE,INDNO,27.0
2042,6,19.0,INDEA,INDNE,-29.52
2042,6,19.0,INDEA,INDSO,6.46
2042,6,19.0,INDEA,INDWE,2.22
2042,6,19.0,INDNE,INDNO,28.99
2043,6,19.0,INDEA,INDNE,-31.52
2043,6,19.0,INDEA,INDSO,6.58
2043,6,19.0,INDEA,INDWE,2.5
2043,6,19.0,INDNE,INDNO,30.99
2044,6,19.0,INDEA,INDNE,-33.52
2044,6,19.0,INDEA,INDSO,6.65
2044,6,19.0,INDEA,INDWE,1.45
2044,6,19.0,INDNE,INDNO,32.99
2045,6,19.0,INDEA,INDNE,-35.52
2045,6,19.0,INDEA,INDSO,5.71
2045,6,19.0,INDNE,INDNO,34.99
2046,6,19.0,INDEA,INDNE,-37.52
2046,6,19.0,INDEA,INDSO,1.34
2046,6,19.0,INDNE,INDNO,36.99
2046,6,19.0,INDNO,INDWE,4.11
2047,6,19.0,INDEA,INDNE,-39.52
2047,6,19.0,INDEA,INDSO,0.65
2047,6,19.0,INDNE,INDNO,38.99
2047,6,19.0,INDNO,INDWE,0.31
2048,6,19.0,INDEA,INDNE,-41.52
2048,6,19.0,INDNE,INDNO,40.99
2049,6,19.0,INDEA,INDNE,-43.52
2049,6,19.0,INDNE,INDNO,42.99
2050,6,19.0,INDEA,INDNE,-45.52
2050,6,19.0,INDNE,INDNO,44.99
2021,6,20.0,INDEA,INDNE,2.79
2022,6,20.0,INDEA,INDNE,2.86
2022,6,20.0,INDNE,INDNO,-0.29
2023,6,20.0,INDEA,INDNE,2.85
2024,6,20.0,INDEA,INDNE,-3.53
2024,6,20.0,INDNE,INDNO,3.0
2025,6,20.0,INDEA,INDNE,-3.53
2025,6,20.0,INDNE,INDNO,3.0
2025,6,20.0,INDSO,INDWE,-2.73
2026,6,20.0,INDEA,INDNE,-3.53
2026,6,20.0,INDNE,INDNO,3.0
2026,6,20.0,INDSO,INDWE,-3.08
2027,6,20.0,INDEA,INDNE,-3.53
2027,6,20.0,INDNE,INDNO,3.0
2027,6,20.0,INDSO,INDWE,-5.43
2028,6,20.0,INDEA,INDNE,-3.53
2028,6,20.0,INDNE,INDNO,3.0
2028,6,20.0,INDSO,INDWE,-8.49
2029,6,20.0,INDEA,INDNE,-3.53
2029,6,20.0,INDNE,INDNO,3.0
2029,6,20.0,INDSO,INDWE,-11.34
2030,6,20.0,INDEA,INDNE,-5.53
2030,6,20.0,INDEA,INDNO,0.63
2030,6,20.0,INDNE,INDNO,5.0
2030,6,20.0,INDSO,INDWE,-14.88
2031,6,20.0,INDEA,INDNE,-7.53
2031,6,20.0,INDNE,INDNO,7.0
2031,6,20.0,INDSO,INDWE,-4.75
2032,6,20.0,INDEA,INDNE,-9.53
2032,6,20.0,INDNE,INDNO,9.0
2032,6,20.0,INDSO,INDWE,-5.06
2033,6,20.0,INDEA,INDNE,-11.53
2033,6,20.0,INDNE,INDNO,11.0
2033,6,20.0,INDSO,INDWE,-5.35
2034,6,20.0,INDEA,INDNE,-13.53
2034,6,20.0,INDEA,INDSO,3.65
2034,6,20.0,INDNE,INDNO,13.0
2034,6,20.0,INDSO,INDWE,-1.89
2035,6,20.0,INDEA,INDNE,-15.53
2035,6,20.0,INDEA,INDSO,5.68
2035,6,20.0,INDEA,INDWE,0.34
2035,6,20.0,INDNE,INDNO,15.0
2036,6,20.0,INDEA,INDNE,-17.53
2036,6,20.0,INDEA,INDSO,5.79
2036,6,20.0,INDEA,INDWE,0.6
2036,6,20.0,INDNE,INDNO,17.0
2037,6,20.0,INDEA,INDNE,-19.53
2037,6,20.0,INDEA,INDSO,5.9
2037,6,20.0,INDEA,INDWE,0.87
2037,6,20.0,INDNE,INDNO,19.0
2038,6,20.0,INDEA,INDNE,-21.53
2038,6,20.0,INDEA,INDSO,6.0
2038,6,20.0,INDEA,INDWE,1.13
2038,6,20.0,INDNE,INDNO,21.0
2039,6,20.0,INDEA,INDNE,-23.53
2039,6,20.0,INDEA,INDSO,6.11
2039,6,20.0,INDEA,INDWE,1.39
2039,6,20.0,INDNE,INDNO,23.0
2040,6,20.0,INDEA,INDNE,-25.53
2040,6,20.0,INDEA,INDSO,6.22
2040,6,20.0,INDEA,INDWE,1.65
2040,6,20.0,INDNE,INDNO,25.0
2041,6,20.0,INDEA,INDNE,-27.52
2041,6,20.0,INDEA,INDSO,6.34
2041,6,20.0,INDEA,INDWE,1.94
2041,6,20.0,INDNE,INDNO,27.0
2042,6,20.0,INDEA,INDNE,-29.52
2042,6,20.0,INDEA,INDSO,6.46
2042,6,20.0,INDEA,INDWE,2.22
2042,6,20.0,INDNE,INDNO,28.99
2043,6,20.0,INDEA,INDNE,-31.52
2043,6,20.0,INDEA,INDSO,6.58
2043,6,20.0,INDEA,INDWE,2.5
2043,6,20.0,INDNE,INDNO,30.99
2044,6,20.0,INDEA,INDNE,-33.52
2044,6,20.0,INDEA,INDSO,6.65
2044,6,20.0,INDEA,INDWE,1.45
2044,6,20.0,INDNE,INDNO,32.99
2045,6,20.0,INDEA,INDNE,-35.52
2045,6,20.0,INDEA,INDSO,5.71
2045,6,20.0,INDNE,INDNO,34.99
2046,6,20.0,INDEA,INDNE,-37.52
2046,6,20.0,INDEA,INDSO,1.34
2046,6,20.0,INDNE,INDNO,36.99
2046,6,20.0,INDNO,INDWE,4.11
2047,6,20.0,INDEA,INDNE,-39.52
2047,6,20.0,INDEA,INDSO,0.65
2047,6,20.0,INDNE,INDNO,38.99
2047,6,20.0,INDNO,INDWE,0.31
2048,6,20.0,INDEA,INDNE,-41.52
2048,6,20.0,INDNE,INDNO,40.99
2049,6,20.0,INDEA,INDNE,-43.52
2049,6,20.0,INDNE,INDNO,42.99
2050,6,20.0,INDEA,INDNE,-45.52
2050,6,20.0,INDNE,INDNO,44.99
2021,6,21.0,INDEA,INDNE,2.79
2022,6,21.0,INDEA,INDNE,2.86
2022,6,21.0,INDNE,INDNO,-0.29
2023,6,21.0,INDEA,INDNE,2.85
2024,6,21.0,INDEA,INDNE,-3.53
2024,6,21.0,INDNE,INDNO,3.0
2025,6,21.0,INDEA,INDNE,-3.53
2025,6,21.0,INDNE,INDNO,3.0
2025,6,21.0,INDSO,INDWE,-2.73
2026,6,21.0,INDEA,INDNE,-3.53
2026,6,21.0,INDNE,INDNO,3.0
2026,6,21.0,INDSO,INDWE,-3.08
2027,6,21.0,INDEA,INDNE,-3.53
2027,6,21.0,INDNE,INDNO,3.0
2027,6,21.0,INDSO,INDWE,-5.43
2028,6,21.0,INDEA,INDNE,-3.53
2028,6,21.0,INDNE,INDNO,3.0
2028,6,21.0,INDSO,INDWE,-8.49
2029,6,21.0,INDEA,INDNE,-3.53
2029,6,21.0,INDNE,INDNO,3.0
2029,6,21.0,INDSO,INDWE,-11.34
2030,6,21.0,INDEA,INDNE,-5.53
2030,6,21.0,INDEA,INDNO,0.63
2030,6,21.0,INDNE,INDNO,5.0
2030,6,21.0,INDSO,INDWE,-14.88
2031,6,21.0,INDEA,INDNE,-7.53
2031,6,21.0,INDNE,INDNO,7.0
2031,6,21.0,INDSO,INDWE,-4.75
2032,6,21.0,INDEA,INDNE,-9.53
2032,6,21.0,INDNE,INDNO,9.0
2032,6,21.0,INDSO,INDWE,-5.06
2033,6,21.0,INDEA,INDNE,-11.53
2033,6,21.0,INDNE,INDNO,11.0
2033,6,21.0,INDSO,INDWE,-5.35
2034,6,21.0,INDEA,INDNE,-13.53
2034,6,21.0,INDEA,INDSO,3.65
2034,6,21.0,INDNE,INDNO,13.0
2034,6,21.0,INDSO,INDWE,-1.89
2035,6,21.0,INDEA,INDNE,-15.53
2035,6,21.0,INDEA,INDSO,5.68
2035,6,21.0,INDEA,INDWE,0.34
2035,6,21.0,INDNE,INDNO,15.0
2036,6,21.0,INDEA,INDNE,-17.53
2036,6,21.0,INDEA,INDSO,5.79
2036,6,21.0,INDEA,INDWE,0.6
2036,6,21.0,INDNE,INDNO,17.0
2037,6,21.0,INDEA,INDNE,-19.53
2037,6,21.0,INDEA,INDSO,5.9
2037,6,21.0,INDEA,INDWE,0.87
2037,6,21.0,INDNE,INDNO,19.0
2038,6,21.0,INDEA,INDNE,-21.53
2038,6,21.0,INDEA,INDSO,6.0
2038,6,21.0,INDEA,INDWE,1.13
2038,6,21.0,INDNE,INDNO,21.0
2039,6,21.0,INDEA,INDNE,-23.53
2039,6,21.0,INDEA,INDSO,6.11
2039,6,21.0,INDEA,INDWE,1.39
2039,6,21.0,INDNE,INDNO,23.0
2040,6,21.0,INDEA,INDNE,-25.53
2040,6,21.0,INDEA,INDSO,6.22
2040,6,21.0,INDEA,INDWE,1.65
2040,6,21.0,INDNE,INDNO,25.0
2041,6,21.0,INDEA,INDNE,-27.52
2041,6,21.0,INDEA,INDSO,6.34
2041,6,21.0,INDEA,INDWE,1.94
2041,6,21.0,INDNE,INDNO,27.0
2042,6,21.0,INDEA,INDNE,-29.52
2042,6,21.0,INDEA,INDSO,6.46
2042,6,21.0,INDEA,INDWE,2.22
2042,6,21.0,INDNE,INDNO,28.99
2043,6,21.0,INDEA,INDNE,-31.52
2043,6,21.0,INDEA,INDSO,6.58
2043,6,21.0,INDEA,INDWE,2.5
2043,6,21.0,INDNE,INDNO,30.99
2044,6,21.0,INDEA,INDNE,-33.52
2044,6,21.0,INDEA,INDSO,6.65
2044,6,21.0,INDEA,INDWE,1.45
2044,6,21.0,INDNE,INDNO,32.99
2045,6,21.0,INDEA,INDNE,-35.52
2045,6,21.0,INDEA,INDSO,5.71
2045,6,21.0,INDNE,INDNO,34.99
2046,6,21.0,INDEA,INDNE,-37.52
2046,6,21.0,INDEA,INDSO,1.34
2046,6,21.0,INDNE,INDNO,36.99
2046,6,21.0,INDNO,INDWE,4.11
2047,6,21.0,INDEA,INDNE,-39.52
2047,6,21.0,INDEA,INDSO,0.65
2047,6,21.0,INDNE,INDNO,38.99
2047,6,21.0,INDNO,INDWE,0.31
2048,6,21.0,INDEA,INDNE,-41.52
2048,6,21.0,INDNE,INDNO,40.99
2049,6,21.0,INDEA,INDNE,-43.52
2049,6,21.0,INDNE,INDNO,42.99
2050,6,21.0,INDEA,INDNE,-45.52
2050,6,21.0,INDNE,INDNO,44.99
2021,6,22.0,INDEA,INDNE,2.79
2022,6,22.0,INDEA,INDNE,2.86
2022,6,22.0,INDNE,INDNO,-0.29
2023,6,22.0,INDEA,INDNE,2.85
2024,6,22.0,INDEA,INDNE,-3.53
2024,6,22.0,INDNE,INDNO,3.0
2025,6,22.0,INDEA,INDNE,-3.53
2025,6,22.0,INDNE,INDNO,3.0
2025,6,22.0,INDSO,INDWE,-2.73
2026,6,22.0,INDEA,INDNE,-3.53
2026,6,22.0,INDNE,INDNO,3.0
2026,6,22.0,INDSO,INDWE,-3.08
2027,6,22.0,INDEA,INDNE,-3.53
2027,6,22.0,INDNE,INDNO,3.0
2027,6,22.0,INDSO,INDWE,-5.43
2028,6,22.0,INDEA,INDNE,-3.53
2028,6,22.0,INDNE,INDNO,3.0
2028,6,22.0,INDSO,INDWE,-8.49
2029,6,22.0,INDEA,INDNE,-3.53
2029,6,22.0,INDNE,INDNO,3.0
2029,6,22.0,INDSO,INDWE,-11.34
2030,6,22.0,INDEA,INDNE,-5.53
2030,6,22.0,INDEA,INDNO,0.63
2030,6,22.0,INDNE,INDNO,5.0
2030,6,22.0,INDSO,INDWE,-14.88
2031,6,22.0,INDEA,INDNE,-7.53
2031,6,22.0,INDNE,INDNO,7.0
2031,6,22.0,INDSO,INDWE,-4.75
2032,6,22.0,INDEA,INDNE,-9.53
2032,6,22.0,INDNE,INDNO,9.0
2032,6,22.0,INDSO,INDWE,-5.06
2033,6,22.0,INDEA,INDNE,-11.53
2033,6,22.0,INDNE,INDNO,11.0
2033,6,22.0,INDSO,INDWE,-5.35
2034,6,22.0,INDEA,INDNE,-13.53
2034,6,22.0,INDEA,INDSO,3.65
2034,6,22.0,INDNE,INDNO,13.0
2034,6,22.0,INDSO,INDWE,-1.89
2035,6,22.0,INDEA,INDNE,-15.53
2035,6,22.0,INDEA,INDSO,5.68
2035,6,22.0,INDEA,INDWE,0.34
2035,6,22.0,INDNE,INDNO,15.0
2036,6,22.0,INDEA,INDNE,-17.53
2036,6,22.0,INDEA,INDSO,5.79
2036,6,22.0,INDEA,INDWE,0.6
2036,6,22.0,INDNE,INDNO,17.0
2037,6,22.0,INDEA,INDNE,-19.53
2037,6,22.0,INDEA,INDSO,5.9
2037,6,22.0,INDEA,INDWE,0.87
2037,6,22.0,INDNE,INDNO,19.0
2038,6,22.0,INDEA,INDNE,-21.53
2038,6,22.0,INDEA,INDSO,6.0
2038,6,22.0,INDEA,INDWE,1.13
2038,6,22.0,INDNE,INDNO,21.0
2039,6,22.0,INDEA,INDNE,-23.53
2039,6,22.0,INDEA,INDSO,6.11
2039,6,22.0,INDEA,INDWE,1.39
2039,6,22.0,INDNE,INDNO,23.0
2040,6,22.0,INDEA,INDNE,-25.53
2040,6,22.0,INDEA,INDSO,6.22
2040,6,22.0,INDEA,INDWE,1.65
2040,6,22.0,INDNE,INDNO,25.0
2041,6,22.0,INDEA,INDNE,-27.52
2041,6,22.0,INDEA,INDSO,6.34
2041,6,22.0,INDEA,INDWE,1.94
2041,6,22.0,INDNE,INDNO,27.0
2042,6,22.0,INDEA,INDNE,-29.52
2042,6,22.0,INDEA,INDSO,6.46
2042,6,22.0,INDEA,INDWE,2.22
2042,6,22.0,INDNE,INDNO,28.99
2043,6,22.0,INDEA,INDNE,-31.52
2043,6,22.0,INDEA,INDSO,6.58
2043,6,22.0,INDEA,INDWE,2.5
2043,6,22.0,INDNE,INDNO,30.99
2044,6,22.0,INDEA,INDNE,-33.52
2044,6,22.0,INDEA,INDSO,6.65
2044,6,22.0,INDEA,INDWE,1.45
2044,6,22.0,INDNE,INDNO,32.99
2045,6,22.0,INDEA,INDNE,-35.52
2045,6,22.0,INDEA,INDSO,5.71
2045,6,22.0,INDNE,INDNO,34.99
2046,6,22.0,INDEA,INDNE,-37.52
2046,6,22.0,INDEA,INDSO,1.34
2046,6,22.0,INDNE,INDNO,36.99
2046,6,22.0,INDNO,INDWE,4.11
2047,6,22.0,INDEA,INDNE,-39.52
2047,6,22.0,INDEA,INDSO,0.65
2047,6,22.0,INDNE,INDNO,38.99
2047,6,22.0,INDNO,INDWE,0.31
2048,6,22.0,INDEA,INDNE,-41.52
2048,6,22.0,INDNE,INDNO,40.99
2049,6,22.0,INDEA,INDNE,-43.52
2049,6,22.0,INDNE,INDNO,42.99
2050,6,22.0,INDEA,INDNE,-45.52
2050,6,22.0,INDNE,INDNO,44.99
2021,6,23.0,INDEA,INDNE,2.79
2022,6,23.0,INDEA,INDNE,2.86
2022,6,23.0,INDNE,INDNO,-0.29
2023,6,23.0,INDEA,INDNE,2.85
2024,6,23.0,INDEA,INDNE,-3.53
2024,6,23.0,INDNE,INDNO,3.0
2025,6,23.0,INDEA,INDNE,-3.53
2025,6,23.0,INDNE,INDNO,3.0
2025,6,23.0,INDSO,INDWE,-2.73
2026,6,23.0,INDEA,INDNE,-3.53
2026,6,23.0,INDNE,INDNO,3.0
2026,6,23.0,INDSO,INDWE,-3.08
2027,6,23.0,INDEA,INDNE,-3.53
2027,6,23.0,INDNE,INDNO,3.0
2027,6,23.0,INDSO,INDWE,-5.43
2028,6,23.0,INDEA,INDNE,-3.53
2028,6,23.0,INDNE,INDNO,3.0
2028,6,23.0,INDSO,INDWE,-8.49
2029,6,23.0,INDEA,INDNE,-3.53
2029,6,23.0,INDNE,INDNO,3.0
2029,6,23.0,INDSO,INDWE,-11.34
2030,6,23.0,INDEA,INDNE,-5.53
2030,6,23.0,INDEA,INDNO,0.63
2030,6,23.0,INDNE,INDNO,5.0
2030,6,23.0,INDSO,INDWE,-14.88
2031,6,23.0,INDEA,INDNE,-7.53
2031,6,23.0,INDNE,INDNO,7.0
2031,6,23.0,INDSO,INDWE,-4.75
2032,6,23.0,INDEA,INDNE,-9.53
2032,6,23.0,INDNE,INDNO,9.0
2032,6,23.0,INDSO,INDWE,-5.06
2033,6,23.0,INDEA,INDNE,-11.53
2033,6,23.0,INDNE,INDNO,11.0
2033,6,23.0,INDSO,INDWE,-5.35
2034,6,23.0,INDEA,INDNE,-13.53
2034,6,23.0,INDEA,INDSO,3.65
2034,6,23.0,INDNE,INDNO,13.0
2034,6,23.0,INDSO,INDWE,-1.89
2035,6,23.0,INDEA,INDNE,-15.53
2035,6,23.0,INDEA,INDSO,5.68
2035,6,23.0,INDEA,INDWE,0.34
2035,6,23.0,INDNE,INDNO,15.0
2036,6,23.0,INDEA,INDNE,-17.53
2036,6,23.0,INDEA,INDSO,5.79
2036,6,23.0,INDEA,INDWE,0.6
2036,6,23.0,INDNE,INDNO,17.0
2037,6,23.0,INDEA,INDNE,-19.53
2037,6,23.0,INDEA,INDSO,5.9
2037,6,23.0,INDEA,INDWE,0.87
2037,6,23.0,INDNE,INDNO,19.0
2038,6,23.0,INDEA,INDNE,-21.53
2038,6,23.0,INDEA,INDSO,6.0
2038,6,23.0,INDEA,INDWE,1.13
2038,6,23.0,INDNE,INDNO,21.0
2039,6,23.0,INDEA,INDNE,-23.53
2039,6,23.0,INDEA,INDSO,6.11
2039,6,23.0,INDEA,INDWE,1.39
2039,6,23.0,INDNE,INDNO,23.0
2040,6,23.0,INDEA,INDNE,-25.53
2040,6,23.0,INDEA,INDSO,6.22
2040,6,23.0,INDEA,INDWE,1.65
2040,6,23.0,INDNE,INDNO,25.0
2041,6,23.0,INDEA,INDNE,-27.52
2041,6,23.0,INDEA,INDSO,6.34
2041,6,23.0,INDEA,INDWE,1.94
2041,6,23.0,INDNE,INDNO,27.0
2042,6,23.0,INDEA,INDNE,-29.52
2042,6,23.0,INDEA,INDSO,6.46
2042,6,23.0,INDEA,INDWE,2.22
2042,6,23.0,INDNE,INDNO,28.99
2043,6,23.0,INDEA,INDNE,-31.52
2043,6,23.0,INDEA,INDSO,6.58
2043,6,23.0,INDEA,INDWE,2.5
2043,6,23.0,INDNE,INDNO,30.99
2044,6,23.0,INDEA,INDNE,-33.52
2044,6,23.0,INDEA,INDSO,6.65
2044,6,23.0,INDEA,INDWE,1.45
2044,6,23.0,INDNE,INDNO,32.99
2045,6,23.0,INDEA,INDNE,-35.52
2045,6,23.0,INDEA,INDSO,5.71
2045,6,23.0,INDNE,INDNO,34.99
2046,6,23.0,INDEA,INDNE,-37.52
2046,6,23.0,INDEA,INDSO,1.34
2046,6,23.0,INDNE,INDNO,36.99
2046,6,23.0,INDNO,INDWE,4.11
2047,6,23.0,INDEA,INDNE,-39.52
2047,6,23.0,INDEA,INDSO,0.65
2047,6,23.0,INDNE,INDNO,38.99
2047,6,23.0,INDNO,INDWE,0.31
2048,6,23.0,INDEA,INDNE,-41.52
2048,6,23.0,INDNE,INDNO,40.99
2049,6,23.0,INDEA,INDNE,-43.52
2049,6,23.0,INDNE,INDNO,42.99
2050,6,23.0,INDEA,INDNE,-45.52
2050,6,23.0,INDNE,INDNO,44.99
2021,6,24.0,INDEA,INDNE,2.79
2022,6,24.0,INDEA,INDNE,2.86
2022,6,24.0,INDNE,INDNO,-0.29
2023,6,24.0,INDEA,INDNE,2.85
2024,6,24.0,INDEA,INDNE,-3.53
2024,6,24.0,INDNE,INDNO,3.0
2025,6,24.0,INDEA,INDNE,-3.53
2025,6,24.0,INDNE,INDNO,3.0
2025,6,24.0,INDSO,INDWE,-2.73
2026,6,24.0,INDEA,INDNE,-3.53
2026,6,24.0,INDNE,INDNO,3.0
2026,6,24.0,INDSO,INDWE,-3.08
2027,6,24.0,INDEA,INDNE,-3.53
2027,6,24.0,INDNE,INDNO,3.0
2027,6,24.0,INDSO,INDWE,-5.43
2028,6,24.0,INDEA,INDNE,-3.53
2028,6,24.0,INDNE,INDNO,3.0
2028,6,24.0,INDSO,INDWE,-8.49
2029,6,24.0,INDEA,INDNE,-3.53
2029,6,24.0,INDNE,INDNO,3.0
2029,6,24.0,INDSO,INDWE,-11.34
2030,6,24.0,INDEA,INDNE,-5.53
2030,6,24.0,INDEA,INDNO,0.63
2030,6,24.0,INDNE,INDNO,5.0
2030,6,24.0,INDSO,INDWE,-14.88
2031,6,24.0,INDEA,INDNE,-7.53
2031,6,24.0,INDNE,INDNO,7.0
2031,6,24.0,INDSO,INDWE,-4.75
2032,6,24.0,INDEA,INDNE,-9.53
2032,6,24.0,INDNE,INDNO,9.0
2032,6,24.0,INDSO,INDWE,-5.06
2033,6,24.0,INDEA,INDNE,-11.53
2033,6,24.0,INDNE,INDNO,11.0
2033,6,24.0,INDSO,INDWE,-5.35
2034,6,24.0,INDEA,INDNE,-13.53
2034,6,24.0,INDEA,INDSO,3.65
2034,6,24.0,INDNE,INDNO,13.0
2034,6,24.0,INDSO,INDWE,-1.89
2035,6,24.0,INDEA,INDNE,-15.53
2035,6,24.0,INDEA,INDSO,5.68
2035,6,24.0,INDEA,INDWE,0.34
2035,6,24.0,INDNE,INDNO,15.0
2036,6,24.0,INDEA,INDNE,-17.53
2036,6,24.0,INDEA,INDSO,5.79
2036,6,24.0,INDEA,INDWE,0.6
2036,6,24.0,INDNE,INDNO,17.0
2037,6,24.0,INDEA,INDNE,-19.53
2037,6,24.0,INDEA,INDSO,5.9
2037,6,24.0,INDEA,INDWE,0.87
2037,6,24.0,INDNE,INDNO,19.0
2038,6,24.0,INDEA,INDNE,-21.53
2038,6,24.0,INDEA,INDSO,6.0
2038,6,24.0,INDEA,INDWE,1.13
2038,6,24.0,INDNE,INDNO,21.0
2039,6,24.0,INDEA,INDNE,-23.53
2039,6,24.0,INDEA,INDSO,6.11
2039,6,24.0,INDEA,INDWE,1.39
2039,6,24.0,INDNE,INDNO,23.0
2040,6,24.0,INDEA,INDNE,-25.53
2040,6,24.0,INDEA,INDSO,6.22
2040,6,24.0,INDEA,INDWE,1.65
2040,6,24.0,INDNE,INDNO,25.0
2041,6,24.0,INDEA,INDNE,-27.52
2041,6,24.0,INDEA,INDSO,6.34
2041,6,24.0,INDEA,INDWE,1.94
2041,6,24.0,INDNE,INDNO,27.0
2042,6,24.0,INDEA,INDNE,-29.52
2042,6,24.0,INDEA,INDSO,6.46
2042,6,24.0,INDEA,INDWE,2.22
2042,6,24.0,INDNE,INDNO,28.99
2043,6,24.0,INDEA,INDNE,-31.52
2043,6,24.0,INDEA,INDSO,6.58
2043,6,24.0,INDEA,INDWE,2.5
2043,6,24.0,INDNE,INDNO,30.99
2044,6,24.0,INDEA,INDNE,-33.52
2044,6,24.0,INDEA,INDSO,6.65
2044,6,24.0,INDEA,INDWE,1.45
2044,6,24.0,INDNE,INDNO,32.99
2045,6,24.0,INDEA,INDNE,-35.52
2045,6,24.0,INDEA,INDSO,5.71
2045,6,24.0,INDNE,INDNO,34.99
2046,6,24.0,INDEA,INDNE,-37.52
2046,6,24.0,INDEA,INDSO,1.34
2046,6,24.0,INDNE,INDNO,36.99
2046,6,24.0,INDNO,INDWE,4.11
2047,6,24.0,INDEA,INDNE,-39.52
2047,6,24.0,INDEA,INDSO,0.65
2047,6,24.0,INDNE,INDNO,38.99
2047,6,24.0,INDNO,INDWE,0.31
2048,6,24.0,INDEA,INDNE,-41.52
2048,6,24.0,INDNE,INDNO,40.99
2049,6,24.0,INDEA,INDNE,-43.52
2049,6,24.0,INDNE,INDNO,42.99
2050,6,24.0,INDEA,INDNE,-45.52
2050,6,24.0,INDNE,INDNO,44.99
2021,7,1.0,INDEA,INDNE,2.84
2022,7,1.0,INDEA,INDNE,2.86
2022,7,1.0,INDNE,INDNO,-0.29
2023,7,1.0,INDEA,INDNE,2.87
2024,7,1.0,INDEA,INDNE,-3.53
2024,7,1.0,INDNE,INDNO,3.0
2025,7,1.0,INDEA,INDNE,-3.53
2025,7,1.0,INDEA,INDNO,-3.32
2025,7,1.0,INDNE,INDNO,3.0
2025,7,1.0,INDNO,INDWE,9.87
2025,7,1.0,INDSO,INDWE,-14.27
2026,7,1.0,INDEA,INDNE,-3.53
2026,7,1.0,INDEA,INDNO,-4.27
2026,7,1.0,INDNE,INDNO,3.0
2026,7,1.0,INDNO,INDWE,6.93
2026,7,1.0,INDSO,INDWE,-11.39
2027,7,1.0,INDEA,INDNE,-3.53
2027,7,1.0,INDEA,INDNO,-5.25
2027,7,1.0,INDNE,INDNO,3.0
2027,7,1.0,INDNO,INDWE,3.82
2027,7,1.0,INDSO,INDWE,-6.43
2028,7,1.0,INDEA,INDNE,-3.53
2028,7,1.0,INDEA,INDNO,-5.42
2028,7,1.0,INDNE,INDNO,3.0
2028,7,1.0,INDNO,INDWE,2.65
2028,7,1.0,INDSO,INDWE,-2.95
2029,7,1.0,INDEA,INDNE,-3.53
2029,7,1.0,INDEA,INDNO,-6.42
2029,7,1.0,INDNE,INDNO,3.0
2030,7,1.0,INDEA,INDNE,-5.53
2030,7,1.0,INDEA,INDNO,-5.35
2030,7,1.0,INDNE,INDNO,5.0
2030,7,1.0,INDNO,INDWE,0.37
2031,7,1.0,INDEA,INDNE,-7.53
2031,7,1.0,INDEA,INDNO,-1.79
2031,7,1.0,INDNE,INDNO,3.51
2032,7,1.0,INDEA,INDNE,-9.53
2032,7,1.0,INDNE,INDNO,7.24
2033,7,1.0,INDEA,INDNE,-11.53
2033,7,1.0,INDNE,INDNO,9.16
2034,7,1.0,INDEA,INDNE,-13.53
2034,7,1.0,INDNE,INDNO,10.97
2035,7,1.0,INDEA,INDNE,-15.53
2035,7,1.0,INDNE,INDNO,13.08
2036,7,1.0,INDEA,INDNE,-17.53
2036,7,1.0,INDNE,INDNO,15.01
2037,7,1.0,INDEA,INDNE,-19.53
2037,7,1.0,INDNE,INDNO,16.95
2038,7,1.0,INDEA,INDNE,-21.53
2038,7,1.0,INDNE,INDNO,18.88
2039,7,1.0,INDEA,INDNE,-23.53
2039,7,1.0,INDNE,INDNO,20.81
2040,7,1.0,INDEA,INDNE,-25.53
2040,7,1.0,INDNE,INDNO,22.72
2041,7,1.0,INDEA,INDNE,-27.53
2041,7,1.0,INDNE,INDNO,24.62
2042,7,1.0,INDEA,INDNE,-29.54
2042,7,1.0,INDNE,INDNO,26.51
2043,7,1.0,INDEA,INDNE,-31.54
2043,7,1.0,INDNE,INDNO,28.41
2044,7,1.0,INDEA,INDNE,-33.54
2044,7,1.0,INDNE,INDNO,28.92
2045,7,1.0,INDEA,INDNE,-35.54
2045,7,1.0,INDNE,INDNO,27.23
2045,7,1.0,INDSO,INDWE,-0.81
2046,7,1.0,INDEA,INDNE,-37.54
2046,7,1.0,INDNE,INDNO,16.94
2046,7,1.0,INDSO,INDWE,-12.28
2047,7,1.0,INDEA,INDNE,-39.54
2047,7,1.0,INDNE,INDNO,14.73
2047,7,1.0,INDSO,INDWE,-20.99
2048,7,1.0,INDEA,INDNE,-41.54
2048,7,1.0,INDEA,INDSO,1.98
2048,7,1.0,INDNE,INDNO,13.0
2048,7,1.0,INDSO,INDWE,-30.13
2049,7,1.0,INDEA,INDNE,-43.54
2049,7,1.0,INDEA,INDSO,7.83
2049,7,1.0,INDNE,INDNO,14.18
2049,7,1.0,INDSO,INDWE,-32.13
2050,7,1.0,INDEA,INDNE,-45.54
2050,7,1.0,INDEA,INDSO,7.95
2050,7,1.0,INDNE,INDNO,14.96
2050,7,1.0,INDSO,INDWE,-34.13
2021,7,2.0,INDEA,INDNE,2.84
2022,7,2.0,INDEA,INDNE,2.86
2022,7,2.0,INDNE,INDNO,-0.29
2023,7,2.0,INDEA,INDNE,2.87
2024,7,2.0,INDEA,INDNE,-3.53
2024,7,2.0,INDNE,INDNO,3.0
2025,7,2.0,INDEA,INDNE,-3.53
2025,7,2.0,INDEA,INDNO,-3.32
2025,7,2.0,INDNE,INDNO,3.0
2025,7,2.0,INDNO,INDWE,9.87
2025,7,2.0,INDSO,INDWE,-14.27
2026,7,2.0,INDEA,INDNE,-3.53
2026,7,2.0,INDEA,INDNO,-4.27
2026,7,2.0,INDNE,INDNO,3.0
2026,7,2.0,INDNO,INDWE,6.93
2026,7,2.0,INDSO,INDWE,-11.39
2027,7,2.0,INDEA,INDNE,-3.53
2027,7,2.0,INDEA,INDNO,-5.25
2027,7,2.0,INDNE,INDNO,3.0
2027,7,2.0,INDNO,INDWE,3.82
2027,7,2.0,INDSO,INDWE,-6.43
2028,7,2.0,INDEA,INDNE,-3.53
2028,7,2.0,INDEA,INDNO,-5.42
2028,7,2.0,INDNE,INDNO,3.0
2028,7,2.0,INDNO,INDWE,2.65
2028,7,2.0,INDSO,INDWE,-2.95
2029,7,2.0,INDEA,INDNE,-3.53
2029,7,2.0,INDEA,INDNO,-6.42
2029,7,2.0,INDNE,INDNO,3.0
2030,7,2.0,INDEA,INDNE,-5.53
2030,7,2.0,INDEA,INDNO,-5.35
2030,7,2.0,INDNE,INDNO,5.0
2030,7,2.0,INDNO,INDWE,0.37
2031,7,2.0,INDEA,INDNE,-7.53
2031,7,2.0,INDEA,INDNO,-1.79
2031,7,2.0,INDNE,INDNO,3.51
2032,7,2.0,INDEA,INDNE,-9.53
2032,7,2.0,INDNE,INDNO,7.24
2033,7,2.0,INDEA,INDNE,-11.53
2033,7,2.0,INDNE,INDNO,9.16
2034,7,2.0,INDEA,INDNE,-13.53
2034,7,2.0,INDNE,INDNO,10.97
2035,7,2.0,INDEA,INDNE,-15.53
2035,7,2.0,INDNE,INDNO,13.08
2036,7,2.0,INDEA,INDNE,-17.53
2036,7,2.0,INDNE,INDNO,15.01
2037,7,2.0,INDEA,INDNE,-19.53
2037,7,2.0,INDNE,INDNO,16.95
2038,7,2.0,INDEA,INDNE,-21.53
2038,7,2.0,INDNE,INDNO,18.88
2039,7,2.0,INDEA,INDNE,-23.53
2039,7,2.0,INDNE,INDNO,20.81
2040,7,2.0,INDEA,INDNE,-25.53
2040,7,2.0,INDNE,INDNO,22.72
2041,7,2.0,INDEA,INDNE,-27.53
2041,7,2.0,INDNE,INDNO,24.62
2042,7,2.0,INDEA,INDNE,-29.54
2042,7,2.0,INDNE,INDNO,26.51
2043,7,2.0,INDEA,INDNE,-31.54
2043,7,2.0,INDNE,INDNO,28.41
2044,7,2.0,INDEA,INDNE,-33.54
2044,7,2.0,INDNE,INDNO,28.92
2045,7,2.0,INDEA,INDNE,-35.54
2045,7,2.0,INDNE,INDNO,27.23
2045,7,2.0,INDSO,INDWE,-0.81
2046,7,2.0,INDEA,INDNE,-37.54
2046,7,2.0,INDNE,INDNO,16.94
2046,7,2.0,INDSO,INDWE,-12.28
2047,7,2.0,INDEA,INDNE,-39.54
2047,7,2.0,INDNE,INDNO,14.73
2047,7,2.0,INDSO,INDWE,-20.99
2048,7,2.0,INDEA,INDNE,-41.54
2048,7,2.0,INDEA,INDSO,1.98
2048,7,2.0,INDNE,INDNO,13.0
2048,7,2.0,INDSO,INDWE,-30.13
2049,7,2.0,INDEA,INDNE,-43.54
2049,7,2.0,INDEA,INDSO,7.83
2049,7,2.0,INDNE,INDNO,14.18
2049,7,2.0,INDSO,INDWE,-32.13
2050,7,2.0,INDEA,INDNE,-45.54
2050,7,2.0,INDEA,INDSO,7.95
2050,7,2.0,INDNE,INDNO,14.96
2050,7,2.0,INDSO,INDWE,-34.13
2021,7,3.0,INDEA,INDNE,2.84
2022,7,3.0,INDEA,INDNE,2.86
2022,7,3.0,INDNE,INDNO,-0.29
2023,7,3.0,INDEA,INDNE,2.87
2024,7,3.0,INDEA,INDNE,-3.53
2024,7,3.0,INDNE,INDNO,3.0
2025,7,3.0,INDEA,INDNE,-3.53
2025,7,3.0,INDEA,INDNO,-3.32
2025,7,3.0,INDNE,INDNO,3.0
2025,7,3.0,INDNO,INDWE,9.87
2025,7,3.0,INDSO,INDWE,-14.27
2026,7,3.0,INDEA,INDNE,-3.53
2026,7,3.0,INDEA,INDNO,-4.27
2026,7,3.0,INDNE,INDNO,3.0
2026,7,3.0,INDNO,INDWE,6.93
2026,7,3.0,INDSO,INDWE,-11.39
2027,7,3.0,INDEA,INDNE,-3.53
2027,7,3.0,INDEA,INDNO,-5.25
2027,7,3.0,INDNE,INDNO,3.0
2027,7,3.0,INDNO,INDWE,3.82
2027,7,3.0,INDSO,INDWE,-6.43
2028,7,3.0,INDEA,INDNE,-3.53
2028,7,3.0,INDEA,INDNO,-5.42
2028,7,3.0,INDNE,INDNO,3.0
2028,7,3.0,INDNO,INDWE,2.65
2028,7,3.0,INDSO,INDWE,-2.95
2029,7,3.0,INDEA,INDNE,-3.53
2029,7,3.0,INDEA,INDNO,-6.42
2029,7,3.0,INDNE,INDNO,3.0
2030,7,3.0,INDEA,INDNE,-5.53
2030,7,3.0,INDEA,INDNO,-5.35
2030,7,3.0,INDNE,INDNO,5.0
2030,7,3.0,INDNO,INDWE,0.37
2031,7,3.0,INDEA,INDNE,-7.53
2031,7,3.0,INDEA,INDNO,-1.79
2031,7,3.0,INDNE,INDNO,3.51
2032,7,3.0,INDEA,INDNE,-9.53
2032,7,3.0,INDNE,INDNO,7.24
2033,7,3.0,INDEA,INDNE,-11.53
2033,7,3.0,INDNE,INDNO,9.16
2034,7,3.0,INDEA,INDNE,-13.53
2034,7,3.0,INDNE,INDNO,10.97
2035,7,3.0,INDEA,INDNE,-15.53
2035,7,3.0,INDNE,INDNO,13.08
2036,7,3.0,INDEA,INDNE,-17.53
2036,7,3.0,INDNE,INDNO,15.01
2037,7,3.0,INDEA,INDNE,-19.53
2037,7,3.0,INDNE,INDNO,16.95
2038,7,3.0,INDEA,INDNE,-21.53
2038,7,3.0,INDNE,INDNO,18.88
2039,7,3.0,INDEA,INDNE,-23.53
2039,7,3.0,INDNE,INDNO,20.81
2040,7,3.0,INDEA,INDNE,-25.53
2040,7,3.0,INDNE,INDNO,22.72
2041,7,3.0,INDEA,INDNE,-27.53
2041,7,3.0,INDNE,INDNO,24.62
2042,7,3.0,INDEA,INDNE,-29.54
2042,7,3.0,INDNE,INDNO,26.51
2043,7,3.0,INDEA,INDNE,-31.54
2043,7,3.0,INDNE,INDNO,28.41
2044,7,3.0,INDEA,INDNE,-33.54
2044,7,3.0,INDNE,INDNO,28.92
2045,7,3.0,INDEA,INDNE,-35.54
2045,7,3.0,INDNE,INDNO,27.23
2045,7,3.0,INDSO,INDWE,-0.81
2046,7,3.0,INDEA,INDNE,-37.54
2046,7,3.0,INDNE,INDNO,16.94
2046,7,3.0,INDSO,INDWE,-12.28
2047,7,3.0,INDEA,INDNE,-39.54
2047,7,3.0,INDNE,INDNO,14.73
2047,7,3.0,INDSO,INDWE,-20.99
2048,7,3.0,INDEA,INDNE,-41.54
2048,7,3.0,INDEA,INDSO,1.98
2048,7,3.0,INDNE,INDNO,13.0
2048,7,3.0,INDSO,INDWE,-30.13
2049,7,3.0,INDEA,INDNE,-43.54
2049,7,3.0,INDEA,INDSO,7.83
2049,7,3.0,INDNE,INDNO,14.18
2049,7,3.0,INDSO,INDWE,-32.13
2050,7,3.0,INDEA,INDNE,-45.54
2050,7,3.0,INDEA,INDSO,7.95
2050,7,3.0,INDNE,INDNO,14.96
2050,7,3.0,INDSO,INDWE,-34.13
2021,7,4.0,INDEA,INDNE,2.84
2022,7,4.0,INDEA,INDNE,2.86
2022,7,4.0,INDNE,INDNO,-0.29
2023,7,4.0,INDEA,INDNE,2.87
2024,7,4.0,INDEA,INDNE,-3.53
2024,7,4.0,INDNE,INDNO,3.0
2025,7,4.0,INDEA,INDNE,-3.53
2025,7,4.0,INDEA,INDNO,-3.32
2025,7,4.0,INDNE,INDNO,3.0
2025,7,4.0,INDNO,INDWE,9.87
2025,7,4.0,INDSO,INDWE,-14.27
2026,7,4.0,INDEA,INDNE,-3.53
2026,7,4.0,INDEA,INDNO,-4.27
2026,7,4.0,INDNE,INDNO,3.0
2026,7,4.0,INDNO,INDWE,6.93
2026,7,4.0,INDSO,INDWE,-11.39
2027,7,4.0,INDEA,INDNE,-3.53
2027,7,4.0,INDEA,INDNO,-5.25
2027,7,4.0,INDNE,INDNO,3.0
2027,7,4.0,INDNO,INDWE,3.82
2027,7,4.0,INDSO,INDWE,-6.43
2028,7,4.0,INDEA,INDNE,-3.53
2028,7,4.0,INDEA,INDNO,-5.42
2028,7,4.0,INDNE,INDNO,3.0
2028,7,4.0,INDNO,INDWE,2.65
2028,7,4.0,INDSO,INDWE,-2.95
2029,7,4.0,INDEA,INDNE,-3.53
2029,7,4.0,INDEA,INDNO,-6.42
2029,7,4.0,INDNE,INDNO,3.0
2030,7,4.0,INDEA,INDNE,-5.53
2030,7,4.0,INDEA,INDNO,-5.35
2030,7,4.0,INDNE,INDNO,5.0
2030,7,4.0,INDNO,INDWE,0.37
2031,7,4.0,INDEA,INDNE,-7.53
2031,7,4.0,INDEA,INDNO,-1.79
2031,7,4.0,INDNE,INDNO,3.51
2032,7,4.0,INDEA,INDNE,-9.53
2032,7,4.0,INDNE,INDNO,7.24
2033,7,4.0,INDEA,INDNE,-11.53
2033,7,4.0,INDNE,INDNO,9.16
2034,7,4.0,INDEA,INDNE,-13.53
2034,7,4.0,INDNE,INDNO,10.97
2035,7,4.0,INDEA,INDNE,-15.53
2035,7,4.0,INDNE,INDNO,13.08
2036,7,4.0,INDEA,INDNE,-17.53
2036,7,4.0,INDNE,INDNO,15.01
2037,7,4.0,INDEA,INDNE,-19.53
2037,7,4.0,INDNE,INDNO,16.95
2038,7,4.0,INDEA,INDNE,-21.53
2038,7,4.0,INDNE,INDNO,18.88
2039,7,4.0,INDEA,INDNE,-23.53
2039,7,4.0,INDNE,INDNO,20.81
2040,7,4.0,INDEA,INDNE,-25.53
2040,7,4.0,INDNE,INDNO,22.72
2041,7,4.0,INDEA,INDNE,-27.53
2041,7,4.0,INDNE,INDNO,24.62
2042,7,4.0,INDEA,INDNE,-29.54
2042,7,4.0,INDNE,INDNO,26.51
2043,7,4.0,INDEA,INDNE,-31.54
2043,7,4.0,INDNE,INDNO,28.41
2044,7,4.0,INDEA,INDNE,-33.54
2044,7,4.0,INDNE,INDNO,28.92
2045,7,4.0,INDEA,INDNE,-35.54
2045,7,4.0,INDNE,INDNO,27.23
2045,7,4.0,INDSO,INDWE,-0.81
2046,7,4.0,INDEA,INDNE,-37.54
2046,7,4.0,INDNE,INDNO,16.94
2046,7,4.0,INDSO,INDWE,-12.28
2047,7,4.0,INDEA,INDNE,-39.54
2047,7,4.0,INDNE,INDNO,14.73
2047,7,4.0,INDSO,INDWE,-20.99
2048,7,4.0,INDEA,INDNE,-41.54
2048,7,4.0,INDEA,INDSO,1.98
2048,7,4.0,INDNE,INDNO,13.0
2048,7,4.0,INDSO,INDWE,-30.13
2049,7,4.0,INDEA,INDNE,-43.54
2049,7,4.0,INDEA,INDSO,7.83
2049,7,4.0,INDNE,INDNO,14.18
2049,7,4.0,INDSO,INDWE,-32.13
2050,7,4.0,INDEA,INDNE,-45.54
2050,7,4.0,INDEA,INDSO,7.95
2050,7,4.0,INDNE,INDNO,14.96
2050,7,4.0,INDSO,INDWE,-34.13
2021,7,5.0,INDEA,INDNE,2.84
2022,7,5.0,INDEA,INDNE,2.86
2022,7,5.0,INDNE,INDNO,-0.29
2023,7,5.0,INDEA,INDNE,2.87
2024,7,5.0,INDEA,INDNE,-3.53
2024,7,5.0,INDNE,INDNO,3.0
2025,7,5.0,INDEA,INDNE,-3.53
2025,7,5.0,INDEA,INDNO,-3.32
2025,7,5.0,INDNE,INDNO,3.0
2025,7,5.0,INDNO,INDWE,9.87
2025,7,5.0,INDSO,INDWE,-14.27
2026,7,5.0,INDEA,INDNE,-3.53
2026,7,5.0,INDEA,INDNO,-4.27
2026,7,5.0,INDNE,INDNO,3.0
2026,7,5.0,INDNO,INDWE,6.93
2026,7,5.0,INDSO,INDWE,-11.39
2027,7,5.0,INDEA,INDNE,-3.53
2027,7,5.0,INDEA,INDNO,-5.25
2027,7,5.0,INDNE,INDNO,3.0
2027,7,5.0,INDNO,INDWE,3.82
2027,7,5.0,INDSO,INDWE,-6.43
2028,7,5.0,INDEA,INDNE,-3.53
2028,7,5.0,INDEA,INDNO,-5.42
2028,7,5.0,INDNE,INDNO,3.0
2028,7,5.0,INDNO,INDWE,2.65
2028,7,5.0,INDSO,INDWE,-2.95
2029,7,5.0,INDEA,INDNE,-3.53
2029,7,5.0,INDEA,INDNO,-6.42
2029,7,5.0,INDNE,INDNO,3.0
2030,7,5.0,INDEA,INDNE,-5.53
2030,7,5.0,INDEA,INDNO,-5.35
2030,7,5.0,INDNE,INDNO,5.0
2030,7,5.0,INDNO,INDWE,0.37
2031,7,5.0,INDEA,INDNE,-7.53
2031,7,5.0,INDEA,INDNO,-1.79
2031,7,5.0,INDNE,INDNO,3.51
2032,7,5.0,INDEA,INDNE,-9.53
2032,7,5.0,INDNE,INDNO,7.24
2033,7,5.0,INDEA,INDNE,-11.53
2033,7,5.0,INDNE,INDNO,9.16
2034,7,5.0,INDEA,INDNE,-13.53
2034,7,5.0,INDNE,INDNO,10.97
2035,7,5.0,INDEA,INDNE,-15.53
2035,7,5.0,INDNE,INDNO,13.08
2036,7,5.0,INDEA,INDNE,-17.53
2036,7,5.0,INDNE,INDNO,15.01
2037,7,5.0,INDEA,INDNE,-19.53
2037,7,5.0,INDNE,INDNO,16.95
2038,7,5.0,INDEA,INDNE,-21.53
2038,7,5.0,INDNE,INDNO,18.88
2039,7,5.0,INDEA,INDNE,-23.53
2039,7,5.0,INDNE,INDNO,20.81
2040,7,5.0,INDEA,INDNE,-25.53
2040,7,5.0,INDNE,INDNO,22.72
2041,7,5.0,INDEA,INDNE,-27.53
2041,7,5.0,INDNE,INDNO,24.62
2042,7,5.0,INDEA,INDNE,-29.54
2042,7,5.0,INDNE,INDNO,26.51
2043,7,5.0,INDEA,INDNE,-31.54
2043,7,5.0,INDNE,INDNO,28.41
2044,7,5.0,INDEA,INDNE,-33.54
2044,7,5.0,INDNE,INDNO,28.92
2045,7,5.0,INDEA,INDNE,-35.54
2045,7,5.0,INDNE,INDNO,27.23
2045,7,5.0,INDSO,INDWE,-0.81
2046,7,5.0,INDEA,INDNE,-37.54
2046,7,5.0,INDNE,INDNO,16.94
2046,7,5.0,INDSO,INDWE,-12.28
2047,7,5.0,INDEA,INDNE,-39.54
2047,7,5.0,INDNE,INDNO,14.73
2047,7,5.0,INDSO,INDWE,-20.99
2048,7,5.0,INDEA,INDNE,-41.54
2048,7,5.0,INDEA,INDSO,1.98
2048,7,5.0,INDNE,INDNO,13.0
2048,7,5.0,INDSO,INDWE,-30.13
2049,7,5.0,INDEA,INDNE,-43.54
2049,7,5.0,INDEA,INDSO,7.83
2049,7,5.0,INDNE,INDNO,14.18
2049,7,5.0,INDSO,INDWE,-32.13
2050,7,5.0,INDEA,INDNE,-45.54
2050,7,5.0,INDEA,INDSO,7.95
2050,7,5.0,INDNE,INDNO,14.96
2050,7,5.0,INDSO,INDWE,-34.13
2021,7,6.0,INDEA,INDNE,2.84
2022,7,6.0,INDEA,INDNE,2.86
2022,7,6.0,INDNE,INDNO,-0.29
2023,7,6.0,INDEA,INDNE,2.87
2024,7,6.0,INDEA,INDNE,-3.53
2024,7,6.0,INDNE,INDNO,3.0
2025,7,6.0,INDEA,INDNE,-3.53
2025,7,6.0,INDEA,INDNO,-3.32
2025,7,6.0,INDNE,INDNO,3.0
2025,7,6.0,INDNO,INDWE,9.87
2025,7,6.0,INDSO,INDWE,-14.27
2026,7,6.0,INDEA,INDNE,-3.53
2026,7,6.0,INDEA,INDNO,-4.27
2026,7,6.0,INDNE,INDNO,3.0
2026,7,6.0,INDNO,INDWE,6.93
2026,7,6.0,INDSO,INDWE,-11.39
2027,7,6.0,INDEA,INDNE,-3.53
2027,7,6.0,INDEA,INDNO,-5.25
2027,7,6.0,INDNE,INDNO,3.0
2027,7,6.0,INDNO,INDWE,3.82
2027,7,6.0,INDSO,INDWE,-6.43
2028,7,6.0,INDEA,INDNE,-3.53
2028,7,6.0,INDEA,INDNO,-5.42
2028,7,6.0,INDNE,INDNO,3.0
2028,7,6.0,INDNO,INDWE,2.65
2028,7,6.0,INDSO,INDWE,-2.95
2029,7,6.0,INDEA,INDNE,-3.53
2029,7,6.0,INDEA,INDNO,-6.42
2029,7,6.0,INDNE,INDNO,3.0
2030,7,6.0,INDEA,INDNE,-5.53
2030,7,6.0,INDEA,INDNO,-5.35
2030,7,6.0,INDNE,INDNO,5.0
2030,7,6.0,INDNO,INDWE,0.37
2031,7,6.0,INDEA,INDNE,-7.53
2031,7,6.0,INDEA,INDNO,-1.79
2031,7,6.0,INDNE,INDNO,3.51
2032,7,6.0,INDEA,INDNE,-9.53
2032,7,6.0,INDNE,INDNO,7.24
2033,7,6.0,INDEA,INDNE,-11.53
2033,7,6.0,INDNE,INDNO,9.16
2034,7,6.0,INDEA,INDNE,-13.53
2034,7,6.0,INDNE,INDNO,10.97
2035,7,6.0,INDEA,INDNE,-15.53
2035,7,6.0,INDNE,INDNO,13.08
2036,7,6.0,INDEA,INDNE,-17.53
2036,7,6.0,INDNE,INDNO,15.01
2037,7,6.0,INDEA,INDNE,-19.53
2037,7,6.0,INDNE,INDNO,16.95
2038,7,6.0,INDEA,INDNE,-21.53
2038,7,6.0,INDNE,INDNO,18.88
2039,7,6.0,INDEA,INDNE,-23.53
2039,7,6.0,INDNE,INDNO,20.81
2040,7,6.0,INDEA,INDNE,-25.53
2040,7,6.0,INDNE,INDNO,22.72
2041,7,6.0,INDEA,INDNE,-27.53
2041,7,6.0,INDNE,INDNO,24.62
2042,7,6.0,INDEA,INDNE,-29.54
2042,7,6.0,INDNE,INDNO,26.51
2043,7,6.0,INDEA,INDNE,-31.54
2043,7,6.0,INDNE,INDNO,28.41
2044,7,6.0,INDEA,INDNE,-33.54
2044,7,6.0,INDNE,INDNO,28.92
2045,7,6.0,INDEA,INDNE,-35.54
2045,7,6.0,INDNE,INDNO,27.23
2045,7,6.0,INDSO,INDWE,-0.81
2046,7,6.0,INDEA,INDNE,-37.54
2046,7,6.0,INDNE,INDNO,16.94
2046,7,6.0,INDSO,INDWE,-12.28
2047,7,6.0,INDEA,INDNE,-39.54
2047,7,6.0,INDNE,INDNO,14.73
2047,7,6.0,INDSO,INDWE,-20.99
2048,7,6.0,INDEA,INDNE,-41.54
2048,7,6.0,INDEA,INDSO,1.98
2048,7,6.0,INDNE,INDNO,13.0
2048,7,6.0,INDSO,INDWE,-30.13
2049,7,6.0,INDEA,INDNE,-43.54
2049,7,6.0,INDEA,INDSO,7.83
2049,7,6.0,INDNE,INDNO,14.18
2049,7,6.0,INDSO,INDWE,-32.13
2050,7,6.0,INDEA,INDNE,-45.54
2050,7,6.0,INDEA,INDSO,7.95
2050,7,6.0,INDNE,INDNO,14.96
2050,7,6.0,INDSO,INDWE,-34.13
2021,7,7.0,INDEA,INDNE,2.84
2022,7,7.0,INDEA,INDNE,2.86
2022,7,7.0,INDNE,INDNO,-0.29
2023,7,7.0,INDEA,INDNE,2.87
2024,7,7.0,INDEA,INDNE,-3.53
2024,7,7.0,INDNE,INDNO,3.0
2025,7,7.0,INDEA,INDNE,-3.53
2025,7,7.0,INDEA,INDNO,-3.32
2025,7,7.0,INDNE,INDNO,3.0
2025,7,7.0,INDNO,INDWE,9.87
2025,7,7.0,INDSO,INDWE,-14.27
2026,7,7.0,INDEA,INDNE,-3.53
2026,7,7.0,INDEA,INDNO,-4.27
2026,7,7.0,INDNE,INDNO,3.0
2026,7,7.0,INDNO,INDWE,6.93
2026,7,7.0,INDSO,INDWE,-11.39
2027,7,7.0,INDEA,INDNE,-3.53
2027,7,7.0,INDEA,INDNO,-5.25
2027,7,7.0,INDNE,INDNO,3.0
2027,7,7.0,INDNO,INDWE,3.82
2027,7,7.0,INDSO,INDWE,-6.43
2028,7,7.0,INDEA,INDNE,-3.53
2028,7,7.0,INDEA,INDNO,-5.42
2028,7,7.0,INDNE,INDNO,3.0
2028,7,7.0,INDNO,INDWE,2.65
2028,7,7.0,INDSO,INDWE,-2.95
2029,7,7.0,INDEA,INDNE,-3.53
2029,7,7.0,INDEA,INDNO,-6.42
2029,7,7.0,INDNE,INDNO,3.0
2030,7,7.0,INDEA,INDNE,-5.53
2030,7,7.0,INDEA,INDNO,-5.35
2030,7,7.0,INDNE,INDNO,5.0
2030,7,7.0,INDNO,INDWE,0.37
2031,7,7.0,INDEA,INDNE,-7.53
2031,7,7.0,INDEA,INDNO,-1.79
2031,7,7.0,INDNE,INDNO,3.51
2032,7,7.0,INDEA,INDNE,-9.53
2032,7,7.0,INDNE,INDNO,7.24
2033,7,7.0,INDEA,INDNE,-11.53
2033,7,7.0,INDNE,INDNO,9.16
2034,7,7.0,INDEA,INDNE,-13.53
2034,7,7.0,INDNE,INDNO,10.97
2035,7,7.0,INDEA,INDNE,-15.53
2035,7,7.0,INDNE,INDNO,13.08
2036,7,7.0,INDEA,INDNE,-17.53
2036,7,7.0,INDNE,INDNO,15.01
2037,7,7.0,INDEA,INDNE,-19.53
2037,7,7.0,INDNE,INDNO,16.95
2038,7,7.0,INDEA,INDNE,-21.53
2038,7,7.0,INDNE,INDNO,18.88
2039,7,7.0,INDEA,INDNE,-23.53
2039,7,7.0,INDNE,INDNO,20.81
2040,7,7.0,INDEA,INDNE,-25.53
2040,7,7.0,INDNE,INDNO,22.72
2041,7,7.0,INDEA,INDNE,-27.53
2041,7,7.0,INDNE,INDNO,24.62
2042,7,7.0,INDEA,INDNE,-29.54
2042,7,7.0,INDNE,INDNO,26.51
2043,7,7.0,INDEA,INDNE,-31.54
2043,7,7.0,INDNE,INDNO,28.41
2044,7,7.0,INDEA,INDNE,-33.54
2044,7,7.0,INDNE,INDNO,28.92
2045,7,7.0,INDEA,INDNE,-35.54
2045,7,7.0,INDNE,INDNO,27.23
2045,7,7.0,INDSO,INDWE,-0.81
2046,7,7.0,INDEA,INDNE,-37.54
2046,7,7.0,INDNE,INDNO,16.94
2046,7,7.0,INDSO,INDWE,-12.28
2047,7,7.0,INDEA,INDNE,-39.54
2047,7,7.0,INDNE,INDNO,14.73
2047,7,7.0,INDSO,INDWE,-20.99
2048,7,7.0,INDEA,INDNE,-41.54
2048,7,7.0,INDEA,INDSO,1.98
2048,7,7.0,INDNE,INDNO,13.0
2048,7,7.0,INDSO,INDWE,-30.13
2049,7,7.0,INDEA,INDNE,-43.54
2049,7,7.0,INDEA,INDSO,7.83
2049,7,7.0,INDNE,INDNO,14.18
2049,7,7.0,INDSO,INDWE,-32.13
2050,7,7.0,INDEA,INDNE,-45.54
2050,7,7.0,INDEA,INDSO,7.95
2050,7,7.0,INDNE,INDNO,14.96
2050,7,7.0,INDSO,INDWE,-34.13
2021,7,8.0,INDEA,INDNE,2.84
2022,7,8.0,INDEA,INDNE,2.86
2022,7,8.0,INDNE,INDNO,-0.29
2023,7,8.0,INDEA,INDNE,2.87
2024,7,8.0,INDEA,INDNE,-3.53
2024,7,8.0,INDNE,INDNO,3.0
2025,7,8.0,INDEA,INDNE,-3.53
2025,7,8.0,INDEA,INDNO,-3.32
2025,7,8.0,INDNE,INDNO,3.0
2025,7,8.0,INDNO,INDWE,9.87
2025,7,8.0,INDSO,INDWE,-14.27
2026,7,8.0,INDEA,INDNE,-3.53
2026,7,8.0,INDEA,INDNO,-4.27
2026,7,8.0,INDNE,INDNO,3.0
2026,7,8.0,INDNO,INDWE,6.93
2026,7,8.0,INDSO,INDWE,-11.39
2027,7,8.0,INDEA,INDNE,-3.53
2027,7,8.0,INDEA,INDNO,-5.25
2027,7,8.0,INDNE,INDNO,3.0
2027,7,8.0,INDNO,INDWE,3.82
2027,7,8.0,INDSO,INDWE,-6.43
2028,7,8.0,INDEA,INDNE,-3.53
2028,7,8.0,INDEA,INDNO,-5.42
2028,7,8.0,INDNE,INDNO,3.0
2028,7,8.0,INDNO,INDWE,2.65
2028,7,8.0,INDSO,INDWE,-2.95
2029,7,8.0,INDEA,INDNE,-3.53
2029,7,8.0,INDEA,INDNO,-6.42
2029,7,8.0,INDNE,INDNO,3.0
2030,7,8.0,INDEA,INDNE,-5.53
2030,7,8.0,INDEA,INDNO,-5.35
2030,7,8.0,INDNE,INDNO,5.0
2030,7,8.0,INDNO,INDWE,0.37
2031,7,8.0,INDEA,INDNE,-7.53
2031,7,8.0,INDEA,INDNO,-1.79
2031,7,8.0,INDNE,INDNO,3.51
2032,7,8.0,INDEA,INDNE,-9.53
2032,7,8.0,INDNE,INDNO,7.24
2033,7,8.0,INDEA,INDNE,-11.53
2033,7,8.0,INDNE,INDNO,9.16
2034,7,8.0,INDEA,INDNE,-13.53
2034,7,8.0,INDNE,INDNO,10.97
2035,7,8.0,INDEA,INDNE,-15.53
2035,7,8.0,INDNE,INDNO,13.08
2036,7,8.0,INDEA,INDNE,-17.53
2036,7,8.0,INDNE,INDNO,15.01
2037,7,8.0,INDEA,INDNE,-19.53
2037,7,8.0,INDNE,INDNO,16.95
2038,7,8.0,INDEA,INDNE,-21.53
2038,7,8.0,INDNE,INDNO,18.88
2039,7,8.0,INDEA,INDNE,-23.53
2039,7,8.0,INDNE,INDNO,20.81
2040,7,8.0,INDEA,INDNE,-25.53
2040,7,8.0,INDNE,INDNO,22.72
2041,7,8.0,INDEA,INDNE,-27.53
2041,7,8.0,INDNE,INDNO,24.62
2042,7,8.0,INDEA,INDNE,-29.54
2042,7,8.0,INDNE,INDNO,26.51
2043,7,8.0,INDEA,INDNE,-31.54
2043,7,8.0,INDNE,INDNO,28.41
2044,7,8.0,INDEA,INDNE,-33.54
2044,7,8.0,INDNE,INDNO,28.92
2045,7,8.0,INDEA,INDNE,-35.54
2045,7,8.0,INDNE,INDNO,27.23
2045,7,8.0,INDSO,INDWE,-0.81
2046,7,8.0,INDEA,INDNE,-37.54
2046,7,8.0,INDNE,INDNO,16.94
2046,7,8.0,INDSO,INDWE,-12.28
2047,7,8.0,INDEA,INDNE,-39.54
2047,7,8.0,INDNE,INDNO,14.73
2047,7,8.0,INDSO,INDWE,-20.99
2048,7,8.0,INDEA,INDNE,-41.54
2048,7,8.0,INDEA,INDSO,1.98
2048,7,8.0,INDNE,INDNO,13.0
2048,7,8.0,INDSO,INDWE,-30.13
2049,7,8.0,INDEA,INDNE,-43.54
2049,7,8.0,INDEA,INDSO,7.83
2049,7,8.0,INDNE,INDNO,14.18
2049,7,8.0,INDSO,INDWE,-32.13
2050,7,8.0,INDEA,INDNE,-45.54
2050,7,8.0,INDEA,INDSO,7.95
2050,7,8.0,INDNE,INDNO,14.96
2050,7,8.0,INDSO,INDWE,-34.13
2021,7,9.0,INDEA,INDNE,2.84
2022,7,9.0,INDEA,INDNE,2.86
2022,7,9.0,INDNE,INDNO,-0.29
2023,7,9.0,INDEA,INDNE,2.87
2024,7,9.0,INDEA,INDNE,-3.53
2024,7,9.0,INDNE,INDNO,3.0
2025,7,9.0,INDEA,INDNE,-3.53
2025,7,9.0,INDEA,INDNO,-3.32
2025,7,9.0,INDNE,INDNO,3.0
2025,7,9.0,INDNO,INDWE,9.87
2025,7,9.0,INDSO,INDWE,-14.27
2026,7,9.0,INDEA,INDNE,-3.53
2026,7,9.0,INDEA,INDNO,-4.27
2026,7,9.0,INDNE,INDNO,3.0
2026,7,9.0,INDNO,INDWE,6.93
2026,7,9.0,INDSO,INDWE,-11.39
2027,7,9.0,INDEA,INDNE,-3.53
2027,7,9.0,INDEA,INDNO,-5.25
2027,7,9.0,INDNE,INDNO,3.0
2027,7,9.0,INDNO,INDWE,3.82
2027,7,9.0,INDSO,INDWE,-6.43
2028,7,9.0,INDEA,INDNE,-3.53
2028,7,9.0,INDEA,INDNO,-5.42
2028,7,9.0,INDNE,INDNO,3.0
2028,7,9.0,INDNO,INDWE,2.65
2028,7,9.0,INDSO,INDWE,-2.95
2029,7,9.0,INDEA,INDNE,-3.53
2029,7,9.0,INDEA,INDNO,-6.42
2029,7,9.0,INDNE,INDNO,3.0
2030,7,9.0,INDEA,INDNE,-5.53
2030,7,9.0,INDEA,INDNO,-5.35
2030,7,9.0,INDNE,INDNO,5.0
2030,7,9.0,INDNO,INDWE,0.37
2031,7,9.0,INDEA,INDNE,-7.53
2031,7,9.0,INDEA,INDNO,-1.79
2031,7,9.0,INDNE,INDNO,3.51
2032,7,9.0,INDEA,INDNE,-9.53
2032,7,9.0,INDNE,INDNO,7.24
2033,7,9.0,INDEA,INDNE,-11.53
2033,7,9.0,INDNE,INDNO,9.16
2034,7,9.0,INDEA,INDNE,-13.53
2034,7,9.0,INDNE,INDNO,10.97
2035,7,9.0,INDEA,INDNE,-15.53
2035,7,9.0,INDNE,INDNO,13.08
2036,7,9.0,INDEA,INDNE,-17.53
2036,7,9.0,INDNE,INDNO,15.01
2037,7,9.0,INDEA,INDNE,-19.53
2037,7,9.0,INDNE,INDNO,16.95
2038,7,9.0,INDEA,INDNE,-21.53
2038,7,9.0,INDNE,INDNO,18.88
2039,7,9.0,INDEA,INDNE,-23.53
2039,7,9.0,INDNE,INDNO,20.81
2040,7,9.0,INDEA,INDNE,-25.53
2040,7,9.0,INDNE,INDNO,22.72
2041,7,9.0,INDEA,INDNE,-27.53
2041,7,9.0,INDNE,INDNO,24.62
2042,7,9.0,INDEA,INDNE,-29.54
2042,7,9.0,INDNE,INDNO,26.51
2043,7,9.0,INDEA,INDNE,-31.54
2043,7,9.0,INDNE,INDNO,28.41
2044,7,9.0,INDEA,INDNE,-33.54
2044,7,9.0,INDNE,INDNO,28.92
2045,7,9.0,INDEA,INDNE,-35.54
2045,7,9.0,INDNE,INDNO,27.23
2045,7,9.0,INDSO,INDWE,-0.81
2046,7,9.0,INDEA,INDNE,-37.54
2046,7,9.0,INDNE,INDNO,16.94
2046,7,9.0,INDSO,INDWE,-12.28
2047,7,9.0,INDEA,INDNE,-39.54
2047,7,9.0,INDNE,INDNO,14.73
2047,7,9.0,INDSO,INDWE,-20.99
2048,7,9.0,INDEA,INDNE,-41.54
2048,7,9.0,INDEA,INDSO,1.98
2048,7,9.0,INDNE,INDNO,13.0
2048,7,9.0,INDSO,INDWE,-30.13
2049,7,9.0,INDEA,INDNE,-43.54
2049,7,9.0,INDEA,INDSO,7.83
2049,7,9.0,INDNE,INDNO,14.18
2049,7,9.0,INDSO,INDWE,-32.13
2050,7,9.0,INDEA,INDNE,-45.54
2050,7,9.0,INDEA,INDSO,7.95
2050,7,9.0,INDNE,INDNO,14.96
2050,7,9.0,INDSO,INDWE,-34.13
2021,7,10.0,INDEA,INDNE,2.84
2022,7,10.0,INDEA,INDNE,2.86
2022,7,10.0,INDNE,INDNO,-0.29
2023,7,10.0,INDEA,INDNE,2.87
2024,7,10.0,INDEA,INDNE,-3.53
2024,7,10.0,INDNE,INDNO,3.0
2025,7,10.0,INDEA,INDNE,-3.53
2025,7,10.0,INDEA,INDNO,-3.32
2025,7,10.0,INDNE,INDNO,3.0
2025,7,10.0,INDNO,INDWE,9.87
2025,7,10.0,INDSO,INDWE,-14.27
2026,7,10.0,INDEA,INDNE,-3.53
2026,7,10.0,INDEA,INDNO,-4.27
2026,7,10.0,INDNE,INDNO,3.0
2026,7,10.0,INDNO,INDWE,6.93
2026,7,10.0,INDSO,INDWE,-11.39
2027,7,10.0,INDEA,INDNE,-3.53
2027,7,10.0,INDEA,INDNO,-5.25
2027,7,10.0,INDNE,INDNO,3.0
2027,7,10.0,INDNO,INDWE,3.82
2027,7,10.0,INDSO,INDWE,-6.43
2028,7,10.0,INDEA,INDNE,-3.53
2028,7,10.0,INDEA,INDNO,-5.42
2028,7,10.0,INDNE,INDNO,3.0
2028,7,10.0,INDNO,INDWE,2.65
2028,7,10.0,INDSO,INDWE,-2.95
2029,7,10.0,INDEA,INDNE,-3.53
2029,7,10.0,INDEA,INDNO,-6.42
2029,7,10.0,INDNE,INDNO,3.0
2030,7,10.0,INDEA,INDNE,-5.53
2030,7,10.0,INDEA,INDNO,-5.35
2030,7,10.0,INDNE,INDNO,5.0
2030,7,10.0,INDNO,INDWE,0.37
2031,7,10.0,INDEA,INDNE,-7.53
2031,7,10.0,INDEA,INDNO,-1.79
2031,7,10.0,INDNE,INDNO,3.51
2032,7,10.0,INDEA,INDNE,-9.53
2032,7,10.0,INDNE,INDNO,7.24
2033,7,10.0,INDEA,INDNE,-11.53
2033,7,10.0,INDNE,INDNO,9.16
2034,7,10.0,INDEA,INDNE,-13.53
2034,7,10.0,INDNE,INDNO,10.97
2035,7,10.0,INDEA,INDNE,-15.53
2035,7,10.0,INDNE,INDNO,13.08
2036,7,10.0,INDEA,INDNE,-17.53
2036,7,10.0,INDNE,INDNO,15.01
2037,7,10.0,INDEA,INDNE,-19.53
2037,7,10.0,INDNE,INDNO,16.95
2038,7,10.0,INDEA,INDNE,-21.53
2038,7,10.0,INDNE,INDNO,18.88
2039,7,10.0,INDEA,INDNE,-23.53
2039,7,10.0,INDNE,INDNO,20.81
2040,7,10.0,INDEA,INDNE,-25.53
2040,7,10.0,INDNE,INDNO,22.72
2041,7,10.0,INDEA,INDNE,-27.53
2041,7,10.0,INDNE,INDNO,24.62
2042,7,10.0,INDEA,INDNE,-29.54
2042,7,10.0,INDNE,INDNO,26.51
2043,7,10.0,INDEA,INDNE,-31.54
2043,7,10.0,INDNE,INDNO,28.41
2044,7,10.0,INDEA,INDNE,-33.54
2044,7,10.0,INDNE,INDNO,28.92
2045,7,10.0,INDEA,INDNE,-35.54
2045,7,10.0,INDNE,INDNO,27.23
2045,7,10.0,INDSO,INDWE,-0.81
2046,7,10.0,INDEA,INDNE,-37.54
2046,7,10.0,INDNE,INDNO,16.94
2046,7,10.0,INDSO,INDWE,-12.28
2047,7,10.0,INDEA,INDNE,-39.54
2047,7,10.0,INDNE,INDNO,14.73
2047,7,10.0,INDSO,INDWE,-20.99
2048,7,10.0,INDEA,INDNE,-41.54
2048,7,10.0,INDEA,INDSO,1.98
2048,7,10.0,INDNE,INDNO,13.0
2048,7,10.0,INDSO,INDWE,-30.13
2049,7,10.0,INDEA,INDNE,-43.54
2049,7,10.0,INDEA,INDSO,7.83
2049,7,10.0,INDNE,INDNO,14.18
2049,7,10.0,INDSO,INDWE,-32.13
2050,7,10.0,INDEA,INDNE,-45.54
2050,7,10.0,INDEA,INDSO,7.95
2050,7,10.0,INDNE,INDNO,14.96
2050,7,10.0,INDSO,INDWE,-34.13
2021,7,11.0,INDEA,INDNE,2.84
2022,7,11.0,INDEA,INDNE,2.86
2022,7,11.0,INDNE,INDNO,-0.29
2023,7,11.0,INDEA,INDNE,2.87
2024,7,11.0,INDEA,INDNE,-3.53
2024,7,11.0,INDNE,INDNO,3.0
2025,7,11.0,INDEA,INDNE,-3.53
2025,7,11.0,INDEA,INDNO,-3.32
2025,7,11.0,INDNE,INDNO,3.0
2025,7,11.0,INDNO,INDWE,9.87
2025,7,11.0,INDSO,INDWE,-14.27
2026,7,11.0,INDEA,INDNE,-3.53
2026,7,11.0,INDEA,INDNO,-4.27
2026,7,11.0,INDNE,INDNO,3.0
2026,7,11.0,INDNO,INDWE,6.93
2026,7,11.0,INDSO,INDWE,-11.39
2027,7,11.0,INDEA,INDNE,-3.53
2027,7,11.0,INDEA,INDNO,-5.25
2027,7,11.0,INDNE,INDNO,3.0
2027,7,11.0,INDNO,INDWE,3.82
2027,7,11.0,INDSO,INDWE,-6.43
2028,7,11.0,INDEA,INDNE,-3.53
2028,7,11.0,INDEA,INDNO,-5.42
2028,7,11.0,INDNE,INDNO,3.0
2028,7,11.0,INDNO,INDWE,2.65
2028,7,11.0,INDSO,INDWE,-2.95
2029,7,11.0,INDEA,INDNE,-3.53
2029,7,11.0,INDEA,INDNO,-6.42
2029,7,11.0,INDNE,INDNO,3.0
2030,7,11.0,INDEA,INDNE,-5.53
2030,7,11.0,INDEA,INDNO,-5.35
2030,7,11.0,INDNE,INDNO,5.0
2030,7,11.0,INDNO,INDWE,0.37
2031,7,11.0,INDEA,INDNE,-7.53
2031,7,11.0,INDEA,INDNO,-1.79
2031,7,11.0,INDNE,INDNO,3.51
2032,7,11.0,INDEA,INDNE,-9.53
2032,7,11.0,INDNE,INDNO,7.24
2033,7,11.0,INDEA,INDNE,-11.53
2033,7,11.0,INDNE,INDNO,9.16
2034,7,11.0,INDEA,INDNE,-13.53
2034,7,11.0,INDNE,INDNO,10.97
2035,7,11.0,INDEA,INDNE,-15.53
2035,7,11.0,INDNE,INDNO,13.08
2036,7,11.0,INDEA,INDNE,-17.53
2036,7,11.0,INDNE,INDNO,15.01
2037,7,11.0,INDEA,INDNE,-19.53
2037,7,11.0,INDNE,INDNO,16.95
2038,7,11.0,INDEA,INDNE,-21.53
2038,7,11.0,INDNE,INDNO,18.88
2039,7,11.0,INDEA,INDNE,-23.53
2039,7,11.0,INDNE,INDNO,20.81
2040,7,11.0,INDEA,INDNE,-25.53
2040,7,11.0,INDNE,INDNO,22.72
2041,7,11.0,INDEA,INDNE,-27.53
2041,7,11.0,INDNE,INDNO,24.62
2042,7,11.0,INDEA,INDNE,-29.54
2042,7,11.0,INDNE,INDNO,26.51
2043,7,11.0,INDEA,INDNE,-31.54
2043,7,11.0,INDNE,INDNO,28.41
2044,7,11.0,INDEA,INDNE,-33.54
2044,7,11.0,INDNE,INDNO,28.92
2045,7,11.0,INDEA,INDNE,-35.54
2045,7,11.0,INDNE,INDNO,27.23
2045,7,11.0,INDSO,INDWE,-0.81
2046,7,11.0,INDEA,INDNE,-37.54
2046,7,11.0,INDNE,INDNO,16.94
2046,7,11.0,INDSO,INDWE,-12.28
2047,7,11.0,INDEA,INDNE,-39.54
2047,7,11.0,INDNE,INDNO,14.73
2047,7,11.0,INDSO,INDWE,-20.99
2048,7,11.0,INDEA,INDNE,-41.54
2048,7,11.0,INDEA,INDSO,1.98
2048,7,11.0,INDNE,INDNO,13.0
2048,7,11.0,INDSO,INDWE,-30.13
2049,7,11.0,INDEA,INDNE,-43.54
2049,7,11.0,INDEA,INDSO,7.83
2049,7,11.0,INDNE,INDNO,14.18
2049,7,11.0,INDSO,INDWE,-32.13
2050,7,11.0,INDEA,INDNE,-45.54
2050,7,11.0,INDEA,INDSO,7.95
2050,7,11.0,INDNE,INDNO,14.96
2050,7,11.0,INDSO,INDWE,-34.13
2021,7,12.0,INDEA,INDNE,2.84
2022,7,12.0,INDEA,INDNE,2.86
2022,7,12.0,INDNE,INDNO,-0.29
2023,7,12.0,INDEA,INDNE,2.87
2024,7,12.0,INDEA,INDNE,-3.53
2024,7,12.0,INDNE,INDNO,3.0
2025,7,12.0,INDEA,INDNE,-3.53
2025,7,12.0,INDEA,INDNO,-3.32
2025,7,12.0,INDNE,INDNO,3.0
2025,7,12.0,INDNO,INDWE,9.87
2025,7,12.0,INDSO,INDWE,-14.27
2026,7,12.0,INDEA,INDNE,-3.53
2026,7,12.0,INDEA,INDNO,-4.27
2026,7,12.0,INDNE,INDNO,3.0
2026,7,12.0,INDNO,INDWE,6.93
2026,7,12.0,INDSO,INDWE,-11.39
2027,7,12.0,INDEA,INDNE,-3.53
2027,7,12.0,INDEA,INDNO,-5.25
2027,7,12.0,INDNE,INDNO,3.0
2027,7,12.0,INDNO,INDWE,3.82
2027,7,12.0,INDSO,INDWE,-6.43
2028,7,12.0,INDEA,INDNE,-3.53
2028,7,12.0,INDEA,INDNO,-5.42
2028,7,12.0,INDNE,INDNO,3.0
2028,7,12.0,INDNO,INDWE,2.65
2028,7,12.0,INDSO,INDWE,-2.95
2029,7,12.0,INDEA,INDNE,-3.53
2029,7,12.0,INDEA,INDNO,-6.42
2029,7,12.0,INDNE,INDNO,3.0
2030,7,12.0,INDEA,INDNE,-5.53
2030,7,12.0,INDEA,INDNO,-5.35
2030,7,12.0,INDNE,INDNO,5.0
2030,7,12.0,INDNO,INDWE,0.37
2031,7,12.0,INDEA,INDNE,-7.53
2031,7,12.0,INDEA,INDNO,-1.79
2031,7,12.0,INDNE,INDNO,3.51
2032,7,12.0,INDEA,INDNE,-9.53
2032,7,12.0,INDNE,INDNO,7.24
2033,7,12.0,INDEA,INDNE,-11.53
2033,7,12.0,INDNE,INDNO,9.16
2034,7,12.0,INDEA,INDNE,-13.53
2034,7,12.0,INDNE,INDNO,10.97
2035,7,12.0,INDEA,INDNE,-15.53
2035,7,12.0,INDNE,INDNO,13.08
2036,7,12.0,INDEA,INDNE,-17.53
2036,7,12.0,INDNE,INDNO,15.01
2037,7,12.0,INDEA,INDNE,-19.53
2037,7,12.0,INDNE,INDNO,16.95
2038,7,12.0,INDEA,INDNE,-21.53
2038,7,12.0,INDNE,INDNO,18.88
2039,7,12.0,INDEA,INDNE,-23.53
2039,7,12.0,INDNE,INDNO,20.81
2040,7,12.0,INDEA,INDNE,-25.53
2040,7,12.0,INDNE,INDNO,22.72
2041,7,12.0,INDEA,INDNE,-27.53
2041,7,12.0,INDNE,INDNO,24.62
2042,7,12.0,INDEA,INDNE,-29.54
2042,7,12.0,INDNE,INDNO,26.51
2043,7,12.0,INDEA,INDNE,-31.54
2043,7,12.0,INDNE,INDNO,28.41
2044,7,12.0,INDEA,INDNE,-33.54
2044,7,12.0,INDNE,INDNO,28.92
2045,7,12.0,INDEA,INDNE,-35.54
2045,7,12.0,INDNE,INDNO,27.23
2045,7,12.0,INDSO,INDWE,-0.81
2046,7,12.0,INDEA,INDNE,-37.54
2046,7,12.0,INDNE,INDNO,16.94
2046,7,12.0,INDSO,INDWE,-12.28
2047,7,12.0,INDEA,INDNE,-39.54
2047,7,12.0,INDNE,INDNO,14.73
2047,7,12.0,INDSO,INDWE,-20.99
2048,7,12.0,INDEA,INDNE,-41.54
2048,7,12.0,INDEA,INDSO,1.98
2048,7,12.0,INDNE,INDNO,13.0
2048,7,12.0,INDSO,INDWE,-30.13
2049,7,12.0,INDEA,INDNE,-43.54
2049,7,12.0,INDEA,INDSO,7.83
2049,7,12.0,INDNE,INDNO,14.18
2049,7,12.0,INDSO,INDWE,-32.13
2050,7,12.0,INDEA,INDNE,-45.54
2050,7,12.0,INDEA,INDSO,7.95
2050,7,12.0,INDNE,INDNO,14.96
2050,7,12.0,INDSO,INDWE,-34.13
2021,7,13.0,INDEA,INDNE,2.86
2022,7,13.0,INDEA,INDNE,2.86
2022,7,13.0,INDNE,INDNO,-0.49
2023,7,13.0,INDEA,INDNE,2.97
2024,7,13.0,INDEA,INDNE,-3.53
2024,7,13.0,INDNE,INDNO,3.0
2025,7,13.0,INDEA,INDNE,-3.53
2025,7,13.0,INDNE,INDNO,3.0
2026,7,13.0,INDEA,INDNE,-3.53
2026,7,13.0,INDNE,INDNO,3.0
2027,7,13.0,INDEA,INDNE,-3.53
2027,7,13.0,INDNE,INDNO,3.0
2027,7,13.0,INDSO,INDWE,-0.49
2028,7,13.0,INDEA,INDNE,-3.53
2028,7,13.0,INDEA,INDNO,0.39
2028,7,13.0,INDNE,INDNO,3.0
2028,7,13.0,INDSO,INDWE,-3.51
2029,7,13.0,INDEA,INDNE,-3.53
2029,7,13.0,INDEA,INDNO,3.61
2029,7,13.0,INDNE,INDNO,3.0
2029,7,13.0,INDSO,INDWE,-6.32
2030,7,13.0,INDEA,INDNE,-5.53
2030,7,13.0,INDEA,INDNO,4.61
2030,7,13.0,INDNE,INDNO,5.0
2030,7,13.0,INDSO,INDWE,-9.82
2031,7,13.0,INDEA,INDNE,-7.53
2031,7,13.0,INDEA,INDNO,4.28
2031,7,13.0,INDNE,INDNO,7.0
2032,7,13.0,INDEA,INDNE,-9.53
2032,7,13.0,INDEA,INDNO,4.57
2032,7,13.0,INDNE,INDNO,9.0
2033,7,13.0,INDEA,INDNE,-11.53
2033,7,13.0,INDEA,INDNO,4.84
2033,7,13.0,INDNE,INDNO,11.0
2034,7,13.0,INDEA,INDNE,-13.53
2034,7,13.0,INDEA,INDNO,5.01
2034,7,13.0,INDNE,INDNO,13.0
2035,7,13.0,INDEA,INDNE,-15.53
2035,7,13.0,INDEA,INDNO,5.48
2035,7,13.0,INDNE,INDNO,15.0
2036,7,13.0,INDEA,INDNE,-17.53
2036,7,13.0,INDEA,INDNO,5.83
2036,7,13.0,INDNE,INDNO,17.0
2037,7,13.0,INDEA,INDNE,-19.53
2037,7,13.0,INDEA,INDNO,6.18
2037,7,13.0,INDNE,INDNO,19.0
2038,7,13.0,INDEA,INDNE,-21.53
2038,7,13.0,INDEA,INDNO,6.53
2038,7,13.0,INDNE,INDNO,21.0
2039,7,13.0,INDEA,INDNE,-23.53
2039,7,13.0,INDEA,INDNO,6.89
2039,7,13.0,INDNE,INDNO,23.0
2040,7,13.0,INDEA,INDNE,-25.53
2040,7,13.0,INDEA,INDNO,7.24
2040,7,13.0,INDNE,INDNO,25.0
2041,7,13.0,INDEA,INDNE,-27.53
2041,7,13.0,INDEA,INDNO,7.65
2041,7,13.0,INDNE,INDNO,27.0
2042,7,13.0,INDEA,INDNE,-29.54
2042,7,13.0,INDEA,INDNO,8.05
2042,7,13.0,INDNE,INDNO,29.01
2043,7,13.0,INDEA,INDNE,-31.54
2043,7,13.0,INDEA,INDNO,8.45
2043,7,13.0,INDNE,INDNO,31.01
2044,7,13.0,INDEA,INDNE,-33.54
2044,7,13.0,INDEA,INDNO,7.48
2044,7,13.0,INDNE,INDNO,33.01
2045,7,13.0,INDEA,INDNE,-35.54
2045,7,13.0,INDEA,INDNO,5.12
2045,7,13.0,INDNE,INDNO,35.01
2046,7,13.0,INDEA,INDNE,-37.54
2046,7,13.0,INDEA,INDNO,0.76
2046,7,13.0,INDNE,INDNO,37.01
2046,7,13.0,INDNO,INDWE,-3.98
2047,7,13.0,INDEA,INDNE,-39.54
2047,7,13.0,INDNE,INDNO,39.01
2047,7,13.0,INDNO,INDWE,-9.78
2048,7,13.0,INDEA,INDNE,-41.54
2048,7,13.0,INDEA,INDSO,-0.79
2048,7,13.0,INDNE,INDNO,41.01
2048,7,13.0,INDNO,INDWE,-10.56
2049,7,13.0,INDEA,INDNE,-43.54
2049,7,13.0,INDEA,INDSO,-0.9
2049,7,13.0,INDNE,INDNO,43.01
2049,7,13.0,INDNO,INDWE,-11.01
2050,7,13.0,INDEA,INDNE,-45.54
2050,7,13.0,INDEA,INDSO,-0.98
2050,7,13.0,INDNE,INDNO,45.01
2050,7,13.0,INDNO,INDWE,-11.46
2021,7,14.0,INDEA,INDNE,2.86
2022,7,14.0,INDEA,INDNE,2.86
2022,7,14.0,INDNE,INDNO,-0.49
2023,7,14.0,INDEA,INDNE,2.97
2024,7,14.0,INDEA,INDNE,-3.53
2024,7,14.0,INDNE,INDNO,3.0
2025,7,14.0,INDEA,INDNE,-3.53
2025,7,14.0,INDNE,INDNO,3.0
2026,7,14.0,INDEA,INDNE,-3.53
2026,7,14.0,INDNE,INDNO,3.0
2027,7,14.0,INDEA,INDNE,-3.53
2027,7,14.0,INDNE,INDNO,3.0
2027,7,14.0,INDSO,INDWE,-0.49
2028,7,14.0,INDEA,INDNE,-3.53
2028,7,14.0,INDEA,INDNO,0.39
2028,7,14.0,INDNE,INDNO,3.0
2028,7,14.0,INDSO,INDWE,-3.51
2029,7,14.0,INDEA,INDNE,-3.53
2029,7,14.0,INDEA,INDNO,3.61
2029,7,14.0,INDNE,INDNO,3.0
2029,7,14.0,INDSO,INDWE,-6.32
2030,7,14.0,INDEA,INDNE,-5.53
2030,7,14.0,INDEA,INDNO,4.61
2030,7,14.0,INDNE,INDNO,5.0
2030,7,14.0,INDSO,INDWE,-9.82
2031,7,14.0,INDEA,INDNE,-7.53
2031,7,14.0,INDEA,INDNO,4.28
2031,7,14.0,INDNE,INDNO,7.0
2032,7,14.0,INDEA,INDNE,-9.53
2032,7,14.0,INDEA,INDNO,4.57
2032,7,14.0,INDNE,INDNO,9.0
2033,7,14.0,INDEA,INDNE,-11.53
2033,7,14.0,INDEA,INDNO,4.84
2033,7,14.0,INDNE,INDNO,11.0
2034,7,14.0,INDEA,INDNE,-13.53
2034,7,14.0,INDEA,INDNO,5.01
2034,7,14.0,INDNE,INDNO,13.0
2035,7,14.0,INDEA,INDNE,-15.53
2035,7,14.0,INDEA,INDNO,5.48
2035,7,14.0,INDNE,INDNO,15.0
2036,7,14.0,INDEA,INDNE,-17.53
2036,7,14.0,INDEA,INDNO,5.83
2036,7,14.0,INDNE,INDNO,17.0
2037,7,14.0,INDEA,INDNE,-19.53
2037,7,14.0,INDEA,INDNO,6.18
2037,7,14.0,INDNE,INDNO,19.0
2038,7,14.0,INDEA,INDNE,-21.53
2038,7,14.0,INDEA,INDNO,6.53
2038,7,14.0,INDNE,INDNO,21.0
2039,7,14.0,INDEA,INDNE,-23.53
2039,7,14.0,INDEA,INDNO,6.89
2039,7,14.0,INDNE,INDNO,23.0
2040,7,14.0,INDEA,INDNE,-25.53
2040,7,14.0,INDEA,INDNO,7.24
2040,7,14.0,INDNE,INDNO,25.0
2041,7,14.0,INDEA,INDNE,-27.53
2041,7,14.0,INDEA,INDNO,7.65
2041,7,14.0,INDNE,INDNO,27.0
2042,7,14.0,INDEA,INDNE,-29.54
2042,7,14.0,INDEA,INDNO,8.05
2042,7,14.0,INDNE,INDNO,29.01
2043,7,14.0,INDEA,INDNE,-31.54
2043,7,14.0,INDEA,INDNO,8.45
2043,7,14.0,INDNE,INDNO,31.01
2044,7,14.0,INDEA,INDNE,-33.54
2044,7,14.0,INDEA,INDNO,7.48
2044,7,14.0,INDNE,INDNO,33.01
2045,7,14.0,INDEA,INDNE,-35.54
2045,7,14.0,INDEA,INDNO,5.12
2045,7,14.0,INDNE,INDNO,35.01
2046,7,14.0,INDEA,INDNE,-37.54
2046,7,14.0,INDEA,INDNO,0.76
2046,7,14.0,INDNE,INDNO,37.01
2046,7,14.0,INDNO,INDWE,-3.98
2047,7,14.0,INDEA,INDNE,-39.54
2047,7,14.0,INDNE,INDNO,39.01
2047,7,14.0,INDNO,INDWE,-9.78
2048,7,14.0,INDEA,INDNE,-41.54
2048,7,14.0,INDEA,INDSO,-0.79
2048,7,14.0,INDNE,INDNO,41.01
2048,7,14.0,INDNO,INDWE,-10.56
2049,7,14.0,INDEA,INDNE,-43.54
2049,7,14.0,INDEA,INDSO,-0.9
2049,7,14.0,INDNE,INDNO,43.01
2049,7,14.0,INDNO,INDWE,-11.01
2050,7,14.0,INDEA,INDNE,-45.54
2050,7,14.0,INDEA,INDSO,-0.98
2050,7,14.0,INDNE,INDNO,45.01
2050,7,14.0,INDNO,INDWE,-11.46
2021,7,15.0,INDEA,INDNE,2.86
2022,7,15.0,INDEA,INDNE,2.86
2022,7,15.0,INDNE,INDNO,-0.49
2023,7,15.0,INDEA,INDNE,2.97
2024,7,15.0,INDEA,INDNE,-3.53
2024,7,15.0,INDNE,INDNO,3.0
2025,7,15.0,INDEA,INDNE,-3.53
2025,7,15.0,INDNE,INDNO,3.0
2026,7,15.0,INDEA,INDNE,-3.53
2026,7,15.0,INDNE,INDNO,3.0
2027,7,15.0,INDEA,INDNE,-3.53
2027,7,15.0,INDNE,INDNO,3.0
2027,7,15.0,INDSO,INDWE,-0.49
2028,7,15.0,INDEA,INDNE,-3.53
2028,7,15.0,INDEA,INDNO,0.39
2028,7,15.0,INDNE,INDNO,3.0
2028,7,15.0,INDSO,INDWE,-3.51
2029,7,15.0,INDEA,INDNE,-3.53
2029,7,15.0,INDEA,INDNO,3.61
2029,7,15.0,INDNE,INDNO,3.0
2029,7,15.0,INDSO,INDWE,-6.32
2030,7,15.0,INDEA,INDNE,-5.53
2030,7,15.0,INDEA,INDNO,4.61
2030,7,15.0,INDNE,INDNO,5.0
2030,7,15.0,INDSO,INDWE,-9.82
2031,7,15.0,INDEA,INDNE,-7.53
2031,7,15.0,INDEA,INDNO,4.28
2031,7,15.0,INDNE,INDNO,7.0
2032,7,15.0,INDEA,INDNE,-9.53
2032,7,15.0,INDEA,INDNO,4.57
2032,7,15.0,INDNE,INDNO,9.0
2033,7,15.0,INDEA,INDNE,-11.53
2033,7,15.0,INDEA,INDNO,4.84
2033,7,15.0,INDNE,INDNO,11.0
2034,7,15.0,INDEA,INDNE,-13.53
2034,7,15.0,INDEA,INDNO,5.01
2034,7,15.0,INDNE,INDNO,13.0
2035,7,15.0,INDEA,INDNE,-15.53
2035,7,15.0,INDEA,INDNO,5.48
2035,7,15.0,INDNE,INDNO,15.0
2036,7,15.0,INDEA,INDNE,-17.53
2036,7,15.0,INDEA,INDNO,5.83
2036,7,15.0,INDNE,INDNO,17.0
2037,7,15.0,INDEA,INDNE,-19.53
2037,7,15.0,INDEA,INDNO,6.18
2037,7,15.0,INDNE,INDNO,19.0
2038,7,15.0,INDEA,INDNE,-21.53
2038,7,15.0,INDEA,INDNO,6.53
2038,7,15.0,INDNE,INDNO,21.0
2039,7,15.0,INDEA,INDNE,-23.53
2039,7,15.0,INDEA,INDNO,6.89
2039,7,15.0,INDNE,INDNO,23.0
2040,7,15.0,INDEA,INDNE,-25.53
2040,7,15.0,INDEA,INDNO,7.24
2040,7,15.0,INDNE,INDNO,25.0
2041,7,15.0,INDEA,INDNE,-27.53
2041,7,15.0,INDEA,INDNO,7.65
2041,7,15.0,INDNE,INDNO,27.0
2042,7,15.0,INDEA,INDNE,-29.54
2042,7,15.0,INDEA,INDNO,8.05
2042,7,15.0,INDNE,INDNO,29.01
2043,7,15.0,INDEA,INDNE,-31.54
2043,7,15.0,INDEA,INDNO,8.45
2043,7,15.0,INDNE,INDNO,31.01
2044,7,15.0,INDEA,INDNE,-33.54
2044,7,15.0,INDEA,INDNO,7.48
2044,7,15.0,INDNE,INDNO,33.01
2045,7,15.0,INDEA,INDNE,-35.54
2045,7,15.0,INDEA,INDNO,5.12
2045,7,15.0,INDNE,INDNO,35.01
2046,7,15.0,INDEA,INDNE,-37.54
2046,7,15.0,INDEA,INDNO,0.76
2046,7,15.0,INDNE,INDNO,37.01
2046,7,15.0,INDNO,INDWE,-3.98
2047,7,15.0,INDEA,INDNE,-39.54
2047,7,15.0,INDNE,INDNO,39.01
2047,7,15.0,INDNO,INDWE,-9.78
2048,7,15.0,INDEA,INDNE,-41.54
2048,7,15.0,INDEA,INDSO,-0.79
2048,7,15.0,INDNE,INDNO,41.01
2048,7,15.0,INDNO,INDWE,-10.56
2049,7,15.0,INDEA,INDNE,-43.54
2049,7,15.0,INDEA,INDSO,-0.9
2049,7,15.0,INDNE,INDNO,43.01
2049,7,15.0,INDNO,INDWE,-11.01
2050,7,15.0,INDEA,INDNE,-45.54
2050,7,15.0,INDEA,INDSO,-0.98
2050,7,15.0,INDNE,INDNO,45.01
2050,7,15.0,INDNO,INDWE,-11.46
2021,7,16.0,INDEA,INDNE,2.86
2022,7,16.0,INDEA,INDNE,2.86
2022,7,16.0,INDNE,INDNO,-0.49
2023,7,16.0,INDEA,INDNE,2.97
2024,7,16.0,INDEA,INDNE,-3.53
2024,7,16.0,INDNE,INDNO,3.0
2025,7,16.0,INDEA,INDNE,-3.53
2025,7,16.0,INDNE,INDNO,3.0
2026,7,16.0,INDEA,INDNE,-3.53
2026,7,16.0,INDNE,INDNO,3.0
2027,7,16.0,INDEA,INDNE,-3.53
2027,7,16.0,INDNE,INDNO,3.0
2027,7,16.0,INDSO,INDWE,-0.49
2028,7,16.0,INDEA,INDNE,-3.53
2028,7,16.0,INDEA,INDNO,0.39
2028,7,16.0,INDNE,INDNO,3.0
2028,7,16.0,INDSO,INDWE,-3.51
2029,7,16.0,INDEA,INDNE,-3.53
2029,7,16.0,INDEA,INDNO,3.61
2029,7,16.0,INDNE,INDNO,3.0
2029,7,16.0,INDSO,INDWE,-6.32
2030,7,16.0,INDEA,INDNE,-5.53
2030,7,16.0,INDEA,INDNO,4.61
2030,7,16.0,INDNE,INDNO,5.0
2030,7,16.0,INDSO,INDWE,-9.82
2031,7,16.0,INDEA,INDNE,-7.53
2031,7,16.0,INDEA,INDNO,4.28
2031,7,16.0,INDNE,INDNO,7.0
2032,7,16.0,INDEA,INDNE,-9.53
2032,7,16.0,INDEA,INDNO,4.57
2032,7,16.0,INDNE,INDNO,9.0
2033,7,16.0,INDEA,INDNE,-11.53
2033,7,16.0,INDEA,INDNO,4.84
2033,7,16.0,INDNE,INDNO,11.0
2034,7,16.0,INDEA,INDNE,-13.53
2034,7,16.0,INDEA,INDNO,5.01
2034,7,16.0,INDNE,INDNO,13.0
2035,7,16.0,INDEA,INDNE,-15.53
2035,7,16.0,INDEA,INDNO,5.48
2035,7,16.0,INDNE,INDNO,15.0
2036,7,16.0,INDEA,INDNE,-17.53
2036,7,16.0,INDEA,INDNO,5.83
2036,7,16.0,INDNE,INDNO,17.0
2037,7,16.0,INDEA,INDNE,-19.53
2037,7,16.0,INDEA,INDNO,6.18
2037,7,16.0,INDNE,INDNO,19.0
2038,7,16.0,INDEA,INDNE,-21.53
2038,7,16.0,INDEA,INDNO,6.53
2038,7,16.0,INDNE,INDNO,21.0
2039,7,16.0,INDEA,INDNE,-23.53
2039,7,16.0,INDEA,INDNO,6.89
2039,7,16.0,INDNE,INDNO,23.0
2040,7,16.0,INDEA,INDNE,-25.53
2040,7,16.0,INDEA,INDNO,7.24
2040,7,16.0,INDNE,INDNO,25.0
2041,7,16.0,INDEA,INDNE,-27.53
2041,7,16.0,INDEA,INDNO,7.65
2041,7,16.0,INDNE,INDNO,27.0
2042,7,16.0,INDEA,INDNE,-29.54
2042,7,16.0,INDEA,INDNO,8.05
2042,7,16.0,INDNE,INDNO,29.01
2043,7,16.0,INDEA,INDNE,-31.54
2043,7,16.0,INDEA,INDNO,8.45
2043,7,16.0,INDNE,INDNO,31.01
2044,7,16.0,INDEA,INDNE,-33.54
2044,7,16.0,INDEA,INDNO,7.48
2044,7,16.0,INDNE,INDNO,33.01
2045,7,16.0,INDEA,INDNE,-35.54
2045,7,16.0,INDEA,INDNO,5.12
2045,7,16.0,INDNE,INDNO,35.01
2046,7,16.0,INDEA,INDNE,-37.54
2046,7,16.0,INDEA,INDNO,0.76
2046,7,16.0,INDNE,INDNO,37.01
2046,7,16.0,INDNO,INDWE,-3.98
2047,7,16.0,INDEA,INDNE,-39.54
2047,7,16.0,INDNE,INDNO,39.01
2047,7,16.0,INDNO,INDWE,-9.78
2048,7,16.0,INDEA,INDNE,-41.54
2048,7,16.0,INDEA,INDSO,-0.79
2048,7,16.0,INDNE,INDNO,41.01
2048,7,16.0,INDNO,INDWE,-10.56
2049,7,16.0,INDEA,INDNE,-43.54
2049,7,16.0,INDEA,INDSO,-0.9
2049,7,16.0,INDNE,INDNO,43.01
2049,7,16.0,INDNO,INDWE,-11.01
2050,7,16.0,INDEA,INDNE,-45.54
2050,7,16.0,INDEA,INDSO,-0.98
2050,7,16.0,INDNE,INDNO,45.01
2050,7,16.0,INDNO,INDWE,-11.46
2021,7,17.0,INDEA,INDNE,2.86
2022,7,17.0,INDEA,INDNE,2.86
2022,7,17.0,INDNE,INDNO,-0.49
2023,7,17.0,INDEA,INDNE,2.97
2024,7,17.0,INDEA,INDNE,-3.53
2024,7,17.0,INDNE,INDNO,3.0
2025,7,17.0,INDEA,INDNE,-3.53
2025,7,17.0,INDNE,INDNO,3.0
2026,7,17.0,INDEA,INDNE,-3.53
2026,7,17.0,INDNE,INDNO,3.0
2027,7,17.0,INDEA,INDNE,-3.53
2027,7,17.0,INDNE,INDNO,3.0
2027,7,17.0,INDSO,INDWE,-0.49
2028,7,17.0,INDEA,INDNE,-3.53
2028,7,17.0,INDEA,INDNO,0.39
2028,7,17.0,INDNE,INDNO,3.0
2028,7,17.0,INDSO,INDWE,-3.51
2029,7,17.0,INDEA,INDNE,-3.53
2029,7,17.0,INDEA,INDNO,3.61
2029,7,17.0,INDNE,INDNO,3.0
2029,7,17.0,INDSO,INDWE,-6.32
2030,7,17.0,INDEA,INDNE,-5.53
2030,7,17.0,INDEA,INDNO,4.61
2030,7,17.0,INDNE,INDNO,5.0
2030,7,17.0,INDSO,INDWE,-9.82
2031,7,17.0,INDEA,INDNE,-7.53
2031,7,17.0,INDEA,INDNO,4.28
2031,7,17.0,INDNE,INDNO,7.0
2032,7,17.0,INDEA,INDNE,-9.53
2032,7,17.0,INDEA,INDNO,4.57
2032,7,17.0,INDNE,INDNO,9.0
2033,7,17.0,INDEA,INDNE,-11.53
2033,7,17.0,INDEA,INDNO,4.84
2033,7,17.0,INDNE,INDNO,11.0
2034,7,17.0,INDEA,INDNE,-13.53
2034,7,17.0,INDEA,INDNO,5.01
2034,7,17.0,INDNE,INDNO,13.0
2035,7,17.0,INDEA,INDNE,-15.53
2035,7,17.0,INDEA,INDNO,5.48
2035,7,17.0,INDNE,INDNO,15.0
2036,7,17.0,INDEA,INDNE,-17.53
2036,7,17.0,INDEA,INDNO,5.83
2036,7,17.0,INDNE,INDNO,17.0
2037,7,17.0,INDEA,INDNE,-19.53
2037,7,17.0,INDEA,INDNO,6.18
2037,7,17.0,INDNE,INDNO,19.0
2038,7,17.0,INDEA,INDNE,-21.53
2038,7,17.0,INDEA,INDNO,6.53
2038,7,17.0,INDNE,INDNO,21.0
2039,7,17.0,INDEA,INDNE,-23.53
2039,7,17.0,INDEA,INDNO,6.89
2039,7,17.0,INDNE,INDNO,23.0
2040,7,17.0,INDEA,INDNE,-25.53
2040,7,17.0,INDEA,INDNO,7.24
2040,7,17.0,INDNE,INDNO,25.0
2041,7,17.0,INDEA,INDNE,-27.53
2041,7,17.0,INDEA,INDNO,7.65
2041,7,17.0,INDNE,INDNO,27.0
2042,7,17.0,INDEA,INDNE,-29.54
2042,7,17.0,INDEA,INDNO,8.05
2042,7,17.0,INDNE,INDNO,29.01
2043,7,17.0,INDEA,INDNE,-31.54
2043,7,17.0,INDEA,INDNO,8.45
2043,7,17.0,INDNE,INDNO,31.01
2044,7,17.0,INDEA,INDNE,-33.54
2044,7,17.0,INDEA,INDNO,7.48
2044,7,17.0,INDNE,INDNO,33.01
2045,7,17.0,INDEA,INDNE,-35.54
2045,7,17.0,INDEA,INDNO,5.12
2045,7,17.0,INDNE,INDNO,35.01
2046,7,17.0,INDEA,INDNE,-37.54
2046,7,17.0,INDEA,INDNO,0.76
2046,7,17.0,INDNE,INDNO,37.01
2046,7,17.0,INDNO,INDWE,-3.98
2047,7,17.0,INDEA,INDNE,-39.54
2047,7,17.0,INDNE,INDNO,39.01
2047,7,17.0,INDNO,INDWE,-9.78
2048,7,17.0,INDEA,INDNE,-41.54
2048,7,17.0,INDEA,INDSO,-0.79
2048,7,17.0,INDNE,INDNO,41.01
2048,7,17.0,INDNO,INDWE,-10.56
2049,7,17.0,INDEA,INDNE,-43.54
2049,7,17.0,INDEA,INDSO,-0.9
2049,7,17.0,INDNE,INDNO,43.01
2049,7,17.0,INDNO,INDWE,-11.01
2050,7,17.0,INDEA,INDNE,-45.54
2050,7,17.0,INDEA,INDSO,-0.98
2050,7,17.0,INDNE,INDNO,45.01
2050,7,17.0,INDNO,INDWE,-11.46
2021,7,18.0,INDEA,INDNE,2.86
2022,7,18.0,INDEA,INDNE,2.86
2022,7,18.0,INDNE,INDNO,-0.49
2023,7,18.0,INDEA,INDNE,2.97
2024,7,18.0,INDEA,INDNE,-3.53
2024,7,18.0,INDNE,INDNO,3.0
2025,7,18.0,INDEA,INDNE,-3.53
2025,7,18.0,INDNE,INDNO,3.0
2026,7,18.0,INDEA,INDNE,-3.53
2026,7,18.0,INDNE,INDNO,3.0
2027,7,18.0,INDEA,INDNE,-3.53
2027,7,18.0,INDNE,INDNO,3.0
2027,7,18.0,INDSO,INDWE,-0.49
2028,7,18.0,INDEA,INDNE,-3.53
2028,7,18.0,INDEA,INDNO,0.39
2028,7,18.0,INDNE,INDNO,3.0
2028,7,18.0,INDSO,INDWE,-3.51
2029,7,18.0,INDEA,INDNE,-3.53
2029,7,18.0,INDEA,INDNO,3.61
2029,7,18.0,INDNE,INDNO,3.0
2029,7,18.0,INDSO,INDWE,-6.32
2030,7,18.0,INDEA,INDNE,-5.53
2030,7,18.0,INDEA,INDNO,4.61
2030,7,18.0,INDNE,INDNO,5.0
2030,7,18.0,INDSO,INDWE,-9.82
2031,7,18.0,INDEA,INDNE,-7.53
2031,7,18.0,INDEA,INDNO,4.28
2031,7,18.0,INDNE,INDNO,7.0
2032,7,18.0,INDEA,INDNE,-9.53
2032,7,18.0,INDEA,INDNO,4.57
2032,7,18.0,INDNE,INDNO,9.0
2033,7,18.0,INDEA,INDNE,-11.53
2033,7,18.0,INDEA,INDNO,4.84
2033,7,18.0,INDNE,INDNO,11.0
2034,7,18.0,INDEA,INDNE,-13.53
2034,7,18.0,INDEA,INDNO,5.01
2034,7,18.0,INDNE,INDNO,13.0
2035,7,18.0,INDEA,INDNE,-15.53
2035,7,18.0,INDEA,INDNO,5.48
2035,7,18.0,INDNE,INDNO,15.0
2036,7,18.0,INDEA,INDNE,-17.53
2036,7,18.0,INDEA,INDNO,5.83
2036,7,18.0,INDNE,INDNO,17.0
2037,7,18.0,INDEA,INDNE,-19.53
2037,7,18.0,INDEA,INDNO,6.18
2037,7,18.0,INDNE,INDNO,19.0
2038,7,18.0,INDEA,INDNE,-21.53
2038,7,18.0,INDEA,INDNO,6.53
2038,7,18.0,INDNE,INDNO,21.0
2039,7,18.0,INDEA,INDNE,-23.53
2039,7,18.0,INDEA,INDNO,6.89
2039,7,18.0,INDNE,INDNO,23.0
2040,7,18.0,INDEA,INDNE,-25.53
2040,7,18.0,INDEA,INDNO,7.24
2040,7,18.0,INDNE,INDNO,25.0
2041,7,18.0,INDEA,INDNE,-27.53
2041,7,18.0,INDEA,INDNO,7.65
2041,7,18.0,INDNE,INDNO,27.0
2042,7,18.0,INDEA,INDNE,-29.54
2042,7,18.0,INDEA,INDNO,8.05
2042,7,18.0,INDNE,INDNO,29.01
2043,7,18.0,INDEA,INDNE,-31.54
2043,7,18.0,INDEA,INDNO,8.45
2043,7,18.0,INDNE,INDNO,31.01
2044,7,18.0,INDEA,INDNE,-33.54
2044,7,18.0,INDEA,INDNO,7.48
2044,7,18.0,INDNE,INDNO,33.01
2045,7,18.0,INDEA,INDNE,-35.54
2045,7,18.0,INDEA,INDNO,5.12
2045,7,18.0,INDNE,INDNO,35.01
2046,7,18.0,INDEA,INDNE,-37.54
2046,7,18.0,INDEA,INDNO,0.76
2046,7,18.0,INDNE,INDNO,37.01
2046,7,18.0,INDNO,INDWE,-3.98
2047,7,18.0,INDEA,INDNE,-39.54
2047,7,18.0,INDNE,INDNO,39.01
2047,7,18.0,INDNO,INDWE,-9.78
2048,7,18.0,INDEA,INDNE,-41.54
2048,7,18.0,INDEA,INDSO,-0.79
2048,7,18.0,INDNE,INDNO,41.01
2048,7,18.0,INDNO,INDWE,-10.56
2049,7,18.0,INDEA,INDNE,-43.54
2049,7,18.0,INDEA,INDSO,-0.9
2049,7,18.0,INDNE,INDNO,43.01
2049,7,18.0,INDNO,INDWE,-11.01
2050,7,18.0,INDEA,INDNE,-45.54
2050,7,18.0,INDEA,INDSO,-0.98
2050,7,18.0,INDNE,INDNO,45.01
2050,7,18.0,INDNO,INDWE,-11.46
2021,7,19.0,INDEA,INDNE,2.86
2022,7,19.0,INDEA,INDNE,2.86
2022,7,19.0,INDNE,INDNO,-0.49
2023,7,19.0,INDEA,INDNE,2.97
2024,7,19.0,INDEA,INDNE,-3.53
2024,7,19.0,INDNE,INDNO,3.0
2025,7,19.0,INDEA,INDNE,-3.53
2025,7,19.0,INDNE,INDNO,3.0
2026,7,19.0,INDEA,INDNE,-3.53
2026,7,19.0,INDNE,INDNO,3.0
2027,7,19.0,INDEA,INDNE,-3.53
2027,7,19.0,INDNE,INDNO,3.0
2027,7,19.0,INDSO,INDWE,-0.49
2028,7,19.0,INDEA,INDNE,-3.53
2028,7,19.0,INDEA,INDNO,0.39
2028,7,19.0,INDNE,INDNO,3.0
2028,7,19.0,INDSO,INDWE,-3.51
2029,7,19.0,INDEA,INDNE,-3.53
2029,7,19.0,INDEA,INDNO,3.61
2029,7,19.0,INDNE,INDNO,3.0
2029,7,19.0,INDSO,INDWE,-6.32
2030,7,19.0,INDEA,INDNE,-5.53
2030,7,19.0,INDEA,INDNO,4.61
2030,7,19.0,INDNE,INDNO,5.0
2030,7,19.0,INDSO,INDWE,-9.82
2031,7,19.0,INDEA,INDNE,-7.53
2031,7,19.0,INDEA,INDNO,4.28
2031,7,19.0,INDNE,INDNO,7.0
2032,7,19.0,INDEA,INDNE,-9.53
2032,7,19.0,INDEA,INDNO,4.57
2032,7,19.0,INDNE,INDNO,9.0
2033,7,19.0,INDEA,INDNE,-11.53
2033,7,19.0,INDEA,INDNO,4.84
2033,7,19.0,INDNE,INDNO,11.0
2034,7,19.0,INDEA,INDNE,-13.53
2034,7,19.0,INDEA,INDNO,5.01
2034,7,19.0,INDNE,INDNO,13.0
2035,7,19.0,INDEA,INDNE,-15.53
2035,7,19.0,INDEA,INDNO,5.48
2035,7,19.0,INDNE,INDNO,15.0
2036,7,19.0,INDEA,INDNE,-17.53
2036,7,19.0,INDEA,INDNO,5.83
2036,7,19.0,INDNE,INDNO,17.0
2037,7,19.0,INDEA,INDNE,-19.53
2037,7,19.0,INDEA,INDNO,6.18
2037,7,19.0,INDNE,INDNO,19.0
2038,7,19.0,INDEA,INDNE,-21.53
2038,7,19.0,INDEA,INDNO,6.53
2038,7,19.0,INDNE,INDNO,21.0
2039,7,19.0,INDEA,INDNE,-23.53
2039,7,19.0,INDEA,INDNO,6.89
2039,7,19.0,INDNE,INDNO,23.0
2040,7,19.0,INDEA,INDNE,-25.53
2040,7,19.0,INDEA,INDNO,7.24
2040,7,19.0,INDNE,INDNO,25.0
2041,7,19.0,INDEA,INDNE,-27.53
2041,7,19.0,INDEA,INDNO,7.65
2041,7,19.0,INDNE,INDNO,27.0
2042,7,19.0,INDEA,INDNE,-29.54
2042,7,19.0,INDEA,INDNO,8.05
2042,7,19.0,INDNE,INDNO,29.01
2043,7,19.0,INDEA,INDNE,-31.54
2043,7,19.0,INDEA,INDNO,8.45
2043,7,19.0,INDNE,INDNO,31.01
2044,7,19.0,INDEA,INDNE,-33.54
2044,7,19.0,INDEA,INDNO,7.48
2044,7,19.0,INDNE,INDNO,33.01
2045,7,19.0,INDEA,INDNE,-35.54
2045,7,19.0,INDEA,INDNO,5.12
2045,7,19.0,INDNE,INDNO,35.01
2046,7,19.0,INDEA,INDNE,-37.54
2046,7,19.0,INDEA,INDNO,0.76
2046,7,19.0,INDNE,INDNO,37.01
2046,7,19.0,INDNO,INDWE,-3.98
2047,7,19.0,INDEA,INDNE,-39.54
2047,7,19.0,INDNE,INDNO,39.01
2047,7,19.0,INDNO,INDWE,-9.78
2048,7,19.0,INDEA,INDNE,-41.54
2048,7,19.0,INDEA,INDSO,-0.79
2048,7,19.0,INDNE,INDNO,41.01
2048,7,19.0,INDNO,INDWE,-10.56
2049,7,19.0,INDEA,INDNE,-43.54
2049,7,19.0,INDEA,INDSO,-0.9
2049,7,19.0,INDNE,INDNO,43.01
2049,7,19.0,INDNO,INDWE,-11.01
2050,7,19.0,INDEA,INDNE,-45.54
2050,7,19.0,INDEA,INDSO,-0.98
2050,7,19.0,INDNE,INDNO,45.01
2050,7,19.0,INDNO,INDWE,-11.46
2021,7,20.0,INDEA,INDNE,2.86
2022,7,20.0,INDEA,INDNE,2.86
2022,7,20.0,INDNE,INDNO,-0.49
2023,7,20.0,INDEA,INDNE,2.97
2024,7,20.0,INDEA,INDNE,-3.53
2024,7,20.0,INDNE,INDNO,3.0
2025,7,20.0,INDEA,INDNE,-3.53
2025,7,20.0,INDNE,INDNO,3.0
2026,7,20.0,INDEA,INDNE,-3.53
2026,7,20.0,INDNE,INDNO,3.0
2027,7,20.0,INDEA,INDNE,-3.53
2027,7,20.0,INDNE,INDNO,3.0
2027,7,20.0,INDSO,INDWE,-0.49
2028,7,20.0,INDEA,INDNE,-3.53
2028,7,20.0,INDEA,INDNO,0.39
2028,7,20.0,INDNE,INDNO,3.0
2028,7,20.0,INDSO,INDWE,-3.51
2029,7,20.0,INDEA,INDNE,-3.53
2029,7,20.0,INDEA,INDNO,3.61
2029,7,20.0,INDNE,INDNO,3.0
2029,7,20.0,INDSO,INDWE,-6.32
2030,7,20.0,INDEA,INDNE,-5.53
2030,7,20.0,INDEA,INDNO,4.61
2030,7,20.0,INDNE,INDNO,5.0
2030,7,20.0,INDSO,INDWE,-9.82
2031,7,20.0,INDEA,INDNE,-7.53
2031,7,20.0,INDEA,INDNO,4.28
2031,7,20.0,INDNE,INDNO,7.0
2032,7,20.0,INDEA,INDNE,-9.53
2032,7,20.0,INDEA,INDNO,4.57
2032,7,20.0,INDNE,INDNO,9.0
2033,7,20.0,INDEA,INDNE,-11.53
2033,7,20.0,INDEA,INDNO,4.84
2033,7,20.0,INDNE,INDNO,11.0
2034,7,20.0,INDEA,INDNE,-13.53
2034,7,20.0,INDEA,INDNO,5.01
2034,7,20.0,INDNE,INDNO,13.0
2035,7,20.0,INDEA,INDNE,-15.53
2035,7,20.0,INDEA,INDNO,5.48
2035,7,20.0,INDNE,INDNO,15.0
2036,7,20.0,INDEA,INDNE,-17.53
2036,7,20.0,INDEA,INDNO,5.83
2036,7,20.0,INDNE,INDNO,17.0
2037,7,20.0,INDEA,INDNE,-19.53
2037,7,20.0,INDEA,INDNO,6.18
2037,7,20.0,INDNE,INDNO,19.0
2038,7,20.0,INDEA,INDNE,-21.53
2038,7,20.0,INDEA,INDNO,6.53
2038,7,20.0,INDNE,INDNO,21.0
2039,7,20.0,INDEA,INDNE,-23.53
2039,7,20.0,INDEA,INDNO,6.89
2039,7,20.0,INDNE,INDNO,23.0
2040,7,20.0,INDEA,INDNE,-25.53
2040,7,20.0,INDEA,INDNO,7.24
2040,7,20.0,INDNE,INDNO,25.0
2041,7,20.0,INDEA,INDNE,-27.53
2041,7,20.0,INDEA,INDNO,7.65
2041,7,20.0,INDNE,INDNO,27.0
2042,7,20.0,INDEA,INDNE,-29.54
2042,7,20.0,INDEA,INDNO,8.05
2042,7,20.0,INDNE,INDNO,29.01
2043,7,20.0,INDEA,INDNE,-31.54
2043,7,20.0,INDEA,INDNO,8.45
2043,7,20.0,INDNE,INDNO,31.01
2044,7,20.0,INDEA,INDNE,-33.54
2044,7,20.0,INDEA,INDNO,7.48
2044,7,20.0,INDNE,INDNO,33.01
2045,7,20.0,INDEA,INDNE,-35.54
2045,7,20.0,INDEA,INDNO,5.12
2045,7,20.0,INDNE,INDNO,35.01
2046,7,20.0,INDEA,INDNE,-37.54
2046,7,20.0,INDEA,INDNO,0.76
2046,7,20.0,INDNE,INDNO,37.01
2046,7,20.0,INDNO,INDWE,-3.98
2047,7,20.0,INDEA,INDNE,-39.54
2047,7,20.0,INDNE,INDNO,39.01
2047,7,20.0,INDNO,INDWE,-9.78
2048,7,20.0,INDEA,INDNE,-41.54
2048,7,20.0,INDEA,INDSO,-0.79
2048,7,20.0,INDNE,INDNO,41.01
2048,7,20.0,INDNO,INDWE,-10.56
2049,7,20.0,INDEA,INDNE,-43.54
2049,7,20.0,INDEA,INDSO,-0.9
2049,7,20.0,INDNE,INDNO,43.01
2049,7,20.0,INDNO,INDWE,-11.01
2050,7,20.0,INDEA,INDNE,-45.54
2050,7,20.0,INDEA,INDSO,-0.98
2050,7,20.0,INDNE,INDNO,45.01
2050,7,20.0,INDNO,INDWE,-11.46
2021,7,21.0,INDEA,INDNE,2.86
2022,7,21.0,INDEA,INDNE,2.86
2022,7,21.0,INDNE,INDNO,-0.49
2023,7,21.0,INDEA,INDNE,2.97
2024,7,21.0,INDEA,INDNE,-3.53
2024,7,21.0,INDNE,INDNO,3.0
2025,7,21.0,INDEA,INDNE,-3.53
2025,7,21.0,INDNE,INDNO,3.0
2026,7,21.0,INDEA,INDNE,-3.53
2026,7,21.0,INDNE,INDNO,3.0
2027,7,21.0,INDEA,INDNE,-3.53
2027,7,21.0,INDNE,INDNO,3.0
2027,7,21.0,INDSO,INDWE,-0.49
2028,7,21.0,INDEA,INDNE,-3.53
2028,7,21.0,INDEA,INDNO,0.39
2028,7,21.0,INDNE,INDNO,3.0
2028,7,21.0,INDSO,INDWE,-3.51
2029,7,21.0,INDEA,INDNE,-3.53
2029,7,21.0,INDEA,INDNO,3.61
2029,7,21.0,INDNE,INDNO,3.0
2029,7,21.0,INDSO,INDWE,-6.32
2030,7,21.0,INDEA,INDNE,-5.53
2030,7,21.0,INDEA,INDNO,4.61
2030,7,21.0,INDNE,INDNO,5.0
2030,7,21.0,INDSO,INDWE,-9.82
2031,7,21.0,INDEA,INDNE,-7.53
2031,7,21.0,INDEA,INDNO,4.28
2031,7,21.0,INDNE,INDNO,7.0
2032,7,21.0,INDEA,INDNE,-9.53
2032,7,21.0,INDEA,INDNO,4.57
2032,7,21.0,INDNE,INDNO,9.0
2033,7,21.0,INDEA,INDNE,-11.53
2033,7,21.0,INDEA,INDNO,4.84
2033,7,21.0,INDNE,INDNO,11.0
2034,7,21.0,INDEA,INDNE,-13.53
2034,7,21.0,INDEA,INDNO,5.01
2034,7,21.0,INDNE,INDNO,13.0
2035,7,21.0,INDEA,INDNE,-15.53
2035,7,21.0,INDEA,INDNO,5.48
2035,7,21.0,INDNE,INDNO,15.0
2036,7,21.0,INDEA,INDNE,-17.53
2036,7,21.0,INDEA,INDNO,5.83
2036,7,21.0,INDNE,INDNO,17.0
2037,7,21.0,INDEA,INDNE,-19.53
2037,7,21.0,INDEA,INDNO,6.18
2037,7,21.0,INDNE,INDNO,19.0
2038,7,21.0,INDEA,INDNE,-21.53
2038,7,21.0,INDEA,INDNO,6.53
2038,7,21.0,INDNE,INDNO,21.0
2039,7,21.0,INDEA,INDNE,-23.53
2039,7,21.0,INDEA,INDNO,6.89
2039,7,21.0,INDNE,INDNO,23.0
2040,7,21.0,INDEA,INDNE,-25.53
2040,7,21.0,INDEA,INDNO,7.24
2040,7,21.0,INDNE,INDNO,25.0
2041,7,21.0,INDEA,INDNE,-27.53
2041,7,21.0,INDEA,INDNO,7.65
2041,7,21.0,INDNE,INDNO,27.0
2042,7,21.0,INDEA,INDNE,-29.54
2042,7,21.0,INDEA,INDNO,8.05
2042,7,21.0,INDNE,INDNO,29.01
2043,7,21.0,INDEA,INDNE,-31.54
2043,7,21.0,INDEA,INDNO,8.45
2043,7,21.0,INDNE,INDNO,31.01
2044,7,21.0,INDEA,INDNE,-33.54
2044,7,21.0,INDEA,INDNO,7.48
2044,7,21.0,INDNE,INDNO,33.01
2045,7,21.0,INDEA,INDNE,-35.54
2045,7,21.0,INDEA,INDNO,5.12
2045,7,21.0,INDNE,INDNO,35.01
2046,7,21.0,INDEA,INDNE,-37.54
2046,7,21.0,INDEA,INDNO,0.76
2046,7,21.0,INDNE,INDNO,37.01
2046,7,21.0,INDNO,INDWE,-3.98
2047,7,21.0,INDEA,INDNE,-39.54
2047,7,21.0,INDNE,INDNO,39.01
2047,7,21.0,INDNO,INDWE,-9.78
2048,7,21.0,INDEA,INDNE,-41.54
2048,7,21.0,INDEA,INDSO,-0.79
2048,7,21.0,INDNE,INDNO,41.01
2048,7,21.0,INDNO,INDWE,-10.56
2049,7,21.0,INDEA,INDNE,-43.54
2049,7,21.0,INDEA,INDSO,-0.9
2049,7,21.0,INDNE,INDNO,43.01
2049,7,21.0,INDNO,INDWE,-11.01
2050,7,21.0,INDEA,INDNE,-45.54
2050,7,21.0,INDEA,INDSO,-0.98
2050,7,21.0,INDNE,INDNO,45.01
2050,7,21.0,INDNO,INDWE,-11.46
2021,7,22.0,INDEA,INDNE,2.86
2022,7,22.0,INDEA,INDNE,2.86
2022,7,22.0,INDNE,INDNO,-0.49
2023,7,22.0,INDEA,INDNE,2.97
2024,7,22.0,INDEA,INDNE,-3.53
2024,7,22.0,INDNE,INDNO,3.0
2025,7,22.0,INDEA,INDNE,-3.53
2025,7,22.0,INDNE,INDNO,3.0
2026,7,22.0,INDEA,INDNE,-3.53
2026,7,22.0,INDNE,INDNO,3.0
2027,7,22.0,INDEA,INDNE,-3.53
2027,7,22.0,INDNE,INDNO,3.0
2027,7,22.0,INDSO,INDWE,-0.49
2028,7,22.0,INDEA,INDNE,-3.53
2028,7,22.0,INDEA,INDNO,0.39
2028,7,22.0,INDNE,INDNO,3.0
2028,7,22.0,INDSO,INDWE,-3.51
2029,7,22.0,INDEA,INDNE,-3.53
2029,7,22.0,INDEA,INDNO,3.61
2029,7,22.0,INDNE,INDNO,3.0
2029,7,22.0,INDSO,INDWE,-6.32
2030,7,22.0,INDEA,INDNE,-5.53
2030,7,22.0,INDEA,INDNO,4.61
2030,7,22.0,INDNE,INDNO,5.0
2030,7,22.0,INDSO,INDWE,-9.82
2031,7,22.0,INDEA,INDNE,-7.53
2031,7,22.0,INDEA,INDNO,4.28
2031,7,22.0,INDNE,INDNO,7.0
2032,7,22.0,INDEA,INDNE,-9.53
2032,7,22.0,INDEA,INDNO,4.57
2032,7,22.0,INDNE,INDNO,9.0
2033,7,22.0,INDEA,INDNE,-11.53
2033,7,22.0,INDEA,INDNO,4.84
2033,7,22.0,INDNE,INDNO,11.0
2034,7,22.0,INDEA,INDNE,-13.53
2034,7,22.0,INDEA,INDNO,5.01
2034,7,22.0,INDNE,INDNO,13.0
2035,7,22.0,INDEA,INDNE,-15.53
2035,7,22.0,INDEA,INDNO,5.48
2035,7,22.0,INDNE,INDNO,15.0
2036,7,22.0,INDEA,INDNE,-17.53
2036,7,22.0,INDEA,INDNO,5.83
2036,7,22.0,INDNE,INDNO,17.0
2037,7,22.0,INDEA,INDNE,-19.53
2037,7,22.0,INDEA,INDNO,6.18
2037,7,22.0,INDNE,INDNO,19.0
2038,7,22.0,INDEA,INDNE,-21.53
2038,7,22.0,INDEA,INDNO,6.53
2038,7,22.0,INDNE,INDNO,21.0
2039,7,22.0,INDEA,INDNE,-23.53
2039,7,22.0,INDEA,INDNO,6.89
2039,7,22.0,INDNE,INDNO,23.0
2040,7,22.0,INDEA,INDNE,-25.53
2040,7,22.0,INDEA,INDNO,7.24
2040,7,22.0,INDNE,INDNO,25.0
2041,7,22.0,INDEA,INDNE,-27.53
2041,7,22.0,INDEA,INDNO,7.65
2041,7,22.0,INDNE,INDNO,27.0
2042,7,22.0,INDEA,INDNE,-29.54
2042,7,22.0,INDEA,INDNO,8.05
2042,7,22.0,INDNE,INDNO,29.01
2043,7,22.0,INDEA,INDNE,-31.54
2043,7,22.0,INDEA,INDNO,8.45
2043,7,22.0,INDNE,INDNO,31.01
2044,7,22.0,INDEA,INDNE,-33.54
2044,7,22.0,INDEA,INDNO,7.48
2044,7,22.0,INDNE,INDNO,33.01
2045,7,22.0,INDEA,INDNE,-35.54
2045,7,22.0,INDEA,INDNO,5.12
2045,7,22.0,INDNE,INDNO,35.01
2046,7,22.0,INDEA,INDNE,-37.54
2046,7,22.0,INDEA,INDNO,0.76
2046,7,22.0,INDNE,INDNO,37.01
2046,7,22.0,INDNO,INDWE,-3.98
2047,7,22.0,INDEA,INDNE,-39.54
2047,7,22.0,INDNE,INDNO,39.01
2047,7,22.0,INDNO,INDWE,-9.78
2048,7,22.0,INDEA,INDNE,-41.54
2048,7,22.0,INDEA,INDSO,-0.79
2048,7,22.0,INDNE,INDNO,41.01
2048,7,22.0,INDNO,INDWE,-10.56
2049,7,22.0,INDEA,INDNE,-43.54
2049,7,22.0,INDEA,INDSO,-0.9
2049,7,22.0,INDNE,INDNO,43.01
2049,7,22.0,INDNO,INDWE,-11.01
2050,7,22.0,INDEA,INDNE,-45.54
2050,7,22.0,INDEA,INDSO,-0.98
2050,7,22.0,INDNE,INDNO,45.01
2050,7,22.0,INDNO,INDWE,-11.46
2021,7,23.0,INDEA,INDNE,2.86
2022,7,23.0,INDEA,INDNE,2.86
2022,7,23.0,INDNE,INDNO,-0.49
2023,7,23.0,INDEA,INDNE,2.97
2024,7,23.0,INDEA,INDNE,-3.53
2024,7,23.0,INDNE,INDNO,3.0
2025,7,23.0,INDEA,INDNE,-3.53
2025,7,23.0,INDNE,INDNO,3.0
2026,7,23.0,INDEA,INDNE,-3.53
2026,7,23.0,INDNE,INDNO,3.0
2027,7,23.0,INDEA,INDNE,-3.53
2027,7,23.0,INDNE,INDNO,3.0
2027,7,23.0,INDSO,INDWE,-0.49
2028,7,23.0,INDEA,INDNE,-3.53
2028,7,23.0,INDEA,INDNO,0.39
2028,7,23.0,INDNE,INDNO,3.0
2028,7,23.0,INDSO,INDWE,-3.51
2029,7,23.0,INDEA,INDNE,-3.53
2029,7,23.0,INDEA,INDNO,3.61
2029,7,23.0,INDNE,INDNO,3.0
2029,7,23.0,INDSO,INDWE,-6.32
2030,7,23.0,INDEA,INDNE,-5.53
2030,7,23.0,INDEA,INDNO,4.61
2030,7,23.0,INDNE,INDNO,5.0
2030,7,23.0,INDSO,INDWE,-9.82
2031,7,23.0,INDEA,INDNE,-7.53
2031,7,23.0,INDEA,INDNO,4.28
2031,7,23.0,INDNE,INDNO,7.0
2032,7,23.0,INDEA,INDNE,-9.53
2032,7,23.0,INDEA,INDNO,4.57
2032,7,23.0,INDNE,INDNO,9.0
2033,7,23.0,INDEA,INDNE,-11.53
2033,7,23.0,INDEA,INDNO,4.84
2033,7,23.0,INDNE,INDNO,11.0
2034,7,23.0,INDEA,INDNE,-13.53
2034,7,23.0,INDEA,INDNO,5.01
2034,7,23.0,INDNE,INDNO,13.0
2035,7,23.0,INDEA,INDNE,-15.53
2035,7,23.0,INDEA,INDNO,5.48
2035,7,23.0,INDNE,INDNO,15.0
2036,7,23.0,INDEA,INDNE,-17.53
2036,7,23.0,INDEA,INDNO,5.83
2036,7,23.0,INDNE,INDNO,17.0
2037,7,23.0,INDEA,INDNE,-19.53
2037,7,23.0,INDEA,INDNO,6.18
2037,7,23.0,INDNE,INDNO,19.0
2038,7,23.0,INDEA,INDNE,-21.53
2038,7,23.0,INDEA,INDNO,6.53
2038,7,23.0,INDNE,INDNO,21.0
2039,7,23.0,INDEA,INDNE,-23.53
2039,7,23.0,INDEA,INDNO,6.89
2039,7,23.0,INDNE,INDNO,23.0
2040,7,23.0,INDEA,INDNE,-25.53
2040,7,23.0,INDEA,INDNO,7.24
2040,7,23.0,INDNE,INDNO,25.0
2041,7,23.0,INDEA,INDNE,-27.53
2041,7,23.0,INDEA,INDNO,7.65
2041,7,23.0,INDNE,INDNO,27.0
2042,7,23.0,INDEA,INDNE,-29.54
2042,7,23.0,INDEA,INDNO,8.05
2042,7,23.0,INDNE,INDNO,29.01
2043,7,23.0,INDEA,INDNE,-31.54
2043,7,23.0,INDEA,INDNO,8.45
2043,7,23.0,INDNE,INDNO,31.01
2044,7,23.0,INDEA,INDNE,-33.54
2044,7,23.0,INDEA,INDNO,7.48
2044,7,23.0,INDNE,INDNO,33.01
2045,7,23.0,INDEA,INDNE,-35.54
2045,7,23.0,INDEA,INDNO,5.12
2045,7,23.0,INDNE,INDNO,35.01
2046,7,23.0,INDEA,INDNE,-37.54
2046,7,23.0,INDEA,INDNO,0.76
2046,7,23.0,INDNE,INDNO,37.01
2046,7,23.0,INDNO,INDWE,-3.98
2047,7,23.0,INDEA,INDNE,-39.54
2047,7,23.0,INDNE,INDNO,39.01
2047,7,23.0,INDNO,INDWE,-9.78
2048,7,23.0,INDEA,INDNE,-41.54
2048,7,23.0,INDEA,INDSO,-0.79
2048,7,23.0,INDNE,INDNO,41.01
2048,7,23.0,INDNO,INDWE,-10.56
2049,7,23.0,INDEA,INDNE,-43.54
2049,7,23.0,INDEA,INDSO,-0.9
2049,7,23.0,INDNE,INDNO,43.01
2049,7,23.0,INDNO,INDWE,-11.01
2050,7,23.0,INDEA,INDNE,-45.54
2050,7,23.0,INDEA,INDSO,-0.98
2050,7,23.0,INDNE,INDNO,45.01
2050,7,23.0,INDNO,INDWE,-11.46
2021,7,24.0,INDEA,INDNE,2.86
2022,7,24.0,INDEA,INDNE,2.86
2022,7,24.0,INDNE,INDNO,-0.49
2023,7,24.0,INDEA,INDNE,2.97
2024,7,24.0,INDEA,INDNE,-3.53
2024,7,24.0,INDNE,INDNO,3.0
2025,7,24.0,INDEA,INDNE,-3.53
2025,7,24.0,INDNE,INDNO,3.0
2026,7,24.0,INDEA,INDNE,-3.53
2026,7,24.0,INDNE,INDNO,3.0
2027,7,24.0,INDEA,INDNE,-3.53
2027,7,24.0,INDNE,INDNO,3.0
2027,7,24.0,INDSO,INDWE,-0.49
2028,7,24.0,INDEA,INDNE,-3.53
2028,7,24.0,INDEA,INDNO,0.39
2028,7,24.0,INDNE,INDNO,3.0
2028,7,24.0,INDSO,INDWE,-3.51
2029,7,24.0,INDEA,INDNE,-3.53
2029,7,24.0,INDEA,INDNO,3.61
2029,7,24.0,INDNE,INDNO,3.0
2029,7,24.0,INDSO,INDWE,-6.32
2030,7,24.0,INDEA,INDNE,-5.53
2030,7,24.0,INDEA,INDNO,4.61
2030,7,24.0,INDNE,INDNO,5.0
2030,7,24.0,INDSO,INDWE,-9.82
2031,7,24.0,INDEA,INDNE,-7.53
2031,7,24.0,INDEA,INDNO,4.28
2031,7,24.0,INDNE,INDNO,7.0
2032,7,24.0,INDEA,INDNE,-9.53
2032,7,24.0,INDEA,INDNO,4.57
2032,7,24.0,INDNE,INDNO,9.0
2033,7,24.0,INDEA,INDNE,-11.53
2033,7,24.0,INDEA,INDNO,4.84
2033,7,24.0,INDNE,INDNO,11.0
2034,7,24.0,INDEA,INDNE,-13.53
2034,7,24.0,INDEA,INDNO,5.01
2034,7,24.0,INDNE,INDNO,13.0
2035,7,24.0,INDEA,INDNE,-15.53
2035,7,24.0,INDEA,INDNO,5.48
2035,7,24.0,INDNE,INDNO,15.0
2036,7,24.0,INDEA,INDNE,-17.53
2036,7,24.0,INDEA,INDNO,5.83
2036,7,24.0,INDNE,INDNO,17.0
2037,7,24.0,INDEA,INDNE,-19.53
2037,7,24.0,INDEA,INDNO,6.18
2037,7,24.0,INDNE,INDNO,19.0
2038,7,24.0,INDEA,INDNE,-21.53
2038,7,24.0,INDEA,INDNO,6.53
2038,7,24.0,INDNE,INDNO,21.0
2039,7,24.0,INDEA,INDNE,-23.53
2039,7,24.0,INDEA,INDNO,6.89
2039,7,24.0,INDNE,INDNO,23.0
2040,7,24.0,INDEA,INDNE,-25.53
2040,7,24.0,INDEA,INDNO,7.24
2040,7,24.0,INDNE,INDNO,25.0
2041,7,24.0,INDEA,INDNE,-27.53
2041,7,24.0,INDEA,INDNO,7.65
2041,7,24.0,INDNE,INDNO,27.0
2042,7,24.0,INDEA,INDNE,-29.54
2042,7,24.0,INDEA,INDNO,8.05
2042,7,24.0,INDNE,INDNO,29.01
2043,7,24.0,INDEA,INDNE,-31.54
2043,7,24.0,INDEA,INDNO,8.45
2043,7,24.0,INDNE,INDNO,31.01
2044,7,24.0,INDEA,INDNE,-33.54
2044,7,24.0,INDEA,INDNO,7.48
2044,7,24.0,INDNE,INDNO,33.01
2045,7,24.0,INDEA,INDNE,-35.54
2045,7,24.0,INDEA,INDNO,5.12
2045,7,24.0,INDNE,INDNO,35.01
2046,7,24.0,INDEA,INDNE,-37.54
2046,7,24.0,INDEA,INDNO,0.76
2046,7,24.0,INDNE,INDNO,37.01
2046,7,24.0,INDNO,INDWE,-3.98
2047,7,24.0,INDEA,INDNE,-39.54
2047,7,24.0,INDNE,INDNO,39.01
2047,7,24.0,INDNO,INDWE,-9.78
2048,7,24.0,INDEA,INDNE,-41.54
2048,7,24.0,INDEA,INDSO,-0.79
2048,7,24.0,INDNE,INDNO,41.01
2048,7,24.0,INDNO,INDWE,-10.56
2049,7,24.0,INDEA,INDNE,-43.54
2049,7,24.0,INDEA,INDSO,-0.9
2049,7,24.0,INDNE,INDNO,43.01
2049,7,24.0,INDNO,INDWE,-11.01
2050,7,24.0,INDEA,INDNE,-45.54
2050,7,24.0,INDEA,INDSO,-0.98
2050,7,24.0,INDNE,INDNO,45.01
2050,7,24.0,INDNO,INDWE,-11.46
2021,8,1.0,INDEA,INDNE,2.84
2022,8,1.0,INDEA,INDNE,2.86
2022,8,1.0,INDNE,INDNO,-0.29
2023,8,1.0,INDEA,INDNE,2.87
2024,8,1.0,INDEA,INDNE,-3.53
2024,8,1.0,INDNE,INDNO,3.0
2025,8,1.0,INDEA,INDNE,-3.53
2025,8,1.0,INDEA,INDNO,-3.32
2025,8,1.0,INDNE,INDNO,3.0
2025,8,1.0,INDNO,INDWE,9.87
2025,8,1.0,INDSO,INDWE,-14.27
2026,8,1.0,INDEA,INDNE,-3.53
2026,8,1.0,INDEA,INDNO,-4.27
2026,8,1.0,INDNE,INDNO,3.0
2026,8,1.0,INDNO,INDWE,6.93
2026,8,1.0,INDSO,INDWE,-11.39
2027,8,1.0,INDEA,INDNE,-3.53
2027,8,1.0,INDEA,INDNO,-5.25
2027,8,1.0,INDNE,INDNO,3.0
2027,8,1.0,INDNO,INDWE,3.82
2027,8,1.0,INDSO,INDWE,-6.43
2028,8,1.0,INDEA,INDNE,-3.53
2028,8,1.0,INDEA,INDNO,-5.42
2028,8,1.0,INDNE,INDNO,3.0
2028,8,1.0,INDNO,INDWE,2.65
2028,8,1.0,INDSO,INDWE,-2.95
2029,8,1.0,INDEA,INDNE,-3.53
2029,8,1.0,INDEA,INDNO,-6.42
2029,8,1.0,INDNE,INDNO,3.0
2030,8,1.0,INDEA,INDNE,-5.53
2030,8,1.0,INDEA,INDNO,-5.35
2030,8,1.0,INDNE,INDNO,5.0
2030,8,1.0,INDNO,INDWE,0.37
2031,8,1.0,INDEA,INDNE,-7.53
2031,8,1.0,INDEA,INDNO,-1.79
2031,8,1.0,INDNE,INDNO,3.51
2032,8,1.0,INDEA,INDNE,-9.53
2032,8,1.0,INDNE,INDNO,7.24
2033,8,1.0,INDEA,INDNE,-11.53
2033,8,1.0,INDNE,INDNO,9.16
2034,8,1.0,INDEA,INDNE,-13.53
2034,8,1.0,INDNE,INDNO,10.97
2035,8,1.0,INDEA,INDNE,-15.53
2035,8,1.0,INDNE,INDNO,13.08
2036,8,1.0,INDEA,INDNE,-17.53
2036,8,1.0,INDNE,INDNO,15.01
2037,8,1.0,INDEA,INDNE,-19.53
2037,8,1.0,INDNE,INDNO,16.95
2038,8,1.0,INDEA,INDNE,-21.53
2038,8,1.0,INDNE,INDNO,18.88
2039,8,1.0,INDEA,INDNE,-23.53
2039,8,1.0,INDNE,INDNO,20.81
2040,8,1.0,INDEA,INDNE,-25.53
2040,8,1.0,INDNE,INDNO,22.72
2041,8,1.0,INDEA,INDNE,-27.53
2041,8,1.0,INDNE,INDNO,24.62
2042,8,1.0,INDEA,INDNE,-29.54
2042,8,1.0,INDNE,INDNO,26.51
2043,8,1.0,INDEA,INDNE,-31.54
2043,8,1.0,INDNE,INDNO,28.41
2044,8,1.0,INDEA,INDNE,-33.54
2044,8,1.0,INDNE,INDNO,28.92
2045,8,1.0,INDEA,INDNE,-35.54
2045,8,1.0,INDNE,INDNO,27.23
2045,8,1.0,INDSO,INDWE,-0.81
2046,8,1.0,INDEA,INDNE,-37.54
2046,8,1.0,INDNE,INDNO,16.94
2046,8,1.0,INDSO,INDWE,-12.28
2047,8,1.0,INDEA,INDNE,-39.54
2047,8,1.0,INDNE,INDNO,14.73
2047,8,1.0,INDSO,INDWE,-20.99
2048,8,1.0,INDEA,INDNE,-41.54
2048,8,1.0,INDEA,INDSO,1.98
2048,8,1.0,INDNE,INDNO,13.0
2048,8,1.0,INDSO,INDWE,-30.13
2049,8,1.0,INDEA,INDNE,-43.54
2049,8,1.0,INDEA,INDSO,7.83
2049,8,1.0,INDNE,INDNO,14.18
2049,8,1.0,INDSO,INDWE,-32.13
2050,8,1.0,INDEA,INDNE,-45.54
2050,8,1.0,INDEA,INDSO,7.95
2050,8,1.0,INDNE,INDNO,14.96
2050,8,1.0,INDSO,INDWE,-34.13
2021,8,2.0,INDEA,INDNE,2.84
2022,8,2.0,INDEA,INDNE,2.86
2022,8,2.0,INDNE,INDNO,-0.29
2023,8,2.0,INDEA,INDNE,2.87
2024,8,2.0,INDEA,INDNE,-3.53
2024,8,2.0,INDNE,INDNO,3.0
2025,8,2.0,INDEA,INDNE,-3.53
2025,8,2.0,INDEA,INDNO,-3.32
2025,8,2.0,INDNE,INDNO,3.0
2025,8,2.0,INDNO,INDWE,9.87
2025,8,2.0,INDSO,INDWE,-14.27
2026,8,2.0,INDEA,INDNE,-3.53
2026,8,2.0,INDEA,INDNO,-4.27
2026,8,2.0,INDNE,INDNO,3.0
2026,8,2.0,INDNO,INDWE,6.93
2026,8,2.0,INDSO,INDWE,-11.39
2027,8,2.0,INDEA,INDNE,-3.53
2027,8,2.0,INDEA,INDNO,-5.25
2027,8,2.0,INDNE,INDNO,3.0
2027,8,2.0,INDNO,INDWE,3.82
2027,8,2.0,INDSO,INDWE,-6.43
2028,8,2.0,INDEA,INDNE,-3.53
2028,8,2.0,INDEA,INDNO,-5.42
2028,8,2.0,INDNE,INDNO,3.0
2028,8,2.0,INDNO,INDWE,2.65
2028,8,2.0,INDSO,INDWE,-2.95
2029,8,2.0,INDEA,INDNE,-3.53
2029,8,2.0,INDEA,INDNO,-6.42
2029,8,2.0,INDNE,INDNO,3.0
2030,8,2.0,INDEA,INDNE,-5.53
2030,8,2.0,INDEA,INDNO,-5.35
2030,8,2.0,INDNE,INDNO,5.0
2030,8,2.0,INDNO,INDWE,0.37
2031,8,2.0,INDEA,INDNE,-7.53
2031,8,2.0,INDEA,INDNO,-1.79
2031,8,2.0,INDNE,INDNO,3.51
2032,8,2.0,INDEA,INDNE,-9.53
2032,8,2.0,INDNE,INDNO,7.24
2033,8,2.0,INDEA,INDNE,-11.53
2033,8,2.0,INDNE,INDNO,9.16
2034,8,2.0,INDEA,INDNE,-13.53
2034,8,2.0,INDNE,INDNO,10.97
2035,8,2.0,INDEA,INDNE,-15.53
2035,8,2.0,INDNE,INDNO,13.08
2036,8,2.0,INDEA,INDNE,-17.53
2036,8,2.0,INDNE,INDNO,15.01
2037,8,2.0,INDEA,INDNE,-19.53
2037,8,2.0,INDNE,INDNO,16.95
2038,8,2.0,INDEA,INDNE,-21.53
2038,8,2.0,INDNE,INDNO,18.88
2039,8,2.0,INDEA,INDNE,-23.53
2039,8,2.0,INDNE,INDNO,20.81
2040,8,2.0,INDEA,INDNE,-25.53
2040,8,2.0,INDNE,INDNO,22.72
2041,8,2.0,INDEA,INDNE,-27.53
2041,8,2.0,INDNE,INDNO,24.62
2042,8,2.0,INDEA,INDNE,-29.54
2042,8,2.0,INDNE,INDNO,26.51
2043,8,2.0,INDEA,INDNE,-31.54
2043,8,2.0,INDNE,INDNO,28.41
2044,8,2.0,INDEA,INDNE,-33.54
2044,8,2.0,INDNE,INDNO,28.92
2045,8,2.0,INDEA,INDNE,-35.54
2045,8,2.0,INDNE,INDNO,27.23
2045,8,2.0,INDSO,INDWE,-0.81
2046,8,2.0,INDEA,INDNE,-37.54
2046,8,2.0,INDNE,INDNO,16.94
2046,8,2.0,INDSO,INDWE,-12.28
2047,8,2.0,INDEA,INDNE,-39.54
2047,8,2.0,INDNE,INDNO,14.73
2047,8,2.0,INDSO,INDWE,-20.99
2048,8,2.0,INDEA,INDNE,-41.54
2048,8,2.0,INDEA,INDSO,1.98
2048,8,2.0,INDNE,INDNO,13.0
2048,8,2.0,INDSO,INDWE,-30.13
2049,8,2.0,INDEA,INDNE,-43.54
2049,8,2.0,INDEA,INDSO,7.83
2049,8,2.0,INDNE,INDNO,14.18
2049,8,2.0,INDSO,INDWE,-32.13
2050,8,2.0,INDEA,INDNE,-45.54
2050,8,2.0,INDEA,INDSO,7.95
2050,8,2.0,INDNE,INDNO,14.96
2050,8,2.0,INDSO,INDWE,-34.13
2021,8,3.0,INDEA,INDNE,2.84
2022,8,3.0,INDEA,INDNE,2.86
2022,8,3.0,INDNE,INDNO,-0.29
2023,8,3.0,INDEA,INDNE,2.87
2024,8,3.0,INDEA,INDNE,-3.53
2024,8,3.0,INDNE,INDNO,3.0
2025,8,3.0,INDEA,INDNE,-3.53
2025,8,3.0,INDEA,INDNO,-3.32
2025,8,3.0,INDNE,INDNO,3.0
2025,8,3.0,INDNO,INDWE,9.87
2025,8,3.0,INDSO,INDWE,-14.27
2026,8,3.0,INDEA,INDNE,-3.53
2026,8,3.0,INDEA,INDNO,-4.27
2026,8,3.0,INDNE,INDNO,3.0
2026,8,3.0,INDNO,INDWE,6.93
2026,8,3.0,INDSO,INDWE,-11.39
2027,8,3.0,INDEA,INDNE,-3.53
2027,8,3.0,INDEA,INDNO,-5.25
2027,8,3.0,INDNE,INDNO,3.0
2027,8,3.0,INDNO,INDWE,3.82
2027,8,3.0,INDSO,INDWE,-6.43
2028,8,3.0,INDEA,INDNE,-3.53
2028,8,3.0,INDEA,INDNO,-5.42
2028,8,3.0,INDNE,INDNO,3.0
2028,8,3.0,INDNO,INDWE,2.65
2028,8,3.0,INDSO,INDWE,-2.95
2029,8,3.0,INDEA,INDNE,-3.53
2029,8,3.0,INDEA,INDNO,-6.42
2029,8,3.0,INDNE,INDNO,3.0
2030,8,3.0,INDEA,INDNE,-5.53
2030,8,3.0,INDEA,INDNO,-5.35
2030,8,3.0,INDNE,INDNO,5.0
2030,8,3.0,INDNO,INDWE,0.37
2031,8,3.0,INDEA,INDNE,-7.53
2031,8,3.0,INDEA,INDNO,-1.79
2031,8,3.0,INDNE,INDNO,3.51
2032,8,3.0,INDEA,INDNE,-9.53
2032,8,3.0,INDNE,INDNO,7.24
2033,8,3.0,INDEA,INDNE,-11.53
2033,8,3.0,INDNE,INDNO,9.16
2034,8,3.0,INDEA,INDNE,-13.53
2034,8,3.0,INDNE,INDNO,10.97
2035,8,3.0,INDEA,INDNE,-15.53
2035,8,3.0,INDNE,INDNO,13.08
2036,8,3.0,INDEA,INDNE,-17.53
2036,8,3.0,INDNE,INDNO,15.01
2037,8,3.0,INDEA,INDNE,-19.53
2037,8,3.0,INDNE,INDNO,16.95
2038,8,3.0,INDEA,INDNE,-21.53
2038,8,3.0,INDNE,INDNO,18.88
2039,8,3.0,INDEA,INDNE,-23.53
2039,8,3.0,INDNE,INDNO,20.81
2040,8,3.0,INDEA,INDNE,-25.53
2040,8,3.0,INDNE,INDNO,22.72
2041,8,3.0,INDEA,INDNE,-27.53
2041,8,3.0,INDNE,INDNO,24.62
2042,8,3.0,INDEA,INDNE,-29.54
2042,8,3.0,INDNE,INDNO,26.51
2043,8,3.0,INDEA,INDNE,-31.54
2043,8,3.0,INDNE,INDNO,28.41
2044,8,3.0,INDEA,INDNE,-33.54
2044,8,3.0,INDNE,INDNO,28.92
2045,8,3.0,INDEA,INDNE,-35.54
2045,8,3.0,INDNE,INDNO,27.23
2045,8,3.0,INDSO,INDWE,-0.81
2046,8,3.0,INDEA,INDNE,-37.54
2046,8,3.0,INDNE,INDNO,16.94
2046,8,3.0,INDSO,INDWE,-12.28
2047,8,3.0,INDEA,INDNE,-39.54
2047,8,3.0,INDNE,INDNO,14.73
2047,8,3.0,INDSO,INDWE,-20.99
2048,8,3.0,INDEA,INDNE,-41.54
2048,8,3.0,INDEA,INDSO,1.98
2048,8,3.0,INDNE,INDNO,13.0
2048,8,3.0,INDSO,INDWE,-30.13
2049,8,3.0,INDEA,INDNE,-43.54
2049,8,3.0,INDEA,INDSO,7.83
2049,8,3.0,INDNE,INDNO,14.18
2049,8,3.0,INDSO,INDWE,-32.13
2050,8,3.0,INDEA,INDNE,-45.54
2050,8,3.0,INDEA,INDSO,7.95
2050,8,3.0,INDNE,INDNO,14.96
2050,8,3.0,INDSO,INDWE,-34.13
2021,8,4.0,INDEA,INDNE,2.84
2022,8,4.0,INDEA,INDNE,2.86
2022,8,4.0,INDNE,INDNO,-0.29
2023,8,4.0,INDEA,INDNE,2.87
2024,8,4.0,INDEA,INDNE,-3.53
2024,8,4.0,INDNE,INDNO,3.0
2025,8,4.0,INDEA,INDNE,-3.53
2025,8,4.0,INDEA,INDNO,-3.32
2025,8,4.0,INDNE,INDNO,3.0
2025,8,4.0,INDNO,INDWE,9.87
2025,8,4.0,INDSO,INDWE,-14.27
2026,8,4.0,INDEA,INDNE,-3.53
2026,8,4.0,INDEA,INDNO,-4.27
2026,8,4.0,INDNE,INDNO,3.0
2026,8,4.0,INDNO,INDWE,6.93
2026,8,4.0,INDSO,INDWE,-11.39
2027,8,4.0,INDEA,INDNE,-3.53
2027,8,4.0,INDEA,INDNO,-5.25
2027,8,4.0,INDNE,INDNO,3.0
2027,8,4.0,INDNO,INDWE,3.82
2027,8,4.0,INDSO,INDWE,-6.43
2028,8,4.0,INDEA,INDNE,-3.53
2028,8,4.0,INDEA,INDNO,-5.42
2028,8,4.0,INDNE,INDNO,3.0
2028,8,4.0,INDNO,INDWE,2.65
2028,8,4.0,INDSO,INDWE,-2.95
2029,8,4.0,INDEA,INDNE,-3.53
2029,8,4.0,INDEA,INDNO,-6.42
2029,8,4.0,INDNE,INDNO,3.0
2030,8,4.0,INDEA,INDNE,-5.53
2030,8,4.0,INDEA,INDNO,-5.35
2030,8,4.0,INDNE,INDNO,5.0
2030,8,4.0,INDNO,INDWE,0.37
2031,8,4.0,INDEA,INDNE,-7.53
2031,8,4.0,INDEA,INDNO,-1.79
2031,8,4.0,INDNE,INDNO,3.51
2032,8,4.0,INDEA,INDNE,-9.53
2032,8,4.0,INDNE,INDNO,7.24
2033,8,4.0,INDEA,INDNE,-11.53
2033,8,4.0,INDNE,INDNO,9.16
2034,8,4.0,INDEA,INDNE,-13.53
2034,8,4.0,INDNE,INDNO,10.97
2035,8,4.0,INDEA,INDNE,-15.53
2035,8,4.0,INDNE,INDNO,13.08
2036,8,4.0,INDEA,INDNE,-17.53
2036,8,4.0,INDNE,INDNO,15.01
2037,8,4.0,INDEA,INDNE,-19.53
2037,8,4.0,INDNE,INDNO,16.95
2038,8,4.0,INDEA,INDNE,-21.53
2038,8,4.0,INDNE,INDNO,18.88
2039,8,4.0,INDEA,INDNE,-23.53
2039,8,4.0,INDNE,INDNO,20.81
2040,8,4.0,INDEA,INDNE,-25.53
2040,8,4.0,INDNE,INDNO,22.72
2041,8,4.0,INDEA,INDNE,-27.53
2041,8,4.0,INDNE,INDNO,24.62
2042,8,4.0,INDEA,INDNE,-29.54
2042,8,4.0,INDNE,INDNO,26.51
2043,8,4.0,INDEA,INDNE,-31.54
2043,8,4.0,INDNE,INDNO,28.41
2044,8,4.0,INDEA,INDNE,-33.54
2044,8,4.0,INDNE,INDNO,28.92
2045,8,4.0,INDEA,INDNE,-35.54
2045,8,4.0,INDNE,INDNO,27.23
2045,8,4.0,INDSO,INDWE,-0.81
2046,8,4.0,INDEA,INDNE,-37.54
2046,8,4.0,INDNE,INDNO,16.94
2046,8,4.0,INDSO,INDWE,-12.28
2047,8,4.0,INDEA,INDNE,-39.54
2047,8,4.0,INDNE,INDNO,14.73
2047,8,4.0,INDSO,INDWE,-20.99
2048,8,4.0,INDEA,INDNE,-41.54
2048,8,4.0,INDEA,INDSO,1.98
2048,8,4.0,INDNE,INDNO,13.0
2048,8,4.0,INDSO,INDWE,-30.13
2049,8,4.0,INDEA,INDNE,-43.54
2049,8,4.0,INDEA,INDSO,7.83
2049,8,4.0,INDNE,INDNO,14.18
2049,8,4.0,INDSO,INDWE,-32.13
2050,8,4.0,INDEA,INDNE,-45.54
2050,8,4.0,INDEA,INDSO,7.95
2050,8,4.0,INDNE,INDNO,14.96
2050,8,4.0,INDSO,INDWE,-34.13
2021,8,5.0,INDEA,INDNE,2.84
2022,8,5.0,INDEA,INDNE,2.86
2022,8,5.0,INDNE,INDNO,-0.29
2023,8,5.0,INDEA,INDNE,2.87
2024,8,5.0,INDEA,INDNE,-3.53
2024,8,5.0,INDNE,INDNO,3.0
2025,8,5.0,INDEA,INDNE,-3.53
2025,8,5.0,INDEA,INDNO,-3.32
2025,8,5.0,INDNE,INDNO,3.0
2025,8,5.0,INDNO,INDWE,9.87
2025,8,5.0,INDSO,INDWE,-14.27
2026,8,5.0,INDEA,INDNE,-3.53
2026,8,5.0,INDEA,INDNO,-4.27
2026,8,5.0,INDNE,INDNO,3.0
2026,8,5.0,INDNO,INDWE,6.93
2026,8,5.0,INDSO,INDWE,-11.39
2027,8,5.0,INDEA,INDNE,-3.53
2027,8,5.0,INDEA,INDNO,-5.25
2027,8,5.0,INDNE,INDNO,3.0
2027,8,5.0,INDNO,INDWE,3.82
2027,8,5.0,INDSO,INDWE,-6.43
2028,8,5.0,INDEA,INDNE,-3.53
2028,8,5.0,INDEA,INDNO,-5.42
2028,8,5.0,INDNE,INDNO,3.0
2028,8,5.0,INDNO,INDWE,2.65
2028,8,5.0,INDSO,INDWE,-2.95
2029,8,5.0,INDEA,INDNE,-3.53
2029,8,5.0,INDEA,INDNO,-6.42
2029,8,5.0,INDNE,INDNO,3.0
2030,8,5.0,INDEA,INDNE,-5.53
2030,8,5.0,INDEA,INDNO,-5.35
2030,8,5.0,INDNE,INDNO,5.0
2030,8,5.0,INDNO,INDWE,0.37
2031,8,5.0,INDEA,INDNE,-7.53
2031,8,5.0,INDEA,INDNO,-1.79
2031,8,5.0,INDNE,INDNO,3.51
2032,8,5.0,INDEA,INDNE,-9.53
2032,8,5.0,INDNE,INDNO,7.24
2033,8,5.0,INDEA,INDNE,-11.53
2033,8,5.0,INDNE,INDNO,9.16
2034,8,5.0,INDEA,INDNE,-13.53
2034,8,5.0,INDNE,INDNO,10.97
2035,8,5.0,INDEA,INDNE,-15.53
2035,8,5.0,INDNE,INDNO,13.08
2036,8,5.0,INDEA,INDNE,-17.53
2036,8,5.0,INDNE,INDNO,15.01
2037,8,5.0,INDEA,INDNE,-19.53
2037,8,5.0,INDNE,INDNO,16.95
2038,8,5.0,INDEA,INDNE,-21.53
2038,8,5.0,INDNE,INDNO,18.88
2039,8,5.0,INDEA,INDNE,-23.53
2039,8,5.0,INDNE,INDNO,20.81
2040,8,5.0,INDEA,INDNE,-25.53
2040,8,5.0,INDNE,INDNO,22.72
2041,8,5.0,INDEA,INDNE,-27.53
2041,8,5.0,INDNE,INDNO,24.62
2042,8,5.0,INDEA,INDNE,-29.54
2042,8,5.0,INDNE,INDNO,26.51
2043,8,5.0,INDEA,INDNE,-31.54
2043,8,5.0,INDNE,INDNO,28.41
2044,8,5.0,INDEA,INDNE,-33.54
2044,8,5.0,INDNE,INDNO,28.92
2045,8,5.0,INDEA,INDNE,-35.54
2045,8,5.0,INDNE,INDNO,27.23
2045,8,5.0,INDSO,INDWE,-0.81
2046,8,5.0,INDEA,INDNE,-37.54
2046,8,5.0,INDNE,INDNO,16.94
2046,8,5.0,INDSO,INDWE,-12.28
2047,8,5.0,INDEA,INDNE,-39.54
2047,8,5.0,INDNE,INDNO,14.73
2047,8,5.0,INDSO,INDWE,-20.99
2048,8,5.0,INDEA,INDNE,-41.54
2048,8,5.0,INDEA,INDSO,1.98
2048,8,5.0,INDNE,INDNO,13.0
2048,8,5.0,INDSO,INDWE,-30.13
2049,8,5.0,INDEA,INDNE,-43.54
2049,8,5.0,INDEA,INDSO,7.83
2049,8,5.0,INDNE,INDNO,14.18
2049,8,5.0,INDSO,INDWE,-32.13
2050,8,5.0,INDEA,INDNE,-45.54
2050,8,5.0,INDEA,INDSO,7.95
2050,8,5.0,INDNE,INDNO,14.96
2050,8,5.0,INDSO,INDWE,-34.13
2021,8,6.0,INDEA,INDNE,2.84
2022,8,6.0,INDEA,INDNE,2.86
2022,8,6.0,INDNE,INDNO,-0.29
2023,8,6.0,INDEA,INDNE,2.87
2024,8,6.0,INDEA,INDNE,-3.53
2024,8,6.0,INDNE,INDNO,3.0
2025,8,6.0,INDEA,INDNE,-3.53
2025,8,6.0,INDEA,INDNO,-3.32
2025,8,6.0,INDNE,INDNO,3.0
2025,8,6.0,INDNO,INDWE,9.87
2025,8,6.0,INDSO,INDWE,-14.27
2026,8,6.0,INDEA,INDNE,-3.53
2026,8,6.0,INDEA,INDNO,-4.27
2026,8,6.0,INDNE,INDNO,3.0
2026,8,6.0,INDNO,INDWE,6.93
2026,8,6.0,INDSO,INDWE,-11.39
2027,8,6.0,INDEA,INDNE,-3.53
2027,8,6.0,INDEA,INDNO,-5.25
2027,8,6.0,INDNE,INDNO,3.0
2027,8,6.0,INDNO,INDWE,3.82
2027,8,6.0,INDSO,INDWE,-6.43
2028,8,6.0,INDEA,INDNE,-3.53
2028,8,6.0,INDEA,INDNO,-5.42
2028,8,6.0,INDNE,INDNO,3.0
2028,8,6.0,INDNO,INDWE,2.65
2028,8,6.0,INDSO,INDWE,-2.95
2029,8,6.0,INDEA,INDNE,-3.53
2029,8,6.0,INDEA,INDNO,-6.42
2029,8,6.0,INDNE,INDNO,3.0
2030,8,6.0,INDEA,INDNE,-5.53
2030,8,6.0,INDEA,INDNO,-5.35
2030,8,6.0,INDNE,INDNO,5.0
2030,8,6.0,INDNO,INDWE,0.37
2031,8,6.0,INDEA,INDNE,-7.53
2031,8,6.0,INDEA,INDNO,-1.79
2031,8,6.0,INDNE,INDNO,3.51
2032,8,6.0,INDEA,INDNE,-9.53
2032,8,6.0,INDNE,INDNO,7.24
2033,8,6.0,INDEA,INDNE,-11.53
2033,8,6.0,INDNE,INDNO,9.16
2034,8,6.0,INDEA,INDNE,-13.53
2034,8,6.0,INDNE,INDNO,10.97
2035,8,6.0,INDEA,INDNE,-15.53
2035,8,6.0,INDNE,INDNO,13.08
2036,8,6.0,INDEA,INDNE,-17.53
2036,8,6.0,INDNE,INDNO,15.01
2037,8,6.0,INDEA,INDNE,-19.53
2037,8,6.0,INDNE,INDNO,16.95
2038,8,6.0,INDEA,INDNE,-21.53
2038,8,6.0,INDNE,INDNO,18.88
2039,8,6.0,INDEA,INDNE,-23.53
2039,8,6.0,INDNE,INDNO,20.81
2040,8,6.0,INDEA,INDNE,-25.53
2040,8,6.0,INDNE,INDNO,22.72
2041,8,6.0,INDEA,INDNE,-27.53
2041,8,6.0,INDNE,INDNO,24.62
2042,8,6.0,INDEA,INDNE,-29.54
2042,8,6.0,INDNE,INDNO,26.51
2043,8,6.0,INDEA,INDNE,-31.54
2043,8,6.0,INDNE,INDNO,28.41
2044,8,6.0,INDEA,INDNE,-33.54
2044,8,6.0,INDNE,INDNO,28.92
2045,8,6.0,INDEA,INDNE,-35.54
2045,8,6.0,INDNE,INDNO,27.23
2045,8,6.0,INDSO,INDWE,-0.81
2046,8,6.0,INDEA,INDNE,-37.54
2046,8,6.0,INDNE,INDNO,16.94
2046,8,6.0,INDSO,INDWE,-12.28
2047,8,6.0,INDEA,INDNE,-39.54
2047,8,6.0,INDNE,INDNO,14.73
2047,8,6.0,INDSO,INDWE,-20.99
2048,8,6.0,INDEA,INDNE,-41.54
2048,8,6.0,INDEA,INDSO,1.98
2048,8,6.0,INDNE,INDNO,13.0
2048,8,6.0,INDSO,INDWE,-30.13
2049,8,6.0,INDEA,INDNE,-43.54
2049,8,6.0,INDEA,INDSO,7.83
2049,8,6.0,INDNE,INDNO,14.18
2049,8,6.0,INDSO,INDWE,-32.13
2050,8,6.0,INDEA,INDNE,-45.54
2050,8,6.0,INDEA,INDSO,7.95
2050,8,6.0,INDNE,INDNO,14.96
2050,8,6.0,INDSO,INDWE,-34.13
2021,8,7.0,INDEA,INDNE,2.84
2022,8,7.0,INDEA,INDNE,2.86
2022,8,7.0,INDNE,INDNO,-0.29
2023,8,7.0,INDEA,INDNE,2.87
2024,8,7.0,INDEA,INDNE,-3.53
2024,8,7.0,INDNE,INDNO,3.0
2025,8,7.0,INDEA,INDNE,-3.53
2025,8,7.0,INDEA,INDNO,-3.32
2025,8,7.0,INDNE,INDNO,3.0
2025,8,7.0,INDNO,INDWE,9.87
2025,8,7.0,INDSO,INDWE,-14.27
2026,8,7.0,INDEA,INDNE,-3.53
2026,8,7.0,INDEA,INDNO,-4.27
2026,8,7.0,INDNE,INDNO,3.0
2026,8,7.0,INDNO,INDWE,6.93
2026,8,7.0,INDSO,INDWE,-11.39
2027,8,7.0,INDEA,INDNE,-3.53
2027,8,7.0,INDEA,INDNO,-5.25
2027,8,7.0,INDNE,INDNO,3.0
2027,8,7.0,INDNO,INDWE,3.82
2027,8,7.0,INDSO,INDWE,-6.43
2028,8,7.0,INDEA,INDNE,-3.53
2028,8,7.0,INDEA,INDNO,-5.42
2028,8,7.0,INDNE,INDNO,3.0
2028,8,7.0,INDNO,INDWE,2.65
2028,8,7.0,INDSO,INDWE,-2.95
2029,8,7.0,INDEA,INDNE,-3.53
2029,8,7.0,INDEA,INDNO,-6.42
2029,8,7.0,INDNE,INDNO,3.0
2030,8,7.0,INDEA,INDNE,-5.53
2030,8,7.0,INDEA,INDNO,-5.35
2030,8,7.0,INDNE,INDNO,5.0
2030,8,7.0,INDNO,INDWE,0.37
2031,8,7.0,INDEA,INDNE,-7.53
2031,8,7.0,INDEA,INDNO,-1.79
2031,8,7.0,INDNE,INDNO,3.51
2032,8,7.0,INDEA,INDNE,-9.53
2032,8,7.0,INDNE,INDNO,7.24
2033,8,7.0,INDEA,INDNE,-11.53
2033,8,7.0,INDNE,INDNO,9.16
2034,8,7.0,INDEA,INDNE,-13.53
2034,8,7.0,INDNE,INDNO,10.97
2035,8,7.0,INDEA,INDNE,-15.53
2035,8,7.0,INDNE,INDNO,13.08
2036,8,7.0,INDEA,INDNE,-17.53
2036,8,7.0,INDNE,INDNO,15.01
2037,8,7.0,INDEA,INDNE,-19.53
2037,8,7.0,INDNE,INDNO,16.95
2038,8,7.0,INDEA,INDNE,-21.53
2038,8,7.0,INDNE,INDNO,18.88
2039,8,7.0,INDEA,INDNE,-23.53
2039,8,7.0,INDNE,INDNO,20.81
2040,8,7.0,INDEA,INDNE,-25.53
2040,8,7.0,INDNE,INDNO,22.72
2041,8,7.0,INDEA,INDNE,-27.53
2041,8,7.0,INDNE,INDNO,24.62
2042,8,7.0,INDEA,INDNE,-29.54
2042,8,7.0,INDNE,INDNO,26.51
2043,8,7.0,INDEA,INDNE,-31.54
2043,8,7.0,INDNE,INDNO,28.41
2044,8,7.0,INDEA,INDNE,-33.54
2044,8,7.0,INDNE,INDNO,28.92
2045,8,7.0,INDEA,INDNE,-35.54
2045,8,7.0,INDNE,INDNO,27.23
2045,8,7.0,INDSO,INDWE,-0.81
2046,8,7.0,INDEA,INDNE,-37.54
2046,8,7.0,INDNE,INDNO,16.94
2046,8,7.0,INDSO,INDWE,-12.28
2047,8,7.0,INDEA,INDNE,-39.54
2047,8,7.0,INDNE,INDNO,14.73
2047,8,7.0,INDSO,INDWE,-20.99
2048,8,7.0,INDEA,INDNE,-41.54
2048,8,7.0,INDEA,INDSO,1.98
2048,8,7.0,INDNE,INDNO,13.0
2048,8,7.0,INDSO,INDWE,-30.13
2049,8,7.0,INDEA,INDNE,-43.54
2049,8,7.0,INDEA,INDSO,7.83
2049,8,7.0,INDNE,INDNO,14.18
2049,8,7.0,INDSO,INDWE,-32.13
2050,8,7.0,INDEA,INDNE,-45.54
2050,8,7.0,INDEA,INDSO,7.95
2050,8,7.0,INDNE,INDNO,14.96
2050,8,7.0,INDSO,INDWE,-34.13
2021,8,8.0,INDEA,INDNE,2.84
2022,8,8.0,INDEA,INDNE,2.86
2022,8,8.0,INDNE,INDNO,-0.29
2023,8,8.0,INDEA,INDNE,2.87
2024,8,8.0,INDEA,INDNE,-3.53
2024,8,8.0,INDNE,INDNO,3.0
2025,8,8.0,INDEA,INDNE,-3.53
2025,8,8.0,INDEA,INDNO,-3.32
2025,8,8.0,INDNE,INDNO,3.0
2025,8,8.0,INDNO,INDWE,9.87
2025,8,8.0,INDSO,INDWE,-14.27
2026,8,8.0,INDEA,INDNE,-3.53
2026,8,8.0,INDEA,INDNO,-4.27
2026,8,8.0,INDNE,INDNO,3.0
2026,8,8.0,INDNO,INDWE,6.93
2026,8,8.0,INDSO,INDWE,-11.39
2027,8,8.0,INDEA,INDNE,-3.53
2027,8,8.0,INDEA,INDNO,-5.25
2027,8,8.0,INDNE,INDNO,3.0
2027,8,8.0,INDNO,INDWE,3.82
2027,8,8.0,INDSO,INDWE,-6.43
2028,8,8.0,INDEA,INDNE,-3.53
2028,8,8.0,INDEA,INDNO,-5.42
2028,8,8.0,INDNE,INDNO,3.0
2028,8,8.0,INDNO,INDWE,2.65
2028,8,8.0,INDSO,INDWE,-2.95
2029,8,8.0,INDEA,INDNE,-3.53
2029,8,8.0,INDEA,INDNO,-6.42
2029,8,8.0,INDNE,INDNO,3.0
2030,8,8.0,INDEA,INDNE,-5.53
2030,8,8.0,INDEA,INDNO,-5.35
2030,8,8.0,INDNE,INDNO,5.0
2030,8,8.0,INDNO,INDWE,0.37
2031,8,8.0,INDEA,INDNE,-7.53
2031,8,8.0,INDEA,INDNO,-1.79
2031,8,8.0,INDNE,INDNO,3.51
2032,8,8.0,INDEA,INDNE,-9.53
2032,8,8.0,INDNE,INDNO,7.24
2033,8,8.0,INDEA,INDNE,-11.53
2033,8,8.0,INDNE,INDNO,9.16
2034,8,8.0,INDEA,INDNE,-13.53
2034,8,8.0,INDNE,INDNO,10.97
2035,8,8.0,INDEA,INDNE,-15.53
2035,8,8.0,INDNE,INDNO,13.08
2036,8,8.0,INDEA,INDNE,-17.53
2036,8,8.0,INDNE,INDNO,15.01
2037,8,8.0,INDEA,INDNE,-19.53
2037,8,8.0,INDNE,INDNO,16.95
2038,8,8.0,INDEA,INDNE,-21.53
2038,8,8.0,INDNE,INDNO,18.88
2039,8,8.0,INDEA,INDNE,-23.53
2039,8,8.0,INDNE,INDNO,20.81
2040,8,8.0,INDEA,INDNE,-25.53
2040,8,8.0,INDNE,INDNO,22.72
2041,8,8.0,INDEA,INDNE,-27.53
2041,8,8.0,INDNE,INDNO,24.62
2042,8,8.0,INDEA,INDNE,-29.54
2042,8,8.0,INDNE,INDNO,26.51
2043,8,8.0,INDEA,INDNE,-31.54
2043,8,8.0,INDNE,INDNO,28.41
2044,8,8.0,INDEA,INDNE,-33.54
2044,8,8.0,INDNE,INDNO,28.92
2045,8,8.0,INDEA,INDNE,-35.54
2045,8,8.0,INDNE,INDNO,27.23
2045,8,8.0,INDSO,INDWE,-0.81
2046,8,8.0,INDEA,INDNE,-37.54
2046,8,8.0,INDNE,INDNO,16.94
2046,8,8.0,INDSO,INDWE,-12.28
2047,8,8.0,INDEA,INDNE,-39.54
2047,8,8.0,INDNE,INDNO,14.73
2047,8,8.0,INDSO,INDWE,-20.99
2048,8,8.0,INDEA,INDNE,-41.54
2048,8,8.0,INDEA,INDSO,1.98
2048,8,8.0,INDNE,INDNO,13.0
2048,8,8.0,INDSO,INDWE,-30.13
2049,8,8.0,INDEA,INDNE,-43.54
2049,8,8.0,INDEA,INDSO,7.83
2049,8,8.0,INDNE,INDNO,14.18
2049,8,8.0,INDSO,INDWE,-32.13
2050,8,8.0,INDEA,INDNE,-45.54
2050,8,8.0,INDEA,INDSO,7.95
2050,8,8.0,INDNE,INDNO,14.96
2050,8,8.0,INDSO,INDWE,-34.13
2021,8,9.0,INDEA,INDNE,2.84
2022,8,9.0,INDEA,INDNE,2.86
2022,8,9.0,INDNE,INDNO,-0.29
2023,8,9.0,INDEA,INDNE,2.87
2024,8,9.0,INDEA,INDNE,-3.53
2024,8,9.0,INDNE,INDNO,3.0
2025,8,9.0,INDEA,INDNE,-3.53
2025,8,9.0,INDEA,INDNO,-3.32
2025,8,9.0,INDNE,INDNO,3.0
2025,8,9.0,INDNO,INDWE,9.87
2025,8,9.0,INDSO,INDWE,-14.27
2026,8,9.0,INDEA,INDNE,-3.53
2026,8,9.0,INDEA,INDNO,-4.27
2026,8,9.0,INDNE,INDNO,3.0
2026,8,9.0,INDNO,INDWE,6.93
2026,8,9.0,INDSO,INDWE,-11.39
2027,8,9.0,INDEA,INDNE,-3.53
2027,8,9.0,INDEA,INDNO,-5.25
2027,8,9.0,INDNE,INDNO,3.0
2027,8,9.0,INDNO,INDWE,3.82
2027,8,9.0,INDSO,INDWE,-6.43
2028,8,9.0,INDEA,INDNE,-3.53
2028,8,9.0,INDEA,INDNO,-5.42
2028,8,9.0,INDNE,INDNO,3.0
2028,8,9.0,INDNO,INDWE,2.65
2028,8,9.0,INDSO,INDWE,-2.95
2029,8,9.0,INDEA,INDNE,-3.53
2029,8,9.0,INDEA,INDNO,-6.42
2029,8,9.0,INDNE,INDNO,3.0
2030,8,9.0,INDEA,INDNE,-5.53
2030,8,9.0,INDEA,INDNO,-5.35
2030,8,9.0,INDNE,INDNO,5.0
2030,8,9.0,INDNO,INDWE,0.37
2031,8,9.0,INDEA,INDNE,-7.53
2031,8,9.0,INDEA,INDNO,-1.79
2031,8,9.0,INDNE,INDNO,3.51
2032,8,9.0,INDEA,INDNE,-9.53
2032,8,9.0,INDNE,INDNO,7.24
2033,8,9.0,INDEA,INDNE,-11.53
2033,8,9.0,INDNE,INDNO,9.16
2034,8,9.0,INDEA,INDNE,-13.53
2034,8,9.0,INDNE,INDNO,10.97
2035,8,9.0,INDEA,INDNE,-15.53
2035,8,9.0,INDNE,INDNO,13.08
2036,8,9.0,INDEA,INDNE,-17.53
2036,8,9.0,INDNE,INDNO,15.01
2037,8,9.0,INDEA,INDNE,-19.53
2037,8,9.0,INDNE,INDNO,16.95
2038,8,9.0,INDEA,INDNE,-21.53
2038,8,9.0,INDNE,INDNO,18.88
2039,8,9.0,INDEA,INDNE,-23.53
2039,8,9.0,INDNE,INDNO,20.81
2040,8,9.0,INDEA,INDNE,-25.53
2040,8,9.0,INDNE,INDNO,22.72
2041,8,9.0,INDEA,INDNE,-27.53
2041,8,9.0,INDNE,INDNO,24.62
2042,8,9.0,INDEA,INDNE,-29.54
2042,8,9.0,INDNE,INDNO,26.51
2043,8,9.0,INDEA,INDNE,-31.54
2043,8,9.0,INDNE,INDNO,28.41
2044,8,9.0,INDEA,INDNE,-33.54
2044,8,9.0,INDNE,INDNO,28.92
2045,8,9.0,INDEA,INDNE,-35.54
2045,8,9.0,INDNE,INDNO,27.23
2045,8,9.0,INDSO,INDWE,-0.81
2046,8,9.0,INDEA,INDNE,-37.54
2046,8,9.0,INDNE,INDNO,16.94
2046,8,9.0,INDSO,INDWE,-12.28
2047,8,9.0,INDEA,INDNE,-39.54
2047,8,9.0,INDNE,INDNO,14.73
2047,8,9.0,INDSO,INDWE,-20.99
2048,8,9.0,INDEA,INDNE,-41.54
2048,8,9.0,INDEA,INDSO,1.98
2048,8,9.0,INDNE,INDNO,13.0
2048,8,9.0,INDSO,INDWE,-30.13
2049,8,9.0,INDEA,INDNE,-43.54
2049,8,9.0,INDEA,INDSO,7.83
2049,8,9.0,INDNE,INDNO,14.18
2049,8,9.0,INDSO,INDWE,-32.13
2050,8,9.0,INDEA,INDNE,-45.54
2050,8,9.0,INDEA,INDSO,7.95
2050,8,9.0,INDNE,INDNO,14.96
2050,8,9.0,INDSO,INDWE,-34.13
2021,8,10.0,INDEA,INDNE,2.84
2022,8,10.0,INDEA,INDNE,2.86
2022,8,10.0,INDNE,INDNO,-0.29
2023,8,10.0,INDEA,INDNE,2.87
2024,8,10.0,INDEA,INDNE,-3.53
2024,8,10.0,INDNE,INDNO,3.0
2025,8,10.0,INDEA,INDNE,-3.53
2025,8,10.0,INDEA,INDNO,-3.32
2025,8,10.0,INDNE,INDNO,3.0
2025,8,10.0,INDNO,INDWE,9.87
2025,8,10.0,INDSO,INDWE,-14.27
2026,8,10.0,INDEA,INDNE,-3.53
2026,8,10.0,INDEA,INDNO,-4.27
2026,8,10.0,INDNE,INDNO,3.0
2026,8,10.0,INDNO,INDWE,6.93
2026,8,10.0,INDSO,INDWE,-11.39
2027,8,10.0,INDEA,INDNE,-3.53
2027,8,10.0,INDEA,INDNO,-5.25
2027,8,10.0,INDNE,INDNO,3.0
2027,8,10.0,INDNO,INDWE,3.82
2027,8,10.0,INDSO,INDWE,-6.43
2028,8,10.0,INDEA,INDNE,-3.53
2028,8,10.0,INDEA,INDNO,-5.42
2028,8,10.0,INDNE,INDNO,3.0
2028,8,10.0,INDNO,INDWE,2.65
2028,8,10.0,INDSO,INDWE,-2.95
2029,8,10.0,INDEA,INDNE,-3.53
2029,8,10.0,INDEA,INDNO,-6.42
2029,8,10.0,INDNE,INDNO,3.0
2030,8,10.0,INDEA,INDNE,-5.53
2030,8,10.0,INDEA,INDNO,-5.35
2030,8,10.0,INDNE,INDNO,5.0
2030,8,10.0,INDNO,INDWE,0.37
2031,8,10.0,INDEA,INDNE,-7.53
2031,8,10.0,INDEA,INDNO,-1.79
2031,8,10.0,INDNE,INDNO,3.51
2032,8,10.0,INDEA,INDNE,-9.53
2032,8,10.0,INDNE,INDNO,7.24
2033,8,10.0,INDEA,INDNE,-11.53
2033,8,10.0,INDNE,INDNO,9.16
2034,8,10.0,INDEA,INDNE,-13.53
2034,8,10.0,INDNE,INDNO,10.97
2035,8,10.0,INDEA,INDNE,-15.53
2035,8,10.0,INDNE,INDNO,13.08
2036,8,10.0,INDEA,INDNE,-17.53
2036,8,10.0,INDNE,INDNO,15.01
2037,8,10.0,INDEA,INDNE,-19.53
2037,8,10.0,INDNE,INDNO,16.95
2038,8,10.0,INDEA,INDNE,-21.53
2038,8,10.0,INDNE,INDNO,18.88
2039,8,10.0,INDEA,INDNE,-23.53
2039,8,10.0,INDNE,INDNO,20.81
2040,8,10.0,INDEA,INDNE,-25.53
2040,8,10.0,INDNE,INDNO,22.72
2041,8,10.0,INDEA,INDNE,-27.53
2041,8,10.0,INDNE,INDNO,24.62
2042,8,10.0,INDEA,INDNE,-29.54
2042,8,10.0,INDNE,INDNO,26.51
2043,8,10.0,INDEA,INDNE,-31.54
2043,8,10.0,INDNE,INDNO,28.41
2044,8,10.0,INDEA,INDNE,-33.54
2044,8,10.0,INDNE,INDNO,28.92
2045,8,10.0,INDEA,INDNE,-35.54
2045,8,10.0,INDNE,INDNO,27.23
2045,8,10.0,INDSO,INDWE,-0.81
2046,8,10.0,INDEA,INDNE,-37.54
2046,8,10.0,INDNE,INDNO,16.94
2046,8,10.0,INDSO,INDWE,-12.28
2047,8,10.0,INDEA,INDNE,-39.54
2047,8,10.0,INDNE,INDNO,14.73
2047,8,10.0,INDSO,INDWE,-20.99
2048,8,10.0,INDEA,INDNE,-41.54
2048,8,10.0,INDEA,INDSO,1.98
2048,8,10.0,INDNE,INDNO,13.0
2048,8,10.0,INDSO,INDWE,-30.13
2049,8,10.0,INDEA,INDNE,-43.54
2049,8,10.0,INDEA,INDSO,7.83
2049,8,10.0,INDNE,INDNO,14.18
2049,8,10.0,INDSO,INDWE,-32.13
2050,8,10.0,INDEA,INDNE,-45.54
2050,8,10.0,INDEA,INDSO,7.95
2050,8,10.0,INDNE,INDNO,14.96
2050,8,10.0,INDSO,INDWE,-34.13
2021,8,11.0,INDEA,INDNE,2.84
2022,8,11.0,INDEA,INDNE,2.86
2022,8,11.0,INDNE,INDNO,-0.29
2023,8,11.0,INDEA,INDNE,2.87
2024,8,11.0,INDEA,INDNE,-3.53
2024,8,11.0,INDNE,INDNO,3.0
2025,8,11.0,INDEA,INDNE,-3.53
2025,8,11.0,INDEA,INDNO,-3.32
2025,8,11.0,INDNE,INDNO,3.0
2025,8,11.0,INDNO,INDWE,9.87
2025,8,11.0,INDSO,INDWE,-14.27
2026,8,11.0,INDEA,INDNE,-3.53
2026,8,11.0,INDEA,INDNO,-4.27
2026,8,11.0,INDNE,INDNO,3.0
2026,8,11.0,INDNO,INDWE,6.93
2026,8,11.0,INDSO,INDWE,-11.39
2027,8,11.0,INDEA,INDNE,-3.53
2027,8,11.0,INDEA,INDNO,-5.25
2027,8,11.0,INDNE,INDNO,3.0
2027,8,11.0,INDNO,INDWE,3.82
2027,8,11.0,INDSO,INDWE,-6.43
2028,8,11.0,INDEA,INDNE,-3.53
2028,8,11.0,INDEA,INDNO,-5.42
2028,8,11.0,INDNE,INDNO,3.0
2028,8,11.0,INDNO,INDWE,2.65
2028,8,11.0,INDSO,INDWE,-2.95
2029,8,11.0,INDEA,INDNE,-3.53
2029,8,11.0,INDEA,INDNO,-6.42
2029,8,11.0,INDNE,INDNO,3.0
2030,8,11.0,INDEA,INDNE,-5.53
2030,8,11.0,INDEA,INDNO,-5.35
2030,8,11.0,INDNE,INDNO,5.0
2030,8,11.0,INDNO,INDWE,0.37
2031,8,11.0,INDEA,INDNE,-7.53
2031,8,11.0,INDEA,INDNO,-1.79
2031,8,11.0,INDNE,INDNO,3.51
2032,8,11.0,INDEA,INDNE,-9.53
2032,8,11.0,INDNE,INDNO,7.24
2033,8,11.0,INDEA,INDNE,-11.53
2033,8,11.0,INDNE,INDNO,9.16
2034,8,11.0,INDEA,INDNE,-13.53
2034,8,11.0,INDNE,INDNO,10.97
2035,8,11.0,INDEA,INDNE,-15.53
2035,8,11.0,INDNE,INDNO,13.08
2036,8,11.0,INDEA,INDNE,-17.53
2036,8,11.0,INDNE,INDNO,15.01
2037,8,11.0,INDEA,INDNE,-19.53
2037,8,11.0,INDNE,INDNO,16.95
2038,8,11.0,INDEA,INDNE,-21.53
2038,8,11.0,INDNE,INDNO,18.88
2039,8,11.0,INDEA,INDNE,-23.53
2039,8,11.0,INDNE,INDNO,20.81
2040,8,11.0,INDEA,INDNE,-25.53
2040,8,11.0,INDNE,INDNO,22.72
2041,8,11.0,INDEA,INDNE,-27.53
2041,8,11.0,INDNE,INDNO,24.62
2042,8,11.0,INDEA,INDNE,-29.54
2042,8,11.0,INDNE,INDNO,26.51
2043,8,11.0,INDEA,INDNE,-31.54
2043,8,11.0,INDNE,INDNO,28.41
2044,8,11.0,INDEA,INDNE,-33.54
2044,8,11.0,INDNE,INDNO,28.92
2045,8,11.0,INDEA,INDNE,-35.54
2045,8,11.0,INDNE,INDNO,27.23
2045,8,11.0,INDSO,INDWE,-0.81
2046,8,11.0,INDEA,INDNE,-37.54
2046,8,11.0,INDNE,INDNO,16.94
2046,8,11.0,INDSO,INDWE,-12.28
2047,8,11.0,INDEA,INDNE,-39.54
2047,8,11.0,INDNE,INDNO,14.73
2047,8,11.0,INDSO,INDWE,-20.99
2048,8,11.0,INDEA,INDNE,-41.54
2048,8,11.0,INDEA,INDSO,1.98
2048,8,11.0,INDNE,INDNO,13.0
2048,8,11.0,INDSO,INDWE,-30.13
2049,8,11.0,INDEA,INDNE,-43.54
2049,8,11.0,INDEA,INDSO,7.83
2049,8,11.0,INDNE,INDNO,14.18
2049,8,11.0,INDSO,INDWE,-32.13
2050,8,11.0,INDEA,INDNE,-45.54
2050,8,11.0,INDEA,INDSO,7.95
2050,8,11.0,INDNE,INDNO,14.96
2050,8,11.0,INDSO,INDWE,-34.13
2021,8,12.0,INDEA,INDNE,2.84
2022,8,12.0,INDEA,INDNE,2.86
2022,8,12.0,INDNE,INDNO,-0.29
2023,8,12.0,INDEA,INDNE,2.87
2024,8,12.0,INDEA,INDNE,-3.53
2024,8,12.0,INDNE,INDNO,3.0
2025,8,12.0,INDEA,INDNE,-3.53
2025,8,12.0,INDEA,INDNO,-3.32
2025,8,12.0,INDNE,INDNO,3.0
2025,8,12.0,INDNO,INDWE,9.87
2025,8,12.0,INDSO,INDWE,-14.27
2026,8,12.0,INDEA,INDNE,-3.53
2026,8,12.0,INDEA,INDNO,-4.27
2026,8,12.0,INDNE,INDNO,3.0
2026,8,12.0,INDNO,INDWE,6.93
2026,8,12.0,INDSO,INDWE,-11.39
2027,8,12.0,INDEA,INDNE,-3.53
2027,8,12.0,INDEA,INDNO,-5.25
2027,8,12.0,INDNE,INDNO,3.0
2027,8,12.0,INDNO,INDWE,3.82
2027,8,12.0,INDSO,INDWE,-6.43
2028,8,12.0,INDEA,INDNE,-3.53
2028,8,12.0,INDEA,INDNO,-5.42
2028,8,12.0,INDNE,INDNO,3.0
2028,8,12.0,INDNO,INDWE,2.65
2028,8,12.0,INDSO,INDWE,-2.95
2029,8,12.0,INDEA,INDNE,-3.53
2029,8,12.0,INDEA,INDNO,-6.42
2029,8,12.0,INDNE,INDNO,3.0
2030,8,12.0,INDEA,INDNE,-5.53
2030,8,12.0,INDEA,INDNO,-5.35
2030,8,12.0,INDNE,INDNO,5.0
2030,8,12.0,INDNO,INDWE,0.37
2031,8,12.0,INDEA,INDNE,-7.53
2031,8,12.0,INDEA,INDNO,-1.79
2031,8,12.0,INDNE,INDNO,3.51
2032,8,12.0,INDEA,INDNE,-9.53
2032,8,12.0,INDNE,INDNO,7.24
2033,8,12.0,INDEA,INDNE,-11.53
2033,8,12.0,INDNE,INDNO,9.16
2034,8,12.0,INDEA,INDNE,-13.53
2034,8,12.0,INDNE,INDNO,10.97
2035,8,12.0,INDEA,INDNE,-15.53
2035,8,12.0,INDNE,INDNO,13.08
2036,8,12.0,INDEA,INDNE,-17.53
2036,8,12.0,INDNE,INDNO,15.01
2037,8,12.0,INDEA,INDNE,-19.53
2037,8,12.0,INDNE,INDNO,16.95
2038,8,12.0,INDEA,INDNE,-21.53
2038,8,12.0,INDNE,INDNO,18.88
2039,8,12.0,INDEA,INDNE,-23.53
2039,8,12.0,INDNE,INDNO,20.81
2040,8,12.0,INDEA,INDNE,-25.53
2040,8,12.0,INDNE,INDNO,22.72
2041,8,12.0,INDEA,INDNE,-27.53
2041,8,12.0,INDNE,INDNO,24.62
2042,8,12.0,INDEA,INDNE,-29.54
2042,8,12.0,INDNE,INDNO,26.51
2043,8,12.0,INDEA,INDNE,-31.54
2043,8,12.0,INDNE,INDNO,28.41
2044,8,12.0,INDEA,INDNE,-33.54
2044,8,12.0,INDNE,INDNO,28.92
2045,8,12.0,INDEA,INDNE,-35.54
2045,8,12.0,INDNE,INDNO,27.23
2045,8,12.0,INDSO,INDWE,-0.81
2046,8,12.0,INDEA,INDNE,-37.54
2046,8,12.0,INDNE,INDNO,16.94
2046,8,12.0,INDSO,INDWE,-12.28
2047,8,12.0,INDEA,INDNE,-39.54
2047,8,12.0,INDNE,INDNO,14.73
2047,8,12.0,INDSO,INDWE,-20.99
2048,8,12.0,INDEA,INDNE,-41.54
2048,8,12.0,INDEA,INDSO,1.98
2048,8,12.0,INDNE,INDNO,13.0
2048,8,12.0,INDSO,INDWE,-30.13
2049,8,12.0,INDEA,INDNE,-43.54
2049,8,12.0,INDEA,INDSO,7.83
2049,8,12.0,INDNE,INDNO,14.18
2049,8,12.0,INDSO,INDWE,-32.13
2050,8,12.0,INDEA,INDNE,-45.54
2050,8,12.0,INDEA,INDSO,7.95
2050,8,12.0,INDNE,INDNO,14.96
2050,8,12.0,INDSO,INDWE,-34.13
2021,8,13.0,INDEA,INDNE,2.86
2022,8,13.0,INDEA,INDNE,2.86
2022,8,13.0,INDNE,INDNO,-0.49
2023,8,13.0,INDEA,INDNE,2.97
2024,8,13.0,INDEA,INDNE,-3.53
2024,8,13.0,INDNE,INDNO,3.0
2025,8,13.0,INDEA,INDNE,-3.53
2025,8,13.0,INDNE,INDNO,3.0
2026,8,13.0,INDEA,INDNE,-3.53
2026,8,13.0,INDNE,INDNO,3.0
2027,8,13.0,INDEA,INDNE,-3.53
2027,8,13.0,INDNE,INDNO,3.0
2027,8,13.0,INDSO,INDWE,-0.49
2028,8,13.0,INDEA,INDNE,-3.53
2028,8,13.0,INDEA,INDNO,0.39
2028,8,13.0,INDNE,INDNO,3.0
2028,8,13.0,INDSO,INDWE,-3.51
2029,8,13.0,INDEA,INDNE,-3.53
2029,8,13.0,INDEA,INDNO,3.61
2029,8,13.0,INDNE,INDNO,3.0
2029,8,13.0,INDSO,INDWE,-6.32
2030,8,13.0,INDEA,INDNE,-5.53
2030,8,13.0,INDEA,INDNO,4.61
2030,8,13.0,INDNE,INDNO,5.0
2030,8,13.0,INDSO,INDWE,-9.82
2031,8,13.0,INDEA,INDNE,-7.53
2031,8,13.0,INDEA,INDNO,4.28
2031,8,13.0,INDNE,INDNO,7.0
2032,8,13.0,INDEA,INDNE,-9.53
2032,8,13.0,INDEA,INDNO,4.57
2032,8,13.0,INDNE,INDNO,9.0
2033,8,13.0,INDEA,INDNE,-11.53
2033,8,13.0,INDEA,INDNO,4.84
2033,8,13.0,INDNE,INDNO,11.0
2034,8,13.0,INDEA,INDNE,-13.53
2034,8,13.0,INDEA,INDNO,5.01
2034,8,13.0,INDNE,INDNO,13.0
2035,8,13.0,INDEA,INDNE,-15.53
2035,8,13.0,INDEA,INDNO,5.48
2035,8,13.0,INDNE,INDNO,15.0
2036,8,13.0,INDEA,INDNE,-17.53
2036,8,13.0,INDEA,INDNO,5.83
2036,8,13.0,INDNE,INDNO,17.0
2037,8,13.0,INDEA,INDNE,-19.53
2037,8,13.0,INDEA,INDNO,6.18
2037,8,13.0,INDNE,INDNO,19.0
2038,8,13.0,INDEA,INDNE,-21.53
2038,8,13.0,INDEA,INDNO,6.53
2038,8,13.0,INDNE,INDNO,21.0
2039,8,13.0,INDEA,INDNE,-23.53
2039,8,13.0,INDEA,INDNO,6.89
2039,8,13.0,INDNE,INDNO,23.0
2040,8,13.0,INDEA,INDNE,-25.53
2040,8,13.0,INDEA,INDNO,7.24
2040,8,13.0,INDNE,INDNO,25.0
2041,8,13.0,INDEA,INDNE,-27.53
2041,8,13.0,INDEA,INDNO,7.65
2041,8,13.0,INDNE,INDNO,27.0
2042,8,13.0,INDEA,INDNE,-29.54
2042,8,13.0,INDEA,INDNO,8.05
2042,8,13.0,INDNE,INDNO,29.01
2043,8,13.0,INDEA,INDNE,-31.54
2043,8,13.0,INDEA,INDNO,8.45
2043,8,13.0,INDNE,INDNO,31.01
2044,8,13.0,INDEA,INDNE,-33.54
2044,8,13.0,INDEA,INDNO,7.48
2044,8,13.0,INDNE,INDNO,33.01
2045,8,13.0,INDEA,INDNE,-35.54
2045,8,13.0,INDEA,INDNO,5.12
2045,8,13.0,INDNE,INDNO,35.01
2046,8,13.0,INDEA,INDNE,-37.54
2046,8,13.0,INDEA,INDNO,0.76
2046,8,13.0,INDNE,INDNO,37.01
2046,8,13.0,INDNO,INDWE,-3.98
2047,8,13.0,INDEA,INDNE,-39.54
2047,8,13.0,INDNE,INDNO,39.01
2047,8,13.0,INDNO,INDWE,-9.78
2048,8,13.0,INDEA,INDNE,-41.54
2048,8,13.0,INDEA,INDSO,-0.79
2048,8,13.0,INDNE,INDNO,41.01
2048,8,13.0,INDNO,INDWE,-10.56
2049,8,13.0,INDEA,INDNE,-43.54
2049,8,13.0,INDEA,INDSO,-0.9
2049,8,13.0,INDNE,INDNO,43.01
2049,8,13.0,INDNO,INDWE,-11.01
2050,8,13.0,INDEA,INDNE,-45.54
2050,8,13.0,INDEA,INDSO,-0.98
2050,8,13.0,INDNE,INDNO,45.01
2050,8,13.0,INDNO,INDWE,-11.46
2021,8,14.0,INDEA,INDNE,2.86
2022,8,14.0,INDEA,INDNE,2.86
2022,8,14.0,INDNE,INDNO,-0.49
2023,8,14.0,INDEA,INDNE,2.97
2024,8,14.0,INDEA,INDNE,-3.53
2024,8,14.0,INDNE,INDNO,3.0
2025,8,14.0,INDEA,INDNE,-3.53
2025,8,14.0,INDNE,INDNO,3.0
2026,8,14.0,INDEA,INDNE,-3.53
2026,8,14.0,INDNE,INDNO,3.0
2027,8,14.0,INDEA,INDNE,-3.53
2027,8,14.0,INDNE,INDNO,3.0
2027,8,14.0,INDSO,INDWE,-0.49
2028,8,14.0,INDEA,INDNE,-3.53
2028,8,14.0,INDEA,INDNO,0.39
2028,8,14.0,INDNE,INDNO,3.0
2028,8,14.0,INDSO,INDWE,-3.51
2029,8,14.0,INDEA,INDNE,-3.53
2029,8,14.0,INDEA,INDNO,3.61
2029,8,14.0,INDNE,INDNO,3.0
2029,8,14.0,INDSO,INDWE,-6.32
2030,8,14.0,INDEA,INDNE,-5.53
2030,8,14.0,INDEA,INDNO,4.61
2030,8,14.0,INDNE,INDNO,5.0
2030,8,14.0,INDSO,INDWE,-9.82
2031,8,14.0,INDEA,INDNE,-7.53
2031,8,14.0,INDEA,INDNO,4.28
2031,8,14.0,INDNE,INDNO,7.0
2032,8,14.0,INDEA,INDNE,-9.53
2032,8,14.0,INDEA,INDNO,4.57
2032,8,14.0,INDNE,INDNO,9.0
2033,8,14.0,INDEA,INDNE,-11.53
2033,8,14.0,INDEA,INDNO,4.84
2033,8,14.0,INDNE,INDNO,11.0
2034,8,14.0,INDEA,INDNE,-13.53
2034,8,14.0,INDEA,INDNO,5.01
2034,8,14.0,INDNE,INDNO,13.0
2035,8,14.0,INDEA,INDNE,-15.53
2035,8,14.0,INDEA,INDNO,5.48
2035,8,14.0,INDNE,INDNO,15.0
2036,8,14.0,INDEA,INDNE,-17.53
2036,8,14.0,INDEA,INDNO,5.83
2036,8,14.0,INDNE,INDNO,17.0
2037,8,14.0,INDEA,INDNE,-19.53
2037,8,14.0,INDEA,INDNO,6.18
2037,8,14.0,INDNE,INDNO,19.0
2038,8,14.0,INDEA,INDNE,-21.53
2038,8,14.0,INDEA,INDNO,6.53
2038,8,14.0,INDNE,INDNO,21.0
2039,8,14.0,INDEA,INDNE,-23.53
2039,8,14.0,INDEA,INDNO,6.89
2039,8,14.0,INDNE,INDNO,23.0
2040,8,14.0,INDEA,INDNE,-25.53
2040,8,14.0,INDEA,INDNO,7.24
2040,8,14.0,INDNE,INDNO,25.0
2041,8,14.0,INDEA,INDNE,-27.53
2041,8,14.0,INDEA,INDNO,7.65
2041,8,14.0,INDNE,INDNO,27.0
2042,8,14.0,INDEA,INDNE,-29.54
2042,8,14.0,INDEA,INDNO,8.05
2042,8,14.0,INDNE,INDNO,29.01
2043,8,14.0,INDEA,INDNE,-31.54
2043,8,14.0,INDEA,INDNO,8.45
2043,8,14.0,INDNE,INDNO,31.01
2044,8,14.0,INDEA,INDNE,-33.54
2044,8,14.0,INDEA,INDNO,7.48
2044,8,14.0,INDNE,INDNO,33.01
2045,8,14.0,INDEA,INDNE,-35.54
2045,8,14.0,INDEA,INDNO,5.12
2045,8,14.0,INDNE,INDNO,35.01
2046,8,14.0,INDEA,INDNE,-37.54
2046,8,14.0,INDEA,INDNO,0.76
2046,8,14.0,INDNE,INDNO,37.01
2046,8,14.0,INDNO,INDWE,-3.98
2047,8,14.0,INDEA,INDNE,-39.54
2047,8,14.0,INDNE,INDNO,39.01
2047,8,14.0,INDNO,INDWE,-9.78
2048,8,14.0,INDEA,INDNE,-41.54
2048,8,14.0,INDEA,INDSO,-0.79
2048,8,14.0,INDNE,INDNO,41.01
2048,8,14.0,INDNO,INDWE,-10.56
2049,8,14.0,INDEA,INDNE,-43.54
2049,8,14.0,INDEA,INDSO,-0.9
2049,8,14.0,INDNE,INDNO,43.01
2049,8,14.0,INDNO,INDWE,-11.01
2050,8,14.0,INDEA,INDNE,-45.54
2050,8,14.0,INDEA,INDSO,-0.98
2050,8,14.0,INDNE,INDNO,45.01
2050,8,14.0,INDNO,INDWE,-11.46
2021,8,15.0,INDEA,INDNE,2.86
2022,8,15.0,INDEA,INDNE,2.86
2022,8,15.0,INDNE,INDNO,-0.49
2023,8,15.0,INDEA,INDNE,2.97
2024,8,15.0,INDEA,INDNE,-3.53
2024,8,15.0,INDNE,INDNO,3.0
2025,8,15.0,INDEA,INDNE,-3.53
2025,8,15.0,INDNE,INDNO,3.0
2026,8,15.0,INDEA,INDNE,-3.53
2026,8,15.0,INDNE,INDNO,3.0
2027,8,15.0,INDEA,INDNE,-3.53
2027,8,15.0,INDNE,INDNO,3.0
2027,8,15.0,INDSO,INDWE,-0.49
2028,8,15.0,INDEA,INDNE,-3.53
2028,8,15.0,INDEA,INDNO,0.39
2028,8,15.0,INDNE,INDNO,3.0
2028,8,15.0,INDSO,INDWE,-3.51
2029,8,15.0,INDEA,INDNE,-3.53
2029,8,15.0,INDEA,INDNO,3.61
2029,8,15.0,INDNE,INDNO,3.0
2029,8,15.0,INDSO,INDWE,-6.32
2030,8,15.0,INDEA,INDNE,-5.53
2030,8,15.0,INDEA,INDNO,4.61
2030,8,15.0,INDNE,INDNO,5.0
2030,8,15.0,INDSO,INDWE,-9.82
2031,8,15.0,INDEA,INDNE,-7.53
2031,8,15.0,INDEA,INDNO,4.28
2031,8,15.0,INDNE,INDNO,7.0
2032,8,15.0,INDEA,INDNE,-9.53
2032,8,15.0,INDEA,INDNO,4.57
2032,8,15.0,INDNE,INDNO,9.0
2033,8,15.0,INDEA,INDNE,-11.53
2033,8,15.0,INDEA,INDNO,4.84
2033,8,15.0,INDNE,INDNO,11.0
2034,8,15.0,INDEA,INDNE,-13.53
2034,8,15.0,INDEA,INDNO,5.01
2034,8,15.0,INDNE,INDNO,13.0
2035,8,15.0,INDEA,INDNE,-15.53
2035,8,15.0,INDEA,INDNO,5.48
2035,8,15.0,INDNE,INDNO,15.0
2036,8,15.0,INDEA,INDNE,-17.53
2036,8,15.0,INDEA,INDNO,5.83
2036,8,15.0,INDNE,INDNO,17.0
2037,8,15.0,INDEA,INDNE,-19.53
2037,8,15.0,INDEA,INDNO,6.18
2037,8,15.0,INDNE,INDNO,19.0
2038,8,15.0,INDEA,INDNE,-21.53
2038,8,15.0,INDEA,INDNO,6.53
2038,8,15.0,INDNE,INDNO,21.0
2039,8,15.0,INDEA,INDNE,-23.53
2039,8,15.0,INDEA,INDNO,6.89
2039,8,15.0,INDNE,INDNO,23.0
2040,8,15.0,INDEA,INDNE,-25.53
2040,8,15.0,INDEA,INDNO,7.24
2040,8,15.0,INDNE,INDNO,25.0
2041,8,15.0,INDEA,INDNE,-27.53
2041,8,15.0,INDEA,INDNO,7.65
2041,8,15.0,INDNE,INDNO,27.0
2042,8,15.0,INDEA,INDNE,-29.54
2042,8,15.0,INDEA,INDNO,8.05
2042,8,15.0,INDNE,INDNO,29.01
2043,8,15.0,INDEA,INDNE,-31.54
2043,8,15.0,INDEA,INDNO,8.45
2043,8,15.0,INDNE,INDNO,31.01
2044,8,15.0,INDEA,INDNE,-33.54
2044,8,15.0,INDEA,INDNO,7.48
2044,8,15.0,INDNE,INDNO,33.01
2045,8,15.0,INDEA,INDNE,-35.54
2045,8,15.0,INDEA,INDNO,5.12
2045,8,15.0,INDNE,INDNO,35.01
2046,8,15.0,INDEA,INDNE,-37.54
2046,8,15.0,INDEA,INDNO,0.76
2046,8,15.0,INDNE,INDNO,37.01
2046,8,15.0,INDNO,INDWE,-3.98
2047,8,15.0,INDEA,INDNE,-39.54
2047,8,15.0,INDNE,INDNO,39.01
2047,8,15.0,INDNO,INDWE,-9.78
2048,8,15.0,INDEA,INDNE,-41.54
2048,8,15.0,INDEA,INDSO,-0.79
2048,8,15.0,INDNE,INDNO,41.01
2048,8,15.0,INDNO,INDWE,-10.56
2049,8,15.0,INDEA,INDNE,-43.54
2049,8,15.0,INDEA,INDSO,-0.9
2049,8,15.0,INDNE,INDNO,43.01
2049,8,15.0,INDNO,INDWE,-11.01
2050,8,15.0,INDEA,INDNE,-45.54
2050,8,15.0,INDEA,INDSO,-0.98
2050,8,15.0,INDNE,INDNO,45.01
2050,8,15.0,INDNO,INDWE,-11.46
2021,8,16.0,INDEA,INDNE,2.86
2022,8,16.0,INDEA,INDNE,2.86
2022,8,16.0,INDNE,INDNO,-0.49
2023,8,16.0,INDEA,INDNE,2.97
2024,8,16.0,INDEA,INDNE,-3.53
2024,8,16.0,INDNE,INDNO,3.0
2025,8,16.0,INDEA,INDNE,-3.53
2025,8,16.0,INDNE,INDNO,3.0
2026,8,16.0,INDEA,INDNE,-3.53
2026,8,16.0,INDNE,INDNO,3.0
2027,8,16.0,INDEA,INDNE,-3.53
2027,8,16.0,INDNE,INDNO,3.0
2027,8,16.0,INDSO,INDWE,-0.49
2028,8,16.0,INDEA,INDNE,-3.53
2028,8,16.0,INDEA,INDNO,0.39
2028,8,16.0,INDNE,INDNO,3.0
2028,8,16.0,INDSO,INDWE,-3.51
2029,8,16.0,INDEA,INDNE,-3.53
2029,8,16.0,INDEA,INDNO,3.61
2029,8,16.0,INDNE,INDNO,3.0
2029,8,16.0,INDSO,INDWE,-6.32
2030,8,16.0,INDEA,INDNE,-5.53
2030,8,16.0,INDEA,INDNO,4.61
2030,8,16.0,INDNE,INDNO,5.0
2030,8,16.0,INDSO,INDWE,-9.82
2031,8,16.0,INDEA,INDNE,-7.53
2031,8,16.0,INDEA,INDNO,4.28
2031,8,16.0,INDNE,INDNO,7.0
2032,8,16.0,INDEA,INDNE,-9.53
2032,8,16.0,INDEA,INDNO,4.57
2032,8,16.0,INDNE,INDNO,9.0
2033,8,16.0,INDEA,INDNE,-11.53
2033,8,16.0,INDEA,INDNO,4.84
2033,8,16.0,INDNE,INDNO,11.0
2034,8,16.0,INDEA,INDNE,-13.53
2034,8,16.0,INDEA,INDNO,5.01
2034,8,16.0,INDNE,INDNO,13.0
2035,8,16.0,INDEA,INDNE,-15.53
2035,8,16.0,INDEA,INDNO,5.48
2035,8,16.0,INDNE,INDNO,15.0
2036,8,16.0,INDEA,INDNE,-17.53
2036,8,16.0,INDEA,INDNO,5.83
2036,8,16.0,INDNE,INDNO,17.0
2037,8,16.0,INDEA,INDNE,-19.53
2037,8,16.0,INDEA,INDNO,6.18
2037,8,16.0,INDNE,INDNO,19.0
2038,8,16.0,INDEA,INDNE,-21.53
2038,8,16.0,INDEA,INDNO,6.53
2038,8,16.0,INDNE,INDNO,21.0
2039,8,16.0,INDEA,INDNE,-23.53
2039,8,16.0,INDEA,INDNO,6.89
2039,8,16.0,INDNE,INDNO,23.0
2040,8,16.0,INDEA,INDNE,-25.53
2040,8,16.0,INDEA,INDNO,7.24
2040,8,16.0,INDNE,INDNO,25.0
2041,8,16.0,INDEA,INDNE,-27.53
2041,8,16.0,INDEA,INDNO,7.65
2041,8,16.0,INDNE,INDNO,27.0
2042,8,16.0,INDEA,INDNE,-29.54
2042,8,16.0,INDEA,INDNO,8.05
2042,8,16.0,INDNE,INDNO,29.01
2043,8,16.0,INDEA,INDNE,-31.54
2043,8,16.0,INDEA,INDNO,8.45
2043,8,16.0,INDNE,INDNO,31.01
2044,8,16.0,INDEA,INDNE,-33.54
2044,8,16.0,INDEA,INDNO,7.48
2044,8,16.0,INDNE,INDNO,33.01
2045,8,16.0,INDEA,INDNE,-35.54
2045,8,16.0,INDEA,INDNO,5.12
2045,8,16.0,INDNE,INDNO,35.01
2046,8,16.0,INDEA,INDNE,-37.54
2046,8,16.0,INDEA,INDNO,0.76
2046,8,16.0,INDNE,INDNO,37.01
2046,8,16.0,INDNO,INDWE,-3.98
2047,8,16.0,INDEA,INDNE,-39.54
2047,8,16.0,INDNE,INDNO,39.01
2047,8,16.0,INDNO,INDWE,-9.78
2048,8,16.0,INDEA,INDNE,-41.54
2048,8,16.0,INDEA,INDSO,-0.79
2048,8,16.0,INDNE,INDNO,41.01
2048,8,16.0,INDNO,INDWE,-10.56
2049,8,16.0,INDEA,INDNE,-43.54
2049,8,16.0,INDEA,INDSO,-0.9
2049,8,16.0,INDNE,INDNO,43.01
2049,8,16.0,INDNO,INDWE,-11.01
2050,8,16.0,INDEA,INDNE,-45.54
2050,8,16.0,INDEA,INDSO,-0.98
2050,8,16.0,INDNE,INDNO,45.01
2050,8,16.0,INDNO,INDWE,-11.46
2021,8,17.0,INDEA,INDNE,2.86
2022,8,17.0,INDEA,INDNE,2.86
2022,8,17.0,INDNE,INDNO,-0.49
2023,8,17.0,INDEA,INDNE,2.97
2024,8,17.0,INDEA,INDNE,-3.53
2024,8,17.0,INDNE,INDNO,3.0
2025,8,17.0,INDEA,INDNE,-3.53
2025,8,17.0,INDNE,INDNO,3.0
2026,8,17.0,INDEA,INDNE,-3.53
2026,8,17.0,INDNE,INDNO,3.0
2027,8,17.0,INDEA,INDNE,-3.53
2027,8,17.0,INDNE,INDNO,3.0
2027,8,17.0,INDSO,INDWE,-0.49
2028,8,17.0,INDEA,INDNE,-3.53
2028,8,17.0,INDEA,INDNO,0.39
2028,8,17.0,INDNE,INDNO,3.0
2028,8,17.0,INDSO,INDWE,-3.51
2029,8,17.0,INDEA,INDNE,-3.53
2029,8,17.0,INDEA,INDNO,3.61
2029,8,17.0,INDNE,INDNO,3.0
2029,8,17.0,INDSO,INDWE,-6.32
2030,8,17.0,INDEA,INDNE,-5.53
2030,8,17.0,INDEA,INDNO,4.61
2030,8,17.0,INDNE,INDNO,5.0
2030,8,17.0,INDSO,INDWE,-9.82
2031,8,17.0,INDEA,INDNE,-7.53
2031,8,17.0,INDEA,INDNO,4.28
2031,8,17.0,INDNE,INDNO,7.0
2032,8,17.0,INDEA,INDNE,-9.53
2032,8,17.0,INDEA,INDNO,4.57
2032,8,17.0,INDNE,INDNO,9.0
2033,8,17.0,INDEA,INDNE,-11.53
2033,8,17.0,INDEA,INDNO,4.84
2033,8,17.0,INDNE,INDNO,11.0
2034,8,17.0,INDEA,INDNE,-13.53
2034,8,17.0,INDEA,INDNO,5.01
2034,8,17.0,INDNE,INDNO,13.0
2035,8,17.0,INDEA,INDNE,-15.53
2035,8,17.0,INDEA,INDNO,5.48
2035,8,17.0,INDNE,INDNO,15.0
2036,8,17.0,INDEA,INDNE,-17.53
2036,8,17.0,INDEA,INDNO,5.83
2036,8,17.0,INDNE,INDNO,17.0
2037,8,17.0,INDEA,INDNE,-19.53
2037,8,17.0,INDEA,INDNO,6.18
2037,8,17.0,INDNE,INDNO,19.0
2038,8,17.0,INDEA,INDNE,-21.53
2038,8,17.0,INDEA,INDNO,6.53
2038,8,17.0,INDNE,INDNO,21.0
2039,8,17.0,INDEA,INDNE,-23.53
2039,8,17.0,INDEA,INDNO,6.89
2039,8,17.0,INDNE,INDNO,23.0
2040,8,17.0,INDEA,INDNE,-25.53
2040,8,17.0,INDEA,INDNO,7.24
2040,8,17.0,INDNE,INDNO,25.0
2041,8,17.0,INDEA,INDNE,-27.53
2041,8,17.0,INDEA,INDNO,7.65
2041,8,17.0,INDNE,INDNO,27.0
2042,8,17.0,INDEA,INDNE,-29.54
2042,8,17.0,INDEA,INDNO,8.05
2042,8,17.0,INDNE,INDNO,29.01
2043,8,17.0,INDEA,INDNE,-31.54
2043,8,17.0,INDEA,INDNO,8.45
2043,8,17.0,INDNE,INDNO,31.01
2044,8,17.0,INDEA,INDNE,-33.54
2044,8,17.0,INDEA,INDNO,7.48
2044,8,17.0,INDNE,INDNO,33.01
2045,8,17.0,INDEA,INDNE,-35.54
2045,8,17.0,INDEA,INDNO,5.12
2045,8,17.0,INDNE,INDNO,35.01
2046,8,17.0,INDEA,INDNE,-37.54
2046,8,17.0,INDEA,INDNO,0.76
2046,8,17.0,INDNE,INDNO,37.01
2046,8,17.0,INDNO,INDWE,-3.98
2047,8,17.0,INDEA,INDNE,-39.54
2047,8,17.0,INDNE,INDNO,39.01
2047,8,17.0,INDNO,INDWE,-9.78
2048,8,17.0,INDEA,INDNE,-41.54
2048,8,17.0,INDEA,INDSO,-0.79
2048,8,17.0,INDNE,INDNO,41.01
2048,8,17.0,INDNO,INDWE,-10.56
2049,8,17.0,INDEA,INDNE,-43.54
2049,8,17.0,INDEA,INDSO,-0.9
2049,8,17.0,INDNE,INDNO,43.01
2049,8,17.0,INDNO,INDWE,-11.01
2050,8,17.0,INDEA,INDNE,-45.54
2050,8,17.0,INDEA,INDSO,-0.98
2050,8,17.0,INDNE,INDNO,45.01
2050,8,17.0,INDNO,INDWE,-11.46
2021,8,18.0,INDEA,INDNE,2.86
2022,8,18.0,INDEA,INDNE,2.86
2022,8,18.0,INDNE,INDNO,-0.49
2023,8,18.0,INDEA,INDNE,2.97
2024,8,18.0,INDEA,INDNE,-3.53
2024,8,18.0,INDNE,INDNO,3.0
2025,8,18.0,INDEA,INDNE,-3.53
2025,8,18.0,INDNE,INDNO,3.0
2026,8,18.0,INDEA,INDNE,-3.53
2026,8,18.0,INDNE,INDNO,3.0
2027,8,18.0,INDEA,INDNE,-3.53
2027,8,18.0,INDNE,INDNO,3.0
2027,8,18.0,INDSO,INDWE,-0.49
2028,8,18.0,INDEA,INDNE,-3.53
2028,8,18.0,INDEA,INDNO,0.39
2028,8,18.0,INDNE,INDNO,3.0
2028,8,18.0,INDSO,INDWE,-3.51
2029,8,18.0,INDEA,INDNE,-3.53
2029,8,18.0,INDEA,INDNO,3.61
2029,8,18.0,INDNE,INDNO,3.0
2029,8,18.0,INDSO,INDWE,-6.32
2030,8,18.0,INDEA,INDNE,-5.53
2030,8,18.0,INDEA,INDNO,4.61
2030,8,18.0,INDNE,INDNO,5.0
2030,8,18.0,INDSO,INDWE,-9.82
2031,8,18.0,INDEA,INDNE,-7.53
2031,8,18.0,INDEA,INDNO,4.28
2031,8,18.0,INDNE,INDNO,7.0
2032,8,18.0,INDEA,INDNE,-9.53
2032,8,18.0,INDEA,INDNO,4.57
2032,8,18.0,INDNE,INDNO,9.0
2033,8,18.0,INDEA,INDNE,-11.53
2033,8,18.0,INDEA,INDNO,4.84
2033,8,18.0,INDNE,INDNO,11.0
2034,8,18.0,INDEA,INDNE,-13.53
2034,8,18.0,INDEA,INDNO,5.01
2034,8,18.0,INDNE,INDNO,13.0
2035,8,18.0,INDEA,INDNE,-15.53
2035,8,18.0,INDEA,INDNO,5.48
2035,8,18.0,INDNE,INDNO,15.0
2036,8,18.0,INDEA,INDNE,-17.53
2036,8,18.0,INDEA,INDNO,5.83
2036,8,18.0,INDNE,INDNO,17.0
2037,8,18.0,INDEA,INDNE,-19.53
2037,8,18.0,INDEA,INDNO,6.18
2037,8,18.0,INDNE,INDNO,19.0
2038,8,18.0,INDEA,INDNE,-21.53
2038,8,18.0,INDEA,INDNO,6.53
2038,8,18.0,INDNE,INDNO,21.0
2039,8,18.0,INDEA,INDNE,-23.53
2039,8,18.0,INDEA,INDNO,6.89
2039,8,18.0,INDNE,INDNO,23.0
2040,8,18.0,INDEA,INDNE,-25.53
2040,8,18.0,INDEA,INDNO,7.24
2040,8,18.0,INDNE,INDNO,25.0
2041,8,18.0,INDEA,INDNE,-27.53
2041,8,18.0,INDEA,INDNO,7.65
2041,8,18.0,INDNE,INDNO,27.0
2042,8,18.0,INDEA,INDNE,-29.54
2042,8,18.0,INDEA,INDNO,8.05
2042,8,18.0,INDNE,INDNO,29.01
2043,8,18.0,INDEA,INDNE,-31.54
2043,8,18.0,INDEA,INDNO,8.45
2043,8,18.0,INDNE,INDNO,31.01
2044,8,18.0,INDEA,INDNE,-33.54
2044,8,18.0,INDEA,INDNO,7.48
2044,8,18.0,INDNE,INDNO,33.01
2045,8,18.0,INDEA,INDNE,-35.54
2045,8,18.0,INDEA,INDNO,5.12
2045,8,18.0,INDNE,INDNO,35.01
2046,8,18.0,INDEA,INDNE,-37.54
2046,8,18.0,INDEA,INDNO,0.76
2046,8,18.0,INDNE,INDNO,37.01
2046,8,18.0,INDNO,INDWE,-3.98
2047,8,18.0,INDEA,INDNE,-39.54
2047,8,18.0,INDNE,INDNO,39.01
2047,8,18.0,INDNO,INDWE,-9.78
2048,8,18.0,INDEA,INDNE,-41.54
2048,8,18.0,INDEA,INDSO,-0.79
2048,8,18.0,INDNE,INDNO,41.01
2048,8,18.0,INDNO,INDWE,-10.56
2049,8,18.0,INDEA,INDNE,-43.54
2049,8,18.0,INDEA,INDSO,-0.9
2049,8,18.0,INDNE,INDNO,43.01
2049,8,18.0,INDNO,INDWE,-11.01
2050,8,18.0,INDEA,INDNE,-45.54
2050,8,18.0,INDEA,INDSO,-0.98
2050,8,18.0,INDNE,INDNO,45.01
2050,8,18.0,INDNO,INDWE,-11.46
2021,8,19.0,INDEA,INDNE,2.86
2022,8,19.0,INDEA,INDNE,2.86
2022,8,19.0,INDNE,INDNO,-0.49
2023,8,19.0,INDEA,INDNE,2.97
2024,8,19.0,INDEA,INDNE,-3.53
2024,8,19.0,INDNE,INDNO,3.0
2025,8,19.0,INDEA,INDNE,-3.53
2025,8,19.0,INDNE,INDNO,3.0
2026,8,19.0,INDEA,INDNE,-3.53
2026,8,19.0,INDNE,INDNO,3.0
2027,8,19.0,INDEA,INDNE,-3.53
2027,8,19.0,INDNE,INDNO,3.0
2027,8,19.0,INDSO,INDWE,-0.49
2028,8,19.0,INDEA,INDNE,-3.53
2028,8,19.0,INDEA,INDNO,0.39
2028,8,19.0,INDNE,INDNO,3.0
2028,8,19.0,INDSO,INDWE,-3.51
2029,8,19.0,INDEA,INDNE,-3.53
2029,8,19.0,INDEA,INDNO,3.61
2029,8,19.0,INDNE,INDNO,3.0
2029,8,19.0,INDSO,INDWE,-6.32
2030,8,19.0,INDEA,INDNE,-5.53
2030,8,19.0,INDEA,INDNO,4.61
2030,8,19.0,INDNE,INDNO,5.0
2030,8,19.0,INDSO,INDWE,-9.82
2031,8,19.0,INDEA,INDNE,-7.53
2031,8,19.0,INDEA,INDNO,4.28
2031,8,19.0,INDNE,INDNO,7.0
2032,8,19.0,INDEA,INDNE,-9.53
2032,8,19.0,INDEA,INDNO,4.57
2032,8,19.0,INDNE,INDNO,9.0
2033,8,19.0,INDEA,INDNE,-11.53
2033,8,19.0,INDEA,INDNO,4.84
2033,8,19.0,INDNE,INDNO,11.0
2034,8,19.0,INDEA,INDNE,-13.53
2034,8,19.0,INDEA,INDNO,5.01
2034,8,19.0,INDNE,INDNO,13.0
2035,8,19.0,INDEA,INDNE,-15.53
2035,8,19.0,INDEA,INDNO,5.48
2035,8,19.0,INDNE,INDNO,15.0
2036,8,19.0,INDEA,INDNE,-17.53
2036,8,19.0,INDEA,INDNO,5.83
2036,8,19.0,INDNE,INDNO,17.0
2037,8,19.0,INDEA,INDNE,-19.53
2037,8,19.0,INDEA,INDNO,6.18
2037,8,19.0,INDNE,INDNO,19.0
2038,8,19.0,INDEA,INDNE,-21.53
2038,8,19.0,INDEA,INDNO,6.53
2038,8,19.0,INDNE,INDNO,21.0
2039,8,19.0,INDEA,INDNE,-23.53
2039,8,19.0,INDEA,INDNO,6.89
2039,8,19.0,INDNE,INDNO,23.0
2040,8,19.0,INDEA,INDNE,-25.53
2040,8,19.0,INDEA,INDNO,7.24
2040,8,19.0,INDNE,INDNO,25.0
2041,8,19.0,INDEA,INDNE,-27.53
2041,8,19.0,INDEA,INDNO,7.65
2041,8,19.0,INDNE,INDNO,27.0
2042,8,19.0,INDEA,INDNE,-29.54
2042,8,19.0,INDEA,INDNO,8.05
2042,8,19.0,INDNE,INDNO,29.01
2043,8,19.0,INDEA,INDNE,-31.54
2043,8,19.0,INDEA,INDNO,8.45
2043,8,19.0,INDNE,INDNO,31.01
2044,8,19.0,INDEA,INDNE,-33.54
2044,8,19.0,INDEA,INDNO,7.48
2044,8,19.0,INDNE,INDNO,33.01
2045,8,19.0,INDEA,INDNE,-35.54
2045,8,19.0,INDEA,INDNO,5.12
2045,8,19.0,INDNE,INDNO,35.01
2046,8,19.0,INDEA,INDNE,-37.54
2046,8,19.0,INDEA,INDNO,0.76
2046,8,19.0,INDNE,INDNO,37.01
2046,8,19.0,INDNO,INDWE,-3.98
2047,8,19.0,INDEA,INDNE,-39.54
2047,8,19.0,INDNE,INDNO,39.01
2047,8,19.0,INDNO,INDWE,-9.78
2048,8,19.0,INDEA,INDNE,-41.54
2048,8,19.0,INDEA,INDSO,-0.79
2048,8,19.0,INDNE,INDNO,41.01
2048,8,19.0,INDNO,INDWE,-10.56
2049,8,19.0,INDEA,INDNE,-43.54
2049,8,19.0,INDEA,INDSO,-0.9
2049,8,19.0,INDNE,INDNO,43.01
2049,8,19.0,INDNO,INDWE,-11.01
2050,8,19.0,INDEA,INDNE,-45.54
2050,8,19.0,INDEA,INDSO,-0.98
2050,8,19.0,INDNE,INDNO,45.01
2050,8,19.0,INDNO,INDWE,-11.46
2021,8,20.0,INDEA,INDNE,2.86
2022,8,20.0,INDEA,INDNE,2.86
2022,8,20.0,INDNE,INDNO,-0.49
2023,8,20.0,INDEA,INDNE,2.97
2024,8,20.0,INDEA,INDNE,-3.53
2024,8,20.0,INDNE,INDNO,3.0
2025,8,20.0,INDEA,INDNE,-3.53
2025,8,20.0,INDNE,INDNO,3.0
2026,8,20.0,INDEA,INDNE,-3.53
2026,8,20.0,INDNE,INDNO,3.0
2027,8,20.0,INDEA,INDNE,-3.53
2027,8,20.0,INDNE,INDNO,3.0
2027,8,20.0,INDSO,INDWE,-0.49
2028,8,20.0,INDEA,INDNE,-3.53
2028,8,20.0,INDEA,INDNO,0.39
2028,8,20.0,INDNE,INDNO,3.0
2028,8,20.0,INDSO,INDWE,-3.51
2029,8,20.0,INDEA,INDNE,-3.53
2029,8,20.0,INDEA,INDNO,3.61
2029,8,20.0,INDNE,INDNO,3.0
2029,8,20.0,INDSO,INDWE,-6.32
2030,8,20.0,INDEA,INDNE,-5.53
2030,8,20.0,INDEA,INDNO,4.61
2030,8,20.0,INDNE,INDNO,5.0
2030,8,20.0,INDSO,INDWE,-9.82
2031,8,20.0,INDEA,INDNE,-7.53
2031,8,20.0,INDEA,INDNO,4.28
2031,8,20.0,INDNE,INDNO,7.0
2032,8,20.0,INDEA,INDNE,-9.53
2032,8,20.0,INDEA,INDNO,4.57
2032,8,20.0,INDNE,INDNO,9.0
2033,8,20.0,INDEA,INDNE,-11.53
2033,8,20.0,INDEA,INDNO,4.84
2033,8,20.0,INDNE,INDNO,11.0
2034,8,20.0,INDEA,INDNE,-13.53
2034,8,20.0,INDEA,INDNO,5.01
2034,8,20.0,INDNE,INDNO,13.0
2035,8,20.0,INDEA,INDNE,-15.53
2035,8,20.0,INDEA,INDNO,5.48
2035,8,20.0,INDNE,INDNO,15.0
2036,8,20.0,INDEA,INDNE,-17.53
2036,8,20.0,INDEA,INDNO,5.83
2036,8,20.0,INDNE,INDNO,17.0
2037,8,20.0,INDEA,INDNE,-19.53
2037,8,20.0,INDEA,INDNO,6.18
2037,8,20.0,INDNE,INDNO,19.0
2038,8,20.0,INDEA,INDNE,-21.53
2038,8,20.0,INDEA,INDNO,6.53
2038,8,20.0,INDNE,INDNO,21.0
2039,8,20.0,INDEA,INDNE,-23.53
2039,8,20.0,INDEA,INDNO,6.89
2039,8,20.0,INDNE,INDNO,23.0
2040,8,20.0,INDEA,INDNE,-25.53
2040,8,20.0,INDEA,INDNO,7.24
2040,8,20.0,INDNE,INDNO,25.0
2041,8,20.0,INDEA,INDNE,-27.53
2041,8,20.0,INDEA,INDNO,7.65
2041,8,20.0,INDNE,INDNO,27.0
2042,8,20.0,INDEA,INDNE,-29.54
2042,8,20.0,INDEA,INDNO,8.05
2042,8,20.0,INDNE,INDNO,29.01
2043,8,20.0,INDEA,INDNE,-31.54
2043,8,20.0,INDEA,INDNO,8.45
2043,8,20.0,INDNE,INDNO,31.01
2044,8,20.0,INDEA,INDNE,-33.54
2044,8,20.0,INDEA,INDNO,7.48
2044,8,20.0,INDNE,INDNO,33.01
2045,8,20.0,INDEA,INDNE,-35.54
2045,8,20.0,INDEA,INDNO,5.12
2045,8,20.0,INDNE,INDNO,35.01
2046,8,20.0,INDEA,INDNE,-37.54
2046,8,20.0,INDEA,INDNO,0.76
2046,8,20.0,INDNE,INDNO,37.01
2046,8,20.0,INDNO,INDWE,-3.98
2047,8,20.0,INDEA,INDNE,-39.54
2047,8,20.0,INDNE,INDNO,39.01
2047,8,20.0,INDNO,INDWE,-9.78
2048,8,20.0,INDEA,INDNE,-41.54
2048,8,20.0,INDEA,INDSO,-0.79
2048,8,20.0,INDNE,INDNO,41.01
2048,8,20.0,INDNO,INDWE,-10.56
2049,8,20.0,INDEA,INDNE,-43.54
2049,8,20.0,INDEA,INDSO,-0.9
2049,8,20.0,INDNE,INDNO,43.01
2049,8,20.0,INDNO,INDWE,-11.01
2050,8,20.0,INDEA,INDNE,-45.54
2050,8,20.0,INDEA,INDSO,-0.98
2050,8,20.0,INDNE,INDNO,45.01
2050,8,20.0,INDNO,INDWE,-11.46
2021,8,21.0,INDEA,INDNE,2.86
2022,8,21.0,INDEA,INDNE,2.86
2022,8,21.0,INDNE,INDNO,-0.49
2023,8,21.0,INDEA,INDNE,2.97
2024,8,21.0,INDEA,INDNE,-3.53
2024,8,21.0,INDNE,INDNO,3.0
2025,8,21.0,INDEA,INDNE,-3.53
2025,8,21.0,INDNE,INDNO,3.0
2026,8,21.0,INDEA,INDNE,-3.53
2026,8,21.0,INDNE,INDNO,3.0
2027,8,21.0,INDEA,INDNE,-3.53
2027,8,21.0,INDNE,INDNO,3.0
2027,8,21.0,INDSO,INDWE,-0.49
2028,8,21.0,INDEA,INDNE,-3.53
2028,8,21.0,INDEA,INDNO,0.39
2028,8,21.0,INDNE,INDNO,3.0
2028,8,21.0,INDSO,INDWE,-3.51
2029,8,21.0,INDEA,INDNE,-3.53
2029,8,21.0,INDEA,INDNO,3.61
2029,8,21.0,INDNE,INDNO,3.0
2029,8,21.0,INDSO,INDWE,-6.32
2030,8,21.0,INDEA,INDNE,-5.53
2030,8,21.0,INDEA,INDNO,4.61
2030,8,21.0,INDNE,INDNO,5.0
2030,8,21.0,INDSO,INDWE,-9.82
2031,8,21.0,INDEA,INDNE,-7.53
2031,8,21.0,INDEA,INDNO,4.28
2031,8,21.0,INDNE,INDNO,7.0
2032,8,21.0,INDEA,INDNE,-9.53
2032,8,21.0,INDEA,INDNO,4.57
2032,8,21.0,INDNE,INDNO,9.0
2033,8,21.0,INDEA,INDNE,-11.53
2033,8,21.0,INDEA,INDNO,4.84
2033,8,21.0,INDNE,INDNO,11.0
2034,8,21.0,INDEA,INDNE,-13.53
2034,8,21.0,INDEA,INDNO,5.01
2034,8,21.0,INDNE,INDNO,13.0
2035,8,21.0,INDEA,INDNE,-15.53
2035,8,21.0,INDEA,INDNO,5.48
2035,8,21.0,INDNE,INDNO,15.0
2036,8,21.0,INDEA,INDNE,-17.53
2036,8,21.0,INDEA,INDNO,5.83
2036,8,21.0,INDNE,INDNO,17.0
2037,8,21.0,INDEA,INDNE,-19.53
2037,8,21.0,INDEA,INDNO,6.18
2037,8,21.0,INDNE,INDNO,19.0
2038,8,21.0,INDEA,INDNE,-21.53
2038,8,21.0,INDEA,INDNO,6.53
2038,8,21.0,INDNE,INDNO,21.0
2039,8,21.0,INDEA,INDNE,-23.53
2039,8,21.0,INDEA,INDNO,6.89
2039,8,21.0,INDNE,INDNO,23.0
2040,8,21.0,INDEA,INDNE,-25.53
2040,8,21.0,INDEA,INDNO,7.24
2040,8,21.0,INDNE,INDNO,25.0
2041,8,21.0,INDEA,INDNE,-27.53
2041,8,21.0,INDEA,INDNO,7.65
2041,8,21.0,INDNE,INDNO,27.0
2042,8,21.0,INDEA,INDNE,-29.54
2042,8,21.0,INDEA,INDNO,8.05
2042,8,21.0,INDNE,INDNO,29.01
2043,8,21.0,INDEA,INDNE,-31.54
2043,8,21.0,INDEA,INDNO,8.45
2043,8,21.0,INDNE,INDNO,31.01
2044,8,21.0,INDEA,INDNE,-33.54
2044,8,21.0,INDEA,INDNO,7.48
2044,8,21.0,INDNE,INDNO,33.01
2045,8,21.0,INDEA,INDNE,-35.54
2045,8,21.0,INDEA,INDNO,5.12
2045,8,21.0,INDNE,INDNO,35.01
2046,8,21.0,INDEA,INDNE,-37.54
2046,8,21.0,INDEA,INDNO,0.76
2046,8,21.0,INDNE,INDNO,37.01
2046,8,21.0,INDNO,INDWE,-3.98
2047,8,21.0,INDEA,INDNE,-39.54
2047,8,21.0,INDNE,INDNO,39.01
2047,8,21.0,INDNO,INDWE,-9.78
2048,8,21.0,INDEA,INDNE,-41.54
2048,8,21.0,INDEA,INDSO,-0.79
2048,8,21.0,INDNE,INDNO,41.01
2048,8,21.0,INDNO,INDWE,-10.56
2049,8,21.0,INDEA,INDNE,-43.54
2049,8,21.0,INDEA,INDSO,-0.9
2049,8,21.0,INDNE,INDNO,43.01
2049,8,21.0,INDNO,INDWE,-11.01
2050,8,21.0,INDEA,INDNE,-45.54
2050,8,21.0,INDEA,INDSO,-0.98
2050,8,21.0,INDNE,INDNO,45.01
2050,8,21.0,INDNO,INDWE,-11.46
2021,8,22.0,INDEA,INDNE,2.86
2022,8,22.0,INDEA,INDNE,2.86
2022,8,22.0,INDNE,INDNO,-0.49
2023,8,22.0,INDEA,INDNE,2.97
2024,8,22.0,INDEA,INDNE,-3.53
2024,8,22.0,INDNE,INDNO,3.0
2025,8,22.0,INDEA,INDNE,-3.53
2025,8,22.0,INDNE,INDNO,3.0
2026,8,22.0,INDEA,INDNE,-3.53
2026,8,22.0,INDNE,INDNO,3.0
2027,8,22.0,INDEA,INDNE,-3.53
2027,8,22.0,INDNE,INDNO,3.0
2027,8,22.0,INDSO,INDWE,-0.49
2028,8,22.0,INDEA,INDNE,-3.53
2028,8,22.0,INDEA,INDNO,0.39
2028,8,22.0,INDNE,INDNO,3.0
2028,8,22.0,INDSO,INDWE,-3.51
2029,8,22.0,INDEA,INDNE,-3.53
2029,8,22.0,INDEA,INDNO,3.61
2029,8,22.0,INDNE,INDNO,3.0
2029,8,22.0,INDSO,INDWE,-6.32
2030,8,22.0,INDEA,INDNE,-5.53
2030,8,22.0,INDEA,INDNO,4.61
2030,8,22.0,INDNE,INDNO,5.0
2030,8,22.0,INDSO,INDWE,-9.82
2031,8,22.0,INDEA,INDNE,-7.53
2031,8,22.0,INDEA,INDNO,4.28
2031,8,22.0,INDNE,INDNO,7.0
2032,8,22.0,INDEA,INDNE,-9.53
2032,8,22.0,INDEA,INDNO,4.57
2032,8,22.0,INDNE,INDNO,9.0
2033,8,22.0,INDEA,INDNE,-11.53
2033,8,22.0,INDEA,INDNO,4.84
2033,8,22.0,INDNE,INDNO,11.0
2034,8,22.0,INDEA,INDNE,-13.53
2034,8,22.0,INDEA,INDNO,5.01
2034,8,22.0,INDNE,INDNO,13.0
2035,8,22.0,INDEA,INDNE,-15.53
2035,8,22.0,INDEA,INDNO,5.48
2035,8,22.0,INDNE,INDNO,15.0
2036,8,22.0,INDEA,INDNE,-17.53
2036,8,22.0,INDEA,INDNO,5.83
2036,8,22.0,INDNE,INDNO,17.0
2037,8,22.0,INDEA,INDNE,-19.53
2037,8,22.0,INDEA,INDNO,6.18
2037,8,22.0,INDNE,INDNO,19.0
2038,8,22.0,INDEA,INDNE,-21.53
2038,8,22.0,INDEA,INDNO,6.53
2038,8,22.0,INDNE,INDNO,21.0
2039,8,22.0,INDEA,INDNE,-23.53
2039,8,22.0,INDEA,INDNO,6.89
2039,8,22.0,INDNE,INDNO,23.0
2040,8,22.0,INDEA,INDNE,-25.53
2040,8,22.0,INDEA,INDNO,7.24
2040,8,22.0,INDNE,INDNO,25.0
2041,8,22.0,INDEA,INDNE,-27.53
2041,8,22.0,INDEA,INDNO,7.65
2041,8,22.0,INDNE,INDNO,27.0
2042,8,22.0,INDEA,INDNE,-29.54
2042,8,22.0,INDEA,INDNO,8.05
2042,8,22.0,INDNE,INDNO,29.01
2043,8,22.0,INDEA,INDNE,-31.54
2043,8,22.0,INDEA,INDNO,8.45
2043,8,22.0,INDNE,INDNO,31.01
2044,8,22.0,INDEA,INDNE,-33.54
2044,8,22.0,INDEA,INDNO,7.48
2044,8,22.0,INDNE,INDNO,33.01
2045,8,22.0,INDEA,INDNE,-35.54
2045,8,22.0,INDEA,INDNO,5.12
2045,8,22.0,INDNE,INDNO,35.01
2046,8,22.0,INDEA,INDNE,-37.54
2046,8,22.0,INDEA,INDNO,0.76
2046,8,22.0,INDNE,INDNO,37.01
2046,8,22.0,INDNO,INDWE,-3.98
2047,8,22.0,INDEA,INDNE,-39.54
2047,8,22.0,INDNE,INDNO,39.01
2047,8,22.0,INDNO,INDWE,-9.78
2048,8,22.0,INDEA,INDNE,-41.54
2048,8,22.0,INDEA,INDSO,-0.79
2048,8,22.0,INDNE,INDNO,41.01
2048,8,22.0,INDNO,INDWE,-10.56
2049,8,22.0,INDEA,INDNE,-43.54
2049,8,22.0,INDEA,INDSO,-0.9
2049,8,22.0,INDNE,INDNO,43.01
2049,8,22.0,INDNO,INDWE,-11.01
2050,8,22.0,INDEA,INDNE,-45.54
2050,8,22.0,INDEA,INDSO,-0.98
2050,8,22.0,INDNE,INDNO,45.01
2050,8,22.0,INDNO,INDWE,-11.46
2021,8,23.0,INDEA,INDNE,2.86
2022,8,23.0,INDEA,INDNE,2.86
2022,8,23.0,INDNE,INDNO,-0.49
2023,8,23.0,INDEA,INDNE,2.97
2024,8,23.0,INDEA,INDNE,-3.53
2024,8,23.0,INDNE,INDNO,3.0
2025,8,23.0,INDEA,INDNE,-3.53
2025,8,23.0,INDNE,INDNO,3.0
2026,8,23.0,INDEA,INDNE,-3.53
2026,8,23.0,INDNE,INDNO,3.0
2027,8,23.0,INDEA,INDNE,-3.53
2027,8,23.0,INDNE,INDNO,3.0
2027,8,23.0,INDSO,INDWE,-0.49
2028,8,23.0,INDEA,INDNE,-3.53
2028,8,23.0,INDEA,INDNO,0.39
2028,8,23.0,INDNE,INDNO,3.0
2028,8,23.0,INDSO,INDWE,-3.51
2029,8,23.0,INDEA,INDNE,-3.53
2029,8,23.0,INDEA,INDNO,3.61
2029,8,23.0,INDNE,INDNO,3.0
2029,8,23.0,INDSO,INDWE,-6.32
2030,8,23.0,INDEA,INDNE,-5.53
2030,8,23.0,INDEA,INDNO,4.61
2030,8,23.0,INDNE,INDNO,5.0
2030,8,23.0,INDSO,INDWE,-9.82
2031,8,23.0,INDEA,INDNE,-7.53
2031,8,23.0,INDEA,INDNO,4.28
2031,8,23.0,INDNE,INDNO,7.0
2032,8,23.0,INDEA,INDNE,-9.53
2032,8,23.0,INDEA,INDNO,4.57
2032,8,23.0,INDNE,INDNO,9.0
2033,8,23.0,INDEA,INDNE,-11.53
2033,8,23.0,INDEA,INDNO,4.84
2033,8,23.0,INDNE,INDNO,11.0
2034,8,23.0,INDEA,INDNE,-13.53
2034,8,23.0,INDEA,INDNO,5.01
2034,8,23.0,INDNE,INDNO,13.0
2035,8,23.0,INDEA,INDNE,-15.53
2035,8,23.0,INDEA,INDNO,5.48
2035,8,23.0,INDNE,INDNO,15.0
2036,8,23.0,INDEA,INDNE,-17.53
2036,8,23.0,INDEA,INDNO,5.83
2036,8,23.0,INDNE,INDNO,17.0
2037,8,23.0,INDEA,INDNE,-19.53
2037,8,23.0,INDEA,INDNO,6.18
2037,8,23.0,INDNE,INDNO,19.0
2038,8,23.0,INDEA,INDNE,-21.53
2038,8,23.0,INDEA,INDNO,6.53
2038,8,23.0,INDNE,INDNO,21.0
2039,8,23.0,INDEA,INDNE,-23.53
2039,8,23.0,INDEA,INDNO,6.89
2039,8,23.0,INDNE,INDNO,23.0
2040,8,23.0,INDEA,INDNE,-25.53
2040,8,23.0,INDEA,INDNO,7.24
2040,8,23.0,INDNE,INDNO,25.0
2041,8,23.0,INDEA,INDNE,-27.53
2041,8,23.0,INDEA,INDNO,7.65
2041,8,23.0,INDNE,INDNO,27.0
2042,8,23.0,INDEA,INDNE,-29.54
2042,8,23.0,INDEA,INDNO,8.05
2042,8,23.0,INDNE,INDNO,29.01
2043,8,23.0,INDEA,INDNE,-31.54
2043,8,23.0,INDEA,INDNO,8.45
2043,8,23.0,INDNE,INDNO,31.01
2044,8,23.0,INDEA,INDNE,-33.54
2044,8,23.0,INDEA,INDNO,7.48
2044,8,23.0,INDNE,INDNO,33.01
2045,8,23.0,INDEA,INDNE,-35.54
2045,8,23.0,INDEA,INDNO,5.12
2045,8,23.0,INDNE,INDNO,35.01
2046,8,23.0,INDEA,INDNE,-37.54
2046,8,23.0,INDEA,INDNO,0.76
2046,8,23.0,INDNE,INDNO,37.01
2046,8,23.0,INDNO,INDWE,-3.98
2047,8,23.0,INDEA,INDNE,-39.54
2047,8,23.0,INDNE,INDNO,39.01
2047,8,23.0,INDNO,INDWE,-9.78
2048,8,23.0,INDEA,INDNE,-41.54
2048,8,23.0,INDEA,INDSO,-0.79
2048,8,23.0,INDNE,INDNO,41.01
2048,8,23.0,INDNO,INDWE,-10.56
2049,8,23.0,INDEA,INDNE,-43.54
2049,8,23.0,INDEA,INDSO,-0.9
2049,8,23.0,INDNE,INDNO,43.01
2049,8,23.0,INDNO,INDWE,-11.01
2050,8,23.0,INDEA,INDNE,-45.54
2050,8,23.0,INDEA,INDSO,-0.98
2050,8,23.0,INDNE,INDNO,45.01
2050,8,23.0,INDNO,INDWE,-11.46
2021,8,24.0,INDEA,INDNE,2.86
2022,8,24.0,INDEA,INDNE,2.86
2022,8,24.0,INDNE,INDNO,-0.49
2023,8,24.0,INDEA,INDNE,2.97
2024,8,24.0,INDEA,INDNE,-3.53
2024,8,24.0,INDNE,INDNO,3.0
2025,8,24.0,INDEA,INDNE,-3.53
2025,8,24.0,INDNE,INDNO,3.0
2026,8,24.0,INDEA,INDNE,-3.53
2026,8,24.0,INDNE,INDNO,3.0
2027,8,24.0,INDEA,INDNE,-3.53
2027,8,24.0,INDNE,INDNO,3.0
2027,8,24.0,INDSO,INDWE,-0.49
2028,8,24.0,INDEA,INDNE,-3.53
2028,8,24.0,INDEA,INDNO,0.39
2028,8,24.0,INDNE,INDNO,3.0
2028,8,24.0,INDSO,INDWE,-3.51
2029,8,24.0,INDEA,INDNE,-3.53
2029,8,24.0,INDEA,INDNO,3.61
2029,8,24.0,INDNE,INDNO,3.0
2029,8,24.0,INDSO,INDWE,-6.32
2030,8,24.0,INDEA,INDNE,-5.53
2030,8,24.0,INDEA,INDNO,4.61
2030,8,24.0,INDNE,INDNO,5.0
2030,8,24.0,INDSO,INDWE,-9.82
2031,8,24.0,INDEA,INDNE,-7.53
2031,8,24.0,INDEA,INDNO,4.28
2031,8,24.0,INDNE,INDNO,7.0
2032,8,24.0,INDEA,INDNE,-9.53
2032,8,24.0,INDEA,INDNO,4.57
2032,8,24.0,INDNE,INDNO,9.0
2033,8,24.0,INDEA,INDNE,-11.53
2033,8,24.0,INDEA,INDNO,4.84
2033,8,24.0,INDNE,INDNO,11.0
2034,8,24.0,INDEA,INDNE,-13.53
2034,8,24.0,INDEA,INDNO,5.01
2034,8,24.0,INDNE,INDNO,13.0
2035,8,24.0,INDEA,INDNE,-15.53
2035,8,24.0,INDEA,INDNO,5.48
2035,8,24.0,INDNE,INDNO,15.0
2036,8,24.0,INDEA,INDNE,-17.53
2036,8,24.0,INDEA,INDNO,5.83
2036,8,24.0,INDNE,INDNO,17.0
2037,8,24.0,INDEA,INDNE,-19.53
2037,8,24.0,INDEA,INDNO,6.18
2037,8,24.0,INDNE,INDNO,19.0
2038,8,24.0,INDEA,INDNE,-21.53
2038,8,24.0,INDEA,INDNO,6.53
2038,8,24.0,INDNE,INDNO,21.0
2039,8,24.0,INDEA,INDNE,-23.53
2039,8,24.0,INDEA,INDNO,6.89
2039,8,24.0,INDNE,INDNO,23.0
2040,8,24.0,INDEA,INDNE,-25.53
2040,8,24.0,INDEA,INDNO,7.24
2040,8,24.0,INDNE,INDNO,25.0
2041,8,24.0,INDEA,INDNE,-27.53
2041,8,24.0,INDEA,INDNO,7.65
2041,8,24.0,INDNE,INDNO,27.0
2042,8,24.0,INDEA,INDNE,-29.54
2042,8,24.0,INDEA,INDNO,8.05
2042,8,24.0,INDNE,INDNO,29.01
2043,8,24.0,INDEA,INDNE,-31.54
2043,8,24.0,INDEA,INDNO,8.45
2043,8,24.0,INDNE,INDNO,31.01
2044,8,24.0,INDEA,INDNE,-33.54
2044,8,24.0,INDEA,INDNO,7.48
2044,8,24.0,INDNE,INDNO,33.01
2045,8,24.0,INDEA,INDNE,-35.54
2045,8,24.0,INDEA,INDNO,5.12
2045,8,24.0,INDNE,INDNO,35.01
2046,8,24.0,INDEA,INDNE,-37.54
2046,8,24.0,INDEA,INDNO,0.76
2046,8,24.0,INDNE,INDNO,37.01
2046,8,24.0,INDNO,INDWE,-3.98
2047,8,24.0,INDEA,INDNE,-39.54
2047,8,24.0,INDNE,INDNO,39.01
2047,8,24.0,INDNO,INDWE,-9.78
2048,8,24.0,INDEA,INDNE,-41.54
2048,8,24.0,INDEA,INDSO,-0.79
2048,8,24.0,INDNE,INDNO,41.01
2048,8,24.0,INDNO,INDWE,-10.56
2049,8,24.0,INDEA,INDNE,-43.54
2049,8,24.0,INDEA,INDSO,-0.9
2049,8,24.0,INDNE,INDNO,43.01
2049,8,24.0,INDNO,INDWE,-11.01
2050,8,24.0,INDEA,INDNE,-45.54
2050,8,24.0,INDEA,INDSO,-0.98
2050,8,24.0,INDNE,INDNO,45.01
2050,8,24.0,INDNO,INDWE,-11.46
2021,9,1.0,INDEA,INDNE,2.84
2022,9,1.0,INDEA,INDNE,2.86
2022,9,1.0,INDNE,INDNO,-0.29
2023,9,1.0,INDEA,INDNE,2.87
2024,9,1.0,INDEA,INDNE,-3.53
2024,9,1.0,INDNE,INDNO,3.0
2025,9,1.0,INDEA,INDNE,-3.53
2025,9,1.0,INDEA,INDNO,-3.32
2025,9,1.0,INDNE,INDNO,3.0
2025,9,1.0,INDNO,INDWE,9.87
2025,9,1.0,INDSO,INDWE,-14.27
2026,9,1.0,INDEA,INDNE,-3.53
2026,9,1.0,INDEA,INDNO,-4.27
2026,9,1.0,INDNE,INDNO,3.0
2026,9,1.0,INDNO,INDWE,6.93
2026,9,1.0,INDSO,INDWE,-11.39
2027,9,1.0,INDEA,INDNE,-3.53
2027,9,1.0,INDEA,INDNO,-5.25
2027,9,1.0,INDNE,INDNO,3.0
2027,9,1.0,INDNO,INDWE,3.82
2027,9,1.0,INDSO,INDWE,-6.43
2028,9,1.0,INDEA,INDNE,-3.53
2028,9,1.0,INDEA,INDNO,-5.42
2028,9,1.0,INDNE,INDNO,3.0
2028,9,1.0,INDNO,INDWE,2.65
2028,9,1.0,INDSO,INDWE,-2.95
2029,9,1.0,INDEA,INDNE,-3.53
2029,9,1.0,INDEA,INDNO,-6.42
2029,9,1.0,INDNE,INDNO,3.0
2030,9,1.0,INDEA,INDNE,-5.53
2030,9,1.0,INDEA,INDNO,-5.35
2030,9,1.0,INDNE,INDNO,5.0
2030,9,1.0,INDNO,INDWE,0.37
2031,9,1.0,INDEA,INDNE,-7.53
2031,9,1.0,INDEA,INDNO,-1.79
2031,9,1.0,INDNE,INDNO,3.51
2032,9,1.0,INDEA,INDNE,-9.53
2032,9,1.0,INDNE,INDNO,7.24
2033,9,1.0,INDEA,INDNE,-11.53
2033,9,1.0,INDNE,INDNO,9.16
2034,9,1.0,INDEA,INDNE,-13.53
2034,9,1.0,INDNE,INDNO,10.97
2035,9,1.0,INDEA,INDNE,-15.53
2035,9,1.0,INDNE,INDNO,13.08
2036,9,1.0,INDEA,INDNE,-17.53
2036,9,1.0,INDNE,INDNO,15.01
2037,9,1.0,INDEA,INDNE,-19.53
2037,9,1.0,INDNE,INDNO,16.95
2038,9,1.0,INDEA,INDNE,-21.53
2038,9,1.0,INDNE,INDNO,18.88
2039,9,1.0,INDEA,INDNE,-23.53
2039,9,1.0,INDNE,INDNO,20.81
2040,9,1.0,INDEA,INDNE,-25.53
2040,9,1.0,INDNE,INDNO,22.72
2041,9,1.0,INDEA,INDNE,-27.53
2041,9,1.0,INDNE,INDNO,24.62
2042,9,1.0,INDEA,INDNE,-29.54
2042,9,1.0,INDNE,INDNO,26.51
2043,9,1.0,INDEA,INDNE,-31.54
2043,9,1.0,INDNE,INDNO,28.41
2044,9,1.0,INDEA,INDNE,-33.54
2044,9,1.0,INDNE,INDNO,28.92
2045,9,1.0,INDEA,INDNE,-35.54
2045,9,1.0,INDNE,INDNO,27.23
2045,9,1.0,INDSO,INDWE,-0.81
2046,9,1.0,INDEA,INDNE,-37.54
2046,9,1.0,INDNE,INDNO,16.94
2046,9,1.0,INDSO,INDWE,-12.28
2047,9,1.0,INDEA,INDNE,-39.54
2047,9,1.0,INDNE,INDNO,14.73
2047,9,1.0,INDSO,INDWE,-20.99
2048,9,1.0,INDEA,INDNE,-41.54
2048,9,1.0,INDEA,INDSO,1.98
2048,9,1.0,INDNE,INDNO,13.0
2048,9,1.0,INDSO,INDWE,-30.13
2049,9,1.0,INDEA,INDNE,-43.54
2049,9,1.0,INDEA,INDSO,7.83
2049,9,1.0,INDNE,INDNO,14.18
2049,9,1.0,INDSO,INDWE,-32.13
2050,9,1.0,INDEA,INDNE,-45.54
2050,9,1.0,INDEA,INDSO,7.95
2050,9,1.0,INDNE,INDNO,14.96
2050,9,1.0,INDSO,INDWE,-34.13
2021,9,2.0,INDEA,INDNE,2.84
2022,9,2.0,INDEA,INDNE,2.86
2022,9,2.0,INDNE,INDNO,-0.29
2023,9,2.0,INDEA,INDNE,2.87
2024,9,2.0,INDEA,INDNE,-3.53
2024,9,2.0,INDNE,INDNO,3.0
2025,9,2.0,INDEA,INDNE,-3.53
2025,9,2.0,INDEA,INDNO,-3.32
2025,9,2.0,INDNE,INDNO,3.0
2025,9,2.0,INDNO,INDWE,9.87
2025,9,2.0,INDSO,INDWE,-14.27
2026,9,2.0,INDEA,INDNE,-3.53
2026,9,2.0,INDEA,INDNO,-4.27
2026,9,2.0,INDNE,INDNO,3.0
2026,9,2.0,INDNO,INDWE,6.93
2026,9,2.0,INDSO,INDWE,-11.39
2027,9,2.0,INDEA,INDNE,-3.53
2027,9,2.0,INDEA,INDNO,-5.25
2027,9,2.0,INDNE,INDNO,3.0
2027,9,2.0,INDNO,INDWE,3.82
2027,9,2.0,INDSO,INDWE,-6.43
2028,9,2.0,INDEA,INDNE,-3.53
2028,9,2.0,INDEA,INDNO,-5.42
2028,9,2.0,INDNE,INDNO,3.0
2028,9,2.0,INDNO,INDWE,2.65
2028,9,2.0,INDSO,INDWE,-2.95
2029,9,2.0,INDEA,INDNE,-3.53
2029,9,2.0,INDEA,INDNO,-6.42
2029,9,2.0,INDNE,INDNO,3.0
2030,9,2.0,INDEA,INDNE,-5.53
2030,9,2.0,INDEA,INDNO,-5.35
2030,9,2.0,INDNE,INDNO,5.0
2030,9,2.0,INDNO,INDWE,0.37
2031,9,2.0,INDEA,INDNE,-7.53
2031,9,2.0,INDEA,INDNO,-1.79
2031,9,2.0,INDNE,INDNO,3.51
2032,9,2.0,INDEA,INDNE,-9.53
2032,9,2.0,INDNE,INDNO,7.24
2033,9,2.0,INDEA,INDNE,-11.53
2033,9,2.0,INDNE,INDNO,9.16
2034,9,2.0,INDEA,INDNE,-13.53
2034,9,2.0,INDNE,INDNO,10.97
2035,9,2.0,INDEA,INDNE,-15.53
2035,9,2.0,INDNE,INDNO,13.08
2036,9,2.0,INDEA,INDNE,-17.53
2036,9,2.0,INDNE,INDNO,15.01
2037,9,2.0,INDEA,INDNE,-19.53
2037,9,2.0,INDNE,INDNO,16.95
2038,9,2.0,INDEA,INDNE,-21.53
2038,9,2.0,INDNE,INDNO,18.88
2039,9,2.0,INDEA,INDNE,-23.53
2039,9,2.0,INDNE,INDNO,20.81
2040,9,2.0,INDEA,INDNE,-25.53
2040,9,2.0,INDNE,INDNO,22.72
2041,9,2.0,INDEA,INDNE,-27.53
2041,9,2.0,INDNE,INDNO,24.62
2042,9,2.0,INDEA,INDNE,-29.54
2042,9,2.0,INDNE,INDNO,26.51
2043,9,2.0,INDEA,INDNE,-31.54
2043,9,2.0,INDNE,INDNO,28.41
2044,9,2.0,INDEA,INDNE,-33.54
2044,9,2.0,INDNE,INDNO,28.92
2045,9,2.0,INDEA,INDNE,-35.54
2045,9,2.0,INDNE,INDNO,27.23
2045,9,2.0,INDSO,INDWE,-0.81
2046,9,2.0,INDEA,INDNE,-37.54
2046,9,2.0,INDNE,INDNO,16.94
2046,9,2.0,INDSO,INDWE,-12.28
2047,9,2.0,INDEA,INDNE,-39.54
2047,9,2.0,INDNE,INDNO,14.73
2047,9,2.0,INDSO,INDWE,-20.99
2048,9,2.0,INDEA,INDNE,-41.54
2048,9,2.0,INDEA,INDSO,1.98
2048,9,2.0,INDNE,INDNO,13.0
2048,9,2.0,INDSO,INDWE,-30.13
2049,9,2.0,INDEA,INDNE,-43.54
2049,9,2.0,INDEA,INDSO,7.83
2049,9,2.0,INDNE,INDNO,14.18
2049,9,2.0,INDSO,INDWE,-32.13
2050,9,2.0,INDEA,INDNE,-45.54
2050,9,2.0,INDEA,INDSO,7.95
2050,9,2.0,INDNE,INDNO,14.96
2050,9,2.0,INDSO,INDWE,-34.13
2021,9,3.0,INDEA,INDNE,2.84
2022,9,3.0,INDEA,INDNE,2.86
2022,9,3.0,INDNE,INDNO,-0.29
2023,9,3.0,INDEA,INDNE,2.87
2024,9,3.0,INDEA,INDNE,-3.53
2024,9,3.0,INDNE,INDNO,3.0
2025,9,3.0,INDEA,INDNE,-3.53
2025,9,3.0,INDEA,INDNO,-3.32
2025,9,3.0,INDNE,INDNO,3.0
2025,9,3.0,INDNO,INDWE,9.87
2025,9,3.0,INDSO,INDWE,-14.27
2026,9,3.0,INDEA,INDNE,-3.53
2026,9,3.0,INDEA,INDNO,-4.27
2026,9,3.0,INDNE,INDNO,3.0
2026,9,3.0,INDNO,INDWE,6.93
2026,9,3.0,INDSO,INDWE,-11.39
2027,9,3.0,INDEA,INDNE,-3.53
2027,9,3.0,INDEA,INDNO,-5.25
2027,9,3.0,INDNE,INDNO,3.0
2027,9,3.0,INDNO,INDWE,3.82
2027,9,3.0,INDSO,INDWE,-6.43
2028,9,3.0,INDEA,INDNE,-3.53
2028,9,3.0,INDEA,INDNO,-5.42
2028,9,3.0,INDNE,INDNO,3.0
2028,9,3.0,INDNO,INDWE,2.65
2028,9,3.0,INDSO,INDWE,-2.95
2029,9,3.0,INDEA,INDNE,-3.53
2029,9,3.0,INDEA,INDNO,-6.42
2029,9,3.0,INDNE,INDNO,3.0
2030,9,3.0,INDEA,INDNE,-5.53
2030,9,3.0,INDEA,INDNO,-5.35
2030,9,3.0,INDNE,INDNO,5.0
2030,9,3.0,INDNO,INDWE,0.37
2031,9,3.0,INDEA,INDNE,-7.53
2031,9,3.0,INDEA,INDNO,-1.79
2031,9,3.0,INDNE,INDNO,3.51
2032,9,3.0,INDEA,INDNE,-9.53
2032,9,3.0,INDNE,INDNO,7.24
2033,9,3.0,INDEA,INDNE,-11.53
2033,9,3.0,INDNE,INDNO,9.16
2034,9,3.0,INDEA,INDNE,-13.53
2034,9,3.0,INDNE,INDNO,10.97
2035,9,3.0,INDEA,INDNE,-15.53
2035,9,3.0,INDNE,INDNO,13.08
2036,9,3.0,INDEA,INDNE,-17.53
2036,9,3.0,INDNE,INDNO,15.01
2037,9,3.0,INDEA,INDNE,-19.53
2037,9,3.0,INDNE,INDNO,16.95
2038,9,3.0,INDEA,INDNE,-21.53
2038,9,3.0,INDNE,INDNO,18.88
2039,9,3.0,INDEA,INDNE,-23.53
2039,9,3.0,INDNE,INDNO,20.81
2040,9,3.0,INDEA,INDNE,-25.53
2040,9,3.0,INDNE,INDNO,22.72
2041,9,3.0,INDEA,INDNE,-27.53
2041,9,3.0,INDNE,INDNO,24.62
2042,9,3.0,INDEA,INDNE,-29.54
2042,9,3.0,INDNE,INDNO,26.51
2043,9,3.0,INDEA,INDNE,-31.54
2043,9,3.0,INDNE,INDNO,28.41
2044,9,3.0,INDEA,INDNE,-33.54
2044,9,3.0,INDNE,INDNO,28.92
2045,9,3.0,INDEA,INDNE,-35.54
2045,9,3.0,INDNE,INDNO,27.23
2045,9,3.0,INDSO,INDWE,-0.81
2046,9,3.0,INDEA,INDNE,-37.54
2046,9,3.0,INDNE,INDNO,16.94
2046,9,3.0,INDSO,INDWE,-12.28
2047,9,3.0,INDEA,INDNE,-39.54
2047,9,3.0,INDNE,INDNO,14.73
2047,9,3.0,INDSO,INDWE,-20.99
2048,9,3.0,INDEA,INDNE,-41.54
2048,9,3.0,INDEA,INDSO,1.98
2048,9,3.0,INDNE,INDNO,13.0
2048,9,3.0,INDSO,INDWE,-30.13
2049,9,3.0,INDEA,INDNE,-43.54
2049,9,3.0,INDEA,INDSO,7.83
2049,9,3.0,INDNE,INDNO,14.18
2049,9,3.0,INDSO,INDWE,-32.13
2050,9,3.0,INDEA,INDNE,-45.54
2050,9,3.0,INDEA,INDSO,7.95
2050,9,3.0,INDNE,INDNO,14.96
2050,9,3.0,INDSO,INDWE,-34.13
2021,9,4.0,INDEA,INDNE,2.84
2022,9,4.0,INDEA,INDNE,2.86
2022,9,4.0,INDNE,INDNO,-0.29
2023,9,4.0,INDEA,INDNE,2.87
2024,9,4.0,INDEA,INDNE,-3.53
2024,9,4.0,INDNE,INDNO,3.0
2025,9,4.0,INDEA,INDNE,-3.53
2025,9,4.0,INDEA,INDNO,-3.32
2025,9,4.0,INDNE,INDNO,3.0
2025,9,4.0,INDNO,INDWE,9.87
2025,9,4.0,INDSO,INDWE,-14.27
2026,9,4.0,INDEA,INDNE,-3.53
2026,9,4.0,INDEA,INDNO,-4.27
2026,9,4.0,INDNE,INDNO,3.0
2026,9,4.0,INDNO,INDWE,6.93
2026,9,4.0,INDSO,INDWE,-11.39
2027,9,4.0,INDEA,INDNE,-3.53
2027,9,4.0,INDEA,INDNO,-5.25
2027,9,4.0,INDNE,INDNO,3.0
2027,9,4.0,INDNO,INDWE,3.82
2027,9,4.0,INDSO,INDWE,-6.43
2028,9,4.0,INDEA,INDNE,-3.53
2028,9,4.0,INDEA,INDNO,-5.42
2028,9,4.0,INDNE,INDNO,3.0
2028,9,4.0,INDNO,INDWE,2.65
2028,9,4.0,INDSO,INDWE,-2.95
2029,9,4.0,INDEA,INDNE,-3.53
2029,9,4.0,INDEA,INDNO,-6.42
2029,9,4.0,INDNE,INDNO,3.0
2030,9,4.0,INDEA,INDNE,-5.53
2030,9,4.0,INDEA,INDNO,-5.35
2030,9,4.0,INDNE,INDNO,5.0
2030,9,4.0,INDNO,INDWE,0.37
2031,9,4.0,INDEA,INDNE,-7.53
2031,9,4.0,INDEA,INDNO,-1.79
2031,9,4.0,INDNE,INDNO,3.51
2032,9,4.0,INDEA,INDNE,-9.53
2032,9,4.0,INDNE,INDNO,7.24
2033,9,4.0,INDEA,INDNE,-11.53
2033,9,4.0,INDNE,INDNO,9.16
2034,9,4.0,INDEA,INDNE,-13.53
2034,9,4.0,INDNE,INDNO,10.97
2035,9,4.0,INDEA,INDNE,-15.53
2035,9,4.0,INDNE,INDNO,13.08
2036,9,4.0,INDEA,INDNE,-17.53
2036,9,4.0,INDNE,INDNO,15.01
2037,9,4.0,INDEA,INDNE,-19.53
2037,9,4.0,INDNE,INDNO,16.95
2038,9,4.0,INDEA,INDNE,-21.53
2038,9,4.0,INDNE,INDNO,18.88
2039,9,4.0,INDEA,INDNE,-23.53
2039,9,4.0,INDNE,INDNO,20.81
2040,9,4.0,INDEA,INDNE,-25.53
2040,9,4.0,INDNE,INDNO,22.72
2041,9,4.0,INDEA,INDNE,-27.53
2041,9,4.0,INDNE,INDNO,24.62
2042,9,4.0,INDEA,INDNE,-29.54
2042,9,4.0,INDNE,INDNO,26.51
2043,9,4.0,INDEA,INDNE,-31.54
2043,9,4.0,INDNE,INDNO,28.41
2044,9,4.0,INDEA,INDNE,-33.54
2044,9,4.0,INDNE,INDNO,28.92
2045,9,4.0,INDEA,INDNE,-35.54
2045,9,4.0,INDNE,INDNO,27.23
2045,9,4.0,INDSO,INDWE,-0.81
2046,9,4.0,INDEA,INDNE,-37.54
2046,9,4.0,INDNE,INDNO,16.94
2046,9,4.0,INDSO,INDWE,-12.28
2047,9,4.0,INDEA,INDNE,-39.54
2047,9,4.0,INDNE,INDNO,14.73
2047,9,4.0,INDSO,INDWE,-20.99
2048,9,4.0,INDEA,INDNE,-41.54
2048,9,4.0,INDEA,INDSO,1.98
2048,9,4.0,INDNE,INDNO,13.0
2048,9,4.0,INDSO,INDWE,-30.13
2049,9,4.0,INDEA,INDNE,-43.54
2049,9,4.0,INDEA,INDSO,7.83
2049,9,4.0,INDNE,INDNO,14.18
2049,9,4.0,INDSO,INDWE,-32.13
2050,9,4.0,INDEA,INDNE,-45.54
2050,9,4.0,INDEA,INDSO,7.95
2050,9,4.0,INDNE,INDNO,14.96
2050,9,4.0,INDSO,INDWE,-34.13
2021,9,5.0,INDEA,INDNE,2.84
2022,9,5.0,INDEA,INDNE,2.86
2022,9,5.0,INDNE,INDNO,-0.29
2023,9,5.0,INDEA,INDNE,2.87
2024,9,5.0,INDEA,INDNE,-3.53
2024,9,5.0,INDNE,INDNO,3.0
2025,9,5.0,INDEA,INDNE,-3.53
2025,9,5.0,INDEA,INDNO,-3.32
2025,9,5.0,INDNE,INDNO,3.0
2025,9,5.0,INDNO,INDWE,9.87
2025,9,5.0,INDSO,INDWE,-14.27
2026,9,5.0,INDEA,INDNE,-3.53
2026,9,5.0,INDEA,INDNO,-4.27
2026,9,5.0,INDNE,INDNO,3.0
2026,9,5.0,INDNO,INDWE,6.93
2026,9,5.0,INDSO,INDWE,-11.39
2027,9,5.0,INDEA,INDNE,-3.53
2027,9,5.0,INDEA,INDNO,-5.25
2027,9,5.0,INDNE,INDNO,3.0
2027,9,5.0,INDNO,INDWE,3.82
2027,9,5.0,INDSO,INDWE,-6.43
2028,9,5.0,INDEA,INDNE,-3.53
2028,9,5.0,INDEA,INDNO,-5.42
2028,9,5.0,INDNE,INDNO,3.0
2028,9,5.0,INDNO,INDWE,2.65
2028,9,5.0,INDSO,INDWE,-2.95
2029,9,5.0,INDEA,INDNE,-3.53
2029,9,5.0,INDEA,INDNO,-6.42
2029,9,5.0,INDNE,INDNO,3.0
2030,9,5.0,INDEA,INDNE,-5.53
2030,9,5.0,INDEA,INDNO,-5.35
2030,9,5.0,INDNE,INDNO,5.0
2030,9,5.0,INDNO,INDWE,0.37
2031,9,5.0,INDEA,INDNE,-7.53
2031,9,5.0,INDEA,INDNO,-1.79
2031,9,5.0,INDNE,INDNO,3.51
2032,9,5.0,INDEA,INDNE,-9.53
2032,9,5.0,INDNE,INDNO,7.24
2033,9,5.0,INDEA,INDNE,-11.53
2033,9,5.0,INDNE,INDNO,9.16
2034,9,5.0,INDEA,INDNE,-13.53
2034,9,5.0,INDNE,INDNO,10.97
2035,9,5.0,INDEA,INDNE,-15.53
2035,9,5.0,INDNE,INDNO,13.08
2036,9,5.0,INDEA,INDNE,-17.53
2036,9,5.0,INDNE,INDNO,15.01
2037,9,5.0,INDEA,INDNE,-19.53
2037,9,5.0,INDNE,INDNO,16.95
2038,9,5.0,INDEA,INDNE,-21.53
2038,9,5.0,INDNE,INDNO,18.88
2039,9,5.0,INDEA,INDNE,-23.53
2039,9,5.0,INDNE,INDNO,20.81
2040,9,5.0,INDEA,INDNE,-25.53
2040,9,5.0,INDNE,INDNO,22.72
2041,9,5.0,INDEA,INDNE,-27.53
2041,9,5.0,INDNE,INDNO,24.62
2042,9,5.0,INDEA,INDNE,-29.54
2042,9,5.0,INDNE,INDNO,26.51
2043,9,5.0,INDEA,INDNE,-31.54
2043,9,5.0,INDNE,INDNO,28.41
2044,9,5.0,INDEA,INDNE,-33.54
2044,9,5.0,INDNE,INDNO,28.92
2045,9,5.0,INDEA,INDNE,-35.54
2045,9,5.0,INDNE,INDNO,27.23
2045,9,5.0,INDSO,INDWE,-0.81
2046,9,5.0,INDEA,INDNE,-37.54
2046,9,5.0,INDNE,INDNO,16.94
2046,9,5.0,INDSO,INDWE,-12.28
2047,9,5.0,INDEA,INDNE,-39.54
2047,9,5.0,INDNE,INDNO,14.73
2047,9,5.0,INDSO,INDWE,-20.99
2048,9,5.0,INDEA,INDNE,-41.54
2048,9,5.0,INDEA,INDSO,1.98
2048,9,5.0,INDNE,INDNO,13.0
2048,9,5.0,INDSO,INDWE,-30.13
2049,9,5.0,INDEA,INDNE,-43.54
2049,9,5.0,INDEA,INDSO,7.83
2049,9,5.0,INDNE,INDNO,14.18
2049,9,5.0,INDSO,INDWE,-32.13
2050,9,5.0,INDEA,INDNE,-45.54
2050,9,5.0,INDEA,INDSO,7.95
2050,9,5.0,INDNE,INDNO,14.96
2050,9,5.0,INDSO,INDWE,-34.13
2021,9,6.0,INDEA,INDNE,2.84
2022,9,6.0,INDEA,INDNE,2.86
2022,9,6.0,INDNE,INDNO,-0.29
2023,9,6.0,INDEA,INDNE,2.87
2024,9,6.0,INDEA,INDNE,-3.53
2024,9,6.0,INDNE,INDNO,3.0
2025,9,6.0,INDEA,INDNE,-3.53
2025,9,6.0,INDEA,INDNO,-3.32
2025,9,6.0,INDNE,INDNO,3.0
2025,9,6.0,INDNO,INDWE,9.87
2025,9,6.0,INDSO,INDWE,-14.27
2026,9,6.0,INDEA,INDNE,-3.53
2026,9,6.0,INDEA,INDNO,-4.27
2026,9,6.0,INDNE,INDNO,3.0
2026,9,6.0,INDNO,INDWE,6.93
2026,9,6.0,INDSO,INDWE,-11.39
2027,9,6.0,INDEA,INDNE,-3.53
2027,9,6.0,INDEA,INDNO,-5.25
2027,9,6.0,INDNE,INDNO,3.0
2027,9,6.0,INDNO,INDWE,3.82
2027,9,6.0,INDSO,INDWE,-6.43
2028,9,6.0,INDEA,INDNE,-3.53
2028,9,6.0,INDEA,INDNO,-5.42
2028,9,6.0,INDNE,INDNO,3.0
2028,9,6.0,INDNO,INDWE,2.65
2028,9,6.0,INDSO,INDWE,-2.95
2029,9,6.0,INDEA,INDNE,-3.53
2029,9,6.0,INDEA,INDNO,-6.42
2029,9,6.0,INDNE,INDNO,3.0
2030,9,6.0,INDEA,INDNE,-5.53
2030,9,6.0,INDEA,INDNO,-5.35
2030,9,6.0,INDNE,INDNO,5.0
2030,9,6.0,INDNO,INDWE,0.37
2031,9,6.0,INDEA,INDNE,-7.53
2031,9,6.0,INDEA,INDNO,-1.79
2031,9,6.0,INDNE,INDNO,3.51
2032,9,6.0,INDEA,INDNE,-9.53
2032,9,6.0,INDNE,INDNO,7.24
2033,9,6.0,INDEA,INDNE,-11.53
2033,9,6.0,INDNE,INDNO,9.16
2034,9,6.0,INDEA,INDNE,-13.53
2034,9,6.0,INDNE,INDNO,10.97
2035,9,6.0,INDEA,INDNE,-15.53
2035,9,6.0,INDNE,INDNO,13.08
2036,9,6.0,INDEA,INDNE,-17.53
2036,9,6.0,INDNE,INDNO,15.01
2037,9,6.0,INDEA,INDNE,-19.53
2037,9,6.0,INDNE,INDNO,16.95
2038,9,6.0,INDEA,INDNE,-21.53
2038,9,6.0,INDNE,INDNO,18.88
2039,9,6.0,INDEA,INDNE,-23.53
2039,9,6.0,INDNE,INDNO,20.81
2040,9,6.0,INDEA,INDNE,-25.53
2040,9,6.0,INDNE,INDNO,22.72
2041,9,6.0,INDEA,INDNE,-27.53
2041,9,6.0,INDNE,INDNO,24.62
2042,9,6.0,INDEA,INDNE,-29.54
2042,9,6.0,INDNE,INDNO,26.51
2043,9,6.0,INDEA,INDNE,-31.54
2043,9,6.0,INDNE,INDNO,28.41
2044,9,6.0,INDEA,INDNE,-33.54
2044,9,6.0,INDNE,INDNO,28.92
2045,9,6.0,INDEA,INDNE,-35.54
2045,9,6.0,INDNE,INDNO,27.23
2045,9,6.0,INDSO,INDWE,-0.81
2046,9,6.0,INDEA,INDNE,-37.54
2046,9,6.0,INDNE,INDNO,16.94
2046,9,6.0,INDSO,INDWE,-12.28
2047,9,6.0,INDEA,INDNE,-39.54
2047,9,6.0,INDNE,INDNO,14.73
2047,9,6.0,INDSO,INDWE,-20.99
2048,9,6.0,INDEA,INDNE,-41.54
2048,9,6.0,INDEA,INDSO,1.98
2048,9,6.0,INDNE,INDNO,13.0
2048,9,6.0,INDSO,INDWE,-30.13
2049,9,6.0,INDEA,INDNE,-43.54
2049,9,6.0,INDEA,INDSO,7.83
2049,9,6.0,INDNE,INDNO,14.18
2049,9,6.0,INDSO,INDWE,-32.13
2050,9,6.0,INDEA,INDNE,-45.54
2050,9,6.0,INDEA,INDSO,7.95
2050,9,6.0,INDNE,INDNO,14.96
2050,9,6.0,INDSO,INDWE,-34.13
2021,9,7.0,INDEA,INDNE,2.84
2022,9,7.0,INDEA,INDNE,2.86
2022,9,7.0,INDNE,INDNO,-0.29
2023,9,7.0,INDEA,INDNE,2.87
2024,9,7.0,INDEA,INDNE,-3.53
2024,9,7.0,INDNE,INDNO,3.0
2025,9,7.0,INDEA,INDNE,-3.53
2025,9,7.0,INDEA,INDNO,-3.32
2025,9,7.0,INDNE,INDNO,3.0
2025,9,7.0,INDNO,INDWE,9.87
2025,9,7.0,INDSO,INDWE,-14.27
2026,9,7.0,INDEA,INDNE,-3.53
2026,9,7.0,INDEA,INDNO,-4.27
2026,9,7.0,INDNE,INDNO,3.0
2026,9,7.0,INDNO,INDWE,6.93
2026,9,7.0,INDSO,INDWE,-11.39
2027,9,7.0,INDEA,INDNE,-3.53
2027,9,7.0,INDEA,INDNO,-5.25
2027,9,7.0,INDNE,INDNO,3.0
2027,9,7.0,INDNO,INDWE,3.82
2027,9,7.0,INDSO,INDWE,-6.43
2028,9,7.0,INDEA,INDNE,-3.53
2028,9,7.0,INDEA,INDNO,-5.42
2028,9,7.0,INDNE,INDNO,3.0
2028,9,7.0,INDNO,INDWE,2.65
2028,9,7.0,INDSO,INDWE,-2.95
2029,9,7.0,INDEA,INDNE,-3.53
2029,9,7.0,INDEA,INDNO,-6.42
2029,9,7.0,INDNE,INDNO,3.0
2030,9,7.0,INDEA,INDNE,-5.53
2030,9,7.0,INDEA,INDNO,-5.35
2030,9,7.0,INDNE,INDNO,5.0
2030,9,7.0,INDNO,INDWE,0.37
2031,9,7.0,INDEA,INDNE,-7.53
2031,9,7.0,INDEA,INDNO,-1.79
2031,9,7.0,INDNE,INDNO,3.51
2032,9,7.0,INDEA,INDNE,-9.53
2032,9,7.0,INDNE,INDNO,7.24
2033,9,7.0,INDEA,INDNE,-11.53
2033,9,7.0,INDNE,INDNO,9.16
2034,9,7.0,INDEA,INDNE,-13.53
2034,9,7.0,INDNE,INDNO,10.97
2035,9,7.0,INDEA,INDNE,-15.53
2035,9,7.0,INDNE,INDNO,13.08
2036,9,7.0,INDEA,INDNE,-17.53
2036,9,7.0,INDNE,INDNO,15.01
2037,9,7.0,INDEA,INDNE,-19.53
2037,9,7.0,INDNE,INDNO,16.95
2038,9,7.0,INDEA,INDNE,-21.53
2038,9,7.0,INDNE,INDNO,18.88
2039,9,7.0,INDEA,INDNE,-23.53
2039,9,7.0,INDNE,INDNO,20.81
2040,9,7.0,INDEA,INDNE,-25.53
2040,9,7.0,INDNE,INDNO,22.72
2041,9,7.0,INDEA,INDNE,-27.53
2041,9,7.0,INDNE,INDNO,24.62
2042,9,7.0,INDEA,INDNE,-29.54
2042,9,7.0,INDNE,INDNO,26.51
2043,9,7.0,INDEA,INDNE,-31.54
2043,9,7.0,INDNE,INDNO,28.41
2044,9,7.0,INDEA,INDNE,-33.54
2044,9,7.0,INDNE,INDNO,28.92
2045,9,7.0,INDEA,INDNE,-35.54
2045,9,7.0,INDNE,INDNO,27.23
2045,9,7.0,INDSO,INDWE,-0.81
2046,9,7.0,INDEA,INDNE,-37.54
2046,9,7.0,INDNE,INDNO,16.94
2046,9,7.0,INDSO,INDWE,-12.28
2047,9,7.0,INDEA,INDNE,-39.54
2047,9,7.0,INDNE,INDNO,14.73
2047,9,7.0,INDSO,INDWE,-20.99
2048,9,7.0,INDEA,INDNE,-41.54
2048,9,7.0,INDEA,INDSO,1.98
2048,9,7.0,INDNE,INDNO,13.0
2048,9,7.0,INDSO,INDWE,-30.13
2049,9,7.0,INDEA,INDNE,-43.54
2049,9,7.0,INDEA,INDSO,7.83
2049,9,7.0,INDNE,INDNO,14.18
2049,9,7.0,INDSO,INDWE,-32.13
2050,9,7.0,INDEA,INDNE,-45.54
2050,9,7.0,INDEA,INDSO,7.95
2050,9,7.0,INDNE,INDNO,14.96
2050,9,7.0,INDSO,INDWE,-34.13
2021,9,8.0,INDEA,INDNE,2.84
2022,9,8.0,INDEA,INDNE,2.86
2022,9,8.0,INDNE,INDNO,-0.29
2023,9,8.0,INDEA,INDNE,2.87
2024,9,8.0,INDEA,INDNE,-3.53
2024,9,8.0,INDNE,INDNO,3.0
2025,9,8.0,INDEA,INDNE,-3.53
2025,9,8.0,INDEA,INDNO,-3.32
2025,9,8.0,INDNE,INDNO,3.0
2025,9,8.0,INDNO,INDWE,9.87
2025,9,8.0,INDSO,INDWE,-14.27
2026,9,8.0,INDEA,INDNE,-3.53
2026,9,8.0,INDEA,INDNO,-4.27
2026,9,8.0,INDNE,INDNO,3.0
2026,9,8.0,INDNO,INDWE,6.93
2026,9,8.0,INDSO,INDWE,-11.39
2027,9,8.0,INDEA,INDNE,-3.53
2027,9,8.0,INDEA,INDNO,-5.25
2027,9,8.0,INDNE,INDNO,3.0
2027,9,8.0,INDNO,INDWE,3.82
2027,9,8.0,INDSO,INDWE,-6.43
2028,9,8.0,INDEA,INDNE,-3.53
2028,9,8.0,INDEA,INDNO,-5.42
2028,9,8.0,INDNE,INDNO,3.0
2028,9,8.0,INDNO,INDWE,2.65
2028,9,8.0,INDSO,INDWE,-2.95
2029,9,8.0,INDEA,INDNE,-3.53
2029,9,8.0,INDEA,INDNO,-6.42
2029,9,8.0,INDNE,INDNO,3.0
2030,9,8.0,INDEA,INDNE,-5.53
2030,9,8.0,INDEA,INDNO,-5.35
2030,9,8.0,INDNE,INDNO,5.0
2030,9,8.0,INDNO,INDWE,0.37
2031,9,8.0,INDEA,INDNE,-7.53
2031,9,8.0,INDEA,INDNO,-1.79
2031,9,8.0,INDNE,INDNO,3.51
2032,9,8.0,INDEA,INDNE,-9.53
2032,9,8.0,INDNE,INDNO,7.24
2033,9,8.0,INDEA,INDNE,-11.53
2033,9,8.0,INDNE,INDNO,9.16
2034,9,8.0,INDEA,INDNE,-13.53
2034,9,8.0,INDNE,INDNO,10.97
2035,9,8.0,INDEA,INDNE,-15.53
2035,9,8.0,INDNE,INDNO,13.08
2036,9,8.0,INDEA,INDNE,-17.53
2036,9,8.0,INDNE,INDNO,15.01
2037,9,8.0,INDEA,INDNE,-19.53
2037,9,8.0,INDNE,INDNO,16.95
2038,9,8.0,INDEA,INDNE,-21.53
2038,9,8.0,INDNE,INDNO,18.88
2039,9,8.0,INDEA,INDNE,-23.53
2039,9,8.0,INDNE,INDNO,20.81
2040,9,8.0,INDEA,INDNE,-25.53
2040,9,8.0,INDNE,INDNO,22.72
2041,9,8.0,INDEA,INDNE,-27.53
2041,9,8.0,INDNE,INDNO,24.62
2042,9,8.0,INDEA,INDNE,-29.54
2042,9,8.0,INDNE,INDNO,26.51
2043,9,8.0,INDEA,INDNE,-31.54
2043,9,8.0,INDNE,INDNO,28.41
2044,9,8.0,INDEA,INDNE,-33.54
2044,9,8.0,INDNE,INDNO,28.92
2045,9,8.0,INDEA,INDNE,-35.54
2045,9,8.0,INDNE,INDNO,27.23
2045,9,8.0,INDSO,INDWE,-0.81
2046,9,8.0,INDEA,INDNE,-37.54
2046,9,8.0,INDNE,INDNO,16.94
2046,9,8.0,INDSO,INDWE,-12.28
2047,9,8.0,INDEA,INDNE,-39.54
2047,9,8.0,INDNE,INDNO,14.73
2047,9,8.0,INDSO,INDWE,-20.99
2048,9,8.0,INDEA,INDNE,-41.54
2048,9,8.0,INDEA,INDSO,1.98
2048,9,8.0,INDNE,INDNO,13.0
2048,9,8.0,INDSO,INDWE,-30.13
2049,9,8.0,INDEA,INDNE,-43.54
2049,9,8.0,INDEA,INDSO,7.83
2049,9,8.0,INDNE,INDNO,14.18
2049,9,8.0,INDSO,INDWE,-32.13
2050,9,8.0,INDEA,INDNE,-45.54
2050,9,8.0,INDEA,INDSO,7.95
2050,9,8.0,INDNE,INDNO,14.96
2050,9,8.0,INDSO,INDWE,-34.13
2021,9,9.0,INDEA,INDNE,2.84
2022,9,9.0,INDEA,INDNE,2.86
2022,9,9.0,INDNE,INDNO,-0.29
2023,9,9.0,INDEA,INDNE,2.87
2024,9,9.0,INDEA,INDNE,-3.53
2024,9,9.0,INDNE,INDNO,3.0
2025,9,9.0,INDEA,INDNE,-3.53
2025,9,9.0,INDEA,INDNO,-3.32
2025,9,9.0,INDNE,INDNO,3.0
2025,9,9.0,INDNO,INDWE,9.87
2025,9,9.0,INDSO,INDWE,-14.27
2026,9,9.0,INDEA,INDNE,-3.53
2026,9,9.0,INDEA,INDNO,-4.27
2026,9,9.0,INDNE,INDNO,3.0
2026,9,9.0,INDNO,INDWE,6.93
2026,9,9.0,INDSO,INDWE,-11.39
2027,9,9.0,INDEA,INDNE,-3.53
2027,9,9.0,INDEA,INDNO,-5.25
2027,9,9.0,INDNE,INDNO,3.0
2027,9,9.0,INDNO,INDWE,3.82
2027,9,9.0,INDSO,INDWE,-6.43
2028,9,9.0,INDEA,INDNE,-3.53
2028,9,9.0,INDEA,INDNO,-5.42
2028,9,9.0,INDNE,INDNO,3.0
2028,9,9.0,INDNO,INDWE,2.65
2028,9,9.0,INDSO,INDWE,-2.95
2029,9,9.0,INDEA,INDNE,-3.53
2029,9,9.0,INDEA,INDNO,-6.42
2029,9,9.0,INDNE,INDNO,3.0
2030,9,9.0,INDEA,INDNE,-5.53
2030,9,9.0,INDEA,INDNO,-5.35
2030,9,9.0,INDNE,INDNO,5.0
2030,9,9.0,INDNO,INDWE,0.37
2031,9,9.0,INDEA,INDNE,-7.53
2031,9,9.0,INDEA,INDNO,-1.79
2031,9,9.0,INDNE,INDNO,3.51
2032,9,9.0,INDEA,INDNE,-9.53
2032,9,9.0,INDNE,INDNO,7.24
2033,9,9.0,INDEA,INDNE,-11.53
2033,9,9.0,INDNE,INDNO,9.16
2034,9,9.0,INDEA,INDNE,-13.53
2034,9,9.0,INDNE,INDNO,10.97
2035,9,9.0,INDEA,INDNE,-15.53
2035,9,9.0,INDNE,INDNO,13.08
2036,9,9.0,INDEA,INDNE,-17.53
2036,9,9.0,INDNE,INDNO,15.01
2037,9,9.0,INDEA,INDNE,-19.53
2037,9,9.0,INDNE,INDNO,16.95
2038,9,9.0,INDEA,INDNE,-21.53
2038,9,9.0,INDNE,INDNO,18.88
2039,9,9.0,INDEA,INDNE,-23.53
2039,9,9.0,INDNE,INDNO,20.81
2040,9,9.0,INDEA,INDNE,-25.53
2040,9,9.0,INDNE,INDNO,22.72
2041,9,9.0,INDEA,INDNE,-27.53
2041,9,9.0,INDNE,INDNO,24.62
2042,9,9.0,INDEA,INDNE,-29.54
2042,9,9.0,INDNE,INDNO,26.51
2043,9,9.0,INDEA,INDNE,-31.54
2043,9,9.0,INDNE,INDNO,28.41
2044,9,9.0,INDEA,INDNE,-33.54
2044,9,9.0,INDNE,INDNO,28.92
2045,9,9.0,INDEA,INDNE,-35.54
2045,9,9.0,INDNE,INDNO,27.23
2045,9,9.0,INDSO,INDWE,-0.81
2046,9,9.0,INDEA,INDNE,-37.54
2046,9,9.0,INDNE,INDNO,16.94
2046,9,9.0,INDSO,INDWE,-12.28
2047,9,9.0,INDEA,INDNE,-39.54
2047,9,9.0,INDNE,INDNO,14.73
2047,9,9.0,INDSO,INDWE,-20.99
2048,9,9.0,INDEA,INDNE,-41.54
2048,9,9.0,INDEA,INDSO,1.98
2048,9,9.0,INDNE,INDNO,13.0
2048,9,9.0,INDSO,INDWE,-30.13
2049,9,9.0,INDEA,INDNE,-43.54
2049,9,9.0,INDEA,INDSO,7.83
2049,9,9.0,INDNE,INDNO,14.18
2049,9,9.0,INDSO,INDWE,-32.13
2050,9,9.0,INDEA,INDNE,-45.54
2050,9,9.0,INDEA,INDSO,7.95
2050,9,9.0,INDNE,INDNO,14.96
2050,9,9.0,INDSO,INDWE,-34.13
2021,9,10.0,INDEA,INDNE,2.84
2022,9,10.0,INDEA,INDNE,2.86
2022,9,10.0,INDNE,INDNO,-0.29
2023,9,10.0,INDEA,INDNE,2.87
2024,9,10.0,INDEA,INDNE,-3.53
2024,9,10.0,INDNE,INDNO,3.0
2025,9,10.0,INDEA,INDNE,-3.53
2025,9,10.0,INDEA,INDNO,-3.32
2025,9,10.0,INDNE,INDNO,3.0
2025,9,10.0,INDNO,INDWE,9.87
2025,9,10.0,INDSO,INDWE,-14.27
2026,9,10.0,INDEA,INDNE,-3.53
2026,9,10.0,INDEA,INDNO,-4.27
2026,9,10.0,INDNE,INDNO,3.0
2026,9,10.0,INDNO,INDWE,6.93
2026,9,10.0,INDSO,INDWE,-11.39
2027,9,10.0,INDEA,INDNE,-3.53
2027,9,10.0,INDEA,INDNO,-5.25
2027,9,10.0,INDNE,INDNO,3.0
2027,9,10.0,INDNO,INDWE,3.82
2027,9,10.0,INDSO,INDWE,-6.43
2028,9,10.0,INDEA,INDNE,-3.53
2028,9,10.0,INDEA,INDNO,-5.42
2028,9,10.0,INDNE,INDNO,3.0
2028,9,10.0,INDNO,INDWE,2.65
2028,9,10.0,INDSO,INDWE,-2.95
2029,9,10.0,INDEA,INDNE,-3.53
2029,9,10.0,INDEA,INDNO,-6.42
2029,9,10.0,INDNE,INDNO,3.0
2030,9,10.0,INDEA,INDNE,-5.53
2030,9,10.0,INDEA,INDNO,-5.35
2030,9,10.0,INDNE,INDNO,5.0
2030,9,10.0,INDNO,INDWE,0.37
2031,9,10.0,INDEA,INDNE,-7.53
2031,9,10.0,INDEA,INDNO,-1.79
2031,9,10.0,INDNE,INDNO,3.51
2032,9,10.0,INDEA,INDNE,-9.53
2032,9,10.0,INDNE,INDNO,7.24
2033,9,10.0,INDEA,INDNE,-11.53
2033,9,10.0,INDNE,INDNO,9.16
2034,9,10.0,INDEA,INDNE,-13.53
2034,9,10.0,INDNE,INDNO,10.97
2035,9,10.0,INDEA,INDNE,-15.53
2035,9,10.0,INDNE,INDNO,13.08
2036,9,10.0,INDEA,INDNE,-17.53
2036,9,10.0,INDNE,INDNO,15.01
2037,9,10.0,INDEA,INDNE,-19.53
2037,9,10.0,INDNE,INDNO,16.95
2038,9,10.0,INDEA,INDNE,-21.53
2038,9,10.0,INDNE,INDNO,18.88
2039,9,10.0,INDEA,INDNE,-23.53
2039,9,10.0,INDNE,INDNO,20.81
2040,9,10.0,INDEA,INDNE,-25.53
2040,9,10.0,INDNE,INDNO,22.72
2041,9,10.0,INDEA,INDNE,-27.53
2041,9,10.0,INDNE,INDNO,24.62
2042,9,10.0,INDEA,INDNE,-29.54
2042,9,10.0,INDNE,INDNO,26.51
2043,9,10.0,INDEA,INDNE,-31.54
2043,9,10.0,INDNE,INDNO,28.41
2044,9,10.0,INDEA,INDNE,-33.54
2044,9,10.0,INDNE,INDNO,28.92
2045,9,10.0,INDEA,INDNE,-35.54
2045,9,10.0,INDNE,INDNO,27.23
2045,9,10.0,INDSO,INDWE,-0.81
2046,9,10.0,INDEA,INDNE,-37.54
2046,9,10.0,INDNE,INDNO,16.94
2046,9,10.0,INDSO,INDWE,-12.28
2047,9,10.0,INDEA,INDNE,-39.54
2047,9,10.0,INDNE,INDNO,14.73
2047,9,10.0,INDSO,INDWE,-20.99
2048,9,10.0,INDEA,INDNE,-41.54
2048,9,10.0,INDEA,INDSO,1.98
2048,9,10.0,INDNE,INDNO,13.0
2048,9,10.0,INDSO,INDWE,-30.13
2049,9,10.0,INDEA,INDNE,-43.54
2049,9,10.0,INDEA,INDSO,7.83
2049,9,10.0,INDNE,INDNO,14.18
2049,9,10.0,INDSO,INDWE,-32.13
2050,9,10.0,INDEA,INDNE,-45.54
2050,9,10.0,INDEA,INDSO,7.95
2050,9,10.0,INDNE,INDNO,14.96
2050,9,10.0,INDSO,INDWE,-34.13
2021,9,11.0,INDEA,INDNE,2.84
2022,9,11.0,INDEA,INDNE,2.86
2022,9,11.0,INDNE,INDNO,-0.29
2023,9,11.0,INDEA,INDNE,2.87
2024,9,11.0,INDEA,INDNE,-3.53
2024,9,11.0,INDNE,INDNO,3.0
2025,9,11.0,INDEA,INDNE,-3.53
2025,9,11.0,INDEA,INDNO,-3.32
2025,9,11.0,INDNE,INDNO,3.0
2025,9,11.0,INDNO,INDWE,9.87
2025,9,11.0,INDSO,INDWE,-14.27
2026,9,11.0,INDEA,INDNE,-3.53
2026,9,11.0,INDEA,INDNO,-4.27
2026,9,11.0,INDNE,INDNO,3.0
2026,9,11.0,INDNO,INDWE,6.93
2026,9,11.0,INDSO,INDWE,-11.39
2027,9,11.0,INDEA,INDNE,-3.53
2027,9,11.0,INDEA,INDNO,-5.25
2027,9,11.0,INDNE,INDNO,3.0
2027,9,11.0,INDNO,INDWE,3.82
2027,9,11.0,INDSO,INDWE,-6.43
2028,9,11.0,INDEA,INDNE,-3.53
2028,9,11.0,INDEA,INDNO,-5.42
2028,9,11.0,INDNE,INDNO,3.0
2028,9,11.0,INDNO,INDWE,2.65
2028,9,11.0,INDSO,INDWE,-2.95
2029,9,11.0,INDEA,INDNE,-3.53
2029,9,11.0,INDEA,INDNO,-6.42
2029,9,11.0,INDNE,INDNO,3.0
2030,9,11.0,INDEA,INDNE,-5.53
2030,9,11.0,INDEA,INDNO,-5.35
2030,9,11.0,INDNE,INDNO,5.0
2030,9,11.0,INDNO,INDWE,0.37
2031,9,11.0,INDEA,INDNE,-7.53
2031,9,11.0,INDEA,INDNO,-1.79
2031,9,11.0,INDNE,INDNO,3.51
2032,9,11.0,INDEA,INDNE,-9.53
2032,9,11.0,INDNE,INDNO,7.24
2033,9,11.0,INDEA,INDNE,-11.53
2033,9,11.0,INDNE,INDNO,9.16
2034,9,11.0,INDEA,INDNE,-13.53
2034,9,11.0,INDNE,INDNO,10.97
2035,9,11.0,INDEA,INDNE,-15.53
2035,9,11.0,INDNE,INDNO,13.08
2036,9,11.0,INDEA,INDNE,-17.53
2036,9,11.0,INDNE,INDNO,15.01
2037,9,11.0,INDEA,INDNE,-19.53
2037,9,11.0,INDNE,INDNO,16.95
2038,9,11.0,INDEA,INDNE,-21.53
2038,9,11.0,INDNE,INDNO,18.88
2039,9,11.0,INDEA,INDNE,-23.53
2039,9,11.0,INDNE,INDNO,20.81
2040,9,11.0,INDEA,INDNE,-25.53
2040,9,11.0,INDNE,INDNO,22.72
2041,9,11.0,INDEA,INDNE,-27.53
2041,9,11.0,INDNE,INDNO,24.62
2042,9,11.0,INDEA,INDNE,-29.54
2042,9,11.0,INDNE,INDNO,26.51
2043,9,11.0,INDEA,INDNE,-31.54
2043,9,11.0,INDNE,INDNO,28.41
2044,9,11.0,INDEA,INDNE,-33.54
2044,9,11.0,INDNE,INDNO,28.92
2045,9,11.0,INDEA,INDNE,-35.54
2045,9,11.0,INDNE,INDNO,27.23
2045,9,11.0,INDSO,INDWE,-0.81
2046,9,11.0,INDEA,INDNE,-37.54
2046,9,11.0,INDNE,INDNO,16.94
2046,9,11.0,INDSO,INDWE,-12.28
2047,9,11.0,INDEA,INDNE,-39.54
2047,9,11.0,INDNE,INDNO,14.73
2047,9,11.0,INDSO,INDWE,-20.99
2048,9,11.0,INDEA,INDNE,-41.54
2048,9,11.0,INDEA,INDSO,1.98
2048,9,11.0,INDNE,INDNO,13.0
2048,9,11.0,INDSO,INDWE,-30.13
2049,9,11.0,INDEA,INDNE,-43.54
2049,9,11.0,INDEA,INDSO,7.83
2049,9,11.0,INDNE,INDNO,14.18
2049,9,11.0,INDSO,INDWE,-32.13
2050,9,11.0,INDEA,INDNE,-45.54
2050,9,11.0,INDEA,INDSO,7.95
2050,9,11.0,INDNE,INDNO,14.96
2050,9,11.0,INDSO,INDWE,-34.13
2021,9,12.0,INDEA,INDNE,2.84
2022,9,12.0,INDEA,INDNE,2.86
2022,9,12.0,INDNE,INDNO,-0.29
2023,9,12.0,INDEA,INDNE,2.87
2024,9,12.0,INDEA,INDNE,-3.53
2024,9,12.0,INDNE,INDNO,3.0
2025,9,12.0,INDEA,INDNE,-3.53
2025,9,12.0,INDEA,INDNO,-3.32
2025,9,12.0,INDNE,INDNO,3.0
2025,9,12.0,INDNO,INDWE,9.87
2025,9,12.0,INDSO,INDWE,-14.27
2026,9,12.0,INDEA,INDNE,-3.53
2026,9,12.0,INDEA,INDNO,-4.27
2026,9,12.0,INDNE,INDNO,3.0
2026,9,12.0,INDNO,INDWE,6.93
2026,9,12.0,INDSO,INDWE,-11.39
2027,9,12.0,INDEA,INDNE,-3.53
2027,9,12.0,INDEA,INDNO,-5.25
2027,9,12.0,INDNE,INDNO,3.0
2027,9,12.0,INDNO,INDWE,3.82
2027,9,12.0,INDSO,INDWE,-6.43
2028,9,12.0,INDEA,INDNE,-3.53
2028,9,12.0,INDEA,INDNO,-5.42
2028,9,12.0,INDNE,INDNO,3.0
2028,9,12.0,INDNO,INDWE,2.65
2028,9,12.0,INDSO,INDWE,-2.95
2029,9,12.0,INDEA,INDNE,-3.53
2029,9,12.0,INDEA,INDNO,-6.42
2029,9,12.0,INDNE,INDNO,3.0
2030,9,12.0,INDEA,INDNE,-5.53
2030,9,12.0,INDEA,INDNO,-5.35
2030,9,12.0,INDNE,INDNO,5.0
2030,9,12.0,INDNO,INDWE,0.37
2031,9,12.0,INDEA,INDNE,-7.53
2031,9,12.0,INDEA,INDNO,-1.79
2031,9,12.0,INDNE,INDNO,3.51
2032,9,12.0,INDEA,INDNE,-9.53
2032,9,12.0,INDNE,INDNO,7.24
2033,9,12.0,INDEA,INDNE,-11.53
2033,9,12.0,INDNE,INDNO,9.16
2034,9,12.0,INDEA,INDNE,-13.53
2034,9,12.0,INDNE,INDNO,10.97
2035,9,12.0,INDEA,INDNE,-15.53
2035,9,12.0,INDNE,INDNO,13.08
2036,9,12.0,INDEA,INDNE,-17.53
2036,9,12.0,INDNE,INDNO,15.01
2037,9,12.0,INDEA,INDNE,-19.53
2037,9,12.0,INDNE,INDNO,16.95
2038,9,12.0,INDEA,INDNE,-21.53
2038,9,12.0,INDNE,INDNO,18.88
2039,9,12.0,INDEA,INDNE,-23.53
2039,9,12.0,INDNE,INDNO,20.81
2040,9,12.0,INDEA,INDNE,-25.53
2040,9,12.0,INDNE,INDNO,22.72
2041,9,12.0,INDEA,INDNE,-27.53
2041,9,12.0,INDNE,INDNO,24.62
2042,9,12.0,INDEA,INDNE,-29.54
2042,9,12.0,INDNE,INDNO,26.51
2043,9,12.0,INDEA,INDNE,-31.54
2043,9,12.0,INDNE,INDNO,28.41
2044,9,12.0,INDEA,INDNE,-33.54
2044,9,12.0,INDNE,INDNO,28.92
2045,9,12.0,INDEA,INDNE,-35.54
2045,9,12.0,INDNE,INDNO,27.23
2045,9,12.0,INDSO,INDWE,-0.81
2046,9,12.0,INDEA,INDNE,-37.54
2046,9,12.0,INDNE,INDNO,16.94
2046,9,12.0,INDSO,INDWE,-12.28
2047,9,12.0,INDEA,INDNE,-39.54
2047,9,12.0,INDNE,INDNO,14.73
2047,9,12.0,INDSO,INDWE,-20.99
2048,9,12.0,INDEA,INDNE,-41.54
2048,9,12.0,INDEA,INDSO,1.98
2048,9,12.0,INDNE,INDNO,13.0
2048,9,12.0,INDSO,INDWE,-30.13
2049,9,12.0,INDEA,INDNE,-43.54
2049,9,12.0,INDEA,INDSO,7.83
2049,9,12.0,INDNE,INDNO,14.18
2049,9,12.0,INDSO,INDWE,-32.13
2050,9,12.0,INDEA,INDNE,-45.54
2050,9,12.0,INDEA,INDSO,7.95
2050,9,12.0,INDNE,INDNO,14.96
2050,9,12.0,INDSO,INDWE,-34.13
2021,9,13.0,INDEA,INDNE,2.86
2022,9,13.0,INDEA,INDNE,2.86
2022,9,13.0,INDNE,INDNO,-0.49
2023,9,13.0,INDEA,INDNE,2.97
2024,9,13.0,INDEA,INDNE,-3.53
2024,9,13.0,INDNE,INDNO,3.0
2025,9,13.0,INDEA,INDNE,-3.53
2025,9,13.0,INDNE,INDNO,3.0
2026,9,13.0,INDEA,INDNE,-3.53
2026,9,13.0,INDNE,INDNO,3.0
2027,9,13.0,INDEA,INDNE,-3.53
2027,9,13.0,INDNE,INDNO,3.0
2027,9,13.0,INDSO,INDWE,-0.49
2028,9,13.0,INDEA,INDNE,-3.53
2028,9,13.0,INDEA,INDNO,0.39
2028,9,13.0,INDNE,INDNO,3.0
2028,9,13.0,INDSO,INDWE,-3.51
2029,9,13.0,INDEA,INDNE,-3.53
2029,9,13.0,INDEA,INDNO,3.61
2029,9,13.0,INDNE,INDNO,3.0
2029,9,13.0,INDSO,INDWE,-6.32
2030,9,13.0,INDEA,INDNE,-5.53
2030,9,13.0,INDEA,INDNO,4.61
2030,9,13.0,INDNE,INDNO,5.0
2030,9,13.0,INDSO,INDWE,-9.82
2031,9,13.0,INDEA,INDNE,-7.53
2031,9,13.0,INDEA,INDNO,4.28
2031,9,13.0,INDNE,INDNO,7.0
2032,9,13.0,INDEA,INDNE,-9.53
2032,9,13.0,INDEA,INDNO,4.57
2032,9,13.0,INDNE,INDNO,9.0
2033,9,13.0,INDEA,INDNE,-11.53
2033,9,13.0,INDEA,INDNO,4.84
2033,9,13.0,INDNE,INDNO,11.0
2034,9,13.0,INDEA,INDNE,-13.53
2034,9,13.0,INDEA,INDNO,5.01
2034,9,13.0,INDNE,INDNO,13.0
2035,9,13.0,INDEA,INDNE,-15.53
2035,9,13.0,INDEA,INDNO,5.48
2035,9,13.0,INDNE,INDNO,15.0
2036,9,13.0,INDEA,INDNE,-17.53
2036,9,13.0,INDEA,INDNO,5.83
2036,9,13.0,INDNE,INDNO,17.0
2037,9,13.0,INDEA,INDNE,-19.53
2037,9,13.0,INDEA,INDNO,6.18
2037,9,13.0,INDNE,INDNO,19.0
2038,9,13.0,INDEA,INDNE,-21.53
2038,9,13.0,INDEA,INDNO,6.53
2038,9,13.0,INDNE,INDNO,21.0
2039,9,13.0,INDEA,INDNE,-23.53
2039,9,13.0,INDEA,INDNO,6.89
2039,9,13.0,INDNE,INDNO,23.0
2040,9,13.0,INDEA,INDNE,-25.53
2040,9,13.0,INDEA,INDNO,7.24
2040,9,13.0,INDNE,INDNO,25.0
2041,9,13.0,INDEA,INDNE,-27.53
2041,9,13.0,INDEA,INDNO,7.65
2041,9,13.0,INDNE,INDNO,27.0
2042,9,13.0,INDEA,INDNE,-29.54
2042,9,13.0,INDEA,INDNO,8.05
2042,9,13.0,INDNE,INDNO,29.01
2043,9,13.0,INDEA,INDNE,-31.54
2043,9,13.0,INDEA,INDNO,8.45
2043,9,13.0,INDNE,INDNO,31.01
2044,9,13.0,INDEA,INDNE,-33.54
2044,9,13.0,INDEA,INDNO,7.48
2044,9,13.0,INDNE,INDNO,33.01
2045,9,13.0,INDEA,INDNE,-35.54
2045,9,13.0,INDEA,INDNO,5.12
2045,9,13.0,INDNE,INDNO,35.01
2046,9,13.0,INDEA,INDNE,-37.54
2046,9,13.0,INDEA,INDNO,0.76
2046,9,13.0,INDNE,INDNO,37.01
2046,9,13.0,INDNO,INDWE,-3.98
2047,9,13.0,INDEA,INDNE,-39.54
2047,9,13.0,INDNE,INDNO,39.01
2047,9,13.0,INDNO,INDWE,-9.78
2048,9,13.0,INDEA,INDNE,-41.54
2048,9,13.0,INDEA,INDSO,-0.79
2048,9,13.0,INDNE,INDNO,41.01
2048,9,13.0,INDNO,INDWE,-10.56
2049,9,13.0,INDEA,INDNE,-43.54
2049,9,13.0,INDEA,INDSO,-0.9
2049,9,13.0,INDNE,INDNO,43.01
2049,9,13.0,INDNO,INDWE,-11.01
2050,9,13.0,INDEA,INDNE,-45.54
2050,9,13.0,INDEA,INDSO,-0.98
2050,9,13.0,INDNE,INDNO,45.01
2050,9,13.0,INDNO,INDWE,-11.46
2021,9,14.0,INDEA,INDNE,2.86
2022,9,14.0,INDEA,INDNE,2.86
2022,9,14.0,INDNE,INDNO,-0.49
2023,9,14.0,INDEA,INDNE,2.97
2024,9,14.0,INDEA,INDNE,-3.53
2024,9,14.0,INDNE,INDNO,3.0
2025,9,14.0,INDEA,INDNE,-3.53
2025,9,14.0,INDNE,INDNO,3.0
2026,9,14.0,INDEA,INDNE,-3.53
2026,9,14.0,INDNE,INDNO,3.0
2027,9,14.0,INDEA,INDNE,-3.53
2027,9,14.0,INDNE,INDNO,3.0
2027,9,14.0,INDSO,INDWE,-0.49
2028,9,14.0,INDEA,INDNE,-3.53
2028,9,14.0,INDEA,INDNO,0.39
2028,9,14.0,INDNE,INDNO,3.0
2028,9,14.0,INDSO,INDWE,-3.51
2029,9,14.0,INDEA,INDNE,-3.53
2029,9,14.0,INDEA,INDNO,3.61
2029,9,14.0,INDNE,INDNO,3.0
2029,9,14.0,INDSO,INDWE,-6.32
2030,9,14.0,INDEA,INDNE,-5.53
2030,9,14.0,INDEA,INDNO,4.61
2030,9,14.0,INDNE,INDNO,5.0
2030,9,14.0,INDSO,INDWE,-9.82
2031,9,14.0,INDEA,INDNE,-7.53
2031,9,14.0,INDEA,INDNO,4.28
2031,9,14.0,INDNE,INDNO,7.0
2032,9,14.0,INDEA,INDNE,-9.53
2032,9,14.0,INDEA,INDNO,4.57
2032,9,14.0,INDNE,INDNO,9.0
2033,9,14.0,INDEA,INDNE,-11.53
2033,9,14.0,INDEA,INDNO,4.84
2033,9,14.0,INDNE,INDNO,11.0
2034,9,14.0,INDEA,INDNE,-13.53
2034,9,14.0,INDEA,INDNO,5.01
2034,9,14.0,INDNE,INDNO,13.0
2035,9,14.0,INDEA,INDNE,-15.53
2035,9,14.0,INDEA,INDNO,5.48
2035,9,14.0,INDNE,INDNO,15.0
2036,9,14.0,INDEA,INDNE,-17.53
2036,9,14.0,INDEA,INDNO,5.83
2036,9,14.0,INDNE,INDNO,17.0
2037,9,14.0,INDEA,INDNE,-19.53
2037,9,14.0,INDEA,INDNO,6.18
2037,9,14.0,INDNE,INDNO,19.0
2038,9,14.0,INDEA,INDNE,-21.53
2038,9,14.0,INDEA,INDNO,6.53
2038,9,14.0,INDNE,INDNO,21.0
2039,9,14.0,INDEA,INDNE,-23.53
2039,9,14.0,INDEA,INDNO,6.89
2039,9,14.0,INDNE,INDNO,23.0
2040,9,14.0,INDEA,INDNE,-25.53
2040,9,14.0,INDEA,INDNO,7.24
2040,9,14.0,INDNE,INDNO,25.0
2041,9,14.0,INDEA,INDNE,-27.53
2041,9,14.0,INDEA,INDNO,7.65
2041,9,14.0,INDNE,INDNO,27.0
2042,9,14.0,INDEA,INDNE,-29.54
2042,9,14.0,INDEA,INDNO,8.05
2042,9,14.0,INDNE,INDNO,29.01
2043,9,14.0,INDEA,INDNE,-31.54
2043,9,14.0,INDEA,INDNO,8.45
2043,9,14.0,INDNE,INDNO,31.01
2044,9,14.0,INDEA,INDNE,-33.54
2044,9,14.0,INDEA,INDNO,7.48
2044,9,14.0,INDNE,INDNO,33.01
2045,9,14.0,INDEA,INDNE,-35.54
2045,9,14.0,INDEA,INDNO,5.12
2045,9,14.0,INDNE,INDNO,35.01
2046,9,14.0,INDEA,INDNE,-37.54
2046,9,14.0,INDEA,INDNO,0.76
2046,9,14.0,INDNE,INDNO,37.01
2046,9,14.0,INDNO,INDWE,-3.98
2047,9,14.0,INDEA,INDNE,-39.54
2047,9,14.0,INDNE,INDNO,39.01
2047,9,14.0,INDNO,INDWE,-9.78
2048,9,14.0,INDEA,INDNE,-41.54
2048,9,14.0,INDEA,INDSO,-0.79
2048,9,14.0,INDNE,INDNO,41.01
2048,9,14.0,INDNO,INDWE,-10.56
2049,9,14.0,INDEA,INDNE,-43.54
2049,9,14.0,INDEA,INDSO,-0.9
2049,9,14.0,INDNE,INDNO,43.01
2049,9,14.0,INDNO,INDWE,-11.01
2050,9,14.0,INDEA,INDNE,-45.54
2050,9,14.0,INDEA,INDSO,-0.98
2050,9,14.0,INDNE,INDNO,45.01
2050,9,14.0,INDNO,INDWE,-11.46
2021,9,15.0,INDEA,INDNE,2.86
2022,9,15.0,INDEA,INDNE,2.86
2022,9,15.0,INDNE,INDNO,-0.49
2023,9,15.0,INDEA,INDNE,2.97
2024,9,15.0,INDEA,INDNE,-3.53
2024,9,15.0,INDNE,INDNO,3.0
2025,9,15.0,INDEA,INDNE,-3.53
2025,9,15.0,INDNE,INDNO,3.0
2026,9,15.0,INDEA,INDNE,-3.53
2026,9,15.0,INDNE,INDNO,3.0
2027,9,15.0,INDEA,INDNE,-3.53
2027,9,15.0,INDNE,INDNO,3.0
2027,9,15.0,INDSO,INDWE,-0.49
2028,9,15.0,INDEA,INDNE,-3.53
2028,9,15.0,INDEA,INDNO,0.39
2028,9,15.0,INDNE,INDNO,3.0
2028,9,15.0,INDSO,INDWE,-3.51
2029,9,15.0,INDEA,INDNE,-3.53
2029,9,15.0,INDEA,INDNO,3.61
2029,9,15.0,INDNE,INDNO,3.0
2029,9,15.0,INDSO,INDWE,-6.32
2030,9,15.0,INDEA,INDNE,-5.53
2030,9,15.0,INDEA,INDNO,4.61
2030,9,15.0,INDNE,INDNO,5.0
2030,9,15.0,INDSO,INDWE,-9.82
2031,9,15.0,INDEA,INDNE,-7.53
2031,9,15.0,INDEA,INDNO,4.28
2031,9,15.0,INDNE,INDNO,7.0
2032,9,15.0,INDEA,INDNE,-9.53
2032,9,15.0,INDEA,INDNO,4.57
2032,9,15.0,INDNE,INDNO,9.0
2033,9,15.0,INDEA,INDNE,-11.53
2033,9,15.0,INDEA,INDNO,4.84
2033,9,15.0,INDNE,INDNO,11.0
2034,9,15.0,INDEA,INDNE,-13.53
2034,9,15.0,INDEA,INDNO,5.01
2034,9,15.0,INDNE,INDNO,13.0
2035,9,15.0,INDEA,INDNE,-15.53
2035,9,15.0,INDEA,INDNO,5.48
2035,9,15.0,INDNE,INDNO,15.0
2036,9,15.0,INDEA,INDNE,-17.53
2036,9,15.0,INDEA,INDNO,5.83
2036,9,15.0,INDNE,INDNO,17.0
2037,9,15.0,INDEA,INDNE,-19.53
2037,9,15.0,INDEA,INDNO,6.18
2037,9,15.0,INDNE,INDNO,19.0
2038,9,15.0,INDEA,INDNE,-21.53
2038,9,15.0,INDEA,INDNO,6.53
2038,9,15.0,INDNE,INDNO,21.0
2039,9,15.0,INDEA,INDNE,-23.53
2039,9,15.0,INDEA,INDNO,6.89
2039,9,15.0,INDNE,INDNO,23.0
2040,9,15.0,INDEA,INDNE,-25.53
2040,9,15.0,INDEA,INDNO,7.24
2040,9,15.0,INDNE,INDNO,25.0
2041,9,15.0,INDEA,INDNE,-27.53
2041,9,15.0,INDEA,INDNO,7.65
2041,9,15.0,INDNE,INDNO,27.0
2042,9,15.0,INDEA,INDNE,-29.54
2042,9,15.0,INDEA,INDNO,8.05
2042,9,15.0,INDNE,INDNO,29.01
2043,9,15.0,INDEA,INDNE,-31.54
2043,9,15.0,INDEA,INDNO,8.45
2043,9,15.0,INDNE,INDNO,31.01
2044,9,15.0,INDEA,INDNE,-33.54
2044,9,15.0,INDEA,INDNO,7.48
2044,9,15.0,INDNE,INDNO,33.01
2045,9,15.0,INDEA,INDNE,-35.54
2045,9,15.0,INDEA,INDNO,5.12
2045,9,15.0,INDNE,INDNO,35.01
2046,9,15.0,INDEA,INDNE,-37.54
2046,9,15.0,INDEA,INDNO,0.76
2046,9,15.0,INDNE,INDNO,37.01
2046,9,15.0,INDNO,INDWE,-3.98
2047,9,15.0,INDEA,INDNE,-39.54
2047,9,15.0,INDNE,INDNO,39.01
2047,9,15.0,INDNO,INDWE,-9.78
2048,9,15.0,INDEA,INDNE,-41.54
2048,9,15.0,INDEA,INDSO,-0.79
2048,9,15.0,INDNE,INDNO,41.01
2048,9,15.0,INDNO,INDWE,-10.56
2049,9,15.0,INDEA,INDNE,-43.54
2049,9,15.0,INDEA,INDSO,-0.9
2049,9,15.0,INDNE,INDNO,43.01
2049,9,15.0,INDNO,INDWE,-11.01
2050,9,15.0,INDEA,INDNE,-45.54
2050,9,15.0,INDEA,INDSO,-0.98
2050,9,15.0,INDNE,INDNO,45.01
2050,9,15.0,INDNO,INDWE,-11.46
2021,9,16.0,INDEA,INDNE,2.86
2022,9,16.0,INDEA,INDNE,2.86
2022,9,16.0,INDNE,INDNO,-0.49
2023,9,16.0,INDEA,INDNE,2.97
2024,9,16.0,INDEA,INDNE,-3.53
2024,9,16.0,INDNE,INDNO,3.0
2025,9,16.0,INDEA,INDNE,-3.53
2025,9,16.0,INDNE,INDNO,3.0
2026,9,16.0,INDEA,INDNE,-3.53
2026,9,16.0,INDNE,INDNO,3.0
2027,9,16.0,INDEA,INDNE,-3.53
2027,9,16.0,INDNE,INDNO,3.0
2027,9,16.0,INDSO,INDWE,-0.49
2028,9,16.0,INDEA,INDNE,-3.53
2028,9,16.0,INDEA,INDNO,0.39
2028,9,16.0,INDNE,INDNO,3.0
2028,9,16.0,INDSO,INDWE,-3.51
2029,9,16.0,INDEA,INDNE,-3.53
2029,9,16.0,INDEA,INDNO,3.61
2029,9,16.0,INDNE,INDNO,3.0
2029,9,16.0,INDSO,INDWE,-6.32
2030,9,16.0,INDEA,INDNE,-5.53
2030,9,16.0,INDEA,INDNO,4.61
2030,9,16.0,INDNE,INDNO,5.0
2030,9,16.0,INDSO,INDWE,-9.82
2031,9,16.0,INDEA,INDNE,-7.53
2031,9,16.0,INDEA,INDNO,4.28
2031,9,16.0,INDNE,INDNO,7.0
2032,9,16.0,INDEA,INDNE,-9.53
2032,9,16.0,INDEA,INDNO,4.57
2032,9,16.0,INDNE,INDNO,9.0
2033,9,16.0,INDEA,INDNE,-11.53
2033,9,16.0,INDEA,INDNO,4.84
2033,9,16.0,INDNE,INDNO,11.0
2034,9,16.0,INDEA,INDNE,-13.53
2034,9,16.0,INDEA,INDNO,5.01
2034,9,16.0,INDNE,INDNO,13.0
2035,9,16.0,INDEA,INDNE,-15.53
2035,9,16.0,INDEA,INDNO,5.48
2035,9,16.0,INDNE,INDNO,15.0
2036,9,16.0,INDEA,INDNE,-17.53
2036,9,16.0,INDEA,INDNO,5.83
2036,9,16.0,INDNE,INDNO,17.0
2037,9,16.0,INDEA,INDNE,-19.53
2037,9,16.0,INDEA,INDNO,6.18
2037,9,16.0,INDNE,INDNO,19.0
2038,9,16.0,INDEA,INDNE,-21.53
2038,9,16.0,INDEA,INDNO,6.53
2038,9,16.0,INDNE,INDNO,21.0
2039,9,16.0,INDEA,INDNE,-23.53
2039,9,16.0,INDEA,INDNO,6.89
2039,9,16.0,INDNE,INDNO,23.0
2040,9,16.0,INDEA,INDNE,-25.53
2040,9,16.0,INDEA,INDNO,7.24
2040,9,16.0,INDNE,INDNO,25.0
2041,9,16.0,INDEA,INDNE,-27.53
2041,9,16.0,INDEA,INDNO,7.65
2041,9,16.0,INDNE,INDNO,27.0
2042,9,16.0,INDEA,INDNE,-29.54
2042,9,16.0,INDEA,INDNO,8.05
2042,9,16.0,INDNE,INDNO,29.01
2043,9,16.0,INDEA,INDNE,-31.54
2043,9,16.0,INDEA,INDNO,8.45
2043,9,16.0,INDNE,INDNO,31.01
2044,9,16.0,INDEA,INDNE,-33.54
2044,9,16.0,INDEA,INDNO,7.48
2044,9,16.0,INDNE,INDNO,33.01
2045,9,16.0,INDEA,INDNE,-35.54
2045,9,16.0,INDEA,INDNO,5.12
2045,9,16.0,INDNE,INDNO,35.01
2046,9,16.0,INDEA,INDNE,-37.54
2046,9,16.0,INDEA,INDNO,0.76
2046,9,16.0,INDNE,INDNO,37.01
2046,9,16.0,INDNO,INDWE,-3.98
2047,9,16.0,INDEA,INDNE,-39.54
2047,9,16.0,INDNE,INDNO,39.01
2047,9,16.0,INDNO,INDWE,-9.78
2048,9,16.0,INDEA,INDNE,-41.54
2048,9,16.0,INDEA,INDSO,-0.79
2048,9,16.0,INDNE,INDNO,41.01
2048,9,16.0,INDNO,INDWE,-10.56
2049,9,16.0,INDEA,INDNE,-43.54
2049,9,16.0,INDEA,INDSO,-0.9
2049,9,16.0,INDNE,INDNO,43.01
2049,9,16.0,INDNO,INDWE,-11.01
2050,9,16.0,INDEA,INDNE,-45.54
2050,9,16.0,INDEA,INDSO,-0.98
2050,9,16.0,INDNE,INDNO,45.01
2050,9,16.0,INDNO,INDWE,-11.46
2021,9,17.0,INDEA,INDNE,2.86
2022,9,17.0,INDEA,INDNE,2.86
2022,9,17.0,INDNE,INDNO,-0.49
2023,9,17.0,INDEA,INDNE,2.97
2024,9,17.0,INDEA,INDNE,-3.53
2024,9,17.0,INDNE,INDNO,3.0
2025,9,17.0,INDEA,INDNE,-3.53
2025,9,17.0,INDNE,INDNO,3.0
2026,9,17.0,INDEA,INDNE,-3.53
2026,9,17.0,INDNE,INDNO,3.0
2027,9,17.0,INDEA,INDNE,-3.53
2027,9,17.0,INDNE,INDNO,3.0
2027,9,17.0,INDSO,INDWE,-0.49
2028,9,17.0,INDEA,INDNE,-3.53
2028,9,17.0,INDEA,INDNO,0.39
2028,9,17.0,INDNE,INDNO,3.0
2028,9,17.0,INDSO,INDWE,-3.51
2029,9,17.0,INDEA,INDNE,-3.53
2029,9,17.0,INDEA,INDNO,3.61
2029,9,17.0,INDNE,INDNO,3.0
2029,9,17.0,INDSO,INDWE,-6.32
2030,9,17.0,INDEA,INDNE,-5.53
2030,9,17.0,INDEA,INDNO,4.61
2030,9,17.0,INDNE,INDNO,5.0
2030,9,17.0,INDSO,INDWE,-9.82
2031,9,17.0,INDEA,INDNE,-7.53
2031,9,17.0,INDEA,INDNO,4.28
2031,9,17.0,INDNE,INDNO,7.0
2032,9,17.0,INDEA,INDNE,-9.53
2032,9,17.0,INDEA,INDNO,4.57
2032,9,17.0,INDNE,INDNO,9.0
2033,9,17.0,INDEA,INDNE,-11.53
2033,9,17.0,INDEA,INDNO,4.84
2033,9,17.0,INDNE,INDNO,11.0
2034,9,17.0,INDEA,INDNE,-13.53
2034,9,17.0,INDEA,INDNO,5.01
2034,9,17.0,INDNE,INDNO,13.0
2035,9,17.0,INDEA,INDNE,-15.53
2035,9,17.0,INDEA,INDNO,5.48
2035,9,17.0,INDNE,INDNO,15.0
2036,9,17.0,INDEA,INDNE,-17.53
2036,9,17.0,INDEA,INDNO,5.83
2036,9,17.0,INDNE,INDNO,17.0
2037,9,17.0,INDEA,INDNE,-19.53
2037,9,17.0,INDEA,INDNO,6.18
2037,9,17.0,INDNE,INDNO,19.0
2038,9,17.0,INDEA,INDNE,-21.53
2038,9,17.0,INDEA,INDNO,6.53
2038,9,17.0,INDNE,INDNO,21.0
2039,9,17.0,INDEA,INDNE,-23.53
2039,9,17.0,INDEA,INDNO,6.89
2039,9,17.0,INDNE,INDNO,23.0
2040,9,17.0,INDEA,INDNE,-25.53
2040,9,17.0,INDEA,INDNO,7.24
2040,9,17.0,INDNE,INDNO,25.0
2041,9,17.0,INDEA,INDNE,-27.53
2041,9,17.0,INDEA,INDNO,7.65
2041,9,17.0,INDNE,INDNO,27.0
2042,9,17.0,INDEA,INDNE,-29.54
2042,9,17.0,INDEA,INDNO,8.05
2042,9,17.0,INDNE,INDNO,29.01
2043,9,17.0,INDEA,INDNE,-31.54
2043,9,17.0,INDEA,INDNO,8.45
2043,9,17.0,INDNE,INDNO,31.01
2044,9,17.0,INDEA,INDNE,-33.54
2044,9,17.0,INDEA,INDNO,7.48
2044,9,17.0,INDNE,INDNO,33.01
2045,9,17.0,INDEA,INDNE,-35.54
2045,9,17.0,INDEA,INDNO,5.12
2045,9,17.0,INDNE,INDNO,35.01
2046,9,17.0,INDEA,INDNE,-37.54
2046,9,17.0,INDEA,INDNO,0.76
2046,9,17.0,INDNE,INDNO,37.01
2046,9,17.0,INDNO,INDWE,-3.98
2047,9,17.0,INDEA,INDNE,-39.54
2047,9,17.0,INDNE,INDNO,39.01
2047,9,17.0,INDNO,INDWE,-9.78
2048,9,17.0,INDEA,INDNE,-41.54
2048,9,17.0,INDEA,INDSO,-0.79
2048,9,17.0,INDNE,INDNO,41.01
2048,9,17.0,INDNO,INDWE,-10.56
2049,9,17.0,INDEA,INDNE,-43.54
2049,9,17.0,INDEA,INDSO,-0.9
2049,9,17.0,INDNE,INDNO,43.01
2049,9,17.0,INDNO,INDWE,-11.01
2050,9,17.0,INDEA,INDNE,-45.54
2050,9,17.0,INDEA,INDSO,-0.98
2050,9,17.0,INDNE,INDNO,45.01
2050,9,17.0,INDNO,INDWE,-11.46
2021,9,18.0,INDEA,INDNE,2.86
2022,9,18.0,INDEA,INDNE,2.86
2022,9,18.0,INDNE,INDNO,-0.49
2023,9,18.0,INDEA,INDNE,2.97
2024,9,18.0,INDEA,INDNE,-3.53
2024,9,18.0,INDNE,INDNO,3.0
2025,9,18.0,INDEA,INDNE,-3.53
2025,9,18.0,INDNE,INDNO,3.0
2026,9,18.0,INDEA,INDNE,-3.53
2026,9,18.0,INDNE,INDNO,3.0
2027,9,18.0,INDEA,INDNE,-3.53
2027,9,18.0,INDNE,INDNO,3.0
2027,9,18.0,INDSO,INDWE,-0.49
2028,9,18.0,INDEA,INDNE,-3.53
2028,9,18.0,INDEA,INDNO,0.39
2028,9,18.0,INDNE,INDNO,3.0
2028,9,18.0,INDSO,INDWE,-3.51
2029,9,18.0,INDEA,INDNE,-3.53
2029,9,18.0,INDEA,INDNO,3.61
2029,9,18.0,INDNE,INDNO,3.0
2029,9,18.0,INDSO,INDWE,-6.32
2030,9,18.0,INDEA,INDNE,-5.53
2030,9,18.0,INDEA,INDNO,4.61
2030,9,18.0,INDNE,INDNO,5.0
2030,9,18.0,INDSO,INDWE,-9.82
2031,9,18.0,INDEA,INDNE,-7.53
2031,9,18.0,INDEA,INDNO,4.28
2031,9,18.0,INDNE,INDNO,7.0
2032,9,18.0,INDEA,INDNE,-9.53
2032,9,18.0,INDEA,INDNO,4.57
2032,9,18.0,INDNE,INDNO,9.0
2033,9,18.0,INDEA,INDNE,-11.53
2033,9,18.0,INDEA,INDNO,4.84
2033,9,18.0,INDNE,INDNO,11.0
2034,9,18.0,INDEA,INDNE,-13.53
2034,9,18.0,INDEA,INDNO,5.01
2034,9,18.0,INDNE,INDNO,13.0
2035,9,18.0,INDEA,INDNE,-15.53
2035,9,18.0,INDEA,INDNO,5.48
2035,9,18.0,INDNE,INDNO,15.0
2036,9,18.0,INDEA,INDNE,-17.53
2036,9,18.0,INDEA,INDNO,5.83
2036,9,18.0,INDNE,INDNO,17.0
2037,9,18.0,INDEA,INDNE,-19.53
2037,9,18.0,INDEA,INDNO,6.18
2037,9,18.0,INDNE,INDNO,19.0
2038,9,18.0,INDEA,INDNE,-21.53
2038,9,18.0,INDEA,INDNO,6.53
2038,9,18.0,INDNE,INDNO,21.0
2039,9,18.0,INDEA,INDNE,-23.53
2039,9,18.0,INDEA,INDNO,6.89
2039,9,18.0,INDNE,INDNO,23.0
2040,9,18.0,INDEA,INDNE,-25.53
2040,9,18.0,INDEA,INDNO,7.24
2040,9,18.0,INDNE,INDNO,25.0
2041,9,18.0,INDEA,INDNE,-27.53
2041,9,18.0,INDEA,INDNO,7.65
2041,9,18.0,INDNE,INDNO,27.0
2042,9,18.0,INDEA,INDNE,-29.54
2042,9,18.0,INDEA,INDNO,8.05
2042,9,18.0,INDNE,INDNO,29.01
2043,9,18.0,INDEA,INDNE,-31.54
2043,9,18.0,INDEA,INDNO,8.45
2043,9,18.0,INDNE,INDNO,31.01
2044,9,18.0,INDEA,INDNE,-33.54
2044,9,18.0,INDEA,INDNO,7.48
2044,9,18.0,INDNE,INDNO,33.01
2045,9,18.0,INDEA,INDNE,-35.54
2045,9,18.0,INDEA,INDNO,5.12
2045,9,18.0,INDNE,INDNO,35.01
2046,9,18.0,INDEA,INDNE,-37.54
2046,9,18.0,INDEA,INDNO,0.76
2046,9,18.0,INDNE,INDNO,37.01
2046,9,18.0,INDNO,INDWE,-3.98
2047,9,18.0,INDEA,INDNE,-39.54
2047,9,18.0,INDNE,INDNO,39.01
2047,9,18.0,INDNO,INDWE,-9.78
2048,9,18.0,INDEA,INDNE,-41.54
2048,9,18.0,INDEA,INDSO,-0.79
2048,9,18.0,INDNE,INDNO,41.01
2048,9,18.0,INDNO,INDWE,-10.56
2049,9,18.0,INDEA,INDNE,-43.54
2049,9,18.0,INDEA,INDSO,-0.9
2049,9,18.0,INDNE,INDNO,43.01
2049,9,18.0,INDNO,INDWE,-11.01
2050,9,18.0,INDEA,INDNE,-45.54
2050,9,18.0,INDEA,INDSO,-0.98
2050,9,18.0,INDNE,INDNO,45.01
2050,9,18.0,INDNO,INDWE,-11.46
2021,9,19.0,INDEA,INDNE,2.86
2022,9,19.0,INDEA,INDNE,2.86
2022,9,19.0,INDNE,INDNO,-0.49
2023,9,19.0,INDEA,INDNE,2.97
2024,9,19.0,INDEA,INDNE,-3.53
2024,9,19.0,INDNE,INDNO,3.0
2025,9,19.0,INDEA,INDNE,-3.53
2025,9,19.0,INDNE,INDNO,3.0
2026,9,19.0,INDEA,INDNE,-3.53
2026,9,19.0,INDNE,INDNO,3.0
2027,9,19.0,INDEA,INDNE,-3.53
2027,9,19.0,INDNE,INDNO,3.0
2027,9,19.0,INDSO,INDWE,-0.49
2028,9,19.0,INDEA,INDNE,-3.53
2028,9,19.0,INDEA,INDNO,0.39
2028,9,19.0,INDNE,INDNO,3.0
2028,9,19.0,INDSO,INDWE,-3.51
2029,9,19.0,INDEA,INDNE,-3.53
2029,9,19.0,INDEA,INDNO,3.61
2029,9,19.0,INDNE,INDNO,3.0
2029,9,19.0,INDSO,INDWE,-6.32
2030,9,19.0,INDEA,INDNE,-5.53
2030,9,19.0,INDEA,INDNO,4.61
2030,9,19.0,INDNE,INDNO,5.0
2030,9,19.0,INDSO,INDWE,-9.82
2031,9,19.0,INDEA,INDNE,-7.53
2031,9,19.0,INDEA,INDNO,4.28
2031,9,19.0,INDNE,INDNO,7.0
2032,9,19.0,INDEA,INDNE,-9.53
2032,9,19.0,INDEA,INDNO,4.57
2032,9,19.0,INDNE,INDNO,9.0
2033,9,19.0,INDEA,INDNE,-11.53
2033,9,19.0,INDEA,INDNO,4.84
2033,9,19.0,INDNE,INDNO,11.0
2034,9,19.0,INDEA,INDNE,-13.53
2034,9,19.0,INDEA,INDNO,5.01
2034,9,19.0,INDNE,INDNO,13.0
2035,9,19.0,INDEA,INDNE,-15.53
2035,9,19.0,INDEA,INDNO,5.48
2035,9,19.0,INDNE,INDNO,15.0
2036,9,19.0,INDEA,INDNE,-17.53
2036,9,19.0,INDEA,INDNO,5.83
2036,9,19.0,INDNE,INDNO,17.0
2037,9,19.0,INDEA,INDNE,-19.53
2037,9,19.0,INDEA,INDNO,6.18
2037,9,19.0,INDNE,INDNO,19.0
2038,9,19.0,INDEA,INDNE,-21.53
2038,9,19.0,INDEA,INDNO,6.53
2038,9,19.0,INDNE,INDNO,21.0
2039,9,19.0,INDEA,INDNE,-23.53
2039,9,19.0,INDEA,INDNO,6.89
2039,9,19.0,INDNE,INDNO,23.0
2040,9,19.0,INDEA,INDNE,-25.53
2040,9,19.0,INDEA,INDNO,7.24
2040,9,19.0,INDNE,INDNO,25.0
2041,9,19.0,INDEA,INDNE,-27.53
2041,9,19.0,INDEA,INDNO,7.65
2041,9,19.0,INDNE,INDNO,27.0
2042,9,19.0,INDEA,INDNE,-29.54
2042,9,19.0,INDEA,INDNO,8.05
2042,9,19.0,INDNE,INDNO,29.01
2043,9,19.0,INDEA,INDNE,-31.54
2043,9,19.0,INDEA,INDNO,8.45
2043,9,19.0,INDNE,INDNO,31.01
2044,9,19.0,INDEA,INDNE,-33.54
2044,9,19.0,INDEA,INDNO,7.48
2044,9,19.0,INDNE,INDNO,33.01
2045,9,19.0,INDEA,INDNE,-35.54
2045,9,19.0,INDEA,INDNO,5.12
2045,9,19.0,INDNE,INDNO,35.01
2046,9,19.0,INDEA,INDNE,-37.54
2046,9,19.0,INDEA,INDNO,0.76
2046,9,19.0,INDNE,INDNO,37.01
2046,9,19.0,INDNO,INDWE,-3.98
2047,9,19.0,INDEA,INDNE,-39.54
2047,9,19.0,INDNE,INDNO,39.01
2047,9,19.0,INDNO,INDWE,-9.78
2048,9,19.0,INDEA,INDNE,-41.54
2048,9,19.0,INDEA,INDSO,-0.79
2048,9,19.0,INDNE,INDNO,41.01
2048,9,19.0,INDNO,INDWE,-10.56
2049,9,19.0,INDEA,INDNE,-43.54
2049,9,19.0,INDEA,INDSO,-0.9
2049,9,19.0,INDNE,INDNO,43.01
2049,9,19.0,INDNO,INDWE,-11.01
2050,9,19.0,INDEA,INDNE,-45.54
2050,9,19.0,INDEA,INDSO,-0.98
2050,9,19.0,INDNE,INDNO,45.01
2050,9,19.0,INDNO,INDWE,-11.46
2021,9,20.0,INDEA,INDNE,2.86
2022,9,20.0,INDEA,INDNE,2.86
2022,9,20.0,INDNE,INDNO,-0.49
2023,9,20.0,INDEA,INDNE,2.97
2024,9,20.0,INDEA,INDNE,-3.53
2024,9,20.0,INDNE,INDNO,3.0
2025,9,20.0,INDEA,INDNE,-3.53
2025,9,20.0,INDNE,INDNO,3.0
2026,9,20.0,INDEA,INDNE,-3.53
2026,9,20.0,INDNE,INDNO,3.0
2027,9,20.0,INDEA,INDNE,-3.53
2027,9,20.0,INDNE,INDNO,3.0
2027,9,20.0,INDSO,INDWE,-0.49
2028,9,20.0,INDEA,INDNE,-3.53
2028,9,20.0,INDEA,INDNO,0.39
2028,9,20.0,INDNE,INDNO,3.0
2028,9,20.0,INDSO,INDWE,-3.51
2029,9,20.0,INDEA,INDNE,-3.53
2029,9,20.0,INDEA,INDNO,3.61
2029,9,20.0,INDNE,INDNO,3.0
2029,9,20.0,INDSO,INDWE,-6.32
2030,9,20.0,INDEA,INDNE,-5.53
2030,9,20.0,INDEA,INDNO,4.61
2030,9,20.0,INDNE,INDNO,5.0
2030,9,20.0,INDSO,INDWE,-9.82
2031,9,20.0,INDEA,INDNE,-7.53
2031,9,20.0,INDEA,INDNO,4.28
2031,9,20.0,INDNE,INDNO,7.0
2032,9,20.0,INDEA,INDNE,-9.53
2032,9,20.0,INDEA,INDNO,4.57
2032,9,20.0,INDNE,INDNO,9.0
2033,9,20.0,INDEA,INDNE,-11.53
2033,9,20.0,INDEA,INDNO,4.84
2033,9,20.0,INDNE,INDNO,11.0
2034,9,20.0,INDEA,INDNE,-13.53
2034,9,20.0,INDEA,INDNO,5.01
2034,9,20.0,INDNE,INDNO,13.0
2035,9,20.0,INDEA,INDNE,-15.53
2035,9,20.0,INDEA,INDNO,5.48
2035,9,20.0,INDNE,INDNO,15.0
2036,9,20.0,INDEA,INDNE,-17.53
2036,9,20.0,INDEA,INDNO,5.83
2036,9,20.0,INDNE,INDNO,17.0
2037,9,20.0,INDEA,INDNE,-19.53
2037,9,20.0,INDEA,INDNO,6.18
2037,9,20.0,INDNE,INDNO,19.0
2038,9,20.0,INDEA,INDNE,-21.53
2038,9,20.0,INDEA,INDNO,6.53
2038,9,20.0,INDNE,INDNO,21.0
2039,9,20.0,INDEA,INDNE,-23.53
2039,9,20.0,INDEA,INDNO,6.89
2039,9,20.0,INDNE,INDNO,23.0
2040,9,20.0,INDEA,INDNE,-25.53
2040,9,20.0,INDEA,INDNO,7.24
2040,9,20.0,INDNE,INDNO,25.0
2041,9,20.0,INDEA,INDNE,-27.53
2041,9,20.0,INDEA,INDNO,7.65
2041,9,20.0,INDNE,INDNO,27.0
2042,9,20.0,INDEA,INDNE,-29.54
2042,9,20.0,INDEA,INDNO,8.05
2042,9,20.0,INDNE,INDNO,29.01
2043,9,20.0,INDEA,INDNE,-31.54
2043,9,20.0,INDEA,INDNO,8.45
2043,9,20.0,INDNE,INDNO,31.01
2044,9,20.0,INDEA,INDNE,-33.54
2044,9,20.0,INDEA,INDNO,7.48
2044,9,20.0,INDNE,INDNO,33.01
2045,9,20.0,INDEA,INDNE,-35.54
2045,9,20.0,INDEA,INDNO,5.12
2045,9,20.0,INDNE,INDNO,35.01
2046,9,20.0,INDEA,INDNE,-37.54
2046,9,20.0,INDEA,INDNO,0.76
2046,9,20.0,INDNE,INDNO,37.01
2046,9,20.0,INDNO,INDWE,-3.98
2047,9,20.0,INDEA,INDNE,-39.54
2047,9,20.0,INDNE,INDNO,39.01
2047,9,20.0,INDNO,INDWE,-9.78
2048,9,20.0,INDEA,INDNE,-41.54
2048,9,20.0,INDEA,INDSO,-0.79
2048,9,20.0,INDNE,INDNO,41.01
2048,9,20.0,INDNO,INDWE,-10.56
2049,9,20.0,INDEA,INDNE,-43.54
2049,9,20.0,INDEA,INDSO,-0.9
2049,9,20.0,INDNE,INDNO,43.01
2049,9,20.0,INDNO,INDWE,-11.01
2050,9,20.0,INDEA,INDNE,-45.54
2050,9,20.0,INDEA,INDSO,-0.98
2050,9,20.0,INDNE,INDNO,45.01
2050,9,20.0,INDNO,INDWE,-11.46
2021,9,21.0,INDEA,INDNE,2.86
2022,9,21.0,INDEA,INDNE,2.86
2022,9,21.0,INDNE,INDNO,-0.49
2023,9,21.0,INDEA,INDNE,2.97
2024,9,21.0,INDEA,INDNE,-3.53
2024,9,21.0,INDNE,INDNO,3.0
2025,9,21.0,INDEA,INDNE,-3.53
2025,9,21.0,INDNE,INDNO,3.0
2026,9,21.0,INDEA,INDNE,-3.53
2026,9,21.0,INDNE,INDNO,3.0
2027,9,21.0,INDEA,INDNE,-3.53
2027,9,21.0,INDNE,INDNO,3.0
2027,9,21.0,INDSO,INDWE,-0.49
2028,9,21.0,INDEA,INDNE,-3.53
2028,9,21.0,INDEA,INDNO,0.39
2028,9,21.0,INDNE,INDNO,3.0
2028,9,21.0,INDSO,INDWE,-3.51
2029,9,21.0,INDEA,INDNE,-3.53
2029,9,21.0,INDEA,INDNO,3.61
2029,9,21.0,INDNE,INDNO,3.0
2029,9,21.0,INDSO,INDWE,-6.32
2030,9,21.0,INDEA,INDNE,-5.53
2030,9,21.0,INDEA,INDNO,4.61
2030,9,21.0,INDNE,INDNO,5.0
2030,9,21.0,INDSO,INDWE,-9.82
2031,9,21.0,INDEA,INDNE,-7.53
2031,9,21.0,INDEA,INDNO,4.28
2031,9,21.0,INDNE,INDNO,7.0
2032,9,21.0,INDEA,INDNE,-9.53
2032,9,21.0,INDEA,INDNO,4.57
2032,9,21.0,INDNE,INDNO,9.0
2033,9,21.0,INDEA,INDNE,-11.53
2033,9,21.0,INDEA,INDNO,4.84
2033,9,21.0,INDNE,INDNO,11.0
2034,9,21.0,INDEA,INDNE,-13.53
2034,9,21.0,INDEA,INDNO,5.01
2034,9,21.0,INDNE,INDNO,13.0
2035,9,21.0,INDEA,INDNE,-15.53
2035,9,21.0,INDEA,INDNO,5.48
2035,9,21.0,INDNE,INDNO,15.0
2036,9,21.0,INDEA,INDNE,-17.53
2036,9,21.0,INDEA,INDNO,5.83
2036,9,21.0,INDNE,INDNO,17.0
2037,9,21.0,INDEA,INDNE,-19.53
2037,9,21.0,INDEA,INDNO,6.18
2037,9,21.0,INDNE,INDNO,19.0
2038,9,21.0,INDEA,INDNE,-21.53
2038,9,21.0,INDEA,INDNO,6.53
2038,9,21.0,INDNE,INDNO,21.0
2039,9,21.0,INDEA,INDNE,-23.53
2039,9,21.0,INDEA,INDNO,6.89
2039,9,21.0,INDNE,INDNO,23.0
2040,9,21.0,INDEA,INDNE,-25.53
2040,9,21.0,INDEA,INDNO,7.24
2040,9,21.0,INDNE,INDNO,25.0
2041,9,21.0,INDEA,INDNE,-27.53
2041,9,21.0,INDEA,INDNO,7.65
2041,9,21.0,INDNE,INDNO,27.0
2042,9,21.0,INDEA,INDNE,-29.54
2042,9,21.0,INDEA,INDNO,8.05
2042,9,21.0,INDNE,INDNO,29.01
2043,9,21.0,INDEA,INDNE,-31.54
2043,9,21.0,INDEA,INDNO,8.45
2043,9,21.0,INDNE,INDNO,31.01
2044,9,21.0,INDEA,INDNE,-33.54
2044,9,21.0,INDEA,INDNO,7.48
2044,9,21.0,INDNE,INDNO,33.01
2045,9,21.0,INDEA,INDNE,-35.54
2045,9,21.0,INDEA,INDNO,5.12
2045,9,21.0,INDNE,INDNO,35.01
2046,9,21.0,INDEA,INDNE,-37.54
2046,9,21.0,INDEA,INDNO,0.76
2046,9,21.0,INDNE,INDNO,37.01
2046,9,21.0,INDNO,INDWE,-3.98
2047,9,21.0,INDEA,INDNE,-39.54
2047,9,21.0,INDNE,INDNO,39.01
2047,9,21.0,INDNO,INDWE,-9.78
2048,9,21.0,INDEA,INDNE,-41.54
2048,9,21.0,INDEA,INDSO,-0.79
2048,9,21.0,INDNE,INDNO,41.01
2048,9,21.0,INDNO,INDWE,-10.56
2049,9,21.0,INDEA,INDNE,-43.54
2049,9,21.0,INDEA,INDSO,-0.9
2049,9,21.0,INDNE,INDNO,43.01
2049,9,21.0,INDNO,INDWE,-11.01
2050,9,21.0,INDEA,INDNE,-45.54
2050,9,21.0,INDEA,INDSO,-0.98
2050,9,21.0,INDNE,INDNO,45.01
2050,9,21.0,INDNO,INDWE,-11.46
2021,9,22.0,INDEA,INDNE,2.86
2022,9,22.0,INDEA,INDNE,2.86
2022,9,22.0,INDNE,INDNO,-0.49
2023,9,22.0,INDEA,INDNE,2.97
2024,9,22.0,INDEA,INDNE,-3.53
2024,9,22.0,INDNE,INDNO,3.0
2025,9,22.0,INDEA,INDNE,-3.53
2025,9,22.0,INDNE,INDNO,3.0
2026,9,22.0,INDEA,INDNE,-3.53
2026,9,22.0,INDNE,INDNO,3.0
2027,9,22.0,INDEA,INDNE,-3.53
2027,9,22.0,INDNE,INDNO,3.0
2027,9,22.0,INDSO,INDWE,-0.49
2028,9,22.0,INDEA,INDNE,-3.53
2028,9,22.0,INDEA,INDNO,0.39
2028,9,22.0,INDNE,INDNO,3.0
2028,9,22.0,INDSO,INDWE,-3.51
2029,9,22.0,INDEA,INDNE,-3.53
2029,9,22.0,INDEA,INDNO,3.61
2029,9,22.0,INDNE,INDNO,3.0
2029,9,22.0,INDSO,INDWE,-6.32
2030,9,22.0,INDEA,INDNE,-5.53
2030,9,22.0,INDEA,INDNO,4.61
2030,9,22.0,INDNE,INDNO,5.0
2030,9,22.0,INDSO,INDWE,-9.82
2031,9,22.0,INDEA,INDNE,-7.53
2031,9,22.0,INDEA,INDNO,4.28
2031,9,22.0,INDNE,INDNO,7.0
2032,9,22.0,INDEA,INDNE,-9.53
2032,9,22.0,INDEA,INDNO,4.57
2032,9,22.0,INDNE,INDNO,9.0
2033,9,22.0,INDEA,INDNE,-11.53
2033,9,22.0,INDEA,INDNO,4.84
2033,9,22.0,INDNE,INDNO,11.0
2034,9,22.0,INDEA,INDNE,-13.53
2034,9,22.0,INDEA,INDNO,5.01
2034,9,22.0,INDNE,INDNO,13.0
2035,9,22.0,INDEA,INDNE,-15.53
2035,9,22.0,INDEA,INDNO,5.48
2035,9,22.0,INDNE,INDNO,15.0
2036,9,22.0,INDEA,INDNE,-17.53
2036,9,22.0,INDEA,INDNO,5.83
2036,9,22.0,INDNE,INDNO,17.0
2037,9,22.0,INDEA,INDNE,-19.53
2037,9,22.0,INDEA,INDNO,6.18
2037,9,22.0,INDNE,INDNO,19.0
2038,9,22.0,INDEA,INDNE,-21.53
2038,9,22.0,INDEA,INDNO,6.53
2038,9,22.0,INDNE,INDNO,21.0
2039,9,22.0,INDEA,INDNE,-23.53
2039,9,22.0,INDEA,INDNO,6.89
2039,9,22.0,INDNE,INDNO,23.0
2040,9,22.0,INDEA,INDNE,-25.53
2040,9,22.0,INDEA,INDNO,7.24
2040,9,22.0,INDNE,INDNO,25.0
2041,9,22.0,INDEA,INDNE,-27.53
2041,9,22.0,INDEA,INDNO,7.65
2041,9,22.0,INDNE,INDNO,27.0
2042,9,22.0,INDEA,INDNE,-29.54
2042,9,22.0,INDEA,INDNO,8.05
2042,9,22.0,INDNE,INDNO,29.01
2043,9,22.0,INDEA,INDNE,-31.54
2043,9,22.0,INDEA,INDNO,8.45
2043,9,22.0,INDNE,INDNO,31.01
2044,9,22.0,INDEA,INDNE,-33.54
2044,9,22.0,INDEA,INDNO,7.48
2044,9,22.0,INDNE,INDNO,33.01
2045,9,22.0,INDEA,INDNE,-35.54
2045,9,22.0,INDEA,INDNO,5.12
2045,9,22.0,INDNE,INDNO,35.01
2046,9,22.0,INDEA,INDNE,-37.54
2046,9,22.0,INDEA,INDNO,0.76
2046,9,22.0,INDNE,INDNO,37.01
2046,9,22.0,INDNO,INDWE,-3.98
2047,9,22.0,INDEA,INDNE,-39.54
2047,9,22.0,INDNE,INDNO,39.01
2047,9,22.0,INDNO,INDWE,-9.78
2048,9,22.0,INDEA,INDNE,-41.54
2048,9,22.0,INDEA,INDSO,-0.79
2048,9,22.0,INDNE,INDNO,41.01
2048,9,22.0,INDNO,INDWE,-10.56
2049,9,22.0,INDEA,INDNE,-43.54
2049,9,22.0,INDEA,INDSO,-0.9
2049,9,22.0,INDNE,INDNO,43.01
2049,9,22.0,INDNO,INDWE,-11.01
2050,9,22.0,INDEA,INDNE,-45.54
2050,9,22.0,INDEA,INDSO,-0.98
2050,9,22.0,INDNE,INDNO,45.01
2050,9,22.0,INDNO,INDWE,-11.46
2021,9,23.0,INDEA,INDNE,2.86
2022,9,23.0,INDEA,INDNE,2.86
2022,9,23.0,INDNE,INDNO,-0.49
2023,9,23.0,INDEA,INDNE,2.97
2024,9,23.0,INDEA,INDNE,-3.53
2024,9,23.0,INDNE,INDNO,3.0
2025,9,23.0,INDEA,INDNE,-3.53
2025,9,23.0,INDNE,INDNO,3.0
2026,9,23.0,INDEA,INDNE,-3.53
2026,9,23.0,INDNE,INDNO,3.0
2027,9,23.0,INDEA,INDNE,-3.53
2027,9,23.0,INDNE,INDNO,3.0
2027,9,23.0,INDSO,INDWE,-0.49
2028,9,23.0,INDEA,INDNE,-3.53
2028,9,23.0,INDEA,INDNO,0.39
2028,9,23.0,INDNE,INDNO,3.0
2028,9,23.0,INDSO,INDWE,-3.51
2029,9,23.0,INDEA,INDNE,-3.53
2029,9,23.0,INDEA,INDNO,3.61
2029,9,23.0,INDNE,INDNO,3.0
2029,9,23.0,INDSO,INDWE,-6.32
2030,9,23.0,INDEA,INDNE,-5.53
2030,9,23.0,INDEA,INDNO,4.61
2030,9,23.0,INDNE,INDNO,5.0
2030,9,23.0,INDSO,INDWE,-9.82
2031,9,23.0,INDEA,INDNE,-7.53
2031,9,23.0,INDEA,INDNO,4.28
2031,9,23.0,INDNE,INDNO,7.0
2032,9,23.0,INDEA,INDNE,-9.53
2032,9,23.0,INDEA,INDNO,4.57
2032,9,23.0,INDNE,INDNO,9.0
2033,9,23.0,INDEA,INDNE,-11.53
2033,9,23.0,INDEA,INDNO,4.84
2033,9,23.0,INDNE,INDNO,11.0
2034,9,23.0,INDEA,INDNE,-13.53
2034,9,23.0,INDEA,INDNO,5.01
2034,9,23.0,INDNE,INDNO,13.0
2035,9,23.0,INDEA,INDNE,-15.53
2035,9,23.0,INDEA,INDNO,5.48
2035,9,23.0,INDNE,INDNO,15.0
2036,9,23.0,INDEA,INDNE,-17.53
2036,9,23.0,INDEA,INDNO,5.83
2036,9,23.0,INDNE,INDNO,17.0
2037,9,23.0,INDEA,INDNE,-19.53
2037,9,23.0,INDEA,INDNO,6.18
2037,9,23.0,INDNE,INDNO,19.0
2038,9,23.0,INDEA,INDNE,-21.53
2038,9,23.0,INDEA,INDNO,6.53
2038,9,23.0,INDNE,INDNO,21.0
2039,9,23.0,INDEA,INDNE,-23.53
2039,9,23.0,INDEA,INDNO,6.89
2039,9,23.0,INDNE,INDNO,23.0
2040,9,23.0,INDEA,INDNE,-25.53
2040,9,23.0,INDEA,INDNO,7.24
2040,9,23.0,INDNE,INDNO,25.0
2041,9,23.0,INDEA,INDNE,-27.53
2041,9,23.0,INDEA,INDNO,7.65
2041,9,23.0,INDNE,INDNO,27.0
2042,9,23.0,INDEA,INDNE,-29.54
2042,9,23.0,INDEA,INDNO,8.05
2042,9,23.0,INDNE,INDNO,29.01
2043,9,23.0,INDEA,INDNE,-31.54
2043,9,23.0,INDEA,INDNO,8.45
2043,9,23.0,INDNE,INDNO,31.01
2044,9,23.0,INDEA,INDNE,-33.54
2044,9,23.0,INDEA,INDNO,7.48
2044,9,23.0,INDNE,INDNO,33.01
2045,9,23.0,INDEA,INDNE,-35.54
2045,9,23.0,INDEA,INDNO,5.12
2045,9,23.0,INDNE,INDNO,35.01
2046,9,23.0,INDEA,INDNE,-37.54
2046,9,23.0,INDEA,INDNO,0.76
2046,9,23.0,INDNE,INDNO,37.01
2046,9,23.0,INDNO,INDWE,-3.98
2047,9,23.0,INDEA,INDNE,-39.54
2047,9,23.0,INDNE,INDNO,39.01
2047,9,23.0,INDNO,INDWE,-9.78
2048,9,23.0,INDEA,INDNE,-41.54
2048,9,23.0,INDEA,INDSO,-0.79
2048,9,23.0,INDNE,INDNO,41.01
2048,9,23.0,INDNO,INDWE,-10.56
2049,9,23.0,INDEA,INDNE,-43.54
2049,9,23.0,INDEA,INDSO,-0.9
2049,9,23.0,INDNE,INDNO,43.01
2049,9,23.0,INDNO,INDWE,-11.01
2050,9,23.0,INDEA,INDNE,-45.54
2050,9,23.0,INDEA,INDSO,-0.98
2050,9,23.0,INDNE,INDNO,45.01
2050,9,23.0,INDNO,INDWE,-11.46
2021,9,24.0,INDEA,INDNE,2.86
2022,9,24.0,INDEA,INDNE,2.86
2022,9,24.0,INDNE,INDNO,-0.49
2023,9,24.0,INDEA,INDNE,2.97
2024,9,24.0,INDEA,INDNE,-3.53
2024,9,24.0,INDNE,INDNO,3.0
2025,9,24.0,INDEA,INDNE,-3.53
2025,9,24.0,INDNE,INDNO,3.0
2026,9,24.0,INDEA,INDNE,-3.53
2026,9,24.0,INDNE,INDNO,3.0
2027,9,24.0,INDEA,INDNE,-3.53
2027,9,24.0,INDNE,INDNO,3.0
2027,9,24.0,INDSO,INDWE,-0.49
2028,9,24.0,INDEA,INDNE,-3.53
2028,9,24.0,INDEA,INDNO,0.39
2028,9,24.0,INDNE,INDNO,3.0
2028,9,24.0,INDSO,INDWE,-3.51
2029,9,24.0,INDEA,INDNE,-3.53
2029,9,24.0,INDEA,INDNO,3.61
2029,9,24.0,INDNE,INDNO,3.0
2029,9,24.0,INDSO,INDWE,-6.32
2030,9,24.0,INDEA,INDNE,-5.53
2030,9,24.0,INDEA,INDNO,4.61
2030,9,24.0,INDNE,INDNO,5.0
2030,9,24.0,INDSO,INDWE,-9.82
2031,9,24.0,INDEA,INDNE,-7.53
2031,9,24.0,INDEA,INDNO,4.28
2031,9,24.0,INDNE,INDNO,7.0
2032,9,24.0,INDEA,INDNE,-9.53
2032,9,24.0,INDEA,INDNO,4.57
2032,9,24.0,INDNE,INDNO,9.0
2033,9,24.0,INDEA,INDNE,-11.53
2033,9,24.0,INDEA,INDNO,4.84
2033,9,24.0,INDNE,INDNO,11.0
2034,9,24.0,INDEA,INDNE,-13.53
2034,9,24.0,INDEA,INDNO,5.01
2034,9,24.0,INDNE,INDNO,13.0
2035,9,24.0,INDEA,INDNE,-15.53
2035,9,24.0,INDEA,INDNO,5.48
2035,9,24.0,INDNE,INDNO,15.0
2036,9,24.0,INDEA,INDNE,-17.53
2036,9,24.0,INDEA,INDNO,5.83
2036,9,24.0,INDNE,INDNO,17.0
2037,9,24.0,INDEA,INDNE,-19.53
2037,9,24.0,INDEA,INDNO,6.18
2037,9,24.0,INDNE,INDNO,19.0
2038,9,24.0,INDEA,INDNE,-21.53
2038,9,24.0,INDEA,INDNO,6.53
2038,9,24.0,INDNE,INDNO,21.0
2039,9,24.0,INDEA,INDNE,-23.53
2039,9,24.0,INDEA,INDNO,6.89
2039,9,24.0,INDNE,INDNO,23.0
2040,9,24.0,INDEA,INDNE,-25.53
2040,9,24.0,INDEA,INDNO,7.24
2040,9,24.0,INDNE,INDNO,25.0
2041,9,24.0,INDEA,INDNE,-27.53
2041,9,24.0,INDEA,INDNO,7.65
2041,9,24.0,INDNE,INDNO,27.0
2042,9,24.0,INDEA,INDNE,-29.54
2042,9,24.0,INDEA,INDNO,8.05
2042,9,24.0,INDNE,INDNO,29.01
2043,9,24.0,INDEA,INDNE,-31.54
2043,9,24.0,INDEA,INDNO,8.45
2043,9,24.0,INDNE,INDNO,31.01
2044,9,24.0,INDEA,INDNE,-33.54
2044,9,24.0,INDEA,INDNO,7.48
2044,9,24.0,INDNE,INDNO,33.01
2045,9,24.0,INDEA,INDNE,-35.54
2045,9,24.0,INDEA,INDNO,5.12
2045,9,24.0,INDNE,INDNO,35.01
2046,9,24.0,INDEA,INDNE,-37.54
2046,9,24.0,INDEA,INDNO,0.76
2046,9,24.0,INDNE,INDNO,37.01
2046,9,24.0,INDNO,INDWE,-3.98
2047,9,24.0,INDEA,INDNE,-39.54
2047,9,24.0,INDNE,INDNO,39.01
2047,9,24.0,INDNO,INDWE,-9.78
2048,9,24.0,INDEA,INDNE,-41.54
2048,9,24.0,INDEA,INDSO,-0.79
2048,9,24.0,INDNE,INDNO,41.01
2048,9,24.0,INDNO,INDWE,-10.56
2049,9,24.0,INDEA,INDNE,-43.54
2049,9,24.0,INDEA,INDSO,-0.9
2049,9,24.0,INDNE,INDNO,43.01
2049,9,24.0,INDNO,INDWE,-11.01
2050,9,24.0,INDEA,INDNE,-45.54
2050,9,24.0,INDEA,INDSO,-0.98
2050,9,24.0,INDNE,INDNO,45.01
2050,9,24.0,INDNO,INDWE,-11.46
2021,10,1.0,INDEA,INDNE,2.84
2022,10,1.0,INDEA,INDNE,2.86
2022,10,1.0,INDNE,INDNO,-0.29
2023,10,1.0,INDEA,INDNE,2.87
2024,10,1.0,INDEA,INDNE,-3.53
2024,10,1.0,INDNE,INDNO,3.0
2025,10,1.0,INDEA,INDNE,-3.53
2025,10,1.0,INDEA,INDNO,-3.32
2025,10,1.0,INDNE,INDNO,3.0
2025,10,1.0,INDNO,INDWE,9.87
2025,10,1.0,INDSO,INDWE,-14.27
2026,10,1.0,INDEA,INDNE,-3.53
2026,10,1.0,INDEA,INDNO,-4.27
2026,10,1.0,INDNE,INDNO,3.0
2026,10,1.0,INDNO,INDWE,6.93
2026,10,1.0,INDSO,INDWE,-11.39
2027,10,1.0,INDEA,INDNE,-3.53
2027,10,1.0,INDEA,INDNO,-5.25
2027,10,1.0,INDNE,INDNO,3.0
2027,10,1.0,INDNO,INDWE,3.82
2027,10,1.0,INDSO,INDWE,-6.43
2028,10,1.0,INDEA,INDNE,-3.53
2028,10,1.0,INDEA,INDNO,-5.42
2028,10,1.0,INDNE,INDNO,3.0
2028,10,1.0,INDNO,INDWE,2.65
2028,10,1.0,INDSO,INDWE,-2.95
2029,10,1.0,INDEA,INDNE,-3.53
2029,10,1.0,INDEA,INDNO,-6.42
2029,10,1.0,INDNE,INDNO,3.0
2030,10,1.0,INDEA,INDNE,-5.53
2030,10,1.0,INDEA,INDNO,-5.35
2030,10,1.0,INDNE,INDNO,5.0
2030,10,1.0,INDNO,INDWE,0.37
2031,10,1.0,INDEA,INDNE,-7.53
2031,10,1.0,INDEA,INDNO,-1.79
2031,10,1.0,INDNE,INDNO,3.51
2032,10,1.0,INDEA,INDNE,-9.53
2032,10,1.0,INDNE,INDNO,7.24
2033,10,1.0,INDEA,INDNE,-11.53
2033,10,1.0,INDNE,INDNO,9.16
2034,10,1.0,INDEA,INDNE,-13.53
2034,10,1.0,INDNE,INDNO,10.97
2035,10,1.0,INDEA,INDNE,-15.53
2035,10,1.0,INDNE,INDNO,13.08
2036,10,1.0,INDEA,INDNE,-17.53
2036,10,1.0,INDNE,INDNO,15.01
2037,10,1.0,INDEA,INDNE,-19.53
2037,10,1.0,INDNE,INDNO,16.95
2038,10,1.0,INDEA,INDNE,-21.53
2038,10,1.0,INDNE,INDNO,18.88
2039,10,1.0,INDEA,INDNE,-23.53
2039,10,1.0,INDNE,INDNO,20.81
2040,10,1.0,INDEA,INDNE,-25.53
2040,10,1.0,INDNE,INDNO,22.72
2041,10,1.0,INDEA,INDNE,-27.53
2041,10,1.0,INDNE,INDNO,24.62
2042,10,1.0,INDEA,INDNE,-29.54
2042,10,1.0,INDNE,INDNO,26.51
2043,10,1.0,INDEA,INDNE,-31.54
2043,10,1.0,INDNE,INDNO,28.41
2044,10,1.0,INDEA,INDNE,-33.54
2044,10,1.0,INDNE,INDNO,28.92
2045,10,1.0,INDEA,INDNE,-35.54
2045,10,1.0,INDNE,INDNO,27.23
2045,10,1.0,INDSO,INDWE,-0.81
2046,10,1.0,INDEA,INDNE,-37.54
2046,10,1.0,INDNE,INDNO,16.94
2046,10,1.0,INDSO,INDWE,-12.28
2047,10,1.0,INDEA,INDNE,-39.54
2047,10,1.0,INDNE,INDNO,14.73
2047,10,1.0,INDSO,INDWE,-20.99
2048,10,1.0,INDEA,INDNE,-41.54
2048,10,1.0,INDEA,INDSO,1.98
2048,10,1.0,INDNE,INDNO,13.0
2048,10,1.0,INDSO,INDWE,-30.13
2049,10,1.0,INDEA,INDNE,-43.54
2049,10,1.0,INDEA,INDSO,7.83
2049,10,1.0,INDNE,INDNO,14.18
2049,10,1.0,INDSO,INDWE,-32.13
2050,10,1.0,INDEA,INDNE,-45.54
2050,10,1.0,INDEA,INDSO,7.95
2050,10,1.0,INDNE,INDNO,14.96
2050,10,1.0,INDSO,INDWE,-34.13
2021,10,2.0,INDEA,INDNE,2.84
2022,10,2.0,INDEA,INDNE,2.86
2022,10,2.0,INDNE,INDNO,-0.29
2023,10,2.0,INDEA,INDNE,2.87
2024,10,2.0,INDEA,INDNE,-3.53
2024,10,2.0,INDNE,INDNO,3.0
2025,10,2.0,INDEA,INDNE,-3.53
2025,10,2.0,INDEA,INDNO,-3.32
2025,10,2.0,INDNE,INDNO,3.0
2025,10,2.0,INDNO,INDWE,9.87
2025,10,2.0,INDSO,INDWE,-14.27
2026,10,2.0,INDEA,INDNE,-3.53
2026,10,2.0,INDEA,INDNO,-4.27
2026,10,2.0,INDNE,INDNO,3.0
2026,10,2.0,INDNO,INDWE,6.93
2026,10,2.0,INDSO,INDWE,-11.39
2027,10,2.0,INDEA,INDNE,-3.53
2027,10,2.0,INDEA,INDNO,-5.25
2027,10,2.0,INDNE,INDNO,3.0
2027,10,2.0,INDNO,INDWE,3.82
2027,10,2.0,INDSO,INDWE,-6.43
2028,10,2.0,INDEA,INDNE,-3.53
2028,10,2.0,INDEA,INDNO,-5.42
2028,10,2.0,INDNE,INDNO,3.0
2028,10,2.0,INDNO,INDWE,2.65
2028,10,2.0,INDSO,INDWE,-2.95
2029,10,2.0,INDEA,INDNE,-3.53
2029,10,2.0,INDEA,INDNO,-6.42
2029,10,2.0,INDNE,INDNO,3.0
2030,10,2.0,INDEA,INDNE,-5.53
2030,10,2.0,INDEA,INDNO,-5.35
2030,10,2.0,INDNE,INDNO,5.0
2030,10,2.0,INDNO,INDWE,0.37
2031,10,2.0,INDEA,INDNE,-7.53
2031,10,2.0,INDEA,INDNO,-1.79
2031,10,2.0,INDNE,INDNO,3.51
2032,10,2.0,INDEA,INDNE,-9.53
2032,10,2.0,INDNE,INDNO,7.24
2033,10,2.0,INDEA,INDNE,-11.53
2033,10,2.0,INDNE,INDNO,9.16
2034,10,2.0,INDEA,INDNE,-13.53
2034,10,2.0,INDNE,INDNO,10.97
2035,10,2.0,INDEA,INDNE,-15.53
2035,10,2.0,INDNE,INDNO,13.08
2036,10,2.0,INDEA,INDNE,-17.53
2036,10,2.0,INDNE,INDNO,15.01
2037,10,2.0,INDEA,INDNE,-19.53
2037,10,2.0,INDNE,INDNO,16.95
2038,10,2.0,INDEA,INDNE,-21.53
2038,10,2.0,INDNE,INDNO,18.88
2039,10,2.0,INDEA,INDNE,-23.53
2039,10,2.0,INDNE,INDNO,20.81
2040,10,2.0,INDEA,INDNE,-25.53
2040,10,2.0,INDNE,INDNO,22.72
2041,10,2.0,INDEA,INDNE,-27.53
2041,10,2.0,INDNE,INDNO,24.62
2042,10,2.0,INDEA,INDNE,-29.54
2042,10,2.0,INDNE,INDNO,26.51
2043,10,2.0,INDEA,INDNE,-31.54
2043,10,2.0,INDNE,INDNO,28.41
2044,10,2.0,INDEA,INDNE,-33.54
2044,10,2.0,INDNE,INDNO,28.92
2045,10,2.0,INDEA,INDNE,-35.54
2045,10,2.0,INDNE,INDNO,27.23
2045,10,2.0,INDSO,INDWE,-0.81
2046,10,2.0,INDEA,INDNE,-37.54
2046,10,2.0,INDNE,INDNO,16.94
2046,10,2.0,INDSO,INDWE,-12.28
2047,10,2.0,INDEA,INDNE,-39.54
2047,10,2.0,INDNE,INDNO,14.73
2047,10,2.0,INDSO,INDWE,-20.99
2048,10,2.0,INDEA,INDNE,-41.54
2048,10,2.0,INDEA,INDSO,1.98
2048,10,2.0,INDNE,INDNO,13.0
2048,10,2.0,INDSO,INDWE,-30.13
2049,10,2.0,INDEA,INDNE,-43.54
2049,10,2.0,INDEA,INDSO,7.83
2049,10,2.0,INDNE,INDNO,14.18
2049,10,2.0,INDSO,INDWE,-32.13
2050,10,2.0,INDEA,INDNE,-45.54
2050,10,2.0,INDEA,INDSO,7.95
2050,10,2.0,INDNE,INDNO,14.96
2050,10,2.0,INDSO,INDWE,-34.13
2021,10,3.0,INDEA,INDNE,2.84
2022,10,3.0,INDEA,INDNE,2.86
2022,10,3.0,INDNE,INDNO,-0.29
2023,10,3.0,INDEA,INDNE,2.87
2024,10,3.0,INDEA,INDNE,-3.53
2024,10,3.0,INDNE,INDNO,3.0
2025,10,3.0,INDEA,INDNE,-3.53
2025,10,3.0,INDEA,INDNO,-3.32
2025,10,3.0,INDNE,INDNO,3.0
2025,10,3.0,INDNO,INDWE,9.87
2025,10,3.0,INDSO,INDWE,-14.27
2026,10,3.0,INDEA,INDNE,-3.53
2026,10,3.0,INDEA,INDNO,-4.27
2026,10,3.0,INDNE,INDNO,3.0
2026,10,3.0,INDNO,INDWE,6.93
2026,10,3.0,INDSO,INDWE,-11.39
2027,10,3.0,INDEA,INDNE,-3.53
2027,10,3.0,INDEA,INDNO,-5.25
2027,10,3.0,INDNE,INDNO,3.0
2027,10,3.0,INDNO,INDWE,3.82
2027,10,3.0,INDSO,INDWE,-6.43
2028,10,3.0,INDEA,INDNE,-3.53
2028,10,3.0,INDEA,INDNO,-5.42
2028,10,3.0,INDNE,INDNO,3.0
2028,10,3.0,INDNO,INDWE,2.65
2028,10,3.0,INDSO,INDWE,-2.95
2029,10,3.0,INDEA,INDNE,-3.53
2029,10,3.0,INDEA,INDNO,-6.42
2029,10,3.0,INDNE,INDNO,3.0
2030,10,3.0,INDEA,INDNE,-5.53
2030,10,3.0,INDEA,INDNO,-5.35
2030,10,3.0,INDNE,INDNO,5.0
2030,10,3.0,INDNO,INDWE,0.37
2031,10,3.0,INDEA,INDNE,-7.53
2031,10,3.0,INDEA,INDNO,-1.79
2031,10,3.0,INDNE,INDNO,3.51
2032,10,3.0,INDEA,INDNE,-9.53
2032,10,3.0,INDNE,INDNO,7.24
2033,10,3.0,INDEA,INDNE,-11.53
2033,10,3.0,INDNE,INDNO,9.16
2034,10,3.0,INDEA,INDNE,-13.53
2034,10,3.0,INDNE,INDNO,10.97
2035,10,3.0,INDEA,INDNE,-15.53
2035,10,3.0,INDNE,INDNO,13.08
2036,10,3.0,INDEA,INDNE,-17.53
2036,10,3.0,INDNE,INDNO,15.01
2037,10,3.0,INDEA,INDNE,-19.53
2037,10,3.0,INDNE,INDNO,16.95
2038,10,3.0,INDEA,INDNE,-21.53
2038,10,3.0,INDNE,INDNO,18.88
2039,10,3.0,INDEA,INDNE,-23.53
2039,10,3.0,INDNE,INDNO,20.81
2040,10,3.0,INDEA,INDNE,-25.53
2040,10,3.0,INDNE,INDNO,22.72
2041,10,3.0,INDEA,INDNE,-27.53
2041,10,3.0,INDNE,INDNO,24.62
2042,10,3.0,INDEA,INDNE,-29.54
2042,10,3.0,INDNE,INDNO,26.51
2043,10,3.0,INDEA,INDNE,-31.54
2043,10,3.0,INDNE,INDNO,28.41
2044,10,3.0,INDEA,INDNE,-33.54
2044,10,3.0,INDNE,INDNO,28.92
2045,10,3.0,INDEA,INDNE,-35.54
2045,10,3.0,INDNE,INDNO,27.23
2045,10,3.0,INDSO,INDWE,-0.81
2046,10,3.0,INDEA,INDNE,-37.54
2046,10,3.0,INDNE,INDNO,16.94
2046,10,3.0,INDSO,INDWE,-12.28
2047,10,3.0,INDEA,INDNE,-39.54
2047,10,3.0,INDNE,INDNO,14.73
2047,10,3.0,INDSO,INDWE,-20.99
2048,10,3.0,INDEA,INDNE,-41.54
2048,10,3.0,INDEA,INDSO,1.98
2048,10,3.0,INDNE,INDNO,13.0
2048,10,3.0,INDSO,INDWE,-30.13
2049,10,3.0,INDEA,INDNE,-43.54
2049,10,3.0,INDEA,INDSO,7.83
2049,10,3.0,INDNE,INDNO,14.18
2049,10,3.0,INDSO,INDWE,-32.13
2050,10,3.0,INDEA,INDNE,-45.54
2050,10,3.0,INDEA,INDSO,7.95
2050,10,3.0,INDNE,INDNO,14.96
2050,10,3.0,INDSO,INDWE,-34.13
2021,10,4.0,INDEA,INDNE,2.84
2022,10,4.0,INDEA,INDNE,2.86
2022,10,4.0,INDNE,INDNO,-0.29
2023,10,4.0,INDEA,INDNE,2.87
2024,10,4.0,INDEA,INDNE,-3.53
2024,10,4.0,INDNE,INDNO,3.0
2025,10,4.0,INDEA,INDNE,-3.53
2025,10,4.0,INDEA,INDNO,-3.32
2025,10,4.0,INDNE,INDNO,3.0
2025,10,4.0,INDNO,INDWE,9.87
2025,10,4.0,INDSO,INDWE,-14.27
2026,10,4.0,INDEA,INDNE,-3.53
2026,10,4.0,INDEA,INDNO,-4.27
2026,10,4.0,INDNE,INDNO,3.0
2026,10,4.0,INDNO,INDWE,6.93
2026,10,4.0,INDSO,INDWE,-11.39
2027,10,4.0,INDEA,INDNE,-3.53
2027,10,4.0,INDEA,INDNO,-5.25
2027,10,4.0,INDNE,INDNO,3.0
2027,10,4.0,INDNO,INDWE,3.82
2027,10,4.0,INDSO,INDWE,-6.43
2028,10,4.0,INDEA,INDNE,-3.53
2028,10,4.0,INDEA,INDNO,-5.42
2028,10,4.0,INDNE,INDNO,3.0
2028,10,4.0,INDNO,INDWE,2.65
2028,10,4.0,INDSO,INDWE,-2.95
2029,10,4.0,INDEA,INDNE,-3.53
2029,10,4.0,INDEA,INDNO,-6.42
2029,10,4.0,INDNE,INDNO,3.0
2030,10,4.0,INDEA,INDNE,-5.53
2030,10,4.0,INDEA,INDNO,-5.35
2030,10,4.0,INDNE,INDNO,5.0
2030,10,4.0,INDNO,INDWE,0.37
2031,10,4.0,INDEA,INDNE,-7.53
2031,10,4.0,INDEA,INDNO,-1.79
2031,10,4.0,INDNE,INDNO,3.51
2032,10,4.0,INDEA,INDNE,-9.53
2032,10,4.0,INDNE,INDNO,7.24
2033,10,4.0,INDEA,INDNE,-11.53
2033,10,4.0,INDNE,INDNO,9.16
2034,10,4.0,INDEA,INDNE,-13.53
2034,10,4.0,INDNE,INDNO,10.97
2035,10,4.0,INDEA,INDNE,-15.53
2035,10,4.0,INDNE,INDNO,13.08
2036,10,4.0,INDEA,INDNE,-17.53
2036,10,4.0,INDNE,INDNO,15.01
2037,10,4.0,INDEA,INDNE,-19.53
2037,10,4.0,INDNE,INDNO,16.95
2038,10,4.0,INDEA,INDNE,-21.53
2038,10,4.0,INDNE,INDNO,18.88
2039,10,4.0,INDEA,INDNE,-23.53
2039,10,4.0,INDNE,INDNO,20.81
2040,10,4.0,INDEA,INDNE,-25.53
2040,10,4.0,INDNE,INDNO,22.72
2041,10,4.0,INDEA,INDNE,-27.53
2041,10,4.0,INDNE,INDNO,24.62
2042,10,4.0,INDEA,INDNE,-29.54
2042,10,4.0,INDNE,INDNO,26.51
2043,10,4.0,INDEA,INDNE,-31.54
2043,10,4.0,INDNE,INDNO,28.41
2044,10,4.0,INDEA,INDNE,-33.54
2044,10,4.0,INDNE,INDNO,28.92
2045,10,4.0,INDEA,INDNE,-35.54
2045,10,4.0,INDNE,INDNO,27.23
2045,10,4.0,INDSO,INDWE,-0.81
2046,10,4.0,INDEA,INDNE,-37.54
2046,10,4.0,INDNE,INDNO,16.94
2046,10,4.0,INDSO,INDWE,-12.28
2047,10,4.0,INDEA,INDNE,-39.54
2047,10,4.0,INDNE,INDNO,14.73
2047,10,4.0,INDSO,INDWE,-20.99
2048,10,4.0,INDEA,INDNE,-41.54
2048,10,4.0,INDEA,INDSO,1.98
2048,10,4.0,INDNE,INDNO,13.0
2048,10,4.0,INDSO,INDWE,-30.13
2049,10,4.0,INDEA,INDNE,-43.54
2049,10,4.0,INDEA,INDSO,7.83
2049,10,4.0,INDNE,INDNO,14.18
2049,10,4.0,INDSO,INDWE,-32.13
2050,10,4.0,INDEA,INDNE,-45.54
2050,10,4.0,INDEA,INDSO,7.95
2050,10,4.0,INDNE,INDNO,14.96
2050,10,4.0,INDSO,INDWE,-34.13
2021,10,5.0,INDEA,INDNE,2.84
2022,10,5.0,INDEA,INDNE,2.86
2022,10,5.0,INDNE,INDNO,-0.29
2023,10,5.0,INDEA,INDNE,2.87
2024,10,5.0,INDEA,INDNE,-3.53
2024,10,5.0,INDNE,INDNO,3.0
2025,10,5.0,INDEA,INDNE,-3.53
2025,10,5.0,INDEA,INDNO,-3.32
2025,10,5.0,INDNE,INDNO,3.0
2025,10,5.0,INDNO,INDWE,9.87
2025,10,5.0,INDSO,INDWE,-14.27
2026,10,5.0,INDEA,INDNE,-3.53
2026,10,5.0,INDEA,INDNO,-4.27
2026,10,5.0,INDNE,INDNO,3.0
2026,10,5.0,INDNO,INDWE,6.93
2026,10,5.0,INDSO,INDWE,-11.39
2027,10,5.0,INDEA,INDNE,-3.53
2027,10,5.0,INDEA,INDNO,-5.25
2027,10,5.0,INDNE,INDNO,3.0
2027,10,5.0,INDNO,INDWE,3.82
2027,10,5.0,INDSO,INDWE,-6.43
2028,10,5.0,INDEA,INDNE,-3.53
2028,10,5.0,INDEA,INDNO,-5.42
2028,10,5.0,INDNE,INDNO,3.0
2028,10,5.0,INDNO,INDWE,2.65
2028,10,5.0,INDSO,INDWE,-2.95
2029,10,5.0,INDEA,INDNE,-3.53
2029,10,5.0,INDEA,INDNO,-6.42
2029,10,5.0,INDNE,INDNO,3.0
2030,10,5.0,INDEA,INDNE,-5.53
2030,10,5.0,INDEA,INDNO,-5.35
2030,10,5.0,INDNE,INDNO,5.0
2030,10,5.0,INDNO,INDWE,0.37
2031,10,5.0,INDEA,INDNE,-7.53
2031,10,5.0,INDEA,INDNO,-1.79
2031,10,5.0,INDNE,INDNO,3.51
2032,10,5.0,INDEA,INDNE,-9.53
2032,10,5.0,INDNE,INDNO,7.24
2033,10,5.0,INDEA,INDNE,-11.53
2033,10,5.0,INDNE,INDNO,9.16
2034,10,5.0,INDEA,INDNE,-13.53
2034,10,5.0,INDNE,INDNO,10.97
2035,10,5.0,INDEA,INDNE,-15.53
2035,10,5.0,INDNE,INDNO,13.08
2036,10,5.0,INDEA,INDNE,-17.53
2036,10,5.0,INDNE,INDNO,15.01
2037,10,5.0,INDEA,INDNE,-19.53
2037,10,5.0,INDNE,INDNO,16.95
2038,10,5.0,INDEA,INDNE,-21.53
2038,10,5.0,INDNE,INDNO,18.88
2039,10,5.0,INDEA,INDNE,-23.53
2039,10,5.0,INDNE,INDNO,20.81
2040,10,5.0,INDEA,INDNE,-25.53
2040,10,5.0,INDNE,INDNO,22.72
2041,10,5.0,INDEA,INDNE,-27.53
2041,10,5.0,INDNE,INDNO,24.62
2042,10,5.0,INDEA,INDNE,-29.54
2042,10,5.0,INDNE,INDNO,26.51
2043,10,5.0,INDEA,INDNE,-31.54
2043,10,5.0,INDNE,INDNO,28.41
2044,10,5.0,INDEA,INDNE,-33.54
2044,10,5.0,INDNE,INDNO,28.92
2045,10,5.0,INDEA,INDNE,-35.54
2045,10,5.0,INDNE,INDNO,27.23
2045,10,5.0,INDSO,INDWE,-0.81
2046,10,5.0,INDEA,INDNE,-37.54
2046,10,5.0,INDNE,INDNO,16.94
2046,10,5.0,INDSO,INDWE,-12.28
2047,10,5.0,INDEA,INDNE,-39.54
2047,10,5.0,INDNE,INDNO,14.73
2047,10,5.0,INDSO,INDWE,-20.99
2048,10,5.0,INDEA,INDNE,-41.54
2048,10,5.0,INDEA,INDSO,1.98
2048,10,5.0,INDNE,INDNO,13.0
2048,10,5.0,INDSO,INDWE,-30.13
2049,10,5.0,INDEA,INDNE,-43.54
2049,10,5.0,INDEA,INDSO,7.83
2049,10,5.0,INDNE,INDNO,14.18
2049,10,5.0,INDSO,INDWE,-32.13
2050,10,5.0,INDEA,INDNE,-45.54
2050,10,5.0,INDEA,INDSO,7.95
2050,10,5.0,INDNE,INDNO,14.96
2050,10,5.0,INDSO,INDWE,-34.13
2021,10,6.0,INDEA,INDNE,2.84
2022,10,6.0,INDEA,INDNE,2.86
2022,10,6.0,INDNE,INDNO,-0.29
2023,10,6.0,INDEA,INDNE,2.87
2024,10,6.0,INDEA,INDNE,-3.53
2024,10,6.0,INDNE,INDNO,3.0
2025,10,6.0,INDEA,INDNE,-3.53
2025,10,6.0,INDEA,INDNO,-3.32
2025,10,6.0,INDNE,INDNO,3.0
2025,10,6.0,INDNO,INDWE,9.87
2025,10,6.0,INDSO,INDWE,-14.27
2026,10,6.0,INDEA,INDNE,-3.53
2026,10,6.0,INDEA,INDNO,-4.27
2026,10,6.0,INDNE,INDNO,3.0
2026,10,6.0,INDNO,INDWE,6.93
2026,10,6.0,INDSO,INDWE,-11.39
2027,10,6.0,INDEA,INDNE,-3.53
2027,10,6.0,INDEA,INDNO,-5.25
2027,10,6.0,INDNE,INDNO,3.0
2027,10,6.0,INDNO,INDWE,3.82
2027,10,6.0,INDSO,INDWE,-6.43
2028,10,6.0,INDEA,INDNE,-3.53
2028,10,6.0,INDEA,INDNO,-5.42
2028,10,6.0,INDNE,INDNO,3.0
2028,10,6.0,INDNO,INDWE,2.65
2028,10,6.0,INDSO,INDWE,-2.95
2029,10,6.0,INDEA,INDNE,-3.53
2029,10,6.0,INDEA,INDNO,-6.42
2029,10,6.0,INDNE,INDNO,3.0
2030,10,6.0,INDEA,INDNE,-5.53
2030,10,6.0,INDEA,INDNO,-5.35
2030,10,6.0,INDNE,INDNO,5.0
2030,10,6.0,INDNO,INDWE,0.37
2031,10,6.0,INDEA,INDNE,-7.53
2031,10,6.0,INDEA,INDNO,-1.79
2031,10,6.0,INDNE,INDNO,3.51
2032,10,6.0,INDEA,INDNE,-9.53
2032,10,6.0,INDNE,INDNO,7.24
2033,10,6.0,INDEA,INDNE,-11.53
2033,10,6.0,INDNE,INDNO,9.16
2034,10,6.0,INDEA,INDNE,-13.53
2034,10,6.0,INDNE,INDNO,10.97
2035,10,6.0,INDEA,INDNE,-15.53
2035,10,6.0,INDNE,INDNO,13.08
2036,10,6.0,INDEA,INDNE,-17.53
2036,10,6.0,INDNE,INDNO,15.01
2037,10,6.0,INDEA,INDNE,-19.53
2037,10,6.0,INDNE,INDNO,16.95
2038,10,6.0,INDEA,INDNE,-21.53
2038,10,6.0,INDNE,INDNO,18.88
2039,10,6.0,INDEA,INDNE,-23.53
2039,10,6.0,INDNE,INDNO,20.81
2040,10,6.0,INDEA,INDNE,-25.53
2040,10,6.0,INDNE,INDNO,22.72
2041,10,6.0,INDEA,INDNE,-27.53
2041,10,6.0,INDNE,INDNO,24.62
2042,10,6.0,INDEA,INDNE,-29.54
2042,10,6.0,INDNE,INDNO,26.51
2043,10,6.0,INDEA,INDNE,-31.54
2043,10,6.0,INDNE,INDNO,28.41
2044,10,6.0,INDEA,INDNE,-33.54
2044,10,6.0,INDNE,INDNO,28.92
2045,10,6.0,INDEA,INDNE,-35.54
2045,10,6.0,INDNE,INDNO,27.23
2045,10,6.0,INDSO,INDWE,-0.81
2046,10,6.0,INDEA,INDNE,-37.54
2046,10,6.0,INDNE,INDNO,16.94
2046,10,6.0,INDSO,INDWE,-12.28
2047,10,6.0,INDEA,INDNE,-39.54
2047,10,6.0,INDNE,INDNO,14.73
2047,10,6.0,INDSO,INDWE,-20.99
2048,10,6.0,INDEA,INDNE,-41.54
2048,10,6.0,INDEA,INDSO,1.98
2048,10,6.0,INDNE,INDNO,13.0
2048,10,6.0,INDSO,INDWE,-30.13
2049,10,6.0,INDEA,INDNE,-43.54
2049,10,6.0,INDEA,INDSO,7.83
2049,10,6.0,INDNE,INDNO,14.18
2049,10,6.0,INDSO,INDWE,-32.13
2050,10,6.0,INDEA,INDNE,-45.54
2050,10,6.0,INDEA,INDSO,7.95
2050,10,6.0,INDNE,INDNO,14.96
2050,10,6.0,INDSO,INDWE,-34.13
2021,10,7.0,INDEA,INDNE,2.84
2022,10,7.0,INDEA,INDNE,2.86
2022,10,7.0,INDNE,INDNO,-0.29
2023,10,7.0,INDEA,INDNE,2.87
2024,10,7.0,INDEA,INDNE,-3.53
2024,10,7.0,INDNE,INDNO,3.0
2025,10,7.0,INDEA,INDNE,-3.53
2025,10,7.0,INDEA,INDNO,-3.32
2025,10,7.0,INDNE,INDNO,3.0
2025,10,7.0,INDNO,INDWE,9.87
2025,10,7.0,INDSO,INDWE,-14.27
2026,10,7.0,INDEA,INDNE,-3.53
2026,10,7.0,INDEA,INDNO,-4.27
2026,10,7.0,INDNE,INDNO,3.0
2026,10,7.0,INDNO,INDWE,6.93
2026,10,7.0,INDSO,INDWE,-11.39
2027,10,7.0,INDEA,INDNE,-3.53
2027,10,7.0,INDEA,INDNO,-5.25
2027,10,7.0,INDNE,INDNO,3.0
2027,10,7.0,INDNO,INDWE,3.82
2027,10,7.0,INDSO,INDWE,-6.43
2028,10,7.0,INDEA,INDNE,-3.53
2028,10,7.0,INDEA,INDNO,-5.42
2028,10,7.0,INDNE,INDNO,3.0
2028,10,7.0,INDNO,INDWE,2.65
2028,10,7.0,INDSO,INDWE,-2.95
2029,10,7.0,INDEA,INDNE,-3.53
2029,10,7.0,INDEA,INDNO,-6.42
2029,10,7.0,INDNE,INDNO,3.0
2030,10,7.0,INDEA,INDNE,-5.53
2030,10,7.0,INDEA,INDNO,-5.35
2030,10,7.0,INDNE,INDNO,5.0
2030,10,7.0,INDNO,INDWE,0.37
2031,10,7.0,INDEA,INDNE,-7.53
2031,10,7.0,INDEA,INDNO,-1.79
2031,10,7.0,INDNE,INDNO,3.51
2032,10,7.0,INDEA,INDNE,-9.53
2032,10,7.0,INDNE,INDNO,7.24
2033,10,7.0,INDEA,INDNE,-11.53
2033,10,7.0,INDNE,INDNO,9.16
2034,10,7.0,INDEA,INDNE,-13.53
2034,10,7.0,INDNE,INDNO,10.97
2035,10,7.0,INDEA,INDNE,-15.53
2035,10,7.0,INDNE,INDNO,13.08
2036,10,7.0,INDEA,INDNE,-17.53
2036,10,7.0,INDNE,INDNO,15.01
2037,10,7.0,INDEA,INDNE,-19.53
2037,10,7.0,INDNE,INDNO,16.95
2038,10,7.0,INDEA,INDNE,-21.53
2038,10,7.0,INDNE,INDNO,18.88
2039,10,7.0,INDEA,INDNE,-23.53
2039,10,7.0,INDNE,INDNO,20.81
2040,10,7.0,INDEA,INDNE,-25.53
2040,10,7.0,INDNE,INDNO,22.72
2041,10,7.0,INDEA,INDNE,-27.53
2041,10,7.0,INDNE,INDNO,24.62
2042,10,7.0,INDEA,INDNE,-29.54
2042,10,7.0,INDNE,INDNO,26.51
2043,10,7.0,INDEA,INDNE,-31.54
2043,10,7.0,INDNE,INDNO,28.41
2044,10,7.0,INDEA,INDNE,-33.54
2044,10,7.0,INDNE,INDNO,28.92
2045,10,7.0,INDEA,INDNE,-35.54
2045,10,7.0,INDNE,INDNO,27.23
2045,10,7.0,INDSO,INDWE,-0.81
2046,10,7.0,INDEA,INDNE,-37.54
2046,10,7.0,INDNE,INDNO,16.94
2046,10,7.0,INDSO,INDWE,-12.28
2047,10,7.0,INDEA,INDNE,-39.54
2047,10,7.0,INDNE,INDNO,14.73
2047,10,7.0,INDSO,INDWE,-20.99
2048,10,7.0,INDEA,INDNE,-41.54
2048,10,7.0,INDEA,INDSO,1.98
2048,10,7.0,INDNE,INDNO,13.0
2048,10,7.0,INDSO,INDWE,-30.13
2049,10,7.0,INDEA,INDNE,-43.54
2049,10,7.0,INDEA,INDSO,7.83
2049,10,7.0,INDNE,INDNO,14.18
2049,10,7.0,INDSO,INDWE,-32.13
2050,10,7.0,INDEA,INDNE,-45.54
2050,10,7.0,INDEA,INDSO,7.95
2050,10,7.0,INDNE,INDNO,14.96
2050,10,7.0,INDSO,INDWE,-34.13
2021,10,8.0,INDEA,INDNE,2.84
2022,10,8.0,INDEA,INDNE,2.86
2022,10,8.0,INDNE,INDNO,-0.29
2023,10,8.0,INDEA,INDNE,2.87
2024,10,8.0,INDEA,INDNE,-3.53
2024,10,8.0,INDNE,INDNO,3.0
2025,10,8.0,INDEA,INDNE,-3.53
2025,10,8.0,INDEA,INDNO,-3.32
2025,10,8.0,INDNE,INDNO,3.0
2025,10,8.0,INDNO,INDWE,9.87
2025,10,8.0,INDSO,INDWE,-14.27
2026,10,8.0,INDEA,INDNE,-3.53
2026,10,8.0,INDEA,INDNO,-4.27
2026,10,8.0,INDNE,INDNO,3.0
2026,10,8.0,INDNO,INDWE,6.93
2026,10,8.0,INDSO,INDWE,-11.39
2027,10,8.0,INDEA,INDNE,-3.53
2027,10,8.0,INDEA,INDNO,-5.25
2027,10,8.0,INDNE,INDNO,3.0
2027,10,8.0,INDNO,INDWE,3.82
2027,10,8.0,INDSO,INDWE,-6.43
2028,10,8.0,INDEA,INDNE,-3.53
2028,10,8.0,INDEA,INDNO,-5.42
2028,10,8.0,INDNE,INDNO,3.0
2028,10,8.0,INDNO,INDWE,2.65
2028,10,8.0,INDSO,INDWE,-2.95
2029,10,8.0,INDEA,INDNE,-3.53
2029,10,8.0,INDEA,INDNO,-6.42
2029,10,8.0,INDNE,INDNO,3.0
2030,10,8.0,INDEA,INDNE,-5.53
2030,10,8.0,INDEA,INDNO,-5.35
2030,10,8.0,INDNE,INDNO,5.0
2030,10,8.0,INDNO,INDWE,0.37
2031,10,8.0,INDEA,INDNE,-7.53
2031,10,8.0,INDEA,INDNO,-1.79
2031,10,8.0,INDNE,INDNO,3.51
2032,10,8.0,INDEA,INDNE,-9.53
2032,10,8.0,INDNE,INDNO,7.24
2033,10,8.0,INDEA,INDNE,-11.53
2033,10,8.0,INDNE,INDNO,9.16
2034,10,8.0,INDEA,INDNE,-13.53
2034,10,8.0,INDNE,INDNO,10.97
2035,10,8.0,INDEA,INDNE,-15.53
2035,10,8.0,INDNE,INDNO,13.08
2036,10,8.0,INDEA,INDNE,-17.53
2036,10,8.0,INDNE,INDNO,15.01
2037,10,8.0,INDEA,INDNE,-19.53
2037,10,8.0,INDNE,INDNO,16.95
2038,10,8.0,INDEA,INDNE,-21.53
2038,10,8.0,INDNE,INDNO,18.88
2039,10,8.0,INDEA,INDNE,-23.53
2039,10,8.0,INDNE,INDNO,20.81
2040,10,8.0,INDEA,INDNE,-25.53
2040,10,8.0,INDNE,INDNO,22.72
2041,10,8.0,INDEA,INDNE,-27.53
2041,10,8.0,INDNE,INDNO,24.62
2042,10,8.0,INDEA,INDNE,-29.54
2042,10,8.0,INDNE,INDNO,26.51
2043,10,8.0,INDEA,INDNE,-31.54
2043,10,8.0,INDNE,INDNO,28.41
2044,10,8.0,INDEA,INDNE,-33.54
2044,10,8.0,INDNE,INDNO,28.92
2045,10,8.0,INDEA,INDNE,-35.54
2045,10,8.0,INDNE,INDNO,27.23
2045,10,8.0,INDSO,INDWE,-0.81
2046,10,8.0,INDEA,INDNE,-37.54
2046,10,8.0,INDNE,INDNO,16.94
2046,10,8.0,INDSO,INDWE,-12.28
2047,10,8.0,INDEA,INDNE,-39.54
2047,10,8.0,INDNE,INDNO,14.73
2047,10,8.0,INDSO,INDWE,-20.99
2048,10,8.0,INDEA,INDNE,-41.54
2048,10,8.0,INDEA,INDSO,1.98
2048,10,8.0,INDNE,INDNO,13.0
2048,10,8.0,INDSO,INDWE,-30.13
2049,10,8.0,INDEA,INDNE,-43.54
2049,10,8.0,INDEA,INDSO,7.83
2049,10,8.0,INDNE,INDNO,14.18
2049,10,8.0,INDSO,INDWE,-32.13
2050,10,8.0,INDEA,INDNE,-45.54
2050,10,8.0,INDEA,INDSO,7.95
2050,10,8.0,INDNE,INDNO,14.96
2050,10,8.0,INDSO,INDWE,-34.13
2021,10,9.0,INDEA,INDNE,2.84
2022,10,9.0,INDEA,INDNE,2.86
2022,10,9.0,INDNE,INDNO,-0.29
2023,10,9.0,INDEA,INDNE,2.87
2024,10,9.0,INDEA,INDNE,-3.53
2024,10,9.0,INDNE,INDNO,3.0
2025,10,9.0,INDEA,INDNE,-3.53
2025,10,9.0,INDEA,INDNO,-3.32
2025,10,9.0,INDNE,INDNO,3.0
2025,10,9.0,INDNO,INDWE,9.87
2025,10,9.0,INDSO,INDWE,-14.27
2026,10,9.0,INDEA,INDNE,-3.53
2026,10,9.0,INDEA,INDNO,-4.27
2026,10,9.0,INDNE,INDNO,3.0
2026,10,9.0,INDNO,INDWE,6.93
2026,10,9.0,INDSO,INDWE,-11.39
2027,10,9.0,INDEA,INDNE,-3.53
2027,10,9.0,INDEA,INDNO,-5.25
2027,10,9.0,INDNE,INDNO,3.0
2027,10,9.0,INDNO,INDWE,3.82
2027,10,9.0,INDSO,INDWE,-6.43
2028,10,9.0,INDEA,INDNE,-3.53
2028,10,9.0,INDEA,INDNO,-5.42
2028,10,9.0,INDNE,INDNO,3.0
2028,10,9.0,INDNO,INDWE,2.65
2028,10,9.0,INDSO,INDWE,-2.95
2029,10,9.0,INDEA,INDNE,-3.53
2029,10,9.0,INDEA,INDNO,-6.42
2029,10,9.0,INDNE,INDNO,3.0
2030,10,9.0,INDEA,INDNE,-5.53
2030,10,9.0,INDEA,INDNO,-5.35
2030,10,9.0,INDNE,INDNO,5.0
2030,10,9.0,INDNO,INDWE,0.37
2031,10,9.0,INDEA,INDNE,-7.53
2031,10,9.0,INDEA,INDNO,-1.79
2031,10,9.0,INDNE,INDNO,3.51
2032,10,9.0,INDEA,INDNE,-9.53
2032,10,9.0,INDNE,INDNO,7.24
2033,10,9.0,INDEA,INDNE,-11.53
2033,10,9.0,INDNE,INDNO,9.16
2034,10,9.0,INDEA,INDNE,-13.53
2034,10,9.0,INDNE,INDNO,10.97
2035,10,9.0,INDEA,INDNE,-15.53
2035,10,9.0,INDNE,INDNO,13.08
2036,10,9.0,INDEA,INDNE,-17.53
2036,10,9.0,INDNE,INDNO,15.01
2037,10,9.0,INDEA,INDNE,-19.53
2037,10,9.0,INDNE,INDNO,16.95
2038,10,9.0,INDEA,INDNE,-21.53
2038,10,9.0,INDNE,INDNO,18.88
2039,10,9.0,INDEA,INDNE,-23.53
2039,10,9.0,INDNE,INDNO,20.81
2040,10,9.0,INDEA,INDNE,-25.53
2040,10,9.0,INDNE,INDNO,22.72
2041,10,9.0,INDEA,INDNE,-27.53
2041,10,9.0,INDNE,INDNO,24.62
2042,10,9.0,INDEA,INDNE,-29.54
2042,10,9.0,INDNE,INDNO,26.51
2043,10,9.0,INDEA,INDNE,-31.54
2043,10,9.0,INDNE,INDNO,28.41
2044,10,9.0,INDEA,INDNE,-33.54
2044,10,9.0,INDNE,INDNO,28.92
2045,10,9.0,INDEA,INDNE,-35.54
2045,10,9.0,INDNE,INDNO,27.23
2045,10,9.0,INDSO,INDWE,-0.81
2046,10,9.0,INDEA,INDNE,-37.54
2046,10,9.0,INDNE,INDNO,16.94
2046,10,9.0,INDSO,INDWE,-12.28
2047,10,9.0,INDEA,INDNE,-39.54
2047,10,9.0,INDNE,INDNO,14.73
2047,10,9.0,INDSO,INDWE,-20.99
2048,10,9.0,INDEA,INDNE,-41.54
2048,10,9.0,INDEA,INDSO,1.98
2048,10,9.0,INDNE,INDNO,13.0
2048,10,9.0,INDSO,INDWE,-30.13
2049,10,9.0,INDEA,INDNE,-43.54
2049,10,9.0,INDEA,INDSO,7.83
2049,10,9.0,INDNE,INDNO,14.18
2049,10,9.0,INDSO,INDWE,-32.13
2050,10,9.0,INDEA,INDNE,-45.54
2050,10,9.0,INDEA,INDSO,7.95
2050,10,9.0,INDNE,INDNO,14.96
2050,10,9.0,INDSO,INDWE,-34.13
2021,10,10.0,INDEA,INDNE,2.84
2022,10,10.0,INDEA,INDNE,2.86
2022,10,10.0,INDNE,INDNO,-0.29
2023,10,10.0,INDEA,INDNE,2.87
2024,10,10.0,INDEA,INDNE,-3.53
2024,10,10.0,INDNE,INDNO,3.0
2025,10,10.0,INDEA,INDNE,-3.53
2025,10,10.0,INDEA,INDNO,-3.32
2025,10,10.0,INDNE,INDNO,3.0
2025,10,10.0,INDNO,INDWE,9.87
2025,10,10.0,INDSO,INDWE,-14.27
2026,10,10.0,INDEA,INDNE,-3.53
2026,10,10.0,INDEA,INDNO,-4.27
2026,10,10.0,INDNE,INDNO,3.0
2026,10,10.0,INDNO,INDWE,6.93
2026,10,10.0,INDSO,INDWE,-11.39
2027,10,10.0,INDEA,INDNE,-3.53
2027,10,10.0,INDEA,INDNO,-5.25
2027,10,10.0,INDNE,INDNO,3.0
2027,10,10.0,INDNO,INDWE,3.82
2027,10,10.0,INDSO,INDWE,-6.43
2028,10,10.0,INDEA,INDNE,-3.53
2028,10,10.0,INDEA,INDNO,-5.42
2028,10,10.0,INDNE,INDNO,3.0
2028,10,10.0,INDNO,INDWE,2.65
2028,10,10.0,INDSO,INDWE,-2.95
2029,10,10.0,INDEA,INDNE,-3.53
2029,10,10.0,INDEA,INDNO,-6.42
2029,10,10.0,INDNE,INDNO,3.0
2030,10,10.0,INDEA,INDNE,-5.53
2030,10,10.0,INDEA,INDNO,-5.35
2030,10,10.0,INDNE,INDNO,5.0
2030,10,10.0,INDNO,INDWE,0.37
2031,10,10.0,INDEA,INDNE,-7.53
2031,10,10.0,INDEA,INDNO,-1.79
2031,10,10.0,INDNE,INDNO,3.51
2032,10,10.0,INDEA,INDNE,-9.53
2032,10,10.0,INDNE,INDNO,7.24
2033,10,10.0,INDEA,INDNE,-11.53
2033,10,10.0,INDNE,INDNO,9.16
2034,10,10.0,INDEA,INDNE,-13.53
2034,10,10.0,INDNE,INDNO,10.97
2035,10,10.0,INDEA,INDNE,-15.53
2035,10,10.0,INDNE,INDNO,13.08
2036,10,10.0,INDEA,INDNE,-17.53
2036,10,10.0,INDNE,INDNO,15.01
2037,10,10.0,INDEA,INDNE,-19.53
2037,10,10.0,INDNE,INDNO,16.95
2038,10,10.0,INDEA,INDNE,-21.53
2038,10,10.0,INDNE,INDNO,18.88
2039,10,10.0,INDEA,INDNE,-23.53
2039,10,10.0,INDNE,INDNO,20.81
2040,10,10.0,INDEA,INDNE,-25.53
2040,10,10.0,INDNE,INDNO,22.72
2041,10,10.0,INDEA,INDNE,-27.53
2041,10,10.0,INDNE,INDNO,24.62
2042,10,10.0,INDEA,INDNE,-29.54
2042,10,10.0,INDNE,INDNO,26.51
2043,10,10.0,INDEA,INDNE,-31.54
2043,10,10.0,INDNE,INDNO,28.41
2044,10,10.0,INDEA,INDNE,-33.54
2044,10,10.0,INDNE,INDNO,28.92
2045,10,10.0,INDEA,INDNE,-35.54
2045,10,10.0,INDNE,INDNO,27.23
2045,10,10.0,INDSO,INDWE,-0.81
2046,10,10.0,INDEA,INDNE,-37.54
2046,10,10.0,INDNE,INDNO,16.94
2046,10,10.0,INDSO,INDWE,-12.28
2047,10,10.0,INDEA,INDNE,-39.54
2047,10,10.0,INDNE,INDNO,14.73
2047,10,10.0,INDSO,INDWE,-20.99
2048,10,10.0,INDEA,INDNE,-41.54
2048,10,10.0,INDEA,INDSO,1.98
2048,10,10.0,INDNE,INDNO,13.0
2048,10,10.0,INDSO,INDWE,-30.13
2049,10,10.0,INDEA,INDNE,-43.54
2049,10,10.0,INDEA,INDSO,7.83
2049,10,10.0,INDNE,INDNO,14.18
2049,10,10.0,INDSO,INDWE,-32.13
2050,10,10.0,INDEA,INDNE,-45.54
2050,10,10.0,INDEA,INDSO,7.95
2050,10,10.0,INDNE,INDNO,14.96
2050,10,10.0,INDSO,INDWE,-34.13
2021,10,11.0,INDEA,INDNE,2.84
2022,10,11.0,INDEA,INDNE,2.86
2022,10,11.0,INDNE,INDNO,-0.29
2023,10,11.0,INDEA,INDNE,2.87
2024,10,11.0,INDEA,INDNE,-3.53
2024,10,11.0,INDNE,INDNO,3.0
2025,10,11.0,INDEA,INDNE,-3.53
2025,10,11.0,INDEA,INDNO,-3.32
2025,10,11.0,INDNE,INDNO,3.0
2025,10,11.0,INDNO,INDWE,9.87
2025,10,11.0,INDSO,INDWE,-14.27
2026,10,11.0,INDEA,INDNE,-3.53
2026,10,11.0,INDEA,INDNO,-4.27
2026,10,11.0,INDNE,INDNO,3.0
2026,10,11.0,INDNO,INDWE,6.93
2026,10,11.0,INDSO,INDWE,-11.39
2027,10,11.0,INDEA,INDNE,-3.53
2027,10,11.0,INDEA,INDNO,-5.25
2027,10,11.0,INDNE,INDNO,3.0
2027,10,11.0,INDNO,INDWE,3.82
2027,10,11.0,INDSO,INDWE,-6.43
2028,10,11.0,INDEA,INDNE,-3.53
2028,10,11.0,INDEA,INDNO,-5.42
2028,10,11.0,INDNE,INDNO,3.0
2028,10,11.0,INDNO,INDWE,2.65
2028,10,11.0,INDSO,INDWE,-2.95
2029,10,11.0,INDEA,INDNE,-3.53
2029,10,11.0,INDEA,INDNO,-6.42
2029,10,11.0,INDNE,INDNO,3.0
2030,10,11.0,INDEA,INDNE,-5.53
2030,10,11.0,INDEA,INDNO,-5.35
2030,10,11.0,INDNE,INDNO,5.0
2030,10,11.0,INDNO,INDWE,0.37
2031,10,11.0,INDEA,INDNE,-7.53
2031,10,11.0,INDEA,INDNO,-1.79
2031,10,11.0,INDNE,INDNO,3.51
2032,10,11.0,INDEA,INDNE,-9.53
2032,10,11.0,INDNE,INDNO,7.24
2033,10,11.0,INDEA,INDNE,-11.53
2033,10,11.0,INDNE,INDNO,9.16
2034,10,11.0,INDEA,INDNE,-13.53
2034,10,11.0,INDNE,INDNO,10.97
2035,10,11.0,INDEA,INDNE,-15.53
2035,10,11.0,INDNE,INDNO,13.08
2036,10,11.0,INDEA,INDNE,-17.53
2036,10,11.0,INDNE,INDNO,15.01
2037,10,11.0,INDEA,INDNE,-19.53
2037,10,11.0,INDNE,INDNO,16.95
2038,10,11.0,INDEA,INDNE,-21.53
2038,10,11.0,INDNE,INDNO,18.88
2039,10,11.0,INDEA,INDNE,-23.53
2039,10,11.0,INDNE,INDNO,20.81
2040,10,11.0,INDEA,INDNE,-25.53
2040,10,11.0,INDNE,INDNO,22.72
2041,10,11.0,INDEA,INDNE,-27.53
2041,10,11.0,INDNE,INDNO,24.62
2042,10,11.0,INDEA,INDNE,-29.54
2042,10,11.0,INDNE,INDNO,26.51
2043,10,11.0,INDEA,INDNE,-31.54
2043,10,11.0,INDNE,INDNO,28.41
2044,10,11.0,INDEA,INDNE,-33.54
2044,10,11.0,INDNE,INDNO,28.92
2045,10,11.0,INDEA,INDNE,-35.54
2045,10,11.0,INDNE,INDNO,27.23
2045,10,11.0,INDSO,INDWE,-0.81
2046,10,11.0,INDEA,INDNE,-37.54
2046,10,11.0,INDNE,INDNO,16.94
2046,10,11.0,INDSO,INDWE,-12.28
2047,10,11.0,INDEA,INDNE,-39.54
2047,10,11.0,INDNE,INDNO,14.73
2047,10,11.0,INDSO,INDWE,-20.99
2048,10,11.0,INDEA,INDNE,-41.54
2048,10,11.0,INDEA,INDSO,1.98
2048,10,11.0,INDNE,INDNO,13.0
2048,10,11.0,INDSO,INDWE,-30.13
2049,10,11.0,INDEA,INDNE,-43.54
2049,10,11.0,INDEA,INDSO,7.83
2049,10,11.0,INDNE,INDNO,14.18
2049,10,11.0,INDSO,INDWE,-32.13
2050,10,11.0,INDEA,INDNE,-45.54
2050,10,11.0,INDEA,INDSO,7.95
2050,10,11.0,INDNE,INDNO,14.96
2050,10,11.0,INDSO,INDWE,-34.13
2021,10,12.0,INDEA,INDNE,2.84
2022,10,12.0,INDEA,INDNE,2.86
2022,10,12.0,INDNE,INDNO,-0.29
2023,10,12.0,INDEA,INDNE,2.87
2024,10,12.0,INDEA,INDNE,-3.53
2024,10,12.0,INDNE,INDNO,3.0
2025,10,12.0,INDEA,INDNE,-3.53
2025,10,12.0,INDEA,INDNO,-3.32
2025,10,12.0,INDNE,INDNO,3.0
2025,10,12.0,INDNO,INDWE,9.87
2025,10,12.0,INDSO,INDWE,-14.27
2026,10,12.0,INDEA,INDNE,-3.53
2026,10,12.0,INDEA,INDNO,-4.27
2026,10,12.0,INDNE,INDNO,3.0
2026,10,12.0,INDNO,INDWE,6.93
2026,10,12.0,INDSO,INDWE,-11.39
2027,10,12.0,INDEA,INDNE,-3.53
2027,10,12.0,INDEA,INDNO,-5.25
2027,10,12.0,INDNE,INDNO,3.0
2027,10,12.0,INDNO,INDWE,3.82
2027,10,12.0,INDSO,INDWE,-6.43
2028,10,12.0,INDEA,INDNE,-3.53
2028,10,12.0,INDEA,INDNO,-5.42
2028,10,12.0,INDNE,INDNO,3.0
2028,10,12.0,INDNO,INDWE,2.65
2028,10,12.0,INDSO,INDWE,-2.95
2029,10,12.0,INDEA,INDNE,-3.53
2029,10,12.0,INDEA,INDNO,-6.42
2029,10,12.0,INDNE,INDNO,3.0
2030,10,12.0,INDEA,INDNE,-5.53
2030,10,12.0,INDEA,INDNO,-5.35
2030,10,12.0,INDNE,INDNO,5.0
2030,10,12.0,INDNO,INDWE,0.37
2031,10,12.0,INDEA,INDNE,-7.53
2031,10,12.0,INDEA,INDNO,-1.79
2031,10,12.0,INDNE,INDNO,3.51
2032,10,12.0,INDEA,INDNE,-9.53
2032,10,12.0,INDNE,INDNO,7.24
2033,10,12.0,INDEA,INDNE,-11.53
2033,10,12.0,INDNE,INDNO,9.16
2034,10,12.0,INDEA,INDNE,-13.53
2034,10,12.0,INDNE,INDNO,10.97
2035,10,12.0,INDEA,INDNE,-15.53
2035,10,12.0,INDNE,INDNO,13.08
2036,10,12.0,INDEA,INDNE,-17.53
2036,10,12.0,INDNE,INDNO,15.01
2037,10,12.0,INDEA,INDNE,-19.53
2037,10,12.0,INDNE,INDNO,16.95
2038,10,12.0,INDEA,INDNE,-21.53
2038,10,12.0,INDNE,INDNO,18.88
2039,10,12.0,INDEA,INDNE,-23.53
2039,10,12.0,INDNE,INDNO,20.81
2040,10,12.0,INDEA,INDNE,-25.53
2040,10,12.0,INDNE,INDNO,22.72
2041,10,12.0,INDEA,INDNE,-27.53
2041,10,12.0,INDNE,INDNO,24.62
2042,10,12.0,INDEA,INDNE,-29.54
2042,10,12.0,INDNE,INDNO,26.51
2043,10,12.0,INDEA,INDNE,-31.54
2043,10,12.0,INDNE,INDNO,28.41
2044,10,12.0,INDEA,INDNE,-33.54
2044,10,12.0,INDNE,INDNO,28.92
2045,10,12.0,INDEA,INDNE,-35.54
2045,10,12.0,INDNE,INDNO,27.23
2045,10,12.0,INDSO,INDWE,-0.81
2046,10,12.0,INDEA,INDNE,-37.54
2046,10,12.0,INDNE,INDNO,16.94
2046,10,12.0,INDSO,INDWE,-12.28
2047,10,12.0,INDEA,INDNE,-39.54
2047,10,12.0,INDNE,INDNO,14.73
2047,10,12.0,INDSO,INDWE,-20.99
2048,10,12.0,INDEA,INDNE,-41.54
2048,10,12.0,INDEA,INDSO,1.98
2048,10,12.0,INDNE,INDNO,13.0
2048,10,12.0,INDSO,INDWE,-30.13
2049,10,12.0,INDEA,INDNE,-43.54
2049,10,12.0,INDEA,INDSO,7.83
2049,10,12.0,INDNE,INDNO,14.18
2049,10,12.0,INDSO,INDWE,-32.13
2050,10,12.0,INDEA,INDNE,-45.54
2050,10,12.0,INDEA,INDSO,7.95
2050,10,12.0,INDNE,INDNO,14.96
2050,10,12.0,INDSO,INDWE,-34.13
2021,10,13.0,INDEA,INDNE,2.86
2022,10,13.0,INDEA,INDNE,2.86
2022,10,13.0,INDNE,INDNO,-0.49
2023,10,13.0,INDEA,INDNE,2.97
2024,10,13.0,INDEA,INDNE,-3.53
2024,10,13.0,INDNE,INDNO,3.0
2025,10,13.0,INDEA,INDNE,-3.53
2025,10,13.0,INDNE,INDNO,3.0
2026,10,13.0,INDEA,INDNE,-3.53
2026,10,13.0,INDNE,INDNO,3.0
2027,10,13.0,INDEA,INDNE,-3.53
2027,10,13.0,INDNE,INDNO,3.0
2027,10,13.0,INDSO,INDWE,-0.49
2028,10,13.0,INDEA,INDNE,-3.53
2028,10,13.0,INDEA,INDNO,0.39
2028,10,13.0,INDNE,INDNO,3.0
2028,10,13.0,INDSO,INDWE,-3.51
2029,10,13.0,INDEA,INDNE,-3.53
2029,10,13.0,INDEA,INDNO,3.61
2029,10,13.0,INDNE,INDNO,3.0
2029,10,13.0,INDSO,INDWE,-6.32
2030,10,13.0,INDEA,INDNE,-5.53
2030,10,13.0,INDEA,INDNO,4.61
2030,10,13.0,INDNE,INDNO,5.0
2030,10,13.0,INDSO,INDWE,-9.82
2031,10,13.0,INDEA,INDNE,-7.53
2031,10,13.0,INDEA,INDNO,4.28
2031,10,13.0,INDNE,INDNO,7.0
2032,10,13.0,INDEA,INDNE,-9.53
2032,10,13.0,INDEA,INDNO,4.57
2032,10,13.0,INDNE,INDNO,9.0
2033,10,13.0,INDEA,INDNE,-11.53
2033,10,13.0,INDEA,INDNO,4.84
2033,10,13.0,INDNE,INDNO,11.0
2034,10,13.0,INDEA,INDNE,-13.53
2034,10,13.0,INDEA,INDNO,5.01
2034,10,13.0,INDNE,INDNO,13.0
2035,10,13.0,INDEA,INDNE,-15.53
2035,10,13.0,INDEA,INDNO,5.48
2035,10,13.0,INDNE,INDNO,15.0
2036,10,13.0,INDEA,INDNE,-17.53
2036,10,13.0,INDEA,INDNO,5.83
2036,10,13.0,INDNE,INDNO,17.0
2037,10,13.0,INDEA,INDNE,-19.53
2037,10,13.0,INDEA,INDNO,6.18
2037,10,13.0,INDNE,INDNO,19.0
2038,10,13.0,INDEA,INDNE,-21.53
2038,10,13.0,INDEA,INDNO,6.53
2038,10,13.0,INDNE,INDNO,21.0
2039,10,13.0,INDEA,INDNE,-23.53
2039,10,13.0,INDEA,INDNO,6.89
2039,10,13.0,INDNE,INDNO,23.0
2040,10,13.0,INDEA,INDNE,-25.53
2040,10,13.0,INDEA,INDNO,7.24
2040,10,13.0,INDNE,INDNO,25.0
2041,10,13.0,INDEA,INDNE,-27.53
2041,10,13.0,INDEA,INDNO,7.65
2041,10,13.0,INDNE,INDNO,27.0
2042,10,13.0,INDEA,INDNE,-29.54
2042,10,13.0,INDEA,INDNO,8.05
2042,10,13.0,INDNE,INDNO,29.01
2043,10,13.0,INDEA,INDNE,-31.54
2043,10,13.0,INDEA,INDNO,8.45
2043,10,13.0,INDNE,INDNO,31.01
2044,10,13.0,INDEA,INDNE,-33.54
2044,10,13.0,INDEA,INDNO,7.48
2044,10,13.0,INDNE,INDNO,33.01
2045,10,13.0,INDEA,INDNE,-35.54
2045,10,13.0,INDEA,INDNO,5.12
2045,10,13.0,INDNE,INDNO,35.01
2046,10,13.0,INDEA,INDNE,-37.54
2046,10,13.0,INDEA,INDNO,0.76
2046,10,13.0,INDNE,INDNO,37.01
2046,10,13.0,INDNO,INDWE,-3.98
2047,10,13.0,INDEA,INDNE,-39.54
2047,10,13.0,INDNE,INDNO,39.01
2047,10,13.0,INDNO,INDWE,-9.78
2048,10,13.0,INDEA,INDNE,-41.54
2048,10,13.0,INDEA,INDSO,-0.79
2048,10,13.0,INDNE,INDNO,41.01
2048,10,13.0,INDNO,INDWE,-10.56
2049,10,13.0,INDEA,INDNE,-43.54
2049,10,13.0,INDEA,INDSO,-0.9
2049,10,13.0,INDNE,INDNO,43.01
2049,10,13.0,INDNO,INDWE,-11.01
2050,10,13.0,INDEA,INDNE,-45.54
2050,10,13.0,INDEA,INDSO,-0.98
2050,10,13.0,INDNE,INDNO,45.01
2050,10,13.0,INDNO,INDWE,-11.46
2021,10,14.0,INDEA,INDNE,2.86
2022,10,14.0,INDEA,INDNE,2.86
2022,10,14.0,INDNE,INDNO,-0.49
2023,10,14.0,INDEA,INDNE,2.97
2024,10,14.0,INDEA,INDNE,-3.53
2024,10,14.0,INDNE,INDNO,3.0
2025,10,14.0,INDEA,INDNE,-3.53
2025,10,14.0,INDNE,INDNO,3.0
2026,10,14.0,INDEA,INDNE,-3.53
2026,10,14.0,INDNE,INDNO,3.0
2027,10,14.0,INDEA,INDNE,-3.53
2027,10,14.0,INDNE,INDNO,3.0
2027,10,14.0,INDSO,INDWE,-0.49
2028,10,14.0,INDEA,INDNE,-3.53
2028,10,14.0,INDEA,INDNO,0.39
2028,10,14.0,INDNE,INDNO,3.0
2028,10,14.0,INDSO,INDWE,-3.51
2029,10,14.0,INDEA,INDNE,-3.53
2029,10,14.0,INDEA,INDNO,3.61
2029,10,14.0,INDNE,INDNO,3.0
2029,10,14.0,INDSO,INDWE,-6.32
2030,10,14.0,INDEA,INDNE,-5.53
2030,10,14.0,INDEA,INDNO,4.61
2030,10,14.0,INDNE,INDNO,5.0
2030,10,14.0,INDSO,INDWE,-9.82
2031,10,14.0,INDEA,INDNE,-7.53
2031,10,14.0,INDEA,INDNO,4.28
2031,10,14.0,INDNE,INDNO,7.0
2032,10,14.0,INDEA,INDNE,-9.53
2032,10,14.0,INDEA,INDNO,4.57
2032,10,14.0,INDNE,INDNO,9.0
2033,10,14.0,INDEA,INDNE,-11.53
2033,10,14.0,INDEA,INDNO,4.84
2033,10,14.0,INDNE,INDNO,11.0
2034,10,14.0,INDEA,INDNE,-13.53
2034,10,14.0,INDEA,INDNO,5.01
2034,10,14.0,INDNE,INDNO,13.0
2035,10,14.0,INDEA,INDNE,-15.53
2035,10,14.0,INDEA,INDNO,5.48
2035,10,14.0,INDNE,INDNO,15.0
2036,10,14.0,INDEA,INDNE,-17.53
2036,10,14.0,INDEA,INDNO,5.83
2036,10,14.0,INDNE,INDNO,17.0
2037,10,14.0,INDEA,INDNE,-19.53
2037,10,14.0,INDEA,INDNO,6.18
2037,10,14.0,INDNE,INDNO,19.0
2038,10,14.0,INDEA,INDNE,-21.53
2038,10,14.0,INDEA,INDNO,6.53
2038,10,14.0,INDNE,INDNO,21.0
2039,10,14.0,INDEA,INDNE,-23.53
2039,10,14.0,INDEA,INDNO,6.89
2039,10,14.0,INDNE,INDNO,23.0
2040,10,14.0,INDEA,INDNE,-25.53
2040,10,14.0,INDEA,INDNO,7.24
2040,10,14.0,INDNE,INDNO,25.0
2041,10,14.0,INDEA,INDNE,-27.53
2041,10,14.0,INDEA,INDNO,7.65
2041,10,14.0,INDNE,INDNO,27.0
2042,10,14.0,INDEA,INDNE,-29.54
2042,10,14.0,INDEA,INDNO,8.05
2042,10,14.0,INDNE,INDNO,29.01
2043,10,14.0,INDEA,INDNE,-31.54
2043,10,14.0,INDEA,INDNO,8.45
2043,10,14.0,INDNE,INDNO,31.01
2044,10,14.0,INDEA,INDNE,-33.54
2044,10,14.0,INDEA,INDNO,7.48
2044,10,14.0,INDNE,INDNO,33.01
2045,10,14.0,INDEA,INDNE,-35.54
2045,10,14.0,INDEA,INDNO,5.12
2045,10,14.0,INDNE,INDNO,35.01
2046,10,14.0,INDEA,INDNE,-37.54
2046,10,14.0,INDEA,INDNO,0.76
2046,10,14.0,INDNE,INDNO,37.01
2046,10,14.0,INDNO,INDWE,-3.98
2047,10,14.0,INDEA,INDNE,-39.54
2047,10,14.0,INDNE,INDNO,39.01
2047,10,14.0,INDNO,INDWE,-9.78
2048,10,14.0,INDEA,INDNE,-41.54
2048,10,14.0,INDEA,INDSO,-0.79
2048,10,14.0,INDNE,INDNO,41.01
2048,10,14.0,INDNO,INDWE,-10.56
2049,10,14.0,INDEA,INDNE,-43.54
2049,10,14.0,INDEA,INDSO,-0.9
2049,10,14.0,INDNE,INDNO,43.01
2049,10,14.0,INDNO,INDWE,-11.01
2050,10,14.0,INDEA,INDNE,-45.54
2050,10,14.0,INDEA,INDSO,-0.98
2050,10,14.0,INDNE,INDNO,45.01
2050,10,14.0,INDNO,INDWE,-11.46
2021,10,15.0,INDEA,INDNE,2.86
2022,10,15.0,INDEA,INDNE,2.86
2022,10,15.0,INDNE,INDNO,-0.49
2023,10,15.0,INDEA,INDNE,2.97
2024,10,15.0,INDEA,INDNE,-3.53
2024,10,15.0,INDNE,INDNO,3.0
2025,10,15.0,INDEA,INDNE,-3.53
2025,10,15.0,INDNE,INDNO,3.0
2026,10,15.0,INDEA,INDNE,-3.53
2026,10,15.0,INDNE,INDNO,3.0
2027,10,15.0,INDEA,INDNE,-3.53
2027,10,15.0,INDNE,INDNO,3.0
2027,10,15.0,INDSO,INDWE,-0.49
2028,10,15.0,INDEA,INDNE,-3.53
2028,10,15.0,INDEA,INDNO,0.39
2028,10,15.0,INDNE,INDNO,3.0
2028,10,15.0,INDSO,INDWE,-3.51
2029,10,15.0,INDEA,INDNE,-3.53
2029,10,15.0,INDEA,INDNO,3.61
2029,10,15.0,INDNE,INDNO,3.0
2029,10,15.0,INDSO,INDWE,-6.32
2030,10,15.0,INDEA,INDNE,-5.53
2030,10,15.0,INDEA,INDNO,4.61
2030,10,15.0,INDNE,INDNO,5.0
2030,10,15.0,INDSO,INDWE,-9.82
2031,10,15.0,INDEA,INDNE,-7.53
2031,10,15.0,INDEA,INDNO,4.28
2031,10,15.0,INDNE,INDNO,7.0
2032,10,15.0,INDEA,INDNE,-9.53
2032,10,15.0,INDEA,INDNO,4.57
2032,10,15.0,INDNE,INDNO,9.0
2033,10,15.0,INDEA,INDNE,-11.53
2033,10,15.0,INDEA,INDNO,4.84
2033,10,15.0,INDNE,INDNO,11.0
2034,10,15.0,INDEA,INDNE,-13.53
2034,10,15.0,INDEA,INDNO,5.01
2034,10,15.0,INDNE,INDNO,13.0
2035,10,15.0,INDEA,INDNE,-15.53
2035,10,15.0,INDEA,INDNO,5.48
2035,10,15.0,INDNE,INDNO,15.0
2036,10,15.0,INDEA,INDNE,-17.53
2036,10,15.0,INDEA,INDNO,5.83
2036,10,15.0,INDNE,INDNO,17.0
2037,10,15.0,INDEA,INDNE,-19.53
2037,10,15.0,INDEA,INDNO,6.18
2037,10,15.0,INDNE,INDNO,19.0
2038,10,15.0,INDEA,INDNE,-21.53
2038,10,15.0,INDEA,INDNO,6.53
2038,10,15.0,INDNE,INDNO,21.0
2039,10,15.0,INDEA,INDNE,-23.53
2039,10,15.0,INDEA,INDNO,6.89
2039,10,15.0,INDNE,INDNO,23.0
2040,10,15.0,INDEA,INDNE,-25.53
2040,10,15.0,INDEA,INDNO,7.24
2040,10,15.0,INDNE,INDNO,25.0
2041,10,15.0,INDEA,INDNE,-27.53
2041,10,15.0,INDEA,INDNO,7.65
2041,10,15.0,INDNE,INDNO,27.0
2042,10,15.0,INDEA,INDNE,-29.54
2042,10,15.0,INDEA,INDNO,8.05
2042,10,15.0,INDNE,INDNO,29.01
2043,10,15.0,INDEA,INDNE,-31.54
2043,10,15.0,INDEA,INDNO,8.45
2043,10,15.0,INDNE,INDNO,31.01
2044,10,15.0,INDEA,INDNE,-33.54
2044,10,15.0,INDEA,INDNO,7.48
2044,10,15.0,INDNE,INDNO,33.01
2045,10,15.0,INDEA,INDNE,-35.54
2045,10,15.0,INDEA,INDNO,5.12
2045,10,15.0,INDNE,INDNO,35.01
2046,10,15.0,INDEA,INDNE,-37.54
2046,10,15.0,INDEA,INDNO,0.76
2046,10,15.0,INDNE,INDNO,37.01
2046,10,15.0,INDNO,INDWE,-3.98
2047,10,15.0,INDEA,INDNE,-39.54
2047,10,15.0,INDNE,INDNO,39.01
2047,10,15.0,INDNO,INDWE,-9.78
2048,10,15.0,INDEA,INDNE,-41.54
2048,10,15.0,INDEA,INDSO,-0.79
2048,10,15.0,INDNE,INDNO,41.01
2048,10,15.0,INDNO,INDWE,-10.56
2049,10,15.0,INDEA,INDNE,-43.54
2049,10,15.0,INDEA,INDSO,-0.9
2049,10,15.0,INDNE,INDNO,43.01
2049,10,15.0,INDNO,INDWE,-11.01
2050,10,15.0,INDEA,INDNE,-45.54
2050,10,15.0,INDEA,INDSO,-0.98
2050,10,15.0,INDNE,INDNO,45.01
2050,10,15.0,INDNO,INDWE,-11.46
2021,10,16.0,INDEA,INDNE,2.86
2022,10,16.0,INDEA,INDNE,2.86
2022,10,16.0,INDNE,INDNO,-0.49
2023,10,16.0,INDEA,INDNE,2.97
2024,10,16.0,INDEA,INDNE,-3.53
2024,10,16.0,INDNE,INDNO,3.0
2025,10,16.0,INDEA,INDNE,-3.53
2025,10,16.0,INDNE,INDNO,3.0
2026,10,16.0,INDEA,INDNE,-3.53
2026,10,16.0,INDNE,INDNO,3.0
2027,10,16.0,INDEA,INDNE,-3.53
2027,10,16.0,INDNE,INDNO,3.0
2027,10,16.0,INDSO,INDWE,-0.49
2028,10,16.0,INDEA,INDNE,-3.53
2028,10,16.0,INDEA,INDNO,0.39
2028,10,16.0,INDNE,INDNO,3.0
2028,10,16.0,INDSO,INDWE,-3.51
2029,10,16.0,INDEA,INDNE,-3.53
2029,10,16.0,INDEA,INDNO,3.61
2029,10,16.0,INDNE,INDNO,3.0
2029,10,16.0,INDSO,INDWE,-6.32
2030,10,16.0,INDEA,INDNE,-5.53
2030,10,16.0,INDEA,INDNO,4.61
2030,10,16.0,INDNE,INDNO,5.0
2030,10,16.0,INDSO,INDWE,-9.82
2031,10,16.0,INDEA,INDNE,-7.53
2031,10,16.0,INDEA,INDNO,4.28
2031,10,16.0,INDNE,INDNO,7.0
2032,10,16.0,INDEA,INDNE,-9.53
2032,10,16.0,INDEA,INDNO,4.57
2032,10,16.0,INDNE,INDNO,9.0
2033,10,16.0,INDEA,INDNE,-11.53
2033,10,16.0,INDEA,INDNO,4.84
2033,10,16.0,INDNE,INDNO,11.0
2034,10,16.0,INDEA,INDNE,-13.53
2034,10,16.0,INDEA,INDNO,5.01
2034,10,16.0,INDNE,INDNO,13.0
2035,10,16.0,INDEA,INDNE,-15.53
2035,10,16.0,INDEA,INDNO,5.48
2035,10,16.0,INDNE,INDNO,15.0
2036,10,16.0,INDEA,INDNE,-17.53
2036,10,16.0,INDEA,INDNO,5.83
2036,10,16.0,INDNE,INDNO,17.0
2037,10,16.0,INDEA,INDNE,-19.53
2037,10,16.0,INDEA,INDNO,6.18
2037,10,16.0,INDNE,INDNO,19.0
2038,10,16.0,INDEA,INDNE,-21.53
2038,10,16.0,INDEA,INDNO,6.53
2038,10,16.0,INDNE,INDNO,21.0
2039,10,16.0,INDEA,INDNE,-23.53
2039,10,16.0,INDEA,INDNO,6.89
2039,10,16.0,INDNE,INDNO,23.0
2040,10,16.0,INDEA,INDNE,-25.53
2040,10,16.0,INDEA,INDNO,7.24
2040,10,16.0,INDNE,INDNO,25.0
2041,10,16.0,INDEA,INDNE,-27.53
2041,10,16.0,INDEA,INDNO,7.65
2041,10,16.0,INDNE,INDNO,27.0
2042,10,16.0,INDEA,INDNE,-29.54
2042,10,16.0,INDEA,INDNO,8.05
2042,10,16.0,INDNE,INDNO,29.01
2043,10,16.0,INDEA,INDNE,-31.54
2043,10,16.0,INDEA,INDNO,8.45
2043,10,16.0,INDNE,INDNO,31.01
2044,10,16.0,INDEA,INDNE,-33.54
2044,10,16.0,INDEA,INDNO,7.48
2044,10,16.0,INDNE,INDNO,33.01
2045,10,16.0,INDEA,INDNE,-35.54
2045,10,16.0,INDEA,INDNO,5.12
2045,10,16.0,INDNE,INDNO,35.01
2046,10,16.0,INDEA,INDNE,-37.54
2046,10,16.0,INDEA,INDNO,0.76
2046,10,16.0,INDNE,INDNO,37.01
2046,10,16.0,INDNO,INDWE,-3.98
2047,10,16.0,INDEA,INDNE,-39.54
2047,10,16.0,INDNE,INDNO,39.01
2047,10,16.0,INDNO,INDWE,-9.78
2048,10,16.0,INDEA,INDNE,-41.54
2048,10,16.0,INDEA,INDSO,-0.79
2048,10,16.0,INDNE,INDNO,41.01
2048,10,16.0,INDNO,INDWE,-10.56
2049,10,16.0,INDEA,INDNE,-43.54
2049,10,16.0,INDEA,INDSO,-0.9
2049,10,16.0,INDNE,INDNO,43.01
2049,10,16.0,INDNO,INDWE,-11.01
2050,10,16.0,INDEA,INDNE,-45.54
2050,10,16.0,INDEA,INDSO,-0.98
2050,10,16.0,INDNE,INDNO,45.01
2050,10,16.0,INDNO,INDWE,-11.46
2021,10,17.0,INDEA,INDNE,2.86
2022,10,17.0,INDEA,INDNE,2.86
2022,10,17.0,INDNE,INDNO,-0.49
2023,10,17.0,INDEA,INDNE,2.97
2024,10,17.0,INDEA,INDNE,-3.53
2024,10,17.0,INDNE,INDNO,3.0
2025,10,17.0,INDEA,INDNE,-3.53
2025,10,17.0,INDNE,INDNO,3.0
2026,10,17.0,INDEA,INDNE,-3.53
2026,10,17.0,INDNE,INDNO,3.0
2027,10,17.0,INDEA,INDNE,-3.53
2027,10,17.0,INDNE,INDNO,3.0
2027,10,17.0,INDSO,INDWE,-0.49
2028,10,17.0,INDEA,INDNE,-3.53
2028,10,17.0,INDEA,INDNO,0.39
2028,10,17.0,INDNE,INDNO,3.0
2028,10,17.0,INDSO,INDWE,-3.51
2029,10,17.0,INDEA,INDNE,-3.53
2029,10,17.0,INDEA,INDNO,3.61
2029,10,17.0,INDNE,INDNO,3.0
2029,10,17.0,INDSO,INDWE,-6.32
2030,10,17.0,INDEA,INDNE,-5.53
2030,10,17.0,INDEA,INDNO,4.61
2030,10,17.0,INDNE,INDNO,5.0
2030,10,17.0,INDSO,INDWE,-9.82
2031,10,17.0,INDEA,INDNE,-7.53
2031,10,17.0,INDEA,INDNO,4.28
2031,10,17.0,INDNE,INDNO,7.0
2032,10,17.0,INDEA,INDNE,-9.53
2032,10,17.0,INDEA,INDNO,4.57
2032,10,17.0,INDNE,INDNO,9.0
2033,10,17.0,INDEA,INDNE,-11.53
2033,10,17.0,INDEA,INDNO,4.84
2033,10,17.0,INDNE,INDNO,11.0
2034,10,17.0,INDEA,INDNE,-13.53
2034,10,17.0,INDEA,INDNO,5.01
2034,10,17.0,INDNE,INDNO,13.0
2035,10,17.0,INDEA,INDNE,-15.53
2035,10,17.0,INDEA,INDNO,5.48
2035,10,17.0,INDNE,INDNO,15.0
2036,10,17.0,INDEA,INDNE,-17.53
2036,10,17.0,INDEA,INDNO,5.83
2036,10,17.0,INDNE,INDNO,17.0
2037,10,17.0,INDEA,INDNE,-19.53
2037,10,17.0,INDEA,INDNO,6.18
2037,10,17.0,INDNE,INDNO,19.0
2038,10,17.0,INDEA,INDNE,-21.53
2038,10,17.0,INDEA,INDNO,6.53
2038,10,17.0,INDNE,INDNO,21.0
2039,10,17.0,INDEA,INDNE,-23.53
2039,10,17.0,INDEA,INDNO,6.89
2039,10,17.0,INDNE,INDNO,23.0
2040,10,17.0,INDEA,INDNE,-25.53
2040,10,17.0,INDEA,INDNO,7.24
2040,10,17.0,INDNE,INDNO,25.0
2041,10,17.0,INDEA,INDNE,-27.53
2041,10,17.0,INDEA,INDNO,7.65
2041,10,17.0,INDNE,INDNO,27.0
2042,10,17.0,INDEA,INDNE,-29.54
2042,10,17.0,INDEA,INDNO,8.05
2042,10,17.0,INDNE,INDNO,29.01
2043,10,17.0,INDEA,INDNE,-31.54
2043,10,17.0,INDEA,INDNO,8.45
2043,10,17.0,INDNE,INDNO,31.01
2044,10,17.0,INDEA,INDNE,-33.54
2044,10,17.0,INDEA,INDNO,7.48
2044,10,17.0,INDNE,INDNO,33.01
2045,10,17.0,INDEA,INDNE,-35.54
2045,10,17.0,INDEA,INDNO,5.12
2045,10,17.0,INDNE,INDNO,35.01
2046,10,17.0,INDEA,INDNE,-37.54
2046,10,17.0,INDEA,INDNO,0.76
2046,10,17.0,INDNE,INDNO,37.01
2046,10,17.0,INDNO,INDWE,-3.98
2047,10,17.0,INDEA,INDNE,-39.54
2047,10,17.0,INDNE,INDNO,39.01
2047,10,17.0,INDNO,INDWE,-9.78
2048,10,17.0,INDEA,INDNE,-41.54
2048,10,17.0,INDEA,INDSO,-0.79
2048,10,17.0,INDNE,INDNO,41.01
2048,10,17.0,INDNO,INDWE,-10.56
2049,10,17.0,INDEA,INDNE,-43.54
2049,10,17.0,INDEA,INDSO,-0.9
2049,10,17.0,INDNE,INDNO,43.01
2049,10,17.0,INDNO,INDWE,-11.01
2050,10,17.0,INDEA,INDNE,-45.54
2050,10,17.0,INDEA,INDSO,-0.98
2050,10,17.0,INDNE,INDNO,45.01
2050,10,17.0,INDNO,INDWE,-11.46
2021,10,18.0,INDEA,INDNE,2.86
2022,10,18.0,INDEA,INDNE,2.86
2022,10,18.0,INDNE,INDNO,-0.49
2023,10,18.0,INDEA,INDNE,2.97
2024,10,18.0,INDEA,INDNE,-3.53
2024,10,18.0,INDNE,INDNO,3.0
2025,10,18.0,INDEA,INDNE,-3.53
2025,10,18.0,INDNE,INDNO,3.0
2026,10,18.0,INDEA,INDNE,-3.53
2026,10,18.0,INDNE,INDNO,3.0
2027,10,18.0,INDEA,INDNE,-3.53
2027,10,18.0,INDNE,INDNO,3.0
2027,10,18.0,INDSO,INDWE,-0.49
2028,10,18.0,INDEA,INDNE,-3.53
2028,10,18.0,INDEA,INDNO,0.39
2028,10,18.0,INDNE,INDNO,3.0
2028,10,18.0,INDSO,INDWE,-3.51
2029,10,18.0,INDEA,INDNE,-3.53
2029,10,18.0,INDEA,INDNO,3.61
2029,10,18.0,INDNE,INDNO,3.0
2029,10,18.0,INDSO,INDWE,-6.32
2030,10,18.0,INDEA,INDNE,-5.53
2030,10,18.0,INDEA,INDNO,4.61
2030,10,18.0,INDNE,INDNO,5.0
2030,10,18.0,INDSO,INDWE,-9.82
2031,10,18.0,INDEA,INDNE,-7.53
2031,10,18.0,INDEA,INDNO,4.28
2031,10,18.0,INDNE,INDNO,7.0
2032,10,18.0,INDEA,INDNE,-9.53
2032,10,18.0,INDEA,INDNO,4.57
2032,10,18.0,INDNE,INDNO,9.0
2033,10,18.0,INDEA,INDNE,-11.53
2033,10,18.0,INDEA,INDNO,4.84
2033,10,18.0,INDNE,INDNO,11.0
2034,10,18.0,INDEA,INDNE,-13.53
2034,10,18.0,INDEA,INDNO,5.01
2034,10,18.0,INDNE,INDNO,13.0
2035,10,18.0,INDEA,INDNE,-15.53
2035,10,18.0,INDEA,INDNO,5.48
2035,10,18.0,INDNE,INDNO,15.0
2036,10,18.0,INDEA,INDNE,-17.53
2036,10,18.0,INDEA,INDNO,5.83
2036,10,18.0,INDNE,INDNO,17.0
2037,10,18.0,INDEA,INDNE,-19.53
2037,10,18.0,INDEA,INDNO,6.18
2037,10,18.0,INDNE,INDNO,19.0
2038,10,18.0,INDEA,INDNE,-21.53
2038,10,18.0,INDEA,INDNO,6.53
2038,10,18.0,INDNE,INDNO,21.0
2039,10,18.0,INDEA,INDNE,-23.53
2039,10,18.0,INDEA,INDNO,6.89
2039,10,18.0,INDNE,INDNO,23.0
2040,10,18.0,INDEA,INDNE,-25.53
2040,10,18.0,INDEA,INDNO,7.24
2040,10,18.0,INDNE,INDNO,25.0
2041,10,18.0,INDEA,INDNE,-27.53
2041,10,18.0,INDEA,INDNO,7.65
2041,10,18.0,INDNE,INDNO,27.0
2042,10,18.0,INDEA,INDNE,-29.54
2042,10,18.0,INDEA,INDNO,8.05
2042,10,18.0,INDNE,INDNO,29.01
2043,10,18.0,INDEA,INDNE,-31.54
2043,10,18.0,INDEA,INDNO,8.45
2043,10,18.0,INDNE,INDNO,31.01
2044,10,18.0,INDEA,INDNE,-33.54
2044,10,18.0,INDEA,INDNO,7.48
2044,10,18.0,INDNE,INDNO,33.01
2045,10,18.0,INDEA,INDNE,-35.54
2045,10,18.0,INDEA,INDNO,5.12
2045,10,18.0,INDNE,INDNO,35.01
2046,10,18.0,INDEA,INDNE,-37.54
2046,10,18.0,INDEA,INDNO,0.76
2046,10,18.0,INDNE,INDNO,37.01
2046,10,18.0,INDNO,INDWE,-3.98
2047,10,18.0,INDEA,INDNE,-39.54
2047,10,18.0,INDNE,INDNO,39.01
2047,10,18.0,INDNO,INDWE,-9.78
2048,10,18.0,INDEA,INDNE,-41.54
2048,10,18.0,INDEA,INDSO,-0.79
2048,10,18.0,INDNE,INDNO,41.01
2048,10,18.0,INDNO,INDWE,-10.56
2049,10,18.0,INDEA,INDNE,-43.54
2049,10,18.0,INDEA,INDSO,-0.9
2049,10,18.0,INDNE,INDNO,43.01
2049,10,18.0,INDNO,INDWE,-11.01
2050,10,18.0,INDEA,INDNE,-45.54
2050,10,18.0,INDEA,INDSO,-0.98
2050,10,18.0,INDNE,INDNO,45.01
2050,10,18.0,INDNO,INDWE,-11.46
2021,10,19.0,INDEA,INDNE,2.86
2022,10,19.0,INDEA,INDNE,2.86
2022,10,19.0,INDNE,INDNO,-0.49
2023,10,19.0,INDEA,INDNE,2.97
2024,10,19.0,INDEA,INDNE,-3.53
2024,10,19.0,INDNE,INDNO,3.0
2025,10,19.0,INDEA,INDNE,-3.53
2025,10,19.0,INDNE,INDNO,3.0
2026,10,19.0,INDEA,INDNE,-3.53
2026,10,19.0,INDNE,INDNO,3.0
2027,10,19.0,INDEA,INDNE,-3.53
2027,10,19.0,INDNE,INDNO,3.0
2027,10,19.0,INDSO,INDWE,-0.49
2028,10,19.0,INDEA,INDNE,-3.53
2028,10,19.0,INDEA,INDNO,0.39
2028,10,19.0,INDNE,INDNO,3.0
2028,10,19.0,INDSO,INDWE,-3.51
2029,10,19.0,INDEA,INDNE,-3.53
2029,10,19.0,INDEA,INDNO,3.61
2029,10,19.0,INDNE,INDNO,3.0
2029,10,19.0,INDSO,INDWE,-6.32
2030,10,19.0,INDEA,INDNE,-5.53
2030,10,19.0,INDEA,INDNO,4.61
2030,10,19.0,INDNE,INDNO,5.0
2030,10,19.0,INDSO,INDWE,-9.82
2031,10,19.0,INDEA,INDNE,-7.53
2031,10,19.0,INDEA,INDNO,4.28
2031,10,19.0,INDNE,INDNO,7.0
2032,10,19.0,INDEA,INDNE,-9.53
2032,10,19.0,INDEA,INDNO,4.57
2032,10,19.0,INDNE,INDNO,9.0
2033,10,19.0,INDEA,INDNE,-11.53
2033,10,19.0,INDEA,INDNO,4.84
2033,10,19.0,INDNE,INDNO,11.0
2034,10,19.0,INDEA,INDNE,-13.53
2034,10,19.0,INDEA,INDNO,5.01
2034,10,19.0,INDNE,INDNO,13.0
2035,10,19.0,INDEA,INDNE,-15.53
2035,10,19.0,INDEA,INDNO,5.48
2035,10,19.0,INDNE,INDNO,15.0
2036,10,19.0,INDEA,INDNE,-17.53
2036,10,19.0,INDEA,INDNO,5.83
2036,10,19.0,INDNE,INDNO,17.0
2037,10,19.0,INDEA,INDNE,-19.53
2037,10,19.0,INDEA,INDNO,6.18
2037,10,19.0,INDNE,INDNO,19.0
2038,10,19.0,INDEA,INDNE,-21.53
2038,10,19.0,INDEA,INDNO,6.53
2038,10,19.0,INDNE,INDNO,21.0
2039,10,19.0,INDEA,INDNE,-23.53
2039,10,19.0,INDEA,INDNO,6.89
2039,10,19.0,INDNE,INDNO,23.0
2040,10,19.0,INDEA,INDNE,-25.53
2040,10,19.0,INDEA,INDNO,7.24
2040,10,19.0,INDNE,INDNO,25.0
2041,10,19.0,INDEA,INDNE,-27.53
2041,10,19.0,INDEA,INDNO,7.65
2041,10,19.0,INDNE,INDNO,27.0
2042,10,19.0,INDEA,INDNE,-29.54
2042,10,19.0,INDEA,INDNO,8.05
2042,10,19.0,INDNE,INDNO,29.01
2043,10,19.0,INDEA,INDNE,-31.54
2043,10,19.0,INDEA,INDNO,8.45
2043,10,19.0,INDNE,INDNO,31.01
2044,10,19.0,INDEA,INDNE,-33.54
2044,10,19.0,INDEA,INDNO,7.48
2044,10,19.0,INDNE,INDNO,33.01
2045,10,19.0,INDEA,INDNE,-35.54
2045,10,19.0,INDEA,INDNO,5.12
2045,10,19.0,INDNE,INDNO,35.01
2046,10,19.0,INDEA,INDNE,-37.54
2046,10,19.0,INDEA,INDNO,0.76
2046,10,19.0,INDNE,INDNO,37.01
2046,10,19.0,INDNO,INDWE,-3.98
2047,10,19.0,INDEA,INDNE,-39.54
2047,10,19.0,INDNE,INDNO,39.01
2047,10,19.0,INDNO,INDWE,-9.78
2048,10,19.0,INDEA,INDNE,-41.54
2048,10,19.0,INDEA,INDSO,-0.79
2048,10,19.0,INDNE,INDNO,41.01
2048,10,19.0,INDNO,INDWE,-10.56
2049,10,19.0,INDEA,INDNE,-43.54
2049,10,19.0,INDEA,INDSO,-0.9
2049,10,19.0,INDNE,INDNO,43.01
2049,10,19.0,INDNO,INDWE,-11.01
2050,10,19.0,INDEA,INDNE,-45.54
2050,10,19.0,INDEA,INDSO,-0.98
2050,10,19.0,INDNE,INDNO,45.01
2050,10,19.0,INDNO,INDWE,-11.46
2021,10,20.0,INDEA,INDNE,2.86
2022,10,20.0,INDEA,INDNE,2.86
2022,10,20.0,INDNE,INDNO,-0.49
2023,10,20.0,INDEA,INDNE,2.97
2024,10,20.0,INDEA,INDNE,-3.53
2024,10,20.0,INDNE,INDNO,3.0
2025,10,20.0,INDEA,INDNE,-3.53
2025,10,20.0,INDNE,INDNO,3.0
2026,10,20.0,INDEA,INDNE,-3.53
2026,10,20.0,INDNE,INDNO,3.0
2027,10,20.0,INDEA,INDNE,-3.53
2027,10,20.0,INDNE,INDNO,3.0
2027,10,20.0,INDSO,INDWE,-0.49
2028,10,20.0,INDEA,INDNE,-3.53
2028,10,20.0,INDEA,INDNO,0.39
2028,10,20.0,INDNE,INDNO,3.0
2028,10,20.0,INDSO,INDWE,-3.51
2029,10,20.0,INDEA,INDNE,-3.53
2029,10,20.0,INDEA,INDNO,3.61
2029,10,20.0,INDNE,INDNO,3.0
2029,10,20.0,INDSO,INDWE,-6.32
2030,10,20.0,INDEA,INDNE,-5.53
2030,10,20.0,INDEA,INDNO,4.61
2030,10,20.0,INDNE,INDNO,5.0
2030,10,20.0,INDSO,INDWE,-9.82
2031,10,20.0,INDEA,INDNE,-7.53
2031,10,20.0,INDEA,INDNO,4.28
2031,10,20.0,INDNE,INDNO,7.0
2032,10,20.0,INDEA,INDNE,-9.53
2032,10,20.0,INDEA,INDNO,4.57
2032,10,20.0,INDNE,INDNO,9.0
2033,10,20.0,INDEA,INDNE,-11.53
2033,10,20.0,INDEA,INDNO,4.84
2033,10,20.0,INDNE,INDNO,11.0
2034,10,20.0,INDEA,INDNE,-13.53
2034,10,20.0,INDEA,INDNO,5.01
2034,10,20.0,INDNE,INDNO,13.0
2035,10,20.0,INDEA,INDNE,-15.53
2035,10,20.0,INDEA,INDNO,5.48
2035,10,20.0,INDNE,INDNO,15.0
2036,10,20.0,INDEA,INDNE,-17.53
2036,10,20.0,INDEA,INDNO,5.83
2036,10,20.0,INDNE,INDNO,17.0
2037,10,20.0,INDEA,INDNE,-19.53
2037,10,20.0,INDEA,INDNO,6.18
2037,10,20.0,INDNE,INDNO,19.0
2038,10,20.0,INDEA,INDNE,-21.53
2038,10,20.0,INDEA,INDNO,6.53
2038,10,20.0,INDNE,INDNO,21.0
2039,10,20.0,INDEA,INDNE,-23.53
2039,10,20.0,INDEA,INDNO,6.89
2039,10,20.0,INDNE,INDNO,23.0
2040,10,20.0,INDEA,INDNE,-25.53
2040,10,20.0,INDEA,INDNO,7.24
2040,10,20.0,INDNE,INDNO,25.0
2041,10,20.0,INDEA,INDNE,-27.53
2041,10,20.0,INDEA,INDNO,7.65
2041,10,20.0,INDNE,INDNO,27.0
2042,10,20.0,INDEA,INDNE,-29.54
2042,10,20.0,INDEA,INDNO,8.05
2042,10,20.0,INDNE,INDNO,29.01
2043,10,20.0,INDEA,INDNE,-31.54
2043,10,20.0,INDEA,INDNO,8.45
2043,10,20.0,INDNE,INDNO,31.01
2044,10,20.0,INDEA,INDNE,-33.54
2044,10,20.0,INDEA,INDNO,7.48
2044,10,20.0,INDNE,INDNO,33.01
2045,10,20.0,INDEA,INDNE,-35.54
2045,10,20.0,INDEA,INDNO,5.12
2045,10,20.0,INDNE,INDNO,35.01
2046,10,20.0,INDEA,INDNE,-37.54
2046,10,20.0,INDEA,INDNO,0.76
2046,10,20.0,INDNE,INDNO,37.01
2046,10,20.0,INDNO,INDWE,-3.98
2047,10,20.0,INDEA,INDNE,-39.54
2047,10,20.0,INDNE,INDNO,39.01
2047,10,20.0,INDNO,INDWE,-9.78
2048,10,20.0,INDEA,INDNE,-41.54
2048,10,20.0,INDEA,INDSO,-0.79
2048,10,20.0,INDNE,INDNO,41.01
2048,10,20.0,INDNO,INDWE,-10.56
2049,10,20.0,INDEA,INDNE,-43.54
2049,10,20.0,INDEA,INDSO,-0.9
2049,10,20.0,INDNE,INDNO,43.01
2049,10,20.0,INDNO,INDWE,-11.01
2050,10,20.0,INDEA,INDNE,-45.54
2050,10,20.0,INDEA,INDSO,-0.98
2050,10,20.0,INDNE,INDNO,45.01
2050,10,20.0,INDNO,INDWE,-11.46
2021,10,21.0,INDEA,INDNE,2.86
2022,10,21.0,INDEA,INDNE,2.86
2022,10,21.0,INDNE,INDNO,-0.49
2023,10,21.0,INDEA,INDNE,2.97
2024,10,21.0,INDEA,INDNE,-3.53
2024,10,21.0,INDNE,INDNO,3.0
2025,10,21.0,INDEA,INDNE,-3.53
2025,10,21.0,INDNE,INDNO,3.0
2026,10,21.0,INDEA,INDNE,-3.53
2026,10,21.0,INDNE,INDNO,3.0
2027,10,21.0,INDEA,INDNE,-3.53
2027,10,21.0,INDNE,INDNO,3.0
2027,10,21.0,INDSO,INDWE,-0.49
2028,10,21.0,INDEA,INDNE,-3.53
2028,10,21.0,INDEA,INDNO,0.39
2028,10,21.0,INDNE,INDNO,3.0
2028,10,21.0,INDSO,INDWE,-3.51
2029,10,21.0,INDEA,INDNE,-3.53
2029,10,21.0,INDEA,INDNO,3.61
2029,10,21.0,INDNE,INDNO,3.0
2029,10,21.0,INDSO,INDWE,-6.32
2030,10,21.0,INDEA,INDNE,-5.53
2030,10,21.0,INDEA,INDNO,4.61
2030,10,21.0,INDNE,INDNO,5.0
2030,10,21.0,INDSO,INDWE,-9.82
2031,10,21.0,INDEA,INDNE,-7.53
2031,10,21.0,INDEA,INDNO,4.28
2031,10,21.0,INDNE,INDNO,7.0
2032,10,21.0,INDEA,INDNE,-9.53
2032,10,21.0,INDEA,INDNO,4.57
2032,10,21.0,INDNE,INDNO,9.0
2033,10,21.0,INDEA,INDNE,-11.53
2033,10,21.0,INDEA,INDNO,4.84
2033,10,21.0,INDNE,INDNO,11.0
2034,10,21.0,INDEA,INDNE,-13.53
2034,10,21.0,INDEA,INDNO,5.01
2034,10,21.0,INDNE,INDNO,13.0
2035,10,21.0,INDEA,INDNE,-15.53
2035,10,21.0,INDEA,INDNO,5.48
2035,10,21.0,INDNE,INDNO,15.0
2036,10,21.0,INDEA,INDNE,-17.53
2036,10,21.0,INDEA,INDNO,5.83
2036,10,21.0,INDNE,INDNO,17.0
2037,10,21.0,INDEA,INDNE,-19.53
2037,10,21.0,INDEA,INDNO,6.18
2037,10,21.0,INDNE,INDNO,19.0
2038,10,21.0,INDEA,INDNE,-21.53
2038,10,21.0,INDEA,INDNO,6.53
2038,10,21.0,INDNE,INDNO,21.0
2039,10,21.0,INDEA,INDNE,-23.53
2039,10,21.0,INDEA,INDNO,6.89
2039,10,21.0,INDNE,INDNO,23.0
2040,10,21.0,INDEA,INDNE,-25.53
2040,10,21.0,INDEA,INDNO,7.24
2040,10,21.0,INDNE,INDNO,25.0
2041,10,21.0,INDEA,INDNE,-27.53
2041,10,21.0,INDEA,INDNO,7.65
2041,10,21.0,INDNE,INDNO,27.0
2042,10,21.0,INDEA,INDNE,-29.54
2042,10,21.0,INDEA,INDNO,8.05
2042,10,21.0,INDNE,INDNO,29.01
2043,10,21.0,INDEA,INDNE,-31.54
2043,10,21.0,INDEA,INDNO,8.45
2043,10,21.0,INDNE,INDNO,31.01
2044,10,21.0,INDEA,INDNE,-33.54
2044,10,21.0,INDEA,INDNO,7.48
2044,10,21.0,INDNE,INDNO,33.01
2045,10,21.0,INDEA,INDNE,-35.54
2045,10,21.0,INDEA,INDNO,5.12
2045,10,21.0,INDNE,INDNO,35.01
2046,10,21.0,INDEA,INDNE,-37.54
2046,10,21.0,INDEA,INDNO,0.76
2046,10,21.0,INDNE,INDNO,37.01
2046,10,21.0,INDNO,INDWE,-3.98
2047,10,21.0,INDEA,INDNE,-39.54
2047,10,21.0,INDNE,INDNO,39.01
2047,10,21.0,INDNO,INDWE,-9.78
2048,10,21.0,INDEA,INDNE,-41.54
2048,10,21.0,INDEA,INDSO,-0.79
2048,10,21.0,INDNE,INDNO,41.01
2048,10,21.0,INDNO,INDWE,-10.56
2049,10,21.0,INDEA,INDNE,-43.54
2049,10,21.0,INDEA,INDSO,-0.9
2049,10,21.0,INDNE,INDNO,43.01
2049,10,21.0,INDNO,INDWE,-11.01
2050,10,21.0,INDEA,INDNE,-45.54
2050,10,21.0,INDEA,INDSO,-0.98
2050,10,21.0,INDNE,INDNO,45.01
2050,10,21.0,INDNO,INDWE,-11.46
2021,10,22.0,INDEA,INDNE,2.86
2022,10,22.0,INDEA,INDNE,2.86
2022,10,22.0,INDNE,INDNO,-0.49
2023,10,22.0,INDEA,INDNE,2.97
2024,10,22.0,INDEA,INDNE,-3.53
2024,10,22.0,INDNE,INDNO,3.0
2025,10,22.0,INDEA,INDNE,-3.53
2025,10,22.0,INDNE,INDNO,3.0
2026,10,22.0,INDEA,INDNE,-3.53
2026,10,22.0,INDNE,INDNO,3.0
2027,10,22.0,INDEA,INDNE,-3.53
2027,10,22.0,INDNE,INDNO,3.0
2027,10,22.0,INDSO,INDWE,-0.49
2028,10,22.0,INDEA,INDNE,-3.53
2028,10,22.0,INDEA,INDNO,0.39
2028,10,22.0,INDNE,INDNO,3.0
2028,10,22.0,INDSO,INDWE,-3.51
2029,10,22.0,INDEA,INDNE,-3.53
2029,10,22.0,INDEA,INDNO,3.61
2029,10,22.0,INDNE,INDNO,3.0
2029,10,22.0,INDSO,INDWE,-6.32
2030,10,22.0,INDEA,INDNE,-5.53
2030,10,22.0,INDEA,INDNO,4.61
2030,10,22.0,INDNE,INDNO,5.0
2030,10,22.0,INDSO,INDWE,-9.82
2031,10,22.0,INDEA,INDNE,-7.53
2031,10,22.0,INDEA,INDNO,4.28
2031,10,22.0,INDNE,INDNO,7.0
2032,10,22.0,INDEA,INDNE,-9.53
2032,10,22.0,INDEA,INDNO,4.57
2032,10,22.0,INDNE,INDNO,9.0
2033,10,22.0,INDEA,INDNE,-11.53
2033,10,22.0,INDEA,INDNO,4.84
2033,10,22.0,INDNE,INDNO,11.0
2034,10,22.0,INDEA,INDNE,-13.53
2034,10,22.0,INDEA,INDNO,5.01
2034,10,22.0,INDNE,INDNO,13.0
2035,10,22.0,INDEA,INDNE,-15.53
2035,10,22.0,INDEA,INDNO,5.48
2035,10,22.0,INDNE,INDNO,15.0
2036,10,22.0,INDEA,INDNE,-17.53
2036,10,22.0,INDEA,INDNO,5.83
2036,10,22.0,INDNE,INDNO,17.0
2037,10,22.0,INDEA,INDNE,-19.53
2037,10,22.0,INDEA,INDNO,6.18
2037,10,22.0,INDNE,INDNO,19.0
2038,10,22.0,INDEA,INDNE,-21.53
2038,10,22.0,INDEA,INDNO,6.53
2038,10,22.0,INDNE,INDNO,21.0
2039,10,22.0,INDEA,INDNE,-23.53
2039,10,22.0,INDEA,INDNO,6.89
2039,10,22.0,INDNE,INDNO,23.0
2040,10,22.0,INDEA,INDNE,-25.53
2040,10,22.0,INDEA,INDNO,7.24
2040,10,22.0,INDNE,INDNO,25.0
2041,10,22.0,INDEA,INDNE,-27.53
2041,10,22.0,INDEA,INDNO,7.65
2041,10,22.0,INDNE,INDNO,27.0
2042,10,22.0,INDEA,INDNE,-29.54
2042,10,22.0,INDEA,INDNO,8.05
2042,10,22.0,INDNE,INDNO,29.01
2043,10,22.0,INDEA,INDNE,-31.54
2043,10,22.0,INDEA,INDNO,8.45
2043,10,22.0,INDNE,INDNO,31.01
2044,10,22.0,INDEA,INDNE,-33.54
2044,10,22.0,INDEA,INDNO,7.48
2044,10,22.0,INDNE,INDNO,33.01
2045,10,22.0,INDEA,INDNE,-35.54
2045,10,22.0,INDEA,INDNO,5.12
2045,10,22.0,INDNE,INDNO,35.01
2046,10,22.0,INDEA,INDNE,-37.54
2046,10,22.0,INDEA,INDNO,0.76
2046,10,22.0,INDNE,INDNO,37.01
2046,10,22.0,INDNO,INDWE,-3.98
2047,10,22.0,INDEA,INDNE,-39.54
2047,10,22.0,INDNE,INDNO,39.01
2047,10,22.0,INDNO,INDWE,-9.78
2048,10,22.0,INDEA,INDNE,-41.54
2048,10,22.0,INDEA,INDSO,-0.79
2048,10,22.0,INDNE,INDNO,41.01
2048,10,22.0,INDNO,INDWE,-10.56
2049,10,22.0,INDEA,INDNE,-43.54
2049,10,22.0,INDEA,INDSO,-0.9
2049,10,22.0,INDNE,INDNO,43.01
2049,10,22.0,INDNO,INDWE,-11.01
2050,10,22.0,INDEA,INDNE,-45.54
2050,10,22.0,INDEA,INDSO,-0.98
2050,10,22.0,INDNE,INDNO,45.01
2050,10,22.0,INDNO,INDWE,-11.46
2021,10,23.0,INDEA,INDNE,2.86
2022,10,23.0,INDEA,INDNE,2.86
2022,10,23.0,INDNE,INDNO,-0.49
2023,10,23.0,INDEA,INDNE,2.97
2024,10,23.0,INDEA,INDNE,-3.53
2024,10,23.0,INDNE,INDNO,3.0
2025,10,23.0,INDEA,INDNE,-3.53
2025,10,23.0,INDNE,INDNO,3.0
2026,10,23.0,INDEA,INDNE,-3.53
2026,10,23.0,INDNE,INDNO,3.0
2027,10,23.0,INDEA,INDNE,-3.53
2027,10,23.0,INDNE,INDNO,3.0
2027,10,23.0,INDSO,INDWE,-0.49
2028,10,23.0,INDEA,INDNE,-3.53
2028,10,23.0,INDEA,INDNO,0.39
2028,10,23.0,INDNE,INDNO,3.0
2028,10,23.0,INDSO,INDWE,-3.51
2029,10,23.0,INDEA,INDNE,-3.53
2029,10,23.0,INDEA,INDNO,3.61
2029,10,23.0,INDNE,INDNO,3.0
2029,10,23.0,INDSO,INDWE,-6.32
2030,10,23.0,INDEA,INDNE,-5.53
2030,10,23.0,INDEA,INDNO,4.61
2030,10,23.0,INDNE,INDNO,5.0
2030,10,23.0,INDSO,INDWE,-9.82
2031,10,23.0,INDEA,INDNE,-7.53
2031,10,23.0,INDEA,INDNO,4.28
2031,10,23.0,INDNE,INDNO,7.0
2032,10,23.0,INDEA,INDNE,-9.53
2032,10,23.0,INDEA,INDNO,4.57
2032,10,23.0,INDNE,INDNO,9.0
2033,10,23.0,INDEA,INDNE,-11.53
2033,10,23.0,INDEA,INDNO,4.84
2033,10,23.0,INDNE,INDNO,11.0
2034,10,23.0,INDEA,INDNE,-13.53
2034,10,23.0,INDEA,INDNO,5.01
2034,10,23.0,INDNE,INDNO,13.0
2035,10,23.0,INDEA,INDNE,-15.53
2035,10,23.0,INDEA,INDNO,5.48
2035,10,23.0,INDNE,INDNO,15.0
2036,10,23.0,INDEA,INDNE,-17.53
2036,10,23.0,INDEA,INDNO,5.83
2036,10,23.0,INDNE,INDNO,17.0
2037,10,23.0,INDEA,INDNE,-19.53
2037,10,23.0,INDEA,INDNO,6.18
2037,10,23.0,INDNE,INDNO,19.0
2038,10,23.0,INDEA,INDNE,-21.53
2038,10,23.0,INDEA,INDNO,6.53
2038,10,23.0,INDNE,INDNO,21.0
2039,10,23.0,INDEA,INDNE,-23.53
2039,10,23.0,INDEA,INDNO,6.89
2039,10,23.0,INDNE,INDNO,23.0
2040,10,23.0,INDEA,INDNE,-25.53
2040,10,23.0,INDEA,INDNO,7.24
2040,10,23.0,INDNE,INDNO,25.0
2041,10,23.0,INDEA,INDNE,-27.53
2041,10,23.0,INDEA,INDNO,7.65
2041,10,23.0,INDNE,INDNO,27.0
2042,10,23.0,INDEA,INDNE,-29.54
2042,10,23.0,INDEA,INDNO,8.05
2042,10,23.0,INDNE,INDNO,29.01
2043,10,23.0,INDEA,INDNE,-31.54
2043,10,23.0,INDEA,INDNO,8.45
2043,10,23.0,INDNE,INDNO,31.01
2044,10,23.0,INDEA,INDNE,-33.54
2044,10,23.0,INDEA,INDNO,7.48
2044,10,23.0,INDNE,INDNO,33.01
2045,10,23.0,INDEA,INDNE,-35.54
2045,10,23.0,INDEA,INDNO,5.12
2045,10,23.0,INDNE,INDNO,35.01
2046,10,23.0,INDEA,INDNE,-37.54
2046,10,23.0,INDEA,INDNO,0.76
2046,10,23.0,INDNE,INDNO,37.01
2046,10,23.0,INDNO,INDWE,-3.98
2047,10,23.0,INDEA,INDNE,-39.54
2047,10,23.0,INDNE,INDNO,39.01
2047,10,23.0,INDNO,INDWE,-9.78
2048,10,23.0,INDEA,INDNE,-41.54
2048,10,23.0,INDEA,INDSO,-0.79
2048,10,23.0,INDNE,INDNO,41.01
2048,10,23.0,INDNO,INDWE,-10.56
2049,10,23.0,INDEA,INDNE,-43.54
2049,10,23.0,INDEA,INDSO,-0.9
2049,10,23.0,INDNE,INDNO,43.01
2049,10,23.0,INDNO,INDWE,-11.01
2050,10,23.0,INDEA,INDNE,-45.54
2050,10,23.0,INDEA,INDSO,-0.98
2050,10,23.0,INDNE,INDNO,45.01
2050,10,23.0,INDNO,INDWE,-11.46
2021,10,24.0,INDEA,INDNE,2.86
2022,10,24.0,INDEA,INDNE,2.86
2022,10,24.0,INDNE,INDNO,-0.49
2023,10,24.0,INDEA,INDNE,2.97
2024,10,24.0,INDEA,INDNE,-3.53
2024,10,24.0,INDNE,INDNO,3.0
2025,10,24.0,INDEA,INDNE,-3.53
2025,10,24.0,INDNE,INDNO,3.0
2026,10,24.0,INDEA,INDNE,-3.53
2026,10,24.0,INDNE,INDNO,3.0
2027,10,24.0,INDEA,INDNE,-3.53
2027,10,24.0,INDNE,INDNO,3.0
2027,10,24.0,INDSO,INDWE,-0.49
2028,10,24.0,INDEA,INDNE,-3.53
2028,10,24.0,INDEA,INDNO,0.39
2028,10,24.0,INDNE,INDNO,3.0
2028,10,24.0,INDSO,INDWE,-3.51
2029,10,24.0,INDEA,INDNE,-3.53
2029,10,24.0,INDEA,INDNO,3.61
2029,10,24.0,INDNE,INDNO,3.0
2029,10,24.0,INDSO,INDWE,-6.32
2030,10,24.0,INDEA,INDNE,-5.53
2030,10,24.0,INDEA,INDNO,4.61
2030,10,24.0,INDNE,INDNO,5.0
2030,10,24.0,INDSO,INDWE,-9.82
2031,10,24.0,INDEA,INDNE,-7.53
2031,10,24.0,INDEA,INDNO,4.28
2031,10,24.0,INDNE,INDNO,7.0
2032,10,24.0,INDEA,INDNE,-9.53
2032,10,24.0,INDEA,INDNO,4.57
2032,10,24.0,INDNE,INDNO,9.0
2033,10,24.0,INDEA,INDNE,-11.53
2033,10,24.0,INDEA,INDNO,4.84
2033,10,24.0,INDNE,INDNO,11.0
2034,10,24.0,INDEA,INDNE,-13.53
2034,10,24.0,INDEA,INDNO,5.01
2034,10,24.0,INDNE,INDNO,13.0
2035,10,24.0,INDEA,INDNE,-15.53
2035,10,24.0,INDEA,INDNO,5.48
2035,10,24.0,INDNE,INDNO,15.0
2036,10,24.0,INDEA,INDNE,-17.53
2036,10,24.0,INDEA,INDNO,5.83
2036,10,24.0,INDNE,INDNO,17.0
2037,10,24.0,INDEA,INDNE,-19.53
2037,10,24.0,INDEA,INDNO,6.18
2037,10,24.0,INDNE,INDNO,19.0
2038,10,24.0,INDEA,INDNE,-21.53
2038,10,24.0,INDEA,INDNO,6.53
2038,10,24.0,INDNE,INDNO,21.0
2039,10,24.0,INDEA,INDNE,-23.53
2039,10,24.0,INDEA,INDNO,6.89
2039,10,24.0,INDNE,INDNO,23.0
2040,10,24.0,INDEA,INDNE,-25.53
2040,10,24.0,INDEA,INDNO,7.24
2040,10,24.0,INDNE,INDNO,25.0
2041,10,24.0,INDEA,INDNE,-27.53
2041,10,24.0,INDEA,INDNO,7.65
2041,10,24.0,INDNE,INDNO,27.0
2042,10,24.0,INDEA,INDNE,-29.54
2042,10,24.0,INDEA,INDNO,8.05
2042,10,24.0,INDNE,INDNO,29.01
2043,10,24.0,INDEA,INDNE,-31.54
2043,10,24.0,INDEA,INDNO,8.45
2043,10,24.0,INDNE,INDNO,31.01
2044,10,24.0,INDEA,INDNE,-33.54
2044,10,24.0,INDEA,INDNO,7.48
2044,10,24.0,INDNE,INDNO,33.01
2045,10,24.0,INDEA,INDNE,-35.54
2045,10,24.0,INDEA,INDNO,5.12
2045,10,24.0,INDNE,INDNO,35.01
2046,10,24.0,INDEA,INDNE,-37.54
2046,10,24.0,INDEA,INDNO,0.76
2046,10,24.0,INDNE,INDNO,37.01
2046,10,24.0,INDNO,INDWE,-3.98
2047,10,24.0,INDEA,INDNE,-39.54
2047,10,24.0,INDNE,INDNO,39.01
2047,10,24.0,INDNO,INDWE,-9.78
2048,10,24.0,INDEA,INDNE,-41.54
2048,10,24.0,INDEA,INDSO,-0.79
2048,10,24.0,INDNE,INDNO,41.01
2048,10,24.0,INDNO,INDWE,-10.56
2049,10,24.0,INDEA,INDNE,-43.54
2049,10,24.0,INDEA,INDSO,-0.9
2049,10,24.0,INDNE,INDNO,43.01
2049,10,24.0,INDNO,INDWE,-11.01
2050,10,24.0,INDEA,INDNE,-45.54
2050,10,24.0,INDEA,INDSO,-0.98
2050,10,24.0,INDNE,INDNO,45.01
2050,10,24.0,INDNO,INDWE,-11.46
2021,11,1.0,INDEA,INDNE,2.84
2022,11,1.0,INDEA,INDNE,2.86
2022,11,1.0,INDNE,INDNO,-0.29
2023,11,1.0,INDEA,INDNE,2.87
2024,11,1.0,INDEA,INDNE,-3.53
2024,11,1.0,INDNE,INDNO,3.0
2025,11,1.0,INDEA,INDNE,-3.53
2025,11,1.0,INDEA,INDNO,-3.32
2025,11,1.0,INDNE,INDNO,3.0
2025,11,1.0,INDNO,INDWE,9.87
2025,11,1.0,INDSO,INDWE,-14.27
2026,11,1.0,INDEA,INDNE,-3.53
2026,11,1.0,INDEA,INDNO,-4.27
2026,11,1.0,INDNE,INDNO,3.0
2026,11,1.0,INDNO,INDWE,6.93
2026,11,1.0,INDSO,INDWE,-11.39
2027,11,1.0,INDEA,INDNE,-3.53
2027,11,1.0,INDEA,INDNO,-5.25
2027,11,1.0,INDNE,INDNO,3.0
2027,11,1.0,INDNO,INDWE,3.82
2027,11,1.0,INDSO,INDWE,-6.43
2028,11,1.0,INDEA,INDNE,-3.53
2028,11,1.0,INDEA,INDNO,-5.42
2028,11,1.0,INDNE,INDNO,3.0
2028,11,1.0,INDNO,INDWE,2.65
2028,11,1.0,INDSO,INDWE,-2.95
2029,11,1.0,INDEA,INDNE,-3.53
2029,11,1.0,INDEA,INDNO,-6.42
2029,11,1.0,INDNE,INDNO,3.0
2030,11,1.0,INDEA,INDNE,-5.53
2030,11,1.0,INDEA,INDNO,-5.35
2030,11,1.0,INDNE,INDNO,5.0
2030,11,1.0,INDNO,INDWE,0.37
2031,11,1.0,INDEA,INDNE,-7.53
2031,11,1.0,INDEA,INDNO,-1.79
2031,11,1.0,INDNE,INDNO,3.51
2032,11,1.0,INDEA,INDNE,-9.53
2032,11,1.0,INDNE,INDNO,7.24
2033,11,1.0,INDEA,INDNE,-11.53
2033,11,1.0,INDNE,INDNO,9.16
2034,11,1.0,INDEA,INDNE,-13.53
2034,11,1.0,INDNE,INDNO,10.97
2035,11,1.0,INDEA,INDNE,-15.53
2035,11,1.0,INDNE,INDNO,13.08
2036,11,1.0,INDEA,INDNE,-17.53
2036,11,1.0,INDNE,INDNO,15.01
2037,11,1.0,INDEA,INDNE,-19.53
2037,11,1.0,INDNE,INDNO,16.95
2038,11,1.0,INDEA,INDNE,-21.53
2038,11,1.0,INDNE,INDNO,18.88
2039,11,1.0,INDEA,INDNE,-23.53
2039,11,1.0,INDNE,INDNO,20.81
2040,11,1.0,INDEA,INDNE,-25.53
2040,11,1.0,INDNE,INDNO,22.72
2041,11,1.0,INDEA,INDNE,-27.53
2041,11,1.0,INDNE,INDNO,24.62
2042,11,1.0,INDEA,INDNE,-29.54
2042,11,1.0,INDNE,INDNO,26.51
2043,11,1.0,INDEA,INDNE,-31.54
2043,11,1.0,INDNE,INDNO,28.41
2044,11,1.0,INDEA,INDNE,-33.54
2044,11,1.0,INDNE,INDNO,28.92
2045,11,1.0,INDEA,INDNE,-35.54
2045,11,1.0,INDNE,INDNO,27.23
2045,11,1.0,INDSO,INDWE,-0.81
2046,11,1.0,INDEA,INDNE,-37.54
2046,11,1.0,INDNE,INDNO,16.94
2046,11,1.0,INDSO,INDWE,-12.28
2047,11,1.0,INDEA,INDNE,-39.54
2047,11,1.0,INDNE,INDNO,14.73
2047,11,1.0,INDSO,INDWE,-20.99
2048,11,1.0,INDEA,INDNE,-41.54
2048,11,1.0,INDEA,INDSO,1.98
2048,11,1.0,INDNE,INDNO,13.0
2048,11,1.0,INDSO,INDWE,-30.13
2049,11,1.0,INDEA,INDNE,-43.54
2049,11,1.0,INDEA,INDSO,7.83
2049,11,1.0,INDNE,INDNO,14.18
2049,11,1.0,INDSO,INDWE,-32.13
2050,11,1.0,INDEA,INDNE,-45.54
2050,11,1.0,INDEA,INDSO,7.95
2050,11,1.0,INDNE,INDNO,14.96
2050,11,1.0,INDSO,INDWE,-34.13
2021,11,2.0,INDEA,INDNE,2.84
2022,11,2.0,INDEA,INDNE,2.86
2022,11,2.0,INDNE,INDNO,-0.29
2023,11,2.0,INDEA,INDNE,2.87
2024,11,2.0,INDEA,INDNE,-3.53
2024,11,2.0,INDNE,INDNO,3.0
2025,11,2.0,INDEA,INDNE,-3.53
2025,11,2.0,INDEA,INDNO,-3.32
2025,11,2.0,INDNE,INDNO,3.0
2025,11,2.0,INDNO,INDWE,9.87
2025,11,2.0,INDSO,INDWE,-14.27
2026,11,2.0,INDEA,INDNE,-3.53
2026,11,2.0,INDEA,INDNO,-4.27
2026,11,2.0,INDNE,INDNO,3.0
2026,11,2.0,INDNO,INDWE,6.93
2026,11,2.0,INDSO,INDWE,-11.39
2027,11,2.0,INDEA,INDNE,-3.53
2027,11,2.0,INDEA,INDNO,-5.25
2027,11,2.0,INDNE,INDNO,3.0
2027,11,2.0,INDNO,INDWE,3.82
2027,11,2.0,INDSO,INDWE,-6.43
2028,11,2.0,INDEA,INDNE,-3.53
2028,11,2.0,INDEA,INDNO,-5.42
2028,11,2.0,INDNE,INDNO,3.0
2028,11,2.0,INDNO,INDWE,2.65
2028,11,2.0,INDSO,INDWE,-2.95
2029,11,2.0,INDEA,INDNE,-3.53
2029,11,2.0,INDEA,INDNO,-6.42
2029,11,2.0,INDNE,INDNO,3.0
2030,11,2.0,INDEA,INDNE,-5.53
2030,11,2.0,INDEA,INDNO,-5.35
2030,11,2.0,INDNE,INDNO,5.0
2030,11,2.0,INDNO,INDWE,0.37
2031,11,2.0,INDEA,INDNE,-7.53
2031,11,2.0,INDEA,INDNO,-1.79
2031,11,2.0,INDNE,INDNO,3.51
2032,11,2.0,INDEA,INDNE,-9.53
2032,11,2.0,INDNE,INDNO,7.24
2033,11,2.0,INDEA,INDNE,-11.53
2033,11,2.0,INDNE,INDNO,9.16
2034,11,2.0,INDEA,INDNE,-13.53
2034,11,2.0,INDNE,INDNO,10.97
2035,11,2.0,INDEA,INDNE,-15.53
2035,11,2.0,INDNE,INDNO,13.08
2036,11,2.0,INDEA,INDNE,-17.53
2036,11,2.0,INDNE,INDNO,15.01
2037,11,2.0,INDEA,INDNE,-19.53
2037,11,2.0,INDNE,INDNO,16.95
2038,11,2.0,INDEA,INDNE,-21.53
2038,11,2.0,INDNE,INDNO,18.88
2039,11,2.0,INDEA,INDNE,-23.53
2039,11,2.0,INDNE,INDNO,20.81
2040,11,2.0,INDEA,INDNE,-25.53
2040,11,2.0,INDNE,INDNO,22.72
2041,11,2.0,INDEA,INDNE,-27.53
2041,11,2.0,INDNE,INDNO,24.62
2042,11,2.0,INDEA,INDNE,-29.54
2042,11,2.0,INDNE,INDNO,26.51
2043,11,2.0,INDEA,INDNE,-31.54
2043,11,2.0,INDNE,INDNO,28.41
2044,11,2.0,INDEA,INDNE,-33.54
2044,11,2.0,INDNE,INDNO,28.92
2045,11,2.0,INDEA,INDNE,-35.54
2045,11,2.0,INDNE,INDNO,27.23
2045,11,2.0,INDSO,INDWE,-0.81
2046,11,2.0,INDEA,INDNE,-37.54
2046,11,2.0,INDNE,INDNO,16.94
2046,11,2.0,INDSO,INDWE,-12.28
2047,11,2.0,INDEA,INDNE,-39.54
2047,11,2.0,INDNE,INDNO,14.73
2047,11,2.0,INDSO,INDWE,-20.99
2048,11,2.0,INDEA,INDNE,-41.54
2048,11,2.0,INDEA,INDSO,1.98
2048,11,2.0,INDNE,INDNO,13.0
2048,11,2.0,INDSO,INDWE,-30.13
2049,11,2.0,INDEA,INDNE,-43.54
2049,11,2.0,INDEA,INDSO,7.83
2049,11,2.0,INDNE,INDNO,14.18
2049,11,2.0,INDSO,INDWE,-32.13
2050,11,2.0,INDEA,INDNE,-45.54
2050,11,2.0,INDEA,INDSO,7.95
2050,11,2.0,INDNE,INDNO,14.96
2050,11,2.0,INDSO,INDWE,-34.13
2021,11,3.0,INDEA,INDNE,2.84
2022,11,3.0,INDEA,INDNE,2.86
2022,11,3.0,INDNE,INDNO,-0.29
2023,11,3.0,INDEA,INDNE,2.87
2024,11,3.0,INDEA,INDNE,-3.53
2024,11,3.0,INDNE,INDNO,3.0
2025,11,3.0,INDEA,INDNE,-3.53
2025,11,3.0,INDEA,INDNO,-3.32
2025,11,3.0,INDNE,INDNO,3.0
2025,11,3.0,INDNO,INDWE,9.87
2025,11,3.0,INDSO,INDWE,-14.27
2026,11,3.0,INDEA,INDNE,-3.53
2026,11,3.0,INDEA,INDNO,-4.27
2026,11,3.0,INDNE,INDNO,3.0
2026,11,3.0,INDNO,INDWE,6.93
2026,11,3.0,INDSO,INDWE,-11.39
2027,11,3.0,INDEA,INDNE,-3.53
2027,11,3.0,INDEA,INDNO,-5.25
2027,11,3.0,INDNE,INDNO,3.0
2027,11,3.0,INDNO,INDWE,3.82
2027,11,3.0,INDSO,INDWE,-6.43
2028,11,3.0,INDEA,INDNE,-3.53
2028,11,3.0,INDEA,INDNO,-5.42
2028,11,3.0,INDNE,INDNO,3.0
2028,11,3.0,INDNO,INDWE,2.65
2028,11,3.0,INDSO,INDWE,-2.95
2029,11,3.0,INDEA,INDNE,-3.53
2029,11,3.0,INDEA,INDNO,-6.42
2029,11,3.0,INDNE,INDNO,3.0
2030,11,3.0,INDEA,INDNE,-5.53
2030,11,3.0,INDEA,INDNO,-5.35
2030,11,3.0,INDNE,INDNO,5.0
2030,11,3.0,INDNO,INDWE,0.37
2031,11,3.0,INDEA,INDNE,-7.53
2031,11,3.0,INDEA,INDNO,-1.79
2031,11,3.0,INDNE,INDNO,3.51
2032,11,3.0,INDEA,INDNE,-9.53
2032,11,3.0,INDNE,INDNO,7.24
2033,11,3.0,INDEA,INDNE,-11.53
2033,11,3.0,INDNE,INDNO,9.16
2034,11,3.0,INDEA,INDNE,-13.53
2034,11,3.0,INDNE,INDNO,10.97
2035,11,3.0,INDEA,INDNE,-15.53
2035,11,3.0,INDNE,INDNO,13.08
2036,11,3.0,INDEA,INDNE,-17.53
2036,11,3.0,INDNE,INDNO,15.01
2037,11,3.0,INDEA,INDNE,-19.53
2037,11,3.0,INDNE,INDNO,16.95
2038,11,3.0,INDEA,INDNE,-21.53
2038,11,3.0,INDNE,INDNO,18.88
2039,11,3.0,INDEA,INDNE,-23.53
2039,11,3.0,INDNE,INDNO,20.81
2040,11,3.0,INDEA,INDNE,-25.53
2040,11,3.0,INDNE,INDNO,22.72
2041,11,3.0,INDEA,INDNE,-27.53
2041,11,3.0,INDNE,INDNO,24.62
2042,11,3.0,INDEA,INDNE,-29.54
2042,11,3.0,INDNE,INDNO,26.51
2043,11,3.0,INDEA,INDNE,-31.54
2043,11,3.0,INDNE,INDNO,28.41
2044,11,3.0,INDEA,INDNE,-33.54
2044,11,3.0,INDNE,INDNO,28.92
2045,11,3.0,INDEA,INDNE,-35.54
2045,11,3.0,INDNE,INDNO,27.23
2045,11,3.0,INDSO,INDWE,-0.81
2046,11,3.0,INDEA,INDNE,-37.54
2046,11,3.0,INDNE,INDNO,16.94
2046,11,3.0,INDSO,INDWE,-12.28
2047,11,3.0,INDEA,INDNE,-39.54
2047,11,3.0,INDNE,INDNO,14.73
2047,11,3.0,INDSO,INDWE,-20.99
2048,11,3.0,INDEA,INDNE,-41.54
2048,11,3.0,INDEA,INDSO,1.98
2048,11,3.0,INDNE,INDNO,13.0
2048,11,3.0,INDSO,INDWE,-30.13
2049,11,3.0,INDEA,INDNE,-43.54
2049,11,3.0,INDEA,INDSO,7.83
2049,11,3.0,INDNE,INDNO,14.18
2049,11,3.0,INDSO,INDWE,-32.13
2050,11,3.0,INDEA,INDNE,-45.54
2050,11,3.0,INDEA,INDSO,7.95
2050,11,3.0,INDNE,INDNO,14.96
2050,11,3.0,INDSO,INDWE,-34.13
2021,11,4.0,INDEA,INDNE,2.84
2022,11,4.0,INDEA,INDNE,2.86
2022,11,4.0,INDNE,INDNO,-0.29
2023,11,4.0,INDEA,INDNE,2.87
2024,11,4.0,INDEA,INDNE,-3.53
2024,11,4.0,INDNE,INDNO,3.0
2025,11,4.0,INDEA,INDNE,-3.53
2025,11,4.0,INDEA,INDNO,-3.32
2025,11,4.0,INDNE,INDNO,3.0
2025,11,4.0,INDNO,INDWE,9.87
2025,11,4.0,INDSO,INDWE,-14.27
2026,11,4.0,INDEA,INDNE,-3.53
2026,11,4.0,INDEA,INDNO,-4.27
2026,11,4.0,INDNE,INDNO,3.0
2026,11,4.0,INDNO,INDWE,6.93
2026,11,4.0,INDSO,INDWE,-11.39
2027,11,4.0,INDEA,INDNE,-3.53
2027,11,4.0,INDEA,INDNO,-5.25
2027,11,4.0,INDNE,INDNO,3.0
2027,11,4.0,INDNO,INDWE,3.82
2027,11,4.0,INDSO,INDWE,-6.43
2028,11,4.0,INDEA,INDNE,-3.53
2028,11,4.0,INDEA,INDNO,-5.42
2028,11,4.0,INDNE,INDNO,3.0
2028,11,4.0,INDNO,INDWE,2.65
2028,11,4.0,INDSO,INDWE,-2.95
2029,11,4.0,INDEA,INDNE,-3.53
2029,11,4.0,INDEA,INDNO,-6.42
2029,11,4.0,INDNE,INDNO,3.0
2030,11,4.0,INDEA,INDNE,-5.53
2030,11,4.0,INDEA,INDNO,-5.35
2030,11,4.0,INDNE,INDNO,5.0
2030,11,4.0,INDNO,INDWE,0.37
2031,11,4.0,INDEA,INDNE,-7.53
2031,11,4.0,INDEA,INDNO,-1.79
2031,11,4.0,INDNE,INDNO,3.51
2032,11,4.0,INDEA,INDNE,-9.53
2032,11,4.0,INDNE,INDNO,7.24
2033,11,4.0,INDEA,INDNE,-11.53
2033,11,4.0,INDNE,INDNO,9.16
2034,11,4.0,INDEA,INDNE,-13.53
2034,11,4.0,INDNE,INDNO,10.97
2035,11,4.0,INDEA,INDNE,-15.53
2035,11,4.0,INDNE,INDNO,13.08
2036,11,4.0,INDEA,INDNE,-17.53
2036,11,4.0,INDNE,INDNO,15.01
2037,11,4.0,INDEA,INDNE,-19.53
2037,11,4.0,INDNE,INDNO,16.95
2038,11,4.0,INDEA,INDNE,-21.53
2038,11,4.0,INDNE,INDNO,18.88
2039,11,4.0,INDEA,INDNE,-23.53
2039,11,4.0,INDNE,INDNO,20.81
2040,11,4.0,INDEA,INDNE,-25.53
2040,11,4.0,INDNE,INDNO,22.72
2041,11,4.0,INDEA,INDNE,-27.53
2041,11,4.0,INDNE,INDNO,24.62
2042,11,4.0,INDEA,INDNE,-29.54
2042,11,4.0,INDNE,INDNO,26.51
2043,11,4.0,INDEA,INDNE,-31.54
2043,11,4.0,INDNE,INDNO,28.41
2044,11,4.0,INDEA,INDNE,-33.54
2044,11,4.0,INDNE,INDNO,28.92
2045,11,4.0,INDEA,INDNE,-35.54
2045,11,4.0,INDNE,INDNO,27.23
2045,11,4.0,INDSO,INDWE,-0.81
2046,11,4.0,INDEA,INDNE,-37.54
2046,11,4.0,INDNE,INDNO,16.94
2046,11,4.0,INDSO,INDWE,-12.28
2047,11,4.0,INDEA,INDNE,-39.54
2047,11,4.0,INDNE,INDNO,14.73
2047,11,4.0,INDSO,INDWE,-20.99
2048,11,4.0,INDEA,INDNE,-41.54
2048,11,4.0,INDEA,INDSO,1.98
2048,11,4.0,INDNE,INDNO,13.0
2048,11,4.0,INDSO,INDWE,-30.13
2049,11,4.0,INDEA,INDNE,-43.54
2049,11,4.0,INDEA,INDSO,7.83
2049,11,4.0,INDNE,INDNO,14.18
2049,11,4.0,INDSO,INDWE,-32.13
2050,11,4.0,INDEA,INDNE,-45.54
2050,11,4.0,INDEA,INDSO,7.95
2050,11,4.0,INDNE,INDNO,14.96
2050,11,4.0,INDSO,INDWE,-34.13
2021,11,5.0,INDEA,INDNE,2.84
2022,11,5.0,INDEA,INDNE,2.86
2022,11,5.0,INDNE,INDNO,-0.29
2023,11,5.0,INDEA,INDNE,2.87
2024,11,5.0,INDEA,INDNE,-3.53
2024,11,5.0,INDNE,INDNO,3.0
2025,11,5.0,INDEA,INDNE,-3.53
2025,11,5.0,INDEA,INDNO,-3.32
2025,11,5.0,INDNE,INDNO,3.0
2025,11,5.0,INDNO,INDWE,9.87
2025,11,5.0,INDSO,INDWE,-14.27
2026,11,5.0,INDEA,INDNE,-3.53
2026,11,5.0,INDEA,INDNO,-4.27
2026,11,5.0,INDNE,INDNO,3.0
2026,11,5.0,INDNO,INDWE,6.93
2026,11,5.0,INDSO,INDWE,-11.39
2027,11,5.0,INDEA,INDNE,-3.53
2027,11,5.0,INDEA,INDNO,-5.25
2027,11,5.0,INDNE,INDNO,3.0
2027,11,5.0,INDNO,INDWE,3.82
2027,11,5.0,INDSO,INDWE,-6.43
2028,11,5.0,INDEA,INDNE,-3.53
2028,11,5.0,INDEA,INDNO,-5.42
2028,11,5.0,INDNE,INDNO,3.0
2028,11,5.0,INDNO,INDWE,2.65
2028,11,5.0,INDSO,INDWE,-2.95
2029,11,5.0,INDEA,INDNE,-3.53
2029,11,5.0,INDEA,INDNO,-6.42
2029,11,5.0,INDNE,INDNO,3.0
2030,11,5.0,INDEA,INDNE,-5.53
2030,11,5.0,INDEA,INDNO,-5.35
2030,11,5.0,INDNE,INDNO,5.0
2030,11,5.0,INDNO,INDWE,0.37
2031,11,5.0,INDEA,INDNE,-7.53
2031,11,5.0,INDEA,INDNO,-1.79
2031,11,5.0,INDNE,INDNO,3.51
2032,11,5.0,INDEA,INDNE,-9.53
2032,11,5.0,INDNE,INDNO,7.24
2033,11,5.0,INDEA,INDNE,-11.53
2033,11,5.0,INDNE,INDNO,9.16
2034,11,5.0,INDEA,INDNE,-13.53
2034,11,5.0,INDNE,INDNO,10.97
2035,11,5.0,INDEA,INDNE,-15.53
2035,11,5.0,INDNE,INDNO,13.08
2036,11,5.0,INDEA,INDNE,-17.53
2036,11,5.0,INDNE,INDNO,15.01
2037,11,5.0,INDEA,INDNE,-19.53
2037,11,5.0,INDNE,INDNO,16.95
2038,11,5.0,INDEA,INDNE,-21.53
2038,11,5.0,INDNE,INDNO,18.88
2039,11,5.0,INDEA,INDNE,-23.53
2039,11,5.0,INDNE,INDNO,20.81
2040,11,5.0,INDEA,INDNE,-25.53
2040,11,5.0,INDNE,INDNO,22.72
2041,11,5.0,INDEA,INDNE,-27.53
2041,11,5.0,INDNE,INDNO,24.62
2042,11,5.0,INDEA,INDNE,-29.54
2042,11,5.0,INDNE,INDNO,26.51
2043,11,5.0,INDEA,INDNE,-31.54
2043,11,5.0,INDNE,INDNO,28.41
2044,11,5.0,INDEA,INDNE,-33.54
2044,11,5.0,INDNE,INDNO,28.92
2045,11,5.0,INDEA,INDNE,-35.54
2045,11,5.0,INDNE,INDNO,27.23
2045,11,5.0,INDSO,INDWE,-0.81
2046,11,5.0,INDEA,INDNE,-37.54
2046,11,5.0,INDNE,INDNO,16.94
2046,11,5.0,INDSO,INDWE,-12.28
2047,11,5.0,INDEA,INDNE,-39.54
2047,11,5.0,INDNE,INDNO,14.73
2047,11,5.0,INDSO,INDWE,-20.99
2048,11,5.0,INDEA,INDNE,-41.54
2048,11,5.0,INDEA,INDSO,1.98
2048,11,5.0,INDNE,INDNO,13.0
2048,11,5.0,INDSO,INDWE,-30.13
2049,11,5.0,INDEA,INDNE,-43.54
2049,11,5.0,INDEA,INDSO,7.83
2049,11,5.0,INDNE,INDNO,14.18
2049,11,5.0,INDSO,INDWE,-32.13
2050,11,5.0,INDEA,INDNE,-45.54
2050,11,5.0,INDEA,INDSO,7.95
2050,11,5.0,INDNE,INDNO,14.96
2050,11,5.0,INDSO,INDWE,-34.13
2021,11,6.0,INDEA,INDNE,2.84
2022,11,6.0,INDEA,INDNE,2.86
2022,11,6.0,INDNE,INDNO,-0.29
2023,11,6.0,INDEA,INDNE,2.87
2024,11,6.0,INDEA,INDNE,-3.53
2024,11,6.0,INDNE,INDNO,3.0
2025,11,6.0,INDEA,INDNE,-3.53
2025,11,6.0,INDEA,INDNO,-3.32
2025,11,6.0,INDNE,INDNO,3.0
2025,11,6.0,INDNO,INDWE,9.87
2025,11,6.0,INDSO,INDWE,-14.27
2026,11,6.0,INDEA,INDNE,-3.53
2026,11,6.0,INDEA,INDNO,-4.27
2026,11,6.0,INDNE,INDNO,3.0
2026,11,6.0,INDNO,INDWE,6.93
2026,11,6.0,INDSO,INDWE,-11.39
2027,11,6.0,INDEA,INDNE,-3.53
2027,11,6.0,INDEA,INDNO,-5.25
2027,11,6.0,INDNE,INDNO,3.0
2027,11,6.0,INDNO,INDWE,3.82
2027,11,6.0,INDSO,INDWE,-6.43
2028,11,6.0,INDEA,INDNE,-3.53
2028,11,6.0,INDEA,INDNO,-5.42
2028,11,6.0,INDNE,INDNO,3.0
2028,11,6.0,INDNO,INDWE,2.65
2028,11,6.0,INDSO,INDWE,-2.95
2029,11,6.0,INDEA,INDNE,-3.53
2029,11,6.0,INDEA,INDNO,-6.42
2029,11,6.0,INDNE,INDNO,3.0
2030,11,6.0,INDEA,INDNE,-5.53
2030,11,6.0,INDEA,INDNO,-5.35
2030,11,6.0,INDNE,INDNO,5.0
2030,11,6.0,INDNO,INDWE,0.37
2031,11,6.0,INDEA,INDNE,-7.53
2031,11,6.0,INDEA,INDNO,-1.79
2031,11,6.0,INDNE,INDNO,3.51
2032,11,6.0,INDEA,INDNE,-9.53
2032,11,6.0,INDNE,INDNO,7.24
2033,11,6.0,INDEA,INDNE,-11.53
2033,11,6.0,INDNE,INDNO,9.16
2034,11,6.0,INDEA,INDNE,-13.53
2034,11,6.0,INDNE,INDNO,10.97
2035,11,6.0,INDEA,INDNE,-15.53
2035,11,6.0,INDNE,INDNO,13.08
2036,11,6.0,INDEA,INDNE,-17.53
2036,11,6.0,INDNE,INDNO,15.01
2037,11,6.0,INDEA,INDNE,-19.53
2037,11,6.0,INDNE,INDNO,16.95
2038,11,6.0,INDEA,INDNE,-21.53
2038,11,6.0,INDNE,INDNO,18.88
2039,11,6.0,INDEA,INDNE,-23.53
2039,11,6.0,INDNE,INDNO,20.81
2040,11,6.0,INDEA,INDNE,-25.53
2040,11,6.0,INDNE,INDNO,22.72
2041,11,6.0,INDEA,INDNE,-27.53
2041,11,6.0,INDNE,INDNO,24.62
2042,11,6.0,INDEA,INDNE,-29.54
2042,11,6.0,INDNE,INDNO,26.51
2043,11,6.0,INDEA,INDNE,-31.54
2043,11,6.0,INDNE,INDNO,28.41
2044,11,6.0,INDEA,INDNE,-33.54
2044,11,6.0,INDNE,INDNO,28.92
2045,11,6.0,INDEA,INDNE,-35.54
2045,11,6.0,INDNE,INDNO,27.23
2045,11,6.0,INDSO,INDWE,-0.81
2046,11,6.0,INDEA,INDNE,-37.54
2046,11,6.0,INDNE,INDNO,16.94
2046,11,6.0,INDSO,INDWE,-12.28
2047,11,6.0,INDEA,INDNE,-39.54
2047,11,6.0,INDNE,INDNO,14.73
2047,11,6.0,INDSO,INDWE,-20.99
2048,11,6.0,INDEA,INDNE,-41.54
2048,11,6.0,INDEA,INDSO,1.98
2048,11,6.0,INDNE,INDNO,13.0
2048,11,6.0,INDSO,INDWE,-30.13
2049,11,6.0,INDEA,INDNE,-43.54
2049,11,6.0,INDEA,INDSO,7.83
2049,11,6.0,INDNE,INDNO,14.18
2049,11,6.0,INDSO,INDWE,-32.13
2050,11,6.0,INDEA,INDNE,-45.54
2050,11,6.0,INDEA,INDSO,7.95
2050,11,6.0,INDNE,INDNO,14.96
2050,11,6.0,INDSO,INDWE,-34.13
2021,11,7.0,INDEA,INDNE,2.84
2022,11,7.0,INDEA,INDNE,2.86
2022,11,7.0,INDNE,INDNO,-0.29
2023,11,7.0,INDEA,INDNE,2.87
2024,11,7.0,INDEA,INDNE,-3.53
2024,11,7.0,INDNE,INDNO,3.0
2025,11,7.0,INDEA,INDNE,-3.53
2025,11,7.0,INDEA,INDNO,-3.32
2025,11,7.0,INDNE,INDNO,3.0
2025,11,7.0,INDNO,INDWE,9.87
2025,11,7.0,INDSO,INDWE,-14.27
2026,11,7.0,INDEA,INDNE,-3.53
2026,11,7.0,INDEA,INDNO,-4.27
2026,11,7.0,INDNE,INDNO,3.0
2026,11,7.0,INDNO,INDWE,6.93
2026,11,7.0,INDSO,INDWE,-11.39
2027,11,7.0,INDEA,INDNE,-3.53
2027,11,7.0,INDEA,INDNO,-5.25
2027,11,7.0,INDNE,INDNO,3.0
2027,11,7.0,INDNO,INDWE,3.82
2027,11,7.0,INDSO,INDWE,-6.43
2028,11,7.0,INDEA,INDNE,-3.53
2028,11,7.0,INDEA,INDNO,-5.42
2028,11,7.0,INDNE,INDNO,3.0
2028,11,7.0,INDNO,INDWE,2.65
2028,11,7.0,INDSO,INDWE,-2.95
2029,11,7.0,INDEA,INDNE,-3.53
2029,11,7.0,INDEA,INDNO,-6.42
2029,11,7.0,INDNE,INDNO,3.0
2030,11,7.0,INDEA,INDNE,-5.53
2030,11,7.0,INDEA,INDNO,-5.35
2030,11,7.0,INDNE,INDNO,5.0
2030,11,7.0,INDNO,INDWE,0.37
2031,11,7.0,INDEA,INDNE,-7.53
2031,11,7.0,INDEA,INDNO,-1.79
2031,11,7.0,INDNE,INDNO,3.51
2032,11,7.0,INDEA,INDNE,-9.53
2032,11,7.0,INDNE,INDNO,7.24
2033,11,7.0,INDEA,INDNE,-11.53
2033,11,7.0,INDNE,INDNO,9.16
2034,11,7.0,INDEA,INDNE,-13.53
2034,11,7.0,INDNE,INDNO,10.97
2035,11,7.0,INDEA,INDNE,-15.53
2035,11,7.0,INDNE,INDNO,13.08
2036,11,7.0,INDEA,INDNE,-17.53
2036,11,7.0,INDNE,INDNO,15.01
2037,11,7.0,INDEA,INDNE,-19.53
2037,11,7.0,INDNE,INDNO,16.95
2038,11,7.0,INDEA,INDNE,-21.53
2038,11,7.0,INDNE,INDNO,18.88
2039,11,7.0,INDEA,INDNE,-23.53
2039,11,7.0,INDNE,INDNO,20.81
2040,11,7.0,INDEA,INDNE,-25.53
2040,11,7.0,INDNE,INDNO,22.72
2041,11,7.0,INDEA,INDNE,-27.53
2041,11,7.0,INDNE,INDNO,24.62
2042,11,7.0,INDEA,INDNE,-29.54
2042,11,7.0,INDNE,INDNO,26.51
2043,11,7.0,INDEA,INDNE,-31.54
2043,11,7.0,INDNE,INDNO,28.41
2044,11,7.0,INDEA,INDNE,-33.54
2044,11,7.0,INDNE,INDNO,28.92
2045,11,7.0,INDEA,INDNE,-35.54
2045,11,7.0,INDNE,INDNO,27.23
2045,11,7.0,INDSO,INDWE,-0.81
2046,11,7.0,INDEA,INDNE,-37.54
2046,11,7.0,INDNE,INDNO,16.94
2046,11,7.0,INDSO,INDWE,-12.28
2047,11,7.0,INDEA,INDNE,-39.54
2047,11,7.0,INDNE,INDNO,14.73
2047,11,7.0,INDSO,INDWE,-20.99
2048,11,7.0,INDEA,INDNE,-41.54
2048,11,7.0,INDEA,INDSO,1.98
2048,11,7.0,INDNE,INDNO,13.0
2048,11,7.0,INDSO,INDWE,-30.13
2049,11,7.0,INDEA,INDNE,-43.54
2049,11,7.0,INDEA,INDSO,7.83
2049,11,7.0,INDNE,INDNO,14.18
2049,11,7.0,INDSO,INDWE,-32.13
2050,11,7.0,INDEA,INDNE,-45.54
2050,11,7.0,INDEA,INDSO,7.95
2050,11,7.0,INDNE,INDNO,14.96
2050,11,7.0,INDSO,INDWE,-34.13
2021,11,8.0,INDEA,INDNE,2.84
2022,11,8.0,INDEA,INDNE,2.86
2022,11,8.0,INDNE,INDNO,-0.29
2023,11,8.0,INDEA,INDNE,2.87
2024,11,8.0,INDEA,INDNE,-3.53
2024,11,8.0,INDNE,INDNO,3.0
2025,11,8.0,INDEA,INDNE,-3.53
2025,11,8.0,INDEA,INDNO,-3.32
2025,11,8.0,INDNE,INDNO,3.0
2025,11,8.0,INDNO,INDWE,9.87
2025,11,8.0,INDSO,INDWE,-14.27
2026,11,8.0,INDEA,INDNE,-3.53
2026,11,8.0,INDEA,INDNO,-4.27
2026,11,8.0,INDNE,INDNO,3.0
2026,11,8.0,INDNO,INDWE,6.93
2026,11,8.0,INDSO,INDWE,-11.39
2027,11,8.0,INDEA,INDNE,-3.53
2027,11,8.0,INDEA,INDNO,-5.25
2027,11,8.0,INDNE,INDNO,3.0
2027,11,8.0,INDNO,INDWE,3.82
2027,11,8.0,INDSO,INDWE,-6.43
2028,11,8.0,INDEA,INDNE,-3.53
2028,11,8.0,INDEA,INDNO,-5.42
2028,11,8.0,INDNE,INDNO,3.0
2028,11,8.0,INDNO,INDWE,2.65
2028,11,8.0,INDSO,INDWE,-2.95
2029,11,8.0,INDEA,INDNE,-3.53
2029,11,8.0,INDEA,INDNO,-6.42
2029,11,8.0,INDNE,INDNO,3.0
2030,11,8.0,INDEA,INDNE,-5.53
2030,11,8.0,INDEA,INDNO,-5.35
2030,11,8.0,INDNE,INDNO,5.0
2030,11,8.0,INDNO,INDWE,0.37
2031,11,8.0,INDEA,INDNE,-7.53
2031,11,8.0,INDEA,INDNO,-1.79
2031,11,8.0,INDNE,INDNO,3.51
2032,11,8.0,INDEA,INDNE,-9.53
2032,11,8.0,INDNE,INDNO,7.24
2033,11,8.0,INDEA,INDNE,-11.53
2033,11,8.0,INDNE,INDNO,9.16
2034,11,8.0,INDEA,INDNE,-13.53
2034,11,8.0,INDNE,INDNO,10.97
2035,11,8.0,INDEA,INDNE,-15.53
2035,11,8.0,INDNE,INDNO,13.08
2036,11,8.0,INDEA,INDNE,-17.53
2036,11,8.0,INDNE,INDNO,15.01
2037,11,8.0,INDEA,INDNE,-19.53
2037,11,8.0,INDNE,INDNO,16.95
2038,11,8.0,INDEA,INDNE,-21.53
2038,11,8.0,INDNE,INDNO,18.88
2039,11,8.0,INDEA,INDNE,-23.53
2039,11,8.0,INDNE,INDNO,20.81
2040,11,8.0,INDEA,INDNE,-25.53
2040,11,8.0,INDNE,INDNO,22.72
2041,11,8.0,INDEA,INDNE,-27.53
2041,11,8.0,INDNE,INDNO,24.62
2042,11,8.0,INDEA,INDNE,-29.54
2042,11,8.0,INDNE,INDNO,26.51
2043,11,8.0,INDEA,INDNE,-31.54
2043,11,8.0,INDNE,INDNO,28.41
2044,11,8.0,INDEA,INDNE,-33.54
2044,11,8.0,INDNE,INDNO,28.92
2045,11,8.0,INDEA,INDNE,-35.54
2045,11,8.0,INDNE,INDNO,27.23
2045,11,8.0,INDSO,INDWE,-0.81
2046,11,8.0,INDEA,INDNE,-37.54
2046,11,8.0,INDNE,INDNO,16.94
2046,11,8.0,INDSO,INDWE,-12.28
2047,11,8.0,INDEA,INDNE,-39.54
2047,11,8.0,INDNE,INDNO,14.73
2047,11,8.0,INDSO,INDWE,-20.99
2048,11,8.0,INDEA,INDNE,-41.54
2048,11,8.0,INDEA,INDSO,1.98
2048,11,8.0,INDNE,INDNO,13.0
2048,11,8.0,INDSO,INDWE,-30.13
2049,11,8.0,INDEA,INDNE,-43.54
2049,11,8.0,INDEA,INDSO,7.83
2049,11,8.0,INDNE,INDNO,14.18
2049,11,8.0,INDSO,INDWE,-32.13
2050,11,8.0,INDEA,INDNE,-45.54
2050,11,8.0,INDEA,INDSO,7.95
2050,11,8.0,INDNE,INDNO,14.96
2050,11,8.0,INDSO,INDWE,-34.13
2021,11,9.0,INDEA,INDNE,2.84
2022,11,9.0,INDEA,INDNE,2.86
2022,11,9.0,INDNE,INDNO,-0.29
2023,11,9.0,INDEA,INDNE,2.87
2024,11,9.0,INDEA,INDNE,-3.53
2024,11,9.0,INDNE,INDNO,3.0
2025,11,9.0,INDEA,INDNE,-3.53
2025,11,9.0,INDEA,INDNO,-3.32
2025,11,9.0,INDNE,INDNO,3.0
2025,11,9.0,INDNO,INDWE,9.87
2025,11,9.0,INDSO,INDWE,-14.27
2026,11,9.0,INDEA,INDNE,-3.53
2026,11,9.0,INDEA,INDNO,-4.27
2026,11,9.0,INDNE,INDNO,3.0
2026,11,9.0,INDNO,INDWE,6.93
2026,11,9.0,INDSO,INDWE,-11.39
2027,11,9.0,INDEA,INDNE,-3.53
2027,11,9.0,INDEA,INDNO,-5.25
2027,11,9.0,INDNE,INDNO,3.0
2027,11,9.0,INDNO,INDWE,3.82
2027,11,9.0,INDSO,INDWE,-6.43
2028,11,9.0,INDEA,INDNE,-3.53
2028,11,9.0,INDEA,INDNO,-5.42
2028,11,9.0,INDNE,INDNO,3.0
2028,11,9.0,INDNO,INDWE,2.65
2028,11,9.0,INDSO,INDWE,-2.95
2029,11,9.0,INDEA,INDNE,-3.53
2029,11,9.0,INDEA,INDNO,-6.42
2029,11,9.0,INDNE,INDNO,3.0
2030,11,9.0,INDEA,INDNE,-5.53
2030,11,9.0,INDEA,INDNO,-5.35
2030,11,9.0,INDNE,INDNO,5.0
2030,11,9.0,INDNO,INDWE,0.37
2031,11,9.0,INDEA,INDNE,-7.53
2031,11,9.0,INDEA,INDNO,-1.79
2031,11,9.0,INDNE,INDNO,3.51
2032,11,9.0,INDEA,INDNE,-9.53
2032,11,9.0,INDNE,INDNO,7.24
2033,11,9.0,INDEA,INDNE,-11.53
2033,11,9.0,INDNE,INDNO,9.16
2034,11,9.0,INDEA,INDNE,-13.53
2034,11,9.0,INDNE,INDNO,10.97
2035,11,9.0,INDEA,INDNE,-15.53
2035,11,9.0,INDNE,INDNO,13.08
2036,11,9.0,INDEA,INDNE,-17.53
2036,11,9.0,INDNE,INDNO,15.01
2037,11,9.0,INDEA,INDNE,-19.53
2037,11,9.0,INDNE,INDNO,16.95
2038,11,9.0,INDEA,INDNE,-21.53
2038,11,9.0,INDNE,INDNO,18.88
2039,11,9.0,INDEA,INDNE,-23.53
2039,11,9.0,INDNE,INDNO,20.81
2040,11,9.0,INDEA,INDNE,-25.53
2040,11,9.0,INDNE,INDNO,22.72
2041,11,9.0,INDEA,INDNE,-27.53
2041,11,9.0,INDNE,INDNO,24.62
2042,11,9.0,INDEA,INDNE,-29.54
2042,11,9.0,INDNE,INDNO,26.51
2043,11,9.0,INDEA,INDNE,-31.54
2043,11,9.0,INDNE,INDNO,28.41
2044,11,9.0,INDEA,INDNE,-33.54
2044,11,9.0,INDNE,INDNO,28.92
2045,11,9.0,INDEA,INDNE,-35.54
2045,11,9.0,INDNE,INDNO,27.23
2045,11,9.0,INDSO,INDWE,-0.81
2046,11,9.0,INDEA,INDNE,-37.54
2046,11,9.0,INDNE,INDNO,16.94
2046,11,9.0,INDSO,INDWE,-12.28
2047,11,9.0,INDEA,INDNE,-39.54
2047,11,9.0,INDNE,INDNO,14.73
2047,11,9.0,INDSO,INDWE,-20.99
2048,11,9.0,INDEA,INDNE,-41.54
2048,11,9.0,INDEA,INDSO,1.98
2048,11,9.0,INDNE,INDNO,13.0
2048,11,9.0,INDSO,INDWE,-30.13
2049,11,9.0,INDEA,INDNE,-43.54
2049,11,9.0,INDEA,INDSO,7.83
2049,11,9.0,INDNE,INDNO,14.18
2049,11,9.0,INDSO,INDWE,-32.13
2050,11,9.0,INDEA,INDNE,-45.54
2050,11,9.0,INDEA,INDSO,7.95
2050,11,9.0,INDNE,INDNO,14.96
2050,11,9.0,INDSO,INDWE,-34.13
2021,11,10.0,INDEA,INDNE,2.84
2022,11,10.0,INDEA,INDNE,2.86
2022,11,10.0,INDNE,INDNO,-0.29
2023,11,10.0,INDEA,INDNE,2.87
2024,11,10.0,INDEA,INDNE,-3.53
2024,11,10.0,INDNE,INDNO,3.0
2025,11,10.0,INDEA,INDNE,-3.53
2025,11,10.0,INDEA,INDNO,-3.32
2025,11,10.0,INDNE,INDNO,3.0
2025,11,10.0,INDNO,INDWE,9.87
2025,11,10.0,INDSO,INDWE,-14.27
2026,11,10.0,INDEA,INDNE,-3.53
2026,11,10.0,INDEA,INDNO,-4.27
2026,11,10.0,INDNE,INDNO,3.0
2026,11,10.0,INDNO,INDWE,6.93
2026,11,10.0,INDSO,INDWE,-11.39
2027,11,10.0,INDEA,INDNE,-3.53
2027,11,10.0,INDEA,INDNO,-5.25
2027,11,10.0,INDNE,INDNO,3.0
2027,11,10.0,INDNO,INDWE,3.82
2027,11,10.0,INDSO,INDWE,-6.43
2028,11,10.0,INDEA,INDNE,-3.53
2028,11,10.0,INDEA,INDNO,-5.42
2028,11,10.0,INDNE,INDNO,3.0
2028,11,10.0,INDNO,INDWE,2.65
2028,11,10.0,INDSO,INDWE,-2.95
2029,11,10.0,INDEA,INDNE,-3.53
2029,11,10.0,INDEA,INDNO,-6.42
2029,11,10.0,INDNE,INDNO,3.0
2030,11,10.0,INDEA,INDNE,-5.53
2030,11,10.0,INDEA,INDNO,-5.35
2030,11,10.0,INDNE,INDNO,5.0
2030,11,10.0,INDNO,INDWE,0.37
2031,11,10.0,INDEA,INDNE,-7.53
2031,11,10.0,INDEA,INDNO,-1.79
2031,11,10.0,INDNE,INDNO,3.51
2032,11,10.0,INDEA,INDNE,-9.53
2032,11,10.0,INDNE,INDNO,7.24
2033,11,10.0,INDEA,INDNE,-11.53
2033,11,10.0,INDNE,INDNO,9.16
2034,11,10.0,INDEA,INDNE,-13.53
2034,11,10.0,INDNE,INDNO,10.97
2035,11,10.0,INDEA,INDNE,-15.53
2035,11,10.0,INDNE,INDNO,13.08
2036,11,10.0,INDEA,INDNE,-17.53
2036,11,10.0,INDNE,INDNO,15.01
2037,11,10.0,INDEA,INDNE,-19.53
2037,11,10.0,INDNE,INDNO,16.95
2038,11,10.0,INDEA,INDNE,-21.53
2038,11,10.0,INDNE,INDNO,18.88
2039,11,10.0,INDEA,INDNE,-23.53
2039,11,10.0,INDNE,INDNO,20.81
2040,11,10.0,INDEA,INDNE,-25.53
2040,11,10.0,INDNE,INDNO,22.72
2041,11,10.0,INDEA,INDNE,-27.53
2041,11,10.0,INDNE,INDNO,24.62
2042,11,10.0,INDEA,INDNE,-29.54
2042,11,10.0,INDNE,INDNO,26.51
2043,11,10.0,INDEA,INDNE,-31.54
2043,11,10.0,INDNE,INDNO,28.41
2044,11,10.0,INDEA,INDNE,-33.54
2044,11,10.0,INDNE,INDNO,28.92
2045,11,10.0,INDEA,INDNE,-35.54
2045,11,10.0,INDNE,INDNO,27.23
2045,11,10.0,INDSO,INDWE,-0.81
2046,11,10.0,INDEA,INDNE,-37.54
2046,11,10.0,INDNE,INDNO,16.94
2046,11,10.0,INDSO,INDWE,-12.28
2047,11,10.0,INDEA,INDNE,-39.54
2047,11,10.0,INDNE,INDNO,14.73
2047,11,10.0,INDSO,INDWE,-20.99
2048,11,10.0,INDEA,INDNE,-41.54
2048,11,10.0,INDEA,INDSO,1.98
2048,11,10.0,INDNE,INDNO,13.0
2048,11,10.0,INDSO,INDWE,-30.13
2049,11,10.0,INDEA,INDNE,-43.54
2049,11,10.0,INDEA,INDSO,7.83
2049,11,10.0,INDNE,INDNO,14.18
2049,11,10.0,INDSO,INDWE,-32.13
2050,11,10.0,INDEA,INDNE,-45.54
2050,11,10.0,INDEA,INDSO,7.95
2050,11,10.0,INDNE,INDNO,14.96
2050,11,10.0,INDSO,INDWE,-34.13
2021,11,11.0,INDEA,INDNE,2.84
2022,11,11.0,INDEA,INDNE,2.86
2022,11,11.0,INDNE,INDNO,-0.29
2023,11,11.0,INDEA,INDNE,2.87
2024,11,11.0,INDEA,INDNE,-3.53
2024,11,11.0,INDNE,INDNO,3.0
2025,11,11.0,INDEA,INDNE,-3.53
2025,11,11.0,INDEA,INDNO,-3.32
2025,11,11.0,INDNE,INDNO,3.0
2025,11,11.0,INDNO,INDWE,9.87
2025,11,11.0,INDSO,INDWE,-14.27
2026,11,11.0,INDEA,INDNE,-3.53
2026,11,11.0,INDEA,INDNO,-4.27
2026,11,11.0,INDNE,INDNO,3.0
2026,11,11.0,INDNO,INDWE,6.93
2026,11,11.0,INDSO,INDWE,-11.39
2027,11,11.0,INDEA,INDNE,-3.53
2027,11,11.0,INDEA,INDNO,-5.25
2027,11,11.0,INDNE,INDNO,3.0
2027,11,11.0,INDNO,INDWE,3.82
2027,11,11.0,INDSO,INDWE,-6.43
2028,11,11.0,INDEA,INDNE,-3.53
2028,11,11.0,INDEA,INDNO,-5.42
2028,11,11.0,INDNE,INDNO,3.0
2028,11,11.0,INDNO,INDWE,2.65
2028,11,11.0,INDSO,INDWE,-2.95
2029,11,11.0,INDEA,INDNE,-3.53
2029,11,11.0,INDEA,INDNO,-6.42
2029,11,11.0,INDNE,INDNO,3.0
2030,11,11.0,INDEA,INDNE,-5.53
2030,11,11.0,INDEA,INDNO,-5.35
2030,11,11.0,INDNE,INDNO,5.0
2030,11,11.0,INDNO,INDWE,0.37
2031,11,11.0,INDEA,INDNE,-7.53
2031,11,11.0,INDEA,INDNO,-1.79
2031,11,11.0,INDNE,INDNO,3.51
2032,11,11.0,INDEA,INDNE,-9.53
2032,11,11.0,INDNE,INDNO,7.24
2033,11,11.0,INDEA,INDNE,-11.53
2033,11,11.0,INDNE,INDNO,9.16
2034,11,11.0,INDEA,INDNE,-13.53
2034,11,11.0,INDNE,INDNO,10.97
2035,11,11.0,INDEA,INDNE,-15.53
2035,11,11.0,INDNE,INDNO,13.08
2036,11,11.0,INDEA,INDNE,-17.53
2036,11,11.0,INDNE,INDNO,15.01
2037,11,11.0,INDEA,INDNE,-19.53
2037,11,11.0,INDNE,INDNO,16.95
2038,11,11.0,INDEA,INDNE,-21.53
2038,11,11.0,INDNE,INDNO,18.88
2039,11,11.0,INDEA,INDNE,-23.53
2039,11,11.0,INDNE,INDNO,20.81
2040,11,11.0,INDEA,INDNE,-25.53
2040,11,11.0,INDNE,INDNO,22.72
2041,11,11.0,INDEA,INDNE,-27.53
2041,11,11.0,INDNE,INDNO,24.62
2042,11,11.0,INDEA,INDNE,-29.54
2042,11,11.0,INDNE,INDNO,26.51
2043,11,11.0,INDEA,INDNE,-31.54
2043,11,11.0,INDNE,INDNO,28.41
2044,11,11.0,INDEA,INDNE,-33.54
2044,11,11.0,INDNE,INDNO,28.92
2045,11,11.0,INDEA,INDNE,-35.54
2045,11,11.0,INDNE,INDNO,27.23
2045,11,11.0,INDSO,INDWE,-0.81
2046,11,11.0,INDEA,INDNE,-37.54
2046,11,11.0,INDNE,INDNO,16.94
2046,11,11.0,INDSO,INDWE,-12.28
2047,11,11.0,INDEA,INDNE,-39.54
2047,11,11.0,INDNE,INDNO,14.73
2047,11,11.0,INDSO,INDWE,-20.99
2048,11,11.0,INDEA,INDNE,-41.54
2048,11,11.0,INDEA,INDSO,1.98
2048,11,11.0,INDNE,INDNO,13.0
2048,11,11.0,INDSO,INDWE,-30.13
2049,11,11.0,INDEA,INDNE,-43.54
2049,11,11.0,INDEA,INDSO,7.83
2049,11,11.0,INDNE,INDNO,14.18
2049,11,11.0,INDSO,INDWE,-32.13
2050,11,11.0,INDEA,INDNE,-45.54
2050,11,11.0,INDEA,INDSO,7.95
2050,11,11.0,INDNE,INDNO,14.96
2050,11,11.0,INDSO,INDWE,-34.13
2021,11,12.0,INDEA,INDNE,2.84
2022,11,12.0,INDEA,INDNE,2.86
2022,11,12.0,INDNE,INDNO,-0.29
2023,11,12.0,INDEA,INDNE,2.87
2024,11,12.0,INDEA,INDNE,-3.53
2024,11,12.0,INDNE,INDNO,3.0
2025,11,12.0,INDEA,INDNE,-3.53
2025,11,12.0,INDEA,INDNO,-3.32
2025,11,12.0,INDNE,INDNO,3.0
2025,11,12.0,INDNO,INDWE,9.87
2025,11,12.0,INDSO,INDWE,-14.27
2026,11,12.0,INDEA,INDNE,-3.53
2026,11,12.0,INDEA,INDNO,-4.27
2026,11,12.0,INDNE,INDNO,3.0
2026,11,12.0,INDNO,INDWE,6.93
2026,11,12.0,INDSO,INDWE,-11.39
2027,11,12.0,INDEA,INDNE,-3.53
2027,11,12.0,INDEA,INDNO,-5.25
2027,11,12.0,INDNE,INDNO,3.0
2027,11,12.0,INDNO,INDWE,3.82
2027,11,12.0,INDSO,INDWE,-6.43
2028,11,12.0,INDEA,INDNE,-3.53
2028,11,12.0,INDEA,INDNO,-5.42
2028,11,12.0,INDNE,INDNO,3.0
2028,11,12.0,INDNO,INDWE,2.65
2028,11,12.0,INDSO,INDWE,-2.95
2029,11,12.0,INDEA,INDNE,-3.53
2029,11,12.0,INDEA,INDNO,-6.42
2029,11,12.0,INDNE,INDNO,3.0
2030,11,12.0,INDEA,INDNE,-5.53
2030,11,12.0,INDEA,INDNO,-5.35
2030,11,12.0,INDNE,INDNO,5.0
2030,11,12.0,INDNO,INDWE,0.37
2031,11,12.0,INDEA,INDNE,-7.53
2031,11,12.0,INDEA,INDNO,-1.79
2031,11,12.0,INDNE,INDNO,3.51
2032,11,12.0,INDEA,INDNE,-9.53
2032,11,12.0,INDNE,INDNO,7.24
2033,11,12.0,INDEA,INDNE,-11.53
2033,11,12.0,INDNE,INDNO,9.16
2034,11,12.0,INDEA,INDNE,-13.53
2034,11,12.0,INDNE,INDNO,10.97
2035,11,12.0,INDEA,INDNE,-15.53
2035,11,12.0,INDNE,INDNO,13.08
2036,11,12.0,INDEA,INDNE,-17.53
2036,11,12.0,INDNE,INDNO,15.01
2037,11,12.0,INDEA,INDNE,-19.53
2037,11,12.0,INDNE,INDNO,16.95
2038,11,12.0,INDEA,INDNE,-21.53
2038,11,12.0,INDNE,INDNO,18.88
2039,11,12.0,INDEA,INDNE,-23.53
2039,11,12.0,INDNE,INDNO,20.81
2040,11,12.0,INDEA,INDNE,-25.53
2040,11,12.0,INDNE,INDNO,22.72
2041,11,12.0,INDEA,INDNE,-27.53
2041,11,12.0,INDNE,INDNO,24.62
2042,11,12.0,INDEA,INDNE,-29.54
2042,11,12.0,INDNE,INDNO,26.51
2043,11,12.0,INDEA,INDNE,-31.54
2043,11,12.0,INDNE,INDNO,28.41
2044,11,12.0,INDEA,INDNE,-33.54
2044,11,12.0,INDNE,INDNO,28.92
2045,11,12.0,INDEA,INDNE,-35.54
2045,11,12.0,INDNE,INDNO,27.23
2045,11,12.0,INDSO,INDWE,-0.81
2046,11,12.0,INDEA,INDNE,-37.54
2046,11,12.0,INDNE,INDNO,16.94
2046,11,12.0,INDSO,INDWE,-12.28
2047,11,12.0,INDEA,INDNE,-39.54
2047,11,12.0,INDNE,INDNO,14.73
2047,11,12.0,INDSO,INDWE,-20.99
2048,11,12.0,INDEA,INDNE,-41.54
2048,11,12.0,INDEA,INDSO,1.98
2048,11,12.0,INDNE,INDNO,13.0
2048,11,12.0,INDSO,INDWE,-30.13
2049,11,12.0,INDEA,INDNE,-43.54
2049,11,12.0,INDEA,INDSO,7.83
2049,11,12.0,INDNE,INDNO,14.18
2049,11,12.0,INDSO,INDWE,-32.13
2050,11,12.0,INDEA,INDNE,-45.54
2050,11,12.0,INDEA,INDSO,7.95
2050,11,12.0,INDNE,INDNO,14.96
2050,11,12.0,INDSO,INDWE,-34.13
2021,11,13.0,INDEA,INDNE,2.86
2022,11,13.0,INDEA,INDNE,2.86
2022,11,13.0,INDNE,INDNO,-0.49
2023,11,13.0,INDEA,INDNE,2.97
2024,11,13.0,INDEA,INDNE,-3.53
2024,11,13.0,INDNE,INDNO,3.0
2025,11,13.0,INDEA,INDNE,-3.53
2025,11,13.0,INDNE,INDNO,3.0
2026,11,13.0,INDEA,INDNE,-3.53
2026,11,13.0,INDNE,INDNO,3.0
2027,11,13.0,INDEA,INDNE,-3.53
2027,11,13.0,INDNE,INDNO,3.0
2027,11,13.0,INDSO,INDWE,-0.49
2028,11,13.0,INDEA,INDNE,-3.53
2028,11,13.0,INDEA,INDNO,0.39
2028,11,13.0,INDNE,INDNO,3.0
2028,11,13.0,INDSO,INDWE,-3.51
2029,11,13.0,INDEA,INDNE,-3.53
2029,11,13.0,INDEA,INDNO,3.61
2029,11,13.0,INDNE,INDNO,3.0
2029,11,13.0,INDSO,INDWE,-6.32
2030,11,13.0,INDEA,INDNE,-5.53
2030,11,13.0,INDEA,INDNO,4.61
2030,11,13.0,INDNE,INDNO,5.0
2030,11,13.0,INDSO,INDWE,-9.82
2031,11,13.0,INDEA,INDNE,-7.53
2031,11,13.0,INDEA,INDNO,4.28
2031,11,13.0,INDNE,INDNO,7.0
2032,11,13.0,INDEA,INDNE,-9.53
2032,11,13.0,INDEA,INDNO,4.57
2032,11,13.0,INDNE,INDNO,9.0
2033,11,13.0,INDEA,INDNE,-11.53
2033,11,13.0,INDEA,INDNO,4.84
2033,11,13.0,INDNE,INDNO,11.0
2034,11,13.0,INDEA,INDNE,-13.53
2034,11,13.0,INDEA,INDNO,5.01
2034,11,13.0,INDNE,INDNO,13.0
2035,11,13.0,INDEA,INDNE,-15.53
2035,11,13.0,INDEA,INDNO,5.48
2035,11,13.0,INDNE,INDNO,15.0
2036,11,13.0,INDEA,INDNE,-17.53
2036,11,13.0,INDEA,INDNO,5.83
2036,11,13.0,INDNE,INDNO,17.0
2037,11,13.0,INDEA,INDNE,-19.53
2037,11,13.0,INDEA,INDNO,6.18
2037,11,13.0,INDNE,INDNO,19.0
2038,11,13.0,INDEA,INDNE,-21.53
2038,11,13.0,INDEA,INDNO,6.53
2038,11,13.0,INDNE,INDNO,21.0
2039,11,13.0,INDEA,INDNE,-23.53
2039,11,13.0,INDEA,INDNO,6.89
2039,11,13.0,INDNE,INDNO,23.0
2040,11,13.0,INDEA,INDNE,-25.53
2040,11,13.0,INDEA,INDNO,7.24
2040,11,13.0,INDNE,INDNO,25.0
2041,11,13.0,INDEA,INDNE,-27.53
2041,11,13.0,INDEA,INDNO,7.65
2041,11,13.0,INDNE,INDNO,27.0
2042,11,13.0,INDEA,INDNE,-29.54
2042,11,13.0,INDEA,INDNO,8.05
2042,11,13.0,INDNE,INDNO,29.01
2043,11,13.0,INDEA,INDNE,-31.54
2043,11,13.0,INDEA,INDNO,8.45
2043,11,13.0,INDNE,INDNO,31.01
2044,11,13.0,INDEA,INDNE,-33.54
2044,11,13.0,INDEA,INDNO,7.48
2044,11,13.0,INDNE,INDNO,33.01
2045,11,13.0,INDEA,INDNE,-35.54
2045,11,13.0,INDEA,INDNO,5.12
2045,11,13.0,INDNE,INDNO,35.01
2046,11,13.0,INDEA,INDNE,-37.54
2046,11,13.0,INDEA,INDNO,0.76
2046,11,13.0,INDNE,INDNO,37.01
2046,11,13.0,INDNO,INDWE,-3.98
2047,11,13.0,INDEA,INDNE,-39.54
2047,11,13.0,INDNE,INDNO,39.01
2047,11,13.0,INDNO,INDWE,-9.78
2048,11,13.0,INDEA,INDNE,-41.54
2048,11,13.0,INDEA,INDSO,-0.79
2048,11,13.0,INDNE,INDNO,41.01
2048,11,13.0,INDNO,INDWE,-10.56
2049,11,13.0,INDEA,INDNE,-43.54
2049,11,13.0,INDEA,INDSO,-0.9
2049,11,13.0,INDNE,INDNO,43.01
2049,11,13.0,INDNO,INDWE,-11.01
2050,11,13.0,INDEA,INDNE,-45.54
2050,11,13.0,INDEA,INDSO,-0.98
2050,11,13.0,INDNE,INDNO,45.01
2050,11,13.0,INDNO,INDWE,-11.46
2021,11,14.0,INDEA,INDNE,2.86
2022,11,14.0,INDEA,INDNE,2.86
2022,11,14.0,INDNE,INDNO,-0.49
2023,11,14.0,INDEA,INDNE,2.97
2024,11,14.0,INDEA,INDNE,-3.53
2024,11,14.0,INDNE,INDNO,3.0
2025,11,14.0,INDEA,INDNE,-3.53
2025,11,14.0,INDNE,INDNO,3.0
2026,11,14.0,INDEA,INDNE,-3.53
2026,11,14.0,INDNE,INDNO,3.0
2027,11,14.0,INDEA,INDNE,-3.53
2027,11,14.0,INDNE,INDNO,3.0
2027,11,14.0,INDSO,INDWE,-0.49
2028,11,14.0,INDEA,INDNE,-3.53
2028,11,14.0,INDEA,INDNO,0.39
2028,11,14.0,INDNE,INDNO,3.0
2028,11,14.0,INDSO,INDWE,-3.51
2029,11,14.0,INDEA,INDNE,-3.53
2029,11,14.0,INDEA,INDNO,3.61
2029,11,14.0,INDNE,INDNO,3.0
2029,11,14.0,INDSO,INDWE,-6.32
2030,11,14.0,INDEA,INDNE,-5.53
2030,11,14.0,INDEA,INDNO,4.61
2030,11,14.0,INDNE,INDNO,5.0
2030,11,14.0,INDSO,INDWE,-9.82
2031,11,14.0,INDEA,INDNE,-7.53
2031,11,14.0,INDEA,INDNO,4.28
2031,11,14.0,INDNE,INDNO,7.0
2032,11,14.0,INDEA,INDNE,-9.53
2032,11,14.0,INDEA,INDNO,4.57
2032,11,14.0,INDNE,INDNO,9.0
2033,11,14.0,INDEA,INDNE,-11.53
2033,11,14.0,INDEA,INDNO,4.84
2033,11,14.0,INDNE,INDNO,11.0
2034,11,14.0,INDEA,INDNE,-13.53
2034,11,14.0,INDEA,INDNO,5.01
2034,11,14.0,INDNE,INDNO,13.0
2035,11,14.0,INDEA,INDNE,-15.53
2035,11,14.0,INDEA,INDNO,5.48
2035,11,14.0,INDNE,INDNO,15.0
2036,11,14.0,INDEA,INDNE,-17.53
2036,11,14.0,INDEA,INDNO,5.83
2036,11,14.0,INDNE,INDNO,17.0
2037,11,14.0,INDEA,INDNE,-19.53
2037,11,14.0,INDEA,INDNO,6.18
2037,11,14.0,INDNE,INDNO,19.0
2038,11,14.0,INDEA,INDNE,-21.53
2038,11,14.0,INDEA,INDNO,6.53
2038,11,14.0,INDNE,INDNO,21.0
2039,11,14.0,INDEA,INDNE,-23.53
2039,11,14.0,INDEA,INDNO,6.89
2039,11,14.0,INDNE,INDNO,23.0
2040,11,14.0,INDEA,INDNE,-25.53
2040,11,14.0,INDEA,INDNO,7.24
2040,11,14.0,INDNE,INDNO,25.0
2041,11,14.0,INDEA,INDNE,-27.53
2041,11,14.0,INDEA,INDNO,7.65
2041,11,14.0,INDNE,INDNO,27.0
2042,11,14.0,INDEA,INDNE,-29.54
2042,11,14.0,INDEA,INDNO,8.05
2042,11,14.0,INDNE,INDNO,29.01
2043,11,14.0,INDEA,INDNE,-31.54
2043,11,14.0,INDEA,INDNO,8.45
2043,11,14.0,INDNE,INDNO,31.01
2044,11,14.0,INDEA,INDNE,-33.54
2044,11,14.0,INDEA,INDNO,7.48
2044,11,14.0,INDNE,INDNO,33.01
2045,11,14.0,INDEA,INDNE,-35.54
2045,11,14.0,INDEA,INDNO,5.12
2045,11,14.0,INDNE,INDNO,35.01
2046,11,14.0,INDEA,INDNE,-37.54
2046,11,14.0,INDEA,INDNO,0.76
2046,11,14.0,INDNE,INDNO,37.01
2046,11,14.0,INDNO,INDWE,-3.98
2047,11,14.0,INDEA,INDNE,-39.54
2047,11,14.0,INDNE,INDNO,39.01
2047,11,14.0,INDNO,INDWE,-9.78
2048,11,14.0,INDEA,INDNE,-41.54
2048,11,14.0,INDEA,INDSO,-0.79
2048,11,14.0,INDNE,INDNO,41.01
2048,11,14.0,INDNO,INDWE,-10.56
2049,11,14.0,INDEA,INDNE,-43.54
2049,11,14.0,INDEA,INDSO,-0.9
2049,11,14.0,INDNE,INDNO,43.01
2049,11,14.0,INDNO,INDWE,-11.01
2050,11,14.0,INDEA,INDNE,-45.54
2050,11,14.0,INDEA,INDSO,-0.98
2050,11,14.0,INDNE,INDNO,45.01
2050,11,14.0,INDNO,INDWE,-11.46
2021,11,15.0,INDEA,INDNE,2.86
2022,11,15.0,INDEA,INDNE,2.86
2022,11,15.0,INDNE,INDNO,-0.49
2023,11,15.0,INDEA,INDNE,2.97
2024,11,15.0,INDEA,INDNE,-3.53
2024,11,15.0,INDNE,INDNO,3.0
2025,11,15.0,INDEA,INDNE,-3.53
2025,11,15.0,INDNE,INDNO,3.0
2026,11,15.0,INDEA,INDNE,-3.53
2026,11,15.0,INDNE,INDNO,3.0
2027,11,15.0,INDEA,INDNE,-3.53
2027,11,15.0,INDNE,INDNO,3.0
2027,11,15.0,INDSO,INDWE,-0.49
2028,11,15.0,INDEA,INDNE,-3.53
2028,11,15.0,INDEA,INDNO,0.39
2028,11,15.0,INDNE,INDNO,3.0
2028,11,15.0,INDSO,INDWE,-3.51
2029,11,15.0,INDEA,INDNE,-3.53
2029,11,15.0,INDEA,INDNO,3.61
2029,11,15.0,INDNE,INDNO,3.0
2029,11,15.0,INDSO,INDWE,-6.32
2030,11,15.0,INDEA,INDNE,-5.53
2030,11,15.0,INDEA,INDNO,4.61
2030,11,15.0,INDNE,INDNO,5.0
2030,11,15.0,INDSO,INDWE,-9.82
2031,11,15.0,INDEA,INDNE,-7.53
2031,11,15.0,INDEA,INDNO,4.28
2031,11,15.0,INDNE,INDNO,7.0
2032,11,15.0,INDEA,INDNE,-9.53
2032,11,15.0,INDEA,INDNO,4.57
2032,11,15.0,INDNE,INDNO,9.0
2033,11,15.0,INDEA,INDNE,-11.53
2033,11,15.0,INDEA,INDNO,4.84
2033,11,15.0,INDNE,INDNO,11.0
2034,11,15.0,INDEA,INDNE,-13.53
2034,11,15.0,INDEA,INDNO,5.01
2034,11,15.0,INDNE,INDNO,13.0
2035,11,15.0,INDEA,INDNE,-15.53
2035,11,15.0,INDEA,INDNO,5.48
2035,11,15.0,INDNE,INDNO,15.0
2036,11,15.0,INDEA,INDNE,-17.53
2036,11,15.0,INDEA,INDNO,5.83
2036,11,15.0,INDNE,INDNO,17.0
2037,11,15.0,INDEA,INDNE,-19.53
2037,11,15.0,INDEA,INDNO,6.18
2037,11,15.0,INDNE,INDNO,19.0
2038,11,15.0,INDEA,INDNE,-21.53
2038,11,15.0,INDEA,INDNO,6.53
2038,11,15.0,INDNE,INDNO,21.0
2039,11,15.0,INDEA,INDNE,-23.53
2039,11,15.0,INDEA,INDNO,6.89
2039,11,15.0,INDNE,INDNO,23.0
2040,11,15.0,INDEA,INDNE,-25.53
2040,11,15.0,INDEA,INDNO,7.24
2040,11,15.0,INDNE,INDNO,25.0
2041,11,15.0,INDEA,INDNE,-27.53
2041,11,15.0,INDEA,INDNO,7.65
2041,11,15.0,INDNE,INDNO,27.0
2042,11,15.0,INDEA,INDNE,-29.54
2042,11,15.0,INDEA,INDNO,8.05
2042,11,15.0,INDNE,INDNO,29.01
2043,11,15.0,INDEA,INDNE,-31.54
2043,11,15.0,INDEA,INDNO,8.45
2043,11,15.0,INDNE,INDNO,31.01
2044,11,15.0,INDEA,INDNE,-33.54
2044,11,15.0,INDEA,INDNO,7.48
2044,11,15.0,INDNE,INDNO,33.01
2045,11,15.0,INDEA,INDNE,-35.54
2045,11,15.0,INDEA,INDNO,5.12
2045,11,15.0,INDNE,INDNO,35.01
2046,11,15.0,INDEA,INDNE,-37.54
2046,11,15.0,INDEA,INDNO,0.76
2046,11,15.0,INDNE,INDNO,37.01
2046,11,15.0,INDNO,INDWE,-3.98
2047,11,15.0,INDEA,INDNE,-39.54
2047,11,15.0,INDNE,INDNO,39.01
2047,11,15.0,INDNO,INDWE,-9.78
2048,11,15.0,INDEA,INDNE,-41.54
2048,11,15.0,INDEA,INDSO,-0.79
2048,11,15.0,INDNE,INDNO,41.01
2048,11,15.0,INDNO,INDWE,-10.56
2049,11,15.0,INDEA,INDNE,-43.54
2049,11,15.0,INDEA,INDSO,-0.9
2049,11,15.0,INDNE,INDNO,43.01
2049,11,15.0,INDNO,INDWE,-11.01
2050,11,15.0,INDEA,INDNE,-45.54
2050,11,15.0,INDEA,INDSO,-0.98
2050,11,15.0,INDNE,INDNO,45.01
2050,11,15.0,INDNO,INDWE,-11.46
2021,11,16.0,INDEA,INDNE,2.86
2022,11,16.0,INDEA,INDNE,2.86
2022,11,16.0,INDNE,INDNO,-0.49
2023,11,16.0,INDEA,INDNE,2.97
2024,11,16.0,INDEA,INDNE,-3.53
2024,11,16.0,INDNE,INDNO,3.0
2025,11,16.0,INDEA,INDNE,-3.53
2025,11,16.0,INDNE,INDNO,3.0
2026,11,16.0,INDEA,INDNE,-3.53
2026,11,16.0,INDNE,INDNO,3.0
2027,11,16.0,INDEA,INDNE,-3.53
2027,11,16.0,INDNE,INDNO,3.0
2027,11,16.0,INDSO,INDWE,-0.49
2028,11,16.0,INDEA,INDNE,-3.53
2028,11,16.0,INDEA,INDNO,0.39
2028,11,16.0,INDNE,INDNO,3.0
2028,11,16.0,INDSO,INDWE,-3.51
2029,11,16.0,INDEA,INDNE,-3.53
2029,11,16.0,INDEA,INDNO,3.61
2029,11,16.0,INDNE,INDNO,3.0
2029,11,16.0,INDSO,INDWE,-6.32
2030,11,16.0,INDEA,INDNE,-5.53
2030,11,16.0,INDEA,INDNO,4.61
2030,11,16.0,INDNE,INDNO,5.0
2030,11,16.0,INDSO,INDWE,-9.82
2031,11,16.0,INDEA,INDNE,-7.53
2031,11,16.0,INDEA,INDNO,4.28
2031,11,16.0,INDNE,INDNO,7.0
2032,11,16.0,INDEA,INDNE,-9.53
2032,11,16.0,INDEA,INDNO,4.57
2032,11,16.0,INDNE,INDNO,9.0
2033,11,16.0,INDEA,INDNE,-11.53
2033,11,16.0,INDEA,INDNO,4.84
2033,11,16.0,INDNE,INDNO,11.0
2034,11,16.0,INDEA,INDNE,-13.53
2034,11,16.0,INDEA,INDNO,5.01
2034,11,16.0,INDNE,INDNO,13.0
2035,11,16.0,INDEA,INDNE,-15.53
2035,11,16.0,INDEA,INDNO,5.48
2035,11,16.0,INDNE,INDNO,15.0
2036,11,16.0,INDEA,INDNE,-17.53
2036,11,16.0,INDEA,INDNO,5.83
2036,11,16.0,INDNE,INDNO,17.0
2037,11,16.0,INDEA,INDNE,-19.53
2037,11,16.0,INDEA,INDNO,6.18
2037,11,16.0,INDNE,INDNO,19.0
2038,11,16.0,INDEA,INDNE,-21.53
2038,11,16.0,INDEA,INDNO,6.53
2038,11,16.0,INDNE,INDNO,21.0
2039,11,16.0,INDEA,INDNE,-23.53
2039,11,16.0,INDEA,INDNO,6.89
2039,11,16.0,INDNE,INDNO,23.0
2040,11,16.0,INDEA,INDNE,-25.53
2040,11,16.0,INDEA,INDNO,7.24
2040,11,16.0,INDNE,INDNO,25.0
2041,11,16.0,INDEA,INDNE,-27.53
2041,11,16.0,INDEA,INDNO,7.65
2041,11,16.0,INDNE,INDNO,27.0
2042,11,16.0,INDEA,INDNE,-29.54
2042,11,16.0,INDEA,INDNO,8.05
2042,11,16.0,INDNE,INDNO,29.01
2043,11,16.0,INDEA,INDNE,-31.54
2043,11,16.0,INDEA,INDNO,8.45
2043,11,16.0,INDNE,INDNO,31.01
2044,11,16.0,INDEA,INDNE,-33.54
2044,11,16.0,INDEA,INDNO,7.48
2044,11,16.0,INDNE,INDNO,33.01
2045,11,16.0,INDEA,INDNE,-35.54
2045,11,16.0,INDEA,INDNO,5.12
2045,11,16.0,INDNE,INDNO,35.01
2046,11,16.0,INDEA,INDNE,-37.54
2046,11,16.0,INDEA,INDNO,0.76
2046,11,16.0,INDNE,INDNO,37.01
2046,11,16.0,INDNO,INDWE,-3.98
2047,11,16.0,INDEA,INDNE,-39.54
2047,11,16.0,INDNE,INDNO,39.01
2047,11,16.0,INDNO,INDWE,-9.78
2048,11,16.0,INDEA,INDNE,-41.54
2048,11,16.0,INDEA,INDSO,-0.79
2048,11,16.0,INDNE,INDNO,41.01
2048,11,16.0,INDNO,INDWE,-10.56
2049,11,16.0,INDEA,INDNE,-43.54
2049,11,16.0,INDEA,INDSO,-0.9
2049,11,16.0,INDNE,INDNO,43.01
2049,11,16.0,INDNO,INDWE,-11.01
2050,11,16.0,INDEA,INDNE,-45.54
2050,11,16.0,INDEA,INDSO,-0.98
2050,11,16.0,INDNE,INDNO,45.01
2050,11,16.0,INDNO,INDWE,-11.46
2021,11,17.0,INDEA,INDNE,2.86
2022,11,17.0,INDEA,INDNE,2.86
2022,11,17.0,INDNE,INDNO,-0.49
2023,11,17.0,INDEA,INDNE,2.97
2024,11,17.0,INDEA,INDNE,-3.53
2024,11,17.0,INDNE,INDNO,3.0
2025,11,17.0,INDEA,INDNE,-3.53
2025,11,17.0,INDNE,INDNO,3.0
2026,11,17.0,INDEA,INDNE,-3.53
2026,11,17.0,INDNE,INDNO,3.0
2027,11,17.0,INDEA,INDNE,-3.53
2027,11,17.0,INDNE,INDNO,3.0
2027,11,17.0,INDSO,INDWE,-0.49
2028,11,17.0,INDEA,INDNE,-3.53
2028,11,17.0,INDEA,INDNO,0.39
2028,11,17.0,INDNE,INDNO,3.0
2028,11,17.0,INDSO,INDWE,-3.51
2029,11,17.0,INDEA,INDNE,-3.53
2029,11,17.0,INDEA,INDNO,3.61
2029,11,17.0,INDNE,INDNO,3.0
2029,11,17.0,INDSO,INDWE,-6.32
2030,11,17.0,INDEA,INDNE,-5.53
2030,11,17.0,INDEA,INDNO,4.61
2030,11,17.0,INDNE,INDNO,5.0
2030,11,17.0,INDSO,INDWE,-9.82
2031,11,17.0,INDEA,INDNE,-7.53
2031,11,17.0,INDEA,INDNO,4.28
2031,11,17.0,INDNE,INDNO,7.0
2032,11,17.0,INDEA,INDNE,-9.53
2032,11,17.0,INDEA,INDNO,4.57
2032,11,17.0,INDNE,INDNO,9.0
2033,11,17.0,INDEA,INDNE,-11.53
2033,11,17.0,INDEA,INDNO,4.84
2033,11,17.0,INDNE,INDNO,11.0
2034,11,17.0,INDEA,INDNE,-13.53
2034,11,17.0,INDEA,INDNO,5.01
2034,11,17.0,INDNE,INDNO,13.0
2035,11,17.0,INDEA,INDNE,-15.53
2035,11,17.0,INDEA,INDNO,5.48
2035,11,17.0,INDNE,INDNO,15.0
2036,11,17.0,INDEA,INDNE,-17.53
2036,11,17.0,INDEA,INDNO,5.83
2036,11,17.0,INDNE,INDNO,17.0
2037,11,17.0,INDEA,INDNE,-19.53
2037,11,17.0,INDEA,INDNO,6.18
2037,11,17.0,INDNE,INDNO,19.0
2038,11,17.0,INDEA,INDNE,-21.53
2038,11,17.0,INDEA,INDNO,6.53
2038,11,17.0,INDNE,INDNO,21.0
2039,11,17.0,INDEA,INDNE,-23.53
2039,11,17.0,INDEA,INDNO,6.89
2039,11,17.0,INDNE,INDNO,23.0
2040,11,17.0,INDEA,INDNE,-25.53
2040,11,17.0,INDEA,INDNO,7.24
2040,11,17.0,INDNE,INDNO,25.0
2041,11,17.0,INDEA,INDNE,-27.53
2041,11,17.0,INDEA,INDNO,7.65
2041,11,17.0,INDNE,INDNO,27.0
2042,11,17.0,INDEA,INDNE,-29.54
2042,11,17.0,INDEA,INDNO,8.05
2042,11,17.0,INDNE,INDNO,29.01
2043,11,17.0,INDEA,INDNE,-31.54
2043,11,17.0,INDEA,INDNO,8.45
2043,11,17.0,INDNE,INDNO,31.01
2044,11,17.0,INDEA,INDNE,-33.54
2044,11,17.0,INDEA,INDNO,7.48
2044,11,17.0,INDNE,INDNO,33.01
2045,11,17.0,INDEA,INDNE,-35.54
2045,11,17.0,INDEA,INDNO,5.12
2045,11,17.0,INDNE,INDNO,35.01
2046,11,17.0,INDEA,INDNE,-37.54
2046,11,17.0,INDEA,INDNO,0.76
2046,11,17.0,INDNE,INDNO,37.01
2046,11,17.0,INDNO,INDWE,-3.98
2047,11,17.0,INDEA,INDNE,-39.54
2047,11,17.0,INDNE,INDNO,39.01
2047,11,17.0,INDNO,INDWE,-9.78
2048,11,17.0,INDEA,INDNE,-41.54
2048,11,17.0,INDEA,INDSO,-0.79
2048,11,17.0,INDNE,INDNO,41.01
2048,11,17.0,INDNO,INDWE,-10.56
2049,11,17.0,INDEA,INDNE,-43.54
2049,11,17.0,INDEA,INDSO,-0.9
2049,11,17.0,INDNE,INDNO,43.01
2049,11,17.0,INDNO,INDWE,-11.01
2050,11,17.0,INDEA,INDNE,-45.54
2050,11,17.0,INDEA,INDSO,-0.98
2050,11,17.0,INDNE,INDNO,45.01
2050,11,17.0,INDNO,INDWE,-11.46
2021,11,18.0,INDEA,INDNE,2.86
2022,11,18.0,INDEA,INDNE,2.86
2022,11,18.0,INDNE,INDNO,-0.49
2023,11,18.0,INDEA,INDNE,2.97
2024,11,18.0,INDEA,INDNE,-3.53
2024,11,18.0,INDNE,INDNO,3.0
2025,11,18.0,INDEA,INDNE,-3.53
2025,11,18.0,INDNE,INDNO,3.0
2026,11,18.0,INDEA,INDNE,-3.53
2026,11,18.0,INDNE,INDNO,3.0
2027,11,18.0,INDEA,INDNE,-3.53
2027,11,18.0,INDNE,INDNO,3.0
2027,11,18.0,INDSO,INDWE,-0.49
2028,11,18.0,INDEA,INDNE,-3.53
2028,11,18.0,INDEA,INDNO,0.39
2028,11,18.0,INDNE,INDNO,3.0
2028,11,18.0,INDSO,INDWE,-3.51
2029,11,18.0,INDEA,INDNE,-3.53
2029,11,18.0,INDEA,INDNO,3.61
2029,11,18.0,INDNE,INDNO,3.0
2029,11,18.0,INDSO,INDWE,-6.32
2030,11,18.0,INDEA,INDNE,-5.53
2030,11,18.0,INDEA,INDNO,4.61
2030,11,18.0,INDNE,INDNO,5.0
2030,11,18.0,INDSO,INDWE,-9.82
2031,11,18.0,INDEA,INDNE,-7.53
2031,11,18.0,INDEA,INDNO,4.28
2031,11,18.0,INDNE,INDNO,7.0
2032,11,18.0,INDEA,INDNE,-9.53
2032,11,18.0,INDEA,INDNO,4.57
2032,11,18.0,INDNE,INDNO,9.0
2033,11,18.0,INDEA,INDNE,-11.53
2033,11,18.0,INDEA,INDNO,4.84
2033,11,18.0,INDNE,INDNO,11.0
2034,11,18.0,INDEA,INDNE,-13.53
2034,11,18.0,INDEA,INDNO,5.01
2034,11,18.0,INDNE,INDNO,13.0
2035,11,18.0,INDEA,INDNE,-15.53
2035,11,18.0,INDEA,INDNO,5.48
2035,11,18.0,INDNE,INDNO,15.0
2036,11,18.0,INDEA,INDNE,-17.53
2036,11,18.0,INDEA,INDNO,5.83
2036,11,18.0,INDNE,INDNO,17.0
2037,11,18.0,INDEA,INDNE,-19.53
2037,11,18.0,INDEA,INDNO,6.18
2037,11,18.0,INDNE,INDNO,19.0
2038,11,18.0,INDEA,INDNE,-21.53
2038,11,18.0,INDEA,INDNO,6.53
2038,11,18.0,INDNE,INDNO,21.0
2039,11,18.0,INDEA,INDNE,-23.53
2039,11,18.0,INDEA,INDNO,6.89
2039,11,18.0,INDNE,INDNO,23.0
2040,11,18.0,INDEA,INDNE,-25.53
2040,11,18.0,INDEA,INDNO,7.24
2040,11,18.0,INDNE,INDNO,25.0
2041,11,18.0,INDEA,INDNE,-27.53
2041,11,18.0,INDEA,INDNO,7.65
2041,11,18.0,INDNE,INDNO,27.0
2042,11,18.0,INDEA,INDNE,-29.54
2042,11,18.0,INDEA,INDNO,8.05
2042,11,18.0,INDNE,INDNO,29.01
2043,11,18.0,INDEA,INDNE,-31.54
2043,11,18.0,INDEA,INDNO,8.45
2043,11,18.0,INDNE,INDNO,31.01
2044,11,18.0,INDEA,INDNE,-33.54
2044,11,18.0,INDEA,INDNO,7.48
2044,11,18.0,INDNE,INDNO,33.01
2045,11,18.0,INDEA,INDNE,-35.54
2045,11,18.0,INDEA,INDNO,5.12
2045,11,18.0,INDNE,INDNO,35.01
2046,11,18.0,INDEA,INDNE,-37.54
2046,11,18.0,INDEA,INDNO,0.76
2046,11,18.0,INDNE,INDNO,37.01
2046,11,18.0,INDNO,INDWE,-3.98
2047,11,18.0,INDEA,INDNE,-39.54
2047,11,18.0,INDNE,INDNO,39.01
2047,11,18.0,INDNO,INDWE,-9.78
2048,11,18.0,INDEA,INDNE,-41.54
2048,11,18.0,INDEA,INDSO,-0.79
2048,11,18.0,INDNE,INDNO,41.01
2048,11,18.0,INDNO,INDWE,-10.56
2049,11,18.0,INDEA,INDNE,-43.54
2049,11,18.0,INDEA,INDSO,-0.9
2049,11,18.0,INDNE,INDNO,43.01
2049,11,18.0,INDNO,INDWE,-11.01
2050,11,18.0,INDEA,INDNE,-45.54
2050,11,18.0,INDEA,INDSO,-0.98
2050,11,18.0,INDNE,INDNO,45.01
2050,11,18.0,INDNO,INDWE,-11.46
2021,11,19.0,INDEA,INDNE,2.86
2022,11,19.0,INDEA,INDNE,2.86
2022,11,19.0,INDNE,INDNO,-0.49
2023,11,19.0,INDEA,INDNE,2.97
2024,11,19.0,INDEA,INDNE,-3.53
2024,11,19.0,INDNE,INDNO,3.0
2025,11,19.0,INDEA,INDNE,-3.53
2025,11,19.0,INDNE,INDNO,3.0
2026,11,19.0,INDEA,INDNE,-3.53
2026,11,19.0,INDNE,INDNO,3.0
2027,11,19.0,INDEA,INDNE,-3.53
2027,11,19.0,INDNE,INDNO,3.0
2027,11,19.0,INDSO,INDWE,-0.49
2028,11,19.0,INDEA,INDNE,-3.53
2028,11,19.0,INDEA,INDNO,0.39
2028,11,19.0,INDNE,INDNO,3.0
2028,11,19.0,INDSO,INDWE,-3.51
2029,11,19.0,INDEA,INDNE,-3.53
2029,11,19.0,INDEA,INDNO,3.61
2029,11,19.0,INDNE,INDNO,3.0
2029,11,19.0,INDSO,INDWE,-6.32
2030,11,19.0,INDEA,INDNE,-5.53
2030,11,19.0,INDEA,INDNO,4.61
2030,11,19.0,INDNE,INDNO,5.0
2030,11,19.0,INDSO,INDWE,-9.82
2031,11,19.0,INDEA,INDNE,-7.53
2031,11,19.0,INDEA,INDNO,4.28
2031,11,19.0,INDNE,INDNO,7.0
2032,11,19.0,INDEA,INDNE,-9.53
2032,11,19.0,INDEA,INDNO,4.57
2032,11,19.0,INDNE,INDNO,9.0
2033,11,19.0,INDEA,INDNE,-11.53
2033,11,19.0,INDEA,INDNO,4.84
2033,11,19.0,INDNE,INDNO,11.0
2034,11,19.0,INDEA,INDNE,-13.53
2034,11,19.0,INDEA,INDNO,5.01
2034,11,19.0,INDNE,INDNO,13.0
2035,11,19.0,INDEA,INDNE,-15.53
2035,11,19.0,INDEA,INDNO,5.48
2035,11,19.0,INDNE,INDNO,15.0
2036,11,19.0,INDEA,INDNE,-17.53
2036,11,19.0,INDEA,INDNO,5.83
2036,11,19.0,INDNE,INDNO,17.0
2037,11,19.0,INDEA,INDNE,-19.53
2037,11,19.0,INDEA,INDNO,6.18
2037,11,19.0,INDNE,INDNO,19.0
2038,11,19.0,INDEA,INDNE,-21.53
2038,11,19.0,INDEA,INDNO,6.53
2038,11,19.0,INDNE,INDNO,21.0
2039,11,19.0,INDEA,INDNE,-23.53
2039,11,19.0,INDEA,INDNO,6.89
2039,11,19.0,INDNE,INDNO,23.0
2040,11,19.0,INDEA,INDNE,-25.53
2040,11,19.0,INDEA,INDNO,7.24
2040,11,19.0,INDNE,INDNO,25.0
2041,11,19.0,INDEA,INDNE,-27.53
2041,11,19.0,INDEA,INDNO,7.65
2041,11,19.0,INDNE,INDNO,27.0
2042,11,19.0,INDEA,INDNE,-29.54
2042,11,19.0,INDEA,INDNO,8.05
2042,11,19.0,INDNE,INDNO,29.01
2043,11,19.0,INDEA,INDNE,-31.54
2043,11,19.0,INDEA,INDNO,8.45
2043,11,19.0,INDNE,INDNO,31.01
2044,11,19.0,INDEA,INDNE,-33.54
2044,11,19.0,INDEA,INDNO,7.48
2044,11,19.0,INDNE,INDNO,33.01
2045,11,19.0,INDEA,INDNE,-35.54
2045,11,19.0,INDEA,INDNO,5.12
2045,11,19.0,INDNE,INDNO,35.01
2046,11,19.0,INDEA,INDNE,-37.54
2046,11,19.0,INDEA,INDNO,0.76
2046,11,19.0,INDNE,INDNO,37.01
2046,11,19.0,INDNO,INDWE,-3.98
2047,11,19.0,INDEA,INDNE,-39.54
2047,11,19.0,INDNE,INDNO,39.01
2047,11,19.0,INDNO,INDWE,-9.78
2048,11,19.0,INDEA,INDNE,-41.54
2048,11,19.0,INDEA,INDSO,-0.79
2048,11,19.0,INDNE,INDNO,41.01
2048,11,19.0,INDNO,INDWE,-10.56
2049,11,19.0,INDEA,INDNE,-43.54
2049,11,19.0,INDEA,INDSO,-0.9
2049,11,19.0,INDNE,INDNO,43.01
2049,11,19.0,INDNO,INDWE,-11.01
2050,11,19.0,INDEA,INDNE,-45.54
2050,11,19.0,INDEA,INDSO,-0.98
2050,11,19.0,INDNE,INDNO,45.01
2050,11,19.0,INDNO,INDWE,-11.46
2021,11,20.0,INDEA,INDNE,2.86
2022,11,20.0,INDEA,INDNE,2.86
2022,11,20.0,INDNE,INDNO,-0.49
2023,11,20.0,INDEA,INDNE,2.97
2024,11,20.0,INDEA,INDNE,-3.53
2024,11,20.0,INDNE,INDNO,3.0
2025,11,20.0,INDEA,INDNE,-3.53
2025,11,20.0,INDNE,INDNO,3.0
2026,11,20.0,INDEA,INDNE,-3.53
2026,11,20.0,INDNE,INDNO,3.0
2027,11,20.0,INDEA,INDNE,-3.53
2027,11,20.0,INDNE,INDNO,3.0
2027,11,20.0,INDSO,INDWE,-0.49
2028,11,20.0,INDEA,INDNE,-3.53
2028,11,20.0,INDEA,INDNO,0.39
2028,11,20.0,INDNE,INDNO,3.0
2028,11,20.0,INDSO,INDWE,-3.51
2029,11,20.0,INDEA,INDNE,-3.53
2029,11,20.0,INDEA,INDNO,3.61
2029,11,20.0,INDNE,INDNO,3.0
2029,11,20.0,INDSO,INDWE,-6.32
2030,11,20.0,INDEA,INDNE,-5.53
2030,11,20.0,INDEA,INDNO,4.61
2030,11,20.0,INDNE,INDNO,5.0
2030,11,20.0,INDSO,INDWE,-9.82
2031,11,20.0,INDEA,INDNE,-7.53
2031,11,20.0,INDEA,INDNO,4.28
2031,11,20.0,INDNE,INDNO,7.0
2032,11,20.0,INDEA,INDNE,-9.53
2032,11,20.0,INDEA,INDNO,4.57
2032,11,20.0,INDNE,INDNO,9.0
2033,11,20.0,INDEA,INDNE,-11.53
2033,11,20.0,INDEA,INDNO,4.84
2033,11,20.0,INDNE,INDNO,11.0
2034,11,20.0,INDEA,INDNE,-13.53
2034,11,20.0,INDEA,INDNO,5.01
2034,11,20.0,INDNE,INDNO,13.0
2035,11,20.0,INDEA,INDNE,-15.53
2035,11,20.0,INDEA,INDNO,5.48
2035,11,20.0,INDNE,INDNO,15.0
2036,11,20.0,INDEA,INDNE,-17.53
2036,11,20.0,INDEA,INDNO,5.83
2036,11,20.0,INDNE,INDNO,17.0
2037,11,20.0,INDEA,INDNE,-19.53
2037,11,20.0,INDEA,INDNO,6.18
2037,11,20.0,INDNE,INDNO,19.0
2038,11,20.0,INDEA,INDNE,-21.53
2038,11,20.0,INDEA,INDNO,6.53
2038,11,20.0,INDNE,INDNO,21.0
2039,11,20.0,INDEA,INDNE,-23.53
2039,11,20.0,INDEA,INDNO,6.89
2039,11,20.0,INDNE,INDNO,23.0
2040,11,20.0,INDEA,INDNE,-25.53
2040,11,20.0,INDEA,INDNO,7.24
2040,11,20.0,INDNE,INDNO,25.0
2041,11,20.0,INDEA,INDNE,-27.53
2041,11,20.0,INDEA,INDNO,7.65
2041,11,20.0,INDNE,INDNO,27.0
2042,11,20.0,INDEA,INDNE,-29.54
2042,11,20.0,INDEA,INDNO,8.05
2042,11,20.0,INDNE,INDNO,29.01
2043,11,20.0,INDEA,INDNE,-31.54
2043,11,20.0,INDEA,INDNO,8.45
2043,11,20.0,INDNE,INDNO,31.01
2044,11,20.0,INDEA,INDNE,-33.54
2044,11,20.0,INDEA,INDNO,7.48
2044,11,20.0,INDNE,INDNO,33.01
2045,11,20.0,INDEA,INDNE,-35.54
2045,11,20.0,INDEA,INDNO,5.12
2045,11,20.0,INDNE,INDNO,35.01
2046,11,20.0,INDEA,INDNE,-37.54
2046,11,20.0,INDEA,INDNO,0.76
2046,11,20.0,INDNE,INDNO,37.01
2046,11,20.0,INDNO,INDWE,-3.98
2047,11,20.0,INDEA,INDNE,-39.54
2047,11,20.0,INDNE,INDNO,39.01
2047,11,20.0,INDNO,INDWE,-9.78
2048,11,20.0,INDEA,INDNE,-41.54
2048,11,20.0,INDEA,INDSO,-0.79
2048,11,20.0,INDNE,INDNO,41.01
2048,11,20.0,INDNO,INDWE,-10.56
2049,11,20.0,INDEA,INDNE,-43.54
2049,11,20.0,INDEA,INDSO,-0.9
2049,11,20.0,INDNE,INDNO,43.01
2049,11,20.0,INDNO,INDWE,-11.01
2050,11,20.0,INDEA,INDNE,-45.54
2050,11,20.0,INDEA,INDSO,-0.98
2050,11,20.0,INDNE,INDNO,45.01
2050,11,20.0,INDNO,INDWE,-11.46
2021,11,21.0,INDEA,INDNE,2.86
2022,11,21.0,INDEA,INDNE,2.86
2022,11,21.0,INDNE,INDNO,-0.49
2023,11,21.0,INDEA,INDNE,2.97
2024,11,21.0,INDEA,INDNE,-3.53
2024,11,21.0,INDNE,INDNO,3.0
2025,11,21.0,INDEA,INDNE,-3.53
2025,11,21.0,INDNE,INDNO,3.0
2026,11,21.0,INDEA,INDNE,-3.53
2026,11,21.0,INDNE,INDNO,3.0
2027,11,21.0,INDEA,INDNE,-3.53
2027,11,21.0,INDNE,INDNO,3.0
2027,11,21.0,INDSO,INDWE,-0.49
2028,11,21.0,INDEA,INDNE,-3.53
2028,11,21.0,INDEA,INDNO,0.39
2028,11,21.0,INDNE,INDNO,3.0
2028,11,21.0,INDSO,INDWE,-3.51
2029,11,21.0,INDEA,INDNE,-3.53
2029,11,21.0,INDEA,INDNO,3.61
2029,11,21.0,INDNE,INDNO,3.0
2029,11,21.0,INDSO,INDWE,-6.32
2030,11,21.0,INDEA,INDNE,-5.53
2030,11,21.0,INDEA,INDNO,4.61
2030,11,21.0,INDNE,INDNO,5.0
2030,11,21.0,INDSO,INDWE,-9.82
2031,11,21.0,INDEA,INDNE,-7.53
2031,11,21.0,INDEA,INDNO,4.28
2031,11,21.0,INDNE,INDNO,7.0
2032,11,21.0,INDEA,INDNE,-9.53
2032,11,21.0,INDEA,INDNO,4.57
2032,11,21.0,INDNE,INDNO,9.0
2033,11,21.0,INDEA,INDNE,-11.53
2033,11,21.0,INDEA,INDNO,4.84
2033,11,21.0,INDNE,INDNO,11.0
2034,11,21.0,INDEA,INDNE,-13.53
2034,11,21.0,INDEA,INDNO,5.01
2034,11,21.0,INDNE,INDNO,13.0
2035,11,21.0,INDEA,INDNE,-15.53
2035,11,21.0,INDEA,INDNO,5.48
2035,11,21.0,INDNE,INDNO,15.0
2036,11,21.0,INDEA,INDNE,-17.53
2036,11,21.0,INDEA,INDNO,5.83
2036,11,21.0,INDNE,INDNO,17.0
2037,11,21.0,INDEA,INDNE,-19.53
2037,11,21.0,INDEA,INDNO,6.18
2037,11,21.0,INDNE,INDNO,19.0
2038,11,21.0,INDEA,INDNE,-21.53
2038,11,21.0,INDEA,INDNO,6.53
2038,11,21.0,INDNE,INDNO,21.0
2039,11,21.0,INDEA,INDNE,-23.53
2039,11,21.0,INDEA,INDNO,6.89
2039,11,21.0,INDNE,INDNO,23.0
2040,11,21.0,INDEA,INDNE,-25.53
2040,11,21.0,INDEA,INDNO,7.24
2040,11,21.0,INDNE,INDNO,25.0
2041,11,21.0,INDEA,INDNE,-27.53
2041,11,21.0,INDEA,INDNO,7.65
2041,11,21.0,INDNE,INDNO,27.0
2042,11,21.0,INDEA,INDNE,-29.54
2042,11,21.0,INDEA,INDNO,8.05
2042,11,21.0,INDNE,INDNO,29.01
2043,11,21.0,INDEA,INDNE,-31.54
2043,11,21.0,INDEA,INDNO,8.45
2043,11,21.0,INDNE,INDNO,31.01
2044,11,21.0,INDEA,INDNE,-33.54
2044,11,21.0,INDEA,INDNO,7.48
2044,11,21.0,INDNE,INDNO,33.01
2045,11,21.0,INDEA,INDNE,-35.54
2045,11,21.0,INDEA,INDNO,5.12
2045,11,21.0,INDNE,INDNO,35.01
2046,11,21.0,INDEA,INDNE,-37.54
2046,11,21.0,INDEA,INDNO,0.76
2046,11,21.0,INDNE,INDNO,37.01
2046,11,21.0,INDNO,INDWE,-3.98
2047,11,21.0,INDEA,INDNE,-39.54
2047,11,21.0,INDNE,INDNO,39.01
2047,11,21.0,INDNO,INDWE,-9.78
2048,11,21.0,INDEA,INDNE,-41.54
2048,11,21.0,INDEA,INDSO,-0.79
2048,11,21.0,INDNE,INDNO,41.01
2048,11,21.0,INDNO,INDWE,-10.56
2049,11,21.0,INDEA,INDNE,-43.54
2049,11,21.0,INDEA,INDSO,-0.9
2049,11,21.0,INDNE,INDNO,43.01
2049,11,21.0,INDNO,INDWE,-11.01
2050,11,21.0,INDEA,INDNE,-45.54
2050,11,21.0,INDEA,INDSO,-0.98
2050,11,21.0,INDNE,INDNO,45.01
2050,11,21.0,INDNO,INDWE,-11.46
2021,11,22.0,INDEA,INDNE,2.86
2022,11,22.0,INDEA,INDNE,2.86
2022,11,22.0,INDNE,INDNO,-0.49
2023,11,22.0,INDEA,INDNE,2.97
2024,11,22.0,INDEA,INDNE,-3.53
2024,11,22.0,INDNE,INDNO,3.0
2025,11,22.0,INDEA,INDNE,-3.53
2025,11,22.0,INDNE,INDNO,3.0
2026,11,22.0,INDEA,INDNE,-3.53
2026,11,22.0,INDNE,INDNO,3.0
2027,11,22.0,INDEA,INDNE,-3.53
2027,11,22.0,INDNE,INDNO,3.0
2027,11,22.0,INDSO,INDWE,-0.49
2028,11,22.0,INDEA,INDNE,-3.53
2028,11,22.0,INDEA,INDNO,0.39
2028,11,22.0,INDNE,INDNO,3.0
2028,11,22.0,INDSO,INDWE,-3.51
2029,11,22.0,INDEA,INDNE,-3.53
2029,11,22.0,INDEA,INDNO,3.61
2029,11,22.0,INDNE,INDNO,3.0
2029,11,22.0,INDSO,INDWE,-6.32
2030,11,22.0,INDEA,INDNE,-5.53
2030,11,22.0,INDEA,INDNO,4.61
2030,11,22.0,INDNE,INDNO,5.0
2030,11,22.0,INDSO,INDWE,-9.82
2031,11,22.0,INDEA,INDNE,-7.53
2031,11,22.0,INDEA,INDNO,4.28
2031,11,22.0,INDNE,INDNO,7.0
2032,11,22.0,INDEA,INDNE,-9.53
2032,11,22.0,INDEA,INDNO,4.57
2032,11,22.0,INDNE,INDNO,9.0
2033,11,22.0,INDEA,INDNE,-11.53
2033,11,22.0,INDEA,INDNO,4.84
2033,11,22.0,INDNE,INDNO,11.0
2034,11,22.0,INDEA,INDNE,-13.53
2034,11,22.0,INDEA,INDNO,5.01
2034,11,22.0,INDNE,INDNO,13.0
2035,11,22.0,INDEA,INDNE,-15.53
2035,11,22.0,INDEA,INDNO,5.48
2035,11,22.0,INDNE,INDNO,15.0
2036,11,22.0,INDEA,INDNE,-17.53
2036,11,22.0,INDEA,INDNO,5.83
2036,11,22.0,INDNE,INDNO,17.0
2037,11,22.0,INDEA,INDNE,-19.53
2037,11,22.0,INDEA,INDNO,6.18
2037,11,22.0,INDNE,INDNO,19.0
2038,11,22.0,INDEA,INDNE,-21.53
2038,11,22.0,INDEA,INDNO,6.53
2038,11,22.0,INDNE,INDNO,21.0
2039,11,22.0,INDEA,INDNE,-23.53
2039,11,22.0,INDEA,INDNO,6.89
2039,11,22.0,INDNE,INDNO,23.0
2040,11,22.0,INDEA,INDNE,-25.53
2040,11,22.0,INDEA,INDNO,7.24
2040,11,22.0,INDNE,INDNO,25.0
2041,11,22.0,INDEA,INDNE,-27.53
2041,11,22.0,INDEA,INDNO,7.65
2041,11,22.0,INDNE,INDNO,27.0
2042,11,22.0,INDEA,INDNE,-29.54
2042,11,22.0,INDEA,INDNO,8.05
2042,11,22.0,INDNE,INDNO,29.01
2043,11,22.0,INDEA,INDNE,-31.54
2043,11,22.0,INDEA,INDNO,8.45
2043,11,22.0,INDNE,INDNO,31.01
2044,11,22.0,INDEA,INDNE,-33.54
2044,11,22.0,INDEA,INDNO,7.48
2044,11,22.0,INDNE,INDNO,33.01
2045,11,22.0,INDEA,INDNE,-35.54
2045,11,22.0,INDEA,INDNO,5.12
2045,11,22.0,INDNE,INDNO,35.01
2046,11,22.0,INDEA,INDNE,-37.54
2046,11,22.0,INDEA,INDNO,0.76
2046,11,22.0,INDNE,INDNO,37.01
2046,11,22.0,INDNO,INDWE,-3.98
2047,11,22.0,INDEA,INDNE,-39.54
2047,11,22.0,INDNE,INDNO,39.01
2047,11,22.0,INDNO,INDWE,-9.78
2048,11,22.0,INDEA,INDNE,-41.54
2048,11,22.0,INDEA,INDSO,-0.79
2048,11,22.0,INDNE,INDNO,41.01
2048,11,22.0,INDNO,INDWE,-10.56
2049,11,22.0,INDEA,INDNE,-43.54
2049,11,22.0,INDEA,INDSO,-0.9
2049,11,22.0,INDNE,INDNO,43.01
2049,11,22.0,INDNO,INDWE,-11.01
2050,11,22.0,INDEA,INDNE,-45.54
2050,11,22.0,INDEA,INDSO,-0.98
2050,11,22.0,INDNE,INDNO,45.01
2050,11,22.0,INDNO,INDWE,-11.46
2021,11,23.0,INDEA,INDNE,2.86
2022,11,23.0,INDEA,INDNE,2.86
2022,11,23.0,INDNE,INDNO,-0.49
2023,11,23.0,INDEA,INDNE,2.97
2024,11,23.0,INDEA,INDNE,-3.53
2024,11,23.0,INDNE,INDNO,3.0
2025,11,23.0,INDEA,INDNE,-3.53
2025,11,23.0,INDNE,INDNO,3.0
2026,11,23.0,INDEA,INDNE,-3.53
2026,11,23.0,INDNE,INDNO,3.0
2027,11,23.0,INDEA,INDNE,-3.53
2027,11,23.0,INDNE,INDNO,3.0
2027,11,23.0,INDSO,INDWE,-0.49
2028,11,23.0,INDEA,INDNE,-3.53
2028,11,23.0,INDEA,INDNO,0.39
2028,11,23.0,INDNE,INDNO,3.0
2028,11,23.0,INDSO,INDWE,-3.51
2029,11,23.0,INDEA,INDNE,-3.53
2029,11,23.0,INDEA,INDNO,3.61
2029,11,23.0,INDNE,INDNO,3.0
2029,11,23.0,INDSO,INDWE,-6.32
2030,11,23.0,INDEA,INDNE,-5.53
2030,11,23.0,INDEA,INDNO,4.61
2030,11,23.0,INDNE,INDNO,5.0
2030,11,23.0,INDSO,INDWE,-9.82
2031,11,23.0,INDEA,INDNE,-7.53
2031,11,23.0,INDEA,INDNO,4.28
2031,11,23.0,INDNE,INDNO,7.0
2032,11,23.0,INDEA,INDNE,-9.53
2032,11,23.0,INDEA,INDNO,4.57
2032,11,23.0,INDNE,INDNO,9.0
2033,11,23.0,INDEA,INDNE,-11.53
2033,11,23.0,INDEA,INDNO,4.84
2033,11,23.0,INDNE,INDNO,11.0
2034,11,23.0,INDEA,INDNE,-13.53
2034,11,23.0,INDEA,INDNO,5.01
2034,11,23.0,INDNE,INDNO,13.0
2035,11,23.0,INDEA,INDNE,-15.53
2035,11,23.0,INDEA,INDNO,5.48
2035,11,23.0,INDNE,INDNO,15.0
2036,11,23.0,INDEA,INDNE,-17.53
2036,11,23.0,INDEA,INDNO,5.83
2036,11,23.0,INDNE,INDNO,17.0
2037,11,23.0,INDEA,INDNE,-19.53
2037,11,23.0,INDEA,INDNO,6.18
2037,11,23.0,INDNE,INDNO,19.0
2038,11,23.0,INDEA,INDNE,-21.53
2038,11,23.0,INDEA,INDNO,6.53
2038,11,23.0,INDNE,INDNO,21.0
2039,11,23.0,INDEA,INDNE,-23.53
2039,11,23.0,INDEA,INDNO,6.89
2039,11,23.0,INDNE,INDNO,23.0
2040,11,23.0,INDEA,INDNE,-25.53
2040,11,23.0,INDEA,INDNO,7.24
2040,11,23.0,INDNE,INDNO,25.0
2041,11,23.0,INDEA,INDNE,-27.53
2041,11,23.0,INDEA,INDNO,7.65
2041,11,23.0,INDNE,INDNO,27.0
2042,11,23.0,INDEA,INDNE,-29.54
2042,11,23.0,INDEA,INDNO,8.05
2042,11,23.0,INDNE,INDNO,29.01
2043,11,23.0,INDEA,INDNE,-31.54
2043,11,23.0,INDEA,INDNO,8.45
2043,11,23.0,INDNE,INDNO,31.01
2044,11,23.0,INDEA,INDNE,-33.54
2044,11,23.0,INDEA,INDNO,7.48
2044,11,23.0,INDNE,INDNO,33.01
2045,11,23.0,INDEA,INDNE,-35.54
2045,11,23.0,INDEA,INDNO,5.12
2045,11,23.0,INDNE,INDNO,35.01
2046,11,23.0,INDEA,INDNE,-37.54
2046,11,23.0,INDEA,INDNO,0.76
2046,11,23.0,INDNE,INDNO,37.01
2046,11,23.0,INDNO,INDWE,-3.98
2047,11,23.0,INDEA,INDNE,-39.54
2047,11,23.0,INDNE,INDNO,39.01
2047,11,23.0,INDNO,INDWE,-9.78
2048,11,23.0,INDEA,INDNE,-41.54
2048,11,23.0,INDEA,INDSO,-0.79
2048,11,23.0,INDNE,INDNO,41.01
2048,11,23.0,INDNO,INDWE,-10.56
2049,11,23.0,INDEA,INDNE,-43.54
2049,11,23.0,INDEA,INDSO,-0.9
2049,11,23.0,INDNE,INDNO,43.01
2049,11,23.0,INDNO,INDWE,-11.01
2050,11,23.0,INDEA,INDNE,-45.54
2050,11,23.0,INDEA,INDSO,-0.98
2050,11,23.0,INDNE,INDNO,45.01
2050,11,23.0,INDNO,INDWE,-11.46
2021,11,24.0,INDEA,INDNE,2.86
2022,11,24.0,INDEA,INDNE,2.86
2022,11,24.0,INDNE,INDNO,-0.49
2023,11,24.0,INDEA,INDNE,2.97
2024,11,24.0,INDEA,INDNE,-3.53
2024,11,24.0,INDNE,INDNO,3.0
2025,11,24.0,INDEA,INDNE,-3.53
2025,11,24.0,INDNE,INDNO,3.0
2026,11,24.0,INDEA,INDNE,-3.53
2026,11,24.0,INDNE,INDNO,3.0
2027,11,24.0,INDEA,INDNE,-3.53
2027,11,24.0,INDNE,INDNO,3.0
2027,11,24.0,INDSO,INDWE,-0.49
2028,11,24.0,INDEA,INDNE,-3.53
2028,11,24.0,INDEA,INDNO,0.39
2028,11,24.0,INDNE,INDNO,3.0
2028,11,24.0,INDSO,INDWE,-3.51
2029,11,24.0,INDEA,INDNE,-3.53
2029,11,24.0,INDEA,INDNO,3.61
2029,11,24.0,INDNE,INDNO,3.0
2029,11,24.0,INDSO,INDWE,-6.32
2030,11,24.0,INDEA,INDNE,-5.53
2030,11,24.0,INDEA,INDNO,4.61
2030,11,24.0,INDNE,INDNO,5.0
2030,11,24.0,INDSO,INDWE,-9.82
2031,11,24.0,INDEA,INDNE,-7.53
2031,11,24.0,INDEA,INDNO,4.28
2031,11,24.0,INDNE,INDNO,7.0
2032,11,24.0,INDEA,INDNE,-9.53
2032,11,24.0,INDEA,INDNO,4.57
2032,11,24.0,INDNE,INDNO,9.0
2033,11,24.0,INDEA,INDNE,-11.53
2033,11,24.0,INDEA,INDNO,4.84
2033,11,24.0,INDNE,INDNO,11.0
2034,11,24.0,INDEA,INDNE,-13.53
2034,11,24.0,INDEA,INDNO,5.01
2034,11,24.0,INDNE,INDNO,13.0
2035,11,24.0,INDEA,INDNE,-15.53
2035,11,24.0,INDEA,INDNO,5.48
2035,11,24.0,INDNE,INDNO,15.0
2036,11,24.0,INDEA,INDNE,-17.53
2036,11,24.0,INDEA,INDNO,5.83
2036,11,24.0,INDNE,INDNO,17.0
2037,11,24.0,INDEA,INDNE,-19.53
2037,11,24.0,INDEA,INDNO,6.18
2037,11,24.0,INDNE,INDNO,19.0
2038,11,24.0,INDEA,INDNE,-21.53
2038,11,24.0,INDEA,INDNO,6.53
2038,11,24.0,INDNE,INDNO,21.0
2039,11,24.0,INDEA,INDNE,-23.53
2039,11,24.0,INDEA,INDNO,6.89
2039,11,24.0,INDNE,INDNO,23.0
2040,11,24.0,INDEA,INDNE,-25.53
2040,11,24.0,INDEA,INDNO,7.24
2040,11,24.0,INDNE,INDNO,25.0
2041,11,24.0,INDEA,INDNE,-27.53
2041,11,24.0,INDEA,INDNO,7.65
2041,11,24.0,INDNE,INDNO,27.0
2042,11,24.0,INDEA,INDNE,-29.54
2042,11,24.0,INDEA,INDNO,8.05
2042,11,24.0,INDNE,INDNO,29.01
2043,11,24.0,INDEA,INDNE,-31.54
2043,11,24.0,INDEA,INDNO,8.45
2043,11,24.0,INDNE,INDNO,31.01
2044,11,24.0,INDEA,INDNE,-33.54
2044,11,24.0,INDEA,INDNO,7.48
2044,11,24.0,INDNE,INDNO,33.01
2045,11,24.0,INDEA,INDNE,-35.54
2045,11,24.0,INDEA,INDNO,5.12
2045,11,24.0,INDNE,INDNO,35.01
2046,11,24.0,INDEA,INDNE,-37.54
2046,11,24.0,INDEA,INDNO,0.76
2046,11,24.0,INDNE,INDNO,37.01
2046,11,24.0,INDNO,INDWE,-3.98
2047,11,24.0,INDEA,INDNE,-39.54
2047,11,24.0,INDNE,INDNO,39.01
2047,11,24.0,INDNO,INDWE,-9.78
2048,11,24.0,INDEA,INDNE,-41.54
2048,11,24.0,INDEA,INDSO,-0.79
2048,11,24.0,INDNE,INDNO,41.01
2048,11,24.0,INDNO,INDWE,-10.56
2049,11,24.0,INDEA,INDNE,-43.54
2049,11,24.0,INDEA,INDSO,-0.9
2049,11,24.0,INDNE,INDNO,43.01
2049,11,24.0,INDNO,INDWE,-11.01
2050,11,24.0,INDEA,INDNE,-45.54
2050,11,24.0,INDEA,INDSO,-0.98
2050,11,24.0,INDNE,INDNO,45.01
2050,11,24.0,INDNO,INDWE,-11.46
2021,12,1.0,INDEA,INDNE,2.84
2022,12,1.0,INDEA,INDNE,2.86
2022,12,1.0,INDNE,INDNO,-0.29
2023,12,1.0,INDEA,INDNE,2.87
2024,12,1.0,INDEA,INDNE,-3.53
2024,12,1.0,INDNE,INDNO,3.0
2025,12,1.0,INDEA,INDNE,-3.53
2025,12,1.0,INDEA,INDNO,-3.32
2025,12,1.0,INDNE,INDNO,3.0
2025,12,1.0,INDNO,INDWE,9.87
2025,12,1.0,INDSO,INDWE,-14.27
2026,12,1.0,INDEA,INDNE,-3.53
2026,12,1.0,INDEA,INDNO,-4.27
2026,12,1.0,INDNE,INDNO,3.0
2026,12,1.0,INDNO,INDWE,6.93
2026,12,1.0,INDSO,INDWE,-11.39
2027,12,1.0,INDEA,INDNE,-3.53
2027,12,1.0,INDEA,INDNO,-5.25
2027,12,1.0,INDNE,INDNO,3.0
2027,12,1.0,INDNO,INDWE,3.82
2027,12,1.0,INDSO,INDWE,-6.43
2028,12,1.0,INDEA,INDNE,-3.53
2028,12,1.0,INDEA,INDNO,-5.42
2028,12,1.0,INDNE,INDNO,3.0
2028,12,1.0,INDNO,INDWE,2.65
2028,12,1.0,INDSO,INDWE,-2.95
2029,12,1.0,INDEA,INDNE,-3.53
2029,12,1.0,INDEA,INDNO,-6.42
2029,12,1.0,INDNE,INDNO,3.0
2030,12,1.0,INDEA,INDNE,-5.53
2030,12,1.0,INDEA,INDNO,-5.35
2030,12,1.0,INDNE,INDNO,5.0
2030,12,1.0,INDNO,INDWE,0.37
2031,12,1.0,INDEA,INDNE,-7.53
2031,12,1.0,INDEA,INDNO,-1.79
2031,12,1.0,INDNE,INDNO,3.51
2032,12,1.0,INDEA,INDNE,-9.53
2032,12,1.0,INDNE,INDNO,7.24
2033,12,1.0,INDEA,INDNE,-11.53
2033,12,1.0,INDNE,INDNO,9.16
2034,12,1.0,INDEA,INDNE,-13.53
2034,12,1.0,INDNE,INDNO,10.97
2035,12,1.0,INDEA,INDNE,-15.53
2035,12,1.0,INDNE,INDNO,13.08
2036,12,1.0,INDEA,INDNE,-17.53
2036,12,1.0,INDNE,INDNO,15.01
2037,12,1.0,INDEA,INDNE,-19.53
2037,12,1.0,INDNE,INDNO,16.95
2038,12,1.0,INDEA,INDNE,-21.53
2038,12,1.0,INDNE,INDNO,18.88
2039,12,1.0,INDEA,INDNE,-23.53
2039,12,1.0,INDNE,INDNO,20.81
2040,12,1.0,INDEA,INDNE,-25.53
2040,12,1.0,INDNE,INDNO,22.72
2041,12,1.0,INDEA,INDNE,-27.53
2041,12,1.0,INDNE,INDNO,24.62
2042,12,1.0,INDEA,INDNE,-29.54
2042,12,1.0,INDNE,INDNO,26.51
2043,12,1.0,INDEA,INDNE,-31.54
2043,12,1.0,INDNE,INDNO,28.41
2044,12,1.0,INDEA,INDNE,-33.54
2044,12,1.0,INDNE,INDNO,28.92
2045,12,1.0,INDEA,INDNE,-35.54
2045,12,1.0,INDNE,INDNO,27.23
2045,12,1.0,INDSO,INDWE,-0.81
2046,12,1.0,INDEA,INDNE,-37.54
2046,12,1.0,INDNE,INDNO,16.94
2046,12,1.0,INDSO,INDWE,-12.28
2047,12,1.0,INDEA,INDNE,-39.54
2047,12,1.0,INDNE,INDNO,14.73
2047,12,1.0,INDSO,INDWE,-20.99
2048,12,1.0,INDEA,INDNE,-41.54
2048,12,1.0,INDEA,INDSO,1.98
2048,12,1.0,INDNE,INDNO,13.0
2048,12,1.0,INDSO,INDWE,-30.13
2049,12,1.0,INDEA,INDNE,-43.54
2049,12,1.0,INDEA,INDSO,7.83
2049,12,1.0,INDNE,INDNO,14.18
2049,12,1.0,INDSO,INDWE,-32.13
2050,12,1.0,INDEA,INDNE,-45.54
2050,12,1.0,INDEA,INDSO,7.95
2050,12,1.0,INDNE,INDNO,14.96
2050,12,1.0,INDSO,INDWE,-34.13
2021,12,2.0,INDEA,INDNE,2.84
2022,12,2.0,INDEA,INDNE,2.86
2022,12,2.0,INDNE,INDNO,-0.29
2023,12,2.0,INDEA,INDNE,2.87
2024,12,2.0,INDEA,INDNE,-3.53
2024,12,2.0,INDNE,INDNO,3.0
2025,12,2.0,INDEA,INDNE,-3.53
2025,12,2.0,INDEA,INDNO,-3.32
2025,12,2.0,INDNE,INDNO,3.0
2025,12,2.0,INDNO,INDWE,9.87
2025,12,2.0,INDSO,INDWE,-14.27
2026,12,2.0,INDEA,INDNE,-3.53
2026,12,2.0,INDEA,INDNO,-4.27
2026,12,2.0,INDNE,INDNO,3.0
2026,12,2.0,INDNO,INDWE,6.93
2026,12,2.0,INDSO,INDWE,-11.39
2027,12,2.0,INDEA,INDNE,-3.53
2027,12,2.0,INDEA,INDNO,-5.25
2027,12,2.0,INDNE,INDNO,3.0
2027,12,2.0,INDNO,INDWE,3.82
2027,12,2.0,INDSO,INDWE,-6.43
2028,12,2.0,INDEA,INDNE,-3.53
2028,12,2.0,INDEA,INDNO,-5.42
2028,12,2.0,INDNE,INDNO,3.0
2028,12,2.0,INDNO,INDWE,2.65
2028,12,2.0,INDSO,INDWE,-2.95
2029,12,2.0,INDEA,INDNE,-3.53
2029,12,2.0,INDEA,INDNO,-6.42
2029,12,2.0,INDNE,INDNO,3.0
2030,12,2.0,INDEA,INDNE,-5.53
2030,12,2.0,INDEA,INDNO,-5.35
2030,12,2.0,INDNE,INDNO,5.0
2030,12,2.0,INDNO,INDWE,0.37
2031,12,2.0,INDEA,INDNE,-7.53
2031,12,2.0,INDEA,INDNO,-1.79
2031,12,2.0,INDNE,INDNO,3.51
2032,12,2.0,INDEA,INDNE,-9.53
2032,12,2.0,INDNE,INDNO,7.24
2033,12,2.0,INDEA,INDNE,-11.53
2033,12,2.0,INDNE,INDNO,9.16
2034,12,2.0,INDEA,INDNE,-13.53
2034,12,2.0,INDNE,INDNO,10.97
2035,12,2.0,INDEA,INDNE,-15.53
2035,12,2.0,INDNE,INDNO,13.08
2036,12,2.0,INDEA,INDNE,-17.53
2036,12,2.0,INDNE,INDNO,15.01
2037,12,2.0,INDEA,INDNE,-19.53
2037,12,2.0,INDNE,INDNO,16.95
2038,12,2.0,INDEA,INDNE,-21.53
2038,12,2.0,INDNE,INDNO,18.88
2039,12,2.0,INDEA,INDNE,-23.53
2039,12,2.0,INDNE,INDNO,20.81
2040,12,2.0,INDEA,INDNE,-25.53
2040,12,2.0,INDNE,INDNO,22.72
2041,12,2.0,INDEA,INDNE,-27.53
2041,12,2.0,INDNE,INDNO,24.62
2042,12,2.0,INDEA,INDNE,-29.54
2042,12,2.0,INDNE,INDNO,26.51
2043,12,2.0,INDEA,INDNE,-31.54
2043,12,2.0,INDNE,INDNO,28.41
2044,12,2.0,INDEA,INDNE,-33.54
2044,12,2.0,INDNE,INDNO,28.92
2045,12,2.0,INDEA,INDNE,-35.54
2045,12,2.0,INDNE,INDNO,27.23
2045,12,2.0,INDSO,INDWE,-0.81
2046,12,2.0,INDEA,INDNE,-37.54
2046,12,2.0,INDNE,INDNO,16.94
2046,12,2.0,INDSO,INDWE,-12.28
2047,12,2.0,INDEA,INDNE,-39.54
2047,12,2.0,INDNE,INDNO,14.73
2047,12,2.0,INDSO,INDWE,-20.99
2048,12,2.0,INDEA,INDNE,-41.54
2048,12,2.0,INDEA,INDSO,1.98
2048,12,2.0,INDNE,INDNO,13.0
2048,12,2.0,INDSO,INDWE,-30.13
2049,12,2.0,INDEA,INDNE,-43.54
2049,12,2.0,INDEA,INDSO,7.83
2049,12,2.0,INDNE,INDNO,14.18
2049,12,2.0,INDSO,INDWE,-32.13
2050,12,2.0,INDEA,INDNE,-45.54
2050,12,2.0,INDEA,INDSO,7.95
2050,12,2.0,INDNE,INDNO,14.96
2050,12,2.0,INDSO,INDWE,-34.13
2021,12,3.0,INDEA,INDNE,2.84
2022,12,3.0,INDEA,INDNE,2.86
2022,12,3.0,INDNE,INDNO,-0.29
2023,12,3.0,INDEA,INDNE,2.87
2024,12,3.0,INDEA,INDNE,-3.53
2024,12,3.0,INDNE,INDNO,3.0
2025,12,3.0,INDEA,INDNE,-3.53
2025,12,3.0,INDEA,INDNO,-3.32
2025,12,3.0,INDNE,INDNO,3.0
2025,12,3.0,INDNO,INDWE,9.87
2025,12,3.0,INDSO,INDWE,-14.27
2026,12,3.0,INDEA,INDNE,-3.53
2026,12,3.0,INDEA,INDNO,-4.27
2026,12,3.0,INDNE,INDNO,3.0
2026,12,3.0,INDNO,INDWE,6.93
2026,12,3.0,INDSO,INDWE,-11.39
2027,12,3.0,INDEA,INDNE,-3.53
2027,12,3.0,INDEA,INDNO,-5.25
2027,12,3.0,INDNE,INDNO,3.0
2027,12,3.0,INDNO,INDWE,3.82
2027,12,3.0,INDSO,INDWE,-6.43
2028,12,3.0,INDEA,INDNE,-3.53
2028,12,3.0,INDEA,INDNO,-5.42
2028,12,3.0,INDNE,INDNO,3.0
2028,12,3.0,INDNO,INDWE,2.65
2028,12,3.0,INDSO,INDWE,-2.95
2029,12,3.0,INDEA,INDNE,-3.53
2029,12,3.0,INDEA,INDNO,-6.42
2029,12,3.0,INDNE,INDNO,3.0
2030,12,3.0,INDEA,INDNE,-5.53
2030,12,3.0,INDEA,INDNO,-5.35
2030,12,3.0,INDNE,INDNO,5.0
2030,12,3.0,INDNO,INDWE,0.37
2031,12,3.0,INDEA,INDNE,-7.53
2031,12,3.0,INDEA,INDNO,-1.79
2031,12,3.0,INDNE,INDNO,3.51
2032,12,3.0,INDEA,INDNE,-9.53
2032,12,3.0,INDNE,INDNO,7.24
2033,12,3.0,INDEA,INDNE,-11.53
2033,12,3.0,INDNE,INDNO,9.16
2034,12,3.0,INDEA,INDNE,-13.53
2034,12,3.0,INDNE,INDNO,10.97
2035,12,3.0,INDEA,INDNE,-15.53
2035,12,3.0,INDNE,INDNO,13.08
2036,12,3.0,INDEA,INDNE,-17.53
2036,12,3.0,INDNE,INDNO,15.01
2037,12,3.0,INDEA,INDNE,-19.53
2037,12,3.0,INDNE,INDNO,16.95
2038,12,3.0,INDEA,INDNE,-21.53
2038,12,3.0,INDNE,INDNO,18.88
2039,12,3.0,INDEA,INDNE,-23.53
2039,12,3.0,INDNE,INDNO,20.81
2040,12,3.0,INDEA,INDNE,-25.53
2040,12,3.0,INDNE,INDNO,22.72
2041,12,3.0,INDEA,INDNE,-27.53
2041,12,3.0,INDNE,INDNO,24.62
2042,12,3.0,INDEA,INDNE,-29.54
2042,12,3.0,INDNE,INDNO,26.51
2043,12,3.0,INDEA,INDNE,-31.54
2043,12,3.0,INDNE,INDNO,28.41
2044,12,3.0,INDEA,INDNE,-33.54
2044,12,3.0,INDNE,INDNO,28.92
2045,12,3.0,INDEA,INDNE,-35.54
2045,12,3.0,INDNE,INDNO,27.23
2045,12,3.0,INDSO,INDWE,-0.81
2046,12,3.0,INDEA,INDNE,-37.54
2046,12,3.0,INDNE,INDNO,16.94
2046,12,3.0,INDSO,INDWE,-12.28
2047,12,3.0,INDEA,INDNE,-39.54
2047,12,3.0,INDNE,INDNO,14.73
2047,12,3.0,INDSO,INDWE,-20.99
2048,12,3.0,INDEA,INDNE,-41.54
2048,12,3.0,INDEA,INDSO,1.98
2048,12,3.0,INDNE,INDNO,13.0
2048,12,3.0,INDSO,INDWE,-30.13
2049,12,3.0,INDEA,INDNE,-43.54
2049,12,3.0,INDEA,INDSO,7.83
2049,12,3.0,INDNE,INDNO,14.18
2049,12,3.0,INDSO,INDWE,-32.13
2050,12,3.0,INDEA,INDNE,-45.54
2050,12,3.0,INDEA,INDSO,7.95
2050,12,3.0,INDNE,INDNO,14.96
2050,12,3.0,INDSO,INDWE,-34.13
2021,12,4.0,INDEA,INDNE,2.84
2022,12,4.0,INDEA,INDNE,2.86
2022,12,4.0,INDNE,INDNO,-0.29
2023,12,4.0,INDEA,INDNE,2.87
2024,12,4.0,INDEA,INDNE,-3.53
2024,12,4.0,INDNE,INDNO,3.0
2025,12,4.0,INDEA,INDNE,-3.53
2025,12,4.0,INDEA,INDNO,-3.32
2025,12,4.0,INDNE,INDNO,3.0
2025,12,4.0,INDNO,INDWE,9.87
2025,12,4.0,INDSO,INDWE,-14.27
2026,12,4.0,INDEA,INDNE,-3.53
2026,12,4.0,INDEA,INDNO,-4.27
2026,12,4.0,INDNE,INDNO,3.0
2026,12,4.0,INDNO,INDWE,6.93
2026,12,4.0,INDSO,INDWE,-11.39
2027,12,4.0,INDEA,INDNE,-3.53
2027,12,4.0,INDEA,INDNO,-5.25
2027,12,4.0,INDNE,INDNO,3.0
2027,12,4.0,INDNO,INDWE,3.82
2027,12,4.0,INDSO,INDWE,-6.43
2028,12,4.0,INDEA,INDNE,-3.53
2028,12,4.0,INDEA,INDNO,-5.42
2028,12,4.0,INDNE,INDNO,3.0
2028,12,4.0,INDNO,INDWE,2.65
2028,12,4.0,INDSO,INDWE,-2.95
2029,12,4.0,INDEA,INDNE,-3.53
2029,12,4.0,INDEA,INDNO,-6.42
2029,12,4.0,INDNE,INDNO,3.0
2030,12,4.0,INDEA,INDNE,-5.53
2030,12,4.0,INDEA,INDNO,-5.35
2030,12,4.0,INDNE,INDNO,5.0
2030,12,4.0,INDNO,INDWE,0.37
2031,12,4.0,INDEA,INDNE,-7.53
2031,12,4.0,INDEA,INDNO,-1.79
2031,12,4.0,INDNE,INDNO,3.51
2032,12,4.0,INDEA,INDNE,-9.53
2032,12,4.0,INDNE,INDNO,7.24
2033,12,4.0,INDEA,INDNE,-11.53
2033,12,4.0,INDNE,INDNO,9.16
2034,12,4.0,INDEA,INDNE,-13.53
2034,12,4.0,INDNE,INDNO,10.97
2035,12,4.0,INDEA,INDNE,-15.53
2035,12,4.0,INDNE,INDNO,13.08
2036,12,4.0,INDEA,INDNE,-17.53
2036,12,4.0,INDNE,INDNO,15.01
2037,12,4.0,INDEA,INDNE,-19.53
2037,12,4.0,INDNE,INDNO,16.95
2038,12,4.0,INDEA,INDNE,-21.53
2038,12,4.0,INDNE,INDNO,18.88
2039,12,4.0,INDEA,INDNE,-23.53
2039,12,4.0,INDNE,INDNO,20.81
2040,12,4.0,INDEA,INDNE,-25.53
2040,12,4.0,INDNE,INDNO,22.72
2041,12,4.0,INDEA,INDNE,-27.53
2041,12,4.0,INDNE,INDNO,24.62
2042,12,4.0,INDEA,INDNE,-29.54
2042,12,4.0,INDNE,INDNO,26.51
2043,12,4.0,INDEA,INDNE,-31.54
2043,12,4.0,INDNE,INDNO,28.41
2044,12,4.0,INDEA,INDNE,-33.54
2044,12,4.0,INDNE,INDNO,28.92
2045,12,4.0,INDEA,INDNE,-35.54
2045,12,4.0,INDNE,INDNO,27.23
2045,12,4.0,INDSO,INDWE,-0.81
2046,12,4.0,INDEA,INDNE,-37.54
2046,12,4.0,INDNE,INDNO,16.94
2046,12,4.0,INDSO,INDWE,-12.28
2047,12,4.0,INDEA,INDNE,-39.54
2047,12,4.0,INDNE,INDNO,14.73
2047,12,4.0,INDSO,INDWE,-20.99
2048,12,4.0,INDEA,INDNE,-41.54
2048,12,4.0,INDEA,INDSO,1.98
2048,12,4.0,INDNE,INDNO,13.0
2048,12,4.0,INDSO,INDWE,-30.13
2049,12,4.0,INDEA,INDNE,-43.54
2049,12,4.0,INDEA,INDSO,7.83
2049,12,4.0,INDNE,INDNO,14.18
2049,12,4.0,INDSO,INDWE,-32.13
2050,12,4.0,INDEA,INDNE,-45.54
2050,12,4.0,INDEA,INDSO,7.95
2050,12,4.0,INDNE,INDNO,14.96
2050,12,4.0,INDSO,INDWE,-34.13
2021,12,5.0,INDEA,INDNE,2.84
2022,12,5.0,INDEA,INDNE,2.86
2022,12,5.0,INDNE,INDNO,-0.29
2023,12,5.0,INDEA,INDNE,2.87
2024,12,5.0,INDEA,INDNE,-3.53
2024,12,5.0,INDNE,INDNO,3.0
2025,12,5.0,INDEA,INDNE,-3.53
2025,12,5.0,INDEA,INDNO,-3.32
2025,12,5.0,INDNE,INDNO,3.0
2025,12,5.0,INDNO,INDWE,9.87
2025,12,5.0,INDSO,INDWE,-14.27
2026,12,5.0,INDEA,INDNE,-3.53
2026,12,5.0,INDEA,INDNO,-4.27
2026,12,5.0,INDNE,INDNO,3.0
2026,12,5.0,INDNO,INDWE,6.93
2026,12,5.0,INDSO,INDWE,-11.39
2027,12,5.0,INDEA,INDNE,-3.53
2027,12,5.0,INDEA,INDNO,-5.25
2027,12,5.0,INDNE,INDNO,3.0
2027,12,5.0,INDNO,INDWE,3.82
2027,12,5.0,INDSO,INDWE,-6.43
2028,12,5.0,INDEA,INDNE,-3.53
2028,12,5.0,INDEA,INDNO,-5.42
2028,12,5.0,INDNE,INDNO,3.0
2028,12,5.0,INDNO,INDWE,2.65
2028,12,5.0,INDSO,INDWE,-2.95
2029,12,5.0,INDEA,INDNE,-3.53
2029,12,5.0,INDEA,INDNO,-6.42
2029,12,5.0,INDNE,INDNO,3.0
2030,12,5.0,INDEA,INDNE,-5.53
2030,12,5.0,INDEA,INDNO,-5.35
2030,12,5.0,INDNE,INDNO,5.0
2030,12,5.0,INDNO,INDWE,0.37
2031,12,5.0,INDEA,INDNE,-7.53
2031,12,5.0,INDEA,INDNO,-1.79
2031,12,5.0,INDNE,INDNO,3.51
2032,12,5.0,INDEA,INDNE,-9.53
2032,12,5.0,INDNE,INDNO,7.24
2033,12,5.0,INDEA,INDNE,-11.53
2033,12,5.0,INDNE,INDNO,9.16
2034,12,5.0,INDEA,INDNE,-13.53
2034,12,5.0,INDNE,INDNO,10.97
2035,12,5.0,INDEA,INDNE,-15.53
2035,12,5.0,INDNE,INDNO,13.08
2036,12,5.0,INDEA,INDNE,-17.53
2036,12,5.0,INDNE,INDNO,15.01
2037,12,5.0,INDEA,INDNE,-19.53
2037,12,5.0,INDNE,INDNO,16.95
2038,12,5.0,INDEA,INDNE,-21.53
2038,12,5.0,INDNE,INDNO,18.88
2039,12,5.0,INDEA,INDNE,-23.53
2039,12,5.0,INDNE,INDNO,20.81
2040,12,5.0,INDEA,INDNE,-25.53
2040,12,5.0,INDNE,INDNO,22.72
2041,12,5.0,INDEA,INDNE,-27.53
2041,12,5.0,INDNE,INDNO,24.62
2042,12,5.0,INDEA,INDNE,-29.54
2042,12,5.0,INDNE,INDNO,26.51
2043,12,5.0,INDEA,INDNE,-31.54
2043,12,5.0,INDNE,INDNO,28.41
2044,12,5.0,INDEA,INDNE,-33.54
2044,12,5.0,INDNE,INDNO,28.92
2045,12,5.0,INDEA,INDNE,-35.54
2045,12,5.0,INDNE,INDNO,27.23
2045,12,5.0,INDSO,INDWE,-0.81
2046,12,5.0,INDEA,INDNE,-37.54
2046,12,5.0,INDNE,INDNO,16.94
2046,12,5.0,INDSO,INDWE,-12.28
2047,12,5.0,INDEA,INDNE,-39.54
2047,12,5.0,INDNE,INDNO,14.73
2047,12,5.0,INDSO,INDWE,-20.99
2048,12,5.0,INDEA,INDNE,-41.54
2048,12,5.0,INDEA,INDSO,1.98
2048,12,5.0,INDNE,INDNO,13.0
2048,12,5.0,INDSO,INDWE,-30.13
2049,12,5.0,INDEA,INDNE,-43.54
2049,12,5.0,INDEA,INDSO,7.83
2049,12,5.0,INDNE,INDNO,14.18
2049,12,5.0,INDSO,INDWE,-32.13
2050,12,5.0,INDEA,INDNE,-45.54
2050,12,5.0,INDEA,INDSO,7.95
2050,12,5.0,INDNE,INDNO,14.96
2050,12,5.0,INDSO,INDWE,-34.13
2021,12,6.0,INDEA,INDNE,2.84
2022,12,6.0,INDEA,INDNE,2.86
2022,12,6.0,INDNE,INDNO,-0.29
2023,12,6.0,INDEA,INDNE,2.87
2024,12,6.0,INDEA,INDNE,-3.53
2024,12,6.0,INDNE,INDNO,3.0
2025,12,6.0,INDEA,INDNE,-3.53
2025,12,6.0,INDEA,INDNO,-3.32
2025,12,6.0,INDNE,INDNO,3.0
2025,12,6.0,INDNO,INDWE,9.87
2025,12,6.0,INDSO,INDWE,-14.27
2026,12,6.0,INDEA,INDNE,-3.53
2026,12,6.0,INDEA,INDNO,-4.27
2026,12,6.0,INDNE,INDNO,3.0
2026,12,6.0,INDNO,INDWE,6.93
2026,12,6.0,INDSO,INDWE,-11.39
2027,12,6.0,INDEA,INDNE,-3.53
2027,12,6.0,INDEA,INDNO,-5.25
2027,12,6.0,INDNE,INDNO,3.0
2027,12,6.0,INDNO,INDWE,3.82
2027,12,6.0,INDSO,INDWE,-6.43
2028,12,6.0,INDEA,INDNE,-3.53
2028,12,6.0,INDEA,INDNO,-5.42
2028,12,6.0,INDNE,INDNO,3.0
2028,12,6.0,INDNO,INDWE,2.65
2028,12,6.0,INDSO,INDWE,-2.95
2029,12,6.0,INDEA,INDNE,-3.53
2029,12,6.0,INDEA,INDNO,-6.42
2029,12,6.0,INDNE,INDNO,3.0
2030,12,6.0,INDEA,INDNE,-5.53
2030,12,6.0,INDEA,INDNO,-5.35
2030,12,6.0,INDNE,INDNO,5.0
2030,12,6.0,INDNO,INDWE,0.37
2031,12,6.0,INDEA,INDNE,-7.53
2031,12,6.0,INDEA,INDNO,-1.79
2031,12,6.0,INDNE,INDNO,3.51
2032,12,6.0,INDEA,INDNE,-9.53
2032,12,6.0,INDNE,INDNO,7.24
2033,12,6.0,INDEA,INDNE,-11.53
2033,12,6.0,INDNE,INDNO,9.16
2034,12,6.0,INDEA,INDNE,-13.53
2034,12,6.0,INDNE,INDNO,10.97
2035,12,6.0,INDEA,INDNE,-15.53
2035,12,6.0,INDNE,INDNO,13.08
2036,12,6.0,INDEA,INDNE,-17.53
2036,12,6.0,INDNE,INDNO,15.01
2037,12,6.0,INDEA,INDNE,-19.53
2037,12,6.0,INDNE,INDNO,16.95
2038,12,6.0,INDEA,INDNE,-21.53
2038,12,6.0,INDNE,INDNO,18.88
2039,12,6.0,INDEA,INDNE,-23.53
2039,12,6.0,INDNE,INDNO,20.81
2040,12,6.0,INDEA,INDNE,-25.53
2040,12,6.0,INDNE,INDNO,22.72
2041,12,6.0,INDEA,INDNE,-27.53
2041,12,6.0,INDNE,INDNO,24.62
2042,12,6.0,INDEA,INDNE,-29.54
2042,12,6.0,INDNE,INDNO,26.51
2043,12,6.0,INDEA,INDNE,-31.54
2043,12,6.0,INDNE,INDNO,28.41
2044,12,6.0,INDEA,INDNE,-33.54
2044,12,6.0,INDNE,INDNO,28.92
2045,12,6.0,INDEA,INDNE,-35.54
2045,12,6.0,INDNE,INDNO,27.23
2045,12,6.0,INDSO,INDWE,-0.81
2046,12,6.0,INDEA,INDNE,-37.54
2046,12,6.0,INDNE,INDNO,16.94
2046,12,6.0,INDSO,INDWE,-12.28
2047,12,6.0,INDEA,INDNE,-39.54
2047,12,6.0,INDNE,INDNO,14.73
2047,12,6.0,INDSO,INDWE,-20.99
2048,12,6.0,INDEA,INDNE,-41.54
2048,12,6.0,INDEA,INDSO,1.98
2048,12,6.0,INDNE,INDNO,13.0
2048,12,6.0,INDSO,INDWE,-30.13
2049,12,6.0,INDEA,INDNE,-43.54
2049,12,6.0,INDEA,INDSO,7.83
2049,12,6.0,INDNE,INDNO,14.18
2049,12,6.0,INDSO,INDWE,-32.13
2050,12,6.0,INDEA,INDNE,-45.54
2050,12,6.0,INDEA,INDSO,7.95
2050,12,6.0,INDNE,INDNO,14.96
2050,12,6.0,INDSO,INDWE,-34.13
2021,12,7.0,INDEA,INDNE,2.84
2022,12,7.0,INDEA,INDNE,2.86
2022,12,7.0,INDNE,INDNO,-0.29
2023,12,7.0,INDEA,INDNE,2.87
2024,12,7.0,INDEA,INDNE,-3.53
2024,12,7.0,INDNE,INDNO,3.0
2025,12,7.0,INDEA,INDNE,-3.53
2025,12,7.0,INDEA,INDNO,-3.32
2025,12,7.0,INDNE,INDNO,3.0
2025,12,7.0,INDNO,INDWE,9.87
2025,12,7.0,INDSO,INDWE,-14.27
2026,12,7.0,INDEA,INDNE,-3.53
2026,12,7.0,INDEA,INDNO,-4.27
2026,12,7.0,INDNE,INDNO,3.0
2026,12,7.0,INDNO,INDWE,6.93
2026,12,7.0,INDSO,INDWE,-11.39
2027,12,7.0,INDEA,INDNE,-3.53
2027,12,7.0,INDEA,INDNO,-5.25
2027,12,7.0,INDNE,INDNO,3.0
2027,12,7.0,INDNO,INDWE,3.82
2027,12,7.0,INDSO,INDWE,-6.43
2028,12,7.0,INDEA,INDNE,-3.53
2028,12,7.0,INDEA,INDNO,-5.42
2028,12,7.0,INDNE,INDNO,3.0
2028,12,7.0,INDNO,INDWE,2.65
2028,12,7.0,INDSO,INDWE,-2.95
2029,12,7.0,INDEA,INDNE,-3.53
2029,12,7.0,INDEA,INDNO,-6.42
2029,12,7.0,INDNE,INDNO,3.0
2030,12,7.0,INDEA,INDNE,-5.53
2030,12,7.0,INDEA,INDNO,-5.35
2030,12,7.0,INDNE,INDNO,5.0
2030,12,7.0,INDNO,INDWE,0.37
2031,12,7.0,INDEA,INDNE,-7.53
2031,12,7.0,INDEA,INDNO,-1.79
2031,12,7.0,INDNE,INDNO,3.51
2032,12,7.0,INDEA,INDNE,-9.53
2032,12,7.0,INDNE,INDNO,7.24
2033,12,7.0,INDEA,INDNE,-11.53
2033,12,7.0,INDNE,INDNO,9.16
2034,12,7.0,INDEA,INDNE,-13.53
2034,12,7.0,INDNE,INDNO,10.97
2035,12,7.0,INDEA,INDNE,-15.53
2035,12,7.0,INDNE,INDNO,13.08
2036,12,7.0,INDEA,INDNE,-17.53
2036,12,7.0,INDNE,INDNO,15.01
2037,12,7.0,INDEA,INDNE,-19.53
2037,12,7.0,INDNE,INDNO,16.95
2038,12,7.0,INDEA,INDNE,-21.53
2038,12,7.0,INDNE,INDNO,18.88
2039,12,7.0,INDEA,INDNE,-23.53
2039,12,7.0,INDNE,INDNO,20.81
2040,12,7.0,INDEA,INDNE,-25.53
2040,12,7.0,INDNE,INDNO,22.72
2041,12,7.0,INDEA,INDNE,-27.53
2041,12,7.0,INDNE,INDNO,24.62
2042,12,7.0,INDEA,INDNE,-29.54
2042,12,7.0,INDNE,INDNO,26.51
2043,12,7.0,INDEA,INDNE,-31.54
2043,12,7.0,INDNE,INDNO,28.41
2044,12,7.0,INDEA,INDNE,-33.54
2044,12,7.0,INDNE,INDNO,28.92
2045,12,7.0,INDEA,INDNE,-35.54
2045,12,7.0,INDNE,INDNO,27.23
2045,12,7.0,INDSO,INDWE,-0.81
2046,12,7.0,INDEA,INDNE,-37.54
2046,12,7.0,INDNE,INDNO,16.94
2046,12,7.0,INDSO,INDWE,-12.28
2047,12,7.0,INDEA,INDNE,-39.54
2047,12,7.0,INDNE,INDNO,14.73
2047,12,7.0,INDSO,INDWE,-20.99
2048,12,7.0,INDEA,INDNE,-41.54
2048,12,7.0,INDEA,INDSO,1.98
2048,12,7.0,INDNE,INDNO,13.0
2048,12,7.0,INDSO,INDWE,-30.13
2049,12,7.0,INDEA,INDNE,-43.54
2049,12,7.0,INDEA,INDSO,7.83
2049,12,7.0,INDNE,INDNO,14.18
2049,12,7.0,INDSO,INDWE,-32.13
2050,12,7.0,INDEA,INDNE,-45.54
2050,12,7.0,INDEA,INDSO,7.95
2050,12,7.0,INDNE,INDNO,14.96
2050,12,7.0,INDSO,INDWE,-34.13
2021,12,8.0,INDEA,INDNE,2.84
2022,12,8.0,INDEA,INDNE,2.86
2022,12,8.0,INDNE,INDNO,-0.29
2023,12,8.0,INDEA,INDNE,2.87
2024,12,8.0,INDEA,INDNE,-3.53
2024,12,8.0,INDNE,INDNO,3.0
2025,12,8.0,INDEA,INDNE,-3.53
2025,12,8.0,INDEA,INDNO,-3.32
2025,12,8.0,INDNE,INDNO,3.0
2025,12,8.0,INDNO,INDWE,9.87
2025,12,8.0,INDSO,INDWE,-14.27
2026,12,8.0,INDEA,INDNE,-3.53
2026,12,8.0,INDEA,INDNO,-4.27
2026,12,8.0,INDNE,INDNO,3.0
2026,12,8.0,INDNO,INDWE,6.93
2026,12,8.0,INDSO,INDWE,-11.39
2027,12,8.0,INDEA,INDNE,-3.53
2027,12,8.0,INDEA,INDNO,-5.25
2027,12,8.0,INDNE,INDNO,3.0
2027,12,8.0,INDNO,INDWE,3.82
2027,12,8.0,INDSO,INDWE,-6.43
2028,12,8.0,INDEA,INDNE,-3.53
2028,12,8.0,INDEA,INDNO,-5.42
2028,12,8.0,INDNE,INDNO,3.0
2028,12,8.0,INDNO,INDWE,2.65
2028,12,8.0,INDSO,INDWE,-2.95
2029,12,8.0,INDEA,INDNE,-3.53
2029,12,8.0,INDEA,INDNO,-6.42
2029,12,8.0,INDNE,INDNO,3.0
2030,12,8.0,INDEA,INDNE,-5.53
2030,12,8.0,INDEA,INDNO,-5.35
2030,12,8.0,INDNE,INDNO,5.0
2030,12,8.0,INDNO,INDWE,0.37
2031,12,8.0,INDEA,INDNE,-7.53
2031,12,8.0,INDEA,INDNO,-1.79
2031,12,8.0,INDNE,INDNO,3.51
2032,12,8.0,INDEA,INDNE,-9.53
2032,12,8.0,INDNE,INDNO,7.24
2033,12,8.0,INDEA,INDNE,-11.53
2033,12,8.0,INDNE,INDNO,9.16
2034,12,8.0,INDEA,INDNE,-13.53
2034,12,8.0,INDNE,INDNO,10.97
2035,12,8.0,INDEA,INDNE,-15.53
2035,12,8.0,INDNE,INDNO,13.08
2036,12,8.0,INDEA,INDNE,-17.53
2036,12,8.0,INDNE,INDNO,15.01
2037,12,8.0,INDEA,INDNE,-19.53
2037,12,8.0,INDNE,INDNO,16.95
2038,12,8.0,INDEA,INDNE,-21.53
2038,12,8.0,INDNE,INDNO,18.88
2039,12,8.0,INDEA,INDNE,-23.53
2039,12,8.0,INDNE,INDNO,20.81
2040,12,8.0,INDEA,INDNE,-25.53
2040,12,8.0,INDNE,INDNO,22.72
2041,12,8.0,INDEA,INDNE,-27.53
2041,12,8.0,INDNE,INDNO,24.62
2042,12,8.0,INDEA,INDNE,-29.54
2042,12,8.0,INDNE,INDNO,26.51
2043,12,8.0,INDEA,INDNE,-31.54
2043,12,8.0,INDNE,INDNO,28.41
2044,12,8.0,INDEA,INDNE,-33.54
2044,12,8.0,INDNE,INDNO,28.92
2045,12,8.0,INDEA,INDNE,-35.54
2045,12,8.0,INDNE,INDNO,27.23
2045,12,8.0,INDSO,INDWE,-0.81
2046,12,8.0,INDEA,INDNE,-37.54
2046,12,8.0,INDNE,INDNO,16.94
2046,12,8.0,INDSO,INDWE,-12.28
2047,12,8.0,INDEA,INDNE,-39.54
2047,12,8.0,INDNE,INDNO,14.73
2047,12,8.0,INDSO,INDWE,-20.99
2048,12,8.0,INDEA,INDNE,-41.54
2048,12,8.0,INDEA,INDSO,1.98
2048,12,8.0,INDNE,INDNO,13.0
2048,12,8.0,INDSO,INDWE,-30.13
2049,12,8.0,INDEA,INDNE,-43.54
2049,12,8.0,INDEA,INDSO,7.83
2049,12,8.0,INDNE,INDNO,14.18
2049,12,8.0,INDSO,INDWE,-32.13
2050,12,8.0,INDEA,INDNE,-45.54
2050,12,8.0,INDEA,INDSO,7.95
2050,12,8.0,INDNE,INDNO,14.96
2050,12,8.0,INDSO,INDWE,-34.13
2021,12,9.0,INDEA,INDNE,2.84
2022,12,9.0,INDEA,INDNE,2.86
2022,12,9.0,INDNE,INDNO,-0.29
2023,12,9.0,INDEA,INDNE,2.87
2024,12,9.0,INDEA,INDNE,-3.53
2024,12,9.0,INDNE,INDNO,3.0
2025,12,9.0,INDEA,INDNE,-3.53
2025,12,9.0,INDEA,INDNO,-3.32
2025,12,9.0,INDNE,INDNO,3.0
2025,12,9.0,INDNO,INDWE,9.87
2025,12,9.0,INDSO,INDWE,-14.27
2026,12,9.0,INDEA,INDNE,-3.53
2026,12,9.0,INDEA,INDNO,-4.27
2026,12,9.0,INDNE,INDNO,3.0
2026,12,9.0,INDNO,INDWE,6.93
2026,12,9.0,INDSO,INDWE,-11.39
2027,12,9.0,INDEA,INDNE,-3.53
2027,12,9.0,INDEA,INDNO,-5.25
2027,12,9.0,INDNE,INDNO,3.0
2027,12,9.0,INDNO,INDWE,3.82
2027,12,9.0,INDSO,INDWE,-6.43
2028,12,9.0,INDEA,INDNE,-3.53
2028,12,9.0,INDEA,INDNO,-5.42
2028,12,9.0,INDNE,INDNO,3.0
2028,12,9.0,INDNO,INDWE,2.65
2028,12,9.0,INDSO,INDWE,-2.95
2029,12,9.0,INDEA,INDNE,-3.53
2029,12,9.0,INDEA,INDNO,-6.42
2029,12,9.0,INDNE,INDNO,3.0
2030,12,9.0,INDEA,INDNE,-5.53
2030,12,9.0,INDEA,INDNO,-5.35
2030,12,9.0,INDNE,INDNO,5.0
2030,12,9.0,INDNO,INDWE,0.37
2031,12,9.0,INDEA,INDNE,-7.53
2031,12,9.0,INDEA,INDNO,-1.79
2031,12,9.0,INDNE,INDNO,3.51
2032,12,9.0,INDEA,INDNE,-9.53
2032,12,9.0,INDNE,INDNO,7.24
2033,12,9.0,INDEA,INDNE,-11.53
2033,12,9.0,INDNE,INDNO,9.16
2034,12,9.0,INDEA,INDNE,-13.53
2034,12,9.0,INDNE,INDNO,10.97
2035,12,9.0,INDEA,INDNE,-15.53
2035,12,9.0,INDNE,INDNO,13.08
2036,12,9.0,INDEA,INDNE,-17.53
2036,12,9.0,INDNE,INDNO,15.01
2037,12,9.0,INDEA,INDNE,-19.53
2037,12,9.0,INDNE,INDNO,16.95
2038,12,9.0,INDEA,INDNE,-21.53
2038,12,9.0,INDNE,INDNO,18.88
2039,12,9.0,INDEA,INDNE,-23.53
2039,12,9.0,INDNE,INDNO,20.81
2040,12,9.0,INDEA,INDNE,-25.53
2040,12,9.0,INDNE,INDNO,22.72
2041,12,9.0,INDEA,INDNE,-27.53
2041,12,9.0,INDNE,INDNO,24.62
2042,12,9.0,INDEA,INDNE,-29.54
2042,12,9.0,INDNE,INDNO,26.51
2043,12,9.0,INDEA,INDNE,-31.54
2043,12,9.0,INDNE,INDNO,28.41
2044,12,9.0,INDEA,INDNE,-33.54
2044,12,9.0,INDNE,INDNO,28.92
2045,12,9.0,INDEA,INDNE,-35.54
2045,12,9.0,INDNE,INDNO,27.23
2045,12,9.0,INDSO,INDWE,-0.81
2046,12,9.0,INDEA,INDNE,-37.54
2046,12,9.0,INDNE,INDNO,16.94
2046,12,9.0,INDSO,INDWE,-12.28
2047,12,9.0,INDEA,INDNE,-39.54
2047,12,9.0,INDNE,INDNO,14.73
2047,12,9.0,INDSO,INDWE,-20.99
2048,12,9.0,INDEA,INDNE,-41.54
2048,12,9.0,INDEA,INDSO,1.98
2048,12,9.0,INDNE,INDNO,13.0
2048,12,9.0,INDSO,INDWE,-30.13
2049,12,9.0,INDEA,INDNE,-43.54
2049,12,9.0,INDEA,INDSO,7.83
2049,12,9.0,INDNE,INDNO,14.18
2049,12,9.0,INDSO,INDWE,-32.13
2050,12,9.0,INDEA,INDNE,-45.54
2050,12,9.0,INDEA,INDSO,7.95
2050,12,9.0,INDNE,INDNO,14.96
2050,12,9.0,INDSO,INDWE,-34.13
2021,12,10.0,INDEA,INDNE,2.84
2022,12,10.0,INDEA,INDNE,2.86
2022,12,10.0,INDNE,INDNO,-0.29
2023,12,10.0,INDEA,INDNE,2.87
2024,12,10.0,INDEA,INDNE,-3.53
2024,12,10.0,INDNE,INDNO,3.0
2025,12,10.0,INDEA,INDNE,-3.53
2025,12,10.0,INDEA,INDNO,-3.32
2025,12,10.0,INDNE,INDNO,3.0
2025,12,10.0,INDNO,INDWE,9.87
2025,12,10.0,INDSO,INDWE,-14.27
2026,12,10.0,INDEA,INDNE,-3.53
2026,12,10.0,INDEA,INDNO,-4.27
2026,12,10.0,INDNE,INDNO,3.0
2026,12,10.0,INDNO,INDWE,6.93
2026,12,10.0,INDSO,INDWE,-11.39
2027,12,10.0,INDEA,INDNE,-3.53
2027,12,10.0,INDEA,INDNO,-5.25
2027,12,10.0,INDNE,INDNO,3.0
2027,12,10.0,INDNO,INDWE,3.82
2027,12,10.0,INDSO,INDWE,-6.43
2028,12,10.0,INDEA,INDNE,-3.53
2028,12,10.0,INDEA,INDNO,-5.42
2028,12,10.0,INDNE,INDNO,3.0
2028,12,10.0,INDNO,INDWE,2.65
2028,12,10.0,INDSO,INDWE,-2.95
2029,12,10.0,INDEA,INDNE,-3.53
2029,12,10.0,INDEA,INDNO,-6.42
2029,12,10.0,INDNE,INDNO,3.0
2030,12,10.0,INDEA,INDNE,-5.53
2030,12,10.0,INDEA,INDNO,-5.35
2030,12,10.0,INDNE,INDNO,5.0
2030,12,10.0,INDNO,INDWE,0.37
2031,12,10.0,INDEA,INDNE,-7.53
2031,12,10.0,INDEA,INDNO,-1.79
2031,12,10.0,INDNE,INDNO,3.51
2032,12,10.0,INDEA,INDNE,-9.53
2032,12,10.0,INDNE,INDNO,7.24
2033,12,10.0,INDEA,INDNE,-11.53
2033,12,10.0,INDNE,INDNO,9.16
2034,12,10.0,INDEA,INDNE,-13.53
2034,12,10.0,INDNE,INDNO,10.97
2035,12,10.0,INDEA,INDNE,-15.53
2035,12,10.0,INDNE,INDNO,13.08
2036,12,10.0,INDEA,INDNE,-17.53
2036,12,10.0,INDNE,INDNO,15.01
2037,12,10.0,INDEA,INDNE,-19.53
2037,12,10.0,INDNE,INDNO,16.95
2038,12,10.0,INDEA,INDNE,-21.53
2038,12,10.0,INDNE,INDNO,18.88
2039,12,10.0,INDEA,INDNE,-23.53
2039,12,10.0,INDNE,INDNO,20.81
2040,12,10.0,INDEA,INDNE,-25.53
2040,12,10.0,INDNE,INDNO,22.72
2041,12,10.0,INDEA,INDNE,-27.53
2041,12,10.0,INDNE,INDNO,24.62
2042,12,10.0,INDEA,INDNE,-29.54
2042,12,10.0,INDNE,INDNO,26.51
2043,12,10.0,INDEA,INDNE,-31.54
2043,12,10.0,INDNE,INDNO,28.41
2044,12,10.0,INDEA,INDNE,-33.54
2044,12,10.0,INDNE,INDNO,28.92
2045,12,10.0,INDEA,INDNE,-35.54
2045,12,10.0,INDNE,INDNO,27.23
2045,12,10.0,INDSO,INDWE,-0.81
2046,12,10.0,INDEA,INDNE,-37.54
2046,12,10.0,INDNE,INDNO,16.94
2046,12,10.0,INDSO,INDWE,-12.28
2047,12,10.0,INDEA,INDNE,-39.54
2047,12,10.0,INDNE,INDNO,14.73
2047,12,10.0,INDSO,INDWE,-20.99
2048,12,10.0,INDEA,INDNE,-41.54
2048,12,10.0,INDEA,INDSO,1.98
2048,12,10.0,INDNE,INDNO,13.0
2048,12,10.0,INDSO,INDWE,-30.13
2049,12,10.0,INDEA,INDNE,-43.54
2049,12,10.0,INDEA,INDSO,7.83
2049,12,10.0,INDNE,INDNO,14.18
2049,12,10.0,INDSO,INDWE,-32.13
2050,12,10.0,INDEA,INDNE,-45.54
2050,12,10.0,INDEA,INDSO,7.95
2050,12,10.0,INDNE,INDNO,14.96
2050,12,10.0,INDSO,INDWE,-34.13
2021,12,11.0,INDEA,INDNE,2.84
2022,12,11.0,INDEA,INDNE,2.86
2022,12,11.0,INDNE,INDNO,-0.29
2023,12,11.0,INDEA,INDNE,2.87
2024,12,11.0,INDEA,INDNE,-3.53
2024,12,11.0,INDNE,INDNO,3.0
2025,12,11.0,INDEA,INDNE,-3.53
2025,12,11.0,INDEA,INDNO,-3.32
2025,12,11.0,INDNE,INDNO,3.0
2025,12,11.0,INDNO,INDWE,9.87
2025,12,11.0,INDSO,INDWE,-14.27
2026,12,11.0,INDEA,INDNE,-3.53
2026,12,11.0,INDEA,INDNO,-4.27
2026,12,11.0,INDNE,INDNO,3.0
2026,12,11.0,INDNO,INDWE,6.93
2026,12,11.0,INDSO,INDWE,-11.39
2027,12,11.0,INDEA,INDNE,-3.53
2027,12,11.0,INDEA,INDNO,-5.25
2027,12,11.0,INDNE,INDNO,3.0
2027,12,11.0,INDNO,INDWE,3.82
2027,12,11.0,INDSO,INDWE,-6.43
2028,12,11.0,INDEA,INDNE,-3.53
2028,12,11.0,INDEA,INDNO,-5.42
2028,12,11.0,INDNE,INDNO,3.0
2028,12,11.0,INDNO,INDWE,2.65
2028,12,11.0,INDSO,INDWE,-2.95
2029,12,11.0,INDEA,INDNE,-3.53
2029,12,11.0,INDEA,INDNO,-6.42
2029,12,11.0,INDNE,INDNO,3.0
2030,12,11.0,INDEA,INDNE,-5.53
2030,12,11.0,INDEA,INDNO,-5.35
2030,12,11.0,INDNE,INDNO,5.0
2030,12,11.0,INDNO,INDWE,0.37
2031,12,11.0,INDEA,INDNE,-7.53
2031,12,11.0,INDEA,INDNO,-1.79
2031,12,11.0,INDNE,INDNO,3.51
2032,12,11.0,INDEA,INDNE,-9.53
2032,12,11.0,INDNE,INDNO,7.24
2033,12,11.0,INDEA,INDNE,-11.53
2033,12,11.0,INDNE,INDNO,9.16
2034,12,11.0,INDEA,INDNE,-13.53
2034,12,11.0,INDNE,INDNO,10.97
2035,12,11.0,INDEA,INDNE,-15.53
2035,12,11.0,INDNE,INDNO,13.08
2036,12,11.0,INDEA,INDNE,-17.53
2036,12,11.0,INDNE,INDNO,15.01
2037,12,11.0,INDEA,INDNE,-19.53
2037,12,11.0,INDNE,INDNO,16.95
2038,12,11.0,INDEA,INDNE,-21.53
2038,12,11.0,INDNE,INDNO,18.88
2039,12,11.0,INDEA,INDNE,-23.53
2039,12,11.0,INDNE,INDNO,20.81
2040,12,11.0,INDEA,INDNE,-25.53
2040,12,11.0,INDNE,INDNO,22.72
2041,12,11.0,INDEA,INDNE,-27.53
2041,12,11.0,INDNE,INDNO,24.62
2042,12,11.0,INDEA,INDNE,-29.54
2042,12,11.0,INDNE,INDNO,26.51
2043,12,11.0,INDEA,INDNE,-31.54
2043,12,11.0,INDNE,INDNO,28.41
2044,12,11.0,INDEA,INDNE,-33.54
2044,12,11.0,INDNE,INDNO,28.92
2045,12,11.0,INDEA,INDNE,-35.54
2045,12,11.0,INDNE,INDNO,27.23
2045,12,11.0,INDSO,INDWE,-0.81
2046,12,11.0,INDEA,INDNE,-37.54
2046,12,11.0,INDNE,INDNO,16.94
2046,12,11.0,INDSO,INDWE,-12.28
2047,12,11.0,INDEA,INDNE,-39.54
2047,12,11.0,INDNE,INDNO,14.73
2047,12,11.0,INDSO,INDWE,-20.99
2048,12,11.0,INDEA,INDNE,-41.54
2048,12,11.0,INDEA,INDSO,1.98
2048,12,11.0,INDNE,INDNO,13.0
2048,12,11.0,INDSO,INDWE,-30.13
2049,12,11.0,INDEA,INDNE,-43.54
2049,12,11.0,INDEA,INDSO,7.83
2049,12,11.0,INDNE,INDNO,14.18
2049,12,11.0,INDSO,INDWE,-32.13
2050,12,11.0,INDEA,INDNE,-45.54
2050,12,11.0,INDEA,INDSO,7.95
2050,12,11.0,INDNE,INDNO,14.96
2050,12,11.0,INDSO,INDWE,-34.13
2021,12,12.0,INDEA,INDNE,2.84
2022,12,12.0,INDEA,INDNE,2.86
2022,12,12.0,INDNE,INDNO,-0.29
2023,12,12.0,INDEA,INDNE,2.87
2024,12,12.0,INDEA,INDNE,-3.53
2024,12,12.0,INDNE,INDNO,3.0
2025,12,12.0,INDEA,INDNE,-3.53
2025,12,12.0,INDEA,INDNO,-3.32
2025,12,12.0,INDNE,INDNO,3.0
2025,12,12.0,INDNO,INDWE,9.87
2025,12,12.0,INDSO,INDWE,-14.27
2026,12,12.0,INDEA,INDNE,-3.53
2026,12,12.0,INDEA,INDNO,-4.27
2026,12,12.0,INDNE,INDNO,3.0
2026,12,12.0,INDNO,INDWE,6.93
2026,12,12.0,INDSO,INDWE,-11.39
2027,12,12.0,INDEA,INDNE,-3.53
2027,12,12.0,INDEA,INDNO,-5.25
2027,12,12.0,INDNE,INDNO,3.0
2027,12,12.0,INDNO,INDWE,3.82
2027,12,12.0,INDSO,INDWE,-6.43
2028,12,12.0,INDEA,INDNE,-3.53
2028,12,12.0,INDEA,INDNO,-5.42
2028,12,12.0,INDNE,INDNO,3.0
2028,12,12.0,INDNO,INDWE,2.65
2028,12,12.0,INDSO,INDWE,-2.95
2029,12,12.0,INDEA,INDNE,-3.53
2029,12,12.0,INDEA,INDNO,-6.42
2029,12,12.0,INDNE,INDNO,3.0
2030,12,12.0,INDEA,INDNE,-5.53
2030,12,12.0,INDEA,INDNO,-5.35
2030,12,12.0,INDNE,INDNO,5.0
2030,12,12.0,INDNO,INDWE,0.37
2031,12,12.0,INDEA,INDNE,-7.53
2031,12,12.0,INDEA,INDNO,-1.79
2031,12,12.0,INDNE,INDNO,3.51
2032,12,12.0,INDEA,INDNE,-9.53
2032,12,12.0,INDNE,INDNO,7.24
2033,12,12.0,INDEA,INDNE,-11.53
2033,12,12.0,INDNE,INDNO,9.16
2034,12,12.0,INDEA,INDNE,-13.53
2034,12,12.0,INDNE,INDNO,10.97
2035,12,12.0,INDEA,INDNE,-15.53
2035,12,12.0,INDNE,INDNO,13.08
2036,12,12.0,INDEA,INDNE,-17.53
2036,12,12.0,INDNE,INDNO,15.01
2037,12,12.0,INDEA,INDNE,-19.53
2037,12,12.0,INDNE,INDNO,16.95
2038,12,12.0,INDEA,INDNE,-21.53
2038,12,12.0,INDNE,INDNO,18.88
2039,12,12.0,INDEA,INDNE,-23.53
2039,12,12.0,INDNE,INDNO,20.81
2040,12,12.0,INDEA,INDNE,-25.53
2040,12,12.0,INDNE,INDNO,22.72
2041,12,12.0,INDEA,INDNE,-27.53
2041,12,12.0,INDNE,INDNO,24.62
2042,12,12.0,INDEA,INDNE,-29.54
2042,12,12.0,INDNE,INDNO,26.51
2043,12,12.0,INDEA,INDNE,-31.54
2043,12,12.0,INDNE,INDNO,28.41
2044,12,12.0,INDEA,INDNE,-33.54
2044,12,12.0,INDNE,INDNO,28.92
2045,12,12.0,INDEA,INDNE,-35.54
2045,12,12.0,INDNE,INDNO,27.23
2045,12,12.0,INDSO,INDWE,-0.81
2046,12,12.0,INDEA,INDNE,-37.54
2046,12,12.0,INDNE,INDNO,16.94
2046,12,12.0,INDSO,INDWE,-12.28
2047,12,12.0,INDEA,INDNE,-39.54
2047,12,12.0,INDNE,INDNO,14.73
2047,12,12.0,INDSO,INDWE,-20.99
2048,12,12.0,INDEA,INDNE,-41.54
2048,12,12.0,INDEA,INDSO,1.98
2048,12,12.0,INDNE,INDNO,13.0
2048,12,12.0,INDSO,INDWE,-30.13
2049,12,12.0,INDEA,INDNE,-43.54
2049,12,12.0,INDEA,INDSO,7.83
2049,12,12.0,INDNE,INDNO,14.18
2049,12,12.0,INDSO,INDWE,-32.13
2050,12,12.0,INDEA,INDNE,-45.54
2050,12,12.0,INDEA,INDSO,7.95
2050,12,12.0,INDNE,INDNO,14.96
2050,12,12.0,INDSO,INDWE,-34.13
2021,12,13.0,INDEA,INDNE,2.86
2022,12,13.0,INDEA,INDNE,2.86
2022,12,13.0,INDNE,INDNO,-0.49
2023,12,13.0,INDEA,INDNE,2.97
2024,12,13.0,INDEA,INDNE,-3.53
2024,12,13.0,INDNE,INDNO,3.0
2025,12,13.0,INDEA,INDNE,-3.53
2025,12,13.0,INDNE,INDNO,3.0
2026,12,13.0,INDEA,INDNE,-3.53
2026,12,13.0,INDNE,INDNO,3.0
2027,12,13.0,INDEA,INDNE,-3.53
2027,12,13.0,INDNE,INDNO,3.0
2027,12,13.0,INDSO,INDWE,-0.49
2028,12,13.0,INDEA,INDNE,-3.53
2028,12,13.0,INDEA,INDNO,0.39
2028,12,13.0,INDNE,INDNO,3.0
2028,12,13.0,INDSO,INDWE,-3.51
2029,12,13.0,INDEA,INDNE,-3.53
2029,12,13.0,INDEA,INDNO,3.61
2029,12,13.0,INDNE,INDNO,3.0
2029,12,13.0,INDSO,INDWE,-6.32
2030,12,13.0,INDEA,INDNE,-5.53
2030,12,13.0,INDEA,INDNO,4.61
2030,12,13.0,INDNE,INDNO,5.0
2030,12,13.0,INDSO,INDWE,-9.82
2031,12,13.0,INDEA,INDNE,-7.53
2031,12,13.0,INDEA,INDNO,4.28
2031,12,13.0,INDNE,INDNO,7.0
2032,12,13.0,INDEA,INDNE,-9.53
2032,12,13.0,INDEA,INDNO,4.57
2032,12,13.0,INDNE,INDNO,9.0
2033,12,13.0,INDEA,INDNE,-11.53
2033,12,13.0,INDEA,INDNO,4.84
2033,12,13.0,INDNE,INDNO,11.0
2034,12,13.0,INDEA,INDNE,-13.53
2034,12,13.0,INDEA,INDNO,5.01
2034,12,13.0,INDNE,INDNO,13.0
2035,12,13.0,INDEA,INDNE,-15.53
2035,12,13.0,INDEA,INDNO,5.48
2035,12,13.0,INDNE,INDNO,15.0
2036,12,13.0,INDEA,INDNE,-17.53
2036,12,13.0,INDEA,INDNO,5.83
2036,12,13.0,INDNE,INDNO,17.0
2037,12,13.0,INDEA,INDNE,-19.53
2037,12,13.0,INDEA,INDNO,6.18
2037,12,13.0,INDNE,INDNO,19.0
2038,12,13.0,INDEA,INDNE,-21.53
2038,12,13.0,INDEA,INDNO,6.53
2038,12,13.0,INDNE,INDNO,21.0
2039,12,13.0,INDEA,INDNE,-23.53
2039,12,13.0,INDEA,INDNO,6.89
2039,12,13.0,INDNE,INDNO,23.0
2040,12,13.0,INDEA,INDNE,-25.53
2040,12,13.0,INDEA,INDNO,7.24
2040,12,13.0,INDNE,INDNO,25.0
2041,12,13.0,INDEA,INDNE,-27.53
2041,12,13.0,INDEA,INDNO,7.65
2041,12,13.0,INDNE,INDNO,27.0
2042,12,13.0,INDEA,INDNE,-29.54
2042,12,13.0,INDEA,INDNO,8.05
2042,12,13.0,INDNE,INDNO,29.01
2043,12,13.0,INDEA,INDNE,-31.54
2043,12,13.0,INDEA,INDNO,8.45
2043,12,13.0,INDNE,INDNO,31.01
2044,12,13.0,INDEA,INDNE,-33.54
2044,12,13.0,INDEA,INDNO,7.48
2044,12,13.0,INDNE,INDNO,33.01
2045,12,13.0,INDEA,INDNE,-35.54
2045,12,13.0,INDEA,INDNO,5.12
2045,12,13.0,INDNE,INDNO,35.01
2046,12,13.0,INDEA,INDNE,-37.54
2046,12,13.0,INDEA,INDNO,0.76
2046,12,13.0,INDNE,INDNO,37.01
2046,12,13.0,INDNO,INDWE,-3.98
2047,12,13.0,INDEA,INDNE,-39.54
2047,12,13.0,INDNE,INDNO,39.01
2047,12,13.0,INDNO,INDWE,-9.78
2048,12,13.0,INDEA,INDNE,-41.54
2048,12,13.0,INDEA,INDSO,-0.79
2048,12,13.0,INDNE,INDNO,41.01
2048,12,13.0,INDNO,INDWE,-10.56
2049,12,13.0,INDEA,INDNE,-43.54
2049,12,13.0,INDEA,INDSO,-0.9
2049,12,13.0,INDNE,INDNO,43.01
2049,12,13.0,INDNO,INDWE,-11.01
2050,12,13.0,INDEA,INDNE,-45.54
2050,12,13.0,INDEA,INDSO,-0.98
2050,12,13.0,INDNE,INDNO,45.01
2050,12,13.0,INDNO,INDWE,-11.46
2021,12,14.0,INDEA,INDNE,2.86
2022,12,14.0,INDEA,INDNE,2.86
2022,12,14.0,INDNE,INDNO,-0.49
2023,12,14.0,INDEA,INDNE,2.97
2024,12,14.0,INDEA,INDNE,-3.53
2024,12,14.0,INDNE,INDNO,3.0
2025,12,14.0,INDEA,INDNE,-3.53
2025,12,14.0,INDNE,INDNO,3.0
2026,12,14.0,INDEA,INDNE,-3.53
2026,12,14.0,INDNE,INDNO,3.0
2027,12,14.0,INDEA,INDNE,-3.53
2027,12,14.0,INDNE,INDNO,3.0
2027,12,14.0,INDSO,INDWE,-0.49
2028,12,14.0,INDEA,INDNE,-3.53
2028,12,14.0,INDEA,INDNO,0.39
2028,12,14.0,INDNE,INDNO,3.0
2028,12,14.0,INDSO,INDWE,-3.51
2029,12,14.0,INDEA,INDNE,-3.53
2029,12,14.0,INDEA,INDNO,3.61
2029,12,14.0,INDNE,INDNO,3.0
2029,12,14.0,INDSO,INDWE,-6.32
2030,12,14.0,INDEA,INDNE,-5.53
2030,12,14.0,INDEA,INDNO,4.61
2030,12,14.0,INDNE,INDNO,5.0
2030,12,14.0,INDSO,INDWE,-9.82
2031,12,14.0,INDEA,INDNE,-7.53
2031,12,14.0,INDEA,INDNO,4.28
2031,12,14.0,INDNE,INDNO,7.0
2032,12,14.0,INDEA,INDNE,-9.53
2032,12,14.0,INDEA,INDNO,4.57
2032,12,14.0,INDNE,INDNO,9.0
2033,12,14.0,INDEA,INDNE,-11.53
2033,12,14.0,INDEA,INDNO,4.84
2033,12,14.0,INDNE,INDNO,11.0
2034,12,14.0,INDEA,INDNE,-13.53
2034,12,14.0,INDEA,INDNO,5.01
2034,12,14.0,INDNE,INDNO,13.0
2035,12,14.0,INDEA,INDNE,-15.53
2035,12,14.0,INDEA,INDNO,5.48
2035,12,14.0,INDNE,INDNO,15.0
2036,12,14.0,INDEA,INDNE,-17.53
2036,12,14.0,INDEA,INDNO,5.83
2036,12,14.0,INDNE,INDNO,17.0
2037,12,14.0,INDEA,INDNE,-19.53
2037,12,14.0,INDEA,INDNO,6.18
2037,12,14.0,INDNE,INDNO,19.0
2038,12,14.0,INDEA,INDNE,-21.53
2038,12,14.0,INDEA,INDNO,6.53
2038,12,14.0,INDNE,INDNO,21.0
2039,12,14.0,INDEA,INDNE,-23.53
2039,12,14.0,INDEA,INDNO,6.89
2039,12,14.0,INDNE,INDNO,23.0
2040,12,14.0,INDEA,INDNE,-25.53
2040,12,14.0,INDEA,INDNO,7.24
2040,12,14.0,INDNE,INDNO,25.0
2041,12,14.0,INDEA,INDNE,-27.53
2041,12,14.0,INDEA,INDNO,7.65
2041,12,14.0,INDNE,INDNO,27.0
2042,12,14.0,INDEA,INDNE,-29.54
2042,12,14.0,INDEA,INDNO,8.05
2042,12,14.0,INDNE,INDNO,29.01
2043,12,14.0,INDEA,INDNE,-31.54
2043,12,14.0,INDEA,INDNO,8.45
2043,12,14.0,INDNE,INDNO,31.01
2044,12,14.0,INDEA,INDNE,-33.54
2044,12,14.0,INDEA,INDNO,7.48
2044,12,14.0,INDNE,INDNO,33.01
2045,12,14.0,INDEA,INDNE,-35.54
2045,12,14.0,INDEA,INDNO,5.12
2045,12,14.0,INDNE,INDNO,35.01
2046,12,14.0,INDEA,INDNE,-37.54
2046,12,14.0,INDEA,INDNO,0.76
2046,12,14.0,INDNE,INDNO,37.01
2046,12,14.0,INDNO,INDWE,-3.98
2047,12,14.0,INDEA,INDNE,-39.54
2047,12,14.0,INDNE,INDNO,39.01
2047,12,14.0,INDNO,INDWE,-9.78
2048,12,14.0,INDEA,INDNE,-41.54
2048,12,14.0,INDEA,INDSO,-0.79
2048,12,14.0,INDNE,INDNO,41.01
2048,12,14.0,INDNO,INDWE,-10.56
2049,12,14.0,INDEA,INDNE,-43.54
2049,12,14.0,INDEA,INDSO,-0.9
2049,12,14.0,INDNE,INDNO,43.01
2049,12,14.0,INDNO,INDWE,-11.01
2050,12,14.0,INDEA,INDNE,-45.54
2050,12,14.0,INDEA,INDSO,-0.98
2050,12,14.0,INDNE,INDNO,45.01
2050,12,14.0,INDNO,INDWE,-11.46
2021,12,15.0,INDEA,INDNE,2.86
2022,12,15.0,INDEA,INDNE,2.86
2022,12,15.0,INDNE,INDNO,-0.49
2023,12,15.0,INDEA,INDNE,2.97
2024,12,15.0,INDEA,INDNE,-3.53
2024,12,15.0,INDNE,INDNO,3.0
2025,12,15.0,INDEA,INDNE,-3.53
2025,12,15.0,INDNE,INDNO,3.0
2026,12,15.0,INDEA,INDNE,-3.53
2026,12,15.0,INDNE,INDNO,3.0
2027,12,15.0,INDEA,INDNE,-3.53
2027,12,15.0,INDNE,INDNO,3.0
2027,12,15.0,INDSO,INDWE,-0.49
2028,12,15.0,INDEA,INDNE,-3.53
2028,12,15.0,INDEA,INDNO,0.39
2028,12,15.0,INDNE,INDNO,3.0
2028,12,15.0,INDSO,INDWE,-3.51
2029,12,15.0,INDEA,INDNE,-3.53
2029,12,15.0,INDEA,INDNO,3.61
2029,12,15.0,INDNE,INDNO,3.0
2029,12,15.0,INDSO,INDWE,-6.32
2030,12,15.0,INDEA,INDNE,-5.53
2030,12,15.0,INDEA,INDNO,4.61
2030,12,15.0,INDNE,INDNO,5.0
2030,12,15.0,INDSO,INDWE,-9.82
2031,12,15.0,INDEA,INDNE,-7.53
2031,12,15.0,INDEA,INDNO,4.28
2031,12,15.0,INDNE,INDNO,7.0
2032,12,15.0,INDEA,INDNE,-9.53
2032,12,15.0,INDEA,INDNO,4.57
2032,12,15.0,INDNE,INDNO,9.0
2033,12,15.0,INDEA,INDNE,-11.53
2033,12,15.0,INDEA,INDNO,4.84
2033,12,15.0,INDNE,INDNO,11.0
2034,12,15.0,INDEA,INDNE,-13.53
2034,12,15.0,INDEA,INDNO,5.01
2034,12,15.0,INDNE,INDNO,13.0
2035,12,15.0,INDEA,INDNE,-15.53
2035,12,15.0,INDEA,INDNO,5.48
2035,12,15.0,INDNE,INDNO,15.0
2036,12,15.0,INDEA,INDNE,-17.53
2036,12,15.0,INDEA,INDNO,5.83
2036,12,15.0,INDNE,INDNO,17.0
2037,12,15.0,INDEA,INDNE,-19.53
2037,12,15.0,INDEA,INDNO,6.18
2037,12,15.0,INDNE,INDNO,19.0
2038,12,15.0,INDEA,INDNE,-21.53
2038,12,15.0,INDEA,INDNO,6.53
2038,12,15.0,INDNE,INDNO,21.0
2039,12,15.0,INDEA,INDNE,-23.53
2039,12,15.0,INDEA,INDNO,6.89
2039,12,15.0,INDNE,INDNO,23.0
2040,12,15.0,INDEA,INDNE,-25.53
2040,12,15.0,INDEA,INDNO,7.24
2040,12,15.0,INDNE,INDNO,25.0
2041,12,15.0,INDEA,INDNE,-27.53
2041,12,15.0,INDEA,INDNO,7.65
2041,12,15.0,INDNE,INDNO,27.0
2042,12,15.0,INDEA,INDNE,-29.54
2042,12,15.0,INDEA,INDNO,8.05
2042,12,15.0,INDNE,INDNO,29.01
2043,12,15.0,INDEA,INDNE,-31.54
2043,12,15.0,INDEA,INDNO,8.45
2043,12,15.0,INDNE,INDNO,31.01
2044,12,15.0,INDEA,INDNE,-33.54
2044,12,15.0,INDEA,INDNO,7.48
2044,12,15.0,INDNE,INDNO,33.01
2045,12,15.0,INDEA,INDNE,-35.54
2045,12,15.0,INDEA,INDNO,5.12
2045,12,15.0,INDNE,INDNO,35.01
2046,12,15.0,INDEA,INDNE,-37.54
2046,12,15.0,INDEA,INDNO,0.76
2046,12,15.0,INDNE,INDNO,37.01
2046,12,15.0,INDNO,INDWE,-3.98
2047,12,15.0,INDEA,INDNE,-39.54
2047,12,15.0,INDNE,INDNO,39.01
2047,12,15.0,INDNO,INDWE,-9.78
2048,12,15.0,INDEA,INDNE,-41.54
2048,12,15.0,INDEA,INDSO,-0.79
2048,12,15.0,INDNE,INDNO,41.01
2048,12,15.0,INDNO,INDWE,-10.56
2049,12,15.0,INDEA,INDNE,-43.54
2049,12,15.0,INDEA,INDSO,-0.9
2049,12,15.0,INDNE,INDNO,43.01
2049,12,15.0,INDNO,INDWE,-11.01
2050,12,15.0,INDEA,INDNE,-45.54
2050,12,15.0,INDEA,INDSO,-0.98
2050,12,15.0,INDNE,INDNO,45.01
2050,12,15.0,INDNO,INDWE,-11.46
2021,12,16.0,INDEA,INDNE,2.86
2022,12,16.0,INDEA,INDNE,2.86
2022,12,16.0,INDNE,INDNO,-0.49
2023,12,16.0,INDEA,INDNE,2.97
2024,12,16.0,INDEA,INDNE,-3.53
2024,12,16.0,INDNE,INDNO,3.0
2025,12,16.0,INDEA,INDNE,-3.53
2025,12,16.0,INDNE,INDNO,3.0
2026,12,16.0,INDEA,INDNE,-3.53
2026,12,16.0,INDNE,INDNO,3.0
2027,12,16.0,INDEA,INDNE,-3.53
2027,12,16.0,INDNE,INDNO,3.0
2027,12,16.0,INDSO,INDWE,-0.49
2028,12,16.0,INDEA,INDNE,-3.53
2028,12,16.0,INDEA,INDNO,0.39
2028,12,16.0,INDNE,INDNO,3.0
2028,12,16.0,INDSO,INDWE,-3.51
2029,12,16.0,INDEA,INDNE,-3.53
2029,12,16.0,INDEA,INDNO,3.61
2029,12,16.0,INDNE,INDNO,3.0
2029,12,16.0,INDSO,INDWE,-6.32
2030,12,16.0,INDEA,INDNE,-5.53
2030,12,16.0,INDEA,INDNO,4.61
2030,12,16.0,INDNE,INDNO,5.0
2030,12,16.0,INDSO,INDWE,-9.82
2031,12,16.0,INDEA,INDNE,-7.53
2031,12,16.0,INDEA,INDNO,4.28
2031,12,16.0,INDNE,INDNO,7.0
2032,12,16.0,INDEA,INDNE,-9.53
2032,12,16.0,INDEA,INDNO,4.57
2032,12,16.0,INDNE,INDNO,9.0
2033,12,16.0,INDEA,INDNE,-11.53
2033,12,16.0,INDEA,INDNO,4.84
2033,12,16.0,INDNE,INDNO,11.0
2034,12,16.0,INDEA,INDNE,-13.53
2034,12,16.0,INDEA,INDNO,5.01
2034,12,16.0,INDNE,INDNO,13.0
2035,12,16.0,INDEA,INDNE,-15.53
2035,12,16.0,INDEA,INDNO,5.48
2035,12,16.0,INDNE,INDNO,15.0
2036,12,16.0,INDEA,INDNE,-17.53
2036,12,16.0,INDEA,INDNO,5.83
2036,12,16.0,INDNE,INDNO,17.0
2037,12,16.0,INDEA,INDNE,-19.53
2037,12,16.0,INDEA,INDNO,6.18
2037,12,16.0,INDNE,INDNO,19.0
2038,12,16.0,INDEA,INDNE,-21.53
2038,12,16.0,INDEA,INDNO,6.53
2038,12,16.0,INDNE,INDNO,21.0
2039,12,16.0,INDEA,INDNE,-23.53
2039,12,16.0,INDEA,INDNO,6.89
2039,12,16.0,INDNE,INDNO,23.0
2040,12,16.0,INDEA,INDNE,-25.53
2040,12,16.0,INDEA,INDNO,7.24
2040,12,16.0,INDNE,INDNO,25.0
2041,12,16.0,INDEA,INDNE,-27.53
2041,12,16.0,INDEA,INDNO,7.65
2041,12,16.0,INDNE,INDNO,27.0
2042,12,16.0,INDEA,INDNE,-29.54
2042,12,16.0,INDEA,INDNO,8.05
2042,12,16.0,INDNE,INDNO,29.01
2043,12,16.0,INDEA,INDNE,-31.54
2043,12,16.0,INDEA,INDNO,8.45
2043,12,16.0,INDNE,INDNO,31.01
2044,12,16.0,INDEA,INDNE,-33.54
2044,12,16.0,INDEA,INDNO,7.48
2044,12,16.0,INDNE,INDNO,33.01
2045,12,16.0,INDEA,INDNE,-35.54
2045,12,16.0,INDEA,INDNO,5.12
2045,12,16.0,INDNE,INDNO,35.01
2046,12,16.0,INDEA,INDNE,-37.54
2046,12,16.0,INDEA,INDNO,0.76
2046,12,16.0,INDNE,INDNO,37.01
2046,12,16.0,INDNO,INDWE,-3.98
2047,12,16.0,INDEA,INDNE,-39.54
2047,12,16.0,INDNE,INDNO,39.01
2047,12,16.0,INDNO,INDWE,-9.78
2048,12,16.0,INDEA,INDNE,-41.54
2048,12,16.0,INDEA,INDSO,-0.79
2048,12,16.0,INDNE,INDNO,41.01
2048,12,16.0,INDNO,INDWE,-10.56
2049,12,16.0,INDEA,INDNE,-43.54
2049,12,16.0,INDEA,INDSO,-0.9
2049,12,16.0,INDNE,INDNO,43.01
2049,12,16.0,INDNO,INDWE,-11.01
2050,12,16.0,INDEA,INDNE,-45.54
2050,12,16.0,INDEA,INDSO,-0.98
2050,12,16.0,INDNE,INDNO,45.01
2050,12,16.0,INDNO,INDWE,-11.46
2021,12,17.0,INDEA,INDNE,2.86
2022,12,17.0,INDEA,INDNE,2.86
2022,12,17.0,INDNE,INDNO,-0.49
2023,12,17.0,INDEA,INDNE,2.97
2024,12,17.0,INDEA,INDNE,-3.53
2024,12,17.0,INDNE,INDNO,3.0
2025,12,17.0,INDEA,INDNE,-3.53
2025,12,17.0,INDNE,INDNO,3.0
2026,12,17.0,INDEA,INDNE,-3.53
2026,12,17.0,INDNE,INDNO,3.0
2027,12,17.0,INDEA,INDNE,-3.53
2027,12,17.0,INDNE,INDNO,3.0
2027,12,17.0,INDSO,INDWE,-0.49
2028,12,17.0,INDEA,INDNE,-3.53
2028,12,17.0,INDEA,INDNO,0.39
2028,12,17.0,INDNE,INDNO,3.0
2028,12,17.0,INDSO,INDWE,-3.51
2029,12,17.0,INDEA,INDNE,-3.53
2029,12,17.0,INDEA,INDNO,3.61
2029,12,17.0,INDNE,INDNO,3.0
2029,12,17.0,INDSO,INDWE,-6.32
2030,12,17.0,INDEA,INDNE,-5.53
2030,12,17.0,INDEA,INDNO,4.61
2030,12,17.0,INDNE,INDNO,5.0
2030,12,17.0,INDSO,INDWE,-9.82
2031,12,17.0,INDEA,INDNE,-7.53
2031,12,17.0,INDEA,INDNO,4.28
2031,12,17.0,INDNE,INDNO,7.0
2032,12,17.0,INDEA,INDNE,-9.53
2032,12,17.0,INDEA,INDNO,4.57
2032,12,17.0,INDNE,INDNO,9.0
2033,12,17.0,INDEA,INDNE,-11.53
2033,12,17.0,INDEA,INDNO,4.84
2033,12,17.0,INDNE,INDNO,11.0
2034,12,17.0,INDEA,INDNE,-13.53
2034,12,17.0,INDEA,INDNO,5.01
2034,12,17.0,INDNE,INDNO,13.0
2035,12,17.0,INDEA,INDNE,-15.53
2035,12,17.0,INDEA,INDNO,5.48
2035,12,17.0,INDNE,INDNO,15.0
2036,12,17.0,INDEA,INDNE,-17.53
2036,12,17.0,INDEA,INDNO,5.83
2036,12,17.0,INDNE,INDNO,17.0
2037,12,17.0,INDEA,INDNE,-19.53
2037,12,17.0,INDEA,INDNO,6.18
2037,12,17.0,INDNE,INDNO,19.0
2038,12,17.0,INDEA,INDNE,-21.53
2038,12,17.0,INDEA,INDNO,6.53
2038,12,17.0,INDNE,INDNO,21.0
2039,12,17.0,INDEA,INDNE,-23.53
2039,12,17.0,INDEA,INDNO,6.89
2039,12,17.0,INDNE,INDNO,23.0
2040,12,17.0,INDEA,INDNE,-25.53
2040,12,17.0,INDEA,INDNO,7.24
2040,12,17.0,INDNE,INDNO,25.0
2041,12,17.0,INDEA,INDNE,-27.53
2041,12,17.0,INDEA,INDNO,7.65
2041,12,17.0,INDNE,INDNO,27.0
2042,12,17.0,INDEA,INDNE,-29.54
2042,12,17.0,INDEA,INDNO,8.05
2042,12,17.0,INDNE,INDNO,29.01
2043,12,17.0,INDEA,INDNE,-31.54
2043,12,17.0,INDEA,INDNO,8.45
2043,12,17.0,INDNE,INDNO,31.01
2044,12,17.0,INDEA,INDNE,-33.54
2044,12,17.0,INDEA,INDNO,7.48
2044,12,17.0,INDNE,INDNO,33.01
2045,12,17.0,INDEA,INDNE,-35.54
2045,12,17.0,INDEA,INDNO,5.12
2045,12,17.0,INDNE,INDNO,35.01
2046,12,17.0,INDEA,INDNE,-37.54
2046,12,17.0,INDEA,INDNO,0.76
2046,12,17.0,INDNE,INDNO,37.01
2046,12,17.0,INDNO,INDWE,-3.98
2047,12,17.0,INDEA,INDNE,-39.54
2047,12,17.0,INDNE,INDNO,39.01
2047,12,17.0,INDNO,INDWE,-9.78
2048,12,17.0,INDEA,INDNE,-41.54
2048,12,17.0,INDEA,INDSO,-0.79
2048,12,17.0,INDNE,INDNO,41.01
2048,12,17.0,INDNO,INDWE,-10.56
2049,12,17.0,INDEA,INDNE,-43.54
2049,12,17.0,INDEA,INDSO,-0.9
2049,12,17.0,INDNE,INDNO,43.01
2049,12,17.0,INDNO,INDWE,-11.01
2050,12,17.0,INDEA,INDNE,-45.54
2050,12,17.0,INDEA,INDSO,-0.98
2050,12,17.0,INDNE,INDNO,45.01
2050,12,17.0,INDNO,INDWE,-11.46
2021,12,18.0,INDEA,INDNE,2.86
2022,12,18.0,INDEA,INDNE,2.86
2022,12,18.0,INDNE,INDNO,-0.49
2023,12,18.0,INDEA,INDNE,2.97
2024,12,18.0,INDEA,INDNE,-3.53
2024,12,18.0,INDNE,INDNO,3.0
2025,12,18.0,INDEA,INDNE,-3.53
2025,12,18.0,INDNE,INDNO,3.0
2026,12,18.0,INDEA,INDNE,-3.53
2026,12,18.0,INDNE,INDNO,3.0
2027,12,18.0,INDEA,INDNE,-3.53
2027,12,18.0,INDNE,INDNO,3.0
2027,12,18.0,INDSO,INDWE,-0.49
2028,12,18.0,INDEA,INDNE,-3.53
2028,12,18.0,INDEA,INDNO,0.39
2028,12,18.0,INDNE,INDNO,3.0
2028,12,18.0,INDSO,INDWE,-3.51
2029,12,18.0,INDEA,INDNE,-3.53
2029,12,18.0,INDEA,INDNO,3.61
2029,12,18.0,INDNE,INDNO,3.0
2029,12,18.0,INDSO,INDWE,-6.32
2030,12,18.0,INDEA,INDNE,-5.53
2030,12,18.0,INDEA,INDNO,4.61
2030,12,18.0,INDNE,INDNO,5.0
2030,12,18.0,INDSO,INDWE,-9.82
2031,12,18.0,INDEA,INDNE,-7.53
2031,12,18.0,INDEA,INDNO,4.28
2031,12,18.0,INDNE,INDNO,7.0
2032,12,18.0,INDEA,INDNE,-9.53
2032,12,18.0,INDEA,INDNO,4.57
2032,12,18.0,INDNE,INDNO,9.0
2033,12,18.0,INDEA,INDNE,-11.53
2033,12,18.0,INDEA,INDNO,4.84
2033,12,18.0,INDNE,INDNO,11.0
2034,12,18.0,INDEA,INDNE,-13.53
2034,12,18.0,INDEA,INDNO,5.01
2034,12,18.0,INDNE,INDNO,13.0
2035,12,18.0,INDEA,INDNE,-15.53
2035,12,18.0,INDEA,INDNO,5.48
2035,12,18.0,INDNE,INDNO,15.0
2036,12,18.0,INDEA,INDNE,-17.53
2036,12,18.0,INDEA,INDNO,5.83
2036,12,18.0,INDNE,INDNO,17.0
2037,12,18.0,INDEA,INDNE,-19.53
2037,12,18.0,INDEA,INDNO,6.18
2037,12,18.0,INDNE,INDNO,19.0
2038,12,18.0,INDEA,INDNE,-21.53
2038,12,18.0,INDEA,INDNO,6.53
2038,12,18.0,INDNE,INDNO,21.0
2039,12,18.0,INDEA,INDNE,-23.53
2039,12,18.0,INDEA,INDNO,6.89
2039,12,18.0,INDNE,INDNO,23.0
2040,12,18.0,INDEA,INDNE,-25.53
2040,12,18.0,INDEA,INDNO,7.24
2040,12,18.0,INDNE,INDNO,25.0
2041,12,18.0,INDEA,INDNE,-27.53
2041,12,18.0,INDEA,INDNO,7.65
2041,12,18.0,INDNE,INDNO,27.0
2042,12,18.0,INDEA,INDNE,-29.54
2042,12,18.0,INDEA,INDNO,8.05
2042,12,18.0,INDNE,INDNO,29.01
2043,12,18.0,INDEA,INDNE,-31.54
2043,12,18.0,INDEA,INDNO,8.45
2043,12,18.0,INDNE,INDNO,31.01
2044,12,18.0,INDEA,INDNE,-33.54
2044,12,18.0,INDEA,INDNO,7.48
2044,12,18.0,INDNE,INDNO,33.01
2045,12,18.0,INDEA,INDNE,-35.54
2045,12,18.0,INDEA,INDNO,5.12
2045,12,18.0,INDNE,INDNO,35.01
2046,12,18.0,INDEA,INDNE,-37.54
2046,12,18.0,INDEA,INDNO,0.76
2046,12,18.0,INDNE,INDNO,37.01
2046,12,18.0,INDNO,INDWE,-3.98
2047,12,18.0,INDEA,INDNE,-39.54
2047,12,18.0,INDNE,INDNO,39.01
2047,12,18.0,INDNO,INDWE,-9.78
2048,12,18.0,INDEA,INDNE,-41.54
2048,12,18.0,INDEA,INDSO,-0.79
2048,12,18.0,INDNE,INDNO,41.01
2048,12,18.0,INDNO,INDWE,-10.56
2049,12,18.0,INDEA,INDNE,-43.54
2049,12,18.0,INDEA,INDSO,-0.9
2049,12,18.0,INDNE,INDNO,43.01
2049,12,18.0,INDNO,INDWE,-11.01
2050,12,18.0,INDEA,INDNE,-45.54
2050,12,18.0,INDEA,INDSO,-0.98
2050,12,18.0,INDNE,INDNO,45.01
2050,12,18.0,INDNO,INDWE,-11.46
2021,12,19.0,INDEA,INDNE,2.86
2022,12,19.0,INDEA,INDNE,2.86
2022,12,19.0,INDNE,INDNO,-0.49
2023,12,19.0,INDEA,INDNE,2.97
2024,12,19.0,INDEA,INDNE,-3.53
2024,12,19.0,INDNE,INDNO,3.0
2025,12,19.0,INDEA,INDNE,-3.53
2025,12,19.0,INDNE,INDNO,3.0
2026,12,19.0,INDEA,INDNE,-3.53
2026,12,19.0,INDNE,INDNO,3.0
2027,12,19.0,INDEA,INDNE,-3.53
2027,12,19.0,INDNE,INDNO,3.0
2027,12,19.0,INDSO,INDWE,-0.49
2028,12,19.0,INDEA,INDNE,-3.53
2028,12,19.0,INDEA,INDNO,0.39
2028,12,19.0,INDNE,INDNO,3.0
2028,12,19.0,INDSO,INDWE,-3.51
2029,12,19.0,INDEA,INDNE,-3.53
2029,12,19.0,INDEA,INDNO,3.61
2029,12,19.0,INDNE,INDNO,3.0
2029,12,19.0,INDSO,INDWE,-6.32
2030,12,19.0,INDEA,INDNE,-5.53
2030,12,19.0,INDEA,INDNO,4.61
2030,12,19.0,INDNE,INDNO,5.0
2030,12,19.0,INDSO,INDWE,-9.82
2031,12,19.0,INDEA,INDNE,-7.53
2031,12,19.0,INDEA,INDNO,4.28
2031,12,19.0,INDNE,INDNO,7.0
2032,12,19.0,INDEA,INDNE,-9.53
2032,12,19.0,INDEA,INDNO,4.57
2032,12,19.0,INDNE,INDNO,9.0
2033,12,19.0,INDEA,INDNE,-11.53
2033,12,19.0,INDEA,INDNO,4.84
2033,12,19.0,INDNE,INDNO,11.0
2034,12,19.0,INDEA,INDNE,-13.53
2034,12,19.0,INDEA,INDNO,5.01
2034,12,19.0,INDNE,INDNO,13.0
2035,12,19.0,INDEA,INDNE,-15.53
2035,12,19.0,INDEA,INDNO,5.48
2035,12,19.0,INDNE,INDNO,15.0
2036,12,19.0,INDEA,INDNE,-17.53
2036,12,19.0,INDEA,INDNO,5.83
2036,12,19.0,INDNE,INDNO,17.0
2037,12,19.0,INDEA,INDNE,-19.53
2037,12,19.0,INDEA,INDNO,6.18
2037,12,19.0,INDNE,INDNO,19.0
2038,12,19.0,INDEA,INDNE,-21.53
2038,12,19.0,INDEA,INDNO,6.53
2038,12,19.0,INDNE,INDNO,21.0
2039,12,19.0,INDEA,INDNE,-23.53
2039,12,19.0,INDEA,INDNO,6.89
2039,12,19.0,INDNE,INDNO,23.0
2040,12,19.0,INDEA,INDNE,-25.53
2040,12,19.0,INDEA,INDNO,7.24
2040,12,19.0,INDNE,INDNO,25.0
2041,12,19.0,INDEA,INDNE,-27.53
2041,12,19.0,INDEA,INDNO,7.65
2041,12,19.0,INDNE,INDNO,27.0
2042,12,19.0,INDEA,INDNE,-29.54
2042,12,19.0,INDEA,INDNO,8.05
2042,12,19.0,INDNE,INDNO,29.01
2043,12,19.0,INDEA,INDNE,-31.54
2043,12,19.0,INDEA,INDNO,8.45
2043,12,19.0,INDNE,INDNO,31.01
2044,12,19.0,INDEA,INDNE,-33.54
2044,12,19.0,INDEA,INDNO,7.48
2044,12,19.0,INDNE,INDNO,33.01
2045,12,19.0,INDEA,INDNE,-35.54
2045,12,19.0,INDEA,INDNO,5.12
2045,12,19.0,INDNE,INDNO,35.01
2046,12,19.0,INDEA,INDNE,-37.54
2046,12,19.0,INDEA,INDNO,0.76
2046,12,19.0,INDNE,INDNO,37.01
2046,12,19.0,INDNO,INDWE,-3.98
2047,12,19.0,INDEA,INDNE,-39.54
2047,12,19.0,INDNE,INDNO,39.01
2047,12,19.0,INDNO,INDWE,-9.78
2048,12,19.0,INDEA,INDNE,-41.54
2048,12,19.0,INDEA,INDSO,-0.79
2048,12,19.0,INDNE,INDNO,41.01
2048,12,19.0,INDNO,INDWE,-10.56
2049,12,19.0,INDEA,INDNE,-43.54
2049,12,19.0,INDEA,INDSO,-0.9
2049,12,19.0,INDNE,INDNO,43.01
2049,12,19.0,INDNO,INDWE,-11.01
2050,12,19.0,INDEA,INDNE,-45.54
2050,12,19.0,INDEA,INDSO,-0.98
2050,12,19.0,INDNE,INDNO,45.01
2050,12,19.0,INDNO,INDWE,-11.46
2021,12,20.0,INDEA,INDNE,2.86
2022,12,20.0,INDEA,INDNE,2.86
2022,12,20.0,INDNE,INDNO,-0.49
2023,12,20.0,INDEA,INDNE,2.97
2024,12,20.0,INDEA,INDNE,-3.53
2024,12,20.0,INDNE,INDNO,3.0
2025,12,20.0,INDEA,INDNE,-3.53
2025,12,20.0,INDNE,INDNO,3.0
2026,12,20.0,INDEA,INDNE,-3.53
2026,12,20.0,INDNE,INDNO,3.0
2027,12,20.0,INDEA,INDNE,-3.53
2027,12,20.0,INDNE,INDNO,3.0
2027,12,20.0,INDSO,INDWE,-0.49
2028,12,20.0,INDEA,INDNE,-3.53
2028,12,20.0,INDEA,INDNO,0.39
2028,12,20.0,INDNE,INDNO,3.0
2028,12,20.0,INDSO,INDWE,-3.51
2029,12,20.0,INDEA,INDNE,-3.53
2029,12,20.0,INDEA,INDNO,3.61
2029,12,20.0,INDNE,INDNO,3.0
2029,12,20.0,INDSO,INDWE,-6.32
2030,12,20.0,INDEA,INDNE,-5.53
2030,12,20.0,INDEA,INDNO,4.61
2030,12,20.0,INDNE,INDNO,5.0
2030,12,20.0,INDSO,INDWE,-9.82
2031,12,20.0,INDEA,INDNE,-7.53
2031,12,20.0,INDEA,INDNO,4.28
2031,12,20.0,INDNE,INDNO,7.0
2032,12,20.0,INDEA,INDNE,-9.53
2032,12,20.0,INDEA,INDNO,4.57
2032,12,20.0,INDNE,INDNO,9.0
2033,12,20.0,INDEA,INDNE,-11.53
2033,12,20.0,INDEA,INDNO,4.84
2033,12,20.0,INDNE,INDNO,11.0
2034,12,20.0,INDEA,INDNE,-13.53
2034,12,20.0,INDEA,INDNO,5.01
2034,12,20.0,INDNE,INDNO,13.0
2035,12,20.0,INDEA,INDNE,-15.53
2035,12,20.0,INDEA,INDNO,5.48
2035,12,20.0,INDNE,INDNO,15.0
2036,12,20.0,INDEA,INDNE,-17.53
2036,12,20.0,INDEA,INDNO,5.83
2036,12,20.0,INDNE,INDNO,17.0
2037,12,20.0,INDEA,INDNE,-19.53
2037,12,20.0,INDEA,INDNO,6.18
2037,12,20.0,INDNE,INDNO,19.0
2038,12,20.0,INDEA,INDNE,-21.53
2038,12,20.0,INDEA,INDNO,6.53
2038,12,20.0,INDNE,INDNO,21.0
2039,12,20.0,INDEA,INDNE,-23.53
2039,12,20.0,INDEA,INDNO,6.89
2039,12,20.0,INDNE,INDNO,23.0
2040,12,20.0,INDEA,INDNE,-25.53
2040,12,20.0,INDEA,INDNO,7.24
2040,12,20.0,INDNE,INDNO,25.0
2041,12,20.0,INDEA,INDNE,-27.53
2041,12,20.0,INDEA,INDNO,7.65
2041,12,20.0,INDNE,INDNO,27.0
2042,12,20.0,INDEA,INDNE,-29.54
2042,12,20.0,INDEA,INDNO,8.05
2042,12,20.0,INDNE,INDNO,29.01
2043,12,20.0,INDEA,INDNE,-31.54
2043,12,20.0,INDEA,INDNO,8.45
2043,12,20.0,INDNE,INDNO,31.01
2044,12,20.0,INDEA,INDNE,-33.54
2044,12,20.0,INDEA,INDNO,7.48
2044,12,20.0,INDNE,INDNO,33.01
2045,12,20.0,INDEA,INDNE,-35.54
2045,12,20.0,INDEA,INDNO,5.12
2045,12,20.0,INDNE,INDNO,35.01
2046,12,20.0,INDEA,INDNE,-37.54
2046,12,20.0,INDEA,INDNO,0.76
2046,12,20.0,INDNE,INDNO,37.01
2046,12,20.0,INDNO,INDWE,-3.98
2047,12,20.0,INDEA,INDNE,-39.54
2047,12,20.0,INDNE,INDNO,39.01
2047,12,20.0,INDNO,INDWE,-9.78
2048,12,20.0,INDEA,INDNE,-41.54
2048,12,20.0,INDEA,INDSO,-0.79
2048,12,20.0,INDNE,INDNO,41.01
2048,12,20.0,INDNO,INDWE,-10.56
2049,12,20.0,INDEA,INDNE,-43.54
2049,12,20.0,INDEA,INDSO,-0.9
2049,12,20.0,INDNE,INDNO,43.01
2049,12,20.0,INDNO,INDWE,-11.01
2050,12,20.0,INDEA,INDNE,-45.54
2050,12,20.0,INDEA,INDSO,-0.98
2050,12,20.0,INDNE,INDNO,45.01
2050,12,20.0,INDNO,INDWE,-11.46
2021,12,21.0,INDEA,INDNE,2.86
2022,12,21.0,INDEA,INDNE,2.86
2022,12,21.0,INDNE,INDNO,-0.49
2023,12,21.0,INDEA,INDNE,2.97
2024,12,21.0,INDEA,INDNE,-3.53
2024,12,21.0,INDNE,INDNO,3.0
2025,12,21.0,INDEA,INDNE,-3.53
2025,12,21.0,INDNE,INDNO,3.0
2026,12,21.0,INDEA,INDNE,-3.53
2026,12,21.0,INDNE,INDNO,3.0
2027,12,21.0,INDEA,INDNE,-3.53
2027,12,21.0,INDNE,INDNO,3.0
2027,12,21.0,INDSO,INDWE,-0.49
2028,12,21.0,INDEA,INDNE,-3.53
2028,12,21.0,INDEA,INDNO,0.39
2028,12,21.0,INDNE,INDNO,3.0
2028,12,21.0,INDSO,INDWE,-3.51
2029,12,21.0,INDEA,INDNE,-3.53
2029,12,21.0,INDEA,INDNO,3.61
2029,12,21.0,INDNE,INDNO,3.0
2029,12,21.0,INDSO,INDWE,-6.32
2030,12,21.0,INDEA,INDNE,-5.53
2030,12,21.0,INDEA,INDNO,4.61
2030,12,21.0,INDNE,INDNO,5.0
2030,12,21.0,INDSO,INDWE,-9.82
2031,12,21.0,INDEA,INDNE,-7.53
2031,12,21.0,INDEA,INDNO,4.28
2031,12,21.0,INDNE,INDNO,7.0
2032,12,21.0,INDEA,INDNE,-9.53
2032,12,21.0,INDEA,INDNO,4.57
2032,12,21.0,INDNE,INDNO,9.0
2033,12,21.0,INDEA,INDNE,-11.53
2033,12,21.0,INDEA,INDNO,4.84
2033,12,21.0,INDNE,INDNO,11.0
2034,12,21.0,INDEA,INDNE,-13.53
2034,12,21.0,INDEA,INDNO,5.01
2034,12,21.0,INDNE,INDNO,13.0
2035,12,21.0,INDEA,INDNE,-15.53
2035,12,21.0,INDEA,INDNO,5.48
2035,12,21.0,INDNE,INDNO,15.0
2036,12,21.0,INDEA,INDNE,-17.53
2036,12,21.0,INDEA,INDNO,5.83
2036,12,21.0,INDNE,INDNO,17.0
2037,12,21.0,INDEA,INDNE,-19.53
2037,12,21.0,INDEA,INDNO,6.18
2037,12,21.0,INDNE,INDNO,19.0
2038,12,21.0,INDEA,INDNE,-21.53
2038,12,21.0,INDEA,INDNO,6.53
2038,12,21.0,INDNE,INDNO,21.0
2039,12,21.0,INDEA,INDNE,-23.53
2039,12,21.0,INDEA,INDNO,6.89
2039,12,21.0,INDNE,INDNO,23.0
2040,12,21.0,INDEA,INDNE,-25.53
2040,12,21.0,INDEA,INDNO,7.24
2040,12,21.0,INDNE,INDNO,25.0
2041,12,21.0,INDEA,INDNE,-27.53
2041,12,21.0,INDEA,INDNO,7.65
2041,12,21.0,INDNE,INDNO,27.0
2042,12,21.0,INDEA,INDNE,-29.54
2042,12,21.0,INDEA,INDNO,8.05
2042,12,21.0,INDNE,INDNO,29.01
2043,12,21.0,INDEA,INDNE,-31.54
2043,12,21.0,INDEA,INDNO,8.45
2043,12,21.0,INDNE,INDNO,31.01
2044,12,21.0,INDEA,INDNE,-33.54
2044,12,21.0,INDEA,INDNO,7.48
2044,12,21.0,INDNE,INDNO,33.01
2045,12,21.0,INDEA,INDNE,-35.54
2045,12,21.0,INDEA,INDNO,5.12
2045,12,21.0,INDNE,INDNO,35.01
2046,12,21.0,INDEA,INDNE,-37.54
2046,12,21.0,INDEA,INDNO,0.76
2046,12,21.0,INDNE,INDNO,37.01
2046,12,21.0,INDNO,INDWE,-3.98
2047,12,21.0,INDEA,INDNE,-39.54
2047,12,21.0,INDNE,INDNO,39.01
2047,12,21.0,INDNO,INDWE,-9.78
2048,12,21.0,INDEA,INDNE,-41.54
2048,12,21.0,INDEA,INDSO,-0.79
2048,12,21.0,INDNE,INDNO,41.01
2048,12,21.0,INDNO,INDWE,-10.56
2049,12,21.0,INDEA,INDNE,-43.54
2049,12,21.0,INDEA,INDSO,-0.9
2049,12,21.0,INDNE,INDNO,43.01
2049,12,21.0,INDNO,INDWE,-11.01
2050,12,21.0,INDEA,INDNE,-45.54
2050,12,21.0,INDEA,INDSO,-0.98
2050,12,21.0,INDNE,INDNO,45.01
2050,12,21.0,INDNO,INDWE,-11.46
2021,12,22.0,INDEA,INDNE,2.86
2022,12,22.0,INDEA,INDNE,2.86
2022,12,22.0,INDNE,INDNO,-0.49
2023,12,22.0,INDEA,INDNE,2.97
2024,12,22.0,INDEA,INDNE,-3.53
2024,12,22.0,INDNE,INDNO,3.0
2025,12,22.0,INDEA,INDNE,-3.53
2025,12,22.0,INDNE,INDNO,3.0
2026,12,22.0,INDEA,INDNE,-3.53
2026,12,22.0,INDNE,INDNO,3.0
2027,12,22.0,INDEA,INDNE,-3.53
2027,12,22.0,INDNE,INDNO,3.0
2027,12,22.0,INDSO,INDWE,-0.49
2028,12,22.0,INDEA,INDNE,-3.53
2028,12,22.0,INDEA,INDNO,0.39
2028,12,22.0,INDNE,INDNO,3.0
2028,12,22.0,INDSO,INDWE,-3.51
2029,12,22.0,INDEA,INDNE,-3.53
2029,12,22.0,INDEA,INDNO,3.61
2029,12,22.0,INDNE,INDNO,3.0
2029,12,22.0,INDSO,INDWE,-6.32
2030,12,22.0,INDEA,INDNE,-5.53
2030,12,22.0,INDEA,INDNO,4.61
2030,12,22.0,INDNE,INDNO,5.0
2030,12,22.0,INDSO,INDWE,-9.82
2031,12,22.0,INDEA,INDNE,-7.53
2031,12,22.0,INDEA,INDNO,4.28
2031,12,22.0,INDNE,INDNO,7.0
2032,12,22.0,INDEA,INDNE,-9.53
2032,12,22.0,INDEA,INDNO,4.57
2032,12,22.0,INDNE,INDNO,9.0
2033,12,22.0,INDEA,INDNE,-11.53
2033,12,22.0,INDEA,INDNO,4.84
2033,12,22.0,INDNE,INDNO,11.0
2034,12,22.0,INDEA,INDNE,-13.53
2034,12,22.0,INDEA,INDNO,5.01
2034,12,22.0,INDNE,INDNO,13.0
2035,12,22.0,INDEA,INDNE,-15.53
2035,12,22.0,INDEA,INDNO,5.48
2035,12,22.0,INDNE,INDNO,15.0
2036,12,22.0,INDEA,INDNE,-17.53
2036,12,22.0,INDEA,INDNO,5.83
2036,12,22.0,INDNE,INDNO,17.0
2037,12,22.0,INDEA,INDNE,-19.53
2037,12,22.0,INDEA,INDNO,6.18
2037,12,22.0,INDNE,INDNO,19.0
2038,12,22.0,INDEA,INDNE,-21.53
2038,12,22.0,INDEA,INDNO,6.53
2038,12,22.0,INDNE,INDNO,21.0
2039,12,22.0,INDEA,INDNE,-23.53
2039,12,22.0,INDEA,INDNO,6.89
2039,12,22.0,INDNE,INDNO,23.0
2040,12,22.0,INDEA,INDNE,-25.53
2040,12,22.0,INDEA,INDNO,7.24
2040,12,22.0,INDNE,INDNO,25.0
2041,12,22.0,INDEA,INDNE,-27.53
2041,12,22.0,INDEA,INDNO,7.65
2041,12,22.0,INDNE,INDNO,27.0
2042,12,22.0,INDEA,INDNE,-29.54
2042,12,22.0,INDEA,INDNO,8.05
2042,12,22.0,INDNE,INDNO,29.01
2043,12,22.0,INDEA,INDNE,-31.54
2043,12,22.0,INDEA,INDNO,8.45
2043,12,22.0,INDNE,INDNO,31.01
2044,12,22.0,INDEA,INDNE,-33.54
2044,12,22.0,INDEA,INDNO,7.48
2044,12,22.0,INDNE,INDNO,33.01
2045,12,22.0,INDEA,INDNE,-35.54
2045,12,22.0,INDEA,INDNO,5.12
2045,12,22.0,INDNE,INDNO,35.01
2046,12,22.0,INDEA,INDNE,-37.54
2046,12,22.0,INDEA,INDNO,0.76
2046,12,22.0,INDNE,INDNO,37.01
2046,12,22.0,INDNO,INDWE,-3.98
2047,12,22.0,INDEA,INDNE,-39.54
2047,12,22.0,INDNE,INDNO,39.01
2047,12,22.0,INDNO,INDWE,-9.78
2048,12,22.0,INDEA,INDNE,-41.54
2048,12,22.0,INDEA,INDSO,-0.79
2048,12,22.0,INDNE,INDNO,41.01
2048,12,22.0,INDNO,INDWE,-10.56
2049,12,22.0,INDEA,INDNE,-43.54
2049,12,22.0,INDEA,INDSO,-0.9
2049,12,22.0,INDNE,INDNO,43.01
2049,12,22.0,INDNO,INDWE,-11.01
2050,12,22.0,INDEA,INDNE,-45.54
2050,12,22.0,INDEA,INDSO,-0.98
2050,12,22.0,INDNE,INDNO,45.01
2050,12,22.0,INDNO,INDWE,-11.46
2021,12,23.0,INDEA,INDNE,2.86
2022,12,23.0,INDEA,INDNE,2.86
2022,12,23.0,INDNE,INDNO,-0.49
2023,12,23.0,INDEA,INDNE,2.97
2024,12,23.0,INDEA,INDNE,-3.53
2024,12,23.0,INDNE,INDNO,3.0
2025,12,23.0,INDEA,INDNE,-3.53
2025,12,23.0,INDNE,INDNO,3.0
2026,12,23.0,INDEA,INDNE,-3.53
2026,12,23.0,INDNE,INDNO,3.0
2027,12,23.0,INDEA,INDNE,-3.53
2027,12,23.0,INDNE,INDNO,3.0
2027,12,23.0,INDSO,INDWE,-0.49
2028,12,23.0,INDEA,INDNE,-3.53
2028,12,23.0,INDEA,INDNO,0.39
2028,12,23.0,INDNE,INDNO,3.0
2028,12,23.0,INDSO,INDWE,-3.51
2029,12,23.0,INDEA,INDNE,-3.53
2029,12,23.0,INDEA,INDNO,3.61
2029,12,23.0,INDNE,INDNO,3.0
2029,12,23.0,INDSO,INDWE,-6.32
2030,12,23.0,INDEA,INDNE,-5.53
2030,12,23.0,INDEA,INDNO,4.61
2030,12,23.0,INDNE,INDNO,5.0
2030,12,23.0,INDSO,INDWE,-9.82
2031,12,23.0,INDEA,INDNE,-7.53
2031,12,23.0,INDEA,INDNO,4.28
2031,12,23.0,INDNE,INDNO,7.0
2032,12,23.0,INDEA,INDNE,-9.53
2032,12,23.0,INDEA,INDNO,4.57
2032,12,23.0,INDNE,INDNO,9.0
2033,12,23.0,INDEA,INDNE,-11.53
2033,12,23.0,INDEA,INDNO,4.84
2033,12,23.0,INDNE,INDNO,11.0
2034,12,23.0,INDEA,INDNE,-13.53
2034,12,23.0,INDEA,INDNO,5.01
2034,12,23.0,INDNE,INDNO,13.0
2035,12,23.0,INDEA,INDNE,-15.53
2035,12,23.0,INDEA,INDNO,5.48
2035,12,23.0,INDNE,INDNO,15.0
2036,12,23.0,INDEA,INDNE,-17.53
2036,12,23.0,INDEA,INDNO,5.83
2036,12,23.0,INDNE,INDNO,17.0
2037,12,23.0,INDEA,INDNE,-19.53
2037,12,23.0,INDEA,INDNO,6.18
2037,12,23.0,INDNE,INDNO,19.0
2038,12,23.0,INDEA,INDNE,-21.53
2038,12,23.0,INDEA,INDNO,6.53
2038,12,23.0,INDNE,INDNO,21.0
2039,12,23.0,INDEA,INDNE,-23.53
2039,12,23.0,INDEA,INDNO,6.89
2039,12,23.0,INDNE,INDNO,23.0
2040,12,23.0,INDEA,INDNE,-25.53
2040,12,23.0,INDEA,INDNO,7.24
2040,12,23.0,INDNE,INDNO,25.0
2041,12,23.0,INDEA,INDNE,-27.53
2041,12,23.0,INDEA,INDNO,7.65
2041,12,23.0,INDNE,INDNO,27.0
2042,12,23.0,INDEA,INDNE,-29.54
2042,12,23.0,INDEA,INDNO,8.05
2042,12,23.0,INDNE,INDNO,29.01
2043,12,23.0,INDEA,INDNE,-31.54
2043,12,23.0,INDEA,INDNO,8.45
2043,12,23.0,INDNE,INDNO,31.01
2044,12,23.0,INDEA,INDNE,-33.54
2044,12,23.0,INDEA,INDNO,7.48
2044,12,23.0,INDNE,INDNO,33.01
2045,12,23.0,INDEA,INDNE,-35.54
2045,12,23.0,INDEA,INDNO,5.12
2045,12,23.0,INDNE,INDNO,35.01
2046,12,23.0,INDEA,INDNE,-37.54
2046,12,23.0,INDEA,INDNO,0.76
2046,12,23.0,INDNE,INDNO,37.01
2046,12,23.0,INDNO,INDWE,-3.98
2047,12,23.0,INDEA,INDNE,-39.54
2047,12,23.0,INDNE,INDNO,39.01
2047,12,23.0,INDNO,INDWE,-9.78
2048,12,23.0,INDEA,INDNE,-41.54
2048,12,23.0,INDEA,INDSO,-0.79
2048,12,23.0,INDNE,INDNO,41.01
2048,12,23.0,INDNO,INDWE,-10.56
2049,12,23.0,INDEA,INDNE,-43.54
2049,12,23.0,INDEA,INDSO,-0.9
2049,12,23.0,INDNE,INDNO,43.01
2049,12,23.0,INDNO,INDWE,-11.01
2050,12,23.0,INDEA,INDNE,-45.54
2050,12,23.0,INDEA,INDSO,-0.98
2050,12,23.0,INDNE,INDNO,45.01
2050,12,23.0,INDNO,INDWE,-11.46
2021,12,24.0,INDEA,INDNE,2.86
2022,12,24.0,INDEA,INDNE,2.86
2022,12,24.0,INDNE,INDNO,-0.49
2023,12,24.0,INDEA,INDNE,2.97
2024,12,24.0,INDEA,INDNE,-3.53
2024,12,24.0,INDNE,INDNO,3.0
2025,12,24.0,INDEA,INDNE,-3.53
2025,12,24.0,INDNE,INDNO,3.0
2026,12,24.0,INDEA,INDNE,-3.53
2026,12,24.0,INDNE,INDNO,3.0
2027,12,24.0,INDEA,INDNE,-3.53
2027,12,24.0,INDNE,INDNO,3.0
2027,12,24.0,INDSO,INDWE,-0.49
2028,12,24.0,INDEA,INDNE,-3.53
2028,12,24.0,INDEA,INDNO,0.39
2028,12,24.0,INDNE,INDNO,3.0
2028,12,24.0,INDSO,INDWE,-3.51
2029,12,24.0,INDEA,INDNE,-3.53
2029,12,24.0,INDEA,INDNO,3.61
2029,12,24.0,INDNE,INDNO,3.0
2029,12,24.0,INDSO,INDWE,-6.32
2030,12,24.0,INDEA,INDNE,-5.53
2030,12,24.0,INDEA,INDNO,4.61
2030,12,24.0,INDNE,INDNO,5.0
2030,12,24.0,INDSO,INDWE,-9.82
2031,12,24.0,INDEA,INDNE,-7.53
2031,12,24.0,INDEA,INDNO,4.28
2031,12,24.0,INDNE,INDNO,7.0
2032,12,24.0,INDEA,INDNE,-9.53
2032,12,24.0,INDEA,INDNO,4.57
2032,12,24.0,INDNE,INDNO,9.0
2033,12,24.0,INDEA,INDNE,-11.53
2033,12,24.0,INDEA,INDNO,4.84
2033,12,24.0,INDNE,INDNO,11.0
2034,12,24.0,INDEA,INDNE,-13.53
2034,12,24.0,INDEA,INDNO,5.01
2034,12,24.0,INDNE,INDNO,13.0
2035,12,24.0,INDEA,INDNE,-15.53
2035,12,24.0,INDEA,INDNO,5.48
2035,12,24.0,INDNE,INDNO,15.0
2036,12,24.0,INDEA,INDNE,-17.53
2036,12,24.0,INDEA,INDNO,5.83
2036,12,24.0,INDNE,INDNO,17.0
2037,12,24.0,INDEA,INDNE,-19.53
2037,12,24.0,INDEA,INDNO,6.18
2037,12,24.0,INDNE,INDNO,19.0
2038,12,24.0,INDEA,INDNE,-21.53
2038,12,24.0,INDEA,INDNO,6.53
2038,12,24.0,INDNE,INDNO,21.0
2039,12,24.0,INDEA,INDNE,-23.53
2039,12,24.0,INDEA,INDNO,6.89
2039,12,24.0,INDNE,INDNO,23.0
2040,12,24.0,INDEA,INDNE,-25.53
2040,12,24.0,INDEA,INDNO,7.24
2040,12,24.0,INDNE,INDNO,25.0
2041,12,24.0,INDEA,INDNE,-27.53
2041,12,24.0,INDEA,INDNO,7.65
2041,12,24.0,INDNE,INDNO,27.0
2042,12,24.0,INDEA,INDNE,-29.54
2042,12,24.0,INDEA,INDNO,8.05
2042,12,24.0,INDNE,INDNO,29.01
2043,12,24.0,INDEA,INDNE,-31.54
2043,12,24.0,INDEA,INDNO,8.45
2043,12,24.0,INDNE,INDNO,31.01
2044,12,24.0,INDEA,INDNE,-33.54
2044,12,24.0,INDEA,INDNO,7.48
2044,12,24.0,INDNE,INDNO,33.01
2045,12,24.0,INDEA,INDNE,-35.54
2045,12,24.0,INDEA,INDNO,5.12
2045,12,24.0,INDNE,INDNO,35.01
2046,12,24.0,INDEA,INDNE,-37.54
2046,12,24.0,INDEA,INDNO,0.76
2046,12,24.0,INDNE,INDNO,37.01
2046,12,24.0,INDNO,INDWE,-3.98
2047,12,24.0,INDEA,INDNE,-39.54
2047,12,24.0,INDNE,INDNO,39.01
2047,12,24.0,INDNO,INDWE,-9.78
2048,12,24.0,INDEA,INDNE,-41.54
2048,12,24.0,INDEA,INDSO,-0.79
2048,12,24.0,INDNE,INDNO,41.01
2048,12,24.0,INDNO,INDWE,-10.56
2049,12,24.0,INDEA,INDNE,-43.54
2049,12,24.0,INDEA,INDSO,-0.9
2049,12,24.0,INDNE,INDNO,43.01
2049,12,24.0,INDNO,INDWE,-11.01
2050,12,24.0,INDEA,INDNE,-45.54
2050,12,24.0,INDEA,INDSO,-0.98
2050,12,24.0,INDNE,INDNO,45.01
2050,12,24.0,INDNO,INDWE,-11.46
