REGION,TIMESLICE,TECHNOLOGY,FUEL,YEAR,VALUE
GLOBAL,S1D1,PWRBIOKENXX01,BIOKENXX,2028,22.438598225925944
GLOBAL,S1D1,PWRBIOKENXX01,BIOKENXX,2030,51.720728875303315
GLOBAL,S1D1,PWRBIOKENXX01,BIOKENXX,2031,6.369524456112884
GLOBAL,S1D1,PWRBIOKENXX01,BIOKENXX,2032,66.763920540123
GLOBAL,S1D1,PWRBIOKENXX01,BIOKENXX,2033,71.63439238131964
GLOBAL,S1D1,PWRBIOKENXX01,BIOKENXX,2034,66.85096931051103
GLOBAL,S1D1,PWRBIOKENXX01,BIOKENXX,2035,24.72409492674777
GLOBAL,S1D1,PWRBIOKENXX01,BIOKENXX,2036,32.334969344450826
GLOBAL,S1D1,PWRBIOKENXX01,BIOKENXX,2037,108.35001299043286
GLOBAL,S1D1,PWRBIOKENXX01,BIOKENXX,2038,55.044581380031886
GLOBAL,S1D1,PWRBIOKENXX01,BIOKENXX,2039,60.33833471208689
GLOBAL,S1D1,PWRBIOKENXX01,BIOKENXX,2040,104.30390606337822
GLOBAL,S1D1,PWRBIOKENXX01,BIOKENXX,2041,74.93580487914741
GLOBAL,S1D1,PWRBIOKENXX01,BIOKENXX,2042,113.63424944465999
GLOBAL,S1D1,PWRBIOKENXX01,BIOKENXX,2043,196.97885245747332
GLOBAL,S1D1,PWRBIOKENXX01,BIOKENXX,2044,119.9519078420467
GLOBAL,S1D1,PWRBIOKENXX01,BIOKENXX,2045,215.14011472459265
GLOBAL,S1D1,PWRBIOKENXX01,BIOKENXX,2046,95.68307409533695
GLOBAL,S1D1,PWRBIOKENXX01,BIOKENXX,2047,95.21264238867123
GLOBAL,S1D1,PWRBIOKENXX01,BIOKENXX,2048,99.10181413354071
GLOBAL,S1D1,PWRBIOKENXX01,BIOKENXX,2049,128.84100067672938
GLOBAL,S1D1,PWRBIOKENXX01,BIOKENXX,2050,133.2866946654256
GLOBAL,S1D1,PWRBIOTZAXX01,BIOTZAXX,2024,18.469627019515062
GLOBAL,S1D1,PWRBIOTZAXX01,BIOTZAXX,2026,19.41968604216481
GLOBAL,S1D1,PWRBIOTZAXX01,BIOTZAXX,2030,39.93885606838938
GLOBAL,S1D1,PWRBIOTZAXX01,BIOTZAXX,2031,78.57942695322195
GLOBAL,S1D1,PWRBIOTZAXX01,BIOTZAXX,2032,22.602364364937486
GLOBAL,S1D1,PWRBIOTZAXX01,BIOTZAXX,2033,24.726977169594093
GLOBAL,S1D1,PWRBIOTZAXX01,BIOTZAXX,2034,118.25341956103664
GLOBAL,S1D1,PWRBIOTZAXX01,BIOTZAXX,2035,124.46993116988514
GLOBAL,S1D1,PWRBIOTZAXX01,BIOTZAXX,2036,124.46993116988514
GLOBAL,S1D1,PWRBIOTZAXX01,BIOTZAXX,2037,63.05196053273108
GLOBAL,S1D1,PWRBIOTZAXX01,BIOTZAXX,2038,78.5557000119505
GLOBAL,S1D1,PWRBIOTZAXX01,BIOTZAXX,2039,105.17831929689623
GLOBAL,S1D1,PWRBIOTZAXX01,BIOTZAXX,2040,81.00472502548662
GLOBAL,S1D1,PWRBIOTZAXX01,BIOTZAXX,2041,162.98934694193642
GLOBAL,S1D1,PWRBIOTZAXX01,BIOTZAXX,2042,171.33131555611425
GLOBAL,S1D1,PWRBIOTZAXX01,BIOTZAXX,2043,86.76884500340599
GLOBAL,S1D1,PWRBIOTZAXX01,BIOTZAXX,2044,99.96970875741889
GLOBAL,S1D1,PWRBIOTZAXX01,BIOTZAXX,2045,96.25357067193161
GLOBAL,S1D1,PWRBIOTZAXX01,BIOTZAXX,2046,110.5936737313971
GLOBAL,S1D1,PWRBIOTZAXX01,BIOTZAXX,2047,108.02124255648077
GLOBAL,S1D1,PWRBIOTZAXX01,BIOTZAXX,2048,122.36134561594601
GLOBAL,S1D1,PWRBIOTZAXX01,BIOTZAXX,2049,119.7844468359105
GLOBAL,S1D1,PWRBIOTZAXX01,BIOTZAXX,2050,125.66828277818468
GLOBAL,S1D1,PWRGEOKENXX01,GEOKENXX,2021,27.27785012165949
GLOBAL,S1D1,PWRGEOKENXX01,GEOKENXX,2022,35.695159112212274
GLOBAL,S1D1,PWRGEOKENXX01,GEOKENXX,2023,29.091852488500905
GLOBAL,S1D1,PWRGEOKENXX01,GEOKENXX,2024,32.08140264269139
GLOBAL,S1D1,PWRGEOKENXX01,GEOKENXX,2025,33.39606087238774
GLOBAL,S1D1,PWRGEOKENXX01,GEOKENXX,2026,36.32705391873482
GLOBAL,S1D1,PWRGEOKENXX01,GEOKENXX,2027,38.42504708566995
GLOBAL,S1D1,PWRGEOKENXX01,GEOKENXX,2028,33.80919187776561
GLOBAL,S1D1,PWRGEOKENXX01,GEOKENXX,2029,45.762341566122174
GLOBAL,S1D1,PWRGEOKENXX01,GEOKENXX,2030,39.93209682691945
GLOBAL,S1D1,PWRGEOKENXX01,GEOKENXX,2031,48.782009654110695
GLOBAL,S1D1,PWRGEOKENXX01,GEOKENXX,2032,44.19309782584418
GLOBAL,S1D1,PWRGEOKENXX01,GEOKENXX,2033,44.35902054067982
GLOBAL,S1D1,PWRGEOKENXX01,GEOKENXX,2034,52.43861286276396
GLOBAL,S1D1,PWRGEOKENXX01,GEOKENXX,2035,61.04424645032595
GLOBAL,S1D1,PWRGEOKENXX01,GEOKENXX,2036,61.04424645032595
GLOBAL,S1D1,PWRGEOKENXX01,GEOKENXX,2037,40.053651251209374
GLOBAL,S1D1,PWRGEOKENXX01,GEOKENXX,2038,61.57527611851569
GLOBAL,S1D1,PWRGEOKENXX01,GEOKENXX,2039,64.54466353803424
GLOBAL,S1D1,PWRGEOKENXX01,GEOKENXX,2040,67.52065106101969
GLOBAL,S1D1,PWRGEOKENXX01,GEOKENXX,2041,71.26056543922155
GLOBAL,S1D1,PWRGEOKENXX01,GEOKENXX,2042,75.9070382798847
GLOBAL,S1D1,PWRGEOKENXX01,GEOKENXX,2043,52.85790796780519
GLOBAL,S1D1,PWRGEOKENXX01,GEOKENXX,2044,85.21318416814483
GLOBAL,S1D1,PWRGEOKENXX01,GEOKENXX,2045,49.076703511353365
GLOBAL,S1D1,PWRGEOKENXX01,GEOKENXX,2046,95.70074857697124
GLOBAL,S1D1,PWRGEOKENXX01,GEOKENXX,2047,101.51934014513446
GLOBAL,S1D1,PWRGEOKENXX01,GEOKENXX,2048,109.10977369995322
GLOBAL,S1D1,PWRGEOKENXX01,GEOKENXX,2049,114.94426516464968
GLOBAL,S1D1,PWRGEOKENXX01,GEOKENXX,2050,120.77875662934603
GLOBAL,S1D1,PWRGEOTZAXX01,GEOTZAXX,2021,19.62733184600164
GLOBAL,S1D1,PWRGEOTZAXX01,GEOTZAXX,2022,22.364558123373904
GLOBAL,S1D1,PWRGEOTZAXX01,GEOTZAXX,2023,25.87079727127702
GLOBAL,S1D1,PWRGEOTZAXX01,GEOTZAXX,2024,46.37168168538262
GLOBAL,S1D1,PWRGEOTZAXX01,GEOTZAXX,2025,56.40716732066804
GLOBAL,S1D1,PWRGEOTZAXX01,GEOTZAXX,2026,58.27240514764719
GLOBAL,S1D1,PWRGEOTZAXX01,GEOTZAXX,2027,63.67750793319389
GLOBAL,S1D1,PWRGEOTZAXX01,GEOTZAXX,2028,68.7356418336283
GLOBAL,S1D1,PWRGEOTZAXX01,GEOTZAXX,2029,74.04667435893933
GLOBAL,S1D1,PWRGEOTZAXX01,GEOTZAXX,2030,70.10976177184868
GLOBAL,S1D1,PWRGEOTZAXX01,GEOTZAXX,2031,61.16300075441176
GLOBAL,S1D1,PWRGEOTZAXX01,GEOTZAXX,2032,84.56503611180561
GLOBAL,S1D1,PWRGEOTZAXX01,GEOTZAXX,2033,90.51912090074872
GLOBAL,S1D1,PWRGEOTZAXX01,GEOTZAXX,2034,69.0164890989892
GLOBAL,S1D1,PWRGEOTZAXX01,GEOTZAXX,2035,73.74177544823502
GLOBAL,S1D1,PWRGEOTZAXX01,GEOTZAXX,2036,79.53810194664977
GLOBAL,S1D1,PWRGEOTZAXX01,GEOTZAXX,2037,105.6826172645692
GLOBAL,S1D1,PWRGEOTZAXX01,GEOTZAXX,2038,112.9496366640308
GLOBAL,S1D1,PWRGEOTZAXX01,GEOTZAXX,2039,108.45058951634918
GLOBAL,S1D1,PWRGEOTZAXX01,GEOTZAXX,2040,125.95861190971148
GLOBAL,S1D1,PWRGEOTZAXX01,GEOTZAXX,2041,110.44721378922463
GLOBAL,S1D1,PWRGEOTZAXX01,GEOTZAXX,2042,114.51130701560916
GLOBAL,S1D1,PWRGEOTZAXX01,GEOTZAXX,2043,149.01405077775237
GLOBAL,S1D1,PWRGEOTZAXX01,GEOTZAXX,2044,156.70644037180188
GLOBAL,S1D1,PWRGEOTZAXX01,GEOTZAXX,2045,164.39158666114886
GLOBAL,S1D1,PWRGEOTZAXX01,GEOTZAXX,2046,173.93101895433432
GLOBAL,S1D1,PWRGEOTZAXX01,GEOTZAXX,2047,183.4704512475201
GLOBAL,S1D1,PWRGEOTZAXX01,GEOTZAXX,2048,193.00988354070563
GLOBAL,S1D1,PWRGEOTZAXX01,GEOTZAXX,2049,202.5420725291888
GLOBAL,S1D1,PWRGEOTZAXX01,GEOTZAXX,2050,212.0815048223745
GLOBAL,S1D1,PWRHYDKENXX01,HYDKENXX,2021,12.23632561824
GLOBAL,S1D1,PWRHYDKENXX01,HYDKENXX,2022,7.253355899535394
GLOBAL,S1D1,PWRHYDKENXX01,HYDKENXX,2023,12.23632561824
GLOBAL,S1D1,PWRHYDKENXX01,HYDKENXX,2024,12.23632561824
GLOBAL,S1D1,PWRHYDKENXX01,HYDKENXX,2025,12.23632561824
GLOBAL,S1D1,PWRHYDKENXX01,HYDKENXX,2026,10.570539500484369
GLOBAL,S1D1,PWRHYDKENXX01,HYDKENXX,2027,11.033055453422971
GLOBAL,S1D1,PWRHYDKENXX01,HYDKENXX,2028,12.23632561824
GLOBAL,S1D1,PWRHYDKENXX01,HYDKENXX,2029,11.080893167341234
GLOBAL,S1D1,PWRHYDKENXX01,HYDKENXX,2030,4.23205582251448
GLOBAL,S1D1,PWRHYDKENXX01,HYDKENXX,2031,12.189443809764663
GLOBAL,S1D1,PWRHYDKENXX01,HYDKENXX,2032,1.8027360366125729
GLOBAL,S1D1,PWRHYDKENXX01,HYDKENXX,2033,4.23205582251448
GLOBAL,S1D1,PWRHYDKENXX01,HYDKENXX,2034,1.8027360366125729
GLOBAL,S1D1,PWRHYDKENXX01,HYDKENXX,2035,12.23632561824
GLOBAL,S1D1,PWRHYDKENXX01,HYDKENXX,2036,12.23632561824
GLOBAL,S1D1,PWRHYDKENXX01,HYDKENXX,2037,12.23632561824
GLOBAL,S1D1,PWRHYDKENXX01,HYDKENXX,2038,12.23632561824
GLOBAL,S1D1,PWRHYDKENXX01,HYDKENXX,2039,12.23632561824
GLOBAL,S1D1,PWRHYDKENXX01,HYDKENXX,2041,11.328852373166162
GLOBAL,S1D1,PWRHYDKENXX01,HYDKENXX,2042,1.8027360366125729
GLOBAL,S1D1,PWRHYDKENXX01,HYDKENXX,2043,4.23205582251448
GLOBAL,S1D1,PWRHYDKENXX01,HYDKENXX,2044,0.4476313957693676
GLOBAL,S1D1,PWRHYDKENXX01,HYDKENXX,2045,12.23632561824
GLOBAL,S1D1,PWRHYDKENXX01,HYDKENXX,2046,12.23632561824
GLOBAL,S1D1,PWRHYDKENXX01,HYDKENXX,2047,12.23632561824
GLOBAL,S1D1,PWRHYDKENXX01,HYDKENXX,2048,12.23632561824
GLOBAL,S1D1,PWRHYDKENXX01,HYDKENXX,2049,4.23205582251448
GLOBAL,S1D1,PWRHYDKENXX01,HYDKENXX,2050,4.23205582251448
GLOBAL,S1D1,PWRHYDTZAXX01,HYDTZAXX,2021,10.107431219477949
GLOBAL,S1D1,PWRHYDTZAXX01,HYDTZAXX,2022,10.107431219477949
GLOBAL,S1D1,PWRHYDTZAXX01,HYDTZAXX,2023,10.107431219477949
GLOBAL,S1D1,PWRHYDTZAXX01,HYDTZAXX,2024,10.107431219477949
GLOBAL,S1D1,PWRHYDTZAXX01,HYDTZAXX,2025,10.107431219477949
GLOBAL,S1D1,PWRHYDTZAXX01,HYDTZAXX,2026,5.979285956293619
GLOBAL,S1D1,PWRHYDTZAXX01,HYDTZAXX,2027,11.931133542195283
GLOBAL,S1D1,PWRHYDTZAXX01,HYDTZAXX,2028,12.407066970735949
GLOBAL,S1D1,PWRHYDTZAXX01,HYDTZAXX,2029,12.6301017744
GLOBAL,S1D1,PWRHYDTZAXX01,HYDTZAXX,2030,10.107431219477949
GLOBAL,S1D1,PWRHYDTZAXX01,HYDTZAXX,2031,12.6301017744
GLOBAL,S1D1,PWRHYDTZAXX01,HYDTZAXX,2032,12.6301017744
GLOBAL,S1D1,PWRHYDTZAXX01,HYDTZAXX,2033,12.6301017744
GLOBAL,S1D1,PWRHYDTZAXX01,HYDTZAXX,2034,12.6301017744
GLOBAL,S1D1,PWRHYDTZAXX01,HYDTZAXX,2035,12.6301017744
GLOBAL,S1D1,PWRHYDTZAXX01,HYDTZAXX,2036,12.6301017744
GLOBAL,S1D1,PWRHYDTZAXX01,HYDTZAXX,2037,12.6301017744
GLOBAL,S1D1,PWRHYDTZAXX01,HYDTZAXX,2038,8.416569973159676
GLOBAL,S1D1,PWRHYDTZAXX01,HYDTZAXX,2039,12.6301017744
GLOBAL,S1D1,PWRHYDTZAXX01,HYDTZAXX,2040,10.09068221968814
GLOBAL,S1D1,PWRHYDTZAXX01,HYDTZAXX,2041,10.09068221968814
GLOBAL,S1D1,PWRHYDTZAXX01,HYDTZAXX,2042,12.6301017744
GLOBAL,S1D1,PWRHYDTZAXX01,HYDTZAXX,2043,12.6301017744
GLOBAL,S1D1,PWRHYDTZAXX01,HYDTZAXX,2044,10.09068221968814
GLOBAL,S1D1,PWRHYDTZAXX01,HYDTZAXX,2045,12.6301017744
GLOBAL,S1D1,PWRHYDTZAXX01,HYDTZAXX,2046,10.09068221968814
GLOBAL,S1D1,PWRHYDTZAXX01,HYDTZAXX,2047,12.6301017744
GLOBAL,S1D1,PWRHYDTZAXX01,HYDTZAXX,2048,10.09068221968814
GLOBAL,S1D1,PWRHYDTZAXX01,HYDTZAXX,2049,12.6301017744
GLOBAL,S1D1,PWRHYDTZAXX01,HYDTZAXX,2050,12.6301017744
GLOBAL,S1D1,PWRSDSKENXX01,ELCKENXX01,2042,0.02
GLOBAL,S1D1,PWRSPVKENXX01,SPVKENXX,2021,0.226176192
GLOBAL,S1D1,PWRSPVKENXX01,SPVKENXX,2022,0.328983552
GLOBAL,S1D1,PWRSPVKENXX01,SPVKENXX,2023,0.380387232
GLOBAL,S1D1,PWRSPVKENXX01,SPVKENXX,2024,0.380387232
GLOBAL,S1D1,PWRSPVKENXX01,SPVKENXX,2025,0.380387232
GLOBAL,S1D1,PWRSPVKENXX01,SPVKENXX,2026,2.5499422217103924
GLOBAL,S1D1,PWRSPVKENXX01,SPVKENXX,2027,2.7485663552720343
GLOBAL,S1D1,PWRSPVKENXX01,SPVKENXX,2028,2.947190488833677
GLOBAL,S1D1,PWRSPVKENXX01,SPVKENXX,2029,3.1462808762299725
GLOBAL,S1D1,PWRSPVKENXX01,SPVKENXX,2030,3.344905009791616
GLOBAL,S1D1,PWRSPVKENXX01,SPVKENXX,2031,5.360054083156458
GLOBAL,S1D1,PWRSPVKENXX01,SPVKENXX,2032,5.703450032377465
GLOBAL,S1D1,PWRSPVKENXX01,SPVKENXX,2033,6.046845981598476
GLOBAL,S1D1,PWRSPVKENXX01,SPVKENXX,2034,6.390241930819486
GLOBAL,S1D1,PWRSPVKENXX01,SPVKENXX,2035,6.732938499288519
GLOBAL,S1D1,PWRSPVKENXX01,SPVKENXX,2036,9.506915688549071
GLOBAL,S1D1,PWRSPVKENXX01,SPVKENXX,2037,10.035647537044152
GLOBAL,S1D1,PWRSPVKENXX01,SPVKENXX,2038,10.565311893208534
GLOBAL,S1D1,PWRSPVKENXX01,SPVKENXX,2039,11.094043741703612
GLOBAL,S1D1,PWRSPVKENXX01,SPVKENXX,2040,11.623708097867995
GLOBAL,S1D1,PWRSPVKENXX01,SPVKENXX,2041,12.281126004726955
GLOBAL,S1D1,PWRSPVKENXX01,SPVKENXX,2042,12.937611403916613
GLOBAL,S1D1,PWRSPVKENXX01,SPVKENXX,2043,13.595029310775573
GLOBAL,S1D1,PWRSPVKENXX01,SPVKENXX,2044,14.252447217634533
GLOBAL,S1D1,PWRSPVKENXX01,SPVKENXX,2045,14.909865124493493
GLOBAL,S1D1,PWRSPVKENXX01,SPVKENXX,2046,15.734201904157777
GLOBAL,S1D1,PWRSPVKENXX01,SPVKENXX,2047,16.559471191491365
GLOBAL,S1D1,PWRSPVKENXX01,SPVKENXX,2048,17.383807971155655
GLOBAL,S1D1,PWRSPVKENXX01,SPVKENXX,2049,18.20814475081994
GLOBAL,S1D1,PWRSPVKENXX01,SPVKENXX,2050,19.032481530484233
GLOBAL,S1D1,PWRSPVTZAXX01,SPVTZAXX,2026,2.1337246305310806
GLOBAL,S1D1,PWRSPVTZAXX01,SPVTZAXX,2027,2.301942466216664
GLOBAL,S1D1,PWRSPVTZAXX01,SPVTZAXX,2028,2.4704298817671293
GLOBAL,S1D1,PWRSPVTZAXX01,SPVTZAXX,2029,2.6389172973175934
GLOBAL,S1D1,PWRSPVTZAXX01,SPVTZAXX,2030,2.8074047128680566
GLOBAL,S1D1,PWRSPVTZAXX01,SPVTZAXX,2031,4.516406266279528
GLOBAL,S1D1,PWRSPVTZAXX01,SPVTZAXX,2032,4.822109833054291
GLOBAL,S1D1,PWRSPVTZAXX01,SPVTZAXX,2033,5.127813399829052
GLOBAL,S1D1,PWRSPVTZAXX01,SPVTZAXX,2034,5.433112596806494
GLOBAL,S1D1,PWRSPVTZAXX01,SPVTZAXX,2035,5.738816163581256
GLOBAL,S1D1,PWRSPVTZAXX01,SPVTZAXX,2036,8.135920322100825
GLOBAL,S1D1,PWRSPVTZAXX01,SPVTZAXX,2037,8.619546599696877
GLOBAL,S1D1,PWRSPVTZAXX01,SPVTZAXX,2038,9.10371203702269
GLOBAL,S1D1,PWRSPVTZAXX01,SPVTZAXX,2039,9.58787747434851
GLOBAL,S1D1,PWRSPVTZAXX01,SPVTZAXX,2040,10.072042911674322
GLOBAL,S1D1,PWRSPVTZAXX01,SPVTZAXX,2041,10.644091384951258
GLOBAL,S1D1,PWRSPVTZAXX01,SPVTZAXX,2042,11.216139858228196
GLOBAL,S1D1,PWRSPVTZAXX01,SPVTZAXX,2043,11.788188331505133
GLOBAL,S1D1,PWRSPVTZAXX01,SPVTZAXX,2044,12.360775964511827
GLOBAL,S1D1,PWRSPVTZAXX01,SPVTZAXX,2045,12.932824437788762
GLOBAL,S1D1,PWRSPVTZAXX01,SPVTZAXX,2046,13.64289780188464
GLOBAL,S1D1,PWRSPVTZAXX01,SPVTZAXX,2047,14.352971165980517
GLOBAL,S1D1,PWRSPVTZAXX01,SPVTZAXX,2048,15.063044530076391
GLOBAL,S1D1,PWRSPVTZAXX01,SPVTZAXX,2049,15.77257873444251
GLOBAL,S1D1,PWRSPVTZAXX01,SPVTZAXX,2050,16.48265209853839
GLOBAL,S1D1,PWRTRNKENXX,ELCKENXX01,2021,41.97080291970802
GLOBAL,S1D1,PWRTRNKENXX,ELCKENXX01,2022,43.7956204379562
GLOBAL,S1D1,PWRTRNKENXX,ELCKENXX01,2023,43.4208944523409
GLOBAL,S1D1,PWRTRNKENXX,ELCKENXX01,2024,44.708029197080286
GLOBAL,S1D1,PWRTRNKENXX,ELCKENXX01,2025,46.012773722627735
GLOBAL,S1D1,PWRTRNKENXX,ELCKENXX01,2026,49.89963503649634
GLOBAL,S1D1,PWRTRNKENXX,ELCKENXX01,2027,53.78649635036496
GLOBAL,S1D1,PWRTRNKENXX,ELCKENXX01,2028,57.67335766423357
GLOBAL,S1D1,PWRTRNKENXX,ELCKENXX01,2029,61.56934306569343
GLOBAL,S1D1,PWRTRNKENXX,ELCKENXX01,2030,65.45620437956205
GLOBAL,S1D1,PWRTRNKENXX,ELCKENXX01,2031,69.92700729927007
GLOBAL,S1D1,PWRTRNKENXX,ELCKENXX01,2032,74.40693430656934
GLOBAL,S1D1,PWRTRNKENXX,ELCKENXX01,2033,78.88686131386862
GLOBAL,S1D1,PWRTRNKENXX,ELCKENXX01,2034,83.36678832116787
GLOBAL,S1D1,PWRTRNKENXX,ELCKENXX01,2035,87.83759124087592
GLOBAL,S1D1,PWRTRNKENXX,ELCKENXX01,2036,93.02007299270072
GLOBAL,S1D1,PWRTRNKENXX,ELCKENXX01,2037,98.19343065693432
GLOBAL,S1D1,PWRTRNKENXX,ELCKENXX01,2038,103.37591240875912
GLOBAL,S1D1,PWRTRNKENXX,ELCKENXX01,2039,108.5492700729927
GLOBAL,S1D1,PWRTRNKENXX,ELCKENXX01,2040,113.73175182481752
GLOBAL,S1D1,PWRTRNKENXX,ELCKENXX01,2041,120.16423357664232
GLOBAL,S1D1,PWRTRNKENXX,ELCKENXX01,2042,126.58759124087592
GLOBAL,S1D1,PWRTRNKENXX,ELCKENXX01,2043,133.02007299270073
GLOBAL,S1D1,PWRTRNKENXX,ELCKENXX01,2044,139.45255474452554
GLOBAL,S1D1,PWRTRNKENXX,ELCKENXX01,2045,145.88503649635038
GLOBAL,S1D1,PWRTRNKENXX,ELCKENXX01,2046,153.9507299270073
GLOBAL,S1D1,PWRTRNKENXX,ELCKENXX01,2047,162.02554744525546
GLOBAL,S1D1,PWRTRNKENXX,ELCKENXX01,2048,170.0912408759124
GLOBAL,S1D1,PWRTRNKENXX,ELCKENXX01,2049,178.15693430656933
GLOBAL,S1D1,PWRTRNKENXX,ELCKENXX01,2050,186.22262773722628
GLOBAL,S1D1,PWRTRNTZAXX,ELCTZAXX01,2021,29.73476306547959
GLOBAL,S1D1,PWRTRNTZAXX,ELCTZAXX01,2022,32.47198934285185
GLOBAL,S1D1,PWRTRNTZAXX,ELCTZAXX01,2023,36.496350364963504
GLOBAL,S1D1,PWRTRNTZAXX,ELCTZAXX01,2024,62.02554744525548
GLOBAL,S1D1,PWRTRNTZAXX,ELCTZAXX01,2025,66.51459854014598
GLOBAL,S1D1,PWRTRNTZAXX,ELCTZAXX01,2026,72.21715328467153
GLOBAL,S1D1,PWRTRNTZAXX,ELCTZAXX01,2027,77.91058394160582
GLOBAL,S1D1,PWRTRNTZAXX,ELCTZAXX01,2028,83.61313868613139
GLOBAL,S1D1,PWRTRNTZAXX,ELCTZAXX01,2029,89.31569343065692
GLOBAL,S1D1,PWRTRNTZAXX,ELCTZAXX01,2030,95.01824817518249
GLOBAL,S1D1,PWRTRNTZAXX,ELCTZAXX01,2031,101.90693430656934
GLOBAL,S1D1,PWRTRNTZAXX,ELCTZAXX01,2032,108.80474452554743
GLOBAL,S1D1,PWRTRNTZAXX,ELCTZAXX01,2033,115.70255474452554
GLOBAL,S1D1,PWRTRNTZAXX,ELCTZAXX01,2034,122.5912408759124
GLOBAL,S1D1,PWRTRNTZAXX,ELCTZAXX01,2035,129.4890510948905
GLOBAL,S1D1,PWRTRNTZAXX,ELCTZAXX01,2036,137.6824817518248
GLOBAL,S1D1,PWRTRNTZAXX,ELCTZAXX01,2037,145.8667883211679
GLOBAL,S1D1,PWRTRNTZAXX,ELCTZAXX01,2038,154.0602189781022
GLOBAL,S1D1,PWRTRNTZAXX,ELCTZAXX01,2039,162.2536496350365
GLOBAL,S1D1,PWRTRNTZAXX,ELCTZAXX01,2040,170.44708029197082
GLOBAL,S1D1,PWRTRNTZAXX,ELCTZAXX01,2041,180.1277372262774
GLOBAL,S1D1,PWRTRNTZAXX,ELCTZAXX01,2042,189.80839416058396
GLOBAL,S1D1,PWRTRNTZAXX,ELCTZAXX01,2043,199.48905109489047
GLOBAL,S1D1,PWRTRNTZAXX,ELCTZAXX01,2044,209.17883211678833
GLOBAL,S1D1,PWRTRNTZAXX,ELCTZAXX01,2045,218.85948905109487
GLOBAL,S1D1,PWRTRNTZAXX,ELCTZAXX01,2046,230.8759124087591
GLOBAL,S1D1,PWRTRNTZAXX,ELCTZAXX01,2047,242.89233576642332
GLOBAL,S1D1,PWRTRNTZAXX,ELCTZAXX01,2048,254.9087591240876
GLOBAL,S1D1,PWRTRNTZAXX,ELCTZAXX01,2049,266.9160583941606
GLOBAL,S1D1,PWRTRNTZAXX,ELCTZAXX01,2050,278.9324817518248
GLOBAL,S1D1,PWRWONKENXX01,WONKENXX,2021,1.7123291136
GLOBAL,S1D1,PWRWONKENXX01,WONKENXX,2023,1.7123291136
GLOBAL,S1D1,PWRWONKENXX01,WONKENXX,2024,0.0099137041489106
GLOBAL,S1D1,PWRWONKENXX01,WONKENXX,2026,0.4520993955667788
GLOBAL,S1D1,PWRWONKENXX01,WONKENXX,2027,1.579827456
GLOBAL,S1D1,PWRWONKENXX01,WONKENXX,2028,1.579827456
GLOBAL,S1D1,PWRWONKENXX01,WONKENXX,2029,1.579827456
GLOBAL,S1D1,PWRWONKENXX01,WONKENXX,2030,1.579827456
GLOBAL,S1D1,PWRWONKENXX01,WONKENXX,2031,1.579827456
GLOBAL,S1D1,PWRWONKENXX01,WONKENXX,2032,1.579827456
GLOBAL,S1D1,PWRWONKENXX01,WONKENXX,2033,1.579827456
GLOBAL,S1D1,PWRWONKENXX01,WONKENXX,2034,1.579827456
GLOBAL,S1D1,PWRWONKENXX01,WONKENXX,2037,1.579827456
GLOBAL,S1D1,PWRWONKENXX01,WONKENXX,2038,1.579827456
GLOBAL,S1D1,PWRWONKENXX01,WONKENXX,2039,1.579827456
GLOBAL,S1D1,PWRWONKENXX01,WONKENXX,2040,1.579827456
GLOBAL,S1D1,PWRWONKENXX01,WONKENXX,2041,1.579827456
GLOBAL,S1D1,PWRWONKENXX01,WONKENXX,2044,1.579827456
GLOBAL,S1D1,PWRWONKENXX01,WONKENXX,2045,1.579827456
GLOBAL,S1D1,PWRWONKENXX01,WONKENXX,2047,1.579827456
GLOBAL,S1D1,TRNKENXXTZAXX,ELCKENXX02,2023,0.5376827735087841
GLOBAL,S1D1,TRNKENXXTZAXX,ELCTZAXX02,2021,0.5376827735087841
GLOBAL,S1D1,TRNKENXXTZAXX,ELCTZAXX02,2022,0.5376827735087841
GLOBAL,S1D2,PWRBIOKENXX01,BIOKENXX,2021,0.609244637473175
GLOBAL,S1D2,PWRBIOKENXX01,BIOKENXX,2022,0.030282578733965577
GLOBAL,S1D2,PWRBIOKENXX01,BIOKENXX,2023,4.7465359617991005
GLOBAL,S1D2,PWRBIOKENXX01,BIOKENXX,2024,4.627472565824897
GLOBAL,S1D2,PWRBIOKENXX01,BIOKENXX,2025,7.578276218089561
GLOBAL,S1D2,PWRBIOKENXX01,BIOKENXX,2028,42.09515279679568
GLOBAL,S1D2,PWRBIOKENXX01,BIOKENXX,2029,45.84142461376945
GLOBAL,S1D2,PWRBIOKENXX01,BIOKENXX,2030,48.32070951845971
GLOBAL,S1D2,PWRBIOKENXX01,BIOKENXX,2031,33.74343042934257
GLOBAL,S1D2,PWRBIOKENXX01,BIOKENXX,2032,66.763920540123
GLOBAL,S1D2,PWRBIOKENXX01,BIOKENXX,2034,76.50486422251625
GLOBAL,S1D2,PWRBIOKENXX01,BIOKENXX,2035,87.2754479034501
GLOBAL,S1D2,PWRBIOKENXX01,BIOKENXX,2037,21.005019548977913
GLOBAL,S1D2,PWRBIOKENXX01,BIOKENXX,2038,138.03638711870133
GLOBAL,S1D2,PWRBIOKENXX01,BIOKENXX,2039,2.360771203909297
GLOBAL,S1D2,PWRBIOKENXX01,BIOKENXX,2041,178.83047051820273
GLOBAL,S1D2,PWRBIOKENXX01,BIOKENXX,2042,19.499217481386335
GLOBAL,S1D2,PWRBIOKENXX01,BIOKENXX,2043,1.211876569380468
GLOBAL,S1D2,PWRBIOKENXX01,BIOKENXX,2044,39.468970597030584
GLOBAL,S1D2,PWRBIOKENXX01,BIOKENXX,2045,1.0348096264177302
GLOBAL,S1D2,PWRBIOKENXX01,BIOKENXX,2046,192.57349465943548
GLOBAL,S1D2,PWRBIOKENXX01,BIOKENXX,2047,26.177252236158115
GLOBAL,S1D2,PWRBIOKENXX01,BIOKENXX,2048,109.64366732257402
GLOBAL,S1D2,PWRBIOKENXX01,BIOKENXX,2049,2.897910042718175
GLOBAL,S1D2,PWRBIOKENXX01,BIOKENXX,2050,2.7868978600380876
GLOBAL,S1D2,PWRBIOTZAXX01,BIOTZAXX,2021,12.369111168181904
GLOBAL,S1D2,PWRBIOTZAXX01,BIOTZAXX,2022,17.052931067156088
GLOBAL,S1D2,PWRBIOTZAXX01,BIOTZAXX,2023,6.177809074777488
GLOBAL,S1D2,PWRBIOTZAXX01,BIOTZAXX,2024,8.829408873918956
GLOBAL,S1D2,PWRBIOTZAXX01,BIOTZAXX,2025,24.740825561250524
GLOBAL,S1D2,PWRBIOTZAXX01,BIOTZAXX,2027,32.67066878953243
GLOBAL,S1D2,PWRBIOTZAXX01,BIOTZAXX,2029,54.296800799423906
GLOBAL,S1D2,PWRBIOTZAXX01,BIOTZAXX,2030,2.8063778934475017
GLOBAL,S1D2,PWRGEOKENXX01,GEOKENXX,2021,33.80599142017584
GLOBAL,S1D2,PWRGEOKENXX01,GEOKENXX,2022,35.695159112212274
GLOBAL,S1D2,PWRGEOKENXX01,GEOKENXX,2023,35.695159112212274
GLOBAL,S1D2,PWRGEOKENXX01,GEOKENXX,2024,35.695159112212274
GLOBAL,S1D2,PWRGEOKENXX01,GEOKENXX,2025,36.32705391873482
GLOBAL,S1D2,PWRGEOKENXX01,GEOKENXX,2026,36.32705391873482
GLOBAL,S1D2,PWRGEOKENXX01,GEOKENXX,2027,36.90865026507096
GLOBAL,S1D2,PWRGEOKENXX01,GEOKENXX,2028,27.316873519892084
GLOBAL,S1D2,PWRGEOKENXX01,GEOKENXX,2029,29.86957323790192
GLOBAL,S1D2,PWRGEOKENXX01,GEOKENXX,2030,32.814463547186776
GLOBAL,S1D2,PWRGEOKENXX01,GEOKENXX,2031,33.308850885473426
GLOBAL,S1D2,PWRGEOKENXX01,GEOKENXX,2032,28.56218107320964
GLOBAL,S1D2,PWRGEOKENXX01,GEOKENXX,2033,53.449835862179896
GLOBAL,S1D2,PWRGEOKENXX01,GEOKENXX,2034,45.23431225553045
GLOBAL,S1D2,PWRGEOKENXX01,GEOKENXX,2035,43.63633447911708
GLOBAL,S1D2,PWRGEOKENXX01,GEOKENXX,2036,52.20298440529616
GLOBAL,S1D2,PWRGEOKENXX01,GEOKENXX,2037,61.04424645032595
GLOBAL,S1D2,PWRGEOKENXX01,GEOKENXX,2038,17.42742141477064
GLOBAL,S1D2,PWRGEOKENXX01,GEOKENXX,2039,64.54466353803424
GLOBAL,S1D2,PWRGEOKENXX01,GEOKENXX,2040,67.07500876231695
GLOBAL,S1D2,PWRGEOKENXX01,GEOKENXX,2041,17.051164276484908
GLOBAL,S1D2,PWRGEOKENXX01,GEOKENXX,2042,70.14792200123775
GLOBAL,S1D2,PWRGEOKENXX01,GEOKENXX,2043,80.56011122401479
GLOBAL,S1D2,PWRGEOKENXX01,GEOKENXX,2044,73.11809411104115
GLOBAL,S1D2,PWRGEOKENXX01,GEOKENXX,2045,89.86625711227488
GLOBAL,S1D2,PWRGEOKENXX01,GEOKENXX,2046,35.41530330303012
GLOBAL,S1D2,PWRGEOKENXX01,GEOKENXX,2047,101.51934014513446
GLOBAL,S1D2,PWRGEOKENXX01,GEOKENXX,2048,75.36460120084703
GLOBAL,S1D2,PWRGEOKENXX01,GEOKENXX,2049,114.94426516464968
GLOBAL,S1D2,PWRGEOKENXX01,GEOKENXX,2050,120.77875662934603
GLOBAL,S1D2,PWRGEOTZAXX01,GEOTZAXX,2021,21.752300106142975
GLOBAL,S1D2,PWRGEOTZAXX01,GEOTZAXX,2022,23.630419116775226
GLOBAL,S1D2,PWRGEOTZAXX01,GEOTZAXX,2023,31.31486942391612
GLOBAL,S1D2,PWRGEOTZAXX01,GEOTZAXX,2024,61.671751578516634
GLOBAL,S1D2,PWRGEOTZAXX01,GEOTZAXX,2025,62.28040968297634
GLOBAL,S1D2,PWRGEOTZAXX01,GEOTZAXX,2026,58.45458528537787
GLOBAL,S1D2,PWRGEOTZAXX01,GEOTZAXX,2027,53.66250303776168
GLOBAL,S1D2,PWRGEOTZAXX01,GEOTZAXX,2028,68.51671759017928
GLOBAL,S1D2,PWRGEOTZAXX01,GEOTZAXX,2029,57.50747353355265
GLOBAL,S1D2,PWRGEOTZAXX01,GEOTZAXX,2030,81.01186988217891
GLOBAL,S1D2,PWRGEOTZAXX01,GEOTZAXX,2031,74.16949851478071
GLOBAL,S1D2,PWRGEOTZAXX01,GEOTZAXX,2032,80.04473334499122
GLOBAL,S1D2,PWRGEOTZAXX01,GEOTZAXX,2033,85.91996817520166
GLOBAL,S1D2,PWRGEOTZAXX01,GEOTZAXX,2034,91.78743153076897
GLOBAL,S1D2,PWRGEOTZAXX01,GEOTZAXX,2035,97.66266636097944
GLOBAL,S1D2,PWRGEOTZAXX01,GEOTZAXX,2036,88.65897534475693
GLOBAL,S1D2,PWRGEOTZAXX01,GEOTZAXX,2037,98.89346819145015
GLOBAL,S1D2,PWRGEOTZAXX01,GEOTZAXX,2038,100.70760976681704
GLOBAL,S1D2,PWRGEOTZAXX01,GEOTZAXX,2039,106.73528314342428
GLOBAL,S1D2,PWRGEOTZAXX01,GEOTZAXX,2040,112.76295652003144
GLOBAL,S1D2,PWRGEOTZAXX01,GEOTZAXX,2041,119.88473987479792
GLOBAL,S1D2,PWRGEOTZAXX01,GEOTZAXX,2042,129.54594278427618
GLOBAL,S1D2,PWRGEOTZAXX01,GEOTZAXX,2043,138.34183838557107
GLOBAL,S1D2,PWRGEOTZAXX01,GEOTZAXX,2044,141.25680227025157
GLOBAL,S1D2,PWRGEOTZAXX01,GEOTZAXX,2045,150.88450718015034
GLOBAL,S1D2,PWRGEOTZAXX01,GEOTZAXX,2046,157.21872575529832
GLOBAL,S1D2,PWRGEOTZAXX01,GEOTZAXX,2047,170.27239768681895
GLOBAL,S1D2,PWRGEOTZAXX01,GEOTZAXX,2048,174.89900601585882
GLOBAL,S1D2,PWRGEOTZAXX01,GEOTZAXX,2049,187.94596561622512
GLOBAL,S1D2,PWRGEOTZAXX01,GEOTZAXX,2050,196.78610574650548
GLOBAL,S1D2,PWRHYDKENXX01,HYDKENXX,2021,12.23632561824
GLOBAL,S1D2,PWRHYDKENXX01,HYDKENXX,2022,12.23632561824
GLOBAL,S1D2,PWRHYDKENXX01,HYDKENXX,2023,10.925650497288602
GLOBAL,S1D2,PWRHYDKENXX01,HYDKENXX,2024,12.23632561824
GLOBAL,S1D2,PWRHYDKENXX01,HYDKENXX,2025,12.23632561824
GLOBAL,S1D2,PWRHYDKENXX01,HYDKENXX,2026,9.08844782469311
GLOBAL,S1D2,PWRHYDKENXX01,HYDKENXX,2027,12.23632561824
GLOBAL,S1D2,PWRHYDKENXX01,HYDKENXX,2028,12.23632561824
GLOBAL,S1D2,PWRHYDKENXX01,HYDKENXX,2029,12.23632561824
GLOBAL,S1D2,PWRHYDKENXX01,HYDKENXX,2030,12.23632561824
GLOBAL,S1D2,PWRHYDKENXX01,HYDKENXX,2031,12.23632561824
GLOBAL,S1D2,PWRHYDKENXX01,HYDKENXX,2032,12.23632561824
GLOBAL,S1D2,PWRHYDKENXX01,HYDKENXX,2033,12.23632561824
GLOBAL,S1D2,PWRHYDKENXX01,HYDKENXX,2036,12.23632561824
GLOBAL,S1D2,PWRHYDKENXX01,HYDKENXX,2037,0.4476313957693676
GLOBAL,S1D2,PWRHYDKENXX01,HYDKENXX,2038,12.23632561824
GLOBAL,S1D2,PWRHYDKENXX01,HYDKENXX,2039,12.23632561824
GLOBAL,S1D2,PWRHYDKENXX01,HYDKENXX,2040,12.23632561824
GLOBAL,S1D2,PWRHYDKENXX01,HYDKENXX,2041,12.23632561824
GLOBAL,S1D2,PWRHYDKENXX01,HYDKENXX,2042,12.23632561824
GLOBAL,S1D2,PWRHYDKENXX01,HYDKENXX,2043,12.23632561824
GLOBAL,S1D2,PWRHYDKENXX01,HYDKENXX,2044,12.23632561824
GLOBAL,S1D2,PWRHYDKENXX01,HYDKENXX,2045,12.23632561824
GLOBAL,S1D2,PWRHYDKENXX01,HYDKENXX,2046,12.23632561824
GLOBAL,S1D2,PWRHYDKENXX01,HYDKENXX,2047,4.23205582251448
GLOBAL,S1D2,PWRHYDKENXX01,HYDKENXX,2048,12.23632561824
GLOBAL,S1D2,PWRHYDKENXX01,HYDKENXX,2049,12.23632561824
GLOBAL,S1D2,PWRHYDKENXX01,HYDKENXX,2050,12.23632561824
GLOBAL,S1D2,PWRHYDTZAXX01,HYDTZAXX,2021,10.107431219477949
GLOBAL,S1D2,PWRHYDTZAXX01,HYDTZAXX,2022,10.107431219477949
GLOBAL,S1D2,PWRHYDTZAXX01,HYDTZAXX,2023,10.107431219477949
GLOBAL,S1D2,PWRHYDTZAXX01,HYDTZAXX,2024,10.107431219477949
GLOBAL,S1D2,PWRHYDTZAXX01,HYDTZAXX,2025,10.107431219477949
GLOBAL,S1D2,PWRHYDTZAXX01,HYDTZAXX,2026,11.439757228769224
GLOBAL,S1D2,PWRHYDTZAXX01,HYDTZAXX,2027,11.931133542195283
GLOBAL,S1D2,PWRHYDTZAXX01,HYDTZAXX,2028,12.407066970735949
GLOBAL,S1D2,PWRHYDTZAXX01,HYDTZAXX,2029,12.6301017744
GLOBAL,S1D2,PWRHYDTZAXX01,HYDTZAXX,2030,10.107431219477949
GLOBAL,S1D2,PWRHYDTZAXX01,HYDTZAXX,2031,12.6301017744
GLOBAL,S1D2,PWRHYDTZAXX01,HYDTZAXX,2032,12.6301017744
GLOBAL,S1D2,PWRHYDTZAXX01,HYDTZAXX,2033,12.6301017744
GLOBAL,S1D2,PWRHYDTZAXX01,HYDTZAXX,2034,12.6301017744
GLOBAL,S1D2,PWRHYDTZAXX01,HYDTZAXX,2035,12.6301017744
GLOBAL,S1D2,PWRHYDTZAXX01,HYDTZAXX,2036,12.6301017744
GLOBAL,S1D2,PWRHYDTZAXX01,HYDTZAXX,2037,8.416569973159676
GLOBAL,S1D2,PWRHYDTZAXX01,HYDTZAXX,2038,12.6301017744
GLOBAL,S1D2,PWRHYDTZAXX01,HYDTZAXX,2039,12.6301017744
GLOBAL,S1D2,PWRHYDTZAXX01,HYDTZAXX,2040,12.6301017744
GLOBAL,S1D2,PWRHYDTZAXX01,HYDTZAXX,2041,12.6301017744
GLOBAL,S1D2,PWRHYDTZAXX01,HYDTZAXX,2042,10.09068221968814
GLOBAL,S1D2,PWRHYDTZAXX01,HYDTZAXX,2043,8.416569973159676
GLOBAL,S1D2,PWRHYDTZAXX01,HYDTZAXX,2044,12.6301017744
GLOBAL,S1D2,PWRHYDTZAXX01,HYDTZAXX,2045,10.1241802192677
GLOBAL,S1D2,PWRHYDTZAXX01,HYDTZAXX,2046,12.6301017744
GLOBAL,S1D2,PWRHYDTZAXX01,HYDTZAXX,2047,8.416569973159676
GLOBAL,S1D2,PWRHYDTZAXX01,HYDTZAXX,2048,12.6301017744
GLOBAL,S1D2,PWRHYDTZAXX01,HYDTZAXX,2049,8.416569973159676
GLOBAL,S1D2,PWRHYDTZAXX01,HYDTZAXX,2050,8.416569973159676
GLOBAL,S1D2,PWRSDSKENXX01,ELCKENXX01,2034,0.02
GLOBAL,S1D2,PWRSDSKENXX01,ELCKENXX01,2036,0.02
GLOBAL,S1D2,PWRSPVKENXX01,SPVKENXX,2021,1.0644241767160167
GLOBAL,S1D2,PWRSPVKENXX01,SPVKENXX,2022,1.5482533479505702
GLOBAL,S1D2,PWRSPVKENXX01,SPVKENXX,2023,1.3273573578649571
GLOBAL,S1D2,PWRSPVKENXX01,SPVKENXX,2024,1.7901679335678462
GLOBAL,S1D2,PWRSPVKENXX01,SPVKENXX,2025,1.7901679335678462
GLOBAL,S1D2,PWRSPVKENXX01,SPVKENXX,2026,12.000467980367688
GLOBAL,S1D2,PWRSPVKENXX01,SPVKENXX,2027,12.935227417126992
GLOBAL,S1D2,PWRSPVKENXX01,SPVKENXX,2028,13.869986853886296
GLOBAL,S1D2,PWRSPVKENXX01,SPVKENXX,2029,14.806940561623907
GLOBAL,S1D2,PWRSPVKENXX01,SPVKENXX,2030,15.741699998383217
GLOBAL,S1D2,PWRSPVKENXX01,SPVKENXX,2031,25.225339166631365
GLOBAL,S1D2,PWRSPVKENXX01,SPVKENXX,2032,26.841419742155377
GLOBAL,S1D2,PWRSPVKENXX01,SPVKENXX,2033,28.457500317679376
GLOBAL,S1D2,PWRSPVKENXX01,SPVKENXX,2034,30.073580893203392
GLOBAL,S1D2,PWRSPVKENXX01,SPVKENXX,2035,31.68637006225994
GLOBAL,S1D2,PWRSPVKENXX01,SPVKENXX,2036,44.74118524770471
GLOBAL,S1D2,PWRSPVKENXX01,SPVKENXX,2037,47.229488537106256
GLOBAL,S1D2,PWRSPVKENXX01,SPVKENXX,2038,49.72218036846439
GLOBAL,S1D2,PWRSPVKENXX01,SPVKENXX,2039,52.210483657865936
GLOBAL,S1D2,PWRSPVKENXX01,SPVKENXX,2040,54.70317548922406
GLOBAL,S1D2,PWRSPVKENXX01,SPVKENXX,2041,57.79709756863868
GLOBAL,S1D2,PWRSPVKENXX01,SPVKENXX,2042,60.886631106096665
GLOBAL,S1D2,PWRSPVKENXX01,SPVKENXX,2043,63.98055318551126
GLOBAL,S1D2,PWRSPVKENXX01,SPVKENXX,2044,67.07447526492585
GLOBAL,S1D2,PWRSPVKENXX01,SPVKENXX,2045,70.16839734434045
GLOBAL,S1D2,PWRSPVKENXX01,SPVKENXX,2046,74.0478684339894
GLOBAL,S1D2,PWRSPVKENXX01,SPVKENXX,2047,77.93172806559494
GLOBAL,S1D2,PWRSPVKENXX01,SPVKENXX,2048,81.8111991552439
GLOBAL,S1D2,PWRSPVKENXX01,SPVKENXX,2049,85.69067024489283
GLOBAL,S1D2,PWRSPVKENXX01,SPVKENXX,2050,89.57014133454179
GLOBAL,S1D2,PWRSPVTZAXX01,SPVTZAXX,2026,16.766241427458745
GLOBAL,S1D2,PWRSPVTZAXX01,SPVTZAXX,2027,18.088052501461807
GLOBAL,S1D2,PWRSPVTZAXX01,SPVTZAXX,2028,19.41198186244244
GLOBAL,S1D2,PWRSPVTZAXX01,SPVTZAXX,2029,20.73591122342308
GLOBAL,S1D2,PWRSPVTZAXX01,SPVTZAXX,2030,22.05984058440371
GLOBAL,S1D2,PWRSPVTZAXX01,SPVTZAXX,2031,35.48872087870247
GLOBAL,S1D2,PWRSPVTZAXX01,SPVTZAXX,2032,37.89085831126573
GLOBAL,S1D2,PWRSPVTZAXX01,SPVTZAXX,2033,40.292995743829
GLOBAL,S1D2,PWRSPVTZAXX01,SPVTZAXX,2034,42.69195574592591
GLOBAL,S1D2,PWRSPVTZAXX01,SPVTZAXX,2035,45.09409317848917
GLOBAL,S1D2,PWRSPVTZAXX01,SPVTZAXX,2036,63.92990098303286
GLOBAL,S1D2,PWRSPVTZAXX01,SPVTZAXX,2037,67.73010782079164
GLOBAL,S1D2,PWRSPVTZAXX01,SPVTZAXX,2038,71.5345512325056
GLOBAL,S1D2,PWRSPVTZAXX01,SPVTZAXX,2039,75.33899464421954
GLOBAL,S1D2,PWRSPVTZAXX01,SPVTZAXX,2040,79.1434380559335
GLOBAL,S1D2,PWRSPVTZAXX01,SPVTZAXX,2041,83.63844302233491
GLOBAL,S1D2,PWRSPVTZAXX01,SPVTZAXX,2042,88.13344798873638
GLOBAL,S1D2,PWRSPVTZAXX01,SPVTZAXX,2043,92.62845295513785
GLOBAL,S1D2,PWRSPVTZAXX01,SPVTZAXX,2044,97.1276944954944
GLOBAL,S1D2,PWRSPVTZAXX01,SPVTZAXX,2045,101.62269946189583
GLOBAL,S1D2,PWRSPVTZAXX01,SPVTZAXX,2046,107.20226736081264
GLOBAL,S1D2,PWRSPVTZAXX01,SPVTZAXX,2047,112.78183525972942
GLOBAL,S1D2,PWRSPVTZAXX01,SPVTZAXX,2048,118.36140315864624
GLOBAL,S1D2,PWRSPVTZAXX01,SPVTZAXX,2049,123.93673448360788
GLOBAL,S1D2,PWRSPVTZAXX01,SPVTZAXX,2050,129.51630238252466
GLOBAL,S1D2,PWRTRNKENXX,ELCKENXX01,2021,50.364963503649626
GLOBAL,S1D2,PWRTRNKENXX,ELCKENXX01,2022,52.55474452554744
GLOBAL,S1D2,PWRTRNKENXX,ELCKENXX01,2023,51.99753678810732
GLOBAL,S1D2,PWRTRNKENXX,ELCKENXX01,2024,53.64963503649634
GLOBAL,S1D2,PWRTRNKENXX,ELCKENXX01,2025,55.21532846715328
GLOBAL,S1D2,PWRTRNKENXX,ELCKENXX01,2026,59.879562043795616
GLOBAL,S1D2,PWRTRNKENXX,ELCKENXX01,2027,64.54379562043795
GLOBAL,S1D2,PWRTRNKENXX,ELCKENXX01,2028,69.2080291970803
GLOBAL,S1D2,PWRTRNKENXX,ELCKENXX01,2029,73.88321167883211
GLOBAL,S1D2,PWRTRNKENXX,ELCKENXX01,2030,78.54744525547444
GLOBAL,S1D2,PWRTRNKENXX,ELCKENXX01,2031,83.91240875912406
GLOBAL,S1D2,PWRTRNKENXX,ELCKENXX01,2032,89.28832116788321
GLOBAL,S1D2,PWRTRNKENXX,ELCKENXX01,2033,94.66423357664232
GLOBAL,S1D2,PWRTRNKENXX,ELCKENXX01,2034,100.04014598540144
GLOBAL,S1D2,PWRTRNKENXX,ELCKENXX01,2035,105.4051094890511
GLOBAL,S1D2,PWRTRNKENXX,ELCKENXX01,2036,111.62408759124088
GLOBAL,S1D2,PWRTRNKENXX,ELCKENXX01,2037,117.83211678832116
GLOBAL,S1D2,PWRTRNKENXX,ELCKENXX01,2038,124.05109489051095
GLOBAL,S1D2,PWRTRNKENXX,ELCKENXX01,2039,130.25912408759123
GLOBAL,S1D2,PWRTRNKENXX,ELCKENXX01,2040,136.47810218978103
GLOBAL,S1D2,PWRTRNKENXX,ELCKENXX01,2041,144.1970802919708
GLOBAL,S1D2,PWRTRNKENXX,ELCKENXX01,2042,151.9051094890511
GLOBAL,S1D2,PWRTRNKENXX,ELCKENXX01,2043,159.62408759124088
GLOBAL,S1D2,PWRTRNKENXX,ELCKENXX01,2044,167.34306569343067
GLOBAL,S1D2,PWRTRNKENXX,ELCKENXX01,2045,175.06204379562044
GLOBAL,S1D2,PWRTRNKENXX,ELCKENXX01,2046,184.74087591240877
GLOBAL,S1D2,PWRTRNKENXX,ELCKENXX01,2047,194.43065693430657
GLOBAL,S1D2,PWRTRNKENXX,ELCKENXX01,2048,204.10948905109487
GLOBAL,S1D2,PWRTRNKENXX,ELCKENXX01,2049,213.7883211678832
GLOBAL,S1D2,PWRTRNKENXX,ELCKENXX01,2050,223.46715328467155
GLOBAL,S1D2,PWRTRNTZAXX,ELCTZAXX01,2021,35.57417912387375
GLOBAL,S1D2,PWRTRNTZAXX,ELCTZAXX01,2022,38.85885065672046
GLOBAL,S1D2,PWRTRNTZAXX,ELCTZAXX01,2023,43.7956204379562
GLOBAL,S1D2,PWRTRNTZAXX,ELCTZAXX01,2024,74.43065693430657
GLOBAL,S1D2,PWRTRNTZAXX,ELCTZAXX01,2025,79.81751824817516
GLOBAL,S1D2,PWRTRNTZAXX,ELCTZAXX01,2026,86.66058394160582
GLOBAL,S1D2,PWRTRNTZAXX,ELCTZAXX01,2027,93.49270072992702
GLOBAL,S1D2,PWRTRNTZAXX,ELCTZAXX01,2028,100.33576642335768
GLOBAL,S1D2,PWRTRNTZAXX,ELCTZAXX01,2029,107.17883211678831
GLOBAL,S1D2,PWRTRNTZAXX,ELCTZAXX01,2030,114.02189781021896
GLOBAL,S1D2,PWRTRNTZAXX,ELCTZAXX01,2031,122.2883211678832
GLOBAL,S1D2,PWRTRNTZAXX,ELCTZAXX01,2032,130.56569343065692
GLOBAL,S1D2,PWRTRNTZAXX,ELCTZAXX01,2033,138.84306569343065
GLOBAL,S1D2,PWRTRNTZAXX,ELCTZAXX01,2034,147.1094890510949
GLOBAL,S1D2,PWRTRNTZAXX,ELCTZAXX01,2035,155.38686131386862
GLOBAL,S1D2,PWRTRNTZAXX,ELCTZAXX01,2036,165.2189781021898
GLOBAL,S1D2,PWRTRNTZAXX,ELCTZAXX01,2037,175.04014598540147
GLOBAL,S1D2,PWRTRNTZAXX,ELCTZAXX01,2038,184.87226277372264
GLOBAL,S1D2,PWRTRNTZAXX,ELCTZAXX01,2039,194.70437956204375
GLOBAL,S1D2,PWRTRNTZAXX,ELCTZAXX01,2040,204.53649635036496
GLOBAL,S1D2,PWRTRNTZAXX,ELCTZAXX01,2041,216.15328467153284
GLOBAL,S1D2,PWRTRNTZAXX,ELCTZAXX01,2042,227.77007299270076
GLOBAL,S1D2,PWRTRNTZAXX,ELCTZAXX01,2043,239.38686131386856
GLOBAL,S1D2,PWRTRNTZAXX,ELCTZAXX01,2044,251.01459854014595
GLOBAL,S1D2,PWRTRNTZAXX,ELCTZAXX01,2045,262.6313868613139
GLOBAL,S1D2,PWRTRNTZAXX,ELCTZAXX01,2046,277.05109489051085
GLOBAL,S1D2,PWRTRNTZAXX,ELCTZAXX01,2047,291.47080291970804
GLOBAL,S1D2,PWRTRNTZAXX,ELCTZAXX01,2048,305.8905109489051
GLOBAL,S1D2,PWRTRNTZAXX,ELCTZAXX01,2049,320.29927007299267
GLOBAL,S1D2,PWRTRNTZAXX,ELCTZAXX01,2050,334.71897810218974
GLOBAL,S1D2,PWRWONKENXX01,WONKENXX,2021,2.5473014784
GLOBAL,S1D2,PWRWONKENXX01,WONKENXX,2022,2.5473014784
GLOBAL,S1D2,PWRWONKENXX01,WONKENXX,2023,2.5473014784
GLOBAL,S1D2,PWRWONKENXX01,WONKENXX,2024,2.46359232
GLOBAL,S1D2,PWRWONKENXX01,WONKENXX,2025,2.46359232
GLOBAL,S1D2,PWRWONKENXX01,WONKENXX,2026,2.46359232
GLOBAL,S1D2,PWRWONKENXX01,WONKENXX,2027,2.46359232
GLOBAL,S1D2,PWRWONKENXX01,WONKENXX,2028,2.46359232
GLOBAL,S1D2,PWRWONKENXX01,WONKENXX,2029,2.46359232
GLOBAL,S1D2,PWRWONKENXX01,WONKENXX,2030,2.46359232
GLOBAL,S1D2,PWRWONKENXX01,WONKENXX,2031,2.46359232
GLOBAL,S1D2,PWRWONKENXX01,WONKENXX,2032,0.520571778543068
GLOBAL,S1D2,PWRWONKENXX01,WONKENXX,2033,0.520571778543068
GLOBAL,S1D2,PWRWONKENXX01,WONKENXX,2034,0.5418527662510964
GLOBAL,S1D2,PWRWONKENXX01,WONKENXX,2035,2.46359232
GLOBAL,S1D2,PWRWONKENXX01,WONKENXX,2036,2.46359232
GLOBAL,S1D2,PWRWONKENXX01,WONKENXX,2037,2.46359232
GLOBAL,S1D2,PWRWONKENXX01,WONKENXX,2038,0.9827665021051123
GLOBAL,S1D2,PWRWONKENXX01,WONKENXX,2039,0.520571778543068
GLOBAL,S1D2,PWRWONKENXX01,WONKENXX,2040,2.46359232
GLOBAL,S1D2,PWRWONKENXX01,WONKENXX,2041,0.520571778543068
GLOBAL,S1D2,PWRWONKENXX01,WONKENXX,2042,2.46359232
GLOBAL,S1D2,PWRWONKENXX01,WONKENXX,2043,2.46359232
GLOBAL,S1D2,PWRWONKENXX01,WONKENXX,2044,2.423990130543068
GLOBAL,S1D2,PWRWONKENXX01,WONKENXX,2045,2.46359232
GLOBAL,S1D2,PWRWONKENXX01,WONKENXX,2046,2.1003992345430684
GLOBAL,S1D2,PWRWONKENXX01,WONKENXX,2047,2.46359232
GLOBAL,S1D2,TRNKENXXTZAXX,ELCKENXX02,2023,0.5376827735087841
GLOBAL,S1D2,TRNKENXXTZAXX,ELCTZAXX02,2021,0.5376827735087841
GLOBAL,S1D2,TRNKENXXTZAXX,ELCTZAXX02,2022,0.5376827735087841
GLOBAL,S1D3,PWRBIOKENXX01,BIOKENXX,2021,8.968838400000001
GLOBAL,S1D3,PWRBIOKENXX01,BIOKENXX,2022,8.968838400000001
GLOBAL,S1D3,PWRBIOKENXX01,BIOKENXX,2023,1.82025955956069
GLOBAL,S1D3,PWRBIOKENXX01,BIOKENXX,2024,12.412424297024899
GLOBAL,S1D3,PWRBIOKENXX01,BIOKENXX,2025,29.448723439234232
GLOBAL,S1D3,PWRBIOKENXX01,BIOKENXX,2027,38.2441299079748
GLOBAL,S1D3,PWRBIOKENXX01,BIOKENXX,2029,28.203063441192732
GLOBAL,S1D3,PWRBIOKENXX01,BIOKENXX,2032,0.07036446985010761
GLOBAL,S1D3,PWRBIOKENXX01,BIOKENXX,2038,33.996304306197544
GLOBAL,S1D3,PWRBIOKENXX01,BIOKENXX,2040,6.211473929343272
GLOBAL,S1D3,PWRBIOKENXX01,BIOKENXX,2041,164.90775118285433
GLOBAL,S1D3,PWRBIOKENXX01,BIOKENXX,2042,41.44695767674038
GLOBAL,S1D3,PWRBIOKENXX01,BIOKENXX,2043,2.691635251620487
GLOBAL,S1D3,PWRBIOKENXX01,BIOKENXX,2044,2.6031017801390925
GLOBAL,S1D3,PWRBIOKENXX01,BIOKENXX,2045,8.81976135761773
GLOBAL,S1D3,PWRBIOKENXX01,BIOKENXX,2046,2.4035561259775586
GLOBAL,S1D3,PWRBIOKENXX01,BIOKENXX,2047,157.55589846840914
GLOBAL,S1D3,PWRBIOKENXX01,BIOKENXX,2048,3.00892222539852
GLOBAL,S1D3,PWRBIOKENXX01,BIOKENXX,2049,175.98710327719817
GLOBAL,S1D3,PWRBIOKENXX01,BIOKENXX,2050,187.00341939944488
GLOBAL,S1D3,PWRBIOTZAXX01,BIOTZAXX,2028,44.77996014245791
GLOBAL,S1D3,PWRBIOTZAXX01,BIOTZAXX,2037,139.0524764657968
GLOBAL,S1D3,PWRBIOTZAXX01,BIOTZAXX,2041,73.35039629733392
GLOBAL,S1D3,PWRBIOTZAXX01,BIOTZAXX,2042,78.16457924035815
GLOBAL,S1D3,PWRGEOKENXX01,GEOKENXX,2021,33.80599142017584
GLOBAL,S1D3,PWRGEOKENXX01,GEOKENXX,2022,33.25114049154834
GLOBAL,S1D3,PWRGEOKENXX01,GEOKENXX,2023,35.695159112212274
GLOBAL,S1D3,PWRGEOKENXX01,GEOKENXX,2024,35.695159112212274
GLOBAL,S1D3,PWRGEOKENXX01,GEOKENXX,2025,36.32705391873482
GLOBAL,S1D3,PWRGEOKENXX01,GEOKENXX,2026,36.32705391873482
GLOBAL,S1D3,PWRGEOKENXX01,GEOKENXX,2027,25.27435557338273
GLOBAL,S1D3,PWRGEOKENXX01,GEOKENXX,2028,42.07140964755498
GLOBAL,S1D3,PWRGEOKENXX01,GEOKENXX,2029,35.91961116664139
GLOBAL,S1D3,PWRGEOKENXX01,GEOKENXX,2030,48.57410538285125
GLOBAL,S1D3,PWRGEOKENXX01,GEOKENXX,2031,44.47542971825273
GLOBAL,S1D3,PWRGEOKENXX01,GEOKENXX,2032,48.19299431419349
GLOBAL,S1D3,PWRGEOKENXX01,GEOKENXX,2033,51.97509338472296
GLOBAL,S1D3,PWRGEOKENXX01,GEOKENXX,2034,55.73492521795807
GLOBAL,S1D3,PWRGEOKENXX01,GEOKENXX,2035,59.487099552551165
GLOBAL,S1D3,PWRGEOKENXX01,GEOKENXX,2036,52.65126246929616
GLOBAL,S1D3,PWRGEOKENXX01,GEOKENXX,2037,58.36630263297492
GLOBAL,S1D3,PWRGEOKENXX01,GEOKENXX,2038,61.57527611851569
GLOBAL,S1D3,PWRGEOKENXX01,GEOKENXX,2039,63.81700055548532
GLOBAL,S1D3,PWRGEOKENXX01,GEOKENXX,2040,67.52065106101969
GLOBAL,S1D3,PWRGEOKENXX01,GEOKENXX,2041,19.98234563932811
GLOBAL,S1D3,PWRGEOKENXX01,GEOKENXX,2042,75.9070382798847
GLOBAL,S1D3,PWRGEOKENXX01,GEOKENXX,2043,80.56011122401479
GLOBAL,S1D3,PWRGEOKENXX01,GEOKENXX,2044,85.21318416814483
GLOBAL,S1D3,PWRGEOKENXX01,GEOKENXX,2045,89.86625711227488
GLOBAL,S1D3,PWRGEOKENXX01,GEOKENXX,2046,95.70074857697124
GLOBAL,S1D3,PWRGEOKENXX01,GEOKENXX,2047,54.4031417098358
GLOBAL,S1D3,PWRGEOKENXX01,GEOKENXX,2048,109.10977369995322
GLOBAL,S1D3,PWRGEOKENXX01,GEOKENXX,2049,60.16920401449779
GLOBAL,S1D3,PWRGEOKENXX01,GEOKENXX,2050,62.482389053584406
GLOBAL,S1D3,PWRGEOTZAXX01,GEOTZAXX,2021,19.62733184600164
GLOBAL,S1D3,PWRGEOTZAXX01,GEOTZAXX,2022,22.364558123373904
GLOBAL,S1D3,PWRGEOTZAXX01,GEOTZAXX,2023,25.87079727127702
GLOBAL,S1D3,PWRGEOTZAXX01,GEOTZAXX,2024,51.91811622577752
GLOBAL,S1D3,PWRGEOTZAXX01,GEOTZAXX,2025,56.40716732066804
GLOBAL,S1D3,PWRGEOTZAXX01,GEOTZAXX,2026,44.01115462844356
GLOBAL,S1D3,PWRGEOTZAXX01,GEOTZAXX,2027,47.891397897948735
GLOBAL,S1D3,PWRGEOTZAXX01,GEOTZAXX,2028,38.346654374737405
GLOBAL,S1D3,PWRGEOTZAXX01,GEOTZAXX,2029,55.94968043283385
GLOBAL,S1D3,PWRGEOTZAXX01,GEOTZAXX,2030,62.85097637130082
GLOBAL,S1D3,PWRGEOTZAXX01,GEOTZAXX,2031,53.78811165346688
GLOBAL,S1D3,PWRGEOTZAXX01,GEOTZAXX,2032,58.28378443988172
GLOBAL,S1D3,PWRGEOTZAXX01,GEOTZAXX,2033,62.779457226296536
GLOBAL,S1D3,PWRGEOTZAXX01,GEOTZAXX,2034,67.26918335558649
GLOBAL,S1D3,PWRGEOTZAXX01,GEOTZAXX,2035,71.76485614200135
GLOBAL,S1D3,PWRGEOTZAXX01,GEOTZAXX,2036,61.12247899439196
GLOBAL,S1D3,PWRGEOTZAXX01,GEOTZAXX,2037,23.749078285797022
GLOBAL,S1D3,PWRGEOTZAXX01,GEOTZAXX,2038,69.89556597119659
GLOBAL,S1D3,PWRGEOTZAXX01,GEOTZAXX,2039,86.91465499081697
GLOBAL,S1D3,PWRGEOTZAXX01,GEOTZAXX,2040,78.6735404616373
GLOBAL,S1D3,PWRGEOTZAXX01,GEOTZAXX,2041,61.83204639430704
GLOBAL,S1D3,PWRGEOTZAXX01,GEOTZAXX,2042,65.57199777872138
GLOBAL,S1D3,PWRGEOTZAXX01,GEOTZAXX,2043,94.23049636535268
GLOBAL,S1D3,PWRGEOTZAXX01,GEOTZAXX,2044,99.42103584689389
GLOBAL,S1D3,PWRGEOTZAXX01,GEOTZAXX,2045,104.60668781479905
GLOBAL,S1D3,PWRGEOTZAXX01,GEOTZAXX,2046,111.04354327354646
GLOBAL,S1D3,PWRGEOTZAXX01,GEOTZAXX,2047,117.48039873229392
GLOBAL,S1D3,PWRGEOTZAXX01,GEOTZAXX,2048,123.91725419104137
GLOBAL,S1D3,PWRGEOTZAXX01,GEOTZAXX,2049,130.3492221361527
GLOBAL,S1D3,PWRGEOTZAXX01,GEOTZAXX,2050,136.78607759490018
GLOBAL,S1D3,PWRHYDKENXX01,HYDKENXX,2021,9.97552283894923
GLOBAL,S1D3,PWRHYDKENXX01,HYDKENXX,2022,12.23632561824
GLOBAL,S1D3,PWRHYDKENXX01,HYDKENXX,2023,12.23632561824
GLOBAL,S1D3,PWRHYDKENXX01,HYDKENXX,2024,12.23632561824
GLOBAL,S1D3,PWRHYDKENXX01,HYDKENXX,2025,5.783576080611936
GLOBAL,S1D3,PWRHYDKENXX01,HYDKENXX,2026,9.556725888693117
GLOBAL,S1D3,PWRHYDKENXX01,HYDKENXX,2027,12.23632561824
GLOBAL,S1D3,PWRHYDKENXX01,HYDKENXX,2028,11.271318439639009
GLOBAL,S1D3,PWRHYDKENXX01,HYDKENXX,2029,12.23632561824
GLOBAL,S1D3,PWRHYDKENXX01,HYDKENXX,2030,12.23632561824
GLOBAL,S1D3,PWRHYDKENXX01,HYDKENXX,2031,12.23632561824
GLOBAL,S1D3,PWRHYDKENXX01,HYDKENXX,2032,12.23632561824
GLOBAL,S1D3,PWRHYDKENXX01,HYDKENXX,2033,12.23632561824
GLOBAL,S1D3,PWRHYDKENXX01,HYDKENXX,2034,12.23632561824
GLOBAL,S1D3,PWRHYDKENXX01,HYDKENXX,2035,12.23632561824
GLOBAL,S1D3,PWRHYDKENXX01,HYDKENXX,2036,12.23632561824
GLOBAL,S1D3,PWRHYDKENXX01,HYDKENXX,2037,12.23632561824
GLOBAL,S1D3,PWRHYDKENXX01,HYDKENXX,2039,12.23632561824
GLOBAL,S1D3,PWRHYDKENXX01,HYDKENXX,2040,12.23632561824
GLOBAL,S1D3,PWRHYDKENXX01,HYDKENXX,2041,12.23632561824
GLOBAL,S1D3,PWRHYDKENXX01,HYDKENXX,2043,12.23632561824
GLOBAL,S1D3,PWRHYDKENXX01,HYDKENXX,2044,12.23632561824
GLOBAL,S1D3,PWRHYDKENXX01,HYDKENXX,2045,12.23632561824
GLOBAL,S1D3,PWRHYDKENXX01,HYDKENXX,2046,12.23632561824
GLOBAL,S1D3,PWRHYDKENXX01,HYDKENXX,2047,12.23632561824
GLOBAL,S1D3,PWRHYDKENXX01,HYDKENXX,2048,12.23632561824
GLOBAL,S1D3,PWRHYDKENXX01,HYDKENXX,2049,12.23632561824
GLOBAL,S1D3,PWRHYDKENXX01,HYDKENXX,2050,12.23632561824
GLOBAL,S1D3,PWRHYDTZAXX01,HYDTZAXX,2021,10.107431219477949
GLOBAL,S1D3,PWRHYDTZAXX01,HYDTZAXX,2022,10.107431219477949
GLOBAL,S1D3,PWRHYDTZAXX01,HYDTZAXX,2023,10.107431219477949
GLOBAL,S1D3,PWRHYDTZAXX01,HYDTZAXX,2024,10.107431219477949
GLOBAL,S1D3,PWRHYDTZAXX01,HYDTZAXX,2025,10.107431219477949
GLOBAL,S1D3,PWRHYDTZAXX01,HYDTZAXX,2026,11.439757228769224
GLOBAL,S1D3,PWRHYDTZAXX01,HYDTZAXX,2027,11.931133542195283
GLOBAL,S1D3,PWRHYDTZAXX01,HYDTZAXX,2028,12.407066970735949
GLOBAL,S1D3,PWRHYDTZAXX01,HYDTZAXX,2029,12.6301017744
GLOBAL,S1D3,PWRHYDTZAXX01,HYDTZAXX,2030,10.107431219477949
GLOBAL,S1D3,PWRHYDTZAXX01,HYDTZAXX,2031,12.6301017744
GLOBAL,S1D3,PWRHYDTZAXX01,HYDTZAXX,2032,12.6301017744
GLOBAL,S1D3,PWRHYDTZAXX01,HYDTZAXX,2033,12.6301017744
GLOBAL,S1D3,PWRHYDTZAXX01,HYDTZAXX,2034,12.6301017744
GLOBAL,S1D3,PWRHYDTZAXX01,HYDTZAXX,2035,12.6301017744
GLOBAL,S1D3,PWRHYDTZAXX01,HYDTZAXX,2036,12.6301017744
GLOBAL,S1D3,PWRHYDTZAXX01,HYDTZAXX,2037,12.6301017744
GLOBAL,S1D3,PWRHYDTZAXX01,HYDTZAXX,2038,12.6301017744
GLOBAL,S1D3,PWRHYDTZAXX01,HYDTZAXX,2040,12.6301017744
GLOBAL,S1D3,PWRHYDTZAXX01,HYDTZAXX,2041,12.6301017744
GLOBAL,S1D3,PWRHYDTZAXX01,HYDTZAXX,2042,12.6301017744
GLOBAL,S1D3,PWRHYDTZAXX01,HYDTZAXX,2043,12.6301017744
GLOBAL,S1D3,PWRHYDTZAXX01,HYDTZAXX,2044,12.6301017744
GLOBAL,S1D3,PWRHYDTZAXX01,HYDTZAXX,2045,12.6301017744
GLOBAL,S1D3,PWRHYDTZAXX01,HYDTZAXX,2046,12.6301017744
GLOBAL,S1D3,PWRHYDTZAXX01,HYDTZAXX,2047,12.6301017744
GLOBAL,S1D3,PWRHYDTZAXX01,HYDTZAXX,2048,12.6301017744
GLOBAL,S1D3,PWRHYDTZAXX01,HYDTZAXX,2049,12.6301017744
GLOBAL,S1D3,PWRHYDTZAXX01,HYDTZAXX,2050,12.6301017744
GLOBAL,S1D3,PWRSDSKENXX01,ELCKENXX01,2031,0.02
GLOBAL,S1D3,PWRSPVKENXX01,SPVKENXX,2021,1.0644241767160167
GLOBAL,S1D3,PWRSPVKENXX01,SPVKENXX,2022,1.5482533479505702
GLOBAL,S1D3,PWRSPVKENXX01,SPVKENXX,2023,1.3273573578649571
GLOBAL,S1D3,PWRSPVKENXX01,SPVKENXX,2024,1.7901679335678462
GLOBAL,S1D3,PWRSPVKENXX01,SPVKENXX,2025,1.7901679335678462
GLOBAL,S1D3,PWRSPVKENXX01,SPVKENXX,2026,12.000467980367688
GLOBAL,S1D3,PWRSPVKENXX01,SPVKENXX,2027,12.935227417126992
GLOBAL,S1D3,PWRSPVKENXX01,SPVKENXX,2028,13.869986853886296
GLOBAL,S1D3,PWRSPVKENXX01,SPVKENXX,2029,14.806940561623907
GLOBAL,S1D3,PWRSPVKENXX01,SPVKENXX,2030,15.741699998383217
GLOBAL,S1D3,PWRSPVKENXX01,SPVKENXX,2031,25.225339166631365
GLOBAL,S1D3,PWRSPVKENXX01,SPVKENXX,2032,26.841419742155377
GLOBAL,S1D3,PWRSPVKENXX01,SPVKENXX,2033,28.457500317679376
GLOBAL,S1D3,PWRSPVKENXX01,SPVKENXX,2034,30.073580893203392
GLOBAL,S1D3,PWRSPVKENXX01,SPVKENXX,2035,31.68637006225994
GLOBAL,S1D3,PWRSPVKENXX01,SPVKENXX,2036,44.74118524770471
GLOBAL,S1D3,PWRSPVKENXX01,SPVKENXX,2037,47.229488537106256
GLOBAL,S1D3,PWRSPVKENXX01,SPVKENXX,2038,49.72218036846439
GLOBAL,S1D3,PWRSPVKENXX01,SPVKENXX,2039,52.210483657865936
GLOBAL,S1D3,PWRSPVKENXX01,SPVKENXX,2040,54.70317548922406
GLOBAL,S1D3,PWRSPVKENXX01,SPVKENXX,2041,57.79709756863868
GLOBAL,S1D3,PWRSPVKENXX01,SPVKENXX,2042,60.886631106096665
GLOBAL,S1D3,PWRSPVKENXX01,SPVKENXX,2043,63.98055318551126
GLOBAL,S1D3,PWRSPVKENXX01,SPVKENXX,2044,67.07447526492585
GLOBAL,S1D3,PWRSPVKENXX01,SPVKENXX,2045,70.16839734434045
GLOBAL,S1D3,PWRSPVKENXX01,SPVKENXX,2046,74.0478684339894
GLOBAL,S1D3,PWRSPVKENXX01,SPVKENXX,2047,77.93172806559494
GLOBAL,S1D3,PWRSPVKENXX01,SPVKENXX,2048,81.8111991552439
GLOBAL,S1D3,PWRSPVKENXX01,SPVKENXX,2049,85.69067024489283
GLOBAL,S1D3,PWRSPVKENXX01,SPVKENXX,2050,89.57014133454179
GLOBAL,S1D3,PWRSPVTZAXX01,SPVTZAXX,2026,16.766241427458745
GLOBAL,S1D3,PWRSPVTZAXX01,SPVTZAXX,2027,18.088052501461807
GLOBAL,S1D3,PWRSPVTZAXX01,SPVTZAXX,2028,19.41198186244244
GLOBAL,S1D3,PWRSPVTZAXX01,SPVTZAXX,2029,20.73591122342308
GLOBAL,S1D3,PWRSPVTZAXX01,SPVTZAXX,2030,22.05984058440371
GLOBAL,S1D3,PWRSPVTZAXX01,SPVTZAXX,2031,35.48872087870247
GLOBAL,S1D3,PWRSPVTZAXX01,SPVTZAXX,2032,37.89085831126573
GLOBAL,S1D3,PWRSPVTZAXX01,SPVTZAXX,2033,40.292995743829
GLOBAL,S1D3,PWRSPVTZAXX01,SPVTZAXX,2034,42.69195574592591
GLOBAL,S1D3,PWRSPVTZAXX01,SPVTZAXX,2035,45.09409317848917
GLOBAL,S1D3,PWRSPVTZAXX01,SPVTZAXX,2036,63.92990098303286
GLOBAL,S1D3,PWRSPVTZAXX01,SPVTZAXX,2037,67.73010782079164
GLOBAL,S1D3,PWRSPVTZAXX01,SPVTZAXX,2038,71.5345512325056
GLOBAL,S1D3,PWRSPVTZAXX01,SPVTZAXX,2039,75.33899464421954
GLOBAL,S1D3,PWRSPVTZAXX01,SPVTZAXX,2040,79.1434380559335
GLOBAL,S1D3,PWRSPVTZAXX01,SPVTZAXX,2041,83.63844302233491
GLOBAL,S1D3,PWRSPVTZAXX01,SPVTZAXX,2042,88.13344798873638
GLOBAL,S1D3,PWRSPVTZAXX01,SPVTZAXX,2043,92.62845295513785
GLOBAL,S1D3,PWRSPVTZAXX01,SPVTZAXX,2044,97.1276944954944
GLOBAL,S1D3,PWRSPVTZAXX01,SPVTZAXX,2045,101.62269946189583
GLOBAL,S1D3,PWRSPVTZAXX01,SPVTZAXX,2046,107.20226736081264
GLOBAL,S1D3,PWRSPVTZAXX01,SPVTZAXX,2047,112.78183525972942
GLOBAL,S1D3,PWRSPVTZAXX01,SPVTZAXX,2048,118.36140315864624
GLOBAL,S1D3,PWRSPVTZAXX01,SPVTZAXX,2049,123.93673448360788
GLOBAL,S1D3,PWRSPVTZAXX01,SPVTZAXX,2050,129.51630238252466
GLOBAL,S1D3,PWRTRNKENXX,ELCKENXX01,2021,50.364963503649626
GLOBAL,S1D3,PWRTRNKENXX,ELCKENXX01,2022,52.55474452554744
GLOBAL,S1D3,PWRTRNKENXX,ELCKENXX01,2023,51.99753678810732
GLOBAL,S1D3,PWRTRNKENXX,ELCKENXX01,2024,53.64963503649634
GLOBAL,S1D3,PWRTRNKENXX,ELCKENXX01,2025,55.21532846715328
GLOBAL,S1D3,PWRTRNKENXX,ELCKENXX01,2026,59.879562043795616
GLOBAL,S1D3,PWRTRNKENXX,ELCKENXX01,2027,64.54379562043795
GLOBAL,S1D3,PWRTRNKENXX,ELCKENXX01,2028,69.2080291970803
GLOBAL,S1D3,PWRTRNKENXX,ELCKENXX01,2029,73.88321167883211
GLOBAL,S1D3,PWRTRNKENXX,ELCKENXX01,2030,78.54744525547444
GLOBAL,S1D3,PWRTRNKENXX,ELCKENXX01,2031,83.91240875912406
GLOBAL,S1D3,PWRTRNKENXX,ELCKENXX01,2032,89.28832116788321
GLOBAL,S1D3,PWRTRNKENXX,ELCKENXX01,2033,94.66423357664232
GLOBAL,S1D3,PWRTRNKENXX,ELCKENXX01,2034,100.04014598540144
GLOBAL,S1D3,PWRTRNKENXX,ELCKENXX01,2035,105.4051094890511
GLOBAL,S1D3,PWRTRNKENXX,ELCKENXX01,2036,111.62408759124088
GLOBAL,S1D3,PWRTRNKENXX,ELCKENXX01,2037,117.83211678832116
GLOBAL,S1D3,PWRTRNKENXX,ELCKENXX01,2038,124.05109489051095
GLOBAL,S1D3,PWRTRNKENXX,ELCKENXX01,2039,130.25912408759123
GLOBAL,S1D3,PWRTRNKENXX,ELCKENXX01,2040,136.47810218978103
GLOBAL,S1D3,PWRTRNKENXX,ELCKENXX01,2041,144.1970802919708
GLOBAL,S1D3,PWRTRNKENXX,ELCKENXX01,2042,151.9051094890511
GLOBAL,S1D3,PWRTRNKENXX,ELCKENXX01,2043,159.62408759124088
GLOBAL,S1D3,PWRTRNKENXX,ELCKENXX01,2044,167.34306569343067
GLOBAL,S1D3,PWRTRNKENXX,ELCKENXX01,2045,175.06204379562044
GLOBAL,S1D3,PWRTRNKENXX,ELCKENXX01,2046,184.74087591240877
GLOBAL,S1D3,PWRTRNKENXX,ELCKENXX01,2047,194.43065693430657
GLOBAL,S1D3,PWRTRNKENXX,ELCKENXX01,2048,204.10948905109487
GLOBAL,S1D3,PWRTRNKENXX,ELCKENXX01,2049,213.7883211678832
GLOBAL,S1D3,PWRTRNKENXX,ELCKENXX01,2050,223.46715328467155
GLOBAL,S1D3,PWRTRNTZAXX,ELCTZAXX01,2021,29.73476306547959
GLOBAL,S1D3,PWRTRNTZAXX,ELCTZAXX01,2022,32.47198934285185
GLOBAL,S1D3,PWRTRNTZAXX,ELCTZAXX01,2023,36.496350364963504
GLOBAL,S1D3,PWRTRNTZAXX,ELCTZAXX01,2024,62.02554744525548
GLOBAL,S1D3,PWRTRNTZAXX,ELCTZAXX01,2025,66.51459854014598
GLOBAL,S1D3,PWRTRNTZAXX,ELCTZAXX01,2026,72.21715328467153
GLOBAL,S1D3,PWRTRNTZAXX,ELCTZAXX01,2027,77.91058394160582
GLOBAL,S1D3,PWRTRNTZAXX,ELCTZAXX01,2028,83.61313868613139
GLOBAL,S1D3,PWRTRNTZAXX,ELCTZAXX01,2029,89.31569343065692
GLOBAL,S1D3,PWRTRNTZAXX,ELCTZAXX01,2030,95.01824817518249
GLOBAL,S1D3,PWRTRNTZAXX,ELCTZAXX01,2031,101.90693430656934
GLOBAL,S1D3,PWRTRNTZAXX,ELCTZAXX01,2032,108.80474452554743
GLOBAL,S1D3,PWRTRNTZAXX,ELCTZAXX01,2033,115.70255474452554
GLOBAL,S1D3,PWRTRNTZAXX,ELCTZAXX01,2034,122.5912408759124
GLOBAL,S1D3,PWRTRNTZAXX,ELCTZAXX01,2035,129.4890510948905
GLOBAL,S1D3,PWRTRNTZAXX,ELCTZAXX01,2036,137.6824817518248
GLOBAL,S1D3,PWRTRNTZAXX,ELCTZAXX01,2037,145.8667883211679
GLOBAL,S1D3,PWRTRNTZAXX,ELCTZAXX01,2038,154.0602189781022
GLOBAL,S1D3,PWRTRNTZAXX,ELCTZAXX01,2039,162.2536496350365
GLOBAL,S1D3,PWRTRNTZAXX,ELCTZAXX01,2040,170.44708029197082
GLOBAL,S1D3,PWRTRNTZAXX,ELCTZAXX01,2041,180.1277372262774
GLOBAL,S1D3,PWRTRNTZAXX,ELCTZAXX01,2042,189.80839416058396
GLOBAL,S1D3,PWRTRNTZAXX,ELCTZAXX01,2043,199.48905109489047
GLOBAL,S1D3,PWRTRNTZAXX,ELCTZAXX01,2044,209.17883211678833
GLOBAL,S1D3,PWRTRNTZAXX,ELCTZAXX01,2045,218.85948905109487
GLOBAL,S1D3,PWRTRNTZAXX,ELCTZAXX01,2046,230.8759124087591
GLOBAL,S1D3,PWRTRNTZAXX,ELCTZAXX01,2047,242.89233576642332
GLOBAL,S1D3,PWRTRNTZAXX,ELCTZAXX01,2048,254.9087591240876
GLOBAL,S1D3,PWRTRNTZAXX,ELCTZAXX01,2049,266.9160583941606
GLOBAL,S1D3,PWRTRNTZAXX,ELCTZAXX01,2050,278.9324817518248
GLOBAL,S1D3,PWRWONKENXX01,WONKENXX,2021,2.1626631936
GLOBAL,S1D3,PWRWONKENXX01,WONKENXX,2022,2.1626631936
GLOBAL,S1D3,PWRWONKENXX01,WONKENXX,2023,2.1626631936
GLOBAL,S1D3,PWRWONKENXX01,WONKENXX,2025,1.995314256
GLOBAL,S1D3,PWRWONKENXX01,WONKENXX,2026,1.995314256
GLOBAL,S1D3,PWRWONKENXX01,WONKENXX,2027,1.995314256
GLOBAL,S1D3,PWRWONKENXX01,WONKENXX,2028,1.995314256
GLOBAL,S1D3,PWRWONKENXX01,WONKENXX,2029,1.995314256
GLOBAL,S1D3,PWRWONKENXX01,WONKENXX,2030,1.995314256
GLOBAL,S1D3,PWRWONKENXX01,WONKENXX,2031,1.995314256
GLOBAL,S1D3,PWRWONKENXX01,WONKENXX,2032,1.995314256
GLOBAL,S1D3,PWRWONKENXX01,WONKENXX,2033,1.995314256
GLOBAL,S1D3,PWRWONKENXX01,WONKENXX,2034,1.995314256
GLOBAL,S1D3,PWRWONKENXX01,WONKENXX,2035,1.995314256
GLOBAL,S1D3,PWRWONKENXX01,WONKENXX,2036,1.995314256
GLOBAL,S1D3,PWRWONKENXX01,WONKENXX,2038,1.995314256
GLOBAL,S1D3,PWRWONKENXX01,WONKENXX,2039,1.995314256
GLOBAL,S1D3,PWRWONKENXX01,WONKENXX,2040,0.0522937145430681
GLOBAL,S1D3,PWRWONKENXX01,WONKENXX,2041,1.995314256
GLOBAL,S1D3,PWRWONKENXX01,WONKENXX,2042,1.995314256
GLOBAL,S1D3,PWRWONKENXX01,WONKENXX,2043,1.995314256
GLOBAL,S1D3,PWRWONKENXX01,WONKENXX,2044,1.995314256
GLOBAL,S1D3,PWRWONKENXX01,WONKENXX,2046,1.995314256
GLOBAL,S1D3,TRNKENXXTZAXX,ELCKENXX02,2023,0.5376827735087841
GLOBAL,S1D3,TRNKENXXTZAXX,ELCTZAXX02,2021,0.5376827735087841
GLOBAL,S1D3,TRNKENXXTZAXX,ELCTZAXX02,2022,0.5376827735087841
GLOBAL,S1D4,PWRBIOKENXX01,BIOKENXX,2021,1.9996805878957964
GLOBAL,S1D4,PWRBIOKENXX01,BIOKENXX,2022,2.052734870257775
GLOBAL,S1D4,PWRBIOKENXX01,BIOKENXX,2023,8.968838400000001
GLOBAL,S1D4,PWRBIOKENXX01,BIOKENXX,2024,6.836183832379276
GLOBAL,S1D4,PWRBIOKENXX01,BIOKENXX,2025,12.569508478483469
GLOBAL,S1D4,PWRBIOKENXX01,BIOKENXX,2026,29.448723439234232
GLOBAL,S1D4,PWRBIOKENXX01,BIOKENXX,2027,11.975464954558584
GLOBAL,S1D4,PWRBIOKENXX01,BIOKENXX,2028,42.09515279679568
GLOBAL,S1D4,PWRBIOKENXX01,BIOKENXX,2029,14.83253693961466
GLOBAL,S1D4,PWRBIOKENXX01,BIOKENXX,2030,51.720728875303315
GLOBAL,S1D4,PWRBIOKENXX01,BIOKENXX,2031,55.51712724762322
GLOBAL,S1D4,PWRBIOKENXX01,BIOKENXX,2032,26.14256678752947
GLOBAL,S1D4,PWRBIOKENXX01,BIOKENXX,2033,71.63439238131964
GLOBAL,S1D4,PWRBIOKENXX01,BIOKENXX,2034,76.50486422251625
GLOBAL,S1D4,PWRBIOKENXX01,BIOKENXX,2035,87.2754479034501
GLOBAL,S1D4,PWRBIOKENXX01,BIOKENXX,2036,30.313175553664173
GLOBAL,S1D4,PWRBIOKENXX01,BIOKENXX,2037,108.35001299043286
GLOBAL,S1D4,PWRBIOKENXX01,BIOKENXX,2038,58.73429429716793
GLOBAL,S1D4,PWRBIOKENXX01,BIOKENXX,2039,64.355784593036
GLOBAL,S1D4,PWRBIOKENXX01,BIOKENXX,2040,69.98288197383854
GLOBAL,S1D4,PWRBIOKENXX01,BIOKENXX,2041,76.82145792106718
GLOBAL,S1D4,PWRBIOKENXX01,BIOKENXX,2042,80.70564571502806
GLOBAL,S1D4,PWRBIOKENXX01,BIOKENXX,2043,84.72184059392349
GLOBAL,S1D4,PWRBIOKENXX01,BIOKENXX,2044,88.67483547281898
GLOBAL,S1D4,PWRBIOKENXX01,BIOKENXX,2045,215.14011472459265
GLOBAL,S1D4,PWRBIOKENXX01,BIOKENXX,2046,97.58449343390404
GLOBAL,S1D4,PWRBIOKENXX01,BIOKENXX,2047,102.5546636010283
GLOBAL,S1D4,PWRBIOKENXX01,BIOKENXX,2048,109.87725060515122
GLOBAL,S1D4,PWRBIOKENXX01,BIOKENXX,2049,114.8339136873405
GLOBAL,S1D4,PWRBIOKENXX01,BIOKENXX,2050,119.79057676953019
GLOBAL,S1D4,PWRBIOTZAXX01,BIOTZAXX,2021,4.112343651632885
GLOBAL,S1D4,PWRBIOTZAXX01,BIOTZAXX,2022,5.172919557644637
GLOBAL,S1D4,PWRBIOTZAXX01,BIOTZAXX,2023,11.988484654270984
GLOBAL,S1D4,PWRBIOTZAXX01,BIOTZAXX,2024,8.829408873918956
GLOBAL,S1D4,PWRBIOTZAXX01,BIOTZAXX,2025,14.09400110843508
GLOBAL,S1D4,PWRBIOTZAXX01,BIOTZAXX,2027,11.468371453298207
GLOBAL,S1D4,PWRBIOTZAXX01,BIOTZAXX,2028,52.00770070610228
GLOBAL,S1D4,PWRBIOTZAXX01,BIOTZAXX,2029,54.296800799423906
GLOBAL,S1D4,PWRBIOTZAXX01,BIOTZAXX,2030,78.57942695322195
GLOBAL,S1D4,PWRBIOTZAXX01,BIOTZAXX,2031,20.12643344509507
GLOBAL,S1D4,PWRBIOTZAXX01,BIOTZAXX,2032,57.405705106969734
GLOBAL,S1D4,PWRBIOTZAXX01,BIOTZAXX,2033,60.04770245452429
GLOBAL,S1D4,PWRBIOTZAXX01,BIOTZAXX,2034,118.25341956103664
GLOBAL,S1D4,PWRBIOTZAXX01,BIOTZAXX,2035,65.32820244414768
GLOBAL,S1D4,PWRBIOTZAXX01,BIOTZAXX,2036,31.479195035731994
GLOBAL,S1D4,PWRBIOTZAXX01,BIOTZAXX,2037,45.25758764767101
GLOBAL,S1D4,PWRBIOTZAXX01,BIOTZAXX,2038,45.73074493953868
GLOBAL,S1D4,PWRBIOTZAXX01,BIOTZAXX,2039,48.743133047555126
GLOBAL,S1D4,PWRBIOTZAXX01,BIOTZAXX,2040,51.75552115557156
GLOBAL,S1D4,PWRBIOTZAXX01,BIOTZAXX,2041,55.31470131437513
GLOBAL,S1D4,PWRBIOTZAXX01,BIOTZAXX,2042,58.87388147317843
GLOBAL,S1D4,PWRBIOTZAXX01,BIOTZAXX,2043,62.43306163198199
GLOBAL,S1D4,PWRBIOTZAXX01,BIOTZAXX,2044,65.99559634324422
GLOBAL,S1D4,PWRBIOTZAXX01,BIOTZAXX,2045,69.55477650204776
GLOBAL,S1D4,PWRBIOTZAXX01,BIOTZAXX,2046,73.9727220903085
GLOBAL,S1D4,PWRBIOTZAXX01,BIOTZAXX,2047,78.39066767856858
GLOBAL,S1D4,PWRBIOTZAXX01,BIOTZAXX,2048,82.80861326682898
GLOBAL,S1D4,PWRBIOTZAXX01,BIOTZAXX,2049,87.22320430263044
GLOBAL,S1D4,PWRBIOTZAXX01,BIOTZAXX,2050,91.6411498908905
GLOBAL,S1D4,PWRGEOKENXX01,GEOKENXX,2021,33.80599142017584
GLOBAL,S1D4,PWRGEOKENXX01,GEOKENXX,2022,35.695159112212274
GLOBAL,S1D4,PWRGEOKENXX01,GEOKENXX,2023,35.695159112212274
GLOBAL,S1D4,PWRGEOKENXX01,GEOKENXX,2024,35.695159112212274
GLOBAL,S1D4,PWRGEOKENXX01,GEOKENXX,2025,36.32705391873482
GLOBAL,S1D4,PWRGEOKENXX01,GEOKENXX,2026,28.779650165318927
GLOBAL,S1D4,PWRGEOKENXX01,GEOKENXX,2027,38.42504708566995
GLOBAL,S1D4,PWRGEOKENXX01,GEOKENXX,2028,33.009385041808095
GLOBAL,S1D4,PWRGEOKENXX01,GEOKENXX,2029,45.762341566122174
GLOBAL,S1D4,PWRGEOKENXX01,GEOKENXX,2030,38.20474784711743
GLOBAL,S1D4,PWRGEOKENXX01,GEOKENXX,2031,36.80502447297536
GLOBAL,S1D4,PWRGEOKENXX01,GEOKENXX,2032,50.548658236093054
GLOBAL,S1D4,PWRGEOKENXX01,GEOKENXX,2033,40.580397678361386
GLOBAL,S1D4,PWRGEOKENXX01,GEOKENXX,2034,43.44699590309604
GLOBAL,S1D4,PWRGEOKENXX01,GEOKENXX,2035,44.47745202856136
GLOBAL,S1D4,PWRGEOKENXX01,GEOKENXX,2036,61.04424645032595
GLOBAL,S1D4,PWRGEOKENXX01,GEOKENXX,2037,41.117384774622806
GLOBAL,S1D4,PWRGEOKENXX01,GEOKENXX,2038,61.57527611851569
GLOBAL,S1D4,PWRGEOKENXX01,GEOKENXX,2039,64.54466353803424
GLOBAL,S1D4,PWRGEOKENXX01,GEOKENXX,2040,67.52065106101969
GLOBAL,S1D4,PWRGEOKENXX01,GEOKENXX,2041,71.26056543922155
GLOBAL,S1D4,PWRGEOKENXX01,GEOKENXX,2042,75.9070382798847
GLOBAL,S1D4,PWRGEOKENXX01,GEOKENXX,2043,80.56011122401479
GLOBAL,S1D4,PWRGEOKENXX01,GEOKENXX,2044,85.21318416814483
GLOBAL,S1D4,PWRGEOKENXX01,GEOKENXX,2045,51.0965468676932
GLOBAL,S1D4,PWRGEOKENXX01,GEOKENXX,2046,95.70074857697124
GLOBAL,S1D4,PWRGEOKENXX01,GEOKENXX,2047,101.51934014513446
GLOBAL,S1D4,PWRGEOKENXX01,GEOKENXX,2048,109.10977369995322
GLOBAL,S1D4,PWRGEOKENXX01,GEOKENXX,2049,114.94426516464968
GLOBAL,S1D4,PWRGEOKENXX01,GEOKENXX,2050,120.77875662934603
GLOBAL,S1D4,PWRGEOTZAXX01,GEOTZAXX,2021,24.231809870872407
GLOBAL,S1D4,PWRGEOTZAXX01,GEOTZAXX,2022,27.197990140652536
GLOBAL,S1D4,PWRGEOTZAXX01,GEOTZAXX,2023,29.569921802446604
GLOBAL,S1D4,PWRGEOTZAXX01,GEOTZAXX,2024,61.671751578516634
GLOBAL,S1D4,PWRGEOTZAXX01,GEOTZAXX,2025,65.4776542634014
GLOBAL,S1D4,PWRGEOTZAXX01,GEOTZAXX,2026,64.54259218797161
GLOBAL,S1D4,PWRGEOTZAXX01,GEOTZAXX,2027,66.59753035505938
GLOBAL,S1D4,PWRGEOTZAXX01,GEOTZAXX,2028,59.94749384128493
GLOBAL,S1D4,PWRGEOTZAXX01,GEOTZAXX,2029,74.7116888209213
GLOBAL,S1D4,PWRGEOTZAXX01,GEOTZAXX,2030,66.2673715477476
GLOBAL,S1D4,PWRGEOTZAXX01,GEOTZAXX,2031,81.01186988217886
GLOBAL,S1D4,PWRGEOTZAXX01,GEOTZAXX,2032,84.56503611180561
GLOBAL,S1D4,PWRGEOTZAXX01,GEOTZAXX,2033,90.51912090074872
GLOBAL,S1D4,PWRGEOTZAXX01,GEOTZAXX,2034,71.77781340677991
GLOBAL,S1D4,PWRGEOTZAXX01,GEOTZAXX,2035,102.41941470510444
GLOBAL,S1D4,PWRGEOTZAXX01,GEOTZAXX,2036,102.41941470510444
GLOBAL,S1D4,PWRGEOTZAXX01,GEOTZAXX,2037,105.6826172645692
GLOBAL,S1D4,PWRGEOTZAXX01,GEOTZAXX,2038,112.9496366640308
GLOBAL,S1D4,PWRGEOTZAXX01,GEOTZAXX,2039,119.45412428687112
GLOBAL,S1D4,PWRGEOTZAXX01,GEOTZAXX,2040,125.95861190971148
GLOBAL,S1D4,PWRGEOTZAXX01,GEOTZAXX,2041,133.64375819905842
GLOBAL,S1D4,PWRGEOTZAXX01,GEOTZAXX,2042,141.32890448840544
GLOBAL,S1D4,PWRGEOTZAXX01,GEOTZAXX,2043,149.01405077775237
GLOBAL,S1D4,PWRGEOTZAXX01,GEOTZAXX,2044,156.70644037180188
GLOBAL,S1D4,PWRGEOTZAXX01,GEOTZAXX,2045,164.39158666114886
GLOBAL,S1D4,PWRGEOTZAXX01,GEOTZAXX,2046,173.93101895433432
GLOBAL,S1D4,PWRGEOTZAXX01,GEOTZAXX,2047,183.4704512475201
GLOBAL,S1D4,PWRGEOTZAXX01,GEOTZAXX,2048,193.00988354070563
GLOBAL,S1D4,PWRGEOTZAXX01,GEOTZAXX,2049,202.5420725291888
GLOBAL,S1D4,PWRGEOTZAXX01,GEOTZAXX,2050,212.0815048223745
GLOBAL,S1D4,PWRHYDKENXX01,HYDKENXX,2021,12.23632561824
GLOBAL,S1D4,PWRHYDKENXX01,HYDKENXX,2022,12.23632561824
GLOBAL,S1D4,PWRHYDKENXX01,HYDKENXX,2023,9.866687397495047
GLOBAL,S1D4,PWRHYDKENXX01,HYDKENXX,2024,12.23632561824
GLOBAL,S1D4,PWRHYDKENXX01,HYDKENXX,2025,12.23632561824
GLOBAL,S1D4,PWRHYDKENXX01,HYDKENXX,2026,12.23632561824
GLOBAL,S1D4,PWRHYDKENXX01,HYDKENXX,2027,12.23632561824
GLOBAL,S1D4,PWRHYDKENXX01,HYDKENXX,2028,12.23632561824
GLOBAL,S1D4,PWRHYDKENXX01,HYDKENXX,2029,12.23632561824
GLOBAL,S1D4,PWRHYDKENXX01,HYDKENXX,2030,12.23632561824
GLOBAL,S1D4,PWRHYDKENXX01,HYDKENXX,2031,12.23632561824
GLOBAL,S1D4,PWRHYDKENXX01,HYDKENXX,2032,12.23632561824
GLOBAL,S1D4,PWRHYDKENXX01,HYDKENXX,2033,12.23632561824
GLOBAL,S1D4,PWRHYDKENXX01,HYDKENXX,2034,12.23632561824
GLOBAL,S1D4,PWRHYDKENXX01,HYDKENXX,2035,12.23632561824
GLOBAL,S1D4,PWRHYDKENXX01,HYDKENXX,2036,12.23632561824
GLOBAL,S1D4,PWRHYDKENXX01,HYDKENXX,2037,12.23632561824
GLOBAL,S1D4,PWRHYDKENXX01,HYDKENXX,2038,12.23632561824
GLOBAL,S1D4,PWRHYDKENXX01,HYDKENXX,2039,12.23632561824
GLOBAL,S1D4,PWRHYDKENXX01,HYDKENXX,2040,12.23632561824
GLOBAL,S1D4,PWRHYDKENXX01,HYDKENXX,2041,12.23632561824
GLOBAL,S1D4,PWRHYDKENXX01,HYDKENXX,2042,12.23632561824
GLOBAL,S1D4,PWRHYDKENXX01,HYDKENXX,2043,12.23632561824
GLOBAL,S1D4,PWRHYDKENXX01,HYDKENXX,2044,12.23632561824
GLOBAL,S1D4,PWRHYDKENXX01,HYDKENXX,2045,12.23632561824
GLOBAL,S1D4,PWRHYDKENXX01,HYDKENXX,2046,12.23632561824
GLOBAL,S1D4,PWRHYDKENXX01,HYDKENXX,2047,12.23632561824
GLOBAL,S1D4,PWRHYDKENXX01,HYDKENXX,2048,12.23632561824
GLOBAL,S1D4,PWRHYDKENXX01,HYDKENXX,2049,12.23632561824
GLOBAL,S1D4,PWRHYDKENXX01,HYDKENXX,2050,12.23632561824
GLOBAL,S1D4,PWRHYDTZAXX01,HYDTZAXX,2021,10.107431219477949
GLOBAL,S1D4,PWRHYDTZAXX01,HYDTZAXX,2022,10.107431219477949
GLOBAL,S1D4,PWRHYDTZAXX01,HYDTZAXX,2023,10.107431219477949
GLOBAL,S1D4,PWRHYDTZAXX01,HYDTZAXX,2024,10.107431219477949
GLOBAL,S1D4,PWRHYDTZAXX01,HYDTZAXX,2025,10.107431219477949
GLOBAL,S1D4,PWRHYDTZAXX01,HYDTZAXX,2026,11.439757228769224
GLOBAL,S1D4,PWRHYDTZAXX01,HYDTZAXX,2027,11.931133542195283
GLOBAL,S1D4,PWRHYDTZAXX01,HYDTZAXX,2028,12.407066970735949
GLOBAL,S1D4,PWRHYDTZAXX01,HYDTZAXX,2029,2.9553242090136878
GLOBAL,S1D4,PWRHYDTZAXX01,HYDTZAXX,2030,10.107431219477949
GLOBAL,S1D4,PWRHYDTZAXX01,HYDTZAXX,2031,12.6301017744
GLOBAL,S1D4,PWRHYDTZAXX01,HYDTZAXX,2032,4.62943645554215
GLOBAL,S1D4,PWRHYDTZAXX01,HYDTZAXX,2033,4.62943645554215
GLOBAL,S1D4,PWRHYDTZAXX01,HYDTZAXX,2034,12.6301017744
GLOBAL,S1D4,PWRHYDTZAXX01,HYDTZAXX,2035,4.62943645554215
GLOBAL,S1D4,PWRHYDTZAXX01,HYDTZAXX,2036,12.6301017744
GLOBAL,S1D4,PWRHYDTZAXX01,HYDTZAXX,2037,12.6301017744
GLOBAL,S1D4,PWRHYDTZAXX01,HYDTZAXX,2038,12.6301017744
GLOBAL,S1D4,PWRHYDTZAXX01,HYDTZAXX,2039,12.6301017744
GLOBAL,S1D4,PWRHYDTZAXX01,HYDTZAXX,2040,12.6301017744
GLOBAL,S1D4,PWRHYDTZAXX01,HYDTZAXX,2041,12.6301017744
GLOBAL,S1D4,PWRHYDTZAXX01,HYDTZAXX,2042,12.6301017744
GLOBAL,S1D4,PWRHYDTZAXX01,HYDTZAXX,2043,12.6301017744
GLOBAL,S1D4,PWRHYDTZAXX01,HYDTZAXX,2044,12.6301017744
GLOBAL,S1D4,PWRHYDTZAXX01,HYDTZAXX,2045,12.6301017744
GLOBAL,S1D4,PWRHYDTZAXX01,HYDTZAXX,2046,12.6301017744
GLOBAL,S1D4,PWRHYDTZAXX01,HYDTZAXX,2047,12.6301017744
GLOBAL,S1D4,PWRHYDTZAXX01,HYDTZAXX,2048,12.6301017744
GLOBAL,S1D4,PWRHYDTZAXX01,HYDTZAXX,2049,12.6301017744
GLOBAL,S1D4,PWRHYDTZAXX01,HYDTZAXX,2050,12.6301017744
GLOBAL,S1D4,PWRSDSKENXX01,ELCKENXX01,2032,0.02
GLOBAL,S1D4,PWRSDSKENXX01,ELCKENXX01,2033,0.02
GLOBAL,S1D4,PWRSDSKENXX01,ELCKENXX01,2035,0.02
GLOBAL,S1D4,PWRSDSKENXX01,ELCKENXX01,2037,0.02
GLOBAL,S1D4,PWRSDSKENXX01,ELCKENXX01,2038,0.02
GLOBAL,S1D4,PWRSDSKENXX01,ELCKENXX01,2039,0.02
GLOBAL,S1D4,PWRSDSKENXX01,ELCKENXX01,2040,0.02
GLOBAL,S1D4,PWRSDSKENXX01,ELCKENXX01,2041,0.02
GLOBAL,S1D4,PWRSDSKENXX01,ELCKENXX01,2043,0.02
GLOBAL,S1D4,PWRSDSKENXX01,ELCKENXX01,2044,0.02
GLOBAL,S1D4,PWRSDSKENXX01,ELCKENXX01,2045,0.02
GLOBAL,S1D4,PWRSDSKENXX01,ELCKENXX01,2046,0.02
GLOBAL,S1D4,PWRSPVKENXX01,SPVKENXX,2021,0.6244128
GLOBAL,S1D4,PWRSPVKENXX01,SPVKENXX,2022,0.9082368
GLOBAL,S1D4,PWRSPVKENXX01,SPVKENXX,2023,1.0501488
GLOBAL,S1D4,PWRSPVKENXX01,SPVKENXX,2024,1.0501488
GLOBAL,S1D4,PWRSPVKENXX01,SPVKENXX,2025,1.0501488
GLOBAL,S1D4,PWRSPVKENXX01,SPVKENXX,2026,7.039717789998015
GLOBAL,S1D4,PWRSPVKENXX01,SPVKENXX,2027,7.588066624984146
GLOBAL,S1D4,PWRSPVKENXX01,SPVKENXX,2028,8.136415459970275
GLOBAL,S1D4,PWRSPVKENXX01,SPVKENXX,2029,8.686051498794404
GLOBAL,S1D4,PWRSPVKENXX01,SPVKENXX,2030,9.234400333780536
GLOBAL,S1D4,PWRSPVKENXX01,SPVKENXX,2031,14.797695321597583
GLOBAL,S1D4,PWRSPVKENXX01,SPVKENXX,2032,15.745720948281352
GLOBAL,S1D4,PWRSPVKENXX01,SPVKENXX,2033,16.69374657496512
GLOBAL,S1D4,PWRSPVKENXX01,SPVKENXX,2034,17.641772201648894
GLOBAL,S1D4,PWRSPVKENXX01,SPVKENXX,2035,18.58786702257567
GLOBAL,S1D4,PWRSPVKENXX01,SPVKENXX,2036,26.246086256730567
GLOBAL,S1D4,PWRSPVKENXX01,SPVKENXX,2037,27.7057754090176
GLOBAL,S1D4,PWRSPVKENXX01,SPVKENXX,2038,29.168038968980618
GLOBAL,S1D4,PWRSPVKENXX01,SPVKENXX,2039,30.627728121267644
GLOBAL,S1D4,PWRSPVKENXX01,SPVKENXX,2040,32.089991681230664
GLOBAL,S1D4,PWRSPVKENXX01,SPVKENXX,2041,33.90494909280448
GLOBAL,S1D4,PWRSPVKENXX01,SPVKENXX,2042,35.71733209670231
GLOBAL,S1D4,PWRSPVKENXX01,SPVKENXX,2043,37.53228950827612
GLOBAL,S1D4,PWRSPVKENXX01,SPVKENXX,2044,39.34724691984994
GLOBAL,S1D4,PWRSPVKENXX01,SPVKENXX,2045,41.16220433142375
GLOBAL,S1D4,PWRSPVKENXX01,SPVKENXX,2046,43.437980717
GLOBAL,S1D4,PWRSPVKENXX01,SPVKENXX,2047,45.71633151025223
GLOBAL,S1D4,PWRSPVKENXX01,SPVKENXX,2048,47.99210789582849
GLOBAL,S1D4,PWRSPVKENXX01,SPVKENXX,2049,50.267884281404726
GLOBAL,S1D4,PWRSPVKENXX01,SPVKENXX,2050,52.54366066698099
GLOBAL,S1D4,PWRSPVTZAXX01,SPVTZAXX,2026,10.678234524865005
GLOBAL,S1D4,PWRSPVTZAXX01,SPVTZAXX,2027,11.520081441291502
GLOBAL,S1D4,PWRSPVTZAXX01,SPVTZAXX,2028,12.363277471366128
GLOBAL,S1D4,PWRSPVTZAXX01,SPVTZAXX,2029,13.206473501440747
GLOBAL,S1D4,PWRSPVTZAXX01,SPVTZAXX,2030,14.049669531515368
GLOBAL,S1D4,PWRSPVTZAXX01,SPVTZAXX,2031,22.60237550376827
GLOBAL,S1D4,PWRSPVTZAXX01,SPVTZAXX,2032,24.132270380735665
GLOBAL,S1D4,PWRSPVTZAXX01,SPVTZAXX,2033,25.66216525770305
GLOBAL,S1D4,PWRSPVTZAXX01,SPVTZAXX,2034,27.190036464198272
GLOBAL,S1D4,PWRSPVTZAXX01,SPVTZAXX,2035,28.719931341165665
GLOBAL,S1D4,PWRSPVTZAXX01,SPVTZAXX,2036,40.71624990024331
GLOBAL,S1D4,PWRSPVTZAXX01,SPVTZAXX,2037,43.13655978496951
GLOBAL,S1D4,PWRSPVTZAXX01,SPVTZAXX,2038,45.559567896991936
GLOBAL,S1D4,PWRSPVTZAXX01,SPVTZAXX,2039,47.98257600901439
GLOBAL,S1D4,PWRSPVTZAXX01,SPVTZAXX,2040,50.40558412103681
GLOBAL,S1D4,PWRSPVTZAXX01,SPVTZAXX,2041,53.26840328234616
GLOBAL,S1D4,PWRSPVTZAXX01,SPVTZAXX,2042,56.13122244365552
GLOBAL,S1D4,PWRSPVTZAXX01,SPVTZAXX,2043,58.99404160496487
GLOBAL,S1D4,PWRSPVTZAXX01,SPVTZAXX,2044,61.85955899357047
GLOBAL,S1D4,PWRSPVTZAXX01,SPVTZAXX,2045,64.72237815487979
GLOBAL,S1D4,PWRSPVTZAXX01,SPVTZAXX,2046,68.27594350402629
GLOBAL,S1D4,PWRSPVTZAXX01,SPVTZAXX,2047,71.82950885317277
GLOBAL,S1D4,PWRSPVTZAXX01,SPVTZAXX,2048,75.38307420231925
GLOBAL,S1D4,PWRSPVTZAXX01,SPVTZAXX,2049,78.9339413241695
GLOBAL,S1D4,PWRSPVTZAXX01,SPVTZAXX,2050,82.48750667331598
GLOBAL,S1D4,PWRTRNKENXX,ELCKENXX01,2021,50.364963503649626
GLOBAL,S1D4,PWRTRNKENXX,ELCKENXX01,2022,52.55474452554744
GLOBAL,S1D4,PWRTRNKENXX,ELCKENXX01,2023,51.99753678810732
GLOBAL,S1D4,PWRTRNKENXX,ELCKENXX01,2024,53.64963503649634
GLOBAL,S1D4,PWRTRNKENXX,ELCKENXX01,2025,55.21532846715328
GLOBAL,S1D4,PWRTRNKENXX,ELCKENXX01,2026,59.879562043795616
GLOBAL,S1D4,PWRTRNKENXX,ELCKENXX01,2027,64.54379562043795
GLOBAL,S1D4,PWRTRNKENXX,ELCKENXX01,2028,69.2080291970803
GLOBAL,S1D4,PWRTRNKENXX,ELCKENXX01,2029,73.88321167883211
GLOBAL,S1D4,PWRTRNKENXX,ELCKENXX01,2030,78.54744525547444
GLOBAL,S1D4,PWRTRNKENXX,ELCKENXX01,2031,83.91240875912406
GLOBAL,S1D4,PWRTRNKENXX,ELCKENXX01,2032,89.28832116788321
GLOBAL,S1D4,PWRTRNKENXX,ELCKENXX01,2033,94.66423357664232
GLOBAL,S1D4,PWRTRNKENXX,ELCKENXX01,2034,100.04014598540144
GLOBAL,S1D4,PWRTRNKENXX,ELCKENXX01,2035,105.4051094890511
GLOBAL,S1D4,PWRTRNKENXX,ELCKENXX01,2036,111.62408759124088
GLOBAL,S1D4,PWRTRNKENXX,ELCKENXX01,2037,117.83211678832116
GLOBAL,S1D4,PWRTRNKENXX,ELCKENXX01,2038,124.05109489051095
GLOBAL,S1D4,PWRTRNKENXX,ELCKENXX01,2039,130.25912408759123
GLOBAL,S1D4,PWRTRNKENXX,ELCKENXX01,2040,136.47810218978103
GLOBAL,S1D4,PWRTRNKENXX,ELCKENXX01,2041,144.1970802919708
GLOBAL,S1D4,PWRTRNKENXX,ELCKENXX01,2042,151.9051094890511
GLOBAL,S1D4,PWRTRNKENXX,ELCKENXX01,2043,159.62408759124088
GLOBAL,S1D4,PWRTRNKENXX,ELCKENXX01,2044,167.34306569343067
GLOBAL,S1D4,PWRTRNKENXX,ELCKENXX01,2045,175.06204379562044
GLOBAL,S1D4,PWRTRNKENXX,ELCKENXX01,2046,184.74087591240877
GLOBAL,S1D4,PWRTRNKENXX,ELCKENXX01,2047,194.43065693430657
GLOBAL,S1D4,PWRTRNKENXX,ELCKENXX01,2048,204.10948905109487
GLOBAL,S1D4,PWRTRNKENXX,ELCKENXX01,2049,213.7883211678832
GLOBAL,S1D4,PWRTRNKENXX,ELCKENXX01,2050,223.46715328467155
GLOBAL,S1D4,PWRTRNTZAXX,ELCTZAXX01,2021,35.57417912387375
GLOBAL,S1D4,PWRTRNTZAXX,ELCTZAXX01,2022,38.85885065672046
GLOBAL,S1D4,PWRTRNTZAXX,ELCTZAXX01,2023,43.7956204379562
GLOBAL,S1D4,PWRTRNTZAXX,ELCTZAXX01,2024,74.43065693430657
GLOBAL,S1D4,PWRTRNTZAXX,ELCTZAXX01,2025,79.81751824817516
GLOBAL,S1D4,PWRTRNTZAXX,ELCTZAXX01,2026,86.66058394160582
GLOBAL,S1D4,PWRTRNTZAXX,ELCTZAXX01,2027,93.49270072992702
GLOBAL,S1D4,PWRTRNTZAXX,ELCTZAXX01,2028,100.33576642335768
GLOBAL,S1D4,PWRTRNTZAXX,ELCTZAXX01,2029,107.17883211678831
GLOBAL,S1D4,PWRTRNTZAXX,ELCTZAXX01,2030,114.02189781021896
GLOBAL,S1D4,PWRTRNTZAXX,ELCTZAXX01,2031,122.2883211678832
GLOBAL,S1D4,PWRTRNTZAXX,ELCTZAXX01,2032,130.56569343065692
GLOBAL,S1D4,PWRTRNTZAXX,ELCTZAXX01,2033,138.84306569343065
GLOBAL,S1D4,PWRTRNTZAXX,ELCTZAXX01,2034,147.1094890510949
GLOBAL,S1D4,PWRTRNTZAXX,ELCTZAXX01,2035,155.38686131386862
GLOBAL,S1D4,PWRTRNTZAXX,ELCTZAXX01,2036,165.2189781021898
GLOBAL,S1D4,PWRTRNTZAXX,ELCTZAXX01,2037,175.04014598540147
GLOBAL,S1D4,PWRTRNTZAXX,ELCTZAXX01,2038,184.87226277372264
GLOBAL,S1D4,PWRTRNTZAXX,ELCTZAXX01,2039,194.70437956204375
GLOBAL,S1D4,PWRTRNTZAXX,ELCTZAXX01,2040,204.53649635036496
GLOBAL,S1D4,PWRTRNTZAXX,ELCTZAXX01,2041,216.15328467153284
GLOBAL,S1D4,PWRTRNTZAXX,ELCTZAXX01,2042,227.77007299270076
GLOBAL,S1D4,PWRTRNTZAXX,ELCTZAXX01,2043,239.38686131386856
GLOBAL,S1D4,PWRTRNTZAXX,ELCTZAXX01,2044,251.01459854014595
GLOBAL,S1D4,PWRTRNTZAXX,ELCTZAXX01,2045,262.6313868613139
GLOBAL,S1D4,PWRTRNTZAXX,ELCTZAXX01,2046,277.05109489051085
GLOBAL,S1D4,PWRTRNTZAXX,ELCTZAXX01,2047,291.47080291970804
GLOBAL,S1D4,PWRTRNTZAXX,ELCTZAXX01,2048,305.8905109489051
GLOBAL,S1D4,PWRTRNTZAXX,ELCTZAXX01,2049,320.29927007299267
GLOBAL,S1D4,PWRTRNTZAXX,ELCTZAXX01,2050,334.71897810218974
GLOBAL,S1D4,PWRWONKENXX01,WONKENXX,2021,2.5473014784
GLOBAL,S1D4,PWRWONKENXX01,WONKENXX,2022,2.5473014784
GLOBAL,S1D4,PWRWONKENXX01,WONKENXX,2023,2.5473014784
GLOBAL,S1D4,PWRWONKENXX01,WONKENXX,2024,2.504652192
GLOBAL,S1D4,PWRWONKENXX01,WONKENXX,2025,1.6241075736963553
GLOBAL,S1D4,PWRWONKENXX01,WONKENXX,2026,2.504652192
GLOBAL,S1D4,PWRWONKENXX01,WONKENXX,2027,2.504652192
GLOBAL,S1D4,PWRWONKENXX01,WONKENXX,2028,2.504652192
GLOBAL,S1D4,PWRWONKENXX01,WONKENXX,2029,2.504652192
GLOBAL,S1D4,PWRWONKENXX01,WONKENXX,2030,2.504652192
GLOBAL,S1D4,PWRWONKENXX01,WONKENXX,2031,2.504652192
GLOBAL,S1D4,PWRWONKENXX01,WONKENXX,2032,2.504652192
GLOBAL,S1D4,PWRWONKENXX01,WONKENXX,2033,2.504652192
GLOBAL,S1D4,PWRWONKENXX01,WONKENXX,2034,2.504652192
GLOBAL,S1D4,PWRWONKENXX01,WONKENXX,2035,2.504652192
GLOBAL,S1D4,PWRWONKENXX01,WONKENXX,2036,2.504652192
GLOBAL,S1D4,PWRWONKENXX01,WONKENXX,2037,2.504652192
GLOBAL,S1D4,PWRWONKENXX01,WONKENXX,2038,2.504652192
GLOBAL,S1D4,PWRWONKENXX01,WONKENXX,2039,2.504652192
GLOBAL,S1D4,PWRWONKENXX01,WONKENXX,2040,2.504652192
GLOBAL,S1D4,PWRWONKENXX01,WONKENXX,2041,2.504652192
GLOBAL,S1D4,PWRWONKENXX01,WONKENXX,2042,2.504652192
GLOBAL,S1D4,PWRWONKENXX01,WONKENXX,2043,2.504652192
GLOBAL,S1D4,PWRWONKENXX01,WONKENXX,2044,2.504652192
GLOBAL,S1D4,PWRWONKENXX01,WONKENXX,2045,2.504652192
GLOBAL,S1D4,PWRWONKENXX01,WONKENXX,2046,2.504652192
GLOBAL,S1D4,PWRWONKENXX01,WONKENXX,2047,2.504652192
GLOBAL,S1D4,TRNKENXXTZAXX,ELCKENXX02,2023,0.5376827735087841
GLOBAL,S1D4,TRNKENXXTZAXX,ELCTZAXX02,2021,0.5376827735087841
GLOBAL,S1D4,TRNKENXXTZAXX,ELCTZAXX02,2022,0.5376827735087841
GLOBAL,S1D5,PWRBIOKENXX01,BIOKENXX,2021,6.048949799448543
GLOBAL,S1D5,PWRBIOKENXX01,BIOKENXX,2022,8.968838400000001
GLOBAL,S1D5,PWRBIOKENXX01,BIOKENXX,2023,8.968838400000001
GLOBAL,S1D5,PWRBIOKENXX01,BIOKENXX,2024,10.071243843259273
GLOBAL,S1D5,PWRBIOKENXX01,BIOKENXX,2025,13.022047495523939
GLOBAL,S1D5,PWRBIOKENXX01,BIOKENXX,2026,29.448723439234232
GLOBAL,S1D5,PWRBIOKENXX01,BIOKENXX,2027,38.2441299079748
GLOBAL,S1D5,PWRBIOKENXX01,BIOKENXX,2028,42.09515279679568
GLOBAL,S1D5,PWRBIOKENXX01,BIOKENXX,2029,45.84142461376945
GLOBAL,S1D5,PWRBIOKENXX01,BIOKENXX,2030,51.720728875303315
GLOBAL,S1D5,PWRBIOKENXX01,BIOKENXX,2031,55.51712724762322
GLOBAL,S1D5,PWRBIOKENXX01,BIOKENXX,2032,66.76392054012298
GLOBAL,S1D5,PWRBIOKENXX01,BIOKENXX,2033,71.6343923813196
GLOBAL,S1D5,PWRBIOKENXX01,BIOKENXX,2034,76.50486422251623
GLOBAL,S1D5,PWRBIOKENXX01,BIOKENXX,2035,87.27544790345009
GLOBAL,S1D5,PWRBIOKENXX01,BIOKENXX,2036,87.27544790345009
GLOBAL,S1D5,PWRBIOKENXX01,BIOKENXX,2037,108.35001299043286
GLOBAL,S1D5,PWRBIOKENXX01,BIOKENXX,2038,138.03638711870133
GLOBAL,S1D5,PWRBIOKENXX01,BIOKENXX,2039,150.71253391258145
GLOBAL,S1D5,PWRBIOKENXX01,BIOKENXX,2040,163.40156103431062
GLOBAL,S1D5,PWRBIOKENXX01,BIOKENXX,2041,178.8304705182027
GLOBAL,S1D5,PWRBIOKENXX01,BIOKENXX,2042,187.89822132391356
GLOBAL,S1D5,PWRBIOKENXX01,BIOKENXX,2043,196.9788524574733
GLOBAL,S1D5,PWRBIOKENXX01,BIOKENXX,2044,206.05948359103306
GLOBAL,S1D5,PWRBIOKENXX01,BIOKENXX,2045,215.14011472459265
GLOBAL,S1D5,PWRBIOKENXX01,BIOKENXX,2046,226.52632454312732
GLOBAL,S1D5,PWRBIOKENXX01,BIOKENXX,2047,238.05023468951097
GLOBAL,S1D5,PWRBIOKENXX01,BIOKENXX,2048,250.60373300469874
GLOBAL,S1D5,PWRBIOKENXX01,BIOKENXX,2049,261.98994282323315
GLOBAL,S1D5,PWRBIOKENXX01,BIOKENXX,2050,273.3761526417676
GLOBAL,S1D5,PWRBIOTZAXX01,BIOTZAXX,2021,4.112343651632885
GLOBAL,S1D5,PWRBIOTZAXX01,BIOTZAXX,2022,17.918863797937707
GLOBAL,S1D5,PWRBIOTZAXX01,BIOTZAXX,2023,18.469627019515094
GLOBAL,S1D5,PWRBIOTZAXX01,BIOTZAXX,2024,8.829408873918956
GLOBAL,S1D5,PWRBIOTZAXX01,BIOTZAXX,2025,14.09400110843508
GLOBAL,S1D5,PWRBIOTZAXX01,BIOTZAXX,2026,32.44476425661924
GLOBAL,S1D5,PWRBIOTZAXX01,BIOTZAXX,2027,49.83024265279891
GLOBAL,S1D5,PWRBIOTZAXX01,BIOTZAXX,2028,52.00770070610228
GLOBAL,S1D5,PWRBIOTZAXX01,BIOTZAXX,2029,54.296800799423906
GLOBAL,S1D5,PWRBIOTZAXX01,BIOTZAXX,2030,78.57942695322195
GLOBAL,S1D5,PWRBIOTZAXX01,BIOTZAXX,2031,78.57942695322195
GLOBAL,S1D5,PWRBIOTZAXX01,BIOTZAXX,2032,105.82861924229266
GLOBAL,S1D5,PWRBIOTZAXX01,BIOTZAXX,2033,112.04513085114108
GLOBAL,S1D5,PWRBIOTZAXX01,BIOTZAXX,2034,118.25341956103664
GLOBAL,S1D5,PWRBIOTZAXX01,BIOTZAXX,2035,124.46993116988514
GLOBAL,S1D5,PWRBIOTZAXX01,BIOTZAXX,2036,124.46993116988514
GLOBAL,S1D5,PWRBIOTZAXX01,BIOTZAXX,2037,139.0524764657968
GLOBAL,S1D5,PWRBIOTZAXX01,BIOTZAXX,2038,140.52657188943238
GLOBAL,S1D5,PWRBIOTZAXX01,BIOTZAXX,2039,147.58697510859534
GLOBAL,S1D5,PWRBIOTZAXX01,BIOTZAXX,2040,154.64737832775828
GLOBAL,S1D5,PWRBIOTZAXX01,BIOTZAXX,2041,162.9893469419364
GLOBAL,S1D5,PWRBIOTZAXX01,BIOTZAXX,2042,171.33131555611425
GLOBAL,S1D5,PWRBIOTZAXX01,BIOTZAXX,2043,179.6732841702927
GLOBAL,S1D5,PWRBIOTZAXX01,BIOTZAXX,2044,188.02311514885727
GLOBAL,S1D5,PWRBIOTZAXX01,BIOTZAXX,2045,196.36508376303536
GLOBAL,S1D5,PWRBIOTZAXX01,BIOTZAXX,2046,206.71981766018254
GLOBAL,S1D5,PWRBIOTZAXX01,BIOTZAXX,2047,217.0745515573288
GLOBAL,S1D5,PWRBIOTZAXX01,BIOTZAXX,2048,227.42928545447563
GLOBAL,S1D5,PWRBIOTZAXX01,BIOTZAXX,2049,237.77615698723542
GLOBAL,S1D5,PWRBIOTZAXX01,BIOTZAXX,2050,248.13089088438176
GLOBAL,S1D5,PWRCCGTZAXX01,GASINT,2031,15.61666863945275
GLOBAL,S1D5,PWRCCGTZAXX01,GASINT,2032,8.803290327853473
GLOBAL,S1D5,PWRCCGTZAXX01,GASINT,2033,9.820315546403537
GLOBAL,S1D5,PWRCCGTZAXX01,GASINT,2034,10.836133179845259
GLOBAL,S1D5,PWRCCGTZAXX01,GASINT,2035,9.735631487242687
GLOBAL,S1D5,PWRCCGTZAXX01,GASINT,2036,42.30739729067522
GLOBAL,S1D5,PWRCCGTZAXX01,GASINT,2037,45.70794949309914
GLOBAL,S1D5,PWRCCGTZAXX01,GASINT,2038,42.25998965583779
GLOBAL,S1D5,PWRCCGTZAXX01,GASINT,2039,43.07081986553202
GLOBAL,S1D5,PWRCCGTZAXX01,GASINT,2040,43.88221616668506
GLOBAL,S1D5,PWRCCGTZAXX01,GASINT,2041,44.86008301715074
GLOBAL,S1D5,PWRCCGTZAXX01,GASINT,2042,48.11170410805957
GLOBAL,S1D5,PWRCCGTZAXX01,GASINT,2043,51.363891290427055
GLOBAL,S1D5,PWRCCGTZAXX01,GASINT,2044,54.618767532836046
GLOBAL,S1D5,PWRCCGTZAXX01,GASINT,2045,57.87095471520387
GLOBAL,S1D5,PWRCCGTZAXX01,GASINT,2046,61.912871639293854
GLOBAL,S1D5,PWRCCGTZAXX01,GASINT,2047,65.95535465484309
GLOBAL,S1D5,PWRCCGTZAXX01,GASINT,2048,71.0848417331436
GLOBAL,S1D5,PWRCCGTZAXX01,GASINT,2049,75.12406959719254
GLOBAL,S1D5,PWRCCGTZAXX01,GASINT,2050,79.16598652128297
GLOBAL,S1D5,PWRGEOKENXX01,GEOKENXX,2021,33.14898991272247
GLOBAL,S1D5,PWRGEOKENXX01,GEOKENXX,2022,35.695159112212274
GLOBAL,S1D5,PWRGEOKENXX01,GEOKENXX,2023,35.695159112212274
GLOBAL,S1D5,PWRGEOKENXX01,GEOKENXX,2024,35.695159112212274
GLOBAL,S1D5,PWRGEOKENXX01,GEOKENXX,2025,36.32705391873482
GLOBAL,S1D5,PWRGEOKENXX01,GEOKENXX,2026,36.32705391873482
GLOBAL,S1D5,PWRGEOKENXX01,GEOKENXX,2027,38.42504708566995
GLOBAL,S1D5,PWRGEOKENXX01,GEOKENXX,2028,41.11940486977837
GLOBAL,S1D5,PWRGEOKENXX01,GEOKENXX,2029,45.762341566122174
GLOBAL,S1D5,PWRGEOKENXX01,GEOKENXX,2030,48.782009654110695
GLOBAL,S1D5,PWRGEOKENXX01,GEOKENXX,2031,48.7820096541108
GLOBAL,S1D5,PWRGEOKENXX01,GEOKENXX,2032,50.548658236093054
GLOBAL,S1D5,PWRGEOKENXX01,GEOKENXX,2033,54.333130062158645
GLOBAL,S1D5,PWRGEOKENXX01,GEOKENXX,2034,58.117601888224286
GLOBAL,S1D5,PWRGEOKENXX01,GEOKENXX,2035,61.04424645032595
GLOBAL,S1D5,PWRGEOKENXX01,GEOKENXX,2036,61.04424645032595
GLOBAL,S1D5,PWRGEOKENXX01,GEOKENXX,2037,61.04424645032595
GLOBAL,S1D5,PWRGEOKENXX01,GEOKENXX,2038,61.57527611851569
GLOBAL,S1D5,PWRGEOKENXX01,GEOKENXX,2039,64.54466353803424
GLOBAL,S1D5,PWRGEOKENXX01,GEOKENXX,2040,67.52065106101969
GLOBAL,S1D5,PWRGEOKENXX01,GEOKENXX,2041,71.26056543922155
GLOBAL,S1D5,PWRGEOKENXX01,GEOKENXX,2042,75.9070382798847
GLOBAL,S1D5,PWRGEOKENXX01,GEOKENXX,2043,80.5601112240148
GLOBAL,S1D5,PWRGEOKENXX01,GEOKENXX,2044,85.21318416814483
GLOBAL,S1D5,PWRGEOKENXX01,GEOKENXX,2045,89.86625711227488
GLOBAL,S1D5,PWRGEOKENXX01,GEOKENXX,2046,95.70074857697124
GLOBAL,S1D5,PWRGEOKENXX01,GEOKENXX,2047,101.51934014513446
GLOBAL,S1D5,PWRGEOKENXX01,GEOKENXX,2048,109.10977369995322
GLOBAL,S1D5,PWRGEOKENXX01,GEOKENXX,2049,114.94426516464968
GLOBAL,S1D5,PWRGEOKENXX01,GEOKENXX,2050,120.77875662934603
GLOBAL,S1D5,PWRGEOTZAXX01,GEOTZAXX,2021,24.231809870872407
GLOBAL,S1D5,PWRGEOTZAXX01,GEOTZAXX,2022,23.370379257681645
GLOBAL,S1D5,PWRGEOTZAXX01,GEOTZAXX,2023,27.623632803874795
GLOBAL,S1D5,PWRGEOTZAXX01,GEOTZAXX,2024,61.671751578516634
GLOBAL,S1D5,PWRGEOTZAXX01,GEOTZAXX,2025,65.4776542634014
GLOBAL,S1D5,PWRGEOTZAXX01,GEOTZAXX,2026,65.4776542634014
GLOBAL,S1D5,PWRGEOTZAXX01,GEOTZAXX,2027,66.59753035505938
GLOBAL,S1D5,PWRGEOTZAXX01,GEOTZAXX,2028,72.31077131265107
GLOBAL,S1D5,PWRGEOTZAXX01,GEOTZAXX,2029,77.98976907670036
GLOBAL,S1D5,PWRGEOTZAXX01,GEOTZAXX,2030,80.31704107926296
GLOBAL,S1D5,PWRGEOTZAXX01,GEOTZAXX,2031,81.01186988217886
GLOBAL,S1D5,PWRGEOTZAXX01,GEOTZAXX,2032,84.56503611180561
GLOBAL,S1D5,PWRGEOTZAXX01,GEOTZAXX,2033,90.51912090074872
GLOBAL,S1D5,PWRGEOTZAXX01,GEOTZAXX,2034,96.46532991616131
GLOBAL,S1D5,PWRGEOTZAXX01,GEOTZAXX,2035,102.41941470510444
GLOBAL,S1D5,PWRGEOTZAXX01,GEOTZAXX,2036,102.41941470510444
GLOBAL,S1D5,PWRGEOTZAXX01,GEOTZAXX,2037,105.6826172645692
GLOBAL,S1D5,PWRGEOTZAXX01,GEOTZAXX,2038,112.9496366640308
GLOBAL,S1D5,PWRGEOTZAXX01,GEOTZAXX,2039,119.45412428687112
GLOBAL,S1D5,PWRGEOTZAXX01,GEOTZAXX,2040,125.95861190971148
GLOBAL,S1D5,PWRGEOTZAXX01,GEOTZAXX,2041,133.64375819905842
GLOBAL,S1D5,PWRGEOTZAXX01,GEOTZAXX,2042,141.32890448840544
GLOBAL,S1D5,PWRGEOTZAXX01,GEOTZAXX,2043,149.01405077775237
GLOBAL,S1D5,PWRGEOTZAXX01,GEOTZAXX,2044,156.70644037180188
GLOBAL,S1D5,PWRGEOTZAXX01,GEOTZAXX,2045,164.39158666114886
GLOBAL,S1D5,PWRGEOTZAXX01,GEOTZAXX,2046,173.93101895433435
GLOBAL,S1D5,PWRGEOTZAXX01,GEOTZAXX,2047,183.4704512475201
GLOBAL,S1D5,PWRGEOTZAXX01,GEOTZAXX,2048,193.00988354070563
GLOBAL,S1D5,PWRGEOTZAXX01,GEOTZAXX,2049,202.5420725291888
GLOBAL,S1D5,PWRGEOTZAXX01,GEOTZAXX,2050,212.0815048223745
GLOBAL,S1D5,PWRHYDKENXX01,HYDKENXX,2021,12.23632561824
GLOBAL,S1D5,PWRHYDKENXX01,HYDKENXX,2022,10.955922060726634
GLOBAL,S1D5,PWRHYDKENXX01,HYDKENXX,2023,10.91683619749505
GLOBAL,S1D5,PWRHYDKENXX01,HYDKENXX,2024,12.23632561824
GLOBAL,S1D5,PWRHYDKENXX01,HYDKENXX,2025,12.23632561824
GLOBAL,S1D5,PWRHYDKENXX01,HYDKENXX,2026,12.23632561824
GLOBAL,S1D5,PWRHYDKENXX01,HYDKENXX,2027,12.23632561824
GLOBAL,S1D5,PWRHYDKENXX01,HYDKENXX,2028,12.23632561824
GLOBAL,S1D5,PWRHYDKENXX01,HYDKENXX,2029,12.23632561824
GLOBAL,S1D5,PWRHYDKENXX01,HYDKENXX,2030,12.23632561824
GLOBAL,S1D5,PWRHYDKENXX01,HYDKENXX,2031,12.23632561824
GLOBAL,S1D5,PWRHYDKENXX01,HYDKENXX,2032,12.23632561824
GLOBAL,S1D5,PWRHYDKENXX01,HYDKENXX,2033,12.23632561824
GLOBAL,S1D5,PWRHYDKENXX01,HYDKENXX,2034,12.23632561824
GLOBAL,S1D5,PWRHYDKENXX01,HYDKENXX,2035,12.23632561824
GLOBAL,S1D5,PWRHYDKENXX01,HYDKENXX,2036,12.23632561824
GLOBAL,S1D5,PWRHYDKENXX01,HYDKENXX,2037,12.23632561824
GLOBAL,S1D5,PWRHYDKENXX01,HYDKENXX,2038,12.23632561824
GLOBAL,S1D5,PWRHYDKENXX01,HYDKENXX,2039,12.23632561824
GLOBAL,S1D5,PWRHYDKENXX01,HYDKENXX,2040,12.23632561824
GLOBAL,S1D5,PWRHYDKENXX01,HYDKENXX,2041,12.23632561824
GLOBAL,S1D5,PWRHYDKENXX01,HYDKENXX,2042,12.23632561824
GLOBAL,S1D5,PWRHYDKENXX01,HYDKENXX,2043,12.23632561824
GLOBAL,S1D5,PWRHYDKENXX01,HYDKENXX,2044,12.23632561824
GLOBAL,S1D5,PWRHYDKENXX01,HYDKENXX,2045,12.23632561824
GLOBAL,S1D5,PWRHYDKENXX01,HYDKENXX,2046,12.23632561824
GLOBAL,S1D5,PWRHYDKENXX01,HYDKENXX,2047,12.23632561824
GLOBAL,S1D5,PWRHYDKENXX01,HYDKENXX,2048,12.23632561824
GLOBAL,S1D5,PWRHYDKENXX01,HYDKENXX,2049,12.23632561824
GLOBAL,S1D5,PWRHYDKENXX01,HYDKENXX,2050,12.23632561824
GLOBAL,S1D5,PWRHYDTZAXX01,HYDTZAXX,2021,10.107431219477949
GLOBAL,S1D5,PWRHYDTZAXX01,HYDTZAXX,2022,10.107431219477949
GLOBAL,S1D5,PWRHYDTZAXX01,HYDTZAXX,2023,10.107431219477949
GLOBAL,S1D5,PWRHYDTZAXX01,HYDTZAXX,2024,10.107431219477949
GLOBAL,S1D5,PWRHYDTZAXX01,HYDTZAXX,2025,10.107431219477949
GLOBAL,S1D5,PWRHYDTZAXX01,HYDTZAXX,2026,11.439757228769224
GLOBAL,S1D5,PWRHYDTZAXX01,HYDTZAXX,2027,11.931133542195283
GLOBAL,S1D5,PWRHYDTZAXX01,HYDTZAXX,2028,12.407066970735949
GLOBAL,S1D5,PWRHYDTZAXX01,HYDTZAXX,2029,12.6301017744
GLOBAL,S1D5,PWRHYDTZAXX01,HYDTZAXX,2030,10.107431219477949
GLOBAL,S1D5,PWRHYDTZAXX01,HYDTZAXX,2031,12.6301017744
GLOBAL,S1D5,PWRHYDTZAXX01,HYDTZAXX,2032,12.6301017744
GLOBAL,S1D5,PWRHYDTZAXX01,HYDTZAXX,2033,12.6301017744
GLOBAL,S1D5,PWRHYDTZAXX01,HYDTZAXX,2034,12.6301017744
GLOBAL,S1D5,PWRHYDTZAXX01,HYDTZAXX,2035,12.6301017744
GLOBAL,S1D5,PWRHYDTZAXX01,HYDTZAXX,2036,12.6301017744
GLOBAL,S1D5,PWRHYDTZAXX01,HYDTZAXX,2037,12.6301017744
GLOBAL,S1D5,PWRHYDTZAXX01,HYDTZAXX,2038,12.6301017744
GLOBAL,S1D5,PWRHYDTZAXX01,HYDTZAXX,2039,12.6301017744
GLOBAL,S1D5,PWRHYDTZAXX01,HYDTZAXX,2040,12.6301017744
GLOBAL,S1D5,PWRHYDTZAXX01,HYDTZAXX,2041,12.6301017744
GLOBAL,S1D5,PWRHYDTZAXX01,HYDTZAXX,2042,12.6301017744
GLOBAL,S1D5,PWRHYDTZAXX01,HYDTZAXX,2043,12.6301017744
GLOBAL,S1D5,PWRHYDTZAXX01,HYDTZAXX,2044,12.6301017744
GLOBAL,S1D5,PWRHYDTZAXX01,HYDTZAXX,2045,12.6301017744
GLOBAL,S1D5,PWRHYDTZAXX01,HYDTZAXX,2046,12.6301017744
GLOBAL,S1D5,PWRHYDTZAXX01,HYDTZAXX,2047,12.6301017744
GLOBAL,S1D5,PWRHYDTZAXX01,HYDTZAXX,2048,12.6301017744
GLOBAL,S1D5,PWRHYDTZAXX01,HYDTZAXX,2049,12.6301017744
GLOBAL,S1D5,PWRHYDTZAXX01,HYDTZAXX,2050,12.6301017744
GLOBAL,S1D5,PWRTRNKENXX,ELCKENXX01,2021,50.364963503649626
GLOBAL,S1D5,PWRTRNKENXX,ELCKENXX01,2022,52.55474452554744
GLOBAL,S1D5,PWRTRNKENXX,ELCKENXX01,2023,51.99753678810732
GLOBAL,S1D5,PWRTRNKENXX,ELCKENXX01,2024,53.64963503649634
GLOBAL,S1D5,PWRTRNKENXX,ELCKENXX01,2025,55.21532846715328
GLOBAL,S1D5,PWRTRNKENXX,ELCKENXX01,2026,59.879562043795616
GLOBAL,S1D5,PWRTRNKENXX,ELCKENXX01,2027,64.54379562043795
GLOBAL,S1D5,PWRTRNKENXX,ELCKENXX01,2028,69.2080291970803
GLOBAL,S1D5,PWRTRNKENXX,ELCKENXX01,2029,74.14640223141029
GLOBAL,S1D5,PWRTRNKENXX,ELCKENXX01,2030,78.54744525547444
GLOBAL,S1D5,PWRTRNKENXX,ELCKENXX01,2031,83.91240875912406
GLOBAL,S1D5,PWRTRNKENXX,ELCKENXX01,2032,89.28832116788321
GLOBAL,S1D5,PWRTRNKENXX,ELCKENXX01,2033,94.66423357664232
GLOBAL,S1D5,PWRTRNKENXX,ELCKENXX01,2034,100.04014598540144
GLOBAL,S1D5,PWRTRNKENXX,ELCKENXX01,2035,105.4051094890511
GLOBAL,S1D5,PWRTRNKENXX,ELCKENXX01,2036,111.62408759124088
GLOBAL,S1D5,PWRTRNKENXX,ELCKENXX01,2037,117.83211678832116
GLOBAL,S1D5,PWRTRNKENXX,ELCKENXX01,2038,124.05109489051095
GLOBAL,S1D5,PWRTRNKENXX,ELCKENXX01,2039,130.25912408759123
GLOBAL,S1D5,PWRTRNKENXX,ELCKENXX01,2040,136.47810218978103
GLOBAL,S1D5,PWRTRNKENXX,ELCKENXX01,2041,144.1970802919708
GLOBAL,S1D5,PWRTRNKENXX,ELCKENXX01,2042,151.9051094890511
GLOBAL,S1D5,PWRTRNKENXX,ELCKENXX01,2043,159.62408759124088
GLOBAL,S1D5,PWRTRNKENXX,ELCKENXX01,2044,167.34306569343067
GLOBAL,S1D5,PWRTRNKENXX,ELCKENXX01,2045,175.06204379562044
GLOBAL,S1D5,PWRTRNKENXX,ELCKENXX01,2046,184.74087591240877
GLOBAL,S1D5,PWRTRNKENXX,ELCKENXX01,2047,194.43065693430657
GLOBAL,S1D5,PWRTRNKENXX,ELCKENXX01,2048,204.10948905109487
GLOBAL,S1D5,PWRTRNKENXX,ELCKENXX01,2049,213.7883211678832
GLOBAL,S1D5,PWRTRNKENXX,ELCKENXX01,2050,223.46715328467155
GLOBAL,S1D5,PWRTRNTZAXX,ELCTZAXX01,2021,35.57417912387375
GLOBAL,S1D5,PWRTRNTZAXX,ELCTZAXX01,2022,38.85885065672046
GLOBAL,S1D5,PWRTRNTZAXX,ELCTZAXX01,2023,43.7956204379562
GLOBAL,S1D5,PWRTRNTZAXX,ELCTZAXX01,2024,74.43065693430657
GLOBAL,S1D5,PWRTRNTZAXX,ELCTZAXX01,2025,79.81751824817516
GLOBAL,S1D5,PWRTRNTZAXX,ELCTZAXX01,2026,86.66058394160582
GLOBAL,S1D5,PWRTRNTZAXX,ELCTZAXX01,2027,93.49270072992702
GLOBAL,S1D5,PWRTRNTZAXX,ELCTZAXX01,2028,100.33576642335768
GLOBAL,S1D5,PWRTRNTZAXX,ELCTZAXX01,2029,107.17883211678831
GLOBAL,S1D5,PWRTRNTZAXX,ELCTZAXX01,2030,114.02189781021896
GLOBAL,S1D5,PWRTRNTZAXX,ELCTZAXX01,2031,125.04773148778332
GLOBAL,S1D5,PWRTRNTZAXX,ELCTZAXX01,2032,133.37714918895898
GLOBAL,S1D5,PWRTRNTZAXX,ELCTZAXX01,2033,141.70656689013458
GLOBAL,S1D5,PWRTRNTZAXX,ELCTZAXX01,2034,150.02503568620065
GLOBAL,S1D5,PWRTRNTZAXX,ELCTZAXX01,2035,157.29568993179998
GLOBAL,S1D5,PWRTRNTZAXX,ELCTZAXX01,2036,173.58157283351625
GLOBAL,S1D5,PWRTRNTZAXX,ELCTZAXX01,2037,182.924194225698
GLOBAL,S1D5,PWRTRNTZAXX,ELCTZAXX01,2038,188.909905004918
GLOBAL,S1D5,PWRTRNTZAXX,ELCTZAXX01,2039,197.94004893956125
GLOBAL,S1D5,PWRTRNTZAXX,ELCTZAXX01,2040,206.970475919934
GLOBAL,S1D5,PWRTRNTZAXX,ELCTZAXX01,2041,217.6496513144472
GLOBAL,S1D5,PWRTRNTZAXX,ELCTZAXX01,2042,229.46570382918185
GLOBAL,S1D5,PWRTRNTZAXX,ELCTZAXX01,2043,241.282039389646
GLOBAL,S1D5,PWRTRNTZAXX,ELCTZAXX01,2044,253.10932385521969
GLOBAL,S1D5,PWRTRNTZAXX,ELCTZAXX01,2045,264.9256594156839
GLOBAL,S1D5,PWRTRNTZAXX,ELCTZAXX01,2046,279.5955798697574
GLOBAL,S1D5,PWRTRNTZAXX,ELCTZAXX01,2047,294.2657833695605
GLOBAL,S1D5,PWRTRNTZAXX,ELCTZAXX01,2048,309.4794889007392
GLOBAL,S1D5,PWRTRNTZAXX,ELCTZAXX01,2049,324.1384604497032
GLOBAL,S1D5,PWRTRNTZAXX,ELCTZAXX01,2050,338.80838090377694
GLOBAL,S1D5,PWRWONKENXX01,WONKENXX,2021,2.5473014784
GLOBAL,S1D5,PWRWONKENXX01,WONKENXX,2022,2.5473014784
GLOBAL,S1D5,PWRWONKENXX01,WONKENXX,2023,2.5473014784
GLOBAL,S1D5,PWRWONKENXX01,WONKENXX,2024,2.531047824
GLOBAL,S1D5,PWRWONKENXX01,WONKENXX,2025,2.531047824
GLOBAL,S1D5,PWRWONKENXX01,WONKENXX,2026,1.9969662285821288
GLOBAL,S1D5,PWRWONKENXX01,WONKENXX,2027,1.7798501608397734
GLOBAL,S1D5,PWRWONKENXX01,WONKENXX,2028,2.531047824
GLOBAL,S1D5,PWRWONKENXX01,WONKENXX,2029,1.6409551059817946
GLOBAL,S1D5,PWRWONKENXX01,WONKENXX,2030,1.1617907187872694
GLOBAL,S1D5,PWRWONKENXX01,WONKENXX,2031,2.64933936
GLOBAL,S1D5,PWRWONKENXX01,WONKENXX,2032,2.64933936
GLOBAL,S1D5,PWRWONKENXX01,WONKENXX,2033,2.64933936
GLOBAL,S1D5,PWRWONKENXX01,WONKENXX,2034,2.64933936
GLOBAL,S1D5,PWRWONKENXX01,WONKENXX,2035,2.64933936
GLOBAL,S1D5,PWRWONKENXX01,WONKENXX,2036,2.64933936
GLOBAL,S1D5,PWRWONKENXX01,WONKENXX,2037,2.64933936
GLOBAL,S1D5,PWRWONKENXX01,WONKENXX,2038,2.64933936
GLOBAL,S1D5,PWRWONKENXX01,WONKENXX,2039,2.64933936
GLOBAL,S1D5,PWRWONKENXX01,WONKENXX,2040,2.64933936
GLOBAL,S1D5,PWRWONKENXX01,WONKENXX,2041,2.64933936
GLOBAL,S1D5,PWRWONKENXX01,WONKENXX,2042,2.64933936
GLOBAL,S1D5,PWRWONKENXX01,WONKENXX,2043,2.64933936
GLOBAL,S1D5,PWRWONKENXX01,WONKENXX,2044,2.64933936
GLOBAL,S1D5,PWRWONKENXX01,WONKENXX,2045,2.64933936
GLOBAL,S1D5,PWRWONKENXX01,WONKENXX,2046,2.64933936
GLOBAL,S1D5,PWRWONKENXX01,WONKENXX,2047,2.64933936
GLOBAL,S1D5,TRNKENXXTZAXX,ELCKENXX02,2023,0.5376827735087841
GLOBAL,S1D5,TRNKENXXTZAXX,ELCKENXX02,2029,0.263190552578183
GLOBAL,S1D5,TRNKENXXTZAXX,ELCTZAXX02,2021,0.5376827735087841
GLOBAL,S1D5,TRNKENXXTZAXX,ELCTZAXX02,2022,0.5376827735087841
GLOBAL,S1D5,TRNKENXXTZAXX,ELCTZAXX02,2031,2.759410319900113
GLOBAL,S1D5,TRNKENXXTZAXX,ELCTZAXX02,2032,2.8114557583020523
GLOBAL,S1D5,TRNKENXXTZAXX,ELCTZAXX02,2033,2.863501196703929
GLOBAL,S1D5,TRNKENXXTZAXX,ELCTZAXX02,2034,2.915546635105781
GLOBAL,S1D5,TRNKENXXTZAXX,ELCTZAXX02,2035,1.9088286179314011
GLOBAL,S1D5,TRNKENXXTZAXX,ELCTZAXX02,2036,8.362594731326487
GLOBAL,S1D5,TRNKENXXTZAXX,ELCTZAXX02,2037,7.884048240296507
GLOBAL,S1D5,TRNKENXXTZAXX,ELCTZAXX02,2038,4.037642231195333
GLOBAL,S1D5,TRNKENXXTZAXX,ELCTZAXX02,2039,3.235669377517445
GLOBAL,S1D5,TRNKENXXTZAXX,ELCTZAXX02,2040,2.4339795695690105
GLOBAL,S1D5,TRNKENXXTZAXX,ELCTZAXX02,2041,1.496366642914323
GLOBAL,S1D5,TRNKENXXTZAXX,ELCTZAXX02,2042,1.69563083648111
GLOBAL,S1D5,TRNKENXXTZAXX,ELCTZAXX02,2043,1.8951780757773928
GLOBAL,S1D5,TRNKENXXTZAXX,ELCTZAXX02,2044,2.0947253150736924
GLOBAL,S1D5,TRNKENXXTZAXX,ELCTZAXX02,2045,2.294272554370051
GLOBAL,S1D5,TRNKENXXTZAXX,ELCTZAXX02,2046,2.544484979246484
GLOBAL,S1D5,TRNKENXXTZAXX,ELCTZAXX02,2047,2.7949804498524795
GLOBAL,S1D5,TRNKENXXTZAXX,ELCTZAXX02,2048,3.5889779518340874
GLOBAL,S1D5,TRNKENXXTZAXX,ELCTZAXX02,2049,3.839190376710553
GLOBAL,S1D5,TRNKENXXTZAXX,ELCTZAXX02,2050,4.089402801587104
GLOBAL,S1D6,PWRBIOKENXX01,BIOKENXX,2022,8.968838400000001
GLOBAL,S1D6,PWRBIOKENXX01,BIOKENXX,2025,29.448723439234232
GLOBAL,S1D6,PWRBIOKENXX01,BIOKENXX,2027,38.2441299079748
GLOBAL,S1D6,PWRBIOKENXX01,BIOKENXX,2028,6.83779169658873
GLOBAL,S1D6,PWRBIOKENXX01,BIOKENXX,2032,22.35216790863325
GLOBAL,S1D6,PWRBIOKENXX01,BIOKENXX,2033,56.61997278730687
GLOBAL,S1D6,PWRBIOKENXX01,BIOKENXX,2036,24.081049479090332
GLOBAL,S1D6,PWRBIOKENXX01,BIOKENXX,2037,108.35001299043286
GLOBAL,S1D6,PWRBIOKENXX01,BIOKENXX,2038,22.074843088875088
GLOBAL,S1D6,PWRBIOKENXX01,BIOKENXX,2039,150.71253391258145
GLOBAL,S1D6,PWRBIOKENXX01,BIOKENXX,2040,29.46702031435805
GLOBAL,S1D6,PWRBIOKENXX01,BIOKENXX,2041,33.91020474785332
GLOBAL,S1D6,PWRBIOKENXX01,BIOKENXX,2042,187.89822132391356
GLOBAL,S1D6,PWRBIOKENXX01,BIOKENXX,2043,147.62659826093292
GLOBAL,S1D6,PWRBIOKENXX01,BIOKENXX,2044,206.05948359103306
GLOBAL,S1D6,PWRBIOKENXX01,BIOKENXX,2045,135.05131473371048
GLOBAL,S1D6,PWRBIOKENXX01,BIOKENXX,2046,226.52632454312732
GLOBAL,S1D6,PWRBIOKENXX01,BIOKENXX,2047,44.11787813702255
GLOBAL,S1D6,PWRBIOKENXX01,BIOKENXX,2048,46.536983088816015
GLOBAL,S1D6,PWRBIOKENXX01,BIOKENXX,2049,48.490063053075865
GLOBAL,S1D6,PWRBIOKENXX01,BIOKENXX,2050,50.44314301733612
GLOBAL,S1D6,PWRBIOTZAXX01,BIOTZAXX,2031,48.21785589038689
GLOBAL,S1D6,PWRBIOTZAXX01,BIOTZAXX,2032,105.82861924229266
GLOBAL,S1D6,PWRBIOTZAXX01,BIOTZAXX,2033,112.04513085114108
GLOBAL,S1D6,PWRBIOTZAXX01,BIOTZAXX,2034,45.130071186837355
GLOBAL,S1D6,PWRBIOTZAXX01,BIOTZAXX,2035,88.31799094315642
GLOBAL,S1D6,PWRBIOTZAXX01,BIOTZAXX,2036,67.39405775592607
GLOBAL,S1D6,PWRBIOTZAXX01,BIOTZAXX,2037,9.229457504292604
GLOBAL,S1D6,PWRBIOTZAXX01,BIOTZAXX,2038,16.333115483480675
GLOBAL,S1D6,PWRBIOTZAXX01,BIOTZAXX,2039,0.7479686222949591
GLOBAL,S1D6,PWRBIOTZAXX01,BIOTZAXX,2040,1.1694468104879343
GLOBAL,S1D6,PWRBIOTZAXX01,BIOTZAXX,2043,0.024457325836808548
GLOBAL,S1D6,PWRBIOTZAXX01,BIOTZAXX,2044,8.312864081227403
GLOBAL,S1D6,PWRBIOTZAXX01,BIOTZAXX,2045,42.31530699569674
GLOBAL,S1D6,PWRBIOTZAXX01,BIOTZAXX,2046,12.314523979889216
GLOBAL,S1D6,PWRBIOTZAXX01,BIOTZAXX,2047,46.74775954955569
GLOBAL,S1D6,PWRBIOTZAXX01,BIOTZAXX,2048,16.746976533746935
GLOBAL,S1D6,PWRBIOTZAXX01,BIOTZAXX,2049,51.17852931960495
GLOBAL,S1D6,PWRBIOTZAXX01,BIOTZAXX,2050,53.39475559653319
GLOBAL,S1D6,PWRGEOKENXX01,GEOKENXX,2021,20.561523814707055
GLOBAL,S1D6,PWRGEOKENXX01,GEOKENXX,2022,17.380748966716432
GLOBAL,S1D6,PWRGEOKENXX01,GEOKENXX,2023,31.798184663711965
GLOBAL,S1D6,PWRGEOKENXX01,GEOKENXX,2024,21.626679387424232
GLOBAL,S1D6,PWRGEOKENXX01,GEOKENXX,2025,13.351258729623504
GLOBAL,S1D6,PWRGEOKENXX01,GEOKENXX,2026,32.076803622761815
GLOBAL,S1D6,PWRGEOKENXX01,GEOKENXX,2027,16.786880354363745
GLOBAL,S1D6,PWRGEOKENXX01,GEOKENXX,2028,42.07140964755498
GLOBAL,S1D6,PWRGEOKENXX01,GEOKENXX,2029,35.11573048231474
GLOBAL,S1D6,PWRGEOKENXX01,GEOKENXX,2030,38.22521953340964
GLOBAL,S1D6,PWRGEOKENXX01,GEOKENXX,2031,48.782009654110695
GLOBAL,S1D6,PWRGEOKENXX01,GEOKENXX,2032,50.548658236093054
GLOBAL,S1D6,PWRGEOKENXX01,GEOKENXX,2033,31.0520321734793
GLOBAL,S1D6,PWRGEOKENXX01,GEOKENXX,2034,52.55368668669431
GLOBAL,S1D6,PWRGEOKENXX01,GEOKENXX,2035,56.493522107917656
GLOBAL,S1D6,PWRGEOKENXX01,GEOKENXX,2036,61.04424645032595
GLOBAL,S1D6,PWRGEOKENXX01,GEOKENXX,2037,31.81522704871777
GLOBAL,S1D6,PWRGEOKENXX01,GEOKENXX,2038,61.57527611851569
GLOBAL,S1D6,PWRGEOKENXX01,GEOKENXX,2039,25.00583224240053
GLOBAL,S1D6,PWRGEOKENXX01,GEOKENXX,2040,67.52065106101969
GLOBAL,S1D6,PWRGEOKENXX01,GEOKENXX,2041,71.26056543922155
GLOBAL,S1D6,PWRGEOKENXX01,GEOKENXX,2042,28.05311408705728
GLOBAL,S1D6,PWRGEOKENXX01,GEOKENXX,2043,45.5590364932456
GLOBAL,S1D6,PWRGEOKENXX01,GEOKENXX,2044,34.11702083844592
GLOBAL,S1D6,PWRGEOKENXX01,GEOKENXX,2045,61.518732687567805
GLOBAL,S1D6,PWRGEOKENXX01,GEOKENXX,2046,37.335294229869845
GLOBAL,S1D6,PWRGEOKENXX01,GEOKENXX,2047,101.51934014513446
GLOBAL,S1D6,PWRGEOKENXX01,GEOKENXX,2048,109.10977369995322
GLOBAL,S1D6,PWRGEOKENXX01,GEOKENXX,2049,114.94426516464968
GLOBAL,S1D6,PWRGEOKENXX01,GEOKENXX,2050,120.77875662934603
GLOBAL,S1D6,PWRGEOTZAXX01,GEOTZAXX,2021,13.78791578760748
GLOBAL,S1D6,PWRGEOTZAXX01,GEOTZAXX,2022,15.977696809505288
GLOBAL,S1D6,PWRGEOTZAXX01,GEOTZAXX,2023,18.57152719828432
GLOBAL,S1D6,PWRGEOTZAXX01,GEOTZAXX,2024,39.51300673672643
GLOBAL,S1D6,PWRGEOTZAXX01,GEOTZAXX,2025,43.10424761263884
GLOBAL,S1D6,PWRGEOTZAXX01,GEOTZAXX,2026,46.333965398968
GLOBAL,S1D6,PWRGEOTZAXX01,GEOTZAXX,2027,50.397333611089394
GLOBAL,S1D6,PWRGEOTZAXX01,GEOTZAXX,2028,66.8905109489051
GLOBAL,S1D6,PWRGEOTZAXX01,GEOTZAXX,2029,58.822452970125546
GLOBAL,S1D6,PWRGEOTZAXX01,GEOTZAXX,2030,65.90716732066805
GLOBAL,S1D6,PWRGEOTZAXX01,GEOTZAXX,2031,64.090386632522
GLOBAL,S1D6,PWRGEOTZAXX01,GEOTZAXX,2032,42.63332770721132
GLOBAL,S1D6,PWRGEOTZAXX01,GEOTZAXX,2033,46.28475557943633
GLOBAL,S1D6,PWRGEOTZAXX01,GEOTZAXX,2034,71.89031699634873
GLOBAL,S1D6,PWRGEOTZAXX01,GEOTZAXX,2035,64.43921989936334
GLOBAL,S1D6,PWRGEOTZAXX01,GEOTZAXX,2036,86.95220540988576
GLOBAL,S1D6,PWRGEOTZAXX01,GEOTZAXX,2037,101.29172002238636
GLOBAL,S1D6,PWRGEOTZAXX01,GEOTZAXX,2038,105.713233923553
GLOBAL,S1D6,PWRGEOTZAXX01,GEOTZAXX,2039,119.45412428687112
GLOBAL,S1D6,PWRGEOTZAXX01,GEOTZAXX,2040,123.37637723080188
GLOBAL,S1D6,PWRGEOTZAXX01,GEOTZAXX,2041,131.4720880066219
GLOBAL,S1D6,PWRGEOTZAXX01,GEOTZAXX,2042,139.21661355406715
GLOBAL,S1D6,PWRGEOTZAXX01,GEOTZAXX,2043,146.95379455921906
GLOBAL,S1D6,PWRGEOTZAXX01,GEOTZAXX,2044,152.2166083390825
GLOBAL,S1D6,PWRGEOTZAXX01,GEOTZAXX,2045,162.38029184276877
GLOBAL,S1D6,PWRGEOTZAXX01,GEOTZAXX,2046,168.37257290339136
GLOBAL,S1D6,PWRGEOTZAXX01,GEOTZAXX,2047,167.64540060764088
GLOBAL,S1D6,PWRGEOTZAXX01,GEOTZAXX,2048,186.26778344266376
GLOBAL,S1D6,PWRGEOTZAXX01,GEOTZAXX,2049,185.53381721732336
GLOBAL,S1D6,PWRGEOTZAXX01,GEOTZAXX,2050,194.4814224869598
GLOBAL,S1D6,PWRHYDKENXX01,HYDKENXX,2021,12.23632561824
GLOBAL,S1D6,PWRHYDKENXX01,HYDKENXX,2022,12.23632561824
GLOBAL,S1D6,PWRHYDKENXX01,HYDKENXX,2023,1.3134084755730948
GLOBAL,S1D6,PWRHYDKENXX01,HYDKENXX,2024,12.23632561824
GLOBAL,S1D6,PWRHYDKENXX01,HYDKENXX,2025,12.23632561824
GLOBAL,S1D6,PWRHYDKENXX01,HYDKENXX,2026,7.842904406435272
GLOBAL,S1D6,PWRHYDKENXX01,HYDKENXX,2027,12.23632561824
GLOBAL,S1D6,PWRHYDKENXX01,HYDKENXX,2029,12.23632561824
GLOBAL,S1D6,PWRHYDKENXX01,HYDKENXX,2030,12.23632561824
GLOBAL,S1D6,PWRHYDKENXX01,HYDKENXX,2031,7.026752621068858
GLOBAL,S1D6,PWRHYDKENXX01,HYDKENXX,2033,12.23632561824
GLOBAL,S1D6,PWRHYDKENXX01,HYDKENXX,2034,12.23632561824
GLOBAL,S1D6,PWRHYDKENXX01,HYDKENXX,2035,12.23632561824
GLOBAL,S1D6,PWRHYDKENXX01,HYDKENXX,2036,4.23205582251448
GLOBAL,S1D6,PWRHYDKENXX01,HYDKENXX,2037,12.23632561824
GLOBAL,S1D6,PWRHYDKENXX01,HYDKENXX,2038,12.23632561824
GLOBAL,S1D6,PWRHYDKENXX01,HYDKENXX,2039,12.23632561824
GLOBAL,S1D6,PWRHYDKENXX01,HYDKENXX,2040,12.23632561824
GLOBAL,S1D6,PWRHYDKENXX01,HYDKENXX,2041,12.23632561824
GLOBAL,S1D6,PWRHYDKENXX01,HYDKENXX,2042,12.23632561824
GLOBAL,S1D6,PWRHYDKENXX01,HYDKENXX,2043,12.23632561824
GLOBAL,S1D6,PWRHYDKENXX01,HYDKENXX,2044,12.23632561824
GLOBAL,S1D6,PWRHYDKENXX01,HYDKENXX,2045,12.23632561824
GLOBAL,S1D6,PWRHYDKENXX01,HYDKENXX,2046,12.23632561824
GLOBAL,S1D6,PWRHYDKENXX01,HYDKENXX,2047,12.23632561824
GLOBAL,S1D6,PWRHYDKENXX01,HYDKENXX,2048,12.23632561824
GLOBAL,S1D6,PWRHYDKENXX01,HYDKENXX,2049,12.23632561824
GLOBAL,S1D6,PWRHYDKENXX01,HYDKENXX,2050,12.23632561824
GLOBAL,S1D6,PWRHYDTZAXX01,HYDTZAXX,2021,10.107431219477949
GLOBAL,S1D6,PWRHYDTZAXX01,HYDTZAXX,2022,10.107431219477949
GLOBAL,S1D6,PWRHYDTZAXX01,HYDTZAXX,2023,10.107431219477949
GLOBAL,S1D6,PWRHYDTZAXX01,HYDTZAXX,2024,10.107431219477949
GLOBAL,S1D6,PWRHYDTZAXX01,HYDTZAXX,2025,10.107431219477949
GLOBAL,S1D6,PWRHYDTZAXX01,HYDTZAXX,2026,11.439757228769224
GLOBAL,S1D6,PWRHYDTZAXX01,HYDTZAXX,2027,11.931133542195283
GLOBAL,S1D6,PWRHYDTZAXX01,HYDTZAXX,2029,12.6301017744
GLOBAL,S1D6,PWRHYDTZAXX01,HYDTZAXX,2030,10.107431219477949
GLOBAL,S1D6,PWRHYDTZAXX01,HYDTZAXX,2031,2.9553242090136878
GLOBAL,S1D6,PWRHYDTZAXX01,HYDTZAXX,2032,12.6301017744
GLOBAL,S1D6,PWRHYDTZAXX01,HYDTZAXX,2033,12.6301017744
GLOBAL,S1D6,PWRHYDTZAXX01,HYDTZAXX,2034,12.6301017744
GLOBAL,S1D6,PWRHYDTZAXX01,HYDTZAXX,2035,12.6301017744
GLOBAL,S1D6,PWRHYDTZAXX01,HYDTZAXX,2036,2.9553242090136878
GLOBAL,S1D6,PWRHYDTZAXX01,HYDTZAXX,2037,12.6301017744
GLOBAL,S1D6,PWRHYDTZAXX01,HYDTZAXX,2038,12.6301017744
GLOBAL,S1D6,PWRHYDTZAXX01,HYDTZAXX,2039,10.1241802192677
GLOBAL,S1D6,PWRHYDTZAXX01,HYDTZAXX,2040,12.6301017744
GLOBAL,S1D6,PWRHYDTZAXX01,HYDTZAXX,2041,12.6301017744
GLOBAL,S1D6,PWRHYDTZAXX01,HYDTZAXX,2042,12.6301017744
GLOBAL,S1D6,PWRHYDTZAXX01,HYDTZAXX,2043,12.6301017744
GLOBAL,S1D6,PWRHYDTZAXX01,HYDTZAXX,2044,12.6301017744
GLOBAL,S1D6,PWRHYDTZAXX01,HYDTZAXX,2046,12.6301017744
GLOBAL,S1D6,PWRHYDTZAXX01,HYDTZAXX,2047,12.6301017744
GLOBAL,S1D6,PWRHYDTZAXX01,HYDTZAXX,2048,12.6301017744
GLOBAL,S1D6,PWRHYDTZAXX01,HYDTZAXX,2049,12.6301017744
GLOBAL,S1D6,PWRHYDTZAXX01,HYDTZAXX,2050,12.6301017744
GLOBAL,S1D6,PWRTRNKENXX,ELCKENXX01,2021,33.57664233576642
GLOBAL,S1D6,PWRTRNKENXX,ELCKENXX01,2022,35.03649635036496
GLOBAL,S1D6,PWRTRNKENXX,ELCKENXX01,2023,34.844252116574474
GLOBAL,S1D6,PWRTRNKENXX,ELCKENXX01,2024,35.76642335766423
GLOBAL,S1D6,PWRTRNKENXX,ELCKENXX01,2025,36.810218978102185
GLOBAL,S1D6,PWRTRNKENXX,ELCKENXX01,2026,39.91970802919708
GLOBAL,S1D6,PWRTRNKENXX,ELCKENXX01,2027,43.029197080291965
GLOBAL,S1D6,PWRTRNKENXX,ELCKENXX01,2028,46.13868613138686
GLOBAL,S1D6,PWRTRNKENXX,ELCKENXX01,2029,49.255474452554736
GLOBAL,S1D6,PWRTRNKENXX,ELCKENXX01,2030,52.36496350364963
GLOBAL,S1D6,PWRTRNKENXX,ELCKENXX01,2031,55.941605839416056
GLOBAL,S1D6,PWRTRNKENXX,ELCKENXX01,2032,59.52554744525548
GLOBAL,S1D6,PWRTRNKENXX,ELCKENXX01,2033,63.10948905109489
GLOBAL,S1D6,PWRTRNKENXX,ELCKENXX01,2034,66.6934306569343
GLOBAL,S1D6,PWRTRNKENXX,ELCKENXX01,2035,70.27007299270073
GLOBAL,S1D6,PWRTRNKENXX,ELCKENXX01,2036,74.41605839416057
GLOBAL,S1D6,PWRTRNKENXX,ELCKENXX01,2037,78.55474452554746
GLOBAL,S1D6,PWRTRNKENXX,ELCKENXX01,2038,82.7007299270073
GLOBAL,S1D6,PWRTRNKENXX,ELCKENXX01,2039,86.83941605839415
GLOBAL,S1D6,PWRTRNKENXX,ELCKENXX01,2040,90.985401459854
GLOBAL,S1D6,PWRTRNKENXX,ELCKENXX01,2041,96.13138686131384
GLOBAL,S1D6,PWRTRNKENXX,ELCKENXX01,2042,101.27007299270072
GLOBAL,S1D6,PWRTRNKENXX,ELCKENXX01,2043,106.41605839416056
GLOBAL,S1D6,PWRTRNKENXX,ELCKENXX01,2044,111.56204379562044
GLOBAL,S1D6,PWRTRNKENXX,ELCKENXX01,2045,116.70802919708028
GLOBAL,S1D6,PWRTRNKENXX,ELCKENXX01,2046,123.16058394160584
GLOBAL,S1D6,PWRTRNKENXX,ELCKENXX01,2047,129.62043795620437
GLOBAL,S1D6,PWRTRNKENXX,ELCKENXX01,2048,136.07299270072994
GLOBAL,S1D6,PWRTRNKENXX,ELCKENXX01,2049,142.52554744525546
GLOBAL,S1D6,PWRTRNKENXX,ELCKENXX01,2050,148.97810218978103
GLOBAL,S1D6,PWRTRNTZAXX,ELCTZAXX01,2021,23.895347007085427
GLOBAL,S1D6,PWRTRNTZAXX,ELCTZAXX01,2022,26.085128028983235
GLOBAL,S1D6,PWRTRNTZAXX,ELCTZAXX01,2023,29.197080291970803
GLOBAL,S1D6,PWRTRNTZAXX,ELCTZAXX01,2024,49.62043795620438
GLOBAL,S1D6,PWRTRNTZAXX,ELCTZAXX01,2025,53.21167883211679
GLOBAL,S1D6,PWRTRNTZAXX,ELCTZAXX01,2026,57.773722627737214
GLOBAL,S1D6,PWRTRNTZAXX,ELCTZAXX01,2027,62.32846715328467
GLOBAL,S1D6,PWRTRNTZAXX,ELCTZAXX01,2028,66.8905109489051
GLOBAL,S1D6,PWRTRNTZAXX,ELCTZAXX01,2029,71.45255474452554
GLOBAL,S1D6,PWRTRNTZAXX,ELCTZAXX01,2030,76.014598540146
GLOBAL,S1D6,PWRTRNTZAXX,ELCTZAXX01,2031,81.52554744525547
GLOBAL,S1D6,PWRTRNTZAXX,ELCTZAXX01,2032,87.04379562043793
GLOBAL,S1D6,PWRTRNTZAXX,ELCTZAXX01,2033,92.56204379562045
GLOBAL,S1D6,PWRTRNTZAXX,ELCTZAXX01,2034,98.07299270072993
GLOBAL,S1D6,PWRTRNTZAXX,ELCTZAXX01,2035,103.5912408759124
GLOBAL,S1D6,PWRTRNTZAXX,ELCTZAXX01,2036,110.14598540145984
GLOBAL,S1D6,PWRTRNTZAXX,ELCTZAXX01,2037,116.69343065693432
GLOBAL,S1D6,PWRTRNTZAXX,ELCTZAXX01,2038,123.24817518248176
GLOBAL,S1D6,PWRTRNTZAXX,ELCTZAXX01,2039,129.80291970802918
GLOBAL,S1D6,PWRTRNTZAXX,ELCTZAXX01,2040,136.35766423357666
GLOBAL,S1D6,PWRTRNTZAXX,ELCTZAXX01,2041,144.10218978102188
GLOBAL,S1D6,PWRTRNTZAXX,ELCTZAXX01,2042,151.84671532846713
GLOBAL,S1D6,PWRTRNTZAXX,ELCTZAXX01,2043,159.5912408759124
GLOBAL,S1D6,PWRTRNTZAXX,ELCTZAXX01,2044,167.34306569343067
GLOBAL,S1D6,PWRTRNTZAXX,ELCTZAXX01,2045,175.08759124087587
GLOBAL,S1D6,PWRTRNTZAXX,ELCTZAXX01,2046,184.70072992700727
GLOBAL,S1D6,PWRTRNTZAXX,ELCTZAXX01,2047,194.31386861313868
GLOBAL,S1D6,PWRTRNTZAXX,ELCTZAXX01,2048,203.9270072992701
GLOBAL,S1D6,PWRTRNTZAXX,ELCTZAXX01,2049,213.53284671532845
GLOBAL,S1D6,PWRTRNTZAXX,ELCTZAXX01,2050,223.14598540145985
GLOBAL,S1D6,PWRWONKENXX01,WONKENXX,2021,0.2606710286108274
GLOBAL,S1D6,PWRWONKENXX01,WONKENXX,2022,2.0630598912
GLOBAL,S1D6,PWRWONKENXX01,WONKENXX,2023,1.7326589772894176
GLOBAL,S1D6,PWRWONKENXX01,WONKENXX,2024,1.903418352
GLOBAL,S1D6,PWRWONKENXX01,WONKENXX,2025,1.903418352
GLOBAL,S1D6,PWRWONKENXX01,WONKENXX,2027,1.903418352
GLOBAL,S1D6,PWRWONKENXX01,WONKENXX,2028,1.903418352
GLOBAL,S1D6,PWRWONKENXX01,WONKENXX,2029,1.903418352
GLOBAL,S1D6,PWRWONKENXX01,WONKENXX,2030,1.903418352
GLOBAL,S1D6,PWRWONKENXX01,WONKENXX,2031,0.13284356423650037
GLOBAL,S1D6,PWRWONKENXX01,WONKENXX,2032,1.903418352
GLOBAL,S1D6,PWRWONKENXX01,WONKENXX,2033,1.903418352
GLOBAL,S1D6,PWRWONKENXX01,WONKENXX,2034,1.903418352
GLOBAL,S1D6,PWRWONKENXX01,WONKENXX,2035,1.5402252665430685
GLOBAL,S1D6,PWRWONKENXX01,WONKENXX,2036,1.5191708431270108
GLOBAL,S1D6,PWRWONKENXX01,WONKENXX,2037,0.2152130641489084
GLOBAL,S1D6,PWRWONKENXX01,WONKENXX,2038,1.903418352
GLOBAL,S1D6,PWRWONKENXX01,WONKENXX,2039,1.903418352
GLOBAL,S1D6,PWRWONKENXX01,WONKENXX,2040,1.903418352
GLOBAL,S1D6,PWRWONKENXX01,WONKENXX,2041,1.903418352
GLOBAL,S1D6,PWRWONKENXX01,WONKENXX,2042,1.5191708431270108
GLOBAL,S1D6,PWRWONKENXX01,WONKENXX,2043,1.903418352
GLOBAL,S1D6,PWRWONKENXX01,WONKENXX,2045,0.2152130641489084
GLOBAL,S1D6,PWRWONKENXX01,WONKENXX,2046,1.903418352
GLOBAL,S1D6,PWRWONKENXX01,WONKENXX,2047,1.903418352
GLOBAL,S1D6,TRNKENXXTZAXX,ELCKENXX02,2023,0.5376827735087841
GLOBAL,S1D6,TRNKENXXTZAXX,ELCTZAXX02,2021,0.5376827735087841
GLOBAL,S1D6,TRNKENXXTZAXX,ELCTZAXX02,2022,0.5376827735087841
GLOBAL,S2D1,PWRBIOKENXX01,BIOKENXX,2022,0.16339136516756902
GLOBAL,S2D1,PWRBIOKENXX01,BIOKENXX,2029,45.84142461376945
GLOBAL,S2D1,PWRBIOKENXX01,BIOKENXX,2031,55.51712724762322
GLOBAL,S2D1,PWRBIOKENXX01,BIOKENXX,2032,15.461983106727171
GLOBAL,S2D1,PWRBIOKENXX01,BIOKENXX,2033,16.424881549568397
GLOBAL,S2D1,PWRBIOKENXX01,BIOKENXX,2034,76.50486422251623
GLOBAL,S2D1,PWRBIOKENXX01,BIOKENXX,2035,35.156077248107074
GLOBAL,S2D1,PWRBIOKENXX01,BIOKENXX,2036,85.29716059159718
GLOBAL,S2D1,PWRBIOKENXX01,BIOKENXX,2037,44.4606406837838
GLOBAL,S2D1,PWRBIOKENXX01,BIOKENXX,2038,57.39071520064443
GLOBAL,S2D1,PWRBIOKENXX01,BIOKENXX,2039,62.58986068762233
GLOBAL,S2D1,PWRBIOKENXX01,BIOKENXX,2040,67.79386838332847
GLOBAL,S2D1,PWRBIOKENXX01,BIOKENXX,2041,74.10730660521736
GLOBAL,S2D1,PWRBIOKENXX01,BIOKENXX,2042,187.8982213239136
GLOBAL,S2D1,PWRBIOKENXX01,BIOKENXX,2043,196.9788524574733
GLOBAL,S2D1,PWRBIOKENXX01,BIOKENXX,2044,206.05948359103306
GLOBAL,S2D1,PWRBIOKENXX01,BIOKENXX,2045,87.81387301071226
GLOBAL,S2D1,PWRBIOKENXX01,BIOKENXX,2046,226.52632454312732
GLOBAL,S2D1,PWRBIOKENXX01,BIOKENXX,2047,96.48622025133703
GLOBAL,S2D1,PWRBIOKENXX01,BIOKENXX,2048,250.60373300469874
GLOBAL,S2D1,PWRBIOKENXX01,BIOKENXX,2049,105.42814887492611
GLOBAL,S2D1,PWRBIOKENXX01,BIOKENXX,2050,109.7263413908743
GLOBAL,S2D1,PWRBIOTZAXX01,BIOTZAXX,2027,49.83024265279891
GLOBAL,S2D1,PWRBIOTZAXX01,BIOTZAXX,2028,52.00770070610228
GLOBAL,S2D1,PWRBIOTZAXX01,BIOTZAXX,2029,54.296800799423906
GLOBAL,S2D1,PWRBIOTZAXX01,BIOTZAXX,2030,11.888100987111395
GLOBAL,S2D1,PWRBIOTZAXX01,BIOTZAXX,2031,78.57942695322195
GLOBAL,S2D1,PWRBIOTZAXX01,BIOTZAXX,2032,38.263583735323046
GLOBAL,S2D1,PWRBIOTZAXX01,BIOTZAXX,2033,39.83892517508779
GLOBAL,S2D1,PWRBIOTZAXX01,BIOTZAXX,2034,41.41218282987988
GLOBAL,S2D1,PWRBIOTZAXX01,BIOTZAXX,2035,42.98752426964461
GLOBAL,S2D1,PWRBIOTZAXX01,BIOTZAXX,2036,124.46993116988514
GLOBAL,S2D1,PWRBIOTZAXX01,BIOTZAXX,2037,75.92355263970408
GLOBAL,S2D1,PWRBIOTZAXX01,BIOTZAXX,2038,76.75286793957798
GLOBAL,S2D1,PWRBIOTZAXX01,BIOTZAXX,2039,80.12141405560072
GLOBAL,S2D1,PWRBIOTZAXX01,BIOTZAXX,2040,83.48996017162322
GLOBAL,S2D1,PWRBIOTZAXX01,BIOTZAXX,2041,162.9893469419364
GLOBAL,S2D1,PWRBIOTZAXX01,BIOTZAXX,2042,91.44993217407325
GLOBAL,S2D1,PWRBIOTZAXX01,BIOTZAXX,2043,179.6732841702927
GLOBAL,S2D1,PWRBIOTZAXX01,BIOTZAXX,2044,99.41365534146318
GLOBAL,S2D1,PWRBIOTZAXX01,BIOTZAXX,2045,103.39364134268826
GLOBAL,S2D1,PWRBIOTZAXX01,BIOTZAXX,2046,108.33392556852617
GLOBAL,S2D1,PWRBIOTZAXX01,BIOTZAXX,2047,113.27420979436323
GLOBAL,S2D1,PWRBIOTZAXX01,BIOTZAXX,2048,118.2144940202007
GLOBAL,S2D1,PWRBIOTZAXX01,BIOTZAXX,2049,123.1510270810982
GLOBAL,S2D1,PWRBIOTZAXX01,BIOTZAXX,2050,128.09131130693507
GLOBAL,S2D1,PWRGEOKENXX01,GEOKENXX,2021,33.80599142017584
GLOBAL,S2D1,PWRGEOKENXX01,GEOKENXX,2022,35.695159112212274
GLOBAL,S2D1,PWRGEOKENXX01,GEOKENXX,2023,29.411525262805867
GLOBAL,S2D1,PWRGEOKENXX01,GEOKENXX,2024,30.809645708702067
GLOBAL,S2D1,PWRGEOKENXX01,GEOKENXX,2025,32.08188770158463
GLOBAL,S2D1,PWRGEOKENXX01,GEOKENXX,2026,36.327053918734826
GLOBAL,S2D1,PWRGEOKENXX01,GEOKENXX,2027,37.73690529416096
GLOBAL,S2D1,PWRGEOKENXX01,GEOKENXX,2028,42.07140964755498
GLOBAL,S2D1,PWRGEOKENXX01,GEOKENXX,2029,41.10595631156746
GLOBAL,S2D1,PWRGEOKENXX01,GEOKENXX,2030,48.63115503862312
GLOBAL,S2D1,PWRGEOKENXX01,GEOKENXX,2031,35.64908451532581
GLOBAL,S2D1,PWRGEOKENXX01,GEOKENXX,2032,50.548658236093054
GLOBAL,S2D1,PWRGEOKENXX01,GEOKENXX,2033,54.333130062158645
GLOBAL,S2D1,PWRGEOKENXX01,GEOKENXX,2034,39.409663840722125
GLOBAL,S2D1,PWRGEOKENXX01,GEOKENXX,2035,61.04424645032595
GLOBAL,S2D1,PWRGEOKENXX01,GEOKENXX,2036,43.50661048815193
GLOBAL,S2D1,PWRGEOKENXX01,GEOKENXX,2037,61.04424645032595
GLOBAL,S2D1,PWRGEOKENXX01,GEOKENXX,2038,61.57527611851569
GLOBAL,S2D1,PWRGEOKENXX01,GEOKENXX,2039,64.54466353803424
GLOBAL,S2D1,PWRGEOKENXX01,GEOKENXX,2040,67.52065106101969
GLOBAL,S2D1,PWRGEOKENXX01,GEOKENXX,2041,71.26056543922155
GLOBAL,S2D1,PWRGEOKENXX01,GEOKENXX,2042,40.98048138941993
GLOBAL,S2D1,PWRGEOKENXX01,GEOKENXX,2043,43.84470180823229
GLOBAL,S2D1,PWRGEOKENXX01,GEOKENXX,2044,46.708922227044646
GLOBAL,S2D1,PWRGEOKENXX01,GEOKENXX,2045,89.86625711227488
GLOBAL,S2D1,PWRGEOKENXX01,GEOKENXX,2046,53.1645906603678
GLOBAL,S2D1,PWRGEOKENXX01,GEOKENXX,2047,101.51934014513446
GLOBAL,S2D1,PWRGEOKENXX01,GEOKENXX,2048,61.807945647510046
GLOBAL,S2D1,PWRGEOKENXX01,GEOKENXX,2049,114.94426516464968
GLOBAL,S2D1,PWRGEOKENXX01,GEOKENXX,2050,120.77875662934603
GLOBAL,S2D1,PWRGEOTZAXX01,GEOTZAXX,2021,23.682233167188496
GLOBAL,S2D1,PWRGEOTZAXX01,GEOTZAXX,2022,26.35127231309597
GLOBAL,S2D1,PWRGEOTZAXX01,GEOTZAXX,2023,29.74386624189111
GLOBAL,S2D1,PWRGEOTZAXX01,GEOTZAXX,2024,55.15522655026334
GLOBAL,S2D1,PWRGEOTZAXX01,GEOTZAXX,2025,59.5324507495516
GLOBAL,S2D1,PWRGEOTZAXX01,GEOTZAXX,2026,65.4776542634014
GLOBAL,S2D1,PWRGEOTZAXX01,GEOTZAXX,2027,53.43041664583163
GLOBAL,S2D1,PWRGEOTZAXX01,GEOTZAXX,2028,58.17233090523492
GLOBAL,S2D1,PWRGEOTZAXX01,GEOTZAXX,2029,68.20591952249458
GLOBAL,S2D1,PWRGEOTZAXX01,GEOTZAXX,2030,81.01186988217891
GLOBAL,S2D1,PWRGEOTZAXX01,GEOTZAXX,2031,66.03101599023077
GLOBAL,S2D1,PWRGEOTZAXX01,GEOTZAXX,2032,84.56503611180561
GLOBAL,S2D1,PWRGEOTZAXX01,GEOTZAXX,2033,90.51912090074872
GLOBAL,S2D1,PWRGEOTZAXX01,GEOTZAXX,2034,96.46532991616131
GLOBAL,S2D1,PWRGEOTZAXX01,GEOTZAXX,2035,102.41941470510444
GLOBAL,S2D1,PWRGEOTZAXX01,GEOTZAXX,2036,83.59643196106681
GLOBAL,S2D1,PWRGEOTZAXX01,GEOTZAXX,2037,105.6826172645692
GLOBAL,S2D1,PWRGEOTZAXX01,GEOTZAXX,2038,112.9496366640308
GLOBAL,S2D1,PWRGEOTZAXX01,GEOTZAXX,2039,119.45412428687112
GLOBAL,S2D1,PWRGEOTZAXX01,GEOTZAXX,2040,125.95861190971148
GLOBAL,S2D1,PWRGEOTZAXX01,GEOTZAXX,2041,110.96525946960256
GLOBAL,S2D1,PWRGEOTZAXX01,GEOTZAXX,2042,141.32890448840544
GLOBAL,S2D1,PWRGEOTZAXX01,GEOTZAXX,2043,123.71574267114752
GLOBAL,S2D1,PWRGEOTZAXX01,GEOTZAXX,2044,156.7064403718019
GLOBAL,S2D1,PWRGEOTZAXX01,GEOTZAXX,2045,164.39158666114886
GLOBAL,S2D1,PWRGEOTZAXX01,GEOTZAXX,2046,173.93101895433432
GLOBAL,S2D1,PWRGEOTZAXX01,GEOTZAXX,2047,183.4704512475201
GLOBAL,S2D1,PWRGEOTZAXX01,GEOTZAXX,2048,193.0098835407057
GLOBAL,S2D1,PWRGEOTZAXX01,GEOTZAXX,2049,202.5420725291888
GLOBAL,S2D1,PWRGEOTZAXX01,GEOTZAXX,2050,212.0815048223745
GLOBAL,S2D1,PWRHYDKENXX01,HYDKENXX,2021,4.395563612730215
GLOBAL,S2D1,PWRHYDKENXX01,HYDKENXX,2022,4.169400423081189
GLOBAL,S2D1,PWRHYDKENXX01,HYDKENXX,2023,10.61015853312
GLOBAL,S2D1,PWRHYDKENXX01,HYDKENXX,2024,10.61015853312
GLOBAL,S2D1,PWRHYDKENXX01,HYDKENXX,2025,10.61015853312
GLOBAL,S2D1,PWRHYDKENXX01,HYDKENXX,2026,8.392510989436774
GLOBAL,S2D1,PWRHYDKENXX01,HYDKENXX,2027,10.61015853312
GLOBAL,S2D1,PWRHYDKENXX01,HYDKENXX,2028,10.61015853312
GLOBAL,S2D1,PWRHYDKENXX01,HYDKENXX,2030,10.61015853312
GLOBAL,S2D1,PWRHYDKENXX01,HYDKENXX,2031,10.61015853312
GLOBAL,S2D1,PWRHYDKENXX01,HYDKENXX,2032,10.61015853312
GLOBAL,S2D1,PWRHYDKENXX01,HYDKENXX,2033,10.61015853312
GLOBAL,S2D1,PWRHYDKENXX01,HYDKENXX,2034,10.61015853312
GLOBAL,S2D1,PWRHYDKENXX01,HYDKENXX,2035,6.141493333675653
GLOBAL,S2D1,PWRHYDKENXX01,HYDKENXX,2036,10.61015853312
GLOBAL,S2D1,PWRHYDKENXX01,HYDKENXX,2037,10.61015853312
GLOBAL,S2D1,PWRHYDKENXX01,HYDKENXX,2038,10.61015853312
GLOBAL,S2D1,PWRHYDKENXX01,HYDKENXX,2039,10.61015853312
GLOBAL,S2D1,PWRHYDKENXX01,HYDKENXX,2040,10.61015853312
GLOBAL,S2D1,PWRHYDKENXX01,HYDKENXX,2041,10.61015853312
GLOBAL,S2D1,PWRHYDKENXX01,HYDKENXX,2042,10.61015853312
GLOBAL,S2D1,PWRHYDKENXX01,HYDKENXX,2043,10.61015853312
GLOBAL,S2D1,PWRHYDKENXX01,HYDKENXX,2044,10.61015853312
GLOBAL,S2D1,PWRHYDKENXX01,HYDKENXX,2045,10.61015853312
GLOBAL,S2D1,PWRHYDKENXX01,HYDKENXX,2046,10.61015853312
GLOBAL,S2D1,PWRHYDKENXX01,HYDKENXX,2047,10.61015853312
GLOBAL,S2D1,PWRHYDKENXX01,HYDKENXX,2048,10.61015853312
GLOBAL,S2D1,PWRHYDKENXX01,HYDKENXX,2049,10.61015853312
GLOBAL,S2D1,PWRHYDKENXX01,HYDKENXX,2050,10.61015853312
GLOBAL,S2D1,PWRHYDTZAXX01,HYDTZAXX,2021,5.325200496
GLOBAL,S2D1,PWRHYDTZAXX01,HYDTZAXX,2022,5.325200496
GLOBAL,S2D1,PWRHYDTZAXX01,HYDTZAXX,2023,5.325200496
GLOBAL,S2D1,PWRHYDTZAXX01,HYDTZAXX,2024,5.325200496
GLOBAL,S2D1,PWRHYDTZAXX01,HYDTZAXX,2025,5.325200496
GLOBAL,S2D1,PWRHYDTZAXX01,HYDTZAXX,2026,2.8548274333076864
GLOBAL,S2D1,PWRHYDTZAXX01,HYDTZAXX,2027,5.325200496
GLOBAL,S2D1,PWRHYDTZAXX01,HYDTZAXX,2028,5.325200496
GLOBAL,S2D1,PWRHYDTZAXX01,HYDTZAXX,2030,5.325200496
GLOBAL,S2D1,PWRHYDTZAXX01,HYDTZAXX,2031,5.325200496
GLOBAL,S2D1,PWRHYDTZAXX01,HYDTZAXX,2032,5.325200496
GLOBAL,S2D1,PWRHYDTZAXX01,HYDTZAXX,2033,5.325200496
GLOBAL,S2D1,PWRHYDTZAXX01,HYDTZAXX,2034,5.325200496
GLOBAL,S2D1,PWRHYDTZAXX01,HYDTZAXX,2035,5.325200496
GLOBAL,S2D1,PWRHYDTZAXX01,HYDTZAXX,2036,5.325200496
GLOBAL,S2D1,PWRHYDTZAXX01,HYDTZAXX,2037,5.325200496
GLOBAL,S2D1,PWRHYDTZAXX01,HYDTZAXX,2038,5.325200496
GLOBAL,S2D1,PWRHYDTZAXX01,HYDTZAXX,2039,5.325200496
GLOBAL,S2D1,PWRHYDTZAXX01,HYDTZAXX,2040,5.325200496
GLOBAL,S2D1,PWRHYDTZAXX01,HYDTZAXX,2041,5.325200496
GLOBAL,S2D1,PWRHYDTZAXX01,HYDTZAXX,2042,5.325200496
GLOBAL,S2D1,PWRHYDTZAXX01,HYDTZAXX,2043,5.325200496
GLOBAL,S2D1,PWRHYDTZAXX01,HYDTZAXX,2044,5.325200496
GLOBAL,S2D1,PWRHYDTZAXX01,HYDTZAXX,2045,5.325200496
GLOBAL,S2D1,PWRHYDTZAXX01,HYDTZAXX,2046,5.325200496
GLOBAL,S2D1,PWRHYDTZAXX01,HYDTZAXX,2047,5.325200496
GLOBAL,S2D1,PWRHYDTZAXX01,HYDTZAXX,2048,5.325200496
GLOBAL,S2D1,PWRHYDTZAXX01,HYDTZAXX,2049,5.325200496
GLOBAL,S2D1,PWRHYDTZAXX01,HYDTZAXX,2050,5.325200496
GLOBAL,S2D1,PWRSDSKENXX01,ELCKENXX01,2022,0.0189216
GLOBAL,S2D1,PWRSDSKENXX01,ELCKENXX01,2026,0.0010783999999999998
GLOBAL,S2D1,PWRSPVKENXX01,SPVKENXX,2021,0.18385488
GLOBAL,S2D1,PWRSPVKENXX01,SPVKENXX,2022,0.26742528
GLOBAL,S2D1,PWRSPVKENXX01,SPVKENXX,2023,0.30921048
GLOBAL,S2D1,PWRSPVKENXX01,SPVKENXX,2024,0.30921048
GLOBAL,S2D1,PWRSPVKENXX01,SPVKENXX,2025,0.30921048
GLOBAL,S2D1,PWRSPVKENXX01,SPVKENXX,2026,2.072805793721638
GLOBAL,S2D1,PWRSPVKENXX01,SPVKENXX,2027,2.234264061800887
GLOBAL,S2D1,PWRSPVKENXX01,SPVKENXX,2028,2.3957223298801367
GLOBAL,S2D1,PWRSPVKENXX01,SPVKENXX,2029,2.5575596079783525
GLOBAL,S2D1,PWRSPVKENXX01,SPVKENXX,2030,2.7190178760576025
GLOBAL,S2D1,PWRSPVKENXX01,SPVKENXX,2031,4.357099178025956
GLOBAL,S2D1,PWRSPVKENXX01,SPVKENXX,2032,4.6362400569939535
GLOBAL,S2D1,PWRSPVKENXX01,SPVKENXX,2033,4.915380935961952
GLOBAL,S2D1,PWRSPVKENXX01,SPVKENXX,2034,5.194521814929952
GLOBAL,S2D1,PWRSPVKENXX01,SPVKENXX,2035,5.473094178869503
GLOBAL,S2D1,PWRSPVKENXX01,SPVKENXX,2036,7.728014286704002
GLOBAL,S2D1,PWRSPVKENXX01,SPVKENXX,2037,8.157811648210739
GLOBAL,S2D1,PWRSPVKENXX01,SPVKENXX,2038,8.588367029755405
GLOBAL,S2D1,PWRSPVKENXX01,SPVKENXX,2039,9.018164391262141
GLOBAL,S2D1,PWRSPVKENXX01,SPVKENXX,2040,9.448719772806808
GLOBAL,S2D1,PWRSPVKENXX01,SPVKENXX,2041,9.983123899547987
GLOBAL,S2D1,PWRSPVKENXX01,SPVKENXX,2042,10.516770006251235
GLOBAL,S2D1,PWRSPVKENXX01,SPVKENXX,2043,11.051174132992417
GLOBAL,S2D1,PWRSPVKENXX01,SPVKENXX,2044,11.585578259733596
GLOBAL,S2D1,PWRSPVKENXX01,SPVKENXX,2045,12.119982386474776
GLOBAL,S2D1,PWRSPVKENXX01,SPVKENXX,2046,12.790072100005558
GLOBAL,S2D1,PWRSPVKENXX01,SPVKENXX,2047,13.460919833574271
GLOBAL,S2D1,PWRSPVKENXX01,SPVKENXX,2048,14.13100954710506
GLOBAL,S2D1,PWRSPVKENXX01,SPVKENXX,2049,14.801099260635842
GLOBAL,S2D1,PWRSPVKENXX01,SPVKENXX,2050,15.471188974166628
GLOBAL,S2D1,PWRSPVTZAXX01,SPVTZAXX,2026,2.0856677694830834
GLOBAL,S2D1,PWRSPVTZAXX01,SPVTZAXX,2027,2.250096915175748
GLOBAL,S2D1,PWRSPVTZAXX01,SPVTZAXX,2028,2.4147895691147165
GLOBAL,S2D1,PWRSPVTZAXX01,SPVTZAXX,2029,2.579482223053684
GLOBAL,S2D1,PWRSPVTZAXX01,SPVTZAXX,2030,2.7441748769926506
GLOBAL,S2D1,PWRSPVTZAXX01,SPVTZAXX,2031,4.414685404426385
GLOBAL,S2D1,PWRSPVTZAXX01,SPVTZAXX,2032,4.713503755733249
GLOBAL,S2D1,PWRSPVTZAXX01,SPVTZAXX,2033,5.01232210704011
GLOBAL,S2D1,PWRSPVTZAXX01,SPVTZAXX,2034,5.31074519597752
GLOBAL,S2D1,PWRSPVTZAXX01,SPVTZAXX,2035,5.609563547284381
GLOBAL,S2D1,PWRSPVTZAXX01,SPVTZAXX,2036,7.9526788734048575
GLOBAL,S2D1,PWRSPVTZAXX01,SPVTZAXX,2037,8.42541266727127
GLOBAL,S2D1,PWRSPVTZAXX01,SPVTZAXX,2038,8.898673477630288
GLOBAL,S2D1,PWRSPVTZAXX01,SPVTZAXX,2039,9.371934287989305
GLOBAL,S2D1,PWRSPVTZAXX01,SPVTZAXX,2040,9.84519509834832
GLOBAL,S2D1,PWRSPVTZAXX01,SPVTZAXX,2041,10.404359597001903
GLOBAL,S2D1,PWRSPVTZAXX01,SPVTZAXX,2042,10.963524095655488
GLOBAL,S2D1,PWRSPVTZAXX01,SPVTZAXX,2043,11.522688594309066
GLOBAL,S2D1,PWRSPVTZAXX01,SPVTZAXX,2044,12.082380109455253
GLOBAL,S2D1,PWRSPVTZAXX01,SPVTZAXX,2045,12.641544608108832
GLOBAL,S2D1,PWRSPVTZAXX01,SPVTZAXX,2046,13.335625328869217
GLOBAL,S2D1,PWRSPVTZAXX01,SPVTZAXX,2047,14.0297060496296
GLOBAL,S2D1,PWRSPVTZAXX01,SPVTZAXX,2048,14.723786770389983
GLOBAL,S2D1,PWRSPVTZAXX01,SPVTZAXX,2049,15.417340474657768
GLOBAL,S2D1,PWRSPVTZAXX01,SPVTZAXX,2050,16.111421195418153
GLOBAL,S2D1,PWRTRNKENXX,ELCKENXX01,2021,40.92526690391459
GLOBAL,S2D1,PWRTRNKENXX,ELCKENXX01,2022,42.70462633451957
GLOBAL,S2D1,PWRTRNKENXX,ELCKENXX01,2023,42.352629392725866
GLOBAL,S2D1,PWRTRNKENXX,ELCKENXX01,2024,43.59430604982207
GLOBAL,S2D1,PWRTRNKENXX,ELCKENXX01,2025,44.86654804270463
GLOBAL,S2D1,PWRTRNKENXX,ELCKENXX01,2026,48.65658362989324
GLOBAL,S2D1,PWRTRNKENXX,ELCKENXX01,2027,52.446619217081846
GLOBAL,S2D1,PWRTRNKENXX,ELCKENXX01,2028,56.23665480427046
GLOBAL,S2D1,PWRTRNKENXX,ELCKENXX01,2029,60.035587188612105
GLOBAL,S2D1,PWRTRNKENXX,ELCKENXX01,2030,63.82562277580072
GLOBAL,S2D1,PWRTRNKENXX,ELCKENXX01,2031,68.18505338078292
GLOBAL,S2D1,PWRTRNKENXX,ELCKENXX01,2032,72.55338078291814
GLOBAL,S2D1,PWRTRNKENXX,ELCKENXX01,2033,76.92170818505339
GLOBAL,S2D1,PWRTRNKENXX,ELCKENXX01,2034,81.29003558718861
GLOBAL,S2D1,PWRTRNKENXX,ELCKENXX01,2035,85.64946619217082
GLOBAL,S2D1,PWRTRNKENXX,ELCKENXX01,2036,90.70284697508896
GLOBAL,S2D1,PWRTRNKENXX,ELCKENXX01,2037,95.7473309608541
GLOBAL,S2D1,PWRTRNKENXX,ELCKENXX01,2038,100.80071174377224
GLOBAL,S2D1,PWRTRNKENXX,ELCKENXX01,2039,105.84519572953737
GLOBAL,S2D1,PWRTRNKENXX,ELCKENXX01,2040,110.89857651245552
GLOBAL,S2D1,PWRTRNKENXX,ELCKENXX01,2041,117.17081850533808
GLOBAL,S2D1,PWRTRNKENXX,ELCKENXX01,2042,123.43416370106762
GLOBAL,S2D1,PWRTRNKENXX,ELCKENXX01,2043,129.7064056939502
GLOBAL,S2D1,PWRTRNKENXX,ELCKENXX01,2044,135.97864768683274
GLOBAL,S2D1,PWRTRNKENXX,ELCKENXX01,2045,142.2508896797153
GLOBAL,S2D1,PWRTRNKENXX,ELCKENXX01,2046,150.11565836298934
GLOBAL,S2D1,PWRTRNKENXX,ELCKENXX01,2047,157.98932384341637
GLOBAL,S2D1,PWRTRNKENXX,ELCKENXX01,2048,165.85409252669038
GLOBAL,S2D1,PWRTRNKENXX,ELCKENXX01,2049,173.71886120996442
GLOBAL,S2D1,PWRTRNKENXX,ELCKENXX01,2050,181.5836298932384
GLOBAL,S2D1,PWRTRNTZAXX,ELCTZAXX01,2021,29.0074336631885
GLOBAL,S2D1,PWRTRNTZAXX,ELCTZAXX01,2022,31.67647280909597
GLOBAL,S2D1,PWRTRNTZAXX,ELCTZAXX01,2023,35.587188612099645
GLOBAL,S2D1,PWRTRNTZAXX,ELCTZAXX01,2024,60.480427046263344
GLOBAL,S2D1,PWRTRNTZAXX,ELCTZAXX01,2025,64.85765124555161
GLOBAL,S2D1,PWRTRNTZAXX,ELCTZAXX01,2026,70.41814946619218
GLOBAL,S2D1,PWRTRNTZAXX,ELCTZAXX01,2027,75.96975088967972
GLOBAL,S2D1,PWRTRNTZAXX,ELCTZAXX01,2028,81.53024911032028
GLOBAL,S2D1,PWRTRNTZAXX,ELCTZAXX01,2029,87.09074733096085
GLOBAL,S2D1,PWRTRNTZAXX,ELCTZAXX01,2030,92.65124555160142
GLOBAL,S2D1,PWRTRNTZAXX,ELCTZAXX01,2031,99.36832740213524
GLOBAL,S2D1,PWRTRNTZAXX,ELCTZAXX01,2032,106.09430604982208
GLOBAL,S2D1,PWRTRNTZAXX,ELCTZAXX01,2033,112.8202846975089
GLOBAL,S2D1,PWRTRNTZAXX,ELCTZAXX01,2034,119.5373665480427
GLOBAL,S2D1,PWRTRNTZAXX,ELCTZAXX01,2035,126.26334519572954
GLOBAL,S2D1,PWRTRNTZAXX,ELCTZAXX01,2036,134.2526690391459
GLOBAL,S2D1,PWRTRNTZAXX,ELCTZAXX01,2037,142.23309608540924
GLOBAL,S2D1,PWRTRNTZAXX,ELCTZAXX01,2038,150.22241992882564
GLOBAL,S2D1,PWRTRNTZAXX,ELCTZAXX01,2039,158.21174377224202
GLOBAL,S2D1,PWRTRNTZAXX,ELCTZAXX01,2040,166.20106761565836
GLOBAL,S2D1,PWRTRNTZAXX,ELCTZAXX01,2041,175.6405693950178
GLOBAL,S2D1,PWRTRNTZAXX,ELCTZAXX01,2042,185.0800711743772
GLOBAL,S2D1,PWRTRNTZAXX,ELCTZAXX01,2043,194.51957295373663
GLOBAL,S2D1,PWRTRNTZAXX,ELCTZAXX01,2044,203.9679715302491
GLOBAL,S2D1,PWRTRNTZAXX,ELCTZAXX01,2045,213.4074733096085
GLOBAL,S2D1,PWRTRNTZAXX,ELCTZAXX01,2046,225.12455516014236
GLOBAL,S2D1,PWRTRNTZAXX,ELCTZAXX01,2047,236.84163701067612
GLOBAL,S2D1,PWRTRNTZAXX,ELCTZAXX01,2048,248.55871886121
GLOBAL,S2D1,PWRTRNTZAXX,ELCTZAXX01,2049,260.2669039145908
GLOBAL,S2D1,PWRTRNTZAXX,ELCTZAXX01,2050,271.98398576512454
GLOBAL,S2D1,PWRWONKENXX01,WONKENXX,2021,2.0217351168
GLOBAL,S2D1,PWRWONKENXX01,WONKENXX,2022,2.0217351168
GLOBAL,S2D1,PWRWONKENXX01,WONKENXX,2023,2.0217351168
GLOBAL,S2D1,PWRWONKENXX01,WONKENXX,2024,1.865291328
GLOBAL,S2D1,PWRWONKENXX01,WONKENXX,2025,1.865291328
GLOBAL,S2D1,PWRWONKENXX01,WONKENXX,2026,1.865291328
GLOBAL,S2D1,PWRWONKENXX01,WONKENXX,2027,1.865291328
GLOBAL,S2D1,PWRWONKENXX01,WONKENXX,2028,1.1593642937153394
GLOBAL,S2D1,PWRWONKENXX01,WONKENXX,2029,1.865291328
GLOBAL,S2D1,PWRWONKENXX01,WONKENXX,2030,1.865291328
GLOBAL,S2D1,PWRWONKENXX01,WONKENXX,2032,1.865291328
GLOBAL,S2D1,PWRWONKENXX01,WONKENXX,2033,1.865291328
GLOBAL,S2D1,PWRWONKENXX01,WONKENXX,2034,1.865291328
GLOBAL,S2D1,PWRWONKENXX01,WONKENXX,2035,1.865291328
GLOBAL,S2D1,PWRWONKENXX01,WONKENXX,2036,1.865291328
GLOBAL,S2D1,PWRWONKENXX01,WONKENXX,2037,1.865291328
GLOBAL,S2D1,PWRWONKENXX01,WONKENXX,2038,1.865291328
GLOBAL,S2D1,PWRWONKENXX01,WONKENXX,2039,1.865291328
GLOBAL,S2D1,PWRWONKENXX01,WONKENXX,2040,1.865291328
GLOBAL,S2D1,PWRWONKENXX01,WONKENXX,2041,1.865291328
GLOBAL,S2D1,PWRWONKENXX01,WONKENXX,2042,1.865291328
GLOBAL,S2D1,PWRWONKENXX01,WONKENXX,2043,1.865291328
GLOBAL,S2D1,PWRWONKENXX01,WONKENXX,2044,1.865291328
GLOBAL,S2D1,PWRWONKENXX01,WONKENXX,2045,1.865291328
GLOBAL,S2D1,PWRWONKENXX01,WONKENXX,2046,1.865291328
GLOBAL,S2D1,PWRWONKENXX01,WONKENXX,2047,1.865291328
GLOBAL,S2D1,TRNKENXXTZAXX,ELCKENXX02,2023,0.5376827735087841
GLOBAL,S2D1,TRNKENXXTZAXX,ELCTZAXX02,2021,0.5376827735087841
GLOBAL,S2D1,TRNKENXXTZAXX,ELCTZAXX02,2022,0.5376827735087841
GLOBAL,S2D2,PWRBIOKENXX01,BIOKENXX,2021,8.9688384
GLOBAL,S2D2,PWRBIOKENXX01,BIOKENXX,2022,8.9688384
GLOBAL,S2D2,PWRBIOKENXX01,BIOKENXX,2023,8.9688384
GLOBAL,S2D2,PWRBIOKENXX01,BIOKENXX,2024,25.766588227127365
GLOBAL,S2D2,PWRBIOKENXX01,BIOKENXX,2025,29.448723439234232
GLOBAL,S2D2,PWRBIOKENXX01,BIOKENXX,2028,13.548067961317969
GLOBAL,S2D2,PWRBIOKENXX01,BIOKENXX,2029,2.328086399633928
GLOBAL,S2D2,PWRBIOKENXX01,BIOKENXX,2032,66.763920540123
GLOBAL,S2D2,PWRBIOKENXX01,BIOKENXX,2035,58.84264283789553
GLOBAL,S2D2,PWRBIOKENXX01,BIOKENXX,2041,31.2546365170037
GLOBAL,S2D2,PWRBIOKENXX01,BIOKENXX,2042,2.3294525300880777
GLOBAL,S2D2,PWRBIOTZAXX01,BIOTZAXX,2021,15.340280033475004
GLOBAL,S2D2,PWRBIOTZAXX01,BIOTZAXX,2022,17.918863797937707
GLOBAL,S2D2,PWRBIOTZAXX01,BIOTZAXX,2023,18.469627019515062
GLOBAL,S2D2,PWRBIOTZAXX01,BIOTZAXX,2024,18.469627019515062
GLOBAL,S2D2,PWRBIOTZAXX01,BIOTZAXX,2025,23.397668028417506
GLOBAL,S2D2,PWRBIOTZAXX01,BIOTZAXX,2027,3.8392159912646067
GLOBAL,S2D2,PWRBIOTZAXX01,BIOTZAXX,2028,2.6251897200984673
GLOBAL,S2D2,PWRBIOTZAXX01,BIOTZAXX,2029,53.813733176653145
GLOBAL,S2D2,PWRBIOTZAXX01,BIOTZAXX,2030,9.272663718799116
GLOBAL,S2D2,PWRBIOTZAXX01,BIOTZAXX,2031,9.128869065197462
GLOBAL,S2D2,PWRBIOTZAXX01,BIOTZAXX,2032,42.33704866865424
GLOBAL,S2D2,PWRBIOTZAXX01,BIOTZAXX,2033,47.51573691959073
GLOBAL,S2D2,PWRBIOTZAXX01,BIOTZAXX,2037,139.0524764657968
GLOBAL,S2D2,PWRBIOTZAXX01,BIOTZAXX,2044,188.02311514885724
GLOBAL,S2D2,PWRBIOTZAXX01,BIOTZAXX,2046,206.71981766018254
GLOBAL,S2D2,PWRBIOTZAXX01,BIOTZAXX,2048,227.42928545447563
GLOBAL,S2D2,PWRGEOKENXX01,GEOKENXX,2021,32.79797823475612
GLOBAL,S2D2,PWRGEOKENXX01,GEOKENXX,2022,35.55330839839917
GLOBAL,S2D2,PWRGEOKENXX01,GEOKENXX,2023,35.695159112212274
GLOBAL,S2D2,PWRGEOKENXX01,GEOKENXX,2024,30.11662219299564
GLOBAL,S2D2,PWRGEOKENXX01,GEOKENXX,2025,36.327053918734826
GLOBAL,S2D2,PWRGEOKENXX01,GEOKENXX,2026,36.327053918734826
GLOBAL,S2D2,PWRGEOKENXX01,GEOKENXX,2027,38.42504708566995
GLOBAL,S2D2,PWRGEOKENXX01,GEOKENXX,2028,42.07140964755498
GLOBAL,S2D2,PWRGEOKENXX01,GEOKENXX,2029,45.762341566122174
GLOBAL,S2D2,PWRGEOKENXX01,GEOKENXX,2030,48.56227735945764
GLOBAL,S2D2,PWRGEOKENXX01,GEOKENXX,2031,44.309954917188136
GLOBAL,S2D2,PWRGEOKENXX01,GEOKENXX,2032,26.82804426849127
GLOBAL,S2D2,PWRGEOKENXX01,GEOKENXX,2033,51.58177953126468
GLOBAL,S2D2,PWRGEOKENXX01,GEOKENXX,2034,55.207691838302935
GLOBAL,S2D2,PWRGEOKENXX01,GEOKENXX,2035,40.20512988956188
GLOBAL,S2D2,PWRGEOKENXX01,GEOKENXX,2036,53.51207258928204
GLOBAL,S2D2,PWRGEOKENXX01,GEOKENXX,2037,55.380538642798655
GLOBAL,S2D2,PWRGEOKENXX01,GEOKENXX,2038,58.97190375094229
GLOBAL,S2D2,PWRGEOKENXX01,GEOKENXX,2039,62.53698124445891
GLOBAL,S2D2,PWRGEOKENXX01,GEOKENXX,2040,66.10834635260255
GLOBAL,S2D2,PWRGEOKENXX01,GEOKENXX,2041,71.26056543922155
GLOBAL,S2D2,PWRGEOKENXX01,GEOKENXX,2042,75.9070382798847
GLOBAL,S2D2,PWRGEOKENXX01,GEOKENXX,2043,79.40036367410896
GLOBAL,S2D2,PWRGEOKENXX01,GEOKENXX,2044,83.83313198615346
GLOBAL,S2D2,PWRGEOKENXX01,GEOKENXX,2045,88.26590029819792
GLOBAL,S2D2,PWRGEOKENXX01,GEOKENXX,2046,93.82415162847778
GLOBAL,S2D2,PWRGEOKENXX01,GEOKENXX,2047,99.3686905733847
GLOBAL,S2D2,PWRGEOKENXX01,GEOKENXX,2048,106.6035533436646
GLOBAL,S2D2,PWRGEOKENXX01,GEOKENXX,2049,112.16180467394447
GLOBAL,S2D2,PWRGEOKENXX01,GEOKENXX,2050,117.72005600422436
GLOBAL,S2D2,PWRGEOTZAXX01,GEOTZAXX,2021,24.231809870872407
GLOBAL,S2D2,PWRGEOTZAXX01,GEOTZAXX,2022,27.197990140652536
GLOBAL,S2D2,PWRGEOTZAXX01,GEOTZAXX,2023,31.31486942391612
GLOBAL,S2D2,PWRGEOTZAXX01,GEOTZAXX,2024,61.671751578516634
GLOBAL,S2D2,PWRGEOTZAXX01,GEOTZAXX,2025,65.4776542634014
GLOBAL,S2D2,PWRGEOTZAXX01,GEOTZAXX,2026,62.410337435971854
GLOBAL,S2D2,PWRGEOTZAXX01,GEOTZAXX,2027,66.59753035505938
GLOBAL,S2D2,PWRGEOTZAXX01,GEOTZAXX,2028,72.31077131265106
GLOBAL,S2D2,PWRGEOTZAXX01,GEOTZAXX,2029,62.287504844500766
GLOBAL,S2D2,PWRGEOTZAXX01,GEOTZAXX,2030,81.01186988217891
GLOBAL,S2D2,PWRGEOTZAXX01,GEOTZAXX,2031,81.01186988217886
GLOBAL,S2D2,PWRGEOTZAXX01,GEOTZAXX,2032,71.38328002349544
GLOBAL,S2D2,PWRGEOTZAXX01,GEOTZAXX,2033,75.49715533123852
GLOBAL,S2D2,PWRGEOTZAXX01,GEOTZAXX,2034,95.42768361572534
GLOBAL,S2D2,PWRGEOTZAXX01,GEOTZAXX,2035,101.09672056038627
GLOBAL,S2D2,PWRGEOTZAXX01,GEOTZAXX,2036,91.84810136794223
GLOBAL,S2D2,PWRGEOTZAXX01,GEOTZAXX,2037,55.86690654552024
GLOBAL,S2D2,PWRGEOTZAXX01,GEOTZAXX,2038,108.73235268208516
GLOBAL,S2D2,PWRGEOTZAXX01,GEOTZAXX,2039,109.18989738647085
GLOBAL,S2D2,PWRGEOTZAXX01,GEOTZAXX,2040,114.97264258685652
GLOBAL,S2D2,PWRGEOTZAXX01,GEOTZAXX,2041,121.80503975568644
GLOBAL,S2D2,PWRGEOTZAXX01,GEOTZAXX,2042,128.6374369245163
GLOBAL,S2D2,PWRGEOTZAXX01,GEOTZAXX,2043,135.46983409334612
GLOBAL,S2D2,PWRGEOTZAXX01,GEOTZAXX,2044,85.84527290220474
GLOBAL,S2D2,PWRGEOTZAXX01,GEOTZAXX,2045,149.1410680136344
GLOBAL,S2D2,PWRGEOTZAXX01,GEOTZAXX,2046,100.869175509982
GLOBAL,S2D2,PWRGEOTZAXX01,GEOTZAXX,2047,166.10292865708195
GLOBAL,S2D2,PWRGEOTZAXX01,GEOTZAXX,2048,106.28677625974396
GLOBAL,S2D2,PWRGEOTZAXX01,GEOTZAXX,2049,183.05834971790097
GLOBAL,S2D2,PWRGEOTZAXX01,GEOTZAXX,2050,191.53928003962483
GLOBAL,S2D2,PWRHYDKENXX01,HYDKENXX,2021,10.61015853312
GLOBAL,S2D2,PWRHYDKENXX01,HYDKENXX,2022,8.970397516865217
GLOBAL,S2D2,PWRHYDKENXX01,HYDKENXX,2023,9.037631782492051
GLOBAL,S2D2,PWRHYDKENXX01,HYDKENXX,2024,10.61015853312
GLOBAL,S2D2,PWRHYDKENXX01,HYDKENXX,2025,4.726808080704199
GLOBAL,S2D2,PWRHYDKENXX01,HYDKENXX,2026,8.402688616769378
GLOBAL,S2D2,PWRHYDKENXX01,HYDKENXX,2027,10.61015853312
GLOBAL,S2D2,PWRHYDKENXX01,HYDKENXX,2028,6.461649065885566
GLOBAL,S2D2,PWRHYDKENXX01,HYDKENXX,2029,10.61015853312
GLOBAL,S2D2,PWRHYDKENXX01,HYDKENXX,2030,10.61015853312
GLOBAL,S2D2,PWRHYDKENXX01,HYDKENXX,2031,10.61015853312
GLOBAL,S2D2,PWRHYDKENXX01,HYDKENXX,2032,10.61015853312
GLOBAL,S2D2,PWRHYDKENXX01,HYDKENXX,2033,10.61015853312
GLOBAL,S2D2,PWRHYDKENXX01,HYDKENXX,2034,10.61015853312
GLOBAL,S2D2,PWRHYDKENXX01,HYDKENXX,2035,10.61015853312
GLOBAL,S2D2,PWRHYDKENXX01,HYDKENXX,2036,10.61015853312
GLOBAL,S2D2,PWRHYDKENXX01,HYDKENXX,2037,10.61015853312
GLOBAL,S2D2,PWRHYDKENXX01,HYDKENXX,2038,10.61015853312
GLOBAL,S2D2,PWRHYDKENXX01,HYDKENXX,2039,10.61015853312
GLOBAL,S2D2,PWRHYDKENXX01,HYDKENXX,2040,10.61015853312
GLOBAL,S2D2,PWRHYDKENXX01,HYDKENXX,2042,10.61015853312
GLOBAL,S2D2,PWRHYDKENXX01,HYDKENXX,2043,10.61015853312
GLOBAL,S2D2,PWRHYDKENXX01,HYDKENXX,2044,10.61015853312
GLOBAL,S2D2,PWRHYDKENXX01,HYDKENXX,2045,10.61015853312
GLOBAL,S2D2,PWRHYDKENXX01,HYDKENXX,2046,10.61015853312
GLOBAL,S2D2,PWRHYDKENXX01,HYDKENXX,2047,10.61015853312
GLOBAL,S2D2,PWRHYDKENXX01,HYDKENXX,2048,10.61015853312
GLOBAL,S2D2,PWRHYDKENXX01,HYDKENXX,2049,10.61015853312
GLOBAL,S2D2,PWRHYDKENXX01,HYDKENXX,2050,10.61015853312
GLOBAL,S2D2,PWRHYDTZAXX01,HYDTZAXX,2021,5.325200496
GLOBAL,S2D2,PWRHYDTZAXX01,HYDTZAXX,2022,5.325200496
GLOBAL,S2D2,PWRHYDTZAXX01,HYDTZAXX,2023,5.325200496
GLOBAL,S2D2,PWRHYDTZAXX01,HYDTZAXX,2024,5.325200496
GLOBAL,S2D2,PWRHYDTZAXX01,HYDTZAXX,2025,5.325200496
GLOBAL,S2D2,PWRHYDTZAXX01,HYDTZAXX,2026,5.325200496
GLOBAL,S2D2,PWRHYDTZAXX01,HYDTZAXX,2027,5.325200496
GLOBAL,S2D2,PWRHYDTZAXX01,HYDTZAXX,2028,5.325200496
GLOBAL,S2D2,PWRHYDTZAXX01,HYDTZAXX,2029,5.325200496
GLOBAL,S2D2,PWRHYDTZAXX01,HYDTZAXX,2030,5.325200496
GLOBAL,S2D2,PWRHYDTZAXX01,HYDTZAXX,2032,5.325200496
GLOBAL,S2D2,PWRHYDTZAXX01,HYDTZAXX,2033,5.325200496
GLOBAL,S2D2,PWRHYDTZAXX01,HYDTZAXX,2034,5.325200496
GLOBAL,S2D2,PWRHYDTZAXX01,HYDTZAXX,2035,5.325200496
GLOBAL,S2D2,PWRHYDTZAXX01,HYDTZAXX,2036,5.325200496
GLOBAL,S2D2,PWRHYDTZAXX01,HYDTZAXX,2037,5.325200496
GLOBAL,S2D2,PWRHYDTZAXX01,HYDTZAXX,2039,5.325200496
GLOBAL,S2D2,PWRHYDTZAXX01,HYDTZAXX,2040,5.325200496
GLOBAL,S2D2,PWRHYDTZAXX01,HYDTZAXX,2041,5.325200496
GLOBAL,S2D2,PWRHYDTZAXX01,HYDTZAXX,2042,5.325200496
GLOBAL,S2D2,PWRHYDTZAXX01,HYDTZAXX,2043,5.325200496
GLOBAL,S2D2,PWRHYDTZAXX01,HYDTZAXX,2044,5.325200496
GLOBAL,S2D2,PWRHYDTZAXX01,HYDTZAXX,2045,5.325200496
GLOBAL,S2D2,PWRHYDTZAXX01,HYDTZAXX,2047,5.325200496
GLOBAL,S2D2,PWRHYDTZAXX01,HYDTZAXX,2048,5.325200496
GLOBAL,S2D2,PWRHYDTZAXX01,HYDTZAXX,2049,5.325200496
GLOBAL,S2D2,PWRHYDTZAXX01,HYDTZAXX,2050,5.325200496
GLOBAL,S2D2,PWRSDSKENXX01,ELCKENXX01,2021,0.01771112389463845
GLOBAL,S2D2,PWRSDSKENXX01,ELCKENXX01,2026,0.0189216
GLOBAL,S2D2,PWRSDSKENXX01,ELCKENXX01,2029,0.0189216
GLOBAL,S2D2,PWRSDSKENXX01,ELCKENXX01,2032,0.02
GLOBAL,S2D2,PWRSDSKENXX01,ELCKENXX01,2033,0.02
GLOBAL,S2D2,PWRSDSKENXX01,ELCKENXX01,2034,0.02
GLOBAL,S2D2,PWRSDSKENXX01,ELCKENXX01,2035,0.019999999999980967
GLOBAL,S2D2,PWRSDSKENXX01,ELCKENXX01,2036,0.02
GLOBAL,S2D2,PWRSDSKENXX01,ELCKENXX01,2038,0.02
GLOBAL,S2D2,PWRSDSKENXX01,ELCKENXX01,2039,0.02
GLOBAL,S2D2,PWRSDSKENXX01,ELCKENXX01,2040,0.02
GLOBAL,S2D2,PWRSDSKENXX01,ELCKENXX01,2041,0.02
GLOBAL,S2D2,PWRSDSKENXX01,ELCKENXX01,2042,0.02
GLOBAL,S2D2,PWRSDSKENXX01,ELCKENXX01,2043,0.02
GLOBAL,S2D2,PWRSDSKENXX01,ELCKENXX01,2044,0.02
GLOBAL,S2D2,PWRSDSKENXX01,ELCKENXX01,2045,0.02
GLOBAL,S2D2,PWRSDSKENXX01,ELCKENXX01,2046,0.02
GLOBAL,S2D2,PWRSPVKENXX01,SPVKENXX,2021,1.0644241767160167
GLOBAL,S2D2,PWRSPVKENXX01,SPVKENXX,2022,1.5482533479505702
GLOBAL,S2D2,PWRSPVKENXX01,SPVKENXX,2023,1.3273573578649571
GLOBAL,S2D2,PWRSPVKENXX01,SPVKENXX,2024,1.7901679335678462
GLOBAL,S2D2,PWRSPVKENXX01,SPVKENXX,2025,1.7901679335678462
GLOBAL,S2D2,PWRSPVKENXX01,SPVKENXX,2026,12.000467980367688
GLOBAL,S2D2,PWRSPVKENXX01,SPVKENXX,2027,12.935227417126992
GLOBAL,S2D2,PWRSPVKENXX01,SPVKENXX,2028,13.869986853886296
GLOBAL,S2D2,PWRSPVKENXX01,SPVKENXX,2029,14.806940561623907
GLOBAL,S2D2,PWRSPVKENXX01,SPVKENXX,2030,15.741699998383218
GLOBAL,S2D2,PWRSPVKENXX01,SPVKENXX,2031,25.225339166631365
GLOBAL,S2D2,PWRSPVKENXX01,SPVKENXX,2032,26.841419742155377
GLOBAL,S2D2,PWRSPVKENXX01,SPVKENXX,2033,28.457500317679376
GLOBAL,S2D2,PWRSPVKENXX01,SPVKENXX,2034,30.073580893203392
GLOBAL,S2D2,PWRSPVKENXX01,SPVKENXX,2035,31.686370062259936
GLOBAL,S2D2,PWRSPVKENXX01,SPVKENXX,2036,44.74118524770471
GLOBAL,S2D2,PWRSPVKENXX01,SPVKENXX,2037,47.22948853710625
GLOBAL,S2D2,PWRSPVKENXX01,SPVKENXX,2038,49.72218036846439
GLOBAL,S2D2,PWRSPVKENXX01,SPVKENXX,2039,52.210483657865936
GLOBAL,S2D2,PWRSPVKENXX01,SPVKENXX,2040,54.70317548922406
GLOBAL,S2D2,PWRSPVKENXX01,SPVKENXX,2041,57.797097568638655
GLOBAL,S2D2,PWRSPVKENXX01,SPVKENXX,2042,60.886631106096665
GLOBAL,S2D2,PWRSPVKENXX01,SPVKENXX,2043,63.98055318551126
GLOBAL,S2D2,PWRSPVKENXX01,SPVKENXX,2044,67.07447526492585
GLOBAL,S2D2,PWRSPVKENXX01,SPVKENXX,2045,70.16839734434045
GLOBAL,S2D2,PWRSPVKENXX01,SPVKENXX,2046,74.0478684339894
GLOBAL,S2D2,PWRSPVKENXX01,SPVKENXX,2047,77.93172806559494
GLOBAL,S2D2,PWRSPVKENXX01,SPVKENXX,2048,81.81119915524387
GLOBAL,S2D2,PWRSPVKENXX01,SPVKENXX,2049,85.69067024489283
GLOBAL,S2D2,PWRSPVKENXX01,SPVKENXX,2050,89.57014133454179
GLOBAL,S2D2,PWRSPVTZAXX01,SPVTZAXX,2026,16.766241427458745
GLOBAL,S2D2,PWRSPVTZAXX01,SPVTZAXX,2027,18.088052501461807
GLOBAL,S2D2,PWRSPVTZAXX01,SPVTZAXX,2028,19.41198186244244
GLOBAL,S2D2,PWRSPVTZAXX01,SPVTZAXX,2029,20.73591122342308
GLOBAL,S2D2,PWRSPVTZAXX01,SPVTZAXX,2030,22.059840584403712
GLOBAL,S2D2,PWRSPVTZAXX01,SPVTZAXX,2031,35.48872087870247
GLOBAL,S2D2,PWRSPVTZAXX01,SPVTZAXX,2032,37.89085831126573
GLOBAL,S2D2,PWRSPVTZAXX01,SPVTZAXX,2033,40.292995743829
GLOBAL,S2D2,PWRSPVTZAXX01,SPVTZAXX,2034,42.69195574592591
GLOBAL,S2D2,PWRSPVTZAXX01,SPVTZAXX,2035,45.09409317848917
GLOBAL,S2D2,PWRSPVTZAXX01,SPVTZAXX,2036,63.92990098303286
GLOBAL,S2D2,PWRSPVTZAXX01,SPVTZAXX,2037,67.73010782079164
GLOBAL,S2D2,PWRSPVTZAXX01,SPVTZAXX,2038,71.5345512325056
GLOBAL,S2D2,PWRSPVTZAXX01,SPVTZAXX,2039,75.33899464421955
GLOBAL,S2D2,PWRSPVTZAXX01,SPVTZAXX,2040,79.1434380559335
GLOBAL,S2D2,PWRSPVTZAXX01,SPVTZAXX,2041,83.63844302233491
GLOBAL,S2D2,PWRSPVTZAXX01,SPVTZAXX,2042,88.13344798873638
GLOBAL,S2D2,PWRSPVTZAXX01,SPVTZAXX,2043,92.62845295513785
GLOBAL,S2D2,PWRSPVTZAXX01,SPVTZAXX,2044,97.1276944954944
GLOBAL,S2D2,PWRSPVTZAXX01,SPVTZAXX,2045,101.62269946189583
GLOBAL,S2D2,PWRSPVTZAXX01,SPVTZAXX,2046,107.20226736081264
GLOBAL,S2D2,PWRSPVTZAXX01,SPVTZAXX,2047,112.78183525972942
GLOBAL,S2D2,PWRSPVTZAXX01,SPVTZAXX,2048,118.36140315864624
GLOBAL,S2D2,PWRSPVTZAXX01,SPVTZAXX,2049,123.93673448360788
GLOBAL,S2D2,PWRSPVTZAXX01,SPVTZAXX,2050,129.51630238252466
GLOBAL,S2D2,PWRTRNKENXX,ELCKENXX01,2021,49.110320284697515
GLOBAL,S2D2,PWRTRNKENXX,ELCKENXX01,2022,51.245551601423486
GLOBAL,S2D2,PWRTRNKENXX,ELCKENXX01,2023,50.71561871656928
GLOBAL,S2D2,PWRTRNKENXX,ELCKENXX01,2024,52.34754371586303
GLOBAL,S2D2,PWRTRNKENXX,ELCKENXX01,2025,53.83985765124555
GLOBAL,S2D2,PWRTRNKENXX,ELCKENXX01,2026,58.387900355871885
GLOBAL,S2D2,PWRTRNKENXX,ELCKENXX01,2027,62.93594306049822
GLOBAL,S2D2,PWRTRNKENXX,ELCKENXX01,2028,67.48398576512456
GLOBAL,S2D2,PWRTRNKENXX,ELCKENXX01,2029,72.04270462633451
GLOBAL,S2D2,PWRTRNKENXX,ELCKENXX01,2030,76.59074733096085
GLOBAL,S2D2,PWRTRNKENXX,ELCKENXX01,2031,81.8220640569395
GLOBAL,S2D2,PWRTRNKENXX,ELCKENXX01,2032,87.06405693950178
GLOBAL,S2D2,PWRTRNKENXX,ELCKENXX01,2033,92.30604982206403
GLOBAL,S2D2,PWRTRNKENXX,ELCKENXX01,2034,97.54804270462633
GLOBAL,S2D2,PWRTRNKENXX,ELCKENXX01,2035,102.77935943060498
GLOBAL,S2D2,PWRTRNKENXX,ELCKENXX01,2036,108.84341637010677
GLOBAL,S2D2,PWRTRNKENXX,ELCKENXX01,2037,114.89679715302492
GLOBAL,S2D2,PWRTRNKENXX,ELCKENXX01,2038,120.96085409252667
GLOBAL,S2D2,PWRTRNKENXX,ELCKENXX01,2039,127.01423487544484
GLOBAL,S2D2,PWRTRNKENXX,ELCKENXX01,2040,133.07829181494662
GLOBAL,S2D2,PWRTRNKENXX,ELCKENXX01,2041,140.6049822064057
GLOBAL,S2D2,PWRTRNKENXX,ELCKENXX01,2042,148.12099644128116
GLOBAL,S2D2,PWRTRNKENXX,ELCKENXX01,2043,155.64768683274022
GLOBAL,S2D2,PWRTRNKENXX,ELCKENXX01,2044,163.1743772241993
GLOBAL,S2D2,PWRTRNKENXX,ELCKENXX01,2045,170.7010676156584
GLOBAL,S2D2,PWRTRNKENXX,ELCKENXX01,2046,180.13879003558716
GLOBAL,S2D2,PWRTRNKENXX,ELCKENXX01,2047,189.58718861209965
GLOBAL,S2D2,PWRTRNKENXX,ELCKENXX01,2048,199.02491103202848
GLOBAL,S2D2,PWRTRNKENXX,ELCKENXX01,2049,208.4626334519573
GLOBAL,S2D2,PWRTRNKENXX,ELCKENXX01,2050,217.9003558718861
GLOBAL,S2D2,PWRTRNTZAXX,ELCTZAXX01,2021,34.163701067615655
GLOBAL,S2D2,PWRTRNTZAXX,ELCTZAXX01,2022,37.904230816213406
GLOBAL,S2D2,PWRTRNTZAXX,ELCTZAXX01,2023,42.70462633451957
GLOBAL,S2D2,PWRTRNTZAXX,ELCTZAXX01,2024,72.57651245551601
GLOBAL,S2D2,PWRTRNTZAXX,ELCTZAXX01,2025,77.82918149466191
GLOBAL,S2D2,PWRTRNTZAXX,ELCTZAXX01,2026,84.5017793594306
GLOBAL,S2D2,PWRTRNTZAXX,ELCTZAXX01,2027,91.16370106761566
GLOBAL,S2D2,PWRTRNTZAXX,ELCTZAXX01,2028,97.83629893238432
GLOBAL,S2D2,PWRTRNTZAXX,ELCTZAXX01,2029,104.50889679715304
GLOBAL,S2D2,PWRTRNTZAXX,ELCTZAXX01,2030,111.18149466192172
GLOBAL,S2D2,PWRTRNTZAXX,ELCTZAXX01,2031,119.24199288256229
GLOBAL,S2D2,PWRTRNTZAXX,ELCTZAXX01,2032,127.31316725978648
GLOBAL,S2D2,PWRTRNTZAXX,ELCTZAXX01,2033,135.38434163701066
GLOBAL,S2D2,PWRTRNTZAXX,ELCTZAXX01,2034,143.44483985765126
GLOBAL,S2D2,PWRTRNTZAXX,ELCTZAXX01,2035,151.51601423487546
GLOBAL,S2D2,PWRTRNTZAXX,ELCTZAXX01,2036,161.10320284697508
GLOBAL,S2D2,PWRTRNTZAXX,ELCTZAXX01,2037,170.6797153024911
GLOBAL,S2D2,PWRTRNTZAXX,ELCTZAXX01,2038,180.2669039145908
GLOBAL,S2D2,PWRTRNTZAXX,ELCTZAXX01,2039,189.8540925266904
GLOBAL,S2D2,PWRTRNTZAXX,ELCTZAXX01,2040,199.44128113879003
GLOBAL,S2D2,PWRTRNTZAXX,ELCTZAXX01,2041,210.76868327402136
GLOBAL,S2D2,PWRTRNTZAXX,ELCTZAXX01,2042,222.09608540925265
GLOBAL,S2D2,PWRTRNTZAXX,ELCTZAXX01,2043,233.423487544484
GLOBAL,S2D2,PWRTRNTZAXX,ELCTZAXX01,2044,244.76156583629893
GLOBAL,S2D2,PWRTRNTZAXX,ELCTZAXX01,2045,256.0889679715303
GLOBAL,S2D2,PWRTRNTZAXX,ELCTZAXX01,2046,270.1494661921708
GLOBAL,S2D2,PWRTRNTZAXX,ELCTZAXX01,2047,284.20996441281136
GLOBAL,S2D2,PWRTRNTZAXX,ELCTZAXX01,2048,298.270462633452
GLOBAL,S2D2,PWRTRNTZAXX,ELCTZAXX01,2049,312.3202846975089
GLOBAL,S2D2,PWRTRNTZAXX,ELCTZAXX01,2050,326.38078291814946
GLOBAL,S2D2,PWRWONKENXX01,WONKENXX,2021,1.817230464
GLOBAL,S2D2,PWRWONKENXX01,WONKENXX,2022,1.817230464
GLOBAL,S2D2,PWRWONKENXX01,WONKENXX,2023,1.817230464
GLOBAL,S2D2,PWRWONKENXX01,WONKENXX,2024,1.67661144
GLOBAL,S2D2,PWRWONKENXX01,WONKENXX,2025,1.67661144
GLOBAL,S2D2,PWRWONKENXX01,WONKENXX,2026,1.67661144
GLOBAL,S2D2,PWRWONKENXX01,WONKENXX,2027,0.9655100245812552
GLOBAL,S2D2,PWRWONKENXX01,WONKENXX,2028,0.7935769188996116
GLOBAL,S2D2,PWRWONKENXX01,WONKENXX,2029,0.14544936305262868
GLOBAL,S2D2,PWRWONKENXX01,WONKENXX,2030,1.67661144
GLOBAL,S2D2,PWRWONKENXX01,WONKENXX,2031,1.67661144
GLOBAL,S2D2,PWRWONKENXX01,WONKENXX,2032,1.67661144
GLOBAL,S2D2,PWRWONKENXX01,WONKENXX,2033,1.67661144
GLOBAL,S2D2,PWRWONKENXX01,WONKENXX,2034,1.67661144
GLOBAL,S2D2,PWRWONKENXX01,WONKENXX,2035,1.67661144
GLOBAL,S2D2,PWRWONKENXX01,WONKENXX,2037,1.67661144
GLOBAL,S2D2,PWRWONKENXX01,WONKENXX,2038,1.67661144
GLOBAL,S2D2,PWRWONKENXX01,WONKENXX,2039,1.67661144
GLOBAL,S2D2,PWRWONKENXX01,WONKENXX,2040,1.67661144
GLOBAL,S2D2,PWRWONKENXX01,WONKENXX,2041,1.67661144
GLOBAL,S2D2,PWRWONKENXX01,WONKENXX,2043,1.67661144
GLOBAL,S2D2,PWRWONKENXX01,WONKENXX,2044,1.67661144
GLOBAL,S2D2,PWRWONKENXX01,WONKENXX,2045,1.67661144
GLOBAL,S2D2,PWRWONKENXX01,WONKENXX,2046,1.67661144
GLOBAL,S2D2,PWRWONKENXX01,WONKENXX,2047,1.67661144
GLOBAL,S2D2,TRNKENXXTZAXX,ELCKENXX02,2023,0.5376827735087841
GLOBAL,S2D2,TRNKENXXTZAXX,ELCKENXX02,2024,0.0343764560765548
GLOBAL,S2D2,TRNKENXXTZAXX,ELCTZAXX02,2022,0.5376827735087841
GLOBAL,S2D3,PWRBIOKENXX01,BIOKENXX,2021,8.9688384
GLOBAL,S2D3,PWRBIOKENXX01,BIOKENXX,2022,8.9688384
GLOBAL,S2D3,PWRBIOKENXX01,BIOKENXX,2023,6.052202431983697
GLOBAL,S2D3,PWRBIOKENXX01,BIOKENXX,2024,25.766588227127365
GLOBAL,S2D3,PWRBIOKENXX01,BIOKENXX,2025,25.558312026841136
GLOBAL,S2D3,PWRBIOKENXX01,BIOKENXX,2026,29.448723439234232
GLOBAL,S2D3,PWRBIOKENXX01,BIOKENXX,2027,38.2441299079748
GLOBAL,S2D3,PWRBIOKENXX01,BIOKENXX,2029,45.84142461376945
GLOBAL,S2D3,PWRBIOKENXX01,BIOKENXX,2030,4.603738099296332
GLOBAL,S2D3,PWRBIOKENXX01,BIOKENXX,2037,17.524504694153
GLOBAL,S2D3,PWRBIOKENXX01,BIOKENXX,2040,163.40156103431065
GLOBAL,S2D3,PWRBIOKENXX01,BIOKENXX,2044,30.997656470846444
GLOBAL,S2D3,PWRBIOKENXX01,BIOKENXX,2045,30.301493833456014
GLOBAL,S2D3,PWRBIOTZAXX01,BIOTZAXX,2038,140.52657188943238
GLOBAL,S2D3,PWRBIOTZAXX01,BIOTZAXX,2040,154.64737832775825
GLOBAL,S2D3,PWRBIOTZAXX01,BIOTZAXX,2043,179.6732841702927
GLOBAL,S2D3,PWRBIOTZAXX01,BIOTZAXX,2045,196.36508376303533
GLOBAL,S2D3,PWRBIOTZAXX01,BIOTZAXX,2047,217.0745515573288
GLOBAL,S2D3,PWRBIOTZAXX01,BIOTZAXX,2049,237.77615698723542
GLOBAL,S2D3,PWRBIOTZAXX01,BIOTZAXX,2050,248.13089088438176
GLOBAL,S2D3,PWRGEOKENXX01,GEOKENXX,2021,33.80599142017584
GLOBAL,S2D3,PWRGEOKENXX01,GEOKENXX,2022,35.695159112212274
GLOBAL,S2D3,PWRGEOKENXX01,GEOKENXX,2023,35.695159112212274
GLOBAL,S2D3,PWRGEOKENXX01,GEOKENXX,2024,30.700445944919075
GLOBAL,S2D3,PWRGEOKENXX01,GEOKENXX,2025,36.327053918734826
GLOBAL,S2D3,PWRGEOKENXX01,GEOKENXX,2026,25.380724732145516
GLOBAL,S2D3,PWRGEOKENXX01,GEOKENXX,2027,35.57398979464069
GLOBAL,S2D3,PWRGEOKENXX01,GEOKENXX,2028,42.07140964755498
GLOBAL,S2D3,PWRGEOKENXX01,GEOKENXX,2029,32.118825590524324
GLOBAL,S2D3,PWRGEOKENXX01,GEOKENXX,2030,48.782009654110695
GLOBAL,S2D3,PWRGEOKENXX01,GEOKENXX,2031,44.92923352518814
GLOBAL,S2D3,PWRGEOKENXX01,GEOKENXX,2032,48.5351458322264
GLOBAL,S2D3,PWRGEOKENXX01,GEOKENXX,2033,52.16105813926468
GLOBAL,S2D3,PWRGEOKENXX01,GEOKENXX,2034,55.78697044630294
GLOBAL,S2D3,PWRGEOKENXX01,GEOKENXX,2035,59.40549800322505
GLOBAL,S2D3,PWRGEOKENXX01,GEOKENXX,2036,52.41473975728204
GLOBAL,S2D3,PWRGEOKENXX01,GEOKENXX,2037,61.04424645032595
GLOBAL,S2D3,PWRGEOKENXX01,GEOKENXX,2038,59.5511823589423
GLOBAL,S2D3,PWRGEOKENXX01,GEOKENXX,2039,63.11625985245891
GLOBAL,S2D3,PWRGEOKENXX01,GEOKENXX,2040,14.978270202909329
GLOBAL,S2D3,PWRGEOKENXX01,GEOKENXX,2041,71.12039327264704
GLOBAL,S2D3,PWRGEOKENXX01,GEOKENXX,2042,75.5468739700645
GLOBAL,S2D3,PWRGEOKENXX01,GEOKENXX,2043,79.97964228210897
GLOBAL,S2D3,PWRGEOKENXX01,GEOKENXX,2044,85.21318416814483
GLOBAL,S2D3,PWRGEOKENXX01,GEOKENXX,2045,89.86625711227488
GLOBAL,S2D3,PWRGEOKENXX01,GEOKENXX,2046,94.40343023647779
GLOBAL,S2D3,PWRGEOKENXX01,GEOKENXX,2047,99.96796918138472
GLOBAL,S2D3,PWRGEOKENXX01,GEOKENXX,2048,106.6035533436646
GLOBAL,S2D3,PWRGEOKENXX01,GEOKENXX,2049,112.16180467394447
GLOBAL,S2D3,PWRGEOKENXX01,GEOKENXX,2050,117.72005600422436
GLOBAL,S2D3,PWRGEOTZAXX01,GEOTZAXX,2021,23.682233167188496
GLOBAL,S2D3,PWRGEOTZAXX01,GEOTZAXX,2022,26.35127231309597
GLOBAL,S2D3,PWRGEOTZAXX01,GEOTZAXX,2023,29.74386624189111
GLOBAL,S2D3,PWRGEOTZAXX01,GEOTZAXX,2024,55.15522655026334
GLOBAL,S2D3,PWRGEOTZAXX01,GEOTZAXX,2025,59.5324507495516
GLOBAL,S2D3,PWRGEOTZAXX01,GEOTZAXX,2026,48.32670754273342
GLOBAL,S2D3,PWRGEOTZAXX01,GEOTZAXX,2027,52.55649789221791
GLOBAL,S2D3,PWRGEOTZAXX01,GEOTZAXX,2028,56.79306675187784
GLOBAL,S2D3,PWRGEOTZAXX01,GEOTZAXX,2029,61.02963561153777
GLOBAL,S2D3,PWRGEOTZAXX01,GEOTZAXX,2030,65.26620447119771
GLOBAL,S2D3,PWRGEOTZAXX01,GEOTZAXX,2031,58.55440602743276
GLOBAL,S2D3,PWRGEOTZAXX01,GEOTZAXX,2032,62.878247242556334
GLOBAL,S2D3,PWRGEOTZAXX01,GEOTZAXX,2033,67.20208845767989
GLOBAL,S2D3,PWRGEOTZAXX01,GEOTZAXX,2034,71.5202103061168
GLOBAL,S2D3,PWRGEOTZAXX01,GEOTZAXX,2035,75.84405152124037
GLOBAL,S2D3,PWRGEOTZAXX01,GEOTZAXX,2036,64.99756756011304
GLOBAL,S2D3,PWRGEOTZAXX01,GEOTZAXX,2037,74.5029882646176
GLOBAL,S2D3,PWRGEOTZAXX01,GEOTZAXX,2038,31.162496461751747
GLOBAL,S2D3,PWRGEOTZAXX01,GEOTZAXX,2039,77.54754863202245
GLOBAL,S2D3,PWRGEOTZAXX01,GEOTZAXX,2040,35.2917749112449
GLOBAL,S2D3,PWRGEOTZAXX01,GEOTZAXX,2041,86.67692587668286
GLOBAL,S2D3,PWRGEOTZAXX01,GEOTZAXX,2042,91.62142268964084
GLOBAL,S2D3,PWRGEOTZAXX01,GEOTZAXX,2043,47.93517880631873
GLOBAL,S2D3,PWRGEOTZAXX01,GEOTZAXX,2044,101.51507653875468
GLOBAL,S2D3,PWRGEOTZAXX01,GEOTZAXX,2045,47.49107972917955
GLOBAL,S2D3,PWRGEOTZAXX01,GEOTZAXX,2046,112.59708730332969
GLOBAL,S2D3,PWRGEOTZAXX01,GEOTZAXX,2047,58.87224873072786
GLOBAL,S2D3,PWRGEOTZAXX01,GEOTZAXX,2048,124.87211520656372
GLOBAL,S2D3,PWRGEOTZAXX01,GEOTZAXX,2049,64.92591808346472
GLOBAL,S2D3,PWRGEOTZAXX01,GEOTZAXX,2050,67.953902336239
GLOBAL,S2D3,PWRHYDKENXX01,HYDKENXX,2021,10.61015853312
GLOBAL,S2D3,PWRHYDKENXX01,HYDKENXX,2022,9.478087487852113
GLOBAL,S2D3,PWRHYDKENXX01,HYDKENXX,2023,10.61015853312
GLOBAL,S2D3,PWRHYDKENXX01,HYDKENXX,2024,10.61015853312
GLOBAL,S2D3,PWRHYDKENXX01,HYDKENXX,2025,7.653483972727331
GLOBAL,S2D3,PWRHYDKENXX01,HYDKENXX,2026,10.61015853312
GLOBAL,S2D3,PWRHYDKENXX01,HYDKENXX,2027,2.343074693042305
GLOBAL,S2D3,PWRHYDKENXX01,HYDKENXX,2028,10.484178031683282
GLOBAL,S2D3,PWRHYDKENXX01,HYDKENXX,2029,10.61015853312
GLOBAL,S2D3,PWRHYDKENXX01,HYDKENXX,2030,10.61015853312
GLOBAL,S2D3,PWRHYDKENXX01,HYDKENXX,2031,10.61015853312
GLOBAL,S2D3,PWRHYDKENXX01,HYDKENXX,2032,10.61015853312
GLOBAL,S2D3,PWRHYDKENXX01,HYDKENXX,2033,10.61015853312
GLOBAL,S2D3,PWRHYDKENXX01,HYDKENXX,2034,10.61015853312
GLOBAL,S2D3,PWRHYDKENXX01,HYDKENXX,2035,10.61015853312
GLOBAL,S2D3,PWRHYDKENXX01,HYDKENXX,2036,10.61015853312
GLOBAL,S2D3,PWRHYDKENXX01,HYDKENXX,2038,10.61015853312
GLOBAL,S2D3,PWRHYDKENXX01,HYDKENXX,2039,10.61015853312
GLOBAL,S2D3,PWRHYDKENXX01,HYDKENXX,2040,10.61015853312
GLOBAL,S2D3,PWRHYDKENXX01,HYDKENXX,2041,10.61015853312
GLOBAL,S2D3,PWRHYDKENXX01,HYDKENXX,2042,10.61015853312
GLOBAL,S2D3,PWRHYDKENXX01,HYDKENXX,2043,10.61015853312
GLOBAL,S2D3,PWRHYDKENXX01,HYDKENXX,2046,10.61015853312
GLOBAL,S2D3,PWRHYDKENXX01,HYDKENXX,2047,10.61015853312
GLOBAL,S2D3,PWRHYDKENXX01,HYDKENXX,2048,10.61015853312
GLOBAL,S2D3,PWRHYDKENXX01,HYDKENXX,2049,10.61015853312
GLOBAL,S2D3,PWRHYDKENXX01,HYDKENXX,2050,10.61015853312
GLOBAL,S2D3,PWRHYDTZAXX01,HYDTZAXX,2021,5.325200496
GLOBAL,S2D3,PWRHYDTZAXX01,HYDTZAXX,2022,5.325200496
GLOBAL,S2D3,PWRHYDTZAXX01,HYDTZAXX,2023,5.325200496
GLOBAL,S2D3,PWRHYDTZAXX01,HYDTZAXX,2024,5.325200496
GLOBAL,S2D3,PWRHYDTZAXX01,HYDTZAXX,2025,5.325200496
GLOBAL,S2D3,PWRHYDTZAXX01,HYDTZAXX,2026,5.325200496
GLOBAL,S2D3,PWRHYDTZAXX01,HYDTZAXX,2027,5.325200496
GLOBAL,S2D3,PWRHYDTZAXX01,HYDTZAXX,2028,5.325200496
GLOBAL,S2D3,PWRHYDTZAXX01,HYDTZAXX,2029,5.325200496
GLOBAL,S2D3,PWRHYDTZAXX01,HYDTZAXX,2030,5.325200496
GLOBAL,S2D3,PWRHYDTZAXX01,HYDTZAXX,2031,5.325200496
GLOBAL,S2D3,PWRHYDTZAXX01,HYDTZAXX,2032,5.325200496
GLOBAL,S2D3,PWRHYDTZAXX01,HYDTZAXX,2033,5.325200496
GLOBAL,S2D3,PWRHYDTZAXX01,HYDTZAXX,2034,5.325200496
GLOBAL,S2D3,PWRHYDTZAXX01,HYDTZAXX,2035,5.325200496
GLOBAL,S2D3,PWRHYDTZAXX01,HYDTZAXX,2036,5.325200496
GLOBAL,S2D3,PWRHYDTZAXX01,HYDTZAXX,2038,5.325200496
GLOBAL,S2D3,PWRHYDTZAXX01,HYDTZAXX,2039,5.325200496
GLOBAL,S2D3,PWRHYDTZAXX01,HYDTZAXX,2040,5.325200496
GLOBAL,S2D3,PWRHYDTZAXX01,HYDTZAXX,2041,5.325200496
GLOBAL,S2D3,PWRHYDTZAXX01,HYDTZAXX,2042,5.325200496
GLOBAL,S2D3,PWRHYDTZAXX01,HYDTZAXX,2044,5.325200496
GLOBAL,S2D3,PWRHYDTZAXX01,HYDTZAXX,2045,5.325200496
GLOBAL,S2D3,PWRHYDTZAXX01,HYDTZAXX,2046,5.325200496
GLOBAL,S2D3,PWRHYDTZAXX01,HYDTZAXX,2048,5.325200496
GLOBAL,S2D3,PWRSDSKENXX01,ELCKENXX01,2024,0.0189216
GLOBAL,S2D3,PWRSDSKENXX01,ELCKENXX01,2025,0.0189216
GLOBAL,S2D3,PWRSDSKENXX01,ELCKENXX01,2027,0.0189216
GLOBAL,S2D3,PWRSDSKENXX01,ELCKENXX01,2028,0.0189216
GLOBAL,S2D3,PWRSDSKENXX01,ELCKENXX01,2031,0.02
GLOBAL,S2D3,PWRSPVKENXX01,SPVKENXX,2021,1.0644241767160167
GLOBAL,S2D3,PWRSPVKENXX01,SPVKENXX,2022,1.5482533479505702
GLOBAL,S2D3,PWRSPVKENXX01,SPVKENXX,2023,1.3273573578649571
GLOBAL,S2D3,PWRSPVKENXX01,SPVKENXX,2024,1.7901679335678462
GLOBAL,S2D3,PWRSPVKENXX01,SPVKENXX,2025,1.7901679335678462
GLOBAL,S2D3,PWRSPVKENXX01,SPVKENXX,2026,12.000467980367688
GLOBAL,S2D3,PWRSPVKENXX01,SPVKENXX,2027,12.935227417126992
GLOBAL,S2D3,PWRSPVKENXX01,SPVKENXX,2028,13.869986853886296
GLOBAL,S2D3,PWRSPVKENXX01,SPVKENXX,2029,14.806940561623907
GLOBAL,S2D3,PWRSPVKENXX01,SPVKENXX,2030,15.741699998383218
GLOBAL,S2D3,PWRSPVKENXX01,SPVKENXX,2031,25.225339166631365
GLOBAL,S2D3,PWRSPVKENXX01,SPVKENXX,2032,26.841419742155377
GLOBAL,S2D3,PWRSPVKENXX01,SPVKENXX,2033,28.457500317679376
GLOBAL,S2D3,PWRSPVKENXX01,SPVKENXX,2034,30.073580893203392
GLOBAL,S2D3,PWRSPVKENXX01,SPVKENXX,2035,31.686370062259936
GLOBAL,S2D3,PWRSPVKENXX01,SPVKENXX,2036,44.74118524770471
GLOBAL,S2D3,PWRSPVKENXX01,SPVKENXX,2037,47.22948853710625
GLOBAL,S2D3,PWRSPVKENXX01,SPVKENXX,2038,49.72218036846439
GLOBAL,S2D3,PWRSPVKENXX01,SPVKENXX,2039,52.210483657865936
GLOBAL,S2D3,PWRSPVKENXX01,SPVKENXX,2040,54.70317548922406
GLOBAL,S2D3,PWRSPVKENXX01,SPVKENXX,2041,57.797097568638655
GLOBAL,S2D3,PWRSPVKENXX01,SPVKENXX,2042,60.886631106096665
GLOBAL,S2D3,PWRSPVKENXX01,SPVKENXX,2043,63.98055318551126
GLOBAL,S2D3,PWRSPVKENXX01,SPVKENXX,2044,67.07447526492585
GLOBAL,S2D3,PWRSPVKENXX01,SPVKENXX,2045,70.16839734434045
GLOBAL,S2D3,PWRSPVKENXX01,SPVKENXX,2046,74.0478684339894
GLOBAL,S2D3,PWRSPVKENXX01,SPVKENXX,2047,77.93172806559494
GLOBAL,S2D3,PWRSPVKENXX01,SPVKENXX,2048,81.81119915524387
GLOBAL,S2D3,PWRSPVKENXX01,SPVKENXX,2049,85.69067024489283
GLOBAL,S2D3,PWRSPVKENXX01,SPVKENXX,2050,89.57014133454179
GLOBAL,S2D3,PWRSPVTZAXX01,SPVTZAXX,2026,16.766241427458745
GLOBAL,S2D3,PWRSPVTZAXX01,SPVTZAXX,2027,18.088052501461807
GLOBAL,S2D3,PWRSPVTZAXX01,SPVTZAXX,2028,19.41198186244244
GLOBAL,S2D3,PWRSPVTZAXX01,SPVTZAXX,2029,20.73591122342308
GLOBAL,S2D3,PWRSPVTZAXX01,SPVTZAXX,2030,22.059840584403712
GLOBAL,S2D3,PWRSPVTZAXX01,SPVTZAXX,2031,35.48872087870247
GLOBAL,S2D3,PWRSPVTZAXX01,SPVTZAXX,2032,37.89085831126573
GLOBAL,S2D3,PWRSPVTZAXX01,SPVTZAXX,2033,40.292995743829
GLOBAL,S2D3,PWRSPVTZAXX01,SPVTZAXX,2034,42.69195574592591
GLOBAL,S2D3,PWRSPVTZAXX01,SPVTZAXX,2035,45.09409317848917
GLOBAL,S2D3,PWRSPVTZAXX01,SPVTZAXX,2036,63.92990098303286
GLOBAL,S2D3,PWRSPVTZAXX01,SPVTZAXX,2037,67.73010782079164
GLOBAL,S2D3,PWRSPVTZAXX01,SPVTZAXX,2038,71.5345512325056
GLOBAL,S2D3,PWRSPVTZAXX01,SPVTZAXX,2039,75.33899464421955
GLOBAL,S2D3,PWRSPVTZAXX01,SPVTZAXX,2040,79.1434380559335
GLOBAL,S2D3,PWRSPVTZAXX01,SPVTZAXX,2041,83.63844302233491
GLOBAL,S2D3,PWRSPVTZAXX01,SPVTZAXX,2042,88.13344798873638
GLOBAL,S2D3,PWRSPVTZAXX01,SPVTZAXX,2043,92.62845295513785
GLOBAL,S2D3,PWRSPVTZAXX01,SPVTZAXX,2044,97.1276944954944
GLOBAL,S2D3,PWRSPVTZAXX01,SPVTZAXX,2045,101.62269946189583
GLOBAL,S2D3,PWRSPVTZAXX01,SPVTZAXX,2046,107.20226736081264
GLOBAL,S2D3,PWRSPVTZAXX01,SPVTZAXX,2047,112.78183525972942
GLOBAL,S2D3,PWRSPVTZAXX01,SPVTZAXX,2048,118.36140315864624
GLOBAL,S2D3,PWRSPVTZAXX01,SPVTZAXX,2049,123.93673448360788
GLOBAL,S2D3,PWRSPVTZAXX01,SPVTZAXX,2050,129.51630238252466
GLOBAL,S2D3,PWRTRNKENXX,ELCKENXX01,2021,49.110320284697515
GLOBAL,S2D3,PWRTRNKENXX,ELCKENXX01,2022,51.245551601423486
GLOBAL,S2D3,PWRTRNKENXX,ELCKENXX01,2023,50.71561871656928
GLOBAL,S2D3,PWRTRNKENXX,ELCKENXX01,2024,52.31316725978648
GLOBAL,S2D3,PWRTRNKENXX,ELCKENXX01,2025,53.83985765124555
GLOBAL,S2D3,PWRTRNKENXX,ELCKENXX01,2026,58.387900355871885
GLOBAL,S2D3,PWRTRNKENXX,ELCKENXX01,2027,62.93594306049822
GLOBAL,S2D3,PWRTRNKENXX,ELCKENXX01,2028,67.48398576512456
GLOBAL,S2D3,PWRTRNKENXX,ELCKENXX01,2029,72.04270462633451
GLOBAL,S2D3,PWRTRNKENXX,ELCKENXX01,2030,76.59074733096085
GLOBAL,S2D3,PWRTRNKENXX,ELCKENXX01,2031,81.8220640569395
GLOBAL,S2D3,PWRTRNKENXX,ELCKENXX01,2032,87.06405693950178
GLOBAL,S2D3,PWRTRNKENXX,ELCKENXX01,2033,92.30604982206403
GLOBAL,S2D3,PWRTRNKENXX,ELCKENXX01,2034,97.54804270462633
GLOBAL,S2D3,PWRTRNKENXX,ELCKENXX01,2035,102.77935943060498
GLOBAL,S2D3,PWRTRNKENXX,ELCKENXX01,2036,108.84341637010677
GLOBAL,S2D3,PWRTRNKENXX,ELCKENXX01,2037,114.89679715302492
GLOBAL,S2D3,PWRTRNKENXX,ELCKENXX01,2038,120.96085409252667
GLOBAL,S2D3,PWRTRNKENXX,ELCKENXX01,2039,127.01423487544484
GLOBAL,S2D3,PWRTRNKENXX,ELCKENXX01,2040,133.07829181494662
GLOBAL,S2D3,PWRTRNKENXX,ELCKENXX01,2041,140.6049822064057
GLOBAL,S2D3,PWRTRNKENXX,ELCKENXX01,2042,148.12099644128116
GLOBAL,S2D3,PWRTRNKENXX,ELCKENXX01,2043,155.64768683274022
GLOBAL,S2D3,PWRTRNKENXX,ELCKENXX01,2044,163.1743772241993
GLOBAL,S2D3,PWRTRNKENXX,ELCKENXX01,2045,170.7010676156584
GLOBAL,S2D3,PWRTRNKENXX,ELCKENXX01,2046,180.13879003558716
GLOBAL,S2D3,PWRTRNKENXX,ELCKENXX01,2047,189.58718861209965
GLOBAL,S2D3,PWRTRNKENXX,ELCKENXX01,2048,199.02491103202848
GLOBAL,S2D3,PWRTRNKENXX,ELCKENXX01,2049,208.4626334519573
GLOBAL,S2D3,PWRTRNKENXX,ELCKENXX01,2050,217.9003558718861
GLOBAL,S2D3,PWRTRNTZAXX,ELCTZAXX01,2021,29.0074336631885
GLOBAL,S2D3,PWRTRNTZAXX,ELCTZAXX01,2022,31.67647280909597
GLOBAL,S2D3,PWRTRNTZAXX,ELCTZAXX01,2023,35.587188612099645
GLOBAL,S2D3,PWRTRNTZAXX,ELCTZAXX01,2024,60.480427046263344
GLOBAL,S2D3,PWRTRNTZAXX,ELCTZAXX01,2025,64.85765124555161
GLOBAL,S2D3,PWRTRNTZAXX,ELCTZAXX01,2026,70.41814946619218
GLOBAL,S2D3,PWRTRNTZAXX,ELCTZAXX01,2027,75.96975088967972
GLOBAL,S2D3,PWRTRNTZAXX,ELCTZAXX01,2028,81.53024911032028
GLOBAL,S2D3,PWRTRNTZAXX,ELCTZAXX01,2029,87.09074733096085
GLOBAL,S2D3,PWRTRNTZAXX,ELCTZAXX01,2030,92.65124555160142
GLOBAL,S2D3,PWRTRNTZAXX,ELCTZAXX01,2031,99.36832740213524
GLOBAL,S2D3,PWRTRNTZAXX,ELCTZAXX01,2032,106.09430604982208
GLOBAL,S2D3,PWRTRNTZAXX,ELCTZAXX01,2033,112.8202846975089
GLOBAL,S2D3,PWRTRNTZAXX,ELCTZAXX01,2034,119.5373665480427
GLOBAL,S2D3,PWRTRNTZAXX,ELCTZAXX01,2035,126.26334519572954
GLOBAL,S2D3,PWRTRNTZAXX,ELCTZAXX01,2036,134.2526690391459
GLOBAL,S2D3,PWRTRNTZAXX,ELCTZAXX01,2037,142.23309608540924
GLOBAL,S2D3,PWRTRNTZAXX,ELCTZAXX01,2038,150.22241992882564
GLOBAL,S2D3,PWRTRNTZAXX,ELCTZAXX01,2039,158.21174377224202
GLOBAL,S2D3,PWRTRNTZAXX,ELCTZAXX01,2040,166.20106761565836
GLOBAL,S2D3,PWRTRNTZAXX,ELCTZAXX01,2041,175.6405693950178
GLOBAL,S2D3,PWRTRNTZAXX,ELCTZAXX01,2042,185.0800711743772
GLOBAL,S2D3,PWRTRNTZAXX,ELCTZAXX01,2043,194.51957295373663
GLOBAL,S2D3,PWRTRNTZAXX,ELCTZAXX01,2044,203.9679715302491
GLOBAL,S2D3,PWRTRNTZAXX,ELCTZAXX01,2045,213.4074733096085
GLOBAL,S2D3,PWRTRNTZAXX,ELCTZAXX01,2046,225.12455516014236
GLOBAL,S2D3,PWRTRNTZAXX,ELCTZAXX01,2047,236.84163701067612
GLOBAL,S2D3,PWRTRNTZAXX,ELCTZAXX01,2048,248.55871886121
GLOBAL,S2D3,PWRTRNTZAXX,ELCTZAXX01,2049,260.2669039145908
GLOBAL,S2D3,PWRTRNTZAXX,ELCTZAXX01,2050,271.98398576512454
GLOBAL,S2D3,PWRWONKENXX01,WONKENXX,2021,0.27338428047710484
GLOBAL,S2D3,PWRWONKENXX01,WONKENXX,2022,1.1676897792
GLOBAL,S2D3,PWRWONKENXX01,WONKENXX,2023,1.1676897792
GLOBAL,S2D3,PWRWONKENXX01,WONKENXX,2024,1.077332832
GLOBAL,S2D3,PWRWONKENXX01,WONKENXX,2026,1.077332832
GLOBAL,S2D3,PWRWONKENXX01,WONKENXX,2028,1.077332832
GLOBAL,S2D3,PWRWONKENXX01,WONKENXX,2031,1.077332832
GLOBAL,S2D3,PWRWONKENXX01,WONKENXX,2032,1.077332832
GLOBAL,S2D3,PWRWONKENXX01,WONKENXX,2033,1.077332832
GLOBAL,S2D3,PWRWONKENXX01,WONKENXX,2034,1.077332832
GLOBAL,S2D3,PWRWONKENXX01,WONKENXX,2035,1.077332832
GLOBAL,S2D3,PWRWONKENXX01,WONKENXX,2036,1.077332832
GLOBAL,S2D3,PWRWONKENXX01,WONKENXX,2037,1.077332832
GLOBAL,S2D3,PWRWONKENXX01,WONKENXX,2038,1.077332832
GLOBAL,S2D3,PWRWONKENXX01,WONKENXX,2039,1.077332832
GLOBAL,S2D3,PWRWONKENXX01,WONKENXX,2040,1.077332832
GLOBAL,S2D3,PWRWONKENXX01,WONKENXX,2041,1.077332832
GLOBAL,S2D3,PWRWONKENXX01,WONKENXX,2042,1.077332832
GLOBAL,S2D3,PWRWONKENXX01,WONKENXX,2043,1.077332832
GLOBAL,S2D3,PWRWONKENXX01,WONKENXX,2044,1.077332832
GLOBAL,S2D3,PWRWONKENXX01,WONKENXX,2045,1.077332832
GLOBAL,S2D3,PWRWONKENXX01,WONKENXX,2046,1.077332832
GLOBAL,S2D3,PWRWONKENXX01,WONKENXX,2047,1.077332832
GLOBAL,S2D3,TRNKENXXTZAXX,ELCKENXX02,2023,0.5376827735087841
GLOBAL,S2D3,TRNKENXXTZAXX,ELCTZAXX02,2021,0.5376827735087841
GLOBAL,S2D3,TRNKENXXTZAXX,ELCTZAXX02,2022,0.5376827735087841
GLOBAL,S2D4,PWRBIOKENXX01,BIOKENXX,2021,8.9688384
GLOBAL,S2D4,PWRBIOKENXX01,BIOKENXX,2022,8.9688384
GLOBAL,S2D4,PWRBIOKENXX01,BIOKENXX,2023,5.25884147957294
GLOBAL,S2D4,PWRBIOKENXX01,BIOKENXX,2024,25.766588227127365
GLOBAL,S2D4,PWRBIOKENXX01,BIOKENXX,2025,29.448723439234232
GLOBAL,S2D4,PWRBIOKENXX01,BIOKENXX,2026,29.448723439234232
GLOBAL,S2D4,PWRBIOKENXX01,BIOKENXX,2027,38.2441299079748
GLOBAL,S2D4,PWRBIOKENXX01,BIOKENXX,2028,42.09515279679568
GLOBAL,S2D4,PWRBIOKENXX01,BIOKENXX,2029,45.84142461376945
GLOBAL,S2D4,PWRBIOKENXX01,BIOKENXX,2030,51.7207288753033
GLOBAL,S2D4,PWRBIOKENXX01,BIOKENXX,2031,33.37630798785063
GLOBAL,S2D4,PWRBIOKENXX01,BIOKENXX,2032,66.763920540123
GLOBAL,S2D4,PWRBIOKENXX01,BIOKENXX,2033,71.6343923813196
GLOBAL,S2D4,PWRBIOKENXX01,BIOKENXX,2034,76.50486422251623
GLOBAL,S2D4,PWRBIOKENXX01,BIOKENXX,2035,47.64467643316642
GLOBAL,S2D4,PWRBIOKENXX01,BIOKENXX,2036,40.551486447159554
GLOBAL,S2D4,PWRBIOKENXX01,BIOKENXX,2037,55.761143088521585
GLOBAL,S2D4,PWRBIOKENXX01,BIOKENXX,2038,117.46270836900973
GLOBAL,S2D4,PWRBIOKENXX01,BIOKENXX,2039,80.31921844965728
GLOBAL,S2D4,PWRBIOKENXX01,BIOKENXX,2040,86.08826784579512
GLOBAL,S2D4,PWRBIOKENXX01,BIOKENXX,2041,178.83047051820273
GLOBAL,S2D4,PWRBIOKENXX01,BIOKENXX,2042,187.8982213239136
GLOBAL,S2D4,PWRBIOKENXX01,BIOKENXX,2043,196.9788524574733
GLOBAL,S2D4,PWRBIOKENXX01,BIOKENXX,2044,206.05948359103306
GLOBAL,S2D4,PWRBIOKENXX01,BIOKENXX,2045,215.14011472459265
GLOBAL,S2D4,PWRBIOKENXX01,BIOKENXX,2046,148.31960788248807
GLOBAL,S2D4,PWRBIOKENXX01,BIOKENXX,2047,114.68308557195473
GLOBAL,S2D4,PWRBIOKENXX01,BIOKENXX,2048,250.60373300469874
GLOBAL,S2D4,PWRBIOKENXX01,BIOKENXX,2049,124.85245211898994
GLOBAL,S2D4,PWRBIOKENXX01,BIOKENXX,2050,130.0300405208211
GLOBAL,S2D4,PWRBIOTZAXX01,BIOTZAXX,2021,15.340280033475004
GLOBAL,S2D4,PWRBIOTZAXX01,BIOTZAXX,2022,17.918863797937707
GLOBAL,S2D4,PWRBIOTZAXX01,BIOTZAXX,2023,18.469627019515087
GLOBAL,S2D4,PWRBIOTZAXX01,BIOTZAXX,2024,18.469627019515062
GLOBAL,S2D4,PWRBIOTZAXX01,BIOTZAXX,2025,32.44476425661923
GLOBAL,S2D4,PWRBIOTZAXX01,BIOTZAXX,2026,32.44476425661923
GLOBAL,S2D4,PWRBIOTZAXX01,BIOTZAXX,2027,49.83024265279891
GLOBAL,S2D4,PWRBIOTZAXX01,BIOTZAXX,2028,52.00770070610228
GLOBAL,S2D4,PWRBIOTZAXX01,BIOTZAXX,2029,54.296800799423906
GLOBAL,S2D4,PWRBIOTZAXX01,BIOTZAXX,2030,78.57942695322195
GLOBAL,S2D4,PWRBIOTZAXX01,BIOTZAXX,2031,78.57942695322195
GLOBAL,S2D4,PWRBIOTZAXX01,BIOTZAXX,2032,100.45037703326508
GLOBAL,S2D4,PWRBIOTZAXX01,BIOTZAXX,2033,105.96812650097488
GLOBAL,S2D4,PWRBIOTZAXX01,BIOTZAXX,2034,114.28827021996048
GLOBAL,S2D4,PWRBIOTZAXX01,BIOTZAXX,2035,116.99632682598796
GLOBAL,S2D4,PWRBIOTZAXX01,BIOTZAXX,2036,107.10350130670781
GLOBAL,S2D4,PWRBIOTZAXX01,BIOTZAXX,2037,123.93127692444345
GLOBAL,S2D4,PWRBIOTZAXX01,BIOTZAXX,2038,127.45721675723128
GLOBAL,S2D4,PWRBIOTZAXX01,BIOTZAXX,2039,133.52238740616798
GLOBAL,S2D4,PWRBIOTZAXX01,BIOTZAXX,2040,139.5875580551046
GLOBAL,S2D4,PWRBIOTZAXX01,BIOTZAXX,2041,146.75364497996188
GLOBAL,S2D4,PWRBIOTZAXX01,BIOTZAXX,2042,153.91973190481892
GLOBAL,S2D4,PWRBIOTZAXX01,BIOTZAXX,2043,179.6732841702927
GLOBAL,S2D4,PWRBIOTZAXX01,BIOTZAXX,2044,168.2586598421161
GLOBAL,S2D4,PWRBIOTZAXX01,BIOTZAXX,2045,175.42474676697339
GLOBAL,S2D4,PWRBIOTZAXX01,BIOTZAXX,2046,184.31988011290898
GLOBAL,S2D4,PWRBIOTZAXX01,BIOTZAXX,2047,193.21501345884352
GLOBAL,S2D4,PWRBIOTZAXX01,BIOTZAXX,2048,202.1101468047787
GLOBAL,S2D4,PWRBIOTZAXX01,BIOTZAXX,2049,210.99852606313135
GLOBAL,S2D4,PWRBIOTZAXX01,BIOTZAXX,2050,219.8936594090659
GLOBAL,S2D4,PWRCCGTZAXX00,GASINT,2021,12.784295910206712
GLOBAL,S2D4,PWRCCGTZAXX00,GASINT,2022,12.774724797718292
GLOBAL,S2D4,PWRCCGTZAXX00,GASINT,2023,16.20193536
GLOBAL,S2D4,PWRCCGTZAXX00,GASINT,2024,10.070644850911561
GLOBAL,S2D4,PWRCCGTZAXX01,GASINT,2023,1.1158994448398403
GLOBAL,S2D4,PWRCCGTZAXX01,GASINT,2024,6.918853024727905
GLOBAL,S2D4,PWRCCGTZAXX01,GASINT,2025,7.892330348034504
GLOBAL,S2D4,PWRGEOKENXX01,GEOKENXX,2021,33.80599142017584
GLOBAL,S2D4,PWRGEOKENXX01,GEOKENXX,2022,35.695159112212274
GLOBAL,S2D4,PWRGEOKENXX01,GEOKENXX,2023,35.695159112212274
GLOBAL,S2D4,PWRGEOKENXX01,GEOKENXX,2024,35.695159112212274
GLOBAL,S2D4,PWRGEOKENXX01,GEOKENXX,2025,36.32705391873482
GLOBAL,S2D4,PWRGEOKENXX01,GEOKENXX,2026,36.32705391873482
GLOBAL,S2D4,PWRGEOKENXX01,GEOKENXX,2027,38.42504708566995
GLOBAL,S2D4,PWRGEOKENXX01,GEOKENXX,2028,42.07140964755498
GLOBAL,S2D4,PWRGEOKENXX01,GEOKENXX,2029,45.762341566122174
GLOBAL,S2D4,PWRGEOKENXX01,GEOKENXX,2030,43.2628975851483
GLOBAL,S2D4,PWRGEOKENXX01,GEOKENXX,2031,48.782009654110695
GLOBAL,S2D4,PWRGEOKENXX01,GEOKENXX,2032,41.73226969863041
GLOBAL,S2D4,PWRGEOKENXX01,GEOKENXX,2033,44.61451189948167
GLOBAL,S2D4,PWRGEOKENXX01,GEOKENXX,2034,45.79961272433291
GLOBAL,S2D4,PWRGEOKENXX01,GEOKENXX,2035,61.04424645032595
GLOBAL,S2D4,PWRGEOKENXX01,GEOKENXX,2036,61.04424645032595
GLOBAL,S2D4,PWRGEOKENXX01,GEOKENXX,2037,61.04424645032595
GLOBAL,S2D4,PWRGEOKENXX01,GEOKENXX,2038,46.300070718770165
GLOBAL,S2D4,PWRGEOKENXX01,GEOKENXX,2039,64.54466353803424
GLOBAL,S2D4,PWRGEOKENXX01,GEOKENXX,2040,67.52065106101969
GLOBAL,S2D4,PWRGEOKENXX01,GEOKENXX,2041,54.74178843955369
GLOBAL,S2D4,PWRGEOKENXX01,GEOKENXX,2042,45.51627071106505
GLOBAL,S2D4,PWRGEOKENXX01,GEOKENXX,2043,50.29957179920304
GLOBAL,S2D4,PWRGEOKENXX01,GEOKENXX,2044,53.38573151134101
GLOBAL,S2D4,PWRGEOKENXX01,GEOKENXX,2045,54.77474984747905
GLOBAL,S2D4,PWRGEOKENXX01,GEOKENXX,2046,95.70074857697124
GLOBAL,S2D4,PWRGEOKENXX01,GEOKENXX,2047,101.51934014513446
GLOBAL,S2D4,PWRGEOKENXX01,GEOKENXX,2048,67.67658721655458
GLOBAL,S2D4,PWRGEOKENXX01,GEOKENXX,2049,114.94426516464968
GLOBAL,S2D4,PWRGEOKENXX01,GEOKENXX,2050,120.77875662934603
GLOBAL,S2D4,PWRGEOTZAXX01,GEOTZAXX,2021,24.231809870872407
GLOBAL,S2D4,PWRGEOTZAXX01,GEOTZAXX,2022,27.197990140652536
GLOBAL,S2D4,PWRGEOTZAXX01,GEOTZAXX,2023,31.31486942391612
GLOBAL,S2D4,PWRGEOTZAXX01,GEOTZAXX,2024,61.671751578516634
GLOBAL,S2D4,PWRGEOTZAXX01,GEOTZAXX,2025,65.4776542634014
GLOBAL,S2D4,PWRGEOTZAXX01,GEOTZAXX,2026,65.4776542634014
GLOBAL,S2D4,PWRGEOTZAXX01,GEOTZAXX,2027,66.59753035505938
GLOBAL,S2D4,PWRGEOTZAXX01,GEOTZAXX,2028,72.31077131265107
GLOBAL,S2D4,PWRGEOTZAXX01,GEOTZAXX,2029,77.98976907670036
GLOBAL,S2D4,PWRGEOTZAXX01,GEOTZAXX,2030,81.01186988217891
GLOBAL,S2D4,PWRGEOTZAXX01,GEOTZAXX,2031,81.01186988217891
GLOBAL,S2D4,PWRGEOTZAXX01,GEOTZAXX,2032,84.56503611180561
GLOBAL,S2D4,PWRGEOTZAXX01,GEOTZAXX,2033,90.51912090074872
GLOBAL,S2D4,PWRGEOTZAXX01,GEOTZAXX,2034,96.46532991616131
GLOBAL,S2D4,PWRGEOTZAXX01,GEOTZAXX,2035,102.41941470510444
GLOBAL,S2D4,PWRGEOTZAXX01,GEOTZAXX,2036,102.41941470510444
GLOBAL,S2D4,PWRGEOTZAXX01,GEOTZAXX,2037,105.6826172645692
GLOBAL,S2D4,PWRGEOTZAXX01,GEOTZAXX,2038,112.9496366640308
GLOBAL,S2D4,PWRGEOTZAXX01,GEOTZAXX,2039,119.45412428687112
GLOBAL,S2D4,PWRGEOTZAXX01,GEOTZAXX,2040,125.95861190971148
GLOBAL,S2D4,PWRGEOTZAXX01,GEOTZAXX,2041,133.64375819905842
GLOBAL,S2D4,PWRGEOTZAXX01,GEOTZAXX,2042,141.32890448840544
GLOBAL,S2D4,PWRGEOTZAXX01,GEOTZAXX,2043,143.4322293541439
GLOBAL,S2D4,PWRGEOTZAXX01,GEOTZAXX,2044,156.7064403718019
GLOBAL,S2D4,PWRGEOTZAXX01,GEOTZAXX,2045,164.39158666114886
GLOBAL,S2D4,PWRGEOTZAXX01,GEOTZAXX,2046,173.93101895433432
GLOBAL,S2D4,PWRGEOTZAXX01,GEOTZAXX,2047,183.4704512475201
GLOBAL,S2D4,PWRGEOTZAXX01,GEOTZAXX,2048,193.0098835407057
GLOBAL,S2D4,PWRGEOTZAXX01,GEOTZAXX,2049,202.5420725291888
GLOBAL,S2D4,PWRGEOTZAXX01,GEOTZAXX,2050,212.0815048223745
GLOBAL,S2D4,PWRHYDKENXX01,HYDKENXX,2021,10.61015853312
GLOBAL,S2D4,PWRHYDKENXX01,HYDKENXX,2022,10.61015853312
GLOBAL,S2D4,PWRHYDKENXX01,HYDKENXX,2023,10.61015853312
GLOBAL,S2D4,PWRHYDKENXX01,HYDKENXX,2024,10.61015853312
GLOBAL,S2D4,PWRHYDKENXX01,HYDKENXX,2025,10.61015853312
GLOBAL,S2D4,PWRHYDKENXX01,HYDKENXX,2026,10.61015853312
GLOBAL,S2D4,PWRHYDKENXX01,HYDKENXX,2027,10.25900746778188
GLOBAL,S2D4,PWRHYDKENXX01,HYDKENXX,2028,9.907134217767725
GLOBAL,S2D4,PWRHYDKENXX01,HYDKENXX,2029,9.554149681773517
GLOBAL,S2D4,PWRHYDKENXX01,HYDKENXX,2030,10.61015853312
GLOBAL,S2D4,PWRHYDKENXX01,HYDKENXX,2031,10.61015853312
GLOBAL,S2D4,PWRHYDKENXX01,HYDKENXX,2032,10.61015853312
GLOBAL,S2D4,PWRHYDKENXX01,HYDKENXX,2033,10.61015853312
GLOBAL,S2D4,PWRHYDKENXX01,HYDKENXX,2034,10.61015853312
GLOBAL,S2D4,PWRHYDKENXX01,HYDKENXX,2035,10.61015853312
GLOBAL,S2D4,PWRHYDKENXX01,HYDKENXX,2036,10.61015853312
GLOBAL,S2D4,PWRHYDKENXX01,HYDKENXX,2037,10.61015853312
GLOBAL,S2D4,PWRHYDKENXX01,HYDKENXX,2038,10.61015853312
GLOBAL,S2D4,PWRHYDKENXX01,HYDKENXX,2039,10.61015853312
GLOBAL,S2D4,PWRHYDKENXX01,HYDKENXX,2040,10.61015853312
GLOBAL,S2D4,PWRHYDKENXX01,HYDKENXX,2042,10.61015853312
GLOBAL,S2D4,PWRHYDKENXX01,HYDKENXX,2043,10.61015853312
GLOBAL,S2D4,PWRHYDKENXX01,HYDKENXX,2044,10.61015853312
GLOBAL,S2D4,PWRHYDKENXX01,HYDKENXX,2045,10.61015853312
GLOBAL,S2D4,PWRHYDKENXX01,HYDKENXX,2047,10.61015853312
GLOBAL,S2D4,PWRHYDKENXX01,HYDKENXX,2048,10.61015853312
GLOBAL,S2D4,PWRHYDKENXX01,HYDKENXX,2049,10.61015853312
GLOBAL,S2D4,PWRHYDKENXX01,HYDKENXX,2050,10.61015853312
GLOBAL,S2D4,PWRHYDTZAXX01,HYDTZAXX,2021,5.325200496
GLOBAL,S2D4,PWRHYDTZAXX01,HYDTZAXX,2022,5.325200496
GLOBAL,S2D4,PWRHYDTZAXX01,HYDTZAXX,2023,5.325200496
GLOBAL,S2D4,PWRHYDTZAXX01,HYDTZAXX,2024,5.325200496
GLOBAL,S2D4,PWRHYDTZAXX01,HYDTZAXX,2025,5.325200496
GLOBAL,S2D4,PWRHYDTZAXX01,HYDTZAXX,2026,5.325200496
GLOBAL,S2D4,PWRHYDTZAXX01,HYDTZAXX,2027,5.325200496
GLOBAL,S2D4,PWRHYDTZAXX01,HYDTZAXX,2028,5.325200496
GLOBAL,S2D4,PWRHYDTZAXX01,HYDTZAXX,2029,5.325200496
GLOBAL,S2D4,PWRHYDTZAXX01,HYDTZAXX,2030,5.325200496
GLOBAL,S2D4,PWRHYDTZAXX01,HYDTZAXX,2031,5.325200496
GLOBAL,S2D4,PWRHYDTZAXX01,HYDTZAXX,2032,5.325200496
GLOBAL,S2D4,PWRHYDTZAXX01,HYDTZAXX,2033,5.325200496
GLOBAL,S2D4,PWRHYDTZAXX01,HYDTZAXX,2034,4.481448885885231
GLOBAL,S2D4,PWRHYDTZAXX01,HYDTZAXX,2035,5.325200496
GLOBAL,S2D4,PWRHYDTZAXX01,HYDTZAXX,2036,5.325200496
GLOBAL,S2D4,PWRHYDTZAXX01,HYDTZAXX,2037,5.325200496
GLOBAL,S2D4,PWRHYDTZAXX01,HYDTZAXX,2038,5.325200496
GLOBAL,S2D4,PWRHYDTZAXX01,HYDTZAXX,2039,5.325200496
GLOBAL,S2D4,PWRHYDTZAXX01,HYDTZAXX,2040,5.325200496
GLOBAL,S2D4,PWRHYDTZAXX01,HYDTZAXX,2041,5.325200496
GLOBAL,S2D4,PWRHYDTZAXX01,HYDTZAXX,2042,5.325200496
GLOBAL,S2D4,PWRHYDTZAXX01,HYDTZAXX,2043,5.325200496
GLOBAL,S2D4,PWRHYDTZAXX01,HYDTZAXX,2044,5.325200496
GLOBAL,S2D4,PWRHYDTZAXX01,HYDTZAXX,2045,5.325200496
GLOBAL,S2D4,PWRHYDTZAXX01,HYDTZAXX,2046,5.325200496
GLOBAL,S2D4,PWRHYDTZAXX01,HYDTZAXX,2047,5.325200496
GLOBAL,S2D4,PWRHYDTZAXX01,HYDTZAXX,2048,5.325200496
GLOBAL,S2D4,PWRHYDTZAXX01,HYDTZAXX,2049,5.325200496
GLOBAL,S2D4,PWRHYDTZAXX01,HYDTZAXX,2050,5.325200496
GLOBAL,S2D4,PWROCGTZAXX00,GASINT,2025,4.060343350564426
GLOBAL,S2D4,PWRSDSKENXX01,ELCKENXX01,2037,0.02
GLOBAL,S2D4,PWRSPVKENXX01,SPVKENXX,2021,0.539076384
GLOBAL,S2D4,PWRSPVKENXX01,SPVKENXX,2022,0.784111104
GLOBAL,S2D4,PWRSPVKENXX01,SPVKENXX,2023,0.906628464
GLOBAL,S2D4,PWRSPVKENXX01,SPVKENXX,2024,0.906628464
GLOBAL,S2D4,PWRSPVKENXX01,SPVKENXX,2025,0.906628464
GLOBAL,S2D4,PWRSPVKENXX01,SPVKENXX,2026,6.077623025364953
GLOBAL,S2D4,PWRSPVKENXX01,SPVKENXX,2027,6.5510308529029775
GLOBAL,S2D4,PWRSPVKENXX01,SPVKENXX,2028,7.024438680441006
GLOBAL,S2D4,PWRSPVKENXX01,SPVKENXX,2029,7.498957793959169
GLOBAL,S2D4,PWRSPVKENXX01,SPVKENXX,2030,7.972365621497197
GLOBAL,S2D4,PWRSPVKENXX01,SPVKENXX,2031,12.775343627645915
GLOBAL,S2D4,PWRSPVKENXX01,SPVKENXX,2032,13.593805752016234
GLOBAL,S2D4,PWRSPVKENXX01,SPVKENXX,2033,14.412267876386554
GLOBAL,S2D4,PWRSPVKENXX01,SPVKENXX,2034,15.230730000756877
GLOBAL,S2D4,PWRSPVKENXX01,SPVKENXX,2035,16.047525196156993
GLOBAL,S2D4,PWRSPVKENXX01,SPVKENXX,2036,22.659121134977397
GLOBAL,S2D4,PWRSPVKENXX01,SPVKENXX,2037,23.919319436451865
GLOBAL,S2D4,PWRSPVKENXX01,SPVKENXX,2038,25.181740309886603
GLOBAL,S2D4,PWRSPVKENXX01,SPVKENXX,2039,26.44193861136107
GLOBAL,S2D4,PWRSPVKENXX01,SPVKENXX,2040,27.70435948479581
GLOBAL,S2D4,PWRSPVKENXX01,SPVKENXX,2041,29.271272716787873
GLOBAL,S2D4,PWRSPVKENXX01,SPVKENXX,2042,30.835963376819656
GLOBAL,S2D4,PWRSPVKENXX01,SPVKENXX,2043,32.402876608811724
GLOBAL,S2D4,PWRSPVKENXX01,SPVKENXX,2044,33.969789840803784
GLOBAL,S2D4,PWRSPVKENXX01,SPVKENXX,2045,35.536703072795845
GLOBAL,S2D4,PWRSPVKENXX01,SPVKENXX,2046,37.501456685676665
GLOBAL,S2D4,PWRSPVKENXX01,SPVKENXX,2047,39.46843287051776
GLOBAL,S2D4,PWRSPVKENXX01,SPVKENXX,2048,41.43318648339859
GLOBAL,S2D4,PWRSPVKENXX01,SPVKENXX,2049,43.39794009627943
GLOBAL,S2D4,PWRSPVKENXX01,SPVKENXX,2050,45.362693709160254
GLOBAL,S2D4,PWRSPVTZAXX01,SPVTZAXX,2026,12.600508966784895
GLOBAL,S2D4,PWRSPVTZAXX01,SPVTZAXX,2027,13.59390348292814
GLOBAL,S2D4,PWRSPVTZAXX01,SPVTZAXX,2028,14.588889977462644
GLOBAL,S2D4,PWRSPVTZAXX01,SPVTZAXX,2029,15.58387647199714
GLOBAL,S2D4,PWRSPVTZAXX01,SPVTZAXX,2030,16.578862966531638
GLOBAL,S2D4,PWRSPVTZAXX01,SPVTZAXX,2031,26.671209977893973
GLOBAL,S2D4,PWRSPVTZAXX01,SPVTZAXX,2032,28.476513473577366
GLOBAL,S2D4,PWRSPVTZAXX01,SPVTZAXX,2033,30.28181696926076
GLOBAL,S2D4,PWRSPVTZAXX01,SPVTZAXX,2034,32.08473249735727
GLOBAL,S2D4,PWRSPVTZAXX01,SPVTZAXX,2035,33.89003599304066
GLOBAL,S2D4,PWRSPVTZAXX01,SPVTZAXX,2036,48.04590784808189
GLOBAL,S2D4,PWRSPVTZAXX01,SPVTZAXX,2037,50.90191708199372
GLOBAL,S2D4,PWRSPVTZAXX01,SPVTZAXX,2038,53.76111027268806
GLOBAL,S2D4,PWRSPVTZAXX01,SPVTZAXX,2039,56.6203034633824
GLOBAL,S2D4,PWRSPVTZAXX01,SPVTZAXX,2040,59.479496654076726
GLOBAL,S2D4,PWRSPVTZAXX01,SPVTZAXX,2041,62.85767480032026
GLOBAL,S2D4,PWRSPVTZAXX01,SPVTZAXX,2042,66.23585294656381
GLOBAL,S2D4,PWRSPVTZAXX01,SPVTZAXX,2043,69.61403109280732
GLOBAL,S2D4,PWRSPVTZAXX01,SPVTZAXX,2044,72.99539319583334
GLOBAL,S2D4,PWRSPVTZAXX01,SPVTZAXX,2045,76.37357134207686
GLOBAL,S2D4,PWRSPVTZAXX01,SPVTZAXX,2046,80.56684242464307
GLOBAL,S2D4,PWRSPVTZAXX01,SPVTZAXX,2047,84.76011350720928
GLOBAL,S2D4,PWRSPVTZAXX01,SPVTZAXX,2048,88.95338458977545
GLOBAL,S2D4,PWRSPVTZAXX01,SPVTZAXX,2049,93.14347171555917
GLOBAL,S2D4,PWRSPVTZAXX01,SPVTZAXX,2050,97.33674279812536
GLOBAL,S2D4,PWRTRNKENXX,ELCKENXX01,2021,49.648003058206285
GLOBAL,S2D4,PWRTRNKENXX,ELCKENXX01,2022,51.78323437493227
GLOBAL,S2D4,PWRTRNKENXX,ELCKENXX01,2023,50.71561871656928
GLOBAL,S2D4,PWRTRNKENXX,ELCKENXX01,2024,57.07915446151183
GLOBAL,S2D4,PWRTRNKENXX,ELCKENXX01,2025,58.8762819300935
GLOBAL,S2D4,PWRTRNKENXX,ELCKENXX01,2026,64.03210977145847
GLOBAL,S2D4,PWRTRNKENXX,ELCKENXX01,2027,69.03479953804302
GLOBAL,S2D4,PWRTRNKENXX,ELCKENXX01,2028,74.02137480682563
GLOBAL,S2D4,PWRTRNKENXX,ELCKENXX01,2029,79.01937035892114
GLOBAL,S2D4,PWRTRNKENXX,ELCKENXX01,2030,79.90988238010199
GLOBAL,S2D4,PWRTRNKENXX,ELCKENXX01,2031,84.426775971842
GLOBAL,S2D4,PWRTRNKENXX,ELCKENXX01,2032,87.06405693950178
GLOBAL,S2D4,PWRTRNKENXX,ELCKENXX01,2033,92.30604982206403
GLOBAL,S2D4,PWRTRNKENXX,ELCKENXX01,2034,97.54804270462633
GLOBAL,S2D4,PWRTRNKENXX,ELCKENXX01,2035,102.77935943060498
GLOBAL,S2D4,PWRTRNKENXX,ELCKENXX01,2036,108.84341637010677
GLOBAL,S2D4,PWRTRNKENXX,ELCKENXX01,2037,114.89679715302492
GLOBAL,S2D4,PWRTRNKENXX,ELCKENXX01,2038,120.96085409252667
GLOBAL,S2D4,PWRTRNKENXX,ELCKENXX01,2039,127.01423487544484
GLOBAL,S2D4,PWRTRNKENXX,ELCKENXX01,2040,133.07829181494662
GLOBAL,S2D4,PWRTRNKENXX,ELCKENXX01,2041,140.6049822064057
GLOBAL,S2D4,PWRTRNKENXX,ELCKENXX01,2042,148.12099644128116
GLOBAL,S2D4,PWRTRNKENXX,ELCKENXX01,2043,155.64768683274022
GLOBAL,S2D4,PWRTRNKENXX,ELCKENXX01,2044,163.1743772241993
GLOBAL,S2D4,PWRTRNKENXX,ELCKENXX01,2045,170.7010676156584
GLOBAL,S2D4,PWRTRNKENXX,ELCKENXX01,2046,180.13879003558716
GLOBAL,S2D4,PWRTRNKENXX,ELCKENXX01,2047,189.58718861209965
GLOBAL,S2D4,PWRTRNKENXX,ELCKENXX01,2048,199.02491103202848
GLOBAL,S2D4,PWRTRNKENXX,ELCKENXX01,2049,208.4626334519573
GLOBAL,S2D4,PWRTRNKENXX,ELCKENXX01,2050,217.9003558718861
GLOBAL,S2D4,PWRTRNTZAXX,ELCTZAXX01,2021,39.85765124555161
GLOBAL,S2D4,PWRTRNTZAXX,ELCTZAXX01,2022,43.59430604982207
GLOBAL,S2D4,PWRTRNTZAXX,ELCTZAXX01,2023,49.822064056939496
GLOBAL,S2D4,PWRTRNTZAXX,ELCTZAXX01,2024,84.67259786476869
GLOBAL,S2D4,PWRTRNTZAXX,ELCTZAXX01,2025,90.80071174377224
GLOBAL,S2D4,PWRTRNTZAXX,ELCTZAXX01,2026,98.58540925266905
GLOBAL,S2D4,PWRTRNTZAXX,ELCTZAXX01,2027,106.3576512455516
GLOBAL,S2D4,PWRTRNTZAXX,ELCTZAXX01,2028,114.1423487544484
GLOBAL,S2D4,PWRTRNTZAXX,ELCTZAXX01,2029,121.9270462633452
GLOBAL,S2D4,PWRTRNTZAXX,ELCTZAXX01,2030,129.711743772242
GLOBAL,S2D4,PWRTRNTZAXX,ELCTZAXX01,2031,139.1156583629893
GLOBAL,S2D4,PWRTRNTZAXX,ELCTZAXX01,2032,148.53202846975088
GLOBAL,S2D4,PWRTRNTZAXX,ELCTZAXX01,2033,157.94839857651246
GLOBAL,S2D4,PWRTRNTZAXX,ELCTZAXX01,2034,167.3523131672598
GLOBAL,S2D4,PWRTRNTZAXX,ELCTZAXX01,2035,176.76868327402136
GLOBAL,S2D4,PWRTRNTZAXX,ELCTZAXX01,2036,187.9537366548043
GLOBAL,S2D4,PWRTRNTZAXX,ELCTZAXX01,2037,199.1263345195729
GLOBAL,S2D4,PWRTRNTZAXX,ELCTZAXX01,2038,210.31138790035587
GLOBAL,S2D4,PWRTRNTZAXX,ELCTZAXX01,2039,221.4964412811388
GLOBAL,S2D4,PWRTRNTZAXX,ELCTZAXX01,2040,232.68149466192173
GLOBAL,S2D4,PWRTRNTZAXX,ELCTZAXX01,2041,245.8967971530249
GLOBAL,S2D4,PWRTRNTZAXX,ELCTZAXX01,2042,259.1120996441281
GLOBAL,S2D4,PWRTRNTZAXX,ELCTZAXX01,2043,272.3274021352313
GLOBAL,S2D4,PWRTRNTZAXX,ELCTZAXX01,2044,285.5551601423488
GLOBAL,S2D4,PWRTRNTZAXX,ELCTZAXX01,2045,298.770462633452
GLOBAL,S2D4,PWRTRNTZAXX,ELCTZAXX01,2046,315.1743772241993
GLOBAL,S2D4,PWRTRNTZAXX,ELCTZAXX01,2047,331.5782918149466
GLOBAL,S2D4,PWRTRNTZAXX,ELCTZAXX01,2048,347.98220640569394
GLOBAL,S2D4,PWRTRNTZAXX,ELCTZAXX01,2049,364.373665480427
GLOBAL,S2D4,PWRTRNTZAXX,ELCTZAXX01,2050,380.7775800711744
GLOBAL,S2D4,PWRWONKENXX01,WONKENXX,2021,1.8394822656
GLOBAL,S2D4,PWRWONKENXX01,WONKENXX,2022,1.8394822656
GLOBAL,S2D4,PWRWONKENXX01,WONKENXX,2023,1.8394822656
GLOBAL,S2D4,PWRWONKENXX01,WONKENXX,2024,1.697141376
GLOBAL,S2D4,PWRWONKENXX01,WONKENXX,2025,1.697141376
GLOBAL,S2D4,PWRWONKENXX01,WONKENXX,2026,1.697141376
GLOBAL,S2D4,PWRWONKENXX01,WONKENXX,2027,1.697141376
GLOBAL,S2D4,PWRWONKENXX01,WONKENXX,2028,1.697141376
GLOBAL,S2D4,PWRWONKENXX01,WONKENXX,2029,1.697141376
GLOBAL,S2D4,PWRWONKENXX01,WONKENXX,2030,1.697141376
GLOBAL,S2D4,PWRWONKENXX01,WONKENXX,2031,1.697141376
GLOBAL,S2D4,PWRWONKENXX01,WONKENXX,2034,1.697141376
GLOBAL,S2D4,PWRWONKENXX01,WONKENXX,2036,1.697141376
GLOBAL,S2D4,PWRWONKENXX01,WONKENXX,2037,1.697141376
GLOBAL,S2D4,PWRWONKENXX01,WONKENXX,2038,1.697141376
GLOBAL,S2D4,PWRWONKENXX01,WONKENXX,2042,1.697141376
GLOBAL,S2D4,PWRWONKENXX01,WONKENXX,2045,1.697141376
GLOBAL,S2D4,PWRWONKENXX01,WONKENXX,2047,1.697141376
GLOBAL,S2D4,TRNKENXXTZAXX,ELCKENXX02,2021,0.5376827735087841
GLOBAL,S2D4,TRNKENXXTZAXX,ELCKENXX02,2022,0.5376827735087841
GLOBAL,S2D4,TRNKENXXTZAXX,ELCKENXX02,2023,0.5376827735087841
GLOBAL,S2D4,TRNKENXXTZAXX,ELCKENXX02,2024,4.765987201725344
GLOBAL,S2D4,TRNKENXXTZAXX,ELCKENXX02,2025,5.036424278847953
GLOBAL,S2D4,TRNKENXXTZAXX,ELCKENXX02,2026,5.6442094155865785
GLOBAL,S2D4,TRNKENXXTZAXX,ELCKENXX02,2027,6.0988564775448015
GLOBAL,S2D4,TRNKENXXTZAXX,ELCKENXX02,2028,6.537389041701075
GLOBAL,S2D4,TRNKENXXTZAXX,ELCKENXX02,2029,6.976665732586623
GLOBAL,S2D4,TRNKENXXTZAXX,ELCKENXX02,2030,3.3191350491411287
GLOBAL,S2D4,TRNKENXXTZAXX,ELCKENXX02,2031,2.6047119149025053
GLOBAL,S2D5,PWRBIOKENXX01,BIOKENXX,2021,8.9688384
GLOBAL,S2D5,PWRBIOKENXX01,BIOKENXX,2022,6.6945257642852924
GLOBAL,S2D5,PWRBIOKENXX01,BIOKENXX,2023,8.9688384
GLOBAL,S2D5,PWRBIOKENXX01,BIOKENXX,2024,25.766588227127365
GLOBAL,S2D5,PWRBIOKENXX01,BIOKENXX,2025,29.448723439234232
GLOBAL,S2D5,PWRBIOKENXX01,BIOKENXX,2026,29.448723439234232
GLOBAL,S2D5,PWRBIOKENXX01,BIOKENXX,2027,38.24412990797479
GLOBAL,S2D5,PWRBIOKENXX01,BIOKENXX,2028,42.095152796795674
GLOBAL,S2D5,PWRBIOKENXX01,BIOKENXX,2029,45.84142461376943
GLOBAL,S2D5,PWRBIOKENXX01,BIOKENXX,2030,51.7207288753033
GLOBAL,S2D5,PWRBIOKENXX01,BIOKENXX,2031,55.51712724762322
GLOBAL,S2D5,PWRBIOKENXX01,BIOKENXX,2032,66.76392054012298
GLOBAL,S2D5,PWRBIOKENXX01,BIOKENXX,2033,71.6343923813196
GLOBAL,S2D5,PWRBIOKENXX01,BIOKENXX,2034,76.50486422251623
GLOBAL,S2D5,PWRBIOKENXX01,BIOKENXX,2035,87.27544790345009
GLOBAL,S2D5,PWRBIOKENXX01,BIOKENXX,2036,87.27544790345009
GLOBAL,S2D5,PWRBIOKENXX01,BIOKENXX,2037,108.35001299043286
GLOBAL,S2D5,PWRBIOKENXX01,BIOKENXX,2038,138.03638711870133
GLOBAL,S2D5,PWRBIOKENXX01,BIOKENXX,2039,150.71253391258145
GLOBAL,S2D5,PWRBIOKENXX01,BIOKENXX,2040,163.40156103431062
GLOBAL,S2D5,PWRBIOKENXX01,BIOKENXX,2041,178.8304705182027
GLOBAL,S2D5,PWRBIOKENXX01,BIOKENXX,2042,187.89822132391356
GLOBAL,S2D5,PWRBIOKENXX01,BIOKENXX,2043,196.9788524574733
GLOBAL,S2D5,PWRBIOKENXX01,BIOKENXX,2044,206.05948359103306
GLOBAL,S2D5,PWRBIOKENXX01,BIOKENXX,2045,215.14011472459265
GLOBAL,S2D5,PWRBIOKENXX01,BIOKENXX,2046,226.52632454312732
GLOBAL,S2D5,PWRBIOKENXX01,BIOKENXX,2047,238.05023468951097
GLOBAL,S2D5,PWRBIOKENXX01,BIOKENXX,2048,250.60373300469874
GLOBAL,S2D5,PWRBIOKENXX01,BIOKENXX,2049,261.98994282323315
GLOBAL,S2D5,PWRBIOKENXX01,BIOKENXX,2050,273.3761526417676
GLOBAL,S2D5,PWRBIOTZAXX01,BIOTZAXX,2021,15.340280033475004
GLOBAL,S2D5,PWRBIOTZAXX01,BIOTZAXX,2022,17.918863797937707
GLOBAL,S2D5,PWRBIOTZAXX01,BIOTZAXX,2023,18.46962701951507
GLOBAL,S2D5,PWRBIOTZAXX01,BIOTZAXX,2024,18.469627019515062
GLOBAL,S2D5,PWRBIOTZAXX01,BIOTZAXX,2025,32.44476425661924
GLOBAL,S2D5,PWRBIOTZAXX01,BIOTZAXX,2026,32.44476425661923
GLOBAL,S2D5,PWRBIOTZAXX01,BIOTZAXX,2027,49.830242652798916
GLOBAL,S2D5,PWRBIOTZAXX01,BIOTZAXX,2028,52.00770070610228
GLOBAL,S2D5,PWRBIOTZAXX01,BIOTZAXX,2029,54.296800799423906
GLOBAL,S2D5,PWRBIOTZAXX01,BIOTZAXX,2030,78.57942695322201
GLOBAL,S2D5,PWRBIOTZAXX01,BIOTZAXX,2031,78.57942695322195
GLOBAL,S2D5,PWRBIOTZAXX01,BIOTZAXX,2032,105.82861924229266
GLOBAL,S2D5,PWRBIOTZAXX01,BIOTZAXX,2033,112.04513085114108
GLOBAL,S2D5,PWRBIOTZAXX01,BIOTZAXX,2034,118.25341956103664
GLOBAL,S2D5,PWRBIOTZAXX01,BIOTZAXX,2035,124.46993116988514
GLOBAL,S2D5,PWRBIOTZAXX01,BIOTZAXX,2036,124.46993116988514
GLOBAL,S2D5,PWRBIOTZAXX01,BIOTZAXX,2037,139.0524764657968
GLOBAL,S2D5,PWRBIOTZAXX01,BIOTZAXX,2038,140.52657188943238
GLOBAL,S2D5,PWRBIOTZAXX01,BIOTZAXX,2039,147.58697510859534
GLOBAL,S2D5,PWRBIOTZAXX01,BIOTZAXX,2040,154.64737832775828
GLOBAL,S2D5,PWRBIOTZAXX01,BIOTZAXX,2041,162.9893469419364
GLOBAL,S2D5,PWRBIOTZAXX01,BIOTZAXX,2042,171.33131555611425
GLOBAL,S2D5,PWRBIOTZAXX01,BIOTZAXX,2043,179.6732841702927
GLOBAL,S2D5,PWRBIOTZAXX01,BIOTZAXX,2044,188.02311514885727
GLOBAL,S2D5,PWRBIOTZAXX01,BIOTZAXX,2045,196.36508376303536
GLOBAL,S2D5,PWRBIOTZAXX01,BIOTZAXX,2046,206.71981766018254
GLOBAL,S2D5,PWRBIOTZAXX01,BIOTZAXX,2047,217.0745515573288
GLOBAL,S2D5,PWRBIOTZAXX01,BIOTZAXX,2048,227.42928545447563
GLOBAL,S2D5,PWRBIOTZAXX01,BIOTZAXX,2049,237.77615698723542
GLOBAL,S2D5,PWRBIOTZAXX01,BIOTZAXX,2050,248.13089088438176
GLOBAL,S2D5,PWRCCGTZAXX01,GASINT,2026,7.892330348034504
GLOBAL,S2D5,PWRCCGTZAXX01,GASINT,2027,7.892330348034504
GLOBAL,S2D5,PWRCCGTZAXX01,GASINT,2028,7.892330348034504
GLOBAL,S2D5,PWRCCGTZAXX01,GASINT,2029,7.892330348034504
GLOBAL,S2D5,PWRCCGTZAXX01,GASINT,2031,15.61666863945275
GLOBAL,S2D5,PWRCCGTZAXX01,GASINT,2032,15.61666863945275
GLOBAL,S2D5,PWRCCGTZAXX01,GASINT,2033,15.61666863945275
GLOBAL,S2D5,PWRCCGTZAXX01,GASINT,2034,15.61666863945275
GLOBAL,S2D5,PWRCCGTZAXX01,GASINT,2035,15.616668639452794
GLOBAL,S2D5,PWRCCGTZAXX01,GASINT,2036,45.70794949309914
GLOBAL,S2D5,PWRCCGTZAXX01,GASINT,2037,45.70794949309914
GLOBAL,S2D5,PWRCCGTZAXX01,GASINT,2038,45.70794949309908
GLOBAL,S2D5,PWRCCGTZAXX01,GASINT,2039,45.70794949309914
GLOBAL,S2D5,PWRCCGTZAXX01,GASINT,2040,45.70794949309914
GLOBAL,S2D5,PWRCCGTZAXX01,GASINT,2041,45.70794949309921
GLOBAL,S2D5,PWRCCGTZAXX01,GASINT,2042,47.9822698250012
GLOBAL,S2D5,PWRCCGTZAXX01,GASINT,2043,50.256590156902966
GLOBAL,S2D5,PWRCCGTZAXX01,GASINT,2044,52.533054051794494
GLOBAL,S2D5,PWRCCGTZAXX01,GASINT,2045,54.80737438369653
GLOBAL,S2D5,PWRCCGTZAXX01,GASINT,2046,57.63044684092063
GLOBAL,S2D5,PWRCCGTZAXX01,GASINT,2047,60.45351929814496
GLOBAL,S2D5,PWRCCGTZAXX01,GASINT,2048,63.276591755369104
GLOBAL,S2D5,PWRCCGTZAXX01,GASINT,2049,66.09752064960382
GLOBAL,S2D5,PWRCCGTZAXX01,GASINT,2050,68.92059310682811
GLOBAL,S2D5,PWRGEOKENXX01,GEOKENXX,2021,33.80599142017584
GLOBAL,S2D5,PWRGEOKENXX01,GEOKENXX,2022,35.695159112212274
GLOBAL,S2D5,PWRGEOKENXX01,GEOKENXX,2023,35.695159112212274
GLOBAL,S2D5,PWRGEOKENXX01,GEOKENXX,2024,31.45806438256348
GLOBAL,S2D5,PWRGEOKENXX01,GEOKENXX,2025,36.327053918734826
GLOBAL,S2D5,PWRGEOKENXX01,GEOKENXX,2026,36.32705391873482
GLOBAL,S2D5,PWRGEOKENXX01,GEOKENXX,2027,38.42504708566995
GLOBAL,S2D5,PWRGEOKENXX01,GEOKENXX,2028,42.07140964755498
GLOBAL,S2D5,PWRGEOKENXX01,GEOKENXX,2029,45.762341566122174
GLOBAL,S2D5,PWRGEOKENXX01,GEOKENXX,2030,48.782009654110695
GLOBAL,S2D5,PWRGEOKENXX01,GEOKENXX,2031,48.782009654110695
GLOBAL,S2D5,PWRGEOKENXX01,GEOKENXX,2032,50.548658236093054
GLOBAL,S2D5,PWRGEOKENXX01,GEOKENXX,2033,54.333130062158645
GLOBAL,S2D5,PWRGEOKENXX01,GEOKENXX,2034,58.117601888224286
GLOBAL,S2D5,PWRGEOKENXX01,GEOKENXX,2035,61.04424645032595
GLOBAL,S2D5,PWRGEOKENXX01,GEOKENXX,2036,61.04424645032595
GLOBAL,S2D5,PWRGEOKENXX01,GEOKENXX,2037,61.04424645032595
GLOBAL,S2D5,PWRGEOKENXX01,GEOKENXX,2038,61.57527611851569
GLOBAL,S2D5,PWRGEOKENXX01,GEOKENXX,2039,64.54466353803424
GLOBAL,S2D5,PWRGEOKENXX01,GEOKENXX,2040,67.52065106101969
GLOBAL,S2D5,PWRGEOKENXX01,GEOKENXX,2041,71.26056543922155
GLOBAL,S2D5,PWRGEOKENXX01,GEOKENXX,2042,75.9070382798847
GLOBAL,S2D5,PWRGEOKENXX01,GEOKENXX,2043,80.56011122401475
GLOBAL,S2D5,PWRGEOKENXX01,GEOKENXX,2044,85.21318416814478
GLOBAL,S2D5,PWRGEOKENXX01,GEOKENXX,2045,89.86625711227488
GLOBAL,S2D5,PWRGEOKENXX01,GEOKENXX,2046,95.70074857697124
GLOBAL,S2D5,PWRGEOKENXX01,GEOKENXX,2047,101.51934014513446
GLOBAL,S2D5,PWRGEOKENXX01,GEOKENXX,2048,109.10977369995322
GLOBAL,S2D5,PWRGEOKENXX01,GEOKENXX,2049,114.94426516464968
GLOBAL,S2D5,PWRGEOKENXX01,GEOKENXX,2050,120.77875662934603
GLOBAL,S2D5,PWRGEOTZAXX01,GEOTZAXX,2021,24.231809870872407
GLOBAL,S2D5,PWRGEOTZAXX01,GEOTZAXX,2022,27.197990140652536
GLOBAL,S2D5,PWRGEOTZAXX01,GEOTZAXX,2023,31.31486942391611
GLOBAL,S2D5,PWRGEOTZAXX01,GEOTZAXX,2024,61.671751578516634
GLOBAL,S2D5,PWRGEOTZAXX01,GEOTZAXX,2025,62.76080854922671
GLOBAL,S2D5,PWRGEOTZAXX01,GEOTZAXX,2026,65.4776542634014
GLOBAL,S2D5,PWRGEOTZAXX01,GEOTZAXX,2027,66.59753035505938
GLOBAL,S2D5,PWRGEOTZAXX01,GEOTZAXX,2028,72.31077131265107
GLOBAL,S2D5,PWRGEOTZAXX01,GEOTZAXX,2029,77.98976907670037
GLOBAL,S2D5,PWRGEOTZAXX01,GEOTZAXX,2030,81.0118698821789
GLOBAL,S2D5,PWRGEOTZAXX01,GEOTZAXX,2031,81.01186988217891
GLOBAL,S2D5,PWRGEOTZAXX01,GEOTZAXX,2032,84.56503611180561
GLOBAL,S2D5,PWRGEOTZAXX01,GEOTZAXX,2033,90.51912090074872
GLOBAL,S2D5,PWRGEOTZAXX01,GEOTZAXX,2034,96.46532991616131
GLOBAL,S2D5,PWRGEOTZAXX01,GEOTZAXX,2035,102.41941470510444
GLOBAL,S2D5,PWRGEOTZAXX01,GEOTZAXX,2036,102.41941470510444
GLOBAL,S2D5,PWRGEOTZAXX01,GEOTZAXX,2037,105.6826172645692
GLOBAL,S2D5,PWRGEOTZAXX01,GEOTZAXX,2038,112.9496366640308
GLOBAL,S2D5,PWRGEOTZAXX01,GEOTZAXX,2039,119.45412428687112
GLOBAL,S2D5,PWRGEOTZAXX01,GEOTZAXX,2040,125.95861190971148
GLOBAL,S2D5,PWRGEOTZAXX01,GEOTZAXX,2041,133.64375819905842
GLOBAL,S2D5,PWRGEOTZAXX01,GEOTZAXX,2042,141.32890448840544
GLOBAL,S2D5,PWRGEOTZAXX01,GEOTZAXX,2043,149.01405077775237
GLOBAL,S2D5,PWRGEOTZAXX01,GEOTZAXX,2044,156.70644037180188
GLOBAL,S2D5,PWRGEOTZAXX01,GEOTZAXX,2045,164.39158666114886
GLOBAL,S2D5,PWRGEOTZAXX01,GEOTZAXX,2046,173.93101895433435
GLOBAL,S2D5,PWRGEOTZAXX01,GEOTZAXX,2047,183.4704512475201
GLOBAL,S2D5,PWRGEOTZAXX01,GEOTZAXX,2048,193.00988354070563
GLOBAL,S2D5,PWRGEOTZAXX01,GEOTZAXX,2049,202.5420725291888
GLOBAL,S2D5,PWRGEOTZAXX01,GEOTZAXX,2050,212.0815048223745
GLOBAL,S2D5,PWRHYDKENXX01,HYDKENXX,2021,10.61015853312
GLOBAL,S2D5,PWRHYDKENXX01,HYDKENXX,2022,10.61015853312
GLOBAL,S2D5,PWRHYDKENXX01,HYDKENXX,2023,10.61015853312
GLOBAL,S2D5,PWRHYDKENXX01,HYDKENXX,2024,10.61015853312
GLOBAL,S2D5,PWRHYDKENXX01,HYDKENXX,2025,6.068250270272042
GLOBAL,S2D5,PWRHYDKENXX01,HYDKENXX,2026,10.61015853312
GLOBAL,S2D5,PWRHYDKENXX01,HYDKENXX,2027,10.61015853312
GLOBAL,S2D5,PWRHYDKENXX01,HYDKENXX,2028,10.61015853312
GLOBAL,S2D5,PWRHYDKENXX01,HYDKENXX,2029,10.61015853312
GLOBAL,S2D5,PWRHYDKENXX01,HYDKENXX,2030,10.61015853312
GLOBAL,S2D5,PWRHYDKENXX01,HYDKENXX,2031,10.61015853312
GLOBAL,S2D5,PWRHYDKENXX01,HYDKENXX,2032,10.61015853312
GLOBAL,S2D5,PWRHYDKENXX01,HYDKENXX,2033,10.61015853312
GLOBAL,S2D5,PWRHYDKENXX01,HYDKENXX,2034,10.61015853312
GLOBAL,S2D5,PWRHYDKENXX01,HYDKENXX,2035,10.61015853312
GLOBAL,S2D5,PWRHYDKENXX01,HYDKENXX,2036,10.61015853312
GLOBAL,S2D5,PWRHYDKENXX01,HYDKENXX,2037,10.61015853312
GLOBAL,S2D5,PWRHYDKENXX01,HYDKENXX,2038,10.61015853312
GLOBAL,S2D5,PWRHYDKENXX01,HYDKENXX,2039,10.61015853312
GLOBAL,S2D5,PWRHYDKENXX01,HYDKENXX,2040,10.61015853312
GLOBAL,S2D5,PWRHYDKENXX01,HYDKENXX,2041,10.61015853312
GLOBAL,S2D5,PWRHYDKENXX01,HYDKENXX,2042,10.61015853312
GLOBAL,S2D5,PWRHYDKENXX01,HYDKENXX,2043,10.61015853312
GLOBAL,S2D5,PWRHYDKENXX01,HYDKENXX,2044,10.61015853312
GLOBAL,S2D5,PWRHYDKENXX01,HYDKENXX,2045,10.61015853312
GLOBAL,S2D5,PWRHYDKENXX01,HYDKENXX,2046,10.61015853312
GLOBAL,S2D5,PWRHYDKENXX01,HYDKENXX,2047,10.61015853312
GLOBAL,S2D5,PWRHYDKENXX01,HYDKENXX,2048,10.61015853312
GLOBAL,S2D5,PWRHYDKENXX01,HYDKENXX,2049,10.61015853312
GLOBAL,S2D5,PWRHYDKENXX01,HYDKENXX,2050,10.61015853312
GLOBAL,S2D5,PWRHYDTZAXX01,HYDTZAXX,2021,5.325200496
GLOBAL,S2D5,PWRHYDTZAXX01,HYDTZAXX,2022,5.325200496
GLOBAL,S2D5,PWRHYDTZAXX01,HYDTZAXX,2023,5.325200496
GLOBAL,S2D5,PWRHYDTZAXX01,HYDTZAXX,2024,5.325200496
GLOBAL,S2D5,PWRHYDTZAXX01,HYDTZAXX,2025,5.325200496
GLOBAL,S2D5,PWRHYDTZAXX01,HYDTZAXX,2026,5.325200496
GLOBAL,S2D5,PWRHYDTZAXX01,HYDTZAXX,2027,5.325200496
GLOBAL,S2D5,PWRHYDTZAXX01,HYDTZAXX,2028,5.325200496
GLOBAL,S2D5,PWRHYDTZAXX01,HYDTZAXX,2029,5.325200496
GLOBAL,S2D5,PWRHYDTZAXX01,HYDTZAXX,2030,5.325200496
GLOBAL,S2D5,PWRHYDTZAXX01,HYDTZAXX,2031,5.325200496
GLOBAL,S2D5,PWRHYDTZAXX01,HYDTZAXX,2032,5.325200496
GLOBAL,S2D5,PWRHYDTZAXX01,HYDTZAXX,2033,5.325200496
GLOBAL,S2D5,PWRHYDTZAXX01,HYDTZAXX,2034,5.325200496
GLOBAL,S2D5,PWRHYDTZAXX01,HYDTZAXX,2035,5.325200496
GLOBAL,S2D5,PWRHYDTZAXX01,HYDTZAXX,2036,5.325200496
GLOBAL,S2D5,PWRHYDTZAXX01,HYDTZAXX,2037,5.325200496
GLOBAL,S2D5,PWRHYDTZAXX01,HYDTZAXX,2038,5.325200496
GLOBAL,S2D5,PWRHYDTZAXX01,HYDTZAXX,2039,5.325200496
GLOBAL,S2D5,PWRHYDTZAXX01,HYDTZAXX,2040,5.325200496
GLOBAL,S2D5,PWRHYDTZAXX01,HYDTZAXX,2041,5.325200496
GLOBAL,S2D5,PWRHYDTZAXX01,HYDTZAXX,2042,5.325200496
GLOBAL,S2D5,PWRHYDTZAXX01,HYDTZAXX,2043,5.325200496
GLOBAL,S2D5,PWRHYDTZAXX01,HYDTZAXX,2044,5.325200496
GLOBAL,S2D5,PWRHYDTZAXX01,HYDTZAXX,2045,5.325200496
GLOBAL,S2D5,PWRHYDTZAXX01,HYDTZAXX,2046,5.325200496
GLOBAL,S2D5,PWRHYDTZAXX01,HYDTZAXX,2047,5.325200496
GLOBAL,S2D5,PWRHYDTZAXX01,HYDTZAXX,2048,5.325200496
GLOBAL,S2D5,PWRHYDTZAXX01,HYDTZAXX,2049,5.325200496
GLOBAL,S2D5,PWRHYDTZAXX01,HYDTZAXX,2050,5.325200496
GLOBAL,S2D5,PWROCGTZAXX00,GASINT,2031,5.54308272
GLOBAL,S2D5,PWROCGTZAXX00,GASINT,2032,1.5869342618763231
GLOBAL,S2D5,PWROCGTZAXX00,GASINT,2033,2.04265082668805
GLOBAL,S2D5,PWROCGTZAXX00,GASINT,2034,2.497443778660911
GLOBAL,S2D5,PWROCGTZAXX00,GASINT,2036,2.328378664843118
GLOBAL,S2D5,PWROCGTZAXX00,GASINT,2037,5.54308272
GLOBAL,S2D5,PWROCGTZAXX01,GASINT,2031,6.667918406787461
GLOBAL,S2D5,PWROCGTZAXX01,GASINT,2037,0.40829406772479077
GLOBAL,S2D5,PWRTRNKENXX,ELCKENXX01,2021,49.110320284697515
GLOBAL,S2D5,PWRTRNKENXX,ELCKENXX01,2022,51.245551601423486
GLOBAL,S2D5,PWRTRNKENXX,ELCKENXX01,2023,50.71561871656928
GLOBAL,S2D5,PWRTRNKENXX,ELCKENXX01,2024,52.34754371586303
GLOBAL,S2D5,PWRTRNKENXX,ELCKENXX01,2025,53.83985765124555
GLOBAL,S2D5,PWRTRNKENXX,ELCKENXX01,2026,58.39784927409351
GLOBAL,S2D5,PWRTRNKENXX,ELCKENXX01,2027,63.27919891847817
GLOBAL,S2D5,PWRTRNKENXX,ELCKENXX01,2028,68.1442396097369
GLOBAL,S2D5,PWRTRNKENXX,ELCKENXX01,2029,73.02070058430844
GLOBAL,S2D5,PWRTRNKENXX,ELCKENXX01,2030,77.88482463556717
GLOBAL,S2D5,PWRTRNKENXX,ELCKENXX01,2031,81.8220640569395
GLOBAL,S2D5,PWRTRNKENXX,ELCKENXX01,2032,87.06405693950178
GLOBAL,S2D5,PWRTRNKENXX,ELCKENXX01,2033,92.30604982206403
GLOBAL,S2D5,PWRTRNKENXX,ELCKENXX01,2034,97.54804270462633
GLOBAL,S2D5,PWRTRNKENXX,ELCKENXX01,2035,102.77935943060498
GLOBAL,S2D5,PWRTRNKENXX,ELCKENXX01,2036,108.84341637010677
GLOBAL,S2D5,PWRTRNKENXX,ELCKENXX01,2037,114.89679715302492
GLOBAL,S2D5,PWRTRNKENXX,ELCKENXX01,2038,120.96085409252667
GLOBAL,S2D5,PWRTRNKENXX,ELCKENXX01,2039,127.01423487544484
GLOBAL,S2D5,PWRTRNKENXX,ELCKENXX01,2040,133.07829181494662
GLOBAL,S2D5,PWRTRNKENXX,ELCKENXX01,2041,140.6049822064057
GLOBAL,S2D5,PWRTRNKENXX,ELCKENXX01,2042,148.12099644128116
GLOBAL,S2D5,PWRTRNKENXX,ELCKENXX01,2043,155.64768683274022
GLOBAL,S2D5,PWRTRNKENXX,ELCKENXX01,2044,163.1743772241993
GLOBAL,S2D5,PWRTRNKENXX,ELCKENXX01,2045,170.7010676156584
GLOBAL,S2D5,PWRTRNKENXX,ELCKENXX01,2046,180.13879003558716
GLOBAL,S2D5,PWRTRNKENXX,ELCKENXX01,2047,189.58718861209965
GLOBAL,S2D5,PWRTRNKENXX,ELCKENXX01,2048,199.02491103202848
GLOBAL,S2D5,PWRTRNKENXX,ELCKENXX01,2049,208.4626334519573
GLOBAL,S2D5,PWRTRNKENXX,ELCKENXX01,2050,217.9003558718861
GLOBAL,S2D5,PWRTRNTZAXX,ELCTZAXX01,2021,34.163701067615655
GLOBAL,S2D5,PWRTRNTZAXX,ELCTZAXX01,2022,37.904230816213406
GLOBAL,S2D5,PWRTRNTZAXX,ELCTZAXX01,2023,42.70462633451957
GLOBAL,S2D5,PWRTRNTZAXX,ELCTZAXX01,2024,72.57651245551601
GLOBAL,S2D5,PWRTRNTZAXX,ELCTZAXX01,2025,77.82918149466191
GLOBAL,S2D5,PWRTRNTZAXX,ELCTZAXX01,2026,84.5017793594306
GLOBAL,S2D5,PWRTRNTZAXX,ELCTZAXX01,2027,91.16370106761566
GLOBAL,S2D5,PWRTRNTZAXX,ELCTZAXX01,2028,97.83629893238432
GLOBAL,S2D5,PWRTRNTZAXX,ELCTZAXX01,2029,104.50889679715304
GLOBAL,S2D5,PWRTRNTZAXX,ELCTZAXX01,2030,111.18149466192172
GLOBAL,S2D5,PWRTRNTZAXX,ELCTZAXX01,2031,122.06348634616582
GLOBAL,S2D5,PWRTRNTZAXX,ELCTZAXX01,2032,130.0477307086082
GLOBAL,S2D5,PWRTRNTZAXX,ELCTZAXX01,2033,138.03197507105062
GLOBAL,S2D5,PWRTRNTZAXX,ELCTZAXX01,2034,146.00554327690938
GLOBAL,S2D5,PWRTRNTZAXX,ELCTZAXX01,2035,152.93130722950502
GLOBAL,S2D5,PWRTRNTZAXX,ELCTZAXX01,2036,168.81149198064475
GLOBAL,S2D5,PWRTRNTZAXX,ELCTZAXX01,2037,177.7489710165051
GLOBAL,S2D5,PWRTRNTZAXX,ELCTZAXX01,2038,183.32898364514864
GLOBAL,S2D5,PWRTRNTZAXX,ELCTZAXX01,2039,191.9537124749448
GLOBAL,S2D5,PWRTRNTZAXX,ELCTZAXX01,2040,200.57844130474103
GLOBAL,S2D5,PWRTRNTZAXX,ELCTZAXX01,2041,210.76868327402136
GLOBAL,S2D5,PWRTRNTZAXX,ELCTZAXX01,2042,222.09608540925265
GLOBAL,S2D5,PWRTRNTZAXX,ELCTZAXX01,2043,233.423487544484
GLOBAL,S2D5,PWRTRNTZAXX,ELCTZAXX01,2044,244.76156583629893
GLOBAL,S2D5,PWRTRNTZAXX,ELCTZAXX01,2045,256.0889679715303
GLOBAL,S2D5,PWRTRNTZAXX,ELCTZAXX01,2046,270.1494661921708
GLOBAL,S2D5,PWRTRNTZAXX,ELCTZAXX01,2047,284.20996441281136
GLOBAL,S2D5,PWRTRNTZAXX,ELCTZAXX01,2048,298.270462633452
GLOBAL,S2D5,PWRTRNTZAXX,ELCTZAXX01,2049,312.3202846975089
GLOBAL,S2D5,PWRTRNTZAXX,ELCTZAXX01,2050,326.38078291814946
GLOBAL,S2D5,PWRWONKENXX01,WONKENXX,2021,1.8559303314016569
GLOBAL,S2D5,PWRWONKENXX01,WONKENXX,2022,2.3035912704
GLOBAL,S2D5,PWRWONKENXX01,WONKENXX,2023,1.572061071237005
GLOBAL,S2D5,PWRWONKENXX01,WONKENXX,2024,2.125337184
GLOBAL,S2D5,PWRWONKENXX01,WONKENXX,2025,2.125337184
GLOBAL,S2D5,PWRWONKENXX01,WONKENXX,2026,2.125337184
GLOBAL,S2D5,PWRWONKENXX01,WONKENXX,2027,2.125337184
GLOBAL,S2D5,PWRWONKENXX01,WONKENXX,2028,2.125337184
GLOBAL,S2D5,PWRWONKENXX01,WONKENXX,2029,2.125337184
GLOBAL,S2D5,PWRWONKENXX01,WONKENXX,2030,2.125337184
GLOBAL,S2D5,PWRWONKENXX01,WONKENXX,2031,2.125337184
GLOBAL,S2D5,PWRWONKENXX01,WONKENXX,2032,2.125337184
GLOBAL,S2D5,PWRWONKENXX01,WONKENXX,2033,2.125337184
GLOBAL,S2D5,PWRWONKENXX01,WONKENXX,2034,2.125337184
GLOBAL,S2D5,PWRWONKENXX01,WONKENXX,2035,2.125337184
GLOBAL,S2D5,PWRWONKENXX01,WONKENXX,2036,2.125337184
GLOBAL,S2D5,PWRWONKENXX01,WONKENXX,2037,2.125337184
GLOBAL,S2D5,PWRWONKENXX01,WONKENXX,2038,2.125337184
GLOBAL,S2D5,PWRWONKENXX01,WONKENXX,2039,2.125337184
GLOBAL,S2D5,PWRWONKENXX01,WONKENXX,2040,2.125337184
GLOBAL,S2D5,PWRWONKENXX01,WONKENXX,2041,2.125337184
GLOBAL,S2D5,PWRWONKENXX01,WONKENXX,2042,2.125337184
GLOBAL,S2D5,PWRWONKENXX01,WONKENXX,2043,2.125337184
GLOBAL,S2D5,PWRWONKENXX01,WONKENXX,2044,2.125337184
GLOBAL,S2D5,PWRWONKENXX01,WONKENXX,2045,2.125337184
GLOBAL,S2D5,PWRWONKENXX01,WONKENXX,2046,2.125337184
GLOBAL,S2D5,PWRWONKENXX01,WONKENXX,2047,2.125337184
GLOBAL,S2D5,TRNKENXXTZAXX,ELCKENXX02,2023,0.5376827735087841
GLOBAL,S2D5,TRNKENXXTZAXX,ELCKENXX02,2024,0.0343764560765548
GLOBAL,S2D5,TRNKENXXTZAXX,ELCKENXX02,2026,0.0099489182216189
GLOBAL,S2D5,TRNKENXXTZAXX,ELCKENXX02,2027,0.34325585797995856
GLOBAL,S2D5,TRNKENXXTZAXX,ELCKENXX02,2028,0.660253844612343
GLOBAL,S2D5,TRNKENXXTZAXX,ELCKENXX02,2029,0.9779959579739383
GLOBAL,S2D5,TRNKENXXTZAXX,ELCKENXX02,2030,1.29407730460631
GLOBAL,S2D5,TRNKENXXTZAXX,ELCTZAXX02,2022,0.5376827735087841
GLOBAL,S2D5,TRNKENXXTZAXX,ELCTZAXX02,2031,2.821493463603546
GLOBAL,S2D5,TRNKENXXTZAXX,ELCTZAXX02,2032,2.7345634488217403
GLOBAL,S2D5,TRNKENXXTZAXX,ELCTZAXX02,2033,2.647633434039951
GLOBAL,S2D5,TRNKENXXTZAXX,ELCTZAXX02,2034,2.5607034192581284
GLOBAL,S2D5,TRNKENXXTZAXX,ELCTZAXX02,2035,1.4152929946295865
GLOBAL,S2D5,TRNKENXXTZAXX,ELCTZAXX02,2036,7.708289133669639
GLOBAL,S2D5,TRNKENXXTZAXX,ELCTZAXX02,2037,7.069255714014016
GLOBAL,S2D5,TRNKENXXTZAXX,ELCTZAXX02,2038,3.062079730557896
GLOBAL,S2D5,TRNKENXXTZAXX,ELCTZAXX02,2039,2.09961994825441
GLOBAL,S2D5,TRNKENXXTZAXX,ELCTZAXX02,2040,1.1371601659509871
GLOBAL,S2D6,PWRBIOKENXX01,BIOKENXX,2021,8.9688384
GLOBAL,S2D6,PWRBIOKENXX01,BIOKENXX,2024,25.766588227127365
GLOBAL,S2D6,PWRBIOKENXX01,BIOKENXX,2037,8.834214289029957
GLOBAL,S2D6,PWRBIOKENXX01,BIOKENXX,2038,138.03638711870133
GLOBAL,S2D6,PWRBIOKENXX01,BIOKENXX,2039,150.71253391258145
GLOBAL,S2D6,PWRBIOKENXX01,BIOKENXX,2040,163.40156103431065
GLOBAL,S2D6,PWRBIOKENXX01,BIOKENXX,2041,30.709222796575347
GLOBAL,S2D6,PWRBIOKENXX01,BIOKENXX,2042,31.86010527488404
GLOBAL,S2D6,PWRBIOKENXX01,BIOKENXX,2043,33.012622529440115
GLOBAL,S2D6,PWRBIOKENXX01,BIOKENXX,2044,34.16513978399629
GLOBAL,S2D6,PWRBIOKENXX01,BIOKENXX,2045,68.84575800321167
GLOBAL,S2D6,PWRBIOKENXX01,BIOKENXX,2046,70.29090020608788
GLOBAL,S2D6,PWRBIOKENXX01,BIOKENXX,2047,238.05023468951097
GLOBAL,S2D6,PWRBIOKENXX01,BIOKENXX,2048,250.60373300469874
GLOBAL,S2D6,PWRBIOKENXX01,BIOKENXX,2049,261.98994282323315
GLOBAL,S2D6,PWRBIOKENXX01,BIOKENXX,2050,273.3761526417676
GLOBAL,S2D6,PWRBIOTZAXX01,BIOTZAXX,2025,32.44476425661924
GLOBAL,S2D6,PWRBIOTZAXX01,BIOTZAXX,2030,78.57942695322195
GLOBAL,S2D6,PWRBIOTZAXX01,BIOTZAXX,2032,105.82861924229266
GLOBAL,S2D6,PWRBIOTZAXX01,BIOTZAXX,2033,112.04513085114108
GLOBAL,S2D6,PWRBIOTZAXX01,BIOTZAXX,2035,124.46993116988514
GLOBAL,S2D6,PWRBIOTZAXX01,BIOTZAXX,2036,16.59245935228693
GLOBAL,S2D6,PWRBIOTZAXX01,BIOTZAXX,2037,26.98585248051487
GLOBAL,S2D6,PWRBIOTZAXX01,BIOTZAXX,2038,140.52657188943238
GLOBAL,S2D6,PWRBIOTZAXX01,BIOTZAXX,2039,147.58697510859542
GLOBAL,S2D6,PWRBIOTZAXX01,BIOTZAXX,2040,154.64737832775825
GLOBAL,S2D6,PWRBIOTZAXX01,BIOTZAXX,2041,22.872762065462855
GLOBAL,S2D6,PWRBIOTZAXX01,BIOTZAXX,2042,22.428057662150735
GLOBAL,S2D6,PWRBIOTZAXX01,BIOTZAXX,2043,21.983353258838985
GLOBAL,S2D6,PWRBIOTZAXX01,BIOTZAXX,2044,188.02311514885724
GLOBAL,S2D6,PWRBIOTZAXX01,BIOTZAXX,2045,196.36508376303533
GLOBAL,S2D6,PWRBIOTZAXX01,BIOTZAXX,2046,206.71981766018254
GLOBAL,S2D6,PWRBIOTZAXX01,BIOTZAXX,2047,217.0745515573288
GLOBAL,S2D6,PWRBIOTZAXX01,BIOTZAXX,2048,227.42928545447563
GLOBAL,S2D6,PWRBIOTZAXX01,BIOTZAXX,2049,237.77615698723542
GLOBAL,S2D6,PWRBIOTZAXX01,BIOTZAXX,2050,248.13089088438176
GLOBAL,S2D6,PWRGEOKENXX01,GEOKENXX,2021,16.445730824603135
GLOBAL,S2D6,PWRGEOKENXX01,GEOKENXX,2022,20.70745836908712
GLOBAL,S2D6,PWRGEOKENXX01,GEOKENXX,2023,21.05151924456245
GLOBAL,S2D6,PWRGEOKENXX01,GEOKENXX,2024,21.768355513037783
GLOBAL,S2D6,PWRGEOKENXX01,GEOKENXX,2025,23.135257549043697
GLOBAL,S2D6,PWRGEOKENXX01,GEOKENXX,2026,26.16728601879459
GLOBAL,S2D6,PWRGEOKENXX01,GEOKENXX,2027,30.15481018577192
GLOBAL,S2D6,PWRGEOKENXX01,GEOKENXX,2028,32.231342958296366
GLOBAL,S2D6,PWRGEOKENXX01,GEOKENXX,2029,35.27048886576967
GLOBAL,S2D6,PWRGEOKENXX01,GEOKENXX,2030,39.36645150466972
GLOBAL,S2D6,PWRGEOKENXX01,GEOKENXX,2031,48.782009654110695
GLOBAL,S2D6,PWRGEOKENXX01,GEOKENXX,2032,45.28472374121451
GLOBAL,S2D6,PWRGEOKENXX01,GEOKENXX,2033,48.779385662922714
GLOBAL,S2D6,PWRGEOKENXX01,GEOKENXX,2034,52.274047584630885
GLOBAL,S2D6,PWRGEOKENXX01,GEOKENXX,2035,55.76159206861665
GLOBAL,S2D6,PWRGEOKENXX01,GEOKENXX,2036,59.804296694951184
GLOBAL,S2D6,PWRGEOKENXX01,GEOKENXX,2037,61.04424645032595
GLOBAL,S2D6,PWRGEOKENXX01,GEOKENXX,2038,26.34800987496699
GLOBAL,S2D6,PWRGEOKENXX01,GEOKENXX,2039,32.029211027235945
GLOBAL,S2D6,PWRGEOKENXX01,GEOKENXX,2040,24.251525567151173
GLOBAL,S2D6,PWRGEOKENXX01,GEOKENXX,2041,71.26056543922155
GLOBAL,S2D6,PWRGEOKENXX01,GEOKENXX,2042,75.9070382798847
GLOBAL,S2D6,PWRGEOKENXX01,GEOKENXX,2043,80.56011122401479
GLOBAL,S2D6,PWRGEOKENXX01,GEOKENXX,2044,85.21318416814483
GLOBAL,S2D6,PWRGEOKENXX01,GEOKENXX,2045,89.86625711227488
GLOBAL,S2D6,PWRGEOKENXX01,GEOKENXX,2046,95.70074857697124
GLOBAL,S2D6,PWRGEOKENXX01,GEOKENXX,2047,38.301125439767866
GLOBAL,S2D6,PWRGEOKENXX01,GEOKENXX,2048,50.57301186375671
GLOBAL,S2D6,PWRGEOKENXX01,GEOKENXX,2049,45.45672068066381
GLOBAL,S2D6,PWRGEOKENXX01,GEOKENXX,2050,48.14530467205061
GLOBAL,S2D6,PWRGEOTZAXX01,GEOTZAXX,2021,17.988282989252557
GLOBAL,S2D6,PWRGEOTZAXX01,GEOTZAXX,2022,20.123514305978528
GLOBAL,S2D6,PWRGEOTZAXX01,GEOTZAXX,2023,22.62642851947118
GLOBAL,S2D6,PWRGEOTZAXX01,GEOTZAXX,2024,43.05914114101067
GLOBAL,S2D6,PWRGEOTZAXX01,GEOTZAXX,2025,36.81774805100607
GLOBAL,S2D6,PWRGEOTZAXX01,GEOTZAXX,2026,51.00931907695373
GLOBAL,S2D6,PWRGEOTZAXX01,GEOTZAXX,2027,59.1626234314822
GLOBAL,S2D6,PWRGEOTZAXX01,GEOTZAXX,2028,59.89899879225622
GLOBAL,S2D6,PWRGEOTZAXX01,GEOTZAXX,2029,64.34739736876868
GLOBAL,S2D6,PWRGEOTZAXX01,GEOTZAXX,2030,45.19837043380308
GLOBAL,S2D6,PWRGEOTZAXX01,GEOTZAXX,2031,74.16946142570819
GLOBAL,S2D6,PWRGEOTZAXX01,GEOTZAXX,2032,47.76987820503103
GLOBAL,S2D6,PWRGEOTZAXX01,GEOTZAXX,2033,51.283840820223006
GLOBAL,S2D6,PWRGEOTZAXX01,GEOTZAXX,2034,90.30469274243416
GLOBAL,S2D6,PWRGEOTZAXX01,GEOTZAXX,2035,58.307117951909404
GLOBAL,S2D6,PWRGEOTZAXX01,GEOTZAXX,2036,102.41941470510444
GLOBAL,S2D6,PWRGEOTZAXX01,GEOTZAXX,2037,105.6826172645692
GLOBAL,S2D6,PWRGEOTZAXX01,GEOTZAXX,2038,77.9777642044922
GLOBAL,S2D6,PWRGEOTZAXX01,GEOTZAXX,2039,76.92378157626943
GLOBAL,S2D6,PWRGEOTZAXX01,GEOTZAXX,2040,86.52019994004675
GLOBAL,S2D6,PWRGEOTZAXX01,GEOTZAXX,2041,133.64375819905842
GLOBAL,S2D6,PWRGEOTZAXX01,GEOTZAXX,2042,141.32890448840544
GLOBAL,S2D6,PWRGEOTZAXX01,GEOTZAXX,2043,149.01405077775237
GLOBAL,S2D6,PWRGEOTZAXX01,GEOTZAXX,2044,106.71097928159952
GLOBAL,S2D6,PWRGEOTZAXX01,GEOTZAXX,2045,106.43228452915368
GLOBAL,S2D6,PWRGEOTZAXX01,GEOTZAXX,2046,112.69642031073776
GLOBAL,S2D6,PWRGEOTZAXX01,GEOTZAXX,2047,124.28575658832207
GLOBAL,S2D6,PWRGEOTZAXX01,GEOTZAXX,2048,130.54989236990622
GLOBAL,S2D6,PWRGEOTZAXX01,GEOTZAXX,2049,136.80927178415445
GLOBAL,S2D6,PWRGEOTZAXX01,GEOTZAXX,2050,143.0734075657388
GLOBAL,S2D6,PWRHYDKENXX01,HYDKENXX,2021,10.61015853312
GLOBAL,S2D6,PWRHYDKENXX01,HYDKENXX,2022,10.61015853312
GLOBAL,S2D6,PWRHYDKENXX01,HYDKENXX,2023,10.61015853312
GLOBAL,S2D6,PWRHYDKENXX01,HYDKENXX,2024,2.8052833586403185
GLOBAL,S2D6,PWRHYDKENXX01,HYDKENXX,2025,10.61015853312
GLOBAL,S2D6,PWRHYDKENXX01,HYDKENXX,2026,10.61015853312
GLOBAL,S2D6,PWRHYDKENXX01,HYDKENXX,2027,10.61015853312
GLOBAL,S2D6,PWRHYDKENXX01,HYDKENXX,2028,10.61015853312
GLOBAL,S2D6,PWRHYDKENXX01,HYDKENXX,2029,10.61015853312
GLOBAL,S2D6,PWRHYDKENXX01,HYDKENXX,2030,10.61015853312
GLOBAL,S2D6,PWRHYDKENXX01,HYDKENXX,2031,3.6182106985156346
GLOBAL,S2D6,PWRHYDKENXX01,HYDKENXX,2032,10.61015853312
GLOBAL,S2D6,PWRHYDKENXX01,HYDKENXX,2033,10.61015853312
GLOBAL,S2D6,PWRHYDKENXX01,HYDKENXX,2034,10.61015853312
GLOBAL,S2D6,PWRHYDKENXX01,HYDKENXX,2035,10.61015853312
GLOBAL,S2D6,PWRHYDKENXX01,HYDKENXX,2036,10.61015853312
GLOBAL,S2D6,PWRHYDKENXX01,HYDKENXX,2037,10.61015853312
GLOBAL,S2D6,PWRHYDKENXX01,HYDKENXX,2038,10.61015853312
GLOBAL,S2D6,PWRHYDKENXX01,HYDKENXX,2039,2.8052833586403185
GLOBAL,S2D6,PWRHYDKENXX01,HYDKENXX,2040,10.61015853312
GLOBAL,S2D6,PWRHYDKENXX01,HYDKENXX,2041,10.61015853312
GLOBAL,S2D6,PWRHYDKENXX01,HYDKENXX,2042,10.61015853312
GLOBAL,S2D6,PWRHYDKENXX01,HYDKENXX,2043,10.61015853312
GLOBAL,S2D6,PWRHYDKENXX01,HYDKENXX,2044,10.61015853312
GLOBAL,S2D6,PWRHYDKENXX01,HYDKENXX,2047,10.61015853312
GLOBAL,S2D6,PWRHYDKENXX01,HYDKENXX,2048,2.8052833586403185
GLOBAL,S2D6,PWRHYDKENXX01,HYDKENXX,2049,10.61015853312
GLOBAL,S2D6,PWRHYDKENXX01,HYDKENXX,2050,10.61015853312
GLOBAL,S2D6,PWRHYDTZAXX01,HYDTZAXX,2021,5.325200496
GLOBAL,S2D6,PWRHYDTZAXX01,HYDTZAXX,2022,5.325200496
GLOBAL,S2D6,PWRHYDTZAXX01,HYDTZAXX,2023,5.325200496
GLOBAL,S2D6,PWRHYDTZAXX01,HYDTZAXX,2024,5.325200496
GLOBAL,S2D6,PWRHYDTZAXX01,HYDTZAXX,2025,5.325200496
GLOBAL,S2D6,PWRHYDTZAXX01,HYDTZAXX,2026,5.325200496
GLOBAL,S2D6,PWRHYDTZAXX01,HYDTZAXX,2027,1.6131772802615745
GLOBAL,S2D6,PWRHYDTZAXX01,HYDTZAXX,2028,5.325200496
GLOBAL,S2D6,PWRHYDTZAXX01,HYDTZAXX,2029,5.325200496
GLOBAL,S2D6,PWRHYDTZAXX01,HYDTZAXX,2030,5.325200496
GLOBAL,S2D6,PWRHYDTZAXX01,HYDTZAXX,2031,5.325200496
GLOBAL,S2D6,PWRHYDTZAXX01,HYDTZAXX,2032,5.325200496
GLOBAL,S2D6,PWRHYDTZAXX01,HYDTZAXX,2033,5.325200496
GLOBAL,S2D6,PWRHYDTZAXX01,HYDTZAXX,2034,5.325200496
GLOBAL,S2D6,PWRHYDTZAXX01,HYDTZAXX,2035,5.325200496
GLOBAL,S2D6,PWRHYDTZAXX01,HYDTZAXX,2039,5.325200496
GLOBAL,S2D6,PWRHYDTZAXX01,HYDTZAXX,2045,5.325200496
GLOBAL,S2D6,PWRHYDTZAXX01,HYDTZAXX,2046,5.325200496
GLOBAL,S2D6,PWRTRNKENXX,ELCKENXX01,2021,32.74021352313167
GLOBAL,S2D6,PWRTRNKENXX,ELCKENXX01,2022,34.163701067615655
GLOBAL,S2D6,PWRTRNKENXX,ELCKENXX01,2023,33.989640068882444
GLOBAL,S2D6,PWRTRNKENXX,ELCKENXX01,2024,34.87544483985765
GLOBAL,S2D6,PWRTRNKENXX,ELCKENXX01,2025,35.8932384341637
GLOBAL,S2D6,PWRTRNKENXX,ELCKENXX01,2026,38.9252669039146
GLOBAL,S2D6,PWRTRNKENXX,ELCKENXX01,2027,41.95729537366548
GLOBAL,S2D6,PWRTRNKENXX,ELCKENXX01,2028,44.989323843416365
GLOBAL,S2D6,PWRTRNKENXX,ELCKENXX01,2029,48.02846975088968
GLOBAL,S2D6,PWRTRNKENXX,ELCKENXX01,2030,51.060498220640575
GLOBAL,S2D6,PWRTRNKENXX,ELCKENXX01,2031,54.548042704626326
GLOBAL,S2D6,PWRTRNKENXX,ELCKENXX01,2032,58.04270462633452
GLOBAL,S2D6,PWRTRNKENXX,ELCKENXX01,2033,61.53736654804271
GLOBAL,S2D6,PWRTRNKENXX,ELCKENXX01,2034,65.03202846975088
GLOBAL,S2D6,PWRTRNKENXX,ELCKENXX01,2035,68.51957295373666
GLOBAL,S2D6,PWRTRNKENXX,ELCKENXX01,2036,72.56227758007118
GLOBAL,S2D6,PWRTRNKENXX,ELCKENXX01,2037,76.59786476868328
GLOBAL,S2D6,PWRTRNKENXX,ELCKENXX01,2038,80.64056939501779
GLOBAL,S2D6,PWRTRNKENXX,ELCKENXX01,2039,84.67615658362989
GLOBAL,S2D6,PWRTRNKENXX,ELCKENXX01,2040,88.7188612099644
GLOBAL,S2D6,PWRTRNKENXX,ELCKENXX01,2041,93.73665480427043
GLOBAL,S2D6,PWRTRNKENXX,ELCKENXX01,2042,98.74733096085409
GLOBAL,S2D6,PWRTRNKENXX,ELCKENXX01,2043,103.76512455516014
GLOBAL,S2D6,PWRTRNKENXX,ELCKENXX01,2044,108.78291814946618
GLOBAL,S2D6,PWRTRNKENXX,ELCKENXX01,2045,113.80071174377224
GLOBAL,S2D6,PWRTRNKENXX,ELCKENXX01,2046,120.09252669039148
GLOBAL,S2D6,PWRTRNKENXX,ELCKENXX01,2047,126.39145907473312
GLOBAL,S2D6,PWRTRNKENXX,ELCKENXX01,2048,132.68327402135233
GLOBAL,S2D6,PWRTRNKENXX,ELCKENXX01,2049,138.97508896797152
GLOBAL,S2D6,PWRTRNKENXX,ELCKENXX01,2050,145.26690391459076
GLOBAL,S2D6,PWRTRNTZAXX,ELCTZAXX01,2021,23.313483485252554
GLOBAL,S2D6,PWRTRNTZAXX,ELCTZAXX01,2022,25.44871480197853
GLOBAL,S2D6,PWRTRNTZAXX,ELCTZAXX01,2023,28.46975088967972
GLOBAL,S2D6,PWRTRNTZAXX,ELCTZAXX01,2024,48.38434163701067
GLOBAL,S2D6,PWRTRNTZAXX,ELCTZAXX01,2025,51.88612099644128
GLOBAL,S2D6,PWRTRNTZAXX,ELCTZAXX01,2026,56.33451957295374
GLOBAL,S2D6,PWRTRNTZAXX,ELCTZAXX01,2027,60.77580071174377
GLOBAL,S2D6,PWRTRNTZAXX,ELCTZAXX01,2028,65.22419928825623
GLOBAL,S2D6,PWRTRNTZAXX,ELCTZAXX01,2029,69.67259786476868
GLOBAL,S2D6,PWRTRNTZAXX,ELCTZAXX01,2030,74.12099644128115
GLOBAL,S2D6,PWRTRNTZAXX,ELCTZAXX01,2031,79.49466192170817
GLOBAL,S2D6,PWRTRNTZAXX,ELCTZAXX01,2032,84.87544483985765
GLOBAL,S2D6,PWRTRNTZAXX,ELCTZAXX01,2033,90.25622775800711
GLOBAL,S2D6,PWRTRNTZAXX,ELCTZAXX01,2034,95.62989323843416
GLOBAL,S2D6,PWRTRNTZAXX,ELCTZAXX01,2035,101.01067615658364
GLOBAL,S2D6,PWRTRNTZAXX,ELCTZAXX01,2036,107.40213523131672
GLOBAL,S2D6,PWRTRNTZAXX,ELCTZAXX01,2037,113.7864768683274
GLOBAL,S2D6,PWRTRNTZAXX,ELCTZAXX01,2038,120.17793594306048
GLOBAL,S2D6,PWRTRNTZAXX,ELCTZAXX01,2039,126.5693950177936
GLOBAL,S2D6,PWRTRNTZAXX,ELCTZAXX01,2040,132.9608540925267
GLOBAL,S2D6,PWRTRNTZAXX,ELCTZAXX01,2041,140.51245551601423
GLOBAL,S2D6,PWRTRNTZAXX,ELCTZAXX01,2042,148.06405693950177
GLOBAL,S2D6,PWRTRNTZAXX,ELCTZAXX01,2043,155.6156583629893
GLOBAL,S2D6,PWRTRNTZAXX,ELCTZAXX01,2044,163.1743772241993
GLOBAL,S2D6,PWRTRNTZAXX,ELCTZAXX01,2045,170.72597864768682
GLOBAL,S2D6,PWRTRNTZAXX,ELCTZAXX01,2046,180.09964412811388
GLOBAL,S2D6,PWRTRNTZAXX,ELCTZAXX01,2047,189.47330960854092
GLOBAL,S2D6,PWRTRNTZAXX,ELCTZAXX01,2048,198.846975088968
GLOBAL,S2D6,PWRTRNTZAXX,ELCTZAXX01,2049,208.21352313167256
GLOBAL,S2D6,PWRTRNTZAXX,ELCTZAXX01,2050,217.58718861209965
GLOBAL,S2D6,PWRWONKENXX01,WONKENXX,2021,2.3279622912
GLOBAL,S2D6,PWRWONKENXX01,WONKENXX,2022,2.3279622912
GLOBAL,S2D6,PWRWONKENXX01,WONKENXX,2023,2.3279622912
GLOBAL,S2D6,PWRWONKENXX01,WONKENXX,2024,2.147822352
GLOBAL,S2D6,PWRWONKENXX01,WONKENXX,2025,2.147822352
GLOBAL,S2D6,PWRWONKENXX01,WONKENXX,2026,2.147822352
GLOBAL,S2D6,PWRWONKENXX01,WONKENXX,2027,1.1923266547735605
GLOBAL,S2D6,PWRWONKENXX01,WONKENXX,2028,2.147822352
GLOBAL,S2D6,PWRWONKENXX01,WONKENXX,2029,2.147822352
GLOBAL,S2D6,PWRWONKENXX01,WONKENXX,2030,1.083888182850849
GLOBAL,S2D6,PWRWONKENXX01,WONKENXX,2031,2.147822352
GLOBAL,S2D6,PWRWONKENXX01,WONKENXX,2032,2.147822352
GLOBAL,S2D6,PWRWONKENXX01,WONKENXX,2033,2.147822352
GLOBAL,S2D6,PWRWONKENXX01,WONKENXX,2034,2.147822352
GLOBAL,S2D6,PWRWONKENXX01,WONKENXX,2035,2.147822352
GLOBAL,S2D6,PWRWONKENXX01,WONKENXX,2036,2.147822352
GLOBAL,S2D6,PWRWONKENXX01,WONKENXX,2037,2.147822352
GLOBAL,S2D6,PWRWONKENXX01,WONKENXX,2039,2.147822352
GLOBAL,S2D6,PWRWONKENXX01,WONKENXX,2040,2.147822352
GLOBAL,S2D6,PWRWONKENXX01,WONKENXX,2041,2.147822352
GLOBAL,S2D6,PWRWONKENXX01,WONKENXX,2042,2.147822352
GLOBAL,S2D6,PWRWONKENXX01,WONKENXX,2043,2.147822352
GLOBAL,S2D6,PWRWONKENXX01,WONKENXX,2044,2.147822352
GLOBAL,S2D6,PWRWONKENXX01,WONKENXX,2045,2.147822352
GLOBAL,S2D6,PWRWONKENXX01,WONKENXX,2046,2.147822352
GLOBAL,S2D6,PWRWONKENXX01,WONKENXX,2047,2.147822352
GLOBAL,S2D6,TRNKENXXTZAXX,ELCKENXX02,2023,0.5376827735087841
GLOBAL,S2D6,TRNKENXXTZAXX,ELCTZAXX02,2021,0.5376827735087841
GLOBAL,S2D6,TRNKENXXTZAXX,ELCTZAXX02,2022,0.5376827735087841
GLOBAL,S3D1,PWRBIOKENXX01,BIOKENXX,2023,8.9688384
GLOBAL,S3D1,PWRBIOKENXX01,BIOKENXX,2030,51.7207288753033
GLOBAL,S3D1,PWRBIOKENXX01,BIOKENXX,2032,3.382755640740809
GLOBAL,S3D1,PWRBIOKENXX01,BIOKENXX,2033,71.6343923813196
GLOBAL,S3D1,PWRBIOKENXX01,BIOKENXX,2034,10.734072154006137
GLOBAL,S3D1,PWRBIOKENXX01,BIOKENXX,2035,8.878295475488502
GLOBAL,S3D1,PWRBIOKENXX01,BIOKENXX,2036,62.249400702278045
GLOBAL,S3D1,PWRBIOKENXX01,BIOKENXX,2037,76.91306367311913
GLOBAL,S3D1,PWRBIOKENXX01,BIOKENXX,2038,44.05523227586427
GLOBAL,S3D1,PWRBIOKENXX01,BIOKENXX,2039,94.69826264055011
GLOBAL,S3D1,PWRBIOKENXX01,BIOKENXX,2040,54.21995546384615
GLOBAL,S3D1,PWRBIOKENXX01,BIOKENXX,2041,60.42455038506106
GLOBAL,S3D1,PWRBIOKENXX01,BIOKENXX,2042,63.73885641687509
GLOBAL,S3D1,PWRBIOKENXX01,BIOKENXX,2043,67.05787026975683
GLOBAL,S3D1,PWRBIOKENXX01,BIOKENXX,2044,70.44008412263862
GLOBAL,S3D1,PWRBIOKENXX01,BIOKENXX,2045,73.75909797552046
GLOBAL,S3D1,PWRBIOKENXX01,BIOKENXX,2046,77.92081179955964
GLOBAL,S3D1,PWRBIOKENXX01,BIOKENXX,2047,82.09513344466663
GLOBAL,S3D1,PWRBIOKENXX01,BIOKENXX,2048,86.18533987479898
GLOBAL,S3D1,PWRBIOKENXX01,BIOKENXX,2049,90.34705369883781
GLOBAL,S3D1,PWRBIOKENXX01,BIOKENXX,2050,94.508767522877
GLOBAL,S3D1,PWRBIOTZAXX01,BIOTZAXX,2027,49.83024265279891
GLOBAL,S3D1,PWRBIOTZAXX01,BIOTZAXX,2028,52.00770070610228
GLOBAL,S3D1,PWRBIOTZAXX01,BIOTZAXX,2030,78.57942695322194
GLOBAL,S3D1,PWRBIOTZAXX01,BIOTZAXX,2031,78.57942695322194
GLOBAL,S3D1,PWRBIOTZAXX01,BIOTZAXX,2032,55.334324780190855
GLOBAL,S3D1,PWRBIOTZAXX01,BIOTZAXX,2033,56.8676867218634
GLOBAL,S3D1,PWRBIOTZAXX01,BIOTZAXX,2034,118.25341956103664
GLOBAL,S3D1,PWRBIOTZAXX01,BIOTZAXX,2035,59.932382348672306
GLOBAL,S3D1,PWRBIOTZAXX01,BIOTZAXX,2036,53.690561651732395
GLOBAL,S3D1,PWRBIOTZAXX01,BIOTZAXX,2037,67.67878592886724
GLOBAL,S3D1,PWRBIOTZAXX01,BIOTZAXX,2038,68.36200881197885
GLOBAL,S3D1,PWRBIOTZAXX01,BIOTZAXX,2039,71.58446251123942
GLOBAL,S3D1,PWRBIOTZAXX01,BIOTZAXX,2040,74.8069162104998
GLOBAL,S3D1,PWRBIOTZAXX01,BIOTZAXX,2041,162.9893469419364
GLOBAL,S3D1,PWRBIOTZAXX01,BIOTZAXX,2042,82.4216676022934
GLOBAL,S3D1,PWRBIOTZAXX01,BIOTZAXX,2043,179.6732841702927
GLOBAL,S3D1,PWRBIOTZAXX01,BIOTZAXX,2044,90.04000747259408
GLOBAL,S3D1,PWRBIOTZAXX01,BIOTZAXX,2045,93.84738316849091
GLOBAL,S3D1,PWRBIOTZAXX01,BIOTZAXX,2046,98.5734093621732
GLOBAL,S3D1,PWRBIOTZAXX01,BIOTZAXX,2047,103.2994355558545
GLOBAL,S3D1,PWRBIOTZAXX01,BIOTZAXX,2048,108.02546174953633
GLOBAL,S3D1,PWRBIOTZAXX01,BIOTZAXX,2049,112.74789946471088
GLOBAL,S3D1,PWRBIOTZAXX01,BIOTZAXX,2050,117.47392565839222
GLOBAL,S3D1,PWRGEOKENXX01,GEOKENXX,2021,29.516338099374376
GLOBAL,S3D1,PWRGEOKENXX01,GEOKENXX,2022,25.94964639599728
GLOBAL,S3D1,PWRGEOKENXX01,GEOKENXX,2023,23.220664175491983
GLOBAL,S3D1,PWRGEOKENXX01,GEOKENXX,2024,27.480849791228444
GLOBAL,S3D1,PWRGEOKENXX01,GEOKENXX,2025,30.621245778157675
GLOBAL,S3D1,PWRGEOKENXX01,GEOKENXX,2026,30.507652756193615
GLOBAL,S3D1,PWRGEOKENXX01,GEOKENXX,2027,34.16067769699342
GLOBAL,S3D1,PWRGEOKENXX01,GEOKENXX,2028,42.07140964755498
GLOBAL,S3D1,PWRGEOKENXX01,GEOKENXX,2029,41.420652869064405
GLOBAL,S3D1,PWRGEOKENXX01,GEOKENXX,2030,43.11719340920772
GLOBAL,S3D1,PWRGEOKENXX01,GEOKENXX,2031,47.53815229279585
GLOBAL,S3D1,PWRGEOKENXX01,GEOKENXX,2032,50.548658236093054
GLOBAL,S3D1,PWRGEOKENXX01,GEOKENXX,2033,47.45971531274181
GLOBAL,S3D1,PWRGEOKENXX01,GEOKENXX,2034,58.117601888224286
GLOBAL,S3D1,PWRGEOKENXX01,GEOKENXX,2035,61.04424645032595
GLOBAL,S3D1,PWRGEOKENXX01,GEOKENXX,2036,61.04424645032595
GLOBAL,S3D1,PWRGEOKENXX01,GEOKENXX,2037,46.58215350003032
GLOBAL,S3D1,PWRGEOKENXX01,GEOKENXX,2038,61.57527611851569
GLOBAL,S3D1,PWRGEOKENXX01,GEOKENXX,2039,64.54466353803424
GLOBAL,S3D1,PWRGEOKENXX01,GEOKENXX,2040,67.52065106101969
GLOBAL,S3D1,PWRGEOKENXX01,GEOKENXX,2041,71.26056543922155
GLOBAL,S3D1,PWRGEOKENXX01,GEOKENXX,2042,75.9070382798847
GLOBAL,S3D1,PWRGEOKENXX01,GEOKENXX,2043,80.56011122401479
GLOBAL,S3D1,PWRGEOKENXX01,GEOKENXX,2044,85.21318416814483
GLOBAL,S3D1,PWRGEOKENXX01,GEOKENXX,2045,89.86625711227488
GLOBAL,S3D1,PWRGEOKENXX01,GEOKENXX,2046,95.70074857697124
GLOBAL,S3D1,PWRGEOKENXX01,GEOKENXX,2047,101.51934014513446
GLOBAL,S3D1,PWRGEOKENXX01,GEOKENXX,2048,109.10977369995324
GLOBAL,S3D1,PWRGEOKENXX01,GEOKENXX,2049,114.94426516464968
GLOBAL,S3D1,PWRGEOKENXX01,GEOKENXX,2050,120.77875662934603
GLOBAL,S3D1,PWRGEOTZAXX01,GEOTZAXX,2021,22.242931983832666
GLOBAL,S3D1,PWRGEOTZAXX01,GEOTZAXX,2022,24.935930188500528
GLOBAL,S3D1,PWRGEOTZAXX01,GEOTZAXX,2023,28.368455881896317
GLOBAL,S3D1,PWRGEOTZAXX01,GEOTZAXX,2024,54.00327434497378
GLOBAL,S3D1,PWRGEOTZAXX01,GEOTZAXX,2025,58.41979140062909
GLOBAL,S3D1,PWRGEOTZAXX01,GEOTZAXX,2026,61.43513383042862
GLOBAL,S3D1,PWRGEOTZAXX01,GEOTZAXX,2027,51.86794400384783
GLOBAL,S3D1,PWRGEOTZAXX01,GEOTZAXX,2028,56.619548495920064
GLOBAL,S3D1,PWRGEOTZAXX01,GEOTZAXX,2029,77.64297243526127
GLOBAL,S3D1,PWRGEOTZAXX01,GEOTZAXX,2030,59.45104272315376
GLOBAL,S3D1,PWRGEOTZAXX01,GEOTZAXX,2031,64.14990613543681
GLOBAL,S3D1,PWRGEOTZAXX01,GEOTZAXX,2032,84.56503611180561
GLOBAL,S3D1,PWRGEOTZAXX01,GEOTZAXX,2033,90.51912090074872
GLOBAL,S3D1,PWRGEOTZAXX01,GEOTZAXX,2034,71.47097090311003
GLOBAL,S3D1,PWRGEOTZAXX01,GEOTZAXX,2035,102.41941470510444
GLOBAL,S3D1,PWRGEOTZAXX01,GEOTZAXX,2036,102.41941470510444
GLOBAL,S3D1,PWRGEOTZAXX01,GEOTZAXX,2037,105.6826172645692
GLOBAL,S3D1,PWRGEOTZAXX01,GEOTZAXX,2038,112.9496366640308
GLOBAL,S3D1,PWRGEOTZAXX01,GEOTZAXX,2039,119.45412428687112
GLOBAL,S3D1,PWRGEOTZAXX01,GEOTZAXX,2040,125.95861190971148
GLOBAL,S3D1,PWRGEOTZAXX01,GEOTZAXX,2041,108.30590383403148
GLOBAL,S3D1,PWRGEOTZAXX01,GEOTZAXX,2042,141.32890448840544
GLOBAL,S3D1,PWRGEOTZAXX01,GEOTZAXX,2043,120.95271718252648
GLOBAL,S3D1,PWRGEOTZAXX01,GEOTZAXX,2044,156.70644037180188
GLOBAL,S3D1,PWRGEOTZAXX01,GEOTZAXX,2045,164.3915866611489
GLOBAL,S3D1,PWRGEOTZAXX01,GEOTZAXX,2046,173.93101895433432
GLOBAL,S3D1,PWRGEOTZAXX01,GEOTZAXX,2047,183.4704512475201
GLOBAL,S3D1,PWRGEOTZAXX01,GEOTZAXX,2048,193.00988354070563
GLOBAL,S3D1,PWRGEOTZAXX01,GEOTZAXX,2049,202.5420725291888
GLOBAL,S3D1,PWRGEOTZAXX01,GEOTZAXX,2050,212.0815048223745
GLOBAL,S3D1,PWRHYDKENXX01,HYDKENXX,2021,9.164415823857665
GLOBAL,S3D1,PWRHYDKENXX01,HYDKENXX,2022,14.42867806368
GLOBAL,S3D1,PWRHYDKENXX01,HYDKENXX,2023,14.42867806368
GLOBAL,S3D1,PWRHYDKENXX01,HYDKENXX,2024,14.42867806368
GLOBAL,S3D1,PWRHYDKENXX01,HYDKENXX,2025,12.571944554309113
GLOBAL,S3D1,PWRHYDKENXX01,HYDKENXX,2026,14.42867806368
GLOBAL,S3D1,PWRHYDKENXX01,HYDKENXX,2027,14.42867806368
GLOBAL,S3D1,PWRHYDKENXX01,HYDKENXX,2028,10.135284653918252
GLOBAL,S3D1,PWRHYDKENXX01,HYDKENXX,2029,14.42867806368
GLOBAL,S3D1,PWRHYDKENXX01,HYDKENXX,2031,14.42867806368
GLOBAL,S3D1,PWRHYDKENXX01,HYDKENXX,2032,14.42867806368
GLOBAL,S3D1,PWRHYDKENXX01,HYDKENXX,2034,14.42867806368
GLOBAL,S3D1,PWRHYDKENXX01,HYDKENXX,2035,14.42867806368
GLOBAL,S3D1,PWRHYDKENXX01,HYDKENXX,2037,14.42867806368
GLOBAL,S3D1,PWRHYDKENXX01,HYDKENXX,2038,14.42867806368
GLOBAL,S3D1,PWRHYDKENXX01,HYDKENXX,2040,14.42867806368
GLOBAL,S3D1,PWRHYDKENXX01,HYDKENXX,2041,14.42867806368
GLOBAL,S3D1,PWRHYDKENXX01,HYDKENXX,2042,14.42867806368
GLOBAL,S3D1,PWRHYDKENXX01,HYDKENXX,2043,14.42867806368
GLOBAL,S3D1,PWRHYDKENXX01,HYDKENXX,2044,14.42867806368
GLOBAL,S3D1,PWRHYDKENXX01,HYDKENXX,2045,14.42867806368
GLOBAL,S3D1,PWRHYDKENXX01,HYDKENXX,2046,14.42867806368
GLOBAL,S3D1,PWRHYDKENXX01,HYDKENXX,2047,14.42867806368
GLOBAL,S3D1,PWRHYDKENXX01,HYDKENXX,2048,14.42867806368
GLOBAL,S3D1,PWRHYDKENXX01,HYDKENXX,2049,14.42867806368
GLOBAL,S3D1,PWRHYDKENXX01,HYDKENXX,2050,14.42867806368
GLOBAL,S3D1,PWRHYDTZAXX01,HYDTZAXX,2021,7.0200649728
GLOBAL,S3D1,PWRHYDTZAXX01,HYDTZAXX,2022,7.0200649728
GLOBAL,S3D1,PWRHYDTZAXX01,HYDTZAXX,2023,7.0200649728
GLOBAL,S3D1,PWRHYDTZAXX01,HYDTZAXX,2024,7.0200649728
GLOBAL,S3D1,PWRHYDTZAXX01,HYDTZAXX,2025,7.0200649728
GLOBAL,S3D1,PWRHYDTZAXX01,HYDTZAXX,2026,7.0200649728
GLOBAL,S3D1,PWRHYDTZAXX01,HYDTZAXX,2027,7.0200649728
GLOBAL,S3D1,PWRHYDTZAXX01,HYDTZAXX,2028,7.0200649728
GLOBAL,S3D1,PWRHYDTZAXX01,HYDTZAXX,2029,7.0200649728
GLOBAL,S3D1,PWRHYDTZAXX01,HYDTZAXX,2030,7.0200649728
GLOBAL,S3D1,PWRHYDTZAXX01,HYDTZAXX,2031,7.0200649728
GLOBAL,S3D1,PWRHYDTZAXX01,HYDTZAXX,2034,7.0200649728
GLOBAL,S3D1,PWRHYDTZAXX01,HYDTZAXX,2036,7.0200649728
GLOBAL,S3D1,PWRHYDTZAXX01,HYDTZAXX,2037,7.0200649728
GLOBAL,S3D1,PWRHYDTZAXX01,HYDTZAXX,2038,7.0200649728
GLOBAL,S3D1,PWRHYDTZAXX01,HYDTZAXX,2039,7.0200649728
GLOBAL,S3D1,PWRHYDTZAXX01,HYDTZAXX,2040,7.0200649728
GLOBAL,S3D1,PWRHYDTZAXX01,HYDTZAXX,2041,7.0200649728
GLOBAL,S3D1,PWRHYDTZAXX01,HYDTZAXX,2042,7.0200649728
GLOBAL,S3D1,PWRHYDTZAXX01,HYDTZAXX,2043,7.0200649728
GLOBAL,S3D1,PWRHYDTZAXX01,HYDTZAXX,2044,7.0200649728
GLOBAL,S3D1,PWRHYDTZAXX01,HYDTZAXX,2045,7.0200649728
GLOBAL,S3D1,PWRHYDTZAXX01,HYDTZAXX,2046,7.0200649728
GLOBAL,S3D1,PWRHYDTZAXX01,HYDTZAXX,2047,7.0200649728
GLOBAL,S3D1,PWRHYDTZAXX01,HYDTZAXX,2048,7.0200649728
GLOBAL,S3D1,PWRHYDTZAXX01,HYDTZAXX,2049,7.0200649728
GLOBAL,S3D1,PWRHYDTZAXX01,HYDTZAXX,2050,7.0200649728
GLOBAL,S3D1,PWRSDSKENXX01,ELCKENXX01,2024,0.0189216
GLOBAL,S3D1,PWRSDSKENXX01,ELCKENXX01,2025,0.0189216
GLOBAL,S3D1,PWRSDSKENXX01,ELCKENXX01,2026,0.0010783999999999998
GLOBAL,S3D1,PWRSDSKENXX01,ELCKENXX01,2027,0.0189216
GLOBAL,S3D1,PWRSDSKENXX01,ELCKENXX01,2028,0.0010783999999999998
GLOBAL,S3D1,PWRSDSKENXX01,ELCKENXX01,2037,0.02
GLOBAL,S3D1,PWRSDSKENXX01,ELCKENXX01,2038,0.02
GLOBAL,S3D1,PWRSDSKENXX01,ELCKENXX01,2044,0.02
GLOBAL,S3D1,PWRSDSKENXX01,ELCKENXX01,2045,0.02
GLOBAL,S3D1,PWRSDSKENXX01,ELCKENXX01,2046,0.02
GLOBAL,S3D1,PWRSPVKENXX01,SPVKENXX,2021,0.21507552
GLOBAL,S3D1,PWRSPVKENXX01,SPVKENXX,2022,0.31283712
GLOBAL,S3D1,PWRSPVKENXX01,SPVKENXX,2023,0.36171792
GLOBAL,S3D1,PWRSPVKENXX01,SPVKENXX,2024,0.36171792
GLOBAL,S3D1,PWRSPVKENXX01,SPVKENXX,2025,0.36171792
GLOBAL,S3D1,PWRSPVKENXX01,SPVKENXX,2026,2.424791683221539
GLOBAL,S3D1,PWRSPVKENXX01,SPVKENXX,2027,2.6136673930500947
GLOBAL,S3D1,PWRSPVKENXX01,SPVKENXX,2028,2.8025431028786514
GLOBAL,S3D1,PWRSPVKENXX01,SPVKENXX,2029,2.9918621829180734
GLOBAL,S3D1,PWRSPVKENXX01,SPVKENXX,2030,3.18073789274663
GLOBAL,S3D1,PWRSPVKENXX01,SPVKENXX,2031,5.096983944105836
GLOBAL,S3D1,PWRSPVKENXX01,SPVKENXX,2032,5.423526104408023
GLOBAL,S3D1,PWRSPVKENXX01,SPVKENXX,2033,5.75006826471021
GLOBAL,S3D1,PWRSPVKENXX01,SPVKENXX,2034,6.076610425012398
GLOBAL,S3D1,PWRSPVKENXX01,SPVKENXX,2035,6.402487529998288
GLOBAL,S3D1,PWRSPVKENXX01,SPVKENXX,2036,9.040318599540532
GLOBAL,S3D1,PWRSPVKENXX01,SPVKENXX,2037,9.54310041866162
GLOBAL,S3D1,PWRSPVKENXX01,SPVKENXX,2038,10.046768978204437
GLOBAL,S3D1,PWRSPVKENXX01,SPVKENXX,2039,10.549550797325525
GLOBAL,S3D1,PWRSPVKENXX01,SPVKENXX,2040,11.05321935686834
GLOBAL,S3D1,PWRSPVKENXX01,SPVKENXX,2041,11.67837135418821
GLOBAL,S3D1,PWRSPVKENXX01,SPVKENXX,2042,12.302636611086347
GLOBAL,S3D1,PWRSPVKENXX01,SPVKENXX,2043,12.92778860840622
GLOBAL,S3D1,PWRSPVKENXX01,SPVKENXX,2044,13.552940605726087
GLOBAL,S3D1,PWRSPVKENXX01,SPVKENXX,2045,14.17809260304596
GLOBAL,S3D1,PWRSPVKENXX01,SPVKENXX,2046,14.961971135855554
GLOBAL,S3D1,PWRSPVKENXX01,SPVKENXX,2047,15.74673640908688
GLOBAL,S3D1,PWRSPVKENXX01,SPVKENXX,2048,16.53061494189648
GLOBAL,S3D1,PWRSPVKENXX01,SPVKENXX,2049,17.314493474706076
GLOBAL,S3D1,PWRSPVKENXX01,SPVKENXX,2050,18.098372007515675
GLOBAL,S3D1,PWRSPVTZAXX01,SPVTZAXX,2026,2.5950704965918554
GLOBAL,S3D1,PWRSPVTZAXX01,SPVTZAXX,2027,2.799659756209456
GLOBAL,S3D1,PWRSPVTZAXX01,SPVTZAXX,2028,3.004576883230292
GLOBAL,S3D1,PWRSPVTZAXX01,SPVTZAXX,2029,3.2094940102511265
GLOBAL,S3D1,PWRSPVTZAXX01,SPVTZAXX,2030,3.4144111372719608
GLOBAL,S3D1,PWRSPVTZAXX01,SPVTZAXX,2031,5.492926540069696
GLOBAL,S3D1,PWRSPVTZAXX01,SPVTZAXX,2032,5.8647281753363
GLOBAL,S3D1,PWRSPVTZAXX01,SPVTZAXX,2033,6.236529810602901
GLOBAL,S3D1,PWRSPVTZAXX01,SPVTZAXX,2034,6.607839644764655
GLOBAL,S3D1,PWRSPVTZAXX01,SPVTZAXX,2035,6.979641280031258
GLOBAL,S3D1,PWRSPVTZAXX01,SPVTZAXX,2036,9.895038229582081
GLOBAL,S3D1,PWRSPVTZAXX01,SPVTZAXX,2037,10.483232350982686
GLOBAL,S3D1,PWRSPVTZAXX01,SPVTZAXX,2038,11.07208220718976
GLOBAL,S3D1,PWRSPVTZAXX01,SPVTZAXX,2039,11.660932063396832
GLOBAL,S3D1,PWRSPVTZAXX01,SPVTZAXX,2040,12.249781919603905
GLOBAL,S3D1,PWRSPVTZAXX01,SPVTZAXX,2041,12.945516549265042
GLOBAL,S3D1,PWRSPVTZAXX01,SPVTZAXX,2042,13.641251178926185
GLOBAL,S3D1,PWRSPVTZAXX01,SPVTZAXX,2043,14.33698580858732
GLOBAL,S3D1,PWRSPVTZAXX01,SPVTZAXX,2044,15.033376173054926
GLOBAL,S3D1,PWRSPVTZAXX01,SPVTZAXX,2045,15.72911080271606
GLOBAL,S3D1,PWRSPVTZAXX01,SPVTZAXX,2046,16.59271354283267
GLOBAL,S3D1,PWRSPVTZAXX01,SPVTZAXX,2047,17.456316282949278
GLOBAL,S3D1,PWRSPVTZAXX01,SPVTZAXX,2048,18.31991902306589
GLOBAL,S3D1,PWRSPVTZAXX01,SPVTZAXX,2049,19.18286602837603
GLOBAL,S3D1,PWRSPVTZAXX01,SPVTZAXX,2050,20.04646876849264
GLOBAL,S3D1,PWRTRNKENXX,ELCKENXX01,2021,41.292639138240574
GLOBAL,S3D1,PWRTRNKENXX,ELCKENXX01,2022,43.087971274685806
GLOBAL,S3D1,PWRTRNKENXX,ELCKENXX01,2023,42.72798797997199
GLOBAL,S3D1,PWRTRNKENXX,ELCKENXX01,2024,43.98563734290844
GLOBAL,S3D1,PWRTRNKENXX,ELCKENXX01,2025,45.26929982046679
GLOBAL,S3D1,PWRTRNKENXX,ELCKENXX01,2026,49.09335727109516
GLOBAL,S3D1,PWRTRNKENXX,ELCKENXX01,2027,52.91741472172352
GLOBAL,S3D1,PWRTRNKENXX,ELCKENXX01,2028,56.74147217235189
GLOBAL,S3D1,PWRTRNKENXX,ELCKENXX01,2029,60.57450628366248
GLOBAL,S3D1,PWRTRNKENXX,ELCKENXX01,2030,64.39856373429085
GLOBAL,S3D1,PWRTRNKENXX,ELCKENXX01,2031,68.79712746858169
GLOBAL,S3D1,PWRTRNKENXX,ELCKENXX01,2032,73.20466786355473
GLOBAL,S3D1,PWRTRNKENXX,ELCKENXX01,2033,77.61220825852784
GLOBAL,S3D1,PWRTRNKENXX,ELCKENXX01,2034,82.0197486535009
GLOBAL,S3D1,PWRTRNKENXX,ELCKENXX01,2035,86.41831238779174
GLOBAL,S3D1,PWRTRNKENXX,ELCKENXX01,2036,91.51705565529625
GLOBAL,S3D1,PWRTRNKENXX,ELCKENXX01,2037,96.6068222621185
GLOBAL,S3D1,PWRTRNKENXX,ELCKENXX01,2038,101.705565529623
GLOBAL,S3D1,PWRTRNKENXX,ELCKENXX01,2039,106.79533213644524
GLOBAL,S3D1,PWRTRNKENXX,ELCKENXX01,2040,111.89407540394971
GLOBAL,S3D1,PWRTRNKENXX,ELCKENXX01,2041,118.2226211849192
GLOBAL,S3D1,PWRTRNKENXX,ELCKENXX01,2042,124.54219030520647
GLOBAL,S3D1,PWRTRNKENXX,ELCKENXX01,2043,130.87073608617595
GLOBAL,S3D1,PWRTRNKENXX,ELCKENXX01,2044,137.19928186714543
GLOBAL,S3D1,PWRTRNKENXX,ELCKENXX01,2045,143.5278276481149
GLOBAL,S3D1,PWRTRNKENXX,ELCKENXX01,2046,151.46319569120288
GLOBAL,S3D1,PWRTRNKENXX,ELCKENXX01,2047,159.40754039497307
GLOBAL,S3D1,PWRTRNKENXX,ELCKENXX01,2048,167.34290843806104
GLOBAL,S3D1,PWRTRNKENXX,ELCKENXX01,2049,175.27827648114902
GLOBAL,S3D1,PWRTRNKENXX,ELCKENXX01,2050,183.213644524237
GLOBAL,S3D1,PWRTRNTZAXX,ELCTZAXX01,2021,29.262996956632666
GLOBAL,S3D1,PWRTRNTZAXX,ELCTZAXX01,2022,31.955995161300528
GLOBAL,S3D1,PWRTRNTZAXX,ELCTZAXX01,2023,35.90664272890485
GLOBAL,S3D1,PWRTRNTZAXX,ELCTZAXX01,2024,61.02333931777379
GLOBAL,S3D1,PWRTRNTZAXX,ELCTZAXX01,2025,65.43985637342908
GLOBAL,S3D1,PWRTRNTZAXX,ELCTZAXX01,2026,71.05026929982047
GLOBAL,S3D1,PWRTRNTZAXX,ELCTZAXX01,2027,76.65170556552961
GLOBAL,S3D1,PWRTRNTZAXX,ELCTZAXX01,2028,82.262118491921
GLOBAL,S3D1,PWRTRNTZAXX,ELCTZAXX01,2029,87.87253141831238
GLOBAL,S3D1,PWRTRNTZAXX,ELCTZAXX01,2030,93.48294434470378
GLOBAL,S3D1,PWRTRNTZAXX,ELCTZAXX01,2031,100.26032315978456
GLOBAL,S3D1,PWRTRNTZAXX,ELCTZAXX01,2032,107.04667863554758
GLOBAL,S3D1,PWRTRNTZAXX,ELCTZAXX01,2033,113.83303411131058
GLOBAL,S3D1,PWRTRNTZAXX,ELCTZAXX01,2034,120.61041292639138
GLOBAL,S3D1,PWRTRNTZAXX,ELCTZAXX01,2035,127.3967684021544
GLOBAL,S3D1,PWRTRNTZAXX,ELCTZAXX01,2036,135.45780969479353
GLOBAL,S3D1,PWRTRNTZAXX,ELCTZAXX01,2037,143.50987432675046
GLOBAL,S3D1,PWRTRNTZAXX,ELCTZAXX01,2038,151.5709156193896
GLOBAL,S3D1,PWRTRNTZAXX,ELCTZAXX01,2039,159.63195691202873
GLOBAL,S3D1,PWRTRNTZAXX,ELCTZAXX01,2040,167.69299820466787
GLOBAL,S3D1,PWRTRNTZAXX,ELCTZAXX01,2041,177.21723518850987
GLOBAL,S3D1,PWRTRNTZAXX,ELCTZAXX01,2042,186.74147217235193
GLOBAL,S3D1,PWRTRNTZAXX,ELCTZAXX01,2043,196.2657091561939
GLOBAL,S3D1,PWRTRNTZAXX,ELCTZAXX01,2044,205.7989228007181
GLOBAL,S3D1,PWRTRNTZAXX,ELCTZAXX01,2045,215.3231597845601
GLOBAL,S3D1,PWRTRNTZAXX,ELCTZAXX01,2046,227.14542190305204
GLOBAL,S3D1,PWRTRNTZAXX,ELCTZAXX01,2047,238.967684021544
GLOBAL,S3D1,PWRTRNTZAXX,ELCTZAXX01,2048,250.7899461400359
GLOBAL,S3D1,PWRTRNTZAXX,ELCTZAXX01,2049,262.6032315978456
GLOBAL,S3D1,PWRTRNTZAXX,ELCTZAXX01,2050,274.42549371633754
GLOBAL,S3D1,PWRWONKENXX01,WONKENXX,2021,1.8786878208
GLOBAL,S3D1,PWRWONKENXX01,WONKENXX,2022,1.8786878208
GLOBAL,S3D1,PWRWONKENXX01,WONKENXX,2023,1.8786878208
GLOBAL,S3D1,PWRWONKENXX01,WONKENXX,2024,1.733313168
GLOBAL,S3D1,PWRWONKENXX01,WONKENXX,2025,1.733313168
GLOBAL,S3D1,PWRWONKENXX01,WONKENXX,2026,1.733313168
GLOBAL,S3D1,PWRWONKENXX01,WONKENXX,2027,1.733313168
GLOBAL,S3D1,PWRWONKENXX01,WONKENXX,2028,1.733313168
GLOBAL,S3D1,PWRWONKENXX01,WONKENXX,2029,1.733313168
GLOBAL,S3D1,PWRWONKENXX01,WONKENXX,2030,1.733313168
GLOBAL,S3D1,PWRWONKENXX01,WONKENXX,2031,1.733313168
GLOBAL,S3D1,PWRWONKENXX01,WONKENXX,2032,1.733313168
GLOBAL,S3D1,PWRWONKENXX01,WONKENXX,2033,1.733313168
GLOBAL,S3D1,PWRWONKENXX01,WONKENXX,2035,1.733313168
GLOBAL,S3D1,PWRWONKENXX01,WONKENXX,2036,1.733313168
GLOBAL,S3D1,PWRWONKENXX01,WONKENXX,2037,1.733313168
GLOBAL,S3D1,PWRWONKENXX01,WONKENXX,2038,1.733313168
GLOBAL,S3D1,PWRWONKENXX01,WONKENXX,2039,1.733313168
GLOBAL,S3D1,PWRWONKENXX01,WONKENXX,2040,1.733313168
GLOBAL,S3D1,PWRWONKENXX01,WONKENXX,2041,1.733313168
GLOBAL,S3D1,PWRWONKENXX01,WONKENXX,2042,1.733313168
GLOBAL,S3D1,PWRWONKENXX01,WONKENXX,2043,1.733313168
GLOBAL,S3D1,PWRWONKENXX01,WONKENXX,2044,1.733313168
GLOBAL,S3D1,PWRWONKENXX01,WONKENXX,2045,1.733313168
GLOBAL,S3D1,PWRWONKENXX01,WONKENXX,2046,1.733313168
GLOBAL,S3D1,PWRWONKENXX01,WONKENXX,2047,1.733313168
GLOBAL,S3D1,TRNKENXXTZAXX,ELCKENXX02,2023,0.5376827735087841
GLOBAL,S3D1,TRNKENXXTZAXX,ELCTZAXX02,2021,0.5376827735087841
GLOBAL,S3D1,TRNKENXXTZAXX,ELCTZAXX02,2022,0.5376827735087841
GLOBAL,S3D2,PWRBIOKENXX01,BIOKENXX,2024,12.672320171189318
GLOBAL,S3D2,PWRBIOKENXX01,BIOKENXX,2028,42.09515279679567
GLOBAL,S3D2,PWRBIOKENXX01,BIOKENXX,2031,55.51712724762322
GLOBAL,S3D2,PWRBIOKENXX01,BIOKENXX,2040,43.67144608301548
GLOBAL,S3D2,PWRBIOKENXX01,BIOKENXX,2043,32.18559142435691
GLOBAL,S3D2,PWRBIOKENXX01,BIOKENXX,2047,30.080277351513
GLOBAL,S3D2,PWRBIOKENXX01,BIOKENXX,2049,30.648828522362724
GLOBAL,S3D2,PWRBIOKENXX01,BIOKENXX,2050,30.04362247002113
GLOBAL,S3D2,PWRBIOTZAXX01,BIOTZAXX,2021,12.508095882118146
GLOBAL,S3D2,PWRBIOTZAXX01,BIOTZAXX,2022,13.391936409603117
GLOBAL,S3D2,PWRBIOTZAXX01,BIOTZAXX,2023,18.469627019515087
GLOBAL,S3D2,PWRBIOTZAXX01,BIOTZAXX,2024,13.646272050418812
GLOBAL,S3D2,PWRBIOTZAXX01,BIOTZAXX,2025,20.08026101167194
GLOBAL,S3D2,PWRBIOTZAXX01,BIOTZAXX,2027,0.9204081682168367
GLOBAL,S3D2,PWRBIOTZAXX01,BIOTZAXX,2028,4.462199652031847
GLOBAL,S3D2,PWRBIOTZAXX01,BIOTZAXX,2030,6.952233388292126
GLOBAL,S3D2,PWRBIOTZAXX01,BIOTZAXX,2034,18.56544879910951
GLOBAL,S3D2,PWRBIOTZAXX01,BIOTZAXX,2042,171.33131555611425
GLOBAL,S3D2,PWRGEOKENXX01,GEOKENXX,2021,33.80599142017584
GLOBAL,S3D2,PWRGEOKENXX01,GEOKENXX,2022,35.695159112212274
GLOBAL,S3D2,PWRGEOKENXX01,GEOKENXX,2023,35.695159112212274
GLOBAL,S3D2,PWRGEOKENXX01,GEOKENXX,2024,35.695159112212274
GLOBAL,S3D2,PWRGEOKENXX01,GEOKENXX,2025,36.32705391873482
GLOBAL,S3D2,PWRGEOKENXX01,GEOKENXX,2026,36.32705391873482
GLOBAL,S3D2,PWRGEOKENXX01,GEOKENXX,2027,33.81808703326123
GLOBAL,S3D2,PWRGEOKENXX01,GEOKENXX,2028,24.150945652194046
GLOBAL,S3D2,PWRGEOKENXX01,GEOKENXX,2029,41.13596216309107
GLOBAL,S3D2,PWRGEOKENXX01,GEOKENXX,2030,44.7900716670858
GLOBAL,S3D2,PWRGEOKENXX01,GEOKENXX,2031,23.01491942567551
GLOBAL,S3D2,PWRGEOKENXX01,GEOKENXX,2032,44.25659847843048
GLOBAL,S3D2,PWRGEOKENXX01,GEOKENXX,2033,47.94956637687401
GLOBAL,S3D2,PWRGEOKENXX01,GEOKENXX,2034,51.622534275317854
GLOBAL,S3D2,PWRGEOKENXX01,GEOKENXX,2035,61.04424645032595
GLOBAL,S3D2,PWRGEOKENXX01,GEOKENXX,2036,48.33169832297076
GLOBAL,S3D2,PWRGEOKENXX01,GEOKENXX,2037,51.951114961755934
GLOBAL,S3D2,PWRGEOKENXX01,GEOKENXX,2038,55.57691505140318
GLOBAL,S3D2,PWRGEOKENXX01,GEOKENXX,2039,59.19633169018836
GLOBAL,S3D2,PWRGEOKENXX01,GEOKENXX,2040,49.002053905463626
GLOBAL,S3D2,PWRGEOKENXX01,GEOKENXX,2041,67.32246463758412
GLOBAL,S3D2,PWRGEOKENXX01,GEOKENXX,2042,71.8164140444711
GLOBAL,S3D2,PWRGEOKENXX01,GEOKENXX,2043,80.56011122401479
GLOBAL,S3D2,PWRGEOKENXX01,GEOKENXX,2044,80.81707975996865
GLOBAL,S3D2,PWRGEOKENXX01,GEOKENXX,2045,85.31741261771742
GLOBAL,S3D2,PWRGEOKENXX01,GEOKENXX,2046,90.96038317977401
GLOBAL,S3D2,PWRGEOKENXX01,GEOKENXX,2047,101.51934014513446
GLOBAL,S3D2,PWRGEOKENXX01,GEOKENXX,2048,104.57161290674937
GLOBAL,S3D2,PWRGEOKENXX01,GEOKENXX,2049,114.94426516464968
GLOBAL,S3D2,PWRGEOKENXX01,GEOKENXX,2050,120.77875662934603
GLOBAL,S3D2,PWRGEOTZAXX01,GEOTZAXX,2021,24.231809870872407
GLOBAL,S3D2,PWRGEOTZAXX01,GEOTZAXX,2022,27.197990140652536
GLOBAL,S3D2,PWRGEOTZAXX01,GEOTZAXX,2023,30.00334988728236
GLOBAL,S3D2,PWRGEOTZAXX01,GEOTZAXX,2024,56.849276811925755
GLOBAL,S3D2,PWRGEOTZAXX01,GEOTZAXX,2025,65.4776542634014
GLOBAL,S3D2,PWRGEOTZAXX01,GEOTZAXX,2026,61.47401675952582
GLOBAL,S3D2,PWRGEOTZAXX01,GEOTZAXX,2027,66.59753035505938
GLOBAL,S3D2,PWRGEOTZAXX01,GEOTZAXX,2028,72.31077131265106
GLOBAL,S3D2,PWRGEOTZAXX01,GEOTZAXX,2029,77.6910615057518
GLOBAL,S3D2,PWRGEOTZAXX01,GEOTZAXX,2030,81.01186988217891
GLOBAL,S3D2,PWRGEOTZAXX01,GEOTZAXX,2031,77.803601940239
GLOBAL,S3D2,PWRGEOTZAXX01,GEOTZAXX,2032,83.54509107859137
GLOBAL,S3D2,PWRGEOTZAXX01,GEOTZAXX,2033,89.28658021694382
GLOBAL,S3D2,PWRGEOTZAXX01,GEOTZAXX,2034,96.46532991616131
GLOBAL,S3D2,PWRGEOTZAXX01,GEOTZAXX,2035,100.76196393129608
GLOBAL,S3D2,PWRGEOTZAXX01,GEOTZAXX,2036,91.59940567791936
GLOBAL,S3D2,PWRGEOTZAXX01,GEOTZAXX,2037,97.46167639850889
GLOBAL,S3D2,PWRGEOTZAXX01,GEOTZAXX,2038,103.3304825379619
GLOBAL,S3D2,PWRGEOTZAXX01,GEOTZAXX,2039,109.19928867741493
GLOBAL,S3D2,PWRGEOTZAXX01,GEOTZAXX,2040,115.06809481686793
GLOBAL,S3D2,PWRGEOTZAXX01,GEOTZAXX,2041,122.00217423107692
GLOBAL,S3D2,PWRGEOTZAXX01,GEOTZAXX,2042,77.48540813293921
GLOBAL,S3D2,PWRGEOTZAXX01,GEOTZAXX,2043,135.8703330594948
GLOBAL,S3D2,PWRGEOTZAXX01,GEOTZAXX,2044,142.81094789256733
GLOBAL,S3D2,PWRGEOTZAXX01,GEOTZAXX,2045,149.74502730677634
GLOBAL,S3D2,PWRGEOTZAXX01,GEOTZAXX,2046,158.35217395004983
GLOBAL,S3D2,PWRGEOTZAXX01,GEOTZAXX,2047,166.95932059332335
GLOBAL,S3D2,PWRGEOTZAXX01,GEOTZAXX,2048,175.56646723659682
GLOBAL,S3D2,PWRGEOTZAXX01,GEOTZAXX,2049,184.1670784610068
GLOBAL,S3D2,PWRGEOTZAXX01,GEOTZAXX,2050,192.7742251042804
GLOBAL,S3D2,PWRHYDKENXX01,HYDKENXX,2021,11.649235523588292
GLOBAL,S3D2,PWRHYDKENXX01,HYDKENXX,2022,11.4306372240516
GLOBAL,S3D2,PWRHYDKENXX01,HYDKENXX,2023,11.630138579987388
GLOBAL,S3D2,PWRHYDKENXX01,HYDKENXX,2024,14.42867806368
GLOBAL,S3D2,PWRHYDKENXX01,HYDKENXX,2025,13.888111180257482
GLOBAL,S3D2,PWRHYDKENXX01,HYDKENXX,2026,8.284523274211683
GLOBAL,S3D2,PWRHYDKENXX01,HYDKENXX,2027,14.42867806368
GLOBAL,S3D2,PWRHYDKENXX01,HYDKENXX,2028,14.42867806368
GLOBAL,S3D2,PWRHYDKENXX01,HYDKENXX,2029,14.42867806368
GLOBAL,S3D2,PWRHYDKENXX01,HYDKENXX,2030,14.42867806368
GLOBAL,S3D2,PWRHYDKENXX01,HYDKENXX,2031,14.42867806368
GLOBAL,S3D2,PWRHYDKENXX01,HYDKENXX,2032,14.42867806368
GLOBAL,S3D2,PWRHYDKENXX01,HYDKENXX,2033,14.42867806368
GLOBAL,S3D2,PWRHYDKENXX01,HYDKENXX,2034,14.42867806368
GLOBAL,S3D2,PWRHYDKENXX01,HYDKENXX,2035,8.672453200764204
GLOBAL,S3D2,PWRHYDKENXX01,HYDKENXX,2036,14.42867806368
GLOBAL,S3D2,PWRHYDKENXX01,HYDKENXX,2037,14.42867806368
GLOBAL,S3D2,PWRHYDKENXX01,HYDKENXX,2038,14.42867806368
GLOBAL,S3D2,PWRHYDKENXX01,HYDKENXX,2039,14.42867806368
GLOBAL,S3D2,PWRHYDKENXX01,HYDKENXX,2040,14.42867806368
GLOBAL,S3D2,PWRHYDKENXX01,HYDKENXX,2041,14.42867806368
GLOBAL,S3D2,PWRHYDKENXX01,HYDKENXX,2042,14.42867806368
GLOBAL,S3D2,PWRHYDKENXX01,HYDKENXX,2044,14.42867806368
GLOBAL,S3D2,PWRHYDKENXX01,HYDKENXX,2045,14.42867806368
GLOBAL,S3D2,PWRHYDKENXX01,HYDKENXX,2046,14.42867806368
GLOBAL,S3D2,PWRHYDKENXX01,HYDKENXX,2048,14.42867806368
GLOBAL,S3D2,PWRHYDTZAXX01,HYDTZAXX,2021,7.0200649728
GLOBAL,S3D2,PWRHYDTZAXX01,HYDTZAXX,2022,7.0200649728
GLOBAL,S3D2,PWRHYDTZAXX01,HYDTZAXX,2023,7.0200649728
GLOBAL,S3D2,PWRHYDTZAXX01,HYDTZAXX,2024,7.0200649728
GLOBAL,S3D2,PWRHYDTZAXX01,HYDTZAXX,2025,7.0200649728
GLOBAL,S3D2,PWRHYDTZAXX01,HYDTZAXX,2026,7.0200649728
GLOBAL,S3D2,PWRHYDTZAXX01,HYDTZAXX,2027,7.0200649728
GLOBAL,S3D2,PWRHYDTZAXX01,HYDTZAXX,2028,5.651789119706649
GLOBAL,S3D2,PWRHYDTZAXX01,HYDTZAXX,2029,7.0200649728
GLOBAL,S3D2,PWRHYDTZAXX01,HYDTZAXX,2030,7.0200649728
GLOBAL,S3D2,PWRHYDTZAXX01,HYDTZAXX,2031,7.0200649728
GLOBAL,S3D2,PWRHYDTZAXX01,HYDTZAXX,2032,7.0200649728
GLOBAL,S3D2,PWRHYDTZAXX01,HYDTZAXX,2033,7.0200649728
GLOBAL,S3D2,PWRHYDTZAXX01,HYDTZAXX,2035,7.0200649728
GLOBAL,S3D2,PWRHYDTZAXX01,HYDTZAXX,2036,7.0200649728
GLOBAL,S3D2,PWRHYDTZAXX01,HYDTZAXX,2037,7.0200649728
GLOBAL,S3D2,PWRHYDTZAXX01,HYDTZAXX,2038,7.0200649728
GLOBAL,S3D2,PWRHYDTZAXX01,HYDTZAXX,2039,7.0200649728
GLOBAL,S3D2,PWRHYDTZAXX01,HYDTZAXX,2040,7.0200649728
GLOBAL,S3D2,PWRHYDTZAXX01,HYDTZAXX,2041,7.0200649728
GLOBAL,S3D2,PWRHYDTZAXX01,HYDTZAXX,2042,7.0200649728
GLOBAL,S3D2,PWRHYDTZAXX01,HYDTZAXX,2043,7.0200649728
GLOBAL,S3D2,PWRHYDTZAXX01,HYDTZAXX,2044,7.0200649728
GLOBAL,S3D2,PWRHYDTZAXX01,HYDTZAXX,2045,7.0200649728
GLOBAL,S3D2,PWRHYDTZAXX01,HYDTZAXX,2046,7.0200649728
GLOBAL,S3D2,PWRHYDTZAXX01,HYDTZAXX,2047,7.0200649728
GLOBAL,S3D2,PWRHYDTZAXX01,HYDTZAXX,2048,7.0200649728
GLOBAL,S3D2,PWRHYDTZAXX01,HYDTZAXX,2049,7.0200649728
GLOBAL,S3D2,PWRHYDTZAXX01,HYDTZAXX,2050,7.0200649728
GLOBAL,S3D2,PWRSDSKENXX01,ELCKENXX01,2024,0.0010783999999999998
GLOBAL,S3D2,PWRSDSKENXX01,ELCKENXX01,2025,0.0010783999999999998
GLOBAL,S3D2,PWRSDSKENXX01,ELCKENXX01,2026,0.0189216
GLOBAL,S3D2,PWRSDSKENXX01,ELCKENXX01,2029,0.0010783999999999998
GLOBAL,S3D2,PWRSDSKENXX01,ELCKENXX01,2030,0.0010783999999999998
GLOBAL,S3D2,PWRSDSKENXX01,ELCKENXX01,2033,0.02
GLOBAL,S3D2,PWRSDSKENXX01,ELCKENXX01,2034,0.02
GLOBAL,S3D2,PWRSDSKENXX01,ELCKENXX01,2035,0.02
GLOBAL,S3D2,PWRSPVKENXX01,SPVKENXX,2021,1.0644241767160167
GLOBAL,S3D2,PWRSPVKENXX01,SPVKENXX,2022,1.5482533479505702
GLOBAL,S3D2,PWRSPVKENXX01,SPVKENXX,2023,1.3273573578649571
GLOBAL,S3D2,PWRSPVKENXX01,SPVKENXX,2024,1.7901679335678462
GLOBAL,S3D2,PWRSPVKENXX01,SPVKENXX,2025,1.7901679335678462
GLOBAL,S3D2,PWRSPVKENXX01,SPVKENXX,2026,12.000467980367688
GLOBAL,S3D2,PWRSPVKENXX01,SPVKENXX,2027,12.935227417126992
GLOBAL,S3D2,PWRSPVKENXX01,SPVKENXX,2028,13.869986853886296
GLOBAL,S3D2,PWRSPVKENXX01,SPVKENXX,2029,14.806940561623907
GLOBAL,S3D2,PWRSPVKENXX01,SPVKENXX,2030,15.741699998383217
GLOBAL,S3D2,PWRSPVKENXX01,SPVKENXX,2031,25.225339166631365
GLOBAL,S3D2,PWRSPVKENXX01,SPVKENXX,2032,26.841419742155377
GLOBAL,S3D2,PWRSPVKENXX01,SPVKENXX,2033,28.457500317679376
GLOBAL,S3D2,PWRSPVKENXX01,SPVKENXX,2034,30.073580893203395
GLOBAL,S3D2,PWRSPVKENXX01,SPVKENXX,2035,31.686370062259936
GLOBAL,S3D2,PWRSPVKENXX01,SPVKENXX,2036,44.74118524770471
GLOBAL,S3D2,PWRSPVKENXX01,SPVKENXX,2037,47.22948853710625
GLOBAL,S3D2,PWRSPVKENXX01,SPVKENXX,2038,49.7221803684644
GLOBAL,S3D2,PWRSPVKENXX01,SPVKENXX,2039,52.210483657865936
GLOBAL,S3D2,PWRSPVKENXX01,SPVKENXX,2040,54.70317548922406
GLOBAL,S3D2,PWRSPVKENXX01,SPVKENXX,2041,57.79709756863866
GLOBAL,S3D2,PWRSPVKENXX01,SPVKENXX,2042,60.886631106096665
GLOBAL,S3D2,PWRSPVKENXX01,SPVKENXX,2043,63.98055318551126
GLOBAL,S3D2,PWRSPVKENXX01,SPVKENXX,2044,67.07447526492585
GLOBAL,S3D2,PWRSPVKENXX01,SPVKENXX,2045,70.16839734434045
GLOBAL,S3D2,PWRSPVKENXX01,SPVKENXX,2046,74.0478684339894
GLOBAL,S3D2,PWRSPVKENXX01,SPVKENXX,2047,77.93172806559494
GLOBAL,S3D2,PWRSPVKENXX01,SPVKENXX,2048,81.8111991552439
GLOBAL,S3D2,PWRSPVKENXX01,SPVKENXX,2049,85.69067024489283
GLOBAL,S3D2,PWRSPVKENXX01,SPVKENXX,2050,89.57014133454179
GLOBAL,S3D2,PWRSPVTZAXX01,SPVTZAXX,2026,16.766241427458745
GLOBAL,S3D2,PWRSPVTZAXX01,SPVTZAXX,2027,18.088052501461807
GLOBAL,S3D2,PWRSPVTZAXX01,SPVTZAXX,2028,19.41198186244244
GLOBAL,S3D2,PWRSPVTZAXX01,SPVTZAXX,2029,20.73591122342308
GLOBAL,S3D2,PWRSPVTZAXX01,SPVTZAXX,2030,22.05984058440371
GLOBAL,S3D2,PWRSPVTZAXX01,SPVTZAXX,2031,35.48872087870247
GLOBAL,S3D2,PWRSPVTZAXX01,SPVTZAXX,2032,37.89085831126573
GLOBAL,S3D2,PWRSPVTZAXX01,SPVTZAXX,2033,40.292995743829
GLOBAL,S3D2,PWRSPVTZAXX01,SPVTZAXX,2034,42.69195574592591
GLOBAL,S3D2,PWRSPVTZAXX01,SPVTZAXX,2035,45.094093178489175
GLOBAL,S3D2,PWRSPVTZAXX01,SPVTZAXX,2036,63.92990098303286
GLOBAL,S3D2,PWRSPVTZAXX01,SPVTZAXX,2037,67.73010782079164
GLOBAL,S3D2,PWRSPVTZAXX01,SPVTZAXX,2038,71.5345512325056
GLOBAL,S3D2,PWRSPVTZAXX01,SPVTZAXX,2039,75.33899464421954
GLOBAL,S3D2,PWRSPVTZAXX01,SPVTZAXX,2040,79.1434380559335
GLOBAL,S3D2,PWRSPVTZAXX01,SPVTZAXX,2041,83.63844302233491
GLOBAL,S3D2,PWRSPVTZAXX01,SPVTZAXX,2042,88.13344798873638
GLOBAL,S3D2,PWRSPVTZAXX01,SPVTZAXX,2043,92.62845295513785
GLOBAL,S3D2,PWRSPVTZAXX01,SPVTZAXX,2044,97.1276944954944
GLOBAL,S3D2,PWRSPVTZAXX01,SPVTZAXX,2045,101.62269946189583
GLOBAL,S3D2,PWRSPVTZAXX01,SPVTZAXX,2046,107.20226736081264
GLOBAL,S3D2,PWRSPVTZAXX01,SPVTZAXX,2047,112.78183525972942
GLOBAL,S3D2,PWRSPVTZAXX01,SPVTZAXX,2048,118.36140315864624
GLOBAL,S3D2,PWRSPVTZAXX01,SPVTZAXX,2049,123.93673448360788
GLOBAL,S3D2,PWRSPVTZAXX01,SPVTZAXX,2050,129.51630238252466
GLOBAL,S3D2,PWRTRNKENXX,ELCKENXX01,2021,49.55116696588868
GLOBAL,S3D2,PWRTRNKENXX,ELCKENXX01,2022,51.70556552962297
GLOBAL,S3D2,PWRTRNKENXX,ELCKENXX01,2023,51.16604902126463
GLOBAL,S3D2,PWRTRNKENXX,ELCKENXX01,2024,58.24205976373523
GLOBAL,S3D2,PWRTRNKENXX,ELCKENXX01,2025,54.32315978456015
GLOBAL,S3D2,PWRTRNKENXX,ELCKENXX01,2026,58.91202872531419
GLOBAL,S3D2,PWRTRNKENXX,ELCKENXX01,2027,63.50089766606822
GLOBAL,S3D2,PWRTRNKENXX,ELCKENXX01,2028,68.08976660682227
GLOBAL,S3D2,PWRTRNKENXX,ELCKENXX01,2029,72.68940754039497
GLOBAL,S3D2,PWRTRNKENXX,ELCKENXX01,2030,77.27827648114902
GLOBAL,S3D2,PWRTRNKENXX,ELCKENXX01,2031,82.55655296229801
GLOBAL,S3D2,PWRTRNKENXX,ELCKENXX01,2032,87.84560143626571
GLOBAL,S3D2,PWRTRNKENXX,ELCKENXX01,2033,93.1346499102334
GLOBAL,S3D2,PWRTRNKENXX,ELCKENXX01,2034,98.42369838420109
GLOBAL,S3D2,PWRTRNKENXX,ELCKENXX01,2035,103.7019748653501
GLOBAL,S3D2,PWRTRNKENXX,ELCKENXX01,2036,109.82046678635548
GLOBAL,S3D2,PWRTRNKENXX,ELCKENXX01,2037,115.9281867145422
GLOBAL,S3D2,PWRTRNKENXX,ELCKENXX01,2038,122.04667863554758
GLOBAL,S3D2,PWRTRNKENXX,ELCKENXX01,2039,128.1543985637343
GLOBAL,S3D2,PWRTRNKENXX,ELCKENXX01,2040,134.2728904847397
GLOBAL,S3D2,PWRTRNKENXX,ELCKENXX01,2041,141.86714542190305
GLOBAL,S3D2,PWRTRNKENXX,ELCKENXX01,2042,149.45062836624777
GLOBAL,S3D2,PWRTRNKENXX,ELCKENXX01,2043,157.04488330341115
GLOBAL,S3D2,PWRTRNKENXX,ELCKENXX01,2044,164.6391382405745
GLOBAL,S3D2,PWRTRNKENXX,ELCKENXX01,2045,172.2333931777379
GLOBAL,S3D2,PWRTRNKENXX,ELCKENXX01,2046,181.75583482944344
GLOBAL,S3D2,PWRTRNKENXX,ELCKENXX01,2047,191.28904847396768
GLOBAL,S3D2,PWRTRNKENXX,ELCKENXX01,2048,200.8114901256733
GLOBAL,S3D2,PWRTRNKENXX,ELCKENXX01,2049,210.3339317773788
GLOBAL,S3D2,PWRTRNKENXX,ELCKENXX01,2050,219.8563734290844
GLOBAL,S3D2,PWRTRNTZAXX,ELCTZAXX01,2021,35.00805979325744
GLOBAL,S3D2,PWRTRNTZAXX,ELCTZAXX01,2022,38.23965763885888
GLOBAL,S3D2,PWRTRNTZAXX,ELCTZAXX01,2023,43.087971274685806
GLOBAL,S3D2,PWRTRNTZAXX,ELCTZAXX01,2024,73.22800718132855
GLOBAL,S3D2,PWRTRNTZAXX,ELCTZAXX01,2025,78.5278276481149
GLOBAL,S3D2,PWRTRNTZAXX,ELCTZAXX01,2026,85.26032315978455
GLOBAL,S3D2,PWRTRNTZAXX,ELCTZAXX01,2027,91.98204667863556
GLOBAL,S3D2,PWRTRNTZAXX,ELCTZAXX01,2028,98.7145421903052
GLOBAL,S3D2,PWRTRNTZAXX,ELCTZAXX01,2029,105.44703770197486
GLOBAL,S3D2,PWRTRNTZAXX,ELCTZAXX01,2030,112.17953321364452
GLOBAL,S3D2,PWRTRNTZAXX,ELCTZAXX01,2031,120.31238779174149
GLOBAL,S3D2,PWRTRNTZAXX,ELCTZAXX01,2032,128.4560143626571
GLOBAL,S3D2,PWRTRNTZAXX,ELCTZAXX01,2033,136.59964093357272
GLOBAL,S3D2,PWRTRNTZAXX,ELCTZAXX01,2034,144.73249551166967
GLOBAL,S3D2,PWRTRNTZAXX,ELCTZAXX01,2035,152.87612208258528
GLOBAL,S3D2,PWRTRNTZAXX,ELCTZAXX01,2036,162.54937163375226
GLOBAL,S3D2,PWRTRNTZAXX,ELCTZAXX01,2037,172.21184919210054
GLOBAL,S3D2,PWRTRNTZAXX,ELCTZAXX01,2038,181.88509874326752
GLOBAL,S3D2,PWRTRNTZAXX,ELCTZAXX01,2039,191.55834829443447
GLOBAL,S3D2,PWRTRNTZAXX,ELCTZAXX01,2040,201.23159784560144
GLOBAL,S3D2,PWRTRNTZAXX,ELCTZAXX01,2041,212.66068222621183
GLOBAL,S3D2,PWRTRNTZAXX,ELCTZAXX01,2042,224.08976660682225
GLOBAL,S3D2,PWRTRNTZAXX,ELCTZAXX01,2043,235.51885098743267
GLOBAL,S3D2,PWRTRNTZAXX,ELCTZAXX01,2044,246.95870736086172
GLOBAL,S3D2,PWRTRNTZAXX,ELCTZAXX01,2045,258.3877917414722
GLOBAL,S3D2,PWRTRNTZAXX,ELCTZAXX01,2046,272.57450628366246
GLOBAL,S3D2,PWRTRNTZAXX,ELCTZAXX01,2047,286.7612208258528
GLOBAL,S3D2,PWRTRNTZAXX,ELCTZAXX01,2048,300.9479353680431
GLOBAL,S3D2,PWRTRNTZAXX,ELCTZAXX01,2049,315.1238779174147
GLOBAL,S3D2,PWRTRNTZAXX,ELCTZAXX01,2050,329.31059245960506
GLOBAL,S3D2,PWRWONKENXX01,WONKENXX,2021,2.5133939712
GLOBAL,S3D2,PWRWONKENXX01,WONKENXX,2022,2.5133939712
GLOBAL,S3D2,PWRWONKENXX01,WONKENXX,2023,2.5133939712
GLOBAL,S3D2,PWRWONKENXX01,WONKENXX,2024,2.318905152
GLOBAL,S3D2,PWRWONKENXX01,WONKENXX,2025,2.318905152
GLOBAL,S3D2,PWRWONKENXX01,WONKENXX,2026,2.318905152
GLOBAL,S3D2,PWRWONKENXX01,WONKENXX,2027,2.318905152
GLOBAL,S3D2,PWRWONKENXX01,WONKENXX,2028,2.318905152
GLOBAL,S3D2,PWRWONKENXX01,WONKENXX,2029,2.318905152
GLOBAL,S3D2,PWRWONKENXX01,WONKENXX,2030,2.318905152
GLOBAL,S3D2,PWRWONKENXX01,WONKENXX,2031,2.318905152
GLOBAL,S3D2,PWRWONKENXX01,WONKENXX,2032,2.318905152
GLOBAL,S3D2,PWRWONKENXX01,WONKENXX,2033,2.318905152
GLOBAL,S3D2,PWRWONKENXX01,WONKENXX,2034,2.318905152
GLOBAL,S3D2,PWRWONKENXX01,WONKENXX,2035,2.318905152
GLOBAL,S3D2,PWRWONKENXX01,WONKENXX,2036,2.318905152
GLOBAL,S3D2,PWRWONKENXX01,WONKENXX,2037,2.318905152
GLOBAL,S3D2,PWRWONKENXX01,WONKENXX,2038,2.318905152
GLOBAL,S3D2,PWRWONKENXX01,WONKENXX,2039,2.318905152
GLOBAL,S3D2,PWRWONKENXX01,WONKENXX,2040,2.318905152
GLOBAL,S3D2,PWRWONKENXX01,WONKENXX,2041,2.318905152
GLOBAL,S3D2,PWRWONKENXX01,WONKENXX,2042,2.318905152
GLOBAL,S3D2,PWRWONKENXX01,WONKENXX,2043,2.318905152
GLOBAL,S3D2,PWRWONKENXX01,WONKENXX,2044,2.318905152
GLOBAL,S3D2,PWRWONKENXX01,WONKENXX,2045,2.318905152
GLOBAL,S3D2,PWRWONKENXX01,WONKENXX,2046,2.318905152
GLOBAL,S3D2,PWRWONKENXX01,WONKENXX,2047,2.318905152
GLOBAL,S3D2,TRNKENXXTZAXX,ELCKENXX02,2023,0.5376827735087841
GLOBAL,S3D2,TRNKENXXTZAXX,ELCKENXX02,2024,5.4592949522451
GLOBAL,S3D2,TRNKENXXTZAXX,ELCTZAXX02,2021,0.5376827735087841
GLOBAL,S3D2,TRNKENXXTZAXX,ELCTZAXX02,2022,0.5376827735087841
GLOBAL,S3D3,PWRBIOKENXX01,BIOKENXX,2021,8.9688384
GLOBAL,S3D3,PWRBIOKENXX01,BIOKENXX,2022,8.9688384
GLOBAL,S3D3,PWRBIOKENXX01,BIOKENXX,2026,23.53422505338317
GLOBAL,S3D3,PWRBIOKENXX01,BIOKENXX,2027,26.46216438715232
GLOBAL,S3D3,PWRBIOTZAXX01,BIOTZAXX,2021,12.508095882118146
GLOBAL,S3D3,PWRBIOTZAXX01,BIOTZAXX,2022,17.918863797937707
GLOBAL,S3D3,PWRBIOTZAXX01,BIOTZAXX,2023,18.469627019515087
GLOBAL,S3D3,PWRBIOTZAXX01,BIOTZAXX,2024,15.105514797939705
GLOBAL,S3D3,PWRBIOTZAXX01,BIOTZAXX,2025,32.44476425661924
GLOBAL,S3D3,PWRBIOTZAXX01,BIOTZAXX,2027,49.83024265279891
GLOBAL,S3D3,PWRBIOTZAXX01,BIOTZAXX,2030,6.952233388292126
GLOBAL,S3D3,PWRBIOTZAXX01,BIOTZAXX,2034,18.56544879910951
GLOBAL,S3D3,PWRGEOKENXX01,GEOKENXX,2021,33.80599142017584
GLOBAL,S3D3,PWRGEOKENXX01,GEOKENXX,2022,35.695159112212274
GLOBAL,S3D3,PWRGEOKENXX01,GEOKENXX,2023,35.695159112212274
GLOBAL,S3D3,PWRGEOKENXX01,GEOKENXX,2024,34.730888814242284
GLOBAL,S3D3,PWRGEOKENXX01,GEOKENXX,2025,36.32705391873482
GLOBAL,S3D3,PWRGEOKENXX01,GEOKENXX,2026,23.202313107411072
GLOBAL,S3D3,PWRGEOKENXX01,GEOKENXX,2027,25.930937931099116
GLOBAL,S3D3,PWRGEOKENXX01,GEOKENXX,2028,37.97699328925598
GLOBAL,S3D3,PWRGEOKENXX01,GEOKENXX,2029,41.63968051509107
GLOBAL,S3D3,PWRGEOKENXX01,GEOKENXX,2030,45.293790019085804
GLOBAL,S3D3,PWRGEOKENXX01,GEOKENXX,2031,41.089505731986655
GLOBAL,S3D3,PWRGEOKENXX01,GEOKENXX,2032,44.76247363043032
GLOBAL,S3D3,PWRGEOKENXX01,GEOKENXX,2033,48.415441528874005
GLOBAL,S3D3,PWRGEOKENXX01,GEOKENXX,2034,52.08840942731768
GLOBAL,S3D3,PWRGEOKENXX01,GEOKENXX,2035,55.75389673941015
GLOBAL,S3D3,PWRGEOKENXX01,GEOKENXX,2036,48.83757347497076
GLOBAL,S3D3,PWRGEOKENXX01,GEOKENXX,2037,52.43699011375595
GLOBAL,S3D3,PWRGEOKENXX01,GEOKENXX,2038,56.062790203403175
GLOBAL,S3D3,PWRGEOKENXX01,GEOKENXX,2039,59.70220684218836
GLOBAL,S3D3,PWRGEOKENXX01,GEOKENXX,2040,63.32800693183562
GLOBAL,S3D3,PWRGEOKENXX01,GEOKENXX,2041,67.82833978958438
GLOBAL,S3D3,PWRGEOKENXX01,GEOKENXX,2042,72.32228919647109
GLOBAL,S3D3,PWRGEOKENXX01,GEOKENXX,2043,76.82262205421989
GLOBAL,S3D3,PWRGEOKENXX01,GEOKENXX,2044,81.30295491196865
GLOBAL,S3D3,PWRGEOKENXX01,GEOKENXX,2045,85.80328776971744
GLOBAL,S3D3,PWRGEOKENXX01,GEOKENXX,2046,91.44625833177402
GLOBAL,S3D3,PWRGEOKENXX01,GEOKENXX,2047,98.75653962968806
GLOBAL,S3D3,PWRGEOKENXX01,GEOKENXX,2048,104.57161290674937
GLOBAL,S3D3,PWRGEOKENXX01,GEOKENXX,2049,110.214583468806
GLOBAL,S3D3,PWRGEOKENXX01,GEOKENXX,2050,115.85755403086262
GLOBAL,S3D3,PWRGEOTZAXX01,GEOTZAXX,2021,24.231809870872407
GLOBAL,S3D3,PWRGEOTZAXX01,GEOTZAXX,2022,25.838552486498006
GLOBAL,S3D3,PWRGEOTZAXX01,GEOTZAXX,2023,30.00334988728236
GLOBAL,S3D3,PWRGEOTZAXX01,GEOTZAXX,2024,61.671751578516634
GLOBAL,S3D3,PWRGEOTZAXX01,GEOTZAXX,2025,61.764590225879694
GLOBAL,S3D3,PWRGEOTZAXX01,GEOTZAXX,2026,61.47401675952582
GLOBAL,S3D3,PWRGEOTZAXX01,GEOTZAXX,2027,51.9098923717014
GLOBAL,S3D3,PWRGEOTZAXX01,GEOTZAXX,2028,72.28249535506278
GLOBAL,S3D3,PWRGEOTZAXX01,GEOTZAXX,2029,77.6910615057518
GLOBAL,S3D3,PWRGEOTZAXX01,GEOTZAXX,2030,81.01186988217891
GLOBAL,S3D3,PWRGEOTZAXX01,GEOTZAXX,2031,77.803601940239
GLOBAL,S3D3,PWRGEOTZAXX01,GEOTZAXX,2032,83.54509107859137
GLOBAL,S3D3,PWRGEOTZAXX01,GEOTZAXX,2033,89.2865802169437
GLOBAL,S3D3,PWRGEOTZAXX01,GEOTZAXX,2034,96.46532991616131
GLOBAL,S3D3,PWRGEOTZAXX01,GEOTZAXX,2035,100.76196393129608
GLOBAL,S3D3,PWRGEOTZAXX01,GEOTZAXX,2036,91.59940567791936
GLOBAL,S3D3,PWRGEOTZAXX01,GEOTZAXX,2037,97.46167639850889
GLOBAL,S3D3,PWRGEOTZAXX01,GEOTZAXX,2038,103.3304825379619
GLOBAL,S3D3,PWRGEOTZAXX01,GEOTZAXX,2039,109.19928867741493
GLOBAL,S3D3,PWRGEOTZAXX01,GEOTZAXX,2040,115.06809481686793
GLOBAL,S3D3,PWRGEOTZAXX01,GEOTZAXX,2041,122.00217423107692
GLOBAL,S3D3,PWRGEOTZAXX01,GEOTZAXX,2042,128.93625364528586
GLOBAL,S3D3,PWRGEOTZAXX01,GEOTZAXX,2043,135.8703330594948
GLOBAL,S3D3,PWRGEOTZAXX01,GEOTZAXX,2044,142.81094789256733
GLOBAL,S3D3,PWRGEOTZAXX01,GEOTZAXX,2045,149.74502730677634
GLOBAL,S3D3,PWRGEOTZAXX01,GEOTZAXX,2046,158.35217395004983
GLOBAL,S3D3,PWRGEOTZAXX01,GEOTZAXX,2047,166.95932059332335
GLOBAL,S3D3,PWRGEOTZAXX01,GEOTZAXX,2048,175.56646723659682
GLOBAL,S3D3,PWRGEOTZAXX01,GEOTZAXX,2049,184.1670784610068
GLOBAL,S3D3,PWRGEOTZAXX01,GEOTZAXX,2050,192.7742251042804
GLOBAL,S3D3,PWRHYDKENXX01,HYDKENXX,2021,9.35654309478829
GLOBAL,S3D3,PWRHYDKENXX01,HYDKENXX,2022,10.580562174866326
GLOBAL,S3D3,PWRHYDKENXX01,HYDKENXX,2023,12.175686151187389
GLOBAL,S3D3,PWRHYDKENXX01,HYDKENXX,2024,14.42867806368
GLOBAL,S3D3,PWRHYDKENXX01,HYDKENXX,2025,14.372907932257482
GLOBAL,S3D3,PWRHYDKENXX01,HYDKENXX,2026,14.42867806368
GLOBAL,S3D3,PWRHYDKENXX01,HYDKENXX,2027,14.42867806368
GLOBAL,S3D3,PWRHYDKENXX01,HYDKENXX,2028,14.42867806368
GLOBAL,S3D3,PWRHYDKENXX01,HYDKENXX,2029,14.42867806368
GLOBAL,S3D3,PWRHYDKENXX01,HYDKENXX,2030,14.42867806368
GLOBAL,S3D3,PWRHYDKENXX01,HYDKENXX,2031,14.42867806368
GLOBAL,S3D3,PWRHYDKENXX01,HYDKENXX,2032,14.42867806368
GLOBAL,S3D3,PWRHYDKENXX01,HYDKENXX,2033,14.42867806368
GLOBAL,S3D3,PWRHYDKENXX01,HYDKENXX,2034,14.42867806368
GLOBAL,S3D3,PWRHYDKENXX01,HYDKENXX,2035,14.42867806368
GLOBAL,S3D3,PWRHYDKENXX01,HYDKENXX,2036,14.42867806368
GLOBAL,S3D3,PWRHYDKENXX01,HYDKENXX,2037,14.42867806368
GLOBAL,S3D3,PWRHYDKENXX01,HYDKENXX,2038,14.42867806368
GLOBAL,S3D3,PWRHYDKENXX01,HYDKENXX,2039,14.42867806368
GLOBAL,S3D3,PWRHYDKENXX01,HYDKENXX,2040,14.42867806368
GLOBAL,S3D3,PWRHYDKENXX01,HYDKENXX,2041,14.42867806368
GLOBAL,S3D3,PWRHYDKENXX01,HYDKENXX,2042,14.42867806368
GLOBAL,S3D3,PWRHYDKENXX01,HYDKENXX,2043,14.42867806368
GLOBAL,S3D3,PWRHYDKENXX01,HYDKENXX,2044,14.42867806368
GLOBAL,S3D3,PWRHYDKENXX01,HYDKENXX,2045,14.42867806368
GLOBAL,S3D3,PWRHYDKENXX01,HYDKENXX,2046,14.42867806368
GLOBAL,S3D3,PWRHYDKENXX01,HYDKENXX,2047,14.42867806368
GLOBAL,S3D3,PWRHYDKENXX01,HYDKENXX,2048,14.42867806368
GLOBAL,S3D3,PWRHYDKENXX01,HYDKENXX,2049,14.42867806368
GLOBAL,S3D3,PWRHYDKENXX01,HYDKENXX,2050,14.42867806368
GLOBAL,S3D3,PWRHYDTZAXX01,HYDTZAXX,2021,7.0200649728
GLOBAL,S3D3,PWRHYDTZAXX01,HYDTZAXX,2022,7.0200649728
GLOBAL,S3D3,PWRHYDTZAXX01,HYDTZAXX,2023,7.0200649728
GLOBAL,S3D3,PWRHYDTZAXX01,HYDTZAXX,2024,7.0200649728
GLOBAL,S3D3,PWRHYDTZAXX01,HYDTZAXX,2025,7.0200649728
GLOBAL,S3D3,PWRHYDTZAXX01,HYDTZAXX,2026,7.0200649728
GLOBAL,S3D3,PWRHYDTZAXX01,HYDTZAXX,2027,7.0200649728
GLOBAL,S3D3,PWRHYDTZAXX01,HYDTZAXX,2028,7.0200649728
GLOBAL,S3D3,PWRHYDTZAXX01,HYDTZAXX,2029,7.0200649728
GLOBAL,S3D3,PWRHYDTZAXX01,HYDTZAXX,2030,7.0200649728
GLOBAL,S3D3,PWRHYDTZAXX01,HYDTZAXX,2031,7.0200649728
GLOBAL,S3D3,PWRHYDTZAXX01,HYDTZAXX,2032,7.0200649728
GLOBAL,S3D3,PWRHYDTZAXX01,HYDTZAXX,2033,7.0200649728
GLOBAL,S3D3,PWRHYDTZAXX01,HYDTZAXX,2035,7.0200649728
GLOBAL,S3D3,PWRHYDTZAXX01,HYDTZAXX,2036,7.0200649728
GLOBAL,S3D3,PWRHYDTZAXX01,HYDTZAXX,2037,7.0200649728
GLOBAL,S3D3,PWRHYDTZAXX01,HYDTZAXX,2038,7.0200649728
GLOBAL,S3D3,PWRHYDTZAXX01,HYDTZAXX,2039,7.0200649728
GLOBAL,S3D3,PWRHYDTZAXX01,HYDTZAXX,2040,7.0200649728
GLOBAL,S3D3,PWRHYDTZAXX01,HYDTZAXX,2041,7.0200649728
GLOBAL,S3D3,PWRHYDTZAXX01,HYDTZAXX,2042,7.0200649728
GLOBAL,S3D3,PWRHYDTZAXX01,HYDTZAXX,2043,7.0200649728
GLOBAL,S3D3,PWRHYDTZAXX01,HYDTZAXX,2044,7.0200649728
GLOBAL,S3D3,PWRHYDTZAXX01,HYDTZAXX,2045,7.0200649728
GLOBAL,S3D3,PWRHYDTZAXX01,HYDTZAXX,2046,7.0200649728
GLOBAL,S3D3,PWRHYDTZAXX01,HYDTZAXX,2047,7.0200649728
GLOBAL,S3D3,PWRHYDTZAXX01,HYDTZAXX,2048,7.0200649728
GLOBAL,S3D3,PWRHYDTZAXX01,HYDTZAXX,2049,7.0200649728
GLOBAL,S3D3,PWRHYDTZAXX01,HYDTZAXX,2050,7.0200649728
GLOBAL,S3D3,PWRSDSKENXX01,ELCKENXX01,2021,0.0189216
GLOBAL,S3D3,PWRSDSKENXX01,ELCKENXX01,2022,0.0189216
GLOBAL,S3D3,PWRSDSKENXX01,ELCKENXX01,2023,0.0189216
GLOBAL,S3D3,PWRSDSKENXX01,ELCKENXX01,2027,0.0010783999999999998
GLOBAL,S3D3,PWRSDSKENXX01,ELCKENXX01,2028,0.0189216
GLOBAL,S3D3,PWRSDSKENXX01,ELCKENXX01,2029,0.0189216
GLOBAL,S3D3,PWRSDSKENXX01,ELCKENXX01,2030,0.0189216
GLOBAL,S3D3,PWRSDSKENXX01,ELCKENXX01,2031,0.02
GLOBAL,S3D3,PWRSDSKENXX01,ELCKENXX01,2032,0.02
GLOBAL,S3D3,PWRSDSKENXX01,ELCKENXX01,2036,0.02
GLOBAL,S3D3,PWRSDSKENXX01,ELCKENXX01,2039,0.02
GLOBAL,S3D3,PWRSDSKENXX01,ELCKENXX01,2040,0.02000000000000005
GLOBAL,S3D3,PWRSDSKENXX01,ELCKENXX01,2041,0.02
GLOBAL,S3D3,PWRSDSKENXX01,ELCKENXX01,2042,0.02
GLOBAL,S3D3,PWRSDSKENXX01,ELCKENXX01,2043,0.02
GLOBAL,S3D3,PWRSPVKENXX01,SPVKENXX,2021,1.0644241767160167
GLOBAL,S3D3,PWRSPVKENXX01,SPVKENXX,2022,1.54825334795057
GLOBAL,S3D3,PWRSPVKENXX01,SPVKENXX,2023,1.3273573578649571
GLOBAL,S3D3,PWRSPVKENXX01,SPVKENXX,2024,1.790167933567846
GLOBAL,S3D3,PWRSPVKENXX01,SPVKENXX,2025,1.790167933567846
GLOBAL,S3D3,PWRSPVKENXX01,SPVKENXX,2026,12.000467980367688
GLOBAL,S3D3,PWRSPVKENXX01,SPVKENXX,2027,12.935227417126992
GLOBAL,S3D3,PWRSPVKENXX01,SPVKENXX,2028,13.869986853886296
GLOBAL,S3D3,PWRSPVKENXX01,SPVKENXX,2029,14.806940561623907
GLOBAL,S3D3,PWRSPVKENXX01,SPVKENXX,2030,15.741699998383217
GLOBAL,S3D3,PWRSPVKENXX01,SPVKENXX,2031,25.225339166631365
GLOBAL,S3D3,PWRSPVKENXX01,SPVKENXX,2032,26.841419742155377
GLOBAL,S3D3,PWRSPVKENXX01,SPVKENXX,2033,28.457500317679376
GLOBAL,S3D3,PWRSPVKENXX01,SPVKENXX,2034,30.073580893203395
GLOBAL,S3D3,PWRSPVKENXX01,SPVKENXX,2035,31.686370062259936
GLOBAL,S3D3,PWRSPVKENXX01,SPVKENXX,2036,44.74118524770471
GLOBAL,S3D3,PWRSPVKENXX01,SPVKENXX,2037,47.22948853710625
GLOBAL,S3D3,PWRSPVKENXX01,SPVKENXX,2038,49.7221803684644
GLOBAL,S3D3,PWRSPVKENXX01,SPVKENXX,2039,52.210483657865936
GLOBAL,S3D3,PWRSPVKENXX01,SPVKENXX,2040,54.70317548922406
GLOBAL,S3D3,PWRSPVKENXX01,SPVKENXX,2041,57.79709756863866
GLOBAL,S3D3,PWRSPVKENXX01,SPVKENXX,2042,60.886631106096665
GLOBAL,S3D3,PWRSPVKENXX01,SPVKENXX,2043,63.98055318551126
GLOBAL,S3D3,PWRSPVKENXX01,SPVKENXX,2044,67.07447526492585
GLOBAL,S3D3,PWRSPVKENXX01,SPVKENXX,2045,70.16839734434045
GLOBAL,S3D3,PWRSPVKENXX01,SPVKENXX,2046,74.0478684339894
GLOBAL,S3D3,PWRSPVKENXX01,SPVKENXX,2047,77.93172806559494
GLOBAL,S3D3,PWRSPVKENXX01,SPVKENXX,2048,81.8111991552439
GLOBAL,S3D3,PWRSPVKENXX01,SPVKENXX,2049,85.69067024489283
GLOBAL,S3D3,PWRSPVKENXX01,SPVKENXX,2050,89.57014133454177
GLOBAL,S3D3,PWRSPVTZAXX01,SPVTZAXX,2026,16.766241427458745
GLOBAL,S3D3,PWRSPVTZAXX01,SPVTZAXX,2027,18.088052501461807
GLOBAL,S3D3,PWRSPVTZAXX01,SPVTZAXX,2028,19.41198186244244
GLOBAL,S3D3,PWRSPVTZAXX01,SPVTZAXX,2029,20.73591122342308
GLOBAL,S3D3,PWRSPVTZAXX01,SPVTZAXX,2030,22.05984058440371
GLOBAL,S3D3,PWRSPVTZAXX01,SPVTZAXX,2031,35.48872087870247
GLOBAL,S3D3,PWRSPVTZAXX01,SPVTZAXX,2032,37.89085831126573
GLOBAL,S3D3,PWRSPVTZAXX01,SPVTZAXX,2033,40.292995743829
GLOBAL,S3D3,PWRSPVTZAXX01,SPVTZAXX,2034,42.69195574592591
GLOBAL,S3D3,PWRSPVTZAXX01,SPVTZAXX,2035,45.094093178489175
GLOBAL,S3D3,PWRSPVTZAXX01,SPVTZAXX,2036,63.92990098303286
GLOBAL,S3D3,PWRSPVTZAXX01,SPVTZAXX,2037,67.73010782079164
GLOBAL,S3D3,PWRSPVTZAXX01,SPVTZAXX,2038,71.5345512325056
GLOBAL,S3D3,PWRSPVTZAXX01,SPVTZAXX,2039,75.33899464421954
GLOBAL,S3D3,PWRSPVTZAXX01,SPVTZAXX,2040,79.1434380559335
GLOBAL,S3D3,PWRSPVTZAXX01,SPVTZAXX,2041,83.63844302233491
GLOBAL,S3D3,PWRSPVTZAXX01,SPVTZAXX,2042,88.13344798873638
GLOBAL,S3D3,PWRSPVTZAXX01,SPVTZAXX,2043,92.62845295513785
GLOBAL,S3D3,PWRSPVTZAXX01,SPVTZAXX,2044,97.1276944954944
GLOBAL,S3D3,PWRSPVTZAXX01,SPVTZAXX,2045,101.62269946189583
GLOBAL,S3D3,PWRSPVTZAXX01,SPVTZAXX,2046,107.20226736081264
GLOBAL,S3D3,PWRSPVTZAXX01,SPVTZAXX,2047,112.78183525972942
GLOBAL,S3D3,PWRSPVTZAXX01,SPVTZAXX,2048,118.36140315864624
GLOBAL,S3D3,PWRSPVTZAXX01,SPVTZAXX,2049,123.93673448360788
GLOBAL,S3D3,PWRSPVTZAXX01,SPVTZAXX,2050,129.51630238252463
GLOBAL,S3D3,PWRTRNKENXX,ELCKENXX01,2021,49.55116696588868
GLOBAL,S3D3,PWRTRNKENXX,ELCKENXX01,2022,51.70556552962297
GLOBAL,S3D3,PWRTRNKENXX,ELCKENXX01,2023,51.16604902126463
GLOBAL,S3D3,PWRTRNKENXX,ELCKENXX01,2024,52.782764811490125
GLOBAL,S3D3,PWRTRNKENXX,ELCKENXX01,2025,54.32315978456015
GLOBAL,S3D3,PWRTRNKENXX,ELCKENXX01,2026,58.91202872531419
GLOBAL,S3D3,PWRTRNKENXX,ELCKENXX01,2027,63.50089766606822
GLOBAL,S3D3,PWRTRNKENXX,ELCKENXX01,2028,68.08976660682227
GLOBAL,S3D3,PWRTRNKENXX,ELCKENXX01,2029,72.68940754039497
GLOBAL,S3D3,PWRTRNKENXX,ELCKENXX01,2030,77.27827648114902
GLOBAL,S3D3,PWRTRNKENXX,ELCKENXX01,2031,82.55655296229801
GLOBAL,S3D3,PWRTRNKENXX,ELCKENXX01,2032,87.84560143626571
GLOBAL,S3D3,PWRTRNKENXX,ELCKENXX01,2033,93.1346499102334
GLOBAL,S3D3,PWRTRNKENXX,ELCKENXX01,2034,98.42369838420109
GLOBAL,S3D3,PWRTRNKENXX,ELCKENXX01,2035,103.7019748653501
GLOBAL,S3D3,PWRTRNKENXX,ELCKENXX01,2036,109.82046678635548
GLOBAL,S3D3,PWRTRNKENXX,ELCKENXX01,2037,115.9281867145422
GLOBAL,S3D3,PWRTRNKENXX,ELCKENXX01,2038,122.04667863554758
GLOBAL,S3D3,PWRTRNKENXX,ELCKENXX01,2039,128.1543985637343
GLOBAL,S3D3,PWRTRNKENXX,ELCKENXX01,2040,134.2728904847397
GLOBAL,S3D3,PWRTRNKENXX,ELCKENXX01,2041,141.86714542190305
GLOBAL,S3D3,PWRTRNKENXX,ELCKENXX01,2042,149.45062836624777
GLOBAL,S3D3,PWRTRNKENXX,ELCKENXX01,2043,157.04488330341115
GLOBAL,S3D3,PWRTRNKENXX,ELCKENXX01,2044,164.6391382405745
GLOBAL,S3D3,PWRTRNKENXX,ELCKENXX01,2045,172.2333931777379
GLOBAL,S3D3,PWRTRNKENXX,ELCKENXX01,2046,181.75583482944344
GLOBAL,S3D3,PWRTRNKENXX,ELCKENXX01,2047,191.28904847396768
GLOBAL,S3D3,PWRTRNKENXX,ELCKENXX01,2048,200.8114901256733
GLOBAL,S3D3,PWRTRNKENXX,ELCKENXX01,2049,210.3339317773788
GLOBAL,S3D3,PWRTRNKENXX,ELCKENXX01,2050,219.8563734290844
GLOBAL,S3D3,PWRTRNTZAXX,ELCTZAXX01,2021,35.00805979325744
GLOBAL,S3D3,PWRTRNTZAXX,ELCTZAXX01,2022,38.23965763885888
GLOBAL,S3D3,PWRTRNTZAXX,ELCTZAXX01,2023,43.087971274685806
GLOBAL,S3D3,PWRTRNTZAXX,ELCTZAXX01,2024,73.22800718132855
GLOBAL,S3D3,PWRTRNTZAXX,ELCTZAXX01,2025,78.5278276481149
GLOBAL,S3D3,PWRTRNTZAXX,ELCTZAXX01,2026,85.26032315978455
GLOBAL,S3D3,PWRTRNTZAXX,ELCTZAXX01,2027,91.98204667863556
GLOBAL,S3D3,PWRTRNTZAXX,ELCTZAXX01,2028,98.7145421903052
GLOBAL,S3D3,PWRTRNTZAXX,ELCTZAXX01,2029,105.44703770197486
GLOBAL,S3D3,PWRTRNTZAXX,ELCTZAXX01,2030,112.17953321364452
GLOBAL,S3D3,PWRTRNTZAXX,ELCTZAXX01,2031,120.31238779174149
GLOBAL,S3D3,PWRTRNTZAXX,ELCTZAXX01,2032,128.4560143626571
GLOBAL,S3D3,PWRTRNTZAXX,ELCTZAXX01,2033,136.59964093357272
GLOBAL,S3D3,PWRTRNTZAXX,ELCTZAXX01,2034,144.73249551166967
GLOBAL,S3D3,PWRTRNTZAXX,ELCTZAXX01,2035,152.87612208258528
GLOBAL,S3D3,PWRTRNTZAXX,ELCTZAXX01,2036,162.54937163375226
GLOBAL,S3D3,PWRTRNTZAXX,ELCTZAXX01,2037,172.21184919210054
GLOBAL,S3D3,PWRTRNTZAXX,ELCTZAXX01,2038,181.88509874326752
GLOBAL,S3D3,PWRTRNTZAXX,ELCTZAXX01,2039,191.55834829443447
GLOBAL,S3D3,PWRTRNTZAXX,ELCTZAXX01,2040,201.23159784560144
GLOBAL,S3D3,PWRTRNTZAXX,ELCTZAXX01,2041,212.66068222621183
GLOBAL,S3D3,PWRTRNTZAXX,ELCTZAXX01,2042,224.08976660682225
GLOBAL,S3D3,PWRTRNTZAXX,ELCTZAXX01,2043,235.51885098743267
GLOBAL,S3D3,PWRTRNTZAXX,ELCTZAXX01,2044,246.95870736086172
GLOBAL,S3D3,PWRTRNTZAXX,ELCTZAXX01,2045,258.3877917414722
GLOBAL,S3D3,PWRTRNTZAXX,ELCTZAXX01,2046,272.57450628366246
GLOBAL,S3D3,PWRTRNTZAXX,ELCTZAXX01,2047,286.7612208258528
GLOBAL,S3D3,PWRTRNTZAXX,ELCTZAXX01,2048,300.9479353680431
GLOBAL,S3D3,PWRTRNTZAXX,ELCTZAXX01,2049,315.1238779174147
GLOBAL,S3D3,PWRTRNTZAXX,ELCTZAXX01,2050,329.31059245960506
GLOBAL,S3D3,PWRWONKENXX01,WONKENXX,2021,1.986768
GLOBAL,S3D3,PWRWONKENXX01,WONKENXX,2022,0.5441506203852757
GLOBAL,S3D3,PWRWONKENXX01,WONKENXX,2023,1.986768
GLOBAL,S3D3,PWRWONKENXX01,WONKENXX,2024,1.83303
GLOBAL,S3D3,PWRWONKENXX01,WONKENXX,2025,1.83303
GLOBAL,S3D3,PWRWONKENXX01,WONKENXX,2026,1.83303
GLOBAL,S3D3,PWRWONKENXX01,WONKENXX,2027,1.83303
GLOBAL,S3D3,PWRWONKENXX01,WONKENXX,2028,1.83303
GLOBAL,S3D3,PWRWONKENXX01,WONKENXX,2029,1.83303
GLOBAL,S3D3,PWRWONKENXX01,WONKENXX,2030,1.83303
GLOBAL,S3D3,PWRWONKENXX01,WONKENXX,2031,1.83303
GLOBAL,S3D3,PWRWONKENXX01,WONKENXX,2032,1.83303
GLOBAL,S3D3,PWRWONKENXX01,WONKENXX,2033,1.83303
GLOBAL,S3D3,PWRWONKENXX01,WONKENXX,2034,1.83303
GLOBAL,S3D3,PWRWONKENXX01,WONKENXX,2035,1.83303
GLOBAL,S3D3,PWRWONKENXX01,WONKENXX,2036,1.83303
GLOBAL,S3D3,PWRWONKENXX01,WONKENXX,2037,1.83303
GLOBAL,S3D3,PWRWONKENXX01,WONKENXX,2038,1.83303
GLOBAL,S3D3,PWRWONKENXX01,WONKENXX,2039,1.83303
GLOBAL,S3D3,PWRWONKENXX01,WONKENXX,2040,1.83303
GLOBAL,S3D3,PWRWONKENXX01,WONKENXX,2041,1.83303
GLOBAL,S3D3,PWRWONKENXX01,WONKENXX,2042,1.83303
GLOBAL,S3D3,PWRWONKENXX01,WONKENXX,2043,1.83303
GLOBAL,S3D3,PWRWONKENXX01,WONKENXX,2044,1.83303
GLOBAL,S3D3,PWRWONKENXX01,WONKENXX,2045,1.83303
GLOBAL,S3D3,PWRWONKENXX01,WONKENXX,2046,1.83303
GLOBAL,S3D3,PWRWONKENXX01,WONKENXX,2047,0.17210271500467106
GLOBAL,S3D3,TRNKENXXTZAXX,ELCKENXX02,2023,0.5376827735087841
GLOBAL,S3D3,TRNKENXXTZAXX,ELCTZAXX02,2021,0.5376827735087841
GLOBAL,S3D3,TRNKENXXTZAXX,ELCTZAXX02,2022,0.5376827735087841
GLOBAL,S3D4,PWRBIOKENXX01,BIOKENXX,2021,8.9688384
GLOBAL,S3D4,PWRBIOKENXX01,BIOKENXX,2022,8.9688384
GLOBAL,S3D4,PWRBIOKENXX01,BIOKENXX,2023,8.9688384
GLOBAL,S3D4,PWRBIOKENXX01,BIOKENXX,2024,25.766588227127365
GLOBAL,S3D4,PWRBIOKENXX01,BIOKENXX,2025,29.448723439234232
GLOBAL,S3D4,PWRBIOKENXX01,BIOKENXX,2026,29.448723439234232
GLOBAL,S3D4,PWRBIOKENXX01,BIOKENXX,2027,38.24412990797479
GLOBAL,S3D4,PWRBIOKENXX01,BIOKENXX,2028,42.095152796795674
GLOBAL,S3D4,PWRBIOKENXX01,BIOKENXX,2029,45.84142461376943
GLOBAL,S3D4,PWRBIOKENXX01,BIOKENXX,2030,51.7207288753033
GLOBAL,S3D4,PWRBIOKENXX01,BIOKENXX,2031,55.51712724762322
GLOBAL,S3D4,PWRBIOKENXX01,BIOKENXX,2032,66.76392054012298
GLOBAL,S3D4,PWRBIOKENXX01,BIOKENXX,2033,71.6343923813196
GLOBAL,S3D4,PWRBIOKENXX01,BIOKENXX,2034,76.50486422251623
GLOBAL,S3D4,PWRBIOKENXX01,BIOKENXX,2035,87.27544790345009
GLOBAL,S3D4,PWRBIOKENXX01,BIOKENXX,2036,87.27544790345009
GLOBAL,S3D4,PWRBIOKENXX01,BIOKENXX,2037,103.45054259691175
GLOBAL,S3D4,PWRBIOKENXX01,BIOKENXX,2038,120.21172485499925
GLOBAL,S3D4,PWRBIOKENXX01,BIOKENXX,2039,129.2352331752089
GLOBAL,S3D4,PWRBIOKENXX01,BIOKENXX,2040,138.27034861214202
GLOBAL,S3D4,PWRBIOKENXX01,BIOKENXX,2041,149.33894697058892
GLOBAL,S3D4,PWRBIOKENXX01,BIOKENXX,2042,187.89822132391356
GLOBAL,S3D4,PWRBIOKENXX01,BIOKENXX,2043,196.9788524574733
GLOBAL,S3D4,PWRBIOKENXX01,BIOKENXX,2044,206.05948359103306
GLOBAL,S3D4,PWRBIOKENXX01,BIOKENXX,2045,215.14011472459262
GLOBAL,S3D4,PWRBIOKENXX01,BIOKENXX,2046,192.320100197953
GLOBAL,S3D4,PWRBIOKENXX01,BIOKENXX,2047,202.66349849830885
GLOBAL,S3D4,PWRBIOKENXX01,BIOKENXX,2048,214.80200948739434
GLOBAL,S3D4,PWRBIOKENXX01,BIOKENXX,2049,225.0627006710262
GLOBAL,S3D4,PWRBIOKENXX01,BIOKENXX,2050,235.3233918546585
GLOBAL,S3D4,PWRBIOTZAXX01,BIOTZAXX,2021,15.340280033475004
GLOBAL,S3D4,PWRBIOTZAXX01,BIOTZAXX,2022,17.918863797937707
GLOBAL,S3D4,PWRBIOTZAXX01,BIOTZAXX,2023,18.469627019515062
GLOBAL,S3D4,PWRBIOTZAXX01,BIOTZAXX,2024,18.469627019515062
GLOBAL,S3D4,PWRBIOTZAXX01,BIOTZAXX,2025,32.44476425661923
GLOBAL,S3D4,PWRBIOTZAXX01,BIOTZAXX,2026,32.44476425661923
GLOBAL,S3D4,PWRBIOTZAXX01,BIOTZAXX,2027,49.83024265279891
GLOBAL,S3D4,PWRBIOTZAXX01,BIOTZAXX,2028,52.00770070610228
GLOBAL,S3D4,PWRBIOTZAXX01,BIOTZAXX,2029,54.296800799423906
GLOBAL,S3D4,PWRBIOTZAXX01,BIOTZAXX,2030,78.57942695322195
GLOBAL,S3D4,PWRBIOTZAXX01,BIOTZAXX,2031,78.57942695322195
GLOBAL,S3D4,PWRBIOTZAXX01,BIOTZAXX,2032,105.82861924229266
GLOBAL,S3D4,PWRBIOTZAXX01,BIOTZAXX,2033,112.04513085114108
GLOBAL,S3D4,PWRBIOTZAXX01,BIOTZAXX,2034,118.25341956103664
GLOBAL,S3D4,PWRBIOTZAXX01,BIOTZAXX,2035,124.46993116988514
GLOBAL,S3D4,PWRBIOTZAXX01,BIOTZAXX,2036,124.46993116988514
GLOBAL,S3D4,PWRBIOTZAXX01,BIOTZAXX,2037,136.00539948641827
GLOBAL,S3D4,PWRBIOTZAXX01,BIOTZAXX,2038,140.52657188943238
GLOBAL,S3D4,PWRBIOTZAXX01,BIOTZAXX,2039,147.58697510859534
GLOBAL,S3D4,PWRBIOTZAXX01,BIOTZAXX,2040,154.64737832775828
GLOBAL,S3D4,PWRBIOTZAXX01,BIOTZAXX,2041,162.9893469419364
GLOBAL,S3D4,PWRBIOTZAXX01,BIOTZAXX,2042,171.33131555611425
GLOBAL,S3D4,PWRBIOTZAXX01,BIOTZAXX,2043,179.6732841702927
GLOBAL,S3D4,PWRBIOTZAXX01,BIOTZAXX,2044,188.02311514885727
GLOBAL,S3D4,PWRBIOTZAXX01,BIOTZAXX,2045,196.36508376303536
GLOBAL,S3D4,PWRBIOTZAXX01,BIOTZAXX,2046,206.71981766018254
GLOBAL,S3D4,PWRBIOTZAXX01,BIOTZAXX,2047,217.0745515573288
GLOBAL,S3D4,PWRBIOTZAXX01,BIOTZAXX,2048,227.42928545447563
GLOBAL,S3D4,PWRBIOTZAXX01,BIOTZAXX,2049,237.77615698723542
GLOBAL,S3D4,PWRBIOTZAXX01,BIOTZAXX,2050,248.13089088438176
GLOBAL,S3D4,PWRCCGTZAXX00,GASINT,2021,10.761479550535718
GLOBAL,S3D4,PWRCCGTZAXX00,GASINT,2022,10.834758863240731
GLOBAL,S3D4,PWRCCGTZAXX00,GASINT,2023,14.400053467511514
GLOBAL,S3D4,PWRCCGTZAXX00,GASINT,2024,16.20193536
GLOBAL,S3D4,PWRCCGTZAXX01,GASINT,2023,1.1158994448398403
GLOBAL,S3D4,PWRCCGTZAXX01,GASINT,2024,6.918853024727905
GLOBAL,S3D4,PWRCCGTZAXX01,GASINT,2025,7.892330348034504
GLOBAL,S3D4,PWRCCGTZAXX01,GASINT,2026,7.892330348034504
GLOBAL,S3D4,PWRCCGTZAXX01,GASINT,2027,7.892330348034504
GLOBAL,S3D4,PWRCCGTZAXX01,GASINT,2028,7.892330348034504
GLOBAL,S3D4,PWRCCGTZAXX01,GASINT,2029,7.892330348034504
GLOBAL,S3D4,PWRCCGTZAXX01,GASINT,2030,7.63736352505809
GLOBAL,S3D4,PWRCCGTZAXX01,GASINT,2031,7.830403530149215
GLOBAL,S3D4,PWRGEOKENXX01,GEOKENXX,2021,33.80599142017584
GLOBAL,S3D4,PWRGEOKENXX01,GEOKENXX,2022,35.695159112212274
GLOBAL,S3D4,PWRGEOKENXX01,GEOKENXX,2023,35.695159112212274
GLOBAL,S3D4,PWRGEOKENXX01,GEOKENXX,2024,35.69515911221227
GLOBAL,S3D4,PWRGEOKENXX01,GEOKENXX,2025,36.32705391873482
GLOBAL,S3D4,PWRGEOKENXX01,GEOKENXX,2026,36.32705391873482
GLOBAL,S3D4,PWRGEOKENXX01,GEOKENXX,2027,38.42504708566995
GLOBAL,S3D4,PWRGEOKENXX01,GEOKENXX,2028,42.07140964755498
GLOBAL,S3D4,PWRGEOKENXX01,GEOKENXX,2029,45.762341566122174
GLOBAL,S3D4,PWRGEOKENXX01,GEOKENXX,2030,48.782009654110695
GLOBAL,S3D4,PWRGEOKENXX01,GEOKENXX,2031,48.782009654110695
GLOBAL,S3D4,PWRGEOKENXX01,GEOKENXX,2032,50.548658236093054
GLOBAL,S3D4,PWRGEOKENXX01,GEOKENXX,2033,54.333130062158645
GLOBAL,S3D4,PWRGEOKENXX01,GEOKENXX,2034,58.117601888224286
GLOBAL,S3D4,PWRGEOKENXX01,GEOKENXX,2035,60.02410295188137
GLOBAL,S3D4,PWRGEOKENXX01,GEOKENXX,2036,60.338019275507385
GLOBAL,S3D4,PWRGEOKENXX01,GEOKENXX,2037,61.04424645032595
GLOBAL,S3D4,PWRGEOKENXX01,GEOKENXX,2038,61.57527611851569
GLOBAL,S3D4,PWRGEOKENXX01,GEOKENXX,2039,64.54466353803424
GLOBAL,S3D4,PWRGEOKENXX01,GEOKENXX,2040,67.52065106101969
GLOBAL,S3D4,PWRGEOKENXX01,GEOKENXX,2041,71.26056543922155
GLOBAL,S3D4,PWRGEOKENXX01,GEOKENXX,2042,66.29062556471565
GLOBAL,S3D4,PWRGEOKENXX01,GEOKENXX,2043,70.65964349509699
GLOBAL,S3D4,PWRGEOKENXX01,GEOKENXX,2044,75.02866142547833
GLOBAL,S3D4,PWRGEOKENXX01,GEOKENXX,2045,80.29048965801495
GLOBAL,S3D4,PWRGEOKENXX01,GEOKENXX,2046,95.70074857697124
GLOBAL,S3D4,PWRGEOKENXX01,GEOKENXX,2047,101.51934014513446
GLOBAL,S3D4,PWRGEOKENXX01,GEOKENXX,2048,109.10977369995324
GLOBAL,S3D4,PWRGEOKENXX01,GEOKENXX,2049,114.94426516464968
GLOBAL,S3D4,PWRGEOKENXX01,GEOKENXX,2050,120.77875662934603
GLOBAL,S3D4,PWRGEOTZAXX01,GEOTZAXX,2021,24.231809870872407
GLOBAL,S3D4,PWRGEOTZAXX01,GEOTZAXX,2022,27.197990140652536
GLOBAL,S3D4,PWRGEOTZAXX01,GEOTZAXX,2023,31.31486942391612
GLOBAL,S3D4,PWRGEOTZAXX01,GEOTZAXX,2024,61.671751578516634
GLOBAL,S3D4,PWRGEOTZAXX01,GEOTZAXX,2025,65.4776542634014
GLOBAL,S3D4,PWRGEOTZAXX01,GEOTZAXX,2026,65.4776542634014
GLOBAL,S3D4,PWRGEOTZAXX01,GEOTZAXX,2027,66.59753035505938
GLOBAL,S3D4,PWRGEOTZAXX01,GEOTZAXX,2028,72.31077131265107
GLOBAL,S3D4,PWRGEOTZAXX01,GEOTZAXX,2029,77.98976907670036
GLOBAL,S3D4,PWRGEOTZAXX01,GEOTZAXX,2030,81.01186988217891
GLOBAL,S3D4,PWRGEOTZAXX01,GEOTZAXX,2031,81.01186988217891
GLOBAL,S3D4,PWRGEOTZAXX01,GEOTZAXX,2032,84.5650361118056
GLOBAL,S3D4,PWRGEOTZAXX01,GEOTZAXX,2033,90.51912090074869
GLOBAL,S3D4,PWRGEOTZAXX01,GEOTZAXX,2034,96.4653299161613
GLOBAL,S3D4,PWRGEOTZAXX01,GEOTZAXX,2035,102.4194147051044
GLOBAL,S3D4,PWRGEOTZAXX01,GEOTZAXX,2036,100.53159740942142
GLOBAL,S3D4,PWRGEOTZAXX01,GEOTZAXX,2037,105.6826172645692
GLOBAL,S3D4,PWRGEOTZAXX01,GEOTZAXX,2038,112.9496366640308
GLOBAL,S3D4,PWRGEOTZAXX01,GEOTZAXX,2039,119.45412428687114
GLOBAL,S3D4,PWRGEOTZAXX01,GEOTZAXX,2040,125.95861190971148
GLOBAL,S3D4,PWRGEOTZAXX01,GEOTZAXX,2041,133.64375819905842
GLOBAL,S3D4,PWRGEOTZAXX01,GEOTZAXX,2042,141.32890448840544
GLOBAL,S3D4,PWRGEOTZAXX01,GEOTZAXX,2043,149.01405077775237
GLOBAL,S3D4,PWRGEOTZAXX01,GEOTZAXX,2044,156.70644037180188
GLOBAL,S3D4,PWRGEOTZAXX01,GEOTZAXX,2045,164.39158666114886
GLOBAL,S3D4,PWRGEOTZAXX01,GEOTZAXX,2046,173.93101895433435
GLOBAL,S3D4,PWRGEOTZAXX01,GEOTZAXX,2047,183.4704512475201
GLOBAL,S3D4,PWRGEOTZAXX01,GEOTZAXX,2048,193.00988354070563
GLOBAL,S3D4,PWRGEOTZAXX01,GEOTZAXX,2049,202.5420725291888
GLOBAL,S3D4,PWRGEOTZAXX01,GEOTZAXX,2050,212.0815048223745
GLOBAL,S3D4,PWRHYDKENXX01,HYDKENXX,2021,14.42867806368
GLOBAL,S3D4,PWRHYDKENXX01,HYDKENXX,2022,14.42867806368
GLOBAL,S3D4,PWRHYDKENXX01,HYDKENXX,2023,14.42867806368
GLOBAL,S3D4,PWRHYDKENXX01,HYDKENXX,2024,14.42867806368
GLOBAL,S3D4,PWRHYDKENXX01,HYDKENXX,2025,14.42867806368
GLOBAL,S3D4,PWRHYDKENXX01,HYDKENXX,2026,14.42867806368
GLOBAL,S3D4,PWRHYDKENXX01,HYDKENXX,2027,14.42867806368
GLOBAL,S3D4,PWRHYDKENXX01,HYDKENXX,2028,14.42867806368
GLOBAL,S3D4,PWRHYDKENXX01,HYDKENXX,2029,14.42867806368
GLOBAL,S3D4,PWRHYDKENXX01,HYDKENXX,2030,14.42867806368
GLOBAL,S3D4,PWRHYDKENXX01,HYDKENXX,2031,14.42867806368
GLOBAL,S3D4,PWRHYDKENXX01,HYDKENXX,2032,14.42867806368
GLOBAL,S3D4,PWRHYDKENXX01,HYDKENXX,2033,14.42867806368
GLOBAL,S3D4,PWRHYDKENXX01,HYDKENXX,2034,14.42867806368
GLOBAL,S3D4,PWRHYDKENXX01,HYDKENXX,2035,14.42867806368
GLOBAL,S3D4,PWRHYDKENXX01,HYDKENXX,2036,14.42867806368
GLOBAL,S3D4,PWRHYDKENXX01,HYDKENXX,2037,14.42867806368
GLOBAL,S3D4,PWRHYDKENXX01,HYDKENXX,2038,14.42867806368
GLOBAL,S3D4,PWRHYDKENXX01,HYDKENXX,2039,14.42867806368
GLOBAL,S3D4,PWRHYDKENXX01,HYDKENXX,2040,14.42867806368
GLOBAL,S3D4,PWRHYDKENXX01,HYDKENXX,2041,14.42867806368
GLOBAL,S3D4,PWRHYDKENXX01,HYDKENXX,2042,14.42867806368
GLOBAL,S3D4,PWRHYDKENXX01,HYDKENXX,2043,14.42867806368
GLOBAL,S3D4,PWRHYDKENXX01,HYDKENXX,2044,14.42867806368
GLOBAL,S3D4,PWRHYDKENXX01,HYDKENXX,2045,13.53586776152478
GLOBAL,S3D4,PWRHYDKENXX01,HYDKENXX,2046,14.42867806368
GLOBAL,S3D4,PWRHYDKENXX01,HYDKENXX,2047,14.42867806368
GLOBAL,S3D4,PWRHYDKENXX01,HYDKENXX,2048,14.42867806368
GLOBAL,S3D4,PWRHYDKENXX01,HYDKENXX,2049,14.42867806368
GLOBAL,S3D4,PWRHYDKENXX01,HYDKENXX,2050,14.42867806368
GLOBAL,S3D4,PWRHYDTZAXX01,HYDTZAXX,2021,7.0200649728
GLOBAL,S3D4,PWRHYDTZAXX01,HYDTZAXX,2022,7.0200649728
GLOBAL,S3D4,PWRHYDTZAXX01,HYDTZAXX,2023,7.0200649728
GLOBAL,S3D4,PWRHYDTZAXX01,HYDTZAXX,2024,7.0200649728
GLOBAL,S3D4,PWRHYDTZAXX01,HYDTZAXX,2025,7.0200649728
GLOBAL,S3D4,PWRHYDTZAXX01,HYDTZAXX,2026,7.0200649728
GLOBAL,S3D4,PWRHYDTZAXX01,HYDTZAXX,2027,7.0200649728
GLOBAL,S3D4,PWRHYDTZAXX01,HYDTZAXX,2028,7.0200649728
GLOBAL,S3D4,PWRHYDTZAXX01,HYDTZAXX,2029,7.0200649728
GLOBAL,S3D4,PWRHYDTZAXX01,HYDTZAXX,2030,7.0200649728
GLOBAL,S3D4,PWRHYDTZAXX01,HYDTZAXX,2031,7.0200649728
GLOBAL,S3D4,PWRHYDTZAXX01,HYDTZAXX,2032,7.0200649728
GLOBAL,S3D4,PWRHYDTZAXX01,HYDTZAXX,2033,7.0200649728
GLOBAL,S3D4,PWRHYDTZAXX01,HYDTZAXX,2034,7.0200649728
GLOBAL,S3D4,PWRHYDTZAXX01,HYDTZAXX,2035,7.0200649728
GLOBAL,S3D4,PWRHYDTZAXX01,HYDTZAXX,2036,7.0200649728
GLOBAL,S3D4,PWRHYDTZAXX01,HYDTZAXX,2037,7.0200649728
GLOBAL,S3D4,PWRHYDTZAXX01,HYDTZAXX,2038,7.0200649728
GLOBAL,S3D4,PWRHYDTZAXX01,HYDTZAXX,2039,7.0200649728
GLOBAL,S3D4,PWRHYDTZAXX01,HYDTZAXX,2040,7.0200649728
GLOBAL,S3D4,PWRHYDTZAXX01,HYDTZAXX,2041,7.0200649728
GLOBAL,S3D4,PWRHYDTZAXX01,HYDTZAXX,2042,7.0200649728
GLOBAL,S3D4,PWRHYDTZAXX01,HYDTZAXX,2043,7.0200649728
GLOBAL,S3D4,PWRHYDTZAXX01,HYDTZAXX,2044,7.0200649728
GLOBAL,S3D4,PWRHYDTZAXX01,HYDTZAXX,2045,7.0200649728
GLOBAL,S3D4,PWRHYDTZAXX01,HYDTZAXX,2046,7.0200649728
GLOBAL,S3D4,PWRHYDTZAXX01,HYDTZAXX,2047,7.0200649728
GLOBAL,S3D4,PWRHYDTZAXX01,HYDTZAXX,2048,7.0200649728
GLOBAL,S3D4,PWRHYDTZAXX01,HYDTZAXX,2049,7.0200649728
GLOBAL,S3D4,PWRHYDTZAXX01,HYDTZAXX,2050,7.0200649728
GLOBAL,S3D4,PWROCGTZAXX00,GASINT,2024,3.2796713398538015
GLOBAL,S3D4,PWROCGTZAXX00,GASINT,2025,5.54308272
GLOBAL,S3D4,PWROCGTZAXX00,GASINT,2026,4.345274519629791
GLOBAL,S3D4,PWROCGTZAXX00,GASINT,2027,5.54308272
GLOBAL,S3D4,PWROCGTZAXX00,GASINT,2028,5.54308272
GLOBAL,S3D4,PWROCGTZAXX00,GASINT,2029,5.54308272
GLOBAL,S3D4,PWROCGTZAXX01,GASINT,2025,9.833719898410585
GLOBAL,S3D4,PWROCGTZAXX01,GASINT,2027,0.42143036516818433
GLOBAL,S3D4,PWROCGTZAXX01,GASINT,2028,2.0257044298903093
GLOBAL,S3D4,PWROCGTZAXX01,GASINT,2029,3.632027121886744
GLOBAL,S3D4,PWROILKENXX01,OILINT,2021,10.055202418641079
GLOBAL,S3D4,PWROILKENXX01,OILINT,2022,11.087634868224656
GLOBAL,S3D4,PWROILKENXX01,OILINT,2023,7.242361509902228
GLOBAL,S3D4,PWROILKENXX01,OILINT,2026,0.04533888969007114
GLOBAL,S3D4,PWRSPVKENXX01,SPVKENXX,2021,0.556421184
GLOBAL,S3D4,PWRSPVKENXX01,SPVKENXX,2022,0.809339904
GLOBAL,S3D4,PWRSPVKENXX01,SPVKENXX,2023,0.935799264
GLOBAL,S3D4,PWRSPVKENXX01,SPVKENXX,2024,0.935799264
GLOBAL,S3D4,PWRSPVKENXX01,SPVKENXX,2025,0.935799264
GLOBAL,S3D4,PWRSPVKENXX01,SPVKENXX,2026,6.273170741753788
GLOBAL,S3D4,PWRSPVKENXX01,SPVKENXX,2027,6.76181048137476
GLOBAL,S3D4,PWRSPVKENXX01,SPVKENXX,2028,7.250450220995734
GLOBAL,S3D4,PWRSPVKENXX01,SPVKENXX,2029,7.740237002259015
GLOBAL,S3D4,PWRSPVKENXX01,SPVKENXX,2030,8.22887674187999
GLOBAL,S3D4,PWRSPVKENXX01,SPVKENXX,2031,13.186390719912517
GLOBAL,S3D4,PWRSPVKENXX01,SPVKENXX,2032,14.031186889468495
GLOBAL,S3D4,PWRSPVKENXX01,SPVKENXX,2033,14.875983059024476
GLOBAL,S3D4,PWRSPVKENXX01,SPVKENXX,2034,15.720779228580458
GLOBAL,S3D4,PWRSPVKENXX01,SPVKENXX,2035,16.563854835672984
GLOBAL,S3D4,PWRSPVKENXX01,SPVKENXX,2036,23.388179086553244
GLOBAL,S3D4,PWRSPVKENXX01,SPVKENXX,2037,24.688924308924577
GLOBAL,S3D4,PWRSPVKENXX01,SPVKENXX,2038,25.99196361458051
GLOBAL,S3D4,PWRSPVKENXX01,SPVKENXX,2039,27.29270883695184
GLOBAL,S3D4,PWRSPVKENXX01,SPVKENXX,2040,28.595748142607768
GLOBAL,S3D4,PWRSPVKENXX01,SPVKENXX,2041,30.213076858254656
GLOBAL,S3D4,PWRSPVKENXX01,SPVKENXX,2042,31.828111490616944
GLOBAL,S3D4,PWRSPVKENXX01,SPVKENXX,2043,33.44544020626383
GLOBAL,S3D4,PWRSPVKENXX01,SPVKENXX,2044,35.062768921910724
GLOBAL,S3D4,PWRSPVKENXX01,SPVKENXX,2045,36.680097637557616
GLOBAL,S3D4,PWRSPVKENXX01,SPVKENXX,2046,38.70806726114889
GLOBAL,S3D4,PWRSPVKENXX01,SPVKENXX,2047,40.738330968024776
GLOBAL,S3D4,PWRSPVKENXX01,SPVKENXX,2048,42.76630059161606
GLOBAL,S3D4,PWRSPVKENXX01,SPVKENXX,2049,44.79427021520733
GLOBAL,S3D4,PWRSPVKENXX01,SPVKENXX,2050,46.822239838798616
GLOBAL,S3D4,PWRSPVTZAXX01,SPVTZAXX,2026,11.725874095711346
GLOBAL,S3D4,PWRSPVTZAXX01,SPVTZAXX,2027,12.650314453983468
GLOBAL,S3D4,PWRSPVTZAXX01,SPVTZAXX,2028,13.576236287188728
GLOBAL,S3D4,PWRSPVTZAXX01,SPVTZAXX,2029,14.50215812039398
GLOBAL,S3D4,PWRSPVTZAXX01,SPVTZAXX,2030,15.428079953599232
GLOBAL,S3D4,PWRSPVTZAXX01,SPVTZAXX,2031,24.81989029216677
GLOBAL,S3D4,PWRSPVTZAXX01,SPVTZAXX,2032,26.49988286633439
GLOBAL,S3D4,PWRSPVTZAXX01,SPVTZAXX,2033,28.179875440502
GLOBAL,S3D4,PWRSPVTZAXX01,SPVTZAXX,2034,29.85764580226992
GLOBAL,S3D4,PWRSPVTZAXX01,SPVTZAXX,2035,31.537638376437528
GLOBAL,S3D4,PWRSPVTZAXX01,SPVTZAXX,2036,44.710913481815325
GLOBAL,S3D4,PWRSPVTZAXX01,SPVTZAXX,2037,47.36867951184769
GLOBAL,S3D4,PWRSPVTZAXX01,SPVTZAXX,2038,50.02940849174631
GLOBAL,S3D4,PWRSPVTZAXX01,SPVTZAXX,2039,52.69013747164493
GLOBAL,S3D4,PWRSPVTZAXX01,SPVTZAXX,2040,55.35086645154355
GLOBAL,S3D4,PWRSPVTZAXX01,SPVTZAXX,2041,58.49455625964203
GLOBAL,S3D4,PWRSPVTZAXX01,SPVTZAXX,2042,61.638246067740525
GLOBAL,S3D4,PWRSPVTZAXX01,SPVTZAXX,2043,64.781935875839
GLOBAL,S3D4,PWRSPVTZAXX01,SPVTZAXX,2044,67.92858863380373
GLOBAL,S3D4,PWRSPVTZAXX01,SPVTZAXX,2045,71.07227844190218
GLOBAL,S3D4,PWRSPVTZAXX01,SPVTZAXX,2046,74.97448341576242
GLOBAL,S3D4,PWRSPVTZAXX01,SPVTZAXX,2047,78.87668838962264
GLOBAL,S3D4,PWRSPVTZAXX01,SPVTZAXX,2048,82.77889336348287
GLOBAL,S3D4,PWRSPVTZAXX01,SPVTZAXX,2049,86.67813538747683
GLOBAL,S3D4,PWRSPVTZAXX01,SPVTZAXX,2050,90.5803403613371
GLOBAL,S3D4,PWRTRNKENXX,ELCKENXX01,2021,57.809694793536806
GLOBAL,S3D4,PWRTRNKENXX,ELCKENXX01,2022,60.32315978456015
GLOBAL,S3D4,PWRTRNKENXX,ELCKENXX01,2023,59.06642728904848
GLOBAL,S3D4,PWRTRNKENXX,ELCKENXX01,2024,61.57989228007182
GLOBAL,S3D4,PWRTRNKENXX,ELCKENXX01,2025,63.3770197486535
GLOBAL,S3D4,PWRTRNKENXX,ELCKENXX01,2026,68.73070017953322
GLOBAL,S3D4,PWRTRNKENXX,ELCKENXX01,2027,74.08438061041292
GLOBAL,S3D4,PWRTRNKENXX,ELCKENXX01,2028,79.43806104129263
GLOBAL,S3D4,PWRTRNKENXX,ELCKENXX01,2029,84.80430879712748
GLOBAL,S3D4,PWRTRNKENXX,ELCKENXX01,2030,90.15798922800718
GLOBAL,S3D4,PWRTRNKENXX,ELCKENXX01,2031,96.31597845601436
GLOBAL,S3D4,PWRTRNKENXX,ELCKENXX01,2032,102.48653500897666
GLOBAL,S3D4,PWRTRNKENXX,ELCKENXX01,2033,108.65709156193896
GLOBAL,S3D4,PWRTRNKENXX,ELCKENXX01,2034,114.82764811490128
GLOBAL,S3D4,PWRTRNKENXX,ELCKENXX01,2035,120.98563734290845
GLOBAL,S3D4,PWRTRNKENXX,ELCKENXX01,2036,128.12387791741472
GLOBAL,S3D4,PWRTRNKENXX,ELCKENXX01,2037,135.2495511669659
GLOBAL,S3D4,PWRTRNKENXX,ELCKENXX01,2038,142.38779174147217
GLOBAL,S3D4,PWRTRNKENXX,ELCKENXX01,2039,149.51346499102334
GLOBAL,S3D4,PWRTRNKENXX,ELCKENXX01,2040,156.65170556552962
GLOBAL,S3D4,PWRTRNKENXX,ELCKENXX01,2041,165.5116696588869
GLOBAL,S3D4,PWRTRNKENXX,ELCKENXX01,2042,174.35906642728906
GLOBAL,S3D4,PWRTRNKENXX,ELCKENXX01,2043,183.21903052064633
GLOBAL,S3D4,PWRTRNKENXX,ELCKENXX01,2044,192.0789946140036
GLOBAL,S3D4,PWRTRNKENXX,ELCKENXX01,2045,200.93895870736085
GLOBAL,S3D4,PWRTRNKENXX,ELCKENXX01,2046,212.04847396768403
GLOBAL,S3D4,PWRTRNKENXX,ELCKENXX01,2047,223.17055655296232
GLOBAL,S3D4,PWRTRNKENXX,ELCKENXX01,2048,234.28007181328547
GLOBAL,S3D4,PWRTRNKENXX,ELCKENXX01,2049,245.38958707360865
GLOBAL,S3D4,PWRTRNKENXX,ELCKENXX01,2050,256.4991023339318
GLOBAL,S3D4,PWRTRNTZAXX,ELCTZAXX01,2021,40.21543985637344
GLOBAL,S3D4,PWRTRNTZAXX,ELCTZAXX01,2022,43.98563734290844
GLOBAL,S3D4,PWRTRNTZAXX,ELCTZAXX01,2023,50.269299820466784
GLOBAL,S3D4,PWRTRNTZAXX,ELCTZAXX01,2024,85.43267504488331
GLOBAL,S3D4,PWRTRNTZAXX,ELCTZAXX01,2025,91.61579892280072
GLOBAL,S3D4,PWRTRNTZAXX,ELCTZAXX01,2026,99.47037701974864
GLOBAL,S3D4,PWRTRNTZAXX,ELCTZAXX01,2027,107.31238779174149
GLOBAL,S3D4,PWRTRNTZAXX,ELCTZAXX01,2028,115.1669658886894
GLOBAL,S3D4,PWRTRNTZAXX,ELCTZAXX01,2029,123.02154398563734
GLOBAL,S3D4,PWRTRNTZAXX,ELCTZAXX01,2030,130.87612208258528
GLOBAL,S3D4,PWRTRNTZAXX,ELCTZAXX01,2031,140.3644524236984
GLOBAL,S3D4,PWRTRNTZAXX,ELCTZAXX01,2032,149.86535008976662
GLOBAL,S3D4,PWRTRNTZAXX,ELCTZAXX01,2033,159.36624775583482
GLOBAL,S3D4,PWRTRNTZAXX,ELCTZAXX01,2034,168.85457809694796
GLOBAL,S3D4,PWRTRNTZAXX,ELCTZAXX01,2035,178.35547576301616
GLOBAL,S3D4,PWRTRNTZAXX,ELCTZAXX01,2036,189.64093357271096
GLOBAL,S3D4,PWRTRNTZAXX,ELCTZAXX01,2037,200.91382405745065
GLOBAL,S3D4,PWRTRNTZAXX,ELCTZAXX01,2038,212.19928186714543
GLOBAL,S3D4,PWRTRNTZAXX,ELCTZAXX01,2039,223.4847396768402
GLOBAL,S3D4,PWRTRNTZAXX,ELCTZAXX01,2040,234.770197486535
GLOBAL,S3D4,PWRTRNTZAXX,ELCTZAXX01,2041,248.10412926391385
GLOBAL,S3D4,PWRTRNTZAXX,ELCTZAXX01,2042,261.4380610412926
GLOBAL,S3D4,PWRTRNTZAXX,ELCTZAXX01,2043,274.77199281867144
GLOBAL,S3D4,PWRTRNTZAXX,ELCTZAXX01,2044,288.1184919210054
GLOBAL,S3D4,PWRTRNTZAXX,ELCTZAXX01,2045,301.4524236983842
GLOBAL,S3D4,PWRTRNTZAXX,ELCTZAXX01,2046,318.0035906642729
GLOBAL,S3D4,PWRTRNTZAXX,ELCTZAXX01,2047,334.55475763016153
GLOBAL,S3D4,PWRTRNTZAXX,ELCTZAXX01,2048,351.1059245960503
GLOBAL,S3D4,PWRTRNTZAXX,ELCTZAXX01,2049,367.64452423698384
GLOBAL,S3D4,PWRTRNTZAXX,ELCTZAXX01,2050,384.19569120287247
GLOBAL,S3D4,PWRWONKENXX01,WONKENXX,2021,2.5473014784
GLOBAL,S3D4,PWRWONKENXX01,WONKENXX,2022,2.5473014784
GLOBAL,S3D4,PWRWONKENXX01,WONKENXX,2023,2.5473014784
GLOBAL,S3D4,PWRWONKENXX01,WONKENXX,2024,2.350188864
GLOBAL,S3D4,PWRWONKENXX01,WONKENXX,2025,2.350188864
GLOBAL,S3D4,PWRWONKENXX01,WONKENXX,2026,2.350188864
GLOBAL,S3D4,PWRWONKENXX01,WONKENXX,2027,2.350188864
GLOBAL,S3D4,PWRWONKENXX01,WONKENXX,2028,2.350188864
GLOBAL,S3D4,PWRWONKENXX01,WONKENXX,2029,2.350188864
GLOBAL,S3D4,PWRWONKENXX01,WONKENXX,2030,2.350188864
GLOBAL,S3D4,PWRWONKENXX01,WONKENXX,2031,2.350188864
GLOBAL,S3D4,PWRWONKENXX01,WONKENXX,2032,2.350188864
GLOBAL,S3D4,PWRWONKENXX01,WONKENXX,2033,2.350188864
GLOBAL,S3D4,PWRWONKENXX01,WONKENXX,2034,2.350188864
GLOBAL,S3D4,PWRWONKENXX01,WONKENXX,2035,2.350188864
GLOBAL,S3D4,PWRWONKENXX01,WONKENXX,2036,2.350188864
GLOBAL,S3D4,PWRWONKENXX01,WONKENXX,2037,2.350188864
GLOBAL,S3D4,PWRWONKENXX01,WONKENXX,2038,2.350188864
GLOBAL,S3D4,PWRWONKENXX01,WONKENXX,2039,2.350188864
GLOBAL,S3D4,PWRWONKENXX01,WONKENXX,2040,2.350188864
GLOBAL,S3D4,PWRWONKENXX01,WONKENXX,2041,2.350188864
GLOBAL,S3D4,PWRWONKENXX01,WONKENXX,2042,2.350188864
GLOBAL,S3D4,PWRWONKENXX01,WONKENXX,2043,2.350188864
GLOBAL,S3D4,PWRWONKENXX01,WONKENXX,2044,2.350188864
GLOBAL,S3D4,PWRWONKENXX01,WONKENXX,2045,2.350188864
GLOBAL,S3D4,PWRWONKENXX01,WONKENXX,2046,2.350188864
GLOBAL,S3D4,PWRWONKENXX01,WONKENXX,2047,2.350188864
GLOBAL,S3D5,PWRBIOKENXX01,BIOKENXX,2024,25.766588227127365
GLOBAL,S3D5,PWRBIOKENXX01,BIOKENXX,2025,29.448723439234232
GLOBAL,S3D5,PWRBIOKENXX01,BIOKENXX,2026,29.448723439234232
GLOBAL,S3D5,PWRBIOKENXX01,BIOKENXX,2027,38.24412990797479
GLOBAL,S3D5,PWRBIOKENXX01,BIOKENXX,2028,42.095152796795674
GLOBAL,S3D5,PWRBIOKENXX01,BIOKENXX,2029,45.84142461376943
GLOBAL,S3D5,PWRBIOKENXX01,BIOKENXX,2030,51.7207288753033
GLOBAL,S3D5,PWRBIOKENXX01,BIOKENXX,2031,55.51712724762322
GLOBAL,S3D5,PWRBIOKENXX01,BIOKENXX,2032,66.76392054012298
GLOBAL,S3D5,PWRBIOKENXX01,BIOKENXX,2033,71.6343923813196
GLOBAL,S3D5,PWRBIOKENXX01,BIOKENXX,2034,76.50486422251623
GLOBAL,S3D5,PWRBIOKENXX01,BIOKENXX,2035,87.27544790345009
GLOBAL,S3D5,PWRBIOKENXX01,BIOKENXX,2036,87.27544790345009
GLOBAL,S3D5,PWRBIOKENXX01,BIOKENXX,2037,108.35001299043286
GLOBAL,S3D5,PWRBIOKENXX01,BIOKENXX,2038,138.03638711870133
GLOBAL,S3D5,PWRBIOKENXX01,BIOKENXX,2039,150.71253391258145
GLOBAL,S3D5,PWRBIOKENXX01,BIOKENXX,2040,163.40156103431062
GLOBAL,S3D5,PWRBIOKENXX01,BIOKENXX,2041,178.8304705182027
GLOBAL,S3D5,PWRBIOKENXX01,BIOKENXX,2042,187.89822132391356
GLOBAL,S3D5,PWRBIOKENXX01,BIOKENXX,2043,196.9788524574733
GLOBAL,S3D5,PWRBIOKENXX01,BIOKENXX,2044,206.05948359103306
GLOBAL,S3D5,PWRBIOKENXX01,BIOKENXX,2045,215.14011472459265
GLOBAL,S3D5,PWRBIOKENXX01,BIOKENXX,2046,226.52632454312732
GLOBAL,S3D5,PWRBIOKENXX01,BIOKENXX,2047,238.05023468951097
GLOBAL,S3D5,PWRBIOKENXX01,BIOKENXX,2048,250.60373300469874
GLOBAL,S3D5,PWRBIOKENXX01,BIOKENXX,2049,261.98994282323315
GLOBAL,S3D5,PWRBIOKENXX01,BIOKENXX,2050,273.3761526417676
GLOBAL,S3D5,PWRBIOTZAXX01,BIOTZAXX,2021,15.340280033475004
GLOBAL,S3D5,PWRBIOTZAXX01,BIOTZAXX,2022,17.918863797937707
GLOBAL,S3D5,PWRBIOTZAXX01,BIOTZAXX,2023,18.469627019515062
GLOBAL,S3D5,PWRBIOTZAXX01,BIOTZAXX,2024,18.469627019515062
GLOBAL,S3D5,PWRBIOTZAXX01,BIOTZAXX,2025,32.44476425661923
GLOBAL,S3D5,PWRBIOTZAXX01,BIOTZAXX,2026,32.44476425661923
GLOBAL,S3D5,PWRBIOTZAXX01,BIOTZAXX,2027,49.83024265279891
GLOBAL,S3D5,PWRBIOTZAXX01,BIOTZAXX,2028,52.00770070610228
GLOBAL,S3D5,PWRBIOTZAXX01,BIOTZAXX,2029,54.296800799423906
GLOBAL,S3D5,PWRBIOTZAXX01,BIOTZAXX,2030,78.57942695322195
GLOBAL,S3D5,PWRBIOTZAXX01,BIOTZAXX,2031,78.57942695322195
GLOBAL,S3D5,PWRBIOTZAXX01,BIOTZAXX,2032,105.82861924229266
GLOBAL,S3D5,PWRBIOTZAXX01,BIOTZAXX,2033,112.04513085114108
GLOBAL,S3D5,PWRBIOTZAXX01,BIOTZAXX,2034,118.25341956103664
GLOBAL,S3D5,PWRBIOTZAXX01,BIOTZAXX,2035,124.46993116988514
GLOBAL,S3D5,PWRBIOTZAXX01,BIOTZAXX,2036,124.46993116988514
GLOBAL,S3D5,PWRBIOTZAXX01,BIOTZAXX,2037,139.0524764657968
GLOBAL,S3D5,PWRBIOTZAXX01,BIOTZAXX,2038,140.52657188943238
GLOBAL,S3D5,PWRBIOTZAXX01,BIOTZAXX,2039,147.58697510859534
GLOBAL,S3D5,PWRBIOTZAXX01,BIOTZAXX,2040,154.64737832775828
GLOBAL,S3D5,PWRBIOTZAXX01,BIOTZAXX,2041,162.9893469419364
GLOBAL,S3D5,PWRBIOTZAXX01,BIOTZAXX,2042,171.33131555611425
GLOBAL,S3D5,PWRBIOTZAXX01,BIOTZAXX,2043,179.6732841702927
GLOBAL,S3D5,PWRBIOTZAXX01,BIOTZAXX,2044,188.02311514885727
GLOBAL,S3D5,PWRBIOTZAXX01,BIOTZAXX,2045,196.36508376303536
GLOBAL,S3D5,PWRBIOTZAXX01,BIOTZAXX,2046,206.71981766018254
GLOBAL,S3D5,PWRBIOTZAXX01,BIOTZAXX,2047,217.0745515573288
GLOBAL,S3D5,PWRBIOTZAXX01,BIOTZAXX,2048,227.42928545447563
GLOBAL,S3D5,PWRBIOTZAXX01,BIOTZAXX,2049,237.77615698723542
GLOBAL,S3D5,PWRBIOTZAXX01,BIOTZAXX,2050,248.13089088438176
GLOBAL,S3D5,PWRCCGTZAXX00,GASINT,2021,9.481718521240635
GLOBAL,S3D5,PWRCCGTZAXX00,GASINT,2022,9.55499783394565
GLOBAL,S3D5,PWRCCGTZAXX00,GASINT,2023,13.120292438216428
GLOBAL,S3D5,PWRCCGTZAXX01,GASINT,2023,1.1158994448398403
GLOBAL,S3D5,PWRCCGTZAXX01,GASINT,2024,6.918853024727905
GLOBAL,S3D5,PWRCCGTZAXX01,GASINT,2025,2.7850344580626833
GLOBAL,S3D5,PWRCCGTZAXX01,GASINT,2026,7.892330348034504
GLOBAL,S3D5,PWRCCGTZAXX01,GASINT,2027,7.892330348034504
GLOBAL,S3D5,PWRCCGTZAXX01,GASINT,2028,7.892330348034504
GLOBAL,S3D5,PWRCCGTZAXX01,GASINT,2029,7.892330348034504
GLOBAL,S3D5,PWRCCGTZAXX01,GASINT,2030,7.892330348034504
GLOBAL,S3D5,PWRCCGTZAXX01,GASINT,2031,15.61666863945275
GLOBAL,S3D5,PWRCCGTZAXX01,GASINT,2032,15.61666863945275
GLOBAL,S3D5,PWRCCGTZAXX01,GASINT,2033,15.61666863945275
GLOBAL,S3D5,PWRCCGTZAXX01,GASINT,2034,15.61666863945275
GLOBAL,S3D5,PWRCCGTZAXX01,GASINT,2035,15.61666863945275
GLOBAL,S3D5,PWRCCGTZAXX01,GASINT,2036,45.70794949309914
GLOBAL,S3D5,PWRCCGTZAXX01,GASINT,2037,45.70794949309914
GLOBAL,S3D5,PWRCCGTZAXX01,GASINT,2038,45.70794949309914
GLOBAL,S3D5,PWRCCGTZAXX01,GASINT,2039,45.70794949309914
GLOBAL,S3D5,PWRCCGTZAXX01,GASINT,2040,45.70794949309914
GLOBAL,S3D5,PWRCCGTZAXX01,GASINT,2041,45.70794949309914
GLOBAL,S3D5,PWRCCGTZAXX01,GASINT,2042,48.11170410805957
GLOBAL,S3D5,PWRCCGTZAXX01,GASINT,2043,51.363891290427055
GLOBAL,S3D5,PWRCCGTZAXX01,GASINT,2044,54.618767532836046
GLOBAL,S3D5,PWRCCGTZAXX01,GASINT,2045,57.87095471520387
GLOBAL,S3D5,PWRCCGTZAXX01,GASINT,2046,61.912871639293854
GLOBAL,S3D5,PWRCCGTZAXX01,GASINT,2047,65.95535465484309
GLOBAL,S3D5,PWRCCGTZAXX01,GASINT,2048,71.0848417331436
GLOBAL,S3D5,PWRCCGTZAXX01,GASINT,2049,75.12406959719254
GLOBAL,S3D5,PWRCCGTZAXX01,GASINT,2050,79.16598652128297
GLOBAL,S3D5,PWRGEOKENXX01,GEOKENXX,2021,33.80599142017584
GLOBAL,S3D5,PWRGEOKENXX01,GEOKENXX,2022,35.26726876105176
GLOBAL,S3D5,PWRGEOKENXX01,GEOKENXX,2023,34.190069479184615
GLOBAL,S3D5,PWRGEOKENXX01,GEOKENXX,2024,35.695159112212274
GLOBAL,S3D5,PWRGEOKENXX01,GEOKENXX,2025,36.32705391873482
GLOBAL,S3D5,PWRGEOKENXX01,GEOKENXX,2026,36.32705391873482
GLOBAL,S3D5,PWRGEOKENXX01,GEOKENXX,2027,38.42504708566995
GLOBAL,S3D5,PWRGEOKENXX01,GEOKENXX,2028,42.07140964755498
GLOBAL,S3D5,PWRGEOKENXX01,GEOKENXX,2029,45.762341566122174
GLOBAL,S3D5,PWRGEOKENXX01,GEOKENXX,2030,48.782009654110695
GLOBAL,S3D5,PWRGEOKENXX01,GEOKENXX,2031,48.782009654110695
GLOBAL,S3D5,PWRGEOKENXX01,GEOKENXX,2032,50.548658236093054
GLOBAL,S3D5,PWRGEOKENXX01,GEOKENXX,2033,54.333130062158645
GLOBAL,S3D5,PWRGEOKENXX01,GEOKENXX,2034,58.117601888224286
GLOBAL,S3D5,PWRGEOKENXX01,GEOKENXX,2035,61.04424645032595
GLOBAL,S3D5,PWRGEOKENXX01,GEOKENXX,2036,61.04424645032595
GLOBAL,S3D5,PWRGEOKENXX01,GEOKENXX,2037,61.04424645032595
GLOBAL,S3D5,PWRGEOKENXX01,GEOKENXX,2038,61.57527611851569
GLOBAL,S3D5,PWRGEOKENXX01,GEOKENXX,2039,64.54466353803424
GLOBAL,S3D5,PWRGEOKENXX01,GEOKENXX,2040,67.52065106101969
GLOBAL,S3D5,PWRGEOKENXX01,GEOKENXX,2041,71.26056543922155
GLOBAL,S3D5,PWRGEOKENXX01,GEOKENXX,2042,75.9070382798847
GLOBAL,S3D5,PWRGEOKENXX01,GEOKENXX,2043,80.5601112240148
GLOBAL,S3D5,PWRGEOKENXX01,GEOKENXX,2044,85.21318416814483
GLOBAL,S3D5,PWRGEOKENXX01,GEOKENXX,2045,89.86625711227488
GLOBAL,S3D5,PWRGEOKENXX01,GEOKENXX,2046,95.70074857697124
GLOBAL,S3D5,PWRGEOKENXX01,GEOKENXX,2047,101.51934014513446
GLOBAL,S3D5,PWRGEOKENXX01,GEOKENXX,2048,109.10977369995322
GLOBAL,S3D5,PWRGEOKENXX01,GEOKENXX,2049,114.94426516464968
GLOBAL,S3D5,PWRGEOKENXX01,GEOKENXX,2050,120.77875662934603
GLOBAL,S3D5,PWRGEOTZAXX01,GEOTZAXX,2021,24.231809870872407
GLOBAL,S3D5,PWRGEOTZAXX01,GEOTZAXX,2022,27.197990140652536
GLOBAL,S3D5,PWRGEOTZAXX01,GEOTZAXX,2023,31.31486942391612
GLOBAL,S3D5,PWRGEOTZAXX01,GEOTZAXX,2024,61.671751578516634
GLOBAL,S3D5,PWRGEOTZAXX01,GEOTZAXX,2025,65.4776542634014
GLOBAL,S3D5,PWRGEOTZAXX01,GEOTZAXX,2026,65.4776542634014
GLOBAL,S3D5,PWRGEOTZAXX01,GEOTZAXX,2027,66.59753035505938
GLOBAL,S3D5,PWRGEOTZAXX01,GEOTZAXX,2028,72.31077131265107
GLOBAL,S3D5,PWRGEOTZAXX01,GEOTZAXX,2029,77.98976907670036
GLOBAL,S3D5,PWRGEOTZAXX01,GEOTZAXX,2030,81.01186988217891
GLOBAL,S3D5,PWRGEOTZAXX01,GEOTZAXX,2031,81.01186988217891
GLOBAL,S3D5,PWRGEOTZAXX01,GEOTZAXX,2032,84.56503611180561
GLOBAL,S3D5,PWRGEOTZAXX01,GEOTZAXX,2033,90.51912090074872
GLOBAL,S3D5,PWRGEOTZAXX01,GEOTZAXX,2034,96.46532991616131
GLOBAL,S3D5,PWRGEOTZAXX01,GEOTZAXX,2035,102.41941470510444
GLOBAL,S3D5,PWRGEOTZAXX01,GEOTZAXX,2036,102.41941470510444
GLOBAL,S3D5,PWRGEOTZAXX01,GEOTZAXX,2037,105.6826172645692
GLOBAL,S3D5,PWRGEOTZAXX01,GEOTZAXX,2038,112.9496366640308
GLOBAL,S3D5,PWRGEOTZAXX01,GEOTZAXX,2039,119.45412428687112
GLOBAL,S3D5,PWRGEOTZAXX01,GEOTZAXX,2040,125.95861190971148
GLOBAL,S3D5,PWRGEOTZAXX01,GEOTZAXX,2041,133.64375819905842
GLOBAL,S3D5,PWRGEOTZAXX01,GEOTZAXX,2042,141.32890448840544
GLOBAL,S3D5,PWRGEOTZAXX01,GEOTZAXX,2043,149.01405077775237
GLOBAL,S3D5,PWRGEOTZAXX01,GEOTZAXX,2044,156.70644037180188
GLOBAL,S3D5,PWRGEOTZAXX01,GEOTZAXX,2045,164.39158666114886
GLOBAL,S3D5,PWRGEOTZAXX01,GEOTZAXX,2046,173.93101895433435
GLOBAL,S3D5,PWRGEOTZAXX01,GEOTZAXX,2047,183.4704512475201
GLOBAL,S3D5,PWRGEOTZAXX01,GEOTZAXX,2048,193.00988354070563
GLOBAL,S3D5,PWRGEOTZAXX01,GEOTZAXX,2049,202.5420725291888
GLOBAL,S3D5,PWRGEOTZAXX01,GEOTZAXX,2050,212.0815048223745
GLOBAL,S3D5,PWRHYDKENXX01,HYDKENXX,2021,13.73555684082163
GLOBAL,S3D5,PWRHYDKENXX01,HYDKENXX,2022,14.42867806368
GLOBAL,S3D5,PWRHYDKENXX01,HYDKENXX,2023,14.42867806368
GLOBAL,S3D5,PWRHYDKENXX01,HYDKENXX,2024,14.42867806368
GLOBAL,S3D5,PWRHYDKENXX01,HYDKENXX,2025,14.42867806368
GLOBAL,S3D5,PWRHYDKENXX01,HYDKENXX,2026,14.42867806368
GLOBAL,S3D5,PWRHYDKENXX01,HYDKENXX,2027,14.42867806368
GLOBAL,S3D5,PWRHYDKENXX01,HYDKENXX,2028,14.42867806368
GLOBAL,S3D5,PWRHYDKENXX01,HYDKENXX,2029,14.42867806368
GLOBAL,S3D5,PWRHYDKENXX01,HYDKENXX,2030,14.42867806368
GLOBAL,S3D5,PWRHYDKENXX01,HYDKENXX,2031,14.42867806368
GLOBAL,S3D5,PWRHYDKENXX01,HYDKENXX,2032,14.42867806368
GLOBAL,S3D5,PWRHYDKENXX01,HYDKENXX,2033,14.42867806368
GLOBAL,S3D5,PWRHYDKENXX01,HYDKENXX,2034,14.42867806368
GLOBAL,S3D5,PWRHYDKENXX01,HYDKENXX,2035,14.42867806368
GLOBAL,S3D5,PWRHYDKENXX01,HYDKENXX,2036,14.42867806368
GLOBAL,S3D5,PWRHYDKENXX01,HYDKENXX,2037,14.42867806368
GLOBAL,S3D5,PWRHYDKENXX01,HYDKENXX,2038,14.42867806368
GLOBAL,S3D5,PWRHYDKENXX01,HYDKENXX,2039,14.42867806368
GLOBAL,S3D5,PWRHYDKENXX01,HYDKENXX,2040,14.42867806368
GLOBAL,S3D5,PWRHYDKENXX01,HYDKENXX,2041,14.42867806368
GLOBAL,S3D5,PWRHYDKENXX01,HYDKENXX,2042,14.42867806368
GLOBAL,S3D5,PWRHYDKENXX01,HYDKENXX,2043,14.42867806368
GLOBAL,S3D5,PWRHYDKENXX01,HYDKENXX,2044,14.42867806368
GLOBAL,S3D5,PWRHYDKENXX01,HYDKENXX,2045,14.42867806368
GLOBAL,S3D5,PWRHYDKENXX01,HYDKENXX,2046,14.42867806368
GLOBAL,S3D5,PWRHYDKENXX01,HYDKENXX,2047,14.42867806368
GLOBAL,S3D5,PWRHYDKENXX01,HYDKENXX,2048,14.42867806368
GLOBAL,S3D5,PWRHYDKENXX01,HYDKENXX,2049,14.42867806368
GLOBAL,S3D5,PWRHYDKENXX01,HYDKENXX,2050,14.42867806368
GLOBAL,S3D5,PWRHYDTZAXX01,HYDTZAXX,2021,7.0200649728
GLOBAL,S3D5,PWRHYDTZAXX01,HYDTZAXX,2022,7.0200649728
GLOBAL,S3D5,PWRHYDTZAXX01,HYDTZAXX,2023,7.0200649728
GLOBAL,S3D5,PWRHYDTZAXX01,HYDTZAXX,2024,7.0200649728
GLOBAL,S3D5,PWRHYDTZAXX01,HYDTZAXX,2025,7.0200649728
GLOBAL,S3D5,PWRHYDTZAXX01,HYDTZAXX,2026,7.0200649728
GLOBAL,S3D5,PWRHYDTZAXX01,HYDTZAXX,2027,7.0200649728
GLOBAL,S3D5,PWRHYDTZAXX01,HYDTZAXX,2028,7.0200649728
GLOBAL,S3D5,PWRHYDTZAXX01,HYDTZAXX,2029,7.0200649728
GLOBAL,S3D5,PWRHYDTZAXX01,HYDTZAXX,2030,7.0200649728
GLOBAL,S3D5,PWRHYDTZAXX01,HYDTZAXX,2031,7.0200649728
GLOBAL,S3D5,PWRHYDTZAXX01,HYDTZAXX,2032,7.0200649728
GLOBAL,S3D5,PWRHYDTZAXX01,HYDTZAXX,2033,7.0200649728
GLOBAL,S3D5,PWRHYDTZAXX01,HYDTZAXX,2034,7.0200649728
GLOBAL,S3D5,PWRHYDTZAXX01,HYDTZAXX,2035,7.0200649728
GLOBAL,S3D5,PWRHYDTZAXX01,HYDTZAXX,2036,7.0200649728
GLOBAL,S3D5,PWRHYDTZAXX01,HYDTZAXX,2037,7.0200649728
GLOBAL,S3D5,PWRHYDTZAXX01,HYDTZAXX,2038,7.0200649728
GLOBAL,S3D5,PWRHYDTZAXX01,HYDTZAXX,2039,7.0200649728
GLOBAL,S3D5,PWRHYDTZAXX01,HYDTZAXX,2040,7.0200649728
GLOBAL,S3D5,PWRHYDTZAXX01,HYDTZAXX,2041,7.0200649728
GLOBAL,S3D5,PWRHYDTZAXX01,HYDTZAXX,2042,7.0200649728
GLOBAL,S3D5,PWRHYDTZAXX01,HYDTZAXX,2043,7.0200649728
GLOBAL,S3D5,PWRHYDTZAXX01,HYDTZAXX,2044,7.0200649728
GLOBAL,S3D5,PWRHYDTZAXX01,HYDTZAXX,2045,7.0200649728
GLOBAL,S3D5,PWRHYDTZAXX01,HYDTZAXX,2046,7.0200649728
GLOBAL,S3D5,PWRHYDTZAXX01,HYDTZAXX,2047,7.0200649728
GLOBAL,S3D5,PWRHYDTZAXX01,HYDTZAXX,2048,7.0200649728
GLOBAL,S3D5,PWRHYDTZAXX01,HYDTZAXX,2049,7.0200649728
GLOBAL,S3D5,PWRHYDTZAXX01,HYDTZAXX,2050,7.0200649728
GLOBAL,S3D5,PWROCGTZAXX00,GASINT,2026,5.54308272
GLOBAL,S3D5,PWROCGTZAXX00,GASINT,2027,5.54308272
GLOBAL,S3D5,PWROCGTZAXX00,GASINT,2028,5.54308272
GLOBAL,S3D5,PWROCGTZAXX00,GASINT,2029,5.54308272
GLOBAL,S3D5,PWROCGTZAXX00,GASINT,2030,5.54308272
GLOBAL,S3D5,PWROCGTZAXX00,GASINT,2031,5.54308272
GLOBAL,S3D5,PWROCGTZAXX00,GASINT,2032,5.54308272
GLOBAL,S3D5,PWROCGTZAXX00,GASINT,2033,5.54308272
GLOBAL,S3D5,PWROCGTZAXX00,GASINT,2034,5.54308272
GLOBAL,S3D5,PWROCGTZAXX00,GASINT,2035,5.54308272
GLOBAL,S3D5,PWROCGTZAXX00,GASINT,2036,5.54308272
GLOBAL,S3D5,PWROCGTZAXX00,GASINT,2037,5.54308272
GLOBAL,S3D5,PWROCGTZAXX00,GASINT,2038,5.54308272
GLOBAL,S3D5,PWROCGTZAXX00,GASINT,2039,5.54308272
GLOBAL,S3D5,PWROCGTZAXX00,GASINT,2040,5.54308272
GLOBAL,S3D5,PWROCGTZAXX00,GASINT,2041,5.54308272
GLOBAL,S3D5,PWROCGTZAXX00,GASINT,2042,5.54308272
GLOBAL,S3D5,PWROCGTZAXX01,GASINT,2026,22.102003532141172
GLOBAL,S3D5,PWROCGTZAXX01,GASINT,2027,25.585915160607122
GLOBAL,S3D5,PWROCGTZAXX01,GASINT,2028,29.075229857110312
GLOBAL,S3D5,PWROCGTZAXX01,GASINT,2029,32.56480839674297
GLOBAL,S3D5,PWROCGTZAXX01,GASINT,2030,24.69389577270891
GLOBAL,S3D5,PWROCGTZAXX01,GASINT,2031,51.98923217340316
GLOBAL,S3D5,PWROCGTZAXX01,GASINT,2032,45.50216933967674
GLOBAL,S3D5,PWROCGTZAXX01,GASINT,2033,50.200837948768594
GLOBAL,S3D5,PWROCGTZAXX01,GASINT,2034,54.89315769703451
GLOBAL,S3D5,PWROCGTZAXX01,GASINT,2035,56.78351350473372
GLOBAL,S3D5,PWROCGTZAXX01,GASINT,2036,63.77072705086496
GLOBAL,S3D5,PWROCGTZAXX01,GASINT,2037,72.47858423835885
GLOBAL,S3D5,PWROCGTZAXX01,GASINT,2038,71.44720117487589
GLOBAL,S3D5,PWROCGTZAXX01,GASINT,2039,76.64518765902066
GLOBAL,S3D5,PWROCGTZAXX01,GASINT,2040,81.84343798629467
GLOBAL,S3D5,PWROCGTZAXX01,GASINT,2041,87.9941902243638
GLOBAL,S3D5,PWROCGTZAXX01,GASINT,2042,93.72769410179845
GLOBAL,S3D5,PWROCGTZAXX01,GASINT,2043,103.9256720758214
GLOBAL,S3D5,PWROCGTZAXX01,GASINT,2044,108.45207769934304
GLOBAL,S3D5,PWROCGTZAXX01,GASINT,2045,112.97385949736584
GLOBAL,S3D5,PWROCGTZAXX01,GASINT,2046,118.58181810810002
GLOBAL,S3D5,PWROCGTZAXX01,GASINT,2047,124.18923190031441
GLOBAL,S3D5,PWROCGTZAXX01,GASINT,2048,129.3605432296803
GLOBAL,S3D5,PWROCGTZAXX01,GASINT,2049,134.96387801491545
GLOBAL,S3D5,PWROCGTZAXX01,GASINT,2050,140.5718366256494
GLOBAL,S3D5,PWRTRNKENXX,ELCKENXX01,2021,50.08884973939748
GLOBAL,S3D5,PWRTRNKENXX,ELCKENXX01,2022,52.24324830313176
GLOBAL,S3D5,PWRTRNKENXX,ELCKENXX01,2023,51.16604902126463
GLOBAL,S3D5,PWRTRNKENXX,ELCKENXX01,2024,60.809785256071834
GLOBAL,S3D5,PWRTRNKENXX,ELCKENXX01,2025,62.60691272465351
GLOBAL,S3D5,PWRTRNKENXX,ELCKENXX01,2026,62.60691272465351
GLOBAL,S3D5,PWRTRNKENXX,ELCKENXX01,2027,67.48826236903817
GLOBAL,S3D5,PWRTRNKENXX,ELCKENXX01,2028,72.35330306029691
GLOBAL,S3D5,PWRTRNKENXX,ELCKENXX01,2029,77.22976403486845
GLOBAL,S3D5,PWRTRNKENXX,ELCKENXX01,2030,82.12513816612719
GLOBAL,S3D5,PWRTRNKENXX,ELCKENXX01,2031,83.32744669610184
GLOBAL,S3D5,PWRTRNKENXX,ELCKENXX01,2032,88.65320707950816
GLOBAL,S3D5,PWRTRNKENXX,ELCKENXX01,2033,93.9789674629145
GLOBAL,S3D5,PWRTRNKENXX,ELCKENXX01,2034,99.3047278463208
GLOBAL,S3D5,PWRTRNKENXX,ELCKENXX01,2035,105.63978496568002
GLOBAL,S3D5,PWRTRNKENXX,ELCKENXX01,2036,109.82046678635548
GLOBAL,S3D5,PWRTRNKENXX,ELCKENXX01,2037,115.9281867145422
GLOBAL,S3D5,PWRTRNKENXX,ELCKENXX01,2038,122.23440299312648
GLOBAL,S3D5,PWRTRNKENXX,ELCKENXX01,2039,129.21522927146788
GLOBAL,S3D5,PWRTRNKENXX,ELCKENXX01,2040,136.20673170639293
GLOBAL,S3D5,PWRTRNKENXX,ELCKENXX01,2041,144.82921237696567
GLOBAL,S3D5,PWRTRNKENXX,ELCKENXX01,2042,152.34522661184113
GLOBAL,S3D5,PWRTRNKENXX,ELCKENXX01,2043,159.87191700330024
GLOBAL,S3D5,PWRTRNKENXX,ELCKENXX01,2044,167.39860739475938
GLOBAL,S3D5,PWRTRNKENXX,ELCKENXX01,2045,174.92529778621835
GLOBAL,S3D5,PWRTRNKENXX,ELCKENXX01,2046,184.3630202061472
GLOBAL,S3D5,PWRTRNKENXX,ELCKENXX01,2047,193.81141878265967
GLOBAL,S3D5,PWRTRNKENXX,ELCKENXX01,2048,202.8434305625885
GLOBAL,S3D5,PWRTRNKENXX,ELCKENXX01,2049,212.2811529825174
GLOBAL,S3D5,PWRTRNKENXX,ELCKENXX01,2050,221.71887540244617
GLOBAL,S3D5,PWRTRNTZAXX,ELCTZAXX01,2021,40.21543985637344
GLOBAL,S3D5,PWRTRNTZAXX,ELCTZAXX01,2022,43.98563734290844
GLOBAL,S3D5,PWRTRNTZAXX,ELCTZAXX01,2023,50.269299820466784
GLOBAL,S3D5,PWRTRNTZAXX,ELCTZAXX01,2024,85.43267504488331
GLOBAL,S3D5,PWRTRNTZAXX,ELCTZAXX01,2025,91.61579892280072
GLOBAL,S3D5,PWRTRNTZAXX,ELCTZAXX01,2026,99.47037701974864
GLOBAL,S3D5,PWRTRNTZAXX,ELCTZAXX01,2027,107.31238779174149
GLOBAL,S3D5,PWRTRNTZAXX,ELCTZAXX01,2028,115.1669658886894
GLOBAL,S3D5,PWRTRNTZAXX,ELCTZAXX01,2029,123.02154398563734
GLOBAL,S3D5,PWRTRNTZAXX,ELCTZAXX01,2030,130.87612208258528
GLOBAL,S3D5,PWRTRNTZAXX,ELCTZAXX01,2031,140.3644524236984
GLOBAL,S3D5,PWRTRNTZAXX,ELCTZAXX01,2032,149.86535008976662
GLOBAL,S3D5,PWRTRNTZAXX,ELCTZAXX01,2033,159.36624775583482
GLOBAL,S3D5,PWRTRNTZAXX,ELCTZAXX01,2034,168.85457809694796
GLOBAL,S3D5,PWRTRNTZAXX,ELCTZAXX01,2035,178.35547576301616
GLOBAL,S3D5,PWRTRNTZAXX,ELCTZAXX01,2036,193.9794506444565
GLOBAL,S3D5,PWRTRNTZAXX,ELCTZAXX01,2037,204.66969834616967
GLOBAL,S3D5,PWRTRNTZAXX,ELCTZAXX01,2038,212.19928186714543
GLOBAL,S3D5,PWRTRNTZAXX,ELCTZAXX01,2039,223.4847396768402
GLOBAL,S3D5,PWRTRNTZAXX,ELCTZAXX01,2040,234.770197486535
GLOBAL,S3D5,PWRTRNTZAXX,ELCTZAXX01,2041,248.10412926391385
GLOBAL,S3D5,PWRTRNTZAXX,ELCTZAXX01,2042,261.4380610412926
GLOBAL,S3D5,PWRTRNTZAXX,ELCTZAXX01,2043,274.77199281867144
GLOBAL,S3D5,PWRTRNTZAXX,ELCTZAXX01,2044,288.1184919210054
GLOBAL,S3D5,PWRTRNTZAXX,ELCTZAXX01,2045,301.4524236983842
GLOBAL,S3D5,PWRTRNTZAXX,ELCTZAXX01,2046,318.0035906642729
GLOBAL,S3D5,PWRTRNTZAXX,ELCTZAXX01,2047,334.55475763016153
GLOBAL,S3D5,PWRTRNTZAXX,ELCTZAXX01,2048,351.1059245960503
GLOBAL,S3D5,PWRTRNTZAXX,ELCTZAXX01,2049,367.64452423698384
GLOBAL,S3D5,PWRTRNTZAXX,ELCTZAXX01,2050,384.19569120287247
GLOBAL,S3D5,PWRWONKENXX01,WONKENXX,2021,2.5473014784
GLOBAL,S3D5,PWRWONKENXX01,WONKENXX,2022,2.5473014784
GLOBAL,S3D5,PWRWONKENXX01,WONKENXX,2023,2.5473014784
GLOBAL,S3D5,PWRWONKENXX01,WONKENXX,2024,2.531047824
GLOBAL,S3D5,PWRWONKENXX01,WONKENXX,2025,2.531047824
GLOBAL,S3D5,PWRWONKENXX01,WONKENXX,2026,2.531047824
GLOBAL,S3D5,PWRWONKENXX01,WONKENXX,2027,2.531047824
GLOBAL,S3D5,PWRWONKENXX01,WONKENXX,2028,2.531047824
GLOBAL,S3D5,PWRWONKENXX01,WONKENXX,2029,2.531047824
GLOBAL,S3D5,PWRWONKENXX01,WONKENXX,2030,2.531047824
GLOBAL,S3D5,PWRWONKENXX01,WONKENXX,2031,2.531047824
GLOBAL,S3D5,PWRWONKENXX01,WONKENXX,2032,2.531047824
GLOBAL,S3D5,PWRWONKENXX01,WONKENXX,2033,2.531047824
GLOBAL,S3D5,PWRWONKENXX01,WONKENXX,2034,2.531047824
GLOBAL,S3D5,PWRWONKENXX01,WONKENXX,2035,2.531047824
GLOBAL,S3D5,PWRWONKENXX01,WONKENXX,2036,2.531047824
GLOBAL,S3D5,PWRWONKENXX01,WONKENXX,2037,2.531047824
GLOBAL,S3D5,PWRWONKENXX01,WONKENXX,2038,2.531047824
GLOBAL,S3D5,PWRWONKENXX01,WONKENXX,2039,2.531047824
GLOBAL,S3D5,PWRWONKENXX01,WONKENXX,2040,2.531047824
GLOBAL,S3D5,PWRWONKENXX01,WONKENXX,2041,2.531047824
GLOBAL,S3D5,PWRWONKENXX01,WONKENXX,2042,2.531047824
GLOBAL,S3D5,PWRWONKENXX01,WONKENXX,2043,2.531047824
GLOBAL,S3D5,PWRWONKENXX01,WONKENXX,2044,2.531047824
GLOBAL,S3D5,PWRWONKENXX01,WONKENXX,2045,2.531047824
GLOBAL,S3D5,PWRWONKENXX01,WONKENXX,2046,2.531047824
GLOBAL,S3D5,PWRWONKENXX01,WONKENXX,2047,2.531047824
GLOBAL,S3D5,TRNKENXXTZAXX,ELCKENXX02,2021,0.5376827735087841
GLOBAL,S3D5,TRNKENXXTZAXX,ELCKENXX02,2022,0.5376827735087841
GLOBAL,S3D5,TRNKENXXTZAXX,ELCKENXX02,2023,0.5376827735087841
GLOBAL,S3D5,TRNKENXXTZAXX,ELCKENXX02,2024,8.027020444581701
GLOBAL,S3D5,TRNKENXXTZAXX,ELCKENXX02,2025,8.283752940093363
GLOBAL,S3D5,TRNKENXXTZAXX,ELCKENXX02,2026,3.6948839993393174
GLOBAL,S3D5,TRNKENXXTZAXX,ELCKENXX02,2027,3.987364702969944
GLOBAL,S3D5,TRNKENXXTZAXX,ELCKENXX02,2028,4.263536453474646
GLOBAL,S3D5,TRNKENXXTZAXX,ELCKENXX02,2029,4.540356494473484
GLOBAL,S3D5,TRNKENXXTZAXX,ELCKENXX02,2030,4.846861684978162
GLOBAL,S3D5,TRNKENXXTZAXX,ELCKENXX02,2031,0.7708937338038153
GLOBAL,S3D5,TRNKENXXTZAXX,ELCKENXX02,2032,0.8076056432424592
GLOBAL,S3D5,TRNKENXXTZAXX,ELCKENXX02,2033,0.8443175526811028
GLOBAL,S3D5,TRNKENXXTZAXX,ELCKENXX02,2034,0.8810294621197465
GLOBAL,S3D5,TRNKENXXTZAXX,ELCKENXX02,2035,1.937810100329928
GLOBAL,S3D5,TRNKENXXTZAXX,ELCKENXX02,2038,0.18772435757892003
GLOBAL,S3D5,TRNKENXXTZAXX,ELCKENXX02,2039,1.0608307077335812
GLOBAL,S3D5,TRNKENXXTZAXX,ELCKENXX02,2040,1.9338412216532568
GLOBAL,S3D5,TRNKENXXTZAXX,ELCKENXX02,2041,2.962066955062625
GLOBAL,S3D5,TRNKENXXTZAXX,ELCKENXX02,2042,2.894598245593367
GLOBAL,S3D5,TRNKENXXTZAXX,ELCKENXX02,2043,2.827033699889107
GLOBAL,S3D5,TRNKENXXTZAXX,ELCKENXX02,2044,2.759469154184847
GLOBAL,S3D5,TRNKENXXTZAXX,ELCKENXX02,2045,2.691904608480459
GLOBAL,S3D5,TRNKENXXTZAXX,ELCKENXX02,2046,2.607185376703786
GLOBAL,S3D5,TRNKENXXTZAXX,ELCKENXX02,2047,2.5223703086919995
GLOBAL,S3D5,TRNKENXXTZAXX,ELCKENXX02,2048,2.0319404369152805
GLOBAL,S3D5,TRNKENXXTZAXX,ELCKENXX02,2049,1.947221205138576
GLOBAL,S3D5,TRNKENXXTZAXX,ELCKENXX02,2050,1.8625019733617756
GLOBAL,S3D5,TRNKENXXTZAXX,ELCTZAXX02,2036,4.3385170717455575
GLOBAL,S3D5,TRNKENXXTZAXX,ELCTZAXX02,2037,3.7558742887190544
GLOBAL,S3D6,PWRBIOKENXX01,BIOKENXX,2023,8.9688384
GLOBAL,S3D6,PWRBIOKENXX01,BIOKENXX,2024,3.7504476448333004
GLOBAL,S3D6,PWRBIOKENXX01,BIOKENXX,2035,87.27544790345009
GLOBAL,S3D6,PWRBIOKENXX01,BIOKENXX,2036,87.27544790345009
GLOBAL,S3D6,PWRBIOKENXX01,BIOKENXX,2038,43.35869504551188
GLOBAL,S3D6,PWRBIOKENXX01,BIOKENXX,2039,108.64045920664707
GLOBAL,S3D6,PWRBIOKENXX01,BIOKENXX,2040,50.32786318949723
GLOBAL,S3D6,PWRBIOKENXX01,BIOKENXX,2041,22.07088562742682
GLOBAL,S3D6,PWRBIOKENXX01,BIOKENXX,2042,23.36390218701741
GLOBAL,S3D6,PWRBIOKENXX01,BIOKENXX,2043,25.787901202819608
GLOBAL,S3D6,PWRBIOKENXX01,BIOKENXX,2044,25.953608648697106
GLOBAL,S3D6,PWRBIOKENXX01,BIOKENXX,2045,27.248461879537007
GLOBAL,S3D6,PWRBIOKENXX01,BIOKENXX,2046,31.693359818833397
GLOBAL,S3D6,PWRBIOKENXX01,BIOKENXX,2047,238.05023468951097
GLOBAL,S3D6,PWRBIOKENXX01,BIOKENXX,2048,78.25598763956611
GLOBAL,S3D6,PWRBIOKENXX01,BIOKENXX,2049,261.98994282323315
GLOBAL,S3D6,PWRBIOKENXX01,BIOKENXX,2050,273.3761526417676
GLOBAL,S3D6,PWRBIOTZAXX01,BIOTZAXX,2021,15.340280033475004
GLOBAL,S3D6,PWRBIOTZAXX01,BIOTZAXX,2037,7.0103733560237895
GLOBAL,S3D6,PWRBIOTZAXX01,BIOTZAXX,2038,4.285812759407285
GLOBAL,S3D6,PWRBIOTZAXX01,BIOTZAXX,2039,147.58697510859542
GLOBAL,S3D6,PWRBIOTZAXX01,BIOTZAXX,2040,27.29196955789601
GLOBAL,S3D6,PWRBIOTZAXX01,BIOTZAXX,2041,27.072999739325756
GLOBAL,S3D6,PWRBIOTZAXX01,BIOTZAXX,2042,26.854029920755238
GLOBAL,S3D6,PWRBIOTZAXX01,BIOTZAXX,2043,3.258243742761095
GLOBAL,S3D6,PWRBIOTZAXX01,BIOTZAXX,2044,26.415883903012887
GLOBAL,S3D6,PWRBIOTZAXX01,BIOTZAXX,2045,2.8200977250183734
GLOBAL,S3D6,PWRBIOTZAXX01,BIOTZAXX,2046,25.92511083179745
GLOBAL,S3D6,PWRBIOTZAXX01,BIOTZAXX,2047,2.276491219727374
GLOBAL,S3D6,PWRBIOTZAXX01,BIOTZAXX,2048,25.381504326505922
GLOBAL,S3D6,PWRBIOTZAXX01,BIOTZAXX,2049,1.733091095037849
GLOBAL,S3D6,PWRBIOTZAXX01,BIOTZAXX,2050,1.461287842391925
GLOBAL,S3D6,PWRGEOKENXX01,GEOKENXX,2021,16.023191871903922
GLOBAL,S3D6,PWRGEOKENXX01,GEOKENXX,2022,17.459457581060118
GLOBAL,S3D6,PWRGEOKENXX01,GEOKENXX,2023,17.023008874999338
GLOBAL,S3D6,PWRGEOKENXX01,GEOKENXX,2024,32.09726338580988
GLOBAL,S3D6,PWRGEOKENXX01,GEOKENXX,2025,19.882365824693427
GLOBAL,S3D6,PWRGEOKENXX01,GEOKENXX,2026,22.941611785196123
GLOBAL,S3D6,PWRGEOKENXX01,GEOKENXX,2027,38.42504708566995
GLOBAL,S3D6,PWRGEOKENXX01,GEOKENXX,2028,30.96449967420151
GLOBAL,S3D6,PWRGEOKENXX01,GEOKENXX,2029,41.52249235317574
GLOBAL,S3D6,PWRGEOKENXX01,GEOKENXX,2030,35.18577695575268
GLOBAL,S3D6,PWRGEOKENXX01,GEOKENXX,2031,48.782009654110695
GLOBAL,S3D6,PWRGEOKENXX01,GEOKENXX,2032,42.230660259163805
GLOBAL,S3D6,PWRGEOKENXX01,GEOKENXX,2033,45.75669257514227
GLOBAL,S3D6,PWRGEOKENXX01,GEOKENXX,2034,49.28272489112072
GLOBAL,S3D6,PWRGEOKENXX01,GEOKENXX,2035,25.18276325087932
GLOBAL,S3D6,PWRGEOKENXX01,GEOKENXX,2036,29.26175786488292
GLOBAL,S3D6,PWRGEOKENXX01,GEOKENXX,2037,60.9523837780148
GLOBAL,S3D6,PWRGEOKENXX01,GEOKENXX,2038,61.57527611851569
GLOBAL,S3D6,PWRGEOKENXX01,GEOKENXX,2039,34.72329952347396
GLOBAL,S3D6,PWRGEOKENXX01,GEOKENXX,2040,67.52065106101969
GLOBAL,S3D6,PWRGEOKENXX01,GEOKENXX,2041,71.26056543922155
GLOBAL,S3D6,PWRGEOKENXX01,GEOKENXX,2042,75.9070382798847
GLOBAL,S3D6,PWRGEOKENXX01,GEOKENXX,2043,80.56011122401479
GLOBAL,S3D6,PWRGEOKENXX01,GEOKENXX,2044,85.21318416814483
GLOBAL,S3D6,PWRGEOKENXX01,GEOKENXX,2045,89.86625711227488
GLOBAL,S3D6,PWRGEOKENXX01,GEOKENXX,2046,95.70074857697124
GLOBAL,S3D6,PWRGEOKENXX01,GEOKENXX,2047,35.86060553445321
GLOBAL,S3D6,PWRGEOKENXX01,GEOKENXX,2048,109.10977369995324
GLOBAL,S3D6,PWRGEOKENXX01,GEOKENXX,2049,42.885733367051486
GLOBAL,S3D6,PWRGEOKENXX01,GEOKENXX,2050,45.630796846289456
GLOBAL,S3D6,PWRGEOTZAXX01,GEOTZAXX,2021,11.891178446464645
GLOBAL,S3D6,PWRGEOTZAXX01,GEOTZAXX,2022,18.65226771094218
GLOBAL,S3D6,PWRGEOTZAXX01,GEOTZAXX,2023,21.187127336115346
GLOBAL,S3D6,PWRGEOTZAXX01,GEOTZAXX,2024,41.79860648141903
GLOBAL,S3D6,PWRGEOTZAXX01,GEOTZAXX,2025,45.331820125943274
GLOBAL,S3D6,PWRGEOTZAXX01,GEOTZAXX,2026,49.820150467056365
GLOBAL,S3D6,PWRGEOTZAXX01,GEOTZAXX,2027,61.3213644524237
GLOBAL,S3D6,PWRGEOTZAXX01,GEOTZAXX,2028,58.789629820736806
GLOBAL,S3D6,PWRGEOTZAXX01,GEOTZAXX,2029,63.27796016184991
GLOBAL,S3D6,PWRGEOTZAXX01,GEOTZAXX,2030,67.76629050296303
GLOBAL,S3D6,PWRGEOTZAXX01,GEOTZAXX,2031,73.18819355502765
GLOBAL,S3D6,PWRGEOTZAXX01,GEOTZAXX,2032,78.61727793563804
GLOBAL,S3D6,PWRGEOTZAXX01,GEOTZAXX,2033,84.04636231624846
GLOBAL,S3D6,PWRGEOTZAXX01,GEOTZAXX,2034,89.4682653683131
GLOBAL,S3D6,PWRGEOTZAXX01,GEOTZAXX,2035,94.89734974892352
GLOBAL,S3D6,PWRGEOTZAXX01,GEOTZAXX,2036,101.34618278303482
GLOBAL,S3D6,PWRGEOTZAXX01,GEOTZAXX,2037,105.6826172645692
GLOBAL,S3D6,PWRGEOTZAXX01,GEOTZAXX,2038,112.9496366640308
GLOBAL,S3D6,PWRGEOTZAXX01,GEOTZAXX,2039,76.36508761129885
GLOBAL,S3D6,PWRGEOTZAXX01,GEOTZAXX,2040,125.95861190971148
GLOBAL,S3D6,PWRGEOTZAXX01,GEOTZAXX,2041,133.64375819905842
GLOBAL,S3D6,PWRGEOTZAXX01,GEOTZAXX,2042,141.32890448840544
GLOBAL,S3D6,PWRGEOTZAXX01,GEOTZAXX,2043,149.01405077775237
GLOBAL,S3D6,PWRGEOTZAXX01,GEOTZAXX,2044,156.70644037180188
GLOBAL,S3D6,PWRGEOTZAXX01,GEOTZAXX,2045,164.3915866611489
GLOBAL,S3D6,PWRGEOTZAXX01,GEOTZAXX,2046,173.93101895433432
GLOBAL,S3D6,PWRGEOTZAXX01,GEOTZAXX,2047,183.4704512475201
GLOBAL,S3D6,PWRGEOTZAXX01,GEOTZAXX,2048,193.00988354070563
GLOBAL,S3D6,PWRGEOTZAXX01,GEOTZAXX,2049,202.5420725291888
GLOBAL,S3D6,PWRGEOTZAXX01,GEOTZAXX,2050,212.0815048223745
GLOBAL,S3D6,PWRHYDKENXX01,HYDKENXX,2021,14.42867806368
GLOBAL,S3D6,PWRHYDKENXX01,HYDKENXX,2022,14.42867806368
GLOBAL,S3D6,PWRHYDKENXX01,HYDKENXX,2023,14.42867806368
GLOBAL,S3D6,PWRHYDKENXX01,HYDKENXX,2025,14.42867806368
GLOBAL,S3D6,PWRHYDKENXX01,HYDKENXX,2026,14.42867806368
GLOBAL,S3D6,PWRHYDKENXX01,HYDKENXX,2027,2.004488723708869
GLOBAL,S3D6,PWRHYDKENXX01,HYDKENXX,2028,14.42867806368
GLOBAL,S3D6,PWRHYDKENXX01,HYDKENXX,2029,5.032716705754237
GLOBAL,S3D6,PWRHYDKENXX01,HYDKENXX,2030,14.42867806368
GLOBAL,S3D6,PWRHYDKENXX01,HYDKENXX,2031,4.351296352754653
GLOBAL,S3D6,PWRHYDKENXX01,HYDKENXX,2032,14.42867806368
GLOBAL,S3D6,PWRHYDKENXX01,HYDKENXX,2033,14.42867806368
GLOBAL,S3D6,PWRHYDKENXX01,HYDKENXX,2034,14.42867806368
GLOBAL,S3D6,PWRHYDKENXX01,HYDKENXX,2035,14.42867806368
GLOBAL,S3D6,PWRHYDKENXX01,HYDKENXX,2036,14.42867806368
GLOBAL,S3D6,PWRHYDKENXX01,HYDKENXX,2037,14.42867806368
GLOBAL,S3D6,PWRHYDKENXX01,HYDKENXX,2038,4.1636743101219675
GLOBAL,S3D6,PWRHYDKENXX01,HYDKENXX,2039,14.42867806368
GLOBAL,S3D6,PWRHYDKENXX01,HYDKENXX,2040,4.1636743101219675
GLOBAL,S3D6,PWRHYDKENXX01,HYDKENXX,2041,14.42867806368
GLOBAL,S3D6,PWRHYDKENXX01,HYDKENXX,2042,14.42867806368
GLOBAL,S3D6,PWRHYDKENXX01,HYDKENXX,2043,14.42867806368
GLOBAL,S3D6,PWRHYDKENXX01,HYDKENXX,2044,14.42867806368
GLOBAL,S3D6,PWRHYDKENXX01,HYDKENXX,2045,14.42867806368
GLOBAL,S3D6,PWRHYDKENXX01,HYDKENXX,2046,13.53586776152478
GLOBAL,S3D6,PWRHYDKENXX01,HYDKENXX,2047,14.42867806368
GLOBAL,S3D6,PWRHYDKENXX01,HYDKENXX,2049,14.42867806368
GLOBAL,S3D6,PWRHYDKENXX01,HYDKENXX,2050,14.42867806368
GLOBAL,S3D6,PWRHYDTZAXX01,HYDTZAXX,2021,7.0200649728
GLOBAL,S3D6,PWRHYDTZAXX01,HYDTZAXX,2022,7.0200649728
GLOBAL,S3D6,PWRHYDTZAXX01,HYDTZAXX,2023,7.0200649728
GLOBAL,S3D6,PWRHYDTZAXX01,HYDTZAXX,2024,7.0200649728
GLOBAL,S3D6,PWRHYDTZAXX01,HYDTZAXX,2025,7.0200649728
GLOBAL,S3D6,PWRHYDTZAXX01,HYDTZAXX,2026,7.0200649728
GLOBAL,S3D6,PWRHYDTZAXX01,HYDTZAXX,2028,7.0200649728
GLOBAL,S3D6,PWRHYDTZAXX01,HYDTZAXX,2029,7.0200649728
GLOBAL,S3D6,PWRHYDTZAXX01,HYDTZAXX,2030,7.0200649728
GLOBAL,S3D6,PWRHYDTZAXX01,HYDTZAXX,2031,7.0200649728
GLOBAL,S3D6,PWRHYDTZAXX01,HYDTZAXX,2032,7.0200649728
GLOBAL,S3D6,PWRHYDTZAXX01,HYDTZAXX,2033,7.0200649728
GLOBAL,S3D6,PWRHYDTZAXX01,HYDTZAXX,2034,7.0200649728
GLOBAL,S3D6,PWRHYDTZAXX01,HYDTZAXX,2035,7.0200649728
GLOBAL,S3D6,PWRHYDTZAXX01,HYDTZAXX,2036,7.0200649728
GLOBAL,S3D6,PWRHYDTZAXX01,HYDTZAXX,2037,7.0200649728
GLOBAL,S3D6,PWRHYDTZAXX01,HYDTZAXX,2038,7.0200649728
GLOBAL,S3D6,PWRHYDTZAXX01,HYDTZAXX,2039,7.0200649728
GLOBAL,S3D6,PWRHYDTZAXX01,HYDTZAXX,2043,7.0200649728
GLOBAL,S3D6,PWRHYDTZAXX01,HYDTZAXX,2045,7.0200649728
GLOBAL,S3D6,PWRHYDTZAXX01,HYDTZAXX,2047,7.0200649728
GLOBAL,S3D6,PWRHYDTZAXX01,HYDTZAXX,2049,7.0200649728
GLOBAL,S3D6,PWRHYDTZAXX01,HYDTZAXX,2050,7.0200649728
GLOBAL,S3D6,PWRTRNKENXX,ELCKENXX01,2021,33.034111310592465
GLOBAL,S3D6,PWRTRNKENXX,ELCKENXX01,2022,34.47037701974865
GLOBAL,S3D6,PWRTRNKENXX,ELCKENXX01,2023,34.28992693867934
GLOBAL,S3D6,PWRTRNKENXX,ELCKENXX01,2024,35.18850987432675
GLOBAL,S3D6,PWRTRNKENXX,ELCKENXX01,2025,36.21543985637343
GLOBAL,S3D6,PWRTRNKENXX,ELCKENXX01,2026,39.27468581687613
GLOBAL,S3D6,PWRTRNKENXX,ELCKENXX01,2027,42.333931777378815
GLOBAL,S3D6,PWRTRNKENXX,ELCKENXX01,2028,45.39317773788151
GLOBAL,S3D6,PWRTRNKENXX,ELCKENXX01,2029,48.45960502692998
GLOBAL,S3D6,PWRTRNKENXX,ELCKENXX01,2030,51.51885098743268
GLOBAL,S3D6,PWRTRNKENXX,ELCKENXX01,2031,55.03770197486535
GLOBAL,S3D6,PWRTRNKENXX,ELCKENXX01,2032,58.56373429084381
GLOBAL,S3D6,PWRTRNKENXX,ELCKENXX01,2033,62.089766606822266
GLOBAL,S3D6,PWRTRNKENXX,ELCKENXX01,2034,65.61579892280072
GLOBAL,S3D6,PWRTRNKENXX,ELCKENXX01,2035,69.13464991023339
GLOBAL,S3D6,PWRTRNKENXX,ELCKENXX01,2036,73.21364452423698
GLOBAL,S3D6,PWRTRNKENXX,ELCKENXX01,2037,77.28545780969479
GLOBAL,S3D6,PWRTRNKENXX,ELCKENXX01,2038,81.36445242369838
GLOBAL,S3D6,PWRTRNKENXX,ELCKENXX01,2039,85.43626570915619
GLOBAL,S3D6,PWRTRNKENXX,ELCKENXX01,2040,89.5152603231598
GLOBAL,S3D6,PWRTRNKENXX,ELCKENXX01,2041,94.57809694793536
GLOBAL,S3D6,PWRTRNKENXX,ELCKENXX01,2042,99.63375224416515
GLOBAL,S3D6,PWRTRNKENXX,ELCKENXX01,2043,104.69658886894076
GLOBAL,S3D6,PWRTRNKENXX,ELCKENXX01,2044,109.75942549371634
GLOBAL,S3D6,PWRTRNKENXX,ELCKENXX01,2045,114.82226211849192
GLOBAL,S3D6,PWRTRNKENXX,ELCKENXX01,2046,121.1705565529623
GLOBAL,S3D6,PWRTRNKENXX,ELCKENXX01,2047,127.52603231597844
GLOBAL,S3D6,PWRTRNKENXX,ELCKENXX01,2048,133.87432675044883
GLOBAL,S3D6,PWRTRNKENXX,ELCKENXX01,2049,140.2226211849192
GLOBAL,S3D6,PWRTRNKENXX,ELCKENXX01,2050,146.57091561938958
GLOBAL,S3D6,PWRTRNTZAXX,ELCTZAXX01,2021,23.517934120007887
GLOBAL,S3D6,PWRTRNTZAXX,ELCTZAXX01,2022,25.672332683742177
GLOBAL,S3D6,PWRTRNTZAXX,ELCTZAXX01,2023,28.72531418312388
GLOBAL,S3D6,PWRTRNTZAXX,ELCTZAXX01,2024,48.81867145421903
GLOBAL,S3D6,PWRTRNTZAXX,ELCTZAXX01,2025,52.351885098743274
GLOBAL,S3D6,PWRTRNTZAXX,ELCTZAXX01,2026,56.840215439856365
GLOBAL,S3D6,PWRTRNTZAXX,ELCTZAXX01,2027,61.3213644524237
GLOBAL,S3D6,PWRTRNTZAXX,ELCTZAXX01,2028,65.8096947935368
GLOBAL,S3D6,PWRTRNTZAXX,ELCTZAXX01,2029,70.2980251346499
GLOBAL,S3D6,PWRTRNTZAXX,ELCTZAXX01,2030,74.78635547576302
GLOBAL,S3D6,PWRTRNTZAXX,ELCTZAXX01,2031,80.20825852782765
GLOBAL,S3D6,PWRTRNTZAXX,ELCTZAXX01,2032,85.63734290843804
GLOBAL,S3D6,PWRTRNTZAXX,ELCTZAXX01,2033,91.06642728904848
GLOBAL,S3D6,PWRTRNTZAXX,ELCTZAXX01,2034,96.4883303411131
GLOBAL,S3D6,PWRTRNTZAXX,ELCTZAXX01,2035,101.91741472172352
GLOBAL,S3D6,PWRTRNTZAXX,ELCTZAXX01,2036,108.36624775583482
GLOBAL,S3D6,PWRTRNTZAXX,ELCTZAXX01,2037,114.80789946140035
GLOBAL,S3D6,PWRTRNTZAXX,ELCTZAXX01,2038,121.25673249551166
GLOBAL,S3D6,PWRTRNTZAXX,ELCTZAXX01,2039,127.705565529623
GLOBAL,S3D6,PWRTRNTZAXX,ELCTZAXX01,2040,134.1543985637343
GLOBAL,S3D6,PWRTRNTZAXX,ELCTZAXX01,2041,141.7737881508079
GLOBAL,S3D6,PWRTRNTZAXX,ELCTZAXX01,2042,149.3931777378815
GLOBAL,S3D6,PWRTRNTZAXX,ELCTZAXX01,2043,157.0125673249551
GLOBAL,S3D6,PWRTRNTZAXX,ELCTZAXX01,2044,164.6391382405745
GLOBAL,S3D6,PWRTRNTZAXX,ELCTZAXX01,2045,172.25852782764807
GLOBAL,S3D6,PWRTRNTZAXX,ELCTZAXX01,2046,181.71633752244168
GLOBAL,S3D6,PWRTRNTZAXX,ELCTZAXX01,2047,191.1741472172352
GLOBAL,S3D6,PWRTRNTZAXX,ELCTZAXX01,2048,200.63195691202876
GLOBAL,S3D6,PWRTRNTZAXX,ELCTZAXX01,2049,210.08258527827647
GLOBAL,S3D6,PWRTRNTZAXX,ELCTZAXX01,2050,219.54039497307
GLOBAL,S3D6,PWRWONKENXX01,WONKENXX,2021,2.0641195008
GLOBAL,S3D6,PWRWONKENXX01,WONKENXX,2022,2.0641195008
GLOBAL,S3D6,PWRWONKENXX01,WONKENXX,2024,1.904395968
GLOBAL,S3D6,PWRWONKENXX01,WONKENXX,2025,1.904395968
GLOBAL,S3D6,PWRWONKENXX01,WONKENXX,2026,1.904395968
GLOBAL,S3D6,PWRWONKENXX01,WONKENXX,2027,1.904395968
GLOBAL,S3D6,PWRWONKENXX01,WONKENXX,2029,1.904395968
GLOBAL,S3D6,PWRWONKENXX01,WONKENXX,2030,1.904395968
GLOBAL,S3D6,PWRWONKENXX01,WONKENXX,2031,1.904395968
GLOBAL,S3D6,PWRWONKENXX01,WONKENXX,2032,1.904395968
GLOBAL,S3D6,PWRWONKENXX01,WONKENXX,2033,1.904395968
GLOBAL,S3D6,PWRWONKENXX01,WONKENXX,2034,1.904395968
GLOBAL,S3D6,PWRWONKENXX01,WONKENXX,2035,1.904395968
GLOBAL,S3D6,PWRWONKENXX01,WONKENXX,2036,1.904395968
GLOBAL,S3D6,PWRWONKENXX01,WONKENXX,2037,1.904395968
GLOBAL,S3D6,PWRWONKENXX01,WONKENXX,2038,1.904395968
GLOBAL,S3D6,PWRWONKENXX01,WONKENXX,2039,1.904395968
GLOBAL,S3D6,PWRWONKENXX01,WONKENXX,2040,1.904395968
GLOBAL,S3D6,PWRWONKENXX01,WONKENXX,2041,1.904395968
GLOBAL,S3D6,PWRWONKENXX01,WONKENXX,2042,1.904395968
GLOBAL,S3D6,PWRWONKENXX01,WONKENXX,2043,1.5470713525055693
GLOBAL,S3D6,PWRWONKENXX01,WONKENXX,2044,1.904395968
GLOBAL,S3D6,PWRWONKENXX01,WONKENXX,2045,1.904395968
GLOBAL,S3D6,PWRWONKENXX01,WONKENXX,2046,1.904395968
GLOBAL,S3D6,PWRWONKENXX01,WONKENXX,2047,1.904395968
GLOBAL,S3D6,TRNKENXXTZAXX,ELCKENXX02,2023,0.5376827735087841
GLOBAL,S3D6,TRNKENXXTZAXX,ELCTZAXX02,2021,0.5376827735087841
GLOBAL,S3D6,TRNKENXXTZAXX,ELCTZAXX02,2022,0.5376827735087841
