REGION,TIMESLICE,TECHNOLOGY,FUEL,YEAR,VALUE
GLOBAL,S1D1,PWRBIOKENXX01,BIOKENXX,2028,1.2296351827807417
GLOBAL,S1D1,PWRBIOKENXX01,BIOKENXX,2030,2.8342959423666216
GLOBAL,S1D1,PWRBIOKENXX01,BIOKENXX,2031,0.34904994019498603
GLOBAL,S1D1,PWRBIOKENXX01,BIOKENXX,2032,3.6586628455987404
GLOBAL,S1D1,PWRBIOKENXX01,BIOKENXX,2033,3.9255647024963167
GLOBAL,S1D1,PWRBIOKENXX01,BIOKENXX,2034,3.663433118216005
GLOBAL,S1D1,PWRBIOKENXX01,BIOKENXX,2035,1.3548804019857779
GLOBAL,S1D1,PWRBIOKENXX01,BIOKENXX,2036,1.7719563200759054
GLOBAL,S1D1,PWRBIOKENXX01,BIOKENXX,2037,5.937580711875721
GLOBAL,S1D1,PWRBIOKENXX01,BIOKENXX,2038,3.016443059625747
GLOBAL,S1D1,PWRBIOKENXX01,BIOKENXX,2039,3.306540742222362
GLOBAL,S1D1,PWRBIOKENXX01,BIOKENXX,2040,5.7158540522731265
GLOBAL,S1D1,PWRBIOKENXX01,BIOKENXX,2041,4.106482107377278
GLOBAL,S1D1,PWRBIOKENXX01,BIOKENXX,2042,6.227156869567367
GLOBAL,S1D1,PWRBIOKENXX01,BIOKENXX,2043,10.794441114669539
GLOBAL,S1D1,PWRBIOKENXX01,BIOKENXX,2044,6.573364549744159
GLOBAL,S1D1,PWRBIOKENXX01,BIOKENXX,2045,11.789678286907678
GLOBAL,S1D1,PWRBIOKENXX01,BIOKENXX,2046,5.243432460424465
GLOBAL,S1D1,PWRBIOKENXX01,BIOKENXX,2047,5.217652802899184
GLOBAL,S1D1,PWRBIOKENXX01,BIOKENXX,2048,5.430779414518032
GLOBAL,S1D1,PWRBIOKENXX01,BIOKENXX,2049,7.06048683708477
GLOBAL,S1D1,PWRBIOKENXX01,BIOKENXX,2050,7.304110867665324
GLOBAL,S1D1,PWRBIOTZAXX01,BIOTZAXX,2024,1.0121355606694256
GLOBAL,S1D1,PWRBIOTZAXX01,BIOTZAXX,2026,1.0641987951106315
GLOBAL,S1D1,PWRBIOTZAXX01,BIOTZAXX,2030,2.1886493125477378
GLOBAL,S1D1,PWRBIOTZAXX01,BIOTZAXX,2031,4.306152597036563
GLOBAL,S1D1,PWRBIOTZAXX01,BIOTZAXX,2032,1.2386095671985742
GLOBAL,S1D1,PWRBIOTZAXX01,BIOTZAXX,2033,1.3550383488937563
GLOBAL,S1D1,PWRBIOTZAXX01,BIOTZAXX,2034,6.480287391944808
GLOBAL,S1D1,PWRBIOTZAXX01,BIOTZAXX,2035,6.820952228109706
GLOBAL,S1D1,PWRBIOTZAXX01,BIOTZAXX,2036,6.820952228109706
GLOBAL,S1D1,PWRBIOTZAXX01,BIOTZAXX,2037,3.4552474371936635
GLOBAL,S1D1,PWRBIOTZAXX01,BIOTZAXX,2038,4.304852360654888
GLOBAL,S1D1,PWRBIOTZAXX01,BIOTZAXX,2039,5.763771897469914
GLOBAL,S1D1,PWRBIOTZAXX01,BIOTZAXX,2040,4.439058931396667
GLOBAL,S1D1,PWRBIOTZAXX01,BIOTZAXX,2041,8.931816212418116
GLOBAL,S1D1,PWRBIOTZAXX01,BIOTZAXX,2042,9.38895609247506
GLOBAL,S1D1,PWRBIOTZAXX01,BIOTZAXX,2043,4.754932706186648
GLOBAL,S1D1,PWRBIOTZAXX01,BIOTZAXX,2044,5.478340039906555
GLOBAL,S1D1,PWRBIOTZAXX01,BIOTZAXX,2045,5.274695672821853
GLOBAL,S1D1,PWRBIOTZAXX01,BIOTZAXX,2046,6.060533320480562
GLOBAL,S1D1,PWRBIOTZAXX01,BIOTZAXX,2047,5.919564092095147
GLOBAL,S1D1,PWRBIOTZAXX01,BIOTZAXX,2048,6.7054017397538415
GLOBAL,S1D1,PWRBIOTZAXX01,BIOTZAXX,2049,6.564187686607895
GLOBAL,S1D1,PWRBIOTZAXX01,BIOTZAXX,2050,6.88662189624452
GLOBAL,S1D1,PWRGEOKENXX01,GEOKENXX,2021,1.4948261866669401
GLOBAL,S1D1,PWRGEOKENXX01,GEOKENXX,2022,1.9560947193492326
GLOBAL,S1D1,PWRGEOKENXX01,GEOKENXX,2023,1.5942335163698496
GLOBAL,S1D1,PWRGEOKENXX01,GEOKENXX,2024,1.758060864819488
GLOBAL,S1D1,PWRGEOKENXX01,GEOKENXX,2025,1.8301041358068484
GLOBAL,S1D1,PWRGEOKENXX01,GEOKENXX,2026,1.990722554746668
GLOBAL,S1D1,PWRGEOKENXX01,GEOKENXX,2027,2.1056925802947135
GLOBAL,S1D1,PWRGEOKENXX01,GEOKENXX,2028,1.8527437149015558
GLOBAL,S1D1,PWRGEOKENXX01,GEOKENXX,2029,2.5077763178234953
GLOBAL,S1D1,PWRGEOKENXX01,GEOKENXX,2030,2.188278906115186
GLOBAL,S1D1,PWRGEOKENXX01,GEOKENXX,2031,2.673254129045266
GLOBAL,S1D1,PWRGEOKENXX01,GEOKENXX,2032,2.421781760856261
GLOBAL,S1D1,PWRGEOKENXX01,GEOKENXX,2033,2.4308743256292544
GLOBAL,S1D1,PWRGEOKENXX01,GEOKENXX,2034,2.8736359848794653
GLOBAL,S1D1,PWRGEOKENXX01,GEOKENXX,2035,3.3452247054778623
GLOBAL,S1D1,PWRGEOKENXX01,GEOKENXX,2036,3.3452247054778623
GLOBAL,S1D1,PWRGEOKENXX01,GEOKENXX,2037,2.1949400885662738
GLOBAL,S1D1,PWRGEOKENXX01,GEOKENXX,2038,3.37432513129466
GLOBAL,S1D1,PWRGEOKENXX01,GEOKENXX,2039,3.5370475618842767
GLOBAL,S1D1,PWRGEOKENXX01,GEOKENXX,2040,3.700131678143879
GLOBAL,S1D1,PWRGEOKENXX01,GEOKENXX,2041,3.905078986069341
GLOBAL,S1D1,PWRGEOKENXX01,GEOKENXX,2042,4.159705697737682
GLOBAL,S1D1,PWRGEOKENXX01,GEOKENXX,2043,2.8966133566357244
GLOBAL,S1D1,PWRGEOKENXX01,GEOKENXX,2044,4.669682492414337
GLOBAL,S1D1,PWRGEOKENXX01,GEOKENXX,2045,2.6894033524221643
GLOBAL,S1D1,PWRGEOKENXX01,GEOKENXX,2046,5.244401022018024
GLOBAL,S1D1,PWRGEOKENXX01,GEOKENXX,2047,5.563259839953369
GLOBAL,S1D1,PWRGEOKENXX01,GEOKENXX,2048,5.9792155987574365
GLOBAL,S1D1,PWRGEOKENXX01,GEOKENXX,2049,6.298945731022803
GLOBAL,S1D1,PWRGEOKENXX01,GEOKENXX,2050,6.618675863288163
GLOBAL,S1D1,PWRGEOTZAXX01,GEOTZAXX,2021,1.0755777851608899
GLOBAL,S1D1,PWRGEOTZAXX01,GEOTZAXX,2022,1.22557778516089
GLOBAL,S1D1,PWRGEOTZAXX01,GEOTZAXX,2023,1.4177196904659808
GLOBAL,S1D1,PWRGEOTZAXX01,GEOTZAXX,2024,2.5411681563589674
GLOBAL,S1D1,PWRGEOTZAXX01,GEOTZAXX,2025,3.0911127691726086
GLOBAL,S1D1,PWRGEOTZAXX01,GEOTZAXX,2026,3.193327802091066
GLOBAL,S1D1,PWRGEOTZAXX01,GEOTZAXX,2027,3.489527434739025
GLOBAL,S1D1,PWRGEOTZAXX01,GEOTZAXX,2028,3.7667131724828313
GLOBAL,S1D1,PWRGEOTZAXX01,GEOTZAXX,2029,4.0577577548698756
GLOBAL,S1D1,PWRGEOTZAXX01,GEOTZAXX,2030,3.842014945097308
GLOBAL,S1D1,PWRGEOTZAXX01,GEOTZAXX,2031,3.3517324413417646
GLOBAL,S1D1,PWRGEOTZAXX01,GEOTZAXX,2032,4.6341639789269475
GLOBAL,S1D1,PWRGEOTZAXX01,GEOTZAXX,2033,4.96044782536103
GLOBAL,S1D1,PWRGEOTZAXX01,GEOTZAXX,2034,3.782103602624608
GLOBAL,S1D1,PWRGEOTZAXX01,GEOTZAXX,2035,4.041049294563279
GLOBAL,S1D1,PWRGEOTZAXX01,GEOTZAXX,2036,4.358687986676408
GLOBAL,S1D1,PWRGEOTZAXX01,GEOTZAXX,2037,5.7914074260983925
GLOBAL,S1D1,PWRGEOTZAXX01,GEOTZAXX,2038,6.189640089188888
GLOBAL,S1D1,PWRGEOTZAXX01,GEOTZAXX,2039,5.943092305495935
GLOBAL,S1D1,PWRGEOTZAXX01,GEOTZAXX,2040,6.902531932652189
GLOBAL,S1D1,PWRGEOTZAXX01,GEOTZAXX,2041,6.05250731564951
GLOBAL,S1D1,PWRGEOTZAXX01,GEOTZAXX,2042,6.275219624455382
GLOBAL,S1D1,PWRGEOTZAXX01,GEOTZAXX,2043,8.16596998262083
GLOBAL,S1D1,PWRGEOTZAXX01,GEOTZAXX,2044,8.587512932374743
GLOBAL,S1D1,PWRGEOTZAXX01,GEOTZAXX,2045,9.008658949030957
GLOBAL,S1D1,PWRGEOTZAXX01,GEOTZAXX,2046,9.531419838697522
GLOBAL,S1D1,PWRGEOTZAXX01,GEOTZAXX,2047,10.0541807283641
GLOBAL,S1D1,PWRGEOTZAXX01,GEOTZAXX,2048,10.576941618030668
GLOBAL,S1D1,PWRGEOTZAXX01,GEOTZAXX,2049,11.099305574599546
GLOBAL,S1D1,PWRGEOTZAXX01,GEOTZAXX,2050,11.622066464266124
GLOBAL,S1D1,PWRHYDKENXX01,HYDKENXX,2021,0.670550643879552
GLOBAL,S1D1,PWRHYDKENXX01,HYDKENXX,2022,0.3974839032945396
GLOBAL,S1D1,PWRHYDKENXX01,HYDKENXX,2023,0.670550643879552
GLOBAL,S1D1,PWRHYDKENXX01,HYDKENXX,2024,0.670550643879552
GLOBAL,S1D1,PWRHYDKENXX01,HYDKENXX,2025,0.670550643879552
GLOBAL,S1D1,PWRHYDKENXX01,HYDKENXX,2026,0.5792655646265434
GLOBAL,S1D1,PWRHYDKENXX01,HYDKENXX,2027,0.6046114388475788
GLOBAL,S1D1,PWRHYDKENXX01,HYDKENXX,2028,0.670550643879552
GLOBAL,S1D1,PWRHYDKENXX01,HYDKENXX,2029,0.6072329455702996
GLOBAL,S1D1,PWRHYDKENXX01,HYDKENXX,2030,0.23191665907379352
GLOBAL,S1D1,PWRHYDKENXX01,HYDKENXX,2031,0.6679815207751035
GLOBAL,S1D1,PWRHYDKENXX01,HYDKENXX,2032,0.098789934806369
GLOBAL,S1D1,PWRHYDKENXX01,HYDKENXX,2033,0.23191665907379352
GLOBAL,S1D1,PWRHYDKENXX01,HYDKENXX,2034,0.098789934806369
GLOBAL,S1D1,PWRHYDKENXX01,HYDKENXX,2035,0.670550643879552
GLOBAL,S1D1,PWRHYDKENXX01,HYDKENXX,2036,0.670550643879552
GLOBAL,S1D1,PWRHYDKENXX01,HYDKENXX,2037,0.670550643879552
GLOBAL,S1D1,PWRHYDKENXX01,HYDKENXX,2038,0.670550643879552
GLOBAL,S1D1,PWRHYDKENXX01,HYDKENXX,2039,0.670550643879552
GLOBAL,S1D1,PWRHYDKENXX01,HYDKENXX,2041,0.6208211100495057
GLOBAL,S1D1,PWRHYDKENXX01,HYDKENXX,2042,0.098789934806369
GLOBAL,S1D1,PWRHYDKENXX01,HYDKENXX,2043,0.23191665907379352
GLOBAL,S1D1,PWRHYDKENXX01,HYDKENXX,2044,0.024530200488161347
GLOBAL,S1D1,PWRHYDKENXX01,HYDKENXX,2045,0.670550643879552
GLOBAL,S1D1,PWRHYDKENXX01,HYDKENXX,2046,0.670550643879552
GLOBAL,S1D1,PWRHYDKENXX01,HYDKENXX,2047,0.670550643879552
GLOBAL,S1D1,PWRHYDKENXX01,HYDKENXX,2048,0.670550643879552
GLOBAL,S1D1,PWRHYDKENXX01,HYDKENXX,2049,0.23191665907379352
GLOBAL,S1D1,PWRHYDKENXX01,HYDKENXX,2050,0.23191665907379352
GLOBAL,S1D1,PWRHYDTZAXX01,HYDTZAXX,2021,0.5538872308273916
GLOBAL,S1D1,PWRHYDTZAXX01,HYDTZAXX,2022,0.5538872308273916
GLOBAL,S1D1,PWRHYDTZAXX01,HYDTZAXX,2023,0.5538872308273916
GLOBAL,S1D1,PWRHYDTZAXX01,HYDTZAXX,2024,0.5538872308273916
GLOBAL,S1D1,PWRHYDTZAXX01,HYDTZAXX,2025,0.5538872308273916
GLOBAL,S1D1,PWRHYDTZAXX01,HYDTZAXX,2026,0.32766487040489034
GLOBAL,S1D1,PWRHYDTZAXX01,HYDTZAXX,2027,0.6538261181123015
GLOBAL,S1D1,PWRHYDTZAXX01,HYDTZAXX,2028,0.67990726999633
GLOBAL,S1D1,PWRHYDTZAXX01,HYDTZAXX,2029,0.69212957723712
GLOBAL,S1D1,PWRHYDTZAXX01,HYDTZAXX,2030,0.5538872308273916
GLOBAL,S1D1,PWRHYDTZAXX01,HYDTZAXX,2031,0.69212957723712
GLOBAL,S1D1,PWRHYDTZAXX01,HYDTZAXX,2032,0.69212957723712
GLOBAL,S1D1,PWRHYDTZAXX01,HYDTZAXX,2033,0.69212957723712
GLOBAL,S1D1,PWRHYDTZAXX01,HYDTZAXX,2034,0.69212957723712
GLOBAL,S1D1,PWRHYDTZAXX01,HYDTZAXX,2035,0.69212957723712
GLOBAL,S1D1,PWRHYDTZAXX01,HYDTZAXX,2036,0.69212957723712
GLOBAL,S1D1,PWRHYDTZAXX01,HYDTZAXX,2037,0.69212957723712
GLOBAL,S1D1,PWRHYDTZAXX01,HYDTZAXX,2038,0.4612280345291503
GLOBAL,S1D1,PWRHYDTZAXX01,HYDTZAXX,2039,0.69212957723712
GLOBAL,S1D1,PWRHYDTZAXX01,HYDTZAXX,2040,0.5529693856389101
GLOBAL,S1D1,PWRHYDTZAXX01,HYDTZAXX,2041,0.5529693856389101
GLOBAL,S1D1,PWRHYDTZAXX01,HYDTZAXX,2042,0.69212957723712
GLOBAL,S1D1,PWRHYDTZAXX01,HYDTZAXX,2043,0.69212957723712
GLOBAL,S1D1,PWRHYDTZAXX01,HYDTZAXX,2044,0.5529693856389101
GLOBAL,S1D1,PWRHYDTZAXX01,HYDTZAXX,2045,0.69212957723712
GLOBAL,S1D1,PWRHYDTZAXX01,HYDTZAXX,2046,0.5529693856389101
GLOBAL,S1D1,PWRHYDTZAXX01,HYDTZAXX,2047,0.69212957723712
GLOBAL,S1D1,PWRHYDTZAXX01,HYDTZAXX,2048,0.5529693856389101
GLOBAL,S1D1,PWRHYDTZAXX01,HYDTZAXX,2049,0.69212957723712
GLOBAL,S1D1,PWRHYDTZAXX01,HYDTZAXX,2050,0.69212957723712
GLOBAL,S1D1,PWRSDSKENXX01,ELCKENXX01,2042,0.001096
GLOBAL,S1D1,PWRSPVKENXX01,SPVKENXX,2021,0.0123944553216
GLOBAL,S1D1,PWRSPVKENXX01,SPVKENXX,2022,0.0180282986496
GLOBAL,S1D1,PWRSPVKENXX01,SPVKENXX,2023,0.0208452203136
GLOBAL,S1D1,PWRSPVKENXX01,SPVKENXX,2024,0.0208452203136
GLOBAL,S1D1,PWRSPVKENXX01,SPVKENXX,2025,0.0208452203136
GLOBAL,S1D1,PWRSPVKENXX01,SPVKENXX,2026,0.1397368337497295
GLOBAL,S1D1,PWRSPVKENXX01,SPVKENXX,2027,0.15062143626890748
GLOBAL,S1D1,PWRSPVKENXX01,SPVKENXX,2028,0.1615060387880855
GLOBAL,S1D1,PWRSPVKENXX01,SPVKENXX,2029,0.1724161920174025
GLOBAL,S1D1,PWRSPVKENXX01,SPVKENXX,2030,0.18330079453658057
GLOBAL,S1D1,PWRSPVKENXX01,SPVKENXX,2031,0.2937309637569739
GLOBAL,S1D1,PWRSPVKENXX01,SPVKENXX,2032,0.3125490617742851
GLOBAL,S1D1,PWRSPVKENXX01,SPVKENXX,2033,0.3313671597915965
GLOBAL,S1D1,PWRSPVKENXX01,SPVKENXX,2034,0.35018525780890786
GLOBAL,S1D1,PWRSPVKENXX01,SPVKENXX,2035,0.36896502976101087
GLOBAL,S1D1,PWRSPVKENXX01,SPVKENXX,2036,0.5209789797324891
GLOBAL,S1D1,PWRSPVKENXX01,SPVKENXX,2037,0.5499534850300195
GLOBAL,S1D1,PWRSPVKENXX01,SPVKENXX,2038,0.5789790917478277
GLOBAL,S1D1,PWRSPVKENXX01,SPVKENXX,2039,0.6079535970453579
GLOBAL,S1D1,PWRSPVKENXX01,SPVKENXX,2040,0.6369792037631662
GLOBAL,S1D1,PWRSPVKENXX01,SPVKENXX,2041,0.6730057050590371
GLOBAL,S1D1,PWRSPVKENXX01,SPVKENXX,2042,0.7089811049346304
GLOBAL,S1D1,PWRSPVKENXX01,SPVKENXX,2043,0.7450076062305014
GLOBAL,S1D1,PWRSPVKENXX01,SPVKENXX,2044,0.7810341075263724
GLOBAL,S1D1,PWRSPVKENXX01,SPVKENXX,2045,0.8170606088222434
GLOBAL,S1D1,PWRSPVKENXX01,SPVKENXX,2046,0.8622342643478462
GLOBAL,S1D1,PWRSPVKENXX01,SPVKENXX,2047,0.9074590212937268
GLOBAL,S1D1,PWRSPVKENXX01,SPVKENXX,2048,0.95263267681933
GLOBAL,S1D1,PWRSPVKENXX01,SPVKENXX,2049,0.9978063323449328
GLOBAL,S1D1,PWRSPVKENXX01,SPVKENXX,2050,1.042979987870536
GLOBAL,S1D1,PWRSPVTZAXX01,SPVTZAXX,2026,0.11692810975310322
GLOBAL,S1D1,PWRSPVTZAXX01,SPVTZAXX,2027,0.12614644714867318
GLOBAL,S1D1,PWRSPVTZAXX01,SPVTZAXX,2028,0.1353795575208387
GLOBAL,S1D1,PWRSPVTZAXX01,SPVTZAXX,2029,0.14461266789300412
GLOBAL,S1D1,PWRSPVTZAXX01,SPVTZAXX,2030,0.1538457782651695
GLOBAL,S1D1,PWRSPVTZAXX01,SPVTZAXX,2031,0.24749906339211813
GLOBAL,S1D1,PWRSPVTZAXX01,SPVTZAXX,2032,0.26425161885137516
GLOBAL,S1D1,PWRSPVTZAXX01,SPVTZAXX,2033,0.28100417431063207
GLOBAL,S1D1,PWRSPVTZAXX01,SPVTZAXX,2034,0.2977345703049959
GLOBAL,S1D1,PWRSPVTZAXX01,SPVTZAXX,2035,0.31448712576425286
GLOBAL,S1D1,PWRSPVTZAXX01,SPVTZAXX,2036,0.4458484336511252
GLOBAL,S1D1,PWRSPVTZAXX01,SPVTZAXX,2037,0.47235115366338887
GLOBAL,S1D1,PWRSPVTZAXX01,SPVTZAXX,2038,0.49888341962884347
GLOBAL,S1D1,PWRSPVTZAXX01,SPVTZAXX,2039,0.5254156855942983
GLOBAL,S1D1,PWRSPVTZAXX01,SPVTZAXX,2040,0.5519479515597528
GLOBAL,S1D1,PWRSPVTZAXX01,SPVTZAXX,2041,0.583296207895329
GLOBAL,S1D1,PWRSPVTZAXX01,SPVTZAXX,2042,0.6146444642309051
GLOBAL,S1D1,PWRSPVTZAXX01,SPVTZAXX,2043,0.6459927205664813
GLOBAL,S1D1,PWRSPVTZAXX01,SPVTZAXX,2044,0.6773705228552481
GLOBAL,S1D1,PWRSPVTZAXX01,SPVTZAXX,2045,0.7087187791908242
GLOBAL,S1D1,PWRSPVTZAXX01,SPVTZAXX,2046,0.7476307995432783
GLOBAL,S1D1,PWRSPVTZAXX01,SPVTZAXX,2047,0.7865428198957324
GLOBAL,S1D1,PWRSPVTZAXX01,SPVTZAXX,2048,0.8254548402481863
GLOBAL,S1D1,PWRSPVTZAXX01,SPVTZAXX,2049,0.8643373146474496
GLOBAL,S1D1,PWRSPVTZAXX01,SPVTZAXX,2050,0.9032493349999039
GLOBAL,S1D1,PWRTRNKENXX,ELCKENXX01,2021,2.3
GLOBAL,S1D1,PWRTRNKENXX,ELCKENXX01,2022,2.4
GLOBAL,S1D1,PWRTRNKENXX,ELCKENXX01,2023,2.3794650159882815
GLOBAL,S1D1,PWRTRNKENXX,ELCKENXX01,2024,2.4499999999999997
GLOBAL,S1D1,PWRTRNKENXX,ELCKENXX01,2025,2.5215
GLOBAL,S1D1,PWRTRNKENXX,ELCKENXX01,2026,2.7344999999999997
GLOBAL,S1D1,PWRTRNKENXX,ELCKENXX01,2027,2.9475000000000002
GLOBAL,S1D1,PWRTRNKENXX,ELCKENXX01,2028,3.1605
GLOBAL,S1D1,PWRTRNKENXX,ELCKENXX01,2029,3.374
GLOBAL,S1D1,PWRTRNKENXX,ELCKENXX01,2030,3.5870000000000006
GLOBAL,S1D1,PWRTRNKENXX,ELCKENXX01,2031,3.8320000000000003
GLOBAL,S1D1,PWRTRNKENXX,ELCKENXX01,2032,4.0775
GLOBAL,S1D1,PWRTRNKENXX,ELCKENXX01,2033,4.323
GLOBAL,S1D1,PWRTRNKENXX,ELCKENXX01,2034,4.568499999999999
GLOBAL,S1D1,PWRTRNKENXX,ELCKENXX01,2035,4.8135
GLOBAL,S1D1,PWRTRNKENXX,ELCKENXX01,2036,5.097499999999999
GLOBAL,S1D1,PWRTRNKENXX,ELCKENXX01,2037,5.381000000000001
GLOBAL,S1D1,PWRTRNKENXX,ELCKENXX01,2038,5.665
GLOBAL,S1D1,PWRTRNKENXX,ELCKENXX01,2039,5.9485
GLOBAL,S1D1,PWRTRNKENXX,ELCKENXX01,2040,6.2325
GLOBAL,S1D1,PWRTRNKENXX,ELCKENXX01,2041,6.584999999999999
GLOBAL,S1D1,PWRTRNKENXX,ELCKENXX01,2042,6.937000000000001
GLOBAL,S1D1,PWRTRNKENXX,ELCKENXX01,2043,7.2895
GLOBAL,S1D1,PWRTRNKENXX,ELCKENXX01,2044,7.642
GLOBAL,S1D1,PWRTRNKENXX,ELCKENXX01,2045,7.994500000000001
GLOBAL,S1D1,PWRTRNKENXX,ELCKENXX01,2046,8.4365
GLOBAL,S1D1,PWRTRNKENXX,ELCKENXX01,2047,8.879
GLOBAL,S1D1,PWRTRNKENXX,ELCKENXX01,2048,9.321
GLOBAL,S1D1,PWRTRNKENXX,ELCKENXX01,2049,9.763
GLOBAL,S1D1,PWRTRNKENXX,ELCKENXX01,2050,10.205
GLOBAL,S1D1,PWRTRNTZAXX,ELCTZAXX01,2021,1.6294650159882815
GLOBAL,S1D1,PWRTRNTZAXX,ELCTZAXX01,2022,1.7794650159882814
GLOBAL,S1D1,PWRTRNTZAXX,ELCTZAXX01,2023,2.0
GLOBAL,S1D1,PWRTRNTZAXX,ELCTZAXX01,2024,3.399
GLOBAL,S1D1,PWRTRNTZAXX,ELCTZAXX01,2025,3.645
GLOBAL,S1D1,PWRTRNTZAXX,ELCTZAXX01,2026,3.9574999999999996
GLOBAL,S1D1,PWRTRNTZAXX,ELCTZAXX01,2027,4.269499999999999
GLOBAL,S1D1,PWRTRNTZAXX,ELCTZAXX01,2028,4.582000000000001
GLOBAL,S1D1,PWRTRNTZAXX,ELCTZAXX01,2029,4.8945
GLOBAL,S1D1,PWRTRNTZAXX,ELCTZAXX01,2030,5.207000000000001
GLOBAL,S1D1,PWRTRNTZAXX,ELCTZAXX01,2031,5.5845
GLOBAL,S1D1,PWRTRNTZAXX,ELCTZAXX01,2032,5.9624999999999995
GLOBAL,S1D1,PWRTRNTZAXX,ELCTZAXX01,2033,6.3405
GLOBAL,S1D1,PWRTRNTZAXX,ELCTZAXX01,2034,6.718
GLOBAL,S1D1,PWRTRNTZAXX,ELCTZAXX01,2035,7.095999999999999
GLOBAL,S1D1,PWRTRNTZAXX,ELCTZAXX01,2036,7.545
GLOBAL,S1D1,PWRTRNTZAXX,ELCTZAXX01,2037,7.993500000000001
GLOBAL,S1D1,PWRTRNTZAXX,ELCTZAXX01,2038,8.4425
GLOBAL,S1D1,PWRTRNTZAXX,ELCTZAXX01,2039,8.8915
GLOBAL,S1D1,PWRTRNTZAXX,ELCTZAXX01,2040,9.3405
GLOBAL,S1D1,PWRTRNTZAXX,ELCTZAXX01,2041,9.871
GLOBAL,S1D1,PWRTRNTZAXX,ELCTZAXX01,2042,10.4015
GLOBAL,S1D1,PWRTRNTZAXX,ELCTZAXX01,2043,10.931999999999999
GLOBAL,S1D1,PWRTRNTZAXX,ELCTZAXX01,2044,11.463000000000001
GLOBAL,S1D1,PWRTRNTZAXX,ELCTZAXX01,2045,11.9935
GLOBAL,S1D1,PWRTRNTZAXX,ELCTZAXX01,2046,12.652
GLOBAL,S1D1,PWRTRNTZAXX,ELCTZAXX01,2047,13.310499999999998
GLOBAL,S1D1,PWRTRNTZAXX,ELCTZAXX01,2048,13.969000000000001
GLOBAL,S1D1,PWRTRNTZAXX,ELCTZAXX01,2049,14.627
GLOBAL,S1D1,PWRTRNTZAXX,ELCTZAXX01,2050,15.2855
GLOBAL,S1D1,PWRWONKENXX01,WONKENXX,2021,0.09383563542528
GLOBAL,S1D1,PWRWONKENXX01,WONKENXX,2023,0.09383563542528
GLOBAL,S1D1,PWRWONKENXX01,WONKENXX,2024,0.0005432709873603008
GLOBAL,S1D1,PWRWONKENXX01,WONKENXX,2026,0.02477504687705948
GLOBAL,S1D1,PWRWONKENXX01,WONKENXX,2027,0.08657454458880001
GLOBAL,S1D1,PWRWONKENXX01,WONKENXX,2028,0.08657454458880001
GLOBAL,S1D1,PWRWONKENXX01,WONKENXX,2029,0.08657454458880001
GLOBAL,S1D1,PWRWONKENXX01,WONKENXX,2030,0.08657454458880001
GLOBAL,S1D1,PWRWONKENXX01,WONKENXX,2031,0.08657454458880001
GLOBAL,S1D1,PWRWONKENXX01,WONKENXX,2032,0.08657454458880001
GLOBAL,S1D1,PWRWONKENXX01,WONKENXX,2033,0.08657454458880001
GLOBAL,S1D1,PWRWONKENXX01,WONKENXX,2034,0.08657454458880001
GLOBAL,S1D1,PWRWONKENXX01,WONKENXX,2037,0.08657454458880001
GLOBAL,S1D1,PWRWONKENXX01,WONKENXX,2038,0.08657454458880001
GLOBAL,S1D1,PWRWONKENXX01,WONKENXX,2039,0.08657454458880001
GLOBAL,S1D1,PWRWONKENXX01,WONKENXX,2040,0.08657454458880001
GLOBAL,S1D1,PWRWONKENXX01,WONKENXX,2041,0.08657454458880001
GLOBAL,S1D1,PWRWONKENXX01,WONKENXX,2044,0.08657454458880001
GLOBAL,S1D1,PWRWONKENXX01,WONKENXX,2045,0.08657454458880001
GLOBAL,S1D1,PWRWONKENXX01,WONKENXX,2047,0.08657454458880001
GLOBAL,S1D1,TRNKENXXTZAXX,ELCKENXX02,2023,0.02946501598828137
GLOBAL,S1D1,TRNKENXXTZAXX,ELCTZAXX02,2021,0.02946501598828137
GLOBAL,S1D1,TRNKENXXTZAXX,ELCTZAXX02,2022,0.02946501598828137
GLOBAL,S1D2,PWRBIOKENXX01,BIOKENXX,2021,0.03338660613352999
GLOBAL,S1D2,PWRBIOKENXX01,BIOKENXX,2022,0.0016594853146213136
GLOBAL,S1D2,PWRBIOKENXX01,BIOKENXX,2023,0.2601101707065907
GLOBAL,S1D2,PWRBIOKENXX01,BIOKENXX,2024,0.25358549660720436
GLOBAL,S1D2,PWRBIOKENXX01,BIOKENXX,2025,0.415289536751308
GLOBAL,S1D2,PWRBIOKENXX01,BIOKENXX,2028,2.3068143732644035
GLOBAL,S1D2,PWRBIOKENXX01,BIOKENXX,2029,2.512110068834566
GLOBAL,S1D2,PWRBIOKENXX01,BIOKENXX,2030,2.6479748816115922
GLOBAL,S1D2,PWRBIOKENXX01,BIOKENXX,2031,1.8491399875279728
GLOBAL,S1D2,PWRBIOKENXX01,BIOKENXX,2032,3.6586628455987404
GLOBAL,S1D2,PWRBIOKENXX01,BIOKENXX,2034,4.192466559393891
GLOBAL,S1D2,PWRBIOKENXX01,BIOKENXX,2035,4.782694545109066
GLOBAL,S1D2,PWRBIOKENXX01,BIOKENXX,2037,1.1510750712839897
GLOBAL,S1D2,PWRBIOKENXX01,BIOKENXX,2038,7.564394014104833
GLOBAL,S1D2,PWRBIOKENXX01,BIOKENXX,2039,0.1293702619742295
GLOBAL,S1D2,PWRBIOKENXX01,BIOKENXX,2041,9.79990978439751
GLOBAL,S1D2,PWRBIOKENXX01,BIOKENXX,2042,1.068557117979971
GLOBAL,S1D2,PWRBIOKENXX01,BIOKENXX,2043,0.06641083600204965
GLOBAL,S1D2,PWRBIOKENXX01,BIOKENXX,2044,2.162899588717276
GLOBAL,S1D2,PWRBIOKENXX01,BIOKENXX,2045,0.05670756752769162
GLOBAL,S1D2,PWRBIOKENXX01,BIOKENXX,2046,10.553027507337065
GLOBAL,S1D2,PWRBIOKENXX01,BIOKENXX,2047,1.4345134225414646
GLOBAL,S1D2,PWRBIOKENXX01,BIOKENXX,2048,6.008472969277056
GLOBAL,S1D2,PWRBIOKENXX01,BIOKENXX,2049,0.15880547034095602
GLOBAL,S1D2,PWRBIOKENXX01,BIOKENXX,2050,0.1527220027300872
GLOBAL,S1D2,PWRBIOTZAXX01,BIOTZAXX,2021,0.6778272920163684
GLOBAL,S1D2,PWRBIOTZAXX01,BIOTZAXX,2022,0.9345006224801536
GLOBAL,S1D2,PWRBIOTZAXX01,BIOTZAXX,2023,0.33854393729780635
GLOBAL,S1D2,PWRBIOTZAXX01,BIOTZAXX,2024,0.4838516062907588
GLOBAL,S1D2,PWRBIOTZAXX01,BIOTZAXX,2025,1.3557972407565289
GLOBAL,S1D2,PWRBIOTZAXX01,BIOTZAXX,2027,1.790352649666377
GLOBAL,S1D2,PWRBIOTZAXX01,BIOTZAXX,2029,2.97546468380843
GLOBAL,S1D2,PWRBIOTZAXX01,BIOTZAXX,2030,0.1537895085609231
GLOBAL,S1D2,PWRGEOKENXX01,GEOKENXX,2021,1.8525683298256364
GLOBAL,S1D2,PWRGEOKENXX01,GEOKENXX,2022,1.9560947193492326
GLOBAL,S1D2,PWRGEOKENXX01,GEOKENXX,2023,1.9560947193492326
GLOBAL,S1D2,PWRGEOKENXX01,GEOKENXX,2024,1.9560947193492326
GLOBAL,S1D2,PWRGEOKENXX01,GEOKENXX,2025,1.990722554746668
GLOBAL,S1D2,PWRGEOKENXX01,GEOKENXX,2026,1.990722554746668
GLOBAL,S1D2,PWRGEOKENXX01,GEOKENXX,2027,2.0225940345258886
GLOBAL,S1D2,PWRGEOKENXX01,GEOKENXX,2028,1.4969646688900862
GLOBAL,S1D2,PWRGEOKENXX01,GEOKENXX,2029,1.6368526134370254
GLOBAL,S1D2,PWRGEOKENXX01,GEOKENXX,2030,1.7982326023858353
GLOBAL,S1D2,PWRGEOKENXX01,GEOKENXX,2031,1.8253250285239437
GLOBAL,S1D2,PWRGEOKENXX01,GEOKENXX,2032,1.5652075228118882
GLOBAL,S1D2,PWRGEOKENXX01,GEOKENXX,2033,2.9290510052474583
GLOBAL,S1D2,PWRGEOKENXX01,GEOKENXX,2034,2.4788403116030686
GLOBAL,S1D2,PWRGEOKENXX01,GEOKENXX,2035,2.391271129455616
GLOBAL,S1D2,PWRGEOKENXX01,GEOKENXX,2036,2.8607235454102296
GLOBAL,S1D2,PWRGEOKENXX01,GEOKENXX,2037,3.3452247054778623
GLOBAL,S1D2,PWRGEOKENXX01,GEOKENXX,2038,0.9550226935294311
GLOBAL,S1D2,PWRGEOKENXX01,GEOKENXX,2039,3.5370475618842767
GLOBAL,S1D2,PWRGEOKENXX01,GEOKENXX,2040,3.675710480174969
GLOBAL,S1D2,PWRGEOKENXX01,GEOKENXX,2041,0.934403802351373
GLOBAL,S1D2,PWRGEOKENXX01,GEOKENXX,2042,3.8441061256678286
GLOBAL,S1D2,PWRGEOKENXX01,GEOKENXX,2043,4.414694095076011
GLOBAL,S1D2,PWRGEOKENXX01,GEOKENXX,2044,4.006871557285055
GLOBAL,S1D2,PWRGEOKENXX01,GEOKENXX,2045,4.924670889752663
GLOBAL,S1D2,PWRGEOKENXX01,GEOKENXX,2046,1.9407586210060508
GLOBAL,S1D2,PWRGEOKENXX01,GEOKENXX,2047,5.563259839953369
GLOBAL,S1D2,PWRGEOKENXX01,GEOKENXX,2048,4.129980145806417
GLOBAL,S1D2,PWRGEOKENXX01,GEOKENXX,2049,6.298945731022803
GLOBAL,S1D2,PWRGEOKENXX01,GEOKENXX,2050,6.618675863288163
GLOBAL,S1D2,PWRGEOTZAXX01,GEOTZAXX,2021,1.1920260458166352
GLOBAL,S1D2,PWRGEOTZAXX01,GEOTZAXX,2022,1.2949469675992824
GLOBAL,S1D2,PWRGEOTZAXX01,GEOTZAXX,2023,1.7160548444306034
GLOBAL,S1D2,PWRGEOTZAXX01,GEOTZAXX,2024,3.3796119865027117
GLOBAL,S1D2,PWRGEOTZAXX01,GEOTZAXX,2025,3.4129664506271036
GLOBAL,S1D2,PWRGEOTZAXX01,GEOTZAXX,2026,3.203311273638707
GLOBAL,S1D2,PWRGEOTZAXX01,GEOTZAXX,2027,2.94070516646934
GLOBAL,S1D2,PWRGEOTZAXX01,GEOTZAXX,2028,3.754716123941825
GLOBAL,S1D2,PWRGEOTZAXX01,GEOTZAXX,2029,3.1514095496386854
GLOBAL,S1D2,PWRGEOTZAXX01,GEOTZAXX,2030,4.439450469543405
GLOBAL,S1D2,PWRGEOTZAXX01,GEOTZAXX,2031,4.064488518609983
GLOBAL,S1D2,PWRGEOTZAXX01,GEOTZAXX,2032,4.386451387305518
GLOBAL,S1D2,PWRGEOTZAXX01,GEOTZAXX,2033,4.708414256001051
GLOBAL,S1D2,PWRGEOTZAXX01,GEOTZAXX,2034,5.02995124788614
GLOBAL,S1D2,PWRGEOTZAXX01,GEOTZAXX,2035,5.351914116581674
GLOBAL,S1D2,PWRGEOTZAXX01,GEOTZAXX,2036,4.85851184889268
GLOBAL,S1D2,PWRGEOTZAXX01,GEOTZAXX,2037,5.419362056891469
GLOBAL,S1D2,PWRGEOTZAXX01,GEOTZAXX,2038,5.518777015221574
GLOBAL,S1D2,PWRGEOTZAXX01,GEOTZAXX,2039,5.849093516259651
GLOBAL,S1D2,PWRGEOTZAXX01,GEOTZAXX,2040,6.179410017297723
GLOBAL,S1D2,PWRGEOTZAXX01,GEOTZAXX,2041,6.569683745138926
GLOBAL,S1D2,PWRGEOTZAXX01,GEOTZAXX,2042,7.099117664578335
GLOBAL,S1D2,PWRGEOTZAXX01,GEOTZAXX,2043,7.581132743529294
GLOBAL,S1D2,PWRGEOTZAXX01,GEOTZAXX,2044,7.7408727644097866
GLOBAL,S1D2,PWRGEOTZAXX01,GEOTZAXX,2045,8.268470993472238
GLOBAL,S1D2,PWRGEOTZAXX01,GEOTZAXX,2046,8.615586171390348
GLOBAL,S1D2,PWRGEOTZAXX01,GEOTZAXX,2047,9.330927393237678
GLOBAL,S1D2,PWRGEOTZAXX01,GEOTZAXX,2048,9.584465529669064
GLOBAL,S1D2,PWRGEOTZAXX01,GEOTZAXX,2049,10.299438915769137
GLOBAL,S1D2,PWRGEOTZAXX01,GEOTZAXX,2050,10.7838785949085
GLOBAL,S1D2,PWRHYDKENXX01,HYDKENXX,2021,0.670550643879552
GLOBAL,S1D2,PWRHYDKENXX01,HYDKENXX,2022,0.670550643879552
GLOBAL,S1D2,PWRHYDKENXX01,HYDKENXX,2023,0.5987256472514154
GLOBAL,S1D2,PWRHYDKENXX01,HYDKENXX,2024,0.670550643879552
GLOBAL,S1D2,PWRHYDKENXX01,HYDKENXX,2025,0.670550643879552
GLOBAL,S1D2,PWRHYDKENXX01,HYDKENXX,2026,0.49804694079318246
GLOBAL,S1D2,PWRHYDKENXX01,HYDKENXX,2027,0.670550643879552
GLOBAL,S1D2,PWRHYDKENXX01,HYDKENXX,2028,0.670550643879552
GLOBAL,S1D2,PWRHYDKENXX01,HYDKENXX,2029,0.670550643879552
GLOBAL,S1D2,PWRHYDKENXX01,HYDKENXX,2030,0.670550643879552
GLOBAL,S1D2,PWRHYDKENXX01,HYDKENXX,2031,0.670550643879552
GLOBAL,S1D2,PWRHYDKENXX01,HYDKENXX,2032,0.670550643879552
GLOBAL,S1D2,PWRHYDKENXX01,HYDKENXX,2033,0.670550643879552
GLOBAL,S1D2,PWRHYDKENXX01,HYDKENXX,2036,0.670550643879552
GLOBAL,S1D2,PWRHYDKENXX01,HYDKENXX,2037,0.024530200488161347
GLOBAL,S1D2,PWRHYDKENXX01,HYDKENXX,2038,0.670550643879552
GLOBAL,S1D2,PWRHYDKENXX01,HYDKENXX,2039,0.670550643879552
GLOBAL,S1D2,PWRHYDKENXX01,HYDKENXX,2040,0.670550643879552
GLOBAL,S1D2,PWRHYDKENXX01,HYDKENXX,2041,0.670550643879552
GLOBAL,S1D2,PWRHYDKENXX01,HYDKENXX,2042,0.670550643879552
GLOBAL,S1D2,PWRHYDKENXX01,HYDKENXX,2043,0.670550643879552
GLOBAL,S1D2,PWRHYDKENXX01,HYDKENXX,2044,0.670550643879552
GLOBAL,S1D2,PWRHYDKENXX01,HYDKENXX,2045,0.670550643879552
GLOBAL,S1D2,PWRHYDKENXX01,HYDKENXX,2046,0.670550643879552
GLOBAL,S1D2,PWRHYDKENXX01,HYDKENXX,2047,0.23191665907379352
GLOBAL,S1D2,PWRHYDKENXX01,HYDKENXX,2048,0.670550643879552
GLOBAL,S1D2,PWRHYDKENXX01,HYDKENXX,2049,0.670550643879552
GLOBAL,S1D2,PWRHYDKENXX01,HYDKENXX,2050,0.670550643879552
GLOBAL,S1D2,PWRHYDTZAXX01,HYDTZAXX,2021,0.5538872308273916
GLOBAL,S1D2,PWRHYDTZAXX01,HYDTZAXX,2022,0.5538872308273916
GLOBAL,S1D2,PWRHYDTZAXX01,HYDTZAXX,2023,0.5538872308273916
GLOBAL,S1D2,PWRHYDTZAXX01,HYDTZAXX,2024,0.5538872308273916
GLOBAL,S1D2,PWRHYDTZAXX01,HYDTZAXX,2025,0.5538872308273916
GLOBAL,S1D2,PWRHYDTZAXX01,HYDTZAXX,2026,0.6268986961365535
GLOBAL,S1D2,PWRHYDTZAXX01,HYDTZAXX,2027,0.6538261181123015
GLOBAL,S1D2,PWRHYDTZAXX01,HYDTZAXX,2028,0.67990726999633
GLOBAL,S1D2,PWRHYDTZAXX01,HYDTZAXX,2029,0.69212957723712
GLOBAL,S1D2,PWRHYDTZAXX01,HYDTZAXX,2030,0.5538872308273916
GLOBAL,S1D2,PWRHYDTZAXX01,HYDTZAXX,2031,0.69212957723712
GLOBAL,S1D2,PWRHYDTZAXX01,HYDTZAXX,2032,0.69212957723712
GLOBAL,S1D2,PWRHYDTZAXX01,HYDTZAXX,2033,0.69212957723712
GLOBAL,S1D2,PWRHYDTZAXX01,HYDTZAXX,2034,0.69212957723712
GLOBAL,S1D2,PWRHYDTZAXX01,HYDTZAXX,2035,0.69212957723712
GLOBAL,S1D2,PWRHYDTZAXX01,HYDTZAXX,2036,0.69212957723712
GLOBAL,S1D2,PWRHYDTZAXX01,HYDTZAXX,2037,0.4612280345291503
GLOBAL,S1D2,PWRHYDTZAXX01,HYDTZAXX,2038,0.69212957723712
GLOBAL,S1D2,PWRHYDTZAXX01,HYDTZAXX,2039,0.69212957723712
GLOBAL,S1D2,PWRHYDTZAXX01,HYDTZAXX,2040,0.69212957723712
GLOBAL,S1D2,PWRHYDTZAXX01,HYDTZAXX,2041,0.69212957723712
GLOBAL,S1D2,PWRHYDTZAXX01,HYDTZAXX,2042,0.5529693856389101
GLOBAL,S1D2,PWRHYDTZAXX01,HYDTZAXX,2043,0.4612280345291503
GLOBAL,S1D2,PWRHYDTZAXX01,HYDTZAXX,2044,0.69212957723712
GLOBAL,S1D2,PWRHYDTZAXX01,HYDTZAXX,2045,0.5548050760158699
GLOBAL,S1D2,PWRHYDTZAXX01,HYDTZAXX,2046,0.69212957723712
GLOBAL,S1D2,PWRHYDTZAXX01,HYDTZAXX,2047,0.4612280345291503
GLOBAL,S1D2,PWRHYDTZAXX01,HYDTZAXX,2048,0.69212957723712
GLOBAL,S1D2,PWRHYDTZAXX01,HYDTZAXX,2049,0.4612280345291503
GLOBAL,S1D2,PWRHYDTZAXX01,HYDTZAXX,2050,0.4612280345291503
GLOBAL,S1D2,PWRSDSKENXX01,ELCKENXX01,2034,0.001096
GLOBAL,S1D2,PWRSDSKENXX01,ELCKENXX01,2036,0.001096
GLOBAL,S1D2,PWRSPVKENXX01,SPVKENXX,2021,0.05833044488403772
GLOBAL,S1D2,PWRSPVKENXX01,SPVKENXX,2022,0.08484428346769125
GLOBAL,S1D2,PWRSPVKENXX01,SPVKENXX,2023,0.07273918321099965
GLOBAL,S1D2,PWRSPVKENXX01,SPVKENXX,2024,0.09810120275951797
GLOBAL,S1D2,PWRSPVKENXX01,SPVKENXX,2025,0.09810120275951797
GLOBAL,S1D2,PWRSPVKENXX01,SPVKENXX,2026,0.6576256453241494
GLOBAL,S1D2,PWRSPVKENXX01,SPVKENXX,2027,0.7088504624585592
GLOBAL,S1D2,PWRSPVKENXX01,SPVKENXX,2028,0.760075279592969
GLOBAL,S1D2,PWRSPVKENXX01,SPVKENXX,2029,0.8114203427769902
GLOBAL,S1D2,PWRSPVKENXX01,SPVKENXX,2030,0.8626451599114003
GLOBAL,S1D2,PWRSPVKENXX01,SPVKENXX,2031,1.382348586331399
GLOBAL,S1D2,PWRSPVKENXX01,SPVKENXX,2032,1.4709098018701148
GLOBAL,S1D2,PWRSPVKENXX01,SPVKENXX,2033,1.5594710174088298
GLOBAL,S1D2,PWRSPVKENXX01,SPVKENXX,2034,1.6480322329475459
GLOBAL,S1D2,PWRSPVKENXX01,SPVKENXX,2035,1.7364130794118446
GLOBAL,S1D2,PWRSPVKENXX01,SPVKENXX,2036,2.4518169515742185
GLOBAL,S1D2,PWRSPVKENXX01,SPVKENXX,2037,2.5881759718334227
GLOBAL,S1D2,PWRSPVKENXX01,SPVKENXX,2038,2.724775484191849
GLOBAL,S1D2,PWRSPVKENXX01,SPVKENXX,2039,2.861134504451053
GLOBAL,S1D2,PWRSPVKENXX01,SPVKENXX,2040,2.9977340168094786
GLOBAL,S1D2,PWRSPVKENXX01,SPVKENXX,2041,3.1672809467613994
GLOBAL,S1D2,PWRSPVKENXX01,SPVKENXX,2042,3.336587384614097
GLOBAL,S1D2,PWRSPVKENXX01,SPVKENXX,2043,3.506134314566017
GLOBAL,S1D2,PWRSPVKENXX01,SPVKENXX,2044,3.675681244517937
GLOBAL,S1D2,PWRSPVKENXX01,SPVKENXX,2045,3.845228174469857
GLOBAL,S1D2,PWRSPVKENXX01,SPVKENXX,2046,4.057823190182619
GLOBAL,S1D2,PWRSPVKENXX01,SPVKENXX,2047,4.270658697994603
GLOBAL,S1D2,PWRSPVKENXX01,SPVKENXX,2048,4.483253713707366
GLOBAL,S1D2,PWRSPVKENXX01,SPVKENXX,2049,4.695848729420127
GLOBAL,S1D2,PWRSPVKENXX01,SPVKENXX,2050,4.90844374513289
GLOBAL,S1D2,PWRSPVTZAXX01,SPVTZAXX,2026,0.9187900302247393
GLOBAL,S1D2,PWRSPVTZAXX01,SPVTZAXX,2027,0.991225277080107
GLOBAL,S1D2,PWRSPVTZAXX01,SPVTZAXX,2028,1.0637766060618457
GLOBAL,S1D2,PWRSPVTZAXX01,SPVTZAXX,2029,1.1363279350435849
GLOBAL,S1D2,PWRSPVTZAXX01,SPVTZAXX,2030,1.2088792640253232
GLOBAL,S1D2,PWRSPVTZAXX01,SPVTZAXX,2031,1.9447819041528955
GLOBAL,S1D2,PWRSPVTZAXX01,SPVTZAXX,2032,2.076419035457362
GLOBAL,S1D2,PWRSPVTZAXX01,SPVTZAXX,2033,2.2080561667618293
GLOBAL,S1D2,PWRSPVTZAXX01,SPVTZAXX,2034,2.33951917487674
GLOBAL,S1D2,PWRSPVTZAXX01,SPVTZAXX,2035,2.4711563061812063
GLOBAL,S1D2,PWRSPVTZAXX01,SPVTZAXX,2036,3.5033585738702007
GLOBAL,S1D2,PWRSPVTZAXX01,SPVTZAXX,2037,3.711609908579382
GLOBAL,S1D2,PWRSPVTZAXX01,SPVTZAXX,2038,3.9200934075413074
GLOBAL,S1D2,PWRSPVTZAXX01,SPVTZAXX,2039,4.1285769065032305
GLOBAL,S1D2,PWRSPVTZAXX01,SPVTZAXX,2040,4.337060405465156
GLOBAL,S1D2,PWRSPVTZAXX01,SPVTZAXX,2041,4.583386677623953
GLOBAL,S1D2,PWRSPVTZAXX01,SPVTZAXX,2042,4.829712949782754
GLOBAL,S1D2,PWRSPVTZAXX01,SPVTZAXX,2043,5.076039221941554
GLOBAL,S1D2,PWRSPVTZAXX01,SPVTZAXX,2044,5.322597658353093
GLOBAL,S1D2,PWRSPVTZAXX01,SPVTZAXX,2045,5.568923930511892
GLOBAL,S1D2,PWRSPVTZAXX01,SPVTZAXX,2046,5.874684251372533
GLOBAL,S1D2,PWRSPVTZAXX01,SPVTZAXX,2047,6.1804445722331725
GLOBAL,S1D2,PWRSPVTZAXX01,SPVTZAXX,2048,6.486204893093814
GLOBAL,S1D2,PWRSPVTZAXX01,SPVTZAXX,2049,6.791733049701712
GLOBAL,S1D2,PWRSPVTZAXX01,SPVTZAXX,2050,7.0974933705623515
GLOBAL,S1D2,PWRTRNKENXX,ELCKENXX01,2021,2.76
GLOBAL,S1D2,PWRTRNKENXX,ELCKENXX01,2022,2.88
GLOBAL,S1D2,PWRTRNKENXX,ELCKENXX01,2023,2.8494650159882813
GLOBAL,S1D2,PWRTRNKENXX,ELCKENXX01,2024,2.9399999999999995
GLOBAL,S1D2,PWRTRNKENXX,ELCKENXX01,2025,3.0258
GLOBAL,S1D2,PWRTRNKENXX,ELCKENXX01,2026,3.2813999999999997
GLOBAL,S1D2,PWRTRNKENXX,ELCKENXX01,2027,3.5369999999999995
GLOBAL,S1D2,PWRTRNKENXX,ELCKENXX01,2028,3.7926
GLOBAL,S1D2,PWRTRNKENXX,ELCKENXX01,2029,4.0488
GLOBAL,S1D2,PWRTRNKENXX,ELCKENXX01,2030,4.304399999999999
GLOBAL,S1D2,PWRTRNKENXX,ELCKENXX01,2031,4.598399999999999
GLOBAL,S1D2,PWRTRNKENXX,ELCKENXX01,2032,4.893
GLOBAL,S1D2,PWRTRNKENXX,ELCKENXX01,2033,5.187599999999999
GLOBAL,S1D2,PWRTRNKENXX,ELCKENXX01,2034,5.482199999999999
GLOBAL,S1D2,PWRTRNKENXX,ELCKENXX01,2035,5.7762
GLOBAL,S1D2,PWRTRNKENXX,ELCKENXX01,2036,6.117
GLOBAL,S1D2,PWRTRNKENXX,ELCKENXX01,2037,6.457199999999999
GLOBAL,S1D2,PWRTRNKENXX,ELCKENXX01,2038,6.798
GLOBAL,S1D2,PWRTRNKENXX,ELCKENXX01,2039,7.138199999999999
GLOBAL,S1D2,PWRTRNKENXX,ELCKENXX01,2040,7.479
GLOBAL,S1D2,PWRTRNKENXX,ELCKENXX01,2041,7.901999999999999
GLOBAL,S1D2,PWRTRNKENXX,ELCKENXX01,2042,8.3244
GLOBAL,S1D2,PWRTRNKENXX,ELCKENXX01,2043,8.7474
GLOBAL,S1D2,PWRTRNKENXX,ELCKENXX01,2044,9.1704
GLOBAL,S1D2,PWRTRNKENXX,ELCKENXX01,2045,9.5934
GLOBAL,S1D2,PWRTRNKENXX,ELCKENXX01,2046,10.123800000000001
GLOBAL,S1D2,PWRTRNKENXX,ELCKENXX01,2047,10.6548
GLOBAL,S1D2,PWRTRNKENXX,ELCKENXX01,2048,11.185199999999998
GLOBAL,S1D2,PWRTRNKENXX,ELCKENXX01,2049,11.7156
GLOBAL,S1D2,PWRTRNKENXX,ELCKENXX01,2050,12.246000000000002
GLOBAL,S1D2,PWRTRNTZAXX,ELCTZAXX01,2021,1.9494650159882814
GLOBAL,S1D2,PWRTRNTZAXX,ELCTZAXX01,2022,2.1294650159882815
GLOBAL,S1D2,PWRTRNTZAXX,ELCTZAXX01,2023,2.4
GLOBAL,S1D2,PWRTRNTZAXX,ELCTZAXX01,2024,4.0788
GLOBAL,S1D2,PWRTRNTZAXX,ELCTZAXX01,2025,4.373999999999999
GLOBAL,S1D2,PWRTRNTZAXX,ELCTZAXX01,2026,4.748999999999999
GLOBAL,S1D2,PWRTRNTZAXX,ELCTZAXX01,2027,5.123400000000001
GLOBAL,S1D2,PWRTRNTZAXX,ELCTZAXX01,2028,5.498400000000001
GLOBAL,S1D2,PWRTRNTZAXX,ELCTZAXX01,2029,5.8734
GLOBAL,S1D2,PWRTRNTZAXX,ELCTZAXX01,2030,6.248399999999999
GLOBAL,S1D2,PWRTRNTZAXX,ELCTZAXX01,2031,6.7014
GLOBAL,S1D2,PWRTRNTZAXX,ELCTZAXX01,2032,7.154999999999999
GLOBAL,S1D2,PWRTRNTZAXX,ELCTZAXX01,2033,7.608599999999999
GLOBAL,S1D2,PWRTRNTZAXX,ELCTZAXX01,2034,8.0616
GLOBAL,S1D2,PWRTRNTZAXX,ELCTZAXX01,2035,8.5152
GLOBAL,S1D2,PWRTRNTZAXX,ELCTZAXX01,2036,9.054
GLOBAL,S1D2,PWRTRNTZAXX,ELCTZAXX01,2037,9.5922
GLOBAL,S1D2,PWRTRNTZAXX,ELCTZAXX01,2038,10.131
GLOBAL,S1D2,PWRTRNTZAXX,ELCTZAXX01,2039,10.669799999999999
GLOBAL,S1D2,PWRTRNTZAXX,ELCTZAXX01,2040,11.2086
GLOBAL,S1D2,PWRTRNTZAXX,ELCTZAXX01,2041,11.8452
GLOBAL,S1D2,PWRTRNTZAXX,ELCTZAXX01,2042,12.481800000000002
GLOBAL,S1D2,PWRTRNTZAXX,ELCTZAXX01,2043,13.118399999999998
GLOBAL,S1D2,PWRTRNTZAXX,ELCTZAXX01,2044,13.7556
GLOBAL,S1D2,PWRTRNTZAXX,ELCTZAXX01,2045,14.392200000000003
GLOBAL,S1D2,PWRTRNTZAXX,ELCTZAXX01,2046,15.182399999999996
GLOBAL,S1D2,PWRTRNTZAXX,ELCTZAXX01,2047,15.9726
GLOBAL,S1D2,PWRTRNTZAXX,ELCTZAXX01,2048,16.7628
GLOBAL,S1D2,PWRTRNTZAXX,ELCTZAXX01,2049,17.5524
GLOBAL,S1D2,PWRTRNTZAXX,ELCTZAXX01,2050,18.342599999999997
GLOBAL,S1D2,PWRWONKENXX01,WONKENXX,2021,0.13959212101632001
GLOBAL,S1D2,PWRWONKENXX01,WONKENXX,2022,0.13959212101632001
GLOBAL,S1D2,PWRWONKENXX01,WONKENXX,2023,0.13959212101632001
GLOBAL,S1D2,PWRWONKENXX01,WONKENXX,2024,0.135004859136
GLOBAL,S1D2,PWRWONKENXX01,WONKENXX,2025,0.135004859136
GLOBAL,S1D2,PWRWONKENXX01,WONKENXX,2026,0.135004859136
GLOBAL,S1D2,PWRWONKENXX01,WONKENXX,2027,0.135004859136
GLOBAL,S1D2,PWRWONKENXX01,WONKENXX,2028,0.135004859136
GLOBAL,S1D2,PWRWONKENXX01,WONKENXX,2029,0.135004859136
GLOBAL,S1D2,PWRWONKENXX01,WONKENXX,2030,0.135004859136
GLOBAL,S1D2,PWRWONKENXX01,WONKENXX,2031,0.135004859136
GLOBAL,S1D2,PWRWONKENXX01,WONKENXX,2032,0.02852733346416013
GLOBAL,S1D2,PWRWONKENXX01,WONKENXX,2033,0.02852733346416013
GLOBAL,S1D2,PWRWONKENXX01,WONKENXX,2034,0.029693531590560082
GLOBAL,S1D2,PWRWONKENXX01,WONKENXX,2035,0.135004859136
GLOBAL,S1D2,PWRWONKENXX01,WONKENXX,2036,0.135004859136
GLOBAL,S1D2,PWRWONKENXX01,WONKENXX,2037,0.135004859136
GLOBAL,S1D2,PWRWONKENXX01,WONKENXX,2038,0.053855604315360156
GLOBAL,S1D2,PWRWONKENXX01,WONKENXX,2039,0.02852733346416013
GLOBAL,S1D2,PWRWONKENXX01,WONKENXX,2040,0.135004859136
GLOBAL,S1D2,PWRWONKENXX01,WONKENXX,2041,0.02852733346416013
GLOBAL,S1D2,PWRWONKENXX01,WONKENXX,2042,0.135004859136
GLOBAL,S1D2,PWRWONKENXX01,WONKENXX,2043,0.135004859136
GLOBAL,S1D2,PWRWONKENXX01,WONKENXX,2044,0.1328346591537601
GLOBAL,S1D2,PWRWONKENXX01,WONKENXX,2045,0.135004859136
GLOBAL,S1D2,PWRWONKENXX01,WONKENXX,2046,0.11510187805296015
GLOBAL,S1D2,PWRWONKENXX01,WONKENXX,2047,0.135004859136
GLOBAL,S1D2,TRNKENXXTZAXX,ELCKENXX02,2023,0.02946501598828137
GLOBAL,S1D2,TRNKENXXTZAXX,ELCTZAXX02,2021,0.02946501598828137
GLOBAL,S1D2,TRNKENXXTZAXX,ELCTZAXX02,2022,0.02946501598828137
GLOBAL,S1D3,PWRBIOKENXX01,BIOKENXX,2021,0.49149234432000005
GLOBAL,S1D3,PWRBIOKENXX01,BIOKENXX,2022,0.49149234432000005
GLOBAL,S1D3,PWRBIOKENXX01,BIOKENXX,2023,0.09975022386392582
GLOBAL,S1D3,PWRBIOKENXX01,BIOKENXX,2024,0.6802008514769644
GLOBAL,S1D3,PWRBIOKENXX01,BIOKENXX,2025,1.613790044470036
GLOBAL,S1D3,PWRBIOKENXX01,BIOKENXX,2027,2.095778318957019
GLOBAL,S1D3,PWRBIOKENXX01,BIOKENXX,2029,1.5455278765773617
GLOBAL,S1D3,PWRBIOKENXX01,BIOKENXX,2032,0.003855972947785897
GLOBAL,S1D3,PWRBIOKENXX01,BIOKENXX,2038,1.8629974759796255
GLOBAL,S1D3,PWRBIOKENXX01,BIOKENXX,2040,0.3403887713280113
GLOBAL,S1D3,PWRBIOKENXX01,BIOKENXX,2041,9.036944764820417
GLOBAL,S1D3,PWRBIOKENXX01,BIOKENXX,2042,2.271293280685373
GLOBAL,S1D3,PWRBIOKENXX01,BIOKENXX,2043,0.1475016117888027
GLOBAL,S1D3,PWRBIOKENXX01,BIOKENXX,2044,0.1426499775516223
GLOBAL,S1D3,PWRBIOKENXX01,BIOKENXX,2045,0.48332292239745167
GLOBAL,S1D3,PWRBIOKENXX01,BIOKENXX,2046,0.1317148757035702
GLOBAL,S1D3,PWRBIOKENXX01,BIOKENXX,2047,8.63406323606882
GLOBAL,S1D3,PWRBIOKENXX01,BIOKENXX,2048,0.1648889379518389
GLOBAL,S1D3,PWRBIOKENXX01,BIOKENXX,2049,9.644093259590461
GLOBAL,S1D3,PWRBIOKENXX01,BIOKENXX,2050,10.24778738308958
GLOBAL,S1D3,PWRBIOTZAXX01,BIOTZAXX,2028,2.4539418158066937
GLOBAL,S1D3,PWRBIOTZAXX01,BIOTZAXX,2037,7.620075710325664
GLOBAL,S1D3,PWRBIOTZAXX01,BIOTZAXX,2041,4.019601717093899
GLOBAL,S1D3,PWRBIOTZAXX01,BIOTZAXX,2042,4.283418942371627
GLOBAL,S1D3,PWRGEOKENXX01,GEOKENXX,2021,1.8525683298256364
GLOBAL,S1D3,PWRGEOKENXX01,GEOKENXX,2022,1.8221624989368492
GLOBAL,S1D3,PWRGEOKENXX01,GEOKENXX,2023,1.9560947193492326
GLOBAL,S1D3,PWRGEOKENXX01,GEOKENXX,2024,1.9560947193492326
GLOBAL,S1D3,PWRGEOKENXX01,GEOKENXX,2025,1.990722554746668
GLOBAL,S1D3,PWRGEOKENXX01,GEOKENXX,2026,1.990722554746668
GLOBAL,S1D3,PWRGEOKENXX01,GEOKENXX,2027,1.3850346854213738
GLOBAL,S1D3,PWRGEOKENXX01,GEOKENXX,2028,2.305513248686013
GLOBAL,S1D3,PWRGEOKENXX01,GEOKENXX,2029,1.9683946919319482
GLOBAL,S1D3,PWRGEOKENXX01,GEOKENXX,2030,2.6618609749802484
GLOBAL,S1D3,PWRGEOKENXX01,GEOKENXX,2031,2.4372535485602493
GLOBAL,S1D3,PWRGEOKENXX01,GEOKENXX,2032,2.6409760884178035
GLOBAL,S1D3,PWRGEOKENXX01,GEOKENXX,2033,2.8482351174828184
GLOBAL,S1D3,PWRGEOKENXX01,GEOKENXX,2034,3.0542739019441023
GLOBAL,S1D3,PWRGEOKENXX01,GEOKENXX,2035,3.259893055479804
GLOBAL,S1D3,PWRGEOKENXX01,GEOKENXX,2036,2.8852891833174295
GLOBAL,S1D3,PWRGEOKENXX01,GEOKENXX,2037,3.1984733842870257
GLOBAL,S1D3,PWRGEOKENXX01,GEOKENXX,2038,3.37432513129466
GLOBAL,S1D3,PWRGEOKENXX01,GEOKENXX,2039,3.4971716304405955
GLOBAL,S1D3,PWRGEOKENXX01,GEOKENXX,2040,3.700131678143879
GLOBAL,S1D3,PWRGEOKENXX01,GEOKENXX,2041,1.0950325410351804
GLOBAL,S1D3,PWRGEOKENXX01,GEOKENXX,2042,4.159705697737682
GLOBAL,S1D3,PWRGEOKENXX01,GEOKENXX,2043,4.414694095076011
GLOBAL,S1D3,PWRGEOKENXX01,GEOKENXX,2044,4.669682492414337
GLOBAL,S1D3,PWRGEOKENXX01,GEOKENXX,2045,4.924670889752663
GLOBAL,S1D3,PWRGEOKENXX01,GEOKENXX,2046,5.244401022018024
GLOBAL,S1D3,PWRGEOKENXX01,GEOKENXX,2047,2.981292165699002
GLOBAL,S1D3,PWRGEOKENXX01,GEOKENXX,2048,5.9792155987574365
GLOBAL,S1D3,PWRGEOKENXX01,GEOKENXX,2049,3.297272379994479
GLOBAL,S1D3,PWRGEOKENXX01,GEOKENXX,2050,3.4240349201364255
GLOBAL,S1D3,PWRGEOTZAXX01,GEOTZAXX,2021,1.0755777851608899
GLOBAL,S1D3,PWRGEOTZAXX01,GEOTZAXX,2022,1.22557778516089
GLOBAL,S1D3,PWRGEOTZAXX01,GEOTZAXX,2023,1.4177196904659808
GLOBAL,S1D3,PWRGEOTZAXX01,GEOTZAXX,2024,2.845112769172608
GLOBAL,S1D3,PWRGEOTZAXX01,GEOTZAXX,2025,3.0911127691726086
GLOBAL,S1D3,PWRGEOTZAXX01,GEOTZAXX,2026,2.4118112736387074
GLOBAL,S1D3,PWRGEOTZAXX01,GEOTZAXX,2027,2.624448604807591
GLOBAL,S1D3,PWRGEOTZAXX01,GEOTZAXX,2028,2.10139665973561
GLOBAL,S1D3,PWRGEOTZAXX01,GEOTZAXX,2029,3.066042487719295
GLOBAL,S1D3,PWRGEOTZAXX01,GEOTZAXX,2030,3.444233505147285
GLOBAL,S1D3,PWRGEOTZAXX01,GEOTZAXX,2031,2.947588518609985
GLOBAL,S1D3,PWRGEOTZAXX01,GEOTZAXX,2032,3.1939513873055185
GLOBAL,S1D3,PWRGEOTZAXX01,GEOTZAXX,2033,3.4403142560010505
GLOBAL,S1D3,PWRGEOTZAXX01,GEOTZAXX,2034,3.6863512478861398
GLOBAL,S1D3,PWRGEOTZAXX01,GEOTZAXX,2035,3.932714116581674
GLOBAL,S1D3,PWRGEOTZAXX01,GEOTZAXX,2036,3.3495118488926794
GLOBAL,S1D3,PWRGEOTZAXX01,GEOTZAXX,2037,1.3014494900616769
GLOBAL,S1D3,PWRGEOTZAXX01,GEOTZAXX,2038,3.830277015221573
GLOBAL,S1D3,PWRGEOTZAXX01,GEOTZAXX,2039,4.76292309349677
GLOBAL,S1D3,PWRGEOTZAXX01,GEOTZAXX,2040,4.311310017297724
GLOBAL,S1D3,PWRGEOTZAXX01,GEOTZAXX,2041,3.388396142408026
GLOBAL,S1D3,PWRGEOTZAXX01,GEOTZAXX,2042,3.593345478273932
GLOBAL,S1D3,PWRGEOTZAXX01,GEOTZAXX,2043,5.163831200821327
GLOBAL,S1D3,PWRGEOTZAXX01,GEOTZAXX,2044,5.4482727644097855
GLOBAL,S1D3,PWRGEOTZAXX01,GEOTZAXX,2045,5.732446492250988
GLOBAL,S1D3,PWRGEOTZAXX01,GEOTZAXX,2046,6.085186171390347
GLOBAL,S1D3,PWRGEOTZAXX01,GEOTZAXX,2047,6.437925850529707
GLOBAL,S1D3,PWRGEOTZAXX01,GEOTZAXX,2048,6.7906655296690674
GLOBAL,S1D3,PWRGEOTZAXX01,GEOTZAXX,2049,7.143137373061168
GLOBAL,S1D3,PWRGEOTZAXX01,GEOTZAXX,2050,7.49587705220053
GLOBAL,S1D3,PWRHYDKENXX01,HYDKENXX,2021,0.5466586515744178
GLOBAL,S1D3,PWRHYDKENXX01,HYDKENXX,2022,0.670550643879552
GLOBAL,S1D3,PWRHYDKENXX01,HYDKENXX,2023,0.670550643879552
GLOBAL,S1D3,PWRHYDKENXX01,HYDKENXX,2024,0.670550643879552
GLOBAL,S1D3,PWRHYDKENXX01,HYDKENXX,2025,0.3169399692175341
GLOBAL,S1D3,PWRHYDKENXX01,HYDKENXX,2026,0.5237085787003829
GLOBAL,S1D3,PWRHYDKENXX01,HYDKENXX,2027,0.670550643879552
GLOBAL,S1D3,PWRHYDKENXX01,HYDKENXX,2028,0.6176682504922177
GLOBAL,S1D3,PWRHYDKENXX01,HYDKENXX,2029,0.670550643879552
GLOBAL,S1D3,PWRHYDKENXX01,HYDKENXX,2030,0.670550643879552
GLOBAL,S1D3,PWRHYDKENXX01,HYDKENXX,2031,0.670550643879552
GLOBAL,S1D3,PWRHYDKENXX01,HYDKENXX,2032,0.670550643879552
GLOBAL,S1D3,PWRHYDKENXX01,HYDKENXX,2033,0.670550643879552
GLOBAL,S1D3,PWRHYDKENXX01,HYDKENXX,2034,0.670550643879552
GLOBAL,S1D3,PWRHYDKENXX01,HYDKENXX,2035,0.670550643879552
GLOBAL,S1D3,PWRHYDKENXX01,HYDKENXX,2036,0.670550643879552
GLOBAL,S1D3,PWRHYDKENXX01,HYDKENXX,2037,0.670550643879552
GLOBAL,S1D3,PWRHYDKENXX01,HYDKENXX,2039,0.670550643879552
GLOBAL,S1D3,PWRHYDKENXX01,HYDKENXX,2040,0.670550643879552
GLOBAL,S1D3,PWRHYDKENXX01,HYDKENXX,2041,0.670550643879552
GLOBAL,S1D3,PWRHYDKENXX01,HYDKENXX,2043,0.670550643879552
GLOBAL,S1D3,PWRHYDKENXX01,HYDKENXX,2044,0.670550643879552
GLOBAL,S1D3,PWRHYDKENXX01,HYDKENXX,2045,0.670550643879552
GLOBAL,S1D3,PWRHYDKENXX01,HYDKENXX,2046,0.670550643879552
GLOBAL,S1D3,PWRHYDKENXX01,HYDKENXX,2047,0.670550643879552
GLOBAL,S1D3,PWRHYDKENXX01,HYDKENXX,2048,0.670550643879552
GLOBAL,S1D3,PWRHYDKENXX01,HYDKENXX,2049,0.670550643879552
GLOBAL,S1D3,PWRHYDKENXX01,HYDKENXX,2050,0.670550643879552
GLOBAL,S1D3,PWRHYDTZAXX01,HYDTZAXX,2021,0.5538872308273916
GLOBAL,S1D3,PWRHYDTZAXX01,HYDTZAXX,2022,0.5538872308273916
GLOBAL,S1D3,PWRHYDTZAXX01,HYDTZAXX,2023,0.5538872308273916
GLOBAL,S1D3,PWRHYDTZAXX01,HYDTZAXX,2024,0.5538872308273916
GLOBAL,S1D3,PWRHYDTZAXX01,HYDTZAXX,2025,0.5538872308273916
GLOBAL,S1D3,PWRHYDTZAXX01,HYDTZAXX,2026,0.6268986961365535
GLOBAL,S1D3,PWRHYDTZAXX01,HYDTZAXX,2027,0.6538261181123015
GLOBAL,S1D3,PWRHYDTZAXX01,HYDTZAXX,2028,0.67990726999633
GLOBAL,S1D3,PWRHYDTZAXX01,HYDTZAXX,2029,0.69212957723712
GLOBAL,S1D3,PWRHYDTZAXX01,HYDTZAXX,2030,0.5538872308273916
GLOBAL,S1D3,PWRHYDTZAXX01,HYDTZAXX,2031,0.69212957723712
GLOBAL,S1D3,PWRHYDTZAXX01,HYDTZAXX,2032,0.69212957723712
GLOBAL,S1D3,PWRHYDTZAXX01,HYDTZAXX,2033,0.69212957723712
GLOBAL,S1D3,PWRHYDTZAXX01,HYDTZAXX,2034,0.69212957723712
GLOBAL,S1D3,PWRHYDTZAXX01,HYDTZAXX,2035,0.69212957723712
GLOBAL,S1D3,PWRHYDTZAXX01,HYDTZAXX,2036,0.69212957723712
GLOBAL,S1D3,PWRHYDTZAXX01,HYDTZAXX,2037,0.69212957723712
GLOBAL,S1D3,PWRHYDTZAXX01,HYDTZAXX,2038,0.69212957723712
GLOBAL,S1D3,PWRHYDTZAXX01,HYDTZAXX,2040,0.69212957723712
GLOBAL,S1D3,PWRHYDTZAXX01,HYDTZAXX,2041,0.69212957723712
GLOBAL,S1D3,PWRHYDTZAXX01,HYDTZAXX,2042,0.69212957723712
GLOBAL,S1D3,PWRHYDTZAXX01,HYDTZAXX,2043,0.69212957723712
GLOBAL,S1D3,PWRHYDTZAXX01,HYDTZAXX,2044,0.69212957723712
GLOBAL,S1D3,PWRHYDTZAXX01,HYDTZAXX,2045,0.69212957723712
GLOBAL,S1D3,PWRHYDTZAXX01,HYDTZAXX,2046,0.69212957723712
GLOBAL,S1D3,PWRHYDTZAXX01,HYDTZAXX,2047,0.69212957723712
GLOBAL,S1D3,PWRHYDTZAXX01,HYDTZAXX,2048,0.69212957723712
GLOBAL,S1D3,PWRHYDTZAXX01,HYDTZAXX,2049,0.69212957723712
GLOBAL,S1D3,PWRHYDTZAXX01,HYDTZAXX,2050,0.69212957723712
GLOBAL,S1D3,PWRSDSKENXX01,ELCKENXX01,2031,0.001096
GLOBAL,S1D3,PWRSPVKENXX01,SPVKENXX,2021,0.05833044488403772
GLOBAL,S1D3,PWRSPVKENXX01,SPVKENXX,2022,0.08484428346769125
GLOBAL,S1D3,PWRSPVKENXX01,SPVKENXX,2023,0.07273918321099965
GLOBAL,S1D3,PWRSPVKENXX01,SPVKENXX,2024,0.09810120275951797
GLOBAL,S1D3,PWRSPVKENXX01,SPVKENXX,2025,0.09810120275951797
GLOBAL,S1D3,PWRSPVKENXX01,SPVKENXX,2026,0.6576256453241494
GLOBAL,S1D3,PWRSPVKENXX01,SPVKENXX,2027,0.7088504624585592
GLOBAL,S1D3,PWRSPVKENXX01,SPVKENXX,2028,0.760075279592969
GLOBAL,S1D3,PWRSPVKENXX01,SPVKENXX,2029,0.8114203427769902
GLOBAL,S1D3,PWRSPVKENXX01,SPVKENXX,2030,0.8626451599114003
GLOBAL,S1D3,PWRSPVKENXX01,SPVKENXX,2031,1.382348586331399
GLOBAL,S1D3,PWRSPVKENXX01,SPVKENXX,2032,1.4709098018701148
GLOBAL,S1D3,PWRSPVKENXX01,SPVKENXX,2033,1.5594710174088298
GLOBAL,S1D3,PWRSPVKENXX01,SPVKENXX,2034,1.6480322329475459
GLOBAL,S1D3,PWRSPVKENXX01,SPVKENXX,2035,1.7364130794118446
GLOBAL,S1D3,PWRSPVKENXX01,SPVKENXX,2036,2.4518169515742185
GLOBAL,S1D3,PWRSPVKENXX01,SPVKENXX,2037,2.5881759718334227
GLOBAL,S1D3,PWRSPVKENXX01,SPVKENXX,2038,2.724775484191849
GLOBAL,S1D3,PWRSPVKENXX01,SPVKENXX,2039,2.861134504451053
GLOBAL,S1D3,PWRSPVKENXX01,SPVKENXX,2040,2.9977340168094786
GLOBAL,S1D3,PWRSPVKENXX01,SPVKENXX,2041,3.1672809467613994
GLOBAL,S1D3,PWRSPVKENXX01,SPVKENXX,2042,3.336587384614097
GLOBAL,S1D3,PWRSPVKENXX01,SPVKENXX,2043,3.506134314566017
GLOBAL,S1D3,PWRSPVKENXX01,SPVKENXX,2044,3.675681244517937
GLOBAL,S1D3,PWRSPVKENXX01,SPVKENXX,2045,3.845228174469857
GLOBAL,S1D3,PWRSPVKENXX01,SPVKENXX,2046,4.057823190182619
GLOBAL,S1D3,PWRSPVKENXX01,SPVKENXX,2047,4.270658697994603
GLOBAL,S1D3,PWRSPVKENXX01,SPVKENXX,2048,4.483253713707366
GLOBAL,S1D3,PWRSPVKENXX01,SPVKENXX,2049,4.695848729420127
GLOBAL,S1D3,PWRSPVKENXX01,SPVKENXX,2050,4.90844374513289
GLOBAL,S1D3,PWRSPVTZAXX01,SPVTZAXX,2026,0.9187900302247393
GLOBAL,S1D3,PWRSPVTZAXX01,SPVTZAXX,2027,0.991225277080107
GLOBAL,S1D3,PWRSPVTZAXX01,SPVTZAXX,2028,1.0637766060618457
GLOBAL,S1D3,PWRSPVTZAXX01,SPVTZAXX,2029,1.1363279350435849
GLOBAL,S1D3,PWRSPVTZAXX01,SPVTZAXX,2030,1.2088792640253232
GLOBAL,S1D3,PWRSPVTZAXX01,SPVTZAXX,2031,1.9447819041528955
GLOBAL,S1D3,PWRSPVTZAXX01,SPVTZAXX,2032,2.076419035457362
GLOBAL,S1D3,PWRSPVTZAXX01,SPVTZAXX,2033,2.2080561667618293
GLOBAL,S1D3,PWRSPVTZAXX01,SPVTZAXX,2034,2.33951917487674
GLOBAL,S1D3,PWRSPVTZAXX01,SPVTZAXX,2035,2.4711563061812063
GLOBAL,S1D3,PWRSPVTZAXX01,SPVTZAXX,2036,3.5033585738702007
GLOBAL,S1D3,PWRSPVTZAXX01,SPVTZAXX,2037,3.711609908579382
GLOBAL,S1D3,PWRSPVTZAXX01,SPVTZAXX,2038,3.9200934075413074
GLOBAL,S1D3,PWRSPVTZAXX01,SPVTZAXX,2039,4.1285769065032305
GLOBAL,S1D3,PWRSPVTZAXX01,SPVTZAXX,2040,4.337060405465156
GLOBAL,S1D3,PWRSPVTZAXX01,SPVTZAXX,2041,4.583386677623953
GLOBAL,S1D3,PWRSPVTZAXX01,SPVTZAXX,2042,4.829712949782754
GLOBAL,S1D3,PWRSPVTZAXX01,SPVTZAXX,2043,5.076039221941554
GLOBAL,S1D3,PWRSPVTZAXX01,SPVTZAXX,2044,5.322597658353093
GLOBAL,S1D3,PWRSPVTZAXX01,SPVTZAXX,2045,5.568923930511892
GLOBAL,S1D3,PWRSPVTZAXX01,SPVTZAXX,2046,5.874684251372533
GLOBAL,S1D3,PWRSPVTZAXX01,SPVTZAXX,2047,6.1804445722331725
GLOBAL,S1D3,PWRSPVTZAXX01,SPVTZAXX,2048,6.486204893093814
GLOBAL,S1D3,PWRSPVTZAXX01,SPVTZAXX,2049,6.791733049701712
GLOBAL,S1D3,PWRSPVTZAXX01,SPVTZAXX,2050,7.0974933705623515
GLOBAL,S1D3,PWRTRNKENXX,ELCKENXX01,2021,2.76
GLOBAL,S1D3,PWRTRNKENXX,ELCKENXX01,2022,2.88
GLOBAL,S1D3,PWRTRNKENXX,ELCKENXX01,2023,2.8494650159882813
GLOBAL,S1D3,PWRTRNKENXX,ELCKENXX01,2024,2.9399999999999995
GLOBAL,S1D3,PWRTRNKENXX,ELCKENXX01,2025,3.0258
GLOBAL,S1D3,PWRTRNKENXX,ELCKENXX01,2026,3.2813999999999997
GLOBAL,S1D3,PWRTRNKENXX,ELCKENXX01,2027,3.5369999999999995
GLOBAL,S1D3,PWRTRNKENXX,ELCKENXX01,2028,3.7926
GLOBAL,S1D3,PWRTRNKENXX,ELCKENXX01,2029,4.0488
GLOBAL,S1D3,PWRTRNKENXX,ELCKENXX01,2030,4.304399999999999
GLOBAL,S1D3,PWRTRNKENXX,ELCKENXX01,2031,4.598399999999999
GLOBAL,S1D3,PWRTRNKENXX,ELCKENXX01,2032,4.893
GLOBAL,S1D3,PWRTRNKENXX,ELCKENXX01,2033,5.187599999999999
GLOBAL,S1D3,PWRTRNKENXX,ELCKENXX01,2034,5.482199999999999
GLOBAL,S1D3,PWRTRNKENXX,ELCKENXX01,2035,5.7762
GLOBAL,S1D3,PWRTRNKENXX,ELCKENXX01,2036,6.117
GLOBAL,S1D3,PWRTRNKENXX,ELCKENXX01,2037,6.457199999999999
GLOBAL,S1D3,PWRTRNKENXX,ELCKENXX01,2038,6.798
GLOBAL,S1D3,PWRTRNKENXX,ELCKENXX01,2039,7.138199999999999
GLOBAL,S1D3,PWRTRNKENXX,ELCKENXX01,2040,7.479
GLOBAL,S1D3,PWRTRNKENXX,ELCKENXX01,2041,7.901999999999999
GLOBAL,S1D3,PWRTRNKENXX,ELCKENXX01,2042,8.3244
GLOBAL,S1D3,PWRTRNKENXX,ELCKENXX01,2043,8.7474
GLOBAL,S1D3,PWRTRNKENXX,ELCKENXX01,2044,9.1704
GLOBAL,S1D3,PWRTRNKENXX,ELCKENXX01,2045,9.5934
GLOBAL,S1D3,PWRTRNKENXX,ELCKENXX01,2046,10.123800000000001
GLOBAL,S1D3,PWRTRNKENXX,ELCKENXX01,2047,10.6548
GLOBAL,S1D3,PWRTRNKENXX,ELCKENXX01,2048,11.185199999999998
GLOBAL,S1D3,PWRTRNKENXX,ELCKENXX01,2049,11.7156
GLOBAL,S1D3,PWRTRNKENXX,ELCKENXX01,2050,12.246000000000002
GLOBAL,S1D3,PWRTRNTZAXX,ELCTZAXX01,2021,1.6294650159882815
GLOBAL,S1D3,PWRTRNTZAXX,ELCTZAXX01,2022,1.7794650159882814
GLOBAL,S1D3,PWRTRNTZAXX,ELCTZAXX01,2023,2.0
GLOBAL,S1D3,PWRTRNTZAXX,ELCTZAXX01,2024,3.399
GLOBAL,S1D3,PWRTRNTZAXX,ELCTZAXX01,2025,3.645
GLOBAL,S1D3,PWRTRNTZAXX,ELCTZAXX01,2026,3.9574999999999996
GLOBAL,S1D3,PWRTRNTZAXX,ELCTZAXX01,2027,4.269499999999999
GLOBAL,S1D3,PWRTRNTZAXX,ELCTZAXX01,2028,4.582000000000001
GLOBAL,S1D3,PWRTRNTZAXX,ELCTZAXX01,2029,4.8945
GLOBAL,S1D3,PWRTRNTZAXX,ELCTZAXX01,2030,5.207000000000001
GLOBAL,S1D3,PWRTRNTZAXX,ELCTZAXX01,2031,5.5845
GLOBAL,S1D3,PWRTRNTZAXX,ELCTZAXX01,2032,5.9624999999999995
GLOBAL,S1D3,PWRTRNTZAXX,ELCTZAXX01,2033,6.3405
GLOBAL,S1D3,PWRTRNTZAXX,ELCTZAXX01,2034,6.718
GLOBAL,S1D3,PWRTRNTZAXX,ELCTZAXX01,2035,7.095999999999999
GLOBAL,S1D3,PWRTRNTZAXX,ELCTZAXX01,2036,7.545
GLOBAL,S1D3,PWRTRNTZAXX,ELCTZAXX01,2037,7.993500000000001
GLOBAL,S1D3,PWRTRNTZAXX,ELCTZAXX01,2038,8.4425
GLOBAL,S1D3,PWRTRNTZAXX,ELCTZAXX01,2039,8.8915
GLOBAL,S1D3,PWRTRNTZAXX,ELCTZAXX01,2040,9.3405
GLOBAL,S1D3,PWRTRNTZAXX,ELCTZAXX01,2041,9.871
GLOBAL,S1D3,PWRTRNTZAXX,ELCTZAXX01,2042,10.4015
GLOBAL,S1D3,PWRTRNTZAXX,ELCTZAXX01,2043,10.931999999999999
GLOBAL,S1D3,PWRTRNTZAXX,ELCTZAXX01,2044,11.463000000000001
GLOBAL,S1D3,PWRTRNTZAXX,ELCTZAXX01,2045,11.9935
GLOBAL,S1D3,PWRTRNTZAXX,ELCTZAXX01,2046,12.652
GLOBAL,S1D3,PWRTRNTZAXX,ELCTZAXX01,2047,13.310499999999998
GLOBAL,S1D3,PWRTRNTZAXX,ELCTZAXX01,2048,13.969000000000001
GLOBAL,S1D3,PWRTRNTZAXX,ELCTZAXX01,2049,14.627
GLOBAL,S1D3,PWRTRNTZAXX,ELCTZAXX01,2050,15.2855
GLOBAL,S1D3,PWRWONKENXX01,WONKENXX,2021,0.11851394300927999
GLOBAL,S1D3,PWRWONKENXX01,WONKENXX,2022,0.11851394300927999
GLOBAL,S1D3,PWRWONKENXX01,WONKENXX,2023,0.11851394300927999
GLOBAL,S1D3,PWRWONKENXX01,WONKENXX,2025,0.1093432212288
GLOBAL,S1D3,PWRWONKENXX01,WONKENXX,2026,0.1093432212288
GLOBAL,S1D3,PWRWONKENXX01,WONKENXX,2027,0.1093432212288
GLOBAL,S1D3,PWRWONKENXX01,WONKENXX,2028,0.1093432212288
GLOBAL,S1D3,PWRWONKENXX01,WONKENXX,2029,0.1093432212288
GLOBAL,S1D3,PWRWONKENXX01,WONKENXX,2030,0.1093432212288
GLOBAL,S1D3,PWRWONKENXX01,WONKENXX,2031,0.1093432212288
GLOBAL,S1D3,PWRWONKENXX01,WONKENXX,2032,0.1093432212288
GLOBAL,S1D3,PWRWONKENXX01,WONKENXX,2033,0.1093432212288
GLOBAL,S1D3,PWRWONKENXX01,WONKENXX,2034,0.1093432212288
GLOBAL,S1D3,PWRWONKENXX01,WONKENXX,2035,0.1093432212288
GLOBAL,S1D3,PWRWONKENXX01,WONKENXX,2036,0.1093432212288
GLOBAL,S1D3,PWRWONKENXX01,WONKENXX,2038,0.1093432212288
GLOBAL,S1D3,PWRWONKENXX01,WONKENXX,2039,0.1093432212288
GLOBAL,S1D3,PWRWONKENXX01,WONKENXX,2040,0.0028656955569601322
GLOBAL,S1D3,PWRWONKENXX01,WONKENXX,2041,0.1093432212288
GLOBAL,S1D3,PWRWONKENXX01,WONKENXX,2042,0.1093432212288
GLOBAL,S1D3,PWRWONKENXX01,WONKENXX,2043,0.1093432212288
GLOBAL,S1D3,PWRWONKENXX01,WONKENXX,2044,0.1093432212288
GLOBAL,S1D3,PWRWONKENXX01,WONKENXX,2046,0.1093432212288
GLOBAL,S1D3,TRNKENXXTZAXX,ELCKENXX02,2023,0.02946501598828137
GLOBAL,S1D3,TRNKENXXTZAXX,ELCTZAXX02,2021,0.02946501598828137
GLOBAL,S1D3,TRNKENXXTZAXX,ELCTZAXX02,2022,0.02946501598828137
GLOBAL,S1D4,PWRBIOKENXX01,BIOKENXX,2021,0.10958249621668964
GLOBAL,S1D4,PWRBIOKENXX01,BIOKENXX,2022,0.11248987089012606
GLOBAL,S1D4,PWRBIOKENXX01,BIOKENXX,2023,0.49149234432000005
GLOBAL,S1D4,PWRBIOKENXX01,BIOKENXX,2024,0.3746228740143843
GLOBAL,S1D4,PWRBIOKENXX01,BIOKENXX,2025,0.6888090646208941
GLOBAL,S1D4,PWRBIOKENXX01,BIOKENXX,2026,1.613790044470036
GLOBAL,S1D4,PWRBIOKENXX01,BIOKENXX,2027,0.6562554795098104
GLOBAL,S1D4,PWRBIOKENXX01,BIOKENXX,2028,2.3068143732644035
GLOBAL,S1D4,PWRBIOKENXX01,BIOKENXX,2029,0.8128230242908834
GLOBAL,S1D4,PWRBIOKENXX01,BIOKENXX,2030,2.8342959423666216
GLOBAL,S1D4,PWRBIOKENXX01,BIOKENXX,2031,3.0423385731697525
GLOBAL,S1D4,PWRBIOKENXX01,BIOKENXX,2032,1.4326126599566151
GLOBAL,S1D4,PWRBIOKENXX01,BIOKENXX,2033,3.9255647024963167
GLOBAL,S1D4,PWRBIOKENXX01,BIOKENXX,2034,4.192466559393891
GLOBAL,S1D4,PWRBIOKENXX01,BIOKENXX,2035,4.782694545109066
GLOBAL,S1D4,PWRBIOKENXX01,BIOKENXX,2036,1.6611620203407969
GLOBAL,S1D4,PWRBIOKENXX01,BIOKENXX,2037,5.937580711875721
GLOBAL,S1D4,PWRBIOKENXX01,BIOKENXX,2038,3.2186393274848024
GLOBAL,S1D4,PWRBIOKENXX01,BIOKENXX,2039,3.5266969956983734
GLOBAL,S1D4,PWRBIOKENXX01,BIOKENXX,2040,3.835061932166352
GLOBAL,S1D4,PWRBIOKENXX01,BIOKENXX,2041,4.209815894074482
GLOBAL,S1D4,PWRBIOKENXX01,BIOKENXX,2042,4.4226693851835375
GLOBAL,S1D4,PWRBIOKENXX01,BIOKENXX,2043,4.642756864547008
GLOBAL,S1D4,PWRBIOKENXX01,BIOKENXX,2044,4.85938098391048
GLOBAL,S1D4,PWRBIOKENXX01,BIOKENXX,2045,11.789678286907678
GLOBAL,S1D4,PWRBIOKENXX01,BIOKENXX,2046,5.347630240177942
GLOBAL,S1D4,PWRBIOKENXX01,BIOKENXX,2047,5.6199955653363505
GLOBAL,S1D4,PWRBIOKENXX01,BIOKENXX,2048,6.021273333162287
GLOBAL,S1D4,PWRBIOKENXX01,BIOKENXX,2049,6.29289847006626
GLOBAL,S1D4,PWRBIOKENXX01,BIOKENXX,2050,6.564523606970255
GLOBAL,S1D4,PWRBIOTZAXX01,BIOTZAXX,2021,0.22535643210948209
GLOBAL,S1D4,PWRBIOTZAXX01,BIOTZAXX,2022,0.2834759917589261
GLOBAL,S1D4,PWRBIOTZAXX01,BIOTZAXX,2023,0.65696895905405
GLOBAL,S1D4,PWRBIOTZAXX01,BIOTZAXX,2024,0.4838516062907588
GLOBAL,S1D4,PWRBIOTZAXX01,BIOTZAXX,2025,0.7723512607422424
GLOBAL,S1D4,PWRBIOTZAXX01,BIOTZAXX,2027,0.6284667556407417
GLOBAL,S1D4,PWRBIOTZAXX01,BIOTZAXX,2028,2.850021998694405
GLOBAL,S1D4,PWRBIOTZAXX01,BIOTZAXX,2029,2.97546468380843
GLOBAL,S1D4,PWRBIOTZAXX01,BIOTZAXX,2030,4.306152597036563
GLOBAL,S1D4,PWRBIOTZAXX01,BIOTZAXX,2031,1.1029285527912098
GLOBAL,S1D4,PWRBIOTZAXX01,BIOTZAXX,2032,3.1458326398619416
GLOBAL,S1D4,PWRBIOTZAXX01,BIOTZAXX,2033,3.2906140945079314
GLOBAL,S1D4,PWRBIOTZAXX01,BIOTZAXX,2034,6.480287391944808
GLOBAL,S1D4,PWRBIOTZAXX01,BIOTZAXX,2035,3.5799854939392928
GLOBAL,S1D4,PWRBIOTZAXX01,BIOTZAXX,2036,1.7250598879581134
GLOBAL,S1D4,PWRBIOTZAXX01,BIOTZAXX,2037,2.4801158030923713
GLOBAL,S1D4,PWRBIOTZAXX01,BIOTZAXX,2038,2.50604482268672
GLOBAL,S1D4,PWRBIOTZAXX01,BIOTZAXX,2039,2.671123691006021
GLOBAL,S1D4,PWRBIOTZAXX01,BIOTZAXX,2040,2.8362025593253213
GLOBAL,S1D4,PWRBIOTZAXX01,BIOTZAXX,2041,3.031245632027757
GLOBAL,S1D4,PWRBIOTZAXX01,BIOTZAXX,2042,3.226288704730178
GLOBAL,S1D4,PWRBIOTZAXX01,BIOTZAXX,2043,3.4213317774326133
GLOBAL,S1D4,PWRBIOTZAXX01,BIOTZAXX,2044,3.616558679609783
GLOBAL,S1D4,PWRBIOTZAXX01,BIOTZAXX,2045,3.8116017523122174
GLOBAL,S1D4,PWRBIOTZAXX01,BIOTZAXX,2046,4.053705170548906
GLOBAL,S1D4,PWRBIOTZAXX01,BIOTZAXX,2047,4.295808588785558
GLOBAL,S1D4,PWRBIOTZAXX01,BIOTZAXX,2048,4.5379120070222285
GLOBAL,S1D4,PWRBIOTZAXX01,BIOTZAXX,2049,4.779831595784148
GLOBAL,S1D4,PWRBIOTZAXX01,BIOTZAXX,2050,5.0219350140208
GLOBAL,S1D4,PWRGEOKENXX01,GEOKENXX,2021,1.8525683298256364
GLOBAL,S1D4,PWRGEOKENXX01,GEOKENXX,2022,1.9560947193492326
GLOBAL,S1D4,PWRGEOKENXX01,GEOKENXX,2023,1.9560947193492326
GLOBAL,S1D4,PWRGEOKENXX01,GEOKENXX,2024,1.9560947193492326
GLOBAL,S1D4,PWRGEOKENXX01,GEOKENXX,2025,1.990722554746668
GLOBAL,S1D4,PWRGEOKENXX01,GEOKENXX,2026,1.5771248290594773
GLOBAL,S1D4,PWRGEOKENXX01,GEOKENXX,2027,2.1056925802947135
GLOBAL,S1D4,PWRGEOKENXX01,GEOKENXX,2028,1.8089143002910837
GLOBAL,S1D4,PWRGEOKENXX01,GEOKENXX,2029,2.5077763178234953
GLOBAL,S1D4,PWRGEOKENXX01,GEOKENXX,2030,2.0936201820220353
GLOBAL,S1D4,PWRGEOKENXX01,GEOKENXX,2031,2.01691534111905
GLOBAL,S1D4,PWRGEOKENXX01,GEOKENXX,2032,2.7700664713378993
GLOBAL,S1D4,PWRGEOKENXX01,GEOKENXX,2033,2.223805792774204
GLOBAL,S1D4,PWRGEOKENXX01,GEOKENXX,2034,2.380895375489663
GLOBAL,S1D4,PWRGEOKENXX01,GEOKENXX,2035,2.4373643711651627
GLOBAL,S1D4,PWRGEOKENXX01,GEOKENXX,2036,3.3452247054778623
GLOBAL,S1D4,PWRGEOKENXX01,GEOKENXX,2037,2.25323268564933
GLOBAL,S1D4,PWRGEOKENXX01,GEOKENXX,2038,3.37432513129466
GLOBAL,S1D4,PWRGEOKENXX01,GEOKENXX,2039,3.5370475618842767
GLOBAL,S1D4,PWRGEOKENXX01,GEOKENXX,2040,3.700131678143879
GLOBAL,S1D4,PWRGEOKENXX01,GEOKENXX,2041,3.905078986069341
GLOBAL,S1D4,PWRGEOKENXX01,GEOKENXX,2042,4.159705697737682
GLOBAL,S1D4,PWRGEOKENXX01,GEOKENXX,2043,4.414694095076011
GLOBAL,S1D4,PWRGEOKENXX01,GEOKENXX,2044,4.669682492414337
GLOBAL,S1D4,PWRGEOKENXX01,GEOKENXX,2045,2.8000907683495875
GLOBAL,S1D4,PWRGEOKENXX01,GEOKENXX,2046,5.244401022018024
GLOBAL,S1D4,PWRGEOKENXX01,GEOKENXX,2047,5.563259839953369
GLOBAL,S1D4,PWRGEOKENXX01,GEOKENXX,2048,5.9792155987574365
GLOBAL,S1D4,PWRGEOKENXX01,GEOKENXX,2049,6.298945731022803
GLOBAL,S1D4,PWRGEOKENXX01,GEOKENXX,2050,6.618675863288163
GLOBAL,S1D4,PWRGEOTZAXX01,GEOTZAXX,2021,1.327903180923808
GLOBAL,S1D4,PWRGEOTZAXX01,GEOTZAXX,2022,1.490449859707759
GLOBAL,S1D4,PWRGEOTZAXX01,GEOTZAXX,2023,1.6204317147740739
GLOBAL,S1D4,PWRGEOTZAXX01,GEOTZAXX,2024,3.3796119865027117
GLOBAL,S1D4,PWRGEOTZAXX01,GEOTZAXX,2025,3.5881754536343973
GLOBAL,S1D4,PWRGEOTZAXX01,GEOTZAXX,2026,3.536934051900844
GLOBAL,S1D4,PWRGEOTZAXX01,GEOTZAXX,2027,3.649544663457254
GLOBAL,S1D4,PWRGEOTZAXX01,GEOTZAXX,2028,3.285122662502414
GLOBAL,S1D4,PWRGEOTZAXX01,GEOTZAXX,2029,4.094200547386487
GLOBAL,S1D4,PWRGEOTZAXX01,GEOTZAXX,2030,3.6314519608165687
GLOBAL,S1D4,PWRGEOTZAXX01,GEOTZAXX,2031,4.439450469543401
GLOBAL,S1D4,PWRGEOTZAXX01,GEOTZAXX,2032,4.6341639789269475
GLOBAL,S1D4,PWRGEOTZAXX01,GEOTZAXX,2033,4.96044782536103
GLOBAL,S1D4,PWRGEOTZAXX01,GEOTZAXX,2034,3.9334241746915395
GLOBAL,S1D4,PWRGEOTZAXX01,GEOTZAXX,2035,5.612583925839724
GLOBAL,S1D4,PWRGEOTZAXX01,GEOTZAXX,2036,5.612583925839724
GLOBAL,S1D4,PWRGEOTZAXX01,GEOTZAXX,2037,5.7914074260983925
GLOBAL,S1D4,PWRGEOTZAXX01,GEOTZAXX,2038,6.189640089188888
GLOBAL,S1D4,PWRGEOTZAXX01,GEOTZAXX,2039,6.546086010920537
GLOBAL,S1D4,PWRGEOTZAXX01,GEOTZAXX,2040,6.902531932652189
GLOBAL,S1D4,PWRGEOTZAXX01,GEOTZAXX,2041,7.323677949308402
GLOBAL,S1D4,PWRGEOTZAXX01,GEOTZAXX,2042,7.744823965964619
GLOBAL,S1D4,PWRGEOTZAXX01,GEOTZAXX,2043,8.16596998262083
GLOBAL,S1D4,PWRGEOTZAXX01,GEOTZAXX,2044,8.587512932374743
GLOBAL,S1D4,PWRGEOTZAXX01,GEOTZAXX,2045,9.008658949030957
GLOBAL,S1D4,PWRGEOTZAXX01,GEOTZAXX,2046,9.531419838697522
GLOBAL,S1D4,PWRGEOTZAXX01,GEOTZAXX,2047,10.0541807283641
GLOBAL,S1D4,PWRGEOTZAXX01,GEOTZAXX,2048,10.576941618030668
GLOBAL,S1D4,PWRGEOTZAXX01,GEOTZAXX,2049,11.099305574599546
GLOBAL,S1D4,PWRGEOTZAXX01,GEOTZAXX,2050,11.622066464266124
GLOBAL,S1D4,PWRHYDKENXX01,HYDKENXX,2021,0.670550643879552
GLOBAL,S1D4,PWRHYDKENXX01,HYDKENXX,2022,0.670550643879552
GLOBAL,S1D4,PWRHYDKENXX01,HYDKENXX,2023,0.5406944693827286
GLOBAL,S1D4,PWRHYDKENXX01,HYDKENXX,2024,0.670550643879552
GLOBAL,S1D4,PWRHYDKENXX01,HYDKENXX,2025,0.670550643879552
GLOBAL,S1D4,PWRHYDKENXX01,HYDKENXX,2026,0.670550643879552
GLOBAL,S1D4,PWRHYDKENXX01,HYDKENXX,2027,0.670550643879552
GLOBAL,S1D4,PWRHYDKENXX01,HYDKENXX,2028,0.670550643879552
GLOBAL,S1D4,PWRHYDKENXX01,HYDKENXX,2029,0.670550643879552
GLOBAL,S1D4,PWRHYDKENXX01,HYDKENXX,2030,0.670550643879552
GLOBAL,S1D4,PWRHYDKENXX01,HYDKENXX,2031,0.670550643879552
GLOBAL,S1D4,PWRHYDKENXX01,HYDKENXX,2032,0.670550643879552
GLOBAL,S1D4,PWRHYDKENXX01,HYDKENXX,2033,0.670550643879552
GLOBAL,S1D4,PWRHYDKENXX01,HYDKENXX,2034,0.670550643879552
GLOBAL,S1D4,PWRHYDKENXX01,HYDKENXX,2035,0.670550643879552
GLOBAL,S1D4,PWRHYDKENXX01,HYDKENXX,2036,0.670550643879552
GLOBAL,S1D4,PWRHYDKENXX01,HYDKENXX,2037,0.670550643879552
GLOBAL,S1D4,PWRHYDKENXX01,HYDKENXX,2038,0.670550643879552
GLOBAL,S1D4,PWRHYDKENXX01,HYDKENXX,2039,0.670550643879552
GLOBAL,S1D4,PWRHYDKENXX01,HYDKENXX,2040,0.670550643879552
GLOBAL,S1D4,PWRHYDKENXX01,HYDKENXX,2041,0.670550643879552
GLOBAL,S1D4,PWRHYDKENXX01,HYDKENXX,2042,0.670550643879552
GLOBAL,S1D4,PWRHYDKENXX01,HYDKENXX,2043,0.670550643879552
GLOBAL,S1D4,PWRHYDKENXX01,HYDKENXX,2044,0.670550643879552
GLOBAL,S1D4,PWRHYDKENXX01,HYDKENXX,2045,0.670550643879552
GLOBAL,S1D4,PWRHYDKENXX01,HYDKENXX,2046,0.670550643879552
GLOBAL,S1D4,PWRHYDKENXX01,HYDKENXX,2047,0.670550643879552
GLOBAL,S1D4,PWRHYDKENXX01,HYDKENXX,2048,0.670550643879552
GLOBAL,S1D4,PWRHYDKENXX01,HYDKENXX,2049,0.670550643879552
GLOBAL,S1D4,PWRHYDKENXX01,HYDKENXX,2050,0.670550643879552
GLOBAL,S1D4,PWRHYDTZAXX01,HYDTZAXX,2021,0.5538872308273916
GLOBAL,S1D4,PWRHYDTZAXX01,HYDTZAXX,2022,0.5538872308273916
GLOBAL,S1D4,PWRHYDTZAXX01,HYDTZAXX,2023,0.5538872308273916
GLOBAL,S1D4,PWRHYDTZAXX01,HYDTZAXX,2024,0.5538872308273916
GLOBAL,S1D4,PWRHYDTZAXX01,HYDTZAXX,2025,0.5538872308273916
GLOBAL,S1D4,PWRHYDTZAXX01,HYDTZAXX,2026,0.6268986961365535
GLOBAL,S1D4,PWRHYDTZAXX01,HYDTZAXX,2027,0.6538261181123015
GLOBAL,S1D4,PWRHYDTZAXX01,HYDTZAXX,2028,0.67990726999633
GLOBAL,S1D4,PWRHYDTZAXX01,HYDTZAXX,2029,0.16195176665395009
GLOBAL,S1D4,PWRHYDTZAXX01,HYDTZAXX,2030,0.5538872308273916
GLOBAL,S1D4,PWRHYDTZAXX01,HYDTZAXX,2031,0.69212957723712
GLOBAL,S1D4,PWRHYDTZAXX01,HYDTZAXX,2032,0.25369311776370984
GLOBAL,S1D4,PWRHYDTZAXX01,HYDTZAXX,2033,0.25369311776370984
GLOBAL,S1D4,PWRHYDTZAXX01,HYDTZAXX,2034,0.69212957723712
GLOBAL,S1D4,PWRHYDTZAXX01,HYDTZAXX,2035,0.25369311776370984
GLOBAL,S1D4,PWRHYDTZAXX01,HYDTZAXX,2036,0.69212957723712
GLOBAL,S1D4,PWRHYDTZAXX01,HYDTZAXX,2037,0.69212957723712
GLOBAL,S1D4,PWRHYDTZAXX01,HYDTZAXX,2038,0.69212957723712
GLOBAL,S1D4,PWRHYDTZAXX01,HYDTZAXX,2039,0.69212957723712
GLOBAL,S1D4,PWRHYDTZAXX01,HYDTZAXX,2040,0.69212957723712
GLOBAL,S1D4,PWRHYDTZAXX01,HYDTZAXX,2041,0.69212957723712
GLOBAL,S1D4,PWRHYDTZAXX01,HYDTZAXX,2042,0.69212957723712
GLOBAL,S1D4,PWRHYDTZAXX01,HYDTZAXX,2043,0.69212957723712
GLOBAL,S1D4,PWRHYDTZAXX01,HYDTZAXX,2044,0.69212957723712
GLOBAL,S1D4,PWRHYDTZAXX01,HYDTZAXX,2045,0.69212957723712
GLOBAL,S1D4,PWRHYDTZAXX01,HYDTZAXX,2046,0.69212957723712
GLOBAL,S1D4,PWRHYDTZAXX01,HYDTZAXX,2047,0.69212957723712
GLOBAL,S1D4,PWRHYDTZAXX01,HYDTZAXX,2048,0.69212957723712
GLOBAL,S1D4,PWRHYDTZAXX01,HYDTZAXX,2049,0.69212957723712
GLOBAL,S1D4,PWRHYDTZAXX01,HYDTZAXX,2050,0.69212957723712
GLOBAL,S1D4,PWRSDSKENXX01,ELCKENXX01,2032,0.001096
GLOBAL,S1D4,PWRSDSKENXX01,ELCKENXX01,2033,0.001096
GLOBAL,S1D4,PWRSDSKENXX01,ELCKENXX01,2035,0.001096
GLOBAL,S1D4,PWRSDSKENXX01,ELCKENXX01,2037,0.001096
GLOBAL,S1D4,PWRSDSKENXX01,ELCKENXX01,2038,0.001096
GLOBAL,S1D4,PWRSDSKENXX01,ELCKENXX01,2039,0.001096
GLOBAL,S1D4,PWRSDSKENXX01,ELCKENXX01,2040,0.001096
GLOBAL,S1D4,PWRSDSKENXX01,ELCKENXX01,2041,0.001096
GLOBAL,S1D4,PWRSDSKENXX01,ELCKENXX01,2043,0.001096
GLOBAL,S1D4,PWRSDSKENXX01,ELCKENXX01,2044,0.001096
GLOBAL,S1D4,PWRSDSKENXX01,ELCKENXX01,2045,0.001096
GLOBAL,S1D4,PWRSDSKENXX01,ELCKENXX01,2046,0.001096
GLOBAL,S1D4,PWRSPVKENXX01,SPVKENXX,2021,0.03421782144
GLOBAL,S1D4,PWRSPVKENXX01,SPVKENXX,2022,0.04977137664
GLOBAL,S1D4,PWRSPVKENXX01,SPVKENXX,2023,0.05754815424000001
GLOBAL,S1D4,PWRSPVKENXX01,SPVKENXX,2024,0.05754815424000001
GLOBAL,S1D4,PWRSPVKENXX01,SPVKENXX,2025,0.05754815424000001
GLOBAL,S1D4,PWRSPVKENXX01,SPVKENXX,2026,0.38577653489189123
GLOBAL,S1D4,PWRSPVKENXX01,SPVKENXX,2027,0.4158260510491312
GLOBAL,S1D4,PWRSPVKENXX01,SPVKENXX,2028,0.44587556720637106
GLOBAL,S1D4,PWRSPVKENXX01,SPVKENXX,2029,0.47599562213393337
GLOBAL,S1D4,PWRSPVKENXX01,SPVKENXX,2030,0.5060451382911734
GLOBAL,S1D4,PWRSPVKENXX01,SPVKENXX,2031,0.8109137036235475
GLOBAL,S1D4,PWRSPVKENXX01,SPVKENXX,2032,0.8628655079658182
GLOBAL,S1D4,PWRSPVKENXX01,SPVKENXX,2033,0.9148173123080887
GLOBAL,S1D4,PWRSPVKENXX01,SPVKENXX,2034,0.9667691166503595
GLOBAL,S1D4,PWRSPVKENXX01,SPVKENXX,2035,1.0186151128371466
GLOBAL,S1D4,PWRSPVKENXX01,SPVKENXX,2036,1.438285526868835
GLOBAL,S1D4,PWRSPVKENXX01,SPVKENXX,2037,1.5182764924141645
GLOBAL,S1D4,PWRSPVKENXX01,SPVKENXX,2038,1.5984085355001378
GLOBAL,S1D4,PWRSPVKENXX01,SPVKENXX,2039,1.6783995010454669
GLOBAL,S1D4,PWRSPVKENXX01,SPVKENXX,2040,1.7585315441314404
GLOBAL,S1D4,PWRSPVKENXX01,SPVKENXX,2041,1.8579912102856855
GLOBAL,S1D4,PWRSPVKENXX01,SPVKENXX,2042,1.9573097988992865
GLOBAL,S1D4,PWRSPVKENXX01,SPVKENXX,2043,2.0567694650535318
GLOBAL,S1D4,PWRSPVKENXX01,SPVKENXX,2044,2.156229131207777
GLOBAL,S1D4,PWRSPVKENXX01,SPVKENXX,2045,2.2556887973620214
GLOBAL,S1D4,PWRSPVKENXX01,SPVKENXX,2046,2.3804013432916
GLOBAL,S1D4,PWRSPVKENXX01,SPVKENXX,2047,2.5052549667618225
GLOBAL,S1D4,PWRSPVKENXX01,SPVKENXX,2048,2.6299675126914015
GLOBAL,S1D4,PWRSPVKENXX01,SPVKENXX,2049,2.754680058620979
GLOBAL,S1D4,PWRSPVKENXX01,SPVKENXX,2050,2.8793926045505582
GLOBAL,S1D4,PWRSPVTZAXX01,SPVTZAXX,2026,0.5851672519626022
GLOBAL,S1D4,PWRSPVTZAXX01,SPVTZAXX,2027,0.6313004629827743
GLOBAL,S1D4,PWRSPVTZAXX01,SPVTZAXX,2028,0.6775076054308639
GLOBAL,S1D4,PWRSPVTZAXX01,SPVTZAXX,2029,0.723714747878953
GLOBAL,S1D4,PWRSPVTZAXX01,SPVTZAXX,2030,0.7699218903270422
GLOBAL,S1D4,PWRSPVTZAXX01,SPVTZAXX,2031,1.238610177606501
GLOBAL,S1D4,PWRSPVTZAXX01,SPVTZAXX,2032,1.3224484168643145
GLOBAL,S1D4,PWRSPVTZAXX01,SPVTZAXX,2033,1.4062866561221272
GLOBAL,S1D4,PWRSPVTZAXX01,SPVTZAXX,2034,1.4900139982380654
GLOBAL,S1D4,PWRSPVTZAXX01,SPVTZAXX,2035,1.5738522374958785
GLOBAL,S1D4,PWRSPVTZAXX01,SPVTZAXX,2036,2.2312504945333336
GLOBAL,S1D4,PWRSPVTZAXX01,SPVTZAXX,2037,2.3638834762163294
GLOBAL,S1D4,PWRSPVTZAXX01,SPVTZAXX,2038,2.496664320755158
GLOBAL,S1D4,PWRSPVTZAXX01,SPVTZAXX,2039,2.6294451652939883
GLOBAL,S1D4,PWRSPVTZAXX01,SPVTZAXX,2040,2.7622260098328173
GLOBAL,S1D4,PWRSPVTZAXX01,SPVTZAXX,2041,2.91910849987257
GLOBAL,S1D4,PWRSPVTZAXX01,SPVTZAXX,2042,3.0759909899123223
GLOBAL,S1D4,PWRSPVTZAXX01,SPVTZAXX,2043,3.232873479952075
GLOBAL,S1D4,PWRSPVTZAXX01,SPVTZAXX,2044,3.389903832847662
GLOBAL,S1D4,PWRSPVTZAXX01,SPVTZAXX,2045,3.546786322887413
GLOBAL,S1D4,PWRSPVTZAXX01,SPVTZAXX,2046,3.7415217040206405
GLOBAL,S1D4,PWRSPVTZAXX01,SPVTZAXX,2047,3.936257085153868
GLOBAL,S1D4,PWRSPVTZAXX01,SPVTZAXX,2048,4.130992466287095
GLOBAL,S1D4,PWRSPVTZAXX01,SPVTZAXX,2049,4.325579984564489
GLOBAL,S1D4,PWRSPVTZAXX01,SPVTZAXX,2050,4.520315365697716
GLOBAL,S1D4,PWRTRNKENXX,ELCKENXX01,2021,2.76
GLOBAL,S1D4,PWRTRNKENXX,ELCKENXX01,2022,2.88
GLOBAL,S1D4,PWRTRNKENXX,ELCKENXX01,2023,2.8494650159882813
GLOBAL,S1D4,PWRTRNKENXX,ELCKENXX01,2024,2.9399999999999995
GLOBAL,S1D4,PWRTRNKENXX,ELCKENXX01,2025,3.0258
GLOBAL,S1D4,PWRTRNKENXX,ELCKENXX01,2026,3.2813999999999997
GLOBAL,S1D4,PWRTRNKENXX,ELCKENXX01,2027,3.5369999999999995
GLOBAL,S1D4,PWRTRNKENXX,ELCKENXX01,2028,3.7926
GLOBAL,S1D4,PWRTRNKENXX,ELCKENXX01,2029,4.0488
GLOBAL,S1D4,PWRTRNKENXX,ELCKENXX01,2030,4.304399999999999
GLOBAL,S1D4,PWRTRNKENXX,ELCKENXX01,2031,4.598399999999999
GLOBAL,S1D4,PWRTRNKENXX,ELCKENXX01,2032,4.893
GLOBAL,S1D4,PWRTRNKENXX,ELCKENXX01,2033,5.187599999999999
GLOBAL,S1D4,PWRTRNKENXX,ELCKENXX01,2034,5.482199999999999
GLOBAL,S1D4,PWRTRNKENXX,ELCKENXX01,2035,5.7762
GLOBAL,S1D4,PWRTRNKENXX,ELCKENXX01,2036,6.117
GLOBAL,S1D4,PWRTRNKENXX,ELCKENXX01,2037,6.457199999999999
GLOBAL,S1D4,PWRTRNKENXX,ELCKENXX01,2038,6.798
GLOBAL,S1D4,PWRTRNKENXX,ELCKENXX01,2039,7.138199999999999
GLOBAL,S1D4,PWRTRNKENXX,ELCKENXX01,2040,7.479
GLOBAL,S1D4,PWRTRNKENXX,ELCKENXX01,2041,7.901999999999999
GLOBAL,S1D4,PWRTRNKENXX,ELCKENXX01,2042,8.3244
GLOBAL,S1D4,PWRTRNKENXX,ELCKENXX01,2043,8.7474
GLOBAL,S1D4,PWRTRNKENXX,ELCKENXX01,2044,9.1704
GLOBAL,S1D4,PWRTRNKENXX,ELCKENXX01,2045,9.5934
GLOBAL,S1D4,PWRTRNKENXX,ELCKENXX01,2046,10.123800000000001
GLOBAL,S1D4,PWRTRNKENXX,ELCKENXX01,2047,10.6548
GLOBAL,S1D4,PWRTRNKENXX,ELCKENXX01,2048,11.185199999999998
GLOBAL,S1D4,PWRTRNKENXX,ELCKENXX01,2049,11.7156
GLOBAL,S1D4,PWRTRNKENXX,ELCKENXX01,2050,12.246000000000002
GLOBAL,S1D4,PWRTRNTZAXX,ELCTZAXX01,2021,1.9494650159882814
GLOBAL,S1D4,PWRTRNTZAXX,ELCTZAXX01,2022,2.1294650159882815
GLOBAL,S1D4,PWRTRNTZAXX,ELCTZAXX01,2023,2.4
GLOBAL,S1D4,PWRTRNTZAXX,ELCTZAXX01,2024,4.0788
GLOBAL,S1D4,PWRTRNTZAXX,ELCTZAXX01,2025,4.373999999999999
GLOBAL,S1D4,PWRTRNTZAXX,ELCTZAXX01,2026,4.748999999999999
GLOBAL,S1D4,PWRTRNTZAXX,ELCTZAXX01,2027,5.123400000000001
GLOBAL,S1D4,PWRTRNTZAXX,ELCTZAXX01,2028,5.498400000000001
GLOBAL,S1D4,PWRTRNTZAXX,ELCTZAXX01,2029,5.8734
GLOBAL,S1D4,PWRTRNTZAXX,ELCTZAXX01,2030,6.248399999999999
GLOBAL,S1D4,PWRTRNTZAXX,ELCTZAXX01,2031,6.7014
GLOBAL,S1D4,PWRTRNTZAXX,ELCTZAXX01,2032,7.154999999999999
GLOBAL,S1D4,PWRTRNTZAXX,ELCTZAXX01,2033,7.608599999999999
GLOBAL,S1D4,PWRTRNTZAXX,ELCTZAXX01,2034,8.0616
GLOBAL,S1D4,PWRTRNTZAXX,ELCTZAXX01,2035,8.5152
GLOBAL,S1D4,PWRTRNTZAXX,ELCTZAXX01,2036,9.054
GLOBAL,S1D4,PWRTRNTZAXX,ELCTZAXX01,2037,9.5922
GLOBAL,S1D4,PWRTRNTZAXX,ELCTZAXX01,2038,10.131
GLOBAL,S1D4,PWRTRNTZAXX,ELCTZAXX01,2039,10.669799999999999
GLOBAL,S1D4,PWRTRNTZAXX,ELCTZAXX01,2040,11.2086
GLOBAL,S1D4,PWRTRNTZAXX,ELCTZAXX01,2041,11.8452
GLOBAL,S1D4,PWRTRNTZAXX,ELCTZAXX01,2042,12.481800000000002
GLOBAL,S1D4,PWRTRNTZAXX,ELCTZAXX01,2043,13.118399999999998
GLOBAL,S1D4,PWRTRNTZAXX,ELCTZAXX01,2044,13.7556
GLOBAL,S1D4,PWRTRNTZAXX,ELCTZAXX01,2045,14.392200000000003
GLOBAL,S1D4,PWRTRNTZAXX,ELCTZAXX01,2046,15.182399999999996
GLOBAL,S1D4,PWRTRNTZAXX,ELCTZAXX01,2047,15.9726
GLOBAL,S1D4,PWRTRNTZAXX,ELCTZAXX01,2048,16.7628
GLOBAL,S1D4,PWRTRNTZAXX,ELCTZAXX01,2049,17.5524
GLOBAL,S1D4,PWRTRNTZAXX,ELCTZAXX01,2050,18.342599999999997
GLOBAL,S1D4,PWRWONKENXX01,WONKENXX,2021,0.13959212101632001
GLOBAL,S1D4,PWRWONKENXX01,WONKENXX,2022,0.13959212101632001
GLOBAL,S1D4,PWRWONKENXX01,WONKENXX,2023,0.13959212101632001
GLOBAL,S1D4,PWRWONKENXX01,WONKENXX,2024,0.1372549401216
GLOBAL,S1D4,PWRWONKENXX01,WONKENXX,2025,0.08900109503856027
GLOBAL,S1D4,PWRWONKENXX01,WONKENXX,2026,0.1372549401216
GLOBAL,S1D4,PWRWONKENXX01,WONKENXX,2027,0.1372549401216
GLOBAL,S1D4,PWRWONKENXX01,WONKENXX,2028,0.1372549401216
GLOBAL,S1D4,PWRWONKENXX01,WONKENXX,2029,0.1372549401216
GLOBAL,S1D4,PWRWONKENXX01,WONKENXX,2030,0.1372549401216
GLOBAL,S1D4,PWRWONKENXX01,WONKENXX,2031,0.1372549401216
GLOBAL,S1D4,PWRWONKENXX01,WONKENXX,2032,0.1372549401216
GLOBAL,S1D4,PWRWONKENXX01,WONKENXX,2033,0.1372549401216
GLOBAL,S1D4,PWRWONKENXX01,WONKENXX,2034,0.1372549401216
GLOBAL,S1D4,PWRWONKENXX01,WONKENXX,2035,0.1372549401216
GLOBAL,S1D4,PWRWONKENXX01,WONKENXX,2036,0.1372549401216
GLOBAL,S1D4,PWRWONKENXX01,WONKENXX,2037,0.1372549401216
GLOBAL,S1D4,PWRWONKENXX01,WONKENXX,2038,0.1372549401216
GLOBAL,S1D4,PWRWONKENXX01,WONKENXX,2039,0.1372549401216
GLOBAL,S1D4,PWRWONKENXX01,WONKENXX,2040,0.1372549401216
GLOBAL,S1D4,PWRWONKENXX01,WONKENXX,2041,0.1372549401216
GLOBAL,S1D4,PWRWONKENXX01,WONKENXX,2042,0.1372549401216
GLOBAL,S1D4,PWRWONKENXX01,WONKENXX,2043,0.1372549401216
GLOBAL,S1D4,PWRWONKENXX01,WONKENXX,2044,0.1372549401216
GLOBAL,S1D4,PWRWONKENXX01,WONKENXX,2045,0.1372549401216
GLOBAL,S1D4,PWRWONKENXX01,WONKENXX,2046,0.1372549401216
GLOBAL,S1D4,PWRWONKENXX01,WONKENXX,2047,0.1372549401216
GLOBAL,S1D4,TRNKENXXTZAXX,ELCKENXX02,2023,0.02946501598828137
GLOBAL,S1D4,TRNKENXXTZAXX,ELCTZAXX02,2021,0.02946501598828137
GLOBAL,S1D4,TRNKENXXTZAXX,ELCTZAXX02,2022,0.02946501598828137
GLOBAL,S1D5,PWRBIOKENXX01,BIOKENXX,2021,0.3314824490097802
GLOBAL,S1D5,PWRBIOKENXX01,BIOKENXX,2022,0.49149234432000005
GLOBAL,S1D5,PWRBIOKENXX01,BIOKENXX,2023,0.49149234432000005
GLOBAL,S1D5,PWRBIOKENXX01,BIOKENXX,2024,0.5519041626106082
GLOBAL,S1D5,PWRBIOKENXX01,BIOKENXX,2025,0.7136082027547118
GLOBAL,S1D5,PWRBIOKENXX01,BIOKENXX,2026,1.613790044470036
GLOBAL,S1D5,PWRBIOKENXX01,BIOKENXX,2027,2.095778318957019
GLOBAL,S1D5,PWRBIOKENXX01,BIOKENXX,2028,2.3068143732644035
GLOBAL,S1D5,PWRBIOKENXX01,BIOKENXX,2029,2.512110068834566
GLOBAL,S1D5,PWRBIOKENXX01,BIOKENXX,2030,2.8342959423666216
GLOBAL,S1D5,PWRBIOKENXX01,BIOKENXX,2031,3.0423385731697525
GLOBAL,S1D5,PWRBIOKENXX01,BIOKENXX,2032,3.6586628455987396
GLOBAL,S1D5,PWRBIOKENXX01,BIOKENXX,2033,3.925564702496314
GLOBAL,S1D5,PWRBIOKENXX01,BIOKENXX,2034,4.19246655939389
GLOBAL,S1D5,PWRBIOKENXX01,BIOKENXX,2035,4.782694545109065
GLOBAL,S1D5,PWRBIOKENXX01,BIOKENXX,2036,4.782694545109065
GLOBAL,S1D5,PWRBIOKENXX01,BIOKENXX,2037,5.937580711875721
GLOBAL,S1D5,PWRBIOKENXX01,BIOKENXX,2038,7.564394014104833
GLOBAL,S1D5,PWRBIOKENXX01,BIOKENXX,2039,8.259046858409464
GLOBAL,S1D5,PWRBIOKENXX01,BIOKENXX,2040,8.954405544680222
GLOBAL,S1D5,PWRBIOKENXX01,BIOKENXX,2041,9.799909784397508
GLOBAL,S1D5,PWRBIOKENXX01,BIOKENXX,2042,10.296822528550463
GLOBAL,S1D5,PWRBIOKENXX01,BIOKENXX,2043,10.794441114669537
GLOBAL,S1D5,PWRBIOKENXX01,BIOKENXX,2044,11.292059700788611
GLOBAL,S1D5,PWRBIOKENXX01,BIOKENXX,2045,11.789678286907678
GLOBAL,S1D5,PWRBIOKENXX01,BIOKENXX,2046,12.413642584963377
GLOBAL,S1D5,PWRBIOKENXX01,BIOKENXX,2047,13.045152860985201
GLOBAL,S1D5,PWRBIOKENXX01,BIOKENXX,2048,13.73308456865749
GLOBAL,S1D5,PWRBIOKENXX01,BIOKENXX,2049,14.357048866713177
GLOBAL,S1D5,PWRBIOKENXX01,BIOKENXX,2050,14.981013164768864
GLOBAL,S1D5,PWRBIOTZAXX01,BIOTZAXX,2021,0.22535643210948209
GLOBAL,S1D5,PWRBIOTZAXX01,BIOTZAXX,2022,0.9819537361269863
GLOBAL,S1D5,PWRBIOTZAXX01,BIOTZAXX,2023,1.0121355606694271
GLOBAL,S1D5,PWRBIOTZAXX01,BIOTZAXX,2024,0.4838516062907588
GLOBAL,S1D5,PWRBIOTZAXX01,BIOTZAXX,2025,0.7723512607422424
GLOBAL,S1D5,PWRBIOTZAXX01,BIOTZAXX,2026,1.7779730812627343
GLOBAL,S1D5,PWRBIOTZAXX01,BIOTZAXX,2027,2.7306972973733803
GLOBAL,S1D5,PWRBIOTZAXX01,BIOTZAXX,2028,2.850021998694405
GLOBAL,S1D5,PWRBIOTZAXX01,BIOTZAXX,2029,2.97546468380843
GLOBAL,S1D5,PWRBIOTZAXX01,BIOTZAXX,2030,4.306152597036563
GLOBAL,S1D5,PWRBIOTZAXX01,BIOTZAXX,2031,4.306152597036563
GLOBAL,S1D5,PWRBIOTZAXX01,BIOTZAXX,2032,5.799408334477638
GLOBAL,S1D5,PWRBIOTZAXX01,BIOTZAXX,2033,6.140073170642531
GLOBAL,S1D5,PWRBIOTZAXX01,BIOTZAXX,2034,6.480287391944808
GLOBAL,S1D5,PWRBIOTZAXX01,BIOTZAXX,2035,6.820952228109706
GLOBAL,S1D5,PWRBIOTZAXX01,BIOTZAXX,2036,6.820952228109706
GLOBAL,S1D5,PWRBIOTZAXX01,BIOTZAXX,2037,7.620075710325664
GLOBAL,S1D5,PWRBIOTZAXX01,BIOTZAXX,2038,7.700856139540894
GLOBAL,S1D5,PWRBIOTZAXX01,BIOTZAXX,2039,8.087766235951024
GLOBAL,S1D5,PWRBIOTZAXX01,BIOTZAXX,2040,8.474676332361154
GLOBAL,S1D5,PWRBIOTZAXX01,BIOTZAXX,2041,8.931816212418115
GLOBAL,S1D5,PWRBIOTZAXX01,BIOTZAXX,2042,9.38895609247506
GLOBAL,S1D5,PWRBIOTZAXX01,BIOTZAXX,2043,9.84609597253204
GLOBAL,S1D5,PWRBIOTZAXX01,BIOTZAXX,2044,10.303666710157378
GLOBAL,S1D5,PWRBIOTZAXX01,BIOTZAXX,2045,10.760806590214338
GLOBAL,S1D5,PWRBIOTZAXX01,BIOTZAXX,2046,11.328246007778004
GLOBAL,S1D5,PWRBIOTZAXX01,BIOTZAXX,2047,11.895685425341618
GLOBAL,S1D5,PWRBIOTZAXX01,BIOTZAXX,2048,12.463124842905264
GLOBAL,S1D5,PWRBIOTZAXX01,BIOTZAXX,2049,13.030133402900502
GLOBAL,S1D5,PWRBIOTZAXX01,BIOTZAXX,2050,13.597572820464121
GLOBAL,S1D5,PWRCCGTZAXX01,GASINT,2031,0.8557934414420106
GLOBAL,S1D5,PWRCCGTZAXX01,GASINT,2032,0.4824203099663703
GLOBAL,S1D5,PWRCCGTZAXX01,GASINT,2033,0.5381532919429138
GLOBAL,S1D5,PWRCCGTZAXX01,GASINT,2034,0.5938200982555202
GLOBAL,S1D5,PWRCCGTZAXX01,GASINT,2035,0.5335126055008993
GLOBAL,S1D5,PWRCCGTZAXX01,GASINT,2036,2.318445371529002
GLOBAL,S1D5,PWRCCGTZAXX01,GASINT,2037,2.504795632221833
GLOBAL,S1D5,PWRCCGTZAXX01,GASINT,2038,2.3158474331399113
GLOBAL,S1D5,PWRCCGTZAXX01,GASINT,2039,2.360280928631155
GLOBAL,S1D5,PWRCCGTZAXX01,GASINT,2040,2.4047454459343416
GLOBAL,S1D5,PWRCCGTZAXX01,GASINT,2041,2.4583325493398607
GLOBAL,S1D5,PWRCCGTZAXX01,GASINT,2042,2.6365213851216645
GLOBAL,S1D5,PWRCCGTZAXX01,GASINT,2043,2.8147412427154026
GLOBAL,S1D5,PWRCCGTZAXX01,GASINT,2044,2.9931084607994154
GLOBAL,S1D5,PWRCCGTZAXX01,GASINT,2045,3.171328318393172
GLOBAL,S1D5,PWRCCGTZAXX01,GASINT,2046,3.3928253658333034
GLOBAL,S1D5,PWRCCGTZAXX01,GASINT,2047,3.6143534350854014
GLOBAL,S1D5,PWRCCGTZAXX01,GASINT,2048,3.8954493269762698
GLOBAL,S1D5,PWRCCGTZAXX01,GASINT,2049,4.116799013926151
GLOBAL,S1D5,PWRCCGTZAXX01,GASINT,2050,4.338296061366307
GLOBAL,S1D5,PWRGEOKENXX01,GEOKENXX,2021,1.8165646472171915
GLOBAL,S1D5,PWRGEOKENXX01,GEOKENXX,2022,1.9560947193492326
GLOBAL,S1D5,PWRGEOKENXX01,GEOKENXX,2023,1.9560947193492326
GLOBAL,S1D5,PWRGEOKENXX01,GEOKENXX,2024,1.9560947193492326
GLOBAL,S1D5,PWRGEOKENXX01,GEOKENXX,2025,1.990722554746668
GLOBAL,S1D5,PWRGEOKENXX01,GEOKENXX,2026,1.990722554746668
GLOBAL,S1D5,PWRGEOKENXX01,GEOKENXX,2027,2.1056925802947135
GLOBAL,S1D5,PWRGEOKENXX01,GEOKENXX,2028,2.253343386863855
GLOBAL,S1D5,PWRGEOKENXX01,GEOKENXX,2029,2.5077763178234953
GLOBAL,S1D5,PWRGEOKENXX01,GEOKENXX,2030,2.673254129045266
GLOBAL,S1D5,PWRGEOKENXX01,GEOKENXX,2031,2.673254129045272
GLOBAL,S1D5,PWRGEOKENXX01,GEOKENXX,2032,2.7700664713378993
GLOBAL,S1D5,PWRGEOKENXX01,GEOKENXX,2033,2.9774555274062937
GLOBAL,S1D5,PWRGEOKENXX01,GEOKENXX,2034,3.184844583474691
GLOBAL,S1D5,PWRGEOKENXX01,GEOKENXX,2035,3.3452247054778623
GLOBAL,S1D5,PWRGEOKENXX01,GEOKENXX,2036,3.3452247054778623
GLOBAL,S1D5,PWRGEOKENXX01,GEOKENXX,2037,3.3452247054778623
GLOBAL,S1D5,PWRGEOKENXX01,GEOKENXX,2038,3.37432513129466
GLOBAL,S1D5,PWRGEOKENXX01,GEOKENXX,2039,3.5370475618842767
GLOBAL,S1D5,PWRGEOKENXX01,GEOKENXX,2040,3.700131678143879
GLOBAL,S1D5,PWRGEOKENXX01,GEOKENXX,2041,3.905078986069341
GLOBAL,S1D5,PWRGEOKENXX01,GEOKENXX,2042,4.159705697737682
GLOBAL,S1D5,PWRGEOKENXX01,GEOKENXX,2043,4.414694095076011
GLOBAL,S1D5,PWRGEOKENXX01,GEOKENXX,2044,4.669682492414337
GLOBAL,S1D5,PWRGEOKENXX01,GEOKENXX,2045,4.924670889752663
GLOBAL,S1D5,PWRGEOKENXX01,GEOKENXX,2046,5.244401022018024
GLOBAL,S1D5,PWRGEOKENXX01,GEOKENXX,2047,5.563259839953369
GLOBAL,S1D5,PWRGEOKENXX01,GEOKENXX,2048,5.9792155987574365
GLOBAL,S1D5,PWRGEOKENXX01,GEOKENXX,2049,6.298945731022803
GLOBAL,S1D5,PWRGEOKENXX01,GEOKENXX,2050,6.618675863288163
GLOBAL,S1D5,PWRGEOTZAXX01,GEOTZAXX,2021,1.327903180923808
GLOBAL,S1D5,PWRGEOTZAXX01,GEOTZAXX,2022,1.2806967833209542
GLOBAL,S1D5,PWRGEOTZAXX01,GEOTZAXX,2023,1.5137750776523389
GLOBAL,S1D5,PWRGEOTZAXX01,GEOTZAXX,2024,3.3796119865027117
GLOBAL,S1D5,PWRGEOTZAXX01,GEOTZAXX,2025,3.5881754536343973
GLOBAL,S1D5,PWRGEOTZAXX01,GEOTZAXX,2026,3.5881754536343973
GLOBAL,S1D5,PWRGEOTZAXX01,GEOTZAXX,2027,3.649544663457254
GLOBAL,S1D5,PWRGEOTZAXX01,GEOTZAXX,2028,3.9626302679332785
GLOBAL,S1D5,PWRGEOTZAXX01,GEOTZAXX,2029,4.27383934540318
GLOBAL,S1D5,PWRGEOTZAXX01,GEOTZAXX,2030,4.40137385114361
GLOBAL,S1D5,PWRGEOTZAXX01,GEOTZAXX,2031,4.439450469543401
GLOBAL,S1D5,PWRGEOTZAXX01,GEOTZAXX,2032,4.6341639789269475
GLOBAL,S1D5,PWRGEOTZAXX01,GEOTZAXX,2033,4.96044782536103
GLOBAL,S1D5,PWRGEOTZAXX01,GEOTZAXX,2034,5.28630007940564
GLOBAL,S1D5,PWRGEOTZAXX01,GEOTZAXX,2035,5.612583925839724
GLOBAL,S1D5,PWRGEOTZAXX01,GEOTZAXX,2036,5.612583925839724
GLOBAL,S1D5,PWRGEOTZAXX01,GEOTZAXX,2037,5.7914074260983925
GLOBAL,S1D5,PWRGEOTZAXX01,GEOTZAXX,2038,6.189640089188888
GLOBAL,S1D5,PWRGEOTZAXX01,GEOTZAXX,2039,6.546086010920537
GLOBAL,S1D5,PWRGEOTZAXX01,GEOTZAXX,2040,6.902531932652189
GLOBAL,S1D5,PWRGEOTZAXX01,GEOTZAXX,2041,7.323677949308402
GLOBAL,S1D5,PWRGEOTZAXX01,GEOTZAXX,2042,7.744823965964619
GLOBAL,S1D5,PWRGEOTZAXX01,GEOTZAXX,2043,8.16596998262083
GLOBAL,S1D5,PWRGEOTZAXX01,GEOTZAXX,2044,8.587512932374743
GLOBAL,S1D5,PWRGEOTZAXX01,GEOTZAXX,2045,9.008658949030957
GLOBAL,S1D5,PWRGEOTZAXX01,GEOTZAXX,2046,9.531419838697522
GLOBAL,S1D5,PWRGEOTZAXX01,GEOTZAXX,2047,10.0541807283641
GLOBAL,S1D5,PWRGEOTZAXX01,GEOTZAXX,2048,10.576941618030668
GLOBAL,S1D5,PWRGEOTZAXX01,GEOTZAXX,2049,11.099305574599546
GLOBAL,S1D5,PWRGEOTZAXX01,GEOTZAXX,2050,11.622066464266124
GLOBAL,S1D5,PWRHYDKENXX01,HYDKENXX,2021,0.670550643879552
GLOBAL,S1D5,PWRHYDKENXX01,HYDKENXX,2022,0.6003845289278196
GLOBAL,S1D5,PWRHYDKENXX01,HYDKENXX,2023,0.5982426236227287
GLOBAL,S1D5,PWRHYDKENXX01,HYDKENXX,2024,0.670550643879552
GLOBAL,S1D5,PWRHYDKENXX01,HYDKENXX,2025,0.670550643879552
GLOBAL,S1D5,PWRHYDKENXX01,HYDKENXX,2026,0.670550643879552
GLOBAL,S1D5,PWRHYDKENXX01,HYDKENXX,2027,0.670550643879552
GLOBAL,S1D5,PWRHYDKENXX01,HYDKENXX,2028,0.670550643879552
GLOBAL,S1D5,PWRHYDKENXX01,HYDKENXX,2029,0.670550643879552
GLOBAL,S1D5,PWRHYDKENXX01,HYDKENXX,2030,0.670550643879552
GLOBAL,S1D5,PWRHYDKENXX01,HYDKENXX,2031,0.670550643879552
GLOBAL,S1D5,PWRHYDKENXX01,HYDKENXX,2032,0.670550643879552
GLOBAL,S1D5,PWRHYDKENXX01,HYDKENXX,2033,0.670550643879552
GLOBAL,S1D5,PWRHYDKENXX01,HYDKENXX,2034,0.670550643879552
GLOBAL,S1D5,PWRHYDKENXX01,HYDKENXX,2035,0.670550643879552
GLOBAL,S1D5,PWRHYDKENXX01,HYDKENXX,2036,0.670550643879552
GLOBAL,S1D5,PWRHYDKENXX01,HYDKENXX,2037,0.670550643879552
GLOBAL,S1D5,PWRHYDKENXX01,HYDKENXX,2038,0.670550643879552
GLOBAL,S1D5,PWRHYDKENXX01,HYDKENXX,2039,0.670550643879552
GLOBAL,S1D5,PWRHYDKENXX01,HYDKENXX,2040,0.670550643879552
GLOBAL,S1D5,PWRHYDKENXX01,HYDKENXX,2041,0.670550643879552
GLOBAL,S1D5,PWRHYDKENXX01,HYDKENXX,2042,0.670550643879552
GLOBAL,S1D5,PWRHYDKENXX01,HYDKENXX,2043,0.670550643879552
GLOBAL,S1D5,PWRHYDKENXX01,HYDKENXX,2044,0.670550643879552
GLOBAL,S1D5,PWRHYDKENXX01,HYDKENXX,2045,0.670550643879552
GLOBAL,S1D5,PWRHYDKENXX01,HYDKENXX,2046,0.670550643879552
GLOBAL,S1D5,PWRHYDKENXX01,HYDKENXX,2047,0.670550643879552
GLOBAL,S1D5,PWRHYDKENXX01,HYDKENXX,2048,0.670550643879552
GLOBAL,S1D5,PWRHYDKENXX01,HYDKENXX,2049,0.670550643879552
GLOBAL,S1D5,PWRHYDKENXX01,HYDKENXX,2050,0.670550643879552
GLOBAL,S1D5,PWRHYDTZAXX01,HYDTZAXX,2021,0.5538872308273916
GLOBAL,S1D5,PWRHYDTZAXX01,HYDTZAXX,2022,0.5538872308273916
GLOBAL,S1D5,PWRHYDTZAXX01,HYDTZAXX,2023,0.5538872308273916
GLOBAL,S1D5,PWRHYDTZAXX01,HYDTZAXX,2024,0.5538872308273916
GLOBAL,S1D5,PWRHYDTZAXX01,HYDTZAXX,2025,0.5538872308273916
GLOBAL,S1D5,PWRHYDTZAXX01,HYDTZAXX,2026,0.6268986961365535
GLOBAL,S1D5,PWRHYDTZAXX01,HYDTZAXX,2027,0.6538261181123015
GLOBAL,S1D5,PWRHYDTZAXX01,HYDTZAXX,2028,0.67990726999633
GLOBAL,S1D5,PWRHYDTZAXX01,HYDTZAXX,2029,0.69212957723712
GLOBAL,S1D5,PWRHYDTZAXX01,HYDTZAXX,2030,0.5538872308273916
GLOBAL,S1D5,PWRHYDTZAXX01,HYDTZAXX,2031,0.69212957723712
GLOBAL,S1D5,PWRHYDTZAXX01,HYDTZAXX,2032,0.69212957723712
GLOBAL,S1D5,PWRHYDTZAXX01,HYDTZAXX,2033,0.69212957723712
GLOBAL,S1D5,PWRHYDTZAXX01,HYDTZAXX,2034,0.69212957723712
GLOBAL,S1D5,PWRHYDTZAXX01,HYDTZAXX,2035,0.69212957723712
GLOBAL,S1D5,PWRHYDTZAXX01,HYDTZAXX,2036,0.69212957723712
GLOBAL,S1D5,PWRHYDTZAXX01,HYDTZAXX,2037,0.69212957723712
GLOBAL,S1D5,PWRHYDTZAXX01,HYDTZAXX,2038,0.69212957723712
GLOBAL,S1D5,PWRHYDTZAXX01,HYDTZAXX,2039,0.69212957723712
GLOBAL,S1D5,PWRHYDTZAXX01,HYDTZAXX,2040,0.69212957723712
GLOBAL,S1D5,PWRHYDTZAXX01,HYDTZAXX,2041,0.69212957723712
GLOBAL,S1D5,PWRHYDTZAXX01,HYDTZAXX,2042,0.69212957723712
GLOBAL,S1D5,PWRHYDTZAXX01,HYDTZAXX,2043,0.69212957723712
GLOBAL,S1D5,PWRHYDTZAXX01,HYDTZAXX,2044,0.69212957723712
GLOBAL,S1D5,PWRHYDTZAXX01,HYDTZAXX,2045,0.69212957723712
GLOBAL,S1D5,PWRHYDTZAXX01,HYDTZAXX,2046,0.69212957723712
GLOBAL,S1D5,PWRHYDTZAXX01,HYDTZAXX,2047,0.69212957723712
GLOBAL,S1D5,PWRHYDTZAXX01,HYDTZAXX,2048,0.69212957723712
GLOBAL,S1D5,PWRHYDTZAXX01,HYDTZAXX,2049,0.69212957723712
GLOBAL,S1D5,PWRHYDTZAXX01,HYDTZAXX,2050,0.69212957723712
GLOBAL,S1D5,PWRTRNKENXX,ELCKENXX01,2021,2.76
GLOBAL,S1D5,PWRTRNKENXX,ELCKENXX01,2022,2.88
GLOBAL,S1D5,PWRTRNKENXX,ELCKENXX01,2023,2.8494650159882813
GLOBAL,S1D5,PWRTRNKENXX,ELCKENXX01,2024,2.9399999999999995
GLOBAL,S1D5,PWRTRNKENXX,ELCKENXX01,2025,3.0258
GLOBAL,S1D5,PWRTRNKENXX,ELCKENXX01,2026,3.2813999999999997
GLOBAL,S1D5,PWRTRNKENXX,ELCKENXX01,2027,3.5369999999999995
GLOBAL,S1D5,PWRTRNKENXX,ELCKENXX01,2028,3.7926
GLOBAL,S1D5,PWRTRNKENXX,ELCKENXX01,2029,4.063222842281284
GLOBAL,S1D5,PWRTRNKENXX,ELCKENXX01,2030,4.304399999999999
GLOBAL,S1D5,PWRTRNKENXX,ELCKENXX01,2031,4.598399999999999
GLOBAL,S1D5,PWRTRNKENXX,ELCKENXX01,2032,4.893
GLOBAL,S1D5,PWRTRNKENXX,ELCKENXX01,2033,5.187599999999999
GLOBAL,S1D5,PWRTRNKENXX,ELCKENXX01,2034,5.482199999999999
GLOBAL,S1D5,PWRTRNKENXX,ELCKENXX01,2035,5.7762
GLOBAL,S1D5,PWRTRNKENXX,ELCKENXX01,2036,6.117
GLOBAL,S1D5,PWRTRNKENXX,ELCKENXX01,2037,6.457199999999999
GLOBAL,S1D5,PWRTRNKENXX,ELCKENXX01,2038,6.798
GLOBAL,S1D5,PWRTRNKENXX,ELCKENXX01,2039,7.138199999999999
GLOBAL,S1D5,PWRTRNKENXX,ELCKENXX01,2040,7.479
GLOBAL,S1D5,PWRTRNKENXX,ELCKENXX01,2041,7.901999999999999
GLOBAL,S1D5,PWRTRNKENXX,ELCKENXX01,2042,8.3244
GLOBAL,S1D5,PWRTRNKENXX,ELCKENXX01,2043,8.7474
GLOBAL,S1D5,PWRTRNKENXX,ELCKENXX01,2044,9.1704
GLOBAL,S1D5,PWRTRNKENXX,ELCKENXX01,2045,9.5934
GLOBAL,S1D5,PWRTRNKENXX,ELCKENXX01,2046,10.123800000000001
GLOBAL,S1D5,PWRTRNKENXX,ELCKENXX01,2047,10.6548
GLOBAL,S1D5,PWRTRNKENXX,ELCKENXX01,2048,11.185199999999998
GLOBAL,S1D5,PWRTRNKENXX,ELCKENXX01,2049,11.7156
GLOBAL,S1D5,PWRTRNKENXX,ELCKENXX01,2050,12.246000000000002
GLOBAL,S1D5,PWRTRNTZAXX,ELCTZAXX01,2021,1.9494650159882814
GLOBAL,S1D5,PWRTRNTZAXX,ELCTZAXX01,2022,2.1294650159882815
GLOBAL,S1D5,PWRTRNTZAXX,ELCTZAXX01,2023,2.4
GLOBAL,S1D5,PWRTRNTZAXX,ELCTZAXX01,2024,4.0788
GLOBAL,S1D5,PWRTRNTZAXX,ELCTZAXX01,2025,4.373999999999999
GLOBAL,S1D5,PWRTRNTZAXX,ELCTZAXX01,2026,4.748999999999999
GLOBAL,S1D5,PWRTRNTZAXX,ELCTZAXX01,2027,5.123400000000001
GLOBAL,S1D5,PWRTRNTZAXX,ELCTZAXX01,2028,5.498400000000001
GLOBAL,S1D5,PWRTRNTZAXX,ELCTZAXX01,2029,5.8734
GLOBAL,S1D5,PWRTRNTZAXX,ELCTZAXX01,2030,6.248399999999999
GLOBAL,S1D5,PWRTRNTZAXX,ELCTZAXX01,2031,6.852615685530527
GLOBAL,S1D5,PWRTRNTZAXX,ELCTZAXX01,2032,7.3090677755549525
GLOBAL,S1D5,PWRTRNTZAXX,ELCTZAXX01,2033,7.765519865579376
GLOBAL,S1D5,PWRTRNTZAXX,ELCTZAXX01,2034,8.221371955603797
GLOBAL,S1D5,PWRTRNTZAXX,ELCTZAXX01,2035,8.61980380826264
GLOBAL,S1D5,PWRTRNTZAXX,ELCTZAXX01,2036,9.512270191276691
GLOBAL,S1D5,PWRTRNTZAXX,ELCTZAXX01,2037,10.02424584356825
GLOBAL,S1D5,PWRTRNTZAXX,ELCTZAXX01,2038,10.352262794269507
GLOBAL,S1D5,PWRTRNTZAXX,ELCTZAXX01,2039,10.847114681887957
GLOBAL,S1D5,PWRTRNTZAXX,ELCTZAXX01,2040,11.341982080412382
GLOBAL,S1D5,PWRTRNTZAXX,ELCTZAXX01,2041,11.927200892031706
GLOBAL,S1D5,PWRTRNTZAXX,ELCTZAXX01,2042,12.574720569839165
GLOBAL,S1D5,PWRTRNTZAXX,ELCTZAXX01,2043,13.2222557585526
GLOBAL,S1D5,PWRTRNTZAXX,ELCTZAXX01,2044,13.870390947266038
GLOBAL,S1D5,PWRTRNTZAXX,ELCTZAXX01,2045,14.51792613597948
GLOBAL,S1D5,PWRTRNTZAXX,ELCTZAXX01,2046,15.321837776862706
GLOBAL,S1D5,PWRTRNTZAXX,ELCTZAXX01,2047,16.125764928651915
GLOBAL,S1D5,PWRTRNTZAXX,ELCTZAXX01,2048,16.95947599176051
GLOBAL,S1D5,PWRTRNTZAXX,ELCTZAXX01,2049,17.762787632643736
GLOBAL,S1D5,PWRTRNTZAXX,ELCTZAXX01,2050,18.566699273526975
GLOBAL,S1D5,PWRWONKENXX01,WONKENXX,2021,0.13959212101632001
GLOBAL,S1D5,PWRWONKENXX01,WONKENXX,2022,0.13959212101632001
GLOBAL,S1D5,PWRWONKENXX01,WONKENXX,2023,0.13959212101632001
GLOBAL,S1D5,PWRWONKENXX01,WONKENXX,2024,0.1387014207552
GLOBAL,S1D5,PWRWONKENXX01,WONKENXX,2025,0.1387014207552
GLOBAL,S1D5,PWRWONKENXX01,WONKENXX,2026,0.10943374932630066
GLOBAL,S1D5,PWRWONKENXX01,WONKENXX,2027,0.09753578881401959
GLOBAL,S1D5,PWRWONKENXX01,WONKENXX,2028,0.1387014207552
GLOBAL,S1D5,PWRWONKENXX01,WONKENXX,2029,0.08992433980780234
GLOBAL,S1D5,PWRWONKENXX01,WONKENXX,2030,0.06366613138954236
GLOBAL,S1D5,PWRWONKENXX01,WONKENXX,2031,0.145183796928
GLOBAL,S1D5,PWRWONKENXX01,WONKENXX,2032,0.145183796928
GLOBAL,S1D5,PWRWONKENXX01,WONKENXX,2033,0.145183796928
GLOBAL,S1D5,PWRWONKENXX01,WONKENXX,2034,0.145183796928
GLOBAL,S1D5,PWRWONKENXX01,WONKENXX,2035,0.145183796928
GLOBAL,S1D5,PWRWONKENXX01,WONKENXX,2036,0.145183796928
GLOBAL,S1D5,PWRWONKENXX01,WONKENXX,2037,0.145183796928
GLOBAL,S1D5,PWRWONKENXX01,WONKENXX,2038,0.145183796928
GLOBAL,S1D5,PWRWONKENXX01,WONKENXX,2039,0.145183796928
GLOBAL,S1D5,PWRWONKENXX01,WONKENXX,2040,0.145183796928
GLOBAL,S1D5,PWRWONKENXX01,WONKENXX,2041,0.145183796928
GLOBAL,S1D5,PWRWONKENXX01,WONKENXX,2042,0.145183796928
GLOBAL,S1D5,PWRWONKENXX01,WONKENXX,2043,0.145183796928
GLOBAL,S1D5,PWRWONKENXX01,WONKENXX,2044,0.145183796928
GLOBAL,S1D5,PWRWONKENXX01,WONKENXX,2045,0.145183796928
GLOBAL,S1D5,PWRWONKENXX01,WONKENXX,2046,0.145183796928
GLOBAL,S1D5,PWRWONKENXX01,WONKENXX,2047,0.145183796928
GLOBAL,S1D5,TRNKENXXTZAXX,ELCKENXX02,2023,0.02946501598828137
GLOBAL,S1D5,TRNKENXXTZAXX,ELCKENXX02,2029,0.01442284228128443
GLOBAL,S1D5,TRNKENXXTZAXX,ELCTZAXX02,2021,0.02946501598828137
GLOBAL,S1D5,TRNKENXXTZAXX,ELCTZAXX02,2022,0.02946501598828137
GLOBAL,S1D5,TRNKENXXTZAXX,ELCTZAXX02,2031,0.1512156855305262
GLOBAL,S1D5,TRNKENXXTZAXX,ELCTZAXX02,2032,0.15406777555495246
GLOBAL,S1D5,TRNKENXXTZAXX,ELCTZAXX02,2033,0.15691986557937532
GLOBAL,S1D5,TRNKENXXTZAXX,ELCTZAXX02,2034,0.15977195560379678
GLOBAL,S1D5,TRNKENXXTZAXX,ELCTZAXX02,2035,0.10460380826264079
GLOBAL,S1D5,TRNKENXXTZAXX,ELCTZAXX02,2036,0.4582701912766915
GLOBAL,S1D5,TRNKENXXTZAXX,ELCTZAXX02,2037,0.4320458435682486
GLOBAL,S1D5,TRNKENXXTZAXX,ELCTZAXX02,2038,0.22126279426950426
GLOBAL,S1D5,TRNKENXXTZAXX,ELCTZAXX02,2039,0.177314681887956
GLOBAL,S1D5,TRNKENXXTZAXX,ELCTZAXX02,2040,0.13338208041238178
GLOBAL,S1D5,TRNKENXXTZAXX,ELCTZAXX02,2041,0.0820008920317049
GLOBAL,S1D5,TRNKENXXTZAXX,ELCTZAXX02,2042,0.09292056983916483
GLOBAL,S1D5,TRNKENXXTZAXX,ELCTZAXX02,2043,0.10385575855260112
GLOBAL,S1D5,TRNKENXXTZAXX,ELCTZAXX02,2044,0.11479094726603835
GLOBAL,S1D5,TRNKENXXTZAXX,ELCTZAXX02,2045,0.1257261359794788
GLOBAL,S1D5,TRNKENXXTZAXX,ELCTZAXX02,2046,0.13943777686270734
GLOBAL,S1D5,TRNKENXXTZAXX,ELCTZAXX02,2047,0.1531649286519159
GLOBAL,S1D5,TRNKENXXTZAXX,ELCTZAXX02,2048,0.19667599176050798
GLOBAL,S1D5,TRNKENXXTZAXX,ELCTZAXX02,2049,0.2103876326437383
GLOBAL,S1D5,TRNKENXXTZAXX,ELCTZAXX02,2050,0.2240992735269733
GLOBAL,S1D6,PWRBIOKENXX01,BIOKENXX,2022,0.49149234432000005
GLOBAL,S1D6,PWRBIOKENXX01,BIOKENXX,2025,1.613790044470036
GLOBAL,S1D6,PWRBIOKENXX01,BIOKENXX,2027,2.095778318957019
GLOBAL,S1D6,PWRBIOKENXX01,BIOKENXX,2028,0.37471098497306243
GLOBAL,S1D6,PWRBIOKENXX01,BIOKENXX,2032,1.2248988013931021
GLOBAL,S1D6,PWRBIOKENXX01,BIOKENXX,2033,3.1027745087444165
GLOBAL,S1D6,PWRBIOKENXX01,BIOKENXX,2036,1.3196415114541502
GLOBAL,S1D6,PWRBIOKENXX01,BIOKENXX,2037,5.937580711875721
GLOBAL,S1D6,PWRBIOKENXX01,BIOKENXX,2038,1.2097014012703549
GLOBAL,S1D6,PWRBIOKENXX01,BIOKENXX,2039,8.259046858409464
GLOBAL,S1D6,PWRBIOKENXX01,BIOKENXX,2040,1.6147927132268212
GLOBAL,S1D6,PWRBIOKENXX01,BIOKENXX,2041,1.8582792201823621
GLOBAL,S1D6,PWRBIOKENXX01,BIOKENXX,2042,10.296822528550463
GLOBAL,S1D6,PWRBIOKENXX01,BIOKENXX,2043,8.089937584699124
GLOBAL,S1D6,PWRBIOKENXX01,BIOKENXX,2044,11.292059700788611
GLOBAL,S1D6,PWRBIOKENXX01,BIOKENXX,2045,7.400812047407335
GLOBAL,S1D6,PWRBIOKENXX01,BIOKENXX,2046,12.413642584963377
GLOBAL,S1D6,PWRBIOKENXX01,BIOKENXX,2047,2.417659721908836
GLOBAL,S1D6,PWRBIOKENXX01,BIOKENXX,2048,2.5502266732671175
GLOBAL,S1D6,PWRBIOKENXX01,BIOKENXX,2049,2.6572554553085577
GLOBAL,S1D6,PWRBIOKENXX01,BIOKENXX,2050,2.7642842373500196
GLOBAL,S1D6,PWRBIOTZAXX01,BIOTZAXX,2031,2.642338502793202
GLOBAL,S1D6,PWRBIOTZAXX01,BIOTZAXX,2032,5.799408334477638
GLOBAL,S1D6,PWRBIOTZAXX01,BIOTZAXX,2033,6.140073170642531
GLOBAL,S1D6,PWRBIOTZAXX01,BIOTZAXX,2034,2.473127901038687
GLOBAL,S1D6,PWRBIOTZAXX01,BIOTZAXX,2035,4.839825903684972
GLOBAL,S1D6,PWRBIOTZAXX01,BIOTZAXX,2036,3.6931943650247487
GLOBAL,S1D6,PWRBIOTZAXX01,BIOTZAXX,2037,0.5057742712352348
GLOBAL,S1D6,PWRBIOTZAXX01,BIOTZAXX,2038,0.895054728494741
GLOBAL,S1D6,PWRBIOTZAXX01,BIOTZAXX,2039,0.04098868050176376
GLOBAL,S1D6,PWRBIOTZAXX01,BIOTZAXX,2040,0.0640856852147388
GLOBAL,S1D6,PWRBIOTZAXX01,BIOTZAXX,2043,0.0013402614558571085
GLOBAL,S1D6,PWRBIOTZAXX01,BIOTZAXX,2044,0.4555449516512617
GLOBAL,S1D6,PWRBIOTZAXX01,BIOTZAXX,2045,2.318878823364181
GLOBAL,S1D6,PWRBIOTZAXX01,BIOTZAXX,2046,0.6748359140979291
GLOBAL,S1D6,PWRBIOTZAXX01,BIOTZAXX,2047,2.561777223315652
GLOBAL,S1D6,PWRBIOTZAXX01,BIOTZAXX,2048,0.917734314049332
GLOBAL,S1D6,PWRBIOTZAXX01,BIOTZAXX,2049,2.804583406714351
GLOBAL,S1D6,PWRBIOTZAXX01,BIOTZAXX,2050,2.926032606690019
GLOBAL,S1D6,PWRGEOKENXX01,GEOKENXX,2021,1.1267715050459466
GLOBAL,S1D6,PWRGEOKENXX01,GEOKENXX,2022,0.9524650433760605
GLOBAL,S1D6,PWRGEOKENXX01,GEOKENXX,2023,1.7425405195714156
GLOBAL,S1D6,PWRGEOKENXX01,GEOKENXX,2024,1.185142030430848
GLOBAL,S1D6,PWRGEOKENXX01,GEOKENXX,2025,0.7316489783833681
GLOBAL,S1D6,PWRGEOKENXX01,GEOKENXX,2026,1.7578088385273476
GLOBAL,S1D6,PWRGEOKENXX01,GEOKENXX,2027,0.9199210434191333
GLOBAL,S1D6,PWRGEOKENXX01,GEOKENXX,2028,2.305513248686013
GLOBAL,S1D6,PWRGEOKENXX01,GEOKENXX,2029,1.9243420304308476
GLOBAL,S1D6,PWRGEOKENXX01,GEOKENXX,2030,2.0947420304308486
GLOBAL,S1D6,PWRGEOKENXX01,GEOKENXX,2031,2.673254129045266
GLOBAL,S1D6,PWRGEOKENXX01,GEOKENXX,2032,2.7700664713378993
GLOBAL,S1D6,PWRGEOKENXX01,GEOKENXX,2033,1.7016513631066656
GLOBAL,S1D6,PWRGEOKENXX01,GEOKENXX,2034,2.8799420304308483
GLOBAL,S1D6,PWRGEOKENXX01,GEOKENXX,2035,3.095845011513888
GLOBAL,S1D6,PWRGEOKENXX01,GEOKENXX,2036,3.3452247054778623
GLOBAL,S1D6,PWRGEOKENXX01,GEOKENXX,2037,1.743474442269734
GLOBAL,S1D6,PWRGEOKENXX01,GEOKENXX,2038,3.37432513129466
GLOBAL,S1D6,PWRGEOKENXX01,GEOKENXX,2039,1.370319606883549
GLOBAL,S1D6,PWRGEOKENXX01,GEOKENXX,2040,3.700131678143879
GLOBAL,S1D6,PWRGEOKENXX01,GEOKENXX,2041,3.905078986069341
GLOBAL,S1D6,PWRGEOKENXX01,GEOKENXX,2042,1.5373106519707391
GLOBAL,S1D6,PWRGEOKENXX01,GEOKENXX,2043,2.496635199829859
GLOBAL,S1D6,PWRGEOKENXX01,GEOKENXX,2044,1.8696127419468362
GLOBAL,S1D6,PWRGEOKENXX01,GEOKENXX,2045,3.3712265512787156
GLOBAL,S1D6,PWRGEOKENXX01,GEOKENXX,2046,2.0459741237968676
GLOBAL,S1D6,PWRGEOKENXX01,GEOKENXX,2047,5.563259839953369
GLOBAL,S1D6,PWRGEOKENXX01,GEOKENXX,2048,5.9792155987574365
GLOBAL,S1D6,PWRGEOKENXX01,GEOKENXX,2049,6.298945731022803
GLOBAL,S1D6,PWRGEOKENXX01,GEOKENXX,2050,6.618675863288163
GLOBAL,S1D6,PWRGEOTZAXX01,GEOTZAXX,2021,0.7555777851608899
GLOBAL,S1D6,PWRGEOTZAXX01,GEOTZAXX,2022,0.8755777851608898
GLOBAL,S1D6,PWRGEOTZAXX01,GEOTZAXX,2023,1.0177196904659807
GLOBAL,S1D6,PWRGEOTZAXX01,GEOTZAXX,2024,2.1653127691726084
GLOBAL,S1D6,PWRGEOTZAXX01,GEOTZAXX,2025,2.3621127691726085
GLOBAL,S1D6,PWRGEOTZAXX01,GEOTZAXX,2026,2.5391013038634465
GLOBAL,S1D6,PWRGEOTZAXX01,GEOTZAXX,2027,2.7617738818876987
GLOBAL,S1D6,PWRGEOTZAXX01,GEOTZAXX,2028,3.6655999999999995
GLOBAL,S1D6,PWRGEOTZAXX01,GEOTZAXX,2029,3.22347042276288
GLOBAL,S1D6,PWRGEOTZAXX01,GEOTZAXX,2030,3.6117127691726094
GLOBAL,S1D6,PWRGEOTZAXX01,GEOTZAXX,2031,3.5121531874622054
GLOBAL,S1D6,PWRGEOTZAXX01,GEOTZAXX,2032,2.3363063583551806
GLOBAL,S1D6,PWRGEOTZAXX01,GEOTZAXX,2033,2.536404605753111
GLOBAL,S1D6,PWRGEOTZAXX01,GEOTZAXX,2034,3.9395893713999106
GLOBAL,S1D6,PWRGEOTZAXX01,GEOTZAXX,2035,3.531269250485111
GLOBAL,S1D6,PWRGEOTZAXX01,GEOTZAXX,2036,4.76498085646174
GLOBAL,S1D6,PWRGEOTZAXX01,GEOTZAXX,2037,5.550786257226773
GLOBAL,S1D6,PWRGEOTZAXX01,GEOTZAXX,2038,5.793085219010705
GLOBAL,S1D6,PWRGEOTZAXX01,GEOTZAXX,2039,6.546086010920537
GLOBAL,S1D6,PWRGEOTZAXX01,GEOTZAXX,2040,6.761025472247943
GLOBAL,S1D6,PWRGEOTZAXX01,GEOTZAXX,2041,7.204670422762881
GLOBAL,S1D6,PWRGEOTZAXX01,GEOTZAXX,2042,7.62907042276288
GLOBAL,S1D6,PWRGEOTZAXX01,GEOTZAXX,2043,8.053067941845205
GLOBAL,S1D6,PWRGEOTZAXX01,GEOTZAXX,2044,8.341470136981721
GLOBAL,S1D6,PWRGEOTZAXX01,GEOTZAXX,2045,8.898439992983729
GLOBAL,S1D6,PWRGEOTZAXX01,GEOTZAXX,2046,9.226816995105846
GLOBAL,S1D6,PWRGEOTZAXX01,GEOTZAXX,2047,9.186967953298721
GLOBAL,S1D6,PWRGEOTZAXX01,GEOTZAXX,2048,10.207474532657974
GLOBAL,S1D6,PWRGEOTZAXX01,GEOTZAXX,2049,10.16725318350932
GLOBAL,S1D6,PWRGEOTZAXX01,GEOTZAXX,2050,10.657581952285396
GLOBAL,S1D6,PWRHYDKENXX01,HYDKENXX,2021,0.670550643879552
GLOBAL,S1D6,PWRHYDKENXX01,HYDKENXX,2022,0.670550643879552
GLOBAL,S1D6,PWRHYDKENXX01,HYDKENXX,2023,0.0719747844614056
GLOBAL,S1D6,PWRHYDKENXX01,HYDKENXX,2024,0.670550643879552
GLOBAL,S1D6,PWRHYDKENXX01,HYDKENXX,2025,0.670550643879552
GLOBAL,S1D6,PWRHYDKENXX01,HYDKENXX,2026,0.4297911614726529
GLOBAL,S1D6,PWRHYDKENXX01,HYDKENXX,2027,0.670550643879552
GLOBAL,S1D6,PWRHYDKENXX01,HYDKENXX,2029,0.670550643879552
GLOBAL,S1D6,PWRHYDKENXX01,HYDKENXX,2030,0.670550643879552
GLOBAL,S1D6,PWRHYDKENXX01,HYDKENXX,2031,0.3850660436345734
GLOBAL,S1D6,PWRHYDKENXX01,HYDKENXX,2033,0.670550643879552
GLOBAL,S1D6,PWRHYDKENXX01,HYDKENXX,2034,0.670550643879552
GLOBAL,S1D6,PWRHYDKENXX01,HYDKENXX,2035,0.670550643879552
GLOBAL,S1D6,PWRHYDKENXX01,HYDKENXX,2036,0.23191665907379352
GLOBAL,S1D6,PWRHYDKENXX01,HYDKENXX,2037,0.670550643879552
GLOBAL,S1D6,PWRHYDKENXX01,HYDKENXX,2038,0.670550643879552
GLOBAL,S1D6,PWRHYDKENXX01,HYDKENXX,2039,0.670550643879552
GLOBAL,S1D6,PWRHYDKENXX01,HYDKENXX,2040,0.670550643879552
GLOBAL,S1D6,PWRHYDKENXX01,HYDKENXX,2041,0.670550643879552
GLOBAL,S1D6,PWRHYDKENXX01,HYDKENXX,2042,0.670550643879552
GLOBAL,S1D6,PWRHYDKENXX01,HYDKENXX,2043,0.670550643879552
GLOBAL,S1D6,PWRHYDKENXX01,HYDKENXX,2044,0.670550643879552
GLOBAL,S1D6,PWRHYDKENXX01,HYDKENXX,2045,0.670550643879552
GLOBAL,S1D6,PWRHYDKENXX01,HYDKENXX,2046,0.670550643879552
GLOBAL,S1D6,PWRHYDKENXX01,HYDKENXX,2047,0.670550643879552
GLOBAL,S1D6,PWRHYDKENXX01,HYDKENXX,2048,0.670550643879552
GLOBAL,S1D6,PWRHYDKENXX01,HYDKENXX,2049,0.670550643879552
GLOBAL,S1D6,PWRHYDKENXX01,HYDKENXX,2050,0.670550643879552
GLOBAL,S1D6,PWRHYDTZAXX01,HYDTZAXX,2021,0.5538872308273916
GLOBAL,S1D6,PWRHYDTZAXX01,HYDTZAXX,2022,0.5538872308273916
GLOBAL,S1D6,PWRHYDTZAXX01,HYDTZAXX,2023,0.5538872308273916
GLOBAL,S1D6,PWRHYDTZAXX01,HYDTZAXX,2024,0.5538872308273916
GLOBAL,S1D6,PWRHYDTZAXX01,HYDTZAXX,2025,0.5538872308273916
GLOBAL,S1D6,PWRHYDTZAXX01,HYDTZAXX,2026,0.6268986961365535
GLOBAL,S1D6,PWRHYDTZAXX01,HYDTZAXX,2027,0.6538261181123015
GLOBAL,S1D6,PWRHYDTZAXX01,HYDTZAXX,2029,0.69212957723712
GLOBAL,S1D6,PWRHYDTZAXX01,HYDTZAXX,2030,0.5538872308273916
GLOBAL,S1D6,PWRHYDTZAXX01,HYDTZAXX,2031,0.16195176665395009
GLOBAL,S1D6,PWRHYDTZAXX01,HYDTZAXX,2032,0.69212957723712
GLOBAL,S1D6,PWRHYDTZAXX01,HYDTZAXX,2033,0.69212957723712
GLOBAL,S1D6,PWRHYDTZAXX01,HYDTZAXX,2034,0.69212957723712
GLOBAL,S1D6,PWRHYDTZAXX01,HYDTZAXX,2035,0.69212957723712
GLOBAL,S1D6,PWRHYDTZAXX01,HYDTZAXX,2036,0.16195176665395009
GLOBAL,S1D6,PWRHYDTZAXX01,HYDTZAXX,2037,0.69212957723712
GLOBAL,S1D6,PWRHYDTZAXX01,HYDTZAXX,2038,0.69212957723712
GLOBAL,S1D6,PWRHYDTZAXX01,HYDTZAXX,2039,0.5548050760158699
GLOBAL,S1D6,PWRHYDTZAXX01,HYDTZAXX,2040,0.69212957723712
GLOBAL,S1D6,PWRHYDTZAXX01,HYDTZAXX,2041,0.69212957723712
GLOBAL,S1D6,PWRHYDTZAXX01,HYDTZAXX,2042,0.69212957723712
GLOBAL,S1D6,PWRHYDTZAXX01,HYDTZAXX,2043,0.69212957723712
GLOBAL,S1D6,PWRHYDTZAXX01,HYDTZAXX,2044,0.69212957723712
GLOBAL,S1D6,PWRHYDTZAXX01,HYDTZAXX,2046,0.69212957723712
GLOBAL,S1D6,PWRHYDTZAXX01,HYDTZAXX,2047,0.69212957723712
GLOBAL,S1D6,PWRHYDTZAXX01,HYDTZAXX,2048,0.69212957723712
GLOBAL,S1D6,PWRHYDTZAXX01,HYDTZAXX,2049,0.69212957723712
GLOBAL,S1D6,PWRHYDTZAXX01,HYDTZAXX,2050,0.69212957723712
GLOBAL,S1D6,PWRTRNKENXX,ELCKENXX01,2021,1.84
GLOBAL,S1D6,PWRTRNKENXX,ELCKENXX01,2022,1.9200000000000002
GLOBAL,S1D6,PWRTRNKENXX,ELCKENXX01,2023,1.9094650159882811
GLOBAL,S1D6,PWRTRNKENXX,ELCKENXX01,2024,1.96
GLOBAL,S1D6,PWRTRNKENXX,ELCKENXX01,2025,2.0172
GLOBAL,S1D6,PWRTRNKENXX,ELCKENXX01,2026,2.1876
GLOBAL,S1D6,PWRTRNKENXX,ELCKENXX01,2027,2.3579999999999997
GLOBAL,S1D6,PWRTRNKENXX,ELCKENXX01,2028,2.5284
GLOBAL,S1D6,PWRTRNKENXX,ELCKENXX01,2029,2.6992
GLOBAL,S1D6,PWRTRNKENXX,ELCKENXX01,2030,2.8696
GLOBAL,S1D6,PWRTRNKENXX,ELCKENXX01,2031,3.0656
GLOBAL,S1D6,PWRTRNKENXX,ELCKENXX01,2032,3.262
GLOBAL,S1D6,PWRTRNKENXX,ELCKENXX01,2033,3.4584
GLOBAL,S1D6,PWRTRNKENXX,ELCKENXX01,2034,3.6547999999999994
GLOBAL,S1D6,PWRTRNKENXX,ELCKENXX01,2035,3.8508000000000004
GLOBAL,S1D6,PWRTRNKENXX,ELCKENXX01,2036,4.077999999999999
GLOBAL,S1D6,PWRTRNKENXX,ELCKENXX01,2037,4.304800000000001
GLOBAL,S1D6,PWRTRNKENXX,ELCKENXX01,2038,4.532
GLOBAL,S1D6,PWRTRNKENXX,ELCKENXX01,2039,4.7588
GLOBAL,S1D6,PWRTRNKENXX,ELCKENXX01,2040,4.986
GLOBAL,S1D6,PWRTRNKENXX,ELCKENXX01,2041,5.267999999999999
GLOBAL,S1D6,PWRTRNKENXX,ELCKENXX01,2042,5.5496
GLOBAL,S1D6,PWRTRNKENXX,ELCKENXX01,2043,5.831599999999999
GLOBAL,S1D6,PWRTRNKENXX,ELCKENXX01,2044,6.1136
GLOBAL,S1D6,PWRTRNKENXX,ELCKENXX01,2045,6.395599999999999
GLOBAL,S1D6,PWRTRNKENXX,ELCKENXX01,2046,6.7492
GLOBAL,S1D6,PWRTRNKENXX,ELCKENXX01,2047,7.103199999999999
GLOBAL,S1D6,PWRTRNKENXX,ELCKENXX01,2048,7.456800000000001
GLOBAL,S1D6,PWRTRNKENXX,ELCKENXX01,2049,7.8104
GLOBAL,S1D6,PWRTRNKENXX,ELCKENXX01,2050,8.164
GLOBAL,S1D6,PWRTRNTZAXX,ELCTZAXX01,2021,1.3094650159882815
GLOBAL,S1D6,PWRTRNTZAXX,ELCTZAXX01,2022,1.4294650159882814
GLOBAL,S1D6,PWRTRNTZAXX,ELCTZAXX01,2023,1.6
GLOBAL,S1D6,PWRTRNTZAXX,ELCTZAXX01,2024,2.7192
GLOBAL,S1D6,PWRTRNTZAXX,ELCTZAXX01,2025,2.916
GLOBAL,S1D6,PWRTRNTZAXX,ELCTZAXX01,2026,3.1659999999999995
GLOBAL,S1D6,PWRTRNTZAXX,ELCTZAXX01,2027,3.4156
GLOBAL,S1D6,PWRTRNTZAXX,ELCTZAXX01,2028,3.6655999999999995
GLOBAL,S1D6,PWRTRNTZAXX,ELCTZAXX01,2029,3.9156
GLOBAL,S1D6,PWRTRNTZAXX,ELCTZAXX01,2030,4.1656
GLOBAL,S1D6,PWRTRNTZAXX,ELCTZAXX01,2031,4.4676
GLOBAL,S1D6,PWRTRNTZAXX,ELCTZAXX01,2032,4.769999999999999
GLOBAL,S1D6,PWRTRNTZAXX,ELCTZAXX01,2033,5.072400000000001
GLOBAL,S1D6,PWRTRNTZAXX,ELCTZAXX01,2034,5.3744000000000005
GLOBAL,S1D6,PWRTRNTZAXX,ELCTZAXX01,2035,5.6768
GLOBAL,S1D6,PWRTRNTZAXX,ELCTZAXX01,2036,6.036
GLOBAL,S1D6,PWRTRNTZAXX,ELCTZAXX01,2037,6.394800000000001
GLOBAL,S1D6,PWRTRNTZAXX,ELCTZAXX01,2038,6.7540000000000004
GLOBAL,S1D6,PWRTRNTZAXX,ELCTZAXX01,2039,7.113199999999999
GLOBAL,S1D6,PWRTRNTZAXX,ELCTZAXX01,2040,7.472400000000001
GLOBAL,S1D6,PWRTRNTZAXX,ELCTZAXX01,2041,7.896799999999999
GLOBAL,S1D6,PWRTRNTZAXX,ELCTZAXX01,2042,8.3212
GLOBAL,S1D6,PWRTRNTZAXX,ELCTZAXX01,2043,8.7456
GLOBAL,S1D6,PWRTRNTZAXX,ELCTZAXX01,2044,9.1704
GLOBAL,S1D6,PWRTRNTZAXX,ELCTZAXX01,2045,9.594799999999998
GLOBAL,S1D6,PWRTRNTZAXX,ELCTZAXX01,2046,10.121599999999999
GLOBAL,S1D6,PWRTRNTZAXX,ELCTZAXX01,2047,10.6484
GLOBAL,S1D6,PWRTRNTZAXX,ELCTZAXX01,2048,11.1752
GLOBAL,S1D6,PWRTRNTZAXX,ELCTZAXX01,2049,11.7016
GLOBAL,S1D6,PWRTRNTZAXX,ELCTZAXX01,2050,12.2284
GLOBAL,S1D6,PWRWONKENXX01,WONKENXX,2021,0.014284772367873342
GLOBAL,S1D6,PWRWONKENXX01,WONKENXX,2022,0.11305568203776001
GLOBAL,S1D6,PWRWONKENXX01,WONKENXX,2023,0.09494971195546009
GLOBAL,S1D6,PWRWONKENXX01,WONKENXX,2024,0.10430732568960001
GLOBAL,S1D6,PWRWONKENXX01,WONKENXX,2025,0.10430732568960001
GLOBAL,S1D6,PWRWONKENXX01,WONKENXX,2027,0.10430732568960001
GLOBAL,S1D6,PWRWONKENXX01,WONKENXX,2028,0.10430732568960001
GLOBAL,S1D6,PWRWONKENXX01,WONKENXX,2029,0.10430732568960001
GLOBAL,S1D6,PWRWONKENXX01,WONKENXX,2030,0.10430732568960001
GLOBAL,S1D6,PWRWONKENXX01,WONKENXX,2031,0.00727982732016022
GLOBAL,S1D6,PWRWONKENXX01,WONKENXX,2032,0.10430732568960001
GLOBAL,S1D6,PWRWONKENXX01,WONKENXX,2033,0.10430732568960001
GLOBAL,S1D6,PWRWONKENXX01,WONKENXX,2034,0.10430732568960001
GLOBAL,S1D6,PWRWONKENXX01,WONKENXX,2035,0.08440434460656016
GLOBAL,S1D6,PWRWONKENXX01,WONKENXX,2036,0.08325056220336019
GLOBAL,S1D6,PWRWONKENXX01,WONKENXX,2037,0.01179367591536018
GLOBAL,S1D6,PWRWONKENXX01,WONKENXX,2038,0.10430732568960001
GLOBAL,S1D6,PWRWONKENXX01,WONKENXX,2039,0.10430732568960001
GLOBAL,S1D6,PWRWONKENXX01,WONKENXX,2040,0.10430732568960001
GLOBAL,S1D6,PWRWONKENXX01,WONKENXX,2041,0.10430732568960001
GLOBAL,S1D6,PWRWONKENXX01,WONKENXX,2042,0.08325056220336019
GLOBAL,S1D6,PWRWONKENXX01,WONKENXX,2043,0.10430732568960001
GLOBAL,S1D6,PWRWONKENXX01,WONKENXX,2045,0.01179367591536018
GLOBAL,S1D6,PWRWONKENXX01,WONKENXX,2046,0.10430732568960001
GLOBAL,S1D6,PWRWONKENXX01,WONKENXX,2047,0.10430732568960001
GLOBAL,S1D6,TRNKENXXTZAXX,ELCKENXX02,2023,0.02946501598828137
GLOBAL,S1D6,TRNKENXXTZAXX,ELCTZAXX02,2021,0.02946501598828137
GLOBAL,S1D6,TRNKENXXTZAXX,ELCTZAXX02,2022,0.02946501598828137
GLOBAL,S2D1,PWRBIOKENXX01,BIOKENXX,2022,0.00918259472241738
GLOBAL,S2D1,PWRBIOKENXX01,BIOKENXX,2029,2.576288063293843
GLOBAL,S2D1,PWRBIOKENXX01,BIOKENXX,2031,3.120062551316425
GLOBAL,S2D1,PWRBIOKENXX01,BIOKENXX,2032,0.868963450598067
GLOBAL,S2D1,PWRBIOKENXX01,BIOKENXX,2033,0.9230783430857439
GLOBAL,S2D1,PWRBIOKENXX01,BIOKENXX,2034,4.299573369305413
GLOBAL,S2D1,PWRBIOKENXX01,BIOKENXX,2035,1.9757715413436177
GLOBAL,S2D1,PWRBIOKENXX01,BIOKENXX,2036,4.793700425247762
GLOBAL,S2D1,PWRBIOKENXX01,BIOKENXX,2037,2.4986880064286496
GLOBAL,S2D1,PWRBIOKENXX01,BIOKENXX,2038,3.225358194276217
GLOBAL,S2D1,PWRBIOKENXX01,BIOKENXX,2039,3.5175501706443746
GLOBAL,S2D1,PWRBIOKENXX01,BIOKENXX,2040,3.81001540314306
GLOBAL,S2D1,PWRBIOKENXX01,BIOKENXX,2041,4.164830631213215
GLOBAL,S2D1,PWRBIOKENXX01,BIOKENXX,2042,10.559880038403943
GLOBAL,S2D1,PWRBIOKENXX01,BIOKENXX,2043,11.070211508109999
GLOBAL,S2D1,PWRBIOKENXX01,BIOKENXX,2044,11.580542977816059
GLOBAL,S2D1,PWRBIOKENXX01,BIOKENXX,2045,4.935139663202029
GLOBAL,S2D1,PWRBIOKENXX01,BIOKENXX,2046,12.730779439323754
GLOBAL,S2D1,PWRBIOKENXX01,BIOKENXX,2047,5.422525578125141
GLOBAL,S2D1,PWRBIOKENXX01,BIOKENXX,2048,14.08392979486407
GLOBAL,S2D1,PWRBIOKENXX01,BIOKENXX,2049,5.925061966770848
GLOBAL,S2D1,PWRBIOKENXX01,BIOKENXX,2050,6.166620386167136
GLOBAL,S2D1,PWRBIOTZAXX01,BIOTZAXX,2027,2.8004596370872985
GLOBAL,S2D1,PWRBIOTZAXX01,BIOTZAXX,2028,2.922832779682948
GLOBAL,S2D1,PWRBIOTZAXX01,BIOTZAXX,2029,3.0514802049276235
GLOBAL,S2D1,PWRBIOTZAXX01,BIOTZAXX,2030,0.6681112754756604
GLOBAL,S2D1,PWRBIOTZAXX01,BIOTZAXX,2031,4.416163794771074
GLOBAL,S2D1,PWRBIOTZAXX01,BIOTZAXX,2032,2.150413405925155
GLOBAL,S2D1,PWRBIOTZAXX01,BIOTZAXX,2033,2.2389475948399338
GLOBAL,S2D1,PWRBIOTZAXX01,BIOTZAXX,2034,2.327364675039249
GLOBAL,S2D1,PWRBIOTZAXX01,BIOTZAXX,2035,2.415898863954027
GLOBAL,S2D1,PWRBIOTZAXX01,BIOTZAXX,2036,6.9952101317475455
GLOBAL,S2D1,PWRBIOTZAXX01,BIOTZAXX,2037,4.26690365835137
GLOBAL,S2D1,PWRBIOTZAXX01,BIOTZAXX,2038,4.3135111782042825
GLOBAL,S2D1,PWRBIOTZAXX01,BIOTZAXX,2039,4.502823469924761
GLOBAL,S2D1,PWRBIOTZAXX01,BIOTZAXX,2040,4.6921357616452255
GLOBAL,S2D1,PWRBIOTZAXX01,BIOTZAXX,2041,9.160001298136825
GLOBAL,S2D1,PWRBIOTZAXX01,BIOTZAXX,2042,5.139486188182917
GLOBAL,S2D1,PWRBIOTZAXX01,BIOTZAXX,2043,10.09763857037045
GLOBAL,S2D1,PWRBIOTZAXX01,BIOTZAXX,2044,5.587047430190231
GLOBAL,S2D1,PWRBIOTZAXX01,BIOTZAXX,2045,5.81072264345908
GLOBAL,S2D1,PWRBIOTZAXX01,BIOTZAXX,2046,6.088366616951171
GLOBAL,S2D1,PWRBIOTZAXX01,BIOTZAXX,2047,6.366010590443214
GLOBAL,S2D1,PWRBIOTZAXX01,BIOTZAXX,2048,6.6436545639352795
GLOBAL,S2D1,PWRBIOTZAXX01,BIOTZAXX,2049,6.921087721957719
GLOBAL,S2D1,PWRBIOTZAXX01,BIOTZAXX,2050,7.198731695449751
GLOBAL,S2D1,PWRGEOKENXX01,GEOKENXX,2021,1.8998967178138824
GLOBAL,S2D1,PWRGEOKENXX01,GEOKENXX,2022,2.0060679421063297
GLOBAL,S2D1,PWRGEOKENXX01,GEOKENXX,2023,1.6529277197696897
GLOBAL,S2D1,PWRGEOKENXX01,GEOKENXX,2024,1.7315020888290562
GLOBAL,S2D1,PWRGEOKENXX01,GEOKENXX,2025,1.803002088829056
GLOBAL,S2D1,PWRGEOKENXX01,GEOKENXX,2026,2.041580430232897
GLOBAL,S2D1,PWRGEOKENXX01,GEOKENXX,2027,2.120814077531846
GLOBAL,S2D1,PWRGEOKENXX01,GEOKENXX,2028,2.36441322219259
GLOBAL,S2D1,PWRGEOKENXX01,GEOKENXX,2029,2.310154744710091
GLOBAL,S2D1,PWRGEOKENXX01,GEOKENXX,2030,2.7330709131706192
GLOBAL,S2D1,PWRGEOKENXX01,GEOKENXX,2031,2.0034785497613106
GLOBAL,S2D1,PWRGEOKENXX01,GEOKENXX,2032,2.8408345928684295
GLOBAL,S2D1,PWRGEOKENXX01,GEOKENXX,2033,3.0535219094933157
GLOBAL,S2D1,PWRGEOKENXX01,GEOKENXX,2034,2.2148231078485834
GLOBAL,S2D1,PWRGEOKENXX01,GEOKENXX,2035,3.4306866505083184
GLOBAL,S2D1,PWRGEOKENXX01,GEOKENXX,2036,2.4450715094341384
GLOBAL,S2D1,PWRGEOKENXX01,GEOKENXX,2037,3.4306866505083184
GLOBAL,S2D1,PWRGEOKENXX01,GEOKENXX,2038,3.460530517860582
GLOBAL,S2D1,PWRGEOKENXX01,GEOKENXX,2039,3.6274100908375244
GLOBAL,S2D1,PWRGEOKENXX01,GEOKENXX,2040,3.7946605896293066
GLOBAL,S2D1,PWRGEOKENXX01,GEOKENXX,2041,4.004843777684251
GLOBAL,S2D1,PWRGEOKENXX01,GEOKENXX,2042,2.3031030540854
GLOBAL,S2D1,PWRGEOKENXX01,GEOKENXX,2043,2.4640722416226546
GLOBAL,S2D1,PWRGEOKENXX01,GEOKENXX,2044,2.625041429159909
GLOBAL,S2D1,PWRGEOKENXX01,GEOKENXX,2045,5.050483649709848
GLOBAL,S2D1,PWRGEOKENXX01,GEOKENXX,2046,2.9878499951126702
GLOBAL,S2D1,PWRGEOKENXX01,GEOKENXX,2047,5.705386916156557
GLOBAL,S2D1,PWRGEOKENXX01,GEOKENXX,2048,3.4736065453900644
GLOBAL,S2D1,PWRGEOKENXX01,GEOKENXX,2049,6.4598677022533115
GLOBAL,S2D1,PWRGEOKENXX01,GEOKENXX,2050,6.787766122569247
GLOBAL,S2D1,PWRGEOTZAXX01,GEOTZAXX,2021,1.3309415039959935
GLOBAL,S2D1,PWRGEOTZAXX01,GEOTZAXX,2022,1.4809415039959934
GLOBAL,S2D1,PWRGEOTZAXX01,GEOTZAXX,2023,1.6716052827942802
GLOBAL,S2D1,PWRGEOTZAXX01,GEOTZAXX,2024,3.0997237321248
GLOBAL,S2D1,PWRGEOTZAXX01,GEOTZAXX,2025,3.3457237321248
GLOBAL,S2D1,PWRGEOTZAXX01,GEOTZAXX,2026,3.6798441696031587
GLOBAL,S2D1,PWRGEOTZAXX01,GEOTZAXX,2027,3.0027894154957373
GLOBAL,S2D1,PWRGEOTZAXX01,GEOTZAXX,2028,3.2692849968742026
GLOBAL,S2D1,PWRGEOTZAXX01,GEOTZAXX,2029,3.8331726771641956
GLOBAL,S2D1,PWRGEOTZAXX01,GEOTZAXX,2030,4.552867087378455
GLOBAL,S2D1,PWRGEOTZAXX01,GEOTZAXX,2031,3.7109430986509695
GLOBAL,S2D1,PWRGEOTZAXX01,GEOTZAXX,2032,4.752555029483475
GLOBAL,S2D1,PWRGEOTZAXX01,GEOTZAXX,2033,5.087174594622078
GLOBAL,S2D1,PWRGEOTZAXX01,GEOTZAXX,2034,5.421351541288265
GLOBAL,S2D1,PWRGEOTZAXX01,GEOTZAXX,2035,5.75597110642687
GLOBAL,S2D1,PWRGEOTZAXX01,GEOTZAXX,2036,4.6981194762119545
GLOBAL,S2D1,PWRGEOTZAXX01,GEOTZAXX,2037,5.939363090268789
GLOBAL,S2D1,PWRGEOTZAXX01,GEOTZAXX,2038,6.3477695805185315
GLOBAL,S2D1,PWRGEOTZAXX01,GEOTZAXX,2039,6.713321784922157
GLOBAL,S2D1,PWRGEOTZAXX01,GEOTZAXX,2040,7.0788739893257855
GLOBAL,S2D1,PWRGEOTZAXX01,GEOTZAXX,2041,6.236247582191663
GLOBAL,S2D1,PWRGEOTZAXX01,GEOTZAXX,2042,7.942684432248386
GLOBAL,S2D1,PWRGEOTZAXX01,GEOTZAXX,2043,6.9528247381184904
GLOBAL,S2D1,PWRGEOTZAXX01,GEOTZAXX,2044,8.806901948895266
GLOBAL,S2D1,PWRGEOTZAXX01,GEOTZAXX,2045,9.238807170356566
GLOBAL,S2D1,PWRGEOTZAXX01,GEOTZAXX,2046,9.77492326523359
GLOBAL,S2D1,PWRGEOTZAXX01,GEOTZAXX,2047,10.311039360110628
GLOBAL,S2D1,PWRGEOTZAXX01,GEOTZAXX,2048,10.847155454987659
GLOBAL,S2D1,PWRGEOTZAXX01,GEOTZAXX,2049,11.38286447614041
GLOBAL,S2D1,PWRGEOTZAXX01,GEOTZAXX,2050,11.918980571017448
GLOBAL,S2D1,PWRHYDKENXX01,HYDKENXX,2021,0.2470306750354381
GLOBAL,S2D1,PWRHYDKENXX01,HYDKENXX,2022,0.23432030377716284
GLOBAL,S2D1,PWRHYDKENXX01,HYDKENXX,2023,0.596290909561344
GLOBAL,S2D1,PWRHYDKENXX01,HYDKENXX,2024,0.596290909561344
GLOBAL,S2D1,PWRHYDKENXX01,HYDKENXX,2025,0.596290909561344
GLOBAL,S2D1,PWRHYDKENXX01,HYDKENXX,2026,0.4716591176063467
GLOBAL,S2D1,PWRHYDKENXX01,HYDKENXX,2027,0.596290909561344
GLOBAL,S2D1,PWRHYDKENXX01,HYDKENXX,2028,0.596290909561344
GLOBAL,S2D1,PWRHYDKENXX01,HYDKENXX,2030,0.596290909561344
GLOBAL,S2D1,PWRHYDKENXX01,HYDKENXX,2031,0.596290909561344
GLOBAL,S2D1,PWRHYDKENXX01,HYDKENXX,2032,0.596290909561344
GLOBAL,S2D1,PWRHYDKENXX01,HYDKENXX,2033,0.596290909561344
GLOBAL,S2D1,PWRHYDKENXX01,HYDKENXX,2034,0.596290909561344
GLOBAL,S2D1,PWRHYDKENXX01,HYDKENXX,2035,0.3451519253525717
GLOBAL,S2D1,PWRHYDKENXX01,HYDKENXX,2036,0.596290909561344
GLOBAL,S2D1,PWRHYDKENXX01,HYDKENXX,2037,0.596290909561344
GLOBAL,S2D1,PWRHYDKENXX01,HYDKENXX,2038,0.596290909561344
GLOBAL,S2D1,PWRHYDKENXX01,HYDKENXX,2039,0.596290909561344
GLOBAL,S2D1,PWRHYDKENXX01,HYDKENXX,2040,0.596290909561344
GLOBAL,S2D1,PWRHYDKENXX01,HYDKENXX,2041,0.596290909561344
GLOBAL,S2D1,PWRHYDKENXX01,HYDKENXX,2042,0.596290909561344
GLOBAL,S2D1,PWRHYDKENXX01,HYDKENXX,2043,0.596290909561344
GLOBAL,S2D1,PWRHYDKENXX01,HYDKENXX,2044,0.596290909561344
GLOBAL,S2D1,PWRHYDKENXX01,HYDKENXX,2045,0.596290909561344
GLOBAL,S2D1,PWRHYDKENXX01,HYDKENXX,2046,0.596290909561344
GLOBAL,S2D1,PWRHYDKENXX01,HYDKENXX,2047,0.596290909561344
GLOBAL,S2D1,PWRHYDKENXX01,HYDKENXX,2048,0.596290909561344
GLOBAL,S2D1,PWRHYDKENXX01,HYDKENXX,2049,0.596290909561344
GLOBAL,S2D1,PWRHYDKENXX01,HYDKENXX,2050,0.596290909561344
GLOBAL,S2D1,PWRHYDTZAXX01,HYDTZAXX,2021,0.2992762678752
GLOBAL,S2D1,PWRHYDTZAXX01,HYDTZAXX,2022,0.2992762678752
GLOBAL,S2D1,PWRHYDTZAXX01,HYDTZAXX,2023,0.2992762678752
GLOBAL,S2D1,PWRHYDTZAXX01,HYDTZAXX,2024,0.2992762678752
GLOBAL,S2D1,PWRHYDTZAXX01,HYDTZAXX,2025,0.2992762678752
GLOBAL,S2D1,PWRHYDTZAXX01,HYDTZAXX,2026,0.16044130175189197
GLOBAL,S2D1,PWRHYDTZAXX01,HYDTZAXX,2027,0.2992762678752
GLOBAL,S2D1,PWRHYDTZAXX01,HYDTZAXX,2028,0.2992762678752
GLOBAL,S2D1,PWRHYDTZAXX01,HYDTZAXX,2030,0.2992762678752
GLOBAL,S2D1,PWRHYDTZAXX01,HYDTZAXX,2031,0.2992762678752
GLOBAL,S2D1,PWRHYDTZAXX01,HYDTZAXX,2032,0.2992762678752
GLOBAL,S2D1,PWRHYDTZAXX01,HYDTZAXX,2033,0.2992762678752
GLOBAL,S2D1,PWRHYDTZAXX01,HYDTZAXX,2034,0.2992762678752
GLOBAL,S2D1,PWRHYDTZAXX01,HYDTZAXX,2035,0.2992762678752
GLOBAL,S2D1,PWRHYDTZAXX01,HYDTZAXX,2036,0.2992762678752
GLOBAL,S2D1,PWRHYDTZAXX01,HYDTZAXX,2037,0.2992762678752
GLOBAL,S2D1,PWRHYDTZAXX01,HYDTZAXX,2038,0.2992762678752
GLOBAL,S2D1,PWRHYDTZAXX01,HYDTZAXX,2039,0.2992762678752
GLOBAL,S2D1,PWRHYDTZAXX01,HYDTZAXX,2040,0.2992762678752
GLOBAL,S2D1,PWRHYDTZAXX01,HYDTZAXX,2041,0.2992762678752
GLOBAL,S2D1,PWRHYDTZAXX01,HYDTZAXX,2042,0.2992762678752
GLOBAL,S2D1,PWRHYDTZAXX01,HYDTZAXX,2043,0.2992762678752
GLOBAL,S2D1,PWRHYDTZAXX01,HYDTZAXX,2044,0.2992762678752
GLOBAL,S2D1,PWRHYDTZAXX01,HYDTZAXX,2045,0.2992762678752
GLOBAL,S2D1,PWRHYDTZAXX01,HYDTZAXX,2046,0.2992762678752
GLOBAL,S2D1,PWRHYDTZAXX01,HYDTZAXX,2047,0.2992762678752
GLOBAL,S2D1,PWRHYDTZAXX01,HYDTZAXX,2048,0.2992762678752
GLOBAL,S2D1,PWRHYDTZAXX01,HYDTZAXX,2049,0.2992762678752
GLOBAL,S2D1,PWRHYDTZAXX01,HYDTZAXX,2050,0.2992762678752
GLOBAL,S2D1,PWRSDSKENXX01,ELCKENXX01,2022,0.00106339392
GLOBAL,S2D1,PWRSDSKENXX01,ELCKENXX01,2026,6.060607999999999e-05
GLOBAL,S2D1,PWRSPVKENXX01,SPVKENXX,2021,0.010332644256
GLOBAL,S2D1,PWRSPVKENXX01,SPVKENXX,2022,0.015029300736
GLOBAL,S2D1,PWRSPVKENXX01,SPVKENXX,2023,0.017377628976000002
GLOBAL,S2D1,PWRSPVKENXX01,SPVKENXX,2024,0.017377628976000002
GLOBAL,S2D1,PWRSPVKENXX01,SPVKENXX,2025,0.017377628976000002
GLOBAL,S2D1,PWRSPVKENXX01,SPVKENXX,2026,0.11649168560715606
GLOBAL,S2D1,PWRSPVKENXX01,SPVKENXX,2027,0.12556564027320985
GLOBAL,S2D1,PWRSPVKENXX01,SPVKENXX,2028,0.13463959493926367
GLOBAL,S2D1,PWRSPVKENXX01,SPVKENXX,2029,0.1437348499683834
GLOBAL,S2D1,PWRSPVKENXX01,SPVKENXX,2030,0.15280880463443727
GLOBAL,S2D1,PWRSPVKENXX01,SPVKENXX,2031,0.2448689738050587
GLOBAL,S2D1,PWRSPVKENXX01,SPVKENXX,2032,0.2605566912030602
GLOBAL,S2D1,PWRSPVKENXX01,SPVKENXX,2033,0.2762444086010617
GLOBAL,S2D1,PWRSPVKENXX01,SPVKENXX,2034,0.2919321259990633
GLOBAL,S2D1,PWRSPVKENXX01,SPVKENXX,2035,0.30758789285246607
GLOBAL,S2D1,PWRSPVKENXX01,SPVKENXX,2036,0.4343144029127649
GLOBAL,S2D1,PWRSPVKENXX01,SPVKENXX,2037,0.4584690146294435
GLOBAL,S2D1,PWRSPVKENXX01,SPVKENXX,2038,0.48266622707225376
GLOBAL,S2D1,PWRSPVKENXX01,SPVKENXX,2039,0.5068208387889324
GLOBAL,S2D1,PWRSPVKENXX01,SPVKENXX,2040,0.5310180512317426
GLOBAL,S2D1,PWRSPVKENXX01,SPVKENXX,2041,0.5610515631545969
GLOBAL,S2D1,PWRSPVKENXX01,SPVKENXX,2042,0.5910424743513194
GLOBAL,S2D1,PWRSPVKENXX01,SPVKENXX,2043,0.6210759862741738
GLOBAL,S2D1,PWRSPVKENXX01,SPVKENXX,2044,0.6511094981970281
GLOBAL,S2D1,PWRSPVKENXX01,SPVKENXX,2045,0.6811430101198824
GLOBAL,S2D1,PWRSPVKENXX01,SPVKENXX,2046,0.7188020520203123
GLOBAL,S2D1,PWRSPVKENXX01,SPVKENXX,2047,0.7565036946468741
GLOBAL,S2D1,PWRSPVKENXX01,SPVKENXX,2048,0.7941627365473044
GLOBAL,S2D1,PWRSPVKENXX01,SPVKENXX,2049,0.8318217784477343
GLOBAL,S2D1,PWRSPVKENXX01,SPVKENXX,2050,0.8694808203481645
GLOBAL,S2D1,PWRSPVTZAXX01,SPVTZAXX,2026,0.11721452864494929
GLOBAL,S2D1,PWRSPVTZAXX01,SPVTZAXX,2027,0.12645544663287706
GLOBAL,S2D1,PWRSPVTZAXX01,SPVTZAXX,2028,0.13571117378424707
GLOBAL,S2D1,PWRSPVTZAXX01,SPVTZAXX,2029,0.14496690093561704
GLOBAL,S2D1,PWRSPVTZAXX01,SPVTZAXX,2030,0.15422262808698697
GLOBAL,S2D1,PWRSPVTZAXX01,SPVTZAXX,2031,0.24810531972876285
GLOBAL,S2D1,PWRSPVTZAXX01,SPVTZAXX,2032,0.2648989110722086
GLOBAL,S2D1,PWRSPVTZAXX01,SPVTZAXX,2033,0.2816925024156542
GLOBAL,S2D1,PWRSPVTZAXX01,SPVTZAXX,2034,0.29846388001393664
GLOBAL,S2D1,PWRSPVTZAXX01,SPVTZAXX,2035,0.3152574713573822
GLOBAL,S2D1,PWRSPVTZAXX01,SPVTZAXX,2036,0.446940552685353
GLOBAL,S2D1,PWRSPVTZAXX01,SPVTZAXX,2037,0.4735081919006454
GLOBAL,S2D1,PWRSPVTZAXX01,SPVTZAXX,2038,0.5001054494428222
GLOBAL,S2D1,PWRSPVTZAXX01,SPVTZAXX,2039,0.5267027069849989
GLOBAL,S2D1,PWRSPVTZAXX01,SPVTZAXX,2040,0.5532999645271756
GLOBAL,S2D1,PWRSPVTZAXX01,SPVTZAXX,2041,0.584725009351507
GLOBAL,S2D1,PWRSPVTZAXX01,SPVTZAXX,2042,0.6161500541758385
GLOBAL,S2D1,PWRSPVTZAXX01,SPVTZAXX,2043,0.6475750990001695
GLOBAL,S2D1,PWRSPVTZAXX01,SPVTZAXX,2044,0.6790297621513852
GLOBAL,S2D1,PWRSPVTZAXX01,SPVTZAXX,2045,0.7104548069757164
GLOBAL,S2D1,PWRSPVTZAXX01,SPVTZAXX,2046,0.74946214348245
GLOBAL,S2D1,PWRSPVTZAXX01,SPVTZAXX,2047,0.7884694799891836
GLOBAL,S2D1,PWRSPVTZAXX01,SPVTZAXX,2048,0.8274768164959171
GLOBAL,S2D1,PWRSPVTZAXX01,SPVTZAXX,2049,0.8664545346757666
GLOBAL,S2D1,PWRSPVTZAXX01,SPVTZAXX,2050,0.9054618711825002
GLOBAL,S2D1,PWRTRNKENXX,ELCKENXX01,2021,2.3
GLOBAL,S2D1,PWRTRNKENXX,ELCKENXX01,2022,2.3999999999999995
GLOBAL,S2D1,PWRTRNKENXX,ELCKENXX01,2023,2.3802177718711937
GLOBAL,S2D1,PWRTRNKENXX,ELCKENXX01,2024,2.4500000000000006
GLOBAL,S2D1,PWRTRNKENXX,ELCKENXX01,2025,2.5215
GLOBAL,S2D1,PWRTRNKENXX,ELCKENXX01,2026,2.7345
GLOBAL,S2D1,PWRTRNKENXX,ELCKENXX01,2027,2.9475
GLOBAL,S2D1,PWRTRNKENXX,ELCKENXX01,2028,3.1605
GLOBAL,S2D1,PWRTRNKENXX,ELCKENXX01,2029,3.374
GLOBAL,S2D1,PWRTRNKENXX,ELCKENXX01,2030,3.587
GLOBAL,S2D1,PWRTRNKENXX,ELCKENXX01,2031,3.832
GLOBAL,S2D1,PWRTRNKENXX,ELCKENXX01,2032,4.0775
GLOBAL,S2D1,PWRTRNKENXX,ELCKENXX01,2033,4.323
GLOBAL,S2D1,PWRTRNKENXX,ELCKENXX01,2034,4.5685
GLOBAL,S2D1,PWRTRNKENXX,ELCKENXX01,2035,4.8135
GLOBAL,S2D1,PWRTRNKENXX,ELCKENXX01,2036,5.097499999999999
GLOBAL,S2D1,PWRTRNKENXX,ELCKENXX01,2037,5.381
GLOBAL,S2D1,PWRTRNKENXX,ELCKENXX01,2038,5.665
GLOBAL,S2D1,PWRTRNKENXX,ELCKENXX01,2039,5.9485
GLOBAL,S2D1,PWRTRNKENXX,ELCKENXX01,2040,6.2325
GLOBAL,S2D1,PWRTRNKENXX,ELCKENXX01,2041,6.585
GLOBAL,S2D1,PWRTRNKENXX,ELCKENXX01,2042,6.937
GLOBAL,S2D1,PWRTRNKENXX,ELCKENXX01,2043,7.2895
GLOBAL,S2D1,PWRTRNKENXX,ELCKENXX01,2044,7.642
GLOBAL,S2D1,PWRTRNKENXX,ELCKENXX01,2045,7.9944999999999995
GLOBAL,S2D1,PWRTRNKENXX,ELCKENXX01,2046,8.4365
GLOBAL,S2D1,PWRTRNKENXX,ELCKENXX01,2047,8.879
GLOBAL,S2D1,PWRTRNKENXX,ELCKENXX01,2048,9.321
GLOBAL,S2D1,PWRTRNKENXX,ELCKENXX01,2049,9.763
GLOBAL,S2D1,PWRTRNKENXX,ELCKENXX01,2050,10.204999999999998
GLOBAL,S2D1,PWRTRNTZAXX,ELCTZAXX01,2021,1.6302177718711937
GLOBAL,S2D1,PWRTRNTZAXX,ELCTZAXX01,2022,1.7802177718711936
GLOBAL,S2D1,PWRTRNTZAXX,ELCTZAXX01,2023,2.0
GLOBAL,S2D1,PWRTRNTZAXX,ELCTZAXX01,2024,3.399
GLOBAL,S2D1,PWRTRNTZAXX,ELCTZAXX01,2025,3.6450000000000005
GLOBAL,S2D1,PWRTRNTZAXX,ELCTZAXX01,2026,3.9575000000000005
GLOBAL,S2D1,PWRTRNTZAXX,ELCTZAXX01,2027,4.2695
GLOBAL,S2D1,PWRTRNTZAXX,ELCTZAXX01,2028,4.582
GLOBAL,S2D1,PWRTRNTZAXX,ELCTZAXX01,2029,4.8945
GLOBAL,S2D1,PWRTRNTZAXX,ELCTZAXX01,2030,5.207
GLOBAL,S2D1,PWRTRNTZAXX,ELCTZAXX01,2031,5.5845
GLOBAL,S2D1,PWRTRNTZAXX,ELCTZAXX01,2032,5.962500000000001
GLOBAL,S2D1,PWRTRNTZAXX,ELCTZAXX01,2033,6.3405
GLOBAL,S2D1,PWRTRNTZAXX,ELCTZAXX01,2034,6.718
GLOBAL,S2D1,PWRTRNTZAXX,ELCTZAXX01,2035,7.096
GLOBAL,S2D1,PWRTRNTZAXX,ELCTZAXX01,2036,7.545
GLOBAL,S2D1,PWRTRNTZAXX,ELCTZAXX01,2037,7.993499999999999
GLOBAL,S2D1,PWRTRNTZAXX,ELCTZAXX01,2038,8.4425
GLOBAL,S2D1,PWRTRNTZAXX,ELCTZAXX01,2039,8.8915
GLOBAL,S2D1,PWRTRNTZAXX,ELCTZAXX01,2040,9.3405
GLOBAL,S2D1,PWRTRNTZAXX,ELCTZAXX01,2041,9.871
GLOBAL,S2D1,PWRTRNTZAXX,ELCTZAXX01,2042,10.401499999999999
GLOBAL,S2D1,PWRTRNTZAXX,ELCTZAXX01,2043,10.931999999999999
GLOBAL,S2D1,PWRTRNTZAXX,ELCTZAXX01,2044,11.463
GLOBAL,S2D1,PWRTRNTZAXX,ELCTZAXX01,2045,11.993499999999997
GLOBAL,S2D1,PWRTRNTZAXX,ELCTZAXX01,2046,12.652000000000001
GLOBAL,S2D1,PWRTRNTZAXX,ELCTZAXX01,2047,13.310499999999998
GLOBAL,S2D1,PWRTRNTZAXX,ELCTZAXX01,2048,13.969000000000001
GLOBAL,S2D1,PWRTRNTZAXX,ELCTZAXX01,2049,14.627000000000002
GLOBAL,S2D1,PWRTRNTZAXX,ELCTZAXX01,2050,15.285499999999999
GLOBAL,S2D1,PWRWONKENXX01,WONKENXX,2021,0.11362151356416
GLOBAL,S2D1,PWRWONKENXX01,WONKENXX,2022,0.11362151356416
GLOBAL,S2D1,PWRWONKENXX01,WONKENXX,2023,0.11362151356416
GLOBAL,S2D1,PWRWONKENXX01,WONKENXX,2024,0.10482937263360001
GLOBAL,S2D1,PWRWONKENXX01,WONKENXX,2025,0.10482937263360001
GLOBAL,S2D1,PWRWONKENXX01,WONKENXX,2026,0.10482937263360001
GLOBAL,S2D1,PWRWONKENXX01,WONKENXX,2027,0.10482937263360001
GLOBAL,S2D1,PWRWONKENXX01,WONKENXX,2028,0.06515627330680207
GLOBAL,S2D1,PWRWONKENXX01,WONKENXX,2029,0.10482937263360001
GLOBAL,S2D1,PWRWONKENXX01,WONKENXX,2030,0.10482937263360001
GLOBAL,S2D1,PWRWONKENXX01,WONKENXX,2032,0.10482937263360001
GLOBAL,S2D1,PWRWONKENXX01,WONKENXX,2033,0.10482937263360001
GLOBAL,S2D1,PWRWONKENXX01,WONKENXX,2034,0.10482937263360001
GLOBAL,S2D1,PWRWONKENXX01,WONKENXX,2035,0.10482937263360001
GLOBAL,S2D1,PWRWONKENXX01,WONKENXX,2036,0.10482937263360001
GLOBAL,S2D1,PWRWONKENXX01,WONKENXX,2037,0.10482937263360001
GLOBAL,S2D1,PWRWONKENXX01,WONKENXX,2038,0.10482937263360001
GLOBAL,S2D1,PWRWONKENXX01,WONKENXX,2039,0.10482937263360001
GLOBAL,S2D1,PWRWONKENXX01,WONKENXX,2040,0.10482937263360001
GLOBAL,S2D1,PWRWONKENXX01,WONKENXX,2041,0.10482937263360001
GLOBAL,S2D1,PWRWONKENXX01,WONKENXX,2042,0.10482937263360001
GLOBAL,S2D1,PWRWONKENXX01,WONKENXX,2043,0.10482937263360001
GLOBAL,S2D1,PWRWONKENXX01,WONKENXX,2044,0.10482937263360001
GLOBAL,S2D1,PWRWONKENXX01,WONKENXX,2045,0.10482937263360001
GLOBAL,S2D1,PWRWONKENXX01,WONKENXX,2046,0.10482937263360001
GLOBAL,S2D1,PWRWONKENXX01,WONKENXX,2047,0.10482937263360001
GLOBAL,S2D1,TRNKENXXTZAXX,ELCKENXX02,2023,0.030217771871193667
GLOBAL,S2D1,TRNKENXXTZAXX,ELCTZAXX02,2021,0.030217771871193667
GLOBAL,S2D1,TRNKENXXTZAXX,ELCTZAXX02,2022,0.030217771871193667
GLOBAL,S2D2,PWRBIOKENXX01,BIOKENXX,2021,0.50404871808
GLOBAL,S2D2,PWRBIOKENXX01,BIOKENXX,2022,0.50404871808
GLOBAL,S2D2,PWRBIOKENXX01,BIOKENXX,2023,0.50404871808
GLOBAL,S2D2,PWRBIOKENXX01,BIOKENXX,2024,1.4480822583645578
GLOBAL,S2D2,PWRBIOKENXX01,BIOKENXX,2025,1.6550182572849639
GLOBAL,S2D2,PWRBIOKENXX01,BIOKENXX,2028,0.7614014194260699
GLOBAL,S2D2,PWRBIOKENXX01,BIOKENXX,2029,0.13083845565942676
GLOBAL,S2D2,PWRBIOKENXX01,BIOKENXX,2032,3.7521323343549122
GLOBAL,S2D2,PWRBIOKENXX01,BIOKENXX,2035,3.306956527489729
GLOBAL,S2D2,PWRBIOKENXX01,BIOKENXX,2041,1.756510572255608
GLOBAL,S2D2,PWRBIOKENXX01,BIOKENXX,2042,0.13091523219094997
GLOBAL,S2D2,PWRBIOTZAXX01,BIOTZAXX,2021,0.8621237378812953
GLOBAL,S2D2,PWRBIOTZAXX01,BIOTZAXX,2022,1.0070401454440991
GLOBAL,S2D2,PWRBIOTZAXX01,BIOTZAXX,2023,1.0379930384967464
GLOBAL,S2D2,PWRBIOTZAXX01,BIOTZAXX,2024,1.0379930384967464
GLOBAL,S2D2,PWRBIOTZAXX01,BIOTZAXX,2025,1.3149489431970638
GLOBAL,S2D2,PWRBIOTZAXX01,BIOTZAXX,2027,0.2157639387090709
GLOBAL,S2D2,PWRBIOTZAXX01,BIOTZAXX,2028,0.14753566226953385
GLOBAL,S2D2,PWRBIOTZAXX01,BIOTZAXX,2029,3.0243318045279066
GLOBAL,S2D2,PWRBIOTZAXX01,BIOTZAXX,2030,0.5211237009965103
GLOBAL,S2D2,PWRBIOTZAXX01,BIOTZAXX,2031,0.5130424414640974
GLOBAL,S2D2,PWRBIOTZAXX01,BIOTZAXX,2032,2.3793421351783683
GLOBAL,S2D2,PWRBIOTZAXX01,BIOTZAXX,2033,2.670384414880999
GLOBAL,S2D2,PWRBIOTZAXX01,BIOTZAXX,2037,7.814749177377779
GLOBAL,S2D2,PWRBIOTZAXX01,BIOTZAXX,2044,10.566899071365777
GLOBAL,S2D2,PWRBIOTZAXX01,BIOTZAXX,2046,11.617653752502259
GLOBAL,S2D2,PWRBIOTZAXX01,BIOTZAXX,2048,12.78152584254153
GLOBAL,S2D2,PWRGEOKENXX01,GEOKENXX,2021,1.843246376793294
GLOBAL,S2D2,PWRGEOKENXX01,GEOKENXX,2022,1.998095931990033
GLOBAL,S2D2,PWRGEOKENXX01,GEOKENXX,2023,2.0060679421063297
GLOBAL,S2D2,PWRGEOKENXX01,GEOKENXX,2024,1.6925541672463549
GLOBAL,S2D2,PWRGEOKENXX01,GEOKENXX,2025,2.041580430232897
GLOBAL,S2D2,PWRGEOKENXX01,GEOKENXX,2026,2.041580430232897
GLOBAL,S2D2,PWRGEOKENXX01,GEOKENXX,2027,2.1594876462146515
GLOBAL,S2D2,PWRGEOKENXX01,GEOKENXX,2028,2.36441322219259
GLOBAL,S2D2,PWRGEOKENXX01,GEOKENXX,2029,2.571843596016066
GLOBAL,S2D2,PWRGEOKENXX01,GEOKENXX,2030,2.729199987601519
GLOBAL,S2D2,PWRGEOKENXX01,GEOKENXX,2031,2.490219466345973
GLOBAL,S2D2,PWRGEOKENXX01,GEOKENXX,2032,1.5077360878892092
GLOBAL,S2D2,PWRGEOKENXX01,GEOKENXX,2033,2.898896009657075
GLOBAL,S2D2,PWRGEOKENXX01,GEOKENXX,2034,3.102672281312625
GLOBAL,S2D2,PWRGEOKENXX01,GEOKENXX,2035,2.2595282997933777
GLOBAL,S2D2,PWRGEOKENXX01,GEOKENXX,2036,3.0073784795176506
GLOBAL,S2D2,PWRGEOKENXX01,GEOKENXX,2037,3.1123862717252844
GLOBAL,S2D2,PWRGEOKENXX01,GEOKENXX,2038,3.3142209908029567
GLOBAL,S2D2,PWRGEOKENXX01,GEOKENXX,2039,3.5145783459385904
GLOBAL,S2D2,PWRGEOKENXX01,GEOKENXX,2040,3.7152890650162633
GLOBAL,S2D2,PWRGEOKENXX01,GEOKENXX,2041,4.004843777684251
GLOBAL,S2D2,PWRGEOKENXX01,GEOKENXX,2042,4.26597555132952
GLOBAL,S2D2,PWRGEOKENXX01,GEOKENXX,2043,4.462300438484924
GLOBAL,S2D2,PWRGEOKENXX01,GEOKENXX,2044,4.711422017621825
GLOBAL,S2D2,PWRGEOKENXX01,GEOKENXX,2045,4.960543596758723
GLOBAL,S2D2,PWRGEOKENXX01,GEOKENXX,2046,5.272917321520451
GLOBAL,S2D2,PWRGEOKENXX01,GEOKENXX,2047,5.58452041022422
GLOBAL,S2D2,PWRGEOKENXX01,GEOKENXX,2048,5.991119697913951
GLOBAL,S2D2,PWRGEOKENXX01,GEOKENXX,2049,6.30349342267568
GLOBAL,S2D2,PWRGEOKENXX01,GEOKENXX,2050,6.615867147437409
GLOBAL,S2D2,PWRGEOTZAXX01,GEOTZAXX,2021,1.3618277147430293
GLOBAL,S2D2,PWRGEOTZAXX01,GEOTZAXX,2022,1.5285270459046725
GLOBAL,S2D2,PWRGEOTZAXX01,GEOTZAXX,2023,1.759895661624086
GLOBAL,S2D2,PWRGEOTZAXX01,GEOTZAXX,2024,3.465952438712635
GLOBAL,S2D2,PWRGEOTZAXX01,GEOTZAXX,2025,3.6798441696031587
GLOBAL,S2D2,PWRGEOTZAXX01,GEOTZAXX,2026,3.507460963901618
GLOBAL,S2D2,PWRGEOTZAXX01,GEOTZAXX,2027,3.742781205954337
GLOBAL,S2D2,PWRGEOTZAXX01,GEOTZAXX,2028,4.06386534777099
GLOBAL,S2D2,PWRGEOTZAXX01,GEOTZAXX,2029,3.500557772260943
GLOBAL,S2D2,PWRGEOTZAXX01,GEOTZAXX,2030,4.552867087378455
GLOBAL,S2D2,PWRGEOTZAXX01,GEOTZAXX,2031,4.552867087378452
GLOBAL,S2D2,PWRGEOTZAXX01,GEOTZAXX,2032,4.011740337320444
GLOBAL,S2D2,PWRGEOTZAXX01,GEOTZAXX,2033,4.242940129615604
GLOBAL,S2D2,PWRGEOTZAXX01,GEOTZAXX,2034,5.363035819203764
GLOBAL,S2D2,PWRGEOTZAXX01,GEOTZAXX,2035,5.681635695493709
GLOBAL,S2D2,PWRGEOTZAXX01,GEOTZAXX,2036,5.161863296878353
GLOBAL,S2D2,PWRGEOTZAXX01,GEOTZAXX,2037,3.1397201478582373
GLOBAL,S2D2,PWRGEOTZAXX01,GEOTZAXX,2038,6.110758220733186
GLOBAL,S2D2,PWRGEOTZAXX01,GEOTZAXX,2039,6.136472233119662
GLOBAL,S2D2,PWRGEOTZAXX01,GEOTZAXX,2040,6.461462513381337
GLOBAL,S2D2,PWRGEOTZAXX01,GEOTZAXX,2041,6.8454432342695775
GLOBAL,S2D2,PWRGEOTZAXX01,GEOTZAXX,2042,7.229423955157816
GLOBAL,S2D2,PWRGEOTZAXX01,GEOTZAXX,2043,7.613404676046052
GLOBAL,S2D2,PWRGEOTZAXX01,GEOTZAXX,2044,4.824504337103907
GLOBAL,S2D2,PWRGEOTZAXX01,GEOTZAXX,2045,8.381728022366254
GLOBAL,S2D2,PWRGEOTZAXX01,GEOTZAXX,2046,5.668847663660989
GLOBAL,S2D2,PWRGEOTZAXX01,GEOTZAXX,2047,9.334984590528006
GLOBAL,S2D2,PWRGEOTZAXX01,GEOTZAXX,2048,5.97331682579761
GLOBAL,S2D2,PWRGEOTZAXX01,GEOTZAXX,2049,10.287879254146034
GLOBAL,S2D2,PWRGEOTZAXX01,GEOTZAXX,2050,10.764507538226916
GLOBAL,S2D2,PWRHYDKENXX01,HYDKENXX,2021,0.596290909561344
GLOBAL,S2D2,PWRHYDKENXX01,HYDKENXX,2022,0.5041363404478252
GLOBAL,S2D2,PWRHYDKENXX01,HYDKENXX,2023,0.5079149061760533
GLOBAL,S2D2,PWRHYDKENXX01,HYDKENXX,2024,0.596290909561344
GLOBAL,S2D2,PWRHYDKENXX01,HYDKENXX,2025,0.265646614135576
GLOBAL,S2D2,PWRHYDKENXX01,HYDKENXX,2026,0.47223110026243903
GLOBAL,S2D2,PWRHYDKENXX01,HYDKENXX,2027,0.596290909561344
GLOBAL,S2D2,PWRHYDKENXX01,HYDKENXX,2028,0.3631446775027688
GLOBAL,S2D2,PWRHYDKENXX01,HYDKENXX,2029,0.596290909561344
GLOBAL,S2D2,PWRHYDKENXX01,HYDKENXX,2030,0.596290909561344
GLOBAL,S2D2,PWRHYDKENXX01,HYDKENXX,2031,0.596290909561344
GLOBAL,S2D2,PWRHYDKENXX01,HYDKENXX,2032,0.596290909561344
GLOBAL,S2D2,PWRHYDKENXX01,HYDKENXX,2033,0.596290909561344
GLOBAL,S2D2,PWRHYDKENXX01,HYDKENXX,2034,0.596290909561344
GLOBAL,S2D2,PWRHYDKENXX01,HYDKENXX,2035,0.596290909561344
GLOBAL,S2D2,PWRHYDKENXX01,HYDKENXX,2036,0.596290909561344
GLOBAL,S2D2,PWRHYDKENXX01,HYDKENXX,2037,0.596290909561344
GLOBAL,S2D2,PWRHYDKENXX01,HYDKENXX,2038,0.596290909561344
GLOBAL,S2D2,PWRHYDKENXX01,HYDKENXX,2039,0.596290909561344
GLOBAL,S2D2,PWRHYDKENXX01,HYDKENXX,2040,0.596290909561344
GLOBAL,S2D2,PWRHYDKENXX01,HYDKENXX,2042,0.596290909561344
GLOBAL,S2D2,PWRHYDKENXX01,HYDKENXX,2043,0.596290909561344
GLOBAL,S2D2,PWRHYDKENXX01,HYDKENXX,2044,0.596290909561344
GLOBAL,S2D2,PWRHYDKENXX01,HYDKENXX,2045,0.596290909561344
GLOBAL,S2D2,PWRHYDKENXX01,HYDKENXX,2046,0.596290909561344
GLOBAL,S2D2,PWRHYDKENXX01,HYDKENXX,2047,0.596290909561344
GLOBAL,S2D2,PWRHYDKENXX01,HYDKENXX,2048,0.596290909561344
GLOBAL,S2D2,PWRHYDKENXX01,HYDKENXX,2049,0.596290909561344
GLOBAL,S2D2,PWRHYDKENXX01,HYDKENXX,2050,0.596290909561344
GLOBAL,S2D2,PWRHYDTZAXX01,HYDTZAXX,2021,0.2992762678752
GLOBAL,S2D2,PWRHYDTZAXX01,HYDTZAXX,2022,0.2992762678752
GLOBAL,S2D2,PWRHYDTZAXX01,HYDTZAXX,2023,0.2992762678752
GLOBAL,S2D2,PWRHYDTZAXX01,HYDTZAXX,2024,0.2992762678752
GLOBAL,S2D2,PWRHYDTZAXX01,HYDTZAXX,2025,0.2992762678752
GLOBAL,S2D2,PWRHYDTZAXX01,HYDTZAXX,2026,0.2992762678752
GLOBAL,S2D2,PWRHYDTZAXX01,HYDTZAXX,2027,0.2992762678752
GLOBAL,S2D2,PWRHYDTZAXX01,HYDTZAXX,2028,0.2992762678752
GLOBAL,S2D2,PWRHYDTZAXX01,HYDTZAXX,2029,0.2992762678752
GLOBAL,S2D2,PWRHYDTZAXX01,HYDTZAXX,2030,0.2992762678752
GLOBAL,S2D2,PWRHYDTZAXX01,HYDTZAXX,2032,0.2992762678752
GLOBAL,S2D2,PWRHYDTZAXX01,HYDTZAXX,2033,0.2992762678752
GLOBAL,S2D2,PWRHYDTZAXX01,HYDTZAXX,2034,0.2992762678752
GLOBAL,S2D2,PWRHYDTZAXX01,HYDTZAXX,2035,0.2992762678752
GLOBAL,S2D2,PWRHYDTZAXX01,HYDTZAXX,2036,0.2992762678752
GLOBAL,S2D2,PWRHYDTZAXX01,HYDTZAXX,2037,0.2992762678752
GLOBAL,S2D2,PWRHYDTZAXX01,HYDTZAXX,2039,0.2992762678752
GLOBAL,S2D2,PWRHYDTZAXX01,HYDTZAXX,2040,0.2992762678752
GLOBAL,S2D2,PWRHYDTZAXX01,HYDTZAXX,2041,0.2992762678752
GLOBAL,S2D2,PWRHYDTZAXX01,HYDTZAXX,2042,0.2992762678752
GLOBAL,S2D2,PWRHYDTZAXX01,HYDTZAXX,2043,0.2992762678752
GLOBAL,S2D2,PWRHYDTZAXX01,HYDTZAXX,2044,0.2992762678752
GLOBAL,S2D2,PWRHYDTZAXX01,HYDTZAXX,2045,0.2992762678752
GLOBAL,S2D2,PWRHYDTZAXX01,HYDTZAXX,2047,0.2992762678752
GLOBAL,S2D2,PWRHYDTZAXX01,HYDTZAXX,2048,0.2992762678752
GLOBAL,S2D2,PWRHYDTZAXX01,HYDTZAXX,2049,0.2992762678752
GLOBAL,S2D2,PWRHYDTZAXX01,HYDTZAXX,2050,0.2992762678752
GLOBAL,S2D2,PWRSDSKENXX01,ELCKENXX01,2021,0.0009953651628786808
GLOBAL,S2D2,PWRSDSKENXX01,ELCKENXX01,2026,0.00106339392
GLOBAL,S2D2,PWRSDSKENXX01,ELCKENXX01,2029,0.00106339392
GLOBAL,S2D2,PWRSDSKENXX01,ELCKENXX01,2032,0.001124
GLOBAL,S2D2,PWRSDSKENXX01,ELCKENXX01,2033,0.001124
GLOBAL,S2D2,PWRSDSKENXX01,ELCKENXX01,2034,0.001124
GLOBAL,S2D2,PWRSDSKENXX01,ELCKENXX01,2035,0.0011239999999989303
GLOBAL,S2D2,PWRSDSKENXX01,ELCKENXX01,2036,0.001124
GLOBAL,S2D2,PWRSDSKENXX01,ELCKENXX01,2038,0.001124
GLOBAL,S2D2,PWRSDSKENXX01,ELCKENXX01,2039,0.001124
GLOBAL,S2D2,PWRSDSKENXX01,ELCKENXX01,2040,0.001124
GLOBAL,S2D2,PWRSDSKENXX01,ELCKENXX01,2041,0.001124
GLOBAL,S2D2,PWRSDSKENXX01,ELCKENXX01,2042,0.001124
GLOBAL,S2D2,PWRSDSKENXX01,ELCKENXX01,2043,0.001124
GLOBAL,S2D2,PWRSDSKENXX01,ELCKENXX01,2044,0.001124
GLOBAL,S2D2,PWRSDSKENXX01,ELCKENXX01,2045,0.001124
GLOBAL,S2D2,PWRSDSKENXX01,ELCKENXX01,2046,0.001124
GLOBAL,S2D2,PWRSPVKENXX01,SPVKENXX,2021,0.05982063873144014
GLOBAL,S2D2,PWRSPVKENXX01,SPVKENXX,2022,0.08701183815482205
GLOBAL,S2D2,PWRSPVKENXX01,SPVKENXX,2023,0.07459748351201059
GLOBAL,S2D2,PWRSPVKENXX01,SPVKENXX,2024,0.10060743786651295
GLOBAL,S2D2,PWRSPVKENXX01,SPVKENXX,2025,0.10060743786651295
GLOBAL,S2D2,PWRSPVKENXX01,SPVKENXX,2026,0.6744263004966641
GLOBAL,S2D2,PWRSPVKENXX01,SPVKENXX,2027,0.726959780842537
GLOBAL,S2D2,PWRSPVKENXX01,SPVKENXX,2028,0.7794932611884098
GLOBAL,S2D2,PWRSPVKENXX01,SPVKENXX,2029,0.8321500595632636
GLOBAL,S2D2,PWRSPVKENXX01,SPVKENXX,2030,0.8846835399091368
GLOBAL,S2D2,PWRSPVKENXX01,SPVKENXX,2031,1.4176640611646827
GLOBAL,S2D2,PWRSPVKENXX01,SPVKENXX,2032,1.5084877895091322
GLOBAL,S2D2,PWRSPVKENXX01,SPVKENXX,2033,1.5993115178535808
GLOBAL,S2D2,PWRSPVKENXX01,SPVKENXX,2034,1.6901352461980306
GLOBAL,S2D2,PWRSPVKENXX01,SPVKENXX,2035,1.7807739974990084
GLOBAL,S2D2,PWRSPVKENXX01,SPVKENXX,2036,2.514454610921005
GLOBAL,S2D2,PWRSPVKENXX01,SPVKENXX,2037,2.6542972557853712
GLOBAL,S2D2,PWRSPVKENXX01,SPVKENXX,2038,2.794386536707699
GLOBAL,S2D2,PWRSPVKENXX01,SPVKENXX,2039,2.9342291815720656
GLOBAL,S2D2,PWRSPVKENXX01,SPVKENXX,2040,3.074318462494392
GLOBAL,S2D2,PWRSPVKENXX01,SPVKENXX,2041,3.2481968833574926
GLOBAL,S2D2,PWRSPVKENXX01,SPVKENXX,2042,3.4218286681626324
GLOBAL,S2D2,PWRSPVKENXX01,SPVKENXX,2043,3.595707089025733
GLOBAL,S2D2,PWRSPVKENXX01,SPVKENXX,2044,3.7695855098888327
GLOBAL,S2D2,PWRSPVKENXX01,SPVKENXX,2045,3.9434639307519332
GLOBAL,S2D2,PWRSPVKENXX01,SPVKENXX,2046,4.161490205990204
GLOBAL,S2D2,PWRSPVKENXX01,SPVKENXX,2047,4.379763117286435
GLOBAL,S2D2,PWRSPVKENXX01,SPVKENXX,2048,4.597789392524706
GLOBAL,S2D2,PWRSPVKENXX01,SPVKENXX,2049,4.815815667762977
GLOBAL,S2D2,PWRSPVKENXX01,SPVKENXX,2050,5.033841943001248
GLOBAL,S2D2,PWRSPVTZAXX01,SPVTZAXX,2026,0.9422627682231814
GLOBAL,S2D2,PWRSPVTZAXX01,SPVTZAXX,2027,1.0165485505821534
GLOBAL,S2D2,PWRSPVTZAXX01,SPVTZAXX,2028,1.090953380669265
GLOBAL,S2D2,PWRSPVTZAXX01,SPVTZAXX,2029,1.1653582107563771
GLOBAL,S2D2,PWRSPVTZAXX01,SPVTZAXX,2030,1.2397630408434885
GLOBAL,S2D2,PWRSPVTZAXX01,SPVTZAXX,2031,1.994466113383079
GLOBAL,S2D2,PWRSPVTZAXX01,SPVTZAXX,2032,2.129466237093134
GLOBAL,S2D2,PWRSPVTZAXX01,SPVTZAXX,2033,2.26446636080319
GLOBAL,S2D2,PWRSPVTZAXX01,SPVTZAXX,2034,2.3992879129210363
GLOBAL,S2D2,PWRSPVTZAXX01,SPVTZAXX,2035,2.534288036631091
GLOBAL,S2D2,PWRSPVTZAXX01,SPVTZAXX,2036,3.592860435246447
GLOBAL,S2D2,PWRSPVTZAXX01,SPVTZAXX,2037,3.8064320595284906
GLOBAL,S2D2,PWRSPVTZAXX01,SPVTZAXX,2038,4.020241779266815
GLOBAL,S2D2,PWRSPVTZAXX01,SPVTZAXX,2039,4.2340514990051386
GLOBAL,S2D2,PWRSPVTZAXX01,SPVTZAXX,2040,4.447861218743463
GLOBAL,S2D2,PWRSPVTZAXX01,SPVTZAXX,2041,4.700480497855222
GLOBAL,S2D2,PWRSPVTZAXX01,SPVTZAXX,2042,4.953099776966985
GLOBAL,S2D2,PWRSPVTZAXX01,SPVTZAXX,2043,5.205719056078747
GLOBAL,S2D2,PWRSPVTZAXX01,SPVTZAXX,2044,5.458576430646785
GLOBAL,S2D2,PWRSPVTZAXX01,SPVTZAXX,2045,5.711195709758546
GLOBAL,S2D2,PWRSPVTZAXX01,SPVTZAXX,2046,6.024767425677671
GLOBAL,S2D2,PWRSPVTZAXX01,SPVTZAXX,2047,6.338339141596793
GLOBAL,S2D2,PWRSPVTZAXX01,SPVTZAXX,2048,6.651910857515919
GLOBAL,S2D2,PWRSPVTZAXX01,SPVTZAXX,2049,6.965244477978763
GLOBAL,S2D2,PWRSPVTZAXX01,SPVTZAXX,2050,7.278816193897886
GLOBAL,S2D2,PWRTRNKENXX,ELCKENXX01,2021,2.7600000000000002
GLOBAL,S2D2,PWRTRNKENXX,ELCKENXX01,2022,2.88
GLOBAL,S2D2,PWRTRNKENXX,ELCKENXX01,2023,2.8502177718711934
GLOBAL,S2D2,PWRTRNKENXX,ELCKENXX01,2024,2.9419319568315023
GLOBAL,S2D2,PWRTRNKENXX,ELCKENXX01,2025,3.0258
GLOBAL,S2D2,PWRTRNKENXX,ELCKENXX01,2026,3.2814
GLOBAL,S2D2,PWRTRNKENXX,ELCKENXX01,2027,3.537
GLOBAL,S2D2,PWRTRNKENXX,ELCKENXX01,2028,3.7926
GLOBAL,S2D2,PWRTRNKENXX,ELCKENXX01,2029,4.0488
GLOBAL,S2D2,PWRTRNKENXX,ELCKENXX01,2030,4.3044
GLOBAL,S2D2,PWRTRNKENXX,ELCKENXX01,2031,4.5984
GLOBAL,S2D2,PWRTRNKENXX,ELCKENXX01,2032,4.893
GLOBAL,S2D2,PWRTRNKENXX,ELCKENXX01,2033,5.187599999999998
GLOBAL,S2D2,PWRTRNKENXX,ELCKENXX01,2034,5.4822
GLOBAL,S2D2,PWRTRNKENXX,ELCKENXX01,2035,5.7762
GLOBAL,S2D2,PWRTRNKENXX,ELCKENXX01,2036,6.117
GLOBAL,S2D2,PWRTRNKENXX,ELCKENXX01,2037,6.4572
GLOBAL,S2D2,PWRTRNKENXX,ELCKENXX01,2038,6.797999999999999
GLOBAL,S2D2,PWRTRNKENXX,ELCKENXX01,2039,7.1382
GLOBAL,S2D2,PWRTRNKENXX,ELCKENXX01,2040,7.479
GLOBAL,S2D2,PWRTRNKENXX,ELCKENXX01,2041,7.902000000000001
GLOBAL,S2D2,PWRTRNKENXX,ELCKENXX01,2042,8.3244
GLOBAL,S2D2,PWRTRNKENXX,ELCKENXX01,2043,8.7474
GLOBAL,S2D2,PWRTRNKENXX,ELCKENXX01,2044,9.1704
GLOBAL,S2D2,PWRTRNKENXX,ELCKENXX01,2045,9.5934
GLOBAL,S2D2,PWRTRNKENXX,ELCKENXX01,2046,10.1238
GLOBAL,S2D2,PWRTRNKENXX,ELCKENXX01,2047,10.6548
GLOBAL,S2D2,PWRTRNKENXX,ELCKENXX01,2048,11.1852
GLOBAL,S2D2,PWRTRNKENXX,ELCKENXX01,2049,11.7156
GLOBAL,S2D2,PWRTRNKENXX,ELCKENXX01,2050,12.245999999999999
GLOBAL,S2D2,PWRTRNTZAXX,ELCTZAXX01,2021,1.9199999999999997
GLOBAL,S2D2,PWRTRNTZAXX,ELCTZAXX01,2022,2.130217771871193
GLOBAL,S2D2,PWRTRNTZAXX,ELCTZAXX01,2023,2.3999999999999995
GLOBAL,S2D2,PWRTRNTZAXX,ELCTZAXX01,2024,4.078799999999999
GLOBAL,S2D2,PWRTRNTZAXX,ELCTZAXX01,2025,4.374
GLOBAL,S2D2,PWRTRNTZAXX,ELCTZAXX01,2026,4.749
GLOBAL,S2D2,PWRTRNTZAXX,ELCTZAXX01,2027,5.1234
GLOBAL,S2D2,PWRTRNTZAXX,ELCTZAXX01,2028,5.498399999999999
GLOBAL,S2D2,PWRTRNTZAXX,ELCTZAXX01,2029,5.873400000000001
GLOBAL,S2D2,PWRTRNTZAXX,ELCTZAXX01,2030,6.2484
GLOBAL,S2D2,PWRTRNTZAXX,ELCTZAXX01,2031,6.7014000000000005
GLOBAL,S2D2,PWRTRNTZAXX,ELCTZAXX01,2032,7.155
GLOBAL,S2D2,PWRTRNTZAXX,ELCTZAXX01,2033,7.608599999999999
GLOBAL,S2D2,PWRTRNTZAXX,ELCTZAXX01,2034,8.0616
GLOBAL,S2D2,PWRTRNTZAXX,ELCTZAXX01,2035,8.5152
GLOBAL,S2D2,PWRTRNTZAXX,ELCTZAXX01,2036,9.054
GLOBAL,S2D2,PWRTRNTZAXX,ELCTZAXX01,2037,9.5922
GLOBAL,S2D2,PWRTRNTZAXX,ELCTZAXX01,2038,10.131000000000004
GLOBAL,S2D2,PWRTRNTZAXX,ELCTZAXX01,2039,10.6698
GLOBAL,S2D2,PWRTRNTZAXX,ELCTZAXX01,2040,11.2086
GLOBAL,S2D2,PWRTRNTZAXX,ELCTZAXX01,2041,11.8452
GLOBAL,S2D2,PWRTRNTZAXX,ELCTZAXX01,2042,12.4818
GLOBAL,S2D2,PWRTRNTZAXX,ELCTZAXX01,2043,13.118400000000001
GLOBAL,S2D2,PWRTRNTZAXX,ELCTZAXX01,2044,13.7556
GLOBAL,S2D2,PWRTRNTZAXX,ELCTZAXX01,2045,14.392200000000003
GLOBAL,S2D2,PWRTRNTZAXX,ELCTZAXX01,2046,15.182399999999998
GLOBAL,S2D2,PWRTRNTZAXX,ELCTZAXX01,2047,15.972599999999998
GLOBAL,S2D2,PWRTRNTZAXX,ELCTZAXX01,2048,16.762800000000002
GLOBAL,S2D2,PWRTRNTZAXX,ELCTZAXX01,2049,17.5524
GLOBAL,S2D2,PWRTRNTZAXX,ELCTZAXX01,2050,18.3426
GLOBAL,S2D2,PWRWONKENXX01,WONKENXX,2021,0.1021283520768
GLOBAL,S2D2,PWRWONKENXX01,WONKENXX,2022,0.1021283520768
GLOBAL,S2D2,PWRWONKENXX01,WONKENXX,2023,0.1021283520768
GLOBAL,S2D2,PWRWONKENXX01,WONKENXX,2024,0.09422556292800001
GLOBAL,S2D2,PWRWONKENXX01,WONKENXX,2025,0.09422556292800001
GLOBAL,S2D2,PWRWONKENXX01,WONKENXX,2026,0.09422556292800001
GLOBAL,S2D2,PWRWONKENXX01,WONKENXX,2027,0.05426166338146655
GLOBAL,S2D2,PWRWONKENXX01,WONKENXX,2028,0.04459902284215817
GLOBAL,S2D2,PWRWONKENXX01,WONKENXX,2029,0.008174254203557732
GLOBAL,S2D2,PWRWONKENXX01,WONKENXX,2030,0.09422556292800001
GLOBAL,S2D2,PWRWONKENXX01,WONKENXX,2031,0.09422556292800001
GLOBAL,S2D2,PWRWONKENXX01,WONKENXX,2032,0.09422556292800001
GLOBAL,S2D2,PWRWONKENXX01,WONKENXX,2033,0.09422556292800001
GLOBAL,S2D2,PWRWONKENXX01,WONKENXX,2034,0.09422556292800001
GLOBAL,S2D2,PWRWONKENXX01,WONKENXX,2035,0.09422556292800001
GLOBAL,S2D2,PWRWONKENXX01,WONKENXX,2037,0.09422556292800001
GLOBAL,S2D2,PWRWONKENXX01,WONKENXX,2038,0.09422556292800001
GLOBAL,S2D2,PWRWONKENXX01,WONKENXX,2039,0.09422556292800001
GLOBAL,S2D2,PWRWONKENXX01,WONKENXX,2040,0.09422556292800001
GLOBAL,S2D2,PWRWONKENXX01,WONKENXX,2041,0.09422556292800001
GLOBAL,S2D2,PWRWONKENXX01,WONKENXX,2043,0.09422556292800001
GLOBAL,S2D2,PWRWONKENXX01,WONKENXX,2044,0.09422556292800001
GLOBAL,S2D2,PWRWONKENXX01,WONKENXX,2045,0.09422556292800001
GLOBAL,S2D2,PWRWONKENXX01,WONKENXX,2046,0.09422556292800001
GLOBAL,S2D2,PWRWONKENXX01,WONKENXX,2047,0.09422556292800001
GLOBAL,S2D2,TRNKENXXTZAXX,ELCKENXX02,2023,0.030217771871193667
GLOBAL,S2D2,TRNKENXXTZAXX,ELCKENXX02,2024,0.0019319568315023796
GLOBAL,S2D2,TRNKENXXTZAXX,ELCTZAXX02,2022,0.030217771871193667
GLOBAL,S2D3,PWRBIOKENXX01,BIOKENXX,2021,0.50404871808
GLOBAL,S2D3,PWRBIOKENXX01,BIOKENXX,2022,0.50404871808
GLOBAL,S2D3,PWRBIOKENXX01,BIOKENXX,2023,0.3401337766774838
GLOBAL,S2D3,PWRBIOKENXX01,BIOKENXX,2024,1.4480822583645578
GLOBAL,S2D3,PWRBIOKENXX01,BIOKENXX,2025,1.4363771359084718
GLOBAL,S2D3,PWRBIOKENXX01,BIOKENXX,2026,1.6550182572849639
GLOBAL,S2D3,PWRBIOKENXX01,BIOKENXX,2027,2.149320100828184
GLOBAL,S2D3,PWRBIOKENXX01,BIOKENXX,2029,2.576288063293843
GLOBAL,S2D3,PWRBIOKENXX01,BIOKENXX,2030,0.2587300811804539
GLOBAL,S2D3,PWRBIOKENXX01,BIOKENXX,2037,0.9848771638113986
GLOBAL,S2D3,PWRBIOKENXX01,BIOKENXX,2040,9.183167730128257
GLOBAL,S2D3,PWRBIOKENXX01,BIOKENXX,2044,1.7420682936615701
GLOBAL,S2D3,PWRBIOKENXX01,BIOKENXX,2045,1.702943953440228
GLOBAL,S2D3,PWRBIOTZAXX01,BIOTZAXX,2038,7.897593340186099
GLOBAL,S2D3,PWRBIOTZAXX01,BIOTZAXX,2040,8.691182662020013
GLOBAL,S2D3,PWRBIOTZAXX01,BIOTZAXX,2043,10.09763857037045
GLOBAL,S2D3,PWRBIOTZAXX01,BIOTZAXX,2045,11.035717707482586
GLOBAL,S2D3,PWRBIOTZAXX01,BIOTZAXX,2047,12.199589797521877
GLOBAL,S2D3,PWRBIOTZAXX01,BIOTZAXX,2049,13.363020022682631
GLOBAL,S2D3,PWRBIOTZAXX01,BIOTZAXX,2050,13.944956067702254
GLOBAL,S2D3,PWRGEOKENXX01,GEOKENXX,2021,1.8998967178138824
GLOBAL,S2D3,PWRGEOKENXX01,GEOKENXX,2022,2.0060679421063297
GLOBAL,S2D3,PWRGEOKENXX01,GEOKENXX,2023,2.0060679421063297
GLOBAL,S2D3,PWRGEOKENXX01,GEOKENXX,2024,1.725365062104452
GLOBAL,S2D3,PWRGEOKENXX01,GEOKENXX,2025,2.041580430232897
GLOBAL,S2D3,PWRGEOKENXX01,GEOKENXX,2026,1.426396729946578
GLOBAL,S2D3,PWRGEOKENXX01,GEOKENXX,2027,1.9992582264588068
GLOBAL,S2D3,PWRGEOKENXX01,GEOKENXX,2028,2.36441322219259
GLOBAL,S2D3,PWRGEOKENXX01,GEOKENXX,2029,1.805077998187467
GLOBAL,S2D3,PWRGEOKENXX01,GEOKENXX,2030,2.741548942561021
GLOBAL,S2D3,PWRGEOKENXX01,GEOKENXX,2031,2.5250229241155733
GLOBAL,S2D3,PWRGEOKENXX01,GEOKENXX,2032,2.7276751957711234
GLOBAL,S2D3,PWRGEOKENXX01,GEOKENXX,2033,2.931451467426675
GLOBAL,S2D3,PWRGEOKENXX01,GEOKENXX,2034,3.135227739082225
GLOBAL,S2D3,PWRGEOKENXX01,GEOKENXX,2035,3.3385889877812476
GLOBAL,S2D3,PWRGEOKENXX01,GEOKENXX,2036,2.945708374359251
GLOBAL,S2D3,PWRGEOKENXX01,GEOKENXX,2037,3.4306866505083184
GLOBAL,S2D3,PWRGEOKENXX01,GEOKENXX,2038,3.346776448572557
GLOBAL,S2D3,PWRGEOKENXX01,GEOKENXX,2039,3.5471338037081908
GLOBAL,S2D3,PWRGEOKENXX01,GEOKENXX,2040,0.8417787854035043
GLOBAL,S2D3,PWRGEOKENXX01,GEOKENXX,2041,3.9969661019227636
GLOBAL,S2D3,PWRGEOKENXX01,GEOKENXX,2042,4.245734317117624
GLOBAL,S2D3,PWRGEOKENXX01,GEOKENXX,2043,4.494855896254524
GLOBAL,S2D3,PWRGEOKENXX01,GEOKENXX,2044,4.78898095024974
GLOBAL,S2D3,PWRGEOKENXX01,GEOKENXX,2045,5.050483649709848
GLOBAL,S2D3,PWRGEOKENXX01,GEOKENXX,2046,5.305472779290052
GLOBAL,S2D3,PWRGEOKENXX01,GEOKENXX,2047,5.618199867993821
GLOBAL,S2D3,PWRGEOKENXX01,GEOKENXX,2048,5.991119697913951
GLOBAL,S2D3,PWRGEOKENXX01,GEOKENXX,2049,6.30349342267568
GLOBAL,S2D3,PWRGEOKENXX01,GEOKENXX,2050,6.615867147437409
GLOBAL,S2D3,PWRGEOTZAXX01,GEOTZAXX,2021,1.3309415039959935
GLOBAL,S2D3,PWRGEOTZAXX01,GEOTZAXX,2022,1.4809415039959934
GLOBAL,S2D3,PWRGEOTZAXX01,GEOTZAXX,2023,1.6716052827942802
GLOBAL,S2D3,PWRGEOTZAXX01,GEOTZAXX,2024,3.0997237321248
GLOBAL,S2D3,PWRGEOTZAXX01,GEOTZAXX,2025,3.3457237321248
GLOBAL,S2D3,PWRGEOTZAXX01,GEOTZAXX,2026,2.7159609639016185
GLOBAL,S2D3,PWRGEOTZAXX01,GEOTZAXX,2027,2.9536751815426467
GLOBAL,S2D3,PWRGEOTZAXX01,GEOTZAXX,2028,3.1917703514555344
GLOBAL,S2D3,PWRGEOTZAXX01,GEOTZAXX,2029,3.4298655213684226
GLOBAL,S2D3,PWRGEOTZAXX01,GEOTZAXX,2030,3.667960691281311
GLOBAL,S2D3,PWRGEOTZAXX01,GEOTZAXX,2031,3.290757618741721
GLOBAL,S2D3,PWRGEOTZAXX01,GEOTZAXX,2032,3.533757495031666
GLOBAL,S2D3,PWRGEOTZAXX01,GEOTZAXX,2033,3.77675737132161
GLOBAL,S2D3,PWRGEOTZAXX01,GEOTZAXX,2034,4.019435819203764
GLOBAL,S2D3,PWRGEOTZAXX01,GEOTZAXX,2035,4.262435695493709
GLOBAL,S2D3,PWRGEOTZAXX01,GEOTZAXX,2036,3.652863296878353
GLOBAL,S2D3,PWRGEOTZAXX01,GEOTZAXX,2037,4.187067940471509
GLOBAL,S2D3,PWRGEOTZAXX01,GEOTZAXX,2038,1.7513323011504482
GLOBAL,S2D3,PWRGEOTZAXX01,GEOTZAXX,2039,4.358172233119662
GLOBAL,S2D3,PWRGEOTZAXX01,GEOTZAXX,2040,1.9833977500119633
GLOBAL,S2D3,PWRGEOTZAXX01,GEOTZAXX,2041,4.871243234269577
GLOBAL,S2D3,PWRGEOTZAXX01,GEOTZAXX,2042,5.149123955157815
GLOBAL,S2D3,PWRGEOTZAXX01,GEOTZAXX,2043,2.6939570489151126
GLOBAL,S2D3,PWRGEOTZAXX01,GEOTZAXX,2044,5.705147301478013
GLOBAL,S2D3,PWRGEOTZAXX01,GEOTZAXX,2045,2.668998680779891
GLOBAL,S2D3,PWRGEOTZAXX01,GEOTZAXX,2046,6.3279563064471285
GLOBAL,S2D3,PWRGEOTZAXX01,GEOTZAXX,2047,3.3086203786669057
GLOBAL,S2D3,PWRGEOTZAXX01,GEOTZAXX,2048,7.0178128746088815
GLOBAL,S2D3,PWRGEOTZAXX01,GEOTZAXX,2049,3.6488365962907174
GLOBAL,S2D3,PWRGEOTZAXX01,GEOTZAXX,2050,3.8190093112966315
GLOBAL,S2D3,PWRHYDKENXX01,HYDKENXX,2021,0.596290909561344
GLOBAL,S2D3,PWRHYDKENXX01,HYDKENXX,2022,0.5326685168172888
GLOBAL,S2D3,PWRHYDKENXX01,HYDKENXX,2023,0.596290909561344
GLOBAL,S2D3,PWRHYDKENXX01,HYDKENXX,2024,0.596290909561344
GLOBAL,S2D3,PWRHYDKENXX01,HYDKENXX,2025,0.430125799267276
GLOBAL,S2D3,PWRHYDKENXX01,HYDKENXX,2026,0.596290909561344
GLOBAL,S2D3,PWRHYDKENXX01,HYDKENXX,2027,0.13168079774897753
GLOBAL,S2D3,PWRHYDKENXX01,HYDKENXX,2028,0.5892108053806004
GLOBAL,S2D3,PWRHYDKENXX01,HYDKENXX,2029,0.596290909561344
GLOBAL,S2D3,PWRHYDKENXX01,HYDKENXX,2030,0.596290909561344
GLOBAL,S2D3,PWRHYDKENXX01,HYDKENXX,2031,0.596290909561344
GLOBAL,S2D3,PWRHYDKENXX01,HYDKENXX,2032,0.596290909561344
GLOBAL,S2D3,PWRHYDKENXX01,HYDKENXX,2033,0.596290909561344
GLOBAL,S2D3,PWRHYDKENXX01,HYDKENXX,2034,0.596290909561344
GLOBAL,S2D3,PWRHYDKENXX01,HYDKENXX,2035,0.596290909561344
GLOBAL,S2D3,PWRHYDKENXX01,HYDKENXX,2036,0.596290909561344
GLOBAL,S2D3,PWRHYDKENXX01,HYDKENXX,2038,0.596290909561344
GLOBAL,S2D3,PWRHYDKENXX01,HYDKENXX,2039,0.596290909561344
GLOBAL,S2D3,PWRHYDKENXX01,HYDKENXX,2040,0.596290909561344
GLOBAL,S2D3,PWRHYDKENXX01,HYDKENXX,2041,0.596290909561344
GLOBAL,S2D3,PWRHYDKENXX01,HYDKENXX,2042,0.596290909561344
GLOBAL,S2D3,PWRHYDKENXX01,HYDKENXX,2043,0.596290909561344
GLOBAL,S2D3,PWRHYDKENXX01,HYDKENXX,2046,0.596290909561344
GLOBAL,S2D3,PWRHYDKENXX01,HYDKENXX,2047,0.596290909561344
GLOBAL,S2D3,PWRHYDKENXX01,HYDKENXX,2048,0.596290909561344
GLOBAL,S2D3,PWRHYDKENXX01,HYDKENXX,2049,0.596290909561344
GLOBAL,S2D3,PWRHYDKENXX01,HYDKENXX,2050,0.596290909561344
GLOBAL,S2D3,PWRHYDTZAXX01,HYDTZAXX,2021,0.2992762678752
GLOBAL,S2D3,PWRHYDTZAXX01,HYDTZAXX,2022,0.2992762678752
GLOBAL,S2D3,PWRHYDTZAXX01,HYDTZAXX,2023,0.2992762678752
GLOBAL,S2D3,PWRHYDTZAXX01,HYDTZAXX,2024,0.2992762678752
GLOBAL,S2D3,PWRHYDTZAXX01,HYDTZAXX,2025,0.2992762678752
GLOBAL,S2D3,PWRHYDTZAXX01,HYDTZAXX,2026,0.2992762678752
GLOBAL,S2D3,PWRHYDTZAXX01,HYDTZAXX,2027,0.2992762678752
GLOBAL,S2D3,PWRHYDTZAXX01,HYDTZAXX,2028,0.2992762678752
GLOBAL,S2D3,PWRHYDTZAXX01,HYDTZAXX,2029,0.2992762678752
GLOBAL,S2D3,PWRHYDTZAXX01,HYDTZAXX,2030,0.2992762678752
GLOBAL,S2D3,PWRHYDTZAXX01,HYDTZAXX,2031,0.2992762678752
GLOBAL,S2D3,PWRHYDTZAXX01,HYDTZAXX,2032,0.2992762678752
GLOBAL,S2D3,PWRHYDTZAXX01,HYDTZAXX,2033,0.2992762678752
GLOBAL,S2D3,PWRHYDTZAXX01,HYDTZAXX,2034,0.2992762678752
GLOBAL,S2D3,PWRHYDTZAXX01,HYDTZAXX,2035,0.2992762678752
GLOBAL,S2D3,PWRHYDTZAXX01,HYDTZAXX,2036,0.2992762678752
GLOBAL,S2D3,PWRHYDTZAXX01,HYDTZAXX,2038,0.2992762678752
GLOBAL,S2D3,PWRHYDTZAXX01,HYDTZAXX,2039,0.2992762678752
GLOBAL,S2D3,PWRHYDTZAXX01,HYDTZAXX,2040,0.2992762678752
GLOBAL,S2D3,PWRHYDTZAXX01,HYDTZAXX,2041,0.2992762678752
GLOBAL,S2D3,PWRHYDTZAXX01,HYDTZAXX,2042,0.2992762678752
GLOBAL,S2D3,PWRHYDTZAXX01,HYDTZAXX,2044,0.2992762678752
GLOBAL,S2D3,PWRHYDTZAXX01,HYDTZAXX,2045,0.2992762678752
GLOBAL,S2D3,PWRHYDTZAXX01,HYDTZAXX,2046,0.2992762678752
GLOBAL,S2D3,PWRHYDTZAXX01,HYDTZAXX,2048,0.2992762678752
GLOBAL,S2D3,PWRSDSKENXX01,ELCKENXX01,2024,0.00106339392
GLOBAL,S2D3,PWRSDSKENXX01,ELCKENXX01,2025,0.00106339392
GLOBAL,S2D3,PWRSDSKENXX01,ELCKENXX01,2027,0.00106339392
GLOBAL,S2D3,PWRSDSKENXX01,ELCKENXX01,2028,0.00106339392
GLOBAL,S2D3,PWRSDSKENXX01,ELCKENXX01,2031,0.001124
GLOBAL,S2D3,PWRSPVKENXX01,SPVKENXX,2021,0.05982063873144014
GLOBAL,S2D3,PWRSPVKENXX01,SPVKENXX,2022,0.08701183815482205
GLOBAL,S2D3,PWRSPVKENXX01,SPVKENXX,2023,0.07459748351201059
GLOBAL,S2D3,PWRSPVKENXX01,SPVKENXX,2024,0.10060743786651295
GLOBAL,S2D3,PWRSPVKENXX01,SPVKENXX,2025,0.10060743786651295
GLOBAL,S2D3,PWRSPVKENXX01,SPVKENXX,2026,0.6744263004966641
GLOBAL,S2D3,PWRSPVKENXX01,SPVKENXX,2027,0.726959780842537
GLOBAL,S2D3,PWRSPVKENXX01,SPVKENXX,2028,0.7794932611884098
GLOBAL,S2D3,PWRSPVKENXX01,SPVKENXX,2029,0.8321500595632636
GLOBAL,S2D3,PWRSPVKENXX01,SPVKENXX,2030,0.8846835399091368
GLOBAL,S2D3,PWRSPVKENXX01,SPVKENXX,2031,1.4176640611646827
GLOBAL,S2D3,PWRSPVKENXX01,SPVKENXX,2032,1.5084877895091322
GLOBAL,S2D3,PWRSPVKENXX01,SPVKENXX,2033,1.5993115178535808
GLOBAL,S2D3,PWRSPVKENXX01,SPVKENXX,2034,1.6901352461980306
GLOBAL,S2D3,PWRSPVKENXX01,SPVKENXX,2035,1.7807739974990084
GLOBAL,S2D3,PWRSPVKENXX01,SPVKENXX,2036,2.514454610921005
GLOBAL,S2D3,PWRSPVKENXX01,SPVKENXX,2037,2.6542972557853712
GLOBAL,S2D3,PWRSPVKENXX01,SPVKENXX,2038,2.794386536707699
GLOBAL,S2D3,PWRSPVKENXX01,SPVKENXX,2039,2.9342291815720656
GLOBAL,S2D3,PWRSPVKENXX01,SPVKENXX,2040,3.074318462494392
GLOBAL,S2D3,PWRSPVKENXX01,SPVKENXX,2041,3.2481968833574926
GLOBAL,S2D3,PWRSPVKENXX01,SPVKENXX,2042,3.4218286681626324
GLOBAL,S2D3,PWRSPVKENXX01,SPVKENXX,2043,3.595707089025733
GLOBAL,S2D3,PWRSPVKENXX01,SPVKENXX,2044,3.7695855098888327
GLOBAL,S2D3,PWRSPVKENXX01,SPVKENXX,2045,3.9434639307519332
GLOBAL,S2D3,PWRSPVKENXX01,SPVKENXX,2046,4.161490205990204
GLOBAL,S2D3,PWRSPVKENXX01,SPVKENXX,2047,4.379763117286435
GLOBAL,S2D3,PWRSPVKENXX01,SPVKENXX,2048,4.597789392524706
GLOBAL,S2D3,PWRSPVKENXX01,SPVKENXX,2049,4.815815667762977
GLOBAL,S2D3,PWRSPVKENXX01,SPVKENXX,2050,5.033841943001248
GLOBAL,S2D3,PWRSPVTZAXX01,SPVTZAXX,2026,0.9422627682231814
GLOBAL,S2D3,PWRSPVTZAXX01,SPVTZAXX,2027,1.0165485505821534
GLOBAL,S2D3,PWRSPVTZAXX01,SPVTZAXX,2028,1.090953380669265
GLOBAL,S2D3,PWRSPVTZAXX01,SPVTZAXX,2029,1.1653582107563771
GLOBAL,S2D3,PWRSPVTZAXX01,SPVTZAXX,2030,1.2397630408434885
GLOBAL,S2D3,PWRSPVTZAXX01,SPVTZAXX,2031,1.994466113383079
GLOBAL,S2D3,PWRSPVTZAXX01,SPVTZAXX,2032,2.129466237093134
GLOBAL,S2D3,PWRSPVTZAXX01,SPVTZAXX,2033,2.26446636080319
GLOBAL,S2D3,PWRSPVTZAXX01,SPVTZAXX,2034,2.3992879129210363
GLOBAL,S2D3,PWRSPVTZAXX01,SPVTZAXX,2035,2.534288036631091
GLOBAL,S2D3,PWRSPVTZAXX01,SPVTZAXX,2036,3.592860435246447
GLOBAL,S2D3,PWRSPVTZAXX01,SPVTZAXX,2037,3.8064320595284906
GLOBAL,S2D3,PWRSPVTZAXX01,SPVTZAXX,2038,4.020241779266815
GLOBAL,S2D3,PWRSPVTZAXX01,SPVTZAXX,2039,4.2340514990051386
GLOBAL,S2D3,PWRSPVTZAXX01,SPVTZAXX,2040,4.447861218743463
GLOBAL,S2D3,PWRSPVTZAXX01,SPVTZAXX,2041,4.700480497855222
GLOBAL,S2D3,PWRSPVTZAXX01,SPVTZAXX,2042,4.953099776966985
GLOBAL,S2D3,PWRSPVTZAXX01,SPVTZAXX,2043,5.205719056078747
GLOBAL,S2D3,PWRSPVTZAXX01,SPVTZAXX,2044,5.458576430646785
GLOBAL,S2D3,PWRSPVTZAXX01,SPVTZAXX,2045,5.711195709758546
GLOBAL,S2D3,PWRSPVTZAXX01,SPVTZAXX,2046,6.024767425677671
GLOBAL,S2D3,PWRSPVTZAXX01,SPVTZAXX,2047,6.338339141596793
GLOBAL,S2D3,PWRSPVTZAXX01,SPVTZAXX,2048,6.651910857515919
GLOBAL,S2D3,PWRSPVTZAXX01,SPVTZAXX,2049,6.965244477978763
GLOBAL,S2D3,PWRSPVTZAXX01,SPVTZAXX,2050,7.278816193897886
GLOBAL,S2D3,PWRTRNKENXX,ELCKENXX01,2021,2.7600000000000002
GLOBAL,S2D3,PWRTRNKENXX,ELCKENXX01,2022,2.88
GLOBAL,S2D3,PWRTRNKENXX,ELCKENXX01,2023,2.8502177718711934
GLOBAL,S2D3,PWRTRNKENXX,ELCKENXX01,2024,2.9400000000000004
GLOBAL,S2D3,PWRTRNKENXX,ELCKENXX01,2025,3.0258
GLOBAL,S2D3,PWRTRNKENXX,ELCKENXX01,2026,3.2814
GLOBAL,S2D3,PWRTRNKENXX,ELCKENXX01,2027,3.537
GLOBAL,S2D3,PWRTRNKENXX,ELCKENXX01,2028,3.7926
GLOBAL,S2D3,PWRTRNKENXX,ELCKENXX01,2029,4.0488
GLOBAL,S2D3,PWRTRNKENXX,ELCKENXX01,2030,4.3044
GLOBAL,S2D3,PWRTRNKENXX,ELCKENXX01,2031,4.5984
GLOBAL,S2D3,PWRTRNKENXX,ELCKENXX01,2032,4.893
GLOBAL,S2D3,PWRTRNKENXX,ELCKENXX01,2033,5.187599999999998
GLOBAL,S2D3,PWRTRNKENXX,ELCKENXX01,2034,5.4822
GLOBAL,S2D3,PWRTRNKENXX,ELCKENXX01,2035,5.7762
GLOBAL,S2D3,PWRTRNKENXX,ELCKENXX01,2036,6.117
GLOBAL,S2D3,PWRTRNKENXX,ELCKENXX01,2037,6.4572
GLOBAL,S2D3,PWRTRNKENXX,ELCKENXX01,2038,6.797999999999999
GLOBAL,S2D3,PWRTRNKENXX,ELCKENXX01,2039,7.1382
GLOBAL,S2D3,PWRTRNKENXX,ELCKENXX01,2040,7.479
GLOBAL,S2D3,PWRTRNKENXX,ELCKENXX01,2041,7.902000000000001
GLOBAL,S2D3,PWRTRNKENXX,ELCKENXX01,2042,8.3244
GLOBAL,S2D3,PWRTRNKENXX,ELCKENXX01,2043,8.7474
GLOBAL,S2D3,PWRTRNKENXX,ELCKENXX01,2044,9.1704
GLOBAL,S2D3,PWRTRNKENXX,ELCKENXX01,2045,9.5934
GLOBAL,S2D3,PWRTRNKENXX,ELCKENXX01,2046,10.1238
GLOBAL,S2D3,PWRTRNKENXX,ELCKENXX01,2047,10.6548
GLOBAL,S2D3,PWRTRNKENXX,ELCKENXX01,2048,11.1852
GLOBAL,S2D3,PWRTRNKENXX,ELCKENXX01,2049,11.7156
GLOBAL,S2D3,PWRTRNKENXX,ELCKENXX01,2050,12.245999999999999
GLOBAL,S2D3,PWRTRNTZAXX,ELCTZAXX01,2021,1.6302177718711937
GLOBAL,S2D3,PWRTRNTZAXX,ELCTZAXX01,2022,1.7802177718711936
GLOBAL,S2D3,PWRTRNTZAXX,ELCTZAXX01,2023,2.0
GLOBAL,S2D3,PWRTRNTZAXX,ELCTZAXX01,2024,3.399
GLOBAL,S2D3,PWRTRNTZAXX,ELCTZAXX01,2025,3.6450000000000005
GLOBAL,S2D3,PWRTRNTZAXX,ELCTZAXX01,2026,3.9575000000000005
GLOBAL,S2D3,PWRTRNTZAXX,ELCTZAXX01,2027,4.2695
GLOBAL,S2D3,PWRTRNTZAXX,ELCTZAXX01,2028,4.582
GLOBAL,S2D3,PWRTRNTZAXX,ELCTZAXX01,2029,4.8945
GLOBAL,S2D3,PWRTRNTZAXX,ELCTZAXX01,2030,5.207
GLOBAL,S2D3,PWRTRNTZAXX,ELCTZAXX01,2031,5.5845
GLOBAL,S2D3,PWRTRNTZAXX,ELCTZAXX01,2032,5.962500000000001
GLOBAL,S2D3,PWRTRNTZAXX,ELCTZAXX01,2033,6.3405
GLOBAL,S2D3,PWRTRNTZAXX,ELCTZAXX01,2034,6.718
GLOBAL,S2D3,PWRTRNTZAXX,ELCTZAXX01,2035,7.096
GLOBAL,S2D3,PWRTRNTZAXX,ELCTZAXX01,2036,7.545
GLOBAL,S2D3,PWRTRNTZAXX,ELCTZAXX01,2037,7.993499999999999
GLOBAL,S2D3,PWRTRNTZAXX,ELCTZAXX01,2038,8.4425
GLOBAL,S2D3,PWRTRNTZAXX,ELCTZAXX01,2039,8.8915
GLOBAL,S2D3,PWRTRNTZAXX,ELCTZAXX01,2040,9.3405
GLOBAL,S2D3,PWRTRNTZAXX,ELCTZAXX01,2041,9.871
GLOBAL,S2D3,PWRTRNTZAXX,ELCTZAXX01,2042,10.401499999999999
GLOBAL,S2D3,PWRTRNTZAXX,ELCTZAXX01,2043,10.931999999999999
GLOBAL,S2D3,PWRTRNTZAXX,ELCTZAXX01,2044,11.463
GLOBAL,S2D3,PWRTRNTZAXX,ELCTZAXX01,2045,11.993499999999997
GLOBAL,S2D3,PWRTRNTZAXX,ELCTZAXX01,2046,12.652000000000001
GLOBAL,S2D3,PWRTRNTZAXX,ELCTZAXX01,2047,13.310499999999998
GLOBAL,S2D3,PWRTRNTZAXX,ELCTZAXX01,2048,13.969000000000001
GLOBAL,S2D3,PWRTRNTZAXX,ELCTZAXX01,2049,14.627000000000002
GLOBAL,S2D3,PWRTRNTZAXX,ELCTZAXX01,2050,15.285499999999999
GLOBAL,S2D3,PWRWONKENXX01,WONKENXX,2021,0.01536419656281329
GLOBAL,S2D3,PWRWONKENXX01,WONKENXX,2022,0.06562416559104
GLOBAL,S2D3,PWRWONKENXX01,WONKENXX,2023,0.06562416559104
GLOBAL,S2D3,PWRWONKENXX01,WONKENXX,2024,0.0605461051584
GLOBAL,S2D3,PWRWONKENXX01,WONKENXX,2026,0.0605461051584
GLOBAL,S2D3,PWRWONKENXX01,WONKENXX,2028,0.0605461051584
GLOBAL,S2D3,PWRWONKENXX01,WONKENXX,2031,0.0605461051584
GLOBAL,S2D3,PWRWONKENXX01,WONKENXX,2032,0.0605461051584
GLOBAL,S2D3,PWRWONKENXX01,WONKENXX,2033,0.0605461051584
GLOBAL,S2D3,PWRWONKENXX01,WONKENXX,2034,0.0605461051584
GLOBAL,S2D3,PWRWONKENXX01,WONKENXX,2035,0.0605461051584
GLOBAL,S2D3,PWRWONKENXX01,WONKENXX,2036,0.0605461051584
GLOBAL,S2D3,PWRWONKENXX01,WONKENXX,2037,0.0605461051584
GLOBAL,S2D3,PWRWONKENXX01,WONKENXX,2038,0.0605461051584
GLOBAL,S2D3,PWRWONKENXX01,WONKENXX,2039,0.0605461051584
GLOBAL,S2D3,PWRWONKENXX01,WONKENXX,2040,0.0605461051584
GLOBAL,S2D3,PWRWONKENXX01,WONKENXX,2041,0.0605461051584
GLOBAL,S2D3,PWRWONKENXX01,WONKENXX,2042,0.0605461051584
GLOBAL,S2D3,PWRWONKENXX01,WONKENXX,2043,0.0605461051584
GLOBAL,S2D3,PWRWONKENXX01,WONKENXX,2044,0.0605461051584
GLOBAL,S2D3,PWRWONKENXX01,WONKENXX,2045,0.0605461051584
GLOBAL,S2D3,PWRWONKENXX01,WONKENXX,2046,0.0605461051584
GLOBAL,S2D3,PWRWONKENXX01,WONKENXX,2047,0.0605461051584
GLOBAL,S2D3,TRNKENXXTZAXX,ELCKENXX02,2023,0.030217771871193667
GLOBAL,S2D3,TRNKENXXTZAXX,ELCTZAXX02,2021,0.030217771871193667
GLOBAL,S2D3,TRNKENXXTZAXX,ELCTZAXX02,2022,0.030217771871193667
GLOBAL,S2D4,PWRBIOKENXX01,BIOKENXX,2021,0.50404871808
GLOBAL,S2D4,PWRBIOKENXX01,BIOKENXX,2022,0.50404871808
GLOBAL,S2D4,PWRBIOKENXX01,BIOKENXX,2023,0.2955468911519992
GLOBAL,S2D4,PWRBIOKENXX01,BIOKENXX,2024,1.4480822583645578
GLOBAL,S2D4,PWRBIOKENXX01,BIOKENXX,2025,1.6550182572849639
GLOBAL,S2D4,PWRBIOKENXX01,BIOKENXX,2026,1.6550182572849639
GLOBAL,S2D4,PWRBIOKENXX01,BIOKENXX,2027,2.149320100828184
GLOBAL,S2D4,PWRBIOKENXX01,BIOKENXX,2028,2.3657475871799174
GLOBAL,S2D4,PWRBIOKENXX01,BIOKENXX,2029,2.576288063293843
GLOBAL,S2D4,PWRBIOKENXX01,BIOKENXX,2030,2.9067049627920456
GLOBAL,S2D4,PWRBIOKENXX01,BIOKENXX,2031,1.8757485089172055
GLOBAL,S2D4,PWRBIOKENXX01,BIOKENXX,2032,3.7521323343549122
GLOBAL,S2D4,PWRBIOKENXX01,BIOKENXX,2033,4.0258528518301615
GLOBAL,S2D4,PWRBIOKENXX01,BIOKENXX,2034,4.299573369305413
GLOBAL,S2D4,PWRBIOKENXX01,BIOKENXX,2035,2.6776308155439525
GLOBAL,S2D4,PWRBIOKENXX01,BIOKENXX,2036,2.2789935383303668
GLOBAL,S2D4,PWRBIOKENXX01,BIOKENXX,2037,3.133776241574913
GLOBAL,S2D4,PWRBIOKENXX01,BIOKENXX,2038,6.601404210338347
GLOBAL,S2D4,PWRBIOKENXX01,BIOKENXX,2039,4.51394007687074
GLOBAL,S2D4,PWRBIOKENXX01,BIOKENXX,2040,4.838160652933685
GLOBAL,S2D4,PWRBIOKENXX01,BIOKENXX,2041,10.050272443122994
GLOBAL,S2D4,PWRBIOKENXX01,BIOKENXX,2042,10.559880038403943
GLOBAL,S2D4,PWRBIOKENXX01,BIOKENXX,2043,11.070211508109999
GLOBAL,S2D4,PWRBIOKENXX01,BIOKENXX,2044,11.580542977816059
GLOBAL,S2D4,PWRBIOKENXX01,BIOKENXX,2045,12.090874447522108
GLOBAL,S2D4,PWRBIOKENXX01,BIOKENXX,2046,8.335561962995829
GLOBAL,S2D4,PWRBIOKENXX01,BIOKENXX,2047,6.445189409143856
GLOBAL,S2D4,PWRBIOKENXX01,BIOKENXX,2048,14.08392979486407
GLOBAL,S2D4,PWRBIOKENXX01,BIOKENXX,2049,7.016707809087235
GLOBAL,S2D4,PWRBIOKENXX01,BIOKENXX,2050,7.307688277270146
GLOBAL,S2D4,PWRBIOTZAXX01,BIOTZAXX,2021,0.8621237378812953
GLOBAL,S2D4,PWRBIOTZAXX01,BIOTZAXX,2022,1.0070401454440991
GLOBAL,S2D4,PWRBIOTZAXX01,BIOTZAXX,2023,1.037993038496748
GLOBAL,S2D4,PWRBIOTZAXX01,BIOTZAXX,2024,1.0379930384967464
GLOBAL,S2D4,PWRBIOTZAXX01,BIOTZAXX,2025,1.8233957512220007
GLOBAL,S2D4,PWRBIOTZAXX01,BIOTZAXX,2026,1.8233957512220007
GLOBAL,S2D4,PWRBIOTZAXX01,BIOTZAXX,2027,2.8004596370872985
GLOBAL,S2D4,PWRBIOTZAXX01,BIOTZAXX,2028,2.922832779682948
GLOBAL,S2D4,PWRBIOTZAXX01,BIOTZAXX,2029,3.0514802049276235
GLOBAL,S2D4,PWRBIOTZAXX01,BIOTZAXX,2030,4.416163794771074
GLOBAL,S2D4,PWRBIOTZAXX01,BIOTZAXX,2031,4.416163794771074
GLOBAL,S2D4,PWRBIOTZAXX01,BIOTZAXX,2032,5.645311189269497
GLOBAL,S2D4,PWRBIOTZAXX01,BIOTZAXX,2033,5.955408709354788
GLOBAL,S2D4,PWRBIOTZAXX01,BIOTZAXX,2034,6.423000786361779
GLOBAL,S2D4,PWRBIOTZAXX01,BIOTZAXX,2035,6.5751935676205235
GLOBAL,S2D4,PWRBIOTZAXX01,BIOTZAXX,2036,6.0192167734369795
GLOBAL,S2D4,PWRBIOTZAXX01,BIOTZAXX,2037,6.964937763153722
GLOBAL,S2D4,PWRBIOTZAXX01,BIOTZAXX,2038,7.163095581756398
GLOBAL,S2D4,PWRBIOTZAXX01,BIOTZAXX,2039,7.503958172226641
GLOBAL,S2D4,PWRBIOTZAXX01,BIOTZAXX,2040,7.844820762696879
GLOBAL,S2D4,PWRBIOTZAXX01,BIOTZAXX,2041,8.247554847873857
GLOBAL,S2D4,PWRBIOTZAXX01,BIOTZAXX,2042,8.650288933050824
GLOBAL,S2D4,PWRBIOTZAXX01,BIOTZAXX,2043,10.09763857037045
GLOBAL,S2D4,PWRBIOTZAXX01,BIOTZAXX,2044,9.456136683126925
GLOBAL,S2D4,PWRBIOTZAXX01,BIOTZAXX,2045,9.858870768303904
GLOBAL,S2D4,PWRBIOTZAXX01,BIOTZAXX,2046,10.358777262345484
GLOBAL,S2D4,PWRBIOTZAXX01,BIOTZAXX,2047,10.858683756387006
GLOBAL,S2D4,PWRBIOTZAXX01,BIOTZAXX,2048,11.358590250428563
GLOBAL,S2D4,PWRBIOTZAXX01,BIOTZAXX,2049,11.858117164747982
GLOBAL,S2D4,PWRBIOTZAXX01,BIOTZAXX,2050,12.358023658789502
GLOBAL,S2D4,PWRCCGTZAXX00,GASINT,2021,0.7184774301536172
GLOBAL,S2D4,PWRCCGTZAXX00,GASINT,2022,0.717939533631768
GLOBAL,S2D4,PWRCCGTZAXX00,GASINT,2023,0.9105487672320001
GLOBAL,S2D4,PWRCCGTZAXX00,GASINT,2024,0.5659702406212298
GLOBAL,S2D4,PWRCCGTZAXX01,GASINT,2023,0.06271354879999902
GLOBAL,S2D4,PWRCCGTZAXX01,GASINT,2024,0.38883953998970827
GLOBAL,S2D4,PWRCCGTZAXX01,GASINT,2025,0.4435489655595391
GLOBAL,S2D4,PWRGEOKENXX01,GEOKENXX,2021,1.8998967178138824
GLOBAL,S2D4,PWRGEOKENXX01,GEOKENXX,2022,2.0060679421063297
GLOBAL,S2D4,PWRGEOKENXX01,GEOKENXX,2023,2.0060679421063297
GLOBAL,S2D4,PWRGEOKENXX01,GEOKENXX,2024,2.0060679421063297
GLOBAL,S2D4,PWRGEOKENXX01,GEOKENXX,2025,2.041580430232897
GLOBAL,S2D4,PWRGEOKENXX01,GEOKENXX,2026,2.041580430232897
GLOBAL,S2D4,PWRGEOKENXX01,GEOKENXX,2027,2.1594876462146515
GLOBAL,S2D4,PWRGEOKENXX01,GEOKENXX,2028,2.36441322219259
GLOBAL,S2D4,PWRGEOKENXX01,GEOKENXX,2029,2.571843596016066
GLOBAL,S2D4,PWRGEOKENXX01,GEOKENXX,2030,2.4313748442853345
GLOBAL,S2D4,PWRGEOKENXX01,GEOKENXX,2031,2.741548942561021
GLOBAL,S2D4,PWRGEOKENXX01,GEOKENXX,2032,2.3453535570630293
GLOBAL,S2D4,PWRGEOKENXX01,GEOKENXX,2033,2.50733556875087
GLOBAL,S2D4,PWRGEOKENXX01,GEOKENXX,2034,2.5739382351075095
GLOBAL,S2D4,PWRGEOKENXX01,GEOKENXX,2035,3.4306866505083184
GLOBAL,S2D4,PWRGEOKENXX01,GEOKENXX,2036,3.4306866505083184
GLOBAL,S2D4,PWRGEOKENXX01,GEOKENXX,2037,3.4306866505083184
GLOBAL,S2D4,PWRGEOKENXX01,GEOKENXX,2038,2.6020639743948832
GLOBAL,S2D4,PWRGEOKENXX01,GEOKENXX,2039,3.6274100908375244
GLOBAL,S2D4,PWRGEOKENXX01,GEOKENXX,2040,3.7946605896293066
GLOBAL,S2D4,PWRGEOKENXX01,GEOKENXX,2041,3.076488510302917
GLOBAL,S2D4,PWRGEOKENXX01,GEOKENXX,2042,2.5580144139618555
GLOBAL,S2D4,PWRGEOKENXX01,GEOKENXX,2043,2.8268359351152106
GLOBAL,S2D4,PWRGEOKENXX01,GEOKENXX,2044,3.0002781109373644
GLOBAL,S2D4,PWRGEOKENXX01,GEOKENXX,2045,3.0783409414283227
GLOBAL,S2D4,PWRGEOKENXX01,GEOKENXX,2046,5.378382070025784
GLOBAL,S2D4,PWRGEOKENXX01,GEOKENXX,2047,5.705386916156557
GLOBAL,S2D4,PWRGEOKENXX01,GEOKENXX,2048,3.803424201570367
GLOBAL,S2D4,PWRGEOKENXX01,GEOKENXX,2049,6.4598677022533115
GLOBAL,S2D4,PWRGEOKENXX01,GEOKENXX,2050,6.787766122569247
GLOBAL,S2D4,PWRGEOTZAXX01,GEOTZAXX,2021,1.3618277147430293
GLOBAL,S2D4,PWRGEOTZAXX01,GEOTZAXX,2022,1.5285270459046725
GLOBAL,S2D4,PWRGEOTZAXX01,GEOTZAXX,2023,1.759895661624086
GLOBAL,S2D4,PWRGEOTZAXX01,GEOTZAXX,2024,3.465952438712635
GLOBAL,S2D4,PWRGEOTZAXX01,GEOTZAXX,2025,3.6798441696031587
GLOBAL,S2D4,PWRGEOTZAXX01,GEOTZAXX,2026,3.6798441696031587
GLOBAL,S2D4,PWRGEOTZAXX01,GEOTZAXX,2027,3.742781205954337
GLOBAL,S2D4,PWRGEOTZAXX01,GEOTZAXX,2028,4.0638653477709905
GLOBAL,S2D4,PWRGEOTZAXX01,GEOTZAXX,2029,4.3830250221105596
GLOBAL,S2D4,PWRGEOTZAXX01,GEOTZAXX,2030,4.552867087378455
GLOBAL,S2D4,PWRGEOTZAXX01,GEOTZAXX,2031,4.552867087378455
GLOBAL,S2D4,PWRGEOTZAXX01,GEOTZAXX,2032,4.752555029483475
GLOBAL,S2D4,PWRGEOTZAXX01,GEOTZAXX,2033,5.087174594622078
GLOBAL,S2D4,PWRGEOTZAXX01,GEOTZAXX,2034,5.421351541288265
GLOBAL,S2D4,PWRGEOTZAXX01,GEOTZAXX,2035,5.75597110642687
GLOBAL,S2D4,PWRGEOTZAXX01,GEOTZAXX,2036,5.75597110642687
GLOBAL,S2D4,PWRGEOTZAXX01,GEOTZAXX,2037,5.939363090268789
GLOBAL,S2D4,PWRGEOTZAXX01,GEOTZAXX,2038,6.3477695805185315
GLOBAL,S2D4,PWRGEOTZAXX01,GEOTZAXX,2039,6.713321784922157
GLOBAL,S2D4,PWRGEOTZAXX01,GEOTZAXX,2040,7.0788739893257855
GLOBAL,S2D4,PWRGEOTZAXX01,GEOTZAXX,2041,7.510779210787083
GLOBAL,S2D4,PWRGEOTZAXX01,GEOTZAXX,2042,7.942684432248386
GLOBAL,S2D4,PWRGEOTZAXX01,GEOTZAXX,2043,8.060891289702887
GLOBAL,S2D4,PWRGEOTZAXX01,GEOTZAXX,2044,8.806901948895266
GLOBAL,S2D4,PWRGEOTZAXX01,GEOTZAXX,2045,9.238807170356566
GLOBAL,S2D4,PWRGEOTZAXX01,GEOTZAXX,2046,9.77492326523359
GLOBAL,S2D4,PWRGEOTZAXX01,GEOTZAXX,2047,10.311039360110628
GLOBAL,S2D4,PWRGEOTZAXX01,GEOTZAXX,2048,10.847155454987659
GLOBAL,S2D4,PWRGEOTZAXX01,GEOTZAXX,2049,11.38286447614041
GLOBAL,S2D4,PWRGEOTZAXX01,GEOTZAXX,2050,11.918980571017448
GLOBAL,S2D4,PWRHYDKENXX01,HYDKENXX,2021,0.596290909561344
GLOBAL,S2D4,PWRHYDKENXX01,HYDKENXX,2022,0.596290909561344
GLOBAL,S2D4,PWRHYDKENXX01,HYDKENXX,2023,0.596290909561344
GLOBAL,S2D4,PWRHYDKENXX01,HYDKENXX,2024,0.596290909561344
GLOBAL,S2D4,PWRHYDKENXX01,HYDKENXX,2025,0.596290909561344
GLOBAL,S2D4,PWRHYDKENXX01,HYDKENXX,2026,0.596290909561344
GLOBAL,S2D4,PWRHYDKENXX01,HYDKENXX,2027,0.5765562196893417
GLOBAL,S2D4,PWRHYDKENXX01,HYDKENXX,2028,0.5567809430385461
GLOBAL,S2D4,PWRHYDKENXX01,HYDKENXX,2029,0.5369432121156716
GLOBAL,S2D4,PWRHYDKENXX01,HYDKENXX,2030,0.596290909561344
GLOBAL,S2D4,PWRHYDKENXX01,HYDKENXX,2031,0.596290909561344
GLOBAL,S2D4,PWRHYDKENXX01,HYDKENXX,2032,0.596290909561344
GLOBAL,S2D4,PWRHYDKENXX01,HYDKENXX,2033,0.596290909561344
GLOBAL,S2D4,PWRHYDKENXX01,HYDKENXX,2034,0.596290909561344
GLOBAL,S2D4,PWRHYDKENXX01,HYDKENXX,2035,0.596290909561344
GLOBAL,S2D4,PWRHYDKENXX01,HYDKENXX,2036,0.596290909561344
GLOBAL,S2D4,PWRHYDKENXX01,HYDKENXX,2037,0.596290909561344
GLOBAL,S2D4,PWRHYDKENXX01,HYDKENXX,2038,0.596290909561344
GLOBAL,S2D4,PWRHYDKENXX01,HYDKENXX,2039,0.596290909561344
GLOBAL,S2D4,PWRHYDKENXX01,HYDKENXX,2040,0.596290909561344
GLOBAL,S2D4,PWRHYDKENXX01,HYDKENXX,2042,0.596290909561344
GLOBAL,S2D4,PWRHYDKENXX01,HYDKENXX,2043,0.596290909561344
GLOBAL,S2D4,PWRHYDKENXX01,HYDKENXX,2044,0.596290909561344
GLOBAL,S2D4,PWRHYDKENXX01,HYDKENXX,2045,0.596290909561344
GLOBAL,S2D4,PWRHYDKENXX01,HYDKENXX,2047,0.596290909561344
GLOBAL,S2D4,PWRHYDKENXX01,HYDKENXX,2048,0.596290909561344
GLOBAL,S2D4,PWRHYDKENXX01,HYDKENXX,2049,0.596290909561344
GLOBAL,S2D4,PWRHYDKENXX01,HYDKENXX,2050,0.596290909561344
GLOBAL,S2D4,PWRHYDTZAXX01,HYDTZAXX,2021,0.2992762678752
GLOBAL,S2D4,PWRHYDTZAXX01,HYDTZAXX,2022,0.2992762678752
GLOBAL,S2D4,PWRHYDTZAXX01,HYDTZAXX,2023,0.2992762678752
GLOBAL,S2D4,PWRHYDTZAXX01,HYDTZAXX,2024,0.2992762678752
GLOBAL,S2D4,PWRHYDTZAXX01,HYDTZAXX,2025,0.2992762678752
GLOBAL,S2D4,PWRHYDTZAXX01,HYDTZAXX,2026,0.2992762678752
GLOBAL,S2D4,PWRHYDTZAXX01,HYDTZAXX,2027,0.2992762678752
GLOBAL,S2D4,PWRHYDTZAXX01,HYDTZAXX,2028,0.2992762678752
GLOBAL,S2D4,PWRHYDTZAXX01,HYDTZAXX,2029,0.2992762678752
GLOBAL,S2D4,PWRHYDTZAXX01,HYDTZAXX,2030,0.2992762678752
GLOBAL,S2D4,PWRHYDTZAXX01,HYDTZAXX,2031,0.2992762678752
GLOBAL,S2D4,PWRHYDTZAXX01,HYDTZAXX,2032,0.2992762678752
GLOBAL,S2D4,PWRHYDTZAXX01,HYDTZAXX,2033,0.2992762678752
GLOBAL,S2D4,PWRHYDTZAXX01,HYDTZAXX,2034,0.25185742738675
GLOBAL,S2D4,PWRHYDTZAXX01,HYDTZAXX,2035,0.2992762678752
GLOBAL,S2D4,PWRHYDTZAXX01,HYDTZAXX,2036,0.2992762678752
GLOBAL,S2D4,PWRHYDTZAXX01,HYDTZAXX,2037,0.2992762678752
GLOBAL,S2D4,PWRHYDTZAXX01,HYDTZAXX,2038,0.2992762678752
GLOBAL,S2D4,PWRHYDTZAXX01,HYDTZAXX,2039,0.2992762678752
GLOBAL,S2D4,PWRHYDTZAXX01,HYDTZAXX,2040,0.2992762678752
GLOBAL,S2D4,PWRHYDTZAXX01,HYDTZAXX,2041,0.2992762678752
GLOBAL,S2D4,PWRHYDTZAXX01,HYDTZAXX,2042,0.2992762678752
GLOBAL,S2D4,PWRHYDTZAXX01,HYDTZAXX,2043,0.2992762678752
GLOBAL,S2D4,PWRHYDTZAXX01,HYDTZAXX,2044,0.2992762678752
GLOBAL,S2D4,PWRHYDTZAXX01,HYDTZAXX,2045,0.2992762678752
GLOBAL,S2D4,PWRHYDTZAXX01,HYDTZAXX,2046,0.2992762678752
GLOBAL,S2D4,PWRHYDTZAXX01,HYDTZAXX,2047,0.2992762678752
GLOBAL,S2D4,PWRHYDTZAXX01,HYDTZAXX,2048,0.2992762678752
GLOBAL,S2D4,PWRHYDTZAXX01,HYDTZAXX,2049,0.2992762678752
GLOBAL,S2D4,PWRHYDTZAXX01,HYDTZAXX,2050,0.2992762678752
GLOBAL,S2D4,PWROCGTZAXX00,GASINT,2025,0.22819129630172075
GLOBAL,S2D4,PWRSDSKENXX01,ELCKENXX01,2037,0.001124
GLOBAL,S2D4,PWRSPVKENXX01,SPVKENXX,2021,0.0302960927808
GLOBAL,S2D4,PWRSPVKENXX01,SPVKENXX,2022,0.0440670440448
GLOBAL,S2D4,PWRSPVKENXX01,SPVKENXX,2023,0.0509525196768
GLOBAL,S2D4,PWRSPVKENXX01,SPVKENXX,2024,0.0509525196768
GLOBAL,S2D4,PWRSPVKENXX01,SPVKENXX,2025,0.0509525196768
GLOBAL,S2D4,PWRSPVKENXX01,SPVKENXX,2026,0.34156241402551035
GLOBAL,S2D4,PWRSPVKENXX01,SPVKENXX,2027,0.36816793393314734
GLOBAL,S2D4,PWRSPVKENXX01,SPVKENXX,2028,0.3947734538407845
GLOBAL,S2D4,PWRSPVKENXX01,SPVKENXX,2029,0.4214414280205053
GLOBAL,S2D4,PWRSPVKENXX01,SPVKENXX,2030,0.4480469479281425
GLOBAL,S2D4,PWRSPVKENXX01,SPVKENXX,2031,0.7179743118737004
GLOBAL,S2D4,PWRSPVKENXX01,SPVKENXX,2032,0.7639718832633123
GLOBAL,S2D4,PWRSPVKENXX01,SPVKENXX,2033,0.8099694546529244
GLOBAL,S2D4,PWRSPVKENXX01,SPVKENXX,2034,0.8559670260425365
GLOBAL,S2D4,PWRSPVKENXX01,SPVKENXX,2035,0.901870916024023
GLOBAL,S2D4,PWRSPVKENXX01,SPVKENXX,2036,1.2734426077857297
GLOBAL,S2D4,PWRSPVKENXX01,SPVKENXX,2037,1.3442657523285948
GLOBAL,S2D4,PWRSPVKENXX01,SPVKENXX,2038,1.4152138054156271
GLOBAL,S2D4,PWRSPVKENXX01,SPVKENXX,2039,1.4860369499584922
GLOBAL,S2D4,PWRSPVKENXX01,SPVKENXX,2040,1.5569850030455246
GLOBAL,S2D4,PWRSPVKENXX01,SPVKENXX,2041,1.6450455266834785
GLOBAL,S2D4,PWRSPVKENXX01,SPVKENXX,2042,1.7329811417772647
GLOBAL,S2D4,PWRSPVKENXX01,SPVKENXX,2043,1.8210416654152188
GLOBAL,S2D4,PWRSPVKENXX01,SPVKENXX,2044,1.9091021890531727
GLOBAL,S2D4,PWRSPVKENXX01,SPVKENXX,2045,1.9971627126911264
GLOBAL,S2D4,PWRSPVKENXX01,SPVKENXX,2046,2.1075818657350287
GLOBAL,S2D4,PWRSPVKENXX01,SPVKENXX,2047,2.218125927323098
GLOBAL,S2D4,PWRSPVKENXX01,SPVKENXX,2048,2.328545080367001
GLOBAL,S2D4,PWRSPVKENXX01,SPVKENXX,2049,2.438964233410904
GLOBAL,S2D4,PWRSPVKENXX01,SPVKENXX,2050,2.549383386454806
GLOBAL,S2D4,PWRSPVTZAXX01,SPVTZAXX,2026,0.7081486039333111
GLOBAL,S2D4,PWRSPVTZAXX01,SPVTZAXX,2027,0.7639773757405615
GLOBAL,S2D4,PWRSPVTZAXX01,SPVTZAXX,2028,0.8198956167334006
GLOBAL,S2D4,PWRSPVTZAXX01,SPVTZAXX,2029,0.8758138577262393
GLOBAL,S2D4,PWRSPVTZAXX01,SPVTZAXX,2030,0.931732098719078
GLOBAL,S2D4,PWRSPVTZAXX01,SPVTZAXX,2031,1.4989220007576414
GLOBAL,S2D4,PWRSPVTZAXX01,SPVTZAXX,2032,1.600380057215048
GLOBAL,S2D4,PWRSPVTZAXX01,SPVTZAXX,2033,1.7018381136724547
GLOBAL,S2D4,PWRSPVTZAXX01,SPVTZAXX,2034,1.8031619663514786
GLOBAL,S2D4,PWRSPVTZAXX01,SPVTZAXX,2035,1.9046200228088852
GLOBAL,S2D4,PWRSPVTZAXX01,SPVTZAXX,2036,2.7001800210622022
GLOBAL,S2D4,PWRSPVTZAXX01,SPVTZAXX,2037,2.8606877400080473
GLOBAL,S2D4,PWRSPVTZAXX01,SPVTZAXX,2038,3.0213743973250686
GLOBAL,S2D4,PWRSPVTZAXX01,SPVTZAXX,2039,3.182061054642091
GLOBAL,S2D4,PWRSPVTZAXX01,SPVTZAXX,2040,3.342747711959112
GLOBAL,S2D4,PWRSPVTZAXX01,SPVTZAXX,2041,3.5326013237779987
GLOBAL,S2D4,PWRSPVTZAXX01,SPVTZAXX,2042,3.722454935596886
GLOBAL,S2D4,PWRSPVTZAXX01,SPVTZAXX,2043,3.9123085474157717
GLOBAL,S2D4,PWRSPVTZAXX01,SPVTZAXX,2044,4.102341097605834
GLOBAL,S2D4,PWRSPVTZAXX01,SPVTZAXX,2045,4.292194709424719
GLOBAL,S2D4,PWRSPVTZAXX01,SPVTZAXX,2046,4.5278565442649406
GLOBAL,S2D4,PWRSPVTZAXX01,SPVTZAXX,2047,4.763518379105162
GLOBAL,S2D4,PWRSPVTZAXX01,SPVTZAXX,2048,4.9991802139453805
GLOBAL,S2D4,PWRSPVTZAXX01,SPVTZAXX,2049,5.2346631104144254
GLOBAL,S2D4,PWRSPVTZAXX01,SPVTZAXX,2050,5.470324945254645
GLOBAL,S2D4,PWRTRNKENXX,ELCKENXX01,2021,2.7902177718711934
GLOBAL,S2D4,PWRTRNKENXX,ELCKENXX01,2022,2.9102177718711935
GLOBAL,S2D4,PWRTRNKENXX,ELCKENXX01,2023,2.8502177718711934
GLOBAL,S2D4,PWRTRNKENXX,ELCKENXX01,2024,3.2078484807369647
GLOBAL,S2D4,PWRTRNKENXX,ELCKENXX01,2025,3.3088470444712548
GLOBAL,S2D4,PWRTRNKENXX,ELCKENXX01,2026,3.598604569155966
GLOBAL,S2D4,PWRTRNKENXX,ELCKENXX01,2027,3.8797557340380178
GLOBAL,S2D4,PWRTRNKENXX,ELCKENXX01,2028,4.160001264143601
GLOBAL,S2D4,PWRTRNKENXX,ELCKENXX01,2029,4.440888614171368
GLOBAL,S2D4,PWRTRNKENXX,ELCKENXX01,2030,4.490935389761732
GLOBAL,S2D4,PWRTRNKENXX,ELCKENXX01,2031,4.744784809617521
GLOBAL,S2D4,PWRTRNKENXX,ELCKENXX01,2032,4.893
GLOBAL,S2D4,PWRTRNKENXX,ELCKENXX01,2033,5.187599999999998
GLOBAL,S2D4,PWRTRNKENXX,ELCKENXX01,2034,5.4822
GLOBAL,S2D4,PWRTRNKENXX,ELCKENXX01,2035,5.7762
GLOBAL,S2D4,PWRTRNKENXX,ELCKENXX01,2036,6.117
GLOBAL,S2D4,PWRTRNKENXX,ELCKENXX01,2037,6.4572
GLOBAL,S2D4,PWRTRNKENXX,ELCKENXX01,2038,6.797999999999999
GLOBAL,S2D4,PWRTRNKENXX,ELCKENXX01,2039,7.1382
GLOBAL,S2D4,PWRTRNKENXX,ELCKENXX01,2040,7.479
GLOBAL,S2D4,PWRTRNKENXX,ELCKENXX01,2041,7.902000000000001
GLOBAL,S2D4,PWRTRNKENXX,ELCKENXX01,2042,8.3244
GLOBAL,S2D4,PWRTRNKENXX,ELCKENXX01,2043,8.7474
GLOBAL,S2D4,PWRTRNKENXX,ELCKENXX01,2044,9.1704
GLOBAL,S2D4,PWRTRNKENXX,ELCKENXX01,2045,9.5934
GLOBAL,S2D4,PWRTRNKENXX,ELCKENXX01,2046,10.1238
GLOBAL,S2D4,PWRTRNKENXX,ELCKENXX01,2047,10.6548
GLOBAL,S2D4,PWRTRNKENXX,ELCKENXX01,2048,11.1852
GLOBAL,S2D4,PWRTRNKENXX,ELCKENXX01,2049,11.7156
GLOBAL,S2D4,PWRTRNKENXX,ELCKENXX01,2050,12.245999999999999
GLOBAL,S2D4,PWRTRNTZAXX,ELCTZAXX01,2021,2.24
GLOBAL,S2D4,PWRTRNTZAXX,ELCTZAXX01,2022,2.4500000000000006
GLOBAL,S2D4,PWRTRNTZAXX,ELCTZAXX01,2023,2.8
GLOBAL,S2D4,PWRTRNTZAXX,ELCTZAXX01,2024,4.7586
GLOBAL,S2D4,PWRTRNTZAXX,ELCTZAXX01,2025,5.103
GLOBAL,S2D4,PWRTRNTZAXX,ELCTZAXX01,2026,5.540500000000001
GLOBAL,S2D4,PWRTRNTZAXX,ELCTZAXX01,2027,5.9773
GLOBAL,S2D4,PWRTRNTZAXX,ELCTZAXX01,2028,6.4148000000000005
GLOBAL,S2D4,PWRTRNTZAXX,ELCTZAXX01,2029,6.8523000000000005
GLOBAL,S2D4,PWRTRNTZAXX,ELCTZAXX01,2030,7.2898
GLOBAL,S2D4,PWRTRNTZAXX,ELCTZAXX01,2031,7.818299999999999
GLOBAL,S2D4,PWRTRNTZAXX,ELCTZAXX01,2032,8.3475
GLOBAL,S2D4,PWRTRNTZAXX,ELCTZAXX01,2033,8.8767
GLOBAL,S2D4,PWRTRNTZAXX,ELCTZAXX01,2034,9.4052
GLOBAL,S2D4,PWRTRNTZAXX,ELCTZAXX01,2035,9.9344
GLOBAL,S2D4,PWRTRNTZAXX,ELCTZAXX01,2036,10.563
GLOBAL,S2D4,PWRTRNTZAXX,ELCTZAXX01,2037,11.190899999999997
GLOBAL,S2D4,PWRTRNTZAXX,ELCTZAXX01,2038,11.8195
GLOBAL,S2D4,PWRTRNTZAXX,ELCTZAXX01,2039,12.4481
GLOBAL,S2D4,PWRTRNTZAXX,ELCTZAXX01,2040,13.0767
GLOBAL,S2D4,PWRTRNTZAXX,ELCTZAXX01,2041,13.819399999999998
GLOBAL,S2D4,PWRTRNTZAXX,ELCTZAXX01,2042,14.562099999999997
GLOBAL,S2D4,PWRTRNTZAXX,ELCTZAXX01,2043,15.304799999999998
GLOBAL,S2D4,PWRTRNTZAXX,ELCTZAXX01,2044,16.048200000000005
GLOBAL,S2D4,PWRTRNTZAXX,ELCTZAXX01,2045,16.7909
GLOBAL,S2D4,PWRTRNTZAXX,ELCTZAXX01,2046,17.7128
GLOBAL,S2D4,PWRTRNTZAXX,ELCTZAXX01,2047,18.6347
GLOBAL,S2D4,PWRTRNTZAXX,ELCTZAXX01,2048,19.5566
GLOBAL,S2D4,PWRTRNTZAXX,ELCTZAXX01,2049,20.4778
GLOBAL,S2D4,PWRTRNTZAXX,ELCTZAXX01,2050,21.3997
GLOBAL,S2D4,PWRWONKENXX01,WONKENXX,2021,0.10337890332672
GLOBAL,S2D4,PWRWONKENXX01,WONKENXX,2022,0.10337890332672
GLOBAL,S2D4,PWRWONKENXX01,WONKENXX,2023,0.10337890332672
GLOBAL,S2D4,PWRWONKENXX01,WONKENXX,2024,0.0953793453312
GLOBAL,S2D4,PWRWONKENXX01,WONKENXX,2025,0.0953793453312
GLOBAL,S2D4,PWRWONKENXX01,WONKENXX,2026,0.0953793453312
GLOBAL,S2D4,PWRWONKENXX01,WONKENXX,2027,0.0953793453312
GLOBAL,S2D4,PWRWONKENXX01,WONKENXX,2028,0.0953793453312
GLOBAL,S2D4,PWRWONKENXX01,WONKENXX,2029,0.0953793453312
GLOBAL,S2D4,PWRWONKENXX01,WONKENXX,2030,0.0953793453312
GLOBAL,S2D4,PWRWONKENXX01,WONKENXX,2031,0.0953793453312
GLOBAL,S2D4,PWRWONKENXX01,WONKENXX,2034,0.0953793453312
GLOBAL,S2D4,PWRWONKENXX01,WONKENXX,2036,0.0953793453312
GLOBAL,S2D4,PWRWONKENXX01,WONKENXX,2037,0.0953793453312
GLOBAL,S2D4,PWRWONKENXX01,WONKENXX,2038,0.0953793453312
GLOBAL,S2D4,PWRWONKENXX01,WONKENXX,2042,0.0953793453312
GLOBAL,S2D4,PWRWONKENXX01,WONKENXX,2045,0.0953793453312
GLOBAL,S2D4,PWRWONKENXX01,WONKENXX,2047,0.0953793453312
GLOBAL,S2D4,TRNKENXXTZAXX,ELCKENXX02,2021,0.030217771871193667
GLOBAL,S2D4,TRNKENXXTZAXX,ELCKENXX02,2022,0.030217771871193667
GLOBAL,S2D4,TRNKENXXTZAXX,ELCKENXX02,2023,0.030217771871193667
GLOBAL,S2D4,TRNKENXXTZAXX,ELCKENXX02,2024,0.2678484807369643
GLOBAL,S2D4,TRNKENXXTZAXX,ELCKENXX02,2025,0.28304704447125495
GLOBAL,S2D4,TRNKENXXTZAXX,ELCKENXX02,2026,0.31720456915596573
GLOBAL,S2D4,TRNKENXXTZAXX,ELCKENXX02,2027,0.34275573403801785
GLOBAL,S2D4,TRNKENXXTZAXX,ELCKENXX02,2028,0.3674012641436004
GLOBAL,S2D4,TRNKENXXTZAXX,ELCKENXX02,2029,0.3920886141713682
GLOBAL,S2D4,TRNKENXXTZAXX,ELCKENXX02,2030,0.18653538976173142
GLOBAL,S2D4,TRNKENXXTZAXX,ELCKENXX02,2031,0.1463848096175208
GLOBAL,S2D5,PWRBIOKENXX01,BIOKENXX,2021,0.50404871808
GLOBAL,S2D5,PWRBIOKENXX01,BIOKENXX,2022,0.37623234795283345
GLOBAL,S2D5,PWRBIOKENXX01,BIOKENXX,2023,0.50404871808
GLOBAL,S2D5,PWRBIOKENXX01,BIOKENXX,2024,1.4480822583645578
GLOBAL,S2D5,PWRBIOKENXX01,BIOKENXX,2025,1.6550182572849639
GLOBAL,S2D5,PWRBIOKENXX01,BIOKENXX,2026,1.6550182572849639
GLOBAL,S2D5,PWRBIOKENXX01,BIOKENXX,2027,2.149320100828183
GLOBAL,S2D5,PWRBIOKENXX01,BIOKENXX,2028,2.365747587179917
GLOBAL,S2D5,PWRBIOKENXX01,BIOKENXX,2029,2.576288063293842
GLOBAL,S2D5,PWRBIOKENXX01,BIOKENXX,2030,2.9067049627920456
GLOBAL,S2D5,PWRBIOKENXX01,BIOKENXX,2031,3.120062551316425
GLOBAL,S2D5,PWRBIOKENXX01,BIOKENXX,2032,3.752132334354912
GLOBAL,S2D5,PWRBIOKENXX01,BIOKENXX,2033,4.0258528518301615
GLOBAL,S2D5,PWRBIOKENXX01,BIOKENXX,2034,4.299573369305413
GLOBAL,S2D5,PWRBIOKENXX01,BIOKENXX,2035,4.904880172173895
GLOBAL,S2D5,PWRBIOKENXX01,BIOKENXX,2036,4.904880172173895
GLOBAL,S2D5,PWRBIOKENXX01,BIOKENXX,2037,6.089270730062327
GLOBAL,S2D5,PWRBIOKENXX01,BIOKENXX,2038,7.757644956071014
GLOBAL,S2D5,PWRBIOKENXX01,BIOKENXX,2039,8.470044405887078
GLOBAL,S2D5,PWRBIOKENXX01,BIOKENXX,2040,9.183167730128257
GLOBAL,S2D5,PWRBIOKENXX01,BIOKENXX,2041,10.050272443122992
GLOBAL,S2D5,PWRBIOKENXX01,BIOKENXX,2042,10.559880038403943
GLOBAL,S2D5,PWRBIOKENXX01,BIOKENXX,2043,11.070211508109999
GLOBAL,S2D5,PWRBIOKENXX01,BIOKENXX,2044,11.580542977816059
GLOBAL,S2D5,PWRBIOKENXX01,BIOKENXX,2045,12.090874447522108
GLOBAL,S2D5,PWRBIOKENXX01,BIOKENXX,2046,12.730779439323754
GLOBAL,S2D5,PWRBIOKENXX01,BIOKENXX,2047,13.378423189550517
GLOBAL,S2D5,PWRBIOKENXX01,BIOKENXX,2048,14.08392979486407
GLOBAL,S2D5,PWRBIOKENXX01,BIOKENXX,2049,14.723834786665703
GLOBAL,S2D5,PWRBIOKENXX01,BIOKENXX,2050,15.36373977846734
GLOBAL,S2D5,PWRBIOTZAXX01,BIOTZAXX,2021,0.8621237378812953
GLOBAL,S2D5,PWRBIOTZAXX01,BIOTZAXX,2022,1.0070401454440991
GLOBAL,S2D5,PWRBIOTZAXX01,BIOTZAXX,2023,1.0379930384967468
GLOBAL,S2D5,PWRBIOTZAXX01,BIOTZAXX,2024,1.0379930384967464
GLOBAL,S2D5,PWRBIOTZAXX01,BIOTZAXX,2025,1.8233957512220011
GLOBAL,S2D5,PWRBIOTZAXX01,BIOTZAXX,2026,1.8233957512220007
GLOBAL,S2D5,PWRBIOTZAXX01,BIOTZAXX,2027,2.800459637087299
GLOBAL,S2D5,PWRBIOTZAXX01,BIOTZAXX,2028,2.922832779682948
GLOBAL,S2D5,PWRBIOTZAXX01,BIOTZAXX,2029,3.0514802049276235
GLOBAL,S2D5,PWRBIOTZAXX01,BIOTZAXX,2030,4.4161637947710775
GLOBAL,S2D5,PWRBIOTZAXX01,BIOTZAXX,2031,4.416163794771074
GLOBAL,S2D5,PWRBIOTZAXX01,BIOTZAXX,2032,5.947568401416848
GLOBAL,S2D5,PWRBIOTZAXX01,BIOTZAXX,2033,6.296936353834129
GLOBAL,S2D5,PWRBIOTZAXX01,BIOTZAXX,2034,6.645842179330259
GLOBAL,S2D5,PWRBIOTZAXX01,BIOTZAXX,2035,6.9952101317475455
GLOBAL,S2D5,PWRBIOTZAXX01,BIOTZAXX,2036,6.9952101317475455
GLOBAL,S2D5,PWRBIOTZAXX01,BIOTZAXX,2037,7.814749177377779
GLOBAL,S2D5,PWRBIOTZAXX01,BIOTZAXX,2038,7.897593340186099
GLOBAL,S2D5,PWRBIOTZAXX01,BIOTZAXX,2039,8.294388001103059
GLOBAL,S2D5,PWRBIOTZAXX01,BIOTZAXX,2040,8.691182662020015
GLOBAL,S2D5,PWRBIOTZAXX01,BIOTZAXX,2041,9.160001298136825
GLOBAL,S2D5,PWRBIOTZAXX01,BIOTZAXX,2042,9.62881993425362
GLOBAL,S2D5,PWRBIOTZAXX01,BIOTZAXX,2043,10.09763857037045
GLOBAL,S2D5,PWRBIOTZAXX01,BIOTZAXX,2044,10.566899071365778
GLOBAL,S2D5,PWRBIOTZAXX01,BIOTZAXX,2045,11.035717707482586
GLOBAL,S2D5,PWRBIOTZAXX01,BIOTZAXX,2046,11.617653752502259
GLOBAL,S2D5,PWRBIOTZAXX01,BIOTZAXX,2047,12.199589797521877
GLOBAL,S2D5,PWRBIOTZAXX01,BIOTZAXX,2048,12.78152584254153
GLOBAL,S2D5,PWRBIOTZAXX01,BIOTZAXX,2049,13.363020022682631
GLOBAL,S2D5,PWRBIOTZAXX01,BIOTZAXX,2050,13.944956067702254
GLOBAL,S2D5,PWRCCGTZAXX01,GASINT,2026,0.4435489655595391
GLOBAL,S2D5,PWRCCGTZAXX01,GASINT,2027,0.4435489655595391
GLOBAL,S2D5,PWRCCGTZAXX01,GASINT,2028,0.4435489655595391
GLOBAL,S2D5,PWRCCGTZAXX01,GASINT,2029,0.4435489655595391
GLOBAL,S2D5,PWRCCGTZAXX01,GASINT,2031,0.8776567775372445
GLOBAL,S2D5,PWRCCGTZAXX01,GASINT,2032,0.8776567775372445
GLOBAL,S2D5,PWRCCGTZAXX01,GASINT,2033,0.8776567775372445
GLOBAL,S2D5,PWRCCGTZAXX01,GASINT,2034,0.8776567775372445
GLOBAL,S2D5,PWRCCGTZAXX01,GASINT,2035,0.877656777537247
GLOBAL,S2D5,PWRCCGTZAXX01,GASINT,2036,2.568786761512172
GLOBAL,S2D5,PWRCCGTZAXX01,GASINT,2037,2.568786761512172
GLOBAL,S2D5,PWRCCGTZAXX01,GASINT,2038,2.5687867615121682
GLOBAL,S2D5,PWRCCGTZAXX01,GASINT,2039,2.568786761512172
GLOBAL,S2D5,PWRCCGTZAXX01,GASINT,2040,2.568786761512172
GLOBAL,S2D5,PWRCCGTZAXX01,GASINT,2041,2.5687867615121753
GLOBAL,S2D5,PWRCCGTZAXX01,GASINT,2042,2.696603564165067
GLOBAL,S2D5,PWRCCGTZAXX01,GASINT,2043,2.8244203668179466
GLOBAL,S2D5,PWRCCGTZAXX01,GASINT,2044,2.9523576377108505
GLOBAL,S2D5,PWRCCGTZAXX01,GASINT,2045,3.080174440363745
GLOBAL,S2D5,PWRCCGTZAXX01,GASINT,2046,3.238831112459739
GLOBAL,S2D5,PWRCCGTZAXX01,GASINT,2047,3.397487784555747
GLOBAL,S2D5,PWRCCGTZAXX01,GASINT,2048,3.5561444566517437
GLOBAL,S2D5,PWRCCGTZAXX01,GASINT,2049,3.7146806605077347
GLOBAL,S2D5,PWRCCGTZAXX01,GASINT,2050,3.8733373326037395
GLOBAL,S2D5,PWRGEOKENXX01,GEOKENXX,2021,1.8998967178138824
GLOBAL,S2D5,PWRGEOKENXX01,GEOKENXX,2022,2.0060679421063297
GLOBAL,S2D5,PWRGEOKENXX01,GEOKENXX,2023,2.0060679421063297
GLOBAL,S2D5,PWRGEOKENXX01,GEOKENXX,2024,1.7679432183000676
GLOBAL,S2D5,PWRGEOKENXX01,GEOKENXX,2025,2.041580430232897
GLOBAL,S2D5,PWRGEOKENXX01,GEOKENXX,2026,2.041580430232897
GLOBAL,S2D5,PWRGEOKENXX01,GEOKENXX,2027,2.1594876462146515
GLOBAL,S2D5,PWRGEOKENXX01,GEOKENXX,2028,2.36441322219259
GLOBAL,S2D5,PWRGEOKENXX01,GEOKENXX,2029,2.571843596016066
GLOBAL,S2D5,PWRGEOKENXX01,GEOKENXX,2030,2.741548942561021
GLOBAL,S2D5,PWRGEOKENXX01,GEOKENXX,2031,2.741548942561021
GLOBAL,S2D5,PWRGEOKENXX01,GEOKENXX,2032,2.8408345928684295
GLOBAL,S2D5,PWRGEOKENXX01,GEOKENXX,2033,3.0535219094933157
GLOBAL,S2D5,PWRGEOKENXX01,GEOKENXX,2034,3.266209226118205
GLOBAL,S2D5,PWRGEOKENXX01,GEOKENXX,2035,3.4306866505083184
GLOBAL,S2D5,PWRGEOKENXX01,GEOKENXX,2036,3.4306866505083184
GLOBAL,S2D5,PWRGEOKENXX01,GEOKENXX,2037,3.4306866505083184
GLOBAL,S2D5,PWRGEOKENXX01,GEOKENXX,2038,3.460530517860582
GLOBAL,S2D5,PWRGEOKENXX01,GEOKENXX,2039,3.6274100908375244
GLOBAL,S2D5,PWRGEOKENXX01,GEOKENXX,2040,3.7946605896293066
GLOBAL,S2D5,PWRGEOKENXX01,GEOKENXX,2041,4.004843777684251
GLOBAL,S2D5,PWRGEOKENXX01,GEOKENXX,2042,4.26597555132952
GLOBAL,S2D5,PWRGEOKENXX01,GEOKENXX,2043,4.5274782507896285
GLOBAL,S2D5,PWRGEOKENXX01,GEOKENXX,2044,4.788980950249736
GLOBAL,S2D5,PWRGEOKENXX01,GEOKENXX,2045,5.050483649709848
GLOBAL,S2D5,PWRGEOKENXX01,GEOKENXX,2046,5.378382070025784
GLOBAL,S2D5,PWRGEOKENXX01,GEOKENXX,2047,5.705386916156557
GLOBAL,S2D5,PWRGEOKENXX01,GEOKENXX,2048,6.131969281937371
GLOBAL,S2D5,PWRGEOKENXX01,GEOKENXX,2049,6.4598677022533115
GLOBAL,S2D5,PWRGEOKENXX01,GEOKENXX,2050,6.787766122569247
GLOBAL,S2D5,PWRGEOTZAXX01,GEOTZAXX,2021,1.3618277147430293
GLOBAL,S2D5,PWRGEOTZAXX01,GEOTZAXX,2022,1.5285270459046725
GLOBAL,S2D5,PWRGEOTZAXX01,GEOTZAXX,2023,1.7598956616240855
GLOBAL,S2D5,PWRGEOTZAXX01,GEOTZAXX,2024,3.465952438712635
GLOBAL,S2D5,PWRGEOTZAXX01,GEOTZAXX,2025,3.527157440466541
GLOBAL,S2D5,PWRGEOTZAXX01,GEOTZAXX,2026,3.6798441696031587
GLOBAL,S2D5,PWRGEOTZAXX01,GEOTZAXX,2027,3.742781205954337
GLOBAL,S2D5,PWRGEOTZAXX01,GEOTZAXX,2028,4.0638653477709905
GLOBAL,S2D5,PWRGEOTZAXX01,GEOTZAXX,2029,4.38302502211056
GLOBAL,S2D5,PWRGEOTZAXX01,GEOTZAXX,2030,4.552867087378454
GLOBAL,S2D5,PWRGEOTZAXX01,GEOTZAXX,2031,4.552867087378455
GLOBAL,S2D5,PWRGEOTZAXX01,GEOTZAXX,2032,4.752555029483475
GLOBAL,S2D5,PWRGEOTZAXX01,GEOTZAXX,2033,5.087174594622078
GLOBAL,S2D5,PWRGEOTZAXX01,GEOTZAXX,2034,5.421351541288265
GLOBAL,S2D5,PWRGEOTZAXX01,GEOTZAXX,2035,5.75597110642687
GLOBAL,S2D5,PWRGEOTZAXX01,GEOTZAXX,2036,5.75597110642687
GLOBAL,S2D5,PWRGEOTZAXX01,GEOTZAXX,2037,5.939363090268789
GLOBAL,S2D5,PWRGEOTZAXX01,GEOTZAXX,2038,6.3477695805185315
GLOBAL,S2D5,PWRGEOTZAXX01,GEOTZAXX,2039,6.713321784922157
GLOBAL,S2D5,PWRGEOTZAXX01,GEOTZAXX,2040,7.0788739893257855
GLOBAL,S2D5,PWRGEOTZAXX01,GEOTZAXX,2041,7.510779210787083
GLOBAL,S2D5,PWRGEOTZAXX01,GEOTZAXX,2042,7.942684432248386
GLOBAL,S2D5,PWRGEOTZAXX01,GEOTZAXX,2043,8.374589653709684
GLOBAL,S2D5,PWRGEOTZAXX01,GEOTZAXX,2044,8.806901948895266
GLOBAL,S2D5,PWRGEOTZAXX01,GEOTZAXX,2045,9.238807170356566
GLOBAL,S2D5,PWRGEOTZAXX01,GEOTZAXX,2046,9.774923265233591
GLOBAL,S2D5,PWRGEOTZAXX01,GEOTZAXX,2047,10.311039360110628
GLOBAL,S2D5,PWRGEOTZAXX01,GEOTZAXX,2048,10.847155454987657
GLOBAL,S2D5,PWRGEOTZAXX01,GEOTZAXX,2049,11.38286447614041
GLOBAL,S2D5,PWRGEOTZAXX01,GEOTZAXX,2050,11.918980571017448
GLOBAL,S2D5,PWRHYDKENXX01,HYDKENXX,2021,0.596290909561344
GLOBAL,S2D5,PWRHYDKENXX01,HYDKENXX,2022,0.596290909561344
GLOBAL,S2D5,PWRHYDKENXX01,HYDKENXX,2023,0.596290909561344
GLOBAL,S2D5,PWRHYDKENXX01,HYDKENXX,2024,0.596290909561344
GLOBAL,S2D5,PWRHYDKENXX01,HYDKENXX,2025,0.34103566518928874
GLOBAL,S2D5,PWRHYDKENXX01,HYDKENXX,2026,0.596290909561344
GLOBAL,S2D5,PWRHYDKENXX01,HYDKENXX,2027,0.596290909561344
GLOBAL,S2D5,PWRHYDKENXX01,HYDKENXX,2028,0.596290909561344
GLOBAL,S2D5,PWRHYDKENXX01,HYDKENXX,2029,0.596290909561344
GLOBAL,S2D5,PWRHYDKENXX01,HYDKENXX,2030,0.596290909561344
GLOBAL,S2D5,PWRHYDKENXX01,HYDKENXX,2031,0.596290909561344
GLOBAL,S2D5,PWRHYDKENXX01,HYDKENXX,2032,0.596290909561344
GLOBAL,S2D5,PWRHYDKENXX01,HYDKENXX,2033,0.596290909561344
GLOBAL,S2D5,PWRHYDKENXX01,HYDKENXX,2034,0.596290909561344
GLOBAL,S2D5,PWRHYDKENXX01,HYDKENXX,2035,0.596290909561344
GLOBAL,S2D5,PWRHYDKENXX01,HYDKENXX,2036,0.596290909561344
GLOBAL,S2D5,PWRHYDKENXX01,HYDKENXX,2037,0.596290909561344
GLOBAL,S2D5,PWRHYDKENXX01,HYDKENXX,2038,0.596290909561344
GLOBAL,S2D5,PWRHYDKENXX01,HYDKENXX,2039,0.596290909561344
GLOBAL,S2D5,PWRHYDKENXX01,HYDKENXX,2040,0.596290909561344
GLOBAL,S2D5,PWRHYDKENXX01,HYDKENXX,2041,0.596290909561344
GLOBAL,S2D5,PWRHYDKENXX01,HYDKENXX,2042,0.596290909561344
GLOBAL,S2D5,PWRHYDKENXX01,HYDKENXX,2043,0.596290909561344
GLOBAL,S2D5,PWRHYDKENXX01,HYDKENXX,2044,0.596290909561344
GLOBAL,S2D5,PWRHYDKENXX01,HYDKENXX,2045,0.596290909561344
GLOBAL,S2D5,PWRHYDKENXX01,HYDKENXX,2046,0.596290909561344
GLOBAL,S2D5,PWRHYDKENXX01,HYDKENXX,2047,0.596290909561344
GLOBAL,S2D5,PWRHYDKENXX01,HYDKENXX,2048,0.596290909561344
GLOBAL,S2D5,PWRHYDKENXX01,HYDKENXX,2049,0.596290909561344
GLOBAL,S2D5,PWRHYDKENXX01,HYDKENXX,2050,0.596290909561344
GLOBAL,S2D5,PWRHYDTZAXX01,HYDTZAXX,2021,0.2992762678752
GLOBAL,S2D5,PWRHYDTZAXX01,HYDTZAXX,2022,0.2992762678752
GLOBAL,S2D5,PWRHYDTZAXX01,HYDTZAXX,2023,0.2992762678752
GLOBAL,S2D5,PWRHYDTZAXX01,HYDTZAXX,2024,0.2992762678752
GLOBAL,S2D5,PWRHYDTZAXX01,HYDTZAXX,2025,0.2992762678752
GLOBAL,S2D5,PWRHYDTZAXX01,HYDTZAXX,2026,0.2992762678752
GLOBAL,S2D5,PWRHYDTZAXX01,HYDTZAXX,2027,0.2992762678752
GLOBAL,S2D5,PWRHYDTZAXX01,HYDTZAXX,2028,0.2992762678752
GLOBAL,S2D5,PWRHYDTZAXX01,HYDTZAXX,2029,0.2992762678752
GLOBAL,S2D5,PWRHYDTZAXX01,HYDTZAXX,2030,0.2992762678752
GLOBAL,S2D5,PWRHYDTZAXX01,HYDTZAXX,2031,0.2992762678752
GLOBAL,S2D5,PWRHYDTZAXX01,HYDTZAXX,2032,0.2992762678752
GLOBAL,S2D5,PWRHYDTZAXX01,HYDTZAXX,2033,0.2992762678752
GLOBAL,S2D5,PWRHYDTZAXX01,HYDTZAXX,2034,0.2992762678752
GLOBAL,S2D5,PWRHYDTZAXX01,HYDTZAXX,2035,0.2992762678752
GLOBAL,S2D5,PWRHYDTZAXX01,HYDTZAXX,2036,0.2992762678752
GLOBAL,S2D5,PWRHYDTZAXX01,HYDTZAXX,2037,0.2992762678752
GLOBAL,S2D5,PWRHYDTZAXX01,HYDTZAXX,2038,0.2992762678752
GLOBAL,S2D5,PWRHYDTZAXX01,HYDTZAXX,2039,0.2992762678752
GLOBAL,S2D5,PWRHYDTZAXX01,HYDTZAXX,2040,0.2992762678752
GLOBAL,S2D5,PWRHYDTZAXX01,HYDTZAXX,2041,0.2992762678752
GLOBAL,S2D5,PWRHYDTZAXX01,HYDTZAXX,2042,0.2992762678752
GLOBAL,S2D5,PWRHYDTZAXX01,HYDTZAXX,2043,0.2992762678752
GLOBAL,S2D5,PWRHYDTZAXX01,HYDTZAXX,2044,0.2992762678752
GLOBAL,S2D5,PWRHYDTZAXX01,HYDTZAXX,2045,0.2992762678752
GLOBAL,S2D5,PWRHYDTZAXX01,HYDTZAXX,2046,0.2992762678752
GLOBAL,S2D5,PWRHYDTZAXX01,HYDTZAXX,2047,0.2992762678752
GLOBAL,S2D5,PWRHYDTZAXX01,HYDTZAXX,2048,0.2992762678752
GLOBAL,S2D5,PWRHYDTZAXX01,HYDTZAXX,2049,0.2992762678752
GLOBAL,S2D5,PWRHYDTZAXX01,HYDTZAXX,2050,0.2992762678752
GLOBAL,S2D5,PWROCGTZAXX00,GASINT,2031,0.311521248864
GLOBAL,S2D5,PWROCGTZAXX00,GASINT,2032,0.08918570551744937
GLOBAL,S2D5,PWROCGTZAXX00,GASINT,2033,0.11479697645986842
GLOBAL,S2D5,PWROCGTZAXX00,GASINT,2034,0.14035634036074318
GLOBAL,S2D5,PWROCGTZAXX00,GASINT,2036,0.13085488096418324
GLOBAL,S2D5,PWROCGTZAXX00,GASINT,2037,0.311521248864
GLOBAL,S2D5,PWROCGTZAXX01,GASINT,2031,0.3747370144614553
GLOBAL,S2D5,PWROCGTZAXX01,GASINT,2037,0.02294612660613324
GLOBAL,S2D5,PWRTRNKENXX,ELCKENXX01,2021,2.7600000000000002
GLOBAL,S2D5,PWRTRNKENXX,ELCKENXX01,2022,2.88
GLOBAL,S2D5,PWRTRNKENXX,ELCKENXX01,2023,2.8502177718711934
GLOBAL,S2D5,PWRTRNKENXX,ELCKENXX01,2024,2.9419319568315023
GLOBAL,S2D5,PWRTRNKENXX,ELCKENXX01,2025,3.0258
GLOBAL,S2D5,PWRTRNKENXX,ELCKENXX01,2026,3.281959129204055
GLOBAL,S2D5,PWRTRNKENXX,ELCKENXX01,2027,3.556290979218473
GLOBAL,S2D5,PWRTRNKENXX,ELCKENXX01,2028,3.829706266067214
GLOBAL,S2D5,PWRTRNKENXX,ELCKENXX01,2029,4.103763372838134
GLOBAL,S2D5,PWRTRNKENXX,ELCKENXX01,2030,4.377127144518875
GLOBAL,S2D5,PWRTRNKENXX,ELCKENXX01,2031,4.5984
GLOBAL,S2D5,PWRTRNKENXX,ELCKENXX01,2032,4.893
GLOBAL,S2D5,PWRTRNKENXX,ELCKENXX01,2033,5.187599999999998
GLOBAL,S2D5,PWRTRNKENXX,ELCKENXX01,2034,5.4822
GLOBAL,S2D5,PWRTRNKENXX,ELCKENXX01,2035,5.7762
GLOBAL,S2D5,PWRTRNKENXX,ELCKENXX01,2036,6.117
GLOBAL,S2D5,PWRTRNKENXX,ELCKENXX01,2037,6.4572
GLOBAL,S2D5,PWRTRNKENXX,ELCKENXX01,2038,6.797999999999999
GLOBAL,S2D5,PWRTRNKENXX,ELCKENXX01,2039,7.1382
GLOBAL,S2D5,PWRTRNKENXX,ELCKENXX01,2040,7.479
GLOBAL,S2D5,PWRTRNKENXX,ELCKENXX01,2041,7.902000000000001
GLOBAL,S2D5,PWRTRNKENXX,ELCKENXX01,2042,8.3244
GLOBAL,S2D5,PWRTRNKENXX,ELCKENXX01,2043,8.7474
GLOBAL,S2D5,PWRTRNKENXX,ELCKENXX01,2044,9.1704
GLOBAL,S2D5,PWRTRNKENXX,ELCKENXX01,2045,9.5934
GLOBAL,S2D5,PWRTRNKENXX,ELCKENXX01,2046,10.1238
GLOBAL,S2D5,PWRTRNKENXX,ELCKENXX01,2047,10.6548
GLOBAL,S2D5,PWRTRNKENXX,ELCKENXX01,2048,11.1852
GLOBAL,S2D5,PWRTRNKENXX,ELCKENXX01,2049,11.7156
GLOBAL,S2D5,PWRTRNKENXX,ELCKENXX01,2050,12.245999999999999
GLOBAL,S2D5,PWRTRNTZAXX,ELCTZAXX01,2021,1.9199999999999997
GLOBAL,S2D5,PWRTRNTZAXX,ELCTZAXX01,2022,2.130217771871193
GLOBAL,S2D5,PWRTRNTZAXX,ELCTZAXX01,2023,2.3999999999999995
GLOBAL,S2D5,PWRTRNTZAXX,ELCTZAXX01,2024,4.078799999999999
GLOBAL,S2D5,PWRTRNTZAXX,ELCTZAXX01,2025,4.374
GLOBAL,S2D5,PWRTRNTZAXX,ELCTZAXX01,2026,4.749
GLOBAL,S2D5,PWRTRNTZAXX,ELCTZAXX01,2027,5.1234
GLOBAL,S2D5,PWRTRNTZAXX,ELCTZAXX01,2028,5.498399999999999
GLOBAL,S2D5,PWRTRNTZAXX,ELCTZAXX01,2029,5.873400000000001
GLOBAL,S2D5,PWRTRNTZAXX,ELCTZAXX01,2030,6.2484
GLOBAL,S2D5,PWRTRNTZAXX,ELCTZAXX01,2031,6.859967932654519
GLOBAL,S2D5,PWRTRNTZAXX,ELCTZAXX01,2032,7.3086824658237814
GLOBAL,S2D5,PWRTRNTZAXX,ELCTZAXX01,2033,7.757396998993045
GLOBAL,S2D5,PWRTRNTZAXX,ELCTZAXX01,2034,8.205511532162307
GLOBAL,S2D5,PWRTRNTZAXX,ELCTZAXX01,2035,8.594739466298183
GLOBAL,S2D5,PWRTRNTZAXX,ELCTZAXX01,2036,9.487205849312234
GLOBAL,S2D5,PWRTRNTZAXX,ELCTZAXX01,2037,9.989492171127587
GLOBAL,S2D5,PWRTRNTZAXX,ELCTZAXX01,2038,10.303088880857354
GLOBAL,S2D5,PWRTRNTZAXX,ELCTZAXX01,2039,10.787798641091898
GLOBAL,S2D5,PWRTRNTZAXX,ELCTZAXX01,2040,11.272508401326446
GLOBAL,S2D5,PWRTRNTZAXX,ELCTZAXX01,2041,11.8452
GLOBAL,S2D5,PWRTRNTZAXX,ELCTZAXX01,2042,12.4818
GLOBAL,S2D5,PWRTRNTZAXX,ELCTZAXX01,2043,13.118400000000001
GLOBAL,S2D5,PWRTRNTZAXX,ELCTZAXX01,2044,13.7556
GLOBAL,S2D5,PWRTRNTZAXX,ELCTZAXX01,2045,14.392200000000003
GLOBAL,S2D5,PWRTRNTZAXX,ELCTZAXX01,2046,15.182399999999998
GLOBAL,S2D5,PWRTRNTZAXX,ELCTZAXX01,2047,15.972599999999998
GLOBAL,S2D5,PWRTRNTZAXX,ELCTZAXX01,2048,16.762800000000002
GLOBAL,S2D5,PWRTRNTZAXX,ELCTZAXX01,2049,17.5524
GLOBAL,S2D5,PWRTRNTZAXX,ELCTZAXX01,2050,18.3426
GLOBAL,S2D5,PWRWONKENXX01,WONKENXX,2021,0.10430328462477312
GLOBAL,S2D5,PWRWONKENXX01,WONKENXX,2022,0.12946182939648002
GLOBAL,S2D5,PWRWONKENXX01,WONKENXX,2023,0.08834983220351968
GLOBAL,S2D5,PWRWONKENXX01,WONKENXX,2024,0.11944394974080001
GLOBAL,S2D5,PWRWONKENXX01,WONKENXX,2025,0.11944394974080001
GLOBAL,S2D5,PWRWONKENXX01,WONKENXX,2026,0.11944394974080001
GLOBAL,S2D5,PWRWONKENXX01,WONKENXX,2027,0.11944394974080001
GLOBAL,S2D5,PWRWONKENXX01,WONKENXX,2028,0.11944394974080001
GLOBAL,S2D5,PWRWONKENXX01,WONKENXX,2029,0.11944394974080001
GLOBAL,S2D5,PWRWONKENXX01,WONKENXX,2030,0.11944394974080001
GLOBAL,S2D5,PWRWONKENXX01,WONKENXX,2031,0.11944394974080001
GLOBAL,S2D5,PWRWONKENXX01,WONKENXX,2032,0.11944394974080001
GLOBAL,S2D5,PWRWONKENXX01,WONKENXX,2033,0.11944394974080001
GLOBAL,S2D5,PWRWONKENXX01,WONKENXX,2034,0.11944394974080001
GLOBAL,S2D5,PWRWONKENXX01,WONKENXX,2035,0.11944394974080001
GLOBAL,S2D5,PWRWONKENXX01,WONKENXX,2036,0.11944394974080001
GLOBAL,S2D5,PWRWONKENXX01,WONKENXX,2037,0.11944394974080001
GLOBAL,S2D5,PWRWONKENXX01,WONKENXX,2038,0.11944394974080001
GLOBAL,S2D5,PWRWONKENXX01,WONKENXX,2039,0.11944394974080001
GLOBAL,S2D5,PWRWONKENXX01,WONKENXX,2040,0.11944394974080001
GLOBAL,S2D5,PWRWONKENXX01,WONKENXX,2041,0.11944394974080001
GLOBAL,S2D5,PWRWONKENXX01,WONKENXX,2042,0.11944394974080001
GLOBAL,S2D5,PWRWONKENXX01,WONKENXX,2043,0.11944394974080001
GLOBAL,S2D5,PWRWONKENXX01,WONKENXX,2044,0.11944394974080001
GLOBAL,S2D5,PWRWONKENXX01,WONKENXX,2045,0.11944394974080001
GLOBAL,S2D5,PWRWONKENXX01,WONKENXX,2046,0.11944394974080001
GLOBAL,S2D5,PWRWONKENXX01,WONKENXX,2047,0.11944394974080001
GLOBAL,S2D5,TRNKENXXTZAXX,ELCKENXX02,2023,0.030217771871193667
GLOBAL,S2D5,TRNKENXXTZAXX,ELCKENXX02,2024,0.0019319568315023796
GLOBAL,S2D5,TRNKENXXTZAXX,ELCKENXX02,2026,0.0005591292040549821
GLOBAL,S2D5,TRNKENXXTZAXX,ELCKENXX02,2027,0.01929097921847367
GLOBAL,S2D5,TRNKENXXTZAXX,ELCKENXX02,2028,0.03710626606721368
GLOBAL,S2D5,TRNKENXXTZAXX,ELCKENXX02,2029,0.054963372838135335
GLOBAL,S2D5,TRNKENXXTZAXX,ELCKENXX02,2030,0.07272714451887463
GLOBAL,S2D5,TRNKENXXTZAXX,ELCTZAXX02,2022,0.030217771871193667
GLOBAL,S2D5,TRNKENXXTZAXX,ELCTZAXX02,2031,0.1585679326545193
GLOBAL,S2D5,TRNKENXXTZAXX,ELCTZAXX02,2032,0.1536824658237818
GLOBAL,S2D5,TRNKENXXTZAXX,ELCTZAXX02,2033,0.14879699899304524
GLOBAL,S2D5,TRNKENXXTZAXX,ELCTZAXX02,2034,0.14391153216230682
GLOBAL,S2D5,TRNKENXXTZAXX,ELCTZAXX02,2035,0.07953946629818276
GLOBAL,S2D5,TRNKENXXTZAXX,ELCTZAXX02,2036,0.4332058493122337
GLOBAL,S2D5,TRNKENXXTZAXX,ELCTZAXX02,2037,0.3972921711275877
GLOBAL,S2D5,TRNKENXXTZAXX,ELCTZAXX02,2038,0.17208888085735377
GLOBAL,S2D5,TRNKENXXTZAXX,ELCTZAXX02,2039,0.11799864109189782
GLOBAL,S2D5,TRNKENXXTZAXX,ELCTZAXX02,2040,0.06390840132644547
GLOBAL,S2D6,PWRBIOKENXX01,BIOKENXX,2021,0.50404871808
GLOBAL,S2D6,PWRBIOKENXX01,BIOKENXX,2024,1.4480822583645578
GLOBAL,S2D6,PWRBIOKENXX01,BIOKENXX,2037,0.49648284304348356
GLOBAL,S2D6,PWRBIOKENXX01,BIOKENXX,2038,7.757644956071014
GLOBAL,S2D6,PWRBIOKENXX01,BIOKENXX,2039,8.470044405887078
GLOBAL,S2D6,PWRBIOKENXX01,BIOKENXX,2040,9.183167730128257
GLOBAL,S2D6,PWRBIOKENXX01,BIOKENXX,2041,1.7258583211675345
GLOBAL,S2D6,PWRBIOKENXX01,BIOKENXX,2042,1.7905379164484831
GLOBAL,S2D6,PWRBIOKENXX01,BIOKENXX,2043,1.8553093861545344
GLOBAL,S2D6,PWRBIOKENXX01,BIOKENXX,2044,1.9200808558605913
GLOBAL,S2D6,PWRBIOKENXX01,BIOKENXX,2045,3.869131599780496
GLOBAL,S2D6,PWRBIOKENXX01,BIOKENXX,2046,3.9503485915821392
GLOBAL,S2D6,PWRBIOKENXX01,BIOKENXX,2047,13.378423189550517
GLOBAL,S2D6,PWRBIOKENXX01,BIOKENXX,2048,14.08392979486407
GLOBAL,S2D6,PWRBIOKENXX01,BIOKENXX,2049,14.723834786665703
GLOBAL,S2D6,PWRBIOKENXX01,BIOKENXX,2050,15.36373977846734
GLOBAL,S2D6,PWRBIOTZAXX01,BIOTZAXX,2025,1.8233957512220011
GLOBAL,S2D6,PWRBIOTZAXX01,BIOTZAXX,2030,4.416163794771074
GLOBAL,S2D6,PWRBIOTZAXX01,BIOTZAXX,2032,5.947568401416848
GLOBAL,S2D6,PWRBIOTZAXX01,BIOTZAXX,2033,6.296936353834129
GLOBAL,S2D6,PWRBIOTZAXX01,BIOTZAXX,2035,6.9952101317475455
GLOBAL,S2D6,PWRBIOTZAXX01,BIOTZAXX,2036,0.9324962155985255
GLOBAL,S2D6,PWRBIOTZAXX01,BIOTZAXX,2037,1.5166049094049356
GLOBAL,S2D6,PWRBIOTZAXX01,BIOTZAXX,2038,7.897593340186099
GLOBAL,S2D6,PWRBIOTZAXX01,BIOTZAXX,2039,8.294388001103062
GLOBAL,S2D6,PWRBIOTZAXX01,BIOTZAXX,2040,8.691182662020013
GLOBAL,S2D6,PWRBIOTZAXX01,BIOTZAXX,2041,1.2854492280790124
GLOBAL,S2D6,PWRBIOTZAXX01,BIOTZAXX,2042,1.2604568406128713
GLOBAL,S2D6,PWRBIOTZAXX01,BIOTZAXX,2043,1.235464453146751
GLOBAL,S2D6,PWRBIOTZAXX01,BIOTZAXX,2044,10.566899071365777
GLOBAL,S2D6,PWRBIOTZAXX01,BIOTZAXX,2045,11.035717707482586
GLOBAL,S2D6,PWRBIOTZAXX01,BIOTZAXX,2046,11.617653752502259
GLOBAL,S2D6,PWRBIOTZAXX01,BIOTZAXX,2047,12.199589797521877
GLOBAL,S2D6,PWRBIOTZAXX01,BIOTZAXX,2048,12.78152584254153
GLOBAL,S2D6,PWRBIOTZAXX01,BIOTZAXX,2049,13.363020022682631
GLOBAL,S2D6,PWRBIOTZAXX01,BIOTZAXX,2050,13.944956067702254
GLOBAL,S2D6,PWRGEOKENXX01,GEOKENXX,2021,0.9242500723426962
GLOBAL,S2D6,PWRGEOKENXX01,GEOKENXX,2022,1.1637591603426962
GLOBAL,S2D6,PWRGEOKENXX01,GEOKENXX,2023,1.1830953815444096
GLOBAL,S2D6,PWRGEOKENXX01,GEOKENXX,2024,1.2233815798327234
GLOBAL,S2D6,PWRGEOKENXX01,GEOKENXX,2025,1.3002014742562558
GLOBAL,S2D6,PWRGEOKENXX01,GEOKENXX,2026,1.470601474256256
GLOBAL,S2D6,PWRGEOKENXX01,GEOKENXX,2027,1.694700332440382
GLOBAL,S2D6,PWRGEOKENXX01,GEOKENXX,2028,1.8114014742562559
GLOBAL,S2D6,PWRGEOKENXX01,GEOKENXX,2029,1.9822014742562555
GLOBAL,S2D6,PWRGEOKENXX01,GEOKENXX,2030,2.2123945745624383
GLOBAL,S2D6,PWRGEOKENXX01,GEOKENXX,2031,2.741548942561021
GLOBAL,S2D6,PWRGEOKENXX01,GEOKENXX,2032,2.5450014742562557
GLOBAL,S2D6,PWRGEOKENXX01,GEOKENXX,2033,2.7414014742562567
GLOBAL,S2D6,PWRGEOKENXX01,GEOKENXX,2034,2.937801474256256
GLOBAL,S2D6,PWRGEOKENXX01,GEOKENXX,2035,3.1338014742562557
GLOBAL,S2D6,PWRGEOKENXX01,GEOKENXX,2036,3.3610014742562564
GLOBAL,S2D6,PWRGEOKENXX01,GEOKENXX,2037,3.4306866505083184
GLOBAL,S2D6,PWRGEOKENXX01,GEOKENXX,2038,1.4807581549731448
GLOBAL,S2D6,PWRGEOKENXX01,GEOKENXX,2039,1.80004165973066
GLOBAL,S2D6,PWRGEOKENXX01,GEOKENXX,2040,1.362935736873896
GLOBAL,S2D6,PWRGEOKENXX01,GEOKENXX,2041,4.004843777684251
GLOBAL,S2D6,PWRGEOKENXX01,GEOKENXX,2042,4.26597555132952
GLOBAL,S2D6,PWRGEOKENXX01,GEOKENXX,2043,4.527478250789631
GLOBAL,S2D6,PWRGEOKENXX01,GEOKENXX,2044,4.78898095024974
GLOBAL,S2D6,PWRGEOKENXX01,GEOKENXX,2045,5.050483649709848
GLOBAL,S2D6,PWRGEOKENXX01,GEOKENXX,2046,5.378382070025784
GLOBAL,S2D6,PWRGEOKENXX01,GEOKENXX,2047,2.152523249714954
GLOBAL,S2D6,PWRGEOKENXX01,GEOKENXX,2048,2.842203266743127
GLOBAL,S2D6,PWRGEOKENXX01,GEOKENXX,2049,2.554667702253306
GLOBAL,S2D6,PWRGEOKENXX01,GEOKENXX,2050,2.705766122569244
GLOBAL,S2D6,PWRGEOTZAXX01,GEOTZAXX,2021,1.0109415039959937
GLOBAL,S2D6,PWRGEOTZAXX01,GEOTZAXX,2022,1.1309415039959934
GLOBAL,S2D6,PWRGEOTZAXX01,GEOTZAXX,2023,1.2716052827942803
GLOBAL,S2D6,PWRGEOTZAXX01,GEOTZAXX,2024,2.4199237321247997
GLOBAL,S2D6,PWRGEOTZAXX01,GEOTZAXX,2025,2.069157440466541
GLOBAL,S2D6,PWRGEOTZAXX01,GEOTZAXX,2026,2.8667237321248
GLOBAL,S2D6,PWRGEOTZAXX01,GEOTZAXX,2027,3.3249394368493
GLOBAL,S2D6,PWRGEOTZAXX01,GEOTZAXX,2028,3.3663237321248
GLOBAL,S2D6,PWRGEOTZAXX01,GEOTZAXX,2029,3.6163237321248
GLOBAL,S2D6,PWRGEOTZAXX01,GEOTZAXX,2030,2.540148418379733
GLOBAL,S2D6,PWRGEOTZAXX01,GEOTZAXX,2031,4.168323732124801
GLOBAL,S2D6,PWRGEOTZAXX01,GEOTZAXX,2032,2.6846671551227437
GLOBAL,S2D6,PWRGEOTZAXX01,GEOTZAXX,2033,2.882151854096533
GLOBAL,S2D6,PWRGEOTZAXX01,GEOTZAXX,2034,5.0751237321247995
GLOBAL,S2D6,PWRGEOTZAXX01,GEOTZAXX,2035,3.2768600288973087
GLOBAL,S2D6,PWRGEOTZAXX01,GEOTZAXX,2036,5.75597110642687
GLOBAL,S2D6,PWRGEOTZAXX01,GEOTZAXX,2037,5.939363090268789
GLOBAL,S2D6,PWRGEOTZAXX01,GEOTZAXX,2038,4.382350348292462
GLOBAL,S2D6,PWRGEOTZAXX01,GEOTZAXX,2039,4.323116524586342
GLOBAL,S2D6,PWRGEOTZAXX01,GEOTZAXX,2040,4.862435236630628
GLOBAL,S2D6,PWRGEOTZAXX01,GEOTZAXX,2041,7.510779210787083
GLOBAL,S2D6,PWRGEOTZAXX01,GEOTZAXX,2042,7.942684432248386
GLOBAL,S2D6,PWRGEOTZAXX01,GEOTZAXX,2043,8.374589653709684
GLOBAL,S2D6,PWRGEOTZAXX01,GEOTZAXX,2044,5.997157035625893
GLOBAL,S2D6,PWRGEOTZAXX01,GEOTZAXX,2045,5.981494390538437
GLOBAL,S2D6,PWRGEOTZAXX01,GEOTZAXX,2046,6.3335388214634625
GLOBAL,S2D6,PWRGEOTZAXX01,GEOTZAXX,2047,6.984859520263701
GLOBAL,S2D6,PWRGEOTZAXX01,GEOTZAXX,2048,7.336903951188729
GLOBAL,S2D6,PWRGEOTZAXX01,GEOTZAXX,2049,7.68868107426948
GLOBAL,S2D6,PWRGEOTZAXX01,GEOTZAXX,2050,8.04072550519452
GLOBAL,S2D6,PWRHYDKENXX01,HYDKENXX,2021,0.596290909561344
GLOBAL,S2D6,PWRHYDKENXX01,HYDKENXX,2022,0.596290909561344
GLOBAL,S2D6,PWRHYDKENXX01,HYDKENXX,2023,0.596290909561344
GLOBAL,S2D6,PWRHYDKENXX01,HYDKENXX,2024,0.1576569247555859
GLOBAL,S2D6,PWRHYDKENXX01,HYDKENXX,2025,0.596290909561344
GLOBAL,S2D6,PWRHYDKENXX01,HYDKENXX,2026,0.596290909561344
GLOBAL,S2D6,PWRHYDKENXX01,HYDKENXX,2027,0.596290909561344
GLOBAL,S2D6,PWRHYDKENXX01,HYDKENXX,2028,0.596290909561344
GLOBAL,S2D6,PWRHYDKENXX01,HYDKENXX,2029,0.596290909561344
GLOBAL,S2D6,PWRHYDKENXX01,HYDKENXX,2030,0.596290909561344
GLOBAL,S2D6,PWRHYDKENXX01,HYDKENXX,2031,0.20334344125657866
GLOBAL,S2D6,PWRHYDKENXX01,HYDKENXX,2032,0.596290909561344
GLOBAL,S2D6,PWRHYDKENXX01,HYDKENXX,2033,0.596290909561344
GLOBAL,S2D6,PWRHYDKENXX01,HYDKENXX,2034,0.596290909561344
GLOBAL,S2D6,PWRHYDKENXX01,HYDKENXX,2035,0.596290909561344
GLOBAL,S2D6,PWRHYDKENXX01,HYDKENXX,2036,0.596290909561344
GLOBAL,S2D6,PWRHYDKENXX01,HYDKENXX,2037,0.596290909561344
GLOBAL,S2D6,PWRHYDKENXX01,HYDKENXX,2038,0.596290909561344
GLOBAL,S2D6,PWRHYDKENXX01,HYDKENXX,2039,0.1576569247555859
GLOBAL,S2D6,PWRHYDKENXX01,HYDKENXX,2040,0.596290909561344
GLOBAL,S2D6,PWRHYDKENXX01,HYDKENXX,2041,0.596290909561344
GLOBAL,S2D6,PWRHYDKENXX01,HYDKENXX,2042,0.596290909561344
GLOBAL,S2D6,PWRHYDKENXX01,HYDKENXX,2043,0.596290909561344
GLOBAL,S2D6,PWRHYDKENXX01,HYDKENXX,2044,0.596290909561344
GLOBAL,S2D6,PWRHYDKENXX01,HYDKENXX,2047,0.596290909561344
GLOBAL,S2D6,PWRHYDKENXX01,HYDKENXX,2048,0.1576569247555859
GLOBAL,S2D6,PWRHYDKENXX01,HYDKENXX,2049,0.596290909561344
GLOBAL,S2D6,PWRHYDKENXX01,HYDKENXX,2050,0.596290909561344
GLOBAL,S2D6,PWRHYDTZAXX01,HYDTZAXX,2021,0.2992762678752
GLOBAL,S2D6,PWRHYDTZAXX01,HYDTZAXX,2022,0.2992762678752
GLOBAL,S2D6,PWRHYDTZAXX01,HYDTZAXX,2023,0.2992762678752
GLOBAL,S2D6,PWRHYDTZAXX01,HYDTZAXX,2024,0.2992762678752
GLOBAL,S2D6,PWRHYDTZAXX01,HYDTZAXX,2025,0.2992762678752
GLOBAL,S2D6,PWRHYDTZAXX01,HYDTZAXX,2026,0.2992762678752
GLOBAL,S2D6,PWRHYDTZAXX01,HYDTZAXX,2027,0.09066056315070048
GLOBAL,S2D6,PWRHYDTZAXX01,HYDTZAXX,2028,0.2992762678752
GLOBAL,S2D6,PWRHYDTZAXX01,HYDTZAXX,2029,0.2992762678752
GLOBAL,S2D6,PWRHYDTZAXX01,HYDTZAXX,2030,0.2992762678752
GLOBAL,S2D6,PWRHYDTZAXX01,HYDTZAXX,2031,0.2992762678752
GLOBAL,S2D6,PWRHYDTZAXX01,HYDTZAXX,2032,0.2992762678752
GLOBAL,S2D6,PWRHYDTZAXX01,HYDTZAXX,2033,0.2992762678752
GLOBAL,S2D6,PWRHYDTZAXX01,HYDTZAXX,2034,0.2992762678752
GLOBAL,S2D6,PWRHYDTZAXX01,HYDTZAXX,2035,0.2992762678752
GLOBAL,S2D6,PWRHYDTZAXX01,HYDTZAXX,2039,0.2992762678752
GLOBAL,S2D6,PWRHYDTZAXX01,HYDTZAXX,2045,0.2992762678752
GLOBAL,S2D6,PWRHYDTZAXX01,HYDTZAXX,2046,0.2992762678752
GLOBAL,S2D6,PWRTRNKENXX,ELCKENXX01,2021,1.8399999999999999
GLOBAL,S2D6,PWRTRNKENXX,ELCKENXX01,2022,1.9199999999999997
GLOBAL,S2D6,PWRTRNKENXX,ELCKENXX01,2023,1.9102177718711935
GLOBAL,S2D6,PWRTRNKENXX,ELCKENXX01,2024,1.96
GLOBAL,S2D6,PWRTRNKENXX,ELCKENXX01,2025,2.0172
GLOBAL,S2D6,PWRTRNKENXX,ELCKENXX01,2026,2.1876
GLOBAL,S2D6,PWRTRNKENXX,ELCKENXX01,2027,2.358
GLOBAL,S2D6,PWRTRNKENXX,ELCKENXX01,2028,2.5283999999999995
GLOBAL,S2D6,PWRTRNKENXX,ELCKENXX01,2029,2.6992
GLOBAL,S2D6,PWRTRNKENXX,ELCKENXX01,2030,2.8696
GLOBAL,S2D6,PWRTRNKENXX,ELCKENXX01,2031,3.0655999999999994
GLOBAL,S2D6,PWRTRNKENXX,ELCKENXX01,2032,3.262
GLOBAL,S2D6,PWRTRNKENXX,ELCKENXX01,2033,3.4584000000000006
GLOBAL,S2D6,PWRTRNKENXX,ELCKENXX01,2034,3.6548
GLOBAL,S2D6,PWRTRNKENXX,ELCKENXX01,2035,3.8508
GLOBAL,S2D6,PWRTRNKENXX,ELCKENXX01,2036,4.078
GLOBAL,S2D6,PWRTRNKENXX,ELCKENXX01,2037,4.3048
GLOBAL,S2D6,PWRTRNKENXX,ELCKENXX01,2038,4.532
GLOBAL,S2D6,PWRTRNKENXX,ELCKENXX01,2039,4.7588
GLOBAL,S2D6,PWRTRNKENXX,ELCKENXX01,2040,4.986
GLOBAL,S2D6,PWRTRNKENXX,ELCKENXX01,2041,5.267999999999998
GLOBAL,S2D6,PWRTRNKENXX,ELCKENXX01,2042,5.5496
GLOBAL,S2D6,PWRTRNKENXX,ELCKENXX01,2043,5.8316
GLOBAL,S2D6,PWRTRNKENXX,ELCKENXX01,2044,6.1136
GLOBAL,S2D6,PWRTRNKENXX,ELCKENXX01,2045,6.3956
GLOBAL,S2D6,PWRTRNKENXX,ELCKENXX01,2046,6.749200000000001
GLOBAL,S2D6,PWRTRNKENXX,ELCKENXX01,2047,7.103200000000001
GLOBAL,S2D6,PWRTRNKENXX,ELCKENXX01,2048,7.456800000000001
GLOBAL,S2D6,PWRTRNKENXX,ELCKENXX01,2049,7.8104
GLOBAL,S2D6,PWRTRNKENXX,ELCKENXX01,2050,8.164
GLOBAL,S2D6,PWRTRNTZAXX,ELCTZAXX01,2021,1.3102177718711936
GLOBAL,S2D6,PWRTRNTZAXX,ELCTZAXX01,2022,1.4302177718711933
GLOBAL,S2D6,PWRTRNTZAXX,ELCTZAXX01,2023,1.6000000000000003
GLOBAL,S2D6,PWRTRNTZAXX,ELCTZAXX01,2024,2.7192
GLOBAL,S2D6,PWRTRNTZAXX,ELCTZAXX01,2025,2.916
GLOBAL,S2D6,PWRTRNTZAXX,ELCTZAXX01,2026,3.166
GLOBAL,S2D6,PWRTRNTZAXX,ELCTZAXX01,2027,3.4156
GLOBAL,S2D6,PWRTRNTZAXX,ELCTZAXX01,2028,3.6656
GLOBAL,S2D6,PWRTRNTZAXX,ELCTZAXX01,2029,3.9155999999999995
GLOBAL,S2D6,PWRTRNTZAXX,ELCTZAXX01,2030,4.1656
GLOBAL,S2D6,PWRTRNTZAXX,ELCTZAXX01,2031,4.467599999999999
GLOBAL,S2D6,PWRTRNTZAXX,ELCTZAXX01,2032,4.77
GLOBAL,S2D6,PWRTRNTZAXX,ELCTZAXX01,2033,5.0724
GLOBAL,S2D6,PWRTRNTZAXX,ELCTZAXX01,2034,5.3744
GLOBAL,S2D6,PWRTRNTZAXX,ELCTZAXX01,2035,5.676800000000001
GLOBAL,S2D6,PWRTRNTZAXX,ELCTZAXX01,2036,6.036
GLOBAL,S2D6,PWRTRNTZAXX,ELCTZAXX01,2037,6.3948
GLOBAL,S2D6,PWRTRNTZAXX,ELCTZAXX01,2038,6.753999999999999
GLOBAL,S2D6,PWRTRNTZAXX,ELCTZAXX01,2039,7.1132
GLOBAL,S2D6,PWRTRNTZAXX,ELCTZAXX01,2040,7.4723999999999995
GLOBAL,S2D6,PWRTRNTZAXX,ELCTZAXX01,2041,7.8968
GLOBAL,S2D6,PWRTRNTZAXX,ELCTZAXX01,2042,8.3212
GLOBAL,S2D6,PWRTRNTZAXX,ELCTZAXX01,2043,8.7456
GLOBAL,S2D6,PWRTRNTZAXX,ELCTZAXX01,2044,9.1704
GLOBAL,S2D6,PWRTRNTZAXX,ELCTZAXX01,2045,9.5948
GLOBAL,S2D6,PWRTRNTZAXX,ELCTZAXX01,2046,10.1216
GLOBAL,S2D6,PWRTRNTZAXX,ELCTZAXX01,2047,10.648399999999999
GLOBAL,S2D6,PWRTRNTZAXX,ELCTZAXX01,2048,11.175200000000002
GLOBAL,S2D6,PWRTRNTZAXX,ELCTZAXX01,2049,11.701599999999997
GLOBAL,S2D6,PWRTRNTZAXX,ELCTZAXX01,2050,12.2284
GLOBAL,S2D6,PWRWONKENXX01,WONKENXX,2021,0.13083148076544
GLOBAL,S2D6,PWRWONKENXX01,WONKENXX,2022,0.13083148076544
GLOBAL,S2D6,PWRWONKENXX01,WONKENXX,2023,0.13083148076544
GLOBAL,S2D6,PWRWONKENXX01,WONKENXX,2024,0.1207076161824
GLOBAL,S2D6,PWRWONKENXX01,WONKENXX,2025,0.1207076161824
GLOBAL,S2D6,PWRWONKENXX01,WONKENXX,2026,0.1207076161824
GLOBAL,S2D6,PWRWONKENXX01,WONKENXX,2027,0.0670087579982741
GLOBAL,S2D6,PWRWONKENXX01,WONKENXX,2028,0.1207076161824
GLOBAL,S2D6,PWRWONKENXX01,WONKENXX,2029,0.1207076161824
GLOBAL,S2D6,PWRWONKENXX01,WONKENXX,2030,0.06091451587621772
GLOBAL,S2D6,PWRWONKENXX01,WONKENXX,2031,0.1207076161824
GLOBAL,S2D6,PWRWONKENXX01,WONKENXX,2032,0.1207076161824
GLOBAL,S2D6,PWRWONKENXX01,WONKENXX,2033,0.1207076161824
GLOBAL,S2D6,PWRWONKENXX01,WONKENXX,2034,0.1207076161824
GLOBAL,S2D6,PWRWONKENXX01,WONKENXX,2035,0.1207076161824
GLOBAL,S2D6,PWRWONKENXX01,WONKENXX,2036,0.1207076161824
GLOBAL,S2D6,PWRWONKENXX01,WONKENXX,2037,0.1207076161824
GLOBAL,S2D6,PWRWONKENXX01,WONKENXX,2039,0.1207076161824
GLOBAL,S2D6,PWRWONKENXX01,WONKENXX,2040,0.1207076161824
GLOBAL,S2D6,PWRWONKENXX01,WONKENXX,2041,0.1207076161824
GLOBAL,S2D6,PWRWONKENXX01,WONKENXX,2042,0.1207076161824
GLOBAL,S2D6,PWRWONKENXX01,WONKENXX,2043,0.1207076161824
GLOBAL,S2D6,PWRWONKENXX01,WONKENXX,2044,0.1207076161824
GLOBAL,S2D6,PWRWONKENXX01,WONKENXX,2045,0.1207076161824
GLOBAL,S2D6,PWRWONKENXX01,WONKENXX,2046,0.1207076161824
GLOBAL,S2D6,PWRWONKENXX01,WONKENXX,2047,0.1207076161824
GLOBAL,S2D6,TRNKENXXTZAXX,ELCKENXX02,2023,0.030217771871193667
GLOBAL,S2D6,TRNKENXXTZAXX,ELCTZAXX02,2021,0.030217771871193667
GLOBAL,S2D6,TRNKENXXTZAXX,ELCTZAXX02,2022,0.030217771871193667
GLOBAL,S3D1,PWRBIOKENXX01,BIOKENXX,2023,0.4995642988799999
GLOBAL,S3D1,PWRBIOKENXX01,BIOKENXX,2030,2.8808445983543938
GLOBAL,S3D1,PWRBIOKENXX01,BIOKENXX,2032,0.18841948918926305
GLOBAL,S3D1,PWRBIOKENXX01,BIOKENXX,2033,3.9900356556395016
GLOBAL,S3D1,PWRBIOKENXX01,BIOKENXX,2034,0.5978878189781418
GLOBAL,S3D1,PWRBIOKENXX01,BIOKENXX,2035,0.4945210579847095
GLOBAL,S3D1,PWRBIOKENXX01,BIOKENXX,2036,3.467291619116887
GLOBAL,S3D1,PWRBIOKENXX01,BIOKENXX,2037,4.284057646592736
GLOBAL,S3D1,PWRBIOKENXX01,BIOKENXX,2038,2.45387643776564
GLOBAL,S3D1,PWRBIOKENXX01,BIOKENXX,2039,5.2746932290786415
GLOBAL,S3D1,PWRBIOKENXX01,BIOKENXX,2040,3.0200515193362305
GLOBAL,S3D1,PWRBIOKENXX01,BIOKENXX,2041,3.365647456447901
GLOBAL,S3D1,PWRBIOKENXX01,BIOKENXX,2042,3.550254302419942
GLOBAL,S3D1,PWRBIOKENXX01,BIOKENXX,2043,3.7351233740254557
GLOBAL,S3D1,PWRBIOKENXX01,BIOKENXX,2044,3.923512685630971
GLOBAL,S3D1,PWRBIOKENXX01,BIOKENXX,2045,4.10838175723649
GLOBAL,S3D1,PWRBIOKENXX01,BIOKENXX,2046,4.340189217235472
GLOBAL,S3D1,PWRBIOKENXX01,BIOKENXX,2047,4.572698932867931
GLOBAL,S3D1,PWRBIOKENXX01,BIOKENXX,2048,4.800523431026304
GLOBAL,S3D1,PWRBIOKENXX01,BIOKENXX,2049,5.032330891025266
GLOBAL,S3D1,PWRBIOKENXX01,BIOKENXX,2050,5.264138351024249
GLOBAL,S3D1,PWRBIOTZAXX01,BIOTZAXX,2027,2.7755445157608993
GLOBAL,S3D1,PWRBIOTZAXX01,BIOTZAXX,2028,2.8968289293298968
GLOBAL,S3D1,PWRBIOTZAXX01,BIOTZAXX,2030,4.376874081294462
GLOBAL,S3D1,PWRBIOTZAXX01,BIOTZAXX,2031,4.376874081294462
GLOBAL,S3D1,PWRBIOTZAXX01,BIOTZAXX,2032,3.0821218902566305
GLOBAL,S3D1,PWRBIOTZAXX01,BIOTZAXX,2033,3.1675301504077913
GLOBAL,S3D1,PWRBIOTZAXX01,BIOTZAXX,2034,6.58671546954974
GLOBAL,S3D1,PWRBIOTZAXX01,BIOTZAXX,2035,3.3382336968210473
GLOBAL,S3D1,PWRBIOTZAXX01,BIOTZAXX,2036,2.9905642840014943
GLOBAL,S3D1,PWRBIOTZAXX01,BIOTZAXX,2037,3.7697083762379053
GLOBAL,S3D1,PWRBIOTZAXX01,BIOTZAXX,2038,3.807763890827222
GLOBAL,S3D1,PWRBIOTZAXX01,BIOTZAXX,2039,3.987254561876036
GLOBAL,S3D1,PWRBIOTZAXX01,BIOTZAXX,2040,4.166745232924838
GLOBAL,S3D1,PWRBIOTZAXX01,BIOTZAXX,2041,9.078506624665858
GLOBAL,S3D1,PWRBIOTZAXX01,BIOTZAXX,2042,4.590886885447742
GLOBAL,S3D1,PWRBIOTZAXX01,BIOTZAXX,2043,10.007801928285303
GLOBAL,S3D1,PWRBIOTZAXX01,BIOTZAXX,2044,5.015228416223491
GLOBAL,S3D1,PWRBIOTZAXX01,BIOTZAXX,2045,5.227299242484944
GLOBAL,S3D1,PWRBIOTZAXX01,BIOTZAXX,2046,5.490538901473047
GLOBAL,S3D1,PWRBIOTZAXX01,BIOTZAXX,2047,5.753778560461096
GLOBAL,S3D1,PWRBIOTZAXX01,BIOTZAXX,2048,6.017018219449174
GLOBAL,S3D1,PWRBIOTZAXX01,BIOTZAXX,2049,6.280058000184396
GLOBAL,S3D1,PWRBIOTZAXX01,BIOTZAXX,2050,6.543297659172446
GLOBAL,S3D1,PWRGEOKENXX01,GEOKENXX,2021,1.6440600321351528
GLOBAL,S3D1,PWRGEOKENXX01,GEOKENXX,2022,1.4453953042570484
GLOBAL,S3D1,PWRGEOKENXX01,GEOKENXX,2023,1.2933909945749034
GLOBAL,S3D1,PWRGEOKENXX01,GEOKENXX,2024,1.5306833333714243
GLOBAL,S3D1,PWRGEOKENXX01,GEOKENXX,2025,1.7056033898433824
GLOBAL,S3D1,PWRGEOKENXX01,GEOKENXX,2026,1.6992762585199843
GLOBAL,S3D1,PWRGEOKENXX01,GEOKENXX,2027,1.9027497477225332
GLOBAL,S3D1,PWRGEOKENXX01,GEOKENXX,2028,2.3433775173688125
GLOBAL,S3D1,PWRGEOKENXX01,GEOKENXX,2029,2.3071303648068873
GLOBAL,S3D1,PWRGEOKENXX01,GEOKENXX,2030,2.4016276728928703
GLOBAL,S3D1,PWRGEOKENXX01,GEOKENXX,2031,2.6478750827087287
GLOBAL,S3D1,PWRGEOKENXX01,GEOKENXX,2032,2.815560263750383
GLOBAL,S3D1,PWRGEOKENXX01,GEOKENXX,2033,2.6435061429197186
GLOBAL,S3D1,PWRGEOKENXX01,GEOKENXX,2034,3.2371504251740926
GLOBAL,S3D1,PWRGEOKENXX01,GEOKENXX,2035,3.4001645272831555
GLOBAL,S3D1,PWRGEOKENXX01,GEOKENXX,2036,3.4001645272831555
GLOBAL,S3D1,PWRGEOKENXX01,GEOKENXX,2037,2.594625949951689
GLOBAL,S3D1,PWRGEOKENXX01,GEOKENXX,2038,3.429742879801324
GLOBAL,S3D1,PWRGEOKENXX01,GEOKENXX,2039,3.5951377590685074
GLOBAL,S3D1,PWRGEOKENXX01,GEOKENXX,2040,3.760900264098797
GLOBAL,S3D1,PWRGEOKENXX01,GEOKENXX,2041,3.9692134949646403
GLOBAL,S3D1,PWRGEOKENXX01,GEOKENXX,2042,4.228022032189578
GLOBAL,S3D1,PWRGEOKENXX01,GEOKENXX,2043,4.487198195177624
GLOBAL,S3D1,PWRGEOKENXX01,GEOKENXX,2044,4.746374358165667
GLOBAL,S3D1,PWRGEOKENXX01,GEOKENXX,2045,5.005550521153711
GLOBAL,S3D1,PWRGEOKENXX01,GEOKENXX,2046,5.330531695737298
GLOBAL,S3D1,PWRGEOKENXX01,GEOKENXX,2047,5.654627246083989
GLOBAL,S3D1,PWRGEOKENXX01,GEOKENXX,2048,6.077414395087395
GLOBAL,S3D1,PWRGEOKENXX01,GEOKENXX,2049,6.402395569670987
GLOBAL,S3D1,PWRGEOKENXX01,GEOKENXX,2050,6.727376744254574
GLOBAL,S3D1,PWRGEOTZAXX01,GEOTZAXX,2021,1.2389313114994795
GLOBAL,S3D1,PWRGEOTZAXX01,GEOTZAXX,2022,1.3889313114994795
GLOBAL,S3D1,PWRGEOTZAXX01,GEOTZAXX,2023,1.580122992621625
GLOBAL,S3D1,PWRGEOTZAXX01,GEOTZAXX,2024,3.0079823810150397
GLOBAL,S3D1,PWRGEOTZAXX01,GEOTZAXX,2025,3.25398238101504
GLOBAL,S3D1,PWRGEOTZAXX01,GEOTZAXX,2026,3.421936954354874
GLOBAL,S3D1,PWRGEOTZAXX01,GEOTZAXX,2027,2.889044481014324
GLOBAL,S3D1,PWRGEOTZAXX01,GEOTZAXX,2028,3.1537088512227474
GLOBAL,S3D1,PWRGEOTZAXX01,GEOTZAXX,2029,4.324713564644052
GLOBAL,S3D1,PWRGEOTZAXX01,GEOTZAXX,2030,3.3114230796796646
GLOBAL,S3D1,PWRGEOTZAXX01,GEOTZAXX,2031,3.57314977174383
GLOBAL,S3D1,PWRGEOTZAXX01,GEOTZAXX,2032,4.710272511427572
GLOBAL,S3D1,PWRGEOTZAXX01,GEOTZAXX,2033,5.041915034171703
GLOBAL,S3D1,PWRGEOTZAXX01,GEOTZAXX,2034,3.9809330793032287
GLOBAL,S3D1,PWRGEOTZAXX01,GEOTZAXX,2035,5.704761399074317
GLOBAL,S3D1,PWRGEOTZAXX01,GEOTZAXX,2036,5.704761399074317
GLOBAL,S3D1,PWRGEOTZAXX01,GEOTZAXX,2037,5.886521781636505
GLOBAL,S3D1,PWRGEOTZAXX01,GEOTZAXX,2038,6.291294762186515
GLOBAL,S3D1,PWRGEOTZAXX01,GEOTZAXX,2039,6.653594722778721
GLOBAL,S3D1,PWRGEOTZAXX01,GEOTZAXX,2040,7.015894683370929
GLOBAL,S3D1,PWRGEOTZAXX01,GEOTZAXX,2041,6.032638843555554
GLOBAL,S3D1,PWRGEOTZAXX01,GEOTZAXX,2042,7.8720199800041835
GLOBAL,S3D1,PWRGEOTZAXX01,GEOTZAXX,2043,6.737066347066725
GLOBAL,S3D1,PWRGEOTZAXX01,GEOTZAXX,2044,8.728548728709365
GLOBAL,S3D1,PWRGEOTZAXX01,GEOTZAXX,2045,9.156611377025992
GLOBAL,S3D1,PWRGEOTZAXX01,GEOTZAXX,2046,9.687957755756422
GLOBAL,S3D1,PWRGEOTZAXX01,GEOTZAXX,2047,10.219304134486869
GLOBAL,S3D1,PWRGEOTZAXX01,GEOTZAXX,2048,10.750650513217304
GLOBAL,S3D1,PWRGEOTZAXX01,GEOTZAXX,2049,11.281593439875817
GLOBAL,S3D1,PWRGEOTZAXX01,GEOTZAXX,2050,11.81293981860626
GLOBAL,S3D1,PWRHYDKENXX01,HYDKENXX,2021,0.5104579613888719
GLOBAL,S3D1,PWRHYDKENXX01,HYDKENXX,2022,0.803677368146976
GLOBAL,S3D1,PWRHYDKENXX01,HYDKENXX,2023,0.803677368146976
GLOBAL,S3D1,PWRHYDKENXX01,HYDKENXX,2024,0.803677368146976
GLOBAL,S3D1,PWRHYDKENXX01,HYDKENXX,2025,0.7002573116750176
GLOBAL,S3D1,PWRHYDKENXX01,HYDKENXX,2026,0.803677368146976
GLOBAL,S3D1,PWRHYDKENXX01,HYDKENXX,2027,0.803677368146976
GLOBAL,S3D1,PWRHYDKENXX01,HYDKENXX,2028,0.5645353552232466
GLOBAL,S3D1,PWRHYDKENXX01,HYDKENXX,2029,0.803677368146976
GLOBAL,S3D1,PWRHYDKENXX01,HYDKENXX,2031,0.803677368146976
GLOBAL,S3D1,PWRHYDKENXX01,HYDKENXX,2032,0.803677368146976
GLOBAL,S3D1,PWRHYDKENXX01,HYDKENXX,2034,0.803677368146976
GLOBAL,S3D1,PWRHYDKENXX01,HYDKENXX,2035,0.803677368146976
GLOBAL,S3D1,PWRHYDKENXX01,HYDKENXX,2037,0.803677368146976
GLOBAL,S3D1,PWRHYDKENXX01,HYDKENXX,2038,0.803677368146976
GLOBAL,S3D1,PWRHYDKENXX01,HYDKENXX,2040,0.803677368146976
GLOBAL,S3D1,PWRHYDKENXX01,HYDKENXX,2041,0.803677368146976
GLOBAL,S3D1,PWRHYDKENXX01,HYDKENXX,2042,0.803677368146976
GLOBAL,S3D1,PWRHYDKENXX01,HYDKENXX,2043,0.803677368146976
GLOBAL,S3D1,PWRHYDKENXX01,HYDKENXX,2044,0.803677368146976
GLOBAL,S3D1,PWRHYDKENXX01,HYDKENXX,2045,0.803677368146976
GLOBAL,S3D1,PWRHYDKENXX01,HYDKENXX,2046,0.803677368146976
GLOBAL,S3D1,PWRHYDKENXX01,HYDKENXX,2047,0.803677368146976
GLOBAL,S3D1,PWRHYDKENXX01,HYDKENXX,2048,0.803677368146976
GLOBAL,S3D1,PWRHYDKENXX01,HYDKENXX,2049,0.803677368146976
GLOBAL,S3D1,PWRHYDKENXX01,HYDKENXX,2050,0.803677368146976
GLOBAL,S3D1,PWRHYDTZAXX01,HYDTZAXX,2021,0.39101761898496
GLOBAL,S3D1,PWRHYDTZAXX01,HYDTZAXX,2022,0.39101761898496
GLOBAL,S3D1,PWRHYDTZAXX01,HYDTZAXX,2023,0.39101761898496
GLOBAL,S3D1,PWRHYDTZAXX01,HYDTZAXX,2024,0.39101761898496
GLOBAL,S3D1,PWRHYDTZAXX01,HYDTZAXX,2025,0.39101761898496
GLOBAL,S3D1,PWRHYDTZAXX01,HYDTZAXX,2026,0.39101761898496
GLOBAL,S3D1,PWRHYDTZAXX01,HYDTZAXX,2027,0.39101761898496
GLOBAL,S3D1,PWRHYDTZAXX01,HYDTZAXX,2028,0.39101761898496
GLOBAL,S3D1,PWRHYDTZAXX01,HYDTZAXX,2029,0.39101761898496
GLOBAL,S3D1,PWRHYDTZAXX01,HYDTZAXX,2030,0.39101761898496
GLOBAL,S3D1,PWRHYDTZAXX01,HYDTZAXX,2031,0.39101761898496
GLOBAL,S3D1,PWRHYDTZAXX01,HYDTZAXX,2034,0.39101761898496
GLOBAL,S3D1,PWRHYDTZAXX01,HYDTZAXX,2036,0.39101761898496
GLOBAL,S3D1,PWRHYDTZAXX01,HYDTZAXX,2037,0.39101761898496
GLOBAL,S3D1,PWRHYDTZAXX01,HYDTZAXX,2038,0.39101761898496
GLOBAL,S3D1,PWRHYDTZAXX01,HYDTZAXX,2039,0.39101761898496
GLOBAL,S3D1,PWRHYDTZAXX01,HYDTZAXX,2040,0.39101761898496
GLOBAL,S3D1,PWRHYDTZAXX01,HYDTZAXX,2041,0.39101761898496
GLOBAL,S3D1,PWRHYDTZAXX01,HYDTZAXX,2042,0.39101761898496
GLOBAL,S3D1,PWRHYDTZAXX01,HYDTZAXX,2043,0.39101761898496
GLOBAL,S3D1,PWRHYDTZAXX01,HYDTZAXX,2044,0.39101761898496
GLOBAL,S3D1,PWRHYDTZAXX01,HYDTZAXX,2045,0.39101761898496
GLOBAL,S3D1,PWRHYDTZAXX01,HYDTZAXX,2046,0.39101761898496
GLOBAL,S3D1,PWRHYDTZAXX01,HYDTZAXX,2047,0.39101761898496
GLOBAL,S3D1,PWRHYDTZAXX01,HYDTZAXX,2048,0.39101761898496
GLOBAL,S3D1,PWRHYDTZAXX01,HYDTZAXX,2049,0.39101761898496
GLOBAL,S3D1,PWRHYDTZAXX01,HYDTZAXX,2050,0.39101761898496
GLOBAL,S3D1,PWRSDSKENXX01,ELCKENXX01,2024,0.00105393312
GLOBAL,S3D1,PWRSDSKENXX01,ELCKENXX01,2025,0.00105393312
GLOBAL,S3D1,PWRSDSKENXX01,ELCKENXX01,2026,6.0066879999999984e-05
GLOBAL,S3D1,PWRSDSKENXX01,ELCKENXX01,2027,0.00105393312
GLOBAL,S3D1,PWRSDSKENXX01,ELCKENXX01,2028,6.0066879999999984e-05
GLOBAL,S3D1,PWRSDSKENXX01,ELCKENXX01,2037,0.001114
GLOBAL,S3D1,PWRSDSKENXX01,ELCKENXX01,2038,0.001114
GLOBAL,S3D1,PWRSDSKENXX01,ELCKENXX01,2044,0.001114
GLOBAL,S3D1,PWRSDSKENXX01,ELCKENXX01,2045,0.001114
GLOBAL,S3D1,PWRSDSKENXX01,ELCKENXX01,2046,0.001114
GLOBAL,S3D1,PWRSPVKENXX01,SPVKENXX,2021,0.011979706464
GLOBAL,S3D1,PWRSPVKENXX01,SPVKENXX,2022,0.017425027584
GLOBAL,S3D1,PWRSPVKENXX01,SPVKENXX,2023,0.020147688144
GLOBAL,S3D1,PWRSPVKENXX01,SPVKENXX,2024,0.020147688144
GLOBAL,S3D1,PWRSPVKENXX01,SPVKENXX,2025,0.020147688144
GLOBAL,S3D1,PWRSPVKENXX01,SPVKENXX,2026,0.13506089675543972
GLOBAL,S3D1,PWRSPVKENXX01,SPVKENXX,2027,0.14558127379289026
GLOBAL,S3D1,PWRSPVKENXX01,SPVKENXX,2028,0.1561016508303409
GLOBAL,S3D1,PWRSPVKENXX01,SPVKENXX,2029,0.1666467235885367
GLOBAL,S3D1,PWRSPVKENXX01,SPVKENXX,2030,0.17716710062598728
GLOBAL,S3D1,PWRSPVKENXX01,SPVKENXX,2031,0.28390200568669505
GLOBAL,S3D1,PWRSPVKENXX01,SPVKENXX,2032,0.3020904040155269
GLOBAL,S3D1,PWRSPVKENXX01,SPVKENXX,2033,0.3202788023443587
GLOBAL,S3D1,PWRSPVKENXX01,SPVKENXX,2034,0.3384672006731906
GLOBAL,S3D1,PWRSPVKENXX01,SPVKENXX,2035,0.35661855542090465
GLOBAL,S3D1,PWRSPVKENXX01,SPVKENXX,2036,0.5035457459944076
GLOBAL,S3D1,PWRSPVKENXX01,SPVKENXX,2037,0.5315506933194523
GLOBAL,S3D1,PWRSPVKENXX01,SPVKENXX,2038,0.5596050320859871
GLOBAL,S3D1,PWRSPVKENXX01,SPVKENXX,2039,0.5876099794110318
GLOBAL,S3D1,PWRSPVKENXX01,SPVKENXX,2040,0.6156643181775665
GLOBAL,S3D1,PWRSPVKENXX01,SPVKENXX,2041,0.6504852844282832
GLOBAL,S3D1,PWRSPVKENXX01,SPVKENXX,2042,0.6852568592375096
GLOBAL,S3D1,PWRSPVKENXX01,SPVKENXX,2043,0.7200778254882264
GLOBAL,S3D1,PWRSPVKENXX01,SPVKENXX,2044,0.754898791738943
GLOBAL,S3D1,PWRSPVKENXX01,SPVKENXX,2045,0.7897197579896599
GLOBAL,S3D1,PWRSPVKENXX01,SPVKENXX,2046,0.8333817922671544
GLOBAL,S3D1,PWRSPVKENXX01,SPVKENXX,2047,0.8770932179861393
GLOBAL,S3D1,PWRSPVKENXX01,SPVKENXX,2048,0.920755252263634
GLOBAL,S3D1,PWRSPVKENXX01,SPVKENXX,2049,0.9644172865411285
GLOBAL,S3D1,PWRSPVKENXX01,SPVKENXX,2050,1.0080793208186232
GLOBAL,S3D1,PWRSPVTZAXX01,SPVTZAXX,2026,0.14454542666016634
GLOBAL,S3D1,PWRSPVTZAXX01,SPVTZAXX,2027,0.1559410484208667
GLOBAL,S3D1,PWRSPVTZAXX01,SPVTZAXX,2028,0.16735493239592727
GLOBAL,S3D1,PWRSPVTZAXX01,SPVTZAXX,2029,0.17876881637098774
GLOBAL,S3D1,PWRSPVTZAXX01,SPVTZAXX,2030,0.1901827003460482
GLOBAL,S3D1,PWRSPVTZAXX01,SPVTZAXX,2031,0.3059560082818821
GLOBAL,S3D1,PWRSPVTZAXX01,SPVTZAXX,2032,0.32666535936623187
GLOBAL,S3D1,PWRSPVTZAXX01,SPVTZAXX,2033,0.3473747104505816
GLOBAL,S3D1,PWRSPVTZAXX01,SPVTZAXX,2034,0.3680566682133913
GLOBAL,S3D1,PWRSPVTZAXX01,SPVTZAXX,2035,0.3887660192977411
GLOBAL,S3D1,PWRSPVTZAXX01,SPVTZAXX,2036,0.5511536293877219
GLOBAL,S3D1,PWRSPVTZAXX01,SPVTZAXX,2037,0.5839160419497356
GLOBAL,S3D1,PWRSPVTZAXX01,SPVTZAXX,2038,0.6167149789404697
GLOBAL,S3D1,PWRSPVTZAXX01,SPVTZAXX,2039,0.6495139159312036
GLOBAL,S3D1,PWRSPVTZAXX01,SPVTZAXX,2040,0.6823128529219374
GLOBAL,S3D1,PWRSPVTZAXX01,SPVTZAXX,2041,0.7210652717940629
GLOBAL,S3D1,PWRSPVTZAXX01,SPVTZAXX,2042,0.7598176906661884
GLOBAL,S3D1,PWRSPVTZAXX01,SPVTZAXX,2043,0.7985701095383138
GLOBAL,S3D1,PWRSPVTZAXX01,SPVTZAXX,2044,0.8373590528391593
GLOBAL,S3D1,PWRSPVTZAXX01,SPVTZAXX,2045,0.8761114717112845
GLOBAL,S3D1,PWRSPVTZAXX01,SPVTZAXX,2046,0.9242141443357796
GLOBAL,S3D1,PWRSPVTZAXX01,SPVTZAXX,2047,0.9723168169602747
GLOBAL,S3D1,PWRSPVTZAXX01,SPVTZAXX,2048,1.02041948958477
GLOBAL,S3D1,PWRSPVTZAXX01,SPVTZAXX,2049,1.0684856377805447
GLOBAL,S3D1,PWRSPVTZAXX01,SPVTZAXX,2050,1.11658831040504
GLOBAL,S3D1,PWRTRNKENXX,ELCKENXX01,2021,2.3
GLOBAL,S3D1,PWRTRNKENXX,ELCKENXX01,2022,2.3999999999999995
GLOBAL,S3D1,PWRTRNKENXX,ELCKENXX01,2023,2.37994893048444
GLOBAL,S3D1,PWRTRNKENXX,ELCKENXX01,2024,2.45
GLOBAL,S3D1,PWRTRNKENXX,ELCKENXX01,2025,2.5215
GLOBAL,S3D1,PWRTRNKENXX,ELCKENXX01,2026,2.7345
GLOBAL,S3D1,PWRTRNKENXX,ELCKENXX01,2027,2.9475
GLOBAL,S3D1,PWRTRNKENXX,ELCKENXX01,2028,3.1605000000000003
GLOBAL,S3D1,PWRTRNKENXX,ELCKENXX01,2029,3.374
GLOBAL,S3D1,PWRTRNKENXX,ELCKENXX01,2030,3.587
GLOBAL,S3D1,PWRTRNKENXX,ELCKENXX01,2031,3.8320000000000003
GLOBAL,S3D1,PWRTRNKENXX,ELCKENXX01,2032,4.077499999999999
GLOBAL,S3D1,PWRTRNKENXX,ELCKENXX01,2033,4.323
GLOBAL,S3D1,PWRTRNKENXX,ELCKENXX01,2034,4.5685
GLOBAL,S3D1,PWRTRNKENXX,ELCKENXX01,2035,4.8135
GLOBAL,S3D1,PWRTRNKENXX,ELCKENXX01,2036,5.097500000000001
GLOBAL,S3D1,PWRTRNKENXX,ELCKENXX01,2037,5.381
GLOBAL,S3D1,PWRTRNKENXX,ELCKENXX01,2038,5.665000000000001
GLOBAL,S3D1,PWRTRNKENXX,ELCKENXX01,2039,5.9485
GLOBAL,S3D1,PWRTRNKENXX,ELCKENXX01,2040,6.232499999999999
GLOBAL,S3D1,PWRTRNKENXX,ELCKENXX01,2041,6.585
GLOBAL,S3D1,PWRTRNKENXX,ELCKENXX01,2042,6.937
GLOBAL,S3D1,PWRTRNKENXX,ELCKENXX01,2043,7.2895
GLOBAL,S3D1,PWRTRNKENXX,ELCKENXX01,2044,7.642
GLOBAL,S3D1,PWRTRNKENXX,ELCKENXX01,2045,7.9945
GLOBAL,S3D1,PWRTRNKENXX,ELCKENXX01,2046,8.4365
GLOBAL,S3D1,PWRTRNKENXX,ELCKENXX01,2047,8.879
GLOBAL,S3D1,PWRTRNKENXX,ELCKENXX01,2048,9.321
GLOBAL,S3D1,PWRTRNKENXX,ELCKENXX01,2049,9.763
GLOBAL,S3D1,PWRTRNKENXX,ELCKENXX01,2050,10.205
GLOBAL,S3D1,PWRTRNTZAXX,ELCTZAXX01,2021,1.6299489304844395
GLOBAL,S3D1,PWRTRNTZAXX,ELCTZAXX01,2022,1.7799489304844394
GLOBAL,S3D1,PWRTRNTZAXX,ELCTZAXX01,2023,2.0
GLOBAL,S3D1,PWRTRNTZAXX,ELCTZAXX01,2024,3.399
GLOBAL,S3D1,PWRTRNTZAXX,ELCTZAXX01,2025,3.6449999999999996
GLOBAL,S3D1,PWRTRNTZAXX,ELCTZAXX01,2026,3.9575
GLOBAL,S3D1,PWRTRNTZAXX,ELCTZAXX01,2027,4.269499999999999
GLOBAL,S3D1,PWRTRNTZAXX,ELCTZAXX01,2028,4.582
GLOBAL,S3D1,PWRTRNTZAXX,ELCTZAXX01,2029,4.894499999999999
GLOBAL,S3D1,PWRTRNTZAXX,ELCTZAXX01,2030,5.207000000000001
GLOBAL,S3D1,PWRTRNTZAXX,ELCTZAXX01,2031,5.5845
GLOBAL,S3D1,PWRTRNTZAXX,ELCTZAXX01,2032,5.9625
GLOBAL,S3D1,PWRTRNTZAXX,ELCTZAXX01,2033,6.3405
GLOBAL,S3D1,PWRTRNTZAXX,ELCTZAXX01,2034,6.718
GLOBAL,S3D1,PWRTRNTZAXX,ELCTZAXX01,2035,7.095999999999999
GLOBAL,S3D1,PWRTRNTZAXX,ELCTZAXX01,2036,7.544999999999999
GLOBAL,S3D1,PWRTRNTZAXX,ELCTZAXX01,2037,7.993500000000001
GLOBAL,S3D1,PWRTRNTZAXX,ELCTZAXX01,2038,8.4425
GLOBAL,S3D1,PWRTRNTZAXX,ELCTZAXX01,2039,8.8915
GLOBAL,S3D1,PWRTRNTZAXX,ELCTZAXX01,2040,9.3405
GLOBAL,S3D1,PWRTRNTZAXX,ELCTZAXX01,2041,9.871
GLOBAL,S3D1,PWRTRNTZAXX,ELCTZAXX01,2042,10.401500000000002
GLOBAL,S3D1,PWRTRNTZAXX,ELCTZAXX01,2043,10.932
GLOBAL,S3D1,PWRTRNTZAXX,ELCTZAXX01,2044,11.462999999999997
GLOBAL,S3D1,PWRTRNTZAXX,ELCTZAXX01,2045,11.993499999999997
GLOBAL,S3D1,PWRTRNTZAXX,ELCTZAXX01,2046,12.652
GLOBAL,S3D1,PWRTRNTZAXX,ELCTZAXX01,2047,13.3105
GLOBAL,S3D1,PWRTRNTZAXX,ELCTZAXX01,2048,13.969
GLOBAL,S3D1,PWRTRNTZAXX,ELCTZAXX01,2049,14.626999999999999
GLOBAL,S3D1,PWRTRNTZAXX,ELCTZAXX01,2050,15.2855
GLOBAL,S3D1,PWRWONKENXX01,WONKENXX,2021,0.10464291161856
GLOBAL,S3D1,PWRWONKENXX01,WONKENXX,2022,0.10464291161856
GLOBAL,S3D1,PWRWONKENXX01,WONKENXX,2023,0.10464291161856
GLOBAL,S3D1,PWRWONKENXX01,WONKENXX,2024,0.0965455434576
GLOBAL,S3D1,PWRWONKENXX01,WONKENXX,2025,0.0965455434576
GLOBAL,S3D1,PWRWONKENXX01,WONKENXX,2026,0.0965455434576
GLOBAL,S3D1,PWRWONKENXX01,WONKENXX,2027,0.0965455434576
GLOBAL,S3D1,PWRWONKENXX01,WONKENXX,2028,0.0965455434576
GLOBAL,S3D1,PWRWONKENXX01,WONKENXX,2029,0.0965455434576
GLOBAL,S3D1,PWRWONKENXX01,WONKENXX,2030,0.0965455434576
GLOBAL,S3D1,PWRWONKENXX01,WONKENXX,2031,0.0965455434576
GLOBAL,S3D1,PWRWONKENXX01,WONKENXX,2032,0.0965455434576
GLOBAL,S3D1,PWRWONKENXX01,WONKENXX,2033,0.0965455434576
GLOBAL,S3D1,PWRWONKENXX01,WONKENXX,2035,0.0965455434576
GLOBAL,S3D1,PWRWONKENXX01,WONKENXX,2036,0.0965455434576
GLOBAL,S3D1,PWRWONKENXX01,WONKENXX,2037,0.0965455434576
GLOBAL,S3D1,PWRWONKENXX01,WONKENXX,2038,0.0965455434576
GLOBAL,S3D1,PWRWONKENXX01,WONKENXX,2039,0.0965455434576
GLOBAL,S3D1,PWRWONKENXX01,WONKENXX,2040,0.0965455434576
GLOBAL,S3D1,PWRWONKENXX01,WONKENXX,2041,0.0965455434576
GLOBAL,S3D1,PWRWONKENXX01,WONKENXX,2042,0.0965455434576
GLOBAL,S3D1,PWRWONKENXX01,WONKENXX,2043,0.0965455434576
GLOBAL,S3D1,PWRWONKENXX01,WONKENXX,2044,0.0965455434576
GLOBAL,S3D1,PWRWONKENXX01,WONKENXX,2045,0.0965455434576
GLOBAL,S3D1,PWRWONKENXX01,WONKENXX,2046,0.0965455434576
GLOBAL,S3D1,PWRWONKENXX01,WONKENXX,2047,0.0965455434576
GLOBAL,S3D1,TRNKENXXTZAXX,ELCKENXX02,2023,0.029948930484439275
GLOBAL,S3D1,TRNKENXXTZAXX,ELCTZAXX02,2021,0.029948930484439275
GLOBAL,S3D1,TRNKENXXTZAXX,ELCTZAXX02,2022,0.029948930484439275
GLOBAL,S3D2,PWRBIOKENXX01,BIOKENXX,2024,0.705848233535245
GLOBAL,S3D2,PWRBIOKENXX01,BIOKENXX,2028,2.344700010781519
GLOBAL,S3D2,PWRBIOKENXX01,BIOKENXX,2031,3.0923039876926133
GLOBAL,S3D2,PWRBIOKENXX01,BIOKENXX,2040,2.4324995468239625
GLOBAL,S3D2,PWRBIOKENXX01,BIOKENXX,2043,1.7927374423366798
GLOBAL,S3D2,PWRBIOKENXX01,BIOKENXX,2047,1.675471448479274
GLOBAL,S3D2,PWRBIOKENXX01,BIOKENXX,2049,1.7071397486956037
GLOBAL,S3D2,PWRBIOKENXX01,BIOKENXX,2050,1.673429771580177
GLOBAL,S3D2,PWRBIOTZAXX01,BIOTZAXX,2021,0.6967009406339808
GLOBAL,S3D2,PWRBIOTZAXX01,BIOTZAXX,2022,0.7459308580148936
GLOBAL,S3D2,PWRBIOTZAXX01,BIOTZAXX,2023,1.0287582249869904
GLOBAL,S3D2,PWRBIOTZAXX01,BIOTZAXX,2024,0.7600973532083278
GLOBAL,S3D2,PWRBIOTZAXX01,BIOTZAXX,2025,1.118470538350127
GLOBAL,S3D2,PWRBIOTZAXX01,BIOTZAXX,2027,0.051266734969677805
GLOBAL,S3D2,PWRBIOTZAXX01,BIOTZAXX,2028,0.2485445206181739
GLOBAL,S3D2,PWRBIOTZAXX01,BIOTZAXX,2030,0.3872393997278714
GLOBAL,S3D2,PWRBIOTZAXX01,BIOTZAXX,2034,1.0340954981103998
GLOBAL,S3D2,PWRBIOTZAXX01,BIOTZAXX,2042,9.543154276475564
GLOBAL,S3D2,PWRGEOKENXX01,GEOKENXX,2021,1.8829937221037945
GLOBAL,S3D2,PWRGEOKENXX01,GEOKENXX,2022,1.9882203625502237
GLOBAL,S3D2,PWRGEOKENXX01,GEOKENXX,2023,1.9882203625502237
GLOBAL,S3D2,PWRGEOKENXX01,GEOKENXX,2024,1.9882203625502237
GLOBAL,S3D2,PWRGEOKENXX01,GEOKENXX,2025,2.0234169032735294
GLOBAL,S3D2,PWRGEOKENXX01,GEOKENXX,2026,2.0234169032735294
GLOBAL,S3D2,PWRGEOKENXX01,GEOKENXX,2027,1.8836674477526505
GLOBAL,S3D2,PWRGEOKENXX01,GEOKENXX,2028,1.3452076728272084
GLOBAL,S3D2,PWRGEOKENXX01,GEOKENXX,2029,2.2912730924841727
GLOBAL,S3D2,PWRGEOKENXX01,GEOKENXX,2030,2.494806991856679
GLOBAL,S3D2,PWRGEOKENXX01,GEOKENXX,2031,1.281931012010126
GLOBAL,S3D2,PWRGEOKENXX01,GEOKENXX,2032,2.4650925352485777
GLOBAL,S3D2,PWRGEOKENXX01,GEOKENXX,2033,2.670790847191882
GLOBAL,S3D2,PWRGEOKENXX01,GEOKENXX,2034,2.8753751591352046
GLOBAL,S3D2,PWRGEOKENXX01,GEOKENXX,2035,3.4001645272831555
GLOBAL,S3D2,PWRGEOKENXX01,GEOKENXX,2036,2.692075596589471
GLOBAL,S3D2,PWRGEOKENXX01,GEOKENXX,2037,2.8936771033698054
GLOBAL,S3D2,PWRGEOKENXX01,GEOKENXX,2038,3.0956341683631567
GLOBAL,S3D2,PWRGEOKENXX01,GEOKENXX,2039,3.2972356751434915
GLOBAL,S3D2,PWRGEOKENXX01,GEOKENXX,2040,2.729414402534324
GLOBAL,S3D2,PWRGEOKENXX01,GEOKENXX,2041,3.7498612803134352
GLOBAL,S3D2,PWRGEOKENXX01,GEOKENXX,2042,4.00017426227704
GLOBAL,S3D2,PWRGEOKENXX01,GEOKENXX,2043,4.487198195177624
GLOBAL,S3D2,PWRGEOKENXX01,GEOKENXX,2044,4.501511342630254
GLOBAL,S3D2,PWRGEOKENXX01,GEOKENXX,2045,4.75217988280686
GLOBAL,S3D2,PWRGEOKENXX01,GEOKENXX,2046,5.066493343113413
GLOBAL,S3D2,PWRGEOKENXX01,GEOKENXX,2047,5.654627246083989
GLOBAL,S3D2,PWRGEOKENXX01,GEOKENXX,2048,5.82463883890594
GLOBAL,S3D2,PWRGEOKENXX01,GEOKENXX,2049,6.402395569670987
GLOBAL,S3D2,PWRGEOKENXX01,GEOKENXX,2050,6.727376744254574
GLOBAL,S3D2,PWRGEOTZAXX01,GEOTZAXX,2021,1.349711809807593
GLOBAL,S3D2,PWRGEOTZAXX01,GEOTZAXX,2022,1.5149280508343461
GLOBAL,S3D2,PWRGEOTZAXX01,GEOTZAXX,2023,1.6711865887216275
GLOBAL,S3D2,PWRGEOTZAXX01,GEOTZAXX,2024,3.1665047184242647
GLOBAL,S3D2,PWRGEOTZAXX01,GEOTZAXX,2025,3.647105342471458
GLOBAL,S3D2,PWRGEOTZAXX01,GEOTZAXX,2026,3.424102733505588
GLOBAL,S3D2,PWRGEOTZAXX01,GEOTZAXX,2027,3.7094824407768074
GLOBAL,S3D2,PWRGEOTZAXX01,GEOTZAXX,2028,4.027709962114664
GLOBAL,S3D2,PWRGEOTZAXX01,GEOTZAXX,2029,4.327392125870375
GLOBAL,S3D2,PWRGEOTZAXX01,GEOTZAXX,2030,4.512361152437365
GLOBAL,S3D2,PWRGEOTZAXX01,GEOTZAXX,2031,4.333660628071312
GLOBAL,S3D2,PWRGEOTZAXX01,GEOTZAXX,2032,4.653461573077539
GLOBAL,S3D2,PWRGEOTZAXX01,GEOTZAXX,2033,4.973262518083771
GLOBAL,S3D2,PWRGEOTZAXX01,GEOTZAXX,2034,5.373118876330185
GLOBAL,S3D2,PWRGEOTZAXX01,GEOTZAXX,2035,5.612441390973191
GLOBAL,S3D2,PWRGEOTZAXX01,GEOTZAXX,2036,5.102086896260109
GLOBAL,S3D2,PWRGEOTZAXX01,GEOTZAXX,2037,5.428615375396945
GLOBAL,S3D2,PWRGEOTZAXX01,GEOTZAXX,2038,5.755507877364478
GLOBAL,S3D2,PWRGEOTZAXX01,GEOTZAXX,2039,6.082400379332011
GLOBAL,S3D2,PWRGEOTZAXX01,GEOTZAXX,2040,6.409292881299543
GLOBAL,S3D2,PWRGEOTZAXX01,GEOTZAXX,2041,6.795521104670985
GLOBAL,S3D2,PWRGEOTZAXX01,GEOTZAXX,2042,4.315937233004714
GLOBAL,S3D2,PWRGEOTZAXX01,GEOTZAXX,2043,7.567977551413861
GLOBAL,S3D2,PWRGEOTZAXX01,GEOTZAXX,2044,7.954569797616
GLOBAL,S3D2,PWRGEOTZAXX01,GEOTZAXX,2045,8.340798020987442
GLOBAL,S3D2,PWRGEOTZAXX01,GEOTZAXX,2046,8.820216089017775
GLOBAL,S3D2,PWRGEOTZAXX01,GEOTZAXX,2047,9.29963415704811
GLOBAL,S3D2,PWRGEOTZAXX01,GEOTZAXX,2048,9.779052225078443
GLOBAL,S3D2,PWRGEOTZAXX01,GEOTZAXX,2049,10.258106270278079
GLOBAL,S3D2,PWRGEOTZAXX01,GEOTZAXX,2050,10.737524338308418
GLOBAL,S3D2,PWRHYDKENXX01,HYDKENXX,2021,0.6488624186638678
GLOBAL,S3D2,PWRHYDKENXX01,HYDKENXX,2022,0.6366864933796741
GLOBAL,S3D2,PWRHYDKENXX01,HYDKENXX,2023,0.6477987189052975
GLOBAL,S3D2,PWRHYDKENXX01,HYDKENXX,2024,0.803677368146976
GLOBAL,S3D2,PWRHYDKENXX01,HYDKENXX,2025,0.7735677927403417
GLOBAL,S3D2,PWRHYDKENXX01,HYDKENXX,2026,0.4614479463735907
GLOBAL,S3D2,PWRHYDKENXX01,HYDKENXX,2027,0.803677368146976
GLOBAL,S3D2,PWRHYDKENXX01,HYDKENXX,2028,0.803677368146976
GLOBAL,S3D2,PWRHYDKENXX01,HYDKENXX,2029,0.803677368146976
GLOBAL,S3D2,PWRHYDKENXX01,HYDKENXX,2030,0.803677368146976
GLOBAL,S3D2,PWRHYDKENXX01,HYDKENXX,2031,0.803677368146976
GLOBAL,S3D2,PWRHYDKENXX01,HYDKENXX,2032,0.803677368146976
GLOBAL,S3D2,PWRHYDKENXX01,HYDKENXX,2033,0.803677368146976
GLOBAL,S3D2,PWRHYDKENXX01,HYDKENXX,2034,0.803677368146976
GLOBAL,S3D2,PWRHYDKENXX01,HYDKENXX,2035,0.48305564328256617
GLOBAL,S3D2,PWRHYDKENXX01,HYDKENXX,2036,0.803677368146976
GLOBAL,S3D2,PWRHYDKENXX01,HYDKENXX,2037,0.803677368146976
GLOBAL,S3D2,PWRHYDKENXX01,HYDKENXX,2038,0.803677368146976
GLOBAL,S3D2,PWRHYDKENXX01,HYDKENXX,2039,0.803677368146976
GLOBAL,S3D2,PWRHYDKENXX01,HYDKENXX,2040,0.803677368146976
GLOBAL,S3D2,PWRHYDKENXX01,HYDKENXX,2041,0.803677368146976
GLOBAL,S3D2,PWRHYDKENXX01,HYDKENXX,2042,0.803677368146976
GLOBAL,S3D2,PWRHYDKENXX01,HYDKENXX,2044,0.803677368146976
GLOBAL,S3D2,PWRHYDKENXX01,HYDKENXX,2045,0.803677368146976
GLOBAL,S3D2,PWRHYDKENXX01,HYDKENXX,2046,0.803677368146976
GLOBAL,S3D2,PWRHYDKENXX01,HYDKENXX,2048,0.803677368146976
GLOBAL,S3D2,PWRHYDTZAXX01,HYDTZAXX,2021,0.39101761898496
GLOBAL,S3D2,PWRHYDTZAXX01,HYDTZAXX,2022,0.39101761898496
GLOBAL,S3D2,PWRHYDTZAXX01,HYDTZAXX,2023,0.39101761898496
GLOBAL,S3D2,PWRHYDTZAXX01,HYDTZAXX,2024,0.39101761898496
GLOBAL,S3D2,PWRHYDTZAXX01,HYDTZAXX,2025,0.39101761898496
GLOBAL,S3D2,PWRHYDTZAXX01,HYDTZAXX,2026,0.39101761898496
GLOBAL,S3D2,PWRHYDTZAXX01,HYDTZAXX,2027,0.39101761898496
GLOBAL,S3D2,PWRHYDTZAXX01,HYDTZAXX,2028,0.31480465396766033
GLOBAL,S3D2,PWRHYDTZAXX01,HYDTZAXX,2029,0.39101761898496
GLOBAL,S3D2,PWRHYDTZAXX01,HYDTZAXX,2030,0.39101761898496
GLOBAL,S3D2,PWRHYDTZAXX01,HYDTZAXX,2031,0.39101761898496
GLOBAL,S3D2,PWRHYDTZAXX01,HYDTZAXX,2032,0.39101761898496
GLOBAL,S3D2,PWRHYDTZAXX01,HYDTZAXX,2033,0.39101761898496
GLOBAL,S3D2,PWRHYDTZAXX01,HYDTZAXX,2035,0.39101761898496
GLOBAL,S3D2,PWRHYDTZAXX01,HYDTZAXX,2036,0.39101761898496
GLOBAL,S3D2,PWRHYDTZAXX01,HYDTZAXX,2037,0.39101761898496
GLOBAL,S3D2,PWRHYDTZAXX01,HYDTZAXX,2038,0.39101761898496
GLOBAL,S3D2,PWRHYDTZAXX01,HYDTZAXX,2039,0.39101761898496
GLOBAL,S3D2,PWRHYDTZAXX01,HYDTZAXX,2040,0.39101761898496
GLOBAL,S3D2,PWRHYDTZAXX01,HYDTZAXX,2041,0.39101761898496
GLOBAL,S3D2,PWRHYDTZAXX01,HYDTZAXX,2042,0.39101761898496
GLOBAL,S3D2,PWRHYDTZAXX01,HYDTZAXX,2043,0.39101761898496
GLOBAL,S3D2,PWRHYDTZAXX01,HYDTZAXX,2044,0.39101761898496
GLOBAL,S3D2,PWRHYDTZAXX01,HYDTZAXX,2045,0.39101761898496
GLOBAL,S3D2,PWRHYDTZAXX01,HYDTZAXX,2046,0.39101761898496
GLOBAL,S3D2,PWRHYDTZAXX01,HYDTZAXX,2047,0.39101761898496
GLOBAL,S3D2,PWRHYDTZAXX01,HYDTZAXX,2048,0.39101761898496
GLOBAL,S3D2,PWRHYDTZAXX01,HYDTZAXX,2049,0.39101761898496
GLOBAL,S3D2,PWRHYDTZAXX01,HYDTZAXX,2050,0.39101761898496
GLOBAL,S3D2,PWRSDSKENXX01,ELCKENXX01,2024,6.0066879999999984e-05
GLOBAL,S3D2,PWRSDSKENXX01,ELCKENXX01,2025,6.0066879999999984e-05
GLOBAL,S3D2,PWRSDSKENXX01,ELCKENXX01,2026,0.00105393312
GLOBAL,S3D2,PWRSDSKENXX01,ELCKENXX01,2029,6.0066879999999984e-05
GLOBAL,S3D2,PWRSDSKENXX01,ELCKENXX01,2030,6.0066879999999984e-05
GLOBAL,S3D2,PWRSDSKENXX01,ELCKENXX01,2033,0.001114
GLOBAL,S3D2,PWRSDSKENXX01,ELCKENXX01,2034,0.001114
GLOBAL,S3D2,PWRSDSKENXX01,ELCKENXX01,2035,0.001114
GLOBAL,S3D2,PWRSPVKENXX01,SPVKENXX,2021,0.059288426643082134
GLOBAL,S3D2,PWRSPVKENXX01,SPVKENXX,2022,0.08623771148084676
GLOBAL,S3D2,PWRSPVKENXX01,SPVKENXX,2023,0.07393380483307811
GLOBAL,S3D2,PWRSPVKENXX01,SPVKENXX,2024,0.09971235389972903
GLOBAL,S3D2,PWRSPVKENXX01,SPVKENXX,2025,0.09971235389972903
GLOBAL,S3D2,PWRSPVKENXX01,SPVKENXX,2026,0.6684260665064802
GLOBAL,S3D2,PWRSPVKENXX01,SPVKENXX,2027,0.7204921671339735
GLOBAL,S3D2,PWRSPVKENXX01,SPVKENXX,2028,0.7725582677614666
GLOBAL,S3D2,PWRSPVKENXX01,SPVKENXX,2029,0.8247465892824516
GLOBAL,S3D2,PWRSPVKENXX01,SPVKENXX,2030,0.8768126899099452
GLOBAL,S3D2,PWRSPVKENXX01,SPVKENXX,2031,1.405051391581367
GLOBAL,S3D2,PWRSPVKENXX01,SPVKENXX,2032,1.4950670796380545
GLOBAL,S3D2,PWRSPVKENXX01,SPVKENXX,2033,1.5850827676947412
GLOBAL,S3D2,PWRSPVKENXX01,SPVKENXX,2034,1.675098455751429
GLOBAL,S3D2,PWRSPVKENXX01,SPVKENXX,2035,1.7649308124678784
GLOBAL,S3D2,PWRSPVKENXX01,SPVKENXX,2036,2.4920840182971524
GLOBAL,S3D2,PWRSPVKENXX01,SPVKENXX,2037,2.630682511516818
GLOBAL,S3D2,PWRSPVKENXX01,SPVKENXX,2038,2.769525446523467
GLOBAL,S3D2,PWRSPVKENXX01,SPVKENXX,2039,2.9081239397431324
GLOBAL,S3D2,PWRSPVKENXX01,SPVKENXX,2040,3.04696687474978
GLOBAL,S3D2,PWRSPVKENXX01,SPVKENXX,2041,3.2192983345731734
GLOBAL,S3D2,PWRSPVKENXX01,SPVKENXX,2042,3.3913853526095843
GLOBAL,S3D2,PWRSPVKENXX01,SPVKENXX,2043,3.563716812432977
GLOBAL,S3D2,PWRSPVKENXX01,SPVKENXX,2044,3.7360482722563697
GLOBAL,S3D2,PWRSPVKENXX01,SPVKENXX,2045,3.908379732079763
GLOBAL,S3D2,PWRSPVKENXX01,SPVKENXX,2046,4.124466271773209
GLOBAL,S3D2,PWRSPVKENXX01,SPVKENXX,2047,4.340797253253638
GLOBAL,S3D2,PWRSPVKENXX01,SPVKENXX,2048,4.556883792947085
GLOBAL,S3D2,PWRSPVKENXX01,SPVKENXX,2049,4.77297033264053
GLOBAL,S3D2,PWRSPVKENXX01,SPVKENXX,2050,4.989056872333977
GLOBAL,S3D2,PWRSPVTZAXX01,SPVTZAXX,2026,0.9338796475094521
GLOBAL,S3D2,PWRSPVTZAXX01,SPVTZAXX,2027,1.0075045243314227
GLOBAL,S3D2,PWRSPVTZAXX01,SPVTZAXX,2028,1.081247389738044
GLOBAL,S3D2,PWRSPVTZAXX01,SPVTZAXX,2029,1.1549902551446656
GLOBAL,S3D2,PWRSPVTZAXX01,SPVTZAXX,2030,1.2287331205512866
GLOBAL,S3D2,PWRSPVTZAXX01,SPVTZAXX,2031,1.9767217529437278
GLOBAL,S3D2,PWRSPVTZAXX01,SPVTZAXX,2032,2.110520807937501
GLOBAL,S3D2,PWRSPVTZAXX01,SPVTZAXX,2033,2.2443198629312753
GLOBAL,S3D2,PWRSPVTZAXX01,SPVTZAXX,2034,2.377941935048073
GLOBAL,S3D2,PWRSPVTZAXX01,SPVTZAXX,2035,2.511740990041847
GLOBAL,S3D2,PWRSPVTZAXX01,SPVTZAXX,2036,3.5608954847549303
GLOBAL,S3D2,PWRSPVTZAXX01,SPVTZAXX,2037,3.7725670056180944
GLOBAL,S3D2,PWRSPVTZAXX01,SPVTZAXX,2038,3.984474503650562
GLOBAL,S3D2,PWRSPVTZAXX01,SPVTZAXX,2039,4.196382001683029
GLOBAL,S3D2,PWRSPVTZAXX01,SPVTZAXX,2040,4.4082894997154956
GLOBAL,S3D2,PWRSPVTZAXX01,SPVTZAXX,2041,4.658661276344055
GLOBAL,S3D2,PWRSPVTZAXX01,SPVTZAXX,2042,4.9090330529726165
GLOBAL,S3D2,PWRSPVTZAXX01,SPVTZAXX,2043,5.159404829601178
GLOBAL,S3D2,PWRSPVTZAXX01,SPVTZAXX,2044,5.410012583399038
GLOBAL,S3D2,PWRSPVTZAXX01,SPVTZAXX,2045,5.660384360027598
GLOBAL,S3D2,PWRSPVTZAXX01,SPVTZAXX,2046,5.971166291997264
GLOBAL,S3D2,PWRSPVTZAXX01,SPVTZAXX,2047,6.281948223966928
GLOBAL,S3D2,PWRSPVTZAXX01,SPVTZAXX,2048,6.592730155936596
GLOBAL,S3D2,PWRSPVTZAXX01,SPVTZAXX,2049,6.903276110736959
GLOBAL,S3D2,PWRSPVTZAXX01,SPVTZAXX,2050,7.214058042706624
GLOBAL,S3D2,PWRTRNKENXX,ELCKENXX01,2021,2.76
GLOBAL,S3D2,PWRTRNKENXX,ELCKENXX01,2022,2.8799999999999994
GLOBAL,S3D2,PWRTRNKENXX,ELCKENXX01,2023,2.8499489304844396
GLOBAL,S3D2,PWRTRNKENXX,ELCKENXX01,2024,3.244082728840052
GLOBAL,S3D2,PWRTRNKENXX,ELCKENXX01,2025,3.0258000000000003
GLOBAL,S3D2,PWRTRNKENXX,ELCKENXX01,2026,3.2814
GLOBAL,S3D2,PWRTRNKENXX,ELCKENXX01,2027,3.537
GLOBAL,S3D2,PWRTRNKENXX,ELCKENXX01,2028,3.7926
GLOBAL,S3D2,PWRTRNKENXX,ELCKENXX01,2029,4.0488
GLOBAL,S3D2,PWRTRNKENXX,ELCKENXX01,2030,4.3044
GLOBAL,S3D2,PWRTRNKENXX,ELCKENXX01,2031,4.598399999999999
GLOBAL,S3D2,PWRTRNKENXX,ELCKENXX01,2032,4.893
GLOBAL,S3D2,PWRTRNKENXX,ELCKENXX01,2033,5.187600000000001
GLOBAL,S3D2,PWRTRNKENXX,ELCKENXX01,2034,5.482200000000001
GLOBAL,S3D2,PWRTRNKENXX,ELCKENXX01,2035,5.7762
GLOBAL,S3D2,PWRTRNKENXX,ELCKENXX01,2036,6.117
GLOBAL,S3D2,PWRTRNKENXX,ELCKENXX01,2037,6.457200000000001
GLOBAL,S3D2,PWRTRNKENXX,ELCKENXX01,2038,6.798
GLOBAL,S3D2,PWRTRNKENXX,ELCKENXX01,2039,7.1382
GLOBAL,S3D2,PWRTRNKENXX,ELCKENXX01,2040,7.479000000000001
GLOBAL,S3D2,PWRTRNKENXX,ELCKENXX01,2041,7.901999999999999
GLOBAL,S3D2,PWRTRNKENXX,ELCKENXX01,2042,8.3244
GLOBAL,S3D2,PWRTRNKENXX,ELCKENXX01,2043,8.7474
GLOBAL,S3D2,PWRTRNKENXX,ELCKENXX01,2044,9.1704
GLOBAL,S3D2,PWRTRNKENXX,ELCKENXX01,2045,9.5934
GLOBAL,S3D2,PWRTRNKENXX,ELCKENXX01,2046,10.1238
GLOBAL,S3D2,PWRTRNKENXX,ELCKENXX01,2047,10.6548
GLOBAL,S3D2,PWRTRNKENXX,ELCKENXX01,2048,11.185200000000002
GLOBAL,S3D2,PWRTRNKENXX,ELCKENXX01,2049,11.7156
GLOBAL,S3D2,PWRTRNKENXX,ELCKENXX01,2050,12.246000000000002
GLOBAL,S3D2,PWRTRNTZAXX,ELCTZAXX01,2021,1.9499489304844393
GLOBAL,S3D2,PWRTRNTZAXX,ELCTZAXX01,2022,2.1299489304844395
GLOBAL,S3D2,PWRTRNTZAXX,ELCTZAXX01,2023,2.3999999999999995
GLOBAL,S3D2,PWRTRNTZAXX,ELCTZAXX01,2024,4.0788
GLOBAL,S3D2,PWRTRNTZAXX,ELCTZAXX01,2025,4.374
GLOBAL,S3D2,PWRTRNTZAXX,ELCTZAXX01,2026,4.749
GLOBAL,S3D2,PWRTRNTZAXX,ELCTZAXX01,2027,5.1234
GLOBAL,S3D2,PWRTRNTZAXX,ELCTZAXX01,2028,5.498399999999999
GLOBAL,S3D2,PWRTRNTZAXX,ELCTZAXX01,2029,5.8734
GLOBAL,S3D2,PWRTRNTZAXX,ELCTZAXX01,2030,6.248399999999999
GLOBAL,S3D2,PWRTRNTZAXX,ELCTZAXX01,2031,6.7014000000000005
GLOBAL,S3D2,PWRTRNTZAXX,ELCTZAXX01,2032,7.155
GLOBAL,S3D2,PWRTRNTZAXX,ELCTZAXX01,2033,7.6086
GLOBAL,S3D2,PWRTRNTZAXX,ELCTZAXX01,2034,8.0616
GLOBAL,S3D2,PWRTRNTZAXX,ELCTZAXX01,2035,8.5152
GLOBAL,S3D2,PWRTRNTZAXX,ELCTZAXX01,2036,9.054
GLOBAL,S3D2,PWRTRNTZAXX,ELCTZAXX01,2037,9.5922
GLOBAL,S3D2,PWRTRNTZAXX,ELCTZAXX01,2038,10.131
GLOBAL,S3D2,PWRTRNTZAXX,ELCTZAXX01,2039,10.6698
GLOBAL,S3D2,PWRTRNTZAXX,ELCTZAXX01,2040,11.2086
GLOBAL,S3D2,PWRTRNTZAXX,ELCTZAXX01,2041,11.845199999999998
GLOBAL,S3D2,PWRTRNTZAXX,ELCTZAXX01,2042,12.4818
GLOBAL,S3D2,PWRTRNTZAXX,ELCTZAXX01,2043,13.1184
GLOBAL,S3D2,PWRTRNTZAXX,ELCTZAXX01,2044,13.755599999999998
GLOBAL,S3D2,PWRTRNTZAXX,ELCTZAXX01,2045,14.3922
GLOBAL,S3D2,PWRTRNTZAXX,ELCTZAXX01,2046,15.1824
GLOBAL,S3D2,PWRTRNTZAXX,ELCTZAXX01,2047,15.9726
GLOBAL,S3D2,PWRTRNTZAXX,ELCTZAXX01,2048,16.7628
GLOBAL,S3D2,PWRTRNTZAXX,ELCTZAXX01,2049,17.5524
GLOBAL,S3D2,PWRTRNTZAXX,ELCTZAXX01,2050,18.3426
GLOBAL,S3D2,PWRWONKENXX01,WONKENXX,2021,0.13999604419584
GLOBAL,S3D2,PWRWONKENXX01,WONKENXX,2022,0.13999604419584
GLOBAL,S3D2,PWRWONKENXX01,WONKENXX,2023,0.13999604419584
GLOBAL,S3D2,PWRWONKENXX01,WONKENXX,2024,0.1291630169664
GLOBAL,S3D2,PWRWONKENXX01,WONKENXX,2025,0.1291630169664
GLOBAL,S3D2,PWRWONKENXX01,WONKENXX,2026,0.1291630169664
GLOBAL,S3D2,PWRWONKENXX01,WONKENXX,2027,0.1291630169664
GLOBAL,S3D2,PWRWONKENXX01,WONKENXX,2028,0.1291630169664
GLOBAL,S3D2,PWRWONKENXX01,WONKENXX,2029,0.1291630169664
GLOBAL,S3D2,PWRWONKENXX01,WONKENXX,2030,0.1291630169664
GLOBAL,S3D2,PWRWONKENXX01,WONKENXX,2031,0.1291630169664
GLOBAL,S3D2,PWRWONKENXX01,WONKENXX,2032,0.1291630169664
GLOBAL,S3D2,PWRWONKENXX01,WONKENXX,2033,0.1291630169664
GLOBAL,S3D2,PWRWONKENXX01,WONKENXX,2034,0.1291630169664
GLOBAL,S3D2,PWRWONKENXX01,WONKENXX,2035,0.1291630169664
GLOBAL,S3D2,PWRWONKENXX01,WONKENXX,2036,0.1291630169664
GLOBAL,S3D2,PWRWONKENXX01,WONKENXX,2037,0.1291630169664
GLOBAL,S3D2,PWRWONKENXX01,WONKENXX,2038,0.1291630169664
GLOBAL,S3D2,PWRWONKENXX01,WONKENXX,2039,0.1291630169664
GLOBAL,S3D2,PWRWONKENXX01,WONKENXX,2040,0.1291630169664
GLOBAL,S3D2,PWRWONKENXX01,WONKENXX,2041,0.1291630169664
GLOBAL,S3D2,PWRWONKENXX01,WONKENXX,2042,0.1291630169664
GLOBAL,S3D2,PWRWONKENXX01,WONKENXX,2043,0.1291630169664
GLOBAL,S3D2,PWRWONKENXX01,WONKENXX,2044,0.1291630169664
GLOBAL,S3D2,PWRWONKENXX01,WONKENXX,2045,0.1291630169664
GLOBAL,S3D2,PWRWONKENXX01,WONKENXX,2046,0.1291630169664
GLOBAL,S3D2,PWRWONKENXX01,WONKENXX,2047,0.1291630169664
GLOBAL,S3D2,TRNKENXXTZAXX,ELCKENXX02,2023,0.029948930484439275
GLOBAL,S3D2,TRNKENXXTZAXX,ELCKENXX02,2024,0.3040827288400521
GLOBAL,S3D2,TRNKENXXTZAXX,ELCTZAXX02,2021,0.029948930484439275
GLOBAL,S3D2,TRNKENXXTZAXX,ELCTZAXX02,2022,0.029948930484439275
GLOBAL,S3D3,PWRBIOKENXX01,BIOKENXX,2021,0.4995642988799999
GLOBAL,S3D3,PWRBIOKENXX01,BIOKENXX,2022,0.4995642988799999
GLOBAL,S3D3,PWRBIOKENXX01,BIOKENXX,2026,1.3108563354734426
GLOBAL,S3D3,PWRBIOKENXX01,BIOKENXX,2027,1.4739425563643842
GLOBAL,S3D3,PWRBIOTZAXX01,BIOTZAXX,2021,0.6967009406339808
GLOBAL,S3D3,PWRBIOTZAXX01,BIOTZAXX,2022,0.9980807135451303
GLOBAL,S3D3,PWRBIOTZAXX01,BIOTZAXX,2023,1.0287582249869904
GLOBAL,S3D3,PWRBIOTZAXX01,BIOTZAXX,2024,0.8413771742452415
GLOBAL,S3D3,PWRBIOTZAXX01,BIOTZAXX,2025,1.8071733690936915
GLOBAL,S3D3,PWRBIOTZAXX01,BIOTZAXX,2027,2.7755445157608993
GLOBAL,S3D3,PWRBIOTZAXX01,BIOTZAXX,2030,0.3872393997278714
GLOBAL,S3D3,PWRBIOTZAXX01,BIOTZAXX,2034,1.0340954981103998
GLOBAL,S3D3,PWRGEOKENXX01,GEOKENXX,2021,1.8829937221037945
GLOBAL,S3D3,PWRGEOKENXX01,GEOKENXX,2022,1.9882203625502237
GLOBAL,S3D3,PWRGEOKENXX01,GEOKENXX,2023,1.9882203625502237
GLOBAL,S3D3,PWRGEOKENXX01,GEOKENXX,2024,1.9345105069532953
GLOBAL,S3D3,PWRGEOKENXX01,GEOKENXX,2025,2.0234169032735294
GLOBAL,S3D3,PWRGEOKENXX01,GEOKENXX,2026,1.2923688400827966
GLOBAL,S3D3,PWRGEOKENXX01,GEOKENXX,2027,1.4443532427622208
GLOBAL,S3D3,PWRGEOKENXX01,GEOKENXX,2028,2.115318526211558
GLOBAL,S3D3,PWRGEOKENXX01,GEOKENXX,2029,2.319330204690573
GLOBAL,S3D3,PWRGEOKENXX01,GEOKENXX,2030,2.5228641040630793
GLOBAL,S3D3,PWRGEOKENXX01,GEOKENXX,2031,2.2886854692716567
GLOBAL,S3D3,PWRGEOKENXX01,GEOKENXX,2032,2.493269781214969
GLOBAL,S3D3,PWRGEOKENXX01,GEOKENXX,2033,2.696740093158282
GLOBAL,S3D3,PWRGEOKENXX01,GEOKENXX,2034,2.9013244051015947
GLOBAL,S3D3,PWRGEOKENXX01,GEOKENXX,2035,3.1054920483851456
GLOBAL,S3D3,PWRGEOKENXX01,GEOKENXX,2036,2.720252842555871
GLOBAL,S3D3,PWRGEOKENXX01,GEOKENXX,2037,2.920740349336206
GLOBAL,S3D3,PWRGEOKENXX01,GEOKENXX,2038,3.122697414329557
GLOBAL,S3D3,PWRGEOKENXX01,GEOKENXX,2039,3.3254129211098915
GLOBAL,S3D3,PWRGEOKENXX01,GEOKENXX,2040,3.5273699861032437
GLOBAL,S3D3,PWRGEOKENXX01,GEOKENXX,2041,3.77803852627985
GLOBAL,S3D3,PWRGEOKENXX01,GEOKENXX,2042,4.02835150824344
GLOBAL,S3D3,PWRGEOKENXX01,GEOKENXX,2043,4.279020048420048
GLOBAL,S3D3,PWRGEOKENXX01,GEOKENXX,2044,4.528574588596654
GLOBAL,S3D3,PWRGEOKENXX01,GEOKENXX,2045,4.7792431287732615
GLOBAL,S3D3,PWRGEOKENXX01,GEOKENXX,2046,5.093556589079813
GLOBAL,S3D3,PWRGEOKENXX01,GEOKENXX,2047,5.500739257373625
GLOBAL,S3D3,PWRGEOKENXX01,GEOKENXX,2048,5.82463883890594
GLOBAL,S3D3,PWRGEOKENXX01,GEOKENXX,2049,6.138952299212494
GLOBAL,S3D3,PWRGEOKENXX01,GEOKENXX,2050,6.453265759519048
GLOBAL,S3D3,PWRGEOTZAXX01,GEOTZAXX,2021,1.349711809807593
GLOBAL,S3D3,PWRGEOTZAXX01,GEOTZAXX,2022,1.439207373497939
GLOBAL,S3D3,PWRGEOTZAXX01,GEOTZAXX,2023,1.6711865887216275
GLOBAL,S3D3,PWRGEOTZAXX01,GEOTZAXX,2024,3.4351165629233766
GLOBAL,S3D3,PWRGEOTZAXX01,GEOTZAXX,2025,3.440287675581499
GLOBAL,S3D3,PWRGEOTZAXX01,GEOTZAXX,2026,3.424102733505588
GLOBAL,S3D3,PWRGEOTZAXX01,GEOTZAXX,2027,2.891381005103768
GLOBAL,S3D3,PWRGEOTZAXX01,GEOTZAXX,2028,4.026134991276996
GLOBAL,S3D3,PWRGEOTZAXX01,GEOTZAXX,2029,4.327392125870375
GLOBAL,S3D3,PWRGEOTZAXX01,GEOTZAXX,2030,4.512361152437365
GLOBAL,S3D3,PWRGEOTZAXX01,GEOTZAXX,2031,4.333660628071312
GLOBAL,S3D3,PWRGEOTZAXX01,GEOTZAXX,2032,4.653461573077539
GLOBAL,S3D3,PWRGEOTZAXX01,GEOTZAXX,2033,4.973262518083764
GLOBAL,S3D3,PWRGEOTZAXX01,GEOTZAXX,2034,5.373118876330185
GLOBAL,S3D3,PWRGEOTZAXX01,GEOTZAXX,2035,5.612441390973191
GLOBAL,S3D3,PWRGEOTZAXX01,GEOTZAXX,2036,5.102086896260109
GLOBAL,S3D3,PWRGEOTZAXX01,GEOTZAXX,2037,5.428615375396945
GLOBAL,S3D3,PWRGEOTZAXX01,GEOTZAXX,2038,5.755507877364478
GLOBAL,S3D3,PWRGEOTZAXX01,GEOTZAXX,2039,6.082400379332011
GLOBAL,S3D3,PWRGEOTZAXX01,GEOTZAXX,2040,6.409292881299543
GLOBAL,S3D3,PWRGEOTZAXX01,GEOTZAXX,2041,6.795521104670985
GLOBAL,S3D3,PWRGEOTZAXX01,GEOTZAXX,2042,7.1817493280424225
GLOBAL,S3D3,PWRGEOTZAXX01,GEOTZAXX,2043,7.567977551413861
GLOBAL,S3D3,PWRGEOTZAXX01,GEOTZAXX,2044,7.954569797616
GLOBAL,S3D3,PWRGEOTZAXX01,GEOTZAXX,2045,8.340798020987442
GLOBAL,S3D3,PWRGEOTZAXX01,GEOTZAXX,2046,8.820216089017775
GLOBAL,S3D3,PWRGEOTZAXX01,GEOTZAXX,2047,9.29963415704811
GLOBAL,S3D3,PWRGEOTZAXX01,GEOTZAXX,2048,9.779052225078443
GLOBAL,S3D3,PWRGEOTZAXX01,GEOTZAXX,2049,10.258106270278079
GLOBAL,S3D3,PWRGEOTZAXX01,GEOTZAXX,2050,10.737524338308418
GLOBAL,S3D3,PWRHYDKENXX01,HYDKENXX,2021,0.5211594503797077
GLOBAL,S3D3,PWRHYDKENXX01,HYDKENXX,2022,0.5893373131400543
GLOBAL,S3D3,PWRHYDKENXX01,HYDKENXX,2023,0.6781857186211375
GLOBAL,S3D3,PWRHYDKENXX01,HYDKENXX,2024,0.803677368146976
GLOBAL,S3D3,PWRHYDKENXX01,HYDKENXX,2025,0.8005709718267418
GLOBAL,S3D3,PWRHYDKENXX01,HYDKENXX,2026,0.803677368146976
GLOBAL,S3D3,PWRHYDKENXX01,HYDKENXX,2027,0.803677368146976
GLOBAL,S3D3,PWRHYDKENXX01,HYDKENXX,2028,0.803677368146976
GLOBAL,S3D3,PWRHYDKENXX01,HYDKENXX,2029,0.803677368146976
GLOBAL,S3D3,PWRHYDKENXX01,HYDKENXX,2030,0.803677368146976
GLOBAL,S3D3,PWRHYDKENXX01,HYDKENXX,2031,0.803677368146976
GLOBAL,S3D3,PWRHYDKENXX01,HYDKENXX,2032,0.803677368146976
GLOBAL,S3D3,PWRHYDKENXX01,HYDKENXX,2033,0.803677368146976
GLOBAL,S3D3,PWRHYDKENXX01,HYDKENXX,2034,0.803677368146976
GLOBAL,S3D3,PWRHYDKENXX01,HYDKENXX,2035,0.803677368146976
GLOBAL,S3D3,PWRHYDKENXX01,HYDKENXX,2036,0.803677368146976
GLOBAL,S3D3,PWRHYDKENXX01,HYDKENXX,2037,0.803677368146976
GLOBAL,S3D3,PWRHYDKENXX01,HYDKENXX,2038,0.803677368146976
GLOBAL,S3D3,PWRHYDKENXX01,HYDKENXX,2039,0.803677368146976
GLOBAL,S3D3,PWRHYDKENXX01,HYDKENXX,2040,0.803677368146976
GLOBAL,S3D3,PWRHYDKENXX01,HYDKENXX,2041,0.803677368146976
GLOBAL,S3D3,PWRHYDKENXX01,HYDKENXX,2042,0.803677368146976
GLOBAL,S3D3,PWRHYDKENXX01,HYDKENXX,2043,0.803677368146976
GLOBAL,S3D3,PWRHYDKENXX01,HYDKENXX,2044,0.803677368146976
GLOBAL,S3D3,PWRHYDKENXX01,HYDKENXX,2045,0.803677368146976
GLOBAL,S3D3,PWRHYDKENXX01,HYDKENXX,2046,0.803677368146976
GLOBAL,S3D3,PWRHYDKENXX01,HYDKENXX,2047,0.803677368146976
GLOBAL,S3D3,PWRHYDKENXX01,HYDKENXX,2048,0.803677368146976
GLOBAL,S3D3,PWRHYDKENXX01,HYDKENXX,2049,0.803677368146976
GLOBAL,S3D3,PWRHYDKENXX01,HYDKENXX,2050,0.803677368146976
GLOBAL,S3D3,PWRHYDTZAXX01,HYDTZAXX,2021,0.39101761898496
GLOBAL,S3D3,PWRHYDTZAXX01,HYDTZAXX,2022,0.39101761898496
GLOBAL,S3D3,PWRHYDTZAXX01,HYDTZAXX,2023,0.39101761898496
GLOBAL,S3D3,PWRHYDTZAXX01,HYDTZAXX,2024,0.39101761898496
GLOBAL,S3D3,PWRHYDTZAXX01,HYDTZAXX,2025,0.39101761898496
GLOBAL,S3D3,PWRHYDTZAXX01,HYDTZAXX,2026,0.39101761898496
GLOBAL,S3D3,PWRHYDTZAXX01,HYDTZAXX,2027,0.39101761898496
GLOBAL,S3D3,PWRHYDTZAXX01,HYDTZAXX,2028,0.39101761898496
GLOBAL,S3D3,PWRHYDTZAXX01,HYDTZAXX,2029,0.39101761898496
GLOBAL,S3D3,PWRHYDTZAXX01,HYDTZAXX,2030,0.39101761898496
GLOBAL,S3D3,PWRHYDTZAXX01,HYDTZAXX,2031,0.39101761898496
GLOBAL,S3D3,PWRHYDTZAXX01,HYDTZAXX,2032,0.39101761898496
GLOBAL,S3D3,PWRHYDTZAXX01,HYDTZAXX,2033,0.39101761898496
GLOBAL,S3D3,PWRHYDTZAXX01,HYDTZAXX,2035,0.39101761898496
GLOBAL,S3D3,PWRHYDTZAXX01,HYDTZAXX,2036,0.39101761898496
GLOBAL,S3D3,PWRHYDTZAXX01,HYDTZAXX,2037,0.39101761898496
GLOBAL,S3D3,PWRHYDTZAXX01,HYDTZAXX,2038,0.39101761898496
GLOBAL,S3D3,PWRHYDTZAXX01,HYDTZAXX,2039,0.39101761898496
GLOBAL,S3D3,PWRHYDTZAXX01,HYDTZAXX,2040,0.39101761898496
GLOBAL,S3D3,PWRHYDTZAXX01,HYDTZAXX,2041,0.39101761898496
GLOBAL,S3D3,PWRHYDTZAXX01,HYDTZAXX,2042,0.39101761898496
GLOBAL,S3D3,PWRHYDTZAXX01,HYDTZAXX,2043,0.39101761898496
GLOBAL,S3D3,PWRHYDTZAXX01,HYDTZAXX,2044,0.39101761898496
GLOBAL,S3D3,PWRHYDTZAXX01,HYDTZAXX,2045,0.39101761898496
GLOBAL,S3D3,PWRHYDTZAXX01,HYDTZAXX,2046,0.39101761898496
GLOBAL,S3D3,PWRHYDTZAXX01,HYDTZAXX,2047,0.39101761898496
GLOBAL,S3D3,PWRHYDTZAXX01,HYDTZAXX,2048,0.39101761898496
GLOBAL,S3D3,PWRHYDTZAXX01,HYDTZAXX,2049,0.39101761898496
GLOBAL,S3D3,PWRHYDTZAXX01,HYDTZAXX,2050,0.39101761898496
GLOBAL,S3D3,PWRSDSKENXX01,ELCKENXX01,2021,0.00105393312
GLOBAL,S3D3,PWRSDSKENXX01,ELCKENXX01,2022,0.00105393312
GLOBAL,S3D3,PWRSDSKENXX01,ELCKENXX01,2023,0.00105393312
GLOBAL,S3D3,PWRSDSKENXX01,ELCKENXX01,2027,6.0066879999999984e-05
GLOBAL,S3D3,PWRSDSKENXX01,ELCKENXX01,2028,0.00105393312
GLOBAL,S3D3,PWRSDSKENXX01,ELCKENXX01,2029,0.00105393312
GLOBAL,S3D3,PWRSDSKENXX01,ELCKENXX01,2030,0.00105393312
GLOBAL,S3D3,PWRSDSKENXX01,ELCKENXX01,2031,0.001114
GLOBAL,S3D3,PWRSDSKENXX01,ELCKENXX01,2032,0.001114
GLOBAL,S3D3,PWRSDSKENXX01,ELCKENXX01,2036,0.001114
GLOBAL,S3D3,PWRSDSKENXX01,ELCKENXX01,2039,0.001114
GLOBAL,S3D3,PWRSDSKENXX01,ELCKENXX01,2040,0.0011140000000000028
GLOBAL,S3D3,PWRSDSKENXX01,ELCKENXX01,2041,0.001114
GLOBAL,S3D3,PWRSDSKENXX01,ELCKENXX01,2042,0.001114
GLOBAL,S3D3,PWRSDSKENXX01,ELCKENXX01,2043,0.001114
GLOBAL,S3D3,PWRSPVKENXX01,SPVKENXX,2021,0.059288426643082134
GLOBAL,S3D3,PWRSPVKENXX01,SPVKENXX,2022,0.08623771148084675
GLOBAL,S3D3,PWRSPVKENXX01,SPVKENXX,2023,0.07393380483307811
GLOBAL,S3D3,PWRSPVKENXX01,SPVKENXX,2024,0.09971235389972902
GLOBAL,S3D3,PWRSPVKENXX01,SPVKENXX,2025,0.09971235389972902
GLOBAL,S3D3,PWRSPVKENXX01,SPVKENXX,2026,0.6684260665064802
GLOBAL,S3D3,PWRSPVKENXX01,SPVKENXX,2027,0.7204921671339735
GLOBAL,S3D3,PWRSPVKENXX01,SPVKENXX,2028,0.7725582677614666
GLOBAL,S3D3,PWRSPVKENXX01,SPVKENXX,2029,0.8247465892824516
GLOBAL,S3D3,PWRSPVKENXX01,SPVKENXX,2030,0.8768126899099452
GLOBAL,S3D3,PWRSPVKENXX01,SPVKENXX,2031,1.405051391581367
GLOBAL,S3D3,PWRSPVKENXX01,SPVKENXX,2032,1.4950670796380545
GLOBAL,S3D3,PWRSPVKENXX01,SPVKENXX,2033,1.5850827676947412
GLOBAL,S3D3,PWRSPVKENXX01,SPVKENXX,2034,1.675098455751429
GLOBAL,S3D3,PWRSPVKENXX01,SPVKENXX,2035,1.7649308124678784
GLOBAL,S3D3,PWRSPVKENXX01,SPVKENXX,2036,2.4920840182971524
GLOBAL,S3D3,PWRSPVKENXX01,SPVKENXX,2037,2.630682511516818
GLOBAL,S3D3,PWRSPVKENXX01,SPVKENXX,2038,2.769525446523467
GLOBAL,S3D3,PWRSPVKENXX01,SPVKENXX,2039,2.9081239397431324
GLOBAL,S3D3,PWRSPVKENXX01,SPVKENXX,2040,3.04696687474978
GLOBAL,S3D3,PWRSPVKENXX01,SPVKENXX,2041,3.2192983345731734
GLOBAL,S3D3,PWRSPVKENXX01,SPVKENXX,2042,3.3913853526095843
GLOBAL,S3D3,PWRSPVKENXX01,SPVKENXX,2043,3.563716812432977
GLOBAL,S3D3,PWRSPVKENXX01,SPVKENXX,2044,3.7360482722563697
GLOBAL,S3D3,PWRSPVKENXX01,SPVKENXX,2045,3.908379732079763
GLOBAL,S3D3,PWRSPVKENXX01,SPVKENXX,2046,4.124466271773209
GLOBAL,S3D3,PWRSPVKENXX01,SPVKENXX,2047,4.340797253253638
GLOBAL,S3D3,PWRSPVKENXX01,SPVKENXX,2048,4.556883792947085
GLOBAL,S3D3,PWRSPVKENXX01,SPVKENXX,2049,4.77297033264053
GLOBAL,S3D3,PWRSPVKENXX01,SPVKENXX,2050,4.989056872333976
GLOBAL,S3D3,PWRSPVTZAXX01,SPVTZAXX,2026,0.9338796475094521
GLOBAL,S3D3,PWRSPVTZAXX01,SPVTZAXX,2027,1.0075045243314227
GLOBAL,S3D3,PWRSPVTZAXX01,SPVTZAXX,2028,1.081247389738044
GLOBAL,S3D3,PWRSPVTZAXX01,SPVTZAXX,2029,1.1549902551446656
GLOBAL,S3D3,PWRSPVTZAXX01,SPVTZAXX,2030,1.2287331205512866
GLOBAL,S3D3,PWRSPVTZAXX01,SPVTZAXX,2031,1.9767217529437278
GLOBAL,S3D3,PWRSPVTZAXX01,SPVTZAXX,2032,2.110520807937501
GLOBAL,S3D3,PWRSPVTZAXX01,SPVTZAXX,2033,2.2443198629312753
GLOBAL,S3D3,PWRSPVTZAXX01,SPVTZAXX,2034,2.377941935048073
GLOBAL,S3D3,PWRSPVTZAXX01,SPVTZAXX,2035,2.511740990041847
GLOBAL,S3D3,PWRSPVTZAXX01,SPVTZAXX,2036,3.5608954847549303
GLOBAL,S3D3,PWRSPVTZAXX01,SPVTZAXX,2037,3.7725670056180944
GLOBAL,S3D3,PWRSPVTZAXX01,SPVTZAXX,2038,3.984474503650562
GLOBAL,S3D3,PWRSPVTZAXX01,SPVTZAXX,2039,4.196382001683029
GLOBAL,S3D3,PWRSPVTZAXX01,SPVTZAXX,2040,4.4082894997154956
GLOBAL,S3D3,PWRSPVTZAXX01,SPVTZAXX,2041,4.658661276344055
GLOBAL,S3D3,PWRSPVTZAXX01,SPVTZAXX,2042,4.9090330529726165
GLOBAL,S3D3,PWRSPVTZAXX01,SPVTZAXX,2043,5.159404829601178
GLOBAL,S3D3,PWRSPVTZAXX01,SPVTZAXX,2044,5.410012583399038
GLOBAL,S3D3,PWRSPVTZAXX01,SPVTZAXX,2045,5.660384360027598
GLOBAL,S3D3,PWRSPVTZAXX01,SPVTZAXX,2046,5.971166291997264
GLOBAL,S3D3,PWRSPVTZAXX01,SPVTZAXX,2047,6.281948223966928
GLOBAL,S3D3,PWRSPVTZAXX01,SPVTZAXX,2048,6.592730155936596
GLOBAL,S3D3,PWRSPVTZAXX01,SPVTZAXX,2049,6.903276110736959
GLOBAL,S3D3,PWRSPVTZAXX01,SPVTZAXX,2050,7.214058042706622
GLOBAL,S3D3,PWRTRNKENXX,ELCKENXX01,2021,2.76
GLOBAL,S3D3,PWRTRNKENXX,ELCKENXX01,2022,2.8799999999999994
GLOBAL,S3D3,PWRTRNKENXX,ELCKENXX01,2023,2.8499489304844396
GLOBAL,S3D3,PWRTRNKENXX,ELCKENXX01,2024,2.94
GLOBAL,S3D3,PWRTRNKENXX,ELCKENXX01,2025,3.0258000000000003
GLOBAL,S3D3,PWRTRNKENXX,ELCKENXX01,2026,3.2814
GLOBAL,S3D3,PWRTRNKENXX,ELCKENXX01,2027,3.537
GLOBAL,S3D3,PWRTRNKENXX,ELCKENXX01,2028,3.7926
GLOBAL,S3D3,PWRTRNKENXX,ELCKENXX01,2029,4.0488
GLOBAL,S3D3,PWRTRNKENXX,ELCKENXX01,2030,4.3044
GLOBAL,S3D3,PWRTRNKENXX,ELCKENXX01,2031,4.598399999999999
GLOBAL,S3D3,PWRTRNKENXX,ELCKENXX01,2032,4.893
GLOBAL,S3D3,PWRTRNKENXX,ELCKENXX01,2033,5.187600000000001
GLOBAL,S3D3,PWRTRNKENXX,ELCKENXX01,2034,5.482200000000001
GLOBAL,S3D3,PWRTRNKENXX,ELCKENXX01,2035,5.7762
GLOBAL,S3D3,PWRTRNKENXX,ELCKENXX01,2036,6.117
GLOBAL,S3D3,PWRTRNKENXX,ELCKENXX01,2037,6.457200000000001
GLOBAL,S3D3,PWRTRNKENXX,ELCKENXX01,2038,6.798
GLOBAL,S3D3,PWRTRNKENXX,ELCKENXX01,2039,7.1382
GLOBAL,S3D3,PWRTRNKENXX,ELCKENXX01,2040,7.479000000000001
GLOBAL,S3D3,PWRTRNKENXX,ELCKENXX01,2041,7.901999999999999
GLOBAL,S3D3,PWRTRNKENXX,ELCKENXX01,2042,8.3244
GLOBAL,S3D3,PWRTRNKENXX,ELCKENXX01,2043,8.7474
GLOBAL,S3D3,PWRTRNKENXX,ELCKENXX01,2044,9.1704
GLOBAL,S3D3,PWRTRNKENXX,ELCKENXX01,2045,9.5934
GLOBAL,S3D3,PWRTRNKENXX,ELCKENXX01,2046,10.1238
GLOBAL,S3D3,PWRTRNKENXX,ELCKENXX01,2047,10.6548
GLOBAL,S3D3,PWRTRNKENXX,ELCKENXX01,2048,11.185200000000002
GLOBAL,S3D3,PWRTRNKENXX,ELCKENXX01,2049,11.7156
GLOBAL,S3D3,PWRTRNKENXX,ELCKENXX01,2050,12.246000000000002
GLOBAL,S3D3,PWRTRNTZAXX,ELCTZAXX01,2021,1.9499489304844393
GLOBAL,S3D3,PWRTRNTZAXX,ELCTZAXX01,2022,2.1299489304844395
GLOBAL,S3D3,PWRTRNTZAXX,ELCTZAXX01,2023,2.3999999999999995
GLOBAL,S3D3,PWRTRNTZAXX,ELCTZAXX01,2024,4.0788
GLOBAL,S3D3,PWRTRNTZAXX,ELCTZAXX01,2025,4.374
GLOBAL,S3D3,PWRTRNTZAXX,ELCTZAXX01,2026,4.749
GLOBAL,S3D3,PWRTRNTZAXX,ELCTZAXX01,2027,5.1234
GLOBAL,S3D3,PWRTRNTZAXX,ELCTZAXX01,2028,5.498399999999999
GLOBAL,S3D3,PWRTRNTZAXX,ELCTZAXX01,2029,5.8734
GLOBAL,S3D3,PWRTRNTZAXX,ELCTZAXX01,2030,6.248399999999999
GLOBAL,S3D3,PWRTRNTZAXX,ELCTZAXX01,2031,6.7014000000000005
GLOBAL,S3D3,PWRTRNTZAXX,ELCTZAXX01,2032,7.155
GLOBAL,S3D3,PWRTRNTZAXX,ELCTZAXX01,2033,7.6086
GLOBAL,S3D3,PWRTRNTZAXX,ELCTZAXX01,2034,8.0616
GLOBAL,S3D3,PWRTRNTZAXX,ELCTZAXX01,2035,8.5152
GLOBAL,S3D3,PWRTRNTZAXX,ELCTZAXX01,2036,9.054
GLOBAL,S3D3,PWRTRNTZAXX,ELCTZAXX01,2037,9.5922
GLOBAL,S3D3,PWRTRNTZAXX,ELCTZAXX01,2038,10.131
GLOBAL,S3D3,PWRTRNTZAXX,ELCTZAXX01,2039,10.6698
GLOBAL,S3D3,PWRTRNTZAXX,ELCTZAXX01,2040,11.2086
GLOBAL,S3D3,PWRTRNTZAXX,ELCTZAXX01,2041,11.845199999999998
GLOBAL,S3D3,PWRTRNTZAXX,ELCTZAXX01,2042,12.4818
GLOBAL,S3D3,PWRTRNTZAXX,ELCTZAXX01,2043,13.1184
GLOBAL,S3D3,PWRTRNTZAXX,ELCTZAXX01,2044,13.755599999999998
GLOBAL,S3D3,PWRTRNTZAXX,ELCTZAXX01,2045,14.3922
GLOBAL,S3D3,PWRTRNTZAXX,ELCTZAXX01,2046,15.1824
GLOBAL,S3D3,PWRTRNTZAXX,ELCTZAXX01,2047,15.9726
GLOBAL,S3D3,PWRTRNTZAXX,ELCTZAXX01,2048,16.7628
GLOBAL,S3D3,PWRTRNTZAXX,ELCTZAXX01,2049,17.5524
GLOBAL,S3D3,PWRTRNTZAXX,ELCTZAXX01,2050,18.3426
GLOBAL,S3D3,PWRWONKENXX01,WONKENXX,2021,0.1106629776
GLOBAL,S3D3,PWRWONKENXX01,WONKENXX,2022,0.03030918955545986
GLOBAL,S3D3,PWRWONKENXX01,WONKENXX,2023,0.1106629776
GLOBAL,S3D3,PWRWONKENXX01,WONKENXX,2024,0.10209977099999999
GLOBAL,S3D3,PWRWONKENXX01,WONKENXX,2025,0.10209977099999999
GLOBAL,S3D3,PWRWONKENXX01,WONKENXX,2026,0.10209977099999999
GLOBAL,S3D3,PWRWONKENXX01,WONKENXX,2027,0.10209977099999999
GLOBAL,S3D3,PWRWONKENXX01,WONKENXX,2028,0.10209977099999999
GLOBAL,S3D3,PWRWONKENXX01,WONKENXX,2029,0.10209977099999999
GLOBAL,S3D3,PWRWONKENXX01,WONKENXX,2030,0.10209977099999999
GLOBAL,S3D3,PWRWONKENXX01,WONKENXX,2031,0.10209977099999999
GLOBAL,S3D3,PWRWONKENXX01,WONKENXX,2032,0.10209977099999999
GLOBAL,S3D3,PWRWONKENXX01,WONKENXX,2033,0.10209977099999999
GLOBAL,S3D3,PWRWONKENXX01,WONKENXX,2034,0.10209977099999999
GLOBAL,S3D3,PWRWONKENXX01,WONKENXX,2035,0.10209977099999999
GLOBAL,S3D3,PWRWONKENXX01,WONKENXX,2036,0.10209977099999999
GLOBAL,S3D3,PWRWONKENXX01,WONKENXX,2037,0.10209977099999999
GLOBAL,S3D3,PWRWONKENXX01,WONKENXX,2038,0.10209977099999999
GLOBAL,S3D3,PWRWONKENXX01,WONKENXX,2039,0.10209977099999999
GLOBAL,S3D3,PWRWONKENXX01,WONKENXX,2040,0.10209977099999999
GLOBAL,S3D3,PWRWONKENXX01,WONKENXX,2041,0.10209977099999999
GLOBAL,S3D3,PWRWONKENXX01,WONKENXX,2042,0.10209977099999999
GLOBAL,S3D3,PWRWONKENXX01,WONKENXX,2043,0.10209977099999999
GLOBAL,S3D3,PWRWONKENXX01,WONKENXX,2044,0.10209977099999999
GLOBAL,S3D3,PWRWONKENXX01,WONKENXX,2045,0.10209977099999999
GLOBAL,S3D3,PWRWONKENXX01,WONKENXX,2046,0.10209977099999999
GLOBAL,S3D3,PWRWONKENXX01,WONKENXX,2047,0.009586121225760177
GLOBAL,S3D3,TRNKENXXTZAXX,ELCKENXX02,2023,0.029948930484439275
GLOBAL,S3D3,TRNKENXXTZAXX,ELCTZAXX02,2021,0.029948930484439275
GLOBAL,S3D3,TRNKENXXTZAXX,ELCTZAXX02,2022,0.029948930484439275
GLOBAL,S3D4,PWRBIOKENXX01,BIOKENXX,2021,0.4995642988799999
GLOBAL,S3D4,PWRBIOKENXX01,BIOKENXX,2022,0.4995642988799999
GLOBAL,S3D4,PWRBIOKENXX01,BIOKENXX,2023,0.4995642988799999
GLOBAL,S3D4,PWRBIOKENXX01,BIOKENXX,2024,1.4351989642509941
GLOBAL,S3D4,PWRBIOKENXX01,BIOKENXX,2025,1.6402938955653468
GLOBAL,S3D4,PWRBIOKENXX01,BIOKENXX,2026,1.6402938955653468
GLOBAL,S3D4,PWRBIOKENXX01,BIOKENXX,2027,2.1301980358741957
GLOBAL,S3D4,PWRBIOKENXX01,BIOKENXX,2028,2.344700010781519
GLOBAL,S3D4,PWRBIOKENXX01,BIOKENXX,2029,2.5533673509869574
GLOBAL,S3D4,PWRBIOKENXX01,BIOKENXX,2030,2.8808445983543938
GLOBAL,S3D4,PWRBIOKENXX01,BIOKENXX,2031,3.0923039876926133
GLOBAL,S3D4,PWRBIOKENXX01,BIOKENXX,2032,3.71875037408485
GLOBAL,S3D4,PWRBIOKENXX01,BIOKENXX,2033,3.9900356556395016
GLOBAL,S3D4,PWRBIOKENXX01,BIOKENXX,2034,4.261320937194154
GLOBAL,S3D4,PWRBIOKENXX01,BIOKENXX,2035,4.861242448222169
GLOBAL,S3D4,PWRBIOKENXX01,BIOKENXX,2036,4.861242448222169
GLOBAL,S3D4,PWRBIOKENXX01,BIOKENXX,2037,5.762195222647984
GLOBAL,S3D4,PWRBIOKENXX01,BIOKENXX,2038,6.695793074423458
GLOBAL,S3D4,PWRBIOKENXX01,BIOKENXX,2039,7.198402487859135
GLOBAL,S3D4,PWRBIOKENXX01,BIOKENXX,2040,7.7016584176963105
GLOBAL,S3D4,PWRBIOKENXX01,BIOKENXX,2041,8.318179346261802
GLOBAL,S3D4,PWRBIOKENXX01,BIOKENXX,2042,10.465930927741985
GLOBAL,S3D4,PWRBIOKENXX01,BIOKENXX,2043,10.971722081881262
GLOBAL,S3D4,PWRBIOKENXX01,BIOKENXX,2044,11.477513236020542
GLOBAL,S3D4,PWRBIOKENXX01,BIOKENXX,2045,11.983304390159809
GLOBAL,S3D4,PWRBIOKENXX01,BIOKENXX,2046,10.712229581025982
GLOBAL,S3D4,PWRBIOKENXX01,BIOKENXX,2047,11.288356866355803
GLOBAL,S3D4,PWRBIOKENXX01,BIOKENXX,2048,11.964471928447864
GLOBAL,S3D4,PWRBIOKENXX01,BIOKENXX,2049,12.53599242737616
GLOBAL,S3D4,PWRBIOKENXX01,BIOKENXX,2050,13.107512926304478
GLOBAL,S3D4,PWRBIOTZAXX01,BIOTZAXX,2021,0.8544535978645578
GLOBAL,S3D4,PWRBIOTZAXX01,BIOTZAXX,2022,0.9980807135451303
GLOBAL,S3D4,PWRBIOTZAXX01,BIOTZAXX,2023,1.0287582249869889
GLOBAL,S3D4,PWRBIOTZAXX01,BIOTZAXX,2024,1.0287582249869889
GLOBAL,S3D4,PWRBIOTZAXX01,BIOTZAXX,2025,1.807173369093691
GLOBAL,S3D4,PWRBIOTZAXX01,BIOTZAXX,2026,1.807173369093691
GLOBAL,S3D4,PWRBIOTZAXX01,BIOTZAXX,2027,2.7755445157608993
GLOBAL,S3D4,PWRBIOTZAXX01,BIOTZAXX,2028,2.8968289293298968
GLOBAL,S3D4,PWRBIOTZAXX01,BIOTZAXX,2029,3.0243318045279115
GLOBAL,S3D4,PWRBIOTZAXX01,BIOTZAXX,2030,4.376874081294463
GLOBAL,S3D4,PWRBIOTZAXX01,BIOTZAXX,2031,4.376874081294463
GLOBAL,S3D4,PWRBIOTZAXX01,BIOTZAXX,2032,5.894654091795701
GLOBAL,S3D4,PWRBIOTZAXX01,BIOTZAXX,2033,6.240913788408558
GLOBAL,S3D4,PWRBIOTZAXX01,BIOTZAXX,2034,6.58671546954974
GLOBAL,S3D4,PWRBIOTZAXX01,BIOTZAXX,2035,6.932975166162603
GLOBAL,S3D4,PWRBIOTZAXX01,BIOTZAXX,2036,6.932975166162603
GLOBAL,S3D4,PWRBIOTZAXX01,BIOTZAXX,2037,7.5755007513934975
GLOBAL,S3D4,PWRBIOTZAXX01,BIOTZAXX,2038,7.827330054241383
GLOBAL,S3D4,PWRBIOTZAXX01,BIOTZAXX,2039,8.220594513548761
GLOBAL,S3D4,PWRBIOTZAXX01,BIOTZAXX,2040,8.613858972856136
GLOBAL,S3D4,PWRBIOTZAXX01,BIOTZAXX,2041,9.078506624665858
GLOBAL,S3D4,PWRBIOTZAXX01,BIOTZAXX,2042,9.543154276475564
GLOBAL,S3D4,PWRBIOTZAXX01,BIOTZAXX,2043,10.007801928285303
GLOBAL,S3D4,PWRBIOTZAXX01,BIOTZAXX,2044,10.472887513791349
GLOBAL,S3D4,PWRBIOTZAXX01,BIOTZAXX,2045,10.93753516560107
GLOBAL,S3D4,PWRBIOTZAXX01,BIOTZAXX,2046,11.514293843672167
GLOBAL,S3D4,PWRBIOTZAXX01,BIOTZAXX,2047,12.091052521743213
GLOBAL,S3D4,PWRBIOTZAXX01,BIOTZAXX,2048,12.667811199814293
GLOBAL,S3D4,PWRBIOTZAXX01,BIOTZAXX,2049,13.244131944189013
GLOBAL,S3D4,PWRBIOTZAXX01,BIOTZAXX,2050,13.820890622260064
GLOBAL,S3D4,PWRCCGTZAXX00,GASINT,2021,0.5994144109648395
GLOBAL,S3D4,PWRCCGTZAXX00,GASINT,2022,0.6034960686825087
GLOBAL,S3D4,PWRCCGTZAXX00,GASINT,2023,0.8020829781403913
GLOBAL,S3D4,PWRCCGTZAXX00,GASINT,2024,0.902447799552
GLOBAL,S3D4,PWRCCGTZAXX01,GASINT,2023,0.0621555990775791
GLOBAL,S3D4,PWRCCGTZAXX01,GASINT,2024,0.38538011347734435
GLOBAL,S3D4,PWRCCGTZAXX01,GASINT,2025,0.43960280038552185
GLOBAL,S3D4,PWRCCGTZAXX01,GASINT,2026,0.43960280038552185
GLOBAL,S3D4,PWRCCGTZAXX01,GASINT,2027,0.43960280038552185
GLOBAL,S3D4,PWRCCGTZAXX01,GASINT,2028,0.43960280038552185
GLOBAL,S3D4,PWRCCGTZAXX01,GASINT,2029,0.43960280038552185
GLOBAL,S3D4,PWRCCGTZAXX01,GASINT,2030,0.4254011483457356
GLOBAL,S3D4,PWRCCGTZAXX01,GASINT,2031,0.43615347662931125
GLOBAL,S3D4,PWRGEOKENXX01,GEOKENXX,2021,1.8829937221037945
GLOBAL,S3D4,PWRGEOKENXX01,GEOKENXX,2022,1.9882203625502237
GLOBAL,S3D4,PWRGEOKENXX01,GEOKENXX,2023,1.9882203625502237
GLOBAL,S3D4,PWRGEOKENXX01,GEOKENXX,2024,1.9882203625502233
GLOBAL,S3D4,PWRGEOKENXX01,GEOKENXX,2025,2.0234169032735294
GLOBAL,S3D4,PWRGEOKENXX01,GEOKENXX,2026,2.0234169032735294
GLOBAL,S3D4,PWRGEOKENXX01,GEOKENXX,2027,2.140275122671816
GLOBAL,S3D4,PWRGEOKENXX01,GEOKENXX,2028,2.3433775173688125
GLOBAL,S3D4,PWRGEOKENXX01,GEOKENXX,2029,2.548962425233005
GLOBAL,S3D4,PWRGEOKENXX01,GEOKENXX,2030,2.717157937733966
GLOBAL,S3D4,PWRGEOKENXX01,GEOKENXX,2031,2.717157937733966
GLOBAL,S3D4,PWRGEOKENXX01,GEOKENXX,2032,2.815560263750383
GLOBAL,S3D4,PWRGEOKENXX01,GEOKENXX,2033,3.0263553444622366
GLOBAL,S3D4,PWRGEOKENXX01,GEOKENXX,2034,3.2371504251740926
GLOBAL,S3D4,PWRGEOKENXX01,GEOKENXX,2035,3.3433425344197922
GLOBAL,S3D4,PWRGEOKENXX01,GEOKENXX,2036,3.3608276736457614
GLOBAL,S3D4,PWRGEOKENXX01,GEOKENXX,2037,3.4001645272831555
GLOBAL,S3D4,PWRGEOKENXX01,GEOKENXX,2038,3.429742879801324
GLOBAL,S3D4,PWRGEOKENXX01,GEOKENXX,2039,3.5951377590685074
GLOBAL,S3D4,PWRGEOKENXX01,GEOKENXX,2040,3.760900264098797
GLOBAL,S3D4,PWRGEOKENXX01,GEOKENXX,2041,3.9692134949646403
GLOBAL,S3D4,PWRGEOKENXX01,GEOKENXX,2042,3.692387843954662
GLOBAL,S3D4,PWRGEOKENXX01,GEOKENXX,2043,3.935742142676902
GLOBAL,S3D4,PWRGEOKENXX01,GEOKENXX,2044,4.179096441399143
GLOBAL,S3D4,PWRGEOKENXX01,GEOKENXX,2045,4.472180273951433
GLOBAL,S3D4,PWRGEOKENXX01,GEOKENXX,2046,5.330531695737298
GLOBAL,S3D4,PWRGEOKENXX01,GEOKENXX,2047,5.654627246083989
GLOBAL,S3D4,PWRGEOKENXX01,GEOKENXX,2048,6.077414395087395
GLOBAL,S3D4,PWRGEOKENXX01,GEOKENXX,2049,6.402395569670987
GLOBAL,S3D4,PWRGEOKENXX01,GEOKENXX,2050,6.727376744254574
GLOBAL,S3D4,PWRGEOTZAXX01,GEOTZAXX,2021,1.349711809807593
GLOBAL,S3D4,PWRGEOTZAXX01,GEOTZAXX,2022,1.5149280508343461
GLOBAL,S3D4,PWRGEOTZAXX01,GEOTZAXX,2023,1.744238226912128
GLOBAL,S3D4,PWRGEOTZAXX01,GEOTZAXX,2024,3.4351165629233766
GLOBAL,S3D4,PWRGEOTZAXX01,GEOTZAXX,2025,3.647105342471458
GLOBAL,S3D4,PWRGEOTZAXX01,GEOTZAXX,2026,3.647105342471458
GLOBAL,S3D4,PWRGEOTZAXX01,GEOTZAXX,2027,3.7094824407768074
GLOBAL,S3D4,PWRGEOTZAXX01,GEOTZAXX,2028,4.027709962114664
GLOBAL,S3D4,PWRGEOTZAXX01,GEOTZAXX,2029,4.34403013757221
GLOBAL,S3D4,PWRGEOTZAXX01,GEOTZAXX,2030,4.512361152437365
GLOBAL,S3D4,PWRGEOTZAXX01,GEOTZAXX,2031,4.512361152437365
GLOBAL,S3D4,PWRGEOTZAXX01,GEOTZAXX,2032,4.710272511427572
GLOBAL,S3D4,PWRGEOTZAXX01,GEOTZAXX,2033,5.041915034171702
GLOBAL,S3D4,PWRGEOTZAXX01,GEOTZAXX,2034,5.373118876330184
GLOBAL,S3D4,PWRGEOTZAXX01,GEOTZAXX,2035,5.704761399074315
GLOBAL,S3D4,PWRGEOTZAXX01,GEOTZAXX,2036,5.599609975704773
GLOBAL,S3D4,PWRGEOTZAXX01,GEOTZAXX,2037,5.886521781636505
GLOBAL,S3D4,PWRGEOTZAXX01,GEOTZAXX,2038,6.291294762186515
GLOBAL,S3D4,PWRGEOTZAXX01,GEOTZAXX,2039,6.653594722778722
GLOBAL,S3D4,PWRGEOTZAXX01,GEOTZAXX,2040,7.015894683370929
GLOBAL,S3D4,PWRGEOTZAXX01,GEOTZAXX,2041,7.443957331687554
GLOBAL,S3D4,PWRGEOTZAXX01,GEOTZAXX,2042,7.8720199800041835
GLOBAL,S3D4,PWRGEOTZAXX01,GEOTZAXX,2043,8.300082628320807
GLOBAL,S3D4,PWRGEOTZAXX01,GEOTZAXX,2044,8.728548728709365
GLOBAL,S3D4,PWRGEOTZAXX01,GEOTZAXX,2045,9.156611377025992
GLOBAL,S3D4,PWRGEOTZAXX01,GEOTZAXX,2046,9.687957755756424
GLOBAL,S3D4,PWRGEOTZAXX01,GEOTZAXX,2047,10.219304134486869
GLOBAL,S3D4,PWRGEOTZAXX01,GEOTZAXX,2048,10.750650513217304
GLOBAL,S3D4,PWRGEOTZAXX01,GEOTZAXX,2049,11.281593439875817
GLOBAL,S3D4,PWRGEOTZAXX01,GEOTZAXX,2050,11.81293981860626
GLOBAL,S3D4,PWRHYDKENXX01,HYDKENXX,2021,0.803677368146976
GLOBAL,S3D4,PWRHYDKENXX01,HYDKENXX,2022,0.803677368146976
GLOBAL,S3D4,PWRHYDKENXX01,HYDKENXX,2023,0.803677368146976
GLOBAL,S3D4,PWRHYDKENXX01,HYDKENXX,2024,0.803677368146976
GLOBAL,S3D4,PWRHYDKENXX01,HYDKENXX,2025,0.803677368146976
GLOBAL,S3D4,PWRHYDKENXX01,HYDKENXX,2026,0.803677368146976
GLOBAL,S3D4,PWRHYDKENXX01,HYDKENXX,2027,0.803677368146976
GLOBAL,S3D4,PWRHYDKENXX01,HYDKENXX,2028,0.803677368146976
GLOBAL,S3D4,PWRHYDKENXX01,HYDKENXX,2029,0.803677368146976
GLOBAL,S3D4,PWRHYDKENXX01,HYDKENXX,2030,0.803677368146976
GLOBAL,S3D4,PWRHYDKENXX01,HYDKENXX,2031,0.803677368146976
GLOBAL,S3D4,PWRHYDKENXX01,HYDKENXX,2032,0.803677368146976
GLOBAL,S3D4,PWRHYDKENXX01,HYDKENXX,2033,0.803677368146976
GLOBAL,S3D4,PWRHYDKENXX01,HYDKENXX,2034,0.803677368146976
GLOBAL,S3D4,PWRHYDKENXX01,HYDKENXX,2035,0.803677368146976
GLOBAL,S3D4,PWRHYDKENXX01,HYDKENXX,2036,0.803677368146976
GLOBAL,S3D4,PWRHYDKENXX01,HYDKENXX,2037,0.803677368146976
GLOBAL,S3D4,PWRHYDKENXX01,HYDKENXX,2038,0.803677368146976
GLOBAL,S3D4,PWRHYDKENXX01,HYDKENXX,2039,0.803677368146976
GLOBAL,S3D4,PWRHYDKENXX01,HYDKENXX,2040,0.803677368146976
GLOBAL,S3D4,PWRHYDKENXX01,HYDKENXX,2041,0.803677368146976
GLOBAL,S3D4,PWRHYDKENXX01,HYDKENXX,2042,0.803677368146976
GLOBAL,S3D4,PWRHYDKENXX01,HYDKENXX,2043,0.803677368146976
GLOBAL,S3D4,PWRHYDKENXX01,HYDKENXX,2044,0.803677368146976
GLOBAL,S3D4,PWRHYDKENXX01,HYDKENXX,2045,0.7539478343169302
GLOBAL,S3D4,PWRHYDKENXX01,HYDKENXX,2046,0.803677368146976
GLOBAL,S3D4,PWRHYDKENXX01,HYDKENXX,2047,0.803677368146976
GLOBAL,S3D4,PWRHYDKENXX01,HYDKENXX,2048,0.803677368146976
GLOBAL,S3D4,PWRHYDKENXX01,HYDKENXX,2049,0.803677368146976
GLOBAL,S3D4,PWRHYDKENXX01,HYDKENXX,2050,0.803677368146976
GLOBAL,S3D4,PWRHYDTZAXX01,HYDTZAXX,2021,0.39101761898496
GLOBAL,S3D4,PWRHYDTZAXX01,HYDTZAXX,2022,0.39101761898496
GLOBAL,S3D4,PWRHYDTZAXX01,HYDTZAXX,2023,0.39101761898496
GLOBAL,S3D4,PWRHYDTZAXX01,HYDTZAXX,2024,0.39101761898496
GLOBAL,S3D4,PWRHYDTZAXX01,HYDTZAXX,2025,0.39101761898496
GLOBAL,S3D4,PWRHYDTZAXX01,HYDTZAXX,2026,0.39101761898496
GLOBAL,S3D4,PWRHYDTZAXX01,HYDTZAXX,2027,0.39101761898496
GLOBAL,S3D4,PWRHYDTZAXX01,HYDTZAXX,2028,0.39101761898496
GLOBAL,S3D4,PWRHYDTZAXX01,HYDTZAXX,2029,0.39101761898496
GLOBAL,S3D4,PWRHYDTZAXX01,HYDTZAXX,2030,0.39101761898496
GLOBAL,S3D4,PWRHYDTZAXX01,HYDTZAXX,2031,0.39101761898496
GLOBAL,S3D4,PWRHYDTZAXX01,HYDTZAXX,2032,0.39101761898496
GLOBAL,S3D4,PWRHYDTZAXX01,HYDTZAXX,2033,0.39101761898496
GLOBAL,S3D4,PWRHYDTZAXX01,HYDTZAXX,2034,0.39101761898496
GLOBAL,S3D4,PWRHYDTZAXX01,HYDTZAXX,2035,0.39101761898496
GLOBAL,S3D4,PWRHYDTZAXX01,HYDTZAXX,2036,0.39101761898496
GLOBAL,S3D4,PWRHYDTZAXX01,HYDTZAXX,2037,0.39101761898496
GLOBAL,S3D4,PWRHYDTZAXX01,HYDTZAXX,2038,0.39101761898496
GLOBAL,S3D4,PWRHYDTZAXX01,HYDTZAXX,2039,0.39101761898496
GLOBAL,S3D4,PWRHYDTZAXX01,HYDTZAXX,2040,0.39101761898496
GLOBAL,S3D4,PWRHYDTZAXX01,HYDTZAXX,2041,0.39101761898496
GLOBAL,S3D4,PWRHYDTZAXX01,HYDTZAXX,2042,0.39101761898496
GLOBAL,S3D4,PWRHYDTZAXX01,HYDTZAXX,2043,0.39101761898496
GLOBAL,S3D4,PWRHYDTZAXX01,HYDTZAXX,2044,0.39101761898496
GLOBAL,S3D4,PWRHYDTZAXX01,HYDTZAXX,2045,0.39101761898496
GLOBAL,S3D4,PWRHYDTZAXX01,HYDTZAXX,2046,0.39101761898496
GLOBAL,S3D4,PWRHYDTZAXX01,HYDTZAXX,2047,0.39101761898496
GLOBAL,S3D4,PWRHYDTZAXX01,HYDTZAXX,2048,0.39101761898496
GLOBAL,S3D4,PWRHYDTZAXX01,HYDTZAXX,2049,0.39101761898496
GLOBAL,S3D4,PWRHYDTZAXX01,HYDTZAXX,2050,0.39101761898496
GLOBAL,S3D4,PWROCGTZAXX00,GASINT,2024,0.18267769362985675
GLOBAL,S3D4,PWROCGTZAXX00,GASINT,2025,0.308749707504
GLOBAL,S3D4,PWROCGTZAXX00,GASINT,2026,0.24203179074337933
GLOBAL,S3D4,PWROCGTZAXX00,GASINT,2027,0.308749707504
GLOBAL,S3D4,PWROCGTZAXX00,GASINT,2028,0.308749707504
GLOBAL,S3D4,PWROCGTZAXX00,GASINT,2029,0.308749707504
GLOBAL,S3D4,PWROCGTZAXX01,GASINT,2025,0.5477381983414696
GLOBAL,S3D4,PWROCGTZAXX01,GASINT,2027,0.023473671339867868
GLOBAL,S3D4,PWROCGTZAXX01,GASINT,2028,0.11283173674489022
GLOBAL,S3D4,PWROCGTZAXX01,GASINT,2029,0.20230391068909165
GLOBAL,S3D4,PWROILKENXX01,OILINT,2021,0.560074774718308
GLOBAL,S3D4,PWROILKENXX01,OILINT,2022,0.6175812621601133
GLOBAL,S3D4,PWROILKENXX01,OILINT,2023,0.4033995361015541
GLOBAL,S3D4,PWROILKENXX01,OILINT,2026,0.0025253761557369626
GLOBAL,S3D4,PWRSPVKENXX01,SPVKENXX,2021,0.030992659948799996
GLOBAL,S3D4,PWRSPVKENXX01,SPVKENXX,2022,0.0450802326528
GLOBAL,S3D4,PWRSPVKENXX01,SPVKENXX,2023,0.0521240190048
GLOBAL,S3D4,PWRSPVKENXX01,SPVKENXX,2024,0.0521240190048
GLOBAL,S3D4,PWRSPVKENXX01,SPVKENXX,2025,0.0521240190048
GLOBAL,S3D4,PWRSPVKENXX01,SPVKENXX,2026,0.34941561031568596
GLOBAL,S3D4,PWRSPVKENXX01,SPVKENXX,2027,0.3766328438125741
GLOBAL,S3D4,PWRSPVKENXX01,SPVKENXX,2028,0.40385007730946243
GLOBAL,S3D4,PWRSPVKENXX01,SPVKENXX,2029,0.43113120102582714
GLOBAL,S3D4,PWRSPVKENXX01,SPVKENXX,2030,0.45834843452271545
GLOBAL,S3D4,PWRSPVKENXX01,SPVKENXX,2031,0.7344819630991272
GLOBAL,S3D4,PWRSPVKENXX01,SPVKENXX,2032,0.7815371097433952
GLOBAL,S3D4,PWRSPVKENXX01,SPVKENXX,2033,0.8285922563876633
GLOBAL,S3D4,PWRSPVKENXX01,SPVKENXX,2034,0.8756474030319314
GLOBAL,S3D4,PWRSPVKENXX01,SPVKENXX,2035,0.9226067143469853
GLOBAL,S3D4,PWRSPVKENXX01,SPVKENXX,2036,1.3027215751210157
GLOBAL,S3D4,PWRSPVKENXX01,SPVKENXX,2037,1.3751730840070988
GLOBAL,S3D4,PWRSPVKENXX01,SPVKENXX,2038,1.4477523733321342
GLOBAL,S3D4,PWRSPVKENXX01,SPVKENXX,2039,1.5202038822182173
GLOBAL,S3D4,PWRSPVKENXX01,SPVKENXX,2040,1.5927831715432526
GLOBAL,S3D4,PWRSPVKENXX01,SPVKENXX,2041,1.6828683810047844
GLOBAL,S3D4,PWRSPVKENXX01,SPVKENXX,2042,1.7728258100273637
GLOBAL,S3D4,PWRSPVKENXX01,SPVKENXX,2043,1.8629110194888954
GLOBAL,S3D4,PWRSPVKENXX01,SPVKENXX,2044,1.9529962289504272
GLOBAL,S3D4,PWRSPVKENXX01,SPVKENXX,2045,2.043081438411959
GLOBAL,S3D4,PWRSPVKENXX01,SPVKENXX,2046,2.156039346445993
GLOBAL,S3D4,PWRSPVKENXX01,SPVKENXX,2047,2.26912503491898
GLOBAL,S3D4,PWRSPVKENXX01,SPVKENXX,2048,2.3820829429530144
GLOBAL,S3D4,PWRSPVKENXX01,SPVKENXX,2049,2.495040850987048
GLOBAL,S3D4,PWRSPVKENXX01,SPVKENXX,2050,2.6079987590210827
GLOBAL,S3D4,PWRSPVTZAXX01,SPVTZAXX,2026,0.653131187131122
GLOBAL,S3D4,PWRSPVTZAXX01,SPVTZAXX,2027,0.7046225150868791
GLOBAL,S3D4,PWRSPVTZAXX01,SPVTZAXX,2028,0.7561963611964121
GLOBAL,S3D4,PWRSPVTZAXX01,SPVTZAXX,2029,0.8077702073059447
GLOBAL,S3D4,PWRSPVTZAXX01,SPVTZAXX,2030,0.8593440534154773
GLOBAL,S3D4,PWRSPVTZAXX01,SPVTZAXX,2031,1.3824678892736892
GLOBAL,S3D4,PWRSPVTZAXX01,SPVTZAXX,2032,1.4760434756548255
GLOBAL,S3D4,PWRSPVTZAXX01,SPVTZAXX,2033,1.5696190620359614
GLOBAL,S3D4,PWRSPVTZAXX01,SPVTZAXX,2034,1.6630708711864346
GLOBAL,S3D4,PWRSPVTZAXX01,SPVTZAXX,2035,1.7566464575675702
GLOBAL,S3D4,PWRSPVTZAXX01,SPVTZAXX,2036,2.4903978809371137
GLOBAL,S3D4,PWRSPVTZAXX01,SPVTZAXX,2037,2.638435448809916
GLOBAL,S3D4,PWRSPVTZAXX01,SPVTZAXX,2038,2.7866380529902695
GLOBAL,S3D4,PWRSPVTZAXX01,SPVTZAXX,2039,2.9348406571706227
GLOBAL,S3D4,PWRSPVTZAXX01,SPVTZAXX,2040,3.083043261350976
GLOBAL,S3D4,PWRSPVTZAXX01,SPVTZAXX,2041,3.258146783662061
GLOBAL,S3D4,PWRSPVTZAXX01,SPVTZAXX,2042,3.4332503059731474
GLOBAL,S3D4,PWRSPVTZAXX01,SPVTZAXX,2043,3.608353828284232
GLOBAL,S3D4,PWRSPVTZAXX01,SPVTZAXX,2044,3.783622386902868
GLOBAL,S3D4,PWRSPVTZAXX01,SPVTZAXX,2045,3.9587259092139515
GLOBAL,S3D4,PWRSPVTZAXX01,SPVTZAXX,2046,4.176078726257967
GLOBAL,S3D4,PWRSPVTZAXX01,SPVTZAXX,2047,4.393431543301981
GLOBAL,S3D4,PWRSPVTZAXX01,SPVTZAXX,2048,4.6107843603459955
GLOBAL,S3D4,PWRSPVTZAXX01,SPVTZAXX,2049,4.827972141082459
GLOBAL,S3D4,PWRSPVTZAXX01,SPVTZAXX,2050,5.045324958126476
GLOBAL,S3D4,PWRTRNKENXX,ELCKENXX01,2021,3.22
GLOBAL,S3D4,PWRTRNKENXX,ELCKENXX01,2022,3.3600000000000003
GLOBAL,S3D4,PWRTRNKENXX,ELCKENXX01,2023,3.29
GLOBAL,S3D4,PWRTRNKENXX,ELCKENXX01,2024,3.43
GLOBAL,S3D4,PWRTRNKENXX,ELCKENXX01,2025,3.5301
GLOBAL,S3D4,PWRTRNKENXX,ELCKENXX01,2026,3.8283
GLOBAL,S3D4,PWRTRNKENXX,ELCKENXX01,2027,4.1265
GLOBAL,S3D4,PWRTRNKENXX,ELCKENXX01,2028,4.4247
GLOBAL,S3D4,PWRTRNKENXX,ELCKENXX01,2029,4.7236
GLOBAL,S3D4,PWRTRNKENXX,ELCKENXX01,2030,5.0218
GLOBAL,S3D4,PWRTRNKENXX,ELCKENXX01,2031,5.3648
GLOBAL,S3D4,PWRTRNKENXX,ELCKENXX01,2032,5.7085
GLOBAL,S3D4,PWRTRNKENXX,ELCKENXX01,2033,6.0522
GLOBAL,S3D4,PWRTRNKENXX,ELCKENXX01,2034,6.395900000000001
GLOBAL,S3D4,PWRTRNKENXX,ELCKENXX01,2035,6.7389
GLOBAL,S3D4,PWRTRNKENXX,ELCKENXX01,2036,7.1365
GLOBAL,S3D4,PWRTRNKENXX,ELCKENXX01,2037,7.533399999999999
GLOBAL,S3D4,PWRTRNKENXX,ELCKENXX01,2038,7.931
GLOBAL,S3D4,PWRTRNKENXX,ELCKENXX01,2039,8.3279
GLOBAL,S3D4,PWRTRNKENXX,ELCKENXX01,2040,8.7255
GLOBAL,S3D4,PWRTRNKENXX,ELCKENXX01,2041,9.219
GLOBAL,S3D4,PWRTRNKENXX,ELCKENXX01,2042,9.7118
GLOBAL,S3D4,PWRTRNKENXX,ELCKENXX01,2043,10.205300000000001
GLOBAL,S3D4,PWRTRNKENXX,ELCKENXX01,2044,10.6988
GLOBAL,S3D4,PWRTRNKENXX,ELCKENXX01,2045,11.1923
GLOBAL,S3D4,PWRTRNKENXX,ELCKENXX01,2046,11.8111
GLOBAL,S3D4,PWRTRNKENXX,ELCKENXX01,2047,12.430600000000002
GLOBAL,S3D4,PWRTRNKENXX,ELCKENXX01,2048,13.0494
GLOBAL,S3D4,PWRTRNKENXX,ELCKENXX01,2049,13.668200000000002
GLOBAL,S3D4,PWRTRNKENXX,ELCKENXX01,2050,14.286999999999999
GLOBAL,S3D4,PWRTRNTZAXX,ELCTZAXX01,2021,2.2400000000000007
GLOBAL,S3D4,PWRTRNTZAXX,ELCTZAXX01,2022,2.45
GLOBAL,S3D4,PWRTRNTZAXX,ELCTZAXX01,2023,2.8
GLOBAL,S3D4,PWRTRNTZAXX,ELCTZAXX01,2024,4.7586
GLOBAL,S3D4,PWRTRNTZAXX,ELCTZAXX01,2025,5.103
GLOBAL,S3D4,PWRTRNTZAXX,ELCTZAXX01,2026,5.540499999999999
GLOBAL,S3D4,PWRTRNTZAXX,ELCTZAXX01,2027,5.9773000000000005
GLOBAL,S3D4,PWRTRNTZAXX,ELCTZAXX01,2028,6.4148
GLOBAL,S3D4,PWRTRNTZAXX,ELCTZAXX01,2029,6.8523
GLOBAL,S3D4,PWRTRNTZAXX,ELCTZAXX01,2030,7.2898000000000005
GLOBAL,S3D4,PWRTRNTZAXX,ELCTZAXX01,2031,7.818300000000001
GLOBAL,S3D4,PWRTRNTZAXX,ELCTZAXX01,2032,8.3475
GLOBAL,S3D4,PWRTRNTZAXX,ELCTZAXX01,2033,8.8767
GLOBAL,S3D4,PWRTRNTZAXX,ELCTZAXX01,2034,9.4052
GLOBAL,S3D4,PWRTRNTZAXX,ELCTZAXX01,2035,9.9344
GLOBAL,S3D4,PWRTRNTZAXX,ELCTZAXX01,2036,10.563
GLOBAL,S3D4,PWRTRNTZAXX,ELCTZAXX01,2037,11.190900000000001
GLOBAL,S3D4,PWRTRNTZAXX,ELCTZAXX01,2038,11.8195
GLOBAL,S3D4,PWRTRNTZAXX,ELCTZAXX01,2039,12.4481
GLOBAL,S3D4,PWRTRNTZAXX,ELCTZAXX01,2040,13.0767
GLOBAL,S3D4,PWRTRNTZAXX,ELCTZAXX01,2041,13.819400000000002
GLOBAL,S3D4,PWRTRNTZAXX,ELCTZAXX01,2042,14.562099999999997
GLOBAL,S3D4,PWRTRNTZAXX,ELCTZAXX01,2043,15.304799999999998
GLOBAL,S3D4,PWRTRNTZAXX,ELCTZAXX01,2044,16.0482
GLOBAL,S3D4,PWRTRNTZAXX,ELCTZAXX01,2045,16.7909
GLOBAL,S3D4,PWRTRNTZAXX,ELCTZAXX01,2046,17.7128
GLOBAL,S3D4,PWRTRNTZAXX,ELCTZAXX01,2047,18.6347
GLOBAL,S3D4,PWRTRNTZAXX,ELCTZAXX01,2048,19.5566
GLOBAL,S3D4,PWRTRNTZAXX,ELCTZAXX01,2049,20.4778
GLOBAL,S3D4,PWRTRNTZAXX,ELCTZAXX01,2050,21.399699999999996
GLOBAL,S3D4,PWRWONKENXX01,WONKENXX,2021,0.14188469234688
GLOBAL,S3D4,PWRWONKENXX01,WONKENXX,2022,0.14188469234688
GLOBAL,S3D4,PWRWONKENXX01,WONKENXX,2023,0.14188469234688
GLOBAL,S3D4,PWRWONKENXX01,WONKENXX,2024,0.1309055197248
GLOBAL,S3D4,PWRWONKENXX01,WONKENXX,2025,0.1309055197248
GLOBAL,S3D4,PWRWONKENXX01,WONKENXX,2026,0.1309055197248
GLOBAL,S3D4,PWRWONKENXX01,WONKENXX,2027,0.1309055197248
GLOBAL,S3D4,PWRWONKENXX01,WONKENXX,2028,0.1309055197248
GLOBAL,S3D4,PWRWONKENXX01,WONKENXX,2029,0.1309055197248
GLOBAL,S3D4,PWRWONKENXX01,WONKENXX,2030,0.1309055197248
GLOBAL,S3D4,PWRWONKENXX01,WONKENXX,2031,0.1309055197248
GLOBAL,S3D4,PWRWONKENXX01,WONKENXX,2032,0.1309055197248
GLOBAL,S3D4,PWRWONKENXX01,WONKENXX,2033,0.1309055197248
GLOBAL,S3D4,PWRWONKENXX01,WONKENXX,2034,0.1309055197248
GLOBAL,S3D4,PWRWONKENXX01,WONKENXX,2035,0.1309055197248
GLOBAL,S3D4,PWRWONKENXX01,WONKENXX,2036,0.1309055197248
GLOBAL,S3D4,PWRWONKENXX01,WONKENXX,2037,0.1309055197248
GLOBAL,S3D4,PWRWONKENXX01,WONKENXX,2038,0.1309055197248
GLOBAL,S3D4,PWRWONKENXX01,WONKENXX,2039,0.1309055197248
GLOBAL,S3D4,PWRWONKENXX01,WONKENXX,2040,0.1309055197248
GLOBAL,S3D4,PWRWONKENXX01,WONKENXX,2041,0.1309055197248
GLOBAL,S3D4,PWRWONKENXX01,WONKENXX,2042,0.1309055197248
GLOBAL,S3D4,PWRWONKENXX01,WONKENXX,2043,0.1309055197248
GLOBAL,S3D4,PWRWONKENXX01,WONKENXX,2044,0.1309055197248
GLOBAL,S3D4,PWRWONKENXX01,WONKENXX,2045,0.1309055197248
GLOBAL,S3D4,PWRWONKENXX01,WONKENXX,2046,0.1309055197248
GLOBAL,S3D4,PWRWONKENXX01,WONKENXX,2047,0.1309055197248
GLOBAL,S3D5,PWRBIOKENXX01,BIOKENXX,2024,1.4351989642509941
GLOBAL,S3D5,PWRBIOKENXX01,BIOKENXX,2025,1.6402938955653468
GLOBAL,S3D5,PWRBIOKENXX01,BIOKENXX,2026,1.6402938955653468
GLOBAL,S3D5,PWRBIOKENXX01,BIOKENXX,2027,2.1301980358741957
GLOBAL,S3D5,PWRBIOKENXX01,BIOKENXX,2028,2.344700010781519
GLOBAL,S3D5,PWRBIOKENXX01,BIOKENXX,2029,2.5533673509869574
GLOBAL,S3D5,PWRBIOKENXX01,BIOKENXX,2030,2.8808445983543938
GLOBAL,S3D5,PWRBIOKENXX01,BIOKENXX,2031,3.0923039876926133
GLOBAL,S3D5,PWRBIOKENXX01,BIOKENXX,2032,3.71875037408485
GLOBAL,S3D5,PWRBIOKENXX01,BIOKENXX,2033,3.9900356556395016
GLOBAL,S3D5,PWRBIOKENXX01,BIOKENXX,2034,4.261320937194154
GLOBAL,S3D5,PWRBIOKENXX01,BIOKENXX,2035,4.861242448222169
GLOBAL,S3D5,PWRBIOKENXX01,BIOKENXX,2036,4.861242448222169
GLOBAL,S3D5,PWRBIOKENXX01,BIOKENXX,2037,6.03509572356711
GLOBAL,S3D5,PWRBIOKENXX01,BIOKENXX,2038,7.688626762511664
GLOBAL,S3D5,PWRBIOKENXX01,BIOKENXX,2039,8.394688138930787
GLOBAL,S3D5,PWRBIOKENXX01,BIOKENXX,2040,9.101466949611101
GLOBAL,S3D5,PWRBIOKENXX01,BIOKENXX,2041,9.96085720786389
GLOBAL,S3D5,PWRBIOKENXX01,BIOKENXX,2042,10.465930927741985
GLOBAL,S3D5,PWRBIOKENXX01,BIOKENXX,2043,10.971722081881262
GLOBAL,S3D5,PWRBIOKENXX01,BIOKENXX,2044,11.477513236020542
GLOBAL,S3D5,PWRBIOKENXX01,BIOKENXX,2045,11.98330439015981
GLOBAL,S3D5,PWRBIOKENXX01,BIOKENXX,2046,12.617516277052191
GLOBAL,S3D5,PWRBIOKENXX01,BIOKENXX,2047,13.25939807220576
GLOBAL,S3D5,PWRBIOKENXX01,BIOKENXX,2048,13.95862792836172
GLOBAL,S3D5,PWRBIOKENXX01,BIOKENXX,2049,14.592839815254086
GLOBAL,S3D5,PWRBIOKENXX01,BIOKENXX,2050,15.227051702146454
GLOBAL,S3D5,PWRBIOTZAXX01,BIOTZAXX,2021,0.8544535978645578
GLOBAL,S3D5,PWRBIOTZAXX01,BIOTZAXX,2022,0.9980807135451303
GLOBAL,S3D5,PWRBIOTZAXX01,BIOTZAXX,2023,1.0287582249869889
GLOBAL,S3D5,PWRBIOTZAXX01,BIOTZAXX,2024,1.0287582249869889
GLOBAL,S3D5,PWRBIOTZAXX01,BIOTZAXX,2025,1.807173369093691
GLOBAL,S3D5,PWRBIOTZAXX01,BIOTZAXX,2026,1.807173369093691
GLOBAL,S3D5,PWRBIOTZAXX01,BIOTZAXX,2027,2.7755445157608993
GLOBAL,S3D5,PWRBIOTZAXX01,BIOTZAXX,2028,2.8968289293298968
GLOBAL,S3D5,PWRBIOTZAXX01,BIOTZAXX,2029,3.0243318045279115
GLOBAL,S3D5,PWRBIOTZAXX01,BIOTZAXX,2030,4.376874081294463
GLOBAL,S3D5,PWRBIOTZAXX01,BIOTZAXX,2031,4.376874081294463
GLOBAL,S3D5,PWRBIOTZAXX01,BIOTZAXX,2032,5.894654091795701
GLOBAL,S3D5,PWRBIOTZAXX01,BIOTZAXX,2033,6.240913788408558
GLOBAL,S3D5,PWRBIOTZAXX01,BIOTZAXX,2034,6.58671546954974
GLOBAL,S3D5,PWRBIOTZAXX01,BIOTZAXX,2035,6.932975166162603
GLOBAL,S3D5,PWRBIOTZAXX01,BIOTZAXX,2036,6.932975166162603
GLOBAL,S3D5,PWRBIOTZAXX01,BIOTZAXX,2037,7.745222939144881
GLOBAL,S3D5,PWRBIOTZAXX01,BIOTZAXX,2038,7.827330054241383
GLOBAL,S3D5,PWRBIOTZAXX01,BIOTZAXX,2039,8.220594513548761
GLOBAL,S3D5,PWRBIOTZAXX01,BIOTZAXX,2040,8.613858972856136
GLOBAL,S3D5,PWRBIOTZAXX01,BIOTZAXX,2041,9.078506624665858
GLOBAL,S3D5,PWRBIOTZAXX01,BIOTZAXX,2042,9.543154276475564
GLOBAL,S3D5,PWRBIOTZAXX01,BIOTZAXX,2043,10.007801928285303
GLOBAL,S3D5,PWRBIOTZAXX01,BIOTZAXX,2044,10.472887513791349
GLOBAL,S3D5,PWRBIOTZAXX01,BIOTZAXX,2045,10.93753516560107
GLOBAL,S3D5,PWRBIOTZAXX01,BIOTZAXX,2046,11.514293843672167
GLOBAL,S3D5,PWRBIOTZAXX01,BIOTZAXX,2047,12.091052521743213
GLOBAL,S3D5,PWRBIOTZAXX01,BIOTZAXX,2048,12.667811199814293
GLOBAL,S3D5,PWRBIOTZAXX01,BIOTZAXX,2049,13.244131944189013
GLOBAL,S3D5,PWRBIOTZAXX01,BIOTZAXX,2050,13.820890622260064
GLOBAL,S3D5,PWRCCGTZAXX00,GASINT,2021,0.5281317216331034
GLOBAL,S3D5,PWRCCGTZAXX00,GASINT,2022,0.5322133793507727
GLOBAL,S3D5,PWRCCGTZAXX00,GASINT,2023,0.730800288808655
GLOBAL,S3D5,PWRCCGTZAXX01,GASINT,2023,0.0621555990775791
GLOBAL,S3D5,PWRCCGTZAXX01,GASINT,2024,0.38538011347734435
GLOBAL,S3D5,PWRCCGTZAXX01,GASINT,2025,0.15512641931409146
GLOBAL,S3D5,PWRCCGTZAXX01,GASINT,2026,0.43960280038552185
GLOBAL,S3D5,PWRCCGTZAXX01,GASINT,2027,0.43960280038552185
GLOBAL,S3D5,PWRCCGTZAXX01,GASINT,2028,0.43960280038552185
GLOBAL,S3D5,PWRCCGTZAXX01,GASINT,2029,0.43960280038552185
GLOBAL,S3D5,PWRCCGTZAXX01,GASINT,2030,0.43960280038552185
GLOBAL,S3D5,PWRCCGTZAXX01,GASINT,2031,0.8698484432175181
GLOBAL,S3D5,PWRCCGTZAXX01,GASINT,2032,0.8698484432175181
GLOBAL,S3D5,PWRCCGTZAXX01,GASINT,2033,0.8698484432175181
GLOBAL,S3D5,PWRCCGTZAXX01,GASINT,2034,0.8698484432175181
GLOBAL,S3D5,PWRCCGTZAXX01,GASINT,2035,0.8698484432175181
GLOBAL,S3D5,PWRCCGTZAXX01,GASINT,2036,2.545932786765622
GLOBAL,S3D5,PWRCCGTZAXX01,GASINT,2037,2.545932786765622
GLOBAL,S3D5,PWRCCGTZAXX01,GASINT,2038,2.545932786765622
GLOBAL,S3D5,PWRCCGTZAXX01,GASINT,2039,2.545932786765622
GLOBAL,S3D5,PWRCCGTZAXX01,GASINT,2040,2.545932786765622
GLOBAL,S3D5,PWRCCGTZAXX01,GASINT,2041,2.545932786765622
GLOBAL,S3D5,PWRCCGTZAXX01,GASINT,2042,2.679821918818918
GLOBAL,S3D5,PWRCCGTZAXX01,GASINT,2043,2.860968744876787
GLOBAL,S3D5,PWRCCGTZAXX01,GASINT,2044,3.0422653515789677
GLOBAL,S3D5,PWRCCGTZAXX01,GASINT,2045,3.2234121776368556
GLOBAL,S3D5,PWRCCGTZAXX01,GASINT,2046,3.4485469503086676
GLOBAL,S3D5,PWRCCGTZAXX01,GASINT,2047,3.67371325427476
GLOBAL,S3D5,PWRCCGTZAXX01,GASINT,2048,3.959425684536099
GLOBAL,S3D5,PWRCCGTZAXX01,GASINT,2049,4.184410676563624
GLOBAL,S3D5,PWRCCGTZAXX01,GASINT,2050,4.409545449235462
GLOBAL,S3D5,PWRGEOKENXX01,GEOKENXX,2021,1.8829937221037945
GLOBAL,S3D5,PWRGEOKENXX01,GEOKENXX,2022,1.964386869990583
GLOBAL,S3D5,PWRGEOKENXX01,GEOKENXX,2023,1.904386869990583
GLOBAL,S3D5,PWRGEOKENXX01,GEOKENXX,2024,1.9882203625502237
GLOBAL,S3D5,PWRGEOKENXX01,GEOKENXX,2025,2.0234169032735294
GLOBAL,S3D5,PWRGEOKENXX01,GEOKENXX,2026,2.0234169032735294
GLOBAL,S3D5,PWRGEOKENXX01,GEOKENXX,2027,2.140275122671816
GLOBAL,S3D5,PWRGEOKENXX01,GEOKENXX,2028,2.3433775173688125
GLOBAL,S3D5,PWRGEOKENXX01,GEOKENXX,2029,2.548962425233005
GLOBAL,S3D5,PWRGEOKENXX01,GEOKENXX,2030,2.717157937733966
GLOBAL,S3D5,PWRGEOKENXX01,GEOKENXX,2031,2.717157937733966
GLOBAL,S3D5,PWRGEOKENXX01,GEOKENXX,2032,2.815560263750383
GLOBAL,S3D5,PWRGEOKENXX01,GEOKENXX,2033,3.0263553444622366
GLOBAL,S3D5,PWRGEOKENXX01,GEOKENXX,2034,3.2371504251740926
GLOBAL,S3D5,PWRGEOKENXX01,GEOKENXX,2035,3.4001645272831555
GLOBAL,S3D5,PWRGEOKENXX01,GEOKENXX,2036,3.4001645272831555
GLOBAL,S3D5,PWRGEOKENXX01,GEOKENXX,2037,3.4001645272831555
GLOBAL,S3D5,PWRGEOKENXX01,GEOKENXX,2038,3.429742879801324
GLOBAL,S3D5,PWRGEOKENXX01,GEOKENXX,2039,3.5951377590685074
GLOBAL,S3D5,PWRGEOKENXX01,GEOKENXX,2040,3.760900264098797
GLOBAL,S3D5,PWRGEOKENXX01,GEOKENXX,2041,3.9692134949646403
GLOBAL,S3D5,PWRGEOKENXX01,GEOKENXX,2042,4.228022032189578
GLOBAL,S3D5,PWRGEOKENXX01,GEOKENXX,2043,4.4871981951776245
GLOBAL,S3D5,PWRGEOKENXX01,GEOKENXX,2044,4.746374358165667
GLOBAL,S3D5,PWRGEOKENXX01,GEOKENXX,2045,5.005550521153711
GLOBAL,S3D5,PWRGEOKENXX01,GEOKENXX,2046,5.330531695737298
GLOBAL,S3D5,PWRGEOKENXX01,GEOKENXX,2047,5.654627246083989
GLOBAL,S3D5,PWRGEOKENXX01,GEOKENXX,2048,6.077414395087395
GLOBAL,S3D5,PWRGEOKENXX01,GEOKENXX,2049,6.402395569670987
GLOBAL,S3D5,PWRGEOKENXX01,GEOKENXX,2050,6.727376744254574
GLOBAL,S3D5,PWRGEOTZAXX01,GEOTZAXX,2021,1.349711809807593
GLOBAL,S3D5,PWRGEOTZAXX01,GEOTZAXX,2022,1.5149280508343461
GLOBAL,S3D5,PWRGEOTZAXX01,GEOTZAXX,2023,1.744238226912128
GLOBAL,S3D5,PWRGEOTZAXX01,GEOTZAXX,2024,3.4351165629233766
GLOBAL,S3D5,PWRGEOTZAXX01,GEOTZAXX,2025,3.647105342471458
GLOBAL,S3D5,PWRGEOTZAXX01,GEOTZAXX,2026,3.647105342471458
GLOBAL,S3D5,PWRGEOTZAXX01,GEOTZAXX,2027,3.7094824407768074
GLOBAL,S3D5,PWRGEOTZAXX01,GEOTZAXX,2028,4.027709962114664
GLOBAL,S3D5,PWRGEOTZAXX01,GEOTZAXX,2029,4.34403013757221
GLOBAL,S3D5,PWRGEOTZAXX01,GEOTZAXX,2030,4.512361152437365
GLOBAL,S3D5,PWRGEOTZAXX01,GEOTZAXX,2031,4.512361152437365
GLOBAL,S3D5,PWRGEOTZAXX01,GEOTZAXX,2032,4.710272511427572
GLOBAL,S3D5,PWRGEOTZAXX01,GEOTZAXX,2033,5.041915034171703
GLOBAL,S3D5,PWRGEOTZAXX01,GEOTZAXX,2034,5.373118876330185
GLOBAL,S3D5,PWRGEOTZAXX01,GEOTZAXX,2035,5.704761399074317
GLOBAL,S3D5,PWRGEOTZAXX01,GEOTZAXX,2036,5.704761399074317
GLOBAL,S3D5,PWRGEOTZAXX01,GEOTZAXX,2037,5.886521781636505
GLOBAL,S3D5,PWRGEOTZAXX01,GEOTZAXX,2038,6.291294762186515
GLOBAL,S3D5,PWRGEOTZAXX01,GEOTZAXX,2039,6.653594722778721
GLOBAL,S3D5,PWRGEOTZAXX01,GEOTZAXX,2040,7.015894683370929
GLOBAL,S3D5,PWRGEOTZAXX01,GEOTZAXX,2041,7.443957331687554
GLOBAL,S3D5,PWRGEOTZAXX01,GEOTZAXX,2042,7.8720199800041835
GLOBAL,S3D5,PWRGEOTZAXX01,GEOTZAXX,2043,8.300082628320807
GLOBAL,S3D5,PWRGEOTZAXX01,GEOTZAXX,2044,8.728548728709365
GLOBAL,S3D5,PWRGEOTZAXX01,GEOTZAXX,2045,9.156611377025992
GLOBAL,S3D5,PWRGEOTZAXX01,GEOTZAXX,2046,9.687957755756424
GLOBAL,S3D5,PWRGEOTZAXX01,GEOTZAXX,2047,10.219304134486869
GLOBAL,S3D5,PWRGEOTZAXX01,GEOTZAXX,2048,10.750650513217304
GLOBAL,S3D5,PWRGEOTZAXX01,GEOTZAXX,2049,11.281593439875817
GLOBAL,S3D5,PWRGEOTZAXX01,GEOTZAXX,2050,11.81293981860626
GLOBAL,S3D5,PWRHYDKENXX01,HYDKENXX,2021,0.7650705160337647
GLOBAL,S3D5,PWRHYDKENXX01,HYDKENXX,2022,0.803677368146976
GLOBAL,S3D5,PWRHYDKENXX01,HYDKENXX,2023,0.803677368146976
GLOBAL,S3D5,PWRHYDKENXX01,HYDKENXX,2024,0.803677368146976
GLOBAL,S3D5,PWRHYDKENXX01,HYDKENXX,2025,0.803677368146976
GLOBAL,S3D5,PWRHYDKENXX01,HYDKENXX,2026,0.803677368146976
GLOBAL,S3D5,PWRHYDKENXX01,HYDKENXX,2027,0.803677368146976
GLOBAL,S3D5,PWRHYDKENXX01,HYDKENXX,2028,0.803677368146976
GLOBAL,S3D5,PWRHYDKENXX01,HYDKENXX,2029,0.803677368146976
GLOBAL,S3D5,PWRHYDKENXX01,HYDKENXX,2030,0.803677368146976
GLOBAL,S3D5,PWRHYDKENXX01,HYDKENXX,2031,0.803677368146976
GLOBAL,S3D5,PWRHYDKENXX01,HYDKENXX,2032,0.803677368146976
GLOBAL,S3D5,PWRHYDKENXX01,HYDKENXX,2033,0.803677368146976
GLOBAL,S3D5,PWRHYDKENXX01,HYDKENXX,2034,0.803677368146976
GLOBAL,S3D5,PWRHYDKENXX01,HYDKENXX,2035,0.803677368146976
GLOBAL,S3D5,PWRHYDKENXX01,HYDKENXX,2036,0.803677368146976
GLOBAL,S3D5,PWRHYDKENXX01,HYDKENXX,2037,0.803677368146976
GLOBAL,S3D5,PWRHYDKENXX01,HYDKENXX,2038,0.803677368146976
GLOBAL,S3D5,PWRHYDKENXX01,HYDKENXX,2039,0.803677368146976
GLOBAL,S3D5,PWRHYDKENXX01,HYDKENXX,2040,0.803677368146976
GLOBAL,S3D5,PWRHYDKENXX01,HYDKENXX,2041,0.803677368146976
GLOBAL,S3D5,PWRHYDKENXX01,HYDKENXX,2042,0.803677368146976
GLOBAL,S3D5,PWRHYDKENXX01,HYDKENXX,2043,0.803677368146976
GLOBAL,S3D5,PWRHYDKENXX01,HYDKENXX,2044,0.803677368146976
GLOBAL,S3D5,PWRHYDKENXX01,HYDKENXX,2045,0.803677368146976
GLOBAL,S3D5,PWRHYDKENXX01,HYDKENXX,2046,0.803677368146976
GLOBAL,S3D5,PWRHYDKENXX01,HYDKENXX,2047,0.803677368146976
GLOBAL,S3D5,PWRHYDKENXX01,HYDKENXX,2048,0.803677368146976
GLOBAL,S3D5,PWRHYDKENXX01,HYDKENXX,2049,0.803677368146976
GLOBAL,S3D5,PWRHYDKENXX01,HYDKENXX,2050,0.803677368146976
GLOBAL,S3D5,PWRHYDTZAXX01,HYDTZAXX,2021,0.39101761898496
GLOBAL,S3D5,PWRHYDTZAXX01,HYDTZAXX,2022,0.39101761898496
GLOBAL,S3D5,PWRHYDTZAXX01,HYDTZAXX,2023,0.39101761898496
GLOBAL,S3D5,PWRHYDTZAXX01,HYDTZAXX,2024,0.39101761898496
GLOBAL,S3D5,PWRHYDTZAXX01,HYDTZAXX,2025,0.39101761898496
GLOBAL,S3D5,PWRHYDTZAXX01,HYDTZAXX,2026,0.39101761898496
GLOBAL,S3D5,PWRHYDTZAXX01,HYDTZAXX,2027,0.39101761898496
GLOBAL,S3D5,PWRHYDTZAXX01,HYDTZAXX,2028,0.39101761898496
GLOBAL,S3D5,PWRHYDTZAXX01,HYDTZAXX,2029,0.39101761898496
GLOBAL,S3D5,PWRHYDTZAXX01,HYDTZAXX,2030,0.39101761898496
GLOBAL,S3D5,PWRHYDTZAXX01,HYDTZAXX,2031,0.39101761898496
GLOBAL,S3D5,PWRHYDTZAXX01,HYDTZAXX,2032,0.39101761898496
GLOBAL,S3D5,PWRHYDTZAXX01,HYDTZAXX,2033,0.39101761898496
GLOBAL,S3D5,PWRHYDTZAXX01,HYDTZAXX,2034,0.39101761898496
GLOBAL,S3D5,PWRHYDTZAXX01,HYDTZAXX,2035,0.39101761898496
GLOBAL,S3D5,PWRHYDTZAXX01,HYDTZAXX,2036,0.39101761898496
GLOBAL,S3D5,PWRHYDTZAXX01,HYDTZAXX,2037,0.39101761898496
GLOBAL,S3D5,PWRHYDTZAXX01,HYDTZAXX,2038,0.39101761898496
GLOBAL,S3D5,PWRHYDTZAXX01,HYDTZAXX,2039,0.39101761898496
GLOBAL,S3D5,PWRHYDTZAXX01,HYDTZAXX,2040,0.39101761898496
GLOBAL,S3D5,PWRHYDTZAXX01,HYDTZAXX,2041,0.39101761898496
GLOBAL,S3D5,PWRHYDTZAXX01,HYDTZAXX,2042,0.39101761898496
GLOBAL,S3D5,PWRHYDTZAXX01,HYDTZAXX,2043,0.39101761898496
GLOBAL,S3D5,PWRHYDTZAXX01,HYDTZAXX,2044,0.39101761898496
GLOBAL,S3D5,PWRHYDTZAXX01,HYDTZAXX,2045,0.39101761898496
GLOBAL,S3D5,PWRHYDTZAXX01,HYDTZAXX,2046,0.39101761898496
GLOBAL,S3D5,PWRHYDTZAXX01,HYDTZAXX,2047,0.39101761898496
GLOBAL,S3D5,PWRHYDTZAXX01,HYDTZAXX,2048,0.39101761898496
GLOBAL,S3D5,PWRHYDTZAXX01,HYDTZAXX,2049,0.39101761898496
GLOBAL,S3D5,PWRHYDTZAXX01,HYDTZAXX,2050,0.39101761898496
GLOBAL,S3D5,PWROCGTZAXX00,GASINT,2026,0.308749707504
GLOBAL,S3D5,PWROCGTZAXX00,GASINT,2027,0.308749707504
GLOBAL,S3D5,PWROCGTZAXX00,GASINT,2028,0.308749707504
GLOBAL,S3D5,PWROCGTZAXX00,GASINT,2029,0.308749707504
GLOBAL,S3D5,PWROCGTZAXX00,GASINT,2030,0.308749707504
GLOBAL,S3D5,PWROCGTZAXX00,GASINT,2031,0.308749707504
GLOBAL,S3D5,PWROCGTZAXX00,GASINT,2032,0.308749707504
GLOBAL,S3D5,PWROCGTZAXX00,GASINT,2033,0.308749707504
GLOBAL,S3D5,PWROCGTZAXX00,GASINT,2034,0.308749707504
GLOBAL,S3D5,PWROCGTZAXX00,GASINT,2035,0.308749707504
GLOBAL,S3D5,PWROCGTZAXX00,GASINT,2036,0.308749707504
GLOBAL,S3D5,PWROCGTZAXX00,GASINT,2037,0.308749707504
GLOBAL,S3D5,PWROCGTZAXX00,GASINT,2038,0.308749707504
GLOBAL,S3D5,PWROCGTZAXX00,GASINT,2039,0.308749707504
GLOBAL,S3D5,PWROCGTZAXX00,GASINT,2040,0.308749707504
GLOBAL,S3D5,PWROCGTZAXX00,GASINT,2041,0.308749707504
GLOBAL,S3D5,PWROCGTZAXX00,GASINT,2042,0.308749707504
GLOBAL,S3D5,PWROCGTZAXX01,GASINT,2026,1.2310815967402633
GLOBAL,S3D5,PWROCGTZAXX01,GASINT,2027,1.4251354744458167
GLOBAL,S3D5,PWROCGTZAXX01,GASINT,2028,1.6194903030410444
GLOBAL,S3D5,PWROCGTZAXX01,GASINT,2029,1.8138598276985833
GLOBAL,S3D5,PWROCGTZAXX01,GASINT,2030,1.3754499945398864
GLOBAL,S3D5,PWROCGTZAXX01,GASINT,2031,2.895800232058556
GLOBAL,S3D5,PWROCGTZAXX01,GASINT,2032,2.5344708322199945
GLOBAL,S3D5,PWROCGTZAXX01,GASINT,2033,2.7961866737464107
GLOBAL,S3D5,PWROCGTZAXX01,GASINT,2034,3.0575488837248224
GLOBAL,S3D5,PWROCGTZAXX01,GASINT,2035,3.1628417022136683
GLOBAL,S3D5,PWROCGTZAXX01,GASINT,2036,3.5520294967331782
GLOBAL,S3D5,PWROCGTZAXX01,GASINT,2037,4.037057142076588
GLOBAL,S3D5,PWROCGTZAXX01,GASINT,2038,3.979609105440587
GLOBAL,S3D5,PWROCGTZAXX01,GASINT,2039,4.269136952607451
GLOBAL,S3D5,PWROCGTZAXX01,GASINT,2040,4.558679495836613
GLOBAL,S3D5,PWROCGTZAXX01,GASINT,2041,4.901276395497064
GLOBAL,S3D5,PWROCGTZAXX01,GASINT,2042,5.220632561470174
GLOBAL,S3D5,PWROCGTZAXX01,GASINT,2043,5.788659934623252
GLOBAL,S3D5,PWROCGTZAXX01,GASINT,2044,6.040780727853407
GLOBAL,S3D5,PWROCGTZAXX01,GASINT,2045,6.292643974003277
GLOBAL,S3D5,PWROCGTZAXX01,GASINT,2046,6.605007268621171
GLOBAL,S3D5,PWROCGTZAXX01,GASINT,2047,6.917340216847513
GLOBAL,S3D5,PWROCGTZAXX01,GASINT,2048,7.205382257893193
GLOBAL,S3D5,PWROCGTZAXX01,GASINT,2049,7.51748800543079
GLOBAL,S3D5,PWROCGTZAXX01,GASINT,2050,7.829851300048672
GLOBAL,S3D5,PWRTRNKENXX,ELCKENXX01,2021,2.7899489304844396
GLOBAL,S3D5,PWRTRNKENXX,ELCKENXX01,2022,2.909948930484439
GLOBAL,S3D5,PWRTRNKENXX,ELCKENXX01,2023,2.8499489304844396
GLOBAL,S3D5,PWRTRNKENXX,ELCKENXX01,2024,3.387105038763201
GLOBAL,S3D5,PWRTRNKENXX,ELCKENXX01,2025,3.4872050387632005
GLOBAL,S3D5,PWRTRNKENXX,ELCKENXX01,2026,3.4872050387632005
GLOBAL,S3D5,PWRTRNKENXX,ELCKENXX01,2027,3.759096213955426
GLOBAL,S3D5,PWRTRNKENXX,ELCKENXX01,2028,4.030078980458538
GLOBAL,S3D5,PWRTRNKENXX,ELCKENXX01,2029,4.301697856742173
GLOBAL,S3D5,PWRTRNKENXX,ELCKENXX01,2030,4.574370195853284
GLOBAL,S3D5,PWRTRNKENXX,ELCKENXX01,2031,4.641338780972872
GLOBAL,S3D5,PWRTRNKENXX,ELCKENXX01,2032,4.937983634328605
GLOBAL,S3D5,PWRTRNKENXX,ELCKENXX01,2033,5.234628487684337
GLOBAL,S3D5,PWRTRNKENXX,ELCKENXX01,2034,5.531273341040069
GLOBAL,S3D5,PWRTRNKENXX,ELCKENXX01,2035,5.884136022588377
GLOBAL,S3D5,PWRTRNKENXX,ELCKENXX01,2036,6.117
GLOBAL,S3D5,PWRTRNKENXX,ELCKENXX01,2037,6.457200000000001
GLOBAL,S3D5,PWRTRNKENXX,ELCKENXX01,2038,6.808456246717145
GLOBAL,S3D5,PWRTRNKENXX,ELCKENXX01,2039,7.197288270420761
GLOBAL,S3D5,PWRTRNKENXX,ELCKENXX01,2040,7.5867149560460865
GLOBAL,S3D5,PWRTRNKENXX,ELCKENXX01,2041,8.066987129396988
GLOBAL,S3D5,PWRTRNKENXX,ELCKENXX01,2042,8.485629122279551
GLOBAL,S3D5,PWRTRNKENXX,ELCKENXX01,2043,8.904865777083824
GLOBAL,S3D5,PWRTRNKENXX,ELCKENXX01,2044,9.324102431888097
GLOBAL,S3D5,PWRTRNKENXX,ELCKENXX01,2045,9.743339086692362
GLOBAL,S3D5,PWRTRNKENXX,ELCKENXX01,2046,10.2690202254824
GLOBAL,S3D5,PWRTRNKENXX,ELCKENXX01,2047,10.795296026194144
GLOBAL,S3D5,PWRTRNKENXX,ELCKENXX01,2048,11.29837908233618
GLOBAL,S3D5,PWRTRNKENXX,ELCKENXX01,2049,11.824060221126219
GLOBAL,S3D5,PWRTRNKENXX,ELCKENXX01,2050,12.349741359916251
GLOBAL,S3D5,PWRTRNTZAXX,ELCTZAXX01,2021,2.2400000000000007
GLOBAL,S3D5,PWRTRNTZAXX,ELCTZAXX01,2022,2.45
GLOBAL,S3D5,PWRTRNTZAXX,ELCTZAXX01,2023,2.8
GLOBAL,S3D5,PWRTRNTZAXX,ELCTZAXX01,2024,4.7586
GLOBAL,S3D5,PWRTRNTZAXX,ELCTZAXX01,2025,5.103
GLOBAL,S3D5,PWRTRNTZAXX,ELCTZAXX01,2026,5.540499999999999
GLOBAL,S3D5,PWRTRNTZAXX,ELCTZAXX01,2027,5.9773000000000005
GLOBAL,S3D5,PWRTRNTZAXX,ELCTZAXX01,2028,6.4148
GLOBAL,S3D5,PWRTRNTZAXX,ELCTZAXX01,2029,6.8523
GLOBAL,S3D5,PWRTRNTZAXX,ELCTZAXX01,2030,7.2898000000000005
GLOBAL,S3D5,PWRTRNTZAXX,ELCTZAXX01,2031,7.818300000000001
GLOBAL,S3D5,PWRTRNTZAXX,ELCTZAXX01,2032,8.3475
GLOBAL,S3D5,PWRTRNTZAXX,ELCTZAXX01,2033,8.8767
GLOBAL,S3D5,PWRTRNTZAXX,ELCTZAXX01,2034,9.4052
GLOBAL,S3D5,PWRTRNTZAXX,ELCTZAXX01,2035,9.9344
GLOBAL,S3D5,PWRTRNTZAXX,ELCTZAXX01,2036,10.804655400896227
GLOBAL,S3D5,PWRTRNTZAXX,ELCTZAXX01,2037,11.400102197881651
GLOBAL,S3D5,PWRTRNTZAXX,ELCTZAXX01,2038,11.8195
GLOBAL,S3D5,PWRTRNTZAXX,ELCTZAXX01,2039,12.4481
GLOBAL,S3D5,PWRTRNTZAXX,ELCTZAXX01,2040,13.0767
GLOBAL,S3D5,PWRTRNTZAXX,ELCTZAXX01,2041,13.819400000000002
GLOBAL,S3D5,PWRTRNTZAXX,ELCTZAXX01,2042,14.562099999999997
GLOBAL,S3D5,PWRTRNTZAXX,ELCTZAXX01,2043,15.304799999999998
GLOBAL,S3D5,PWRTRNTZAXX,ELCTZAXX01,2044,16.0482
GLOBAL,S3D5,PWRTRNTZAXX,ELCTZAXX01,2045,16.7909
GLOBAL,S3D5,PWRTRNTZAXX,ELCTZAXX01,2046,17.7128
GLOBAL,S3D5,PWRTRNTZAXX,ELCTZAXX01,2047,18.6347
GLOBAL,S3D5,PWRTRNTZAXX,ELCTZAXX01,2048,19.5566
GLOBAL,S3D5,PWRTRNTZAXX,ELCTZAXX01,2049,20.4778
GLOBAL,S3D5,PWRTRNTZAXX,ELCTZAXX01,2050,21.399699999999996
GLOBAL,S3D5,PWRWONKENXX01,WONKENXX,2021,0.14188469234688
GLOBAL,S3D5,PWRWONKENXX01,WONKENXX,2022,0.14188469234688
GLOBAL,S3D5,PWRWONKENXX01,WONKENXX,2023,0.14188469234688
GLOBAL,S3D5,PWRWONKENXX01,WONKENXX,2024,0.14097936379679998
GLOBAL,S3D5,PWRWONKENXX01,WONKENXX,2025,0.14097936379679998
GLOBAL,S3D5,PWRWONKENXX01,WONKENXX,2026,0.14097936379679998
GLOBAL,S3D5,PWRWONKENXX01,WONKENXX,2027,0.14097936379679998
GLOBAL,S3D5,PWRWONKENXX01,WONKENXX,2028,0.14097936379679998
GLOBAL,S3D5,PWRWONKENXX01,WONKENXX,2029,0.14097936379679998
GLOBAL,S3D5,PWRWONKENXX01,WONKENXX,2030,0.14097936379679998
GLOBAL,S3D5,PWRWONKENXX01,WONKENXX,2031,0.14097936379679998
GLOBAL,S3D5,PWRWONKENXX01,WONKENXX,2032,0.14097936379679998
GLOBAL,S3D5,PWRWONKENXX01,WONKENXX,2033,0.14097936379679998
GLOBAL,S3D5,PWRWONKENXX01,WONKENXX,2034,0.14097936379679998
GLOBAL,S3D5,PWRWONKENXX01,WONKENXX,2035,0.14097936379679998
GLOBAL,S3D5,PWRWONKENXX01,WONKENXX,2036,0.14097936379679998
GLOBAL,S3D5,PWRWONKENXX01,WONKENXX,2037,0.14097936379679998
GLOBAL,S3D5,PWRWONKENXX01,WONKENXX,2038,0.14097936379679998
GLOBAL,S3D5,PWRWONKENXX01,WONKENXX,2039,0.14097936379679998
GLOBAL,S3D5,PWRWONKENXX01,WONKENXX,2040,0.14097936379679998
GLOBAL,S3D5,PWRWONKENXX01,WONKENXX,2041,0.14097936379679998
GLOBAL,S3D5,PWRWONKENXX01,WONKENXX,2042,0.14097936379679998
GLOBAL,S3D5,PWRWONKENXX01,WONKENXX,2043,0.14097936379679998
GLOBAL,S3D5,PWRWONKENXX01,WONKENXX,2044,0.14097936379679998
GLOBAL,S3D5,PWRWONKENXX01,WONKENXX,2045,0.14097936379679998
GLOBAL,S3D5,PWRWONKENXX01,WONKENXX,2046,0.14097936379679998
GLOBAL,S3D5,PWRWONKENXX01,WONKENXX,2047,0.14097936379679998
GLOBAL,S3D5,TRNKENXXTZAXX,ELCKENXX02,2021,0.029948930484439275
GLOBAL,S3D5,TRNKENXXTZAXX,ELCKENXX02,2022,0.029948930484439275
GLOBAL,S3D5,TRNKENXXTZAXX,ELCKENXX02,2023,0.029948930484439275
GLOBAL,S3D5,TRNKENXXTZAXX,ELCKENXX02,2024,0.4471050387632008
GLOBAL,S3D5,TRNKENXXTZAXX,ELCKENXX02,2025,0.4614050387632003
GLOBAL,S3D5,TRNKENXXTZAXX,ELCKENXX02,2026,0.20580503876319997
GLOBAL,S3D5,TRNKENXXTZAXX,ELCKENXX02,2027,0.22209621395542586
GLOBAL,S3D5,TRNKENXXTZAXX,ELCKENXX02,2028,0.23747898045853777
GLOBAL,S3D5,TRNKENXXTZAXX,ELCKENXX02,2029,0.2528978567421731
GLOBAL,S3D5,TRNKENXXTZAXX,ELCKENXX02,2030,0.26997019585328363
GLOBAL,S3D5,TRNKENXXTZAXX,ELCKENXX02,2031,0.042938780972872514
GLOBAL,S3D5,TRNKENXXTZAXX,ELCKENXX02,2032,0.04498363432860498
GLOBAL,S3D5,TRNKENXXTZAXX,ELCKENXX02,2033,0.04702848768433742
GLOBAL,S3D5,TRNKENXXTZAXX,ELCKENXX02,2034,0.049073341040069884
GLOBAL,S3D5,TRNKENXXTZAXX,ELCKENXX02,2035,0.10793602258837699
GLOBAL,S3D5,TRNKENXXTZAXX,ELCKENXX02,2038,0.010456246717145845
GLOBAL,S3D5,TRNKENXXTZAXX,ELCKENXX02,2039,0.05908827042076047
GLOBAL,S3D5,TRNKENXXTZAXX,ELCKENXX02,2040,0.1077149560460864
GLOBAL,S3D5,TRNKENXXTZAXX,ELCKENXX02,2041,0.1649871293969882
GLOBAL,S3D5,TRNKENXXTZAXX,ELCKENXX02,2042,0.16122912227955055
GLOBAL,S3D5,TRNKENXXTZAXX,ELCKENXX02,2043,0.15746577708382326
GLOBAL,S3D5,TRNKENXXTZAXX,ELCKENXX02,2044,0.15370243188809596
GLOBAL,S3D5,TRNKENXXTZAXX,ELCKENXX02,2045,0.14993908669236156
GLOBAL,S3D5,TRNKENXXTZAXX,ELCKENXX02,2046,0.14522022548240088
GLOBAL,S3D5,TRNKENXXTZAXX,ELCKENXX02,2047,0.14049602619414436
GLOBAL,S3D5,TRNKENXXTZAXX,ELCKENXX02,2048,0.11317908233618112
GLOBAL,S3D5,TRNKENXXTZAXX,ELCKENXX02,2049,0.10846022112621868
GLOBAL,S3D5,TRNKENXXTZAXX,ELCKENXX02,2050,0.1037413599162509
GLOBAL,S3D5,TRNKENXXTZAXX,ELCTZAXX02,2036,0.24165540089622756
GLOBAL,S3D5,TRNKENXXTZAXX,ELCTZAXX02,2037,0.20920219788165131
GLOBAL,S3D6,PWRBIOKENXX01,BIOKENXX,2023,0.4995642988799999
GLOBAL,S3D6,PWRBIOKENXX01,BIOKENXX,2024,0.20889993381721483
GLOBAL,S3D6,PWRBIOKENXX01,BIOKENXX,2035,4.861242448222169
GLOBAL,S3D6,PWRBIOKENXX01,BIOKENXX,2036,4.861242448222169
GLOBAL,S3D6,PWRBIOKENXX01,BIOKENXX,2038,2.4150793140350117
GLOBAL,S3D6,PWRBIOKENXX01,BIOKENXX,2039,6.0512735778102416
GLOBAL,S3D6,PWRBIOKENXX01,BIOKENXX,2040,2.803261979654996
GLOBAL,S3D6,PWRBIOKENXX01,BIOKENXX,2041,1.2293483294476737
GLOBAL,S3D6,PWRBIOKENXX01,BIOKENXX,2042,1.3013693518168696
GLOBAL,S3D6,PWRBIOKENXX01,BIOKENXX,2043,1.436386096997052
GLOBAL,S3D6,PWRBIOKENXX01,BIOKENXX,2044,1.4456160017324289
GLOBAL,S3D6,PWRBIOKENXX01,BIOKENXX,2045,1.5177393266902113
GLOBAL,S3D6,PWRBIOKENXX01,BIOKENXX,2046,1.76532014190902
GLOBAL,S3D6,PWRBIOKENXX01,BIOKENXX,2047,13.25939807220576
GLOBAL,S3D6,PWRBIOKENXX01,BIOKENXX,2048,4.358858511523833
GLOBAL,S3D6,PWRBIOKENXX01,BIOKENXX,2049,14.592839815254086
GLOBAL,S3D6,PWRBIOKENXX01,BIOKENXX,2050,15.227051702146454
GLOBAL,S3D6,PWRBIOTZAXX01,BIOTZAXX,2021,0.8544535978645578
GLOBAL,S3D6,PWRBIOTZAXX01,BIOTZAXX,2037,0.39047779593052506
GLOBAL,S3D6,PWRBIOTZAXX01,BIOTZAXX,2038,0.23871977069898576
GLOBAL,S3D6,PWRBIOTZAXX01,BIOTZAXX,2039,8.220594513548765
GLOBAL,S3D6,PWRBIOTZAXX01,BIOTZAXX,2040,1.5201627043748078
GLOBAL,S3D6,PWRBIOTZAXX01,BIOTZAXX,2041,1.5079660854804446
GLOBAL,S3D6,PWRBIOTZAXX01,BIOTZAXX,2042,1.4957694665860668
GLOBAL,S3D6,PWRBIOTZAXX01,BIOTZAXX,2043,0.181484176471793
GLOBAL,S3D6,PWRBIOTZAXX01,BIOTZAXX,2044,1.4713647333978177
GLOBAL,S3D6,PWRBIOTZAXX01,BIOTZAXX,2045,0.15707944328352338
GLOBAL,S3D6,PWRBIOTZAXX01,BIOTZAXX,2046,1.444028673331118
GLOBAL,S3D6,PWRBIOTZAXX01,BIOTZAXX,2047,0.12680056093881473
GLOBAL,S3D6,PWRBIOTZAXX01,BIOTZAXX,2048,1.4137497909863799
GLOBAL,S3D6,PWRBIOTZAXX01,BIOTZAXX,2049,0.0965331739936082
GLOBAL,S3D6,PWRBIOTZAXX01,BIOTZAXX,2050,0.08139373282123023
GLOBAL,S3D6,PWRGEOKENXX01,GEOKENXX,2021,0.8924917872650484
GLOBAL,S3D6,PWRGEOKENXX01,GEOKENXX,2022,0.9724917872650486
GLOBAL,S3D6,PWRGEOKENXX01,GEOKENXX,2023,0.9481815943374631
GLOBAL,S3D6,PWRGEOKENXX01,GEOKENXX,2024,1.7878175705896104
GLOBAL,S3D6,PWRGEOKENXX01,GEOKENXX,2025,1.1074477764354238
GLOBAL,S3D6,PWRGEOKENXX01,GEOKENXX,2026,1.2778477764354241
GLOBAL,S3D6,PWRGEOKENXX01,GEOKENXX,2027,2.140275122671816
GLOBAL,S3D6,PWRGEOKENXX01,GEOKENXX,2028,1.724722631853024
GLOBAL,S3D6,PWRGEOKENXX01,GEOKENXX,2029,2.312802824071889
GLOBAL,S3D6,PWRGEOKENXX01,GEOKENXX,2030,1.9598477764354243
GLOBAL,S3D6,PWRGEOKENXX01,GEOKENXX,2031,2.717157937733966
GLOBAL,S3D6,PWRGEOKENXX01,GEOKENXX,2032,2.352247776435424
GLOBAL,S3D6,PWRGEOKENXX01,GEOKENXX,2033,2.5486477764354243
GLOBAL,S3D6,PWRGEOKENXX01,GEOKENXX,2034,2.7450477764354244
GLOBAL,S3D6,PWRGEOKENXX01,GEOKENXX,2035,1.402679913073978
GLOBAL,S3D6,PWRGEOKENXX01,GEOKENXX,2036,1.6298799130739787
GLOBAL,S3D6,PWRGEOKENXX01,GEOKENXX,2037,3.3950477764354243
GLOBAL,S3D6,PWRGEOKENXX01,GEOKENXX,2038,3.429742879801324
GLOBAL,S3D6,PWRGEOKENXX01,GEOKENXX,2039,1.9340877834574997
GLOBAL,S3D6,PWRGEOKENXX01,GEOKENXX,2040,3.760900264098797
GLOBAL,S3D6,PWRGEOKENXX01,GEOKENXX,2041,3.9692134949646403
GLOBAL,S3D6,PWRGEOKENXX01,GEOKENXX,2042,4.228022032189578
GLOBAL,S3D6,PWRGEOKENXX01,GEOKENXX,2043,4.487198195177624
GLOBAL,S3D6,PWRGEOKENXX01,GEOKENXX,2044,4.746374358165667
GLOBAL,S3D6,PWRGEOKENXX01,GEOKENXX,2045,5.005550521153711
GLOBAL,S3D6,PWRGEOKENXX01,GEOKENXX,2046,5.330531695737298
GLOBAL,S3D6,PWRGEOKENXX01,GEOKENXX,2047,1.9974357282690436
GLOBAL,S3D6,PWRGEOKENXX01,GEOKENXX,2048,6.077414395087395
GLOBAL,S3D6,PWRGEOKENXX01,GEOKENXX,2049,2.3887353485447678
GLOBAL,S3D6,PWRGEOKENXX01,GEOKENXX,2050,2.541635384338323
GLOBAL,S3D6,PWRGEOTZAXX01,GEOTZAXX,2021,0.6623386394680807
GLOBAL,S3D6,PWRGEOTZAXX01,GEOTZAXX,2022,1.0389313114994794
GLOBAL,S3D6,PWRGEOTZAXX01,GEOTZAXX,2023,1.1801229926216248
GLOBAL,S3D6,PWRGEOTZAXX01,GEOTZAXX,2024,2.32818238101504
GLOBAL,S3D6,PWRGEOTZAXX01,GEOTZAXX,2025,2.5249823810150405
GLOBAL,S3D6,PWRGEOTZAXX01,GEOTZAXX,2026,2.7749823810150396
GLOBAL,S3D6,PWRGEOTZAXX01,GEOTZAXX,2027,3.4156
GLOBAL,S3D6,PWRGEOTZAXX01,GEOTZAXX,2028,3.27458238101504
GLOBAL,S3D6,PWRGEOTZAXX01,GEOTZAXX,2029,3.52458238101504
GLOBAL,S3D6,PWRGEOTZAXX01,GEOTZAXX,2030,3.774582381015041
GLOBAL,S3D6,PWRGEOTZAXX01,GEOTZAXX,2031,4.07658238101504
GLOBAL,S3D6,PWRGEOTZAXX01,GEOTZAXX,2032,4.378982381015039
GLOBAL,S3D6,PWRGEOTZAXX01,GEOTZAXX,2033,4.681382381015039
GLOBAL,S3D6,PWRGEOTZAXX01,GEOTZAXX,2034,4.98338238101504
GLOBAL,S3D6,PWRGEOTZAXX01,GEOTZAXX,2035,5.28578238101504
GLOBAL,S3D6,PWRGEOTZAXX01,GEOTZAXX,2036,5.64498238101504
GLOBAL,S3D6,PWRGEOTZAXX01,GEOTZAXX,2037,5.886521781636505
GLOBAL,S3D6,PWRGEOTZAXX01,GEOTZAXX,2038,6.291294762186515
GLOBAL,S3D6,PWRGEOTZAXX01,GEOTZAXX,2039,4.253535379949346
GLOBAL,S3D6,PWRGEOTZAXX01,GEOTZAXX,2040,7.015894683370929
GLOBAL,S3D6,PWRGEOTZAXX01,GEOTZAXX,2041,7.443957331687554
GLOBAL,S3D6,PWRGEOTZAXX01,GEOTZAXX,2042,7.8720199800041835
GLOBAL,S3D6,PWRGEOTZAXX01,GEOTZAXX,2043,8.300082628320807
GLOBAL,S3D6,PWRGEOTZAXX01,GEOTZAXX,2044,8.728548728709365
GLOBAL,S3D6,PWRGEOTZAXX01,GEOTZAXX,2045,9.156611377025992
GLOBAL,S3D6,PWRGEOTZAXX01,GEOTZAXX,2046,9.687957755756422
GLOBAL,S3D6,PWRGEOTZAXX01,GEOTZAXX,2047,10.219304134486869
GLOBAL,S3D6,PWRGEOTZAXX01,GEOTZAXX,2048,10.750650513217304
GLOBAL,S3D6,PWRGEOTZAXX01,GEOTZAXX,2049,11.281593439875817
GLOBAL,S3D6,PWRGEOTZAXX01,GEOTZAXX,2050,11.81293981860626
GLOBAL,S3D6,PWRHYDKENXX01,HYDKENXX,2021,0.803677368146976
GLOBAL,S3D6,PWRHYDKENXX01,HYDKENXX,2022,0.803677368146976
GLOBAL,S3D6,PWRHYDKENXX01,HYDKENXX,2023,0.803677368146976
GLOBAL,S3D6,PWRHYDKENXX01,HYDKENXX,2025,0.803677368146976
GLOBAL,S3D6,PWRHYDKENXX01,HYDKENXX,2026,0.803677368146976
GLOBAL,S3D6,PWRHYDKENXX01,HYDKENXX,2027,0.11165002191058401
GLOBAL,S3D6,PWRHYDKENXX01,HYDKENXX,2028,0.803677368146976
GLOBAL,S3D6,PWRHYDKENXX01,HYDKENXX,2029,0.280322320510511
GLOBAL,S3D6,PWRHYDKENXX01,HYDKENXX,2030,0.803677368146976
GLOBAL,S3D6,PWRHYDKENXX01,HYDKENXX,2031,0.24236720684843416
GLOBAL,S3D6,PWRHYDKENXX01,HYDKENXX,2032,0.803677368146976
GLOBAL,S3D6,PWRHYDKENXX01,HYDKENXX,2033,0.803677368146976
GLOBAL,S3D6,PWRHYDKENXX01,HYDKENXX,2034,0.803677368146976
GLOBAL,S3D6,PWRHYDKENXX01,HYDKENXX,2035,0.803677368146976
GLOBAL,S3D6,PWRHYDKENXX01,HYDKENXX,2036,0.803677368146976
GLOBAL,S3D6,PWRHYDKENXX01,HYDKENXX,2037,0.803677368146976
GLOBAL,S3D6,PWRHYDKENXX01,HYDKENXX,2038,0.23191665907379358
GLOBAL,S3D6,PWRHYDKENXX01,HYDKENXX,2039,0.803677368146976
GLOBAL,S3D6,PWRHYDKENXX01,HYDKENXX,2040,0.23191665907379358
GLOBAL,S3D6,PWRHYDKENXX01,HYDKENXX,2041,0.803677368146976
GLOBAL,S3D6,PWRHYDKENXX01,HYDKENXX,2042,0.803677368146976
GLOBAL,S3D6,PWRHYDKENXX01,HYDKENXX,2043,0.803677368146976
GLOBAL,S3D6,PWRHYDKENXX01,HYDKENXX,2044,0.803677368146976
GLOBAL,S3D6,PWRHYDKENXX01,HYDKENXX,2045,0.803677368146976
GLOBAL,S3D6,PWRHYDKENXX01,HYDKENXX,2046,0.7539478343169302
GLOBAL,S3D6,PWRHYDKENXX01,HYDKENXX,2047,0.803677368146976
GLOBAL,S3D6,PWRHYDKENXX01,HYDKENXX,2049,0.803677368146976
GLOBAL,S3D6,PWRHYDKENXX01,HYDKENXX,2050,0.803677368146976
GLOBAL,S3D6,PWRHYDTZAXX01,HYDTZAXX,2021,0.39101761898496
GLOBAL,S3D6,PWRHYDTZAXX01,HYDTZAXX,2022,0.39101761898496
GLOBAL,S3D6,PWRHYDTZAXX01,HYDTZAXX,2023,0.39101761898496
GLOBAL,S3D6,PWRHYDTZAXX01,HYDTZAXX,2024,0.39101761898496
GLOBAL,S3D6,PWRHYDTZAXX01,HYDTZAXX,2025,0.39101761898496
GLOBAL,S3D6,PWRHYDTZAXX01,HYDTZAXX,2026,0.39101761898496
GLOBAL,S3D6,PWRHYDTZAXX01,HYDTZAXX,2028,0.39101761898496
GLOBAL,S3D6,PWRHYDTZAXX01,HYDTZAXX,2029,0.39101761898496
GLOBAL,S3D6,PWRHYDTZAXX01,HYDTZAXX,2030,0.39101761898496
GLOBAL,S3D6,PWRHYDTZAXX01,HYDTZAXX,2031,0.39101761898496
GLOBAL,S3D6,PWRHYDTZAXX01,HYDTZAXX,2032,0.39101761898496
GLOBAL,S3D6,PWRHYDTZAXX01,HYDTZAXX,2033,0.39101761898496
GLOBAL,S3D6,PWRHYDTZAXX01,HYDTZAXX,2034,0.39101761898496
GLOBAL,S3D6,PWRHYDTZAXX01,HYDTZAXX,2035,0.39101761898496
GLOBAL,S3D6,PWRHYDTZAXX01,HYDTZAXX,2036,0.39101761898496
GLOBAL,S3D6,PWRHYDTZAXX01,HYDTZAXX,2037,0.39101761898496
GLOBAL,S3D6,PWRHYDTZAXX01,HYDTZAXX,2038,0.39101761898496
GLOBAL,S3D6,PWRHYDTZAXX01,HYDTZAXX,2039,0.39101761898496
GLOBAL,S3D6,PWRHYDTZAXX01,HYDTZAXX,2043,0.39101761898496
GLOBAL,S3D6,PWRHYDTZAXX01,HYDTZAXX,2045,0.39101761898496
GLOBAL,S3D6,PWRHYDTZAXX01,HYDTZAXX,2047,0.39101761898496
GLOBAL,S3D6,PWRHYDTZAXX01,HYDTZAXX,2049,0.39101761898496
GLOBAL,S3D6,PWRHYDTZAXX01,HYDTZAXX,2050,0.39101761898496
GLOBAL,S3D6,PWRTRNKENXX,ELCKENXX01,2021,1.8400000000000003
GLOBAL,S3D6,PWRTRNKENXX,ELCKENXX01,2022,1.92
GLOBAL,S3D6,PWRTRNKENXX,ELCKENXX01,2023,1.9099489304844395
GLOBAL,S3D6,PWRTRNKENXX,ELCKENXX01,2024,1.9599999999999997
GLOBAL,S3D6,PWRTRNKENXX,ELCKENXX01,2025,2.0172
GLOBAL,S3D6,PWRTRNKENXX,ELCKENXX01,2026,2.1876
GLOBAL,S3D6,PWRTRNKENXX,ELCKENXX01,2027,2.358
GLOBAL,S3D6,PWRTRNKENXX,ELCKENXX01,2028,2.5284
GLOBAL,S3D6,PWRTRNKENXX,ELCKENXX01,2029,2.6992
GLOBAL,S3D6,PWRTRNKENXX,ELCKENXX01,2030,2.8696
GLOBAL,S3D6,PWRTRNKENXX,ELCKENXX01,2031,3.0656
GLOBAL,S3D6,PWRTRNKENXX,ELCKENXX01,2032,3.2620000000000005
GLOBAL,S3D6,PWRTRNKENXX,ELCKENXX01,2033,3.4584
GLOBAL,S3D6,PWRTRNKENXX,ELCKENXX01,2034,3.6548000000000003
GLOBAL,S3D6,PWRTRNKENXX,ELCKENXX01,2035,3.8508
GLOBAL,S3D6,PWRTRNKENXX,ELCKENXX01,2036,4.078
GLOBAL,S3D6,PWRTRNKENXX,ELCKENXX01,2037,4.3048
GLOBAL,S3D6,PWRTRNKENXX,ELCKENXX01,2038,4.532
GLOBAL,S3D6,PWRTRNKENXX,ELCKENXX01,2039,4.7588
GLOBAL,S3D6,PWRTRNKENXX,ELCKENXX01,2040,4.986000000000001
GLOBAL,S3D6,PWRTRNKENXX,ELCKENXX01,2041,5.268
GLOBAL,S3D6,PWRTRNKENXX,ELCKENXX01,2042,5.549599999999999
GLOBAL,S3D6,PWRTRNKENXX,ELCKENXX01,2043,5.831600000000001
GLOBAL,S3D6,PWRTRNKENXX,ELCKENXX01,2044,6.1136
GLOBAL,S3D6,PWRTRNKENXX,ELCKENXX01,2045,6.3956
GLOBAL,S3D6,PWRTRNKENXX,ELCKENXX01,2046,6.7492
GLOBAL,S3D6,PWRTRNKENXX,ELCKENXX01,2047,7.103199999999999
GLOBAL,S3D6,PWRTRNKENXX,ELCKENXX01,2048,7.456799999999999
GLOBAL,S3D6,PWRTRNKENXX,ELCKENXX01,2049,7.8104
GLOBAL,S3D6,PWRTRNKENXX,ELCKENXX01,2050,8.164
GLOBAL,S3D6,PWRTRNTZAXX,ELCTZAXX01,2021,1.3099489304844392
GLOBAL,S3D6,PWRTRNTZAXX,ELCTZAXX01,2022,1.4299489304844393
GLOBAL,S3D6,PWRTRNTZAXX,ELCTZAXX01,2023,1.6
GLOBAL,S3D6,PWRTRNTZAXX,ELCTZAXX01,2024,2.7192
GLOBAL,S3D6,PWRTRNTZAXX,ELCTZAXX01,2025,2.9160000000000004
GLOBAL,S3D6,PWRTRNTZAXX,ELCTZAXX01,2026,3.1659999999999995
GLOBAL,S3D6,PWRTRNTZAXX,ELCTZAXX01,2027,3.4156
GLOBAL,S3D6,PWRTRNTZAXX,ELCTZAXX01,2028,3.6656
GLOBAL,S3D6,PWRTRNTZAXX,ELCTZAXX01,2029,3.9155999999999995
GLOBAL,S3D6,PWRTRNTZAXX,ELCTZAXX01,2030,4.1656
GLOBAL,S3D6,PWRTRNTZAXX,ELCTZAXX01,2031,4.4676
GLOBAL,S3D6,PWRTRNTZAXX,ELCTZAXX01,2032,4.769999999999999
GLOBAL,S3D6,PWRTRNTZAXX,ELCTZAXX01,2033,5.0724
GLOBAL,S3D6,PWRTRNTZAXX,ELCTZAXX01,2034,5.3744
GLOBAL,S3D6,PWRTRNTZAXX,ELCTZAXX01,2035,5.6768
GLOBAL,S3D6,PWRTRNTZAXX,ELCTZAXX01,2036,6.036
GLOBAL,S3D6,PWRTRNTZAXX,ELCTZAXX01,2037,6.3948
GLOBAL,S3D6,PWRTRNTZAXX,ELCTZAXX01,2038,6.754
GLOBAL,S3D6,PWRTRNTZAXX,ELCTZAXX01,2039,7.113200000000001
GLOBAL,S3D6,PWRTRNTZAXX,ELCTZAXX01,2040,7.4724
GLOBAL,S3D6,PWRTRNTZAXX,ELCTZAXX01,2041,7.896799999999999
GLOBAL,S3D6,PWRTRNTZAXX,ELCTZAXX01,2042,8.3212
GLOBAL,S3D6,PWRTRNTZAXX,ELCTZAXX01,2043,8.7456
GLOBAL,S3D6,PWRTRNTZAXX,ELCTZAXX01,2044,9.1704
GLOBAL,S3D6,PWRTRNTZAXX,ELCTZAXX01,2045,9.594799999999998
GLOBAL,S3D6,PWRTRNTZAXX,ELCTZAXX01,2046,10.1216
GLOBAL,S3D6,PWRTRNTZAXX,ELCTZAXX01,2047,10.6484
GLOBAL,S3D6,PWRTRNTZAXX,ELCTZAXX01,2048,11.175200000000002
GLOBAL,S3D6,PWRTRNTZAXX,ELCTZAXX01,2049,11.7016
GLOBAL,S3D6,PWRTRNTZAXX,ELCTZAXX01,2050,12.228399999999999
GLOBAL,S3D6,PWRWONKENXX01,WONKENXX,2021,0.11497145619455999
GLOBAL,S3D6,PWRWONKENXX01,WONKENXX,2022,0.11497145619455999
GLOBAL,S3D6,PWRWONKENXX01,WONKENXX,2024,0.10607485541759999
GLOBAL,S3D6,PWRWONKENXX01,WONKENXX,2025,0.10607485541759999
GLOBAL,S3D6,PWRWONKENXX01,WONKENXX,2026,0.10607485541759999
GLOBAL,S3D6,PWRWONKENXX01,WONKENXX,2027,0.10607485541759999
GLOBAL,S3D6,PWRWONKENXX01,WONKENXX,2029,0.10607485541759999
GLOBAL,S3D6,PWRWONKENXX01,WONKENXX,2030,0.10607485541759999
GLOBAL,S3D6,PWRWONKENXX01,WONKENXX,2031,0.10607485541759999
GLOBAL,S3D6,PWRWONKENXX01,WONKENXX,2032,0.10607485541759999
GLOBAL,S3D6,PWRWONKENXX01,WONKENXX,2033,0.10607485541759999
GLOBAL,S3D6,PWRWONKENXX01,WONKENXX,2034,0.10607485541759999
GLOBAL,S3D6,PWRWONKENXX01,WONKENXX,2035,0.10607485541759999
GLOBAL,S3D6,PWRWONKENXX01,WONKENXX,2036,0.10607485541759999
GLOBAL,S3D6,PWRWONKENXX01,WONKENXX,2037,0.10607485541759999
GLOBAL,S3D6,PWRWONKENXX01,WONKENXX,2038,0.10607485541759999
GLOBAL,S3D6,PWRWONKENXX01,WONKENXX,2039,0.10607485541759999
GLOBAL,S3D6,PWRWONKENXX01,WONKENXX,2040,0.10607485541759999
GLOBAL,S3D6,PWRWONKENXX01,WONKENXX,2041,0.10607485541759999
GLOBAL,S3D6,PWRWONKENXX01,WONKENXX,2042,0.10607485541759999
GLOBAL,S3D6,PWRWONKENXX01,WONKENXX,2043,0.08617187433456021
GLOBAL,S3D6,PWRWONKENXX01,WONKENXX,2044,0.10607485541759999
GLOBAL,S3D6,PWRWONKENXX01,WONKENXX,2045,0.10607485541759999
GLOBAL,S3D6,PWRWONKENXX01,WONKENXX,2046,0.10607485541759999
GLOBAL,S3D6,PWRWONKENXX01,WONKENXX,2047,0.10607485541759999
GLOBAL,S3D6,TRNKENXXTZAXX,ELCKENXX02,2023,0.029948930484439275
GLOBAL,S3D6,TRNKENXXTZAXX,ELCTZAXX02,2021,0.029948930484439275
GLOBAL,S3D6,TRNKENXXTZAXX,ELCTZAXX02,2022,0.029948930484439275
